#include "FlagIndiaData.h"

#ifndef LV_ATTRIBUTE_MEM_ALIGN
#define LV_ATTRIBUTE_MEM_ALIGN
#endif

#ifndef LV_ATTRIBUTE_LARGE_CONST
#define LV_ATTRIBUTE_LARGE_CONST
#endif

namespace bitslate::geo::flags {

static const LV_ATTRIBUTE_MEM_ALIGN LV_ATTRIBUTE_LARGE_CONST uint8_t FLAG_INDIA_IMAGE_DATA[] = {
    0x00,0x00,0x00,0x00,0x00,0x00,0x00,0x00,0xE7,0x79,0x26,0xFB,0x26,0xCB,0x26,0xFB,
    0x26,0xFB,0x26,0xFB,0x26,0xFB,0x26,0xFB,0x26,0xFB,0x26,0xFB,0x26,0xFB,0x26,0xFB,
    0x26,0xFB,0x26,0xFB,0x26,0xFB,0x26,0xFB,0x26,0xFB,0x26,0xFB,0x26,0xFB,0x26,0xFB,
    0x26,0xFB,0x26,0xFB,0x26,0xFB,0x26,0xFB,0x26,0xFB,0x26,0xFB,0x26,0xFB,0x26,0xFB,
    0x26,0xFB,0x26,0xFB,0x26,0xFB,0x26,0xFB,0x26,0xFB,0x26,0xFB,0x26,0xFB,0x26,0xFB,
    0x26,0xFB,0x26,0xFB,0x26,0xFB,0x26,0xFB,0x26,0xFB,0x26,0xFB,0x26,0xFB,0x26,0xFB,
    0x26,0xFB,0x26,0xFB,0x26,0xFB,0x26,0xFB,0x26,0xFB,0x26,0xFB,0x26,0xFB,0x26,0xFB,
    0x26,0xFB,0x26,0xFB,0x26,0xFB,0x26,0xFB,0x26,0xFB,0x26,0xFB,0x26,0xFB,0x26,0xFB,
    0x26,0xFB,0x26,0xFB,0x26,0xFB,0x26,0xFB,0x26,0xFB,0x26,0xFB,0x26,0xFB,0x26,0xFB,
    0x26,0xFB,0x26,0xFB,0x26,0xFB,0x26,0xFB,0x26,0xFB,0x26,0xFB,0x26,0xFB,0x26,0xFB,
    0x26,0xFB,0x26,0xFB,0x26,0xFB,0x26,0xFB,0x26,0xFB,0x26,0xFB,0x26,0xFB,0x26,0xFB,
    0x26,0xFB,0x26,0xFB,0x26,0xFB,0x26,0xFB,0x26,0xFB,0x26,0xFB,0x26,0xFB,0x26,0xFB,
    0x26,0xFB,0x26,0xFB,0x26,0xFB,0x26,0xFB,0x26,0xFB,0x26,0xFB,0x26,0xFB,0x26,0xFB,
    0x26,0xFB,0x26,0xFB,0x26,0xFB,0x26,0xFB,0x26,0xFB,0x26,0xFB,0x26,0xFB,0x26,0xFB,
    0x26,0xFB,0x26,0xFB,0x26,0xFB,0x26,0xFB,0x26,0xFB,0x26,0xFB,0x26,0xFB,0x26,0xFB,
    0x26,0xFB,0x26,0xFB,0x26,0xFB,0x26,0xFB,0x26,0xFB,0x26,0xFB,0x26,0xFB,0x26,0xFB,
    0x26,0xFB,0x26,0xFB,0x26,0xFB,0x26,0xFB,0x26,0xFB,0x26,0xFB,0x26,0xFB,0x26,0xFB,
    0x26,0xFB,0x26,0xFB,0x26,0xFB,0x26,0xFB,0x26,0xFB,0x26,0xFB,0x26,0xFB,0x26,0xFB,
    0x26,0xFB,0x26,0xFB,0x26,0xFB,0x26,0xFB,0x26,0xFB,0x26,0xFB,0x26,0xFB,0x26,0xFB,
    0x26,0xFB,0x26,0xFB,0x26,0xFB,0x26,0xFB,0x26,0xFB,0x26,0xFB,0x26,0xFB,0x26,0xFB,
    0x26,0xFB,0x26,0xFB,0x26,0xFB,0x26,0xFB,0x26,0xFB,0x26,0xFB,0x26,0xFB,0x26,0xFB,
    0x26,0xFB,0x26,0xFB,0x26,0xFB,0x26,0xFB,0x26,0xFB,0x26,0xFB,0x26,0xFB,0x26,0xFB,
    0x26,0xFB,0x26,0xFB,0x26,0xFB,0x26,0xFB,0x26,0xFB,0x26,0xFB,0x26,0xFB,0x26,0xFB,
    0x26,0xFB,0x26,0xFB,0x26,0xFB,0x26,0xFB,0x26,0xFB,0x26,0xFB,0x26,0xFB,0x26,0xFB,
    0x26,0xFB,0x26,0xFB,0x26,0xFB,0x26,0xFB,0x26,0xFB,0x26,0xFB,0x26,0xFB,0x26,0xFB,
    0x26,0xFB,0x26,0xFB,0x26,0xFB,0x26,0xFB,0x26,0xFB,0x26,0xFB,0x26,0xFB,0x26,0xFB,
    0x26,0xFB,0x26,0xFB,0x26,0xFB,0x26,0xFB,0x26,0xFB,0x26,0xFB,0x26,0xFB,0x26,0xFB,
    0x26,0xFB,0x26,0xFB,0x26,0xFB,0x26,0xFB,0x26,0xFB,0x26,0xFB,0x26,0xFB,0x26,0xFB,
    0x26,0xFB,0x26,0xFB,0x26,0xFB,0x26,0xFB,0x26,0xFB,0x26,0xFB,0x26,0xFB,0x26,0xFB,
    0x26,0xFB,0x26,0xFB,0x26,0xFB,0x26,0xFB,0x26,0xFB,0x26,0xFB,0x26,0xFB,0x26,0xFB,
    0x26,0xFB,0x26,0xFB,0x26,0xFB,0x26,0xFB,0x26,0xFB,0x26,0xFB,0x26,0xFB,0x26,0xFB,
    0x26,0xFB,0x26,0xFB,0x26,0xFB,0x26,0xFB,0x26,0xFB,0x26,0xFB,0x26,0xFB,0x26,0xFB,
    0x26,0xFB,0x26,0xFB,0x26,0xFB,0x26,0xFB,0x26,0xFB,0x26,0xFB,0x26,0xFB,0x26,0xCB,
    0x26,0xFB,0xE7,0xFB,0x00,0x00,0x00,0x00,0x00,0x00,0x00,0x00,0x00,0x00,0x00,0x00,
    0x00,0x00,0x00,0x00,0x00,0x00,0x00,0x00,0x00,0x00,0x00,0x00,0x00,0x00,0x00,0x00,
    0x00,0x00,0x00,0x00,0x00,0x00,0x00,0x00,0x00,0x00,0x00,0x00,0x00,0x00,0x00,0x00,
    0x00,0x00,0x00,0x00,0x00,0x00,0x00,0x00,0x00,0x00,0x00,0x00,0x00,0x00,0x00,0x00,
    0x00,0x00,0x00,0x00,0x00,0x00,0x00,0x00,0x00,0x00,0x00,0x00,0x00,0x00,0x00,0x00,
    0x00,0x00,0x00,0x00,0x00,0x00,0x00,0x00,0x00,0x00,0x00,0x00,0x00,0x00,0x00,0x00,
    0x00,0x00,0x00,0x00,0x00,0x00,0x00,0x00,0x00,0x00,0x00,0x00,0x00,0x00,0x00,0x00,
    0x00,0x00,0x00,0x00,0x00,0x00,0x00,0x00,0x00,0x00,0x00,0x00,0x00,0x00,0x00,0x00,
    0x00,0x00,0x00,0x00,0x00,0x00,0x00,0x00,0x00,0x00,0x00,0x00,0x00,0x00,0x00,0x00,
    0x00,0x00,0x00,0x00,0x00,0x00,0x00,0x00,0x00,0x00,0x00,0x00,0x00,0x00,0x00,0x00,
    0x00,0x00,0x00,0x00,0x00,0x00,0x00,0x00,0x00,0x00,0x00,0x00,0x00,0x00,0x00,0x00,
    0x00,0x00,0x00,0x00,0x00,0x00,0x00,0x00,0x00,0x00,0x00,0x00,0x00,0x00,0x00,0x00,
    0x00,0x00,0x00,0x00,0x00,0x00,0x00,0x00,0x00,0x00,0x00,0x00,0x00,0x00,0x00,0x00,
    0x00,0x00,0x00,0x00,0x00,0x00,0x00,0x00,0x00,0x00,0x00,0x00,0x00,0x00,0x00,0x00,
    0x00,0x00,0x00,0x00,0x00,0x00,0x00,0x00,0x00,0x00,0x00,0x00,0x00,0x00,0x00,0x00,
    0x00,0x00,0x00,0x00,0x00,0x00,0x00,0x00,0x00,0x00,0x00,0x00,0x00,0x00,0x00,0x00,
    0x00,0x00,0x00,0x00,0x00,0x00,0x00,0x00,0x00,0x00,0x00,0x00,0x00,0x00,0x00,0x00,
    0x00,0x00,0x00,0x00,0x00,0x00,0x00,0x00,0x00,0x00,0x00,0x00,0x00,0x00,0x00,0x00,
    0x00,0x00,0x00,0x00,0x00,0x00,0x00,0x00,0x00,0x00,0x00,0x00,0x00,0x00,0x00,0x00,
    0x00,0x00,0x00,0x00,0x00,0x00,0x00,0x00,0x00,0x00,0x00,0x00,0x00,0x00,0x00,0x00,
    0x00,0x00,0x00,0x00,0x00,0x00,0x00,0x00,0x00,0x00,0x00,0x00,0x00,0x00,0x00,0x00,
    0x00,0x00,0x00,0x00,0x00,0x00,0x00,0x00,0x00,0x00,0x00,0x00,0x00,0x00,0x00,0x00,
    0x00,0x00,0x00,0x00,0x00,0x00,0x00,0x00,0x00,0x00,0x00,0x00,0x00,0x00,0x00,0x00,
    0x00,0x00,0x00,0x00,0x00,0x00,0x00,0x00,0x00,0x00,0x00,0x00,0x00,0x00,0x00,0x00,
    0x00,0x00,0x00,0x00,0x00,0x00,0x00,0x00,0x00,0x00,0x00,0x00,0x00,0x00,0x00,0x00,
    0x00,0x00,0x00,0x00,0x00,0x00,0x00,0x00,0x00,0x00,0x00,0x00,0x00,0x00,0x00,0x00,
    0x00,0x00,0x00,0x00,0x00,0x00,0x00,0x00,0x00,0x00,0x00,0x00,0x00,0x00,0x00,0x00,
    0x00,0x00,0x00,0x00,0x00,0x00,0x00,0x00,0x00,0x00,0x00,0x00,0x00,0x00,0x00,0x00,
    0x00,0x00,0x00,0x00,0x00,0x00,0x00,0x00,0x00,0x00,0x00,0x00,0x00,0x00,0x00,0x00,
    0x00,0x00,0x00,0x00,0x00,0x00,0x00,0x00,0x00,0x00,0x00,0x00,0x00,0x00,0x00,0x00,
    0x00,0x00,0x00,0x00,0x00,0x00,0x00,0x00,0x00,0x00,0x00,0x00,0x00,0x00,0x00,0x00,
    0x00,0x00,0x00,0x00,0x00,0x00,0x00,0x00,0x00,0x00,0x00,0x00,0x00,0x00,0x00,0x00,
    0x00,0x00,0x00,0x00,0x00,0x00,0x00,0x00,0x00,0x00,0x00,0x00,0x00,0x00,0x00,0x00,
    0x00,0x00,0x00,0x00,0x00,0x00,0x00,0x00,0x00,0x00,0x00,0x00,0x00,0x00,0x00,0x00,
    0x00,0x00,0x00,0x00,0x00,0x00,0x00,0x00,0x00,0x00,0x00,0x00,0xE0,0x7B,0x00,0x00,
    0x83,0x92,0xC4,0xE3,0x64,0xDB,0x64,0xDB,0x64,0xDB,0x64,0xDB,0x64,0xDB,0x64,0xDB,
    0x64,0xDB,0x64,0xDB,0x64,0xDB,0x64,0xDB,0x64,0xDB,0x64,0xDB,0x64,0xDB,0x64,0xDB,
    0x64,0xDB,0x64,0xDB,0x64,0xDB,0x64,0xDB,0x64,0xDB,0x64,0xDB,0x64,0xDB,0x64,0xDB,
    0x64,0xDB,0x64,0xDB,0x64,0xDB,0x64,0xDB,0x64,0xDB,0x64,0xDB,0x64,0xDB,0x64,0xDB,
    0x64,0xDB,0x64,0xDB,0x64,0xDB,0x64,0xDB,0x64,0xDB,0x64,0xDB,0x64,0xDB,0x64,0xDB,
    0x64,0xDB,0x64,0xDB,0x64,0xDB,0x64,0xDB,0x64,0xDB,0x64,0xDB,0x64,0xDB,0x64,0xDB,
    0x64,0xDB,0x64,0xDB,0x64,0xDB,0x64,0xDB,0x64,0xDB,0x64,0xDB,0x64,0xDB,0x64,0xDB,
    0x64,0xDB,0x64,0xDB,0x64,0xDB,0x64,0xDB,0x64,0xDB,0x64,0xDB,0x64,0xDB,0x64,0xDB,
    0x64,0xDB,0x64,0xDB,0x64,0xDB,0x64,0xDB,0x64,0xDB,0x64,0xDB,0x64,0xDB,0x64,0xDB,
    0x64,0xDB,0x64,0xDB,0x64,0xDB,0x64,0xDB,0x64,0xDB,0x64,0xDB,0x64,0xDB,0x64,0xDB,
    0x64,0xDB,0x64,0xDB,0x64,0xDB,0x64,0xDB,0x64,0xDB,0x64,0xDB,0x64,0xDB,0x64,0xDB,
    0x64,0xDB,0x64,0xDB,0x64,0xDB,0x64,0xDB,0x64,0xDB,0x64,0xDB,0x64,0xDB,0x64,0xDB,
    0x64,0xDB,0x64,0xDB,0x64,0xDB,0x64,0xDB,0x64,0xDB,0x64,0xDB,0x64,0xDB,0x64,0xDB,
    0x64,0xDB,0x64,0xDB,0x64,0xDB,0x64,0xDB,0x64,0xDB,0x64,0xDB,0x64,0xDB,0x64,0xDB,
    0x64,0xDB,0x64,0xDB,0x64,0xDB,0x64,0xDB,0x64,0xDB,0x64,0xDB,0x64,0xDB,0x64,0xDB,
    0x64,0xDB,0x64,0xDB,0x64,0xDB,0x64,0xDB,0x64,0xDB,0x64,0xDB,0x64,0xDB,0x64,0xDB,
    0x64,0xDB,0x64,0xDB,0x64,0xDB,0x64,0xDB,0x64,0xDB,0x64,0xDB,0x64,0xDB,0x64,0xDB,
    0x64,0xDB,0x64,0xDB,0x64,0xDB,0x64,0xDB,0x64,0xDB,0x64,0xDB,0x64,0xDB,0x64,0xDB,
    0x64,0xDB,0x64,0xDB,0x64,0xDB,0x64,0xDB,0x64,0xDB,0x64,0xDB,0x64,0xDB,0x64,0xDB,
    0x64,0xDB,0x64,0xDB,0x64,0xDB,0x64,0xDB,0x64,0xDB,0x64,0xDB,0x64,0xDB,0x64,0xDB,
    0x64,0xDB,0x64,0xDB,0x64,0xDB,0x64,0xDB,0x64,0xDB,0x64,0xDB,0x64,0xDB,0x64,0xDB,
    0x64,0xDB,0x64,0xDB,0x64,0xDB,0x64,0xDB,0x64,0xDB,0x64,0xDB,0x64,0xDB,0x64,0xDB,
    0x64,0xDB,0x64,0xDB,0x64,0xDB,0x64,0xDB,0x64,0xDB,0x64,0xDB,0x64,0xDB,0x64,0xDB,
    0x64,0xDB,0x64,0xDB,0x64,0xDB,0x64,0xDB,0x64,0xDB,0x64,0xDB,0x64,0xDB,0x64,0xDB,
    0x64,0xDB,0x64,0xDB,0x64,0xDB,0x64,0xDB,0x64,0xDB,0x64,0xDB,0x64,0xDB,0x64,0xDB,
    0x64,0xDB,0x64,0xDB,0x64,0xDB,0x64,0xDB,0x64,0xDB,0x64,0xDB,0x64,0xDB,0x64,0xDB,
    0x64,0xDB,0x64,0xDB,0x64,0xDB,0x64,0xDB,0x64,0xDB,0x64,0xDB,0x64,0xDB,0x64,0xDB,
    0x64,0xDB,0x64,0xDB,0x64,0xDB,0x64,0xDB,0x64,0xDB,0x64,0xDB,0x64,0xDB,0x64,0xDB,
    0x64,0xDB,0x64,0xDB,0x64,0xDB,0x64,0xDB,0x64,0xDB,0x64,0xDB,0x64,0xDB,0x64,0xDB,
    0x64,0xDB,0x64,0xDB,0x64,0xDB,0x64,0xDB,0x64,0xDB,0x64,0xDB,0x64,0xDB,0x64,0xDB,
    0x64,0xDB,0x64,0xDB,0x64,0xDB,0x64,0xDB,0x64,0xDB,0x64,0xDB,0x64,0xDB,0x64,0xDB,
    0x64,0xDB,0x64,0xDB,0x64,0xDB,0x64,0xDB,0x64,0xDB,0x64,0xDB,0x64,0xDB,0x64,0xDB,
    0x64,0xDB,0x64,0xDB,0x64,0xDB,0x64,0xDB,0xA4,0xE3,0x64,0xDB,0x00,0x00,0xE0,0x7B,
    0x00,0x00,0x00,0x00,0x00,0x00,0x00,0x00,0xA0,0xFA,0x00,0x00,0xC4,0xA2,0x85,0xFC,
    0x25,0xFC,0x45,0xFC,0x45,0xFC,0x45,0xFC,0x45,0xFC,0x45,0xFC,0x45,0xFC,0x45,0xFC,
    0x45,0xFC,0x45,0xFC,0x45,0xFC,0x45,0xFC,0x45,0xFC,0x45,0xFC,0x45,0xFC,0x45,0xFC,
    0x45,0xFC,0x45,0xFC,0x45,0xFC,0x45,0xFC,0x45,0xFC,0x45,0xFC,0x45,0xFC,0x45,0xFC,
    0x45,0xFC,0x45,0xFC,0x45,0xFC,0x45,0xFC,0x45,0xFC,0x45,0xFC,0x45,0xFC,0x45,0xFC,
    0x45,0xFC,0x45,0xFC,0x45,0xFC,0x45,0xFC,0x45,0xFC,0x45,0xFC,0x45,0xFC,0x45,0xFC,
    0x45,0xFC,0x45,0xFC,0x45,0xFC,0x45,0xFC,0x45,0xFC,0x45,0xFC,0x45,0xFC,0x45,0xFC,
    0x45,0xFC,0x45,0xFC,0x45,0xFC,0x45,0xFC,0x45,0xFC,0x45,0xFC,0x45,0xFC,0x45,0xFC,
    0x45,0xFC,0x45,0xFC,0x45,0xFC,0x45,0xFC,0x45,0xFC,0x45,0xFC,0x45,0xFC,0x45,0xFC,
    0x45,0xFC,0x45,0xFC,0x45,0xFC,0x45,0xFC,0x45,0xFC,0x45,0xFC,0x45,0xFC,0x45,0xFC,
    0x45,0xFC,0x45,0xFC,0x45,0xFC,0x45,0xFC,0x45,0xFC,0x45,0xFC,0x45,0xFC,0x45,0xFC,
    0x45,0xFC,0x45,0xFC,0x45,0xFC,0x45,0xFC,0x45,0xFC,0x45,0xFC,0x45,0xFC,0x45,0xFC,
    0x45,0xFC,0x45,0xFC,0x45,0xFC,0x45,0xFC,0x45,0xFC,0x45,0xFC,0x45,0xFC,0x45,0xFC,
    0x45,0xFC,0x45,0xFC,0x45,0xFC,0x45,0xFC,0x45,0xFC,0x45,0xFC,0x45,0xFC,0x45,0xFC,
    0x45,0xFC,0x45,0xFC,0x45,0xFC,0x45,0xFC,0x45,0xFC,0x45,0xFC,0x45,0xFC,0x45,0xFC,
    0x45,0xFC,0x45,0xFC,0x45,0xFC,0x45,0xFC,0x45,0xFC,0x45,0xFC,0x45,0xFC,0x45,0xFC,
    0x45,0xFC,0x45,0xFC,0x45,0xFC,0x45,0xFC,0x45,0xFC,0x45,0xFC,0x45,0xFC,0x45,0xFC,
    0x45,0xFC,0x45,0xFC,0x45,0xFC,0x45,0xFC,0x45,0xFC,0x45,0xFC,0x45,0xFC,0x45,0xFC,
    0x45,0xFC,0x45,0xFC,0x45,0xFC,0x45,0xFC,0x45,0xFC,0x45,0xFC,0x45,0xFC,0x45,0xFC,
    0x45,0xFC,0x45,0xFC,0x45,0xFC,0x45,0xFC,0x45,0xFC,0x45,0xFC,0x45,0xFC,0x45,0xFC,
    0x45,0xFC,0x45,0xFC,0x45,0xFC,0x45,0xFC,0x45,0xFC,0x45,0xFC,0x45,0xFC,0x45,0xFC,
    0x45,0xFC,0x45,0xFC,0x45,0xFC,0x45,0xFC,0x45,0xFC,0x45,0xFC,0x45,0xFC,0x45,0xFC,
    0x45,0xFC,0x45,0xFC,0x45,0xFC,0x45,0xFC,0x45,0xFC,0x45,0xFC,0x45,0xFC,0x45,0xFC,
    0x45,0xFC,0x45,0xFC,0x45,0xFC,0x45,0xFC,0x45,0xFC,0x45,0xFC,0x45,0xFC,0x45,0xFC,
    0x45,0xFC,0x45,0xFC,0x45,0xFC,0x45,0xFC,0x45,0xFC,0x45,0xFC,0x45,0xFC,0x45,0xFC,
    0x45,0xFC,0x45,0xFC,0x45,0xFC,0x45,0xFC,0x45,0xFC,0x45,0xFC,0x45,0xFC,0x45,0xFC,
    0x45,0xFC,0x45,0xFC,0x45,0xFC,0x45,0xFC,0x45,0xFC,0x45,0xFC,0x45,0xFC,0x45,0xFC,
    0x45,0xFC,0x45,0xFC,0x45,0xFC,0x45,0xFC,0x45,0xFC,0x45,0xFC,0x45,0xFC,0x45,0xFC,
    0x45,0xFC,0x45,0xFC,0x45,0xFC,0x45,0xFC,0x45,0xFC,0x45,0xFC,0x45,0xFC,0x45,0xFC,
    0x45,0xFC,0x45,0xFC,0x45,0xFC,0x45,0xFC,0x45,0xFC,0x45,0xFC,0x45,0xFC,0x45,0xFC,
    0x45,0xFC,0x45,0xFC,0x45,0xFC,0x45,0xFC,0x45,0xFC,0x45,0xFC,0x45,0xFC,0x45,0xFC,
    0x45,0xFC,0x45,0xFC,0x45,0xFC,0x45,0xFC,0x45,0xFC,0x45,0xFC,0x45,0xFC,0x45,0xFC,
    0x45,0xFC,0x45,0xFC,0x45,0xFC,0x45,0xFC,0x45,0xFC,0x45,0xFC,0x45,0xFC,0x45,0xFC,
    0x45,0xFC,0x25,0xFC,0x65,0xFC,0xE4,0xFB,0x00,0x00,0xA0,0xFA,0x00,0x00,0x00,0x00,
    0x00,0x00,0x00,0x00,0xA0,0xFA,0x00,0x00,0xC4,0xAA,0x45,0xFC,0xE4,0xFB,0xE4,0xFB,
    0xE4,0xFB,0xE4,0xFB,0xE4,0xFB,0xE4,0xFB,0xE4,0xFB,0xE4,0xFB,0xE4,0xFB,0xE4,0xFB,
    0xE4,0xFB,0xE4,0xFB,0xE4,0xFB,0xE4,0xFB,0xE4,0xFB,0xE4,0xFB,0xE4,0xFB,0xE4,0xFB,
    0xE4,0xFB,0xE4,0xFB,0xE4,0xFB,0xE4,0xFB,0xE4,0xFB,0xE4,0xFB,0xE4,0xFB,0xE4,0xFB,
    0xE4,0xFB,0xE4,0xFB,0xE4,0xFB,0xE4,0xFB,0xE4,0xFB,0xE4,0xFB,0xE4,0xFB,0xE4,0xFB,
    0xE4,0xFB,0xE4,0xFB,0xE4,0xFB,0xE4,0xFB,0xE4,0xFB,0xE4,0xFB,0xE4,0xFB,0xE4,0xFB,
    0xE4,0xFB,0xE4,0xFB,0xE4,0xFB,0xE4,0xFB,0xE4,0xFB,0xE4,0xFB,0xE4,0xFB,0xE4,0xFB,
    0xE4,0xFB,0xE4,0xFB,0xE4,0xFB,0xE4,0xFB,0xE4,0xFB,0xE4,0xFB,0xE4,0xFB,0xE4,0xFB,
    0xE4,0xFB,0xE4,0xFB,0xE4,0xFB,0xE4,0xFB,0xE4,0xFB,0xE4,0xFB,0xE4,0xFB,0xE4,0xFB,
    0xE4,0xFB,0xE4,0xFB,0xE4,0xFB,0xE4,0xFB,0xE4,0xFB,0xE4,0xFB,0xE4,0xFB,0xE4,0xFB,
    0xE4,0xFB,0xE4,0xFB,0xE4,0xFB,0xE4,0xFB,0xE4,0xFB,0xE4,0xFB,0xE4,0xFB,0xE4,0xFB,
    0xE4,0xFB,0xE4,0xFB,0xE4,0xFB,0xE4,0xFB,0xE4,0xFB,0xE4,0xFB,0xE4,0xFB,0xE4,0xFB,
    0xE4,0xFB,0xE4,0xFB,0xE4,0xFB,0xE4,0xFB,0xE4,0xFB,0xE4,0xFB,0xE4,0xFB,0xE4,0xFB,
    0xE4,0xFB,0xE4,0xFB,0xE4,0xFB,0xE4,0xFB,0xE4,0xFB,0xE4,0xFB,0xE4,0xFB,0xE4,0xFB,
    0xE4,0xFB,0xE4,0xFB,0xE4,0xFB,0xE4,0xFB,0xE4,0xFB,0xE4,0xFB,0xE4,0xFB,0xE4,0xFB,
    0xE4,0xFB,0xE4,0xFB,0xE4,0xFB,0xE4,0xFB,0xE4,0xFB,0xE4,0xFB,0xE4,0xFB,0xE4,0xFB,
    0xE4,0xFB,0xE4,0xFB,0xE4,0xFB,0xE4,0xFB,0xE4,0xFB,0xE4,0xFB,0xE4,0xFB,0xE4,0xFB,
    0xE4,0xFB,0xE4,0xFB,0xE4,0xFB,0xE4,0xFB,0xE4,0xFB,0xE4,0xFB,0xE4,0xFB,0xE4,0xFB,
    0xE4,0xFB,0xE4,0xFB,0xE4,0xFB,0xE4,0xFB,0xE4,0xFB,0xE4,0xFB,0xE4,0xFB,0xE4,0xFB,
    0xE4,0xFB,0xE4,0xFB,0xE4,0xFB,0xE4,0xFB,0xE4,0xFB,0xE4,0xFB,0xE4,0xFB,0xE4,0xFB,
    0xE4,0xFB,0xE4,0xFB,0xE4,0xFB,0xE4,0xFB,0xE4,0xFB,0xE4,0xFB,0xE4,0xFB,0xE4,0xFB,
    0xE4,0xFB,0xE4,0xFB,0xE4,0xFB,0xE4,0xFB,0xE4,0xFB,0xE4,0xFB,0xE4,0xFB,0xE4,0xFB,
    0xE4,0xFB,0xE4,0xFB,0xE4,0xFB,0xE4,0xFB,0xE4,0xFB,0xE4,0xFB,0xE4,0xFB,0xE4,0xFB,
    0xE4,0xFB,0xE4,0xFB,0xE4,0xFB,0xE4,0xFB,0xE4,0xFB,0xE4,0xFB,0xE4,0xFB,0xE4,0xFB,
    0xE4,0xFB,0xE4,0xFB,0xE4,0xFB,0xE4,0xFB,0xE4,0xFB,0xE4,0xFB,0xE4,0xFB,0xE4,0xFB,
    0xE4,0xFB,0xE4,0xFB,0xE4,0xFB,0xE4,0xFB,0xE4,0xFB,0xE4,0xFB,0xE4,0xFB,0xE4,0xFB,
    0xE4,0xFB,0xE4,0xFB,0xE4,0xFB,0xE4,0xFB,0xE4,0xFB,0xE4,0xFB,0xE4,0xFB,0xE4,0xFB,
    0xE4,0xFB,0xE4,0xFB,0xE4,0xFB,0xE4,0xFB,0xE4,0xFB,0xE4,0xFB,0xE4,0xFB,0xE4,0xFB,
    0xE4,0xFB,0xE4,0xFB,0xE4,0xFB,0xE4,0xFB,0xE4,0xFB,0xE4,0xFB,0xE4,0xFB,0xE4,0xFB,
    0xE4,0xFB,0xE4,0xFB,0xE4,0xFB,0xE4,0xFB,0xE4,0xFB,0xE4,0xFB,0xE4,0xFB,0xE4,0xFB,
    0xE4,0xFB,0xE4,0xFB,0xE4,0xFB,0xE4,0xFB,0xE4,0xFB,0xE4,0xFB,0xE4,0xFB,0xE4,0xFB,
    0xE4,0xFB,0xE4,0xFB,0xE4,0xFB,0xE4,0xFB,0xE4,0xFB,0xE4,0xFB,0xE4,0xFB,0xE4,0xFB,
    0xE4,0xFB,0xE4,0xFB,0xE4,0xFB,0xE4,0xFB,0xE4,0xFB,0xE4,0xFB,0xE4,0xFB,0xE4,0xFB,
    0x25,0xFC,0x04,0xFC,0x00,0x00,0xA0,0xFA,0x00,0x00,0x00,0x00,0x00,0x00,0x00,0x00,
    0xA0,0xFA,0x00,0x00,0xC4,0xAA,0x25,0xFC,0xE4,0xFB,0xE4,0xFB,0xE4,0xFB,0xE4,0xFB,
    0xE4,0xFB,0xE4,0xFB,0xE4,0xFB,0xE4,0xFB,0xE4,0xFB,0xE4,0xFB,0xE4,0xFB,0xE4,0xFB,
    0xE4,0xFB,0xE4,0xFB,0xE4,0xFB,0xE4,0xFB,0xE4,0xFB,0xE4,0xFB,0xE4,0xFB,0xE4,0xFB,
    0xE4,0xFB,0xE4,0xFB,0xE4,0xFB,0xE4,0xFB,0xE4,0xFB,0xE4,0xFB,0xE4,0xFB,0xE4,0xFB,
    0xE4,0xFB,0xE4,0xFB,0xE4,0xFB,0xE4,0xFB,0xE4,0xFB,0xE4,0xFB,0xE4,0xFB,0xE4,0xFB,
    0xE4,0xFB,0xE4,0xFB,0xE4,0xFB,0xE4,0xFB,0xE4,0xFB,0xE4,0xFB,0xE4,0xFB,0xE4,0xFB,
    0xE4,0xFB,0xE4,0xFB,0xE4,0xFB,0xE4,0xFB,0xE4,0xFB,0xE4,0xFB,0xE4,0xFB,0xE4,0xFB,
    0xE4,0xFB,0xE4,0xFB,0xE4,0xFB,0xE4,0xFB,0xE4,0xFB,0xE4,0xFB,0xE4,0xFB,0xE4,0xFB,
    0xE4,0xFB,0xE4,0xFB,0xE4,0xFB,0xE4,0xFB,0xE4,0xFB,0xE4,0xFB,0xE4,0xFB,0xE4,0xFB,
    0xE4,0xFB,0xE4,0xFB,0xE4,0xFB,0xE4,0xFB,0xE4,0xFB,0xE4,0xFB,0xE4,0xFB,0xE4,0xFB,
    0xE4,0xFB,0xE4,0xFB,0xE4,0xFB,0xE4,0xFB,0xE4,0xFB,0xE4,0xFB,0xE4,0xFB,0xE4,0xFB,
    0xE4,0xFB,0xE4,0xFB,0xE4,0xFB,0xE4,0xFB,0xE4,0xFB,0xE4,0xFB,0xE4,0xFB,0xE4,0xFB,
    0xE4,0xFB,0xE4,0xFB,0xE4,0xFB,0xE4,0xFB,0xE4,0xFB,0xE4,0xFB,0xE4,0xFB,0xE4,0xFB,
    0xE4,0xFB,0xE4,0xFB,0xE4,0xFB,0xE4,0xFB,0xE4,0xFB,0xE4,0xFB,0xE4,0xFB,0xE4,0xFB,
    0xE4,0xFB,0xE4,0xFB,0xE4,0xFB,0xE4,0xFB,0xE4,0xFB,0xE4,0xFB,0xE4,0xFB,0xE4,0xFB,
    0xE4,0xFB,0xE4,0xFB,0xE4,0xFB,0xE4,0xFB,0xE4,0xFB,0xE4,0xFB,0xE4,0xFB,0xE4,0xFB,
    0xE4,0xFB,0xE4,0xFB,0xE4,0xFB,0xE4,0xFB,0xE4,0xFB,0xE4,0xFB,0xE4,0xFB,0xE4,0xFB,
    0xE4,0xFB,0xE4,0xFB,0xE4,0xFB,0xE4,0xFB,0xE4,0xFB,0xE4,0xFB,0xE4,0xFB,0xE4,0xFB,
    0xE4,0xFB,0xE4,0xFB,0xE4,0xFB,0xE4,0xFB,0xE4,0xFB,0xE4,0xFB,0xE4,0xFB,0xE4,0xFB,
    0xE4,0xFB,0xE4,0xFB,0xE4,0xFB,0xE4,0xFB,0xE4,0xFB,0xE4,0xFB,0xE4,0xFB,0xE4,0xFB,
    0xE4,0xFB,0xE4,0xFB,0xE4,0xFB,0xE4,0xFB,0xE4,0xFB,0xE4,0xFB,0xE4,0xFB,0xE4,0xFB,
    0xE4,0xFB,0xE4,0xFB,0xE4,0xFB,0xE4,0xFB,0xE4,0xFB,0xE4,0xFB,0xE4,0xFB,0xE4,0xFB,
    0xE4,0xFB,0xE4,0xFB,0xE4,0xFB,0xE4,0xFB,0xE4,0xFB,0xE4,0xFB,0xE4,0xFB,0xE4,0xFB,
    0xE4,0xFB,0xE4,0xFB,0xE4,0xFB,0xE4,0xFB,0xE4,0xFB,0xE4,0xFB,0xE4,0xFB,0xE4,0xFB,
    0xE4,0xFB,0xE4,0xFB,0xE4,0xFB,0xE4,0xFB,0xE4,0xFB,0xE4,0xFB,0xE4,0xFB,0xE4,0xFB,
    0xE4,0xFB,0xE4,0xFB,0xE4,0xFB,0xE4,0xFB,0xE4,0xFB,0xE4,0xFB,0xE4,0xFB,0xE4,0xFB,
    0xE4,0xFB,0xE4,0xFB,0xE4,0xFB,0xE4,0xFB,0xE4,0xFB,0xE4,0xFB,0xE4,0xFB,0xE4,0xFB,
    0xE4,0xFB,0xE4,0xFB,0xE4,0xFB,0xE4,0xFB,0xE4,0xFB,0xE4,0xFB,0xE4,0xFB,0xE4,0xFB,
    0xE4,0xFB,0xE4,0xFB,0xE4,0xFB,0xE4,0xFB,0xE4,0xFB,0xE4,0xFB,0xE4,0xFB,0xE4,0xFB,
    0xE4,0xFB,0xE4,0xFB,0xE4,0xFB,0xE4,0xFB,0xE4,0xFB,0xE4,0xFB,0xE4,0xFB,0xE4,0xFB,
    0xE4,0xFB,0xE4,0xFB,0xE4,0xFB,0xE4,0xFB,0xE4,0xFB,0xE4,0xFB,0xE4,0xFB,0xE4,0xFB,
    0xE4,0xFB,0xE4,0xFB,0xE4,0xFB,0xE4,0xFB,0xE4,0xFB,0xE4,0xFB,0xE4,0xFB,0xE4,0xFB,
    0xE4,0xFB,0xE4,0xFB,0xE4,0xFB,0xE4,0xFB,0xE4,0xFB,0xE4,0xFB,0x25,0xFC,0xE4,0xFB,
    0x00,0x00,0xA0,0xFA,0x00,0x00,0x00,0x00,0x00,0x00,0x00,0x00,0xA0,0xFA,0x00,0x00,
    0xC4,0xAA,0x25,0xFC,0xE4,0xFB,0xE4,0xFB,0xE4,0xFB,0xE4,0xFB,0xE4,0xFB,0xE4,0xFB,
    0xE4,0xFB,0xE4,0xFB,0xE4,0xFB,0xE4,0xFB,0xE4,0xFB,0xE4,0xFB,0xE4,0xFB,0xE4,0xFB,
    0xE4,0xFB,0xE4,0xFB,0xE4,0xFB,0xE4,0xFB,0xE4,0xFB,0xE4,0xFB,0xE4,0xFB,0xE4,0xFB,
    0xE4,0xFB,0xE4,0xFB,0xE4,0xFB,0xE4,0xFB,0xE4,0xFB,0xE4,0xFB,0xE4,0xFB,0xE4,0xFB,
    0xE4,0xFB,0xE4,0xFB,0xE4,0xFB,0xE4,0xFB,0xE4,0xFB,0xE4,0xFB,0xE4,0xFB,0xE4,0xFB,
    0xE4,0xFB,0xE4,0xFB,0xE4,0xFB,0xE4,0xFB,0xE4,0xFB,0xE4,0xFB,0xE4,0xFB,0xE4,0xFB,
    0xE4,0xFB,0xE4,0xFB,0xE4,0xFB,0xE4,0xFB,0xE4,0xFB,0xE4,0xFB,0xE4,0xFB,0xE4,0xFB,
    0xE4,0xFB,0xE4,0xFB,0xE4,0xFB,0xE4,0xFB,0xE4,0xFB,0xE4,0xFB,0xE4,0xFB,0xE4,0xFB,
    0xE4,0xFB,0xE4,0xFB,0xE4,0xFB,0xE4,0xFB,0xE4,0xFB,0xE4,0xFB,0xE4,0xFB,0xE4,0xFB,
    0xE4,0xFB,0xE4,0xFB,0xE4,0xFB,0xE4,0xFB,0xE4,0xFB,0xE4,0xFB,0xE4,0xFB,0xE4,0xFB,
    0xE4,0xFB,0xE4,0xFB,0xE4,0xFB,0xE4,0xFB,0xE4,0xFB,0xE4,0xFB,0xE4,0xFB,0xE4,0xFB,
    0xE4,0xFB,0xE4,0xFB,0xE4,0xFB,0xE4,0xFB,0xE4,0xFB,0xE4,0xFB,0xE4,0xFB,0xE4,0xFB,
    0xE4,0xFB,0xE4,0xFB,0xE4,0xFB,0xE4,0xFB,0xE4,0xFB,0xE4,0xFB,0xE4,0xFB,0xE4,0xFB,
    0xE4,0xFB,0xE4,0xFB,0xE4,0xFB,0xE4,0xFB,0xE4,0xFB,0xE4,0xFB,0xE4,0xFB,0xE4,0xFB,
    0xE4,0xFB,0xE4,0xFB,0xE4,0xFB,0xE4,0xFB,0xE4,0xFB,0xE4,0xFB,0xE4,0xFB,0xE4,0xFB,
    0xE4,0xFB,0xE4,0xFB,0xE4,0xFB,0xE4,0xFB,0xE4,0xFB,0xE4,0xFB,0xE4,0xFB,0xE4,0xFB,
    0xE4,0xFB,0xE4,0xFB,0xE4,0xFB,0xE4,0xFB,0xE4,0xFB,0xE4,0xFB,0xE4,0xFB,0xE4,0xFB,
    0xE4,0xFB,0xE4,0xFB,0xE4,0xFB,0xE4,0xFB,0xE4,0xFB,0xE4,0xFB,0xE4,0xFB,0xE4,0xFB,
    0xE4,0xFB,0xE4,0xFB,0xE4,0xFB,0xE4,0xFB,0xE4,0xFB,0xE4,0xFB,0xE4,0xFB,0xE4,0xFB,
    0xE4,0xFB,0xE4,0xFB,0xE4,0xFB,0xE4,0xFB,0xE4,0xFB,0xE4,0xFB,0xE4,0xFB,0xE4,0xFB,
    0xE4,0xFB,0xE4,0xFB,0xE4,0xFB,0xE4,0xFB,0xE4,0xFB,0xE4,0xFB,0xE4,0xFB,0xE4,0xFB,
    0xE4,0xFB,0xE4,0xFB,0xE4,0xFB,0xE4,0xFB,0xE4,0xFB,0xE4,0xFB,0xE4,0xFB,0xE4,0xFB,
    0xE4,0xFB,0xE4,0xFB,0xE4,0xFB,0xE4,0xFB,0xE4,0xFB,0xE4,0xFB,0xE4,0xFB,0xE4,0xFB,
    0xE4,0xFB,0xE4,0xFB,0xE4,0xFB,0xE4,0xFB,0xE4,0xFB,0xE4,0xFB,0xE4,0xFB,0xE4,0xFB,
    0xE4,0xFB,0xE4,0xFB,0xE4,0xFB,0xE4,0xFB,0xE4,0xFB,0xE4,0xFB,0xE4,0xFB,0xE4,0xFB,
    0xE4,0xFB,0xE4,0xFB,0xE4,0xFB,0xE4,0xFB,0xE4,0xFB,0xE4,0xFB,0xE4,0xFB,0xE4,0xFB,
    0xE4,0xFB,0xE4,0xFB,0xE4,0xFB,0xE4,0xFB,0xE4,0xFB,0xE4,0xFB,0xE4,0xFB,0xE4,0xFB,
    0xE4,0xFB,0xE4,0xFB,0xE4,0xFB,0xE4,0xFB,0xE4,0xFB,0xE4,0xFB,0xE4,0xFB,0xE4,0xFB,
    0xE4,0xFB,0xE4,0xFB,0xE4,0xFB,0xE4,0xFB,0xE4,0xFB,0xE4,0xFB,0xE4,0xFB,0xE4,0xFB,
    0xE4,0xFB,0xE4,0xFB,0xE4,0xFB,0xE4,0xFB,0xE4,0xFB,0xE4,0xFB,0xE4,0xFB,0xE4,0xFB,
    0xE4,0xFB,0xE4,0xFB,0xE4,0xFB,0xE4,0xFB,0xE4,0xFB,0xE4,0xFB,0xE4,0xFB,0xE4,0xFB,
    0xE4,0xFB,0xE4,0xFB,0xE4,0xFB,0xE4,0xFB,0xE4,0xFB,0xE4,0xFB,0xE4,0xFB,0xE4,0xFB,
    0xE4,0xFB,0xE4,0xFB,0xE4,0xFB,0xE4,0xFB,0x25,0xFC,0xE4,0xFB,0x00,0x00,0xA0,0xFA,
    0x00,0x00,0x00,0x00,0x00,0x00,0x00,0x00,0xA0,0xFA,0x00,0x00,0xC4,0xAA,0x25,0xFC,
    0xE4,0xFB,0xE4,0xFB,0xE4,0xFB,0xE4,0xFB,0xE4,0xFB,0xE4,0xFB,0xE4,0xFB,0xE4,0xFB,
    0xE4,0xFB,0xE4,0xFB,0xE4,0xFB,0xE4,0xFB,0xE4,0xFB,0xE4,0xFB,0xE4,0xFB,0xE4,0xFB,
    0xE4,0xFB,0xE4,0xFB,0xE4,0xFB,0xE4,0xFB,0xE4,0xFB,0xE4,0xFB,0xE4,0xFB,0xE4,0xFB,
    0xE4,0xFB,0xE4,0xFB,0xE4,0xFB,0xE4,0xFB,0xE4,0xFB,0xE4,0xFB,0xE4,0xFB,0xE4,0xFB,
    0xE4,0xFB,0xE4,0xFB,0xE4,0xFB,0xE4,0xFB,0xE4,0xFB,0xE4,0xFB,0xE4,0xFB,0xE4,0xFB,
    0xE4,0xFB,0xE4,0xFB,0xE4,0xFB,0xE4,0xFB,0xE4,0xFB,0xE4,0xFB,0xE4,0xFB,0xE4,0xFB,
    0xE4,0xFB,0xE4,0xFB,0xE4,0xFB,0xE4,0xFB,0xE4,0xFB,0xE4,0xFB,0xE4,0xFB,0xE4,0xFB,
    0xE4,0xFB,0xE4,0xFB,0xE4,0xFB,0xE4,0xFB,0xE4,0xFB,0xE4,0xFB,0xE4,0xFB,0xE4,0xFB,
    0xE4,0xFB,0xE4,0xFB,0xE4,0xFB,0xE4,0xFB,0xE4,0xFB,0xE4,0xFB,0xE4,0xFB,0xE4,0xFB,
    0xE4,0xFB,0xE4,0xFB,0xE4,0xFB,0xE4,0xFB,0xE4,0xFB,0xE4,0xFB,0xE4,0xFB,0xE4,0xFB,
    0xE4,0xFB,0xE4,0xFB,0xE4,0xFB,0xE4,0xFB,0xE4,0xFB,0xE4,0xFB,0xE4,0xFB,0xE4,0xFB,
    0xE4,0xFB,0xE4,0xFB,0xE4,0xFB,0xE4,0xFB,0xE4,0xFB,0xE4,0xFB,0xE4,0xFB,0xE4,0xFB,
    0xE4,0xFB,0xE4,0xFB,0xE4,0xFB,0xE4,0xFB,0xE4,0xFB,0xE4,0xFB,0xE4,0xFB,0xE4,0xFB,
    0xE4,0xFB,0xE4,0xFB,0xE4,0xFB,0xE4,0xFB,0xE4,0xFB,0xE4,0xFB,0xE4,0xFB,0xE4,0xFB,
    0xE4,0xFB,0xE4,0xFB,0xE4,0xFB,0xE4,0xFB,0xE4,0xFB,0xE4,0xFB,0xE4,0xFB,0xE4,0xFB,
    0xE4,0xFB,0xE4,0xFB,0xE4,0xFB,0xE4,0xFB,0xE4,0xFB,0xE4,0xFB,0xE4,0xFB,0xE4,0xFB,
    0xE4,0xFB,0xE4,0xFB,0xE4,0xFB,0xE4,0xFB,0xE4,0xFB,0xE4,0xFB,0xE4,0xFB,0xE4,0xFB,
    0xE4,0xFB,0xE4,0xFB,0xE4,0xFB,0xE4,0xFB,0xE4,0xFB,0xE4,0xFB,0xE4,0xFB,0xE4,0xFB,
    0xE4,0xFB,0xE4,0xFB,0xE4,0xFB,0xE4,0xFB,0xE4,0xFB,0xE4,0xFB,0xE4,0xFB,0xE4,0xFB,
    0xE4,0xFB,0xE4,0xFB,0xE4,0xFB,0xE4,0xFB,0xE4,0xFB,0xE4,0xFB,0xE4,0xFB,0xE4,0xFB,
    0xE4,0xFB,0xE4,0xFB,0xE4,0xFB,0xE4,0xFB,0xE4,0xFB,0xE4,0xFB,0xE4,0xFB,0xE4,0xFB,
    0xE4,0xFB,0xE4,0xFB,0xE4,0xFB,0xE4,0xFB,0xE4,0xFB,0xE4,0xFB,0xE4,0xFB,0xE4,0xFB,
    0xE4,0xFB,0xE4,0xFB,0xE4,0xFB,0xE4,0xFB,0xE4,0xFB,0xE4,0xFB,0xE4,0xFB,0xE4,0xFB,
    0xE4,0xFB,0xE4,0xFB,0xE4,0xFB,0xE4,0xFB,0xE4,0xFB,0xE4,0xFB,0xE4,0xFB,0xE4,0xFB,
    0xE4,0xFB,0xE4,0xFB,0xE4,0xFB,0xE4,0xFB,0xE4,0xFB,0xE4,0xFB,0xE4,0xFB,0xE4,0xFB,
    0xE4,0xFB,0xE4,0xFB,0xE4,0xFB,0xE4,0xFB,0xE4,0xFB,0xE4,0xFB,0xE4,0xFB,0xE4,0xFB,
    0xE4,0xFB,0xE4,0xFB,0xE4,0xFB,0xE4,0xFB,0xE4,0xFB,0xE4,0xFB,0xE4,0xFB,0xE4,0xFB,
    0xE4,0xFB,0xE4,0xFB,0xE4,0xFB,0xE4,0xFB,0xE4,0xFB,0xE4,0xFB,0xE4,0xFB,0xE4,0xFB,
    0xE4,0xFB,0xE4,0xFB,0xE4,0xFB,0xE4,0xFB,0xE4,0xFB,0xE4,0xFB,0xE4,0xFB,0xE4,0xFB,
    0xE4,0xFB,0xE4,0xFB,0xE4,0xFB,0xE4,0xFB,0xE4,0xFB,0xE4,0xFB,0xE4,0xFB,0xE4,0xFB,
    0xE4,0xFB,0xE4,0xFB,0xE4,0xFB,0xE4,0xFB,0xE4,0xFB,0xE4,0xFB,0xE4,0xFB,0xE4,0xFB,
    0xE4,0xFB,0xE4,0xFB,0xE4,0xFB,0xE4,0xFB,0xE4,0xFB,0xE4,0xFB,0xE4,0xFB,0xE4,0xFB,
    0xE4,0xFB,0xE4,0xFB,0x25,0xFC,0xE4,0xFB,0x00,0x00,0xA0,0xFA,0x00,0x00,0x00,0x00,
    0x00,0x00,0x00,0x00,0xA0,0xFA,0x00,0x00,0xC4,0xAA,0x25,0xFC,0xE4,0xFB,0xE4,0xFB,
    0xE4,0xFB,0xE4,0xFB,0xE4,0xFB,0xE4,0xFB,0xE4,0xFB,0xE4,0xFB,0xE4,0xFB,0xE4,0xFB,
    0xE4,0xFB,0xE4,0xFB,0xE4,0xFB,0xE4,0xFB,0xE4,0xFB,0xE4,0xFB,0xE4,0xFB,0xE4,0xFB,
    0xE4,0xFB,0xE4,0xFB,0xE4,0xFB,0xE4,0xFB,0xE4,0xFB,0xE4,0xFB,0xE4,0xFB,0xE4,0xFB,
    0xE4,0xFB,0xE4,0xFB,0xE4,0xFB,0xE4,0xFB,0xE4,0xFB,0xE4,0xFB,0xE4,0xFB,0xE4,0xFB,
    0xE4,0xFB,0xE4,0xFB,0xE4,0xFB,0xE4,0xFB,0xE4,0xFB,0xE4,0xFB,0xE4,0xFB,0xE4,0xFB,
    0xE4,0xFB,0xE4,0xFB,0xE4,0xFB,0xE4,0xFB,0xE4,0xFB,0xE4,0xFB,0xE4,0xFB,0xE4,0xFB,
    0xE4,0xFB,0xE4,0xFB,0xE4,0xFB,0xE4,0xFB,0xE4,0xFB,0xE4,0xFB,0xE4,0xFB,0xE4,0xFB,
    0xE4,0xFB,0xE4,0xFB,0xE4,0xFB,0xE4,0xFB,0xE4,0xFB,0xE4,0xFB,0xE4,0xFB,0xE4,0xFB,
    0xE4,0xFB,0xE4,0xFB,0xE4,0xFB,0xE4,0xFB,0xE4,0xFB,0xE4,0xFB,0xE4,0xFB,0xE4,0xFB,
    0xE4,0xFB,0xE4,0xFB,0xE4,0xFB,0xE4,0xFB,0xE4,0xFB,0xE4,0xFB,0xE4,0xFB,0xE4,0xFB,
    0xE4,0xFB,0xE4,0xFB,0xE4,0xFB,0xE4,0xFB,0xE4,0xFB,0xE4,0xFB,0xE4,0xFB,0xE4,0xFB,
    0xE4,0xFB,0xE4,0xFB,0xE4,0xFB,0xE4,0xFB,0xE4,0xFB,0xE4,0xFB,0xE4,0xFB,0xE4,0xFB,
    0xE4,0xFB,0xE4,0xFB,0xE4,0xFB,0xE4,0xFB,0xE4,0xFB,0xE4,0xFB,0xE4,0xFB,0xE4,0xFB,
    0xE4,0xFB,0xE4,0xFB,0xE4,0xFB,0xE4,0xFB,0xE4,0xFB,0xE4,0xFB,0xE4,0xFB,0xE4,0xFB,
    0xE4,0xFB,0xE4,0xFB,0xE4,0xFB,0xE4,0xFB,0xE4,0xFB,0xE4,0xFB,0xE4,0xFB,0xE4,0xFB,
    0xE4,0xFB,0xE4,0xFB,0xE4,0xFB,0xE4,0xFB,0xE4,0xFB,0xE4,0xFB,0xE4,0xFB,0xE4,0xFB,
    0xE4,0xFB,0xE4,0xFB,0xE4,0xFB,0xE4,0xFB,0xE4,0xFB,0xE4,0xFB,0xE4,0xFB,0xE4,0xFB,
    0xE4,0xFB,0xE4,0xFB,0xE4,0xFB,0xE4,0xFB,0xE4,0xFB,0xE4,0xFB,0xE4,0xFB,0xE4,0xFB,
    0xE4,0xFB,0xE4,0xFB,0xE4,0xFB,0xE4,0xFB,0xE4,0xFB,0xE4,0xFB,0xE4,0xFB,0xE4,0xFB,
    0xE4,0xFB,0xE4,0xFB,0xE4,0xFB,0xE4,0xFB,0xE4,0xFB,0xE4,0xFB,0xE4,0xFB,0xE4,0xFB,
    0xE4,0xFB,0xE4,0xFB,0xE4,0xFB,0xE4,0xFB,0xE4,0xFB,0xE4,0xFB,0xE4,0xFB,0xE4,0xFB,
    0xE4,0xFB,0xE4,0xFB,0xE4,0xFB,0xE4,0xFB,0xE4,0xFB,0xE4,0xFB,0xE4,0xFB,0xE4,0xFB,
    0xE4,0xFB,0xE4,0xFB,0xE4,0xFB,0xE4,0xFB,0xE4,0xFB,0xE4,0xFB,0xE4,0xFB,0xE4,0xFB,
    0xE4,0xFB,0xE4,0xFB,0xE4,0xFB,0xE4,0xFB,0xE4,0xFB,0xE4,0xFB,0xE4,0xFB,0xE4,0xFB,
    0xE4,0xFB,0xE4,0xFB,0xE4,0xFB,0xE4,0xFB,0xE4,0xFB,0xE4,0xFB,0xE4,0xFB,0xE4,0xFB,
    0xE4,0xFB,0xE4,0xFB,0xE4,0xFB,0xE4,0xFB,0xE4,0xFB,0xE4,0xFB,0xE4,0xFB,0xE4,0xFB,
    0xE4,0xFB,0xE4,0xFB,0xE4,0xFB,0xE4,0xFB,0xE4,0xFB,0xE4,0xFB,0xE4,0xFB,0xE4,0xFB,
    0xE4,0xFB,0xE4,0xFB,0xE4,0xFB,0xE4,0xFB,0xE4,0xFB,0xE4,0xFB,0xE4,0xFB,0xE4,0xFB,
    0xE4,0xFB,0xE4,0xFB,0xE4,0xFB,0xE4,0xFB,0xE4,0xFB,0xE4,0xFB,0xE4,0xFB,0xE4,0xFB,
    0xE4,0xFB,0xE4,0xFB,0xE4,0xFB,0xE4,0xFB,0xE4,0xFB,0xE4,0xFB,0xE4,0xFB,0xE4,0xFB,
    0xE4,0xFB,0xE4,0xFB,0xE4,0xFB,0xE4,0xFB,0xE4,0xFB,0xE4,0xFB,0xE4,0xFB,0xE4,0xFB,
    0xE4,0xFB,0xE4,0xFB,0xE4,0xFB,0xE4,0xFB,0xE4,0xFB,0xE4,0xFB,0xE4,0xFB,0xE4,0xFB,
    0x25,0xFC,0xE4,0xFB,0x00,0x00,0xA0,0xFA,0x00,0x00,0x00,0x00,0x00,0x00,0x00,0x00,
    0xA0,0xFA,0x00,0x00,0xC4,0xAA,0x25,0xFC,0xE4,0xFB,0xE4,0xFB,0xE4,0xFB,0xE4,0xFB,
    0xE4,0xFB,0xE4,0xFB,0xE4,0xFB,0xE4,0xFB,0xE4,0xFB,0xE4,0xFB,0xE4,0xFB,0xE4,0xFB,
    0xE4,0xFB,0xE4,0xFB,0xE4,0xFB,0xE4,0xFB,0xE4,0xFB,0xE4,0xFB,0xE4,0xFB,0xE4,0xFB,
    0xE4,0xFB,0xE4,0xFB,0xE4,0xFB,0xE4,0xFB,0xE4,0xFB,0xE4,0xFB,0xE4,0xFB,0xE4,0xFB,
    0xE4,0xFB,0xE4,0xFB,0xE4,0xFB,0xE4,0xFB,0xE4,0xFB,0xE4,0xFB,0xE4,0xFB,0xE4,0xFB,
    0xE4,0xFB,0xE4,0xFB,0xE4,0xFB,0xE4,0xFB,0xE4,0xFB,0xE4,0xFB,0xE4,0xFB,0xE4,0xFB,
    0xE4,0xFB,0xE4,0xFB,0xE4,0xFB,0xE4,0xFB,0xE4,0xFB,0xE4,0xFB,0xE4,0xFB,0xE4,0xFB,
    0xE4,0xFB,0xE4,0xFB,0xE4,0xFB,0xE4,0xFB,0xE4,0xFB,0xE4,0xFB,0xE4,0xFB,0xE4,0xFB,
    0xE4,0xFB,0xE4,0xFB,0xE4,0xFB,0xE4,0xFB,0xE4,0xFB,0xE4,0xFB,0xE4,0xFB,0xE4,0xFB,
    0xE4,0xFB,0xE4,0xFB,0xE4,0xFB,0xE4,0xFB,0xE4,0xFB,0xE4,0xFB,0xE4,0xFB,0xE4,0xFB,
    0xE4,0xFB,0xE4,0xFB,0xE4,0xFB,0xE4,0xFB,0xE4,0xFB,0xE4,0xFB,0xE4,0xFB,0xE4,0xFB,
    0xE4,0xFB,0xE4,0xFB,0xE4,0xFB,0xE4,0xFB,0xE4,0xFB,0xE4,0xFB,0xE4,0xFB,0xE4,0xFB,
    0xE4,0xFB,0xE4,0xFB,0xE4,0xFB,0xE4,0xFB,0xE4,0xFB,0xE4,0xFB,0xE4,0xFB,0xE4,0xFB,
    0xE4,0xFB,0xE4,0xFB,0xE4,0xFB,0xE4,0xFB,0xE4,0xFB,0xE4,0xFB,0xE4,0xFB,0xE4,0xFB,
    0xE4,0xFB,0xE4,0xFB,0xE4,0xFB,0xE4,0xFB,0xE4,0xFB,0xE4,0xFB,0xE4,0xFB,0xE4,0xFB,
    0xE4,0xFB,0xE4,0xFB,0xE4,0xFB,0xE4,0xFB,0xE4,0xFB,0xE4,0xFB,0xE4,0xFB,0xE4,0xFB,
    0xE4,0xFB,0xE4,0xFB,0xE4,0xFB,0xE4,0xFB,0xE4,0xFB,0xE4,0xFB,0xE4,0xFB,0xE4,0xFB,
    0xE4,0xFB,0xE4,0xFB,0xE4,0xFB,0xE4,0xFB,0xE4,0xFB,0xE4,0xFB,0xE4,0xFB,0xE4,0xFB,
    0xE4,0xFB,0xE4,0xFB,0xE4,0xFB,0xE4,0xFB,0xE4,0xFB,0xE4,0xFB,0xE4,0xFB,0xE4,0xFB,
    0xE4,0xFB,0xE4,0xFB,0xE4,0xFB,0xE4,0xFB,0xE4,0xFB,0xE4,0xFB,0xE4,0xFB,0xE4,0xFB,
    0xE4,0xFB,0xE4,0xFB,0xE4,0xFB,0xE4,0xFB,0xE4,0xFB,0xE4,0xFB,0xE4,0xFB,0xE4,0xFB,
    0xE4,0xFB,0xE4,0xFB,0xE4,0xFB,0xE4,0xFB,0xE4,0xFB,0xE4,0xFB,0xE4,0xFB,0xE4,0xFB,
    0xE4,0xFB,0xE4,0xFB,0xE4,0xFB,0xE4,0xFB,0xE4,0xFB,0xE4,0xFB,0xE4,0xFB,0xE4,0xFB,
    0xE4,0xFB,0xE4,0xFB,0xE4,0xFB,0xE4,0xFB,0xE4,0xFB,0xE4,0xFB,0xE4,0xFB,0xE4,0xFB,
    0xE4,0xFB,0xE4,0xFB,0xE4,0xFB,0xE4,0xFB,0xE4,0xFB,0xE4,0xFB,0xE4,0xFB,0xE4,0xFB,
    0xE4,0xFB,0xE4,0xFB,0xE4,0xFB,0xE4,0xFB,0xE4,0xFB,0xE4,0xFB,0xE4,0xFB,0xE4,0xFB,
    0xE4,0xFB,0xE4,0xFB,0xE4,0xFB,0xE4,0xFB,0xE4,0xFB,0xE4,0xFB,0xE4,0xFB,0xE4,0xFB,
    0xE4,0xFB,0xE4,0xFB,0xE4,0xFB,0xE4,0xFB,0xE4,0xFB,0xE4,0xFB,0xE4,0xFB,0xE4,0xFB,
    0xE4,0xFB,0xE4,0xFB,0xE4,0xFB,0xE4,0xFB,0xE4,0xFB,0xE4,0xFB,0xE4,0xFB,0xE4,0xFB,
    0xE4,0xFB,0xE4,0xFB,0xE4,0xFB,0xE4,0xFB,0xE4,0xFB,0xE4,0xFB,0xE4,0xFB,0xE4,0xFB,
    0xE4,0xFB,0xE4,0xFB,0xE4,0xFB,0xE4,0xFB,0xE4,0xFB,0xE4,0xFB,0xE4,0xFB,0xE4,0xFB,
    0xE4,0xFB,0xE4,0xFB,0xE4,0xFB,0xE4,0xFB,0xE4,0xFB,0xE4,0xFB,0xE4,0xFB,0xE4,0xFB,
    0xE4,0xFB,0xE4,0xFB,0xE4,0xFB,0xE4,0xFB,0xE4,0xFB,0xE4,0xFB,0x25,0xFC,0xE4,0xFB,
    0x00,0x00,0xA0,0xFA,0x00,0x00,0x00,0x00,0x00,0x00,0x00,0x00,0xA0,0xFA,0x00,0x00,
    0xC4,0xAA,0x25,0xFC,0xE4,0xFB,0xE4,0xFB,0xE4,0xFB,0xE4,0xFB,0xE4,0xFB,0xE4,0xFB,
    0xE4,0xFB,0xE4,0xFB,0xE4,0xFB,0xE4,0xFB,0xE4,0xFB,0xE4,0xFB,0xE4,0xFB,0xE4,0xFB,
    0xE4,0xFB,0xE4,0xFB,0xE4,0xFB,0xE4,0xFB,0xE4,0xFB,0xE4,0xFB,0xE4,0xFB,0xE4,0xFB,
    0xE4,0xFB,0xE4,0xFB,0xE4,0xFB,0xE4,0xFB,0xE4,0xFB,0xE4,0xFB,0xE4,0xFB,0xE4,0xFB,
    0xE4,0xFB,0xE4,0xFB,0xE4,0xFB,0xE4,0xFB,0xE4,0xFB,0xE4,0xFB,0xE4,0xFB,0xE4,0xFB,
    0xE4,0xFB,0xE4,0xFB,0xE4,0xFB,0xE4,0xFB,0xE4,0xFB,0xE4,0xFB,0xE4,0xFB,0xE4,0xFB,
    0xE4,0xFB,0xE4,0xFB,0xE4,0xFB,0xE4,0xFB,0xE4,0xFB,0xE4,0xFB,0xE4,0xFB,0xE4,0xFB,
    0xE4,0xFB,0xE4,0xFB,0xE4,0xFB,0xE4,0xFB,0xE4,0xFB,0xE4,0xFB,0xE4,0xFB,0xE4,0xFB,
    0xE4,0xFB,0xE4,0xFB,0xE4,0xFB,0xE4,0xFB,0xE4,0xFB,0xE4,0xFB,0xE4,0xFB,0xE4,0xFB,
    0xE4,0xFB,0xE4,0xFB,0xE4,0xFB,0xE4,0xFB,0xE4,0xFB,0xE4,0xFB,0xE4,0xFB,0xE4,0xFB,
    0xE4,0xFB,0xE4,0xFB,0xE4,0xFB,0xE4,0xFB,0xE4,0xFB,0xE4,0xFB,0xE4,0xFB,0xE4,0xFB,
    0xE4,0xFB,0xE4,0xFB,0xE4,0xFB,0xE4,0xFB,0xE4,0xFB,0xE4,0xFB,0xE4,0xFB,0xE4,0xFB,
    0xE4,0xFB,0xE4,0xFB,0xE4,0xFB,0xE4,0xFB,0xE4,0xFB,0xE4,0xFB,0xE4,0xFB,0xE4,0xFB,
    0xE4,0xFB,0xE4,0xFB,0xE4,0xFB,0xE4,0xFB,0xE4,0xFB,0xE4,0xFB,0xE4,0xFB,0xE4,0xFB,
    0xE4,0xFB,0xE4,0xFB,0xE4,0xFB,0xE4,0xFB,0xE4,0xFB,0xE4,0xFB,0xE4,0xFB,0xE4,0xFB,
    0xE4,0xFB,0xE4,0xFB,0xE4,0xFB,0xE4,0xFB,0xE4,0xFB,0xE4,0xFB,0xE4,0xFB,0xE4,0xFB,
    0xE4,0xFB,0xE4,0xFB,0xE4,0xFB,0xE4,0xFB,0xE4,0xFB,0xE4,0xFB,0xE4,0xFB,0xE4,0xFB,
    0xE4,0xFB,0xE4,0xFB,0xE4,0xFB,0xE4,0xFB,0xE4,0xFB,0xE4,0xFB,0xE4,0xFB,0xE4,0xFB,
    0xE4,0xFB,0xE4,0xFB,0xE4,0xFB,0xE4,0xFB,0xE4,0xFB,0xE4,0xFB,0xE4,0xFB,0xE4,0xFB,
    0xE4,0xFB,0xE4,0xFB,0xE4,0xFB,0xE4,0xFB,0xE4,0xFB,0xE4,0xFB,0xE4,0xFB,0xE4,0xFB,
    0xE4,0xFB,0xE4,0xFB,0xE4,0xFB,0xE4,0xFB,0xE4,0xFB,0xE4,0xFB,0xE4,0xFB,0xE4,0xFB,
    0xE4,0xFB,0xE4,0xFB,0xE4,0xFB,0xE4,0xFB,0xE4,0xFB,0xE4,0xFB,0xE4,0xFB,0xE4,0xFB,
    0xE4,0xFB,0xE4,0xFB,0xE4,0xFB,0xE4,0xFB,0xE4,0xFB,0xE4,0xFB,0xE4,0xFB,0xE4,0xFB,
    0xE4,0xFB,0xE4,0xFB,0xE4,0xFB,0xE4,0xFB,0xE4,0xFB,0xE4,0xFB,0xE4,0xFB,0xE4,0xFB,
    0xE4,0xFB,0xE4,0xFB,0xE4,0xFB,0xE4,0xFB,0xE4,0xFB,0xE4,0xFB,0xE4,0xFB,0xE4,0xFB,
    0xE4,0xFB,0xE4,0xFB,0xE4,0xFB,0xE4,0xFB,0xE4,0xFB,0xE4,0xFB,0xE4,0xFB,0xE4,0xFB,
    0xE4,0xFB,0xE4,0xFB,0xE4,0xFB,0xE4,0xFB,0xE4,0xFB,0xE4,0xFB,0xE4,0xFB,0xE4,0xFB,
    0xE4,0xFB,0xE4,0xFB,0xE4,0xFB,0xE4,0xFB,0xE4,0xFB,0xE4,0xFB,0xE4,0xFB,0xE4,0xFB,
    0xE4,0xFB,0xE4,0xFB,0xE4,0xFB,0xE4,0xFB,0xE4,0xFB,0xE4,0xFB,0xE4,0xFB,0xE4,0xFB,
    0xE4,0xFB,0xE4,0xFB,0xE4,0xFB,0xE4,0xFB,0xE4,0xFB,0xE4,0xFB,0xE4,0xFB,0xE4,0xFB,
    0xE4,0xFB,0xE4,0xFB,0xE4,0xFB,0xE4,0xFB,0xE4,0xFB,0xE4,0xFB,0xE4,0xFB,0xE4,0xFB,
    0xE4,0xFB,0xE4,0xFB,0xE4,0xFB,0xE4,0xFB,0xE4,0xFB,0xE4,0xFB,0xE4,0xFB,0xE4,0xFB,
    0xE4,0xFB,0xE4,0xFB,0xE4,0xFB,0xE4,0xFB,0x25,0xFC,0xE4,0xFB,0x00,0x00,0xA0,0xFA,
    0x00,0x00,0x00,0x00,0x00,0x00,0x00,0x00,0xA0,0xFA,0x00,0x00,0xC4,0xAA,0x25,0xFC,
    0xE4,0xFB,0xE4,0xFB,0xE4,0xFB,0xE4,0xFB,0xE4,0xFB,0xE4,0xFB,0xE4,0xFB,0xE4,0xFB,
    0xE4,0xFB,0xE4,0xFB,0xE4,0xFB,0xE4,0xFB,0xE4,0xFB,0xE4,0xFB,0xE4,0xFB,0xE4,0xFB,
    0xE4,0xFB,0xE4,0xFB,0xE4,0xFB,0xE4,0xFB,0xE4,0xFB,0xE4,0xFB,0xE4,0xFB,0xE4,0xFB,
    0xE4,0xFB,0xE4,0xFB,0xE4,0xFB,0xE4,0xFB,0xE4,0xFB,0xE4,0xFB,0xE4,0xFB,0xE4,0xFB,
    0xE4,0xFB,0xE4,0xFB,0xE4,0xFB,0xE4,0xFB,0xE4,0xFB,0xE4,0xFB,0xE4,0xFB,0xE4,0xFB,
    0xE4,0xFB,0xE4,0xFB,0xE4,0xFB,0xE4,0xFB,0xE4,0xFB,0xE4,0xFB,0xE4,0xFB,0xE4,0xFB,
    0xE4,0xFB,0xE4,0xFB,0xE4,0xFB,0xE4,0xFB,0xE4,0xFB,0xE4,0xFB,0xE4,0xFB,0xE4,0xFB,
    0xE4,0xFB,0xE4,0xFB,0xE4,0xFB,0xE4,0xFB,0xE4,0xFB,0xE4,0xFB,0xE4,0xFB,0xE4,0xFB,
    0xE4,0xFB,0xE4,0xFB,0xE4,0xFB,0xE4,0xFB,0xE4,0xFB,0xE4,0xFB,0xE4,0xFB,0xE4,0xFB,
    0xE4,0xFB,0xE4,0xFB,0xE4,0xFB,0xE4,0xFB,0xE4,0xFB,0xE4,0xFB,0xE4,0xFB,0xE4,0xFB,
    0xE4,0xFB,0xE4,0xFB,0xE4,0xFB,0xE4,0xFB,0xE4,0xFB,0xE4,0xFB,0xE4,0xFB,0xE4,0xFB,
    0xE4,0xFB,0xE4,0xFB,0xE4,0xFB,0xE4,0xFB,0xE4,0xFB,0xE4,0xFB,0xE4,0xFB,0xE4,0xFB,
    0xE4,0xFB,0xE4,0xFB,0xE4,0xFB,0xE4,0xFB,0xE4,0xFB,0xE4,0xFB,0xE4,0xFB,0xE4,0xFB,
    0xE4,0xFB,0xE4,0xFB,0xE4,0xFB,0xE4,0xFB,0xE4,0xFB,0xE4,0xFB,0xE4,0xFB,0xE4,0xFB,
    0xE4,0xFB,0xE4,0xFB,0xE4,0xFB,0xE4,0xFB,0xE4,0xFB,0xE4,0xFB,0xE4,0xFB,0xE4,0xFB,
    0xE4,0xFB,0xE4,0xFB,0xE4,0xFB,0xE4,0xFB,0xE4,0xFB,0xE4,0xFB,0xE4,0xFB,0xE4,0xFB,
    0xE4,0xFB,0xE4,0xFB,0xE4,0xFB,0xE4,0xFB,0xE4,0xFB,0xE4,0xFB,0xE4,0xFB,0xE4,0xFB,
    0xE4,0xFB,0xE4,0xFB,0xE4,0xFB,0xE4,0xFB,0xE4,0xFB,0xE4,0xFB,0xE4,0xFB,0xE4,0xFB,
    0xE4,0xFB,0xE4,0xFB,0xE4,0xFB,0xE4,0xFB,0xE4,0xFB,0xE4,0xFB,0xE4,0xFB,0xE4,0xFB,
    0xE4,0xFB,0xE4,0xFB,0xE4,0xFB,0xE4,0xFB,0xE4,0xFB,0xE4,0xFB,0xE4,0xFB,0xE4,0xFB,
    0xE4,0xFB,0xE4,0xFB,0xE4,0xFB,0xE4,0xFB,0xE4,0xFB,0xE4,0xFB,0xE4,0xFB,0xE4,0xFB,
    0xE4,0xFB,0xE4,0xFB,0xE4,0xFB,0xE4,0xFB,0xE4,0xFB,0xE4,0xFB,0xE4,0xFB,0xE4,0xFB,
    0xE4,0xFB,0xE4,0xFB,0xE4,0xFB,0xE4,0xFB,0xE4,0xFB,0xE4,0xFB,0xE4,0xFB,0xE4,0xFB,
    0xE4,0xFB,0xE4,0xFB,0xE4,0xFB,0xE4,0xFB,0xE4,0xFB,0xE4,0xFB,0xE4,0xFB,0xE4,0xFB,
    0xE4,0xFB,0xE4,0xFB,0xE4,0xFB,0xE4,0xFB,0xE4,0xFB,0xE4,0xFB,0xE4,0xFB,0xE4,0xFB,
    0xE4,0xFB,0xE4,0xFB,0xE4,0xFB,0xE4,0xFB,0xE4,0xFB,0xE4,0xFB,0xE4,0xFB,0xE4,0xFB,
    0xE4,0xFB,0xE4,0xFB,0xE4,0xFB,0xE4,0xFB,0xE4,0xFB,0xE4,0xFB,0xE4,0xFB,0xE4,0xFB,
    0xE4,0xFB,0xE4,0xFB,0xE4,0xFB,0xE4,0xFB,0xE4,0xFB,0xE4,0xFB,0xE4,0xFB,0xE4,0xFB,
    0xE4,0xFB,0xE4,0xFB,0xE4,0xFB,0xE4,0xFB,0xE4,0xFB,0xE4,0xFB,0xE4,0xFB,0xE4,0xFB,
    0xE4,0xFB,0xE4,0xFB,0xE4,0xFB,0xE4,0xFB,0xE4,0xFB,0xE4,0xFB,0xE4,0xFB,0xE4,0xFB,
    0xE4,0xFB,0xE4,0xFB,0xE4,0xFB,0xE4,0xFB,0xE4,0xFB,0xE4,0xFB,0xE4,0xFB,0xE4,0xFB,
    0xE4,0xFB,0xE4,0xFB,0xE4,0xFB,0xE4,0xFB,0xE4,0xFB,0xE4,0xFB,0xE4,0xFB,0xE4,0xFB,
    0xE4,0xFB,0xE4,0xFB,0x25,0xFC,0xE4,0xFB,0x00,0x00,0xA0,0xFA,0x00,0x00,0x00,0x00,
    0x00,0x00,0x00,0x00,0xA0,0xFA,0x00,0x00,0xC4,0xAA,0x25,0xFC,0xE4,0xFB,0xE4,0xFB,
    0xE4,0xFB,0xE4,0xFB,0xE4,0xFB,0xE4,0xFB,0xE4,0xFB,0xE4,0xFB,0xE4,0xFB,0xE4,0xFB,
    0xE4,0xFB,0xE4,0xFB,0xE4,0xFB,0xE4,0xFB,0xE4,0xFB,0xE4,0xFB,0xE4,0xFB,0xE4,0xFB,
    0xE4,0xFB,0xE4,0xFB,0xE4,0xFB,0xE4,0xFB,0xE4,0xFB,0xE4,0xFB,0xE4,0xFB,0xE4,0xFB,
    0xE4,0xFB,0xE4,0xFB,0xE4,0xFB,0xE4,0xFB,0xE4,0xFB,0xE4,0xFB,0xE4,0xFB,0xE4,0xFB,
    0xE4,0xFB,0xE4,0xFB,0xE4,0xFB,0xE4,0xFB,0xE4,0xFB,0xE4,0xFB,0xE4,0xFB,0xE4,0xFB,
    0xE4,0xFB,0xE4,0xFB,0xE4,0xFB,0xE4,0xFB,0xE4,0xFB,0xE4,0xFB,0xE4,0xFB,0xE4,0xFB,
    0xE4,0xFB,0xE4,0xFB,0xE4,0xFB,0xE4,0xFB,0xE4,0xFB,0xE4,0xFB,0xE4,0xFB,0xE4,0xFB,
    0xE4,0xFB,0xE4,0xFB,0xE4,0xFB,0xE4,0xFB,0xE4,0xFB,0xE4,0xFB,0xE4,0xFB,0xE4,0xFB,
    0xE4,0xFB,0xE4,0xFB,0xE4,0xFB,0xE4,0xFB,0xE4,0xFB,0xE4,0xFB,0xE4,0xFB,0xE4,0xFB,
    0xE4,0xFB,0xE4,0xFB,0xE4,0xFB,0xE4,0xFB,0xE4,0xFB,0xE4,0xFB,0xE4,0xFB,0xE4,0xFB,
    0xE4,0xFB,0xE4,0xFB,0xE4,0xFB,0xE4,0xFB,0xE4,0xFB,0xE4,0xFB,0xE4,0xFB,0xE4,0xFB,
    0xE4,0xFB,0xE4,0xFB,0xE4,0xFB,0xE4,0xFB,0xE4,0xFB,0xE4,0xFB,0xE4,0xFB,0xE4,0xFB,
    0xE4,0xFB,0xE4,0xFB,0xE4,0xFB,0xE4,0xFB,0xE4,0xFB,0xE4,0xFB,0xE4,0xFB,0xE4,0xFB,
    0xE4,0xFB,0xE4,0xFB,0xE4,0xFB,0xE4,0xFB,0xE4,0xFB,0xE4,0xFB,0xE4,0xFB,0xE4,0xFB,
    0xE4,0xFB,0xE4,0xFB,0xE4,0xFB,0xE4,0xFB,0xE4,0xFB,0xE4,0xFB,0xE4,0xFB,0xE4,0xFB,
    0xE4,0xFB,0xE4,0xFB,0xE4,0xFB,0xE4,0xFB,0xE4,0xFB,0xE4,0xFB,0xE4,0xFB,0xE4,0xFB,
    0xE4,0xFB,0xE4,0xFB,0xE4,0xFB,0xE4,0xFB,0xE4,0xFB,0xE4,0xFB,0xE4,0xFB,0xE4,0xFB,
    0xE4,0xFB,0xE4,0xFB,0xE4,0xFB,0xE4,0xFB,0xE4,0xFB,0xE4,0xFB,0xE4,0xFB,0xE4,0xFB,
    0xE4,0xFB,0xE4,0xFB,0xE4,0xFB,0xE4,0xFB,0xE4,0xFB,0xE4,0xFB,0xE4,0xFB,0xE4,0xFB,
    0xE4,0xFB,0xE4,0xFB,0xE4,0xFB,0xE4,0xFB,0xE4,0xFB,0xE4,0xFB,0xE4,0xFB,0xE4,0xFB,
    0xE4,0xFB,0xE4,0xFB,0xE4,0xFB,0xE4,0xFB,0xE4,0xFB,0xE4,0xFB,0xE4,0xFB,0xE4,0xFB,
    0xE4,0xFB,0xE4,0xFB,0xE4,0xFB,0xE4,0xFB,0xE4,0xFB,0xE4,0xFB,0xE4,0xFB,0xE4,0xFB,
    0xE4,0xFB,0xE4,0xFB,0xE4,0xFB,0xE4,0xFB,0xE4,0xFB,0xE4,0xFB,0xE4,0xFB,0xE4,0xFB,
    0xE4,0xFB,0xE4,0xFB,0xE4,0xFB,0xE4,0xFB,0xE4,0xFB,0xE4,0xFB,0xE4,0xFB,0xE4,0xFB,
    0xE4,0xFB,0xE4,0xFB,0xE4,0xFB,0xE4,0xFB,0xE4,0xFB,0xE4,0xFB,0xE4,0xFB,0xE4,0xFB,
    0xE4,0xFB,0xE4,0xFB,0xE4,0xFB,0xE4,0xFB,0xE4,0xFB,0xE4,0xFB,0xE4,0xFB,0xE4,0xFB,
    0xE4,0xFB,0xE4,0xFB,0xE4,0xFB,0xE4,0xFB,0xE4,0xFB,0xE4,0xFB,0xE4,0xFB,0xE4,0xFB,
    0xE4,0xFB,0xE4,0xFB,0xE4,0xFB,0xE4,0xFB,0xE4,0xFB,0xE4,0xFB,0xE4,0xFB,0xE4,0xFB,
    0xE4,0xFB,0xE4,0xFB,0xE4,0xFB,0xE4,0xFB,0xE4,0xFB,0xE4,0xFB,0xE4,0xFB,0xE4,0xFB,
    0xE4,0xFB,0xE4,0xFB,0xE4,0xFB,0xE4,0xFB,0xE4,0xFB,0xE4,0xFB,0xE4,0xFB,0xE4,0xFB,
    0xE4,0xFB,0xE4,0xFB,0xE4,0xFB,0xE4,0xFB,0xE4,0xFB,0xE4,0xFB,0xE4,0xFB,0xE4,0xFB,
    0xE4,0xFB,0xE4,0xFB,0xE4,0xFB,0xE4,0xFB,0xE4,0xFB,0xE4,0xFB,0xE4,0xFB,0xE4,0xFB,
    0x25,0xFC,0xE4,0xFB,0x00,0x00,0xA0,0xFA,0x00,0x00,0x00,0x00,0x00,0x00,0x00,0x00,
    0xA0,0xFA,0x00,0x00,0xC4,0xAA,0x25,0xFC,0xE4,0xFB,0xE4,0xFB,0xE4,0xFB,0xE4,0xFB,
    0xE4,0xFB,0xE4,0xFB,0xE4,0xFB,0xE4,0xFB,0xE4,0xFB,0xE4,0xFB,0xE4,0xFB,0xE4,0xFB,
    0xE4,0xFB,0xE4,0xFB,0xE4,0xFB,0xE4,0xFB,0xE4,0xFB,0xE4,0xFB,0xE4,0xFB,0xE4,0xFB,
    0xE4,0xFB,0xE4,0xFB,0xE4,0xFB,0xE4,0xFB,0xE4,0xFB,0xE4,0xFB,0xE4,0xFB,0xE4,0xFB,
    0xE4,0xFB,0xE4,0xFB,0xE4,0xFB,0xE4,0xFB,0xE4,0xFB,0xE4,0xFB,0xE4,0xFB,0xE4,0xFB,
    0xE4,0xFB,0xE4,0xFB,0xE4,0xFB,0xE4,0xFB,0xE4,0xFB,0xE4,0xFB,0xE4,0xFB,0xE4,0xFB,
    0xE4,0xFB,0xE4,0xFB,0xE4,0xFB,0xE4,0xFB,0xE4,0xFB,0xE4,0xFB,0xE4,0xFB,0xE4,0xFB,
    0xE4,0xFB,0xE4,0xFB,0xE4,0xFB,0xE4,0xFB,0xE4,0xFB,0xE4,0xFB,0xE4,0xFB,0xE4,0xFB,
    0xE4,0xFB,0xE4,0xFB,0xE4,0xFB,0xE4,0xFB,0xE4,0xFB,0xE4,0xFB,0xE4,0xFB,0xE4,0xFB,
    0xE4,0xFB,0xE4,0xFB,0xE4,0xFB,0xE4,0xFB,0xE4,0xFB,0xE4,0xFB,0xE4,0xFB,0xE4,0xFB,
    0xE4,0xFB,0xE4,0xFB,0xE4,0xFB,0xE4,0xFB,0xE4,0xFB,0xE4,0xFB,0xE4,0xFB,0xE4,0xFB,
    0xE4,0xFB,0xE4,0xFB,0xE4,0xFB,0xE4,0xFB,0xE4,0xFB,0xE4,0xFB,0xE4,0xFB,0xE4,0xFB,
    0xE4,0xFB,0xE4,0xFB,0xE4,0xFB,0xE4,0xFB,0xE4,0xFB,0xE4,0xFB,0xE4,0xFB,0xE4,0xFB,
    0xE4,0xFB,0xE4,0xFB,0xE4,0xFB,0xE4,0xFB,0xE4,0xFB,0xE4,0xFB,0xE4,0xFB,0xE4,0xFB,
    0xE4,0xFB,0xE4,0xFB,0xE4,0xFB,0xE4,0xFB,0xE4,0xFB,0xE4,0xFB,0xE4,0xFB,0xE4,0xFB,
    0xE4,0xFB,0xE4,0xFB,0xE4,0xFB,0xE4,0xFB,0xE4,0xFB,0xE4,0xFB,0xE4,0xFB,0xE4,0xFB,
    0xE4,0xFB,0xE4,0xFB,0xE4,0xFB,0xE4,0xFB,0xE4,0xFB,0xE4,0xFB,0xE4,0xFB,0xE4,0xFB,
    0xE4,0xFB,0xE4,0xFB,0xE4,0xFB,0xE4,0xFB,0xE4,0xFB,0xE4,0xFB,0xE4,0xFB,0xE4,0xFB,
    0xE4,0xFB,0xE4,0xFB,0xE4,0xFB,0xE4,0xFB,0xE4,0xFB,0xE4,0xFB,0xE4,0xFB,0xE4,0xFB,
    0xE4,0xFB,0xE4,0xFB,0xE4,0xFB,0xE4,0xFB,0xE4,0xFB,0xE4,0xFB,0xE4,0xFB,0xE4,0xFB,
    0xE4,0xFB,0xE4,0xFB,0xE4,0xFB,0xE4,0xFB,0xE4,0xFB,0xE4,0xFB,0xE4,0xFB,0xE4,0xFB,
    0xE4,0xFB,0xE4,0xFB,0xE4,0xFB,0xE4,0xFB,0xE4,0xFB,0xE4,0xFB,0xE4,0xFB,0xE4,0xFB,
    0xE4,0xFB,0xE4,0xFB,0xE4,0xFB,0xE4,0xFB,0xE4,0xFB,0xE4,0xFB,0xE4,0xFB,0xE4,0xFB,
    0xE4,0xFB,0xE4,0xFB,0xE4,0xFB,0xE4,0xFB,0xE4,0xFB,0xE4,0xFB,0xE4,0xFB,0xE4,0xFB,
    0xE4,0xFB,0xE4,0xFB,0xE4,0xFB,0xE4,0xFB,0xE4,0xFB,0xE4,0xFB,0xE4,0xFB,0xE4,0xFB,
    0xE4,0xFB,0xE4,0xFB,0xE4,0xFB,0xE4,0xFB,0xE4,0xFB,0xE4,0xFB,0xE4,0xFB,0xE4,0xFB,
    0xE4,0xFB,0xE4,0xFB,0xE4,0xFB,0xE4,0xFB,0xE4,0xFB,0xE4,0xFB,0xE4,0xFB,0xE4,0xFB,
    0xE4,0xFB,0xE4,0xFB,0xE4,0xFB,0xE4,0xFB,0xE4,0xFB,0xE4,0xFB,0xE4,0xFB,0xE4,0xFB,
    0xE4,0xFB,0xE4,0xFB,0xE4,0xFB,0xE4,0xFB,0xE4,0xFB,0xE4,0xFB,0xE4,0xFB,0xE4,0xFB,
    0xE4,0xFB,0xE4,0xFB,0xE4,0xFB,0xE4,0xFB,0xE4,0xFB,0xE4,0xFB,0xE4,0xFB,0xE4,0xFB,
    0xE4,0xFB,0xE4,0xFB,0xE4,0xFB,0xE4,0xFB,0xE4,0xFB,0xE4,0xFB,0xE4,0xFB,0xE4,0xFB,
    0xE4,0xFB,0xE4,0xFB,0xE4,0xFB,0xE4,0xFB,0xE4,0xFB,0xE4,0xFB,0xE4,0xFB,0xE4,0xFB,
    0xE4,0xFB,0xE4,0xFB,0xE4,0xFB,0xE4,0xFB,0xE4,0xFB,0xE4,0xFB,0x25,0xFC,0xE4,0xFB,
    0x00,0x00,0xA0,0xFA,0x00,0x00,0x00,0x00,0x00,0x00,0x00,0x00,0xA0,0xFA,0x00,0x00,
    0xC4,0xAA,0x25,0xFC,0xE4,0xFB,0xE4,0xFB,0xE4,0xFB,0xE4,0xFB,0xE4,0xFB,0xE4,0xFB,
    0xE4,0xFB,0xE4,0xFB,0xE4,0xFB,0xE4,0xFB,0xE4,0xFB,0xE4,0xFB,0xE4,0xFB,0xE4,0xFB,
    0xE4,0xFB,0xE4,0xFB,0xE4,0xFB,0xE4,0xFB,0xE4,0xFB,0xE4,0xFB,0xE4,0xFB,0xE4,0xFB,
    0xE4,0xFB,0xE4,0xFB,0xE4,0xFB,0xE4,0xFB,0xE4,0xFB,0xE4,0xFB,0xE4,0xFB,0xE4,0xFB,
    0xE4,0xFB,0xE4,0xFB,0xE4,0xFB,0xE4,0xFB,0xE4,0xFB,0xE4,0xFB,0xE4,0xFB,0xE4,0xFB,
    0xE4,0xFB,0xE4,0xFB,0xE4,0xFB,0xE4,0xFB,0xE4,0xFB,0xE4,0xFB,0xE4,0xFB,0xE4,0xFB,
    0xE4,0xFB,0xE4,0xFB,0xE4,0xFB,0xE4,0xFB,0xE4,0xFB,0xE4,0xFB,0xE4,0xFB,0xE4,0xFB,
    0xE4,0xFB,0xE4,0xFB,0xE4,0xFB,0xE4,0xFB,0xE4,0xFB,0xE4,0xFB,0xE4,0xFB,0xE4,0xFB,
    0xE4,0xFB,0xE4,0xFB,0xE4,0xFB,0xE4,0xFB,0xE4,0xFB,0xE4,0xFB,0xE4,0xFB,0xE4,0xFB,
    0xE4,0xFB,0xE4,0xFB,0xE4,0xFB,0xE4,0xFB,0xE4,0xFB,0xE4,0xFB,0xE4,0xFB,0xE4,0xFB,
    0xE4,0xFB,0xE4,0xFB,0xE4,0xFB,0xE4,0xFB,0xE4,0xFB,0xE4,0xFB,0xE4,0xFB,0xE4,0xFB,
    0xE4,0xFB,0xE4,0xFB,0xE4,0xFB,0xE4,0xFB,0xE4,0xFB,0xE4,0xFB,0xE4,0xFB,0xE4,0xFB,
    0xE4,0xFB,0xE4,0xFB,0xE4,0xFB,0xE4,0xFB,0xE4,0xFB,0xE4,0xFB,0xE4,0xFB,0xE4,0xFB,
    0xE4,0xFB,0xE4,0xFB,0xE4,0xFB,0xE4,0xFB,0xE4,0xFB,0xE4,0xFB,0xE4,0xFB,0xE4,0xFB,
    0xE4,0xFB,0xE4,0xFB,0xE4,0xFB,0xE4,0xFB,0xE4,0xFB,0xE4,0xFB,0xE4,0xFB,0xE4,0xFB,
    0xE4,0xFB,0xE4,0xFB,0xE4,0xFB,0xE4,0xFB,0xE4,0xFB,0xE4,0xFB,0xE4,0xFB,0xE4,0xFB,
    0xE4,0xFB,0xE4,0xFB,0xE4,0xFB,0xE4,0xFB,0xE4,0xFB,0xE4,0xFB,0xE4,0xFB,0xE4,0xFB,
    0xE4,0xFB,0xE4,0xFB,0xE4,0xFB,0xE4,0xFB,0xE4,0xFB,0xE4,0xFB,0xE4,0xFB,0xE4,0xFB,
    0xE4,0xFB,0xE4,0xFB,0xE4,0xFB,0xE4,0xFB,0xE4,0xFB,0xE4,0xFB,0xE4,0xFB,0xE4,0xFB,
    0xE4,0xFB,0xE4,0xFB,0xE4,0xFB,0xE4,0xFB,0xE4,0xFB,0xE4,0xFB,0xE4,0xFB,0xE4,0xFB,
    0xE4,0xFB,0xE4,0xFB,0xE4,0xFB,0xE4,0xFB,0xE4,0xFB,0xE4,0xFB,0xE4,0xFB,0xE4,0xFB,
    0xE4,0xFB,0xE4,0xFB,0xE4,0xFB,0xE4,0xFB,0xE4,0xFB,0xE4,0xFB,0xE4,0xFB,0xE4,0xFB,
    0xE4,0xFB,0xE4,0xFB,0xE4,0xFB,0xE4,0xFB,0xE4,0xFB,0xE4,0xFB,0xE4,0xFB,0xE4,0xFB,
    0xE4,0xFB,0xE4,0xFB,0xE4,0xFB,0xE4,0xFB,0xE4,0xFB,0xE4,0xFB,0xE4,0xFB,0xE4,0xFB,
    0xE4,0xFB,0xE4,0xFB,0xE4,0xFB,0xE4,0xFB,0xE4,0xFB,0xE4,0xFB,0xE4,0xFB,0xE4,0xFB,
    0xE4,0xFB,0xE4,0xFB,0xE4,0xFB,0xE4,0xFB,0xE4,0xFB,0xE4,0xFB,0xE4,0xFB,0xE4,0xFB,
    0xE4,0xFB,0xE4,0xFB,0xE4,0xFB,0xE4,0xFB,0xE4,0xFB,0xE4,0xFB,0xE4,0xFB,0xE4,0xFB,
    0xE4,0xFB,0xE4,0xFB,0xE4,0xFB,0xE4,0xFB,0xE4,0xFB,0xE4,0xFB,0xE4,0xFB,0xE4,0xFB,
    0xE4,0xFB,0xE4,0xFB,0xE4,0xFB,0xE4,0xFB,0xE4,0xFB,0xE4,0xFB,0xE4,0xFB,0xE4,0xFB,
    0xE4,0xFB,0xE4,0xFB,0xE4,0xFB,0xE4,0xFB,0xE4,0xFB,0xE4,0xFB,0xE4,0xFB,0xE4,0xFB,
    0xE4,0xFB,0xE4,0xFB,0xE4,0xFB,0xE4,0xFB,0xE4,0xFB,0xE4,0xFB,0xE4,0xFB,0xE4,0xFB,
    0xE4,0xFB,0xE4,0xFB,0xE4,0xFB,0xE4,0xFB,0xE4,0xFB,0xE4,0xFB,0xE4,0xFB,0xE4,0xFB,
    0xE4,0xFB,0xE4,0xFB,0xE4,0xFB,0xE4,0xFB,0x25,0xFC,0xE4,0xFB,0x00,0x00,0xA0,0xFA,
    0x00,0x00,0x00,0x00,0x00,0x00,0x00,0x00,0xA0,0xFA,0x00,0x00,0xC4,0xAA,0x25,0xFC,
    0xE4,0xFB,0xE4,0xFB,0xE4,0xFB,0xE4,0xFB,0xE4,0xFB,0xE4,0xFB,0xE4,0xFB,0xE4,0xFB,
    0xE4,0xFB,0xE4,0xFB,0xE4,0xFB,0xE4,0xFB,0xE4,0xFB,0xE4,0xFB,0xE4,0xFB,0xE4,0xFB,
    0xE4,0xFB,0xE4,0xFB,0xE4,0xFB,0xE4,0xFB,0xE4,0xFB,0xE4,0xFB,0xE4,0xFB,0xE4,0xFB,
    0xE4,0xFB,0xE4,0xFB,0xE4,0xFB,0xE4,0xFB,0xE4,0xFB,0xE4,0xFB,0xE4,0xFB,0xE4,0xFB,
    0xE4,0xFB,0xE4,0xFB,0xE4,0xFB,0xE4,0xFB,0xE4,0xFB,0xE4,0xFB,0xE4,0xFB,0xE4,0xFB,
    0xE4,0xFB,0xE4,0xFB,0xE4,0xFB,0xE4,0xFB,0xE4,0xFB,0xE4,0xFB,0xE4,0xFB,0xE4,0xFB,
    0xE4,0xFB,0xE4,0xFB,0xE4,0xFB,0xE4,0xFB,0xE4,0xFB,0xE4,0xFB,0xE4,0xFB,0xE4,0xFB,
    0xE4,0xFB,0xE4,0xFB,0xE4,0xFB,0xE4,0xFB,0xE4,0xFB,0xE4,0xFB,0xE4,0xFB,0xE4,0xFB,
    0xE4,0xFB,0xE4,0xFB,0xE4,0xFB,0xE4,0xFB,0xE4,0xFB,0xE4,0xFB,0xE4,0xFB,0xE4,0xFB,
    0xE4,0xFB,0xE4,0xFB,0xE4,0xFB,0xE4,0xFB,0xE4,0xFB,0xE4,0xFB,0xE4,0xFB,0xE4,0xFB,
    0xE4,0xFB,0xE4,0xFB,0xE4,0xFB,0xE4,0xFB,0xE4,0xFB,0xE4,0xFB,0xE4,0xFB,0xE4,0xFB,
    0xE4,0xFB,0xE4,0xFB,0xE4,0xFB,0xE4,0xFB,0xE4,0xFB,0xE4,0xFB,0xE4,0xFB,0xE4,0xFB,
    0xE4,0xFB,0xE4,0xFB,0xE4,0xFB,0xE4,0xFB,0xE4,0xFB,0xE4,0xFB,0xE4,0xFB,0xE4,0xFB,
    0xE4,0xFB,0xE4,0xFB,0xE4,0xFB,0xE4,0xFB,0xE4,0xFB,0xE4,0xFB,0xE4,0xFB,0xE4,0xFB,
    0xE4,0xFB,0xE4,0xFB,0xE4,0xFB,0xE4,0xFB,0xE4,0xFB,0xE4,0xFB,0xE4,0xFB,0xE4,0xFB,
    0xE4,0xFB,0xE4,0xFB,0xE4,0xFB,0xE4,0xFB,0xE4,0xFB,0xE4,0xFB,0xE4,0xFB,0xE4,0xFB,
    0xE4,0xFB,0xE4,0xFB,0xE4,0xFB,0xE4,0xFB,0xE4,0xFB,0xE4,0xFB,0xE4,0xFB,0xE4,0xFB,
    0xE4,0xFB,0xE4,0xFB,0xE4,0xFB,0xE4,0xFB,0xE4,0xFB,0xE4,0xFB,0xE4,0xFB,0xE4,0xFB,
    0xE4,0xFB,0xE4,0xFB,0xE4,0xFB,0xE4,0xFB,0xE4,0xFB,0xE4,0xFB,0xE4,0xFB,0xE4,0xFB,
    0xE4,0xFB,0xE4,0xFB,0xE4,0xFB,0xE4,0xFB,0xE4,0xFB,0xE4,0xFB,0xE4,0xFB,0xE4,0xFB,
    0xE4,0xFB,0xE4,0xFB,0xE4,0xFB,0xE4,0xFB,0xE4,0xFB,0xE4,0xFB,0xE4,0xFB,0xE4,0xFB,
    0xE4,0xFB,0xE4,0xFB,0xE4,0xFB,0xE4,0xFB,0xE4,0xFB,0xE4,0xFB,0xE4,0xFB,0xE4,0xFB,
    0xE4,0xFB,0xE4,0xFB,0xE4,0xFB,0xE4,0xFB,0xE4,0xFB,0xE4,0xFB,0xE4,0xFB,0xE4,0xFB,
    0xE4,0xFB,0xE4,0xFB,0xE4,0xFB,0xE4,0xFB,0xE4,0xFB,0xE4,0xFB,0xE4,0xFB,0xE4,0xFB,
    0xE4,0xFB,0xE4,0xFB,0xE4,0xFB,0xE4,0xFB,0xE4,0xFB,0xE4,0xFB,0xE4,0xFB,0xE4,0xFB,
    0xE4,0xFB,0xE4,0xFB,0xE4,0xFB,0xE4,0xFB,0xE4,0xFB,0xE4,0xFB,0xE4,0xFB,0xE4,0xFB,
    0xE4,0xFB,0xE4,0xFB,0xE4,0xFB,0xE4,0xFB,0xE4,0xFB,0xE4,0xFB,0xE4,0xFB,0xE4,0xFB,
    0xE4,0xFB,0xE4,0xFB,0xE4,0xFB,0xE4,0xFB,0xE4,0xFB,0xE4,0xFB,0xE4,0xFB,0xE4,0xFB,
    0xE4,0xFB,0xE4,0xFB,0xE4,0xFB,0xE4,0xFB,0xE4,0xFB,0xE4,0xFB,0xE4,0xFB,0xE4,0xFB,
    0xE4,0xFB,0xE4,0xFB,0xE4,0xFB,0xE4,0xFB,0xE4,0xFB,0xE4,0xFB,0xE4,0xFB,0xE4,0xFB,
    0xE4,0xFB,0xE4,0xFB,0xE4,0xFB,0xE4,0xFB,0xE4,0xFB,0xE4,0xFB,0xE4,0xFB,0xE4,0xFB,
    0xE4,0xFB,0xE4,0xFB,0xE4,0xFB,0xE4,0xFB,0xE4,0xFB,0xE4,0xFB,0xE4,0xFB,0xE4,0xFB,
    0xE4,0xFB,0xE4,0xFB,0x25,0xFC,0xE4,0xFB,0x00,0x00,0xA0,0xFA,0x00,0x00,0x00,0x00,
    0x00,0x00,0x00,0x00,0xA0,0xFA,0x00,0x00,0xC4,0xAA,0x25,0xFC,0xE4,0xFB,0xE4,0xFB,
    0xE4,0xFB,0xE4,0xFB,0xE4,0xFB,0xE4,0xFB,0xE4,0xFB,0xE4,0xFB,0xE4,0xFB,0xE4,0xFB,
    0xE4,0xFB,0xE4,0xFB,0xE4,0xFB,0xE4,0xFB,0xE4,0xFB,0xE4,0xFB,0xE4,0xFB,0xE4,0xFB,
    0xE4,0xFB,0xE4,0xFB,0xE4,0xFB,0xE4,0xFB,0xE4,0xFB,0xE4,0xFB,0xE4,0xFB,0xE4,0xFB,
    0xE4,0xFB,0xE4,0xFB,0xE4,0xFB,0xE4,0xFB,0xE4,0xFB,0xE4,0xFB,0xE4,0xFB,0xE4,0xFB,
    0xE4,0xFB,0xE4,0xFB,0xE4,0xFB,0xE4,0xFB,0xE4,0xFB,0xE4,0xFB,0xE4,0xFB,0xE4,0xFB,
    0xE4,0xFB,0xE4,0xFB,0xE4,0xFB,0xE4,0xFB,0xE4,0xFB,0xE4,0xFB,0xE4,0xFB,0xE4,0xFB,
    0xE4,0xFB,0xE4,0xFB,0xE4,0xFB,0xE4,0xFB,0xE4,0xFB,0xE4,0xFB,0xE4,0xFB,0xE4,0xFB,
    0xE4,0xFB,0xE4,0xFB,0xE4,0xFB,0xE4,0xFB,0xE4,0xFB,0xE4,0xFB,0xE4,0xFB,0xE4,0xFB,
    0xE4,0xFB,0xE4,0xFB,0xE4,0xFB,0xE4,0xFB,0xE4,0xFB,0xE4,0xFB,0xE4,0xFB,0xE4,0xFB,
    0xE4,0xFB,0xE4,0xFB,0xE4,0xFB,0xE4,0xFB,0xE4,0xFB,0xE4,0xFB,0xE4,0xFB,0xE4,0xFB,
    0xE4,0xFB,0xE4,0xFB,0xE4,0xFB,0xE4,0xFB,0xE4,0xFB,0xE4,0xFB,0xE4,0xFB,0xE4,0xFB,
    0xE4,0xFB,0xE4,0xFB,0xE4,0xFB,0xE4,0xFB,0xE4,0xFB,0xE4,0xFB,0xE4,0xFB,0xE4,0xFB,
    0xE4,0xFB,0xE4,0xFB,0xE4,0xFB,0xE4,0xFB,0xE4,0xFB,0xE4,0xFB,0xE4,0xFB,0xE4,0xFB,
    0xE4,0xFB,0xE4,0xFB,0xE4,0xFB,0xE4,0xFB,0xE4,0xFB,0xE4,0xFB,0xE4,0xFB,0xE4,0xFB,
    0xE4,0xFB,0xE4,0xFB,0xE4,0xFB,0xE4,0xFB,0xE4,0xFB,0xE4,0xFB,0xE4,0xFB,0xE4,0xFB,
    0xE4,0xFB,0xE4,0xFB,0xE4,0xFB,0xE4,0xFB,0xE4,0xFB,0xE4,0xFB,0xE4,0xFB,0xE4,0xFB,
    0xE4,0xFB,0xE4,0xFB,0xE4,0xFB,0xE4,0xFB,0xE4,0xFB,0xE4,0xFB,0xE4,0xFB,0xE4,0xFB,
    0xE4,0xFB,0xE4,0xFB,0xE4,0xFB,0xE4,0xFB,0xE4,0xFB,0xE4,0xFB,0xE4,0xFB,0xE4,0xFB,
    0xE4,0xFB,0xE4,0xFB,0xE4,0xFB,0xE4,0xFB,0xE4,0xFB,0xE4,0xFB,0xE4,0xFB,0xE4,0xFB,
    0xE4,0xFB,0xE4,0xFB,0xE4,0xFB,0xE4,0xFB,0xE4,0xFB,0xE4,0xFB,0xE4,0xFB,0xE4,0xFB,
    0xE4,0xFB,0xE4,0xFB,0xE4,0xFB,0xE4,0xFB,0xE4,0xFB,0xE4,0xFB,0xE4,0xFB,0xE4,0xFB,
    0xE4,0xFB,0xE4,0xFB,0xE4,0xFB,0xE4,0xFB,0xE4,0xFB,0xE4,0xFB,0xE4,0xFB,0xE4,0xFB,
    0xE4,0xFB,0xE4,0xFB,0xE4,0xFB,0xE4,0xFB,0xE4,0xFB,0xE4,0xFB,0xE4,0xFB,0xE4,0xFB,
    0xE4,0xFB,0xE4,0xFB,0xE4,0xFB,0xE4,0xFB,0xE4,0xFB,0xE4,0xFB,0xE4,0xFB,0xE4,0xFB,
    0xE4,0xFB,0xE4,0xFB,0xE4,0xFB,0xE4,0xFB,0xE4,0xFB,0xE4,0xFB,0xE4,0xFB,0xE4,0xFB,
    0xE4,0xFB,0xE4,0xFB,0xE4,0xFB,0xE4,0xFB,0xE4,0xFB,0xE4,0xFB,0xE4,0xFB,0xE4,0xFB,
    0xE4,0xFB,0xE4,0xFB,0xE4,0xFB,0xE4,0xFB,0xE4,0xFB,0xE4,0xFB,0xE4,0xFB,0xE4,0xFB,
    0xE4,0xFB,0xE4,0xFB,0xE4,0xFB,0xE4,0xFB,0xE4,0xFB,0xE4,0xFB,0xE4,0xFB,0xE4,0xFB,
    0xE4,0xFB,0xE4,0xFB,0xE4,0xFB,0xE4,0xFB,0xE4,0xFB,0xE4,0xFB,0xE4,0xFB,0xE4,0xFB,
    0xE4,0xFB,0xE4,0xFB,0xE4,0xFB,0xE4,0xFB,0xE4,0xFB,0xE4,0xFB,0xE4,0xFB,0xE4,0xFB,
    0xE4,0xFB,0xE4,0xFB,0xE4,0xFB,0xE4,0xFB,0xE4,0xFB,0xE4,0xFB,0xE4,0xFB,0xE4,0xFB,
    0xE4,0xFB,0xE4,0xFB,0xE4,0xFB,0xE4,0xFB,0xE4,0xFB,0xE4,0xFB,0xE4,0xFB,0xE4,0xFB,
    0x25,0xFC,0xE4,0xFB,0x00,0x00,0xA0,0xFA,0x00,0x00,0x00,0x00,0x00,0x00,0x00,0x00,
    0xA0,0xFA,0x00,0x00,0xC4,0xAA,0x25,0xFC,0xE4,0xFB,0xE4,0xFB,0xE4,0xFB,0xE4,0xFB,
    0xE4,0xFB,0xE4,0xFB,0xE4,0xFB,0xE4,0xFB,0xE4,0xFB,0xE4,0xFB,0xE4,0xFB,0xE4,0xFB,
    0xE4,0xFB,0xE4,0xFB,0xE4,0xFB,0xE4,0xFB,0xE4,0xFB,0xE4,0xFB,0xE4,0xFB,0xE4,0xFB,
    0xE4,0xFB,0xE4,0xFB,0xE4,0xFB,0xE4,0xFB,0xE4,0xFB,0xE4,0xFB,0xE4,0xFB,0xE4,0xFB,
    0xE4,0xFB,0xE4,0xFB,0xE4,0xFB,0xE4,0xFB,0xE4,0xFB,0xE4,0xFB,0xE4,0xFB,0xE4,0xFB,
    0xE4,0xFB,0xE4,0xFB,0xE4,0xFB,0xE4,0xFB,0xE4,0xFB,0xE4,0xFB,0xE4,0xFB,0xE4,0xFB,
    0xE4,0xFB,0xE4,0xFB,0xE4,0xFB,0xE4,0xFB,0xE4,0xFB,0xE4,0xFB,0xE4,0xFB,0xE4,0xFB,
    0xE4,0xFB,0xE4,0xFB,0xE4,0xFB,0xE4,0xFB,0xE4,0xFB,0xE4,0xFB,0xE4,0xFB,0xE4,0xFB,
    0xE4,0xFB,0xE4,0xFB,0xE4,0xFB,0xE4,0xFB,0xE4,0xFB,0xE4,0xFB,0xE4,0xFB,0xE4,0xFB,
    0xE4,0xFB,0xE4,0xFB,0xE4,0xFB,0xE4,0xFB,0xE4,0xFB,0xE4,0xFB,0xE4,0xFB,0xE4,0xFB,
    0xE4,0xFB,0xE4,0xFB,0xE4,0xFB,0xE4,0xFB,0xE4,0xFB,0xE4,0xFB,0xE4,0xFB,0xE4,0xFB,
    0xE4,0xFB,0xE4,0xFB,0xE4,0xFB,0xE4,0xFB,0xE4,0xFB,0xE4,0xFB,0xE4,0xFB,0xE4,0xFB,
    0xE4,0xFB,0xE4,0xFB,0xE4,0xFB,0xE4,0xFB,0xE4,0xFB,0xE4,0xFB,0xE4,0xFB,0xE4,0xFB,
    0xE4,0xFB,0xE4,0xFB,0xE4,0xFB,0xE4,0xFB,0xE4,0xFB,0xE4,0xFB,0xE4,0xFB,0xE4,0xFB,
    0xE4,0xFB,0xE4,0xFB,0xE4,0xFB,0xE4,0xFB,0xE4,0xFB,0xE4,0xFB,0xE4,0xFB,0xE4,0xFB,
    0xE4,0xFB,0xE4,0xFB,0xE4,0xFB,0xE4,0xFB,0xE4,0xFB,0xE4,0xFB,0xE4,0xFB,0xE4,0xFB,
    0xE4,0xFB,0xE4,0xFB,0xE4,0xFB,0xE4,0xFB,0xE4,0xFB,0xE4,0xFB,0xE4,0xFB,0xE4,0xFB,
    0xE4,0xFB,0xE4,0xFB,0xE4,0xFB,0xE4,0xFB,0xE4,0xFB,0xE4,0xFB,0xE4,0xFB,0xE4,0xFB,
    0xE4,0xFB,0xE4,0xFB,0xE4,0xFB,0xE4,0xFB,0xE4,0xFB,0xE4,0xFB,0xE4,0xFB,0xE4,0xFB,
    0xE4,0xFB,0xE4,0xFB,0xE4,0xFB,0xE4,0xFB,0xE4,0xFB,0xE4,0xFB,0xE4,0xFB,0xE4,0xFB,
    0xE4,0xFB,0xE4,0xFB,0xE4,0xFB,0xE4,0xFB,0xE4,0xFB,0xE4,0xFB,0xE4,0xFB,0xE4,0xFB,
    0xE4,0xFB,0xE4,0xFB,0xE4,0xFB,0xE4,0xFB,0xE4,0xFB,0xE4,0xFB,0xE4,0xFB,0xE4,0xFB,
    0xE4,0xFB,0xE4,0xFB,0xE4,0xFB,0xE4,0xFB,0xE4,0xFB,0xE4,0xFB,0xE4,0xFB,0xE4,0xFB,
    0xE4,0xFB,0xE4,0xFB,0xE4,0xFB,0xE4,0xFB,0xE4,0xFB,0xE4,0xFB,0xE4,0xFB,0xE4,0xFB,
    0xE4,0xFB,0xE4,0xFB,0xE4,0xFB,0xE4,0xFB,0xE4,0xFB,0xE4,0xFB,0xE4,0xFB,0xE4,0xFB,
    0xE4,0xFB,0xE4,0xFB,0xE4,0xFB,0xE4,0xFB,0xE4,0xFB,0xE4,0xFB,0xE4,0xFB,0xE4,0xFB,
    0xE4,0xFB,0xE4,0xFB,0xE4,0xFB,0xE4,0xFB,0xE4,0xFB,0xE4,0xFB,0xE4,0xFB,0xE4,0xFB,
    0xE4,0xFB,0xE4,0xFB,0xE4,0xFB,0xE4,0xFB,0xE4,0xFB,0xE4,0xFB,0xE4,0xFB,0xE4,0xFB,
    0xE4,0xFB,0xE4,0xFB,0xE4,0xFB,0xE4,0xFB,0xE4,0xFB,0xE4,0xFB,0xE4,0xFB,0xE4,0xFB,
    0xE4,0xFB,0xE4,0xFB,0xE4,0xFB,0xE4,0xFB,0xE4,0xFB,0xE4,0xFB,0xE4,0xFB,0xE4,0xFB,
    0xE4,0xFB,0xE4,0xFB,0xE4,0xFB,0xE4,0xFB,0xE4,0xFB,0xE4,0xFB,0xE4,0xFB,0xE4,0xFB,
    0xE4,0xFB,0xE4,0xFB,0xE4,0xFB,0xE4,0xFB,0xE4,0xFB,0xE4,0xFB,0xE4,0xFB,0xE4,0xFB,
    0xE4,0xFB,0xE4,0xFB,0xE4,0xFB,0xE4,0xFB,0xE4,0xFB,0xE4,0xFB,0x25,0xFC,0xE4,0xFB,
    0x00,0x00,0xA0,0xFA,0x00,0x00,0x00,0x00,0x00,0x00,0x00,0x00,0xA0,0xFA,0x00,0x00,
    0xC4,0xAA,0x25,0xFC,0xE4,0xFB,0xE4,0xFB,0xE4,0xFB,0xE4,0xFB,0xE4,0xFB,0xE4,0xFB,
    0xE4,0xFB,0xE4,0xFB,0xE4,0xFB,0xE4,0xFB,0xE4,0xFB,0xE4,0xFB,0xE4,0xFB,0xE4,0xFB,
    0xE4,0xFB,0xE4,0xFB,0xE4,0xFB,0xE4,0xFB,0xE4,0xFB,0xE4,0xFB,0xE4,0xFB,0xE4,0xFB,
    0xE4,0xFB,0xE4,0xFB,0xE4,0xFB,0xE4,0xFB,0xE4,0xFB,0xE4,0xFB,0xE4,0xFB,0xE4,0xFB,
    0xE4,0xFB,0xE4,0xFB,0xE4,0xFB,0xE4,0xFB,0xE4,0xFB,0xE4,0xFB,0xE4,0xFB,0xE4,0xFB,
    0xE4,0xFB,0xE4,0xFB,0xE4,0xFB,0xE4,0xFB,0xE4,0xFB,0xE4,0xFB,0xE4,0xFB,0xE4,0xFB,
    0xE4,0xFB,0xE4,0xFB,0xE4,0xFB,0xE4,0xFB,0xE4,0xFB,0xE4,0xFB,0xE4,0xFB,0xE4,0xFB,
    0xE4,0xFB,0xE4,0xFB,0xE4,0xFB,0xE4,0xFB,0xE4,0xFB,0xE4,0xFB,0xE4,0xFB,0xE4,0xFB,
    0xE4,0xFB,0xE4,0xFB,0xE4,0xFB,0xE4,0xFB,0xE4,0xFB,0xE4,0xFB,0xE4,0xFB,0xE4,0xFB,
    0xE4,0xFB,0xE4,0xFB,0xE4,0xFB,0xE4,0xFB,0xE4,0xFB,0xE4,0xFB,0xE4,0xFB,0xE4,0xFB,
    0xE4,0xFB,0xE4,0xFB,0xE4,0xFB,0xE4,0xFB,0xE4,0xFB,0xE4,0xFB,0xE4,0xFB,0xE4,0xFB,
    0xE4,0xFB,0xE4,0xFB,0xE4,0xFB,0xE4,0xFB,0xE4,0xFB,0xE4,0xFB,0xE4,0xFB,0xE4,0xFB,
    0xE4,0xFB,0xE4,0xFB,0xE4,0xFB,0xE4,0xFB,0xE4,0xFB,0xE4,0xFB,0xE4,0xFB,0xE4,0xFB,
    0xE4,0xFB,0xE4,0xFB,0xE4,0xFB,0xE4,0xFB,0xE4,0xFB,0xE4,0xFB,0xE4,0xFB,0xE4,0xFB,
    0xE4,0xFB,0xE4,0xFB,0xE4,0xFB,0xE4,0xFB,0xE4,0xFB,0xE4,0xFB,0xE4,0xFB,0xE4,0xFB,
    0xE4,0xFB,0xE4,0xFB,0xE4,0xFB,0xE4,0xFB,0xE4,0xFB,0xE4,0xFB,0xE4,0xFB,0xE4,0xFB,
    0xE4,0xFB,0xE4,0xFB,0xE4,0xFB,0xE4,0xFB,0xE4,0xFB,0xE4,0xFB,0xE4,0xFB,0xE4,0xFB,
    0xE4,0xFB,0xE4,0xFB,0xE4,0xFB,0xE4,0xFB,0xE4,0xFB,0xE4,0xFB,0xE4,0xFB,0xE4,0xFB,
    0xE4,0xFB,0xE4,0xFB,0xE4,0xFB,0xE4,0xFB,0xE4,0xFB,0xE4,0xFB,0xE4,0xFB,0xE4,0xFB,
    0xE4,0xFB,0xE4,0xFB,0xE4,0xFB,0xE4,0xFB,0xE4,0xFB,0xE4,0xFB,0xE4,0xFB,0xE4,0xFB,
    0xE4,0xFB,0xE4,0xFB,0xE4,0xFB,0xE4,0xFB,0xE4,0xFB,0xE4,0xFB,0xE4,0xFB,0xE4,0xFB,
    0xE4,0xFB,0xE4,0xFB,0xE4,0xFB,0xE4,0xFB,0xE4,0xFB,0xE4,0xFB,0xE4,0xFB,0xE4,0xFB,
    0xE4,0xFB,0xE4,0xFB,0xE4,0xFB,0xE4,0xFB,0xE4,0xFB,0xE4,0xFB,0xE4,0xFB,0xE4,0xFB,
    0xE4,0xFB,0xE4,0xFB,0xE4,0xFB,0xE4,0xFB,0xE4,0xFB,0xE4,0xFB,0xE4,0xFB,0xE4,0xFB,
    0xE4,0xFB,0xE4,0xFB,0xE4,0xFB,0xE4,0xFB,0xE4,0xFB,0xE4,0xFB,0xE4,0xFB,0xE4,0xFB,
    0xE4,0xFB,0xE4,0xFB,0xE4,0xFB,0xE4,0xFB,0xE4,0xFB,0xE4,0xFB,0xE4,0xFB,0xE4,0xFB,
    0xE4,0xFB,0xE4,0xFB,0xE4,0xFB,0xE4,0xFB,0xE4,0xFB,0xE4,0xFB,0xE4,0xFB,0xE4,0xFB,
    0xE4,0xFB,0xE4,0xFB,0xE4,0xFB,0xE4,0xFB,0xE4,0xFB,0xE4,0xFB,0xE4,0xFB,0xE4,0xFB,
    0xE4,0xFB,0xE4,0xFB,0xE4,0xFB,0xE4,0xFB,0xE4,0xFB,0xE4,0xFB,0xE4,0xFB,0xE4,0xFB,
    0xE4,0xFB,0xE4,0xFB,0xE4,0xFB,0xE4,0xFB,0xE4,0xFB,0xE4,0xFB,0xE4,0xFB,0xE4,0xFB,
    0xE4,0xFB,0xE4,0xFB,0xE4,0xFB,0xE4,0xFB,0xE4,0xFB,0xE4,0xFB,0xE4,0xFB,0xE4,0xFB,
    0xE4,0xFB,0xE4,0xFB,0xE4,0xFB,0xE4,0xFB,0xE4,0xFB,0xE4,0xFB,0xE4,0xFB,0xE4,0xFB,
    0xE4,0xFB,0xE4,0xFB,0xE4,0xFB,0xE4,0xFB,0x25,0xFC,0xE4,0xFB,0x00,0x00,0xA0,0xFA,
    0x00,0x00,0x00,0x00,0x00,0x00,0x00,0x00,0xA0,0xFA,0x00,0x00,0xC4,0xAA,0x25,0xFC,
    0xE4,0xFB,0xE4,0xFB,0xE4,0xFB,0xE4,0xFB,0xE4,0xFB,0xE4,0xFB,0xE4,0xFB,0xE4,0xFB,
    0xE4,0xFB,0xE4,0xFB,0xE4,0xFB,0xE4,0xFB,0xE4,0xFB,0xE4,0xFB,0xE4,0xFB,0xE4,0xFB,
    0xE4,0xFB,0xE4,0xFB,0xE4,0xFB,0xE4,0xFB,0xE4,0xFB,0xE4,0xFB,0xE4,0xFB,0xE4,0xFB,
    0xE4,0xFB,0xE4,0xFB,0xE4,0xFB,0xE4,0xFB,0xE4,0xFB,0xE4,0xFB,0xE4,0xFB,0xE4,0xFB,
    0xE4,0xFB,0xE4,0xFB,0xE4,0xFB,0xE4,0xFB,0xE4,0xFB,0xE4,0xFB,0xE4,0xFB,0xE4,0xFB,
    0xE4,0xFB,0xE4,0xFB,0xE4,0xFB,0xE4,0xFB,0xE4,0xFB,0xE4,0xFB,0xE4,0xFB,0xE4,0xFB,
    0xE4,0xFB,0xE4,0xFB,0xE4,0xFB,0xE4,0xFB,0xE4,0xFB,0xE4,0xFB,0xE4,0xFB,0xE4,0xFB,
    0xE4,0xFB,0xE4,0xFB,0xE4,0xFB,0xE4,0xFB,0xE4,0xFB,0xE4,0xFB,0xE4,0xFB,0xE4,0xFB,
    0xE4,0xFB,0xE4,0xFB,0xE4,0xFB,0xE4,0xFB,0xE4,0xFB,0xE4,0xFB,0xE4,0xFB,0xE4,0xFB,
    0xE4,0xFB,0xE4,0xFB,0xE4,0xFB,0xE4,0xFB,0xE4,0xFB,0xE4,0xFB,0xE4,0xFB,0xE4,0xFB,
    0xE4,0xFB,0xE4,0xFB,0xE4,0xFB,0xE4,0xFB,0xE4,0xFB,0xE4,0xFB,0xE4,0xFB,0xE4,0xFB,
    0xE4,0xFB,0xE4,0xFB,0xE4,0xFB,0xE4,0xFB,0xE4,0xFB,0xE4,0xFB,0xE4,0xFB,0xE4,0xFB,
    0xE4,0xFB,0xE4,0xFB,0xE4,0xFB,0xE4,0xFB,0xE4,0xFB,0xE4,0xFB,0xE4,0xFB,0xE4,0xFB,
    0xE4,0xFB,0xE4,0xFB,0xE4,0xFB,0xE4,0xFB,0xE4,0xFB,0xE4,0xFB,0xE4,0xFB,0xE4,0xFB,
    0xE4,0xFB,0xE4,0xFB,0xE4,0xFB,0xE4,0xFB,0xE4,0xFB,0xE4,0xFB,0xE4,0xFB,0xE4,0xFB,
    0xE4,0xFB,0xE4,0xFB,0xE4,0xFB,0xE4,0xFB,0xE4,0xFB,0xE4,0xFB,0xE4,0xFB,0xE4,0xFB,
    0xE4,0xFB,0xE4,0xFB,0xE4,0xFB,0xE4,0xFB,0xE4,0xFB,0xE4,0xFB,0xE4,0xFB,0xE4,0xFB,
    0xE4,0xFB,0xE4,0xFB,0xE4,0xFB,0xE4,0xFB,0xE4,0xFB,0xE4,0xFB,0xE4,0xFB,0xE4,0xFB,
    0xE4,0xFB,0xE4,0xFB,0xE4,0xFB,0xE4,0xFB,0xE4,0xFB,0xE4,0xFB,0xE4,0xFB,0xE4,0xFB,
    0xE4,0xFB,0xE4,0xFB,0xE4,0xFB,0xE4,0xFB,0xE4,0xFB,0xE4,0xFB,0xE4,0xFB,0xE4,0xFB,
    0xE4,0xFB,0xE4,0xFB,0xE4,0xFB,0xE4,0xFB,0xE4,0xFB,0xE4,0xFB,0xE4,0xFB,0xE4,0xFB,
    0xE4,0xFB,0xE4,0xFB,0xE4,0xFB,0xE4,0xFB,0xE4,0xFB,0xE4,0xFB,0xE4,0xFB,0xE4,0xFB,
    0xE4,0xFB,0xE4,0xFB,0xE4,0xFB,0xE4,0xFB,0xE4,0xFB,0xE4,0xFB,0xE4,0xFB,0xE4,0xFB,
    0xE4,0xFB,0xE4,0xFB,0xE4,0xFB,0xE4,0xFB,0xE4,0xFB,0xE4,0xFB,0xE4,0xFB,0xE4,0xFB,
    0xE4,0xFB,0xE4,0xFB,0xE4,0xFB,0xE4,0xFB,0xE4,0xFB,0xE4,0xFB,0xE4,0xFB,0xE4,0xFB,
    0xE4,0xFB,0xE4,0xFB,0xE4,0xFB,0xE4,0xFB,0xE4,0xFB,0xE4,0xFB,0xE4,0xFB,0xE4,0xFB,
    0xE4,0xFB,0xE4,0xFB,0xE4,0xFB,0xE4,0xFB,0xE4,0xFB,0xE4,0xFB,0xE4,0xFB,0xE4,0xFB,
    0xE4,0xFB,0xE4,0xFB,0xE4,0xFB,0xE4,0xFB,0xE4,0xFB,0xE4,0xFB,0xE4,0xFB,0xE4,0xFB,
    0xE4,0xFB,0xE4,0xFB,0xE4,0xFB,0xE4,0xFB,0xE4,0xFB,0xE4,0xFB,0xE4,0xFB,0xE4,0xFB,
    0xE4,0xFB,0xE4,0xFB,0xE4,0xFB,0xE4,0xFB,0xE4,0xFB,0xE4,0xFB,0xE4,0xFB,0xE4,0xFB,
    0xE4,0xFB,0xE4,0xFB,0xE4,0xFB,0xE4,0xFB,0xE4,0xFB,0xE4,0xFB,0xE4,0xFB,0xE4,0xFB,
    0xE4,0xFB,0xE4,0xFB,0xE4,0xFB,0xE4,0xFB,0xE4,0xFB,0xE4,0xFB,0xE4,0xFB,0xE4,0xFB,
    0xE4,0xFB,0xE4,0xFB,0x25,0xFC,0xE4,0xFB,0x00,0x00,0xA0,0xFA,0x00,0x00,0x00,0x00,
    0x00,0x00,0x00,0x00,0xA0,0xFA,0x00,0x00,0xC4,0xAA,0x25,0xFC,0xE4,0xFB,0xE4,0xFB,
    0xE4,0xFB,0xE4,0xFB,0xE4,0xFB,0xE4,0xFB,0xE4,0xFB,0xE4,0xFB,0xE4,0xFB,0xE4,0xFB,
    0xE4,0xFB,0xE4,0xFB,0xE4,0xFB,0xE4,0xFB,0xE4,0xFB,0xE4,0xFB,0xE4,0xFB,0xE4,0xFB,
    0xE4,0xFB,0xE4,0xFB,0xE4,0xFB,0xE4,0xFB,0xE4,0xFB,0xE4,0xFB,0xE4,0xFB,0xE4,0xFB,
    0xE4,0xFB,0xE4,0xFB,0xE4,0xFB,0xE4,0xFB,0xE4,0xFB,0xE4,0xFB,0xE4,0xFB,0xE4,0xFB,
    0xE4,0xFB,0xE4,0xFB,0xE4,0xFB,0xE4,0xFB,0xE4,0xFB,0xE4,0xFB,0xE4,0xFB,0xE4,0xFB,
    0xE4,0xFB,0xE4,0xFB,0xE4,0xFB,0xE4,0xFB,0xE4,0xFB,0xE4,0xFB,0xE4,0xFB,0xE4,0xFB,
    0xE4,0xFB,0xE4,0xFB,0xE4,0xFB,0xE4,0xFB,0xE4,0xFB,0xE4,0xFB,0xE4,0xFB,0xE4,0xFB,
    0xE4,0xFB,0xE4,0xFB,0xE4,0xFB,0xE4,0xFB,0xE4,0xFB,0xE4,0xFB,0xE4,0xFB,0xE4,0xFB,
    0xE4,0xFB,0xE4,0xFB,0xE4,0xFB,0xE4,0xFB,0xE4,0xFB,0xE4,0xFB,0xE4,0xFB,0xE4,0xFB,
    0xE4,0xFB,0xE4,0xFB,0xE4,0xFB,0xE4,0xFB,0xE4,0xFB,0xE4,0xFB,0xE4,0xFB,0xE4,0xFB,
    0xE4,0xFB,0xE4,0xFB,0xE4,0xFB,0xE4,0xFB,0xE4,0xFB,0xE4,0xFB,0xE4,0xFB,0xE4,0xFB,
    0xE4,0xFB,0xE4,0xFB,0xE4,0xFB,0xE4,0xFB,0xE4,0xFB,0xE4,0xFB,0xE4,0xFB,0xE4,0xFB,
    0xE4,0xFB,0xE4,0xFB,0xE4,0xFB,0xE4,0xFB,0xE4,0xFB,0xE4,0xFB,0xE4,0xFB,0xE4,0xFB,
    0xE4,0xFB,0xE4,0xFB,0xE4,0xFB,0xE4,0xFB,0xE4,0xFB,0xE4,0xFB,0xE4,0xFB,0xE4,0xFB,
    0xE4,0xFB,0xE4,0xFB,0xE4,0xFB,0xE4,0xFB,0xE4,0xFB,0xE4,0xFB,0xE4,0xFB,0xE4,0xFB,
    0xE4,0xFB,0xE4,0xFB,0xE4,0xFB,0xE4,0xFB,0xE4,0xFB,0xE4,0xFB,0xE4,0xFB,0xE4,0xFB,
    0xE4,0xFB,0xE4,0xFB,0xE4,0xFB,0xE4,0xFB,0xE4,0xFB,0xE4,0xFB,0xE4,0xFB,0xE4,0xFB,
    0xE4,0xFB,0xE4,0xFB,0xE4,0xFB,0xE4,0xFB,0xE4,0xFB,0xE4,0xFB,0xE4,0xFB,0xE4,0xFB,
    0xE4,0xFB,0xE4,0xFB,0xE4,0xFB,0xE4,0xFB,0xE4,0xFB,0xE4,0xFB,0xE4,0xFB,0xE4,0xFB,
    0xE4,0xFB,0xE4,0xFB,0xE4,0xFB,0xE4,0xFB,0xE4,0xFB,0xE4,0xFB,0xE4,0xFB,0xE4,0xFB,
    0xE4,0xFB,0xE4,0xFB,0xE4,0xFB,0xE4,0xFB,0xE4,0xFB,0xE4,0xFB,0xE4,0xFB,0xE4,0xFB,
    0xE4,0xFB,0xE4,0xFB,0xE4,0xFB,0xE4,0xFB,0xE4,0xFB,0xE4,0xFB,0xE4,0xFB,0xE4,0xFB,
    0xE4,0xFB,0xE4,0xFB,0xE4,0xFB,0xE4,0xFB,0xE4,0xFB,0xE4,0xFB,0xE4,0xFB,0xE4,0xFB,
    0xE4,0xFB,0xE4,0xFB,0xE4,0xFB,0xE4,0xFB,0xE4,0xFB,0xE4,0xFB,0xE4,0xFB,0xE4,0xFB,
    0xE4,0xFB,0xE4,0xFB,0xE4,0xFB,0xE4,0xFB,0xE4,0xFB,0xE4,0xFB,0xE4,0xFB,0xE4,0xFB,
    0xE4,0xFB,0xE4,0xFB,0xE4,0xFB,0xE4,0xFB,0xE4,0xFB,0xE4,0xFB,0xE4,0xFB,0xE4,0xFB,
    0xE4,0xFB,0xE4,0xFB,0xE4,0xFB,0xE4,0xFB,0xE4,0xFB,0xE4,0xFB,0xE4,0xFB,0xE4,0xFB,
    0xE4,0xFB,0xE4,0xFB,0xE4,0xFB,0xE4,0xFB,0xE4,0xFB,0xE4,0xFB,0xE4,0xFB,0xE4,0xFB,
    0xE4,0xFB,0xE4,0xFB,0xE4,0xFB,0xE4,0xFB,0xE4,0xFB,0xE4,0xFB,0xE4,0xFB,0xE4,0xFB,
    0xE4,0xFB,0xE4,0xFB,0xE4,0xFB,0xE4,0xFB,0xE4,0xFB,0xE4,0xFB,0xE4,0xFB,0xE4,0xFB,
    0xE4,0xFB,0xE4,0xFB,0xE4,0xFB,0xE4,0xFB,0xE4,0xFB,0xE4,0xFB,0xE4,0xFB,0xE4,0xFB,
    0xE4,0xFB,0xE4,0xFB,0xE4,0xFB,0xE4,0xFB,0xE4,0xFB,0xE4,0xFB,0xE4,0xFB,0xE4,0xFB,
    0x25,0xFC,0xE4,0xFB,0x00,0x00,0xA0,0xFA,0x00,0x00,0x00,0x00,0x00,0x00,0x00,0x00,
    0xA0,0xFA,0x00,0x00,0xC4,0xAA,0x25,0xFC,0xE4,0xFB,0xE4,0xFB,0xE4,0xFB,0xE4,0xFB,
    0xE4,0xFB,0xE4,0xFB,0xE4,0xFB,0xE4,0xFB,0xE4,0xFB,0xE4,0xFB,0xE4,0xFB,0xE4,0xFB,
    0xE4,0xFB,0xE4,0xFB,0xE4,0xFB,0xE4,0xFB,0xE4,0xFB,0xE4,0xFB,0xE4,0xFB,0xE4,0xFB,
    0xE4,0xFB,0xE4,0xFB,0xE4,0xFB,0xE4,0xFB,0xE4,0xFB,0xE4,0xFB,0xE4,0xFB,0xE4,0xFB,
    0xE4,0xFB,0xE4,0xFB,0xE4,0xFB,0xE4,0xFB,0xE4,0xFB,0xE4,0xFB,0xE4,0xFB,0xE4,0xFB,
    0xE4,0xFB,0xE4,0xFB,0xE4,0xFB,0xE4,0xFB,0xE4,0xFB,0xE4,0xFB,0xE4,0xFB,0xE4,0xFB,
    0xE4,0xFB,0xE4,0xFB,0xE4,0xFB,0xE4,0xFB,0xE4,0xFB,0xE4,0xFB,0xE4,0xFB,0xE4,0xFB,
    0xE4,0xFB,0xE4,0xFB,0xE4,0xFB,0xE4,0xFB,0xE4,0xFB,0xE4,0xFB,0xE4,0xFB,0xE4,0xFB,
    0xE4,0xFB,0xE4,0xFB,0xE4,0xFB,0xE4,0xFB,0xE4,0xFB,0xE4,0xFB,0xE4,0xFB,0xE4,0xFB,
    0xE4,0xFB,0xE4,0xFB,0xE4,0xFB,0xE4,0xFB,0xE4,0xFB,0xE4,0xFB,0xE4,0xFB,0xE4,0xFB,
    0xE4,0xFB,0xE4,0xFB,0xE4,0xFB,0xE4,0xFB,0xE4,0xFB,0xE4,0xFB,0xE4,0xFB,0xE4,0xFB,
    0xE4,0xFB,0xE4,0xFB,0xE4,0xFB,0xE4,0xFB,0xE4,0xFB,0xE4,0xFB,0xE4,0xFB,0xE4,0xFB,
    0xE4,0xFB,0xE4,0xFB,0xE4,0xFB,0xE4,0xFB,0xE4,0xFB,0xE4,0xFB,0xE4,0xFB,0xE4,0xFB,
    0xE4,0xFB,0xE4,0xFB,0xE4,0xFB,0xE4,0xFB,0xE4,0xFB,0xE4,0xFB,0xE4,0xFB,0xE4,0xFB,
    0xE4,0xFB,0xE4,0xFB,0xE4,0xFB,0xE4,0xFB,0xE4,0xFB,0xE4,0xFB,0xE4,0xFB,0xE4,0xFB,
    0xE4,0xFB,0xE4,0xFB,0xE4,0xFB,0xE4,0xFB,0xE4,0xFB,0xE4,0xFB,0xE4,0xFB,0xE4,0xFB,
    0xE4,0xFB,0xE4,0xFB,0xE4,0xFB,0xE4,0xFB,0xE4,0xFB,0xE4,0xFB,0xE4,0xFB,0xE4,0xFB,
    0xE4,0xFB,0xE4,0xFB,0xE4,0xFB,0xE4,0xFB,0xE4,0xFB,0xE4,0xFB,0xE4,0xFB,0xE4,0xFB,
    0xE4,0xFB,0xE4,0xFB,0xE4,0xFB,0xE4,0xFB,0xE4,0xFB,0xE4,0xFB,0xE4,0xFB,0xE4,0xFB,
    0xE4,0xFB,0xE4,0xFB,0xE4,0xFB,0xE4,0xFB,0xE4,0xFB,0xE4,0xFB,0xE4,0xFB,0xE4,0xFB,
    0xE4,0xFB,0xE4,0xFB,0xE4,0xFB,0xE4,0xFB,0xE4,0xFB,0xE4,0xFB,0xE4,0xFB,0xE4,0xFB,
    0xE4,0xFB,0xE4,0xFB,0xE4,0xFB,0xE4,0xFB,0xE4,0xFB,0xE4,0xFB,0xE4,0xFB,0xE4,0xFB,
    0xE4,0xFB,0xE4,0xFB,0xE4,0xFB,0xE4,0xFB,0xE4,0xFB,0xE4,0xFB,0xE4,0xFB,0xE4,0xFB,
    0xE4,0xFB,0xE4,0xFB,0xE4,0xFB,0xE4,0xFB,0xE4,0xFB,0xE4,0xFB,0xE4,0xFB,0xE4,0xFB,
    0xE4,0xFB,0xE4,0xFB,0xE4,0xFB,0xE4,0xFB,0xE4,0xFB,0xE4,0xFB,0xE4,0xFB,0xE4,0xFB,
    0xE4,0xFB,0xE4,0xFB,0xE4,0xFB,0xE4,0xFB,0xE4,0xFB,0xE4,0xFB,0xE4,0xFB,0xE4,0xFB,
    0xE4,0xFB,0xE4,0xFB,0xE4,0xFB,0xE4,0xFB,0xE4,0xFB,0xE4,0xFB,0xE4,0xFB,0xE4,0xFB,
    0xE4,0xFB,0xE4,0xFB,0xE4,0xFB,0xE4,0xFB,0xE4,0xFB,0xE4,0xFB,0xE4,0xFB,0xE4,0xFB,
    0xE4,0xFB,0xE4,0xFB,0xE4,0xFB,0xE4,0xFB,0xE4,0xFB,0xE4,0xFB,0xE4,0xFB,0xE4,0xFB,
    0xE4,0xFB,0xE4,0xFB,0xE4,0xFB,0xE4,0xFB,0xE4,0xFB,0xE4,0xFB,0xE4,0xFB,0xE4,0xFB,
    0xE4,0xFB,0xE4,0xFB,0xE4,0xFB,0xE4,0xFB,0xE4,0xFB,0xE4,0xFB,0xE4,0xFB,0xE4,0xFB,
    0xE4,0xFB,0xE4,0xFB,0xE4,0xFB,0xE4,0xFB,0xE4,0xFB,0xE4,0xFB,0xE4,0xFB,0xE4,0xFB,
    0xE4,0xFB,0xE4,0xFB,0xE4,0xFB,0xE4,0xFB,0xE4,0xFB,0xE4,0xFB,0x25,0xFC,0xE4,0xFB,
    0x00,0x00,0xA0,0xFA,0x00,0x00,0x00,0x00,0x00,0x00,0x00,0x00,0xA0,0xFA,0x00,0x00,
    0xC4,0xAA,0x25,0xFC,0xE4,0xFB,0xE4,0xFB,0xE4,0xFB,0xE4,0xFB,0xE4,0xFB,0xE4,0xFB,
    0xE4,0xFB,0xE4,0xFB,0xE4,0xFB,0xE4,0xFB,0xE4,0xFB,0xE4,0xFB,0xE4,0xFB,0xE4,0xFB,
    0xE4,0xFB,0xE4,0xFB,0xE4,0xFB,0xE4,0xFB,0xE4,0xFB,0xE4,0xFB,0xE4,0xFB,0xE4,0xFB,
    0xE4,0xFB,0xE4,0xFB,0xE4,0xFB,0xE4,0xFB,0xE4,0xFB,0xE4,0xFB,0xE4,0xFB,0xE4,0xFB,
    0xE4,0xFB,0xE4,0xFB,0xE4,0xFB,0xE4,0xFB,0xE4,0xFB,0xE4,0xFB,0xE4,0xFB,0xE4,0xFB,
    0xE4,0xFB,0xE4,0xFB,0xE4,0xFB,0xE4,0xFB,0xE4,0xFB,0xE4,0xFB,0xE4,0xFB,0xE4,0xFB,
    0xE4,0xFB,0xE4,0xFB,0xE4,0xFB,0xE4,0xFB,0xE4,0xFB,0xE4,0xFB,0xE4,0xFB,0xE4,0xFB,
    0xE4,0xFB,0xE4,0xFB,0xE4,0xFB,0xE4,0xFB,0xE4,0xFB,0xE4,0xFB,0xE4,0xFB,0xE4,0xFB,
    0xE4,0xFB,0xE4,0xFB,0xE4,0xFB,0xE4,0xFB,0xE4,0xFB,0xE4,0xFB,0xE4,0xFB,0xE4,0xFB,
    0xE4,0xFB,0xE4,0xFB,0xE4,0xFB,0xE4,0xFB,0xE4,0xFB,0xE4,0xFB,0xE4,0xFB,0xE4,0xFB,
    0xE4,0xFB,0xE4,0xFB,0xE4,0xFB,0xE4,0xFB,0xE4,0xFB,0xE4,0xFB,0xE4,0xFB,0xE4,0xFB,
    0xE4,0xFB,0xE4,0xFB,0xE4,0xFB,0xE4,0xFB,0xE4,0xFB,0xE4,0xFB,0xE4,0xFB,0xE4,0xFB,
    0xE4,0xFB,0xE4,0xFB,0xE4,0xFB,0xE4,0xFB,0xE4,0xFB,0xE4,0xFB,0xE4,0xFB,0xE4,0xFB,
    0xE4,0xFB,0xE4,0xFB,0xE4,0xFB,0xE4,0xFB,0xE4,0xFB,0xE4,0xFB,0xE4,0xFB,0xE4,0xFB,
    0xE4,0xFB,0xE4,0xFB,0xE4,0xFB,0xE4,0xFB,0xE4,0xFB,0xE4,0xFB,0xE4,0xFB,0xE4,0xFB,
    0xE4,0xFB,0xE4,0xFB,0xE4,0xFB,0xE4,0xFB,0xE4,0xFB,0xE4,0xFB,0xE4,0xFB,0xE4,0xFB,
    0xE4,0xFB,0xE4,0xFB,0xE4,0xFB,0xE4,0xFB,0xE4,0xFB,0xE4,0xFB,0xE4,0xFB,0xE4,0xFB,
    0xE4,0xFB,0xE4,0xFB,0xE4,0xFB,0xE4,0xFB,0xE4,0xFB,0xE4,0xFB,0xE4,0xFB,0xE4,0xFB,
    0xE4,0xFB,0xE4,0xFB,0xE4,0xFB,0xE4,0xFB,0xE4,0xFB,0xE4,0xFB,0xE4,0xFB,0xE4,0xFB,
    0xE4,0xFB,0xE4,0xFB,0xE4,0xFB,0xE4,0xFB,0xE4,0xFB,0xE4,0xFB,0xE4,0xFB,0xE4,0xFB,
    0xE4,0xFB,0xE4,0xFB,0xE4,0xFB,0xE4,0xFB,0xE4,0xFB,0xE4,0xFB,0xE4,0xFB,0xE4,0xFB,
    0xE4,0xFB,0xE4,0xFB,0xE4,0xFB,0xE4,0xFB,0xE4,0xFB,0xE4,0xFB,0xE4,0xFB,0xE4,0xFB,
    0xE4,0xFB,0xE4,0xFB,0xE4,0xFB,0xE4,0xFB,0xE4,0xFB,0xE4,0xFB,0xE4,0xFB,0xE4,0xFB,
    0xE4,0xFB,0xE4,0xFB,0xE4,0xFB,0xE4,0xFB,0xE4,0xFB,0xE4,0xFB,0xE4,0xFB,0xE4,0xFB,
    0xE4,0xFB,0xE4,0xFB,0xE4,0xFB,0xE4,0xFB,0xE4,0xFB,0xE4,0xFB,0xE4,0xFB,0xE4,0xFB,
    0xE4,0xFB,0xE4,0xFB,0xE4,0xFB,0xE4,0xFB,0xE4,0xFB,0xE4,0xFB,0xE4,0xFB,0xE4,0xFB,
    0xE4,0xFB,0xE4,0xFB,0xE4,0xFB,0xE4,0xFB,0xE4,0xFB,0xE4,0xFB,0xE4,0xFB,0xE4,0xFB,
    0xE4,0xFB,0xE4,0xFB,0xE4,0xFB,0xE4,0xFB,0xE4,0xFB,0xE4,0xFB,0xE4,0xFB,0xE4,0xFB,
    0xE4,0xFB,0xE4,0xFB,0xE4,0xFB,0xE4,0xFB,0xE4,0xFB,0xE4,0xFB,0xE4,0xFB,0xE4,0xFB,
    0xE4,0xFB,0xE4,0xFB,0xE4,0xFB,0xE4,0xFB,0xE4,0xFB,0xE4,0xFB,0xE4,0xFB,0xE4,0xFB,
    0xE4,0xFB,0xE4,0xFB,0xE4,0xFB,0xE4,0xFB,0xE4,0xFB,0xE4,0xFB,0xE4,0xFB,0xE4,0xFB,
    0xE4,0xFB,0xE4,0xFB,0xE4,0xFB,0xE4,0xFB,0xE4,0xFB,0xE4,0xFB,0xE4,0xFB,0xE4,0xFB,
    0xE4,0xFB,0xE4,0xFB,0xE4,0xFB,0xE4,0xFB,0x25,0xFC,0xE4,0xFB,0x00,0x00,0xA0,0xFA,
    0x00,0x00,0x00,0x00,0x00,0x00,0x00,0x00,0xA0,0xFA,0x00,0x00,0xC4,0xAA,0x25,0xFC,
    0xE4,0xFB,0xE4,0xFB,0xE4,0xFB,0xE4,0xFB,0xE4,0xFB,0xE4,0xFB,0xE4,0xFB,0xE4,0xFB,
    0xE4,0xFB,0xE4,0xFB,0xE4,0xFB,0xE4,0xFB,0xE4,0xFB,0xE4,0xFB,0xE4,0xFB,0xE4,0xFB,
    0xE4,0xFB,0xE4,0xFB,0xE4,0xFB,0xE4,0xFB,0xE4,0xFB,0xE4,0xFB,0xE4,0xFB,0xE4,0xFB,
    0xE4,0xFB,0xE4,0xFB,0xE4,0xFB,0xE4,0xFB,0xE4,0xFB,0xE4,0xFB,0xE4,0xFB,0xE4,0xFB,
    0xE4,0xFB,0xE4,0xFB,0xE4,0xFB,0xE4,0xFB,0xE4,0xFB,0xE4,0xFB,0xE4,0xFB,0xE4,0xFB,
    0xE4,0xFB,0xE4,0xFB,0xE4,0xFB,0xE4,0xFB,0xE4,0xFB,0xE4,0xFB,0xE4,0xFB,0xE4,0xFB,
    0xE4,0xFB,0xE4,0xFB,0xE4,0xFB,0xE4,0xFB,0xE4,0xFB,0xE4,0xFB,0xE4,0xFB,0xE4,0xFB,
    0xE4,0xFB,0xE4,0xFB,0xE4,0xFB,0xE4,0xFB,0xE4,0xFB,0xE4,0xFB,0xE4,0xFB,0xE4,0xFB,
    0xE4,0xFB,0xE4,0xFB,0xE4,0xFB,0xE4,0xFB,0xE4,0xFB,0xE4,0xFB,0xE4,0xFB,0xE4,0xFB,
    0xE4,0xFB,0xE4,0xFB,0xE4,0xFB,0xE4,0xFB,0xE4,0xFB,0xE4,0xFB,0xE4,0xFB,0xE4,0xFB,
    0xE4,0xFB,0xE4,0xFB,0xE4,0xFB,0xE4,0xFB,0xE4,0xFB,0xE4,0xFB,0xE4,0xFB,0xE4,0xFB,
    0xE4,0xFB,0xE4,0xFB,0xE4,0xFB,0xE4,0xFB,0xE4,0xFB,0xE4,0xFB,0xE4,0xFB,0xE4,0xFB,
    0xE4,0xFB,0xE4,0xFB,0xE4,0xFB,0xE4,0xFB,0xE4,0xFB,0xE4,0xFB,0xE4,0xFB,0xE4,0xFB,
    0xE4,0xFB,0xE4,0xFB,0xE4,0xFB,0xE4,0xFB,0xE4,0xFB,0xE4,0xFB,0xE4,0xFB,0xE4,0xFB,
    0xE4,0xFB,0xE4,0xFB,0xE4,0xFB,0xE4,0xFB,0xE4,0xFB,0xE4,0xFB,0xE4,0xFB,0xE4,0xFB,
    0xE4,0xFB,0xE4,0xFB,0xE4,0xFB,0xE4,0xFB,0xE4,0xFB,0xE4,0xFB,0xE4,0xFB,0xE4,0xFB,
    0xE4,0xFB,0xE4,0xFB,0xE4,0xFB,0xE4,0xFB,0xE4,0xFB,0xE4,0xFB,0xE4,0xFB,0xE4,0xFB,
    0xE4,0xFB,0xE4,0xFB,0xE4,0xFB,0xE4,0xFB,0xE4,0xFB,0xE4,0xFB,0xE4,0xFB,0xE4,0xFB,
    0xE4,0xFB,0xE4,0xFB,0xE4,0xFB,0xE4,0xFB,0xE4,0xFB,0xE4,0xFB,0xE4,0xFB,0xE4,0xFB,
    0xE4,0xFB,0xE4,0xFB,0xE4,0xFB,0xE4,0xFB,0xE4,0xFB,0xE4,0xFB,0xE4,0xFB,0xE4,0xFB,
    0xE4,0xFB,0xE4,0xFB,0xE4,0xFB,0xE4,0xFB,0xE4,0xFB,0xE4,0xFB,0xE4,0xFB,0xE4,0xFB,
    0xE4,0xFB,0xE4,0xFB,0xE4,0xFB,0xE4,0xFB,0xE4,0xFB,0xE4,0xFB,0xE4,0xFB,0xE4,0xFB,
    0xE4,0xFB,0xE4,0xFB,0xE4,0xFB,0xE4,0xFB,0xE4,0xFB,0xE4,0xFB,0xE4,0xFB,0xE4,0xFB,
    0xE4,0xFB,0xE4,0xFB,0xE4,0xFB,0xE4,0xFB,0xE4,0xFB,0xE4,0xFB,0xE4,0xFB,0xE4,0xFB,
    0xE4,0xFB,0xE4,0xFB,0xE4,0xFB,0xE4,0xFB,0xE4,0xFB,0xE4,0xFB,0xE4,0xFB,0xE4,0xFB,
    0xE4,0xFB,0xE4,0xFB,0xE4,0xFB,0xE4,0xFB,0xE4,0xFB,0xE4,0xFB,0xE4,0xFB,0xE4,0xFB,
    0xE4,0xFB,0xE4,0xFB,0xE4,0xFB,0xE4,0xFB,0xE4,0xFB,0xE4,0xFB,0xE4,0xFB,0xE4,0xFB,
    0xE4,0xFB,0xE4,0xFB,0xE4,0xFB,0xE4,0xFB,0xE4,0xFB,0xE4,0xFB,0xE4,0xFB,0xE4,0xFB,
    0xE4,0xFB,0xE4,0xFB,0xE4,0xFB,0xE4,0xFB,0xE4,0xFB,0xE4,0xFB,0xE4,0xFB,0xE4,0xFB,
    0xE4,0xFB,0xE4,0xFB,0xE4,0xFB,0xE4,0xFB,0xE4,0xFB,0xE4,0xFB,0xE4,0xFB,0xE4,0xFB,
    0xE4,0xFB,0xE4,0xFB,0xE4,0xFB,0xE4,0xFB,0xE4,0xFB,0xE4,0xFB,0xE4,0xFB,0xE4,0xFB,
    0xE4,0xFB,0xE4,0xFB,0xE4,0xFB,0xE4,0xFB,0xE4,0xFB,0xE4,0xFB,0xE4,0xFB,0xE4,0xFB,
    0xE4,0xFB,0xE4,0xFB,0x25,0xFC,0xE4,0xFB,0x00,0x00,0xA0,0xFA,0x00,0x00,0x00,0x00,
    0x00,0x00,0x00,0x00,0xA0,0xFA,0x00,0x00,0xC4,0xAA,0x25,0xFC,0xE4,0xFB,0xE4,0xFB,
    0xE4,0xFB,0xE4,0xFB,0xE4,0xFB,0xE4,0xFB,0xE4,0xFB,0xE4,0xFB,0xE4,0xFB,0xE4,0xFB,
    0xE4,0xFB,0xE4,0xFB,0xE4,0xFB,0xE4,0xFB,0xE4,0xFB,0xE4,0xFB,0xE4,0xFB,0xE4,0xFB,
    0xE4,0xFB,0xE4,0xFB,0xE4,0xFB,0xE4,0xFB,0xE4,0xFB,0xE4,0xFB,0xE4,0xFB,0xE4,0xFB,
    0xE4,0xFB,0xE4,0xFB,0xE4,0xFB,0xE4,0xFB,0xE4,0xFB,0xE4,0xFB,0xE4,0xFB,0xE4,0xFB,
    0xE4,0xFB,0xE4,0xFB,0xE4,0xFB,0xE4,0xFB,0xE4,0xFB,0xE4,0xFB,0xE4,0xFB,0xE4,0xFB,
    0xE4,0xFB,0xE4,0xFB,0xE4,0xFB,0xE4,0xFB,0xE4,0xFB,0xE4,0xFB,0xE4,0xFB,0xE4,0xFB,
    0xE4,0xFB,0xE4,0xFB,0xE4,0xFB,0xE4,0xFB,0xE4,0xFB,0xE4,0xFB,0xE4,0xFB,0xE4,0xFB,
    0xE4,0xFB,0xE4,0xFB,0xE4,0xFB,0xE4,0xFB,0xE4,0xFB,0xE4,0xFB,0xE4,0xFB,0xE4,0xFB,
    0xE4,0xFB,0xE4,0xFB,0xE4,0xFB,0xE4,0xFB,0xE4,0xFB,0xE4,0xFB,0xE4,0xFB,0xE4,0xFB,
    0xE4,0xFB,0xE4,0xFB,0xE4,0xFB,0xE4,0xFB,0xE4,0xFB,0xE4,0xFB,0xE4,0xFB,0xE4,0xFB,
    0xE4,0xFB,0xE4,0xFB,0xE4,0xFB,0xE4,0xFB,0xE4,0xFB,0xE4,0xFB,0xE4,0xFB,0xE4,0xFB,
    0xE4,0xFB,0xE4,0xFB,0xE4,0xFB,0xE4,0xFB,0xE4,0xFB,0xE4,0xFB,0xE4,0xFB,0xE4,0xFB,
    0xE4,0xFB,0xE4,0xFB,0xE4,0xFB,0xE4,0xFB,0xE4,0xFB,0xE4,0xFB,0xE4,0xFB,0xE4,0xFB,
    0xE4,0xFB,0xE4,0xFB,0xE4,0xFB,0xE4,0xFB,0xE4,0xFB,0xE4,0xFB,0xE4,0xFB,0xE4,0xFB,
    0xE4,0xFB,0xE4,0xFB,0xE4,0xFB,0xE4,0xFB,0xE4,0xFB,0xE4,0xFB,0xE4,0xFB,0xE4,0xFB,
    0xE4,0xFB,0xE4,0xFB,0xE4,0xFB,0xE4,0xFB,0xE4,0xFB,0xE4,0xFB,0xE4,0xFB,0xE4,0xFB,
    0xE4,0xFB,0xE4,0xFB,0xE4,0xFB,0xE4,0xFB,0xE4,0xFB,0xE4,0xFB,0xE4,0xFB,0xE4,0xFB,
    0xE4,0xFB,0xE4,0xFB,0xE4,0xFB,0xE4,0xFB,0xE4,0xFB,0xE4,0xFB,0xE4,0xFB,0xE4,0xFB,
    0xE4,0xFB,0xE4,0xFB,0xE4,0xFB,0xE4,0xFB,0xE4,0xFB,0xE4,0xFB,0xE4,0xFB,0xE4,0xFB,
    0xE4,0xFB,0xE4,0xFB,0xE4,0xFB,0xE4,0xFB,0xE4,0xFB,0xE4,0xFB,0xE4,0xFB,0xE4,0xFB,
    0xE4,0xFB,0xE4,0xFB,0xE4,0xFB,0xE4,0xFB,0xE4,0xFB,0xE4,0xFB,0xE4,0xFB,0xE4,0xFB,
    0xE4,0xFB,0xE4,0xFB,0xE4,0xFB,0xE4,0xFB,0xE4,0xFB,0xE4,0xFB,0xE4,0xFB,0xE4,0xFB,
    0xE4,0xFB,0xE4,0xFB,0xE4,0xFB,0xE4,0xFB,0xE4,0xFB,0xE4,0xFB,0xE4,0xFB,0xE4,0xFB,
    0xE4,0xFB,0xE4,0xFB,0xE4,0xFB,0xE4,0xFB,0xE4,0xFB,0xE4,0xFB,0xE4,0xFB,0xE4,0xFB,
    0xE4,0xFB,0xE4,0xFB,0xE4,0xFB,0xE4,0xFB,0xE4,0xFB,0xE4,0xFB,0xE4,0xFB,0xE4,0xFB,
    0xE4,0xFB,0xE4,0xFB,0xE4,0xFB,0xE4,0xFB,0xE4,0xFB,0xE4,0xFB,0xE4,0xFB,0xE4,0xFB,
    0xE4,0xFB,0xE4,0xFB,0xE4,0xFB,0xE4,0xFB,0xE4,0xFB,0xE4,0xFB,0xE4,0xFB,0xE4,0xFB,
    0xE4,0xFB,0xE4,0xFB,0xE4,0xFB,0xE4,0xFB,0xE4,0xFB,0xE4,0xFB,0xE4,0xFB,0xE4,0xFB,
    0xE4,0xFB,0xE4,0xFB,0xE4,0xFB,0xE4,0xFB,0xE4,0xFB,0xE4,0xFB,0xE4,0xFB,0xE4,0xFB,
    0xE4,0xFB,0xE4,0xFB,0xE4,0xFB,0xE4,0xFB,0xE4,0xFB,0xE4,0xFB,0xE4,0xFB,0xE4,0xFB,
    0xE4,0xFB,0xE4,0xFB,0xE4,0xFB,0xE4,0xFB,0xE4,0xFB,0xE4,0xFB,0xE4,0xFB,0xE4,0xFB,
    0xE4,0xFB,0xE4,0xFB,0xE4,0xFB,0xE4,0xFB,0xE4,0xFB,0xE4,0xFB,0xE4,0xFB,0xE4,0xFB,
    0x25,0xFC,0xE4,0xFB,0x00,0x00,0xA0,0xFA,0x00,0x00,0x00,0x00,0x00,0x00,0x00,0x00,
    0xA0,0xFA,0x00,0x00,0xC4,0xAA,0x25,0xFC,0xE4,0xFB,0xE4,0xFB,0xE4,0xFB,0xE4,0xFB,
    0xE4,0xFB,0xE4,0xFB,0xE4,0xFB,0xE4,0xFB,0xE4,0xFB,0xE4,0xFB,0xE4,0xFB,0xE4,0xFB,
    0xE4,0xFB,0xE4,0xFB,0xE4,0xFB,0xE4,0xFB,0xE4,0xFB,0xE4,0xFB,0xE4,0xFB,0xE4,0xFB,
    0xE4,0xFB,0xE4,0xFB,0xE4,0xFB,0xE4,0xFB,0xE4,0xFB,0xE4,0xFB,0xE4,0xFB,0xE4,0xFB,
    0xE4,0xFB,0xE4,0xFB,0xE4,0xFB,0xE4,0xFB,0xE4,0xFB,0xE4,0xFB,0xE4,0xFB,0xE4,0xFB,
    0xE4,0xFB,0xE4,0xFB,0xE4,0xFB,0xE4,0xFB,0xE4,0xFB,0xE4,0xFB,0xE4,0xFB,0xE4,0xFB,
    0xE4,0xFB,0xE4,0xFB,0xE4,0xFB,0xE4,0xFB,0xE4,0xFB,0xE4,0xFB,0xE4,0xFB,0xE4,0xFB,
    0xE4,0xFB,0xE4,0xFB,0xE4,0xFB,0xE4,0xFB,0xE4,0xFB,0xE4,0xFB,0xE4,0xFB,0xE4,0xFB,
    0xE4,0xFB,0xE4,0xFB,0xE4,0xFB,0xE4,0xFB,0xE4,0xFB,0xE4,0xFB,0xE4,0xFB,0xE4,0xFB,
    0xE4,0xFB,0xE4,0xFB,0xE4,0xFB,0xE4,0xFB,0xE4,0xFB,0xE4,0xFB,0xE4,0xFB,0xE4,0xFB,
    0xE4,0xFB,0xE4,0xFB,0xE4,0xFB,0xE4,0xFB,0xE4,0xFB,0xE4,0xFB,0xE4,0xFB,0xE4,0xFB,
    0xE4,0xFB,0xE4,0xFB,0xE4,0xFB,0xE4,0xFB,0xE4,0xFB,0xE4,0xFB,0xE4,0xFB,0xE4,0xFB,
    0xE4,0xFB,0xE4,0xFB,0xE4,0xFB,0xE4,0xFB,0xE4,0xFB,0xE4,0xFB,0xE4,0xFB,0xE4,0xFB,
    0xE4,0xFB,0xE4,0xFB,0xE4,0xFB,0xE4,0xFB,0xE4,0xFB,0xE4,0xFB,0xE4,0xFB,0xE4,0xFB,
    0xE4,0xFB,0xE4,0xFB,0xE4,0xFB,0xE4,0xFB,0xE4,0xFB,0xE4,0xFB,0xE4,0xFB,0xE4,0xFB,
    0xE4,0xFB,0xE4,0xFB,0xE4,0xFB,0xE4,0xFB,0xE4,0xFB,0xE4,0xFB,0xE4,0xFB,0xE4,0xFB,
    0xE4,0xFB,0xE4,0xFB,0xE4,0xFB,0xE4,0xFB,0xE4,0xFB,0xE4,0xFB,0xE4,0xFB,0xE4,0xFB,
    0xE4,0xFB,0xE4,0xFB,0xE4,0xFB,0xE4,0xFB,0xE4,0xFB,0xE4,0xFB,0xE4,0xFB,0xE4,0xFB,
    0xE4,0xFB,0xE4,0xFB,0xE4,0xFB,0xE4,0xFB,0xE4,0xFB,0xE4,0xFB,0xE4,0xFB,0xE4,0xFB,
    0xE4,0xFB,0xE4,0xFB,0xE4,0xFB,0xE4,0xFB,0xE4,0xFB,0xE4,0xFB,0xE4,0xFB,0xE4,0xFB,
    0xE4,0xFB,0xE4,0xFB,0xE4,0xFB,0xE4,0xFB,0xE4,0xFB,0xE4,0xFB,0xE4,0xFB,0xE4,0xFB,
    0xE4,0xFB,0xE4,0xFB,0xE4,0xFB,0xE4,0xFB,0xE4,0xFB,0xE4,0xFB,0xE4,0xFB,0xE4,0xFB,
    0xE4,0xFB,0xE4,0xFB,0xE4,0xFB,0xE4,0xFB,0xE4,0xFB,0xE4,0xFB,0xE4,0xFB,0xE4,0xFB,
    0xE4,0xFB,0xE4,0xFB,0xE4,0xFB,0xE4,0xFB,0xE4,0xFB,0xE4,0xFB,0xE4,0xFB,0xE4,0xFB,
    0xE4,0xFB,0xE4,0xFB,0xE4,0xFB,0xE4,0xFB,0xE4,0xFB,0xE4,0xFB,0xE4,0xFB,0xE4,0xFB,
    0xE4,0xFB,0xE4,0xFB,0xE4,0xFB,0xE4,0xFB,0xE4,0xFB,0xE4,0xFB,0xE4,0xFB,0xE4,0xFB,
    0xE4,0xFB,0xE4,0xFB,0xE4,0xFB,0xE4,0xFB,0xE4,0xFB,0xE4,0xFB,0xE4,0xFB,0xE4,0xFB,
    0xE4,0xFB,0xE4,0xFB,0xE4,0xFB,0xE4,0xFB,0xE4,0xFB,0xE4,0xFB,0xE4,0xFB,0xE4,0xFB,
    0xE4,0xFB,0xE4,0xFB,0xE4,0xFB,0xE4,0xFB,0xE4,0xFB,0xE4,0xFB,0xE4,0xFB,0xE4,0xFB,
    0xE4,0xFB,0xE4,0xFB,0xE4,0xFB,0xE4,0xFB,0xE4,0xFB,0xE4,0xFB,0xE4,0xFB,0xE4,0xFB,
    0xE4,0xFB,0xE4,0xFB,0xE4,0xFB,0xE4,0xFB,0xE4,0xFB,0xE4,0xFB,0xE4,0xFB,0xE4,0xFB,
    0xE4,0xFB,0xE4,0xFB,0xE4,0xFB,0xE4,0xFB,0xE4,0xFB,0xE4,0xFB,0xE4,0xFB,0xE4,0xFB,
    0xE4,0xFB,0xE4,0xFB,0xE4,0xFB,0xE4,0xFB,0xE4,0xFB,0xE4,0xFB,0x25,0xFC,0xE4,0xFB,
    0x00,0x00,0xA0,0xFA,0x00,0x00,0x00,0x00,0x00,0x00,0x00,0x00,0xA0,0xFA,0x00,0x00,
    0xC4,0xAA,0x25,0xFC,0xE4,0xFB,0xE4,0xFB,0xE4,0xFB,0xE4,0xFB,0xE4,0xFB,0xE4,0xFB,
    0xE4,0xFB,0xE4,0xFB,0xE4,0xFB,0xE4,0xFB,0xE4,0xFB,0xE4,0xFB,0xE4,0xFB,0xE4,0xFB,
    0xE4,0xFB,0xE4,0xFB,0xE4,0xFB,0xE4,0xFB,0xE4,0xFB,0xE4,0xFB,0xE4,0xFB,0xE4,0xFB,
    0xE4,0xFB,0xE4,0xFB,0xE4,0xFB,0xE4,0xFB,0xE4,0xFB,0xE4,0xFB,0xE4,0xFB,0xE4,0xFB,
    0xE4,0xFB,0xE4,0xFB,0xE4,0xFB,0xE4,0xFB,0xE4,0xFB,0xE4,0xFB,0xE4,0xFB,0xE4,0xFB,
    0xE4,0xFB,0xE4,0xFB,0xE4,0xFB,0xE4,0xFB,0xE4,0xFB,0xE4,0xFB,0xE4,0xFB,0xE4,0xFB,
    0xE4,0xFB,0xE4,0xFB,0xE4,0xFB,0xE4,0xFB,0xE4,0xFB,0xE4,0xFB,0xE4,0xFB,0xE4,0xFB,
    0xE4,0xFB,0xE4,0xFB,0xE4,0xFB,0xE4,0xFB,0xE4,0xFB,0xE4,0xFB,0xE4,0xFB,0xE4,0xFB,
    0xE4,0xFB,0xE4,0xFB,0xE4,0xFB,0xE4,0xFB,0xE4,0xFB,0xE4,0xFB,0xE4,0xFB,0xE4,0xFB,
    0xE4,0xFB,0xE4,0xFB,0xE4,0xFB,0xE4,0xFB,0xE4,0xFB,0xE4,0xFB,0xE4,0xFB,0xE4,0xFB,
    0xE4,0xFB,0xE4,0xFB,0xE4,0xFB,0xE4,0xFB,0xE4,0xFB,0xE4,0xFB,0xE4,0xFB,0xE4,0xFB,
    0xE4,0xFB,0xE4,0xFB,0xE4,0xFB,0xE4,0xFB,0xE4,0xFB,0xE4,0xFB,0xE4,0xFB,0xE4,0xFB,
    0xE4,0xFB,0xE4,0xFB,0xE4,0xFB,0xE4,0xFB,0xE4,0xFB,0xE4,0xFB,0xE4,0xFB,0xE4,0xFB,
    0xE4,0xFB,0xE4,0xFB,0xE4,0xFB,0xE4,0xFB,0xE4,0xFB,0xE4,0xFB,0xE4,0xFB,0xE4,0xFB,
    0xE4,0xFB,0xE4,0xFB,0xE4,0xFB,0xE4,0xFB,0xE4,0xFB,0xE4,0xFB,0xE4,0xFB,0xE4,0xFB,
    0xE4,0xFB,0xE4,0xFB,0xE4,0xFB,0xE4,0xFB,0xE4,0xFB,0xE4,0xFB,0xE4,0xFB,0xE4,0xFB,
    0xE4,0xFB,0xE4,0xFB,0xE4,0xFB,0xE4,0xFB,0xE4,0xFB,0xE4,0xFB,0xE4,0xFB,0xE4,0xFB,
    0xE4,0xFB,0xE4,0xFB,0xE4,0xFB,0xE4,0xFB,0xE4,0xFB,0xE4,0xFB,0xE4,0xFB,0xE4,0xFB,
    0xE4,0xFB,0xE4,0xFB,0xE4,0xFB,0xE4,0xFB,0xE4,0xFB,0xE4,0xFB,0xE4,0xFB,0xE4,0xFB,
    0xE4,0xFB,0xE4,0xFB,0xE4,0xFB,0xE4,0xFB,0xE4,0xFB,0xE4,0xFB,0xE4,0xFB,0xE4,0xFB,
    0xE4,0xFB,0xE4,0xFB,0xE4,0xFB,0xE4,0xFB,0xE4,0xFB,0xE4,0xFB,0xE4,0xFB,0xE4,0xFB,
    0xE4,0xFB,0xE4,0xFB,0xE4,0xFB,0xE4,0xFB,0xE4,0xFB,0xE4,0xFB,0xE4,0xFB,0xE4,0xFB,
    0xE4,0xFB,0xE4,0xFB,0xE4,0xFB,0xE4,0xFB,0xE4,0xFB,0xE4,0xFB,0xE4,0xFB,0xE4,0xFB,
    0xE4,0xFB,0xE4,0xFB,0xE4,0xFB,0xE4,0xFB,0xE4,0xFB,0xE4,0xFB,0xE4,0xFB,0xE4,0xFB,
    0xE4,0xFB,0xE4,0xFB,0xE4,0xFB,0xE4,0xFB,0xE4,0xFB,0xE4,0xFB,0xE4,0xFB,0xE4,0xFB,
    0xE4,0xFB,0xE4,0xFB,0xE4,0xFB,0xE4,0xFB,0xE4,0xFB,0xE4,0xFB,0xE4,0xFB,0xE4,0xFB,
    0xE4,0xFB,0xE4,0xFB,0xE4,0xFB,0xE4,0xFB,0xE4,0xFB,0xE4,0xFB,0xE4,0xFB,0xE4,0xFB,
    0xE4,0xFB,0xE4,0xFB,0xE4,0xFB,0xE4,0xFB,0xE4,0xFB,0xE4,0xFB,0xE4,0xFB,0xE4,0xFB,
    0xE4,0xFB,0xE4,0xFB,0xE4,0xFB,0xE4,0xFB,0xE4,0xFB,0xE4,0xFB,0xE4,0xFB,0xE4,0xFB,
    0xE4,0xFB,0xE4,0xFB,0xE4,0xFB,0xE4,0xFB,0xE4,0xFB,0xE4,0xFB,0xE4,0xFB,0xE4,0xFB,
    0xE4,0xFB,0xE4,0xFB,0xE4,0xFB,0xE4,0xFB,0xE4,0xFB,0xE4,0xFB,0xE4,0xFB,0xE4,0xFB,
    0xE4,0xFB,0xE4,0xFB,0xE4,0xFB,0xE4,0xFB,0xE4,0xFB,0xE4,0xFB,0xE4,0xFB,0xE4,0xFB,
    0xE4,0xFB,0xE4,0xFB,0xE4,0xFB,0xE4,0xFB,0x25,0xFC,0xE4,0xFB,0x00,0x00,0xA0,0xFA,
    0x00,0x00,0x00,0x00,0x00,0x00,0x00,0x00,0xA0,0xFA,0x00,0x00,0xC4,0xAA,0x25,0xFC,
    0xE4,0xFB,0xE4,0xFB,0xE4,0xFB,0xE4,0xFB,0xE4,0xFB,0xE4,0xFB,0xE4,0xFB,0xE4,0xFB,
    0xE4,0xFB,0xE4,0xFB,0xE4,0xFB,0xE4,0xFB,0xE4,0xFB,0xE4,0xFB,0xE4,0xFB,0xE4,0xFB,
    0xE4,0xFB,0xE4,0xFB,0xE4,0xFB,0xE4,0xFB,0xE4,0xFB,0xE4,0xFB,0xE4,0xFB,0xE4,0xFB,
    0xE4,0xFB,0xE4,0xFB,0xE4,0xFB,0xE4,0xFB,0xE4,0xFB,0xE4,0xFB,0xE4,0xFB,0xE4,0xFB,
    0xE4,0xFB,0xE4,0xFB,0xE4,0xFB,0xE4,0xFB,0xE4,0xFB,0xE4,0xFB,0xE4,0xFB,0xE4,0xFB,
    0xE4,0xFB,0xE4,0xFB,0xE4,0xFB,0xE4,0xFB,0xE4,0xFB,0xE4,0xFB,0xE4,0xFB,0xE4,0xFB,
    0xE4,0xFB,0xE4,0xFB,0xE4,0xFB,0xE4,0xFB,0xE4,0xFB,0xE4,0xFB,0xE4,0xFB,0xE4,0xFB,
    0xE4,0xFB,0xE4,0xFB,0xE4,0xFB,0xE4,0xFB,0xE4,0xFB,0xE4,0xFB,0xE4,0xFB,0xE4,0xFB,
    0xE4,0xFB,0xE4,0xFB,0xE4,0xFB,0xE4,0xFB,0xE4,0xFB,0xE4,0xFB,0xE4,0xFB,0xE4,0xFB,
    0xE4,0xFB,0xE4,0xFB,0xE4,0xFB,0xE4,0xFB,0xE4,0xFB,0xE4,0xFB,0xE4,0xFB,0xE4,0xFB,
    0xE4,0xFB,0xE4,0xFB,0xE4,0xFB,0xE4,0xFB,0xE4,0xFB,0xE4,0xFB,0xE4,0xFB,0xE4,0xFB,
    0xE4,0xFB,0xE4,0xFB,0xE4,0xFB,0xE4,0xFB,0xE4,0xFB,0xE4,0xFB,0xE4,0xFB,0xE4,0xFB,
    0xE4,0xFB,0xE4,0xFB,0xE4,0xFB,0xE4,0xFB,0xE4,0xFB,0xE4,0xFB,0xE4,0xFB,0xE4,0xFB,
    0xE4,0xFB,0xE4,0xFB,0xE4,0xFB,0xE4,0xFB,0xE4,0xFB,0xE4,0xFB,0xE4,0xFB,0xE4,0xFB,
    0xE4,0xFB,0xE4,0xFB,0xE4,0xFB,0xE4,0xFB,0xE4,0xFB,0xE4,0xFB,0xE4,0xFB,0xE4,0xFB,
    0xE4,0xFB,0xE4,0xFB,0xE4,0xFB,0xE4,0xFB,0xE4,0xFB,0xE4,0xFB,0xE4,0xFB,0xE4,0xFB,
    0xE4,0xFB,0xE4,0xFB,0xE4,0xFB,0xE4,0xFB,0xE4,0xFB,0xE4,0xFB,0xE4,0xFB,0xE4,0xFB,
    0xE4,0xFB,0xE4,0xFB,0xE4,0xFB,0xE4,0xFB,0xE4,0xFB,0xE4,0xFB,0xE4,0xFB,0xE4,0xFB,
    0xE4,0xFB,0xE4,0xFB,0xE4,0xFB,0xE4,0xFB,0xE4,0xFB,0xE4,0xFB,0xE4,0xFB,0xE4,0xFB,
    0xE4,0xFB,0xE4,0xFB,0xE4,0xFB,0xE4,0xFB,0xE4,0xFB,0xE4,0xFB,0xE4,0xFB,0xE4,0xFB,
    0xE4,0xFB,0xE4,0xFB,0xE4,0xFB,0xE4,0xFB,0xE4,0xFB,0xE4,0xFB,0xE4,0xFB,0xE4,0xFB,
    0xE4,0xFB,0xE4,0xFB,0xE4,0xFB,0xE4,0xFB,0xE4,0xFB,0xE4,0xFB,0xE4,0xFB,0xE4,0xFB,
    0xE4,0xFB,0xE4,0xFB,0xE4,0xFB,0xE4,0xFB,0xE4,0xFB,0xE4,0xFB,0xE4,0xFB,0xE4,0xFB,
    0xE4,0xFB,0xE4,0xFB,0xE4,0xFB,0xE4,0xFB,0xE4,0xFB,0xE4,0xFB,0xE4,0xFB,0xE4,0xFB,
    0xE4,0xFB,0xE4,0xFB,0xE4,0xFB,0xE4,0xFB,0xE4,0xFB,0xE4,0xFB,0xE4,0xFB,0xE4,0xFB,
    0xE4,0xFB,0xE4,0xFB,0xE4,0xFB,0xE4,0xFB,0xE4,0xFB,0xE4,0xFB,0xE4,0xFB,0xE4,0xFB,
    0xE4,0xFB,0xE4,0xFB,0xE4,0xFB,0xE4,0xFB,0xE4,0xFB,0xE4,0xFB,0xE4,0xFB,0xE4,0xFB,
    0xE4,0xFB,0xE4,0xFB,0xE4,0xFB,0xE4,0xFB,0xE4,0xFB,0xE4,0xFB,0xE4,0xFB,0xE4,0xFB,
    0xE4,0xFB,0xE4,0xFB,0xE4,0xFB,0xE4,0xFB,0xE4,0xFB,0xE4,0xFB,0xE4,0xFB,0xE4,0xFB,
    0xE4,0xFB,0xE4,0xFB,0xE4,0xFB,0xE4,0xFB,0xE4,0xFB,0xE4,0xFB,0xE4,0xFB,0xE4,0xFB,
    0xE4,0xFB,0xE4,0xFB,0xE4,0xFB,0xE4,0xFB,0xE4,0xFB,0xE4,0xFB,0xE4,0xFB,0xE4,0xFB,
    0xE4,0xFB,0xE4,0xFB,0xE4,0xFB,0xE4,0xFB,0xE4,0xFB,0xE4,0xFB,0xE4,0xFB,0xE4,0xFB,
    0xE4,0xFB,0xE4,0xFB,0x25,0xFC,0xE4,0xFB,0x00,0x00,0xA0,0xFA,0x00,0x00,0x00,0x00,
    0x00,0x00,0x00,0x00,0xA0,0xFA,0x00,0x00,0xC4,0xAA,0x25,0xFC,0xE4,0xFB,0xE4,0xFB,
    0xE4,0xFB,0xE4,0xFB,0xE4,0xFB,0xE4,0xFB,0xE4,0xFB,0xE4,0xFB,0xE4,0xFB,0xE4,0xFB,
    0xE4,0xFB,0xE4,0xFB,0xE4,0xFB,0xE4,0xFB,0xE4,0xFB,0xE4,0xFB,0xE4,0xFB,0xE4,0xFB,
    0xE4,0xFB,0xE4,0xFB,0xE4,0xFB,0xE4,0xFB,0xE4,0xFB,0xE4,0xFB,0xE4,0xFB,0xE4,0xFB,
    0xE4,0xFB,0xE4,0xFB,0xE4,0xFB,0xE4,0xFB,0xE4,0xFB,0xE4,0xFB,0xE4,0xFB,0xE4,0xFB,
    0xE4,0xFB,0xE4,0xFB,0xE4,0xFB,0xE4,0xFB,0xE4,0xFB,0xE4,0xFB,0xE4,0xFB,0xE4,0xFB,
    0xE4,0xFB,0xE4,0xFB,0xE4,0xFB,0xE4,0xFB,0xE4,0xFB,0xE4,0xFB,0xE4,0xFB,0xE4,0xFB,
    0xE4,0xFB,0xE4,0xFB,0xE4,0xFB,0xE4,0xFB,0xE4,0xFB,0xE4,0xFB,0xE4,0xFB,0xE4,0xFB,
    0xE4,0xFB,0xE4,0xFB,0xE4,0xFB,0xE4,0xFB,0xE4,0xFB,0xE4,0xFB,0xE4,0xFB,0xE4,0xFB,
    0xE4,0xFB,0xE4,0xFB,0xE4,0xFB,0xE4,0xFB,0xE4,0xFB,0xE4,0xFB,0xE4,0xFB,0xE4,0xFB,
    0xE4,0xFB,0xE4,0xFB,0xE4,0xFB,0xE4,0xFB,0xE4,0xFB,0xE4,0xFB,0xE4,0xFB,0xE4,0xFB,
    0xE4,0xFB,0xE4,0xFB,0xE4,0xFB,0xE4,0xFB,0xE4,0xFB,0xE4,0xFB,0xE4,0xFB,0xE4,0xFB,
    0xE4,0xFB,0xE4,0xFB,0xE4,0xFB,0xE4,0xFB,0xE4,0xFB,0xE4,0xFB,0xE4,0xFB,0xE4,0xFB,
    0xE4,0xFB,0xE4,0xFB,0xE4,0xFB,0xE4,0xFB,0xE4,0xFB,0xE4,0xFB,0xE4,0xFB,0xE4,0xFB,
    0xE4,0xFB,0xE4,0xFB,0xE4,0xFB,0xE4,0xFB,0xE4,0xFB,0xE4,0xFB,0xE4,0xFB,0xE4,0xFB,
    0xE4,0xFB,0xE4,0xFB,0xE4,0xFB,0xE4,0xFB,0xE4,0xFB,0xE4,0xFB,0xE4,0xFB,0xE4,0xFB,
    0xE4,0xFB,0xE4,0xFB,0xE4,0xFB,0xE4,0xFB,0xE4,0xFB,0xE4,0xFB,0xE4,0xFB,0xE4,0xFB,
    0xE4,0xFB,0xE4,0xFB,0xE4,0xFB,0xE4,0xFB,0xE4,0xFB,0xE4,0xFB,0xE4,0xFB,0xE4,0xFB,
    0xE4,0xFB,0xE4,0xFB,0xE4,0xFB,0xE4,0xFB,0xE4,0xFB,0xE4,0xFB,0xE4,0xFB,0xE4,0xFB,
    0xE4,0xFB,0xE4,0xFB,0xE4,0xFB,0xE4,0xFB,0xE4,0xFB,0xE4,0xFB,0xE4,0xFB,0xE4,0xFB,
    0xE4,0xFB,0xE4,0xFB,0xE4,0xFB,0xE4,0xFB,0xE4,0xFB,0xE4,0xFB,0xE4,0xFB,0xE4,0xFB,
    0xE4,0xFB,0xE4,0xFB,0xE4,0xFB,0xE4,0xFB,0xE4,0xFB,0xE4,0xFB,0xE4,0xFB,0xE4,0xFB,
    0xE4,0xFB,0xE4,0xFB,0xE4,0xFB,0xE4,0xFB,0xE4,0xFB,0xE4,0xFB,0xE4,0xFB,0xE4,0xFB,
    0xE4,0xFB,0xE4,0xFB,0xE4,0xFB,0xE4,0xFB,0xE4,0xFB,0xE4,0xFB,0xE4,0xFB,0xE4,0xFB,
    0xE4,0xFB,0xE4,0xFB,0xE4,0xFB,0xE4,0xFB,0xE4,0xFB,0xE4,0xFB,0xE4,0xFB,0xE4,0xFB,
    0xE4,0xFB,0xE4,0xFB,0xE4,0xFB,0xE4,0xFB,0xE4,0xFB,0xE4,0xFB,0xE4,0xFB,0xE4,0xFB,
    0xE4,0xFB,0xE4,0xFB,0xE4,0xFB,0xE4,0xFB,0xE4,0xFB,0xE4,0xFB,0xE4,0xFB,0xE4,0xFB,
    0xE4,0xFB,0xE4,0xFB,0xE4,0xFB,0xE4,0xFB,0xE4,0xFB,0xE4,0xFB,0xE4,0xFB,0xE4,0xFB,
    0xE4,0xFB,0xE4,0xFB,0xE4,0xFB,0xE4,0xFB,0xE4,0xFB,0xE4,0xFB,0xE4,0xFB,0xE4,0xFB,
    0xE4,0xFB,0xE4,0xFB,0xE4,0xFB,0xE4,0xFB,0xE4,0xFB,0xE4,0xFB,0xE4,0xFB,0xE4,0xFB,
    0xE4,0xFB,0xE4,0xFB,0xE4,0xFB,0xE4,0xFB,0xE4,0xFB,0xE4,0xFB,0xE4,0xFB,0xE4,0xFB,
    0xE4,0xFB,0xE4,0xFB,0xE4,0xFB,0xE4,0xFB,0xE4,0xFB,0xE4,0xFB,0xE4,0xFB,0xE4,0xFB,
    0xE4,0xFB,0xE4,0xFB,0xE4,0xFB,0xE4,0xFB,0xE4,0xFB,0xE4,0xFB,0xE4,0xFB,0xE4,0xFB,
    0x25,0xFC,0xE4,0xFB,0x00,0x00,0xA0,0xFA,0x00,0x00,0x00,0x00,0x00,0x00,0x00,0x00,
    0xA0,0xFA,0x00,0x00,0xC4,0xAA,0x25,0xFC,0xE4,0xFB,0xE4,0xFB,0xE4,0xFB,0xE4,0xFB,
    0xE4,0xFB,0xE4,0xFB,0xE4,0xFB,0xE4,0xFB,0xE4,0xFB,0xE4,0xFB,0xE4,0xFB,0xE4,0xFB,
    0xE4,0xFB,0xE4,0xFB,0xE4,0xFB,0xE4,0xFB,0xE4,0xFB,0xE4,0xFB,0xE4,0xFB,0xE4,0xFB,
    0xE4,0xFB,0xE4,0xFB,0xE4,0xFB,0xE4,0xFB,0xE4,0xFB,0xE4,0xFB,0xE4,0xFB,0xE4,0xFB,
    0xE4,0xFB,0xE4,0xFB,0xE4,0xFB,0xE4,0xFB,0xE4,0xFB,0xE4,0xFB,0xE4,0xFB,0xE4,0xFB,
    0xE4,0xFB,0xE4,0xFB,0xE4,0xFB,0xE4,0xFB,0xE4,0xFB,0xE4,0xFB,0xE4,0xFB,0xE4,0xFB,
    0xE4,0xFB,0xE4,0xFB,0xE4,0xFB,0xE4,0xFB,0xE4,0xFB,0xE4,0xFB,0xE4,0xFB,0xE4,0xFB,
    0xE4,0xFB,0xE4,0xFB,0xE4,0xFB,0xE4,0xFB,0xE4,0xFB,0xE4,0xFB,0xE4,0xFB,0xE4,0xFB,
    0xE4,0xFB,0xE4,0xFB,0xE4,0xFB,0xE4,0xFB,0xE4,0xFB,0xE4,0xFB,0xE4,0xFB,0xE4,0xFB,
    0xE4,0xFB,0xE4,0xFB,0xE4,0xFB,0xE4,0xFB,0xE4,0xFB,0xE4,0xFB,0xE4,0xFB,0xE4,0xFB,
    0xE4,0xFB,0xE4,0xFB,0xE4,0xFB,0xE4,0xFB,0xE4,0xFB,0xE4,0xFB,0xE4,0xFB,0xE4,0xFB,
    0xE4,0xFB,0xE4,0xFB,0xE4,0xFB,0xE4,0xFB,0xE4,0xFB,0xE4,0xFB,0xE4,0xFB,0xE4,0xFB,
    0xE4,0xFB,0xE4,0xFB,0xE4,0xFB,0xE4,0xFB,0xE4,0xFB,0xE4,0xFB,0xE4,0xFB,0xE4,0xFB,
    0xE4,0xFB,0xE4,0xFB,0xE4,0xFB,0xE4,0xFB,0xE4,0xFB,0xE4,0xFB,0xE4,0xFB,0xE4,0xFB,
    0xE4,0xFB,0xE4,0xFB,0xE4,0xFB,0xE4,0xFB,0xE4,0xFB,0xE4,0xFB,0xE4,0xFB,0xE4,0xFB,
    0xE4,0xFB,0xE4,0xFB,0xE4,0xFB,0xE4,0xFB,0xE4,0xFB,0xE4,0xFB,0xE4,0xFB,0xE4,0xFB,
    0xE4,0xFB,0xE4,0xFB,0xE4,0xFB,0xE4,0xFB,0xE4,0xFB,0xE4,0xFB,0xE4,0xFB,0xE4,0xFB,
    0xE4,0xFB,0xE4,0xFB,0xE4,0xFB,0xE4,0xFB,0xE4,0xFB,0xE4,0xFB,0xE4,0xFB,0xE4,0xFB,
    0xE4,0xFB,0xE4,0xFB,0xE4,0xFB,0xE4,0xFB,0xE4,0xFB,0xE4,0xFB,0xE4,0xFB,0xE4,0xFB,
    0xE4,0xFB,0xE4,0xFB,0xE4,0xFB,0xE4,0xFB,0xE4,0xFB,0xE4,0xFB,0xE4,0xFB,0xE4,0xFB,
    0xE4,0xFB,0xE4,0xFB,0xE4,0xFB,0xE4,0xFB,0xE4,0xFB,0xE4,0xFB,0xE4,0xFB,0xE4,0xFB,
    0xE4,0xFB,0xE4,0xFB,0xE4,0xFB,0xE4,0xFB,0xE4,0xFB,0xE4,0xFB,0xE4,0xFB,0xE4,0xFB,
    0xE4,0xFB,0xE4,0xFB,0xE4,0xFB,0xE4,0xFB,0xE4,0xFB,0xE4,0xFB,0xE4,0xFB,0xE4,0xFB,
    0xE4,0xFB,0xE4,0xFB,0xE4,0xFB,0xE4,0xFB,0xE4,0xFB,0xE4,0xFB,0xE4,0xFB,0xE4,0xFB,
    0xE4,0xFB,0xE4,0xFB,0xE4,0xFB,0xE4,0xFB,0xE4,0xFB,0xE4,0xFB,0xE4,0xFB,0xE4,0xFB,
    0xE4,0xFB,0xE4,0xFB,0xE4,0xFB,0xE4,0xFB,0xE4,0xFB,0xE4,0xFB,0xE4,0xFB,0xE4,0xFB,
    0xE4,0xFB,0xE4,0xFB,0xE4,0xFB,0xE4,0xFB,0xE4,0xFB,0xE4,0xFB,0xE4,0xFB,0xE4,0xFB,
    0xE4,0xFB,0xE4,0xFB,0xE4,0xFB,0xE4,0xFB,0xE4,0xFB,0xE4,0xFB,0xE4,0xFB,0xE4,0xFB,
    0xE4,0xFB,0xE4,0xFB,0xE4,0xFB,0xE4,0xFB,0xE4,0xFB,0xE4,0xFB,0xE4,0xFB,0xE4,0xFB,
    0xE4,0xFB,0xE4,0xFB,0xE4,0xFB,0xE4,0xFB,0xE4,0xFB,0xE4,0xFB,0xE4,0xFB,0xE4,0xFB,
    0xE4,0xFB,0xE4,0xFB,0xE4,0xFB,0xE4,0xFB,0xE4,0xFB,0xE4,0xFB,0xE4,0xFB,0xE4,0xFB,
    0xE4,0xFB,0xE4,0xFB,0xE4,0xFB,0xE4,0xFB,0xE4,0xFB,0xE4,0xFB,0xE4,0xFB,0xE4,0xFB,
    0xE4,0xFB,0xE4,0xFB,0xE4,0xFB,0xE4,0xFB,0xE4,0xFB,0xE4,0xFB,0x25,0xFC,0xE4,0xFB,
    0x00,0x00,0xA0,0xFA,0x00,0x00,0x00,0x00,0x00,0x00,0x00,0x00,0xA0,0xFA,0x00,0x00,
    0xC4,0xAA,0x25,0xFC,0xE4,0xFB,0xE4,0xFB,0xE4,0xFB,0xE4,0xFB,0xE4,0xFB,0xE4,0xFB,
    0xE4,0xFB,0xE4,0xFB,0xE4,0xFB,0xE4,0xFB,0xE4,0xFB,0xE4,0xFB,0xE4,0xFB,0xE4,0xFB,
    0xE4,0xFB,0xE4,0xFB,0xE4,0xFB,0xE4,0xFB,0xE4,0xFB,0xE4,0xFB,0xE4,0xFB,0xE4,0xFB,
    0xE4,0xFB,0xE4,0xFB,0xE4,0xFB,0xE4,0xFB,0xE4,0xFB,0xE4,0xFB,0xE4,0xFB,0xE4,0xFB,
    0xE4,0xFB,0xE4,0xFB,0xE4,0xFB,0xE4,0xFB,0xE4,0xFB,0xE4,0xFB,0xE4,0xFB,0xE4,0xFB,
    0xE4,0xFB,0xE4,0xFB,0xE4,0xFB,0xE4,0xFB,0xE4,0xFB,0xE4,0xFB,0xE4,0xFB,0xE4,0xFB,
    0xE4,0xFB,0xE4,0xFB,0xE4,0xFB,0xE4,0xFB,0xE4,0xFB,0xE4,0xFB,0xE4,0xFB,0xE4,0xFB,
    0xE4,0xFB,0xE4,0xFB,0xE4,0xFB,0xE4,0xFB,0xE4,0xFB,0xE4,0xFB,0xE4,0xFB,0xE4,0xFB,
    0xE4,0xFB,0xE4,0xFB,0xE4,0xFB,0xE4,0xFB,0xE4,0xFB,0xE4,0xFB,0xE4,0xFB,0xE4,0xFB,
    0xE4,0xFB,0xE4,0xFB,0xE4,0xFB,0xE4,0xFB,0xE4,0xFB,0xE4,0xFB,0xE4,0xFB,0xE4,0xFB,
    0xE4,0xFB,0xE4,0xFB,0xE4,0xFB,0xE4,0xFB,0xE4,0xFB,0xE4,0xFB,0xE4,0xFB,0xE4,0xFB,
    0xE4,0xFB,0xE4,0xFB,0xE4,0xFB,0xE4,0xFB,0xE4,0xFB,0xE4,0xFB,0xE4,0xFB,0xE4,0xFB,
    0xE4,0xFB,0xE4,0xFB,0xE4,0xFB,0xE4,0xFB,0xE4,0xFB,0xE4,0xFB,0xE4,0xFB,0xE4,0xFB,
    0xE4,0xFB,0xE4,0xFB,0xE4,0xFB,0xE4,0xFB,0xE4,0xFB,0xE4,0xFB,0xE4,0xFB,0xE4,0xFB,
    0xE4,0xFB,0xE4,0xFB,0xE4,0xFB,0xE4,0xFB,0xE4,0xFB,0xE4,0xFB,0xE4,0xFB,0xE4,0xFB,
    0xE4,0xFB,0xE4,0xFB,0xE4,0xFB,0xE4,0xFB,0xE4,0xFB,0xE4,0xFB,0xE4,0xFB,0xE4,0xFB,
    0xE4,0xFB,0xE4,0xFB,0xE4,0xFB,0xE4,0xFB,0xE4,0xFB,0xE4,0xFB,0xE4,0xFB,0xE4,0xFB,
    0xE4,0xFB,0xE4,0xFB,0xE4,0xFB,0xE4,0xFB,0xE4,0xFB,0xE4,0xFB,0xE4,0xFB,0xE4,0xFB,
    0xE4,0xFB,0xE4,0xFB,0xE4,0xFB,0xE4,0xFB,0xE4,0xFB,0xE4,0xFB,0xE4,0xFB,0xE4,0xFB,
    0xE4,0xFB,0xE4,0xFB,0xE4,0xFB,0xE4,0xFB,0xE4,0xFB,0xE4,0xFB,0xE4,0xFB,0xE4,0xFB,
    0xE4,0xFB,0xE4,0xFB,0xE4,0xFB,0xE4,0xFB,0xE4,0xFB,0xE4,0xFB,0xE4,0xFB,0xE4,0xFB,
    0xE4,0xFB,0xE4,0xFB,0xE4,0xFB,0xE4,0xFB,0xE4,0xFB,0xE4,0xFB,0xE4,0xFB,0xE4,0xFB,
    0xE4,0xFB,0xE4,0xFB,0xE4,0xFB,0xE4,0xFB,0xE4,0xFB,0xE4,0xFB,0xE4,0xFB,0xE4,0xFB,
    0xE4,0xFB,0xE4,0xFB,0xE4,0xFB,0xE4,0xFB,0xE4,0xFB,0xE4,0xFB,0xE4,0xFB,0xE4,0xFB,
    0xE4,0xFB,0xE4,0xFB,0xE4,0xFB,0xE4,0xFB,0xE4,0xFB,0xE4,0xFB,0xE4,0xFB,0xE4,0xFB,
    0xE4,0xFB,0xE4,0xFB,0xE4,0xFB,0xE4,0xFB,0xE4,0xFB,0xE4,0xFB,0xE4,0xFB,0xE4,0xFB,
    0xE4,0xFB,0xE4,0xFB,0xE4,0xFB,0xE4,0xFB,0xE4,0xFB,0xE4,0xFB,0xE4,0xFB,0xE4,0xFB,
    0xE4,0xFB,0xE4,0xFB,0xE4,0xFB,0xE4,0xFB,0xE4,0xFB,0xE4,0xFB,0xE4,0xFB,0xE4,0xFB,
    0xE4,0xFB,0xE4,0xFB,0xE4,0xFB,0xE4,0xFB,0xE4,0xFB,0xE4,0xFB,0xE4,0xFB,0xE4,0xFB,
    0xE4,0xFB,0xE4,0xFB,0xE4,0xFB,0xE4,0xFB,0xE4,0xFB,0xE4,0xFB,0xE4,0xFB,0xE4,0xFB,
    0xE4,0xFB,0xE4,0xFB,0xE4,0xFB,0xE4,0xFB,0xE4,0xFB,0xE4,0xFB,0xE4,0xFB,0xE4,0xFB,
    0xE4,0xFB,0xE4,0xFB,0xE4,0xFB,0xE4,0xFB,0xE4,0xFB,0xE4,0xFB,0xE4,0xFB,0xE4,0xFB,
    0xE4,0xFB,0xE4,0xFB,0xE4,0xFB,0xE4,0xFB,0x25,0xFC,0xE4,0xFB,0x00,0x00,0xA0,0xFA,
    0x00,0x00,0x00,0x00,0x00,0x00,0x00,0x00,0xA0,0xFA,0x00,0x00,0xC4,0xAA,0x25,0xFC,
    0xE4,0xFB,0xE4,0xFB,0xE4,0xFB,0xE4,0xFB,0xE4,0xFB,0xE4,0xFB,0xE4,0xFB,0xE4,0xFB,
    0xE4,0xFB,0xE4,0xFB,0xE4,0xFB,0xE4,0xFB,0xE4,0xFB,0xE4,0xFB,0xE4,0xFB,0xE4,0xFB,
    0xE4,0xFB,0xE4,0xFB,0xE4,0xFB,0xE4,0xFB,0xE4,0xFB,0xE4,0xFB,0xE4,0xFB,0xE4,0xFB,
    0xE4,0xFB,0xE4,0xFB,0xE4,0xFB,0xE4,0xFB,0xE4,0xFB,0xE4,0xFB,0xE4,0xFB,0xE4,0xFB,
    0xE4,0xFB,0xE4,0xFB,0xE4,0xFB,0xE4,0xFB,0xE4,0xFB,0xE4,0xFB,0xE4,0xFB,0xE4,0xFB,
    0xE4,0xFB,0xE4,0xFB,0xE4,0xFB,0xE4,0xFB,0xE4,0xFB,0xE4,0xFB,0xE4,0xFB,0xE4,0xFB,
    0xE4,0xFB,0xE4,0xFB,0xE4,0xFB,0xE4,0xFB,0xE4,0xFB,0xE4,0xFB,0xE4,0xFB,0xE4,0xFB,
    0xE4,0xFB,0xE4,0xFB,0xE4,0xFB,0xE4,0xFB,0xE4,0xFB,0xE4,0xFB,0xE4,0xFB,0xE4,0xFB,
    0xE4,0xFB,0xE4,0xFB,0xE4,0xFB,0xE4,0xFB,0xE4,0xFB,0xE4,0xFB,0xE4,0xFB,0xE4,0xFB,
    0xE4,0xFB,0xE4,0xFB,0xE4,0xFB,0xE4,0xFB,0xE4,0xFB,0xE4,0xFB,0xE4,0xFB,0xE4,0xFB,
    0xE4,0xFB,0xE4,0xFB,0xE4,0xFB,0xE4,0xFB,0xE4,0xFB,0xE4,0xFB,0xE4,0xFB,0xE4,0xFB,
    0xE4,0xFB,0xE4,0xFB,0xE4,0xFB,0xE4,0xFB,0xE4,0xFB,0xE4,0xFB,0xE4,0xFB,0xE4,0xFB,
    0xE4,0xFB,0xE4,0xFB,0xE4,0xFB,0xE4,0xFB,0xE4,0xFB,0xE4,0xFB,0xE4,0xFB,0xE4,0xFB,
    0xE4,0xFB,0xE4,0xFB,0xE4,0xFB,0xE4,0xFB,0xE4,0xFB,0xE4,0xFB,0xE4,0xFB,0xE4,0xFB,
    0xE4,0xFB,0xE4,0xFB,0xE4,0xFB,0xE4,0xFB,0xE4,0xFB,0xE4,0xFB,0xE4,0xFB,0xE4,0xFB,
    0xE4,0xFB,0xE4,0xFB,0xE4,0xFB,0xE4,0xFB,0xE4,0xFB,0xE4,0xFB,0xE4,0xFB,0xE4,0xFB,
    0xE4,0xFB,0xE4,0xFB,0xE4,0xFB,0xE4,0xFB,0xE4,0xFB,0xE4,0xFB,0xE4,0xFB,0xE4,0xFB,
    0xE4,0xFB,0xE4,0xFB,0xE4,0xFB,0xE4,0xFB,0xE4,0xFB,0xE4,0xFB,0xE4,0xFB,0xE4,0xFB,
    0xE4,0xFB,0xE4,0xFB,0xE4,0xFB,0xE4,0xFB,0xE4,0xFB,0xE4,0xFB,0xE4,0xFB,0xE4,0xFB,
    0xE4,0xFB,0xE4,0xFB,0xE4,0xFB,0xE4,0xFB,0xE4,0xFB,0xE4,0xFB,0xE4,0xFB,0xE4,0xFB,
    0xE4,0xFB,0xE4,0xFB,0xE4,0xFB,0xE4,0xFB,0xE4,0xFB,0xE4,0xFB,0xE4,0xFB,0xE4,0xFB,
    0xE4,0xFB,0xE4,0xFB,0xE4,0xFB,0xE4,0xFB,0xE4,0xFB,0xE4,0xFB,0xE4,0xFB,0xE4,0xFB,
    0xE4,0xFB,0xE4,0xFB,0xE4,0xFB,0xE4,0xFB,0xE4,0xFB,0xE4,0xFB,0xE4,0xFB,0xE4,0xFB,
    0xE4,0xFB,0xE4,0xFB,0xE4,0xFB,0xE4,0xFB,0xE4,0xFB,0xE4,0xFB,0xE4,0xFB,0xE4,0xFB,
    0xE4,0xFB,0xE4,0xFB,0xE4,0xFB,0xE4,0xFB,0xE4,0xFB,0xE4,0xFB,0xE4,0xFB,0xE4,0xFB,
    0xE4,0xFB,0xE4,0xFB,0xE4,0xFB,0xE4,0xFB,0xE4,0xFB,0xE4,0xFB,0xE4,0xFB,0xE4,0xFB,
    0xE4,0xFB,0xE4,0xFB,0xE4,0xFB,0xE4,0xFB,0xE4,0xFB,0xE4,0xFB,0xE4,0xFB,0xE4,0xFB,
    0xE4,0xFB,0xE4,0xFB,0xE4,0xFB,0xE4,0xFB,0xE4,0xFB,0xE4,0xFB,0xE4,0xFB,0xE4,0xFB,
    0xE4,0xFB,0xE4,0xFB,0xE4,0xFB,0xE4,0xFB,0xE4,0xFB,0xE4,0xFB,0xE4,0xFB,0xE4,0xFB,
    0xE4,0xFB,0xE4,0xFB,0xE4,0xFB,0xE4,0xFB,0xE4,0xFB,0xE4,0xFB,0xE4,0xFB,0xE4,0xFB,
    0xE4,0xFB,0xE4,0xFB,0xE4,0xFB,0xE4,0xFB,0xE4,0xFB,0xE4,0xFB,0xE4,0xFB,0xE4,0xFB,
    0xE4,0xFB,0xE4,0xFB,0xE4,0xFB,0xE4,0xFB,0xE4,0xFB,0xE4,0xFB,0xE4,0xFB,0xE4,0xFB,
    0xE4,0xFB,0xE4,0xFB,0x25,0xFC,0xE4,0xFB,0x00,0x00,0xA0,0xFA,0x00,0x00,0x00,0x00,
    0x00,0x00,0x00,0x00,0xA0,0xFA,0x00,0x00,0xC4,0xAA,0x25,0xFC,0xE4,0xFB,0xE4,0xFB,
    0xE4,0xFB,0xE4,0xFB,0xE4,0xFB,0xE4,0xFB,0xE4,0xFB,0xE4,0xFB,0xE4,0xFB,0xE4,0xFB,
    0xE4,0xFB,0xE4,0xFB,0xE4,0xFB,0xE4,0xFB,0xE4,0xFB,0xE4,0xFB,0xE4,0xFB,0xE4,0xFB,
    0xE4,0xFB,0xE4,0xFB,0xE4,0xFB,0xE4,0xFB,0xE4,0xFB,0xE4,0xFB,0xE4,0xFB,0xE4,0xFB,
    0xE4,0xFB,0xE4,0xFB,0xE4,0xFB,0xE4,0xFB,0xE4,0xFB,0xE4,0xFB,0xE4,0xFB,0xE4,0xFB,
    0xE4,0xFB,0xE4,0xFB,0xE4,0xFB,0xE4,0xFB,0xE4,0xFB,0xE4,0xFB,0xE4,0xFB,0xE4,0xFB,
    0xE4,0xFB,0xE4,0xFB,0xE4,0xFB,0xE4,0xFB,0xE4,0xFB,0xE4,0xFB,0xE4,0xFB,0xE4,0xFB,
    0xE4,0xFB,0xE4,0xFB,0xE4,0xFB,0xE4,0xFB,0xE4,0xFB,0xE4,0xFB,0xE4,0xFB,0xE4,0xFB,
    0xE4,0xFB,0xE4,0xFB,0xE4,0xFB,0xE4,0xFB,0xE4,0xFB,0xE4,0xFB,0xE4,0xFB,0xE4,0xFB,
    0xE4,0xFB,0xE4,0xFB,0xE4,0xFB,0xE4,0xFB,0xE4,0xFB,0xE4,0xFB,0xE4,0xFB,0xE4,0xFB,
    0xE4,0xFB,0xE4,0xFB,0xE4,0xFB,0xE4,0xFB,0xE4,0xFB,0xE4,0xFB,0xE4,0xFB,0xE4,0xFB,
    0xE4,0xFB,0xE4,0xFB,0xE4,0xFB,0xE4,0xFB,0xE4,0xFB,0xE4,0xFB,0xE4,0xFB,0xE4,0xFB,
    0xE4,0xFB,0xE4,0xFB,0xE4,0xFB,0xE4,0xFB,0xE4,0xFB,0xE4,0xFB,0xE4,0xFB,0xE4,0xFB,
    0xE4,0xFB,0xE4,0xFB,0xE4,0xFB,0xE4,0xFB,0xE4,0xFB,0xE4,0xFB,0xE4,0xFB,0xE4,0xFB,
    0xE4,0xFB,0xE4,0xFB,0xE4,0xFB,0xE4,0xFB,0xE4,0xFB,0xE4,0xFB,0xE4,0xFB,0xE4,0xFB,
    0xE4,0xFB,0xE4,0xFB,0xE4,0xFB,0xE4,0xFB,0xE4,0xFB,0xE4,0xFB,0xE4,0xFB,0xE4,0xFB,
    0xE4,0xFB,0xE4,0xFB,0xE4,0xFB,0xE4,0xFB,0xE4,0xFB,0xE4,0xFB,0xE4,0xFB,0xE4,0xFB,
    0xE4,0xFB,0xE4,0xFB,0xE4,0xFB,0xE4,0xFB,0xE4,0xFB,0xE4,0xFB,0xE4,0xFB,0xE4,0xFB,
    0xE4,0xFB,0xE4,0xFB,0xE4,0xFB,0xE4,0xFB,0xE4,0xFB,0xE4,0xFB,0xE4,0xFB,0xE4,0xFB,
    0xE4,0xFB,0xE4,0xFB,0xE4,0xFB,0xE4,0xFB,0xE4,0xFB,0xE4,0xFB,0xE4,0xFB,0xE4,0xFB,
    0xE4,0xFB,0xE4,0xFB,0xE4,0xFB,0xE4,0xFB,0xE4,0xFB,0xE4,0xFB,0xE4,0xFB,0xE4,0xFB,
    0xE4,0xFB,0xE4,0xFB,0xE4,0xFB,0xE4,0xFB,0xE4,0xFB,0xE4,0xFB,0xE4,0xFB,0xE4,0xFB,
    0xE4,0xFB,0xE4,0xFB,0xE4,0xFB,0xE4,0xFB,0xE4,0xFB,0xE4,0xFB,0xE4,0xFB,0xE4,0xFB,
    0xE4,0xFB,0xE4,0xFB,0xE4,0xFB,0xE4,0xFB,0xE4,0xFB,0xE4,0xFB,0xE4,0xFB,0xE4,0xFB,
    0xE4,0xFB,0xE4,0xFB,0xE4,0xFB,0xE4,0xFB,0xE4,0xFB,0xE4,0xFB,0xE4,0xFB,0xE4,0xFB,
    0xE4,0xFB,0xE4,0xFB,0xE4,0xFB,0xE4,0xFB,0xE4,0xFB,0xE4,0xFB,0xE4,0xFB,0xE4,0xFB,
    0xE4,0xFB,0xE4,0xFB,0xE4,0xFB,0xE4,0xFB,0xE4,0xFB,0xE4,0xFB,0xE4,0xFB,0xE4,0xFB,
    0xE4,0xFB,0xE4,0xFB,0xE4,0xFB,0xE4,0xFB,0xE4,0xFB,0xE4,0xFB,0xE4,0xFB,0xE4,0xFB,
    0xE4,0xFB,0xE4,0xFB,0xE4,0xFB,0xE4,0xFB,0xE4,0xFB,0xE4,0xFB,0xE4,0xFB,0xE4,0xFB,
    0xE4,0xFB,0xE4,0xFB,0xE4,0xFB,0xE4,0xFB,0xE4,0xFB,0xE4,0xFB,0xE4,0xFB,0xE4,0xFB,
    0xE4,0xFB,0xE4,0xFB,0xE4,0xFB,0xE4,0xFB,0xE4,0xFB,0xE4,0xFB,0xE4,0xFB,0xE4,0xFB,
    0xE4,0xFB,0xE4,0xFB,0xE4,0xFB,0xE4,0xFB,0xE4,0xFB,0xE4,0xFB,0xE4,0xFB,0xE4,0xFB,
    0xE4,0xFB,0xE4,0xFB,0xE4,0xFB,0xE4,0xFB,0xE4,0xFB,0xE4,0xFB,0xE4,0xFB,0xE4,0xFB,
    0x25,0xFC,0xE4,0xFB,0x00,0x00,0xA0,0xFA,0x00,0x00,0x00,0x00,0x00,0x00,0x00,0x00,
    0xA0,0xFA,0x00,0x00,0xC4,0xAA,0x25,0xFC,0xE4,0xFB,0xE4,0xFB,0xE4,0xFB,0xE4,0xFB,
    0xE4,0xFB,0xE4,0xFB,0xE4,0xFB,0xE4,0xFB,0xE4,0xFB,0xE4,0xFB,0xE4,0xFB,0xE4,0xFB,
    0xE4,0xFB,0xE4,0xFB,0xE4,0xFB,0xE4,0xFB,0xE4,0xFB,0xE4,0xFB,0xE4,0xFB,0xE4,0xFB,
    0xE4,0xFB,0xE4,0xFB,0xE4,0xFB,0xE4,0xFB,0xE4,0xFB,0xE4,0xFB,0xE4,0xFB,0xE4,0xFB,
    0xE4,0xFB,0xE4,0xFB,0xE4,0xFB,0xE4,0xFB,0xE4,0xFB,0xE4,0xFB,0xE4,0xFB,0xE4,0xFB,
    0xE4,0xFB,0xE4,0xFB,0xE4,0xFB,0xE4,0xFB,0xE4,0xFB,0xE4,0xFB,0xE4,0xFB,0xE4,0xFB,
    0xE4,0xFB,0xE4,0xFB,0xE4,0xFB,0xE4,0xFB,0xE4,0xFB,0xE4,0xFB,0xE4,0xFB,0xE4,0xFB,
    0xE4,0xFB,0xE4,0xFB,0xE4,0xFB,0xE4,0xFB,0xE4,0xFB,0xE4,0xFB,0xE4,0xFB,0xE4,0xFB,
    0xE4,0xFB,0xE4,0xFB,0xE4,0xFB,0xE4,0xFB,0xE4,0xFB,0xE4,0xFB,0xE4,0xFB,0xE4,0xFB,
    0xE4,0xFB,0xE4,0xFB,0xE4,0xFB,0xE4,0xFB,0xE4,0xFB,0xE4,0xFB,0xE4,0xFB,0xE4,0xFB,
    0xE4,0xFB,0xE4,0xFB,0xE4,0xFB,0xE4,0xFB,0xE4,0xFB,0xE4,0xFB,0xE4,0xFB,0xE4,0xFB,
    0xE4,0xFB,0xE4,0xFB,0xE4,0xFB,0xE4,0xFB,0xE4,0xFB,0xE4,0xFB,0xE4,0xFB,0xE4,0xFB,
    0xE4,0xFB,0xE4,0xFB,0xE4,0xFB,0xE4,0xFB,0xE4,0xFB,0xE4,0xFB,0xE4,0xFB,0xE4,0xFB,
    0xE4,0xFB,0xE4,0xFB,0xE4,0xFB,0xE4,0xFB,0xE4,0xFB,0xE4,0xFB,0xE4,0xFB,0xE4,0xFB,
    0xE4,0xFB,0xE4,0xFB,0xE4,0xFB,0xE4,0xFB,0xE4,0xFB,0xE4,0xFB,0xE4,0xFB,0xE4,0xFB,
    0xE4,0xFB,0xE4,0xFB,0xE4,0xFB,0xE4,0xFB,0xE4,0xFB,0xE4,0xFB,0xE4,0xFB,0xE4,0xFB,
    0xE4,0xFB,0xE4,0xFB,0xE4,0xFB,0xE4,0xFB,0xE4,0xFB,0xE4,0xFB,0xE4,0xFB,0xE4,0xFB,
    0xE4,0xFB,0xE4,0xFB,0xE4,0xFB,0xE4,0xFB,0xE4,0xFB,0xE4,0xFB,0xE4,0xFB,0xE4,0xFB,
    0xE4,0xFB,0xE4,0xFB,0xE4,0xFB,0xE4,0xFB,0xE4,0xFB,0xE4,0xFB,0xE4,0xFB,0xE4,0xFB,
    0xE4,0xFB,0xE4,0xFB,0xE4,0xFB,0xE4,0xFB,0xE4,0xFB,0xE4,0xFB,0xE4,0xFB,0xE4,0xFB,
    0xE4,0xFB,0xE4,0xFB,0xE4,0xFB,0xE4,0xFB,0xE4,0xFB,0xE4,0xFB,0xE4,0xFB,0xE4,0xFB,
    0xE4,0xFB,0xE4,0xFB,0xE4,0xFB,0xE4,0xFB,0xE4,0xFB,0xE4,0xFB,0xE4,0xFB,0xE4,0xFB,
    0xE4,0xFB,0xE4,0xFB,0xE4,0xFB,0xE4,0xFB,0xE4,0xFB,0xE4,0xFB,0xE4,0xFB,0xE4,0xFB,
    0xE4,0xFB,0xE4,0xFB,0xE4,0xFB,0xE4,0xFB,0xE4,0xFB,0xE4,0xFB,0xE4,0xFB,0xE4,0xFB,
    0xE4,0xFB,0xE4,0xFB,0xE4,0xFB,0xE4,0xFB,0xE4,0xFB,0xE4,0xFB,0xE4,0xFB,0xE4,0xFB,
    0xE4,0xFB,0xE4,0xFB,0xE4,0xFB,0xE4,0xFB,0xE4,0xFB,0xE4,0xFB,0xE4,0xFB,0xE4,0xFB,
    0xE4,0xFB,0xE4,0xFB,0xE4,0xFB,0xE4,0xFB,0xE4,0xFB,0xE4,0xFB,0xE4,0xFB,0xE4,0xFB,
    0xE4,0xFB,0xE4,0xFB,0xE4,0xFB,0xE4,0xFB,0xE4,0xFB,0xE4,0xFB,0xE4,0xFB,0xE4,0xFB,
    0xE4,0xFB,0xE4,0xFB,0xE4,0xFB,0xE4,0xFB,0xE4,0xFB,0xE4,0xFB,0xE4,0xFB,0xE4,0xFB,
    0xE4,0xFB,0xE4,0xFB,0xE4,0xFB,0xE4,0xFB,0xE4,0xFB,0xE4,0xFB,0xE4,0xFB,0xE4,0xFB,
    0xE4,0xFB,0xE4,0xFB,0xE4,0xFB,0xE4,0xFB,0xE4,0xFB,0xE4,0xFB,0xE4,0xFB,0xE4,0xFB,
    0xE4,0xFB,0xE4,0xFB,0xE4,0xFB,0xE4,0xFB,0xE4,0xFB,0xE4,0xFB,0xE4,0xFB,0xE4,0xFB,
    0xE4,0xFB,0xE4,0xFB,0xE4,0xFB,0xE4,0xFB,0xE4,0xFB,0xE4,0xFB,0x25,0xFC,0xE4,0xFB,
    0x00,0x00,0xA0,0xFA,0x00,0x00,0x00,0x00,0x00,0x00,0x00,0x00,0xA0,0xFA,0x00,0x00,
    0xC4,0xAA,0x25,0xFC,0xE4,0xFB,0xE4,0xFB,0xE4,0xFB,0xE4,0xFB,0xE4,0xFB,0xE4,0xFB,
    0xE4,0xFB,0xE4,0xFB,0xE4,0xFB,0xE4,0xFB,0xE4,0xFB,0xE4,0xFB,0xE4,0xFB,0xE4,0xFB,
    0xE4,0xFB,0xE4,0xFB,0xE4,0xFB,0xE4,0xFB,0xE4,0xFB,0xE4,0xFB,0xE4,0xFB,0xE4,0xFB,
    0xE4,0xFB,0xE4,0xFB,0xE4,0xFB,0xE4,0xFB,0xE4,0xFB,0xE4,0xFB,0xE4,0xFB,0xE4,0xFB,
    0xE4,0xFB,0xE4,0xFB,0xE4,0xFB,0xE4,0xFB,0xE4,0xFB,0xE4,0xFB,0xE4,0xFB,0xE4,0xFB,
    0xE4,0xFB,0xE4,0xFB,0xE4,0xFB,0xE4,0xFB,0xE4,0xFB,0xE4,0xFB,0xE4,0xFB,0xE4,0xFB,
    0xE4,0xFB,0xE4,0xFB,0xE4,0xFB,0xE4,0xFB,0xE4,0xFB,0xE4,0xFB,0xE4,0xFB,0xE4,0xFB,
    0xE4,0xFB,0xE4,0xFB,0xE4,0xFB,0xE4,0xFB,0xE4,0xFB,0xE4,0xFB,0xE4,0xFB,0xE4,0xFB,
    0xE4,0xFB,0xE4,0xFB,0xE4,0xFB,0xE4,0xFB,0xE4,0xFB,0xE4,0xFB,0xE4,0xFB,0xE4,0xFB,
    0xE4,0xFB,0xE4,0xFB,0xE4,0xFB,0xE4,0xFB,0xE4,0xFB,0xE4,0xFB,0xE4,0xFB,0xE4,0xFB,
    0xE4,0xFB,0xE4,0xFB,0xE4,0xFB,0xE4,0xFB,0xE4,0xFB,0xE4,0xFB,0xE4,0xFB,0xE4,0xFB,
    0xE4,0xFB,0xE4,0xFB,0xE4,0xFB,0xE4,0xFB,0xE4,0xFB,0xE4,0xFB,0xE4,0xFB,0xE4,0xFB,
    0xE4,0xFB,0xE4,0xFB,0xE4,0xFB,0xE4,0xFB,0xE4,0xFB,0xE4,0xFB,0xE4,0xFB,0xE4,0xFB,
    0xE4,0xFB,0xE4,0xFB,0xE4,0xFB,0xE4,0xFB,0xE4,0xFB,0xE4,0xFB,0xE4,0xFB,0xE4,0xFB,
    0xE4,0xFB,0xE4,0xFB,0xE4,0xFB,0xE4,0xFB,0xE4,0xFB,0xE4,0xFB,0xE4,0xFB,0xE4,0xFB,
    0xE4,0xFB,0xE4,0xFB,0xE4,0xFB,0xE4,0xFB,0xE4,0xFB,0xE4,0xFB,0xE4,0xFB,0xE4,0xFB,
    0xE4,0xFB,0xE4,0xFB,0xE4,0xFB,0xE4,0xFB,0xE4,0xFB,0xE4,0xFB,0xE4,0xFB,0xE4,0xFB,
    0xE4,0xFB,0xE4,0xFB,0xE4,0xFB,0xE4,0xFB,0xE4,0xFB,0xE4,0xFB,0xE4,0xFB,0xE4,0xFB,
    0xE4,0xFB,0xE4,0xFB,0xE4,0xFB,0xE4,0xFB,0xE4,0xFB,0xE4,0xFB,0xE4,0xFB,0xE4,0xFB,
    0xE4,0xFB,0xE4,0xFB,0xE4,0xFB,0xE4,0xFB,0xE4,0xFB,0xE4,0xFB,0xE4,0xFB,0xE4,0xFB,
    0xE4,0xFB,0xE4,0xFB,0xE4,0xFB,0xE4,0xFB,0xE4,0xFB,0xE4,0xFB,0xE4,0xFB,0xE4,0xFB,
    0xE4,0xFB,0xE4,0xFB,0xE4,0xFB,0xE4,0xFB,0xE4,0xFB,0xE4,0xFB,0xE4,0xFB,0xE4,0xFB,
    0xE4,0xFB,0xE4,0xFB,0xE4,0xFB,0xE4,0xFB,0xE4,0xFB,0xE4,0xFB,0xE4,0xFB,0xE4,0xFB,
    0xE4,0xFB,0xE4,0xFB,0xE4,0xFB,0xE4,0xFB,0xE4,0xFB,0xE4,0xFB,0xE4,0xFB,0xE4,0xFB,
    0xE4,0xFB,0xE4,0xFB,0xE4,0xFB,0xE4,0xFB,0xE4,0xFB,0xE4,0xFB,0xE4,0xFB,0xE4,0xFB,
    0xE4,0xFB,0xE4,0xFB,0xE4,0xFB,0xE4,0xFB,0xE4,0xFB,0xE4,0xFB,0xE4,0xFB,0xE4,0xFB,
    0xE4,0xFB,0xE4,0xFB,0xE4,0xFB,0xE4,0xFB,0xE4,0xFB,0xE4,0xFB,0xE4,0xFB,0xE4,0xFB,
    0xE4,0xFB,0xE4,0xFB,0xE4,0xFB,0xE4,0xFB,0xE4,0xFB,0xE4,0xFB,0xE4,0xFB,0xE4,0xFB,
    0xE4,0xFB,0xE4,0xFB,0xE4,0xFB,0xE4,0xFB,0xE4,0xFB,0xE4,0xFB,0xE4,0xFB,0xE4,0xFB,
    0xE4,0xFB,0xE4,0xFB,0xE4,0xFB,0xE4,0xFB,0xE4,0xFB,0xE4,0xFB,0xE4,0xFB,0xE4,0xFB,
    0xE4,0xFB,0xE4,0xFB,0xE4,0xFB,0xE4,0xFB,0xE4,0xFB,0xE4,0xFB,0xE4,0xFB,0xE4,0xFB,
    0xE4,0xFB,0xE4,0xFB,0xE4,0xFB,0xE4,0xFB,0xE4,0xFB,0xE4,0xFB,0xE4,0xFB,0xE4,0xFB,
    0xE4,0xFB,0xE4,0xFB,0xE4,0xFB,0xE4,0xFB,0x25,0xFC,0xE4,0xFB,0x00,0x00,0xA0,0xFA,
    0x00,0x00,0x00,0x00,0x00,0x00,0x00,0x00,0xA0,0xFA,0x00,0x00,0xC4,0xAA,0x25,0xFC,
    0xE4,0xFB,0xE4,0xFB,0xE4,0xFB,0xE4,0xFB,0xE4,0xFB,0xE4,0xFB,0xE4,0xFB,0xE4,0xFB,
    0xE4,0xFB,0xE4,0xFB,0xE4,0xFB,0xE4,0xFB,0xE4,0xFB,0xE4,0xFB,0xE4,0xFB,0xE4,0xFB,
    0xE4,0xFB,0xE4,0xFB,0xE4,0xFB,0xE4,0xFB,0xE4,0xFB,0xE4,0xFB,0xE4,0xFB,0xE4,0xFB,
    0xE4,0xFB,0xE4,0xFB,0xE4,0xFB,0xE4,0xFB,0xE4,0xFB,0xE4,0xFB,0xE4,0xFB,0xE4,0xFB,
    0xE4,0xFB,0xE4,0xFB,0xE4,0xFB,0xE4,0xFB,0xE4,0xFB,0xE4,0xFB,0xE4,0xFB,0xE4,0xFB,
    0xE4,0xFB,0xE4,0xFB,0xE4,0xFB,0xE4,0xFB,0xE4,0xFB,0xE4,0xFB,0xE4,0xFB,0xE4,0xFB,
    0xE4,0xFB,0xE4,0xFB,0xE4,0xFB,0xE4,0xFB,0xE4,0xFB,0xE4,0xFB,0xE4,0xFB,0xE4,0xFB,
    0xE4,0xFB,0xE4,0xFB,0xE4,0xFB,0xE4,0xFB,0xE4,0xFB,0xE4,0xFB,0xE4,0xFB,0xE4,0xFB,
    0xE4,0xFB,0xE4,0xFB,0xE4,0xFB,0xE4,0xFB,0xE4,0xFB,0xE4,0xFB,0xE4,0xFB,0xE4,0xFB,
    0xE4,0xFB,0xE4,0xFB,0xE4,0xFB,0xE4,0xFB,0xE4,0xFB,0xE4,0xFB,0xE4,0xFB,0xE4,0xFB,
    0xE4,0xFB,0xE4,0xFB,0xE4,0xFB,0xE4,0xFB,0xE4,0xFB,0xE4,0xFB,0xE4,0xFB,0xE4,0xFB,
    0xE4,0xFB,0xE4,0xFB,0xE4,0xFB,0xE4,0xFB,0xE4,0xFB,0xE4,0xFB,0xE4,0xFB,0xE4,0xFB,
    0xE4,0xFB,0xE4,0xFB,0xE4,0xFB,0xE4,0xFB,0xE4,0xFB,0xE4,0xFB,0xE4,0xFB,0xE4,0xFB,
    0xE4,0xFB,0xE4,0xFB,0xE4,0xFB,0xE4,0xFB,0xE4,0xFB,0xE4,0xFB,0xE4,0xFB,0xE4,0xFB,
    0xE4,0xFB,0xE4,0xFB,0xE4,0xFB,0xE4,0xFB,0xE4,0xFB,0xE4,0xFB,0xE4,0xFB,0xE4,0xFB,
    0xE4,0xFB,0xE4,0xFB,0xE4,0xFB,0xE4,0xFB,0xE4,0xFB,0xE4,0xFB,0xE4,0xFB,0xE4,0xFB,
    0xE4,0xFB,0xE4,0xFB,0xE4,0xFB,0xE4,0xFB,0xE4,0xFB,0xE4,0xFB,0xE4,0xFB,0xE4,0xFB,
    0xE4,0xFB,0xE4,0xFB,0xE4,0xFB,0xE4,0xFB,0xE4,0xFB,0xE4,0xFB,0xE4,0xFB,0xE4,0xFB,
    0xE4,0xFB,0xE4,0xFB,0xE4,0xFB,0xE4,0xFB,0xE4,0xFB,0xE4,0xFB,0xE4,0xFB,0xE4,0xFB,
    0xE4,0xFB,0xE4,0xFB,0xE4,0xFB,0xE4,0xFB,0xE4,0xFB,0xE4,0xFB,0xE4,0xFB,0xE4,0xFB,
    0xE4,0xFB,0xE4,0xFB,0xE4,0xFB,0xE4,0xFB,0xE4,0xFB,0xE4,0xFB,0xE4,0xFB,0xE4,0xFB,
    0xE4,0xFB,0xE4,0xFB,0xE4,0xFB,0xE4,0xFB,0xE4,0xFB,0xE4,0xFB,0xE4,0xFB,0xE4,0xFB,
    0xE4,0xFB,0xE4,0xFB,0xE4,0xFB,0xE4,0xFB,0xE4,0xFB,0xE4,0xFB,0xE4,0xFB,0xE4,0xFB,
    0xE4,0xFB,0xE4,0xFB,0xE4,0xFB,0xE4,0xFB,0xE4,0xFB,0xE4,0xFB,0xE4,0xFB,0xE4,0xFB,
    0xE4,0xFB,0xE4,0xFB,0xE4,0xFB,0xE4,0xFB,0xE4,0xFB,0xE4,0xFB,0xE4,0xFB,0xE4,0xFB,
    0xE4,0xFB,0xE4,0xFB,0xE4,0xFB,0xE4,0xFB,0xE4,0xFB,0xE4,0xFB,0xE4,0xFB,0xE4,0xFB,
    0xE4,0xFB,0xE4,0xFB,0xE4,0xFB,0xE4,0xFB,0xE4,0xFB,0xE4,0xFB,0xE4,0xFB,0xE4,0xFB,
    0xE4,0xFB,0xE4,0xFB,0xE4,0xFB,0xE4,0xFB,0xE4,0xFB,0xE4,0xFB,0xE4,0xFB,0xE4,0xFB,
    0xE4,0xFB,0xE4,0xFB,0xE4,0xFB,0xE4,0xFB,0xE4,0xFB,0xE4,0xFB,0xE4,0xFB,0xE4,0xFB,
    0xE4,0xFB,0xE4,0xFB,0xE4,0xFB,0xE4,0xFB,0xE4,0xFB,0xE4,0xFB,0xE4,0xFB,0xE4,0xFB,
    0xE4,0xFB,0xE4,0xFB,0xE4,0xFB,0xE4,0xFB,0xE4,0xFB,0xE4,0xFB,0xE4,0xFB,0xE4,0xFB,
    0xE4,0xFB,0xE4,0xFB,0xE4,0xFB,0xE4,0xFB,0xE4,0xFB,0xE4,0xFB,0xE4,0xFB,0xE4,0xFB,
    0xE4,0xFB,0xE4,0xFB,0x25,0xFC,0xE4,0xFB,0x00,0x00,0xA0,0xFA,0x00,0x00,0x00,0x00,
    0x00,0x00,0x00,0x00,0xA0,0xFA,0x00,0x00,0xC4,0xAA,0x25,0xFC,0xE4,0xFB,0xE4,0xFB,
    0xE4,0xFB,0xE4,0xFB,0xE4,0xFB,0xE4,0xFB,0xE4,0xFB,0xE4,0xFB,0xE4,0xFB,0xE4,0xFB,
    0xE4,0xFB,0xE4,0xFB,0xE4,0xFB,0xE4,0xFB,0xE4,0xFB,0xE4,0xFB,0xE4,0xFB,0xE4,0xFB,
    0xE4,0xFB,0xE4,0xFB,0xE4,0xFB,0xE4,0xFB,0xE4,0xFB,0xE4,0xFB,0xE4,0xFB,0xE4,0xFB,
    0xE4,0xFB,0xE4,0xFB,0xE4,0xFB,0xE4,0xFB,0xE4,0xFB,0xE4,0xFB,0xE4,0xFB,0xE4,0xFB,
    0xE4,0xFB,0xE4,0xFB,0xE4,0xFB,0xE4,0xFB,0xE4,0xFB,0xE4,0xFB,0xE4,0xFB,0xE4,0xFB,
    0xE4,0xFB,0xE4,0xFB,0xE4,0xFB,0xE4,0xFB,0xE4,0xFB,0xE4,0xFB,0xE4,0xFB,0xE4,0xFB,
    0xE4,0xFB,0xE4,0xFB,0xE4,0xFB,0xE4,0xFB,0xE4,0xFB,0xE4,0xFB,0xE4,0xFB,0xE4,0xFB,
    0xE4,0xFB,0xE4,0xFB,0xE4,0xFB,0xE4,0xFB,0xE4,0xFB,0xE4,0xFB,0xE4,0xFB,0xE4,0xFB,
    0xE4,0xFB,0xE4,0xFB,0xE4,0xFB,0xE4,0xFB,0xE4,0xFB,0xE4,0xFB,0xE4,0xFB,0xE4,0xFB,
    0xE4,0xFB,0xE4,0xFB,0xE4,0xFB,0xE4,0xFB,0xE4,0xFB,0xE4,0xFB,0xE4,0xFB,0xE4,0xFB,
    0xE4,0xFB,0xE4,0xFB,0xE4,0xFB,0xE4,0xFB,0xE4,0xFB,0xE4,0xFB,0xE4,0xFB,0xE4,0xFB,
    0xE4,0xFB,0xE4,0xFB,0xE4,0xFB,0xE4,0xFB,0xE4,0xFB,0xE4,0xFB,0xE4,0xFB,0xE4,0xFB,
    0xE4,0xFB,0xE4,0xFB,0xE4,0xFB,0xE4,0xFB,0xE4,0xFB,0xE4,0xFB,0xE4,0xFB,0xE4,0xFB,
    0xE4,0xFB,0xE4,0xFB,0xE4,0xFB,0xE4,0xFB,0xE4,0xFB,0xE4,0xFB,0xE4,0xFB,0xE4,0xFB,
    0xE4,0xFB,0xE4,0xFB,0xE4,0xFB,0xE4,0xFB,0xE4,0xFB,0xE4,0xFB,0xE4,0xFB,0xE4,0xFB,
    0xE4,0xFB,0xE4,0xFB,0xE4,0xFB,0xE4,0xFB,0xE4,0xFB,0xE4,0xFB,0xE4,0xFB,0xE4,0xFB,
    0xE4,0xFB,0xE4,0xFB,0xE4,0xFB,0xE4,0xFB,0xE4,0xFB,0xE4,0xFB,0xE4,0xFB,0xE4,0xFB,
    0xE4,0xFB,0xE4,0xFB,0xE4,0xFB,0xE4,0xFB,0xE4,0xFB,0xE4,0xFB,0xE4,0xFB,0xE4,0xFB,
    0xE4,0xFB,0xE4,0xFB,0xE4,0xFB,0xE4,0xFB,0xE4,0xFB,0xE4,0xFB,0xE4,0xFB,0xE4,0xFB,
    0xE4,0xFB,0xE4,0xFB,0xE4,0xFB,0xE4,0xFB,0xE4,0xFB,0xE4,0xFB,0xE4,0xFB,0xE4,0xFB,
    0xE4,0xFB,0xE4,0xFB,0xE4,0xFB,0xE4,0xFB,0xE4,0xFB,0xE4,0xFB,0xE4,0xFB,0xE4,0xFB,
    0xE4,0xFB,0xE4,0xFB,0xE4,0xFB,0xE4,0xFB,0xE4,0xFB,0xE4,0xFB,0xE4,0xFB,0xE4,0xFB,
    0xE4,0xFB,0xE4,0xFB,0xE4,0xFB,0xE4,0xFB,0xE4,0xFB,0xE4,0xFB,0xE4,0xFB,0xE4,0xFB,
    0xE4,0xFB,0xE4,0xFB,0xE4,0xFB,0xE4,0xFB,0xE4,0xFB,0xE4,0xFB,0xE4,0xFB,0xE4,0xFB,
    0xE4,0xFB,0xE4,0xFB,0xE4,0xFB,0xE4,0xFB,0xE4,0xFB,0xE4,0xFB,0xE4,0xFB,0xE4,0xFB,
    0xE4,0xFB,0xE4,0xFB,0xE4,0xFB,0xE4,0xFB,0xE4,0xFB,0xE4,0xFB,0xE4,0xFB,0xE4,0xFB,
    0xE4,0xFB,0xE4,0xFB,0xE4,0xFB,0xE4,0xFB,0xE4,0xFB,0xE4,0xFB,0xE4,0xFB,0xE4,0xFB,
    0xE4,0xFB,0xE4,0xFB,0xE4,0xFB,0xE4,0xFB,0xE4,0xFB,0xE4,0xFB,0xE4,0xFB,0xE4,0xFB,
    0xE4,0xFB,0xE4,0xFB,0xE4,0xFB,0xE4,0xFB,0xE4,0xFB,0xE4,0xFB,0xE4,0xFB,0xE4,0xFB,
    0xE4,0xFB,0xE4,0xFB,0xE4,0xFB,0xE4,0xFB,0xE4,0xFB,0xE4,0xFB,0xE4,0xFB,0xE4,0xFB,
    0xE4,0xFB,0xE4,0xFB,0xE4,0xFB,0xE4,0xFB,0xE4,0xFB,0xE4,0xFB,0xE4,0xFB,0xE4,0xFB,
    0xE4,0xFB,0xE4,0xFB,0xE4,0xFB,0xE4,0xFB,0xE4,0xFB,0xE4,0xFB,0xE4,0xFB,0xE4,0xFB,
    0x25,0xFC,0xE4,0xFB,0x00,0x00,0xA0,0xFA,0x00,0x00,0x00,0x00,0x00,0x00,0x00,0x00,
    0xA0,0xFA,0x00,0x00,0xC4,0xAA,0x25,0xFC,0xE4,0xFB,0xE4,0xFB,0xE4,0xFB,0xE4,0xFB,
    0xE4,0xFB,0xE4,0xFB,0xE4,0xFB,0xE4,0xFB,0xE4,0xFB,0xE4,0xFB,0xE4,0xFB,0xE4,0xFB,
    0xE4,0xFB,0xE4,0xFB,0xE4,0xFB,0xE4,0xFB,0xE4,0xFB,0xE4,0xFB,0xE4,0xFB,0xE4,0xFB,
    0xE4,0xFB,0xE4,0xFB,0xE4,0xFB,0xE4,0xFB,0xE4,0xFB,0xE4,0xFB,0xE4,0xFB,0xE4,0xFB,
    0xE4,0xFB,0xE4,0xFB,0xE4,0xFB,0xE4,0xFB,0xE4,0xFB,0xE4,0xFB,0xE4,0xFB,0xE4,0xFB,
    0xE4,0xFB,0xE4,0xFB,0xE4,0xFB,0xE4,0xFB,0xE4,0xFB,0xE4,0xFB,0xE4,0xFB,0xE4,0xFB,
    0xE4,0xFB,0xE4,0xFB,0xE4,0xFB,0xE4,0xFB,0xE4,0xFB,0xE4,0xFB,0xE4,0xFB,0xE4,0xFB,
    0xE4,0xFB,0xE4,0xFB,0xE4,0xFB,0xE4,0xFB,0xE4,0xFB,0xE4,0xFB,0xE4,0xFB,0xE4,0xFB,
    0xE4,0xFB,0xE4,0xFB,0xE4,0xFB,0xE4,0xFB,0xE4,0xFB,0xE4,0xFB,0xE4,0xFB,0xE4,0xFB,
    0xE4,0xFB,0xE4,0xFB,0xE4,0xFB,0xE4,0xFB,0xE4,0xFB,0xE4,0xFB,0xE4,0xFB,0xE4,0xFB,
    0xE4,0xFB,0xE4,0xFB,0xE4,0xFB,0xE4,0xFB,0xE4,0xFB,0xE4,0xFB,0xE4,0xFB,0xE4,0xFB,
    0xE4,0xFB,0xE4,0xFB,0xE4,0xFB,0xE4,0xFB,0xE4,0xFB,0xE4,0xFB,0xE4,0xFB,0xE4,0xFB,
    0xE4,0xFB,0xE4,0xFB,0xE4,0xFB,0xE4,0xFB,0xE4,0xFB,0xE4,0xFB,0xE4,0xFB,0xE4,0xFB,
    0xE4,0xFB,0xE4,0xFB,0xE4,0xFB,0xE4,0xFB,0xE4,0xFB,0xE4,0xFB,0xE4,0xFB,0xE4,0xFB,
    0xE4,0xFB,0xE4,0xFB,0xE4,0xFB,0xE4,0xFB,0xE4,0xFB,0xE4,0xFB,0xE4,0xFB,0xE4,0xFB,
    0xE4,0xFB,0xE4,0xFB,0xE4,0xFB,0xE4,0xFB,0xE4,0xFB,0xE4,0xFB,0xE4,0xFB,0xE4,0xFB,
    0xE4,0xFB,0xE4,0xFB,0xE4,0xFB,0xE4,0xFB,0xE4,0xFB,0xE4,0xFB,0xE4,0xFB,0xE4,0xFB,
    0xE4,0xFB,0xE4,0xFB,0xE4,0xFB,0xE4,0xFB,0xE4,0xFB,0xE4,0xFB,0xE4,0xFB,0xE4,0xFB,
    0xE4,0xFB,0xE4,0xFB,0xE4,0xFB,0xE4,0xFB,0xE4,0xFB,0xE4,0xFB,0xE4,0xFB,0xE4,0xFB,
    0xE4,0xFB,0xE4,0xFB,0xE4,0xFB,0xE4,0xFB,0xE4,0xFB,0xE4,0xFB,0xE4,0xFB,0xE4,0xFB,
    0xE4,0xFB,0xE4,0xFB,0xE4,0xFB,0xE4,0xFB,0xE4,0xFB,0xE4,0xFB,0xE4,0xFB,0xE4,0xFB,
    0xE4,0xFB,0xE4,0xFB,0xE4,0xFB,0xE4,0xFB,0xE4,0xFB,0xE4,0xFB,0xE4,0xFB,0xE4,0xFB,
    0xE4,0xFB,0xE4,0xFB,0xE4,0xFB,0xE4,0xFB,0xE4,0xFB,0xE4,0xFB,0xE4,0xFB,0xE4,0xFB,
    0xE4,0xFB,0xE4,0xFB,0xE4,0xFB,0xE4,0xFB,0xE4,0xFB,0xE4,0xFB,0xE4,0xFB,0xE4,0xFB,
    0xE4,0xFB,0xE4,0xFB,0xE4,0xFB,0xE4,0xFB,0xE4,0xFB,0xE4,0xFB,0xE4,0xFB,0xE4,0xFB,
    0xE4,0xFB,0xE4,0xFB,0xE4,0xFB,0xE4,0xFB,0xE4,0xFB,0xE4,0xFB,0xE4,0xFB,0xE4,0xFB,
    0xE4,0xFB,0xE4,0xFB,0xE4,0xFB,0xE4,0xFB,0xE4,0xFB,0xE4,0xFB,0xE4,0xFB,0xE4,0xFB,
    0xE4,0xFB,0xE4,0xFB,0xE4,0xFB,0xE4,0xFB,0xE4,0xFB,0xE4,0xFB,0xE4,0xFB,0xE4,0xFB,
    0xE4,0xFB,0xE4,0xFB,0xE4,0xFB,0xE4,0xFB,0xE4,0xFB,0xE4,0xFB,0xE4,0xFB,0xE4,0xFB,
    0xE4,0xFB,0xE4,0xFB,0xE4,0xFB,0xE4,0xFB,0xE4,0xFB,0xE4,0xFB,0xE4,0xFB,0xE4,0xFB,
    0xE4,0xFB,0xE4,0xFB,0xE4,0xFB,0xE4,0xFB,0xE4,0xFB,0xE4,0xFB,0xE4,0xFB,0xE4,0xFB,
    0xE4,0xFB,0xE4,0xFB,0xE4,0xFB,0xE4,0xFB,0xE4,0xFB,0xE4,0xFB,0xE4,0xFB,0xE4,0xFB,
    0xE4,0xFB,0xE4,0xFB,0xE4,0xFB,0xE4,0xFB,0xE4,0xFB,0xE4,0xFB,0x25,0xFC,0xE4,0xFB,
    0x00,0x00,0xA0,0xFA,0x00,0x00,0x00,0x00,0x00,0x00,0x00,0x00,0xA0,0xFA,0x00,0x00,
    0xC4,0xAA,0x25,0xFC,0xE4,0xFB,0xE4,0xFB,0xE4,0xFB,0xE4,0xFB,0xE4,0xFB,0xE4,0xFB,
    0xE4,0xFB,0xE4,0xFB,0xE4,0xFB,0xE4,0xFB,0xE4,0xFB,0xE4,0xFB,0xE4,0xFB,0xE4,0xFB,
    0xE4,0xFB,0xE4,0xFB,0xE4,0xFB,0xE4,0xFB,0xE4,0xFB,0xE4,0xFB,0xE4,0xFB,0xE4,0xFB,
    0xE4,0xFB,0xE4,0xFB,0xE4,0xFB,0xE4,0xFB,0xE4,0xFB,0xE4,0xFB,0xE4,0xFB,0xE4,0xFB,
    0xE4,0xFB,0xE4,0xFB,0xE4,0xFB,0xE4,0xFB,0xE4,0xFB,0xE4,0xFB,0xE4,0xFB,0xE4,0xFB,
    0xE4,0xFB,0xE4,0xFB,0xE4,0xFB,0xE4,0xFB,0xE4,0xFB,0xE4,0xFB,0xE4,0xFB,0xE4,0xFB,
    0xE4,0xFB,0xE4,0xFB,0xE4,0xFB,0xE4,0xFB,0xE4,0xFB,0xE4,0xFB,0xE4,0xFB,0xE4,0xFB,
    0xE4,0xFB,0xE4,0xFB,0xE4,0xFB,0xE4,0xFB,0xE4,0xFB,0xE4,0xFB,0xE4,0xFB,0xE4,0xFB,
    0xE4,0xFB,0xE4,0xFB,0xE4,0xFB,0xE4,0xFB,0xE4,0xFB,0xE4,0xFB,0xE4,0xFB,0xE4,0xFB,
    0xE4,0xFB,0xE4,0xFB,0xE4,0xFB,0xE4,0xFB,0xE4,0xFB,0xE4,0xFB,0xE4,0xFB,0xE4,0xFB,
    0xE4,0xFB,0xE4,0xFB,0xE4,0xFB,0xE4,0xFB,0xE4,0xFB,0xE4,0xFB,0xE4,0xFB,0xE4,0xFB,
    0xE4,0xFB,0xE4,0xFB,0xE4,0xFB,0xE4,0xFB,0xE4,0xFB,0xE4,0xFB,0xE4,0xFB,0xE4,0xFB,
    0xE4,0xFB,0xE4,0xFB,0xE4,0xFB,0xE4,0xFB,0xE4,0xFB,0xE4,0xFB,0xE4,0xFB,0xE4,0xFB,
    0xE4,0xFB,0xE4,0xFB,0xE4,0xFB,0xE4,0xFB,0xE4,0xFB,0xE4,0xFB,0xE4,0xFB,0xE4,0xFB,
    0xE4,0xFB,0xE4,0xFB,0xE4,0xFB,0xE4,0xFB,0xE4,0xFB,0xE4,0xFB,0xE4,0xFB,0xE4,0xFB,
    0xE4,0xFB,0xE4,0xFB,0xE4,0xFB,0xE4,0xFB,0xE4,0xFB,0xE4,0xFB,0xE4,0xFB,0xE4,0xFB,
    0xE4,0xFB,0xE4,0xFB,0xE4,0xFB,0xE4,0xFB,0xE4,0xFB,0xE4,0xFB,0xE4,0xFB,0xE4,0xFB,
    0xE4,0xFB,0xE4,0xFB,0xE4,0xFB,0xE4,0xFB,0xE4,0xFB,0xE4,0xFB,0xE4,0xFB,0xE4,0xFB,
    0xE4,0xFB,0xE4,0xFB,0xE4,0xFB,0xE4,0xFB,0xE4,0xFB,0xE4,0xFB,0xE4,0xFB,0xE4,0xFB,
    0xE4,0xFB,0xE4,0xFB,0xE4,0xFB,0xE4,0xFB,0xE4,0xFB,0xE4,0xFB,0xE4,0xFB,0xE4,0xFB,
    0xE4,0xFB,0xE4,0xFB,0xE4,0xFB,0xE4,0xFB,0xE4,0xFB,0xE4,0xFB,0xE4,0xFB,0xE4,0xFB,
    0xE4,0xFB,0xE4,0xFB,0xE4,0xFB,0xE4,0xFB,0xE4,0xFB,0xE4,0xFB,0xE4,0xFB,0xE4,0xFB,
    0xE4,0xFB,0xE4,0xFB,0xE4,0xFB,0xE4,0xFB,0xE4,0xFB,0xE4,0xFB,0xE4,0xFB,0xE4,0xFB,
    0xE4,0xFB,0xE4,0xFB,0xE4,0xFB,0xE4,0xFB,0xE4,0xFB,0xE4,0xFB,0xE4,0xFB,0xE4,0xFB,
    0xE4,0xFB,0xE4,0xFB,0xE4,0xFB,0xE4,0xFB,0xE4,0xFB,0xE4,0xFB,0xE4,0xFB,0xE4,0xFB,
    0xE4,0xFB,0xE4,0xFB,0xE4,0xFB,0xE4,0xFB,0xE4,0xFB,0xE4,0xFB,0xE4,0xFB,0xE4,0xFB,
    0xE4,0xFB,0xE4,0xFB,0xE4,0xFB,0xE4,0xFB,0xE4,0xFB,0xE4,0xFB,0xE4,0xFB,0xE4,0xFB,
    0xE4,0xFB,0xE4,0xFB,0xE4,0xFB,0xE4,0xFB,0xE4,0xFB,0xE4,0xFB,0xE4,0xFB,0xE4,0xFB,
    0xE4,0xFB,0xE4,0xFB,0xE4,0xFB,0xE4,0xFB,0xE4,0xFB,0xE4,0xFB,0xE4,0xFB,0xE4,0xFB,
    0xE4,0xFB,0xE4,0xFB,0xE4,0xFB,0xE4,0xFB,0xE4,0xFB,0xE4,0xFB,0xE4,0xFB,0xE4,0xFB,
    0xE4,0xFB,0xE4,0xFB,0xE4,0xFB,0xE4,0xFB,0xE4,0xFB,0xE4,0xFB,0xE4,0xFB,0xE4,0xFB,
    0xE4,0xFB,0xE4,0xFB,0xE4,0xFB,0xE4,0xFB,0xE4,0xFB,0xE4,0xFB,0xE4,0xFB,0xE4,0xFB,
    0xE4,0xFB,0xE4,0xFB,0xE4,0xFB,0xE4,0xFB,0x25,0xFC,0xE4,0xFB,0x00,0x00,0xA0,0xFA,
    0x00,0x00,0x00,0x00,0x00,0x00,0x00,0x00,0xA0,0xFA,0x00,0x00,0xC4,0xAA,0x25,0xFC,
    0xE4,0xFB,0xE4,0xFB,0xE4,0xFB,0xE4,0xFB,0xE4,0xFB,0xE4,0xFB,0xE4,0xFB,0xE4,0xFB,
    0xE4,0xFB,0xE4,0xFB,0xE4,0xFB,0xE4,0xFB,0xE4,0xFB,0xE4,0xFB,0xE4,0xFB,0xE4,0xFB,
    0xE4,0xFB,0xE4,0xFB,0xE4,0xFB,0xE4,0xFB,0xE4,0xFB,0xE4,0xFB,0xE4,0xFB,0xE4,0xFB,
    0xE4,0xFB,0xE4,0xFB,0xE4,0xFB,0xE4,0xFB,0xE4,0xFB,0xE4,0xFB,0xE4,0xFB,0xE4,0xFB,
    0xE4,0xFB,0xE4,0xFB,0xE4,0xFB,0xE4,0xFB,0xE4,0xFB,0xE4,0xFB,0xE4,0xFB,0xE4,0xFB,
    0xE4,0xFB,0xE4,0xFB,0xE4,0xFB,0xE4,0xFB,0xE4,0xFB,0xE4,0xFB,0xE4,0xFB,0xE4,0xFB,
    0xE4,0xFB,0xE4,0xFB,0xE4,0xFB,0xE4,0xFB,0xE4,0xFB,0xE4,0xFB,0xE4,0xFB,0xE4,0xFB,
    0xE4,0xFB,0xE4,0xFB,0xE4,0xFB,0xE4,0xFB,0xE4,0xFB,0xE4,0xFB,0xE4,0xFB,0xE4,0xFB,
    0xE4,0xFB,0xE4,0xFB,0xE4,0xFB,0xE4,0xFB,0xE4,0xFB,0xE4,0xFB,0xE4,0xFB,0xE4,0xFB,
    0xE4,0xFB,0xE4,0xFB,0xE4,0xFB,0xE4,0xFB,0xE4,0xFB,0xE4,0xFB,0xE4,0xFB,0xE4,0xFB,
    0xE4,0xFB,0xE4,0xFB,0xE4,0xFB,0xE4,0xFB,0xE4,0xFB,0xE4,0xFB,0xE4,0xFB,0xE4,0xFB,
    0xE4,0xFB,0xE4,0xFB,0xE4,0xFB,0xE4,0xFB,0xE4,0xFB,0xE4,0xFB,0xE4,0xFB,0xE4,0xFB,
    0xE4,0xFB,0xE4,0xFB,0xE4,0xFB,0xE4,0xFB,0xE4,0xFB,0xE4,0xFB,0xE4,0xFB,0xE4,0xFB,
    0xE4,0xFB,0xE4,0xFB,0xE4,0xFB,0xE4,0xFB,0xE4,0xFB,0xE4,0xFB,0xE4,0xFB,0xE4,0xFB,
    0xE4,0xFB,0xE4,0xFB,0xE4,0xFB,0xE4,0xFB,0xE4,0xFB,0xE4,0xFB,0xE4,0xFB,0xE4,0xFB,
    0xE4,0xFB,0xE4,0xFB,0xE4,0xFB,0xE4,0xFB,0xE4,0xFB,0xE4,0xFB,0xE4,0xFB,0xE4,0xFB,
    0xE4,0xFB,0xE4,0xFB,0xE4,0xFB,0xE4,0xFB,0xE4,0xFB,0xE4,0xFB,0xE4,0xFB,0xE4,0xFB,
    0xE4,0xFB,0xE4,0xFB,0xE4,0xFB,0xE4,0xFB,0xE4,0xFB,0xE4,0xFB,0xE4,0xFB,0xE4,0xFB,
    0xE4,0xFB,0xE4,0xFB,0xE4,0xFB,0xE4,0xFB,0xE4,0xFB,0xE4,0xFB,0xE4,0xFB,0xE4,0xFB,
    0xE4,0xFB,0xE4,0xFB,0xE4,0xFB,0xE4,0xFB,0xE4,0xFB,0xE4,0xFB,0xE4,0xFB,0xE4,0xFB,
    0xE4,0xFB,0xE4,0xFB,0xE4,0xFB,0xE4,0xFB,0xE4,0xFB,0xE4,0xFB,0xE4,0xFB,0xE4,0xFB,
    0xE4,0xFB,0xE4,0xFB,0xE4,0xFB,0xE4,0xFB,0xE4,0xFB,0xE4,0xFB,0xE4,0xFB,0xE4,0xFB,
    0xE4,0xFB,0xE4,0xFB,0xE4,0xFB,0xE4,0xFB,0xE4,0xFB,0xE4,0xFB,0xE4,0xFB,0xE4,0xFB,
    0xE4,0xFB,0xE4,0xFB,0xE4,0xFB,0xE4,0xFB,0xE4,0xFB,0xE4,0xFB,0xE4,0xFB,0xE4,0xFB,
    0xE4,0xFB,0xE4,0xFB,0xE4,0xFB,0xE4,0xFB,0xE4,0xFB,0xE4,0xFB,0xE4,0xFB,0xE4,0xFB,
    0xE4,0xFB,0xE4,0xFB,0xE4,0xFB,0xE4,0xFB,0xE4,0xFB,0xE4,0xFB,0xE4,0xFB,0xE4,0xFB,
    0xE4,0xFB,0xE4,0xFB,0xE4,0xFB,0xE4,0xFB,0xE4,0xFB,0xE4,0xFB,0xE4,0xFB,0xE4,0xFB,
    0xE4,0xFB,0xE4,0xFB,0xE4,0xFB,0xE4,0xFB,0xE4,0xFB,0xE4,0xFB,0xE4,0xFB,0xE4,0xFB,
    0xE4,0xFB,0xE4,0xFB,0xE4,0xFB,0xE4,0xFB,0xE4,0xFB,0xE4,0xFB,0xE4,0xFB,0xE4,0xFB,
    0xE4,0xFB,0xE4,0xFB,0xE4,0xFB,0xE4,0xFB,0xE4,0xFB,0xE4,0xFB,0xE4,0xFB,0xE4,0xFB,
    0xE4,0xFB,0xE4,0xFB,0xE4,0xFB,0xE4,0xFB,0xE4,0xFB,0xE4,0xFB,0xE4,0xFB,0xE4,0xFB,
    0xE4,0xFB,0xE4,0xFB,0xE4,0xFB,0xE4,0xFB,0xE4,0xFB,0xE4,0xFB,0xE4,0xFB,0xE4,0xFB,
    0xE4,0xFB,0xE4,0xFB,0x25,0xFC,0xE4,0xFB,0x00,0x00,0xA0,0xFA,0x00,0x00,0x00,0x00,
    0x00,0x00,0x00,0x00,0xA0,0xFA,0x00,0x00,0xC4,0xAA,0x25,0xFC,0xE4,0xFB,0xE4,0xFB,
    0xE4,0xFB,0xE4,0xFB,0xE4,0xFB,0xE4,0xFB,0xE4,0xFB,0xE4,0xFB,0xE4,0xFB,0xE4,0xFB,
    0xE4,0xFB,0xE4,0xFB,0xE4,0xFB,0xE4,0xFB,0xE4,0xFB,0xE4,0xFB,0xE4,0xFB,0xE4,0xFB,
    0xE4,0xFB,0xE4,0xFB,0xE4,0xFB,0xE4,0xFB,0xE4,0xFB,0xE4,0xFB,0xE4,0xFB,0xE4,0xFB,
    0xE4,0xFB,0xE4,0xFB,0xE4,0xFB,0xE4,0xFB,0xE4,0xFB,0xE4,0xFB,0xE4,0xFB,0xE4,0xFB,
    0xE4,0xFB,0xE4,0xFB,0xE4,0xFB,0xE4,0xFB,0xE4,0xFB,0xE4,0xFB,0xE4,0xFB,0xE4,0xFB,
    0xE4,0xFB,0xE4,0xFB,0xE4,0xFB,0xE4,0xFB,0xE4,0xFB,0xE4,0xFB,0xE4,0xFB,0xE4,0xFB,
    0xE4,0xFB,0xE4,0xFB,0xE4,0xFB,0xE4,0xFB,0xE4,0xFB,0xE4,0xFB,0xE4,0xFB,0xE4,0xFB,
    0xE4,0xFB,0xE4,0xFB,0xE4,0xFB,0xE4,0xFB,0xE4,0xFB,0xE4,0xFB,0xE4,0xFB,0xE4,0xFB,
    0xE4,0xFB,0xE4,0xFB,0xE4,0xFB,0xE4,0xFB,0xE4,0xFB,0xE4,0xFB,0xE4,0xFB,0xE4,0xFB,
    0xE4,0xFB,0xE4,0xFB,0xE4,0xFB,0xE4,0xFB,0xE4,0xFB,0xE4,0xFB,0xE4,0xFB,0xE4,0xFB,
    0xE4,0xFB,0xE4,0xFB,0xE4,0xFB,0xE4,0xFB,0xE4,0xFB,0xE4,0xFB,0xE4,0xFB,0xE4,0xFB,
    0xE4,0xFB,0xE4,0xFB,0xE4,0xFB,0xE4,0xFB,0xE4,0xFB,0xE4,0xFB,0xE4,0xFB,0xE4,0xFB,
    0xE4,0xFB,0xE4,0xFB,0xE4,0xFB,0xE4,0xFB,0xE4,0xFB,0xE4,0xFB,0xE4,0xFB,0xE4,0xFB,
    0xE4,0xFB,0xE4,0xFB,0xE4,0xFB,0xE4,0xFB,0xE4,0xFB,0xE4,0xFB,0xE4,0xFB,0xE4,0xFB,
    0xE4,0xFB,0xE4,0xFB,0xE4,0xFB,0xE4,0xFB,0xE4,0xFB,0xE4,0xFB,0xE4,0xFB,0xE4,0xFB,
    0xE4,0xFB,0xE4,0xFB,0xE4,0xFB,0xE4,0xFB,0xE4,0xFB,0xE4,0xFB,0xE4,0xFB,0xE4,0xFB,
    0xE4,0xFB,0xE4,0xFB,0xE4,0xFB,0xE4,0xFB,0xE4,0xFB,0xE4,0xFB,0xE4,0xFB,0xE4,0xFB,
    0xE4,0xFB,0xE4,0xFB,0xE4,0xFB,0xE4,0xFB,0xE4,0xFB,0xE4,0xFB,0xE4,0xFB,0xE4,0xFB,
    0xE4,0xFB,0xE4,0xFB,0xE4,0xFB,0xE4,0xFB,0xE4,0xFB,0xE4,0xFB,0xE4,0xFB,0xE4,0xFB,
    0xE4,0xFB,0xE4,0xFB,0xE4,0xFB,0xE4,0xFB,0xE4,0xFB,0xE4,0xFB,0xE4,0xFB,0xE4,0xFB,
    0xE4,0xFB,0xE4,0xFB,0xE4,0xFB,0xE4,0xFB,0xE4,0xFB,0xE4,0xFB,0xE4,0xFB,0xE4,0xFB,
    0xE4,0xFB,0xE4,0xFB,0xE4,0xFB,0xE4,0xFB,0xE4,0xFB,0xE4,0xFB,0xE4,0xFB,0xE4,0xFB,
    0xE4,0xFB,0xE4,0xFB,0xE4,0xFB,0xE4,0xFB,0xE4,0xFB,0xE4,0xFB,0xE4,0xFB,0xE4,0xFB,
    0xE4,0xFB,0xE4,0xFB,0xE4,0xFB,0xE4,0xFB,0xE4,0xFB,0xE4,0xFB,0xE4,0xFB,0xE4,0xFB,
    0xE4,0xFB,0xE4,0xFB,0xE4,0xFB,0xE4,0xFB,0xE4,0xFB,0xE4,0xFB,0xE4,0xFB,0xE4,0xFB,
    0xE4,0xFB,0xE4,0xFB,0xE4,0xFB,0xE4,0xFB,0xE4,0xFB,0xE4,0xFB,0xE4,0xFB,0xE4,0xFB,
    0xE4,0xFB,0xE4,0xFB,0xE4,0xFB,0xE4,0xFB,0xE4,0xFB,0xE4,0xFB,0xE4,0xFB,0xE4,0xFB,
    0xE4,0xFB,0xE4,0xFB,0xE4,0xFB,0xE4,0xFB,0xE4,0xFB,0xE4,0xFB,0xE4,0xFB,0xE4,0xFB,
    0xE4,0xFB,0xE4,0xFB,0xE4,0xFB,0xE4,0xFB,0xE4,0xFB,0xE4,0xFB,0xE4,0xFB,0xE4,0xFB,
    0xE4,0xFB,0xE4,0xFB,0xE4,0xFB,0xE4,0xFB,0xE4,0xFB,0xE4,0xFB,0xE4,0xFB,0xE4,0xFB,
    0xE4,0xFB,0xE4,0xFB,0xE4,0xFB,0xE4,0xFB,0xE4,0xFB,0xE4,0xFB,0xE4,0xFB,0xE4,0xFB,
    0xE4,0xFB,0xE4,0xFB,0xE4,0xFB,0xE4,0xFB,0xE4,0xFB,0xE4,0xFB,0xE4,0xFB,0xE4,0xFB,
    0x25,0xFC,0xE4,0xFB,0x00,0x00,0xA0,0xFA,0x00,0x00,0x00,0x00,0x00,0x00,0x00,0x00,
    0xA0,0xFA,0x00,0x00,0xC4,0xAA,0x25,0xFC,0xE4,0xFB,0xE4,0xFB,0xE4,0xFB,0xE4,0xFB,
    0xE4,0xFB,0xE4,0xFB,0xE4,0xFB,0xE4,0xFB,0xE4,0xFB,0xE4,0xFB,0xE4,0xFB,0xE4,0xFB,
    0xE4,0xFB,0xE4,0xFB,0xE4,0xFB,0xE4,0xFB,0xE4,0xFB,0xE4,0xFB,0xE4,0xFB,0xE4,0xFB,
    0xE4,0xFB,0xE4,0xFB,0xE4,0xFB,0xE4,0xFB,0xE4,0xFB,0xE4,0xFB,0xE4,0xFB,0xE4,0xFB,
    0xE4,0xFB,0xE4,0xFB,0xE4,0xFB,0xE4,0xFB,0xE4,0xFB,0xE4,0xFB,0xE4,0xFB,0xE4,0xFB,
    0xE4,0xFB,0xE4,0xFB,0xE4,0xFB,0xE4,0xFB,0xE4,0xFB,0xE4,0xFB,0xE4,0xFB,0xE4,0xFB,
    0xE4,0xFB,0xE4,0xFB,0xE4,0xFB,0xE4,0xFB,0xE4,0xFB,0xE4,0xFB,0xE4,0xFB,0xE4,0xFB,
    0xE4,0xFB,0xE4,0xFB,0xE4,0xFB,0xE4,0xFB,0xE4,0xFB,0xE4,0xFB,0xE4,0xFB,0xE4,0xFB,
    0xE4,0xFB,0xE4,0xFB,0xE4,0xFB,0xE4,0xFB,0xE4,0xFB,0xE4,0xFB,0xE4,0xFB,0xE4,0xFB,
    0xE4,0xFB,0xE4,0xFB,0xE4,0xFB,0xE4,0xFB,0xE4,0xFB,0xE4,0xFB,0xE4,0xFB,0xE4,0xFB,
    0xE4,0xFB,0xE4,0xFB,0xE4,0xFB,0xE4,0xFB,0xE4,0xFB,0xE4,0xFB,0xE4,0xFB,0xE4,0xFB,
    0xE4,0xFB,0xE4,0xFB,0xE4,0xFB,0xE4,0xFB,0xE4,0xFB,0xE4,0xFB,0xE4,0xFB,0xE4,0xFB,
    0xE4,0xFB,0xE4,0xFB,0xE4,0xFB,0xE4,0xFB,0xE4,0xFB,0xE4,0xFB,0xE4,0xFB,0xE4,0xFB,
    0xE4,0xFB,0xE4,0xFB,0xE4,0xFB,0xE4,0xFB,0xE4,0xFB,0xE4,0xFB,0xE4,0xFB,0xE4,0xFB,
    0xE4,0xFB,0xE4,0xFB,0xE4,0xFB,0xE4,0xFB,0xE4,0xFB,0xE4,0xFB,0xE4,0xFB,0xE4,0xFB,
    0xE4,0xFB,0xE4,0xFB,0xE4,0xFB,0xE4,0xFB,0xE4,0xFB,0xE4,0xFB,0xE4,0xFB,0xE4,0xFB,
    0xE4,0xFB,0xE4,0xFB,0xE4,0xFB,0xE4,0xFB,0xE4,0xFB,0xE4,0xFB,0xE4,0xFB,0xE4,0xFB,
    0xE4,0xFB,0xE4,0xFB,0xE4,0xFB,0xE4,0xFB,0xE4,0xFB,0xE4,0xFB,0xE4,0xFB,0xE4,0xFB,
    0xE4,0xFB,0xE4,0xFB,0xE4,0xFB,0xE4,0xFB,0xE4,0xFB,0xE4,0xFB,0xE4,0xFB,0xE4,0xFB,
    0xE4,0xFB,0xE4,0xFB,0xE4,0xFB,0xE4,0xFB,0xE4,0xFB,0xE4,0xFB,0xE4,0xFB,0xE4,0xFB,
    0xE4,0xFB,0xE4,0xFB,0xE4,0xFB,0xE4,0xFB,0xE4,0xFB,0xE4,0xFB,0xE4,0xFB,0xE4,0xFB,
    0xE4,0xFB,0xE4,0xFB,0xE4,0xFB,0xE4,0xFB,0xE4,0xFB,0xE4,0xFB,0xE4,0xFB,0xE4,0xFB,
    0xE4,0xFB,0xE4,0xFB,0xE4,0xFB,0xE4,0xFB,0xE4,0xFB,0xE4,0xFB,0xE4,0xFB,0xE4,0xFB,
    0xE4,0xFB,0xE4,0xFB,0xE4,0xFB,0xE4,0xFB,0xE4,0xFB,0xE4,0xFB,0xE4,0xFB,0xE4,0xFB,
    0xE4,0xFB,0xE4,0xFB,0xE4,0xFB,0xE4,0xFB,0xE4,0xFB,0xE4,0xFB,0xE4,0xFB,0xE4,0xFB,
    0xE4,0xFB,0xE4,0xFB,0xE4,0xFB,0xE4,0xFB,0xE4,0xFB,0xE4,0xFB,0xE4,0xFB,0xE4,0xFB,
    0xE4,0xFB,0xE4,0xFB,0xE4,0xFB,0xE4,0xFB,0xE4,0xFB,0xE4,0xFB,0xE4,0xFB,0xE4,0xFB,
    0xE4,0xFB,0xE4,0xFB,0xE4,0xFB,0xE4,0xFB,0xE4,0xFB,0xE4,0xFB,0xE4,0xFB,0xE4,0xFB,
    0xE4,0xFB,0xE4,0xFB,0xE4,0xFB,0xE4,0xFB,0xE4,0xFB,0xE4,0xFB,0xE4,0xFB,0xE4,0xFB,
    0xE4,0xFB,0xE4,0xFB,0xE4,0xFB,0xE4,0xFB,0xE4,0xFB,0xE4,0xFB,0xE4,0xFB,0xE4,0xFB,
    0xE4,0xFB,0xE4,0xFB,0xE4,0xFB,0xE4,0xFB,0xE4,0xFB,0xE4,0xFB,0xE4,0xFB,0xE4,0xFB,
    0xE4,0xFB,0xE4,0xFB,0xE4,0xFB,0xE4,0xFB,0xE4,0xFB,0xE4,0xFB,0xE4,0xFB,0xE4,0xFB,
    0xE4,0xFB,0xE4,0xFB,0xE4,0xFB,0xE4,0xFB,0xE4,0xFB,0xE4,0xFB,0x25,0xFC,0xE4,0xFB,
    0x00,0x00,0xA0,0xFA,0x00,0x00,0x00,0x00,0x00,0x00,0x00,0x00,0xA0,0xFA,0x00,0x00,
    0xC4,0xAA,0x25,0xFC,0xE4,0xFB,0xE4,0xFB,0xE4,0xFB,0xE4,0xFB,0xE4,0xFB,0xE4,0xFB,
    0xE4,0xFB,0xE4,0xFB,0xE4,0xFB,0xE4,0xFB,0xE4,0xFB,0xE4,0xFB,0xE4,0xFB,0xE4,0xFB,
    0xE4,0xFB,0xE4,0xFB,0xE4,0xFB,0xE4,0xFB,0xE4,0xFB,0xE4,0xFB,0xE4,0xFB,0xE4,0xFB,
    0xE4,0xFB,0xE4,0xFB,0xE4,0xFB,0xE4,0xFB,0xE4,0xFB,0xE4,0xFB,0xE4,0xFB,0xE4,0xFB,
    0xE4,0xFB,0xE4,0xFB,0xE4,0xFB,0xE4,0xFB,0xE4,0xFB,0xE4,0xFB,0xE4,0xFB,0xE4,0xFB,
    0xE4,0xFB,0xE4,0xFB,0xE4,0xFB,0xE4,0xFB,0xE4,0xFB,0xE4,0xFB,0xE4,0xFB,0xE4,0xFB,
    0xE4,0xFB,0xE4,0xFB,0xE4,0xFB,0xE4,0xFB,0xE4,0xFB,0xE4,0xFB,0xE4,0xFB,0xE4,0xFB,
    0xE4,0xFB,0xE4,0xFB,0xE4,0xFB,0xE4,0xFB,0xE4,0xFB,0xE4,0xFB,0xE4,0xFB,0xE4,0xFB,
    0xE4,0xFB,0xE4,0xFB,0xE4,0xFB,0xE4,0xFB,0xE4,0xFB,0xE4,0xFB,0xE4,0xFB,0xE4,0xFB,
    0xE4,0xFB,0xE4,0xFB,0xE4,0xFB,0xE4,0xFB,0xE4,0xFB,0xE4,0xFB,0xE4,0xFB,0xE4,0xFB,
    0xE4,0xFB,0xE4,0xFB,0xE4,0xFB,0xE4,0xFB,0xE4,0xFB,0xE4,0xFB,0xE4,0xFB,0xE4,0xFB,
    0xE4,0xFB,0xE4,0xFB,0xE4,0xFB,0xE4,0xFB,0xE4,0xFB,0xE4,0xFB,0xE4,0xFB,0xE4,0xFB,
    0xE4,0xFB,0xE4,0xFB,0xE4,0xFB,0xE4,0xFB,0xE4,0xFB,0xE4,0xFB,0xE4,0xFB,0xE4,0xFB,
    0xE4,0xFB,0xE4,0xFB,0xE4,0xFB,0xE4,0xFB,0xE4,0xFB,0xE4,0xFB,0xE4,0xFB,0xE4,0xFB,
    0xE4,0xFB,0xE4,0xFB,0xE4,0xFB,0xE4,0xFB,0xE4,0xFB,0xE4,0xFB,0xE4,0xFB,0xE4,0xFB,
    0xE4,0xFB,0xE4,0xFB,0xE4,0xFB,0xE4,0xFB,0xE4,0xFB,0xE4,0xFB,0xE4,0xFB,0xE4,0xFB,
    0xE4,0xFB,0xE4,0xFB,0xE4,0xFB,0xE4,0xFB,0xE4,0xFB,0xE4,0xFB,0xE4,0xFB,0xE4,0xFB,
    0xE4,0xFB,0xE4,0xFB,0xE4,0xFB,0xE4,0xFB,0xE4,0xFB,0xE4,0xFB,0xE4,0xFB,0xE4,0xFB,
    0xE4,0xFB,0xE4,0xFB,0xE4,0xFB,0xE4,0xFB,0xE4,0xFB,0xE4,0xFB,0xE4,0xFB,0xE4,0xFB,
    0xE4,0xFB,0xE4,0xFB,0xE4,0xFB,0xE4,0xFB,0xE4,0xFB,0xE4,0xFB,0xE4,0xFB,0xE4,0xFB,
    0xE4,0xFB,0xE4,0xFB,0xE4,0xFB,0xE4,0xFB,0xE4,0xFB,0xE4,0xFB,0xE4,0xFB,0xE4,0xFB,
    0xE4,0xFB,0xE4,0xFB,0xE4,0xFB,0xE4,0xFB,0xE4,0xFB,0xE4,0xFB,0xE4,0xFB,0xE4,0xFB,
    0xE4,0xFB,0xE4,0xFB,0xE4,0xFB,0xE4,0xFB,0xE4,0xFB,0xE4,0xFB,0xE4,0xFB,0xE4,0xFB,
    0xE4,0xFB,0xE4,0xFB,0xE4,0xFB,0xE4,0xFB,0xE4,0xFB,0xE4,0xFB,0xE4,0xFB,0xE4,0xFB,
    0xE4,0xFB,0xE4,0xFB,0xE4,0xFB,0xE4,0xFB,0xE4,0xFB,0xE4,0xFB,0xE4,0xFB,0xE4,0xFB,
    0xE4,0xFB,0xE4,0xFB,0xE4,0xFB,0xE4,0xFB,0xE4,0xFB,0xE4,0xFB,0xE4,0xFB,0xE4,0xFB,
    0xE4,0xFB,0xE4,0xFB,0xE4,0xFB,0xE4,0xFB,0xE4,0xFB,0xE4,0xFB,0xE4,0xFB,0xE4,0xFB,
    0xE4,0xFB,0xE4,0xFB,0xE4,0xFB,0xE4,0xFB,0xE4,0xFB,0xE4,0xFB,0xE4,0xFB,0xE4,0xFB,
    0xE4,0xFB,0xE4,0xFB,0xE4,0xFB,0xE4,0xFB,0xE4,0xFB,0xE4,0xFB,0xE4,0xFB,0xE4,0xFB,
    0xE4,0xFB,0xE4,0xFB,0xE4,0xFB,0xE4,0xFB,0xE4,0xFB,0xE4,0xFB,0xE4,0xFB,0xE4,0xFB,
    0xE4,0xFB,0xE4,0xFB,0xE4,0xFB,0xE4,0xFB,0xE4,0xFB,0xE4,0xFB,0xE4,0xFB,0xE4,0xFB,
    0xE4,0xFB,0xE4,0xFB,0xE4,0xFB,0xE4,0xFB,0xE4,0xFB,0xE4,0xFB,0xE4,0xFB,0xE4,0xFB,
    0xE4,0xFB,0xE4,0xFB,0xE4,0xFB,0xE4,0xFB,0x25,0xFC,0xE4,0xFB,0x00,0x00,0xA0,0xFA,
    0x00,0x00,0x00,0x00,0x00,0x00,0x00,0x00,0xA0,0xFA,0x00,0x00,0xC4,0xAA,0x25,0xFC,
    0xE4,0xFB,0xE4,0xFB,0xE4,0xFB,0xE4,0xFB,0xE4,0xFB,0xE4,0xFB,0xE4,0xFB,0xE4,0xFB,
    0xE4,0xFB,0xE4,0xFB,0xE4,0xFB,0xE4,0xFB,0xE4,0xFB,0xE4,0xFB,0xE4,0xFB,0xE4,0xFB,
    0xE4,0xFB,0xE4,0xFB,0xE4,0xFB,0xE4,0xFB,0xE4,0xFB,0xE4,0xFB,0xE4,0xFB,0xE4,0xFB,
    0xE4,0xFB,0xE4,0xFB,0xE4,0xFB,0xE4,0xFB,0xE4,0xFB,0xE4,0xFB,0xE4,0xFB,0xE4,0xFB,
    0xE4,0xFB,0xE4,0xFB,0xE4,0xFB,0xE4,0xFB,0xE4,0xFB,0xE4,0xFB,0xE4,0xFB,0xE4,0xFB,
    0xE4,0xFB,0xE4,0xFB,0xE4,0xFB,0xE4,0xFB,0xE4,0xFB,0xE4,0xFB,0xE4,0xFB,0xE4,0xFB,
    0xE4,0xFB,0xE4,0xFB,0xE4,0xFB,0xE4,0xFB,0xE4,0xFB,0xE4,0xFB,0xE4,0xFB,0xE4,0xFB,
    0xE4,0xFB,0xE4,0xFB,0xE4,0xFB,0xE4,0xFB,0xE4,0xFB,0xE4,0xFB,0xE4,0xFB,0xE4,0xFB,
    0xE4,0xFB,0xE4,0xFB,0xE4,0xFB,0xE4,0xFB,0xE4,0xFB,0xE4,0xFB,0xE4,0xFB,0xE4,0xFB,
    0xE4,0xFB,0xE4,0xFB,0xE4,0xFB,0xE4,0xFB,0xE4,0xFB,0xE4,0xFB,0xE4,0xFB,0xE4,0xFB,
    0xE4,0xFB,0xE4,0xFB,0xE4,0xFB,0xE4,0xFB,0xE4,0xFB,0xE4,0xFB,0xE4,0xFB,0xE4,0xFB,
    0xE4,0xFB,0xE4,0xFB,0xE4,0xFB,0xE4,0xFB,0xE4,0xFB,0xE4,0xFB,0xE4,0xFB,0xE4,0xFB,
    0xE4,0xFB,0xE4,0xFB,0xE4,0xFB,0xE4,0xFB,0xE4,0xFB,0xE4,0xFB,0xE4,0xFB,0xE4,0xFB,
    0xE4,0xFB,0xE4,0xFB,0xE4,0xFB,0xE4,0xFB,0xE4,0xFB,0xE4,0xFB,0xE4,0xFB,0xE4,0xFB,
    0xE4,0xFB,0xE4,0xFB,0xE4,0xFB,0xE4,0xFB,0xE4,0xFB,0xE4,0xFB,0xE4,0xFB,0xE4,0xFB,
    0xE4,0xFB,0xE4,0xFB,0xE4,0xFB,0xE4,0xFB,0xE4,0xFB,0xE4,0xFB,0xE4,0xFB,0xE4,0xFB,
    0xE4,0xFB,0xE4,0xFB,0xE4,0xFB,0xE4,0xFB,0xE4,0xFB,0xE4,0xFB,0xE4,0xFB,0xE4,0xFB,
    0xE4,0xFB,0xE4,0xFB,0xE4,0xFB,0xE4,0xFB,0xE4,0xFB,0xE4,0xFB,0xE4,0xFB,0xE4,0xFB,
    0xE4,0xFB,0xE4,0xFB,0xE4,0xFB,0xE4,0xFB,0xE4,0xFB,0xE4,0xFB,0xE4,0xFB,0xE4,0xFB,
    0xE4,0xFB,0xE4,0xFB,0xE4,0xFB,0xE4,0xFB,0xE4,0xFB,0xE4,0xFB,0xE4,0xFB,0xE4,0xFB,
    0xE4,0xFB,0xE4,0xFB,0xE4,0xFB,0xE4,0xFB,0xE4,0xFB,0xE4,0xFB,0xE4,0xFB,0xE4,0xFB,
    0xE4,0xFB,0xE4,0xFB,0xE4,0xFB,0xE4,0xFB,0xE4,0xFB,0xE4,0xFB,0xE4,0xFB,0xE4,0xFB,
    0xE4,0xFB,0xE4,0xFB,0xE4,0xFB,0xE4,0xFB,0xE4,0xFB,0xE4,0xFB,0xE4,0xFB,0xE4,0xFB,
    0xE4,0xFB,0xE4,0xFB,0xE4,0xFB,0xE4,0xFB,0xE4,0xFB,0xE4,0xFB,0xE4,0xFB,0xE4,0xFB,
    0xE4,0xFB,0xE4,0xFB,0xE4,0xFB,0xE4,0xFB,0xE4,0xFB,0xE4,0xFB,0xE4,0xFB,0xE4,0xFB,
    0xE4,0xFB,0xE4,0xFB,0xE4,0xFB,0xE4,0xFB,0xE4,0xFB,0xE4,0xFB,0xE4,0xFB,0xE4,0xFB,
    0xE4,0xFB,0xE4,0xFB,0xE4,0xFB,0xE4,0xFB,0xE4,0xFB,0xE4,0xFB,0xE4,0xFB,0xE4,0xFB,
    0xE4,0xFB,0xE4,0xFB,0xE4,0xFB,0xE4,0xFB,0xE4,0xFB,0xE4,0xFB,0xE4,0xFB,0xE4,0xFB,
    0xE4,0xFB,0xE4,0xFB,0xE4,0xFB,0xE4,0xFB,0xE4,0xFB,0xE4,0xFB,0xE4,0xFB,0xE4,0xFB,
    0xE4,0xFB,0xE4,0xFB,0xE4,0xFB,0xE4,0xFB,0xE4,0xFB,0xE4,0xFB,0xE4,0xFB,0xE4,0xFB,
    0xE4,0xFB,0xE4,0xFB,0xE4,0xFB,0xE4,0xFB,0xE4,0xFB,0xE4,0xFB,0xE4,0xFB,0xE4,0xFB,
    0xE4,0xFB,0xE4,0xFB,0xE4,0xFB,0xE4,0xFB,0xE4,0xFB,0xE4,0xFB,0xE4,0xFB,0xE4,0xFB,
    0xE4,0xFB,0xE4,0xFB,0x25,0xFC,0xE4,0xFB,0x00,0x00,0xA0,0xFA,0x00,0x00,0x00,0x00,
    0x00,0x00,0x00,0x00,0xA0,0xFA,0x00,0x00,0xC4,0xAA,0x25,0xFC,0xE4,0xFB,0xE4,0xFB,
    0xE4,0xFB,0xE4,0xFB,0xE4,0xFB,0xE4,0xFB,0xE4,0xFB,0xE4,0xFB,0xE4,0xFB,0xE4,0xFB,
    0xE4,0xFB,0xE4,0xFB,0xE4,0xFB,0xE4,0xFB,0xE4,0xFB,0xE4,0xFB,0xE4,0xFB,0xE4,0xFB,
    0xE4,0xFB,0xE4,0xFB,0xE4,0xFB,0xE4,0xFB,0xE4,0xFB,0xE4,0xFB,0xE4,0xFB,0xE4,0xFB,
    0xE4,0xFB,0xE4,0xFB,0xE4,0xFB,0xE4,0xFB,0xE4,0xFB,0xE4,0xFB,0xE4,0xFB,0xE4,0xFB,
    0xE4,0xFB,0xE4,0xFB,0xE4,0xFB,0xE4,0xFB,0xE4,0xFB,0xE4,0xFB,0xE4,0xFB,0xE4,0xFB,
    0xE4,0xFB,0xE4,0xFB,0xE4,0xFB,0xE4,0xFB,0xE4,0xFB,0xE4,0xFB,0xE4,0xFB,0xE4,0xFB,
    0xE4,0xFB,0xE4,0xFB,0xE4,0xFB,0xE4,0xFB,0xE4,0xFB,0xE4,0xFB,0xE4,0xFB,0xE4,0xFB,
    0xE4,0xFB,0xE4,0xFB,0xE4,0xFB,0xE4,0xFB,0xE4,0xFB,0xE4,0xFB,0xE4,0xFB,0xE4,0xFB,
    0xE4,0xFB,0xE4,0xFB,0xE4,0xFB,0xE4,0xFB,0xE4,0xFB,0xE4,0xFB,0xE4,0xFB,0xE4,0xFB,
    0xE4,0xFB,0xE4,0xFB,0xE4,0xFB,0xE4,0xFB,0xE4,0xFB,0xE4,0xFB,0xE4,0xFB,0xE4,0xFB,
    0xE4,0xFB,0xE4,0xFB,0xE4,0xFB,0xE4,0xFB,0xE4,0xFB,0xE4,0xFB,0xE4,0xFB,0xE4,0xFB,
    0xE4,0xFB,0xE4,0xFB,0xE4,0xFB,0xE4,0xFB,0xE4,0xFB,0xE4,0xFB,0xE4,0xFB,0xE4,0xFB,
    0xE4,0xFB,0xE4,0xFB,0xE4,0xFB,0xE4,0xFB,0xE4,0xFB,0xE4,0xFB,0xE4,0xFB,0xE4,0xFB,
    0xE4,0xFB,0xE4,0xFB,0xE4,0xFB,0xE4,0xFB,0xE4,0xFB,0xE4,0xFB,0xE4,0xFB,0xE4,0xFB,
    0xE4,0xFB,0xE4,0xFB,0xE4,0xFB,0xE4,0xFB,0xE4,0xFB,0xE4,0xFB,0xE4,0xFB,0xE4,0xFB,
    0xE4,0xFB,0xE4,0xFB,0xE4,0xFB,0xE4,0xFB,0xE4,0xFB,0xE4,0xFB,0xE4,0xFB,0xE4,0xFB,
    0xE4,0xFB,0xE4,0xFB,0xE4,0xFB,0xE4,0xFB,0xE4,0xFB,0xE4,0xFB,0xE4,0xFB,0xE4,0xFB,
    0xE4,0xFB,0xE4,0xFB,0xE4,0xFB,0xE4,0xFB,0xE4,0xFB,0xE4,0xFB,0xE4,0xFB,0xE4,0xFB,
    0xE4,0xFB,0xE4,0xFB,0xE4,0xFB,0xE4,0xFB,0xE4,0xFB,0xE4,0xFB,0xE4,0xFB,0xE4,0xFB,
    0xE4,0xFB,0xE4,0xFB,0xE4,0xFB,0xE4,0xFB,0xE4,0xFB,0xE4,0xFB,0xE4,0xFB,0xE4,0xFB,
    0xE4,0xFB,0xE4,0xFB,0xE4,0xFB,0xE4,0xFB,0xE4,0xFB,0xE4,0xFB,0xE4,0xFB,0xE4,0xFB,
    0xE4,0xFB,0xE4,0xFB,0xE4,0xFB,0xE4,0xFB,0xE4,0xFB,0xE4,0xFB,0xE4,0xFB,0xE4,0xFB,
    0xE4,0xFB,0xE4,0xFB,0xE4,0xFB,0xE4,0xFB,0xE4,0xFB,0xE4,0xFB,0xE4,0xFB,0xE4,0xFB,
    0xE4,0xFB,0xE4,0xFB,0xE4,0xFB,0xE4,0xFB,0xE4,0xFB,0xE4,0xFB,0xE4,0xFB,0xE4,0xFB,
    0xE4,0xFB,0xE4,0xFB,0xE4,0xFB,0xE4,0xFB,0xE4,0xFB,0xE4,0xFB,0xE4,0xFB,0xE4,0xFB,
    0xE4,0xFB,0xE4,0xFB,0xE4,0xFB,0xE4,0xFB,0xE4,0xFB,0xE4,0xFB,0xE4,0xFB,0xE4,0xFB,
    0xE4,0xFB,0xE4,0xFB,0xE4,0xFB,0xE4,0xFB,0xE4,0xFB,0xE4,0xFB,0xE4,0xFB,0xE4,0xFB,
    0xE4,0xFB,0xE4,0xFB,0xE4,0xFB,0xE4,0xFB,0xE4,0xFB,0xE4,0xFB,0xE4,0xFB,0xE4,0xFB,
    0xE4,0xFB,0xE4,0xFB,0xE4,0xFB,0xE4,0xFB,0xE4,0xFB,0xE4,0xFB,0xE4,0xFB,0xE4,0xFB,
    0xE4,0xFB,0xE4,0xFB,0xE4,0xFB,0xE4,0xFB,0xE4,0xFB,0xE4,0xFB,0xE4,0xFB,0xE4,0xFB,
    0xE4,0xFB,0xE4,0xFB,0xE4,0xFB,0xE4,0xFB,0xE4,0xFB,0xE4,0xFB,0xE4,0xFB,0xE4,0xFB,
    0xE4,0xFB,0xE4,0xFB,0xE4,0xFB,0xE4,0xFB,0xE4,0xFB,0xE4,0xFB,0xE4,0xFB,0xE4,0xFB,
    0x25,0xFC,0xE4,0xFB,0x00,0x00,0xA0,0xFA,0x00,0x00,0x00,0x00,0x00,0x00,0x00,0x00,
    0xA0,0xFA,0x00,0x00,0xC4,0xAA,0x25,0xFC,0xE4,0xFB,0xE4,0xFB,0xE4,0xFB,0xE4,0xFB,
    0xE4,0xFB,0xE4,0xFB,0xE4,0xFB,0xE4,0xFB,0xE4,0xFB,0xE4,0xFB,0xE4,0xFB,0xE4,0xFB,
    0xE4,0xFB,0xE4,0xFB,0xE4,0xFB,0xE4,0xFB,0xE4,0xFB,0xE4,0xFB,0xE4,0xFB,0xE4,0xFB,
    0xE4,0xFB,0xE4,0xFB,0xE4,0xFB,0xE4,0xFB,0xE4,0xFB,0xE4,0xFB,0xE4,0xFB,0xE4,0xFB,
    0xE4,0xFB,0xE4,0xFB,0xE4,0xFB,0xE4,0xFB,0xE4,0xFB,0xE4,0xFB,0xE4,0xFB,0xE4,0xFB,
    0xE4,0xFB,0xE4,0xFB,0xE4,0xFB,0xE4,0xFB,0xE4,0xFB,0xE4,0xFB,0xE4,0xFB,0xE4,0xFB,
    0xE4,0xFB,0xE4,0xFB,0xE4,0xFB,0xE4,0xFB,0xE4,0xFB,0xE4,0xFB,0xE4,0xFB,0xE4,0xFB,
    0xE4,0xFB,0xE4,0xFB,0xE4,0xFB,0xE4,0xFB,0xE4,0xFB,0xE4,0xFB,0xE4,0xFB,0xE4,0xFB,
    0xE4,0xFB,0xE4,0xFB,0xE4,0xFB,0xE4,0xFB,0xE4,0xFB,0xE4,0xFB,0xE4,0xFB,0xE4,0xFB,
    0xE4,0xFB,0xE4,0xFB,0xE4,0xFB,0xE4,0xFB,0xE4,0xFB,0xE4,0xFB,0xE4,0xFB,0xE4,0xFB,
    0xE4,0xFB,0xE4,0xFB,0xE4,0xFB,0xE4,0xFB,0xE4,0xFB,0xE4,0xFB,0xE4,0xFB,0xE4,0xFB,
    0xE4,0xFB,0xE4,0xFB,0xE4,0xFB,0xE4,0xFB,0xE4,0xFB,0xE4,0xFB,0xE4,0xFB,0xE4,0xFB,
    0xE4,0xFB,0xE4,0xFB,0xE4,0xFB,0xE4,0xFB,0xE4,0xFB,0xE4,0xFB,0xE4,0xFB,0xE4,0xFB,
    0xE4,0xFB,0xE4,0xFB,0xE4,0xFB,0xE4,0xFB,0xE4,0xFB,0xE4,0xFB,0xE4,0xFB,0xE4,0xFB,
    0xE4,0xFB,0xE4,0xFB,0xE4,0xFB,0xE4,0xFB,0xE4,0xFB,0xE4,0xFB,0xE4,0xFB,0xE4,0xFB,
    0xE4,0xFB,0xE4,0xFB,0xE4,0xFB,0xE4,0xFB,0xE4,0xFB,0xE4,0xFB,0xE4,0xFB,0xE4,0xFB,
    0xE4,0xFB,0xE4,0xFB,0xE4,0xFB,0xE4,0xFB,0xE4,0xFB,0xE4,0xFB,0xE4,0xFB,0xE4,0xFB,
    0xE4,0xFB,0xE4,0xFB,0xE4,0xFB,0xE4,0xFB,0xE4,0xFB,0xE4,0xFB,0xE4,0xFB,0xE4,0xFB,
    0xE4,0xFB,0xE4,0xFB,0xE4,0xFB,0xE4,0xFB,0xE4,0xFB,0xE4,0xFB,0xE4,0xFB,0xE4,0xFB,
    0xE4,0xFB,0xE4,0xFB,0xE4,0xFB,0xE4,0xFB,0xE4,0xFB,0xE4,0xFB,0xE4,0xFB,0xE4,0xFB,
    0xE4,0xFB,0xE4,0xFB,0xE4,0xFB,0xE4,0xFB,0xE4,0xFB,0xE4,0xFB,0xE4,0xFB,0xE4,0xFB,
    0xE4,0xFB,0xE4,0xFB,0xE4,0xFB,0xE4,0xFB,0xE4,0xFB,0xE4,0xFB,0xE4,0xFB,0xE4,0xFB,
    0xE4,0xFB,0xE4,0xFB,0xE4,0xFB,0xE4,0xFB,0xE4,0xFB,0xE4,0xFB,0xE4,0xFB,0xE4,0xFB,
    0xE4,0xFB,0xE4,0xFB,0xE4,0xFB,0xE4,0xFB,0xE4,0xFB,0xE4,0xFB,0xE4,0xFB,0xE4,0xFB,
    0xE4,0xFB,0xE4,0xFB,0xE4,0xFB,0xE4,0xFB,0xE4,0xFB,0xE4,0xFB,0xE4,0xFB,0xE4,0xFB,
    0xE4,0xFB,0xE4,0xFB,0xE4,0xFB,0xE4,0xFB,0xE4,0xFB,0xE4,0xFB,0xE4,0xFB,0xE4,0xFB,
    0xE4,0xFB,0xE4,0xFB,0xE4,0xFB,0xE4,0xFB,0xE4,0xFB,0xE4,0xFB,0xE4,0xFB,0xE4,0xFB,
    0xE4,0xFB,0xE4,0xFB,0xE4,0xFB,0xE4,0xFB,0xE4,0xFB,0xE4,0xFB,0xE4,0xFB,0xE4,0xFB,
    0xE4,0xFB,0xE4,0xFB,0xE4,0xFB,0xE4,0xFB,0xE4,0xFB,0xE4,0xFB,0xE4,0xFB,0xE4,0xFB,
    0xE4,0xFB,0xE4,0xFB,0xE4,0xFB,0xE4,0xFB,0xE4,0xFB,0xE4,0xFB,0xE4,0xFB,0xE4,0xFB,
    0xE4,0xFB,0xE4,0xFB,0xE4,0xFB,0xE4,0xFB,0xE4,0xFB,0xE4,0xFB,0xE4,0xFB,0xE4,0xFB,
    0xE4,0xFB,0xE4,0xFB,0xE4,0xFB,0xE4,0xFB,0xE4,0xFB,0xE4,0xFB,0xE4,0xFB,0xE4,0xFB,
    0xE4,0xFB,0xE4,0xFB,0xE4,0xFB,0xE4,0xFB,0xE4,0xFB,0xE4,0xFB,0x25,0xFC,0xE4,0xFB,
    0x00,0x00,0xA0,0xFA,0x00,0x00,0x00,0x00,0x00,0x00,0x00,0x00,0xA0,0xFA,0x00,0x00,
    0xC4,0xAA,0x25,0xFC,0xE4,0xFB,0xE4,0xFB,0xE4,0xFB,0xE4,0xFB,0xE4,0xFB,0xE4,0xFB,
    0xE4,0xFB,0xE4,0xFB,0xE4,0xFB,0xE4,0xFB,0xE4,0xFB,0xE4,0xFB,0xE4,0xFB,0xE4,0xFB,
    0xE4,0xFB,0xE4,0xFB,0xE4,0xFB,0xE4,0xFB,0xE4,0xFB,0xE4,0xFB,0xE4,0xFB,0xE4,0xFB,
    0xE4,0xFB,0xE4,0xFB,0xE4,0xFB,0xE4,0xFB,0xE4,0xFB,0xE4,0xFB,0xE4,0xFB,0xE4,0xFB,
    0xE4,0xFB,0xE4,0xFB,0xE4,0xFB,0xE4,0xFB,0xE4,0xFB,0xE4,0xFB,0xE4,0xFB,0xE4,0xFB,
    0xE4,0xFB,0xE4,0xFB,0xE4,0xFB,0xE4,0xFB,0xE4,0xFB,0xE4,0xFB,0xE4,0xFB,0xE4,0xFB,
    0xE4,0xFB,0xE4,0xFB,0xE4,0xFB,0xE4,0xFB,0xE4,0xFB,0xE4,0xFB,0xE4,0xFB,0xE4,0xFB,
    0xE4,0xFB,0xE4,0xFB,0xE4,0xFB,0xE4,0xFB,0xE4,0xFB,0xE4,0xFB,0xE4,0xFB,0xE4,0xFB,
    0xE4,0xFB,0xE4,0xFB,0xE4,0xFB,0xE4,0xFB,0xE4,0xFB,0xE4,0xFB,0xE4,0xFB,0xE4,0xFB,
    0xE4,0xFB,0xE4,0xFB,0xE4,0xFB,0xE4,0xFB,0xE4,0xFB,0xE4,0xFB,0xE4,0xFB,0xE4,0xFB,
    0xE4,0xFB,0xE4,0xFB,0xE4,0xFB,0xE4,0xFB,0xE4,0xFB,0xE4,0xFB,0xE4,0xFB,0xE4,0xFB,
    0xE4,0xFB,0xE4,0xFB,0xE4,0xFB,0xE4,0xFB,0xE4,0xFB,0xE4,0xFB,0xE4,0xFB,0xE4,0xFB,
    0xE4,0xFB,0xE4,0xFB,0xE4,0xFB,0xE4,0xFB,0xE4,0xFB,0xE4,0xFB,0xE4,0xFB,0xE4,0xFB,
    0xE4,0xFB,0xE4,0xFB,0xE4,0xFB,0xE4,0xFB,0xE4,0xFB,0xE4,0xFB,0xE4,0xFB,0xE4,0xFB,
    0xE4,0xFB,0xE4,0xFB,0xE4,0xFB,0xE4,0xFB,0xE4,0xFB,0xE4,0xFB,0xE4,0xFB,0xE4,0xFB,
    0xE4,0xFB,0xE4,0xFB,0xE4,0xFB,0xE4,0xFB,0xE4,0xFB,0xE4,0xFB,0xE4,0xFB,0xE4,0xFB,
    0xE4,0xFB,0xE4,0xFB,0xE4,0xFB,0xE4,0xFB,0xE4,0xFB,0xE4,0xFB,0xE4,0xFB,0xE4,0xFB,
    0xE4,0xFB,0xE4,0xFB,0xE4,0xFB,0xE4,0xFB,0xE4,0xFB,0xE4,0xFB,0xE4,0xFB,0xE4,0xFB,
    0xE4,0xFB,0xE4,0xFB,0xE4,0xFB,0xE4,0xFB,0xE4,0xFB,0xE4,0xFB,0xE4,0xFB,0xE4,0xFB,
    0xE4,0xFB,0xE4,0xFB,0xE4,0xFB,0xE4,0xFB,0xE4,0xFB,0xE4,0xFB,0xE4,0xFB,0xE4,0xFB,
    0xE4,0xFB,0xE4,0xFB,0xE4,0xFB,0xE4,0xFB,0xE4,0xFB,0xE4,0xFB,0xE4,0xFB,0xE4,0xFB,
    0xE4,0xFB,0xE4,0xFB,0xE4,0xFB,0xE4,0xFB,0xE4,0xFB,0xE4,0xFB,0xE4,0xFB,0xE4,0xFB,
    0xE4,0xFB,0xE4,0xFB,0xE4,0xFB,0xE4,0xFB,0xE4,0xFB,0xE4,0xFB,0xE4,0xFB,0xE4,0xFB,
    0xE4,0xFB,0xE4,0xFB,0xE4,0xFB,0xE4,0xFB,0xE4,0xFB,0xE4,0xFB,0xE4,0xFB,0xE4,0xFB,
    0xE4,0xFB,0xE4,0xFB,0xE4,0xFB,0xE4,0xFB,0xE4,0xFB,0xE4,0xFB,0xE4,0xFB,0xE4,0xFB,
    0xE4,0xFB,0xE4,0xFB,0xE4,0xFB,0xE4,0xFB,0xE4,0xFB,0xE4,0xFB,0xE4,0xFB,0xE4,0xFB,
    0xE4,0xFB,0xE4,0xFB,0xE4,0xFB,0xE4,0xFB,0xE4,0xFB,0xE4,0xFB,0xE4,0xFB,0xE4,0xFB,
    0xE4,0xFB,0xE4,0xFB,0xE4,0xFB,0xE4,0xFB,0xE4,0xFB,0xE4,0xFB,0xE4,0xFB,0xE4,0xFB,
    0xE4,0xFB,0xE4,0xFB,0xE4,0xFB,0xE4,0xFB,0xE4,0xFB,0xE4,0xFB,0xE4,0xFB,0xE4,0xFB,
    0xE4,0xFB,0xE4,0xFB,0xE4,0xFB,0xE4,0xFB,0xE4,0xFB,0xE4,0xFB,0xE4,0xFB,0xE4,0xFB,
    0xE4,0xFB,0xE4,0xFB,0xE4,0xFB,0xE4,0xFB,0xE4,0xFB,0xE4,0xFB,0xE4,0xFB,0xE4,0xFB,
    0xE4,0xFB,0xE4,0xFB,0xE4,0xFB,0xE4,0xFB,0xE4,0xFB,0xE4,0xFB,0xE4,0xFB,0xE4,0xFB,
    0xE4,0xFB,0xE4,0xFB,0xE4,0xFB,0xE4,0xFB,0x25,0xFC,0xE4,0xFB,0x00,0x00,0xA0,0xFA,
    0x00,0x00,0x00,0x00,0x00,0x00,0x00,0x00,0xA0,0xFA,0x00,0x00,0xC4,0xAA,0x25,0xFC,
    0xE4,0xFB,0xE4,0xFB,0xE4,0xFB,0xE4,0xFB,0xE4,0xFB,0xE4,0xFB,0xE4,0xFB,0xE4,0xFB,
    0xE4,0xFB,0xE4,0xFB,0xE4,0xFB,0xE4,0xFB,0xE4,0xFB,0xE4,0xFB,0xE4,0xFB,0xE4,0xFB,
    0xE4,0xFB,0xE4,0xFB,0xE4,0xFB,0xE4,0xFB,0xE4,0xFB,0xE4,0xFB,0xE4,0xFB,0xE4,0xFB,
    0xE4,0xFB,0xE4,0xFB,0xE4,0xFB,0xE4,0xFB,0xE4,0xFB,0xE4,0xFB,0xE4,0xFB,0xE4,0xFB,
    0xE4,0xFB,0xE4,0xFB,0xE4,0xFB,0xE4,0xFB,0xE4,0xFB,0xE4,0xFB,0xE4,0xFB,0xE4,0xFB,
    0xE4,0xFB,0xE4,0xFB,0xE4,0xFB,0xE4,0xFB,0xE4,0xFB,0xE4,0xFB,0xE4,0xFB,0xE4,0xFB,
    0xE4,0xFB,0xE4,0xFB,0xE4,0xFB,0xE4,0xFB,0xE4,0xFB,0xE4,0xFB,0xE4,0xFB,0xE4,0xFB,
    0xE4,0xFB,0xE4,0xFB,0xE4,0xFB,0xE4,0xFB,0xE4,0xFB,0xE4,0xFB,0xE4,0xFB,0xE4,0xFB,
    0xE4,0xFB,0xE4,0xFB,0xE4,0xFB,0xE4,0xFB,0xE4,0xFB,0xE4,0xFB,0xE4,0xFB,0xE4,0xFB,
    0xE4,0xFB,0xE4,0xFB,0xE4,0xFB,0xE4,0xFB,0xE4,0xFB,0xE4,0xFB,0xE4,0xFB,0xE4,0xFB,
    0xE4,0xFB,0xE4,0xFB,0xE4,0xFB,0xE4,0xFB,0xE4,0xFB,0xE4,0xFB,0xE4,0xFB,0xE4,0xFB,
    0xE4,0xFB,0xE4,0xFB,0xE4,0xFB,0xE4,0xFB,0xE4,0xFB,0xE4,0xFB,0xE4,0xFB,0xE4,0xFB,
    0xE4,0xFB,0xE4,0xFB,0xE4,0xFB,0xE4,0xFB,0xE4,0xFB,0xE4,0xFB,0xE4,0xFB,0xE4,0xFB,
    0xE4,0xFB,0xE4,0xFB,0xE4,0xFB,0xE4,0xFB,0xE4,0xFB,0xE4,0xFB,0xE4,0xFB,0xE4,0xFB,
    0xE4,0xFB,0xE4,0xFB,0xE4,0xFB,0xE4,0xFB,0xE4,0xFB,0xE4,0xFB,0xE4,0xFB,0xE4,0xFB,
    0xE4,0xFB,0xE4,0xFB,0xE4,0xFB,0xE4,0xFB,0xE4,0xFB,0xE4,0xFB,0xE4,0xFB,0xE4,0xFB,
    0xE4,0xFB,0xE4,0xFB,0xE4,0xFB,0xE4,0xFB,0xE4,0xFB,0xE4,0xFB,0xE4,0xFB,0xE4,0xFB,
    0xE4,0xFB,0xE4,0xFB,0xE4,0xFB,0xE4,0xFB,0xE4,0xFB,0xE4,0xFB,0xE4,0xFB,0xE4,0xFB,
    0xE4,0xFB,0xE4,0xFB,0xE4,0xFB,0xE4,0xFB,0xE4,0xFB,0xE4,0xFB,0xE4,0xFB,0xE4,0xFB,
    0xE4,0xFB,0xE4,0xFB,0xE4,0xFB,0xE4,0xFB,0xE4,0xFB,0xE4,0xFB,0xE4,0xFB,0xE4,0xFB,
    0xE4,0xFB,0xE4,0xFB,0xE4,0xFB,0xE4,0xFB,0xE4,0xFB,0xE4,0xFB,0xE4,0xFB,0xE4,0xFB,
    0xE4,0xFB,0xE4,0xFB,0xE4,0xFB,0xE4,0xFB,0xE4,0xFB,0xE4,0xFB,0xE4,0xFB,0xE4,0xFB,
    0xE4,0xFB,0xE4,0xFB,0xE4,0xFB,0xE4,0xFB,0xE4,0xFB,0xE4,0xFB,0xE4,0xFB,0xE4,0xFB,
    0xE4,0xFB,0xE4,0xFB,0xE4,0xFB,0xE4,0xFB,0xE4,0xFB,0xE4,0xFB,0xE4,0xFB,0xE4,0xFB,
    0xE4,0xFB,0xE4,0xFB,0xE4,0xFB,0xE4,0xFB,0xE4,0xFB,0xE4,0xFB,0xE4,0xFB,0xE4,0xFB,
    0xE4,0xFB,0xE4,0xFB,0xE4,0xFB,0xE4,0xFB,0xE4,0xFB,0xE4,0xFB,0xE4,0xFB,0xE4,0xFB,
    0xE4,0xFB,0xE4,0xFB,0xE4,0xFB,0xE4,0xFB,0xE4,0xFB,0xE4,0xFB,0xE4,0xFB,0xE4,0xFB,
    0xE4,0xFB,0xE4,0xFB,0xE4,0xFB,0xE4,0xFB,0xE4,0xFB,0xE4,0xFB,0xE4,0xFB,0xE4,0xFB,
    0xE4,0xFB,0xE4,0xFB,0xE4,0xFB,0xE4,0xFB,0xE4,0xFB,0xE4,0xFB,0xE4,0xFB,0xE4,0xFB,
    0xE4,0xFB,0xE4,0xFB,0xE4,0xFB,0xE4,0xFB,0xE4,0xFB,0xE4,0xFB,0xE4,0xFB,0xE4,0xFB,
    0xE4,0xFB,0xE4,0xFB,0xE4,0xFB,0xE4,0xFB,0xE4,0xFB,0xE4,0xFB,0xE4,0xFB,0xE4,0xFB,
    0xE4,0xFB,0xE4,0xFB,0xE4,0xFB,0xE4,0xFB,0xE4,0xFB,0xE4,0xFB,0xE4,0xFB,0xE4,0xFB,
    0xE4,0xFB,0xE4,0xFB,0x25,0xFC,0xE4,0xFB,0x00,0x00,0xA0,0xFA,0x00,0x00,0x00,0x00,
    0x00,0x00,0x00,0x00,0xA0,0xFA,0x00,0x00,0xC4,0xAA,0x25,0xFC,0xE4,0xFB,0xE4,0xFB,
    0xE4,0xFB,0xE4,0xFB,0xE4,0xFB,0xE4,0xFB,0xE4,0xFB,0xE4,0xFB,0xE4,0xFB,0xE4,0xFB,
    0xE4,0xFB,0xE4,0xFB,0xE4,0xFB,0xE4,0xFB,0xE4,0xFB,0xE4,0xFB,0xE4,0xFB,0xE4,0xFB,
    0xE4,0xFB,0xE4,0xFB,0xE4,0xFB,0xE4,0xFB,0xE4,0xFB,0xE4,0xFB,0xE4,0xFB,0xE4,0xFB,
    0xE4,0xFB,0xE4,0xFB,0xE4,0xFB,0xE4,0xFB,0xE4,0xFB,0xE4,0xFB,0xE4,0xFB,0xE4,0xFB,
    0xE4,0xFB,0xE4,0xFB,0xE4,0xFB,0xE4,0xFB,0xE4,0xFB,0xE4,0xFB,0xE4,0xFB,0xE4,0xFB,
    0xE4,0xFB,0xE4,0xFB,0xE4,0xFB,0xE4,0xFB,0xE4,0xFB,0xE4,0xFB,0xE4,0xFB,0xE4,0xFB,
    0xE4,0xFB,0xE4,0xFB,0xE4,0xFB,0xE4,0xFB,0xE4,0xFB,0xE4,0xFB,0xE4,0xFB,0xE4,0xFB,
    0xE4,0xFB,0xE4,0xFB,0xE4,0xFB,0xE4,0xFB,0xE4,0xFB,0xE4,0xFB,0xE4,0xFB,0xE4,0xFB,
    0xE4,0xFB,0xE4,0xFB,0xE4,0xFB,0xE4,0xFB,0xE4,0xFB,0xE4,0xFB,0xE4,0xFB,0xE4,0xFB,
    0xE4,0xFB,0xE4,0xFB,0xE4,0xFB,0xE4,0xFB,0xE4,0xFB,0xE4,0xFB,0xE4,0xFB,0xE4,0xFB,
    0xE4,0xFB,0xE4,0xFB,0xE4,0xFB,0xE4,0xFB,0xE4,0xFB,0xE4,0xFB,0xE4,0xFB,0xE4,0xFB,
    0xE4,0xFB,0xE4,0xFB,0xE4,0xFB,0xE4,0xFB,0xE4,0xFB,0xE4,0xFB,0xE4,0xFB,0xE4,0xFB,
    0xE4,0xFB,0xE4,0xFB,0xE4,0xFB,0xE4,0xFB,0xE4,0xFB,0xE4,0xFB,0xE4,0xFB,0xE4,0xFB,
    0xE4,0xFB,0xE4,0xFB,0xE4,0xFB,0xE4,0xFB,0xE4,0xFB,0xE4,0xFB,0xE4,0xFB,0xE4,0xFB,
    0xE4,0xFB,0xE4,0xFB,0xE4,0xFB,0xE4,0xFB,0xE4,0xFB,0xE4,0xFB,0xE4,0xFB,0xE4,0xFB,
    0xE4,0xFB,0xE4,0xFB,0xE4,0xFB,0xE4,0xFB,0xE4,0xFB,0xE4,0xFB,0xE4,0xFB,0xE4,0xFB,
    0xE4,0xFB,0xE4,0xFB,0xE4,0xFB,0xE4,0xFB,0xE4,0xFB,0xE4,0xFB,0xE4,0xFB,0xE4,0xFB,
    0xE4,0xFB,0xE4,0xFB,0xE4,0xFB,0xE4,0xFB,0xE4,0xFB,0xE4,0xFB,0xE4,0xFB,0xE4,0xFB,
    0xE4,0xFB,0xE4,0xFB,0xE4,0xFB,0xE4,0xFB,0xE4,0xFB,0xE4,0xFB,0xE4,0xFB,0xE4,0xFB,
    0xE4,0xFB,0xE4,0xFB,0xE4,0xFB,0xE4,0xFB,0xE4,0xFB,0xE4,0xFB,0xE4,0xFB,0xE4,0xFB,
    0xE4,0xFB,0xE4,0xFB,0xE4,0xFB,0xE4,0xFB,0xE4,0xFB,0xE4,0xFB,0xE4,0xFB,0xE4,0xFB,
    0xE4,0xFB,0xE4,0xFB,0xE4,0xFB,0xE4,0xFB,0xE4,0xFB,0xE4,0xFB,0xE4,0xFB,0xE4,0xFB,
    0xE4,0xFB,0xE4,0xFB,0xE4,0xFB,0xE4,0xFB,0xE4,0xFB,0xE4,0xFB,0xE4,0xFB,0xE4,0xFB,
    0xE4,0xFB,0xE4,0xFB,0xE4,0xFB,0xE4,0xFB,0xE4,0xFB,0xE4,0xFB,0xE4,0xFB,0xE4,0xFB,
    0xE4,0xFB,0xE4,0xFB,0xE4,0xFB,0xE4,0xFB,0xE4,0xFB,0xE4,0xFB,0xE4,0xFB,0xE4,0xFB,
    0xE4,0xFB,0xE4,0xFB,0xE4,0xFB,0xE4,0xFB,0xE4,0xFB,0xE4,0xFB,0xE4,0xFB,0xE4,0xFB,
    0xE4,0xFB,0xE4,0xFB,0xE4,0xFB,0xE4,0xFB,0xE4,0xFB,0xE4,0xFB,0xE4,0xFB,0xE4,0xFB,
    0xE4,0xFB,0xE4,0xFB,0xE4,0xFB,0xE4,0xFB,0xE4,0xFB,0xE4,0xFB,0xE4,0xFB,0xE4,0xFB,
    0xE4,0xFB,0xE4,0xFB,0xE4,0xFB,0xE4,0xFB,0xE4,0xFB,0xE4,0xFB,0xE4,0xFB,0xE4,0xFB,
    0xE4,0xFB,0xE4,0xFB,0xE4,0xFB,0xE4,0xFB,0xE4,0xFB,0xE4,0xFB,0xE4,0xFB,0xE4,0xFB,
    0xE4,0xFB,0xE4,0xFB,0xE4,0xFB,0xE4,0xFB,0xE4,0xFB,0xE4,0xFB,0xE4,0xFB,0xE4,0xFB,
    0xE4,0xFB,0xE4,0xFB,0xE4,0xFB,0xE4,0xFB,0xE4,0xFB,0xE4,0xFB,0xE4,0xFB,0xE4,0xFB,
    0x25,0xFC,0xE4,0xFB,0x00,0x00,0xA0,0xFA,0x00,0x00,0x00,0x00,0x00,0x00,0x00,0x00,
    0xA0,0xFA,0x00,0x00,0xC4,0xAA,0x25,0xFC,0xE4,0xFB,0xE4,0xFB,0xE4,0xFB,0xE4,0xFB,
    0xE4,0xFB,0xE4,0xFB,0xE4,0xFB,0xE4,0xFB,0xE4,0xFB,0xE4,0xFB,0xE4,0xFB,0xE4,0xFB,
    0xE4,0xFB,0xE4,0xFB,0xE4,0xFB,0xE4,0xFB,0xE4,0xFB,0xE4,0xFB,0xE4,0xFB,0xE4,0xFB,
    0xE4,0xFB,0xE4,0xFB,0xE4,0xFB,0xE4,0xFB,0xE4,0xFB,0xE4,0xFB,0xE4,0xFB,0xE4,0xFB,
    0xE4,0xFB,0xE4,0xFB,0xE4,0xFB,0xE4,0xFB,0xE4,0xFB,0xE4,0xFB,0xE4,0xFB,0xE4,0xFB,
    0xE4,0xFB,0xE4,0xFB,0xE4,0xFB,0xE4,0xFB,0xE4,0xFB,0xE4,0xFB,0xE4,0xFB,0xE4,0xFB,
    0xE4,0xFB,0xE4,0xFB,0xE4,0xFB,0xE4,0xFB,0xE4,0xFB,0xE4,0xFB,0xE4,0xFB,0xE4,0xFB,
    0xE4,0xFB,0xE4,0xFB,0xE4,0xFB,0xE4,0xFB,0xE4,0xFB,0xE4,0xFB,0xE4,0xFB,0xE4,0xFB,
    0xE4,0xFB,0xE4,0xFB,0xE4,0xFB,0xE4,0xFB,0xE4,0xFB,0xE4,0xFB,0xE4,0xFB,0xE4,0xFB,
    0xE4,0xFB,0xE4,0xFB,0xE4,0xFB,0xE4,0xFB,0xE4,0xFB,0xE4,0xFB,0xE4,0xFB,0xE4,0xFB,
    0xE4,0xFB,0xE4,0xFB,0xE4,0xFB,0xE4,0xFB,0xE4,0xFB,0xE4,0xFB,0xE4,0xFB,0xE4,0xFB,
    0xE4,0xFB,0xE4,0xFB,0xE4,0xFB,0xE4,0xFB,0xE4,0xFB,0xE4,0xFB,0xE4,0xFB,0xE4,0xFB,
    0xE4,0xFB,0xE4,0xFB,0xE4,0xFB,0xE4,0xFB,0xE4,0xFB,0xE4,0xFB,0xE4,0xFB,0xE4,0xFB,
    0xE4,0xFB,0xE4,0xFB,0xE4,0xFB,0xE4,0xFB,0xE4,0xFB,0xE4,0xFB,0xE4,0xFB,0xE4,0xFB,
    0xE4,0xFB,0xE4,0xFB,0xE4,0xFB,0xE4,0xFB,0xE4,0xFB,0xE4,0xFB,0xE4,0xFB,0xE4,0xFB,
    0xE4,0xFB,0xE4,0xFB,0xE4,0xFB,0xE4,0xFB,0xE4,0xFB,0xE4,0xFB,0xE4,0xFB,0xE4,0xFB,
    0xE4,0xFB,0xE4,0xFB,0xE4,0xFB,0xE4,0xFB,0xE4,0xFB,0xE4,0xFB,0xE4,0xFB,0xE4,0xFB,
    0xE4,0xFB,0xE4,0xFB,0xE4,0xFB,0xE4,0xFB,0xE4,0xFB,0xE4,0xFB,0xE4,0xFB,0xE4,0xFB,
    0xE4,0xFB,0xE4,0xFB,0xE4,0xFB,0xE4,0xFB,0xE4,0xFB,0xE4,0xFB,0xE4,0xFB,0xE4,0xFB,
    0xE4,0xFB,0xE4,0xFB,0xE4,0xFB,0xE4,0xFB,0xE4,0xFB,0xE4,0xFB,0xE4,0xFB,0xE4,0xFB,
    0xE4,0xFB,0xE4,0xFB,0xE4,0xFB,0xE4,0xFB,0xE4,0xFB,0xE4,0xFB,0xE4,0xFB,0xE4,0xFB,
    0xE4,0xFB,0xE4,0xFB,0xE4,0xFB,0xE4,0xFB,0xE4,0xFB,0xE4,0xFB,0xE4,0xFB,0xE4,0xFB,
    0xE4,0xFB,0xE4,0xFB,0xE4,0xFB,0xE4,0xFB,0xE4,0xFB,0xE4,0xFB,0xE4,0xFB,0xE4,0xFB,
    0xE4,0xFB,0xE4,0xFB,0xE4,0xFB,0xE4,0xFB,0xE4,0xFB,0xE4,0xFB,0xE4,0xFB,0xE4,0xFB,
    0xE4,0xFB,0xE4,0xFB,0xE4,0xFB,0xE4,0xFB,0xE4,0xFB,0xE4,0xFB,0xE4,0xFB,0xE4,0xFB,
    0xE4,0xFB,0xE4,0xFB,0xE4,0xFB,0xE4,0xFB,0xE4,0xFB,0xE4,0xFB,0xE4,0xFB,0xE4,0xFB,
    0xE4,0xFB,0xE4,0xFB,0xE4,0xFB,0xE4,0xFB,0xE4,0xFB,0xE4,0xFB,0xE4,0xFB,0xE4,0xFB,
    0xE4,0xFB,0xE4,0xFB,0xE4,0xFB,0xE4,0xFB,0xE4,0xFB,0xE4,0xFB,0xE4,0xFB,0xE4,0xFB,
    0xE4,0xFB,0xE4,0xFB,0xE4,0xFB,0xE4,0xFB,0xE4,0xFB,0xE4,0xFB,0xE4,0xFB,0xE4,0xFB,
    0xE4,0xFB,0xE4,0xFB,0xE4,0xFB,0xE4,0xFB,0xE4,0xFB,0xE4,0xFB,0xE4,0xFB,0xE4,0xFB,
    0xE4,0xFB,0xE4,0xFB,0xE4,0xFB,0xE4,0xFB,0xE4,0xFB,0xE4,0xFB,0xE4,0xFB,0xE4,0xFB,
    0xE4,0xFB,0xE4,0xFB,0xE4,0xFB,0xE4,0xFB,0xE4,0xFB,0xE4,0xFB,0xE4,0xFB,0xE4,0xFB,
    0xE4,0xFB,0xE4,0xFB,0xE4,0xFB,0xE4,0xFB,0xE4,0xFB,0xE4,0xFB,0x25,0xFC,0xE4,0xFB,
    0x00,0x00,0xA0,0xFA,0x00,0x00,0x00,0x00,0x00,0x00,0x00,0x00,0xA0,0xFA,0x00,0x00,
    0xC4,0xAA,0x25,0xFC,0xE4,0xFB,0xE4,0xFB,0xE4,0xFB,0xE4,0xFB,0xE4,0xFB,0xE4,0xFB,
    0xE4,0xFB,0xE4,0xFB,0xE4,0xFB,0xE4,0xFB,0xE4,0xFB,0xE4,0xFB,0xE4,0xFB,0xE4,0xFB,
    0xE4,0xFB,0xE4,0xFB,0xE4,0xFB,0xE4,0xFB,0xE4,0xFB,0xE4,0xFB,0xE4,0xFB,0xE4,0xFB,
    0xE4,0xFB,0xE4,0xFB,0xE4,0xFB,0xE4,0xFB,0xE4,0xFB,0xE4,0xFB,0xE4,0xFB,0xE4,0xFB,
    0xE4,0xFB,0xE4,0xFB,0xE4,0xFB,0xE4,0xFB,0xE4,0xFB,0xE4,0xFB,0xE4,0xFB,0xE4,0xFB,
    0xE4,0xFB,0xE4,0xFB,0xE4,0xFB,0xE4,0xFB,0xE4,0xFB,0xE4,0xFB,0xE4,0xFB,0xE4,0xFB,
    0xE4,0xFB,0xE4,0xFB,0xE4,0xFB,0xE4,0xFB,0xE4,0xFB,0xE4,0xFB,0xE4,0xFB,0xE4,0xFB,
    0xE4,0xFB,0xE4,0xFB,0xE4,0xFB,0xE4,0xFB,0xE4,0xFB,0xE4,0xFB,0xE4,0xFB,0xE4,0xFB,
    0xE4,0xFB,0xE4,0xFB,0xE4,0xFB,0xE4,0xFB,0xE4,0xFB,0xE4,0xFB,0xE4,0xFB,0xE4,0xFB,
    0xE4,0xFB,0xE4,0xFB,0xE4,0xFB,0xE4,0xFB,0xE4,0xFB,0xE4,0xFB,0xE4,0xFB,0xE4,0xFB,
    0xE4,0xFB,0xE4,0xFB,0xE4,0xFB,0xE4,0xFB,0xE4,0xFB,0xE4,0xFB,0xE4,0xFB,0xE4,0xFB,
    0xE4,0xFB,0xE4,0xFB,0xE4,0xFB,0xE4,0xFB,0xE4,0xFB,0xE4,0xFB,0xE4,0xFB,0xE4,0xFB,
    0xE4,0xFB,0xE4,0xFB,0xE4,0xFB,0xE4,0xFB,0xE4,0xFB,0xE4,0xFB,0xE4,0xFB,0xE4,0xFB,
    0xE4,0xFB,0xE4,0xFB,0xE4,0xFB,0xE4,0xFB,0xE4,0xFB,0xE4,0xFB,0xE4,0xFB,0xE4,0xFB,
    0xE4,0xFB,0xE4,0xFB,0xE4,0xFB,0xE4,0xFB,0xE4,0xFB,0xE4,0xFB,0xE4,0xFB,0xE4,0xFB,
    0xE4,0xFB,0xE4,0xFB,0xE4,0xFB,0xE4,0xFB,0xE4,0xFB,0xE4,0xFB,0xE4,0xFB,0xE4,0xFB,
    0xE4,0xFB,0xE4,0xFB,0xE4,0xFB,0xE4,0xFB,0xE4,0xFB,0xE4,0xFB,0xE4,0xFB,0xE4,0xFB,
    0xE4,0xFB,0xE4,0xFB,0xE4,0xFB,0xE4,0xFB,0xE4,0xFB,0xE4,0xFB,0xE4,0xFB,0xE4,0xFB,
    0xE4,0xFB,0xE4,0xFB,0xE4,0xFB,0xE4,0xFB,0xE4,0xFB,0xE4,0xFB,0xE4,0xFB,0xE4,0xFB,
    0xE4,0xFB,0xE4,0xFB,0xE4,0xFB,0xE4,0xFB,0xE4,0xFB,0xE4,0xFB,0xE4,0xFB,0xE4,0xFB,
    0xE4,0xFB,0xE4,0xFB,0xE4,0xFB,0xE4,0xFB,0xE4,0xFB,0xE4,0xFB,0xE4,0xFB,0xE4,0xFB,
    0xE4,0xFB,0xE4,0xFB,0xE4,0xFB,0xE4,0xFB,0xE4,0xFB,0xE4,0xFB,0xE4,0xFB,0xE4,0xFB,
    0xE4,0xFB,0xE4,0xFB,0xE4,0xFB,0xE4,0xFB,0xE4,0xFB,0xE4,0xFB,0xE4,0xFB,0xE4,0xFB,
    0xE4,0xFB,0xE4,0xFB,0xE4,0xFB,0xE4,0xFB,0xE4,0xFB,0xE4,0xFB,0xE4,0xFB,0xE4,0xFB,
    0xE4,0xFB,0xE4,0xFB,0xE4,0xFB,0xE4,0xFB,0xE4,0xFB,0xE4,0xFB,0xE4,0xFB,0xE4,0xFB,
    0xE4,0xFB,0xE4,0xFB,0xE4,0xFB,0xE4,0xFB,0xE4,0xFB,0xE4,0xFB,0xE4,0xFB,0xE4,0xFB,
    0xE4,0xFB,0xE4,0xFB,0xE4,0xFB,0xE4,0xFB,0xE4,0xFB,0xE4,0xFB,0xE4,0xFB,0xE4,0xFB,
    0xE4,0xFB,0xE4,0xFB,0xE4,0xFB,0xE4,0xFB,0xE4,0xFB,0xE4,0xFB,0xE4,0xFB,0xE4,0xFB,
    0xE4,0xFB,0xE4,0xFB,0xE4,0xFB,0xE4,0xFB,0xE4,0xFB,0xE4,0xFB,0xE4,0xFB,0xE4,0xFB,
    0xE4,0xFB,0xE4,0xFB,0xE4,0xFB,0xE4,0xFB,0xE4,0xFB,0xE4,0xFB,0xE4,0xFB,0xE4,0xFB,
    0xE4,0xFB,0xE4,0xFB,0xE4,0xFB,0xE4,0xFB,0xE4,0xFB,0xE4,0xFB,0xE4,0xFB,0xE4,0xFB,
    0xE4,0xFB,0xE4,0xFB,0xE4,0xFB,0xE4,0xFB,0xE4,0xFB,0xE4,0xFB,0xE4,0xFB,0xE4,0xFB,
    0xE4,0xFB,0xE4,0xFB,0xE4,0xFB,0xE4,0xFB,0x25,0xFC,0xE4,0xFB,0x00,0x00,0xA0,0xFA,
    0x00,0x00,0x00,0x00,0x00,0x00,0x00,0x00,0xA0,0xFA,0x00,0x00,0xC4,0xAA,0x25,0xFC,
    0xE4,0xFB,0xE4,0xFB,0xE4,0xFB,0xE4,0xFB,0xE4,0xFB,0xE4,0xFB,0xE4,0xFB,0xE4,0xFB,
    0xE4,0xFB,0xE4,0xFB,0xE4,0xFB,0xE4,0xFB,0xE4,0xFB,0xE4,0xFB,0xE4,0xFB,0xE4,0xFB,
    0xE4,0xFB,0xE4,0xFB,0xE4,0xFB,0xE4,0xFB,0xE4,0xFB,0xE4,0xFB,0xE4,0xFB,0xE4,0xFB,
    0xE4,0xFB,0xE4,0xFB,0xE4,0xFB,0xE4,0xFB,0xE4,0xFB,0xE4,0xFB,0xE4,0xFB,0xE4,0xFB,
    0xE4,0xFB,0xE4,0xFB,0xE4,0xFB,0xE4,0xFB,0xE4,0xFB,0xE4,0xFB,0xE4,0xFB,0xE4,0xFB,
    0xE4,0xFB,0xE4,0xFB,0xE4,0xFB,0xE4,0xFB,0xE4,0xFB,0xE4,0xFB,0xE4,0xFB,0xE4,0xFB,
    0xE4,0xFB,0xE4,0xFB,0xE4,0xFB,0xE4,0xFB,0xE4,0xFB,0xE4,0xFB,0xE4,0xFB,0xE4,0xFB,
    0xE4,0xFB,0xE4,0xFB,0xE4,0xFB,0xE4,0xFB,0xE4,0xFB,0xE4,0xFB,0xE4,0xFB,0xE4,0xFB,
    0xE4,0xFB,0xE4,0xFB,0xE4,0xFB,0xE4,0xFB,0xE4,0xFB,0xE4,0xFB,0xE4,0xFB,0xE4,0xFB,
    0xE4,0xFB,0xE4,0xFB,0xE4,0xFB,0xE4,0xFB,0xE4,0xFB,0xE4,0xFB,0xE4,0xFB,0xE4,0xFB,
    0xE4,0xFB,0xE4,0xFB,0xE4,0xFB,0xE4,0xFB,0xE4,0xFB,0xE4,0xFB,0xE4,0xFB,0xE4,0xFB,
    0xE4,0xFB,0xE4,0xFB,0xE4,0xFB,0xE4,0xFB,0xE4,0xFB,0xE4,0xFB,0xE4,0xFB,0xE4,0xFB,
    0xE4,0xFB,0xE4,0xFB,0xE4,0xFB,0xE4,0xFB,0xE4,0xFB,0xE4,0xFB,0xE4,0xFB,0xE4,0xFB,
    0xE4,0xFB,0xE4,0xFB,0xE4,0xFB,0xE4,0xFB,0xE4,0xFB,0xE4,0xFB,0xE4,0xFB,0xE4,0xFB,
    0xE4,0xFB,0xE4,0xFB,0xE4,0xFB,0xE4,0xFB,0xE4,0xFB,0xE4,0xFB,0xE4,0xFB,0xE4,0xFB,
    0xE4,0xFB,0xE4,0xFB,0xE4,0xFB,0xE4,0xFB,0xE4,0xFB,0xE4,0xFB,0xE4,0xFB,0xE4,0xFB,
    0xE4,0xFB,0xE4,0xFB,0xE4,0xFB,0xE4,0xFB,0xE4,0xFB,0xE4,0xFB,0xE4,0xFB,0xE4,0xFB,
    0xE4,0xFB,0xE4,0xFB,0xE4,0xFB,0xE4,0xFB,0xE4,0xFB,0xE4,0xFB,0xE4,0xFB,0xE4,0xFB,
    0xE4,0xFB,0xE4,0xFB,0xE4,0xFB,0xE4,0xFB,0xE4,0xFB,0xE4,0xFB,0xE4,0xFB,0xE4,0xFB,
    0xE4,0xFB,0xE4,0xFB,0xE4,0xFB,0xE4,0xFB,0xE4,0xFB,0xE4,0xFB,0xE4,0xFB,0xE4,0xFB,
    0xE4,0xFB,0xE4,0xFB,0xE4,0xFB,0xE4,0xFB,0xE4,0xFB,0xE4,0xFB,0xE4,0xFB,0xE4,0xFB,
    0xE4,0xFB,0xE4,0xFB,0xE4,0xFB,0xE4,0xFB,0xE4,0xFB,0xE4,0xFB,0xE4,0xFB,0xE4,0xFB,
    0xE4,0xFB,0xE4,0xFB,0xE4,0xFB,0xE4,0xFB,0xE4,0xFB,0xE4,0xFB,0xE4,0xFB,0xE4,0xFB,
    0xE4,0xFB,0xE4,0xFB,0xE4,0xFB,0xE4,0xFB,0xE4,0xFB,0xE4,0xFB,0xE4,0xFB,0xE4,0xFB,
    0xE4,0xFB,0xE4,0xFB,0xE4,0xFB,0xE4,0xFB,0xE4,0xFB,0xE4,0xFB,0xE4,0xFB,0xE4,0xFB,
    0xE4,0xFB,0xE4,0xFB,0xE4,0xFB,0xE4,0xFB,0xE4,0xFB,0xE4,0xFB,0xE4,0xFB,0xE4,0xFB,
    0xE4,0xFB,0xE4,0xFB,0xE4,0xFB,0xE4,0xFB,0xE4,0xFB,0xE4,0xFB,0xE4,0xFB,0xE4,0xFB,
    0xE4,0xFB,0xE4,0xFB,0xE4,0xFB,0xE4,0xFB,0xE4,0xFB,0xE4,0xFB,0xE4,0xFB,0xE4,0xFB,
    0xE4,0xFB,0xE4,0xFB,0xE4,0xFB,0xE4,0xFB,0xE4,0xFB,0xE4,0xFB,0xE4,0xFB,0xE4,0xFB,
    0xE4,0xFB,0xE4,0xFB,0xE4,0xFB,0xE4,0xFB,0xE4,0xFB,0xE4,0xFB,0xE4,0xFB,0xE4,0xFB,
    0xE4,0xFB,0xE4,0xFB,0xE4,0xFB,0xE4,0xFB,0xE4,0xFB,0xE4,0xFB,0xE4,0xFB,0xE4,0xFB,
    0xE4,0xFB,0xE4,0xFB,0xE4,0xFB,0xE4,0xFB,0xE4,0xFB,0xE4,0xFB,0xE4,0xFB,0xE4,0xFB,
    0xE4,0xFB,0xE4,0xFB,0x25,0xFC,0xE4,0xFB,0x00,0x00,0xA0,0xFA,0x00,0x00,0x00,0x00,
    0x00,0x00,0x00,0x00,0xA0,0xFA,0x00,0x00,0xC4,0xAA,0x25,0xFC,0xE4,0xFB,0xE4,0xFB,
    0xE4,0xFB,0xE4,0xFB,0xE4,0xFB,0xE4,0xFB,0xE4,0xFB,0xE4,0xFB,0xE4,0xFB,0xE4,0xFB,
    0xE4,0xFB,0xE4,0xFB,0xE4,0xFB,0xE4,0xFB,0xE4,0xFB,0xE4,0xFB,0xE4,0xFB,0xE4,0xFB,
    0xE4,0xFB,0xE4,0xFB,0xE4,0xFB,0xE4,0xFB,0xE4,0xFB,0xE4,0xFB,0xE4,0xFB,0xE4,0xFB,
    0xE4,0xFB,0xE4,0xFB,0xE4,0xFB,0xE4,0xFB,0xE4,0xFB,0xE4,0xFB,0xE4,0xFB,0xE4,0xFB,
    0xE4,0xFB,0xE4,0xFB,0xE4,0xFB,0xE4,0xFB,0xE4,0xFB,0xE4,0xFB,0xE4,0xFB,0xE4,0xFB,
    0xE4,0xFB,0xE4,0xFB,0xE4,0xFB,0xE4,0xFB,0xE4,0xFB,0xE4,0xFB,0xE4,0xFB,0xE4,0xFB,
    0xE4,0xFB,0xE4,0xFB,0xE4,0xFB,0xE4,0xFB,0xE4,0xFB,0xE4,0xFB,0xE4,0xFB,0xE4,0xFB,
    0xE4,0xFB,0xE4,0xFB,0xE4,0xFB,0xE4,0xFB,0xE4,0xFB,0xE4,0xFB,0xE4,0xFB,0xE4,0xFB,
    0xE4,0xFB,0xE4,0xFB,0xE4,0xFB,0xE4,0xFB,0xE4,0xFB,0xE4,0xFB,0xE4,0xFB,0xE4,0xFB,
    0xE4,0xFB,0xE4,0xFB,0xE4,0xFB,0xE4,0xFB,0xE4,0xFB,0xE4,0xFB,0xE4,0xFB,0xE4,0xFB,
    0xE4,0xFB,0xE4,0xFB,0xE4,0xFB,0xE4,0xFB,0xE4,0xFB,0xE4,0xFB,0xE4,0xFB,0xE4,0xFB,
    0xE4,0xFB,0xE4,0xFB,0xE4,0xFB,0xE4,0xFB,0xE4,0xFB,0xE4,0xFB,0xE4,0xFB,0xE4,0xFB,
    0xE4,0xFB,0xE4,0xFB,0xE4,0xFB,0xE4,0xFB,0xE4,0xFB,0xE4,0xFB,0xE4,0xFB,0xE4,0xFB,
    0xE4,0xFB,0xE4,0xFB,0xE4,0xFB,0xE4,0xFB,0xE4,0xFB,0xE4,0xFB,0xE4,0xFB,0xE4,0xFB,
    0xE4,0xFB,0xE4,0xFB,0xE4,0xFB,0xE4,0xFB,0xE4,0xFB,0xE4,0xFB,0xE4,0xFB,0xE4,0xFB,
    0xE4,0xFB,0xE4,0xFB,0xE4,0xFB,0xE4,0xFB,0xE4,0xFB,0xE4,0xFB,0xE4,0xFB,0xE4,0xFB,
    0xE4,0xFB,0xE4,0xFB,0xE4,0xFB,0xE4,0xFB,0xE4,0xFB,0xE4,0xFB,0xE4,0xFB,0xE4,0xFB,
    0xE4,0xFB,0xE4,0xFB,0xE4,0xFB,0xE4,0xFB,0xE4,0xFB,0xE4,0xFB,0xE4,0xFB,0xE4,0xFB,
    0xE4,0xFB,0xE4,0xFB,0xE4,0xFB,0xE4,0xFB,0xE4,0xFB,0xE4,0xFB,0xE4,0xFB,0xE4,0xFB,
    0xE4,0xFB,0xE4,0xFB,0xE4,0xFB,0xE4,0xFB,0xE4,0xFB,0xE4,0xFB,0xE4,0xFB,0xE4,0xFB,
    0xE4,0xFB,0xE4,0xFB,0xE4,0xFB,0xE4,0xFB,0xE4,0xFB,0xE4,0xFB,0xE4,0xFB,0xE4,0xFB,
    0xE4,0xFB,0xE4,0xFB,0xE4,0xFB,0xE4,0xFB,0xE4,0xFB,0xE4,0xFB,0xE4,0xFB,0xE4,0xFB,
    0xE4,0xFB,0xE4,0xFB,0xE4,0xFB,0xE4,0xFB,0xE4,0xFB,0xE4,0xFB,0xE4,0xFB,0xE4,0xFB,
    0xE4,0xFB,0xE4,0xFB,0xE4,0xFB,0xE4,0xFB,0xE4,0xFB,0xE4,0xFB,0xE4,0xFB,0xE4,0xFB,
    0xE4,0xFB,0xE4,0xFB,0xE4,0xFB,0xE4,0xFB,0xE4,0xFB,0xE4,0xFB,0xE4,0xFB,0xE4,0xFB,
    0xE4,0xFB,0xE4,0xFB,0xE4,0xFB,0xE4,0xFB,0xE4,0xFB,0xE4,0xFB,0xE4,0xFB,0xE4,0xFB,
    0xE4,0xFB,0xE4,0xFB,0xE4,0xFB,0xE4,0xFB,0xE4,0xFB,0xE4,0xFB,0xE4,0xFB,0xE4,0xFB,
    0xE4,0xFB,0xE4,0xFB,0xE4,0xFB,0xE4,0xFB,0xE4,0xFB,0xE4,0xFB,0xE4,0xFB,0xE4,0xFB,
    0xE4,0xFB,0xE4,0xFB,0xE4,0xFB,0xE4,0xFB,0xE4,0xFB,0xE4,0xFB,0xE4,0xFB,0xE4,0xFB,
    0xE4,0xFB,0xE4,0xFB,0xE4,0xFB,0xE4,0xFB,0xE4,0xFB,0xE4,0xFB,0xE4,0xFB,0xE4,0xFB,
    0xE4,0xFB,0xE4,0xFB,0xE4,0xFB,0xE4,0xFB,0xE4,0xFB,0xE4,0xFB,0xE4,0xFB,0xE4,0xFB,
    0xE4,0xFB,0xE4,0xFB,0xE4,0xFB,0xE4,0xFB,0xE4,0xFB,0xE4,0xFB,0xE4,0xFB,0xE4,0xFB,
    0x25,0xFC,0xE4,0xFB,0x00,0x00,0xA0,0xFA,0x00,0x00,0x00,0x00,0x00,0x00,0x00,0x00,
    0xA0,0xFA,0x00,0x00,0xC4,0xAA,0x25,0xFC,0xE4,0xFB,0xE4,0xFB,0xE4,0xFB,0xE4,0xFB,
    0xE4,0xFB,0xE4,0xFB,0xE4,0xFB,0xE4,0xFB,0xE4,0xFB,0xE4,0xFB,0xE4,0xFB,0xE4,0xFB,
    0xE4,0xFB,0xE4,0xFB,0xE4,0xFB,0xE4,0xFB,0xE4,0xFB,0xE4,0xFB,0xE4,0xFB,0xE4,0xFB,
    0xE4,0xFB,0xE4,0xFB,0xE4,0xFB,0xE4,0xFB,0xE4,0xFB,0xE4,0xFB,0xE4,0xFB,0xE4,0xFB,
    0xE4,0xFB,0xE4,0xFB,0xE4,0xFB,0xE4,0xFB,0xE4,0xFB,0xE4,0xFB,0xE4,0xFB,0xE4,0xFB,
    0xE4,0xFB,0xE4,0xFB,0xE4,0xFB,0xE4,0xFB,0xE4,0xFB,0xE4,0xFB,0xE4,0xFB,0xE4,0xFB,
    0xE4,0xFB,0xE4,0xFB,0xE4,0xFB,0xE4,0xFB,0xE4,0xFB,0xE4,0xFB,0xE4,0xFB,0xE4,0xFB,
    0xE4,0xFB,0xE4,0xFB,0xE4,0xFB,0xE4,0xFB,0xE4,0xFB,0xE4,0xFB,0xE4,0xFB,0xE4,0xFB,
    0xE4,0xFB,0xE4,0xFB,0xE4,0xFB,0xE4,0xFB,0xE4,0xFB,0xE4,0xFB,0xE4,0xFB,0xE4,0xFB,
    0xE4,0xFB,0xE4,0xFB,0xE4,0xFB,0xE4,0xFB,0xE4,0xFB,0xE4,0xFB,0xE4,0xFB,0xE4,0xFB,
    0xE4,0xFB,0xE4,0xFB,0xE4,0xFB,0xE4,0xFB,0xE4,0xFB,0xE4,0xFB,0xE4,0xFB,0xE4,0xFB,
    0xE4,0xFB,0xE4,0xFB,0xE4,0xFB,0xE4,0xFB,0xE4,0xFB,0xE4,0xFB,0xE4,0xFB,0xE4,0xFB,
    0xE4,0xFB,0xE4,0xFB,0xE4,0xFB,0xE4,0xFB,0xE4,0xFB,0xE4,0xFB,0xE4,0xFB,0xE4,0xFB,
    0xE4,0xFB,0xE4,0xFB,0xE4,0xFB,0xE4,0xFB,0xE4,0xFB,0xE4,0xFB,0xE4,0xFB,0xE4,0xFB,
    0xE4,0xFB,0xE4,0xFB,0xE4,0xFB,0xE4,0xFB,0xE4,0xFB,0xE4,0xFB,0xE4,0xFB,0xE4,0xFB,
    0xE4,0xFB,0xE4,0xFB,0xE4,0xFB,0xE4,0xFB,0xE4,0xFB,0xE4,0xFB,0xE4,0xFB,0xE4,0xFB,
    0xE4,0xFB,0xE4,0xFB,0xE4,0xFB,0xE4,0xFB,0xE4,0xFB,0xE4,0xFB,0xE4,0xFB,0xE4,0xFB,
    0xE4,0xFB,0xE4,0xFB,0xE4,0xFB,0xE4,0xFB,0xE4,0xFB,0xE4,0xFB,0xE4,0xFB,0xE4,0xFB,
    0xE4,0xFB,0xE4,0xFB,0xE4,0xFB,0xE4,0xFB,0xE4,0xFB,0xE4,0xFB,0xE4,0xFB,0xE4,0xFB,
    0xE4,0xFB,0xE4,0xFB,0xE4,0xFB,0xE4,0xFB,0xE4,0xFB,0xE4,0xFB,0xE4,0xFB,0xE4,0xFB,
    0xE4,0xFB,0xE4,0xFB,0xE4,0xFB,0xE4,0xFB,0xE4,0xFB,0xE4,0xFB,0xE4,0xFB,0xE4,0xFB,
    0xE4,0xFB,0xE4,0xFB,0xE4,0xFB,0xE4,0xFB,0xE4,0xFB,0xE4,0xFB,0xE4,0xFB,0xE4,0xFB,
    0xE4,0xFB,0xE4,0xFB,0xE4,0xFB,0xE4,0xFB,0xE4,0xFB,0xE4,0xFB,0xE4,0xFB,0xE4,0xFB,
    0xE4,0xFB,0xE4,0xFB,0xE4,0xFB,0xE4,0xFB,0xE4,0xFB,0xE4,0xFB,0xE4,0xFB,0xE4,0xFB,
    0xE4,0xFB,0xE4,0xFB,0xE4,0xFB,0xE4,0xFB,0xE4,0xFB,0xE4,0xFB,0xE4,0xFB,0xE4,0xFB,
    0xE4,0xFB,0xE4,0xFB,0xE4,0xFB,0xE4,0xFB,0xE4,0xFB,0xE4,0xFB,0xE4,0xFB,0xE4,0xFB,
    0xE4,0xFB,0xE4,0xFB,0xE4,0xFB,0xE4,0xFB,0xE4,0xFB,0xE4,0xFB,0xE4,0xFB,0xE4,0xFB,
    0xE4,0xFB,0xE4,0xFB,0xE4,0xFB,0xE4,0xFB,0xE4,0xFB,0xE4,0xFB,0xE4,0xFB,0xE4,0xFB,
    0xE4,0xFB,0xE4,0xFB,0xE4,0xFB,0xE4,0xFB,0xE4,0xFB,0xE4,0xFB,0xE4,0xFB,0xE4,0xFB,
    0xE4,0xFB,0xE4,0xFB,0xE4,0xFB,0xE4,0xFB,0xE4,0xFB,0xE4,0xFB,0xE4,0xFB,0xE4,0xFB,
    0xE4,0xFB,0xE4,0xFB,0xE4,0xFB,0xE4,0xFB,0xE4,0xFB,0xE4,0xFB,0xE4,0xFB,0xE4,0xFB,
    0xE4,0xFB,0xE4,0xFB,0xE4,0xFB,0xE4,0xFB,0xE4,0xFB,0xE4,0xFB,0xE4,0xFB,0xE4,0xFB,
    0xE4,0xFB,0xE4,0xFB,0xE4,0xFB,0xE4,0xFB,0xE4,0xFB,0xE4,0xFB,0x25,0xFC,0xE4,0xFB,
    0x00,0x00,0xA0,0xFA,0x00,0x00,0x00,0x00,0x00,0x00,0x00,0x00,0xA0,0xFA,0x00,0x00,
    0xC4,0xAA,0x25,0xFC,0xE4,0xFB,0xE4,0xFB,0xE4,0xFB,0xE4,0xFB,0xE4,0xFB,0xE4,0xFB,
    0xE4,0xFB,0xE4,0xFB,0xE4,0xFB,0xE4,0xFB,0xE4,0xFB,0xE4,0xFB,0xE4,0xFB,0xE4,0xFB,
    0xE4,0xFB,0xE4,0xFB,0xE4,0xFB,0xE4,0xFB,0xE4,0xFB,0xE4,0xFB,0xE4,0xFB,0xE4,0xFB,
    0xE4,0xFB,0xE4,0xFB,0xE4,0xFB,0xE4,0xFB,0xE4,0xFB,0xE4,0xFB,0xE4,0xFB,0xE4,0xFB,
    0xE4,0xFB,0xE4,0xFB,0xE4,0xFB,0xE4,0xFB,0xE4,0xFB,0xE4,0xFB,0xE4,0xFB,0xE4,0xFB,
    0xE4,0xFB,0xE4,0xFB,0xE4,0xFB,0xE4,0xFB,0xE4,0xFB,0xE4,0xFB,0xE4,0xFB,0xE4,0xFB,
    0xE4,0xFB,0xE4,0xFB,0xE4,0xFB,0xE4,0xFB,0xE4,0xFB,0xE4,0xFB,0xE4,0xFB,0xE4,0xFB,
    0xE4,0xFB,0xE4,0xFB,0xE4,0xFB,0xE4,0xFB,0xE4,0xFB,0xE4,0xFB,0xE4,0xFB,0xE4,0xFB,
    0xE4,0xFB,0xE4,0xFB,0xE4,0xFB,0xE4,0xFB,0xE4,0xFB,0xE4,0xFB,0xE4,0xFB,0xE4,0xFB,
    0xE4,0xFB,0xE4,0xFB,0xE4,0xFB,0xE4,0xFB,0xE4,0xFB,0xE4,0xFB,0xE4,0xFB,0xE4,0xFB,
    0xE4,0xFB,0xE4,0xFB,0xE4,0xFB,0xE4,0xFB,0xE4,0xFB,0xE4,0xFB,0xE4,0xFB,0xE4,0xFB,
    0xE4,0xFB,0xE4,0xFB,0xE4,0xFB,0xE4,0xFB,0xE4,0xFB,0xE4,0xFB,0xE4,0xFB,0xE4,0xFB,
    0xE4,0xFB,0xE4,0xFB,0xE4,0xFB,0xE4,0xFB,0xE4,0xFB,0xE4,0xFB,0xE4,0xFB,0xE4,0xFB,
    0xE4,0xFB,0xE4,0xFB,0xE4,0xFB,0xE4,0xFB,0xE4,0xFB,0xE4,0xFB,0xE4,0xFB,0xE4,0xFB,
    0xE4,0xFB,0xE4,0xFB,0xE4,0xFB,0xE4,0xFB,0xE4,0xFB,0xE4,0xFB,0xE4,0xFB,0xE4,0xFB,
    0xE4,0xFB,0xE4,0xFB,0xE4,0xFB,0xE4,0xFB,0xE4,0xFB,0xE4,0xFB,0xE4,0xFB,0xE4,0xFB,
    0xE4,0xFB,0xE4,0xFB,0xE4,0xFB,0xE4,0xFB,0xE4,0xFB,0xE4,0xFB,0xE4,0xFB,0xE4,0xFB,
    0xE4,0xFB,0xE4,0xFB,0xE4,0xFB,0xE4,0xFB,0xE4,0xFB,0xE4,0xFB,0xE4,0xFB,0xE4,0xFB,
    0xE4,0xFB,0xE4,0xFB,0xE4,0xFB,0xE4,0xFB,0xE4,0xFB,0xE4,0xFB,0xE4,0xFB,0xE4,0xFB,
    0xE4,0xFB,0xE4,0xFB,0xE4,0xFB,0xE4,0xFB,0xE4,0xFB,0xE4,0xFB,0xE4,0xFB,0xE4,0xFB,
    0xE4,0xFB,0xE4,0xFB,0xE4,0xFB,0xE4,0xFB,0xE4,0xFB,0xE4,0xFB,0xE4,0xFB,0xE4,0xFB,
    0xE4,0xFB,0xE4,0xFB,0xE4,0xFB,0xE4,0xFB,0xE4,0xFB,0xE4,0xFB,0xE4,0xFB,0xE4,0xFB,
    0xE4,0xFB,0xE4,0xFB,0xE4,0xFB,0xE4,0xFB,0xE4,0xFB,0xE4,0xFB,0xE4,0xFB,0xE4,0xFB,
    0xE4,0xFB,0xE4,0xFB,0xE4,0xFB,0xE4,0xFB,0xE4,0xFB,0xE4,0xFB,0xE4,0xFB,0xE4,0xFB,
    0xE4,0xFB,0xE4,0xFB,0xE4,0xFB,0xE4,0xFB,0xE4,0xFB,0xE4,0xFB,0xE4,0xFB,0xE4,0xFB,
    0xE4,0xFB,0xE4,0xFB,0xE4,0xFB,0xE4,0xFB,0xE4,0xFB,0xE4,0xFB,0xE4,0xFB,0xE4,0xFB,
    0xE4,0xFB,0xE4,0xFB,0xE4,0xFB,0xE4,0xFB,0xE4,0xFB,0xE4,0xFB,0xE4,0xFB,0xE4,0xFB,
    0xE4,0xFB,0xE4,0xFB,0xE4,0xFB,0xE4,0xFB,0xE4,0xFB,0xE4,0xFB,0xE4,0xFB,0xE4,0xFB,
    0xE4,0xFB,0xE4,0xFB,0xE4,0xFB,0xE4,0xFB,0xE4,0xFB,0xE4,0xFB,0xE4,0xFB,0xE4,0xFB,
    0xE4,0xFB,0xE4,0xFB,0xE4,0xFB,0xE4,0xFB,0xE4,0xFB,0xE4,0xFB,0xE4,0xFB,0xE4,0xFB,
    0xE4,0xFB,0xE4,0xFB,0xE4,0xFB,0xE4,0xFB,0xE4,0xFB,0xE4,0xFB,0xE4,0xFB,0xE4,0xFB,
    0xE4,0xFB,0xE4,0xFB,0xE4,0xFB,0xE4,0xFB,0xE4,0xFB,0xE4,0xFB,0xE4,0xFB,0xE4,0xFB,
    0xE4,0xFB,0xE4,0xFB,0xE4,0xFB,0xE4,0xFB,0x25,0xFC,0xE4,0xFB,0x00,0x00,0xA0,0xFA,
    0x00,0x00,0x00,0x00,0x00,0x00,0x00,0x00,0xA0,0xFA,0x00,0x00,0xC4,0xAA,0x25,0xFC,
    0xE4,0xFB,0xE4,0xFB,0xE4,0xFB,0xE4,0xFB,0xE4,0xFB,0xE4,0xFB,0xE4,0xFB,0xE4,0xFB,
    0xE4,0xFB,0xE4,0xFB,0xE4,0xFB,0xE4,0xFB,0xE4,0xFB,0xE4,0xFB,0xE4,0xFB,0xE4,0xFB,
    0xE4,0xFB,0xE4,0xFB,0xE4,0xFB,0xE4,0xFB,0xE4,0xFB,0xE4,0xFB,0xE4,0xFB,0xE4,0xFB,
    0xE4,0xFB,0xE4,0xFB,0xE4,0xFB,0xE4,0xFB,0xE4,0xFB,0xE4,0xFB,0xE4,0xFB,0xE4,0xFB,
    0xE4,0xFB,0xE4,0xFB,0xE4,0xFB,0xE4,0xFB,0xE4,0xFB,0xE4,0xFB,0xE4,0xFB,0xE4,0xFB,
    0xE4,0xFB,0xE4,0xFB,0xE4,0xFB,0xE4,0xFB,0xE4,0xFB,0xE4,0xFB,0xE4,0xFB,0xE4,0xFB,
    0xE4,0xFB,0xE4,0xFB,0xE4,0xFB,0xE4,0xFB,0xE4,0xFB,0xE4,0xFB,0xE4,0xFB,0xE4,0xFB,
    0xE4,0xFB,0xE4,0xFB,0xE4,0xFB,0xE4,0xFB,0xE4,0xFB,0xE4,0xFB,0xE4,0xFB,0xE4,0xFB,
    0xE4,0xFB,0xE4,0xFB,0xE4,0xFB,0xE4,0xFB,0xE4,0xFB,0xE4,0xFB,0xE4,0xFB,0xE4,0xFB,
    0xE4,0xFB,0xE4,0xFB,0xE4,0xFB,0xE4,0xFB,0xE4,0xFB,0xE4,0xFB,0xE4,0xFB,0xE4,0xFB,
    0xE4,0xFB,0xE4,0xFB,0xE4,0xFB,0xE4,0xFB,0xE4,0xFB,0xE4,0xFB,0xE4,0xFB,0xE4,0xFB,
    0xE4,0xFB,0xE4,0xFB,0xE4,0xFB,0xE4,0xFB,0xE4,0xFB,0xE4,0xFB,0xE4,0xFB,0xE4,0xFB,
    0xE4,0xFB,0xE4,0xFB,0xE4,0xFB,0xE4,0xFB,0xE4,0xFB,0xE4,0xFB,0xE4,0xFB,0xE4,0xFB,
    0xE4,0xFB,0xE4,0xFB,0xE4,0xFB,0xE4,0xFB,0xE4,0xFB,0xE4,0xFB,0xE4,0xFB,0xE4,0xFB,
    0xE4,0xFB,0xE4,0xFB,0xE4,0xFB,0xE4,0xFB,0xE4,0xFB,0xE4,0xFB,0xE4,0xFB,0xE4,0xFB,
    0xE4,0xFB,0xE4,0xFB,0xE4,0xFB,0xE4,0xFB,0xE4,0xFB,0xE4,0xFB,0xE4,0xFB,0xE4,0xFB,
    0xE4,0xFB,0xE4,0xFB,0xE4,0xFB,0xE4,0xFB,0xE4,0xFB,0xE4,0xFB,0xE4,0xFB,0xE4,0xFB,
    0xE4,0xFB,0xE4,0xFB,0xE4,0xFB,0xE4,0xFB,0xE4,0xFB,0xE4,0xFB,0xE4,0xFB,0xE4,0xFB,
    0xE4,0xFB,0xE4,0xFB,0xE4,0xFB,0xE4,0xFB,0xE4,0xFB,0xE4,0xFB,0xE4,0xFB,0xE4,0xFB,
    0xE4,0xFB,0xE4,0xFB,0xE4,0xFB,0xE4,0xFB,0xE4,0xFB,0xE4,0xFB,0xE4,0xFB,0xE4,0xFB,
    0xE4,0xFB,0xE4,0xFB,0xE4,0xFB,0xE4,0xFB,0xE4,0xFB,0xE4,0xFB,0xE4,0xFB,0xE4,0xFB,
    0xE4,0xFB,0xE4,0xFB,0xE4,0xFB,0xE4,0xFB,0xE4,0xFB,0xE4,0xFB,0xE4,0xFB,0xE4,0xFB,
    0xE4,0xFB,0xE4,0xFB,0xE4,0xFB,0xE4,0xFB,0xE4,0xFB,0xE4,0xFB,0xE4,0xFB,0xE4,0xFB,
    0xE4,0xFB,0xE4,0xFB,0xE4,0xFB,0xE4,0xFB,0xE4,0xFB,0xE4,0xFB,0xE4,0xFB,0xE4,0xFB,
    0xE4,0xFB,0xE4,0xFB,0xE4,0xFB,0xE4,0xFB,0xE4,0xFB,0xE4,0xFB,0xE4,0xFB,0xE4,0xFB,
    0xE4,0xFB,0xE4,0xFB,0xE4,0xFB,0xE4,0xFB,0xE4,0xFB,0xE4,0xFB,0xE4,0xFB,0xE4,0xFB,
    0xE4,0xFB,0xE4,0xFB,0xE4,0xFB,0xE4,0xFB,0xE4,0xFB,0xE4,0xFB,0xE4,0xFB,0xE4,0xFB,
    0xE4,0xFB,0xE4,0xFB,0xE4,0xFB,0xE4,0xFB,0xE4,0xFB,0xE4,0xFB,0xE4,0xFB,0xE4,0xFB,
    0xE4,0xFB,0xE4,0xFB,0xE4,0xFB,0xE4,0xFB,0xE4,0xFB,0xE4,0xFB,0xE4,0xFB,0xE4,0xFB,
    0xE4,0xFB,0xE4,0xFB,0xE4,0xFB,0xE4,0xFB,0xE4,0xFB,0xE4,0xFB,0xE4,0xFB,0xE4,0xFB,
    0xE4,0xFB,0xE4,0xFB,0xE4,0xFB,0xE4,0xFB,0xE4,0xFB,0xE4,0xFB,0xE4,0xFB,0xE4,0xFB,
    0xE4,0xFB,0xE4,0xFB,0xE4,0xFB,0xE4,0xFB,0xE4,0xFB,0xE4,0xFB,0xE4,0xFB,0xE4,0xFB,
    0xE4,0xFB,0xE4,0xFB,0x25,0xFC,0xE4,0xFB,0x00,0x00,0xA0,0xFA,0x00,0x00,0x00,0x00,
    0x00,0x00,0x00,0x00,0xA0,0xFA,0x00,0x00,0xC4,0xAA,0x25,0xFC,0xE4,0xFB,0xE4,0xFB,
    0xE4,0xFB,0xE4,0xFB,0xE4,0xFB,0xE4,0xFB,0xE4,0xFB,0xE4,0xFB,0xE4,0xFB,0xE4,0xFB,
    0xE4,0xFB,0xE4,0xFB,0xE4,0xFB,0xE4,0xFB,0xE4,0xFB,0xE4,0xFB,0xE4,0xFB,0xE4,0xFB,
    0xE4,0xFB,0xE4,0xFB,0xE4,0xFB,0xE4,0xFB,0xE4,0xFB,0xE4,0xFB,0xE4,0xFB,0xE4,0xFB,
    0xE4,0xFB,0xE4,0xFB,0xE4,0xFB,0xE4,0xFB,0xE4,0xFB,0xE4,0xFB,0xE4,0xFB,0xE4,0xFB,
    0xE4,0xFB,0xE4,0xFB,0xE4,0xFB,0xE4,0xFB,0xE4,0xFB,0xE4,0xFB,0xE4,0xFB,0xE4,0xFB,
    0xE4,0xFB,0xE4,0xFB,0xE4,0xFB,0xE4,0xFB,0xE4,0xFB,0xE4,0xFB,0xE4,0xFB,0xE4,0xFB,
    0xE4,0xFB,0xE4,0xFB,0xE4,0xFB,0xE4,0xFB,0xE4,0xFB,0xE4,0xFB,0xE4,0xFB,0xE4,0xFB,
    0xE4,0xFB,0xE4,0xFB,0xE4,0xFB,0xE4,0xFB,0xE4,0xFB,0xE4,0xFB,0xE4,0xFB,0xE4,0xFB,
    0xE4,0xFB,0xE4,0xFB,0xE4,0xFB,0xE4,0xFB,0xE4,0xFB,0xE4,0xFB,0xE4,0xFB,0xE4,0xFB,
    0xE4,0xFB,0xE4,0xFB,0xE4,0xFB,0xE4,0xFB,0xE4,0xFB,0xE4,0xFB,0xE4,0xFB,0xE4,0xFB,
    0xE4,0xFB,0xE4,0xFB,0xE4,0xFB,0xE4,0xFB,0xE4,0xFB,0xE4,0xFB,0xE4,0xFB,0xE4,0xFB,
    0xE4,0xFB,0xE4,0xFB,0xE4,0xFB,0xE4,0xFB,0xE4,0xFB,0xE4,0xFB,0xE4,0xFB,0xE4,0xFB,
    0xE4,0xFB,0xE4,0xFB,0xE4,0xFB,0xE4,0xFB,0xE4,0xFB,0xE4,0xFB,0xE4,0xFB,0xE4,0xFB,
    0xE4,0xFB,0xE4,0xFB,0xE4,0xFB,0xE4,0xFB,0xE4,0xFB,0xE4,0xFB,0xE4,0xFB,0xE4,0xFB,
    0xE4,0xFB,0xE4,0xFB,0xE4,0xFB,0xE4,0xFB,0xE4,0xFB,0xE4,0xFB,0xE4,0xFB,0xE4,0xFB,
    0xE4,0xFB,0xE4,0xFB,0xE4,0xFB,0xE4,0xFB,0xE4,0xFB,0xE4,0xFB,0xE4,0xFB,0xE4,0xFB,
    0xE4,0xFB,0xE4,0xFB,0xE4,0xFB,0xE4,0xFB,0xE4,0xFB,0xE4,0xFB,0xE4,0xFB,0xE4,0xFB,
    0xE4,0xFB,0xE4,0xFB,0xE4,0xFB,0xE4,0xFB,0xE4,0xFB,0xE4,0xFB,0xE4,0xFB,0xE4,0xFB,
    0xE4,0xFB,0xE4,0xFB,0xE4,0xFB,0xE4,0xFB,0xE4,0xFB,0xE4,0xFB,0xE4,0xFB,0xE4,0xFB,
    0xE4,0xFB,0xE4,0xFB,0xE4,0xFB,0xE4,0xFB,0xE4,0xFB,0xE4,0xFB,0xE4,0xFB,0xE4,0xFB,
    0xE4,0xFB,0xE4,0xFB,0xE4,0xFB,0xE4,0xFB,0xE4,0xFB,0xE4,0xFB,0xE4,0xFB,0xE4,0xFB,
    0xE4,0xFB,0xE4,0xFB,0xE4,0xFB,0xE4,0xFB,0xE4,0xFB,0xE4,0xFB,0xE4,0xFB,0xE4,0xFB,
    0xE4,0xFB,0xE4,0xFB,0xE4,0xFB,0xE4,0xFB,0xE4,0xFB,0xE4,0xFB,0xE4,0xFB,0xE4,0xFB,
    0xE4,0xFB,0xE4,0xFB,0xE4,0xFB,0xE4,0xFB,0xE4,0xFB,0xE4,0xFB,0xE4,0xFB,0xE4,0xFB,
    0xE4,0xFB,0xE4,0xFB,0xE4,0xFB,0xE4,0xFB,0xE4,0xFB,0xE4,0xFB,0xE4,0xFB,0xE4,0xFB,
    0xE4,0xFB,0xE4,0xFB,0xE4,0xFB,0xE4,0xFB,0xE4,0xFB,0xE4,0xFB,0xE4,0xFB,0xE4,0xFB,
    0xE4,0xFB,0xE4,0xFB,0xE4,0xFB,0xE4,0xFB,0xE4,0xFB,0xE4,0xFB,0xE4,0xFB,0xE4,0xFB,
    0xE4,0xFB,0xE4,0xFB,0xE4,0xFB,0xE4,0xFB,0xE4,0xFB,0xE4,0xFB,0xE4,0xFB,0xE4,0xFB,
    0xE4,0xFB,0xE4,0xFB,0xE4,0xFB,0xE4,0xFB,0xE4,0xFB,0xE4,0xFB,0xE4,0xFB,0xE4,0xFB,
    0xE4,0xFB,0xE4,0xFB,0xE4,0xFB,0xE4,0xFB,0xE4,0xFB,0xE4,0xFB,0xE4,0xFB,0xE4,0xFB,
    0xE4,0xFB,0xE4,0xFB,0xE4,0xFB,0xE4,0xFB,0xE4,0xFB,0xE4,0xFB,0xE4,0xFB,0xE4,0xFB,
    0xE4,0xFB,0xE4,0xFB,0xE4,0xFB,0xE4,0xFB,0xE4,0xFB,0xE4,0xFB,0xE4,0xFB,0xE4,0xFB,
    0x25,0xFC,0xE4,0xFB,0x00,0x00,0xA0,0xFA,0x00,0x00,0x00,0x00,0x00,0x00,0x00,0x00,
    0xA0,0xFA,0x00,0x00,0xC4,0xAA,0x25,0xFC,0xE4,0xFB,0xE4,0xFB,0xE4,0xFB,0xE4,0xFB,
    0xE4,0xFB,0xE4,0xFB,0xE4,0xFB,0xE4,0xFB,0xE4,0xFB,0xE4,0xFB,0xE4,0xFB,0xE4,0xFB,
    0xE4,0xFB,0xE4,0xFB,0xE4,0xFB,0xE4,0xFB,0xE4,0xFB,0xE4,0xFB,0xE4,0xFB,0xE4,0xFB,
    0xE4,0xFB,0xE4,0xFB,0xE4,0xFB,0xE4,0xFB,0xE4,0xFB,0xE4,0xFB,0xE4,0xFB,0xE4,0xFB,
    0xE4,0xFB,0xE4,0xFB,0xE4,0xFB,0xE4,0xFB,0xE4,0xFB,0xE4,0xFB,0xE4,0xFB,0xE4,0xFB,
    0xE4,0xFB,0xE4,0xFB,0xE4,0xFB,0xE4,0xFB,0xE4,0xFB,0xE4,0xFB,0xE4,0xFB,0xE4,0xFB,
    0xE4,0xFB,0xE4,0xFB,0xE4,0xFB,0xE4,0xFB,0xE4,0xFB,0xE4,0xFB,0xE4,0xFB,0xE4,0xFB,
    0xE4,0xFB,0xE4,0xFB,0xE4,0xFB,0xE4,0xFB,0xE4,0xFB,0xE4,0xFB,0xE4,0xFB,0xE4,0xFB,
    0xE4,0xFB,0xE4,0xFB,0xE4,0xFB,0xE4,0xFB,0xE4,0xFB,0xE4,0xFB,0xE4,0xFB,0xE4,0xFB,
    0xE4,0xFB,0xE4,0xFB,0xE4,0xFB,0xE4,0xFB,0xE4,0xFB,0xE4,0xFB,0xE4,0xFB,0xE4,0xFB,
    0xE4,0xFB,0xE4,0xFB,0xE4,0xFB,0xE4,0xFB,0xE4,0xFB,0xE4,0xFB,0xE4,0xFB,0xE4,0xFB,
    0xE4,0xFB,0xE4,0xFB,0xE4,0xFB,0xE4,0xFB,0xE4,0xFB,0xE4,0xFB,0xE4,0xFB,0xE4,0xFB,
    0xE4,0xFB,0xE4,0xFB,0xE4,0xFB,0xE4,0xFB,0xE4,0xFB,0xE4,0xFB,0xE4,0xFB,0xE4,0xFB,
    0xE4,0xFB,0xE4,0xFB,0xE4,0xFB,0xE4,0xFB,0xE4,0xFB,0xE4,0xFB,0xE4,0xFB,0xE4,0xFB,
    0xE4,0xFB,0xE4,0xFB,0xE4,0xFB,0xE4,0xFB,0xE4,0xFB,0xE4,0xFB,0xE4,0xFB,0xE4,0xFB,
    0xE4,0xFB,0xE4,0xFB,0xE4,0xFB,0xE4,0xFB,0xE4,0xFB,0xE4,0xFB,0xE4,0xFB,0xE4,0xFB,
    0xE4,0xFB,0xE4,0xFB,0xE4,0xFB,0xE4,0xFB,0xE4,0xFB,0xE4,0xFB,0xE4,0xFB,0xE4,0xFB,
    0xE4,0xFB,0xE4,0xFB,0xE4,0xFB,0xE4,0xFB,0xE4,0xFB,0xE4,0xFB,0xE4,0xFB,0xE4,0xFB,
    0xE4,0xFB,0xE4,0xFB,0xE4,0xFB,0xE4,0xFB,0xE4,0xFB,0xE4,0xFB,0xE4,0xFB,0xE4,0xFB,
    0xE4,0xFB,0xE4,0xFB,0xE4,0xFB,0xE4,0xFB,0xE4,0xFB,0xE4,0xFB,0xE4,0xFB,0xE4,0xFB,
    0xE4,0xFB,0xE4,0xFB,0xE4,0xFB,0xE4,0xFB,0xE4,0xFB,0xE4,0xFB,0xE4,0xFB,0xE4,0xFB,
    0xE4,0xFB,0xE4,0xFB,0xE4,0xFB,0xE4,0xFB,0xE4,0xFB,0xE4,0xFB,0xE4,0xFB,0xE4,0xFB,
    0xE4,0xFB,0xE4,0xFB,0xE4,0xFB,0xE4,0xFB,0xE4,0xFB,0xE4,0xFB,0xE4,0xFB,0xE4,0xFB,
    0xE4,0xFB,0xE4,0xFB,0xE4,0xFB,0xE4,0xFB,0xE4,0xFB,0xE4,0xFB,0xE4,0xFB,0xE4,0xFB,
    0xE4,0xFB,0xE4,0xFB,0xE4,0xFB,0xE4,0xFB,0xE4,0xFB,0xE4,0xFB,0xE4,0xFB,0xE4,0xFB,
    0xE4,0xFB,0xE4,0xFB,0xE4,0xFB,0xE4,0xFB,0xE4,0xFB,0xE4,0xFB,0xE4,0xFB,0xE4,0xFB,
    0xE4,0xFB,0xE4,0xFB,0xE4,0xFB,0xE4,0xFB,0xE4,0xFB,0xE4,0xFB,0xE4,0xFB,0xE4,0xFB,
    0xE4,0xFB,0xE4,0xFB,0xE4,0xFB,0xE4,0xFB,0xE4,0xFB,0xE4,0xFB,0xE4,0xFB,0xE4,0xFB,
    0xE4,0xFB,0xE4,0xFB,0xE4,0xFB,0xE4,0xFB,0xE4,0xFB,0xE4,0xFB,0xE4,0xFB,0xE4,0xFB,
    0xE4,0xFB,0xE4,0xFB,0xE4,0xFB,0xE4,0xFB,0xE4,0xFB,0xE4,0xFB,0xE4,0xFB,0xE4,0xFB,
    0xE4,0xFB,0xE4,0xFB,0xE4,0xFB,0xE4,0xFB,0xE4,0xFB,0xE4,0xFB,0xE4,0xFB,0xE4,0xFB,
    0xE4,0xFB,0xE4,0xFB,0xE4,0xFB,0xE4,0xFB,0xE4,0xFB,0xE4,0xFB,0xE4,0xFB,0xE4,0xFB,
    0xE4,0xFB,0xE4,0xFB,0xE4,0xFB,0xE4,0xFB,0xE4,0xFB,0xE4,0xFB,0x25,0xFC,0xE4,0xFB,
    0x00,0x00,0xA0,0xFA,0x00,0x00,0x00,0x00,0x00,0x00,0x00,0x00,0xA0,0xFA,0x00,0x00,
    0xC4,0xAA,0x45,0xFC,0xE5,0xFB,0x05,0xFC,0x05,0xFC,0x05,0xFC,0x05,0xFC,0x05,0xFC,
    0x05,0xFC,0x05,0xFC,0x05,0xFC,0x05,0xFC,0x05,0xFC,0x05,0xFC,0x05,0xFC,0x05,0xFC,
    0x05,0xFC,0x05,0xFC,0x05,0xFC,0x05,0xFC,0x05,0xFC,0x05,0xFC,0x05,0xFC,0x05,0xFC,
    0x05,0xFC,0x05,0xFC,0x05,0xFC,0x05,0xFC,0x05,0xFC,0x05,0xFC,0x05,0xFC,0x05,0xFC,
    0x05,0xFC,0x05,0xFC,0x05,0xFC,0x05,0xFC,0x05,0xFC,0x05,0xFC,0x05,0xFC,0x05,0xFC,
    0x05,0xFC,0x05,0xFC,0x05,0xFC,0x05,0xFC,0x05,0xFC,0x05,0xFC,0x05,0xFC,0x05,0xFC,
    0x05,0xFC,0x05,0xFC,0x05,0xFC,0x05,0xFC,0x05,0xFC,0x05,0xFC,0x05,0xFC,0x05,0xFC,
    0x05,0xFC,0x05,0xFC,0x05,0xFC,0x05,0xFC,0x05,0xFC,0x05,0xFC,0x05,0xFC,0x05,0xFC,
    0x05,0xFC,0x05,0xFC,0x05,0xFC,0x05,0xFC,0x05,0xFC,0x05,0xFC,0x05,0xFC,0x05,0xFC,
    0x05,0xFC,0x05,0xFC,0x05,0xFC,0x05,0xFC,0x05,0xFC,0x05,0xFC,0x05,0xFC,0x05,0xFC,
    0x05,0xFC,0x05,0xFC,0x05,0xFC,0x05,0xFC,0x05,0xFC,0x05,0xFC,0x05,0xFC,0x05,0xFC,
    0x05,0xFC,0x05,0xFC,0x05,0xFC,0x05,0xFC,0x05,0xFC,0x05,0xFC,0x05,0xFC,0x05,0xFC,
    0x05,0xFC,0x05,0xFC,0x05,0xFC,0x05,0xFC,0x05,0xFC,0x05,0xFC,0x05,0xFC,0x05,0xFC,
    0x05,0xFC,0x05,0xFC,0x05,0xFC,0x05,0xFC,0x05,0xFC,0x05,0xFC,0x05,0xFC,0x05,0xFC,
    0x05,0xFC,0x05,0xFC,0x05,0xFC,0x05,0xFC,0x05,0xFC,0x05,0xFC,0x05,0xFC,0x05,0xFC,
    0x05,0xFC,0x05,0xFC,0x05,0xFC,0x05,0xFC,0x05,0xFC,0x05,0xFC,0x05,0xFC,0x05,0xFC,
    0x05,0xFC,0x05,0xFC,0x05,0xFC,0x05,0xFC,0x05,0xFC,0x05,0xFC,0x05,0xFC,0x05,0xFC,
    0x05,0xFC,0x05,0xFC,0x05,0xFC,0x05,0xFC,0x05,0xFC,0x05,0xFC,0x05,0xFC,0x05,0xFC,
    0x05,0xFC,0x05,0xFC,0x05,0xFC,0x05,0xFC,0x05,0xFC,0x05,0xFC,0x05,0xFC,0x05,0xFC,
    0x05,0xFC,0x05,0xFC,0x05,0xFC,0x05,0xFC,0x05,0xFC,0x05,0xFC,0x05,0xFC,0x05,0xFC,
    0x05,0xFC,0x05,0xFC,0x05,0xFC,0x05,0xFC,0x05,0xFC,0x05,0xFC,0x05,0xFC,0x05,0xFC,
    0x05,0xFC,0x05,0xFC,0x05,0xFC,0x05,0xFC,0x05,0xFC,0x05,0xFC,0x05,0xFC,0x05,0xFC,
    0x05,0xFC,0x05,0xFC,0x05,0xFC,0x05,0xFC,0x05,0xFC,0x05,0xFC,0x05,0xFC,0x05,0xFC,
    0x05,0xFC,0x05,0xFC,0x05,0xFC,0x05,0xFC,0x05,0xFC,0x05,0xFC,0x05,0xFC,0x05,0xFC,
    0x05,0xFC,0x05,0xFC,0x05,0xFC,0x05,0xFC,0x05,0xFC,0x05,0xFC,0x05,0xFC,0x05,0xFC,
    0x05,0xFC,0x05,0xFC,0x05,0xFC,0x05,0xFC,0x05,0xFC,0x05,0xFC,0x05,0xFC,0x05,0xFC,
    0x05,0xFC,0x05,0xFC,0x05,0xFC,0x05,0xFC,0x05,0xFC,0x05,0xFC,0x05,0xFC,0x05,0xFC,
    0x05,0xFC,0x05,0xFC,0x05,0xFC,0x05,0xFC,0x05,0xFC,0x05,0xFC,0x05,0xFC,0x05,0xFC,
    0x05,0xFC,0x05,0xFC,0x05,0xFC,0x05,0xFC,0x05,0xFC,0x05,0xFC,0x05,0xFC,0x05,0xFC,
    0x05,0xFC,0x05,0xFC,0x05,0xFC,0x05,0xFC,0x05,0xFC,0x05,0xFC,0x05,0xFC,0x05,0xFC,
    0x05,0xFC,0x05,0xFC,0x05,0xFC,0x05,0xFC,0x05,0xFC,0x05,0xFC,0x05,0xFC,0x05,0xFC,
    0x05,0xFC,0x05,0xFC,0x05,0xFC,0x05,0xFC,0x05,0xFC,0x05,0xFC,0x05,0xFC,0x05,0xFC,
    0x05,0xFC,0x05,0xFC,0x05,0xFC,0x05,0xFC,0x25,0xFC,0x05,0xFC,0x00,0x00,0xA0,0xFA,
    0x00,0x00,0x00,0x00,0x00,0x00,0x00,0x00,0xA0,0xFA,0x00,0x00,0xC3,0xAA,0x24,0xFC,
    0xE4,0xFB,0xE4,0xFB,0xE4,0xFB,0xE4,0xFB,0xE4,0xFB,0xE4,0xFB,0xE4,0xFB,0xE4,0xFB,
    0xE4,0xFB,0xE4,0xFB,0xE4,0xFB,0xE4,0xFB,0xE4,0xFB,0xE4,0xFB,0xE4,0xFB,0xE4,0xFB,
    0xE4,0xFB,0xE4,0xFB,0xE4,0xFB,0xE4,0xFB,0xE4,0xFB,0xE4,0xFB,0xE4,0xFB,0xE4,0xFB,
    0xE4,0xFB,0xE4,0xFB,0xE4,0xFB,0xE4,0xFB,0xE4,0xFB,0xE4,0xFB,0xE4,0xFB,0xE4,0xFB,
    0xE4,0xFB,0xE4,0xFB,0xE4,0xFB,0xE4,0xFB,0xE4,0xFB,0xE4,0xFB,0xE4,0xFB,0xE4,0xFB,
    0xE4,0xFB,0xE4,0xFB,0xE4,0xFB,0xE4,0xFB,0xE4,0xFB,0xE4,0xFB,0xE4,0xFB,0xE4,0xFB,
    0xE4,0xFB,0xE4,0xFB,0xE4,0xFB,0xE4,0xFB,0xE4,0xFB,0xE4,0xFB,0xE4,0xFB,0xE4,0xFB,
    0xE4,0xFB,0xE4,0xFB,0xE4,0xFB,0xE4,0xFB,0xE4,0xFB,0xE4,0xFB,0xE4,0xFB,0xE4,0xFB,
    0xE4,0xFB,0xE4,0xFB,0xE4,0xFB,0xE4,0xFB,0xE4,0xFB,0xE4,0xFB,0xE4,0xFB,0xE4,0xFB,
    0xE4,0xFB,0xE4,0xFB,0xE4,0xFB,0xE4,0xFB,0xE4,0xFB,0xE4,0xFB,0xE4,0xFB,0xE4,0xFB,
    0xE4,0xFB,0xE4,0xFB,0xE4,0xFB,0xE4,0xFB,0xE4,0xFB,0xE4,0xFB,0xE4,0xFB,0xE4,0xFB,
    0xE4,0xFB,0xE4,0xFB,0xE4,0xFB,0xE4,0xFB,0xE4,0xFB,0xE4,0xFB,0xE4,0xFB,0xE4,0xFB,
    0xE4,0xFB,0xE4,0xFB,0xE4,0xFB,0xE4,0xFB,0xE4,0xFB,0xE4,0xFB,0xE4,0xFB,0xE4,0xFB,
    0xE4,0xFB,0xE4,0xFB,0xE4,0xFB,0xE4,0xFB,0xE4,0xFB,0xE4,0xFB,0xE4,0xFB,0xE4,0xFB,
    0xE4,0xFB,0xE4,0xFB,0xE4,0xFB,0xE4,0xFB,0xE4,0xFB,0xE4,0xFB,0xE4,0xFB,0xE4,0xFB,
    0xE4,0xFB,0xE4,0xFB,0xE4,0xFB,0xE4,0xFB,0xE4,0xFB,0xE4,0xFB,0xE4,0xFB,0xE4,0xFB,
    0xE4,0xFB,0xE4,0xFB,0xE4,0xFB,0xE4,0xFB,0xE4,0xFB,0xE4,0xFB,0xE4,0xFB,0xE4,0xFB,
    0xE4,0xFB,0xE4,0xFB,0xE4,0xFB,0xE4,0xFB,0xE4,0xFB,0xE4,0xFB,0xE4,0xFB,0xE4,0xFB,
    0xE4,0xFB,0xE4,0xFB,0xE4,0xFB,0xE4,0xFB,0xE4,0xFB,0xE4,0xFB,0xE4,0xFB,0xE4,0xFB,
    0xE4,0xFB,0xE4,0xFB,0xE4,0xFB,0xE4,0xFB,0xE4,0xFB,0xE4,0xFB,0xE4,0xFB,0xE4,0xFB,
    0xE4,0xFB,0xE4,0xFB,0xE4,0xFB,0xE4,0xFB,0xE4,0xFB,0xE4,0xFB,0xE4,0xFB,0xE4,0xFB,
    0xE4,0xFB,0xE4,0xFB,0xE4,0xFB,0xE4,0xFB,0xE4,0xFB,0xE4,0xFB,0xE4,0xFB,0xE4,0xFB,
    0xE4,0xFB,0xE4,0xFB,0xE4,0xFB,0xE4,0xFB,0xE4,0xFB,0xE4,0xFB,0xE4,0xFB,0xE4,0xFB,
    0xE4,0xFB,0xE4,0xFB,0xE4,0xFB,0xE4,0xFB,0xE4,0xFB,0xE4,0xFB,0xE4,0xFB,0xE4,0xFB,
    0xE4,0xFB,0xE4,0xFB,0xE4,0xFB,0xE4,0xFB,0xE4,0xFB,0xE4,0xFB,0xE4,0xFB,0xE4,0xFB,
    0xE4,0xFB,0xE4,0xFB,0xE4,0xFB,0xE4,0xFB,0xE4,0xFB,0xE4,0xFB,0xE4,0xFB,0xE4,0xFB,
    0xE4,0xFB,0xE4,0xFB,0xE4,0xFB,0xE4,0xFB,0xE4,0xFB,0xE4,0xFB,0xE4,0xFB,0xE4,0xFB,
    0xE4,0xFB,0xE4,0xFB,0xE4,0xFB,0xE4,0xFB,0xE4,0xFB,0xE4,0xFB,0xE4,0xFB,0xE4,0xFB,
    0xE4,0xFB,0xE4,0xFB,0xE4,0xFB,0xE4,0xFB,0xE4,0xFB,0xE4,0xFB,0xE4,0xFB,0xE4,0xFB,
    0xE4,0xFB,0xE4,0xFB,0xE4,0xFB,0xE4,0xFB,0xE4,0xFB,0xE4,0xFB,0xE4,0xFB,0xE4,0xFB,
    0xE4,0xFB,0xE4,0xFB,0xE4,0xFB,0xE4,0xFB,0xE4,0xFB,0xE4,0xFB,0xE4,0xFB,0xE4,0xFB,
    0xE4,0xFB,0xE4,0xFB,0xE4,0xFB,0xE4,0xFB,0xE4,0xFB,0xE4,0xFB,0xE4,0xFB,0xE4,0xFB,
    0xE4,0xFB,0xE4,0xFB,0x04,0xFC,0xC4,0xFB,0x00,0x00,0xA0,0xFA,0x00,0x00,0x00,0x00,
    0x00,0x00,0x00,0x00,0xA0,0xFA,0x00,0x00,0xE4,0xAA,0x66,0xFC,0x26,0xFC,0x26,0xFC,
    0x26,0xFC,0x26,0xFC,0x26,0xFC,0x26,0xFC,0x26,0xFC,0x26,0xFC,0x26,0xFC,0x26,0xFC,
    0x26,0xFC,0x26,0xFC,0x26,0xFC,0x26,0xFC,0x26,0xFC,0x26,0xFC,0x26,0xFC,0x26,0xFC,
    0x26,0xFC,0x26,0xFC,0x26,0xFC,0x26,0xFC,0x26,0xFC,0x26,0xFC,0x26,0xFC,0x26,0xFC,
    0x26,0xFC,0x26,0xFC,0x26,0xFC,0x26,0xFC,0x26,0xFC,0x26,0xFC,0x26,0xFC,0x26,0xFC,
    0x26,0xFC,0x26,0xFC,0x26,0xFC,0x26,0xFC,0x26,0xFC,0x26,0xFC,0x26,0xFC,0x26,0xFC,
    0x26,0xFC,0x26,0xFC,0x26,0xFC,0x26,0xFC,0x26,0xFC,0x26,0xFC,0x26,0xFC,0x26,0xFC,
    0x26,0xFC,0x26,0xFC,0x26,0xFC,0x26,0xFC,0x26,0xFC,0x26,0xFC,0x26,0xFC,0x26,0xFC,
    0x26,0xFC,0x26,0xFC,0x26,0xFC,0x26,0xFC,0x26,0xFC,0x26,0xFC,0x26,0xFC,0x26,0xFC,
    0x26,0xFC,0x26,0xFC,0x26,0xFC,0x26,0xFC,0x26,0xFC,0x26,0xFC,0x26,0xFC,0x26,0xFC,
    0x26,0xFC,0x26,0xFC,0x26,0xFC,0x26,0xFC,0x26,0xFC,0x26,0xFC,0x26,0xFC,0x26,0xFC,
    0x26,0xFC,0x26,0xFC,0x26,0xFC,0x26,0xFC,0x26,0xFC,0x26,0xFC,0x26,0xFC,0x26,0xFC,
    0x26,0xFC,0x26,0xFC,0x26,0xFC,0x26,0xFC,0x26,0xFC,0x26,0xFC,0x26,0xFC,0x26,0xFC,
    0x26,0xFC,0x26,0xFC,0x26,0xFC,0x26,0xFC,0x26,0xFC,0x26,0xFC,0x26,0xFC,0x26,0xFC,
    0x26,0xFC,0x26,0xFC,0x26,0xFC,0x26,0xFC,0x26,0xFC,0x26,0xFC,0x26,0xFC,0x26,0xFC,
    0x26,0xFC,0x26,0xFC,0x26,0xFC,0x26,0xFC,0x26,0xFC,0x26,0xFC,0x26,0xFC,0x26,0xFC,
    0x26,0xFC,0x26,0xFC,0x26,0xFC,0x26,0xFC,0x26,0xFC,0x26,0xFC,0x26,0xFC,0x26,0xFC,
    0x26,0xFC,0x26,0xFC,0x26,0xFC,0x26,0xFC,0x26,0xFC,0x26,0xFC,0x26,0xFC,0x26,0xFC,
    0x26,0xFC,0x26,0xFC,0x26,0xFC,0x26,0xFC,0x26,0xFC,0x26,0xFC,0x26,0xFC,0x26,0xFC,
    0x26,0xFC,0x26,0xFC,0x26,0xFC,0x26,0xFC,0x26,0xFC,0x26,0xFC,0x26,0xFC,0x26,0xFC,
    0x26,0xFC,0x26,0xFC,0x26,0xFC,0x26,0xFC,0x26,0xFC,0x26,0xFC,0x26,0xFC,0x26,0xFC,
    0x26,0xFC,0x26,0xFC,0x26,0xFC,0x26,0xFC,0x26,0xFC,0x26,0xFC,0x26,0xFC,0x26,0xFC,
    0x26,0xFC,0x26,0xFC,0x26,0xFC,0x26,0xFC,0x26,0xFC,0x26,0xFC,0x26,0xFC,0x26,0xFC,
    0x26,0xFC,0x26,0xFC,0x26,0xFC,0x26,0xFC,0x26,0xFC,0x26,0xFC,0x26,0xFC,0x26,0xFC,
    0x26,0xFC,0x26,0xFC,0x26,0xFC,0x26,0xFC,0x26,0xFC,0x26,0xFC,0x26,0xFC,0x26,0xFC,
    0x26,0xFC,0x26,0xFC,0x26,0xFC,0x26,0xFC,0x26,0xFC,0x26,0xFC,0x26,0xFC,0x26,0xFC,
    0x26,0xFC,0x26,0xFC,0x26,0xFC,0x26,0xFC,0x26,0xFC,0x26,0xFC,0x26,0xFC,0x26,0xFC,
    0x26,0xFC,0x26,0xFC,0x26,0xFC,0x26,0xFC,0x26,0xFC,0x26,0xFC,0x26,0xFC,0x26,0xFC,
    0x26,0xFC,0x26,0xFC,0x26,0xFC,0x26,0xFC,0x26,0xFC,0x26,0xFC,0x26,0xFC,0x26,0xFC,
    0x26,0xFC,0x26,0xFC,0x26,0xFC,0x26,0xFC,0x26,0xFC,0x26,0xFC,0x26,0xFC,0x26,0xFC,
    0x26,0xFC,0x26,0xFC,0x26,0xFC,0x26,0xFC,0x26,0xFC,0x26,0xFC,0x26,0xFC,0x26,0xFC,
    0x26,0xFC,0x26,0xFC,0x26,0xFC,0x26,0xFC,0x26,0xFC,0x26,0xFC,0x26,0xFC,0x26,0xFC,
    0x26,0xFC,0x26,0xFC,0x26,0xFC,0x26,0xFC,0x26,0xFC,0x26,0xFC,0x26,0xFC,0x26,0xFC,
    0x66,0xFC,0x26,0xFC,0x00,0x00,0xA0,0xFA,0x00,0x00,0x00,0x00,0x00,0x00,0x00,0x00,
    0x55,0xFD,0x00,0x00,0xD2,0xAC,0x7B,0xFF,0x5B,0xFF,0x5B,0xFF,0x5B,0xFF,0x5B,0xFF,
    0x5B,0xFF,0x5B,0xFF,0x5B,0xFF,0x5B,0xFF,0x5B,0xFF,0x5B,0xFF,0x5B,0xFF,0x5B,0xFF,
    0x5B,0xFF,0x5B,0xFF,0x5B,0xFF,0x5B,0xFF,0x5B,0xFF,0x5B,0xFF,0x5B,0xFF,0x5B,0xFF,
    0x5B,0xFF,0x5B,0xFF,0x5B,0xFF,0x5B,0xFF,0x5B,0xFF,0x5B,0xFF,0x5B,0xFF,0x5B,0xFF,
    0x5B,0xFF,0x5B,0xFF,0x5B,0xFF,0x5B,0xFF,0x5B,0xFF,0x5B,0xFF,0x5B,0xFF,0x5B,0xFF,
    0x5B,0xFF,0x5B,0xFF,0x5B,0xFF,0x5B,0xFF,0x5B,0xFF,0x5B,0xFF,0x5B,0xFF,0x5B,0xFF,
    0x5B,0xFF,0x5B,0xFF,0x5B,0xFF,0x5B,0xFF,0x5B,0xFF,0x5B,0xFF,0x5B,0xFF,0x5B,0xFF,
    0x5B,0xFF,0x5B,0xFF,0x5B,0xFF,0x5B,0xFF,0x5B,0xFF,0x5B,0xFF,0x5B,0xFF,0x5B,0xFF,
    0x5B,0xFF,0x5B,0xFF,0x5B,0xFF,0x5B,0xFF,0x5B,0xFF,0x5B,0xFF,0x5B,0xFF,0x5B,0xFF,
    0x5B,0xFF,0x5B,0xFF,0x5B,0xFF,0x5B,0xFF,0x5B,0xFF,0x5B,0xFF,0x5B,0xFF,0x5B,0xFF,
    0x5B,0xFF,0x5B,0xFF,0x5B,0xFF,0x5B,0xFF,0x5B,0xFF,0x5B,0xFF,0x5B,0xFF,0x5B,0xFF,
    0x5B,0xFF,0x5B,0xFF,0x5B,0xFF,0x5B,0xFF,0x5B,0xFF,0x5B,0xFF,0x5B,0xFF,0x5B,0xFF,
    0x5B,0xFF,0x5B,0xFF,0x5B,0xFF,0x5B,0xFF,0x5B,0xFF,0x5B,0xFF,0x5B,0xFF,0x5B,0xFF,
    0x5B,0xFF,0x5B,0xFF,0x5B,0xFF,0x5B,0xFF,0x5B,0xFF,0x5B,0xFF,0x5B,0xFF,0x5B,0xFF,
    0x5B,0xFF,0x5B,0xFF,0x5B,0xFF,0x5B,0xFF,0x5B,0xFF,0x5B,0xFF,0x5B,0xFF,0x5B,0xFF,
    0x5B,0xFF,0x5B,0xFF,0x5B,0xFF,0x5B,0xFF,0x5B,0xFF,0x5B,0xFF,0x5B,0xFF,0x5B,0xFF,
    0x5B,0xFF,0x5B,0xFF,0x5B,0xFF,0x5B,0xFF,0x5B,0xFF,0x5B,0xFF,0x5B,0xFF,0x5B,0xFF,
    0x5B,0xFF,0x5B,0xFF,0x5B,0xFF,0x5B,0xFF,0x5B,0xFF,0x5B,0xFF,0x5B,0xFF,0x5B,0xFF,
    0x5B,0xFF,0x5B,0xFF,0x5B,0xFF,0x5B,0xFF,0x5B,0xFF,0x5B,0xFF,0x5B,0xFF,0x5B,0xFF,
    0x5B,0xFF,0x5B,0xFF,0x5B,0xFF,0x5B,0xFF,0x5B,0xFF,0x5B,0xFF,0x5B,0xFF,0x5B,0xFF,
    0x5B,0xFF,0x5B,0xFF,0x5B,0xFF,0x5B,0xFF,0x5B,0xFF,0x5B,0xFF,0x5B,0xFF,0x5B,0xFF,
    0x5B,0xFF,0x5B,0xFF,0x5B,0xFF,0x5B,0xFF,0x5B,0xFF,0x5B,0xFF,0x5B,0xFF,0x5B,0xFF,
    0x5B,0xFF,0x5B,0xFF,0x5B,0xFF,0x5B,0xFF,0x5B,0xFF,0x5B,0xFF,0x5B,0xFF,0x5B,0xFF,
    0x5B,0xFF,0x5B,0xFF,0x5B,0xFF,0x5B,0xFF,0x5B,0xFF,0x5B,0xFF,0x5B,0xFF,0x5B,0xFF,
    0x5B,0xFF,0x5B,0xFF,0x5B,0xFF,0x5B,0xFF,0x5B,0xFF,0x5B,0xFF,0x5B,0xFF,0x5B,0xFF,
    0x5B,0xFF,0x5B,0xFF,0x5B,0xFF,0x5B,0xFF,0x5B,0xFF,0x5B,0xFF,0x5B,0xFF,0x5B,0xFF,
    0x5B,0xFF,0x5B,0xFF,0x5B,0xFF,0x5B,0xFF,0x5B,0xFF,0x5B,0xFF,0x5B,0xFF,0x5B,0xFF,
    0x5B,0xFF,0x5B,0xFF,0x5B,0xFF,0x5B,0xFF,0x5B,0xFF,0x5B,0xFF,0x5B,0xFF,0x5B,0xFF,
    0x5B,0xFF,0x5B,0xFF,0x5B,0xFF,0x5B,0xFF,0x5B,0xFF,0x5B,0xFF,0x5B,0xFF,0x5B,0xFF,
    0x5B,0xFF,0x5B,0xFF,0x5B,0xFF,0x5B,0xFF,0x5B,0xFF,0x5B,0xFF,0x5B,0xFF,0x5B,0xFF,
    0x5B,0xFF,0x5B,0xFF,0x5B,0xFF,0x5B,0xFF,0x5B,0xFF,0x5B,0xFF,0x5B,0xFF,0x5B,0xFF,
    0x5B,0xFF,0x5B,0xFF,0x5B,0xFF,0x5B,0xFF,0x5B,0xFF,0x5B,0xFF,0x5B,0xFF,0x5B,0xFF,
    0x5B,0xFF,0x5B,0xFF,0x5B,0xFF,0x5B,0xFF,0x5B,0xFF,0x3B,0xFF,0x9C,0xFF,0x5B,0xFF,
    0x00,0x00,0xF5,0xFF,0x00,0x00,0x00,0x00,0x00,0x00,0x00,0x00,0xFF,0xFF,0x00,0x00,
    0x55,0xAD,0xFF,0xFF,0xFF,0xFF,0xFF,0xFF,0xFF,0xFF,0xFF,0xFF,0xFF,0xFF,0xFF,0xFF,
    0xFF,0xFF,0xFF,0xFF,0xFF,0xFF,0xFF,0xFF,0xFF,0xFF,0xFF,0xFF,0xFF,0xFF,0xFF,0xFF,
    0xFF,0xFF,0xFF,0xFF,0xFF,0xFF,0xFF,0xFF,0xFF,0xFF,0xFF,0xFF,0xFF,0xFF,0xFF,0xFF,
    0xFF,0xFF,0xFF,0xFF,0xFF,0xFF,0xFF,0xFF,0xFF,0xFF,0xFF,0xFF,0xFF,0xFF,0xFF,0xFF,
    0xFF,0xFF,0xFF,0xFF,0xFF,0xFF,0xFF,0xFF,0xFF,0xFF,0xFF,0xFF,0xFF,0xFF,0xFF,0xFF,
    0xFF,0xFF,0xFF,0xFF,0xFF,0xFF,0xFF,0xFF,0xFF,0xFF,0xFF,0xFF,0xFF,0xFF,0xFF,0xFF,
    0xFF,0xFF,0xFF,0xFF,0xFF,0xFF,0xFF,0xFF,0xFF,0xFF,0xFF,0xFF,0xFF,0xFF,0xFF,0xFF,
    0xFF,0xFF,0xFF,0xFF,0xFF,0xFF,0xFF,0xFF,0xFF,0xFF,0xFF,0xFF,0xFF,0xFF,0xFF,0xFF,
    0xFF,0xFF,0xFF,0xFF,0xFF,0xFF,0xFF,0xFF,0xFF,0xFF,0xFF,0xFF,0xFF,0xFF,0xFF,0xFF,
    0xFF,0xFF,0xFF,0xFF,0xFF,0xFF,0xFF,0xFF,0xFF,0xFF,0xFF,0xFF,0xFF,0xFF,0xFF,0xFF,
    0xFF,0xFF,0xFF,0xFF,0xFF,0xFF,0xFF,0xFF,0xFF,0xFF,0xFF,0xFF,0xFF,0xFF,0xFF,0xFF,
    0xFF,0xFF,0xFF,0xFF,0xFF,0xFF,0xFF,0xFF,0xFF,0xFF,0xFF,0xFF,0xFF,0xFF,0xFF,0xFF,
    0xFF,0xFF,0xFF,0xFF,0xFF,0xFF,0xFF,0xFF,0xFF,0xFF,0xFF,0xFF,0xFF,0xFF,0xFF,0xFF,
    0xFF,0xFF,0xFF,0xFF,0xFF,0xFF,0xFF,0xFF,0xFF,0xFF,0xFF,0xFF,0xFF,0xFF,0xFF,0xFF,
    0xFF,0xFF,0xFF,0xFF,0xFF,0xFF,0xFF,0xFF,0xFF,0xFF,0xFF,0xFF,0xFF,0xFF,0xFF,0xFF,
    0xFF,0xFF,0xFF,0xFF,0xFF,0xFF,0xFF,0xFF,0xFF,0xFF,0xFF,0xFF,0xFF,0xFF,0xFF,0xFF,
    0xFF,0xFF,0xFF,0xFF,0xFF,0xFF,0xFF,0xFF,0xFF,0xFF,0xFF,0xFF,0xFF,0xFF,0xFF,0xFF,
    0xFF,0xFF,0xFF,0xFF,0xFF,0xFF,0xFF,0xFF,0xFF,0xFF,0xFF,0xFF,0xFF,0xFF,0xFF,0xFF,
    0xFF,0xFF,0xFF,0xFF,0xFF,0xFF,0xFF,0xFF,0xFF,0xFF,0xFF,0xFF,0xFF,0xFF,0xFF,0xFF,
    0xFF,0xFF,0xFF,0xFF,0xFF,0xFF,0xFF,0xFF,0xFF,0xFF,0xFF,0xFF,0xFF,0xFF,0xFF,0xFF,
    0xFF,0xFF,0xFF,0xFF,0xFF,0xFF,0xFF,0xFF,0xFF,0xFF,0xFF,0xFF,0xFF,0xFF,0xFF,0xFF,
    0xFF,0xFF,0xFF,0xFF,0xFF,0xFF,0xFF,0xFF,0xFF,0xFF,0xFF,0xFF,0xFF,0xFF,0xFF,0xFF,
    0xFF,0xFF,0xFF,0xFF,0xFF,0xFF,0xFF,0xFF,0xFF,0xFF,0xFF,0xFF,0xFF,0xFF,0xFF,0xFF,
    0xFF,0xFF,0xFF,0xFF,0xFF,0xFF,0xFF,0xFF,0xFF,0xFF,0xFF,0xFF,0xFF,0xFF,0xFF,0xFF,
    0xFF,0xFF,0xFF,0xFF,0xFF,0xFF,0xFF,0xFF,0xFF,0xFF,0xFF,0xFF,0xFF,0xFF,0xFF,0xFF,
    0xFF,0xFF,0xFF,0xFF,0xFF,0xFF,0xFF,0xFF,0xFF,0xFF,0xFF,0xFF,0xFF,0xFF,0xFF,0xFF,
    0xFF,0xFF,0xFF,0xFF,0xFF,0xFF,0xFF,0xFF,0xFF,0xFF,0xFF,0xFF,0xFF,0xFF,0xFF,0xFF,
    0xFF,0xFF,0xFF,0xFF,0xFF,0xFF,0xFF,0xFF,0xFF,0xFF,0xFF,0xFF,0xFF,0xFF,0xFF,0xFF,
    0xFF,0xFF,0xFF,0xFF,0xFF,0xFF,0xFF,0xFF,0xFF,0xFF,0xFF,0xFF,0xFF,0xFF,0xFF,0xFF,
    0xFF,0xFF,0xFF,0xFF,0xFF,0xFF,0xFF,0xFF,0xFF,0xFF,0xFF,0xFF,0xFF,0xFF,0xFF,0xFF,
    0xFF,0xFF,0xFF,0xFF,0xFF,0xFF,0xFF,0xFF,0xFF,0xFF,0xFF,0xFF,0xFF,0xFF,0xFF,0xFF,
    0xFF,0xFF,0xFF,0xFF,0xFF,0xFF,0xFF,0xFF,0xFF,0xFF,0xFF,0xFF,0xFF,0xFF,0xFF,0xFF,
    0xFF,0xFF,0xFF,0xFF,0xFF,0xFF,0xFF,0xFF,0xFF,0xFF,0xFF,0xFF,0x00,0x00,0xFF,0xFF,
    0x00,0x00,0x00,0x00,0x00,0x00,0x00,0x00,0xFF,0xFF,0x00,0x00,0x34,0xAD,0xFF,0xFF,
    0xFF,0xFF,0xFF,0xFF,0xFF,0xFF,0xFF,0xFF,0xFF,0xFF,0xFF,0xFF,0xFF,0xFF,0xFF,0xFF,
    0xFF,0xFF,0xFF,0xFF,0xFF,0xFF,0xFF,0xFF,0xFF,0xFF,0xFF,0xFF,0xFF,0xFF,0xFF,0xFF,
    0xFF,0xFF,0xFF,0xFF,0xFF,0xFF,0xFF,0xFF,0xFF,0xFF,0xFF,0xFF,0xFF,0xFF,0xFF,0xFF,
    0xFF,0xFF,0xFF,0xFF,0xFF,0xFF,0xFF,0xFF,0xFF,0xFF,0xFF,0xFF,0xFF,0xFF,0xFF,0xFF,
    0xFF,0xFF,0xFF,0xFF,0xFF,0xFF,0xFF,0xFF,0xFF,0xFF,0xFF,0xFF,0xFF,0xFF,0xFF,0xFF,
    0xFF,0xFF,0xFF,0xFF,0xFF,0xFF,0xFF,0xFF,0xFF,0xFF,0xFF,0xFF,0xFF,0xFF,0xFF,0xFF,
    0xFF,0xFF,0xFF,0xFF,0xFF,0xFF,0xFF,0xFF,0xFF,0xFF,0xFF,0xFF,0xFF,0xFF,0xFF,0xFF,
    0xFF,0xFF,0xFF,0xFF,0xFF,0xFF,0xFF,0xFF,0xFF,0xFF,0xFF,0xFF,0xFF,0xFF,0xFF,0xFF,
    0xFF,0xFF,0xFF,0xFF,0xFF,0xFF,0xFF,0xFF,0xFF,0xFF,0xFF,0xFF,0xFF,0xFF,0xFF,0xFF,
    0xFF,0xFF,0xFF,0xFF,0xFF,0xFF,0xFF,0xFF,0xFF,0xFF,0xFF,0xFF,0xFF,0xFF,0xFF,0xFF,
    0xFF,0xFF,0xFF,0xFF,0xFF,0xFF,0xFF,0xFF,0xFF,0xFF,0xFF,0xFF,0xFF,0xFF,0xFF,0xFF,
    0xFF,0xFF,0xFF,0xFF,0xFF,0xFF,0xFF,0xFF,0xFF,0xFF,0xFF,0xFF,0xFF,0xFF,0xFF,0xFF,
    0xFF,0xFF,0xFF,0xFF,0xFF,0xFF,0xFF,0xFF,0xFF,0xFF,0xFF,0xFF,0xFF,0xFF,0xFF,0xFF,
    0xFF,0xFF,0xFF,0xFF,0xFF,0xFF,0xFF,0xFF,0xFF,0xFF,0xFF,0xFF,0xFF,0xFF,0xFF,0xFF,
    0xFF,0xFF,0xFF,0xFF,0xFF,0xFF,0xFF,0xFF,0xFF,0xFF,0xFF,0xFF,0xFF,0xFF,0xFF,0xFF,
    0xFF,0xFF,0xFF,0xFF,0xFF,0xFF,0xFF,0xFF,0xFF,0xFF,0xFF,0xFF,0xFF,0xFF,0xFF,0xFF,
    0xFF,0xFF,0xFF,0xFF,0xFF,0xFF,0xFF,0xFF,0xFF,0xFF,0xFF,0xFF,0xFF,0xFF,0xFF,0xFF,
    0xFF,0xFF,0xFF,0xFF,0xFF,0xFF,0xFF,0xFF,0xFF,0xFF,0xFF,0xFF,0xFF,0xFF,0xFF,0xFF,
    0xFF,0xFF,0xFF,0xFF,0xFF,0xFF,0xFF,0xFF,0xFF,0xFF,0xFF,0xFF,0xFF,0xFF,0xFF,0xFF,
    0xFF,0xFF,0xFF,0xFF,0xFF,0xFF,0xFF,0xFF,0xFF,0xFF,0xFF,0xFF,0xFF,0xFF,0xFF,0xFF,
    0xFF,0xFF,0xFF,0xFF,0xFF,0xFF,0xFF,0xFF,0xFF,0xFF,0xFF,0xFF,0xFF,0xFF,0xFF,0xFF,
    0xFF,0xFF,0xFF,0xFF,0xFF,0xFF,0xFF,0xFF,0xFF,0xFF,0xFF,0xFF,0xFF,0xFF,0xFF,0xFF,
    0xFF,0xFF,0xFF,0xFF,0xFF,0xFF,0xFF,0xFF,0xFF,0xFF,0xFF,0xFF,0xFF,0xFF,0xFF,0xFF,
    0xFF,0xFF,0xFF,0xFF,0xFF,0xFF,0xFF,0xFF,0xFF,0xFF,0xFF,0xFF,0xFF,0xFF,0xFF,0xFF,
    0xFF,0xFF,0xFF,0xFF,0xFF,0xFF,0xFF,0xFF,0xFF,0xFF,0xFF,0xFF,0xFF,0xFF,0xFF,0xFF,
    0xFF,0xFF,0xFF,0xFF,0xFF,0xFF,0xFF,0xFF,0xFF,0xFF,0xFF,0xFF,0xFF,0xFF,0xFF,0xFF,
    0xFF,0xFF,0xFF,0xFF,0xFF,0xFF,0xFF,0xFF,0xFF,0xFF,0xFF,0xFF,0xFF,0xFF,0xFF,0xFF,
    0xFF,0xFF,0xFF,0xFF,0xFF,0xFF,0xFF,0xFF,0xFF,0xFF,0xFF,0xFF,0xFF,0xFF,0xFF,0xFF,
    0xFF,0xFF,0xFF,0xFF,0xFF,0xFF,0xFF,0xFF,0xFF,0xFF,0xFF,0xFF,0xFF,0xFF,0xFF,0xFF,
    0xFF,0xFF,0xFF,0xFF,0xFF,0xFF,0xFF,0xFF,0xFF,0xFF,0xFF,0xFF,0xFF,0xFF,0xFF,0xFF,
    0xFF,0xFF,0xFF,0xFF,0xFF,0xFF,0xFF,0xFF,0xFF,0xFF,0xFF,0xFF,0xFF,0xFF,0xFF,0xFF,
    0xFF,0xFF,0xFF,0xFF,0xFF,0xFF,0xFF,0xFF,0xFF,0xFF,0xFF,0xFF,0xFF,0xFF,0xFF,0xFF,
    0xFF,0xFF,0xFF,0xFF,0xFF,0xFF,0xFF,0xFF,0x00,0x00,0xFF,0xFF,0x00,0x00,0x00,0x00,
    0x00,0x00,0x00,0x00,0xFF,0xFF,0x00,0x00,0x55,0xAD,0xFF,0xFF,0xFF,0xFF,0xFF,0xFF,
    0xFF,0xFF,0xFF,0xFF,0xFF,0xFF,0xFF,0xFF,0xFF,0xFF,0xFF,0xFF,0xFF,0xFF,0xFF,0xFF,
    0xFF,0xFF,0xFF,0xFF,0xFF,0xFF,0xFF,0xFF,0xFF,0xFF,0xFF,0xFF,0xFF,0xFF,0xFF,0xFF,
    0xFF,0xFF,0xFF,0xFF,0xFF,0xFF,0xFF,0xFF,0xFF,0xFF,0xFF,0xFF,0xFF,0xFF,0xFF,0xFF,
    0xFF,0xFF,0xFF,0xFF,0xFF,0xFF,0xFF,0xFF,0xFF,0xFF,0xFF,0xFF,0xFF,0xFF,0xFF,0xFF,
    0xFF,0xFF,0xFF,0xFF,0xFF,0xFF,0xFF,0xFF,0xFF,0xFF,0xFF,0xFF,0xFF,0xFF,0xFF,0xFF,
    0xFF,0xFF,0xFF,0xFF,0xFF,0xFF,0xFF,0xFF,0xFF,0xFF,0xFF,0xFF,0xFF,0xFF,0xFF,0xFF,
    0xFF,0xFF,0xFF,0xFF,0xFF,0xFF,0xFF,0xFF,0xFF,0xFF,0xFF,0xFF,0xFF,0xFF,0xFF,0xFF,
    0xFF,0xFF,0xFF,0xFF,0xFF,0xFF,0xFF,0xFF,0xFF,0xFF,0xFF,0xFF,0xFF,0xFF,0xFF,0xFF,
    0xFF,0xFF,0xFF,0xFF,0xFF,0xFF,0xFF,0xFF,0xFF,0xFF,0xFF,0xFF,0xFF,0xFF,0xFF,0xFF,
    0xFF,0xFF,0xFF,0xFF,0xFF,0xFF,0xFF,0xFF,0xFF,0xFF,0xFF,0xFF,0xFF,0xFF,0xFF,0xFF,
    0xFF,0xFF,0xFF,0xFF,0xFF,0xFF,0xFF,0xFF,0xFF,0xFF,0xFF,0xFF,0xFF,0xFF,0xFF,0xFF,
    0xFF,0xFF,0xFF,0xFF,0xFF,0xFF,0xFF,0xFF,0xFF,0xFF,0xFF,0xFF,0xFF,0xFF,0xFF,0xFF,
    0xFF,0xFF,0xFF,0xFF,0xFF,0xFF,0xFF,0xFF,0xFF,0xFF,0xFF,0xFF,0xFF,0xFF,0xFF,0xFF,
    0xFF,0xFF,0xFF,0xFF,0xFF,0xFF,0xFF,0xFF,0xFF,0xFF,0xFF,0xFF,0xFF,0xFF,0xFF,0xFF,
    0xFF,0xFF,0xFF,0xFF,0xFF,0xFF,0xFF,0xFF,0xFF,0xFF,0xFF,0xFF,0xFF,0xFF,0xFF,0xFF,
    0xDF,0xFF,0x9E,0xD6,0x3D,0xC6,0x5E,0xC6,0x5E,0xC6,0x5E,0xC6,0x5E,0xC6,0x5E,0xC6,
    0x5E,0xC6,0x5E,0xC6,0x5E,0xC6,0x5E,0xC6,0x5E,0xC6,0x5E,0xC6,0x3D,0xC6,0xDE,0xD6,
    0xFF,0xFF,0xFF,0xFF,0xFF,0xFF,0xFF,0xFF,0xFF,0xFF,0xFF,0xFF,0xFF,0xFF,0xFF,0xFF,
    0xFF,0xFF,0xFF,0xFF,0xFF,0xFF,0xFF,0xFF,0xFF,0xFF,0xFF,0xFF,0xFF,0xFF,0xFF,0xFF,
    0xFF,0xFF,0xFF,0xFF,0xFF,0xFF,0xFF,0xFF,0xFF,0xFF,0xFF,0xFF,0xFF,0xFF,0xFF,0xFF,
    0xFF,0xFF,0xFF,0xFF,0xFF,0xFF,0xFF,0xFF,0xFF,0xFF,0xFF,0xFF,0xFF,0xFF,0xFF,0xFF,
    0xFF,0xFF,0xFF,0xFF,0xFF,0xFF,0xFF,0xFF,0xFF,0xFF,0xFF,0xFF,0xFF,0xFF,0xFF,0xFF,
    0xFF,0xFF,0xFF,0xFF,0xFF,0xFF,0xFF,0xFF,0xFF,0xFF,0xFF,0xFF,0xFF,0xFF,0xFF,0xFF,
    0xFF,0xFF,0xFF,0xFF,0xFF,0xFF,0xFF,0xFF,0xFF,0xFF,0xFF,0xFF,0xFF,0xFF,0xFF,0xFF,
    0xFF,0xFF,0xFF,0xFF,0xFF,0xFF,0xFF,0xFF,0xFF,0xFF,0xFF,0xFF,0xFF,0xFF,0xFF,0xFF,
    0xFF,0xFF,0xFF,0xFF,0xFF,0xFF,0xFF,0xFF,0xFF,0xFF,0xFF,0xFF,0xFF,0xFF,0xFF,0xFF,
    0xFF,0xFF,0xFF,0xFF,0xFF,0xFF,0xFF,0xFF,0xFF,0xFF,0xFF,0xFF,0xFF,0xFF,0xFF,0xFF,
    0xFF,0xFF,0xFF,0xFF,0xFF,0xFF,0xFF,0xFF,0xFF,0xFF,0xFF,0xFF,0xFF,0xFF,0xFF,0xFF,
    0xFF,0xFF,0xFF,0xFF,0xFF,0xFF,0xFF,0xFF,0xFF,0xFF,0xFF,0xFF,0xFF,0xFF,0xFF,0xFF,
    0xFF,0xFF,0xFF,0xFF,0xFF,0xFF,0xFF,0xFF,0xFF,0xFF,0xFF,0xFF,0xFF,0xFF,0xFF,0xFF,
    0xFF,0xFF,0xFF,0xFF,0xFF,0xFF,0xFF,0xFF,0xFF,0xFF,0xFF,0xFF,0xFF,0xFF,0xFF,0xFF,
    0xFF,0xFF,0xFF,0xFF,0xFF,0xFF,0xFF,0xFF,0xFF,0xFF,0xFF,0xFF,0xFF,0xFF,0xFF,0xFF,
    0xFF,0xFF,0xFF,0xFF,0x00,0x00,0xFF,0xFF,0x00,0x00,0x00,0x00,0x00,0x00,0x00,0x00,
    0xFF,0xFF,0x00,0x00,0x55,0xAD,0xFF,0xFF,0xFF,0xFF,0xFF,0xFF,0xFF,0xFF,0xFF,0xFF,
    0xFF,0xFF,0xFF,0xFF,0xFF,0xFF,0xFF,0xFF,0xFF,0xFF,0xFF,0xFF,0xFF,0xFF,0xFF,0xFF,
    0xFF,0xFF,0xFF,0xFF,0xFF,0xFF,0xFF,0xFF,0xFF,0xFF,0xFF,0xFF,0xFF,0xFF,0xFF,0xFF,
    0xFF,0xFF,0xFF,0xFF,0xFF,0xFF,0xFF,0xFF,0xFF,0xFF,0xFF,0xFF,0xFF,0xFF,0xFF,0xFF,
    0xFF,0xFF,0xFF,0xFF,0xFF,0xFF,0xFF,0xFF,0xFF,0xFF,0xFF,0xFF,0xFF,0xFF,0xFF,0xFF,
    0xFF,0xFF,0xFF,0xFF,0xFF,0xFF,0xFF,0xFF,0xFF,0xFF,0xFF,0xFF,0xFF,0xFF,0xFF,0xFF,
    0xFF,0xFF,0xFF,0xFF,0xFF,0xFF,0xFF,0xFF,0xFF,0xFF,0xFF,0xFF,0xFF,0xFF,0xFF,0xFF,
    0xFF,0xFF,0xFF,0xFF,0xFF,0xFF,0xFF,0xFF,0xFF,0xFF,0xFF,0xFF,0xFF,0xFF,0xFF,0xFF,
    0xFF,0xFF,0xFF,0xFF,0xFF,0xFF,0xFF,0xFF,0xFF,0xFF,0xFF,0xFF,0xFF,0xFF,0xFF,0xFF,
    0xFF,0xFF,0xFF,0xFF,0xFF,0xFF,0xFF,0xFF,0xFF,0xFF,0xFF,0xFF,0xFF,0xFF,0xFF,0xFF,
    0xFF,0xFF,0xFF,0xFF,0xFF,0xFF,0xFF,0xFF,0xFF,0xFF,0xFF,0xFF,0xFF,0xFF,0xFF,0xFF,
    0xFF,0xFF,0xFF,0xFF,0xFF,0xFF,0xFF,0xFF,0xFF,0xFF,0xFF,0xFF,0xFF,0xFF,0xFF,0xFF,
    0xFF,0xFF,0xFF,0xFF,0xFF,0xFF,0xFF,0xFF,0xFF,0xFF,0xFF,0xFF,0xFF,0xFF,0xFF,0xFF,
    0xFF,0xFF,0xFF,0xFF,0xFF,0xFF,0xFF,0xFF,0xFF,0xFF,0xFF,0xFF,0xFF,0xFF,0xFF,0xFF,
    0xFF,0xFF,0xFF,0xFF,0xFF,0xFF,0xFF,0xFF,0xFF,0xFF,0xFF,0xFF,0xFF,0xFF,0xFF,0xFF,
    0xFF,0xFF,0xFF,0xFF,0xFF,0xFF,0xFF,0xFF,0xFF,0xFF,0xFF,0xFF,0x5F,0xEF,0x3A,0x5B,
    0xF9,0x31,0x39,0x3A,0x39,0x3A,0x39,0x3A,0x39,0x3A,0x39,0x3A,0x39,0x3A,0x39,0x3A,
    0x39,0x3A,0x39,0x3A,0x39,0x3A,0x39,0x3A,0xD8,0x31,0xDB,0x73,0xBF,0xF7,0xFF,0xFF,
    0xFF,0xFF,0xFF,0xFF,0xFF,0xFF,0xFF,0xFF,0xFF,0xFF,0xFF,0xFF,0xFF,0xFF,0xFF,0xFF,
    0xFF,0xFF,0xFF,0xFF,0xFF,0xFF,0xFF,0xFF,0xFF,0xFF,0xFF,0xFF,0xFF,0xFF,0xFF,0xFF,
    0xFF,0xFF,0xFF,0xFF,0xFF,0xFF,0xFF,0xFF,0xFF,0xFF,0xFF,0xFF,0xFF,0xFF,0xFF,0xFF,
    0xFF,0xFF,0xFF,0xFF,0xFF,0xFF,0xFF,0xFF,0xFF,0xFF,0xFF,0xFF,0xFF,0xFF,0xFF,0xFF,
    0xFF,0xFF,0xFF,0xFF,0xFF,0xFF,0xFF,0xFF,0xFF,0xFF,0xFF,0xFF,0xFF,0xFF,0xFF,0xFF,
    0xFF,0xFF,0xFF,0xFF,0xFF,0xFF,0xFF,0xFF,0xFF,0xFF,0xFF,0xFF,0xFF,0xFF,0xFF,0xFF,
    0xFF,0xFF,0xFF,0xFF,0xFF,0xFF,0xFF,0xFF,0xFF,0xFF,0xFF,0xFF,0xFF,0xFF,0xFF,0xFF,
    0xFF,0xFF,0xFF,0xFF,0xFF,0xFF,0xFF,0xFF,0xFF,0xFF,0xFF,0xFF,0xFF,0xFF,0xFF,0xFF,
    0xFF,0xFF,0xFF,0xFF,0xFF,0xFF,0xFF,0xFF,0xFF,0xFF,0xFF,0xFF,0xFF,0xFF,0xFF,0xFF,
    0xFF,0xFF,0xFF,0xFF,0xFF,0xFF,0xFF,0xFF,0xFF,0xFF,0xFF,0xFF,0xFF,0xFF,0xFF,0xFF,
    0xFF,0xFF,0xFF,0xFF,0xFF,0xFF,0xFF,0xFF,0xFF,0xFF,0xFF,0xFF,0xFF,0xFF,0xFF,0xFF,
    0xFF,0xFF,0xFF,0xFF,0xFF,0xFF,0xFF,0xFF,0xFF,0xFF,0xFF,0xFF,0xFF,0xFF,0xFF,0xFF,
    0xFF,0xFF,0xFF,0xFF,0xFF,0xFF,0xFF,0xFF,0xFF,0xFF,0xFF,0xFF,0xFF,0xFF,0xFF,0xFF,
    0xFF,0xFF,0xFF,0xFF,0xFF,0xFF,0xFF,0xFF,0xFF,0xFF,0xFF,0xFF,0xFF,0xFF,0xFF,0xFF,
    0xFF,0xFF,0xFF,0xFF,0xFF,0xFF,0xFF,0xFF,0xFF,0xFF,0xFF,0xFF,0xFF,0xFF,0xFF,0xFF,
    0x00,0x00,0xFF,0xFF,0x00,0x00,0x00,0x00,0x00,0x00,0x00,0x00,0xFF,0xFF,0x00,0x00,
    0x55,0xAD,0xFF,0xFF,0xFF,0xFF,0xFF,0xFF,0xFF,0xFF,0xFF,0xFF,0xFF,0xFF,0xFF,0xFF,
    0xFF,0xFF,0xFF,0xFF,0xFF,0xFF,0xFF,0xFF,0xFF,0xFF,0xFF,0xFF,0xFF,0xFF,0xFF,0xFF,
    0xFF,0xFF,0xFF,0xFF,0xFF,0xFF,0xFF,0xFF,0xFF,0xFF,0xFF,0xFF,0xFF,0xFF,0xFF,0xFF,
    0xFF,0xFF,0xFF,0xFF,0xFF,0xFF,0xFF,0xFF,0xFF,0xFF,0xFF,0xFF,0xFF,0xFF,0xFF,0xFF,
    0xFF,0xFF,0xFF,0xFF,0xFF,0xFF,0xFF,0xFF,0xFF,0xFF,0xFF,0xFF,0xFF,0xFF,0xFF,0xFF,
    0xFF,0xFF,0xFF,0xFF,0xFF,0xFF,0xFF,0xFF,0xFF,0xFF,0xFF,0xFF,0xFF,0xFF,0xFF,0xFF,
    0xFF,0xFF,0xFF,0xFF,0xFF,0xFF,0xFF,0xFF,0xFF,0xFF,0xFF,0xFF,0xFF,0xFF,0xFF,0xFF,
    0xFF,0xFF,0xFF,0xFF,0xFF,0xFF,0xFF,0xFF,0xFF,0xFF,0xFF,0xFF,0xFF,0xFF,0xFF,0xFF,
    0xFF,0xFF,0xFF,0xFF,0xFF,0xFF,0xFF,0xFF,0xFF,0xFF,0xFF,0xFF,0xFF,0xFF,0xFF,0xFF,
    0xFF,0xFF,0xFF,0xFF,0xFF,0xFF,0xFF,0xFF,0xFF,0xFF,0xFF,0xFF,0xFF,0xFF,0xFF,0xFF,
    0xFF,0xFF,0xFF,0xFF,0xFF,0xFF,0xFF,0xFF,0xFF,0xFF,0xFF,0xFF,0xFF,0xFF,0xFF,0xFF,
    0xFF,0xFF,0xFF,0xFF,0xFF,0xFF,0xFF,0xFF,0xFF,0xFF,0xFF,0xFF,0xFF,0xFF,0xFF,0xFF,
    0xFF,0xFF,0xFF,0xFF,0xFF,0xFF,0xFF,0xFF,0xFF,0xFF,0xFF,0xFF,0xFF,0xFF,0xFF,0xFF,
    0xFF,0xFF,0xFF,0xFF,0xFF,0xFF,0xFF,0xFF,0xFF,0xFF,0xFF,0xFF,0xFF,0xFF,0xFF,0xFF,
    0xFF,0xFF,0xFF,0xFF,0xFF,0xFF,0xFF,0xFF,0xFF,0xFF,0xFF,0xFF,0xFF,0xFF,0xFF,0xFF,
    0xFF,0xFF,0xFF,0xFF,0xFF,0xFF,0xFF,0xFF,0x5F,0xEF,0x3A,0x63,0xF9,0x31,0x59,0x3A,
    0x39,0x3A,0x39,0x3A,0x39,0x3A,0x39,0x3A,0x39,0x3A,0x39,0x3A,0x39,0x3A,0x39,0x3A,
    0x39,0x3A,0x39,0x3A,0xD8,0x31,0xFB,0x73,0xBF,0xF7,0xFF,0xFF,0xFF,0xFF,0xFF,0xFF,
    0xFF,0xFF,0xFF,0xFF,0xFF,0xFF,0xFF,0xFF,0xFF,0xFF,0xFF,0xFF,0xFF,0xFF,0xFF,0xFF,
    0xFF,0xFF,0xFF,0xFF,0xFF,0xFF,0xFF,0xFF,0xFF,0xFF,0xFF,0xFF,0xFF,0xFF,0xFF,0xFF,
    0xFF,0xFF,0xFF,0xFF,0xFF,0xFF,0xFF,0xFF,0xFF,0xFF,0xFF,0xFF,0xFF,0xFF,0xFF,0xFF,
    0xFF,0xFF,0xFF,0xFF,0xFF,0xFF,0xFF,0xFF,0xFF,0xFF,0xFF,0xFF,0xFF,0xFF,0xFF,0xFF,
    0xFF,0xFF,0xFF,0xFF,0xFF,0xFF,0xFF,0xFF,0xFF,0xFF,0xFF,0xFF,0xFF,0xFF,0xFF,0xFF,
    0xFF,0xFF,0xFF,0xFF,0xFF,0xFF,0xFF,0xFF,0xFF,0xFF,0xFF,0xFF,0xFF,0xFF,0xFF,0xFF,
    0xFF,0xFF,0xFF,0xFF,0xFF,0xFF,0xFF,0xFF,0xFF,0xFF,0xFF,0xFF,0xFF,0xFF,0xFF,0xFF,
    0xFF,0xFF,0xFF,0xFF,0xFF,0xFF,0xFF,0xFF,0xFF,0xFF,0xFF,0xFF,0xFF,0xFF,0xFF,0xFF,
    0xFF,0xFF,0xFF,0xFF,0xFF,0xFF,0xFF,0xFF,0xFF,0xFF,0xFF,0xFF,0xFF,0xFF,0xFF,0xFF,
    0xFF,0xFF,0xFF,0xFF,0xFF,0xFF,0xFF,0xFF,0xFF,0xFF,0xFF,0xFF,0xFF,0xFF,0xFF,0xFF,
    0xFF,0xFF,0xFF,0xFF,0xFF,0xFF,0xFF,0xFF,0xFF,0xFF,0xFF,0xFF,0xFF,0xFF,0xFF,0xFF,
    0xFF,0xFF,0xFF,0xFF,0xFF,0xFF,0xFF,0xFF,0xFF,0xFF,0xFF,0xFF,0xFF,0xFF,0xFF,0xFF,
    0xFF,0xFF,0xFF,0xFF,0xFF,0xFF,0xFF,0xFF,0xFF,0xFF,0xFF,0xFF,0xFF,0xFF,0xFF,0xFF,
    0xFF,0xFF,0xFF,0xFF,0xFF,0xFF,0xFF,0xFF,0xFF,0xFF,0xFF,0xFF,0xFF,0xFF,0xFF,0xFF,
    0xFF,0xFF,0xFF,0xFF,0xFF,0xFF,0xFF,0xFF,0xFF,0xFF,0xFF,0xFF,0x00,0x00,0xFF,0xFF,
    0x00,0x00,0x00,0x00,0x00,0x00,0x00,0x00,0xFF,0xFF,0x00,0x00,0x55,0xAD,0xFF,0xFF,
    0xFF,0xFF,0xFF,0xFF,0xFF,0xFF,0xFF,0xFF,0xFF,0xFF,0xFF,0xFF,0xFF,0xFF,0xFF,0xFF,
    0xFF,0xFF,0xFF,0xFF,0xFF,0xFF,0xFF,0xFF,0xFF,0xFF,0xFF,0xFF,0xFF,0xFF,0xFF,0xFF,
    0xFF,0xFF,0xFF,0xFF,0xFF,0xFF,0xFF,0xFF,0xFF,0xFF,0xFF,0xFF,0xFF,0xFF,0xFF,0xFF,
    0xFF,0xFF,0xFF,0xFF,0xFF,0xFF,0xFF,0xFF,0xFF,0xFF,0xFF,0xFF,0xFF,0xFF,0xFF,0xFF,
    0xFF,0xFF,0xFF,0xFF,0xFF,0xFF,0xFF,0xFF,0xFF,0xFF,0xFF,0xFF,0xFF,0xFF,0xFF,0xFF,
    0xFF,0xFF,0xFF,0xFF,0xFF,0xFF,0xFF,0xFF,0xFF,0xFF,0xFF,0xFF,0xFF,0xFF,0xFF,0xFF,
    0xFF,0xFF,0xFF,0xFF,0xFF,0xFF,0xFF,0xFF,0xFF,0xFF,0xFF,0xFF,0xFF,0xFF,0xFF,0xFF,
    0xFF,0xFF,0xFF,0xFF,0xFF,0xFF,0xFF,0xFF,0xFF,0xFF,0xFF,0xFF,0xFF,0xFF,0xFF,0xFF,
    0xFF,0xFF,0xFF,0xFF,0xFF,0xFF,0xFF,0xFF,0xFF,0xFF,0xFF,0xFF,0xFF,0xFF,0xFF,0xFF,
    0xFF,0xFF,0xFF,0xFF,0xFF,0xFF,0xFF,0xFF,0xFF,0xFF,0xFF,0xFF,0xFF,0xFF,0xFF,0xFF,
    0xFF,0xFF,0xFF,0xFF,0xFF,0xFF,0xFF,0xFF,0xFF,0xFF,0xFF,0xFF,0xFF,0xFF,0xFF,0xFF,
    0xFF,0xFF,0xFF,0xFF,0xFF,0xFF,0xFF,0xFF,0xFF,0xFF,0xFF,0xFF,0xFF,0xFF,0xFF,0xFF,
    0xFF,0xFF,0xFF,0xFF,0xFF,0xFF,0xFF,0xFF,0xFF,0xFF,0xFF,0xFF,0xFF,0xFF,0xFF,0xFF,
    0xFF,0xFF,0xFF,0xFF,0xFF,0xFF,0xFF,0xFF,0xFF,0xFF,0xFF,0xFF,0xFF,0xFF,0xFF,0xFF,
    0xFF,0xFF,0xFF,0xFF,0xFF,0xFF,0xFF,0xFF,0xFF,0xFF,0xFF,0xFF,0xFF,0xFF,0xFF,0xFF,
    0xFF,0xFF,0xFF,0xFF,0x5F,0xEF,0x5A,0x63,0x19,0x32,0x59,0x42,0x39,0x3A,0x39,0x3A,
    0x39,0x3A,0x39,0x3A,0x39,0x3A,0x39,0x3A,0x39,0x3A,0x39,0x3A,0x59,0x3A,0x59,0x42,
    0xF9,0x31,0x1B,0x7C,0xBF,0xF7,0xFF,0xFF,0xFF,0xFF,0xFF,0xFF,0xFF,0xFF,0xFF,0xFF,
    0xFF,0xFF,0xFF,0xFF,0xFF,0xFF,0xFF,0xFF,0xFF,0xFF,0xFF,0xFF,0xFF,0xFF,0xFF,0xFF,
    0xFF,0xFF,0xFF,0xFF,0xFF,0xFF,0xFF,0xFF,0xFF,0xFF,0xFF,0xFF,0xFF,0xFF,0xFF,0xFF,
    0xFF,0xFF,0xFF,0xFF,0xFF,0xFF,0xFF,0xFF,0xFF,0xFF,0xFF,0xFF,0xFF,0xFF,0xFF,0xFF,
    0xFF,0xFF,0xFF,0xFF,0xFF,0xFF,0xFF,0xFF,0xFF,0xFF,0xFF,0xFF,0xFF,0xFF,0xFF,0xFF,
    0xFF,0xFF,0xFF,0xFF,0xFF,0xFF,0xFF,0xFF,0xFF,0xFF,0xFF,0xFF,0xFF,0xFF,0xFF,0xFF,
    0xFF,0xFF,0xFF,0xFF,0xFF,0xFF,0xFF,0xFF,0xFF,0xFF,0xFF,0xFF,0xFF,0xFF,0xFF,0xFF,
    0xFF,0xFF,0xFF,0xFF,0xFF,0xFF,0xFF,0xFF,0xFF,0xFF,0xFF,0xFF,0xFF,0xFF,0xFF,0xFF,
    0xFF,0xFF,0xFF,0xFF,0xFF,0xFF,0xFF,0xFF,0xFF,0xFF,0xFF,0xFF,0xFF,0xFF,0xFF,0xFF,
    0xFF,0xFF,0xFF,0xFF,0xFF,0xFF,0xFF,0xFF,0xFF,0xFF,0xFF,0xFF,0xFF,0xFF,0xFF,0xFF,
    0xFF,0xFF,0xFF,0xFF,0xFF,0xFF,0xFF,0xFF,0xFF,0xFF,0xFF,0xFF,0xFF,0xFF,0xFF,0xFF,
    0xFF,0xFF,0xFF,0xFF,0xFF,0xFF,0xFF,0xFF,0xFF,0xFF,0xFF,0xFF,0xFF,0xFF,0xFF,0xFF,
    0xFF,0xFF,0xFF,0xFF,0xFF,0xFF,0xFF,0xFF,0xFF,0xFF,0xFF,0xFF,0xFF,0xFF,0xFF,0xFF,
    0xFF,0xFF,0xFF,0xFF,0xFF,0xFF,0xFF,0xFF,0xFF,0xFF,0xFF,0xFF,0xFF,0xFF,0xFF,0xFF,
    0xFF,0xFF,0xFF,0xFF,0xFF,0xFF,0xFF,0xFF,0xFF,0xFF,0xFF,0xFF,0xFF,0xFF,0xFF,0xFF,
    0xFF,0xFF,0xFF,0xFF,0xFF,0xFF,0xFF,0xFF,0x00,0x00,0xFF,0xFF,0x00,0x00,0x00,0x00,
    0x00,0x00,0x00,0x00,0xFF,0xFF,0x00,0x00,0x55,0xAD,0xFF,0xFF,0xFF,0xFF,0xFF,0xFF,
    0xFF,0xFF,0xFF,0xFF,0xFF,0xFF,0xFF,0xFF,0xFF,0xFF,0xFF,0xFF,0xFF,0xFF,0xFF,0xFF,
    0xFF,0xFF,0xFF,0xFF,0xFF,0xFF,0xFF,0xFF,0xFF,0xFF,0xFF,0xFF,0xFF,0xFF,0xFF,0xFF,
    0xFF,0xFF,0xFF,0xFF,0xFF,0xFF,0xFF,0xFF,0xFF,0xFF,0xFF,0xFF,0xFF,0xFF,0xFF,0xFF,
    0xFF,0xFF,0xFF,0xFF,0xFF,0xFF,0xFF,0xFF,0xFF,0xFF,0xFF,0xFF,0xFF,0xFF,0xFF,0xFF,
    0xFF,0xFF,0xFF,0xFF,0xFF,0xFF,0xFF,0xFF,0xFF,0xFF,0xFF,0xFF,0xFF,0xFF,0xFF,0xFF,
    0xFF,0xFF,0xFF,0xFF,0xFF,0xFF,0xFF,0xFF,0xFF,0xFF,0xFF,0xFF,0xFF,0xFF,0xFF,0xFF,
    0xFF,0xFF,0xFF,0xFF,0xFF,0xFF,0xFF,0xFF,0xFF,0xFF,0xFF,0xFF,0xFF,0xFF,0xFF,0xFF,
    0xFF,0xFF,0xFF,0xFF,0xFF,0xFF,0xFF,0xFF,0xFF,0xFF,0xFF,0xFF,0xFF,0xFF,0xFF,0xFF,
    0xFF,0xFF,0xFF,0xFF,0xFF,0xFF,0xFF,0xFF,0xFF,0xFF,0xFF,0xFF,0xFF,0xFF,0xFF,0xFF,
    0xFF,0xFF,0xFF,0xFF,0xFF,0xFF,0xFF,0xFF,0xFF,0xFF,0xFF,0xFF,0xFF,0xFF,0xFF,0xFF,
    0xFF,0xFF,0xFF,0xFF,0xFF,0xFF,0xFF,0xFF,0xFF,0xFF,0xFF,0xFF,0xFF,0xFF,0xFF,0xFF,
    0xFF,0xFF,0xFF,0xFF,0xFF,0xFF,0xFF,0xFF,0xFF,0xFF,0xFF,0xFF,0xFF,0xFF,0xFF,0xFF,
    0xFF,0xFF,0xFF,0xFF,0xFF,0xFF,0xFF,0xFF,0xFF,0xFF,0xFF,0xFF,0xFF,0xFF,0xFF,0xFF,
    0xFF,0xFF,0xFF,0xFF,0xFF,0xFF,0xFF,0xFF,0xFF,0xFF,0xFF,0xFF,0xFF,0xFF,0xFF,0xFF,
    0xFF,0xFF,0x1E,0xDF,0x9C,0x8C,0x9C,0x8C,0xBC,0x8C,0xBC,0x8C,0xBC,0x8C,0xBC,0x94,
    0x7B,0x84,0xBA,0x4A,0x39,0x3A,0x19,0x3A,0x3A,0x5B,0x5C,0xA5,0x7D,0xAD,0x7D,0xAD,
    0x7D,0xAD,0x5D,0xA5,0x7D,0xAD,0x1C,0x9D,0xDA,0x52,0x39,0x3A,0x39,0x3A,0xFA,0x52,
    0x9C,0x8C,0xBC,0x8C,0xBC,0x8C,0xBC,0x8C,0xBC,0x8C,0x9C,0x8C,0xDC,0x94,0x7F,0xEF,
    0xFF,0xFF,0xFF,0xFF,0xFF,0xFF,0xFF,0xFF,0xFF,0xFF,0xFF,0xFF,0xFF,0xFF,0xFF,0xFF,
    0xFF,0xFF,0xFF,0xFF,0xFF,0xFF,0xFF,0xFF,0xFF,0xFF,0xFF,0xFF,0xFF,0xFF,0xFF,0xFF,
    0xFF,0xFF,0xFF,0xFF,0xFF,0xFF,0xFF,0xFF,0xFF,0xFF,0xFF,0xFF,0xFF,0xFF,0xFF,0xFF,
    0xFF,0xFF,0xFF,0xFF,0xFF,0xFF,0xFF,0xFF,0xFF,0xFF,0xFF,0xFF,0xFF,0xFF,0xFF,0xFF,
    0xFF,0xFF,0xFF,0xFF,0xFF,0xFF,0xFF,0xFF,0xFF,0xFF,0xFF,0xFF,0xFF,0xFF,0xFF,0xFF,
    0xFF,0xFF,0xFF,0xFF,0xFF,0xFF,0xFF,0xFF,0xFF,0xFF,0xFF,0xFF,0xFF,0xFF,0xFF,0xFF,
    0xFF,0xFF,0xFF,0xFF,0xFF,0xFF,0xFF,0xFF,0xFF,0xFF,0xFF,0xFF,0xFF,0xFF,0xFF,0xFF,
    0xFF,0xFF,0xFF,0xFF,0xFF,0xFF,0xFF,0xFF,0xFF,0xFF,0xFF,0xFF,0xFF,0xFF,0xFF,0xFF,
    0xFF,0xFF,0xFF,0xFF,0xFF,0xFF,0xFF,0xFF,0xFF,0xFF,0xFF,0xFF,0xFF,0xFF,0xFF,0xFF,
    0xFF,0xFF,0xFF,0xFF,0xFF,0xFF,0xFF,0xFF,0xFF,0xFF,0xFF,0xFF,0xFF,0xFF,0xFF,0xFF,
    0xFF,0xFF,0xFF,0xFF,0xFF,0xFF,0xFF,0xFF,0xFF,0xFF,0xFF,0xFF,0xFF,0xFF,0xFF,0xFF,
    0xFF,0xFF,0xFF,0xFF,0xFF,0xFF,0xFF,0xFF,0xFF,0xFF,0xFF,0xFF,0xFF,0xFF,0xFF,0xFF,
    0xFF,0xFF,0xFF,0xFF,0xFF,0xFF,0xFF,0xFF,0xFF,0xFF,0xFF,0xFF,0xFF,0xFF,0xFF,0xFF,
    0xFF,0xFF,0xFF,0xFF,0xFF,0xFF,0xFF,0xFF,0xFF,0xFF,0xFF,0xFF,0xFF,0xFF,0xFF,0xFF,
    0xFF,0xFF,0xFF,0xFF,0x00,0x00,0xFF,0xFF,0x00,0x00,0x00,0x00,0x00,0x00,0x00,0x00,
    0xFF,0xFF,0x00,0x00,0x55,0xAD,0xFF,0xFF,0xFF,0xFF,0xFF,0xFF,0xFF,0xFF,0xFF,0xFF,
    0xFF,0xFF,0xFF,0xFF,0xFF,0xFF,0xFF,0xFF,0xFF,0xFF,0xFF,0xFF,0xFF,0xFF,0xFF,0xFF,
    0xFF,0xFF,0xFF,0xFF,0xFF,0xFF,0xFF,0xFF,0xFF,0xFF,0xFF,0xFF,0xFF,0xFF,0xFF,0xFF,
    0xFF,0xFF,0xFF,0xFF,0xFF,0xFF,0xFF,0xFF,0xFF,0xFF,0xFF,0xFF,0xFF,0xFF,0xFF,0xFF,
    0xFF,0xFF,0xFF,0xFF,0xFF,0xFF,0xFF,0xFF,0xFF,0xFF,0xFF,0xFF,0xFF,0xFF,0xFF,0xFF,
    0xFF,0xFF,0xFF,0xFF,0xFF,0xFF,0xFF,0xFF,0xFF,0xFF,0xFF,0xFF,0xFF,0xFF,0xFF,0xFF,
    0xFF,0xFF,0xFF,0xFF,0xFF,0xFF,0xFF,0xFF,0xFF,0xFF,0xFF,0xFF,0xFF,0xFF,0xFF,0xFF,
    0xFF,0xFF,0xFF,0xFF,0xFF,0xFF,0xFF,0xFF,0xFF,0xFF,0xFF,0xFF,0xFF,0xFF,0xFF,0xFF,
    0xFF,0xFF,0xFF,0xFF,0xFF,0xFF,0xFF,0xFF,0xFF,0xFF,0xFF,0xFF,0xFF,0xFF,0xFF,0xFF,
    0xFF,0xFF,0xFF,0xFF,0xFF,0xFF,0xFF,0xFF,0xFF,0xFF,0xFF,0xFF,0xFF,0xFF,0xFF,0xFF,
    0xFF,0xFF,0xFF,0xFF,0xFF,0xFF,0xFF,0xFF,0xFF,0xFF,0xFF,0xFF,0xFF,0xFF,0xFF,0xFF,
    0xFF,0xFF,0xFF,0xFF,0xFF,0xFF,0xFF,0xFF,0xFF,0xFF,0xFF,0xFF,0xFF,0xFF,0xFF,0xFF,
    0xFF,0xFF,0xFF,0xFF,0xFF,0xFF,0xFF,0xFF,0xFF,0xFF,0xFF,0xFF,0xFF,0xFF,0xFF,0xFF,
    0xFF,0xFF,0xFF,0xFF,0xFF,0xFF,0xFF,0xFF,0xFF,0xFF,0xFF,0xFF,0xFF,0xFF,0xFF,0xFF,
    0xFF,0xFF,0xFF,0xFF,0xFF,0xFF,0xFF,0xFF,0xFF,0xFF,0xFF,0xFF,0xFF,0xFF,0x3D,0xC6,
    0xD9,0x31,0xF9,0x31,0x19,0x3A,0x19,0x32,0x19,0x32,0x19,0x32,0x19,0x3A,0x39,0x3A,
    0x59,0x42,0xD9,0x31,0xFB,0x73,0xFF,0xFF,0xFF,0xFF,0xFF,0xFF,0xFF,0xFF,0xFF,0xFF,
    0xFF,0xFF,0x7F,0xEF,0x3A,0x5B,0xF9,0x31,0x59,0x42,0x39,0x3A,0x19,0x32,0x19,0x32,
    0x19,0x32,0x19,0x32,0x19,0x3A,0xD9,0x31,0x59,0x42,0x1E,0xE7,0xFF,0xFF,0xFF,0xFF,
    0xFF,0xFF,0xFF,0xFF,0xFF,0xFF,0xFF,0xFF,0xFF,0xFF,0xFF,0xFF,0xFF,0xFF,0xFF,0xFF,
    0xFF,0xFF,0xFF,0xFF,0xFF,0xFF,0xFF,0xFF,0xFF,0xFF,0xFF,0xFF,0xFF,0xFF,0xFF,0xFF,
    0xFF,0xFF,0xFF,0xFF,0xFF,0xFF,0xFF,0xFF,0xFF,0xFF,0xFF,0xFF,0xFF,0xFF,0xFF,0xFF,
    0xFF,0xFF,0xFF,0xFF,0xFF,0xFF,0xFF,0xFF,0xFF,0xFF,0xFF,0xFF,0xFF,0xFF,0xFF,0xFF,
    0xFF,0xFF,0xFF,0xFF,0xFF,0xFF,0xFF,0xFF,0xFF,0xFF,0xFF,0xFF,0xFF,0xFF,0xFF,0xFF,
    0xFF,0xFF,0xFF,0xFF,0xFF,0xFF,0xFF,0xFF,0xFF,0xFF,0xFF,0xFF,0xFF,0xFF,0xFF,0xFF,
    0xFF,0xFF,0xFF,0xFF,0xFF,0xFF,0xFF,0xFF,0xFF,0xFF,0xFF,0xFF,0xFF,0xFF,0xFF,0xFF,
    0xFF,0xFF,0xFF,0xFF,0xFF,0xFF,0xFF,0xFF,0xFF,0xFF,0xFF,0xFF,0xFF,0xFF,0xFF,0xFF,
    0xFF,0xFF,0xFF,0xFF,0xFF,0xFF,0xFF,0xFF,0xFF,0xFF,0xFF,0xFF,0xFF,0xFF,0xFF,0xFF,
    0xFF,0xFF,0xFF,0xFF,0xFF,0xFF,0xFF,0xFF,0xFF,0xFF,0xFF,0xFF,0xFF,0xFF,0xFF,0xFF,
    0xFF,0xFF,0xFF,0xFF,0xFF,0xFF,0xFF,0xFF,0xFF,0xFF,0xFF,0xFF,0xFF,0xFF,0xFF,0xFF,
    0xFF,0xFF,0xFF,0xFF,0xFF,0xFF,0xFF,0xFF,0xFF,0xFF,0xFF,0xFF,0xFF,0xFF,0xFF,0xFF,
    0xFF,0xFF,0xFF,0xFF,0xFF,0xFF,0xFF,0xFF,0xFF,0xFF,0xFF,0xFF,0xFF,0xFF,0xFF,0xFF,
    0xFF,0xFF,0xFF,0xFF,0xFF,0xFF,0xFF,0xFF,0xFF,0xFF,0xFF,0xFF,0xFF,0xFF,0xFF,0xFF,
    0x00,0x00,0xFF,0xFF,0x00,0x00,0x00,0x00,0x00,0x00,0x00,0x00,0xFF,0xFF,0x00,0x00,
    0x55,0xAD,0xFF,0xFF,0xFF,0xFF,0xFF,0xFF,0xFF,0xFF,0xFF,0xFF,0xFF,0xFF,0xFF,0xFF,
    0xFF,0xFF,0xFF,0xFF,0xFF,0xFF,0xFF,0xFF,0xFF,0xFF,0xFF,0xFF,0xFF,0xFF,0xFF,0xFF,
    0xFF,0xFF,0xFF,0xFF,0xFF,0xFF,0xFF,0xFF,0xFF,0xFF,0xFF,0xFF,0xFF,0xFF,0xFF,0xFF,
    0xFF,0xFF,0xFF,0xFF,0xFF,0xFF,0xFF,0xFF,0xFF,0xFF,0xFF,0xFF,0xFF,0xFF,0xFF,0xFF,
    0xFF,0xFF,0xFF,0xFF,0xFF,0xFF,0xFF,0xFF,0xFF,0xFF,0xFF,0xFF,0xFF,0xFF,0xFF,0xFF,
    0xFF,0xFF,0xFF,0xFF,0xFF,0xFF,0xFF,0xFF,0xFF,0xFF,0xFF,0xFF,0xFF,0xFF,0xFF,0xFF,
    0xFF,0xFF,0xFF,0xFF,0xFF,0xFF,0xFF,0xFF,0xFF,0xFF,0xFF,0xFF,0xFF,0xFF,0xFF,0xFF,
    0xFF,0xFF,0xFF,0xFF,0xFF,0xFF,0xFF,0xFF,0xFF,0xFF,0xFF,0xFF,0xFF,0xFF,0xFF,0xFF,
    0xFF,0xFF,0xFF,0xFF,0xFF,0xFF,0xFF,0xFF,0xFF,0xFF,0xFF,0xFF,0xFF,0xFF,0xFF,0xFF,
    0xFF,0xFF,0xFF,0xFF,0xFF,0xFF,0xFF,0xFF,0xFF,0xFF,0xFF,0xFF,0xFF,0xFF,0xFF,0xFF,
    0xFF,0xFF,0xFF,0xFF,0xFF,0xFF,0xFF,0xFF,0xFF,0xFF,0xFF,0xFF,0xFF,0xFF,0xFF,0xFF,
    0xFF,0xFF,0xFF,0xFF,0xFF,0xFF,0xFF,0xFF,0xFF,0xFF,0xFF,0xFF,0xFF,0xFF,0xFF,0xFF,
    0xFF,0xFF,0xFF,0xFF,0xFF,0xFF,0xFF,0xFF,0xFF,0xFF,0xFF,0xFF,0xFF,0xFF,0xFF,0xFF,
    0xFF,0xFF,0xFF,0xFF,0xFF,0xFF,0xFF,0xFF,0xFF,0xFF,0xFF,0xFF,0xFF,0xFF,0xFF,0xFF,
    0xFF,0xFF,0xFF,0xFF,0xFF,0xFF,0xFF,0xFF,0xFF,0xFF,0x7E,0xCE,0xF9,0x31,0x19,0x3A,
    0x39,0x3A,0x19,0x3A,0x19,0x3A,0x19,0x3A,0x39,0x3A,0x39,0x3A,0x59,0x42,0xD9,0x31,
    0xDB,0x73,0xDF,0xFF,0xFF,0xFF,0xFF,0xFF,0xFF,0xFF,0xFF,0xFF,0xFF,0xFF,0x5F,0xE7,
    0x3A,0x5B,0xF9,0x31,0x59,0x42,0x39,0x3A,0x39,0x3A,0x19,0x3A,0x19,0x3A,0x19,0x3A,
    0x39,0x3A,0xF9,0x31,0x79,0x42,0x3F,0xE7,0xFF,0xFF,0xFF,0xFF,0xFF,0xFF,0xFF,0xFF,
    0xFF,0xFF,0xFF,0xFF,0xFF,0xFF,0xFF,0xFF,0xFF,0xFF,0xFF,0xFF,0xFF,0xFF,0xFF,0xFF,
    0xFF,0xFF,0xFF,0xFF,0xFF,0xFF,0xFF,0xFF,0xFF,0xFF,0xFF,0xFF,0xFF,0xFF,0xFF,0xFF,
    0xFF,0xFF,0xFF,0xFF,0xFF,0xFF,0xFF,0xFF,0xFF,0xFF,0xFF,0xFF,0xFF,0xFF,0xFF,0xFF,
    0xFF,0xFF,0xFF,0xFF,0xFF,0xFF,0xFF,0xFF,0xFF,0xFF,0xFF,0xFF,0xFF,0xFF,0xFF,0xFF,
    0xFF,0xFF,0xFF,0xFF,0xFF,0xFF,0xFF,0xFF,0xFF,0xFF,0xFF,0xFF,0xFF,0xFF,0xFF,0xFF,
    0xFF,0xFF,0xFF,0xFF,0xFF,0xFF,0xFF,0xFF,0xFF,0xFF,0xFF,0xFF,0xFF,0xFF,0xFF,0xFF,
    0xFF,0xFF,0xFF,0xFF,0xFF,0xFF,0xFF,0xFF,0xFF,0xFF,0xFF,0xFF,0xFF,0xFF,0xFF,0xFF,
    0xFF,0xFF,0xFF,0xFF,0xFF,0xFF,0xFF,0xFF,0xFF,0xFF,0xFF,0xFF,0xFF,0xFF,0xFF,0xFF,
    0xFF,0xFF,0xFF,0xFF,0xFF,0xFF,0xFF,0xFF,0xFF,0xFF,0xFF,0xFF,0xFF,0xFF,0xFF,0xFF,
    0xFF,0xFF,0xFF,0xFF,0xFF,0xFF,0xFF,0xFF,0xFF,0xFF,0xFF,0xFF,0xFF,0xFF,0xFF,0xFF,
    0xFF,0xFF,0xFF,0xFF,0xFF,0xFF,0xFF,0xFF,0xFF,0xFF,0xFF,0xFF,0xFF,0xFF,0xFF,0xFF,
    0xFF,0xFF,0xFF,0xFF,0xFF,0xFF,0xFF,0xFF,0xFF,0xFF,0xFF,0xFF,0xFF,0xFF,0xFF,0xFF,
    0xFF,0xFF,0xFF,0xFF,0xFF,0xFF,0xFF,0xFF,0xFF,0xFF,0xFF,0xFF,0xFF,0xFF,0xFF,0xFF,
    0xFF,0xFF,0xFF,0xFF,0xFF,0xFF,0xFF,0xFF,0xFF,0xFF,0xFF,0xFF,0x00,0x00,0xFF,0xFF,
    0x00,0x00,0x00,0x00,0x00,0x00,0x00,0x00,0xFF,0xFF,0x00,0x00,0x55,0xAD,0xFF,0xFF,
    0xFF,0xFF,0xFF,0xFF,0xFF,0xFF,0xFF,0xFF,0xFF,0xFF,0xFF,0xFF,0xFF,0xFF,0xFF,0xFF,
    0xFF,0xFF,0xFF,0xFF,0xFF,0xFF,0xFF,0xFF,0xFF,0xFF,0xFF,0xFF,0xFF,0xFF,0xFF,0xFF,
    0xFF,0xFF,0xFF,0xFF,0xFF,0xFF,0xFF,0xFF,0xFF,0xFF,0xFF,0xFF,0xFF,0xFF,0xFF,0xFF,
    0xFF,0xFF,0xFF,0xFF,0xFF,0xFF,0xFF,0xFF,0xFF,0xFF,0xFF,0xFF,0xFF,0xFF,0xFF,0xFF,
    0xFF,0xFF,0xFF,0xFF,0xFF,0xFF,0xFF,0xFF,0xFF,0xFF,0xFF,0xFF,0xFF,0xFF,0xFF,0xFF,
    0xFF,0xFF,0xFF,0xFF,0xFF,0xFF,0xFF,0xFF,0xFF,0xFF,0xFF,0xFF,0xFF,0xFF,0xFF,0xFF,
    0xFF,0xFF,0xFF,0xFF,0xFF,0xFF,0xFF,0xFF,0xFF,0xFF,0xFF,0xFF,0xFF,0xFF,0xFF,0xFF,
    0xFF,0xFF,0xFF,0xFF,0xFF,0xFF,0xFF,0xFF,0xFF,0xFF,0xFF,0xFF,0xFF,0xFF,0xFF,0xFF,
    0xFF,0xFF,0xFF,0xFF,0xFF,0xFF,0xFF,0xFF,0xFF,0xFF,0xFF,0xFF,0xFF,0xFF,0xFF,0xFF,
    0xFF,0xFF,0xFF,0xFF,0xFF,0xFF,0xFF,0xFF,0xFF,0xFF,0xFF,0xFF,0xFF,0xFF,0xFF,0xFF,
    0xFF,0xFF,0xFF,0xFF,0xFF,0xFF,0xFF,0xFF,0xFF,0xFF,0xFF,0xFF,0xFF,0xFF,0xFF,0xFF,
    0xFF,0xFF,0xFF,0xFF,0xFF,0xFF,0xFF,0xFF,0xFF,0xFF,0xFF,0xFF,0xFF,0xFF,0xFF,0xFF,
    0xFF,0xFF,0xFF,0xFF,0xFF,0xFF,0xFF,0xFF,0xFF,0xFF,0xFF,0xFF,0xFF,0xFF,0xFF,0xFF,
    0xFF,0xFF,0xFF,0xFF,0xFF,0xFF,0xFF,0xFF,0xFF,0xFF,0xFF,0xFF,0xFF,0xFF,0xFF,0xFF,
    0x9F,0xF7,0x5F,0xEF,0x7F,0xEF,0x1D,0xC6,0x79,0x42,0x99,0x4A,0xB9,0x4A,0xB9,0x4A,
    0xB9,0x4A,0xB9,0x4A,0x99,0x4A,0x59,0x42,0x59,0x42,0xD9,0x31,0xDB,0x73,0xDF,0xFF,
    0xFF,0xFF,0xFF,0xFF,0xFF,0xFF,0xFF,0xFF,0xFF,0xFF,0x5F,0xEF,0x3A,0x5B,0xF9,0x31,
    0x59,0x42,0x59,0x42,0x99,0x4A,0xB9,0x4A,0xB9,0x4A,0xB9,0x4A,0xB9,0x4A,0x79,0x42,
    0xFA,0x52,0xBE,0xD6,0x9F,0xEF,0x5F,0xEF,0x9F,0xF7,0xFF,0xFF,0xFF,0xFF,0xFF,0xFF,
    0xFF,0xFF,0xFF,0xFF,0xFF,0xFF,0xFF,0xFF,0xFF,0xFF,0xFF,0xFF,0xFF,0xFF,0xFF,0xFF,
    0xFF,0xFF,0xFF,0xFF,0xFF,0xFF,0xFF,0xFF,0xFF,0xFF,0xFF,0xFF,0xFF,0xFF,0xFF,0xFF,
    0xFF,0xFF,0xFF,0xFF,0xFF,0xFF,0xFF,0xFF,0xFF,0xFF,0xFF,0xFF,0xFF,0xFF,0xFF,0xFF,
    0xFF,0xFF,0xFF,0xFF,0xFF,0xFF,0xFF,0xFF,0xFF,0xFF,0xFF,0xFF,0xFF,0xFF,0xFF,0xFF,
    0xFF,0xFF,0xFF,0xFF,0xFF,0xFF,0xFF,0xFF,0xFF,0xFF,0xFF,0xFF,0xFF,0xFF,0xFF,0xFF,
    0xFF,0xFF,0xFF,0xFF,0xFF,0xFF,0xFF,0xFF,0xFF,0xFF,0xFF,0xFF,0xFF,0xFF,0xFF,0xFF,
    0xFF,0xFF,0xFF,0xFF,0xFF,0xFF,0xFF,0xFF,0xFF,0xFF,0xFF,0xFF,0xFF,0xFF,0xFF,0xFF,
    0xFF,0xFF,0xFF,0xFF,0xFF,0xFF,0xFF,0xFF,0xFF,0xFF,0xFF,0xFF,0xFF,0xFF,0xFF,0xFF,
    0xFF,0xFF,0xFF,0xFF,0xFF,0xFF,0xFF,0xFF,0xFF,0xFF,0xFF,0xFF,0xFF,0xFF,0xFF,0xFF,
    0xFF,0xFF,0xFF,0xFF,0xFF,0xFF,0xFF,0xFF,0xFF,0xFF,0xFF,0xFF,0xFF,0xFF,0xFF,0xFF,
    0xFF,0xFF,0xFF,0xFF,0xFF,0xFF,0xFF,0xFF,0xFF,0xFF,0xFF,0xFF,0xFF,0xFF,0xFF,0xFF,
    0xFF,0xFF,0xFF,0xFF,0xFF,0xFF,0xFF,0xFF,0xFF,0xFF,0xFF,0xFF,0xFF,0xFF,0xFF,0xFF,
    0xFF,0xFF,0xFF,0xFF,0xFF,0xFF,0xFF,0xFF,0xFF,0xFF,0xFF,0xFF,0xFF,0xFF,0xFF,0xFF,
    0xFF,0xFF,0xFF,0xFF,0xFF,0xFF,0xFF,0xFF,0x00,0x00,0xFF,0xFF,0x00,0x00,0x00,0x00,
    0x00,0x00,0x00,0x00,0xFF,0xFF,0x00,0x00,0x55,0xAD,0xFF,0xFF,0xFF,0xFF,0xFF,0xFF,
    0xFF,0xFF,0xFF,0xFF,0xFF,0xFF,0xFF,0xFF,0xFF,0xFF,0xFF,0xFF,0xFF,0xFF,0xFF,0xFF,
    0xFF,0xFF,0xFF,0xFF,0xFF,0xFF,0xFF,0xFF,0xFF,0xFF,0xFF,0xFF,0xFF,0xFF,0xFF,0xFF,
    0xFF,0xFF,0xFF,0xFF,0xFF,0xFF,0xFF,0xFF,0xFF,0xFF,0xFF,0xFF,0xFF,0xFF,0xFF,0xFF,
    0xFF,0xFF,0xFF,0xFF,0xFF,0xFF,0xFF,0xFF,0xFF,0xFF,0xFF,0xFF,0xFF,0xFF,0xFF,0xFF,
    0xFF,0xFF,0xFF,0xFF,0xFF,0xFF,0xFF,0xFF,0xFF,0xFF,0xFF,0xFF,0xFF,0xFF,0xFF,0xFF,
    0xFF,0xFF,0xFF,0xFF,0xFF,0xFF,0xFF,0xFF,0xFF,0xFF,0xFF,0xFF,0xFF,0xFF,0xFF,0xFF,
    0xFF,0xFF,0xFF,0xFF,0xFF,0xFF,0xFF,0xFF,0xFF,0xFF,0xFF,0xFF,0xFF,0xFF,0xFF,0xFF,
    0xFF,0xFF,0xFF,0xFF,0xFF,0xFF,0xFF,0xFF,0xFF,0xFF,0xFF,0xFF,0xFF,0xFF,0xFF,0xFF,
    0xFF,0xFF,0xFF,0xFF,0xFF,0xFF,0xFF,0xFF,0xFF,0xFF,0xFF,0xFF,0xFF,0xFF,0xFF,0xFF,
    0xFF,0xFF,0xFF,0xFF,0xFF,0xFF,0xFF,0xFF,0xFF,0xFF,0xFF,0xFF,0xFF,0xFF,0xFF,0xFF,
    0xFF,0xFF,0xFF,0xFF,0xFF,0xFF,0xFF,0xFF,0xFF,0xFF,0xFF,0xFF,0xFF,0xFF,0xFF,0xFF,
    0xFF,0xFF,0xFF,0xFF,0xFF,0xFF,0xFF,0xFF,0xFF,0xFF,0xFF,0xFF,0xFF,0xFF,0xFF,0xFF,
    0xFF,0xFF,0xFF,0xFF,0xFF,0xFF,0xFF,0xFF,0xFF,0xFF,0xFF,0xFF,0xFF,0xFF,0xFF,0xFF,
    0xFF,0xFF,0xFF,0xFF,0xFF,0xFF,0xFF,0xFF,0xFF,0xFF,0x9F,0xF7,0x1B,0x7C,0x1A,0x5B,
    0x1A,0x5B,0x5B,0x84,0xFE,0xDE,0xFE,0xDE,0xFE,0xDE,0xFE,0xDE,0xFE,0xDE,0x1E,0xDF,
    0x7E,0xCE,0x1A,0x5B,0x39,0x3A,0xF9,0x31,0xDB,0x73,0xDF,0xFF,0xFF,0xFF,0xFF,0xFF,
    0xFF,0xFF,0xFF,0xFF,0xFF,0xFF,0x5F,0xEF,0x3A,0x5B,0x19,0x32,0x19,0x32,0xBA,0x6B,
    0xBE,0xD6,0xFE,0xDE,0xFE,0xDE,0xFE,0xDE,0xFE,0xDE,0xFE,0xDE,0x9E,0xD6,0xDB,0x73,
    0x1A,0x5B,0x1A,0x5B,0xBC,0x94,0xDF,0xFF,0xFF,0xFF,0xFF,0xFF,0xFF,0xFF,0xFF,0xFF,
    0xFF,0xFF,0xFF,0xFF,0xFF,0xFF,0xFF,0xFF,0xFF,0xFF,0xFF,0xFF,0xFF,0xFF,0xFF,0xFF,
    0xFF,0xFF,0xFF,0xFF,0xFF,0xFF,0xFF,0xFF,0xFF,0xFF,0xFF,0xFF,0xFF,0xFF,0xFF,0xFF,
    0xFF,0xFF,0xFF,0xFF,0xFF,0xFF,0xFF,0xFF,0xFF,0xFF,0xFF,0xFF,0xFF,0xFF,0xFF,0xFF,
    0xFF,0xFF,0xFF,0xFF,0xFF,0xFF,0xFF,0xFF,0xFF,0xFF,0xFF,0xFF,0xFF,0xFF,0xFF,0xFF,
    0xFF,0xFF,0xFF,0xFF,0xFF,0xFF,0xFF,0xFF,0xFF,0xFF,0xFF,0xFF,0xFF,0xFF,0xFF,0xFF,
    0xFF,0xFF,0xFF,0xFF,0xFF,0xFF,0xFF,0xFF,0xFF,0xFF,0xFF,0xFF,0xFF,0xFF,0xFF,0xFF,
    0xFF,0xFF,0xFF,0xFF,0xFF,0xFF,0xFF,0xFF,0xFF,0xFF,0xFF,0xFF,0xFF,0xFF,0xFF,0xFF,
    0xFF,0xFF,0xFF,0xFF,0xFF,0xFF,0xFF,0xFF,0xFF,0xFF,0xFF,0xFF,0xFF,0xFF,0xFF,0xFF,
    0xFF,0xFF,0xFF,0xFF,0xFF,0xFF,0xFF,0xFF,0xFF,0xFF,0xFF,0xFF,0xFF,0xFF,0xFF,0xFF,
    0xFF,0xFF,0xFF,0xFF,0xFF,0xFF,0xFF,0xFF,0xFF,0xFF,0xFF,0xFF,0xFF,0xFF,0xFF,0xFF,
    0xFF,0xFF,0xFF,0xFF,0xFF,0xFF,0xFF,0xFF,0xFF,0xFF,0xFF,0xFF,0xFF,0xFF,0xFF,0xFF,
    0xFF,0xFF,0xFF,0xFF,0xFF,0xFF,0xFF,0xFF,0xFF,0xFF,0xFF,0xFF,0xFF,0xFF,0xFF,0xFF,
    0xFF,0xFF,0xFF,0xFF,0xFF,0xFF,0xFF,0xFF,0xFF,0xFF,0xFF,0xFF,0xFF,0xFF,0xFF,0xFF,
    0xFF,0xFF,0xFF,0xFF,0x00,0x00,0xFF,0xFF,0x00,0x00,0x00,0x00,0x00,0x00,0x00,0x00,
    0xFF,0xFF,0x00,0x00,0x55,0xAD,0xFF,0xFF,0xFF,0xFF,0xFF,0xFF,0xFF,0xFF,0xFF,0xFF,
    0xFF,0xFF,0xFF,0xFF,0xFF,0xFF,0xFF,0xFF,0xFF,0xFF,0xFF,0xFF,0xFF,0xFF,0xFF,0xFF,
    0xFF,0xFF,0xFF,0xFF,0xFF,0xFF,0xFF,0xFF,0xFF,0xFF,0xFF,0xFF,0xFF,0xFF,0xFF,0xFF,
    0xFF,0xFF,0xFF,0xFF,0xFF,0xFF,0xFF,0xFF,0xFF,0xFF,0xFF,0xFF,0xFF,0xFF,0xFF,0xFF,
    0xFF,0xFF,0xFF,0xFF,0xFF,0xFF,0xFF,0xFF,0xFF,0xFF,0xFF,0xFF,0xFF,0xFF,0xFF,0xFF,
    0xFF,0xFF,0xFF,0xFF,0xFF,0xFF,0xFF,0xFF,0xFF,0xFF,0xFF,0xFF,0xFF,0xFF,0xFF,0xFF,
    0xFF,0xFF,0xFF,0xFF,0xFF,0xFF,0xFF,0xFF,0xFF,0xFF,0xFF,0xFF,0xFF,0xFF,0xFF,0xFF,
    0xFF,0xFF,0xFF,0xFF,0xFF,0xFF,0xFF,0xFF,0xFF,0xFF,0xFF,0xFF,0xFF,0xFF,0xFF,0xFF,
    0xFF,0xFF,0xFF,0xFF,0xFF,0xFF,0xFF,0xFF,0xFF,0xFF,0xFF,0xFF,0xFF,0xFF,0xFF,0xFF,
    0xFF,0xFF,0xFF,0xFF,0xFF,0xFF,0xFF,0xFF,0xFF,0xFF,0xFF,0xFF,0xFF,0xFF,0xFF,0xFF,
    0xFF,0xFF,0xFF,0xFF,0xFF,0xFF,0xFF,0xFF,0xFF,0xFF,0xFF,0xFF,0xFF,0xFF,0xFF,0xFF,
    0xFF,0xFF,0xFF,0xFF,0xFF,0xFF,0xFF,0xFF,0xFF,0xFF,0xFF,0xFF,0xFF,0xFF,0xFF,0xFF,
    0xFF,0xFF,0xFF,0xFF,0xFF,0xFF,0xFF,0xFF,0xFF,0xFF,0xFF,0xFF,0xFF,0xFF,0xFF,0xFF,
    0xFF,0xFF,0xFF,0xFF,0xFF,0xFF,0xFF,0xFF,0xFF,0xFF,0xFF,0xFF,0xFF,0xFF,0xFF,0xFF,
    0xFF,0xFF,0xFF,0xFF,0xFF,0xFF,0x5F,0xEF,0x1A,0x5B,0xF9,0x31,0xD8,0x29,0xDB,0x73,
    0xFF,0xFF,0xFF,0xFF,0xFF,0xFF,0xFF,0xFF,0xFF,0xFF,0xFF,0xFF,0x7F,0xEF,0x7A,0x63,
    0x39,0x3A,0xF9,0x31,0xDB,0x73,0xBF,0xF7,0xFF,0xFF,0xFF,0xFF,0xFF,0xFF,0xFF,0xFF,
    0xFF,0xFF,0x3F,0xE7,0x3A,0x5B,0x19,0x3A,0x19,0x3A,0x1B,0x7C,0xFF,0xFF,0xFF,0xFF,
    0xFF,0xFF,0xFF,0xFF,0xFF,0xFF,0xFF,0xFF,0x9F,0xF7,0xFA,0x52,0xD8,0x31,0xD9,0x31,
    0xDB,0x73,0xBF,0xF7,0xFF,0xFF,0xFF,0xFF,0xFF,0xFF,0xFF,0xFF,0xFF,0xFF,0xFF,0xFF,
    0xFF,0xFF,0xFF,0xFF,0xFF,0xFF,0xFF,0xFF,0xFF,0xFF,0xFF,0xFF,0xFF,0xFF,0xFF,0xFF,
    0xFF,0xFF,0xFF,0xFF,0xFF,0xFF,0xFF,0xFF,0xFF,0xFF,0xFF,0xFF,0xFF,0xFF,0xFF,0xFF,
    0xFF,0xFF,0xFF,0xFF,0xFF,0xFF,0xFF,0xFF,0xFF,0xFF,0xFF,0xFF,0xFF,0xFF,0xFF,0xFF,
    0xFF,0xFF,0xFF,0xFF,0xFF,0xFF,0xFF,0xFF,0xFF,0xFF,0xFF,0xFF,0xFF,0xFF,0xFF,0xFF,
    0xFF,0xFF,0xFF,0xFF,0xFF,0xFF,0xFF,0xFF,0xFF,0xFF,0xFF,0xFF,0xFF,0xFF,0xFF,0xFF,
    0xFF,0xFF,0xFF,0xFF,0xFF,0xFF,0xFF,0xFF,0xFF,0xFF,0xFF,0xFF,0xFF,0xFF,0xFF,0xFF,
    0xFF,0xFF,0xFF,0xFF,0xFF,0xFF,0xFF,0xFF,0xFF,0xFF,0xFF,0xFF,0xFF,0xFF,0xFF,0xFF,
    0xFF,0xFF,0xFF,0xFF,0xFF,0xFF,0xFF,0xFF,0xFF,0xFF,0xFF,0xFF,0xFF,0xFF,0xFF,0xFF,
    0xFF,0xFF,0xFF,0xFF,0xFF,0xFF,0xFF,0xFF,0xFF,0xFF,0xFF,0xFF,0xFF,0xFF,0xFF,0xFF,
    0xFF,0xFF,0xFF,0xFF,0xFF,0xFF,0xFF,0xFF,0xFF,0xFF,0xFF,0xFF,0xFF,0xFF,0xFF,0xFF,
    0xFF,0xFF,0xFF,0xFF,0xFF,0xFF,0xFF,0xFF,0xFF,0xFF,0xFF,0xFF,0xFF,0xFF,0xFF,0xFF,
    0xFF,0xFF,0xFF,0xFF,0xFF,0xFF,0xFF,0xFF,0xFF,0xFF,0xFF,0xFF,0xFF,0xFF,0xFF,0xFF,
    0xFF,0xFF,0xFF,0xFF,0xFF,0xFF,0xFF,0xFF,0xFF,0xFF,0xFF,0xFF,0xFF,0xFF,0xFF,0xFF,
    0x00,0x00,0xFF,0xFF,0x00,0x00,0x00,0x00,0x00,0x00,0x00,0x00,0xFF,0xFF,0x00,0x00,
    0x55,0xAD,0xFF,0xFF,0xFF,0xFF,0xFF,0xFF,0xFF,0xFF,0xFF,0xFF,0xFF,0xFF,0xFF,0xFF,
    0xFF,0xFF,0xFF,0xFF,0xFF,0xFF,0xFF,0xFF,0xFF,0xFF,0xFF,0xFF,0xFF,0xFF,0xFF,0xFF,
    0xFF,0xFF,0xFF,0xFF,0xFF,0xFF,0xFF,0xFF,0xFF,0xFF,0xFF,0xFF,0xFF,0xFF,0xFF,0xFF,
    0xFF,0xFF,0xFF,0xFF,0xFF,0xFF,0xFF,0xFF,0xFF,0xFF,0xFF,0xFF,0xFF,0xFF,0xFF,0xFF,
    0xFF,0xFF,0xFF,0xFF,0xFF,0xFF,0xFF,0xFF,0xFF,0xFF,0xFF,0xFF,0xFF,0xFF,0xFF,0xFF,
    0xFF,0xFF,0xFF,0xFF,0xFF,0xFF,0xFF,0xFF,0xFF,0xFF,0xFF,0xFF,0xFF,0xFF,0xFF,0xFF,
    0xFF,0xFF,0xFF,0xFF,0xFF,0xFF,0xFF,0xFF,0xFF,0xFF,0xFF,0xFF,0xFF,0xFF,0xFF,0xFF,
    0xFF,0xFF,0xFF,0xFF,0xFF,0xFF,0xFF,0xFF,0xFF,0xFF,0xFF,0xFF,0xFF,0xFF,0xFF,0xFF,
    0xFF,0xFF,0xFF,0xFF,0xFF,0xFF,0xFF,0xFF,0xFF,0xFF,0xFF,0xFF,0xFF,0xFF,0xFF,0xFF,
    0xFF,0xFF,0xFF,0xFF,0xFF,0xFF,0xFF,0xFF,0xFF,0xFF,0xFF,0xFF,0xFF,0xFF,0xFF,0xFF,
    0xFF,0xFF,0xFF,0xFF,0xFF,0xFF,0xFF,0xFF,0xFF,0xFF,0xFF,0xFF,0xFF,0xFF,0xFF,0xFF,
    0xFF,0xFF,0xFF,0xFF,0xFF,0xFF,0xFF,0xFF,0xFF,0xFF,0xFF,0xFF,0xFF,0xFF,0xFF,0xFF,
    0xFF,0xFF,0xFF,0xFF,0xFF,0xFF,0xFF,0xFF,0xFF,0xFF,0xFF,0xFF,0xFF,0xFF,0xFF,0xFF,
    0xFF,0xFF,0xFF,0xFF,0xFF,0xFF,0xFF,0xFF,0xFF,0xFF,0xFF,0xFF,0xFF,0xFF,0xFF,0xFF,
    0xFF,0xFF,0xBF,0xF7,0x1A,0x5B,0xD8,0x29,0xB8,0x29,0xBB,0x73,0xFF,0xFF,0xFF,0xFF,
    0xFF,0xFF,0xFF,0xFF,0xFF,0xFF,0xFF,0xFF,0x3F,0xE7,0xFA,0x5A,0xB8,0x29,0x98,0x21,
    0xBB,0x6B,0xFF,0xFF,0xFF,0xFF,0xFF,0xFF,0xFF,0xFF,0xFF,0xFF,0xFF,0xFF,0x9F,0xF7,
    0xFA,0x52,0xB8,0x29,0x98,0x29,0xBB,0x6B,0xBF,0xF7,0xFF,0xFF,0xFF,0xFF,0xFF,0xFF,
    0xFF,0xFF,0xFF,0xFF,0xBF,0xF7,0xDA,0x52,0xB8,0x29,0xB8,0x29,0xDB,0x73,0xFF,0xFF,
    0xFF,0xFF,0xFF,0xFF,0xFF,0xFF,0xFF,0xFF,0xFF,0xFF,0xFF,0xFF,0xFF,0xFF,0xFF,0xFF,
    0xFF,0xFF,0xFF,0xFF,0xFF,0xFF,0xFF,0xFF,0xFF,0xFF,0xFF,0xFF,0xFF,0xFF,0xFF,0xFF,
    0xFF,0xFF,0xFF,0xFF,0xFF,0xFF,0xFF,0xFF,0xFF,0xFF,0xFF,0xFF,0xFF,0xFF,0xFF,0xFF,
    0xFF,0xFF,0xFF,0xFF,0xFF,0xFF,0xFF,0xFF,0xFF,0xFF,0xFF,0xFF,0xFF,0xFF,0xFF,0xFF,
    0xFF,0xFF,0xFF,0xFF,0xFF,0xFF,0xFF,0xFF,0xFF,0xFF,0xFF,0xFF,0xFF,0xFF,0xFF,0xFF,
    0xFF,0xFF,0xFF,0xFF,0xFF,0xFF,0xFF,0xFF,0xFF,0xFF,0xFF,0xFF,0xFF,0xFF,0xFF,0xFF,
    0xFF,0xFF,0xFF,0xFF,0xFF,0xFF,0xFF,0xFF,0xFF,0xFF,0xFF,0xFF,0xFF,0xFF,0xFF,0xFF,
    0xFF,0xFF,0xFF,0xFF,0xFF,0xFF,0xFF,0xFF,0xFF,0xFF,0xFF,0xFF,0xFF,0xFF,0xFF,0xFF,
    0xFF,0xFF,0xFF,0xFF,0xFF,0xFF,0xFF,0xFF,0xFF,0xFF,0xFF,0xFF,0xFF,0xFF,0xFF,0xFF,
    0xFF,0xFF,0xFF,0xFF,0xFF,0xFF,0xFF,0xFF,0xFF,0xFF,0xFF,0xFF,0xFF,0xFF,0xFF,0xFF,
    0xFF,0xFF,0xFF,0xFF,0xFF,0xFF,0xFF,0xFF,0xFF,0xFF,0xFF,0xFF,0xFF,0xFF,0xFF,0xFF,
    0xFF,0xFF,0xFF,0xFF,0xFF,0xFF,0xFF,0xFF,0xFF,0xFF,0xFF,0xFF,0xFF,0xFF,0xFF,0xFF,
    0xFF,0xFF,0xFF,0xFF,0xFF,0xFF,0xFF,0xFF,0xFF,0xFF,0xFF,0xFF,0xFF,0xFF,0xFF,0xFF,
    0xFF,0xFF,0xFF,0xFF,0xFF,0xFF,0xFF,0xFF,0xFF,0xFF,0xFF,0xFF,0x00,0x00,0xFF,0xFF,
    0x00,0x00,0x00,0x00,0x00,0x00,0x00,0x00,0xFF,0xFF,0x00,0x00,0x55,0xAD,0xFF,0xFF,
    0xFF,0xFF,0xFF,0xFF,0xFF,0xFF,0xFF,0xFF,0xFF,0xFF,0xFF,0xFF,0xFF,0xFF,0xFF,0xFF,
    0xFF,0xFF,0xFF,0xFF,0xFF,0xFF,0xFF,0xFF,0xFF,0xFF,0xFF,0xFF,0xFF,0xFF,0xFF,0xFF,
    0xFF,0xFF,0xFF,0xFF,0xFF,0xFF,0xFF,0xFF,0xFF,0xFF,0xFF,0xFF,0xFF,0xFF,0xFF,0xFF,
    0xFF,0xFF,0xFF,0xFF,0xFF,0xFF,0xFF,0xFF,0xFF,0xFF,0xFF,0xFF,0xFF,0xFF,0xFF,0xFF,
    0xFF,0xFF,0xFF,0xFF,0xFF,0xFF,0xFF,0xFF,0xFF,0xFF,0xFF,0xFF,0xFF,0xFF,0xFF,0xFF,
    0xFF,0xFF,0xFF,0xFF,0xFF,0xFF,0xFF,0xFF,0xFF,0xFF,0xFF,0xFF,0xFF,0xFF,0xFF,0xFF,
    0xFF,0xFF,0xFF,0xFF,0xFF,0xFF,0xFF,0xFF,0xFF,0xFF,0xFF,0xFF,0xFF,0xFF,0xFF,0xFF,
    0xFF,0xFF,0xFF,0xFF,0xFF,0xFF,0xFF,0xFF,0xFF,0xFF,0xFF,0xFF,0xFF,0xFF,0xFF,0xFF,
    0xFF,0xFF,0xFF,0xFF,0xFF,0xFF,0xFF,0xFF,0xFF,0xFF,0xFF,0xFF,0xFF,0xFF,0xFF,0xFF,
    0xFF,0xFF,0xFF,0xFF,0xFF,0xFF,0xFF,0xFF,0xFF,0xFF,0xFF,0xFF,0xFF,0xFF,0xFF,0xFF,
    0xFF,0xFF,0xFF,0xFF,0xFF,0xFF,0xFF,0xFF,0xFF,0xFF,0xFF,0xFF,0xFF,0xFF,0xFF,0xFF,
    0xFF,0xFF,0xFF,0xFF,0xFF,0xFF,0xFF,0xFF,0xFF,0xFF,0xFF,0xFF,0xFF,0xFF,0xFF,0xFF,
    0xFF,0xFF,0xFF,0xFF,0xFF,0xFF,0xFF,0xFF,0xFF,0xFF,0xFF,0xFF,0xFF,0xFF,0xFF,0xFF,
    0xFF,0xFF,0xFF,0xFF,0xFF,0xFF,0xFF,0xFF,0x1E,0xDF,0x3E,0xC6,0x5E,0xCE,0x1D,0xBE,
    0x3B,0x84,0xDB,0x73,0xBB,0x73,0x9C,0x8C,0x5D,0xC6,0x5E,0xC6,0x5E,0xC6,0x5F,0xE7,
    0xFF,0xFF,0xFF,0xFF,0x7F,0xEF,0x9C,0x8C,0xBB,0x73,0xBB,0x6B,0x9C,0x8C,0x3D,0xC6,
    0x5E,0xC6,0x5E,0xC6,0x5E,0xC6,0x5E,0xC6,0x5E,0xC6,0xFD,0xBD,0x3B,0x84,0xDB,0x73,
    0xBB,0x6B,0x1C,0x9D,0xDF,0xFF,0xFF,0xFF,0xFF,0xFF,0x1E,0xDF,0x3E,0xC6,0x5E,0xC6,
    0x1D,0xBE,0x3B,0x84,0xBB,0x73,0xBB,0x73,0x9C,0x8C,0x3D,0xC6,0x5E,0xC6,0x5E,0xC6,
    0x5F,0xE7,0xFF,0xFF,0xFF,0xFF,0xFF,0xFF,0xFF,0xFF,0xFF,0xFF,0xFF,0xFF,0xFF,0xFF,
    0xFF,0xFF,0xFF,0xFF,0xFF,0xFF,0xFF,0xFF,0xFF,0xFF,0xFF,0xFF,0xFF,0xFF,0xFF,0xFF,
    0xFF,0xFF,0xFF,0xFF,0xFF,0xFF,0xFF,0xFF,0xFF,0xFF,0xFF,0xFF,0xFF,0xFF,0xFF,0xFF,
    0xFF,0xFF,0xFF,0xFF,0xFF,0xFF,0xFF,0xFF,0xFF,0xFF,0xFF,0xFF,0xFF,0xFF,0xFF,0xFF,
    0xFF,0xFF,0xFF,0xFF,0xFF,0xFF,0xFF,0xFF,0xFF,0xFF,0xFF,0xFF,0xFF,0xFF,0xFF,0xFF,
    0xFF,0xFF,0xFF,0xFF,0xFF,0xFF,0xFF,0xFF,0xFF,0xFF,0xFF,0xFF,0xFF,0xFF,0xFF,0xFF,
    0xFF,0xFF,0xFF,0xFF,0xFF,0xFF,0xFF,0xFF,0xFF,0xFF,0xFF,0xFF,0xFF,0xFF,0xFF,0xFF,
    0xFF,0xFF,0xFF,0xFF,0xFF,0xFF,0xFF,0xFF,0xFF,0xFF,0xFF,0xFF,0xFF,0xFF,0xFF,0xFF,
    0xFF,0xFF,0xFF,0xFF,0xFF,0xFF,0xFF,0xFF,0xFF,0xFF,0xFF,0xFF,0xFF,0xFF,0xFF,0xFF,
    0xFF,0xFF,0xFF,0xFF,0xFF,0xFF,0xFF,0xFF,0xFF,0xFF,0xFF,0xFF,0xFF,0xFF,0xFF,0xFF,
    0xFF,0xFF,0xFF,0xFF,0xFF,0xFF,0xFF,0xFF,0xFF,0xFF,0xFF,0xFF,0xFF,0xFF,0xFF,0xFF,
    0xFF,0xFF,0xFF,0xFF,0xFF,0xFF,0xFF,0xFF,0xFF,0xFF,0xFF,0xFF,0xFF,0xFF,0xFF,0xFF,
    0xFF,0xFF,0xFF,0xFF,0xFF,0xFF,0xFF,0xFF,0xFF,0xFF,0xFF,0xFF,0xFF,0xFF,0xFF,0xFF,
    0xFF,0xFF,0xFF,0xFF,0xFF,0xFF,0xFF,0xFF,0x00,0x00,0xFF,0xFF,0x00,0x00,0x00,0x00,
    0x00,0x00,0x00,0x00,0xFF,0xFF,0x00,0x00,0x55,0xAD,0xFF,0xFF,0xFF,0xFF,0xFF,0xFF,
    0xFF,0xFF,0xFF,0xFF,0xFF,0xFF,0xFF,0xFF,0xFF,0xFF,0xFF,0xFF,0xFF,0xFF,0xFF,0xFF,
    0xFF,0xFF,0xFF,0xFF,0xFF,0xFF,0xFF,0xFF,0xFF,0xFF,0xFF,0xFF,0xFF,0xFF,0xFF,0xFF,
    0xFF,0xFF,0xFF,0xFF,0xFF,0xFF,0xFF,0xFF,0xFF,0xFF,0xFF,0xFF,0xFF,0xFF,0xFF,0xFF,
    0xFF,0xFF,0xFF,0xFF,0xFF,0xFF,0xFF,0xFF,0xFF,0xFF,0xFF,0xFF,0xFF,0xFF,0xFF,0xFF,
    0xFF,0xFF,0xFF,0xFF,0xFF,0xFF,0xFF,0xFF,0xFF,0xFF,0xFF,0xFF,0xFF,0xFF,0xFF,0xFF,
    0xFF,0xFF,0xFF,0xFF,0xFF,0xFF,0xFF,0xFF,0xFF,0xFF,0xFF,0xFF,0xFF,0xFF,0xFF,0xFF,
    0xFF,0xFF,0xFF,0xFF,0xFF,0xFF,0xFF,0xFF,0xFF,0xFF,0xFF,0xFF,0xFF,0xFF,0xFF,0xFF,
    0xFF,0xFF,0xFF,0xFF,0xFF,0xFF,0xFF,0xFF,0xFF,0xFF,0xFF,0xFF,0xFF,0xFF,0xFF,0xFF,
    0xFF,0xFF,0xFF,0xFF,0xFF,0xFF,0xFF,0xFF,0xFF,0xFF,0xFF,0xFF,0xFF,0xFF,0xFF,0xFF,
    0xFF,0xFF,0xFF,0xFF,0xFF,0xFF,0xFF,0xFF,0xFF,0xFF,0xFF,0xFF,0xFF,0xFF,0xFF,0xFF,
    0xFF,0xFF,0xFF,0xFF,0xFF,0xFF,0xFF,0xFF,0xFF,0xFF,0xFF,0xFF,0xFF,0xFF,0xFF,0xFF,
    0xFF,0xFF,0xFF,0xFF,0xFF,0xFF,0xFF,0xFF,0xFF,0xFF,0xFF,0xFF,0xFF,0xFF,0xFF,0xFF,
    0xFF,0xFF,0xFF,0xFF,0xFF,0xFF,0xFF,0xFF,0xFF,0xFF,0xFF,0xFF,0xFF,0xFF,0xFF,0xFF,
    0xFF,0xFF,0xFF,0xFF,0xBC,0x8C,0xF9,0x31,0x19,0x32,0x79,0x42,0xBE,0xD6,0xFF,0xFF,
    0xFF,0xFF,0x5D,0xC6,0x19,0x32,0x39,0x3A,0x19,0x3A,0x7D,0xA5,0xFF,0xFF,0xFF,0xFF,
    0xFF,0xFF,0xDF,0xFF,0xDF,0xFF,0xFF,0xFF,0x5E,0xCE,0x39,0x3A,0x19,0x3A,0x39,0x3A,
    0x39,0x3A,0x39,0x3A,0xF9,0x31,0xB9,0x4A,0xDE,0xDE,0xFF,0xFF,0xDF,0xFF,0xDF,0xFF,
    0xFF,0xFF,0xFF,0xFF,0xFF,0xFF,0x9C,0x8C,0xF9,0x31,0x19,0x3A,0x99,0x4A,0x1E,0xDF,
    0xFF,0xFF,0xFF,0xFF,0x1D,0xC6,0x39,0x3A,0x19,0x3A,0x19,0x32,0x7C,0xAD,0xFF,0xFF,
    0xFF,0xFF,0xFF,0xFF,0xFF,0xFF,0xFF,0xFF,0xFF,0xFF,0xFF,0xFF,0xFF,0xFF,0xFF,0xFF,
    0xFF,0xFF,0xFF,0xFF,0xFF,0xFF,0xFF,0xFF,0xFF,0xFF,0xFF,0xFF,0xFF,0xFF,0xFF,0xFF,
    0xFF,0xFF,0xFF,0xFF,0xFF,0xFF,0xFF,0xFF,0xFF,0xFF,0xFF,0xFF,0xFF,0xFF,0xFF,0xFF,
    0xFF,0xFF,0xFF,0xFF,0xFF,0xFF,0xFF,0xFF,0xFF,0xFF,0xFF,0xFF,0xFF,0xFF,0xFF,0xFF,
    0xFF,0xFF,0xFF,0xFF,0xFF,0xFF,0xFF,0xFF,0xFF,0xFF,0xFF,0xFF,0xFF,0xFF,0xFF,0xFF,
    0xFF,0xFF,0xFF,0xFF,0xFF,0xFF,0xFF,0xFF,0xFF,0xFF,0xFF,0xFF,0xFF,0xFF,0xFF,0xFF,
    0xFF,0xFF,0xFF,0xFF,0xFF,0xFF,0xFF,0xFF,0xFF,0xFF,0xFF,0xFF,0xFF,0xFF,0xFF,0xFF,
    0xFF,0xFF,0xFF,0xFF,0xFF,0xFF,0xFF,0xFF,0xFF,0xFF,0xFF,0xFF,0xFF,0xFF,0xFF,0xFF,
    0xFF,0xFF,0xFF,0xFF,0xFF,0xFF,0xFF,0xFF,0xFF,0xFF,0xFF,0xFF,0xFF,0xFF,0xFF,0xFF,
    0xFF,0xFF,0xFF,0xFF,0xFF,0xFF,0xFF,0xFF,0xFF,0xFF,0xFF,0xFF,0xFF,0xFF,0xFF,0xFF,
    0xFF,0xFF,0xFF,0xFF,0xFF,0xFF,0xFF,0xFF,0xFF,0xFF,0xFF,0xFF,0xFF,0xFF,0xFF,0xFF,
    0xFF,0xFF,0xFF,0xFF,0xFF,0xFF,0xFF,0xFF,0xFF,0xFF,0xFF,0xFF,0xFF,0xFF,0xFF,0xFF,
    0xFF,0xFF,0xFF,0xFF,0xFF,0xFF,0xFF,0xFF,0xFF,0xFF,0xFF,0xFF,0xFF,0xFF,0xFF,0xFF,
    0xFF,0xFF,0xFF,0xFF,0x00,0x00,0xFF,0xFF,0x00,0x00,0x00,0x00,0x00,0x00,0x00,0x00,
    0xFF,0xFF,0x00,0x00,0x55,0xAD,0xFF,0xFF,0xFF,0xFF,0xFF,0xFF,0xFF,0xFF,0xFF,0xFF,
    0xFF,0xFF,0xFF,0xFF,0xFF,0xFF,0xFF,0xFF,0xFF,0xFF,0xFF,0xFF,0xFF,0xFF,0xFF,0xFF,
    0xFF,0xFF,0xFF,0xFF,0xFF,0xFF,0xFF,0xFF,0xFF,0xFF,0xFF,0xFF,0xFF,0xFF,0xFF,0xFF,
    0xFF,0xFF,0xFF,0xFF,0xFF,0xFF,0xFF,0xFF,0xFF,0xFF,0xFF,0xFF,0xFF,0xFF,0xFF,0xFF,
    0xFF,0xFF,0xFF,0xFF,0xFF,0xFF,0xFF,0xFF,0xFF,0xFF,0xFF,0xFF,0xFF,0xFF,0xFF,0xFF,
    0xFF,0xFF,0xFF,0xFF,0xFF,0xFF,0xFF,0xFF,0xFF,0xFF,0xFF,0xFF,0xFF,0xFF,0xFF,0xFF,
    0xFF,0xFF,0xFF,0xFF,0xFF,0xFF,0xFF,0xFF,0xFF,0xFF,0xFF,0xFF,0xFF,0xFF,0xFF,0xFF,
    0xFF,0xFF,0xFF,0xFF,0xFF,0xFF,0xFF,0xFF,0xFF,0xFF,0xFF,0xFF,0xFF,0xFF,0xFF,0xFF,
    0xFF,0xFF,0xFF,0xFF,0xFF,0xFF,0xFF,0xFF,0xFF,0xFF,0xFF,0xFF,0xFF,0xFF,0xFF,0xFF,
    0xFF,0xFF,0xFF,0xFF,0xFF,0xFF,0xFF,0xFF,0xFF,0xFF,0xFF,0xFF,0xFF,0xFF,0xFF,0xFF,
    0xFF,0xFF,0xFF,0xFF,0xFF,0xFF,0xFF,0xFF,0xFF,0xFF,0xFF,0xFF,0xFF,0xFF,0xFF,0xFF,
    0xFF,0xFF,0xFF,0xFF,0xFF,0xFF,0xFF,0xFF,0xFF,0xFF,0xFF,0xFF,0xFF,0xFF,0xFF,0xFF,
    0xFF,0xFF,0xFF,0xFF,0xFF,0xFF,0xFF,0xFF,0xFF,0xFF,0xFF,0xFF,0xFF,0xFF,0xFF,0xFF,
    0xFF,0xFF,0xFF,0xFF,0xFF,0xFF,0xFF,0xFF,0xFF,0xFF,0xFF,0xFF,0xFF,0xFF,0xFF,0xFF,
    0xBC,0x94,0xF9,0x31,0x19,0x3A,0x99,0x42,0xDE,0xD6,0xFF,0xFF,0xFF,0xFF,0x5E,0xC6,
    0x19,0x3A,0x39,0x3A,0x19,0x3A,0x7D,0xAD,0xFF,0xFF,0xFF,0xFF,0xFF,0xFF,0xFF,0xFF,
    0xFF,0xFF,0xFF,0xFF,0x7E,0xCE,0x39,0x3A,0x19,0x3A,0x39,0x3A,0x39,0x3A,0x59,0x3A,
    0x19,0x32,0xBA,0x4A,0xFE,0xDE,0xFF,0xFF,0xFF,0xFF,0xFF,0xFF,0xFF,0xFF,0xFF,0xFF,
    0xFF,0xFF,0x9C,0x8C,0xF9,0x31,0x19,0x3A,0x99,0x4A,0x3E,0xE7,0xFF,0xFF,0xFF,0xFF,
    0x3D,0xC6,0x39,0x3A,0x19,0x3A,0x19,0x3A,0x7D,0xAD,0xFF,0xFF,0xFF,0xFF,0xFF,0xFF,
    0xFF,0xFF,0xFF,0xFF,0xFF,0xFF,0xFF,0xFF,0xFF,0xFF,0xFF,0xFF,0xFF,0xFF,0xFF,0xFF,
    0xFF,0xFF,0xFF,0xFF,0xFF,0xFF,0xFF,0xFF,0xFF,0xFF,0xFF,0xFF,0xFF,0xFF,0xFF,0xFF,
    0xFF,0xFF,0xFF,0xFF,0xFF,0xFF,0xFF,0xFF,0xFF,0xFF,0xFF,0xFF,0xFF,0xFF,0xFF,0xFF,
    0xFF,0xFF,0xFF,0xFF,0xFF,0xFF,0xFF,0xFF,0xFF,0xFF,0xFF,0xFF,0xFF,0xFF,0xFF,0xFF,
    0xFF,0xFF,0xFF,0xFF,0xFF,0xFF,0xFF,0xFF,0xFF,0xFF,0xFF,0xFF,0xFF,0xFF,0xFF,0xFF,
    0xFF,0xFF,0xFF,0xFF,0xFF,0xFF,0xFF,0xFF,0xFF,0xFF,0xFF,0xFF,0xFF,0xFF,0xFF,0xFF,
    0xFF,0xFF,0xFF,0xFF,0xFF,0xFF,0xFF,0xFF,0xFF,0xFF,0xFF,0xFF,0xFF,0xFF,0xFF,0xFF,
    0xFF,0xFF,0xFF,0xFF,0xFF,0xFF,0xFF,0xFF,0xFF,0xFF,0xFF,0xFF,0xFF,0xFF,0xFF,0xFF,
    0xFF,0xFF,0xFF,0xFF,0xFF,0xFF,0xFF,0xFF,0xFF,0xFF,0xFF,0xFF,0xFF,0xFF,0xFF,0xFF,
    0xFF,0xFF,0xFF,0xFF,0xFF,0xFF,0xFF,0xFF,0xFF,0xFF,0xFF,0xFF,0xFF,0xFF,0xFF,0xFF,
    0xFF,0xFF,0xFF,0xFF,0xFF,0xFF,0xFF,0xFF,0xFF,0xFF,0xFF,0xFF,0xFF,0xFF,0xFF,0xFF,
    0xFF,0xFF,0xFF,0xFF,0xFF,0xFF,0xFF,0xFF,0xFF,0xFF,0xFF,0xFF,0xFF,0xFF,0xFF,0xFF,
    0xFF,0xFF,0xFF,0xFF,0xFF,0xFF,0xFF,0xFF,0xFF,0xFF,0xFF,0xFF,0xFF,0xFF,0xFF,0xFF,
    0x00,0x00,0xFF,0xFF,0x00,0x00,0x00,0x00,0x00,0x00,0x00,0x00,0xFF,0xFF,0x00,0x00,
    0x55,0xAD,0xFF,0xFF,0xFF,0xFF,0xFF,0xFF,0xFF,0xFF,0xFF,0xFF,0xFF,0xFF,0xFF,0xFF,
    0xFF,0xFF,0xFF,0xFF,0xFF,0xFF,0xFF,0xFF,0xFF,0xFF,0xFF,0xFF,0xFF,0xFF,0xFF,0xFF,
    0xFF,0xFF,0xFF,0xFF,0xFF,0xFF,0xFF,0xFF,0xFF,0xFF,0xFF,0xFF,0xFF,0xFF,0xFF,0xFF,
    0xFF,0xFF,0xFF,0xFF,0xFF,0xFF,0xFF,0xFF,0xFF,0xFF,0xFF,0xFF,0xFF,0xFF,0xFF,0xFF,
    0xFF,0xFF,0xFF,0xFF,0xFF,0xFF,0xFF,0xFF,0xFF,0xFF,0xFF,0xFF,0xFF,0xFF,0xFF,0xFF,
    0xFF,0xFF,0xFF,0xFF,0xFF,0xFF,0xFF,0xFF,0xFF,0xFF,0xFF,0xFF,0xFF,0xFF,0xFF,0xFF,
    0xFF,0xFF,0xFF,0xFF,0xFF,0xFF,0xFF,0xFF,0xFF,0xFF,0xFF,0xFF,0xFF,0xFF,0xFF,0xFF,
    0xFF,0xFF,0xFF,0xFF,0xFF,0xFF,0xFF,0xFF,0xFF,0xFF,0xFF,0xFF,0xFF,0xFF,0xFF,0xFF,
    0xFF,0xFF,0xFF,0xFF,0xFF,0xFF,0xFF,0xFF,0xFF,0xFF,0xFF,0xFF,0xFF,0xFF,0xFF,0xFF,
    0xFF,0xFF,0xFF,0xFF,0xFF,0xFF,0xFF,0xFF,0xFF,0xFF,0xFF,0xFF,0xFF,0xFF,0xFF,0xFF,
    0xFF,0xFF,0xFF,0xFF,0xFF,0xFF,0xFF,0xFF,0xFF,0xFF,0xFF,0xFF,0xFF,0xFF,0xFF,0xFF,
    0xFF,0xFF,0xFF,0xFF,0xFF,0xFF,0xFF,0xFF,0xFF,0xFF,0xFF,0xFF,0xFF,0xFF,0xFF,0xFF,
    0xFF,0xFF,0xFF,0xFF,0xFF,0xFF,0xFF,0xFF,0xFF,0xFF,0xFF,0xFF,0xFF,0xFF,0xFF,0xFF,
    0xFF,0xFF,0xFF,0xFF,0xFF,0xFF,0xFF,0xFF,0xFF,0xFF,0xFF,0xFF,0xDC,0x94,0x19,0x3A,
    0x39,0x3A,0x99,0x4A,0xDE,0xD6,0xFF,0xFF,0xFF,0xFF,0x3D,0xC6,0xF9,0x31,0x19,0x3A,
    0x19,0x32,0x7D,0xAD,0xFF,0xFF,0xFF,0xFF,0xFF,0xFF,0xFF,0xFF,0xFF,0xFF,0xFF,0xFF,
    0x7E,0xCE,0x59,0x42,0x39,0x3A,0x59,0x42,0x59,0x42,0x59,0x42,0x19,0x3A,0xDA,0x4A,
    0xFE,0xDE,0xFF,0xFF,0xFF,0xFF,0xFF,0xFF,0xFF,0xFF,0xFF,0xFF,0xFF,0xFF,0x9C,0x8C,
    0xF9,0x31,0xF9,0x31,0x79,0x42,0x1E,0xE7,0xFF,0xFF,0xFF,0xFF,0x3D,0xC6,0x39,0x3A,
    0x39,0x3A,0x39,0x3A,0x7D,0xAD,0xFF,0xFF,0xFF,0xFF,0xFF,0xFF,0xFF,0xFF,0xFF,0xFF,
    0xFF,0xFF,0xFF,0xFF,0xFF,0xFF,0xFF,0xFF,0xFF,0xFF,0xFF,0xFF,0xFF,0xFF,0xFF,0xFF,
    0xFF,0xFF,0xFF,0xFF,0xFF,0xFF,0xFF,0xFF,0xFF,0xFF,0xFF,0xFF,0xFF,0xFF,0xFF,0xFF,
    0xFF,0xFF,0xFF,0xFF,0xFF,0xFF,0xFF,0xFF,0xFF,0xFF,0xFF,0xFF,0xFF,0xFF,0xFF,0xFF,
    0xFF,0xFF,0xFF,0xFF,0xFF,0xFF,0xFF,0xFF,0xFF,0xFF,0xFF,0xFF,0xFF,0xFF,0xFF,0xFF,
    0xFF,0xFF,0xFF,0xFF,0xFF,0xFF,0xFF,0xFF,0xFF,0xFF,0xFF,0xFF,0xFF,0xFF,0xFF,0xFF,
    0xFF,0xFF,0xFF,0xFF,0xFF,0xFF,0xFF,0xFF,0xFF,0xFF,0xFF,0xFF,0xFF,0xFF,0xFF,0xFF,
    0xFF,0xFF,0xFF,0xFF,0xFF,0xFF,0xFF,0xFF,0xFF,0xFF,0xFF,0xFF,0xFF,0xFF,0xFF,0xFF,
    0xFF,0xFF,0xFF,0xFF,0xFF,0xFF,0xFF,0xFF,0xFF,0xFF,0xFF,0xFF,0xFF,0xFF,0xFF,0xFF,
    0xFF,0xFF,0xFF,0xFF,0xFF,0xFF,0xFF,0xFF,0xFF,0xFF,0xFF,0xFF,0xFF,0xFF,0xFF,0xFF,
    0xFF,0xFF,0xFF,0xFF,0xFF,0xFF,0xFF,0xFF,0xFF,0xFF,0xFF,0xFF,0xFF,0xFF,0xFF,0xFF,
    0xFF,0xFF,0xFF,0xFF,0xFF,0xFF,0xFF,0xFF,0xFF,0xFF,0xFF,0xFF,0xFF,0xFF,0xFF,0xFF,
    0xFF,0xFF,0xFF,0xFF,0xFF,0xFF,0xFF,0xFF,0xFF,0xFF,0xFF,0xFF,0xFF,0xFF,0xFF,0xFF,
    0xFF,0xFF,0xFF,0xFF,0xFF,0xFF,0xFF,0xFF,0xFF,0xFF,0xFF,0xFF,0x00,0x00,0xFF,0xFF,
    0x00,0x00,0x00,0x00,0x00,0x00,0x00,0x00,0xFF,0xFF,0x00,0x00,0x55,0xAD,0xFF,0xFF,
    0xFF,0xFF,0xFF,0xFF,0xFF,0xFF,0xFF,0xFF,0xFF,0xFF,0xFF,0xFF,0xFF,0xFF,0xFF,0xFF,
    0xFF,0xFF,0xFF,0xFF,0xFF,0xFF,0xFF,0xFF,0xFF,0xFF,0xFF,0xFF,0xFF,0xFF,0xFF,0xFF,
    0xFF,0xFF,0xFF,0xFF,0xFF,0xFF,0xFF,0xFF,0xFF,0xFF,0xFF,0xFF,0xFF,0xFF,0xFF,0xFF,
    0xFF,0xFF,0xFF,0xFF,0xFF,0xFF,0xFF,0xFF,0xFF,0xFF,0xFF,0xFF,0xFF,0xFF,0xFF,0xFF,
    0xFF,0xFF,0xFF,0xFF,0xFF,0xFF,0xFF,0xFF,0xFF,0xFF,0xFF,0xFF,0xFF,0xFF,0xFF,0xFF,
    0xFF,0xFF,0xFF,0xFF,0xFF,0xFF,0xFF,0xFF,0xFF,0xFF,0xFF,0xFF,0xFF,0xFF,0xFF,0xFF,
    0xFF,0xFF,0xFF,0xFF,0xFF,0xFF,0xFF,0xFF,0xFF,0xFF,0xFF,0xFF,0xFF,0xFF,0xFF,0xFF,
    0xFF,0xFF,0xFF,0xFF,0xFF,0xFF,0xFF,0xFF,0xFF,0xFF,0xFF,0xFF,0xFF,0xFF,0xFF,0xFF,
    0xFF,0xFF,0xFF,0xFF,0xFF,0xFF,0xFF,0xFF,0xFF,0xFF,0xFF,0xFF,0xFF,0xFF,0xFF,0xFF,
    0xFF,0xFF,0xFF,0xFF,0xFF,0xFF,0xFF,0xFF,0xFF,0xFF,0xFF,0xFF,0xFF,0xFF,0xFF,0xFF,
    0xFF,0xFF,0xFF,0xFF,0xFF,0xFF,0xFF,0xFF,0xFF,0xFF,0xFF,0xFF,0xFF,0xFF,0xFF,0xFF,
    0xFF,0xFF,0xFF,0xFF,0xFF,0xFF,0xFF,0xFF,0xFF,0xFF,0xFF,0xFF,0xFF,0xFF,0xFF,0xFF,
    0xFF,0xFF,0xFF,0xFF,0xFF,0xFF,0xFF,0xFF,0xFF,0xFF,0xFF,0xFF,0xFF,0xFF,0xFF,0xFF,
    0xFF,0xFF,0xFF,0xFF,0xFF,0xFF,0xFF,0xFF,0xBC,0x94,0x19,0x32,0x19,0x3A,0x99,0x4A,
    0xDE,0xD6,0xFF,0xFF,0xFF,0xFF,0x3F,0xE7,0x5C,0xA5,0x5C,0xA5,0x5C,0xA5,0xFC,0x94,
    0x9B,0x8C,0x9C,0x8C,0xDC,0x94,0x5F,0xEF,0xFF,0xFF,0xFF,0xFF,0x7E,0xCE,0x59,0x42,
    0x39,0x3A,0x59,0x42,0x59,0x3A,0x59,0x42,0x19,0x3A,0xBA,0x4A,0xFE,0xDE,0xFF,0xFF,
    0xFF,0xFF,0xFE,0xDE,0xBC,0x94,0x9C,0x8C,0x9B,0x8C,0x1C,0x9D,0x5C,0xA5,0x5C,0xA5,
    0x9D,0xAD,0x9F,0xF7,0xFF,0xFF,0xFF,0xFF,0x3D,0xC6,0x39,0x3A,0x39,0x3A,0x39,0x3A,
    0x7D,0xAD,0xFF,0xFF,0xFF,0xFF,0xFF,0xFF,0xFF,0xFF,0xFF,0xFF,0xFF,0xFF,0xFF,0xFF,
    0xFF,0xFF,0xFF,0xFF,0xFF,0xFF,0xFF,0xFF,0xFF,0xFF,0xFF,0xFF,0xFF,0xFF,0xFF,0xFF,
    0xFF,0xFF,0xFF,0xFF,0xFF,0xFF,0xFF,0xFF,0xFF,0xFF,0xFF,0xFF,0xFF,0xFF,0xFF,0xFF,
    0xFF,0xFF,0xFF,0xFF,0xFF,0xFF,0xFF,0xFF,0xFF,0xFF,0xFF,0xFF,0xFF,0xFF,0xFF,0xFF,
    0xFF,0xFF,0xFF,0xFF,0xFF,0xFF,0xFF,0xFF,0xFF,0xFF,0xFF,0xFF,0xFF,0xFF,0xFF,0xFF,
    0xFF,0xFF,0xFF,0xFF,0xFF,0xFF,0xFF,0xFF,0xFF,0xFF,0xFF,0xFF,0xFF,0xFF,0xFF,0xFF,
    0xFF,0xFF,0xFF,0xFF,0xFF,0xFF,0xFF,0xFF,0xFF,0xFF,0xFF,0xFF,0xFF,0xFF,0xFF,0xFF,
    0xFF,0xFF,0xFF,0xFF,0xFF,0xFF,0xFF,0xFF,0xFF,0xFF,0xFF,0xFF,0xFF,0xFF,0xFF,0xFF,
    0xFF,0xFF,0xFF,0xFF,0xFF,0xFF,0xFF,0xFF,0xFF,0xFF,0xFF,0xFF,0xFF,0xFF,0xFF,0xFF,
    0xFF,0xFF,0xFF,0xFF,0xFF,0xFF,0xFF,0xFF,0xFF,0xFF,0xFF,0xFF,0xFF,0xFF,0xFF,0xFF,
    0xFF,0xFF,0xFF,0xFF,0xFF,0xFF,0xFF,0xFF,0xFF,0xFF,0xFF,0xFF,0xFF,0xFF,0xFF,0xFF,
    0xFF,0xFF,0xFF,0xFF,0xFF,0xFF,0xFF,0xFF,0xFF,0xFF,0xFF,0xFF,0xFF,0xFF,0xFF,0xFF,
    0xFF,0xFF,0xFF,0xFF,0xFF,0xFF,0xFF,0xFF,0xFF,0xFF,0xFF,0xFF,0xFF,0xFF,0xFF,0xFF,
    0xFF,0xFF,0xFF,0xFF,0xFF,0xFF,0xFF,0xFF,0x00,0x00,0xFF,0xFF,0x00,0x00,0x00,0x00,
    0x00,0x00,0x00,0x00,0xFF,0xFF,0x00,0x00,0x55,0xAD,0xFF,0xFF,0xFF,0xFF,0xFF,0xFF,
    0xFF,0xFF,0xFF,0xFF,0xFF,0xFF,0xFF,0xFF,0xFF,0xFF,0xFF,0xFF,0xFF,0xFF,0xFF,0xFF,
    0xFF,0xFF,0xFF,0xFF,0xFF,0xFF,0xFF,0xFF,0xFF,0xFF,0xFF,0xFF,0xFF,0xFF,0xFF,0xFF,
    0xFF,0xFF,0xFF,0xFF,0xFF,0xFF,0xFF,0xFF,0xFF,0xFF,0xFF,0xFF,0xFF,0xFF,0xFF,0xFF,
    0xFF,0xFF,0xFF,0xFF,0xFF,0xFF,0xFF,0xFF,0xFF,0xFF,0xFF,0xFF,0xFF,0xFF,0xFF,0xFF,
    0xFF,0xFF,0xFF,0xFF,0xFF,0xFF,0xFF,0xFF,0xFF,0xFF,0xFF,0xFF,0xFF,0xFF,0xFF,0xFF,
    0xFF,0xFF,0xFF,0xFF,0xFF,0xFF,0xFF,0xFF,0xFF,0xFF,0xFF,0xFF,0xFF,0xFF,0xFF,0xFF,
    0xFF,0xFF,0xFF,0xFF,0xFF,0xFF,0xFF,0xFF,0xFF,0xFF,0xFF,0xFF,0xFF,0xFF,0xFF,0xFF,
    0xFF,0xFF,0xFF,0xFF,0xFF,0xFF,0xFF,0xFF,0xFF,0xFF,0xFF,0xFF,0xFF,0xFF,0xFF,0xFF,
    0xFF,0xFF,0xFF,0xFF,0xFF,0xFF,0xFF,0xFF,0xFF,0xFF,0xFF,0xFF,0xFF,0xFF,0xFF,0xFF,
    0xFF,0xFF,0xFF,0xFF,0xFF,0xFF,0xFF,0xFF,0xFF,0xFF,0xFF,0xFF,0xFF,0xFF,0xFF,0xFF,
    0xFF,0xFF,0xFF,0xFF,0xFF,0xFF,0xFF,0xFF,0xFF,0xFF,0xFF,0xFF,0xFF,0xFF,0xFF,0xFF,
    0xFF,0xFF,0xFF,0xFF,0xFF,0xFF,0xFF,0xFF,0xFF,0xFF,0xFF,0xFF,0xFF,0xFF,0xFF,0xFF,
    0xFF,0xFF,0xFF,0xFF,0xFF,0xFF,0xFF,0xFF,0xFF,0xFF,0xFF,0xFF,0xFF,0xFF,0xFF,0xFF,
    0xFF,0xFF,0xFF,0xFF,0xBC,0x94,0x19,0x32,0x19,0x3A,0x99,0x4A,0xDE,0xD6,0xFF,0xFF,
    0xFF,0xFF,0xFF,0xFF,0xFF,0xFF,0xFF,0xFF,0xFF,0xFF,0x9C,0x8C,0x98,0x29,0xD8,0x29,
    0x59,0x42,0xBE,0xD6,0xFF,0xFF,0xFF,0xFF,0x5E,0xCE,0x59,0x42,0x39,0x3A,0x59,0x42,
    0x59,0x3A,0x59,0x42,0x19,0x3A,0xBA,0x4A,0xFE,0xDE,0xFF,0xFF,0xFF,0xFF,0x1D,0xC6,
    0xF9,0x31,0xD8,0x31,0x98,0x29,0x7D,0xAD,0xFF,0xFF,0xFF,0xFF,0xFF,0xFF,0xFF,0xFF,
    0xFF,0xFF,0xFF,0xFF,0x3D,0xC6,0x39,0x3A,0x39,0x3A,0x39,0x3A,0x7D,0xAD,0xFF,0xFF,
    0xFF,0xFF,0xFF,0xFF,0xFF,0xFF,0xFF,0xFF,0xFF,0xFF,0xFF,0xFF,0xFF,0xFF,0xFF,0xFF,
    0xFF,0xFF,0xFF,0xFF,0xFF,0xFF,0xFF,0xFF,0xFF,0xFF,0xFF,0xFF,0xFF,0xFF,0xFF,0xFF,
    0xFF,0xFF,0xFF,0xFF,0xFF,0xFF,0xFF,0xFF,0xFF,0xFF,0xFF,0xFF,0xFF,0xFF,0xFF,0xFF,
    0xFF,0xFF,0xFF,0xFF,0xFF,0xFF,0xFF,0xFF,0xFF,0xFF,0xFF,0xFF,0xFF,0xFF,0xFF,0xFF,
    0xFF,0xFF,0xFF,0xFF,0xFF,0xFF,0xFF,0xFF,0xFF,0xFF,0xFF,0xFF,0xFF,0xFF,0xFF,0xFF,
    0xFF,0xFF,0xFF,0xFF,0xFF,0xFF,0xFF,0xFF,0xFF,0xFF,0xFF,0xFF,0xFF,0xFF,0xFF,0xFF,
    0xFF,0xFF,0xFF,0xFF,0xFF,0xFF,0xFF,0xFF,0xFF,0xFF,0xFF,0xFF,0xFF,0xFF,0xFF,0xFF,
    0xFF,0xFF,0xFF,0xFF,0xFF,0xFF,0xFF,0xFF,0xFF,0xFF,0xFF,0xFF,0xFF,0xFF,0xFF,0xFF,
    0xFF,0xFF,0xFF,0xFF,0xFF,0xFF,0xFF,0xFF,0xFF,0xFF,0xFF,0xFF,0xFF,0xFF,0xFF,0xFF,
    0xFF,0xFF,0xFF,0xFF,0xFF,0xFF,0xFF,0xFF,0xFF,0xFF,0xFF,0xFF,0xFF,0xFF,0xFF,0xFF,
    0xFF,0xFF,0xFF,0xFF,0xFF,0xFF,0xFF,0xFF,0xFF,0xFF,0xFF,0xFF,0xFF,0xFF,0xFF,0xFF,
    0xFF,0xFF,0xFF,0xFF,0xFF,0xFF,0xFF,0xFF,0xFF,0xFF,0xFF,0xFF,0xFF,0xFF,0xFF,0xFF,
    0xFF,0xFF,0xFF,0xFF,0xFF,0xFF,0xFF,0xFF,0xFF,0xFF,0xFF,0xFF,0xFF,0xFF,0xFF,0xFF,
    0xFF,0xFF,0xFF,0xFF,0x00,0x00,0xFF,0xFF,0x00,0x00,0x00,0x00,0x00,0x00,0x00,0x00,
    0xFF,0xFF,0x00,0x00,0x55,0xAD,0xFF,0xFF,0xFF,0xFF,0xFF,0xFF,0xFF,0xFF,0xFF,0xFF,
    0xFF,0xFF,0xFF,0xFF,0xFF,0xFF,0xFF,0xFF,0xFF,0xFF,0xFF,0xFF,0xFF,0xFF,0xFF,0xFF,
    0xFF,0xFF,0xFF,0xFF,0xFF,0xFF,0xFF,0xFF,0xFF,0xFF,0xFF,0xFF,0xFF,0xFF,0xFF,0xFF,
    0xFF,0xFF,0xFF,0xFF,0xFF,0xFF,0xFF,0xFF,0xFF,0xFF,0xFF,0xFF,0xFF,0xFF,0xFF,0xFF,
    0xFF,0xFF,0xFF,0xFF,0xFF,0xFF,0xFF,0xFF,0xFF,0xFF,0xFF,0xFF,0xFF,0xFF,0xFF,0xFF,
    0xFF,0xFF,0xFF,0xFF,0xFF,0xFF,0xFF,0xFF,0xFF,0xFF,0xFF,0xFF,0xFF,0xFF,0xFF,0xFF,
    0xFF,0xFF,0xFF,0xFF,0xFF,0xFF,0xFF,0xFF,0xFF,0xFF,0xFF,0xFF,0xFF,0xFF,0xFF,0xFF,
    0xFF,0xFF,0xFF,0xFF,0xFF,0xFF,0xFF,0xFF,0xFF,0xFF,0xFF,0xFF,0xFF,0xFF,0xFF,0xFF,
    0xFF,0xFF,0xFF,0xFF,0xFF,0xFF,0xFF,0xFF,0xFF,0xFF,0xFF,0xFF,0xFF,0xFF,0xFF,0xFF,
    0xFF,0xFF,0xFF,0xFF,0xFF,0xFF,0xFF,0xFF,0xFF,0xFF,0xFF,0xFF,0xFF,0xFF,0xFF,0xFF,
    0xFF,0xFF,0xFF,0xFF,0xFF,0xFF,0xFF,0xFF,0xFF,0xFF,0xFF,0xFF,0xFF,0xFF,0xFF,0xFF,
    0xFF,0xFF,0xFF,0xFF,0xFF,0xFF,0xFF,0xFF,0xFF,0xFF,0xFF,0xFF,0xFF,0xFF,0xFF,0xFF,
    0xFF,0xFF,0xFF,0xFF,0xFF,0xFF,0xFF,0xFF,0xFF,0xFF,0xFF,0xFF,0xFF,0xFF,0xFF,0xFF,
    0xFF,0xFF,0xFF,0xFF,0xFF,0xFF,0xFF,0xFF,0xFF,0xFF,0xFF,0xFF,0xFF,0xFF,0xFF,0xFF,
    0xDC,0x94,0x19,0x32,0x19,0x3A,0x99,0x4A,0xFE,0xDE,0xFF,0xFF,0xFF,0xFF,0xFF,0xFF,
    0xFF,0xFF,0xFF,0xFF,0xFF,0xFF,0x9C,0x8C,0xD9,0x31,0x19,0x32,0x99,0x4A,0xDE,0xDE,
    0xFF,0xFF,0xFF,0xFF,0x9E,0xCE,0x59,0x42,0x39,0x3A,0x59,0x42,0x59,0x3A,0x59,0x42,
    0x19,0x3A,0xBA,0x4A,0x1E,0xDF,0xFF,0xFF,0xFF,0xFF,0x5E,0xC6,0x59,0x3A,0x19,0x3A,
    0xD9,0x31,0x5C,0xA5,0xFF,0xFF,0xFF,0xFF,0xFF,0xFF,0xFF,0xFF,0xFF,0xFF,0xFF,0xFF,
    0x5E,0xC6,0x39,0x3A,0x39,0x3A,0x39,0x3A,0x7D,0xAD,0xFF,0xFF,0xFF,0xFF,0xFF,0xFF,
    0xFF,0xFF,0xFF,0xFF,0xFF,0xFF,0xFF,0xFF,0xFF,0xFF,0xFF,0xFF,0xFF,0xFF,0xFF,0xFF,
    0xFF,0xFF,0xFF,0xFF,0xFF,0xFF,0xFF,0xFF,0xFF,0xFF,0xFF,0xFF,0xFF,0xFF,0xFF,0xFF,
    0xFF,0xFF,0xFF,0xFF,0xFF,0xFF,0xFF,0xFF,0xFF,0xFF,0xFF,0xFF,0xFF,0xFF,0xFF,0xFF,
    0xFF,0xFF,0xFF,0xFF,0xFF,0xFF,0xFF,0xFF,0xFF,0xFF,0xFF,0xFF,0xFF,0xFF,0xFF,0xFF,
    0xFF,0xFF,0xFF,0xFF,0xFF,0xFF,0xFF,0xFF,0xFF,0xFF,0xFF,0xFF,0xFF,0xFF,0xFF,0xFF,
    0xFF,0xFF,0xFF,0xFF,0xFF,0xFF,0xFF,0xFF,0xFF,0xFF,0xFF,0xFF,0xFF,0xFF,0xFF,0xFF,
    0xFF,0xFF,0xFF,0xFF,0xFF,0xFF,0xFF,0xFF,0xFF,0xFF,0xFF,0xFF,0xFF,0xFF,0xFF,0xFF,
    0xFF,0xFF,0xFF,0xFF,0xFF,0xFF,0xFF,0xFF,0xFF,0xFF,0xFF,0xFF,0xFF,0xFF,0xFF,0xFF,
    0xFF,0xFF,0xFF,0xFF,0xFF,0xFF,0xFF,0xFF,0xFF,0xFF,0xFF,0xFF,0xFF,0xFF,0xFF,0xFF,
    0xFF,0xFF,0xFF,0xFF,0xFF,0xFF,0xFF,0xFF,0xFF,0xFF,0xFF,0xFF,0xFF,0xFF,0xFF,0xFF,
    0xFF,0xFF,0xFF,0xFF,0xFF,0xFF,0xFF,0xFF,0xFF,0xFF,0xFF,0xFF,0xFF,0xFF,0xFF,0xFF,
    0xFF,0xFF,0xFF,0xFF,0xFF,0xFF,0xFF,0xFF,0xFF,0xFF,0xFF,0xFF,0xFF,0xFF,0xFF,0xFF,
    0xFF,0xFF,0xFF,0xFF,0xFF,0xFF,0xFF,0xFF,0xFF,0xFF,0xFF,0xFF,0xFF,0xFF,0xFF,0xFF,
    0x00,0x00,0xFF,0xFF,0x00,0x00,0x00,0x00,0x00,0x00,0x00,0x00,0xFF,0xFF,0x00,0x00,
    0x55,0xAD,0xFF,0xFF,0xFF,0xFF,0xFF,0xFF,0xFF,0xFF,0xFF,0xFF,0xFF,0xFF,0xFF,0xFF,
    0xFF,0xFF,0xFF,0xFF,0xFF,0xFF,0xFF,0xFF,0xFF,0xFF,0xFF,0xFF,0xFF,0xFF,0xFF,0xFF,
    0xFF,0xFF,0xFF,0xFF,0xFF,0xFF,0xFF,0xFF,0xFF,0xFF,0xFF,0xFF,0xFF,0xFF,0xFF,0xFF,
    0xFF,0xFF,0xFF,0xFF,0xFF,0xFF,0xFF,0xFF,0xFF,0xFF,0xFF,0xFF,0xFF,0xFF,0xFF,0xFF,
    0xFF,0xFF,0xFF,0xFF,0xFF,0xFF,0xFF,0xFF,0xFF,0xFF,0xFF,0xFF,0xFF,0xFF,0xFF,0xFF,
    0xFF,0xFF,0xFF,0xFF,0xFF,0xFF,0xFF,0xFF,0xFF,0xFF,0xFF,0xFF,0xFF,0xFF,0xFF,0xFF,
    0xFF,0xFF,0xFF,0xFF,0xFF,0xFF,0xFF,0xFF,0xFF,0xFF,0xFF,0xFF,0xFF,0xFF,0xFF,0xFF,
    0xFF,0xFF,0xFF,0xFF,0xFF,0xFF,0xFF,0xFF,0xFF,0xFF,0xFF,0xFF,0xFF,0xFF,0xFF,0xFF,
    0xFF,0xFF,0xFF,0xFF,0xFF,0xFF,0xFF,0xFF,0xFF,0xFF,0xFF,0xFF,0xFF,0xFF,0xFF,0xFF,
    0xFF,0xFF,0xFF,0xFF,0xFF,0xFF,0xFF,0xFF,0xFF,0xFF,0xFF,0xFF,0xFF,0xFF,0xFF,0xFF,
    0xFF,0xFF,0xFF,0xFF,0xFF,0xFF,0xFF,0xFF,0xFF,0xFF,0xFF,0xFF,0xFF,0xFF,0xFF,0xFF,
    0xFF,0xFF,0xFF,0xFF,0xFF,0xFF,0xFF,0xFF,0xFF,0xFF,0xFF,0xFF,0xFF,0xFF,0xFF,0xFF,
    0xFF,0xFF,0xFF,0xFF,0xFF,0xFF,0xFF,0xFF,0xFF,0xFF,0xFF,0xFF,0xFF,0xFF,0xFF,0xFF,
    0xFF,0xFF,0xFF,0xFF,0xDF,0xFF,0x7F,0xEF,0x7F,0xEF,0x7F,0xEF,0x7B,0x8C,0x19,0x32,
    0x39,0x3A,0x99,0x42,0x5E,0xCE,0x9F,0xEF,0x5F,0xEF,0x9F,0xF7,0xFF,0xFF,0xFF,0xFF,
    0xFF,0xFF,0xDC,0x94,0x79,0x42,0x99,0x4A,0x1A,0x5B,0x7E,0xCE,0x7F,0xEF,0x9F,0xF7,
    0x1D,0xBE,0x59,0x3A,0x39,0x3A,0x59,0x42,0x59,0x3A,0x59,0x42,0x19,0x3A,0xB9,0x4A,
    0x7E,0xCE,0x9F,0xEF,0x7F,0xEF,0x1D,0xBE,0xD9,0x4A,0x99,0x4A,0x79,0x42,0x9D,0xAD,
    0xFF,0xFF,0xFF,0xFF,0xFF,0xFF,0x7F,0xEF,0x5F,0xEF,0x9F,0xF7,0xDD,0xB5,0x39,0x3A,
    0x39,0x3A,0x19,0x3A,0x1C,0x9D,0x9F,0xEF,0x5F,0xEF,0x7F,0xEF,0xDF,0xFF,0xFF,0xFF,
    0xFF,0xFF,0xFF,0xFF,0xFF,0xFF,0xFF,0xFF,0xFF,0xFF,0xFF,0xFF,0xFF,0xFF,0xFF,0xFF,
    0xFF,0xFF,0xFF,0xFF,0xFF,0xFF,0xFF,0xFF,0xFF,0xFF,0xFF,0xFF,0xFF,0xFF,0xFF,0xFF,
    0xFF,0xFF,0xFF,0xFF,0xFF,0xFF,0xFF,0xFF,0xFF,0xFF,0xFF,0xFF,0xFF,0xFF,0xFF,0xFF,
    0xFF,0xFF,0xFF,0xFF,0xFF,0xFF,0xFF,0xFF,0xFF,0xFF,0xFF,0xFF,0xFF,0xFF,0xFF,0xFF,
    0xFF,0xFF,0xFF,0xFF,0xFF,0xFF,0xFF,0xFF,0xFF,0xFF,0xFF,0xFF,0xFF,0xFF,0xFF,0xFF,
    0xFF,0xFF,0xFF,0xFF,0xFF,0xFF,0xFF,0xFF,0xFF,0xFF,0xFF,0xFF,0xFF,0xFF,0xFF,0xFF,
    0xFF,0xFF,0xFF,0xFF,0xFF,0xFF,0xFF,0xFF,0xFF,0xFF,0xFF,0xFF,0xFF,0xFF,0xFF,0xFF,
    0xFF,0xFF,0xFF,0xFF,0xFF,0xFF,0xFF,0xFF,0xFF,0xFF,0xFF,0xFF,0xFF,0xFF,0xFF,0xFF,
    0xFF,0xFF,0xFF,0xFF,0xFF,0xFF,0xFF,0xFF,0xFF,0xFF,0xFF,0xFF,0xFF,0xFF,0xFF,0xFF,
    0xFF,0xFF,0xFF,0xFF,0xFF,0xFF,0xFF,0xFF,0xFF,0xFF,0xFF,0xFF,0xFF,0xFF,0xFF,0xFF,
    0xFF,0xFF,0xFF,0xFF,0xFF,0xFF,0xFF,0xFF,0xFF,0xFF,0xFF,0xFF,0xFF,0xFF,0xFF,0xFF,
    0xFF,0xFF,0xFF,0xFF,0xFF,0xFF,0xFF,0xFF,0xFF,0xFF,0xFF,0xFF,0xFF,0xFF,0xFF,0xFF,
    0xFF,0xFF,0xFF,0xFF,0xFF,0xFF,0xFF,0xFF,0xFF,0xFF,0xFF,0xFF,0x00,0x00,0xFF,0xFF,
    0x00,0x00,0x00,0x00,0x00,0x00,0x00,0x00,0xFF,0xFF,0x00,0x00,0x55,0xAD,0xFF,0xFF,
    0xFF,0xFF,0xFF,0xFF,0xFF,0xFF,0xFF,0xFF,0xFF,0xFF,0xFF,0xFF,0xFF,0xFF,0xFF,0xFF,
    0xFF,0xFF,0xFF,0xFF,0xFF,0xFF,0xFF,0xFF,0xFF,0xFF,0xFF,0xFF,0xFF,0xFF,0xFF,0xFF,
    0xFF,0xFF,0xFF,0xFF,0xFF,0xFF,0xFF,0xFF,0xFF,0xFF,0xFF,0xFF,0xFF,0xFF,0xFF,0xFF,
    0xFF,0xFF,0xFF,0xFF,0xFF,0xFF,0xFF,0xFF,0xFF,0xFF,0xFF,0xFF,0xFF,0xFF,0xFF,0xFF,
    0xFF,0xFF,0xFF,0xFF,0xFF,0xFF,0xFF,0xFF,0xFF,0xFF,0xFF,0xFF,0xFF,0xFF,0xFF,0xFF,
    0xFF,0xFF,0xFF,0xFF,0xFF,0xFF,0xFF,0xFF,0xFF,0xFF,0xFF,0xFF,0xFF,0xFF,0xFF,0xFF,
    0xFF,0xFF,0xFF,0xFF,0xFF,0xFF,0xFF,0xFF,0xFF,0xFF,0xFF,0xFF,0xFF,0xFF,0xFF,0xFF,
    0xFF,0xFF,0xFF,0xFF,0xFF,0xFF,0xFF,0xFF,0xFF,0xFF,0xFF,0xFF,0xFF,0xFF,0xFF,0xFF,
    0xFF,0xFF,0xFF,0xFF,0xFF,0xFF,0xFF,0xFF,0xFF,0xFF,0xFF,0xFF,0xFF,0xFF,0xFF,0xFF,
    0xFF,0xFF,0xFF,0xFF,0xFF,0xFF,0xFF,0xFF,0xFF,0xFF,0xFF,0xFF,0xFF,0xFF,0xFF,0xFF,
    0xFF,0xFF,0xFF,0xFF,0xFF,0xFF,0xFF,0xFF,0xFF,0xFF,0xFF,0xFF,0xFF,0xFF,0xFF,0xFF,
    0xFF,0xFF,0xFF,0xFF,0xFF,0xFF,0xFF,0xFF,0xFF,0xFF,0xFF,0xFF,0xFF,0xFF,0xFF,0xFF,
    0xFF,0xFF,0xFF,0xFF,0xFF,0xFF,0xFF,0xFF,0xFF,0xFF,0xFF,0xFF,0xFF,0xFF,0xFF,0xFF,
    0x9E,0xD6,0x5A,0x63,0x3A,0x5B,0x5A,0x63,0xB9,0x4A,0x39,0x3A,0x39,0x3A,0x59,0x42,
    0x1A,0x5B,0x5A,0x63,0xFA,0x52,0x9C,0x8C,0xFF,0xFF,0xFF,0xFF,0xFF,0xFF,0x5F,0xEF,
    0xDE,0xDE,0xFE,0xDE,0x7E,0xCE,0xFB,0x73,0x1A,0x5B,0x5A,0x63,0xFA,0x52,0x59,0x3A,
    0x39,0x3A,0x59,0x3A,0x59,0x3A,0x59,0x3A,0x39,0x3A,0x59,0x42,0x1A,0x5B,0x5A,0x63,
    0x1A,0x5B,0x5B,0x84,0xBE,0xD6,0xFE,0xDE,0xDE,0xDE,0x7F,0xEF,0xFF,0xFF,0xFF,0xFF,
    0x9F,0xF7,0xFB,0x73,0x1A,0x5B,0x5A,0x63,0xFA,0x52,0x39,0x3A,0x59,0x3A,0x39,0x3A,
    0xDA,0x52,0x5A,0x63,0x1A,0x5B,0x9A,0x6B,0x3E,0xE7,0xFF,0xFF,0xFF,0xFF,0xFF,0xFF,
    0xFF,0xFF,0xFF,0xFF,0xFF,0xFF,0xFF,0xFF,0xFF,0xFF,0xFF,0xFF,0xFF,0xFF,0xFF,0xFF,
    0xFF,0xFF,0xFF,0xFF,0xFF,0xFF,0xFF,0xFF,0xFF,0xFF,0xFF,0xFF,0xFF,0xFF,0xFF,0xFF,
    0xFF,0xFF,0xFF,0xFF,0xFF,0xFF,0xFF,0xFF,0xFF,0xFF,0xFF,0xFF,0xFF,0xFF,0xFF,0xFF,
    0xFF,0xFF,0xFF,0xFF,0xFF,0xFF,0xFF,0xFF,0xFF,0xFF,0xFF,0xFF,0xFF,0xFF,0xFF,0xFF,
    0xFF,0xFF,0xFF,0xFF,0xFF,0xFF,0xFF,0xFF,0xFF,0xFF,0xFF,0xFF,0xFF,0xFF,0xFF,0xFF,
    0xFF,0xFF,0xFF,0xFF,0xFF,0xFF,0xFF,0xFF,0xFF,0xFF,0xFF,0xFF,0xFF,0xFF,0xFF,0xFF,
    0xFF,0xFF,0xFF,0xFF,0xFF,0xFF,0xFF,0xFF,0xFF,0xFF,0xFF,0xFF,0xFF,0xFF,0xFF,0xFF,
    0xFF,0xFF,0xFF,0xFF,0xFF,0xFF,0xFF,0xFF,0xFF,0xFF,0xFF,0xFF,0xFF,0xFF,0xFF,0xFF,
    0xFF,0xFF,0xFF,0xFF,0xFF,0xFF,0xFF,0xFF,0xFF,0xFF,0xFF,0xFF,0xFF,0xFF,0xFF,0xFF,
    0xFF,0xFF,0xFF,0xFF,0xFF,0xFF,0xFF,0xFF,0xFF,0xFF,0xFF,0xFF,0xFF,0xFF,0xFF,0xFF,
    0xFF,0xFF,0xFF,0xFF,0xFF,0xFF,0xFF,0xFF,0xFF,0xFF,0xFF,0xFF,0xFF,0xFF,0xFF,0xFF,
    0xFF,0xFF,0xFF,0xFF,0xFF,0xFF,0xFF,0xFF,0xFF,0xFF,0xFF,0xFF,0xFF,0xFF,0xFF,0xFF,
    0xFF,0xFF,0xFF,0xFF,0xFF,0xFF,0xFF,0xFF,0x00,0x00,0xFF,0xFF,0x00,0x00,0x00,0x00,
    0x00,0x00,0x00,0x00,0xFF,0xFF,0x00,0x00,0x55,0xAD,0xFF,0xFF,0xFF,0xFF,0xFF,0xFF,
    0xFF,0xFF,0xFF,0xFF,0xFF,0xFF,0xFF,0xFF,0xFF,0xFF,0xFF,0xFF,0xFF,0xFF,0xFF,0xFF,
    0xFF,0xFF,0xFF,0xFF,0xFF,0xFF,0xFF,0xFF,0xFF,0xFF,0xFF,0xFF,0xFF,0xFF,0xFF,0xFF,
    0xFF,0xFF,0xFF,0xFF,0xFF,0xFF,0xFF,0xFF,0xFF,0xFF,0xFF,0xFF,0xFF,0xFF,0xFF,0xFF,
    0xFF,0xFF,0xFF,0xFF,0xFF,0xFF,0xFF,0xFF,0xFF,0xFF,0xFF,0xFF,0xFF,0xFF,0xFF,0xFF,
    0xFF,0xFF,0xFF,0xFF,0xFF,0xFF,0xFF,0xFF,0xFF,0xFF,0xFF,0xFF,0xFF,0xFF,0xFF,0xFF,
    0xFF,0xFF,0xFF,0xFF,0xFF,0xFF,0xFF,0xFF,0xFF,0xFF,0xFF,0xFF,0xFF,0xFF,0xFF,0xFF,
    0xFF,0xFF,0xFF,0xFF,0xFF,0xFF,0xFF,0xFF,0xFF,0xFF,0xFF,0xFF,0xFF,0xFF,0xFF,0xFF,
    0xFF,0xFF,0xFF,0xFF,0xFF,0xFF,0xFF,0xFF,0xFF,0xFF,0xFF,0xFF,0xFF,0xFF,0xFF,0xFF,
    0xFF,0xFF,0xFF,0xFF,0xFF,0xFF,0xFF,0xFF,0xFF,0xFF,0xFF,0xFF,0xFF,0xFF,0xFF,0xFF,
    0xFF,0xFF,0xFF,0xFF,0xFF,0xFF,0xFF,0xFF,0xFF,0xFF,0xFF,0xFF,0xFF,0xFF,0xFF,0xFF,
    0xFF,0xFF,0xFF,0xFF,0xFF,0xFF,0xFF,0xFF,0xFF,0xFF,0xFF,0xFF,0xFF,0xFF,0xFF,0xFF,
    0xFF,0xFF,0xFF,0xFF,0xFF,0xFF,0xFF,0xFF,0xFF,0xFF,0xFF,0xFF,0xFF,0xFF,0xFF,0xFF,
    0xFF,0xFF,0xFF,0xFF,0xFF,0xFF,0xFF,0xFF,0xFF,0xFF,0xFF,0xFF,0x3D,0xC6,0xF9,0x31,
    0xF9,0x31,0x19,0x32,0x39,0x3A,0x59,0x42,0x59,0x42,0x59,0x42,0x19,0x3A,0x19,0x3A,
    0xB8,0x29,0xBB,0x6B,0xFF,0xFF,0xFF,0xFF,0xFF,0xFF,0xFF,0xFF,0xFF,0xFF,0xFF,0xFF,
    0x7F,0xEF,0x1A,0x5B,0xB8,0x29,0x19,0x3A,0x19,0x3A,0x59,0x3A,0x59,0x3A,0x59,0x3A,
    0x59,0x3A,0x59,0x3A,0x59,0x3A,0x39,0x3A,0x19,0x32,0x19,0x3A,0xB8,0x29,0xDB,0x73,
    0xDF,0xFF,0xFF,0xFF,0xFF,0xFF,0xFF,0xFF,0xFF,0xFF,0xFF,0xFF,0x7F,0xEF,0xFA,0x52,
    0xD8,0x31,0x19,0x3A,0x39,0x3A,0x59,0x42,0x59,0x42,0x59,0x42,0x39,0x3A,0x19,0x32,
    0xD8,0x29,0x59,0x42,0xFE,0xDE,0xFF,0xFF,0xFF,0xFF,0xFF,0xFF,0xFF,0xFF,0xFF,0xFF,
    0xFF,0xFF,0xFF,0xFF,0xFF,0xFF,0xFF,0xFF,0xFF,0xFF,0xFF,0xFF,0xFF,0xFF,0xFF,0xFF,
    0xFF,0xFF,0xFF,0xFF,0xFF,0xFF,0xFF,0xFF,0xFF,0xFF,0xFF,0xFF,0xFF,0xFF,0xFF,0xFF,
    0xFF,0xFF,0xFF,0xFF,0xFF,0xFF,0xFF,0xFF,0xFF,0xFF,0xFF,0xFF,0xFF,0xFF,0xFF,0xFF,
    0xFF,0xFF,0xFF,0xFF,0xFF,0xFF,0xFF,0xFF,0xFF,0xFF,0xFF,0xFF,0xFF,0xFF,0xFF,0xFF,
    0xFF,0xFF,0xFF,0xFF,0xFF,0xFF,0xFF,0xFF,0xFF,0xFF,0xFF,0xFF,0xFF,0xFF,0xFF,0xFF,
    0xFF,0xFF,0xFF,0xFF,0xFF,0xFF,0xFF,0xFF,0xFF,0xFF,0xFF,0xFF,0xFF,0xFF,0xFF,0xFF,
    0xFF,0xFF,0xFF,0xFF,0xFF,0xFF,0xFF,0xFF,0xFF,0xFF,0xFF,0xFF,0xFF,0xFF,0xFF,0xFF,
    0xFF,0xFF,0xFF,0xFF,0xFF,0xFF,0xFF,0xFF,0xFF,0xFF,0xFF,0xFF,0xFF,0xFF,0xFF,0xFF,
    0xFF,0xFF,0xFF,0xFF,0xFF,0xFF,0xFF,0xFF,0xFF,0xFF,0xFF,0xFF,0xFF,0xFF,0xFF,0xFF,
    0xFF,0xFF,0xFF,0xFF,0xFF,0xFF,0xFF,0xFF,0xFF,0xFF,0xFF,0xFF,0xFF,0xFF,0xFF,0xFF,
    0xFF,0xFF,0xFF,0xFF,0xFF,0xFF,0xFF,0xFF,0xFF,0xFF,0xFF,0xFF,0xFF,0xFF,0xFF,0xFF,
    0xFF,0xFF,0xFF,0xFF,0xFF,0xFF,0xFF,0xFF,0xFF,0xFF,0xFF,0xFF,0xFF,0xFF,0xFF,0xFF,
    0xFF,0xFF,0xFF,0xFF,0x00,0x00,0xFF,0xFF,0x00,0x00,0x00,0x00,0x00,0x00,0x00,0x00,
    0xFF,0xFF,0x00,0x00,0x55,0xAD,0xFF,0xFF,0xFF,0xFF,0xFF,0xFF,0xFF,0xFF,0xFF,0xFF,
    0xFF,0xFF,0xFF,0xFF,0xFF,0xFF,0xFF,0xFF,0xFF,0xFF,0xFF,0xFF,0xFF,0xFF,0xFF,0xFF,
    0xFF,0xFF,0xFF,0xFF,0xFF,0xFF,0xFF,0xFF,0xFF,0xFF,0xFF,0xFF,0xFF,0xFF,0xFF,0xFF,
    0xFF,0xFF,0xFF,0xFF,0xFF,0xFF,0xFF,0xFF,0xFF,0xFF,0xFF,0xFF,0xFF,0xFF,0xFF,0xFF,
    0xFF,0xFF,0xFF,0xFF,0xFF,0xFF,0xFF,0xFF,0xFF,0xFF,0xFF,0xFF,0xFF,0xFF,0xFF,0xFF,
    0xFF,0xFF,0xFF,0xFF,0xFF,0xFF,0xFF,0xFF,0xFF,0xFF,0xFF,0xFF,0xFF,0xFF,0xFF,0xFF,
    0xFF,0xFF,0xFF,0xFF,0xFF,0xFF,0xFF,0xFF,0xFF,0xFF,0xFF,0xFF,0xFF,0xFF,0xFF,0xFF,
    0xFF,0xFF,0xFF,0xFF,0xFF,0xFF,0xFF,0xFF,0xFF,0xFF,0xFF,0xFF,0xFF,0xFF,0xFF,0xFF,
    0xFF,0xFF,0xFF,0xFF,0xFF,0xFF,0xFF,0xFF,0xFF,0xFF,0xFF,0xFF,0xFF,0xFF,0xFF,0xFF,
    0xFF,0xFF,0xFF,0xFF,0xFF,0xFF,0xFF,0xFF,0xFF,0xFF,0xFF,0xFF,0xFF,0xFF,0xFF,0xFF,
    0xFF,0xFF,0xFF,0xFF,0xFF,0xFF,0xFF,0xFF,0xFF,0xFF,0xFF,0xFF,0xFF,0xFF,0xFF,0xFF,
    0xFF,0xFF,0xFF,0xFF,0xFF,0xFF,0xFF,0xFF,0xFF,0xFF,0xFF,0xFF,0xFF,0xFF,0xFF,0xFF,
    0xFF,0xFF,0xFF,0xFF,0xFF,0xFF,0xFF,0xFF,0xFF,0xFF,0xFF,0xFF,0xFF,0xFF,0xFF,0xFF,
    0xFF,0xFF,0xFF,0xFF,0xFF,0xFF,0xFF,0xFF,0x5D,0xC6,0x59,0x42,0x59,0x3A,0x59,0x42,
    0x19,0x3A,0xF9,0x31,0xF9,0x31,0xF9,0x31,0xF9,0x31,0x19,0x32,0x98,0x29,0xDB,0x73,
    0xFF,0xFF,0xFF,0xFF,0xFF,0xFF,0xFF,0xFF,0xFF,0xFF,0xFF,0xFF,0x9F,0xF7,0x7A,0x63,
    0x19,0x3A,0x79,0x42,0x59,0x42,0x59,0x3A,0x59,0x3A,0x59,0x3A,0x59,0x3A,0x59,0x3A,
    0x59,0x3A,0x59,0x3A,0x59,0x42,0x79,0x42,0xF9,0x31,0x1B,0x7C,0xFF,0xFF,0xFF,0xFF,
    0xFF,0xFF,0xFF,0xFF,0xFF,0xFF,0xFF,0xFF,0xBF,0xF7,0xDA,0x52,0xB8,0x29,0x19,0x3A,
    0xF9,0x31,0xF9,0x31,0xF9,0x31,0xF9,0x31,0x39,0x3A,0x79,0x42,0x39,0x3A,0xBA,0x4A,
    0xFE,0xDE,0xFF,0xFF,0xFF,0xFF,0xFF,0xFF,0xFF,0xFF,0xFF,0xFF,0xFF,0xFF,0xFF,0xFF,
    0xFF,0xFF,0xFF,0xFF,0xFF,0xFF,0xFF,0xFF,0xFF,0xFF,0xFF,0xFF,0xFF,0xFF,0xFF,0xFF,
    0xFF,0xFF,0xFF,0xFF,0xFF,0xFF,0xFF,0xFF,0xFF,0xFF,0xFF,0xFF,0xFF,0xFF,0xFF,0xFF,
    0xFF,0xFF,0xFF,0xFF,0xFF,0xFF,0xFF,0xFF,0xFF,0xFF,0xFF,0xFF,0xFF,0xFF,0xFF,0xFF,
    0xFF,0xFF,0xFF,0xFF,0xFF,0xFF,0xFF,0xFF,0xFF,0xFF,0xFF,0xFF,0xFF,0xFF,0xFF,0xFF,
    0xFF,0xFF,0xFF,0xFF,0xFF,0xFF,0xFF,0xFF,0xFF,0xFF,0xFF,0xFF,0xFF,0xFF,0xFF,0xFF,
    0xFF,0xFF,0xFF,0xFF,0xFF,0xFF,0xFF,0xFF,0xFF,0xFF,0xFF,0xFF,0xFF,0xFF,0xFF,0xFF,
    0xFF,0xFF,0xFF,0xFF,0xFF,0xFF,0xFF,0xFF,0xFF,0xFF,0xFF,0xFF,0xFF,0xFF,0xFF,0xFF,
    0xFF,0xFF,0xFF,0xFF,0xFF,0xFF,0xFF,0xFF,0xFF,0xFF,0xFF,0xFF,0xFF,0xFF,0xFF,0xFF,
    0xFF,0xFF,0xFF,0xFF,0xFF,0xFF,0xFF,0xFF,0xFF,0xFF,0xFF,0xFF,0xFF,0xFF,0xFF,0xFF,
    0xFF,0xFF,0xFF,0xFF,0xFF,0xFF,0xFF,0xFF,0xFF,0xFF,0xFF,0xFF,0xFF,0xFF,0xFF,0xFF,
    0xFF,0xFF,0xFF,0xFF,0xFF,0xFF,0xFF,0xFF,0xFF,0xFF,0xFF,0xFF,0xFF,0xFF,0xFF,0xFF,
    0xFF,0xFF,0xFF,0xFF,0xFF,0xFF,0xFF,0xFF,0xFF,0xFF,0xFF,0xFF,0xFF,0xFF,0xFF,0xFF,
    0x00,0x00,0xFF,0xFF,0x00,0x00,0x00,0x00,0x00,0x00,0x00,0x00,0xFF,0xFF,0x00,0x00,
    0x55,0xAD,0xFF,0xFF,0xFF,0xFF,0xFF,0xFF,0xFF,0xFF,0xFF,0xFF,0xFF,0xFF,0xFF,0xFF,
    0xFF,0xFF,0xFF,0xFF,0xFF,0xFF,0xFF,0xFF,0xFF,0xFF,0xFF,0xFF,0xFF,0xFF,0xFF,0xFF,
    0xFF,0xFF,0xFF,0xFF,0xFF,0xFF,0xFF,0xFF,0xFF,0xFF,0xFF,0xFF,0xFF,0xFF,0xFF,0xFF,
    0xFF,0xFF,0xFF,0xFF,0xFF,0xFF,0xFF,0xFF,0xFF,0xFF,0xFF,0xFF,0xFF,0xFF,0xFF,0xFF,
    0xFF,0xFF,0xFF,0xFF,0xFF,0xFF,0xFF,0xFF,0xFF,0xFF,0xFF,0xFF,0xFF,0xFF,0xFF,0xFF,
    0xFF,0xFF,0xFF,0xFF,0xFF,0xFF,0xFF,0xFF,0xFF,0xFF,0xFF,0xFF,0xFF,0xFF,0xFF,0xFF,
    0xFF,0xFF,0xFF,0xFF,0xFF,0xFF,0xFF,0xFF,0xFF,0xFF,0xFF,0xFF,0xFF,0xFF,0xFF,0xFF,
    0xFF,0xFF,0xFF,0xFF,0xFF,0xFF,0xFF,0xFF,0xFF,0xFF,0xFF,0xFF,0xFF,0xFF,0xFF,0xFF,
    0xFF,0xFF,0xFF,0xFF,0xFF,0xFF,0xFF,0xFF,0xFF,0xFF,0xFF,0xFF,0xFF,0xFF,0xFF,0xFF,
    0xFF,0xFF,0xFF,0xFF,0xFF,0xFF,0xFF,0xFF,0xFF,0xFF,0xFF,0xFF,0xFF,0xFF,0xFF,0xFF,
    0xFF,0xFF,0xFF,0xFF,0xFF,0xFF,0xFF,0xFF,0xFF,0xFF,0xFF,0xFF,0xFF,0xFF,0xFF,0xFF,
    0xFF,0xFF,0xFF,0xFF,0xFF,0xFF,0xFF,0xFF,0xFF,0xFF,0xFF,0xFF,0xFF,0xFF,0xFF,0xFF,
    0xFF,0xFF,0xFF,0xFF,0xFF,0xFF,0xFF,0xFF,0xFF,0xFF,0xFF,0xFF,0xFF,0xFF,0xFF,0xFF,
    0xFF,0xFF,0xFF,0xFF,0x5D,0xC6,0x59,0x3A,0x39,0x3A,0x39,0x3A,0x3A,0x5B,0xFB,0x73,
    0xFB,0x73,0xFB,0x73,0xFB,0x73,0xFB,0x73,0xBB,0x73,0x9B,0x8C,0x3D,0xC6,0x3D,0xC6,
    0x3D,0xC6,0x3D,0xC6,0x3D,0xC6,0x3D,0xC6,0xDD,0xB5,0xFA,0x5A,0x19,0x3A,0x59,0x42,
    0x59,0x3A,0x59,0x3A,0x59,0x3A,0x59,0x3A,0x59,0x3A,0x59,0x3A,0x59,0x3A,0x59,0x3A,
    0x59,0x3A,0x59,0x42,0x19,0x32,0x7A,0x63,0x1D,0xBE,0x3D,0xC6,0x3D,0xC6,0x3D,0xC6,
    0x3D,0xC6,0x3D,0xC6,0xFD,0xBD,0x3B,0x84,0xDB,0x73,0xFB,0x73,0xFB,0x73,0xFB,0x73,
    0xFB,0x73,0xDB,0x73,0xFA,0x52,0x39,0x3A,0x19,0x3A,0x99,0x4A,0xFE,0xDE,0xFF,0xFF,
    0xFF,0xFF,0xFF,0xFF,0xFF,0xFF,0xFF,0xFF,0xFF,0xFF,0xFF,0xFF,0xFF,0xFF,0xFF,0xFF,
    0xFF,0xFF,0xFF,0xFF,0xFF,0xFF,0xFF,0xFF,0xFF,0xFF,0xFF,0xFF,0xFF,0xFF,0xFF,0xFF,
    0xFF,0xFF,0xFF,0xFF,0xFF,0xFF,0xFF,0xFF,0xFF,0xFF,0xFF,0xFF,0xFF,0xFF,0xFF,0xFF,
    0xFF,0xFF,0xFF,0xFF,0xFF,0xFF,0xFF,0xFF,0xFF,0xFF,0xFF,0xFF,0xFF,0xFF,0xFF,0xFF,
    0xFF,0xFF,0xFF,0xFF,0xFF,0xFF,0xFF,0xFF,0xFF,0xFF,0xFF,0xFF,0xFF,0xFF,0xFF,0xFF,
    0xFF,0xFF,0xFF,0xFF,0xFF,0xFF,0xFF,0xFF,0xFF,0xFF,0xFF,0xFF,0xFF,0xFF,0xFF,0xFF,
    0xFF,0xFF,0xFF,0xFF,0xFF,0xFF,0xFF,0xFF,0xFF,0xFF,0xFF,0xFF,0xFF,0xFF,0xFF,0xFF,
    0xFF,0xFF,0xFF,0xFF,0xFF,0xFF,0xFF,0xFF,0xFF,0xFF,0xFF,0xFF,0xFF,0xFF,0xFF,0xFF,
    0xFF,0xFF,0xFF,0xFF,0xFF,0xFF,0xFF,0xFF,0xFF,0xFF,0xFF,0xFF,0xFF,0xFF,0xFF,0xFF,
    0xFF,0xFF,0xFF,0xFF,0xFF,0xFF,0xFF,0xFF,0xFF,0xFF,0xFF,0xFF,0xFF,0xFF,0xFF,0xFF,
    0xFF,0xFF,0xFF,0xFF,0xFF,0xFF,0xFF,0xFF,0xFF,0xFF,0xFF,0xFF,0xFF,0xFF,0xFF,0xFF,
    0xFF,0xFF,0xFF,0xFF,0xFF,0xFF,0xFF,0xFF,0xFF,0xFF,0xFF,0xFF,0xFF,0xFF,0xFF,0xFF,
    0xFF,0xFF,0xFF,0xFF,0xFF,0xFF,0xFF,0xFF,0xFF,0xFF,0xFF,0xFF,0x00,0x00,0xFF,0xFF,
    0x00,0x00,0x00,0x00,0x00,0x00,0x00,0x00,0xFF,0xFF,0x00,0x00,0x55,0xAD,0xFF,0xFF,
    0xFF,0xFF,0xFF,0xFF,0xFF,0xFF,0xFF,0xFF,0xFF,0xFF,0xFF,0xFF,0xFF,0xFF,0xFF,0xFF,
    0xFF,0xFF,0xFF,0xFF,0xFF,0xFF,0xFF,0xFF,0xFF,0xFF,0xFF,0xFF,0xFF,0xFF,0xFF,0xFF,
    0xFF,0xFF,0xFF,0xFF,0xFF,0xFF,0xFF,0xFF,0xFF,0xFF,0xFF,0xFF,0xFF,0xFF,0xFF,0xFF,
    0xFF,0xFF,0xFF,0xFF,0xFF,0xFF,0xFF,0xFF,0xFF,0xFF,0xFF,0xFF,0xFF,0xFF,0xFF,0xFF,
    0xFF,0xFF,0xFF,0xFF,0xFF,0xFF,0xFF,0xFF,0xFF,0xFF,0xFF,0xFF,0xFF,0xFF,0xFF,0xFF,
    0xFF,0xFF,0xFF,0xFF,0xFF,0xFF,0xFF,0xFF,0xFF,0xFF,0xFF,0xFF,0xFF,0xFF,0xFF,0xFF,
    0xFF,0xFF,0xFF,0xFF,0xFF,0xFF,0xFF,0xFF,0xFF,0xFF,0xFF,0xFF,0xFF,0xFF,0xFF,0xFF,
    0xFF,0xFF,0xFF,0xFF,0xFF,0xFF,0xFF,0xFF,0xFF,0xFF,0xFF,0xFF,0xFF,0xFF,0xFF,0xFF,
    0xFF,0xFF,0xFF,0xFF,0xFF,0xFF,0xFF,0xFF,0xFF,0xFF,0xFF,0xFF,0xFF,0xFF,0xFF,0xFF,
    0xFF,0xFF,0xFF,0xFF,0xFF,0xFF,0xFF,0xFF,0xFF,0xFF,0xFF,0xFF,0xFF,0xFF,0xFF,0xFF,
    0xFF,0xFF,0xFF,0xFF,0xFF,0xFF,0xFF,0xFF,0xFF,0xFF,0xFF,0xFF,0xFF,0xFF,0xFF,0xFF,
    0xFF,0xFF,0xFF,0xFF,0xFF,0xFF,0xFF,0xFF,0xFF,0xFF,0xFF,0xFF,0xFF,0xFF,0xFF,0xFF,
    0xFF,0xFF,0xFF,0xFF,0xFF,0xFF,0xFF,0xFF,0xFF,0xFF,0xFF,0xFF,0xFF,0xFF,0xFF,0xFF,
    0x5D,0xC6,0x59,0x3A,0x39,0x3A,0x19,0x3A,0x5C,0xA5,0xBF,0xF7,0xBF,0xF7,0xBF,0xF7,
    0xBF,0xF7,0xBF,0xF7,0xDF,0xFF,0x3D,0xC6,0x39,0x3A,0x59,0x42,0x59,0x42,0x59,0x42,
    0x59,0x42,0x59,0x42,0x59,0x42,0x59,0x3A,0x59,0x3A,0x59,0x3A,0x59,0x3A,0x59,0x3A,
    0x59,0x3A,0x59,0x3A,0x59,0x3A,0x59,0x3A,0x59,0x3A,0x59,0x3A,0x59,0x3A,0x59,0x3A,
    0x59,0x3A,0x39,0x3A,0x59,0x42,0x59,0x42,0x59,0x42,0x59,0x42,0x59,0x42,0x39,0x3A,
    0xB9,0x4A,0xFE,0xDE,0xDF,0xF7,0xBF,0xF7,0xBF,0xF7,0xBF,0xF7,0xBF,0xF7,0xBF,0xF7,
    0x9C,0x8C,0x19,0x32,0x19,0x3A,0x99,0x4A,0xFE,0xDE,0xFF,0xFF,0xFF,0xFF,0xFF,0xFF,
    0xFF,0xFF,0xFF,0xFF,0xFF,0xFF,0xFF,0xFF,0xFF,0xFF,0xFF,0xFF,0xFF,0xFF,0xFF,0xFF,
    0xFF,0xFF,0xFF,0xFF,0xFF,0xFF,0xFF,0xFF,0xFF,0xFF,0xFF,0xFF,0xFF,0xFF,0xFF,0xFF,
    0xFF,0xFF,0xFF,0xFF,0xFF,0xFF,0xFF,0xFF,0xFF,0xFF,0xFF,0xFF,0xFF,0xFF,0xFF,0xFF,
    0xFF,0xFF,0xFF,0xFF,0xFF,0xFF,0xFF,0xFF,0xFF,0xFF,0xFF,0xFF,0xFF,0xFF,0xFF,0xFF,
    0xFF,0xFF,0xFF,0xFF,0xFF,0xFF,0xFF,0xFF,0xFF,0xFF,0xFF,0xFF,0xFF,0xFF,0xFF,0xFF,
    0xFF,0xFF,0xFF,0xFF,0xFF,0xFF,0xFF,0xFF,0xFF,0xFF,0xFF,0xFF,0xFF,0xFF,0xFF,0xFF,
    0xFF,0xFF,0xFF,0xFF,0xFF,0xFF,0xFF,0xFF,0xFF,0xFF,0xFF,0xFF,0xFF,0xFF,0xFF,0xFF,
    0xFF,0xFF,0xFF,0xFF,0xFF,0xFF,0xFF,0xFF,0xFF,0xFF,0xFF,0xFF,0xFF,0xFF,0xFF,0xFF,
    0xFF,0xFF,0xFF,0xFF,0xFF,0xFF,0xFF,0xFF,0xFF,0xFF,0xFF,0xFF,0xFF,0xFF,0xFF,0xFF,
    0xFF,0xFF,0xFF,0xFF,0xFF,0xFF,0xFF,0xFF,0xFF,0xFF,0xFF,0xFF,0xFF,0xFF,0xFF,0xFF,
    0xFF,0xFF,0xFF,0xFF,0xFF,0xFF,0xFF,0xFF,0xFF,0xFF,0xFF,0xFF,0xFF,0xFF,0xFF,0xFF,
    0xFF,0xFF,0xFF,0xFF,0xFF,0xFF,0xFF,0xFF,0xFF,0xFF,0xFF,0xFF,0xFF,0xFF,0xFF,0xFF,
    0xFF,0xFF,0xFF,0xFF,0xFF,0xFF,0xFF,0xFF,0x00,0x00,0xFF,0xFF,0x00,0x00,0x00,0x00,
    0x00,0x00,0x00,0x00,0xFF,0xFF,0x00,0x00,0x55,0xAD,0xFF,0xFF,0xFF,0xFF,0xFF,0xFF,
    0xFF,0xFF,0xFF,0xFF,0xFF,0xFF,0xFF,0xFF,0xFF,0xFF,0xFF,0xFF,0xFF,0xFF,0xFF,0xFF,
    0xFF,0xFF,0xFF,0xFF,0xFF,0xFF,0xFF,0xFF,0xFF,0xFF,0xFF,0xFF,0xFF,0xFF,0xFF,0xFF,
    0xFF,0xFF,0xFF,0xFF,0xFF,0xFF,0xFF,0xFF,0xFF,0xFF,0xFF,0xFF,0xFF,0xFF,0xFF,0xFF,
    0xFF,0xFF,0xFF,0xFF,0xFF,0xFF,0xFF,0xFF,0xFF,0xFF,0xFF,0xFF,0xFF,0xFF,0xFF,0xFF,
    0xFF,0xFF,0xFF,0xFF,0xFF,0xFF,0xFF,0xFF,0xFF,0xFF,0xFF,0xFF,0xFF,0xFF,0xFF,0xFF,
    0xFF,0xFF,0xFF,0xFF,0xFF,0xFF,0xFF,0xFF,0xFF,0xFF,0xFF,0xFF,0xFF,0xFF,0xFF,0xFF,
    0xFF,0xFF,0xFF,0xFF,0xFF,0xFF,0xFF,0xFF,0xFF,0xFF,0xFF,0xFF,0xFF,0xFF,0xFF,0xFF,
    0xFF,0xFF,0xFF,0xFF,0xFF,0xFF,0xFF,0xFF,0xFF,0xFF,0xFF,0xFF,0xFF,0xFF,0xFF,0xFF,
    0xFF,0xFF,0xFF,0xFF,0xFF,0xFF,0xFF,0xFF,0xFF,0xFF,0xFF,0xFF,0xFF,0xFF,0xFF,0xFF,
    0xFF,0xFF,0xFF,0xFF,0xFF,0xFF,0xFF,0xFF,0xFF,0xFF,0xFF,0xFF,0xFF,0xFF,0xFF,0xFF,
    0xFF,0xFF,0xFF,0xFF,0xFF,0xFF,0xFF,0xFF,0xFF,0xFF,0xFF,0xFF,0xFF,0xFF,0xFF,0xFF,
    0xFF,0xFF,0xFF,0xFF,0xFF,0xFF,0xFF,0xFF,0xFF,0xFF,0xFF,0xFF,0xFF,0xFF,0xFF,0xFF,
    0xFF,0xFF,0xFF,0xFF,0xFF,0xFF,0xFF,0xFF,0xFF,0xFF,0xFF,0xFF,0x5D,0xC6,0x59,0x3A,
    0x39,0x3A,0x19,0x3A,0x7D,0xAD,0xFF,0xFF,0xFF,0xFF,0xFF,0xFF,0xFF,0xFF,0xFF,0xFF,
    0xFF,0xFF,0x5E,0xC6,0xF9,0x31,0x39,0x3A,0x39,0x3A,0x39,0x3A,0x39,0x3A,0x39,0x3A,
    0x39,0x3A,0x39,0x3A,0x59,0x3A,0x59,0x3A,0x59,0x3A,0x59,0x3A,0x59,0x3A,0x59,0x3A,
    0x59,0x3A,0x59,0x3A,0x59,0x3A,0x59,0x3A,0x59,0x3A,0x59,0x3A,0x59,0x3A,0x39,0x3A,
    0x39,0x3A,0x39,0x3A,0x39,0x3A,0x39,0x3A,0x39,0x3A,0x19,0x32,0x99,0x4A,0x3E,0xE7,
    0xFF,0xFF,0xFF,0xFF,0xFF,0xFF,0xFF,0xFF,0xFF,0xFF,0xFF,0xFF,0xBC,0x8C,0x19,0x32,
    0x19,0x3A,0x99,0x4A,0xFE,0xDE,0xFF,0xFF,0xFF,0xFF,0xFF,0xFF,0xFF,0xFF,0xFF,0xFF,
    0xFF,0xFF,0xFF,0xFF,0xFF,0xFF,0xFF,0xFF,0xFF,0xFF,0xFF,0xFF,0xFF,0xFF,0xFF,0xFF,
    0xFF,0xFF,0xFF,0xFF,0xFF,0xFF,0xFF,0xFF,0xFF,0xFF,0xFF,0xFF,0xFF,0xFF,0xFF,0xFF,
    0xFF,0xFF,0xFF,0xFF,0xFF,0xFF,0xFF,0xFF,0xFF,0xFF,0xFF,0xFF,0xFF,0xFF,0xFF,0xFF,
    0xFF,0xFF,0xFF,0xFF,0xFF,0xFF,0xFF,0xFF,0xFF,0xFF,0xFF,0xFF,0xFF,0xFF,0xFF,0xFF,
    0xFF,0xFF,0xFF,0xFF,0xFF,0xFF,0xFF,0xFF,0xFF,0xFF,0xFF,0xFF,0xFF,0xFF,0xFF,0xFF,
    0xFF,0xFF,0xFF,0xFF,0xFF,0xFF,0xFF,0xFF,0xFF,0xFF,0xFF,0xFF,0xFF,0xFF,0xFF,0xFF,
    0xFF,0xFF,0xFF,0xFF,0xFF,0xFF,0xFF,0xFF,0xFF,0xFF,0xFF,0xFF,0xFF,0xFF,0xFF,0xFF,
    0xFF,0xFF,0xFF,0xFF,0xFF,0xFF,0xFF,0xFF,0xFF,0xFF,0xFF,0xFF,0xFF,0xFF,0xFF,0xFF,
    0xFF,0xFF,0xFF,0xFF,0xFF,0xFF,0xFF,0xFF,0xFF,0xFF,0xFF,0xFF,0xFF,0xFF,0xFF,0xFF,
    0xFF,0xFF,0xFF,0xFF,0xFF,0xFF,0xFF,0xFF,0xFF,0xFF,0xFF,0xFF,0xFF,0xFF,0xFF,0xFF,
    0xFF,0xFF,0xFF,0xFF,0xFF,0xFF,0xFF,0xFF,0xFF,0xFF,0xFF,0xFF,0xFF,0xFF,0xFF,0xFF,
    0xFF,0xFF,0xFF,0xFF,0xFF,0xFF,0xFF,0xFF,0xFF,0xFF,0xFF,0xFF,0xFF,0xFF,0xFF,0xFF,
    0xFF,0xFF,0xFF,0xFF,0x00,0x00,0xFF,0xFF,0x00,0x00,0x00,0x00,0x00,0x00,0x00,0x00,
    0xFF,0xFF,0x00,0x00,0x55,0xAD,0xFF,0xFF,0xFF,0xFF,0xFF,0xFF,0xFF,0xFF,0xFF,0xFF,
    0xFF,0xFF,0xFF,0xFF,0xFF,0xFF,0xFF,0xFF,0xFF,0xFF,0xFF,0xFF,0xFF,0xFF,0xFF,0xFF,
    0xFF,0xFF,0xFF,0xFF,0xFF,0xFF,0xFF,0xFF,0xFF,0xFF,0xFF,0xFF,0xFF,0xFF,0xFF,0xFF,
    0xFF,0xFF,0xFF,0xFF,0xFF,0xFF,0xFF,0xFF,0xFF,0xFF,0xFF,0xFF,0xFF,0xFF,0xFF,0xFF,
    0xFF,0xFF,0xFF,0xFF,0xFF,0xFF,0xFF,0xFF,0xFF,0xFF,0xFF,0xFF,0xFF,0xFF,0xFF,0xFF,
    0xFF,0xFF,0xFF,0xFF,0xFF,0xFF,0xFF,0xFF,0xFF,0xFF,0xFF,0xFF,0xFF,0xFF,0xFF,0xFF,
    0xFF,0xFF,0xFF,0xFF,0xFF,0xFF,0xFF,0xFF,0xFF,0xFF,0xFF,0xFF,0xFF,0xFF,0xFF,0xFF,
    0xFF,0xFF,0xFF,0xFF,0xFF,0xFF,0xFF,0xFF,0xFF,0xFF,0xFF,0xFF,0xFF,0xFF,0xFF,0xFF,
    0xFF,0xFF,0xFF,0xFF,0xFF,0xFF,0xFF,0xFF,0xFF,0xFF,0xFF,0xFF,0xFF,0xFF,0xFF,0xFF,
    0xFF,0xFF,0xFF,0xFF,0xFF,0xFF,0xFF,0xFF,0xFF,0xFF,0xFF,0xFF,0xFF,0xFF,0xFF,0xFF,
    0xFF,0xFF,0xFF,0xFF,0xFF,0xFF,0xFF,0xFF,0xFF,0xFF,0xFF,0xFF,0xFF,0xFF,0xFF,0xFF,
    0xFF,0xFF,0xFF,0xFF,0xFF,0xFF,0xFF,0xFF,0xFF,0xFF,0xFF,0xFF,0xFF,0xFF,0xFF,0xFF,
    0xFF,0xFF,0xFF,0xFF,0xFF,0xFF,0xFF,0xFF,0xFF,0xFF,0xFF,0xFF,0xFF,0xFF,0xFF,0xFF,
    0xFF,0xFF,0xFF,0xFF,0xFF,0xFF,0xFF,0xFF,0x5D,0xC6,0x59,0x3A,0x39,0x3A,0x19,0x3A,
    0x5D,0xAD,0xFF,0xFF,0xFF,0xFF,0xFF,0xFF,0xFF,0xFF,0xFF,0xFF,0xFF,0xFF,0x5E,0xC6,
    0x19,0x3A,0x59,0x3A,0x59,0x42,0x59,0x42,0x59,0x42,0x59,0x42,0x59,0x42,0x59,0x3A,
    0x59,0x3A,0x59,0x3A,0x59,0x3A,0x59,0x3A,0x59,0x3A,0x59,0x3A,0x59,0x3A,0x59,0x3A,
    0x59,0x3A,0x59,0x3A,0x59,0x3A,0x59,0x3A,0x59,0x3A,0x59,0x3A,0x59,0x42,0x59,0x42,
    0x59,0x42,0x59,0x42,0x59,0x42,0x39,0x3A,0x99,0x4A,0x3E,0xE7,0xFF,0xFF,0xFF,0xFF,
    0xFF,0xFF,0xFF,0xFF,0xFF,0xFF,0xFF,0xFF,0x9C,0x8C,0x19,0x32,0x19,0x3A,0x99,0x4A,
    0xFE,0xDE,0xFF,0xFF,0xFF,0xFF,0xFF,0xFF,0xFF,0xFF,0xFF,0xFF,0xFF,0xFF,0xFF,0xFF,
    0xFF,0xFF,0xFF,0xFF,0xFF,0xFF,0xFF,0xFF,0xFF,0xFF,0xFF,0xFF,0xFF,0xFF,0xFF,0xFF,
    0xFF,0xFF,0xFF,0xFF,0xFF,0xFF,0xFF,0xFF,0xFF,0xFF,0xFF,0xFF,0xFF,0xFF,0xFF,0xFF,
    0xFF,0xFF,0xFF,0xFF,0xFF,0xFF,0xFF,0xFF,0xFF,0xFF,0xFF,0xFF,0xFF,0xFF,0xFF,0xFF,
    0xFF,0xFF,0xFF,0xFF,0xFF,0xFF,0xFF,0xFF,0xFF,0xFF,0xFF,0xFF,0xFF,0xFF,0xFF,0xFF,
    0xFF,0xFF,0xFF,0xFF,0xFF,0xFF,0xFF,0xFF,0xFF,0xFF,0xFF,0xFF,0xFF,0xFF,0xFF,0xFF,
    0xFF,0xFF,0xFF,0xFF,0xFF,0xFF,0xFF,0xFF,0xFF,0xFF,0xFF,0xFF,0xFF,0xFF,0xFF,0xFF,
    0xFF,0xFF,0xFF,0xFF,0xFF,0xFF,0xFF,0xFF,0xFF,0xFF,0xFF,0xFF,0xFF,0xFF,0xFF,0xFF,
    0xFF,0xFF,0xFF,0xFF,0xFF,0xFF,0xFF,0xFF,0xFF,0xFF,0xFF,0xFF,0xFF,0xFF,0xFF,0xFF,
    0xFF,0xFF,0xFF,0xFF,0xFF,0xFF,0xFF,0xFF,0xFF,0xFF,0xFF,0xFF,0xFF,0xFF,0xFF,0xFF,
    0xFF,0xFF,0xFF,0xFF,0xFF,0xFF,0xFF,0xFF,0xFF,0xFF,0xFF,0xFF,0xFF,0xFF,0xFF,0xFF,
    0xFF,0xFF,0xFF,0xFF,0xFF,0xFF,0xFF,0xFF,0xFF,0xFF,0xFF,0xFF,0xFF,0xFF,0xFF,0xFF,
    0xFF,0xFF,0xFF,0xFF,0xFF,0xFF,0xFF,0xFF,0xFF,0xFF,0xFF,0xFF,0xFF,0xFF,0xFF,0xFF,
    0x00,0x00,0xFF,0xFF,0x00,0x00,0x00,0x00,0x00,0x00,0x00,0x00,0xFF,0xFF,0x00,0x00,
    0x55,0xAD,0xFF,0xFF,0xFF,0xFF,0xFF,0xFF,0xFF,0xFF,0xFF,0xFF,0xFF,0xFF,0xFF,0xFF,
    0xFF,0xFF,0xFF,0xFF,0xFF,0xFF,0xFF,0xFF,0xFF,0xFF,0xFF,0xFF,0xFF,0xFF,0xFF,0xFF,
    0xFF,0xFF,0xFF,0xFF,0xFF,0xFF,0xFF,0xFF,0xFF,0xFF,0xFF,0xFF,0xFF,0xFF,0xFF,0xFF,
    0xFF,0xFF,0xFF,0xFF,0xFF,0xFF,0xFF,0xFF,0xFF,0xFF,0xFF,0xFF,0xFF,0xFF,0xFF,0xFF,
    0xFF,0xFF,0xFF,0xFF,0xFF,0xFF,0xFF,0xFF,0xFF,0xFF,0xFF,0xFF,0xFF,0xFF,0xFF,0xFF,
    0xFF,0xFF,0xFF,0xFF,0xFF,0xFF,0xFF,0xFF,0xFF,0xFF,0xFF,0xFF,0xFF,0xFF,0xFF,0xFF,
    0xFF,0xFF,0xFF,0xFF,0xFF,0xFF,0xFF,0xFF,0xFF,0xFF,0xFF,0xFF,0xFF,0xFF,0xFF,0xFF,
    0xFF,0xFF,0xFF,0xFF,0xFF,0xFF,0xFF,0xFF,0xFF,0xFF,0xFF,0xFF,0xFF,0xFF,0xFF,0xFF,
    0xFF,0xFF,0xFF,0xFF,0xFF,0xFF,0xFF,0xFF,0xFF,0xFF,0xFF,0xFF,0xFF,0xFF,0xFF,0xFF,
    0xFF,0xFF,0xFF,0xFF,0xFF,0xFF,0xFF,0xFF,0xFF,0xFF,0xFF,0xFF,0xFF,0xFF,0xFF,0xFF,
    0xFF,0xFF,0xFF,0xFF,0xFF,0xFF,0xFF,0xFF,0xFF,0xFF,0xFF,0xFF,0xFF,0xFF,0xFF,0xFF,
    0xFF,0xFF,0xFF,0xFF,0xFF,0xFF,0xFF,0xFF,0xFF,0xFF,0xFF,0xFF,0xFF,0xFF,0xFF,0xFF,
    0xFF,0xFF,0xFF,0xFF,0xFF,0xFF,0xFF,0xFF,0xFF,0xFF,0xFF,0xFF,0xFF,0xFF,0xFF,0xFF,
    0xFF,0xFF,0xFF,0xFF,0x5D,0xC6,0x59,0x3A,0x39,0x3A,0x19,0x3A,0x5D,0xAD,0xFF,0xFF,
    0xFF,0xFF,0xFF,0xFF,0xFF,0xFF,0xFF,0xFF,0xFF,0xFF,0x5E,0xC6,0x19,0x3A,0x39,0x3A,
    0x59,0x42,0x59,0x3A,0x59,0x3A,0x59,0x3A,0x59,0x3A,0x59,0x3A,0x59,0x3A,0x59,0x3A,
    0x59,0x3A,0x59,0x3A,0x59,0x3A,0x59,0x3A,0x59,0x3A,0x59,0x3A,0x59,0x3A,0x59,0x3A,
    0x59,0x3A,0x59,0x3A,0x59,0x3A,0x59,0x3A,0x59,0x3A,0x59,0x3A,0x59,0x3A,0x59,0x3A,
    0x59,0x42,0x19,0x3A,0x99,0x4A,0x3E,0xE7,0xFF,0xFF,0xFF,0xFF,0xFF,0xFF,0xFF,0xFF,
    0xFF,0xFF,0xFF,0xFF,0x9C,0x8C,0x19,0x32,0x19,0x3A,0x99,0x4A,0xFE,0xDE,0xFF,0xFF,
    0xFF,0xFF,0xFF,0xFF,0xFF,0xFF,0xFF,0xFF,0xFF,0xFF,0xFF,0xFF,0xFF,0xFF,0xFF,0xFF,
    0xFF,0xFF,0xFF,0xFF,0xFF,0xFF,0xFF,0xFF,0xFF,0xFF,0xFF,0xFF,0xFF,0xFF,0xFF,0xFF,
    0xFF,0xFF,0xFF,0xFF,0xFF,0xFF,0xFF,0xFF,0xFF,0xFF,0xFF,0xFF,0xFF,0xFF,0xFF,0xFF,
    0xFF,0xFF,0xFF,0xFF,0xFF,0xFF,0xFF,0xFF,0xFF,0xFF,0xFF,0xFF,0xFF,0xFF,0xFF,0xFF,
    0xFF,0xFF,0xFF,0xFF,0xFF,0xFF,0xFF,0xFF,0xFF,0xFF,0xFF,0xFF,0xFF,0xFF,0xFF,0xFF,
    0xFF,0xFF,0xFF,0xFF,0xFF,0xFF,0xFF,0xFF,0xFF,0xFF,0xFF,0xFF,0xFF,0xFF,0xFF,0xFF,
    0xFF,0xFF,0xFF,0xFF,0xFF,0xFF,0xFF,0xFF,0xFF,0xFF,0xFF,0xFF,0xFF,0xFF,0xFF,0xFF,
    0xFF,0xFF,0xFF,0xFF,0xFF,0xFF,0xFF,0xFF,0xFF,0xFF,0xFF,0xFF,0xFF,0xFF,0xFF,0xFF,
    0xFF,0xFF,0xFF,0xFF,0xFF,0xFF,0xFF,0xFF,0xFF,0xFF,0xFF,0xFF,0xFF,0xFF,0xFF,0xFF,
    0xFF,0xFF,0xFF,0xFF,0xFF,0xFF,0xFF,0xFF,0xFF,0xFF,0xFF,0xFF,0xFF,0xFF,0xFF,0xFF,
    0xFF,0xFF,0xFF,0xFF,0xFF,0xFF,0xFF,0xFF,0xFF,0xFF,0xFF,0xFF,0xFF,0xFF,0xFF,0xFF,
    0xFF,0xFF,0xFF,0xFF,0xFF,0xFF,0xFF,0xFF,0xFF,0xFF,0xFF,0xFF,0xFF,0xFF,0xFF,0xFF,
    0xFF,0xFF,0xFF,0xFF,0xFF,0xFF,0xFF,0xFF,0xFF,0xFF,0xFF,0xFF,0x00,0x00,0xFF,0xFF,
    0x00,0x00,0x00,0x00,0x00,0x00,0x00,0x00,0xFF,0xFF,0x00,0x00,0x55,0xAD,0xFF,0xFF,
    0xFF,0xFF,0xFF,0xFF,0xFF,0xFF,0xFF,0xFF,0xFF,0xFF,0xFF,0xFF,0xFF,0xFF,0xFF,0xFF,
    0xFF,0xFF,0xFF,0xFF,0xFF,0xFF,0xFF,0xFF,0xFF,0xFF,0xFF,0xFF,0xFF,0xFF,0xFF,0xFF,
    0xFF,0xFF,0xFF,0xFF,0xFF,0xFF,0xFF,0xFF,0xFF,0xFF,0xFF,0xFF,0xFF,0xFF,0xFF,0xFF,
    0xFF,0xFF,0xFF,0xFF,0xFF,0xFF,0xFF,0xFF,0xFF,0xFF,0xFF,0xFF,0xFF,0xFF,0xFF,0xFF,
    0xFF,0xFF,0xFF,0xFF,0xFF,0xFF,0xFF,0xFF,0xFF,0xFF,0xFF,0xFF,0xFF,0xFF,0xFF,0xFF,
    0xFF,0xFF,0xFF,0xFF,0xFF,0xFF,0xFF,0xFF,0xFF,0xFF,0xFF,0xFF,0xFF,0xFF,0xFF,0xFF,
    0xFF,0xFF,0xFF,0xFF,0xFF,0xFF,0xFF,0xFF,0xFF,0xFF,0xFF,0xFF,0xFF,0xFF,0xFF,0xFF,
    0xFF,0xFF,0xFF,0xFF,0xFF,0xFF,0xFF,0xFF,0xFF,0xFF,0xFF,0xFF,0xFF,0xFF,0xFF,0xFF,
    0xFF,0xFF,0xFF,0xFF,0xFF,0xFF,0xFF,0xFF,0xFF,0xFF,0xFF,0xFF,0xFF,0xFF,0xFF,0xFF,
    0xFF,0xFF,0xFF,0xFF,0xFF,0xFF,0xFF,0xFF,0xFF,0xFF,0xFF,0xFF,0xFF,0xFF,0xFF,0xFF,
    0xFF,0xFF,0xFF,0xFF,0xFF,0xFF,0xFF,0xFF,0xFF,0xFF,0xFF,0xFF,0xFF,0xFF,0xFF,0xFF,
    0xFF,0xFF,0xFF,0xFF,0xFF,0xFF,0xFF,0xFF,0xFF,0xFF,0xFF,0xFF,0xFF,0xFF,0xFF,0xFF,
    0xFF,0xFF,0xFF,0xFF,0xFF,0xFF,0xFF,0xFF,0xFF,0xFF,0xFF,0xFF,0xFF,0xFF,0xFF,0xFF,
    0x5D,0xC6,0x59,0x3A,0x39,0x3A,0x19,0x3A,0x5D,0xA5,0xFF,0xFF,0xFF,0xFF,0xFF,0xFF,
    0xFF,0xFF,0xFF,0xFF,0xFF,0xFF,0x5E,0xC6,0x19,0x3A,0x59,0x3A,0x59,0x42,0x59,0x42,
    0x59,0x42,0x59,0x42,0x59,0x42,0x59,0x3A,0x59,0x3A,0x59,0x3A,0x59,0x3A,0x59,0x3A,
    0x59,0x3A,0x59,0x3A,0x59,0x3A,0x59,0x3A,0x59,0x3A,0x59,0x3A,0x59,0x3A,0x59,0x3A,
    0x59,0x3A,0x59,0x3A,0x59,0x42,0x59,0x42,0x59,0x42,0x59,0x42,0x59,0x42,0x39,0x3A,
    0x99,0x4A,0x1E,0xE7,0xFF,0xFF,0xFF,0xFF,0xFF,0xFF,0xFF,0xFF,0xFF,0xFF,0xFF,0xFF,
    0x9C,0x8C,0x19,0x32,0x19,0x3A,0x99,0x4A,0xFE,0xDE,0xFF,0xFF,0xFF,0xFF,0xFF,0xFF,
    0xFF,0xFF,0xFF,0xFF,0xFF,0xFF,0xFF,0xFF,0xFF,0xFF,0xFF,0xFF,0xFF,0xFF,0xFF,0xFF,
    0xFF,0xFF,0xFF,0xFF,0xFF,0xFF,0xFF,0xFF,0xFF,0xFF,0xFF,0xFF,0xFF,0xFF,0xFF,0xFF,
    0xFF,0xFF,0xFF,0xFF,0xFF,0xFF,0xFF,0xFF,0xFF,0xFF,0xFF,0xFF,0xFF,0xFF,0xFF,0xFF,
    0xFF,0xFF,0xFF,0xFF,0xFF,0xFF,0xFF,0xFF,0xFF,0xFF,0xFF,0xFF,0xFF,0xFF,0xFF,0xFF,
    0xFF,0xFF,0xFF,0xFF,0xFF,0xFF,0xFF,0xFF,0xFF,0xFF,0xFF,0xFF,0xFF,0xFF,0xFF,0xFF,
    0xFF,0xFF,0xFF,0xFF,0xFF,0xFF,0xFF,0xFF,0xFF,0xFF,0xFF,0xFF,0xFF,0xFF,0xFF,0xFF,
    0xFF,0xFF,0xFF,0xFF,0xFF,0xFF,0xFF,0xFF,0xFF,0xFF,0xFF,0xFF,0xFF,0xFF,0xFF,0xFF,
    0xFF,0xFF,0xFF,0xFF,0xFF,0xFF,0xFF,0xFF,0xFF,0xFF,0xFF,0xFF,0xFF,0xFF,0xFF,0xFF,
    0xFF,0xFF,0xFF,0xFF,0xFF,0xFF,0xFF,0xFF,0xFF,0xFF,0xFF,0xFF,0xFF,0xFF,0xFF,0xFF,
    0xFF,0xFF,0xFF,0xFF,0xFF,0xFF,0xFF,0xFF,0xFF,0xFF,0xFF,0xFF,0xFF,0xFF,0xFF,0xFF,
    0xFF,0xFF,0xFF,0xFF,0xFF,0xFF,0xFF,0xFF,0xFF,0xFF,0xFF,0xFF,0xFF,0xFF,0xFF,0xFF,
    0xFF,0xFF,0xFF,0xFF,0xFF,0xFF,0xFF,0xFF,0xFF,0xFF,0xFF,0xFF,0xFF,0xFF,0xFF,0xFF,
    0xFF,0xFF,0xFF,0xFF,0xFF,0xFF,0xFF,0xFF,0x00,0x00,0xFF,0xFF,0x00,0x00,0x00,0x00,
    0x00,0x00,0x00,0x00,0xFF,0xFF,0x00,0x00,0x55,0xAD,0xFF,0xFF,0xFF,0xFF,0xFF,0xFF,
    0xFF,0xFF,0xFF,0xFF,0xFF,0xFF,0xFF,0xFF,0xFF,0xFF,0xFF,0xFF,0xFF,0xFF,0xFF,0xFF,
    0xFF,0xFF,0xFF,0xFF,0xFF,0xFF,0xFF,0xFF,0xFF,0xFF,0xFF,0xFF,0xFF,0xFF,0xFF,0xFF,
    0xFF,0xFF,0xFF,0xFF,0xFF,0xFF,0xFF,0xFF,0xFF,0xFF,0xFF,0xFF,0xFF,0xFF,0xFF,0xFF,
    0xFF,0xFF,0xFF,0xFF,0xFF,0xFF,0xFF,0xFF,0xFF,0xFF,0xFF,0xFF,0xFF,0xFF,0xFF,0xFF,
    0xFF,0xFF,0xFF,0xFF,0xFF,0xFF,0xFF,0xFF,0xFF,0xFF,0xFF,0xFF,0xFF,0xFF,0xFF,0xFF,
    0xFF,0xFF,0xFF,0xFF,0xFF,0xFF,0xFF,0xFF,0xFF,0xFF,0xFF,0xFF,0xFF,0xFF,0xFF,0xFF,
    0xFF,0xFF,0xFF,0xFF,0xFF,0xFF,0xFF,0xFF,0xFF,0xFF,0xFF,0xFF,0xFF,0xFF,0xFF,0xFF,
    0xFF,0xFF,0xFF,0xFF,0xFF,0xFF,0xFF,0xFF,0xFF,0xFF,0xFF,0xFF,0xFF,0xFF,0xFF,0xFF,
    0xFF,0xFF,0xFF,0xFF,0xFF,0xFF,0xFF,0xFF,0xFF,0xFF,0xFF,0xFF,0xFF,0xFF,0xFF,0xFF,
    0xFF,0xFF,0xFF,0xFF,0xFF,0xFF,0xFF,0xFF,0xFF,0xFF,0xFF,0xFF,0xFF,0xFF,0xFF,0xFF,
    0xFF,0xFF,0xFF,0xFF,0xFF,0xFF,0xFF,0xFF,0xFF,0xFF,0xFF,0xFF,0xFF,0xFF,0xFF,0xFF,
    0xFF,0xFF,0xFF,0xFF,0xFF,0xFF,0xFF,0xFF,0xFF,0xFF,0xFF,0xFF,0xFF,0xFF,0xFF,0xFF,
    0xFF,0xFF,0xFF,0xFF,0xFF,0xFF,0xFF,0xFF,0xFF,0xFF,0xFF,0xFF,0x5D,0xC6,0x59,0x3A,
    0x39,0x3A,0x19,0x3A,0x7D,0xAD,0xFF,0xFF,0xFF,0xFF,0xFF,0xFF,0xFF,0xFF,0xFF,0xFF,
    0xFF,0xFF,0x5E,0xC6,0xF9,0x31,0x19,0x3A,0x39,0x3A,0x19,0x3A,0x19,0x3A,0x19,0x3A,
    0x39,0x3A,0x39,0x3A,0x59,0x3A,0x59,0x3A,0x59,0x3A,0x59,0x3A,0x59,0x3A,0x59,0x3A,
    0x59,0x3A,0x59,0x3A,0x59,0x3A,0x59,0x3A,0x59,0x3A,0x59,0x3A,0x59,0x3A,0x39,0x3A,
    0x19,0x3A,0x19,0x3A,0x19,0x3A,0x19,0x3A,0x39,0x3A,0xF9,0x31,0x79,0x42,0x3E,0xE7,
    0xFF,0xFF,0xFF,0xFF,0xFF,0xFF,0xFF,0xFF,0xFF,0xFF,0xFF,0xFF,0xBC,0x8C,0x19,0x32,
    0x19,0x3A,0x99,0x4A,0xFE,0xDE,0xFF,0xFF,0xFF,0xFF,0xFF,0xFF,0xFF,0xFF,0xFF,0xFF,
    0xFF,0xFF,0xFF,0xFF,0xFF,0xFF,0xFF,0xFF,0xFF,0xFF,0xFF,0xFF,0xFF,0xFF,0xFF,0xFF,
    0xFF,0xFF,0xFF,0xFF,0xFF,0xFF,0xFF,0xFF,0xFF,0xFF,0xFF,0xFF,0xFF,0xFF,0xFF,0xFF,
    0xFF,0xFF,0xFF,0xFF,0xFF,0xFF,0xFF,0xFF,0xFF,0xFF,0xFF,0xFF,0xFF,0xFF,0xFF,0xFF,
    0xFF,0xFF,0xFF,0xFF,0xFF,0xFF,0xFF,0xFF,0xFF,0xFF,0xFF,0xFF,0xFF,0xFF,0xFF,0xFF,
    0xFF,0xFF,0xFF,0xFF,0xFF,0xFF,0xFF,0xFF,0xFF,0xFF,0xFF,0xFF,0xFF,0xFF,0xFF,0xFF,
    0xFF,0xFF,0xFF,0xFF,0xFF,0xFF,0xFF,0xFF,0xFF,0xFF,0xFF,0xFF,0xFF,0xFF,0xFF,0xFF,
    0xFF,0xFF,0xFF,0xFF,0xFF,0xFF,0xFF,0xFF,0xFF,0xFF,0xFF,0xFF,0xFF,0xFF,0xFF,0xFF,
    0xFF,0xFF,0xFF,0xFF,0xFF,0xFF,0xFF,0xFF,0xFF,0xFF,0xFF,0xFF,0xFF,0xFF,0xFF,0xFF,
    0xFF,0xFF,0xFF,0xFF,0xFF,0xFF,0xFF,0xFF,0xFF,0xFF,0xFF,0xFF,0xFF,0xFF,0xFF,0xFF,
    0xFF,0xFF,0xFF,0xFF,0xFF,0xFF,0xFF,0xFF,0xFF,0xFF,0xFF,0xFF,0xFF,0xFF,0xFF,0xFF,
    0xFF,0xFF,0xFF,0xFF,0xFF,0xFF,0xFF,0xFF,0xFF,0xFF,0xFF,0xFF,0xFF,0xFF,0xFF,0xFF,
    0xFF,0xFF,0xFF,0xFF,0xFF,0xFF,0xFF,0xFF,0xFF,0xFF,0xFF,0xFF,0xFF,0xFF,0xFF,0xFF,
    0xFF,0xFF,0xFF,0xFF,0x00,0x00,0xFF,0xFF,0x00,0x00,0x00,0x00,0x00,0x00,0x00,0x00,
    0xFF,0xFF,0x00,0x00,0x55,0xAD,0xFF,0xFF,0xFF,0xFF,0xFF,0xFF,0xFF,0xFF,0xFF,0xFF,
    0xFF,0xFF,0xFF,0xFF,0xFF,0xFF,0xFF,0xFF,0xFF,0xFF,0xFF,0xFF,0xFF,0xFF,0xFF,0xFF,
    0xFF,0xFF,0xFF,0xFF,0xFF,0xFF,0xFF,0xFF,0xFF,0xFF,0xFF,0xFF,0xFF,0xFF,0xFF,0xFF,
    0xFF,0xFF,0xFF,0xFF,0xFF,0xFF,0xFF,0xFF,0xFF,0xFF,0xFF,0xFF,0xFF,0xFF,0xFF,0xFF,
    0xFF,0xFF,0xFF,0xFF,0xFF,0xFF,0xFF,0xFF,0xFF,0xFF,0xFF,0xFF,0xFF,0xFF,0xFF,0xFF,
    0xFF,0xFF,0xFF,0xFF,0xFF,0xFF,0xFF,0xFF,0xFF,0xFF,0xFF,0xFF,0xFF,0xFF,0xFF,0xFF,
    0xFF,0xFF,0xFF,0xFF,0xFF,0xFF,0xFF,0xFF,0xFF,0xFF,0xFF,0xFF,0xFF,0xFF,0xFF,0xFF,
    0xFF,0xFF,0xFF,0xFF,0xFF,0xFF,0xFF,0xFF,0xFF,0xFF,0xFF,0xFF,0xFF,0xFF,0xFF,0xFF,
    0xFF,0xFF,0xFF,0xFF,0xFF,0xFF,0xFF,0xFF,0xFF,0xFF,0xFF,0xFF,0xFF,0xFF,0xFF,0xFF,
    0xFF,0xFF,0xFF,0xFF,0xFF,0xFF,0xFF,0xFF,0xFF,0xFF,0xFF,0xFF,0xFF,0xFF,0xFF,0xFF,
    0xFF,0xFF,0xFF,0xFF,0xFF,0xFF,0xFF,0xFF,0xFF,0xFF,0xFF,0xFF,0xFF,0xFF,0xFF,0xFF,
    0xFF,0xFF,0xFF,0xFF,0xFF,0xFF,0xFF,0xFF,0xFF,0xFF,0xFF,0xFF,0xFF,0xFF,0xFF,0xFF,
    0xFF,0xFF,0xFF,0xFF,0xFF,0xFF,0xFF,0xFF,0xFF,0xFF,0xFF,0xFF,0xFF,0xFF,0xFF,0xFF,
    0xFF,0xFF,0xFF,0xFF,0xFF,0xFF,0xFF,0xFF,0x5D,0xC6,0x59,0x3A,0x39,0x3A,0x19,0x3A,
    0x1C,0x9D,0x9F,0xF7,0x7F,0xEF,0x7F,0xEF,0x7F,0xEF,0x7F,0xEF,0x9F,0xF7,0x1D,0xBE,
    0x99,0x4A,0xB9,0x4A,0xBA,0x4A,0xBA,0x4A,0xBA,0x4A,0xBA,0x4A,0xB9,0x4A,0x59,0x42,
    0x39,0x3A,0x59,0x3A,0x59,0x3A,0x59,0x3A,0x59,0x3A,0x59,0x3A,0x59,0x3A,0x59,0x3A,
    0x59,0x3A,0x59,0x3A,0x59,0x3A,0x59,0x3A,0x39,0x3A,0x79,0x42,0xB9,0x4A,0xBA,0x4A,
    0xBA,0x4A,0xBA,0x4A,0xBA,0x4A,0x99,0x4A,0xFA,0x52,0xDE,0xD6,0x9F,0xF7,0x7F,0xEF,
    0x7F,0xEF,0x7F,0xEF,0x7F,0xEF,0x7F,0xEF,0x7B,0x84,0x19,0x3A,0x19,0x3A,0x99,0x4A,
    0xFE,0xDE,0xFF,0xFF,0xFF,0xFF,0xFF,0xFF,0xFF,0xFF,0xFF,0xFF,0xFF,0xFF,0xFF,0xFF,
    0xFF,0xFF,0xFF,0xFF,0xFF,0xFF,0xFF,0xFF,0xFF,0xFF,0xFF,0xFF,0xFF,0xFF,0xFF,0xFF,
    0xFF,0xFF,0xFF,0xFF,0xFF,0xFF,0xFF,0xFF,0xFF,0xFF,0xFF,0xFF,0xFF,0xFF,0xFF,0xFF,
    0xFF,0xFF,0xFF,0xFF,0xFF,0xFF,0xFF,0xFF,0xFF,0xFF,0xFF,0xFF,0xFF,0xFF,0xFF,0xFF,
    0xFF,0xFF,0xFF,0xFF,0xFF,0xFF,0xFF,0xFF,0xFF,0xFF,0xFF,0xFF,0xFF,0xFF,0xFF,0xFF,
    0xFF,0xFF,0xFF,0xFF,0xFF,0xFF,0xFF,0xFF,0xFF,0xFF,0xFF,0xFF,0xFF,0xFF,0xFF,0xFF,
    0xFF,0xFF,0xFF,0xFF,0xFF,0xFF,0xFF,0xFF,0xFF,0xFF,0xFF,0xFF,0xFF,0xFF,0xFF,0xFF,
    0xFF,0xFF,0xFF,0xFF,0xFF,0xFF,0xFF,0xFF,0xFF,0xFF,0xFF,0xFF,0xFF,0xFF,0xFF,0xFF,
    0xFF,0xFF,0xFF,0xFF,0xFF,0xFF,0xFF,0xFF,0xFF,0xFF,0xFF,0xFF,0xFF,0xFF,0xFF,0xFF,
    0xFF,0xFF,0xFF,0xFF,0xFF,0xFF,0xFF,0xFF,0xFF,0xFF,0xFF,0xFF,0xFF,0xFF,0xFF,0xFF,
    0xFF,0xFF,0xFF,0xFF,0xFF,0xFF,0xFF,0xFF,0xFF,0xFF,0xFF,0xFF,0xFF,0xFF,0xFF,0xFF,
    0xFF,0xFF,0xFF,0xFF,0xFF,0xFF,0xFF,0xFF,0xFF,0xFF,0xFF,0xFF,0xFF,0xFF,0xFF,0xFF,
    0xFF,0xFF,0xFF,0xFF,0xFF,0xFF,0xFF,0xFF,0xFF,0xFF,0xFF,0xFF,0xFF,0xFF,0xFF,0xFF,
    0x00,0x00,0xFF,0xFF,0x00,0x00,0x00,0x00,0x00,0x00,0x00,0x00,0xFF,0xFF,0x00,0x00,
    0x55,0xAD,0xFF,0xFF,0xFF,0xFF,0xFF,0xFF,0xFF,0xFF,0xFF,0xFF,0xFF,0xFF,0xFF,0xFF,
    0xFF,0xFF,0xFF,0xFF,0xFF,0xFF,0xFF,0xFF,0xFF,0xFF,0xFF,0xFF,0xFF,0xFF,0xFF,0xFF,
    0xFF,0xFF,0xFF,0xFF,0xFF,0xFF,0xFF,0xFF,0xFF,0xFF,0xFF,0xFF,0xFF,0xFF,0xFF,0xFF,
    0xFF,0xFF,0xFF,0xFF,0xFF,0xFF,0xFF,0xFF,0xFF,0xFF,0xFF,0xFF,0xFF,0xFF,0xFF,0xFF,
    0xFF,0xFF,0xFF,0xFF,0xFF,0xFF,0xFF,0xFF,0xFF,0xFF,0xFF,0xFF,0xFF,0xFF,0xFF,0xFF,
    0xFF,0xFF,0xFF,0xFF,0xFF,0xFF,0xFF,0xFF,0xFF,0xFF,0xFF,0xFF,0xFF,0xFF,0xFF,0xFF,
    0xFF,0xFF,0xFF,0xFF,0xFF,0xFF,0xFF,0xFF,0xFF,0xFF,0xFF,0xFF,0xFF,0xFF,0xFF,0xFF,
    0xFF,0xFF,0xFF,0xFF,0xFF,0xFF,0xFF,0xFF,0xFF,0xFF,0xFF,0xFF,0xFF,0xFF,0xFF,0xFF,
    0xFF,0xFF,0xFF,0xFF,0xFF,0xFF,0xFF,0xFF,0xFF,0xFF,0xFF,0xFF,0xFF,0xFF,0xFF,0xFF,
    0xFF,0xFF,0xFF,0xFF,0xFF,0xFF,0xFF,0xFF,0xFF,0xFF,0xFF,0xFF,0xFF,0xFF,0xFF,0xFF,
    0xFF,0xFF,0xFF,0xFF,0xFF,0xFF,0xFF,0xFF,0xFF,0xFF,0xFF,0xFF,0xFF,0xFF,0xFF,0xFF,
    0xFF,0xFF,0xFF,0xFF,0xFF,0xFF,0xFF,0xFF,0xFF,0xFF,0xFF,0xFF,0xFF,0xFF,0xFF,0xFF,
    0xFF,0xFF,0xFF,0xFF,0xFF,0xFF,0xFF,0xFF,0xFF,0xFF,0xFF,0xFF,0xFF,0xFF,0xFF,0xFF,
    0xFF,0xFF,0xFF,0xFF,0x5D,0xC6,0x39,0x3A,0x39,0x3A,0x39,0x3A,0xBA,0x4A,0x1A,0x5B,
    0x1A,0x5B,0x1A,0x5B,0x1A,0x5B,0x3A,0x5B,0xDA,0x52,0x3B,0x84,0x1E,0xE7,0x1E,0xDF,
    0x1E,0xDF,0x1E,0xDF,0x1E,0xDF,0x1E,0xE7,0x9E,0xCE,0x1A,0x5B,0x19,0x32,0x59,0x42,
    0x59,0x3A,0x59,0x3A,0x59,0x3A,0x59,0x3A,0x59,0x3A,0x59,0x3A,0x59,0x3A,0x59,0x3A,
    0x59,0x3A,0x59,0x42,0xF9,0x31,0xBB,0x6B,0xDE,0xDE,0x1E,0xE7,0x1E,0xDF,0x1E,0xDF,
    0x1E,0xDF,0x1E,0xDF,0xBE,0xD6,0xBB,0x6B,0xFA,0x52,0x3A,0x5B,0x1A,0x5B,0x1A,0x5B,
    0x1A,0x5B,0x1A,0x5B,0x99,0x4A,0x59,0x3A,0x19,0x3A,0x99,0x4A,0xFE,0xDE,0xFF,0xFF,
    0xFF,0xFF,0xFF,0xFF,0xFF,0xFF,0xFF,0xFF,0xFF,0xFF,0xFF,0xFF,0xFF,0xFF,0xFF,0xFF,
    0xFF,0xFF,0xFF,0xFF,0xFF,0xFF,0xFF,0xFF,0xFF,0xFF,0xFF,0xFF,0xFF,0xFF,0xFF,0xFF,
    0xFF,0xFF,0xFF,0xFF,0xFF,0xFF,0xFF,0xFF,0xFF,0xFF,0xFF,0xFF,0xFF,0xFF,0xFF,0xFF,
    0xFF,0xFF,0xFF,0xFF,0xFF,0xFF,0xFF,0xFF,0xFF,0xFF,0xFF,0xFF,0xFF,0xFF,0xFF,0xFF,
    0xFF,0xFF,0xFF,0xFF,0xFF,0xFF,0xFF,0xFF,0xFF,0xFF,0xFF,0xFF,0xFF,0xFF,0xFF,0xFF,
    0xFF,0xFF,0xFF,0xFF,0xFF,0xFF,0xFF,0xFF,0xFF,0xFF,0xFF,0xFF,0xFF,0xFF,0xFF,0xFF,
    0xFF,0xFF,0xFF,0xFF,0xFF,0xFF,0xFF,0xFF,0xFF,0xFF,0xFF,0xFF,0xFF,0xFF,0xFF,0xFF,
    0xFF,0xFF,0xFF,0xFF,0xFF,0xFF,0xFF,0xFF,0xFF,0xFF,0xFF,0xFF,0xFF,0xFF,0xFF,0xFF,
    0xFF,0xFF,0xFF,0xFF,0xFF,0xFF,0xFF,0xFF,0xFF,0xFF,0xFF,0xFF,0xFF,0xFF,0xFF,0xFF,
    0xFF,0xFF,0xFF,0xFF,0xFF,0xFF,0xFF,0xFF,0xFF,0xFF,0xFF,0xFF,0xFF,0xFF,0xFF,0xFF,
    0xFF,0xFF,0xFF,0xFF,0xFF,0xFF,0xFF,0xFF,0xFF,0xFF,0xFF,0xFF,0xFF,0xFF,0xFF,0xFF,
    0xFF,0xFF,0xFF,0xFF,0xFF,0xFF,0xFF,0xFF,0xFF,0xFF,0xFF,0xFF,0xFF,0xFF,0xFF,0xFF,
    0xFF,0xFF,0xFF,0xFF,0xFF,0xFF,0xFF,0xFF,0xFF,0xFF,0xFF,0xFF,0x00,0x00,0xFF,0xFF,
    0x00,0x00,0x00,0x00,0x00,0x00,0x00,0x00,0xFF,0xFF,0x00,0x00,0x55,0xAD,0xFF,0xFF,
    0xFF,0xFF,0xFF,0xFF,0xFF,0xFF,0xFF,0xFF,0xFF,0xFF,0xFF,0xFF,0xFF,0xFF,0xFF,0xFF,
    0xFF,0xFF,0xFF,0xFF,0xFF,0xFF,0xFF,0xFF,0xFF,0xFF,0xFF,0xFF,0xFF,0xFF,0xFF,0xFF,
    0xFF,0xFF,0xFF,0xFF,0xFF,0xFF,0xFF,0xFF,0xFF,0xFF,0xFF,0xFF,0xFF,0xFF,0xFF,0xFF,
    0xFF,0xFF,0xFF,0xFF,0xFF,0xFF,0xFF,0xFF,0xFF,0xFF,0xFF,0xFF,0xFF,0xFF,0xFF,0xFF,
    0xFF,0xFF,0xFF,0xFF,0xFF,0xFF,0xFF,0xFF,0xFF,0xFF,0xFF,0xFF,0xFF,0xFF,0xFF,0xFF,
    0xFF,0xFF,0xFF,0xFF,0xFF,0xFF,0xFF,0xFF,0xFF,0xFF,0xFF,0xFF,0xFF,0xFF,0xFF,0xFF,
    0xFF,0xFF,0xFF,0xFF,0xFF,0xFF,0xFF,0xFF,0xFF,0xFF,0xFF,0xFF,0xFF,0xFF,0xFF,0xFF,
    0xFF,0xFF,0xFF,0xFF,0xFF,0xFF,0xFF,0xFF,0xFF,0xFF,0xFF,0xFF,0xFF,0xFF,0xFF,0xFF,
    0xFF,0xFF,0xFF,0xFF,0xFF,0xFF,0xFF,0xFF,0xFF,0xFF,0xFF,0xFF,0xFF,0xFF,0xFF,0xFF,
    0xFF,0xFF,0xFF,0xFF,0xFF,0xFF,0xFF,0xFF,0xFF,0xFF,0xFF,0xFF,0xFF,0xFF,0xFF,0xFF,
    0xFF,0xFF,0xFF,0xFF,0xFF,0xFF,0xFF,0xFF,0xFF,0xFF,0xFF,0xFF,0xFF,0xFF,0xFF,0xFF,
    0xFF,0xFF,0xFF,0xFF,0xFF,0xFF,0xFF,0xFF,0xFF,0xFF,0xFF,0xFF,0xFF,0xFF,0xFF,0xFF,
    0xFF,0xFF,0xFF,0xFF,0xFF,0xFF,0xFF,0xFF,0xFF,0xFF,0xFF,0xFF,0xFF,0xFF,0xFF,0xFF,
    0x5D,0xC6,0x59,0x42,0x59,0x3A,0x59,0x42,0x39,0x3A,0xF9,0x31,0xF9,0x31,0xF9,0x31,
    0x19,0x32,0x19,0x3A,0xB8,0x29,0xDB,0x73,0xFF,0xFF,0xFF,0xFF,0xFF,0xFF,0xFF,0xFF,
    0xFF,0xFF,0xFF,0xFF,0x7F,0xEF,0x7A,0x63,0x19,0x3A,0x79,0x42,0x59,0x42,0x59,0x3A,
    0x59,0x3A,0x59,0x3A,0x59,0x3A,0x59,0x3A,0x59,0x3A,0x59,0x3A,0x59,0x42,0x79,0x42,
    0xF9,0x31,0x1B,0x7C,0xDF,0xFF,0xFF,0xFF,0xFF,0xFF,0xFF,0xFF,0xFF,0xFF,0xFF,0xFF,
    0xBF,0xF7,0xFA,0x52,0xB8,0x29,0x19,0x3A,0xF9,0x31,0xF9,0x31,0xF9,0x31,0xF9,0x31,
    0x39,0x3A,0x79,0x42,0x39,0x3A,0xB9,0x4A,0xFE,0xDE,0xFF,0xFF,0xFF,0xFF,0xFF,0xFF,
    0xFF,0xFF,0xFF,0xFF,0xFF,0xFF,0xFF,0xFF,0xFF,0xFF,0xFF,0xFF,0xFF,0xFF,0xFF,0xFF,
    0xFF,0xFF,0xFF,0xFF,0xFF,0xFF,0xFF,0xFF,0xFF,0xFF,0xFF,0xFF,0xFF,0xFF,0xFF,0xFF,
    0xFF,0xFF,0xFF,0xFF,0xFF,0xFF,0xFF,0xFF,0xFF,0xFF,0xFF,0xFF,0xFF,0xFF,0xFF,0xFF,
    0xFF,0xFF,0xFF,0xFF,0xFF,0xFF,0xFF,0xFF,0xFF,0xFF,0xFF,0xFF,0xFF,0xFF,0xFF,0xFF,
    0xFF,0xFF,0xFF,0xFF,0xFF,0xFF,0xFF,0xFF,0xFF,0xFF,0xFF,0xFF,0xFF,0xFF,0xFF,0xFF,
    0xFF,0xFF,0xFF,0xFF,0xFF,0xFF,0xFF,0xFF,0xFF,0xFF,0xFF,0xFF,0xFF,0xFF,0xFF,0xFF,
    0xFF,0xFF,0xFF,0xFF,0xFF,0xFF,0xFF,0xFF,0xFF,0xFF,0xFF,0xFF,0xFF,0xFF,0xFF,0xFF,
    0xFF,0xFF,0xFF,0xFF,0xFF,0xFF,0xFF,0xFF,0xFF,0xFF,0xFF,0xFF,0xFF,0xFF,0xFF,0xFF,
    0xFF,0xFF,0xFF,0xFF,0xFF,0xFF,0xFF,0xFF,0xFF,0xFF,0xFF,0xFF,0xFF,0xFF,0xFF,0xFF,
    0xFF,0xFF,0xFF,0xFF,0xFF,0xFF,0xFF,0xFF,0xFF,0xFF,0xFF,0xFF,0xFF,0xFF,0xFF,0xFF,
    0xFF,0xFF,0xFF,0xFF,0xFF,0xFF,0xFF,0xFF,0xFF,0xFF,0xFF,0xFF,0xFF,0xFF,0xFF,0xFF,
    0xFF,0xFF,0xFF,0xFF,0xFF,0xFF,0xFF,0xFF,0xFF,0xFF,0xFF,0xFF,0xFF,0xFF,0xFF,0xFF,
    0xFF,0xFF,0xFF,0xFF,0xFF,0xFF,0xFF,0xFF,0x00,0x00,0xFF,0xFF,0x00,0x00,0x00,0x00,
    0x00,0x00,0x00,0x00,0xFF,0xFF,0x00,0x00,0x55,0xAD,0xFF,0xFF,0xFF,0xFF,0xFF,0xFF,
    0xFF,0xFF,0xFF,0xFF,0xFF,0xFF,0xFF,0xFF,0xFF,0xFF,0xFF,0xFF,0xFF,0xFF,0xFF,0xFF,
    0xFF,0xFF,0xFF,0xFF,0xFF,0xFF,0xFF,0xFF,0xFF,0xFF,0xFF,0xFF,0xFF,0xFF,0xFF,0xFF,
    0xFF,0xFF,0xFF,0xFF,0xFF,0xFF,0xFF,0xFF,0xFF,0xFF,0xFF,0xFF,0xFF,0xFF,0xFF,0xFF,
    0xFF,0xFF,0xFF,0xFF,0xFF,0xFF,0xFF,0xFF,0xFF,0xFF,0xFF,0xFF,0xFF,0xFF,0xFF,0xFF,
    0xFF,0xFF,0xFF,0xFF,0xFF,0xFF,0xFF,0xFF,0xFF,0xFF,0xFF,0xFF,0xFF,0xFF,0xFF,0xFF,
    0xFF,0xFF,0xFF,0xFF,0xFF,0xFF,0xFF,0xFF,0xFF,0xFF,0xFF,0xFF,0xFF,0xFF,0xFF,0xFF,
    0xFF,0xFF,0xFF,0xFF,0xFF,0xFF,0xFF,0xFF,0xFF,0xFF,0xFF,0xFF,0xFF,0xFF,0xFF,0xFF,
    0xFF,0xFF,0xFF,0xFF,0xFF,0xFF,0xFF,0xFF,0xFF,0xFF,0xFF,0xFF,0xFF,0xFF,0xFF,0xFF,
    0xFF,0xFF,0xFF,0xFF,0xFF,0xFF,0xFF,0xFF,0xFF,0xFF,0xFF,0xFF,0xFF,0xFF,0xFF,0xFF,
    0xFF,0xFF,0xFF,0xFF,0xFF,0xFF,0xFF,0xFF,0xFF,0xFF,0xFF,0xFF,0xFF,0xFF,0xFF,0xFF,
    0xFF,0xFF,0xFF,0xFF,0xFF,0xFF,0xFF,0xFF,0xFF,0xFF,0xFF,0xFF,0xFF,0xFF,0xFF,0xFF,
    0xFF,0xFF,0xFF,0xFF,0xFF,0xFF,0xFF,0xFF,0xFF,0xFF,0xFF,0xFF,0xFF,0xFF,0xFF,0xFF,
    0xFF,0xFF,0xFF,0xFF,0xFF,0xFF,0xFF,0xFF,0xFF,0xFF,0xFF,0xFF,0x3D,0xC6,0xF9,0x31,
    0xF9,0x31,0xF9,0x31,0x39,0x3A,0x59,0x42,0x59,0x42,0x59,0x42,0x19,0x3A,0x19,0x3A,
    0xB8,0x29,0xBB,0x6B,0xFF,0xFF,0xFF,0xFF,0xFF,0xFF,0xFF,0xFF,0xFF,0xFF,0xFF,0xFF,
    0x7F,0xEF,0x1A,0x5B,0xB8,0x29,0x19,0x32,0x19,0x32,0x59,0x3A,0x59,0x3A,0x59,0x3A,
    0x59,0x3A,0x59,0x3A,0x59,0x3A,0x39,0x3A,0x19,0x32,0x19,0x32,0x98,0x29,0xDB,0x73,
    0xDF,0xFF,0xFF,0xFF,0xFF,0xFF,0xFF,0xFF,0xFF,0xFF,0xFF,0xFF,0x7F,0xEF,0xDA,0x52,
    0xD8,0x29,0x19,0x3A,0x19,0x3A,0x59,0x42,0x59,0x42,0x59,0x42,0x19,0x3A,0xF9,0x31,
    0xD8,0x29,0x59,0x42,0xFE,0xDE,0xFF,0xFF,0xFF,0xFF,0xFF,0xFF,0xFF,0xFF,0xFF,0xFF,
    0xFF,0xFF,0xFF,0xFF,0xFF,0xFF,0xFF,0xFF,0xFF,0xFF,0xFF,0xFF,0xFF,0xFF,0xFF,0xFF,
    0xFF,0xFF,0xFF,0xFF,0xFF,0xFF,0xFF,0xFF,0xFF,0xFF,0xFF,0xFF,0xFF,0xFF,0xFF,0xFF,
    0xFF,0xFF,0xFF,0xFF,0xFF,0xFF,0xFF,0xFF,0xFF,0xFF,0xFF,0xFF,0xFF,0xFF,0xFF,0xFF,
    0xFF,0xFF,0xFF,0xFF,0xFF,0xFF,0xFF,0xFF,0xFF,0xFF,0xFF,0xFF,0xFF,0xFF,0xFF,0xFF,
    0xFF,0xFF,0xFF,0xFF,0xFF,0xFF,0xFF,0xFF,0xFF,0xFF,0xFF,0xFF,0xFF,0xFF,0xFF,0xFF,
    0xFF,0xFF,0xFF,0xFF,0xFF,0xFF,0xFF,0xFF,0xFF,0xFF,0xFF,0xFF,0xFF,0xFF,0xFF,0xFF,
    0xFF,0xFF,0xFF,0xFF,0xFF,0xFF,0xFF,0xFF,0xFF,0xFF,0xFF,0xFF,0xFF,0xFF,0xFF,0xFF,
    0xFF,0xFF,0xFF,0xFF,0xFF,0xFF,0xFF,0xFF,0xFF,0xFF,0xFF,0xFF,0xFF,0xFF,0xFF,0xFF,
    0xFF,0xFF,0xFF,0xFF,0xFF,0xFF,0xFF,0xFF,0xFF,0xFF,0xFF,0xFF,0xFF,0xFF,0xFF,0xFF,
    0xFF,0xFF,0xFF,0xFF,0xFF,0xFF,0xFF,0xFF,0xFF,0xFF,0xFF,0xFF,0xFF,0xFF,0xFF,0xFF,
    0xFF,0xFF,0xFF,0xFF,0xFF,0xFF,0xFF,0xFF,0xFF,0xFF,0xFF,0xFF,0xFF,0xFF,0xFF,0xFF,
    0xFF,0xFF,0xFF,0xFF,0xFF,0xFF,0xFF,0xFF,0xFF,0xFF,0xFF,0xFF,0xFF,0xFF,0xFF,0xFF,
    0xFF,0xFF,0xFF,0xFF,0x00,0x00,0xFF,0xFF,0x00,0x00,0x00,0x00,0x00,0x00,0x00,0x00,
    0xFF,0xFF,0x00,0x00,0x55,0xAD,0xFF,0xFF,0xFF,0xFF,0xFF,0xFF,0xFF,0xFF,0xFF,0xFF,
    0xFF,0xFF,0xFF,0xFF,0xFF,0xFF,0xFF,0xFF,0xFF,0xFF,0xFF,0xFF,0xFF,0xFF,0xFF,0xFF,
    0xFF,0xFF,0xFF,0xFF,0xFF,0xFF,0xFF,0xFF,0xFF,0xFF,0xFF,0xFF,0xFF,0xFF,0xFF,0xFF,
    0xFF,0xFF,0xFF,0xFF,0xFF,0xFF,0xFF,0xFF,0xFF,0xFF,0xFF,0xFF,0xFF,0xFF,0xFF,0xFF,
    0xFF,0xFF,0xFF,0xFF,0xFF,0xFF,0xFF,0xFF,0xFF,0xFF,0xFF,0xFF,0xFF,0xFF,0xFF,0xFF,
    0xFF,0xFF,0xFF,0xFF,0xFF,0xFF,0xFF,0xFF,0xFF,0xFF,0xFF,0xFF,0xFF,0xFF,0xFF,0xFF,
    0xFF,0xFF,0xFF,0xFF,0xFF,0xFF,0xFF,0xFF,0xFF,0xFF,0xFF,0xFF,0xFF,0xFF,0xFF,0xFF,
    0xFF,0xFF,0xFF,0xFF,0xFF,0xFF,0xFF,0xFF,0xFF,0xFF,0xFF,0xFF,0xFF,0xFF,0xFF,0xFF,
    0xFF,0xFF,0xFF,0xFF,0xFF,0xFF,0xFF,0xFF,0xFF,0xFF,0xFF,0xFF,0xFF,0xFF,0xFF,0xFF,
    0xFF,0xFF,0xFF,0xFF,0xFF,0xFF,0xFF,0xFF,0xFF,0xFF,0xFF,0xFF,0xFF,0xFF,0xFF,0xFF,
    0xFF,0xFF,0xFF,0xFF,0xFF,0xFF,0xFF,0xFF,0xFF,0xFF,0xFF,0xFF,0xFF,0xFF,0xFF,0xFF,
    0xFF,0xFF,0xFF,0xFF,0xFF,0xFF,0xFF,0xFF,0xFF,0xFF,0xFF,0xFF,0xFF,0xFF,0xFF,0xFF,
    0xFF,0xFF,0xFF,0xFF,0xFF,0xFF,0xFF,0xFF,0xFF,0xFF,0xFF,0xFF,0xFF,0xFF,0xFF,0xFF,
    0xFF,0xFF,0xFF,0xFF,0xFF,0xFF,0xFF,0xFF,0xDE,0xD6,0xFB,0x73,0xDB,0x73,0xFB,0x7B,
    0xFA,0x52,0x39,0x3A,0x39,0x3A,0x59,0x42,0x9A,0x6B,0xFB,0x7B,0xBA,0x6B,0x1C,0x9D,
    0xFF,0xFF,0xFF,0xFF,0xFF,0xFF,0xFE,0xDE,0x1D,0xBE,0x3D,0xC6,0xDD,0xB5,0x5B,0x84,
    0xDB,0x73,0x1B,0x7C,0x7A,0x63,0x59,0x3A,0x39,0x3A,0x59,0x3A,0x59,0x3A,0x59,0x3A,
    0x39,0x3A,0x79,0x42,0x9B,0x6B,0x1B,0x7C,0xBB,0x73,0x9C,0x8C,0xFD,0xBD,0x1D,0xC6,
    0x1D,0xBE,0x3E,0xE7,0xFF,0xFF,0xFF,0xFF,0x9F,0xF7,0x7B,0x8C,0xBB,0x73,0x1B,0x7C,
    0x7A,0x63,0x39,0x3A,0x39,0x3A,0x39,0x3A,0x3A,0x5B,0xFB,0x7B,0xDB,0x73,0x3B,0x7C,
    0x5F,0xE7,0xFF,0xFF,0xFF,0xFF,0xFF,0xFF,0xFF,0xFF,0xFF,0xFF,0xFF,0xFF,0xFF,0xFF,
    0xFF,0xFF,0xFF,0xFF,0xFF,0xFF,0xFF,0xFF,0xFF,0xFF,0xFF,0xFF,0xFF,0xFF,0xFF,0xFF,
    0xFF,0xFF,0xFF,0xFF,0xFF,0xFF,0xFF,0xFF,0xFF,0xFF,0xFF,0xFF,0xFF,0xFF,0xFF,0xFF,
    0xFF,0xFF,0xFF,0xFF,0xFF,0xFF,0xFF,0xFF,0xFF,0xFF,0xFF,0xFF,0xFF,0xFF,0xFF,0xFF,
    0xFF,0xFF,0xFF,0xFF,0xFF,0xFF,0xFF,0xFF,0xFF,0xFF,0xFF,0xFF,0xFF,0xFF,0xFF,0xFF,
    0xFF,0xFF,0xFF,0xFF,0xFF,0xFF,0xFF,0xFF,0xFF,0xFF,0xFF,0xFF,0xFF,0xFF,0xFF,0xFF,
    0xFF,0xFF,0xFF,0xFF,0xFF,0xFF,0xFF,0xFF,0xFF,0xFF,0xFF,0xFF,0xFF,0xFF,0xFF,0xFF,
    0xFF,0xFF,0xFF,0xFF,0xFF,0xFF,0xFF,0xFF,0xFF,0xFF,0xFF,0xFF,0xFF,0xFF,0xFF,0xFF,
    0xFF,0xFF,0xFF,0xFF,0xFF,0xFF,0xFF,0xFF,0xFF,0xFF,0xFF,0xFF,0xFF,0xFF,0xFF,0xFF,
    0xFF,0xFF,0xFF,0xFF,0xFF,0xFF,0xFF,0xFF,0xFF,0xFF,0xFF,0xFF,0xFF,0xFF,0xFF,0xFF,
    0xFF,0xFF,0xFF,0xFF,0xFF,0xFF,0xFF,0xFF,0xFF,0xFF,0xFF,0xFF,0xFF,0xFF,0xFF,0xFF,
    0xFF,0xFF,0xFF,0xFF,0xFF,0xFF,0xFF,0xFF,0xFF,0xFF,0xFF,0xFF,0xFF,0xFF,0xFF,0xFF,
    0xFF,0xFF,0xFF,0xFF,0xFF,0xFF,0xFF,0xFF,0xFF,0xFF,0xFF,0xFF,0xFF,0xFF,0xFF,0xFF,
    0x00,0x00,0xFF,0xFF,0x00,0x00,0x00,0x00,0x00,0x00,0x00,0x00,0xFF,0xFF,0x00,0x00,
    0x55,0xAD,0xFF,0xFF,0xFF,0xFF,0xFF,0xFF,0xFF,0xFF,0xFF,0xFF,0xFF,0xFF,0xFF,0xFF,
    0xFF,0xFF,0xFF,0xFF,0xFF,0xFF,0xFF,0xFF,0xFF,0xFF,0xFF,0xFF,0xFF,0xFF,0xFF,0xFF,
    0xFF,0xFF,0xFF,0xFF,0xFF,0xFF,0xFF,0xFF,0xFF,0xFF,0xFF,0xFF,0xFF,0xFF,0xFF,0xFF,
    0xFF,0xFF,0xFF,0xFF,0xFF,0xFF,0xFF,0xFF,0xFF,0xFF,0xFF,0xFF,0xFF,0xFF,0xFF,0xFF,
    0xFF,0xFF,0xFF,0xFF,0xFF,0xFF,0xFF,0xFF,0xFF,0xFF,0xFF,0xFF,0xFF,0xFF,0xFF,0xFF,
    0xFF,0xFF,0xFF,0xFF,0xFF,0xFF,0xFF,0xFF,0xFF,0xFF,0xFF,0xFF,0xFF,0xFF,0xFF,0xFF,
    0xFF,0xFF,0xFF,0xFF,0xFF,0xFF,0xFF,0xFF,0xFF,0xFF,0xFF,0xFF,0xFF,0xFF,0xFF,0xFF,
    0xFF,0xFF,0xFF,0xFF,0xFF,0xFF,0xFF,0xFF,0xFF,0xFF,0xFF,0xFF,0xFF,0xFF,0xFF,0xFF,
    0xFF,0xFF,0xFF,0xFF,0xFF,0xFF,0xFF,0xFF,0xFF,0xFF,0xFF,0xFF,0xFF,0xFF,0xFF,0xFF,
    0xFF,0xFF,0xFF,0xFF,0xFF,0xFF,0xFF,0xFF,0xFF,0xFF,0xFF,0xFF,0xFF,0xFF,0xFF,0xFF,
    0xFF,0xFF,0xFF,0xFF,0xFF,0xFF,0xFF,0xFF,0xFF,0xFF,0xFF,0xFF,0xFF,0xFF,0xFF,0xFF,
    0xFF,0xFF,0xFF,0xFF,0xFF,0xFF,0xFF,0xFF,0xFF,0xFF,0xFF,0xFF,0xFF,0xFF,0xFF,0xFF,
    0xFF,0xFF,0xFF,0xFF,0xFF,0xFF,0xFF,0xFF,0xFF,0xFF,0xFF,0xFF,0xFF,0xFF,0xFF,0xFF,
    0xFF,0xFF,0xFF,0xFF,0xFF,0xFF,0xBF,0xF7,0xBF,0xF7,0xBF,0xF7,0x9C,0x8C,0x19,0x32,
    0x19,0x3A,0x99,0x4A,0x9E,0xD6,0xBF,0xF7,0x9F,0xF7,0xBF,0xF7,0xFF,0xFF,0xFF,0xFF,
    0xFF,0xFF,0xBC,0x8C,0x19,0x32,0x39,0x3A,0xBA,0x4A,0x9E,0xCE,0xBF,0xF7,0xBF,0xF7,
    0x5D,0xC6,0x59,0x42,0x39,0x3A,0x59,0x42,0x59,0x3A,0x59,0x42,0x19,0x3A,0xB9,0x4A,
    0xBE,0xD6,0xBF,0xF7,0xBF,0xF7,0x1D,0xC6,0x79,0x42,0x59,0x3A,0x19,0x3A,0x7C,0xAD,
    0xFF,0xFF,0xFF,0xFF,0xFF,0xFF,0xBF,0xF7,0x9F,0xF7,0xBF,0xF7,0x1D,0xBE,0x39,0x3A,
    0x39,0x3A,0x19,0x3A,0x5C,0xA5,0xBF,0xF7,0xBF,0xF7,0xBF,0xF7,0xFF,0xFF,0xFF,0xFF,
    0xFF,0xFF,0xFF,0xFF,0xFF,0xFF,0xFF,0xFF,0xFF,0xFF,0xFF,0xFF,0xFF,0xFF,0xFF,0xFF,
    0xFF,0xFF,0xFF,0xFF,0xFF,0xFF,0xFF,0xFF,0xFF,0xFF,0xFF,0xFF,0xFF,0xFF,0xFF,0xFF,
    0xFF,0xFF,0xFF,0xFF,0xFF,0xFF,0xFF,0xFF,0xFF,0xFF,0xFF,0xFF,0xFF,0xFF,0xFF,0xFF,
    0xFF,0xFF,0xFF,0xFF,0xFF,0xFF,0xFF,0xFF,0xFF,0xFF,0xFF,0xFF,0xFF,0xFF,0xFF,0xFF,
    0xFF,0xFF,0xFF,0xFF,0xFF,0xFF,0xFF,0xFF,0xFF,0xFF,0xFF,0xFF,0xFF,0xFF,0xFF,0xFF,
    0xFF,0xFF,0xFF,0xFF,0xFF,0xFF,0xFF,0xFF,0xFF,0xFF,0xFF,0xFF,0xFF,0xFF,0xFF,0xFF,
    0xFF,0xFF,0xFF,0xFF,0xFF,0xFF,0xFF,0xFF,0xFF,0xFF,0xFF,0xFF,0xFF,0xFF,0xFF,0xFF,
    0xFF,0xFF,0xFF,0xFF,0xFF,0xFF,0xFF,0xFF,0xFF,0xFF,0xFF,0xFF,0xFF,0xFF,0xFF,0xFF,
    0xFF,0xFF,0xFF,0xFF,0xFF,0xFF,0xFF,0xFF,0xFF,0xFF,0xFF,0xFF,0xFF,0xFF,0xFF,0xFF,
    0xFF,0xFF,0xFF,0xFF,0xFF,0xFF,0xFF,0xFF,0xFF,0xFF,0xFF,0xFF,0xFF,0xFF,0xFF,0xFF,
    0xFF,0xFF,0xFF,0xFF,0xFF,0xFF,0xFF,0xFF,0xFF,0xFF,0xFF,0xFF,0xFF,0xFF,0xFF,0xFF,
    0xFF,0xFF,0xFF,0xFF,0xFF,0xFF,0xFF,0xFF,0xFF,0xFF,0xFF,0xFF,0xFF,0xFF,0xFF,0xFF,
    0xFF,0xFF,0xFF,0xFF,0xFF,0xFF,0xFF,0xFF,0xFF,0xFF,0xFF,0xFF,0x00,0x00,0xFF,0xFF,
    0x00,0x00,0x00,0x00,0x00,0x00,0x00,0x00,0xFF,0xFF,0x00,0x00,0x55,0xAD,0xFF,0xFF,
    0xFF,0xFF,0xFF,0xFF,0xFF,0xFF,0xFF,0xFF,0xFF,0xFF,0xFF,0xFF,0xFF,0xFF,0xFF,0xFF,
    0xFF,0xFF,0xFF,0xFF,0xFF,0xFF,0xFF,0xFF,0xFF,0xFF,0xFF,0xFF,0xFF,0xFF,0xFF,0xFF,
    0xFF,0xFF,0xFF,0xFF,0xFF,0xFF,0xFF,0xFF,0xFF,0xFF,0xFF,0xFF,0xFF,0xFF,0xFF,0xFF,
    0xFF,0xFF,0xFF,0xFF,0xFF,0xFF,0xFF,0xFF,0xFF,0xFF,0xFF,0xFF,0xFF,0xFF,0xFF,0xFF,
    0xFF,0xFF,0xFF,0xFF,0xFF,0xFF,0xFF,0xFF,0xFF,0xFF,0xFF,0xFF,0xFF,0xFF,0xFF,0xFF,
    0xFF,0xFF,0xFF,0xFF,0xFF,0xFF,0xFF,0xFF,0xFF,0xFF,0xFF,0xFF,0xFF,0xFF,0xFF,0xFF,
    0xFF,0xFF,0xFF,0xFF,0xFF,0xFF,0xFF,0xFF,0xFF,0xFF,0xFF,0xFF,0xFF,0xFF,0xFF,0xFF,
    0xFF,0xFF,0xFF,0xFF,0xFF,0xFF,0xFF,0xFF,0xFF,0xFF,0xFF,0xFF,0xFF,0xFF,0xFF,0xFF,
    0xFF,0xFF,0xFF,0xFF,0xFF,0xFF,0xFF,0xFF,0xFF,0xFF,0xFF,0xFF,0xFF,0xFF,0xFF,0xFF,
    0xFF,0xFF,0xFF,0xFF,0xFF,0xFF,0xFF,0xFF,0xFF,0xFF,0xFF,0xFF,0xFF,0xFF,0xFF,0xFF,
    0xFF,0xFF,0xFF,0xFF,0xFF,0xFF,0xFF,0xFF,0xFF,0xFF,0xFF,0xFF,0xFF,0xFF,0xFF,0xFF,
    0xFF,0xFF,0xFF,0xFF,0xFF,0xFF,0xFF,0xFF,0xFF,0xFF,0xFF,0xFF,0xFF,0xFF,0xFF,0xFF,
    0xFF,0xFF,0xFF,0xFF,0xFF,0xFF,0xFF,0xFF,0xFF,0xFF,0xFF,0xFF,0xFF,0xFF,0xFF,0xFF,
    0xFF,0xFF,0xFF,0xFF,0xFF,0xFF,0xFF,0xFF,0xDC,0x94,0x19,0x32,0x19,0x3A,0x99,0x4A,
    0xDE,0xDE,0xFF,0xFF,0xFF,0xFF,0xFF,0xFF,0xFF,0xFF,0xFF,0xFF,0xFF,0xFF,0x9C,0x8C,
    0xD9,0x31,0x19,0x3A,0x99,0x4A,0xDE,0xDE,0xFF,0xFF,0xFF,0xFF,0x7E,0xCE,0x59,0x42,
    0x39,0x3A,0x59,0x42,0x59,0x3A,0x59,0x42,0x19,0x3A,0xBA,0x4A,0x1E,0xDF,0xFF,0xFF,
    0xFF,0xFF,0x5D,0xC6,0x59,0x3A,0x19,0x3A,0xF9,0x31,0x5C,0xA5,0xFF,0xFF,0xFF,0xFF,
    0xFF,0xFF,0xFF,0xFF,0xFF,0xFF,0xFF,0xFF,0x3D,0xC6,0x39,0x3A,0x39,0x3A,0x39,0x3A,
    0x7D,0xAD,0xFF,0xFF,0xFF,0xFF,0xFF,0xFF,0xFF,0xFF,0xFF,0xFF,0xFF,0xFF,0xFF,0xFF,
    0xFF,0xFF,0xFF,0xFF,0xFF,0xFF,0xFF,0xFF,0xFF,0xFF,0xFF,0xFF,0xFF,0xFF,0xFF,0xFF,
    0xFF,0xFF,0xFF,0xFF,0xFF,0xFF,0xFF,0xFF,0xFF,0xFF,0xFF,0xFF,0xFF,0xFF,0xFF,0xFF,
    0xFF,0xFF,0xFF,0xFF,0xFF,0xFF,0xFF,0xFF,0xFF,0xFF,0xFF,0xFF,0xFF,0xFF,0xFF,0xFF,
    0xFF,0xFF,0xFF,0xFF,0xFF,0xFF,0xFF,0xFF,0xFF,0xFF,0xFF,0xFF,0xFF,0xFF,0xFF,0xFF,
    0xFF,0xFF,0xFF,0xFF,0xFF,0xFF,0xFF,0xFF,0xFF,0xFF,0xFF,0xFF,0xFF,0xFF,0xFF,0xFF,
    0xFF,0xFF,0xFF,0xFF,0xFF,0xFF,0xFF,0xFF,0xFF,0xFF,0xFF,0xFF,0xFF,0xFF,0xFF,0xFF,
    0xFF,0xFF,0xFF,0xFF,0xFF,0xFF,0xFF,0xFF,0xFF,0xFF,0xFF,0xFF,0xFF,0xFF,0xFF,0xFF,
    0xFF,0xFF,0xFF,0xFF,0xFF,0xFF,0xFF,0xFF,0xFF,0xFF,0xFF,0xFF,0xFF,0xFF,0xFF,0xFF,
    0xFF,0xFF,0xFF,0xFF,0xFF,0xFF,0xFF,0xFF,0xFF,0xFF,0xFF,0xFF,0xFF,0xFF,0xFF,0xFF,
    0xFF,0xFF,0xFF,0xFF,0xFF,0xFF,0xFF,0xFF,0xFF,0xFF,0xFF,0xFF,0xFF,0xFF,0xFF,0xFF,
    0xFF,0xFF,0xFF,0xFF,0xFF,0xFF,0xFF,0xFF,0xFF,0xFF,0xFF,0xFF,0xFF,0xFF,0xFF,0xFF,
    0xFF,0xFF,0xFF,0xFF,0xFF,0xFF,0xFF,0xFF,0xFF,0xFF,0xFF,0xFF,0xFF,0xFF,0xFF,0xFF,
    0xFF,0xFF,0xFF,0xFF,0xFF,0xFF,0xFF,0xFF,0x00,0x00,0xFF,0xFF,0x00,0x00,0x00,0x00,
    0x00,0x00,0x00,0x00,0xFF,0xFF,0x00,0x00,0x55,0xAD,0xFF,0xFF,0xFF,0xFF,0xFF,0xFF,
    0xFF,0xFF,0xFF,0xFF,0xFF,0xFF,0xFF,0xFF,0xFF,0xFF,0xFF,0xFF,0xFF,0xFF,0xFF,0xFF,
    0xFF,0xFF,0xFF,0xFF,0xFF,0xFF,0xFF,0xFF,0xFF,0xFF,0xFF,0xFF,0xFF,0xFF,0xFF,0xFF,
    0xFF,0xFF,0xFF,0xFF,0xFF,0xFF,0xFF,0xFF,0xFF,0xFF,0xFF,0xFF,0xFF,0xFF,0xFF,0xFF,
    0xFF,0xFF,0xFF,0xFF,0xFF,0xFF,0xFF,0xFF,0xFF,0xFF,0xFF,0xFF,0xFF,0xFF,0xFF,0xFF,
    0xFF,0xFF,0xFF,0xFF,0xFF,0xFF,0xFF,0xFF,0xFF,0xFF,0xFF,0xFF,0xFF,0xFF,0xFF,0xFF,
    0xFF,0xFF,0xFF,0xFF,0xFF,0xFF,0xFF,0xFF,0xFF,0xFF,0xFF,0xFF,0xFF,0xFF,0xFF,0xFF,
    0xFF,0xFF,0xFF,0xFF,0xFF,0xFF,0xFF,0xFF,0xFF,0xFF,0xFF,0xFF,0xFF,0xFF,0xFF,0xFF,
    0xFF,0xFF,0xFF,0xFF,0xFF,0xFF,0xFF,0xFF,0xFF,0xFF,0xFF,0xFF,0xFF,0xFF,0xFF,0xFF,
    0xFF,0xFF,0xFF,0xFF,0xFF,0xFF,0xFF,0xFF,0xFF,0xFF,0xFF,0xFF,0xFF,0xFF,0xFF,0xFF,
    0xFF,0xFF,0xFF,0xFF,0xFF,0xFF,0xFF,0xFF,0xFF,0xFF,0xFF,0xFF,0xFF,0xFF,0xFF,0xFF,
    0xFF,0xFF,0xFF,0xFF,0xFF,0xFF,0xFF,0xFF,0xFF,0xFF,0xFF,0xFF,0xFF,0xFF,0xFF,0xFF,
    0xFF,0xFF,0xFF,0xFF,0xFF,0xFF,0xFF,0xFF,0xFF,0xFF,0xFF,0xFF,0xFF,0xFF,0xFF,0xFF,
    0xFF,0xFF,0xFF,0xFF,0xFF,0xFF,0xFF,0xFF,0xFF,0xFF,0xFF,0xFF,0xFF,0xFF,0xFF,0xFF,
    0xFF,0xFF,0xFF,0xFF,0xBC,0x94,0x19,0x32,0x19,0x3A,0x99,0x4A,0xDE,0xD6,0xFF,0xFF,
    0xFF,0xFF,0xFF,0xFF,0xFF,0xFF,0xFF,0xFF,0xFF,0xFF,0x9C,0x8C,0xB8,0x29,0xF9,0x31,
    0x79,0x42,0xBE,0xD6,0xFF,0xFF,0xFF,0xFF,0x5E,0xCE,0x59,0x42,0x39,0x3A,0x59,0x42,
    0x59,0x3A,0x59,0x42,0x19,0x3A,0xBA,0x4A,0xFE,0xDE,0xFF,0xFF,0xFF,0xFF,0x3D,0xC6,
    0x19,0x3A,0xF9,0x31,0xB8,0x29,0x5C,0xA5,0xFF,0xFF,0xFF,0xFF,0xFF,0xFF,0xFF,0xFF,
    0xFF,0xFF,0xFF,0xFF,0x3D,0xC6,0x39,0x3A,0x39,0x3A,0x39,0x3A,0x7D,0xAD,0xFF,0xFF,
    0xFF,0xFF,0xFF,0xFF,0xFF,0xFF,0xFF,0xFF,0xFF,0xFF,0xFF,0xFF,0xFF,0xFF,0xFF,0xFF,
    0xFF,0xFF,0xFF,0xFF,0xFF,0xFF,0xFF,0xFF,0xFF,0xFF,0xFF,0xFF,0xFF,0xFF,0xFF,0xFF,
    0xFF,0xFF,0xFF,0xFF,0xFF,0xFF,0xFF,0xFF,0xFF,0xFF,0xFF,0xFF,0xFF,0xFF,0xFF,0xFF,
    0xFF,0xFF,0xFF,0xFF,0xFF,0xFF,0xFF,0xFF,0xFF,0xFF,0xFF,0xFF,0xFF,0xFF,0xFF,0xFF,
    0xFF,0xFF,0xFF,0xFF,0xFF,0xFF,0xFF,0xFF,0xFF,0xFF,0xFF,0xFF,0xFF,0xFF,0xFF,0xFF,
    0xFF,0xFF,0xFF,0xFF,0xFF,0xFF,0xFF,0xFF,0xFF,0xFF,0xFF,0xFF,0xFF,0xFF,0xFF,0xFF,
    0xFF,0xFF,0xFF,0xFF,0xFF,0xFF,0xFF,0xFF,0xFF,0xFF,0xFF,0xFF,0xFF,0xFF,0xFF,0xFF,
    0xFF,0xFF,0xFF,0xFF,0xFF,0xFF,0xFF,0xFF,0xFF,0xFF,0xFF,0xFF,0xFF,0xFF,0xFF,0xFF,
    0xFF,0xFF,0xFF,0xFF,0xFF,0xFF,0xFF,0xFF,0xFF,0xFF,0xFF,0xFF,0xFF,0xFF,0xFF,0xFF,
    0xFF,0xFF,0xFF,0xFF,0xFF,0xFF,0xFF,0xFF,0xFF,0xFF,0xFF,0xFF,0xFF,0xFF,0xFF,0xFF,
    0xFF,0xFF,0xFF,0xFF,0xFF,0xFF,0xFF,0xFF,0xFF,0xFF,0xFF,0xFF,0xFF,0xFF,0xFF,0xFF,
    0xFF,0xFF,0xFF,0xFF,0xFF,0xFF,0xFF,0xFF,0xFF,0xFF,0xFF,0xFF,0xFF,0xFF,0xFF,0xFF,
    0xFF,0xFF,0xFF,0xFF,0xFF,0xFF,0xFF,0xFF,0xFF,0xFF,0xFF,0xFF,0xFF,0xFF,0xFF,0xFF,
    0xFF,0xFF,0xFF,0xFF,0x00,0x00,0xFF,0xFF,0x00,0x00,0x00,0x00,0x00,0x00,0x00,0x00,
    0xFF,0xFF,0x00,0x00,0x55,0xAD,0xFF,0xFF,0xFF,0xFF,0xFF,0xFF,0xFF,0xFF,0xFF,0xFF,
    0xFF,0xFF,0xFF,0xFF,0xFF,0xFF,0xFF,0xFF,0xFF,0xFF,0xFF,0xFF,0xFF,0xFF,0xFF,0xFF,
    0xFF,0xFF,0xFF,0xFF,0xFF,0xFF,0xFF,0xFF,0xFF,0xFF,0xFF,0xFF,0xFF,0xFF,0xFF,0xFF,
    0xFF,0xFF,0xFF,0xFF,0xFF,0xFF,0xFF,0xFF,0xFF,0xFF,0xFF,0xFF,0xFF,0xFF,0xFF,0xFF,
    0xFF,0xFF,0xFF,0xFF,0xFF,0xFF,0xFF,0xFF,0xFF,0xFF,0xFF,0xFF,0xFF,0xFF,0xFF,0xFF,
    0xFF,0xFF,0xFF,0xFF,0xFF,0xFF,0xFF,0xFF,0xFF,0xFF,0xFF,0xFF,0xFF,0xFF,0xFF,0xFF,
    0xFF,0xFF,0xFF,0xFF,0xFF,0xFF,0xFF,0xFF,0xFF,0xFF,0xFF,0xFF,0xFF,0xFF,0xFF,0xFF,
    0xFF,0xFF,0xFF,0xFF,0xFF,0xFF,0xFF,0xFF,0xFF,0xFF,0xFF,0xFF,0xFF,0xFF,0xFF,0xFF,
    0xFF,0xFF,0xFF,0xFF,0xFF,0xFF,0xFF,0xFF,0xFF,0xFF,0xFF,0xFF,0xFF,0xFF,0xFF,0xFF,
    0xFF,0xFF,0xFF,0xFF,0xFF,0xFF,0xFF,0xFF,0xFF,0xFF,0xFF,0xFF,0xFF,0xFF,0xFF,0xFF,
    0xFF,0xFF,0xFF,0xFF,0xFF,0xFF,0xFF,0xFF,0xFF,0xFF,0xFF,0xFF,0xFF,0xFF,0xFF,0xFF,
    0xFF,0xFF,0xFF,0xFF,0xFF,0xFF,0xFF,0xFF,0xFF,0xFF,0xFF,0xFF,0xFF,0xFF,0xFF,0xFF,
    0xFF,0xFF,0xFF,0xFF,0xFF,0xFF,0xFF,0xFF,0xFF,0xFF,0xFF,0xFF,0xFF,0xFF,0xFF,0xFF,
    0xFF,0xFF,0xFF,0xFF,0xFF,0xFF,0xFF,0xFF,0xFF,0xFF,0xFF,0xFF,0xFF,0xFF,0xFF,0xFF,
    0xBC,0x94,0x19,0x32,0x19,0x3A,0x99,0x4A,0xDE,0xD6,0xFF,0xFF,0xFF,0xFF,0x1E,0xDF,
    0x9C,0x8C,0xBC,0x8C,0xBC,0x8C,0x1C,0x9D,0x5C,0xA5,0x5C,0xA5,0x9D,0xAD,0x7F,0xEF,
    0xFF,0xFF,0xFF,0xFF,0x7E,0xCE,0x59,0x42,0x39,0x3A,0x59,0x42,0x59,0x3A,0x59,0x42,
    0x19,0x3A,0xBA,0x4A,0xFE,0xDE,0xFF,0xFF,0xFF,0xFF,0x3F,0xE7,0x7C,0xAD,0x7C,0xA5,
    0x5C,0xA5,0xFC,0x9C,0x9C,0x8C,0x9C,0x8C,0xDC,0x94,0x7F,0xEF,0xFF,0xFF,0xFF,0xFF,
    0x3D,0xC6,0x39,0x3A,0x39,0x3A,0x39,0x3A,0x7D,0xAD,0xFF,0xFF,0xFF,0xFF,0xFF,0xFF,
    0xFF,0xFF,0xFF,0xFF,0xFF,0xFF,0xFF,0xFF,0xFF,0xFF,0xFF,0xFF,0xFF,0xFF,0xFF,0xFF,
    0xFF,0xFF,0xFF,0xFF,0xFF,0xFF,0xFF,0xFF,0xFF,0xFF,0xFF,0xFF,0xFF,0xFF,0xFF,0xFF,
    0xFF,0xFF,0xFF,0xFF,0xFF,0xFF,0xFF,0xFF,0xFF,0xFF,0xFF,0xFF,0xFF,0xFF,0xFF,0xFF,
    0xFF,0xFF,0xFF,0xFF,0xFF,0xFF,0xFF,0xFF,0xFF,0xFF,0xFF,0xFF,0xFF,0xFF,0xFF,0xFF,
    0xFF,0xFF,0xFF,0xFF,0xFF,0xFF,0xFF,0xFF,0xFF,0xFF,0xFF,0xFF,0xFF,0xFF,0xFF,0xFF,
    0xFF,0xFF,0xFF,0xFF,0xFF,0xFF,0xFF,0xFF,0xFF,0xFF,0xFF,0xFF,0xFF,0xFF,0xFF,0xFF,
    0xFF,0xFF,0xFF,0xFF,0xFF,0xFF,0xFF,0xFF,0xFF,0xFF,0xFF,0xFF,0xFF,0xFF,0xFF,0xFF,
    0xFF,0xFF,0xFF,0xFF,0xFF,0xFF,0xFF,0xFF,0xFF,0xFF,0xFF,0xFF,0xFF,0xFF,0xFF,0xFF,
    0xFF,0xFF,0xFF,0xFF,0xFF,0xFF,0xFF,0xFF,0xFF,0xFF,0xFF,0xFF,0xFF,0xFF,0xFF,0xFF,
    0xFF,0xFF,0xFF,0xFF,0xFF,0xFF,0xFF,0xFF,0xFF,0xFF,0xFF,0xFF,0xFF,0xFF,0xFF,0xFF,
    0xFF,0xFF,0xFF,0xFF,0xFF,0xFF,0xFF,0xFF,0xFF,0xFF,0xFF,0xFF,0xFF,0xFF,0xFF,0xFF,
    0xFF,0xFF,0xFF,0xFF,0xFF,0xFF,0xFF,0xFF,0xFF,0xFF,0xFF,0xFF,0xFF,0xFF,0xFF,0xFF,
    0xFF,0xFF,0xFF,0xFF,0xFF,0xFF,0xFF,0xFF,0xFF,0xFF,0xFF,0xFF,0xFF,0xFF,0xFF,0xFF,
    0x00,0x00,0xFF,0xFF,0x00,0x00,0x00,0x00,0x00,0x00,0x00,0x00,0xFF,0xFF,0x00,0x00,
    0x55,0xAD,0xFF,0xFF,0xFF,0xFF,0xFF,0xFF,0xFF,0xFF,0xFF,0xFF,0xFF,0xFF,0xFF,0xFF,
    0xFF,0xFF,0xFF,0xFF,0xFF,0xFF,0xFF,0xFF,0xFF,0xFF,0xFF,0xFF,0xFF,0xFF,0xFF,0xFF,
    0xFF,0xFF,0xFF,0xFF,0xFF,0xFF,0xFF,0xFF,0xFF,0xFF,0xFF,0xFF,0xFF,0xFF,0xFF,0xFF,
    0xFF,0xFF,0xFF,0xFF,0xFF,0xFF,0xFF,0xFF,0xFF,0xFF,0xFF,0xFF,0xFF,0xFF,0xFF,0xFF,
    0xFF,0xFF,0xFF,0xFF,0xFF,0xFF,0xFF,0xFF,0xFF,0xFF,0xFF,0xFF,0xFF,0xFF,0xFF,0xFF,
    0xFF,0xFF,0xFF,0xFF,0xFF,0xFF,0xFF,0xFF,0xFF,0xFF,0xFF,0xFF,0xFF,0xFF,0xFF,0xFF,
    0xFF,0xFF,0xFF,0xFF,0xFF,0xFF,0xFF,0xFF,0xFF,0xFF,0xFF,0xFF,0xFF,0xFF,0xFF,0xFF,
    0xFF,0xFF,0xFF,0xFF,0xFF,0xFF,0xFF,0xFF,0xFF,0xFF,0xFF,0xFF,0xFF,0xFF,0xFF,0xFF,
    0xFF,0xFF,0xFF,0xFF,0xFF,0xFF,0xFF,0xFF,0xFF,0xFF,0xFF,0xFF,0xFF,0xFF,0xFF,0xFF,
    0xFF,0xFF,0xFF,0xFF,0xFF,0xFF,0xFF,0xFF,0xFF,0xFF,0xFF,0xFF,0xFF,0xFF,0xFF,0xFF,
    0xFF,0xFF,0xFF,0xFF,0xFF,0xFF,0xFF,0xFF,0xFF,0xFF,0xFF,0xFF,0xFF,0xFF,0xFF,0xFF,
    0xFF,0xFF,0xFF,0xFF,0xFF,0xFF,0xFF,0xFF,0xFF,0xFF,0xFF,0xFF,0xFF,0xFF,0xFF,0xFF,
    0xFF,0xFF,0xFF,0xFF,0xFF,0xFF,0xFF,0xFF,0xFF,0xFF,0xFF,0xFF,0xFF,0xFF,0xFF,0xFF,
    0xFF,0xFF,0xFF,0xFF,0xFF,0xFF,0xFF,0xFF,0xFF,0xFF,0xFF,0xFF,0xDC,0x94,0x19,0x3A,
    0x39,0x3A,0x99,0x4A,0xDE,0xD6,0xFF,0xFF,0xFF,0xFF,0x3D,0xC6,0xD8,0x31,0xF9,0x31,
    0xF9,0x31,0x7D,0xAD,0xFF,0xFF,0xFF,0xFF,0xFF,0xFF,0xFF,0xFF,0xFF,0xFF,0xFF,0xFF,
    0x7E,0xCE,0x59,0x42,0x39,0x3A,0x59,0x42,0x59,0x42,0x59,0x42,0x19,0x3A,0xDA,0x4A,
    0xFE,0xDE,0xFF,0xFF,0xFF,0xFF,0xFF,0xFF,0xFF,0xFF,0xFF,0xFF,0xFF,0xFF,0x9C,0x8C,
    0xD9,0x29,0xF9,0x31,0x59,0x42,0x1E,0xE7,0xFF,0xFF,0xFF,0xFF,0x3D,0xC6,0x39,0x3A,
    0x39,0x3A,0x39,0x3A,0x7D,0xAD,0xFF,0xFF,0xFF,0xFF,0xFF,0xFF,0xFF,0xFF,0xFF,0xFF,
    0xFF,0xFF,0xFF,0xFF,0xFF,0xFF,0xFF,0xFF,0xFF,0xFF,0xFF,0xFF,0xFF,0xFF,0xFF,0xFF,
    0xFF,0xFF,0xFF,0xFF,0xFF,0xFF,0xFF,0xFF,0xFF,0xFF,0xFF,0xFF,0xFF,0xFF,0xFF,0xFF,
    0xFF,0xFF,0xFF,0xFF,0xFF,0xFF,0xFF,0xFF,0xFF,0xFF,0xFF,0xFF,0xFF,0xFF,0xFF,0xFF,
    0xFF,0xFF,0xFF,0xFF,0xFF,0xFF,0xFF,0xFF,0xFF,0xFF,0xFF,0xFF,0xFF,0xFF,0xFF,0xFF,
    0xFF,0xFF,0xFF,0xFF,0xFF,0xFF,0xFF,0xFF,0xFF,0xFF,0xFF,0xFF,0xFF,0xFF,0xFF,0xFF,
    0xFF,0xFF,0xFF,0xFF,0xFF,0xFF,0xFF,0xFF,0xFF,0xFF,0xFF,0xFF,0xFF,0xFF,0xFF,0xFF,
    0xFF,0xFF,0xFF,0xFF,0xFF,0xFF,0xFF,0xFF,0xFF,0xFF,0xFF,0xFF,0xFF,0xFF,0xFF,0xFF,
    0xFF,0xFF,0xFF,0xFF,0xFF,0xFF,0xFF,0xFF,0xFF,0xFF,0xFF,0xFF,0xFF,0xFF,0xFF,0xFF,
    0xFF,0xFF,0xFF,0xFF,0xFF,0xFF,0xFF,0xFF,0xFF,0xFF,0xFF,0xFF,0xFF,0xFF,0xFF,0xFF,
    0xFF,0xFF,0xFF,0xFF,0xFF,0xFF,0xFF,0xFF,0xFF,0xFF,0xFF,0xFF,0xFF,0xFF,0xFF,0xFF,
    0xFF,0xFF,0xFF,0xFF,0xFF,0xFF,0xFF,0xFF,0xFF,0xFF,0xFF,0xFF,0xFF,0xFF,0xFF,0xFF,
    0xFF,0xFF,0xFF,0xFF,0xFF,0xFF,0xFF,0xFF,0xFF,0xFF,0xFF,0xFF,0xFF,0xFF,0xFF,0xFF,
    0xFF,0xFF,0xFF,0xFF,0xFF,0xFF,0xFF,0xFF,0xFF,0xFF,0xFF,0xFF,0x00,0x00,0xFF,0xFF,
    0x00,0x00,0x00,0x00,0x00,0x00,0x00,0x00,0xFF,0xFF,0x00,0x00,0x55,0xAD,0xFF,0xFF,
    0xFF,0xFF,0xFF,0xFF,0xFF,0xFF,0xFF,0xFF,0xFF,0xFF,0xFF,0xFF,0xFF,0xFF,0xFF,0xFF,
    0xFF,0xFF,0xFF,0xFF,0xFF,0xFF,0xFF,0xFF,0xFF,0xFF,0xFF,0xFF,0xFF,0xFF,0xFF,0xFF,
    0xFF,0xFF,0xFF,0xFF,0xFF,0xFF,0xFF,0xFF,0xFF,0xFF,0xFF,0xFF,0xFF,0xFF,0xFF,0xFF,
    0xFF,0xFF,0xFF,0xFF,0xFF,0xFF,0xFF,0xFF,0xFF,0xFF,0xFF,0xFF,0xFF,0xFF,0xFF,0xFF,
    0xFF,0xFF,0xFF,0xFF,0xFF,0xFF,0xFF,0xFF,0xFF,0xFF,0xFF,0xFF,0xFF,0xFF,0xFF,0xFF,
    0xFF,0xFF,0xFF,0xFF,0xFF,0xFF,0xFF,0xFF,0xFF,0xFF,0xFF,0xFF,0xFF,0xFF,0xFF,0xFF,
    0xFF,0xFF,0xFF,0xFF,0xFF,0xFF,0xFF,0xFF,0xFF,0xFF,0xFF,0xFF,0xFF,0xFF,0xFF,0xFF,
    0xFF,0xFF,0xFF,0xFF,0xFF,0xFF,0xFF,0xFF,0xFF,0xFF,0xFF,0xFF,0xFF,0xFF,0xFF,0xFF,
    0xFF,0xFF,0xFF,0xFF,0xFF,0xFF,0xFF,0xFF,0xFF,0xFF,0xFF,0xFF,0xFF,0xFF,0xFF,0xFF,
    0xFF,0xFF,0xFF,0xFF,0xFF,0xFF,0xFF,0xFF,0xFF,0xFF,0xFF,0xFF,0xFF,0xFF,0xFF,0xFF,
    0xFF,0xFF,0xFF,0xFF,0xFF,0xFF,0xFF,0xFF,0xFF,0xFF,0xFF,0xFF,0xFF,0xFF,0xFF,0xFF,
    0xFF,0xFF,0xFF,0xFF,0xFF,0xFF,0xFF,0xFF,0xFF,0xFF,0xFF,0xFF,0xFF,0xFF,0xFF,0xFF,
    0xFF,0xFF,0xFF,0xFF,0xFF,0xFF,0xFF,0xFF,0xFF,0xFF,0xFF,0xFF,0xFF,0xFF,0xFF,0xFF,
    0xFF,0xFF,0xFF,0xFF,0xFF,0xFF,0xFF,0xFF,0xBC,0x8C,0xF9,0x31,0xF9,0x31,0x79,0x42,
    0xDE,0xDE,0xFF,0xFF,0xFF,0xFF,0x5E,0xCE,0xF9,0x31,0x19,0x3A,0x19,0x32,0x5C,0xA5,
    0xFF,0xFF,0xFF,0xFF,0xFF,0xFF,0xFF,0xFF,0xFF,0xFF,0xFF,0xFF,0x7E,0xCE,0x39,0x3A,
    0x19,0x32,0x39,0x3A,0x19,0x3A,0x39,0x3A,0xF9,0x31,0x99,0x4A,0xFE,0xDE,0xFF,0xFF,
    0xFF,0xFF,0xFF,0xFF,0xFF,0xFF,0xFF,0xFF,0xFF,0xFF,0x9C,0x8C,0xF9,0x31,0x19,0x32,
    0x99,0x42,0x3F,0xE7,0xFF,0xFF,0xFF,0xFF,0x3D,0xC6,0x19,0x3A,0x19,0x3A,0xF9,0x31,
    0x5C,0xAD,0xFF,0xFF,0xFF,0xFF,0xFF,0xFF,0xFF,0xFF,0xFF,0xFF,0xFF,0xFF,0xFF,0xFF,
    0xFF,0xFF,0xFF,0xFF,0xFF,0xFF,0xFF,0xFF,0xFF,0xFF,0xFF,0xFF,0xFF,0xFF,0xFF,0xFF,
    0xFF,0xFF,0xFF,0xFF,0xFF,0xFF,0xFF,0xFF,0xFF,0xFF,0xFF,0xFF,0xFF,0xFF,0xFF,0xFF,
    0xFF,0xFF,0xFF,0xFF,0xFF,0xFF,0xFF,0xFF,0xFF,0xFF,0xFF,0xFF,0xFF,0xFF,0xFF,0xFF,
    0xFF,0xFF,0xFF,0xFF,0xFF,0xFF,0xFF,0xFF,0xFF,0xFF,0xFF,0xFF,0xFF,0xFF,0xFF,0xFF,
    0xFF,0xFF,0xFF,0xFF,0xFF,0xFF,0xFF,0xFF,0xFF,0xFF,0xFF,0xFF,0xFF,0xFF,0xFF,0xFF,
    0xFF,0xFF,0xFF,0xFF,0xFF,0xFF,0xFF,0xFF,0xFF,0xFF,0xFF,0xFF,0xFF,0xFF,0xFF,0xFF,
    0xFF,0xFF,0xFF,0xFF,0xFF,0xFF,0xFF,0xFF,0xFF,0xFF,0xFF,0xFF,0xFF,0xFF,0xFF,0xFF,
    0xFF,0xFF,0xFF,0xFF,0xFF,0xFF,0xFF,0xFF,0xFF,0xFF,0xFF,0xFF,0xFF,0xFF,0xFF,0xFF,
    0xFF,0xFF,0xFF,0xFF,0xFF,0xFF,0xFF,0xFF,0xFF,0xFF,0xFF,0xFF,0xFF,0xFF,0xFF,0xFF,
    0xFF,0xFF,0xFF,0xFF,0xFF,0xFF,0xFF,0xFF,0xFF,0xFF,0xFF,0xFF,0xFF,0xFF,0xFF,0xFF,
    0xFF,0xFF,0xFF,0xFF,0xFF,0xFF,0xFF,0xFF,0xFF,0xFF,0xFF,0xFF,0xFF,0xFF,0xFF,0xFF,
    0xFF,0xFF,0xFF,0xFF,0xFF,0xFF,0xFF,0xFF,0xFF,0xFF,0xFF,0xFF,0xFF,0xFF,0xFF,0xFF,
    0xFF,0xFF,0xFF,0xFF,0xFF,0xFF,0xFF,0xFF,0x00,0x00,0xFF,0xFF,0x00,0x00,0x00,0x00,
    0x00,0x00,0x00,0x00,0xFF,0xFF,0x00,0x00,0x55,0xAD,0xFF,0xFF,0xFF,0xFF,0xFF,0xFF,
    0xFF,0xFF,0xFF,0xFF,0xFF,0xFF,0xFF,0xFF,0xFF,0xFF,0xFF,0xFF,0xFF,0xFF,0xFF,0xFF,
    0xFF,0xFF,0xFF,0xFF,0xFF,0xFF,0xFF,0xFF,0xFF,0xFF,0xFF,0xFF,0xFF,0xFF,0xFF,0xFF,
    0xFF,0xFF,0xFF,0xFF,0xFF,0xFF,0xFF,0xFF,0xFF,0xFF,0xFF,0xFF,0xFF,0xFF,0xFF,0xFF,
    0xFF,0xFF,0xFF,0xFF,0xFF,0xFF,0xFF,0xFF,0xFF,0xFF,0xFF,0xFF,0xFF,0xFF,0xFF,0xFF,
    0xFF,0xFF,0xFF,0xFF,0xFF,0xFF,0xFF,0xFF,0xFF,0xFF,0xFF,0xFF,0xFF,0xFF,0xFF,0xFF,
    0xFF,0xFF,0xFF,0xFF,0xFF,0xFF,0xFF,0xFF,0xFF,0xFF,0xFF,0xFF,0xFF,0xFF,0xFF,0xFF,
    0xFF,0xFF,0xFF,0xFF,0xFF,0xFF,0xFF,0xFF,0xFF,0xFF,0xFF,0xFF,0xFF,0xFF,0xFF,0xFF,
    0xFF,0xFF,0xFF,0xFF,0xFF,0xFF,0xFF,0xFF,0xFF,0xFF,0xFF,0xFF,0xFF,0xFF,0xFF,0xFF,
    0xFF,0xFF,0xFF,0xFF,0xFF,0xFF,0xFF,0xFF,0xFF,0xFF,0xFF,0xFF,0xFF,0xFF,0xFF,0xFF,
    0xFF,0xFF,0xFF,0xFF,0xFF,0xFF,0xFF,0xFF,0xFF,0xFF,0xFF,0xFF,0xFF,0xFF,0xFF,0xFF,
    0xFF,0xFF,0xFF,0xFF,0xFF,0xFF,0xFF,0xFF,0xFF,0xFF,0xFF,0xFF,0xFF,0xFF,0xFF,0xFF,
    0xFF,0xFF,0xFF,0xFF,0xFF,0xFF,0xFF,0xFF,0xFF,0xFF,0xFF,0xFF,0xFF,0xFF,0xFF,0xFF,
    0xFF,0xFF,0xFF,0xFF,0xFF,0xFF,0xFF,0xFF,0xFF,0xFF,0xFF,0xFF,0xFF,0xFF,0xFF,0xFF,
    0xFF,0xFF,0xFF,0xFF,0xDC,0x94,0x59,0x3A,0x59,0x42,0xBA,0x4A,0x9E,0xD6,0xBF,0xF7,
    0xDF,0xF7,0x3D,0xC6,0x59,0x42,0x79,0x42,0x79,0x42,0x9D,0xAD,0xFF,0xFF,0xFF,0xFF,
    0xFF,0xFF,0xBF,0xF7,0x9F,0xF7,0xDF,0xFF,0x5D,0xC6,0x99,0x42,0x79,0x42,0x99,0x4A,
    0x79,0x42,0x99,0x4A,0x59,0x42,0xFA,0x52,0xDE,0xD6,0xDF,0xFF,0x9F,0xF7,0xDF,0xFF,
    0xFF,0xFF,0xFF,0xFF,0xFF,0xFF,0xDC,0x94,0x59,0x42,0x79,0x42,0xDA,0x52,0xFE,0xDE,
    0xDF,0xF7,0xDF,0xFF,0x1D,0xBE,0x79,0x42,0x79,0x42,0x59,0x42,0x9D,0xAD,0xFF,0xFF,
    0xFF,0xFF,0xFF,0xFF,0xFF,0xFF,0xFF,0xFF,0xFF,0xFF,0xFF,0xFF,0xFF,0xFF,0xFF,0xFF,
    0xFF,0xFF,0xFF,0xFF,0xFF,0xFF,0xFF,0xFF,0xFF,0xFF,0xFF,0xFF,0xFF,0xFF,0xFF,0xFF,
    0xFF,0xFF,0xFF,0xFF,0xFF,0xFF,0xFF,0xFF,0xFF,0xFF,0xFF,0xFF,0xFF,0xFF,0xFF,0xFF,
    0xFF,0xFF,0xFF,0xFF,0xFF,0xFF,0xFF,0xFF,0xFF,0xFF,0xFF,0xFF,0xFF,0xFF,0xFF,0xFF,
    0xFF,0xFF,0xFF,0xFF,0xFF,0xFF,0xFF,0xFF,0xFF,0xFF,0xFF,0xFF,0xFF,0xFF,0xFF,0xFF,
    0xFF,0xFF,0xFF,0xFF,0xFF,0xFF,0xFF,0xFF,0xFF,0xFF,0xFF,0xFF,0xFF,0xFF,0xFF,0xFF,
    0xFF,0xFF,0xFF,0xFF,0xFF,0xFF,0xFF,0xFF,0xFF,0xFF,0xFF,0xFF,0xFF,0xFF,0xFF,0xFF,
    0xFF,0xFF,0xFF,0xFF,0xFF,0xFF,0xFF,0xFF,0xFF,0xFF,0xFF,0xFF,0xFF,0xFF,0xFF,0xFF,
    0xFF,0xFF,0xFF,0xFF,0xFF,0xFF,0xFF,0xFF,0xFF,0xFF,0xFF,0xFF,0xFF,0xFF,0xFF,0xFF,
    0xFF,0xFF,0xFF,0xFF,0xFF,0xFF,0xFF,0xFF,0xFF,0xFF,0xFF,0xFF,0xFF,0xFF,0xFF,0xFF,
    0xFF,0xFF,0xFF,0xFF,0xFF,0xFF,0xFF,0xFF,0xFF,0xFF,0xFF,0xFF,0xFF,0xFF,0xFF,0xFF,
    0xFF,0xFF,0xFF,0xFF,0xFF,0xFF,0xFF,0xFF,0xFF,0xFF,0xFF,0xFF,0xFF,0xFF,0xFF,0xFF,
    0xFF,0xFF,0xFF,0xFF,0xFF,0xFF,0xFF,0xFF,0xFF,0xFF,0xFF,0xFF,0xFF,0xFF,0xFF,0xFF,
    0xFF,0xFF,0xFF,0xFF,0x00,0x00,0xFF,0xFF,0x00,0x00,0x00,0x00,0x00,0x00,0x00,0x00,
    0xFF,0xFF,0x00,0x00,0x55,0xAD,0xFF,0xFF,0xFF,0xFF,0xFF,0xFF,0xFF,0xFF,0xFF,0xFF,
    0xFF,0xFF,0xFF,0xFF,0xFF,0xFF,0xFF,0xFF,0xFF,0xFF,0xFF,0xFF,0xFF,0xFF,0xFF,0xFF,
    0xFF,0xFF,0xFF,0xFF,0xFF,0xFF,0xFF,0xFF,0xFF,0xFF,0xFF,0xFF,0xFF,0xFF,0xFF,0xFF,
    0xFF,0xFF,0xFF,0xFF,0xFF,0xFF,0xFF,0xFF,0xFF,0xFF,0xFF,0xFF,0xFF,0xFF,0xFF,0xFF,
    0xFF,0xFF,0xFF,0xFF,0xFF,0xFF,0xFF,0xFF,0xFF,0xFF,0xFF,0xFF,0xFF,0xFF,0xFF,0xFF,
    0xFF,0xFF,0xFF,0xFF,0xFF,0xFF,0xFF,0xFF,0xFF,0xFF,0xFF,0xFF,0xFF,0xFF,0xFF,0xFF,
    0xFF,0xFF,0xFF,0xFF,0xFF,0xFF,0xFF,0xFF,0xFF,0xFF,0xFF,0xFF,0xFF,0xFF,0xFF,0xFF,
    0xFF,0xFF,0xFF,0xFF,0xFF,0xFF,0xFF,0xFF,0xFF,0xFF,0xFF,0xFF,0xFF,0xFF,0xFF,0xFF,
    0xFF,0xFF,0xFF,0xFF,0xFF,0xFF,0xFF,0xFF,0xFF,0xFF,0xFF,0xFF,0xFF,0xFF,0xFF,0xFF,
    0xFF,0xFF,0xFF,0xFF,0xFF,0xFF,0xFF,0xFF,0xFF,0xFF,0xFF,0xFF,0xFF,0xFF,0xFF,0xFF,
    0xFF,0xFF,0xFF,0xFF,0xFF,0xFF,0xFF,0xFF,0xFF,0xFF,0xFF,0xFF,0xFF,0xFF,0xFF,0xFF,
    0xFF,0xFF,0xFF,0xFF,0xFF,0xFF,0xFF,0xFF,0xFF,0xFF,0xFF,0xFF,0xFF,0xFF,0xFF,0xFF,
    0xFF,0xFF,0xFF,0xFF,0xFF,0xFF,0xFF,0xFF,0xFF,0xFF,0xFF,0xFF,0xFF,0xFF,0xFF,0xFF,
    0xFF,0xFF,0xFF,0xFF,0xFF,0xFF,0xFF,0xFF,0xFF,0xFF,0xFF,0xFF,0xFF,0xFF,0xFF,0xFF,
    0x7F,0xEF,0xFE,0xDE,0x1E,0xDF,0x9E,0xD6,0xDB,0x73,0x1A,0x5B,0xFA,0x52,0x5B,0x84,
    0x1E,0xDF,0xFE,0xDE,0xFE,0xDE,0x9F,0xEF,0xFF,0xFF,0xFF,0xFF,0x7F,0xEF,0x1B,0x7C,
    0x1A,0x5B,0xFA,0x52,0x3B,0x84,0xDE,0xDE,0xFE,0xDE,0xFE,0xDE,0xFE,0xDE,0xFE,0xDE,
    0xFE,0xDE,0x9E,0xCE,0xDB,0x73,0x1A,0x5B,0xFA,0x52,0x9C,0x8C,0xBF,0xF7,0xFF,0xFF,
    0xFF,0xFF,0x7F,0xEF,0xFE,0xDE,0xFE,0xDE,0xBE,0xD6,0xBB,0x73,0x1A,0x5B,0x1A,0x53,
    0x5B,0x84,0xDE,0xDE,0xFE,0xDE,0xFE,0xDE,0x9F,0xEF,0xFF,0xFF,0xFF,0xFF,0xFF,0xFF,
    0xFF,0xFF,0xFF,0xFF,0xFF,0xFF,0xFF,0xFF,0xFF,0xFF,0xFF,0xFF,0xFF,0xFF,0xFF,0xFF,
    0xFF,0xFF,0xFF,0xFF,0xFF,0xFF,0xFF,0xFF,0xFF,0xFF,0xFF,0xFF,0xFF,0xFF,0xFF,0xFF,
    0xFF,0xFF,0xFF,0xFF,0xFF,0xFF,0xFF,0xFF,0xFF,0xFF,0xFF,0xFF,0xFF,0xFF,0xFF,0xFF,
    0xFF,0xFF,0xFF,0xFF,0xFF,0xFF,0xFF,0xFF,0xFF,0xFF,0xFF,0xFF,0xFF,0xFF,0xFF,0xFF,
    0xFF,0xFF,0xFF,0xFF,0xFF,0xFF,0xFF,0xFF,0xFF,0xFF,0xFF,0xFF,0xFF,0xFF,0xFF,0xFF,
    0xFF,0xFF,0xFF,0xFF,0xFF,0xFF,0xFF,0xFF,0xFF,0xFF,0xFF,0xFF,0xFF,0xFF,0xFF,0xFF,
    0xFF,0xFF,0xFF,0xFF,0xFF,0xFF,0xFF,0xFF,0xFF,0xFF,0xFF,0xFF,0xFF,0xFF,0xFF,0xFF,
    0xFF,0xFF,0xFF,0xFF,0xFF,0xFF,0xFF,0xFF,0xFF,0xFF,0xFF,0xFF,0xFF,0xFF,0xFF,0xFF,
    0xFF,0xFF,0xFF,0xFF,0xFF,0xFF,0xFF,0xFF,0xFF,0xFF,0xFF,0xFF,0xFF,0xFF,0xFF,0xFF,
    0xFF,0xFF,0xFF,0xFF,0xFF,0xFF,0xFF,0xFF,0xFF,0xFF,0xFF,0xFF,0xFF,0xFF,0xFF,0xFF,
    0xFF,0xFF,0xFF,0xFF,0xFF,0xFF,0xFF,0xFF,0xFF,0xFF,0xFF,0xFF,0xFF,0xFF,0xFF,0xFF,
    0xFF,0xFF,0xFF,0xFF,0xFF,0xFF,0xFF,0xFF,0xFF,0xFF,0xFF,0xFF,0xFF,0xFF,0xFF,0xFF,
    0xFF,0xFF,0xFF,0xFF,0xFF,0xFF,0xFF,0xFF,0xFF,0xFF,0xFF,0xFF,0xFF,0xFF,0xFF,0xFF,
    0x00,0x00,0xFF,0xFF,0x00,0x00,0x00,0x00,0x00,0x00,0x00,0x00,0xFF,0xFF,0x00,0x00,
    0x55,0xAD,0xFF,0xFF,0xFF,0xFF,0xFF,0xFF,0xFF,0xFF,0xFF,0xFF,0xFF,0xFF,0xFF,0xFF,
    0xFF,0xFF,0xFF,0xFF,0xFF,0xFF,0xFF,0xFF,0xFF,0xFF,0xFF,0xFF,0xFF,0xFF,0xFF,0xFF,
    0xFF,0xFF,0xFF,0xFF,0xFF,0xFF,0xFF,0xFF,0xFF,0xFF,0xFF,0xFF,0xFF,0xFF,0xFF,0xFF,
    0xFF,0xFF,0xFF,0xFF,0xFF,0xFF,0xFF,0xFF,0xFF,0xFF,0xFF,0xFF,0xFF,0xFF,0xFF,0xFF,
    0xFF,0xFF,0xFF,0xFF,0xFF,0xFF,0xFF,0xFF,0xFF,0xFF,0xFF,0xFF,0xFF,0xFF,0xFF,0xFF,
    0xFF,0xFF,0xFF,0xFF,0xFF,0xFF,0xFF,0xFF,0xFF,0xFF,0xFF,0xFF,0xFF,0xFF,0xFF,0xFF,
    0xFF,0xFF,0xFF,0xFF,0xFF,0xFF,0xFF,0xFF,0xFF,0xFF,0xFF,0xFF,0xFF,0xFF,0xFF,0xFF,
    0xFF,0xFF,0xFF,0xFF,0xFF,0xFF,0xFF,0xFF,0xFF,0xFF,0xFF,0xFF,0xFF,0xFF,0xFF,0xFF,
    0xFF,0xFF,0xFF,0xFF,0xFF,0xFF,0xFF,0xFF,0xFF,0xFF,0xFF,0xFF,0xFF,0xFF,0xFF,0xFF,
    0xFF,0xFF,0xFF,0xFF,0xFF,0xFF,0xFF,0xFF,0xFF,0xFF,0xFF,0xFF,0xFF,0xFF,0xFF,0xFF,
    0xFF,0xFF,0xFF,0xFF,0xFF,0xFF,0xFF,0xFF,0xFF,0xFF,0xFF,0xFF,0xFF,0xFF,0xFF,0xFF,
    0xFF,0xFF,0xFF,0xFF,0xFF,0xFF,0xFF,0xFF,0xFF,0xFF,0xFF,0xFF,0xFF,0xFF,0xFF,0xFF,
    0xFF,0xFF,0xFF,0xFF,0xFF,0xFF,0xFF,0xFF,0xFF,0xFF,0xFF,0xFF,0xFF,0xFF,0xFF,0xFF,
    0xFF,0xFF,0xFF,0xFF,0xFF,0xFF,0xFF,0xFF,0xFF,0xFF,0xFF,0xFF,0xFF,0xFF,0xFF,0xFF,
    0xFF,0xFF,0x9F,0xF7,0x3A,0x5B,0xD9,0x31,0xD8,0x29,0xDB,0x73,0xFF,0xFF,0xFF,0xFF,
    0xFF,0xFF,0xFF,0xFF,0xFF,0xFF,0xFF,0xFF,0x3F,0xE7,0x1A,0x5B,0xD9,0x31,0xB8,0x29,
    0xBB,0x73,0xFF,0xFF,0xFF,0xFF,0xFF,0xFF,0xFF,0xFF,0xFF,0xFF,0xFF,0xFF,0x7F,0xEF,
    0x1A,0x5B,0xD9,0x29,0xB8,0x29,0xDB,0x73,0xBF,0xF7,0xFF,0xFF,0xFF,0xFF,0xFF,0xFF,
    0xFF,0xFF,0xFF,0xFF,0x9F,0xF7,0xFA,0x52,0xD8,0x31,0xD9,0x31,0xFB,0x73,0xFF,0xFF,
    0xFF,0xFF,0xFF,0xFF,0xFF,0xFF,0xFF,0xFF,0xFF,0xFF,0xFF,0xFF,0xFF,0xFF,0xFF,0xFF,
    0xFF,0xFF,0xFF,0xFF,0xFF,0xFF,0xFF,0xFF,0xFF,0xFF,0xFF,0xFF,0xFF,0xFF,0xFF,0xFF,
    0xFF,0xFF,0xFF,0xFF,0xFF,0xFF,0xFF,0xFF,0xFF,0xFF,0xFF,0xFF,0xFF,0xFF,0xFF,0xFF,
    0xFF,0xFF,0xFF,0xFF,0xFF,0xFF,0xFF,0xFF,0xFF,0xFF,0xFF,0xFF,0xFF,0xFF,0xFF,0xFF,
    0xFF,0xFF,0xFF,0xFF,0xFF,0xFF,0xFF,0xFF,0xFF,0xFF,0xFF,0xFF,0xFF,0xFF,0xFF,0xFF,
    0xFF,0xFF,0xFF,0xFF,0xFF,0xFF,0xFF,0xFF,0xFF,0xFF,0xFF,0xFF,0xFF,0xFF,0xFF,0xFF,
    0xFF,0xFF,0xFF,0xFF,0xFF,0xFF,0xFF,0xFF,0xFF,0xFF,0xFF,0xFF,0xFF,0xFF,0xFF,0xFF,
    0xFF,0xFF,0xFF,0xFF,0xFF,0xFF,0xFF,0xFF,0xFF,0xFF,0xFF,0xFF,0xFF,0xFF,0xFF,0xFF,
    0xFF,0xFF,0xFF,0xFF,0xFF,0xFF,0xFF,0xFF,0xFF,0xFF,0xFF,0xFF,0xFF,0xFF,0xFF,0xFF,
    0xFF,0xFF,0xFF,0xFF,0xFF,0xFF,0xFF,0xFF,0xFF,0xFF,0xFF,0xFF,0xFF,0xFF,0xFF,0xFF,
    0xFF,0xFF,0xFF,0xFF,0xFF,0xFF,0xFF,0xFF,0xFF,0xFF,0xFF,0xFF,0xFF,0xFF,0xFF,0xFF,
    0xFF,0xFF,0xFF,0xFF,0xFF,0xFF,0xFF,0xFF,0xFF,0xFF,0xFF,0xFF,0xFF,0xFF,0xFF,0xFF,
    0xFF,0xFF,0xFF,0xFF,0xFF,0xFF,0xFF,0xFF,0xFF,0xFF,0xFF,0xFF,0xFF,0xFF,0xFF,0xFF,
    0xFF,0xFF,0xFF,0xFF,0xFF,0xFF,0xFF,0xFF,0xFF,0xFF,0xFF,0xFF,0x00,0x00,0xFF,0xFF,
    0x00,0x00,0x00,0x00,0x00,0x00,0x00,0x00,0xFF,0xFF,0x00,0x00,0x55,0xAD,0xFF,0xFF,
    0xFF,0xFF,0xFF,0xFF,0xFF,0xFF,0xFF,0xFF,0xFF,0xFF,0xFF,0xFF,0xFF,0xFF,0xFF,0xFF,
    0xFF,0xFF,0xFF,0xFF,0xFF,0xFF,0xFF,0xFF,0xFF,0xFF,0xFF,0xFF,0xFF,0xFF,0xFF,0xFF,
    0xFF,0xFF,0xFF,0xFF,0xFF,0xFF,0xFF,0xFF,0xFF,0xFF,0xFF,0xFF,0xFF,0xFF,0xFF,0xFF,
    0xFF,0xFF,0xFF,0xFF,0xFF,0xFF,0xFF,0xFF,0xFF,0xFF,0xFF,0xFF,0xFF,0xFF,0xFF,0xFF,
    0xFF,0xFF,0xFF,0xFF,0xFF,0xFF,0xFF,0xFF,0xFF,0xFF,0xFF,0xFF,0xFF,0xFF,0xFF,0xFF,
    0xFF,0xFF,0xFF,0xFF,0xFF,0xFF,0xFF,0xFF,0xFF,0xFF,0xFF,0xFF,0xFF,0xFF,0xFF,0xFF,
    0xFF,0xFF,0xFF,0xFF,0xFF,0xFF,0xFF,0xFF,0xFF,0xFF,0xFF,0xFF,0xFF,0xFF,0xFF,0xFF,
    0xFF,0xFF,0xFF,0xFF,0xFF,0xFF,0xFF,0xFF,0xFF,0xFF,0xFF,0xFF,0xFF,0xFF,0xFF,0xFF,
    0xFF,0xFF,0xFF,0xFF,0xFF,0xFF,0xFF,0xFF,0xFF,0xFF,0xFF,0xFF,0xFF,0xFF,0xFF,0xFF,
    0xFF,0xFF,0xFF,0xFF,0xFF,0xFF,0xFF,0xFF,0xFF,0xFF,0xFF,0xFF,0xFF,0xFF,0xFF,0xFF,
    0xFF,0xFF,0xFF,0xFF,0xFF,0xFF,0xFF,0xFF,0xFF,0xFF,0xFF,0xFF,0xFF,0xFF,0xFF,0xFF,
    0xFF,0xFF,0xFF,0xFF,0xFF,0xFF,0xFF,0xFF,0xFF,0xFF,0xFF,0xFF,0xFF,0xFF,0xFF,0xFF,
    0xFF,0xFF,0xFF,0xFF,0xFF,0xFF,0xFF,0xFF,0xFF,0xFF,0xFF,0xFF,0xFF,0xFF,0xFF,0xFF,
    0xFF,0xFF,0xFF,0xFF,0xFF,0xFF,0xFF,0xFF,0xFF,0xFF,0xFF,0xFF,0xFF,0xFF,0x7F,0xEF,
    0x1A,0x5B,0xD9,0x31,0xB8,0x29,0xDB,0x73,0xFF,0xFF,0xFF,0xFF,0xFF,0xFF,0xFF,0xFF,
    0xFF,0xFF,0xFF,0xFF,0x7F,0xEF,0x7A,0x63,0x19,0x3A,0xF9,0x31,0xDB,0x73,0xDF,0xFF,
    0xFF,0xFF,0xFF,0xFF,0xFF,0xFF,0xFF,0xFF,0xFF,0xFF,0x5F,0xE7,0x3A,0x5B,0x19,0x3A,
    0xF9,0x31,0x1B,0x7C,0xFF,0xFF,0xFF,0xFF,0xFF,0xFF,0xFF,0xFF,0xFF,0xFF,0xFF,0xFF,
    0x9F,0xF7,0xFA,0x52,0xD8,0x29,0xD8,0x29,0xDB,0x73,0xDF,0xF7,0xFF,0xFF,0xFF,0xFF,
    0xFF,0xFF,0xFF,0xFF,0xFF,0xFF,0xFF,0xFF,0xFF,0xFF,0xFF,0xFF,0xFF,0xFF,0xFF,0xFF,
    0xFF,0xFF,0xFF,0xFF,0xFF,0xFF,0xFF,0xFF,0xFF,0xFF,0xFF,0xFF,0xFF,0xFF,0xFF,0xFF,
    0xFF,0xFF,0xFF,0xFF,0xFF,0xFF,0xFF,0xFF,0xFF,0xFF,0xFF,0xFF,0xFF,0xFF,0xFF,0xFF,
    0xFF,0xFF,0xFF,0xFF,0xFF,0xFF,0xFF,0xFF,0xFF,0xFF,0xFF,0xFF,0xFF,0xFF,0xFF,0xFF,
    0xFF,0xFF,0xFF,0xFF,0xFF,0xFF,0xFF,0xFF,0xFF,0xFF,0xFF,0xFF,0xFF,0xFF,0xFF,0xFF,
    0xFF,0xFF,0xFF,0xFF,0xFF,0xFF,0xFF,0xFF,0xFF,0xFF,0xFF,0xFF,0xFF,0xFF,0xFF,0xFF,
    0xFF,0xFF,0xFF,0xFF,0xFF,0xFF,0xFF,0xFF,0xFF,0xFF,0xFF,0xFF,0xFF,0xFF,0xFF,0xFF,
    0xFF,0xFF,0xFF,0xFF,0xFF,0xFF,0xFF,0xFF,0xFF,0xFF,0xFF,0xFF,0xFF,0xFF,0xFF,0xFF,
    0xFF,0xFF,0xFF,0xFF,0xFF,0xFF,0xFF,0xFF,0xFF,0xFF,0xFF,0xFF,0xFF,0xFF,0xFF,0xFF,
    0xFF,0xFF,0xFF,0xFF,0xFF,0xFF,0xFF,0xFF,0xFF,0xFF,0xFF,0xFF,0xFF,0xFF,0xFF,0xFF,
    0xFF,0xFF,0xFF,0xFF,0xFF,0xFF,0xFF,0xFF,0xFF,0xFF,0xFF,0xFF,0xFF,0xFF,0xFF,0xFF,
    0xFF,0xFF,0xFF,0xFF,0xFF,0xFF,0xFF,0xFF,0xFF,0xFF,0xFF,0xFF,0xFF,0xFF,0xFF,0xFF,
    0xFF,0xFF,0xFF,0xFF,0xFF,0xFF,0xFF,0xFF,0xFF,0xFF,0xFF,0xFF,0xFF,0xFF,0xFF,0xFF,
    0xFF,0xFF,0xFF,0xFF,0xFF,0xFF,0xFF,0xFF,0x00,0x00,0xFF,0xFF,0x00,0x00,0x00,0x00,
    0x00,0x00,0x00,0x00,0xFF,0xFF,0x00,0x00,0x55,0xAD,0xFF,0xFF,0xFF,0xFF,0xFF,0xFF,
    0xFF,0xFF,0xFF,0xFF,0xFF,0xFF,0xFF,0xFF,0xFF,0xFF,0xFF,0xFF,0xFF,0xFF,0xFF,0xFF,
    0xFF,0xFF,0xFF,0xFF,0xFF,0xFF,0xFF,0xFF,0xFF,0xFF,0xFF,0xFF,0xFF,0xFF,0xFF,0xFF,
    0xFF,0xFF,0xFF,0xFF,0xFF,0xFF,0xFF,0xFF,0xFF,0xFF,0xFF,0xFF,0xFF,0xFF,0xFF,0xFF,
    0xFF,0xFF,0xFF,0xFF,0xFF,0xFF,0xFF,0xFF,0xFF,0xFF,0xFF,0xFF,0xFF,0xFF,0xFF,0xFF,
    0xFF,0xFF,0xFF,0xFF,0xFF,0xFF,0xFF,0xFF,0xFF,0xFF,0xFF,0xFF,0xFF,0xFF,0xFF,0xFF,
    0xFF,0xFF,0xFF,0xFF,0xFF,0xFF,0xFF,0xFF,0xFF,0xFF,0xFF,0xFF,0xFF,0xFF,0xFF,0xFF,
    0xFF,0xFF,0xFF,0xFF,0xFF,0xFF,0xFF,0xFF,0xFF,0xFF,0xFF,0xFF,0xFF,0xFF,0xFF,0xFF,
    0xFF,0xFF,0xFF,0xFF,0xFF,0xFF,0xFF,0xFF,0xFF,0xFF,0xFF,0xFF,0xFF,0xFF,0xFF,0xFF,
    0xFF,0xFF,0xFF,0xFF,0xFF,0xFF,0xFF,0xFF,0xFF,0xFF,0xFF,0xFF,0xFF,0xFF,0xFF,0xFF,
    0xFF,0xFF,0xFF,0xFF,0xFF,0xFF,0xFF,0xFF,0xFF,0xFF,0xFF,0xFF,0xFF,0xFF,0xFF,0xFF,
    0xFF,0xFF,0xFF,0xFF,0xFF,0xFF,0xFF,0xFF,0xFF,0xFF,0xFF,0xFF,0xFF,0xFF,0xFF,0xFF,
    0xFF,0xFF,0xFF,0xFF,0xFF,0xFF,0xFF,0xFF,0xFF,0xFF,0xFF,0xFF,0xFF,0xFF,0xFF,0xFF,
    0xFF,0xFF,0xFF,0xFF,0xFF,0xFF,0xFF,0xFF,0xFF,0xFF,0xFF,0xFF,0xFF,0xFF,0xFF,0xFF,
    0xFF,0xFF,0xFF,0xFF,0xFF,0xFF,0xFF,0xFF,0xFF,0xFF,0x9F,0xF7,0x9C,0x8C,0xDB,0x73,
    0xDB,0x73,0x9C,0x8C,0x3D,0xC6,0x1D,0xBE,0x1D,0xC6,0x1D,0xC6,0x1D,0xC6,0x3D,0xC6,
    0xBD,0xB5,0xFA,0x52,0x39,0x3A,0xF9,0x31,0xDB,0x73,0xDF,0xFF,0xFF,0xFF,0xFF,0xFF,
    0xFF,0xFF,0xFF,0xFF,0xFF,0xFF,0x5F,0xEF,0x3A,0x5B,0x19,0x32,0x19,0x3A,0x7A,0x63,
    0xFD,0xBD,0x3D,0xC6,0x1D,0xC6,0x1D,0xC6,0x1D,0xC6,0x1D,0xC6,0xFD,0xBD,0x3B,0x84,
    0xDB,0x73,0xBB,0x73,0x1C,0x9D,0xDF,0xFF,0xFF,0xFF,0xFF,0xFF,0xFF,0xFF,0xFF,0xFF,
    0xFF,0xFF,0xFF,0xFF,0xFF,0xFF,0xFF,0xFF,0xFF,0xFF,0xFF,0xFF,0xFF,0xFF,0xFF,0xFF,
    0xFF,0xFF,0xFF,0xFF,0xFF,0xFF,0xFF,0xFF,0xFF,0xFF,0xFF,0xFF,0xFF,0xFF,0xFF,0xFF,
    0xFF,0xFF,0xFF,0xFF,0xFF,0xFF,0xFF,0xFF,0xFF,0xFF,0xFF,0xFF,0xFF,0xFF,0xFF,0xFF,
    0xFF,0xFF,0xFF,0xFF,0xFF,0xFF,0xFF,0xFF,0xFF,0xFF,0xFF,0xFF,0xFF,0xFF,0xFF,0xFF,
    0xFF,0xFF,0xFF,0xFF,0xFF,0xFF,0xFF,0xFF,0xFF,0xFF,0xFF,0xFF,0xFF,0xFF,0xFF,0xFF,
    0xFF,0xFF,0xFF,0xFF,0xFF,0xFF,0xFF,0xFF,0xFF,0xFF,0xFF,0xFF,0xFF,0xFF,0xFF,0xFF,
    0xFF,0xFF,0xFF,0xFF,0xFF,0xFF,0xFF,0xFF,0xFF,0xFF,0xFF,0xFF,0xFF,0xFF,0xFF,0xFF,
    0xFF,0xFF,0xFF,0xFF,0xFF,0xFF,0xFF,0xFF,0xFF,0xFF,0xFF,0xFF,0xFF,0xFF,0xFF,0xFF,
    0xFF,0xFF,0xFF,0xFF,0xFF,0xFF,0xFF,0xFF,0xFF,0xFF,0xFF,0xFF,0xFF,0xFF,0xFF,0xFF,
    0xFF,0xFF,0xFF,0xFF,0xFF,0xFF,0xFF,0xFF,0xFF,0xFF,0xFF,0xFF,0xFF,0xFF,0xFF,0xFF,
    0xFF,0xFF,0xFF,0xFF,0xFF,0xFF,0xFF,0xFF,0xFF,0xFF,0xFF,0xFF,0xFF,0xFF,0xFF,0xFF,
    0xFF,0xFF,0xFF,0xFF,0xFF,0xFF,0xFF,0xFF,0xFF,0xFF,0xFF,0xFF,0xFF,0xFF,0xFF,0xFF,
    0xFF,0xFF,0xFF,0xFF,0xFF,0xFF,0xFF,0xFF,0xFF,0xFF,0xFF,0xFF,0xFF,0xFF,0xFF,0xFF,
    0xFF,0xFF,0xFF,0xFF,0x00,0x00,0xFF,0xFF,0x00,0x00,0x00,0x00,0x00,0x00,0x00,0x00,
    0xFF,0xFF,0x00,0x00,0x55,0xAD,0xFF,0xFF,0xFF,0xFF,0xFF,0xFF,0xFF,0xFF,0xFF,0xFF,
    0xFF,0xFF,0xFF,0xFF,0xFF,0xFF,0xFF,0xFF,0xFF,0xFF,0xFF,0xFF,0xFF,0xFF,0xFF,0xFF,
    0xFF,0xFF,0xFF,0xFF,0xFF,0xFF,0xFF,0xFF,0xFF,0xFF,0xFF,0xFF,0xFF,0xFF,0xFF,0xFF,
    0xFF,0xFF,0xFF,0xFF,0xFF,0xFF,0xFF,0xFF,0xFF,0xFF,0xFF,0xFF,0xFF,0xFF,0xFF,0xFF,
    0xFF,0xFF,0xFF,0xFF,0xFF,0xFF,0xFF,0xFF,0xFF,0xFF,0xFF,0xFF,0xFF,0xFF,0xFF,0xFF,
    0xFF,0xFF,0xFF,0xFF,0xFF,0xFF,0xFF,0xFF,0xFF,0xFF,0xFF,0xFF,0xFF,0xFF,0xFF,0xFF,
    0xFF,0xFF,0xFF,0xFF,0xFF,0xFF,0xFF,0xFF,0xFF,0xFF,0xFF,0xFF,0xFF,0xFF,0xFF,0xFF,
    0xFF,0xFF,0xFF,0xFF,0xFF,0xFF,0xFF,0xFF,0xFF,0xFF,0xFF,0xFF,0xFF,0xFF,0xFF,0xFF,
    0xFF,0xFF,0xFF,0xFF,0xFF,0xFF,0xFF,0xFF,0xFF,0xFF,0xFF,0xFF,0xFF,0xFF,0xFF,0xFF,
    0xFF,0xFF,0xFF,0xFF,0xFF,0xFF,0xFF,0xFF,0xFF,0xFF,0xFF,0xFF,0xFF,0xFF,0xFF,0xFF,
    0xFF,0xFF,0xFF,0xFF,0xFF,0xFF,0xFF,0xFF,0xFF,0xFF,0xFF,0xFF,0xFF,0xFF,0xFF,0xFF,
    0xFF,0xFF,0xFF,0xFF,0xFF,0xFF,0xFF,0xFF,0xFF,0xFF,0xFF,0xFF,0xFF,0xFF,0xFF,0xFF,
    0xFF,0xFF,0xFF,0xFF,0xFF,0xFF,0xFF,0xFF,0xFF,0xFF,0xFF,0xFF,0xFF,0xFF,0xFF,0xFF,
    0xFF,0xFF,0xFF,0xFF,0xFF,0xFF,0xFF,0xFF,0xFF,0xFF,0xFF,0xFF,0xFF,0xFF,0xFF,0xFF,
    0xFF,0xFF,0xFF,0xFF,0xFF,0xFF,0xFF,0xFF,0xDF,0xFF,0xDF,0xF7,0xDF,0xFF,0x5E,0xC6,
    0xF9,0x31,0x19,0x3A,0x39,0x3A,0x39,0x3A,0x39,0x3A,0x39,0x3A,0x39,0x3A,0x39,0x3A,
    0x59,0x42,0xD9,0x31,0xDB,0x73,0xDF,0xFF,0xFF,0xFF,0xFF,0xFF,0xFF,0xFF,0xFF,0xFF,
    0xFF,0xFF,0x5F,0xEF,0x3A,0x5B,0xF9,0x31,0x59,0x42,0x39,0x3A,0x39,0x3A,0x39,0x3A,
    0x39,0x3A,0x39,0x3A,0x39,0x3A,0x19,0x3A,0x99,0x4A,0x1E,0xDF,0xDF,0xFF,0xDF,0xFF,
    0xDF,0xFF,0xFF,0xFF,0xFF,0xFF,0xFF,0xFF,0xFF,0xFF,0xFF,0xFF,0xFF,0xFF,0xFF,0xFF,
    0xFF,0xFF,0xFF,0xFF,0xFF,0xFF,0xFF,0xFF,0xFF,0xFF,0xFF,0xFF,0xFF,0xFF,0xFF,0xFF,
    0xFF,0xFF,0xFF,0xFF,0xFF,0xFF,0xFF,0xFF,0xFF,0xFF,0xFF,0xFF,0xFF,0xFF,0xFF,0xFF,
    0xFF,0xFF,0xFF,0xFF,0xFF,0xFF,0xFF,0xFF,0xFF,0xFF,0xFF,0xFF,0xFF,0xFF,0xFF,0xFF,
    0xFF,0xFF,0xFF,0xFF,0xFF,0xFF,0xFF,0xFF,0xFF,0xFF,0xFF,0xFF,0xFF,0xFF,0xFF,0xFF,
    0xFF,0xFF,0xFF,0xFF,0xFF,0xFF,0xFF,0xFF,0xFF,0xFF,0xFF,0xFF,0xFF,0xFF,0xFF,0xFF,
    0xFF,0xFF,0xFF,0xFF,0xFF,0xFF,0xFF,0xFF,0xFF,0xFF,0xFF,0xFF,0xFF,0xFF,0xFF,0xFF,
    0xFF,0xFF,0xFF,0xFF,0xFF,0xFF,0xFF,0xFF,0xFF,0xFF,0xFF,0xFF,0xFF,0xFF,0xFF,0xFF,
    0xFF,0xFF,0xFF,0xFF,0xFF,0xFF,0xFF,0xFF,0xFF,0xFF,0xFF,0xFF,0xFF,0xFF,0xFF,0xFF,
    0xFF,0xFF,0xFF,0xFF,0xFF,0xFF,0xFF,0xFF,0xFF,0xFF,0xFF,0xFF,0xFF,0xFF,0xFF,0xFF,
    0xFF,0xFF,0xFF,0xFF,0xFF,0xFF,0xFF,0xFF,0xFF,0xFF,0xFF,0xFF,0xFF,0xFF,0xFF,0xFF,
    0xFF,0xFF,0xFF,0xFF,0xFF,0xFF,0xFF,0xFF,0xFF,0xFF,0xFF,0xFF,0xFF,0xFF,0xFF,0xFF,
    0xFF,0xFF,0xFF,0xFF,0xFF,0xFF,0xFF,0xFF,0xFF,0xFF,0xFF,0xFF,0xFF,0xFF,0xFF,0xFF,
    0xFF,0xFF,0xFF,0xFF,0xFF,0xFF,0xFF,0xFF,0xFF,0xFF,0xFF,0xFF,0xFF,0xFF,0xFF,0xFF,
    0x00,0x00,0xFF,0xFF,0x00,0x00,0x00,0x00,0x00,0x00,0x00,0x00,0xFF,0xFF,0x00,0x00,
    0x55,0xAD,0xFF,0xFF,0xFF,0xFF,0xFF,0xFF,0xFF,0xFF,0xFF,0xFF,0xFF,0xFF,0xFF,0xFF,
    0xFF,0xFF,0xFF,0xFF,0xFF,0xFF,0xFF,0xFF,0xFF,0xFF,0xFF,0xFF,0xFF,0xFF,0xFF,0xFF,
    0xFF,0xFF,0xFF,0xFF,0xFF,0xFF,0xFF,0xFF,0xFF,0xFF,0xFF,0xFF,0xFF,0xFF,0xFF,0xFF,
    0xFF,0xFF,0xFF,0xFF,0xFF,0xFF,0xFF,0xFF,0xFF,0xFF,0xFF,0xFF,0xFF,0xFF,0xFF,0xFF,
    0xFF,0xFF,0xFF,0xFF,0xFF,0xFF,0xFF,0xFF,0xFF,0xFF,0xFF,0xFF,0xFF,0xFF,0xFF,0xFF,
    0xFF,0xFF,0xFF,0xFF,0xFF,0xFF,0xFF,0xFF,0xFF,0xFF,0xFF,0xFF,0xFF,0xFF,0xFF,0xFF,
    0xFF,0xFF,0xFF,0xFF,0xFF,0xFF,0xFF,0xFF,0xFF,0xFF,0xFF,0xFF,0xFF,0xFF,0xFF,0xFF,
    0xFF,0xFF,0xFF,0xFF,0xFF,0xFF,0xFF,0xFF,0xFF,0xFF,0xFF,0xFF,0xFF,0xFF,0xFF,0xFF,
    0xFF,0xFF,0xFF,0xFF,0xFF,0xFF,0xFF,0xFF,0xFF,0xFF,0xFF,0xFF,0xFF,0xFF,0xFF,0xFF,
    0xFF,0xFF,0xFF,0xFF,0xFF,0xFF,0xFF,0xFF,0xFF,0xFF,0xFF,0xFF,0xFF,0xFF,0xFF,0xFF,
    0xFF,0xFF,0xFF,0xFF,0xFF,0xFF,0xFF,0xFF,0xFF,0xFF,0xFF,0xFF,0xFF,0xFF,0xFF,0xFF,
    0xFF,0xFF,0xFF,0xFF,0xFF,0xFF,0xFF,0xFF,0xFF,0xFF,0xFF,0xFF,0xFF,0xFF,0xFF,0xFF,
    0xFF,0xFF,0xFF,0xFF,0xFF,0xFF,0xFF,0xFF,0xFF,0xFF,0xFF,0xFF,0xFF,0xFF,0xFF,0xFF,
    0xFF,0xFF,0xFF,0xFF,0xFF,0xFF,0xFF,0xFF,0xFF,0xFF,0xFF,0xFF,0xFF,0xFF,0xFF,0xFF,
    0xFF,0xFF,0xFF,0xFF,0xFF,0xFF,0xFF,0xFF,0xFF,0xFF,0x5E,0xC6,0x19,0x32,0x39,0x3A,
    0x39,0x3A,0x39,0x3A,0x39,0x3A,0x39,0x3A,0x39,0x3A,0x59,0x3A,0x59,0x42,0xD9,0x31,
    0xDB,0x73,0xDF,0xFF,0xFF,0xFF,0xFF,0xFF,0xFF,0xFF,0xFF,0xFF,0xFF,0xFF,0x5F,0xEF,
    0x3A,0x5B,0xF9,0x31,0x59,0x42,0x39,0x3A,0x39,0x3A,0x39,0x3A,0x39,0x3A,0x39,0x3A,
    0x39,0x3A,0x19,0x32,0x99,0x4A,0x3E,0xE7,0xFF,0xFF,0xFF,0xFF,0xFF,0xFF,0xFF,0xFF,
    0xFF,0xFF,0xFF,0xFF,0xFF,0xFF,0xFF,0xFF,0xFF,0xFF,0xFF,0xFF,0xFF,0xFF,0xFF,0xFF,
    0xFF,0xFF,0xFF,0xFF,0xFF,0xFF,0xFF,0xFF,0xFF,0xFF,0xFF,0xFF,0xFF,0xFF,0xFF,0xFF,
    0xFF,0xFF,0xFF,0xFF,0xFF,0xFF,0xFF,0xFF,0xFF,0xFF,0xFF,0xFF,0xFF,0xFF,0xFF,0xFF,
    0xFF,0xFF,0xFF,0xFF,0xFF,0xFF,0xFF,0xFF,0xFF,0xFF,0xFF,0xFF,0xFF,0xFF,0xFF,0xFF,
    0xFF,0xFF,0xFF,0xFF,0xFF,0xFF,0xFF,0xFF,0xFF,0xFF,0xFF,0xFF,0xFF,0xFF,0xFF,0xFF,
    0xFF,0xFF,0xFF,0xFF,0xFF,0xFF,0xFF,0xFF,0xFF,0xFF,0xFF,0xFF,0xFF,0xFF,0xFF,0xFF,
    0xFF,0xFF,0xFF,0xFF,0xFF,0xFF,0xFF,0xFF,0xFF,0xFF,0xFF,0xFF,0xFF,0xFF,0xFF,0xFF,
    0xFF,0xFF,0xFF,0xFF,0xFF,0xFF,0xFF,0xFF,0xFF,0xFF,0xFF,0xFF,0xFF,0xFF,0xFF,0xFF,
    0xFF,0xFF,0xFF,0xFF,0xFF,0xFF,0xFF,0xFF,0xFF,0xFF,0xFF,0xFF,0xFF,0xFF,0xFF,0xFF,
    0xFF,0xFF,0xFF,0xFF,0xFF,0xFF,0xFF,0xFF,0xFF,0xFF,0xFF,0xFF,0xFF,0xFF,0xFF,0xFF,
    0xFF,0xFF,0xFF,0xFF,0xFF,0xFF,0xFF,0xFF,0xFF,0xFF,0xFF,0xFF,0xFF,0xFF,0xFF,0xFF,
    0xFF,0xFF,0xFF,0xFF,0xFF,0xFF,0xFF,0xFF,0xFF,0xFF,0xFF,0xFF,0xFF,0xFF,0xFF,0xFF,
    0xFF,0xFF,0xFF,0xFF,0xFF,0xFF,0xFF,0xFF,0xFF,0xFF,0xFF,0xFF,0xFF,0xFF,0xFF,0xFF,
    0xFF,0xFF,0xFF,0xFF,0xFF,0xFF,0xFF,0xFF,0xFF,0xFF,0xFF,0xFF,0x00,0x00,0xFF,0xFF,
    0x00,0x00,0x00,0x00,0x00,0x00,0x00,0x00,0xFF,0xFF,0x00,0x00,0x55,0xAD,0xFF,0xFF,
    0xFF,0xFF,0xFF,0xFF,0xFF,0xFF,0xFF,0xFF,0xFF,0xFF,0xFF,0xFF,0xFF,0xFF,0xFF,0xFF,
    0xFF,0xFF,0xFF,0xFF,0xFF,0xFF,0xFF,0xFF,0xFF,0xFF,0xFF,0xFF,0xFF,0xFF,0xFF,0xFF,
    0xFF,0xFF,0xFF,0xFF,0xFF,0xFF,0xFF,0xFF,0xFF,0xFF,0xFF,0xFF,0xFF,0xFF,0xFF,0xFF,
    0xFF,0xFF,0xFF,0xFF,0xFF,0xFF,0xFF,0xFF,0xFF,0xFF,0xFF,0xFF,0xFF,0xFF,0xFF,0xFF,
    0xFF,0xFF,0xFF,0xFF,0xFF,0xFF,0xFF,0xFF,0xFF,0xFF,0xFF,0xFF,0xFF,0xFF,0xFF,0xFF,
    0xFF,0xFF,0xFF,0xFF,0xFF,0xFF,0xFF,0xFF,0xFF,0xFF,0xFF,0xFF,0xFF,0xFF,0xFF,0xFF,
    0xFF,0xFF,0xFF,0xFF,0xFF,0xFF,0xFF,0xFF,0xFF,0xFF,0xFF,0xFF,0xFF,0xFF,0xFF,0xFF,
    0xFF,0xFF,0xFF,0xFF,0xFF,0xFF,0xFF,0xFF,0xFF,0xFF,0xFF,0xFF,0xFF,0xFF,0xFF,0xFF,
    0xFF,0xFF,0xFF,0xFF,0xFF,0xFF,0xFF,0xFF,0xFF,0xFF,0xFF,0xFF,0xFF,0xFF,0xFF,0xFF,
    0xFF,0xFF,0xFF,0xFF,0xFF,0xFF,0xFF,0xFF,0xFF,0xFF,0xFF,0xFF,0xFF,0xFF,0xFF,0xFF,
    0xFF,0xFF,0xFF,0xFF,0xFF,0xFF,0xFF,0xFF,0xFF,0xFF,0xFF,0xFF,0xFF,0xFF,0xFF,0xFF,
    0xFF,0xFF,0xFF,0xFF,0xFF,0xFF,0xFF,0xFF,0xFF,0xFF,0xFF,0xFF,0xFF,0xFF,0xFF,0xFF,
    0xFF,0xFF,0xFF,0xFF,0xFF,0xFF,0xFF,0xFF,0xFF,0xFF,0xFF,0xFF,0xFF,0xFF,0xFF,0xFF,
    0xFF,0xFF,0xFF,0xFF,0xFF,0xFF,0xFF,0xFF,0xFF,0xFF,0xFF,0xFF,0xFF,0xFF,0xFF,0xFF,
    0xFF,0xFF,0xFF,0xFF,0xFF,0xFF,0x3D,0xC6,0xF9,0x31,0x19,0x3A,0x19,0x3A,0x19,0x3A,
    0x19,0x3A,0x19,0x3A,0x19,0x3A,0x39,0x3A,0x59,0x42,0xD9,0x31,0xDB,0x73,0xDF,0xFF,
    0xFF,0xFF,0xFF,0xFF,0xFF,0xFF,0xFF,0xFF,0xFF,0xFF,0x5F,0xEF,0x3A,0x5B,0xF9,0x31,
    0x59,0x42,0x39,0x3A,0x19,0x3A,0x19,0x3A,0x19,0x3A,0x19,0x3A,0x19,0x3A,0xF9,0x31,
    0x79,0x42,0x1E,0xE7,0xFF,0xFF,0xFF,0xFF,0xFF,0xFF,0xFF,0xFF,0xFF,0xFF,0xFF,0xFF,
    0xFF,0xFF,0xFF,0xFF,0xFF,0xFF,0xFF,0xFF,0xFF,0xFF,0xFF,0xFF,0xFF,0xFF,0xFF,0xFF,
    0xFF,0xFF,0xFF,0xFF,0xFF,0xFF,0xFF,0xFF,0xFF,0xFF,0xFF,0xFF,0xFF,0xFF,0xFF,0xFF,
    0xFF,0xFF,0xFF,0xFF,0xFF,0xFF,0xFF,0xFF,0xFF,0xFF,0xFF,0xFF,0xFF,0xFF,0xFF,0xFF,
    0xFF,0xFF,0xFF,0xFF,0xFF,0xFF,0xFF,0xFF,0xFF,0xFF,0xFF,0xFF,0xFF,0xFF,0xFF,0xFF,
    0xFF,0xFF,0xFF,0xFF,0xFF,0xFF,0xFF,0xFF,0xFF,0xFF,0xFF,0xFF,0xFF,0xFF,0xFF,0xFF,
    0xFF,0xFF,0xFF,0xFF,0xFF,0xFF,0xFF,0xFF,0xFF,0xFF,0xFF,0xFF,0xFF,0xFF,0xFF,0xFF,
    0xFF,0xFF,0xFF,0xFF,0xFF,0xFF,0xFF,0xFF,0xFF,0xFF,0xFF,0xFF,0xFF,0xFF,0xFF,0xFF,
    0xFF,0xFF,0xFF,0xFF,0xFF,0xFF,0xFF,0xFF,0xFF,0xFF,0xFF,0xFF,0xFF,0xFF,0xFF,0xFF,
    0xFF,0xFF,0xFF,0xFF,0xFF,0xFF,0xFF,0xFF,0xFF,0xFF,0xFF,0xFF,0xFF,0xFF,0xFF,0xFF,
    0xFF,0xFF,0xFF,0xFF,0xFF,0xFF,0xFF,0xFF,0xFF,0xFF,0xFF,0xFF,0xFF,0xFF,0xFF,0xFF,
    0xFF,0xFF,0xFF,0xFF,0xFF,0xFF,0xFF,0xFF,0xFF,0xFF,0xFF,0xFF,0xFF,0xFF,0xFF,0xFF,
    0xFF,0xFF,0xFF,0xFF,0xFF,0xFF,0xFF,0xFF,0xFF,0xFF,0xFF,0xFF,0xFF,0xFF,0xFF,0xFF,
    0xFF,0xFF,0xFF,0xFF,0xFF,0xFF,0xFF,0xFF,0xFF,0xFF,0xFF,0xFF,0xFF,0xFF,0xFF,0xFF,
    0xFF,0xFF,0xFF,0xFF,0xFF,0xFF,0xFF,0xFF,0x00,0x00,0xFF,0xFF,0x00,0x00,0x00,0x00,
    0x00,0x00,0x00,0x00,0xFF,0xFF,0x00,0x00,0x55,0xAD,0xFF,0xFF,0xFF,0xFF,0xFF,0xFF,
    0xFF,0xFF,0xFF,0xFF,0xFF,0xFF,0xFF,0xFF,0xFF,0xFF,0xFF,0xFF,0xFF,0xFF,0xFF,0xFF,
    0xFF,0xFF,0xFF,0xFF,0xFF,0xFF,0xFF,0xFF,0xFF,0xFF,0xFF,0xFF,0xFF,0xFF,0xFF,0xFF,
    0xFF,0xFF,0xFF,0xFF,0xFF,0xFF,0xFF,0xFF,0xFF,0xFF,0xFF,0xFF,0xFF,0xFF,0xFF,0xFF,
    0xFF,0xFF,0xFF,0xFF,0xFF,0xFF,0xFF,0xFF,0xFF,0xFF,0xFF,0xFF,0xFF,0xFF,0xFF,0xFF,
    0xFF,0xFF,0xFF,0xFF,0xFF,0xFF,0xFF,0xFF,0xFF,0xFF,0xFF,0xFF,0xFF,0xFF,0xFF,0xFF,
    0xFF,0xFF,0xFF,0xFF,0xFF,0xFF,0xFF,0xFF,0xFF,0xFF,0xFF,0xFF,0xFF,0xFF,0xFF,0xFF,
    0xFF,0xFF,0xFF,0xFF,0xFF,0xFF,0xFF,0xFF,0xFF,0xFF,0xFF,0xFF,0xFF,0xFF,0xFF,0xFF,
    0xFF,0xFF,0xFF,0xFF,0xFF,0xFF,0xFF,0xFF,0xFF,0xFF,0xFF,0xFF,0xFF,0xFF,0xFF,0xFF,
    0xFF,0xFF,0xFF,0xFF,0xFF,0xFF,0xFF,0xFF,0xFF,0xFF,0xFF,0xFF,0xFF,0xFF,0xFF,0xFF,
    0xFF,0xFF,0xFF,0xFF,0xFF,0xFF,0xFF,0xFF,0xFF,0xFF,0xFF,0xFF,0xFF,0xFF,0xFF,0xFF,
    0xFF,0xFF,0xFF,0xFF,0xFF,0xFF,0xFF,0xFF,0xFF,0xFF,0xFF,0xFF,0xFF,0xFF,0xFF,0xFF,
    0xFF,0xFF,0xFF,0xFF,0xFF,0xFF,0xFF,0xFF,0xFF,0xFF,0xFF,0xFF,0xFF,0xFF,0xFF,0xFF,
    0xFF,0xFF,0xFF,0xFF,0xFF,0xFF,0xFF,0xFF,0xFF,0xFF,0xFF,0xFF,0xFF,0xFF,0xFF,0xFF,
    0xFF,0xFF,0xFF,0xFF,0xFF,0xFF,0xFF,0xFF,0xFF,0xFF,0xFF,0xFF,0xFF,0xFF,0xFF,0xFF,
    0xFF,0xFF,0x5F,0xE7,0x7C,0xAD,0x7D,0xAD,0x7D,0xAD,0x7D,0xAD,0x7D,0xAD,0x9D,0xAD,
    0x1C,0x9D,0xDA,0x52,0x39,0x3A,0x19,0x3A,0xFA,0x52,0x9C,0x8C,0xBC,0x94,0xBC,0x94,
    0xBC,0x94,0xBC,0x94,0xBC,0x94,0x7B,0x84,0xB9,0x4A,0x39,0x3A,0x19,0x3A,0x3A,0x5B,
    0x5C,0xA5,0x9D,0xAD,0x7D,0xAD,0x7D,0xAD,0x9D,0xAD,0x7D,0xAD,0xBD,0xB5,0x9F,0xF7,
    0xFF,0xFF,0xFF,0xFF,0xFF,0xFF,0xFF,0xFF,0xFF,0xFF,0xFF,0xFF,0xFF,0xFF,0xFF,0xFF,
    0xFF,0xFF,0xFF,0xFF,0xFF,0xFF,0xFF,0xFF,0xFF,0xFF,0xFF,0xFF,0xFF,0xFF,0xFF,0xFF,
    0xFF,0xFF,0xFF,0xFF,0xFF,0xFF,0xFF,0xFF,0xFF,0xFF,0xFF,0xFF,0xFF,0xFF,0xFF,0xFF,
    0xFF,0xFF,0xFF,0xFF,0xFF,0xFF,0xFF,0xFF,0xFF,0xFF,0xFF,0xFF,0xFF,0xFF,0xFF,0xFF,
    0xFF,0xFF,0xFF,0xFF,0xFF,0xFF,0xFF,0xFF,0xFF,0xFF,0xFF,0xFF,0xFF,0xFF,0xFF,0xFF,
    0xFF,0xFF,0xFF,0xFF,0xFF,0xFF,0xFF,0xFF,0xFF,0xFF,0xFF,0xFF,0xFF,0xFF,0xFF,0xFF,
    0xFF,0xFF,0xFF,0xFF,0xFF,0xFF,0xFF,0xFF,0xFF,0xFF,0xFF,0xFF,0xFF,0xFF,0xFF,0xFF,
    0xFF,0xFF,0xFF,0xFF,0xFF,0xFF,0xFF,0xFF,0xFF,0xFF,0xFF,0xFF,0xFF,0xFF,0xFF,0xFF,
    0xFF,0xFF,0xFF,0xFF,0xFF,0xFF,0xFF,0xFF,0xFF,0xFF,0xFF,0xFF,0xFF,0xFF,0xFF,0xFF,
    0xFF,0xFF,0xFF,0xFF,0xFF,0xFF,0xFF,0xFF,0xFF,0xFF,0xFF,0xFF,0xFF,0xFF,0xFF,0xFF,
    0xFF,0xFF,0xFF,0xFF,0xFF,0xFF,0xFF,0xFF,0xFF,0xFF,0xFF,0xFF,0xFF,0xFF,0xFF,0xFF,
    0xFF,0xFF,0xFF,0xFF,0xFF,0xFF,0xFF,0xFF,0xFF,0xFF,0xFF,0xFF,0xFF,0xFF,0xFF,0xFF,
    0xFF,0xFF,0xFF,0xFF,0xFF,0xFF,0xFF,0xFF,0xFF,0xFF,0xFF,0xFF,0xFF,0xFF,0xFF,0xFF,
    0xFF,0xFF,0xFF,0xFF,0xFF,0xFF,0xFF,0xFF,0xFF,0xFF,0xFF,0xFF,0xFF,0xFF,0xFF,0xFF,
    0xFF,0xFF,0xFF,0xFF,0x00,0x00,0xFF,0xFF,0x00,0x00,0x00,0x00,0x00,0x00,0x00,0x00,
    0xFF,0xFF,0x00,0x00,0x55,0xAD,0xFF,0xFF,0xFF,0xFF,0xFF,0xFF,0xFF,0xFF,0xFF,0xFF,
    0xFF,0xFF,0xFF,0xFF,0xFF,0xFF,0xFF,0xFF,0xFF,0xFF,0xFF,0xFF,0xFF,0xFF,0xFF,0xFF,
    0xFF,0xFF,0xFF,0xFF,0xFF,0xFF,0xFF,0xFF,0xFF,0xFF,0xFF,0xFF,0xFF,0xFF,0xFF,0xFF,
    0xFF,0xFF,0xFF,0xFF,0xFF,0xFF,0xFF,0xFF,0xFF,0xFF,0xFF,0xFF,0xFF,0xFF,0xFF,0xFF,
    0xFF,0xFF,0xFF,0xFF,0xFF,0xFF,0xFF,0xFF,0xFF,0xFF,0xFF,0xFF,0xFF,0xFF,0xFF,0xFF,
    0xFF,0xFF,0xFF,0xFF,0xFF,0xFF,0xFF,0xFF,0xFF,0xFF,0xFF,0xFF,0xFF,0xFF,0xFF,0xFF,
    0xFF,0xFF,0xFF,0xFF,0xFF,0xFF,0xFF,0xFF,0xFF,0xFF,0xFF,0xFF,0xFF,0xFF,0xFF,0xFF,
    0xFF,0xFF,0xFF,0xFF,0xFF,0xFF,0xFF,0xFF,0xFF,0xFF,0xFF,0xFF,0xFF,0xFF,0xFF,0xFF,
    0xFF,0xFF,0xFF,0xFF,0xFF,0xFF,0xFF,0xFF,0xFF,0xFF,0xFF,0xFF,0xFF,0xFF,0xFF,0xFF,
    0xFF,0xFF,0xFF,0xFF,0xFF,0xFF,0xFF,0xFF,0xFF,0xFF,0xFF,0xFF,0xFF,0xFF,0xFF,0xFF,
    0xFF,0xFF,0xFF,0xFF,0xFF,0xFF,0xFF,0xFF,0xFF,0xFF,0xFF,0xFF,0xFF,0xFF,0xFF,0xFF,
    0xFF,0xFF,0xFF,0xFF,0xFF,0xFF,0xFF,0xFF,0xFF,0xFF,0xFF,0xFF,0xFF,0xFF,0xFF,0xFF,
    0xFF,0xFF,0xFF,0xFF,0xFF,0xFF,0xFF,0xFF,0xFF,0xFF,0xFF,0xFF,0xFF,0xFF,0xFF,0xFF,
    0xFF,0xFF,0xFF,0xFF,0xFF,0xFF,0xFF,0xFF,0xFF,0xFF,0xFF,0xFF,0xFF,0xFF,0xFF,0xFF,
    0xFF,0xFF,0xFF,0xFF,0xFF,0xFF,0xFF,0xFF,0xFF,0xFF,0xFF,0xFF,0xFF,0xFF,0xFF,0xFF,
    0xFF,0xFF,0xFF,0xFF,0xFF,0xFF,0xFF,0xFF,0xFF,0xFF,0xFF,0xFF,0x9F,0xF7,0x5A,0x63,
    0x19,0x32,0x79,0x42,0x39,0x3A,0xF9,0x31,0xF9,0x31,0xF9,0x31,0xF9,0x31,0xF9,0x31,
    0xF9,0x31,0x19,0x32,0x39,0x3A,0x79,0x42,0xF9,0x31,0x1B,0x7C,0xFF,0xFF,0xFF,0xFF,
    0xFF,0xFF,0xFF,0xFF,0xFF,0xFF,0xFF,0xFF,0xFF,0xFF,0xFF,0xFF,0xFF,0xFF,0xFF,0xFF,
    0xFF,0xFF,0xFF,0xFF,0xFF,0xFF,0xFF,0xFF,0xFF,0xFF,0xFF,0xFF,0xFF,0xFF,0xFF,0xFF,
    0xFF,0xFF,0xFF,0xFF,0xFF,0xFF,0xFF,0xFF,0xFF,0xFF,0xFF,0xFF,0xFF,0xFF,0xFF,0xFF,
    0xFF,0xFF,0xFF,0xFF,0xFF,0xFF,0xFF,0xFF,0xFF,0xFF,0xFF,0xFF,0xFF,0xFF,0xFF,0xFF,
    0xFF,0xFF,0xFF,0xFF,0xFF,0xFF,0xFF,0xFF,0xFF,0xFF,0xFF,0xFF,0xFF,0xFF,0xFF,0xFF,
    0xFF,0xFF,0xFF,0xFF,0xFF,0xFF,0xFF,0xFF,0xFF,0xFF,0xFF,0xFF,0xFF,0xFF,0xFF,0xFF,
    0xFF,0xFF,0xFF,0xFF,0xFF,0xFF,0xFF,0xFF,0xFF,0xFF,0xFF,0xFF,0xFF,0xFF,0xFF,0xFF,
    0xFF,0xFF,0xFF,0xFF,0xFF,0xFF,0xFF,0xFF,0xFF,0xFF,0xFF,0xFF,0xFF,0xFF,0xFF,0xFF,
    0xFF,0xFF,0xFF,0xFF,0xFF,0xFF,0xFF,0xFF,0xFF,0xFF,0xFF,0xFF,0xFF,0xFF,0xFF,0xFF,
    0xFF,0xFF,0xFF,0xFF,0xFF,0xFF,0xFF,0xFF,0xFF,0xFF,0xFF,0xFF,0xFF,0xFF,0xFF,0xFF,
    0xFF,0xFF,0xFF,0xFF,0xFF,0xFF,0xFF,0xFF,0xFF,0xFF,0xFF,0xFF,0xFF,0xFF,0xFF,0xFF,
    0xFF,0xFF,0xFF,0xFF,0xFF,0xFF,0xFF,0xFF,0xFF,0xFF,0xFF,0xFF,0xFF,0xFF,0xFF,0xFF,
    0xFF,0xFF,0xFF,0xFF,0xFF,0xFF,0xFF,0xFF,0xFF,0xFF,0xFF,0xFF,0xFF,0xFF,0xFF,0xFF,
    0xFF,0xFF,0xFF,0xFF,0xFF,0xFF,0xFF,0xFF,0xFF,0xFF,0xFF,0xFF,0xFF,0xFF,0xFF,0xFF,
    0xFF,0xFF,0xFF,0xFF,0xFF,0xFF,0xFF,0xFF,0xFF,0xFF,0xFF,0xFF,0xFF,0xFF,0xFF,0xFF,
    0x00,0x00,0xFF,0xFF,0x00,0x00,0x00,0x00,0x00,0x00,0x00,0x00,0xFF,0xFF,0x00,0x00,
    0x55,0xAD,0xFF,0xFF,0xFF,0xFF,0xFF,0xFF,0xFF,0xFF,0xFF,0xFF,0xFF,0xFF,0xFF,0xFF,
    0xFF,0xFF,0xFF,0xFF,0xFF,0xFF,0xFF,0xFF,0xFF,0xFF,0xFF,0xFF,0xFF,0xFF,0xFF,0xFF,
    0xFF,0xFF,0xFF,0xFF,0xFF,0xFF,0xFF,0xFF,0xFF,0xFF,0xFF,0xFF,0xFF,0xFF,0xFF,0xFF,
    0xFF,0xFF,0xFF,0xFF,0xFF,0xFF,0xFF,0xFF,0xFF,0xFF,0xFF,0xFF,0xFF,0xFF,0xFF,0xFF,
    0xFF,0xFF,0xFF,0xFF,0xFF,0xFF,0xFF,0xFF,0xFF,0xFF,0xFF,0xFF,0xFF,0xFF,0xFF,0xFF,
    0xFF,0xFF,0xFF,0xFF,0xFF,0xFF,0xFF,0xFF,0xFF,0xFF,0xFF,0xFF,0xFF,0xFF,0xFF,0xFF,
    0xFF,0xFF,0xFF,0xFF,0xFF,0xFF,0xFF,0xFF,0xFF,0xFF,0xFF,0xFF,0xFF,0xFF,0xFF,0xFF,
    0xFF,0xFF,0xFF,0xFF,0xFF,0xFF,0xFF,0xFF,0xFF,0xFF,0xFF,0xFF,0xFF,0xFF,0xFF,0xFF,
    0xFF,0xFF,0xFF,0xFF,0xFF,0xFF,0xFF,0xFF,0xFF,0xFF,0xFF,0xFF,0xFF,0xFF,0xFF,0xFF,
    0xFF,0xFF,0xFF,0xFF,0xFF,0xFF,0xFF,0xFF,0xFF,0xFF,0xFF,0xFF,0xFF,0xFF,0xFF,0xFF,
    0xFF,0xFF,0xFF,0xFF,0xFF,0xFF,0xFF,0xFF,0xFF,0xFF,0xFF,0xFF,0xFF,0xFF,0xFF,0xFF,
    0xFF,0xFF,0xFF,0xFF,0xFF,0xFF,0xFF,0xFF,0xFF,0xFF,0xFF,0xFF,0xFF,0xFF,0xFF,0xFF,
    0xFF,0xFF,0xFF,0xFF,0xFF,0xFF,0xFF,0xFF,0xFF,0xFF,0xFF,0xFF,0xFF,0xFF,0xFF,0xFF,
    0xFF,0xFF,0xFF,0xFF,0xFF,0xFF,0xFF,0xFF,0xFF,0xFF,0xFF,0xFF,0xFF,0xFF,0xFF,0xFF,
    0xFF,0xFF,0xFF,0xFF,0xFF,0xFF,0xFF,0xFF,0xFF,0xFF,0xFF,0xFF,0xFF,0xFF,0xFF,0xFF,
    0xFF,0xFF,0xFF,0xFF,0xFF,0xFF,0xFF,0xFF,0x5F,0xE7,0x3A,0x5B,0xD9,0x31,0x39,0x3A,
    0x19,0x3A,0x39,0x3A,0x39,0x3A,0x39,0x3A,0x39,0x3A,0x39,0x3A,0x39,0x3A,0x39,0x3A,
    0x19,0x3A,0x39,0x3A,0xB8,0x29,0xDB,0x73,0xBF,0xF7,0xFF,0xFF,0xFF,0xFF,0xFF,0xFF,
    0xFF,0xFF,0xFF,0xFF,0xFF,0xFF,0xFF,0xFF,0xFF,0xFF,0xFF,0xFF,0xFF,0xFF,0xFF,0xFF,
    0xFF,0xFF,0xFF,0xFF,0xFF,0xFF,0xFF,0xFF,0xFF,0xFF,0xFF,0xFF,0xFF,0xFF,0xFF,0xFF,
    0xFF,0xFF,0xFF,0xFF,0xFF,0xFF,0xFF,0xFF,0xFF,0xFF,0xFF,0xFF,0xFF,0xFF,0xFF,0xFF,
    0xFF,0xFF,0xFF,0xFF,0xFF,0xFF,0xFF,0xFF,0xFF,0xFF,0xFF,0xFF,0xFF,0xFF,0xFF,0xFF,
    0xFF,0xFF,0xFF,0xFF,0xFF,0xFF,0xFF,0xFF,0xFF,0xFF,0xFF,0xFF,0xFF,0xFF,0xFF,0xFF,
    0xFF,0xFF,0xFF,0xFF,0xFF,0xFF,0xFF,0xFF,0xFF,0xFF,0xFF,0xFF,0xFF,0xFF,0xFF,0xFF,
    0xFF,0xFF,0xFF,0xFF,0xFF,0xFF,0xFF,0xFF,0xFF,0xFF,0xFF,0xFF,0xFF,0xFF,0xFF,0xFF,
    0xFF,0xFF,0xFF,0xFF,0xFF,0xFF,0xFF,0xFF,0xFF,0xFF,0xFF,0xFF,0xFF,0xFF,0xFF,0xFF,
    0xFF,0xFF,0xFF,0xFF,0xFF,0xFF,0xFF,0xFF,0xFF,0xFF,0xFF,0xFF,0xFF,0xFF,0xFF,0xFF,
    0xFF,0xFF,0xFF,0xFF,0xFF,0xFF,0xFF,0xFF,0xFF,0xFF,0xFF,0xFF,0xFF,0xFF,0xFF,0xFF,
    0xFF,0xFF,0xFF,0xFF,0xFF,0xFF,0xFF,0xFF,0xFF,0xFF,0xFF,0xFF,0xFF,0xFF,0xFF,0xFF,
    0xFF,0xFF,0xFF,0xFF,0xFF,0xFF,0xFF,0xFF,0xFF,0xFF,0xFF,0xFF,0xFF,0xFF,0xFF,0xFF,
    0xFF,0xFF,0xFF,0xFF,0xFF,0xFF,0xFF,0xFF,0xFF,0xFF,0xFF,0xFF,0xFF,0xFF,0xFF,0xFF,
    0xFF,0xFF,0xFF,0xFF,0xFF,0xFF,0xFF,0xFF,0xFF,0xFF,0xFF,0xFF,0xFF,0xFF,0xFF,0xFF,
    0xFF,0xFF,0xFF,0xFF,0xFF,0xFF,0xFF,0xFF,0xFF,0xFF,0xFF,0xFF,0x00,0x00,0xFF,0xFF,
    0x00,0x00,0x00,0x00,0x00,0x00,0x00,0x00,0xFF,0xFF,0x00,0x00,0x55,0xAD,0xFF,0xFF,
    0xFF,0xFF,0xFF,0xFF,0xFF,0xFF,0xFF,0xFF,0xFF,0xFF,0xFF,0xFF,0xFF,0xFF,0xFF,0xFF,
    0xFF,0xFF,0xFF,0xFF,0xFF,0xFF,0xFF,0xFF,0xFF,0xFF,0xFF,0xFF,0xFF,0xFF,0xFF,0xFF,
    0xFF,0xFF,0xFF,0xFF,0xFF,0xFF,0xFF,0xFF,0xFF,0xFF,0xFF,0xFF,0xFF,0xFF,0xFF,0xFF,
    0xFF,0xFF,0xFF,0xFF,0xFF,0xFF,0xFF,0xFF,0xFF,0xFF,0xFF,0xFF,0xFF,0xFF,0xFF,0xFF,
    0xFF,0xFF,0xFF,0xFF,0xFF,0xFF,0xFF,0xFF,0xFF,0xFF,0xFF,0xFF,0xFF,0xFF,0xFF,0xFF,
    0xFF,0xFF,0xFF,0xFF,0xFF,0xFF,0xFF,0xFF,0xFF,0xFF,0xFF,0xFF,0xFF,0xFF,0xFF,0xFF,
    0xFF,0xFF,0xFF,0xFF,0xFF,0xFF,0xFF,0xFF,0xFF,0xFF,0xFF,0xFF,0xFF,0xFF,0xFF,0xFF,
    0xFF,0xFF,0xFF,0xFF,0xFF,0xFF,0xFF,0xFF,0xFF,0xFF,0xFF,0xFF,0xFF,0xFF,0xFF,0xFF,
    0xFF,0xFF,0xFF,0xFF,0xFF,0xFF,0xFF,0xFF,0xFF,0xFF,0xFF,0xFF,0xFF,0xFF,0xFF,0xFF,
    0xFF,0xFF,0xFF,0xFF,0xFF,0xFF,0xFF,0xFF,0xFF,0xFF,0xFF,0xFF,0xFF,0xFF,0xFF,0xFF,
    0xFF,0xFF,0xFF,0xFF,0xFF,0xFF,0xFF,0xFF,0xFF,0xFF,0xFF,0xFF,0xFF,0xFF,0xFF,0xFF,
    0xFF,0xFF,0xFF,0xFF,0xFF,0xFF,0xFF,0xFF,0xFF,0xFF,0xFF,0xFF,0xFF,0xFF,0xFF,0xFF,
    0xFF,0xFF,0xFF,0xFF,0xFF,0xFF,0xFF,0xFF,0xFF,0xFF,0xFF,0xFF,0xFF,0xFF,0xFF,0xFF,
    0xFF,0xFF,0xFF,0xFF,0xFF,0xFF,0xFF,0xFF,0xFF,0xFF,0xFF,0xFF,0xFF,0xFF,0xFF,0xFF,
    0xFF,0xFF,0xFF,0xFF,0xFF,0xFF,0xFF,0xFF,0xFF,0xFF,0xFF,0xFF,0xFF,0xFF,0xFF,0xFF,
    0xFF,0xFF,0xFF,0xFF,0x5F,0xEF,0xBB,0x6B,0x79,0x42,0xBA,0x4A,0xB9,0x4A,0xB9,0x4A,
    0xB9,0x4A,0xB9,0x4A,0xB9,0x4A,0xB9,0x4A,0xB9,0x4A,0xB9,0x4A,0xB9,0x4A,0xBA,0x4A,
    0x59,0x42,0x3B,0x84,0xBF,0xF7,0xFF,0xFF,0xFF,0xFF,0xFF,0xFF,0xFF,0xFF,0xFF,0xFF,
    0xFF,0xFF,0xFF,0xFF,0xFF,0xFF,0xFF,0xFF,0xFF,0xFF,0xFF,0xFF,0xFF,0xFF,0xFF,0xFF,
    0xFF,0xFF,0xFF,0xFF,0xFF,0xFF,0xFF,0xFF,0xFF,0xFF,0xFF,0xFF,0xFF,0xFF,0xFF,0xFF,
    0xFF,0xFF,0xFF,0xFF,0xFF,0xFF,0xFF,0xFF,0xFF,0xFF,0xFF,0xFF,0xFF,0xFF,0xFF,0xFF,
    0xFF,0xFF,0xFF,0xFF,0xFF,0xFF,0xFF,0xFF,0xFF,0xFF,0xFF,0xFF,0xFF,0xFF,0xFF,0xFF,
    0xFF,0xFF,0xFF,0xFF,0xFF,0xFF,0xFF,0xFF,0xFF,0xFF,0xFF,0xFF,0xFF,0xFF,0xFF,0xFF,
    0xFF,0xFF,0xFF,0xFF,0xFF,0xFF,0xFF,0xFF,0xFF,0xFF,0xFF,0xFF,0xFF,0xFF,0xFF,0xFF,
    0xFF,0xFF,0xFF,0xFF,0xFF,0xFF,0xFF,0xFF,0xFF,0xFF,0xFF,0xFF,0xFF,0xFF,0xFF,0xFF,
    0xFF,0xFF,0xFF,0xFF,0xFF,0xFF,0xFF,0xFF,0xFF,0xFF,0xFF,0xFF,0xFF,0xFF,0xFF,0xFF,
    0xFF,0xFF,0xFF,0xFF,0xFF,0xFF,0xFF,0xFF,0xFF,0xFF,0xFF,0xFF,0xFF,0xFF,0xFF,0xFF,
    0xFF,0xFF,0xFF,0xFF,0xFF,0xFF,0xFF,0xFF,0xFF,0xFF,0xFF,0xFF,0xFF,0xFF,0xFF,0xFF,
    0xFF,0xFF,0xFF,0xFF,0xFF,0xFF,0xFF,0xFF,0xFF,0xFF,0xFF,0xFF,0xFF,0xFF,0xFF,0xFF,
    0xFF,0xFF,0xFF,0xFF,0xFF,0xFF,0xFF,0xFF,0xFF,0xFF,0xFF,0xFF,0xFF,0xFF,0xFF,0xFF,
    0xFF,0xFF,0xFF,0xFF,0xFF,0xFF,0xFF,0xFF,0xFF,0xFF,0xFF,0xFF,0xFF,0xFF,0xFF,0xFF,
    0xFF,0xFF,0xFF,0xFF,0xFF,0xFF,0xFF,0xFF,0xFF,0xFF,0xFF,0xFF,0xFF,0xFF,0xFF,0xFF,
    0xFF,0xFF,0xFF,0xFF,0xFF,0xFF,0xFF,0xFF,0x00,0x00,0xFF,0xFF,0x00,0x00,0x00,0x00,
    0x00,0x00,0x00,0x00,0xFF,0xFF,0x00,0x00,0x55,0xAD,0xFF,0xFF,0xFF,0xFF,0xFF,0xFF,
    0xFF,0xFF,0xFF,0xFF,0xFF,0xFF,0xFF,0xFF,0xFF,0xFF,0xFF,0xFF,0xFF,0xFF,0xFF,0xFF,
    0xFF,0xFF,0xFF,0xFF,0xFF,0xFF,0xFF,0xFF,0xFF,0xFF,0xFF,0xFF,0xFF,0xFF,0xFF,0xFF,
    0xFF,0xFF,0xFF,0xFF,0xFF,0xFF,0xFF,0xFF,0xFF,0xFF,0xFF,0xFF,0xFF,0xFF,0xFF,0xFF,
    0xFF,0xFF,0xFF,0xFF,0xFF,0xFF,0xFF,0xFF,0xFF,0xFF,0xFF,0xFF,0xFF,0xFF,0xFF,0xFF,
    0xFF,0xFF,0xFF,0xFF,0xFF,0xFF,0xFF,0xFF,0xFF,0xFF,0xFF,0xFF,0xFF,0xFF,0xFF,0xFF,
    0xFF,0xFF,0xFF,0xFF,0xFF,0xFF,0xFF,0xFF,0xFF,0xFF,0xFF,0xFF,0xFF,0xFF,0xFF,0xFF,
    0xFF,0xFF,0xFF,0xFF,0xFF,0xFF,0xFF,0xFF,0xFF,0xFF,0xFF,0xFF,0xFF,0xFF,0xFF,0xFF,
    0xFF,0xFF,0xFF,0xFF,0xFF,0xFF,0xFF,0xFF,0xFF,0xFF,0xFF,0xFF,0xFF,0xFF,0xFF,0xFF,
    0xFF,0xFF,0xFF,0xFF,0xFF,0xFF,0xFF,0xFF,0xFF,0xFF,0xFF,0xFF,0xFF,0xFF,0xFF,0xFF,
    0xFF,0xFF,0xFF,0xFF,0xFF,0xFF,0xFF,0xFF,0xFF,0xFF,0xFF,0xFF,0xFF,0xFF,0xFF,0xFF,
    0xFF,0xFF,0xFF,0xFF,0xFF,0xFF,0xFF,0xFF,0xFF,0xFF,0xFF,0xFF,0xFF,0xFF,0xFF,0xFF,
    0xFF,0xFF,0xFF,0xFF,0xFF,0xFF,0xFF,0xFF,0xFF,0xFF,0xFF,0xFF,0xFF,0xFF,0xFF,0xFF,
    0xFF,0xFF,0xFF,0xFF,0xFF,0xFF,0xFF,0xFF,0xFF,0xFF,0xFF,0xFF,0xFF,0xFF,0xFF,0xFF,
    0xFF,0xFF,0xFF,0xFF,0xFF,0xFF,0xFF,0xFF,0xFF,0xFF,0xFF,0xFF,0xFF,0xFF,0xFF,0xFF,
    0xFF,0xFF,0xFF,0xFF,0xFF,0xFF,0xFF,0xFF,0xFF,0xFF,0xFF,0xFF,0xFF,0xFF,0xFF,0xFF,
    0xDF,0xFF,0x1E,0xE7,0xDE,0xD6,0xDE,0xDE,0xDE,0xDE,0xDE,0xDE,0xDE,0xDE,0xDE,0xDE,
    0xDE,0xDE,0xDE,0xDE,0xDE,0xDE,0xDE,0xDE,0xDE,0xDE,0xDE,0xDE,0xBE,0xD6,0x3E,0xE7,
    0xFF,0xFF,0xFF,0xFF,0xFF,0xFF,0xFF,0xFF,0xFF,0xFF,0xFF,0xFF,0xFF,0xFF,0xFF,0xFF,
    0xFF,0xFF,0xFF,0xFF,0xFF,0xFF,0xFF,0xFF,0xFF,0xFF,0xFF,0xFF,0xFF,0xFF,0xFF,0xFF,
    0xFF,0xFF,0xFF,0xFF,0xFF,0xFF,0xFF,0xFF,0xFF,0xFF,0xFF,0xFF,0xFF,0xFF,0xFF,0xFF,
    0xFF,0xFF,0xFF,0xFF,0xFF,0xFF,0xFF,0xFF,0xFF,0xFF,0xFF,0xFF,0xFF,0xFF,0xFF,0xFF,
    0xFF,0xFF,0xFF,0xFF,0xFF,0xFF,0xFF,0xFF,0xFF,0xFF,0xFF,0xFF,0xFF,0xFF,0xFF,0xFF,
    0xFF,0xFF,0xFF,0xFF,0xFF,0xFF,0xFF,0xFF,0xFF,0xFF,0xFF,0xFF,0xFF,0xFF,0xFF,0xFF,
    0xFF,0xFF,0xFF,0xFF,0xFF,0xFF,0xFF,0xFF,0xFF,0xFF,0xFF,0xFF,0xFF,0xFF,0xFF,0xFF,
    0xFF,0xFF,0xFF,0xFF,0xFF,0xFF,0xFF,0xFF,0xFF,0xFF,0xFF,0xFF,0xFF,0xFF,0xFF,0xFF,
    0xFF,0xFF,0xFF,0xFF,0xFF,0xFF,0xFF,0xFF,0xFF,0xFF,0xFF,0xFF,0xFF,0xFF,0xFF,0xFF,
    0xFF,0xFF,0xFF,0xFF,0xFF,0xFF,0xFF,0xFF,0xFF,0xFF,0xFF,0xFF,0xFF,0xFF,0xFF,0xFF,
    0xFF,0xFF,0xFF,0xFF,0xFF,0xFF,0xFF,0xFF,0xFF,0xFF,0xFF,0xFF,0xFF,0xFF,0xFF,0xFF,
    0xFF,0xFF,0xFF,0xFF,0xFF,0xFF,0xFF,0xFF,0xFF,0xFF,0xFF,0xFF,0xFF,0xFF,0xFF,0xFF,
    0xFF,0xFF,0xFF,0xFF,0xFF,0xFF,0xFF,0xFF,0xFF,0xFF,0xFF,0xFF,0xFF,0xFF,0xFF,0xFF,
    0xFF,0xFF,0xFF,0xFF,0xFF,0xFF,0xFF,0xFF,0xFF,0xFF,0xFF,0xFF,0xFF,0xFF,0xFF,0xFF,
    0xFF,0xFF,0xFF,0xFF,0xFF,0xFF,0xFF,0xFF,0xFF,0xFF,0xFF,0xFF,0xFF,0xFF,0xFF,0xFF,
    0xFF,0xFF,0xFF,0xFF,0x00,0x00,0xFF,0xFF,0x00,0x00,0x00,0x00,0x00,0x00,0x00,0x00,
    0xFF,0xFF,0x00,0x00,0x54,0xA5,0xFF,0xFF,0xFF,0xFF,0xFF,0xFF,0xFF,0xFF,0xFF,0xFF,
    0xFF,0xFF,0xFF,0xFF,0xFF,0xFF,0xFF,0xFF,0xFF,0xFF,0xFF,0xFF,0xFF,0xFF,0xFF,0xFF,
    0xFF,0xFF,0xFF,0xFF,0xFF,0xFF,0xFF,0xFF,0xFF,0xFF,0xFF,0xFF,0xFF,0xFF,0xFF,0xFF,
    0xFF,0xFF,0xFF,0xFF,0xFF,0xFF,0xFF,0xFF,0xFF,0xFF,0xFF,0xFF,0xFF,0xFF,0xFF,0xFF,
    0xFF,0xFF,0xFF,0xFF,0xFF,0xFF,0xFF,0xFF,0xFF,0xFF,0xFF,0xFF,0xFF,0xFF,0xFF,0xFF,
    0xFF,0xFF,0xFF,0xFF,0xFF,0xFF,0xFF,0xFF,0xFF,0xFF,0xFF,0xFF,0xFF,0xFF,0xFF,0xFF,
    0xFF,0xFF,0xFF,0xFF,0xFF,0xFF,0xFF,0xFF,0xFF,0xFF,0xFF,0xFF,0xFF,0xFF,0xFF,0xFF,
    0xFF,0xFF,0xFF,0xFF,0xFF,0xFF,0xFF,0xFF,0xFF,0xFF,0xFF,0xFF,0xFF,0xFF,0xFF,0xFF,
    0xFF,0xFF,0xFF,0xFF,0xFF,0xFF,0xFF,0xFF,0xFF,0xFF,0xFF,0xFF,0xFF,0xFF,0xFF,0xFF,
    0xFF,0xFF,0xFF,0xFF,0xFF,0xFF,0xFF,0xFF,0xFF,0xFF,0xFF,0xFF,0xFF,0xFF,0xFF,0xFF,
    0xFF,0xFF,0xFF,0xFF,0xFF,0xFF,0xFF,0xFF,0xFF,0xFF,0xFF,0xFF,0xFF,0xFF,0xFF,0xFF,
    0xFF,0xFF,0xFF,0xFF,0xFF,0xFF,0xFF,0xFF,0xFF,0xFF,0xFF,0xFF,0xFF,0xFF,0xFF,0xFF,
    0xFF,0xFF,0xFF,0xFF,0xFF,0xFF,0xFF,0xFF,0xFF,0xFF,0xFF,0xFF,0xFF,0xFF,0xFF,0xFF,
    0xFF,0xFF,0xFF,0xFF,0xFF,0xFF,0xFF,0xFF,0xFF,0xFF,0xFF,0xFF,0xFF,0xFF,0xFF,0xFF,
    0xFF,0xFF,0xFF,0xFF,0xFF,0xFF,0xFF,0xFF,0xFF,0xFF,0xFF,0xFF,0xFF,0xFF,0xFF,0xFF,
    0xFF,0xFF,0xFF,0xFF,0xFF,0xFF,0xFF,0xFF,0xFF,0xFF,0xFF,0xFF,0xFF,0xFF,0xFF,0xFF,
    0xFF,0xFF,0xFF,0xFF,0xFF,0xFF,0xFF,0xFF,0xFF,0xFF,0xFF,0xFF,0xFF,0xFF,0xFF,0xFF,
    0xFF,0xFF,0xFF,0xFF,0xFF,0xFF,0xFF,0xFF,0xFF,0xFF,0xFF,0xFF,0xFF,0xFF,0xFF,0xFF,
    0xFF,0xFF,0xFF,0xFF,0xFF,0xFF,0xFF,0xFF,0xFF,0xFF,0xFF,0xFF,0xFF,0xFF,0xFF,0xFF,
    0xFF,0xFF,0xFF,0xFF,0xFF,0xFF,0xFF,0xFF,0xFF,0xFF,0xFF,0xFF,0xFF,0xFF,0xFF,0xFF,
    0xFF,0xFF,0xFF,0xFF,0xFF,0xFF,0xFF,0xFF,0xFF,0xFF,0xFF,0xFF,0xFF,0xFF,0xFF,0xFF,
    0xFF,0xFF,0xFF,0xFF,0xFF,0xFF,0xFF,0xFF,0xFF,0xFF,0xFF,0xFF,0xFF,0xFF,0xFF,0xFF,
    0xFF,0xFF,0xFF,0xFF,0xFF,0xFF,0xFF,0xFF,0xFF,0xFF,0xFF,0xFF,0xFF,0xFF,0xFF,0xFF,
    0xFF,0xFF,0xFF,0xFF,0xFF,0xFF,0xFF,0xFF,0xFF,0xFF,0xFF,0xFF,0xFF,0xFF,0xFF,0xFF,
    0xFF,0xFF,0xFF,0xFF,0xFF,0xFF,0xFF,0xFF,0xFF,0xFF,0xFF,0xFF,0xFF,0xFF,0xFF,0xFF,
    0xFF,0xFF,0xFF,0xFF,0xFF,0xFF,0xFF,0xFF,0xFF,0xFF,0xFF,0xFF,0xFF,0xFF,0xFF,0xFF,
    0xFF,0xFF,0xFF,0xFF,0xFF,0xFF,0xFF,0xFF,0xFF,0xFF,0xFF,0xFF,0xFF,0xFF,0xFF,0xFF,
    0xFF,0xFF,0xFF,0xFF,0xFF,0xFF,0xFF,0xFF,0xFF,0xFF,0xFF,0xFF,0xFF,0xFF,0xFF,0xFF,
    0xFF,0xFF,0xFF,0xFF,0xFF,0xFF,0xFF,0xFF,0xFF,0xFF,0xFF,0xFF,0xFF,0xFF,0xFF,0xFF,
    0xFF,0xFF,0xFF,0xFF,0xFF,0xFF,0xFF,0xFF,0xFF,0xFF,0xFF,0xFF,0xFF,0xFF,0xFF,0xFF,
    0xFF,0xFF,0xFF,0xFF,0xFF,0xFF,0xFF,0xFF,0xFF,0xFF,0xFF,0xFF,0xFF,0xFF,0xFF,0xFF,
    0xFF,0xFF,0xFF,0xFF,0xFF,0xFF,0xFF,0xFF,0xFF,0xFF,0xFF,0xFF,0xFF,0xFF,0xFF,0xFF,
    0xFF,0xFF,0xFF,0xFF,0xFF,0xFF,0xFF,0xFF,0xFF,0xFF,0xFF,0xFF,0xFF,0xFF,0xFF,0xFF,
    0x00,0x00,0xFF,0xFF,0x00,0x00,0x00,0x00,0x00,0x00,0x00,0x00,0xFF,0xFF,0x00,0x00,
    0x55,0xAD,0xFF,0xFF,0xFF,0xFF,0xFF,0xFF,0xFF,0xFF,0xFF,0xFF,0xFF,0xFF,0xFF,0xFF,
    0xFF,0xFF,0xFF,0xFF,0xFF,0xFF,0xFF,0xFF,0xFF,0xFF,0xFF,0xFF,0xFF,0xFF,0xFF,0xFF,
    0xFF,0xFF,0xFF,0xFF,0xFF,0xFF,0xFF,0xFF,0xFF,0xFF,0xFF,0xFF,0xFF,0xFF,0xFF,0xFF,
    0xFF,0xFF,0xFF,0xFF,0xFF,0xFF,0xFF,0xFF,0xFF,0xFF,0xFF,0xFF,0xFF,0xFF,0xFF,0xFF,
    0xFF,0xFF,0xFF,0xFF,0xFF,0xFF,0xFF,0xFF,0xFF,0xFF,0xFF,0xFF,0xFF,0xFF,0xFF,0xFF,
    0xFF,0xFF,0xFF,0xFF,0xFF,0xFF,0xFF,0xFF,0xFF,0xFF,0xFF,0xFF,0xFF,0xFF,0xFF,0xFF,
    0xFF,0xFF,0xFF,0xFF,0xFF,0xFF,0xFF,0xFF,0xFF,0xFF,0xFF,0xFF,0xFF,0xFF,0xFF,0xFF,
    0xFF,0xFF,0xFF,0xFF,0xFF,0xFF,0xFF,0xFF,0xFF,0xFF,0xFF,0xFF,0xFF,0xFF,0xFF,0xFF,
    0xFF,0xFF,0xFF,0xFF,0xFF,0xFF,0xFF,0xFF,0xFF,0xFF,0xFF,0xFF,0xFF,0xFF,0xFF,0xFF,
    0xFF,0xFF,0xFF,0xFF,0xFF,0xFF,0xFF,0xFF,0xFF,0xFF,0xFF,0xFF,0xFF,0xFF,0xFF,0xFF,
    0xFF,0xFF,0xFF,0xFF,0xFF,0xFF,0xFF,0xFF,0xFF,0xFF,0xFF,0xFF,0xFF,0xFF,0xFF,0xFF,
    0xFF,0xFF,0xFF,0xFF,0xFF,0xFF,0xFF,0xFF,0xFF,0xFF,0xFF,0xFF,0xFF,0xFF,0xFF,0xFF,
    0xFF,0xFF,0xFF,0xFF,0xFF,0xFF,0xFF,0xFF,0xFF,0xFF,0xFF,0xFF,0xFF,0xFF,0xFF,0xFF,
    0xFF,0xFF,0xFF,0xFF,0xFF,0xFF,0xFF,0xFF,0xFF,0xFF,0xFF,0xFF,0xFF,0xFF,0xFF,0xFF,
    0xFF,0xFF,0xFF,0xFF,0xFF,0xFF,0xFF,0xFF,0xFF,0xFF,0xFF,0xFF,0xFF,0xFF,0xFF,0xFF,
    0xFF,0xFF,0xFF,0xFF,0xFF,0xFF,0xFF,0xFF,0xFF,0xFF,0xFF,0xFF,0xFF,0xFF,0xFF,0xFF,
    0xFF,0xFF,0xFF,0xFF,0xFF,0xFF,0xFF,0xFF,0xFF,0xFF,0xFF,0xFF,0xFF,0xFF,0xFF,0xFF,
    0xFF,0xFF,0xFF,0xFF,0xFF,0xFF,0xFF,0xFF,0xFF,0xFF,0xFF,0xFF,0xFF,0xFF,0xFF,0xFF,
    0xFF,0xFF,0xFF,0xFF,0xFF,0xFF,0xFF,0xFF,0xFF,0xFF,0xFF,0xFF,0xFF,0xFF,0xFF,0xFF,
    0xFF,0xFF,0xFF,0xFF,0xFF,0xFF,0xFF,0xFF,0xFF,0xFF,0xFF,0xFF,0xFF,0xFF,0xFF,0xFF,
    0xFF,0xFF,0xFF,0xFF,0xFF,0xFF,0xFF,0xFF,0xFF,0xFF,0xFF,0xFF,0xFF,0xFF,0xFF,0xFF,
    0xFF,0xFF,0xFF,0xFF,0xFF,0xFF,0xFF,0xFF,0xFF,0xFF,0xFF,0xFF,0xFF,0xFF,0xFF,0xFF,
    0xFF,0xFF,0xFF,0xFF,0xFF,0xFF,0xFF,0xFF,0xFF,0xFF,0xFF,0xFF,0xFF,0xFF,0xFF,0xFF,
    0xFF,0xFF,0xFF,0xFF,0xFF,0xFF,0xFF,0xFF,0xFF,0xFF,0xFF,0xFF,0xFF,0xFF,0xFF,0xFF,
    0xFF,0xFF,0xFF,0xFF,0xFF,0xFF,0xFF,0xFF,0xFF,0xFF,0xFF,0xFF,0xFF,0xFF,0xFF,0xFF,
    0xFF,0xFF,0xFF,0xFF,0xFF,0xFF,0xFF,0xFF,0xFF,0xFF,0xFF,0xFF,0xFF,0xFF,0xFF,0xFF,
    0xFF,0xFF,0xFF,0xFF,0xFF,0xFF,0xFF,0xFF,0xFF,0xFF,0xFF,0xFF,0xFF,0xFF,0xFF,0xFF,
    0xFF,0xFF,0xFF,0xFF,0xFF,0xFF,0xFF,0xFF,0xFF,0xFF,0xFF,0xFF,0xFF,0xFF,0xFF,0xFF,
    0xFF,0xFF,0xFF,0xFF,0xFF,0xFF,0xFF,0xFF,0xFF,0xFF,0xFF,0xFF,0xFF,0xFF,0xFF,0xFF,
    0xFF,0xFF,0xFF,0xFF,0xFF,0xFF,0xFF,0xFF,0xFF,0xFF,0xFF,0xFF,0xFF,0xFF,0xFF,0xFF,
    0xFF,0xFF,0xFF,0xFF,0xFF,0xFF,0xFF,0xFF,0xFF,0xFF,0xFF,0xFF,0xFF,0xFF,0xFF,0xFF,
    0xFF,0xFF,0xFF,0xFF,0xFF,0xFF,0xFF,0xFF,0xFF,0xFF,0xFF,0xFF,0xFF,0xFF,0xFF,0xFF,
    0xFF,0xFF,0xFF,0xFF,0xFF,0xFF,0xFF,0xFF,0xFF,0xFF,0xFF,0xFF,0x00,0x00,0xFF,0xFF,
    0x00,0x00,0x00,0x00,0x00,0x00,0x00,0x00,0x55,0xAD,0x00,0x00,0xD0,0x7C,0x79,0xC7,
    0x38,0xBF,0x38,0xBF,0x38,0xBF,0x38,0xBF,0x38,0xBF,0x38,0xBF,0x38,0xBF,0x38,0xBF,
    0x38,0xBF,0x38,0xBF,0x38,0xBF,0x38,0xBF,0x38,0xBF,0x38,0xBF,0x38,0xBF,0x38,0xBF,
    0x38,0xBF,0x38,0xBF,0x38,0xBF,0x38,0xBF,0x38,0xBF,0x38,0xBF,0x38,0xBF,0x38,0xBF,
    0x38,0xBF,0x38,0xBF,0x38,0xBF,0x38,0xBF,0x38,0xBF,0x38,0xBF,0x38,0xBF,0x38,0xBF,
    0x38,0xBF,0x38,0xBF,0x38,0xBF,0x38,0xBF,0x38,0xBF,0x38,0xBF,0x38,0xBF,0x38,0xBF,
    0x38,0xBF,0x38,0xBF,0x38,0xBF,0x38,0xBF,0x38,0xBF,0x38,0xBF,0x38,0xBF,0x38,0xBF,
    0x38,0xBF,0x38,0xBF,0x38,0xBF,0x38,0xBF,0x38,0xBF,0x38,0xBF,0x38,0xBF,0x38,0xBF,
    0x38,0xBF,0x38,0xBF,0x38,0xBF,0x38,0xBF,0x38,0xBF,0x38,0xBF,0x38,0xBF,0x38,0xBF,
    0x38,0xBF,0x38,0xBF,0x38,0xBF,0x38,0xBF,0x38,0xBF,0x38,0xBF,0x38,0xBF,0x38,0xBF,
    0x38,0xBF,0x38,0xBF,0x38,0xBF,0x38,0xBF,0x38,0xBF,0x38,0xBF,0x38,0xBF,0x38,0xBF,
    0x38,0xBF,0x38,0xBF,0x38,0xBF,0x38,0xBF,0x38,0xBF,0x38,0xBF,0x38,0xBF,0x38,0xBF,
    0x38,0xBF,0x38,0xBF,0x38,0xBF,0x38,0xBF,0x38,0xBF,0x38,0xBF,0x38,0xBF,0x38,0xBF,
    0x38,0xBF,0x38,0xBF,0x38,0xBF,0x38,0xBF,0x38,0xBF,0x38,0xBF,0x38,0xBF,0x38,0xBF,
    0x38,0xBF,0x38,0xBF,0x38,0xBF,0x38,0xBF,0x38,0xBF,0x38,0xBF,0x38,0xBF,0x38,0xBF,
    0x38,0xBF,0x38,0xBF,0x38,0xBF,0x38,0xBF,0x38,0xBF,0x38,0xBF,0x38,0xBF,0x38,0xBF,
    0x38,0xBF,0x38,0xBF,0x38,0xBF,0x38,0xBF,0x38,0xBF,0x38,0xBF,0x38,0xBF,0x38,0xBF,
    0x38,0xBF,0x38,0xBF,0x38,0xBF,0x38,0xBF,0x38,0xBF,0x38,0xBF,0x38,0xBF,0x38,0xBF,
    0x38,0xBF,0x38,0xBF,0x38,0xBF,0x38,0xBF,0x38,0xBF,0x38,0xBF,0x38,0xBF,0x38,0xBF,
    0x38,0xBF,0x38,0xBF,0x38,0xBF,0x38,0xBF,0x38,0xBF,0x38,0xBF,0x38,0xBF,0x38,0xBF,
    0x38,0xBF,0x38,0xBF,0x38,0xBF,0x38,0xBF,0x38,0xBF,0x38,0xBF,0x38,0xBF,0x38,0xBF,
    0x38,0xBF,0x38,0xBF,0x38,0xBF,0x38,0xBF,0x38,0xBF,0x38,0xBF,0x38,0xBF,0x38,0xBF,
    0x38,0xBF,0x38,0xBF,0x38,0xBF,0x38,0xBF,0x38,0xBF,0x38,0xBF,0x38,0xBF,0x38,0xBF,
    0x38,0xBF,0x38,0xBF,0x38,0xBF,0x38,0xBF,0x38,0xBF,0x38,0xBF,0x38,0xBF,0x38,0xBF,
    0x38,0xBF,0x38,0xBF,0x38,0xBF,0x38,0xBF,0x38,0xBF,0x38,0xBF,0x38,0xBF,0x38,0xBF,
    0x38,0xBF,0x38,0xBF,0x38,0xBF,0x38,0xBF,0x38,0xBF,0x38,0xBF,0x38,0xBF,0x38,0xBF,
    0x38,0xBF,0x38,0xBF,0x38,0xBF,0x38,0xBF,0x38,0xBF,0x38,0xBF,0x38,0xBF,0x38,0xBF,
    0x38,0xBF,0x38,0xBF,0x38,0xBF,0x38,0xBF,0x38,0xBF,0x38,0xBF,0x38,0xBF,0x38,0xBF,
    0x38,0xBF,0x38,0xBF,0x38,0xBF,0x38,0xBF,0x38,0xBF,0x38,0xBF,0x38,0xBF,0x38,0xBF,
    0x38,0xBF,0x38,0xBF,0x38,0xBF,0x38,0xBF,0x38,0xBF,0x38,0xBF,0x38,0xBF,0x38,0xBF,
    0x38,0xBF,0x38,0xBF,0x38,0xBF,0x38,0xBF,0x38,0xBF,0x38,0xBF,0x38,0xBF,0x38,0xBF,
    0x38,0xBF,0x38,0xBF,0x38,0xBF,0x38,0xBF,0x38,0xBF,0x38,0xBF,0x38,0xBF,0x38,0xBF,
    0x38,0xBF,0x38,0xBF,0x38,0xBF,0x38,0xBF,0x38,0xBF,0x38,0xBF,0x38,0xBF,0x38,0xBF,
    0x38,0xBF,0x38,0xBF,0x79,0xC7,0x39,0xBF,0x00,0x00,0x55,0xAD,0x00,0x00,0x00,0x00,
    0x00,0x00,0x00,0x00,0x4A,0x05,0x00,0x00,0xC7,0x1B,0xEA,0x25,0x89,0x25,0x89,0x25,
    0x89,0x25,0x89,0x25,0x89,0x25,0x89,0x25,0x89,0x25,0x89,0x25,0x89,0x25,0x89,0x25,
    0x89,0x25,0x89,0x25,0x89,0x25,0x89,0x25,0x89,0x25,0x89,0x25,0x89,0x25,0x89,0x25,
    0x89,0x25,0x89,0x25,0x89,0x25,0x89,0x25,0x89,0x25,0x89,0x25,0x89,0x25,0x89,0x25,
    0x89,0x25,0x89,0x25,0x89,0x25,0x89,0x25,0x89,0x25,0x89,0x25,0x89,0x25,0x89,0x25,
    0x89,0x25,0x89,0x25,0x89,0x25,0x89,0x25,0x89,0x25,0x89,0x25,0x89,0x25,0x89,0x25,
    0x89,0x25,0x89,0x25,0x89,0x25,0x89,0x25,0x89,0x25,0x89,0x25,0x89,0x25,0x89,0x25,
    0x89,0x25,0x89,0x25,0x89,0x25,0x89,0x25,0x89,0x25,0x89,0x25,0x89,0x25,0x89,0x25,
    0x89,0x25,0x89,0x25,0x89,0x25,0x89,0x25,0x89,0x25,0x89,0x25,0x89,0x25,0x89,0x25,
    0x89,0x25,0x89,0x25,0x89,0x25,0x89,0x25,0x89,0x25,0x89,0x25,0x89,0x25,0x89,0x25,
    0x89,0x25,0x89,0x25,0x89,0x25,0x89,0x25,0x89,0x25,0x89,0x25,0x89,0x25,0x89,0x25,
    0x89,0x25,0x89,0x25,0x89,0x25,0x89,0x25,0x89,0x25,0x89,0x25,0x89,0x25,0x89,0x25,
    0x89,0x25,0x89,0x25,0x89,0x25,0x89,0x25,0x89,0x25,0x89,0x25,0x89,0x25,0x89,0x25,
    0x89,0x25,0x89,0x25,0x89,0x25,0x89,0x25,0x89,0x25,0x89,0x25,0x89,0x25,0x89,0x25,
    0x89,0x25,0x89,0x25,0x89,0x25,0x89,0x25,0x89,0x25,0x89,0x25,0x89,0x25,0x89,0x25,
    0x89,0x25,0x89,0x25,0x89,0x25,0x89,0x25,0x89,0x25,0x89,0x25,0x89,0x25,0x89,0x25,
    0x89,0x25,0x89,0x25,0x89,0x25,0x89,0x25,0x89,0x25,0x89,0x25,0x89,0x25,0x89,0x25,
    0x89,0x25,0x89,0x25,0x89,0x25,0x89,0x25,0x89,0x25,0x89,0x25,0x89,0x25,0x89,0x25,
    0x89,0x25,0x89,0x25,0x89,0x25,0x89,0x25,0x89,0x25,0x89,0x25,0x89,0x25,0x89,0x25,
    0x89,0x25,0x89,0x25,0x89,0x25,0x89,0x25,0x89,0x25,0x89,0x25,0x89,0x25,0x89,0x25,
    0x89,0x25,0x89,0x25,0x89,0x25,0x89,0x25,0x89,0x25,0x89,0x25,0x89,0x25,0x89,0x25,
    0x89,0x25,0x89,0x25,0x89,0x25,0x89,0x25,0x89,0x25,0x89,0x25,0x89,0x25,0x89,0x25,
    0x89,0x25,0x89,0x25,0x89,0x25,0x89,0x25,0x89,0x25,0x89,0x25,0x89,0x25,0x89,0x25,
    0x89,0x25,0x89,0x25,0x89,0x25,0x89,0x25,0x89,0x25,0x89,0x25,0x89,0x25,0x89,0x25,
    0x89,0x25,0x89,0x25,0x89,0x25,0x89,0x25,0x89,0x25,0x89,0x25,0x89,0x25,0x89,0x25,
    0x89,0x25,0x89,0x25,0x89,0x25,0x89,0x25,0x89,0x25,0x89,0x25,0x89,0x25,0x89,0x25,
    0x89,0x25,0x89,0x25,0x89,0x25,0x89,0x25,0x89,0x25,0x89,0x25,0x89,0x25,0x89,0x25,
    0x89,0x25,0x89,0x25,0x89,0x25,0x89,0x25,0x89,0x25,0x89,0x25,0x89,0x25,0x89,0x25,
    0x89,0x25,0x89,0x25,0x89,0x25,0x89,0x25,0x89,0x25,0x89,0x25,0x89,0x25,0x89,0x25,
    0x89,0x25,0x89,0x25,0x89,0x25,0x89,0x25,0x89,0x25,0x89,0x25,0x89,0x25,0x89,0x25,
    0x89,0x25,0x89,0x25,0x89,0x25,0x89,0x25,0x89,0x25,0x89,0x25,0x89,0x25,0x89,0x25,
    0x89,0x25,0x89,0x25,0x89,0x25,0x89,0x25,0x89,0x25,0x89,0x25,0x89,0x25,0x89,0x25,
    0x89,0x25,0x89,0x25,0x89,0x25,0x89,0x25,0x89,0x25,0x89,0x25,0x89,0x25,0x89,0x25,
    0xCA,0x25,0x89,0x25,0x00,0x00,0x4A,0x05,0x00,0x00,0x00,0x00,0x00,0x00,0x00,0x00,
    0x4A,0x05,0x00,0x00,0xC7,0x1B,0xC9,0x25,0x89,0x25,0x89,0x25,0x89,0x25,0x89,0x25,
    0x89,0x25,0x89,0x25,0x89,0x25,0x89,0x25,0x89,0x25,0x89,0x25,0x89,0x25,0x89,0x25,
    0x89,0x25,0x89,0x25,0x89,0x25,0x89,0x25,0x89,0x25,0x89,0x25,0x89,0x25,0x89,0x25,
    0x89,0x25,0x89,0x25,0x89,0x25,0x89,0x25,0x89,0x25,0x89,0x25,0x89,0x25,0x89,0x25,
    0x89,0x25,0x89,0x25,0x89,0x25,0x89,0x25,0x89,0x25,0x89,0x25,0x89,0x25,0x89,0x25,
    0x89,0x25,0x89,0x25,0x89,0x25,0x89,0x25,0x89,0x25,0x89,0x25,0x89,0x25,0x89,0x25,
    0x89,0x25,0x89,0x25,0x89,0x25,0x89,0x25,0x89,0x25,0x89,0x25,0x89,0x25,0x89,0x25,
    0x89,0x25,0x89,0x25,0x89,0x25,0x89,0x25,0x89,0x25,0x89,0x25,0x89,0x25,0x89,0x25,
    0x89,0x25,0x89,0x25,0x89,0x25,0x89,0x25,0x89,0x25,0x89,0x25,0x89,0x25,0x89,0x25,
    0x89,0x25,0x89,0x25,0x89,0x25,0x89,0x25,0x89,0x25,0x89,0x25,0x89,0x25,0x89,0x25,
    0x89,0x25,0x89,0x25,0x89,0x25,0x89,0x25,0x89,0x25,0x89,0x25,0x89,0x25,0x89,0x25,
    0x89,0x25,0x89,0x25,0x89,0x25,0x89,0x25,0x89,0x25,0x89,0x25,0x89,0x25,0x89,0x25,
    0x89,0x25,0x89,0x25,0x89,0x25,0x89,0x25,0x89,0x25,0x89,0x25,0x89,0x25,0x89,0x25,
    0x89,0x25,0x89,0x25,0x89,0x25,0x89,0x25,0x89,0x25,0x89,0x25,0x89,0x25,0x89,0x25,
    0x89,0x25,0x89,0x25,0x89,0x25,0x89,0x25,0x89,0x25,0x89,0x25,0x89,0x25,0x89,0x25,
    0x89,0x25,0x89,0x25,0x89,0x25,0x89,0x25,0x89,0x25,0x89,0x25,0x89,0x25,0x89,0x25,
    0x89,0x25,0x89,0x25,0x89,0x25,0x89,0x25,0x89,0x25,0x89,0x25,0x89,0x25,0x89,0x25,
    0x89,0x25,0x89,0x25,0x89,0x25,0x89,0x25,0x89,0x25,0x89,0x25,0x89,0x25,0x89,0x25,
    0x89,0x25,0x89,0x25,0x89,0x25,0x89,0x25,0x89,0x25,0x89,0x25,0x89,0x25,0x89,0x25,
    0x89,0x25,0x89,0x25,0x89,0x25,0x89,0x25,0x89,0x25,0x89,0x25,0x89,0x25,0x89,0x25,
    0x89,0x25,0x89,0x25,0x89,0x25,0x89,0x25,0x89,0x25,0x89,0x25,0x89,0x25,0x89,0x25,
    0x89,0x25,0x89,0x25,0x89,0x25,0x89,0x25,0x89,0x25,0x89,0x25,0x89,0x25,0x89,0x25,
    0x89,0x25,0x89,0x25,0x89,0x25,0x89,0x25,0x89,0x25,0x89,0x25,0x89,0x25,0x89,0x25,
    0x89,0x25,0x89,0x25,0x89,0x25,0x89,0x25,0x89,0x25,0x89,0x25,0x89,0x25,0x89,0x25,
    0x89,0x25,0x89,0x25,0x89,0x25,0x89,0x25,0x89,0x25,0x89,0x25,0x89,0x25,0x89,0x25,
    0x89,0x25,0x89,0x25,0x89,0x25,0x89,0x25,0x89,0x25,0x89,0x25,0x89,0x25,0x89,0x25,
    0x89,0x25,0x89,0x25,0x89,0x25,0x89,0x25,0x89,0x25,0x89,0x25,0x89,0x25,0x89,0x25,
    0x89,0x25,0x89,0x25,0x89,0x25,0x89,0x25,0x89,0x25,0x89,0x25,0x89,0x25,0x89,0x25,
    0x89,0x25,0x89,0x25,0x89,0x25,0x89,0x25,0x89,0x25,0x89,0x25,0x89,0x25,0x89,0x25,
    0x89,0x25,0x89,0x25,0x89,0x25,0x89,0x25,0x89,0x25,0x89,0x25,0x89,0x25,0x89,0x25,
    0x89,0x25,0x89,0x25,0x89,0x25,0x89,0x25,0x89,0x25,0x89,0x25,0x89,0x25,0x89,0x25,
    0x89,0x25,0x89,0x25,0x89,0x25,0x89,0x25,0x89,0x25,0x89,0x25,0x89,0x25,0x89,0x25,
    0x89,0x25,0x89,0x25,0x89,0x25,0x89,0x25,0x89,0x25,0x89,0x25,0xC9,0x25,0x89,0x1D,
    0x00,0x00,0x4A,0x05,0x00,0x00,0x00,0x00,0x00,0x00,0x00,0x00,0x4A,0x05,0x00,0x00,
    0xC7,0x1B,0xEA,0x25,0x89,0x25,0x89,0x25,0x89,0x25,0x89,0x25,0x89,0x25,0x89,0x25,
    0x89,0x25,0x89,0x25,0x89,0x25,0x89,0x25,0x89,0x25,0x89,0x25,0x89,0x25,0x89,0x25,
    0x89,0x25,0x89,0x25,0x89,0x25,0x89,0x25,0x89,0x25,0x89,0x25,0x89,0x25,0x89,0x25,
    0x89,0x25,0x89,0x25,0x89,0x25,0x89,0x25,0x89,0x25,0x89,0x25,0x89,0x25,0x89,0x25,
    0x89,0x25,0x89,0x25,0x89,0x25,0x89,0x25,0x89,0x25,0x89,0x25,0x89,0x25,0x89,0x25,
    0x89,0x25,0x89,0x25,0x89,0x25,0x89,0x25,0x89,0x25,0x89,0x25,0x89,0x25,0x89,0x25,
    0x89,0x25,0x89,0x25,0x89,0x25,0x89,0x25,0x89,0x25,0x89,0x25,0x89,0x25,0x89,0x25,
    0x89,0x25,0x89,0x25,0x89,0x25,0x89,0x25,0x89,0x25,0x89,0x25,0x89,0x25,0x89,0x25,
    0x89,0x25,0x89,0x25,0x89,0x25,0x89,0x25,0x89,0x25,0x89,0x25,0x89,0x25,0x89,0x25,
    0x89,0x25,0x89,0x25,0x89,0x25,0x89,0x25,0x89,0x25,0x89,0x25,0x89,0x25,0x89,0x25,
    0x89,0x25,0x89,0x25,0x89,0x25,0x89,0x25,0x89,0x25,0x89,0x25,0x89,0x25,0x89,0x25,
    0x89,0x25,0x89,0x25,0x89,0x25,0x89,0x25,0x89,0x25,0x89,0x25,0x89,0x25,0x89,0x25,
    0x89,0x25,0x89,0x25,0x89,0x25,0x89,0x25,0x89,0x25,0x89,0x25,0x89,0x25,0x89,0x25,
    0x89,0x25,0x89,0x25,0x89,0x25,0x89,0x25,0x89,0x25,0x89,0x25,0x89,0x25,0x89,0x25,
    0x89,0x25,0x89,0x25,0x89,0x25,0x89,0x25,0x89,0x25,0x89,0x25,0x89,0x25,0x89,0x25,
    0x89,0x25,0x89,0x25,0x89,0x25,0x89,0x25,0x89,0x25,0x89,0x25,0x89,0x25,0x89,0x25,
    0x89,0x25,0x89,0x25,0x89,0x25,0x89,0x25,0x89,0x25,0x89,0x25,0x89,0x25,0x89,0x25,
    0x89,0x25,0x89,0x25,0x89,0x25,0x89,0x25,0x89,0x25,0x89,0x25,0x89,0x25,0x89,0x25,
    0x89,0x25,0x89,0x25,0x89,0x25,0x89,0x25,0x89,0x25,0x89,0x25,0x89,0x25,0x89,0x25,
    0x89,0x25,0x89,0x25,0x89,0x25,0x89,0x25,0x89,0x25,0x89,0x25,0x89,0x25,0x89,0x25,
    0x89,0x25,0x89,0x25,0x89,0x25,0x89,0x25,0x89,0x25,0x89,0x25,0x89,0x25,0x89,0x25,
    0x89,0x25,0x89,0x25,0x89,0x25,0x89,0x25,0x89,0x25,0x89,0x25,0x89,0x25,0x89,0x25,
    0x89,0x25,0x89,0x25,0x89,0x25,0x89,0x25,0x89,0x25,0x89,0x25,0x89,0x25,0x89,0x25,
    0x89,0x25,0x89,0x25,0x89,0x25,0x89,0x25,0x89,0x25,0x89,0x25,0x89,0x25,0x89,0x25,
    0x89,0x25,0x89,0x25,0x89,0x25,0x89,0x25,0x89,0x25,0x89,0x25,0x89,0x25,0x89,0x25,
    0x89,0x25,0x89,0x25,0x89,0x25,0x89,0x25,0x89,0x25,0x89,0x25,0x89,0x25,0x89,0x25,
    0x89,0x25,0x89,0x25,0x89,0x25,0x89,0x25,0x89,0x25,0x89,0x25,0x89,0x25,0x89,0x25,
    0x89,0x25,0x89,0x25,0x89,0x25,0x89,0x25,0x89,0x25,0x89,0x25,0x89,0x25,0x89,0x25,
    0x89,0x25,0x89,0x25,0x89,0x25,0x89,0x25,0x89,0x25,0x89,0x25,0x89,0x25,0x89,0x25,
    0x89,0x25,0x89,0x25,0x89,0x25,0x89,0x25,0x89,0x25,0x89,0x25,0x89,0x25,0x89,0x25,
    0x89,0x25,0x89,0x25,0x89,0x25,0x89,0x25,0x89,0x25,0x89,0x25,0x89,0x25,0x89,0x25,
    0x89,0x25,0x89,0x25,0x89,0x25,0x89,0x25,0x89,0x25,0x89,0x25,0x89,0x25,0x89,0x25,
    0x89,0x25,0x89,0x25,0x89,0x25,0x89,0x25,0xCA,0x25,0x89,0x25,0x00,0x00,0x4A,0x05,
    0x00,0x00,0x00,0x00,0x00,0x00,0x00,0x00,0x4A,0x05,0x00,0x00,0xC7,0x1B,0xEA,0x25,
    0x89,0x25,0x89,0x25,0x89,0x25,0x89,0x25,0x89,0x25,0x89,0x25,0x89,0x25,0x89,0x25,
    0x89,0x25,0x89,0x25,0x89,0x25,0x89,0x25,0x89,0x25,0x89,0x25,0x89,0x25,0x89,0x25,
    0x89,0x25,0x89,0x25,0x89,0x25,0x89,0x25,0x89,0x25,0x89,0x25,0x89,0x25,0x89,0x25,
    0x89,0x25,0x89,0x25,0x89,0x25,0x89,0x25,0x89,0x25,0x89,0x25,0x89,0x25,0x89,0x25,
    0x89,0x25,0x89,0x25,0x89,0x25,0x89,0x25,0x89,0x25,0x89,0x25,0x89,0x25,0x89,0x25,
    0x89,0x25,0x89,0x25,0x89,0x25,0x89,0x25,0x89,0x25,0x89,0x25,0x89,0x25,0x89,0x25,
    0x89,0x25,0x89,0x25,0x89,0x25,0x89,0x25,0x89,0x25,0x89,0x25,0x89,0x25,0x89,0x25,
    0x89,0x25,0x89,0x25,0x89,0x25,0x89,0x25,0x89,0x25,0x89,0x25,0x89,0x25,0x89,0x25,
    0x89,0x25,0x89,0x25,0x89,0x25,0x89,0x25,0x89,0x25,0x89,0x25,0x89,0x25,0x89,0x25,
    0x89,0x25,0x89,0x25,0x89,0x25,0x89,0x25,0x89,0x25,0x89,0x25,0x89,0x25,0x89,0x25,
    0x89,0x25,0x89,0x25,0x89,0x25,0x89,0x25,0x89,0x25,0x89,0x25,0x89,0x25,0x89,0x25,
    0x89,0x25,0x89,0x25,0x89,0x25,0x89,0x25,0x89,0x25,0x89,0x25,0x89,0x25,0x89,0x25,
    0x89,0x25,0x89,0x25,0x89,0x25,0x89,0x25,0x89,0x25,0x89,0x25,0x89,0x25,0x89,0x25,
    0x89,0x25,0x89,0x25,0x89,0x25,0x89,0x25,0x89,0x25,0x89,0x25,0x89,0x25,0x89,0x25,
    0x89,0x25,0x89,0x25,0x89,0x25,0x89,0x25,0x89,0x25,0x89,0x25,0x89,0x25,0x89,0x25,
    0x89,0x25,0x89,0x25,0x89,0x25,0x89,0x25,0x89,0x25,0x89,0x25,0x89,0x25,0x89,0x25,
    0x89,0x25,0x89,0x25,0x89,0x25,0x89,0x25,0x89,0x25,0x89,0x25,0x89,0x25,0x89,0x25,
    0x89,0x25,0x89,0x25,0x89,0x25,0x89,0x25,0x89,0x25,0x89,0x25,0x89,0x25,0x89,0x25,
    0x89,0x25,0x89,0x25,0x89,0x25,0x89,0x25,0x89,0x25,0x89,0x25,0x89,0x25,0x89,0x25,
    0x89,0x25,0x89,0x25,0x89,0x25,0x89,0x25,0x89,0x25,0x89,0x25,0x89,0x25,0x89,0x25,
    0x89,0x25,0x89,0x25,0x89,0x25,0x89,0x25,0x89,0x25,0x89,0x25,0x89,0x25,0x89,0x25,
    0x89,0x25,0x89,0x25,0x89,0x25,0x89,0x25,0x89,0x25,0x89,0x25,0x89,0x25,0x89,0x25,
    0x89,0x25,0x89,0x25,0x89,0x25,0x89,0x25,0x89,0x25,0x89,0x25,0x89,0x25,0x89,0x25,
    0x89,0x25,0x89,0x25,0x89,0x25,0x89,0x25,0x89,0x25,0x89,0x25,0x89,0x25,0x89,0x25,
    0x89,0x25,0x89,0x25,0x89,0x25,0x89,0x25,0x89,0x25,0x89,0x25,0x89,0x25,0x89,0x25,
    0x89,0x25,0x89,0x25,0x89,0x25,0x89,0x25,0x89,0x25,0x89,0x25,0x89,0x25,0x89,0x25,
    0x89,0x25,0x89,0x25,0x89,0x25,0x89,0x25,0x89,0x25,0x89,0x25,0x89,0x25,0x89,0x25,
    0x89,0x25,0x89,0x25,0x89,0x25,0x89,0x25,0x89,0x25,0x89,0x25,0x89,0x25,0x89,0x25,
    0x89,0x25,0x89,0x25,0x89,0x25,0x89,0x25,0x89,0x25,0x89,0x25,0x89,0x25,0x89,0x25,
    0x89,0x25,0x89,0x25,0x89,0x25,0x89,0x25,0x89,0x25,0x89,0x25,0x89,0x25,0x89,0x25,
    0x89,0x25,0x89,0x25,0x89,0x25,0x89,0x25,0x89,0x25,0x89,0x25,0x89,0x25,0x89,0x25,
    0x89,0x25,0x89,0x25,0x89,0x25,0x89,0x25,0x89,0x25,0x89,0x25,0x89,0x25,0x89,0x25,
    0x89,0x25,0x89,0x25,0xCA,0x25,0x89,0x25,0x00,0x00,0x4A,0x05,0x00,0x00,0x00,0x00,
    0x00,0x00,0x00,0x00,0x4A,0x05,0x00,0x00,0xC7,0x1B,0xEA,0x25,0x89,0x25,0x89,0x25,
    0x89,0x25,0x89,0x25,0x89,0x25,0x89,0x25,0x89,0x25,0x89,0x25,0x89,0x25,0x89,0x25,
    0x89,0x25,0x89,0x25,0x89,0x25,0x89,0x25,0x89,0x25,0x89,0x25,0x89,0x25,0x89,0x25,
    0x89,0x25,0x89,0x25,0x89,0x25,0x89,0x25,0x89,0x25,0x89,0x25,0x89,0x25,0x89,0x25,
    0x89,0x25,0x89,0x25,0x89,0x25,0x89,0x25,0x89,0x25,0x89,0x25,0x89,0x25,0x89,0x25,
    0x89,0x25,0x89,0x25,0x89,0x25,0x89,0x25,0x89,0x25,0x89,0x25,0x89,0x25,0x89,0x25,
    0x89,0x25,0x89,0x25,0x89,0x25,0x89,0x25,0x89,0x25,0x89,0x25,0x89,0x25,0x89,0x25,
    0x89,0x25,0x89,0x25,0x89,0x25,0x89,0x25,0x89,0x25,0x89,0x25,0x89,0x25,0x89,0x25,
    0x89,0x25,0x89,0x25,0x89,0x25,0x89,0x25,0x89,0x25,0x89,0x25,0x89,0x25,0x89,0x25,
    0x89,0x25,0x89,0x25,0x89,0x25,0x89,0x25,0x89,0x25,0x89,0x25,0x89,0x25,0x89,0x25,
    0x89,0x25,0x89,0x25,0x89,0x25,0x89,0x25,0x89,0x25,0x89,0x25,0x89,0x25,0x89,0x25,
    0x89,0x25,0x89,0x25,0x89,0x25,0x89,0x25,0x89,0x25,0x89,0x25,0x89,0x25,0x89,0x25,
    0x89,0x25,0x89,0x25,0x89,0x25,0x89,0x25,0x89,0x25,0x89,0x25,0x89,0x25,0x89,0x25,
    0x89,0x25,0x89,0x25,0x89,0x25,0x89,0x25,0x89,0x25,0x89,0x25,0x89,0x25,0x89,0x25,
    0x89,0x25,0x89,0x25,0x89,0x25,0x89,0x25,0x89,0x25,0x89,0x25,0x89,0x25,0x89,0x25,
    0x89,0x25,0x89,0x25,0x89,0x25,0x89,0x25,0x89,0x25,0x89,0x25,0x89,0x25,0x89,0x25,
    0x89,0x25,0x89,0x25,0x89,0x25,0x89,0x25,0x89,0x25,0x89,0x25,0x89,0x25,0x89,0x25,
    0x89,0x25,0x89,0x25,0x89,0x25,0x89,0x25,0x89,0x25,0x89,0x25,0x89,0x25,0x89,0x25,
    0x89,0x25,0x89,0x25,0x89,0x25,0x89,0x25,0x89,0x25,0x89,0x25,0x89,0x25,0x89,0x25,
    0x89,0x25,0x89,0x25,0x89,0x25,0x89,0x25,0x89,0x25,0x89,0x25,0x89,0x25,0x89,0x25,
    0x89,0x25,0x89,0x25,0x89,0x25,0x89,0x25,0x89,0x25,0x89,0x25,0x89,0x25,0x89,0x25,
    0x89,0x25,0x89,0x25,0x89,0x25,0x89,0x25,0x89,0x25,0x89,0x25,0x89,0x25,0x89,0x25,
    0x89,0x25,0x89,0x25,0x89,0x25,0x89,0x25,0x89,0x25,0x89,0x25,0x89,0x25,0x89,0x25,
    0x89,0x25,0x89,0x25,0x89,0x25,0x89,0x25,0x89,0x25,0x89,0x25,0x89,0x25,0x89,0x25,
    0x89,0x25,0x89,0x25,0x89,0x25,0x89,0x25,0x89,0x25,0x89,0x25,0x89,0x25,0x89,0x25,
    0x89,0x25,0x89,0x25,0x89,0x25,0x89,0x25,0x89,0x25,0x89,0x25,0x89,0x25,0x89,0x25,
    0x89,0x25,0x89,0x25,0x89,0x25,0x89,0x25,0x89,0x25,0x89,0x25,0x89,0x25,0x89,0x25,
    0x89,0x25,0x89,0x25,0x89,0x25,0x89,0x25,0x89,0x25,0x89,0x25,0x89,0x25,0x89,0x25,
    0x89,0x25,0x89,0x25,0x89,0x25,0x89,0x25,0x89,0x25,0x89,0x25,0x89,0x25,0x89,0x25,
    0x89,0x25,0x89,0x25,0x89,0x25,0x89,0x25,0x89,0x25,0x89,0x25,0x89,0x25,0x89,0x25,
    0x89,0x25,0x89,0x25,0x89,0x25,0x89,0x25,0x89,0x25,0x89,0x25,0x89,0x25,0x89,0x25,
    0x89,0x25,0x89,0x25,0x89,0x25,0x89,0x25,0x89,0x25,0x89,0x25,0x89,0x25,0x89,0x25,
    0x89,0x25,0x89,0x25,0x89,0x25,0x89,0x25,0x89,0x25,0x89,0x25,0x89,0x25,0x89,0x25,
    0xCA,0x25,0x89,0x25,0x00,0x00,0x4A,0x05,0x00,0x00,0x00,0x00,0x00,0x00,0x00,0x00,
    0x4A,0x05,0x00,0x00,0xC7,0x1B,0xEA,0x25,0x89,0x25,0x89,0x25,0x89,0x25,0x89,0x25,
    0x89,0x25,0x89,0x25,0x89,0x25,0x89,0x25,0x89,0x25,0x89,0x25,0x89,0x25,0x89,0x25,
    0x89,0x25,0x89,0x25,0x89,0x25,0x89,0x25,0x89,0x25,0x89,0x25,0x89,0x25,0x89,0x25,
    0x89,0x25,0x89,0x25,0x89,0x25,0x89,0x25,0x89,0x25,0x89,0x25,0x89,0x25,0x89,0x25,
    0x89,0x25,0x89,0x25,0x89,0x25,0x89,0x25,0x89,0x25,0x89,0x25,0x89,0x25,0x89,0x25,
    0x89,0x25,0x89,0x25,0x89,0x25,0x89,0x25,0x89,0x25,0x89,0x25,0x89,0x25,0x89,0x25,
    0x89,0x25,0x89,0x25,0x89,0x25,0x89,0x25,0x89,0x25,0x89,0x25,0x89,0x25,0x89,0x25,
    0x89,0x25,0x89,0x25,0x89,0x25,0x89,0x25,0x89,0x25,0x89,0x25,0x89,0x25,0x89,0x25,
    0x89,0x25,0x89,0x25,0x89,0x25,0x89,0x25,0x89,0x25,0x89,0x25,0x89,0x25,0x89,0x25,
    0x89,0x25,0x89,0x25,0x89,0x25,0x89,0x25,0x89,0x25,0x89,0x25,0x89,0x25,0x89,0x25,
    0x89,0x25,0x89,0x25,0x89,0x25,0x89,0x25,0x89,0x25,0x89,0x25,0x89,0x25,0x89,0x25,
    0x89,0x25,0x89,0x25,0x89,0x25,0x89,0x25,0x89,0x25,0x89,0x25,0x89,0x25,0x89,0x25,
    0x89,0x25,0x89,0x25,0x89,0x25,0x89,0x25,0x89,0x25,0x89,0x25,0x89,0x25,0x89,0x25,
    0x89,0x25,0x89,0x25,0x89,0x25,0x89,0x25,0x89,0x25,0x89,0x25,0x89,0x25,0x89,0x25,
    0x89,0x25,0x89,0x25,0x89,0x25,0x89,0x25,0x89,0x25,0x89,0x25,0x89,0x25,0x89,0x25,
    0x89,0x25,0x89,0x25,0x89,0x25,0x89,0x25,0x89,0x25,0x89,0x25,0x89,0x25,0x89,0x25,
    0x89,0x25,0x89,0x25,0x89,0x25,0x89,0x25,0x89,0x25,0x89,0x25,0x89,0x25,0x89,0x25,
    0x89,0x25,0x89,0x25,0x89,0x25,0x89,0x25,0x89,0x25,0x89,0x25,0x89,0x25,0x89,0x25,
    0x89,0x25,0x89,0x25,0x89,0x25,0x89,0x25,0x89,0x25,0x89,0x25,0x89,0x25,0x89,0x25,
    0x89,0x25,0x89,0x25,0x89,0x25,0x89,0x25,0x89,0x25,0x89,0x25,0x89,0x25,0x89,0x25,
    0x89,0x25,0x89,0x25,0x89,0x25,0x89,0x25,0x89,0x25,0x89,0x25,0x89,0x25,0x89,0x25,
    0x89,0x25,0x89,0x25,0x89,0x25,0x89,0x25,0x89,0x25,0x89,0x25,0x89,0x25,0x89,0x25,
    0x89,0x25,0x89,0x25,0x89,0x25,0x89,0x25,0x89,0x25,0x89,0x25,0x89,0x25,0x89,0x25,
    0x89,0x25,0x89,0x25,0x89,0x25,0x89,0x25,0x89,0x25,0x89,0x25,0x89,0x25,0x89,0x25,
    0x89,0x25,0x89,0x25,0x89,0x25,0x89,0x25,0x89,0x25,0x89,0x25,0x89,0x25,0x89,0x25,
    0x89,0x25,0x89,0x25,0x89,0x25,0x89,0x25,0x89,0x25,0x89,0x25,0x89,0x25,0x89,0x25,
    0x89,0x25,0x89,0x25,0x89,0x25,0x89,0x25,0x89,0x25,0x89,0x25,0x89,0x25,0x89,0x25,
    0x89,0x25,0x89,0x25,0x89,0x25,0x89,0x25,0x89,0x25,0x89,0x25,0x89,0x25,0x89,0x25,
    0x89,0x25,0x89,0x25,0x89,0x25,0x89,0x25,0x89,0x25,0x89,0x25,0x89,0x25,0x89,0x25,
    0x89,0x25,0x89,0x25,0x89,0x25,0x89,0x25,0x89,0x25,0x89,0x25,0x89,0x25,0x89,0x25,
    0x89,0x25,0x89,0x25,0x89,0x25,0x89,0x25,0x89,0x25,0x89,0x25,0x89,0x25,0x89,0x25,
    0x89,0x25,0x89,0x25,0x89,0x25,0x89,0x25,0x89,0x25,0x89,0x25,0x89,0x25,0x89,0x25,
    0x89,0x25,0x89,0x25,0x89,0x25,0x89,0x25,0x89,0x25,0x89,0x25,0xCA,0x25,0x89,0x25,
    0x00,0x00,0x4A,0x05,0x00,0x00,0x00,0x00,0x00,0x00,0x00,0x00,0x4A,0x05,0x00,0x00,
    0xC7,0x1B,0xEA,0x25,0x89,0x25,0x89,0x25,0x89,0x25,0x89,0x25,0x89,0x25,0x89,0x25,
    0x89,0x25,0x89,0x25,0x89,0x25,0x89,0x25,0x89,0x25,0x89,0x25,0x89,0x25,0x89,0x25,
    0x89,0x25,0x89,0x25,0x89,0x25,0x89,0x25,0x89,0x25,0x89,0x25,0x89,0x25,0x89,0x25,
    0x89,0x25,0x89,0x25,0x89,0x25,0x89,0x25,0x89,0x25,0x89,0x25,0x89,0x25,0x89,0x25,
    0x89,0x25,0x89,0x25,0x89,0x25,0x89,0x25,0x89,0x25,0x89,0x25,0x89,0x25,0x89,0x25,
    0x89,0x25,0x89,0x25,0x89,0x25,0x89,0x25,0x89,0x25,0x89,0x25,0x89,0x25,0x89,0x25,
    0x89,0x25,0x89,0x25,0x89,0x25,0x89,0x25,0x89,0x25,0x89,0x25,0x89,0x25,0x89,0x25,
    0x89,0x25,0x89,0x25,0x89,0x25,0x89,0x25,0x89,0x25,0x89,0x25,0x89,0x25,0x89,0x25,
    0x89,0x25,0x89,0x25,0x89,0x25,0x89,0x25,0x89,0x25,0x89,0x25,0x89,0x25,0x89,0x25,
    0x89,0x25,0x89,0x25,0x89,0x25,0x89,0x25,0x89,0x25,0x89,0x25,0x89,0x25,0x89,0x25,
    0x89,0x25,0x89,0x25,0x89,0x25,0x89,0x25,0x89,0x25,0x89,0x25,0x89,0x25,0x89,0x25,
    0x89,0x25,0x89,0x25,0x89,0x25,0x89,0x25,0x89,0x25,0x89,0x25,0x89,0x25,0x89,0x25,
    0x89,0x25,0x89,0x25,0x89,0x25,0x89,0x25,0x89,0x25,0x89,0x25,0x89,0x25,0x89,0x25,
    0x89,0x25,0x89,0x25,0x89,0x25,0x89,0x25,0x89,0x25,0x89,0x25,0x89,0x25,0x89,0x25,
    0x89,0x25,0x89,0x25,0x89,0x25,0x89,0x25,0x89,0x25,0x89,0x25,0x89,0x25,0x89,0x25,
    0x89,0x25,0x89,0x25,0x89,0x25,0x89,0x25,0x89,0x25,0x89,0x25,0x89,0x25,0x89,0x25,
    0x89,0x25,0x89,0x25,0x89,0x25,0x89,0x25,0x89,0x25,0x89,0x25,0x89,0x25,0x89,0x25,
    0x89,0x25,0x89,0x25,0x89,0x25,0x89,0x25,0x89,0x25,0x89,0x25,0x89,0x25,0x89,0x25,
    0x89,0x25,0x89,0x25,0x89,0x25,0x89,0x25,0x89,0x25,0x89,0x25,0x89,0x25,0x89,0x25,
    0x89,0x25,0x89,0x25,0x89,0x25,0x89,0x25,0x89,0x25,0x89,0x25,0x89,0x25,0x89,0x25,
    0x89,0x25,0x89,0x25,0x89,0x25,0x89,0x25,0x89,0x25,0x89,0x25,0x89,0x25,0x89,0x25,
    0x89,0x25,0x89,0x25,0x89,0x25,0x89,0x25,0x89,0x25,0x89,0x25,0x89,0x25,0x89,0x25,
    0x89,0x25,0x89,0x25,0x89,0x25,0x89,0x25,0x89,0x25,0x89,0x25,0x89,0x25,0x89,0x25,
    0x89,0x25,0x89,0x25,0x89,0x25,0x89,0x25,0x89,0x25,0x89,0x25,0x89,0x25,0x89,0x25,
    0x89,0x25,0x89,0x25,0x89,0x25,0x89,0x25,0x89,0x25,0x89,0x25,0x89,0x25,0x89,0x25,
    0x89,0x25,0x89,0x25,0x89,0x25,0x89,0x25,0x89,0x25,0x89,0x25,0x89,0x25,0x89,0x25,
    0x89,0x25,0x89,0x25,0x89,0x25,0x89,0x25,0x89,0x25,0x89,0x25,0x89,0x25,0x89,0x25,
    0x89,0x25,0x89,0x25,0x89,0x25,0x89,0x25,0x89,0x25,0x89,0x25,0x89,0x25,0x89,0x25,
    0x89,0x25,0x89,0x25,0x89,0x25,0x89,0x25,0x89,0x25,0x89,0x25,0x89,0x25,0x89,0x25,
    0x89,0x25,0x89,0x25,0x89,0x25,0x89,0x25,0x89,0x25,0x89,0x25,0x89,0x25,0x89,0x25,
    0x89,0x25,0x89,0x25,0x89,0x25,0x89,0x25,0x89,0x25,0x89,0x25,0x89,0x25,0x89,0x25,
    0x89,0x25,0x89,0x25,0x89,0x25,0x89,0x25,0x89,0x25,0x89,0x25,0x89,0x25,0x89,0x25,
    0x89,0x25,0x89,0x25,0x89,0x25,0x89,0x25,0xCA,0x25,0x89,0x25,0x00,0x00,0x4A,0x05,
    0x00,0x00,0x00,0x00,0x00,0x00,0x00,0x00,0x4A,0x05,0x00,0x00,0xC7,0x1B,0xEA,0x25,
    0x89,0x25,0x89,0x25,0x89,0x25,0x89,0x25,0x89,0x25,0x89,0x25,0x89,0x25,0x89,0x25,
    0x89,0x25,0x89,0x25,0x89,0x25,0x89,0x25,0x89,0x25,0x89,0x25,0x89,0x25,0x89,0x25,
    0x89,0x25,0x89,0x25,0x89,0x25,0x89,0x25,0x89,0x25,0x89,0x25,0x89,0x25,0x89,0x25,
    0x89,0x25,0x89,0x25,0x89,0x25,0x89,0x25,0x89,0x25,0x89,0x25,0x89,0x25,0x89,0x25,
    0x89,0x25,0x89,0x25,0x89,0x25,0x89,0x25,0x89,0x25,0x89,0x25,0x89,0x25,0x89,0x25,
    0x89,0x25,0x89,0x25,0x89,0x25,0x89,0x25,0x89,0x25,0x89,0x25,0x89,0x25,0x89,0x25,
    0x89,0x25,0x89,0x25,0x89,0x25,0x89,0x25,0x89,0x25,0x89,0x25,0x89,0x25,0x89,0x25,
    0x89,0x25,0x89,0x25,0x89,0x25,0x89,0x25,0x89,0x25,0x89,0x25,0x89,0x25,0x89,0x25,
    0x89,0x25,0x89,0x25,0x89,0x25,0x89,0x25,0x89,0x25,0x89,0x25,0x89,0x25,0x89,0x25,
    0x89,0x25,0x89,0x25,0x89,0x25,0x89,0x25,0x89,0x25,0x89,0x25,0x89,0x25,0x89,0x25,
    0x89,0x25,0x89,0x25,0x89,0x25,0x89,0x25,0x89,0x25,0x89,0x25,0x89,0x25,0x89,0x25,
    0x89,0x25,0x89,0x25,0x89,0x25,0x89,0x25,0x89,0x25,0x89,0x25,0x89,0x25,0x89,0x25,
    0x89,0x25,0x89,0x25,0x89,0x25,0x89,0x25,0x89,0x25,0x89,0x25,0x89,0x25,0x89,0x25,
    0x89,0x25,0x89,0x25,0x89,0x25,0x89,0x25,0x89,0x25,0x89,0x25,0x89,0x25,0x89,0x25,
    0x89,0x25,0x89,0x25,0x89,0x25,0x89,0x25,0x89,0x25,0x89,0x25,0x89,0x25,0x89,0x25,
    0x89,0x25,0x89,0x25,0x89,0x25,0x89,0x25,0x89,0x25,0x89,0x25,0x89,0x25,0x89,0x25,
    0x89,0x25,0x89,0x25,0x89,0x25,0x89,0x25,0x89,0x25,0x89,0x25,0x89,0x25,0x89,0x25,
    0x89,0x25,0x89,0x25,0x89,0x25,0x89,0x25,0x89,0x25,0x89,0x25,0x89,0x25,0x89,0x25,
    0x89,0x25,0x89,0x25,0x89,0x25,0x89,0x25,0x89,0x25,0x89,0x25,0x89,0x25,0x89,0x25,
    0x89,0x25,0x89,0x25,0x89,0x25,0x89,0x25,0x89,0x25,0x89,0x25,0x89,0x25,0x89,0x25,
    0x89,0x25,0x89,0x25,0x89,0x25,0x89,0x25,0x89,0x25,0x89,0x25,0x89,0x25,0x89,0x25,
    0x89,0x25,0x89,0x25,0x89,0x25,0x89,0x25,0x89,0x25,0x89,0x25,0x89,0x25,0x89,0x25,
    0x89,0x25,0x89,0x25,0x89,0x25,0x89,0x25,0x89,0x25,0x89,0x25,0x89,0x25,0x89,0x25,
    0x89,0x25,0x89,0x25,0x89,0x25,0x89,0x25,0x89,0x25,0x89,0x25,0x89,0x25,0x89,0x25,
    0x89,0x25,0x89,0x25,0x89,0x25,0x89,0x25,0x89,0x25,0x89,0x25,0x89,0x25,0x89,0x25,
    0x89,0x25,0x89,0x25,0x89,0x25,0x89,0x25,0x89,0x25,0x89,0x25,0x89,0x25,0x89,0x25,
    0x89,0x25,0x89,0x25,0x89,0x25,0x89,0x25,0x89,0x25,0x89,0x25,0x89,0x25,0x89,0x25,
    0x89,0x25,0x89,0x25,0x89,0x25,0x89,0x25,0x89,0x25,0x89,0x25,0x89,0x25,0x89,0x25,
    0x89,0x25,0x89,0x25,0x89,0x25,0x89,0x25,0x89,0x25,0x89,0x25,0x89,0x25,0x89,0x25,
    0x89,0x25,0x89,0x25,0x89,0x25,0x89,0x25,0x89,0x25,0x89,0x25,0x89,0x25,0x89,0x25,
    0x89,0x25,0x89,0x25,0x89,0x25,0x89,0x25,0x89,0x25,0x89,0x25,0x89,0x25,0x89,0x25,
    0x89,0x25,0x89,0x25,0x89,0x25,0x89,0x25,0x89,0x25,0x89,0x25,0x89,0x25,0x89,0x25,
    0x89,0x25,0x89,0x25,0xCA,0x25,0x89,0x25,0x00,0x00,0x4A,0x05,0x00,0x00,0x00,0x00,
    0x00,0x00,0x00,0x00,0x4A,0x05,0x00,0x00,0xC7,0x1B,0xEA,0x25,0x89,0x25,0x89,0x25,
    0x89,0x25,0x89,0x25,0x89,0x25,0x89,0x25,0x89,0x25,0x89,0x25,0x89,0x25,0x89,0x25,
    0x89,0x25,0x89,0x25,0x89,0x25,0x89,0x25,0x89,0x25,0x89,0x25,0x89,0x25,0x89,0x25,
    0x89,0x25,0x89,0x25,0x89,0x25,0x89,0x25,0x89,0x25,0x89,0x25,0x89,0x25,0x89,0x25,
    0x89,0x25,0x89,0x25,0x89,0x25,0x89,0x25,0x89,0x25,0x89,0x25,0x89,0x25,0x89,0x25,
    0x89,0x25,0x89,0x25,0x89,0x25,0x89,0x25,0x89,0x25,0x89,0x25,0x89,0x25,0x89,0x25,
    0x89,0x25,0x89,0x25,0x89,0x25,0x89,0x25,0x89,0x25,0x89,0x25,0x89,0x25,0x89,0x25,
    0x89,0x25,0x89,0x25,0x89,0x25,0x89,0x25,0x89,0x25,0x89,0x25,0x89,0x25,0x89,0x25,
    0x89,0x25,0x89,0x25,0x89,0x25,0x89,0x25,0x89,0x25,0x89,0x25,0x89,0x25,0x89,0x25,
    0x89,0x25,0x89,0x25,0x89,0x25,0x89,0x25,0x89,0x25,0x89,0x25,0x89,0x25,0x89,0x25,
    0x89,0x25,0x89,0x25,0x89,0x25,0x89,0x25,0x89,0x25,0x89,0x25,0x89,0x25,0x89,0x25,
    0x89,0x25,0x89,0x25,0x89,0x25,0x89,0x25,0x89,0x25,0x89,0x25,0x89,0x25,0x89,0x25,
    0x89,0x25,0x89,0x25,0x89,0x25,0x89,0x25,0x89,0x25,0x89,0x25,0x89,0x25,0x89,0x25,
    0x89,0x25,0x89,0x25,0x89,0x25,0x89,0x25,0x89,0x25,0x89,0x25,0x89,0x25,0x89,0x25,
    0x89,0x25,0x89,0x25,0x89,0x25,0x89,0x25,0x89,0x25,0x89,0x25,0x89,0x25,0x89,0x25,
    0x89,0x25,0x89,0x25,0x89,0x25,0x89,0x25,0x89,0x25,0x89,0x25,0x89,0x25,0x89,0x25,
    0x89,0x25,0x89,0x25,0x89,0x25,0x89,0x25,0x89,0x25,0x89,0x25,0x89,0x25,0x89,0x25,
    0x89,0x25,0x89,0x25,0x89,0x25,0x89,0x25,0x89,0x25,0x89,0x25,0x89,0x25,0x89,0x25,
    0x89,0x25,0x89,0x25,0x89,0x25,0x89,0x25,0x89,0x25,0x89,0x25,0x89,0x25,0x89,0x25,
    0x89,0x25,0x89,0x25,0x89,0x25,0x89,0x25,0x89,0x25,0x89,0x25,0x89,0x25,0x89,0x25,
    0x89,0x25,0x89,0x25,0x89,0x25,0x89,0x25,0x89,0x25,0x89,0x25,0x89,0x25,0x89,0x25,
    0x89,0x25,0x89,0x25,0x89,0x25,0x89,0x25,0x89,0x25,0x89,0x25,0x89,0x25,0x89,0x25,
    0x89,0x25,0x89,0x25,0x89,0x25,0x89,0x25,0x89,0x25,0x89,0x25,0x89,0x25,0x89,0x25,
    0x89,0x25,0x89,0x25,0x89,0x25,0x89,0x25,0x89,0x25,0x89,0x25,0x89,0x25,0x89,0x25,
    0x89,0x25,0x89,0x25,0x89,0x25,0x89,0x25,0x89,0x25,0x89,0x25,0x89,0x25,0x89,0x25,
    0x89,0x25,0x89,0x25,0x89,0x25,0x89,0x25,0x89,0x25,0x89,0x25,0x89,0x25,0x89,0x25,
    0x89,0x25,0x89,0x25,0x89,0x25,0x89,0x25,0x89,0x25,0x89,0x25,0x89,0x25,0x89,0x25,
    0x89,0x25,0x89,0x25,0x89,0x25,0x89,0x25,0x89,0x25,0x89,0x25,0x89,0x25,0x89,0x25,
    0x89,0x25,0x89,0x25,0x89,0x25,0x89,0x25,0x89,0x25,0x89,0x25,0x89,0x25,0x89,0x25,
    0x89,0x25,0x89,0x25,0x89,0x25,0x89,0x25,0x89,0x25,0x89,0x25,0x89,0x25,0x89,0x25,
    0x89,0x25,0x89,0x25,0x89,0x25,0x89,0x25,0x89,0x25,0x89,0x25,0x89,0x25,0x89,0x25,
    0x89,0x25,0x89,0x25,0x89,0x25,0x89,0x25,0x89,0x25,0x89,0x25,0x89,0x25,0x89,0x25,
    0x89,0x25,0x89,0x25,0x89,0x25,0x89,0x25,0x89,0x25,0x89,0x25,0x89,0x25,0x89,0x25,
    0xCA,0x25,0x89,0x25,0x00,0x00,0x4A,0x05,0x00,0x00,0x00,0x00,0x00,0x00,0x00,0x00,
    0x4A,0x05,0x00,0x00,0xC7,0x1B,0xEA,0x25,0x89,0x25,0x89,0x25,0x89,0x25,0x89,0x25,
    0x89,0x25,0x89,0x25,0x89,0x25,0x89,0x25,0x89,0x25,0x89,0x25,0x89,0x25,0x89,0x25,
    0x89,0x25,0x89,0x25,0x89,0x25,0x89,0x25,0x89,0x25,0x89,0x25,0x89,0x25,0x89,0x25,
    0x89,0x25,0x89,0x25,0x89,0x25,0x89,0x25,0x89,0x25,0x89,0x25,0x89,0x25,0x89,0x25,
    0x89,0x25,0x89,0x25,0x89,0x25,0x89,0x25,0x89,0x25,0x89,0x25,0x89,0x25,0x89,0x25,
    0x89,0x25,0x89,0x25,0x89,0x25,0x89,0x25,0x89,0x25,0x89,0x25,0x89,0x25,0x89,0x25,
    0x89,0x25,0x89,0x25,0x89,0x25,0x89,0x25,0x89,0x25,0x89,0x25,0x89,0x25,0x89,0x25,
    0x89,0x25,0x89,0x25,0x89,0x25,0x89,0x25,0x89,0x25,0x89,0x25,0x89,0x25,0x89,0x25,
    0x89,0x25,0x89,0x25,0x89,0x25,0x89,0x25,0x89,0x25,0x89,0x25,0x89,0x25,0x89,0x25,
    0x89,0x25,0x89,0x25,0x89,0x25,0x89,0x25,0x89,0x25,0x89,0x25,0x89,0x25,0x89,0x25,
    0x89,0x25,0x89,0x25,0x89,0x25,0x89,0x25,0x89,0x25,0x89,0x25,0x89,0x25,0x89,0x25,
    0x89,0x25,0x89,0x25,0x89,0x25,0x89,0x25,0x89,0x25,0x89,0x25,0x89,0x25,0x89,0x25,
    0x89,0x25,0x89,0x25,0x89,0x25,0x89,0x25,0x89,0x25,0x89,0x25,0x89,0x25,0x89,0x25,
    0x89,0x25,0x89,0x25,0x89,0x25,0x89,0x25,0x89,0x25,0x89,0x25,0x89,0x25,0x89,0x25,
    0x89,0x25,0x89,0x25,0x89,0x25,0x89,0x25,0x89,0x25,0x89,0x25,0x89,0x25,0x89,0x25,
    0x89,0x25,0x89,0x25,0x89,0x25,0x89,0x25,0x89,0x25,0x89,0x25,0x89,0x25,0x89,0x25,
    0x89,0x25,0x89,0x25,0x89,0x25,0x89,0x25,0x89,0x25,0x89,0x25,0x89,0x25,0x89,0x25,
    0x89,0x25,0x89,0x25,0x89,0x25,0x89,0x25,0x89,0x25,0x89,0x25,0x89,0x25,0x89,0x25,
    0x89,0x25,0x89,0x25,0x89,0x25,0x89,0x25,0x89,0x25,0x89,0x25,0x89,0x25,0x89,0x25,
    0x89,0x25,0x89,0x25,0x89,0x25,0x89,0x25,0x89,0x25,0x89,0x25,0x89,0x25,0x89,0x25,
    0x89,0x25,0x89,0x25,0x89,0x25,0x89,0x25,0x89,0x25,0x89,0x25,0x89,0x25,0x89,0x25,
    0x89,0x25,0x89,0x25,0x89,0x25,0x89,0x25,0x89,0x25,0x89,0x25,0x89,0x25,0x89,0x25,
    0x89,0x25,0x89,0x25,0x89,0x25,0x89,0x25,0x89,0x25,0x89,0x25,0x89,0x25,0x89,0x25,
    0x89,0x25,0x89,0x25,0x89,0x25,0x89,0x25,0x89,0x25,0x89,0x25,0x89,0x25,0x89,0x25,
    0x89,0x25,0x89,0x25,0x89,0x25,0x89,0x25,0x89,0x25,0x89,0x25,0x89,0x25,0x89,0x25,
    0x89,0x25,0x89,0x25,0x89,0x25,0x89,0x25,0x89,0x25,0x89,0x25,0x89,0x25,0x89,0x25,
    0x89,0x25,0x89,0x25,0x89,0x25,0x89,0x25,0x89,0x25,0x89,0x25,0x89,0x25,0x89,0x25,
    0x89,0x25,0x89,0x25,0x89,0x25,0x89,0x25,0x89,0x25,0x89,0x25,0x89,0x25,0x89,0x25,
    0x89,0x25,0x89,0x25,0x89,0x25,0x89,0x25,0x89,0x25,0x89,0x25,0x89,0x25,0x89,0x25,
    0x89,0x25,0x89,0x25,0x89,0x25,0x89,0x25,0x89,0x25,0x89,0x25,0x89,0x25,0x89,0x25,
    0x89,0x25,0x89,0x25,0x89,0x25,0x89,0x25,0x89,0x25,0x89,0x25,0x89,0x25,0x89,0x25,
    0x89,0x25,0x89,0x25,0x89,0x25,0x89,0x25,0x89,0x25,0x89,0x25,0x89,0x25,0x89,0x25,
    0x89,0x25,0x89,0x25,0x89,0x25,0x89,0x25,0x89,0x25,0x89,0x25,0xCA,0x25,0x89,0x25,
    0x00,0x00,0x4A,0x05,0x00,0x00,0x00,0x00,0x00,0x00,0x00,0x00,0x4A,0x05,0x00,0x00,
    0xC7,0x1B,0xEA,0x25,0x89,0x25,0x89,0x25,0x89,0x25,0x89,0x25,0x89,0x25,0x89,0x25,
    0x89,0x25,0x89,0x25,0x89,0x25,0x89,0x25,0x89,0x25,0x89,0x25,0x89,0x25,0x89,0x25,
    0x89,0x25,0x89,0x25,0x89,0x25,0x89,0x25,0x89,0x25,0x89,0x25,0x89,0x25,0x89,0x25,
    0x89,0x25,0x89,0x25,0x89,0x25,0x89,0x25,0x89,0x25,0x89,0x25,0x89,0x25,0x89,0x25,
    0x89,0x25,0x89,0x25,0x89,0x25,0x89,0x25,0x89,0x25,0x89,0x25,0x89,0x25,0x89,0x25,
    0x89,0x25,0x89,0x25,0x89,0x25,0x89,0x25,0x89,0x25,0x89,0x25,0x89,0x25,0x89,0x25,
    0x89,0x25,0x89,0x25,0x89,0x25,0x89,0x25,0x89,0x25,0x89,0x25,0x89,0x25,0x89,0x25,
    0x89,0x25,0x89,0x25,0x89,0x25,0x89,0x25,0x89,0x25,0x89,0x25,0x89,0x25,0x89,0x25,
    0x89,0x25,0x89,0x25,0x89,0x25,0x89,0x25,0x89,0x25,0x89,0x25,0x89,0x25,0x89,0x25,
    0x89,0x25,0x89,0x25,0x89,0x25,0x89,0x25,0x89,0x25,0x89,0x25,0x89,0x25,0x89,0x25,
    0x89,0x25,0x89,0x25,0x89,0x25,0x89,0x25,0x89,0x25,0x89,0x25,0x89,0x25,0x89,0x25,
    0x89,0x25,0x89,0x25,0x89,0x25,0x89,0x25,0x89,0x25,0x89,0x25,0x89,0x25,0x89,0x25,
    0x89,0x25,0x89,0x25,0x89,0x25,0x89,0x25,0x89,0x25,0x89,0x25,0x89,0x25,0x89,0x25,
    0x89,0x25,0x89,0x25,0x89,0x25,0x89,0x25,0x89,0x25,0x89,0x25,0x89,0x25,0x89,0x25,
    0x89,0x25,0x89,0x25,0x89,0x25,0x89,0x25,0x89,0x25,0x89,0x25,0x89,0x25,0x89,0x25,
    0x89,0x25,0x89,0x25,0x89,0x25,0x89,0x25,0x89,0x25,0x89,0x25,0x89,0x25,0x89,0x25,
    0x89,0x25,0x89,0x25,0x89,0x25,0x89,0x25,0x89,0x25,0x89,0x25,0x89,0x25,0x89,0x25,
    0x89,0x25,0x89,0x25,0x89,0x25,0x89,0x25,0x89,0x25,0x89,0x25,0x89,0x25,0x89,0x25,
    0x89,0x25,0x89,0x25,0x89,0x25,0x89,0x25,0x89,0x25,0x89,0x25,0x89,0x25,0x89,0x25,
    0x89,0x25,0x89,0x25,0x89,0x25,0x89,0x25,0x89,0x25,0x89,0x25,0x89,0x25,0x89,0x25,
    0x89,0x25,0x89,0x25,0x89,0x25,0x89,0x25,0x89,0x25,0x89,0x25,0x89,0x25,0x89,0x25,
    0x89,0x25,0x89,0x25,0x89,0x25,0x89,0x25,0x89,0x25,0x89,0x25,0x89,0x25,0x89,0x25,
    0x89,0x25,0x89,0x25,0x89,0x25,0x89,0x25,0x89,0x25,0x89,0x25,0x89,0x25,0x89,0x25,
    0x89,0x25,0x89,0x25,0x89,0x25,0x89,0x25,0x89,0x25,0x89,0x25,0x89,0x25,0x89,0x25,
    0x89,0x25,0x89,0x25,0x89,0x25,0x89,0x25,0x89,0x25,0x89,0x25,0x89,0x25,0x89,0x25,
    0x89,0x25,0x89,0x25,0x89,0x25,0x89,0x25,0x89,0x25,0x89,0x25,0x89,0x25,0x89,0x25,
    0x89,0x25,0x89,0x25,0x89,0x25,0x89,0x25,0x89,0x25,0x89,0x25,0x89,0x25,0x89,0x25,
    0x89,0x25,0x89,0x25,0x89,0x25,0x89,0x25,0x89,0x25,0x89,0x25,0x89,0x25,0x89,0x25,
    0x89,0x25,0x89,0x25,0x89,0x25,0x89,0x25,0x89,0x25,0x89,0x25,0x89,0x25,0x89,0x25,
    0x89,0x25,0x89,0x25,0x89,0x25,0x89,0x25,0x89,0x25,0x89,0x25,0x89,0x25,0x89,0x25,
    0x89,0x25,0x89,0x25,0x89,0x25,0x89,0x25,0x89,0x25,0x89,0x25,0x89,0x25,0x89,0x25,
    0x89,0x25,0x89,0x25,0x89,0x25,0x89,0x25,0x89,0x25,0x89,0x25,0x89,0x25,0x89,0x25,
    0x89,0x25,0x89,0x25,0x89,0x25,0x89,0x25,0xCA,0x25,0x89,0x25,0x00,0x00,0x4A,0x05,
    0x00,0x00,0x00,0x00,0x00,0x00,0x00,0x00,0x4A,0x05,0x00,0x00,0xC7,0x1B,0xEA,0x25,
    0x89,0x25,0x89,0x25,0x89,0x25,0x89,0x25,0x89,0x25,0x89,0x25,0x89,0x25,0x89,0x25,
    0x89,0x25,0x89,0x25,0x89,0x25,0x89,0x25,0x89,0x25,0x89,0x25,0x89,0x25,0x89,0x25,
    0x89,0x25,0x89,0x25,0x89,0x25,0x89,0x25,0x89,0x25,0x89,0x25,0x89,0x25,0x89,0x25,
    0x89,0x25,0x89,0x25,0x89,0x25,0x89,0x25,0x89,0x25,0x89,0x25,0x89,0x25,0x89,0x25,
    0x89,0x25,0x89,0x25,0x89,0x25,0x89,0x25,0x89,0x25,0x89,0x25,0x89,0x25,0x89,0x25,
    0x89,0x25,0x89,0x25,0x89,0x25,0x89,0x25,0x89,0x25,0x89,0x25,0x89,0x25,0x89,0x25,
    0x89,0x25,0x89,0x25,0x89,0x25,0x89,0x25,0x89,0x25,0x89,0x25,0x89,0x25,0x89,0x25,
    0x89,0x25,0x89,0x25,0x89,0x25,0x89,0x25,0x89,0x25,0x89,0x25,0x89,0x25,0x89,0x25,
    0x89,0x25,0x89,0x25,0x89,0x25,0x89,0x25,0x89,0x25,0x89,0x25,0x89,0x25,0x89,0x25,
    0x89,0x25,0x89,0x25,0x89,0x25,0x89,0x25,0x89,0x25,0x89,0x25,0x89,0x25,0x89,0x25,
    0x89,0x25,0x89,0x25,0x89,0x25,0x89,0x25,0x89,0x25,0x89,0x25,0x89,0x25,0x89,0x25,
    0x89,0x25,0x89,0x25,0x89,0x25,0x89,0x25,0x89,0x25,0x89,0x25,0x89,0x25,0x89,0x25,
    0x89,0x25,0x89,0x25,0x89,0x25,0x89,0x25,0x89,0x25,0x89,0x25,0x89,0x25,0x89,0x25,
    0x89,0x25,0x89,0x25,0x89,0x25,0x89,0x25,0x89,0x25,0x89,0x25,0x89,0x25,0x89,0x25,
    0x89,0x25,0x89,0x25,0x89,0x25,0x89,0x25,0x89,0x25,0x89,0x25,0x89,0x25,0x89,0x25,
    0x89,0x25,0x89,0x25,0x89,0x25,0x89,0x25,0x89,0x25,0x89,0x25,0x89,0x25,0x89,0x25,
    0x89,0x25,0x89,0x25,0x89,0x25,0x89,0x25,0x89,0x25,0x89,0x25,0x89,0x25,0x89,0x25,
    0x89,0x25,0x89,0x25,0x89,0x25,0x89,0x25,0x89,0x25,0x89,0x25,0x89,0x25,0x89,0x25,
    0x89,0x25,0x89,0x25,0x89,0x25,0x89,0x25,0x89,0x25,0x89,0x25,0x89,0x25,0x89,0x25,
    0x89,0x25,0x89,0x25,0x89,0x25,0x89,0x25,0x89,0x25,0x89,0x25,0x89,0x25,0x89,0x25,
    0x89,0x25,0x89,0x25,0x89,0x25,0x89,0x25,0x89,0x25,0x89,0x25,0x89,0x25,0x89,0x25,
    0x89,0x25,0x89,0x25,0x89,0x25,0x89,0x25,0x89,0x25,0x89,0x25,0x89,0x25,0x89,0x25,
    0x89,0x25,0x89,0x25,0x89,0x25,0x89,0x25,0x89,0x25,0x89,0x25,0x89,0x25,0x89,0x25,
    0x89,0x25,0x89,0x25,0x89,0x25,0x89,0x25,0x89,0x25,0x89,0x25,0x89,0x25,0x89,0x25,
    0x89,0x25,0x89,0x25,0x89,0x25,0x89,0x25,0x89,0x25,0x89,0x25,0x89,0x25,0x89,0x25,
    0x89,0x25,0x89,0x25,0x89,0x25,0x89,0x25,0x89,0x25,0x89,0x25,0x89,0x25,0x89,0x25,
    0x89,0x25,0x89,0x25,0x89,0x25,0x89,0x25,0x89,0x25,0x89,0x25,0x89,0x25,0x89,0x25,
    0x89,0x25,0x89,0x25,0x89,0x25,0x89,0x25,0x89,0x25,0x89,0x25,0x89,0x25,0x89,0x25,
    0x89,0x25,0x89,0x25,0x89,0x25,0x89,0x25,0x89,0x25,0x89,0x25,0x89,0x25,0x89,0x25,
    0x89,0x25,0x89,0x25,0x89,0x25,0x89,0x25,0x89,0x25,0x89,0x25,0x89,0x25,0x89,0x25,
    0x89,0x25,0x89,0x25,0x89,0x25,0x89,0x25,0x89,0x25,0x89,0x25,0x89,0x25,0x89,0x25,
    0x89,0x25,0x89,0x25,0x89,0x25,0x89,0x25,0x89,0x25,0x89,0x25,0x89,0x25,0x89,0x25,
    0x89,0x25,0x89,0x25,0xCA,0x25,0x89,0x25,0x00,0x00,0x4A,0x05,0x00,0x00,0x00,0x00,
    0x00,0x00,0x00,0x00,0x4A,0x05,0x00,0x00,0xC7,0x1B,0xEA,0x25,0x89,0x25,0x89,0x25,
    0x89,0x25,0x89,0x25,0x89,0x25,0x89,0x25,0x89,0x25,0x89,0x25,0x89,0x25,0x89,0x25,
    0x89,0x25,0x89,0x25,0x89,0x25,0x89,0x25,0x89,0x25,0x89,0x25,0x89,0x25,0x89,0x25,
    0x89,0x25,0x89,0x25,0x89,0x25,0x89,0x25,0x89,0x25,0x89,0x25,0x89,0x25,0x89,0x25,
    0x89,0x25,0x89,0x25,0x89,0x25,0x89,0x25,0x89,0x25,0x89,0x25,0x89,0x25,0x89,0x25,
    0x89,0x25,0x89,0x25,0x89,0x25,0x89,0x25,0x89,0x25,0x89,0x25,0x89,0x25,0x89,0x25,
    0x89,0x25,0x89,0x25,0x89,0x25,0x89,0x25,0x89,0x25,0x89,0x25,0x89,0x25,0x89,0x25,
    0x89,0x25,0x89,0x25,0x89,0x25,0x89,0x25,0x89,0x25,0x89,0x25,0x89,0x25,0x89,0x25,
    0x89,0x25,0x89,0x25,0x89,0x25,0x89,0x25,0x89,0x25,0x89,0x25,0x89,0x25,0x89,0x25,
    0x89,0x25,0x89,0x25,0x89,0x25,0x89,0x25,0x89,0x25,0x89,0x25,0x89,0x25,0x89,0x25,
    0x89,0x25,0x89,0x25,0x89,0x25,0x89,0x25,0x89,0x25,0x89,0x25,0x89,0x25,0x89,0x25,
    0x89,0x25,0x89,0x25,0x89,0x25,0x89,0x25,0x89,0x25,0x89,0x25,0x89,0x25,0x89,0x25,
    0x89,0x25,0x89,0x25,0x89,0x25,0x89,0x25,0x89,0x25,0x89,0x25,0x89,0x25,0x89,0x25,
    0x89,0x25,0x89,0x25,0x89,0x25,0x89,0x25,0x89,0x25,0x89,0x25,0x89,0x25,0x89,0x25,
    0x89,0x25,0x89,0x25,0x89,0x25,0x89,0x25,0x89,0x25,0x89,0x25,0x89,0x25,0x89,0x25,
    0x89,0x25,0x89,0x25,0x89,0x25,0x89,0x25,0x89,0x25,0x89,0x25,0x89,0x25,0x89,0x25,
    0x89,0x25,0x89,0x25,0x89,0x25,0x89,0x25,0x89,0x25,0x89,0x25,0x89,0x25,0x89,0x25,
    0x89,0x25,0x89,0x25,0x89,0x25,0x89,0x25,0x89,0x25,0x89,0x25,0x89,0x25,0x89,0x25,
    0x89,0x25,0x89,0x25,0x89,0x25,0x89,0x25,0x89,0x25,0x89,0x25,0x89,0x25,0x89,0x25,
    0x89,0x25,0x89,0x25,0x89,0x25,0x89,0x25,0x89,0x25,0x89,0x25,0x89,0x25,0x89,0x25,
    0x89,0x25,0x89,0x25,0x89,0x25,0x89,0x25,0x89,0x25,0x89,0x25,0x89,0x25,0x89,0x25,
    0x89,0x25,0x89,0x25,0x89,0x25,0x89,0x25,0x89,0x25,0x89,0x25,0x89,0x25,0x89,0x25,
    0x89,0x25,0x89,0x25,0x89,0x25,0x89,0x25,0x89,0x25,0x89,0x25,0x89,0x25,0x89,0x25,
    0x89,0x25,0x89,0x25,0x89,0x25,0x89,0x25,0x89,0x25,0x89,0x25,0x89,0x25,0x89,0x25,
    0x89,0x25,0x89,0x25,0x89,0x25,0x89,0x25,0x89,0x25,0x89,0x25,0x89,0x25,0x89,0x25,
    0x89,0x25,0x89,0x25,0x89,0x25,0x89,0x25,0x89,0x25,0x89,0x25,0x89,0x25,0x89,0x25,
    0x89,0x25,0x89,0x25,0x89,0x25,0x89,0x25,0x89,0x25,0x89,0x25,0x89,0x25,0x89,0x25,
    0x89,0x25,0x89,0x25,0x89,0x25,0x89,0x25,0x89,0x25,0x89,0x25,0x89,0x25,0x89,0x25,
    0x89,0x25,0x89,0x25,0x89,0x25,0x89,0x25,0x89,0x25,0x89,0x25,0x89,0x25,0x89,0x25,
    0x89,0x25,0x89,0x25,0x89,0x25,0x89,0x25,0x89,0x25,0x89,0x25,0x89,0x25,0x89,0x25,
    0x89,0x25,0x89,0x25,0x89,0x25,0x89,0x25,0x89,0x25,0x89,0x25,0x89,0x25,0x89,0x25,
    0x89,0x25,0x89,0x25,0x89,0x25,0x89,0x25,0x89,0x25,0x89,0x25,0x89,0x25,0x89,0x25,
    0x89,0x25,0x89,0x25,0x89,0x25,0x89,0x25,0x89,0x25,0x89,0x25,0x89,0x25,0x89,0x25,
    0xCA,0x25,0x89,0x25,0x00,0x00,0x4A,0x05,0x00,0x00,0x00,0x00,0x00,0x00,0x00,0x00,
    0x4A,0x05,0x00,0x00,0xC7,0x1B,0xEA,0x25,0x89,0x25,0x89,0x25,0x89,0x25,0x89,0x25,
    0x89,0x25,0x89,0x25,0x89,0x25,0x89,0x25,0x89,0x25,0x89,0x25,0x89,0x25,0x89,0x25,
    0x89,0x25,0x89,0x25,0x89,0x25,0x89,0x25,0x89,0x25,0x89,0x25,0x89,0x25,0x89,0x25,
    0x89,0x25,0x89,0x25,0x89,0x25,0x89,0x25,0x89,0x25,0x89,0x25,0x89,0x25,0x89,0x25,
    0x89,0x25,0x89,0x25,0x89,0x25,0x89,0x25,0x89,0x25,0x89,0x25,0x89,0x25,0x89,0x25,
    0x89,0x25,0x89,0x25,0x89,0x25,0x89,0x25,0x89,0x25,0x89,0x25,0x89,0x25,0x89,0x25,
    0x89,0x25,0x89,0x25,0x89,0x25,0x89,0x25,0x89,0x25,0x89,0x25,0x89,0x25,0x89,0x25,
    0x89,0x25,0x89,0x25,0x89,0x25,0x89,0x25,0x89,0x25,0x89,0x25,0x89,0x25,0x89,0x25,
    0x89,0x25,0x89,0x25,0x89,0x25,0x89,0x25,0x89,0x25,0x89,0x25,0x89,0x25,0x89,0x25,
    0x89,0x25,0x89,0x25,0x89,0x25,0x89,0x25,0x89,0x25,0x89,0x25,0x89,0x25,0x89,0x25,
    0x89,0x25,0x89,0x25,0x89,0x25,0x89,0x25,0x89,0x25,0x89,0x25,0x89,0x25,0x89,0x25,
    0x89,0x25,0x89,0x25,0x89,0x25,0x89,0x25,0x89,0x25,0x89,0x25,0x89,0x25,0x89,0x25,
    0x89,0x25,0x89,0x25,0x89,0x25,0x89,0x25,0x89,0x25,0x89,0x25,0x89,0x25,0x89,0x25,
    0x89,0x25,0x89,0x25,0x89,0x25,0x89,0x25,0x89,0x25,0x89,0x25,0x89,0x25,0x89,0x25,
    0x89,0x25,0x89,0x25,0x89,0x25,0x89,0x25,0x89,0x25,0x89,0x25,0x89,0x25,0x89,0x25,
    0x89,0x25,0x89,0x25,0x89,0x25,0x89,0x25,0x89,0x25,0x89,0x25,0x89,0x25,0x89,0x25,
    0x89,0x25,0x89,0x25,0x89,0x25,0x89,0x25,0x89,0x25,0x89,0x25,0x89,0x25,0x89,0x25,
    0x89,0x25,0x89,0x25,0x89,0x25,0x89,0x25,0x89,0x25,0x89,0x25,0x89,0x25,0x89,0x25,
    0x89,0x25,0x89,0x25,0x89,0x25,0x89,0x25,0x89,0x25,0x89,0x25,0x89,0x25,0x89,0x25,
    0x89,0x25,0x89,0x25,0x89,0x25,0x89,0x25,0x89,0x25,0x89,0x25,0x89,0x25,0x89,0x25,
    0x89,0x25,0x89,0x25,0x89,0x25,0x89,0x25,0x89,0x25,0x89,0x25,0x89,0x25,0x89,0x25,
    0x89,0x25,0x89,0x25,0x89,0x25,0x89,0x25,0x89,0x25,0x89,0x25,0x89,0x25,0x89,0x25,
    0x89,0x25,0x89,0x25,0x89,0x25,0x89,0x25,0x89,0x25,0x89,0x25,0x89,0x25,0x89,0x25,
    0x89,0x25,0x89,0x25,0x89,0x25,0x89,0x25,0x89,0x25,0x89,0x25,0x89,0x25,0x89,0x25,
    0x89,0x25,0x89,0x25,0x89,0x25,0x89,0x25,0x89,0x25,0x89,0x25,0x89,0x25,0x89,0x25,
    0x89,0x25,0x89,0x25,0x89,0x25,0x89,0x25,0x89,0x25,0x89,0x25,0x89,0x25,0x89,0x25,
    0x89,0x25,0x89,0x25,0x89,0x25,0x89,0x25,0x89,0x25,0x89,0x25,0x89,0x25,0x89,0x25,
    0x89,0x25,0x89,0x25,0x89,0x25,0x89,0x25,0x89,0x25,0x89,0x25,0x89,0x25,0x89,0x25,
    0x89,0x25,0x89,0x25,0x89,0x25,0x89,0x25,0x89,0x25,0x89,0x25,0x89,0x25,0x89,0x25,
    0x89,0x25,0x89,0x25,0x89,0x25,0x89,0x25,0x89,0x25,0x89,0x25,0x89,0x25,0x89,0x25,
    0x89,0x25,0x89,0x25,0x89,0x25,0x89,0x25,0x89,0x25,0x89,0x25,0x89,0x25,0x89,0x25,
    0x89,0x25,0x89,0x25,0x89,0x25,0x89,0x25,0x89,0x25,0x89,0x25,0x89,0x25,0x89,0x25,
    0x89,0x25,0x89,0x25,0x89,0x25,0x89,0x25,0x89,0x25,0x89,0x25,0xCA,0x25,0x89,0x25,
    0x00,0x00,0x4A,0x05,0x00,0x00,0x00,0x00,0x00,0x00,0x00,0x00,0x4A,0x05,0x00,0x00,
    0xC7,0x1B,0xEA,0x25,0x89,0x25,0x89,0x25,0x89,0x25,0x89,0x25,0x89,0x25,0x89,0x25,
    0x89,0x25,0x89,0x25,0x89,0x25,0x89,0x25,0x89,0x25,0x89,0x25,0x89,0x25,0x89,0x25,
    0x89,0x25,0x89,0x25,0x89,0x25,0x89,0x25,0x89,0x25,0x89,0x25,0x89,0x25,0x89,0x25,
    0x89,0x25,0x89,0x25,0x89,0x25,0x89,0x25,0x89,0x25,0x89,0x25,0x89,0x25,0x89,0x25,
    0x89,0x25,0x89,0x25,0x89,0x25,0x89,0x25,0x89,0x25,0x89,0x25,0x89,0x25,0x89,0x25,
    0x89,0x25,0x89,0x25,0x89,0x25,0x89,0x25,0x89,0x25,0x89,0x25,0x89,0x25,0x89,0x25,
    0x89,0x25,0x89,0x25,0x89,0x25,0x89,0x25,0x89,0x25,0x89,0x25,0x89,0x25,0x89,0x25,
    0x89,0x25,0x89,0x25,0x89,0x25,0x89,0x25,0x89,0x25,0x89,0x25,0x89,0x25,0x89,0x25,
    0x89,0x25,0x89,0x25,0x89,0x25,0x89,0x25,0x89,0x25,0x89,0x25,0x89,0x25,0x89,0x25,
    0x89,0x25,0x89,0x25,0x89,0x25,0x89,0x25,0x89,0x25,0x89,0x25,0x89,0x25,0x89,0x25,
    0x89,0x25,0x89,0x25,0x89,0x25,0x89,0x25,0x89,0x25,0x89,0x25,0x89,0x25,0x89,0x25,
    0x89,0x25,0x89,0x25,0x89,0x25,0x89,0x25,0x89,0x25,0x89,0x25,0x89,0x25,0x89,0x25,
    0x89,0x25,0x89,0x25,0x89,0x25,0x89,0x25,0x89,0x25,0x89,0x25,0x89,0x25,0x89,0x25,
    0x89,0x25,0x89,0x25,0x89,0x25,0x89,0x25,0x89,0x25,0x89,0x25,0x89,0x25,0x89,0x25,
    0x89,0x25,0x89,0x25,0x89,0x25,0x89,0x25,0x89,0x25,0x89,0x25,0x89,0x25,0x89,0x25,
    0x89,0x25,0x89,0x25,0x89,0x25,0x89,0x25,0x89,0x25,0x89,0x25,0x89,0x25,0x89,0x25,
    0x89,0x25,0x89,0x25,0x89,0x25,0x89,0x25,0x89,0x25,0x89,0x25,0x89,0x25,0x89,0x25,
    0x89,0x25,0x89,0x25,0x89,0x25,0x89,0x25,0x89,0x25,0x89,0x25,0x89,0x25,0x89,0x25,
    0x89,0x25,0x89,0x25,0x89,0x25,0x89,0x25,0x89,0x25,0x89,0x25,0x89,0x25,0x89,0x25,
    0x89,0x25,0x89,0x25,0x89,0x25,0x89,0x25,0x89,0x25,0x89,0x25,0x89,0x25,0x89,0x25,
    0x89,0x25,0x89,0x25,0x89,0x25,0x89,0x25,0x89,0x25,0x89,0x25,0x89,0x25,0x89,0x25,
    0x89,0x25,0x89,0x25,0x89,0x25,0x89,0x25,0x89,0x25,0x89,0x25,0x89,0x25,0x89,0x25,
    0x89,0x25,0x89,0x25,0x89,0x25,0x89,0x25,0x89,0x25,0x89,0x25,0x89,0x25,0x89,0x25,
    0x89,0x25,0x89,0x25,0x89,0x25,0x89,0x25,0x89,0x25,0x89,0x25,0x89,0x25,0x89,0x25,
    0x89,0x25,0x89,0x25,0x89,0x25,0x89,0x25,0x89,0x25,0x89,0x25,0x89,0x25,0x89,0x25,
    0x89,0x25,0x89,0x25,0x89,0x25,0x89,0x25,0x89,0x25,0x89,0x25,0x89,0x25,0x89,0x25,
    0x89,0x25,0x89,0x25,0x89,0x25,0x89,0x25,0x89,0x25,0x89,0x25,0x89,0x25,0x89,0x25,
    0x89,0x25,0x89,0x25,0x89,0x25,0x89,0x25,0x89,0x25,0x89,0x25,0x89,0x25,0x89,0x25,
    0x89,0x25,0x89,0x25,0x89,0x25,0x89,0x25,0x89,0x25,0x89,0x25,0x89,0x25,0x89,0x25,
    0x89,0x25,0x89,0x25,0x89,0x25,0x89,0x25,0x89,0x25,0x89,0x25,0x89,0x25,0x89,0x25,
    0x89,0x25,0x89,0x25,0x89,0x25,0x89,0x25,0x89,0x25,0x89,0x25,0x89,0x25,0x89,0x25,
    0x89,0x25,0x89,0x25,0x89,0x25,0x89,0x25,0x89,0x25,0x89,0x25,0x89,0x25,0x89,0x25,
    0x89,0x25,0x89,0x25,0x89,0x25,0x89,0x25,0xCA,0x25,0x89,0x25,0x00,0x00,0x4A,0x05,
    0x00,0x00,0x00,0x00,0x00,0x00,0x00,0x00,0x4A,0x05,0x00,0x00,0xC7,0x1B,0xEA,0x25,
    0x89,0x25,0x89,0x25,0x89,0x25,0x89,0x25,0x89,0x25,0x89,0x25,0x89,0x25,0x89,0x25,
    0x89,0x25,0x89,0x25,0x89,0x25,0x89,0x25,0x89,0x25,0x89,0x25,0x89,0x25,0x89,0x25,
    0x89,0x25,0x89,0x25,0x89,0x25,0x89,0x25,0x89,0x25,0x89,0x25,0x89,0x25,0x89,0x25,
    0x89,0x25,0x89,0x25,0x89,0x25,0x89,0x25,0x89,0x25,0x89,0x25,0x89,0x25,0x89,0x25,
    0x89,0x25,0x89,0x25,0x89,0x25,0x89,0x25,0x89,0x25,0x89,0x25,0x89,0x25,0x89,0x25,
    0x89,0x25,0x89,0x25,0x89,0x25,0x89,0x25,0x89,0x25,0x89,0x25,0x89,0x25,0x89,0x25,
    0x89,0x25,0x89,0x25,0x89,0x25,0x89,0x25,0x89,0x25,0x89,0x25,0x89,0x25,0x89,0x25,
    0x89,0x25,0x89,0x25,0x89,0x25,0x89,0x25,0x89,0x25,0x89,0x25,0x89,0x25,0x89,0x25,
    0x89,0x25,0x89,0x25,0x89,0x25,0x89,0x25,0x89,0x25,0x89,0x25,0x89,0x25,0x89,0x25,
    0x89,0x25,0x89,0x25,0x89,0x25,0x89,0x25,0x89,0x25,0x89,0x25,0x89,0x25,0x89,0x25,
    0x89,0x25,0x89,0x25,0x89,0x25,0x89,0x25,0x89,0x25,0x89,0x25,0x89,0x25,0x89,0x25,
    0x89,0x25,0x89,0x25,0x89,0x25,0x89,0x25,0x89,0x25,0x89,0x25,0x89,0x25,0x89,0x25,
    0x89,0x25,0x89,0x25,0x89,0x25,0x89,0x25,0x89,0x25,0x89,0x25,0x89,0x25,0x89,0x25,
    0x89,0x25,0x89,0x25,0x89,0x25,0x89,0x25,0x89,0x25,0x89,0x25,0x89,0x25,0x89,0x25,
    0x89,0x25,0x89,0x25,0x89,0x25,0x89,0x25,0x89,0x25,0x89,0x25,0x89,0x25,0x89,0x25,
    0x89,0x25,0x89,0x25,0x89,0x25,0x89,0x25,0x89,0x25,0x89,0x25,0x89,0x25,0x89,0x25,
    0x89,0x25,0x89,0x25,0x89,0x25,0x89,0x25,0x89,0x25,0x89,0x25,0x89,0x25,0x89,0x25,
    0x89,0x25,0x89,0x25,0x89,0x25,0x89,0x25,0x89,0x25,0x89,0x25,0x89,0x25,0x89,0x25,
    0x89,0x25,0x89,0x25,0x89,0x25,0x89,0x25,0x89,0x25,0x89,0x25,0x89,0x25,0x89,0x25,
    0x89,0x25,0x89,0x25,0x89,0x25,0x89,0x25,0x89,0x25,0x89,0x25,0x89,0x25,0x89,0x25,
    0x89,0x25,0x89,0x25,0x89,0x25,0x89,0x25,0x89,0x25,0x89,0x25,0x89,0x25,0x89,0x25,
    0x89,0x25,0x89,0x25,0x89,0x25,0x89,0x25,0x89,0x25,0x89,0x25,0x89,0x25,0x89,0x25,
    0x89,0x25,0x89,0x25,0x89,0x25,0x89,0x25,0x89,0x25,0x89,0x25,0x89,0x25,0x89,0x25,
    0x89,0x25,0x89,0x25,0x89,0x25,0x89,0x25,0x89,0x25,0x89,0x25,0x89,0x25,0x89,0x25,
    0x89,0x25,0x89,0x25,0x89,0x25,0x89,0x25,0x89,0x25,0x89,0x25,0x89,0x25,0x89,0x25,
    0x89,0x25,0x89,0x25,0x89,0x25,0x89,0x25,0x89,0x25,0x89,0x25,0x89,0x25,0x89,0x25,
    0x89,0x25,0x89,0x25,0x89,0x25,0x89,0x25,0x89,0x25,0x89,0x25,0x89,0x25,0x89,0x25,
    0x89,0x25,0x89,0x25,0x89,0x25,0x89,0x25,0x89,0x25,0x89,0x25,0x89,0x25,0x89,0x25,
    0x89,0x25,0x89,0x25,0x89,0x25,0x89,0x25,0x89,0x25,0x89,0x25,0x89,0x25,0x89,0x25,
    0x89,0x25,0x89,0x25,0x89,0x25,0x89,0x25,0x89,0x25,0x89,0x25,0x89,0x25,0x89,0x25,
    0x89,0x25,0x89,0x25,0x89,0x25,0x89,0x25,0x89,0x25,0x89,0x25,0x89,0x25,0x89,0x25,
    0x89,0x25,0x89,0x25,0x89,0x25,0x89,0x25,0x89,0x25,0x89,0x25,0x89,0x25,0x89,0x25,
    0x89,0x25,0x89,0x25,0xCA,0x25,0x89,0x25,0x00,0x00,0x4A,0x05,0x00,0x00,0x00,0x00,
    0x00,0x00,0x00,0x00,0x4A,0x05,0x00,0x00,0xC7,0x1B,0xEA,0x25,0x89,0x25,0x89,0x25,
    0x89,0x25,0x89,0x25,0x89,0x25,0x89,0x25,0x89,0x25,0x89,0x25,0x89,0x25,0x89,0x25,
    0x89,0x25,0x89,0x25,0x89,0x25,0x89,0x25,0x89,0x25,0x89,0x25,0x89,0x25,0x89,0x25,
    0x89,0x25,0x89,0x25,0x89,0x25,0x89,0x25,0x89,0x25,0x89,0x25,0x89,0x25,0x89,0x25,
    0x89,0x25,0x89,0x25,0x89,0x25,0x89,0x25,0x89,0x25,0x89,0x25,0x89,0x25,0x89,0x25,
    0x89,0x25,0x89,0x25,0x89,0x25,0x89,0x25,0x89,0x25,0x89,0x25,0x89,0x25,0x89,0x25,
    0x89,0x25,0x89,0x25,0x89,0x25,0x89,0x25,0x89,0x25,0x89,0x25,0x89,0x25,0x89,0x25,
    0x89,0x25,0x89,0x25,0x89,0x25,0x89,0x25,0x89,0x25,0x89,0x25,0x89,0x25,0x89,0x25,
    0x89,0x25,0x89,0x25,0x89,0x25,0x89,0x25,0x89,0x25,0x89,0x25,0x89,0x25,0x89,0x25,
    0x89,0x25,0x89,0x25,0x89,0x25,0x89,0x25,0x89,0x25,0x89,0x25,0x89,0x25,0x89,0x25,
    0x89,0x25,0x89,0x25,0x89,0x25,0x89,0x25,0x89,0x25,0x89,0x25,0x89,0x25,0x89,0x25,
    0x89,0x25,0x89,0x25,0x89,0x25,0x89,0x25,0x89,0x25,0x89,0x25,0x89,0x25,0x89,0x25,
    0x89,0x25,0x89,0x25,0x89,0x25,0x89,0x25,0x89,0x25,0x89,0x25,0x89,0x25,0x89,0x25,
    0x89,0x25,0x89,0x25,0x89,0x25,0x89,0x25,0x89,0x25,0x89,0x25,0x89,0x25,0x89,0x25,
    0x89,0x25,0x89,0x25,0x89,0x25,0x89,0x25,0x89,0x25,0x89,0x25,0x89,0x25,0x89,0x25,
    0x89,0x25,0x89,0x25,0x89,0x25,0x89,0x25,0x89,0x25,0x89,0x25,0x89,0x25,0x89,0x25,
    0x89,0x25,0x89,0x25,0x89,0x25,0x89,0x25,0x89,0x25,0x89,0x25,0x89,0x25,0x89,0x25,
    0x89,0x25,0x89,0x25,0x89,0x25,0x89,0x25,0x89,0x25,0x89,0x25,0x89,0x25,0x89,0x25,
    0x89,0x25,0x89,0x25,0x89,0x25,0x89,0x25,0x89,0x25,0x89,0x25,0x89,0x25,0x89,0x25,
    0x89,0x25,0x89,0x25,0x89,0x25,0x89,0x25,0x89,0x25,0x89,0x25,0x89,0x25,0x89,0x25,
    0x89,0x25,0x89,0x25,0x89,0x25,0x89,0x25,0x89,0x25,0x89,0x25,0x89,0x25,0x89,0x25,
    0x89,0x25,0x89,0x25,0x89,0x25,0x89,0x25,0x89,0x25,0x89,0x25,0x89,0x25,0x89,0x25,
    0x89,0x25,0x89,0x25,0x89,0x25,0x89,0x25,0x89,0x25,0x89,0x25,0x89,0x25,0x89,0x25,
    0x89,0x25,0x89,0x25,0x89,0x25,0x89,0x25,0x89,0x25,0x89,0x25,0x89,0x25,0x89,0x25,
    0x89,0x25,0x89,0x25,0x89,0x25,0x89,0x25,0x89,0x25,0x89,0x25,0x89,0x25,0x89,0x25,
    0x89,0x25,0x89,0x25,0x89,0x25,0x89,0x25,0x89,0x25,0x89,0x25,0x89,0x25,0x89,0x25,
    0x89,0x25,0x89,0x25,0x89,0x25,0x89,0x25,0x89,0x25,0x89,0x25,0x89,0x25,0x89,0x25,
    0x89,0x25,0x89,0x25,0x89,0x25,0x89,0x25,0x89,0x25,0x89,0x25,0x89,0x25,0x89,0x25,
    0x89,0x25,0x89,0x25,0x89,0x25,0x89,0x25,0x89,0x25,0x89,0x25,0x89,0x25,0x89,0x25,
    0x89,0x25,0x89,0x25,0x89,0x25,0x89,0x25,0x89,0x25,0x89,0x25,0x89,0x25,0x89,0x25,
    0x89,0x25,0x89,0x25,0x89,0x25,0x89,0x25,0x89,0x25,0x89,0x25,0x89,0x25,0x89,0x25,
    0x89,0x25,0x89,0x25,0x89,0x25,0x89,0x25,0x89,0x25,0x89,0x25,0x89,0x25,0x89,0x25,
    0x89,0x25,0x89,0x25,0x89,0x25,0x89,0x25,0x89,0x25,0x89,0x25,0x89,0x25,0x89,0x25,
    0xCA,0x25,0x89,0x25,0x00,0x00,0x4A,0x05,0x00,0x00,0x00,0x00,0x00,0x00,0x00,0x00,
    0x4A,0x05,0x00,0x00,0xC7,0x1B,0xEA,0x25,0x89,0x25,0x89,0x25,0x89,0x25,0x89,0x25,
    0x89,0x25,0x89,0x25,0x89,0x25,0x89,0x25,0x89,0x25,0x89,0x25,0x89,0x25,0x89,0x25,
    0x89,0x25,0x89,0x25,0x89,0x25,0x89,0x25,0x89,0x25,0x89,0x25,0x89,0x25,0x89,0x25,
    0x89,0x25,0x89,0x25,0x89,0x25,0x89,0x25,0x89,0x25,0x89,0x25,0x89,0x25,0x89,0x25,
    0x89,0x25,0x89,0x25,0x89,0x25,0x89,0x25,0x89,0x25,0x89,0x25,0x89,0x25,0x89,0x25,
    0x89,0x25,0x89,0x25,0x89,0x25,0x89,0x25,0x89,0x25,0x89,0x25,0x89,0x25,0x89,0x25,
    0x89,0x25,0x89,0x25,0x89,0x25,0x89,0x25,0x89,0x25,0x89,0x25,0x89,0x25,0x89,0x25,
    0x89,0x25,0x89,0x25,0x89,0x25,0x89,0x25,0x89,0x25,0x89,0x25,0x89,0x25,0x89,0x25,
    0x89,0x25,0x89,0x25,0x89,0x25,0x89,0x25,0x89,0x25,0x89,0x25,0x89,0x25,0x89,0x25,
    0x89,0x25,0x89,0x25,0x89,0x25,0x89,0x25,0x89,0x25,0x89,0x25,0x89,0x25,0x89,0x25,
    0x89,0x25,0x89,0x25,0x89,0x25,0x89,0x25,0x89,0x25,0x89,0x25,0x89,0x25,0x89,0x25,
    0x89,0x25,0x89,0x25,0x89,0x25,0x89,0x25,0x89,0x25,0x89,0x25,0x89,0x25,0x89,0x25,
    0x89,0x25,0x89,0x25,0x89,0x25,0x89,0x25,0x89,0x25,0x89,0x25,0x89,0x25,0x89,0x25,
    0x89,0x25,0x89,0x25,0x89,0x25,0x89,0x25,0x89,0x25,0x89,0x25,0x89,0x25,0x89,0x25,
    0x89,0x25,0x89,0x25,0x89,0x25,0x89,0x25,0x89,0x25,0x89,0x25,0x89,0x25,0x89,0x25,
    0x89,0x25,0x89,0x25,0x89,0x25,0x89,0x25,0x89,0x25,0x89,0x25,0x89,0x25,0x89,0x25,
    0x89,0x25,0x89,0x25,0x89,0x25,0x89,0x25,0x89,0x25,0x89,0x25,0x89,0x25,0x89,0x25,
    0x89,0x25,0x89,0x25,0x89,0x25,0x89,0x25,0x89,0x25,0x89,0x25,0x89,0x25,0x89,0x25,
    0x89,0x25,0x89,0x25,0x89,0x25,0x89,0x25,0x89,0x25,0x89,0x25,0x89,0x25,0x89,0x25,
    0x89,0x25,0x89,0x25,0x89,0x25,0x89,0x25,0x89,0x25,0x89,0x25,0x89,0x25,0x89,0x25,
    0x89,0x25,0x89,0x25,0x89,0x25,0x89,0x25,0x89,0x25,0x89,0x25,0x89,0x25,0x89,0x25,
    0x89,0x25,0x89,0x25,0x89,0x25,0x89,0x25,0x89,0x25,0x89,0x25,0x89,0x25,0x89,0x25,
    0x89,0x25,0x89,0x25,0x89,0x25,0x89,0x25,0x89,0x25,0x89,0x25,0x89,0x25,0x89,0x25,
    0x89,0x25,0x89,0x25,0x89,0x25,0x89,0x25,0x89,0x25,0x89,0x25,0x89,0x25,0x89,0x25,
    0x89,0x25,0x89,0x25,0x89,0x25,0x89,0x25,0x89,0x25,0x89,0x25,0x89,0x25,0x89,0x25,
    0x89,0x25,0x89,0x25,0x89,0x25,0x89,0x25,0x89,0x25,0x89,0x25,0x89,0x25,0x89,0x25,
    0x89,0x25,0x89,0x25,0x89,0x25,0x89,0x25,0x89,0x25,0x89,0x25,0x89,0x25,0x89,0x25,
    0x89,0x25,0x89,0x25,0x89,0x25,0x89,0x25,0x89,0x25,0x89,0x25,0x89,0x25,0x89,0x25,
    0x89,0x25,0x89,0x25,0x89,0x25,0x89,0x25,0x89,0x25,0x89,0x25,0x89,0x25,0x89,0x25,
    0x89,0x25,0x89,0x25,0x89,0x25,0x89,0x25,0x89,0x25,0x89,0x25,0x89,0x25,0x89,0x25,
    0x89,0x25,0x89,0x25,0x89,0x25,0x89,0x25,0x89,0x25,0x89,0x25,0x89,0x25,0x89,0x25,
    0x89,0x25,0x89,0x25,0x89,0x25,0x89,0x25,0x89,0x25,0x89,0x25,0x89,0x25,0x89,0x25,
    0x89,0x25,0x89,0x25,0x89,0x25,0x89,0x25,0x89,0x25,0x89,0x25,0xCA,0x25,0x89,0x25,
    0x00,0x00,0x4A,0x05,0x00,0x00,0x00,0x00,0x00,0x00,0x00,0x00,0x4A,0x05,0x00,0x00,
    0xC7,0x1B,0xEA,0x25,0x89,0x25,0x89,0x25,0x89,0x25,0x89,0x25,0x89,0x25,0x89,0x25,
    0x89,0x25,0x89,0x25,0x89,0x25,0x89,0x25,0x89,0x25,0x89,0x25,0x89,0x25,0x89,0x25,
    0x89,0x25,0x89,0x25,0x89,0x25,0x89,0x25,0x89,0x25,0x89,0x25,0x89,0x25,0x89,0x25,
    0x89,0x25,0x89,0x25,0x89,0x25,0x89,0x25,0x89,0x25,0x89,0x25,0x89,0x25,0x89,0x25,
    0x89,0x25,0x89,0x25,0x89,0x25,0x89,0x25,0x89,0x25,0x89,0x25,0x89,0x25,0x89,0x25,
    0x89,0x25,0x89,0x25,0x89,0x25,0x89,0x25,0x89,0x25,0x89,0x25,0x89,0x25,0x89,0x25,
    0x89,0x25,0x89,0x25,0x89,0x25,0x89,0x25,0x89,0x25,0x89,0x25,0x89,0x25,0x89,0x25,
    0x89,0x25,0x89,0x25,0x89,0x25,0x89,0x25,0x89,0x25,0x89,0x25,0x89,0x25,0x89,0x25,
    0x89,0x25,0x89,0x25,0x89,0x25,0x89,0x25,0x89,0x25,0x89,0x25,0x89,0x25,0x89,0x25,
    0x89,0x25,0x89,0x25,0x89,0x25,0x89,0x25,0x89,0x25,0x89,0x25,0x89,0x25,0x89,0x25,
    0x89,0x25,0x89,0x25,0x89,0x25,0x89,0x25,0x89,0x25,0x89,0x25,0x89,0x25,0x89,0x25,
    0x89,0x25,0x89,0x25,0x89,0x25,0x89,0x25,0x89,0x25,0x89,0x25,0x89,0x25,0x89,0x25,
    0x89,0x25,0x89,0x25,0x89,0x25,0x89,0x25,0x89,0x25,0x89,0x25,0x89,0x25,0x89,0x25,
    0x89,0x25,0x89,0x25,0x89,0x25,0x89,0x25,0x89,0x25,0x89,0x25,0x89,0x25,0x89,0x25,
    0x89,0x25,0x89,0x25,0x89,0x25,0x89,0x25,0x89,0x25,0x89,0x25,0x89,0x25,0x89,0x25,
    0x89,0x25,0x89,0x25,0x89,0x25,0x89,0x25,0x89,0x25,0x89,0x25,0x89,0x25,0x89,0x25,
    0x89,0x25,0x89,0x25,0x89,0x25,0x89,0x25,0x89,0x25,0x89,0x25,0x89,0x25,0x89,0x25,
    0x89,0x25,0x89,0x25,0x89,0x25,0x89,0x25,0x89,0x25,0x89,0x25,0x89,0x25,0x89,0x25,
    0x89,0x25,0x89,0x25,0x89,0x25,0x89,0x25,0x89,0x25,0x89,0x25,0x89,0x25,0x89,0x25,
    0x89,0x25,0x89,0x25,0x89,0x25,0x89,0x25,0x89,0x25,0x89,0x25,0x89,0x25,0x89,0x25,
    0x89,0x25,0x89,0x25,0x89,0x25,0x89,0x25,0x89,0x25,0x89,0x25,0x89,0x25,0x89,0x25,
    0x89,0x25,0x89,0x25,0x89,0x25,0x89,0x25,0x89,0x25,0x89,0x25,0x89,0x25,0x89,0x25,
    0x89,0x25,0x89,0x25,0x89,0x25,0x89,0x25,0x89,0x25,0x89,0x25,0x89,0x25,0x89,0x25,
    0x89,0x25,0x89,0x25,0x89,0x25,0x89,0x25,0x89,0x25,0x89,0x25,0x89,0x25,0x89,0x25,
    0x89,0x25,0x89,0x25,0x89,0x25,0x89,0x25,0x89,0x25,0x89,0x25,0x89,0x25,0x89,0x25,
    0x89,0x25,0x89,0x25,0x89,0x25,0x89,0x25,0x89,0x25,0x89,0x25,0x89,0x25,0x89,0x25,
    0x89,0x25,0x89,0x25,0x89,0x25,0x89,0x25,0x89,0x25,0x89,0x25,0x89,0x25,0x89,0x25,
    0x89,0x25,0x89,0x25,0x89,0x25,0x89,0x25,0x89,0x25,0x89,0x25,0x89,0x25,0x89,0x25,
    0x89,0x25,0x89,0x25,0x89,0x25,0x89,0x25,0x89,0x25,0x89,0x25,0x89,0x25,0x89,0x25,
    0x89,0x25,0x89,0x25,0x89,0x25,0x89,0x25,0x89,0x25,0x89,0x25,0x89,0x25,0x89,0x25,
    0x89,0x25,0x89,0x25,0x89,0x25,0x89,0x25,0x89,0x25,0x89,0x25,0x89,0x25,0x89,0x25,
    0x89,0x25,0x89,0x25,0x89,0x25,0x89,0x25,0x89,0x25,0x89,0x25,0x89,0x25,0x89,0x25,
    0x89,0x25,0x89,0x25,0x89,0x25,0x89,0x25,0xCA,0x25,0x89,0x25,0x00,0x00,0x4A,0x05,
    0x00,0x00,0x00,0x00,0x00,0x00,0x00,0x00,0x4A,0x05,0x00,0x00,0xC7,0x1B,0xEA,0x25,
    0x89,0x25,0x89,0x25,0x89,0x25,0x89,0x25,0x89,0x25,0x89,0x25,0x89,0x25,0x89,0x25,
    0x89,0x25,0x89,0x25,0x89,0x25,0x89,0x25,0x89,0x25,0x89,0x25,0x89,0x25,0x89,0x25,
    0x89,0x25,0x89,0x25,0x89,0x25,0x89,0x25,0x89,0x25,0x89,0x25,0x89,0x25,0x89,0x25,
    0x89,0x25,0x89,0x25,0x89,0x25,0x89,0x25,0x89,0x25,0x89,0x25,0x89,0x25,0x89,0x25,
    0x89,0x25,0x89,0x25,0x89,0x25,0x89,0x25,0x89,0x25,0x89,0x25,0x89,0x25,0x89,0x25,
    0x89,0x25,0x89,0x25,0x89,0x25,0x89,0x25,0x89,0x25,0x89,0x25,0x89,0x25,0x89,0x25,
    0x89,0x25,0x89,0x25,0x89,0x25,0x89,0x25,0x89,0x25,0x89,0x25,0x89,0x25,0x89,0x25,
    0x89,0x25,0x89,0x25,0x89,0x25,0x89,0x25,0x89,0x25,0x89,0x25,0x89,0x25,0x89,0x25,
    0x89,0x25,0x89,0x25,0x89,0x25,0x89,0x25,0x89,0x25,0x89,0x25,0x89,0x25,0x89,0x25,
    0x89,0x25,0x89,0x25,0x89,0x25,0x89,0x25,0x89,0x25,0x89,0x25,0x89,0x25,0x89,0x25,
    0x89,0x25,0x89,0x25,0x89,0x25,0x89,0x25,0x89,0x25,0x89,0x25,0x89,0x25,0x89,0x25,
    0x89,0x25,0x89,0x25,0x89,0x25,0x89,0x25,0x89,0x25,0x89,0x25,0x89,0x25,0x89,0x25,
    0x89,0x25,0x89,0x25,0x89,0x25,0x89,0x25,0x89,0x25,0x89,0x25,0x89,0x25,0x89,0x25,
    0x89,0x25,0x89,0x25,0x89,0x25,0x89,0x25,0x89,0x25,0x89,0x25,0x89,0x25,0x89,0x25,
    0x89,0x25,0x89,0x25,0x89,0x25,0x89,0x25,0x89,0x25,0x89,0x25,0x89,0x25,0x89,0x25,
    0x89,0x25,0x89,0x25,0x89,0x25,0x89,0x25,0x89,0x25,0x89,0x25,0x89,0x25,0x89,0x25,
    0x89,0x25,0x89,0x25,0x89,0x25,0x89,0x25,0x89,0x25,0x89,0x25,0x89,0x25,0x89,0x25,
    0x89,0x25,0x89,0x25,0x89,0x25,0x89,0x25,0x89,0x25,0x89,0x25,0x89,0x25,0x89,0x25,
    0x89,0x25,0x89,0x25,0x89,0x25,0x89,0x25,0x89,0x25,0x89,0x25,0x89,0x25,0x89,0x25,
    0x89,0x25,0x89,0x25,0x89,0x25,0x89,0x25,0x89,0x25,0x89,0x25,0x89,0x25,0x89,0x25,
    0x89,0x25,0x89,0x25,0x89,0x25,0x89,0x25,0x89,0x25,0x89,0x25,0x89,0x25,0x89,0x25,
    0x89,0x25,0x89,0x25,0x89,0x25,0x89,0x25,0x89,0x25,0x89,0x25,0x89,0x25,0x89,0x25,
    0x89,0x25,0x89,0x25,0x89,0x25,0x89,0x25,0x89,0x25,0x89,0x25,0x89,0x25,0x89,0x25,
    0x89,0x25,0x89,0x25,0x89,0x25,0x89,0x25,0x89,0x25,0x89,0x25,0x89,0x25,0x89,0x25,
    0x89,0x25,0x89,0x25,0x89,0x25,0x89,0x25,0x89,0x25,0x89,0x25,0x89,0x25,0x89,0x25,
    0x89,0x25,0x89,0x25,0x89,0x25,0x89,0x25,0x89,0x25,0x89,0x25,0x89,0x25,0x89,0x25,
    0x89,0x25,0x89,0x25,0x89,0x25,0x89,0x25,0x89,0x25,0x89,0x25,0x89,0x25,0x89,0x25,
    0x89,0x25,0x89,0x25,0x89,0x25,0x89,0x25,0x89,0x25,0x89,0x25,0x89,0x25,0x89,0x25,
    0x89,0x25,0x89,0x25,0x89,0x25,0x89,0x25,0x89,0x25,0x89,0x25,0x89,0x25,0x89,0x25,
    0x89,0x25,0x89,0x25,0x89,0x25,0x89,0x25,0x89,0x25,0x89,0x25,0x89,0x25,0x89,0x25,
    0x89,0x25,0x89,0x25,0x89,0x25,0x89,0x25,0x89,0x25,0x89,0x25,0x89,0x25,0x89,0x25,
    0x89,0x25,0x89,0x25,0x89,0x25,0x89,0x25,0x89,0x25,0x89,0x25,0x89,0x25,0x89,0x25,
    0x89,0x25,0x89,0x25,0xCA,0x25,0x89,0x25,0x00,0x00,0x4A,0x05,0x00,0x00,0x00,0x00,
    0x00,0x00,0x00,0x00,0x4A,0x05,0x00,0x00,0xC7,0x1B,0xEA,0x25,0x89,0x25,0x89,0x25,
    0x89,0x25,0x89,0x25,0x89,0x25,0x89,0x25,0x89,0x25,0x89,0x25,0x89,0x25,0x89,0x25,
    0x89,0x25,0x89,0x25,0x89,0x25,0x89,0x25,0x89,0x25,0x89,0x25,0x89,0x25,0x89,0x25,
    0x89,0x25,0x89,0x25,0x89,0x25,0x89,0x25,0x89,0x25,0x89,0x25,0x89,0x25,0x89,0x25,
    0x89,0x25,0x89,0x25,0x89,0x25,0x89,0x25,0x89,0x25,0x89,0x25,0x89,0x25,0x89,0x25,
    0x89,0x25,0x89,0x25,0x89,0x25,0x89,0x25,0x89,0x25,0x89,0x25,0x89,0x25,0x89,0x25,
    0x89,0x25,0x89,0x25,0x89,0x25,0x89,0x25,0x89,0x25,0x89,0x25,0x89,0x25,0x89,0x25,
    0x89,0x25,0x89,0x25,0x89,0x25,0x89,0x25,0x89,0x25,0x89,0x25,0x89,0x25,0x89,0x25,
    0x89,0x25,0x89,0x25,0x89,0x25,0x89,0x25,0x89,0x25,0x89,0x25,0x89,0x25,0x89,0x25,
    0x89,0x25,0x89,0x25,0x89,0x25,0x89,0x25,0x89,0x25,0x89,0x25,0x89,0x25,0x89,0x25,
    0x89,0x25,0x89,0x25,0x89,0x25,0x89,0x25,0x89,0x25,0x89,0x25,0x89,0x25,0x89,0x25,
    0x89,0x25,0x89,0x25,0x89,0x25,0x89,0x25,0x89,0x25,0x89,0x25,0x89,0x25,0x89,0x25,
    0x89,0x25,0x89,0x25,0x89,0x25,0x89,0x25,0x89,0x25,0x89,0x25,0x89,0x25,0x89,0x25,
    0x89,0x25,0x89,0x25,0x89,0x25,0x89,0x25,0x89,0x25,0x89,0x25,0x89,0x25,0x89,0x25,
    0x89,0x25,0x89,0x25,0x89,0x25,0x89,0x25,0x89,0x25,0x89,0x25,0x89,0x25,0x89,0x25,
    0x89,0x25,0x89,0x25,0x89,0x25,0x89,0x25,0x89,0x25,0x89,0x25,0x89,0x25,0x89,0x25,
    0x89,0x25,0x89,0x25,0x89,0x25,0x89,0x25,0x89,0x25,0x89,0x25,0x89,0x25,0x89,0x25,
    0x89,0x25,0x89,0x25,0x89,0x25,0x89,0x25,0x89,0x25,0x89,0x25,0x89,0x25,0x89,0x25,
    0x89,0x25,0x89,0x25,0x89,0x25,0x89,0x25,0x89,0x25,0x89,0x25,0x89,0x25,0x89,0x25,
    0x89,0x25,0x89,0x25,0x89,0x25,0x89,0x25,0x89,0x25,0x89,0x25,0x89,0x25,0x89,0x25,
    0x89,0x25,0x89,0x25,0x89,0x25,0x89,0x25,0x89,0x25,0x89,0x25,0x89,0x25,0x89,0x25,
    0x89,0x25,0x89,0x25,0x89,0x25,0x89,0x25,0x89,0x25,0x89,0x25,0x89,0x25,0x89,0x25,
    0x89,0x25,0x89,0x25,0x89,0x25,0x89,0x25,0x89,0x25,0x89,0x25,0x89,0x25,0x89,0x25,
    0x89,0x25,0x89,0x25,0x89,0x25,0x89,0x25,0x89,0x25,0x89,0x25,0x89,0x25,0x89,0x25,
    0x89,0x25,0x89,0x25,0x89,0x25,0x89,0x25,0x89,0x25,0x89,0x25,0x89,0x25,0x89,0x25,
    0x89,0x25,0x89,0x25,0x89,0x25,0x89,0x25,0x89,0x25,0x89,0x25,0x89,0x25,0x89,0x25,
    0x89,0x25,0x89,0x25,0x89,0x25,0x89,0x25,0x89,0x25,0x89,0x25,0x89,0x25,0x89,0x25,
    0x89,0x25,0x89,0x25,0x89,0x25,0x89,0x25,0x89,0x25,0x89,0x25,0x89,0x25,0x89,0x25,
    0x89,0x25,0x89,0x25,0x89,0x25,0x89,0x25,0x89,0x25,0x89,0x25,0x89,0x25,0x89,0x25,
    0x89,0x25,0x89,0x25,0x89,0x25,0x89,0x25,0x89,0x25,0x89,0x25,0x89,0x25,0x89,0x25,
    0x89,0x25,0x89,0x25,0x89,0x25,0x89,0x25,0x89,0x25,0x89,0x25,0x89,0x25,0x89,0x25,
    0x89,0x25,0x89,0x25,0x89,0x25,0x89,0x25,0x89,0x25,0x89,0x25,0x89,0x25,0x89,0x25,
    0x89,0x25,0x89,0x25,0x89,0x25,0x89,0x25,0x89,0x25,0x89,0x25,0x89,0x25,0x89,0x25,
    0xCA,0x25,0x89,0x25,0x00,0x00,0x4A,0x05,0x00,0x00,0x00,0x00,0x00,0x00,0x00,0x00,
    0x4A,0x05,0x00,0x00,0xC7,0x1B,0xEA,0x25,0x89,0x25,0x89,0x25,0x89,0x25,0x89,0x25,
    0x89,0x25,0x89,0x25,0x89,0x25,0x89,0x25,0x89,0x25,0x89,0x25,0x89,0x25,0x89,0x25,
    0x89,0x25,0x89,0x25,0x89,0x25,0x89,0x25,0x89,0x25,0x89,0x25,0x89,0x25,0x89,0x25,
    0x89,0x25,0x89,0x25,0x89,0x25,0x89,0x25,0x89,0x25,0x89,0x25,0x89,0x25,0x89,0x25,
    0x89,0x25,0x89,0x25,0x89,0x25,0x89,0x25,0x89,0x25,0x89,0x25,0x89,0x25,0x89,0x25,
    0x89,0x25,0x89,0x25,0x89,0x25,0x89,0x25,0x89,0x25,0x89,0x25,0x89,0x25,0x89,0x25,
    0x89,0x25,0x89,0x25,0x89,0x25,0x89,0x25,0x89,0x25,0x89,0x25,0x89,0x25,0x89,0x25,
    0x89,0x25,0x89,0x25,0x89,0x25,0x89,0x25,0x89,0x25,0x89,0x25,0x89,0x25,0x89,0x25,
    0x89,0x25,0x89,0x25,0x89,0x25,0x89,0x25,0x89,0x25,0x89,0x25,0x89,0x25,0x89,0x25,
    0x89,0x25,0x89,0x25,0x89,0x25,0x89,0x25,0x89,0x25,0x89,0x25,0x89,0x25,0x89,0x25,
    0x89,0x25,0x89,0x25,0x89,0x25,0x89,0x25,0x89,0x25,0x89,0x25,0x89,0x25,0x89,0x25,
    0x89,0x25,0x89,0x25,0x89,0x25,0x89,0x25,0x89,0x25,0x89,0x25,0x89,0x25,0x89,0x25,
    0x89,0x25,0x89,0x25,0x89,0x25,0x89,0x25,0x89,0x25,0x89,0x25,0x89,0x25,0x89,0x25,
    0x89,0x25,0x89,0x25,0x89,0x25,0x89,0x25,0x89,0x25,0x89,0x25,0x89,0x25,0x89,0x25,
    0x89,0x25,0x89,0x25,0x89,0x25,0x89,0x25,0x89,0x25,0x89,0x25,0x89,0x25,0x89,0x25,
    0x89,0x25,0x89,0x25,0x89,0x25,0x89,0x25,0x89,0x25,0x89,0x25,0x89,0x25,0x89,0x25,
    0x89,0x25,0x89,0x25,0x89,0x25,0x89,0x25,0x89,0x25,0x89,0x25,0x89,0x25,0x89,0x25,
    0x89,0x25,0x89,0x25,0x89,0x25,0x89,0x25,0x89,0x25,0x89,0x25,0x89,0x25,0x89,0x25,
    0x89,0x25,0x89,0x25,0x89,0x25,0x89,0x25,0x89,0x25,0x89,0x25,0x89,0x25,0x89,0x25,
    0x89,0x25,0x89,0x25,0x89,0x25,0x89,0x25,0x89,0x25,0x89,0x25,0x89,0x25,0x89,0x25,
    0x89,0x25,0x89,0x25,0x89,0x25,0x89,0x25,0x89,0x25,0x89,0x25,0x89,0x25,0x89,0x25,
    0x89,0x25,0x89,0x25,0x89,0x25,0x89,0x25,0x89,0x25,0x89,0x25,0x89,0x25,0x89,0x25,
    0x89,0x25,0x89,0x25,0x89,0x25,0x89,0x25,0x89,0x25,0x89,0x25,0x89,0x25,0x89,0x25,
    0x89,0x25,0x89,0x25,0x89,0x25,0x89,0x25,0x89,0x25,0x89,0x25,0x89,0x25,0x89,0x25,
    0x89,0x25,0x89,0x25,0x89,0x25,0x89,0x25,0x89,0x25,0x89,0x25,0x89,0x25,0x89,0x25,
    0x89,0x25,0x89,0x25,0x89,0x25,0x89,0x25,0x89,0x25,0x89,0x25,0x89,0x25,0x89,0x25,
    0x89,0x25,0x89,0x25,0x89,0x25,0x89,0x25,0x89,0x25,0x89,0x25,0x89,0x25,0x89,0x25,
    0x89,0x25,0x89,0x25,0x89,0x25,0x89,0x25,0x89,0x25,0x89,0x25,0x89,0x25,0x89,0x25,
    0x89,0x25,0x89,0x25,0x89,0x25,0x89,0x25,0x89,0x25,0x89,0x25,0x89,0x25,0x89,0x25,
    0x89,0x25,0x89,0x25,0x89,0x25,0x89,0x25,0x89,0x25,0x89,0x25,0x89,0x25,0x89,0x25,
    0x89,0x25,0x89,0x25,0x89,0x25,0x89,0x25,0x89,0x25,0x89,0x25,0x89,0x25,0x89,0x25,
    0x89,0x25,0x89,0x25,0x89,0x25,0x89,0x25,0x89,0x25,0x89,0x25,0x89,0x25,0x89,0x25,
    0x89,0x25,0x89,0x25,0x89,0x25,0x89,0x25,0x89,0x25,0x89,0x25,0xCA,0x25,0x89,0x25,
    0x00,0x00,0x4A,0x05,0x00,0x00,0x00,0x00,0x00,0x00,0x00,0x00,0x4A,0x05,0x00,0x00,
    0xC7,0x1B,0xEA,0x25,0x89,0x25,0x89,0x25,0x89,0x25,0x89,0x25,0x89,0x25,0x89,0x25,
    0x89,0x25,0x89,0x25,0x89,0x25,0x89,0x25,0x89,0x25,0x89,0x25,0x89,0x25,0x89,0x25,
    0x89,0x25,0x89,0x25,0x89,0x25,0x89,0x25,0x89,0x25,0x89,0x25,0x89,0x25,0x89,0x25,
    0x89,0x25,0x89,0x25,0x89,0x25,0x89,0x25,0x89,0x25,0x89,0x25,0x89,0x25,0x89,0x25,
    0x89,0x25,0x89,0x25,0x89,0x25,0x89,0x25,0x89,0x25,0x89,0x25,0x89,0x25,0x89,0x25,
    0x89,0x25,0x89,0x25,0x89,0x25,0x89,0x25,0x89,0x25,0x89,0x25,0x89,0x25,0x89,0x25,
    0x89,0x25,0x89,0x25,0x89,0x25,0x89,0x25,0x89,0x25,0x89,0x25,0x89,0x25,0x89,0x25,
    0x89,0x25,0x89,0x25,0x89,0x25,0x89,0x25,0x89,0x25,0x89,0x25,0x89,0x25,0x89,0x25,
    0x89,0x25,0x89,0x25,0x89,0x25,0x89,0x25,0x89,0x25,0x89,0x25,0x89,0x25,0x89,0x25,
    0x89,0x25,0x89,0x25,0x89,0x25,0x89,0x25,0x89,0x25,0x89,0x25,0x89,0x25,0x89,0x25,
    0x89,0x25,0x89,0x25,0x89,0x25,0x89,0x25,0x89,0x25,0x89,0x25,0x89,0x25,0x89,0x25,
    0x89,0x25,0x89,0x25,0x89,0x25,0x89,0x25,0x89,0x25,0x89,0x25,0x89,0x25,0x89,0x25,
    0x89,0x25,0x89,0x25,0x89,0x25,0x89,0x25,0x89,0x25,0x89,0x25,0x89,0x25,0x89,0x25,
    0x89,0x25,0x89,0x25,0x89,0x25,0x89,0x25,0x89,0x25,0x89,0x25,0x89,0x25,0x89,0x25,
    0x89,0x25,0x89,0x25,0x89,0x25,0x89,0x25,0x89,0x25,0x89,0x25,0x89,0x25,0x89,0x25,
    0x89,0x25,0x89,0x25,0x89,0x25,0x89,0x25,0x89,0x25,0x89,0x25,0x89,0x25,0x89,0x25,
    0x89,0x25,0x89,0x25,0x89,0x25,0x89,0x25,0x89,0x25,0x89,0x25,0x89,0x25,0x89,0x25,
    0x89,0x25,0x89,0x25,0x89,0x25,0x89,0x25,0x89,0x25,0x89,0x25,0x89,0x25,0x89,0x25,
    0x89,0x25,0x89,0x25,0x89,0x25,0x89,0x25,0x89,0x25,0x89,0x25,0x89,0x25,0x89,0x25,
    0x89,0x25,0x89,0x25,0x89,0x25,0x89,0x25,0x89,0x25,0x89,0x25,0x89,0x25,0x89,0x25,
    0x89,0x25,0x89,0x25,0x89,0x25,0x89,0x25,0x89,0x25,0x89,0x25,0x89,0x25,0x89,0x25,
    0x89,0x25,0x89,0x25,0x89,0x25,0x89,0x25,0x89,0x25,0x89,0x25,0x89,0x25,0x89,0x25,
    0x89,0x25,0x89,0x25,0x89,0x25,0x89,0x25,0x89,0x25,0x89,0x25,0x89,0x25,0x89,0x25,
    0x89,0x25,0x89,0x25,0x89,0x25,0x89,0x25,0x89,0x25,0x89,0x25,0x89,0x25,0x89,0x25,
    0x89,0x25,0x89,0x25,0x89,0x25,0x89,0x25,0x89,0x25,0x89,0x25,0x89,0x25,0x89,0x25,
    0x89,0x25,0x89,0x25,0x89,0x25,0x89,0x25,0x89,0x25,0x89,0x25,0x89,0x25,0x89,0x25,
    0x89,0x25,0x89,0x25,0x89,0x25,0x89,0x25,0x89,0x25,0x89,0x25,0x89,0x25,0x89,0x25,
    0x89,0x25,0x89,0x25,0x89,0x25,0x89,0x25,0x89,0x25,0x89,0x25,0x89,0x25,0x89,0x25,
    0x89,0x25,0x89,0x25,0x89,0x25,0x89,0x25,0x89,0x25,0x89,0x25,0x89,0x25,0x89,0x25,
    0x89,0x25,0x89,0x25,0x89,0x25,0x89,0x25,0x89,0x25,0x89,0x25,0x89,0x25,0x89,0x25,
    0x89,0x25,0x89,0x25,0x89,0x25,0x89,0x25,0x89,0x25,0x89,0x25,0x89,0x25,0x89,0x25,
    0x89,0x25,0x89,0x25,0x89,0x25,0x89,0x25,0x89,0x25,0x89,0x25,0x89,0x25,0x89,0x25,
    0x89,0x25,0x89,0x25,0x89,0x25,0x89,0x25,0xCA,0x25,0x89,0x25,0x00,0x00,0x4A,0x05,
    0x00,0x00,0x00,0x00,0x00,0x00,0x00,0x00,0x4A,0x05,0x00,0x00,0xC7,0x1B,0xEA,0x25,
    0x89,0x25,0x89,0x25,0x89,0x25,0x89,0x25,0x89,0x25,0x89,0x25,0x89,0x25,0x89,0x25,
    0x89,0x25,0x89,0x25,0x89,0x25,0x89,0x25,0x89,0x25,0x89,0x25,0x89,0x25,0x89,0x25,
    0x89,0x25,0x89,0x25,0x89,0x25,0x89,0x25,0x89,0x25,0x89,0x25,0x89,0x25,0x89,0x25,
    0x89,0x25,0x89,0x25,0x89,0x25,0x89,0x25,0x89,0x25,0x89,0x25,0x89,0x25,0x89,0x25,
    0x89,0x25,0x89,0x25,0x89,0x25,0x89,0x25,0x89,0x25,0x89,0x25,0x89,0x25,0x89,0x25,
    0x89,0x25,0x89,0x25,0x89,0x25,0x89,0x25,0x89,0x25,0x89,0x25,0x89,0x25,0x89,0x25,
    0x89,0x25,0x89,0x25,0x89,0x25,0x89,0x25,0x89,0x25,0x89,0x25,0x89,0x25,0x89,0x25,
    0x89,0x25,0x89,0x25,0x89,0x25,0x89,0x25,0x89,0x25,0x89,0x25,0x89,0x25,0x89,0x25,
    0x89,0x25,0x89,0x25,0x89,0x25,0x89,0x25,0x89,0x25,0x89,0x25,0x89,0x25,0x89,0x25,
    0x89,0x25,0x89,0x25,0x89,0x25,0x89,0x25,0x89,0x25,0x89,0x25,0x89,0x25,0x89,0x25,
    0x89,0x25,0x89,0x25,0x89,0x25,0x89,0x25,0x89,0x25,0x89,0x25,0x89,0x25,0x89,0x25,
    0x89,0x25,0x89,0x25,0x89,0x25,0x89,0x25,0x89,0x25,0x89,0x25,0x89,0x25,0x89,0x25,
    0x89,0x25,0x89,0x25,0x89,0x25,0x89,0x25,0x89,0x25,0x89,0x25,0x89,0x25,0x89,0x25,
    0x89,0x25,0x89,0x25,0x89,0x25,0x89,0x25,0x89,0x25,0x89,0x25,0x89,0x25,0x89,0x25,
    0x89,0x25,0x89,0x25,0x89,0x25,0x89,0x25,0x89,0x25,0x89,0x25,0x89,0x25,0x89,0x25,
    0x89,0x25,0x89,0x25,0x89,0x25,0x89,0x25,0x89,0x25,0x89,0x25,0x89,0x25,0x89,0x25,
    0x89,0x25,0x89,0x25,0x89,0x25,0x89,0x25,0x89,0x25,0x89,0x25,0x89,0x25,0x89,0x25,
    0x89,0x25,0x89,0x25,0x89,0x25,0x89,0x25,0x89,0x25,0x89,0x25,0x89,0x25,0x89,0x25,
    0x89,0x25,0x89,0x25,0x89,0x25,0x89,0x25,0x89,0x25,0x89,0x25,0x89,0x25,0x89,0x25,
    0x89,0x25,0x89,0x25,0x89,0x25,0x89,0x25,0x89,0x25,0x89,0x25,0x89,0x25,0x89,0x25,
    0x89,0x25,0x89,0x25,0x89,0x25,0x89,0x25,0x89,0x25,0x89,0x25,0x89,0x25,0x89,0x25,
    0x89,0x25,0x89,0x25,0x89,0x25,0x89,0x25,0x89,0x25,0x89,0x25,0x89,0x25,0x89,0x25,
    0x89,0x25,0x89,0x25,0x89,0x25,0x89,0x25,0x89,0x25,0x89,0x25,0x89,0x25,0x89,0x25,
    0x89,0x25,0x89,0x25,0x89,0x25,0x89,0x25,0x89,0x25,0x89,0x25,0x89,0x25,0x89,0x25,
    0x89,0x25,0x89,0x25,0x89,0x25,0x89,0x25,0x89,0x25,0x89,0x25,0x89,0x25,0x89,0x25,
    0x89,0x25,0x89,0x25,0x89,0x25,0x89,0x25,0x89,0x25,0x89,0x25,0x89,0x25,0x89,0x25,
    0x89,0x25,0x89,0x25,0x89,0x25,0x89,0x25,0x89,0x25,0x89,0x25,0x89,0x25,0x89,0x25,
    0x89,0x25,0x89,0x25,0x89,0x25,0x89,0x25,0x89,0x25,0x89,0x25,0x89,0x25,0x89,0x25,
    0x89,0x25,0x89,0x25,0x89,0x25,0x89,0x25,0x89,0x25,0x89,0x25,0x89,0x25,0x89,0x25,
    0x89,0x25,0x89,0x25,0x89,0x25,0x89,0x25,0x89,0x25,0x89,0x25,0x89,0x25,0x89,0x25,
    0x89,0x25,0x89,0x25,0x89,0x25,0x89,0x25,0x89,0x25,0x89,0x25,0x89,0x25,0x89,0x25,
    0x89,0x25,0x89,0x25,0x89,0x25,0x89,0x25,0x89,0x25,0x89,0x25,0x89,0x25,0x89,0x25,
    0x89,0x25,0x89,0x25,0xCA,0x25,0x89,0x25,0x00,0x00,0x4A,0x05,0x00,0x00,0x00,0x00,
    0x00,0x00,0x00,0x00,0x4A,0x05,0x00,0x00,0xC7,0x1B,0xEA,0x25,0x89,0x25,0x89,0x25,
    0x89,0x25,0x89,0x25,0x89,0x25,0x89,0x25,0x89,0x25,0x89,0x25,0x89,0x25,0x89,0x25,
    0x89,0x25,0x89,0x25,0x89,0x25,0x89,0x25,0x89,0x25,0x89,0x25,0x89,0x25,0x89,0x25,
    0x89,0x25,0x89,0x25,0x89,0x25,0x89,0x25,0x89,0x25,0x89,0x25,0x89,0x25,0x89,0x25,
    0x89,0x25,0x89,0x25,0x89,0x25,0x89,0x25,0x89,0x25,0x89,0x25,0x89,0x25,0x89,0x25,
    0x89,0x25,0x89,0x25,0x89,0x25,0x89,0x25,0x89,0x25,0x89,0x25,0x89,0x25,0x89,0x25,
    0x89,0x25,0x89,0x25,0x89,0x25,0x89,0x25,0x89,0x25,0x89,0x25,0x89,0x25,0x89,0x25,
    0x89,0x25,0x89,0x25,0x89,0x25,0x89,0x25,0x89,0x25,0x89,0x25,0x89,0x25,0x89,0x25,
    0x89,0x25,0x89,0x25,0x89,0x25,0x89,0x25,0x89,0x25,0x89,0x25,0x89,0x25,0x89,0x25,
    0x89,0x25,0x89,0x25,0x89,0x25,0x89,0x25,0x89,0x25,0x89,0x25,0x89,0x25,0x89,0x25,
    0x89,0x25,0x89,0x25,0x89,0x25,0x89,0x25,0x89,0x25,0x89,0x25,0x89,0x25,0x89,0x25,
    0x89,0x25,0x89,0x25,0x89,0x25,0x89,0x25,0x89,0x25,0x89,0x25,0x89,0x25,0x89,0x25,
    0x89,0x25,0x89,0x25,0x89,0x25,0x89,0x25,0x89,0x25,0x89,0x25,0x89,0x25,0x89,0x25,
    0x89,0x25,0x89,0x25,0x89,0x25,0x89,0x25,0x89,0x25,0x89,0x25,0x89,0x25,0x89,0x25,
    0x89,0x25,0x89,0x25,0x89,0x25,0x89,0x25,0x89,0x25,0x89,0x25,0x89,0x25,0x89,0x25,
    0x89,0x25,0x89,0x25,0x89,0x25,0x89,0x25,0x89,0x25,0x89,0x25,0x89,0x25,0x89,0x25,
    0x89,0x25,0x89,0x25,0x89,0x25,0x89,0x25,0x89,0x25,0x89,0x25,0x89,0x25,0x89,0x25,
    0x89,0x25,0x89,0x25,0x89,0x25,0x89,0x25,0x89,0x25,0x89,0x25,0x89,0x25,0x89,0x25,
    0x89,0x25,0x89,0x25,0x89,0x25,0x89,0x25,0x89,0x25,0x89,0x25,0x89,0x25,0x89,0x25,
    0x89,0x25,0x89,0x25,0x89,0x25,0x89,0x25,0x89,0x25,0x89,0x25,0x89,0x25,0x89,0x25,
    0x89,0x25,0x89,0x25,0x89,0x25,0x89,0x25,0x89,0x25,0x89,0x25,0x89,0x25,0x89,0x25,
    0x89,0x25,0x89,0x25,0x89,0x25,0x89,0x25,0x89,0x25,0x89,0x25,0x89,0x25,0x89,0x25,
    0x89,0x25,0x89,0x25,0x89,0x25,0x89,0x25,0x89,0x25,0x89,0x25,0x89,0x25,0x89,0x25,
    0x89,0x25,0x89,0x25,0x89,0x25,0x89,0x25,0x89,0x25,0x89,0x25,0x89,0x25,0x89,0x25,
    0x89,0x25,0x89,0x25,0x89,0x25,0x89,0x25,0x89,0x25,0x89,0x25,0x89,0x25,0x89,0x25,
    0x89,0x25,0x89,0x25,0x89,0x25,0x89,0x25,0x89,0x25,0x89,0x25,0x89,0x25,0x89,0x25,
    0x89,0x25,0x89,0x25,0x89,0x25,0x89,0x25,0x89,0x25,0x89,0x25,0x89,0x25,0x89,0x25,
    0x89,0x25,0x89,0x25,0x89,0x25,0x89,0x25,0x89,0x25,0x89,0x25,0x89,0x25,0x89,0x25,
    0x89,0x25,0x89,0x25,0x89,0x25,0x89,0x25,0x89,0x25,0x89,0x25,0x89,0x25,0x89,0x25,
    0x89,0x25,0x89,0x25,0x89,0x25,0x89,0x25,0x89,0x25,0x89,0x25,0x89,0x25,0x89,0x25,
    0x89,0x25,0x89,0x25,0x89,0x25,0x89,0x25,0x89,0x25,0x89,0x25,0x89,0x25,0x89,0x25,
    0x89,0x25,0x89,0x25,0x89,0x25,0x89,0x25,0x89,0x25,0x89,0x25,0x89,0x25,0x89,0x25,
    0x89,0x25,0x89,0x25,0x89,0x25,0x89,0x25,0x89,0x25,0x89,0x25,0x89,0x25,0x89,0x25,
    0xCA,0x25,0x89,0x25,0x00,0x00,0x4A,0x05,0x00,0x00,0x00,0x00,0x00,0x00,0x00,0x00,
    0x4A,0x05,0x00,0x00,0xC7,0x1B,0xEA,0x25,0x89,0x25,0x89,0x25,0x89,0x25,0x89,0x25,
    0x89,0x25,0x89,0x25,0x89,0x25,0x89,0x25,0x89,0x25,0x89,0x25,0x89,0x25,0x89,0x25,
    0x89,0x25,0x89,0x25,0x89,0x25,0x89,0x25,0x89,0x25,0x89,0x25,0x89,0x25,0x89,0x25,
    0x89,0x25,0x89,0x25,0x89,0x25,0x89,0x25,0x89,0x25,0x89,0x25,0x89,0x25,0x89,0x25,
    0x89,0x25,0x89,0x25,0x89,0x25,0x89,0x25,0x89,0x25,0x89,0x25,0x89,0x25,0x89,0x25,
    0x89,0x25,0x89,0x25,0x89,0x25,0x89,0x25,0x89,0x25,0x89,0x25,0x89,0x25,0x89,0x25,
    0x89,0x25,0x89,0x25,0x89,0x25,0x89,0x25,0x89,0x25,0x89,0x25,0x89,0x25,0x89,0x25,
    0x89,0x25,0x89,0x25,0x89,0x25,0x89,0x25,0x89,0x25,0x89,0x25,0x89,0x25,0x89,0x25,
    0x89,0x25,0x89,0x25,0x89,0x25,0x89,0x25,0x89,0x25,0x89,0x25,0x89,0x25,0x89,0x25,
    0x89,0x25,0x89,0x25,0x89,0x25,0x89,0x25,0x89,0x25,0x89,0x25,0x89,0x25,0x89,0x25,
    0x89,0x25,0x89,0x25,0x89,0x25,0x89,0x25,0x89,0x25,0x89,0x25,0x89,0x25,0x89,0x25,
    0x89,0x25,0x89,0x25,0x89,0x25,0x89,0x25,0x89,0x25,0x89,0x25,0x89,0x25,0x89,0x25,
    0x89,0x25,0x89,0x25,0x89,0x25,0x89,0x25,0x89,0x25,0x89,0x25,0x89,0x25,0x89,0x25,
    0x89,0x25,0x89,0x25,0x89,0x25,0x89,0x25,0x89,0x25,0x89,0x25,0x89,0x25,0x89,0x25,
    0x89,0x25,0x89,0x25,0x89,0x25,0x89,0x25,0x89,0x25,0x89,0x25,0x89,0x25,0x89,0x25,
    0x89,0x25,0x89,0x25,0x89,0x25,0x89,0x25,0x89,0x25,0x89,0x25,0x89,0x25,0x89,0x25,
    0x89,0x25,0x89,0x25,0x89,0x25,0x89,0x25,0x89,0x25,0x89,0x25,0x89,0x25,0x89,0x25,
    0x89,0x25,0x89,0x25,0x89,0x25,0x89,0x25,0x89,0x25,0x89,0x25,0x89,0x25,0x89,0x25,
    0x89,0x25,0x89,0x25,0x89,0x25,0x89,0x25,0x89,0x25,0x89,0x25,0x89,0x25,0x89,0x25,
    0x89,0x25,0x89,0x25,0x89,0x25,0x89,0x25,0x89,0x25,0x89,0x25,0x89,0x25,0x89,0x25,
    0x89,0x25,0x89,0x25,0x89,0x25,0x89,0x25,0x89,0x25,0x89,0x25,0x89,0x25,0x89,0x25,
    0x89,0x25,0x89,0x25,0x89,0x25,0x89,0x25,0x89,0x25,0x89,0x25,0x89,0x25,0x89,0x25,
    0x89,0x25,0x89,0x25,0x89,0x25,0x89,0x25,0x89,0x25,0x89,0x25,0x89,0x25,0x89,0x25,
    0x89,0x25,0x89,0x25,0x89,0x25,0x89,0x25,0x89,0x25,0x89,0x25,0x89,0x25,0x89,0x25,
    0x89,0x25,0x89,0x25,0x89,0x25,0x89,0x25,0x89,0x25,0x89,0x25,0x89,0x25,0x89,0x25,
    0x89,0x25,0x89,0x25,0x89,0x25,0x89,0x25,0x89,0x25,0x89,0x25,0x89,0x25,0x89,0x25,
    0x89,0x25,0x89,0x25,0x89,0x25,0x89,0x25,0x89,0x25,0x89,0x25,0x89,0x25,0x89,0x25,
    0x89,0x25,0x89,0x25,0x89,0x25,0x89,0x25,0x89,0x25,0x89,0x25,0x89,0x25,0x89,0x25,
    0x89,0x25,0x89,0x25,0x89,0x25,0x89,0x25,0x89,0x25,0x89,0x25,0x89,0x25,0x89,0x25,
    0x89,0x25,0x89,0x25,0x89,0x25,0x89,0x25,0x89,0x25,0x89,0x25,0x89,0x25,0x89,0x25,
    0x89,0x25,0x89,0x25,0x89,0x25,0x89,0x25,0x89,0x25,0x89,0x25,0x89,0x25,0x89,0x25,
    0x89,0x25,0x89,0x25,0x89,0x25,0x89,0x25,0x89,0x25,0x89,0x25,0x89,0x25,0x89,0x25,
    0x89,0x25,0x89,0x25,0x89,0x25,0x89,0x25,0x89,0x25,0x89,0x25,0xCA,0x25,0x89,0x25,
    0x00,0x00,0x4A,0x05,0x00,0x00,0x00,0x00,0x00,0x00,0x00,0x00,0x4A,0x05,0x00,0x00,
    0xC7,0x1B,0xEA,0x25,0x89,0x25,0x89,0x25,0x89,0x25,0x89,0x25,0x89,0x25,0x89,0x25,
    0x89,0x25,0x89,0x25,0x89,0x25,0x89,0x25,0x89,0x25,0x89,0x25,0x89,0x25,0x89,0x25,
    0x89,0x25,0x89,0x25,0x89,0x25,0x89,0x25,0x89,0x25,0x89,0x25,0x89,0x25,0x89,0x25,
    0x89,0x25,0x89,0x25,0x89,0x25,0x89,0x25,0x89,0x25,0x89,0x25,0x89,0x25,0x89,0x25,
    0x89,0x25,0x89,0x25,0x89,0x25,0x89,0x25,0x89,0x25,0x89,0x25,0x89,0x25,0x89,0x25,
    0x89,0x25,0x89,0x25,0x89,0x25,0x89,0x25,0x89,0x25,0x89,0x25,0x89,0x25,0x89,0x25,
    0x89,0x25,0x89,0x25,0x89,0x25,0x89,0x25,0x89,0x25,0x89,0x25,0x89,0x25,0x89,0x25,
    0x89,0x25,0x89,0x25,0x89,0x25,0x89,0x25,0x89,0x25,0x89,0x25,0x89,0x25,0x89,0x25,
    0x89,0x25,0x89,0x25,0x89,0x25,0x89,0x25,0x89,0x25,0x89,0x25,0x89,0x25,0x89,0x25,
    0x89,0x25,0x89,0x25,0x89,0x25,0x89,0x25,0x89,0x25,0x89,0x25,0x89,0x25,0x89,0x25,
    0x89,0x25,0x89,0x25,0x89,0x25,0x89,0x25,0x89,0x25,0x89,0x25,0x89,0x25,0x89,0x25,
    0x89,0x25,0x89,0x25,0x89,0x25,0x89,0x25,0x89,0x25,0x89,0x25,0x89,0x25,0x89,0x25,
    0x89,0x25,0x89,0x25,0x89,0x25,0x89,0x25,0x89,0x25,0x89,0x25,0x89,0x25,0x89,0x25,
    0x89,0x25,0x89,0x25,0x89,0x25,0x89,0x25,0x89,0x25,0x89,0x25,0x89,0x25,0x89,0x25,
    0x89,0x25,0x89,0x25,0x89,0x25,0x89,0x25,0x89,0x25,0x89,0x25,0x89,0x25,0x89,0x25,
    0x89,0x25,0x89,0x25,0x89,0x25,0x89,0x25,0x89,0x25,0x89,0x25,0x89,0x25,0x89,0x25,
    0x89,0x25,0x89,0x25,0x89,0x25,0x89,0x25,0x89,0x25,0x89,0x25,0x89,0x25,0x89,0x25,
    0x89,0x25,0x89,0x25,0x89,0x25,0x89,0x25,0x89,0x25,0x89,0x25,0x89,0x25,0x89,0x25,
    0x89,0x25,0x89,0x25,0x89,0x25,0x89,0x25,0x89,0x25,0x89,0x25,0x89,0x25,0x89,0x25,
    0x89,0x25,0x89,0x25,0x89,0x25,0x89,0x25,0x89,0x25,0x89,0x25,0x89,0x25,0x89,0x25,
    0x89,0x25,0x89,0x25,0x89,0x25,0x89,0x25,0x89,0x25,0x89,0x25,0x89,0x25,0x89,0x25,
    0x89,0x25,0x89,0x25,0x89,0x25,0x89,0x25,0x89,0x25,0x89,0x25,0x89,0x25,0x89,0x25,
    0x89,0x25,0x89,0x25,0x89,0x25,0x89,0x25,0x89,0x25,0x89,0x25,0x89,0x25,0x89,0x25,
    0x89,0x25,0x89,0x25,0x89,0x25,0x89,0x25,0x89,0x25,0x89,0x25,0x89,0x25,0x89,0x25,
    0x89,0x25,0x89,0x25,0x89,0x25,0x89,0x25,0x89,0x25,0x89,0x25,0x89,0x25,0x89,0x25,
    0x89,0x25,0x89,0x25,0x89,0x25,0x89,0x25,0x89,0x25,0x89,0x25,0x89,0x25,0x89,0x25,
    0x89,0x25,0x89,0x25,0x89,0x25,0x89,0x25,0x89,0x25,0x89,0x25,0x89,0x25,0x89,0x25,
    0x89,0x25,0x89,0x25,0x89,0x25,0x89,0x25,0x89,0x25,0x89,0x25,0x89,0x25,0x89,0x25,
    0x89,0x25,0x89,0x25,0x89,0x25,0x89,0x25,0x89,0x25,0x89,0x25,0x89,0x25,0x89,0x25,
    0x89,0x25,0x89,0x25,0x89,0x25,0x89,0x25,0x89,0x25,0x89,0x25,0x89,0x25,0x89,0x25,
    0x89,0x25,0x89,0x25,0x89,0x25,0x89,0x25,0x89,0x25,0x89,0x25,0x89,0x25,0x89,0x25,
    0x89,0x25,0x89,0x25,0x89,0x25,0x89,0x25,0x89,0x25,0x89,0x25,0x89,0x25,0x89,0x25,
    0x89,0x25,0x89,0x25,0x89,0x25,0x89,0x25,0xCA,0x25,0x89,0x25,0x00,0x00,0x4A,0x05,
    0x00,0x00,0x00,0x00,0x00,0x00,0x00,0x00,0x4A,0x05,0x00,0x00,0xC7,0x1B,0xEA,0x25,
    0x89,0x25,0x89,0x25,0x89,0x25,0x89,0x25,0x89,0x25,0x89,0x25,0x89,0x25,0x89,0x25,
    0x89,0x25,0x89,0x25,0x89,0x25,0x89,0x25,0x89,0x25,0x89,0x25,0x89,0x25,0x89,0x25,
    0x89,0x25,0x89,0x25,0x89,0x25,0x89,0x25,0x89,0x25,0x89,0x25,0x89,0x25,0x89,0x25,
    0x89,0x25,0x89,0x25,0x89,0x25,0x89,0x25,0x89,0x25,0x89,0x25,0x89,0x25,0x89,0x25,
    0x89,0x25,0x89,0x25,0x89,0x25,0x89,0x25,0x89,0x25,0x89,0x25,0x89,0x25,0x89,0x25,
    0x89,0x25,0x89,0x25,0x89,0x25,0x89,0x25,0x89,0x25,0x89,0x25,0x89,0x25,0x89,0x25,
    0x89,0x25,0x89,0x25,0x89,0x25,0x89,0x25,0x89,0x25,0x89,0x25,0x89,0x25,0x89,0x25,
    0x89,0x25,0x89,0x25,0x89,0x25,0x89,0x25,0x89,0x25,0x89,0x25,0x89,0x25,0x89,0x25,
    0x89,0x25,0x89,0x25,0x89,0x25,0x89,0x25,0x89,0x25,0x89,0x25,0x89,0x25,0x89,0x25,
    0x89,0x25,0x89,0x25,0x89,0x25,0x89,0x25,0x89,0x25,0x89,0x25,0x89,0x25,0x89,0x25,
    0x89,0x25,0x89,0x25,0x89,0x25,0x89,0x25,0x89,0x25,0x89,0x25,0x89,0x25,0x89,0x25,
    0x89,0x25,0x89,0x25,0x89,0x25,0x89,0x25,0x89,0x25,0x89,0x25,0x89,0x25,0x89,0x25,
    0x89,0x25,0x89,0x25,0x89,0x25,0x89,0x25,0x89,0x25,0x89,0x25,0x89,0x25,0x89,0x25,
    0x89,0x25,0x89,0x25,0x89,0x25,0x89,0x25,0x89,0x25,0x89,0x25,0x89,0x25,0x89,0x25,
    0x89,0x25,0x89,0x25,0x89,0x25,0x89,0x25,0x89,0x25,0x89,0x25,0x89,0x25,0x89,0x25,
    0x89,0x25,0x89,0x25,0x89,0x25,0x89,0x25,0x89,0x25,0x89,0x25,0x89,0x25,0x89,0x25,
    0x89,0x25,0x89,0x25,0x89,0x25,0x89,0x25,0x89,0x25,0x89,0x25,0x89,0x25,0x89,0x25,
    0x89,0x25,0x89,0x25,0x89,0x25,0x89,0x25,0x89,0x25,0x89,0x25,0x89,0x25,0x89,0x25,
    0x89,0x25,0x89,0x25,0x89,0x25,0x89,0x25,0x89,0x25,0x89,0x25,0x89,0x25,0x89,0x25,
    0x89,0x25,0x89,0x25,0x89,0x25,0x89,0x25,0x89,0x25,0x89,0x25,0x89,0x25,0x89,0x25,
    0x89,0x25,0x89,0x25,0x89,0x25,0x89,0x25,0x89,0x25,0x89,0x25,0x89,0x25,0x89,0x25,
    0x89,0x25,0x89,0x25,0x89,0x25,0x89,0x25,0x89,0x25,0x89,0x25,0x89,0x25,0x89,0x25,
    0x89,0x25,0x89,0x25,0x89,0x25,0x89,0x25,0x89,0x25,0x89,0x25,0x89,0x25,0x89,0x25,
    0x89,0x25,0x89,0x25,0x89,0x25,0x89,0x25,0x89,0x25,0x89,0x25,0x89,0x25,0x89,0x25,
    0x89,0x25,0x89,0x25,0x89,0x25,0x89,0x25,0x89,0x25,0x89,0x25,0x89,0x25,0x89,0x25,
    0x89,0x25,0x89,0x25,0x89,0x25,0x89,0x25,0x89,0x25,0x89,0x25,0x89,0x25,0x89,0x25,
    0x89,0x25,0x89,0x25,0x89,0x25,0x89,0x25,0x89,0x25,0x89,0x25,0x89,0x25,0x89,0x25,
    0x89,0x25,0x89,0x25,0x89,0x25,0x89,0x25,0x89,0x25,0x89,0x25,0x89,0x25,0x89,0x25,
    0x89,0x25,0x89,0x25,0x89,0x25,0x89,0x25,0x89,0x25,0x89,0x25,0x89,0x25,0x89,0x25,
    0x89,0x25,0x89,0x25,0x89,0x25,0x89,0x25,0x89,0x25,0x89,0x25,0x89,0x25,0x89,0x25,
    0x89,0x25,0x89,0x25,0x89,0x25,0x89,0x25,0x89,0x25,0x89,0x25,0x89,0x25,0x89,0x25,
    0x89,0x25,0x89,0x25,0x89,0x25,0x89,0x25,0x89,0x25,0x89,0x25,0x89,0x25,0x89,0x25,
    0x89,0x25,0x89,0x25,0xCA,0x25,0x89,0x25,0x00,0x00,0x4A,0x05,0x00,0x00,0x00,0x00,
    0x00,0x00,0x00,0x00,0x4A,0x05,0x00,0x00,0xC7,0x1B,0xEA,0x25,0x89,0x25,0x89,0x25,
    0x89,0x25,0x89,0x25,0x89,0x25,0x89,0x25,0x89,0x25,0x89,0x25,0x89,0x25,0x89,0x25,
    0x89,0x25,0x89,0x25,0x89,0x25,0x89,0x25,0x89,0x25,0x89,0x25,0x89,0x25,0x89,0x25,
    0x89,0x25,0x89,0x25,0x89,0x25,0x89,0x25,0x89,0x25,0x89,0x25,0x89,0x25,0x89,0x25,
    0x89,0x25,0x89,0x25,0x89,0x25,0x89,0x25,0x89,0x25,0x89,0x25,0x89,0x25,0x89,0x25,
    0x89,0x25,0x89,0x25,0x89,0x25,0x89,0x25,0x89,0x25,0x89,0x25,0x89,0x25,0x89,0x25,
    0x89,0x25,0x89,0x25,0x89,0x25,0x89,0x25,0x89,0x25,0x89,0x25,0x89,0x25,0x89,0x25,
    0x89,0x25,0x89,0x25,0x89,0x25,0x89,0x25,0x89,0x25,0x89,0x25,0x89,0x25,0x89,0x25,
    0x89,0x25,0x89,0x25,0x89,0x25,0x89,0x25,0x89,0x25,0x89,0x25,0x89,0x25,0x89,0x25,
    0x89,0x25,0x89,0x25,0x89,0x25,0x89,0x25,0x89,0x25,0x89,0x25,0x89,0x25,0x89,0x25,
    0x89,0x25,0x89,0x25,0x89,0x25,0x89,0x25,0x89,0x25,0x89,0x25,0x89,0x25,0x89,0x25,
    0x89,0x25,0x89,0x25,0x89,0x25,0x89,0x25,0x89,0x25,0x89,0x25,0x89,0x25,0x89,0x25,
    0x89,0x25,0x89,0x25,0x89,0x25,0x89,0x25,0x89,0x25,0x89,0x25,0x89,0x25,0x89,0x25,
    0x89,0x25,0x89,0x25,0x89,0x25,0x89,0x25,0x89,0x25,0x89,0x25,0x89,0x25,0x89,0x25,
    0x89,0x25,0x89,0x25,0x89,0x25,0x89,0x25,0x89,0x25,0x89,0x25,0x89,0x25,0x89,0x25,
    0x89,0x25,0x89,0x25,0x89,0x25,0x89,0x25,0x89,0x25,0x89,0x25,0x89,0x25,0x89,0x25,
    0x89,0x25,0x89,0x25,0x89,0x25,0x89,0x25,0x89,0x25,0x89,0x25,0x89,0x25,0x89,0x25,
    0x89,0x25,0x89,0x25,0x89,0x25,0x89,0x25,0x89,0x25,0x89,0x25,0x89,0x25,0x89,0x25,
    0x89,0x25,0x89,0x25,0x89,0x25,0x89,0x25,0x89,0x25,0x89,0x25,0x89,0x25,0x89,0x25,
    0x89,0x25,0x89,0x25,0x89,0x25,0x89,0x25,0x89,0x25,0x89,0x25,0x89,0x25,0x89,0x25,
    0x89,0x25,0x89,0x25,0x89,0x25,0x89,0x25,0x89,0x25,0x89,0x25,0x89,0x25,0x89,0x25,
    0x89,0x25,0x89,0x25,0x89,0x25,0x89,0x25,0x89,0x25,0x89,0x25,0x89,0x25,0x89,0x25,
    0x89,0x25,0x89,0x25,0x89,0x25,0x89,0x25,0x89,0x25,0x89,0x25,0x89,0x25,0x89,0x25,
    0x89,0x25,0x89,0x25,0x89,0x25,0x89,0x25,0x89,0x25,0x89,0x25,0x89,0x25,0x89,0x25,
    0x89,0x25,0x89,0x25,0x89,0x25,0x89,0x25,0x89,0x25,0x89,0x25,0x89,0x25,0x89,0x25,
    0x89,0x25,0x89,0x25,0x89,0x25,0x89,0x25,0x89,0x25,0x89,0x25,0x89,0x25,0x89,0x25,
    0x89,0x25,0x89,0x25,0x89,0x25,0x89,0x25,0x89,0x25,0x89,0x25,0x89,0x25,0x89,0x25,
    0x89,0x25,0x89,0x25,0x89,0x25,0x89,0x25,0x89,0x25,0x89,0x25,0x89,0x25,0x89,0x25,
    0x89,0x25,0x89,0x25,0x89,0x25,0x89,0x25,0x89,0x25,0x89,0x25,0x89,0x25,0x89,0x25,
    0x89,0x25,0x89,0x25,0x89,0x25,0x89,0x25,0x89,0x25,0x89,0x25,0x89,0x25,0x89,0x25,
    0x89,0x25,0x89,0x25,0x89,0x25,0x89,0x25,0x89,0x25,0x89,0x25,0x89,0x25,0x89,0x25,
    0x89,0x25,0x89,0x25,0x89,0x25,0x89,0x25,0x89,0x25,0x89,0x25,0x89,0x25,0x89,0x25,
    0x89,0x25,0x89,0x25,0x89,0x25,0x89,0x25,0x89,0x25,0x89,0x25,0x89,0x25,0x89,0x25,
    0xCA,0x25,0x89,0x25,0x00,0x00,0x4A,0x05,0x00,0x00,0x00,0x00,0x00,0x00,0x00,0x00,
    0x4A,0x05,0x00,0x00,0xC7,0x1B,0xEA,0x25,0x89,0x25,0x89,0x25,0x89,0x25,0x89,0x25,
    0x89,0x25,0x89,0x25,0x89,0x25,0x89,0x25,0x89,0x25,0x89,0x25,0x89,0x25,0x89,0x25,
    0x89,0x25,0x89,0x25,0x89,0x25,0x89,0x25,0x89,0x25,0x89,0x25,0x89,0x25,0x89,0x25,
    0x89,0x25,0x89,0x25,0x89,0x25,0x89,0x25,0x89,0x25,0x89,0x25,0x89,0x25,0x89,0x25,
    0x89,0x25,0x89,0x25,0x89,0x25,0x89,0x25,0x89,0x25,0x89,0x25,0x89,0x25,0x89,0x25,
    0x89,0x25,0x89,0x25,0x89,0x25,0x89,0x25,0x89,0x25,0x89,0x25,0x89,0x25,0x89,0x25,
    0x89,0x25,0x89,0x25,0x89,0x25,0x89,0x25,0x89,0x25,0x89,0x25,0x89,0x25,0x89,0x25,
    0x89,0x25,0x89,0x25,0x89,0x25,0x89,0x25,0x89,0x25,0x89,0x25,0x89,0x25,0x89,0x25,
    0x89,0x25,0x89,0x25,0x89,0x25,0x89,0x25,0x89,0x25,0x89,0x25,0x89,0x25,0x89,0x25,
    0x89,0x25,0x89,0x25,0x89,0x25,0x89,0x25,0x89,0x25,0x89,0x25,0x89,0x25,0x89,0x25,
    0x89,0x25,0x89,0x25,0x89,0x25,0x89,0x25,0x89,0x25,0x89,0x25,0x89,0x25,0x89,0x25,
    0x89,0x25,0x89,0x25,0x89,0x25,0x89,0x25,0x89,0x25,0x89,0x25,0x89,0x25,0x89,0x25,
    0x89,0x25,0x89,0x25,0x89,0x25,0x89,0x25,0x89,0x25,0x89,0x25,0x89,0x25,0x89,0x25,
    0x89,0x25,0x89,0x25,0x89,0x25,0x89,0x25,0x89,0x25,0x89,0x25,0x89,0x25,0x89,0x25,
    0x89,0x25,0x89,0x25,0x89,0x25,0x89,0x25,0x89,0x25,0x89,0x25,0x89,0x25,0x89,0x25,
    0x89,0x25,0x89,0x25,0x89,0x25,0x89,0x25,0x89,0x25,0x89,0x25,0x89,0x25,0x89,0x25,
    0x89,0x25,0x89,0x25,0x89,0x25,0x89,0x25,0x89,0x25,0x89,0x25,0x89,0x25,0x89,0x25,
    0x89,0x25,0x89,0x25,0x89,0x25,0x89,0x25,0x89,0x25,0x89,0x25,0x89,0x25,0x89,0x25,
    0x89,0x25,0x89,0x25,0x89,0x25,0x89,0x25,0x89,0x25,0x89,0x25,0x89,0x25,0x89,0x25,
    0x89,0x25,0x89,0x25,0x89,0x25,0x89,0x25,0x89,0x25,0x89,0x25,0x89,0x25,0x89,0x25,
    0x89,0x25,0x89,0x25,0x89,0x25,0x89,0x25,0x89,0x25,0x89,0x25,0x89,0x25,0x89,0x25,
    0x89,0x25,0x89,0x25,0x89,0x25,0x89,0x25,0x89,0x25,0x89,0x25,0x89,0x25,0x89,0x25,
    0x89,0x25,0x89,0x25,0x89,0x25,0x89,0x25,0x89,0x25,0x89,0x25,0x89,0x25,0x89,0x25,
    0x89,0x25,0x89,0x25,0x89,0x25,0x89,0x25,0x89,0x25,0x89,0x25,0x89,0x25,0x89,0x25,
    0x89,0x25,0x89,0x25,0x89,0x25,0x89,0x25,0x89,0x25,0x89,0x25,0x89,0x25,0x89,0x25,
    0x89,0x25,0x89,0x25,0x89,0x25,0x89,0x25,0x89,0x25,0x89,0x25,0x89,0x25,0x89,0x25,
    0x89,0x25,0x89,0x25,0x89,0x25,0x89,0x25,0x89,0x25,0x89,0x25,0x89,0x25,0x89,0x25,
    0x89,0x25,0x89,0x25,0x89,0x25,0x89,0x25,0x89,0x25,0x89,0x25,0x89,0x25,0x89,0x25,
    0x89,0x25,0x89,0x25,0x89,0x25,0x89,0x25,0x89,0x25,0x89,0x25,0x89,0x25,0x89,0x25,
    0x89,0x25,0x89,0x25,0x89,0x25,0x89,0x25,0x89,0x25,0x89,0x25,0x89,0x25,0x89,0x25,
    0x89,0x25,0x89,0x25,0x89,0x25,0x89,0x25,0x89,0x25,0x89,0x25,0x89,0x25,0x89,0x25,
    0x89,0x25,0x89,0x25,0x89,0x25,0x89,0x25,0x89,0x25,0x89,0x25,0x89,0x25,0x89,0x25,
    0x89,0x25,0x89,0x25,0x89,0x25,0x89,0x25,0x89,0x25,0x89,0x25,0xCA,0x25,0x89,0x25,
    0x00,0x00,0x4A,0x05,0x00,0x00,0x00,0x00,0x00,0x00,0x00,0x00,0x4A,0x05,0x00,0x00,
    0xC7,0x1B,0xEA,0x25,0x89,0x25,0x89,0x25,0x89,0x25,0x89,0x25,0x89,0x25,0x89,0x25,
    0x89,0x25,0x89,0x25,0x89,0x25,0x89,0x25,0x89,0x25,0x89,0x25,0x89,0x25,0x89,0x25,
    0x89,0x25,0x89,0x25,0x89,0x25,0x89,0x25,0x89,0x25,0x89,0x25,0x89,0x25,0x89,0x25,
    0x89,0x25,0x89,0x25,0x89,0x25,0x89,0x25,0x89,0x25,0x89,0x25,0x89,0x25,0x89,0x25,
    0x89,0x25,0x89,0x25,0x89,0x25,0x89,0x25,0x89,0x25,0x89,0x25,0x89,0x25,0x89,0x25,
    0x89,0x25,0x89,0x25,0x89,0x25,0x89,0x25,0x89,0x25,0x89,0x25,0x89,0x25,0x89,0x25,
    0x89,0x25,0x89,0x25,0x89,0x25,0x89,0x25,0x89,0x25,0x89,0x25,0x89,0x25,0x89,0x25,
    0x89,0x25,0x89,0x25,0x89,0x25,0x89,0x25,0x89,0x25,0x89,0x25,0x89,0x25,0x89,0x25,
    0x89,0x25,0x89,0x25,0x89,0x25,0x89,0x25,0x89,0x25,0x89,0x25,0x89,0x25,0x89,0x25,
    0x89,0x25,0x89,0x25,0x89,0x25,0x89,0x25,0x89,0x25,0x89,0x25,0x89,0x25,0x89,0x25,
    0x89,0x25,0x89,0x25,0x89,0x25,0x89,0x25,0x89,0x25,0x89,0x25,0x89,0x25,0x89,0x25,
    0x89,0x25,0x89,0x25,0x89,0x25,0x89,0x25,0x89,0x25,0x89,0x25,0x89,0x25,0x89,0x25,
    0x89,0x25,0x89,0x25,0x89,0x25,0x89,0x25,0x89,0x25,0x89,0x25,0x89,0x25,0x89,0x25,
    0x89,0x25,0x89,0x25,0x89,0x25,0x89,0x25,0x89,0x25,0x89,0x25,0x89,0x25,0x89,0x25,
    0x89,0x25,0x89,0x25,0x89,0x25,0x89,0x25,0x89,0x25,0x89,0x25,0x89,0x25,0x89,0x25,
    0x89,0x25,0x89,0x25,0x89,0x25,0x89,0x25,0x89,0x25,0x89,0x25,0x89,0x25,0x89,0x25,
    0x89,0x25,0x89,0x25,0x89,0x25,0x89,0x25,0x89,0x25,0x89,0x25,0x89,0x25,0x89,0x25,
    0x89,0x25,0x89,0x25,0x89,0x25,0x89,0x25,0x89,0x25,0x89,0x25,0x89,0x25,0x89,0x25,
    0x89,0x25,0x89,0x25,0x89,0x25,0x89,0x25,0x89,0x25,0x89,0x25,0x89,0x25,0x89,0x25,
    0x89,0x25,0x89,0x25,0x89,0x25,0x89,0x25,0x89,0x25,0x89,0x25,0x89,0x25,0x89,0x25,
    0x89,0x25,0x89,0x25,0x89,0x25,0x89,0x25,0x89,0x25,0x89,0x25,0x89,0x25,0x89,0x25,
    0x89,0x25,0x89,0x25,0x89,0x25,0x89,0x25,0x89,0x25,0x89,0x25,0x89,0x25,0x89,0x25,
    0x89,0x25,0x89,0x25,0x89,0x25,0x89,0x25,0x89,0x25,0x89,0x25,0x89,0x25,0x89,0x25,
    0x89,0x25,0x89,0x25,0x89,0x25,0x89,0x25,0x89,0x25,0x89,0x25,0x89,0x25,0x89,0x25,
    0x89,0x25,0x89,0x25,0x89,0x25,0x89,0x25,0x89,0x25,0x89,0x25,0x89,0x25,0x89,0x25,
    0x89,0x25,0x89,0x25,0x89,0x25,0x89,0x25,0x89,0x25,0x89,0x25,0x89,0x25,0x89,0x25,
    0x89,0x25,0x89,0x25,0x89,0x25,0x89,0x25,0x89,0x25,0x89,0x25,0x89,0x25,0x89,0x25,
    0x89,0x25,0x89,0x25,0x89,0x25,0x89,0x25,0x89,0x25,0x89,0x25,0x89,0x25,0x89,0x25,
    0x89,0x25,0x89,0x25,0x89,0x25,0x89,0x25,0x89,0x25,0x89,0x25,0x89,0x25,0x89,0x25,
    0x89,0x25,0x89,0x25,0x89,0x25,0x89,0x25,0x89,0x25,0x89,0x25,0x89,0x25,0x89,0x25,
    0x89,0x25,0x89,0x25,0x89,0x25,0x89,0x25,0x89,0x25,0x89,0x25,0x89,0x25,0x89,0x25,
    0x89,0x25,0x89,0x25,0x89,0x25,0x89,0x25,0x89,0x25,0x89,0x25,0x89,0x25,0x89,0x25,
    0x89,0x25,0x89,0x25,0x89,0x25,0x89,0x25,0xCA,0x25,0x89,0x25,0x00,0x00,0x4A,0x05,
    0x00,0x00,0x00,0x00,0x00,0x00,0x00,0x00,0x4A,0x05,0x00,0x00,0xC7,0x1B,0xEA,0x25,
    0x89,0x25,0x89,0x25,0x89,0x25,0x89,0x25,0x89,0x25,0x89,0x25,0x89,0x25,0x89,0x25,
    0x89,0x25,0x89,0x25,0x89,0x25,0x89,0x25,0x89,0x25,0x89,0x25,0x89,0x25,0x89,0x25,
    0x89,0x25,0x89,0x25,0x89,0x25,0x89,0x25,0x89,0x25,0x89,0x25,0x89,0x25,0x89,0x25,
    0x89,0x25,0x89,0x25,0x89,0x25,0x89,0x25,0x89,0x25,0x89,0x25,0x89,0x25,0x89,0x25,
    0x89,0x25,0x89,0x25,0x89,0x25,0x89,0x25,0x89,0x25,0x89,0x25,0x89,0x25,0x89,0x25,
    0x89,0x25,0x89,0x25,0x89,0x25,0x89,0x25,0x89,0x25,0x89,0x25,0x89,0x25,0x89,0x25,
    0x89,0x25,0x89,0x25,0x89,0x25,0x89,0x25,0x89,0x25,0x89,0x25,0x89,0x25,0x89,0x25,
    0x89,0x25,0x89,0x25,0x89,0x25,0x89,0x25,0x89,0x25,0x89,0x25,0x89,0x25,0x89,0x25,
    0x89,0x25,0x89,0x25,0x89,0x25,0x89,0x25,0x89,0x25,0x89,0x25,0x89,0x25,0x89,0x25,
    0x89,0x25,0x89,0x25,0x89,0x25,0x89,0x25,0x89,0x25,0x89,0x25,0x89,0x25,0x89,0x25,
    0x89,0x25,0x89,0x25,0x89,0x25,0x89,0x25,0x89,0x25,0x89,0x25,0x89,0x25,0x89,0x25,
    0x89,0x25,0x89,0x25,0x89,0x25,0x89,0x25,0x89,0x25,0x89,0x25,0x89,0x25,0x89,0x25,
    0x89,0x25,0x89,0x25,0x89,0x25,0x89,0x25,0x89,0x25,0x89,0x25,0x89,0x25,0x89,0x25,
    0x89,0x25,0x89,0x25,0x89,0x25,0x89,0x25,0x89,0x25,0x89,0x25,0x89,0x25,0x89,0x25,
    0x89,0x25,0x89,0x25,0x89,0x25,0x89,0x25,0x89,0x25,0x89,0x25,0x89,0x25,0x89,0x25,
    0x89,0x25,0x89,0x25,0x89,0x25,0x89,0x25,0x89,0x25,0x89,0x25,0x89,0x25,0x89,0x25,
    0x89,0x25,0x89,0x25,0x89,0x25,0x89,0x25,0x89,0x25,0x89,0x25,0x89,0x25,0x89,0x25,
    0x89,0x25,0x89,0x25,0x89,0x25,0x89,0x25,0x89,0x25,0x89,0x25,0x89,0x25,0x89,0x25,
    0x89,0x25,0x89,0x25,0x89,0x25,0x89,0x25,0x89,0x25,0x89,0x25,0x89,0x25,0x89,0x25,
    0x89,0x25,0x89,0x25,0x89,0x25,0x89,0x25,0x89,0x25,0x89,0x25,0x89,0x25,0x89,0x25,
    0x89,0x25,0x89,0x25,0x89,0x25,0x89,0x25,0x89,0x25,0x89,0x25,0x89,0x25,0x89,0x25,
    0x89,0x25,0x89,0x25,0x89,0x25,0x89,0x25,0x89,0x25,0x89,0x25,0x89,0x25,0x89,0x25,
    0x89,0x25,0x89,0x25,0x89,0x25,0x89,0x25,0x89,0x25,0x89,0x25,0x89,0x25,0x89,0x25,
    0x89,0x25,0x89,0x25,0x89,0x25,0x89,0x25,0x89,0x25,0x89,0x25,0x89,0x25,0x89,0x25,
    0x89,0x25,0x89,0x25,0x89,0x25,0x89,0x25,0x89,0x25,0x89,0x25,0x89,0x25,0x89,0x25,
    0x89,0x25,0x89,0x25,0x89,0x25,0x89,0x25,0x89,0x25,0x89,0x25,0x89,0x25,0x89,0x25,
    0x89,0x25,0x89,0x25,0x89,0x25,0x89,0x25,0x89,0x25,0x89,0x25,0x89,0x25,0x89,0x25,
    0x89,0x25,0x89,0x25,0x89,0x25,0x89,0x25,0x89,0x25,0x89,0x25,0x89,0x25,0x89,0x25,
    0x89,0x25,0x89,0x25,0x89,0x25,0x89,0x25,0x89,0x25,0x89,0x25,0x89,0x25,0x89,0x25,
    0x89,0x25,0x89,0x25,0x89,0x25,0x89,0x25,0x89,0x25,0x89,0x25,0x89,0x25,0x89,0x25,
    0x89,0x25,0x89,0x25,0x89,0x25,0x89,0x25,0x89,0x25,0x89,0x25,0x89,0x25,0x89,0x25,
    0x89,0x25,0x89,0x25,0x89,0x25,0x89,0x25,0x89,0x25,0x89,0x25,0x89,0x25,0x89,0x25,
    0x89,0x25,0x89,0x25,0xCA,0x25,0x89,0x25,0x00,0x00,0x4A,0x05,0x00,0x00,0x00,0x00,
    0x00,0x00,0x00,0x00,0x4A,0x05,0x00,0x00,0xC7,0x1B,0xEA,0x25,0x89,0x25,0x89,0x25,
    0x89,0x25,0x89,0x25,0x89,0x25,0x89,0x25,0x89,0x25,0x89,0x25,0x89,0x25,0x89,0x25,
    0x89,0x25,0x89,0x25,0x89,0x25,0x89,0x25,0x89,0x25,0x89,0x25,0x89,0x25,0x89,0x25,
    0x89,0x25,0x89,0x25,0x89,0x25,0x89,0x25,0x89,0x25,0x89,0x25,0x89,0x25,0x89,0x25,
    0x89,0x25,0x89,0x25,0x89,0x25,0x89,0x25,0x89,0x25,0x89,0x25,0x89,0x25,0x89,0x25,
    0x89,0x25,0x89,0x25,0x89,0x25,0x89,0x25,0x89,0x25,0x89,0x25,0x89,0x25,0x89,0x25,
    0x89,0x25,0x89,0x25,0x89,0x25,0x89,0x25,0x89,0x25,0x89,0x25,0x89,0x25,0x89,0x25,
    0x89,0x25,0x89,0x25,0x89,0x25,0x89,0x25,0x89,0x25,0x89,0x25,0x89,0x25,0x89,0x25,
    0x89,0x25,0x89,0x25,0x89,0x25,0x89,0x25,0x89,0x25,0x89,0x25,0x89,0x25,0x89,0x25,
    0x89,0x25,0x89,0x25,0x89,0x25,0x89,0x25,0x89,0x25,0x89,0x25,0x89,0x25,0x89,0x25,
    0x89,0x25,0x89,0x25,0x89,0x25,0x89,0x25,0x89,0x25,0x89,0x25,0x89,0x25,0x89,0x25,
    0x89,0x25,0x89,0x25,0x89,0x25,0x89,0x25,0x89,0x25,0x89,0x25,0x89,0x25,0x89,0x25,
    0x89,0x25,0x89,0x25,0x89,0x25,0x89,0x25,0x89,0x25,0x89,0x25,0x89,0x25,0x89,0x25,
    0x89,0x25,0x89,0x25,0x89,0x25,0x89,0x25,0x89,0x25,0x89,0x25,0x89,0x25,0x89,0x25,
    0x89,0x25,0x89,0x25,0x89,0x25,0x89,0x25,0x89,0x25,0x89,0x25,0x89,0x25,0x89,0x25,
    0x89,0x25,0x89,0x25,0x89,0x25,0x89,0x25,0x89,0x25,0x89,0x25,0x89,0x25,0x89,0x25,
    0x89,0x25,0x89,0x25,0x89,0x25,0x89,0x25,0x89,0x25,0x89,0x25,0x89,0x25,0x89,0x25,
    0x89,0x25,0x89,0x25,0x89,0x25,0x89,0x25,0x89,0x25,0x89,0x25,0x89,0x25,0x89,0x25,
    0x89,0x25,0x89,0x25,0x89,0x25,0x89,0x25,0x89,0x25,0x89,0x25,0x89,0x25,0x89,0x25,
    0x89,0x25,0x89,0x25,0x89,0x25,0x89,0x25,0x89,0x25,0x89,0x25,0x89,0x25,0x89,0x25,
    0x89,0x25,0x89,0x25,0x89,0x25,0x89,0x25,0x89,0x25,0x89,0x25,0x89,0x25,0x89,0x25,
    0x89,0x25,0x89,0x25,0x89,0x25,0x89,0x25,0x89,0x25,0x89,0x25,0x89,0x25,0x89,0x25,
    0x89,0x25,0x89,0x25,0x89,0x25,0x89,0x25,0x89,0x25,0x89,0x25,0x89,0x25,0x89,0x25,
    0x89,0x25,0x89,0x25,0x89,0x25,0x89,0x25,0x89,0x25,0x89,0x25,0x89,0x25,0x89,0x25,
    0x89,0x25,0x89,0x25,0x89,0x25,0x89,0x25,0x89,0x25,0x89,0x25,0x89,0x25,0x89,0x25,
    0x89,0x25,0x89,0x25,0x89,0x25,0x89,0x25,0x89,0x25,0x89,0x25,0x89,0x25,0x89,0x25,
    0x89,0x25,0x89,0x25,0x89,0x25,0x89,0x25,0x89,0x25,0x89,0x25,0x89,0x25,0x89,0x25,
    0x89,0x25,0x89,0x25,0x89,0x25,0x89,0x25,0x89,0x25,0x89,0x25,0x89,0x25,0x89,0x25,
    0x89,0x25,0x89,0x25,0x89,0x25,0x89,0x25,0x89,0x25,0x89,0x25,0x89,0x25,0x89,0x25,
    0x89,0x25,0x89,0x25,0x89,0x25,0x89,0x25,0x89,0x25,0x89,0x25,0x89,0x25,0x89,0x25,
    0x89,0x25,0x89,0x25,0x89,0x25,0x89,0x25,0x89,0x25,0x89,0x25,0x89,0x25,0x89,0x25,
    0x89,0x25,0x89,0x25,0x89,0x25,0x89,0x25,0x89,0x25,0x89,0x25,0x89,0x25,0x89,0x25,
    0x89,0x25,0x89,0x25,0x89,0x25,0x89,0x25,0x89,0x25,0x89,0x25,0x89,0x25,0x89,0x25,
    0xCA,0x25,0x89,0x25,0x00,0x00,0x4A,0x05,0x00,0x00,0x00,0x00,0x00,0x00,0x00,0x00,
    0x4A,0x05,0x00,0x00,0xC7,0x1B,0xEA,0x25,0x89,0x25,0x89,0x25,0x89,0x25,0x89,0x25,
    0x89,0x25,0x89,0x25,0x89,0x25,0x89,0x25,0x89,0x25,0x89,0x25,0x89,0x25,0x89,0x25,
    0x89,0x25,0x89,0x25,0x89,0x25,0x89,0x25,0x89,0x25,0x89,0x25,0x89,0x25,0x89,0x25,
    0x89,0x25,0x89,0x25,0x89,0x25,0x89,0x25,0x89,0x25,0x89,0x25,0x89,0x25,0x89,0x25,
    0x89,0x25,0x89,0x25,0x89,0x25,0x89,0x25,0x89,0x25,0x89,0x25,0x89,0x25,0x89,0x25,
    0x89,0x25,0x89,0x25,0x89,0x25,0x89,0x25,0x89,0x25,0x89,0x25,0x89,0x25,0x89,0x25,
    0x89,0x25,0x89,0x25,0x89,0x25,0x89,0x25,0x89,0x25,0x89,0x25,0x89,0x25,0x89,0x25,
    0x89,0x25,0x89,0x25,0x89,0x25,0x89,0x25,0x89,0x25,0x89,0x25,0x89,0x25,0x89,0x25,
    0x89,0x25,0x89,0x25,0x89,0x25,0x89,0x25,0x89,0x25,0x89,0x25,0x89,0x25,0x89,0x25,
    0x89,0x25,0x89,0x25,0x89,0x25,0x89,0x25,0x89,0x25,0x89,0x25,0x89,0x25,0x89,0x25,
    0x89,0x25,0x89,0x25,0x89,0x25,0x89,0x25,0x89,0x25,0x89,0x25,0x89,0x25,0x89,0x25,
    0x89,0x25,0x89,0x25,0x89,0x25,0x89,0x25,0x89,0x25,0x89,0x25,0x89,0x25,0x89,0x25,
    0x89,0x25,0x89,0x25,0x89,0x25,0x89,0x25,0x89,0x25,0x89,0x25,0x89,0x25,0x89,0x25,
    0x89,0x25,0x89,0x25,0x89,0x25,0x89,0x25,0x89,0x25,0x89,0x25,0x89,0x25,0x89,0x25,
    0x89,0x25,0x89,0x25,0x89,0x25,0x89,0x25,0x89,0x25,0x89,0x25,0x89,0x25,0x89,0x25,
    0x89,0x25,0x89,0x25,0x89,0x25,0x89,0x25,0x89,0x25,0x89,0x25,0x89,0x25,0x89,0x25,
    0x89,0x25,0x89,0x25,0x89,0x25,0x89,0x25,0x89,0x25,0x89,0x25,0x89,0x25,0x89,0x25,
    0x89,0x25,0x89,0x25,0x89,0x25,0x89,0x25,0x89,0x25,0x89,0x25,0x89,0x25,0x89,0x25,
    0x89,0x25,0x89,0x25,0x89,0x25,0x89,0x25,0x89,0x25,0x89,0x25,0x89,0x25,0x89,0x25,
    0x89,0x25,0x89,0x25,0x89,0x25,0x89,0x25,0x89,0x25,0x89,0x25,0x89,0x25,0x89,0x25,
    0x89,0x25,0x89,0x25,0x89,0x25,0x89,0x25,0x89,0x25,0x89,0x25,0x89,0x25,0x89,0x25,
    0x89,0x25,0x89,0x25,0x89,0x25,0x89,0x25,0x89,0x25,0x89,0x25,0x89,0x25,0x89,0x25,
    0x89,0x25,0x89,0x25,0x89,0x25,0x89,0x25,0x89,0x25,0x89,0x25,0x89,0x25,0x89,0x25,
    0x89,0x25,0x89,0x25,0x89,0x25,0x89,0x25,0x89,0x25,0x89,0x25,0x89,0x25,0x89,0x25,
    0x89,0x25,0x89,0x25,0x89,0x25,0x89,0x25,0x89,0x25,0x89,0x25,0x89,0x25,0x89,0x25,
    0x89,0x25,0x89,0x25,0x89,0x25,0x89,0x25,0x89,0x25,0x89,0x25,0x89,0x25,0x89,0x25,
    0x89,0x25,0x89,0x25,0x89,0x25,0x89,0x25,0x89,0x25,0x89,0x25,0x89,0x25,0x89,0x25,
    0x89,0x25,0x89,0x25,0x89,0x25,0x89,0x25,0x89,0x25,0x89,0x25,0x89,0x25,0x89,0x25,
    0x89,0x25,0x89,0x25,0x89,0x25,0x89,0x25,0x89,0x25,0x89,0x25,0x89,0x25,0x89,0x25,
    0x89,0x25,0x89,0x25,0x89,0x25,0x89,0x25,0x89,0x25,0x89,0x25,0x89,0x25,0x89,0x25,
    0x89,0x25,0x89,0x25,0x89,0x25,0x89,0x25,0x89,0x25,0x89,0x25,0x89,0x25,0x89,0x25,
    0x89,0x25,0x89,0x25,0x89,0x25,0x89,0x25,0x89,0x25,0x89,0x25,0x89,0x25,0x89,0x25,
    0x89,0x25,0x89,0x25,0x89,0x25,0x89,0x25,0x89,0x25,0x89,0x25,0xCA,0x25,0x89,0x25,
    0x00,0x00,0x4A,0x05,0x00,0x00,0x00,0x00,0x00,0x00,0x00,0x00,0x4A,0x05,0x00,0x00,
    0xC7,0x1B,0xEA,0x25,0x89,0x25,0x89,0x25,0x89,0x25,0x89,0x25,0x89,0x25,0x89,0x25,
    0x89,0x25,0x89,0x25,0x89,0x25,0x89,0x25,0x89,0x25,0x89,0x25,0x89,0x25,0x89,0x25,
    0x89,0x25,0x89,0x25,0x89,0x25,0x89,0x25,0x89,0x25,0x89,0x25,0x89,0x25,0x89,0x25,
    0x89,0x25,0x89,0x25,0x89,0x25,0x89,0x25,0x89,0x25,0x89,0x25,0x89,0x25,0x89,0x25,
    0x89,0x25,0x89,0x25,0x89,0x25,0x89,0x25,0x89,0x25,0x89,0x25,0x89,0x25,0x89,0x25,
    0x89,0x25,0x89,0x25,0x89,0x25,0x89,0x25,0x89,0x25,0x89,0x25,0x89,0x25,0x89,0x25,
    0x89,0x25,0x89,0x25,0x89,0x25,0x89,0x25,0x89,0x25,0x89,0x25,0x89,0x25,0x89,0x25,
    0x89,0x25,0x89,0x25,0x89,0x25,0x89,0x25,0x89,0x25,0x89,0x25,0x89,0x25,0x89,0x25,
    0x89,0x25,0x89,0x25,0x89,0x25,0x89,0x25,0x89,0x25,0x89,0x25,0x89,0x25,0x89,0x25,
    0x89,0x25,0x89,0x25,0x89,0x25,0x89,0x25,0x89,0x25,0x89,0x25,0x89,0x25,0x89,0x25,
    0x89,0x25,0x89,0x25,0x89,0x25,0x89,0x25,0x89,0x25,0x89,0x25,0x89,0x25,0x89,0x25,
    0x89,0x25,0x89,0x25,0x89,0x25,0x89,0x25,0x89,0x25,0x89,0x25,0x89,0x25,0x89,0x25,
    0x89,0x25,0x89,0x25,0x89,0x25,0x89,0x25,0x89,0x25,0x89,0x25,0x89,0x25,0x89,0x25,
    0x89,0x25,0x89,0x25,0x89,0x25,0x89,0x25,0x89,0x25,0x89,0x25,0x89,0x25,0x89,0x25,
    0x89,0x25,0x89,0x25,0x89,0x25,0x89,0x25,0x89,0x25,0x89,0x25,0x89,0x25,0x89,0x25,
    0x89,0x25,0x89,0x25,0x89,0x25,0x89,0x25,0x89,0x25,0x89,0x25,0x89,0x25,0x89,0x25,
    0x89,0x25,0x89,0x25,0x89,0x25,0x89,0x25,0x89,0x25,0x89,0x25,0x89,0x25,0x89,0x25,
    0x89,0x25,0x89,0x25,0x89,0x25,0x89,0x25,0x89,0x25,0x89,0x25,0x89,0x25,0x89,0x25,
    0x89,0x25,0x89,0x25,0x89,0x25,0x89,0x25,0x89,0x25,0x89,0x25,0x89,0x25,0x89,0x25,
    0x89,0x25,0x89,0x25,0x89,0x25,0x89,0x25,0x89,0x25,0x89,0x25,0x89,0x25,0x89,0x25,
    0x89,0x25,0x89,0x25,0x89,0x25,0x89,0x25,0x89,0x25,0x89,0x25,0x89,0x25,0x89,0x25,
    0x89,0x25,0x89,0x25,0x89,0x25,0x89,0x25,0x89,0x25,0x89,0x25,0x89,0x25,0x89,0x25,
    0x89,0x25,0x89,0x25,0x89,0x25,0x89,0x25,0x89,0x25,0x89,0x25,0x89,0x25,0x89,0x25,
    0x89,0x25,0x89,0x25,0x89,0x25,0x89,0x25,0x89,0x25,0x89,0x25,0x89,0x25,0x89,0x25,
    0x89,0x25,0x89,0x25,0x89,0x25,0x89,0x25,0x89,0x25,0x89,0x25,0x89,0x25,0x89,0x25,
    0x89,0x25,0x89,0x25,0x89,0x25,0x89,0x25,0x89,0x25,0x89,0x25,0x89,0x25,0x89,0x25,
    0x89,0x25,0x89,0x25,0x89,0x25,0x89,0x25,0x89,0x25,0x89,0x25,0x89,0x25,0x89,0x25,
    0x89,0x25,0x89,0x25,0x89,0x25,0x89,0x25,0x89,0x25,0x89,0x25,0x89,0x25,0x89,0x25,
    0x89,0x25,0x89,0x25,0x89,0x25,0x89,0x25,0x89,0x25,0x89,0x25,0x89,0x25,0x89,0x25,
    0x89,0x25,0x89,0x25,0x89,0x25,0x89,0x25,0x89,0x25,0x89,0x25,0x89,0x25,0x89,0x25,
    0x89,0x25,0x89,0x25,0x89,0x25,0x89,0x25,0x89,0x25,0x89,0x25,0x89,0x25,0x89,0x25,
    0x89,0x25,0x89,0x25,0x89,0x25,0x89,0x25,0x89,0x25,0x89,0x25,0x89,0x25,0x89,0x25,
    0x89,0x25,0x89,0x25,0x89,0x25,0x89,0x25,0xCA,0x25,0x89,0x25,0x00,0x00,0x4A,0x05,
    0x00,0x00,0x00,0x00,0x00,0x00,0x00,0x00,0x4A,0x05,0x00,0x00,0xC7,0x1B,0xEA,0x25,
    0x89,0x25,0x89,0x25,0x89,0x25,0x89,0x25,0x89,0x25,0x89,0x25,0x89,0x25,0x89,0x25,
    0x89,0x25,0x89,0x25,0x89,0x25,0x89,0x25,0x89,0x25,0x89,0x25,0x89,0x25,0x89,0x25,
    0x89,0x25,0x89,0x25,0x89,0x25,0x89,0x25,0x89,0x25,0x89,0x25,0x89,0x25,0x89,0x25,
    0x89,0x25,0x89,0x25,0x89,0x25,0x89,0x25,0x89,0x25,0x89,0x25,0x89,0x25,0x89,0x25,
    0x89,0x25,0x89,0x25,0x89,0x25,0x89,0x25,0x89,0x25,0x89,0x25,0x89,0x25,0x89,0x25,
    0x89,0x25,0x89,0x25,0x89,0x25,0x89,0x25,0x89,0x25,0x89,0x25,0x89,0x25,0x89,0x25,
    0x89,0x25,0x89,0x25,0x89,0x25,0x89,0x25,0x89,0x25,0x89,0x25,0x89,0x25,0x89,0x25,
    0x89,0x25,0x89,0x25,0x89,0x25,0x89,0x25,0x89,0x25,0x89,0x25,0x89,0x25,0x89,0x25,
    0x89,0x25,0x89,0x25,0x89,0x25,0x89,0x25,0x89,0x25,0x89,0x25,0x89,0x25,0x89,0x25,
    0x89,0x25,0x89,0x25,0x89,0x25,0x89,0x25,0x89,0x25,0x89,0x25,0x89,0x25,0x89,0x25,
    0x89,0x25,0x89,0x25,0x89,0x25,0x89,0x25,0x89,0x25,0x89,0x25,0x89,0x25,0x89,0x25,
    0x89,0x25,0x89,0x25,0x89,0x25,0x89,0x25,0x89,0x25,0x89,0x25,0x89,0x25,0x89,0x25,
    0x89,0x25,0x89,0x25,0x89,0x25,0x89,0x25,0x89,0x25,0x89,0x25,0x89,0x25,0x89,0x25,
    0x89,0x25,0x89,0x25,0x89,0x25,0x89,0x25,0x89,0x25,0x89,0x25,0x89,0x25,0x89,0x25,
    0x89,0x25,0x89,0x25,0x89,0x25,0x89,0x25,0x89,0x25,0x89,0x25,0x89,0x25,0x89,0x25,
    0x89,0x25,0x89,0x25,0x89,0x25,0x89,0x25,0x89,0x25,0x89,0x25,0x89,0x25,0x89,0x25,
    0x89,0x25,0x89,0x25,0x89,0x25,0x89,0x25,0x89,0x25,0x89,0x25,0x89,0x25,0x89,0x25,
    0x89,0x25,0x89,0x25,0x89,0x25,0x89,0x25,0x89,0x25,0x89,0x25,0x89,0x25,0x89,0x25,
    0x89,0x25,0x89,0x25,0x89,0x25,0x89,0x25,0x89,0x25,0x89,0x25,0x89,0x25,0x89,0x25,
    0x89,0x25,0x89,0x25,0x89,0x25,0x89,0x25,0x89,0x25,0x89,0x25,0x89,0x25,0x89,0x25,
    0x89,0x25,0x89,0x25,0x89,0x25,0x89,0x25,0x89,0x25,0x89,0x25,0x89,0x25,0x89,0x25,
    0x89,0x25,0x89,0x25,0x89,0x25,0x89,0x25,0x89,0x25,0x89,0x25,0x89,0x25,0x89,0x25,
    0x89,0x25,0x89,0x25,0x89,0x25,0x89,0x25,0x89,0x25,0x89,0x25,0x89,0x25,0x89,0x25,
    0x89,0x25,0x89,0x25,0x89,0x25,0x89,0x25,0x89,0x25,0x89,0x25,0x89,0x25,0x89,0x25,
    0x89,0x25,0x89,0x25,0x89,0x25,0x89,0x25,0x89,0x25,0x89,0x25,0x89,0x25,0x89,0x25,
    0x89,0x25,0x89,0x25,0x89,0x25,0x89,0x25,0x89,0x25,0x89,0x25,0x89,0x25,0x89,0x25,
    0x89,0x25,0x89,0x25,0x89,0x25,0x89,0x25,0x89,0x25,0x89,0x25,0x89,0x25,0x89,0x25,
    0x89,0x25,0x89,0x25,0x89,0x25,0x89,0x25,0x89,0x25,0x89,0x25,0x89,0x25,0x89,0x25,
    0x89,0x25,0x89,0x25,0x89,0x25,0x89,0x25,0x89,0x25,0x89,0x25,0x89,0x25,0x89,0x25,
    0x89,0x25,0x89,0x25,0x89,0x25,0x89,0x25,0x89,0x25,0x89,0x25,0x89,0x25,0x89,0x25,
    0x89,0x25,0x89,0x25,0x89,0x25,0x89,0x25,0x89,0x25,0x89,0x25,0x89,0x25,0x89,0x25,
    0x89,0x25,0x89,0x25,0x89,0x25,0x89,0x25,0x89,0x25,0x89,0x25,0x89,0x25,0x89,0x25,
    0x89,0x25,0x89,0x25,0xCA,0x25,0x89,0x25,0x00,0x00,0x4A,0x05,0x00,0x00,0x00,0x00,
    0x00,0x00,0x00,0x00,0x4A,0x05,0x00,0x00,0xC7,0x1B,0xEA,0x25,0x89,0x25,0x89,0x25,
    0x89,0x25,0x89,0x25,0x89,0x25,0x89,0x25,0x89,0x25,0x89,0x25,0x89,0x25,0x89,0x25,
    0x89,0x25,0x89,0x25,0x89,0x25,0x89,0x25,0x89,0x25,0x89,0x25,0x89,0x25,0x89,0x25,
    0x89,0x25,0x89,0x25,0x89,0x25,0x89,0x25,0x89,0x25,0x89,0x25,0x89,0x25,0x89,0x25,
    0x89,0x25,0x89,0x25,0x89,0x25,0x89,0x25,0x89,0x25,0x89,0x25,0x89,0x25,0x89,0x25,
    0x89,0x25,0x89,0x25,0x89,0x25,0x89,0x25,0x89,0x25,0x89,0x25,0x89,0x25,0x89,0x25,
    0x89,0x25,0x89,0x25,0x89,0x25,0x89,0x25,0x89,0x25,0x89,0x25,0x89,0x25,0x89,0x25,
    0x89,0x25,0x89,0x25,0x89,0x25,0x89,0x25,0x89,0x25,0x89,0x25,0x89,0x25,0x89,0x25,
    0x89,0x25,0x89,0x25,0x89,0x25,0x89,0x25,0x89,0x25,0x89,0x25,0x89,0x25,0x89,0x25,
    0x89,0x25,0x89,0x25,0x89,0x25,0x89,0x25,0x89,0x25,0x89,0x25,0x89,0x25,0x89,0x25,
    0x89,0x25,0x89,0x25,0x89,0x25,0x89,0x25,0x89,0x25,0x89,0x25,0x89,0x25,0x89,0x25,
    0x89,0x25,0x89,0x25,0x89,0x25,0x89,0x25,0x89,0x25,0x89,0x25,0x89,0x25,0x89,0x25,
    0x89,0x25,0x89,0x25,0x89,0x25,0x89,0x25,0x89,0x25,0x89,0x25,0x89,0x25,0x89,0x25,
    0x89,0x25,0x89,0x25,0x89,0x25,0x89,0x25,0x89,0x25,0x89,0x25,0x89,0x25,0x89,0x25,
    0x89,0x25,0x89,0x25,0x89,0x25,0x89,0x25,0x89,0x25,0x89,0x25,0x89,0x25,0x89,0x25,
    0x89,0x25,0x89,0x25,0x89,0x25,0x89,0x25,0x89,0x25,0x89,0x25,0x89,0x25,0x89,0x25,
    0x89,0x25,0x89,0x25,0x89,0x25,0x89,0x25,0x89,0x25,0x89,0x25,0x89,0x25,0x89,0x25,
    0x89,0x25,0x89,0x25,0x89,0x25,0x89,0x25,0x89,0x25,0x89,0x25,0x89,0x25,0x89,0x25,
    0x89,0x25,0x89,0x25,0x89,0x25,0x89,0x25,0x89,0x25,0x89,0x25,0x89,0x25,0x89,0x25,
    0x89,0x25,0x89,0x25,0x89,0x25,0x89,0x25,0x89,0x25,0x89,0x25,0x89,0x25,0x89,0x25,
    0x89,0x25,0x89,0x25,0x89,0x25,0x89,0x25,0x89,0x25,0x89,0x25,0x89,0x25,0x89,0x25,
    0x89,0x25,0x89,0x25,0x89,0x25,0x89,0x25,0x89,0x25,0x89,0x25,0x89,0x25,0x89,0x25,
    0x89,0x25,0x89,0x25,0x89,0x25,0x89,0x25,0x89,0x25,0x89,0x25,0x89,0x25,0x89,0x25,
    0x89,0x25,0x89,0x25,0x89,0x25,0x89,0x25,0x89,0x25,0x89,0x25,0x89,0x25,0x89,0x25,
    0x89,0x25,0x89,0x25,0x89,0x25,0x89,0x25,0x89,0x25,0x89,0x25,0x89,0x25,0x89,0x25,
    0x89,0x25,0x89,0x25,0x89,0x25,0x89,0x25,0x89,0x25,0x89,0x25,0x89,0x25,0x89,0x25,
    0x89,0x25,0x89,0x25,0x89,0x25,0x89,0x25,0x89,0x25,0x89,0x25,0x89,0x25,0x89,0x25,
    0x89,0x25,0x89,0x25,0x89,0x25,0x89,0x25,0x89,0x25,0x89,0x25,0x89,0x25,0x89,0x25,
    0x89,0x25,0x89,0x25,0x89,0x25,0x89,0x25,0x89,0x25,0x89,0x25,0x89,0x25,0x89,0x25,
    0x89,0x25,0x89,0x25,0x89,0x25,0x89,0x25,0x89,0x25,0x89,0x25,0x89,0x25,0x89,0x25,
    0x89,0x25,0x89,0x25,0x89,0x25,0x89,0x25,0x89,0x25,0x89,0x25,0x89,0x25,0x89,0x25,
    0x89,0x25,0x89,0x25,0x89,0x25,0x89,0x25,0x89,0x25,0x89,0x25,0x89,0x25,0x89,0x25,
    0x89,0x25,0x89,0x25,0x89,0x25,0x89,0x25,0x89,0x25,0x89,0x25,0x89,0x25,0x89,0x25,
    0xCA,0x25,0x89,0x25,0x00,0x00,0x4A,0x05,0x00,0x00,0x00,0x00,0x00,0x00,0x00,0x00,
    0x4A,0x05,0x00,0x00,0xC7,0x1B,0xEA,0x25,0x89,0x25,0x89,0x25,0x89,0x25,0x89,0x25,
    0x89,0x25,0x89,0x25,0x89,0x25,0x89,0x25,0x89,0x25,0x89,0x25,0x89,0x25,0x89,0x25,
    0x89,0x25,0x89,0x25,0x89,0x25,0x89,0x25,0x89,0x25,0x89,0x25,0x89,0x25,0x89,0x25,
    0x89,0x25,0x89,0x25,0x89,0x25,0x89,0x25,0x89,0x25,0x89,0x25,0x89,0x25,0x89,0x25,
    0x89,0x25,0x89,0x25,0x89,0x25,0x89,0x25,0x89,0x25,0x89,0x25,0x89,0x25,0x89,0x25,
    0x89,0x25,0x89,0x25,0x89,0x25,0x89,0x25,0x89,0x25,0x89,0x25,0x89,0x25,0x89,0x25,
    0x89,0x25,0x89,0x25,0x89,0x25,0x89,0x25,0x89,0x25,0x89,0x25,0x89,0x25,0x89,0x25,
    0x89,0x25,0x89,0x25,0x89,0x25,0x89,0x25,0x89,0x25,0x89,0x25,0x89,0x25,0x89,0x25,
    0x89,0x25,0x89,0x25,0x89,0x25,0x89,0x25,0x89,0x25,0x89,0x25,0x89,0x25,0x89,0x25,
    0x89,0x25,0x89,0x25,0x89,0x25,0x89,0x25,0x89,0x25,0x89,0x25,0x89,0x25,0x89,0x25,
    0x89,0x25,0x89,0x25,0x89,0x25,0x89,0x25,0x89,0x25,0x89,0x25,0x89,0x25,0x89,0x25,
    0x89,0x25,0x89,0x25,0x89,0x25,0x89,0x25,0x89,0x25,0x89,0x25,0x89,0x25,0x89,0x25,
    0x89,0x25,0x89,0x25,0x89,0x25,0x89,0x25,0x89,0x25,0x89,0x25,0x89,0x25,0x89,0x25,
    0x89,0x25,0x89,0x25,0x89,0x25,0x89,0x25,0x89,0x25,0x89,0x25,0x89,0x25,0x89,0x25,
    0x89,0x25,0x89,0x25,0x89,0x25,0x89,0x25,0x89,0x25,0x89,0x25,0x89,0x25,0x89,0x25,
    0x89,0x25,0x89,0x25,0x89,0x25,0x89,0x25,0x89,0x25,0x89,0x25,0x89,0x25,0x89,0x25,
    0x89,0x25,0x89,0x25,0x89,0x25,0x89,0x25,0x89,0x25,0x89,0x25,0x89,0x25,0x89,0x25,
    0x89,0x25,0x89,0x25,0x89,0x25,0x89,0x25,0x89,0x25,0x89,0x25,0x89,0x25,0x89,0x25,
    0x89,0x25,0x89,0x25,0x89,0x25,0x89,0x25,0x89,0x25,0x89,0x25,0x89,0x25,0x89,0x25,
    0x89,0x25,0x89,0x25,0x89,0x25,0x89,0x25,0x89,0x25,0x89,0x25,0x89,0x25,0x89,0x25,
    0x89,0x25,0x89,0x25,0x89,0x25,0x89,0x25,0x89,0x25,0x89,0x25,0x89,0x25,0x89,0x25,
    0x89,0x25,0x89,0x25,0x89,0x25,0x89,0x25,0x89,0x25,0x89,0x25,0x89,0x25,0x89,0x25,
    0x89,0x25,0x89,0x25,0x89,0x25,0x89,0x25,0x89,0x25,0x89,0x25,0x89,0x25,0x89,0x25,
    0x89,0x25,0x89,0x25,0x89,0x25,0x89,0x25,0x89,0x25,0x89,0x25,0x89,0x25,0x89,0x25,
    0x89,0x25,0x89,0x25,0x89,0x25,0x89,0x25,0x89,0x25,0x89,0x25,0x89,0x25,0x89,0x25,
    0x89,0x25,0x89,0x25,0x89,0x25,0x89,0x25,0x89,0x25,0x89,0x25,0x89,0x25,0x89,0x25,
    0x89,0x25,0x89,0x25,0x89,0x25,0x89,0x25,0x89,0x25,0x89,0x25,0x89,0x25,0x89,0x25,
    0x89,0x25,0x89,0x25,0x89,0x25,0x89,0x25,0x89,0x25,0x89,0x25,0x89,0x25,0x89,0x25,
    0x89,0x25,0x89,0x25,0x89,0x25,0x89,0x25,0x89,0x25,0x89,0x25,0x89,0x25,0x89,0x25,
    0x89,0x25,0x89,0x25,0x89,0x25,0x89,0x25,0x89,0x25,0x89,0x25,0x89,0x25,0x89,0x25,
    0x89,0x25,0x89,0x25,0x89,0x25,0x89,0x25,0x89,0x25,0x89,0x25,0x89,0x25,0x89,0x25,
    0x89,0x25,0x89,0x25,0x89,0x25,0x89,0x25,0x89,0x25,0x89,0x25,0x89,0x25,0x89,0x25,
    0x89,0x25,0x89,0x25,0x89,0x25,0x89,0x25,0x89,0x25,0x89,0x25,0xCA,0x25,0x89,0x25,
    0x00,0x00,0x4A,0x05,0x00,0x00,0x00,0x00,0x00,0x00,0x00,0x00,0x4A,0x05,0x00,0x00,
    0xC7,0x1B,0xEA,0x25,0x89,0x25,0x89,0x25,0x89,0x25,0x89,0x25,0x89,0x25,0x89,0x25,
    0x89,0x25,0x89,0x25,0x89,0x25,0x89,0x25,0x89,0x25,0x89,0x25,0x89,0x25,0x89,0x25,
    0x89,0x25,0x89,0x25,0x89,0x25,0x89,0x25,0x89,0x25,0x89,0x25,0x89,0x25,0x89,0x25,
    0x89,0x25,0x89,0x25,0x89,0x25,0x89,0x25,0x89,0x25,0x89,0x25,0x89,0x25,0x89,0x25,
    0x89,0x25,0x89,0x25,0x89,0x25,0x89,0x25,0x89,0x25,0x89,0x25,0x89,0x25,0x89,0x25,
    0x89,0x25,0x89,0x25,0x89,0x25,0x89,0x25,0x89,0x25,0x89,0x25,0x89,0x25,0x89,0x25,
    0x89,0x25,0x89,0x25,0x89,0x25,0x89,0x25,0x89,0x25,0x89,0x25,0x89,0x25,0x89,0x25,
    0x89,0x25,0x89,0x25,0x89,0x25,0x89,0x25,0x89,0x25,0x89,0x25,0x89,0x25,0x89,0x25,
    0x89,0x25,0x89,0x25,0x89,0x25,0x89,0x25,0x89,0x25,0x89,0x25,0x89,0x25,0x89,0x25,
    0x89,0x25,0x89,0x25,0x89,0x25,0x89,0x25,0x89,0x25,0x89,0x25,0x89,0x25,0x89,0x25,
    0x89,0x25,0x89,0x25,0x89,0x25,0x89,0x25,0x89,0x25,0x89,0x25,0x89,0x25,0x89,0x25,
    0x89,0x25,0x89,0x25,0x89,0x25,0x89,0x25,0x89,0x25,0x89,0x25,0x89,0x25,0x89,0x25,
    0x89,0x25,0x89,0x25,0x89,0x25,0x89,0x25,0x89,0x25,0x89,0x25,0x89,0x25,0x89,0x25,
    0x89,0x25,0x89,0x25,0x89,0x25,0x89,0x25,0x89,0x25,0x89,0x25,0x89,0x25,0x89,0x25,
    0x89,0x25,0x89,0x25,0x89,0x25,0x89,0x25,0x89,0x25,0x89,0x25,0x89,0x25,0x89,0x25,
    0x89,0x25,0x89,0x25,0x89,0x25,0x89,0x25,0x89,0x25,0x89,0x25,0x89,0x25,0x89,0x25,
    0x89,0x25,0x89,0x25,0x89,0x25,0x89,0x25,0x89,0x25,0x89,0x25,0x89,0x25,0x89,0x25,
    0x89,0x25,0x89,0x25,0x89,0x25,0x89,0x25,0x89,0x25,0x89,0x25,0x89,0x25,0x89,0x25,
    0x89,0x25,0x89,0x25,0x89,0x25,0x89,0x25,0x89,0x25,0x89,0x25,0x89,0x25,0x89,0x25,
    0x89,0x25,0x89,0x25,0x89,0x25,0x89,0x25,0x89,0x25,0x89,0x25,0x89,0x25,0x89,0x25,
    0x89,0x25,0x89,0x25,0x89,0x25,0x89,0x25,0x89,0x25,0x89,0x25,0x89,0x25,0x89,0x25,
    0x89,0x25,0x89,0x25,0x89,0x25,0x89,0x25,0x89,0x25,0x89,0x25,0x89,0x25,0x89,0x25,
    0x89,0x25,0x89,0x25,0x89,0x25,0x89,0x25,0x89,0x25,0x89,0x25,0x89,0x25,0x89,0x25,
    0x89,0x25,0x89,0x25,0x89,0x25,0x89,0x25,0x89,0x25,0x89,0x25,0x89,0x25,0x89,0x25,
    0x89,0x25,0x89,0x25,0x89,0x25,0x89,0x25,0x89,0x25,0x89,0x25,0x89,0x25,0x89,0x25,
    0x89,0x25,0x89,0x25,0x89,0x25,0x89,0x25,0x89,0x25,0x89,0x25,0x89,0x25,0x89,0x25,
    0x89,0x25,0x89,0x25,0x89,0x25,0x89,0x25,0x89,0x25,0x89,0x25,0x89,0x25,0x89,0x25,
    0x89,0x25,0x89,0x25,0x89,0x25,0x89,0x25,0x89,0x25,0x89,0x25,0x89,0x25,0x89,0x25,
    0x89,0x25,0x89,0x25,0x89,0x25,0x89,0x25,0x89,0x25,0x89,0x25,0x89,0x25,0x89,0x25,
    0x89,0x25,0x89,0x25,0x89,0x25,0x89,0x25,0x89,0x25,0x89,0x25,0x89,0x25,0x89,0x25,
    0x89,0x25,0x89,0x25,0x89,0x25,0x89,0x25,0x89,0x25,0x89,0x25,0x89,0x25,0x89,0x25,
    0x89,0x25,0x89,0x25,0x89,0x25,0x89,0x25,0x89,0x25,0x89,0x25,0x89,0x25,0x89,0x25,
    0x89,0x25,0x89,0x25,0x89,0x25,0x89,0x25,0xCA,0x25,0x89,0x25,0x00,0x00,0x4A,0x05,
    0x00,0x00,0x00,0x00,0x00,0x00,0x00,0x00,0x4A,0x05,0x00,0x00,0xC7,0x1B,0xEA,0x25,
    0x89,0x25,0x89,0x25,0x89,0x25,0x89,0x25,0x89,0x25,0x89,0x25,0x89,0x25,0x89,0x25,
    0x89,0x25,0x89,0x25,0x89,0x25,0x89,0x25,0x89,0x25,0x89,0x25,0x89,0x25,0x89,0x25,
    0x89,0x25,0x89,0x25,0x89,0x25,0x89,0x25,0x89,0x25,0x89,0x25,0x89,0x25,0x89,0x25,
    0x89,0x25,0x89,0x25,0x89,0x25,0x89,0x25,0x89,0x25,0x89,0x25,0x89,0x25,0x89,0x25,
    0x89,0x25,0x89,0x25,0x89,0x25,0x89,0x25,0x89,0x25,0x89,0x25,0x89,0x25,0x89,0x25,
    0x89,0x25,0x89,0x25,0x89,0x25,0x89,0x25,0x89,0x25,0x89,0x25,0x89,0x25,0x89,0x25,
    0x89,0x25,0x89,0x25,0x89,0x25,0x89,0x25,0x89,0x25,0x89,0x25,0x89,0x25,0x89,0x25,
    0x89,0x25,0x89,0x25,0x89,0x25,0x89,0x25,0x89,0x25,0x89,0x25,0x89,0x25,0x89,0x25,
    0x89,0x25,0x89,0x25,0x89,0x25,0x89,0x25,0x89,0x25,0x89,0x25,0x89,0x25,0x89,0x25,
    0x89,0x25,0x89,0x25,0x89,0x25,0x89,0x25,0x89,0x25,0x89,0x25,0x89,0x25,0x89,0x25,
    0x89,0x25,0x89,0x25,0x89,0x25,0x89,0x25,0x89,0x25,0x89,0x25,0x89,0x25,0x89,0x25,
    0x89,0x25,0x89,0x25,0x89,0x25,0x89,0x25,0x89,0x25,0x89,0x25,0x89,0x25,0x89,0x25,
    0x89,0x25,0x89,0x25,0x89,0x25,0x89,0x25,0x89,0x25,0x89,0x25,0x89,0x25,0x89,0x25,
    0x89,0x25,0x89,0x25,0x89,0x25,0x89,0x25,0x89,0x25,0x89,0x25,0x89,0x25,0x89,0x25,
    0x89,0x25,0x89,0x25,0x89,0x25,0x89,0x25,0x89,0x25,0x89,0x25,0x89,0x25,0x89,0x25,
    0x89,0x25,0x89,0x25,0x89,0x25,0x89,0x25,0x89,0x25,0x89,0x25,0x89,0x25,0x89,0x25,
    0x89,0x25,0x89,0x25,0x89,0x25,0x89,0x25,0x89,0x25,0x89,0x25,0x89,0x25,0x89,0x25,
    0x89,0x25,0x89,0x25,0x89,0x25,0x89,0x25,0x89,0x25,0x89,0x25,0x89,0x25,0x89,0x25,
    0x89,0x25,0x89,0x25,0x89,0x25,0x89,0x25,0x89,0x25,0x89,0x25,0x89,0x25,0x89,0x25,
    0x89,0x25,0x89,0x25,0x89,0x25,0x89,0x25,0x89,0x25,0x89,0x25,0x89,0x25,0x89,0x25,
    0x89,0x25,0x89,0x25,0x89,0x25,0x89,0x25,0x89,0x25,0x89,0x25,0x89,0x25,0x89,0x25,
    0x89,0x25,0x89,0x25,0x89,0x25,0x89,0x25,0x89,0x25,0x89,0x25,0x89,0x25,0x89,0x25,
    0x89,0x25,0x89,0x25,0x89,0x25,0x89,0x25,0x89,0x25,0x89,0x25,0x89,0x25,0x89,0x25,
    0x89,0x25,0x89,0x25,0x89,0x25,0x89,0x25,0x89,0x25,0x89,0x25,0x89,0x25,0x89,0x25,
    0x89,0x25,0x89,0x25,0x89,0x25,0x89,0x25,0x89,0x25,0x89,0x25,0x89,0x25,0x89,0x25,
    0x89,0x25,0x89,0x25,0x89,0x25,0x89,0x25,0x89,0x25,0x89,0x25,0x89,0x25,0x89,0x25,
    0x89,0x25,0x89,0x25,0x89,0x25,0x89,0x25,0x89,0x25,0x89,0x25,0x89,0x25,0x89,0x25,
    0x89,0x25,0x89,0x25,0x89,0x25,0x89,0x25,0x89,0x25,0x89,0x25,0x89,0x25,0x89,0x25,
    0x89,0x25,0x89,0x25,0x89,0x25,0x89,0x25,0x89,0x25,0x89,0x25,0x89,0x25,0x89,0x25,
    0x89,0x25,0x89,0x25,0x89,0x25,0x89,0x25,0x89,0x25,0x89,0x25,0x89,0x25,0x89,0x25,
    0x89,0x25,0x89,0x25,0x89,0x25,0x89,0x25,0x89,0x25,0x89,0x25,0x89,0x25,0x89,0x25,
    0x89,0x25,0x89,0x25,0x89,0x25,0x89,0x25,0x89,0x25,0x89,0x25,0x89,0x25,0x89,0x25,
    0x89,0x25,0x89,0x25,0xCA,0x25,0x89,0x25,0x00,0x00,0x4A,0x05,0x00,0x00,0x00,0x00,
    0x00,0x00,0x00,0x00,0x4A,0x05,0x00,0x00,0xC7,0x1B,0xEA,0x25,0x89,0x25,0x89,0x25,
    0x89,0x25,0x89,0x25,0x89,0x25,0x89,0x25,0x89,0x25,0x89,0x25,0x89,0x25,0x89,0x25,
    0x89,0x25,0x89,0x25,0x89,0x25,0x89,0x25,0x89,0x25,0x89,0x25,0x89,0x25,0x89,0x25,
    0x89,0x25,0x89,0x25,0x89,0x25,0x89,0x25,0x89,0x25,0x89,0x25,0x89,0x25,0x89,0x25,
    0x89,0x25,0x89,0x25,0x89,0x25,0x89,0x25,0x89,0x25,0x89,0x25,0x89,0x25,0x89,0x25,
    0x89,0x25,0x89,0x25,0x89,0x25,0x89,0x25,0x89,0x25,0x89,0x25,0x89,0x25,0x89,0x25,
    0x89,0x25,0x89,0x25,0x89,0x25,0x89,0x25,0x89,0x25,0x89,0x25,0x89,0x25,0x89,0x25,
    0x89,0x25,0x89,0x25,0x89,0x25,0x89,0x25,0x89,0x25,0x89,0x25,0x89,0x25,0x89,0x25,
    0x89,0x25,0x89,0x25,0x89,0x25,0x89,0x25,0x89,0x25,0x89,0x25,0x89,0x25,0x89,0x25,
    0x89,0x25,0x89,0x25,0x89,0x25,0x89,0x25,0x89,0x25,0x89,0x25,0x89,0x25,0x89,0x25,
    0x89,0x25,0x89,0x25,0x89,0x25,0x89,0x25,0x89,0x25,0x89,0x25,0x89,0x25,0x89,0x25,
    0x89,0x25,0x89,0x25,0x89,0x25,0x89,0x25,0x89,0x25,0x89,0x25,0x89,0x25,0x89,0x25,
    0x89,0x25,0x89,0x25,0x89,0x25,0x89,0x25,0x89,0x25,0x89,0x25,0x89,0x25,0x89,0x25,
    0x89,0x25,0x89,0x25,0x89,0x25,0x89,0x25,0x89,0x25,0x89,0x25,0x89,0x25,0x89,0x25,
    0x89,0x25,0x89,0x25,0x89,0x25,0x89,0x25,0x89,0x25,0x89,0x25,0x89,0x25,0x89,0x25,
    0x89,0x25,0x89,0x25,0x89,0x25,0x89,0x25,0x89,0x25,0x89,0x25,0x89,0x25,0x89,0x25,
    0x89,0x25,0x89,0x25,0x89,0x25,0x89,0x25,0x89,0x25,0x89,0x25,0x89,0x25,0x89,0x25,
    0x89,0x25,0x89,0x25,0x89,0x25,0x89,0x25,0x89,0x25,0x89,0x25,0x89,0x25,0x89,0x25,
    0x89,0x25,0x89,0x25,0x89,0x25,0x89,0x25,0x89,0x25,0x89,0x25,0x89,0x25,0x89,0x25,
    0x89,0x25,0x89,0x25,0x89,0x25,0x89,0x25,0x89,0x25,0x89,0x25,0x89,0x25,0x89,0x25,
    0x89,0x25,0x89,0x25,0x89,0x25,0x89,0x25,0x89,0x25,0x89,0x25,0x89,0x25,0x89,0x25,
    0x89,0x25,0x89,0x25,0x89,0x25,0x89,0x25,0x89,0x25,0x89,0x25,0x89,0x25,0x89,0x25,
    0x89,0x25,0x89,0x25,0x89,0x25,0x89,0x25,0x89,0x25,0x89,0x25,0x89,0x25,0x89,0x25,
    0x89,0x25,0x89,0x25,0x89,0x25,0x89,0x25,0x89,0x25,0x89,0x25,0x89,0x25,0x89,0x25,
    0x89,0x25,0x89,0x25,0x89,0x25,0x89,0x25,0x89,0x25,0x89,0x25,0x89,0x25,0x89,0x25,
    0x89,0x25,0x89,0x25,0x89,0x25,0x89,0x25,0x89,0x25,0x89,0x25,0x89,0x25,0x89,0x25,
    0x89,0x25,0x89,0x25,0x89,0x25,0x89,0x25,0x89,0x25,0x89,0x25,0x89,0x25,0x89,0x25,
    0x89,0x25,0x89,0x25,0x89,0x25,0x89,0x25,0x89,0x25,0x89,0x25,0x89,0x25,0x89,0x25,
    0x89,0x25,0x89,0x25,0x89,0x25,0x89,0x25,0x89,0x25,0x89,0x25,0x89,0x25,0x89,0x25,
    0x89,0x25,0x89,0x25,0x89,0x25,0x89,0x25,0x89,0x25,0x89,0x25,0x89,0x25,0x89,0x25,
    0x89,0x25,0x89,0x25,0x89,0x25,0x89,0x25,0x89,0x25,0x89,0x25,0x89,0x25,0x89,0x25,
    0x89,0x25,0x89,0x25,0x89,0x25,0x89,0x25,0x89,0x25,0x89,0x25,0x89,0x25,0x89,0x25,
    0x89,0x25,0x89,0x25,0x89,0x25,0x89,0x25,0x89,0x25,0x89,0x25,0x89,0x25,0x89,0x25,
    0xCA,0x25,0x89,0x25,0x00,0x00,0x4A,0x05,0x00,0x00,0x00,0x00,0x00,0x00,0x00,0x00,
    0x4A,0x05,0x00,0x00,0xC7,0x1B,0xEA,0x25,0x89,0x25,0x89,0x25,0x89,0x25,0x89,0x25,
    0x89,0x25,0x89,0x25,0x89,0x25,0x89,0x25,0x89,0x25,0x89,0x25,0x89,0x25,0x89,0x25,
    0x89,0x25,0x89,0x25,0x89,0x25,0x89,0x25,0x89,0x25,0x89,0x25,0x89,0x25,0x89,0x25,
    0x89,0x25,0x89,0x25,0x89,0x25,0x89,0x25,0x89,0x25,0x89,0x25,0x89,0x25,0x89,0x25,
    0x89,0x25,0x89,0x25,0x89,0x25,0x89,0x25,0x89,0x25,0x89,0x25,0x89,0x25,0x89,0x25,
    0x89,0x25,0x89,0x25,0x89,0x25,0x89,0x25,0x89,0x25,0x89,0x25,0x89,0x25,0x89,0x25,
    0x89,0x25,0x89,0x25,0x89,0x25,0x89,0x25,0x89,0x25,0x89,0x25,0x89,0x25,0x89,0x25,
    0x89,0x25,0x89,0x25,0x89,0x25,0x89,0x25,0x89,0x25,0x89,0x25,0x89,0x25,0x89,0x25,
    0x89,0x25,0x89,0x25,0x89,0x25,0x89,0x25,0x89,0x25,0x89,0x25,0x89,0x25,0x89,0x25,
    0x89,0x25,0x89,0x25,0x89,0x25,0x89,0x25,0x89,0x25,0x89,0x25,0x89,0x25,0x89,0x25,
    0x89,0x25,0x89,0x25,0x89,0x25,0x89,0x25,0x89,0x25,0x89,0x25,0x89,0x25,0x89,0x25,
    0x89,0x25,0x89,0x25,0x89,0x25,0x89,0x25,0x89,0x25,0x89,0x25,0x89,0x25,0x89,0x25,
    0x89,0x25,0x89,0x25,0x89,0x25,0x89,0x25,0x89,0x25,0x89,0x25,0x89,0x25,0x89,0x25,
    0x89,0x25,0x89,0x25,0x89,0x25,0x89,0x25,0x89,0x25,0x89,0x25,0x89,0x25,0x89,0x25,
    0x89,0x25,0x89,0x25,0x89,0x25,0x89,0x25,0x89,0x25,0x89,0x25,0x89,0x25,0x89,0x25,
    0x89,0x25,0x89,0x25,0x89,0x25,0x89,0x25,0x89,0x25,0x89,0x25,0x89,0x25,0x89,0x25,
    0x89,0x25,0x89,0x25,0x89,0x25,0x89,0x25,0x89,0x25,0x89,0x25,0x89,0x25,0x89,0x25,
    0x89,0x25,0x89,0x25,0x89,0x25,0x89,0x25,0x89,0x25,0x89,0x25,0x89,0x25,0x89,0x25,
    0x89,0x25,0x89,0x25,0x89,0x25,0x89,0x25,0x89,0x25,0x89,0x25,0x89,0x25,0x89,0x25,
    0x89,0x25,0x89,0x25,0x89,0x25,0x89,0x25,0x89,0x25,0x89,0x25,0x89,0x25,0x89,0x25,
    0x89,0x25,0x89,0x25,0x89,0x25,0x89,0x25,0x89,0x25,0x89,0x25,0x89,0x25,0x89,0x25,
    0x89,0x25,0x89,0x25,0x89,0x25,0x89,0x25,0x89,0x25,0x89,0x25,0x89,0x25,0x89,0x25,
    0x89,0x25,0x89,0x25,0x89,0x25,0x89,0x25,0x89,0x25,0x89,0x25,0x89,0x25,0x89,0x25,
    0x89,0x25,0x89,0x25,0x89,0x25,0x89,0x25,0x89,0x25,0x89,0x25,0x89,0x25,0x89,0x25,
    0x89,0x25,0x89,0x25,0x89,0x25,0x89,0x25,0x89,0x25,0x89,0x25,0x89,0x25,0x89,0x25,
    0x89,0x25,0x89,0x25,0x89,0x25,0x89,0x25,0x89,0x25,0x89,0x25,0x89,0x25,0x89,0x25,
    0x89,0x25,0x89,0x25,0x89,0x25,0x89,0x25,0x89,0x25,0x89,0x25,0x89,0x25,0x89,0x25,
    0x89,0x25,0x89,0x25,0x89,0x25,0x89,0x25,0x89,0x25,0x89,0x25,0x89,0x25,0x89,0x25,
    0x89,0x25,0x89,0x25,0x89,0x25,0x89,0x25,0x89,0x25,0x89,0x25,0x89,0x25,0x89,0x25,
    0x89,0x25,0x89,0x25,0x89,0x25,0x89,0x25,0x89,0x25,0x89,0x25,0x89,0x25,0x89,0x25,
    0x89,0x25,0x89,0x25,0x89,0x25,0x89,0x25,0x89,0x25,0x89,0x25,0x89,0x25,0x89,0x25,
    0x89,0x25,0x89,0x25,0x89,0x25,0x89,0x25,0x89,0x25,0x89,0x25,0x89,0x25,0x89,0x25,
    0x89,0x25,0x89,0x25,0x89,0x25,0x89,0x25,0x89,0x25,0x89,0x25,0xCA,0x25,0x89,0x25,
    0x00,0x00,0x4A,0x05,0x00,0x00,0x00,0x00,0x00,0x00,0x00,0x00,0x4A,0x05,0x00,0x00,
    0xC7,0x1B,0xEA,0x25,0x89,0x25,0x89,0x25,0x89,0x25,0x89,0x25,0x89,0x25,0x89,0x25,
    0x89,0x25,0x89,0x25,0x89,0x25,0x89,0x25,0x89,0x25,0x89,0x25,0x89,0x25,0x89,0x25,
    0x89,0x25,0x89,0x25,0x89,0x25,0x89,0x25,0x89,0x25,0x89,0x25,0x89,0x25,0x89,0x25,
    0x89,0x25,0x89,0x25,0x89,0x25,0x89,0x25,0x89,0x25,0x89,0x25,0x89,0x25,0x89,0x25,
    0x89,0x25,0x89,0x25,0x89,0x25,0x89,0x25,0x89,0x25,0x89,0x25,0x89,0x25,0x89,0x25,
    0x89,0x25,0x89,0x25,0x89,0x25,0x89,0x25,0x89,0x25,0x89,0x25,0x89,0x25,0x89,0x25,
    0x89,0x25,0x89,0x25,0x89,0x25,0x89,0x25,0x89,0x25,0x89,0x25,0x89,0x25,0x89,0x25,
    0x89,0x25,0x89,0x25,0x89,0x25,0x89,0x25,0x89,0x25,0x89,0x25,0x89,0x25,0x89,0x25,
    0x89,0x25,0x89,0x25,0x89,0x25,0x89,0x25,0x89,0x25,0x89,0x25,0x89,0x25,0x89,0x25,
    0x89,0x25,0x89,0x25,0x89,0x25,0x89,0x25,0x89,0x25,0x89,0x25,0x89,0x25,0x89,0x25,
    0x89,0x25,0x89,0x25,0x89,0x25,0x89,0x25,0x89,0x25,0x89,0x25,0x89,0x25,0x89,0x25,
    0x89,0x25,0x89,0x25,0x89,0x25,0x89,0x25,0x89,0x25,0x89,0x25,0x89,0x25,0x89,0x25,
    0x89,0x25,0x89,0x25,0x89,0x25,0x89,0x25,0x89,0x25,0x89,0x25,0x89,0x25,0x89,0x25,
    0x89,0x25,0x89,0x25,0x89,0x25,0x89,0x25,0x89,0x25,0x89,0x25,0x89,0x25,0x89,0x25,
    0x89,0x25,0x89,0x25,0x89,0x25,0x89,0x25,0x89,0x25,0x89,0x25,0x89,0x25,0x89,0x25,
    0x89,0x25,0x89,0x25,0x89,0x25,0x89,0x25,0x89,0x25,0x89,0x25,0x89,0x25,0x89,0x25,
    0x89,0x25,0x89,0x25,0x89,0x25,0x89,0x25,0x89,0x25,0x89,0x25,0x89,0x25,0x89,0x25,
    0x89,0x25,0x89,0x25,0x89,0x25,0x89,0x25,0x89,0x25,0x89,0x25,0x89,0x25,0x89,0x25,
    0x89,0x25,0x89,0x25,0x89,0x25,0x89,0x25,0x89,0x25,0x89,0x25,0x89,0x25,0x89,0x25,
    0x89,0x25,0x89,0x25,0x89,0x25,0x89,0x25,0x89,0x25,0x89,0x25,0x89,0x25,0x89,0x25,
    0x89,0x25,0x89,0x25,0x89,0x25,0x89,0x25,0x89,0x25,0x89,0x25,0x89,0x25,0x89,0x25,
    0x89,0x25,0x89,0x25,0x89,0x25,0x89,0x25,0x89,0x25,0x89,0x25,0x89,0x25,0x89,0x25,
    0x89,0x25,0x89,0x25,0x89,0x25,0x89,0x25,0x89,0x25,0x89,0x25,0x89,0x25,0x89,0x25,
    0x89,0x25,0x89,0x25,0x89,0x25,0x89,0x25,0x89,0x25,0x89,0x25,0x89,0x25,0x89,0x25,
    0x89,0x25,0x89,0x25,0x89,0x25,0x89,0x25,0x89,0x25,0x89,0x25,0x89,0x25,0x89,0x25,
    0x89,0x25,0x89,0x25,0x89,0x25,0x89,0x25,0x89,0x25,0x89,0x25,0x89,0x25,0x89,0x25,
    0x89,0x25,0x89,0x25,0x89,0x25,0x89,0x25,0x89,0x25,0x89,0x25,0x89,0x25,0x89,0x25,
    0x89,0x25,0x89,0x25,0x89,0x25,0x89,0x25,0x89,0x25,0x89,0x25,0x89,0x25,0x89,0x25,
    0x89,0x25,0x89,0x25,0x89,0x25,0x89,0x25,0x89,0x25,0x89,0x25,0x89,0x25,0x89,0x25,
    0x89,0x25,0x89,0x25,0x89,0x25,0x89,0x25,0x89,0x25,0x89,0x25,0x89,0x25,0x89,0x25,
    0x89,0x25,0x89,0x25,0x89,0x25,0x89,0x25,0x89,0x25,0x89,0x25,0x89,0x25,0x89,0x25,
    0x89,0x25,0x89,0x25,0x89,0x25,0x89,0x25,0x89,0x25,0x89,0x25,0x89,0x25,0x89,0x25,
    0x89,0x25,0x89,0x25,0x89,0x25,0x89,0x25,0xCA,0x25,0x89,0x25,0x00,0x00,0x4A,0x05,
    0x00,0x00,0x00,0x00,0x00,0x00,0x00,0x00,0x4A,0x05,0x00,0x00,0xC7,0x1B,0xEA,0x25,
    0x89,0x25,0x89,0x25,0x89,0x25,0x89,0x25,0x89,0x25,0x89,0x25,0x89,0x25,0x89,0x25,
    0x89,0x25,0x89,0x25,0x89,0x25,0x89,0x25,0x89,0x25,0x89,0x25,0x89,0x25,0x89,0x25,
    0x89,0x25,0x89,0x25,0x89,0x25,0x89,0x25,0x89,0x25,0x89,0x25,0x89,0x25,0x89,0x25,
    0x89,0x25,0x89,0x25,0x89,0x25,0x89,0x25,0x89,0x25,0x89,0x25,0x89,0x25,0x89,0x25,
    0x89,0x25,0x89,0x25,0x89,0x25,0x89,0x25,0x89,0x25,0x89,0x25,0x89,0x25,0x89,0x25,
    0x89,0x25,0x89,0x25,0x89,0x25,0x89,0x25,0x89,0x25,0x89,0x25,0x89,0x25,0x89,0x25,
    0x89,0x25,0x89,0x25,0x89,0x25,0x89,0x25,0x89,0x25,0x89,0x25,0x89,0x25,0x89,0x25,
    0x89,0x25,0x89,0x25,0x89,0x25,0x89,0x25,0x89,0x25,0x89,0x25,0x89,0x25,0x89,0x25,
    0x89,0x25,0x89,0x25,0x89,0x25,0x89,0x25,0x89,0x25,0x89,0x25,0x89,0x25,0x89,0x25,
    0x89,0x25,0x89,0x25,0x89,0x25,0x89,0x25,0x89,0x25,0x89,0x25,0x89,0x25,0x89,0x25,
    0x89,0x25,0x89,0x25,0x89,0x25,0x89,0x25,0x89,0x25,0x89,0x25,0x89,0x25,0x89,0x25,
    0x89,0x25,0x89,0x25,0x89,0x25,0x89,0x25,0x89,0x25,0x89,0x25,0x89,0x25,0x89,0x25,
    0x89,0x25,0x89,0x25,0x89,0x25,0x89,0x25,0x89,0x25,0x89,0x25,0x89,0x25,0x89,0x25,
    0x89,0x25,0x89,0x25,0x89,0x25,0x89,0x25,0x89,0x25,0x89,0x25,0x89,0x25,0x89,0x25,
    0x89,0x25,0x89,0x25,0x89,0x25,0x89,0x25,0x89,0x25,0x89,0x25,0x89,0x25,0x89,0x25,
    0x89,0x25,0x89,0x25,0x89,0x25,0x89,0x25,0x89,0x25,0x89,0x25,0x89,0x25,0x89,0x25,
    0x89,0x25,0x89,0x25,0x89,0x25,0x89,0x25,0x89,0x25,0x89,0x25,0x89,0x25,0x89,0x25,
    0x89,0x25,0x89,0x25,0x89,0x25,0x89,0x25,0x89,0x25,0x89,0x25,0x89,0x25,0x89,0x25,
    0x89,0x25,0x89,0x25,0x89,0x25,0x89,0x25,0x89,0x25,0x89,0x25,0x89,0x25,0x89,0x25,
    0x89,0x25,0x89,0x25,0x89,0x25,0x89,0x25,0x89,0x25,0x89,0x25,0x89,0x25,0x89,0x25,
    0x89,0x25,0x89,0x25,0x89,0x25,0x89,0x25,0x89,0x25,0x89,0x25,0x89,0x25,0x89,0x25,
    0x89,0x25,0x89,0x25,0x89,0x25,0x89,0x25,0x89,0x25,0x89,0x25,0x89,0x25,0x89,0x25,
    0x89,0x25,0x89,0x25,0x89,0x25,0x89,0x25,0x89,0x25,0x89,0x25,0x89,0x25,0x89,0x25,
    0x89,0x25,0x89,0x25,0x89,0x25,0x89,0x25,0x89,0x25,0x89,0x25,0x89,0x25,0x89,0x25,
    0x89,0x25,0x89,0x25,0x89,0x25,0x89,0x25,0x89,0x25,0x89,0x25,0x89,0x25,0x89,0x25,
    0x89,0x25,0x89,0x25,0x89,0x25,0x89,0x25,0x89,0x25,0x89,0x25,0x89,0x25,0x89,0x25,
    0x89,0x25,0x89,0x25,0x89,0x25,0x89,0x25,0x89,0x25,0x89,0x25,0x89,0x25,0x89,0x25,
    0x89,0x25,0x89,0x25,0x89,0x25,0x89,0x25,0x89,0x25,0x89,0x25,0x89,0x25,0x89,0x25,
    0x89,0x25,0x89,0x25,0x89,0x25,0x89,0x25,0x89,0x25,0x89,0x25,0x89,0x25,0x89,0x25,
    0x89,0x25,0x89,0x25,0x89,0x25,0x89,0x25,0x89,0x25,0x89,0x25,0x89,0x25,0x89,0x25,
    0x89,0x25,0x89,0x25,0x89,0x25,0x89,0x25,0x89,0x25,0x89,0x25,0x89,0x25,0x89,0x25,
    0x89,0x25,0x89,0x25,0x89,0x25,0x89,0x25,0x89,0x25,0x89,0x25,0x89,0x25,0x89,0x25,
    0x89,0x25,0x89,0x25,0xCA,0x25,0x89,0x25,0x00,0x00,0x4A,0x05,0x00,0x00,0x00,0x00,
    0x00,0x00,0x00,0x00,0x4A,0x05,0x00,0x00,0xC7,0x1B,0xEA,0x25,0x89,0x25,0x89,0x25,
    0x89,0x25,0x89,0x25,0x89,0x25,0x89,0x25,0x89,0x25,0x89,0x25,0x89,0x25,0x89,0x25,
    0x89,0x25,0x89,0x25,0x89,0x25,0x89,0x25,0x89,0x25,0x89,0x25,0x89,0x25,0x89,0x25,
    0x89,0x25,0x89,0x25,0x89,0x25,0x89,0x25,0x89,0x25,0x89,0x25,0x89,0x25,0x89,0x25,
    0x89,0x25,0x89,0x25,0x89,0x25,0x89,0x25,0x89,0x25,0x89,0x25,0x89,0x25,0x89,0x25,
    0x89,0x25,0x89,0x25,0x89,0x25,0x89,0x25,0x89,0x25,0x89,0x25,0x89,0x25,0x89,0x25,
    0x89,0x25,0x89,0x25,0x89,0x25,0x89,0x25,0x89,0x25,0x89,0x25,0x89,0x25,0x89,0x25,
    0x89,0x25,0x89,0x25,0x89,0x25,0x89,0x25,0x89,0x25,0x89,0x25,0x89,0x25,0x89,0x25,
    0x89,0x25,0x89,0x25,0x89,0x25,0x89,0x25,0x89,0x25,0x89,0x25,0x89,0x25,0x89,0x25,
    0x89,0x25,0x89,0x25,0x89,0x25,0x89,0x25,0x89,0x25,0x89,0x25,0x89,0x25,0x89,0x25,
    0x89,0x25,0x89,0x25,0x89,0x25,0x89,0x25,0x89,0x25,0x89,0x25,0x89,0x25,0x89,0x25,
    0x89,0x25,0x89,0x25,0x89,0x25,0x89,0x25,0x89,0x25,0x89,0x25,0x89,0x25,0x89,0x25,
    0x89,0x25,0x89,0x25,0x89,0x25,0x89,0x25,0x89,0x25,0x89,0x25,0x89,0x25,0x89,0x25,
    0x89,0x25,0x89,0x25,0x89,0x25,0x89,0x25,0x89,0x25,0x89,0x25,0x89,0x25,0x89,0x25,
    0x89,0x25,0x89,0x25,0x89,0x25,0x89,0x25,0x89,0x25,0x89,0x25,0x89,0x25,0x89,0x25,
    0x89,0x25,0x89,0x25,0x89,0x25,0x89,0x25,0x89,0x25,0x89,0x25,0x89,0x25,0x89,0x25,
    0x89,0x25,0x89,0x25,0x89,0x25,0x89,0x25,0x89,0x25,0x89,0x25,0x89,0x25,0x89,0x25,
    0x89,0x25,0x89,0x25,0x89,0x25,0x89,0x25,0x89,0x25,0x89,0x25,0x89,0x25,0x89,0x25,
    0x89,0x25,0x89,0x25,0x89,0x25,0x89,0x25,0x89,0x25,0x89,0x25,0x89,0x25,0x89,0x25,
    0x89,0x25,0x89,0x25,0x89,0x25,0x89,0x25,0x89,0x25,0x89,0x25,0x89,0x25,0x89,0x25,
    0x89,0x25,0x89,0x25,0x89,0x25,0x89,0x25,0x89,0x25,0x89,0x25,0x89,0x25,0x89,0x25,
    0x89,0x25,0x89,0x25,0x89,0x25,0x89,0x25,0x89,0x25,0x89,0x25,0x89,0x25,0x89,0x25,
    0x89,0x25,0x89,0x25,0x89,0x25,0x89,0x25,0x89,0x25,0x89,0x25,0x89,0x25,0x89,0x25,
    0x89,0x25,0x89,0x25,0x89,0x25,0x89,0x25,0x89,0x25,0x89,0x25,0x89,0x25,0x89,0x25,
    0x89,0x25,0x89,0x25,0x89,0x25,0x89,0x25,0x89,0x25,0x89,0x25,0x89,0x25,0x89,0x25,
    0x89,0x25,0x89,0x25,0x89,0x25,0x89,0x25,0x89,0x25,0x89,0x25,0x89,0x25,0x89,0x25,
    0x89,0x25,0x89,0x25,0x89,0x25,0x89,0x25,0x89,0x25,0x89,0x25,0x89,0x25,0x89,0x25,
    0x89,0x25,0x89,0x25,0x89,0x25,0x89,0x25,0x89,0x25,0x89,0x25,0x89,0x25,0x89,0x25,
    0x89,0x25,0x89,0x25,0x89,0x25,0x89,0x25,0x89,0x25,0x89,0x25,0x89,0x25,0x89,0x25,
    0x89,0x25,0x89,0x25,0x89,0x25,0x89,0x25,0x89,0x25,0x89,0x25,0x89,0x25,0x89,0x25,
    0x89,0x25,0x89,0x25,0x89,0x25,0x89,0x25,0x89,0x25,0x89,0x25,0x89,0x25,0x89,0x25,
    0x89,0x25,0x89,0x25,0x89,0x25,0x89,0x25,0x89,0x25,0x89,0x25,0x89,0x25,0x89,0x25,
    0x89,0x25,0x89,0x25,0x89,0x25,0x89,0x25,0x89,0x25,0x89,0x25,0x89,0x25,0x89,0x25,
    0xCA,0x25,0x89,0x25,0x00,0x00,0x4A,0x05,0x00,0x00,0x00,0x00,0x00,0x00,0x00,0x00,
    0x4A,0x05,0x00,0x00,0xC7,0x1B,0xEA,0x25,0x89,0x25,0x89,0x25,0x89,0x25,0x89,0x25,
    0x89,0x25,0x89,0x25,0x89,0x25,0x89,0x25,0x89,0x25,0x89,0x25,0x89,0x25,0x89,0x25,
    0x89,0x25,0x89,0x25,0x89,0x25,0x89,0x25,0x89,0x25,0x89,0x25,0x89,0x25,0x89,0x25,
    0x89,0x25,0x89,0x25,0x89,0x25,0x89,0x25,0x89,0x25,0x89,0x25,0x89,0x25,0x89,0x25,
    0x89,0x25,0x89,0x25,0x89,0x25,0x89,0x25,0x89,0x25,0x89,0x25,0x89,0x25,0x89,0x25,
    0x89,0x25,0x89,0x25,0x89,0x25,0x89,0x25,0x89,0x25,0x89,0x25,0x89,0x25,0x89,0x25,
    0x89,0x25,0x89,0x25,0x89,0x25,0x89,0x25,0x89,0x25,0x89,0x25,0x89,0x25,0x89,0x25,
    0x89,0x25,0x89,0x25,0x89,0x25,0x89,0x25,0x89,0x25,0x89,0x25,0x89,0x25,0x89,0x25,
    0x89,0x25,0x89,0x25,0x89,0x25,0x89,0x25,0x89,0x25,0x89,0x25,0x89,0x25,0x89,0x25,
    0x89,0x25,0x89,0x25,0x89,0x25,0x89,0x25,0x89,0x25,0x89,0x25,0x89,0x25,0x89,0x25,
    0x89,0x25,0x89,0x25,0x89,0x25,0x89,0x25,0x89,0x25,0x89,0x25,0x89,0x25,0x89,0x25,
    0x89,0x25,0x89,0x25,0x89,0x25,0x89,0x25,0x89,0x25,0x89,0x25,0x89,0x25,0x89,0x25,
    0x89,0x25,0x89,0x25,0x89,0x25,0x89,0x25,0x89,0x25,0x89,0x25,0x89,0x25,0x89,0x25,
    0x89,0x25,0x89,0x25,0x89,0x25,0x89,0x25,0x89,0x25,0x89,0x25,0x89,0x25,0x89,0x25,
    0x89,0x25,0x89,0x25,0x89,0x25,0x89,0x25,0x89,0x25,0x89,0x25,0x89,0x25,0x89,0x25,
    0x89,0x25,0x89,0x25,0x89,0x25,0x89,0x25,0x89,0x25,0x89,0x25,0x89,0x25,0x89,0x25,
    0x89,0x25,0x89,0x25,0x89,0x25,0x89,0x25,0x89,0x25,0x89,0x25,0x89,0x25,0x89,0x25,
    0x89,0x25,0x89,0x25,0x89,0x25,0x89,0x25,0x89,0x25,0x89,0x25,0x89,0x25,0x89,0x25,
    0x89,0x25,0x89,0x25,0x89,0x25,0x89,0x25,0x89,0x25,0x89,0x25,0x89,0x25,0x89,0x25,
    0x89,0x25,0x89,0x25,0x89,0x25,0x89,0x25,0x89,0x25,0x89,0x25,0x89,0x25,0x89,0x25,
    0x89,0x25,0x89,0x25,0x89,0x25,0x89,0x25,0x89,0x25,0x89,0x25,0x89,0x25,0x89,0x25,
    0x89,0x25,0x89,0x25,0x89,0x25,0x89,0x25,0x89,0x25,0x89,0x25,0x89,0x25,0x89,0x25,
    0x89,0x25,0x89,0x25,0x89,0x25,0x89,0x25,0x89,0x25,0x89,0x25,0x89,0x25,0x89,0x25,
    0x89,0x25,0x89,0x25,0x89,0x25,0x89,0x25,0x89,0x25,0x89,0x25,0x89,0x25,0x89,0x25,
    0x89,0x25,0x89,0x25,0x89,0x25,0x89,0x25,0x89,0x25,0x89,0x25,0x89,0x25,0x89,0x25,
    0x89,0x25,0x89,0x25,0x89,0x25,0x89,0x25,0x89,0x25,0x89,0x25,0x89,0x25,0x89,0x25,
    0x89,0x25,0x89,0x25,0x89,0x25,0x89,0x25,0x89,0x25,0x89,0x25,0x89,0x25,0x89,0x25,
    0x89,0x25,0x89,0x25,0x89,0x25,0x89,0x25,0x89,0x25,0x89,0x25,0x89,0x25,0x89,0x25,
    0x89,0x25,0x89,0x25,0x89,0x25,0x89,0x25,0x89,0x25,0x89,0x25,0x89,0x25,0x89,0x25,
    0x89,0x25,0x89,0x25,0x89,0x25,0x89,0x25,0x89,0x25,0x89,0x25,0x89,0x25,0x89,0x25,
    0x89,0x25,0x89,0x25,0x89,0x25,0x89,0x25,0x89,0x25,0x89,0x25,0x89,0x25,0x89,0x25,
    0x89,0x25,0x89,0x25,0x89,0x25,0x89,0x25,0x89,0x25,0x89,0x25,0x89,0x25,0x89,0x25,
    0x89,0x25,0x89,0x25,0x89,0x25,0x89,0x25,0x89,0x25,0x89,0x25,0xCA,0x25,0x89,0x25,
    0x00,0x00,0x4A,0x05,0x00,0x00,0x00,0x00,0x00,0x00,0x00,0x00,0x4A,0x05,0x00,0x00,
    0xC7,0x1B,0xEA,0x25,0x89,0x25,0x89,0x25,0x89,0x25,0x89,0x25,0x89,0x25,0x89,0x25,
    0x89,0x25,0x89,0x25,0x89,0x25,0x89,0x25,0x89,0x25,0x89,0x25,0x89,0x25,0x89,0x25,
    0x89,0x25,0x89,0x25,0x89,0x25,0x89,0x25,0x89,0x25,0x89,0x25,0x89,0x25,0x89,0x25,
    0x89,0x25,0x89,0x25,0x89,0x25,0x89,0x25,0x89,0x25,0x89,0x25,0x89,0x25,0x89,0x25,
    0x89,0x25,0x89,0x25,0x89,0x25,0x89,0x25,0x89,0x25,0x89,0x25,0x89,0x25,0x89,0x25,
    0x89,0x25,0x89,0x25,0x89,0x25,0x89,0x25,0x89,0x25,0x89,0x25,0x89,0x25,0x89,0x25,
    0x89,0x25,0x89,0x25,0x89,0x25,0x89,0x25,0x89,0x25,0x89,0x25,0x89,0x25,0x89,0x25,
    0x89,0x25,0x89,0x25,0x89,0x25,0x89,0x25,0x89,0x25,0x89,0x25,0x89,0x25,0x89,0x25,
    0x89,0x25,0x89,0x25,0x89,0x25,0x89,0x25,0x89,0x25,0x89,0x25,0x89,0x25,0x89,0x25,
    0x89,0x25,0x89,0x25,0x89,0x25,0x89,0x25,0x89,0x25,0x89,0x25,0x89,0x25,0x89,0x25,
    0x89,0x25,0x89,0x25,0x89,0x25,0x89,0x25,0x89,0x25,0x89,0x25,0x89,0x25,0x89,0x25,
    0x89,0x25,0x89,0x25,0x89,0x25,0x89,0x25,0x89,0x25,0x89,0x25,0x89,0x25,0x89,0x25,
    0x89,0x25,0x89,0x25,0x89,0x25,0x89,0x25,0x89,0x25,0x89,0x25,0x89,0x25,0x89,0x25,
    0x89,0x25,0x89,0x25,0x89,0x25,0x89,0x25,0x89,0x25,0x89,0x25,0x89,0x25,0x89,0x25,
    0x89,0x25,0x89,0x25,0x89,0x25,0x89,0x25,0x89,0x25,0x89,0x25,0x89,0x25,0x89,0x25,
    0x89,0x25,0x89,0x25,0x89,0x25,0x89,0x25,0x89,0x25,0x89,0x25,0x89,0x25,0x89,0x25,
    0x89,0x25,0x89,0x25,0x89,0x25,0x89,0x25,0x89,0x25,0x89,0x25,0x89,0x25,0x89,0x25,
    0x89,0x25,0x89,0x25,0x89,0x25,0x89,0x25,0x89,0x25,0x89,0x25,0x89,0x25,0x89,0x25,
    0x89,0x25,0x89,0x25,0x89,0x25,0x89,0x25,0x89,0x25,0x89,0x25,0x89,0x25,0x89,0x25,
    0x89,0x25,0x89,0x25,0x89,0x25,0x89,0x25,0x89,0x25,0x89,0x25,0x89,0x25,0x89,0x25,
    0x89,0x25,0x89,0x25,0x89,0x25,0x89,0x25,0x89,0x25,0x89,0x25,0x89,0x25,0x89,0x25,
    0x89,0x25,0x89,0x25,0x89,0x25,0x89,0x25,0x89,0x25,0x89,0x25,0x89,0x25,0x89,0x25,
    0x89,0x25,0x89,0x25,0x89,0x25,0x89,0x25,0x89,0x25,0x89,0x25,0x89,0x25,0x89,0x25,
    0x89,0x25,0x89,0x25,0x89,0x25,0x89,0x25,0x89,0x25,0x89,0x25,0x89,0x25,0x89,0x25,
    0x89,0x25,0x89,0x25,0x89,0x25,0x89,0x25,0x89,0x25,0x89,0x25,0x89,0x25,0x89,0x25,
    0x89,0x25,0x89,0x25,0x89,0x25,0x89,0x25,0x89,0x25,0x89,0x25,0x89,0x25,0x89,0x25,
    0x89,0x25,0x89,0x25,0x89,0x25,0x89,0x25,0x89,0x25,0x89,0x25,0x89,0x25,0x89,0x25,
    0x89,0x25,0x89,0x25,0x89,0x25,0x89,0x25,0x89,0x25,0x89,0x25,0x89,0x25,0x89,0x25,
    0x89,0x25,0x89,0x25,0x89,0x25,0x89,0x25,0x89,0x25,0x89,0x25,0x89,0x25,0x89,0x25,
    0x89,0x25,0x89,0x25,0x89,0x25,0x89,0x25,0x89,0x25,0x89,0x25,0x89,0x25,0x89,0x25,
    0x89,0x25,0x89,0x25,0x89,0x25,0x89,0x25,0x89,0x25,0x89,0x25,0x89,0x25,0x89,0x25,
    0x89,0x25,0x89,0x25,0x89,0x25,0x89,0x25,0x89,0x25,0x89,0x25,0x89,0x25,0x89,0x25,
    0x89,0x25,0x89,0x25,0x89,0x25,0x89,0x25,0xCA,0x25,0x89,0x25,0x00,0x00,0x4A,0x05,
    0x00,0x00,0x00,0x00,0x00,0x00,0x00,0x00,0x4A,0x05,0x00,0x00,0xC7,0x1B,0xEA,0x25,
    0x89,0x25,0x89,0x25,0x89,0x25,0x89,0x25,0x89,0x25,0x89,0x25,0x89,0x25,0x89,0x25,
    0x89,0x25,0x89,0x25,0x89,0x25,0x89,0x25,0x89,0x25,0x89,0x25,0x89,0x25,0x89,0x25,
    0x89,0x25,0x89,0x25,0x89,0x25,0x89,0x25,0x89,0x25,0x89,0x25,0x89,0x25,0x89,0x25,
    0x89,0x25,0x89,0x25,0x89,0x25,0x89,0x25,0x89,0x25,0x89,0x25,0x89,0x25,0x89,0x25,
    0x89,0x25,0x89,0x25,0x89,0x25,0x89,0x25,0x89,0x25,0x89,0x25,0x89,0x25,0x89,0x25,
    0x89,0x25,0x89,0x25,0x89,0x25,0x89,0x25,0x89,0x25,0x89,0x25,0x89,0x25,0x89,0x25,
    0x89,0x25,0x89,0x25,0x89,0x25,0x89,0x25,0x89,0x25,0x89,0x25,0x89,0x25,0x89,0x25,
    0x89,0x25,0x89,0x25,0x89,0x25,0x89,0x25,0x89,0x25,0x89,0x25,0x89,0x25,0x89,0x25,
    0x89,0x25,0x89,0x25,0x89,0x25,0x89,0x25,0x89,0x25,0x89,0x25,0x89,0x25,0x89,0x25,
    0x89,0x25,0x89,0x25,0x89,0x25,0x89,0x25,0x89,0x25,0x89,0x25,0x89,0x25,0x89,0x25,
    0x89,0x25,0x89,0x25,0x89,0x25,0x89,0x25,0x89,0x25,0x89,0x25,0x89,0x25,0x89,0x25,
    0x89,0x25,0x89,0x25,0x89,0x25,0x89,0x25,0x89,0x25,0x89,0x25,0x89,0x25,0x89,0x25,
    0x89,0x25,0x89,0x25,0x89,0x25,0x89,0x25,0x89,0x25,0x89,0x25,0x89,0x25,0x89,0x25,
    0x89,0x25,0x89,0x25,0x89,0x25,0x89,0x25,0x89,0x25,0x89,0x25,0x89,0x25,0x89,0x25,
    0x89,0x25,0x89,0x25,0x89,0x25,0x89,0x25,0x89,0x25,0x89,0x25,0x89,0x25,0x89,0x25,
    0x89,0x25,0x89,0x25,0x89,0x25,0x89,0x25,0x89,0x25,0x89,0x25,0x89,0x25,0x89,0x25,
    0x89,0x25,0x89,0x25,0x89,0x25,0x89,0x25,0x89,0x25,0x89,0x25,0x89,0x25,0x89,0x25,
    0x89,0x25,0x89,0x25,0x89,0x25,0x89,0x25,0x89,0x25,0x89,0x25,0x89,0x25,0x89,0x25,
    0x89,0x25,0x89,0x25,0x89,0x25,0x89,0x25,0x89,0x25,0x89,0x25,0x89,0x25,0x89,0x25,
    0x89,0x25,0x89,0x25,0x89,0x25,0x89,0x25,0x89,0x25,0x89,0x25,0x89,0x25,0x89,0x25,
    0x89,0x25,0x89,0x25,0x89,0x25,0x89,0x25,0x89,0x25,0x89,0x25,0x89,0x25,0x89,0x25,
    0x89,0x25,0x89,0x25,0x89,0x25,0x89,0x25,0x89,0x25,0x89,0x25,0x89,0x25,0x89,0x25,
    0x89,0x25,0x89,0x25,0x89,0x25,0x89,0x25,0x89,0x25,0x89,0x25,0x89,0x25,0x89,0x25,
    0x89,0x25,0x89,0x25,0x89,0x25,0x89,0x25,0x89,0x25,0x89,0x25,0x89,0x25,0x89,0x25,
    0x89,0x25,0x89,0x25,0x89,0x25,0x89,0x25,0x89,0x25,0x89,0x25,0x89,0x25,0x89,0x25,
    0x89,0x25,0x89,0x25,0x89,0x25,0x89,0x25,0x89,0x25,0x89,0x25,0x89,0x25,0x89,0x25,
    0x89,0x25,0x89,0x25,0x89,0x25,0x89,0x25,0x89,0x25,0x89,0x25,0x89,0x25,0x89,0x25,
    0x89,0x25,0x89,0x25,0x89,0x25,0x89,0x25,0x89,0x25,0x89,0x25,0x89,0x25,0x89,0x25,
    0x89,0x25,0x89,0x25,0x89,0x25,0x89,0x25,0x89,0x25,0x89,0x25,0x89,0x25,0x89,0x25,
    0x89,0x25,0x89,0x25,0x89,0x25,0x89,0x25,0x89,0x25,0x89,0x25,0x89,0x25,0x89,0x25,
    0x89,0x25,0x89,0x25,0x89,0x25,0x89,0x25,0x89,0x25,0x89,0x25,0x89,0x25,0x89,0x25,
    0x89,0x25,0x89,0x25,0x89,0x25,0x89,0x25,0x89,0x25,0x89,0x25,0x89,0x25,0x89,0x25,
    0x89,0x25,0x89,0x25,0xCA,0x25,0x89,0x25,0x00,0x00,0x4A,0x05,0x00,0x00,0x00,0x00,
    0x00,0x00,0x00,0x00,0x4A,0x05,0x00,0x00,0xC7,0x1B,0xEA,0x25,0x89,0x25,0x89,0x25,
    0x89,0x25,0x89,0x25,0x89,0x25,0x89,0x25,0x89,0x25,0x89,0x25,0x89,0x25,0x89,0x25,
    0x89,0x25,0x89,0x25,0x89,0x25,0x89,0x25,0x89,0x25,0x89,0x25,0x89,0x25,0x89,0x25,
    0x89,0x25,0x89,0x25,0x89,0x25,0x89,0x25,0x89,0x25,0x89,0x25,0x89,0x25,0x89,0x25,
    0x89,0x25,0x89,0x25,0x89,0x25,0x89,0x25,0x89,0x25,0x89,0x25,0x89,0x25,0x89,0x25,
    0x89,0x25,0x89,0x25,0x89,0x25,0x89,0x25,0x89,0x25,0x89,0x25,0x89,0x25,0x89,0x25,
    0x89,0x25,0x89,0x25,0x89,0x25,0x89,0x25,0x89,0x25,0x89,0x25,0x89,0x25,0x89,0x25,
    0x89,0x25,0x89,0x25,0x89,0x25,0x89,0x25,0x89,0x25,0x89,0x25,0x89,0x25,0x89,0x25,
    0x89,0x25,0x89,0x25,0x89,0x25,0x89,0x25,0x89,0x25,0x89,0x25,0x89,0x25,0x89,0x25,
    0x89,0x25,0x89,0x25,0x89,0x25,0x89,0x25,0x89,0x25,0x89,0x25,0x89,0x25,0x89,0x25,
    0x89,0x25,0x89,0x25,0x89,0x25,0x89,0x25,0x89,0x25,0x89,0x25,0x89,0x25,0x89,0x25,
    0x89,0x25,0x89,0x25,0x89,0x25,0x89,0x25,0x89,0x25,0x89,0x25,0x89,0x25,0x89,0x25,
    0x89,0x25,0x89,0x25,0x89,0x25,0x89,0x25,0x89,0x25,0x89,0x25,0x89,0x25,0x89,0x25,
    0x89,0x25,0x89,0x25,0x89,0x25,0x89,0x25,0x89,0x25,0x89,0x25,0x89,0x25,0x89,0x25,
    0x89,0x25,0x89,0x25,0x89,0x25,0x89,0x25,0x89,0x25,0x89,0x25,0x89,0x25,0x89,0x25,
    0x89,0x25,0x89,0x25,0x89,0x25,0x89,0x25,0x89,0x25,0x89,0x25,0x89,0x25,0x89,0x25,
    0x89,0x25,0x89,0x25,0x89,0x25,0x89,0x25,0x89,0x25,0x89,0x25,0x89,0x25,0x89,0x25,
    0x89,0x25,0x89,0x25,0x89,0x25,0x89,0x25,0x89,0x25,0x89,0x25,0x89,0x25,0x89,0x25,
    0x89,0x25,0x89,0x25,0x89,0x25,0x89,0x25,0x89,0x25,0x89,0x25,0x89,0x25,0x89,0x25,
    0x89,0x25,0x89,0x25,0x89,0x25,0x89,0x25,0x89,0x25,0x89,0x25,0x89,0x25,0x89,0x25,
    0x89,0x25,0x89,0x25,0x89,0x25,0x89,0x25,0x89,0x25,0x89,0x25,0x89,0x25,0x89,0x25,
    0x89,0x25,0x89,0x25,0x89,0x25,0x89,0x25,0x89,0x25,0x89,0x25,0x89,0x25,0x89,0x25,
    0x89,0x25,0x89,0x25,0x89,0x25,0x89,0x25,0x89,0x25,0x89,0x25,0x89,0x25,0x89,0x25,
    0x89,0x25,0x89,0x25,0x89,0x25,0x89,0x25,0x89,0x25,0x89,0x25,0x89,0x25,0x89,0x25,
    0x89,0x25,0x89,0x25,0x89,0x25,0x89,0x25,0x89,0x25,0x89,0x25,0x89,0x25,0x89,0x25,
    0x89,0x25,0x89,0x25,0x89,0x25,0x89,0x25,0x89,0x25,0x89,0x25,0x89,0x25,0x89,0x25,
    0x89,0x25,0x89,0x25,0x89,0x25,0x89,0x25,0x89,0x25,0x89,0x25,0x89,0x25,0x89,0x25,
    0x89,0x25,0x89,0x25,0x89,0x25,0x89,0x25,0x89,0x25,0x89,0x25,0x89,0x25,0x89,0x25,
    0x89,0x25,0x89,0x25,0x89,0x25,0x89,0x25,0x89,0x25,0x89,0x25,0x89,0x25,0x89,0x25,
    0x89,0x25,0x89,0x25,0x89,0x25,0x89,0x25,0x89,0x25,0x89,0x25,0x89,0x25,0x89,0x25,
    0x89,0x25,0x89,0x25,0x89,0x25,0x89,0x25,0x89,0x25,0x89,0x25,0x89,0x25,0x89,0x25,
    0x89,0x25,0x89,0x25,0x89,0x25,0x89,0x25,0x89,0x25,0x89,0x25,0x89,0x25,0x89,0x25,
    0x89,0x25,0x89,0x25,0x89,0x25,0x89,0x25,0x89,0x25,0x89,0x25,0x89,0x25,0x89,0x25,
    0xCA,0x25,0x89,0x25,0x00,0x00,0x4A,0x05,0x00,0x00,0x00,0x00,0x00,0x00,0x00,0x00,
    0x4A,0x05,0x00,0x00,0xC7,0x1B,0xEA,0x25,0x89,0x25,0x89,0x25,0x89,0x25,0x89,0x25,
    0x89,0x25,0x89,0x25,0x89,0x25,0x89,0x25,0x89,0x25,0x89,0x25,0x89,0x25,0x89,0x25,
    0x89,0x25,0x89,0x25,0x89,0x25,0x89,0x25,0x89,0x25,0x89,0x25,0x89,0x25,0x89,0x25,
    0x89,0x25,0x89,0x25,0x89,0x25,0x89,0x25,0x89,0x25,0x89,0x25,0x89,0x25,0x89,0x25,
    0x89,0x25,0x89,0x25,0x89,0x25,0x89,0x25,0x89,0x25,0x89,0x25,0x89,0x25,0x89,0x25,
    0x89,0x25,0x89,0x25,0x89,0x25,0x89,0x25,0x89,0x25,0x89,0x25,0x89,0x25,0x89,0x25,
    0x89,0x25,0x89,0x25,0x89,0x25,0x89,0x25,0x89,0x25,0x89,0x25,0x89,0x25,0x89,0x25,
    0x89,0x25,0x89,0x25,0x89,0x25,0x89,0x25,0x89,0x25,0x89,0x25,0x89,0x25,0x89,0x25,
    0x89,0x25,0x89,0x25,0x89,0x25,0x89,0x25,0x89,0x25,0x89,0x25,0x89,0x25,0x89,0x25,
    0x89,0x25,0x89,0x25,0x89,0x25,0x89,0x25,0x89,0x25,0x89,0x25,0x89,0x25,0x89,0x25,
    0x89,0x25,0x89,0x25,0x89,0x25,0x89,0x25,0x89,0x25,0x89,0x25,0x89,0x25,0x89,0x25,
    0x89,0x25,0x89,0x25,0x89,0x25,0x89,0x25,0x89,0x25,0x89,0x25,0x89,0x25,0x89,0x25,
    0x89,0x25,0x89,0x25,0x89,0x25,0x89,0x25,0x89,0x25,0x89,0x25,0x89,0x25,0x89,0x25,
    0x89,0x25,0x89,0x25,0x89,0x25,0x89,0x25,0x89,0x25,0x89,0x25,0x89,0x25,0x89,0x25,
    0x89,0x25,0x89,0x25,0x89,0x25,0x89,0x25,0x89,0x25,0x89,0x25,0x89,0x25,0x89,0x25,
    0x89,0x25,0x89,0x25,0x89,0x25,0x89,0x25,0x89,0x25,0x89,0x25,0x89,0x25,0x89,0x25,
    0x89,0x25,0x89,0x25,0x89,0x25,0x89,0x25,0x89,0x25,0x89,0x25,0x89,0x25,0x89,0x25,
    0x89,0x25,0x89,0x25,0x89,0x25,0x89,0x25,0x89,0x25,0x89,0x25,0x89,0x25,0x89,0x25,
    0x89,0x25,0x89,0x25,0x89,0x25,0x89,0x25,0x89,0x25,0x89,0x25,0x89,0x25,0x89,0x25,
    0x89,0x25,0x89,0x25,0x89,0x25,0x89,0x25,0x89,0x25,0x89,0x25,0x89,0x25,0x89,0x25,
    0x89,0x25,0x89,0x25,0x89,0x25,0x89,0x25,0x89,0x25,0x89,0x25,0x89,0x25,0x89,0x25,
    0x89,0x25,0x89,0x25,0x89,0x25,0x89,0x25,0x89,0x25,0x89,0x25,0x89,0x25,0x89,0x25,
    0x89,0x25,0x89,0x25,0x89,0x25,0x89,0x25,0x89,0x25,0x89,0x25,0x89,0x25,0x89,0x25,
    0x89,0x25,0x89,0x25,0x89,0x25,0x89,0x25,0x89,0x25,0x89,0x25,0x89,0x25,0x89,0x25,
    0x89,0x25,0x89,0x25,0x89,0x25,0x89,0x25,0x89,0x25,0x89,0x25,0x89,0x25,0x89,0x25,
    0x89,0x25,0x89,0x25,0x89,0x25,0x89,0x25,0x89,0x25,0x89,0x25,0x89,0x25,0x89,0x25,
    0x89,0x25,0x89,0x25,0x89,0x25,0x89,0x25,0x89,0x25,0x89,0x25,0x89,0x25,0x89,0x25,
    0x89,0x25,0x89,0x25,0x89,0x25,0x89,0x25,0x89,0x25,0x89,0x25,0x89,0x25,0x89,0x25,
    0x89,0x25,0x89,0x25,0x89,0x25,0x89,0x25,0x89,0x25,0x89,0x25,0x89,0x25,0x89,0x25,
    0x89,0x25,0x89,0x25,0x89,0x25,0x89,0x25,0x89,0x25,0x89,0x25,0x89,0x25,0x89,0x25,
    0x89,0x25,0x89,0x25,0x89,0x25,0x89,0x25,0x89,0x25,0x89,0x25,0x89,0x25,0x89,0x25,
    0x89,0x25,0x89,0x25,0x89,0x25,0x89,0x25,0x89,0x25,0x89,0x25,0x89,0x25,0x89,0x25,
    0x89,0x25,0x89,0x25,0x89,0x25,0x89,0x25,0x89,0x25,0x89,0x25,0xCA,0x25,0x89,0x25,
    0x00,0x00,0x4A,0x05,0x00,0x00,0x00,0x00,0x00,0x00,0x00,0x00,0x4A,0x05,0x00,0x00,
    0xC7,0x1B,0xEA,0x25,0x89,0x25,0x89,0x25,0x89,0x25,0x89,0x25,0x89,0x25,0x89,0x25,
    0x89,0x25,0x89,0x25,0x89,0x25,0x89,0x25,0x89,0x25,0x89,0x25,0x89,0x25,0x89,0x25,
    0x89,0x25,0x89,0x25,0x89,0x25,0x89,0x25,0x89,0x25,0x89,0x25,0x89,0x25,0x89,0x25,
    0x89,0x25,0x89,0x25,0x89,0x25,0x89,0x25,0x89,0x25,0x89,0x25,0x89,0x25,0x89,0x25,
    0x89,0x25,0x89,0x25,0x89,0x25,0x89,0x25,0x89,0x25,0x89,0x25,0x89,0x25,0x89,0x25,
    0x89,0x25,0x89,0x25,0x89,0x25,0x89,0x25,0x89,0x25,0x89,0x25,0x89,0x25,0x89,0x25,
    0x89,0x25,0x89,0x25,0x89,0x25,0x89,0x25,0x89,0x25,0x89,0x25,0x89,0x25,0x89,0x25,
    0x89,0x25,0x89,0x25,0x89,0x25,0x89,0x25,0x89,0x25,0x89,0x25,0x89,0x25,0x89,0x25,
    0x89,0x25,0x89,0x25,0x89,0x25,0x89,0x25,0x89,0x25,0x89,0x25,0x89,0x25,0x89,0x25,
    0x89,0x25,0x89,0x25,0x89,0x25,0x89,0x25,0x89,0x25,0x89,0x25,0x89,0x25,0x89,0x25,
    0x89,0x25,0x89,0x25,0x89,0x25,0x89,0x25,0x89,0x25,0x89,0x25,0x89,0x25,0x89,0x25,
    0x89,0x25,0x89,0x25,0x89,0x25,0x89,0x25,0x89,0x25,0x89,0x25,0x89,0x25,0x89,0x25,
    0x89,0x25,0x89,0x25,0x89,0x25,0x89,0x25,0x89,0x25,0x89,0x25,0x89,0x25,0x89,0x25,
    0x89,0x25,0x89,0x25,0x89,0x25,0x89,0x25,0x89,0x25,0x89,0x25,0x89,0x25,0x89,0x25,
    0x89,0x25,0x89,0x25,0x89,0x25,0x89,0x25,0x89,0x25,0x89,0x25,0x89,0x25,0x89,0x25,
    0x89,0x25,0x89,0x25,0x89,0x25,0x89,0x25,0x89,0x25,0x89,0x25,0x89,0x25,0x89,0x25,
    0x89,0x25,0x89,0x25,0x89,0x25,0x89,0x25,0x89,0x25,0x89,0x25,0x89,0x25,0x89,0x25,
    0x89,0x25,0x89,0x25,0x89,0x25,0x89,0x25,0x89,0x25,0x89,0x25,0x89,0x25,0x89,0x25,
    0x89,0x25,0x89,0x25,0x89,0x25,0x89,0x25,0x89,0x25,0x89,0x25,0x89,0x25,0x89,0x25,
    0x89,0x25,0x89,0x25,0x89,0x25,0x89,0x25,0x89,0x25,0x89,0x25,0x89,0x25,0x89,0x25,
    0x89,0x25,0x89,0x25,0x89,0x25,0x89,0x25,0x89,0x25,0x89,0x25,0x89,0x25,0x89,0x25,
    0x89,0x25,0x89,0x25,0x89,0x25,0x89,0x25,0x89,0x25,0x89,0x25,0x89,0x25,0x89,0x25,
    0x89,0x25,0x89,0x25,0x89,0x25,0x89,0x25,0x89,0x25,0x89,0x25,0x89,0x25,0x89,0x25,
    0x89,0x25,0x89,0x25,0x89,0x25,0x89,0x25,0x89,0x25,0x89,0x25,0x89,0x25,0x89,0x25,
    0x89,0x25,0x89,0x25,0x89,0x25,0x89,0x25,0x89,0x25,0x89,0x25,0x89,0x25,0x89,0x25,
    0x89,0x25,0x89,0x25,0x89,0x25,0x89,0x25,0x89,0x25,0x89,0x25,0x89,0x25,0x89,0x25,
    0x89,0x25,0x89,0x25,0x89,0x25,0x89,0x25,0x89,0x25,0x89,0x25,0x89,0x25,0x89,0x25,
    0x89,0x25,0x89,0x25,0x89,0x25,0x89,0x25,0x89,0x25,0x89,0x25,0x89,0x25,0x89,0x25,
    0x89,0x25,0x89,0x25,0x89,0x25,0x89,0x25,0x89,0x25,0x89,0x25,0x89,0x25,0x89,0x25,
    0x89,0x25,0x89,0x25,0x89,0x25,0x89,0x25,0x89,0x25,0x89,0x25,0x89,0x25,0x89,0x25,
    0x89,0x25,0x89,0x25,0x89,0x25,0x89,0x25,0x89,0x25,0x89,0x25,0x89,0x25,0x89,0x25,
    0x89,0x25,0x89,0x25,0x89,0x25,0x89,0x25,0x89,0x25,0x89,0x25,0x89,0x25,0x89,0x25,
    0x89,0x25,0x89,0x25,0x89,0x25,0x89,0x25,0xCA,0x25,0x89,0x25,0x00,0x00,0x4A,0x05,
    0x00,0x00,0x00,0x00,0x00,0x00,0x00,0x00,0x4A,0x05,0x00,0x00,0xC7,0x1B,0xEA,0x25,
    0x89,0x25,0x89,0x25,0x89,0x25,0x89,0x25,0x89,0x25,0x89,0x25,0x89,0x25,0x89,0x25,
    0x89,0x25,0x89,0x25,0x89,0x25,0x89,0x25,0x89,0x25,0x89,0x25,0x89,0x25,0x89,0x25,
    0x89,0x25,0x89,0x25,0x89,0x25,0x89,0x25,0x89,0x25,0x89,0x25,0x89,0x25,0x89,0x25,
    0x89,0x25,0x89,0x25,0x89,0x25,0x89,0x25,0x89,0x25,0x89,0x25,0x89,0x25,0x89,0x25,
    0x89,0x25,0x89,0x25,0x89,0x25,0x89,0x25,0x89,0x25,0x89,0x25,0x89,0x25,0x89,0x25,
    0x89,0x25,0x89,0x25,0x89,0x25,0x89,0x25,0x89,0x25,0x89,0x25,0x89,0x25,0x89,0x25,
    0x89,0x25,0x89,0x25,0x89,0x25,0x89,0x25,0x89,0x25,0x89,0x25,0x89,0x25,0x89,0x25,
    0x89,0x25,0x89,0x25,0x89,0x25,0x89,0x25,0x89,0x25,0x89,0x25,0x89,0x25,0x89,0x25,
    0x89,0x25,0x89,0x25,0x89,0x25,0x89,0x25,0x89,0x25,0x89,0x25,0x89,0x25,0x89,0x25,
    0x89,0x25,0x89,0x25,0x89,0x25,0x89,0x25,0x89,0x25,0x89,0x25,0x89,0x25,0x89,0x25,
    0x89,0x25,0x89,0x25,0x89,0x25,0x89,0x25,0x89,0x25,0x89,0x25,0x89,0x25,0x89,0x25,
    0x89,0x25,0x89,0x25,0x89,0x25,0x89,0x25,0x89,0x25,0x89,0x25,0x89,0x25,0x89,0x25,
    0x89,0x25,0x89,0x25,0x89,0x25,0x89,0x25,0x89,0x25,0x89,0x25,0x89,0x25,0x89,0x25,
    0x89,0x25,0x89,0x25,0x89,0x25,0x89,0x25,0x89,0x25,0x89,0x25,0x89,0x25,0x89,0x25,
    0x89,0x25,0x89,0x25,0x89,0x25,0x89,0x25,0x89,0x25,0x89,0x25,0x89,0x25,0x89,0x25,
    0x89,0x25,0x89,0x25,0x89,0x25,0x89,0x25,0x89,0x25,0x89,0x25,0x89,0x25,0x89,0x25,
    0x89,0x25,0x89,0x25,0x89,0x25,0x89,0x25,0x89,0x25,0x89,0x25,0x89,0x25,0x89,0x25,
    0x89,0x25,0x89,0x25,0x89,0x25,0x89,0x25,0x89,0x25,0x89,0x25,0x89,0x25,0x89,0x25,
    0x89,0x25,0x89,0x25,0x89,0x25,0x89,0x25,0x89,0x25,0x89,0x25,0x89,0x25,0x89,0x25,
    0x89,0x25,0x89,0x25,0x89,0x25,0x89,0x25,0x89,0x25,0x89,0x25,0x89,0x25,0x89,0x25,
    0x89,0x25,0x89,0x25,0x89,0x25,0x89,0x25,0x89,0x25,0x89,0x25,0x89,0x25,0x89,0x25,
    0x89,0x25,0x89,0x25,0x89,0x25,0x89,0x25,0x89,0x25,0x89,0x25,0x89,0x25,0x89,0x25,
    0x89,0x25,0x89,0x25,0x89,0x25,0x89,0x25,0x89,0x25,0x89,0x25,0x89,0x25,0x89,0x25,
    0x89,0x25,0x89,0x25,0x89,0x25,0x89,0x25,0x89,0x25,0x89,0x25,0x89,0x25,0x89,0x25,
    0x89,0x25,0x89,0x25,0x89,0x25,0x89,0x25,0x89,0x25,0x89,0x25,0x89,0x25,0x89,0x25,
    0x89,0x25,0x89,0x25,0x89,0x25,0x89,0x25,0x89,0x25,0x89,0x25,0x89,0x25,0x89,0x25,
    0x89,0x25,0x89,0x25,0x89,0x25,0x89,0x25,0x89,0x25,0x89,0x25,0x89,0x25,0x89,0x25,
    0x89,0x25,0x89,0x25,0x89,0x25,0x89,0x25,0x89,0x25,0x89,0x25,0x89,0x25,0x89,0x25,
    0x89,0x25,0x89,0x25,0x89,0x25,0x89,0x25,0x89,0x25,0x89,0x25,0x89,0x25,0x89,0x25,
    0x89,0x25,0x89,0x25,0x89,0x25,0x89,0x25,0x89,0x25,0x89,0x25,0x89,0x25,0x89,0x25,
    0x89,0x25,0x89,0x25,0x89,0x25,0x89,0x25,0x89,0x25,0x89,0x25,0x89,0x25,0x89,0x25,
    0x89,0x25,0x89,0x25,0x89,0x25,0x89,0x25,0x89,0x25,0x89,0x25,0x89,0x25,0x89,0x25,
    0x89,0x25,0x89,0x25,0xCA,0x25,0x89,0x25,0x00,0x00,0x4A,0x05,0x00,0x00,0x00,0x00,
    0x00,0x00,0x00,0x00,0x4A,0x05,0x00,0x00,0xC7,0x1B,0xEA,0x25,0x89,0x25,0x89,0x25,
    0x89,0x25,0x89,0x25,0x89,0x25,0x89,0x25,0x89,0x25,0x89,0x25,0x89,0x25,0x89,0x25,
    0x89,0x25,0x89,0x25,0x89,0x25,0x89,0x25,0x89,0x25,0x89,0x25,0x89,0x25,0x89,0x25,
    0x89,0x25,0x89,0x25,0x89,0x25,0x89,0x25,0x89,0x25,0x89,0x25,0x89,0x25,0x89,0x25,
    0x89,0x25,0x89,0x25,0x89,0x25,0x89,0x25,0x89,0x25,0x89,0x25,0x89,0x25,0x89,0x25,
    0x89,0x25,0x89,0x25,0x89,0x25,0x89,0x25,0x89,0x25,0x89,0x25,0x89,0x25,0x89,0x25,
    0x89,0x25,0x89,0x25,0x89,0x25,0x89,0x25,0x89,0x25,0x89,0x25,0x89,0x25,0x89,0x25,
    0x89,0x25,0x89,0x25,0x89,0x25,0x89,0x25,0x89,0x25,0x89,0x25,0x89,0x25,0x89,0x25,
    0x89,0x25,0x89,0x25,0x89,0x25,0x89,0x25,0x89,0x25,0x89,0x25,0x89,0x25,0x89,0x25,
    0x89,0x25,0x89,0x25,0x89,0x25,0x89,0x25,0x89,0x25,0x89,0x25,0x89,0x25,0x89,0x25,
    0x89,0x25,0x89,0x25,0x89,0x25,0x89,0x25,0x89,0x25,0x89,0x25,0x89,0x25,0x89,0x25,
    0x89,0x25,0x89,0x25,0x89,0x25,0x89,0x25,0x89,0x25,0x89,0x25,0x89,0x25,0x89,0x25,
    0x89,0x25,0x89,0x25,0x89,0x25,0x89,0x25,0x89,0x25,0x89,0x25,0x89,0x25,0x89,0x25,
    0x89,0x25,0x89,0x25,0x89,0x25,0x89,0x25,0x89,0x25,0x89,0x25,0x89,0x25,0x89,0x25,
    0x89,0x25,0x89,0x25,0x89,0x25,0x89,0x25,0x89,0x25,0x89,0x25,0x89,0x25,0x89,0x25,
    0x89,0x25,0x89,0x25,0x89,0x25,0x89,0x25,0x89,0x25,0x89,0x25,0x89,0x25,0x89,0x25,
    0x89,0x25,0x89,0x25,0x89,0x25,0x89,0x25,0x89,0x25,0x89,0x25,0x89,0x25,0x89,0x25,
    0x89,0x25,0x89,0x25,0x89,0x25,0x89,0x25,0x89,0x25,0x89,0x25,0x89,0x25,0x89,0x25,
    0x89,0x25,0x89,0x25,0x89,0x25,0x89,0x25,0x89,0x25,0x89,0x25,0x89,0x25,0x89,0x25,
    0x89,0x25,0x89,0x25,0x89,0x25,0x89,0x25,0x89,0x25,0x89,0x25,0x89,0x25,0x89,0x25,
    0x89,0x25,0x89,0x25,0x89,0x25,0x89,0x25,0x89,0x25,0x89,0x25,0x89,0x25,0x89,0x25,
    0x89,0x25,0x89,0x25,0x89,0x25,0x89,0x25,0x89,0x25,0x89,0x25,0x89,0x25,0x89,0x25,
    0x89,0x25,0x89,0x25,0x89,0x25,0x89,0x25,0x89,0x25,0x89,0x25,0x89,0x25,0x89,0x25,
    0x89,0x25,0x89,0x25,0x89,0x25,0x89,0x25,0x89,0x25,0x89,0x25,0x89,0x25,0x89,0x25,
    0x89,0x25,0x89,0x25,0x89,0x25,0x89,0x25,0x89,0x25,0x89,0x25,0x89,0x25,0x89,0x25,
    0x89,0x25,0x89,0x25,0x89,0x25,0x89,0x25,0x89,0x25,0x89,0x25,0x89,0x25,0x89,0x25,
    0x89,0x25,0x89,0x25,0x89,0x25,0x89,0x25,0x89,0x25,0x89,0x25,0x89,0x25,0x89,0x25,
    0x89,0x25,0x89,0x25,0x89,0x25,0x89,0x25,0x89,0x25,0x89,0x25,0x89,0x25,0x89,0x25,
    0x89,0x25,0x89,0x25,0x89,0x25,0x89,0x25,0x89,0x25,0x89,0x25,0x89,0x25,0x89,0x25,
    0x89,0x25,0x89,0x25,0x89,0x25,0x89,0x25,0x89,0x25,0x89,0x25,0x89,0x25,0x89,0x25,
    0x89,0x25,0x89,0x25,0x89,0x25,0x89,0x25,0x89,0x25,0x89,0x25,0x89,0x25,0x89,0x25,
    0x89,0x25,0x89,0x25,0x89,0x25,0x89,0x25,0x89,0x25,0x89,0x25,0x89,0x25,0x89,0x25,
    0x89,0x25,0x89,0x25,0x89,0x25,0x89,0x25,0x89,0x25,0x89,0x25,0x89,0x25,0x89,0x25,
    0xCA,0x25,0x89,0x25,0x00,0x00,0x4A,0x05,0x00,0x00,0x00,0x00,0x00,0x00,0x00,0x00,
    0x4A,0x05,0x00,0x00,0xC7,0x1B,0xEA,0x25,0x89,0x25,0x89,0x25,0x89,0x25,0x89,0x25,
    0x89,0x25,0x89,0x25,0x89,0x25,0x89,0x25,0x89,0x25,0x89,0x25,0x89,0x25,0x89,0x25,
    0x89,0x25,0x89,0x25,0x89,0x25,0x89,0x25,0x89,0x25,0x89,0x25,0x89,0x25,0x89,0x25,
    0x89,0x25,0x89,0x25,0x89,0x25,0x89,0x25,0x89,0x25,0x89,0x25,0x89,0x25,0x89,0x25,
    0x89,0x25,0x89,0x25,0x89,0x25,0x89,0x25,0x89,0x25,0x89,0x25,0x89,0x25,0x89,0x25,
    0x89,0x25,0x89,0x25,0x89,0x25,0x89,0x25,0x89,0x25,0x89,0x25,0x89,0x25,0x89,0x25,
    0x89,0x25,0x89,0x25,0x89,0x25,0x89,0x25,0x89,0x25,0x89,0x25,0x89,0x25,0x89,0x25,
    0x89,0x25,0x89,0x25,0x89,0x25,0x89,0x25,0x89,0x25,0x89,0x25,0x89,0x25,0x89,0x25,
    0x89,0x25,0x89,0x25,0x89,0x25,0x89,0x25,0x89,0x25,0x89,0x25,0x89,0x25,0x89,0x25,
    0x89,0x25,0x89,0x25,0x89,0x25,0x89,0x25,0x89,0x25,0x89,0x25,0x89,0x25,0x89,0x25,
    0x89,0x25,0x89,0x25,0x89,0x25,0x89,0x25,0x89,0x25,0x89,0x25,0x89,0x25,0x89,0x25,
    0x89,0x25,0x89,0x25,0x89,0x25,0x89,0x25,0x89,0x25,0x89,0x25,0x89,0x25,0x89,0x25,
    0x89,0x25,0x89,0x25,0x89,0x25,0x89,0x25,0x89,0x25,0x89,0x25,0x89,0x25,0x89,0x25,
    0x89,0x25,0x89,0x25,0x89,0x25,0x89,0x25,0x89,0x25,0x89,0x25,0x89,0x25,0x89,0x25,
    0x89,0x25,0x89,0x25,0x89,0x25,0x89,0x25,0x89,0x25,0x89,0x25,0x89,0x25,0x89,0x25,
    0x89,0x25,0x89,0x25,0x89,0x25,0x89,0x25,0x89,0x25,0x89,0x25,0x89,0x25,0x89,0x25,
    0x89,0x25,0x89,0x25,0x89,0x25,0x89,0x25,0x89,0x25,0x89,0x25,0x89,0x25,0x89,0x25,
    0x89,0x25,0x89,0x25,0x89,0x25,0x89,0x25,0x89,0x25,0x89,0x25,0x89,0x25,0x89,0x25,
    0x89,0x25,0x89,0x25,0x89,0x25,0x89,0x25,0x89,0x25,0x89,0x25,0x89,0x25,0x89,0x25,
    0x89,0x25,0x89,0x25,0x89,0x25,0x89,0x25,0x89,0x25,0x89,0x25,0x89,0x25,0x89,0x25,
    0x89,0x25,0x89,0x25,0x89,0x25,0x89,0x25,0x89,0x25,0x89,0x25,0x89,0x25,0x89,0x25,
    0x89,0x25,0x89,0x25,0x89,0x25,0x89,0x25,0x89,0x25,0x89,0x25,0x89,0x25,0x89,0x25,
    0x89,0x25,0x89,0x25,0x89,0x25,0x89,0x25,0x89,0x25,0x89,0x25,0x89,0x25,0x89,0x25,
    0x89,0x25,0x89,0x25,0x89,0x25,0x89,0x25,0x89,0x25,0x89,0x25,0x89,0x25,0x89,0x25,
    0x89,0x25,0x89,0x25,0x89,0x25,0x89,0x25,0x89,0x25,0x89,0x25,0x89,0x25,0x89,0x25,
    0x89,0x25,0x89,0x25,0x89,0x25,0x89,0x25,0x89,0x25,0x89,0x25,0x89,0x25,0x89,0x25,
    0x89,0x25,0x89,0x25,0x89,0x25,0x89,0x25,0x89,0x25,0x89,0x25,0x89,0x25,0x89,0x25,
    0x89,0x25,0x89,0x25,0x89,0x25,0x89,0x25,0x89,0x25,0x89,0x25,0x89,0x25,0x89,0x25,
    0x89,0x25,0x89,0x25,0x89,0x25,0x89,0x25,0x89,0x25,0x89,0x25,0x89,0x25,0x89,0x25,
    0x89,0x25,0x89,0x25,0x89,0x25,0x89,0x25,0x89,0x25,0x89,0x25,0x89,0x25,0x89,0x25,
    0x89,0x25,0x89,0x25,0x89,0x25,0x89,0x25,0x89,0x25,0x89,0x25,0x89,0x25,0x89,0x25,
    0x89,0x25,0x89,0x25,0x89,0x25,0x89,0x25,0x89,0x25,0x89,0x25,0x89,0x25,0x89,0x25,
    0x89,0x25,0x89,0x25,0x89,0x25,0x89,0x25,0x89,0x25,0x89,0x25,0xCA,0x25,0x89,0x25,
    0x00,0x00,0x4A,0x05,0x00,0x00,0x00,0x00,0x00,0x00,0x00,0x00,0x4A,0x05,0x00,0x00,
    0xC7,0x1B,0xEA,0x25,0x89,0x25,0x89,0x25,0x89,0x25,0x89,0x25,0x89,0x25,0x89,0x25,
    0x89,0x25,0x89,0x25,0x89,0x25,0x89,0x25,0x89,0x25,0x89,0x25,0x89,0x25,0x89,0x25,
    0x89,0x25,0x89,0x25,0x89,0x25,0x89,0x25,0x89,0x25,0x89,0x25,0x89,0x25,0x89,0x25,
    0x89,0x25,0x89,0x25,0x89,0x25,0x89,0x25,0x89,0x25,0x89,0x25,0x89,0x25,0x89,0x25,
    0x89,0x25,0x89,0x25,0x89,0x25,0x89,0x25,0x89,0x25,0x89,0x25,0x89,0x25,0x89,0x25,
    0x89,0x25,0x89,0x25,0x89,0x25,0x89,0x25,0x89,0x25,0x89,0x25,0x89,0x25,0x89,0x25,
    0x89,0x25,0x89,0x25,0x89,0x25,0x89,0x25,0x89,0x25,0x89,0x25,0x89,0x25,0x89,0x25,
    0x89,0x25,0x89,0x25,0x89,0x25,0x89,0x25,0x89,0x25,0x89,0x25,0x89,0x25,0x89,0x25,
    0x89,0x25,0x89,0x25,0x89,0x25,0x89,0x25,0x89,0x25,0x89,0x25,0x89,0x25,0x89,0x25,
    0x89,0x25,0x89,0x25,0x89,0x25,0x89,0x25,0x89,0x25,0x89,0x25,0x89,0x25,0x89,0x25,
    0x89,0x25,0x89,0x25,0x89,0x25,0x89,0x25,0x89,0x25,0x89,0x25,0x89,0x25,0x89,0x25,
    0x89,0x25,0x89,0x25,0x89,0x25,0x89,0x25,0x89,0x25,0x89,0x25,0x89,0x25,0x89,0x25,
    0x89,0x25,0x89,0x25,0x89,0x25,0x89,0x25,0x89,0x25,0x89,0x25,0x89,0x25,0x89,0x25,
    0x89,0x25,0x89,0x25,0x89,0x25,0x89,0x25,0x89,0x25,0x89,0x25,0x89,0x25,0x89,0x25,
    0x89,0x25,0x89,0x25,0x89,0x25,0x89,0x25,0x89,0x25,0x89,0x25,0x89,0x25,0x89,0x25,
    0x89,0x25,0x89,0x25,0x89,0x25,0x89,0x25,0x89,0x25,0x89,0x25,0x89,0x25,0x89,0x25,
    0x89,0x25,0x89,0x25,0x89,0x25,0x89,0x25,0x89,0x25,0x89,0x25,0x89,0x25,0x89,0x25,
    0x89,0x25,0x89,0x25,0x89,0x25,0x89,0x25,0x89,0x25,0x89,0x25,0x89,0x25,0x89,0x25,
    0x89,0x25,0x89,0x25,0x89,0x25,0x89,0x25,0x89,0x25,0x89,0x25,0x89,0x25,0x89,0x25,
    0x89,0x25,0x89,0x25,0x89,0x25,0x89,0x25,0x89,0x25,0x89,0x25,0x89,0x25,0x89,0x25,
    0x89,0x25,0x89,0x25,0x89,0x25,0x89,0x25,0x89,0x25,0x89,0x25,0x89,0x25,0x89,0x25,
    0x89,0x25,0x89,0x25,0x89,0x25,0x89,0x25,0x89,0x25,0x89,0x25,0x89,0x25,0x89,0x25,
    0x89,0x25,0x89,0x25,0x89,0x25,0x89,0x25,0x89,0x25,0x89,0x25,0x89,0x25,0x89,0x25,
    0x89,0x25,0x89,0x25,0x89,0x25,0x89,0x25,0x89,0x25,0x89,0x25,0x89,0x25,0x89,0x25,
    0x89,0x25,0x89,0x25,0x89,0x25,0x89,0x25,0x89,0x25,0x89,0x25,0x89,0x25,0x89,0x25,
    0x89,0x25,0x89,0x25,0x89,0x25,0x89,0x25,0x89,0x25,0x89,0x25,0x89,0x25,0x89,0x25,
    0x89,0x25,0x89,0x25,0x89,0x25,0x89,0x25,0x89,0x25,0x89,0x25,0x89,0x25,0x89,0x25,
    0x89,0x25,0x89,0x25,0x89,0x25,0x89,0x25,0x89,0x25,0x89,0x25,0x89,0x25,0x89,0x25,
    0x89,0x25,0x89,0x25,0x89,0x25,0x89,0x25,0x89,0x25,0x89,0x25,0x89,0x25,0x89,0x25,
    0x89,0x25,0x89,0x25,0x89,0x25,0x89,0x25,0x89,0x25,0x89,0x25,0x89,0x25,0x89,0x25,
    0x89,0x25,0x89,0x25,0x89,0x25,0x89,0x25,0x89,0x25,0x89,0x25,0x89,0x25,0x89,0x25,
    0x89,0x25,0x89,0x25,0x89,0x25,0x89,0x25,0x89,0x25,0x89,0x25,0x89,0x25,0x89,0x25,
    0x89,0x25,0x89,0x25,0x89,0x25,0x89,0x25,0xCA,0x25,0x89,0x25,0x00,0x00,0x4A,0x05,
    0x00,0x00,0x00,0x00,0x00,0x00,0x00,0x00,0x4A,0x05,0x00,0x00,0xC7,0x1B,0xEA,0x25,
    0x89,0x25,0x89,0x25,0x89,0x25,0x89,0x25,0x89,0x25,0x89,0x25,0x89,0x25,0x89,0x25,
    0x89,0x25,0x89,0x25,0x89,0x25,0x89,0x25,0x89,0x25,0x89,0x25,0x89,0x25,0x89,0x25,
    0x89,0x25,0x89,0x25,0x89,0x25,0x89,0x25,0x89,0x25,0x89,0x25,0x89,0x25,0x89,0x25,
    0x89,0x25,0x89,0x25,0x89,0x25,0x89,0x25,0x89,0x25,0x89,0x25,0x89,0x25,0x89,0x25,
    0x89,0x25,0x89,0x25,0x89,0x25,0x89,0x25,0x89,0x25,0x89,0x25,0x89,0x25,0x89,0x25,
    0x89,0x25,0x89,0x25,0x89,0x25,0x89,0x25,0x89,0x25,0x89,0x25,0x89,0x25,0x89,0x25,
    0x89,0x25,0x89,0x25,0x89,0x25,0x89,0x25,0x89,0x25,0x89,0x25,0x89,0x25,0x89,0x25,
    0x89,0x25,0x89,0x25,0x89,0x25,0x89,0x25,0x89,0x25,0x89,0x25,0x89,0x25,0x89,0x25,
    0x89,0x25,0x89,0x25,0x89,0x25,0x89,0x25,0x89,0x25,0x89,0x25,0x89,0x25,0x89,0x25,
    0x89,0x25,0x89,0x25,0x89,0x25,0x89,0x25,0x89,0x25,0x89,0x25,0x89,0x25,0x89,0x25,
    0x89,0x25,0x89,0x25,0x89,0x25,0x89,0x25,0x89,0x25,0x89,0x25,0x89,0x25,0x89,0x25,
    0x89,0x25,0x89,0x25,0x89,0x25,0x89,0x25,0x89,0x25,0x89,0x25,0x89,0x25,0x89,0x25,
    0x89,0x25,0x89,0x25,0x89,0x25,0x89,0x25,0x89,0x25,0x89,0x25,0x89,0x25,0x89,0x25,
    0x89,0x25,0x89,0x25,0x89,0x25,0x89,0x25,0x89,0x25,0x89,0x25,0x89,0x25,0x89,0x25,
    0x89,0x25,0x89,0x25,0x89,0x25,0x89,0x25,0x89,0x25,0x89,0x25,0x89,0x25,0x89,0x25,
    0x89,0x25,0x89,0x25,0x89,0x25,0x89,0x25,0x89,0x25,0x89,0x25,0x89,0x25,0x89,0x25,
    0x89,0x25,0x89,0x25,0x89,0x25,0x89,0x25,0x89,0x25,0x89,0x25,0x89,0x25,0x89,0x25,
    0x89,0x25,0x89,0x25,0x89,0x25,0x89,0x25,0x89,0x25,0x89,0x25,0x89,0x25,0x89,0x25,
    0x89,0x25,0x89,0x25,0x89,0x25,0x89,0x25,0x89,0x25,0x89,0x25,0x89,0x25,0x89,0x25,
    0x89,0x25,0x89,0x25,0x89,0x25,0x89,0x25,0x89,0x25,0x89,0x25,0x89,0x25,0x89,0x25,
    0x89,0x25,0x89,0x25,0x89,0x25,0x89,0x25,0x89,0x25,0x89,0x25,0x89,0x25,0x89,0x25,
    0x89,0x25,0x89,0x25,0x89,0x25,0x89,0x25,0x89,0x25,0x89,0x25,0x89,0x25,0x89,0x25,
    0x89,0x25,0x89,0x25,0x89,0x25,0x89,0x25,0x89,0x25,0x89,0x25,0x89,0x25,0x89,0x25,
    0x89,0x25,0x89,0x25,0x89,0x25,0x89,0x25,0x89,0x25,0x89,0x25,0x89,0x25,0x89,0x25,
    0x89,0x25,0x89,0x25,0x89,0x25,0x89,0x25,0x89,0x25,0x89,0x25,0x89,0x25,0x89,0x25,
    0x89,0x25,0x89,0x25,0x89,0x25,0x89,0x25,0x89,0x25,0x89,0x25,0x89,0x25,0x89,0x25,
    0x89,0x25,0x89,0x25,0x89,0x25,0x89,0x25,0x89,0x25,0x89,0x25,0x89,0x25,0x89,0x25,
    0x89,0x25,0x89,0x25,0x89,0x25,0x89,0x25,0x89,0x25,0x89,0x25,0x89,0x25,0x89,0x25,
    0x89,0x25,0x89,0x25,0x89,0x25,0x89,0x25,0x89,0x25,0x89,0x25,0x89,0x25,0x89,0x25,
    0x89,0x25,0x89,0x25,0x89,0x25,0x89,0x25,0x89,0x25,0x89,0x25,0x89,0x25,0x89,0x25,
    0x89,0x25,0x89,0x25,0x89,0x25,0x89,0x25,0x89,0x25,0x89,0x25,0x89,0x25,0x89,0x25,
    0x89,0x25,0x89,0x25,0x89,0x25,0x89,0x25,0x89,0x25,0x89,0x25,0x89,0x25,0x89,0x25,
    0x89,0x25,0x89,0x25,0xCA,0x25,0x89,0x25,0x00,0x00,0x4A,0x05,0x00,0x00,0x00,0x00,
    0x00,0x00,0x00,0x00,0x4A,0x05,0x00,0x00,0xC7,0x1B,0x6A,0x26,0xEA,0x25,0xEA,0x25,
    0xEA,0x25,0xEA,0x25,0xEA,0x25,0xEA,0x25,0xEA,0x25,0xEA,0x25,0xEA,0x25,0xEA,0x25,
    0xEA,0x25,0xEA,0x25,0xEA,0x25,0xEA,0x25,0xEA,0x25,0xEA,0x25,0xEA,0x25,0xEA,0x25,
    0xEA,0x25,0xEA,0x25,0xEA,0x25,0xEA,0x25,0xEA,0x25,0xEA,0x25,0xEA,0x25,0xEA,0x25,
    0xEA,0x25,0xEA,0x25,0xEA,0x25,0xEA,0x25,0xEA,0x25,0xEA,0x25,0xEA,0x25,0xEA,0x25,
    0xEA,0x25,0xEA,0x25,0xEA,0x25,0xEA,0x25,0xEA,0x25,0xEA,0x25,0xEA,0x25,0xEA,0x25,
    0xEA,0x25,0xEA,0x25,0xEA,0x25,0xEA,0x25,0xEA,0x25,0xEA,0x25,0xEA,0x25,0xEA,0x25,
    0xEA,0x25,0xEA,0x25,0xEA,0x25,0xEA,0x25,0xEA,0x25,0xEA,0x25,0xEA,0x25,0xEA,0x25,
    0xEA,0x25,0xEA,0x25,0xEA,0x25,0xEA,0x25,0xEA,0x25,0xEA,0x25,0xEA,0x25,0xEA,0x25,
    0xEA,0x25,0xEA,0x25,0xEA,0x25,0xEA,0x25,0xEA,0x25,0xEA,0x25,0xEA,0x25,0xEA,0x25,
    0xEA,0x25,0xEA,0x25,0xEA,0x25,0xEA,0x25,0xEA,0x25,0xEA,0x25,0xEA,0x25,0xEA,0x25,
    0xEA,0x25,0xEA,0x25,0xEA,0x25,0xEA,0x25,0xEA,0x25,0xEA,0x25,0xEA,0x25,0xEA,0x25,
    0xEA,0x25,0xEA,0x25,0xEA,0x25,0xEA,0x25,0xEA,0x25,0xEA,0x25,0xEA,0x25,0xEA,0x25,
    0xEA,0x25,0xEA,0x25,0xEA,0x25,0xEA,0x25,0xEA,0x25,0xEA,0x25,0xEA,0x25,0xEA,0x25,
    0xEA,0x25,0xEA,0x25,0xEA,0x25,0xEA,0x25,0xEA,0x25,0xEA,0x25,0xEA,0x25,0xEA,0x25,
    0xEA,0x25,0xEA,0x25,0xEA,0x25,0xEA,0x25,0xEA,0x25,0xEA,0x25,0xEA,0x25,0xEA,0x25,
    0xEA,0x25,0xEA,0x25,0xEA,0x25,0xEA,0x25,0xEA,0x25,0xEA,0x25,0xEA,0x25,0xEA,0x25,
    0xEA,0x25,0xEA,0x25,0xEA,0x25,0xEA,0x25,0xEA,0x25,0xEA,0x25,0xEA,0x25,0xEA,0x25,
    0xEA,0x25,0xEA,0x25,0xEA,0x25,0xEA,0x25,0xEA,0x25,0xEA,0x25,0xEA,0x25,0xEA,0x25,
    0xEA,0x25,0xEA,0x25,0xEA,0x25,0xEA,0x25,0xEA,0x25,0xEA,0x25,0xEA,0x25,0xEA,0x25,
    0xEA,0x25,0xEA,0x25,0xEA,0x25,0xEA,0x25,0xEA,0x25,0xEA,0x25,0xEA,0x25,0xEA,0x25,
    0xEA,0x25,0xEA,0x25,0xEA,0x25,0xEA,0x25,0xEA,0x25,0xEA,0x25,0xEA,0x25,0xEA,0x25,
    0xEA,0x25,0xEA,0x25,0xEA,0x25,0xEA,0x25,0xEA,0x25,0xEA,0x25,0xEA,0x25,0xEA,0x25,
    0xEA,0x25,0xEA,0x25,0xEA,0x25,0xEA,0x25,0xEA,0x25,0xEA,0x25,0xEA,0x25,0xEA,0x25,
    0xEA,0x25,0xEA,0x25,0xEA,0x25,0xEA,0x25,0xEA,0x25,0xEA,0x25,0xEA,0x25,0xEA,0x25,
    0xEA,0x25,0xEA,0x25,0xEA,0x25,0xEA,0x25,0xEA,0x25,0xEA,0x25,0xEA,0x25,0xEA,0x25,
    0xEA,0x25,0xEA,0x25,0xEA,0x25,0xEA,0x25,0xEA,0x25,0xEA,0x25,0xEA,0x25,0xEA,0x25,
    0xEA,0x25,0xEA,0x25,0xEA,0x25,0xEA,0x25,0xEA,0x25,0xEA,0x25,0xEA,0x25,0xEA,0x25,
    0xEA,0x25,0xEA,0x25,0xEA,0x25,0xEA,0x25,0xEA,0x25,0xEA,0x25,0xEA,0x25,0xEA,0x25,
    0xEA,0x25,0xEA,0x25,0xEA,0x25,0xEA,0x25,0xEA,0x25,0xEA,0x25,0xEA,0x25,0xEA,0x25,
    0xEA,0x25,0xEA,0x25,0xEA,0x25,0xEA,0x25,0xEA,0x25,0xEA,0x25,0xEA,0x25,0xEA,0x25,
    0xEA,0x25,0xEA,0x25,0xEA,0x25,0xEA,0x25,0xEA,0x25,0xEA,0x25,0xEA,0x25,0xEA,0x25,
    0xEA,0x25,0xEA,0x25,0xEA,0x25,0xEA,0x25,0xEA,0x25,0xEA,0x25,0xEA,0x25,0xEA,0x25,
    0x4A,0x26,0x89,0x25,0x00,0x00,0x4A,0x05,0x00,0x00,0x00,0x00,0x00,0x00,0x00,0x00,
    0xEF,0x03,0x00,0x00,0xE6,0x1B,0xEA,0x25,0x89,0x25,0x89,0x25,0x89,0x25,0x89,0x25,
    0x89,0x25,0x89,0x25,0x89,0x25,0x89,0x25,0x89,0x25,0x89,0x25,0x89,0x25,0x89,0x25,
    0x89,0x25,0x89,0x25,0x89,0x25,0x89,0x25,0x89,0x25,0x89,0x25,0x89,0x25,0x89,0x25,
    0x89,0x25,0x89,0x25,0x89,0x25,0x89,0x25,0x89,0x25,0x89,0x25,0x89,0x25,0x89,0x25,
    0x89,0x25,0x89,0x25,0x89,0x25,0x89,0x25,0x89,0x25,0x89,0x25,0x89,0x25,0x89,0x25,
    0x89,0x25,0x89,0x25,0x89,0x25,0x89,0x25,0x89,0x25,0x89,0x25,0x89,0x25,0x89,0x25,
    0x89,0x25,0x89,0x25,0x89,0x25,0x89,0x25,0x89,0x25,0x89,0x25,0x89,0x25,0x89,0x25,
    0x89,0x25,0x89,0x25,0x89,0x25,0x89,0x25,0x89,0x25,0x89,0x25,0x89,0x25,0x89,0x25,
    0x89,0x25,0x89,0x25,0x89,0x25,0x89,0x25,0x89,0x25,0x89,0x25,0x89,0x25,0x89,0x25,
    0x89,0x25,0x89,0x25,0x89,0x25,0x89,0x25,0x89,0x25,0x89,0x25,0x89,0x25,0x89,0x25,
    0x89,0x25,0x89,0x25,0x89,0x25,0x89,0x25,0x89,0x25,0x89,0x25,0x89,0x25,0x89,0x25,
    0x89,0x25,0x89,0x25,0x89,0x25,0x89,0x25,0x89,0x25,0x89,0x25,0x89,0x25,0x89,0x25,
    0x89,0x25,0x89,0x25,0x89,0x25,0x89,0x25,0x89,0x25,0x89,0x25,0x89,0x25,0x89,0x25,
    0x89,0x25,0x89,0x25,0x89,0x25,0x89,0x25,0x89,0x25,0x89,0x25,0x89,0x25,0x89,0x25,
    0x89,0x25,0x89,0x25,0x89,0x25,0x89,0x25,0x89,0x25,0x89,0x25,0x89,0x25,0x89,0x25,
    0x89,0x25,0x89,0x25,0x89,0x25,0x89,0x25,0x89,0x25,0x89,0x25,0x89,0x25,0x89,0x25,
    0x89,0x25,0x89,0x25,0x89,0x25,0x89,0x25,0x89,0x25,0x89,0x25,0x89,0x25,0x89,0x25,
    0x89,0x25,0x89,0x25,0x89,0x25,0x89,0x25,0x89,0x25,0x89,0x25,0x89,0x25,0x89,0x25,
    0x89,0x25,0x89,0x25,0x89,0x25,0x89,0x25,0x89,0x25,0x89,0x25,0x89,0x25,0x89,0x25,
    0x89,0x25,0x89,0x25,0x89,0x25,0x89,0x25,0x89,0x25,0x89,0x25,0x89,0x25,0x89,0x25,
    0x89,0x25,0x89,0x25,0x89,0x25,0x89,0x25,0x89,0x25,0x89,0x25,0x89,0x25,0x89,0x25,
    0x89,0x25,0x89,0x25,0x89,0x25,0x89,0x25,0x89,0x25,0x89,0x25,0x89,0x25,0x89,0x25,
    0x89,0x25,0x89,0x25,0x89,0x25,0x89,0x25,0x89,0x25,0x89,0x25,0x89,0x25,0x89,0x25,
    0x89,0x25,0x89,0x25,0x89,0x25,0x89,0x25,0x89,0x25,0x89,0x25,0x89,0x25,0x89,0x25,
    0x89,0x25,0x89,0x25,0x89,0x25,0x89,0x25,0x89,0x25,0x89,0x25,0x89,0x25,0x89,0x25,
    0x89,0x25,0x89,0x25,0x89,0x25,0x89,0x25,0x89,0x25,0x89,0x25,0x89,0x25,0x89,0x25,
    0x89,0x25,0x89,0x25,0x89,0x25,0x89,0x25,0x89,0x25,0x89,0x25,0x89,0x25,0x89,0x25,
    0x89,0x25,0x89,0x25,0x89,0x25,0x89,0x25,0x89,0x25,0x89,0x25,0x89,0x25,0x89,0x25,
    0x89,0x25,0x89,0x25,0x89,0x25,0x89,0x25,0x89,0x25,0x89,0x25,0x89,0x25,0x89,0x25,
    0x89,0x25,0x89,0x25,0x89,0x25,0x89,0x25,0x89,0x25,0x89,0x25,0x89,0x25,0x89,0x25,
    0x89,0x25,0x89,0x25,0x89,0x25,0x89,0x25,0x89,0x25,0x89,0x25,0x89,0x25,0x89,0x25,
    0x89,0x25,0x89,0x25,0x89,0x25,0x89,0x25,0x89,0x25,0x89,0x25,0x89,0x25,0x89,0x25,
    0x89,0x25,0x89,0x25,0x89,0x25,0x89,0x25,0x89,0x25,0x89,0x25,0xCA,0x25,0x89,0x25,
    0x00,0x00,0xEF,0x03,0x00,0x00,0x00,0x00,0x00,0x00,0x00,0x00,0x00,0x00,0x00,0x00,
    0x00,0x00,0x00,0x00,0x00,0x00,0x00,0x00,0x00,0x00,0x00,0x00,0x00,0x00,0x00,0x00,
    0x00,0x00,0x00,0x00,0x00,0x00,0x00,0x00,0x00,0x00,0x00,0x00,0x00,0x00,0x00,0x00,
    0x00,0x00,0x00,0x00,0x00,0x00,0x00,0x00,0x00,0x00,0x00,0x00,0x00,0x00,0x00,0x00,
    0x00,0x00,0x00,0x00,0x00,0x00,0x00,0x00,0x00,0x00,0x00,0x00,0x00,0x00,0x00,0x00,
    0x00,0x00,0x00,0x00,0x00,0x00,0x00,0x00,0x00,0x00,0x00,0x00,0x00,0x00,0x00,0x00,
    0x00,0x00,0x00,0x00,0x00,0x00,0x00,0x00,0x00,0x00,0x00,0x00,0x00,0x00,0x00,0x00,
    0x00,0x00,0x00,0x00,0x00,0x00,0x00,0x00,0x00,0x00,0x00,0x00,0x00,0x00,0x00,0x00,
    0x00,0x00,0x00,0x00,0x00,0x00,0x00,0x00,0x00,0x00,0x00,0x00,0x00,0x00,0x00,0x00,
    0x00,0x00,0x00,0x00,0x00,0x00,0x00,0x00,0x00,0x00,0x00,0x00,0x00,0x00,0x00,0x00,
    0x00,0x00,0x00,0x00,0x00,0x00,0x00,0x00,0x00,0x00,0x00,0x00,0x00,0x00,0x00,0x00,
    0x00,0x00,0x00,0x00,0x00,0x00,0x00,0x00,0x00,0x00,0x00,0x00,0x00,0x00,0x00,0x00,
    0x00,0x00,0x00,0x00,0x00,0x00,0x00,0x00,0x00,0x00,0x00,0x00,0x00,0x00,0x00,0x00,
    0x00,0x00,0x00,0x00,0x00,0x00,0x00,0x00,0x00,0x00,0x00,0x00,0x00,0x00,0x00,0x00,
    0x00,0x00,0x00,0x00,0x00,0x00,0x00,0x00,0x00,0x00,0x00,0x00,0x00,0x00,0x00,0x00,
    0x00,0x00,0x00,0x00,0x00,0x00,0x00,0x00,0x00,0x00,0x00,0x00,0x00,0x00,0x00,0x00,
    0x00,0x00,0x00,0x00,0x00,0x00,0x00,0x00,0x00,0x00,0x00,0x00,0x00,0x00,0x00,0x00,
    0x00,0x00,0x00,0x00,0x00,0x00,0x00,0x00,0x00,0x00,0x00,0x00,0x00,0x00,0x00,0x00,
    0x00,0x00,0x00,0x00,0x00,0x00,0x00,0x00,0x00,0x00,0x00,0x00,0x00,0x00,0x00,0x00,
    0x00,0x00,0x00,0x00,0x00,0x00,0x00,0x00,0x00,0x00,0x00,0x00,0x00,0x00,0x00,0x00,
    0x00,0x00,0x00,0x00,0x00,0x00,0x00,0x00,0x00,0x00,0x00,0x00,0x00,0x00,0x00,0x00,
    0x00,0x00,0x00,0x00,0x00,0x00,0x00,0x00,0x00,0x00,0x00,0x00,0x00,0x00,0x00,0x00,
    0x00,0x00,0x00,0x00,0x00,0x00,0x00,0x00,0x00,0x00,0x00,0x00,0x00,0x00,0x00,0x00,
    0x00,0x00,0x00,0x00,0x00,0x00,0x00,0x00,0x00,0x00,0x00,0x00,0x00,0x00,0x00,0x00,
    0x00,0x00,0x00,0x00,0x00,0x00,0x00,0x00,0x00,0x00,0x00,0x00,0x00,0x00,0x00,0x00,
    0x00,0x00,0x00,0x00,0x00,0x00,0x00,0x00,0x00,0x00,0x00,0x00,0x00,0x00,0x00,0x00,
    0x00,0x00,0x00,0x00,0x00,0x00,0x00,0x00,0x00,0x00,0x00,0x00,0x00,0x00,0x00,0x00,
    0x00,0x00,0x00,0x00,0x00,0x00,0x00,0x00,0x00,0x00,0x00,0x00,0x00,0x00,0x00,0x00,
    0x00,0x00,0x00,0x00,0x00,0x00,0x00,0x00,0x00,0x00,0x00,0x00,0x00,0x00,0x00,0x00,
    0x00,0x00,0x00,0x00,0x00,0x00,0x00,0x00,0x00,0x00,0x00,0x00,0x00,0x00,0x00,0x00,
    0x00,0x00,0x00,0x00,0x00,0x00,0x00,0x00,0x00,0x00,0x00,0x00,0x00,0x00,0x00,0x00,
    0x00,0x00,0x00,0x00,0x00,0x00,0x00,0x00,0x00,0x00,0x00,0x00,0x00,0x00,0x00,0x00,
    0x00,0x00,0x00,0x00,0x00,0x00,0x00,0x00,0x00,0x00,0x00,0x00,0x00,0x00,0x00,0x00,
    0x00,0x00,0x00,0x00,0x00,0x00,0x00,0x00,0x00,0x00,0x00,0x00,0x00,0x00,0x00,0x00,
    0x00,0x00,0x00,0x00,0x00,0x00,0x00,0x00,0x00,0x00,0x00,0x00,0xE7,0x03,0x6C,0x36,
    0x6C,0x36,0x6C,0x36,0x6C,0x36,0x6C,0x36,0x6C,0x36,0x6C,0x36,0x6C,0x36,0x6C,0x36,
    0x6C,0x36,0x6C,0x36,0x6C,0x36,0x6C,0x36,0x6C,0x36,0x6C,0x36,0x6C,0x36,0x6C,0x36,
    0x6C,0x36,0x6C,0x36,0x6C,0x36,0x6C,0x36,0x6C,0x36,0x6C,0x36,0x6C,0x36,0x6C,0x36,
    0x6C,0x36,0x6C,0x36,0x6C,0x36,0x6C,0x36,0x6C,0x36,0x6C,0x36,0x6C,0x36,0x6C,0x36,
    0x6C,0x36,0x6C,0x36,0x6C,0x36,0x6C,0x36,0x6C,0x36,0x6C,0x36,0x6C,0x36,0x6C,0x36,
    0x6C,0x36,0x6C,0x36,0x6C,0x36,0x6C,0x36,0x6C,0x36,0x6C,0x36,0x6C,0x36,0x6C,0x36,
    0x6C,0x36,0x6C,0x36,0x6C,0x36,0x6C,0x36,0x6C,0x36,0x6C,0x36,0x6C,0x36,0x6C,0x36,
    0x6C,0x36,0x6C,0x36,0x6C,0x36,0x6C,0x36,0x6C,0x36,0x6C,0x36,0x6C,0x36,0x6C,0x36,
    0x6C,0x36,0x6C,0x36,0x6C,0x36,0x6C,0x36,0x6C,0x36,0x6C,0x36,0x6C,0x36,0x6C,0x36,
    0x6C,0x36,0x6C,0x36,0x6C,0x36,0x6C,0x36,0x6C,0x36,0x6C,0x36,0x6C,0x36,0x6C,0x36,
    0x6C,0x36,0x6C,0x36,0x6C,0x36,0x6C,0x36,0x6C,0x36,0x6C,0x36,0x6C,0x36,0x6C,0x36,
    0x6C,0x36,0x6C,0x36,0x6C,0x36,0x6C,0x36,0x6C,0x36,0x6C,0x36,0x6C,0x36,0x6C,0x36,
    0x6C,0x36,0x6C,0x36,0x6C,0x36,0x6C,0x36,0x6C,0x36,0x6C,0x36,0x6C,0x36,0x6C,0x36,
    0x6C,0x36,0x6C,0x36,0x6C,0x36,0x6C,0x36,0x6C,0x36,0x6C,0x36,0x6C,0x36,0x6C,0x36,
    0x6C,0x36,0x6C,0x36,0x6C,0x36,0x6C,0x36,0x6C,0x36,0x6C,0x36,0x6C,0x36,0x6C,0x36,
    0x6C,0x36,0x6C,0x36,0x6C,0x36,0x6C,0x36,0x6C,0x36,0x6C,0x36,0x6C,0x36,0x6C,0x36,
    0x6C,0x36,0x6C,0x36,0x6C,0x36,0x6C,0x36,0x6C,0x36,0x6C,0x36,0x6C,0x36,0x6C,0x36,
    0x6C,0x36,0x6C,0x36,0x6C,0x36,0x6C,0x36,0x6C,0x36,0x6C,0x36,0x6C,0x36,0x6C,0x36,
    0x6C,0x36,0x6C,0x36,0x6C,0x36,0x6C,0x36,0x6C,0x36,0x6C,0x36,0x6C,0x36,0x6C,0x36,
    0x6C,0x36,0x6C,0x36,0x6C,0x36,0x6C,0x36,0x6C,0x36,0x6C,0x36,0x6C,0x36,0x6C,0x36,
    0x6C,0x36,0x6C,0x36,0x6C,0x36,0x6C,0x36,0x6C,0x36,0x6C,0x36,0x6C,0x36,0x6C,0x36,
    0x6C,0x36,0x6C,0x36,0x6C,0x36,0x6C,0x36,0x6C,0x36,0x6C,0x36,0x6C,0x36,0x6C,0x36,
    0x6C,0x36,0x6C,0x36,0x6C,0x36,0x6C,0x36,0x6C,0x36,0x6C,0x36,0x6C,0x36,0x6C,0x36,
    0x6C,0x36,0x6C,0x36,0x6C,0x36,0x6C,0x36,0x6C,0x36,0x6C,0x36,0x6C,0x36,0x6C,0x36,
    0x6C,0x36,0x6C,0x36,0x6C,0x36,0x6C,0x36,0x6C,0x36,0x6C,0x36,0x6C,0x36,0x6C,0x36,
    0x6C,0x36,0x6C,0x36,0x6C,0x36,0x6C,0x36,0x6C,0x36,0x6C,0x36,0x6C,0x36,0x6C,0x36,
    0x6C,0x36,0x6C,0x36,0x6C,0x36,0x6C,0x36,0x6C,0x36,0x6C,0x36,0x6C,0x36,0x6C,0x36,
    0x6C,0x36,0x6C,0x36,0x6C,0x36,0x6C,0x36,0x6C,0x36,0x6C,0x36,0x6C,0x36,0x6C,0x36,
    0x6C,0x36,0x6C,0x36,0x6C,0x36,0x6C,0x36,0x6C,0x36,0x6C,0x36,0x6C,0x36,0x6C,0x36,
    0x6C,0x36,0x6C,0x36,0x6C,0x36,0x6C,0x36,0x6C,0x36,0x6C,0x36,0x6C,0x36,0x6C,0x36,
    0x6C,0x36,0x6C,0x36,0x6C,0x36,0x6C,0x36,0x6C,0x36,0x6C,0x36,0x6C,0x36,0x6C,0x36,
    0x6C,0x36,0x6C,0x36,0x6C,0x36,0x6C,0x36,0x6C,0x36,0x6C,0x36,0x6C,0x36,0x6C,0x36,
    0x6C,0x36,0x6C,0x36,0x6C,0x36,0xE7,0x3D,0x00,0x00,0x00,0x00,0x00,0x00,0x00,0x00,
};

const lv_image_dsc_t FLAG_INDIA_IMAGE = {
    {
        LV_IMAGE_HEADER_MAGIC,
        LV_COLOR_FORMAT_RGB565,
        0,
        FLAG_INDIA_W,
        FLAG_INDIA_H,
        FLAG_INDIA_W * 2,
        0,
    },
    sizeof(FLAG_INDIA_IMAGE_DATA),
    FLAG_INDIA_IMAGE_DATA,
    nullptr,
    nullptr,
};

}  // namespace bitslate::geo::flags
