#include "chess_piece_assets.h"

#ifndef LV_ATTRIBUTE_MEM_ALIGN
#define LV_ATTRIBUTE_MEM_ALIGN
#endif

#ifndef LV_ATTRIBUTE_LARGE_CONST
#define LV_ATTRIBUTE_LARGE_CONST
#endif

#ifndef LV_ATTRIBUTE_IMAGE_IMG_PAWN_WHITE
#define LV_ATTRIBUTE_IMAGE_IMG_PAWN_WHITE
#endif

static const
LV_ATTRIBUTE_MEM_ALIGN LV_ATTRIBUTE_LARGE_CONST LV_ATTRIBUTE_IMAGE_IMG_PAWN_WHITE
uint8_t img_pawn_white_map[] = {
    0x00,0x00,0x00,0x00,0x00,0x00,0x00,0x00,0x00,0x00,0x00,0x00,0x00,0x00,0x00,0x00,
    0x00,0x00,0x00,0x00,0x00,0x00,0x00,0x00,0x00,0x00,0x00,0x00,0x7f,0x3f,0x3f,0x04,
    0x00,0x00,0x00,0x00,0x00,0x00,0x00,0x00,0x66,0x51,0x36,0x55,0x48,0x37,0x25,0x66,
    0x41,0x32,0x23,0x65,0x6b,0x52,0x37,0x66,0xff,0xff,0xff,0x05,0x00,0x00,0x00,0x00,
    0x7f,0x7f,0x3f,0x04,0x00,0x00,0x00,0x00,0x00,0x00,0x00,0x00,0x00,0x00,0x00,0x00,
    0x00,0x00,0x00,0x00,0x00,0x00,0x00,0x00,0x00,0x00,0x00,0x00,0x00,0x00,0x00,0x00,
    0x00,0x00,0x00,0x00,0x00,0x00,0x00,0x00,0x00,0x00,0x00,0x00,0x00,0x00,0x00,0x00,
    0x00,0x00,0x00,0x00,0x00,0x00,0x00,0x00,0x7f,0x00,0x00,0x02,0x00,0x00,0x00,0x00,
    0x94,0x6a,0x4a,0x1f,0x67,0x55,0x3c,0x87,0x4a,0x46,0x3f,0xf6,0x4b,0x49,0x46,0xff,
    0x4a,0x49,0x47,0xff,0x54,0x4c,0x44,0xff,0x4c,0x38,0x27,0x75,0xa2,0x79,0x51,0x2c,
    0x00,0x00,0x00,0x00,0x00,0x00,0x00,0x02,0x00,0x00,0x00,0x00,0x00,0x00,0x00,0x00,
    0x00,0x00,0x00,0x00,0x00,0x00,0x00,0x00,0x00,0x00,0x00,0x00,0x00,0x00,0x00,0x00,
    0x00,0x00,0x00,0x00,0x00,0x00,0x00,0x00,0x00,0x00,0x00,0x00,0x00,0x00,0x00,0x00,
    0x00,0x00,0x00,0x00,0x00,0x00,0x00,0x01,0xff,0x7f,0x7f,0x02,0x8d,0x76,0x56,0x61,
    0x5d,0x50,0x40,0xaf,0x36,0x33,0x31,0xff,0xc0,0xc3,0xc3,0xfd,0xff,0xff,0xff,0xfc,
    0xff,0xff,0xff,0xfc,0xc7,0xca,0xcc,0xfa,0x26,0x25,0x23,0xff,0x56,0x46,0x33,0xd8,
    0x76,0x60,0x44,0x52,0xff,0xff,0x7f,0x02,0xff,0xff,0x00,0x01,0x00,0x00,0x00,0x00,
    0x00,0x00,0x00,0x00,0x00,0x00,0x00,0x00,0x00,0x00,0x00,0x00,0x00,0x00,0x00,0x00,
    0x00,0x00,0x00,0x00,0x00,0x00,0x00,0x00,0x00,0x00,0x00,0x00,0x00,0x00,0x00,0x00,
    0x00,0x00,0x00,0x00,0x00,0x00,0x00,0x02,0x06,0x05,0x05,0x00,0x36,0x2a,0x1e,0xd2,
    0x44,0x43,0x43,0xff,0xf9,0xfa,0xfb,0xf8,0xfa,0xf9,0xf9,0xff,0xfe,0xfe,0xfe,0xff,
    0xfd,0xfd,0xfd,0xff,0xf9,0xf9,0xf9,0xff,0xe7,0xe9,0xe9,0xf9,0x2a,0x2b,0x2b,0xff,
    0x42,0x33,0x26,0xd0,0x06,0x06,0x05,0x00,0x00,0x00,0x00,0x02,0x00,0x00,0x00,0x00,
    0x00,0x00,0x00,0x00,0x00,0x00,0x00,0x00,0x00,0x00,0x00,0x00,0x00,0x00,0x00,0x00,
    0x00,0x00,0x00,0x00,0x00,0x00,0x00,0x00,0x00,0x00,0x00,0x00,0x00,0x00,0x00,0x00,
    0x00,0x00,0x00,0x00,0x00,0x00,0x00,0x02,0xff,0xff,0xff,0x03,0x26,0x1e,0x15,0xc1,
    0x40,0x41,0x42,0xfc,0xff,0xff,0xff,0xfc,0xfe,0xfe,0xfe,0xff,0xfb,0xfb,0xfd,0xff,
    0xfd,0xfd,0xfd,0xff,0xff,0xff,0xff,0xff,0xff,0xff,0xff,0xfc,0x33,0x34,0x33,0xfd,
    0x40,0x33,0x24,0xc1,0xff,0xff,0xff,0x03,0x00,0x00,0x00,0x02,0x00,0x00,0x00,0x00,
    0x00,0x00,0x00,0x00,0x00,0x00,0x00,0x00,0x00,0x00,0x00,0x00,0x00,0x00,0x00,0x00,
    0x00,0x00,0x00,0x00,0x00,0x00,0x00,0x00,0x00,0x00,0x00,0x00,0x00,0x00,0x00,0x00,
    0xff,0x00,0x00,0x01,0x00,0x00,0x00,0x05,0x00,0x00,0x00,0x00,0x32,0x2a,0x1e,0xbf,
    0x23,0x23,0x24,0xff,0x9a,0x9b,0x9b,0xfc,0xdf,0xdf,0xdf,0xff,0xfb,0xfb,0xfc,0xff,
    0xfd,0xfe,0xfe,0xff,0xe4,0xe4,0xe4,0xff,0x97,0x97,0x98,0xfc,0x1d,0x1d,0x1d,0xff,
    0x4a,0x3d,0x2c,0xbf,0x00,0x00,0x01,0x00,0x33,0x00,0x00,0x05,0xff,0xff,0xff,0x01,
    0x00,0x00,0x00,0x00,0x00,0x00,0x00,0x00,0x00,0x00,0x00,0x00,0x00,0x00,0x00,0x00,
    0x00,0x00,0x00,0x00,0x00,0x00,0x00,0x00,0x00,0x00,0x00,0x00,0x00,0x00,0x00,0x00,
    0x00,0x00,0x00,0x00,0x00,0x00,0x00,0x00,0x98,0x7b,0x58,0x48,0x2f,0x28,0x1e,0xd6,
    0x18,0x18,0x1a,0xfe,0x1b,0x1b,0x1a,0xfd,0xc0,0xc0,0xbf,0xff,0xff,0xff,0xff,0xff,
    0xff,0xff,0xff,0xff,0xbb,0xbb,0xbb,0xff,0x18,0x18,0x18,0xfd,0x18,0x19,0x19,0xfe,
    0x3b,0x2f,0x23,0xd6,0xa2,0x7f,0x55,0x48,0x00,0x00,0x00,0x00,0x00,0x00,0x00,0x00,
    0x00,0x00,0x00,0x00,0x00,0x00,0x00,0x00,0x00,0x00,0x00,0x00,0x00,0x00,0x00,0x00,
    0x00,0x00,0x00,0x00,0x00,0x00,0x00,0x00,0x00,0x00,0x00,0x01,0x00,0x00,0x00,0x01,
    0xaf,0x8f,0x5f,0x10,0x7f,0x68,0x4d,0x4c,0x4a,0x42,0x37,0xf8,0x24,0x25,0x24,0xff,
    0xc4,0xc5,0xc6,0xfd,0xfd,0xfd,0xfd,0xff,0xfa,0xfa,0xfa,0xff,0xff,0xff,0xff,0xff,
    0xff,0xfe,0xff,0xff,0xfa,0xfa,0xfa,0xff,0xfa,0xfa,0xfa,0xff,0xcc,0xce,0xce,0xfd,
    0x27,0x28,0x29,0xff,0x55,0x49,0x3b,0xf7,0x95,0x7d,0x5c,0x4d,0xb3,0xa0,0x7a,0x1b,
    0x00,0x00,0x00,0x01,0xff,0xff,0x00,0x01,0x00,0x00,0x00,0x00,0x00,0x00,0x00,0x00,
    0x00,0x00,0x00,0x00,0x00,0x00,0x00,0x00,0x7f,0x7f,0x3f,0x04,0x00,0x00,0x00,0x00,
    0xa8,0x8f,0x71,0x5e,0x25,0x1f,0x16,0xff,0xaa,0xad,0xaf,0xfa,0xf4,0xf4,0xf5,0xfe,
    0xf9,0xf8,0xf9,0xff,0xfe,0xfe,0xfe,0xff,0xfe,0xfe,0xfe,0xff,0xfe,0xfe,0xfe,0xff,
    0xfe,0xfe,0xfe,0xff,0xfe,0xfe,0xfe,0xff,0xfe,0xfe,0xfe,0xff,0xf9,0xf9,0xf9,0xff,
    0xf5,0xf6,0xf6,0xfe,0xac,0xad,0xae,0xf9,0x28,0x23,0x19,0xff,0x9e,0x8e,0x72,0x64,
    0x00,0x00,0x00,0x00,0x7f,0x7f,0x7f,0x04,0x00,0x00,0x00,0x00,0x00,0x00,0x00,0x00,
    0x00,0x00,0x00,0x00,0x00,0x00,0x00,0x00,0x7f,0x7f,0x7f,0x04,0x00,0x00,0x00,0x00,
    0x9e,0x8f,0x75,0x62,0x13,0x12,0x0e,0xfe,0xc8,0xc9,0xca,0xfa,0xff,0xff,0xff,0xff,
    0xf8,0xf7,0xf8,0xff,0xfc,0xfc,0xfc,0xff,0xfd,0xfd,0xfd,0xff,0xfe,0xfd,0xfd,0xff,
    0xfd,0xfd,0xfd,0xff,0xfc,0xfd,0xfc,0xff,0xfb,0xfb,0xfb,0xff,0xf5,0xf5,0xf5,0xff,
    0xff,0xff,0xff,0xff,0xbc,0xbd,0xbe,0xfa,0x13,0x11,0x0c,0xf9,0x9c,0x8e,0x78,0x5d,
    0x00,0x00,0x00,0x00,0x7f,0x7f,0x7f,0x04,0x00,0x00,0x00,0x00,0x00,0x00,0x00,0x00,
    0x00,0x00,0x00,0x00,0x00,0x00,0x00,0x00,0x7f,0x7f,0x3f,0x04,0x00,0x00,0x00,0x00,
    0xa2,0x90,0x71,0x53,0x37,0x2f,0x23,0xfa,0x6e,0x6f,0x70,0xfd,0xca,0xcb,0xcb,0xff,
    0xff,0xff,0xff,0xff,0xfd,0xfd,0xfd,0xff,0xfe,0xfe,0xfe,0xff,0xfd,0xfd,0xfd,0xff,
    0xfc,0xfc,0xfc,0xff,0xfc,0xfc,0xfb,0xff,0xfb,0xfa,0xfa,0xff,0xff,0xff,0xff,0xff,
    0xc6,0xc6,0xc6,0xff,0x60,0x63,0x65,0xfe,0x21,0x1d,0x16,0xff,0x9b,0x89,0x70,0x64,
    0x00,0x00,0x00,0x00,0x7f,0x7f,0x3f,0x04,0x00,0x00,0x00,0x00,0x00,0x00,0x00,0x00,
    0x00,0x00,0x00,0x00,0x00,0x00,0x00,0x00,0x00,0x00,0x00,0x00,0xff,0xff,0x7f,0x02,
    0xaa,0xaa,0x55,0x03,0xd0,0xb8,0x8d,0x48,0x2e,0x25,0x16,0xfa,0x3d,0x3f,0x40,0xfd,
    0xc5,0xc5,0xc5,0xff,0xf5,0xf5,0xf5,0xff,0xff,0xff,0xff,0xff,0xfd,0xfd,0xfd,0xff,
    0xfd,0xfd,0xfd,0xff,0xfc,0xfc,0xfc,0xff,0xf8,0xf8,0xf7,0xff,0xca,0xca,0xca,0xfe,
    0x39,0x3b,0x3b,0xff,0x1e,0x15,0x0b,0xee,0x75,0x66,0x51,0x55,0xb0,0x93,0x75,0x1a,
    0xff,0x00,0x00,0x01,0xff,0xff,0x00,0x01,0x00,0x00,0x00,0x00,0x00,0x00,0x00,0x00,
    0x00,0x00,0x00,0x00,0x00,0x00,0x00,0x00,0x00,0x00,0x00,0x00,0x00,0x00,0x00,0x00,
    0x7f,0x00,0x00,0x02,0x00,0x00,0x00,0x00,0xca,0xab,0x7c,0x31,0x1a,0x13,0x0c,0xf9,
    0x0c,0x0d,0x0e,0xff,0xe3,0xe3,0xe3,0xfe,0xff,0xff,0xff,0xff,0xfb,0xfb,0xfb,0xff,
    0xfc,0xfb,0xfb,0xff,0xff,0xff,0xff,0xff,0xf1,0xf1,0xf0,0xfe,0x1a,0x1b,0x1d,0xff,
    0x36,0x2c,0x1f,0xf9,0xff,0xdf,0xaf,0x30,0x00,0x00,0x00,0x00,0x00,0x00,0x00,0x00,
    0x00,0x00,0x00,0x00,0x00,0x00,0x00,0x00,0x00,0x00,0x00,0x00,0x00,0x00,0x00,0x00,
    0x00,0x00,0x00,0x00,0x00,0x00,0x00,0x00,0x00,0x00,0x00,0x00,0x00,0x00,0x00,0x00,
    0x00,0x00,0x00,0x00,0xff,0xdf,0x9f,0x08,0xac,0x89,0x60,0x25,0x1e,0x17,0x0f,0xf8,
    0x1a,0x1a,0x1b,0xff,0xe4,0xe4,0xe4,0xfe,0xff,0xff,0xff,0xff,0xfa,0xfb,0xfa,0xff,
    0xfc,0xfc,0xfc,0xff,0xff,0xff,0xff,0xff,0xee,0xee,0xee,0xfe,0x21,0x23,0x24,0xff,
    0x39,0x2d,0x20,0xf8,0xf0,0xc4,0x91,0x23,0x02,0x01,0x01,0x00,0x00,0x00,0x00,0x00,
    0x00,0x00,0x00,0x00,0x00,0x00,0x00,0x00,0x00,0x00,0x00,0x00,0x00,0x00,0x00,0x00,
    0x00,0x00,0x00,0x00,0x00,0x00,0x00,0x00,0x00,0x00,0x00,0x02,0x6d,0x48,0x24,0x07,
    0xff,0xff,0xff,0x0d,0x51,0x43,0x32,0xb5,0x32,0x2f,0x29,0xf4,0xcb,0xcc,0xca,0xfc,
    0xdb,0xdb,0xdb,0xff,0xf9,0xf9,0xf9,0xff,0xfd,0xfd,0xfd,0xff,0xfc,0xfc,0xfc,0xff,
    0xfd,0xfd,0xfd,0xff,0xfe,0xfe,0xfe,0xff,0xf9,0xf9,0xf9,0xff,0xdf,0xdf,0xdf,0xff,
    0x67,0x66,0x65,0xfe,0x18,0x15,0x11,0xf0,0x3e,0x35,0x28,0xc8,0xdb,0xbf,0x94,0x24,
    0xaa,0x7f,0x55,0x06,0x7f,0x7f,0x3f,0x04,0x00,0x00,0x00,0x00,0x00,0x00,0x00,0x00,
    0x00,0x00,0x00,0x00,0x7f,0x7f,0x3f,0x04,0x01,0x01,0x01,0x00,0xb9,0x94,0x6f,0x30,
    0x13,0x0a,0x02,0xea,0x71,0x74,0x72,0xfe,0xd6,0xd7,0xd9,0xff,0xfd,0xfe,0xfe,0xff,
    0xff,0xff,0xff,0xff,0xfd,0xfd,0xfd,0xff,0xfd,0xfd,0xfd,0xff,0xfd,0xfd,0xfd,0xff,
    0xfd,0xfd,0xfd,0xff,0xfd,0xfd,0xfe,0xff,0xfe,0xfe,0xfd,0xff,0xff,0xff,0xff,0xff,
    0xea,0xeb,0xeb,0xff,0xda,0xdb,0xdb,0xff,0xa4,0xa4,0xa3,0xff,0x1c,0x14,0x0a,0xee,
    0x88,0x71,0x49,0x2d,0x00,0x00,0x00,0x00,0x7f,0x7f,0x3f,0x04,0x00,0x00,0x00,0x00,
    0x00,0x00,0x00,0x02,0x00,0x00,0x00,0x00,0x6c,0x56,0x3d,0x7c,0x55,0x4a,0x40,0xca,
    0x6f,0x6e,0x6d,0xff,0xcc,0xcc,0xcd,0xfe,0xff,0xff,0xff,0xfe,0xfa,0xfa,0xfa,0xff,
    0xfb,0xfb,0xfb,0xff,0xfd,0xfd,0xfd,0xff,0xfd,0xfd,0xfd,0xff,0xfd,0xfd,0xfd,0xff,
    0xfd,0xfc,0xfc,0xff,0xfd,0xfd,0xfd,0xff,0xfd,0xfd,0xfd,0xff,0xfb,0xfc,0xfc,0xff,
    0xff,0xff,0xff,0xff,0xff,0xff,0xff,0xfe,0xdd,0xe0,0xe0,0xfb,0x68,0x69,0x67,0xff,
    0x53,0x4a,0x3d,0xb2,0x65,0x54,0x3c,0x58,0x00,0x00,0x00,0x00,0x00,0x00,0x00,0x01,
    0x7f,0x5f,0x3f,0x08,0xb7,0x99,0x70,0x19,0x38,0x2c,0x20,0xc2,0x24,0x25,0x26,0xff,
    0xff,0xff,0xff,0xfa,0xff,0xff,0xff,0xff,0xfa,0xfa,0xfa,0xff,0xfd,0xfd,0xfd,0xff,
    0xfd,0xfd,0xfd,0xff,0xfd,0xfd,0xfd,0xff,0xfd,0xfd,0xfd,0xff,0xfc,0xfd,0xfc,0xff,
    0xfd,0xfc,0xfc,0xff,0xfd,0xfd,0xfd,0xff,0xfe,0xfd,0xfe,0xff,0xfe,0xfd,0xfe,0xff,
    0xfd,0xfc,0xfc,0xff,0xfb,0xfb,0xfb,0xff,0xff,0xff,0xff,0xff,0xff,0xff,0xff,0xfa,
    0x2b,0x2d,0x2c,0xff,0x4d,0x3f,0x2e,0xc5,0xb7,0xa3,0x7a,0x19,0x5f,0x5f,0x3f,0x08,
    0xce,0xb0,0x8b,0x2a,0x2c,0x22,0x18,0xf3,0x77,0x77,0x76,0xfa,0xdf,0xdf,0xdf,0xfd,
    0xf5,0xf5,0xf5,0xff,0xfc,0xfc,0xfc,0xff,0xfd,0xfd,0xfd,0xff,0xfd,0xfd,0xfd,0xff,
    0xfd,0xfd,0xfd,0xff,0xfc,0xfc,0xfd,0xff,0xfd,0xfd,0xfd,0xff,0xfd,0xfd,0xfd,0xff,
    0xfd,0xfd,0xfd,0xff,0xfd,0xfe,0xfd,0xff,0xfe,0xfe,0xfd,0xff,0xfd,0xfd,0xfd,0xff,
    0xfe,0xfe,0xfe,0xff,0xfe,0xfd,0xfe,0xff,0xfd,0xfd,0xfd,0xff,0xf5,0xf5,0xf5,0xff,
    0xdb,0xdb,0xdb,0xfc,0x8e,0x8d,0x89,0xf9,0x1c,0x16,0x0d,0xf3,0x73,0x61,0x48,0x2a,
    0xbd,0xa6,0x88,0x2b,0x12,0x0e,0x09,0xff,0x82,0x84,0x85,0xff,0xff,0xff,0xff,0xff,
    0xfa,0xfa,0xfa,0xff,0xfc,0xfc,0xfc,0xff,0xfd,0xfd,0xfd,0xff,0xfd,0xfd,0xfd,0xff,
    0xfd,0xfd,0xfd,0xff,0xfd,0xfd,0xfd,0xff,0xfd,0xfd,0xfd,0xff,0xfd,0xfd,0xfd,0xff,
    0xfd,0xfc,0xfd,0xff,0xfd,0xfd,0xfd,0xff,0xfd,0xfc,0xfd,0xff,0xfd,0xfd,0xfc,0xff,
    0xfd,0xfd,0xfd,0xff,0xfd,0xfd,0xfd,0xff,0xfd,0xfd,0xfd,0xff,0xfc,0xfb,0xfb,0xff,
    0xff,0xff,0xff,0xff,0x9b,0x9d,0x9d,0xff,0x01,0x00,0x00,0xff,0x5e,0x53,0x41,0x2b,
    0xb7,0xa0,0x88,0x2b,0x15,0x11,0x0b,0xfb,0x82,0x82,0x83,0xff,0xfe,0xfe,0xfe,0xff,
    0xfb,0xfb,0xfb,0xff,0xff,0xfe,0xff,0xff,0xfe,0xfe,0xfe,0xff,0xff,0xff,0xff,0xff,
    0xfe,0xfe,0xff,0xff,0xfe,0xfe,0xfe,0xff,0xff,0xfe,0xfe,0xff,0xfe,0xfe,0xfe,0xff,
    0xfe,0xfe,0xfe,0xff,0xfe,0xfe,0xfe,0xff,0xfe,0xff,0xff,0xff,0xff,0xfe,0xfe,0xff,
    0xfe,0xfe,0xfe,0xff,0xfe,0xff,0xfe,0xff,0xfe,0xfe,0xfe,0xff,0xfc,0xfc,0xfc,0xff,
    0xfe,0xfe,0xfe,0xff,0x9b,0x9c,0x9c,0xff,0x06,0x02,0x01,0xfb,0x5e,0x4d,0x3b,0x2b,
    0xc3,0xb1,0x94,0x2b,0x14,0x10,0x0c,0xfa,0x7a,0x7c,0x7e,0xfc,0xff,0xff,0xff,0xfc,
    0xf6,0xf6,0xf6,0xfc,0xf9,0xfa,0xfa,0xfc,0xf9,0xf9,0xfa,0xfc,0xf9,0xfa,0xfa,0xfc,
    0xfa,0xfa,0xfa,0xfc,0xf9,0xfa,0xfb,0xfc,0xf9,0xfa,0xfb,0xfc,0xfa,0xfa,0xfb,0xfc,
    0xfa,0xfb,0xfb,0xfc,0xfa,0xfb,0xfb,0xfc,0xf9,0xfa,0xfb,0xfc,0xf9,0xfa,0xfa,0xfc,
    0xf9,0xf9,0xfa,0xfc,0xf9,0xf9,0xf9,0xfc,0xf7,0xf8,0xf9,0xfc,0xf3,0xf3,0xf4,0xfc,
    0xfc,0xfd,0xfd,0xfc,0x97,0x97,0x99,0xfc,0x05,0x01,0x00,0xf9,0x64,0x53,0x41,0x2b,
    0xc3,0xa6,0x88,0x2b,0x2f,0x28,0x1f,0xff,0x22,0x20,0x1d,0xff,0x40,0x3d,0x38,0xff,
    0x3b,0x38,0x34,0xff,0x3c,0x3a,0x35,0xff,0x3d,0x3a,0x36,0xff,0x3e,0x3c,0x37,0xff,
    0x3f,0x3b,0x37,0xff,0x3f,0x3c,0x38,0xff,0x3e,0x3c,0x39,0xff,0x3e,0x3c,0x39,0xff,
    0x3e,0x3d,0x39,0xff,0x3e,0x3c,0x38,0xff,0x3d,0x3c,0x38,0xff,0x3d,0x3c,0x38,0xff,
    0x3d,0x3c,0x38,0xff,0x3e,0x3c,0x38,0xff,0x3b,0x3a,0x36,0xff,0x36,0x34,0x31,0xff,
    0x3a,0x38,0x34,0xff,0x28,0x26,0x23,0xff,0x1f,0x19,0x10,0xff,0x60,0x4f,0x38,0x2d,
    0xdf,0xbf,0x7f,0x08,0x7c,0x69,0x50,0x5c,0x66,0x55,0x3c,0x66,0x52,0x41,0x2a,0x66,
    0x52,0x43,0x2d,0x66,0x55,0x46,0x2f,0x66,0x57,0x46,0x2f,0x66,0x5a,0x48,0x32,0x66,
    0x5a,0x46,0x2f,0x66,0x5a,0x48,0x32,0x66,0x57,0x46,0x2f,0x66,0x55,0x43,0x2d,0x66,
    0x55,0x46,0x2d,0x66,0x52,0x43,0x2a,0x66,0x57,0x48,0x2f,0x66,0x5a,0x4b,0x32,0x66,
    0x5a,0x4b,0x32,0x66,0x57,0x4b,0x32,0x66,0x5c,0x4b,0x34,0x66,0x5a,0x4b,0x32,0x66,
    0x5f,0x4b,0x34,0x66,0x61,0x50,0x39,0x66,0x76,0x5f,0x44,0x65,0xa5,0x78,0x5a,0x11
};

const lv_image_dsc_t img_pawn_white = {
    .header.magic = LV_IMAGE_HEADER_MAGIC,
    .header.cf = LV_COLOR_FORMAT_ARGB8888,
    .header.flags = 0,
    .header.w = 24,
    .header.h = 24,
    .header.stride = 96,
    .data_size = sizeof(img_pawn_white_map),
    .data = img_pawn_white_map,
};

#ifndef LV_ATTRIBUTE_IMAGE_IMG_ROOK_WHITE
#define LV_ATTRIBUTE_IMAGE_IMG_ROOK_WHITE
#endif

static const
LV_ATTRIBUTE_MEM_ALIGN LV_ATTRIBUTE_LARGE_CONST LV_ATTRIBUTE_IMAGE_IMG_ROOK_WHITE
uint8_t img_rook_white_map[] = {
    0x00,0x00,0x00,0x00,0x5b,0x36,0x12,0x0e,0x44,0x25,0x0b,0x6c,0x23,0x04,0x00,0x6d,
    0x20,0x00,0x00,0x6d,0x2a,0x04,0x00,0x6c,0x56,0x27,0x07,0x6d,0x73,0x39,0x10,0x1f,
    0x55,0x00,0x00,0x03,0x39,0x22,0x05,0x2c,0x00,0x00,0x00,0x3a,0x00,0x00,0x00,0x3a,
    0x00,0x00,0x00,0x3a,0x00,0x00,0x00,0x3a,0x38,0x1c,0x05,0x2d,0x00,0x00,0x00,0x03,
    0x61,0x30,0x12,0x2a,0x4f,0x25,0x07,0x6d,0x2a,0x04,0x00,0x6b,0x2e,0x07,0x00,0x6d,
    0x2a,0x09,0x00,0x6d,0x46,0x25,0x0b,0x6c,0x7f,0x48,0x12,0x0e,0x00,0x00,0x00,0x00,
    0x00,0x00,0x00,0x00,0x1d,0x0e,0x07,0x23,0x12,0x0d,0x08,0xff,0x46,0x43,0x41,0xff,
    0x51,0x4d,0x4b,0xff,0x52,0x4e,0x4b,0xff,0x2d,0x20,0x15,0xff,0x5f,0x2c,0x0e,0x5b,
    0x00,0x01,0x03,0x00,0x1b,0x0d,0x05,0xbc,0x32,0x2f,0x2d,0xff,0x4c,0x4a,0x49,0xff,
    0x4a,0x49,0x48,0xff,0x29,0x29,0x28,0xff,0x2e,0x17,0x06,0xbc,0x00,0x02,0x03,0x00,
    0x23,0x12,0x0a,0x5e,0x1f,0x17,0x12,0xff,0x50,0x4d,0x49,0xff,0x56,0x51,0x4c,0xff,
    0x44,0x42,0x3e,0xff,0x16,0x0d,0x06,0xff,0x50,0x2b,0x0e,0x23,0x00,0x00,0x00,0x00,
    0x00,0x01,0x01,0x00,0x00,0x00,0x00,0x21,0x1a,0x19,0x19,0xfa,0xef,0xf1,0xf2,0xfc,
    0xff,0xff,0xff,0xfb,0xff,0xff,0xff,0xf9,0x33,0x2f,0x2b,0xfc,0x1d,0x00,0x00,0x82,
    0x20,0x09,0x00,0x37,0x00,0x00,0x00,0xcb,0x97,0x99,0x9b,0xff,0xff,0xff,0xff,0xfc,
    0xff,0xff,0xff,0xfc,0x87,0x8b,0x8d,0xff,0x0f,0x00,0x00,0xcb,0x4a,0x20,0x00,0x37,
    0x00,0x00,0x00,0x81,0x2b,0x2b,0x2b,0xfc,0xff,0xff,0xff,0xf9,0xff,0xff,0xff,0xfb,
    0xdf,0xe1,0xe2,0xfc,0x16,0x12,0x0e,0xfa,0x3d,0x17,0x00,0x21,0x00,0x00,0x00,0x00,
    0x00,0x01,0x01,0x00,0x07,0x00,0x00,0x21,0x1f,0x1c,0x1b,0xfd,0xe4,0xe5,0xe5,0xff,
    0xfc,0xfc,0xfc,0xfe,0xf6,0xf6,0xf6,0xff,0x4e,0x4f,0x4f,0xff,0x28,0x26,0x24,0xff,
    0x34,0x2f,0x2c,0xff,0x23,0x22,0x22,0xff,0xa4,0xa5,0xa5,0xff,0xfc,0xfc,0xfc,0xff,
    0xfd,0xfd,0xfc,0xff,0x9b,0x9d,0x9d,0xff,0x26,0x26,0x25,0xff,0x3b,0x34,0x2e,0xff,
    0x28,0x26,0x24,0xff,0x51,0x52,0x52,0xff,0xf7,0xf7,0xf8,0xff,0xfb,0xfb,0xfb,0xfe,
    0xd2,0xd3,0xd3,0xff,0x18,0x13,0x0e,0xfd,0x3d,0x17,0x00,0x21,0x00,0x00,0x00,0x00,
    0x00,0x01,0x01,0x00,0x07,0x00,0x00,0x20,0x1d,0x1b,0x1a,0xfa,0xf0,0xf0,0xf0,0xff,
    0xff,0xff,0xff,0xfe,0xf8,0xf8,0xf8,0xff,0xf8,0xf8,0xf8,0xff,0xf6,0xf7,0xf7,0xfe,
    0xf3,0xf5,0xf5,0xfe,0xf1,0xf2,0xf2,0xff,0xf7,0xf7,0xf7,0xff,0xfb,0xfb,0xfb,0xff,
    0xfd,0xfd,0xfd,0xff,0xfa,0xfa,0xf9,0xff,0xf3,0xf3,0xf4,0xff,0xf2,0xf4,0xf5,0xfe,
    0xf5,0xf5,0xf6,0xfe,0xf9,0xf9,0xf9,0xff,0xfb,0xfb,0xfb,0xff,0xff,0xff,0xff,0xfe,
    0xdc,0xde,0xde,0xff,0x16,0x12,0x0e,0xfa,0x3f,0x1f,0x00,0x20,0x00,0x00,0x00,0x00,
    0x00,0x01,0x01,0x00,0x0e,0x07,0x00,0x23,0x19,0x15,0x13,0xff,0xb5,0xb7,0xb9,0xfb,
    0xf0,0xf0,0xf0,0xfc,0xff,0xff,0xff,0xff,0xff,0xff,0xfe,0xff,0xf9,0xf9,0xf9,0xff,
    0xfe,0xfd,0xfd,0xff,0xfe,0xfe,0xfd,0xff,0xfd,0xfd,0xfb,0xff,0xfe,0xfe,0xfe,0xff,
    0xff,0xff,0xff,0xff,0xff,0xff,0xff,0xff,0xff,0xff,0xff,0xff,0xff,0xff,0xfe,0xff,
    0xff,0xfe,0xff,0xff,0xff,0xff,0xff,0xff,0xff,0xff,0xff,0xff,0xe3,0xe4,0xe3,0xfc,
    0xa1,0xa4,0xa6,0xfb,0x1d,0x14,0x0d,0xff,0x50,0x24,0x07,0x23,0x00,0x00,0x00,0x00,
    0xff,0xff,0x00,0x01,0x4e,0x27,0x13,0x0d,0x49,0x29,0x0f,0x81,0x14,0x09,0x02,0xff,
    0x54,0x54,0x54,0xff,0xcc,0xcd,0xcd,0xff,0xf6,0xf6,0xf6,0xff,0x89,0x89,0x89,0xff,
    0x6e,0x6d,0x6c,0xff,0x81,0x80,0x80,0xff,0x87,0x86,0x87,0xff,0x7c,0x7b,0x7c,0xff,
    0x81,0x81,0x81,0xff,0x88,0x87,0x88,0xff,0x89,0x88,0x88,0xff,0x75,0x74,0x73,0xff,
    0x83,0x81,0x81,0xff,0xf6,0xf6,0xf5,0xff,0xcb,0xcc,0xcc,0xff,0x3a,0x3c,0x3b,0xff,
    0x0e,0x04,0x00,0xff,0x5c,0x33,0x13,0x82,0x89,0x4e,0x13,0x0d,0xff,0x00,0x00,0x01,
    0x00,0x00,0x00,0x01,0x00,0x00,0x00,0x00,0x05,0x02,0x01,0x00,0x4f,0x2d,0x15,0x60,
    0x0f,0x01,0x00,0xb0,0x35,0x35,0x34,0xff,0xfa,0xfa,0xfa,0xfd,0xe5,0xe5,0xe4,0xff,
    0xd9,0xd8,0xd9,0xff,0xa5,0xa6,0xa6,0xff,0x98,0x98,0x98,0xff,0xc4,0xc3,0xc3,0xff,
    0xcb,0xcb,0xcc,0xff,0xaf,0xaf,0xaf,0xff,0x87,0x86,0x85,0xff,0xa8,0xa8,0xa8,0xff,
    0xe2,0xe3,0xe3,0xff,0xf7,0xf8,0xf7,0xfd,0x2f,0x2f,0x2e,0xff,0x0b,0x00,0x00,0xb0,
    0x50,0x2a,0x11,0x66,0xff,0x66,0x00,0x05,0x00,0x00,0x00,0x00,0x00,0x00,0x00,0x01,
    0x00,0x00,0x00,0x00,0x00,0x00,0x00,0x01,0x00,0x00,0x00,0x05,0x00,0x00,0x01,0x00,
    0x13,0x02,0x02,0x73,0x3b,0x39,0x37,0xff,0xfb,0xfc,0xfc,0xfb,0xff,0xff,0xff,0xff,
    0xff,0xff,0xff,0xff,0xff,0xff,0xff,0xff,0xff,0xff,0xff,0xff,0xff,0xff,0xff,0xff,
    0xff,0xff,0xff,0xff,0xff,0xff,0xff,0xff,0xff,0xff,0xff,0xff,0xff,0xff,0xff,0xff,
    0xff,0xff,0xff,0xff,0xff,0xff,0xff,0xfb,0x3c,0x3b,0x39,0xff,0x0f,0x02,0x02,0x73,
    0x00,0x00,0x02,0x00,0x00,0x00,0x00,0x05,0x00,0x00,0x00,0x01,0x00,0x00,0x00,0x00,
    0x00,0x00,0x00,0x00,0x00,0x00,0x00,0x00,0x00,0x00,0x00,0x04,0x3f,0x7f,0x7f,0x04,
    0x12,0x00,0x00,0x7e,0x3c,0x3a,0x38,0xff,0xfd,0xff,0xff,0xfb,0xfc,0xfc,0xfc,0xff,
    0xfb,0xfb,0xfb,0xff,0xfd,0xfd,0xfd,0xff,0xfc,0xfc,0xfc,0xff,0xfb,0xfb,0xfb,0xff,
    0xfb,0xfb,0xfb,0xff,0xfb,0xfb,0xfb,0xff,0xfc,0xfc,0xfc,0xff,0xfb,0xfb,0xfb,0xff,
    0xfb,0xfb,0xfb,0xff,0xff,0xff,0xff,0xfb,0x3c,0x3a,0x3a,0xff,0x0e,0x00,0x00,0x7e,
    0x7f,0x7f,0x7f,0x04,0x00,0x00,0x00,0x05,0x00,0x00,0x00,0x00,0x00,0x00,0x00,0x00,
    0x00,0x00,0x00,0x00,0x00,0x00,0x00,0x00,0x00,0x00,0x00,0x04,0x00,0x01,0x02,0x00,
    0x12,0x00,0x00,0x7c,0x3b,0x39,0x38,0xff,0xfd,0xff,0xff,0xfb,0xfe,0xfd,0xfd,0xff,
    0xfc,0xfc,0xfc,0xff,0xfd,0xfd,0xfc,0xff,0xfc,0xfd,0xfc,0xff,0xfd,0xfd,0xfd,0xff,
    0xfd,0xfd,0xfd,0xff,0xfc,0xfc,0xfd,0xff,0xfd,0xfc,0xfd,0xff,0xfc,0xfd,0xfd,0xff,
    0xfc,0xfc,0xfc,0xff,0xff,0xff,0xff,0xfb,0x3a,0x39,0x38,0xff,0x0c,0x00,0x00,0x7c,
    0x01,0x02,0x02,0x00,0x00,0x00,0x00,0x04,0x00,0x00,0x00,0x00,0x00,0x00,0x00,0x00,
    0x00,0x00,0x00,0x00,0x00,0x00,0x00,0x00,0x00,0x00,0x00,0x04,0x00,0x01,0x02,0x00,
    0x12,0x00,0x00,0x7c,0x3a,0x38,0x36,0xff,0xfd,0xfd,0xff,0xfb,0xfd,0xfd,0xfd,0xff,
    0xfc,0xfc,0xfc,0xff,0xfc,0xfd,0xfd,0xff,0xfd,0xfd,0xfd,0xff,0xfd,0xfd,0xfd,0xff,
    0xfd,0xfd,0xfd,0xff,0xfd,0xfd,0xfd,0xff,0xfd,0xfd,0xfd,0xff,0xfc,0xfc,0xfc,0xff,
    0xfc,0xfc,0xfc,0xff,0xff,0xff,0xff,0xfb,0x3a,0x38,0x37,0xff,0x0c,0x00,0x00,0x7c,
    0x01,0x02,0x02,0x00,0x00,0x00,0x00,0x04,0x00,0x00,0x00,0x00,0x00,0x00,0x00,0x00,
    0x00,0x00,0x00,0x00,0x00,0x00,0x00,0x00,0x00,0x00,0x00,0x04,0x00,0x01,0x02,0x00,
    0x14,0x00,0x00,0x7c,0x3a,0x37,0x36,0xff,0xfd,0xfd,0xff,0xfb,0xfd,0xfd,0xfd,0xff,
    0xfc,0xfc,0xfc,0xff,0xfd,0xfd,0xfd,0xff,0xfd,0xfd,0xfd,0xff,0xfd,0xfd,0xfd,0xff,
    0xfe,0xfd,0xfd,0xff,0xfd,0xfd,0xfd,0xff,0xfd,0xfd,0xfd,0xff,0xfc,0xfc,0xfc,0xff,
    0xfd,0xfd,0xfd,0xff,0xff,0xff,0xff,0xfb,0x3a,0x38,0x37,0xff,0x0c,0x00,0x00,0x7c,
    0x01,0x02,0x02,0x00,0x00,0x00,0x00,0x04,0x00,0x00,0x00,0x00,0x00,0x00,0x00,0x00,
    0x00,0x00,0x00,0x00,0x00,0x00,0x00,0x00,0x00,0x00,0x00,0x04,0x00,0x01,0x02,0x00,
    0x12,0x00,0x00,0x7c,0x3b,0x39,0x37,0xff,0xfd,0xff,0xff,0xfb,0xfd,0xfd,0xfd,0xff,
    0xfc,0xfc,0xfc,0xff,0xfd,0xfd,0xfd,0xff,0xfd,0xfd,0xfd,0xff,0xfd,0xfd,0xfd,0xff,
    0xfd,0xfc,0xfd,0xff,0xfe,0xfd,0xfd,0xff,0xfd,0xfd,0xfd,0xff,0xfd,0xfd,0xfc,0xff,
    0xfd,0xfd,0xfc,0xff,0xff,0xff,0xff,0xfb,0x3a,0x38,0x38,0xff,0x0a,0x00,0x00,0x7c,
    0x01,0x02,0x02,0x00,0x00,0x00,0x00,0x04,0x00,0x00,0x00,0x00,0x00,0x00,0x00,0x00,
    0x00,0x00,0x00,0x00,0x00,0x00,0x00,0x00,0x00,0x00,0x00,0x04,0x00,0xff,0xff,0x01,
    0x12,0x04,0x04,0x7d,0x3e,0x3c,0x3a,0xff,0xff,0xff,0xff,0xfb,0xfb,0xfb,0xfb,0xff,
    0xfa,0xfa,0xfa,0xff,0xfc,0xfb,0xfb,0xff,0xfc,0xfc,0xfc,0xff,0xfb,0xfb,0xfb,0xff,
    0xfc,0xfc,0xfc,0xff,0xfc,0xfb,0xfb,0xff,0xfc,0xfc,0xfc,0xff,0xfb,0xfb,0xfb,0xff,
    0xfa,0xfb,0xfa,0xff,0xff,0xff,0xff,0xfb,0x3f,0x3f,0x3e,0xff,0x0e,0x04,0x04,0x7d,
    0x00,0xff,0xff,0x01,0x00,0x00,0x00,0x04,0x00,0x00,0x00,0x00,0x00,0x00,0x00,0x00,
    0x00,0x00,0x00,0x00,0x00,0x00,0x00,0x00,0x00,0x00,0x00,0x03,0x03,0x03,0x02,0x00,
    0x00,0x00,0x00,0x78,0x2b,0x29,0x28,0xff,0xfd,0xff,0xff,0xfb,0xff,0xff,0xff,0xff,
    0xff,0xff,0xff,0xff,0xff,0xff,0xff,0xff,0xff,0xff,0xff,0xff,0xff,0xff,0xff,0xff,
    0xff,0xff,0xff,0xff,0xff,0xff,0xff,0xff,0xff,0xff,0xff,0xff,0xff,0xff,0xff,0xff,
    0xff,0xff,0xff,0xff,0xff,0xff,0xff,0xfb,0x32,0x31,0x31,0xff,0x02,0x00,0x00,0x78,
    0x03,0x03,0x03,0x00,0x00,0x00,0x00,0x03,0x00,0x00,0x00,0x00,0x00,0x00,0x00,0x00,
    0x7f,0x00,0x00,0x02,0x00,0x00,0x00,0x00,0x78,0x3f,0x15,0x24,0x27,0x14,0x06,0xc9,
    0x49,0x44,0x43,0xe3,0x97,0x98,0x98,0xff,0xfb,0xfb,0xfb,0xfe,0xb9,0xb9,0xb9,0xff,
    0xa9,0xa9,0xa8,0xff,0xb7,0xb7,0xb7,0xff,0xbb,0xba,0xba,0xff,0xbf,0xbf,0xbf,0xff,
    0xbb,0xbb,0xbb,0xff,0xc9,0xc9,0xc9,0xff,0xe1,0xe1,0xe2,0xff,0xc3,0xc2,0xc2,0xff,
    0xa8,0xa7,0xa6,0xff,0xf5,0xf4,0xf4,0xfe,0x9a,0x99,0x99,0xff,0x35,0x32,0x2e,0xe3,
    0x20,0x11,0x05,0xc9,0x63,0x38,0x15,0x24,0x00,0x00,0x00,0x00,0x7f,0x00,0x00,0x02,
    0x55,0x00,0x00,0x03,0x00,0x00,0x00,0x01,0x67,0x36,0x0a,0x2f,0x1c,0x13,0x0b,0xff,
    0xd3,0xd6,0xd7,0xff,0xff,0xff,0xff,0xff,0xf9,0xf9,0xf9,0xff,0xa1,0xa1,0xa0,0xff,
    0x7b,0x79,0x78,0xff,0x77,0x75,0x74,0xff,0x7d,0x7c,0x7b,0xff,0x88,0x87,0x86,0xff,
    0x88,0x88,0x88,0xff,0x82,0x82,0x82,0xff,0x7b,0x7a,0x7a,0xff,0x76,0x74,0x73,0xff,
    0x8b,0x89,0x89,0xff,0xf3,0xf1,0xf1,0xff,0xff,0xff,0xff,0xff,0xc8,0xca,0xca,0xff,
    0x12,0x0d,0x07,0xff,0x41,0x25,0x0a,0x2f,0x00,0x00,0x00,0x01,0x55,0x00,0x00,0x03,
    0x00,0x00,0x00,0x00,0x04,0x03,0x01,0x00,0xbb,0x6b,0x2e,0x26,0x20,0x16,0x0f,0xfc,
    0xcc,0xce,0xd0,0xfe,0xfc,0xfc,0xfc,0xff,0xfb,0xfb,0xfb,0xff,0xff,0xff,0xff,0xff,
    0xff,0xff,0xff,0xff,0xff,0xff,0xff,0xff,0xff,0xff,0xff,0xff,0xff,0xff,0xff,0xff,
    0xff,0xff,0xff,0xff,0xff,0xff,0xff,0xff,0xfa,0xfa,0xfa,0xff,0xff,0xff,0xff,0xff,
    0xff,0xff,0xff,0xff,0xfb,0xfb,0xfb,0xff,0xfd,0xfd,0xfd,0xff,0xc5,0xc7,0xc8,0xfe,
    0x0f,0x09,0x04,0xfc,0x86,0x50,0x28,0x26,0x05,0x03,0x01,0x00,0x02,0x01,0x00,0x00,
    0x5b,0x30,0x0e,0x35,0x33,0x1d,0x0b,0xc6,0x1c,0x08,0x00,0xd1,0x17,0x13,0x11,0xff,
    0xe6,0xe6,0xe7,0xff,0xff,0xff,0xff,0xff,0xfd,0xfd,0xfd,0xff,0xfc,0xfc,0xfc,0xff,
    0xfc,0xfc,0xfc,0xff,0xfd,0xfd,0xfd,0xff,0xfc,0xfc,0xfc,0xff,0xfd,0xfd,0xfd,0xff,
    0xfd,0xfd,0xfd,0xff,0xfd,0xfd,0xfd,0xff,0xfe,0xfe,0xfe,0xff,0xfc,0xfc,0xfc,0xff,
    0xfc,0xfc,0xfc,0xff,0xfc,0xfc,0xfc,0xff,0xfc,0xfc,0xfc,0xff,0xe8,0xe9,0xe9,0xff,
    0x23,0x21,0x20,0xff,0x17,0x06,0x00,0xd0,0x36,0x1e,0x0b,0xc9,0x4c,0x28,0x0c,0x3f,
    0x51,0x27,0x06,0x54,0x14,0x0e,0x0a,0xff,0x88,0x8c,0x8e,0xff,0xb7,0xb8,0xb7,0xff,
    0xfa,0xfa,0xfa,0xff,0xfc,0xfc,0xfc,0xff,0xfc,0xfc,0xfc,0xff,0xfc,0xfc,0xfb,0xff,
    0xfb,0xfb,0xfb,0xff,0xfb,0xfb,0xfb,0xff,0xfb,0xfb,0xfb,0xff,0xfc,0xfc,0xfb,0xff,
    0xfb,0xfb,0xfb,0xff,0xfb,0xfb,0xfb,0xff,0xfb,0xfb,0xfb,0xff,0xfb,0xfb,0xfb,0xff,
    0xfb,0xfb,0xfb,0xff,0xfb,0xfc,0xfc,0xff,0xfa,0xfa,0xfa,0xff,0xfe,0xfe,0xfd,0xff,
    0xc0,0xc2,0xc2,0xff,0x9b,0x9f,0xa0,0xff,0x22,0x22,0x1f,0xff,0x1e,0x06,0x00,0x53,
    0x59,0x24,0x00,0x4d,0x1f,0x18,0x13,0xf9,0xf7,0xfb,0xfd,0xf8,0xff,0xff,0xff,0xfc,
    0xff,0xff,0xff,0xfc,0xff,0xff,0xff,0xfc,0xff,0xff,0xff,0xfc,0xff,0xff,0xff,0xfc,
    0xff,0xff,0xff,0xfc,0xff,0xff,0xff,0xfc,0xff,0xff,0xff,0xfc,0xff,0xff,0xff,0xfc,
    0xff,0xff,0xff,0xfc,0xff,0xff,0xff,0xfc,0xff,0xff,0xff,0xfc,0xff,0xff,0xff,0xfc,
    0xff,0xff,0xff,0xfc,0xff,0xff,0xff,0xfc,0xff,0xff,0xff,0xfc,0xff,0xff,0xff,0xfc,
    0xff,0xff,0xff,0xfc,0xff,0xff,0xff,0xf8,0x31,0x2f,0x2d,0xf9,0x1a,0x00,0x00,0x4d,
    0x62,0x2b,0x09,0x53,0x1b,0x10,0x08,0xff,0x3e,0x3f,0x40,0xff,0x4a,0x47,0x47,0xff,
    0x47,0x46,0x45,0xff,0x47,0x46,0x45,0xff,0x48,0x47,0x46,0xff,0x4a,0x49,0x47,0xff,
    0x4b,0x49,0x48,0xff,0x4c,0x4a,0x48,0xff,0x4c,0x4a,0x48,0xff,0x4c,0x4a,0x49,0xff,
    0x4d,0x4b,0x49,0xff,0x4d,0x4b,0x49,0xff,0x4e,0x4c,0x4a,0xff,0x4f,0x4c,0x4a,0xff,
    0x4d,0x4a,0x48,0xff,0x4b,0x49,0x47,0xff,0x4a,0x48,0x47,0xff,0x4c,0x4a,0x49,0xff,
    0x4d,0x4b,0x49,0xff,0x46,0x46,0x44,0xff,0x16,0x12,0x0d,0xff,0x2b,0x12,0x03,0x53,
    0x70,0x34,0x0f,0x22,0x31,0x17,0x04,0x6d,0x07,0x00,0x00,0x6c,0x04,0x00,0x00,0x6d,
    0x00,0x00,0x00,0x6d,0x00,0x00,0x00,0x6d,0x00,0x00,0x00,0x6d,0x00,0x00,0x00,0x6d,
    0x00,0x00,0x00,0x6d,0x02,0x00,0x00,0x6d,0x00,0x00,0x00,0x6d,0x00,0x00,0x00,0x6d,
    0x02,0x00,0x00,0x6d,0x02,0x00,0x00,0x6d,0x04,0x00,0x00,0x6d,0x07,0x00,0x00,0x6d,
    0x07,0x00,0x00,0x6d,0x04,0x00,0x00,0x6d,0x04,0x00,0x00,0x6d,0x07,0x00,0x00,0x6d,
    0x0b,0x00,0x00,0x6d,0x0b,0x00,0x00,0x6c,0x2a,0x17,0x02,0x6d,0x52,0x2d,0x07,0x22
};

const lv_image_dsc_t img_rook_white = {
    .header.magic = LV_IMAGE_HEADER_MAGIC,
    .header.cf = LV_COLOR_FORMAT_ARGB8888,
    .header.flags = 0,
    .header.w = 24,
    .header.h = 24,
    .header.stride = 96,
    .data_size = sizeof(img_rook_white_map),
    .data = img_rook_white_map,
};

#ifndef LV_ATTRIBUTE_IMAGE_IMG_KNIGHT_WHITE
#define LV_ATTRIBUTE_IMAGE_IMG_KNIGHT_WHITE
#endif

static const
LV_ATTRIBUTE_MEM_ALIGN LV_ATTRIBUTE_LARGE_CONST LV_ATTRIBUTE_IMAGE_IMG_KNIGHT_WHITE
uint8_t img_knight_white_map[] = {
    0x00,0x00,0x00,0x00,0x00,0x00,0x00,0x00,0x00,0x00,0x00,0x00,0x00,0x00,0x00,0x00,
    0x00,0x00,0x00,0x00,0x00,0x00,0x00,0x00,0x00,0x00,0x00,0x00,0x55,0x55,0x55,0x03,
    0x00,0x00,0x00,0x00,0x6b,0x50,0x28,0x13,0x39,0x2a,0x17,0x78,0xff,0xff,0xff,0x05,
    0x00,0x00,0x00,0x00,0x7f,0x7f,0x7f,0x02,0x00,0x00,0x00,0x00,0x00,0x00,0x00,0x00,
    0x00,0x00,0x00,0x00,0x00,0x00,0x00,0x00,0x00,0x00,0x00,0x00,0x00,0x00,0x00,0x00,
    0x00,0x00,0x00,0x00,0x00,0x00,0x00,0x00,0x00,0x00,0x00,0x00,0x00,0x00,0x00,0x00,
    0x00,0x00,0x00,0x00,0x00,0x00,0x00,0x00,0x00,0x00,0x00,0x00,0x00,0x00,0x00,0x00,
    0x00,0x00,0x00,0x00,0xff,0x00,0x00,0x01,0x7f,0x7f,0x00,0x02,0x00,0x00,0x00,0x00,
    0x43,0x2e,0x1a,0x26,0x43,0x3e,0x35,0xaf,0x66,0x64,0x60,0xff,0x59,0x4a,0x36,0x97,
    0xf1,0xc9,0x93,0x13,0x00,0x00,0x00,0x00,0x33,0x33,0x33,0x05,0x00,0x00,0x00,0x04,
    0x00,0x00,0x00,0x04,0x00,0x00,0x00,0x01,0x00,0x00,0x00,0x00,0x00,0x00,0x00,0x00,
    0x00,0x00,0x00,0x00,0x00,0x00,0x00,0x00,0x00,0x00,0x00,0x00,0x00,0x00,0x00,0x00,
    0x00,0x00,0x00,0x00,0x00,0x00,0x00,0x00,0x00,0x00,0x00,0x00,0x00,0x00,0x00,0x00,
    0x00,0x00,0x00,0x00,0x00,0x00,0x00,0x00,0x55,0x00,0x00,0x03,0xbf,0x8f,0x5f,0x10,
    0x44,0x33,0x1f,0x59,0x3b,0x3a,0x38,0xff,0xeb,0xee,0xf1,0xf7,0x3b,0x38,0x33,0xff,
    0x6f,0x55,0x3c,0x65,0xff,0xff,0xff,0x0e,0x05,0x04,0x04,0x00,0x05,0x04,0x04,0x00,
    0x02,0x02,0x03,0x00,0x00,0x00,0x00,0x00,0x00,0x00,0x00,0x01,0x00,0x00,0x00,0x00,
    0x00,0x00,0x00,0x00,0x00,0x00,0x00,0x00,0x00,0x00,0x00,0x00,0x00,0x00,0x00,0x00,
    0x00,0x00,0x00,0x00,0x00,0x00,0x00,0x00,0x00,0x00,0x00,0x00,0xff,0xff,0x00,0x01,
    0x55,0x55,0x00,0x03,0x8d,0x71,0x55,0x1b,0x5e,0x53,0x45,0x84,0x39,0x34,0x2e,0xec,
    0x05,0x01,0x00,0xe2,0x16,0x17,0x17,0xfc,0xf3,0xf4,0xf4,0xff,0xde,0xde,0xde,0xfa,
    0x3a,0x38,0x35,0xff,0x1a,0x11,0x07,0xcd,0x13,0x0e,0x06,0x9f,0x0e,0x07,0x00,0xa0,
    0x28,0x20,0x13,0x9f,0xd6,0xbb,0x86,0x13,0x00,0x00,0x00,0x00,0x7f,0x7f,0x00,0x02,
    0x00,0x00,0x00,0x00,0x00,0x00,0x00,0x00,0x00,0x00,0x00,0x00,0x00,0x00,0x00,0x00,
    0x00,0x00,0x00,0x00,0x00,0x00,0x00,0x00,0x00,0x00,0x00,0x00,0x3f,0x3f,0x00,0x04,
    0x00,0x01,0x01,0x00,0x17,0x10,0x0b,0x6e,0x6b,0x69,0x68,0xff,0xdb,0xdd,0xde,0xff,
    0x62,0x63,0x63,0xff,0x84,0x84,0x84,0xff,0xf5,0xf6,0xf6,0xff,0xff,0xff,0xff,0xff,
    0xb3,0xb5,0xb5,0xfe,0x7a,0x7b,0x7c,0xff,0x90,0x90,0x90,0xff,0x95,0x96,0x96,0xff,
    0x78,0x79,0x78,0xff,0x27,0x1e,0x12,0xc2,0xd4,0xa1,0x6e,0x1e,0x00,0x00,0x00,0x00,
    0x7f,0x3f,0x3f,0x04,0x00,0x00,0x00,0x00,0x00,0x00,0x00,0x00,0x00,0x00,0x00,0x00,
    0x00,0x00,0x00,0x00,0x00,0x00,0x00,0x00,0x00,0x00,0x00,0x00,0x3f,0x00,0x00,0x04,
    0x03,0x03,0x04,0x00,0x02,0x00,0x00,0x64,0x50,0x51,0x51,0xfd,0xff,0xff,0xff,0xfa,
    0xff,0xff,0xff,0xfe,0xff,0xff,0xff,0xff,0xfd,0xfd,0xfd,0xff,0xfa,0xfb,0xfb,0xff,
    0xff,0xff,0xff,0xff,0xff,0xff,0xff,0xfd,0x9c,0x9b,0x9b,0xfb,0xb6,0xb5,0xb4,0xfb,
    0xff,0xff,0xff,0xfa,0x84,0x85,0x84,0xff,0x14,0x0c,0x02,0xcf,0x64,0x47,0x2f,0x2b,
    0x00,0x00,0x00,0x00,0x00,0x00,0x00,0x02,0x00,0x00,0x00,0x00,0x00,0x00,0x00,0x00,
    0x00,0x00,0x00,0x00,0x00,0x00,0x00,0x00,0x55,0x55,0x55,0x03,0x00,0x00,0x00,0x04,
    0x68,0x58,0x48,0x31,0x38,0x34,0x2e,0xe0,0xa1,0xa2,0xa3,0xfd,0xff,0xff,0xff,0xfe,
    0xf6,0xf6,0xf6,0xff,0xf3,0xf4,0xf4,0xff,0xfe,0xfe,0xfe,0xff,0xfe,0xfe,0xfe,0xff,
    0xfc,0xfc,0xfc,0xff,0xf7,0xf7,0xf7,0xff,0xbf,0xbe,0xbe,0xff,0xa1,0xa0,0x9f,0xff,
    0x7e,0x7d,0x7c,0xff,0xa8,0xa7,0xa9,0xfb,0x79,0x7b,0x7b,0xff,0x2a,0x20,0x15,0xd7,
    0xe1,0xb1,0x88,0x2b,0x55,0x55,0x00,0x03,0x7f,0x7f,0x00,0x02,0x00,0x00,0x00,0x00,
    0x00,0x00,0x00,0x00,0x00,0x00,0x00,0x00,0x00,0x00,0x00,0x01,0x00,0x00,0x01,0x00,
    0x3b,0x2f,0x21,0xa2,0x57,0x58,0x58,0xff,0xff,0xff,0xff,0xfb,0xfc,0xfc,0xfc,0xff,
    0x9f,0xa0,0xa1,0xff,0x59,0x5a,0x5b,0xff,0xf1,0xf1,0xf2,0xff,0xff,0xff,0xff,0xff,
    0xfc,0xfc,0xfc,0xff,0xfc,0xfc,0xfc,0xff,0xff,0xff,0xff,0xff,0xf6,0xf6,0xf6,0xff,
    0xc4,0xc4,0xc3,0xff,0xbd,0xbc,0xbc,0xff,0xbb,0xba,0xba,0xfb,0x96,0x98,0x98,0xff,
    0x3f,0x35,0x26,0xf2,0xff,0xd8,0x99,0x14,0x00,0x00,0x00,0x00,0x7f,0x7f,0x7f,0x02,
    0xff,0x00,0x00,0x01,0x7f,0x00,0x00,0x02,0xb4,0x96,0x69,0x11,0x74,0x62,0x4d,0x6d,
    0x2f,0x2c,0x28,0xfa,0xc3,0xc4,0xc5,0xfd,0xfd,0xfd,0xfd,0xfe,0xf7,0xf7,0xf7,0xff,
    0x62,0x63,0x64,0xff,0x52,0x52,0x52,0xff,0xf3,0xf3,0xf3,0xff,0xff,0xff,0xff,0xff,
    0xfc,0xfd,0xfc,0xff,0xfc,0xfc,0xfc,0xff,0xf9,0xf9,0xfa,0xff,0xff,0xff,0xff,0xff,
    0xf5,0xf5,0xf5,0xff,0x6b,0x6d,0x6e,0xff,0xa3,0xa2,0xa2,0xfe,0xd7,0xd8,0xd9,0xfd,
    0x27,0x24,0x1f,0xff,0x71,0x5e,0x45,0x51,0x7f,0x5f,0x3f,0x08,0x7f,0x7f,0x7f,0x02,
    0x7f,0x7f,0x7f,0x02,0x00,0x00,0x00,0x00,0xff,0xff,0xce,0x15,0x19,0x11,0x07,0xff,
    0x96,0x99,0x9b,0xff,0xff,0xff,0xff,0xfe,0xfb,0xfb,0xfb,0xff,0xfc,0xfc,0xfc,0xff,
    0xf5,0xf6,0xf6,0xff,0xf9,0xf8,0xf9,0xff,0xfa,0xfa,0xfa,0xff,0xfa,0xfa,0xfa,0xff,
    0xfe,0xfe,0xfd,0xff,0xfe,0xfe,0xfe,0xff,0xfd,0xfd,0xfe,0xff,0xfd,0xfd,0xfc,0xff,
    0xfa,0xfa,0xfa,0xff,0xdf,0xdf,0xdf,0xff,0xa5,0xa5,0xa5,0xff,0xdc,0xdc,0xdd,0xff,
    0xbc,0xbd,0xbc,0xfe,0x18,0x15,0x11,0xff,0x44,0x38,0x27,0x2d,0x7f,0x00,0x00,0x02,
    0x55,0x55,0x55,0x03,0x7f,0x6a,0x4a,0x18,0x7a,0x6a,0x53,0x90,0x49,0x46,0x42,0xfa,
    0xc3,0xc4,0xc6,0xff,0xfe,0xfe,0xfe,0xff,0xfc,0xfc,0xfc,0xff,0xfe,0xfe,0xfe,0xff,
    0xff,0xfe,0xfe,0xff,0xfa,0xf9,0xf9,0xff,0xff,0xff,0xff,0xff,0xff,0xff,0xff,0xff,
    0xff,0xff,0xff,0xff,0xfd,0xfd,0xfd,0xff,0xfe,0xfe,0xfe,0xff,0xfc,0xfc,0xfc,0xff,
    0xff,0xff,0xff,0xff,0xea,0xea,0xea,0xff,0x60,0x61,0x61,0xff,0x7f,0x81,0x81,0xff,
    0xc9,0xcb,0xcb,0xff,0x02,0x01,0x00,0xfe,0x42,0x2f,0x12,0x1b,0x00,0x00,0x00,0x00,
    0x00,0x00,0x00,0x00,0x34,0x1a,0x08,0x1d,0x20,0x1c,0x18,0xff,0xe5,0xe5,0xe6,0xff,
    0xff,0xff,0xff,0xff,0xfb,0xfb,0xfb,0xff,0xfe,0xfd,0xfd,0xff,0xfe,0xfe,0xfe,0xff,
    0xfc,0xfc,0xfc,0xff,0xff,0xff,0xff,0xfe,0x95,0x96,0x97,0xfb,0x6b,0x6b,0x6b,0xff,
    0xe7,0xe7,0xe6,0xff,0xfe,0xfe,0xfe,0xff,0xfc,0xfc,0xfc,0xff,0xfd,0xfd,0xfd,0xff,
    0xfe,0xfe,0xfe,0xff,0xf6,0xf6,0xf6,0xff,0xa9,0xaa,0xab,0xff,0x97,0x99,0x9a,0xff,
    0xe5,0xe6,0xe6,0xfe,0x6f,0x6e,0x6c,0xfd,0x54,0x4b,0x40,0xaa,0x67,0x4d,0x38,0x3b,
    0x7c,0x66,0x49,0x2d,0x53,0x4e,0x44,0x86,0x66,0x66,0x63,0xfa,0xe9,0xea,0xea,0xff,
    0xfa,0xfa,0xfb,0xff,0xfb,0xfb,0xfc,0xff,0xfc,0xfc,0xfd,0xff,0xfb,0xfb,0xfb,0xff,
    0xff,0xff,0xff,0xfe,0x91,0x93,0x95,0xff,0x13,0x13,0x12,0xff,0x00,0x00,0x00,0xff,
    0xd1,0xd1,0xd1,0xff,0xff,0xff,0xff,0xff,0xfb,0xfb,0xfb,0xff,0xfd,0xfd,0xfd,0xff,
    0xfc,0xfc,0xfc,0xff,0xff,0xff,0xff,0xff,0xdf,0xdf,0xdf,0xff,0x6d,0x6e,0x70,0xff,
    0xcf,0xd0,0xd2,0xff,0xff,0xff,0xff,0xfc,0x45,0x43,0x40,0xff,0x44,0x32,0x1b,0x70,
    0x48,0x3b,0x28,0x70,0x45,0x45,0x42,0xff,0xff,0xff,0xff,0xfc,0xff,0xff,0xff,0xff,
    0xff,0xff,0xff,0xff,0xfd,0xfe,0xfe,0xff,0xf8,0xf8,0xf8,0xff,0xff,0xff,0xff,0xfd,
    0xa4,0xa4,0xa5,0xff,0x23,0x1d,0x18,0xf4,0x66,0x53,0x3d,0x96,0x1e,0x1b,0x17,0xf7,
    0xd1,0xd2,0xd2,0xff,0xff,0xff,0xff,0xff,0xfc,0xfc,0xfc,0xff,0xfd,0xfd,0xfd,0xff,
    0xfc,0xfc,0xfd,0xff,0xff,0xff,0xff,0xff,0xdd,0xdd,0xdd,0xff,0x67,0x66,0x67,0xff,
    0xa1,0xa1,0xa2,0xff,0xfd,0xfd,0xff,0xfc,0x3d,0x3c,0x3a,0xfc,0x3c,0x2a,0x19,0x66,
    0x3a,0x2f,0x1e,0x65,0x38,0x37,0x36,0xf8,0xff,0xff,0xff,0xfc,0xd0,0xd0,0xd0,0xff,
    0x52,0x51,0x51,0xff,0xd9,0xda,0xd9,0xff,0xff,0xff,0xff,0xfb,0x9f,0xa0,0x9f,0xff,
    0x43,0x3b,0x32,0xe8,0x88,0x67,0x46,0x36,0x04,0x04,0x03,0x00,0x1c,0x19,0x13,0xf4,
    0xd1,0xd1,0xd2,0xff,0xff,0xff,0xff,0xfe,0xfc,0xfb,0xfb,0xff,0xfd,0xfe,0xfe,0xff,
    0xfd,0xfd,0xfd,0xff,0xfd,0xfd,0xfd,0xff,0xf7,0xf7,0xf7,0xff,0xae,0xae,0xae,0xff,
    0x83,0x82,0x83,0xff,0xff,0xff,0xff,0xfc,0x3f,0x3d,0x3b,0xff,0x42,0x31,0x1d,0x68,
    0x48,0x3b,0x28,0x70,0x39,0x39,0x36,0xff,0xff,0xff,0xff,0xfa,0x9e,0x9f,0x9f,0xff,
    0x36,0x36,0x36,0xff,0xf4,0xf5,0xf5,0xfc,0x81,0x83,0x84,0xff,0x1e,0x1a,0x13,0xd6,
    0x50,0x3c,0x24,0x3f,0x03,0x03,0x03,0x00,0x86,0x6e,0x56,0x35,0x1f,0x1c,0x18,0xf4,
    0xd0,0xd1,0xd1,0xff,0xff,0xff,0xff,0xfe,0xfb,0xfb,0xfb,0xff,0xfe,0xfe,0xfe,0xff,
    0xfd,0xfd,0xfd,0xff,0xfb,0xfb,0xfb,0xff,0xff,0xff,0xff,0xff,0xd5,0xd6,0xd7,0xff,
    0x82,0x82,0x81,0xff,0xff,0xff,0xff,0xfc,0x3e,0x3d,0x3a,0xff,0x42,0x31,0x1d,0x68,
    0x7a,0x66,0x49,0x34,0x57,0x4c,0x3d,0xab,0x41,0x3e,0x3a,0xff,0x5a,0x5d,0x5e,0xfa,
    0xf1,0xf2,0xf2,0xf9,0xa1,0xa1,0xa2,0xfd,0x38,0x2e,0x24,0xd6,0x81,0x66,0x48,0x4d,
    0x00,0x00,0x00,0x00,0x83,0x68,0x4d,0x5f,0x2b,0x24,0x1c,0xf7,0xb0,0xb0,0xb1,0xfc,
    0xf9,0xf9,0xf9,0xff,0xfc,0xfc,0xfc,0xff,0xfd,0xfd,0xfc,0xff,0xfd,0xfd,0xfd,0xff,
    0xfd,0xfd,0xfd,0xff,0xfc,0xfc,0xfc,0xff,0xff,0xff,0xff,0xff,0xcc,0xcd,0xcd,0xff,
    0x7c,0x7a,0x79,0xff,0xfc,0xfc,0xfc,0xfc,0x3f,0x3e,0x3b,0xff,0x42,0x31,0x1f,0x68,
    0x00,0x00,0x00,0x00,0xff,0xff,0xff,0x03,0x57,0x3c,0x20,0x5d,0x32,0x2a,0x23,0xff,
    0x48,0x48,0x46,0xff,0x5c,0x50,0x42,0xe1,0x78,0x5a,0x34,0x22,0x05,0x04,0x04,0x00,
    0x91,0x76,0x5c,0x3a,0x2a,0x26,0x1f,0xe3,0xac,0xad,0xaf,0xff,0xfd,0xfd,0xff,0xfd,
    0xfe,0xfe,0xfe,0xff,0xfd,0xfd,0xfd,0xff,0xfd,0xfd,0xfd,0xff,0xfd,0xfd,0xfd,0xff,
    0xfd,0xfd,0xfd,0xff,0xfd,0xfd,0xfd,0xff,0xfd,0xfe,0xfe,0xff,0xf5,0xf5,0xf5,0xff,
    0xe6,0xe5,0xe6,0xff,0xfc,0xfd,0xfd,0xfc,0x40,0x3f,0x3c,0xff,0x3f,0x2e,0x1d,0x68,
    0x7f,0x7f,0x7f,0x02,0x00,0x00,0x00,0x00,0x04,0x04,0x03,0x00,0x6e,0x59,0x42,0x58,
    0x57,0x47,0x2f,0x60,0x85,0x69,0x4e,0x41,0x00,0x00,0x00,0x00,0xa4,0x8f,0x6f,0x30,
    0x3a,0x33,0x2a,0xff,0xad,0xae,0xaf,0xff,0xff,0xff,0xff,0xfe,0xfc,0xfc,0xfc,0xff,
    0xfc,0xfd,0xfd,0xff,0xfe,0xfd,0xfe,0xff,0xfe,0xfd,0xfd,0xff,0xfd,0xfd,0xfd,0xff,
    0xfd,0xfd,0xfd,0xff,0xfd,0xfd,0xfd,0xff,0xfd,0xfd,0xfd,0xff,0xfd,0xfd,0xfe,0xff,
    0xff,0xff,0xff,0xff,0xff,0xff,0xff,0xfc,0x41,0x40,0x3d,0xff,0x3f,0x2e,0x1d,0x68,
    0x00,0x00,0x00,0x00,0xff,0x00,0x00,0x01,0x00,0x00,0x00,0x01,0x00,0x00,0x00,0x00,
    0x00,0x00,0x00,0x00,0x00,0x00,0x00,0x00,0xff,0x00,0x00,0x01,0xf7,0xd7,0xa7,0x20,
    0x18,0x14,0x0e,0xfe,0xce,0xcf,0xd0,0xff,0xff,0xff,0xff,0xff,0xfa,0xfa,0xfa,0xff,
    0xfe,0xfd,0xfe,0xff,0xfe,0xfd,0xfd,0xff,0xfd,0xfd,0xfd,0xff,0xfd,0xfd,0xfd,0xff,
    0xfd,0xfd,0xfd,0xff,0xfd,0xfd,0xfd,0xff,0xfd,0xfd,0xfd,0xff,0xfc,0xfc,0xfc,0xff,
    0xfd,0xfd,0xfd,0xff,0xff,0xff,0xff,0xfc,0x41,0x40,0x3d,0xff,0x3f,0x2e,0x1a,0x68,
    0x00,0x00,0x00,0x00,0x00,0x00,0x00,0x00,0x00,0x00,0x00,0x00,0x3f,0x3f,0x3f,0x04,
    0x66,0x33,0x33,0x05,0xaa,0x55,0x55,0x03,0x71,0x55,0x38,0x09,0x4d,0x46,0x37,0xb8,
    0x8d,0x8b,0x88,0xff,0xe5,0xe5,0xe6,0xfe,0xfa,0xfa,0xfa,0xff,0xf9,0xfa,0xfa,0xff,
    0xfa,0xfa,0xfa,0xff,0xfa,0xfa,0xfa,0xff,0xfa,0xfa,0xfa,0xff,0xfa,0xfa,0xfa,0xff,
    0xfb,0xfa,0xfa,0xff,0xfa,0xfa,0xfa,0xff,0xfb,0xfb,0xfb,0xff,0xfa,0xfa,0xfb,0xff,
    0xfb,0xfb,0xfb,0xff,0xfb,0xfc,0xfb,0xfc,0x3e,0x3d,0x3a,0xff,0x3a,0x2c,0x18,0x68,
    0x00,0x00,0x00,0x00,0x00,0x00,0x00,0x00,0x00,0x00,0x00,0x00,0x00,0x00,0x00,0x00,
    0x00,0x00,0x00,0x01,0x00,0x00,0x00,0x00,0x3a,0x3a,0x13,0x0d,0x1a,0x19,0x18,0xf1,
    0xf3,0xf4,0xf5,0xfc,0xff,0xff,0xff,0xfb,0xff,0xff,0xff,0xfc,0xff,0xff,0xff,0xfc,
    0xff,0xff,0xff,0xfc,0xff,0xff,0xff,0xfc,0xff,0xff,0xff,0xfc,0xff,0xff,0xff,0xfc,
    0xff,0xff,0xff,0xfc,0xff,0xff,0xff,0xfc,0xff,0xff,0xff,0xfc,0xff,0xff,0xff,0xfc,
    0xff,0xff,0xff,0xfc,0xff,0xff,0xff,0xf9,0x41,0x40,0x3e,0xfc,0x36,0x27,0x16,0x67,
    0x00,0x00,0x00,0x00,0x00,0x00,0x00,0x00,0x00,0x00,0x00,0x00,0x00,0x00,0x00,0x00,
    0x00,0x00,0x00,0x01,0x00,0x00,0x00,0x00,0x62,0x62,0x3a,0x0d,0x14,0x12,0x0f,0xf3,
    0x4c,0x4c,0x4d,0xff,0x5e,0x5e,0x5e,0xff,0x61,0x61,0x60,0xff,0x63,0x62,0x62,0xff,
    0x61,0x61,0x61,0xff,0x62,0x61,0x61,0xff,0x61,0x62,0x61,0xff,0x62,0x62,0x62,0xff,
    0x62,0x62,0x61,0xff,0x62,0x62,0x61,0xff,0x62,0x62,0x62,0xff,0x62,0x62,0x62,0xff,
    0x62,0x62,0x62,0xff,0x60,0x60,0x60,0xff,0x23,0x21,0x1d,0xff,0x4e,0x3c,0x29,0x6e,
    0x00,0x00,0x00,0x00,0x00,0x00,0x00,0x00,0x00,0x00,0x00,0x00,0x00,0x00,0x00,0x00,
    0x00,0x00,0x00,0x00,0x00,0x00,0x00,0x00,0x7f,0x7f,0x55,0x06,0x20,0x1c,0x12,0x6d,
    0x00,0x00,0x00,0x77,0x00,0x00,0x00,0x77,0x00,0x00,0x00,0x77,0x00,0x00,0x00,0x77,
    0x00,0x00,0x00,0x77,0x00,0x00,0x00,0x77,0x00,0x00,0x00,0x77,0x00,0x00,0x00,0x77,
    0x00,0x00,0x00,0x77,0x00,0x00,0x00,0x77,0x00,0x00,0x00,0x77,0x00,0x00,0x00,0x77,
    0x00,0x00,0x00,0x77,0x00,0x00,0x00,0x76,0x22,0x1b,0x0f,0x77,0x6d,0x58,0x3e,0x31
};

const lv_image_dsc_t img_knight_white = {
    .header.magic = LV_IMAGE_HEADER_MAGIC,
    .header.cf = LV_COLOR_FORMAT_ARGB8888,
    .header.flags = 0,
    .header.w = 24,
    .header.h = 24,
    .header.stride = 96,
    .data_size = sizeof(img_knight_white_map),
    .data = img_knight_white_map,
};

#ifndef LV_ATTRIBUTE_IMAGE_IMG_BISHOP_WHITE
#define LV_ATTRIBUTE_IMAGE_IMG_BISHOP_WHITE
#endif

static const
LV_ATTRIBUTE_MEM_ALIGN LV_ATTRIBUTE_LARGE_CONST LV_ATTRIBUTE_IMAGE_IMG_BISHOP_WHITE
uint8_t img_bishop_white_map[] = {
    0x00,0x00,0x00,0x00,0x00,0x00,0x00,0x00,0x00,0x00,0x00,0x00,0x00,0x00,0x00,0x00,
    0x00,0x00,0x00,0x00,0x00,0x00,0x00,0x00,0x00,0x00,0x00,0x00,0x00,0x00,0x00,0x00,
    0x00,0x00,0x00,0x02,0x00,0xff,0x00,0x01,0xff,0xff,0xff,0x02,0x09,0x00,0x00,0x80,
    0x04,0x00,0x00,0x6e,0x03,0x03,0x02,0x00,0x00,0x00,0x00,0x03,0x00,0x00,0x00,0x01,
    0x00,0x00,0x00,0x00,0x00,0x00,0x00,0x00,0x00,0x00,0x00,0x00,0x00,0x00,0x00,0x00,
    0x00,0x00,0x00,0x00,0x00,0x00,0x00,0x00,0x00,0x00,0x00,0x00,0x00,0x00,0x00,0x00,
    0x00,0x00,0x00,0x00,0x00,0x00,0x00,0x00,0x00,0x00,0x00,0x00,0x00,0x00,0x00,0x00,
    0x00,0x00,0x00,0x00,0x00,0x00,0x00,0x00,0x00,0x00,0x00,0x00,0x00,0x00,0x00,0x01,
    0x00,0x00,0x00,0x00,0x33,0x00,0x00,0x05,0x13,0x04,0x00,0xa8,0x73,0x71,0x6e,0xff,
    0x60,0x5c,0x57,0xff,0x19,0x00,0x00,0x84,0x03,0x02,0x01,0x00,0x00,0x00,0x00,0x00,
    0x00,0x00,0x00,0x01,0x00,0x00,0x00,0x00,0x00,0x00,0x00,0x00,0x00,0x00,0x00,0x00,
    0x00,0x00,0x00,0x00,0x00,0x00,0x00,0x00,0x00,0x00,0x00,0x00,0x00,0x00,0x00,0x00,
    0x00,0x00,0x00,0x00,0x00,0x00,0x00,0x00,0x00,0x00,0x00,0x00,0x00,0x00,0x00,0x00,
    0x00,0x00,0x00,0x00,0x00,0x00,0x00,0x00,0x00,0x00,0x00,0x01,0x00,0x00,0x00,0x01,
    0x4c,0x26,0x0c,0x14,0x34,0x1e,0x11,0x96,0x50,0x4e,0x4d,0xff,0xff,0xff,0xff,0xfb,
    0xe0,0xe2,0xe3,0xfd,0x31,0x2b,0x28,0xff,0x3e,0x1d,0x09,0x6f,0xff,0xaa,0x55,0x03,
    0x00,0x00,0x00,0x01,0x00,0x00,0x00,0x00,0x00,0x00,0x00,0x00,0x00,0x00,0x00,0x00,
    0x00,0x00,0x00,0x00,0x00,0x00,0x00,0x00,0x00,0x00,0x00,0x00,0x00,0x00,0x00,0x00,
    0x00,0x00,0x00,0x00,0x00,0x00,0x00,0x00,0x00,0x00,0x00,0x00,0x00,0x00,0x00,0x00,
    0x00,0x00,0x00,0x00,0x00,0x00,0x00,0x00,0x00,0x00,0x00,0x02,0x00,0x01,0x01,0x00,
    0x12,0x00,0x00,0x29,0x24,0x21,0x1f,0xff,0xf8,0xfa,0xfc,0xfc,0xfa,0xfa,0xfa,0xff,
    0xff,0xff,0xff,0xfc,0xb1,0xb2,0xb3,0xfe,0x07,0x00,0x00,0xf0,0xff,0xff,0xff,0x03,
    0x00,0x00,0x00,0x01,0x00,0x00,0x00,0x01,0x00,0x00,0x00,0x00,0x00,0x00,0x00,0x00,
    0x00,0x00,0x00,0x00,0x00,0x00,0x00,0x00,0x00,0x00,0x00,0x00,0x00,0x00,0x00,0x00,
    0x00,0x00,0x00,0x00,0x00,0x00,0x00,0x00,0x00,0x00,0x00,0x00,0x00,0x00,0x00,0x00,
    0x00,0x00,0x00,0x00,0x00,0x00,0x00,0x00,0x00,0x00,0x00,0x02,0x00,0x00,0x01,0x00,
    0x86,0x43,0x1a,0x26,0x1e,0x0f,0x07,0xd7,0x7f,0x82,0x83,0xff,0xfc,0xfc,0xfd,0xfe,
    0xf4,0xf4,0xf5,0xfd,0x45,0x47,0x48,0xfe,0x14,0x04,0x00,0xe0,0xe2,0x71,0x1c,0x12,
    0x00,0x00,0x01,0x00,0x00,0x00,0x00,0x01,0x00,0x00,0x00,0x00,0x00,0x00,0x00,0x00,
    0x00,0x00,0x00,0x00,0x00,0x00,0x00,0x00,0x00,0x00,0x00,0x00,0x00,0x00,0x00,0x00,
    0x00,0x00,0x00,0x00,0x00,0x00,0x00,0x00,0x00,0x00,0x00,0x00,0x00,0x00,0x00,0x00,
    0x00,0x00,0x00,0x00,0x00,0x00,0x00,0x00,0x00,0x00,0x00,0x03,0x7f,0x4c,0x19,0x0a,
    0x14,0x05,0x00,0xaf,0x6c,0x68,0x63,0xf0,0xd9,0xda,0xda,0xfc,0xfe,0xfe,0xfe,0xff,
    0xf9,0xf8,0xf9,0xff,0xcf,0xd0,0xd0,0xfc,0x66,0x62,0x5e,0xfd,0x22,0x13,0x0b,0xb7,
    0x7f,0x19,0x00,0x0a,0x33,0x33,0x00,0x05,0x00,0x00,0x00,0x00,0x00,0x00,0x00,0x00,
    0x00,0x00,0x00,0x00,0x00,0x00,0x00,0x00,0x00,0x00,0x00,0x00,0x00,0x00,0x00,0x00,
    0x00,0x00,0x00,0x00,0x00,0x00,0x00,0x00,0x00,0x00,0x00,0x00,0x00,0x00,0x00,0x00,
    0x00,0x00,0x00,0x01,0x00,0x00,0x00,0x03,0xff,0xff,0xda,0x07,0x19,0x0d,0x07,0xce,
    0x76,0x78,0x79,0xfb,0xef,0xf0,0xf1,0xff,0xff,0xff,0xff,0xff,0xeb,0xeb,0xeb,0xff,
    0xe9,0xe9,0xe9,0xff,0xff,0xff,0xff,0xff,0xf2,0xf3,0xf4,0xfe,0xa0,0xa1,0xa1,0xff,
    0x26,0x16,0x0e,0xce,0x0c,0x08,0x05,0x00,0x00,0x00,0x00,0x03,0x00,0x00,0x00,0x01,
    0x00,0x00,0x00,0x00,0x00,0x00,0x00,0x00,0x00,0x00,0x00,0x00,0x00,0x00,0x00,0x00,
    0x00,0x00,0x00,0x00,0x00,0x00,0x00,0x00,0x00,0x00,0x00,0x00,0x00,0x00,0x00,0x01,
    0x00,0x00,0x00,0x00,0x05,0x03,0x02,0x00,0x28,0x0e,0x00,0xbe,0xa9,0xa7,0xa6,0xff,
    0xfe,0xfe,0xff,0xff,0xf9,0xf9,0xf9,0xfe,0xfa,0xfa,0xfa,0xff,0x7b,0x7b,0x7b,0xff,
    0x6b,0x6b,0x6b,0xff,0xfa,0xfa,0xfa,0xff,0xf9,0xf8,0xf8,0xfe,0xfd,0xff,0xff,0xfe,
    0xc1,0xc1,0xbf,0xfc,0x09,0x00,0x00,0xa4,0x03,0x00,0x00,0x00,0x00,0x00,0x00,0x00,
    0x00,0x00,0x00,0x01,0x00,0x00,0x00,0x00,0x00,0x00,0x00,0x00,0x00,0x00,0x00,0x00,
    0x00,0x00,0x00,0x00,0x00,0x00,0x00,0x00,0x00,0x00,0x00,0x00,0x00,0x00,0x00,0x01,
    0xcc,0x66,0x33,0x05,0x2a,0x16,0x06,0x71,0x44,0x3f,0x3d,0xfa,0xdb,0xdd,0xde,0xfe,
    0xff,0xff,0xff,0xfe,0xff,0xff,0xff,0xff,0xff,0xff,0xff,0xff,0x7c,0x7c,0x7c,0xff,
    0x6a,0x6a,0x6a,0xff,0xff,0xff,0xff,0xff,0xff,0xff,0xff,0xff,0xff,0xff,0xff,0xfe,
    0xef,0xf0,0xf0,0xff,0x6d,0x6b,0x68,0xff,0x28,0x15,0x0a,0x98,0x48,0x24,0x00,0x07,
    0x00,0x00,0x00,0x00,0x00,0x00,0x00,0x01,0x00,0x00,0x00,0x00,0x00,0x00,0x00,0x00,
    0x00,0x00,0x00,0x00,0x00,0x00,0x00,0x00,0x00,0x00,0x00,0x01,0x00,0x00,0x00,0x00,
    0xbf,0x55,0x15,0x0c,0x14,0x0a,0x03,0xf7,0xc7,0xc9,0xcb,0xff,0xff,0xff,0xff,0xfe,
    0xfe,0xfe,0xfe,0xff,0x99,0x9a,0x9a,0xff,0x59,0x59,0x59,0xff,0x2b,0x2c,0x2c,0xff,
    0x25,0x26,0x26,0xff,0x5c,0x5d,0x5c,0xff,0x7b,0x7b,0x7b,0xff,0xfb,0xfb,0xfb,0xff,
    0xff,0xff,0xff,0xfe,0xdc,0xdf,0xdf,0xfe,0x0f,0x0d,0x09,0xf5,0x3f,0x15,0x00,0x0c,
    0x00,0x00,0x00,0x00,0x00,0x00,0x00,0x01,0x00,0x00,0x00,0x00,0x00,0x00,0x00,0x00,
    0x00,0x00,0x00,0x00,0x00,0x00,0x00,0x00,0x00,0x00,0x00,0x01,0x00,0x00,0x00,0x00,
    0xd0,0x5c,0x17,0x0b,0x18,0x0e,0x05,0xe5,0xcc,0xce,0xcf,0xfe,0xff,0xff,0xff,0xfe,
    0xfa,0xfa,0xfa,0xff,0xc6,0xc7,0xc7,0xff,0xa9,0xa9,0xa9,0xff,0x53,0x53,0x53,0xff,
    0x45,0x45,0x46,0xff,0xac,0xac,0xac,0xff,0xba,0xba,0xba,0xff,0xfb,0xfb,0xfc,0xff,
    0xff,0xff,0xff,0xfe,0xd4,0xd6,0xd6,0xfe,0x0c,0x0a,0x06,0xe5,0x45,0x17,0x00,0x0b,
    0x00,0x00,0x00,0x00,0x00,0x00,0x00,0x01,0x00,0x00,0x00,0x00,0x00,0x00,0x00,0x00,
    0x00,0x00,0x00,0x00,0x00,0x00,0x00,0x00,0x00,0x00,0x00,0x01,0x00,0x00,0x00,0x00,
    0xb9,0x5c,0x17,0x0b,0x19,0x0d,0x04,0xe3,0xa1,0xa4,0xa5,0xff,0xff,0xff,0xff,0xfe,
    0xff,0xfe,0xff,0xff,0xff,0xff,0xff,0xff,0xff,0xff,0xff,0xff,0x78,0x78,0x78,0xff,
    0x63,0x64,0x64,0xff,0xff,0xff,0xff,0xff,0xff,0xff,0xff,0xff,0xff,0xff,0xff,0xff,
    0xff,0xff,0xff,0xfe,0xac,0xaf,0xb0,0xff,0x1c,0x10,0x07,0xe3,0x5c,0x17,0x00,0x0b,
    0x00,0x00,0x00,0x00,0x00,0x00,0x00,0x01,0x00,0x00,0x00,0x00,0x00,0x00,0x00,0x00,
    0x00,0x00,0x00,0x00,0x00,0x00,0x00,0x00,0x00,0x00,0x00,0x00,0x00,0x00,0x00,0x01,
    0x7f,0x7f,0x00,0x02,0x4d,0x2a,0x0e,0x24,0x1c,0x0e,0x05,0xd8,0x75,0x74,0x73,0xff,
    0xe8,0xea,0xeb,0xfe,0xff,0xff,0xff,0xff,0xff,0xff,0xff,0xff,0xce,0xce,0xce,0xff,
    0xc8,0xc8,0xc8,0xff,0xff,0xff,0xff,0xff,0xff,0xff,0xff,0xff,0xe9,0xe9,0xe9,0xfe,
    0x6a,0x6b,0x6c,0xff,0x1c,0x0e,0x04,0xd8,0x71,0x38,0x15,0x24,0x7f,0x00,0x00,0x02,
    0x00,0x00,0x00,0x01,0x00,0x00,0x00,0x00,0x00,0x00,0x00,0x00,0x00,0x00,0x00,0x00,
    0x00,0x00,0x00,0x00,0x00,0x00,0x00,0x00,0x00,0x00,0x00,0x00,0x00,0x00,0x00,0x00,
    0x00,0x00,0x00,0x00,0x00,0x00,0x00,0x00,0xcc,0x66,0x26,0x14,0x1d,0x03,0x00,0xce,
    0x5c,0x5c,0x5d,0xff,0xc6,0xc6,0xc6,0xfd,0xc3,0xc4,0xc3,0xff,0xcc,0xcb,0xcb,0xff,
    0xce,0xcd,0xcd,0xff,0xc7,0xc7,0xc7,0xff,0xc0,0xc0,0xc0,0xfd,0x5a,0x5b,0x5d,0xff,
    0x04,0x00,0x00,0xce,0xb2,0x59,0x19,0x14,0x00,0x00,0x00,0x00,0x00,0x00,0x00,0x00,
    0x00,0x00,0x00,0x00,0x00,0x00,0x00,0x00,0x00,0x00,0x00,0x00,0x00,0x00,0x00,0x00,
    0x00,0x00,0x00,0x00,0x00,0x00,0x00,0x00,0x00,0x00,0x00,0x00,0x00,0x00,0x00,0x00,
    0x00,0x00,0x00,0x00,0x00,0x00,0x00,0x05,0x00,0x01,0x02,0x00,0x19,0x01,0x00,0x9f,
    0x41,0x3f,0x3f,0xff,0xb2,0xb1,0xb1,0xfb,0x9d,0x9d,0x9c,0xff,0x99,0x97,0x96,0xff,
    0x95,0x95,0x93,0xff,0xa0,0xa0,0x9f,0xff,0xa1,0xa0,0xa0,0xfb,0x3e,0x3f,0x3f,0xff,
    0x0c,0x00,0x00,0x9f,0x00,0x00,0x01,0x00,0x00,0x00,0x00,0x05,0x00,0x00,0x00,0x00,
    0x00,0x00,0x00,0x00,0x00,0x00,0x00,0x00,0x00,0x00,0x00,0x00,0x00,0x00,0x00,0x00,
    0x00,0x00,0x00,0x00,0x00,0x00,0x00,0x00,0x00,0x00,0x00,0x00,0x00,0x00,0x00,0x01,
    0x00,0x00,0x00,0x00,0xd4,0x7f,0x2a,0x06,0x39,0x19,0x0a,0x78,0x47,0x44,0x43,0xe3,
    0xa9,0xac,0xad,0xfe,0xe0,0xe1,0xe2,0xfe,0xe2,0xe3,0xe3,0xff,0xe0,0xe1,0xe1,0xff,
    0xe0,0xe1,0xe1,0xff,0xdf,0xe0,0xe0,0xff,0xe6,0xe6,0xe7,0xfe,0xcd,0xce,0xce,0xfe,
    0x51,0x4a,0x48,0xe2,0x48,0x28,0x13,0x78,0xaa,0x55,0x00,0x06,0x00,0x00,0x00,0x00,
    0x00,0x00,0x00,0x01,0x00,0x00,0x00,0x00,0x00,0x00,0x00,0x00,0x00,0x00,0x00,0x00,
    0x00,0x00,0x00,0x00,0x00,0x00,0x00,0x00,0x00,0x00,0x00,0x00,0x00,0x00,0x00,0x01,
    0x00,0x00,0x00,0x00,0xff,0x99,0x33,0x0a,0x17,0x09,0x04,0xff,0xc7,0xc9,0xca,0xff,
    0xda,0xdb,0xdc,0xfc,0x84,0x84,0x86,0xff,0x96,0x96,0x96,0xff,0x96,0x97,0x97,0xff,
    0x99,0x99,0x9a,0xff,0x90,0x90,0x91,0xff,0x8f,0x8f,0x8f,0xff,0xf1,0xf1,0xf1,0xfe,
    0xb5,0xbb,0xbc,0xff,0x1a,0x0d,0x06,0xff,0xe5,0x66,0x19,0x0a,0x00,0x00,0x00,0x00,
    0x00,0x00,0x00,0x01,0x00,0x00,0x00,0x00,0x00,0x00,0x00,0x00,0x00,0x00,0x00,0x00,
    0x00,0x00,0x00,0x01,0x7f,0x00,0x00,0x02,0x00,0x00,0x00,0x01,0x33,0x00,0x00,0x05,
    0x33,0x00,0x00,0x05,0x9f,0x5f,0x3f,0x08,0x38,0x1c,0x0b,0x87,0x2b,0x21,0x1f,0xff,
    0x95,0x97,0x96,0xff,0xea,0xeb,0xea,0xfe,0xee,0xed,0xed,0xff,0xdb,0xdb,0xdb,0xff,
    0xdc,0xdc,0xdc,0xff,0xe8,0xe8,0xe7,0xff,0xc9,0xc9,0xc9,0xfe,0x8b,0x8a,0x88,0xfd,
    0x22,0x12,0x08,0xe7,0x36,0x1a,0x0a,0x62,0xcc,0x99,0x66,0x05,0x7f,0x7f,0xff,0x02,
    0x7f,0x7f,0xff,0x02,0xff,0xff,0xff,0x01,0x7f,0x00,0x00,0x02,0x00,0x00,0x00,0x01,
    0x00,0x00,0x00,0x00,0x00,0x00,0x01,0x00,0x00,0x00,0x01,0x00,0x00,0x02,0x02,0x00,
    0x02,0x03,0x03,0x00,0x00,0x02,0x02,0x00,0x01,0x02,0x03,0x00,0x3e,0x13,0x00,0x35,
    0x00,0x00,0x00,0xa9,0x51,0x50,0x4f,0xfe,0xbe,0xbe,0xbe,0xfc,0xa0,0xa1,0xa1,0xfc,
    0xa6,0xa7,0xa7,0xfc,0xb2,0xb2,0xb2,0xfe,0x5b,0x5d,0x5f,0xfe,0x44,0x34,0x28,0xf1,
    0x59,0x04,0x00,0x36,0x00,0x00,0x00,0x00,0x00,0x00,0x00,0x00,0x00,0x00,0x00,0x00,
    0x00,0x00,0x00,0x00,0x00,0x00,0x00,0x00,0x00,0x00,0x02,0x00,0x00,0x00,0x00,0x00,
    0xa3,0x5b,0x24,0x0e,0x33,0x00,0x00,0x1e,0x46,0x00,0x00,0x12,0x12,0x00,0x00,0x71,
    0x00,0x00,0x00,0x71,0x02,0x00,0x00,0x72,0x15,0x00,0x00,0x75,0x21,0x06,0x00,0x72,
    0x74,0x69,0x67,0xde,0xc1,0xc1,0xc1,0xff,0xfb,0xfc,0xfd,0xfe,0x7c,0x7b,0x79,0xff,
    0x7d,0x7a,0x76,0xff,0xf7,0xf9,0xf9,0xfd,0xff,0xff,0xff,0xfe,0xe1,0xde,0xdb,0xff,
    0x68,0x5b,0x55,0xde,0x3d,0x35,0x2f,0xcc,0x49,0x3d,0x35,0xca,0x53,0x42,0x38,0xc6,
    0x52,0x43,0x37,0xc9,0x40,0x21,0x0b,0x82,0x27,0x00,0x00,0x20,0x9f,0x5f,0x1f,0x10,
    0x1d,0x0b,0x04,0x72,0x5b,0x52,0x49,0xf8,0x64,0x51,0x44,0xd1,0x8c,0x88,0x86,0xff,
    0xb2,0xb1,0xb1,0xff,0xb9,0xb7,0xb6,0xff,0xc1,0xbe,0xbb,0xff,0xb8,0xb5,0xb3,0xff,
    0xfd,0xfd,0xfe,0xff,0xf7,0xf8,0xf8,0xf9,0x3f,0x3f,0x3d,0xff,0x2f,0x0e,0x00,0xb0,
    0x2a,0x0a,0x00,0x96,0x4b,0x46,0x42,0xff,0xee,0xf0,0xf1,0xf9,0xff,0xff,0xff,0xfb,
    0xfb,0xfd,0xfd,0xff,0xf0,0xf1,0xf1,0xff,0xf5,0xf6,0xf7,0xff,0xf6,0xf7,0xf7,0xff,
    0xf6,0xf8,0xf8,0xff,0x9e,0x99,0x96,0xff,0x4b,0x41,0x3a,0xf9,0x37,0x1c,0x0c,0x6a,
    0x36,0x1b,0x0b,0x41,0x46,0x3e,0x37,0xff,0xc6,0xcb,0xcd,0xff,0xff,0xff,0xff,0xf7,
    0xa0,0xa1,0xa1,0xff,0x80,0x80,0x80,0xff,0x70,0x70,0x70,0xff,0x4b,0x4b,0x4b,0xff,
    0x31,0x30,0x2f,0xff,0x2e,0x2b,0x27,0xff,0x28,0x11,0x00,0x9d,0xe2,0x71,0x38,0x09,
    0xff,0x9f,0x5f,0x08,0x2f,0x14,0x01,0x8c,0x38,0x37,0x34,0xff,0x36,0x35,0x33,0xff,
    0x33,0x31,0x2f,0xff,0x3b,0x39,0x37,0xff,0x39,0x39,0x37,0xff,0x51,0x51,0x4f,0xff,
    0xff,0xff,0xff,0xfb,0xe7,0xea,0xec,0xfa,0x39,0x3b,0x3b,0xff,0x1b,0x0b,0x04,0x71,
    0x05,0x03,0x02,0x00,0x34,0x06,0x00,0x53,0x4a,0x41,0x3b,0xe4,0x5c,0x59,0x54,0xff,
    0x19,0x0b,0x00,0x8a,0x00,0x00,0x00,0x64,0x00,0x00,0x00,0x66,0x00,0x00,0x00,0x64,
    0x00,0x00,0x00,0x63,0x16,0x02,0x00,0x64,0x64,0x35,0x11,0x2b,0x00,0x00,0x00,0x00,
    0x00,0x00,0x00,0x00,0x46,0x2a,0x1c,0x12,0x19,0x02,0x00,0x64,0x07,0x00,0x00,0x63,
    0x07,0x00,0x00,0x64,0x0f,0x00,0x00,0x66,0x11,0x02,0x00,0x64,0x28,0x16,0x05,0x8b,
    0x42,0x3e,0x3b,0xff,0x35,0x2f,0x29,0xf7,0x03,0x00,0x00,0x45,0x4a,0x2a,0x0a,0x18,
    0x00,0x00,0x00,0x02,0x00,0x00,0x02,0x00,0x2e,0x0a,0x00,0x5e,0x2b,0x09,0x00,0x80,
    0xff,0xda,0x48,0x07,0x03,0x04,0x04,0x00,0x03,0x03,0x03,0x00,0x01,0x02,0x02,0x00,
    0x01,0x02,0x02,0x00,0x00,0x01,0x02,0x00,0x00,0x00,0x00,0x00,0x00,0x00,0x00,0x01,
    0x00,0x00,0x00,0x01,0x00,0x00,0x00,0x00,0x00,0x01,0x02,0x00,0x01,0x02,0x02,0x00,
    0x01,0x01,0x02,0x00,0x00,0x01,0x02,0x00,0x00,0x01,0x02,0x00,0xff,0x99,0x33,0x05,
    0x00,0x00,0x00,0x50,0x0e,0x00,0x00,0x48,0x05,0x03,0x03,0x00,0x00,0x00,0x00,0x00
};

const lv_image_dsc_t img_bishop_white = {
    .header.magic = LV_IMAGE_HEADER_MAGIC,
    .header.cf = LV_COLOR_FORMAT_ARGB8888,
    .header.flags = 0,
    .header.w = 24,
    .header.h = 24,
    .header.stride = 96,
    .data_size = sizeof(img_bishop_white_map),
    .data = img_bishop_white_map,
};

#ifndef LV_ATTRIBUTE_IMAGE_IMG_QUEEN_WHITE
#define LV_ATTRIBUTE_IMAGE_IMG_QUEEN_WHITE
#endif

static const
LV_ATTRIBUTE_MEM_ALIGN LV_ATTRIBUTE_LARGE_CONST LV_ATTRIBUTE_IMAGE_IMG_QUEEN_WHITE
uint8_t img_queen_white_map[] = {
    0x00,0x00,0x00,0x00,0x00,0x00,0x00,0x01,0x00,0x00,0x00,0x02,0x00,0x00,0x00,0x02,
    0x00,0x00,0x00,0x01,0x00,0x00,0x00,0x00,0x00,0x00,0x00,0x00,0x00,0x00,0x00,0x00,
    0x7f,0x00,0x00,0x02,0x00,0x00,0x00,0x00,0xff,0xd0,0xa2,0x0b,0x17,0x0c,0x02,0x77,
    0x0c,0x04,0x00,0x77,0xb9,0x8b,0x73,0x0b,0x00,0x00,0x00,0x00,0x00,0x00,0x00,0x02,
    0x00,0x00,0x00,0x00,0x00,0x00,0x00,0x00,0x00,0x00,0x00,0x00,0x00,0x00,0x00,0x01,
    0x00,0x00,0x00,0x02,0x00,0x00,0x00,0x02,0x00,0x00,0x00,0x02,0x00,0x00,0x00,0x00,
    0x00,0x00,0x00,0x02,0x00,0x00,0x00,0x00,0x05,0x04,0x04,0x00,0x05,0x05,0x04,0x00,
    0x00,0x01,0x01,0x00,0x00,0x00,0x00,0x02,0x00,0x00,0x00,0x00,0x00,0x00,0x00,0x01,
    0x00,0x00,0x00,0x02,0xff,0xff,0xda,0x07,0x14,0x0b,0x03,0x99,0x5f,0x5e,0x5d,0xff,
    0x62,0x62,0x60,0xff,0x0f,0x09,0x01,0xa5,0xc4,0x9c,0x62,0x0d,0x00,0x00,0x00,0x02,
    0x00,0x00,0x00,0x01,0x00,0x00,0x00,0x00,0x00,0x00,0x00,0x01,0x00,0x00,0x00,0x00,
    0x04,0x04,0x03,0x00,0x05,0x05,0x04,0x00,0x00,0x00,0x00,0x00,0x00,0x00,0x00,0x02,
    0x00,0x00,0x00,0x00,0x45,0x34,0x22,0x2c,0x22,0x1a,0x11,0xbe,0x25,0x1d,0x12,0xbe,
    0x45,0x35,0x1f,0x30,0x00,0x00,0x00,0x00,0x55,0x00,0x00,0x03,0x00,0x00,0x00,0x00,
    0x06,0x05,0x04,0x00,0x21,0x17,0x10,0xad,0x61,0x5f,0x5e,0xff,0xfa,0xfb,0xfc,0xfa,
    0xff,0xff,0xff,0xfa,0x68,0x68,0x67,0xff,0x1a,0x14,0x0d,0xad,0x05,0x05,0x04,0x00,
    0x00,0x00,0x00,0x01,0x00,0x00,0x00,0x02,0x00,0x00,0x00,0x00,0x96,0x78,0x4b,0x11,
    0x24,0x1b,0x10,0xb8,0x1d,0x15,0x0c,0xbe,0x44,0x34,0x23,0x4e,0x00,0x00,0x00,0x00,
    0x3c,0x32,0x24,0x4c,0x1a,0x15,0x11,0xcb,0x80,0x80,0x7f,0xff,0x97,0x98,0x97,0xff,
    0x1a,0x16,0x12,0xcd,0x39,0x2d,0x1e,0x54,0x00,0x00,0x00,0x02,0x00,0x00,0x00,0x02,
    0xff,0xff,0xff,0x01,0x04,0x02,0x00,0xf2,0x65,0x67,0x68,0xfb,0xff,0xff,0xff,0xfd,
    0xff,0xff,0xff,0xfd,0x6d,0x6f,0x6f,0xfc,0x02,0x01,0x01,0xf2,0xff,0xff,0xff,0x01,
    0x00,0x00,0x00,0x01,0x00,0x00,0x00,0x01,0x7a,0x67,0x4b,0x1b,0x23,0x1c,0x14,0xc7,
    0x75,0x76,0x75,0xff,0x94,0x94,0x94,0xff,0x1a,0x15,0x10,0xd7,0x35,0x28,0x1a,0x4c,
    0x07,0x01,0x01,0x80,0x79,0x79,0x79,0xff,0xff,0xff,0xff,0xf9,0xff,0xff,0xff,0xf8,
    0x96,0x96,0x96,0xff,0x0e,0x08,0x01,0x9c,0x03,0x03,0x03,0x00,0x00,0x00,0x00,0x05,
    0xff,0xff,0xff,0x01,0x2f,0x24,0x16,0x71,0x0c,0x0b,0x09,0xff,0x63,0x64,0x64,0xfe,
    0x61,0x62,0x62,0xfe,0x05,0x03,0x02,0xfb,0x2b,0x22,0x16,0x70,0xff,0xff,0xff,0x01,
    0x00,0x00,0x00,0x05,0x02,0x02,0x03,0x00,0x07,0x07,0x05,0x65,0x76,0x75,0x75,0xff,
    0xff,0xff,0xff,0xf8,0xff,0xff,0xff,0xf9,0x83,0x84,0x85,0xff,0x00,0x00,0x00,0x7f,
    0x26,0x1e,0x18,0x7d,0x32,0x31,0x30,0xff,0xcb,0xcc,0xcc,0xfb,0xec,0xed,0xed,0xfb,
    0x44,0x44,0x43,0xff,0x1d,0x15,0x0d,0x9c,0xff,0xff,0xff,0x01,0x33,0x33,0x33,0x05,
    0x00,0x00,0x00,0x01,0x04,0x04,0x04,0x00,0x23,0x1d,0x15,0x82,0x42,0x42,0x41,0xff,
    0x4e,0x4e,0x4d,0xff,0x19,0x11,0x0d,0x95,0x02,0x01,0x02,0x00,0x00,0x00,0x00,0x03,
    0x00,0x00,0x00,0x04,0x01,0x01,0x01,0x00,0x15,0x12,0x0e,0x6c,0x35,0x35,0x34,0xff,
    0xcf,0xcf,0xce,0xfb,0xe7,0xe7,0xe7,0xfb,0x38,0x38,0x37,0xff,0x16,0x10,0x0c,0x7f,
    0x75,0x67,0x4b,0x25,0x18,0x11,0x08,0xb0,0x2c,0x2c,0x2b,0xff,0x83,0x84,0x86,0xfd,
    0x0c,0x07,0x02,0xcc,0x5f,0x48,0x32,0x38,0x00,0x00,0x00,0x00,0x00,0x00,0x00,0x00,
    0x7f,0x3f,0x00,0x04,0x01,0x02,0x03,0x00,0x00,0x00,0x00,0x30,0x7b,0x79,0x79,0xff,
    0x8b,0x8c,0x8b,0xff,0x02,0x00,0x00,0x5d,0x01,0x02,0x02,0x00,0xff,0xff,0xaa,0x03,
    0xff,0xff,0xff,0x02,0x55,0x00,0x00,0x03,0x66,0x50,0x41,0x23,0x1b,0x0f,0x04,0xa9,
    0x5b,0x5b,0x5b,0xfd,0x42,0x42,0x43,0xff,0x14,0x0b,0x02,0xb7,0x71,0x5a,0x3e,0x2d,
    0x00,0x00,0x00,0x00,0x8b,0x73,0x5c,0x0b,0x0b,0x05,0x00,0xac,0xb2,0xb3,0xb4,0xff,
    0x4b,0x49,0x45,0xf1,0x2a,0x1c,0x11,0x48,0x9f,0x74,0x4a,0x18,0x58,0x50,0x46,0xc4,
    0x32,0x30,0x29,0xd8,0x55,0x3f,0x23,0x5d,0x3f,0x39,0x31,0xda,0xd2,0xd2,0xd2,0xff,
    0xde,0xdf,0xdf,0xff,0x42,0x3f,0x3c,0xe5,0x44,0x2d,0x13,0x43,0x34,0x2e,0x24,0xcc,
    0x35,0x2f,0x24,0xd8,0x55,0x48,0x30,0x15,0x7b,0x4f,0x2b,0x1d,0x36,0x31,0x2a,0xdf,
    0xb1,0xb2,0xb4,0xff,0x25,0x20,0x19,0xd4,0x7f,0x5f,0x3f,0x20,0x00,0x00,0x00,0x00,
    0x2a,0x00,0x00,0x06,0x01,0x01,0x01,0x00,0x05,0x01,0x00,0x93,0xc2,0xc2,0xc3,0xff,
    0xd8,0xd9,0xd9,0xff,0x53,0x4e,0x48,0xdf,0x11,0x07,0x01,0xa4,0xb7,0xb7,0xb6,0xff,
    0x6f,0x70,0x70,0xff,0x0e,0x09,0x04,0xf7,0x4a,0x4a,0x48,0xff,0xff,0xff,0xff,0xff,
    0xff,0xff,0xff,0xff,0x61,0x63,0x62,0xff,0x0b,0x07,0x03,0xf0,0x50,0x50,0x4f,0xff,
    0xaa,0xac,0xac,0xff,0x2d,0x1e,0x0e,0xa1,0x32,0x2a,0x1e,0xc6,0xc1,0xc1,0xc1,0xff,
    0xe5,0xe5,0xe5,0xff,0x28,0x24,0x1c,0xc3,0x00,0x00,0x00,0x00,0x3f,0x00,0x00,0x04,
    0x00,0x00,0x00,0x04,0xff,0xff,0xff,0x01,0x0f,0x0b,0x07,0x88,0x97,0x97,0x96,0xfe,
    0xff,0xff,0xff,0xfb,0x6f,0x70,0x70,0xff,0x0a,0x0a,0x09,0xfb,0xb0,0xb0,0xb1,0xfd,
    0xeb,0xeb,0xeb,0xfd,0x1e,0x1f,0x20,0xff,0xac,0xad,0xad,0xfe,0xfe,0xfe,0xfe,0xff,
    0xfe,0xfe,0xfe,0xff,0xce,0xce,0xce,0xfe,0x1f,0x20,0x21,0xff,0xde,0xde,0xdf,0xfd,
    0xd6,0xd5,0xd5,0xfd,0x14,0x11,0x0e,0xff,0x39,0x39,0x37,0xff,0xf9,0xfa,0xfb,0xfb,
    0xc0,0xc0,0xbe,0xfe,0x2e,0x2b,0x1c,0xb0,0x7f,0x00,0x00,0x02,0x00,0x00,0x00,0x02,
    0x00,0x00,0x00,0x00,0x00,0x00,0x00,0x00,0xda,0x91,0x6d,0x07,0x18,0x15,0x12,0xd2,
    0xcf,0xcf,0xd0,0xfe,0xff,0xff,0xff,0xfc,0x2c,0x2c,0x2c,0xff,0xb7,0xb7,0xb7,0xff,
    0xff,0xff,0xff,0xff,0x41,0x41,0x41,0xfe,0xb7,0xb7,0xb8,0xff,0xff,0xff,0xff,0xff,
    0xff,0xff,0xff,0xff,0xcc,0xcc,0xcc,0xff,0x48,0x48,0x48,0xfe,0xff,0xff,0xff,0xff,
    0xc8,0xc8,0xc8,0xff,0x18,0x1a,0x1b,0xff,0xf1,0xf1,0xf1,0xfd,0xe5,0xe6,0xe7,0xff,
    0x33,0x30,0x2b,0xef,0x7f,0x58,0x31,0x1a,0x00,0x00,0x00,0x00,0xff,0x00,0x00,0x01,
    0x00,0x00,0x00,0x00,0x00,0x00,0x00,0x00,0x03,0x02,0x01,0x00,0x1b,0x17,0x12,0xdd,
    0xdb,0xdb,0xdc,0xff,0xff,0xff,0xff,0xfd,0x82,0x83,0x82,0xff,0xcf,0xcf,0xcf,0xff,
    0xfe,0xfe,0xfe,0xff,0xa1,0xa1,0xa0,0xff,0xd2,0xd2,0xd2,0xff,0xfe,0xfe,0xfe,0xff,
    0xfe,0xfe,0xfe,0xff,0xd4,0xd5,0xd5,0xff,0x89,0x89,0x89,0xff,0xfe,0xfe,0xfe,0xff,
    0xda,0xda,0xda,0xff,0x6f,0x70,0x70,0xff,0xff,0xff,0xff,0xfe,0xf1,0xf4,0xf4,0xff,
    0x2e,0x2a,0x26,0xff,0x79,0x48,0x24,0x15,0x00,0x00,0x00,0x00,0xff,0x00,0x00,0x01,
    0x00,0x00,0x00,0x00,0x00,0x00,0x00,0x00,0xff,0xff,0xff,0x01,0x3e,0x33,0x28,0x77,
    0x88,0x87,0x84,0xf1,0xe9,0xe9,0xea,0xfe,0xff,0xff,0xff,0xfe,0xfd,0xfd,0xfd,0xff,
    0xfe,0xfd,0xfe,0xff,0xff,0xff,0xff,0xff,0xff,0xff,0xfe,0xff,0xfc,0xfc,0xfc,0xff,
    0xfb,0xfb,0xfb,0xff,0xfa,0xfa,0xfa,0xff,0xff,0xff,0xff,0xff,0xff,0xff,0xff,0xff,
    0xff,0xff,0xff,0xff,0xff,0xff,0xff,0xff,0xf4,0xf5,0xf4,0xfe,0x88,0x89,0x89,0xfd,
    0x37,0x30,0x28,0x97,0x7f,0x55,0x2a,0x0c,0x00,0x00,0x00,0x01,0xff,0x00,0x00,0x01,
    0x00,0x00,0x00,0x00,0x00,0x00,0x00,0x01,0x00,0x00,0x00,0x00,0x06,0x05,0x03,0x00,
    0x12,0x0f,0x08,0xd9,0xca,0xca,0xcb,0xff,0xff,0xff,0xff,0xfd,0xf9,0xfa,0xf9,0xff,
    0xfc,0xfb,0xfb,0xff,0xff,0xff,0xff,0xff,0xff,0xff,0xff,0xff,0xff,0xff,0xff,0xff,
    0xff,0xff,0xff,0xff,0xff,0xff,0xff,0xff,0xff,0xff,0xff,0xff,0xff,0xff,0xff,0xff,
    0xfc,0xfc,0xfc,0xff,0xfd,0xfd,0xfd,0xfe,0xe7,0xe7,0xe5,0xff,0x1d,0x1b,0x18,0xf8,
    0x3c,0x1e,0x00,0x11,0x00,0x00,0x00,0x00,0x00,0x00,0x00,0x02,0x00,0x00,0x00,0x00,
    0x00,0x00,0x00,0x00,0x00,0x00,0x00,0x01,0x00,0x00,0x00,0x00,0xff,0xdf,0x7f,0x08,
    0x1b,0x18,0x13,0xe9,0xd6,0xd7,0xd9,0xfe,0xff,0xff,0xff,0xfd,0xfb,0xfb,0xfb,0xff,
    0xfb,0xfa,0xfa,0xff,0x92,0x91,0x90,0xff,0x7d,0x7c,0x7c,0xff,0x96,0x96,0x96,0xff,
    0x9d,0x9d,0x9d,0xff,0x95,0x94,0x94,0xff,0x97,0x96,0x95,0xff,0xf7,0xf6,0xf6,0xff,
    0xff,0xff,0xff,0xff,0xff,0xff,0xff,0xfe,0xf4,0xf4,0xf3,0xfe,0x30,0x2e,0x2a,0xff,
    0x2e,0x21,0x0d,0x26,0x00,0x00,0x00,0x00,0x00,0x00,0x00,0x02,0x00,0x00,0x00,0x00,
    0x00,0x00,0x00,0x00,0x00,0x00,0x00,0x01,0x00,0x00,0x00,0x00,0xff,0xff,0xff,0x03,
    0x21,0x18,0x10,0xae,0x80,0x7f,0x7f,0xff,0xac,0xad,0xad,0xfe,0x7a,0x7a,0x7a,0xff,
    0x7e,0x7c,0x7c,0xff,0xc1,0xbf,0xbf,0xff,0xd7,0xd7,0xd7,0xff,0xc5,0xc6,0xc5,0xff,
    0xc9,0xc9,0xc9,0xff,0xbd,0xbc,0xbd,0xff,0xb2,0xb0,0xb0,0xff,0x80,0x7f,0x7e,0xff,
    0x76,0x76,0x75,0xff,0xa4,0xa3,0xa3,0xfe,0x9a,0x9a,0x9a,0xff,0x22,0x1e,0x18,0xc9,
    0x5f,0x4a,0x35,0x18,0x00,0x00,0x00,0x01,0x00,0x00,0x00,0x01,0x00,0x00,0x00,0x00,
    0x00,0x00,0x00,0x00,0x00,0x00,0x00,0x00,0x00,0x00,0x00,0x01,0x00,0x00,0x00,0x01,
    0xff,0xff,0xff,0x02,0x13,0x0b,0x03,0xc4,0x9e,0x9e,0x9d,0xff,0xe3,0xe3,0xe3,0xfd,
    0xd9,0xd9,0xd9,0xff,0xf9,0xf9,0xf9,0xff,0xff,0xff,0xff,0xff,0xff,0xff,0xff,0xff,
    0xff,0xff,0xff,0xff,0xff,0xff,0xff,0xff,0xff,0xff,0xff,0xff,0xd4,0xd5,0xd5,0xff,
    0xd7,0xd6,0xd6,0xfe,0xb8,0xb8,0xb8,0xff,0x28,0x23,0x1b,0xed,0x44,0x31,0x1d,0x1a,
    0x00,0x00,0x01,0x00,0x00,0x00,0x00,0x02,0x00,0x00,0x00,0x00,0x00,0x00,0x00,0x00,
    0x00,0x00,0x00,0x00,0x00,0x00,0x00,0x00,0x00,0x00,0x00,0x00,0x3f,0x3f,0x3f,0x04,
    0x00,0x00,0x55,0x03,0x29,0x18,0x08,0x5d,0xbe,0xbc,0xb9,0xff,0xff,0xff,0xff,0xfb,
    0xff,0xff,0xff,0xff,0x9c,0x9b,0x9b,0xff,0x75,0x74,0x75,0xff,0x9c,0x9b,0x9b,0xff,
    0x9e,0x9d,0x9c,0xff,0x92,0x91,0x90,0xff,0x96,0x95,0x95,0xff,0xfd,0xfd,0xfd,0xff,
    0xff,0xff,0xff,0xfb,0xd6,0xd6,0xd5,0xff,0x3a,0x2f,0x23,0x95,0xaa,0xaa,0xaa,0x03,
    0x33,0x00,0x00,0x05,0x00,0x00,0x00,0x00,0x00,0x00,0x00,0x00,0x00,0x00,0x00,0x00,
    0x00,0x00,0x00,0x00,0x00,0x00,0x00,0x00,0x00,0x00,0x00,0x00,0x00,0x00,0x00,0x03,
    0x00,0x00,0x00,0x00,0x15,0x0a,0x00,0x8f,0x40,0x40,0x3f,0xff,0x98,0x98,0x98,0xfb,
    0x94,0x94,0x94,0xff,0xcd,0xcd,0xcd,0xff,0xdb,0xdb,0xdb,0xff,0xd6,0xd5,0xd5,0xff,
    0xd3,0xd2,0xd0,0xff,0xc6,0xc5,0xc4,0xff,0xc1,0xc1,0xc1,0xff,0x9e,0x9d,0x9d,0xff,
    0xa6,0xa6,0xa6,0xfc,0x51,0x51,0x52,0xff,0x0a,0x07,0x00,0xad,0x00,0x00,0x00,0x00,
    0x00,0x00,0x00,0x01,0x00,0x00,0x00,0x00,0x00,0x00,0x00,0x00,0x00,0x00,0x00,0x00,
    0x00,0x00,0x00,0x00,0x00,0x00,0x00,0x00,0x00,0x00,0x00,0x01,0xff,0xff,0xff,0x01,
    0x4b,0x3e,0x2d,0x4e,0x4e,0x4a,0x46,0xf5,0x5d,0x5e,0x5e,0xfe,0xcf,0xcf,0xcf,0xfe,
    0xe0,0xe0,0xe0,0xff,0xfe,0xfe,0xfe,0xff,0xfc,0xfb,0xfc,0xff,0xcd,0xce,0xcf,0xff,
    0xcf,0xd0,0xd1,0xff,0xff,0xff,0xff,0xff,0xff,0xff,0xff,0xff,0xe0,0xe0,0xe0,0xff,
    0xdb,0xdb,0xdb,0xff,0x6a,0x6a,0x6b,0xff,0x59,0x58,0x55,0xf8,0x4b,0x45,0x38,0x5f,
    0x4c,0x33,0x19,0x0a,0x00,0x00,0x00,0x01,0x00,0x00,0x00,0x01,0x00,0x00,0x00,0x00,
    0x00,0x00,0x00,0x00,0x00,0x00,0x00,0x01,0x00,0x00,0x00,0x00,0xff,0xff,0xff,0x04,
    0x27,0x22,0x1b,0xe8,0xd7,0xd8,0xda,0xff,0xff,0xff,0xff,0xfd,0xff,0xff,0xff,0xff,
    0xff,0xff,0xff,0xff,0xf1,0xf1,0xf1,0xff,0xb2,0xb2,0xb3,0xff,0x8e,0x8f,0x90,0xff,
    0x96,0x97,0x98,0xff,0xaa,0xaa,0xaa,0xff,0xee,0xee,0xee,0xff,0xff,0xff,0xff,0xff,
    0xff,0xff,0xff,0xff,0xff,0xff,0xff,0xfe,0xfa,0xfc,0xfc,0xff,0x3a,0x38,0x34,0xff,
    0x2b,0x1d,0x07,0x23,0x00,0x00,0x00,0x00,0x7f,0x00,0x00,0x02,0x00,0x00,0x00,0x00,
    0x00,0x00,0x00,0x00,0x00,0x00,0x00,0x01,0x00,0x00,0x00,0x00,0xff,0xff,0xff,0x04,
    0x19,0x13,0x0c,0xe7,0xb8,0xb9,0xba,0xff,0xff,0xff,0xff,0xfa,0xff,0xff,0xff,0xfc,
    0xff,0xff,0xff,0xfc,0xff,0xff,0xff,0xfc,0xff,0xff,0xff,0xfc,0xff,0xff,0xff,0xfc,
    0xff,0xff,0xff,0xfc,0xff,0xff,0xff,0xfc,0xff,0xff,0xff,0xfc,0xff,0xff,0xff,0xfc,
    0xff,0xff,0xff,0xfc,0xff,0xff,0xff,0xfb,0xf6,0xf6,0xf8,0xfd,0x32,0x2f,0x2b,0xff,
    0x41,0x2b,0x15,0x23,0x00,0x00,0x00,0x00,0x7f,0x00,0x00,0x02,0x00,0x00,0x00,0x00,
    0x00,0x00,0x00,0x00,0x00,0x00,0x00,0x00,0x00,0x00,0x00,0x00,0xff,0xff,0x7f,0x02,
    0x25,0x18,0x0c,0x3e,0x5e,0x58,0x52,0xe1,0x66,0x66,0x65,0xff,0x62,0x62,0x60,0xff,
    0x63,0x62,0x61,0xff,0x64,0x64,0x62,0xff,0x66,0x65,0x64,0xff,0x67,0x65,0x64,0xff,
    0x66,0x65,0x64,0xff,0x69,0x68,0x67,0xff,0x66,0x66,0x65,0xff,0x66,0x65,0x64,0xff,
    0x65,0x65,0x63,0xff,0x66,0x66,0x65,0xff,0x61,0x60,0x5e,0xff,0x53,0x45,0x35,0x7d,
    0x5c,0x45,0x17,0x0b,0x00,0x00,0x00,0x01,0x00,0x00,0x00,0x01,0x00,0x00,0x00,0x00,
    0x00,0x00,0x00,0x00,0x00,0x00,0x00,0x00,0x00,0x00,0x00,0x00,0x00,0x00,0x00,0x01,
    0x00,0x01,0x01,0x00,0x3f,0x2f,0x19,0x50,0x1f,0x17,0x08,0x78,0x1c,0x13,0x04,0x76,
    0x1b,0x11,0x02,0x77,0x13,0x0a,0x00,0x77,0x17,0x0c,0x00,0x77,0x1b,0x13,0x04,0x77,
    0x17,0x0f,0x02,0x77,0x13,0x0a,0x00,0x77,0x13,0x0a,0x00,0x77,0x15,0x0c,0x00,0x77,
    0x17,0x0f,0x02,0x77,0x17,0x0f,0x00,0x77,0x1c,0x12,0x02,0x6c,0x00,0x00,0x00,0x00,
    0x00,0x00,0x00,0x00,0x00,0x00,0x00,0x01,0x00,0x00,0x00,0x00,0x00,0x00,0x00,0x00
};

const lv_image_dsc_t img_queen_white = {
    .header.magic = LV_IMAGE_HEADER_MAGIC,
    .header.cf = LV_COLOR_FORMAT_ARGB8888,
    .header.flags = 0,
    .header.w = 24,
    .header.h = 24,
    .header.stride = 96,
    .data_size = sizeof(img_queen_white_map),
    .data = img_queen_white_map,
};

#ifndef LV_ATTRIBUTE_IMAGE_IMG_KING_WHITE
#define LV_ATTRIBUTE_IMAGE_IMG_KING_WHITE
#endif

static const
LV_ATTRIBUTE_MEM_ALIGN LV_ATTRIBUTE_LARGE_CONST LV_ATTRIBUTE_IMAGE_IMG_KING_WHITE
uint8_t img_king_white_map[] = {
    0x00,0x00,0x00,0x00,0x00,0x00,0x00,0x00,0x00,0x00,0x00,0x00,0x00,0x00,0x00,0x00,
    0x00,0x00,0x00,0x00,0x00,0x00,0x00,0x00,0x00,0x00,0x00,0x00,0x00,0x00,0x00,0x00,
    0x00,0x00,0x00,0x01,0x00,0x00,0x00,0x00,0x47,0x2c,0x1a,0x39,0x1d,0x16,0x12,0x71,
    0x31,0x24,0x16,0x71,0x7f,0x48,0x2d,0x1c,0x00,0x00,0x00,0x00,0x00,0x00,0x00,0x02,
    0x00,0x00,0x00,0x00,0x00,0x00,0x00,0x00,0x00,0x00,0x00,0x00,0x00,0x00,0x00,0x00,
    0x00,0x00,0x00,0x00,0x00,0x00,0x00,0x00,0x00,0x00,0x00,0x00,0x00,0x00,0x00,0x00,
    0x00,0x00,0x00,0x00,0x00,0x00,0x00,0x00,0x00,0x00,0x00,0x00,0x00,0x00,0x00,0x00,
    0x00,0x00,0x00,0x00,0x00,0x00,0x00,0x00,0x00,0x00,0x00,0x00,0x00,0x00,0x00,0x00,
    0x7f,0x3f,0x1f,0x08,0x38,0x15,0x00,0x3b,0x00,0x00,0x00,0xbd,0xa2,0xa4,0xa4,0xff,
    0x73,0x72,0x70,0xff,0x00,0x00,0x00,0xa7,0x48,0x2b,0x14,0x58,0x7f,0x00,0x00,0x02,
    0x00,0x00,0x00,0x00,0x00,0x00,0x00,0x00,0x00,0x00,0x00,0x00,0x00,0x00,0x00,0x00,
    0x00,0x00,0x00,0x00,0x00,0x00,0x00,0x00,0x00,0x00,0x00,0x00,0x00,0x00,0x00,0x00,
    0x00,0x00,0x00,0x00,0x00,0x00,0x00,0x00,0x00,0x00,0x00,0x00,0x00,0x00,0x00,0x00,
    0x00,0x00,0x00,0x00,0x00,0x00,0x00,0x00,0xff,0x00,0x00,0x01,0x00,0x00,0x01,0x00,
    0x63,0x21,0x0b,0x17,0x40,0x32,0x29,0xff,0x8a,0x8b,0x8b,0xff,0xec,0xec,0xec,0xfb,
    0xd3,0xd5,0xd6,0xf9,0x79,0x79,0x78,0xff,0x16,0x12,0x0f,0xdc,0x01,0x00,0x00,0x00,
    0x00,0xff,0xff,0x01,0x00,0x00,0x00,0x00,0x00,0x00,0x00,0x00,0x00,0x00,0x00,0x00,
    0x00,0x00,0x00,0x00,0x00,0x00,0x00,0x00,0x00,0x00,0x00,0x00,0x00,0x00,0x00,0x00,
    0x00,0x00,0x00,0x00,0x00,0x00,0x00,0x00,0x00,0x00,0x00,0x00,0x00,0x00,0x00,0x00,
    0x3f,0x00,0x00,0x04,0x00,0x00,0x00,0x04,0x3f,0x00,0x00,0x04,0x00,0x7f,0x7f,0x02,
    0x22,0x00,0x00,0x0f,0x56,0x44,0x37,0xe7,0xb3,0xb5,0xb4,0xff,0xf2,0xf2,0xf2,0xfd,
    0xe4,0xe4,0xe4,0xfc,0x9a,0x9b,0x99,0xff,0x1d,0x15,0x10,0xce,0x01,0x01,0x00,0x00,
    0x55,0x55,0x55,0x03,0x3f,0x00,0x00,0x04,0x3f,0x00,0x00,0x04,0x3f,0x00,0x00,0x04,
    0x00,0x00,0x00,0x00,0x00,0x00,0x00,0x00,0x00,0x00,0x00,0x00,0x00,0x00,0x00,0x00,
    0x00,0x00,0x00,0x00,0x00,0x00,0x00,0x00,0x00,0x00,0x00,0x00,0x00,0x00,0x00,0x02,
    0x00,0x01,0x02,0x00,0x01,0x02,0x03,0x00,0x00,0x01,0x03,0x00,0x00,0x00,0x00,0x00,
    0x00,0x00,0x00,0x00,0xf0,0x78,0x0f,0x11,0x00,0x00,0x00,0xd0,0x93,0x95,0x96,0xfe,
    0x60,0x60,0x61,0xfe,0x00,0x00,0x00,0xa9,0x7f,0x47,0x27,0x20,0x24,0x00,0x00,0x07,
    0x00,0x00,0x00,0x00,0x00,0x02,0x03,0x00,0x01,0x02,0x03,0x00,0x00,0x01,0x02,0x00,
    0x00,0x00,0x00,0x02,0x00,0x00,0x00,0x00,0x00,0x00,0x00,0x00,0x00,0x00,0x00,0x00,
    0x00,0x00,0x00,0x00,0x7f,0x00,0x00,0x02,0x00,0x00,0x00,0x02,0x04,0x03,0x03,0x00,
    0x0f,0x00,0x00,0x52,0x00,0x00,0x00,0x57,0x1a,0x00,0x00,0x58,0xe2,0x71,0x1c,0x09,
    0xee,0x88,0x55,0x0f,0x2d,0x13,0x05,0x81,0x52,0x48,0x43,0xde,0x97,0x98,0x99,0xff,
    0x89,0x8a,0x8c,0xfd,0x3a,0x33,0x2f,0xc5,0x1f,0x0a,0x00,0x62,0x01,0x02,0x03,0x00,
    0x99,0x55,0x22,0x0f,0x11,0x00,0x00,0x57,0x05,0x00,0x00,0x57,0x22,0x00,0x00,0x52,
    0x04,0x03,0x03,0x00,0x00,0x00,0x00,0x02,0x00,0x00,0x00,0x01,0x00,0x00,0x00,0x00,
    0x7f,0x00,0x00,0x02,0x00,0x00,0x00,0x00,0x03,0x02,0x01,0x00,0x16,0x00,0x00,0x73,
    0x51,0x4c,0x47,0xff,0x5a,0x5a,0x59,0xff,0x65,0x5f,0x58,0xff,0x35,0x20,0x0f,0x95,
    0x12,0x00,0x00,0x7e,0x5b,0x54,0x4f,0xff,0xf4,0xf5,0xf5,0xff,0xff,0xff,0xff,0xff,
    0xff,0xff,0xff,0xfd,0xe2,0xe3,0xe2,0xff,0x3b,0x34,0x2e,0xfa,0x00,0x00,0x00,0x5e,
    0x27,0x18,0x0c,0x93,0x64,0x5e,0x59,0xff,0x62,0x61,0x60,0xff,0x5b,0x55,0x4e,0xff,
    0x3d,0x18,0x00,0x90,0x08,0x05,0x03,0x00,0x00,0x00,0x00,0x01,0x55,0x00,0x00,0x03,
    0x00,0x00,0x00,0x00,0x91,0x48,0x12,0x1c,0x39,0x1b,0x06,0xa4,0x5f,0x5d,0x5c,0xff,
    0xf0,0xf1,0xf2,0xfc,0xff,0xff,0xff,0xfb,0xff,0xff,0xff,0xfb,0x84,0x82,0x81,0xff,
    0x2f,0x2e,0x2e,0xff,0x5e,0x5e,0x5f,0xfb,0xff,0xff,0xff,0xfe,0xf6,0xf7,0xf7,0xff,
    0xf9,0xf9,0xf9,0xff,0xff,0xff,0xff,0xfd,0x3d,0x3e,0x3d,0xff,0x2f,0x2d,0x2d,0xff,
    0x86,0x86,0x85,0xff,0xff,0xff,0xff,0xfb,0xff,0xff,0xff,0xfb,0xeb,0xed,0xef,0xfc,
    0x5c,0x54,0x4c,0xff,0x33,0x14,0x00,0x9e,0x05,0x03,0x02,0x00,0x00,0x00,0x00,0x00,
    0x5d,0x31,0x13,0x34,0x24,0x0d,0x00,0xc2,0x52,0x50,0x4d,0xff,0xfd,0xff,0xff,0xfb,
    0xfe,0xfe,0xfe,0xff,0xf8,0xf8,0xf8,0xff,0xf8,0xf8,0xf8,0xff,0xff,0xff,0xff,0xfc,
    0x8f,0x8f,0x8f,0xfc,0x3d,0x3d,0x3e,0xff,0xff,0xff,0xff,0xff,0xf7,0xf7,0xf8,0xff,
    0xff,0xfe,0xff,0xff,0xfe,0xfe,0xfe,0xff,0x21,0x22,0x22,0xfe,0xb7,0xb8,0xb9,0xfb,
    0xff,0xff,0xff,0xfc,0xf9,0xf9,0xf8,0xff,0xf8,0xf9,0xf8,0xff,0xfe,0xfd,0xfd,0xff,
    0xe8,0xeb,0xeb,0xfc,0x35,0x32,0x2f,0xff,0x15,0x05,0x00,0x83,0x61,0x3c,0x1e,0x2a,
    0x2a,0x0e,0x04,0x6d,0x35,0x32,0x30,0xff,0xf5,0xf7,0xf8,0xf8,0xfc,0xfc,0xfc,0xff,
    0xfc,0xfb,0xfc,0xff,0xfd,0xfd,0xfe,0xff,0xfc,0xfc,0xfc,0xff,0xf9,0xfa,0xfa,0xff,
    0xd8,0xd8,0xd7,0xff,0x72,0x73,0x73,0xff,0x70,0x70,0x71,0xff,0xff,0xff,0xff,0xff,
    0xe5,0xe4,0xe5,0xff,0x65,0x64,0x64,0xff,0xa7,0xa7,0xa7,0xff,0xf1,0xf1,0xf1,0xff,
    0xfb,0xfb,0xfb,0xff,0xfe,0xfe,0xfd,0xff,0xfd,0xfd,0xfd,0xff,0xf9,0xf9,0xf9,0xff,
    0xff,0xfe,0xfe,0xff,0xe2,0xe4,0xe4,0xf8,0x2b,0x2a,0x26,0xff,0x41,0x20,0x09,0x6d,
    0x19,0x00,0x00,0x64,0x5a,0x58,0x56,0xfc,0xff,0xff,0xff,0xfc,0xfa,0xfa,0xfa,0xff,
    0xfe,0xfe,0xfe,0xff,0xfe,0xfe,0xfe,0xff,0xfd,0xfd,0xfd,0xff,0xf9,0xf9,0xf9,0xff,
    0xff,0xff,0xff,0xff,0xa2,0xa3,0xa3,0xff,0x27,0x27,0x28,0xff,0xf9,0xf9,0xf9,0xff,
    0xcc,0xcc,0xcc,0xff,0x1e,0x1d,0x1d,0xff,0xf8,0xf8,0xf9,0xff,0xff,0xff,0xff,0xff,
    0xfc,0xfc,0xfc,0xff,0xfd,0xfd,0xfd,0xff,0xfd,0xfd,0xfd,0xff,0xfd,0xfd,0xfd,0xff,
    0xfb,0xfb,0xfb,0xff,0xff,0xff,0xff,0xfc,0x48,0x47,0x44,0xfb,0x33,0x11,0x00,0x64,
    0x18,0x00,0x00,0x67,0x54,0x54,0x52,0xff,0xff,0xff,0xff,0xfc,0xfa,0xfa,0xf9,0xff,
    0xfc,0xfc,0xfc,0xff,0xfd,0xfd,0xfd,0xff,0xfd,0xfd,0xfd,0xff,0xfc,0xfc,0xfc,0xff,
    0xfb,0xfb,0xfb,0xff,0xec,0xed,0xec,0xff,0xaa,0xaa,0xaa,0xff,0x26,0x26,0x26,0xff,
    0x31,0x31,0x30,0xff,0xbe,0xbe,0xbd,0xff,0xf8,0xf8,0xf8,0xff,0xfb,0xfb,0xfb,0xff,
    0xfd,0xfd,0xfd,0xff,0xfd,0xfc,0xfc,0xff,0xfe,0xfe,0xfe,0xff,0xfd,0xfd,0xfd,0xff,
    0xff,0xff,0xff,0xff,0xff,0xff,0xff,0xfb,0x40,0x40,0x3e,0xff,0x27,0x09,0x00,0x67,
    0x2b,0x0c,0x02,0x63,0x3b,0x37,0x32,0xfc,0xb7,0xb9,0xba,0xfd,0xfa,0xf9,0xf9,0xfe,
    0xfb,0xfb,0xfc,0xff,0xfb,0xfb,0xfb,0xff,0xfc,0xfc,0xfc,0xff,0xfc,0xfc,0xfd,0xff,
    0xff,0xff,0xff,0xff,0xff,0xff,0xff,0xff,0xff,0xff,0xff,0xff,0x2b,0x2b,0x2b,0xff,
    0x54,0x54,0x55,0xff,0xff,0xff,0xff,0xff,0xff,0xff,0xff,0xff,0xfc,0xfc,0xfc,0xff,
    0xfb,0xfb,0xfb,0xff,0xfd,0xfc,0xfc,0xff,0xfc,0xfc,0xfc,0xff,0xff,0xff,0xff,0xff,
    0xfa,0xfa,0xfa,0xfd,0x96,0x97,0x98,0xfe,0x24,0x1b,0x15,0xfa,0x4d,0x26,0x0c,0x63,
    0x6a,0x3f,0x2a,0x0c,0x1c,0x05,0x00,0x63,0x14,0x0f,0x0c,0xfd,0xc2,0xc7,0xc9,0xfe,
    0xff,0xff,0xff,0xfe,0xff,0xff,0xff,0xff,0xff,0xff,0xff,0xff,0xff,0xff,0xff,0xff,
    0xfa,0xfb,0xfa,0xff,0xe0,0xdf,0xdf,0xff,0xea,0xea,0xe9,0xff,0x3a,0x3b,0x3b,0xff,
    0x65,0x65,0x65,0xff,0xef,0xef,0xf0,0xff,0xeb,0xeb,0xeb,0xff,0xff,0xff,0xff,0xff,
    0xff,0xff,0xff,0xff,0xff,0xff,0xff,0xff,0xff,0xff,0xff,0xff,0xf4,0xf4,0xf4,0xfe,
    0x9b,0x9b,0x9c,0xff,0x10,0x04,0x00,0xf7,0x4f,0x21,0x00,0x3d,0xaa,0x6a,0x2a,0x0c,
    0x00,0x00,0x00,0x01,0xbf,0x7f,0x3f,0x04,0x46,0x26,0x10,0x7e,0x20,0x19,0x14,0xf9,
    0xaa,0xad,0xaf,0xfe,0xdf,0xdf,0xdf,0xff,0xd6,0xd6,0xd6,0xff,0xd8,0xd9,0xd9,0xff,
    0xb5,0xb5,0xb5,0xff,0x78,0x76,0x76,0xff,0x7e,0x7d,0x7d,0xff,0x73,0x73,0x73,0xff,
    0x7a,0x7a,0x7a,0xff,0x86,0x86,0x86,0xff,0x86,0x84,0x85,0xff,0xc8,0xc7,0xc8,0xff,
    0xd8,0xd8,0xd9,0xff,0xd8,0xd8,0xd8,0xff,0xdf,0xe0,0xe0,0xfe,0x75,0x78,0x7b,0xff,
    0x10,0x04,0x00,0xd8,0x90,0x5e,0x31,0x2e,0x01,0x01,0x01,0x00,0x00,0x00,0x00,0x00,
    0x00,0x00,0x00,0x01,0x00,0x00,0x00,0x03,0xff,0xff,0x7f,0x02,0x53,0x2a,0x0a,0x77,
    0x1b,0x0d,0x04,0xf5,0x56,0x56,0x57,0xfc,0x8f,0x8e,0x8e,0xff,0x7e,0x7f,0x7e,0xff,
    0xb2,0xb2,0xb3,0xff,0xff,0xff,0xff,0xff,0xf8,0xf8,0xf8,0xff,0xfb,0xfa,0xfb,0xff,
    0xf9,0xf9,0xf9,0xff,0xf5,0xf5,0xf5,0xff,0xf0,0xf0,0xf1,0xff,0x90,0x90,0x92,0xff,
    0x7f,0x7e,0x7f,0xff,0x8a,0x89,0x8a,0xff,0x3c,0x3d,0x3c,0xfd,0x20,0x0f,0x02,0xf2,
    0x68,0x32,0x12,0x38,0x00,0x00,0x00,0x00,0x55,0x00,0x00,0x03,0x00,0x00,0x00,0x01,
    0x00,0x00,0x00,0x00,0x00,0x00,0x00,0x01,0x00,0x00,0x00,0x03,0xff,0xff,0xff,0x05,
    0x1a,0x0b,0x02,0x72,0x5f,0x5c,0x5a,0xff,0xff,0xff,0xff,0xfb,0xfc,0xfd,0xfc,0xff,
    0xf6,0xf6,0xf6,0xff,0xef,0xef,0xef,0xff,0xf7,0xf7,0xf7,0xff,0xff,0xff,0xff,0xff,
    0xff,0xff,0xff,0xff,0xff,0xff,0xff,0xff,0xff,0xff,0xff,0xff,0xfe,0xfe,0xfe,0xff,
    0xfe,0xfe,0xfe,0xff,0xf8,0xf9,0xf9,0xfe,0x35,0x33,0x30,0xff,0x40,0x1a,0x07,0x43,
    0xcc,0x99,0x66,0x05,0x3f,0x00,0x00,0x04,0x00,0x00,0x00,0x00,0x00,0x00,0x00,0x00,
    0x00,0x00,0x00,0x00,0x00,0x00,0x00,0x00,0x00,0x00,0x00,0x04,0x00,0x01,0x03,0x00,
    0x00,0x00,0x04,0x67,0x5e,0x5c,0x5a,0xff,0xff,0xff,0xff,0xfb,0xf8,0xf8,0xf8,0xff,
    0xbb,0xba,0xba,0xff,0x71,0x6f,0x6f,0xff,0x89,0x89,0x88,0xff,0x99,0x98,0x99,0xff,
    0x9d,0x9c,0x9d,0xff,0x99,0x99,0x98,0xff,0x99,0x99,0x99,0xff,0xf3,0xf3,0xf4,0xff,
    0xff,0xff,0xff,0xff,0xff,0xff,0xff,0xfe,0x3c,0x39,0x36,0xff,0x00,0x00,0x00,0x35,
    0x00,0x01,0x01,0x00,0x00,0x00,0x00,0x03,0x00,0x00,0x00,0x00,0x00,0x00,0x00,0x00,
    0x00,0x00,0x00,0x00,0x00,0x00,0x00,0x00,0x00,0x00,0x00,0x04,0x02,0x01,0x01,0x00,
    0x05,0x00,0x00,0x60,0x05,0x04,0x04,0xff,0x77,0x78,0x78,0xfb,0x9d,0x9d,0x9d,0xff,
    0xb9,0xb8,0xb8,0xff,0xee,0xed,0xee,0xff,0xea,0xea,0xea,0xff,0xe6,0xe6,0xe6,0xff,
    0xde,0xdd,0xde,0xff,0xd8,0xd8,0xd8,0xff,0xd9,0xd8,0xd8,0xff,0xb2,0xb2,0xb2,0xff,
    0xa9,0xa8,0xa7,0xff,0x6d,0x6e,0x6e,0xfe,0x0b,0x08,0x06,0xff,0x11,0x00,0x00,0x2b,
    0x00,0x01,0x01,0x00,0x00,0x00,0x00,0x03,0x00,0x00,0x00,0x00,0x00,0x00,0x00,0x00,
    0x00,0x00,0x00,0x00,0x55,0x00,0x00,0x03,0x00,0xff,0xff,0x01,0x31,0x16,0x09,0x4e,
    0x47,0x3d,0x34,0xcf,0x82,0x82,0x83,0xfc,0xdc,0xdc,0xdc,0xfe,0xf6,0xf6,0xf6,0xff,
    0xf9,0xf9,0xf9,0xff,0xff,0xff,0xff,0xff,0xff,0xff,0xff,0xff,0xff,0xff,0xff,0xff,
    0xff,0xff,0xff,0xff,0xff,0xff,0xff,0xff,0xff,0xff,0xff,0xff,0xc9,0xc9,0xc9,0xff,
    0xb8,0xb8,0xb7,0xff,0x91,0x92,0x92,0xff,0x70,0x70,0x6f,0xfe,0x48,0x31,0x22,0xbf,
    0x45,0x1c,0x05,0x2c,0x00,0x00,0xff,0x01,0x7f,0x00,0x00,0x02,0x00,0x00,0x00,0x00,
    0x00,0x00,0x00,0x00,0x00,0x00,0x00,0x04,0x03,0x03,0x03,0x00,0x00,0x00,0x00,0x78,
    0x71,0x73,0x75,0xff,0xff,0xff,0xff,0xfa,0xfe,0xfe,0xfe,0xff,0xfe,0xfe,0xfe,0xff,
    0xfd,0xfd,0xfd,0xff,0xfa,0xfa,0xfa,0xff,0xfa,0xfa,0xfa,0xff,0xf9,0xf9,0xfa,0xff,
    0xf9,0xf9,0xf9,0xff,0xf9,0xf9,0xf9,0xff,0xf8,0xf8,0xf8,0xff,0xff,0xff,0xff,0xff,
    0xff,0xff,0xff,0xff,0xff,0xff,0xff,0xff,0xff,0xff,0xff,0xfc,0x3e,0x3d,0x3c,0xff,
    0x0b,0x00,0x00,0x43,0x00,0x01,0x02,0x00,0x55,0x00,0x00,0x03,0x00,0x00,0x00,0x00,
    0x00,0x00,0x00,0x00,0x00,0x00,0x00,0x04,0x01,0x01,0x01,0x00,0x14,0x0c,0x06,0x7a,
    0x31,0x2d,0x2a,0xff,0xa3,0xa2,0xa2,0xfd,0xff,0xff,0xff,0xfc,0xff,0xff,0xff,0xfc,
    0xff,0xff,0xff,0xfc,0xff,0xff,0xff,0xfc,0xff,0xff,0xff,0xfc,0xff,0xff,0xff,0xfc,
    0xff,0xff,0xff,0xfc,0xff,0xff,0xff,0xfc,0xff,0xff,0xff,0xfc,0xff,0xff,0xff,0xfc,
    0xff,0xff,0xff,0xfc,0xff,0xff,0xff,0xfc,0x85,0x85,0x85,0xff,0x1f,0x1b,0x19,0xff,
    0x26,0x0f,0x03,0x42,0x00,0x00,0x01,0x00,0x55,0x00,0x00,0x03,0x00,0x00,0x00,0x00,
    0x00,0x00,0x00,0x00,0x7f,0x00,0x00,0x02,0x00,0x00,0x00,0x00,0x5f,0x32,0x14,0x33,
    0x3c,0x12,0x00,0x6e,0x24,0x1a,0x11,0xe7,0x58,0x57,0x55,0xff,0x58,0x55,0x53,0xff,
    0x58,0x56,0x55,0xff,0x59,0x57,0x56,0xff,0x59,0x57,0x56,0xff,0x59,0x56,0x55,0xff,
    0x59,0x57,0x56,0xff,0x5b,0x58,0x56,0xff,0x5c,0x59,0x57,0xff,0x5a,0x58,0x56,0xff,
    0x5a,0x58,0x55,0xff,0x53,0x52,0x51,0xff,0x11,0x06,0x00,0xbe,0x0c,0x00,0x00,0x3f,
    0x50,0x28,0x0d,0x13,0x00,0x00,0x00,0x00,0x00,0x00,0x00,0x01,0x00,0x00,0x00,0x00,
    0x00,0x00,0x00,0x00,0x00,0x00,0x00,0x00,0x00,0x00,0x00,0x00,0x00,0x00,0x00,0x00,
    0x00,0x00,0x01,0x00,0x3d,0x1e,0x06,0x53,0x0f,0x00,0x00,0x71,0x0d,0x00,0x00,0x70,
    0x09,0x00,0x00,0x71,0x09,0x00,0x00,0x71,0x06,0x00,0x00,0x71,0x04,0x00,0x00,0x71,
    0x09,0x00,0x00,0x71,0x0f,0x00,0x00,0x71,0x12,0x00,0x00,0x71,0x12,0x00,0x00,0x71,
    0x0d,0x00,0x00,0x6f,0x12,0x00,0x00,0x71,0x53,0x30,0x11,0x3a,0x00,0x01,0x01,0x00,
    0x00,0x00,0x00,0x00,0x00,0x00,0x00,0x00,0x00,0x00,0x00,0x00,0x00,0x00,0x00,0x00
};

const lv_image_dsc_t img_king_white = {
    .header.magic = LV_IMAGE_HEADER_MAGIC,
    .header.cf = LV_COLOR_FORMAT_ARGB8888,
    .header.flags = 0,
    .header.w = 24,
    .header.h = 24,
    .header.stride = 96,
    .data_size = sizeof(img_king_white_map),
    .data = img_king_white_map,
};

#ifndef LV_ATTRIBUTE_IMAGE_IMG_PAWN_BLACK
#define LV_ATTRIBUTE_IMAGE_IMG_PAWN_BLACK
#endif

static const
LV_ATTRIBUTE_MEM_ALIGN LV_ATTRIBUTE_LARGE_CONST LV_ATTRIBUTE_IMAGE_IMG_PAWN_BLACK
uint8_t img_pawn_black_map[] = {
    0x00,0x00,0x00,0x00,0x00,0x00,0x00,0x00,0x00,0x00,0x00,0x00,0x00,0x00,0x00,0x00,
    0x00,0x00,0x00,0x00,0x00,0x00,0x00,0x00,0x00,0x00,0x00,0x00,0x3f,0x3f,0x00,0x04,
    0x00,0x00,0x00,0x00,0xad,0x5c,0x17,0x16,0x34,0x1b,0x08,0x5d,0x1e,0x10,0x05,0x5b,
    0x1e,0x0d,0x02,0x5d,0x2e,0x17,0x05,0x58,0x00,0x00,0x00,0x00,0x00,0x00,0x00,0x00,
    0x00,0x00,0x00,0x03,0x00,0x00,0x00,0x00,0x00,0x00,0x00,0x00,0x00,0x00,0x00,0x00,
    0x00,0x00,0x00,0x00,0x00,0x00,0x00,0x00,0x00,0x00,0x00,0x00,0x00,0x00,0x00,0x00,
    0x00,0x00,0x00,0x00,0x00,0x00,0x00,0x00,0x00,0x00,0x00,0x00,0x00,0x00,0x00,0x00,
    0x00,0x00,0x00,0x00,0x00,0x00,0x00,0x00,0x00,0x00,0x00,0x00,0x00,0x00,0x00,0x00,
    0x5f,0x2f,0x0f,0x20,0x49,0x26,0x0b,0x83,0x14,0x0a,0x03,0xff,0x05,0x04,0x03,0xff,
    0x05,0x05,0x04,0xff,0x15,0x0e,0x06,0xff,0x50,0x29,0x0b,0x5c,0x99,0x4c,0x00,0x0a,
    0x00,0x00,0x00,0x00,0x00,0x00,0x00,0x00,0x00,0x00,0x00,0x00,0x00,0x00,0x00,0x00,
    0x00,0x00,0x00,0x00,0x00,0x00,0x00,0x00,0x00,0x00,0x00,0x00,0x00,0x00,0x00,0x00,
    0x00,0x00,0x00,0x00,0x00,0x00,0x00,0x00,0x00,0x00,0x00,0x00,0x00,0x00,0x00,0x00,
    0x00,0x00,0x00,0x00,0x00,0x00,0x00,0x00,0x33,0x19,0x00,0x0a,0x37,0x18,0x06,0x29,
    0x30,0x17,0x07,0xad,0x07,0x03,0x02,0xff,0x00,0x00,0x01,0xf9,0x01,0x05,0x05,0xfd,
    0x01,0x07,0x07,0xfc,0x00,0x07,0x08,0xfb,0x17,0x0f,0x09,0xff,0x3d,0x1d,0x07,0x67,
    0x3e,0x18,0x06,0x29,0x71,0x1c,0x00,0x09,0x00,0x00,0x00,0x00,0x00,0x00,0x00,0x00,
    0x00,0x00,0x00,0x00,0x00,0x00,0x00,0x00,0x00,0x00,0x00,0x00,0x00,0x00,0x00,0x00,
    0x00,0x00,0x00,0x00,0x00,0x00,0x00,0x00,0x00,0x00,0x00,0x00,0x00,0x00,0x00,0x00,
    0x00,0x00,0x00,0x02,0x00,0x00,0x00,0x00,0x3c,0x1e,0x0c,0x2a,0x10,0x08,0x03,0xfe,
    0x02,0x03,0x03,0xfd,0x00,0x05,0x05,0xfe,0x01,0x05,0x06,0xff,0x01,0x06,0x06,0xff,
    0x01,0x06,0x06,0xff,0x01,0x06,0x07,0xff,0x01,0x06,0x07,0xfc,0x04,0x03,0x02,0xfd,
    0x14,0x0a,0x03,0xfe,0x55,0x2a,0x0c,0x2a,0x00,0x00,0x00,0x00,0x7f,0x00,0x00,0x02,
    0x00,0x00,0x00,0x00,0x00,0x00,0x00,0x00,0x00,0x00,0x00,0x00,0x00,0x00,0x00,0x00,
    0x00,0x00,0x00,0x00,0x00,0x00,0x00,0x00,0x00,0x00,0x00,0x00,0x00,0x00,0x00,0x00,
    0x00,0x00,0x00,0x02,0x00,0x00,0x00,0x00,0x3c,0x21,0x05,0x2e,0x11,0x0a,0x04,0xff,
    0x01,0x04,0x04,0xff,0x01,0x06,0x07,0xff,0x02,0x07,0x07,0xff,0x01,0x06,0x06,0xff,
    0x00,0x05,0x06,0xff,0x01,0x04,0x04,0xff,0x00,0x01,0x01,0xff,0x03,0x02,0x00,0xff,
    0x14,0x0a,0x04,0xff,0x4f,0x27,0x0b,0x2d,0x00,0x00,0x00,0x00,0x7f,0x00,0x00,0x02,
    0x00,0x00,0x00,0x00,0x00,0x00,0x00,0x00,0x00,0x00,0x00,0x00,0x00,0x00,0x00,0x00,
    0x00,0x00,0x00,0x00,0x00,0x00,0x00,0x00,0x00,0x00,0x00,0x00,0x00,0x00,0x00,0x00,
    0x00,0x00,0x00,0x01,0x7f,0x00,0x00,0x02,0x48,0x00,0x00,0x07,0x39,0x20,0x10,0x3e,
    0x31,0x1a,0x0a,0xaf,0x05,0x05,0x04,0xff,0x00,0x05,0x05,0xfc,0x01,0x05,0x05,0xff,
    0x00,0x04,0x04,0xff,0x00,0x01,0x02,0xfd,0x0d,0x06,0x02,0xff,0x37,0x1c,0x0b,0x73,
    0x31,0x18,0x08,0x3e,0x66,0x19,0x00,0x0a,0x7f,0x00,0x00,0x02,0x00,0x00,0x00,0x01,
    0x00,0x00,0x00,0x00,0x00,0x00,0x00,0x00,0x00,0x00,0x00,0x00,0x00,0x00,0x00,0x00,
    0x00,0x00,0x00,0x00,0x00,0x00,0x00,0x00,0x00,0x00,0x00,0x00,0x00,0x00,0x00,0x00,
    0x00,0x00,0x00,0x00,0x00,0x00,0x00,0x00,0x67,0x30,0x0d,0x25,0x61,0x34,0x0f,0x22,
    0x43,0x1f,0x09,0xa2,0x06,0x04,0x03,0xff,0x00,0x04,0x04,0xfc,0x01,0x04,0x04,0xff,
    0x01,0x03,0x04,0xff,0x00,0x00,0x01,0xfc,0x11,0x09,0x03,0xff,0x5c,0x30,0x12,0x5e,
    0x7f,0x43,0x16,0x22,0x78,0x35,0x0d,0x13,0x00,0x00,0x00,0x00,0x00,0x00,0x00,0x00,
    0x00,0x00,0x00,0x00,0x00,0x00,0x00,0x00,0x00,0x00,0x00,0x00,0x00,0x00,0x00,0x00,
    0x00,0x00,0x00,0x00,0x00,0x00,0x00,0x00,0x00,0x00,0x00,0x00,0x00,0x00,0x00,0x00,
    0x73,0x2e,0x17,0x0b,0x9e,0x46,0x11,0x1d,0x3a,0x1d,0x09,0xcd,0x12,0x0a,0x04,0xff,
    0x0a,0x07,0x05,0xff,0x00,0x04,0x06,0xff,0x01,0x04,0x05,0xff,0x01,0x04,0x04,0xff,
    0x00,0x03,0x04,0xff,0x00,0x02,0x03,0xff,0x01,0x03,0x03,0xff,0x0d,0x0b,0x08,0xff,
    0x1b,0x11,0x07,0xff,0x42,0x22,0x09,0x86,0x83,0x3d,0x11,0x1d,0x75,0x3a,0x13,0x0d,
    0x00,0x00,0x00,0x00,0x00,0x00,0x00,0x00,0x00,0x00,0x00,0x00,0x00,0x00,0x00,0x00,
    0x00,0x00,0x00,0x00,0x00,0x00,0x00,0x00,0x00,0x00,0x00,0x04,0x00,0x00,0x00,0x00,
    0x2c,0x16,0x06,0x51,0x1c,0x0e,0x04,0xf9,0x09,0x07,0x05,0xf9,0x00,0x02,0x04,0xfe,
    0x00,0x04,0x05,0xff,0x00,0x04,0x05,0xff,0x00,0x04,0x04,0xff,0x00,0x04,0x05,0xff,
    0x00,0x04,0x04,0xff,0x00,0x04,0x05,0xff,0x00,0x04,0x05,0xff,0x00,0x04,0x06,0xfe,
    0x00,0x04,0x07,0xfe,0x0b,0x08,0x06,0xf7,0x23,0x11,0x05,0xf9,0x55,0x28,0x0c,0x51,
    0x00,0x00,0x00,0x00,0x3f,0x00,0x00,0x04,0x00,0x00,0x00,0x00,0x00,0x00,0x00,0x00,
    0x00,0x00,0x00,0x00,0x00,0x00,0x00,0x00,0x00,0x00,0x00,0x04,0x00,0x00,0x00,0x00,
    0x12,0x09,0x03,0x53,0x00,0x02,0x03,0xff,0x00,0x03,0x04,0xfb,0x01,0x05,0x05,0xff,
    0x00,0x04,0x05,0xff,0x00,0x04,0x05,0xff,0x00,0x04,0x05,0xff,0x01,0x04,0x05,0xff,
    0x00,0x04,0x05,0xff,0x00,0x04,0x05,0xff,0x01,0x04,0x05,0xff,0x01,0x05,0x05,0xff,
    0x02,0x05,0x05,0xff,0x00,0x00,0x04,0xfb,0x0b,0x06,0x03,0xff,0x49,0x24,0x09,0x53,
    0x00,0x00,0x00,0x00,0x3f,0x00,0x00,0x04,0x00,0x00,0x00,0x00,0x00,0x00,0x00,0x00,
    0x00,0x00,0x00,0x00,0x00,0x00,0x00,0x00,0x00,0x00,0x00,0x04,0x00,0x00,0x00,0x00,
    0x23,0x11,0x05,0x56,0x13,0x0c,0x06,0xff,0x02,0x05,0x05,0xfa,0x00,0x04,0x06,0xfc,
    0x01,0x05,0x05,0xff,0x01,0x05,0x05,0xff,0x00,0x04,0x04,0xff,0x01,0x04,0x05,0xff,
    0x01,0x04,0x05,0xff,0x01,0x04,0x05,0xff,0x01,0x04,0x05,0xff,0x01,0x04,0x05,0xff,
    0x00,0x03,0x04,0xfc,0x07,0x06,0x04,0xfe,0x20,0x12,0x07,0xff,0x53,0x2c,0x0e,0x56,
    0x00,0x00,0x00,0x00,0x3f,0x3f,0x00,0x04,0x00,0x00,0x00,0x00,0x00,0x00,0x00,0x00,
    0x00,0x00,0x00,0x00,0x00,0x00,0x00,0x00,0x00,0x00,0x00,0x01,0x00,0x00,0x00,0x00,
    0x55,0x30,0x0c,0x15,0x5b,0x32,0x10,0x3d,0x25,0x16,0x08,0xde,0x07,0x06,0x05,0xff,
    0x01,0x04,0x06,0xfc,0x01,0x05,0x05,0xff,0x00,0x05,0x05,0xff,0x01,0x04,0x05,0xff,
    0x00,0x04,0x05,0xff,0x00,0x05,0x05,0xff,0x01,0x05,0x05,0xff,0x00,0x04,0x06,0xfc,
    0x0e,0x0a,0x05,0xff,0x3b,0x20,0x08,0x9e,0x60,0x32,0x10,0x3d,0x6e,0x37,0x0b,0x17,
    0x00,0x00,0x00,0x00,0x00,0x00,0x00,0x01,0x00,0x00,0x00,0x00,0x00,0x00,0x00,0x00,
    0x00,0x00,0x00,0x00,0x00,0x00,0x00,0x00,0x00,0x00,0x00,0x00,0x00,0x00,0x00,0x00,
    0x00,0x00,0x00,0x00,0x00,0x00,0x00,0x00,0x5d,0x34,0x14,0x31,0x38,0x1c,0x09,0x6d,
    0x09,0x06,0x04,0xfe,0x00,0x04,0x04,0xfe,0x00,0x05,0x05,0xff,0x00,0x04,0x05,0xff,
    0x00,0x04,0x05,0xff,0x01,0x05,0x06,0xff,0x00,0x03,0x04,0xfe,0x10,0x0a,0x05,0xfe,
    0x51,0x2e,0x10,0x6d,0x93,0x50,0x1a,0x13,0x00,0x00,0x00,0x00,0x00,0x00,0x00,0x00,
    0x00,0x00,0x00,0x00,0x00,0x00,0x00,0x00,0x00,0x00,0x00,0x00,0x00,0x00,0x00,0x00,
    0x00,0x00,0x00,0x00,0x00,0x00,0x00,0x00,0x00,0x00,0x00,0x00,0x00,0x00,0x00,0x00,
    0x00,0x00,0x00,0x00,0x00,0x00,0x00,0x00,0x33,0x1b,0x04,0x37,0x2d,0x18,0x06,0x71,
    0x09,0x06,0x05,0xfe,0x00,0x04,0x05,0xfe,0x01,0x05,0x05,0xff,0x01,0x04,0x05,0xff,
    0x00,0x04,0x05,0xff,0x01,0x05,0x06,0xff,0x00,0x03,0x04,0xfe,0x10,0x0b,0x06,0xfe,
    0x3a,0x21,0x0d,0x71,0x57,0x2d,0x10,0x3d,0x00,0x00,0x00,0x00,0x00,0x00,0x00,0x00,
    0x00,0x00,0x00,0x00,0x00,0x00,0x00,0x00,0x00,0x00,0x00,0x00,0x00,0x00,0x00,0x00,
    0x00,0x00,0x00,0x00,0x00,0x00,0x00,0x00,0x7f,0x00,0x00,0x02,0x55,0x00,0x00,0x03,
    0x69,0x2d,0x0f,0x11,0x91,0x48,0x0c,0x15,0x1c,0x0f,0x04,0xd6,0x05,0x05,0x03,0xff,
    0x00,0x04,0x05,0xfc,0x01,0x05,0x06,0xff,0x01,0x05,0x06,0xff,0x00,0x05,0x06,0xff,
    0x00,0x04,0x05,0xff,0x01,0x05,0x05,0xff,0x00,0x05,0x06,0xff,0x00,0x05,0x06,0xfc,
    0x06,0x05,0x03,0xff,0x35,0x1c,0x08,0xd5,0x79,0x3c,0x0c,0x15,0x5c,0x2e,0x00,0x0b,
    0x55,0x00,0x00,0x03,0x00,0x00,0x00,0x01,0x00,0x00,0x00,0x00,0x00,0x00,0x00,0x00,
    0x00,0x00,0x00,0x00,0x7f,0x00,0x00,0x02,0x00,0x00,0x00,0x00,0x00,0x00,0x00,0x00,
    0x55,0x2c,0x0d,0x95,0x18,0x0c,0x05,0xf2,0x05,0x06,0x04,0xf5,0x00,0x03,0x05,0xfc,
    0x01,0x05,0x06,0xff,0x01,0x05,0x05,0xff,0x00,0x05,0x05,0xff,0x01,0x05,0x05,0xff,
    0x00,0x04,0x05,0xff,0x00,0x05,0x05,0xff,0x00,0x04,0x05,0xff,0x01,0x05,0x06,0xff,
    0x00,0x04,0x05,0xfc,0x03,0x03,0x02,0xf5,0x1f,0x0f,0x04,0xf2,0x72,0x3b,0x12,0x45,
    0x00,0x00,0x00,0x00,0x55,0x55,0x00,0x03,0x7f,0x00,0x00,0x02,0x00,0x00,0x00,0x00,
    0x00,0x00,0x00,0x01,0x00,0x00,0x00,0x00,0x64,0x36,0x0f,0x21,0x3e,0x1d,0x0b,0x45,
    0x34,0x1d,0x0c,0xbc,0x01,0x05,0x05,0xff,0x00,0x04,0x05,0xfd,0x01,0x06,0x06,0xff,
    0x01,0x06,0x06,0xff,0x01,0x05,0x05,0xff,0x01,0x05,0x05,0xff,0x01,0x05,0x05,0xff,
    0x00,0x05,0x05,0xff,0x01,0x05,0x05,0xff,0x01,0x05,0x05,0xff,0x01,0x04,0x05,0xff,
    0x01,0x05,0x06,0xff,0x00,0x03,0x04,0xfd,0x0e,0x0a,0x05,0xff,0x3e,0x21,0x0b,0x82,
    0x3e,0x1d,0x07,0x45,0x55,0x38,0x00,0x09,0x00,0x00,0x00,0x00,0x00,0x00,0x00,0x00,
    0x66,0x33,0x00,0x05,0x71,0x38,0x0e,0x24,0x56,0x2c,0x0e,0x9f,0x12,0x09,0x04,0xff,
    0x02,0x05,0x05,0xff,0x01,0x06,0x06,0xfe,0x01,0x06,0x06,0xff,0x01,0x06,0x06,0xff,
    0x01,0x05,0x06,0xff,0x01,0x05,0x06,0xff,0x01,0x06,0x06,0xff,0x01,0x05,0x05,0xff,
    0x01,0x05,0x05,0xff,0x01,0x04,0x05,0xff,0x00,0x04,0x04,0xff,0x01,0x05,0x06,0xff,
    0x00,0x05,0x06,0xff,0x01,0x06,0x06,0xff,0x02,0x06,0x07,0xfe,0x04,0x07,0x06,0xff,
    0x13,0x0c,0x05,0xff,0x52,0x2b,0x0a,0x5d,0x7c,0x44,0x16,0x2d,0x7f,0x3f,0x00,0x08,
    0x9c,0x4e,0x1d,0x1a,0x2a,0x15,0x07,0xf1,0x0b,0x07,0x04,0xff,0x00,0x04,0x04,0xfb,
    0x00,0x05,0x05,0xfe,0x01,0x05,0x06,0xff,0x01,0x06,0x05,0xff,0x01,0x05,0x05,0xff,
    0x01,0x05,0x06,0xff,0x01,0x05,0x06,0xff,0x00,0x05,0x06,0xff,0x01,0x05,0x06,0xff,
    0x00,0x04,0x06,0xff,0x01,0x05,0x05,0xff,0x00,0x05,0x05,0xff,0x01,0x05,0x05,0xff,
    0x01,0x05,0x05,0xff,0x01,0x05,0x06,0xff,0x01,0x05,0x06,0xff,0x01,0x05,0x06,0xfd,
    0x00,0x04,0x05,0xfb,0x10,0x0a,0x05,0xff,0x27,0x15,0x07,0xf8,0x7b,0x3d,0x11,0x1d,
    0x99,0x4c,0x11,0x1e,0x1d,0x0e,0x05,0xf5,0x00,0x00,0x03,0xff,0x02,0x06,0x06,0xfe,
    0x01,0x05,0x05,0xff,0x01,0x05,0x06,0xff,0x00,0x05,0x05,0xff,0x01,0x04,0x05,0xff,
    0x01,0x04,0x05,0xff,0x01,0x05,0x05,0xff,0x01,0x05,0x05,0xff,0x01,0x05,0x06,0xff,
    0x01,0x06,0x05,0xff,0x01,0x05,0x05,0xff,0x01,0x05,0x06,0xff,0x01,0x05,0x05,0xff,
    0x00,0x04,0x04,0xff,0x01,0x04,0x06,0xff,0x00,0x05,0x05,0xff,0x01,0x06,0x06,0xff,
    0x01,0x07,0x08,0xfe,0x00,0x04,0x07,0xff,0x14,0x0e,0x05,0xf3,0x72,0x3d,0x08,0x1d,
    0x95,0x46,0x11,0x1d,0x1e,0x0e,0x05,0xf3,0x01,0x03,0x04,0xff,0x01,0x06,0x06,0xfe,
    0x00,0x04,0x05,0xff,0x01,0x05,0x06,0xff,0x00,0x04,0x05,0xff,0x00,0x04,0x05,0xff,
    0x01,0x05,0x05,0xff,0x01,0x05,0x05,0xff,0x01,0x05,0x05,0xff,0x01,0x05,0x06,0xff,
    0x00,0x05,0x05,0xff,0x01,0x05,0x06,0xff,0x01,0x05,0x05,0xff,0x01,0x04,0x06,0xff,
    0x01,0x04,0x05,0xff,0x01,0x05,0x06,0xff,0x01,0x05,0x06,0xff,0x01,0x06,0x07,0xff,
    0x02,0x07,0x08,0xfe,0x01,0x06,0x08,0xff,0x16,0x0f,0x06,0xf4,0x72,0x34,0x08,0x1d,
    0x8c,0x46,0x1a,0x1d,0x1a,0x0c,0x04,0xf2,0x00,0x00,0x02,0xfd,0x00,0x04,0x06,0xfc,
    0x00,0x04,0x05,0xfd,0x00,0x04,0x05,0xfd,0x00,0x03,0x05,0xfd,0x00,0x03,0x04,0xfd,
    0x00,0x04,0x05,0xfd,0x00,0x04,0x06,0xfd,0x00,0x04,0x06,0xfd,0x00,0x03,0x06,0xfd,
    0x00,0x04,0x05,0xfd,0x00,0x04,0x05,0xfd,0x00,0x04,0x05,0xfd,0x00,0x04,0x06,0xfd,
    0x00,0x03,0x05,0xfd,0x00,0x04,0x05,0xfd,0x00,0x04,0x06,0xfd,0x00,0x05,0x07,0xfd,
    0x00,0x05,0x08,0xfc,0x00,0x01,0x03,0xfd,0x10,0x09,0x03,0xf2,0x69,0x34,0x11,0x1d,
    0x90,0x4c,0x19,0x1e,0x24,0x13,0x07,0xff,0x09,0x06,0x03,0xff,0x0c,0x08,0x04,0xff,
    0x0c,0x08,0x04,0xff,0x0c,0x08,0x05,0xff,0x0c,0x09,0x05,0xff,0x0b,0x09,0x05,0xff,
    0x0b,0x08,0x04,0xff,0x0b,0x08,0x05,0xff,0x0b,0x08,0x05,0xff,0x0c,0x09,0x05,0xff,
    0x0c,0x09,0x06,0xff,0x0c,0x08,0x05,0xff,0x0c,0x09,0x05,0xff,0x0c,0x09,0x05,0xff,
    0x0c,0x09,0x05,0xff,0x0d,0x0a,0x05,0xff,0x0c,0x0a,0x06,0xff,0x0c,0x09,0x05,0xff,
    0x0c,0x09,0x05,0xff,0x0b,0x07,0x04,0xff,0x22,0x12,0x05,0xff,0x7f,0x44,0x11,0x1e,
    0xa2,0x5c,0x17,0x0b,0x53,0x2d,0x11,0x59,0x41,0x23,0x0d,0x5d,0x44,0x23,0x0a,0x5d,
    0x47,0x26,0x0a,0x5d,0x47,0x26,0x0a,0x5d,0x47,0x26,0x0a,0x5d,0x44,0x23,0x0a,0x5d,
    0x44,0x23,0x0a,0x5d,0x41,0x26,0x0d,0x5d,0x44,0x23,0x0d,0x5d,0x47,0x26,0x0d,0x5d,
    0x4a,0x29,0x0d,0x5d,0x47,0x26,0x0a,0x5d,0x47,0x29,0x0d,0x5d,0x44,0x26,0x0d,0x5d,
    0x47,0x29,0x0d,0x5d,0x4c,0x29,0x0d,0x5d,0x4a,0x26,0x0d,0x5d,0x47,0x26,0x0d,0x5d,
    0x4a,0x26,0x0d,0x5d,0x4c,0x29,0x0d,0x5d,0x5e,0x30,0x0b,0x59,0x8b,0x45,0x17,0x0b
};

const lv_image_dsc_t img_pawn_black = {
    .header.magic = LV_IMAGE_HEADER_MAGIC,
    .header.cf = LV_COLOR_FORMAT_ARGB8888,
    .header.flags = 0,
    .header.w = 24,
    .header.h = 24,
    .header.stride = 96,
    .data_size = sizeof(img_pawn_black_map),
    .data = img_pawn_black_map,
};

#ifndef LV_ATTRIBUTE_IMAGE_IMG_ROOK_BLACK
#define LV_ATTRIBUTE_IMAGE_IMG_ROOK_BLACK
#endif

static const
LV_ATTRIBUTE_MEM_ALIGN LV_ATTRIBUTE_LARGE_CONST LV_ATTRIBUTE_IMAGE_IMG_ROOK_BLACK
uint8_t img_rook_black_map[] = {
    0x00,0x00,0x00,0x00,0x96,0x7f,0x5c,0x16,0x52,0x44,0x30,0x69,0x48,0x3c,0x2b,0x6a,
    0x4b,0x3f,0x2e,0x69,0x48,0x3c,0x2d,0x6a,0x56,0x4c,0x3a,0x53,0xff,0xff,0xff,0x02,
    0xff,0x7f,0x7f,0x02,0x63,0x52,0x3c,0x3b,0x4c,0x43,0x34,0x6a,0x44,0x3d,0x2e,0x68,
    0x3c,0x34,0x26,0x6a,0x47,0x3d,0x2c,0x67,0x88,0x77,0x55,0x0f,0xff,0x7f,0x7f,0x02,
    0x87,0x6f,0x4f,0x20,0x56,0x4a,0x37,0x6a,0x44,0x3c,0x2e,0x69,0x48,0x3f,0x30,0x69,
    0x48,0x3e,0x30,0x6a,0x6a,0x5b,0x44,0x56,0x02,0x01,0x01,0x00,0x00,0x00,0x00,0x00,
    0x00,0x00,0x00,0x00,0x94,0x7d,0x60,0x4f,0x24,0x1f,0x17,0xff,0x0b,0x0c,0x0b,0xff,
    0x10,0x10,0x0d,0xff,0x0c,0x0d,0x0b,0xff,0x2b,0x28,0x20,0xce,0x00,0x00,0x00,0x00,
    0x00,0x00,0x00,0x00,0x27,0x1e,0x15,0x8e,0x15,0x14,0x12,0xff,0x0f,0x11,0x11,0xff,
    0x08,0x08,0x07,0xff,0x17,0x15,0x10,0xff,0x2c,0x21,0x0b,0x17,0x00,0x00,0x00,0x00,
    0x55,0x46,0x30,0x45,0x1a,0x16,0x11,0xff,0x0b,0x0c,0x0a,0xff,0x0e,0x0f,0x0d,0xff,
    0x0b,0x0e,0x0d,0xff,0x3d,0x34,0x27,0xd9,0x07,0x06,0x04,0x00,0x00,0x00,0x00,0x01,
    0x00,0x00,0x00,0x00,0x8e,0x7a,0x5c,0x4d,0x19,0x16,0x11,0xfc,0x00,0x00,0x01,0xf9,
    0x01,0x03,0x04,0xfa,0x00,0x00,0x00,0xfc,0x2a,0x25,0x1c,0xce,0xee,0xd1,0xa4,0x2d,
    0xdd,0xbb,0x93,0x2d,0x3a,0x2d,0x21,0x9e,0x04,0x07,0x07,0xfc,0x01,0x07,0x08,0xf8,
    0x00,0x04,0x05,0xfc,0x0c,0x0d,0x0a,0xf6,0x90,0x79,0x58,0x45,0xd1,0xbb,0x8d,0x2d,
    0x7e,0x6a,0x4f,0x67,0x0a,0x09,0x07,0xfc,0x00,0x00,0x01,0xfa,0x01,0x06,0x07,0xf9,
    0x00,0x03,0x04,0xfc,0x34,0x2b,0x20,0xcc,0x07,0x06,0x05,0x00,0x00,0x00,0x00,0x01,
    0x00,0x00,0x00,0x00,0x8e,0x7a,0x5c,0x4d,0x1b,0x17,0x12,0xff,0x00,0x00,0x00,0xfc,
    0x01,0x03,0x03,0xff,0x01,0x04,0x05,0xff,0x0d,0x11,0x0e,0xff,0x2c,0x29,0x22,0xff,
    0x30,0x2d,0x25,0xff,0x18,0x18,0x14,0xff,0x00,0x03,0x04,0xff,0x01,0x04,0x04,0xff,
    0x01,0x06,0x06,0xff,0x06,0x0b,0x0b,0xff,0x25,0x21,0x19,0xff,0x28,0x24,0x1b,0xff,
    0x1e,0x1b,0x16,0xff,0x02,0x06,0x06,0xff,0x01,0x04,0x05,0xff,0x01,0x04,0x05,0xfd,
    0x01,0x02,0x02,0xff,0x37,0x2b,0x20,0xce,0x07,0x06,0x04,0x00,0x00,0x00,0x00,0x01,
    0x00,0x00,0x00,0x00,0x8b,0x7a,0x5c,0x4d,0x15,0x13,0x0e,0xfc,0x00,0x00,0x00,0xfb,
    0x01,0x06,0x05,0xff,0x01,0x06,0x07,0xff,0x00,0x05,0x07,0xff,0x00,0x00,0x01,0xff,
    0x00,0x01,0x03,0xff,0x00,0x01,0x03,0xff,0x00,0x01,0x02,0xff,0x00,0x03,0x04,0xff,
    0x00,0x03,0x04,0xff,0x00,0x03,0x04,0xff,0x00,0x00,0x01,0xff,0x00,0x00,0x00,0xff,
    0x00,0x00,0x01,0xff,0x02,0x09,0x0a,0xff,0x01,0x06,0x07,0xff,0x02,0x05,0x05,0xfd,
    0x00,0x00,0x00,0xfd,0x30,0x28,0x1e,0xcc,0x07,0x06,0x04,0x00,0x00,0x00,0x00,0x01,
    0x00,0x00,0x00,0x00,0x99,0x82,0x65,0x4e,0x32,0x2c,0x22,0xff,0x00,0x05,0x07,0xfc,
    0x06,0x0d,0x0d,0xfe,0x02,0x09,0x0a,0xff,0x04,0x09,0x0b,0xff,0x08,0x09,0x09,0xff,
    0x04,0x03,0x03,0xff,0x04,0x05,0x04,0xff,0x07,0x09,0x09,0xff,0x0a,0x0d,0x0e,0xff,
    0x0b,0x0f,0x0f,0xff,0x08,0x09,0x09,0xff,0x02,0x02,0x01,0xff,0x04,0x04,0x04,0xff,
    0x07,0x09,0x09,0xff,0x01,0x08,0x09,0xff,0x04,0x0b,0x0c,0xff,0x04,0x09,0x0a,0xfd,
    0x0b,0x0b,0x09,0xff,0x45,0x3a,0x2a,0xd6,0x06,0x05,0x04,0x00,0x00,0x00,0x00,0x01,
    0x00,0x00,0x00,0x00,0xbb,0x99,0x77,0x0f,0xa8,0x8e,0x6d,0x4d,0x2c,0x28,0x20,0xed,
    0x0f,0x14,0x12,0xff,0x01,0x07,0x08,0xfd,0x18,0x1a,0x1a,0xff,0x4a,0x4a,0x49,0xff,
    0x43,0x43,0x44,0xff,0x49,0x49,0x49,0xff,0x4f,0x50,0x4f,0xff,0x56,0x56,0x55,0xff,
    0x56,0x56,0x55,0xff,0x4d,0x4d,0x4c,0xff,0x44,0x43,0x44,0xff,0x47,0x47,0x47,0xff,
    0x3f,0x3f,0x3f,0xff,0x03,0x08,0x08,0xff,0x03,0x0b,0x0d,0xfc,0x0d,0x0e,0x0c,0xfe,
    0x59,0x4b,0x39,0xb9,0xa8,0x90,0x69,0x35,0x55,0x00,0x00,0x03,0xff,0xff,0xff,0x01,
    0x00,0x00,0x00,0x00,0x00,0x00,0x00,0x00,0x00,0x00,0x00,0x00,0x9a,0x7f,0x5c,0x42,
    0x5c,0x51,0x3f,0xc0,0x03,0x05,0x05,0xfe,0x05,0x08,0x08,0xfc,0x0f,0x0f,0x10,0xff,
    0x18,0x18,0x19,0xff,0x1f,0x1f,0x20,0xff,0x41,0x40,0x41,0xff,0x36,0x37,0x37,0xff,
    0x29,0x2b,0x2b,0xff,0x3f,0x3f,0x3f,0xff,0x38,0x37,0x37,0xff,0x1e,0x1e,0x1e,0xff,
    0x10,0x11,0x10,0xff,0x00,0x01,0x02,0xfc,0x12,0x10,0x0d,0xfe,0x65,0x59,0x44,0x7b,
    0x87,0x69,0x4b,0x11,0x00,0x00,0x00,0x00,0x00,0x00,0x00,0x01,0x00,0x00,0x00,0x00,
    0x00,0x00,0x00,0x00,0xff,0x00,0x00,0x01,0x3f,0x1f,0x1f,0x08,0x00,0x00,0x00,0x00,
    0x63,0x56,0x46,0x9c,0x05,0x05,0x04,0xff,0x00,0x02,0x03,0xfb,0x00,0x00,0x01,0xff,
    0x00,0x00,0x00,0xff,0x00,0x00,0x00,0xff,0x00,0x02,0x03,0xff,0x00,0x02,0x03,0xff,
    0x00,0x01,0x02,0xff,0x02,0x06,0x07,0xff,0x00,0x02,0x02,0xff,0x00,0x00,0x01,0xff,
    0x00,0x02,0x03,0xff,0x00,0x01,0x02,0xfb,0x15,0x12,0x0e,0xff,0x7e,0x6b,0x50,0x5f,
    0x00,0x00,0x00,0x00,0x91,0x48,0x48,0x07,0x00,0x00,0x00,0x00,0x00,0x00,0x00,0x00,
    0x00,0x00,0x00,0x00,0x00,0x00,0x00,0x00,0x00,0x00,0x00,0x04,0xaa,0x55,0x55,0x03,
    0x5d,0x51,0x40,0xa3,0x04,0x05,0x04,0xff,0x00,0x04,0x05,0xfb,0x01,0x05,0x06,0xff,
    0x02,0x06,0x06,0xff,0x02,0x07,0x07,0xff,0x01,0x06,0x07,0xff,0x02,0x07,0x06,0xff,
    0x02,0x07,0x07,0xff,0x00,0x04,0x06,0xff,0x01,0x06,0x07,0xff,0x02,0x07,0x08,0xff,
    0x02,0x06,0x07,0xff,0x00,0x02,0x03,0xfb,0x14,0x12,0x0e,0xff,0x74,0x64,0x4b,0x65,
    0xff,0x00,0x00,0x01,0x7f,0x3f,0x3f,0x04,0x00,0x00,0x00,0x00,0x00,0x00,0x00,0x00,
    0x00,0x00,0x00,0x00,0x00,0x00,0x00,0x00,0x00,0x00,0x00,0x04,0x00,0x00,0x00,0x00,
    0x5e,0x50,0x40,0xa2,0x04,0x05,0x04,0xff,0x00,0x04,0x05,0xfb,0x01,0x04,0x06,0xff,
    0x01,0x05,0x05,0xff,0x00,0x04,0x06,0xff,0x01,0x05,0x06,0xff,0x01,0x05,0x06,0xff,
    0x01,0x05,0x05,0xff,0x01,0x05,0x05,0xff,0x01,0x05,0x06,0xff,0x01,0x05,0x05,0xff,
    0x01,0x06,0x06,0xff,0x00,0x02,0x03,0xfb,0x14,0x13,0x0e,0xff,0x75,0x66,0x4c,0x64,
    0x00,0x00,0x00,0x00,0x7f,0x3f,0x3f,0x04,0x00,0x00,0x00,0x00,0x00,0x00,0x00,0x00,
    0x00,0x00,0x00,0x00,0x00,0x00,0x00,0x00,0x00,0x00,0x00,0x04,0x00,0x00,0x00,0x00,
    0x61,0x55,0x43,0xa2,0x05,0x05,0x05,0xff,0x00,0x05,0x05,0xfb,0x01,0x05,0x05,0xff,
    0x01,0x05,0x06,0xff,0x00,0x04,0x05,0xff,0x01,0x05,0x06,0xff,0x00,0x04,0x05,0xff,
    0x01,0x05,0x05,0xff,0x01,0x05,0x06,0xff,0x00,0x05,0x05,0xff,0x01,0x05,0x05,0xff,
    0x01,0x05,0x06,0xff,0x00,0x01,0x03,0xfb,0x14,0x13,0x0e,0xff,0x75,0x66,0x4f,0x64,
    0x00,0x00,0x00,0x00,0x7f,0x3f,0x3f,0x04,0x00,0x00,0x00,0x00,0x00,0x00,0x00,0x00,
    0x00,0x00,0x00,0x00,0x00,0x00,0x00,0x00,0x00,0x00,0x00,0x04,0x00,0x00,0x00,0x00,
    0x63,0x56,0x45,0xa2,0x05,0x06,0x05,0xff,0x00,0x05,0x06,0xfb,0x01,0x05,0x06,0xff,
    0x01,0x05,0x06,0xff,0x01,0x05,0x05,0xff,0x01,0x04,0x05,0xff,0x01,0x04,0x05,0xff,
    0x00,0x05,0x05,0xff,0x00,0x04,0x05,0xff,0x00,0x05,0x05,0xff,0x01,0x04,0x04,0xff,
    0x01,0x05,0x05,0xff,0x00,0x02,0x03,0xfb,0x14,0x12,0x0e,0xff,0x75,0x66,0x4c,0x64,
    0x00,0x00,0x00,0x00,0x7f,0x3f,0x3f,0x04,0x00,0x00,0x00,0x00,0x00,0x00,0x00,0x00,
    0x00,0x00,0x00,0x00,0x00,0x00,0x00,0x00,0x00,0x00,0x00,0x04,0x00,0x00,0x00,0x00,
    0x66,0x58,0x46,0xa2,0x06,0x07,0x06,0xff,0x01,0x05,0x06,0xfb,0x02,0x05,0x06,0xff,
    0x01,0x05,0x06,0xff,0x01,0x05,0x06,0xff,0x02,0x06,0x06,0xff,0x02,0x06,0x06,0xff,
    0x02,0x06,0x07,0xff,0x01,0x06,0x06,0xff,0x01,0x05,0x06,0xff,0x01,0x05,0x05,0xff,
    0x01,0x05,0x06,0xff,0x00,0x01,0x03,0xfb,0x15,0x13,0x0e,0xff,0x7a,0x68,0x4f,0x64,
    0x00,0x00,0x00,0x00,0x7f,0x3f,0x3f,0x04,0x00,0x00,0x00,0x00,0x00,0x00,0x00,0x00,
    0x00,0x00,0x00,0x00,0x00,0x00,0x00,0x00,0x00,0x00,0x00,0x04,0x3f,0x3f,0x3f,0x04,
    0x62,0x54,0x44,0xa3,0x06,0x07,0x06,0xff,0x01,0x06,0x07,0xfb,0x00,0x04,0x05,0xff,
    0x01,0x04,0x05,0xff,0x00,0x03,0x03,0xff,0x00,0x00,0x00,0xff,0x00,0x00,0x00,0xff,
    0x00,0x00,0x01,0xff,0x00,0x00,0x01,0xff,0x00,0x04,0x04,0xff,0x01,0x05,0x05,0xff,
    0x00,0x04,0x04,0xff,0x00,0x01,0x02,0xfb,0x14,0x12,0x0e,0xff,0x74,0x63,0x4a,0x67,
    0x3f,0x3f,0x3f,0x04,0x7f,0x3f,0x3f,0x04,0x00,0x00,0x00,0x00,0x00,0x00,0x00,0x00,
    0x00,0x00,0x00,0x00,0x00,0x00,0x00,0x00,0x00,0x00,0x00,0x02,0x00,0x00,0x00,0x00,
    0x6a,0x59,0x46,0x9c,0x05,0x05,0x04,0xff,0x01,0x05,0x06,0xfb,0x04,0x07,0x07,0xff,
    0x00,0x01,0x01,0xff,0x07,0x08,0x08,0xff,0x1a,0x1b,0x1a,0xff,0x1e,0x1f,0x1f,0xff,
    0x1e,0x1e,0x1f,0xff,0x1d,0x1f,0x1d,0xff,0x08,0x0b,0x0b,0xff,0x00,0x01,0x01,0xff,
    0x05,0x07,0x06,0xff,0x00,0x01,0x02,0xfb,0x15,0x12,0x0e,0xff,0x82,0x6e,0x56,0x58,
    0x00,0x00,0x00,0x00,0x00,0x00,0x00,0x02,0x00,0x00,0x00,0x00,0x00,0x00,0x00,0x00,
    0x00,0x00,0x00,0x01,0x00,0x00,0x00,0x00,0xb0,0x9c,0x75,0x0d,0x51,0x45,0x35,0x51,
    0x43,0x3a,0x2e,0xc0,0x02,0x02,0x02,0xff,0x09,0x0a,0x0a,0xfc,0x49,0x48,0x48,0xff,
    0x4a,0x4a,0x49,0xff,0x4d,0x4c,0x4c,0xff,0x5b,0x5b,0x5a,0xff,0x5d,0x5c,0x5c,0xff,
    0x58,0x57,0x57,0xff,0x53,0x53,0x53,0xff,0x44,0x44,0x44,0xff,0x44,0x43,0x43,0xff,
    0x3b,0x3b,0x3b,0xff,0x01,0x05,0x08,0xfd,0x0a,0x0b,0x0a,0xfe,0x55,0x49,0x39,0xb5,
    0x7b,0x68,0x52,0x7c,0xe9,0xd4,0x94,0x0c,0x00,0x00,0x00,0x00,0x00,0x00,0x00,0x01,
    0xaa,0xaa,0x55,0x03,0x55,0x55,0x55,0x03,0xcd,0xb1,0x8d,0x24,0x32,0x2c,0x22,0xff,
    0x01,0x05,0x06,0xff,0x01,0x04,0x05,0xfe,0x04,0x07,0x07,0xff,0x18,0x19,0x19,0xff,
    0x21,0x21,0x22,0xff,0x22,0x23,0x23,0xff,0x24,0x24,0x25,0xff,0x20,0x21,0x21,0xff,
    0x1d,0x1d,0x1e,0xff,0x20,0x20,0x21,0xff,0x25,0x25,0x26,0xff,0x1f,0x21,0x21,0xff,
    0x13,0x16,0x17,0xff,0x02,0x07,0x08,0xff,0x02,0x07,0x08,0xfe,0x02,0x02,0x02,0xff,
    0x3d,0x34,0x28,0xff,0xff,0xdb,0xaa,0x24,0x55,0x55,0x55,0x03,0xaa,0x55,0x55,0x03,
    0x00,0x00,0x00,0x00,0x00,0x00,0x00,0x00,0xff,0xff,0xe4,0x13,0x2a,0x25,0x1c,0xf7,
    0x00,0x04,0x07,0xfe,0x03,0x08,0x08,0xfe,0x00,0x04,0x05,0xff,0x00,0x00,0x01,0xff,
    0x00,0x00,0x01,0xff,0x00,0x00,0x01,0xff,0x00,0x00,0x00,0xff,0x00,0x00,0x00,0xff,
    0x00,0x01,0x01,0xff,0x00,0x00,0x00,0xff,0x00,0x00,0x01,0xff,0x00,0x01,0x01,0xff,
    0x00,0x03,0x03,0xff,0x01,0x05,0x06,0xff,0x04,0x07,0x08,0xfe,0x00,0x00,0x01,0xfc,
    0x32,0x2c,0x22,0xf7,0xff,0xff,0xff,0x13,0x00,0x00,0x00,0x00,0x00,0x00,0x00,0x00,
    0xb9,0xa2,0x7f,0x16,0x7b,0x69,0x50,0x46,0x83,0x70,0x55,0x5d,0x2e,0x2a,0x22,0xfc,
    0x03,0x06,0x09,0xff,0x02,0x07,0x07,0xfe,0x01,0x05,0x06,0xff,0x02,0x06,0x07,0xff,
    0x02,0x06,0x07,0xff,0x02,0x06,0x07,0xff,0x02,0x06,0x07,0xff,0x01,0x06,0x06,0xff,
    0x01,0x06,0x06,0xff,0x02,0x06,0x06,0xff,0x01,0x07,0x07,0xff,0x02,0x06,0x07,0xff,
    0x01,0x06,0x06,0xff,0x00,0x05,0x06,0xff,0x03,0x07,0x08,0xfe,0x00,0x01,0x02,0xff,
    0x29,0x25,0x1d,0xfc,0x96,0x7e,0x62,0x5d,0x7f,0x69,0x50,0x46,0xa2,0x7f,0x5c,0x16,
    0x95,0x7f,0x62,0x50,0x2c,0x29,0x20,0xff,0x12,0x15,0x13,0xff,0x19,0x1b,0x19,0xff,
    0x07,0x0b,0x0c,0xff,0x00,0x04,0x06,0xff,0x01,0x06,0x07,0xff,0x01,0x05,0x06,0xff,
    0x02,0x06,0x06,0xff,0x01,0x05,0x05,0xff,0x01,0x05,0x05,0xff,0x02,0x05,0x06,0xff,
    0x01,0x05,0x06,0xff,0x01,0x05,0x06,0xff,0x01,0x05,0x06,0xff,0x01,0x05,0x06,0xff,
    0x01,0x05,0x06,0xff,0x01,0x06,0x06,0xff,0x01,0x06,0x07,0xff,0x02,0x06,0x07,0xff,
    0x04,0x06,0x05,0xff,0x10,0x0e,0x0b,0xff,0x1f,0x1b,0x15,0xff,0x56,0x46,0x33,0x50,
    0x89,0x75,0x5d,0x4a,0x18,0x19,0x16,0xf9,0x00,0x04,0x08,0xf8,0x00,0x00,0x02,0xfc,
    0x00,0x01,0x02,0xfc,0x00,0x04,0x05,0xfc,0x00,0x03,0x04,0xfc,0x00,0x04,0x05,0xfc,
    0x00,0x04,0x05,0xfc,0x00,0x04,0x05,0xfc,0x00,0x04,0x05,0xfc,0x00,0x04,0x05,0xfc,
    0x00,0x03,0x05,0xfc,0x00,0x04,0x05,0xfc,0x00,0x04,0x05,0xfc,0x00,0x04,0x05,0xfc,
    0x00,0x03,0x05,0xfc,0x00,0x04,0x05,0xfc,0x00,0x03,0x05,0xfc,0x00,0x02,0x04,0xfc,
    0x00,0x02,0x03,0xfc,0x00,0x00,0x02,0xf8,0x06,0x09,0x09,0xf9,0x3e,0x33,0x25,0x4a,
    0x8f,0x75,0x59,0x50,0x28,0x27,0x1e,0xff,0x16,0x1d,0x1c,0xff,0x11,0x13,0x10,0xff,
    0x0a,0x0a,0x07,0xff,0x0b,0x0b,0x09,0xff,0x0b,0x0b,0x09,0xff,0x0b,0x0c,0x09,0xff,
    0x0b,0x0c,0x09,0xff,0x0b,0x0c,0x09,0xff,0x0b,0x0c,0x0a,0xff,0x0b,0x0c,0x09,0xff,
    0x0b,0x0b,0x09,0xff,0x0b,0x0b,0x09,0xff,0x0b,0x0b,0x09,0xff,0x0b,0x0b,0x09,0xff,
    0x0b,0x0b,0x09,0xff,0x0a,0x0b,0x09,0xff,0x0a,0x0c,0x09,0xff,0x0a,0x0a,0x09,0xff,
    0x0d,0x0e,0x0c,0xff,0x0c,0x12,0x10,0xff,0x16,0x14,0x10,0xff,0x46,0x36,0x26,0x50,
    0xaf,0x8f,0x67,0x20,0x65,0x54,0x3e,0x6a,0x54,0x4c,0x3c,0x6a,0x51,0x45,0x34,0x6a,
    0x48,0x39,0x28,0x6a,0x4a,0x3c,0x28,0x6a,0x4c,0x3e,0x2d,0x6a,0x4a,0x3e,0x2d,0x6a,
    0x48,0x3c,0x2d,0x6a,0x48,0x3e,0x2d,0x6a,0x4c,0x3e,0x2d,0x6a,0x4a,0x3c,0x2b,0x6a,
    0x48,0x39,0x28,0x6a,0x48,0x39,0x28,0x6a,0x4c,0x3c,0x2d,0x6a,0x4a,0x3c,0x2b,0x6a,
    0x48,0x3c,0x2d,0x6a,0x48,0x3c,0x2d,0x6a,0x48,0x3e,0x2d,0x6a,0x48,0x3c,0x2b,0x6a,
    0x4f,0x40,0x30,0x6a,0x4c,0x40,0x32,0x6a,0x4f,0x40,0x30,0x6a,0x6f,0x57,0x3f,0x20
};

const lv_image_dsc_t img_rook_black = {
    .header.magic = LV_IMAGE_HEADER_MAGIC,
    .header.cf = LV_COLOR_FORMAT_ARGB8888,
    .header.flags = 0,
    .header.w = 24,
    .header.h = 24,
    .header.stride = 96,
    .data_size = sizeof(img_rook_black_map),
    .data = img_rook_black_map,
};

#ifndef LV_ATTRIBUTE_IMAGE_IMG_KNIGHT_BLACK
#define LV_ATTRIBUTE_IMAGE_IMG_KNIGHT_BLACK
#endif

static const
LV_ATTRIBUTE_MEM_ALIGN LV_ATTRIBUTE_LARGE_CONST LV_ATTRIBUTE_IMAGE_IMG_KNIGHT_BLACK
uint8_t img_knight_black_map[] = {
    0x00,0x00,0x00,0x00,0x00,0x00,0x00,0x00,0x00,0x00,0x00,0x00,0x00,0x00,0x00,0x00,
    0x00,0x00,0x00,0x00,0x00,0x00,0x00,0x00,0x00,0x00,0x00,0x00,0x00,0x00,0x00,0x01,
    0x00,0x00,0x00,0x00,0x4c,0x22,0x0a,0x61,0x55,0x28,0x0c,0x3f,0x00,0x00,0x00,0x00,
    0x3f,0x00,0x00,0x04,0x00,0x00,0x00,0x00,0x00,0x00,0x00,0x00,0x00,0x00,0x00,0x00,
    0x00,0x00,0x00,0x00,0x00,0x00,0x00,0x00,0x00,0x00,0x00,0x00,0x00,0x00,0x00,0x00,
    0x00,0x00,0x00,0x00,0x00,0x00,0x00,0x00,0x00,0x00,0x00,0x00,0x00,0x00,0x00,0x00,
    0x00,0x00,0x00,0x00,0x00,0x00,0x00,0x00,0x00,0x00,0x00,0x00,0x00,0x00,0x00,0x00,
    0x00,0x00,0x00,0x00,0x7f,0x00,0x00,0x02,0x00,0x00,0x00,0x04,0x00,0x00,0x00,0x02,
    0x5c,0x31,0x10,0x4d,0x22,0x12,0x07,0xfe,0x20,0x10,0x05,0xc7,0x31,0x13,0x00,0x1a,
    0x00,0x00,0x00,0x00,0x00,0x00,0x00,0x03,0x00,0x00,0x00,0x00,0x00,0x00,0x00,0x00,
    0x00,0x00,0x00,0x00,0x00,0x00,0x00,0x00,0x00,0x00,0x00,0x00,0x00,0x00,0x00,0x00,
    0x00,0x00,0x00,0x00,0x00,0x00,0x00,0x00,0x00,0x00,0x00,0x00,0x00,0x00,0x00,0x00,
    0x00,0x00,0x00,0x00,0x00,0x00,0x00,0x00,0x00,0x00,0x00,0x00,0x00,0x00,0x00,0x00,
    0x00,0x00,0x00,0x00,0x00,0x00,0x00,0x00,0x00,0x00,0x00,0x00,0x06,0x02,0x00,0x00,
    0x32,0x1a,0x0a,0xc1,0x00,0x07,0x09,0xfe,0x00,0x01,0x01,0xff,0x1b,0x0d,0x03,0xc9,
    0x90,0x4c,0x19,0x1e,0x00,0x00,0x00,0x00,0x00,0x00,0x00,0x02,0x00,0x00,0x00,0x00,
    0x00,0x00,0x00,0x00,0x00,0x00,0x00,0x00,0x00,0x00,0x00,0x00,0x00,0x00,0x00,0x00,
    0x00,0x00,0x00,0x00,0x00,0x00,0x00,0x00,0x00,0x00,0x00,0x00,0x00,0x00,0x00,0x00,
    0x00,0x00,0x00,0x00,0x00,0x00,0x00,0x00,0x00,0x00,0x00,0x00,0x00,0x00,0x00,0x01,
    0x00,0x00,0x00,0x02,0x5d,0x2b,0x0c,0x29,0x22,0x13,0x08,0x93,0x21,0x13,0x0a,0xc5,
    0x1c,0x13,0x0b,0xea,0x01,0x07,0x09,0xff,0x02,0x05,0x05,0xfc,0x04,0x06,0x05,0xff,
    0x23,0x12,0x06,0xde,0x4f,0x23,0x07,0x40,0x03,0x02,0x01,0x00,0x04,0x02,0x01,0x00,
    0x03,0x02,0x01,0x00,0x01,0x00,0x00,0x00,0x00,0x00,0x00,0x04,0x00,0x00,0x00,0x01,
    0x00,0x00,0x00,0x00,0x00,0x00,0x00,0x00,0x00,0x00,0x00,0x00,0x00,0x00,0x00,0x00,
    0x00,0x00,0x00,0x00,0x00,0x00,0x00,0x00,0x00,0x00,0x00,0x00,0x00,0x00,0x00,0x03,
    0xff,0x00,0x00,0x01,0x24,0x0f,0x02,0xb6,0x15,0x15,0x12,0xff,0x0f,0x14,0x14,0xff,
    0x01,0x07,0x07,0xff,0x05,0x09,0x08,0xff,0x01,0x05,0x06,0xff,0x01,0x05,0x07,0xfc,
    0x00,0x06,0x07,0xff,0x0e,0x07,0x04,0xe9,0x04,0x00,0x00,0xd1,0x06,0x00,0x00,0xd1,
    0x09,0x03,0x00,0xd2,0x32,0x18,0x07,0xa8,0x04,0x01,0x00,0x00,0x00,0x00,0x00,0x00,
    0x00,0x00,0x00,0x00,0x00,0x00,0x00,0x00,0x00,0x00,0x00,0x00,0x00,0x00,0x00,0x00,
    0x00,0x00,0x00,0x00,0x00,0x00,0x00,0x00,0x00,0x00,0x00,0x00,0x00,0x00,0x00,0x03,
    0x02,0x01,0x00,0x00,0x28,0x11,0x07,0xab,0x04,0x08,0x0a,0xfd,0x0b,0x0e,0x0f,0xf9,
    0x04,0x06,0x06,0xfe,0x00,0x00,0x00,0xff,0x00,0x04,0x05,0xff,0x01,0x05,0x06,0xff,
    0x01,0x07,0x07,0xfd,0x00,0x00,0x01,0xff,0x24,0x24,0x24,0xff,0x2a,0x2b,0x2b,0xff,
    0x0c,0x10,0x10,0xff,0x0f,0x09,0x04,0xf1,0x26,0x17,0x09,0x84,0xff,0xcc,0x33,0x05,
    0x00,0x00,0x00,0x03,0x00,0x00,0x00,0x01,0x00,0x00,0x00,0x00,0x00,0x00,0x00,0x00,
    0x00,0x00,0x00,0x00,0x00,0x00,0x00,0x00,0x55,0x00,0x00,0x03,0x00,0x00,0x00,0x02,
    0x4a,0x25,0x0c,0x67,0x20,0x11,0x08,0xeb,0x05,0x0b,0x0d,0xfc,0x06,0x0a,0x0b,0xfe,
    0x06,0x07,0x07,0xff,0x05,0x05,0x04,0xff,0x00,0x02,0x03,0xff,0x01,0x05,0x06,0xff,
    0x01,0x05,0x05,0xff,0x01,0x02,0x02,0xfe,0x1b,0x1b,0x1a,0xfd,0x38,0x39,0x39,0xfd,
    0x4b,0x4b,0x4b,0xfc,0x29,0x2c,0x2d,0xff,0x05,0x04,0x02,0xff,0x19,0x0b,0x01,0x97,
    0x02,0x01,0x00,0x00,0x00,0x00,0x00,0x00,0x00,0x00,0x00,0x01,0x00,0x00,0x00,0x00,
    0x00,0x00,0x00,0x00,0x00,0x00,0x00,0x00,0x00,0x00,0x00,0x04,0x00,0x00,0x00,0x00,
    0x2a,0x14,0x05,0x96,0x04,0x06,0x05,0xff,0x01,0x05,0x05,0xfb,0x08,0x0b,0x0b,0xff,
    0x91,0x91,0x91,0xff,0x62,0x62,0x62,0xff,0x00,0x00,0x00,0xff,0x02,0x05,0x06,0xff,
    0x01,0x05,0x05,0xff,0x01,0x06,0x06,0xff,0x00,0x00,0x00,0xff,0x05,0x0a,0x09,0xff,
    0x20,0x22,0x22,0xff,0x45,0x43,0x44,0xfe,0x2d,0x2e,0x2f,0xfa,0x11,0x12,0x10,0xff,
    0x28,0x15,0x04,0x9d,0x5c,0x2e,0x00,0x0b,0x00,0x00,0x00,0x00,0x00,0x00,0x00,0x01,
    0x00,0x00,0x00,0x00,0x00,0x00,0x00,0x01,0x00,0x00,0x00,0x02,0x64,0x2e,0x0d,0x26,
    0x15,0x0e,0x09,0xe2,0x02,0x07,0x07,0xfe,0x01,0x03,0x03,0xfe,0x02,0x05,0x05,0xff,
    0x48,0x48,0x49,0xff,0x32,0x32,0x33,0xff,0x00,0x02,0x02,0xff,0x01,0x05,0x06,0xff,
    0x01,0x05,0x06,0xff,0x01,0x05,0x06,0xff,0x02,0x07,0x07,0xff,0x00,0x04,0x05,0xff,
    0x00,0x00,0x01,0xff,0x1a,0x1b,0x1b,0xff,0x40,0x41,0x41,0xfe,0x0d,0x14,0x16,0xfd,
    0x10,0x0b,0x06,0xff,0x7b,0x34,0x11,0x1d,0xff,0x7f,0x00,0x02,0x00,0x00,0x00,0x01,
    0x00,0x00,0x00,0x00,0x00,0x00,0x00,0x00,0x00,0x00,0x00,0x00,0x15,0x0b,0x03,0xcb,
    0x05,0x0a,0x0a,0xff,0x01,0x07,0x08,0xfc,0x01,0x05,0x06,0xff,0x00,0x05,0x05,0xff,
    0x00,0x00,0x00,0xff,0x00,0x00,0x00,0xff,0x00,0x05,0x06,0xff,0x00,0x05,0x05,0xff,
    0x01,0x05,0x06,0xff,0x01,0x05,0x06,0xff,0x01,0x05,0x06,0xff,0x02,0x06,0x07,0xff,
    0x00,0x04,0x04,0xff,0x06,0x09,0x09,0xff,0x49,0x49,0x4a,0xff,0x3d,0x40,0x41,0xff,
    0x07,0x09,0x0a,0xf7,0x1b,0x0e,0x04,0xe4,0x58,0x2c,0x0e,0x45,0x00,0x00,0x00,0x01,
    0x00,0x00,0x00,0x01,0x55,0x2a,0x00,0x06,0x58,0x2c,0x0b,0x17,0x04,0x03,0x01,0xd1,
    0x01,0x04,0x05,0xfe,0x01,0x05,0x05,0xfc,0x01,0x05,0x06,0xff,0x01,0x05,0x06,0xff,
    0x03,0x07,0x08,0xff,0x02,0x07,0x07,0xff,0x01,0x06,0x06,0xfe,0x01,0x05,0x06,0xfe,
    0x01,0x05,0x06,0xff,0x01,0x05,0x06,0xff,0x01,0x05,0x06,0xff,0x01,0x05,0x06,0xff,
    0x01,0x06,0x07,0xff,0x02,0x07,0x08,0xff,0x13,0x16,0x16,0xff,0x38,0x39,0x3a,0xff,
    0x01,0x03,0x04,0xfc,0x0a,0x04,0x01,0xff,0x4c,0x26,0x0d,0x49,0x00,0x00,0x00,0x00,
    0x00,0x00,0x00,0x00,0x3c,0x18,0x00,0x15,0x16,0x0e,0x07,0xf1,0x04,0x07,0x06,0xfc,
    0x01,0x04,0x04,0xfe,0x01,0x05,0x05,0xff,0x01,0x05,0x05,0xff,0x01,0x04,0x05,0xff,
    0x01,0x05,0x05,0xff,0x01,0x06,0x06,0xfd,0x00,0x04,0x06,0xff,0x00,0x03,0x04,0xff,
    0x01,0x05,0x05,0xff,0x01,0x05,0x05,0xff,0x01,0x05,0x05,0xff,0x01,0x05,0x06,0xff,
    0x02,0x06,0x06,0xff,0x00,0x04,0x04,0xff,0x0e,0x12,0x13,0xff,0x43,0x42,0x43,0xff,
    0x0c,0x0f,0x0f,0xfc,0x0c,0x09,0x06,0xfd,0x4a,0x29,0x0c,0x63,0x75,0x3a,0x13,0x0d,
    0x69,0x2d,0x0f,0x11,0x41,0x1d,0x0a,0x46,0x08,0x09,0x08,0xff,0x00,0x07,0x08,0xff,
    0x03,0x06,0x06,0xfe,0x01,0x05,0x05,0xff,0x01,0x04,0x05,0xff,0x00,0x04,0x05,0xff,
    0x01,0x05,0x05,0xfc,0x01,0x05,0x06,0xff,0x10,0x0a,0x05,0xf5,0x19,0x0d,0x04,0xe6,
    0x01,0x05,0x05,0xff,0x01,0x05,0x06,0xfe,0x01,0x05,0x06,0xff,0x01,0x05,0x06,0xff,
    0x01,0x05,0x06,0xff,0x00,0x03,0x03,0xff,0x0f,0x11,0x12,0xff,0x4a,0x4a,0x4b,0xff,
    0x3b,0x3c,0x3c,0xff,0x0c,0x13,0x14,0xfc,0x11,0x0f,0x09,0xfc,0x31,0x1c,0x07,0x62,
    0x3f,0x21,0x07,0x64,0x12,0x0b,0x05,0xff,0x01,0x06,0x07,0xfb,0x00,0x04,0x05,0xff,
    0x00,0x02,0x05,0xff,0x00,0x06,0x06,0xff,0x01,0x04,0x05,0xff,0x00,0x03,0x04,0xfb,
    0x00,0x02,0x03,0xff,0x13,0x09,0x03,0xd0,0x39,0x1e,0x06,0x54,0x4c,0x26,0x0e,0x7e,
    0x05,0x06,0x05,0xff,0x00,0x04,0x05,0xfb,0x01,0x05,0x05,0xff,0x01,0x04,0x05,0xff,
    0x01,0x05,0x06,0xff,0x00,0x03,0x04,0xff,0x07,0x0a,0x0a,0xff,0x39,0x3a,0x3b,0xff,
    0x28,0x2a,0x2b,0xff,0x07,0x0f,0x10,0xfc,0x02,0x06,0x06,0xff,0x1e,0x0f,0x05,0x64,
    0x3b,0x1f,0x07,0x62,0x08,0x08,0x05,0xfc,0x00,0x02,0x03,0xfa,0x17,0x17,0x14,0xff,
    0x36,0x24,0x16,0xff,0x02,0x08,0x08,0xff,0x00,0x06,0x07,0xfa,0x03,0x06,0x06,0xff,
    0x1e,0x10,0x04,0xcf,0x3c,0x1e,0x06,0x2a,0x00,0x00,0x00,0x00,0x3c,0x1d,0x0b,0x8a,
    0x05,0x06,0x05,0xff,0x00,0x04,0x05,0xfb,0x01,0x05,0x05,0xff,0x01,0x05,0x05,0xff,
    0x01,0x05,0x06,0xff,0x01,0x05,0x05,0xff,0x02,0x03,0x04,0xff,0x26,0x26,0x27,0xff,
    0x4f,0x50,0x50,0xff,0x0b,0x0f,0x10,0xfc,0x02,0x02,0x00,0xff,0x1c,0x0f,0x05,0x63,
    0x3d,0x20,0x09,0x67,0x0a,0x0b,0x08,0xff,0x00,0x02,0x05,0xff,0x29,0x22,0x1c,0xff,
    0x4f,0x2e,0x17,0xff,0x00,0x03,0x04,0xfa,0x04,0x07,0x07,0xff,0x20,0x12,0x06,0xbe,
    0x60,0x30,0x09,0x35,0x00,0x00,0x00,0x00,0x6d,0x24,0x00,0x07,0x3e,0x1d,0x09,0x8a,
    0x04,0x06,0x05,0xff,0x00,0x05,0x05,0xfb,0x01,0x05,0x05,0xff,0x00,0x05,0x05,0xff,
    0x01,0x05,0x05,0xff,0x01,0x06,0x06,0xff,0x00,0x01,0x02,0xff,0x0b,0x0c,0x0c,0xff,
    0x5b,0x5c,0x5b,0xff,0x0e,0x11,0x12,0xfc,0x02,0x03,0x03,0xff,0x1e,0x0f,0x05,0x63,
    0x52,0x26,0x09,0x50,0x1f,0x11,0x07,0xcd,0x0c,0x0b,0x07,0xce,0x20,0x14,0x0c,0xf9,
    0x00,0x03,0x03,0xf9,0x06,0x05,0x03,0xff,0x1d,0x0e,0x04,0xac,0x4b,0x22,0x06,0x25,
    0x00,0x00,0x00,0x00,0x01,0x00,0x00,0x00,0x43,0x22,0x09,0x84,0x0b,0x07,0x04,0xf2,
    0x01,0x04,0x05,0xfb,0x01,0x05,0x05,0xff,0x01,0x05,0x05,0xff,0x00,0x05,0x05,0xff,
    0x00,0x05,0x05,0xff,0x01,0x05,0x06,0xff,0x00,0x02,0x03,0xff,0x11,0x12,0x13,0xff,
    0x57,0x57,0x57,0xff,0x0c,0x0f,0x10,0xfc,0x02,0x04,0x03,0xff,0x1e,0x12,0x07,0x63,
    0x01,0x00,0x00,0x00,0x04,0x02,0x00,0x00,0x8d,0x46,0x0e,0x12,0x0f,0x0a,0x05,0xff,
    0x07,0x08,0x08,0xff,0x21,0x14,0x08,0x99,0x47,0x1e,0x0a,0x19,0x00,0x00,0x00,0x00,
    0xff,0xaa,0x00,0x03,0x2e,0x17,0x07,0x83,0x11,0x09,0x04,0xed,0x00,0x04,0x04,0xff,
    0x01,0x05,0x05,0xfe,0x01,0x05,0x05,0xff,0x00,0x04,0x05,0xff,0x01,0x05,0x05,0xff,
    0x01,0x05,0x05,0xff,0x01,0x05,0x05,0xff,0x00,0x04,0x04,0xff,0x07,0x0a,0x0a,0xff,
    0x27,0x28,0x29,0xff,0x06,0x0a,0x0a,0xfc,0x03,0x05,0x04,0xff,0x1c,0x0c,0x05,0x63,
    0x00,0x00,0x00,0x01,0x00,0x00,0x00,0x01,0x55,0x2a,0x00,0x0c,0x2b,0x16,0x06,0x7c,
    0x2c,0x17,0x07,0x85,0x4f,0x2b,0x08,0x1d,0x00,0x00,0x00,0x00,0x48,0x24,0x00,0x07,
    0x30,0x19,0x08,0x98,0x0e,0x0a,0x07,0xf8,0x00,0x03,0x05,0xff,0x01,0x05,0x06,0xfd,
    0x00,0x05,0x05,0xff,0x01,0x05,0x05,0xff,0x01,0x05,0x05,0xff,0x01,0x04,0x05,0xff,
    0x01,0x05,0x05,0xff,0x00,0x05,0x05,0xff,0x01,0x05,0x06,0xff,0x00,0x04,0x05,0xff,
    0x00,0x00,0x01,0xff,0x00,0x05,0x05,0xfc,0x04,0x07,0x06,0xff,0x1c,0x0c,0x05,0x63,
    0x00,0x00,0x00,0x00,0x00,0x00,0x00,0x00,0x00,0x00,0x00,0x00,0x00,0x00,0x00,0x00,
    0x00,0x00,0x00,0x00,0x00,0x00,0x00,0x00,0x00,0x00,0x00,0x05,0x00,0x00,0x00,0x00,
    0x1e,0x12,0x06,0xb8,0x00,0x06,0x07,0xff,0x02,0x06,0x07,0xfb,0x00,0x05,0x05,0xff,
    0x00,0x04,0x05,0xff,0x00,0x04,0x05,0xff,0x00,0x05,0x05,0xff,0x00,0x04,0x05,0xff,
    0x00,0x04,0x05,0xff,0x00,0x05,0x05,0xff,0x00,0x04,0x05,0xff,0x01,0x05,0x05,0xff,
    0x02,0x06,0x07,0xff,0x00,0x05,0x06,0xfc,0x04,0x06,0x05,0xff,0x19,0x0c,0x05,0x63,
    0x00,0x00,0x00,0x00,0x00,0x00,0x00,0x00,0x00,0x00,0x00,0x00,0x00,0x00,0x00,0x04,
    0x00,0x00,0x00,0x04,0x00,0x00,0x00,0x02,0x00,0x00,0x00,0x02,0x3d,0x20,0x09,0x4f,
    0x1d,0x11,0x07,0xd2,0x03,0x08,0x08,0xfd,0x01,0x05,0x06,0xfd,0x01,0x05,0x05,0xff,
    0x01,0x04,0x05,0xff,0x00,0x04,0x05,0xff,0x00,0x04,0x05,0xff,0x01,0x04,0x05,0xff,
    0x00,0x04,0x05,0xff,0x01,0x05,0x05,0xff,0x01,0x05,0x05,0xff,0x00,0x04,0x05,0xff,
    0x00,0x04,0x05,0xff,0x00,0x05,0x05,0xfc,0x05,0x07,0x05,0xff,0x17,0x0a,0x02,0x63,
    0x00,0x00,0x00,0x00,0x00,0x00,0x00,0x00,0x00,0x00,0x00,0x00,0x00,0x00,0x00,0x00,
    0x00,0x00,0x00,0x00,0x00,0x00,0x00,0x02,0x01,0x01,0x00,0x00,0x13,0x0c,0x04,0xcf,
    0x02,0x07,0x07,0xff,0x01,0x06,0x07,0xf9,0x00,0x04,0x05,0xfc,0x00,0x04,0x05,0xfc,
    0x00,0x04,0x05,0xfc,0x00,0x04,0x05,0xfc,0x00,0x04,0x05,0xfc,0x00,0x04,0x05,0xfc,
    0x00,0x04,0x05,0xfc,0x00,0x05,0x05,0xfc,0x00,0x04,0x05,0xfc,0x00,0x04,0x05,0xfc,
    0x00,0x04,0x04,0xfc,0x00,0x03,0x04,0xf9,0x05,0x09,0x08,0xfc,0x17,0x0f,0x07,0x62,
    0x00,0x00,0x00,0x00,0x00,0x00,0x00,0x00,0x00,0x00,0x00,0x00,0x00,0x00,0x00,0x00,
    0x00,0x00,0x00,0x00,0x00,0x00,0x00,0x02,0x01,0x01,0x00,0x00,0x12,0x0b,0x05,0xcc,
    0x09,0x09,0x07,0xff,0x06,0x05,0x03,0xff,0x06,0x06,0x04,0xff,0x07,0x07,0x05,0xff,
    0x06,0x07,0x05,0xff,0x06,0x06,0x04,0xff,0x06,0x06,0x04,0xff,0x06,0x07,0x05,0xff,
    0x06,0x07,0x05,0xff,0x07,0x07,0x04,0xff,0x07,0x07,0x05,0xff,0x07,0x07,0x05,0xff,
    0x07,0x06,0x05,0xff,0x08,0x08,0x06,0xff,0x12,0x12,0x0e,0xff,0x1d,0x11,0x04,0x68,
    0x00,0x00,0x00,0x00,0x00,0x00,0x00,0x00,0x00,0x00,0x00,0x00,0x00,0x00,0x00,0x00,
    0x00,0x00,0x00,0x00,0x00,0x00,0x00,0x01,0x00,0x00,0x00,0x00,0x3a,0x1e,0x0b,0x5b,
    0x31,0x19,0x08,0x76,0x2f,0x17,0x06,0x75,0x31,0x19,0x08,0x76,0x36,0x1c,0x08,0x76,
    0x2f,0x17,0x08,0x76,0x2d,0x17,0x06,0x76,0x2b,0x15,0x06,0x76,0x2f,0x19,0x08,0x76,
    0x33,0x19,0x06,0x76,0x33,0x19,0x06,0x76,0x31,0x19,0x08,0x76,0x33,0x1c,0x08,0x76,
    0x36,0x1c,0x08,0x76,0x3a,0x20,0x0a,0x75,0x45,0x29,0x11,0x76,0x42,0x21,0x05,0x2e
};

const lv_image_dsc_t img_knight_black = {
    .header.magic = LV_IMAGE_HEADER_MAGIC,
    .header.cf = LV_COLOR_FORMAT_ARGB8888,
    .header.flags = 0,
    .header.w = 24,
    .header.h = 24,
    .header.stride = 96,
    .data_size = sizeof(img_knight_black_map),
    .data = img_knight_black_map,
};

#ifndef LV_ATTRIBUTE_IMAGE_IMG_BISHOP_BLACK
#define LV_ATTRIBUTE_IMAGE_IMG_BISHOP_BLACK
#endif

static const
LV_ATTRIBUTE_MEM_ALIGN LV_ATTRIBUTE_LARGE_CONST LV_ATTRIBUTE_IMAGE_IMG_BISHOP_BLACK
uint8_t img_bishop_black_map[] = {
    0x00,0x00,0x00,0x00,0x00,0x00,0x00,0x00,0x00,0x00,0x00,0x00,0x00,0x00,0x00,0x00,
    0x00,0x00,0x00,0x00,0x00,0x00,0x00,0x00,0x00,0x00,0x00,0x00,0x00,0x00,0x00,0x00,
    0x00,0x00,0x00,0x01,0x3f,0x3f,0x00,0x04,0x00,0x00,0x00,0x00,0x44,0x38,0x2b,0x70,
    0x48,0x3d,0x2d,0x70,0x00,0x00,0x00,0x00,0x00,0x00,0x00,0x04,0x00,0x00,0x00,0x01,
    0x00,0x00,0x00,0x00,0x00,0x00,0x00,0x00,0x00,0x00,0x00,0x00,0x00,0x00,0x00,0x00,
    0x00,0x00,0x00,0x00,0x00,0x00,0x00,0x00,0x00,0x00,0x00,0x00,0x00,0x00,0x00,0x00,
    0x00,0x00,0x00,0x00,0x00,0x00,0x00,0x00,0x00,0x00,0x00,0x00,0x00,0x00,0x00,0x00,
    0x00,0x00,0x00,0x00,0x00,0x00,0x00,0x00,0x00,0x00,0x00,0x00,0x00,0x00,0x00,0x00,
    0x00,0x00,0x00,0x00,0x00,0x00,0x00,0x00,0x51,0x42,0x2d,0x55,0x10,0x0e,0x0a,0xfc,
    0x10,0x0e,0x0a,0xfc,0x6f,0x5d,0x45,0x55,0x03,0x02,0x02,0x00,0x00,0x00,0x00,0x00,
    0x00,0x00,0x00,0x00,0x00,0x00,0x00,0x00,0x00,0x00,0x00,0x00,0x00,0x00,0x00,0x00,
    0x00,0x00,0x00,0x00,0x00,0x00,0x00,0x00,0x00,0x00,0x00,0x00,0x00,0x00,0x00,0x00,
    0x00,0x00,0x00,0x00,0x00,0x00,0x00,0x00,0x00,0x00,0x00,0x00,0x00,0x00,0x00,0x00,
    0x00,0x00,0x00,0x00,0x00,0x00,0x00,0x00,0xff,0x00,0x00,0x01,0x00,0x00,0x00,0x01,
    0xbb,0x93,0x78,0x13,0x5c,0x4a,0x38,0x7f,0x13,0x13,0x0f,0xff,0x00,0x05,0x07,0xfe,
    0x00,0x00,0x00,0xfd,0x26,0x20,0x18,0xff,0x6b,0x58,0x3f,0x70,0xff,0xff,0xaa,0x03,
    0x00,0x00,0x00,0x01,0x00,0x00,0x00,0x00,0x00,0x00,0x00,0x00,0x00,0x00,0x00,0x00,
    0x00,0x00,0x00,0x00,0x00,0x00,0x00,0x00,0x00,0x00,0x00,0x00,0x00,0x00,0x00,0x00,
    0x00,0x00,0x00,0x00,0x00,0x00,0x00,0x00,0x00,0x00,0x00,0x00,0x00,0x00,0x00,0x00,
    0x00,0x00,0x00,0x00,0x00,0x00,0x00,0x00,0x7f,0x7f,0x7f,0x02,0x00,0x00,0x00,0x00,
    0x8a,0x74,0x5e,0x2e,0x1c,0x19,0x14,0xff,0x00,0x02,0x04,0xfe,0x02,0x06,0x07,0xff,
    0x01,0x05,0x05,0xfc,0x00,0x00,0x02,0xff,0x14,0x11,0x0d,0xfc,0xff,0xbf,0x9f,0x08,
    0x00,0x00,0x00,0x00,0x00,0x00,0x00,0x01,0x00,0x00,0x00,0x00,0x00,0x00,0x00,0x00,
    0x00,0x00,0x00,0x00,0x00,0x00,0x00,0x00,0x00,0x00,0x00,0x00,0x00,0x00,0x00,0x00,
    0x00,0x00,0x00,0x00,0x00,0x00,0x00,0x00,0x00,0x00,0x00,0x00,0x00,0x00,0x00,0x00,
    0x00,0x00,0x00,0x00,0x00,0x00,0x00,0x00,0xff,0xff,0xff,0x01,0x00,0x00,0x00,0x03,
    0xd8,0xb2,0x8c,0x14,0x47,0x3a,0x2d,0xc8,0x0d,0x0b,0x08,0xfe,0x01,0x02,0x02,0xfe,
    0x01,0x03,0x04,0xfd,0x11,0x14,0x11,0xf8,0x3d,0x33,0x26,0xae,0x03,0x02,0x02,0x00,
    0x00,0x00,0x00,0x02,0x00,0x00,0x00,0x01,0x00,0x00,0x00,0x00,0x00,0x00,0x00,0x00,
    0x00,0x00,0x00,0x00,0x00,0x00,0x00,0x00,0x00,0x00,0x00,0x00,0x00,0x00,0x00,0x00,
    0x00,0x00,0x00,0x00,0x00,0x00,0x00,0x00,0x00,0x00,0x00,0x00,0x00,0x00,0x00,0x00,
    0x00,0x00,0x00,0x00,0x00,0x00,0x00,0x00,0x00,0x00,0x00,0x05,0x00,0x00,0x00,0x00,
    0x58,0x48,0x35,0x85,0x3c,0x33,0x27,0xcd,0x0f,0x0f,0x0d,0xfc,0x00,0x02,0x02,0xff,
    0x00,0x02,0x03,0xff,0x12,0x11,0x0f,0xf5,0x39,0x2f,0x22,0xc8,0x7b,0x5f,0x47,0x5d,
    0x01,0x01,0x00,0x00,0x2a,0x2a,0x00,0x06,0x00,0x00,0x00,0x00,0x00,0x00,0x00,0x00,
    0x00,0x00,0x00,0x00,0x00,0x00,0x00,0x00,0x00,0x00,0x00,0x00,0x00,0x00,0x00,0x00,
    0x00,0x00,0x00,0x00,0x00,0x00,0x00,0x00,0x00,0x00,0x00,0x00,0x00,0x00,0x00,0x00,
    0x00,0x00,0x00,0x00,0x2a,0x2a,0x00,0x06,0x02,0x01,0x01,0x00,0x6b,0x55,0x3e,0x7b,
    0x17,0x14,0x0e,0xf6,0x00,0x00,0x00,0xff,0x00,0x06,0x08,0xfe,0x0b,0x11,0x12,0xff,
    0x09,0x10,0x11,0xff,0x00,0x02,0x03,0xff,0x00,0x01,0x01,0xff,0x2b,0x27,0x1f,0xe6,
    0x50,0x3c,0x29,0x5c,0x00,0x00,0x00,0x00,0x24,0x24,0x00,0x07,0x00,0x00,0x00,0x00,
    0x00,0x00,0x00,0x00,0x00,0x00,0x00,0x00,0x00,0x00,0x00,0x00,0x00,0x00,0x00,0x00,
    0x00,0x00,0x00,0x00,0x00,0x00,0x00,0x00,0x00,0x00,0x00,0x00,0x00,0x00,0x00,0x00,
    0x00,0x00,0x00,0x01,0x00,0x00,0x00,0x00,0x6d,0x5a,0x42,0x77,0x2d,0x25,0x1d,0xf3,
    0x00,0x00,0x00,0xff,0x05,0x07,0x07,0xfc,0x02,0x03,0x03,0xff,0x49,0x4a,0x4a,0xff,
    0x4d,0x4e,0x4e,0xff,0x03,0x03,0x03,0xff,0x05,0x0a,0x0a,0xfb,0x00,0x02,0x04,0xff,
    0x20,0x1a,0x13,0xde,0x64,0x51,0x3c,0x77,0x00,0x00,0x00,0x00,0x00,0x00,0x00,0x01,
    0x00,0x00,0x00,0x00,0x00,0x00,0x00,0x00,0x00,0x00,0x00,0x00,0x00,0x00,0x00,0x00,
    0x00,0x00,0x00,0x00,0x00,0x00,0x00,0x00,0x00,0x00,0x00,0x01,0x00,0x00,0x00,0x00,
    0xff,0xda,0x91,0x07,0x5d,0x4a,0x35,0x86,0x19,0x16,0x12,0xf0,0x00,0x01,0x03,0xff,
    0x03,0x07,0x08,0xfd,0x00,0x02,0x03,0xff,0x00,0x00,0x00,0xff,0x43,0x43,0x44,0xff,
    0x49,0x4a,0x4a,0xff,0x00,0x00,0x00,0xff,0x00,0x03,0x04,0xff,0x01,0x05,0x05,0xfc,
    0x00,0x00,0x00,0xff,0x17,0x12,0x0d,0xf0,0x55,0x44,0x31,0x86,0xda,0x91,0x6d,0x07,
    0x00,0x00,0x00,0x00,0x00,0x00,0x00,0x01,0x00,0x00,0x00,0x00,0x00,0x00,0x00,0x00,
    0x00,0x00,0x00,0x00,0x00,0x00,0x00,0x00,0x00,0x00,0x00,0x01,0x00,0x00,0x00,0x00,
    0xff,0xff,0xb9,0x0b,0x25,0x1e,0x16,0xf4,0x00,0x00,0x02,0xff,0x03,0x08,0x08,0xfd,
    0x01,0x08,0x08,0xff,0x3a,0x3d,0x3d,0xff,0x49,0x4a,0x49,0xff,0x5e,0x5e,0x5f,0xff,
    0x61,0x61,0x62,0xff,0x4b,0x4a,0x49,0xff,0x42,0x44,0x43,0xff,0x02,0x08,0x09,0xff,
    0x01,0x03,0x04,0xfc,0x00,0x00,0x01,0xff,0x19,0x15,0x10,0xf4,0xff,0xb9,0x8b,0x0b,
    0x00,0x00,0x00,0x00,0x00,0x00,0x00,0x01,0x00,0x00,0x00,0x00,0x00,0x00,0x00,0x00,
    0x00,0x00,0x00,0x00,0x00,0x00,0x00,0x00,0x00,0x00,0x00,0x01,0x00,0x00,0x00,0x00,
    0xff,0xff,0xd0,0x0b,0x24,0x1e,0x17,0xf3,0x00,0x00,0x01,0xff,0x03,0x08,0x09,0xfd,
    0x01,0x07,0x08,0xff,0x2f,0x2f,0x2e,0xff,0x39,0x39,0x38,0xff,0x5d,0x5b,0x5b,0xff,
    0x60,0x5f,0x60,0xff,0x3e,0x3d,0x3e,0xff,0x37,0x37,0x37,0xff,0x02,0x09,0x09,0xff,
    0x02,0x07,0x08,0xfd,0x00,0x00,0x02,0xff,0x17,0x15,0x0f,0xf2,0xff,0xd0,0x8b,0x0b,
    0x00,0x00,0x00,0x00,0x00,0x00,0x00,0x01,0x00,0x00,0x00,0x00,0x00,0x00,0x00,0x00,
    0x00,0x00,0x00,0x00,0x00,0x00,0x00,0x00,0x00,0x00,0x00,0x01,0x00,0x00,0x00,0x00,
    0xff,0xdf,0x9f,0x08,0x3c,0x31,0x24,0x94,0x08,0x07,0x06,0xed,0x00,0x02,0x04,0xff,
    0x02,0x06,0x07,0xfd,0x00,0x00,0x00,0xff,0x00,0x00,0x00,0xff,0x50,0x50,0x50,0xff,
    0x53,0x53,0x52,0xff,0x00,0x00,0x00,0xff,0x00,0x00,0x00,0xff,0x01,0x06,0x07,0xfe,
    0x00,0x05,0x08,0xff,0x0f,0x0e,0x0b,0xf9,0x38,0x2a,0x1d,0x95,0xdf,0xbf,0x7f,0x08,
    0x00,0x00,0x00,0x00,0x00,0x00,0x00,0x01,0x00,0x00,0x00,0x00,0x00,0x00,0x00,0x00,
    0x00,0x00,0x00,0x00,0x00,0x00,0x00,0x00,0x00,0x00,0x00,0x00,0x00,0x00,0x00,0x00,
    0x00,0x00,0x00,0x01,0x00,0x00,0x00,0x00,0x4e,0x3e,0x2e,0x9f,0x17,0x13,0x0f,0xf8,
    0x00,0x00,0x00,0xff,0x00,0x02,0x02,0xfe,0x00,0x00,0x01,0xff,0x16,0x1d,0x1e,0xff,
    0x17,0x1d,0x1d,0xff,0x00,0x00,0x00,0xff,0x00,0x00,0x00,0xfe,0x00,0x01,0x01,0xff,
    0x19,0x17,0x12,0xf8,0x39,0x2e,0x1e,0x84,0x00,0x00,0x00,0x00,0x00,0x00,0x00,0x01,
    0x00,0x00,0x00,0x00,0x00,0x00,0x00,0x00,0x00,0x00,0x00,0x00,0x00,0x00,0x00,0x00,
    0x00,0x00,0x00,0x00,0x00,0x00,0x00,0x00,0x00,0x00,0x00,0x00,0x00,0x00,0x00,0x00,
    0x00,0x00,0x00,0x00,0x2a,0x00,0x00,0x06,0xff,0xff,0xff,0x06,0x55,0x42,0x30,0x63,
    0x15,0x10,0x0a,0xea,0x15,0x19,0x19,0xfc,0x2e,0x34,0x34,0xfe,0x27,0x2e,0x2e,0xff,
    0x26,0x2d,0x2e,0xff,0x2e,0x2f,0x2f,0xfe,0x1d,0x1d,0x1e,0xfd,0x09,0x07,0x05,0xf7,
    0x55,0x46,0x33,0x7b,0x04,0x03,0x02,0x00,0x00,0x00,0x00,0x06,0x00,0x00,0x00,0x00,
    0x00,0x00,0x00,0x00,0x00,0x00,0x00,0x00,0x00,0x00,0x00,0x00,0x00,0x00,0x00,0x00,
    0x00,0x00,0x00,0x00,0x00,0x00,0x00,0x00,0x00,0x00,0x00,0x00,0x00,0x00,0x00,0x00,
    0x00,0x00,0x00,0x00,0x7f,0x7f,0x7f,0x02,0x00,0x00,0x00,0x00,0x93,0x78,0x55,0x39,
    0x29,0x22,0x17,0xd9,0x24,0x26,0x27,0xfd,0x4c,0x4b,0x4b,0xfd,0x43,0x42,0x42,0xff,
    0x41,0x41,0x41,0xff,0x49,0x49,0x49,0xfe,0x2e,0x30,0x32,0xfd,0x15,0x13,0x0f,0xf0,
    0x8e,0x73,0x56,0x4d,0x00,0x00,0x00,0x00,0x00,0x00,0x00,0x02,0x00,0x00,0x00,0x00,
    0x00,0x00,0x00,0x00,0x00,0x00,0x00,0x00,0x00,0x00,0x00,0x00,0x00,0x00,0x00,0x00,
    0x00,0x00,0x00,0x00,0x00,0x00,0x00,0x00,0x00,0x00,0x00,0x00,0x00,0x00,0x00,0x00,
    0x00,0x00,0x00,0x00,0x00,0x00,0x00,0x03,0x73,0x5c,0x3f,0x2c,0x2a,0x22,0x18,0xaf,
    0x05,0x05,0x05,0xff,0x01,0x02,0x02,0xfc,0x00,0x00,0x00,0xff,0x00,0x00,0x00,0xff,
    0x00,0x00,0x00,0xff,0x00,0x00,0x00,0xff,0x04,0x06,0x06,0xfc,0x03,0x07,0x07,0xff,
    0x3d,0x35,0x28,0xd8,0xa2,0x87,0x67,0x2f,0x55,0x55,0x55,0x03,0x00,0x00,0x00,0x00,
    0x00,0x00,0x00,0x00,0x00,0x00,0x00,0x00,0x00,0x00,0x00,0x00,0x00,0x00,0x00,0x00,
    0x00,0x00,0x00,0x00,0x00,0x00,0x00,0x00,0x00,0x00,0x00,0x00,0x00,0x00,0x00,0x00,
    0x00,0x00,0x00,0x02,0x02,0x02,0x01,0x00,0x34,0x2a,0x20,0xd2,0x04,0x08,0x09,0xff,
    0x14,0x18,0x1a,0xfe,0x5b,0x5a,0x59,0xff,0x5c,0x5c,0x5b,0xff,0x61,0x60,0x5e,0xff,
    0x67,0x66,0x64,0xff,0x61,0x60,0x5f,0xff,0x57,0x57,0x56,0xff,0x0d,0x10,0x10,0xff,
    0x02,0x04,0x05,0xff,0x31,0x27,0x1d,0xfd,0xff,0xff,0xe2,0x09,0x00,0x00,0x00,0x00,
    0x00,0x00,0x00,0x01,0x00,0x00,0x00,0x00,0x00,0x00,0x00,0x00,0x00,0x00,0x00,0x00,
    0x00,0x00,0x00,0x00,0x00,0x00,0x00,0x00,0x00,0x00,0x00,0x01,0x3f,0x3f,0x3f,0x04,
    0x33,0x33,0x33,0x05,0x55,0x55,0x2a,0x06,0x5c,0x4c,0x39,0x6b,0x2f,0x29,0x20,0xcb,
    0x10,0x11,0x0f,0xf2,0x13,0x13,0x12,0xfb,0x12,0x11,0x11,0xff,0x12,0x13,0x13,0xff,
    0x14,0x19,0x19,0xff,0x13,0x13,0x13,0xff,0x12,0x10,0x10,0xfe,0x0d,0x0d,0x0d,0xf4,
    0x1c,0x18,0x13,0xe1,0x36,0x29,0x1b,0x82,0xd0,0xa2,0x73,0x0b,0x3f,0x3f,0x3f,0x04,
    0x33,0x33,0x33,0x05,0x7f,0x7f,0x00,0x02,0x00,0x00,0x00,0x00,0x00,0x00,0x00,0x00,
    0xff,0xff,0xff,0x01,0x3f,0x3f,0x3f,0x04,0x00,0x00,0x00,0x00,0x00,0x00,0x00,0x00,
    0x00,0x00,0x00,0x00,0x00,0x00,0x00,0x00,0x00,0x00,0x00,0x00,0x05,0x04,0x03,0x00,
    0x6d,0x5b,0x41,0x46,0x10,0x0d,0x08,0xea,0x00,0x00,0x00,0xfe,0x00,0x02,0x02,0xfc,
    0x00,0x04,0x05,0xfe,0x00,0x00,0x00,0xfe,0x14,0x0d,0x08,0xfe,0x6d,0x55,0x3b,0x62,
    0xff,0xff,0xff,0x01,0x00,0x00,0x00,0x00,0x00,0x00,0x00,0x00,0x00,0x00,0x00,0x00,
    0x00,0x00,0x00,0x00,0x00,0x00,0x00,0x00,0x55,0x00,0x00,0x03,0x00,0x00,0x00,0x01,
    0x00,0x00,0x00,0x00,0x00,0x00,0x00,0x00,0xc4,0x9c,0x75,0x0d,0x5e,0x4b,0x38,0x7a,
    0x58,0x47,0x36,0x79,0x5a,0x49,0x36,0x79,0x52,0x3e,0x2e,0x7e,0x5e,0x48,0x35,0x77,
    0x2f,0x27,0x1d,0xd7,0x02,0x02,0x02,0xff,0x00,0x04,0x05,0xfd,0x06,0x0b,0x0b,0xff,
    0x06,0x0b,0x0b,0xff,0x00,0x05,0x05,0xfe,0x02,0x02,0x02,0xff,0x25,0x1e,0x15,0xeb,
    0x63,0x4e,0x39,0x78,0x5b,0x48,0x36,0x7e,0x5b,0x49,0x36,0x7a,0x5c,0x48,0x37,0x77,
    0x68,0x55,0x42,0x7a,0x79,0x62,0x4a,0x41,0x00,0x00,0x00,0x00,0x00,0x00,0x00,0x00,
    0x8a,0x74,0x53,0x2e,0x5a,0x4a,0x36,0x63,0x4e,0x3d,0x2c,0x68,0x12,0x0e,0x0a,0xff,
    0x06,0x09,0x08,0xff,0x08,0x0c,0x0b,0xff,0x06,0x06,0x06,0xff,0x06,0x07,0x06,0xff,
    0x00,0x00,0x01,0xff,0x00,0x00,0x00,0xfa,0x09,0x08,0x06,0xff,0x2f,0x25,0x1a,0x90,
    0x3d,0x31,0x25,0x90,0x0e,0x0d,0x0b,0xff,0x00,0x02,0x03,0xfa,0x00,0x05,0x06,0xff,
    0x07,0x09,0x09,0xff,0x07,0x07,0x06,0xff,0x05,0x04,0x03,0xff,0x06,0x05,0x04,0xff,
    0x0e,0x0d,0x0b,0xff,0x26,0x21,0x17,0xc0,0x30,0x27,0x1a,0x3a,0x64,0x48,0x36,0x1c,
    0x7c,0x64,0x4d,0x77,0x2e,0x27,0x1d,0xff,0x08,0x0a,0x09,0xff,0x00,0x00,0x00,0xf8,
    0x09,0x08,0x07,0xff,0x0c,0x0c,0x0b,0xff,0x0f,0x10,0x0d,0xff,0x11,0x12,0x10,0xff,
    0x10,0x10,0x0d,0xff,0x11,0x0e,0x0a,0xff,0x33,0x29,0x1b,0x95,0xff,0xc6,0x71,0x09,
    0xff,0xe2,0xaa,0x09,0x3c,0x30,0x21,0x6a,0x12,0x10,0x0c,0xff,0x0e,0x0f,0x0c,0xff,
    0x10,0x12,0x0f,0xff,0x12,0x12,0x0e,0xff,0x0f,0x0d,0x0a,0xff,0x0b,0x0a,0x07,0xff,
    0x00,0x00,0x00,0xf8,0x02,0x05,0x06,0xfc,0x26,0x1e,0x16,0xff,0x6c,0x56,0x3e,0x73,
    0xad,0x8b,0x73,0x16,0x86,0x6a,0x4f,0x5d,0x19,0x16,0x10,0xff,0x07,0x05,0x03,0xff,
    0x44,0x37,0x29,0x4a,0x51,0x3f,0x32,0x38,0x5b,0x48,0x36,0x38,0x5f,0x4d,0x36,0x38,
    0x59,0x46,0x33,0x36,0x5b,0x48,0x32,0x38,0x73,0x5c,0x39,0x16,0x00,0x00,0x00,0x00,
    0x00,0x00,0x00,0x00,0x66,0x4c,0x33,0x0a,0x5b,0x44,0x32,0x38,0x4e,0x3c,0x29,0x37,
    0x5f,0x48,0x36,0x38,0x6d,0x56,0x3f,0x38,0x64,0x51,0x3b,0x38,0x68,0x57,0x3e,0x49,
    0x13,0x0f,0x0b,0xff,0x18,0x12,0x0d,0xff,0x89,0x6d,0x4e,0x41,0x9b,0x79,0x58,0x17,
    0x00,0x00,0x00,0x00,0xda,0xa3,0x7f,0x0e,0x50,0x40,0x2e,0x7e,0x3e,0x31,0x22,0x77,
    0x02,0x02,0x01,0x00,0x00,0x00,0x00,0x00,0x00,0x00,0x00,0x00,0x00,0x00,0x00,0x00,
    0x00,0x00,0x00,0x00,0x00,0x00,0x00,0x00,0x00,0x00,0x00,0x00,0x00,0x00,0x00,0x01,
    0x00,0x00,0x00,0x01,0x00,0x00,0x00,0x00,0x00,0x00,0x00,0x00,0x00,0x00,0x00,0x00,
    0x00,0x00,0x00,0x00,0x00,0x00,0x00,0x00,0x00,0x00,0x00,0x00,0x05,0x04,0x02,0x00,
    0x49,0x3a,0x29,0x7a,0x4f,0x3e,0x2b,0x76,0x03,0x02,0x01,0x00,0x00,0x00,0x00,0x00
};

const lv_image_dsc_t img_bishop_black = {
    .header.magic = LV_IMAGE_HEADER_MAGIC,
    .header.cf = LV_COLOR_FORMAT_ARGB8888,
    .header.flags = 0,
    .header.w = 24,
    .header.h = 24,
    .header.stride = 96,
    .data_size = sizeof(img_bishop_black_map),
    .data = img_bishop_black_map,
};

#ifndef LV_ATTRIBUTE_IMAGE_IMG_QUEEN_BLACK
#define LV_ATTRIBUTE_IMAGE_IMG_QUEEN_BLACK
#endif

static const
LV_ATTRIBUTE_MEM_ALIGN LV_ATTRIBUTE_LARGE_CONST LV_ATTRIBUTE_IMAGE_IMG_QUEEN_BLACK
uint8_t img_queen_black_map[] = {
    0x00,0x00,0x00,0x00,0x00,0x00,0x00,0x00,0x00,0x00,0x00,0x00,0x00,0x00,0x00,0x00,
    0x00,0x00,0x00,0x00,0x00,0x00,0x00,0x00,0x00,0x00,0x00,0x00,0x00,0x00,0x00,0x00,
    0x00,0x00,0x00,0x00,0x3f,0x00,0x00,0x04,0x00,0x00,0x00,0x00,0x4d,0x28,0x08,0x59,
    0x53,0x2b,0x0b,0x40,0x00,0x00,0x00,0x03,0x3f,0x00,0x00,0x04,0x00,0x00,0x00,0x00,
    0x00,0x00,0x00,0x00,0x00,0x00,0x00,0x00,0x00,0x00,0x00,0x00,0x00,0x00,0x00,0x00,
    0x00,0x00,0x00,0x00,0x00,0x00,0x00,0x00,0x00,0x00,0x00,0x00,0x00,0x00,0x00,0x00,
    0x00,0x00,0x00,0x00,0x00,0x00,0x00,0x00,0x00,0x00,0x00,0x02,0x00,0x00,0x00,0x01,
    0x00,0x00,0x00,0x00,0x00,0x00,0x00,0x00,0x00,0x00,0x00,0x00,0x00,0x00,0x00,0x00,
    0xff,0x00,0x00,0x01,0x00,0x00,0x00,0x00,0xbf,0x4c,0x0c,0x14,0x23,0x13,0x06,0xf0,
    0x23,0x15,0x09,0xc0,0x01,0x00,0x00,0x00,0x00,0x00,0x00,0x00,0x00,0x00,0x00,0x00,
    0x00,0x00,0x00,0x00,0x00,0x00,0x00,0x00,0x00,0x00,0x00,0x00,0x00,0x00,0x00,0x00,
    0x00,0x00,0x00,0x01,0x00,0x00,0x00,0x02,0x00,0x00,0x00,0x00,0x00,0x00,0x00,0x00,
    0x00,0x00,0x00,0x02,0x00,0x00,0x00,0x03,0x03,0x02,0x00,0x00,0x02,0x01,0x00,0x00,
    0x00,0x00,0x00,0x03,0x00,0x00,0x00,0x00,0x00,0x00,0x00,0x00,0x00,0x00,0x00,0x01,
    0x55,0x00,0x00,0x03,0x30,0x13,0x04,0x35,0x28,0x13,0x06,0x9f,0x04,0x08,0x09,0xfe,
    0x05,0x06,0x06,0xf2,0x2b,0x14,0x05,0x64,0x41,0x24,0x07,0x23,0x00,0x00,0x00,0x01,
    0x00,0x00,0x00,0x01,0x00,0x00,0x00,0x00,0x00,0x00,0x00,0x00,0x00,0x00,0x00,0x03,
    0x02,0x01,0x00,0x00,0x04,0x02,0x01,0x00,0x00,0x00,0x00,0x03,0x00,0x00,0x00,0x02,
    0x00,0x00,0x00,0x00,0x04,0x02,0x00,0x00,0x27,0x14,0x06,0xc6,0x32,0x1a,0x06,0x74,
    0x00,0x00,0x00,0x00,0x00,0x00,0x00,0x02,0x00,0x00,0x00,0x00,0x00,0x00,0x00,0x04,
    0x00,0x00,0x00,0x00,0x20,0x10,0x04,0xac,0x01,0x02,0x01,0xff,0x00,0x04,0x06,0xfa,
    0x00,0x03,0x05,0xfc,0x07,0x05,0x03,0xff,0x28,0x14,0x06,0x72,0x00,0x00,0x00,0x00,
    0x00,0x00,0x00,0x04,0x00,0x00,0x00,0x00,0x00,0x00,0x00,0x02,0x00,0x00,0x00,0x00,
    0x2e,0x18,0x06,0x74,0x25,0x14,0x07,0xc6,0x03,0x02,0x01,0x00,0x00,0x00,0x00,0x00,
    0x33,0x19,0x07,0x45,0x21,0x12,0x07,0xa8,0x04,0x08,0x07,0xff,0x11,0x0b,0x06,0xe4,
    0x33,0x18,0x07,0x91,0x8d,0x38,0x1c,0x09,0x00,0x00,0x00,0x00,0x00,0x00,0x00,0x03,
    0x00,0x00,0x00,0x01,0x23,0x12,0x04,0x6c,0x0e,0x06,0x01,0xc4,0x01,0x05,0x06,0xfc,
    0x03,0x07,0x09,0xf7,0x10,0x09,0x04,0xb9,0x31,0x15,0x07,0x48,0x00,0x00,0x00,0x00,
    0x55,0x00,0x00,0x03,0x00,0x00,0x00,0x00,0x8d,0x55,0x1c,0x09,0x2c,0x17,0x08,0x90,
    0x0c,0x07,0x04,0xe4,0x01,0x02,0x03,0xff,0x19,0x0d,0x04,0xa8,0x37,0x19,0x03,0x45,
    0x20,0x0e,0x04,0x7c,0x05,0x05,0x04,0xff,0x00,0x07,0x09,0xf7,0x00,0x04,0x07,0xff,
    0x1a,0x0d,0x04,0xff,0xbb,0x5d,0x1a,0x13,0x00,0x00,0x00,0x01,0x33,0x00,0x00,0x05,
    0x33,0x00,0x00,0x05,0x00,0x00,0x00,0x00,0x31,0x16,0x05,0x2e,0x05,0x07,0x06,0xff,
    0x09,0x06,0x03,0xed,0xaa,0x55,0x00,0x09,0x00,0x00,0x00,0x00,0x00,0x00,0x00,0x03,
    0x00,0x00,0x00,0x04,0x00,0x00,0x00,0x00,0xbb,0x5d,0x1a,0x13,0x1c,0x0f,0x06,0xff,
    0x00,0x02,0x04,0xff,0x01,0x06,0x07,0xf7,0x07,0x05,0x02,0xff,0x29,0x14,0x04,0x7c,
    0x33,0x16,0x05,0x2d,0x1a,0x0d,0x06,0x93,0x01,0x08,0x09,0xff,0x13,0x0d,0x08,0xf1,
    0x3b,0x1d,0x08,0x5e,0x9f,0x5f,0x1f,0x08,0x00,0x00,0x00,0x00,0x00,0x00,0x00,0x00,
    0x00,0x00,0x00,0x00,0x00,0x00,0x00,0x03,0x30,0x18,0x06,0x2a,0x07,0x06,0x04,0xff,
    0x08,0x05,0x01,0xec,0xff,0x55,0x00,0x03,0x00,0x00,0x00,0x01,0x00,0x00,0x00,0x00,
    0x00,0x00,0x00,0x00,0x00,0x00,0x00,0x00,0x8d,0x55,0x1c,0x09,0x37,0x20,0x08,0x57,
    0x16,0x0e,0x07,0xda,0x04,0x06,0x08,0xff,0x1d,0x0e,0x05,0x8a,0x3e,0x1c,0x05,0x2d,
    0x00,0x00,0x00,0x00,0x88,0x44,0x11,0x0f,0x10,0x0d,0x08,0xe7,0x16,0x0e,0x08,0xf4,
    0x5c,0x2c,0x0c,0x50,0x00,0x00,0x00,0x00,0x47,0x28,0x0a,0x19,0x3d,0x1f,0x0b,0x70,
    0x47,0x28,0x0d,0x39,0x00,0x00,0x00,0x00,0x2b,0x18,0x08,0x91,0x05,0x07,0x07,0xff,
    0x05,0x07,0x05,0xf4,0x29,0x18,0x0a,0x74,0xff,0xff,0x7f,0x02,0x1e,0x0f,0x05,0x33,
    0x13,0x0b,0x03,0x41,0x7f,0x3f,0x00,0x04,0x00,0x00,0x00,0x00,0x55,0x2e,0x0f,0x21,
    0x1b,0x13,0x0c,0xd4,0x10,0x0e,0x0a,0xe9,0xa3,0x48,0x12,0x0e,0x00,0x00,0x00,0x00,
    0x00,0x00,0x00,0x03,0x04,0x02,0x01,0x00,0x1c,0x0f,0x06,0xc2,0x00,0x01,0x02,0xff,
    0x19,0x0d,0x03,0xe2,0x84,0x3d,0x14,0x19,0x28,0x14,0x0a,0x32,0x0e,0x09,0x04,0xff,
    0x29,0x18,0x08,0x9e,0xff,0x8b,0x17,0x0b,0x11,0x0f,0x0a,0xff,0x00,0x07,0x08,0xff,
    0x00,0x05,0x07,0xff,0x14,0x0e,0x07,0xfd,0xff,0x8b,0x2e,0x16,0x18,0x0e,0x04,0xda,
    0x13,0x0a,0x03,0xff,0x86,0x43,0x1a,0x13,0x99,0x3f,0x0c,0x14,0x2a,0x1a,0x0c,0xdc,
    0x01,0x0b,0x0c,0xff,0x0f,0x12,0x0e,0xc3,0x00,0x00,0x00,0x00,0x00,0x00,0x00,0x03,
    0x00,0x00,0x00,0x01,0xff,0xff,0xff,0x01,0x18,0x0c,0x06,0xce,0x00,0x03,0x03,0xff,
    0x05,0x06,0x04,0xfb,0x22,0x11,0x06,0xc9,0x27,0x0f,0x03,0x40,0x00,0x02,0x03,0xf8,
    0x0c,0x0e,0x0c,0xef,0x4b,0x25,0x0e,0xe6,0x05,0x0a,0x0a,0xfc,0x01,0x06,0x07,0xff,
    0x01,0x05,0x06,0xff,0x03,0x02,0x02,0xf0,0x21,0x0f,0x03,0xaa,0x05,0x05,0x04,0xfd,
    0x07,0x0a,0x09,0xfc,0x50,0x28,0x0a,0x33,0x32,0x1b,0x09,0xc1,0x09,0x0c,0x0b,0xfd,
    0x01,0x08,0x0a,0xff,0x0c,0x0e,0x0b,0xce,0xff,0x00,0x00,0x01,0x00,0x00,0x00,0x01,
    0x00,0x00,0x00,0x01,0x03,0x02,0x01,0x00,0x24,0x12,0x06,0xb7,0x05,0x06,0x05,0xf9,
    0x01,0x06,0x08,0xfb,0x03,0x05,0x05,0xff,0x1b,0x12,0x07,0xa7,0x03,0x06,0x07,0xf5,
    0x0b,0x11,0x12,0xff,0x1c,0x20,0x1e,0xff,0x00,0x06,0x07,0xff,0x01,0x06,0x06,0xff,
    0x01,0x05,0x06,0xff,0x01,0x04,0x04,0xff,0x0c,0x0b,0x09,0xff,0x00,0x05,0x07,0xff,
    0x03,0x09,0x09,0xfd,0x49,0x23,0x0a,0x65,0x18,0x13,0x0a,0xef,0x00,0x05,0x08,0xff,
    0x05,0x05,0x03,0xfd,0x18,0x0d,0x04,0xb8,0x02,0x01,0x00,0x00,0x00,0x00,0x00,0x01,
    0x00,0x00,0x00,0x00,0x00,0x00,0x00,0x01,0xe2,0x71,0x1c,0x09,0x1a,0x0f,0x08,0xd0,
    0x00,0x06,0x08,0xff,0x03,0x07,0x07,0xfc,0x0f,0x12,0x10,0xfa,0x04,0x0a,0x0b,0xff,
    0x04,0x08,0x09,0xfe,0x09,0x0d,0x0d,0xfe,0x00,0x04,0x05,0xff,0x01,0x05,0x05,0xff,
    0x00,0x04,0x05,0xff,0x00,0x04,0x05,0xff,0x04,0x08,0x09,0xfe,0x01,0x05,0x06,0xff,
    0x03,0x07,0x07,0xff,0x18,0x18,0x13,0xf5,0x08,0x0d,0x0d,0xfb,0x00,0x02,0x04,0xff,
    0x18,0x0d,0x04,0xf1,0x9c,0x4e,0x13,0x1a,0x00,0x00,0x00,0x00,0x00,0x00,0x00,0x01,
    0x00,0x00,0x00,0x00,0x00,0x00,0x00,0x01,0x02,0x01,0x00,0x00,0x21,0x13,0x09,0xb5,
    0x01,0x06,0x06,0xff,0x01,0x05,0x05,0xfc,0x02,0x08,0x08,0xff,0x02,0x07,0x08,0xff,
    0x01,0x04,0x04,0xff,0x01,0x03,0x03,0xff,0x02,0x06,0x07,0xff,0x01,0x06,0x07,0xff,
    0x01,0x05,0x06,0xff,0x02,0x06,0x06,0xff,0x01,0x05,0x05,0xff,0x00,0x03,0x04,0xff,
    0x02,0x06,0x06,0xff,0x06,0x0d,0x0e,0xff,0x01,0x07,0x08,0xfe,0x00,0x01,0x02,0xff,
    0x22,0x10,0x04,0xe3,0xe9,0x7f,0x2a,0x0c,0x00,0x00,0x00,0x00,0xff,0x00,0x00,0x01,
    0x00,0x00,0x00,0x00,0x00,0x00,0x00,0x03,0x00,0x00,0x00,0x01,0x23,0x16,0x08,0x39,
    0x06,0x08,0x07,0xfd,0x01,0x04,0x05,0xfe,0x03,0x07,0x08,0xff,0x02,0x07,0x07,0xff,
    0x01,0x03,0x04,0xff,0x00,0x00,0x00,0xff,0x00,0x00,0x00,0xff,0x00,0x02,0x03,0xff,
    0x00,0x01,0x02,0xff,0x00,0x01,0x02,0xff,0x00,0x00,0x02,0xff,0x02,0x06,0x06,0xff,
    0x02,0x05,0x06,0xff,0x01,0x05,0x05,0xfe,0x00,0x05,0x06,0xfb,0x06,0x09,0x09,0xfe,
    0x37,0x1e,0x09,0x6e,0x00,0x00,0x00,0x01,0x3f,0x00,0x00,0x04,0x00,0x00,0x00,0x00,
    0x00,0x00,0x00,0x00,0x00,0x00,0x00,0x03,0x00,0x00,0x00,0x00,0x1b,0x0d,0x09,0x37,
    0x05,0x09,0x08,0xff,0x00,0x06,0x07,0xfc,0x00,0x02,0x02,0xff,0x00,0x00,0x00,0xff,
    0x05,0x06,0x06,0xff,0x2f,0x2f,0x2f,0xff,0x21,0x21,0x21,0xff,0x18,0x1a,0x1a,0xff,
    0x18,0x1b,0x1b,0xff,0x16,0x19,0x19,0xff,0x1e,0x1f,0x1f,0xff,0x01,0x07,0x07,0xff,
    0x00,0x02,0x02,0xff,0x00,0x00,0x00,0xff,0x00,0x00,0x01,0xfa,0x08,0x0d,0x0c,0xff,
    0x36,0x22,0x0c,0x67,0x00,0x00,0x00,0x00,0x3f,0x00,0x00,0x04,0x00,0x00,0x00,0x00,
    0x00,0x00,0x00,0x00,0x00,0x00,0x00,0x03,0x00,0x00,0x00,0x01,0x26,0x10,0x05,0x2e,
    0x0d,0x07,0x03,0xe3,0x0a,0x11,0x11,0xff,0x2c,0x2d,0x2d,0xff,0x36,0x34,0x34,0xff,
    0x3a,0x38,0x38,0xff,0x3b,0x3d,0x3d,0xff,0x4d,0x4d,0x4e,0xff,0x47,0x49,0x48,0xff,
    0x4a,0x4b,0x4b,0xff,0x4c,0x4d,0x4c,0xff,0x4a,0x4a,0x4a,0xff,0x3d,0x3d,0x3e,0xff,
    0x39,0x3a,0x3a,0xff,0x2f,0x2f,0x2e,0xfe,0x08,0x0a,0x0c,0xff,0x0a,0x06,0x03,0xec,
    0x40,0x23,0x0b,0x57,0x00,0x00,0x00,0x01,0x55,0x00,0x00,0x03,0x00,0x00,0x00,0x00,
    0x00,0x00,0x00,0x00,0x00,0x00,0x00,0x00,0x00,0x00,0x00,0x02,0xff,0x00,0x00,0x01,
    0x4b,0x1b,0x06,0x25,0x31,0x20,0x12,0xdf,0x27,0x26,0x26,0xfe,0x2b,0x2c,0x2c,0xfe,
    0x27,0x2b,0x2c,0xff,0x00,0x00,0x01,0xff,0x00,0x00,0x00,0xff,0x00,0x00,0x00,0xff,
    0x00,0x00,0x00,0xff,0x00,0x03,0x02,0xff,0x00,0x00,0x00,0xff,0x2e,0x31,0x31,0xff,
    0x34,0x38,0x37,0xfe,0x32,0x33,0x34,0xfc,0x29,0x1c,0x13,0xec,0x3a,0x18,0x03,0x53,
    0xff,0x00,0x00,0x01,0x55,0x00,0x00,0x03,0x00,0x00,0x00,0x00,0x00,0x00,0x00,0x00,
    0x00,0x00,0x00,0x00,0x00,0x00,0x00,0x00,0x00,0x00,0x00,0x00,0x33,0x00,0x00,0x05,
    0x00,0x00,0x00,0x00,0x55,0x29,0x0a,0x5d,0x03,0x00,0x00,0xff,0x00,0x00,0x00,0xfb,
    0x00,0x07,0x07,0xff,0x32,0x35,0x36,0xff,0x43,0x43,0x43,0xff,0x43,0x43,0x44,0xff,
    0x46,0x46,0x46,0xff,0x3b,0x3d,0x3c,0xff,0x23,0x23,0x24,0xff,0x00,0x00,0x00,0xff,
    0x00,0x00,0x00,0xfb,0x00,0x00,0x00,0xff,0x3c,0x1d,0x06,0x93,0x01,0x01,0x00,0x00,
    0x00,0x00,0x00,0x05,0x00,0x00,0x00,0x00,0x00,0x00,0x00,0x00,0x00,0x00,0x00,0x00,
    0x00,0x00,0x00,0x00,0x00,0x00,0x00,0x00,0x00,0x00,0x00,0x01,0x00,0x00,0x00,0x01,
    0x00,0x00,0x00,0x00,0x39,0x1a,0x06,0x7c,0x0d,0x0a,0x08,0xff,0x1e,0x1e,0x1e,0xfc,
    0x32,0x33,0x33,0xff,0x48,0x49,0x4a,0xff,0x45,0x46,0x46,0xff,0x45,0x47,0x46,0xff,
    0x48,0x49,0x48,0xff,0x41,0x41,0x42,0xff,0x3b,0x3c,0x3d,0xff,0x1d,0x1e,0x1f,0xff,
    0x1c,0x20,0x21,0xfc,0x10,0x12,0x12,0xfe,0x2f,0x16,0x04,0xa7,0x4e,0x27,0x13,0x0d,
    0x00,0x00,0x00,0x02,0x00,0x00,0x00,0x01,0x00,0x00,0x00,0x00,0x00,0x00,0x00,0x00,
    0x00,0x00,0x00,0x00,0x00,0x00,0x00,0x01,0x00,0x00,0x00,0x02,0x99,0x4c,0x19,0x0a,
    0x58,0x2a,0x0e,0x59,0x0a,0x05,0x01,0xfd,0x0e,0x0f,0x10,0xfe,0x58,0x57,0x57,0xff,
    0x51,0x50,0x50,0xff,0x02,0x07,0x07,0xff,0x00,0x01,0x01,0xff,0x00,0x00,0x00,0xff,
    0x00,0x00,0x01,0xff,0x00,0x00,0x00,0xff,0x00,0x01,0x02,0xff,0x48,0x48,0x4a,0xff,
    0x5f,0x5d,0x5e,0xff,0x25,0x27,0x27,0xfb,0x04,0x02,0x00,0xfe,0x2c,0x17,0x09,0x6c,
    0x48,0x24,0x00,0x07,0x00,0x00,0x00,0x04,0x00,0x00,0x00,0x00,0x00,0x00,0x00,0x00,
    0x00,0x00,0x00,0x00,0x00,0x00,0x00,0x03,0x00,0x00,0x00,0x00,0x2a,0x12,0x04,0x36,
    0x18,0x12,0x0b,0xff,0x01,0x06,0x08,0xff,0x01,0x02,0x02,0xff,0x03,0x03,0x04,0xff,
    0x03,0x03,0x04,0xff,0x02,0x04,0x04,0xff,0x02,0x05,0x05,0xff,0x02,0x06,0x07,0xff,
    0x02,0x07,0x07,0xff,0x02,0x07,0x08,0xff,0x03,0x08,0x09,0xff,0x06,0x0a,0x0a,0xff,
    0x06,0x09,0x09,0xff,0x03,0x06,0x07,0xff,0x00,0x04,0x06,0xfc,0x07,0x06,0x04,0xf0,
    0x24,0x10,0x03,0x8a,0x00,0x00,0x00,0x00,0x00,0x00,0x00,0x04,0x00,0x00,0x00,0x00,
    0x00,0x00,0x00,0x00,0x00,0x00,0x00,0x03,0x00,0x00,0x00,0x00,0x11,0x0d,0x08,0x3a,
    0x00,0x08,0x0a,0xff,0x00,0x05,0x06,0xfb,0x00,0x05,0x06,0xfc,0x00,0x05,0x06,0xfc,
    0x00,0x03,0x04,0xfc,0x00,0x03,0x03,0xfc,0x00,0x03,0x04,0xfc,0x00,0x05,0x06,0xfc,
    0x00,0x06,0x07,0xfc,0x00,0x05,0x06,0xfc,0x00,0x06,0x08,0xfc,0x00,0x06,0x07,0xfc,
    0x00,0x03,0x04,0xfc,0x00,0x02,0x03,0xfc,0x00,0x05,0x07,0xf7,0x01,0x07,0x08,0xff,
    0x20,0x0f,0x04,0xa7,0x00,0x00,0x00,0x00,0x00,0x00,0x00,0x04,0x00,0x00,0x00,0x00,
    0x00,0x00,0x00,0x00,0x00,0x00,0x00,0x02,0x00,0x00,0x00,0x01,0x31,0x1c,0x07,0x24,
    0x24,0x12,0x08,0xbe,0x0b,0x0a,0x07,0xff,0x05,0x0a,0x0a,0xff,0x05,0x08,0x07,0xff,
    0x04,0x04,0x03,0xff,0x04,0x03,0x02,0xff,0x05,0x05,0x04,0xff,0x05,0x07,0x06,0xff,
    0x05,0x07,0x06,0xff,0x04,0x06,0x05,0xff,0x05,0x05,0x04,0xff,0x05,0x06,0x05,0xff,
    0x04,0x04,0x03,0xff,0x03,0x02,0x01,0xff,0x06,0x06,0x05,0xff,0x22,0x14,0x08,0xd0,
    0x41,0x1e,0x05,0x65,0x00,0x00,0x00,0x02,0x00,0x00,0x00,0x03,0x00,0x00,0x00,0x00,
    0x00,0x00,0x00,0x00,0x00,0x00,0x00,0x00,0x7f,0x00,0x00,0x02,0x00,0x00,0x00,0x00,
    0xe9,0x6a,0x15,0x0c,0x33,0x1c,0x08,0x76,0x26,0x15,0x0a,0x76,0x20,0x11,0x06,0x76,
    0x19,0x0c,0x04,0x76,0x1c,0x0f,0x04,0x76,0x20,0x11,0x04,0x76,0x20,0x11,0x06,0x76,
    0x20,0x11,0x06,0x76,0x1e,0x0f,0x04,0x76,0x1e,0x0f,0x04,0x76,0x20,0x11,0x04,0x76,
    0x1c,0x0c,0x04,0x76,0x18,0x0a,0x04,0x74,0x29,0x13,0x06,0x76,0x67,0x37,0x0d,0x25,
    0x00,0x00,0x00,0x00,0x7f,0x00,0x00,0x02,0x00,0x00,0x00,0x00,0x00,0x00,0x00,0x00
};

const lv_image_dsc_t img_queen_black = {
    .header.magic = LV_IMAGE_HEADER_MAGIC,
    .header.cf = LV_COLOR_FORMAT_ARGB8888,
    .header.flags = 0,
    .header.w = 24,
    .header.h = 24,
    .header.stride = 96,
    .data_size = sizeof(img_queen_black_map),
    .data = img_queen_black_map,
};

#ifndef LV_ATTRIBUTE_IMAGE_IMG_KING_BLACK
#define LV_ATTRIBUTE_IMAGE_IMG_KING_BLACK
#endif

static const
LV_ATTRIBUTE_MEM_ALIGN LV_ATTRIBUTE_LARGE_CONST LV_ATTRIBUTE_IMAGE_IMG_KING_BLACK
uint8_t img_king_black_map[] = {
    0x00,0x00,0x00,0x00,0x00,0x00,0x00,0x00,0x00,0x00,0x00,0x00,0x00,0x00,0x00,0x00,
    0x00,0x00,0x00,0x00,0x00,0x00,0x00,0x00,0x00,0x00,0x00,0x00,0x00,0x00,0x00,0x00,
    0x00,0x00,0x00,0x00,0x00,0x00,0x00,0x00,0x00,0x00,0x00,0x05,0x48,0x3d,0x2d,0x70,
    0x5a,0x4c,0x34,0x5d,0xff,0xff,0x00,0x01,0x00,0x00,0x00,0x00,0x00,0x00,0x00,0x00,
    0x00,0x00,0x00,0x00,0x00,0x00,0x00,0x00,0x00,0x00,0x00,0x00,0x00,0x00,0x00,0x00,
    0x00,0x00,0x00,0x00,0x00,0x00,0x00,0x00,0x00,0x00,0x00,0x00,0x00,0x00,0x00,0x00,
    0x00,0x00,0x00,0x00,0x00,0x00,0x00,0x00,0x00,0x00,0x00,0x00,0x00,0x00,0x00,0x00,
    0x00,0x00,0x00,0x00,0x00,0x00,0x00,0x00,0x00,0x00,0x00,0x00,0x00,0x00,0x00,0x00,
    0x00,0x00,0x00,0x01,0xff,0xff,0xc8,0x0e,0xba,0x95,0x6f,0x29,0x10,0x0d,0x0a,0xff,
    0x2c,0x23,0x19,0xde,0x0c,0x0a,0x07,0x00,0x01,0x00,0x00,0x00,0x00,0x00,0x00,0x00,
    0x00,0x00,0x00,0x00,0x00,0x00,0x00,0x00,0x00,0x00,0x00,0x00,0x00,0x00,0x00,0x00,
    0x00,0x00,0x00,0x00,0x00,0x00,0x00,0x00,0x00,0x00,0x00,0x00,0x00,0x00,0x00,0x00,
    0x00,0x00,0x00,0x00,0x00,0x00,0x00,0x00,0x00,0x00,0x00,0x00,0x00,0x00,0x00,0x00,
    0x00,0x00,0x00,0x00,0x00,0x00,0x00,0x00,0x00,0x00,0x00,0x00,0x00,0x00,0x00,0x03,
    0x01,0x01,0x01,0x00,0x3b,0x32,0x25,0xbc,0x24,0x1e,0x17,0xff,0x00,0x02,0x02,0xf9,
    0x07,0x0b,0x0a,0xf4,0x1b,0x16,0x11,0xe1,0x47,0x3d,0x29,0x75,0x00,0x00,0x00,0x00,
    0x3f,0x3f,0x00,0x04,0x00,0x00,0x00,0x00,0x00,0x00,0x00,0x00,0x00,0x00,0x00,0x00,
    0x00,0x00,0x00,0x00,0x00,0x00,0x00,0x00,0x00,0x00,0x00,0x00,0x00,0x00,0x00,0x00,
    0x00,0x00,0x00,0x00,0x00,0x00,0x00,0x00,0x00,0x00,0x00,0x00,0x00,0x00,0x00,0x01,
    0x00,0x00,0x00,0x02,0x00,0x00,0x00,0x02,0x7f,0x00,0x00,0x02,0x00,0x00,0x00,0x02,
    0x02,0x01,0x01,0x00,0x30,0x27,0x1e,0x8d,0x17,0x13,0x0f,0xb6,0x08,0x0c,0x0b,0xfd,
    0x16,0x18,0x14,0xef,0x30,0x2a,0x20,0xbe,0x57,0x48,0x30,0x69,0x00,0x00,0x00,0x00,
    0x7f,0x3f,0x3f,0x04,0x7f,0x7f,0x00,0x02,0x00,0x00,0x00,0x02,0x7f,0x00,0x00,0x02,
    0x00,0x00,0x00,0x01,0x00,0x00,0x00,0x00,0x00,0x00,0x00,0x00,0x00,0x00,0x00,0x00,
    0x00,0x00,0x00,0x00,0x00,0x00,0x00,0x00,0x00,0x00,0x00,0x01,0x00,0x00,0x00,0x00,
    0x00,0x00,0x00,0x00,0x00,0x00,0x00,0x00,0x00,0x00,0x00,0x00,0x00,0x00,0x00,0x00,
    0xff,0x00,0x00,0x01,0x02,0x01,0x01,0x00,0x9b,0x80,0x5e,0x67,0x0f,0x13,0x11,0xff,
    0x37,0x2f,0x24,0xe6,0xff,0xe1,0xa7,0x23,0x00,0x00,0x00,0x00,0x55,0x55,0x55,0x03,
    0x00,0x00,0x00,0x00,0x00,0x00,0x00,0x00,0x00,0x00,0x00,0x00,0x00,0x00,0x00,0x00,
    0x00,0x00,0x00,0x00,0x00,0x00,0x00,0x00,0x00,0x00,0x00,0x00,0x00,0x00,0x00,0x00,
    0x00,0x00,0x00,0x00,0x00,0x00,0x00,0x00,0x00,0x00,0x00,0x00,0x61,0x48,0x30,0x15,
    0x52,0x43,0x34,0x22,0x45,0x3d,0x2e,0x21,0x61,0x4b,0x34,0x22,0x7f,0x55,0x2a,0x06,
    0x00,0x00,0x00,0x00,0x9c,0x85,0x62,0x41,0x2f,0x2b,0x22,0xf7,0x00,0x06,0x09,0xfe,
    0x05,0x06,0x06,0xff,0x46,0x39,0x2a,0xad,0x9b,0x7c,0x57,0x29,0x00,0x00,0x00,0x01,
    0x9c,0x75,0x62,0x0d,0x70,0x5a,0x43,0x22,0x55,0x45,0x36,0x21,0x61,0x52,0x3c,0x22,
    0x62,0x4e,0x3a,0x0d,0x00,0x00,0x00,0x00,0x00,0x00,0x00,0x01,0x00,0x00,0x00,0x00,
    0x00,0x00,0x00,0x01,0x00,0x00,0x00,0x07,0xff,0xff,0xff,0x05,0x3f,0x32,0x24,0xa1,
    0x0e,0x0c,0x09,0xfc,0x0a,0x08,0x06,0xf8,0x29,0x22,0x17,0xfc,0xb3,0x8d,0x61,0x2f,
    0xff,0xff,0xff,0x05,0x36,0x2f,0x24,0xf2,0x01,0x08,0x0a,0xfe,0x03,0x07,0x08,0xfe,
    0x00,0x01,0x01,0xfa,0x0e,0x0d,0x0b,0xff,0x3c,0x31,0x25,0x94,0xff,0xff,0xcc,0x05,
    0x7c,0x63,0x47,0x64,0x1f,0x1a,0x13,0xfc,0x0b,0x0a,0x08,0xf4,0x15,0x11,0x0c,0xfc,
    0x4d,0x3c,0x2c,0x6d,0xff,0xff,0xff,0x02,0x00,0x00,0x00,0x06,0x00,0x00,0x00,0x01,
    0x00,0x00,0x00,0x00,0xff,0xcc,0x8c,0x14,0x39,0x2c,0x21,0xdf,0x10,0x10,0x0e,0xf4,
    0x02,0x06,0x06,0xff,0x00,0x02,0x03,0xff,0x06,0x0a,0x09,0xff,0x16,0x12,0x0d,0xe6,
    0x5d,0x57,0x51,0xe0,0x3c,0x3e,0x3d,0xfa,0x00,0x00,0x01,0xff,0x02,0x05,0x06,0xff,
    0x03,0x05,0x06,0xff,0x00,0x00,0x00,0xfd,0x63,0x61,0x5c,0xef,0x5b,0x55,0x4e,0xe0,
    0x10,0x0c,0x08,0xec,0x02,0x06,0x06,0xff,0x00,0x02,0x03,0xff,0x01,0x04,0x04,0xfe,
    0x18,0x16,0x13,0xee,0x4f,0x3f,0x2e,0xb9,0x0c,0x09,0x07,0x00,0x00,0x00,0x00,0x00,
    0x63,0x4f,0x3a,0x4a,0x31,0x29,0x1f,0xc5,0x06,0x08,0x07,0xff,0x00,0x04,0x06,0xff,
    0x02,0x06,0x07,0xfe,0x01,0x04,0x06,0xff,0x02,0x07,0x08,0xfe,0x00,0x00,0x02,0xff,
    0x41,0x43,0x46,0xff,0x3f,0x40,0x40,0xff,0x00,0x00,0x00,0xff,0x02,0x05,0x05,0xff,
    0x02,0x05,0x05,0xff,0x00,0x00,0x00,0xff,0x5d,0x5c,0x5a,0xff,0x3b,0x3e,0x3e,0xff,
    0x00,0x00,0x02,0xff,0x03,0x08,0x08,0xfe,0x00,0x03,0x04,0xff,0x03,0x08,0x08,0xfe,
    0x00,0x02,0x05,0xff,0x11,0x0e,0x0c,0xfb,0x32,0x27,0x1b,0xbb,0x67,0x52,0x3a,0x4a,
    0x49,0x39,0x28,0x6b,0x07,0x07,0x06,0xff,0x00,0x04,0x05,0xfa,0x02,0x06,0x07,0xfe,
    0x01,0x05,0x06,0xff,0x01,0x05,0x06,0xff,0x01,0x06,0x06,0xff,0x02,0x06,0x06,0xfe,
    0x0c,0x0d,0x0e,0xfd,0x25,0x25,0x24,0xff,0x35,0x36,0x35,0xff,0x01,0x07,0x07,0xff,
    0x03,0x08,0x08,0xff,0x3f,0x3d,0x3c,0xff,0x2c,0x2c,0x2b,0xfe,0x0b,0x0b,0x0c,0xfd,
    0x02,0x06,0x07,0xfe,0x01,0x05,0x05,0xff,0x01,0x05,0x05,0xff,0x01,0x06,0x06,0xff,
    0x02,0x06,0x06,0xfe,0x00,0x00,0x00,0xfc,0x0a,0x08,0x06,0xff,0x58,0x47,0x34,0x6b,
    0x4d,0x3b,0x29,0x63,0x0a,0x09,0x07,0xfb,0x00,0x03,0x03,0xfc,0x01,0x05,0x05,0xff,
    0x01,0x05,0x06,0xff,0x01,0x06,0x06,0xff,0x00,0x05,0x06,0xff,0x01,0x06,0x07,0xff,
    0x00,0x00,0x00,0xff,0x1c,0x1c,0x1c,0xff,0x5b,0x5a,0x59,0xff,0x00,0x06,0x05,0xff,
    0x1d,0x21,0x21,0xff,0x53,0x51,0x51,0xff,0x04,0x04,0x04,0xff,0x00,0x01,0x00,0xff,
    0x01,0x05,0x06,0xff,0x01,0x05,0x05,0xff,0x01,0x06,0x07,0xff,0x01,0x07,0x07,0xff,
    0x01,0x06,0x06,0xff,0x01,0x03,0x04,0xfc,0x0e,0x0f,0x0c,0xfb,0x5f,0x4d,0x38,0x63,
    0x4c,0x3b,0x2a,0x67,0x07,0x09,0x08,0xff,0x00,0x04,0x06,0xfc,0x02,0x06,0x06,0xff,
    0x01,0x05,0x06,0xff,0x01,0x06,0x06,0xff,0x01,0x05,0x06,0xff,0x01,0x04,0x05,0xff,
    0x01,0x03,0x03,0xff,0x07,0x09,0x09,0xff,0x1d,0x1f,0x20,0xff,0x42,0x43,0x42,0xff,
    0x40,0x41,0x41,0xff,0x17,0x1a,0x1c,0xff,0x01,0x05,0x05,0xff,0x01,0x04,0x05,0xff,
    0x01,0x04,0x04,0xff,0x01,0x05,0x05,0xff,0x01,0x06,0x06,0xff,0x01,0x06,0x07,0xff,
    0x02,0x06,0x06,0xff,0x00,0x05,0x06,0xfb,0x08,0x0e,0x0d,0xff,0x54,0x45,0x33,0x67,
    0x5f,0x4a,0x36,0x5d,0x1c,0x18,0x13,0xee,0x00,0x02,0x03,0xfc,0x00,0x03,0x04,0xff,
    0x02,0x06,0x07,0xff,0x02,0x06,0x06,0xff,0x02,0x06,0x06,0xff,0x02,0x05,0x06,0xff,
    0x00,0x05,0x07,0xff,0x00,0x03,0x04,0xff,0x00,0x03,0x03,0xff,0x58,0x57,0x57,0xff,
    0x42,0x42,0x42,0xff,0x00,0x00,0x00,0xff,0x00,0x05,0x06,0xff,0x01,0x04,0x05,0xff,
    0x02,0x06,0x06,0xff,0x02,0x07,0x07,0xff,0x02,0x06,0x06,0xff,0x02,0x05,0x06,0xff,
    0x00,0x03,0x03,0xff,0x06,0x09,0x09,0xff,0x29,0x25,0x1b,0xef,0x62,0x4f,0x36,0x5d,
    0xaa,0x7f,0x55,0x06,0x87,0x6c,0x51,0x2f,0x30,0x28,0x1f,0xff,0x0d,0x0e,0x0c,0xfe,
    0x04,0x09,0x0a,0xfc,0x00,0x02,0x02,0xff,0x00,0x00,0x00,0xff,0x00,0x00,0x00,0xff,
    0x0c,0x13,0x14,0xff,0x1c,0x22,0x22,0xff,0x1a,0x1c,0x1c,0xff,0x55,0x55,0x54,0xff,
    0x40,0x3f,0x3f,0xff,0x10,0x0f,0x10,0xff,0x14,0x17,0x17,0xff,0x01,0x07,0x08,0xff,
    0x00,0x00,0x00,0xff,0x00,0x00,0x00,0xff,0x00,0x01,0x01,0xff,0x0a,0x0e,0x0f,0xfc,
    0x04,0x04,0x04,0xfe,0x3a,0x2e,0x22,0xe8,0xe7,0xbd,0x8e,0x2b,0xd4,0xaa,0x7f,0x06,
    0x00,0x00,0x00,0x00,0x7f,0x55,0x55,0x06,0xbc,0x9b,0x79,0x2e,0x2a,0x24,0x1e,0xbb,
    0x00,0x01,0x02,0xff,0x13,0x14,0x13,0xfc,0x21,0x20,0x1f,0xff,0x23,0x24,0x24,0xff,
    0x3f,0x3f,0x3f,0xff,0x53,0x52,0x52,0xff,0x47,0x46,0x46,0xff,0x40,0x3f,0x3f,0xff,
    0x3d,0x3d,0x3c,0xff,0x3d,0x3d,0x3c,0xff,0x45,0x44,0x43,0xff,0x34,0x36,0x35,0xff,
    0x2a,0x2c,0x2b,0xff,0x26,0x25,0x25,0xff,0x1c,0x1d,0x1e,0xfd,0x09,0x10,0x11,0xff,
    0x30,0x28,0x1e,0xc8,0xff,0xd4,0x94,0x0c,0x00,0x00,0x00,0x00,0x00,0x00,0x00,0x00,
    0x00,0x00,0x00,0x00,0x00,0x00,0x00,0x03,0x00,0x00,0x00,0x00,0x3c,0x2e,0x21,0x72,
    0x26,0x1e,0x17,0xcf,0x31,0x30,0x2e,0xfc,0x41,0x42,0x42,0xfe,0x49,0x49,0x4a,0xff,
    0x24,0x26,0x27,0xff,0x00,0x00,0x00,0xff,0x00,0x00,0x00,0xff,0x00,0x02,0x02,0xff,
    0x01,0x02,0x02,0xff,0x00,0x02,0x03,0xff,0x02,0x05,0x06,0xff,0x3f,0x40,0x40,0xff,
    0x50,0x50,0x4f,0xff,0x46,0x46,0x47,0xff,0x54,0x52,0x50,0xfe,0x3e,0x34,0x2b,0xc7,
    0x6c,0x51,0x41,0x2f,0x00,0x00,0x00,0x00,0x55,0x55,0x00,0x03,0x00,0x00,0x00,0x00,
    0x00,0x00,0x00,0x00,0x00,0x00,0x00,0x00,0x99,0x33,0x33,0x05,0x01,0x01,0x01,0x00,
    0x89,0x6f,0x4e,0x27,0x0b,0x09,0x06,0xff,0x00,0x01,0x02,0xff,0x00,0x09,0x08,0xff,
    0x05,0x0b,0x0b,0xff,0x0b,0x0c,0x0c,0xff,0x0e,0x0f,0x0f,0xff,0x18,0x1b,0x1b,0xff,
    0x0e,0x12,0x13,0xff,0x00,0x01,0x02,0xff,0x00,0x03,0x05,0xff,0x00,0x08,0x09,0xff,
    0x00,0x07,0x06,0xff,0x00,0x00,0x00,0xff,0x23,0x1d,0x15,0xff,0xff,0xe1,0xa7,0x23,
    0x00,0x00,0x00,0x00,0x55,0x55,0x55,0x03,0x00,0x00,0x00,0x00,0x00,0x00,0x00,0x00,
    0x00,0x00,0x00,0x00,0x00,0x00,0x00,0x00,0x7f,0x00,0x00,0x02,0x00,0x00,0x00,0x03,
    0x42,0x38,0x23,0x32,0x0c,0x0a,0x06,0xff,0x01,0x05,0x05,0xff,0x00,0x00,0x00,0xff,
    0x29,0x2a,0x2a,0xff,0x5a,0x59,0x5a,0xff,0x55,0x55,0x55,0xff,0x5b,0x5b,0x5b,0xff,
    0x54,0x54,0x54,0xff,0x44,0x44,0x43,0xff,0x44,0x43,0x42,0xff,0x10,0x15,0x15,0xff,
    0x00,0x03,0x03,0xff,0x01,0x01,0x01,0xff,0x26,0x1f,0x17,0xff,0xb4,0x96,0x6e,0x33,
    0x55,0x55,0x55,0x03,0x7f,0x7f,0x7f,0x02,0x00,0x00,0x00,0x00,0x00,0x00,0x00,0x00,
    0x00,0x00,0x00,0x00,0x00,0x00,0x00,0x00,0x7f,0x00,0x00,0x02,0x00,0x00,0x00,0x00,
    0x66,0x55,0x3b,0x1e,0x0b,0x0a,0x06,0xff,0x0b,0x10,0x12,0xff,0x57,0x57,0x59,0xff,
    0x31,0x32,0x32,0xff,0x0d,0x0d,0x0d,0xff,0x10,0x14,0x14,0xff,0x10,0x16,0x16,0xff,
    0x14,0x17,0x17,0xff,0x19,0x19,0x18,0xff,0x17,0x17,0x16,0xff,0x37,0x37,0x37,0xff,
    0x43,0x44,0x44,0xff,0x07,0x0a,0x0d,0xff,0x2b,0x24,0x1c,0xff,0xff,0xff,0xbb,0x1e,
    0x00,0x00,0x00,0x00,0xff,0x7f,0x7f,0x02,0x00,0x00,0x00,0x00,0x00,0x00,0x00,0x00,
    0x00,0x00,0x00,0x00,0x7f,0x7f,0x7f,0x02,0x00,0x00,0x00,0x01,0x84,0x6d,0x51,0x38,
    0x5d,0x4d,0x39,0x9b,0x07,0x0c,0x0b,0xfd,0x08,0x0f,0x11,0xff,0x3d,0x3d,0x3e,0xff,
    0x1e,0x1f,0x20,0xff,0x00,0x00,0x01,0xff,0x00,0x04,0x04,0xff,0x00,0x03,0x03,0xff,
    0x00,0x00,0x00,0xff,0x00,0x00,0x00,0xff,0x00,0x00,0x00,0xff,0x26,0x26,0x26,0xff,
    0x32,0x33,0x34,0xff,0x03,0x08,0x0b,0xff,0x1c,0x1b,0x16,0xfd,0x78,0x62,0x4a,0x9b,
    0x95,0x79,0x58,0x2e,0xff,0x00,0x00,0x01,0x7f,0x7f,0x7f,0x02,0x00,0x00,0x00,0x00,
    0x00,0x00,0x00,0x00,0x3f,0x3f,0x00,0x04,0x00,0x00,0x00,0x00,0x3e,0x31,0x26,0x72,
    0x0e,0x0f,0x0d,0xff,0x00,0x09,0x0b,0xfb,0x01,0x05,0x05,0xff,0x00,0x00,0x00,0xff,
    0x00,0x01,0x01,0xff,0x02,0x06,0x06,0xff,0x02,0x05,0x05,0xff,0x01,0x05,0x05,0xff,
    0x01,0x04,0x05,0xff,0x02,0x05,0x06,0xff,0x02,0x07,0x07,0xff,0x00,0x01,0x02,0xff,
    0x00,0x00,0x00,0xff,0x01,0x06,0x07,0xff,0x00,0x05,0x08,0xfb,0x14,0x13,0x10,0xff,
    0x78,0x60,0x47,0x72,0x00,0x00,0x00,0x00,0x7f,0x3f,0x3f,0x04,0x00,0x00,0x00,0x00,
    0x00,0x00,0x00,0x00,0x3f,0x3f,0x3f,0x04,0x00,0x00,0x00,0x00,0x4a,0x3e,0x30,0x6e,
    0x1a,0x18,0x14,0xff,0x00,0x03,0x05,0xf8,0x00,0x01,0x02,0xfc,0x00,0x03,0x04,0xfc,
    0x00,0x03,0x04,0xfc,0x00,0x03,0x04,0xfc,0x00,0x04,0x05,0xfc,0x00,0x05,0x06,0xfc,
    0x00,0x04,0x05,0xfc,0x00,0x04,0x04,0xfc,0x00,0x04,0x05,0xfc,0x00,0x05,0x07,0xfc,
    0x00,0x05,0x06,0xfc,0x00,0x00,0x01,0xfc,0x00,0x04,0x05,0xf9,0x27,0x23,0x1d,0xff,
    0x7d,0x67,0x51,0x6a,0x00,0x00,0x00,0x00,0x7f,0x3f,0x3f,0x04,0x00,0x00,0x00,0x00,
    0x00,0x00,0x00,0x00,0xff,0x00,0x00,0x01,0x7f,0x7f,0x7f,0x02,0x99,0x84,0x66,0x19,
    0x83,0x69,0x4e,0x61,0x1d,0x17,0x11,0xff,0x06,0x05,0x04,0xff,0x0c,0x0b,0x08,0xff,
    0x0a,0x0a,0x08,0xff,0x0a,0x09,0x07,0xff,0x0a,0x0a,0x08,0xff,0x08,0x0b,0x0a,0xff,
    0x08,0x0a,0x08,0xff,0x08,0x08,0x07,0xff,0x09,0x09,0x07,0xff,0x08,0x08,0x06,0xff,
    0x0c,0x0c,0x09,0xff,0x0e,0x0d,0x0a,0xff,0x2d,0x25,0x1b,0xf7,0xab,0x8c,0x6a,0x43,
    0xaa,0x8d,0x71,0x12,0x00,0x00,0x00,0x01,0x00,0x00,0x00,0x01,0x00,0x00,0x00,0x00,
    0x00,0x00,0x00,0x00,0x00,0x00,0x00,0x00,0xff,0x00,0x00,0x01,0x00,0x00,0x00,0x00,
    0xff,0xff,0x9f,0x08,0x56,0x48,0x36,0x70,0x44,0x38,0x28,0x70,0x54,0x44,0x32,0x70,
    0x4f,0x3f,0x2d,0x70,0x4b,0x3b,0x2b,0x70,0x46,0x38,0x28,0x70,0x3f,0x32,0x24,0x70,
    0x3d,0x32,0x24,0x70,0x3f,0x32,0x24,0x70,0x46,0x38,0x2b,0x70,0x3b,0x32,0x22,0x70,
    0x52,0x44,0x30,0x6f,0x76,0x61,0x48,0x70,0x84,0x6d,0x4f,0x64,0x00,0x00,0x00,0x00,
    0x00,0x00,0x00,0x00,0x00,0x00,0x00,0x00,0x00,0x00,0x00,0x00,0x00,0x00,0x00,0x00
};

const lv_image_dsc_t img_king_black = {
    .header.magic = LV_IMAGE_HEADER_MAGIC,
    .header.cf = LV_COLOR_FORMAT_ARGB8888,
    .header.flags = 0,
    .header.w = 24,
    .header.h = 24,
    .header.stride = 96,
    .data_size = sizeof(img_king_black_map),
    .data = img_king_black_map,
};
