#include "sprites_128_manifest.h"

#ifndef LV_ATTRIBUTE_MEM_ALIGN
#define LV_ATTRIBUTE_MEM_ALIGN
#endif
#ifndef LV_ATTRIBUTE_LARGE_CONST
#define LV_ATTRIBUTE_LARGE_CONST
#endif

static const LV_ATTRIBUTE_MEM_ALIGN LV_ATTRIBUTE_LARGE_CONST uint8_t bitblocks_sprite_128_snowman_data[] = {
    0x00,0x00,0x00,0x00,0x00,0x00,0x00,0x00,0x00,0x00,0x00,0x00,0x00,0x00,0x00,0x00,0x00,0x00,0x00,0x00,0x00,0x00,0x00,0x00,0x00,0x00,0x00,0x00,0x00,0x00,0x00,0x00,
    0x00,0x00,0x00,0x00,0x00,0x00,0x00,0x00,0x00,0x00,0x00,0x00,0x00,0x00,0x00,0x00,0x00,0x00,0x00,0x00,0x00,0x00,0x00,0x00,0x00,0x00,0x00,0x00,0x00,0x00,0x00,0x00,
    0x00,0x00,0x00,0x00,0x00,0x00,0x00,0x00,0x00,0x00,0x00,0x00,0x00,0x00,0x00,0x00,0x00,0x00,0x00,0x00,0x00,0x00,0x00,0x00,0x00,0x00,0x00,0x00,0x00,0x00,0x00,0x00,
    0x00,0x00,0x00,0x00,0x00,0x00,0x00,0x00,0x00,0x00,0x00,0x00,0x00,0x00,0x00,0x00,0x00,0x00,0x00,0x00,0x00,0x00,0x00,0x00,0x00,0x00,0x00,0x00,0x00,0x00,0x00,0x00,
    0x00,0x00,0x00,0x00,0x00,0x00,0x00,0x00,0x00,0x00,0x00,0x00,0x00,0x00,0x00,0x00,0x00,0x00,0x00,0x00,0x00,0x00,0x00,0x00,0x00,0x00,0x00,0x00,0x00,0x00,0x00,0x00,
    0x00,0x00,0x00,0x00,0x00,0x00,0x00,0x00,0x00,0x00,0x00,0x00,0x00,0x00,0x00,0x00,0x00,0x00,0x00,0x00,0x00,0x00,0x00,0x00,0x00,0x00,0x00,0x00,0x00,0x00,0x00,0x00,
    0x00,0x00,0x00,0x00,0x00,0x00,0x00,0x00,0x00,0x00,0x00,0x00,0xbf,0x9f,0x9f,0x08,0x4e,0x36,0x37,0xa6,0x4f,0x3e,0x3b,0xa8,0x4d,0x40,0x37,0xac,0x52,0x3d,0x37,0xab,
    0x51,0x3c,0x38,0xa7,0x51,0x3d,0x3a,0xa7,0x52,0x3d,0x3a,0xa8,0x51,0x3c,0x38,0xa7,0x52,0x3b,0x3a,0xa8,0x56,0x3c,0x3c,0xa7,0x53,0x3c,0x39,0xa9,0x56,0x3f,0x3a,0xa7,
    0x56,0x43,0x3b,0xa1,0x4f,0x41,0x35,0x9e,0x8c,0x7f,0x79,0x2a,0x00,0x00,0x00,0x00,0x00,0x00,0x00,0x00,0x00,0x00,0x00,0x00,0x00,0x00,0x00,0x00,0x00,0x00,0x00,0x00,
    0x00,0x00,0x00,0x00,0x00,0x00,0x00,0x00,0x00,0x00,0x00,0x00,0x00,0x00,0x00,0x00,0x00,0x00,0x00,0x00,0x00,0x00,0x00,0x00,0x00,0x00,0x00,0x00,0x00,0x00,0x00,0x00,
    0x00,0x00,0x00,0x00,0x00,0x00,0x00,0x00,0x00,0x00,0x00,0x00,0x00,0x00,0x00,0x00,0x00,0x00,0x00,0x00,0x00,0x00,0x00,0x00,0x00,0x00,0x00,0x00,0x00,0x00,0x00,0x00,
    0x00,0x00,0x00,0x00,0x00,0x00,0x00,0x00,0x00,0x00,0x00,0x00,0x00,0x00,0x00,0x00,0x00,0x00,0x00,0x00,0x00,0x00,0x00,0x00,0x00,0x00,0x00,0x00,0x00,0x00,0x00,0x00,
    0x00,0x00,0x00,0x00,0x00,0x00,0x00,0x00,0x00,0x00,0x00,0x00,0x00,0x00,0x00,0x00,0x00,0x00,0x00,0x00,0x00,0x00,0x00,0x00,0x00,0x00,0x00,0x00,0x00,0x00,0x00,0x00,
    0x00,0x00,0x00,0x00,0x00,0x00,0x00,0x00,0x00,0x00,0x00,0x00,0x00,0x00,0x00,0x00,0x00,0x00,0x00,0x00,0x00,0x00,0x00,0x00,0x00,0x00,0x00,0x00,0x00,0x00,0x00,0x00,
    0x00,0x00,0x00,0x00,0x00,0x00,0x00,0x00,0x00,0x00,0x00,0x00,0x00,0x00,0x00,0x00,0x00,0x00,0x00,0x00,0x00,0x00,0x00,0x00,0x00,0x00,0x00,0x00,0x00,0x00,0x00,0x00,
    0x00,0x00,0x00,0x00,0x00,0x00,0x00,0x00,0x00,0x00,0x00,0x00,0x00,0x00,0x00,0x00,0x00,0x00,0x00,0x00,0x00,0x00,0x00,0x00,0x00,0x00,0x00,0x00,0x00,0x00,0x00,0x00,
    0x00,0x00,0x00,0x00,0x00,0x00,0x00,0x00,0x00,0x00,0x00,0x00,0x00,0x00,0x00,0x00,0x00,0x00,0x00,0x00,0x00,0x00,0x00,0x00,0x00,0x00,0x00,0x00,0x00,0x00,0x00,0x00,
    0x00,0x00,0x00,0x00,0x00,0x00,0x00,0x00,0x00,0x00,0x00,0x00,0x00,0x00,0x00,0x00,0x00,0x00,0x00,0x00,0x00,0x00,0x00,0x00,0x00,0x00,0x00,0x00,0x00,0x00,0x00,0x00,
    0x00,0x00,0x00,0x00,0x00,0x00,0x00,0x00,0x00,0x00,0x00,0x00,0x00,0x00,0x00,0x00,0x00,0x00,0x00,0x00,0x00,0x00,0x00,0x00,0x00,0x00,0x00,0x00,0x00,0x00,0x00,0x00,
    0x00,0x00,0x00,0x00,0x00,0x00,0x00,0x00,0x00,0x00,0x00,0x00,0x00,0x00,0x00,0x00,0x00,0x00,0x00,0x00,0x00,0x00,0x00,0x00,0x00,0x00,0x00,0x00,0x00,0x00,0x00,0x00,
    0x00,0x00,0x00,0x00,0x00,0x00,0x00,0x00,0x00,0x00,0x00,0x00,0x00,0x00,0x00,0x00,0x00,0x00,0x00,0x00,0x00,0x00,0x00,0x00,0x00,0x00,0x00,0x00,0x00,0x00,0x00,0x00,
    0x00,0x00,0x00,0x00,0x00,0x00,0x00,0x00,0x00,0x00,0x00,0x00,0x00,0x00,0x00,0x00,0x00,0x00,0x00,0x00,0x00,0x00,0x00,0x00,0x00,0x00,0x00,0x00,0x00,0x00,0x00,0x00,
    0x00,0x00,0x00,0x00,0x00,0x00,0x00,0x00,0x00,0x00,0x00,0x00,0x53,0x4d,0x40,0x28,0x32,0x15,0x06,0xff,0x2f,0x15,0x11,0xff,0x2f,0x13,0x0f,0xff,0x35,0x15,0x0b,0xff,
    0x31,0x17,0x0b,0xff,0x30,0x16,0x0a,0xff,0x30,0x16,0x0a,0xff,0x31,0x16,0x0b,0xff,0x31,0x16,0x0a,0xff,0x33,0x16,0x0a,0xff,0x31,0x15,0x0b,0xff,0x32,0x15,0x0c,0xff,
    0x30,0x15,0x0b,0xff,0x31,0x16,0x0d,0xff,0x42,0x2e,0x31,0xd7,0x00,0x00,0x00,0x00,0x00,0x00,0x00,0x00,0x00,0x00,0x00,0x00,0x00,0x00,0x00,0x00,0x00,0x00,0x00,0x00,
    0x00,0x00,0x00,0x00,0x00,0x00,0x00,0x00,0x00,0x00,0x00,0x00,0x00,0x00,0x00,0x00,0x00,0x00,0x00,0x00,0x00,0x00,0x00,0x00,0x00,0x00,0x00,0x00,0x00,0x00,0x00,0x00,
    0x00,0x00,0x00,0x00,0x00,0x00,0x00,0x00,0x00,0x00,0x00,0x00,0x00,0x00,0x00,0x00,0x00,0x00,0x00,0x00,0x00,0x00,0x00,0x00,0x00,0x00,0x00,0x00,0x00,0x00,0x00,0x00,
    0x00,0x00,0x00,0x00,0x00,0x00,0x00,0x00,0x00,0x00,0x00,0x00,0x00,0x00,0x00,0x00,0x00,0x00,0x00,0x00,0x00,0x00,0x00,0x00,0x00,0x00,0x00,0x00,0x00,0x00,0x00,0x00,
    0x00,0x00,0x00,0x00,0x00,0x00,0x00,0x00,0x00,0x00,0x00,0x00,0x00,0x00,0x00,0x00,0x00,0x00,0x00,0x00,0x00,0x00,0x00,0x00,0x00,0x00,0x00,0x00,0x00,0x00,0x00,0x00,
    0x00,0x00,0x00,0x00,0x00,0x00,0x00,0x00,0x00,0x00,0x00,0x00,0x00,0x00,0x00,0x00,0x00,0x00,0x00,0x00,0x00,0x00,0x00,0x00,0x00,0x00,0x00,0x00,0x00,0x00,0x00,0x00,
    0x00,0x00,0x00,0x00,0x00,0x00,0x00,0x00,0x00,0x00,0x00,0x00,0x00,0x00,0x00,0x00,0x00,0x00,0x00,0x00,0x00,0x00,0x00,0x00,0x00,0x00,0x00,0x00,0x00,0x00,0x00,0x00,
    0x00,0x00,0x00,0x00,0x00,0x00,0x00,0x00,0x00,0x00,0x00,0x00,0x00,0x00,0x00,0x00,0x00,0x00,0x00,0x00,0x00,0x00,0x00,0x00,0x00,0x00,0x00,0x00,0x00,0x00,0x00,0x00,
    0x00,0x00,0x00,0x00,0x00,0x00,0x00,0x00,0x00,0x00,0x00,0x00,0x00,0x00,0x00,0x00,0x00,0x00,0x00,0x00,0x00,0x00,0x00,0x00,0x00,0x00,0x00,0x00,0x00,0x00,0x00,0x00,
    0x00,0x00,0x00,0x00,0x00,0x00,0x00,0x00,0x00,0x00,0x00,0x00,0x00,0x00,0x00,0x00,0x00,0x00,0x00,0x00,0x00,0x00,0x00,0x00,0x00,0x00,0x00,0x00,0x00,0x00,0x00,0x00,
    0x00,0x00,0x00,0x00,0x00,0x00,0x00,0x00,0x00,0x00,0x00,0x00,0x00,0x00,0x00,0x00,0x00,0x00,0x00,0x00,0x00,0x00,0x00,0x00,0x00,0x00,0x00,0x00,0x00,0x00,0x00,0x00,
    0x00,0x00,0x00,0x00,0x00,0x00,0x00,0x00,0x00,0x00,0x00,0x00,0x00,0x00,0x00,0x00,0x00,0x00,0x00,0x00,0x00,0x00,0x00,0x00,0x00,0x00,0x00,0x00,0x00,0x00,0x00,0x00,
    0x00,0x00,0x00,0x00,0x00,0x00,0x00,0x00,0x00,0x00,0x00,0x00,0x00,0x00,0x00,0x00,0x00,0x00,0x00,0x00,0x00,0x00,0x00,0x00,0x00,0x00,0x00,0x00,0x00,0x00,0x00,0x00,
    0x00,0x00,0x00,0x00,0x00,0x00,0x00,0x00,0x00,0x00,0x00,0x00,0x00,0x00,0x00,0x00,0x00,0x00,0x00,0x00,0x00,0x00,0x00,0x00,0x00,0x00,0x00,0x00,0x00,0x00,0x00,0x00,
    0x00,0x00,0x00,0x00,0x00,0x00,0x00,0x00,0x00,0x00,0x00,0x00,0x59,0x46,0x4d,0x28,0x33,0x15,0x09,0xff,0x32,0x12,0x0c,0xff,0x33,0x14,0x0d,0xff,0x34,0x15,0x0a,0xff,
    0x30,0x14,0x0e,0xff,0x2f,0x13,0x0d,0xff,0x30,0x14,0x0d,0xff,0x30,0x14,0x0e,0xff,0x2f,0x15,0x0e,0xff,0x2d,0x14,0x0b,0xff,0x2e,0x14,0x0d,0xff,0x30,0x13,0x0e,0xff,
    0x30,0x12,0x0f,0xff,0x2f,0x16,0x09,0xff,0x41,0x33,0x23,0xd9,0x00,0x00,0x00,0x00,0x00,0x00,0x00,0x00,0x00,0x00,0x00,0x00,0x00,0x00,0x00,0x00,0x00,0x00,0x00,0x00,
    0x00,0x00,0x00,0x00,0x00,0x00,0x00,0x00,0x00,0x00,0x00,0x00,0x00,0x00,0x00,0x00,0x00,0x00,0x00,0x00,0x00,0x00,0x00,0x00,0x00,0x00,0x00,0x00,0x00,0x00,0x00,0x00,
    0x00,0x00,0x00,0x00,0x00,0x00,0x00,0x00,0x00,0x00,0x00,0x00,0x00,0x00,0x00,0x00,0x00,0x00,0x00,0x00,0x00,0x00,0x00,0x00,0x00,0x00,0x00,0x00,0x00,0x00,0x00,0x00,
    0x00,0x00,0x00,0x00,0x00,0x00,0x00,0x00,0x00,0x00,0x00,0x00,0x00,0x00,0x00,0x00,0x00,0x00,0x00,0x00,0x00,0x00,0x00,0x00,0x00,0x00,0x00,0x00,0x00,0x00,0x00,0x00,
    0x00,0x00,0x00,0x00,0x00,0x00,0x00,0x00,0x00,0x00,0x00,0x00,0x00,0x00,0x00,0x00,0x00,0x00,0x00,0x00,0x00,0x00,0x00,0x00,0x00,0x00,0x00,0x00,0x00,0x00,0x00,0x00,
    0x00,0x00,0x00,0x00,0x00,0x00,0x00,0x00,0x00,0x00,0x00,0x00,0x00,0x00,0x00,0x00,0x00,0x00,0x00,0x00,0x00,0x00,0x00,0x00,0x00,0x00,0x00,0x00,0x00,0x00,0x00,0x00,
    0x00,0x00,0x00,0x00,0x00,0x00,0x00,0x00,0x00,0x00,0x00,0x00,0x00,0x00,0x00,0x00,0x00,0x00,0x00,0x00,0x00,0x00,0x00,0x00,0x00,0x00,0x00,0x00,0x00,0x00,0x00,0x00,
    0x00,0x00,0x00,0x00,0x00,0x00,0x00,0x00,0x00,0x00,0x00,0x00,0x00,0x00,0x00,0x00,0x00,0x00,0x00,0x00,0x00,0x00,0x00,0x00,0x00,0x00,0x00,0x00,0x00,0x00,0x00,0x00,
    0x00,0x00,0x00,0x00,0x00,0x00,0x00,0x00,0x00,0x00,0x00,0x00,0x00,0x00,0x00,0x00,0x00,0x00,0x00,0x00,0x00,0x00,0x00,0x00,0x00,0x00,0x00,0x00,0x00,0x00,0x00,0x00,
    0x00,0x00,0x00,0x00,0x00,0x00,0x00,0x00,0x00,0x00,0x00,0x00,0x00,0x00,0x00,0x00,0x00,0x00,0x00,0x00,0x00,0x00,0x00,0x00,0x00,0x00,0x00,0x00,0x00,0x00,0x00,0x00,
    0x00,0x00,0x00,0x00,0x00,0x00,0x00,0x00,0x00,0x00,0x00,0x00,0x00,0x00,0x00,0x00,0x00,0x00,0x00,0x00,0x00,0x00,0x00,0x00,0x00,0x00,0x00,0x00,0x00,0x00,0x00,0x00,
    0x00,0x00,0x00,0x00,0x00,0x00,0x00,0x00,0x00,0x00,0x00,0x00,0x00,0x00,0x00,0x00,0x00,0x00,0x00,0x00,0x00,0x00,0x00,0x00,0x00,0x00,0x00,0x00,0x00,0x00,0x00,0x00,
    0x00,0x00,0x00,0x00,0x00,0x00,0x00,0x00,0x00,0x00,0x00,0x00,0x00,0x00,0x00,0x00,0x00,0x00,0x00,0x00,0x00,0x00,0x00,0x00,0x00,0x00,0x00,0x00,0x00,0x00,0x00,0x00,
    0x00,0x00,0x00,0x00,0x00,0x00,0x00,0x00,0x00,0x00,0x00,0x00,0x00,0x00,0x00,0x00,0x00,0x00,0x00,0x00,0x00,0x00,0x00,0x00,0xdb,0xdb,0xdb,0x07,0x49,0x40,0x40,0x57,
    0x4f,0x46,0x43,0x54,0x4f,0x44,0x41,0x5a,0x51,0x43,0x43,0x58,0x41,0x32,0x58,0x7a,0x29,0x16,0x70,0xff,0x32,0x1e,0x79,0xff,0x29,0x1e,0x85,0xff,0x2b,0x26,0xa0,0xff,
    0x27,0x26,0x9e,0xff,0x28,0x28,0x9e,0xff,0x2b,0x2a,0xa1,0xff,0x2a,0x29,0xa1,0xff,0x2d,0x29,0xa2,0xff,0x2e,0x28,0xa1,0xff,0x32,0x2a,0x9e,0xff,0x34,0x2a,0x95,0xff,
    0x27,0x1a,0x79,0xff,0x31,0x19,0x82,0xff,0x3a,0x28,0x70,0xf1,0x4a,0x44,0x44,0x56,0x53,0x4a,0x44,0x56,0x50,0x41,0x47,0x53,0x4d,0x43,0x43,0x4c,0x65,0x60,0x5b,0x35,
    0x00,0x00,0x00,0x00,0x00,0x00,0x00,0x00,0x00,0x00,0x00,0x00,0x00,0x00,0x00,0x00,0x00,0x00,0x00,0x00,0x00,0x00,0x00,0x00,0x00,0x00,0x00,0x00,0x00,0x00,0x00,0x00,
    0x00,0x00,0x00,0x00,0x00,0x00,0x00,0x00,0x00,0x00,0x00,0x00,0x00,0x00,0x00,0x00,0x00,0x00,0x00,0x00,0x00,0x00,0x00,0x00,0x00,0x00,0x00,0x00,0x00,0x00,0x00,0x00,
    0x00,0x00,0x00,0x00,0x00,0x00,0x00,0x00,0x00,0x00,0x00,0x00,0x00,0x00,0x00,0x00,0x00,0x00,0x00,0x00,0x00,0x00,0x00,0x00,0x00,0x00,0x00,0x00,0x00,0x00,0x00,0x00,
    0x00,0x00,0x00,0x00,0x00,0x00,0x00,0x00,0x00,0x00,0x00,0x00,0x00,0x00,0x00,0x00,0x00,0x00,0x00,0x00,0x00,0x00,0x00,0x00,0x00,0x00,0x00,0x00,0x00,0x00,0x00,0x00,
    0x00,0x00,0x00,0x00,0x00,0x00,0x00,0x00,0x00,0x00,0x00,0x00,0x00,0x00,0x00,0x00,0x00,0x00,0x00,0x00,0x00,0x00,0x00,0x00,0x00,0x00,0x00,0x00,0x00,0x00,0x00,0x00,
    0x00,0x00,0x00,0x00,0x00,0x00,0x00,0x00,0x00,0x00,0x00,0x00,0x00,0x00,0x00,0x00,0x00,0x00,0x00,0x00,0x00,0x00,0x00,0x00,0x00,0x00,0x00,0x00,0x00,0x00,0x00,0x00,
    0x00,0x00,0x00,0x00,0x00,0x00,0x00,0x00,0x00,0x00,0x00,0x00,0x00,0x00,0x00,0x00,0x00,0x00,0x00,0x00,0x00,0x00,0x00,0x00,0x00,0x00,0x00,0x00,0x00,0x00,0x00,0x00,
    0x00,0x00,0x00,0x00,0x00,0x00,0x00,0x00,0x00,0x00,0x00,0x00,0x00,0x00,0x00,0x00,0x00,0x00,0x00,0x00,0x00,0x00,0x00,0x00,0x00,0x00,0x00,0x00,0x00,0x00,0x00,0x00,
    0x00,0x00,0x00,0x00,0x00,0x00,0x00,0x00,0x00,0x00,0x00,0x00,0x00,0x00,0x00,0x00,0x00,0x00,0x00,0x00,0x00,0x00,0x00,0x00,0x00,0x00,0x00,0x00,0x00,0x00,0x00,0x00,
    0x00,0x00,0x00,0x00,0x00,0x00,0x00,0x00,0x00,0x00,0x00,0x00,0x00,0x00,0x00,0x00,0x00,0x00,0x00,0x00,0x00,0x00,0x00,0x00,0x00,0x00,0x00,0x00,0x00,0x00,0x00,0x00,
    0x00,0x00,0x00,0x00,0x00,0x00,0x00,0x00,0x00,0x00,0x00,0x00,0x00,0x00,0x00,0x00,0x00,0x00,0x00,0x00,0x00,0x00,0x00,0x00,0x00,0x00,0x00,0x00,0x00,0x00,0x00,0x00,
    0x00,0x00,0x00,0x00,0x00,0x00,0x00,0x00,0x00,0x00,0x00,0x00,0x00,0x00,0x00,0x00,0x00,0x00,0x00,0x00,0x00,0x00,0x00,0x00,0x00,0x00,0x00,0x00,0x00,0x00,0x00,0x00,
    0x00,0x00,0x00,0x00,0x00,0x00,0x00,0x00,0x00,0x00,0x00,0x00,0x00,0x00,0x00,0x00,0x00,0x00,0x00,0x00,0x00,0x00,0x00,0x00,0x20,0x0c,0x06,0xe4,0x31,0x14,0x0c,0xff,
    0x33,0x13,0x0b,0xff,0x2a,0x15,0x0b,0xff,0x37,0x14,0x0f,0xff,0x19,0x06,0x37,0xff,0x23,0x19,0xae,0xff,0x27,0x1a,0xaf,0xff,0x1c,0x17,0xc0,0xff,0x23,0x29,0xfa,0xff,
    0x26,0x2d,0xf9,0xff,0x28,0x2f,0xfb,0xff,0x28,0x2f,0xfb,0xff,0x28,0x2f,0xfb,0xff,0x2a,0x30,0xfb,0xff,0x29,0x30,0xfc,0xff,0x28,0x2e,0xff,0xff,0x32,0x30,0xeb,0xff,
    0x28,0x1d,0xaf,0xff,0x29,0x1c,0xb5,0xff,0x29,0x1e,0x8a,0xff,0x36,0x13,0x0c,0xff,0x32,0x15,0x0c,0xff,0x33,0x14,0x10,0xff,0x33,0x16,0x0d,0xff,0x2f,0x14,0x0f,0xff,
    0x00,0x00,0x00,0x00,0x00,0x00,0x00,0x00,0x00,0x00,0x00,0x00,0x00,0x00,0x00,0x00,0x00,0x00,0x00,0x00,0x00,0x00,0x00,0x00,0x00,0x00,0x00,0x00,0x00,0x00,0x00,0x00,
    0x00,0x00,0x00,0x00,0x00,0x00,0x00,0x00,0x00,0x00,0x00,0x00,0x00,0x00,0x00,0x00,0x00,0x00,0x00,0x00,0x00,0x00,0x00,0x00,0x00,0x00,0x00,0x00,0x00,0x00,0x00,0x00,
    0x00,0x00,0x00,0x00,0x00,0x00,0x00,0x00,0x00,0x00,0x00,0x00,0x00,0x00,0x00,0x00,0x00,0x00,0x00,0x00,0x00,0x00,0x00,0x00,0x00,0x00,0x00,0x00,0x00,0x00,0x00,0x00,
    0x00,0x00,0x00,0x00,0x00,0x00,0x00,0x00,0x00,0x00,0x00,0x00,0x00,0x00,0x00,0x00,0x00,0x00,0x00,0x00,0x00,0x00,0x00,0x00,0x00,0x00,0x00,0x00,0x00,0x00,0x00,0x00,
    0x00,0x00,0x00,0x00,0x00,0x00,0x00,0x00,0x00,0x00,0x00,0x00,0x00,0x00,0x00,0x00,0x00,0x00,0x00,0x00,0x00,0x00,0x00,0x00,0x00,0x00,0x00,0x00,0x00,0x00,0x00,0x00,
    0x00,0x00,0x00,0x00,0x00,0x00,0x00,0x00,0x00,0x00,0x00,0x00,0x00,0x00,0x00,0x00,0x00,0x00,0x00,0x00,0x00,0x00,0x00,0x00,0x00,0x00,0x00,0x00,0x00,0x00,0x00,0x00,
    0x00,0x00,0x00,0x00,0x00,0x00,0x00,0x00,0x00,0x00,0x00,0x00,0x00,0x00,0x00,0x00,0x00,0x00,0x00,0x00,0x00,0x00,0x00,0x00,0x00,0x00,0x00,0x00,0x00,0x00,0x00,0x00,
    0x00,0x00,0x00,0x00,0x00,0x00,0x00,0x00,0x00,0x00,0x00,0x00,0x00,0x00,0x00,0x00,0x00,0x00,0x00,0x00,0x00,0x00,0x00,0x00,0x00,0x00,0x00,0x00,0x00,0x00,0x00,0x00,
    0x00,0x00,0x00,0x00,0x00,0x00,0x00,0x00,0x00,0x00,0x00,0x00,0x00,0x00,0x00,0x00,0x00,0x00,0x00,0x00,0x00,0x00,0x00,0x00,0x00,0x00,0x00,0x00,0x00,0x00,0x00,0x00,
    0x00,0x00,0x00,0x00,0x00,0x00,0x00,0x00,0x00,0x00,0x00,0x00,0x00,0x00,0x00,0x00,0x00,0x00,0x00,0x00,0x00,0x00,0x00,0x00,0x00,0x00,0x00,0x00,0x00,0x00,0x00,0x00,
    0x00,0x00,0x00,0x00,0x00,0x00,0x00,0x00,0x00,0x00,0x00,0x00,0x00,0x00,0x00,0x00,0x00,0x00,0x00,0x00,0x00,0x00,0x00,0x00,0x00,0x00,0x00,0x00,0x00,0x00,0x00,0x00,
    0x00,0x00,0x00,0x00,0x00,0x00,0x00,0x00,0x00,0x00,0x00,0x00,0x00,0x00,0x00,0x00,0x00,0x00,0x00,0x00,0x00,0x00,0x00,0x00,0x00,0x00,0x00,0x00,0x00,0x00,0x00,0x00,
    0x00,0x00,0x00,0x00,0x00,0x00,0x00,0x00,0x00,0x00,0x00,0x00,0x00,0x00,0x00,0x00,0x00,0x00,0x00,0x00,0x00,0x00,0x00,0x00,0x1f,0x09,0x0d,0xee,0x2e,0x17,0x0d,0xff,
    0x33,0x10,0x0c,0xff,0x2e,0x14,0x0d,0xff,0x36,0x16,0x07,0xff,0x23,0x08,0x3a,0xff,0x2d,0x1a,0xac,0xff,0x2c,0x1d,0xae,0xff,0x21,0x19,0xc7,0xff,0x29,0x2a,0xff,0xff,
    0x2a,0x31,0xfd,0xff,0x2a,0x31,0xfd,0xff,0x29,0x30,0xfc,0xff,0x2a,0x31,0xfd,0xff,0x2a,0x31,0xfd,0xff,0x27,0x32,0xfc,0xff,0x28,0x2f,0xfc,0xff,0x2e,0x2d,0xe5,0xff,
    0x28,0x1d,0xb1,0xff,0x2a,0x1a,0xb5,0xff,0x28,0x19,0x83,0xff,0x38,0x13,0x0a,0xff,0x38,0x16,0x06,0xff,0x32,0x14,0x0e,0xff,0x32,0x16,0x05,0xff,0x2f,0x16,0x0d,0xff,
    0x00,0x00,0x00,0x00,0x00,0x00,0x00,0x00,0x00,0x00,0x00,0x00,0x00,0x00,0x00,0x00,0x00,0x00,0x00,0x00,0x00,0x00,0x00,0x00,0x00,0x00,0x00,0x00,0x00,0x00,0x00,0x00,
    0x00,0x00,0x00,0x00,0x00,0x00,0x00,0x00,0x00,0x00,0x00,0x00,0x00,0x00,0x00,0x00,0x00,0x00,0x00,0x00,0x00,0x00,0x00,0x00,0x00,0x00,0x00,0x00,0x00,0x00,0x00,0x00,
    0x00,0x00,0x00,0x00,0x00,0x00,0x00,0x00,0x00,0x00,0x00,0x00,0x00,0x00,0x00,0x00,0x00,0x00,0x00,0x00,0x00,0x00,0x00,0x00,0x00,0x00,0x00,0x00,0x00,0x00,0x00,0x00,
    0x00,0x00,0x00,0x00,0x00,0x00,0x00,0x00,0x00,0x00,0x00,0x00,0x00,0x00,0x00,0x00,0x00,0x00,0x00,0x00,0x00,0x00,0x00,0x00,0x00,0x00,0x00,0x00,0x00,0x00,0x00,0x00,
    0x00,0x00,0x00,0x00,0x00,0x00,0x00,0x00,0x00,0x00,0x00,0x00,0x00,0x00,0x00,0x00,0x00,0x00,0x00,0x00,0x00,0x00,0x00,0x00,0x00,0x00,0x00,0x00,0x00,0x00,0x00,0x00,
    0x00,0x00,0x00,0x00,0x00,0x00,0x00,0x00,0x00,0x00,0x00,0x00,0x00,0x00,0x00,0x00,0x00,0x00,0x00,0x00,0x00,0x00,0x00,0x00,0x00,0x00,0x00,0x00,0x00,0x00,0x00,0x00,
    0x00,0x00,0x00,0x00,0x00,0x00,0x00,0x00,0x00,0x00,0x00,0x00,0x00,0x00,0x00,0x00,0x00,0x00,0x00,0x00,0x00,0x00,0x00,0x00,0x00,0x00,0x00,0x00,0x00,0x00,0x00,0x00,
    0x00,0x00,0x00,0x00,0x00,0x00,0x00,0x00,0x00,0x00,0x00,0x00,0x00,0x00,0x00,0x00,0x00,0x00,0x00,0x00,0x00,0x00,0x00,0x00,0x00,0x00,0x00,0x00,0x00,0x00,0x00,0x00,
    0x00,0x00,0x00,0x00,0x00,0x00,0x00,0x00,0x00,0x00,0x00,0x00,0x00,0x00,0x00,0x00,0x00,0x00,0x00,0x00,0x00,0x00,0x00,0x00,0x00,0x00,0x00,0x00,0x00,0x00,0x00,0x00,
    0x00,0x00,0x00,0x00,0x00,0x00,0x00,0x00,0x00,0x00,0x00,0x00,0x00,0x00,0x00,0x00,0x00,0x00,0x00,0x00,0x00,0x00,0x00,0x00,0x00,0x00,0x00,0x00,0x00,0x00,0x00,0x00,
    0x00,0x00,0x00,0x00,0x00,0x00,0x00,0x00,0x00,0x00,0x00,0x00,0x00,0x00,0x00,0x00,0x00,0x00,0x00,0x00,0x00,0x00,0x00,0x00,0x00,0x00,0x00,0x00,0x00,0x00,0x00,0x00,
    0x00,0x00,0x00,0x00,0x00,0x00,0x00,0x00,0x00,0x00,0x00,0x00,0x00,0x00,0x00,0x00,0x00,0x00,0x00,0x00,0x00,0x00,0x00,0x00,0x00,0x00,0x00,0x00,0x00,0x00,0x00,0x00,
    0x00,0x00,0x00,0x00,0x00,0x00,0x00,0x00,0x00,0x00,0x00,0x00,0x00,0x00,0x00,0x00,0x96,0x87,0x87,0x33,0x99,0x8f,0x8a,0x32,0x1b,0x0e,0x33,0xf2,0x20,0x12,0x42,0xff,
    0x1e,0x0f,0x40,0xff,0x1f,0x16,0x5d,0xff,0x20,0x14,0x61,0xff,0x1d,0x14,0x84,0xff,0x23,0x1f,0xc4,0xff,0x22,0x21,0xc7,0xff,0x22,0x26,0xd8,0xff,0x2b,0x32,0xfc,0xff,
    0x28,0x2f,0xfb,0xff,0x28,0x2f,0xfb,0xff,0x29,0x30,0xfc,0xff,0x2b,0x32,0xfe,0xff,0x2b,0x32,0xfe,0xff,0x2a,0x33,0xfb,0xff,0x27,0x31,0xfc,0xff,0x2a,0x2c,0xf0,0xff,
    0x21,0x20,0xcd,0xff,0x24,0x22,0xcc,0xff,0x1c,0x1c,0xa7,0xff,0x23,0x19,0x61,0xff,0x23,0x1b,0x60,0xff,0x24,0x0f,0x45,0xff,0x20,0x0f,0x41,0xff,0x24,0x10,0x44,0xff,
    0x8d,0x7d,0x87,0x31,0xa1,0x87,0x8d,0x31,0xb3,0xb3,0xb3,0x14,0x00,0x00,0x00,0x00,0x00,0x00,0x00,0x00,0x00,0x00,0x00,0x00,0x00,0x00,0x00,0x00,0x00,0x00,0x00,0x00,
    0x00,0x00,0x00,0x00,0x00,0x00,0x00,0x00,0x00,0x00,0x00,0x00,0x00,0x00,0x00,0x00,0x00,0x00,0x00,0x00,0x00,0x00,0x00,0x00,0x00,0x00,0x00,0x00,0x00,0x00,0x00,0x00,
    0x00,0x00,0x00,0x00,0x00,0x00,0x00,0x00,0x00,0x00,0x00,0x00,0x00,0x00,0x00,0x00,0x00,0x00,0x00,0x00,0x00,0x00,0x00,0x00,0x00,0x00,0x00,0x00,0x00,0x00,0x00,0x00,
    0x00,0x00,0x00,0x00,0x00,0x00,0x00,0x00,0x00,0x00,0x00,0x00,0x00,0x00,0x00,0x00,0x00,0x00,0x00,0x00,0x00,0x00,0x00,0x00,0x00,0x00,0x00,0x00,0x00,0x00,0x00,0x00,
    0x00,0x00,0x00,0x00,0x00,0x00,0x00,0x00,0x00,0x00,0x00,0x00,0x00,0x00,0x00,0x00,0x00,0x00,0x00,0x00,0x00,0x00,0x00,0x00,0x00,0x00,0x00,0x00,0x00,0x00,0x00,0x00,
    0x00,0x00,0x00,0x00,0x00,0x00,0x00,0x00,0x00,0x00,0x00,0x00,0x00,0x00,0x00,0x00,0x00,0x00,0x00,0x00,0x00,0x00,0x00,0x00,0x00,0x00,0x00,0x00,0x00,0x00,0x00,0x00,
    0x00,0x00,0x00,0x00,0x00,0x00,0x00,0x00,0x00,0x00,0x00,0x00,0x00,0x00,0x00,0x00,0x00,0x00,0x00,0x00,0x00,0x00,0x00,0x00,0x00,0x00,0x00,0x00,0x00,0x00,0x00,0x00,
    0x00,0x00,0x00,0x00,0x00,0x00,0x00,0x00,0x00,0x00,0x00,0x00,0x00,0x00,0x00,0x00,0x00,0x00,0x00,0x00,0x00,0x00,0x00,0x00,0x00,0x00,0x00,0x00,0x00,0x00,0x00,0x00,
    0x00,0x00,0x00,0x00,0x00,0x00,0x00,0x00,0x00,0x00,0x00,0x00,0x00,0x00,0x00,0x00,0x00,0x00,0x00,0x00,0x00,0x00,0x00,0x00,0x00,0x00,0x00,0x00,0x00,0x00,0x00,0x00,
    0x00,0x00,0x00,0x00,0x00,0x00,0x00,0x00,0x00,0x00,0x00,0x00,0x00,0x00,0x00,0x00,0x00,0x00,0x00,0x00,0x00,0x00,0x00,0x00,0x00,0x00,0x00,0x00,0x00,0x00,0x00,0x00,
    0x00,0x00,0x00,0x00,0x00,0x00,0x00,0x00,0x00,0x00,0x00,0x00,0x00,0x00,0x00,0x00,0x00,0x00,0x00,0x00,0x00,0x00,0x00,0x00,0x00,0x00,0x00,0x00,0x00,0x00,0x00,0x00,
    0x00,0x00,0x00,0x00,0x00,0x00,0x00,0x00,0x00,0x00,0x00,0x00,0x00,0x00,0x00,0x00,0x00,0x00,0x00,0x00,0x00,0x00,0x00,0x00,0x00,0x00,0x00,0x00,0x00,0x00,0x00,0x00,
    0x00,0x00,0x00,0x00,0x00,0x00,0x00,0x00,0x00,0x00,0x00,0x00,0x30,0x1d,0x1d,0xc1,0x31,0x15,0x11,0xff,0x2e,0x13,0x0f,0xff,0x39,0x20,0x8f,0xff,0x27,0x18,0xa6,0xff,
    0x26,0x1a,0xab,0xff,0x37,0x32,0xf1,0xff,0x2a,0x28,0xf4,0xff,0x2c,0x31,0xf4,0xff,0x29,0x31,0xfc,0xff,0x26,0x2b,0xfc,0xff,0x28,0x2f,0xfb,0xff,0x28,0x30,0xfa,0xff,
    0x28,0x2f,0xfb,0xff,0x29,0x30,0xfc,0xff,0x29,0x30,0xfc,0xff,0x2a,0x31,0xfd,0xff,0x2b,0x31,0xfe,0xff,0x2a,0x34,0xf8,0xff,0x26,0x32,0xfb,0xff,0x27,0x2f,0xfe,0xff,
    0x26,0x31,0xf8,0xff,0x2b,0x30,0xfd,0xff,0x29,0x2d,0xfd,0xff,0x2e,0x34,0xf7,0xff,0x2c,0x30,0xf7,0xff,0x2f,0x17,0xb4,0xff,0x2a,0x1e,0xa9,0xff,0x35,0x24,0x9b,0xff,
    0x28,0x10,0x1d,0xff,0x34,0x16,0x0e,0xff,0x2c,0x14,0x10,0xff,0x00,0x00,0x00,0x00,0x00,0x00,0x00,0x00,0x00,0x00,0x00,0x00,0x00,0x00,0x00,0x00,0x00,0x00,0x00,0x00,
    0x00,0x00,0x00,0x00,0x00,0x00,0x00,0x00,0x00,0x00,0x00,0x00,0x00,0x00,0x00,0x00,0x00,0x00,0x00,0x00,0x00,0x00,0x00,0x00,0x00,0x00,0x00,0x00,0x00,0x00,0x00,0x00,
    0x00,0x00,0x00,0x00,0x00,0x00,0x00,0x00,0x00,0x00,0x00,0x00,0x00,0x00,0x00,0x00,0x00,0x00,0x00,0x00,0x00,0x00,0x00,0x00,0x00,0x00,0x00,0x00,0x00,0x00,0x00,0x00,
    0x00,0x00,0x00,0x00,0x00,0x00,0x00,0x00,0x00,0x00,0x00,0x00,0x00,0x00,0x00,0x00,0x00,0x00,0x00,0x00,0x00,0x00,0x00,0x00,0x00,0x00,0x00,0x00,0x00,0x00,0x00,0x00,
    0x00,0x00,0x00,0x00,0x00,0x00,0x00,0x00,0x00,0x00,0x00,0x00,0x00,0x00,0x00,0x00,0x00,0x00,0x00,0x00,0x00,0x00,0x00,0x00,0x00,0x00,0x00,0x00,0x00,0x00,0x00,0x00,
    0x00,0x00,0x00,0x00,0x00,0x00,0x00,0x00,0x00,0x00,0x00,0x00,0x00,0x00,0x00,0x00,0x00,0x00,0x00,0x00,0x00,0x00,0x00,0x00,0x00,0x00,0x00,0x00,0x00,0x00,0x00,0x00,
    0x00,0x00,0x00,0x00,0x00,0x00,0x00,0x00,0x00,0x00,0x00,0x00,0x00,0x00,0x00,0x00,0x00,0x00,0x00,0x00,0x00,0x00,0x00,0x00,0x00,0x00,0x00,0x00,0x00,0x00,0x00,0x00,
    0x00,0x00,0x00,0x00,0x00,0x00,0x00,0x00,0x00,0x00,0x00,0x00,0x00,0x00,0x00,0x00,0x00,0x00,0x00,0x00,0x00,0x00,0x00,0x00,0x00,0x00,0x00,0x00,0x00,0x00,0x00,0x00,
    0x00,0x00,0x00,0x00,0x00,0x00,0x00,0x00,0x00,0x00,0x00,0x00,0x00,0x00,0x00,0x00,0x00,0x00,0x00,0x00,0x00,0x00,0x00,0x00,0x00,0x00,0x00,0x00,0x00,0x00,0x00,0x00,
    0x00,0x00,0x00,0x00,0x00,0x00,0x00,0x00,0x00,0x00,0x00,0x00,0x00,0x00,0x00,0x00,0x00,0x00,0x00,0x00,0x00,0x00,0x00,0x00,0x00,0x00,0x00,0x00,0x00,0x00,0x00,0x00,
    0x00,0x00,0x00,0x00,0x00,0x00,0x00,0x00,0x00,0x00,0x00,0x00,0x00,0x00,0x00,0x00,0x00,0x00,0x00,0x00,0x00,0x00,0x00,0x00,0x00,0x00,0x00,0x00,0x00,0x00,0x00,0x00,
    0x00,0x00,0x00,0x00,0x00,0x00,0x00,0x00,0x00,0x00,0x00,0x00,0x00,0x00,0x00,0x00,0x00,0x00,0x00,0x00,0x00,0x00,0x00,0x00,0x00,0x00,0x00,0x00,0x00,0x00,0x00,0x00,
    0x00,0x00,0x00,0x00,0x00,0x00,0x00,0x00,0x00,0x00,0x00,0x00,0x29,0x1b,0x1b,0xbf,0x2c,0x15,0x0f,0xff,0x2f,0x11,0x13,0xff,0x34,0x1f,0x98,0xff,0x1b,0x18,0xa3,0xff,
    0x1a,0x13,0xb2,0xff,0x30,0x2d,0xf7,0xff,0x24,0x2d,0xf5,0xff,0x27,0x2e,0xf7,0xff,0x2b,0x2e,0xfa,0xff,0x24,0x30,0xf4,0xff,0x28,0x32,0xf8,0xff,0x2a,0x2e,0xfa,0xff,
    0x29,0x30,0xfb,0xff,0x2a,0x31,0xfc,0xff,0x2b,0x31,0xfc,0xff,0x2a,0x31,0xfc,0xff,0x27,0x2d,0xfe,0xff,0x26,0x31,0xfb,0xff,0x27,0x31,0xfb,0xff,0x2b,0x2e,0xfe,0xff,
    0x2b,0x31,0xfc,0xff,0x27,0x31,0xf9,0xff,0x27,0x31,0xfd,0xff,0x29,0x2f,0xff,0xff,0x2c,0x2d,0xff,0xff,0x20,0x16,0xb5,0xff,0x24,0x1b,0xb4,0xff,0x32,0x1f,0xad,0xff,
    0x20,0x0d,0x1e,0xff,0x28,0x13,0x0e,0xff,0x2c,0x12,0x12,0xff,0x00,0x00,0x00,0x00,0x00,0x00,0x00,0x00,0x00,0x00,0x00,0x00,0x00,0x00,0x00,0x00,0x00,0x00,0x00,0x00,
    0x00,0x00,0x00,0x00,0x00,0x00,0x00,0x00,0x00,0x00,0x00,0x00,0x00,0x00,0x00,0x00,0x00,0x00,0x00,0x00,0x00,0x00,0x00,0x00,0x00,0x00,0x00,0x00,0x00,0x00,0x00,0x00,
    0x00,0x00,0x00,0x00,0x00,0x00,0x00,0x00,0x00,0x00,0x00,0x00,0x00,0x00,0x00,0x00,0x00,0x00,0x00,0x00,0x00,0x00,0x00,0x00,0x00,0x00,0x00,0x00,0x00,0x00,0x00,0x00,
    0x00,0x00,0x00,0x00,0x00,0x00,0x00,0x00,0x00,0x00,0x00,0x00,0x00,0x00,0x00,0x00,0x00,0x00,0x00,0x00,0x00,0x00,0x00,0x00,0x00,0x00,0x00,0x00,0x00,0x00,0x00,0x00,
    0x00,0x00,0x00,0x00,0x00,0x00,0x00,0x00,0x00,0x00,0x00,0x00,0x00,0x00,0x00,0x00,0x00,0x00,0x00,0x00,0x00,0x00,0x00,0x00,0x00,0x00,0x00,0x00,0x00,0x00,0x00,0x00,
    0x00,0x00,0x00,0x00,0x00,0x00,0x00,0x00,0x00,0x00,0x00,0x00,0x00,0x00,0x00,0x00,0x00,0x00,0x00,0x00,0x00,0x00,0x00,0x00,0x00,0x00,0x00,0x00,0x00,0x00,0x00,0x00,
    0x00,0x00,0x00,0x00,0x00,0x00,0x00,0x00,0x00,0x00,0x00,0x00,0x00,0x00,0x00,0x00,0x00,0x00,0x00,0x00,0x00,0x00,0x00,0x00,0x00,0x00,0x00,0x00,0x00,0x00,0x00,0x00,
    0x00,0x00,0x00,0x00,0x00,0x00,0x00,0x00,0x00,0x00,0x00,0x00,0x00,0x00,0x00,0x00,0x00,0x00,0x00,0x00,0x00,0x00,0x00,0x00,0x00,0x00,0x00,0x00,0x00,0x00,0x00,0x00,
    0x00,0x00,0x00,0x00,0x00,0x00,0x00,0x00,0x00,0x00,0x00,0x00,0x00,0x00,0x00,0x00,0x00,0x00,0x00,0x00,0x00,0x00,0x00,0x00,0x00,0x00,0x00,0x00,0x00,0x00,0x00,0x00,
    0x00,0x00,0x00,0x00,0x00,0x00,0x00,0x00,0x00,0x00,0x00,0x00,0x00,0x00,0x00,0x00,0x00,0x00,0x00,0x00,0x00,0x00,0x00,0x00,0x00,0x00,0x00,0x00,0x00,0x00,0x00,0x00,
    0x00,0x00,0x00,0x00,0x00,0x00,0x00,0x00,0x00,0x00,0x00,0x00,0x00,0x00,0x00,0x00,0x00,0x00,0x00,0x00,0x00,0x00,0x00,0x00,0x00,0x00,0x00,0x00,0x00,0x00,0x00,0x00,
    0x00,0x00,0x00,0x00,0x00,0x00,0x00,0x00,0x00,0x00,0x00,0x00,0x00,0x00,0x00,0x00,0x00,0x00,0x00,0x00,0x00,0x00,0x00,0x00,0x37,0x26,0x28,0x66,0x2e,0x20,0x1b,0xad,
    0x3e,0x23,0x1f,0xae,0x36,0x23,0x1c,0xaf,0x31,0x1e,0x1d,0xb2,0x36,0x26,0x57,0xea,0x27,0x1c,0x62,0xff,0x33,0x15,0x73,0xff,0x3b,0x2c,0xd3,0xff,0x26,0x22,0xdc,0xff,
    0x21,0x27,0xe3,0xff,0x2d,0x2f,0xf7,0xff,0x26,0x2e,0xf7,0xff,0x26,0x2f,0xf5,0xff,0x2f,0x2e,0xf7,0xff,0x24,0x2d,0xf5,0xff,0x2d,0x30,0xed,0xff,0x23,0x1c,0xd0,0xff,
    0x22,0x20,0xcc,0xff,0x22,0x21,0xce,0xff,0x24,0x20,0xce,0xff,0x1f,0x23,0xd8,0xff,0x29,0x2d,0xfa,0xff,0x28,0x2f,0xfb,0xff,0x29,0x30,0xfc,0xff,0x2a,0x31,0xfd,0xff,
    0x2a,0x31,0xfd,0xff,0x2b,0x30,0xfd,0xff,0x2c,0x30,0xfe,0xff,0x2a,0x30,0xfe,0xff,0x27,0x31,0xfa,0xff,0x2c,0x2f,0xe7,0xff,0x2e,0x35,0xe8,0xff,0x38,0x36,0xe7,0xff,
    0x24,0x1b,0x7e,0xff,0x2f,0x1e,0x88,0xff,0x36,0x23,0x86,0xff,0x31,0x23,0x26,0xb0,0x3c,0x2b,0x21,0xab,0xa6,0x99,0x99,0x14,0x00,0x00,0x00,0x00,0x00,0x00,0x00,0x00,
    0x00,0x00,0x00,0x00,0x00,0x00,0x00,0x00,0x00,0x00,0x00,0x00,0x00,0x00,0x00,0x00,0x00,0x00,0x00,0x00,0x00,0x00,0x00,0x00,0x00,0x00,0x00,0x00,0x00,0x00,0x00,0x00,
    0x00,0x00,0x00,0x00,0x00,0x00,0x00,0x00,0x00,0x00,0x00,0x00,0x00,0x00,0x00,0x00,0x00,0x00,0x00,0x00,0x00,0x00,0x00,0x00,0x00,0x00,0x00,0x00,0x00,0x00,0x00,0x00,
    0x00,0x00,0x00,0x00,0x00,0x00,0x00,0x00,0x00,0x00,0x00,0x00,0x00,0x00,0x00,0x00,0x00,0x00,0x00,0x00,0x00,0x00,0x00,0x00,0x00,0x00,0x00,0x00,0x00,0x00,0x00,0x00,
    0x00,0x00,0x00,0x00,0x00,0x00,0x00,0x00,0x00,0x00,0x00,0x00,0x00,0x00,0x00,0x00,0x00,0x00,0x00,0x00,0x00,0x00,0x00,0x00,0x00,0x00,0x00,0x00,0x00,0x00,0x00,0x00,
    0x00,0x00,0x00,0x00,0x00,0x00,0x00,0x00,0x00,0x00,0x00,0x00,0x00,0x00,0x00,0x00,0x00,0x00,0x00,0x00,0x00,0x00,0x00,0x00,0x00,0x00,0x00,0x00,0x00,0x00,0x00,0x00,
    0x00,0x00,0x00,0x00,0x00,0x00,0x00,0x00,0x00,0x00,0x00,0x00,0x00,0x00,0x00,0x00,0x00,0x00,0x00,0x00,0x00,0x00,0x00,0x00,0x00,0x00,0x00,0x00,0x00,0x00,0x00,0x00,
    0x00,0x00,0x00,0x00,0x00,0x00,0x00,0x00,0x00,0x00,0x00,0x00,0x00,0x00,0x00,0x00,0x00,0x00,0x00,0x00,0x00,0x00,0x00,0x00,0x00,0x00,0x00,0x00,0x00,0x00,0x00,0x00,
    0x00,0x00,0x00,0x00,0x00,0x00,0x00,0x00,0x00,0x00,0x00,0x00,0x00,0x00,0x00,0x00,0x00,0x00,0x00,0x00,0x00,0x00,0x00,0x00,0x00,0x00,0x00,0x00,0x00,0x00,0x00,0x00,
    0x00,0x00,0x00,0x00,0x00,0x00,0x00,0x00,0x00,0x00,0x00,0x00,0x00,0x00,0x00,0x00,0x00,0x00,0x00,0x00,0x00,0x00,0x00,0x00,0x00,0x00,0x00,0x00,0x00,0x00,0x00,0x00,
    0x00,0x00,0x00,0x00,0x00,0x00,0x00,0x00,0x00,0x00,0x00,0x00,0x00,0x00,0x00,0x00,0x00,0x00,0x00,0x00,0x00,0x00,0x00,0x00,0x00,0x00,0x00,0x00,0x00,0x00,0x00,0x00,
    0x00,0x00,0x00,0x00,0x00,0x00,0x00,0x00,0x00,0x00,0x00,0x00,0x00,0x00,0x00,0x00,0x00,0x00,0x00,0x00,0x00,0x00,0x00,0x00,0x2b,0x13,0x08,0xfb,0x2f,0x11,0x06,0xff,
    0x36,0x16,0x09,0xff,0x32,0x13,0x0e,0xff,0x2e,0x15,0x07,0xff,0x3d,0x22,0x70,0xff,0x1c,0x10,0x8e,0xff,0x1c,0x12,0x89,0xff,0x2a,0x2d,0xe4,0xff,0x21,0x2a,0xf1,0xff,
    0x23,0x2d,0xef,0xff,0x29,0x2d,0xf3,0xff,0x28,0x2e,0xf1,0xff,0x2c,0x2e,0xf4,0xff,0x2c,0x2e,0xf5,0xff,0x26,0x2a,0xf9,0xff,0x30,0x2c,0xe3,0xff,0x27,0x1c,0xb8,0xff,
    0x28,0x1e,0xb5,0xff,0x2b,0x1b,0xbc,0xff,0x2b,0x1b,0xb9,0xff,0x21,0x1d,0xce,0xff,0x2b,0x2b,0xfc,0xff,0x27,0x2f,0xfe,0xff,0x27,0x2f,0xfe,0xff,0x29,0x31,0xff,0xff,
    0x28,0x30,0xff,0xff,0x26,0x31,0xfc,0xff,0x26,0x32,0xfc,0xff,0x28,0x31,0xfe,0xff,0x25,0x2f,0xff,0xff,0x28,0x31,0xfd,0xff,0x2b,0x33,0xf9,0xff,0x27,0x2e,0xfa,0xff,
    0x24,0x13,0xba,0xff,0x23,0x16,0xb9,0xff,0x2d,0x16,0xc5,0xff,0x2b,0x11,0x0a,0xff,0x34,0x19,0x09,0xff,0x35,0x22,0x1b,0xbc,0x00,0x00,0x00,0x00,0x00,0x00,0x00,0x00,
    0x00,0x00,0x00,0x00,0x00,0x00,0x00,0x00,0x00,0x00,0x00,0x00,0x00,0x00,0x00,0x00,0x00,0x00,0x00,0x00,0x00,0x00,0x00,0x00,0x00,0x00,0x00,0x00,0x00,0x00,0x00,0x00,
    0x00,0x00,0x00,0x00,0x00,0x00,0x00,0x00,0x00,0x00,0x00,0x00,0x00,0x00,0x00,0x00,0x00,0x00,0x00,0x00,0x00,0x00,0x00,0x00,0x00,0x00,0x00,0x00,0x00,0x00,0x00,0x00,
    0x00,0x00,0x00,0x00,0x00,0x00,0x00,0x00,0x00,0x00,0x00,0x00,0x00,0x00,0x00,0x00,0x00,0x00,0x00,0x00,0x00,0x00,0x00,0x00,0x00,0x00,0x00,0x00,0x00,0x00,0x00,0x00,
    0x00,0x00,0x00,0x00,0x00,0x00,0x00,0x00,0x00,0x00,0x00,0x00,0x00,0x00,0x00,0x00,0x00,0x00,0x00,0x00,0x00,0x00,0x00,0x00,0x00,0x00,0x00,0x00,0x00,0x00,0x00,0x00,
    0x00,0x00,0x00,0x00,0x00,0x00,0x00,0x00,0x00,0x00,0x00,0x00,0x00,0x00,0x00,0x00,0x00,0x00,0x00,0x00,0x00,0x00,0x00,0x00,0x00,0x00,0x00,0x00,0x00,0x00,0x00,0x00,
    0x00,0x00,0x00,0x00,0x00,0x00,0x00,0x00,0x00,0x00,0x00,0x00,0x00,0x00,0x00,0x00,0x00,0x00,0x00,0x00,0x00,0x00,0x00,0x00,0x00,0x00,0x00,0x00,0x00,0x00,0x00,0x00,
    0x00,0x00,0x00,0x00,0x00,0x00,0x00,0x00,0x00,0x00,0x00,0x00,0x00,0x00,0x00,0x00,0x00,0x00,0x00,0x00,0x00,0x00,0x00,0x00,0x00,0x00,0x00,0x00,0x00,0x00,0x00,0x00,
    0x00,0x00,0x00,0x00,0x00,0x00,0x00,0x00,0x00,0x00,0x00,0x00,0x00,0x00,0x00,0x00,0x00,0x00,0x00,0x00,0x00,0x00,0x00,0x00,0x00,0x00,0x00,0x00,0x00,0x00,0x00,0x00,
    0x00,0x00,0x00,0x00,0x00,0x00,0x00,0x00,0x00,0x00,0x00,0x00,0x00,0x00,0x00,0x00,0x00,0x00,0x00,0x00,0x00,0x00,0x00,0x00,0x00,0x00,0x00,0x00,0x00,0x00,0x00,0x00,
    0x00,0x00,0x00,0x00,0x00,0x00,0x00,0x00,0x00,0x00,0x00,0x00,0x00,0x00,0x00,0x00,0x00,0x00,0x00,0x00,0x00,0x00,0x00,0x00,0x00,0x00,0x00,0x00,0x00,0x00,0x00,0x00,
    0x00,0x00,0x00,0x00,0x00,0x00,0x00,0x00,0x00,0x00,0x00,0x00,0x00,0x00,0x00,0x00,0x00,0x00,0x00,0x00,0x00,0x00,0x00,0x00,0x25,0x14,0x0b,0xfb,0x2f,0x16,0x0c,0xff,
    0x28,0x14,0x0c,0xff,0x2a,0x15,0x0d,0xff,0x2f,0x17,0x08,0xff,0x3e,0x23,0x63,0xff,0x23,0x14,0x91,0xff,0x25,0x16,0x90,0xff,0x35,0x31,0xe7,0xff,0x2b,0x2b,0xf6,0xff,
    0x2b,0x2b,0xf6,0xff,0x2e,0x28,0xf9,0xff,0x2b,0x2d,0xf8,0xff,0x26,0x2d,0xf7,0xff,0x24,0x2e,0xf4,0xff,0x27,0x2b,0xf9,0xff,0x2c,0x29,0xe2,0xff,0x21,0x1b,0xb8,0xff,
    0x2a,0x1f,0xb7,0xff,0x2c,0x1b,0xbc,0xff,0x2e,0x1e,0xb7,0xff,0x23,0x22,0xca,0xff,0x30,0x32,0xfd,0xff,0x29,0x30,0xfc,0xff,0x28,0x2f,0xfa,0xff,0x29,0x30,0xfc,0xff,
    0x2a,0x31,0xfc,0xff,0x27,0x30,0xfb,0xff,0x2a,0x31,0xfc,0xff,0x2b,0x31,0xfc,0xff,0x29,0x31,0xfe,0xff,0x2f,0x38,0xfd,0xff,0x2e,0x34,0xf9,0xff,0x24,0x31,0xfa,0xff,
    0x1e,0x18,0xbc,0xff,0x1f,0x22,0xbe,0xff,0x22,0x1e,0xbb,0xff,0x25,0x0f,0x0c,0xff,0x29,0x15,0x0d,0xff,0x28,0x1a,0x13,0xe1,0x00,0x00,0x00,0x00,0x00,0x00,0x00,0x00,
    0x00,0x00,0x00,0x00,0x00,0x00,0x00,0x00,0x00,0x00,0x00,0x00,0x00,0x00,0x00,0x00,0x00,0x00,0x00,0x00,0x00,0x00,0x00,0x00,0x00,0x00,0x00,0x00,0x00,0x00,0x00,0x00,
    0x00,0x00,0x00,0x00,0x00,0x00,0x00,0x00,0x00,0x00,0x00,0x00,0x00,0x00,0x00,0x00,0x00,0x00,0x00,0x00,0x00,0x00,0x00,0x00,0x00,0x00,0x00,0x00,0x00,0x00,0x00,0x00,
    0x00,0x00,0x00,0x00,0x00,0x00,0x00,0x00,0x00,0x00,0x00,0x00,0x00,0x00,0x00,0x00,0x00,0x00,0x00,0x00,0x00,0x00,0x00,0x00,0x00,0x00,0x00,0x00,0x00,0x00,0x00,0x00,
    0x00,0x00,0x00,0x00,0x00,0x00,0x00,0x00,0x00,0x00,0x00,0x00,0x00,0x00,0x00,0x00,0x00,0x00,0x00,0x00,0x00,0x00,0x00,0x00,0x00,0x00,0x00,0x00,0x00,0x00,0x00,0x00,
    0x00,0x00,0x00,0x00,0x00,0x00,0x00,0x00,0x00,0x00,0x00,0x00,0x00,0x00,0x00,0x00,0x00,0x00,0x00,0x00,0x00,0x00,0x00,0x00,0x00,0x00,0x00,0x00,0x00,0x00,0x00,0x00,
    0x00,0x00,0x00,0x00,0x00,0x00,0x00,0x00,0x00,0x00,0x00,0x00,0x00,0x00,0x00,0x00,0x00,0x00,0x00,0x00,0x00,0x00,0x00,0x00,0x00,0x00,0x00,0x00,0x00,0x00,0x00,0x00,
    0x00,0x00,0x00,0x00,0x00,0x00,0x00,0x00,0x00,0x00,0x00,0x00,0x00,0x00,0x00,0x00,0x00,0x00,0x00,0x00,0x00,0x00,0x00,0x00,0x00,0x00,0x00,0x00,0x00,0x00,0x00,0x00,
    0x00,0x00,0x00,0x00,0x00,0x00,0x00,0x00,0x00,0x00,0x00,0x00,0x00,0x00,0x00,0x00,0x00,0x00,0x00,0x00,0x00,0x00,0x00,0x00,0x00,0x00,0x00,0x00,0x00,0x00,0x00,0x00,
    0x00,0x00,0x00,0x00,0x00,0x00,0x00,0x00,0x00,0x00,0x00,0x00,0x00,0x00,0x00,0x00,0x00,0x00,0x00,0x00,0x00,0x00,0x00,0x00,0x00,0x00,0x00,0x00,0x00,0x00,0x00,0x00,
    0x00,0x00,0x00,0x00,0x00,0x00,0x00,0x00,0x00,0x00,0x00,0x00,0x00,0x00,0x00,0x00,0x00,0x00,0x00,0x00,0x00,0x00,0x00,0x00,0x00,0x00,0x00,0x00,0x00,0x00,0x00,0x00,
    0x00,0x00,0x00,0x00,0x00,0x00,0x00,0x00,0x00,0x00,0x00,0x00,0xb6,0xb6,0xb6,0x07,0x30,0x1b,0x18,0xce,0x24,0x17,0x18,0xcb,0x3b,0x24,0x7d,0xff,0x38,0x1e,0x81,0xff,
    0x31,0x21,0x76,0xff,0x2d,0x16,0x64,0xff,0x2e,0x16,0x62,0xff,0x33,0x21,0x98,0xff,0x22,0x1f,0xbd,0xff,0x29,0x1d,0xc5,0xff,0x32,0x33,0xf2,0xff,0x26,0x2f,0xf5,0xff,
    0x25,0x30,0xf0,0xff,0x25,0x2d,0xf5,0xff,0x24,0x31,0xf0,0xff,0x32,0x31,0xf2,0xff,0x1d,0x1a,0xc5,0xff,0x23,0x17,0xbd,0xff,0x27,0x1d,0xc6,0xff,0x36,0x2d,0xe3,0xff,
    0x2d,0x29,0xe7,0xff,0x2c,0x25,0xe4,0xff,0x2e,0x25,0xe3,0xff,0x29,0x29,0xe6,0xff,0x25,0x28,0xf2,0xff,0x28,0x2a,0xf1,0xff,0x28,0x2a,0xf1,0xff,0x28,0x2a,0xf0,0xff,
    0x27,0x29,0xf0,0xff,0x27,0x2a,0xf3,0xff,0x28,0x2a,0xf4,0xff,0x28,0x2a,0xf5,0xff,0x2b,0x2f,0xf7,0xff,0x1e,0x1e,0xcd,0xff,0x24,0x1c,0xbb,0xff,0x1f,0x1b,0xbf,0xff,
    0x25,0x0f,0xa1,0xff,0x27,0x11,0xa4,0xff,0x21,0x0f,0x95,0xff,0x32,0x18,0x69,0xff,0x34,0x1f,0x73,0xff,0x37,0x23,0x54,0xfc,0x2f,0x1d,0x1e,0xda,0x39,0x28,0x1b,0xda,
    0x00,0x00,0x00,0x00,0x00,0x00,0x00,0x00,0x00,0x00,0x00,0x00,0x00,0x00,0x00,0x00,0x00,0x00,0x00,0x00,0x00,0x00,0x00,0x00,0x00,0x00,0x00,0x00,0x00,0x00,0x00,0x00,
    0x00,0x00,0x00,0x00,0x00,0x00,0x00,0x00,0x00,0x00,0x00,0x00,0x00,0x00,0x00,0x00,0x00,0x00,0x00,0x00,0x00,0x00,0x00,0x00,0x00,0x00,0x00,0x00,0x00,0x00,0x00,0x00,
    0x00,0x00,0x00,0x00,0x00,0x00,0x00,0x00,0x00,0x00,0x00,0x00,0x00,0x00,0x00,0x00,0x00,0x00,0x00,0x00,0x00,0x00,0x00,0x00,0x00,0x00,0x00,0x00,0x00,0x00,0x00,0x00,
    0x00,0x00,0x00,0x00,0x00,0x00,0x00,0x00,0x00,0x00,0x00,0x00,0x00,0x00,0x00,0x00,0x00,0x00,0x00,0x00,0x00,0x00,0x00,0x00,0x00,0x00,0x00,0x00,0x00,0x00,0x00,0x00,
    0x00,0x00,0x00,0x00,0x00,0x00,0x00,0x00,0x00,0x00,0x00,0x00,0x00,0x00,0x00,0x00,0x00,0x00,0x00,0x00,0x00,0x00,0x00,0x00,0x00,0x00,0x00,0x00,0x00,0x00,0x00,0x00,
    0x00,0x00,0x00,0x00,0x00,0x00,0x00,0x00,0x00,0x00,0x00,0x00,0x00,0x00,0x00,0x00,0x00,0x00,0x00,0x00,0x00,0x00,0x00,0x00,0x00,0x00,0x00,0x00,0x00,0x00,0x00,0x00,
    0x00,0x00,0x00,0x00,0x00,0x00,0x00,0x00,0x00,0x00,0x00,0x00,0x00,0x00,0x00,0x00,0x00,0x00,0x00,0x00,0x00,0x00,0x00,0x00,0x00,0x00,0x00,0x00,0x00,0x00,0x00,0x00,
    0x00,0x00,0x00,0x00,0x00,0x00,0x00,0x00,0x00,0x00,0x00,0x00,0x00,0x00,0x00,0x00,0x00,0x00,0x00,0x00,0x00,0x00,0x00,0x00,0x00,0x00,0x00,0x00,0x00,0x00,0x00,0x00,
    0x00,0x00,0x00,0x00,0x00,0x00,0x00,0x00,0x00,0x00,0x00,0x00,0x00,0x00,0x00,0x00,0x00,0x00,0x00,0x00,0x00,0x00,0x00,0x00,0x00,0x00,0x00,0x00,0x00,0x00,0x00,0x00,
    0x00,0x00,0x00,0x00,0x00,0x00,0x00,0x00,0x00,0x00,0x00,0x00,0x00,0x00,0x00,0x00,0x00,0x00,0x00,0x00,0x00,0x00,0x00,0x00,0x00,0x00,0x00,0x00,0x00,0x00,0x00,0x00,
    0x00,0x00,0x00,0x00,0x00,0x00,0x00,0x00,0x00,0x00,0x00,0x00,0x27,0x1b,0x15,0x56,0x2f,0x16,0x0a,0xff,0x2c,0x14,0x0d,0xff,0x2e,0x1a,0x9d,0xff,0x25,0x17,0x9e,0xff,
    0x2b,0x1b,0x9f,0xff,0x1d,0x0f,0x79,0xff,0x20,0x13,0x73,0xff,0x30,0x20,0xaf,0xff,0x26,0x22,0xbe,0xff,0x2e,0x1b,0xc7,0xff,0x2f,0x2f,0xf1,0xff,0x27,0x2d,0xf2,0xff,
    0x2d,0x2f,0xf1,0xff,0x2f,0x2b,0xf6,0xff,0x27,0x2a,0xf3,0xff,0x25,0x2b,0xf0,0xff,0x1a,0x13,0xb6,0xff,0x2a,0x1c,0xa6,0xff,0x1c,0x19,0xc2,0xff,0x26,0x25,0xf5,0xff,
    0x2c,0x2a,0xeb,0xff,0x29,0x2c,0xea,0xff,0x2c,0x29,0xf4,0xff,0x31,0x2b,0xef,0xff,0x2c,0x2d,0xed,0xff,0x2b,0x2c,0xec,0xff,0x2b,0x2b,0xeb,0xff,0x2b,0x2b,0xeb,0xff,
    0x2c,0x2c,0xec,0xff,0x29,0x2b,0xeb,0xff,0x2a,0x2d,0xf2,0xff,0x25,0x2b,0xf5,0xff,0x25,0x2a,0xef,0xff,0x20,0x1a,0xbe,0xff,0x25,0x17,0xba,0xff,0x25,0x1f,0xb3,0xff,
    0x1d,0x15,0x95,0xff,0x25,0x15,0x95,0xff,0x23,0x15,0x9d,0xff,0x1e,0x19,0x78,0xff,0x25,0x14,0x85,0xff,0x31,0x20,0x60,0xff,0x30,0x19,0x11,0xff,0x35,0x16,0x0b,0xff,
    0xcc,0xcc,0xcc,0x05,0x00,0x00,0x00,0x00,0x00,0x00,0x00,0x00,0x00,0x00,0x00,0x00,0x00,0x00,0x00,0x00,0x00,0x00,0x00,0x00,0x00,0x00,0x00,0x00,0x00,0x00,0x00,0x00,
    0x00,0x00,0x00,0x00,0x00,0x00,0x00,0x00,0x00,0x00,0x00,0x00,0x00,0x00,0x00,0x00,0x00,0x00,0x00,0x00,0x00,0x00,0x00,0x00,0x00,0x00,0x00,0x00,0x00,0x00,0x00,0x00,
    0x00,0x00,0x00,0x00,0x00,0x00,0x00,0x00,0x00,0x00,0x00,0x00,0x00,0x00,0x00,0x00,0x00,0x00,0x00,0x00,0x00,0x00,0x00,0x00,0x00,0x00,0x00,0x00,0x00,0x00,0x00,0x00,
    0x00,0x00,0x00,0x00,0x00,0x00,0x00,0x00,0x00,0x00,0x00,0x00,0x00,0x00,0x00,0x00,0x00,0x00,0x00,0x00,0x00,0x00,0x00,0x00,0x00,0x00,0x00,0x00,0x00,0x00,0x00,0x00,
    0x00,0x00,0x00,0x00,0x00,0x00,0x00,0x00,0x00,0x00,0x00,0x00,0x00,0x00,0x00,0x00,0x00,0x00,0x00,0x00,0x00,0x00,0x00,0x00,0x00,0x00,0x00,0x00,0x00,0x00,0x00,0x00,
    0x00,0x00,0x00,0x00,0x00,0x00,0x00,0x00,0x00,0x00,0x00,0x00,0x00,0x00,0x00,0x00,0x00,0x00,0x00,0x00,0x00,0x00,0x00,0x00,0x00,0x00,0x00,0x00,0x00,0x00,0x00,0x00,
    0x00,0x00,0x00,0x00,0x00,0x00,0x00,0x00,0x00,0x00,0x00,0x00,0x00,0x00,0x00,0x00,0x00,0x00,0x00,0x00,0x00,0x00,0x00,0x00,0x00,0x00,0x00,0x00,0x00,0x00,0x00,0x00,
    0x00,0x00,0x00,0x00,0x00,0x00,0x00,0x00,0x00,0x00,0x00,0x00,0x00,0x00,0x00,0x00,0x00,0x00,0x00,0x00,0x00,0x00,0x00,0x00,0x00,0x00,0x00,0x00,0x00,0x00,0x00,0x00,
    0x00,0x00,0x00,0x00,0x00,0x00,0x00,0x00,0x00,0x00,0x00,0x00,0x00,0x00,0x00,0x00,0x00,0x00,0x00,0x00,0x00,0x00,0x00,0x00,0x00,0x00,0x00,0x00,0x00,0x00,0x00,0x00,
    0x00,0x00,0x00,0x00,0x00,0x00,0x00,0x00,0x00,0x00,0x00,0x00,0x00,0x00,0x00,0x00,0x00,0x00,0x00,0x00,0x00,0x00,0x00,0x00,0x00,0x00,0x00,0x00,0x00,0x00,0x00,0x00,
    0x00,0x00,0x00,0x00,0x00,0x00,0x00,0x00,0x00,0x00,0x00,0x00,0x2c,0x1f,0x1c,0x51,0x29,0x13,0x0c,0xff,0x20,0x0f,0x16,0xff,0x32,0x1b,0x90,0xff,0x25,0x19,0x9f,0xff,
    0x26,0x19,0x9a,0xff,0x1d,0x11,0x76,0xff,0x1f,0x11,0x77,0xff,0x2c,0x22,0xae,0xff,0x29,0x20,0xc4,0xff,0x27,0x1e,0xc8,0xff,0x29,0x27,0xe8,0xff,0x27,0x30,0xf3,0xff,
    0x24,0x2e,0xf5,0xff,0x26,0x2e,0xee,0xff,0x28,0x2c,0xf8,0xff,0x2c,0x2b,0xf2,0xff,0x1d,0x19,0xb4,0xff,0x29,0x18,0xb4,0xff,0x1e,0x1c,0xb5,0xff,0x27,0x26,0xf0,0xff,
    0x2c,0x29,0xee,0xff,0x30,0x31,0xea,0xff,0x27,0x2c,0xed,0xff,0x31,0x29,0xef,0xff,0x2b,0x2c,0xef,0xff,0x2b,0x2a,0xf2,0xff,0x29,0x28,0xef,0xff,0x29,0x28,0xef,0xff,
    0x2b,0x2a,0xf0,0xff,0x26,0x29,0xf0,0xff,0x24,0x2e,0xf8,0xff,0x23,0x2e,0xfe,0xff,0x22,0x2b,0xf9,0xff,0x2e,0x37,0xf4,0xff,0x2c,0x34,0xe8,0xff,0x31,0x36,0xec,0xff,
    0x37,0x3e,0xea,0xff,0x37,0x42,0xec,0xff,0x38,0x3c,0xec,0xff,0x28,0x22,0xcc,0xff,0x29,0x21,0xd2,0xff,0x43,0x3b,0xbe,0xff,0x2e,0x19,0x60,0xff,0x33,0x18,0x49,0xff,
    0x24,0x15,0x17,0xd3,0x29,0x16,0x14,0xd5,0x3e,0x2c,0x2f,0xae,0x00,0x00,0x00,0x00,0x00,0x00,0x00,0x00,0x00,0x00,0x00,0x00,0x00,0x00,0x00,0x00,0x00,0x00,0x00,0x00,
    0x00,0x00,0x00,0x00,0x00,0x00,0x00,0x00,0x00,0x00,0x00,0x00,0x00,0x00,0x00,0x00,0x00,0x00,0x00,0x00,0x00,0x00,0x00,0x00,0x00,0x00,0x00,0x00,0x00,0x00,0x00,0x00,
    0x00,0x00,0x00,0x00,0x00,0x00,0x00,0x00,0x00,0x00,0x00,0x00,0x00,0x00,0x00,0x00,0x00,0x00,0x00,0x00,0x00,0x00,0x00,0x00,0x00,0x00,0x00,0x00,0x00,0x00,0x00,0x00,
    0x00,0x00,0x00,0x00,0x00,0x00,0x00,0x00,0x00,0x00,0x00,0x00,0x00,0x00,0x00,0x00,0x00,0x00,0x00,0x00,0x00,0x00,0x00,0x00,0x00,0x00,0x00,0x00,0x00,0x00,0x00,0x00,
    0x00,0x00,0x00,0x00,0x00,0x00,0x00,0x00,0x00,0x00,0x00,0x00,0x00,0x00,0x00,0x00,0x00,0x00,0x00,0x00,0x00,0x00,0x00,0x00,0x00,0x00,0x00,0x00,0x00,0x00,0x00,0x00,
    0x00,0x00,0x00,0x00,0x00,0x00,0x00,0x00,0x00,0x00,0x00,0x00,0x00,0x00,0x00,0x00,0x00,0x00,0x00,0x00,0x00,0x00,0x00,0x00,0x00,0x00,0x00,0x00,0x00,0x00,0x00,0x00,
    0x00,0x00,0x00,0x00,0x00,0x00,0x00,0x00,0x00,0x00,0x00,0x00,0x00,0x00,0x00,0x00,0x00,0x00,0x00,0x00,0x00,0x00,0x00,0x00,0x00,0x00,0x00,0x00,0x00,0x00,0x00,0x00,
    0x00,0x00,0x00,0x00,0x00,0x00,0x00,0x00,0x00,0x00,0x00,0x00,0x00,0x00,0x00,0x00,0x00,0x00,0x00,0x00,0x00,0x00,0x00,0x00,0x00,0x00,0x00,0x00,0x00,0x00,0x00,0x00,
    0x00,0x00,0x00,0x00,0x00,0x00,0x00,0x00,0x00,0x00,0x00,0x00,0x00,0x00,0x00,0x00,0x00,0x00,0x00,0x00,0x00,0x00,0x00,0x00,0x00,0x00,0x00,0x00,0x00,0x00,0x00,0x00,
    0x00,0x00,0x00,0x00,0x00,0x00,0x00,0x00,0x00,0x00,0x00,0x00,0x00,0x00,0x00,0x00,0x00,0x00,0x00,0x00,0x00,0x00,0x00,0x00,0x00,0x00,0x00,0x00,0x00,0x00,0x00,0x00,
    0x97,0x87,0x87,0x20,0x2d,0x1e,0x13,0xdb,0x2b,0x1c,0x1a,0xda,0x33,0x23,0x47,0xe9,0x2b,0x19,0x6a,0xff,0x2c,0x1b,0x6e,0xff,0x25,0x12,0x90,0xff,0x1e,0x15,0x8c,0xff,
    0x23,0x12,0x93,0xff,0x31,0x21,0xae,0xff,0x30,0x20,0xab,0xff,0x29,0x1d,0xbb,0xff,0x27,0x1c,0xc3,0xff,0x29,0x1d,0xc3,0xff,0x28,0x1e,0xc5,0xff,0x23,0x1d,0xc3,0xff,
    0x25,0x1b,0xbf,0xff,0x15,0x10,0x89,0xff,0x15,0x09,0x7d,0xff,0x15,0x0a,0x7b,0xff,0x10,0x0e,0x69,0xff,0x17,0x10,0x75,0xff,0x12,0x0d,0x75,0xff,0x1e,0x13,0xa7,0xff,
    0x22,0x15,0xab,0xff,0x1d,0x18,0xbc,0xff,0x27,0x2b,0xf1,0xff,0x2e,0x2b,0xf0,0xff,0x28,0x29,0xf3,0xff,0x29,0x2c,0xf0,0xff,0x29,0x2c,0xf0,0xff,0x27,0x2b,0xee,0xff,
    0x27,0x2b,0xeb,0xff,0x29,0x2c,0xed,0xff,0x2c,0x2d,0xf1,0xff,0x29,0x2c,0xf4,0xff,0x28,0x2b,0xf5,0xff,0x2b,0x28,0xf4,0xff,0x27,0x2e,0xf5,0xff,0x28,0x30,0xfc,0xff,
    0x29,0x31,0xf6,0xff,0x2b,0x33,0xf9,0xff,0x27,0x29,0xf6,0xff,0x1f,0x21,0xde,0xff,0x1d,0x20,0xe6,0xff,0x2b,0x2b,0xd6,0xff,0x23,0x1a,0xa1,0xff,0x28,0x17,0x9d,0xff,
    0x28,0x0b,0x27,0xff,0x30,0x13,0x06,0xff,0x2e,0x1b,0x0e,0xfb,0xff,0xe6,0xe6,0x0a,0x00,0x00,0x00,0x00,0x00,0x00,0x00,0x00,0x00,0x00,0x00,0x00,0x00,0x00,0x00,0x00,
    0x00,0x00,0x00,0x00,0x00,0x00,0x00,0x00,0x00,0x00,0x00,0x00,0x00,0x00,0x00,0x00,0x00,0x00,0x00,0x00,0x00,0x00,0x00,0x00,0x00,0x00,0x00,0x00,0x00,0x00,0x00,0x00,
    0x00,0x00,0x00,0x00,0x00,0x00,0x00,0x00,0x00,0x00,0x00,0x00,0x00,0x00,0x00,0x00,0x00,0x00,0x00,0x00,0x00,0x00,0x00,0x00,0x00,0x00,0x00,0x00,0x00,0x00,0x00,0x00,
    0x00,0x00,0x00,0x00,0x00,0x00,0x00,0x00,0x00,0x00,0x00,0x00,0x00,0x00,0x00,0x00,0x00,0x00,0x00,0x00,0x00,0x00,0x00,0x00,0x00,0x00,0x00,0x00,0x00,0x00,0x00,0x00,
    0x00,0x00,0x00,0x00,0x00,0x00,0x00,0x00,0x00,0x00,0x00,0x00,0x00,0x00,0x00,0x00,0x00,0x00,0x00,0x00,0x00,0x00,0x00,0x00,0x00,0x00,0x00,0x00,0x00,0x00,0x00,0x00,
    0x00,0x00,0x00,0x00,0x00,0x00,0x00,0x00,0x00,0x00,0x00,0x00,0x00,0x00,0x00,0x00,0x00,0x00,0x00,0x00,0x00,0x00,0x00,0x00,0x00,0x00,0x00,0x00,0x00,0x00,0x00,0x00,
    0x00,0x00,0x00,0x00,0x00,0x00,0x00,0x00,0x00,0x00,0x00,0x00,0x00,0x00,0x00,0x00,0x00,0x00,0x00,0x00,0x00,0x00,0x00,0x00,0x00,0x00,0x00,0x00,0x00,0x00,0x00,0x00,
    0x00,0x00,0x00,0x00,0x00,0x00,0x00,0x00,0x00,0x00,0x00,0x00,0x00,0x00,0x00,0x00,0x00,0x00,0x00,0x00,0x00,0x00,0x00,0x00,0x00,0x00,0x00,0x00,0x00,0x00,0x00,0x00,
    0x00,0x00,0x00,0x00,0x00,0x00,0x00,0x00,0x00,0x00,0x00,0x00,0x00,0x00,0x00,0x00,0x00,0x00,0x00,0x00,0x00,0x00,0x00,0x00,0x00,0x00,0x00,0x00,0x00,0x00,0x00,0x00,
    0x00,0x00,0x00,0x00,0x00,0x00,0x00,0x00,0x00,0x00,0x00,0x00,0x00,0x00,0x00,0x00,0x00,0x00,0x00,0x00,0x00,0x00,0x00,0x00,0x00,0x00,0x00,0x00,0x00,0x00,0x00,0x00,
    0x5f,0x4e,0x4b,0x4b,0x33,0x16,0x09,0xff,0x2b,0x15,0x0b,0xff,0x30,0x19,0x5b,0xff,0x25,0x14,0x8b,0xff,0x26,0x16,0x82,0xff,0x23,0x11,0x90,0xff,0x20,0x13,0x88,0xff,
    0x21,0x14,0x8f,0xff,0x26,0x1a,0xc1,0xff,0x23,0x1c,0xbe,0xff,0x26,0x1e,0xbf,0xff,0x27,0x21,0xc1,0xff,0x27,0x22,0xbf,0xff,0x26,0x1e,0xba,0xff,0x29,0x1d,0xb5,0xff,
    0x30,0x21,0xb9,0xff,0x18,0x0a,0x73,0xff,0x20,0x0e,0x69,0xff,0x1c,0x11,0x64,0xff,0x1d,0x11,0x5d,0xff,0x22,0x0f,0x64,0xff,0x1e,0x12,0x6c,0xff,0x24,0x16,0x93,0xff,
    0x28,0x15,0x9c,0xff,0x1e,0x18,0xb6,0xff,0x25,0x2b,0xf2,0xff,0x29,0x2e,0xea,0xff,0x29,0x2b,0xf1,0xff,0x2b,0x2b,0xee,0xff,0x2b,0x29,0xf0,0xff,0x2a,0x28,0xf2,0xff,
    0x27,0x25,0xee,0xff,0x26,0x26,0xed,0xff,0x23,0x28,0xed,0xff,0x23,0x2a,0xeb,0xff,0x21,0x2a,0xec,0xff,0x21,0x28,0xf1,0xff,0x23,0x29,0xf1,0xff,0x28,0x27,0xf3,0xff,
    0x21,0x20,0xe4,0xff,0x21,0x22,0xe2,0xff,0x24,0x1e,0xe2,0xff,0x25,0x1d,0xc5,0xff,0x29,0x1b,0xc8,0xff,0x2d,0x21,0xba,0xff,0x26,0x17,0x9e,0xff,0x2a,0x17,0xa2,0xff,
    0x25,0x0c,0x36,0xff,0x2c,0x13,0x10,0xff,0x27,0x15,0x0d,0xff,0xff,0xf2,0xf2,0x14,0x00,0x00,0x00,0x00,0x00,0x00,0x00,0x00,0x00,0x00,0x00,0x00,0x00,0x00,0x00,0x00,
    0x00,0x00,0x00,0x00,0x00,0x00,0x00,0x00,0x00,0x00,0x00,0x00,0x00,0x00,0x00,0x00,0x00,0x00,0x00,0x00,0x00,0x00,0x00,0x00,0x00,0x00,0x00,0x00,0x00,0x00,0x00,0x00,
    0x00,0x00,0x00,0x00,0x00,0x00,0x00,0x00,0x00,0x00,0x00,0x00,0x00,0x00,0x00,0x00,0x00,0x00,0x00,0x00,0x00,0x00,0x00,0x00,0x00,0x00,0x00,0x00,0x00,0x00,0x00,0x00,
    0x00,0x00,0x00,0x00,0x00,0x00,0x00,0x00,0x00,0x00,0x00,0x00,0x00,0x00,0x00,0x00,0x00,0x00,0x00,0x00,0x00,0x00,0x00,0x00,0x00,0x00,0x00,0x00,0x00,0x00,0x00,0x00,
    0x00,0x00,0x00,0x00,0x00,0x00,0x00,0x00,0x00,0x00,0x00,0x00,0x00,0x00,0x00,0x00,0x00,0x00,0x00,0x00,0x00,0x00,0x00,0x00,0x00,0x00,0x00,0x00,0x00,0x00,0x00,0x00,
    0x00,0x00,0x00,0x00,0x00,0x00,0x00,0x00,0x00,0x00,0x00,0x00,0x00,0x00,0x00,0x00,0x00,0x00,0x00,0x00,0x00,0x00,0x00,0x00,0x00,0x00,0x00,0x00,0x00,0x00,0x00,0x00,
    0x00,0x00,0x00,0x00,0x00,0x00,0x00,0x00,0x00,0x00,0x00,0x00,0x00,0x00,0x00,0x00,0x00,0x00,0x00,0x00,0x00,0x00,0x00,0x00,0x00,0x00,0x00,0x00,0x00,0x00,0x00,0x00,
    0x00,0x00,0x00,0x00,0x00,0x00,0x00,0x00,0x00,0x00,0x00,0x00,0x00,0x00,0x00,0x00,0x00,0x00,0x00,0x00,0x00,0x00,0x00,0x00,0x00,0x00,0x00,0x00,0x00,0x00,0x00,0x00,
    0x00,0x00,0x00,0x00,0x00,0x00,0x00,0x00,0x00,0x00,0x00,0x00,0x00,0x00,0x00,0x00,0x00,0x00,0x00,0x00,0x00,0x00,0x00,0x00,0x00,0x00,0x00,0x00,0x00,0x00,0x00,0x00,
    0x00,0x00,0x00,0x00,0x00,0x00,0x00,0x00,0x00,0x00,0x00,0x00,0x00,0x00,0x00,0x00,0x00,0x00,0x00,0x00,0x00,0x00,0x00,0x00,0x00,0x00,0x00,0x00,0x00,0x00,0x00,0x00,
    0x5b,0x4d,0x46,0x4c,0x33,0x10,0x0b,0xff,0x2d,0x16,0x09,0xff,0x2d,0x16,0x61,0xff,0x27,0x13,0x8e,0xff,0x27,0x15,0x8a,0xff,0x24,0x14,0x85,0xff,0x23,0x12,0x84,0xff,
    0x1f,0x12,0x87,0xff,0x25,0x1f,0xb6,0xff,0x21,0x1e,0xbc,0xff,0x28,0x1e,0xc2,0xff,0x29,0x1b,0xc0,0xff,0x24,0x1b,0xbc,0xff,0x28,0x1c,0xbc,0xff,0x2c,0x19,0xbc,0xff,
    0x27,0x19,0xb5,0xff,0x0b,0x08,0x62,0xff,0x1b,0x12,0x5b,0xff,0x1a,0x0e,0x66,0xff,0x1c,0x10,0x62,0xff,0x1e,0x0e,0x64,0xff,0x1b,0x0d,0x79,0xff,0x23,0x15,0x9a,0xff,
    0x28,0x16,0x99,0xff,0x24,0x1c,0xb5,0xff,0x26,0x2b,0xec,0xff,0x2b,0x2b,0xf1,0xff,0x27,0x2a,0xf1,0xff,0x25,0x2a,0xeb,0xff,0x27,0x29,0xed,0xff,0x27,0x26,0xeb,0xff,
    0x27,0x29,0xe7,0xff,0x29,0x27,0xe9,0xff,0x2d,0x26,0xec,0xff,0x2c,0x28,0xeb,0xff,0x2a,0x29,0xe8,0xff,0x2a,0x28,0xea,0xff,0x29,0x26,0xe8,0xff,0x29,0x22,0xe8,0xff,
    0x25,0x20,0xdc,0xff,0x21,0x1f,0xd8,0xff,0x29,0x22,0xdc,0xff,0x22,0x1b,0xc0,0xff,0x29,0x1b,0xc7,0xff,0x29,0x1d,0xb6,0xff,0x20,0x18,0xa1,0xff,0x20,0x16,0xa6,0xff,
    0x29,0x0d,0x2f,0xff,0x33,0x11,0x0d,0xff,0x2d,0x11,0x0a,0xff,0xff,0xf0,0xf0,0x11,0x00,0x00,0x00,0x00,0x00,0x00,0x00,0x00,0x00,0x00,0x00,0x00,0x00,0x00,0x00,0x00,
    0x00,0x00,0x00,0x00,0x00,0x00,0x00,0x00,0x00,0x00,0x00,0x00,0x00,0x00,0x00,0x00,0x00,0x00,0x00,0x00,0x00,0x00,0x00,0x00,0x00,0x00,0x00,0x00,0x00,0x00,0x00,0x00,
    0x00,0x00,0x00,0x00,0x00,0x00,0x00,0x00,0x00,0x00,0x00,0x00,0x00,0x00,0x00,0x00,0x00,0x00,0x00,0x00,0x00,0x00,0x00,0x00,0x00,0x00,0x00,0x00,0x00,0x00,0x00,0x00,
    0x00,0x00,0x00,0x00,0x00,0x00,0x00,0x00,0x00,0x00,0x00,0x00,0x00,0x00,0x00,0x00,0x00,0x00,0x00,0x00,0x00,0x00,0x00,0x00,0x00,0x00,0x00,0x00,0x00,0x00,0x00,0x00,
    0x00,0x00,0x00,0x00,0x00,0x00,0x00,0x00,0x00,0x00,0x00,0x00,0x00,0x00,0x00,0x00,0x00,0x00,0x00,0x00,0x00,0x00,0x00,0x00,0x00,0x00,0x00,0x00,0x00,0x00,0x00,0x00,
    0x00,0x00,0x00,0x00,0x00,0x00,0x00,0x00,0x00,0x00,0x00,0x00,0x00,0x00,0x00,0x00,0x00,0x00,0x00,0x00,0x00,0x00,0x00,0x00,0x00,0x00,0x00,0x00,0x00,0x00,0x00,0x00,
    0x00,0x00,0x00,0x00,0x00,0x00,0x00,0x00,0x00,0x00,0x00,0x00,0x00,0x00,0x00,0x00,0x00,0x00,0x00,0x00,0x00,0x00,0x00,0x00,0x00,0x00,0x00,0x00,0x00,0x00,0x00,0x00,
    0x00,0x00,0x00,0x00,0x00,0x00,0x00,0x00,0x00,0x00,0x00,0x00,0x00,0x00,0x00,0x00,0x00,0x00,0x00,0x00,0x00,0x00,0x00,0x00,0x00,0x00,0x00,0x00,0x00,0x00,0x00,0x00,
    0x00,0x00,0x00,0x00,0x00,0x00,0x00,0x00,0x00,0x00,0x00,0x00,0x00,0x00,0x00,0x00,0x00,0x00,0x00,0x00,0x00,0x00,0x00,0x00,0x00,0x00,0x00,0x00,0x00,0x00,0x00,0x00,
    0x00,0x00,0x00,0x00,0x00,0x00,0x00,0x00,0x00,0x00,0x00,0x00,0x00,0x00,0x00,0x00,0x00,0x00,0x00,0x00,0x00,0x00,0x00,0x00,0x00,0x00,0x00,0x00,0x00,0x00,0x00,0x00,
    0x5f,0x55,0x4e,0x4b,0x30,0x0e,0x10,0xff,0x28,0x14,0x06,0xff,0x29,0x17,0x5e,0xff,0x24,0x17,0x98,0xff,0x27,0x16,0x9b,0xff,0x12,0x0a,0x5c,0xff,0x19,0x0c,0x5b,0xff,
    0x14,0x04,0x6c,0xff,0x2a,0x1c,0xb0,0xff,0x24,0x1b,0xb4,0xff,0x25,0x15,0xa4,0xff,0x25,0x17,0x99,0xff,0x24,0x1b,0x96,0xff,0x23,0x10,0x90,0xff,0x29,0x17,0x7e,0xff,
    0x1b,0x12,0x81,0xff,0x27,0x19,0x83,0xff,0x32,0x14,0x88,0xff,0x27,0x16,0x87,0xff,0x38,0x2e,0xc3,0xff,0x31,0x2a,0xd0,0xff,0x31,0x2c,0xcc,0xff,0x2f,0x28,0xcf,0xff,
    0x32,0x25,0xcf,0xff,0x2e,0x24,0xc9,0xff,0x1f,0x1d,0xcb,0xff,0x2a,0x1b,0xc6,0xff,0x1f,0x15,0xab,0xff,0x1b,0x0f,0x9c,0xff,0x23,0x16,0x9d,0xff,0x1d,0x10,0x8d,0xff,
    0x18,0x0d,0x77,0xff,0x15,0x0e,0x71,0xff,0x15,0x0e,0x72,0xff,0x18,0x0d,0x75,0xff,0x16,0x0b,0x74,0xff,0x16,0x0b,0x74,0xff,0x14,0x0d,0x71,0xff,0x14,0x08,0x75,0xff,
    0x15,0x0a,0x74,0xff,0x15,0x0b,0x7b,0xff,0x19,0x0a,0x7d,0xff,0x15,0x0c,0x6f,0xff,0x1c,0x0c,0x79,0xff,0x20,0x10,0x6f,0xff,0x1d,0x11,0x6e,0xff,0x1e,0x0b,0x76,0xff,
    0x26,0x17,0x5d,0xff,0x27,0x14,0x4d,0xff,0x2a,0x18,0x3d,0xff,0xf0,0xf0,0xff,0x11,0x00,0x00,0x00,0x00,0x00,0x00,0x00,0x00,0x00,0x00,0x00,0x00,0x00,0x00,0x00,0x00,
    0x00,0x00,0x00,0x00,0x00,0x00,0x00,0x00,0x00,0x00,0x00,0x00,0x00,0x00,0x00,0x00,0x00,0x00,0x00,0x00,0x00,0x00,0x00,0x00,0x00,0x00,0x00,0x00,0x00,0x00,0x00,0x00,
    0x00,0x00,0x00,0x00,0x00,0x00,0x00,0x00,0x00,0x00,0x00,0x00,0x00,0x00,0x00,0x00,0x00,0x00,0x00,0x00,0x00,0x00,0x00,0x00,0x00,0x00,0x00,0x00,0x00,0x00,0x00,0x00,
    0x00,0x00,0x00,0x00,0x00,0x00,0x00,0x00,0x00,0x00,0x00,0x00,0x00,0x00,0x00,0x00,0x00,0x00,0x00,0x00,0x00,0x00,0x00,0x00,0x00,0x00,0x00,0x00,0x00,0x00,0x00,0x00,
    0x00,0x00,0x00,0x00,0x00,0x00,0x00,0x00,0x00,0x00,0x00,0x00,0x00,0x00,0x00,0x00,0x00,0x00,0x00,0x00,0x00,0x00,0x00,0x00,0x00,0x00,0x00,0x00,0x00,0x00,0x00,0x00,
    0x00,0x00,0x00,0x00,0x00,0x00,0x00,0x00,0x00,0x00,0x00,0x00,0x00,0x00,0x00,0x00,0x00,0x00,0x00,0x00,0x00,0x00,0x00,0x00,0x00,0x00,0x00,0x00,0x00,0x00,0x00,0x00,
    0x00,0x00,0x00,0x00,0x00,0x00,0x00,0x00,0x00,0x00,0x00,0x00,0x00,0x00,0x00,0x00,0x00,0x00,0x00,0x00,0x00,0x00,0x00,0x00,0x00,0x00,0x00,0x00,0x00,0x00,0x00,0x00,
    0x00,0x00,0x00,0x00,0x00,0x00,0x00,0x00,0x00,0x00,0x00,0x00,0x00,0x00,0x00,0x00,0x00,0x00,0x00,0x00,0x00,0x00,0x00,0x00,0x00,0x00,0x00,0x00,0x00,0x00,0x00,0x00,
    0x00,0x00,0x00,0x00,0x00,0x00,0x00,0x00,0x00,0x00,0x00,0x00,0x00,0x00,0x00,0x00,0x00,0x00,0x00,0x00,0x00,0x00,0x00,0x00,0x00,0x00,0x00,0x00,0x00,0x00,0x00,0x00,
    0x00,0x00,0x00,0x00,0x00,0x00,0x00,0x00,0x00,0x00,0x00,0x00,0x00,0x00,0x00,0x00,0x00,0x00,0x00,0x00,0x00,0x00,0x00,0x00,0x00,0x00,0x00,0x00,0x00,0x00,0x00,0x00,
    0x48,0x36,0x31,0x63,0x30,0x14,0x0b,0xff,0x36,0x13,0x07,0xff,0x2a,0x1c,0x6e,0xff,0x24,0x16,0x9c,0xff,0x29,0x19,0x9c,0xff,0x18,0x0c,0x5c,0xff,0x1b,0x0d,0x54,0xff,
    0x16,0x0b,0x5d,0xff,0x29,0x1e,0xaf,0xff,0x29,0x1b,0xb6,0xff,0x1e,0x13,0x93,0xff,0x1f,0x10,0x7c,0xff,0x25,0x16,0x78,0xff,0x1a,0x0e,0x61,0xff,0x1a,0x10,0x56,0xff,
    0x1d,0x0f,0x56,0xff,0x29,0x16,0x83,0xff,0x23,0x18,0x86,0xff,0x1d,0x13,0x8e,0xff,0x2e,0x28,0xd7,0xff,0x26,0x22,0xd5,0xff,0x29,0x22,0xdd,0xff,0x28,0x22,0xdd,0xff,
    0x26,0x27,0xd5,0xff,0x28,0x24,0xd4,0xff,0x2e,0x1e,0xc4,0xff,0x29,0x21,0xb8,0xff,0x27,0x17,0xa6,0xff,0x23,0x17,0x90,0xff,0x23,0x16,0x8c,0xff,0x1f,0x0f,0x72,0xff,
    0x22,0x17,0x60,0xff,0x1d,0x10,0x5f,0xff,0x20,0x11,0x5b,0xff,0x21,0x11,0x5b,0xff,0x22,0x10,0x5d,0xff,0x22,0x10,0x5d,0xff,0x20,0x10,0x5d,0xff,0x20,0x10,0x5e,0xff,
    0x21,0x10,0x61,0xff,0x22,0x10,0x63,0xff,0x22,0x10,0x63,0xff,0x20,0x12,0x64,0xff,0x1e,0x12,0x64,0xff,0x1e,0x11,0x65,0xff,0x20,0x13,0x67,0xff,0x22,0x12,0x69,0xff,
    0x20,0x14,0x5c,0xff,0x1d,0x14,0x57,0xff,0x21,0x11,0x60,0xff,0xff,0xff,0xf2,0x13,0x00,0x00,0x00,0x00,0x00,0x00,0x00,0x00,0x00,0x00,0x00,0x00,0x00,0x00,0x00,0x00,
    0x00,0x00,0x00,0x00,0x00,0x00,0x00,0x00,0x00,0x00,0x00,0x00,0x00,0x00,0x00,0x00,0x00,0x00,0x00,0x00,0x00,0x00,0x00,0x00,0x00,0x00,0x00,0x00,0x00,0x00,0x00,0x00,
    0x00,0x00,0x00,0x00,0x00,0x00,0x00,0x00,0x00,0x00,0x00,0x00,0x00,0x00,0x00,0x00,0x00,0x00,0x00,0x00,0x00,0x00,0x00,0x00,0x00,0x00,0x00,0x00,0x00,0x00,0x00,0x00,
    0x00,0x00,0x00,0x00,0x00,0x00,0x00,0x00,0x00,0x00,0x00,0x00,0x00,0x00,0x00,0x00,0x00,0x00,0x00,0x00,0x00,0x00,0x00,0x00,0x00,0x00,0x00,0x00,0x00,0x00,0x00,0x00,
    0x00,0x00,0x00,0x00,0x00,0x00,0x00,0x00,0x00,0x00,0x00,0x00,0x00,0x00,0x00,0x00,0x00,0x00,0x00,0x00,0x00,0x00,0x00,0x00,0x00,0x00,0x00,0x00,0x00,0x00,0x00,0x00,
    0x00,0x00,0x00,0x00,0x00,0x00,0x00,0x00,0x00,0x00,0x00,0x00,0x00,0x00,0x00,0x00,0x00,0x00,0x00,0x00,0x00,0x00,0x00,0x00,0x00,0x00,0x00,0x00,0x00,0x00,0x00,0x00,
    0x00,0x00,0x00,0x00,0x00,0x00,0x00,0x00,0x00,0x00,0x00,0x00,0x00,0x00,0x00,0x00,0x00,0x00,0x00,0x00,0x00,0x00,0x00,0x00,0x00,0x00,0x00,0x00,0x00,0x00,0x00,0x00,
    0x00,0x00,0x00,0x00,0x00,0x00,0x00,0x00,0x00,0x00,0x00,0x00,0x00,0x00,0x00,0x00,0x00,0x00,0x00,0x00,0x00,0x00,0x00,0x00,0x00,0x00,0x00,0x00,0x00,0x00,0x00,0x00,
    0x00,0x00,0x00,0x00,0x00,0x00,0x00,0x00,0x00,0x00,0x00,0x00,0x00,0x00,0x00,0x00,0x00,0x00,0x00,0x00,0x00,0x00,0x00,0x00,0x00,0x00,0x00,0x00,0x00,0x00,0x00,0x00,
    0x00,0x00,0x00,0x00,0x00,0x00,0x00,0x00,0x00,0x00,0x00,0x00,0x00,0x00,0x00,0x00,0x00,0x00,0x00,0x00,0x00,0x00,0x00,0x00,0x00,0x00,0x00,0x00,0x00,0x00,0x00,0x00,
    0x44,0x34,0x39,0x66,0x23,0x0f,0x10,0xff,0x26,0x0b,0x0e,0xff,0x2b,0x16,0x71,0xff,0x26,0x17,0x9b,0xff,0x29,0x18,0x9b,0xff,0x14,0x0b,0x60,0xff,0x17,0x09,0x59,0xff,
    0x11,0x06,0x5e,0xff,0x30,0x20,0xb0,0xff,0x2c,0x1c,0xa9,0xff,0x25,0x19,0x92,0xff,0x22,0x13,0x7f,0xff,0x26,0x14,0x78,0xff,0x19,0x09,0x5d,0xff,0x16,0x0a,0x56,0xff,
    0x17,0x09,0x5b,0xff,0x24,0x14,0x8a,0xff,0x1e,0x13,0x8d,0xff,0x1c,0x0b,0x91,0xff,0x32,0x26,0xd4,0xff,0x29,0x23,0xd4,0xff,0x2a,0x23,0xd8,0xff,0x2c,0x25,0xd7,0xff,
    0x29,0x27,0xd6,0xff,0x2d,0x24,0xd1,0xff,0x32,0x1f,0xb5,0xff,0x2f,0x23,0xb0,0xff,0x2e,0x1b,0xa4,0xff,0x29,0x19,0x94,0xff,0x29,0x18,0x8d,0xff,0x2b,0x16,0x77,0xff,
    0x27,0x15,0x5a,0xff,0x25,0x13,0x5c,0xff,0x21,0x12,0x59,0xff,0x22,0x14,0x5b,0xff,0x21,0x13,0x5b,0xff,0x21,0x13,0x5b,0xff,0x21,0x12,0x5b,0xff,0x21,0x13,0x5f,0xff,
    0x23,0x13,0x61,0xff,0x22,0x13,0x63,0xff,0x24,0x13,0x64,0xff,0x20,0x13,0x63,0xff,0x22,0x15,0x63,0xff,0x25,0x16,0x66,0xff,0x21,0x13,0x61,0xff,0x25,0x15,0x63,0xff,
    0x24,0x11,0x5a,0xff,0x27,0x16,0x59,0xff,0x2a,0x13,0x55,0xff,0xc6,0xbd,0xbd,0x1b,0x55,0x00,0x00,0x03,0x00,0x00,0x00,0x02,0x00,0x00,0x00,0x00,0x00,0x00,0x00,0x00,
    0x00,0x00,0x00,0x00,0x00,0x00,0x00,0x00,0x00,0x00,0x00,0x00,0x00,0x00,0x00,0x00,0x00,0x00,0x00,0x00,0x00,0x00,0x00,0x00,0x00,0x00,0x00,0x00,0x00,0x00,0x00,0x00,
    0x00,0x00,0x00,0x00,0x00,0x00,0x00,0x00,0x00,0x00,0x00,0x00,0x00,0x00,0x00,0x00,0x00,0x00,0x00,0x00,0x00,0x00,0x00,0x00,0x00,0x00,0x00,0x00,0x00,0x00,0x00,0x00,
    0x00,0x00,0x00,0x00,0x00,0x00,0x00,0x00,0x00,0x00,0x00,0x00,0x00,0x00,0x00,0x00,0x00,0x00,0x00,0x00,0x00,0x00,0x00,0x00,0x00,0x00,0x00,0x00,0x00,0x00,0x00,0x00,
    0x00,0x00,0x00,0x00,0x00,0x00,0x00,0x00,0x00,0x00,0x00,0x00,0x00,0x00,0x00,0x00,0x00,0x00,0x00,0x00,0x00,0x00,0x00,0x00,0x00,0x00,0x00,0x00,0x00,0x00,0x00,0x00,
    0x00,0x00,0x00,0x00,0x00,0x00,0x00,0x00,0x00,0x00,0x00,0x00,0x00,0x00,0x00,0x00,0x00,0x00,0x00,0x00,0x00,0x00,0x00,0x00,0x00,0x00,0x00,0x00,0x00,0x00,0x00,0x00,
    0x00,0x00,0x00,0x00,0x00,0x00,0x00,0x00,0x00,0x00,0x00,0x00,0x00,0x00,0x00,0x00,0x00,0x00,0x00,0x00,0x00,0x00,0x00,0x00,0x00,0x00,0x00,0x00,0x00,0x00,0x00,0x00,
    0x00,0x00,0x00,0x00,0x00,0x00,0x00,0x00,0x00,0x00,0x00,0x00,0x00,0x00,0x00,0x00,0x00,0x00,0x00,0x00,0x00,0x00,0x00,0x00,0x00,0x00,0x00,0x00,0x00,0x00,0x00,0x00,
    0x00,0x00,0x00,0x00,0x00,0x00,0x00,0x00,0x00,0x00,0x00,0x00,0x00,0x00,0x00,0x00,0x00,0x00,0x00,0x00,0x00,0x00,0x00,0x00,0x00,0x00,0x00,0x00,0x00,0x00,0x00,0x00,
    0x00,0x00,0x00,0x00,0x00,0x00,0x00,0x00,0x00,0x00,0x00,0x00,0x00,0x00,0x00,0x00,0x00,0x00,0x00,0x00,0xbf,0xbf,0xbf,0x04,0x24,0x14,0x11,0xff,0x26,0x13,0x0f,0xff,
    0x2f,0x15,0x4a,0xff,0x37,0x1b,0x7c,0xff,0x30,0x1b,0x6f,0xff,0x26,0x19,0x83,0xff,0x23,0x15,0x92,0xff,0x24,0x13,0x96,0xff,0x2b,0x1d,0x85,0xff,0x2b,0x18,0x85,0xff,
    0x28,0x1a,0x80,0xff,0x12,0x08,0x59,0xff,0x14,0x0c,0x59,0xff,0x16,0x0c,0x56,0xff,0x1b,0x0d,0x5b,0xff,0x1b,0x0b,0x5e,0xff,0x2f,0x1a,0x8d,0xff,0x2b,0x19,0x8e,0xff,
    0x29,0x19,0x96,0xff,0x34,0x21,0xbe,0xff,0x2b,0x20,0xbc,0xff,0x2b,0x21,0xb4,0xff,0x28,0x1e,0xc6,0xff,0x26,0x1f,0xc4,0xff,0x29,0x1d,0xb9,0xff,0x1c,0x11,0x96,0xff,
    0x1b,0x19,0x90,0xff,0x1b,0x16,0x7a,0xff,0x1d,0x12,0x49,0xff,0x16,0x12,0x3f,0xff,0x25,0x18,0x46,0xff,0x27,0x1a,0x44,0xff,0x26,0x16,0x3e,0xff,0x77,0x61,0x73,0xff,
    0xbc,0xa4,0x94,0xff,0xba,0xa0,0x99,0xff,0xdf,0xc5,0xc0,0xff,0xd7,0xc2,0xbe,0xff,0xd7,0xc2,0xc0,0xff,0xda,0xc3,0xc1,0xff,0xdb,0xc4,0xc1,0xff,0xdb,0xc4,0xc2,0xff,
    0xdb,0xc3,0xc1,0xff,0xdc,0xc4,0xc2,0xff,0xde,0xc6,0xc5,0xff,0xde,0xc4,0xc3,0xff,0xdb,0xbe,0xbd,0xff,0xe4,0xc5,0xc3,0xff,0xc6,0xa5,0xa2,0xff,0xcd,0xaa,0xa7,0xff,
    0x80,0x5e,0x50,0xff,0x79,0x56,0x48,0xff,0x77,0x4f,0x4e,0xff,0x34,0x15,0x01,0xff,0x35,0x16,0x0d,0xff,0x26,0x18,0x15,0xf6,0x00,0x00,0x00,0x00,0x00,0x00,0x00,0x00,
    0x00,0x00,0x00,0x00,0x00,0x00,0x00,0x00,0x00,0x00,0x00,0x00,0x00,0x00,0x00,0x00,0x00,0x00,0x00,0x00,0x00,0x00,0x00,0x00,0x00,0x00,0x00,0x00,0x00,0x00,0x00,0x00,
    0x00,0x00,0x00,0x00,0x00,0x00,0x00,0x00,0x00,0x00,0x00,0x00,0x00,0x00,0x00,0x00,0x00,0x00,0x00,0x00,0x00,0x00,0x00,0x00,0x00,0x00,0x00,0x00,0x00,0x00,0x00,0x00,
    0x00,0x00,0x00,0x00,0x00,0x00,0x00,0x00,0x00,0x00,0x00,0x00,0x00,0x00,0x00,0x00,0x00,0x00,0x00,0x00,0x00,0x00,0x00,0x00,0x00,0x00,0x00,0x00,0x00,0x00,0x00,0x00,
    0x00,0x00,0x00,0x00,0x00,0x00,0x00,0x00,0x00,0x00,0x00,0x00,0x00,0x00,0x00,0x00,0x00,0x00,0x00,0x00,0x00,0x00,0x00,0x00,0x00,0x00,0x00,0x00,0x00,0x00,0x00,0x00,
    0x00,0x00,0x00,0x00,0x00,0x00,0x00,0x00,0x00,0x00,0x00,0x00,0x00,0x00,0x00,0x00,0x00,0x00,0x00,0x00,0x00,0x00,0x00,0x00,0x00,0x00,0x00,0x00,0x00,0x00,0x00,0x00,
    0x00,0x00,0x00,0x00,0x00,0x00,0x00,0x00,0x00,0x00,0x00,0x00,0x00,0x00,0x00,0x00,0x00,0x00,0x00,0x00,0x00,0x00,0x00,0x00,0x00,0x00,0x00,0x00,0x00,0x00,0x00,0x00,
    0x00,0x00,0x00,0x00,0x00,0x00,0x00,0x00,0x00,0x00,0x00,0x00,0x00,0x00,0x00,0x00,0x00,0x00,0x00,0x00,0x00,0x00,0x00,0x00,0x00,0x00,0x00,0x00,0x00,0x00,0x00,0x00,
    0x00,0x00,0x00,0x00,0x00,0x00,0x00,0x00,0x00,0x00,0x00,0x00,0x00,0x00,0x00,0x00,0x00,0x00,0x00,0x00,0x00,0x00,0x00,0x00,0x00,0x00,0x00,0x00,0x00,0x00,0x00,0x00,
    0x00,0x00,0x00,0x00,0x00,0x00,0x00,0x00,0x00,0x00,0x00,0x00,0x00,0x00,0x00,0x00,0x00,0x00,0x00,0x00,0xff,0xff,0xff,0x04,0x2c,0x13,0x0d,0xff,0x2f,0x11,0x09,0xff,
    0x26,0x12,0x3d,0xff,0x24,0x15,0x82,0xff,0x1f,0x15,0x86,0xff,0x25,0x18,0x87,0xff,0x26,0x17,0x8d,0xff,0x24,0x12,0x96,0xff,0x27,0x17,0x8a,0xff,0x28,0x15,0x94,0xff,
    0x2a,0x1b,0x8a,0xff,0x17,0x0b,0x4d,0xff,0x19,0x0e,0x4c,0xff,0x1d,0x0c,0x55,0xff,0x1e,0x0b,0x5c,0xff,0x1a,0x0c,0x5a,0xff,0x2c,0x1c,0x91,0xff,0x25,0x18,0x98,0xff,
    0x22,0x16,0x9e,0xff,0x2c,0x1f,0xc1,0xff,0x22,0x1d,0xc0,0xff,0x25,0x21,0xbd,0xff,0x28,0x1f,0xc3,0xff,0x26,0x20,0xc0,0xff,0x2f,0x22,0xb4,0xff,0x24,0x13,0x8a,0xff,
    0x23,0x14,0x8e,0xff,0x26,0x13,0x72,0xff,0x29,0x14,0x38,0xff,0x29,0x17,0x38,0xff,0x2e,0x17,0x38,0xff,0x31,0x1b,0x37,0xff,0x35,0x1c,0x35,0xff,0x86,0x64,0x67,0xff,
    0xcf,0xa6,0x89,0xff,0xd0,0xa6,0x93,0xff,0xe8,0xc6,0xb6,0xff,0xe4,0xc6,0xb6,0xff,0xe4,0xc7,0xb8,0xff,0xe7,0xc7,0xb9,0xff,0xe8,0xc7,0xb7,0xff,0xe7,0xc9,0xb8,0xff,
    0xe9,0xc9,0xb9,0xff,0xe9,0xcb,0xba,0xff,0xea,0xca,0xba,0xff,0xe4,0xca,0xba,0xff,0xe3,0xc9,0xb8,0xff,0xec,0xd2,0xbe,0xff,0xcf,0xaf,0x9c,0xff,0xd1,0xaf,0x98,0xff,
    0x8d,0x64,0x48,0xff,0x86,0x5a,0x3c,0xff,0x81,0x56,0x41,0xff,0x35,0x16,0x0a,0xff,0x2a,0x11,0x0e,0xff,0x25,0x17,0x11,0xf7,0x00,0x00,0x00,0x00,0x00,0x00,0x00,0x00,
    0x00,0x00,0x00,0x00,0x00,0x00,0x00,0x00,0x00,0x00,0x00,0x00,0x00,0x00,0x00,0x00,0x00,0x00,0x00,0x00,0x00,0x00,0x00,0x00,0x00,0x00,0x00,0x00,0x00,0x00,0x00,0x00,
    0x00,0x00,0x00,0x00,0x00,0x00,0x00,0x00,0x00,0x00,0x00,0x00,0x00,0x00,0x00,0x00,0x00,0x00,0x00,0x00,0x00,0x00,0x00,0x00,0x00,0x00,0x00,0x00,0x00,0x00,0x00,0x00,
    0x00,0x00,0x00,0x00,0x00,0x00,0x00,0x00,0x00,0x00,0x00,0x00,0x00,0x00,0x00,0x00,0x00,0x00,0x00,0x00,0x00,0x00,0x00,0x00,0x00,0x00,0x00,0x00,0x00,0x00,0x00,0x00,
    0x00,0x00,0x00,0x00,0x00,0x00,0x00,0x00,0x00,0x00,0x00,0x00,0x00,0x00,0x00,0x00,0x00,0x00,0x00,0x00,0x00,0x00,0x00,0x00,0x00,0x00,0x00,0x00,0x00,0x00,0x00,0x00,
    0x00,0x00,0x00,0x00,0x00,0x00,0x00,0x00,0x00,0x00,0x00,0x00,0x00,0x00,0x00,0x00,0x00,0x00,0x00,0x00,0x00,0x00,0x00,0x00,0x00,0x00,0x00,0x00,0x00,0x00,0x00,0x00,
    0x00,0x00,0x00,0x00,0x00,0x00,0x00,0x00,0x00,0x00,0x00,0x00,0x00,0x00,0x00,0x00,0x00,0x00,0x00,0x00,0x00,0x00,0x00,0x00,0x00,0x00,0x00,0x00,0x00,0x00,0x00,0x00,
    0x00,0x00,0x00,0x00,0x00,0x00,0x00,0x00,0x00,0x00,0x00,0x00,0x00,0x00,0x00,0x00,0x00,0x00,0x00,0x00,0x00,0x00,0x00,0x00,0x00,0x00,0x00,0x00,0x00,0x00,0x00,0x00,
    0x00,0x00,0x00,0x00,0x00,0x00,0x00,0x00,0x00,0x00,0x00,0x00,0x00,0x00,0x00,0x00,0x00,0x00,0x00,0x00,0x00,0x00,0x00,0x00,0x00,0x00,0x00,0x00,0x00,0x00,0x00,0x00,
    0x00,0x00,0x00,0x00,0x00,0x00,0x00,0x00,0x00,0x00,0x00,0x00,0x00,0x00,0x00,0x00,0x00,0x00,0x00,0x00,0xdb,0xdb,0xb6,0x07,0x30,0x12,0x0c,0xff,0x31,0x11,0x0c,0xff,
    0x29,0x10,0x49,0xff,0x25,0x18,0x86,0xff,0x20,0x15,0x87,0xff,0x2f,0x13,0x89,0xff,0x28,0x17,0x8d,0xff,0x26,0x18,0x95,0xff,0x27,0x19,0x8a,0xff,0x27,0x17,0x90,0xff,
    0x25,0x1a,0x84,0xff,0x17,0x0b,0x4d,0xff,0x1a,0x10,0x4b,0xff,0x1b,0x0d,0x56,0xff,0x1a,0x0d,0x57,0xff,0x17,0x0f,0x52,0xff,0x2b,0x1b,0x90,0xff,0x25,0x17,0x9a,0xff,
    0x25,0x16,0xa0,0xff,0x2f,0x1f,0xbf,0xff,0x25,0x1b,0xbf,0xff,0x2b,0x1f,0xbe,0xff,0x2d,0x20,0xc0,0xff,0x26,0x22,0xc4,0xff,0x2c,0x22,0xba,0xff,0x21,0x15,0x89,0xff,
    0x20,0x16,0x88,0xff,0x28,0x19,0x71,0xff,0x29,0x16,0x33,0xff,0x2a,0x17,0x3f,0xff,0x2c,0x17,0x3b,0xff,0x22,0x17,0x31,0xff,0x2a,0x1b,0x32,0xff,0x87,0x6d,0x71,0xff,
    0xc9,0xa4,0x89,0xff,0xc5,0xa0,0x8e,0xff,0xe3,0xc5,0xb3,0xff,0xe1,0xc9,0xb8,0xff,0xdf,0xc9,0xb8,0xff,0xe3,0xca,0xba,0xff,0xe4,0xcb,0xbb,0xff,0xe3,0xcb,0xbc,0xff,
    0xe4,0xcb,0xbb,0xff,0xe2,0xca,0xba,0xff,0xe4,0xcb,0xbb,0xff,0xe4,0xcb,0xbd,0xff,0xe5,0xcb,0xbe,0xff,0xe9,0xca,0xbc,0xff,0xce,0xae,0x9c,0xff,0xd0,0xab,0x99,0xff,
    0x91,0x68,0x51,0xff,0x88,0x5a,0x40,0xff,0x80,0x55,0x39,0xff,0x31,0x11,0x06,0xff,0x2f,0x15,0x08,0xff,0x27,0x15,0x0c,0xf8,0x00,0x00,0x00,0x00,0x00,0x00,0x00,0x00,
    0x00,0x00,0x00,0x00,0x00,0x00,0x00,0x00,0x00,0x00,0x00,0x00,0x00,0x00,0x00,0x00,0x00,0x00,0x00,0x00,0x00,0x00,0x00,0x00,0x00,0x00,0x00,0x00,0x00,0x00,0x00,0x00,
    0x00,0x00,0x00,0x00,0x00,0x00,0x00,0x00,0x00,0x00,0x00,0x00,0x00,0x00,0x00,0x00,0x00,0x00,0x00,0x00,0x00,0x00,0x00,0x00,0x00,0x00,0x00,0x00,0x00,0x00,0x00,0x00,
    0x00,0x00,0x00,0x00,0x00,0x00,0x00,0x00,0x00,0x00,0x00,0x00,0x00,0x00,0x00,0x00,0x00,0x00,0x00,0x00,0x00,0x00,0x00,0x00,0x00,0x00,0x00,0x00,0x00,0x00,0x00,0x00,
    0x00,0x00,0x00,0x00,0x00,0x00,0x00,0x00,0x00,0x00,0x00,0x00,0x00,0x00,0x00,0x00,0x00,0x00,0x00,0x00,0x00,0x00,0x00,0x00,0x00,0x00,0x00,0x00,0x00,0x00,0x00,0x00,
    0x00,0x00,0x00,0x00,0x00,0x00,0x00,0x00,0x00,0x00,0x00,0x00,0x00,0x00,0x00,0x00,0x00,0x00,0x00,0x00,0x00,0x00,0x00,0x00,0x00,0x00,0x00,0x00,0x00,0x00,0x00,0x00,
    0x00,0x00,0x00,0x00,0x00,0x00,0x00,0x00,0x00,0x00,0x00,0x00,0x00,0x00,0x00,0x00,0x00,0x00,0x00,0x00,0x00,0x00,0x00,0x00,0x00,0x00,0x00,0x00,0x00,0x00,0x00,0x00,
    0x00,0x00,0x00,0x00,0x00,0x00,0x00,0x00,0x00,0x00,0x00,0x00,0x00,0x00,0x00,0x00,0x00,0x00,0x00,0x00,0x00,0x00,0x00,0x00,0x00,0x00,0x00,0x00,0x00,0x00,0x00,0x00,
    0x00,0x00,0x00,0x00,0x00,0x00,0x00,0x00,0x00,0x00,0x00,0x00,0x00,0x00,0x00,0x00,0x00,0x00,0x00,0x00,0x00,0x00,0x00,0x00,0x00,0x00,0x00,0x00,0x00,0x00,0x00,0x00,
    0x00,0x00,0x00,0x00,0x00,0x00,0x00,0x00,0x00,0x00,0x00,0x00,0x00,0x00,0x00,0x00,0x00,0x00,0x00,0x00,0xdb,0xdb,0xdb,0x07,0x2e,0x12,0x0d,0xff,0x2a,0x11,0x0b,0xff,
    0x2c,0x18,0x6d,0xff,0x2c,0x1f,0xad,0xff,0x2b,0x1f,0xaf,0xff,0x22,0x12,0x79,0xff,0x19,0x0f,0x4c,0xff,0x1d,0x0e,0x53,0xff,0x19,0x13,0x6f,0xff,0x21,0x0f,0x73,0xff,
    0x1d,0x12,0x6c,0xff,0x1a,0x0b,0x51,0xff,0x19,0x0f,0x4b,0xff,0x25,0x17,0x75,0xff,0x29,0x19,0x9b,0xff,0x23,0x18,0x96,0xff,0x25,0x17,0x9a,0xff,0x2a,0x15,0x9a,0xff,
    0x23,0x18,0x96,0xff,0x22,0x17,0x96,0xff,0x22,0x15,0x96,0xff,0x29,0x12,0xa2,0xff,0x20,0x0e,0x48,0xff,0x20,0x15,0x35,0xff,0x39,0x1f,0x38,0xff,0x8e,0x5f,0x4c,0xff,
    0x86,0x5e,0x4a,0xff,0x97,0x76,0x66,0xff,0xe4,0xca,0xba,0xff,0xe1,0xca,0xbc,0xff,0xeb,0xda,0xd1,0xff,0xee,0xe8,0xe3,0xff,0xf1,0xeb,0xe8,0xff,0xf7,0xf5,0xf4,0xff,
    0xfe,0xfd,0xfd,0xff,0xff,0xfe,0xfe,0xff,0xff,0xff,0xff,0xff,0xff,0xfd,0xfd,0xff,0xff,0xff,0xff,0xff,0xff,0xff,0xff,0xff,0xff,0xff,0xff,0xff,0xff,0xff,0xff,0xff,
    0xff,0xff,0xff,0xff,0xff,0xff,0xff,0xff,0xff,0xff,0xff,0xff,0xff,0xfe,0xfe,0xff,0xff,0xff,0xff,0xff,0xff,0xff,0xff,0xff,0xff,0xff,0xff,0xff,0xff,0xff,0xff,0xff,
    0xff,0xff,0xfe,0xff,0xfd,0xff,0xff,0xff,0xff,0xff,0xfb,0xff,0xd0,0xb9,0xaa,0xff,0xdc,0xbb,0xa8,0xff,0xd8,0xbe,0xae,0xff,0x29,0x0e,0x03,0xff,0x30,0x16,0x11,0xff,
    0x27,0x17,0x10,0xfe,0x00,0x00,0x00,0x00,0x00,0x00,0x00,0x00,0x00,0x00,0x00,0x00,0x00,0x00,0x00,0x00,0x00,0x00,0x00,0x00,0x00,0x00,0x00,0x00,0x00,0x00,0x00,0x00,
    0x00,0x00,0x00,0x00,0x00,0x00,0x00,0x00,0x00,0x00,0x00,0x00,0x00,0x00,0x00,0x00,0x00,0x00,0x00,0x00,0x00,0x00,0x00,0x00,0x00,0x00,0x00,0x00,0x00,0x00,0x00,0x00,
    0x00,0x00,0x00,0x00,0x00,0x00,0x00,0x00,0x00,0x00,0x00,0x00,0x00,0x00,0x00,0x00,0x00,0x00,0x00,0x00,0x00,0x00,0x00,0x00,0x00,0x00,0x00,0x00,0x00,0x00,0x00,0x00,
    0x00,0x00,0x00,0x00,0x00,0x00,0x00,0x00,0x00,0x00,0x00,0x00,0x00,0x00,0x00,0x00,0x00,0x00,0x00,0x00,0x00,0x00,0x00,0x00,0x00,0x00,0x00,0x00,0x00,0x00,0x00,0x00,
    0x00,0x00,0x00,0x00,0x00,0x00,0x00,0x00,0x00,0x00,0x00,0x00,0x00,0x00,0x00,0x00,0x00,0x00,0x00,0x00,0x00,0x00,0x00,0x00,0x00,0x00,0x00,0x00,0x00,0x00,0x00,0x00,
    0x00,0x00,0x00,0x00,0x00,0x00,0x00,0x00,0x00,0x00,0x00,0x00,0x00,0x00,0x00,0x00,0x00,0x00,0x00,0x00,0x00,0x00,0x00,0x00,0x00,0x00,0x00,0x00,0x00,0x00,0x00,0x00,
    0x00,0x00,0x00,0x00,0x00,0x00,0x00,0x00,0x00,0x00,0x00,0x00,0x00,0x00,0x00,0x00,0x00,0x00,0x00,0x00,0x00,0x00,0x00,0x00,0x00,0x00,0x00,0x00,0x00,0x00,0x00,0x00,
    0x00,0x00,0x00,0x00,0x00,0x00,0x00,0x00,0x00,0x00,0x00,0x00,0x00,0x00,0x00,0x00,0x00,0x00,0x00,0x00,0x00,0x00,0x00,0x00,0x00,0x00,0x00,0x00,0x00,0x00,0x00,0x00,
    0x00,0x00,0x00,0x00,0x00,0x00,0x00,0x00,0x00,0x00,0x00,0x00,0x00,0x00,0x00,0x00,0x00,0x00,0x00,0x00,0xc6,0xc6,0xc6,0x09,0x2e,0x12,0x0d,0xff,0x2b,0x11,0x0d,0xff,
    0x31,0x1c,0x71,0xff,0x2c,0x1b,0xaf,0xff,0x2a,0x1f,0xac,0xff,0x1e,0x0f,0x76,0xff,0x1b,0x0d,0x50,0xff,0x1b,0x0a,0x5b,0xff,0x1e,0x16,0x68,0xff,0x20,0x13,0x70,0xff,
    0x1f,0x15,0x6e,0xff,0x1a,0x0c,0x4d,0xff,0x19,0x0d,0x4d,0xff,0x28,0x18,0x7b,0xff,0x27,0x16,0x9c,0xff,0x25,0x18,0x98,0xff,0x2b,0x17,0x98,0xff,0x26,0x17,0x97,0xff,
    0x21,0x17,0x9f,0xff,0x20,0x17,0x9a,0xff,0x22,0x17,0x9d,0xff,0x24,0x16,0x96,0xff,0x1b,0x0f,0x3c,0xff,0x25,0x16,0x34,0xff,0x3e,0x22,0x32,0xff,0x8c,0x61,0x49,0xff,
    0x89,0x5e,0x48,0xff,0xa1,0x7d,0x67,0xff,0xe4,0xc6,0xb4,0xff,0xe3,0xc9,0xba,0xff,0xf0,0xdd,0xd4,0xff,0xee,0xe7,0xe4,0xff,0xee,0xe9,0xe7,0xff,0xf6,0xf4,0xf3,0xff,
    0xfe,0xff,0xff,0xff,0xfe,0xfd,0xfd,0xff,0xff,0xfe,0xfe,0xff,0xff,0xfe,0xfe,0xff,0xff,0xfe,0xfe,0xff,0xff,0xfe,0xfe,0xff,0xff,0xfe,0xfe,0xff,0xff,0xfe,0xfe,0xff,
    0xff,0xfe,0xfe,0xff,0xff,0xfe,0xfe,0xff,0xff,0xfe,0xfe,0xff,0xff,0xfe,0xfe,0xff,0xff,0xff,0xff,0xff,0xff,0xfe,0xfe,0xff,0xff,0xfd,0xfd,0xff,0xff,0xfe,0xfe,0xff,
    0xff,0xfd,0xfe,0xff,0xfc,0xfe,0xfe,0xff,0xff,0xfe,0xfa,0xff,0xd0,0xba,0xab,0xff,0xdd,0xbe,0xa9,0xff,0xd3,0xb6,0xa8,0xff,0x32,0x14,0x0b,0xff,0x32,0x14,0x0f,0xff,
    0x2b,0x19,0x12,0xfe,0x00,0x00,0x00,0x00,0x00,0x00,0x00,0x00,0x00,0x00,0x00,0x00,0x00,0x00,0x00,0x00,0x00,0x00,0x00,0x00,0x00,0x00,0x00,0x00,0x00,0x00,0x00,0x00,
    0x00,0x00,0x00,0x00,0x00,0x00,0x00,0x00,0x00,0x00,0x00,0x00,0x00,0x00,0x00,0x00,0x00,0x00,0x00,0x00,0x00,0x00,0x00,0x00,0x00,0x00,0x00,0x00,0x00,0x00,0x00,0x00,
    0x00,0x00,0x00,0x00,0x00,0x00,0x00,0x00,0x00,0x00,0x00,0x00,0x00,0x00,0x00,0x00,0x00,0x00,0x00,0x00,0x00,0x00,0x00,0x00,0x00,0x00,0x00,0x00,0x00,0x00,0x00,0x00,
    0x00,0x00,0x00,0x00,0x00,0x00,0x00,0x00,0x00,0x00,0x00,0x00,0x00,0x00,0x00,0x00,0x00,0x00,0x00,0x00,0x00,0x00,0x00,0x00,0x00,0x00,0x00,0x00,0x00,0x00,0x00,0x00,
    0x00,0x00,0x00,0x00,0x00,0x00,0x00,0x00,0x00,0x00,0x00,0x00,0x00,0x00,0x00,0x00,0x00,0x00,0x00,0x00,0x00,0x00,0x00,0x00,0x00,0x00,0x00,0x00,0x00,0x00,0x00,0x00,
    0x00,0x00,0x00,0x00,0x00,0x00,0x00,0x00,0x00,0x00,0x00,0x00,0x00,0x00,0x00,0x00,0x00,0x00,0x00,0x00,0x00,0x00,0x00,0x00,0x00,0x00,0x00,0x00,0x00,0x00,0x00,0x00,
    0x00,0x00,0x00,0x00,0x00,0x00,0x00,0x00,0x00,0x00,0x00,0x00,0x00,0x00,0x00,0x00,0x00,0x00,0x00,0x00,0x00,0x00,0x00,0x00,0x00,0x00,0x00,0x00,0x00,0x00,0x00,0x00,
    0x00,0x00,0x00,0x00,0x00,0x00,0x00,0x00,0x00,0x00,0x00,0x00,0x00,0x00,0x00,0x00,0x00,0x00,0x00,0x00,0x00,0x00,0x00,0x00,0x00,0x00,0x00,0x00,0x00,0x00,0x00,0x00,
    0x00,0x00,0x00,0x00,0x00,0x00,0x00,0x00,0x00,0x00,0x00,0x00,0x00,0x00,0x00,0x00,0x00,0x00,0x00,0x00,0xd1,0xb9,0xb9,0x0b,0x2d,0x13,0x0b,0xff,0x2e,0x16,0x09,0xff,
    0x32,0x1c,0x66,0xff,0x31,0x1c,0xab,0xff,0x27,0x1d,0x9d,0xff,0x1d,0x11,0x71,0xff,0x1a,0x0c,0x5e,0xff,0x1f,0x0c,0x6b,0xff,0x2e,0x18,0x50,0xff,0x34,0x18,0x5a,0xff,
    0x2e,0x14,0x5d,0xff,0x19,0x06,0x5b,0xff,0x1c,0x0a,0x63,0xff,0x22,0x12,0x80,0xff,0x26,0x15,0x9a,0xff,0x25,0x1a,0x98,0xff,0x27,0x16,0x9b,0xff,0x28,0x19,0x93,0xff,
    0x2b,0x19,0x99,0xff,0x31,0x1f,0x76,0xff,0x3a,0x1e,0x7e,0xff,0x39,0x21,0x7e,0xff,0x35,0x24,0x41,0xff,0x47,0x32,0x46,0xff,0x50,0x3b,0x40,0xff,0x85,0x6f,0x5c,0xff,
    0x8d,0x6d,0x60,0xff,0xa4,0x8b,0x7e,0xff,0xe2,0xcc,0xc2,0xff,0xe0,0xcd,0xc5,0xff,0xf1,0xe2,0xdd,0xff,0xf0,0xea,0xe9,0xff,0xee,0xe9,0xe8,0xff,0xf7,0xf5,0xf4,0xff,
    0xfc,0xfe,0xfe,0xff,0xfd,0xfe,0xfe,0xff,0xfe,0xfe,0xfe,0xff,0xfe,0xfe,0xfe,0xff,0xfe,0xfe,0xfe,0xff,0xfe,0xfe,0xfe,0xff,0xfe,0xfe,0xfe,0xff,0xfe,0xfe,0xfe,0xff,
    0xfe,0xfe,0xfe,0xff,0xfe,0xfe,0xfe,0xff,0xfe,0xfe,0xfe,0xff,0xfe,0xfe,0xfe,0xff,0xfe,0xfe,0xfe,0xff,0xfe,0xfe,0xfe,0xff,0xfe,0xfe,0xfe,0xff,0xfe,0xfe,0xfe,0xff,
    0xff,0xfd,0xfc,0xff,0xfd,0xff,0xff,0xff,0xff,0xff,0xfb,0xff,0xcf,0xbd,0xb1,0xff,0xd6,0xbd,0xac,0xff,0xdc,0xc3,0xb5,0xff,0x31,0x13,0x0b,0xff,0x31,0x11,0x0b,0xff,
    0x29,0x16,0x0e,0xfe,0x00,0x00,0x00,0x00,0x00,0x00,0x00,0x00,0x00,0x00,0x00,0x00,0x00,0x00,0x00,0x00,0x00,0x00,0x00,0x00,0x00,0x00,0x00,0x00,0x00,0x00,0x00,0x00,
    0x00,0x00,0x00,0x00,0x00,0x00,0x00,0x00,0x00,0x00,0x00,0x00,0x00,0x00,0x00,0x00,0x00,0x00,0x00,0x00,0x00,0x00,0x00,0x00,0x00,0x00,0x00,0x00,0x00,0x00,0x00,0x00,
    0x00,0x00,0x00,0x00,0x00,0x00,0x00,0x00,0x00,0x00,0x00,0x00,0x00,0x00,0x00,0x00,0x00,0x00,0x00,0x00,0x00,0x00,0x00,0x00,0x00,0x00,0x00,0x00,0x00,0x00,0x00,0x00,
    0x00,0x00,0x00,0x00,0x00,0x00,0x00,0x00,0x00,0x00,0x00,0x00,0x00,0x00,0x00,0x00,0x00,0x00,0x00,0x00,0x00,0x00,0x00,0x00,0x00,0x00,0x00,0x00,0x00,0x00,0x00,0x00,
    0x00,0x00,0x00,0x00,0x00,0x00,0x00,0x00,0x00,0x00,0x00,0x00,0x00,0x00,0x00,0x00,0x00,0x00,0x00,0x00,0x00,0x00,0x00,0x00,0x00,0x00,0x00,0x00,0x00,0x00,0x00,0x00,
    0x00,0x00,0x00,0x00,0x00,0x00,0x00,0x00,0x00,0x00,0x00,0x00,0x00,0x00,0x00,0x00,0x00,0x00,0x00,0x00,0x00,0x00,0x00,0x00,0x00,0x00,0x00,0x00,0x00,0x00,0x00,0x00,
    0x00,0x00,0x00,0x00,0x00,0x00,0x00,0x00,0x00,0x00,0x00,0x00,0x00,0x00,0x00,0x00,0x00,0x00,0x00,0x00,0x00,0x00,0x00,0x00,0x00,0x00,0x00,0x00,0x00,0x00,0x00,0x00,
    0x00,0x00,0x00,0x00,0x00,0x00,0x00,0x00,0x00,0x00,0x00,0x00,0x00,0x00,0x00,0x00,0x00,0x00,0x00,0x00,0x00,0x00,0x00,0x00,0x00,0x00,0x00,0x00,0x00,0x00,0x00,0x00,
    0x00,0x00,0x00,0x00,0x00,0x00,0x00,0x00,0x00,0x00,0x00,0x00,0x00,0x00,0x00,0x00,0x00,0x00,0x00,0x00,0xd1,0xd1,0xd1,0x0b,0x2f,0x14,0x0e,0xff,0x2d,0x11,0x0d,0xff,
    0x20,0x0f,0x3b,0xff,0x27,0x17,0x87,0xff,0x23,0x19,0x8d,0xff,0x2b,0x1a,0x8a,0xff,0x28,0x17,0x89,0xff,0x2f,0x1c,0x83,0xff,0x28,0x13,0x18,0xff,0x2b,0x15,0x0b,0xff,
    0x26,0x0d,0x18,0xff,0x2d,0x1a,0x85,0xff,0x2a,0x17,0x87,0xff,0x28,0x19,0x92,0xff,0x25,0x17,0x9b,0xff,0x25,0x19,0x97,0xff,0x22,0x12,0x96,0xff,0x21,0x17,0x82,0xff,
    0x32,0x1c,0x7f,0xff,0x2b,0x1c,0x24,0xff,0x38,0x1d,0x1f,0xff,0x3c,0x1c,0x1b,0xff,0xe0,0xc3,0xad,0xff,0xe2,0xc3,0xb8,0xff,0xde,0xc1,0xbc,0xff,0xff,0xfb,0xfe,0xff,
    0xfe,0xfe,0xfb,0xff,0xfd,0xfe,0xfb,0xff,0xfd,0xff,0xfd,0xff,0xfb,0xff,0xfd,0xff,0xfd,0xff,0xfe,0xff,0xff,0xfe,0xff,0xff,0xff,0xff,0xff,0xff,0xff,0xff,0xff,0xff,
    0xfe,0xfe,0xfe,0xff,0xfd,0xfe,0xfe,0xff,0xfe,0xfe,0xfe,0xff,0xfe,0xfe,0xfe,0xff,0xfe,0xfe,0xfe,0xff,0xfe,0xfe,0xfe,0xff,0xfe,0xfe,0xfe,0xff,0xfe,0xfe,0xfe,0xff,
    0xfe,0xfe,0xfe,0xff,0xfe,0xfe,0xfe,0xff,0xfe,0xfe,0xfe,0xff,0xfe,0xfe,0xfe,0xff,0xfe,0xfe,0xfe,0xff,0xfe,0xfe,0xfe,0xff,0xfe,0xfe,0xfe,0xff,0xfe,0xfe,0xfe,0xff,
    0xff,0xfe,0xfd,0xff,0xfa,0xff,0xfe,0xff,0xfc,0xfe,0xfe,0xff,0xe8,0xda,0xd3,0xff,0xef,0xdc,0xd2,0xff,0xef,0xdd,0xd1,0xff,0x29,0x0f,0x08,0xff,0x31,0x15,0x0e,0xff,
    0x2e,0x19,0x0f,0xfe,0x00,0x00,0x00,0x00,0x00,0x00,0x00,0x00,0x00,0x00,0x00,0x00,0x00,0x00,0x00,0x00,0x00,0x00,0x00,0x00,0x00,0x00,0x00,0x00,0x00,0x00,0x00,0x00,
    0x00,0x00,0x00,0x00,0x00,0x00,0x00,0x00,0x00,0x00,0x00,0x00,0x00,0x00,0x00,0x00,0x00,0x00,0x00,0x00,0x00,0x00,0x00,0x00,0x00,0x00,0x00,0x00,0x00,0x00,0x00,0x00,
    0x00,0x00,0x00,0x00,0x00,0x00,0x00,0x00,0x00,0x00,0x00,0x00,0x00,0x00,0x00,0x00,0x00,0x00,0x00,0x00,0x00,0x00,0x00,0x00,0x00,0x00,0x00,0x00,0x00,0x00,0x00,0x00,
    0x00,0x00,0x00,0x00,0x00,0x00,0x00,0x00,0x00,0x00,0x00,0x00,0x00,0x00,0x00,0x00,0x00,0x00,0x00,0x00,0x00,0x00,0x00,0x00,0x00,0x00,0x00,0x00,0x00,0x00,0x00,0x00,
    0x00,0x00,0x00,0x00,0x00,0x00,0x00,0x00,0x00,0x00,0x00,0x00,0x00,0x00,0x00,0x00,0x00,0x00,0x00,0x00,0x00,0x00,0x00,0x00,0x00,0x00,0x00,0x00,0x00,0x00,0x00,0x00,
    0x00,0x00,0x00,0x00,0x00,0x00,0x00,0x00,0x00,0x00,0x00,0x00,0x00,0x00,0x00,0x00,0x00,0x00,0x00,0x00,0x00,0x00,0x00,0x00,0x00,0x00,0x00,0x00,0x00,0x00,0x00,0x00,
    0x00,0x00,0x00,0x00,0x00,0x00,0x00,0x00,0x00,0x00,0x00,0x00,0x00,0x00,0x00,0x00,0x00,0x00,0x00,0x00,0x00,0x00,0x00,0x00,0x00,0x00,0x00,0x00,0x00,0x00,0x00,0x00,
    0x00,0x00,0x00,0x00,0x00,0x00,0x00,0x00,0x00,0x00,0x00,0x00,0x00,0x00,0x00,0x00,0x00,0x00,0x00,0x00,0x00,0x00,0x00,0x00,0x00,0x00,0x00,0x00,0x00,0x00,0x00,0x00,
    0x00,0x00,0x00,0x00,0x00,0x00,0x00,0x00,0x00,0x00,0x00,0x00,0x00,0x00,0x00,0x00,0x00,0x00,0x00,0x00,0xe3,0xc6,0xc6,0x09,0x2e,0x14,0x0e,0xff,0x2f,0x12,0x0a,0xff,
    0x25,0x10,0x3b,0xff,0x2c,0x17,0x88,0xff,0x26,0x18,0x87,0xff,0x29,0x19,0x86,0xff,0x27,0x17,0x8a,0xff,0x2b,0x17,0x87,0xff,0x29,0x11,0x11,0xff,0x2e,0x13,0x0a,0xff,
    0x27,0x0c,0x1a,0xff,0x29,0x1a,0x86,0xff,0x25,0x14,0x8b,0xff,0x25,0x18,0x95,0xff,0x29,0x17,0x9f,0xff,0x26,0x17,0x96,0xff,0x24,0x14,0x8c,0xff,0x25,0x19,0x84,0xff,
    0x31,0x18,0x88,0xff,0x2f,0x1c,0x24,0xff,0x3a,0x1a,0x1b,0xff,0x39,0x1b,0x19,0xff,0xde,0xc0,0xb6,0xff,0xde,0xc4,0xac,0xff,0xdc,0xcb,0xb5,0xff,0xff,0xfd,0xff,0xff,
    0xfd,0xfc,0xff,0xff,0xfe,0xfc,0xfe,0xff,0xff,0xfd,0xff,0xff,0xff,0xfe,0xfe,0xff,0xfe,0xfe,0xfd,0xff,0xfd,0xfd,0xfd,0xff,0xfe,0xfe,0xfe,0xff,0xfe,0xfe,0xfe,0xff,
    0xff,0xfe,0xfe,0xff,0xff,0xfe,0xfe,0xff,0xfe,0xfe,0xfe,0xff,0xfd,0xfe,0xfe,0xff,0xfe,0xfe,0xfe,0xff,0xfe,0xfe,0xfe,0xff,0xfe,0xfe,0xfe,0xff,0xfe,0xfe,0xfe,0xff,
    0xfe,0xfe,0xfe,0xff,0xfe,0xfe,0xfe,0xff,0xfd,0xfe,0xfe,0xff,0xfe,0xfe,0xfe,0xff,0xfe,0xfe,0xfe,0xff,0xfd,0xfe,0xfe,0xff,0xfe,0xfe,0xfe,0xff,0xfe,0xfe,0xfe,0xff,
    0xff,0xff,0xfe,0xff,0xf9,0xfe,0xfd,0xff,0xfb,0xff,0xfe,0xff,0xe8,0xe1,0xdc,0xff,0xec,0xdf,0xd9,0xff,0xe5,0xd9,0xcf,0xff,0x26,0x11,0x0a,0xff,0x30,0x14,0x0d,0xff,
    0x2b,0x16,0x0d,0xfe,0x00,0x00,0x00,0x00,0x00,0x00,0x00,0x00,0x00,0x00,0x00,0x00,0x00,0x00,0x00,0x00,0x00,0x00,0x00,0x00,0x00,0x00,0x00,0x00,0x00,0x00,0x00,0x00,
    0x00,0x00,0x00,0x00,0x00,0x00,0x00,0x00,0x00,0x00,0x00,0x00,0x00,0x00,0x00,0x00,0x00,0x00,0x00,0x00,0x00,0x00,0x00,0x00,0x00,0x00,0x00,0x00,0x00,0x00,0x00,0x00,
    0x00,0x00,0x00,0x00,0x00,0x00,0x00,0x00,0x00,0x00,0x00,0x00,0x00,0x00,0x00,0x00,0x00,0x00,0x00,0x00,0x00,0x00,0x00,0x00,0x00,0x00,0x00,0x00,0x00,0x00,0x00,0x00,
    0x00,0x00,0x00,0x00,0x00,0x00,0x00,0x00,0x00,0x00,0x00,0x00,0x00,0x00,0x00,0x00,0x00,0x00,0x00,0x00,0x00,0x00,0x00,0x00,0x00,0x00,0x00,0x00,0x00,0x00,0x00,0x00,
    0x00,0x00,0x00,0x00,0x00,0x00,0x00,0x00,0x00,0x00,0x00,0x00,0x00,0x00,0x00,0x00,0x00,0x00,0x00,0x00,0x00,0x00,0x00,0x00,0x00,0x00,0x00,0x00,0x00,0x00,0x00,0x00,
    0x00,0x00,0x00,0x00,0x00,0x00,0x00,0x00,0x00,0x00,0x00,0x00,0x00,0x00,0x00,0x00,0x00,0x00,0x00,0x00,0x00,0x00,0x00,0x00,0x00,0x00,0x00,0x00,0x00,0x00,0x00,0x00,
    0x00,0x00,0x00,0x00,0x00,0x00,0x00,0x00,0x00,0x00,0x00,0x00,0x00,0x00,0x00,0x00,0x00,0x00,0x00,0x00,0x00,0x00,0x00,0x00,0x00,0x00,0x00,0x00,0x00,0x00,0x00,0x00,
    0x00,0x00,0x00,0x00,0x00,0x00,0x00,0x00,0x00,0x00,0x00,0x00,0x00,0x00,0x00,0x00,0x00,0x00,0x00,0x00,0x00,0x00,0x00,0x00,0x00,0x00,0x00,0x00,0x00,0x00,0x00,0x00,
    0x00,0x00,0x00,0x00,0x00,0x00,0x00,0x00,0x00,0x00,0x00,0x00,0x00,0x00,0x00,0x00,0x00,0x00,0x00,0x00,0x00,0x00,0x00,0x00,0xb2,0xaa,0xaa,0x1e,0xaf,0xa7,0x9f,0x20,
    0x67,0x5c,0x73,0x59,0x22,0x0f,0x31,0xff,0x23,0x11,0x2c,0xff,0x30,0x19,0x4b,0xff,0x32,0x20,0x5f,0xff,0x2e,0x18,0x58,0xff,0x28,0x13,0x0a,0xff,0x32,0x16,0x05,0xff,
    0x24,0x0c,0x1b,0xff,0x29,0x17,0x89,0xff,0x2a,0x15,0x8f,0xff,0x23,0x18,0x87,0xff,0x25,0x19,0x87,0xff,0x2a,0x1a,0x87,0xff,0x2e,0x16,0x47,0xff,0x32,0x1b,0x37,0xff,
    0x31,0x1a,0x31,0xff,0xab,0x9a,0x8a,0xff,0xbc,0x9d,0x94,0xff,0xb9,0xa0,0x96,0xff,0xfe,0xf0,0xe6,0xff,0xf6,0xe6,0xdf,0xff,0xf6,0xed,0xe9,0xff,0xff,0xff,0xfe,0xff,
    0xfe,0xfe,0xfe,0xff,0xfe,0xfe,0xfe,0xff,0xfe,0xfe,0xfe,0xff,0xfe,0xfe,0xfe,0xff,0xfe,0xfe,0xfe,0xff,0xfe,0xfe,0xfe,0xff,0xff,0xfe,0xfe,0xff,0xff,0xfe,0xfe,0xff,
    0xfd,0xfe,0xfe,0xff,0xfe,0xfe,0xff,0xff,0xfd,0xff,0xff,0xff,0xfa,0xff,0xfd,0xff,0xfe,0xff,0xfd,0xff,0xfe,0xfd,0xff,0xff,0xfc,0xfe,0xfe,0xff,0xff,0xfe,0xfd,0xff,
    0xfe,0xfe,0xfe,0xff,0xfd,0xfb,0xfb,0xff,0xf8,0xff,0xfe,0xff,0xef,0xe5,0xe4,0xff,0xec,0xe1,0xe1,0xff,0xec,0xe4,0xe4,0xff,0xee,0xe5,0xe5,0xff,0xf6,0xf0,0xf1,0xff,
    0xfe,0xff,0xff,0xff,0xff,0xff,0xff,0xff,0xff,0xff,0xfe,0xff,0xf6,0xf1,0xee,0xff,0xf6,0xee,0xeb,0xff,0xf9,0xf0,0xee,0xff,0x2d,0x13,0x0c,0xff,0x2d,0x15,0x09,0xff,
    0x2c,0x12,0x0e,0xfe,0x00,0x00,0x00,0x00,0x00,0x00,0x00,0x00,0x00,0x00,0x00,0x00,0x00,0x00,0x00,0x00,0x00,0x00,0x00,0x00,0x00,0x00,0x00,0x00,0x00,0x00,0x00,0x00,
    0x00,0x00,0x00,0x00,0x00,0x00,0x00,0x00,0x00,0x00,0x00,0x00,0x00,0x00,0x00,0x00,0x00,0x00,0x00,0x00,0x00,0x00,0x00,0x00,0x00,0x00,0x00,0x00,0x00,0x00,0x00,0x00,
    0x00,0x00,0x00,0x00,0x00,0x00,0x00,0x00,0x00,0x00,0x00,0x00,0x00,0x00,0x00,0x00,0x00,0x00,0x00,0x00,0x00,0x00,0x00,0x00,0x00,0x00,0x00,0x00,0x00,0x00,0x00,0x00,
    0x00,0x00,0x00,0x00,0x00,0x00,0x00,0x00,0x00,0x00,0x00,0x00,0x00,0x00,0x00,0x00,0x00,0x00,0x00,0x00,0x00,0x00,0x00,0x00,0x00,0x00,0x00,0x00,0x00,0x00,0x00,0x00,
    0x00,0x00,0x00,0x00,0x00,0x00,0x00,0x00,0x00,0x00,0x00,0x00,0x00,0x00,0x00,0x00,0x00,0x00,0x00,0x00,0x00,0x00,0x00,0x00,0x00,0x00,0x00,0x00,0x00,0x00,0x00,0x00,
    0x00,0x00,0x00,0x00,0x00,0x00,0x00,0x00,0x00,0x00,0x00,0x00,0x00,0x00,0x00,0x00,0x00,0x00,0x00,0x00,0x00,0x00,0x00,0x00,0x00,0x00,0x00,0x00,0x00,0x00,0x00,0x00,
    0x00,0x00,0x00,0x00,0x00,0x00,0x00,0x00,0x00,0x00,0x00,0x00,0x00,0x00,0x00,0x00,0x00,0x00,0x00,0x00,0x00,0x00,0x00,0x00,0x00,0x00,0x00,0x00,0x00,0x00,0x00,0x00,
    0x00,0x00,0x00,0x00,0x00,0x00,0x00,0x00,0x00,0x00,0x00,0x00,0x00,0x00,0x00,0x00,0x00,0x00,0x00,0x00,0x00,0x00,0x00,0x00,0x00,0x00,0x00,0x00,0x00,0x00,0x00,0x00,
    0x00,0x00,0x00,0x00,0x00,0x00,0x00,0x00,0x00,0x00,0x00,0x00,0x00,0x00,0x00,0x00,0x00,0x00,0x00,0x00,0x00,0x00,0x00,0x00,0x00,0x00,0x00,0x00,0x00,0x00,0x00,0x00,
    0x69,0x5a,0x4f,0x44,0x2a,0x13,0x05,0xff,0x30,0x12,0x0d,0xff,0x30,0x14,0x11,0xff,0x2e,0x12,0x0e,0xff,0x2a,0x10,0x11,0xff,0x33,0x16,0x06,0xff,0x31,0x13,0x0b,0xff,
    0x20,0x0c,0x20,0xff,0x25,0x17,0x8f,0xff,0x26,0x17,0x89,0xff,0x28,0x15,0x88,0xff,0x28,0x16,0x81,0xff,0x28,0x17,0x7c,0xff,0x2e,0x17,0x22,0xff,0x49,0x1e,0x0f,0xff,
    0x43,0x1f,0x17,0xff,0xda,0xc4,0xb1,0xff,0xe1,0xc0,0xb4,0xff,0xd8,0xbe,0xb2,0xff,0xff,0xfc,0xf6,0xff,0xfe,0xfe,0xfe,0xff,0xff,0xff,0xff,0xff,0xfe,0xfe,0xfe,0xff,
    0xfe,0xfe,0xfe,0xff,0xfe,0xfe,0xfe,0xff,0xfe,0xfe,0xfe,0xff,0xfe,0xfe,0xfe,0xff,0xfe,0xfe,0xfe,0xff,0xfe,0xfe,0xfe,0xff,0xfb,0xfe,0xfe,0xff,0xfa,0xff,0xfe,0xff,
    0xfb,0xfe,0xff,0xff,0xfc,0xfe,0xff,0xff,0xfa,0xff,0xfe,0xff,0xfc,0xff,0xfe,0xff,0xff,0xfe,0xfd,0xff,0xfe,0xfe,0xfe,0xff,0xfa,0xff,0xfe,0xff,0xfe,0xff,0xfd,0xff,
    0xfe,0xfe,0xfe,0xff,0xff,0xfd,0xfe,0xff,0xf7,0xfc,0xfa,0xff,0x42,0x23,0x24,0xff,0x3f,0x1d,0x1e,0xff,0x41,0x1f,0x1f,0xff,0x42,0x21,0x24,0xff,0xa2,0x91,0x92,0xff,
    0xff,0xff,0xff,0xff,0xff,0xff,0xff,0xff,0xff,0xff,0xff,0xff,0xff,0xff,0xfe,0xff,0xff,0xfd,0xfd,0xff,0xfd,0xf9,0xf8,0xff,0x2b,0x13,0x0c,0xff,0x2c,0x13,0x07,0xff,
    0x2e,0x13,0x0f,0xfd,0x00,0x00,0x00,0x00,0x00,0x00,0x00,0x00,0x00,0x00,0x00,0x00,0x00,0x00,0x00,0x00,0x00,0x00,0x00,0x00,0x00,0x00,0x00,0x00,0x00,0x00,0x00,0x00,
    0x00,0x00,0x00,0x00,0x00,0x00,0x00,0x00,0x00,0x00,0x00,0x00,0x00,0x00,0x00,0x00,0x00,0x00,0x00,0x00,0x00,0x00,0x00,0x00,0x00,0x00,0x00,0x00,0x00,0x00,0x00,0x00,
    0x00,0x00,0x00,0x00,0x00,0x00,0x00,0x00,0x00,0x00,0x00,0x00,0x00,0x00,0x00,0x00,0x00,0x00,0x00,0x00,0x00,0x00,0x00,0x00,0x00,0x00,0x00,0x00,0x00,0x00,0x00,0x00,
    0x00,0x00,0x00,0x00,0x00,0x00,0x00,0x00,0x00,0x00,0x00,0x00,0x00,0x00,0x00,0x00,0x00,0x00,0x00,0x00,0x00,0x00,0x00,0x00,0x00,0x00,0x00,0x00,0x00,0x00,0x00,0x00,
    0x00,0x00,0x00,0x00,0x00,0x00,0x00,0x00,0x00,0x00,0x00,0x00,0x00,0x00,0x00,0x00,0x00,0x00,0x00,0x00,0x00,0x00,0x00,0x00,0x00,0x00,0x00,0x00,0x00,0x00,0x00,0x00,
    0x00,0x00,0x00,0x00,0x00,0x00,0x00,0x00,0x00,0x00,0x00,0x00,0x00,0x00,0x00,0x00,0x00,0x00,0x00,0x00,0x00,0x00,0x00,0x00,0x00,0x00,0x00,0x00,0x00,0x00,0x00,0x00,
    0x00,0x00,0x00,0x00,0x00,0x00,0x00,0x00,0x00,0x00,0x00,0x00,0x00,0x00,0x00,0x00,0x00,0x00,0x00,0x00,0x00,0x00,0x00,0x00,0x00,0x00,0x00,0x00,0x00,0x00,0x00,0x00,
    0x00,0x00,0x00,0x00,0x00,0x00,0x00,0x00,0x00,0x00,0x00,0x00,0x00,0x00,0x00,0x00,0x00,0x00,0x00,0x00,0x00,0x00,0x00,0x00,0x00,0x00,0x00,0x00,0x00,0x00,0x00,0x00,
    0x00,0x00,0x00,0x00,0x00,0x00,0x00,0x00,0x00,0x00,0x00,0x00,0x00,0x00,0x00,0x00,0x00,0x00,0x00,0x00,0x00,0x00,0x00,0x00,0x00,0x00,0x00,0x00,0x00,0x00,0x00,0x00,
    0x60,0x55,0x51,0x48,0x2d,0x13,0x0c,0xff,0x33,0x11,0x0e,0xff,0x30,0x19,0x03,0xff,0x2a,0x10,0x0b,0xff,0x31,0x15,0x09,0xff,0x34,0x11,0x10,0xff,0x30,0x11,0x0f,0xff,
    0x23,0x0b,0x20,0xff,0x26,0x16,0x8f,0xff,0x23,0x16,0x8b,0xff,0x2a,0x11,0x89,0xff,0x2b,0x15,0x7a,0xff,0x28,0x16,0x7b,0xff,0x25,0x12,0x1f,0xff,0x41,0x1e,0x11,0xff,
    0x3d,0x21,0x12,0xff,0xda,0xc3,0xae,0xff,0xe2,0xc1,0xac,0xff,0xdf,0xc8,0xb9,0xff,0xff,0xff,0xf8,0xff,0xf9,0xfe,0xff,0xff,0xfe,0xfe,0xfd,0xff,0xff,0xfe,0xfd,0xff,
    0xfe,0xfe,0xfe,0xff,0xfe,0xfe,0xfe,0xff,0xfe,0xfe,0xfe,0xff,0xfe,0xfe,0xfe,0xff,0xfd,0xfc,0xfd,0xff,0xfd,0xfd,0xfd,0xff,0xfd,0xfd,0xfb,0xff,0xff,0xff,0xfd,0xff,
    0xff,0xfc,0xfd,0xff,0xff,0xfc,0xfc,0xff,0xfc,0xfc,0xfa,0xff,0xfe,0xfe,0xfd,0xff,0xff,0xfd,0xfe,0xff,0xfe,0xfe,0xfe,0xff,0xfb,0xff,0xfe,0xff,0xfe,0xfe,0xfe,0xff,
    0xfd,0xfe,0xff,0xff,0xff,0xfd,0xfe,0xff,0xf9,0xfa,0xf8,0xff,0x41,0x1f,0x1f,0xff,0x42,0x1f,0x1c,0xff,0x46,0x20,0x1e,0xff,0x46,0x23,0x20,0xff,0xa4,0x97,0x97,0xff,
    0xfd,0xfe,0xfe,0xff,0xfe,0xfe,0xfe,0xff,0xff,0xff,0xff,0xff,0xfc,0xfe,0xff,0xff,0xfc,0xfe,0xff,0xff,0xfa,0xf7,0xf7,0xff,0x2a,0x12,0x0b,0xff,0x31,0x16,0x0a,0xff,
    0x30,0x14,0x10,0xfd,0x00,0x00,0x00,0x00,0x00,0x00,0x00,0x00,0x00,0x00,0x00,0x00,0x00,0x00,0x00,0x00,0x00,0x00,0x00,0x00,0x00,0x00,0x00,0x00,0x00,0x00,0x00,0x00,
    0x00,0x00,0x00,0x00,0x00,0x00,0x00,0x00,0x00,0x00,0x00,0x00,0x00,0x00,0x00,0x00,0x00,0x00,0x00,0x00,0x00,0x00,0x00,0x00,0x00,0x00,0x00,0x00,0x00,0x00,0x00,0x00,
    0x00,0x00,0x00,0x00,0x00,0x00,0x00,0x00,0x00,0x00,0x00,0x00,0x00,0x00,0x00,0x00,0x00,0x00,0x00,0x00,0x00,0x00,0x00,0x00,0x00,0x00,0x00,0x00,0x00,0x00,0x00,0x00,
    0x00,0x00,0x00,0x00,0x00,0x00,0x00,0x00,0x00,0x00,0x00,0x00,0x00,0x00,0x00,0x00,0x00,0x00,0x00,0x00,0x00,0x00,0x00,0x00,0x00,0x00,0x00,0x00,0x00,0x00,0x00,0x00,
    0x00,0x00,0x00,0x00,0x00,0x00,0x00,0x00,0x00,0x00,0x00,0x00,0x00,0x00,0x00,0x00,0x00,0x00,0x00,0x00,0x00,0x00,0x00,0x00,0x00,0x00,0x00,0x00,0x00,0x00,0x00,0x00,
    0x00,0x00,0x00,0x00,0x00,0x00,0x00,0x00,0x00,0x00,0x00,0x00,0x00,0x00,0x00,0x00,0x00,0x00,0x00,0x00,0x00,0x00,0x00,0x00,0x00,0x00,0x00,0x00,0x00,0x00,0x00,0x00,
    0x00,0x00,0x00,0x00,0x00,0x00,0x00,0x00,0x00,0x00,0x00,0x00,0x00,0x00,0x00,0x00,0x00,0x00,0x00,0x00,0x00,0x00,0x00,0x00,0x00,0x00,0x00,0x00,0x00,0x00,0x00,0x00,
    0x00,0x00,0x00,0x00,0x00,0x00,0x00,0x00,0x00,0x00,0x00,0x00,0x00,0x00,0x00,0x00,0x00,0x00,0x00,0x00,0x00,0x00,0x00,0x00,0x00,0x00,0x00,0x00,0x00,0x00,0x00,0x00,
    0x00,0x00,0x00,0x00,0x00,0x00,0x00,0x00,0x00,0x00,0x00,0x00,0x00,0x00,0x00,0x00,0x00,0x00,0x00,0x00,0x00,0x00,0x00,0x00,0x00,0x00,0x00,0x00,0x00,0x00,0x00,0x00,
    0xe3,0xe3,0xe3,0x09,0xca,0xbf,0xb5,0x30,0xca,0xbf,0xbf,0x30,0xbb,0xbb,0xb1,0x31,0x92,0x89,0x89,0x36,0x43,0x30,0x1f,0xd9,0x30,0x12,0x10,0xff,0x31,0x17,0x07,0xff,
    0x26,0x0b,0x15,0xff,0x26,0x13,0x80,0xff,0x23,0x17,0x82,0xff,0x29,0x14,0x59,0xff,0x29,0x18,0x2a,0xff,0x30,0x18,0x35,0xff,0xa3,0x76,0x6d,0xff,0xc1,0x96,0x85,0xff,
    0xb1,0x8f,0x7f,0xff,0xfe,0xef,0xe8,0xff,0xfc,0xf0,0xeb,0xff,0xfd,0xf6,0xee,0xff,0xfe,0xff,0xfc,0xff,0xfe,0xfe,0xfe,0xff,0xff,0xfe,0xfd,0xff,0xfe,0xff,0xfd,0xff,
    0xfe,0xfe,0xfe,0xff,0xfe,0xfe,0xfe,0xff,0xfe,0xfe,0xfe,0xff,0xfe,0xfe,0xfe,0xff,0xfb,0xfd,0xfd,0xff,0xfd,0xfc,0xfc,0xff,0x8a,0x7e,0x7b,0xff,0x49,0x34,0x31,0xff,
    0x4c,0x37,0x36,0xff,0x4b,0x35,0x35,0xff,0x5d,0x50,0x4e,0xff,0xfd,0xfd,0xfc,0xff,0xfd,0xfe,0xfe,0xff,0xfe,0xfe,0xfe,0xff,0xfb,0xff,0xfe,0xff,0xfe,0xfe,0xfe,0xff,
    0xfc,0xfe,0xff,0xff,0xff,0xfe,0xff,0xff,0xfa,0xfb,0xf7,0xff,0x34,0x14,0x12,0xff,0x35,0x17,0x12,0xff,0x38,0x17,0x10,0xff,0x34,0x17,0x12,0xff,0x99,0x8f,0x8c,0xff,
    0xfd,0xfe,0xfe,0xff,0xfe,0xfe,0xfe,0xff,0xff,0xff,0xff,0xff,0xfd,0xfe,0xfe,0xff,0xfd,0xfe,0xff,0xff,0xfc,0xf9,0xf8,0xff,0x2e,0x14,0x0d,0xff,0x32,0x16,0x0b,0xff,
    0x2f,0x14,0x10,0xfe,0x00,0x00,0x00,0x00,0x00,0x00,0x00,0x00,0x00,0x00,0x00,0x00,0x00,0x00,0x00,0x00,0x00,0x00,0x00,0x00,0x00,0x00,0x00,0x00,0x00,0x00,0x00,0x00,
    0x00,0x00,0x00,0x00,0x00,0x00,0x00,0x00,0x00,0x00,0x00,0x00,0x00,0x00,0x00,0x00,0x00,0x00,0x00,0x00,0x00,0x00,0x00,0x00,0x00,0x00,0x00,0x00,0x00,0x00,0x00,0x00,
    0x00,0x00,0x00,0x00,0x00,0x00,0x00,0x00,0x00,0x00,0x00,0x00,0x00,0x00,0x00,0x00,0x00,0x00,0x00,0x00,0x00,0x00,0x00,0x00,0x00,0x00,0x00,0x00,0x00,0x00,0x00,0x00,
    0x00,0x00,0x00,0x00,0x00,0x00,0x00,0x00,0x00,0x00,0x00,0x00,0x00,0x00,0x00,0x00,0x00,0x00,0x00,0x00,0x00,0x00,0x00,0x00,0x00,0x00,0x00,0x00,0x00,0x00,0x00,0x00,
    0x00,0x00,0x00,0x00,0x00,0x00,0x00,0x00,0x00,0x00,0x00,0x00,0x00,0x00,0x00,0x00,0x00,0x00,0x00,0x00,0x00,0x00,0x00,0x00,0x00,0x00,0x00,0x00,0x00,0x00,0x00,0x00,
    0x00,0x00,0x00,0x00,0x00,0x00,0x00,0x00,0x00,0x00,0x00,0x00,0x00,0x00,0x00,0x00,0x00,0x00,0x00,0x00,0x00,0x00,0x00,0x00,0x00,0x00,0x00,0x00,0x00,0x00,0x00,0x00,
    0x00,0x00,0x00,0x00,0x00,0x00,0x00,0x00,0x00,0x00,0x00,0x00,0x00,0x00,0x00,0x00,0x00,0x00,0x00,0x00,0x00,0x00,0x00,0x00,0x00,0x00,0x00,0x00,0x00,0x00,0x00,0x00,
    0x00,0x00,0x00,0x00,0x00,0x00,0x00,0x00,0x00,0x00,0x00,0x00,0x00,0x00,0x00,0x00,0x00,0x00,0x00,0x00,0x00,0x00,0x00,0x00,0x00,0x00,0x00,0x00,0x00,0x00,0x00,0x00,
    0x00,0x00,0x00,0x00,0x00,0x00,0x00,0x00,0x00,0x00,0x00,0x00,0x00,0x00,0x00,0x00,0x00,0x00,0x00,0x00,0x00,0x00,0x00,0x00,0x00,0x00,0x00,0x00,0x00,0x00,0x00,0x00,
    0x00,0x00,0x00,0x00,0x00,0x00,0x00,0x00,0x00,0x00,0x00,0x00,0x00,0x00,0x00,0x00,0x00,0x00,0x00,0x00,0x3a,0x29,0x1e,0xc1,0x2e,0x10,0x14,0xff,0x2f,0x15,0x09,0xff,
    0x28,0x0b,0x1d,0xff,0x28,0x17,0x7b,0xff,0x22,0x16,0x81,0xff,0x32,0x17,0x47,0xff,0x43,0x20,0x0f,0xff,0x41,0x1a,0x15,0xff,0xaa,0x86,0x6d,0xff,0xc9,0xa4,0x92,0xff,
    0xd3,0xa8,0x98,0xff,0xff,0xfe,0xfb,0xff,0xf3,0xfd,0xff,0xff,0xf9,0xfd,0xff,0xff,0xf8,0xfc,0xfd,0xff,0xff,0xfd,0xff,0xff,0xfe,0xfd,0xff,0xff,0xfb,0xfe,0xfe,0xff,
    0xfe,0xfe,0xfe,0xff,0xfe,0xfe,0xfe,0xff,0xfe,0xfe,0xfe,0xff,0xfe,0xfe,0xfe,0xff,0xfb,0xfe,0xfe,0xff,0xfe,0xfe,0xfe,0xff,0x82,0x6c,0x69,0xff,0x40,0x1c,0x18,0xff,
    0x41,0x1e,0x1b,0xff,0x45,0x22,0x1f,0xff,0x52,0x3b,0x39,0xff,0xff,0xff,0xfe,0xff,0xfa,0xff,0xfe,0xff,0xfe,0xfe,0xfe,0xff,0xfe,0xfe,0xfe,0xff,0xfd,0xfd,0xff,0xff,
    0xfa,0xfe,0xff,0xff,0xff,0xfe,0xfe,0xff,0xf9,0xfa,0xf8,0xff,0x35,0x14,0x11,0xff,0x34,0x14,0x0d,0xff,0x34,0x15,0x0c,0xff,0x31,0x15,0x0e,0xff,0x9f,0x90,0x8e,0xff,
    0xff,0xfe,0xfe,0xff,0xfe,0xfe,0xfe,0xff,0xff,0xff,0xff,0xff,0xfe,0xff,0xfd,0xff,0xfe,0xff,0xfd,0xff,0xfd,0xf8,0xf7,0xff,0x2f,0x15,0x0e,0xff,0x31,0x15,0x0b,0xff,
    0x2f,0x14,0x10,0xfd,0x00,0x00,0x00,0x00,0x00,0x00,0x00,0x00,0x00,0x00,0x00,0x00,0x00,0x00,0x00,0x00,0x00,0x00,0x00,0x00,0x00,0x00,0x00,0x00,0x00,0x00,0x00,0x00,
    0x00,0x00,0x00,0x00,0x00,0x00,0x00,0x00,0x00,0x00,0x00,0x00,0x00,0x00,0x00,0x00,0x00,0x00,0x00,0x00,0x00,0x00,0x00,0x00,0x00,0x00,0x00,0x00,0x00,0x00,0x00,0x00,
    0x00,0x00,0x00,0x00,0x00,0x00,0x00,0x00,0x00,0x00,0x00,0x00,0x00,0x00,0x00,0x00,0x00,0x00,0x00,0x00,0x00,0x00,0x00,0x00,0x00,0x00,0x00,0x00,0x00,0x00,0x00,0x00,
    0x00,0x00,0x00,0x00,0x00,0x00,0x00,0x00,0x00,0x00,0x00,0x00,0x00,0x00,0x00,0x00,0x00,0x00,0x00,0x00,0x00,0x00,0x00,0x00,0x00,0x00,0x00,0x00,0x00,0x00,0x00,0x00,
    0x00,0x00,0x00,0x00,0x00,0x00,0x00,0x00,0x00,0x00,0x00,0x00,0x00,0x00,0x00,0x00,0x00,0x00,0x00,0x00,0x00,0x00,0x00,0x00,0x00,0x00,0x00,0x00,0x00,0x00,0x00,0x00,
    0x00,0x00,0x00,0x00,0x00,0x00,0x00,0x00,0x00,0x00,0x00,0x00,0x00,0x00,0x00,0x00,0x00,0x00,0x00,0x00,0x00,0x00,0x00,0x00,0x00,0x00,0x00,0x00,0x00,0x00,0x00,0x00,
    0x00,0x00,0x00,0x00,0x00,0x00,0x00,0x00,0x00,0x00,0x00,0x00,0x00,0x00,0x00,0x00,0x00,0x00,0x00,0x00,0x00,0x00,0x00,0x00,0x00,0x00,0x00,0x00,0x00,0x00,0x00,0x00,
    0x00,0x00,0x00,0x00,0x00,0x00,0x00,0x00,0x00,0x00,0x00,0x00,0x00,0x00,0x00,0x00,0x00,0x00,0x00,0x00,0x00,0x00,0x00,0x00,0x00,0x00,0x00,0x00,0x00,0x00,0x00,0x00,
    0x00,0x00,0x00,0x00,0x00,0x00,0x00,0x00,0x00,0x00,0x00,0x00,0x00,0x00,0x00,0x00,0x00,0x00,0x00,0x00,0x00,0x00,0x00,0x00,0x00,0x00,0x00,0x00,0x00,0x00,0x00,0x00,
    0x00,0x00,0x00,0x00,0x00,0x00,0x00,0x00,0x00,0x00,0x00,0x00,0x00,0x00,0x00,0x00,0x00,0x00,0x00,0x00,0x38,0x26,0x21,0xc8,0x31,0x15,0x0d,0xff,0x30,0x14,0x0c,0xff,
    0x27,0x0e,0x1d,0xff,0x27,0x17,0x7e,0xff,0x23,0x16,0x7b,0xff,0x2d,0x12,0x42,0xff,0x43,0x1e,0x0e,0xff,0x3f,0x1f,0x14,0xff,0xb8,0x8e,0x7a,0xff,0xcd,0xae,0x97,0xff,
    0xcc,0xa9,0x95,0xff,0xff,0xfe,0xf5,0xff,0xfc,0xfe,0xfe,0xff,0xfc,0xfe,0xfe,0xff,0xfc,0xfe,0xfe,0xff,0xfe,0xfe,0xfe,0xff,0xfe,0xfe,0xfe,0xff,0xff,0xfe,0xfe,0xff,
    0xfe,0xfe,0xfe,0xff,0xfe,0xfe,0xfe,0xff,0xfe,0xfe,0xfe,0xff,0xfe,0xfe,0xfe,0xff,0xfe,0xfe,0xfe,0xff,0xfd,0xff,0xfd,0xff,0x7e,0x69,0x67,0xff,0x40,0x1a,0x17,0xff,
    0x3f,0x20,0x1c,0xff,0x44,0x21,0x1d,0xff,0x50,0x3a,0x3a,0xff,0xff,0xfd,0xff,0xff,0xfb,0xfe,0xfe,0xff,0xff,0xff,0xfc,0xff,0xff,0xfc,0xfe,0xff,0xfc,0xfd,0xff,0xff,
    0xff,0xfe,0xfe,0xff,0xfb,0xfe,0xfc,0xff,0xfc,0xfe,0xfa,0xff,0x2f,0x12,0x0f,0xff,0x31,0x16,0x0f,0xff,0x31,0x15,0x0e,0xff,0x2d,0x13,0x0e,0xff,0x9e,0x92,0x91,0xff,
    0xfc,0xfe,0xfe,0xff,0xfc,0xfe,0xfe,0xff,0xfc,0xfe,0xfe,0xff,0xfd,0xfe,0xfe,0xff,0xfc,0xfe,0xff,0xff,0xfd,0xfb,0xf5,0xff,0x30,0x12,0x0f,0xff,0x32,0x13,0x0c,0xff,
    0x2a,0x18,0x10,0xfd,0x00,0x00,0x00,0x00,0x00,0x00,0x00,0x00,0x00,0x00,0x00,0x00,0x00,0x00,0x00,0x00,0x00,0x00,0x00,0x00,0x00,0x00,0x00,0x00,0x00,0x00,0x00,0x00,
    0x00,0x00,0x00,0x00,0x00,0x00,0x00,0x00,0x00,0x00,0x00,0x00,0x00,0x00,0x00,0x00,0x00,0x00,0x00,0x00,0x00,0x00,0x00,0x00,0x00,0x00,0x00,0x00,0x00,0x00,0x00,0x00,
    0x00,0x00,0x00,0x00,0x00,0x00,0x00,0x00,0x00,0x00,0x00,0x00,0x00,0x00,0x00,0x00,0x00,0x00,0x00,0x00,0x00,0x00,0x00,0x00,0x00,0x00,0x00,0x00,0x00,0x00,0x00,0x00,
    0x00,0x00,0x00,0x00,0x00,0x00,0x00,0x00,0x00,0x00,0x00,0x00,0x00,0x00,0x00,0x00,0x00,0x00,0x00,0x00,0x00,0x00,0x00,0x00,0x00,0x00,0x00,0x00,0x00,0x00,0x00,0x00,
    0x00,0x00,0x00,0x00,0x00,0x00,0x00,0x00,0x00,0x00,0x00,0x00,0x00,0x00,0x00,0x00,0x00,0x00,0x00,0x00,0x00,0x00,0x00,0x00,0x00,0x00,0x00,0x00,0x00,0x00,0x00,0x00,
    0x00,0x00,0x00,0x00,0x00,0x00,0x00,0x00,0x00,0x00,0x00,0x00,0x00,0x00,0x00,0x00,0x00,0x00,0x00,0x00,0x00,0x00,0x00,0x00,0x00,0x00,0x00,0x00,0x00,0x00,0x00,0x00,
    0x00,0x00,0x00,0x00,0x00,0x00,0x00,0x00,0x00,0x00,0x00,0x00,0x00,0x00,0x00,0x00,0x00,0x00,0x00,0x00,0x00,0x00,0x00,0x00,0x00,0x00,0x00,0x00,0x00,0x00,0x00,0x00,
    0x00,0x00,0x00,0x00,0x00,0x00,0x00,0x00,0x00,0x00,0x00,0x00,0x00,0x00,0x00,0x00,0x00,0x00,0x00,0x00,0x00,0x00,0x00,0x00,0x00,0x00,0x00,0x00,0x00,0x00,0x00,0x00,
    0x00,0x00,0x00,0x00,0x00,0x00,0x00,0x00,0x00,0x00,0x00,0x00,0x00,0x00,0x00,0x00,0x00,0x00,0x00,0x00,0x00,0x00,0x00,0x00,0x00,0x00,0x00,0x00,0x00,0x00,0x00,0x00,
    0x00,0x00,0x00,0x00,0x00,0x00,0x00,0x00,0x00,0x00,0x00,0x00,0x00,0x00,0x00,0x00,0x00,0x00,0x00,0x00,0xa2,0x97,0x97,0x16,0x2c,0x1b,0x16,0x69,0x2e,0x1f,0x1a,0x6a,
    0x3e,0x2f,0x33,0x83,0x20,0x0a,0x1b,0xff,0x1f,0x0b,0x22,0xff,0x31,0x16,0x16,0xff,0xa4,0x7d,0x5b,0xff,0x97,0x74,0x5b,0xff,0xa9,0x7e,0x6b,0xff,0xe1,0xc8,0xb2,0xff,
    0xe1,0xc4,0xb2,0xff,0xff,0xff,0xf9,0xff,0xfd,0xfd,0xfe,0xff,0xfd,0xfe,0xfe,0xff,0xfe,0xfe,0xfe,0xff,0xfe,0xfe,0xfe,0xff,0xfe,0xfe,0xfe,0xff,0xfe,0xfe,0xfe,0xff,
    0xfe,0xfe,0xfe,0xff,0xfe,0xfe,0xfe,0xff,0xfe,0xfe,0xfe,0xff,0xfe,0xfe,0xfe,0xff,0xfe,0xfe,0xfe,0xff,0xff,0xfd,0xff,0xff,0x78,0x63,0x64,0xff,0x33,0x11,0x0e,0xff,
    0x30,0x17,0x10,0xff,0x32,0x15,0x0e,0xff,0x42,0x2f,0x2c,0xff,0xff,0xfd,0xfe,0xff,0xfb,0xfe,0xfe,0xff,0xfd,0xfe,0xfd,0xff,0xfb,0xff,0xfb,0xff,0xf8,0xff,0xfc,0xff,
    0xfd,0xfd,0xff,0xff,0xff,0xfd,0xfe,0xff,0xff,0xfd,0xfd,0xff,0xe5,0xdc,0xd9,0xff,0xe5,0xdd,0xd8,0xff,0xe8,0xde,0xd8,0xff,0xe9,0xdc,0xd8,0xff,0xfb,0xf4,0xf4,0xff,
    0xfd,0xfe,0xfe,0xff,0xfc,0xfe,0xfd,0xff,0xfe,0xfe,0xfd,0xff,0xff,0xfe,0xfe,0xff,0xff,0xfe,0xfc,0xff,0xf2,0xf6,0xf9,0xff,0x4f,0x3b,0x3a,0xff,0x5c,0x46,0x3c,0xff,
    0x52,0x43,0x39,0xff,0x52,0x42,0x3c,0x80,0x51,0x47,0x44,0x84,0xc6,0xaa,0xaa,0x09,0x00,0x00,0x00,0x00,0x00,0x00,0x00,0x00,0x00,0x00,0x00,0x00,0x00,0x00,0x00,0x00,
    0x00,0x00,0x00,0x00,0x00,0x00,0x00,0x00,0x00,0x00,0x00,0x00,0x00,0x00,0x00,0x00,0x00,0x00,0x00,0x00,0x00,0x00,0x00,0x00,0x00,0x00,0x00,0x00,0x00,0x00,0x00,0x00,
    0x00,0x00,0x00,0x00,0x00,0x00,0x00,0x00,0x00,0x00,0x00,0x00,0x00,0x00,0x00,0x00,0x00,0x00,0x00,0x00,0x00,0x00,0x00,0x00,0x00,0x00,0x00,0x00,0x00,0x00,0x00,0x00,
    0x00,0x00,0x00,0x00,0x00,0x00,0x00,0x00,0x00,0x00,0x00,0x00,0x00,0x00,0x00,0x00,0x00,0x00,0x00,0x00,0x00,0x00,0x00,0x00,0x00,0x00,0x00,0x00,0x00,0x00,0x00,0x00,
    0x00,0x00,0x00,0x00,0x00,0x00,0x00,0x00,0x00,0x00,0x00,0x00,0x00,0x00,0x00,0x00,0x00,0x00,0x00,0x00,0x00,0x00,0x00,0x00,0x00,0x00,0x00,0x00,0x00,0x00,0x00,0x00,
    0x00,0x00,0x00,0x00,0x00,0x00,0x00,0x00,0x00,0x00,0x00,0x00,0x00,0x00,0x00,0x00,0x00,0x00,0x00,0x00,0x00,0x00,0x00,0x00,0x00,0x00,0x00,0x00,0x00,0x00,0x00,0x00,
    0x00,0x00,0x00,0x00,0x00,0x00,0x00,0x00,0x00,0x00,0x00,0x00,0x00,0x00,0x00,0x00,0x00,0x00,0x00,0x00,0x00,0x00,0x00,0x00,0x00,0x00,0x00,0x00,0x00,0x00,0x00,0x00,
    0x00,0x00,0x00,0x00,0x00,0x00,0x00,0x00,0x00,0x00,0x00,0x00,0x00,0x00,0x00,0x00,0x00,0x00,0x00,0x00,0x00,0x00,0x00,0x00,0x00,0x00,0x00,0x00,0x00,0x00,0x00,0x00,
    0x00,0x00,0x00,0x00,0x00,0x00,0x00,0x00,0x00,0x00,0x00,0x00,0x00,0x00,0x00,0x00,0x00,0x00,0x00,0x00,0x00,0x00,0x00,0x00,0x00,0x00,0x00,0x00,0x00,0x00,0x00,0x00,
    0x00,0x00,0x00,0x00,0x00,0x00,0x00,0x00,0x00,0x00,0x00,0x00,0x00,0x00,0x00,0x00,0x00,0x00,0x00,0x00,0x00,0x00,0x00,0x00,0x00,0x00,0x00,0x00,0x00,0x00,0x00,0x00,
    0xff,0xf6,0xf6,0x1e,0x33,0x19,0x07,0xff,0x34,0x18,0x10,0xff,0x35,0x14,0x08,0xff,0xa6,0x78,0x60,0xff,0xa2,0x79,0x66,0xff,0xa6,0x7b,0x68,0xff,0xe4,0xcc,0xb8,0xff,
    0xe2,0xc9,0xb8,0xff,0xff,0xff,0xf8,0xff,0xff,0xfd,0xfd,0xff,0xff,0xfe,0xfe,0xff,0xff,0xff,0xff,0xff,0xfe,0xfe,0xfe,0xff,0xfe,0xfe,0xfe,0xff,0xfe,0xfe,0xfe,0xff,
    0xfe,0xfe,0xfe,0xff,0xfe,0xfe,0xfe,0xff,0xfe,0xfe,0xfe,0xff,0xfe,0xfe,0xfe,0xff,0xfd,0xfd,0xfd,0xff,0xfd,0xfe,0xfd,0xff,0x75,0x65,0x60,0xff,0x36,0x14,0x0d,0xff,
    0x34,0x16,0x0b,0xff,0x37,0x15,0x0c,0xff,0x47,0x32,0x2e,0xff,0xff,0xfd,0xfe,0xff,0xff,0xfe,0xfe,0xff,0xff,0xfd,0xfe,0xff,0xfe,0xfb,0xfe,0xff,0xff,0xfd,0xff,0xff,
    0xff,0xfe,0xfc,0xff,0xfb,0xfd,0xfb,0xff,0xf8,0xfb,0xff,0xff,0xf9,0xfe,0xff,0xff,0xf9,0xfe,0xfd,0xff,0xfa,0xff,0xfd,0xff,0xfe,0xfd,0xfd,0xff,0xff,0xff,0xff,0xff,
    0xff,0xfe,0xfe,0xff,0xff,0xfe,0xfe,0xff,0xff,0xfe,0xfe,0xff,0xff,0xff,0xfe,0xff,0xfc,0xfe,0xfd,0xff,0xf9,0xfe,0xfb,0xff,0xf2,0xe7,0xe2,0xff,0xea,0xe5,0xe0,0xff,
    0xf5,0xeb,0xe9,0xff,0x32,0x14,0x0c,0xff,0x32,0x16,0x0b,0xff,0x50,0x40,0x3e,0x80,0x00,0x00,0x00,0x00,0x00,0x00,0x00,0x00,0x00,0x00,0x00,0x00,0x00,0x00,0x00,0x00,
    0x00,0x00,0x00,0x00,0x00,0x00,0x00,0x00,0x00,0x00,0x00,0x00,0x00,0x00,0x00,0x00,0x00,0x00,0x00,0x00,0x00,0x00,0x00,0x00,0x00,0x00,0x00,0x00,0x00,0x00,0x00,0x00,
    0x00,0x00,0x00,0x00,0x00,0x00,0x00,0x00,0x00,0x00,0x00,0x00,0x00,0x00,0x00,0x00,0x00,0x00,0x00,0x00,0x00,0x00,0x00,0x00,0x00,0x00,0x00,0x00,0x00,0x00,0x00,0x00,
    0x00,0x00,0x00,0x00,0x00,0x00,0x00,0x00,0x00,0x00,0x00,0x00,0x00,0x00,0x00,0x00,0x00,0x00,0x00,0x00,0x00,0x00,0x00,0x00,0x00,0x00,0x00,0x00,0x00,0x00,0x00,0x00,
    0x00,0x00,0x00,0x00,0x00,0x00,0x00,0x00,0x00,0x00,0x00,0x00,0x00,0x00,0x00,0x00,0x00,0x00,0x00,0x00,0x00,0x00,0x00,0x00,0x00,0x00,0x00,0x00,0x00,0x00,0x00,0x00,
    0x00,0x00,0x00,0x00,0x00,0x00,0x00,0x00,0x00,0x00,0x00,0x00,0x00,0x00,0x00,0x00,0x00,0x00,0x00,0x00,0x00,0x00,0x00,0x00,0x00,0x00,0x00,0x00,0x00,0x00,0x00,0x00,
    0x00,0x00,0x00,0x00,0x00,0x00,0x00,0x00,0x00,0x00,0x00,0x00,0x00,0x00,0x00,0x00,0x00,0x00,0x00,0x00,0x00,0x00,0x00,0x00,0x00,0x00,0x00,0x00,0x00,0x00,0x00,0x00,
    0x00,0x00,0x00,0x00,0x00,0x00,0x00,0x00,0x00,0x00,0x00,0x00,0x00,0x00,0x00,0x00,0x00,0x00,0x00,0x00,0x00,0x00,0x00,0x00,0x00,0x00,0x00,0x00,0x00,0x00,0x00,0x00,
    0x00,0x00,0x00,0x00,0x00,0x00,0x00,0x00,0x00,0x00,0x00,0x00,0x00,0x00,0x00,0x00,0x00,0x00,0x00,0x00,0x00,0x00,0x00,0x00,0x00,0x00,0x00,0x00,0x00,0x00,0x00,0x00,
    0x00,0x00,0x00,0x00,0x00,0x00,0x00,0x00,0x00,0x00,0x00,0x00,0x00,0x00,0x00,0x00,0x00,0x00,0x00,0x00,0x00,0x00,0x00,0x00,0x00,0x00,0x00,0x00,0x00,0x00,0x00,0x00,
    0xff,0xf6,0xf6,0x1b,0x2c,0x12,0x10,0xff,0x33,0x12,0x11,0xff,0x34,0x16,0x07,0xff,0xab,0x7e,0x67,0xff,0xa9,0x80,0x65,0xff,0xa5,0x77,0x62,0xff,0xde,0xc8,0xb6,0xff,
    0xe0,0xc9,0xba,0xff,0xff,0xff,0xf8,0xff,0xff,0xfd,0xfd,0xff,0xff,0xfe,0xfe,0xff,0xff,0xfd,0xfd,0xff,0xff,0xfe,0xfe,0xff,0xfe,0xfe,0xfe,0xff,0xfe,0xfe,0xfe,0xff,
    0xfe,0xfe,0xfe,0xff,0xfe,0xfe,0xfe,0xff,0xfe,0xfe,0xfe,0xff,0xfe,0xfe,0xfe,0xff,0xfe,0xfe,0xfe,0xff,0xfa,0xfe,0xfb,0xff,0x70,0x65,0x5f,0xff,0x2d,0x13,0x0c,0xff,
    0x2e,0x17,0x0e,0xff,0x31,0x15,0x0e,0xff,0x3e,0x2f,0x2c,0xff,0xfe,0xfb,0xfc,0xff,0xfe,0xfe,0xfe,0xff,0xff,0xfe,0xfd,0xff,0xfd,0xfe,0xfd,0xff,0xff,0xfe,0xfe,0xff,
    0xf7,0xfe,0xfd,0xff,0xfe,0xfe,0xfd,0xff,0xff,0xfc,0xfd,0xff,0xfe,0xfe,0xff,0xff,0xfd,0xfd,0xff,0xff,0xfd,0xfd,0xff,0xff,0xff,0xfc,0xfe,0xff,0xff,0xfc,0xfe,0xff,
    0xfc,0xfe,0xfe,0xff,0xfd,0xfd,0xfe,0xff,0xfe,0xfd,0xfe,0xff,0xfe,0xfd,0xff,0xff,0xfd,0xfb,0xff,0xff,0xf9,0xfb,0xff,0xff,0xed,0xe3,0xe0,0xff,0xea,0xe9,0xe2,0xff,
    0xec,0xe7,0xe9,0xff,0x2c,0x12,0x12,0xff,0x2e,0x13,0x0b,0xff,0x50,0x42,0x3c,0x7f,0x00,0x00,0x00,0x00,0x00,0x00,0x00,0x00,0x00,0x00,0x00,0x00,0x00,0x00,0x00,0x00,
    0x00,0x00,0x00,0x00,0x00,0x00,0x00,0x00,0x00,0x00,0x00,0x00,0x00,0x00,0x00,0x00,0x00,0x00,0x00,0x00,0x00,0x00,0x00,0x00,0x00,0x00,0x00,0x00,0x00,0x00,0x00,0x00,
    0x00,0x00,0x00,0x00,0x00,0x00,0x00,0x00,0x00,0x00,0x00,0x00,0x00,0x00,0x00,0x00,0x00,0x00,0x00,0x00,0x00,0x00,0x00,0x00,0x00,0x00,0x00,0x00,0x00,0x00,0x00,0x00,
    0x00,0x00,0x00,0x00,0x00,0x00,0x00,0x00,0x00,0x00,0x00,0x00,0x00,0x00,0x00,0x00,0x00,0x00,0x00,0x00,0x00,0x00,0x00,0x00,0x00,0x00,0x00,0x00,0x00,0x00,0x00,0x00,
    0x00,0x00,0x00,0x00,0x00,0x00,0x00,0x00,0x00,0x00,0x00,0x00,0x00,0x00,0x00,0x00,0x00,0x00,0x00,0x00,0x00,0x00,0x00,0x00,0x00,0x00,0x00,0x00,0x00,0x00,0x00,0x00,
    0x00,0x00,0x00,0x00,0x00,0x00,0x00,0x00,0x00,0x00,0x00,0x00,0x00,0x00,0x00,0x00,0x00,0x00,0x00,0x00,0x00,0x00,0x00,0x00,0x00,0x00,0x00,0x00,0x00,0x00,0x00,0x00,
    0x00,0x00,0x00,0x00,0x00,0x00,0x00,0x00,0x00,0x00,0x00,0x00,0x00,0x00,0x00,0x00,0x00,0x00,0x00,0x00,0x00,0x00,0x00,0x00,0x00,0x00,0x00,0x00,0x00,0x00,0x00,0x00,
    0x00,0x00,0x00,0x00,0x00,0x00,0x00,0x00,0x00,0x00,0x00,0x00,0x00,0x00,0x00,0x00,0x00,0x00,0x00,0x00,0x00,0x00,0x00,0x00,0x00,0x00,0x00,0x00,0x00,0x00,0x00,0x00,
    0x00,0x00,0x00,0x00,0x00,0x00,0x00,0x00,0x00,0x00,0x00,0x00,0x00,0x00,0x00,0x00,0x00,0x00,0x00,0x00,0x00,0x00,0x00,0x00,0x00,0x00,0x00,0x00,0x00,0x00,0x00,0x00,
    0x00,0x00,0x00,0x00,0x00,0x00,0x00,0x00,0x00,0x00,0x00,0x00,0x00,0x00,0x00,0x00,0x00,0x00,0x00,0x00,0x00,0x00,0x00,0x00,0x00,0x00,0x00,0x00,0x00,0x00,0x00,0x00,
    0x00,0x00,0x00,0x00,0x45,0x31,0x2e,0x91,0x2d,0x12,0x0d,0xff,0x32,0x19,0x0b,0xff,0xb4,0x89,0x79,0xff,0xaf,0x86,0x6f,0xff,0xaf,0x83,0x6e,0xff,0xe7,0xd0,0xbf,0xff,
    0xe8,0xd1,0xc2,0xff,0xf2,0xea,0xe1,0xff,0xed,0xe6,0xe5,0xff,0xec,0xe7,0xe7,0xff,0xfe,0xfb,0xfc,0xff,0xff,0xfe,0xfe,0xff,0xfe,0xfe,0xfe,0xff,0xfe,0xfe,0xfe,0xff,
    0xfe,0xfe,0xfe,0xff,0xfe,0xfe,0xfe,0xff,0xfe,0xfe,0xfe,0xff,0xfe,0xfe,0xfe,0xff,0xfe,0xfe,0xfe,0xff,0xfb,0xfe,0xfd,0xff,0xef,0xea,0xe9,0xff,0xe7,0xdd,0xdb,0xff,
    0xe5,0xe0,0xdc,0xff,0xe5,0xdd,0xd9,0xff,0xe9,0xe5,0xe3,0xff,0xf9,0xfc,0xfd,0xff,0xfb,0xfe,0xfe,0xff,0xfe,0xff,0xfc,0xff,0xfe,0xff,0xf9,0xff,0xfb,0xfb,0xff,0xff,
    0x6d,0x82,0xc0,0xff,0x5c,0x79,0xd2,0xff,0x52,0x6f,0xcf,0xff,0x61,0x9e,0xed,0xff,0x5d,0xa1,0xeb,0xff,0x5e,0xa4,0xed,0xff,0x61,0xa7,0xee,0xff,0x5e,0xa5,0xed,0xff,
    0x5a,0xa8,0xed,0xff,0x5d,0xa7,0xed,0xff,0x65,0xa9,0xef,0xff,0x50,0x84,0xda,0xff,0x50,0x7c,0xd4,0xff,0x65,0x81,0xc9,0xff,0xf0,0xf1,0xfe,0xff,0xfa,0xfb,0xf6,0xff,
    0xfd,0xf9,0xee,0xff,0x2f,0x15,0x0b,0xff,0x2c,0x13,0x08,0xff,0x50,0x42,0x3c,0x7f,0x00,0x00,0x00,0x00,0x00,0x00,0x00,0x00,0x00,0x00,0x00,0x00,0x00,0x00,0x00,0x00,
    0x00,0x00,0x00,0x00,0x00,0x00,0x00,0x00,0x00,0x00,0x00,0x00,0x00,0x00,0x00,0x00,0x00,0x00,0x00,0x00,0x00,0x00,0x00,0x00,0x00,0x00,0x00,0x00,0x00,0x00,0x00,0x00,
    0x00,0x00,0x00,0x00,0x00,0x00,0x00,0x00,0x00,0x00,0x00,0x00,0x00,0x00,0x00,0x00,0x00,0x00,0x00,0x00,0x00,0x00,0x00,0x00,0x00,0x00,0x00,0x00,0x00,0x00,0x00,0x00,
    0x00,0x00,0x00,0x00,0x00,0x00,0x00,0x00,0x00,0x00,0x00,0x00,0x00,0x00,0x00,0x00,0x00,0x00,0x00,0x00,0x00,0x00,0x00,0x00,0x00,0x00,0x00,0x00,0x00,0x00,0x00,0x00,
    0x00,0x00,0x00,0x00,0x00,0x00,0x00,0x00,0x00,0x00,0x00,0x00,0x00,0x00,0x00,0x00,0x00,0x00,0x00,0x00,0x00,0x00,0x00,0x00,0x00,0x00,0x00,0x00,0x00,0x00,0x00,0x00,
    0x00,0x00,0x00,0x00,0x00,0x00,0x00,0x00,0x00,0x00,0x00,0x00,0x00,0x00,0x00,0x00,0x00,0x00,0x00,0x00,0x00,0x00,0x00,0x00,0x00,0x00,0x00,0x00,0x00,0x00,0x00,0x00,
    0x00,0x00,0x00,0x00,0x00,0x00,0x00,0x00,0x00,0x00,0x00,0x00,0x00,0x00,0x00,0x00,0x00,0x00,0x00,0x00,0x00,0x00,0x00,0x00,0x00,0x00,0x00,0x00,0x00,0x00,0x00,0x00,
    0x00,0x00,0x00,0x00,0x00,0x00,0x00,0x00,0x00,0x00,0x00,0x00,0x00,0x00,0x00,0x00,0x00,0x00,0x00,0x00,0x00,0x00,0x00,0x00,0x00,0x00,0x00,0x00,0x00,0x00,0x00,0x00,
    0x00,0x00,0x00,0x00,0x00,0x00,0x00,0x00,0x00,0x00,0x00,0x00,0x00,0x00,0x00,0x00,0x00,0x00,0x00,0x00,0x00,0x00,0x00,0x00,0x00,0x00,0x00,0x00,0x00,0x00,0x00,0x00,
    0x00,0x00,0x00,0x00,0x00,0x00,0x00,0x00,0x00,0x00,0x00,0x00,0x00,0x00,0x00,0x00,0x00,0x00,0x00,0x00,0x00,0x00,0x00,0x00,0x00,0x00,0x00,0x00,0x00,0x00,0x00,0x00,
    0x00,0x00,0x00,0x00,0x44,0x36,0x30,0x7f,0x31,0x14,0x0b,0xff,0x32,0x15,0x0d,0xff,0xb1,0x8b,0x75,0xff,0xb1,0x8c,0x78,0xff,0xa8,0x86,0x73,0xff,0xe8,0xd1,0xc2,0xff,
    0xe9,0xd2,0xc3,0xff,0xf1,0xdf,0xd6,0xff,0xe8,0xdd,0xd9,0xff,0xeb,0xdf,0xdb,0xff,0xff,0xfe,0xfd,0xff,0xfc,0xfe,0xff,0xff,0xfe,0xfe,0xfe,0xff,0xff,0xfe,0xfd,0xff,
    0xfe,0xfe,0xfe,0xff,0xfe,0xfe,0xfe,0xff,0xfe,0xfe,0xfe,0xff,0xfe,0xfe,0xfe,0xff,0xfe,0xfe,0xfe,0xff,0xfe,0xfe,0xfe,0xff,0xfe,0xfe,0xfe,0xff,0xfe,0xfe,0xfe,0xff,
    0xfe,0xfe,0xfe,0xff,0xfe,0xfe,0xfe,0xff,0xfe,0xfe,0xfe,0xff,0xfe,0xfe,0xfe,0xff,0xff,0xff,0xff,0xff,0xfe,0xfe,0xfe,0xff,0xfe,0xff,0xfe,0xff,0xfa,0xfa,0xff,0xff,
    0x2a,0x49,0xbe,0xff,0x04,0x3b,0xd3,0xff,0x03,0x3e,0xca,0xff,0x0b,0x71,0xfd,0xff,0x08,0x74,0xfc,0xff,0x04,0x75,0xfb,0xff,0x0a,0x80,0xfd,0xff,0x09,0x7f,0xfc,0xff,
    0x0b,0x7f,0xff,0xff,0x13,0x7b,0xff,0xff,0x09,0x84,0xf8,0xff,0x00,0x49,0xe1,0xff,0x06,0x49,0xdd,0xff,0x0c,0x4a,0xd1,0xff,0xfd,0xfb,0xfe,0xff,0xf6,0xfc,0xff,0xff,
    0xff,0xf7,0xfa,0xff,0x31,0x16,0x08,0xff,0x2d,0x11,0x0b,0xff,0x50,0x42,0x3e,0x7f,0x00,0x00,0x00,0x00,0x00,0x00,0x00,0x00,0x00,0x00,0x00,0x00,0x00,0x00,0x00,0x00,
    0x00,0x00,0x00,0x00,0x00,0x00,0x00,0x00,0x00,0x00,0x00,0x00,0x00,0x00,0x00,0x00,0x00,0x00,0x00,0x00,0x00,0x00,0x00,0x00,0x00,0x00,0x00,0x00,0x00,0x00,0x00,0x00,
    0x00,0x00,0x00,0x00,0x00,0x00,0x00,0x00,0x00,0x00,0x00,0x00,0x00,0x00,0x00,0x00,0x00,0x00,0x00,0x00,0x00,0x00,0x00,0x00,0x00,0x00,0x00,0x00,0x00,0x00,0x00,0x00,
    0x00,0x00,0x00,0x00,0x00,0x00,0x00,0x00,0x00,0x00,0x00,0x00,0x00,0x00,0x00,0x00,0x00,0x00,0x00,0x00,0x00,0x00,0x00,0x00,0x00,0x00,0x00,0x00,0x00,0x00,0x00,0x00,
    0x00,0x00,0x00,0x00,0x00,0x00,0x00,0x00,0x00,0x00,0x00,0x00,0x00,0x00,0x00,0x00,0x00,0x00,0x00,0x00,0x00,0x00,0x00,0x00,0x00,0x00,0x00,0x00,0x00,0x00,0x00,0x00,
    0x00,0x00,0x00,0x00,0x00,0x00,0x00,0x00,0x00,0x00,0x00,0x00,0x00,0x00,0x00,0x00,0x00,0x00,0x00,0x00,0x00,0x00,0x00,0x00,0x00,0x00,0x00,0x00,0x00,0x00,0x00,0x00,
    0x00,0x00,0x00,0x00,0x00,0x00,0x00,0x00,0x00,0x00,0x00,0x00,0x00,0x00,0x00,0x00,0x00,0x00,0x00,0x00,0x00,0x00,0x00,0x00,0x00,0x00,0x00,0x00,0x00,0x00,0x00,0x00,
    0x00,0x00,0x00,0x00,0x00,0x00,0x00,0x00,0x00,0x00,0x00,0x00,0x00,0x00,0x00,0x00,0x00,0x00,0x00,0x00,0x00,0x00,0x00,0x00,0x00,0x00,0x00,0x00,0x00,0x00,0x00,0x00,
    0x00,0x00,0x00,0x00,0x00,0x00,0x00,0x00,0x00,0x00,0x00,0x00,0x00,0x00,0x00,0x00,0x00,0x00,0x00,0x00,0x00,0x00,0x00,0x00,0x00,0x00,0x00,0x00,0x00,0x00,0x00,0x00,
    0x00,0x00,0x00,0x00,0x00,0x00,0x00,0x00,0x00,0x00,0x00,0x00,0x00,0x00,0x00,0x00,0x00,0x00,0x00,0x00,0x00,0x00,0x00,0x00,0x00,0x00,0x00,0x00,0x00,0x00,0x00,0x00,
    0x00,0x00,0x00,0x00,0x4a,0x38,0x34,0x80,0x32,0x15,0x0c,0xff,0x2e,0x11,0x09,0xff,0xb1,0x89,0x72,0xff,0xb4,0x8b,0x75,0xff,0xac,0x89,0x75,0xff,0xeb,0xd4,0xc5,0xff,
    0xe8,0xd0,0xc4,0xff,0xf0,0xdd,0xd5,0xff,0xea,0xde,0xd8,0xff,0xea,0xde,0xd8,0xff,0xff,0xfd,0xfa,0xff,0xfc,0xfe,0xff,0xff,0xfe,0xfe,0xfe,0xff,0xff,0xfe,0xfe,0xff,
    0xfe,0xfe,0xfe,0xff,0xfe,0xfe,0xfe,0xff,0xfe,0xfe,0xfe,0xff,0xfe,0xfe,0xfe,0xff,0xfe,0xfe,0xfe,0xff,0xfe,0xfe,0xfe,0xff,0xff,0xff,0xff,0xff,0xfe,0xfe,0xfe,0xff,
    0xfe,0xfe,0xfe,0xff,0xfe,0xfe,0xfe,0xff,0xfe,0xfe,0xfe,0xff,0xfe,0xfe,0xfe,0xff,0xfe,0xfe,0xfe,0xff,0xfe,0xfe,0xfe,0xff,0xfd,0xff,0xfe,0xff,0xfa,0xfb,0xff,0xff,
    0x26,0x46,0xb8,0xff,0x03,0x39,0xcd,0xff,0x05,0x3d,0xc8,0xff,0x05,0x6c,0xfb,0xff,0x03,0x70,0xfe,0xff,0x06,0x75,0xfe,0xff,0x0b,0x7e,0xfd,0xff,0x0c,0x7c,0xfd,0xff,
    0x07,0x82,0xf5,0xff,0x0c,0x82,0xfa,0xff,0x01,0x80,0xfe,0xff,0x00,0x45,0xda,0xff,0x08,0x44,0xdb,0xff,0x19,0x4c,0xd8,0xff,0xf8,0xf6,0xfe,0xff,0xff,0xff,0xfe,0xff,
    0xfe,0xf9,0xf7,0xff,0x2e,0x17,0x08,0xff,0x2f,0x12,0x0d,0xff,0x4e,0x40,0x3c,0x80,0x00,0x00,0x00,0x00,0x00,0x00,0x00,0x00,0x00,0x00,0x00,0x00,0x00,0x00,0x00,0x00,
    0x00,0x00,0x00,0x00,0x00,0x00,0x00,0x00,0x00,0x00,0x00,0x00,0x00,0x00,0x00,0x00,0x00,0x00,0x00,0x00,0x00,0x00,0x00,0x00,0x00,0x00,0x00,0x00,0x00,0x00,0x00,0x00,
    0x00,0x00,0x00,0x00,0x00,0x00,0x00,0x00,0x00,0x00,0x00,0x00,0x00,0x00,0x00,0x00,0x00,0x00,0x00,0x00,0x00,0x00,0x00,0x00,0x00,0x00,0x00,0x00,0x00,0x00,0x00,0x00,
    0x00,0x00,0x00,0x00,0x00,0x00,0x00,0x00,0x00,0x00,0x00,0x00,0x00,0x00,0x00,0x00,0x00,0x00,0x00,0x00,0x00,0x00,0x00,0x00,0x00,0x00,0x00,0x00,0x00,0x00,0x00,0x00,
    0x00,0x00,0x00,0x00,0x00,0x00,0x00,0x00,0x00,0x00,0x00,0x00,0x00,0x00,0x00,0x00,0x00,0x00,0x00,0x00,0x00,0x00,0x00,0x00,0x00,0x00,0x00,0x00,0x00,0x00,0x00,0x00,
    0x00,0x00,0x00,0x00,0x00,0x00,0x00,0x00,0x00,0x00,0x00,0x00,0x00,0x00,0x00,0x00,0x00,0x00,0x00,0x00,0x00,0x00,0x00,0x00,0x00,0x00,0x00,0x00,0x00,0x00,0x00,0x00,
    0x00,0x00,0x00,0x00,0x00,0x00,0x00,0x00,0x00,0x00,0x00,0x00,0x00,0x00,0x00,0x00,0x00,0x00,0x00,0x00,0x00,0x00,0x00,0x00,0x00,0x00,0x00,0x00,0x00,0x00,0x00,0x00,
    0x00,0x00,0x00,0x00,0x00,0x00,0x00,0x00,0x00,0x00,0x00,0x00,0x00,0x00,0x00,0x00,0x00,0x00,0x00,0x00,0x00,0x00,0x00,0x00,0x00,0x00,0x00,0x00,0x00,0x00,0x00,0x00,
    0x00,0x00,0x00,0x00,0x00,0x00,0x00,0x00,0x00,0x00,0x00,0x00,0x00,0x00,0x00,0x00,0x00,0x00,0x00,0x00,0x00,0x00,0x00,0x00,0x00,0x00,0x00,0x00,0x00,0x00,0x00,0x00,
    0x00,0x00,0x00,0x00,0x00,0x00,0x00,0x00,0x00,0x00,0x00,0x00,0x00,0x00,0x00,0x00,0x00,0x00,0x00,0x00,0x00,0x00,0x00,0x00,0x00,0x00,0x00,0x00,0x00,0x00,0x00,0x00,
    0x00,0x00,0x00,0x00,0x47,0x36,0x34,0x85,0x32,0x15,0x0c,0xff,0x32,0x16,0x0c,0xff,0xa6,0x7e,0x65,0xff,0xa8,0x7e,0x67,0xff,0xa4,0x7f,0x6a,0xff,0xe8,0xd2,0xc3,0xff,
    0xe7,0xd1,0xc5,0xff,0xeb,0xd7,0xcd,0xff,0xe6,0xd9,0xd1,0xff,0xe5,0xd9,0xd1,0xff,0xff,0xfd,0xf9,0xff,0xfc,0xfe,0xff,0xff,0xfe,0xfe,0xfe,0xff,0xff,0xff,0xff,0xff,
    0xfe,0xfe,0xfe,0xff,0xfe,0xfe,0xfe,0xff,0xfe,0xfe,0xfe,0xff,0xfe,0xfe,0xfe,0xff,0xfe,0xfe,0xfe,0xff,0xfe,0xfe,0xfe,0xff,0xfe,0xfe,0xfe,0xff,0xfe,0xfe,0xfe,0xff,
    0xfe,0xfe,0xfe,0xff,0xfe,0xfe,0xfe,0xff,0xfe,0xfe,0xfe,0xff,0xfe,0xfe,0xfe,0xff,0xfe,0xfe,0xfe,0xff,0xfe,0xfe,0xfe,0xff,0xff,0xff,0xfe,0xff,0xfc,0xfa,0xff,0xff,
    0x23,0x3e,0xad,0xff,0x00,0x2b,0xbd,0xff,0x01,0x2c,0xb8,0xff,0x02,0x45,0xdf,0xff,0x05,0x45,0xe0,0xff,0x08,0x49,0xde,0xff,0x01,0x3e,0xcb,0xff,0x01,0x3d,0xc8,0xff,
    0x03,0x37,0xce,0xff,0x07,0x3a,0xca,0xff,0x0a,0x44,0xc3,0xff,0xd6,0xea,0xff,0xff,0xed,0xf6,0xfe,0xff,0xe9,0xf9,0xff,0xff,0xff,0xfd,0xfe,0xff,0xf6,0xfe,0xff,0xff,
    0xff,0xf9,0xfc,0xff,0x32,0x15,0x11,0xff,0x2d,0x13,0x08,0xff,0x53,0x45,0x41,0x81,0x00,0x00,0x00,0x00,0x00,0x00,0x00,0x00,0x00,0x00,0x00,0x00,0x00,0x00,0x00,0x00,
    0x00,0x00,0x00,0x00,0x00,0x00,0x00,0x00,0x00,0x00,0x00,0x00,0x00,0x00,0x00,0x00,0x00,0x00,0x00,0x00,0x00,0x00,0x00,0x00,0x00,0x00,0x00,0x00,0x00,0x00,0x00,0x00,
    0x00,0x00,0x00,0x00,0x00,0x00,0x00,0x00,0x00,0x00,0x00,0x00,0x00,0x00,0x00,0x00,0x00,0x00,0x00,0x00,0x00,0x00,0x00,0x00,0x00,0x00,0x00,0x00,0x00,0x00,0x00,0x00,
    0x00,0x00,0x00,0x00,0x00,0x00,0x00,0x00,0x00,0x00,0x00,0x00,0x00,0x00,0x00,0x00,0x00,0x00,0x00,0x00,0x00,0x00,0x00,0x00,0x00,0x00,0x00,0x00,0x00,0x00,0x00,0x00,
    0x00,0x00,0x00,0x00,0x00,0x00,0x00,0x00,0x00,0x00,0x00,0x00,0x00,0x00,0x00,0x00,0x00,0x00,0x00,0x00,0x00,0x00,0x00,0x00,0x00,0x00,0x00,0x00,0x00,0x00,0x00,0x00,
    0x00,0x00,0x00,0x00,0x00,0x00,0x00,0x00,0x00,0x00,0x00,0x00,0x00,0x00,0x00,0x00,0x00,0x00,0x00,0x00,0x00,0x00,0x00,0x00,0x00,0x00,0x00,0x00,0x00,0x00,0x00,0x00,
    0x00,0x00,0x00,0x00,0x00,0x00,0x00,0x00,0x00,0x00,0x00,0x00,0x00,0x00,0x00,0x00,0x00,0x00,0x00,0x00,0x00,0x00,0x00,0x00,0x00,0x00,0x00,0x00,0x00,0x00,0x00,0x00,
    0x00,0x00,0x00,0x00,0x00,0x00,0x00,0x00,0x00,0x00,0x00,0x00,0x00,0x00,0x00,0x00,0x00,0x00,0x00,0x00,0x00,0x00,0x00,0x00,0x00,0x00,0x00,0x00,0x00,0x00,0x00,0x00,
    0x00,0x00,0x00,0x00,0x00,0x00,0x00,0x00,0x00,0x00,0x00,0x00,0x00,0x00,0x00,0x00,0x00,0x00,0x00,0x00,0x00,0x00,0x00,0x00,0x00,0x00,0x00,0x00,0x00,0x00,0x00,0x00,
    0x00,0x00,0x00,0x00,0x00,0x00,0x00,0x00,0x00,0x00,0x00,0x00,0x00,0x00,0x00,0x00,0x00,0x00,0x00,0x00,0x00,0x00,0x00,0x00,0x00,0x00,0x00,0x00,0x00,0x00,0x00,0x00,
    0x00,0x00,0x00,0x00,0x48,0x39,0x35,0x86,0x31,0x14,0x0b,0xff,0x31,0x15,0x0b,0xff,0xac,0x82,0x67,0xff,0xac,0x7e,0x66,0xff,0x9d,0x78,0x62,0xff,0xe6,0xcf,0xbf,0xff,
    0xe9,0xd3,0xc7,0xff,0xed,0xd9,0xce,0xff,0xe6,0xd7,0xce,0xff,0xe7,0xd9,0xd0,0xff,0xff,0xff,0xfb,0xff,0xfe,0xff,0xff,0xff,0xfe,0xfe,0xfe,0xff,0xff,0xfe,0xfe,0xff,
    0xfe,0xfe,0xfe,0xff,0xfe,0xfe,0xfe,0xff,0xfe,0xfe,0xfe,0xff,0xfe,0xfe,0xfe,0xff,0xfe,0xfe,0xfe,0xff,0xfe,0xfe,0xfe,0xff,0xfe,0xfe,0xfe,0xff,0xfe,0xfe,0xfe,0xff,
    0xfe,0xfe,0xfe,0xff,0xfe,0xfe,0xfe,0xff,0xfe,0xfe,0xfe,0xff,0xfe,0xfe,0xfe,0xff,0xfe,0xfe,0xfe,0xff,0xfe,0xfe,0xfe,0xff,0xfe,0xfe,0xfe,0xff,0xfc,0xfa,0xff,0xff,
    0x1f,0x39,0xa5,0xff,0x01,0x2c,0xbb,0xff,0x0c,0x30,0xbc,0xff,0x01,0x45,0xe3,0xff,0x04,0x45,0xe4,0xff,0x07,0x42,0xde,0xff,0x00,0x38,0xc8,0xff,0x04,0x3d,0xcb,0xff,
    0x01,0x3c,0xcc,0xff,0x04,0x3c,0xc5,0xff,0x03,0x3a,0xc2,0xff,0xe2,0xf0,0xff,0xff,0xff,0xfe,0xf9,0xff,0xff,0xfe,0xfd,0xff,0xff,0xfb,0xff,0xff,0xf7,0xff,0xfc,0xff,
    0xfd,0xfd,0xf3,0xff,0x2f,0x14,0x0d,0xff,0x30,0x15,0x0a,0xff,0x54,0x46,0x42,0x80,0x00,0x00,0x00,0x00,0x00,0x00,0x00,0x00,0x00,0x00,0x00,0x00,0x00,0x00,0x00,0x00,
    0x00,0x00,0x00,0x00,0x00,0x00,0x00,0x00,0x00,0x00,0x00,0x00,0x00,0x00,0x00,0x00,0x00,0x00,0x00,0x00,0x00,0x00,0x00,0x00,0x00,0x00,0x00,0x00,0x00,0x00,0x00,0x00,
    0x00,0x00,0x00,0x00,0x00,0x00,0x00,0x00,0x00,0x00,0x00,0x00,0x00,0x00,0x00,0x00,0x00,0x00,0x00,0x00,0x00,0x00,0x00,0x00,0x00,0x00,0x00,0x00,0x00,0x00,0x00,0x00,
    0x00,0x00,0x00,0x00,0x00,0x00,0x00,0x00,0x00,0x00,0x00,0x00,0x00,0x00,0x00,0x00,0x00,0x00,0x00,0x00,0x00,0x00,0x00,0x00,0x00,0x00,0x00,0x00,0x00,0x00,0x00,0x00,
    0x00,0x00,0x00,0x00,0x00,0x00,0x00,0x00,0x00,0x00,0x00,0x00,0x00,0x00,0x00,0x00,0x00,0x00,0x00,0x00,0x00,0x00,0x00,0x00,0x00,0x00,0x00,0x00,0x00,0x00,0x00,0x00,
    0x00,0x00,0x00,0x00,0x00,0x00,0x00,0x00,0x00,0x00,0x00,0x00,0x00,0x00,0x00,0x00,0x00,0x00,0x00,0x00,0x00,0x00,0x00,0x00,0x00,0x00,0x00,0x00,0x00,0x00,0x00,0x00,
    0x00,0x00,0x00,0x00,0x00,0x00,0x00,0x00,0x00,0x00,0x00,0x00,0x00,0x00,0x00,0x00,0x00,0x00,0x00,0x00,0x00,0x00,0x00,0x00,0x00,0x00,0x00,0x00,0x00,0x00,0x00,0x00,
    0x00,0x00,0x00,0x00,0x00,0x00,0x00,0x00,0x00,0x00,0x00,0x00,0x00,0x00,0x00,0x00,0x00,0x00,0x00,0x00,0x00,0x00,0x00,0x00,0x00,0x00,0x00,0x00,0x00,0x00,0x00,0x00,
    0x00,0x00,0x00,0x00,0x00,0x00,0x00,0x00,0x00,0x00,0x00,0x00,0x00,0x00,0x00,0x00,0x00,0x00,0x00,0x00,0x00,0x00,0x00,0x00,0x00,0x00,0x00,0x00,0x00,0x00,0x00,0x00,
    0x00,0x00,0x00,0x00,0x00,0x00,0x00,0x00,0x00,0x00,0x00,0x00,0x00,0x00,0x00,0x00,0x00,0x00,0x00,0x00,0x00,0x00,0x00,0x00,0x00,0x00,0x00,0x00,0x00,0x00,0x00,0x00,
    0x00,0x00,0x00,0x00,0x4c,0x3b,0x37,0x87,0x31,0x14,0x0b,0xff,0x2f,0x13,0x09,0xff,0xb0,0x84,0x6c,0xff,0xab,0x7d,0x63,0xff,0x9d,0x77,0x5f,0xff,0xeb,0xd2,0xc2,0xff,
    0xed,0xd4,0xc6,0xff,0xee,0xd6,0xcb,0xff,0xe8,0xd8,0xcf,0xff,0xe6,0xd8,0xcf,0xff,0xff,0xfc,0xf8,0xff,0xff,0xfe,0xfd,0xff,0xff,0xfe,0xfe,0xff,0xff,0xff,0xff,0xff,
    0xfe,0xfe,0xfe,0xff,0xfe,0xfe,0xfe,0xff,0xff,0xff,0xff,0xff,0xfe,0xfe,0xfe,0xff,0xfd,0xfd,0xfd,0xff,0xfe,0xfe,0xfe,0xff,0xfe,0xfe,0xfe,0xff,0xfd,0xfd,0xfd,0xff,
    0xfe,0xfe,0xfe,0xff,0xfe,0xfe,0xfe,0xff,0xfe,0xfe,0xfe,0xff,0xfe,0xfe,0xfe,0xff,0xfe,0xfe,0xfe,0xff,0xfe,0xfe,0xfe,0xff,0xfd,0xff,0xff,0xff,0xfb,0xfb,0xff,0xff,
    0x25,0x3f,0xa8,0xff,0x06,0x34,0xbb,0xff,0x0a,0x2d,0xb7,0xff,0x06,0x44,0xdd,0xff,0x0b,0x47,0xe6,0xff,0x12,0x47,0xdc,0xff,0x0f,0x3e,0xbf,0xff,0x0f,0x3b,0xbe,0xff,
    0x11,0x3c,0xc1,0xff,0x13,0x41,0xc0,0xff,0x16,0x41,0xc4,0xff,0xe6,0xf0,0xff,0xff,0xff,0xff,0xfc,0xff,0xf7,0xfd,0xfc,0xff,0xfd,0xfa,0xf7,0xff,0xfe,0xf9,0xf9,0xff,
    0xfa,0xf3,0xf7,0xff,0x26,0x10,0x0e,0xff,0x30,0x13,0x0e,0xff,0x56,0x4b,0x45,0x7d,0x00,0x00,0x00,0x00,0x00,0x00,0x00,0x00,0x00,0x00,0x00,0x00,0x00,0x00,0x00,0x00,
    0x00,0x00,0x00,0x00,0x00,0x00,0x00,0x00,0x00,0x00,0x00,0x00,0x00,0x00,0x00,0x00,0x00,0x00,0x00,0x00,0x00,0x00,0x00,0x00,0x00,0x00,0x00,0x00,0x00,0x00,0x00,0x00,
    0x00,0x00,0x00,0x00,0x00,0x00,0x00,0x00,0x00,0x00,0x00,0x00,0x00,0x00,0x00,0x00,0x00,0x00,0x00,0x00,0x00,0x00,0x00,0x00,0x00,0x00,0x00,0x00,0x00,0x00,0x00,0x00,
    0x00,0x00,0x00,0x00,0x00,0x00,0x00,0x00,0x00,0x00,0x00,0x00,0x00,0x00,0x00,0x00,0x00,0x00,0x00,0x00,0x00,0x00,0x00,0x00,0x00,0x00,0x00,0x00,0x00,0x00,0x00,0x00,
    0x00,0x00,0x00,0x00,0x00,0x00,0x00,0x00,0x00,0x00,0x00,0x00,0x00,0x00,0x00,0x00,0x00,0x00,0x00,0x00,0x00,0x00,0x00,0x00,0x00,0x00,0x00,0x00,0x00,0x00,0x00,0x00,
    0x00,0x00,0x00,0x00,0x00,0x00,0x00,0x00,0x00,0x00,0x00,0x00,0x00,0x00,0x00,0x00,0x00,0x00,0x00,0x00,0x00,0x00,0x00,0x00,0x00,0x00,0x00,0x00,0x00,0x00,0x00,0x00,
    0x00,0x00,0x00,0x00,0x00,0x00,0x00,0x00,0x00,0x00,0x00,0x00,0x00,0x00,0x00,0x00,0x00,0x00,0x00,0x00,0x00,0x00,0x00,0x00,0x00,0x00,0x00,0x00,0x00,0x00,0x00,0x00,
    0x00,0x00,0x00,0x00,0x00,0x00,0x00,0x00,0x00,0x00,0x00,0x00,0x00,0x00,0x00,0x00,0x00,0x00,0x00,0x00,0x00,0x00,0x00,0x00,0x00,0x00,0x00,0x00,0x00,0x00,0x00,0x00,
    0x00,0x00,0x00,0x00,0x00,0x00,0x00,0x00,0x00,0x00,0x00,0x00,0x00,0x00,0x00,0x00,0x00,0x00,0x00,0x00,0x00,0x00,0x00,0x00,0x00,0x00,0x00,0x00,0x00,0x00,0x00,0x00,
    0x00,0x00,0x00,0x00,0x00,0x00,0x00,0x00,0x00,0x00,0x00,0x00,0x00,0x00,0x00,0x00,0x00,0x00,0x00,0x00,0x00,0x00,0x00,0x00,0x00,0x00,0x00,0x00,0x00,0x00,0x00,0x00,
    0x00,0x00,0x00,0x00,0x46,0x35,0x33,0x87,0x32,0x16,0x0f,0xff,0x39,0x18,0x0c,0xff,0x91,0x61,0x4b,0xff,0x8f,0x63,0x45,0xff,0x90,0x64,0x4c,0xff,0xd9,0xba,0xa7,0xff,
    0xd1,0xb4,0x9f,0xff,0xed,0xd3,0xc4,0xff,0xe8,0xd5,0xcf,0xff,0xe8,0xd9,0xd1,0xff,0xe4,0xd7,0xd1,0xff,0xe9,0xd6,0xce,0xff,0xe8,0xde,0xda,0xff,0xfd,0xfe,0xfe,0xff,
    0xfe,0xfe,0xfe,0xff,0xfe,0xfe,0xfe,0xff,0xfe,0xfe,0xfe,0xff,0xfe,0xfe,0xfe,0xff,0xfe,0xfe,0xfe,0xff,0xfe,0xfe,0xfe,0xff,0xfe,0xfe,0xfe,0xff,0xfe,0xfe,0xfe,0xff,
    0xfe,0xfe,0xfe,0xff,0xfe,0xfe,0xfe,0xff,0xfe,0xfe,0xfe,0xff,0xfe,0xfe,0xfe,0xff,0xfe,0xfe,0xfe,0xff,0xfe,0xfe,0xfe,0xff,0xfc,0xfd,0xff,0xff,0xfc,0xfb,0xff,0xff,
    0x25,0x34,0x9c,0xff,0x01,0x27,0x98,0xff,0x0d,0x20,0x9c,0xff,0x02,0x25,0x94,0xff,0x00,0x20,0xa2,0xff,0x0f,0x21,0x80,0xff,0xf2,0xf9,0xff,0xff,0xf1,0xf5,0xff,0xff,
    0xef,0xf7,0xff,0xff,0xee,0xf8,0xff,0xff,0xf0,0xf9,0xff,0xff,0xf4,0xf5,0xfa,0xff,0xfe,0xfa,0xfc,0xff,0xf8,0xf8,0xf5,0xff,0x2d,0x13,0x11,0xff,0x30,0x16,0x10,0xff,
    0x27,0x12,0x0c,0xfe,0x28,0x22,0x1c,0x2d,0x3d,0x29,0x29,0x32,0xff,0xff,0xff,0x03,0x00,0x00,0x00,0x00,0x00,0x00,0x00,0x00,0x00,0x00,0x00,0x00,0x00,0x00,0x00,0x00,
    0x00,0x00,0x00,0x00,0x00,0x00,0x00,0x00,0x00,0x00,0x00,0x00,0x00,0x00,0x00,0x00,0x00,0x00,0x00,0x00,0x00,0x00,0x00,0x00,0x00,0x00,0x00,0x00,0x00,0x00,0x00,0x00,
    0x00,0x00,0x00,0x00,0x00,0x00,0x00,0x00,0x00,0x00,0x00,0x00,0x00,0x00,0x00,0x00,0x00,0x00,0x00,0x00,0x00,0x00,0x00,0x00,0x00,0x00,0x00,0x00,0x00,0x00,0x00,0x00,
    0x00,0x00,0x00,0x00,0x00,0x00,0x00,0x00,0x00,0x00,0x00,0x00,0x00,0x00,0x00,0x00,0x00,0x00,0x00,0x00,0x00,0x00,0x00,0x00,0x00,0x00,0x00,0x00,0x00,0x00,0x00,0x00,
    0x00,0x00,0x00,0x00,0x00,0x00,0x00,0x00,0x00,0x00,0x00,0x00,0x00,0x00,0x00,0x00,0x00,0x00,0x00,0x00,0x00,0x00,0x00,0x00,0x00,0x00,0x00,0x00,0x00,0x00,0x00,0x00,
    0x00,0x00,0x00,0x00,0x00,0x00,0x00,0x00,0x00,0x00,0x00,0x00,0x00,0x00,0x00,0x00,0x00,0x00,0x00,0x00,0x00,0x00,0x00,0x00,0x00,0x00,0x00,0x00,0x00,0x00,0x00,0x00,
    0x00,0x00,0x00,0x00,0x00,0x00,0x00,0x00,0x00,0x00,0x00,0x00,0x00,0x00,0x00,0x00,0x00,0x00,0x00,0x00,0x00,0x00,0x00,0x00,0x00,0x00,0x00,0x00,0x00,0x00,0x00,0x00,
    0x00,0x00,0x00,0x00,0x00,0x00,0x00,0x00,0x00,0x00,0x00,0x00,0x00,0x00,0x00,0x00,0x00,0x00,0x00,0x00,0x00,0x00,0x00,0x00,0x00,0x00,0x00,0x00,0x00,0x00,0x00,0x00,
    0x00,0x00,0x00,0x00,0x00,0x00,0x00,0x00,0x00,0x00,0x00,0x00,0x00,0x00,0x00,0x00,0x00,0x00,0x00,0x00,0x00,0x00,0x00,0x00,0x00,0x00,0x00,0x00,0x00,0x00,0x00,0x00,
    0x00,0x00,0x00,0x00,0x00,0x00,0x00,0x00,0x00,0x00,0x00,0x00,0x00,0x00,0x00,0x00,0x00,0x00,0x00,0x00,0x00,0x00,0x00,0x00,0x00,0x00,0x00,0x00,0x00,0x00,0x00,0x00,
    0x00,0x00,0x00,0x00,0x45,0x35,0x31,0x81,0x29,0x13,0x0b,0xff,0x2e,0x13,0x07,0xff,0x90,0x61,0x4c,0xff,0x90,0x65,0x48,0xff,0x88,0x5d,0x48,0xff,0xda,0xb3,0x9e,0xff,
    0xd6,0xb8,0xa3,0xff,0xf1,0xdd,0xcd,0xff,0xe5,0xd5,0xca,0xff,0xe7,0xd4,0xc9,0xff,0xe6,0xd7,0xce,0xff,0xea,0xd8,0xce,0xff,0xe7,0xde,0xd8,0xff,0xfe,0xfe,0xfe,0xff,
    0xfe,0xfe,0xfe,0xff,0xfe,0xfe,0xfe,0xff,0xfe,0xfe,0xfe,0xff,0xfe,0xfe,0xfe,0xff,0xfe,0xfe,0xfe,0xff,0xfe,0xfe,0xfe,0xff,0xfe,0xfe,0xfe,0xff,0xfe,0xfe,0xfe,0xff,
    0xfe,0xfe,0xfe,0xff,0xfe,0xfe,0xfe,0xff,0xfe,0xfe,0xfe,0xff,0xfe,0xfe,0xfe,0xff,0xfe,0xfe,0xfe,0xff,0xfe,0xfe,0xfe,0xff,0xfd,0xfc,0xfd,0xff,0xf8,0xf9,0xff,0xff,
    0x24,0x30,0x8d,0xff,0x04,0x25,0x94,0xff,0x0a,0x24,0x9f,0xff,0x04,0x27,0x9f,0xff,0x03,0x29,0xa0,0xff,0x1e,0x32,0x7f,0xff,0xf5,0xfc,0xfb,0xff,0xf8,0xfd,0xfd,0xff,
    0xff,0xfd,0xfd,0xff,0xfd,0xfc,0xfe,0xff,0xfc,0xfb,0xff,0xff,0xff,0xfe,0xfe,0xff,0xfd,0xfc,0xfb,0xff,0xfd,0xf9,0xf4,0xff,0x30,0x13,0x0e,0xff,0x31,0x11,0x0b,0xff,
    0x32,0x17,0x12,0xfd,0x00,0x00,0x00,0x00,0x00,0x00,0x00,0x00,0x00,0x00,0x00,0x00,0x00,0x00,0x00,0x00,0x00,0x00,0x00,0x00,0x00,0x00,0x00,0x00,0x00,0x00,0x00,0x00,
    0x00,0x00,0x00,0x00,0x00,0x00,0x00,0x00,0x00,0x00,0x00,0x00,0x00,0x00,0x00,0x00,0x00,0x00,0x00,0x00,0x00,0x00,0x00,0x00,0x00,0x00,0x00,0x00,0x00,0x00,0x00,0x00,
    0x00,0x00,0x00,0x00,0x00,0x00,0x00,0x00,0x00,0x00,0x00,0x00,0x00,0x00,0x00,0x00,0x00,0x00,0x00,0x00,0x00,0x00,0x00,0x00,0x00,0x00,0x00,0x00,0x00,0x00,0x00,0x00,
    0x00,0x00,0x00,0x00,0x00,0x00,0x00,0x00,0x00,0x00,0x00,0x00,0x00,0x00,0x00,0x00,0x00,0x00,0x00,0x00,0x00,0x00,0x00,0x00,0x00,0x00,0x00,0x00,0x00,0x00,0x00,0x00,
    0x00,0x00,0x00,0x00,0x00,0x00,0x00,0x00,0x00,0x00,0x00,0x00,0x00,0x00,0x00,0x00,0x00,0x00,0x00,0x00,0x00,0x00,0x00,0x00,0x00,0x00,0x00,0x00,0x00,0x00,0x00,0x00,
    0x00,0x00,0x00,0x00,0x00,0x00,0x00,0x00,0x00,0x00,0x00,0x00,0x00,0x00,0x00,0x00,0x00,0x00,0x00,0x00,0x00,0x00,0x00,0x00,0x00,0x00,0x00,0x00,0x00,0x00,0x00,0x00,
    0x00,0x00,0x00,0x00,0x00,0x00,0x00,0x00,0x00,0x00,0x00,0x00,0x00,0x00,0x00,0x00,0x00,0x00,0x00,0x00,0x00,0x00,0x00,0x00,0x00,0x00,0x00,0x00,0x00,0x00,0x00,0x00,
    0x00,0x00,0x00,0x00,0x00,0x00,0x00,0x00,0x00,0x00,0x00,0x00,0x00,0x00,0x00,0x00,0x00,0x00,0x00,0x00,0x00,0x00,0x00,0x00,0x00,0x00,0x00,0x00,0x00,0x00,0x00,0x00,
    0x00,0x00,0x00,0x00,0x00,0x00,0x00,0x00,0x00,0x00,0x00,0x00,0x00,0x00,0x00,0x00,0x00,0x00,0x00,0x00,0x00,0x00,0x00,0x00,0x00,0x00,0x00,0x00,0x00,0x00,0x00,0x00,
    0x00,0x00,0x00,0x00,0x00,0x00,0x00,0x00,0x00,0x00,0x00,0x00,0x00,0x00,0x00,0x00,0x00,0x00,0x00,0x00,0x00,0x00,0x00,0x00,0x00,0x00,0x00,0x00,0x00,0x00,0x00,0x00,
    0x00,0x00,0x00,0x00,0x46,0x46,0x46,0x0b,0x44,0x33,0x33,0x2d,0x4e,0x37,0x32,0x2e,0x55,0x33,0x26,0xfe,0x50,0x30,0x1c,0xff,0x49,0x29,0x16,0xff,0xb2,0x8b,0x72,0xff,
    0xb7,0x94,0x7c,0xff,0xe1,0xc4,0xb3,0xff,0xd9,0xbd,0xaf,0xff,0xd7,0xbe,0xb0,0xff,0xe7,0xd5,0xca,0xff,0xea,0xd7,0xca,0xff,0xe6,0xdc,0xd5,0xff,0xff,0xfe,0xfd,0xff,
    0xfe,0xfe,0xfe,0xff,0xfe,0xfe,0xfe,0xff,0xfe,0xfe,0xfe,0xff,0xfe,0xfe,0xfe,0xff,0xfe,0xfe,0xfe,0xff,0xfe,0xfe,0xfe,0xff,0xfe,0xfe,0xfe,0xff,0xfe,0xfe,0xfe,0xff,
    0xfe,0xfe,0xfe,0xff,0xfe,0xfe,0xfe,0xff,0xfe,0xfe,0xfe,0xff,0xfe,0xfe,0xfe,0xff,0xff,0xff,0xff,0xff,0xfe,0xfe,0xfe,0xff,0xfe,0xfe,0xfd,0xff,0xf8,0xf7,0xfe,0xff,
    0x92,0x95,0xca,0xff,0x89,0x95,0xd6,0xff,0x8b,0x95,0xd9,0xff,0x89,0x94,0xd7,0xff,0x8a,0x9a,0xd6,0xff,0x9b,0x9c,0xc7,0xff,0xfe,0xfd,0xfe,0xff,0xfe,0xfa,0xff,0xff,
    0xfe,0xff,0xfd,0xff,0xf9,0xff,0xfe,0xff,0xfc,0xff,0xfd,0xff,0xe9,0xe5,0xdc,0xff,0xea,0xe2,0xd6,0xff,0xe5,0xda,0xd0,0xff,0x2f,0x10,0x0a,0xff,0x35,0x15,0x0f,0xff,
    0x31,0x14,0x0f,0xfd,0x00,0x00,0x00,0x00,0x00,0x00,0x00,0x00,0x00,0x00,0x00,0x00,0x00,0x00,0x00,0x00,0x00,0x00,0x00,0x00,0x00,0x00,0x00,0x00,0x00,0x00,0x00,0x00,
    0x00,0x00,0x00,0x00,0x00,0x00,0x00,0x00,0x00,0x00,0x00,0x00,0x00,0x00,0x00,0x00,0x00,0x00,0x00,0x00,0x00,0x00,0x00,0x00,0x00,0x00,0x00,0x00,0x00,0x00,0x00,0x00,
    0x00,0x00,0x00,0x00,0x00,0x00,0x00,0x00,0x00,0x00,0x00,0x00,0x00,0x00,0x00,0x00,0x00,0x00,0x00,0x00,0x00,0x00,0x00,0x00,0x00,0x00,0x00,0x00,0x00,0x00,0x00,0x00,
    0x00,0x00,0x00,0x00,0x00,0x00,0x00,0x00,0x00,0x00,0x00,0x00,0x00,0x00,0x00,0x00,0x00,0x00,0x00,0x00,0x00,0x00,0x00,0x00,0x00,0x00,0x00,0x00,0x00,0x00,0x00,0x00,
    0x00,0x00,0x00,0x00,0x00,0x00,0x00,0x00,0x00,0x00,0x00,0x00,0x00,0x00,0x00,0x00,0x00,0x00,0x00,0x00,0x00,0x00,0x00,0x00,0x00,0x00,0x00,0x00,0x00,0x00,0x00,0x00,
    0x00,0x00,0x00,0x00,0x00,0x00,0x00,0x00,0x00,0x00,0x00,0x00,0x00,0x00,0x00,0x00,0x00,0x00,0x00,0x00,0x00,0x00,0x00,0x00,0x00,0x00,0x00,0x00,0x00,0x00,0x00,0x00,
    0x00,0x00,0x00,0x00,0x00,0x00,0x00,0x00,0x00,0x00,0x00,0x00,0x00,0x00,0x00,0x00,0x00,0x00,0x00,0x00,0x00,0x00,0x00,0x00,0x00,0x00,0x00,0x00,0x00,0x00,0x00,0x00,
    0x00,0x00,0x00,0x00,0x00,0x00,0x00,0x00,0x00,0x00,0x00,0x00,0x00,0x00,0x00,0x00,0x00,0x00,0x00,0x00,0x00,0x00,0x00,0x00,0x00,0x00,0x00,0x00,0x00,0x00,0x00,0x00,
    0x00,0x00,0x00,0x00,0x00,0x00,0x00,0x00,0x00,0x00,0x00,0x00,0x00,0x00,0x00,0x00,0x00,0x00,0x00,0x00,0x00,0x00,0x00,0x00,0x00,0x00,0x00,0x00,0x00,0x00,0x00,0x00,
    0x00,0x00,0x00,0x00,0x00,0x00,0x00,0x00,0x00,0x00,0x00,0x00,0x00,0x00,0x00,0x00,0x00,0x00,0x00,0x00,0x00,0x00,0x00,0x00,0x00,0x00,0x00,0x00,0x00,0x00,0x00,0x00,
    0x00,0x00,0x00,0x00,0x00,0x00,0x00,0x00,0x00,0x00,0x00,0x00,0x00,0x00,0x00,0x00,0x2d,0x13,0x0f,0xfe,0x2b,0x10,0x05,0xff,0x34,0x17,0x09,0xff,0xa1,0x75,0x5d,0xff,
    0x9e,0x72,0x5b,0xff,0xd9,0xb6,0xa2,0xff,0xd6,0xb2,0xa0,0xff,0xd5,0xb7,0xa8,0xff,0xeb,0xd7,0xc8,0xff,0xe8,0xd4,0xc5,0xff,0xe1,0xd5,0xcd,0xff,0xfe,0xfc,0xf9,0xff,
    0xfe,0xfe,0xfe,0xff,0xfe,0xfe,0xfe,0xff,0xff,0xff,0xff,0xff,0xfe,0xfe,0xfe,0xff,0xfe,0xfe,0xfe,0xff,0xfe,0xfe,0xfe,0xff,0xfe,0xfe,0xfe,0xff,0xfe,0xfe,0xfe,0xff,
    0xfe,0xfe,0xfe,0xff,0xfe,0xfe,0xfe,0xff,0xfe,0xfe,0xfe,0xff,0xfe,0xfe,0xfe,0xff,0xfe,0xfe,0xfe,0xff,0xfe,0xfe,0xfe,0xff,0xfe,0xff,0xfd,0xff,0xfb,0xfc,0xfc,0xff,
    0xfd,0xfb,0xfb,0xff,0xff,0xff,0xfe,0xff,0xff,0xff,0xfb,0xff,0xff,0xfb,0xff,0xff,0xf6,0xff,0xff,0xff,0xff,0xfc,0xff,0xff,0xff,0xff,0xf9,0xff,0xf9,0xfe,0xff,0xff,
    0xff,0xfd,0xff,0xff,0xfe,0xfc,0xff,0xff,0xff,0xfc,0xff,0xff,0xde,0xcb,0xc2,0xff,0xe8,0xcb,0xbd,0xff,0xdd,0xc6,0xba,0xff,0x30,0x12,0x08,0xff,0x2f,0x15,0x0b,0xff,
    0x30,0x15,0x10,0xfd,0x00,0x00,0x00,0x00,0x00,0x00,0x00,0x00,0x00,0x00,0x00,0x00,0x00,0x00,0x00,0x00,0x00,0x00,0x00,0x00,0x00,0x00,0x00,0x00,0x00,0x00,0x00,0x00,
    0x00,0x00,0x00,0x00,0x00,0x00,0x00,0x00,0x00,0x00,0x00,0x00,0x00,0x00,0x00,0x00,0x00,0x00,0x00,0x00,0x00,0x00,0x00,0x00,0x00,0x00,0x00,0x00,0x00,0x00,0x00,0x00,
    0x00,0x00,0x00,0x00,0x00,0x00,0x00,0x00,0x00,0x00,0x00,0x00,0x00,0x00,0x00,0x00,0x00,0x00,0x00,0x00,0x00,0x00,0x00,0x00,0x00,0x00,0x00,0x00,0x00,0x00,0x00,0x00,
    0x00,0x00,0x00,0x00,0x00,0x00,0x00,0x00,0x00,0x00,0x00,0x00,0x00,0x00,0x00,0x00,0x00,0x00,0x00,0x00,0x00,0x00,0x00,0x00,0x00,0x00,0x00,0x00,0x00,0x00,0x00,0x00,
    0x00,0x00,0x00,0x00,0x00,0x00,0x00,0x00,0x00,0x00,0x00,0x00,0x00,0x00,0x00,0x00,0x00,0x00,0x00,0x00,0x00,0x00,0x00,0x00,0x00,0x00,0x00,0x00,0x00,0x00,0x00,0x00,
    0x00,0x00,0x00,0x00,0x00,0x00,0x00,0x00,0x00,0x00,0x00,0x00,0x00,0x00,0x00,0x00,0x00,0x00,0x00,0x00,0x00,0x00,0x00,0x00,0x00,0x00,0x00,0x00,0x00,0x00,0x00,0x00,
    0x00,0x00,0x00,0x00,0x00,0x00,0x00,0x00,0x00,0x00,0x00,0x00,0x00,0x00,0x00,0x00,0x00,0x00,0x00,0x00,0x00,0x00,0x00,0x00,0x00,0x00,0x00,0x00,0x00,0x00,0x00,0x00,
    0x00,0x00,0x00,0x00,0x00,0x00,0x00,0x00,0x00,0x00,0x00,0x00,0x00,0x00,0x00,0x00,0x00,0x00,0x00,0x00,0x00,0x00,0x00,0x00,0x00,0x00,0x00,0x00,0x00,0x00,0x00,0x00,
    0x00,0x00,0x00,0x00,0x00,0x00,0x00,0x00,0x00,0x00,0x00,0x00,0x00,0x00,0x00,0x00,0x00,0x00,0x00,0x00,0x00,0x00,0x00,0x00,0x00,0x00,0x00,0x00,0x00,0x00,0x00,0x00,
    0x00,0x00,0x00,0x00,0x00,0x00,0x00,0x00,0x00,0x00,0x00,0x00,0x00,0x00,0x00,0x00,0x00,0x00,0x00,0x00,0x00,0x00,0x00,0x00,0x00,0x00,0x00,0x00,0x00,0x00,0x00,0x00,
    0x00,0x00,0x00,0x00,0x00,0x00,0x00,0x00,0x00,0x00,0x00,0x00,0x00,0x00,0x00,0x00,0x25,0x0e,0x0d,0xfe,0x2e,0x11,0x08,0xff,0x37,0x12,0x0d,0xff,0xa5,0x76,0x5b,0xff,
    0x9c,0x72,0x5b,0xff,0xde,0xbc,0xa7,0xff,0xd9,0xb9,0xa2,0xff,0xd7,0xb9,0xa8,0xff,0xed,0xd8,0xc9,0xff,0xe7,0xd3,0xc3,0xff,0xe0,0xd4,0xcb,0xff,0xff,0xfe,0xfb,0xff,
    0xff,0xff,0xff,0xff,0xff,0xff,0xff,0xff,0xff,0xff,0xff,0xff,0xfe,0xfe,0xfe,0xff,0xfe,0xfe,0xfe,0xff,0xfe,0xfe,0xfe,0xff,0xfe,0xfe,0xfe,0xff,0xfd,0xfd,0xfd,0xff,
    0xfe,0xfe,0xfe,0xff,0xfe,0xfe,0xfe,0xff,0xfe,0xfe,0xfe,0xff,0xfe,0xfe,0xfe,0xff,0xfe,0xfe,0xfe,0xff,0xff,0xff,0xff,0xff,0xff,0xff,0xff,0xff,0xff,0xfe,0xff,0xff,
    0xfe,0xff,0xfc,0xff,0xfa,0xff,0xfe,0xff,0xf6,0xfe,0xfe,0xff,0xff,0xfe,0xfe,0xff,0xfc,0xff,0xf8,0xff,0xff,0xfd,0xff,0xff,0xff,0xfd,0xfc,0xff,0xf9,0xfe,0xff,0xff,
    0xfe,0xff,0xfb,0xff,0xfd,0xfe,0xfc,0xff,0xff,0xfe,0xf9,0xff,0xd7,0xc8,0xbd,0xff,0xe2,0xcc,0xbf,0xff,0xe9,0xd0,0xc6,0xff,0x31,0x15,0x07,0xff,0x29,0x14,0x0a,0xff,
    0x30,0x14,0x11,0xfd,0x00,0x00,0x00,0x00,0x00,0x00,0x00,0x00,0x00,0x00,0x00,0x00,0x00,0x00,0x00,0x00,0x00,0x00,0x00,0x00,0x00,0x00,0x00,0x00,0x00,0x00,0x00,0x00,
    0x00,0x00,0x00,0x00,0x00,0x00,0x00,0x00,0x00,0x00,0x00,0x00,0x00,0x00,0x00,0x00,0x00,0x00,0x00,0x00,0x00,0x00,0x00,0x00,0x00,0x00,0x00,0x00,0x00,0x00,0x00,0x00,
    0x00,0x00,0x00,0x00,0x00,0x00,0x00,0x00,0x00,0x00,0x00,0x00,0x00,0x00,0x00,0x00,0x00,0x00,0x00,0x00,0x00,0x00,0x00,0x00,0x00,0x00,0x00,0x00,0x00,0x00,0x00,0x00,
    0x00,0x00,0x00,0x00,0x00,0x00,0x00,0x00,0x00,0x00,0x00,0x00,0x00,0x00,0x00,0x00,0x00,0x00,0x00,0x00,0x00,0x00,0x00,0x00,0x00,0x00,0x00,0x00,0x00,0x00,0x00,0x00,
    0x00,0x00,0x00,0x00,0x00,0x00,0x00,0x00,0x00,0x00,0x00,0x00,0x00,0x00,0x00,0x00,0x00,0x00,0x00,0x00,0x00,0x00,0x00,0x00,0x00,0x00,0x00,0x00,0x00,0x00,0x00,0x00,
    0x00,0x00,0x00,0x00,0x00,0x00,0x00,0x00,0x00,0x00,0x00,0x00,0x00,0x00,0x00,0x00,0x00,0x00,0x00,0x00,0x00,0x00,0x00,0x00,0x00,0x00,0x00,0x00,0x00,0x00,0x00,0x00,
    0x00,0x00,0x00,0x00,0x00,0x00,0x00,0x00,0x00,0x00,0x00,0x00,0x00,0x00,0x00,0x00,0x00,0x00,0x00,0x00,0x00,0x00,0x00,0x00,0x00,0x00,0x00,0x00,0x00,0x00,0x00,0x00,
    0x00,0x00,0x00,0x00,0x00,0x00,0x00,0x00,0x4b,0x3b,0x38,0x85,0x2f,0x12,0x0c,0xff,0x2f,0x17,0x0c,0xff,0x34,0x13,0x0d,0xff,0x2b,0x14,0x0e,0xff,0x2d,0x14,0x0a,0xff,
    0x32,0x13,0x10,0xff,0x31,0x14,0x10,0xff,0x70,0x62,0x5f,0x5b,0x00,0x00,0x00,0x00,0x00,0x00,0x00,0x00,0x00,0x00,0x00,0x00,0x00,0x00,0x00,0x00,0x00,0x00,0x00,0x00,
    0x00,0x00,0x00,0x00,0x00,0x00,0x00,0x00,0x00,0x00,0x00,0x00,0x00,0x00,0x00,0x00,0x00,0x00,0x00,0x00,0x00,0x00,0x00,0x00,0x00,0x00,0x00,0x00,0x00,0x00,0x00,0x00,
    0x00,0x00,0x00,0x00,0x87,0x71,0x71,0x22,0x23,0x0b,0x04,0xee,0x2c,0x0b,0x13,0xee,0x56,0x1f,0x6a,0xff,0x62,0x1b,0x73,0xff,0x55,0x16,0x66,0xff,0x50,0x19,0x27,0xff,
    0x56,0x1a,0x31,0xff,0x75,0x45,0x42,0xff,0x74,0x4e,0x32,0xff,0x75,0x4f,0x39,0xff,0xcd,0xac,0x99,0xff,0xcc,0xa8,0x92,0xff,0xcb,0xb0,0xa0,0xff,0xdf,0xcc,0xc1,0xff,
    0xdd,0xca,0xbc,0xff,0xda,0xc9,0xbe,0xff,0xeb,0xdb,0xd3,0xff,0xea,0xdb,0xd2,0xff,0xeb,0xdb,0xd3,0xff,0xea,0xda,0xd4,0xff,0xea,0xda,0xd4,0xff,0xea,0xda,0xd4,0xff,
    0xeb,0xdb,0xd5,0xff,0xe9,0xdc,0xd7,0xff,0xe7,0xdc,0xd8,0xff,0xe7,0xdb,0xd9,0xff,0xe7,0xdc,0xd8,0xff,0xe7,0xdc,0xd8,0xff,0xe8,0xdd,0xd9,0xff,0xe8,0xdd,0xd8,0xff,
    0xe8,0xdd,0xd9,0xff,0xe8,0xdd,0xd7,0xff,0xe8,0xdc,0xd8,0xff,0xeb,0xdd,0xd4,0xff,0xec,0xdc,0xd3,0xff,0xed,0xdd,0xd4,0xff,0xe8,0xda,0xd1,0xff,0xe8,0xd8,0xd0,0xff,
    0x92,0x7d,0x6c,0xff,0x80,0x67,0x57,0xff,0x85,0x68,0x54,0xff,0x56,0x2c,0x2e,0xff,0x60,0x2b,0x40,0xff,0x63,0x2e,0x3d,0xff,0x3b,0x15,0x0c,0xff,0x27,0x13,0x0b,0xff,
    0x32,0x14,0x0d,0xfd,0x00,0x00,0x00,0x00,0x00,0x00,0x00,0x00,0x00,0x00,0x00,0x00,0x00,0x00,0x00,0x00,0x00,0x00,0x00,0x00,0x00,0x00,0x00,0x00,0x00,0x00,0x00,0x00,
    0x00,0x00,0x00,0x00,0x00,0x00,0x00,0x00,0x00,0x00,0x00,0x00,0x00,0x00,0x00,0x00,0x00,0x00,0x00,0x00,0x00,0x00,0x00,0x00,0x00,0x00,0x00,0x00,0x00,0x00,0x00,0x00,
    0x00,0x00,0x00,0x00,0x00,0x00,0x00,0x00,0x00,0x00,0x00,0x00,0x00,0x00,0x00,0x00,0x00,0x00,0x00,0x00,0x00,0x00,0x00,0x00,0x00,0x00,0x00,0x00,0x00,0x00,0x00,0x00,
    0x00,0x00,0x00,0x00,0x00,0x00,0x00,0x00,0x00,0x00,0x00,0x00,0x00,0x00,0x00,0x00,0x00,0x00,0x00,0x00,0x00,0x00,0x00,0x00,0x00,0x00,0x00,0x00,0x00,0x00,0x00,0x00,
    0x00,0x00,0x00,0x00,0x00,0x00,0x00,0x00,0x00,0x00,0x00,0x00,0x00,0x00,0x00,0x00,0x00,0x00,0x00,0x00,0x00,0x00,0x00,0x00,0x00,0x00,0x00,0x00,0x00,0x00,0x00,0x00,
    0x00,0x00,0x00,0x00,0x00,0x00,0x00,0x00,0x00,0x00,0x00,0x00,0x00,0x00,0x00,0x00,0x00,0x00,0x00,0x00,0x00,0x00,0x00,0x00,0x00,0x00,0x00,0x00,0x00,0x00,0x00,0x00,
    0x00,0x00,0x00,0x00,0x00,0x00,0x00,0x00,0x00,0x00,0x00,0x00,0x00,0x00,0x00,0x00,0x00,0x00,0x00,0x00,0x00,0x00,0x00,0x00,0x00,0x00,0x00,0x00,0x00,0x00,0x00,0x00,
    0x00,0x00,0x00,0x00,0x00,0x00,0x00,0x00,0x4d,0x40,0x3c,0x98,0x2a,0x0d,0x07,0xff,0x2f,0x14,0x0a,0xff,0x30,0x13,0x0e,0xff,0x32,0x17,0x0b,0xff,0x2d,0x17,0x0b,0xff,
    0x34,0x16,0x04,0xff,0x26,0x13,0x0b,0xff,0x78,0x6a,0x68,0x5b,0x00,0x00,0x00,0x00,0x00,0x00,0x00,0x00,0x00,0x00,0x00,0x00,0x00,0x00,0x00,0x00,0x00,0x00,0x00,0x00,
    0x00,0x00,0x00,0x00,0x00,0x00,0x00,0x00,0x00,0x00,0x00,0x00,0x00,0x00,0x00,0x00,0x00,0x00,0x00,0x00,0x00,0x00,0x00,0x00,0x00,0x00,0x00,0x00,0x00,0x00,0x00,0x00,
    0x00,0x00,0x00,0x00,0x52,0x3f,0x45,0x7a,0x39,0x12,0x0d,0xff,0x48,0x0e,0x1f,0xff,0x49,0x0b,0x73,0xff,0x55,0x0c,0x90,0xff,0x56,0x11,0x86,0xff,0x42,0x04,0x34,0xff,
    0x47,0x09,0x2d,0xff,0x5c,0x2c,0x2b,0xff,0x62,0x3a,0x21,0xff,0x60,0x3a,0x22,0xff,0xca,0xa5,0x8f,0xff,0xc8,0xa3,0x8c,0xff,0xcd,0xa9,0x98,0xff,0xdd,0xbf,0xad,0xff,
    0xda,0xbf,0xab,0xff,0xd4,0xbf,0xad,0xff,0xe7,0xd5,0xc8,0xff,0xe5,0xd5,0xca,0xff,0xe6,0xd6,0xca,0xff,0xe6,0xd6,0xc9,0xff,0xe6,0xd6,0xc9,0xff,0xe7,0xd7,0xca,0xff,
    0xe7,0xd7,0xca,0xff,0xea,0xd7,0xcb,0xff,0xea,0xd5,0xcd,0xff,0xeb,0xd6,0xce,0xff,0xea,0xd5,0xcd,0xff,0xeb,0xd6,0xce,0xff,0xec,0xd7,0xcf,0xff,0xec,0xd7,0xcf,0xff,
    0xec,0xd7,0xcf,0xff,0xed,0xd8,0xd0,0xff,0xed,0xd8,0xd0,0xff,0xeb,0xd8,0xd1,0xff,0xe9,0xd8,0xcf,0xff,0xea,0xd7,0xcf,0xff,0xe3,0xd1,0xc6,0xff,0xe3,0xd0,0xc3,0xff,
    0x8d,0x67,0x4d,0xff,0x86,0x5a,0x43,0xff,0x87,0x55,0x42,0xff,0x51,0x14,0x1e,0xff,0x50,0x08,0x2c,0xff,0x43,0x08,0x25,0xff,0x33,0x0f,0x0a,0xff,0x25,0x0f,0x11,0xff,
    0x25,0x14,0x0b,0xfd,0x00,0x00,0x00,0x00,0x00,0x00,0x00,0x00,0x00,0x00,0x00,0x00,0x00,0x00,0x00,0x00,0x00,0x00,0x00,0x00,0x00,0x00,0x00,0x00,0x00,0x00,0x00,0x00,
    0x00,0x00,0x00,0x00,0x00,0x00,0x00,0x00,0x00,0x00,0x00,0x00,0x00,0x00,0x00,0x00,0x00,0x00,0x00,0x00,0x00,0x00,0x00,0x00,0x00,0x00,0x00,0x00,0x00,0x00,0x00,0x00,
    0x00,0x00,0x00,0x00,0x00,0x00,0x00,0x00,0x00,0x00,0x00,0x00,0x00,0x00,0x00,0x00,0x00,0x00,0x00,0x00,0x00,0x00,0x00,0x00,0x00,0x00,0x00,0x00,0x00,0x00,0x00,0x00,
    0x00,0x00,0x00,0x00,0x00,0x00,0x00,0x00,0x00,0x00,0x00,0x00,0x00,0x00,0x00,0x00,0x00,0x00,0x00,0x00,0x00,0x00,0x00,0x00,0x00,0x00,0x00,0x00,0x00,0x00,0x00,0x00,
    0x00,0x00,0x00,0x00,0x00,0x00,0x00,0x00,0x00,0x00,0x00,0x00,0x00,0x00,0x00,0x00,0x00,0x00,0x00,0x00,0x00,0x00,0x00,0x00,0x00,0x00,0x00,0x00,0x00,0x00,0x00,0x00,
    0x00,0x00,0x00,0x00,0x00,0x00,0x00,0x00,0x00,0x00,0x00,0x00,0x00,0x00,0x00,0x00,0x00,0x00,0x00,0x00,0x00,0x00,0x00,0x00,0x00,0x00,0x00,0x00,0x00,0x00,0x00,0x00,
    0x00,0x00,0x00,0x00,0x00,0x00,0x00,0x00,0x00,0x00,0x00,0x00,0x00,0x00,0x00,0x00,0x00,0x00,0x00,0x00,0x00,0x00,0x00,0x00,0x00,0x00,0x00,0x00,0x00,0x00,0x00,0x00,
    0x00,0x00,0x00,0x00,0x00,0x00,0x00,0x00,0x50,0x3e,0x39,0x9d,0x2d,0x15,0x0f,0xff,0x2f,0x13,0x0b,0xff,0x4a,0x71,0xac,0xff,0x41,0x6d,0xac,0xff,0x42,0x6c,0xb2,0xff,
    0x21,0x12,0x17,0xff,0x2a,0x15,0x13,0xff,0x75,0x61,0x5c,0x66,0x00,0x00,0x00,0x00,0x00,0x00,0x00,0x00,0x00,0x00,0x00,0x00,0x00,0x00,0x00,0x00,0x00,0x00,0x00,0x00,
    0x00,0x00,0x00,0x00,0x00,0x00,0x00,0x00,0x00,0x00,0x00,0x00,0x00,0x00,0x00,0x00,0x00,0x00,0x00,0x00,0x00,0x00,0x00,0x00,0x00,0x00,0x00,0x00,0x00,0x00,0x00,0x00,
    0x00,0x00,0x00,0x00,0x5a,0x38,0x3b,0x7a,0x3e,0x12,0x0f,0xff,0x3d,0x07,0x1f,0xff,0x51,0x16,0x83,0xff,0x52,0x08,0x90,0xff,0x51,0x0d,0x7d,0xff,0x3d,0x01,0x41,0xff,
    0x41,0x02,0x47,0xff,0x5a,0x27,0x3b,0xff,0x59,0x2b,0x24,0xff,0x5f,0x30,0x32,0xff,0xdb,0xae,0xa1,0xff,0xcf,0xa5,0x92,0xff,0xc7,0xa1,0x8f,0xff,0xdd,0xb6,0xa8,0xff,
    0xdb,0xb8,0xac,0xff,0xe2,0xc6,0xb8,0xff,0xea,0xd5,0xc9,0xff,0xe7,0xd4,0xca,0xff,0xe7,0xd2,0xcc,0xff,0xe8,0xd2,0xcd,0xff,0xe8,0xd2,0xcd,0xff,0xea,0xd4,0xcf,0xff,
    0xeb,0xd5,0xd0,0xff,0xeb,0xd6,0xd0,0xff,0xea,0xd7,0xd0,0xff,0xea,0xd7,0xd0,0xff,0xe9,0xd6,0xcf,0xff,0xe9,0xd6,0xcf,0xff,0xea,0xd7,0xd0,0xff,0xea,0xd7,0xd0,0xff,
    0xea,0xd7,0xd0,0xff,0xeb,0xd8,0xd1,0xff,0xec,0xd9,0xd2,0xff,0xea,0xd6,0xcf,0xff,0xe9,0xd7,0xcc,0xff,0xea,0xd6,0xcb,0xff,0xe4,0xce,0xc2,0xff,0xe7,0xd1,0xc5,0xff,
    0x89,0x66,0x52,0xff,0x82,0x5a,0x48,0xff,0x7c,0x55,0x48,0xff,0x3f,0x0e,0x23,0xff,0x40,0x07,0x3b,0xff,0x38,0x08,0x34,0xff,0x26,0x08,0x16,0xff,0x29,0x0d,0x1b,0xff,
    0x24,0x11,0x13,0xff,0xb7,0xa3,0xa3,0x27,0xbc,0xb0,0xaa,0x2a,0xbf,0xbf,0xbf,0x04,0x00,0x00,0x00,0x00,0x00,0x00,0x00,0x00,0x00,0x00,0x00,0x00,0x00,0x00,0x00,0x00,
    0x00,0x00,0x00,0x00,0x00,0x00,0x00,0x00,0x00,0x00,0x00,0x00,0x00,0x00,0x00,0x00,0x00,0x00,0x00,0x00,0x00,0x00,0x00,0x00,0x00,0x00,0x00,0x00,0x2d,0x13,0x0f,0xff,
    0x2f,0x11,0x0c,0xff,0x2f,0x14,0x0d,0xff,0x2e,0x15,0x0b,0xff,0x2d,0x14,0x0a,0xff,0x2d,0x13,0x0c,0xff,0x2e,0x15,0x0b,0xff,0x32,0x16,0x0f,0xff,0x2c,0x18,0x13,0xff,
    0x00,0x00,0x00,0x00,0x00,0x00,0x00,0x00,0x00,0x00,0x00,0x00,0x00,0x00,0x00,0x00,0x00,0x00,0x00,0x00,0x00,0x00,0x00,0x00,0x00,0x00,0x00,0x00,0x00,0x00,0x00,0x00,
    0x00,0x00,0x00,0x00,0x00,0x00,0x00,0x00,0x00,0x00,0x00,0x00,0x00,0x00,0x00,0x00,0x00,0x00,0x00,0x00,0x00,0x00,0x00,0x00,0x00,0x00,0x00,0x00,0x00,0x00,0x00,0x00,
    0x00,0x00,0x00,0x00,0x00,0x00,0x00,0x00,0x00,0x00,0x00,0x00,0x00,0x00,0x00,0x00,0x00,0x00,0x00,0x00,0x00,0x00,0x00,0x00,0x00,0x00,0x00,0x00,0x00,0x00,0x00,0x00,
    0x00,0x00,0x00,0x00,0x00,0x00,0x00,0x00,0x00,0x00,0x00,0x00,0x00,0x00,0x00,0x00,0x00,0x00,0x00,0x00,0x00,0x00,0x00,0x00,0x00,0x00,0x00,0x00,0x00,0x00,0x00,0x00,
    0x29,0x13,0x0e,0xff,0x2b,0x15,0x0f,0xff,0x25,0x0f,0x09,0xff,0x2d,0x15,0x0d,0xff,0x31,0x13,0x0e,0xff,0x35,0x69,0xba,0xff,0x2d,0x66,0xb8,0xff,0x2e,0x6d,0xc5,0xff,
    0x23,0x0e,0x0f,0xff,0x30,0x10,0x0a,0xff,0x28,0x0f,0x08,0xff,0x2b,0x17,0x12,0xff,0x29,0x15,0x0e,0xff,0x1d,0x0e,0x0b,0x8e,0x00,0x00,0x00,0x00,0x00,0x00,0x00,0x00,
    0x00,0x00,0x00,0x00,0x00,0x00,0x00,0x00,0x00,0x00,0x00,0x00,0x00,0x00,0x00,0x00,0x00,0x00,0x00,0x00,0x00,0x00,0x00,0x00,0x00,0x00,0x00,0x00,0x00,0x00,0x00,0x00,
    0x00,0x00,0x00,0x00,0x4f,0x3d,0x38,0x7a,0x33,0x12,0x0f,0xff,0x2a,0x08,0x1d,0xff,0x33,0x16,0x76,0xff,0x32,0x10,0x86,0xff,0x30,0x13,0x93,0xff,0x37,0x1d,0xa8,0xff,
    0x2f,0x20,0xa1,0xff,0x29,0x1b,0x76,0xff,0x30,0x15,0x73,0xff,0x3a,0x1e,0x6a,0xff,0x35,0x0a,0x34,0xff,0x3d,0x0c,0x29,0xff,0x3d,0x0a,0x29,0xff,0x4a,0x0d,0x2c,0xff,
    0x54,0x0f,0x2d,0xff,0x4c,0x0e,0x24,0xff,0x42,0x0c,0x1c,0xff,0x3e,0x0d,0x1b,0xff,0x3f,0x0e,0x1a,0xff,0x3f,0x0d,0x17,0xff,0x3f,0x0d,0x17,0xff,0x41,0x0f,0x19,0xff,
    0x41,0x0f,0x19,0xff,0x3e,0x10,0x18,0xff,0x3d,0x11,0x18,0xff,0x3d,0x10,0x18,0xff,0x3b,0x0f,0x16,0xff,0x3b,0x0f,0x16,0xff,0x3b,0x0e,0x17,0xff,0x3b,0x0f,0x18,0xff,
    0x3d,0x10,0x19,0xff,0x3b,0x0f,0x18,0xff,0x3c,0x0f,0x18,0xff,0x3e,0x0d,0x1b,0xff,0x42,0x0e,0x1f,0xff,0x42,0x0e,0x20,0xff,0x45,0x10,0x24,0xff,0x47,0x10,0x29,0xff,
    0x30,0x11,0x3b,0xff,0x2c,0x16,0x4a,0xff,0x25,0x14,0x49,0xff,0x2f,0x1a,0x6b,0xff,0x32,0x18,0x85,0xff,0x34,0x19,0x7f,0xff,0x35,0x27,0xa2,0xff,0x35,0x26,0xb0,0xff,
    0x39,0x30,0x9b,0xff,0x24,0x0f,0x15,0xff,0x2c,0x14,0x04,0xff,0x3f,0x31,0x2c,0xa2,0x00,0x00,0x00,0x00,0x00,0x00,0x00,0x00,0x00,0x00,0x00,0x00,0x00,0x00,0x00,0x00,
    0x00,0x00,0x00,0x00,0x00,0x00,0x00,0x00,0x00,0x00,0x00,0x00,0x00,0x00,0x00,0x00,0x00,0x00,0x00,0x00,0x00,0x00,0x00,0x00,0x00,0x00,0x00,0x00,0x30,0x11,0x0c,0xff,
    0x34,0x13,0x0a,0xff,0x32,0x13,0x0a,0xff,0x33,0x14,0x0b,0xff,0x33,0x14,0x0b,0xff,0x32,0x13,0x0a,0xff,0x33,0x14,0x0b,0xff,0x34,0x16,0x0b,0xff,0x26,0x10,0x0a,0xff,
    0x00,0x00,0x00,0x00,0x00,0x00,0x00,0x00,0x00,0x00,0x00,0x00,0x00,0x00,0x00,0x00,0x00,0x00,0x00,0x00,0x00,0x00,0x00,0x00,0x00,0x00,0x00,0x00,0x00,0x00,0x00,0x00,
    0x00,0x00,0x00,0x00,0x00,0x00,0x00,0x00,0x00,0x00,0x00,0x00,0x00,0x00,0x00,0x00,0x00,0x00,0x00,0x00,0x00,0x00,0x00,0x00,0x00,0x00,0x00,0x00,0x00,0x00,0x00,0x00,
    0x00,0x00,0x00,0x00,0x00,0x00,0x00,0x00,0x00,0x00,0x00,0x00,0x00,0x00,0x00,0x00,0x00,0x00,0x00,0x00,0x00,0x00,0x00,0x00,0x00,0x00,0x00,0x00,0x00,0x00,0x00,0x00,
    0x00,0x00,0x00,0x00,0x00,0x00,0x00,0x00,0x00,0x00,0x00,0x00,0x00,0x00,0x00,0x00,0x00,0x00,0x00,0x00,0x00,0x00,0x00,0x00,0x00,0x00,0x00,0x00,0x00,0x00,0x00,0x00,
    0x32,0x12,0x0c,0xff,0x31,0x12,0x09,0xff,0x2d,0x11,0x0a,0xff,0x2e,0x15,0x0b,0xff,0x2d,0x11,0x0c,0xff,0x34,0x65,0xc0,0xff,0x2e,0x67,0xbb,0xff,0x2a,0x6b,0xc2,0xff,
    0x22,0x12,0x13,0xff,0x27,0x12,0x10,0xff,0x2e,0x14,0x0b,0xff,0x30,0x14,0x0e,0xff,0x30,0x13,0x09,0xff,0x24,0x11,0x11,0x95,0x00,0x00,0x00,0x00,0x00,0x00,0x00,0x00,
    0x00,0x00,0x00,0x00,0x00,0x00,0x00,0x00,0x00,0x00,0x00,0x00,0x00,0x00,0x00,0x00,0x00,0x00,0x00,0x00,0x00,0x00,0x00,0x00,0x00,0x00,0x00,0x00,0x00,0x00,0x00,0x00,
    0x00,0x00,0x00,0x00,0x58,0x3d,0x41,0x7a,0x3d,0x12,0x11,0xff,0x34,0x0a,0x1a,0xff,0x35,0x19,0x79,0xff,0x2a,0x0e,0x85,0xff,0x2b,0x11,0x8c,0xff,0x2d,0x1a,0xb1,0xff,
    0x27,0x1c,0xb9,0xff,0x20,0x10,0x84,0xff,0x28,0x11,0x80,0xff,0x29,0x14,0x72,0xff,0x33,0x05,0x39,0xff,0x49,0x0a,0x29,0xff,0x4e,0x0a,0x2d,0xff,0x53,0x0b,0x2c,0xff,
    0x51,0x0f,0x31,0xff,0x4a,0x10,0x29,0xff,0x42,0x10,0x1d,0xff,0x3f,0x10,0x18,0xff,0x3f,0x0f,0x19,0xff,0x3d,0x0f,0x1b,0xff,0x3d,0x0f,0x1b,0xff,0x3d,0x0f,0x1b,0xff,
    0x3d,0x0f,0x1b,0xff,0x3e,0x0e,0x1c,0xff,0x3f,0x0e,0x1e,0xff,0x3e,0x0d,0x1d,0xff,0x3e,0x0d,0x1d,0xff,0x3e,0x0d,0x1d,0xff,0x3f,0x0e,0x1e,0xff,0x3f,0x0e,0x1e,0xff,
    0x3f,0x0d,0x1f,0xff,0x3f,0x0e,0x1e,0xff,0x40,0x0e,0x20,0xff,0x40,0x0f,0x1d,0xff,0x42,0x11,0x1e,0xff,0x42,0x0e,0x20,0xff,0x42,0x0d,0x28,0xff,0x43,0x0c,0x2d,0xff,
    0x2d,0x0d,0x45,0xff,0x23,0x0f,0x4d,0xff,0x1e,0x0e,0x4f,0xff,0x2e,0x1a,0x7d,0xff,0x25,0x11,0x8f,0xff,0x1d,0x14,0x96,0xff,0x24,0x1b,0xbc,0xff,0x2b,0x1e,0xb9,0xff,
    0x39,0x28,0xab,0xff,0x2a,0x0f,0x17,0xff,0x30,0x13,0x0a,0xff,0x3c,0x29,0x24,0x9a,0x00,0x00,0x00,0x00,0x00,0x00,0x00,0x00,0x00,0x00,0x00,0x00,0x00,0x00,0x00,0x00,
    0x00,0x00,0x00,0x00,0x00,0x00,0x00,0x00,0x00,0x00,0x00,0x00,0x00,0x00,0x00,0x00,0x00,0x00,0x00,0x00,0x00,0x00,0x00,0x00,0x00,0x00,0x00,0x00,0x29,0x14,0x13,0xff,
    0x26,0x13,0x0b,0xff,0x26,0x13,0x0c,0xff,0x27,0x10,0x11,0xff,0x26,0x12,0x11,0xff,0x28,0x10,0x11,0xff,0x29,0x11,0x12,0xff,0x29,0x13,0x12,0xff,0x28,0x15,0x11,0xff,
    0x00,0x00,0x00,0x00,0x00,0x00,0x00,0x00,0x00,0x00,0x00,0x00,0x00,0x00,0x00,0x00,0x00,0x00,0x00,0x00,0x00,0x00,0x00,0x00,0x00,0x00,0x00,0x00,0x00,0x00,0x00,0x00,
    0x00,0x00,0x00,0x00,0x00,0x00,0x00,0x00,0x00,0x00,0x00,0x00,0x00,0x00,0x00,0x00,0x00,0x00,0x00,0x00,0x00,0x00,0x00,0x00,0x00,0x00,0x00,0x00,0x00,0x00,0x00,0x00,
    0x00,0x00,0x00,0x00,0x00,0x00,0x00,0x00,0x00,0x00,0x00,0x00,0x00,0x00,0x00,0x00,0x00,0x00,0x00,0x00,0x00,0x00,0x00,0x00,0x00,0x00,0x00,0x00,0x00,0x00,0x00,0x00,
    0x00,0x00,0x00,0x00,0x00,0x00,0x00,0x00,0x00,0x00,0x00,0x00,0x00,0x00,0x00,0x00,0x00,0x00,0x00,0x00,0xaa,0xaa,0xaa,0x03,0xcc,0xcc,0xcc,0x05,0xaa,0xaa,0xaa,0x06,
    0x2b,0x18,0x19,0xff,0x26,0x13,0x14,0xff,0x26,0x13,0x14,0xff,0x26,0x13,0x14,0xff,0x25,0x13,0x17,0xff,0x36,0x72,0xc2,0xff,0x2b,0x68,0xc2,0xff,0x31,0x66,0xb7,0xff,
    0x1e,0x11,0x23,0xff,0x2c,0x14,0x16,0xff,0x28,0x16,0x16,0xff,0x34,0x14,0x0b,0xff,0x30,0x17,0x04,0xff,0x25,0x12,0x15,0x90,0x00,0x00,0x00,0x00,0x00,0x00,0x00,0x00,
    0x00,0x00,0x00,0x00,0x00,0x00,0x00,0x00,0x00,0x00,0x00,0x00,0x00,0x00,0x00,0x00,0x00,0x00,0x00,0x00,0x00,0x00,0x00,0x00,0x00,0x00,0x00,0x00,0xbf,0xbf,0xbf,0x04,
    0xff,0xff,0xff,0x03,0x5f,0x40,0x4a,0x7c,0x3a,0x10,0x18,0xff,0x32,0x09,0x1b,0xff,0x33,0x14,0x7b,0xff,0x2b,0x0f,0x86,0xff,0x28,0x11,0x85,0xff,0x2b,0x18,0xad,0xff,
    0x27,0x1d,0xb0,0xff,0x15,0x0d,0x86,0xff,0x21,0x15,0x84,0xff,0x2a,0x13,0x7f,0xff,0x2d,0x03,0x4c,0xff,0x3b,0x07,0x41,0xff,0x38,0x06,0x43,0xff,0x41,0x08,0x33,0xff,
    0x41,0x09,0x33,0xff,0x43,0x0c,0x37,0xff,0x37,0x0a,0x2f,0xff,0x33,0x09,0x2f,0xff,0x37,0x0a,0x2f,0xff,0x36,0x0a,0x2d,0xff,0x36,0x0a,0x2d,0xff,0x36,0x0a,0x2d,0xff,
    0x36,0x0a,0x2d,0xff,0x36,0x0a,0x2f,0xff,0x37,0x0a,0x30,0xff,0x37,0x0a,0x30,0xff,0x35,0x09,0x2f,0xff,0x36,0x0a,0x30,0xff,0x36,0x09,0x2f,0xff,0x35,0x09,0x30,0xff,
    0x37,0x09,0x32,0xff,0x35,0x09,0x30,0xff,0x37,0x08,0x31,0xff,0x33,0x0a,0x2e,0xff,0x33,0x0a,0x2e,0xff,0x36,0x0a,0x33,0xff,0x3b,0x0d,0x3c,0xff,0x3c,0x0a,0x3e,0xff,
    0x29,0x11,0x59,0xff,0x17,0x10,0x53,0xff,0x17,0x0d,0x5e,0xff,0x2f,0x19,0x8d,0xff,0x2a,0x12,0x95,0xff,0x1b,0x11,0x94,0xff,0x34,0x20,0xb5,0xff,0x28,0x22,0xb2,0xff,
    0x39,0x26,0xa1,0xff,0x29,0x0e,0x16,0xff,0x2d,0x13,0x08,0xff,0x37,0x28,0x26,0x9a,0x00,0x00,0x00,0x00,0x00,0x00,0x00,0x00,0x00,0x00,0x00,0x00,0x00,0x00,0x00,0x00,
    0x00,0x00,0x00,0x00,0x00,0x00,0x00,0x00,0x00,0x00,0x00,0x00,0x00,0x00,0x00,0x00,0x46,0x2d,0x26,0xe3,0x33,0x18,0x15,0xff,0x27,0x13,0x17,0xff,0x3c,0x4b,0x83,0xff,
    0x3c,0x51,0x8c,0xff,0x31,0x51,0x8c,0xff,0x3d,0x68,0xb0,0xff,0x40,0x6d,0xae,0xff,0x45,0x6c,0xb2,0xff,0x45,0x6b,0xb3,0xff,0x3b,0x6d,0xb6,0xff,0x56,0x6c,0xa6,0xff,
    0x26,0x15,0x15,0xff,0x2e,0x14,0x0b,0xff,0x49,0x40,0x38,0x5b,0x00,0x00,0x00,0x00,0x00,0x00,0x00,0x00,0x00,0x00,0x00,0x00,0x00,0x00,0x00,0x00,0x00,0x00,0x00,0x00,
    0x00,0x00,0x00,0x00,0x00,0x00,0x00,0x00,0x00,0x00,0x00,0x00,0x00,0x00,0x00,0x00,0x00,0x00,0x00,0x00,0x00,0x00,0x00,0x00,0x00,0x00,0x00,0x00,0x00,0x00,0x00,0x00,
    0x00,0x00,0x00,0x00,0x00,0x00,0x00,0x00,0x00,0x00,0x00,0x00,0x00,0x00,0x00,0x00,0x00,0x00,0x00,0x00,0x00,0x00,0x00,0x00,0x00,0x00,0x00,0x00,0x00,0x00,0x00,0x00,
    0x00,0x00,0x00,0x00,0x00,0x00,0x00,0x00,0x00,0x00,0x00,0x00,0x00,0x00,0x00,0x00,0x00,0x00,0x00,0x00,0x27,0x16,0x0c,0xf5,0x2b,0x10,0x08,0xff,0x23,0x13,0x1b,0xff,
    0x1e,0x47,0x94,0xff,0x1d,0x47,0x93,0xff,0x21,0x4a,0x97,0xff,0x1e,0x47,0x94,0xff,0x1e,0x47,0x94,0xff,0x24,0x56,0xaa,0xff,0x2a,0x59,0xa6,0xff,0x1c,0x54,0xa9,0xff,
    0x33,0x6d,0xc6,0xff,0x1e,0x67,0xcb,0xff,0x40,0x5c,0x95,0xff,0x2c,0x0f,0x0c,0xff,0x33,0x17,0x09,0xff,0x37,0x18,0x10,0xff,0x24,0x14,0x0c,0xff,0x2b,0x18,0x11,0xff,
    0x44,0x34,0x31,0x93,0x00,0x00,0x00,0x00,0x00,0x00,0x00,0x00,0x00,0x00,0x00,0x00,0x00,0x00,0x00,0x00,0x00,0x00,0x00,0x00,0x5a,0x4e,0x4e,0x7d,0x27,0x11,0x0c,0xff,
    0x30,0x17,0x10,0xff,0x37,0x10,0x16,0xff,0x3b,0x08,0x18,0xff,0x36,0x08,0x23,0xff,0x34,0x14,0x7b,0xff,0x2c,0x11,0x7f,0xff,0x28,0x0d,0x85,0xff,0x32,0x19,0xaf,0xff,
    0x25,0x15,0xc0,0xff,0x35,0x2e,0xf1,0xff,0x2f,0x33,0xff,0xff,0x21,0x2e,0xfc,0xff,0x27,0x30,0xf1,0xff,0x31,0x37,0xfc,0xff,0x29,0x2d,0xec,0xff,0x1f,0x17,0xc0,0xff,
    0x22,0x1b,0xc3,0xff,0x20,0x1b,0xcf,0xff,0x2a,0x2b,0xed,0xff,0x28,0x2a,0xf2,0xff,0x2a,0x2a,0xf5,0xff,0x29,0x29,0xf2,0xff,0x28,0x29,0xf1,0xff,0x28,0x28,0xf1,0xff,
    0x28,0x28,0xf1,0xff,0x28,0x28,0xf0,0xff,0x28,0x28,0xf0,0xff,0x28,0x28,0xf0,0xff,0x27,0x27,0xef,0xff,0x28,0x28,0xf0,0xff,0x28,0x28,0xf0,0xff,0x28,0x28,0xf0,0xff,
    0x29,0x29,0xf1,0xff,0x29,0x29,0xf1,0xff,0x29,0x29,0xf1,0xff,0x25,0x28,0xf2,0xff,0x25,0x28,0xf2,0xff,0x25,0x28,0xf2,0xff,0x27,0x2b,0xf2,0xff,0x27,0x2a,0xf1,0xff,
    0x26,0x2f,0xfd,0xff,0x21,0x2e,0xfc,0xff,0x31,0x38,0xfd,0xff,0x1e,0x1b,0xcc,0xff,0x24,0x1d,0xbc,0xff,0x30,0x25,0xb5,0xff,0x21,0x0e,0x85,0xff,0x1e,0x12,0x83,0xff,
    0x2b,0x19,0x6f,0xff,0x2c,0x0d,0x16,0xff,0x30,0x12,0x0a,0xff,0x36,0x2a,0x27,0x9d,0x00,0x00,0x00,0x00,0x00,0x00,0x00,0x00,0x00,0x00,0x00,0x00,0x00,0x00,0x00,0x00,
    0x00,0x00,0x00,0x00,0x00,0x00,0x00,0x00,0x00,0x00,0x00,0x00,0x00,0x00,0x00,0x00,0x32,0x29,0x20,0xe5,0x2c,0x12,0x0d,0xff,0x1e,0x0e,0x14,0xff,0x20,0x51,0x8d,0xff,
    0x27,0x4e,0x91,0xff,0x22,0x48,0x97,0xff,0x2a,0x64,0xba,0xff,0x35,0x66,0xbc,0xff,0x2e,0x66,0xc0,0xff,0x29,0x65,0xc2,0xff,0x2f,0x66,0xb7,0xff,0x3e,0x65,0xb3,0xff,
    0x2f,0x13,0x0c,0xff,0x2c,0x12,0x0e,0xff,0x5d,0x4c,0x45,0x6b,0x00,0x00,0x00,0x00,0x00,0x00,0x00,0x00,0x00,0x00,0x00,0x00,0x00,0x00,0x00,0x00,0x00,0x00,0x00,0x00,
    0x00,0x00,0x00,0x00,0x00,0x00,0x00,0x00,0x00,0x00,0x00,0x00,0x00,0x00,0x00,0x00,0x00,0x00,0x00,0x00,0x00,0x00,0x00,0x00,0x00,0x00,0x00,0x00,0x00,0x00,0x00,0x00,
    0x00,0x00,0x00,0x00,0x00,0x00,0x00,0x00,0x00,0x00,0x00,0x00,0x00,0x00,0x00,0x00,0x00,0x00,0x00,0x00,0x00,0x00,0x00,0x00,0x00,0x00,0x00,0x00,0x00,0x00,0x00,0x00,
    0x00,0x00,0x00,0x00,0x00,0x00,0x00,0x00,0x00,0x00,0x00,0x00,0x00,0x00,0x00,0x00,0x00,0x00,0x00,0x00,0x36,0x21,0x17,0xf4,0x37,0x17,0x0e,0xff,0x23,0x15,0x1f,0xff,
    0x20,0x48,0x92,0xff,0x21,0x48,0x93,0xff,0x22,0x49,0x93,0xff,0x21,0x49,0x93,0xff,0x22,0x4a,0x94,0xff,0x29,0x56,0x9f,0xff,0x27,0x59,0xa1,0xff,0x27,0x56,0xa8,0xff,
    0x30,0x67,0xc5,0xff,0x32,0x6a,0xc2,0xff,0x35,0x53,0x95,0xff,0x2b,0x11,0x0e,0xff,0x2a,0x11,0x0c,0xff,0x30,0x11,0x0f,0xff,0x29,0x13,0x0a,0xff,0x2f,0x14,0x09,0xff,
    0x3c,0x2d,0x25,0x88,0x00,0x00,0x00,0x00,0x00,0x00,0x00,0x00,0x00,0x00,0x00,0x00,0x00,0x00,0x00,0x00,0x00,0x00,0x00,0x00,0x62,0x56,0x52,0x7a,0x29,0x10,0x09,0xff,
    0x30,0x14,0x0a,0xff,0x35,0x0f,0x12,0xff,0x38,0x0b,0x1c,0xff,0x2f,0x08,0x2a,0xff,0x32,0x18,0x7d,0xff,0x26,0x13,0x7e,0xff,0x21,0x11,0x85,0xff,0x2a,0x1a,0xaf,0xff,
    0x24,0x1b,0xb2,0xff,0x38,0x36,0xf9,0xff,0x23,0x32,0xfb,0xff,0x29,0x35,0xfb,0xff,0x26,0x35,0xfd,0xff,0x22,0x30,0xfc,0xff,0x31,0x35,0xf2,0xff,0x2a,0x1b,0xbd,0xff,
    0x29,0x1e,0xba,0xff,0x22,0x1a,0xc8,0xff,0x28,0x25,0xf1,0xff,0x29,0x2c,0xf3,0xff,0x2a,0x29,0xf6,0xff,0x26,0x29,0xf0,0xff,0x26,0x29,0xf0,0xff,0x26,0x29,0xf0,0xff,
    0x28,0x2b,0xf2,0xff,0x28,0x2a,0xf1,0xff,0x29,0x29,0xf0,0xff,0x29,0x2a,0xf0,0xff,0x29,0x2a,0xf0,0xff,0x2a,0x2b,0xf1,0xff,0x28,0x2a,0xf0,0xff,0x28,0x2b,0xf1,0xff,
    0x27,0x2a,0xf1,0xff,0x27,0x2a,0xf0,0xff,0x27,0x2a,0xf1,0xff,0x26,0x28,0xee,0xff,0x2b,0x2e,0xf1,0xff,0x2a,0x29,0xf0,0xff,0x2b,0x2b,0xf1,0xff,0x2a,0x29,0xf0,0xff,
    0x30,0x36,0xf4,0xff,0x2e,0x35,0xfd,0xff,0x32,0x30,0xfa,0xff,0x22,0x18,0xcb,0xff,0x2c,0x1c,0xc0,0xff,0x28,0x20,0xb9,0xff,0x24,0x10,0x85,0xff,0x28,0x14,0x82,0xff,
    0x30,0x1b,0x76,0xff,0x2a,0x14,0x13,0xff,0x30,0x14,0x0f,0xff,0x31,0x23,0x1f,0x9b,0x00,0x00,0x00,0x00,0x00,0x00,0x00,0x00,0x00,0x00,0x00,0x00,0x00,0x00,0x00,0x00,
    0x00,0x00,0x00,0x00,0x00,0x00,0x00,0x00,0x00,0x00,0x00,0x00,0x00,0x00,0x00,0x00,0x3c,0x29,0x1f,0xe5,0x31,0x14,0x09,0xff,0x22,0x13,0x14,0xff,0x28,0x51,0x93,0xff,
    0x22,0x4f,0x92,0xff,0x1c,0x4d,0x99,0xff,0x30,0x6a,0xb5,0xff,0x2c,0x64,0xbd,0xff,0x25,0x66,0xbf,0xff,0x25,0x64,0xb8,0xff,0x2f,0x67,0xb7,0xff,0x3e,0x69,0xbd,0xff,
    0x37,0x1d,0x10,0xff,0x28,0x14,0x12,0xff,0x50,0x47,0x47,0x6c,0x00,0x00,0x00,0x00,0x00,0x00,0x00,0x00,0x00,0x00,0x00,0x00,0x00,0x00,0x00,0x00,0x00,0x00,0x00,0x00,
    0x00,0x00,0x00,0x00,0x00,0x00,0x00,0x00,0x00,0x00,0x00,0x00,0x00,0x00,0x00,0x00,0x00,0x00,0x00,0x00,0x00,0x00,0x00,0x00,0x00,0x00,0x00,0x00,0x00,0x00,0x00,0x00,
    0x00,0x00,0x00,0x00,0x00,0x00,0x00,0x00,0x00,0x00,0x00,0x00,0x00,0x00,0x00,0x00,0x00,0x00,0x00,0x00,0x00,0x00,0x00,0x00,0x00,0x00,0x00,0x00,0x00,0x00,0x00,0x00,
    0x00,0x00,0x00,0x00,0x00,0x00,0x00,0x00,0x00,0x00,0x00,0x00,0x00,0x00,0x00,0x00,0x00,0x00,0x00,0x00,0x1b,0x0f,0x0b,0x86,0x1a,0x0b,0x09,0x91,0x20,0x16,0x17,0x99,
    0x39,0x44,0x6e,0xff,0x38,0x43,0x6d,0xff,0x38,0x43,0x6d,0xff,0x3b,0x46,0x70,0xff,0x3a,0x46,0x6f,0xff,0x31,0x4c,0x92,0xff,0x24,0x53,0xa1,0xff,0x20,0x4b,0x9d,0xff,
    0x29,0x5e,0xac,0xff,0x31,0x67,0xb3,0xff,0x36,0x4d,0x8d,0xff,0x13,0x24,0x4b,0xff,0x1a,0x23,0x44,0xff,0x27,0x23,0x3d,0xff,0x2e,0x18,0x11,0xff,0x2e,0x11,0x09,0xff,
    0x40,0x31,0x2b,0x88,0x00,0x00,0x00,0x00,0x00,0x00,0x00,0x00,0x00,0x00,0x00,0x00,0x8e,0x7f,0x7d,0x56,0x8e,0x81,0x7b,0x5f,0x81,0x69,0x62,0xa2,0x4e,0x32,0x24,0xff,
    0x55,0x3a,0x2a,0xff,0x50,0x27,0x24,0xff,0x5a,0x2a,0x2d,0xff,0x4e,0x29,0x2b,0xff,0x34,0x1b,0x5a,0xff,0x32,0x19,0x5e,0xff,0x23,0x10,0x60,0xff,0x2b,0x16,0xad,0xff,
    0x2b,0x1c,0xa4,0xff,0x3d,0x30,0xda,0xff,0x2b,0x2c,0xe1,0xff,0x2e,0x2f,0xea,0xff,0x2f,0x2f,0xe6,0xff,0x2b,0x2b,0xe6,0xff,0x36,0x33,0xe3,0xff,0x2e,0x1d,0xb2,0xff,
    0x2a,0x1f,0xa4,0xff,0x26,0x1e,0xb8,0xff,0x2f,0x28,0xea,0xff,0x2f,0x2f,0xe7,0xff,0x32,0x2c,0xf2,0xff,0x2c,0x29,0xf1,0xff,0x2b,0x28,0xf0,0xff,0x2c,0x29,0xf1,0xff,
    0x2d,0x2a,0xf2,0xff,0x2d,0x2a,0xf2,0xff,0x2c,0x29,0xf1,0xff,0x2c,0x29,0xf1,0xff,0x2c,0x29,0xf1,0xff,0x2d,0x2a,0xf2,0xff,0x2c,0x29,0xf1,0xff,0x2d,0x2a,0xf2,0xff,
    0x2c,0x29,0xf1,0xff,0x2c,0x29,0xf1,0xff,0x2c,0x29,0xf1,0xff,0x2c,0x2b,0xf1,0xff,0x29,0x29,0xef,0xff,0x2c,0x29,0xed,0xff,0x2d,0x2a,0xea,0xff,0x32,0x2d,0xeb,0xff,
    0x31,0x30,0xe0,0xff,0x2e,0x31,0xe0,0xff,0x2f,0x32,0xda,0xff,0x1b,0x17,0xaf,0xff,0x29,0x21,0xaa,0xff,0x2c,0x21,0xa5,0xff,0x32,0x1b,0x67,0xff,0x2c,0x15,0x66,0xff,
    0x2f,0x1b,0x5b,0xff,0x40,0x1d,0x18,0xff,0x43,0x1d,0x11,0xff,0x94,0x7d,0x72,0x72,0x8d,0x7d,0x7a,0x5c,0x8c,0x7e,0x78,0x5b,0xaa,0xaa,0xaa,0x03,0x00,0x00,0x00,0x00,
    0x00,0x00,0x00,0x00,0x00,0x00,0x00,0x00,0x00,0x00,0x00,0x00,0x00,0x00,0x00,0x00,0x3f,0x26,0x26,0xe5,0x33,0x12,0x0f,0xff,0x1a,0x0a,0x18,0xff,0x32,0x59,0xae,0xff,
    0x2e,0x5d,0xb4,0xff,0x33,0x67,0xbd,0xff,0x12,0x35,0x7b,0xff,0x0c,0x2d,0x74,0xff,0x2b,0x34,0x5e,0xff,0x1e,0x0e,0x16,0xff,0x13,0x0c,0x10,0xff,0x17,0x0e,0x1c,0xff,
    0xe6,0xcc,0xcc,0x0a,0xe6,0xcc,0xcc,0x0a,0xff,0xff,0xff,0x02,0x00,0x00,0x00,0x00,0x00,0x00,0x00,0x00,0x00,0x00,0x00,0x00,0x00,0x00,0x00,0x00,0x00,0x00,0x00,0x00,
    0x00,0x00,0x00,0x00,0x00,0x00,0x00,0x00,0x00,0x00,0x00,0x00,0x00,0x00,0x00,0x00,0x00,0x00,0x00,0x00,0x00,0x00,0x00,0x00,0x00,0x00,0x00,0x00,0x00,0x00,0x00,0x00,
    0x00,0x00,0x00,0x00,0x00,0x00,0x00,0x00,0x00,0x00,0x00,0x00,0x00,0x00,0x00,0x00,0x00,0x00,0x00,0x00,0x00,0x00,0x00,0x00,0x00,0x00,0x00,0x00,0x00,0x00,0x00,0x00,
    0x00,0x00,0x00,0x00,0x00,0x00,0x00,0x00,0x00,0x00,0x00,0x00,0x00,0x00,0x00,0x00,0x00,0x00,0x00,0x00,0x00,0x00,0x00,0x00,0x00,0x00,0x00,0x00,0x00,0x00,0x00,0x00,
    0x2e,0x11,0x0c,0xff,0x2d,0x12,0x0a,0xff,0x2e,0x11,0x0c,0xff,0x2d,0x12,0x0a,0xff,0x2d,0x11,0x0c,0xff,0x1e,0x2d,0x57,0xff,0x12,0x2c,0x5c,0xff,0x1a,0x2c,0x63,0xff,
    0x27,0x47,0x8b,0xff,0x1b,0x44,0x95,0xff,0x26,0x51,0xa0,0xff,0x27,0x64,0xbc,0xff,0x2c,0x61,0xb2,0xff,0x38,0x4e,0x84,0xff,0x2c,0x14,0x0e,0xff,0x30,0x13,0x0e,0xff,
    0x43,0x32,0x2f,0x9d,0x00,0x00,0x00,0x00,0x00,0x00,0x00,0x00,0x00,0x00,0x00,0x00,0x2f,0x16,0x11,0xff,0x2a,0x0c,0x05,0xff,0x82,0x60,0x53,0xff,0xcb,0xa6,0x94,0xff,
    0xc7,0xa4,0x8d,0xff,0xaf,0x83,0x6f,0xff,0xae,0x7f,0x63,0xff,0xa5,0x7f,0x5e,0xff,0x2a,0x0e,0x1c,0xff,0x26,0x0f,0x1d,0xff,0x20,0x0e,0x23,0xff,0x26,0x11,0x89,0xff,
    0x22,0x16,0x7f,0xff,0x2f,0x21,0xaf,0xff,0x25,0x20,0xbd,0xff,0x26,0x1e,0xba,0xff,0x2a,0x1f,0xb7,0xff,0x2a,0x1f,0xc1,0xff,0x29,0x1f,0xb8,0xff,0x26,0x16,0x90,0xff,
    0x25,0x19,0x82,0xff,0x1e,0x14,0x97,0xff,0x2a,0x1f,0xd1,0xff,0x25,0x20,0xca,0xff,0x28,0x25,0xe1,0xff,0x24,0x27,0xed,0xff,0x25,0x29,0xef,0xff,0x27,0x2b,0xf1,0xff,
    0x27,0x2b,0xf1,0xff,0x27,0x2b,0xf0,0xff,0x27,0x2b,0xf0,0xff,0x27,0x2b,0xf0,0xff,0x26,0x2a,0xf0,0xff,0x27,0x2b,0xf1,0xff,0x26,0x2b,0xf0,0xff,0x26,0x2c,0xf1,0xff,
    0x26,0x2b,0xf0,0xff,0x25,0x2b,0xf0,0xff,0x25,0x2b,0xf0,0xff,0x29,0x29,0xf2,0xff,0x29,0x28,0xf0,0xff,0x2b,0x28,0xea,0xff,0x26,0x21,0xd6,0xff,0x27,0x23,0xcf,0xff,
    0x25,0x18,0xb1,0xff,0x25,0x19,0xad,0xff,0x28,0x1d,0xa9,0xff,0x21,0x0f,0x8c,0xff,0x27,0x11,0x80,0xff,0x29,0x14,0x7c,0xff,0x27,0x17,0x2d,0xff,0x28,0x11,0x35,0xff,
    0x27,0x15,0x27,0xff,0x68,0x43,0x2f,0xff,0x76,0x47,0x30,0xff,0x4d,0x2c,0x1b,0xff,0x32,0x16,0x0c,0xff,0x2b,0x13,0x0b,0xff,0x8a,0x7c,0x75,0x23,0x00,0x00,0x00,0x00,
    0x00,0x00,0x00,0x00,0x00,0x00,0x00,0x00,0x00,0x00,0x00,0x00,0x00,0x00,0x00,0x00,0x40,0x29,0x23,0xe4,0x2e,0x12,0x06,0xff,0x1b,0x10,0x14,0xff,0x2b,0x62,0xb2,0xff,
    0x28,0x61,0xb0,0xff,0x2e,0x62,0xac,0xff,0x19,0x36,0x71,0xff,0x11,0x35,0x73,0xff,0x2e,0x36,0x5a,0xff,0x30,0x15,0x0a,0xff,0x32,0x14,0x0a,0xff,0x36,0x18,0x0f,0xff,
    0x00,0x00,0x00,0x00,0x00,0x00,0x00,0x00,0x00,0x00,0x00,0x00,0x00,0x00,0x00,0x00,0x00,0x00,0x00,0x00,0x00,0x00,0x00,0x00,0x00,0x00,0x00,0x00,0x00,0x00,0x00,0x00,
    0x00,0x00,0x00,0x00,0x00,0x00,0x00,0x00,0x00,0x00,0x00,0x00,0x00,0x00,0x00,0x00,0x00,0x00,0x00,0x00,0x00,0x00,0x00,0x00,0x00,0x00,0x00,0x00,0x00,0x00,0x00,0x00,
    0x00,0x00,0x00,0x00,0x00,0x00,0x00,0x00,0x00,0x00,0x00,0x00,0x00,0x00,0x00,0x00,0x00,0x00,0x00,0x00,0x00,0x00,0x00,0x00,0x00,0x00,0x00,0x00,0x00,0x00,0x00,0x00,
    0x00,0x00,0x00,0x00,0x00,0x00,0x00,0x00,0x00,0x00,0x00,0x00,0x00,0x00,0x00,0x00,0x00,0x00,0x00,0x00,0x00,0x00,0x00,0x00,0x00,0x00,0x00,0x00,0x00,0x00,0x00,0x00,
    0x2f,0x12,0x0c,0xff,0x2e,0x12,0x0b,0xff,0x2d,0x10,0x0a,0xff,0x2d,0x11,0x0a,0xff,0x2e,0x12,0x0c,0xff,0x23,0x2d,0x53,0xff,0x12,0x28,0x5a,0xff,0x11,0x27,0x59,0xff,
    0x24,0x46,0x89,0xff,0x23,0x48,0x8e,0xff,0x18,0x50,0xa1,0xff,0x27,0x5e,0xbc,0xff,0x27,0x63,0xb8,0xff,0x39,0x53,0x86,0xff,0x33,0x14,0x0b,0xff,0x2e,0x15,0x08,0xff,
    0x44,0x37,0x2d,0x9a,0x00,0x00,0x00,0x00,0x00,0x00,0x00,0x00,0x00,0x00,0x00,0x00,0x26,0x13,0x0d,0xff,0x2d,0x12,0x09,0xff,0x7e,0x64,0x54,0xff,0xc2,0xa6,0x92,0xff,
    0xc6,0xa7,0x8f,0xff,0xb3,0x8e,0x77,0xff,0xa7,0x7f,0x63,0xff,0x9a,0x77,0x65,0xff,0x2d,0x12,0x1e,0xff,0x20,0x0f,0x1d,0xff,0x1e,0x0e,0x30,0xff,0x27,0x10,0x8d,0xff,
    0x23,0x16,0x87,0xff,0x33,0x22,0xb6,0xff,0x28,0x1b,0xbf,0xff,0x2c,0x1a,0xc1,0xff,0x2b,0x1d,0xbd,0xff,0x2e,0x1e,0xc0,0xff,0x31,0x21,0xb0,0xff,0x22,0x14,0x8c,0xff,
    0x24,0x16,0x8b,0xff,0x1c,0x14,0x9a,0xff,0x2a,0x1e,0xcb,0xff,0x26,0x21,0xcb,0xff,0x24,0x22,0xd9,0xff,0x27,0x27,0xef,0xff,0x29,0x2a,0xf0,0xff,0x29,0x2a,0xef,0xff,
    0x28,0x28,0xf1,0xff,0x29,0x29,0xf0,0xff,0x2a,0x2b,0xf0,0xff,0x2a,0x2a,0xf1,0xff,0x2a,0x29,0xf0,0xff,0x29,0x29,0xf0,0xff,0x28,0x28,0xf1,0xff,0x27,0x28,0xf1,0xff,
    0x27,0x28,0xf1,0xff,0x28,0x29,0xf2,0xff,0x28,0x29,0xf2,0xff,0x28,0x2a,0xf0,0xff,0x29,0x2b,0xf0,0xff,0x30,0x2f,0xeb,0xff,0x26,0x20,0xce,0xff,0x29,0x21,0xc7,0xff,
    0x27,0x1c,0xb6,0xff,0x27,0x1a,0xb5,0xff,0x28,0x1a,0xac,0xff,0x20,0x10,0x87,0xff,0x24,0x15,0x7d,0xff,0x2d,0x14,0x7c,0xff,0x22,0x14,0x2d,0xff,0x29,0x12,0x34,0xff,
    0x2e,0x1a,0x2a,0xff,0x65,0x49,0x32,0xff,0x70,0x45,0x2f,0xff,0x4a,0x28,0x1a,0xff,0x32,0x15,0x0b,0xff,0x30,0x15,0x0d,0xff,0x7c,0x6d,0x6d,0x23,0x00,0x00,0x00,0x00,
    0x00,0x00,0x00,0x00,0x88,0x77,0x77,0x0f,0x64,0x4e,0x48,0x2e,0x5d,0x57,0x5d,0x29,0x32,0x27,0x33,0xe7,0x1b,0x11,0x1f,0xff,0x12,0x12,0x2b,0xff,0x34,0x62,0xaf,0xff,
    0x2e,0x60,0xaf,0xff,0x27,0x5e,0xb0,0xff,0x18,0x36,0x73,0xff,0x1c,0x39,0x72,0xff,0x26,0x2f,0x55,0xff,0x32,0x19,0x0e,0xff,0x32,0x16,0x09,0xff,0x2a,0x18,0x10,0xff,
    0x00,0x00,0x00,0x00,0x00,0x00,0x00,0x00,0x00,0x00,0x00,0x00,0x00,0x00,0x00,0x00,0x00,0x00,0x00,0x00,0x00,0x00,0x00,0x00,0x00,0x00,0x00,0x00,0x00,0x00,0x00,0x00,
    0x00,0x00,0x00,0x00,0x00,0x00,0x00,0x00,0x00,0x00,0x00,0x00,0x00,0x00,0x00,0x00,0x00,0x00,0x00,0x00,0x00,0x00,0x00,0x00,0x00,0x00,0x00,0x00,0x00,0x00,0x00,0x00,
    0x00,0x00,0x00,0x00,0x00,0x00,0x00,0x00,0x00,0x00,0x00,0x00,0x00,0x00,0x00,0x00,0x00,0x00,0x00,0x00,0x00,0x00,0x00,0x00,0x00,0x00,0x00,0x00,0x00,0x00,0x00,0x00,
    0x00,0x00,0x00,0x00,0x00,0x00,0x00,0x00,0x00,0x00,0x00,0x00,0x00,0x00,0x00,0x00,0x00,0x00,0x00,0x00,0x00,0x00,0x00,0x00,0x00,0x00,0x00,0x00,0x00,0x00,0x00,0x00,
    0x83,0x73,0x6d,0x52,0x7f,0x6f,0x6c,0x4e,0x7f,0x6e,0x6b,0x4a,0x7e,0x6f,0x6c,0x47,0x84,0x72,0x72,0x38,0x22,0x1f,0x30,0xff,0x18,0x19,0x2f,0xff,0x16,0x16,0x2b,0xff,
    0x23,0x27,0x43,0xff,0x25,0x2a,0x46,0xff,0x15,0x2b,0x56,0xff,0x19,0x43,0x91,0xff,0x1e,0x4c,0x96,0xff,0x1e,0x43,0x84,0xff,0x33,0x44,0x71,0xff,0x2f,0x45,0x76,0xff,
    0x43,0x41,0x5b,0xf3,0x48,0x39,0x34,0xdb,0x46,0x36,0x3d,0xd8,0xc5,0xae,0xa2,0x2c,0x66,0x41,0x33,0xff,0x6b,0x42,0x33,0xff,0xaa,0x86,0x75,0xff,0xe2,0xc3,0xb1,0xff,
    0xe7,0xc6,0xb2,0xff,0xdd,0xb8,0xa6,0xff,0xe0,0xb6,0xa7,0xff,0xd9,0xb6,0xb3,0xff,0x2a,0x0f,0x2b,0xff,0x21,0x0f,0x30,0xff,0x22,0x0f,0x3e,0xff,0x25,0x0f,0x78,0xff,
    0x23,0x10,0x76,0xff,0x21,0x0f,0x7d,0xff,0x17,0x0a,0x73,0xff,0x18,0x0a,0x6b,0xff,0x17,0x0b,0x70,0xff,0x15,0x0b,0x6f,0xff,0x18,0x0b,0x70,0xff,0x21,0x0e,0x82,0xff,
    0x21,0x12,0x7f,0xff,0x1d,0x11,0x8b,0xff,0x20,0x12,0xa6,0xff,0x1f,0x17,0xa5,0xff,0x21,0x19,0xb7,0xff,0x20,0x19,0xc7,0xff,0x24,0x1e,0xca,0xff,0x21,0x1b,0xc7,0xff,
    0x21,0x1a,0xc9,0xff,0x21,0x1b,0xc8,0xff,0x22,0x1c,0xc8,0xff,0x22,0x1c,0xc8,0xff,0x21,0x1a,0xc7,0xff,0x21,0x1a,0xc9,0xff,0x21,0x1a,0xc9,0xff,0x21,0x1b,0xca,0xff,
    0x22,0x1b,0xca,0xff,0x22,0x1b,0xca,0xff,0x22,0x1b,0xca,0xff,0x23,0x1c,0xcc,0xff,0x23,0x1f,0xca,0xff,0x26,0x1f,0xbd,0xff,0x1f,0x12,0xa2,0xff,0x21,0x11,0xa0,0xff,
    0x1a,0x0c,0x82,0xff,0x1a,0x0c,0x7d,0xff,0x1e,0x0d,0x78,0xff,0x27,0x10,0x67,0xff,0x2d,0x12,0x5e,0xff,0x33,0x1b,0x64,0xff,0xdb,0xd7,0xdd,0xff,0xe0,0xd8,0xea,0xff,
    0xea,0xe1,0xe8,0xff,0xc6,0xab,0x96,0xff,0xd0,0xa8,0x92,0xff,0x98,0x7c,0x6c,0xff,0x30,0x12,0x0d,0xff,0x2e,0x10,0x0e,0xff,0x47,0x36,0x36,0x4b,0x00,0x00,0x00,0x00,
    0x00,0x00,0x00,0x00,0x36,0x25,0x21,0xcf,0x2f,0x15,0x06,0xff,0x28,0x13,0x15,0xff,0x43,0x5d,0x98,0xff,0x2d,0x63,0xb8,0xff,0x30,0x62,0xb2,0xff,0x18,0x3e,0x7f,0xff,
    0x16,0x43,0x8c,0xff,0x25,0x4d,0x8d,0xff,0x22,0x1f,0x3b,0xff,0x1b,0x1e,0x33,0xff,0x25,0x21,0x33,0xf1,0x7a,0x71,0x6e,0x56,0x83,0x76,0x70,0x50,0x7e,0x74,0x74,0x4d,
    0x00,0x00,0x00,0x00,0x00,0x00,0x00,0x00,0x00,0x00,0x00,0x00,0x00,0x00,0x00,0x00,0x00,0x00,0x00,0x00,0x00,0x00,0x00,0x00,0x00,0x00,0x00,0x00,0x00,0x00,0x00,0x00,
    0x00,0x00,0x00,0x00,0x00,0x00,0x00,0x00,0x00,0x00,0x00,0x00,0x00,0x00,0x00,0x00,0x00,0x00,0x00,0x00,0x00,0x00,0x00,0x00,0x00,0x00,0x00,0x00,0x00,0x00,0x00,0x00,
    0x00,0x00,0x00,0x00,0x00,0x00,0x00,0x00,0x00,0x00,0x00,0x00,0x00,0x00,0x00,0x00,0x00,0x00,0x00,0x00,0x00,0x00,0x00,0x00,0x00,0x00,0x00,0x00,0x00,0x00,0x00,0x00,
    0x00,0x00,0x00,0x00,0x00,0x00,0x00,0x00,0x00,0x00,0x00,0x00,0x00,0x00,0x00,0x00,0x00,0x00,0x00,0x00,0x00,0x00,0x00,0x00,0x00,0x00,0x00,0x00,0x00,0x00,0x00,0x00,
    0x00,0x00,0x00,0x00,0x00,0x00,0x00,0x00,0x00,0x00,0x00,0x00,0x00,0x00,0x00,0x00,0x00,0x00,0x00,0x00,0x2b,0x17,0x13,0xff,0x2e,0x13,0x0d,0xff,0x2d,0x11,0x0f,0xff,
    0x30,0x13,0x0b,0xff,0x2e,0x12,0x0c,0xff,0x17,0x19,0x2e,0xff,0x16,0x39,0x7c,0xff,0x1a,0x3d,0x7c,0xff,0x1a,0x48,0x96,0xff,0x24,0x60,0xbc,0xff,0x23,0x60,0xb1,0xff,
    0x2f,0x3b,0x65,0xff,0x2e,0x17,0x06,0xff,0x2c,0x13,0x0e,0xff,0x35,0x19,0x03,0xff,0x87,0x5b,0x42,0xff,0x8a,0x5c,0x44,0xff,0xc0,0x9e,0x87,0xff,0xe7,0xcd,0xbb,0xff,
    0xe2,0xc9,0xb8,0xff,0xdd,0xc4,0xb3,0xff,0xe0,0xc7,0xb4,0xff,0xd5,0xc6,0xb6,0xff,0x22,0x12,0x36,0xff,0x16,0x09,0x42,0xff,0x14,0x06,0x48,0xff,0x20,0x11,0x72,0xff,
    0x21,0x13,0x74,0xff,0x19,0x0b,0x57,0xff,0x1b,0x0e,0x50,0xff,0x1d,0x0e,0x53,0xff,0x1d,0x0f,0x51,0xff,0x1b,0x11,0x4a,0xff,0x1b,0x0f,0x56,0xff,0x26,0x12,0x76,0xff,
    0x21,0x16,0x74,0xff,0x1f,0x13,0x7d,0xff,0x26,0x18,0x95,0xff,0x24,0x17,0x99,0xff,0x2c,0x1c,0xb4,0xff,0x27,0x1b,0xbd,0xff,0x27,0x1c,0xbc,0xff,0x28,0x1d,0xbd,0xff,
    0x29,0x1c,0xbe,0xff,0x28,0x1c,0xbe,0xff,0x27,0x1d,0xbd,0xff,0x27,0x1c,0xbd,0xff,0x27,0x1c,0xbe,0xff,0x27,0x1c,0xbe,0xff,0x26,0x1c,0xc0,0xff,0x26,0x1c,0xc0,0xff,
    0x26,0x1c,0xc0,0xff,0x26,0x1c,0xc0,0xff,0x27,0x1c,0xc0,0xff,0x27,0x1b,0xc3,0xff,0x28,0x1d,0xc2,0xff,0x28,0x1e,0xb0,0xff,0x20,0x15,0x94,0xff,0x25,0x17,0x93,0xff,
    0x1c,0x10,0x64,0xff,0x1d,0x12,0x58,0xff,0x24,0x11,0x56,0xff,0x33,0x11,0x50,0xff,0x40,0x13,0x4f,0xff,0x3f,0x20,0x54,0xff,0xfd,0xfa,0xfa,0xff,0xfd,0xfd,0xff,0xff,
    0xff,0xfd,0xf7,0xff,0xd4,0xba,0xa4,0xff,0xe0,0xba,0xa3,0xff,0xa3,0x85,0x78,0xff,0x32,0x11,0x0b,0xff,0x33,0x15,0x10,0xff,0x36,0x27,0x22,0x89,0x00,0x00,0x00,0x00,
    0x00,0x00,0x00,0x00,0x3f,0x25,0x27,0xd0,0x34,0x13,0x09,0xff,0x23,0x13,0x14,0xff,0x32,0x5b,0x99,0xff,0x2d,0x63,0xb6,0xff,0x2b,0x61,0xb7,0xff,0x1c,0x3e,0x7d,0xff,
    0x1a,0x3d,0x7f,0xff,0x35,0x44,0x6d,0xff,0x34,0x13,0x07,0xff,0x32,0x19,0x0c,0xff,0x3c,0x2b,0x23,0xe9,0x00,0x00,0x00,0x00,0x00,0x00,0x00,0x00,0x00,0x00,0x00,0x00,
    0x00,0x00,0x00,0x00,0x00,0x00,0x00,0x00,0x00,0x00,0x00,0x00,0x00,0x00,0x00,0x00,0x00,0x00,0x00,0x00,0x00,0x00,0x00,0x00,0x00,0x00,0x00,0x00,0x00,0x00,0x00,0x00,
    0x00,0x00,0x00,0x00,0x00,0x00,0x00,0x00,0x00,0x00,0x00,0x00,0x00,0x00,0x00,0x00,0x00,0x00,0x00,0x00,0x00,0x00,0x00,0x00,0x00,0x00,0x00,0x00,0x00,0x00,0x00,0x00,
    0x00,0x00,0x00,0x00,0x00,0x00,0x00,0x00,0x00,0x00,0x00,0x00,0x00,0x00,0x00,0x00,0x00,0x00,0x00,0x00,0x00,0x00,0x00,0x00,0x00,0x00,0x00,0x00,0x00,0x00,0x00,0x00,
    0x00,0x00,0x00,0x00,0x00,0x00,0x00,0x00,0x00,0x00,0x00,0x00,0x00,0x00,0x00,0x00,0x00,0x00,0x00,0x00,0x00,0x00,0x00,0x00,0x00,0x00,0x00,0x00,0x00,0x00,0x00,0x00,
    0x00,0x00,0x00,0x00,0x00,0x00,0x00,0x00,0x00,0x00,0x00,0x00,0x00,0x00,0x00,0x00,0x00,0x00,0x00,0x00,0x2b,0x17,0x0c,0xff,0x34,0x17,0x08,0xff,0x2c,0x13,0x0f,0xff,
    0x32,0x15,0x08,0xff,0x2b,0x13,0x0a,0xff,0x22,0x1e,0x2a,0xff,0x28,0x3d,0x7b,0xff,0x22,0x40,0x77,0xff,0x1d,0x48,0x8e,0xff,0x32,0x5e,0xb2,0xff,0x2f,0x63,0xba,0xff,
    0x2f,0x3b,0x6e,0xff,0x2f,0x12,0x0c,0xff,0x2e,0x11,0x0e,0xff,0x2b,0x10,0x08,0xff,0x83,0x59,0x43,0xff,0x89,0x5c,0x47,0xff,0xb7,0x96,0x83,0xff,0xde,0xc7,0xbc,0xff,
    0xdb,0xc7,0xbe,0xff,0xdf,0xc8,0xb9,0xff,0xdf,0xc4,0xc2,0xff,0xd2,0xbf,0xc2,0xff,0x1b,0x09,0x35,0xff,0x16,0x09,0x45,0xff,0x15,0x04,0x50,0xff,0x23,0x0f,0x7a,0xff,
    0x1b,0x0f,0x7a,0xff,0x16,0x07,0x58,0xff,0x1f,0x0c,0x5d,0xff,0x1a,0x0e,0x63,0xff,0x19,0x0b,0x54,0xff,0x1c,0x0e,0x50,0xff,0x18,0x09,0x5b,0xff,0x24,0x14,0x72,0xff,
    0x22,0x13,0x79,0xff,0x1e,0x0f,0x7d,0xff,0x2a,0x19,0x94,0xff,0x28,0x1a,0x9b,0xff,0x2e,0x1c,0xb1,0xff,0x2f,0x1f,0xb8,0xff,0x2d,0x1e,0xb4,0xff,0x2e,0x1f,0xb5,0xff,
    0x30,0x21,0xb9,0xff,0x30,0x20,0xb9,0xff,0x2f,0x20,0xb7,0xff,0x2f,0x20,0xb8,0xff,0x2f,0x20,0xb8,0xff,0x2f,0x1f,0xb9,0xff,0x2f,0x1f,0xb9,0xff,0x2e,0x1e,0xb8,0xff,
    0x2e,0x1d,0xb8,0xff,0x2f,0x20,0xba,0xff,0x30,0x1f,0xba,0xff,0x32,0x22,0xba,0xff,0x31,0x23,0xb7,0xff,0x30,0x22,0xaf,0xff,0x27,0x19,0x97,0xff,0x26,0x17,0x92,0xff,
    0x24,0x0e,0x64,0xff,0x21,0x0f,0x51,0xff,0x27,0x15,0x52,0xff,0x38,0x1d,0x5b,0xff,0x36,0x19,0x53,0xff,0x43,0x2c,0x55,0xff,0xfa,0xf9,0xf9,0xff,0xf7,0xfa,0xfe,0xff,
    0xff,0xfe,0xf7,0xff,0xc9,0xb9,0xa7,0xff,0xcd,0xb5,0xa4,0xff,0xa2,0x8c,0x80,0xff,0x36,0x17,0x0a,0xff,0x3b,0x18,0x0a,0xff,0x42,0x29,0x1d,0xb6,0x35,0x20,0x1d,0x57,
    0x37,0x27,0x20,0x4f,0x2a,0x22,0x26,0xd4,0x28,0x11,0x19,0xff,0x1b,0x0f,0x19,0xff,0x3e,0x5e,0x95,0xff,0x2d,0x62,0xb4,0xff,0x34,0x67,0xbc,0xff,0x1d,0x41,0x82,0xff,
    0x1e,0x3f,0x7f,0xff,0x2f,0x40,0x74,0xff,0x20,0x12,0x0c,0xff,0x28,0x14,0x14,0xff,0x2d,0x24,0x20,0xe5,0x00,0x00,0x00,0x00,0x00,0x00,0x00,0x00,0x00,0x00,0x00,0x00,
    0x00,0x00,0x00,0x00,0x00,0x00,0x00,0x00,0x00,0x00,0x00,0x00,0x00,0x00,0x00,0x00,0x00,0x00,0x00,0x00,0x00,0x00,0x00,0x00,0x00,0x00,0x00,0x00,0x00,0x00,0x00,0x00,
    0x00,0x00,0x00,0x00,0x00,0x00,0x00,0x00,0x00,0x00,0x00,0x00,0x00,0x00,0x00,0x00,0x00,0x00,0x00,0x00,0x00,0x00,0x00,0x00,0x00,0x00,0x00,0x00,0x00,0x00,0x00,0x00,
    0x00,0x00,0x00,0x00,0x00,0x00,0x00,0x00,0x00,0x00,0x00,0x00,0x00,0x00,0x00,0x00,0x00,0x00,0x00,0x00,0x00,0x00,0x00,0x00,0x00,0x00,0x00,0x00,0x00,0x00,0x00,0x00,
    0x00,0x00,0x00,0x00,0x00,0x00,0x00,0x00,0x00,0x00,0x00,0x00,0x00,0x00,0x00,0x00,0x00,0x00,0x00,0x00,0x00,0x00,0x00,0x00,0x00,0x00,0x00,0x00,0x00,0x00,0x00,0x00,
    0x00,0x00,0x00,0x00,0x00,0x00,0x00,0x00,0x00,0x00,0x00,0x00,0x00,0x00,0x00,0x00,0x00,0x00,0x00,0x00,0x00,0x00,0x00,0x00,0x00,0x00,0x00,0x00,0x00,0x00,0x00,0x00,
    0x00,0x00,0x00,0x00,0x00,0x00,0x00,0x00,0x3c,0x3c,0x43,0x26,0x16,0x0e,0x1c,0xff,0x1e,0x0f,0x1b,0xff,0x10,0x16,0x37,0xff,0x15,0x39,0x72,0xff,0x16,0x3c,0x7e,0xff,
    0x1c,0x29,0x4e,0xff,0x2d,0x15,0x07,0xff,0x2b,0x13,0x0a,0xff,0x29,0x17,0x0f,0xff,0xe3,0xcc,0xba,0xff,0xe1,0xc9,0xb7,0xff,0xed,0xe0,0xd4,0xff,0xff,0xfc,0xf9,0xff,
    0xff,0xfd,0xff,0xff,0x67,0x5e,0x87,0xff,0x28,0x18,0x60,0xff,0x1f,0x10,0x60,0xff,0x1f,0x12,0x81,0xff,0x20,0x15,0x8b,0xff,0x1f,0x10,0x9f,0xff,0x29,0x1e,0xd2,0xff,
    0x28,0x24,0xd0,0xff,0x1f,0x19,0xa2,0xff,0x24,0x17,0x99,0xff,0x2e,0x1a,0x9c,0xff,0x1b,0x09,0x6a,0xff,0x1b,0x0f,0x55,0xff,0x1b,0x0e,0x59,0xff,0x1e,0x13,0x52,0xff,
    0x22,0x11,0x51,0xff,0x1f,0x0f,0x52,0xff,0x1e,0x10,0x56,0xff,0x1f,0x12,0x59,0xff,0x1c,0x0f,0x5b,0xff,0x1b,0x0f,0x58,0xff,0x1b,0x0f,0x57,0xff,0x1b,0x0f,0x57,0xff,
    0x1c,0x0f,0x59,0xff,0x1c,0x0f,0x58,0xff,0x1d,0x10,0x58,0xff,0x1d,0x10,0x59,0xff,0x1d,0x10,0x59,0xff,0x1d,0x10,0x59,0xff,0x1c,0x10,0x58,0xff,0x1d,0x10,0x5a,0xff,
    0x1e,0x10,0x5b,0xff,0x1b,0x0f,0x58,0xff,0x1d,0x11,0x59,0xff,0x1f,0x11,0x5b,0xff,0x1e,0x11,0x5c,0xff,0x1f,0x12,0x5d,0xff,0x22,0x14,0x5c,0xff,0x20,0x12,0x5a,0xff,
    0xcd,0xbe,0xc6,0xff,0xe5,0xd7,0xca,0xff,0xe5,0xdb,0xcf,0xff,0xff,0xfc,0xf7,0xff,0xfd,0xfc,0xfb,0xff,0xfd,0xf8,0xfe,0xff,0xfc,0xfe,0xf9,0xff,0xfb,0xff,0xff,0xff,
    0xff,0xfe,0xfe,0xff,0xff,0xfc,0xfd,0xff,0xff,0xfb,0xf8,0xff,0xf1,0xe9,0xdf,0xff,0xd5,0xb5,0xa0,0xff,0xd1,0xae,0x98,0xff,0xa3,0x82,0x72,0xff,0x30,0x13,0x0b,0xff,
    0x2d,0x13,0x10,0xff,0x2f,0x4f,0x86,0xff,0x26,0x56,0xa1,0xff,0x2e,0x57,0xa4,0xff,0x15,0x38,0x7a,0xff,0x15,0x3a,0x7e,0xff,0x1e,0x3c,0x79,0xff,0x1b,0x13,0x20,0xff,
    0x1f,0x13,0x1c,0xff,0x11,0x0a,0x1a,0xe3,0x00,0x00,0x00,0x00,0x00,0x00,0x00,0x00,0x00,0x00,0x00,0x00,0x00,0x00,0x00,0x00,0x00,0x00,0x00,0x00,0x00,0x00,0x00,0x00,
    0x00,0x00,0x00,0x00,0x00,0x00,0x00,0x00,0x00,0x00,0x00,0x00,0x00,0x00,0x00,0x00,0x00,0x00,0x00,0x00,0x00,0x00,0x00,0x00,0x00,0x00,0x00,0x00,0x00,0x00,0x00,0x00,
    0x00,0x00,0x00,0x00,0x00,0x00,0x00,0x00,0x00,0x00,0x00,0x00,0x00,0x00,0x00,0x00,0x00,0x00,0x00,0x00,0x00,0x00,0x00,0x00,0x00,0x00,0x00,0x00,0x00,0x00,0x00,0x00,
    0x00,0x00,0x00,0x00,0x00,0x00,0x00,0x00,0x00,0x00,0x00,0x00,0x00,0x00,0x00,0x00,0x00,0x00,0x00,0x00,0x00,0x00,0x00,0x00,0x00,0x00,0x00,0x00,0x00,0x00,0x00,0x00,
    0x00,0x00,0x00,0x00,0x00,0x00,0x00,0x00,0x00,0x00,0x00,0x00,0x00,0x00,0x00,0x00,0x00,0x00,0x00,0x00,0x00,0x00,0x00,0x00,0x00,0x00,0x00,0x00,0x00,0x00,0x00,0x00,
    0x00,0x00,0x00,0x00,0x00,0x00,0x00,0x00,0x00,0x00,0x00,0x00,0x00,0x00,0x00,0x00,0x00,0x00,0x00,0x00,0x00,0x00,0x00,0x00,0x00,0x00,0x00,0x00,0x00,0x00,0x00,0x00,
    0x00,0x00,0x00,0x00,0x00,0x00,0x00,0x00,0x43,0x3c,0x3c,0x26,0x33,0x15,0x05,0xff,0x2f,0x12,0x0b,0xff,0x20,0x1d,0x33,0xff,0x18,0x3a,0x77,0xff,0x17,0x36,0x77,0xff,
    0x24,0x2f,0x51,0xff,0x31,0x16,0x07,0xff,0x2d,0x13,0x0c,0xff,0x36,0x1b,0x11,0xff,0xe6,0xcb,0xba,0xff,0xe3,0xc8,0xb9,0xff,0xf0,0xe5,0xda,0xff,0xff,0xfd,0xfc,0xff,
    0xfd,0xfe,0xff,0xff,0x66,0x5d,0x89,0xff,0x1e,0x13,0x5d,0xff,0x1e,0x0f,0x5f,0xff,0x21,0x14,0x8c,0xff,0x24,0x15,0x90,0xff,0x20,0x0d,0x91,0xff,0x24,0x1e,0xcf,0xff,
    0x26,0x21,0xd4,0xff,0x22,0x14,0xa5,0xff,0x22,0x16,0x95,0xff,0x28,0x18,0x97,0xff,0x18,0x0a,0x66,0xff,0x1c,0x0f,0x58,0xff,0x1c,0x0a,0x5c,0xff,0x1c,0x0f,0x53,0xff,
    0x1c,0x11,0x55,0xff,0x19,0x10,0x53,0xff,0x18,0x11,0x54,0xff,0x1b,0x11,0x57,0xff,0x1a,0x10,0x56,0xff,0x19,0x11,0x57,0xff,0x19,0x11,0x58,0xff,0x19,0x11,0x58,0xff,
    0x18,0x10,0x57,0xff,0x1a,0x10,0x58,0xff,0x1c,0x11,0x59,0xff,0x1c,0x11,0x59,0xff,0x1b,0x10,0x58,0xff,0x1b,0x10,0x58,0xff,0x1b,0x12,0x57,0xff,0x1d,0x11,0x59,0xff,
    0x1d,0x11,0x5a,0xff,0x1a,0x12,0x58,0xff,0x1b,0x13,0x5a,0xff,0x1d,0x10,0x5a,0xff,0x1c,0x10,0x58,0xff,0x1d,0x11,0x59,0xff,0x1e,0x12,0x5a,0xff,0x1e,0x12,0x5a,0xff,
    0xcc,0xbb,0xc7,0xff,0xe8,0xd5,0xcd,0xff,0xeb,0xd9,0xd1,0xff,0xff,0xfd,0xf5,0xff,0xfe,0xfd,0xfc,0xff,0xfe,0xfe,0xfe,0xff,0xfe,0xfe,0xfe,0xff,0xfe,0xfe,0xfe,0xff,
    0xfd,0xfd,0xfd,0xff,0xfe,0xfe,0xfe,0xff,0xfe,0xff,0xfd,0xff,0xf0,0xe6,0xe0,0xff,0xd6,0xad,0x96,0xff,0xcf,0xb0,0x98,0xff,0xa6,0x85,0x70,0xff,0x2d,0x12,0x0c,0xff,
    0x2f,0x14,0x0a,0xff,0x2f,0x50,0x8f,0xff,0x25,0x57,0xa3,0xff,0x27,0x56,0xa6,0xff,0x15,0x3a,0x7d,0xff,0x1c,0x39,0x7a,0xff,0x29,0x40,0x7a,0xff,0x2d,0x14,0x0e,0xff,
    0x2f,0x14,0x0d,0xff,0x25,0x14,0x10,0xe4,0x00,0x00,0x00,0x00,0x00,0x00,0x00,0x00,0x00,0x00,0x00,0x00,0x00,0x00,0x00,0x00,0x00,0x00,0x00,0x00,0x00,0x00,0x00,0x00,
    0x00,0x00,0x00,0x00,0x00,0x00,0x00,0x00,0x00,0x00,0x00,0x00,0x00,0x00,0x00,0x00,0x00,0x00,0x00,0x00,0x00,0x00,0x00,0x00,0x00,0x00,0x00,0x00,0x00,0x00,0x00,0x00,
    0x00,0x00,0x00,0x00,0x00,0x00,0x00,0x00,0x00,0x00,0x00,0x00,0x00,0x00,0x00,0x00,0x00,0x00,0x00,0x00,0x00,0x00,0x00,0x00,0x00,0x00,0x00,0x00,0x00,0x00,0x00,0x00,
    0x00,0x00,0x00,0x00,0x00,0x00,0x00,0x00,0x00,0x00,0x00,0x00,0x00,0x00,0x00,0x00,0x00,0x00,0x00,0x00,0x00,0x00,0x00,0x00,0x00,0x00,0x00,0x00,0x00,0x00,0x00,0x00,
    0x00,0x00,0x00,0x00,0x00,0x00,0x00,0x00,0x00,0x00,0x00,0x00,0x00,0x00,0x00,0x00,0x00,0x00,0x00,0x00,0x00,0x00,0x00,0x00,0x00,0x00,0x00,0x00,0x00,0x00,0x00,0x00,
    0x00,0x00,0x00,0x00,0x00,0x00,0x00,0x00,0x00,0x00,0x00,0x00,0x00,0x00,0x00,0x00,0x00,0x00,0x00,0x00,0x00,0x00,0x00,0x00,0x00,0x00,0x00,0x00,0x00,0x00,0x00,0x00,
    0x00,0x00,0x00,0x00,0x00,0x00,0x00,0x00,0x43,0x3c,0x3c,0x22,0x36,0x16,0x0a,0xff,0x35,0x13,0x0d,0xff,0x22,0x1e,0x32,0xff,0x1b,0x3b,0x70,0xff,0x13,0x35,0x78,0xff,
    0x20,0x2b,0x51,0xff,0x29,0x14,0x0e,0xff,0x2f,0x14,0x0c,0xff,0x39,0x1e,0x11,0xff,0xdd,0xc6,0xbc,0xff,0xe0,0xcc,0xc2,0xff,0xf3,0xeb,0xe3,0xff,0xfd,0xfe,0xfb,0xff,
    0xfd,0xfe,0xfd,0xff,0x62,0x5b,0x85,0xff,0x1e,0x13,0x5b,0xff,0x1d,0x10,0x65,0xff,0x21,0x15,0x99,0xff,0x1e,0x11,0x9a,0xff,0x1e,0x0f,0x9a,0xff,0x22,0x20,0xd6,0xff,
    0x1f,0x1f,0xd6,0xff,0x19,0x0f,0xa7,0xff,0x1c,0x11,0x9e,0xff,0x26,0x18,0xa7,0xff,0x15,0x09,0x6a,0xff,0x20,0x13,0x57,0xff,0x21,0x0f,0x52,0xff,0x33,0x1e,0x44,0xff,
    0x3a,0x24,0x4f,0xff,0x33,0x21,0x4c,0xff,0x33,0x22,0x4e,0xff,0x31,0x1f,0x4d,0xff,0x32,0x20,0x4e,0xff,0x32,0x22,0x4f,0xff,0x32,0x21,0x4f,0xff,0x32,0x22,0x50,0xff,
    0x32,0x21,0x50,0xff,0x33,0x22,0x51,0xff,0x34,0x23,0x51,0xff,0x34,0x23,0x51,0xff,0x33,0x22,0x50,0xff,0x33,0x22,0x50,0xff,0x33,0x22,0x4e,0xff,0x33,0x21,0x4f,0xff,
    0x34,0x21,0x52,0xff,0x36,0x25,0x52,0xff,0x33,0x23,0x52,0xff,0x2f,0x23,0x58,0xff,0x2e,0x25,0x59,0xff,0x30,0x25,0x5b,0xff,0x2e,0x25,0x59,0xff,0x2e,0x22,0x58,0xff,
    0xd0,0xc7,0xd1,0xff,0xe8,0xdb,0xd6,0xff,0xe2,0xd4,0xcf,0xff,0xff,0xfc,0xf9,0xff,0xff,0xfe,0xfe,0xff,0xfe,0xfd,0xff,0xff,0xfe,0xfe,0xfe,0xff,0xfe,0xfe,0xfe,0xff,
    0xfe,0xfe,0xfe,0xff,0xfe,0xfe,0xfe,0xff,0xff,0xfe,0xfe,0xff,0xec,0xdf,0xdd,0xff,0xce,0xab,0x96,0xff,0xd2,0xb3,0xa1,0xff,0xac,0x8b,0x7c,0xff,0x2b,0x14,0x10,0xff,
    0x2c,0x14,0x0d,0xff,0x36,0x55,0x90,0xff,0x28,0x56,0xa0,0xff,0x25,0x53,0xa2,0xff,0x1c,0x3e,0x83,0xff,0x1a,0x36,0x7a,0xff,0x30,0x41,0x77,0xff,0x23,0x11,0x10,0xff,
    0x2a,0x16,0x0e,0xff,0x21,0x14,0x0f,0xd6,0x00,0x00,0x00,0x00,0x00,0x00,0x00,0x00,0x00,0x00,0x00,0x00,0x00,0x00,0x00,0x00,0x00,0x00,0x00,0x00,0x00,0x00,0x00,0x00,
    0x00,0x00,0x00,0x00,0x00,0x00,0x00,0x00,0x00,0x00,0x00,0x00,0x00,0x00,0x00,0x00,0x00,0x00,0x00,0x00,0x00,0x00,0x00,0x00,0x00,0x00,0x00,0x00,0x00,0x00,0x00,0x00,
    0x00,0x00,0x00,0x00,0x00,0x00,0x00,0x00,0x00,0x00,0x00,0x00,0x00,0x00,0x00,0x00,0x00,0x00,0x00,0x00,0x00,0x00,0x00,0x00,0x00,0x00,0x00,0x00,0x00,0x00,0x00,0x00,
    0x00,0x00,0x00,0x00,0x00,0x00,0x00,0x00,0x00,0x00,0x00,0x00,0x00,0x00,0x00,0x00,0x00,0x00,0x00,0x00,0x00,0x00,0x00,0x00,0x00,0x00,0x00,0x00,0x00,0x00,0x00,0x00,
    0x00,0x00,0x00,0x00,0x00,0x00,0x00,0x00,0x00,0x00,0x00,0x00,0x00,0x00,0x00,0x00,0x00,0x00,0x00,0x00,0x00,0x00,0x00,0x00,0x00,0x00,0x00,0x00,0x00,0x00,0x00,0x00,
    0x00,0x00,0x00,0x00,0x00,0x00,0x00,0x00,0x00,0x00,0x00,0x00,0x00,0x00,0x00,0x00,0x00,0x00,0x00,0x00,0x00,0x00,0x00,0x00,0x00,0x00,0x00,0x00,0x00,0x00,0x00,0x00,
    0x00,0x00,0x00,0x00,0x00,0x00,0x00,0x00,0x00,0x00,0x00,0x00,0xff,0xff,0xff,0x04,0xff,0xff,0xff,0x04,0x5e,0x53,0x59,0x2e,0x1c,0x0b,0x14,0xff,0x29,0x11,0x10,0xff,
    0x25,0x0f,0x09,0xff,0x31,0x14,0x04,0xff,0x2e,0x15,0x0f,0xff,0x71,0x61,0x60,0xff,0xfd,0xfd,0xfb,0xff,0xff,0xfd,0xfc,0xff,0xff,0xff,0xfe,0xff,0xfe,0xfe,0xfe,0xff,
    0xff,0xfd,0xfe,0xff,0x63,0x59,0x88,0xff,0x1e,0x12,0x5e,0xff,0x1d,0x0e,0x6c,0xff,0x2c,0x21,0xb3,0xff,0x26,0x1b,0xb6,0xff,0x1f,0x15,0xb5,0xff,0x2f,0x36,0xfb,0xff,
    0x2d,0x37,0xfb,0xff,0x25,0x20,0xce,0xff,0x2b,0x20,0xc7,0xff,0x2f,0x1f,0xcb,0xff,0x12,0x06,0x71,0xff,0x1e,0x12,0x52,0xff,0x30,0x22,0x4d,0xff,0xcd,0xb2,0xa4,0xff,
    0xd3,0xb1,0xa3,0xff,0xd3,0xb5,0xa8,0xff,0xe0,0xc6,0xba,0xff,0xdf,0xc5,0xba,0xff,0xe2,0xc8,0xbe,0xff,0xe3,0xc9,0xbf,0xff,0xe3,0xc9,0xbf,0xff,0xe1,0xc7,0xbc,0xff,
    0xe2,0xc8,0xbe,0xff,0xe3,0xc9,0xbe,0xff,0xe2,0xc8,0xbe,0xff,0xe2,0xc8,0xbe,0xff,0xe1,0xc6,0xbd,0xff,0xe1,0xc7,0xbd,0xff,0xe3,0xc7,0xbd,0xff,0xe1,0xc7,0xbd,0xff,
    0xe1,0xc6,0xbe,0xff,0xe5,0xc7,0xbd,0xff,0xdf,0xc7,0xc0,0xff,0xfe,0xfb,0xfd,0xff,0xfb,0xfb,0xff,0xff,0xfc,0xfa,0xff,0xff,0xfc,0xfb,0xff,0xff,0xfc,0xfa,0xff,0xff,
    0xfd,0xfe,0xfe,0xff,0xff,0xfe,0xfd,0xff,0xff,0xfe,0xfd,0xff,0xfd,0xff,0xfd,0xff,0xfc,0xfe,0xff,0xff,0xfe,0xfe,0xfe,0xff,0xfe,0xfe,0xfe,0xff,0xfe,0xfe,0xfe,0xff,
    0xfe,0xfe,0xfe,0xff,0xfe,0xfe,0xfe,0xff,0xfe,0xfe,0xfe,0xff,0xfe,0xfa,0xfa,0xff,0xe6,0xce,0xbb,0xff,0xe9,0xd0,0xc0,0xff,0xc9,0xb1,0xa5,0xff,0x26,0x19,0x19,0xff,
    0x2b,0x1b,0x1c,0xff,0x18,0x2e,0x63,0xff,0x0d,0x2f,0x6b,0xff,0x0a,0x2b,0x66,0xff,0x1c,0x15,0x23,0xff,0x2a,0x12,0x10,0xff,0x1b,0x0d,0x14,0xf3,0xff,0xff,0xff,0x05,
    0xff,0xff,0xff,0x05,0xff,0xff,0xff,0x01,0x00,0x00,0x00,0x00,0x00,0x00,0x00,0x00,0x00,0x00,0x00,0x00,0x00,0x00,0x00,0x00,0x00,0x00,0x00,0x00,0x00,0x00,0x00,0x00,
    0x00,0x00,0x00,0x00,0x00,0x00,0x00,0x00,0x00,0x00,0x00,0x00,0x00,0x00,0x00,0x00,0x00,0x00,0x00,0x00,0x00,0x00,0x00,0x00,0x00,0x00,0x00,0x00,0x00,0x00,0x00,0x00,
    0x00,0x00,0x00,0x00,0x00,0x00,0x00,0x00,0x00,0x00,0x00,0x00,0x00,0x00,0x00,0x00,0x00,0x00,0x00,0x00,0x00,0x00,0x00,0x00,0x00,0x00,0x00,0x00,0x00,0x00,0x00,0x00,
    0x00,0x00,0x00,0x00,0x00,0x00,0x00,0x00,0x00,0x00,0x00,0x00,0x00,0x00,0x00,0x00,0x00,0x00,0x00,0x00,0x00,0x00,0x00,0x00,0x00,0x00,0x00,0x00,0x00,0x00,0x00,0x00,
    0x00,0x00,0x00,0x00,0x00,0x00,0x00,0x00,0x00,0x00,0x00,0x00,0x00,0x00,0x00,0x00,0x00,0x00,0x00,0x00,0x00,0x00,0x00,0x00,0x00,0x00,0x00,0x00,0x00,0x00,0x00,0x00,
    0x00,0x00,0x00,0x00,0x00,0x00,0x00,0x00,0x00,0x00,0x00,0x00,0x00,0x00,0x00,0x00,0x00,0x00,0x00,0x00,0x00,0x00,0x00,0x00,0x00,0x00,0x00,0x00,0x00,0x00,0x00,0x00,
    0x00,0x00,0x00,0x00,0x00,0x00,0x00,0x00,0x00,0x00,0x00,0x00,0x00,0x00,0x00,0x00,0x00,0x00,0x00,0x00,0x63,0x51,0x46,0x2c,0x2c,0x14,0x08,0xff,0x2f,0x12,0x0c,0xff,
    0x2c,0x13,0x0d,0xff,0x2a,0x14,0x0d,0xff,0x2a,0x12,0x0b,0xff,0x6c,0x5c,0x57,0xff,0xfb,0xfe,0xfd,0xff,0xff,0xfe,0xfe,0xff,0xfc,0xfe,0xfe,0xff,0xfc,0xfe,0xfd,0xff,
    0xff,0xfd,0xfd,0xff,0x66,0x5c,0x8b,0xff,0x20,0x15,0x5e,0xff,0x1d,0x0d,0x67,0xff,0x29,0x1d,0xaf,0xff,0x25,0x19,0xb9,0xff,0x20,0x19,0xbf,0xff,0x2e,0x3b,0xff,0xff,
    0x27,0x37,0xfd,0xff,0x1e,0x1c,0xcf,0xff,0x29,0x1f,0xcc,0xff,0x29,0x22,0xcb,0xff,0x10,0x07,0x6f,0xff,0x1d,0x0e,0x58,0xff,0x35,0x22,0x57,0xff,0xd5,0xb0,0x98,0xff,
    0xd3,0xb2,0x98,0xff,0xd1,0xb4,0x9b,0xff,0xe4,0xcb,0xb3,0xff,0xe3,0xcc,0xb8,0xff,0xe3,0xcc,0xb8,0xff,0xe4,0xcc,0xb9,0xff,0xe4,0xcc,0xb8,0xff,0xe4,0xcd,0xb7,0xff,
    0xe4,0xcd,0xb7,0xff,0xe4,0xcd,0xb7,0xff,0xe3,0xcd,0xb7,0xff,0xe3,0xcc,0xb7,0xff,0xe2,0xcc,0xb6,0xff,0xe3,0xcc,0xb7,0xff,0xe5,0xcc,0xb7,0xff,0xe2,0xcd,0xb8,0xff,
    0xe3,0xcc,0xb8,0xff,0xe9,0xcc,0xb7,0xff,0xe1,0xcf,0xbe,0xff,0xff,0xff,0xf9,0xff,0xff,0xff,0xfb,0xff,0xff,0xff,0xfd,0xff,0xfe,0xff,0xfb,0xff,0xff,0xfe,0xfb,0xff,
    0xfd,0xfe,0xfe,0xff,0xff,0xfe,0xfe,0xff,0xfe,0xfe,0xfe,0xff,0xfb,0xfe,0xfe,0xff,0xfc,0xfe,0xfe,0xff,0xfe,0xfe,0xfe,0xff,0xfe,0xfe,0xfe,0xff,0xfe,0xfe,0xfe,0xff,
    0xfe,0xfe,0xfe,0xff,0xfe,0xfe,0xfe,0xff,0xff,0xfd,0xfe,0xff,0xff,0xfd,0xfd,0xff,0xe6,0xd0,0xbf,0xff,0xe5,0xcb,0xbd,0xff,0xc5,0xae,0xa4,0xff,0x25,0x1b,0x1d,0xff,
    0x22,0x18,0x1f,0xff,0x19,0x2a,0x59,0xff,0x17,0x32,0x68,0xff,0x1a,0x34,0x69,0xff,0x24,0x17,0x1f,0xff,0x2f,0x10,0x0a,0xff,0x23,0x0d,0x09,0xfa,0x00,0x00,0x00,0x00,
    0x00,0x00,0x00,0x00,0x00,0x00,0x00,0x00,0x00,0x00,0x00,0x00,0x00,0x00,0x00,0x00,0x00,0x00,0x00,0x00,0x00,0x00,0x00,0x00,0x00,0x00,0x00,0x00,0x00,0x00,0x00,0x00,
    0x00,0x00,0x00,0x00,0x00,0x00,0x00,0x00,0x00,0x00,0x00,0x00,0x00,0x00,0x00,0x00,0x00,0x00,0x00,0x00,0x00,0x00,0x00,0x00,0x00,0x00,0x00,0x00,0x00,0x00,0x00,0x00,
    0x00,0x00,0x00,0x00,0x00,0x00,0x00,0x00,0x00,0x00,0x00,0x00,0x00,0x00,0x00,0x00,0x00,0x00,0x00,0x00,0x00,0x00,0x00,0x00,0x00,0x00,0x00,0x00,0x00,0x00,0x00,0x00,
    0x00,0x00,0x00,0x00,0x00,0x00,0x00,0x00,0x00,0x00,0x00,0x00,0x00,0x00,0x00,0x00,0x00,0x00,0x00,0x00,0x00,0x00,0x00,0x00,0x00,0x00,0x00,0x00,0x00,0x00,0x00,0x00,
    0x00,0x00,0x00,0x00,0x00,0x00,0x00,0x00,0x00,0x00,0x00,0x00,0x00,0x00,0x00,0x00,0x00,0x00,0x00,0x00,0x00,0x00,0x00,0x00,0x00,0x00,0x00,0x00,0x00,0x00,0x00,0x00,
    0x00,0x00,0x00,0x00,0x00,0x00,0x00,0x00,0x00,0x00,0x00,0x00,0x00,0x00,0x00,0x00,0x00,0x00,0x00,0x00,0x00,0x00,0x00,0x00,0x00,0x00,0x00,0x00,0x00,0x00,0x00,0x00,
    0x00,0x00,0x00,0x00,0x00,0x00,0x00,0x00,0x00,0x00,0x00,0x00,0x00,0x00,0x00,0x00,0x00,0x00,0x00,0x00,0x7f,0x6b,0x6b,0x26,0x31,0x13,0x0e,0xff,0x2d,0x11,0x0a,0xff,
    0x3c,0x28,0x20,0xff,0x63,0x53,0x4c,0xff,0x68,0x54,0x4e,0xff,0x97,0x8e,0x8b,0xff,0xff,0xfe,0xfe,0xff,0xff,0xfe,0xfd,0xff,0xfd,0xff,0xfb,0xff,0xfb,0xff,0xf7,0xff,
    0xfd,0xff,0xfd,0xff,0x65,0x5d,0x87,0xff,0x20,0x14,0x5c,0xff,0x1a,0x0d,0x64,0xff,0x29,0x20,0xb8,0xff,0x22,0x1a,0xbe,0xff,0x21,0x1a,0xbe,0xff,0x2c,0x31,0xd2,0xff,
    0x29,0x2a,0xcb,0xff,0x27,0x1f,0xc5,0xff,0x29,0x20,0xc9,0xff,0x29,0x20,0xcd,0xff,0x10,0x06,0x72,0xff,0x21,0x10,0x58,0xff,0x2d,0x1f,0x52,0xff,0xe5,0xcf,0xc3,0xff,
    0xe0,0xcb,0xc2,0xff,0xe3,0xd0,0xc8,0xff,0xf0,0xdf,0xd8,0xff,0xed,0xde,0xd8,0xff,0xee,0xdd,0xd8,0xff,0xee,0xdd,0xd8,0xff,0xee,0xde,0xd8,0xff,0xef,0xdf,0xd9,0xff,
    0xef,0xdf,0xd8,0xff,0xee,0xde,0xd8,0xff,0xec,0xde,0xd8,0xff,0xea,0xdf,0xd9,0xff,0xed,0xdd,0xd8,0xff,0xee,0xde,0xd9,0xff,0xef,0xdf,0xd9,0xff,0xec,0xdf,0xd8,0xff,
    0xeb,0xdd,0xd7,0xff,0xf0,0xdb,0xd6,0xff,0xec,0xde,0xd9,0xff,0xff,0xff,0xfe,0xff,0xfd,0xfe,0xfe,0xff,0xfd,0xfe,0xfe,0xff,0xfd,0xfe,0xfe,0xff,0xfd,0xfe,0xfe,0xff,
    0xfe,0xfe,0xfe,0xff,0xff,0xfe,0xfe,0xff,0xff,0xfe,0xfe,0xff,0xfe,0xfe,0xfe,0xff,0xfe,0xfe,0xfe,0xff,0xfe,0xfe,0xfe,0xff,0xfe,0xfe,0xfe,0xff,0xfe,0xfe,0xfe,0xff,
    0xfe,0xfe,0xfe,0xff,0xfe,0xfe,0xfe,0xff,0xff,0xfe,0xfe,0xff,0xff,0xfb,0xfb,0xff,0xe0,0xce,0xc1,0xff,0xe3,0xcf,0xc0,0xff,0xca,0xb8,0xb2,0xff,0x28,0x1d,0x23,0xff,
    0x21,0x17,0x23,0xff,0x31,0x33,0x53,0xff,0x2b,0x35,0x59,0xff,0x26,0x35,0x5a,0xff,0x22,0x1a,0x24,0xed,0x2b,0x16,0x14,0xed,0x3f,0x2d,0x29,0x76,0x00,0x00,0x00,0x00,
    0x00,0x00,0x00,0x00,0x00,0x00,0x00,0x00,0x00,0x00,0x00,0x00,0x00,0x00,0x00,0x00,0x00,0x00,0x00,0x00,0x00,0x00,0x00,0x00,0x00,0x00,0x00,0x00,0x00,0x00,0x00,0x00,
    0x00,0x00,0x00,0x00,0x00,0x00,0x00,0x00,0x00,0x00,0x00,0x00,0x00,0x00,0x00,0x00,0x00,0x00,0x00,0x00,0x00,0x00,0x00,0x00,0x00,0x00,0x00,0x00,0x00,0x00,0x00,0x00,
    0x00,0x00,0x00,0x00,0x00,0x00,0x00,0x00,0x00,0x00,0x00,0x00,0x00,0x00,0x00,0x00,0x00,0x00,0x00,0x00,0x00,0x00,0x00,0x00,0x00,0x00,0x00,0x00,0x00,0x00,0x00,0x00,
    0x00,0x00,0x00,0x00,0x00,0x00,0x00,0x00,0x00,0x00,0x00,0x00,0x00,0x00,0x00,0x00,0x00,0x00,0x00,0x00,0x00,0x00,0x00,0x00,0x00,0x00,0x00,0x00,0x00,0x00,0x00,0x00,
    0x00,0x00,0x00,0x00,0x00,0x00,0x00,0x00,0x00,0x00,0x00,0x00,0x00,0x00,0x00,0x00,0x00,0x00,0x00,0x00,0x00,0x00,0x00,0x00,0x00,0x00,0x00,0x00,0x00,0x00,0x00,0x00,
    0x00,0x00,0x00,0x00,0x00,0x00,0x00,0x00,0x00,0x00,0x00,0x00,0x00,0x00,0x00,0x00,0x00,0x00,0x00,0x00,0x00,0x00,0x00,0x00,0x00,0x00,0x00,0x00,0x00,0x00,0x00,0x00,
    0x00,0x00,0x00,0x00,0x00,0x00,0x00,0x00,0x00,0x00,0x00,0x00,0x00,0x00,0x00,0x00,0x00,0x00,0x00,0x00,0xa5,0x91,0x91,0x25,0x37,0x14,0x0f,0xff,0x2f,0x13,0x0e,0xff,
    0x6c,0x5c,0x55,0xff,0xed,0xe3,0xdc,0xff,0xec,0xde,0xdc,0xff,0xf3,0xf2,0xf0,0xff,0xfe,0xfe,0xfd,0xff,0xfe,0xfd,0xff,0xff,0xfe,0xfc,0xff,0xff,0xff,0xff,0xfe,0xff,
    0xff,0xfb,0xff,0xff,0x64,0x59,0x8b,0xff,0x1f,0x10,0x61,0xff,0x17,0x08,0x66,0xff,0x2d,0x24,0xcb,0xff,0x27,0x20,0xd5,0xff,0x2d,0x20,0xd7,0xff,0x23,0x18,0xaa,0xff,
    0x28,0x18,0xa5,0xff,0x2d,0x1e,0xbf,0xff,0x26,0x1e,0xc6,0xff,0x29,0x20,0xc9,0xff,0x11,0x06,0x6f,0xff,0x21,0x10,0x55,0xff,0x2f,0x26,0x5c,0xff,0xff,0xfe,0xfd,0xff,
    0xff,0xfe,0xfd,0xff,0xff,0xfe,0xfd,0xff,0xff,0xfe,0xfd,0xff,0xff,0xfe,0xfd,0xff,0xff,0xfe,0xfd,0xff,0xff,0xfe,0xfd,0xff,0xff,0xfe,0xfd,0xff,0xff,0xfe,0xfd,0xff,
    0xff,0xfe,0xfd,0xff,0xff,0xfe,0xfe,0xff,0xff,0xfe,0xff,0xff,0xff,0xff,0xff,0xff,0xff,0xfd,0xfe,0xff,0xff,0xfd,0xfe,0xff,0xff,0xfe,0xfd,0xff,0xff,0xff,0xfd,0xff,
    0xfe,0xff,0xfd,0xff,0xff,0xfd,0xfc,0xff,0xff,0xfe,0xfd,0xff,0xfe,0xfe,0xfe,0xff,0xfe,0xfe,0xfe,0xff,0xfe,0xfe,0xfe,0xff,0xfe,0xfe,0xfe,0xff,0xfe,0xfe,0xfe,0xff,
    0xfe,0xfe,0xfe,0xff,0xfe,0xfe,0xfe,0xff,0xfe,0xfe,0xfe,0xff,0xfe,0xfe,0xfe,0xff,0xfe,0xfe,0xfe,0xff,0xfe,0xfe,0xfe,0xff,0xfe,0xfe,0xfe,0xff,0xfe,0xfe,0xfe,0xff,
    0xfe,0xfe,0xfe,0xff,0xfe,0xfe,0xfe,0xff,0xfe,0xfe,0xfe,0xff,0xff,0xfb,0xfc,0xff,0xed,0xe1,0xdc,0xff,0xf3,0xe6,0xdb,0xff,0xd2,0xc7,0xc6,0xff,0x2b,0x1f,0x26,0xff,
    0x2f,0x21,0x28,0xff,0x29,0x16,0x1a,0xff,0x2a,0x16,0x13,0xff,0x24,0x15,0x11,0xff,0x92,0x80,0x80,0x0e,0x00,0x00,0x00,0x00,0x00,0x00,0x00,0x00,0x00,0x00,0x00,0x00,
    0x00,0x00,0x00,0x00,0x00,0x00,0x00,0x00,0x00,0x00,0x00,0x00,0x00,0x00,0x00,0x00,0x00,0x00,0x00,0x00,0x00,0x00,0x00,0x00,0x00,0x00,0x00,0x00,0x00,0x00,0x00,0x00,
    0x00,0x00,0x00,0x00,0x00,0x00,0x00,0x00,0x00,0x00,0x00,0x00,0x00,0x00,0x00,0x00,0x00,0x00,0x00,0x00,0x00,0x00,0x00,0x00,0x00,0x00,0x00,0x00,0x00,0x00,0x00,0x00,
    0x00,0x00,0x00,0x00,0x00,0x00,0x00,0x00,0x00,0x00,0x00,0x00,0x00,0x00,0x00,0x00,0x00,0x00,0x00,0x00,0x00,0x00,0x00,0x00,0x00,0x00,0x00,0x00,0x00,0x00,0x00,0x00,
    0x00,0x00,0x00,0x00,0x00,0x00,0x00,0x00,0x00,0x00,0x00,0x00,0x00,0x00,0x00,0x00,0x00,0x00,0x00,0x00,0x00,0x00,0x00,0x00,0x00,0x00,0x00,0x00,0x00,0x00,0x00,0x00,
    0x00,0x00,0x00,0x00,0x00,0x00,0x00,0x00,0x00,0x00,0x00,0x00,0x00,0x00,0x00,0x00,0x00,0x00,0x00,0x00,0x00,0x00,0x00,0x00,0x00,0x00,0x00,0x00,0x00,0x00,0x00,0x00,
    0x00,0x00,0x00,0x00,0x00,0x00,0x00,0x00,0x00,0x00,0x00,0x00,0x00,0x00,0x00,0x00,0x00,0x00,0x00,0x00,0x00,0x00,0x00,0x00,0x00,0x00,0x00,0x00,0x00,0x00,0x00,0x00,
    0x00,0x00,0x00,0x00,0x00,0x00,0x00,0x00,0x00,0x00,0x00,0x00,0x00,0x00,0x00,0x00,0x00,0x00,0x00,0x00,0x98,0x8a,0x83,0x25,0x2b,0x14,0x0d,0xff,0x2f,0x12,0x0b,0xff,
    0x71,0x5d,0x59,0xff,0xe9,0xe2,0xdf,0xff,0xf0,0xe4,0xe0,0xff,0xf5,0xf2,0xee,0xff,0xfe,0xfd,0xfe,0xff,0xff,0xff,0xfe,0xff,0xfe,0xfe,0xfe,0xff,0xff,0xff,0xfb,0xff,
    0xfe,0xfe,0xfa,0xff,0x5f,0x5a,0x7f,0xff,0x1d,0x14,0x58,0xff,0x16,0x0b,0x66,0xff,0x2e,0x24,0xd1,0xff,0x27,0x1f,0xd9,0xff,0x2b,0x24,0xcd,0xff,0x25,0x18,0xa2,0xff,
    0x25,0x16,0xa4,0xff,0x2e,0x20,0xc6,0xff,0x26,0x1d,0xca,0xff,0x29,0x20,0xc7,0xff,0x11,0x06,0x6f,0xff,0x20,0x11,0x58,0xff,0x2e,0x28,0x5d,0xff,0xff,0xff,0xfe,0xff,
    0xff,0xff,0xfe,0xff,0xfe,0xfe,0xfd,0xff,0xff,0xff,0xfe,0xff,0xfe,0xff,0xfe,0xff,0xfe,0xfe,0xfd,0xff,0xfe,0xff,0xfe,0xff,0xfe,0xfe,0xfd,0xff,0xfe,0xff,0xfe,0xff,
    0xff,0xff,0xfe,0xff,0xfc,0xff,0xfe,0xff,0xfb,0xfe,0xfe,0xff,0xfc,0xfd,0xfd,0xff,0xfb,0xfe,0xfe,0xff,0xfa,0xfe,0xfe,0xff,0xfe,0xfe,0xfe,0xff,0xfe,0xfe,0xfe,0xff,
    0xfb,0xff,0xff,0xff,0xfe,0xfd,0xfe,0xff,0xfe,0xfe,0xfe,0xff,0xfe,0xfe,0xfe,0xff,0xfe,0xfe,0xfe,0xff,0xfe,0xfe,0xfe,0xff,0xfe,0xfe,0xfe,0xff,0xfe,0xfe,0xfe,0xff,
    0xfe,0xfe,0xfe,0xff,0xfe,0xfe,0xfe,0xff,0xfe,0xfe,0xfe,0xff,0xfe,0xfe,0xfe,0xff,0xfe,0xfe,0xfe,0xff,0xfe,0xfe,0xfe,0xff,0xfe,0xfe,0xfe,0xff,0xfe,0xfe,0xfe,0xff,
    0xfe,0xfe,0xfe,0xff,0xfe,0xfe,0xfe,0xff,0xfe,0xfe,0xfe,0xff,0xff,0xfd,0xfd,0xff,0xec,0xe5,0xe2,0xff,0xec,0xe5,0xdf,0xff,0xd0,0xc6,0xc7,0xff,0x2e,0x23,0x2d,0xff,
    0x2b,0x1f,0x29,0xff,0x27,0x15,0x12,0xff,0x33,0x18,0x0c,0xff,0x30,0x16,0x0a,0xff,0x92,0x80,0x80,0x0e,0x00,0x00,0x00,0x00,0x00,0x00,0x00,0x00,0x00,0x00,0x00,0x00,
    0x00,0x00,0x00,0x00,0x00,0x00,0x00,0x00,0x00,0x00,0x00,0x00,0x00,0x00,0x00,0x00,0x00,0x00,0x00,0x00,0x00,0x00,0x00,0x00,0x00,0x00,0x00,0x00,0x00,0x00,0x00,0x00,
    0x00,0x00,0x00,0x00,0x00,0x00,0x00,0x00,0x00,0x00,0x00,0x00,0x00,0x00,0x00,0x00,0x00,0x00,0x00,0x00,0x00,0x00,0x00,0x00,0x00,0x00,0x00,0x00,0x00,0x00,0x00,0x00,
    0x00,0x00,0x00,0x00,0x00,0x00,0x00,0x00,0x00,0x00,0x00,0x00,0x00,0x00,0x00,0x00,0x00,0x00,0x00,0x00,0x00,0x00,0x00,0x00,0x00,0x00,0x00,0x00,0x00,0x00,0x00,0x00,
    0x00,0x00,0x00,0x00,0x00,0x00,0x00,0x00,0x00,0x00,0x00,0x00,0x00,0x00,0x00,0x00,0x00,0x00,0x00,0x00,0x00,0x00,0x00,0x00,0x00,0x00,0x00,0x00,0x00,0x00,0x00,0x00,
    0x00,0x00,0x00,0x00,0x00,0x00,0x00,0x00,0x00,0x00,0x00,0x00,0x00,0x00,0x00,0x00,0x00,0x00,0x00,0x00,0x00,0x00,0x00,0x00,0x00,0x00,0x00,0x00,0x00,0x00,0x00,0x00,
    0x00,0x00,0x00,0x00,0x00,0x00,0x00,0x00,0x00,0x00,0x00,0x00,0x00,0x00,0x00,0x00,0x00,0x00,0x00,0x00,0x00,0x00,0x00,0x00,0x00,0x00,0x00,0x00,0x00,0x00,0x00,0x00,
    0x00,0x00,0x00,0x00,0x00,0x00,0x00,0x00,0x00,0x00,0x00,0x00,0x00,0x00,0x00,0x00,0x00,0x00,0x00,0x00,0x95,0x8e,0x7f,0x24,0x26,0x10,0x03,0xff,0x34,0x12,0x04,0xff,
    0x78,0x60,0x5b,0xff,0xed,0xeb,0xe7,0xff,0xeb,0xe2,0xe1,0xff,0xf5,0xf1,0xed,0xff,0xfe,0xfd,0xff,0xff,0xff,0xff,0xfe,0xff,0xfa,0xf9,0xfe,0xff,0xf9,0xf7,0xff,0xff,
    0xf8,0xf9,0xfe,0xff,0x63,0x5b,0x93,0xff,0x18,0x0f,0x69,0xff,0x0d,0x07,0x6f,0xff,0x28,0x25,0xd5,0xff,0x1e,0x20,0xd5,0xff,0x23,0x23,0xc8,0xff,0x1c,0x13,0xa7,0xff,
    0x22,0x17,0xb0,0xff,0x2b,0x20,0xc4,0xff,0x2f,0x22,0xc6,0xff,0x2e,0x21,0xbf,0xff,0x15,0x09,0x70,0xff,0x20,0x10,0x59,0xff,0x2d,0x27,0x5c,0xff,0xfe,0xfe,0xfe,0xff,
    0xfd,0xff,0xff,0xff,0xfc,0xfe,0xfe,0xff,0xfc,0xfe,0xfe,0xff,0xfc,0xfe,0xfe,0xff,0xfc,0xfe,0xfe,0xff,0xfc,0xfe,0xfe,0xff,0xfc,0xfe,0xfe,0xff,0xfc,0xfe,0xfe,0xff,
    0xfd,0xff,0xff,0xff,0xfb,0xfe,0xfd,0xff,0xfc,0xfa,0xfa,0xff,0xff,0xfa,0xfa,0xff,0xff,0xfb,0xfb,0xff,0xfe,0xfb,0xfb,0xff,0xff,0xf9,0xfa,0xff,0xfe,0xf8,0xfa,0xff,
    0xfa,0xfc,0xfc,0xff,0xfa,0xfe,0xff,0xff,0xfc,0xfe,0xff,0xff,0xfe,0xfe,0xfe,0xff,0xfe,0xfe,0xfe,0xff,0xfe,0xfe,0xfe,0xff,0xfe,0xfe,0xfe,0xff,0xfe,0xfe,0xfe,0xff,
    0xfe,0xfe,0xfe,0xff,0xfe,0xfe,0xfe,0xff,0xfe,0xfe,0xfe,0xff,0xfd,0xfd,0xfd,0xff,0xfe,0xfe,0xfe,0xff,0xfd,0xfd,0xfd,0xff,0xfd,0xfd,0xfd,0xff,0xfd,0xfd,0xfd,0xff,
    0xfe,0xfe,0xfe,0xff,0xfe,0xfe,0xfe,0xff,0xfe,0xfe,0xfe,0xff,0xff,0xfe,0xfd,0xff,0xea,0xe7,0xe6,0xff,0xe5,0xe4,0xe2,0xff,0xc8,0xbe,0xbd,0xff,0x2d,0x1a,0x1d,0xff,
    0x31,0x20,0x23,0xff,0x29,0x16,0x11,0xff,0x2b,0x15,0x0b,0xff,0x29,0x15,0x11,0xff,0x92,0x80,0x80,0x0e,0x00,0x00,0x00,0x00,0x00,0x00,0x00,0x00,0x00,0x00,0x00,0x00,
    0x00,0x00,0x00,0x00,0x00,0x00,0x00,0x00,0x00,0x00,0x00,0x00,0x00,0x00,0x00,0x00,0x00,0x00,0x00,0x00,0x00,0x00,0x00,0x00,0x00,0x00,0x00,0x00,0x00,0x00,0x00,0x00,
    0x00,0x00,0x00,0x00,0x00,0x00,0x00,0x00,0x00,0x00,0x00,0x00,0x00,0x00,0x00,0x00,0x00,0x00,0x00,0x00,0x00,0x00,0x00,0x00,0x00,0x00,0x00,0x00,0x00,0x00,0x00,0x00,
    0x00,0x00,0x00,0x00,0x00,0x00,0x00,0x00,0x00,0x00,0x00,0x00,0x00,0x00,0x00,0x00,0x00,0x00,0x00,0x00,0x00,0x00,0x00,0x00,0x00,0x00,0x00,0x00,0x00,0x00,0x00,0x00,
    0x00,0x00,0x00,0x00,0x00,0x00,0x00,0x00,0x00,0x00,0x00,0x00,0x00,0x00,0x00,0x00,0x00,0x00,0x00,0x00,0x00,0x00,0x00,0x00,0x00,0x00,0x00,0x00,0x00,0x00,0x00,0x00,
    0x00,0x00,0x00,0x00,0x00,0x00,0x00,0x00,0x00,0x00,0x00,0x00,0x00,0x00,0x00,0x00,0x00,0x00,0x00,0x00,0x00,0x00,0x00,0x00,0x00,0x00,0x00,0x00,0x00,0x00,0x00,0x00,
    0x00,0x00,0x00,0x00,0x00,0x00,0x00,0x00,0x00,0x00,0x00,0x00,0x00,0x00,0x00,0x00,0x00,0x00,0x00,0x00,0x00,0x00,0x00,0x00,0x00,0x00,0x00,0x00,0x00,0x00,0x00,0x00,
    0x00,0x00,0x00,0x00,0x00,0x00,0x00,0x00,0x57,0x4a,0x43,0x26,0x2e,0x13,0x0e,0xff,0x31,0x14,0x0d,0xff,0x56,0x32,0x22,0xff,0xa8,0x7a,0x5e,0xff,0xa2,0x78,0x5a,0xff,
    0xbb,0x9e,0x92,0xff,0xfb,0xfd,0xfa,0xff,0xfb,0xfd,0xfe,0xff,0xfe,0xfd,0xfd,0xff,0xff,0xff,0xff,0xff,0xfb,0xfe,0xfc,0xff,0x87,0x83,0x9f,0xff,0x22,0x10,0x5f,0xff,
    0x1c,0x0f,0x5d,0xff,0x29,0x19,0x92,0xff,0x28,0x19,0xb2,0xff,0x22,0x1e,0xb2,0xff,0x35,0x3c,0xfc,0xff,0x2c,0x3b,0xf6,0xff,0x34,0x3a,0xfc,0xff,0x27,0x21,0xe2,0xff,
    0x28,0x22,0xdb,0xff,0x19,0x11,0xa8,0xff,0x28,0x17,0x9c,0xff,0x26,0x16,0xa5,0xff,0x19,0x0d,0x6a,0xff,0x20,0x10,0x58,0xff,0x2c,0x23,0x5c,0xff,0xff,0xfd,0xfd,0xff,
    0xfe,0xfe,0xfe,0xff,0xfe,0xfe,0xfe,0xff,0xfe,0xfe,0xfe,0xff,0xfe,0xfe,0xfe,0xff,0xfe,0xfe,0xfe,0xff,0xfe,0xfe,0xfe,0xff,0xfe,0xfe,0xfe,0xff,0xfe,0xfe,0xfe,0xff,
    0xfe,0xfe,0xfe,0xff,0xfe,0xfa,0xf8,0xff,0x3a,0x20,0x1e,0xff,0x51,0x27,0x28,0xff,0x4d,0x28,0x28,0xff,0x4c,0x29,0x29,0xff,0x4a,0x28,0x29,0xff,0x7e,0x6c,0x6b,0xff,
    0xff,0xfe,0xfd,0xff,0xfc,0xfe,0xfe,0xff,0xfe,0xfd,0xff,0xff,0xfe,0xfe,0xfe,0xff,0xfe,0xfe,0xfe,0xff,0xfe,0xfe,0xfe,0xff,0xfe,0xfe,0xfe,0xff,0xfe,0xfe,0xfe,0xff,
    0xfe,0xfe,0xfe,0xff,0xfe,0xfe,0xfe,0xff,0xfe,0xfe,0xfe,0xff,0xfe,0xfe,0xfe,0xff,0xfe,0xfe,0xfe,0xff,0xfe,0xfe,0xfe,0xff,0xfe,0xfe,0xfe,0xff,0xfe,0xfe,0xfe,0xff,
    0xfe,0xfe,0xfe,0xff,0xfe,0xfe,0xfe,0xff,0xfd,0xfe,0xfe,0xff,0xff,0xfd,0xfb,0xff,0xfd,0xfe,0xfc,0xff,0xfd,0xfe,0xfe,0xff,0xfa,0xf0,0xe8,0xff,0xda,0xba,0xa6,0xff,
    0xd8,0xb8,0xa7,0xff,0x57,0x38,0x2a,0xff,0x31,0x13,0x09,0xff,0x29,0x14,0x0d,0xff,0xcc,0xcc,0xcc,0x0a,0x00,0x00,0x00,0x00,0x00,0x00,0x00,0x00,0x00,0x00,0x00,0x00,
    0x00,0x00,0x00,0x00,0x00,0x00,0x00,0x00,0x00,0x00,0x00,0x00,0x00,0x00,0x00,0x00,0x00,0x00,0x00,0x00,0x00,0x00,0x00,0x00,0x00,0x00,0x00,0x00,0x00,0x00,0x00,0x00,
    0x00,0x00,0x00,0x00,0x00,0x00,0x00,0x00,0x00,0x00,0x00,0x00,0x00,0x00,0x00,0x00,0x00,0x00,0x00,0x00,0x00,0x00,0x00,0x00,0x00,0x00,0x00,0x00,0x00,0x00,0x00,0x00,
    0x00,0x00,0x00,0x00,0x00,0x00,0x00,0x00,0x00,0x00,0x00,0x00,0x00,0x00,0x00,0x00,0x00,0x00,0x00,0x00,0x00,0x00,0x00,0x00,0x00,0x00,0x00,0x00,0x00,0x00,0x00,0x00,
    0x00,0x00,0x00,0x00,0x00,0x00,0x00,0x00,0x00,0x00,0x00,0x00,0x00,0x00,0x00,0x00,0x00,0x00,0x00,0x00,0x00,0x00,0x00,0x00,0x00,0x00,0x00,0x00,0x00,0x00,0x00,0x00,
    0x00,0x00,0x00,0x00,0x00,0x00,0x00,0x00,0x00,0x00,0x00,0x00,0x00,0x00,0x00,0x00,0x00,0x00,0x00,0x00,0x00,0x00,0x00,0x00,0x00,0x00,0x00,0x00,0x00,0x00,0x00,0x00,
    0x00,0x00,0x00,0x00,0x00,0x00,0x00,0x00,0x00,0x00,0x00,0x00,0x00,0x00,0x00,0x00,0x00,0x00,0x00,0x00,0x00,0x00,0x00,0x00,0x00,0x00,0x00,0x00,0x00,0x00,0x00,0x00,
    0x00,0x00,0x00,0x00,0x00,0x00,0x00,0x00,0x51,0x4a,0x43,0x26,0x29,0x12,0x0c,0xff,0x31,0x13,0x0b,0xff,0x5a,0x36,0x25,0xff,0xa7,0x78,0x5e,0xff,0xa3,0x75,0x58,0xff,
    0xbb,0xa0,0x95,0xff,0xfe,0xfe,0xff,0xff,0xfe,0xfe,0xfe,0xff,0xfd,0xfe,0xff,0xff,0xfe,0xfd,0xfe,0xff,0xfe,0xff,0xfd,0xff,0x8c,0x89,0xa3,0xff,0x1e,0x10,0x5d,0xff,
    0x1d,0x10,0x5d,0xff,0x2b,0x1d,0x97,0xff,0x27,0x1b,0xb5,0xff,0x1e,0x1e,0xb6,0xff,0x31,0x3a,0xfc,0xff,0x29,0x39,0xfa,0xff,0x33,0x3b,0xfb,0xff,0x28,0x23,0xe0,0xff,
    0x24,0x25,0xdf,0xff,0x1b,0x16,0xa6,0xff,0x2c,0x18,0x9c,0xff,0x2a,0x18,0xa1,0xff,0x17,0x0c,0x65,0xff,0x23,0x13,0x5f,0xff,0x32,0x28,0x5b,0xff,0xfc,0xfb,0xff,0xff,
    0xfe,0xfe,0xfe,0xff,0xfe,0xfe,0xfe,0xff,0xfe,0xfe,0xfe,0xff,0xfe,0xfe,0xfe,0xff,0xfe,0xfe,0xfe,0xff,0xfe,0xfe,0xfe,0xff,0xfe,0xfe,0xfe,0xff,0xfe,0xfd,0xfd,0xff,
    0xfe,0xfe,0xfe,0xff,0xfc,0xfa,0xf9,0xff,0x43,0x26,0x25,0xff,0x4a,0x28,0x27,0xff,0x4a,0x29,0x2a,0xff,0x49,0x28,0x27,0xff,0x4c,0x29,0x27,0xff,0x86,0x72,0x70,0xff,
    0xff,0xff,0xfd,0xff,0xfe,0xff,0xfd,0xff,0xfe,0xfe,0xfe,0xff,0xfc,0xfe,0xfe,0xff,0xfe,0xfe,0xfe,0xff,0xfe,0xfe,0xfe,0xff,0xfe,0xfe,0xfe,0xff,0xfe,0xfe,0xfe,0xff,
    0xfe,0xfe,0xfe,0xff,0xfe,0xfe,0xfe,0xff,0xfe,0xfe,0xfe,0xff,0xfd,0xfd,0xfd,0xff,0xfd,0xfd,0xfd,0xff,0xfe,0xfe,0xfe,0xff,0xfe,0xfe,0xfe,0xff,0xfe,0xfe,0xfe,0xff,
    0xfe,0xfe,0xfe,0xff,0xfe,0xfe,0xfe,0xff,0xff,0xfe,0xfe,0xff,0xfe,0xfe,0xfd,0xff,0xfb,0xff,0xfe,0xff,0xfd,0xfe,0xfd,0xff,0xfb,0xf0,0xe8,0xff,0xd7,0xb6,0xa7,0xff,
    0xd9,0xbb,0xb0,0xff,0x56,0x3c,0x33,0xff,0x28,0x10,0x06,0xff,0x22,0x10,0x0d,0xff,0xcc,0xcc,0xcc,0x0a,0x00,0x00,0x00,0x00,0x00,0x00,0x00,0x00,0x00,0x00,0x00,0x00,
    0x00,0x00,0x00,0x00,0x00,0x00,0x00,0x00,0x00,0x00,0x00,0x00,0x00,0x00,0x00,0x00,0x00,0x00,0x00,0x00,0x00,0x00,0x00,0x00,0x00,0x00,0x00,0x00,0x00,0x00,0x00,0x00,
    0x00,0x00,0x00,0x00,0x00,0x00,0x00,0x00,0x00,0x00,0x00,0x00,0x00,0x00,0x00,0x00,0x00,0x00,0x00,0x00,0x00,0x00,0x00,0x00,0x00,0x00,0x00,0x00,0x00,0x00,0x00,0x00,
    0x00,0x00,0x00,0x00,0x00,0x00,0x00,0x00,0x00,0x00,0x00,0x00,0x00,0x00,0x00,0x00,0x00,0x00,0x00,0x00,0x00,0x00,0x00,0x00,0x00,0x00,0x00,0x00,0x00,0x00,0x00,0x00,
    0x00,0x00,0x00,0x00,0x00,0x00,0x00,0x00,0x00,0x00,0x00,0x00,0x00,0x00,0x00,0x00,0x00,0x00,0x00,0x00,0x00,0x00,0x00,0x00,0x00,0x00,0x00,0x00,0x00,0x00,0x00,0x00,
    0x00,0x00,0x00,0x00,0x00,0x00,0x00,0x00,0x00,0x00,0x00,0x00,0x00,0x00,0x00,0x00,0x00,0x00,0x00,0x00,0x00,0x00,0x00,0x00,0x00,0x00,0x00,0x00,0x00,0x00,0x00,0x00,
    0x00,0x00,0x00,0x00,0x00,0x00,0x00,0x00,0x00,0x00,0x00,0x00,0x00,0x00,0x00,0x00,0x00,0x00,0x00,0x00,0x00,0x00,0x00,0x00,0x00,0x00,0x00,0x00,0x00,0x00,0x00,0x00,
    0x00,0x00,0x00,0x00,0x00,0x00,0x00,0x00,0x57,0x4a,0x4a,0x26,0x2c,0x13,0x0e,0xff,0x2f,0x13,0x0b,0xff,0x5f,0x42,0x34,0xff,0xd0,0xac,0x95,0xff,0xd7,0xaf,0x97,0xff,
    0xe1,0xcc,0xc1,0xff,0xfd,0xfd,0xff,0xff,0xff,0xfe,0xfd,0xff,0xfc,0xfe,0xff,0xff,0xfd,0xfd,0xfd,0xff,0xfe,0xfe,0xff,0xff,0x89,0x86,0xa1,0xff,0x1e,0x10,0x5e,0xff,
    0x1f,0x12,0x62,0xff,0x2a,0x19,0x9b,0xff,0x29,0x1c,0xb7,0xff,0x22,0x1a,0xb3,0xff,0x22,0x24,0xdd,0xff,0x26,0x2a,0xe4,0xff,0x2c,0x2f,0xe6,0xff,0x27,0x1f,0xca,0xff,
    0x22,0x1b,0xce,0xff,0x18,0x0d,0x94,0xff,0x23,0x0e,0x7e,0xff,0x1d,0x11,0x70,0xff,0x9e,0x97,0xc6,0xff,0xb5,0xa8,0xc9,0xff,0xbe,0xb7,0xc7,0xff,0xfe,0xff,0xfe,0xff,
    0xfe,0xfe,0xfe,0xff,0xfe,0xfe,0xfe,0xff,0xfe,0xfe,0xfe,0xff,0xfe,0xfe,0xfe,0xff,0xfe,0xfe,0xfe,0xff,0xfe,0xfe,0xfe,0xff,0xfe,0xfe,0xfe,0xff,0xff,0xff,0xff,0xff,
    0xfd,0xfd,0xfd,0xff,0xfa,0xf9,0xf8,0xff,0x39,0x1a,0x18,0xff,0x36,0x19,0x15,0xff,0x38,0x17,0x17,0xff,0x34,0x16,0x12,0xff,0x3c,0x1c,0x17,0xff,0x7f,0x6d,0x6d,0xff,
    0xfd,0xfd,0xfd,0xff,0xfe,0xff,0xfd,0xff,0xff,0xfe,0xfe,0xff,0xfd,0xfe,0xfe,0xff,0xfe,0xfe,0xfe,0xff,0xfe,0xfe,0xfe,0xff,0xfe,0xfe,0xfe,0xff,0xfe,0xfe,0xfe,0xff,
    0xfe,0xfe,0xfe,0xff,0xfe,0xfe,0xfe,0xff,0xfe,0xfe,0xfe,0xff,0xfe,0xfe,0xfe,0xff,0xfe,0xfe,0xfe,0xff,0xfe,0xfe,0xfe,0xff,0xfe,0xfe,0xfe,0xff,0xfe,0xfe,0xfe,0xff,
    0xfe,0xfe,0xfe,0xff,0xfe,0xfe,0xfe,0xff,0xff,0xfe,0xfe,0xff,0xfe,0xfe,0xfe,0xff,0xfc,0xfe,0xff,0xff,0xfd,0xfd,0xfc,0xff,0xfc,0xf9,0xf3,0xff,0xf2,0xea,0xe2,0xff,
    0xf5,0xea,0xe2,0xff,0xc0,0xad,0xa1,0xff,0xb4,0x9c,0x8d,0xff,0xc0,0xa9,0xa1,0xff,0x43,0x31,0x2b,0xeb,0x2c,0x18,0x12,0xeb,0x29,0x1d,0x18,0xc3,0x00,0x00,0x00,0x00,
    0x00,0x00,0x00,0x00,0x00,0x00,0x00,0x00,0x00,0x00,0x00,0x00,0x00,0x00,0x00,0x00,0x00,0x00,0x00,0x00,0x00,0x00,0x00,0x00,0x00,0x00,0x00,0x00,0x00,0x00,0x00,0x00,
    0x00,0x00,0x00,0x00,0x00,0x00,0x00,0x00,0x00,0x00,0x00,0x00,0x00,0x00,0x00,0x00,0x00,0x00,0x00,0x00,0x00,0x00,0x00,0x00,0x00,0x00,0x00,0x00,0x00,0x00,0x00,0x00,
    0x00,0x00,0x00,0x00,0x00,0x00,0x00,0x00,0x00,0x00,0x00,0x00,0x00,0x00,0x00,0x00,0x00,0x00,0x00,0x00,0x00,0x00,0x00,0x00,0x00,0x00,0x00,0x00,0x00,0x00,0x00,0x00,
    0x00,0x00,0x00,0x00,0x00,0x00,0x00,0x00,0x00,0x00,0x00,0x00,0x00,0x00,0x00,0x00,0x00,0x00,0x00,0x00,0x00,0x00,0x00,0x00,0x00,0x00,0x00,0x00,0x00,0x00,0x00,0x00,
    0x00,0x00,0x00,0x00,0x00,0x00,0x00,0x00,0x00,0x00,0x00,0x00,0x00,0x00,0x00,0x00,0x00,0x00,0x00,0x00,0x00,0x00,0x00,0x00,0x00,0x00,0x00,0x00,0x00,0x00,0x00,0x00,
    0x00,0x00,0x00,0x00,0x00,0x00,0x00,0x00,0x00,0x00,0x00,0x00,0x00,0x00,0x00,0x00,0x00,0x00,0x00,0x00,0x00,0x00,0x00,0x00,0x00,0x00,0x00,0x00,0x00,0x00,0x00,0x00,
    0x00,0x00,0x00,0x00,0x00,0x00,0x00,0x00,0x5e,0x4a,0x4a,0x26,0x2c,0x13,0x0d,0xff,0x2b,0x12,0x0b,0xff,0x5d,0x47,0x3a,0xff,0xe2,0xc7,0xb2,0xff,0xe5,0xc4,0xb0,0xff,
    0xe3,0xd2,0xc8,0xff,0xfa,0xfc,0xff,0xff,0xfe,0xff,0xfd,0xff,0xfb,0xfe,0xff,0xff,0xfd,0xfd,0xfd,0xff,0xfe,0xfe,0xff,0xff,0x89,0x86,0xa1,0xff,0x1f,0x11,0x5f,0xff,
    0x20,0x12,0x63,0xff,0x26,0x1a,0x95,0xff,0x29,0x1d,0xb4,0xff,0x29,0x1d,0xb9,0xff,0x27,0x23,0xd7,0xff,0x24,0x20,0xd7,0xff,0x27,0x24,0xd8,0xff,0x26,0x21,0xbf,0xff,
    0x28,0x1d,0xc3,0xff,0x19,0x0f,0x79,0xff,0x22,0x14,0x5c,0xff,0x21,0x13,0x5b,0xff,0xd5,0xc8,0xdf,0xff,0xf0,0xe4,0xd9,0xff,0xee,0xe7,0xe0,0xff,0xfe,0xfc,0xfd,0xff,
    0xfe,0xfe,0xfe,0xff,0xfe,0xfe,0xfe,0xff,0xfd,0xfd,0xfd,0xff,0xfd,0xfd,0xfd,0xff,0xfd,0xfd,0xfd,0xff,0xfe,0xfe,0xfe,0xff,0xfe,0xfe,0xfe,0xff,0xfe,0xfe,0xfe,0xff,
    0xfe,0xfe,0xfe,0xff,0xfb,0xfb,0xfb,0xff,0x30,0x13,0x11,0xff,0x2f,0x15,0x0f,0xff,0x2e,0x11,0x0f,0xff,0x31,0x14,0x0f,0xff,0x32,0x14,0x0f,0xff,0x74,0x65,0x66,0xff,
    0xfd,0xfb,0xff,0xff,0xfe,0xfe,0xfe,0xff,0xff,0xfe,0xfe,0xff,0xfe,0xfe,0xfe,0xff,0xfe,0xfe,0xfe,0xff,0xfe,0xfe,0xfe,0xff,0xfe,0xfe,0xfe,0xff,0xfe,0xfe,0xfe,0xff,
    0xfe,0xfe,0xfe,0xff,0xfe,0xfe,0xfe,0xff,0xfe,0xfe,0xfe,0xff,0xfe,0xfe,0xfe,0xff,0xfe,0xfe,0xfe,0xff,0xfe,0xfe,0xfe,0xff,0xfe,0xfe,0xfe,0xff,0xfe,0xfe,0xfe,0xff,
    0xfe,0xfe,0xfe,0xff,0xfe,0xfe,0xfe,0xff,0xfd,0xfe,0xfe,0xff,0xfd,0xfe,0xfe,0xff,0xff,0xfd,0xff,0xff,0xff,0xfd,0xff,0xff,0xff,0xff,0xfe,0xff,0xfb,0xfe,0xfb,0xff,
    0xfb,0xfc,0xf7,0xff,0xe2,0xd2,0xc8,0xff,0xe4,0xc7,0xb7,0xff,0xe7,0xca,0xba,0xff,0x46,0x29,0x1f,0xff,0x34,0x12,0x08,0xff,0x2e,0x18,0x12,0xd1,0x00,0x00,0x00,0x00,
    0x00,0x00,0x00,0x00,0x00,0x00,0x00,0x00,0x00,0x00,0x00,0x00,0x00,0x00,0x00,0x00,0x00,0x00,0x00,0x00,0x00,0x00,0x00,0x00,0x00,0x00,0x00,0x00,0x00,0x00,0x00,0x00,
    0x00,0x00,0x00,0x00,0x00,0x00,0x00,0x00,0x00,0x00,0x00,0x00,0x00,0x00,0x00,0x00,0x00,0x00,0x00,0x00,0x00,0x00,0x00,0x00,0x00,0x00,0x00,0x00,0x00,0x00,0x00,0x00,
    0x00,0x00,0x00,0x00,0x00,0x00,0x00,0x00,0x00,0x00,0x00,0x00,0x00,0x00,0x00,0x00,0x00,0x00,0x00,0x00,0x00,0x00,0x00,0x00,0x00,0x00,0x00,0x00,0x00,0x00,0x00,0x00,
    0x00,0x00,0x00,0x00,0x00,0x00,0x00,0x00,0x00,0x00,0x00,0x00,0x00,0x00,0x00,0x00,0x00,0x00,0x00,0x00,0x00,0x00,0x00,0x00,0x00,0x00,0x00,0x00,0x00,0x00,0x00,0x00,
    0x00,0x00,0x00,0x00,0x00,0x00,0x00,0x00,0x00,0x00,0x00,0x00,0x00,0x00,0x00,0x00,0x00,0x00,0x00,0x00,0x00,0x00,0x00,0x00,0x00,0x00,0x00,0x00,0x00,0x00,0x00,0x00,
    0x00,0x00,0x00,0x00,0x00,0x00,0x00,0x00,0x00,0x00,0x00,0x00,0x00,0x00,0x00,0x00,0x00,0x00,0x00,0x00,0x00,0x00,0x00,0x00,0x00,0x00,0x00,0x00,0x00,0x00,0x00,0x00,
    0x00,0x00,0x00,0x00,0x00,0x00,0x00,0x00,0x57,0x4a,0x43,0x26,0x2f,0x14,0x0d,0xff,0x33,0x13,0x0d,0xff,0x67,0x48,0x3e,0xff,0xe4,0xc2,0xb4,0xff,0xe0,0xc2,0xb3,0xff,
    0xe5,0xd3,0xcb,0xff,0xfe,0xfd,0xff,0xff,0xff,0xfe,0xfc,0xff,0xfe,0xfe,0xff,0xff,0xfe,0xfe,0xfe,0xff,0xfe,0xfd,0xfe,0xff,0x8c,0x89,0xa4,0xff,0x20,0x12,0x60,0xff,
    0x1e,0x10,0x63,0xff,0x2f,0x1f,0x9e,0xff,0x28,0x1e,0xb1,0xff,0x24,0x19,0xba,0xff,0x27,0x25,0xd8,0xff,0x25,0x1f,0xd8,0xff,0x2a,0x22,0xd7,0xff,0x26,0x1e,0xbf,0xff,
    0x2b,0x1f,0xc1,0xff,0x14,0x0d,0x75,0xff,0x1f,0x14,0x61,0xff,0x21,0x10,0x66,0xff,0xde,0xce,0xef,0xff,0xf2,0xe9,0xdb,0xff,0xe8,0xe2,0xdc,0xff,0xfe,0xfa,0xff,0xff,
    0xfe,0xfe,0xfe,0xff,0xfe,0xfe,0xfe,0xff,0xfe,0xfe,0xfe,0xff,0xfe,0xfe,0xfe,0xff,0xfe,0xfe,0xfe,0xff,0xfe,0xfe,0xfe,0xff,0xfe,0xfe,0xfe,0xff,0xfd,0xfd,0xfd,0xff,
    0xfe,0xfe,0xfe,0xff,0xfb,0xfb,0xfc,0xff,0x2a,0x0d,0x0f,0xff,0x2c,0x12,0x0c,0xff,0x2e,0x11,0x0f,0xff,0x2f,0x13,0x10,0xff,0x30,0x13,0x0e,0xff,0x74,0x65,0x63,0xff,
    0xfd,0xfc,0xfe,0xff,0xfe,0xfe,0xfe,0xff,0xff,0xfe,0xfd,0xff,0xfe,0xfe,0xfe,0xff,0xfe,0xfe,0xfe,0xff,0xfe,0xfe,0xfe,0xff,0xfd,0xfd,0xfd,0xff,0xfe,0xfe,0xfe,0xff,
    0xfe,0xfe,0xfe,0xff,0xfe,0xfe,0xfe,0xff,0xfe,0xfe,0xfe,0xff,0xfe,0xfe,0xfe,0xff,0xfe,0xfe,0xfe,0xff,0xfe,0xfe,0xfe,0xff,0xfe,0xfe,0xfe,0xff,0xfe,0xfe,0xfe,0xff,
    0xfe,0xfe,0xfe,0xff,0xfe,0xfe,0xfe,0xff,0xfc,0xfe,0xfe,0xff,0xfd,0xfe,0xfe,0xff,0xff,0xfd,0xff,0xff,0xff,0xfd,0xff,0xff,0xfc,0xfe,0xff,0xff,0xf9,0xfd,0xfe,0xff,
    0xff,0xfd,0xfe,0xff,0xe8,0xd7,0xd0,0xff,0xe5,0xc9,0xb9,0xff,0xe0,0xc8,0xb7,0xff,0x45,0x2d,0x22,0xff,0x30,0x14,0x09,0xff,0x25,0x12,0x0b,0xd3,0x00,0x00,0x00,0x00,
    0x00,0x00,0x00,0x00,0x00,0x00,0x00,0x00,0x00,0x00,0x00,0x00,0x00,0x00,0x00,0x00,0x00,0x00,0x00,0x00,0x00,0x00,0x00,0x00,0x00,0x00,0x00,0x00,0x00,0x00,0x00,0x00,
    0x00,0x00,0x00,0x00,0x00,0x00,0x00,0x00,0x00,0x00,0x00,0x00,0x00,0x00,0x00,0x00,0x00,0x00,0x00,0x00,0x00,0x00,0x00,0x00,0x00,0x00,0x00,0x00,0x00,0x00,0x00,0x00,
    0x00,0x00,0x00,0x00,0x00,0x00,0x00,0x00,0x00,0x00,0x00,0x00,0x00,0x00,0x00,0x00,0x00,0x00,0x00,0x00,0x00,0x00,0x00,0x00,0x00,0x00,0x00,0x00,0x00,0x00,0x00,0x00,
    0x00,0x00,0x00,0x00,0x00,0x00,0x00,0x00,0x00,0x00,0x00,0x00,0x00,0x00,0x00,0x00,0x00,0x00,0x00,0x00,0x00,0x00,0x00,0x00,0x00,0x00,0x00,0x00,0x00,0x00,0x00,0x00,
    0x00,0x00,0x00,0x00,0x00,0x00,0x00,0x00,0x00,0x00,0x00,0x00,0x00,0x00,0x00,0x00,0x00,0x00,0x00,0x00,0x00,0x00,0x00,0x00,0x00,0x00,0x00,0x00,0x00,0x00,0x00,0x00,
    0x00,0x00,0x00,0x00,0x00,0x00,0x00,0x00,0x00,0x00,0x00,0x00,0x00,0x00,0x00,0x00,0x00,0x00,0x00,0x00,0x00,0x00,0x00,0x00,0x00,0x00,0x00,0x00,0x00,0x00,0x00,0x00,
    0x00,0x00,0x00,0x00,0x00,0x00,0x00,0x00,0x57,0x4a,0x43,0x26,0x30,0x14,0x0c,0xff,0x31,0x14,0x0d,0xff,0x5e,0x48,0x3f,0xff,0xe8,0xd4,0xc7,0xff,0xec,0xd7,0xcd,0xff,
    0xf3,0xe9,0xe1,0xff,0xfb,0xfd,0xff,0xff,0xff,0xff,0xfb,0xff,0xfc,0xfe,0xff,0xff,0xfd,0xfe,0xfe,0xff,0xfe,0xfd,0xff,0xff,0x8b,0x88,0xa3,0xff,0x1e,0x10,0x5e,0xff,
    0x21,0x13,0x61,0xff,0x1f,0x13,0x6d,0xff,0x18,0x17,0x6b,0xff,0x20,0x15,0x6e,0xff,0x1a,0x13,0x71,0xff,0x1b,0x10,0x71,0xff,0x1a,0x13,0x6c,0xff,0x18,0x14,0x6f,0xff,
    0x1a,0x13,0x72,0xff,0x1b,0x13,0x5b,0xff,0x23,0x13,0x61,0xff,0x21,0x13,0x5c,0xff,0xde,0xda,0xf2,0xff,0xff,0xfe,0xfd,0xff,0xfe,0xfc,0xfa,0xff,0xfe,0xfd,0xfd,0xff,
    0xfe,0xfe,0xfe,0xff,0xfe,0xfe,0xfe,0xff,0xfe,0xfe,0xfe,0xff,0xfe,0xfe,0xfe,0xff,0xfe,0xfe,0xfe,0xff,0xfe,0xfe,0xfe,0xff,0xfe,0xfe,0xfe,0xff,0xfe,0xfe,0xfe,0xff,
    0xfe,0xfe,0xfe,0xff,0xfe,0xfe,0xfc,0xff,0xd8,0xbd,0xb6,0xff,0xd8,0xc0,0xb0,0xff,0xe2,0xc9,0xb9,0xff,0xde,0xc5,0xb7,0xff,0xde,0xc0,0xb2,0xff,0xe6,0xd7,0xcf,0xff,
    0xfc,0xfc,0xfc,0xff,0xfe,0xfe,0xfe,0xff,0xfe,0xff,0xfd,0xff,0xfc,0xfe,0xfe,0xff,0xfe,0xfe,0xfe,0xff,0xfe,0xfe,0xfe,0xff,0xfd,0xfd,0xfd,0xff,0xfe,0xfe,0xfe,0xff,
    0xfe,0xfe,0xfe,0xff,0xfe,0xfe,0xfe,0xff,0xfe,0xfe,0xfe,0xff,0xfe,0xfe,0xfe,0xff,0xfe,0xfe,0xfe,0xff,0xfe,0xfe,0xfe,0xff,0xfe,0xfe,0xfe,0xff,0xfe,0xfe,0xfe,0xff,
    0xfe,0xfe,0xfe,0xff,0xfe,0xfe,0xfe,0xff,0xfe,0xfe,0xfe,0xff,0xfe,0xfe,0xfe,0xff,0xfe,0xfe,0xfe,0xff,0xfd,0xfd,0xfd,0xff,0xfd,0xfd,0xfd,0xff,0xff,0xfd,0xfd,0xff,
    0xff,0xfe,0xfe,0xff,0xea,0xe3,0xde,0xff,0xf1,0xe3,0xd9,0xff,0xf6,0xe6,0xdf,0xff,0x45,0x2f,0x2a,0xff,0x30,0x12,0x09,0xff,0x28,0x13,0x0f,0xd2,0x00,0x00,0x00,0x00,
    0x00,0x00,0x00,0x00,0x00,0x00,0x00,0x00,0x00,0x00,0x00,0x00,0x00,0x00,0x00,0x00,0x00,0x00,0x00,0x00,0x00,0x00,0x00,0x00,0x00,0x00,0x00,0x00,0x00,0x00,0x00,0x00,
    0x00,0x00,0x00,0x00,0x00,0x00,0x00,0x00,0x00,0x00,0x00,0x00,0x00,0x00,0x00,0x00,0x00,0x00,0x00,0x00,0x00,0x00,0x00,0x00,0x00,0x00,0x00,0x00,0x00,0x00,0x00,0x00,
    0x00,0x00,0x00,0x00,0x00,0x00,0x00,0x00,0x00,0x00,0x00,0x00,0x00,0x00,0x00,0x00,0x00,0x00,0x00,0x00,0x00,0x00,0x00,0x00,0x00,0x00,0x00,0x00,0x00,0x00,0x00,0x00,
    0x00,0x00,0x00,0x00,0x00,0x00,0x00,0x00,0x00,0x00,0x00,0x00,0x00,0x00,0x00,0x00,0x00,0x00,0x00,0x00,0x00,0x00,0x00,0x00,0x00,0x00,0x00,0x00,0x00,0x00,0x00,0x00,
    0x00,0x00,0x00,0x00,0x00,0x00,0x00,0x00,0x00,0x00,0x00,0x00,0x00,0x00,0x00,0x00,0x00,0x00,0x00,0x00,0x00,0x00,0x00,0x00,0x00,0x00,0x00,0x00,0x00,0x00,0x00,0x00,
    0x00,0x00,0x00,0x00,0x00,0x00,0x00,0x00,0x00,0x00,0x00,0x00,0x00,0x00,0x00,0x00,0x00,0x00,0x00,0x00,0x00,0x00,0x00,0x00,0x00,0x00,0x00,0x00,0x00,0x00,0x00,0x00,
    0x00,0x00,0x00,0x00,0x00,0x00,0x00,0x00,0x5e,0x51,0x4a,0x26,0x33,0x14,0x0f,0xff,0x31,0x14,0x0d,0xff,0x63,0x4f,0x44,0xff,0xeb,0xd8,0xcd,0xff,0xe6,0xd5,0xc9,0xff,
    0xf1,0xea,0xe2,0xff,0xfe,0xfe,0xfd,0xff,0xfe,0xff,0xfd,0xff,0xfd,0xfe,0xff,0xff,0xfd,0xfe,0xfe,0xff,0xfe,0xfd,0xfe,0xff,0x89,0x86,0xa0,0xff,0x1e,0x10,0x5d,0xff,
    0x22,0x12,0x63,0xff,0x21,0x0e,0x66,0xff,0x21,0x16,0x66,0xff,0x23,0x14,0x63,0xff,0x28,0x17,0x5e,0xff,0x28,0x10,0x65,0xff,0x21,0x16,0x5d,0xff,0x26,0x14,0x6b,0xff,
    0x20,0x13,0x67,0xff,0x27,0x1a,0x65,0xff,0x24,0x0f,0x5e,0xff,0x1f,0x12,0x5c,0xff,0xe1,0xde,0xf8,0xff,0xfe,0xfd,0xff,0xff,0xff,0xfe,0xfe,0xff,0xfe,0xfd,0xff,0xff,
    0xfe,0xfe,0xfe,0xff,0xfe,0xfe,0xfe,0xff,0xfe,0xfe,0xfe,0xff,0xfe,0xfe,0xfe,0xff,0xfe,0xfe,0xfe,0xff,0xfe,0xfe,0xfe,0xff,0xfe,0xfe,0xfe,0xff,0xfe,0xfe,0xfe,0xff,
    0xfe,0xfe,0xfe,0xff,0xff,0xfe,0xf8,0xff,0xdb,0xc7,0xb9,0xff,0xe6,0xcd,0xba,0xff,0xe7,0xcc,0xb7,0xff,0xe7,0xcb,0xba,0xff,0xe3,0xc8,0xb8,0xff,0xeb,0xdc,0xd0,0xff,
    0xff,0xff,0xfb,0xff,0xfe,0xfe,0xfe,0xff,0xff,0xff,0xff,0xff,0xfe,0xfe,0xfe,0xff,0xfe,0xfe,0xfe,0xff,0xfe,0xfe,0xfe,0xff,0xfe,0xfe,0xfe,0xff,0xfe,0xfe,0xfe,0xff,
    0xfe,0xfe,0xfe,0xff,0xfe,0xfe,0xfe,0xff,0xfe,0xfe,0xfe,0xff,0xfe,0xfe,0xfe,0xff,0xfe,0xfe,0xfe,0xff,0xfe,0xfe,0xfe,0xff,0xfe,0xfe,0xfe,0xff,0xfe,0xfe,0xfe,0xff,
    0xfe,0xfe,0xfe,0xff,0xfe,0xfe,0xfe,0xff,0xfe,0xfe,0xfe,0xff,0xfe,0xfe,0xfe,0xff,0xfe,0xfe,0xfe,0xff,0xfd,0xfd,0xfd,0xff,0xfe,0xfe,0xfe,0xff,0xff,0xff,0xfe,0xff,
    0xfd,0xfd,0xfd,0xff,0xed,0xe7,0xe3,0xff,0xef,0xe4,0xdc,0xff,0xec,0xdf,0xdb,0xff,0x44,0x2f,0x2a,0xff,0x31,0x13,0x0b,0xff,0x27,0x13,0x0f,0xd3,0x00,0x00,0x00,0x00,
    0x00,0x00,0x00,0x00,0x00,0x00,0x00,0x00,0x00,0x00,0x00,0x00,0x00,0x00,0x00,0x00,0x00,0x00,0x00,0x00,0x00,0x00,0x00,0x00,0x00,0x00,0x00,0x00,0x00,0x00,0x00,0x00,
    0x00,0x00,0x00,0x00,0x00,0x00,0x00,0x00,0x00,0x00,0x00,0x00,0x00,0x00,0x00,0x00,0x00,0x00,0x00,0x00,0x00,0x00,0x00,0x00,0x00,0x00,0x00,0x00,0x00,0x00,0x00,0x00,
    0x00,0x00,0x00,0x00,0x00,0x00,0x00,0x00,0x00,0x00,0x00,0x00,0x00,0x00,0x00,0x00,0x00,0x00,0x00,0x00,0x00,0x00,0x00,0x00,0x00,0x00,0x00,0x00,0x00,0x00,0x00,0x00,
    0x00,0x00,0x00,0x00,0x00,0x00,0x00,0x00,0x00,0x00,0x00,0x00,0x00,0x00,0x00,0x00,0x00,0x00,0x00,0x00,0x00,0x00,0x00,0x00,0x00,0x00,0x00,0x00,0x00,0x00,0x00,0x00,
    0x00,0x00,0x00,0x00,0x00,0x00,0x00,0x00,0x00,0x00,0x00,0x00,0x00,0x00,0x00,0x00,0x00,0x00,0x00,0x00,0x00,0x00,0x00,0x00,0x00,0x00,0x00,0x00,0x00,0x00,0x00,0x00,
    0x00,0x00,0x00,0x00,0x00,0x00,0x00,0x00,0x00,0x00,0x00,0x00,0x00,0x00,0x00,0x00,0x00,0x00,0x00,0x00,0x00,0x00,0x00,0x00,0x00,0x00,0x00,0x00,0x00,0x00,0x00,0x00,
    0x00,0x00,0x00,0x00,0x00,0x00,0x00,0x00,0x51,0x43,0x3c,0x26,0x37,0x13,0x0b,0xff,0x36,0x17,0x0a,0xff,0x66,0x50,0x44,0xff,0xe9,0xd6,0xce,0xff,0xe4,0xd5,0xc9,0xff,
    0xf2,0xed,0xe7,0xff,0xff,0xfe,0xfd,0xff,0xfe,0xfe,0xfe,0xff,0xfe,0xfe,0xfe,0xff,0xfd,0xfe,0xfe,0xff,0xfe,0xfd,0xfe,0xff,0x89,0x86,0xa0,0xff,0x1e,0x10,0x5e,0xff,
    0x1e,0x0f,0x63,0xff,0x23,0x15,0x5f,0xff,0x29,0x19,0x5c,0xff,0x22,0x12,0x60,0xff,0x1f,0x13,0x66,0xff,0x1c,0x13,0x6c,0xff,0x1c,0x18,0x63,0xff,0x2c,0x18,0x64,0xff,
    0x26,0x18,0x61,0xff,0x20,0x17,0x6a,0xff,0x25,0x18,0x6a,0xff,0x21,0x13,0x60,0xff,0xe2,0xde,0xf8,0xff,0xfe,0xfe,0xfe,0xff,0xfe,0xfe,0xfe,0xff,0xfe,0xfd,0xff,0xff,
    0xfe,0xfe,0xfe,0xff,0xfe,0xfe,0xfe,0xff,0xfe,0xfe,0xfe,0xff,0xfe,0xfe,0xfe,0xff,0xfe,0xfe,0xfe,0xff,0xfe,0xfe,0xfe,0xff,0xfe,0xfe,0xfe,0xff,0xfe,0xfe,0xfe,0xff,
    0xfe,0xfe,0xfe,0xff,0xff,0xfe,0xfc,0xff,0xd8,0xcb,0xc2,0xff,0xe3,0xcf,0xc0,0xff,0xdf,0xcb,0xbc,0xff,0xdf,0xca,0xbd,0xff,0xdf,0xca,0xbf,0xff,0xea,0xde,0xd5,0xff,
    0xfd,0xfd,0xfb,0xff,0xfe,0xfe,0xfe,0xff,0xff,0xfe,0xfe,0xff,0xfe,0xfe,0xfe,0xff,0xfe,0xfe,0xfe,0xff,0xfe,0xfe,0xfe,0xff,0xfe,0xfe,0xfe,0xff,0xfe,0xfe,0xfe,0xff,
    0xfe,0xfe,0xfe,0xff,0xfe,0xfe,0xfe,0xff,0xfe,0xfe,0xfe,0xff,0xfe,0xfe,0xfe,0xff,0xfe,0xfe,0xfe,0xff,0xfe,0xfe,0xfe,0xff,0xfe,0xfe,0xfe,0xff,0xfe,0xfe,0xfe,0xff,
    0xfe,0xfe,0xfe,0xff,0xfe,0xfe,0xfe,0xff,0xfe,0xfe,0xfe,0xff,0xfe,0xfe,0xfe,0xff,0xfe,0xfe,0xfe,0xff,0xfd,0xfd,0xfd,0xff,0xfe,0xfe,0xfe,0xff,0xfd,0xff,0xfe,0xff,
    0xfd,0xfd,0xfd,0xff,0xf2,0xeb,0xe7,0xff,0xee,0xe3,0xd9,0xff,0xf0,0xe4,0xde,0xff,0x48,0x32,0x2c,0xff,0x32,0x14,0x09,0xff,0x25,0x13,0x0c,0xd4,0x00,0x00,0x00,0x00,
    0x00,0x00,0x00,0x00,0x00,0x00,0x00,0x00,0x00,0x00,0x00,0x00,0x00,0x00,0x00,0x00,0x00,0x00,0x00,0x00,0x00,0x00,0x00,0x00,0x00,0x00,0x00,0x00,0x00,0x00,0x00,0x00,
    0x00,0x00,0x00,0x00,0x00,0x00,0x00,0x00,0x00,0x00,0x00,0x00,0x00,0x00,0x00,0x00,0x00,0x00,0x00,0x00,0x00,0x00,0x00,0x00,0x00,0x00,0x00,0x00,0x00,0x00,0x00,0x00,
    0x00,0x00,0x00,0x00,0x00,0x00,0x00,0x00,0x00,0x00,0x00,0x00,0x00,0x00,0x00,0x00,0x00,0x00,0x00,0x00,0x00,0x00,0x00,0x00,0x00,0x00,0x00,0x00,0x00,0x00,0x00,0x00,
    0x00,0x00,0x00,0x00,0x00,0x00,0x00,0x00,0x00,0x00,0x00,0x00,0x00,0x00,0x00,0x00,0x00,0x00,0x00,0x00,0x00,0x00,0x00,0x00,0x00,0x00,0x00,0x00,0x00,0x00,0x00,0x00,
    0x00,0x00,0x00,0x00,0x00,0x00,0x00,0x00,0x00,0x00,0x00,0x00,0x00,0x00,0x00,0x00,0x00,0x00,0x00,0x00,0x00,0x00,0x00,0x00,0x00,0x00,0x00,0x00,0x00,0x00,0x00,0x00,
    0x00,0x00,0x00,0x00,0x00,0x00,0x00,0x00,0x00,0x00,0x00,0x00,0x00,0x00,0x00,0x00,0x00,0x00,0x00,0x00,0x00,0x00,0x00,0x00,0x00,0x00,0x00,0x00,0x00,0x00,0x00,0x00,
    0x1e,0x11,0x0c,0xfd,0x2d,0x14,0x10,0xff,0x53,0x3c,0x33,0xff,0xc8,0xa2,0x8e,0xff,0xcc,0xad,0x95,0xff,0xd6,0xbf,0xb1,0xff,0xf2,0xe2,0xdc,0xff,0xf1,0xe5,0xdf,0xff,
    0xf5,0xf2,0xf0,0xff,0xfe,0xfe,0xfe,0xff,0xfe,0xfe,0xfe,0xff,0xfe,0xfe,0xfe,0xff,0xfd,0xfe,0xfe,0xff,0xfe,0xfd,0xfe,0xff,0x89,0x86,0xa1,0xff,0x20,0x12,0x60,0xff,
    0x21,0x11,0x64,0xff,0x8a,0x72,0x90,0xff,0xbc,0xa2,0x94,0xff,0xb9,0x9b,0x9e,0xff,0x2b,0x18,0x5e,0xff,0x21,0x14,0x63,0xff,0x26,0x17,0x56,0xff,0xd3,0xbc,0xb6,0xff,
    0xd5,0xbf,0xb6,0xff,0x37,0x24,0x5a,0xff,0x21,0x11,0x5f,0xff,0x21,0x13,0x60,0xff,0xe0,0xdd,0xf6,0xff,0xfe,0xfe,0xfe,0xff,0xfe,0xfe,0xfe,0xff,0xfe,0xfd,0xff,0xff,
    0xfe,0xfe,0xfe,0xff,0xfe,0xfe,0xfe,0xff,0xfe,0xfe,0xfe,0xff,0xfe,0xfe,0xfe,0xff,0xfe,0xfe,0xfe,0xff,0xfe,0xfe,0xfe,0xff,0xfe,0xfe,0xfe,0xff,0xfe,0xfe,0xfe,0xff,
    0xfe,0xfe,0xfe,0xff,0xfc,0xfb,0xfb,0xff,0xff,0xfb,0xfa,0xff,0xff,0xfd,0xf9,0xff,0xff,0xfe,0xf6,0xff,0xff,0xfd,0xf7,0xff,0xff,0xfa,0xf7,0xff,0xff,0xfd,0xfb,0xff,
    0xfc,0xfe,0xfe,0xff,0xfc,0xfe,0xff,0xff,0xff,0xfe,0xfe,0xff,0xfe,0xfe,0xfe,0xff,0xfe,0xfe,0xfe,0xff,0xfe,0xfe,0xfe,0xff,0xfe,0xfe,0xfe,0xff,0xfe,0xfe,0xfe,0xff,
    0xfe,0xfe,0xfe,0xff,0xfe,0xfe,0xfe,0xff,0xfe,0xfe,0xfe,0xff,0xfe,0xfe,0xfe,0xff,0xfe,0xfe,0xfe,0xff,0xfe,0xfe,0xfe,0xff,0xfe,0xfe,0xfe,0xff,0xfe,0xfe,0xfe,0xff,
    0xfe,0xfe,0xfe,0xff,0xfe,0xfe,0xfe,0xff,0xfe,0xfe,0xfe,0xff,0xfe,0xfe,0xfe,0xff,0xfe,0xfe,0xfe,0xff,0xfe,0xfe,0xfe,0xff,0xfe,0xfe,0xfe,0xff,0xfd,0xfe,0xfe,0xff,
    0xfd,0xfe,0xfe,0xff,0xe5,0xdd,0xd7,0xff,0xe4,0xd3,0xc7,0xff,0xe9,0xd9,0xcc,0xff,0x45,0x2d,0x25,0xff,0x32,0x13,0x0a,0xff,0x23,0x11,0x0a,0xd6,0x00,0x00,0x00,0x00,
    0x00,0x00,0x00,0x00,0x00,0x00,0x00,0x00,0x00,0x00,0x00,0x00,0x00,0x00,0x00,0x00,0x00,0x00,0x00,0x00,0x00,0x00,0x00,0x00,0x00,0x00,0x00,0x00,0x00,0x00,0x00,0x00,
    0x00,0x00,0x00,0x00,0x00,0x00,0x00,0x00,0x00,0x00,0x00,0x00,0x00,0x00,0x00,0x00,0x00,0x00,0x00,0x00,0x00,0x00,0x00,0x00,0x00,0x00,0x00,0x00,0x00,0x00,0x00,0x00,
    0x00,0x00,0x00,0x00,0x00,0x00,0x00,0x00,0x00,0x00,0x00,0x00,0x00,0x00,0x00,0x00,0x00,0x00,0x00,0x00,0x00,0x00,0x00,0x00,0x00,0x00,0x00,0x00,0x00,0x00,0x00,0x00,
    0x00,0x00,0x00,0x00,0x00,0x00,0x00,0x00,0x00,0x00,0x00,0x00,0x00,0x00,0x00,0x00,0x00,0x00,0x00,0x00,0x00,0x00,0x00,0x00,0x00,0x00,0x00,0x00,0x00,0x00,0x00,0x00,
    0x00,0x00,0x00,0x00,0x00,0x00,0x00,0x00,0x00,0x00,0x00,0x00,0x00,0x00,0x00,0x00,0x00,0x00,0x00,0x00,0x00,0x00,0x00,0x00,0x00,0x00,0x00,0x00,0x00,0x00,0x00,0x00,
    0x00,0x00,0x00,0x00,0x00,0x00,0x00,0x00,0x00,0x00,0x00,0x00,0x00,0x00,0x00,0x00,0x00,0x00,0x00,0x00,0x00,0x00,0x00,0x00,0x00,0x00,0x00,0x00,0x00,0x00,0x00,0x00,
    0x24,0x11,0x0a,0xfd,0x35,0x13,0x0a,0xff,0x5b,0x3f,0x33,0xff,0xd6,0xb1,0x98,0xff,0xce,0xaf,0x94,0xff,0xce,0xb6,0xa8,0xff,0xed,0xdf,0xdc,0xff,0xed,0xe2,0xde,0xff,
    0xf3,0xef,0xef,0xff,0xfe,0xfe,0xfe,0xff,0xfe,0xfe,0xfe,0xff,0xfe,0xfe,0xfe,0xff,0xfd,0xfe,0xfe,0xff,0xfe,0xfd,0xff,0xff,0x8a,0x87,0xa2,0xff,0x20,0x13,0x60,0xff,
    0x22,0x12,0x64,0xff,0x91,0x7a,0x86,0xff,0xc5,0xa4,0x87,0xff,0xc1,0x9d,0x97,0xff,0x25,0x15,0x60,0xff,0x1e,0x15,0x5f,0xff,0x29,0x1a,0x57,0xff,0xe3,0xcb,0xb7,0xff,
    0xe1,0xc9,0xb5,0xff,0x3a,0x2a,0x5b,0xff,0x1d,0x12,0x5b,0xff,0x21,0x14,0x61,0xff,0xe0,0xdd,0xf6,0xff,0xfe,0xfe,0xfe,0xff,0xfe,0xfe,0xfe,0xff,0xfe,0xfd,0xff,0xff,
    0xfe,0xfe,0xfe,0xff,0xfe,0xfe,0xfe,0xff,0xfe,0xfe,0xfe,0xff,0xfe,0xfe,0xfe,0xff,0xfe,0xfe,0xfe,0xff,0xfe,0xfe,0xfe,0xff,0xfe,0xfe,0xfe,0xff,0xfe,0xfe,0xfe,0xff,
    0xfe,0xfe,0xfe,0xff,0xfb,0xfe,0xff,0xff,0xfd,0xfd,0xff,0xff,0xff,0xfe,0xfe,0xff,0xfb,0xff,0xfe,0xff,0xfc,0xfe,0xfe,0xff,0xff,0xfd,0xfe,0xff,0xfd,0xfe,0xfe,0xff,
    0xfa,0xfe,0xff,0xff,0xfe,0xfd,0xff,0xff,0xfe,0xfe,0xfe,0xff,0xfe,0xfe,0xfe,0xff,0xfe,0xfe,0xfe,0xff,0xfe,0xfe,0xfe,0xff,0xfe,0xfe,0xfe,0xff,0xfe,0xfe,0xfe,0xff,
    0xfe,0xfe,0xfe,0xff,0xfe,0xfe,0xfe,0xff,0xfe,0xfe,0xfe,0xff,0xfd,0xfd,0xfd,0xff,0xfe,0xfe,0xfe,0xff,0xfe,0xfe,0xfe,0xff,0xfe,0xfe,0xfe,0xff,0xfe,0xfe,0xfe,0xff,
    0xfe,0xfe,0xfe,0xff,0xfe,0xfe,0xfe,0xff,0xfe,0xfe,0xfe,0xff,0xfe,0xfe,0xfe,0xff,0xfe,0xfe,0xfe,0xff,0xfe,0xfe,0xfe,0xff,0xfe,0xfe,0xfe,0xff,0xff,0xfe,0xfe,0xff,
    0xff,0xfe,0xff,0xff,0xe5,0xd8,0xd4,0xff,0xea,0xd4,0xc8,0xff,0xea,0xd5,0xc8,0xff,0x48,0x30,0x29,0xff,0x33,0x17,0x10,0xff,0x25,0x15,0x0f,0xd3,0x00,0x00,0x00,0x00,
    0x00,0x00,0x00,0x00,0x00,0x00,0x00,0x00,0x00,0x00,0x00,0x00,0x00,0x00,0x00,0x00,0x00,0x00,0x00,0x00,0x00,0x00,0x00,0x00,0x00,0x00,0x00,0x00,0x00,0x00,0x00,0x00,
    0x00,0x00,0x00,0x00,0x00,0x00,0x00,0x00,0x00,0x00,0x00,0x00,0x00,0x00,0x00,0x00,0x00,0x00,0x00,0x00,0x00,0x00,0x00,0x00,0x00,0x00,0x00,0x00,0x00,0x00,0x00,0x00,
    0x00,0x00,0x00,0x00,0x00,0x00,0x00,0x00,0x00,0x00,0x00,0x00,0x00,0x00,0x00,0x00,0x00,0x00,0x00,0x00,0x00,0x00,0x00,0x00,0x00,0x00,0x00,0x00,0x00,0x00,0x00,0x00,
    0x00,0x00,0x00,0x00,0x00,0x00,0x00,0x00,0x00,0x00,0x00,0x00,0x00,0x00,0x00,0x00,0x00,0x00,0x00,0x00,0x00,0x00,0x00,0x00,0x00,0x00,0x00,0x00,0x00,0x00,0x00,0x00,
    0x00,0x00,0x00,0x00,0x00,0x00,0x00,0x00,0x00,0x00,0x00,0x00,0x00,0x00,0x00,0x00,0x00,0x00,0x00,0x00,0x00,0x00,0x00,0x00,0x00,0x00,0x00,0x00,0x00,0x00,0x00,0x00,
    0x00,0x00,0x00,0x00,0x00,0x00,0x00,0x00,0x00,0x00,0x00,0x00,0x00,0x00,0x00,0x00,0x00,0x00,0x00,0x00,0x00,0x00,0x00,0x00,0x00,0x00,0x00,0x00,0x00,0x00,0x00,0x00,
    0x24,0x10,0x0b,0xfd,0x2f,0x11,0x08,0xff,0x52,0x38,0x2c,0xff,0xd1,0xb1,0x9c,0xff,0xd0,0xb0,0x9a,0xff,0xd1,0xb8,0xa9,0xff,0xef,0xe3,0xdd,0xff,0xee,0xe3,0xdb,0xff,
    0xf4,0xf2,0xf0,0xff,0xfe,0xfe,0xfe,0xff,0xfe,0xfe,0xfe,0xff,0xfe,0xfe,0xfe,0xff,0xfd,0xfe,0xfe,0xff,0xfe,0xfd,0xff,0xff,0x89,0x86,0xa1,0xff,0x1e,0x11,0x5e,0xff,
    0x21,0x11,0x64,0xff,0x94,0x72,0x87,0xff,0xc8,0xa3,0x87,0xff,0xc6,0xa2,0x96,0xff,0x2a,0x1a,0x5f,0xff,0x2b,0x0f,0x69,0xff,0x2c,0x17,0x56,0xff,0xe0,0xc8,0xb4,0xff,
    0xe4,0xcf,0xb9,0xff,0x41,0x2a,0x61,0xff,0x28,0x14,0x67,0xff,0x22,0x15,0x61,0xff,0xdf,0xdc,0xf5,0xff,0xfe,0xfe,0xfe,0xff,0xfe,0xfe,0xfe,0xff,0xfe,0xfd,0xff,0xff,
    0xfe,0xfe,0xfe,0xff,0xfe,0xfe,0xfe,0xff,0xfe,0xfe,0xfe,0xff,0xfe,0xfe,0xfe,0xff,0xfe,0xfe,0xfe,0xff,0xfe,0xfe,0xfe,0xff,0xfe,0xfe,0xfe,0xff,0xfe,0xfe,0xfe,0xff,
    0xfe,0xfe,0xfe,0xff,0xfb,0xff,0xfe,0xff,0xfd,0xfe,0xfe,0xff,0xfe,0xfe,0xfe,0xff,0xfb,0xff,0xfe,0xff,0xfc,0xfe,0xfe,0xff,0xff,0xfe,0xfe,0xff,0xfc,0xfe,0xfe,0xff,
    0xfc,0xfe,0xfe,0xff,0xff,0xfe,0xfe,0xff,0xfe,0xfe,0xfe,0xff,0xfe,0xfe,0xfe,0xff,0xfe,0xfe,0xfe,0xff,0xfe,0xfe,0xfe,0xff,0xfe,0xfe,0xfe,0xff,0xfe,0xfe,0xfe,0xff,
    0xfe,0xfe,0xfe,0xff,0xfe,0xfe,0xfe,0xff,0xfe,0xfe,0xfe,0xff,0xfd,0xfd,0xfd,0xff,0xfe,0xfe,0xfe,0xff,0xfe,0xfe,0xfe,0xff,0xfe,0xfe,0xfe,0xff,0xfe,0xfe,0xfe,0xff,
    0xfe,0xfe,0xfe,0xff,0xfe,0xfe,0xfe,0xff,0xfe,0xfe,0xfe,0xff,0xfe,0xfe,0xfe,0xff,0xfe,0xfe,0xfe,0xff,0xfe,0xfe,0xfe,0xff,0xfe,0xfe,0xfe,0xff,0xfd,0xfd,0xfd,0xff,
    0xfe,0xfd,0xfd,0xff,0xe5,0xda,0xd5,0xff,0xe5,0xd4,0xc7,0xff,0xdf,0xcf,0xc3,0xff,0x3e,0x28,0x1e,0xff,0x2c,0x11,0x04,0xff,0x27,0x10,0x05,0xfb,0x48,0x36,0x33,0xd8,
    0x46,0x36,0x32,0xdc,0x82,0x7a,0x77,0x56,0x00,0x00,0x00,0x00,0x00,0x00,0x00,0x00,0x00,0x00,0x00,0x00,0x00,0x00,0x00,0x00,0x00,0x00,0x00,0x00,0x00,0x00,0x00,0x00,
    0x00,0x00,0x00,0x00,0x00,0x00,0x00,0x00,0x00,0x00,0x00,0x00,0x00,0x00,0x00,0x00,0x00,0x00,0x00,0x00,0x00,0x00,0x00,0x00,0x00,0x00,0x00,0x00,0x00,0x00,0x00,0x00,
    0x00,0x00,0x00,0x00,0x00,0x00,0x00,0x00,0x00,0x00,0x00,0x00,0x00,0x00,0x00,0x00,0x00,0x00,0x00,0x00,0x00,0x00,0x00,0x00,0x00,0x00,0x00,0x00,0x00,0x00,0x00,0x00,
    0x00,0x00,0x00,0x00,0x00,0x00,0x00,0x00,0x00,0x00,0x00,0x00,0x00,0x00,0x00,0x00,0x00,0x00,0x00,0x00,0x00,0x00,0x00,0x00,0x00,0x00,0x00,0x00,0x00,0x00,0x00,0x00,
    0x00,0x00,0x00,0x00,0x00,0x00,0x00,0x00,0x00,0x00,0x00,0x00,0x00,0x00,0x00,0x00,0x00,0x00,0x00,0x00,0x00,0x00,0x00,0x00,0x00,0x00,0x00,0x00,0x00,0x00,0x00,0x00,
    0x00,0x00,0x00,0x00,0x00,0x00,0x00,0x00,0x00,0x00,0x00,0x00,0x00,0x00,0x00,0x00,0x00,0x00,0x00,0x00,0x00,0x00,0x00,0x00,0x00,0x00,0x00,0x00,0x00,0x00,0x00,0x00,
    0x27,0x11,0x0c,0xfd,0x2f,0x13,0x0b,0xff,0x5d,0x43,0x36,0xff,0xe0,0xc1,0xb2,0xff,0xe1,0xc3,0xb2,0xff,0xe3,0xca,0xbd,0xff,0xe9,0xd9,0xcd,0xff,0xe9,0xd7,0xcc,0xff,
    0xed,0xe3,0xdd,0xff,0xfe,0xfd,0xff,0xff,0xfc,0xfe,0xff,0xff,0xfe,0xff,0xfd,0xff,0xfb,0xfd,0xfe,0xff,0xff,0xfe,0xfd,0xff,0x88,0x86,0xa4,0xff,0x1e,0x0c,0x65,0xff,
    0x22,0x10,0x62,0xff,0xaa,0x97,0xb0,0xff,0xe5,0xd0,0xc9,0xff,0xe7,0xd2,0xd2,0xff,0x1e,0x18,0x5c,0xff,0x21,0x11,0x5f,0xff,0x1b,0x12,0x55,0xff,0xff,0xfe,0xfe,0xff,
    0xfa,0xfe,0xf9,0xff,0x33,0x2d,0x65,0xff,0x22,0x12,0x60,0xff,0x24,0x15,0x65,0xff,0xe1,0xde,0xf7,0xff,0xff,0xfe,0xfd,0xff,0xff,0xfe,0xfe,0xff,0xfe,0xfd,0xff,0xff,
    0xfe,0xfe,0xfe,0xff,0xfe,0xfe,0xfe,0xff,0xfe,0xfe,0xfe,0xff,0xfe,0xfe,0xfe,0xff,0xfe,0xfe,0xfe,0xff,0xfe,0xfe,0xfe,0xff,0xfe,0xfe,0xfe,0xff,0xfe,0xfe,0xfe,0xff,
    0xfe,0xfe,0xfe,0xff,0xff,0xfe,0xff,0xff,0xfd,0xfc,0xfd,0xff,0xfc,0xfd,0xfe,0xff,0xff,0xfe,0xff,0xff,0xff,0xff,0xff,0xff,0xfd,0xff,0xff,0xff,0xfc,0xfc,0xfc,0xff,
    0xfd,0xfb,0xfd,0xff,0xfe,0xfd,0xff,0xff,0xfc,0xfe,0xfe,0xff,0xfe,0xfe,0xfe,0xff,0xfe,0xfe,0xfe,0xff,0xfe,0xfe,0xfe,0xff,0xfe,0xfe,0xfe,0xff,0xfe,0xfe,0xfe,0xff,
    0xfe,0xfe,0xfe,0xff,0xfe,0xfe,0xfe,0xff,0xfe,0xfe,0xfe,0xff,0xfe,0xfe,0xfe,0xff,0xfe,0xfe,0xfe,0xff,0xfe,0xfe,0xfe,0xff,0xfe,0xfe,0xfe,0xff,0xfe,0xfe,0xfe,0xff,
    0xfe,0xfe,0xfe,0xff,0xfe,0xfe,0xfe,0xff,0xfe,0xfe,0xfe,0xff,0xfe,0xfe,0xfe,0xff,0xfe,0xfe,0xfe,0xff,0xfe,0xfe,0xfe,0xff,0xfe,0xfe,0xfe,0xff,0xfd,0xfe,0xfe,0xff,
    0xfe,0xfe,0xfe,0xff,0xff,0xfe,0xfe,0xff,0xff,0xfe,0xfb,0xff,0xff,0xfd,0xfa,0xff,0xdd,0xc8,0xbe,0xff,0xdc,0xc0,0xad,0xff,0xe9,0xcf,0xbf,0xff,0x32,0x16,0x0f,0xff,
    0x30,0x14,0x0b,0xff,0x25,0x17,0x12,0xde,0x00,0x00,0x00,0x00,0x00,0x00,0x00,0x00,0x00,0x00,0x00,0x00,0x00,0x00,0x00,0x00,0x00,0x00,0x00,0x00,0x00,0x00,0x00,0x00,
    0x00,0x00,0x00,0x00,0x00,0x00,0x00,0x00,0x00,0x00,0x00,0x00,0x00,0x00,0x00,0x00,0x00,0x00,0x00,0x00,0x00,0x00,0x00,0x00,0x00,0x00,0x00,0x00,0x00,0x00,0x00,0x00,
    0x00,0x00,0x00,0x00,0x00,0x00,0x00,0x00,0x00,0x00,0x00,0x00,0x00,0x00,0x00,0x00,0x00,0x00,0x00,0x00,0x00,0x00,0x00,0x00,0x00,0x00,0x00,0x00,0x00,0x00,0x00,0x00,
    0x00,0x00,0x00,0x00,0x00,0x00,0x00,0x00,0x00,0x00,0x00,0x00,0x00,0x00,0x00,0x00,0x00,0x00,0x00,0x00,0x00,0x00,0x00,0x00,0x00,0x00,0x00,0x00,0x00,0x00,0x00,0x00,
    0x00,0x00,0x00,0x00,0x00,0x00,0x00,0x00,0x00,0x00,0x00,0x00,0x00,0x00,0x00,0x00,0x00,0x00,0x00,0x00,0x00,0x00,0x00,0x00,0x00,0x00,0x00,0x00,0x00,0x00,0x00,0x00,
    0x00,0x00,0x00,0x00,0x00,0x00,0x00,0x00,0x00,0x00,0x00,0x00,0x00,0x00,0x00,0x00,0x00,0x00,0x00,0x00,0x00,0x00,0x00,0x00,0x00,0x00,0x00,0x00,0x00,0x00,0x00,0x00,
    0x28,0x11,0x0c,0xfc,0x2e,0x12,0x0b,0xff,0x5e,0x42,0x36,0xff,0xe0,0xc0,0xb1,0xff,0xdf,0xc2,0xb1,0xff,0xe1,0xc9,0xba,0xff,0xe9,0xd6,0xcb,0xff,0xea,0xd7,0xcc,0xff,
    0xf0,0xe5,0xdd,0xff,0xfe,0xfd,0xff,0xff,0xfb,0xfe,0xff,0xff,0xfe,0xff,0xfd,0xff,0xfd,0xfd,0xfe,0xff,0xff,0xfe,0xfc,0xff,0x8a,0x89,0xa1,0xff,0x1d,0x11,0x5f,0xff,
    0x1f,0x13,0x5b,0xff,0xac,0x9e,0xb8,0xff,0xea,0xd6,0xcc,0xff,0xe2,0xcb,0xca,0xff,0x21,0x14,0x5a,0xff,0x21,0x15,0x63,0xff,0x1c,0x16,0x53,0xff,0xff,0xfc,0xfe,0xff,
    0xff,0xfd,0xfc,0xff,0x39,0x35,0x64,0xff,0x23,0x19,0x60,0xff,0x24,0x17,0x67,0xff,0xdc,0xd9,0xf7,0xff,0xfe,0xfe,0xfe,0xff,0xff,0xff,0xfb,0xff,0xff,0xfe,0xfe,0xff,
    0xfe,0xfe,0xfe,0xff,0xfe,0xfe,0xfe,0xff,0xfe,0xfe,0xfe,0xff,0xfe,0xfe,0xfe,0xff,0xfe,0xfe,0xfe,0xff,0xfe,0xfe,0xfe,0xff,0xfe,0xfe,0xfe,0xff,0xfe,0xfe,0xfe,0xff,
    0xfe,0xfe,0xfe,0xff,0xff,0xff,0xff,0xff,0xff,0xff,0xff,0xff,0xfc,0xfe,0xfe,0xff,0xfe,0xfe,0xfe,0xff,0xfd,0xfd,0xfd,0xff,0xfe,0xfe,0xfe,0xff,0xff,0xff,0xff,0xff,
    0xfe,0xfb,0xfd,0xff,0xfe,0xfd,0xff,0xff,0xfe,0xfe,0xfe,0xff,0xfe,0xfe,0xfe,0xff,0xfe,0xfe,0xfe,0xff,0xfe,0xfe,0xfe,0xff,0xfe,0xfe,0xfe,0xff,0xfe,0xfe,0xfe,0xff,
    0xfe,0xfe,0xfe,0xff,0xfe,0xfe,0xfe,0xff,0xfe,0xfe,0xfe,0xff,0xfe,0xfe,0xfe,0xff,0xfe,0xfe,0xfe,0xff,0xfe,0xfe,0xfe,0xff,0xfe,0xfe,0xfe,0xff,0xfe,0xfe,0xfe,0xff,
    0xfe,0xfe,0xfe,0xff,0xfe,0xfe,0xfe,0xff,0xfe,0xfe,0xfe,0xff,0xfe,0xfe,0xfe,0xff,0xfe,0xfe,0xfe,0xff,0xfe,0xfe,0xfe,0xff,0xfe,0xfe,0xfe,0xff,0xfd,0xfe,0xfe,0xff,
    0xff,0xfe,0xfe,0xff,0xfe,0xfd,0xff,0xff,0xfd,0xfe,0xfe,0xff,0xff,0xfe,0xfd,0xff,0xde,0xc8,0xbe,0xff,0xdf,0xc3,0xb2,0xff,0xe4,0xca,0xbb,0xff,0x2e,0x11,0x0c,0xff,
    0x2e,0x12,0x0b,0xff,0x24,0x14,0x10,0xe0,0x00,0x00,0x00,0x00,0x00,0x00,0x00,0x00,0x00,0x00,0x00,0x00,0x00,0x00,0x00,0x00,0x00,0x00,0x00,0x00,0x00,0x00,0x00,0x00,
    0x00,0x00,0x00,0x00,0x00,0x00,0x00,0x00,0x00,0x00,0x00,0x00,0x00,0x00,0x00,0x00,0x00,0x00,0x00,0x00,0x00,0x00,0x00,0x00,0x00,0x00,0x00,0x00,0x00,0x00,0x00,0x00,
    0x00,0x00,0x00,0x00,0x00,0x00,0x00,0x00,0x00,0x00,0x00,0x00,0x00,0x00,0x00,0x00,0x00,0x00,0x00,0x00,0x00,0x00,0x00,0x00,0x00,0x00,0x00,0x00,0x00,0x00,0x00,0x00,
    0x00,0x00,0x00,0x00,0x00,0x00,0x00,0x00,0x00,0x00,0x00,0x00,0x00,0x00,0x00,0x00,0x00,0x00,0x00,0x00,0x00,0x00,0x00,0x00,0x00,0x00,0x00,0x00,0x00,0x00,0x00,0x00,
    0x00,0x00,0x00,0x00,0x00,0x00,0x00,0x00,0x00,0x00,0x00,0x00,0x00,0x00,0x00,0x00,0x00,0x00,0x00,0x00,0x00,0x00,0x00,0x00,0x00,0x00,0x00,0x00,0x00,0x00,0x00,0x00,
    0x00,0x00,0x00,0x00,0x00,0x00,0x00,0x00,0x00,0x00,0x00,0x00,0x00,0x00,0x00,0x00,0x00,0x00,0x00,0x00,0x00,0x00,0x00,0x00,0x00,0x00,0x00,0x00,0x00,0x00,0x00,0x00,
    0x29,0x12,0x0d,0xfc,0x30,0x14,0x0c,0xff,0x5e,0x42,0x36,0xff,0xe2,0xc2,0xb3,0xff,0xe1,0xc4,0xb3,0xff,0xe1,0xc9,0xba,0xff,0xe9,0xd6,0xcb,0xff,0xea,0xd6,0xcb,0xff,
    0xef,0xe3,0xdc,0xff,0xfe,0xfd,0xff,0xff,0xfb,0xfe,0xff,0xff,0xff,0xff,0xfc,0xff,0xfe,0xfd,0xfd,0xff,0xff,0xfc,0xfe,0xff,0x94,0x8b,0xa4,0xff,0x37,0x20,0x62,0xff,
    0x37,0x20,0x5a,0xff,0xa9,0x9b,0xab,0xff,0xe7,0xda,0xd3,0xff,0xe4,0xd5,0xd5,0xff,0x30,0x1e,0x4a,0xff,0x2f,0x1e,0x4e,0xff,0x32,0x24,0x56,0xff,0xff,0xfb,0xff,0xff,
    0xff,0xfd,0xfe,0xff,0x4f,0x41,0x69,0xff,0x2f,0x1f,0x52,0xff,0x34,0x25,0x55,0xff,0xe1,0xdc,0xef,0xff,0xfc,0xfe,0xfe,0xff,0xfe,0xff,0xfd,0xff,0xfe,0xfe,0xfe,0xff,
    0xfe,0xfe,0xfe,0xff,0xfe,0xfe,0xfe,0xff,0xfe,0xfe,0xfe,0xff,0xfe,0xfe,0xfe,0xff,0xfe,0xfe,0xfe,0xff,0xfe,0xfe,0xfe,0xff,0xfe,0xfe,0xfe,0xff,0xfe,0xfe,0xfe,0xff,
    0xfe,0xfe,0xfe,0xff,0xff,0xfc,0xfc,0xff,0xeb,0xe5,0xe4,0xff,0xf1,0xe8,0xe8,0xff,0xf1,0xe9,0xe9,0xff,0xf1,0xe9,0xe9,0xff,0xf1,0xe7,0xe7,0xff,0xf5,0xef,0xef,0xff,
    0xf9,0xf9,0xf9,0xff,0xfe,0xfd,0xff,0xff,0xfe,0xfe,0xfe,0xff,0xfe,0xfe,0xfe,0xff,0xfe,0xfe,0xfe,0xff,0xfe,0xfe,0xfe,0xff,0xfe,0xfe,0xfe,0xff,0xfe,0xfe,0xfe,0xff,
    0xfe,0xfe,0xfe,0xff,0xfe,0xfe,0xfe,0xff,0xfe,0xfe,0xfe,0xff,0xfe,0xfe,0xfe,0xff,0xfe,0xfe,0xfe,0xff,0xfe,0xfe,0xfe,0xff,0xfe,0xfe,0xfe,0xff,0xfe,0xfe,0xfe,0xff,
    0xfe,0xfe,0xfe,0xff,0xfe,0xfe,0xfe,0xff,0xfe,0xfe,0xfe,0xff,0xfe,0xfe,0xfe,0xff,0xfe,0xfe,0xfe,0xff,0xfe,0xfe,0xfe,0xff,0xfe,0xfe,0xfe,0xff,0xfd,0xfe,0xfe,0xff,
    0xff,0xfe,0xfe,0xff,0xfe,0xfd,0xff,0xff,0xfd,0xfe,0xfe,0xff,0xff,0xfe,0xfd,0xff,0xdf,0xca,0xc0,0xff,0xdf,0xc3,0xb3,0xff,0xe5,0xcb,0xbc,0xff,0x2f,0x12,0x0c,0xff,
    0x2e,0x12,0x0b,0xff,0x21,0x12,0x0e,0xe0,0x00,0x00,0x00,0x00,0x00,0x00,0x00,0x00,0x00,0x00,0x00,0x00,0x00,0x00,0x00,0x00,0x00,0x00,0x00,0x00,0x00,0x00,0x00,0x00,
    0x00,0x00,0x00,0x00,0x00,0x00,0x00,0x00,0x00,0x00,0x00,0x00,0x00,0x00,0x00,0x00,0x00,0x00,0x00,0x00,0x00,0x00,0x00,0x00,0x00,0x00,0x00,0x00,0x00,0x00,0x00,0x00,
    0x00,0x00,0x00,0x00,0x00,0x00,0x00,0x00,0x00,0x00,0x00,0x00,0x00,0x00,0x00,0x00,0x00,0x00,0x00,0x00,0x00,0x00,0x00,0x00,0x00,0x00,0x00,0x00,0x00,0x00,0x00,0x00,
    0x00,0x00,0x00,0x00,0x00,0x00,0x00,0x00,0x00,0x00,0x00,0x00,0x00,0x00,0x00,0x00,0x00,0x00,0x00,0x00,0x00,0x00,0x00,0x00,0x00,0x00,0x00,0x00,0x00,0x00,0x00,0x00,
    0x00,0x00,0x00,0x00,0x00,0x00,0x00,0x00,0x00,0x00,0x00,0x00,0x00,0x00,0x00,0x00,0x00,0x00,0x00,0x00,0x00,0x00,0x00,0x00,0x00,0x00,0x00,0x00,0x00,0x00,0x00,0x00,
    0x00,0x00,0x00,0x00,0x00,0x00,0x00,0x00,0x00,0x00,0x00,0x00,0x00,0x00,0x00,0x00,0x00,0x00,0x00,0x00,0x00,0x00,0x00,0x00,0x00,0x00,0x00,0x00,0x00,0x00,0x00,0x00,
    0x28,0x11,0x0c,0xfc,0x2f,0x13,0x0b,0xff,0x5c,0x40,0x34,0xff,0xe1,0xc1,0xb2,0xff,0xe1,0xc4,0xb3,0xff,0xe2,0xc9,0xbb,0xff,0xe9,0xd6,0xcb,0xff,0xe8,0xd5,0xca,0xff,
    0xee,0xe3,0xdb,0xff,0xfe,0xfd,0xff,0xff,0xfb,0xfe,0xff,0xff,0xfe,0xfe,0xfe,0xff,0xfc,0xfc,0xff,0xff,0xff,0xff,0xf8,0xff,0xe9,0xe2,0xd1,0xff,0xe0,0xcb,0xbb,0xff,
    0xe3,0xca,0xb8,0xff,0xf7,0xe8,0xe5,0xff,0xfe,0xfe,0xfa,0xff,0xfc,0xfe,0xfa,0xff,0xdf,0xca,0xc8,0xff,0xdf,0xc9,0xb6,0xff,0xd7,0xc4,0xb8,0xff,0xfe,0xff,0xfb,0xff,
    0xfd,0xff,0xff,0xff,0xd9,0xca,0xc0,0xff,0xe2,0xc9,0xb7,0xff,0xdc,0xc6,0xb9,0xff,0xff,0xf7,0xf0,0xff,0xff,0xff,0xfc,0xff,0xfc,0xfd,0xff,0xff,0xfd,0xfc,0xff,0xff,
    0xfe,0xfe,0xfe,0xff,0xfe,0xfe,0xfe,0xff,0xfe,0xfe,0xfe,0xff,0xfe,0xfe,0xfe,0xff,0xfe,0xfe,0xfe,0xff,0xfe,0xfe,0xfe,0xff,0xfe,0xfe,0xfe,0xff,0xfe,0xfe,0xfe,0xff,
    0xfe,0xfe,0xfe,0xff,0xff,0xf9,0xf7,0xff,0x38,0x20,0x1f,0xff,0x4a,0x27,0x28,0xff,0x46,0x26,0x27,0xff,0x44,0x25,0x26,0xff,0x43,0x26,0x26,0xff,0x84,0x76,0x74,0xff,
    0xfc,0xfd,0xfd,0xff,0xfe,0xfe,0xfe,0xff,0xfe,0xfe,0xfe,0xff,0xfe,0xfe,0xfe,0xff,0xfe,0xfe,0xfe,0xff,0xfe,0xfe,0xfe,0xff,0xfe,0xfe,0xfe,0xff,0xfe,0xfe,0xfe,0xff,
    0xfe,0xfe,0xfe,0xff,0xfe,0xfe,0xfe,0xff,0xfe,0xfe,0xfe,0xff,0xfd,0xfd,0xfd,0xff,0xfe,0xfe,0xfe,0xff,0xfe,0xfe,0xfe,0xff,0xfe,0xfe,0xfe,0xff,0xfe,0xfe,0xfe,0xff,
    0xfe,0xfe,0xfe,0xff,0xfe,0xfe,0xfe,0xff,0xfe,0xfe,0xfe,0xff,0xfe,0xfe,0xfe,0xff,0xfe,0xfe,0xfe,0xff,0xfe,0xfe,0xfe,0xff,0xfe,0xfe,0xfe,0xff,0xfd,0xfe,0xfe,0xff,
    0xff,0xfe,0xfe,0xff,0xfe,0xfd,0xff,0xff,0xfe,0xff,0xff,0xff,0xff,0xfe,0xfd,0xff,0xe0,0xcb,0xc0,0xff,0xdf,0xc3,0xb2,0xff,0xe5,0xcb,0xbc,0xff,0x30,0x13,0x0d,0xff,
    0x2e,0x12,0x0b,0xff,0x21,0x11,0x0e,0xdf,0x00,0x00,0x00,0x00,0x00,0x00,0x00,0x00,0x00,0x00,0x00,0x00,0x00,0x00,0x00,0x00,0x00,0x00,0x00,0x00,0x00,0x00,0x00,0x00,
    0x00,0x00,0x00,0x00,0x00,0x00,0x00,0x00,0x00,0x00,0x00,0x00,0x00,0x00,0x00,0x00,0x00,0x00,0x00,0x00,0x00,0x00,0x00,0x00,0x00,0x00,0x00,0x00,0x00,0x00,0x00,0x00,
    0x00,0x00,0x00,0x00,0x00,0x00,0x00,0x00,0x00,0x00,0x00,0x00,0x00,0x00,0x00,0x00,0x00,0x00,0x00,0x00,0x00,0x00,0x00,0x00,0x00,0x00,0x00,0x00,0x00,0x00,0x00,0x00,
    0x00,0x00,0x00,0x00,0x00,0x00,0x00,0x00,0x00,0x00,0x00,0x00,0x00,0x00,0x00,0x00,0x00,0x00,0x00,0x00,0x00,0x00,0x00,0x00,0x00,0x00,0x00,0x00,0x00,0x00,0x00,0x00,
    0x00,0x00,0x00,0x00,0x00,0x00,0x00,0x00,0x00,0x00,0x00,0x00,0x00,0x00,0x00,0x00,0x00,0x00,0x00,0x00,0x00,0x00,0x00,0x00,0x00,0x00,0x00,0x00,0x00,0x00,0x00,0x00,
    0x00,0x00,0x00,0x00,0x00,0x00,0x00,0x00,0x00,0x00,0x00,0x00,0x00,0x00,0x00,0x00,0x00,0x00,0x00,0x00,0x00,0x00,0x00,0x00,0x00,0x00,0x00,0x00,0x00,0x00,0x00,0x00,
    0x28,0x10,0x0b,0xfd,0x2e,0x12,0x0a,0xff,0x5d,0x42,0x36,0xff,0xe3,0xc3,0xb4,0xff,0xe2,0xc5,0xb4,0xff,0xe2,0xc9,0xbb,0xff,0xea,0xd7,0xcc,0xff,0xe8,0xd5,0xca,0xff,
    0xee,0xe3,0xdb,0xff,0xfe,0xfd,0xff,0xff,0xfb,0xfe,0xff,0xff,0xff,0xfe,0xfd,0xff,0xfd,0xfe,0xfe,0xff,0xfd,0xfe,0xfe,0xff,0xef,0xe2,0xdd,0xff,0xe4,0xc7,0xbc,0xff,
    0xe8,0xc9,0xbb,0xff,0xf8,0xed,0xe8,0xff,0xfc,0xfd,0xfa,0xff,0xfd,0xff,0xfa,0xff,0xe3,0xc8,0xb9,0xff,0xe7,0xcd,0xb6,0xff,0xe1,0xc4,0xbe,0xff,0xfc,0xff,0xfd,0xff,
    0xfc,0xfe,0xfe,0xff,0xe6,0xcf,0xc7,0xff,0xe9,0xc7,0xb9,0xff,0xe2,0xcb,0xae,0xff,0xff,0xf5,0xec,0xff,0xfe,0xff,0xfd,0xff,0xfe,0xfe,0xfe,0xff,0xfe,0xfd,0xff,0xff,
    0xfe,0xfe,0xfe,0xff,0xfe,0xfe,0xfe,0xff,0xfe,0xfe,0xfe,0xff,0xfe,0xfe,0xfe,0xff,0xfe,0xfe,0xfe,0xff,0xfe,0xfe,0xfe,0xff,0xfe,0xfe,0xfe,0xff,0xfe,0xfe,0xfe,0xff,
    0xfe,0xfe,0xfe,0xff,0xff,0xfa,0xf8,0xff,0x3e,0x22,0x20,0xff,0x4f,0x24,0x25,0xff,0x4c,0x27,0x27,0xff,0x47,0x24,0x24,0xff,0x4b,0x24,0x24,0xff,0x8a,0x79,0x77,0xff,
    0xfb,0xff,0xfe,0xff,0xfe,0xfe,0xfe,0xff,0xff,0xfe,0xfe,0xff,0xfe,0xfe,0xfe,0xff,0xfe,0xfe,0xfe,0xff,0xfe,0xfe,0xfe,0xff,0xfe,0xfe,0xfe,0xff,0xfe,0xfe,0xfe,0xff,
    0xfe,0xfe,0xfe,0xff,0xfe,0xfe,0xfe,0xff,0xfe,0xfe,0xfe,0xff,0xfd,0xfd,0xfd,0xff,0xfe,0xfe,0xfe,0xff,0xfe,0xfe,0xfe,0xff,0xfe,0xfe,0xfe,0xff,0xfe,0xfe,0xfe,0xff,
    0xfe,0xfe,0xfe,0xff,0xfe,0xfe,0xfe,0xff,0xfe,0xfe,0xfe,0xff,0xfe,0xfe,0xfe,0xff,0xfe,0xfe,0xfe,0xff,0xfe,0xfe,0xfe,0xff,0xfe,0xfe,0xfe,0xff,0xfd,0xfe,0xfe,0xff,
    0xff,0xfe,0xfe,0xff,0xfe,0xfd,0xff,0xff,0xfd,0xfe,0xfe,0xff,0xff,0xfe,0xfd,0xff,0xdf,0xc9,0xbf,0xff,0xe0,0xc4,0xb3,0xff,0xe5,0xcb,0xbc,0xff,0x30,0x13,0x0e,0xff,
    0x2d,0x11,0x0a,0xff,0x20,0x10,0x0b,0xdf,0x00,0x00,0x00,0x00,0x00,0x00,0x00,0x00,0x00,0x00,0x00,0x00,0x00,0x00,0x00,0x00,0x00,0x00,0x00,0x00,0x00,0x00,0x00,0x00,
    0x00,0x00,0x00,0x00,0x00,0x00,0x00,0x00,0x00,0x00,0x00,0x00,0x00,0x00,0x00,0x00,0x00,0x00,0x00,0x00,0x00,0x00,0x00,0x00,0x00,0x00,0x00,0x00,0x00,0x00,0x00,0x00,
    0x00,0x00,0x00,0x00,0x00,0x00,0x00,0x00,0x00,0x00,0x00,0x00,0x00,0x00,0x00,0x00,0x00,0x00,0x00,0x00,0x00,0x00,0x00,0x00,0x00,0x00,0x00,0x00,0x00,0x00,0x00,0x00,
    0x00,0x00,0x00,0x00,0x00,0x00,0x00,0x00,0x00,0x00,0x00,0x00,0x00,0x00,0x00,0x00,0x00,0x00,0x00,0x00,0x00,0x00,0x00,0x00,0x00,0x00,0x00,0x00,0x00,0x00,0x00,0x00,
    0x00,0x00,0x00,0x00,0x00,0x00,0x00,0x00,0x00,0x00,0x00,0x00,0x00,0x00,0x00,0x00,0x00,0x00,0x00,0x00,0x00,0x00,0x00,0x00,0x00,0x00,0x00,0x00,0x00,0x00,0x00,0x00,
    0x00,0x00,0x00,0x00,0x00,0x00,0x00,0x00,0x00,0x00,0x00,0x00,0x00,0x00,0x00,0x00,0x00,0x00,0x00,0x00,0x00,0x00,0x00,0x00,0x00,0x00,0x00,0x00,0x00,0x00,0x00,0x00,
    0x23,0x0f,0x0b,0xfc,0x2e,0x12,0x0a,0xff,0x5f,0x43,0x37,0xff,0xe4,0xc4,0xb5,0xff,0xe2,0xc5,0xb4,0xff,0xe1,0xc8,0xba,0xff,0xeb,0xd7,0xcb,0xff,0xe9,0xd7,0xc9,0xff,
    0xec,0xe2,0xdc,0xff,0xff,0xfe,0xfe,0xff,0xfe,0xfe,0xfe,0xff,0xfe,0xff,0xfd,0xff,0xfe,0xfe,0xfe,0xff,0xfe,0xfe,0xfe,0xff,0xf4,0xef,0xed,0xff,0xec,0xe4,0xde,0xff,
    0xe9,0xdf,0xda,0xff,0xf3,0xef,0xed,0xff,0xff,0xff,0xfb,0xff,0xff,0xff,0xfc,0xff,0xe6,0xdd,0xd9,0xff,0xe4,0xdc,0xd8,0xff,0xec,0xe5,0xe1,0xff,0xff,0xff,0xfe,0xff,
    0xff,0xff,0xfe,0xff,0xee,0xe8,0xe5,0xff,0xea,0xe1,0xde,0xff,0xe9,0xe0,0xdd,0xff,0xfb,0xf6,0xf7,0xff,0xfe,0xfe,0xfe,0xff,0xfe,0xff,0xfd,0xff,0xfe,0xff,0xfd,0xff,
    0xfe,0xfe,0xfe,0xff,0xfe,0xfe,0xfe,0xff,0xfe,0xfe,0xfe,0xff,0xfe,0xfe,0xfe,0xff,0xfe,0xfe,0xfe,0xff,0xfe,0xfe,0xfe,0xff,0xfe,0xfe,0xfe,0xff,0xfe,0xfe,0xfe,0xff,
    0xfe,0xfe,0xfe,0xff,0xfb,0xfa,0xf8,0xff,0x38,0x1c,0x19,0xff,0x3f,0x1f,0x19,0xff,0x3c,0x1b,0x18,0xff,0x3d,0x1e,0x1b,0xff,0x40,0x21,0x1c,0xff,0x86,0x76,0x74,0xff,
    0xfc,0xfe,0xfe,0xff,0xfe,0xfe,0xfe,0xff,0xff,0xfe,0xfe,0xff,0xfe,0xfd,0xff,0xff,0xfe,0xfe,0xfe,0xff,0xfe,0xfe,0xfe,0xff,0xfe,0xfe,0xfe,0xff,0xfe,0xfe,0xfe,0xff,
    0xfe,0xfe,0xfe,0xff,0xfe,0xfe,0xfe,0xff,0xfe,0xfe,0xfe,0xff,0xfe,0xfe,0xfe,0xff,0xfe,0xfe,0xfe,0xff,0xfe,0xfe,0xfe,0xff,0xfe,0xfe,0xfe,0xff,0xfd,0xfd,0xfd,0xff,
    0xfe,0xfe,0xfe,0xff,0xfe,0xfe,0xfe,0xff,0xfe,0xfe,0xfe,0xff,0xfe,0xfe,0xfe,0xff,0xfe,0xfe,0xfe,0xff,0xfe,0xfe,0xfe,0xff,0xfe,0xfe,0xfe,0xff,0xfc,0xfe,0xfe,0xff,
    0xff,0xfe,0xfe,0xff,0xfe,0xfd,0xff,0xff,0xfd,0xfe,0xfe,0xff,0xff,0xfe,0xfd,0xff,0xe0,0xca,0xc0,0xff,0xdf,0xc3,0xb2,0xff,0xe5,0xca,0xbb,0xff,0x2f,0x12,0x0c,0xff,
    0x2e,0x12,0x0b,0xff,0x25,0x15,0x11,0xde,0x00,0x00,0x00,0x00,0x00,0x00,0x00,0x00,0x00,0x00,0x00,0x00,0x00,0x00,0x00,0x00,0x00,0x00,0x00,0x00,0x00,0x00,0x00,0x00,
    0x00,0x00,0x00,0x00,0x00,0x00,0x00,0x00,0x00,0x00,0x00,0x00,0x00,0x00,0x00,0x00,0x00,0x00,0x00,0x00,0x00,0x00,0x00,0x00,0x00,0x00,0x00,0x00,0x00,0x00,0x00,0x00,
    0x00,0x00,0x00,0x00,0x00,0x00,0x00,0x00,0x00,0x00,0x00,0x00,0x00,0x00,0x00,0x00,0x00,0x00,0x00,0x00,0x00,0x00,0x00,0x00,0x00,0x00,0x00,0x00,0x00,0x00,0x00,0x00,
    0x00,0x00,0x00,0x00,0x00,0x00,0x00,0x00,0x00,0x00,0x00,0x00,0x00,0x00,0x00,0x00,0x00,0x00,0x00,0x00,0x00,0x00,0x00,0x00,0x00,0x00,0x00,0x00,0x00,0x00,0x00,0x00,
    0x00,0x00,0x00,0x00,0x00,0x00,0x00,0x00,0x00,0x00,0x00,0x00,0x00,0x00,0x00,0x00,0x00,0x00,0x00,0x00,0x00,0x00,0x00,0x00,0x00,0x00,0x00,0x00,0x00,0x00,0x00,0x00,
    0x00,0x00,0x00,0x00,0x00,0x00,0x00,0x00,0x00,0x00,0x00,0x00,0x00,0x00,0x00,0x00,0x00,0x00,0x00,0x00,0x00,0x00,0x00,0x00,0x00,0x00,0x00,0x00,0x00,0x00,0x00,0x00,
    0x22,0x11,0x0b,0xfc,0x2e,0x12,0x0a,0xff,0x5f,0x43,0x37,0xff,0xe2,0xc2,0xb3,0xff,0xe2,0xc5,0xb4,0xff,0xe2,0xc9,0xba,0xff,0xeb,0xd6,0xcb,0xff,0xeb,0xd8,0xcc,0xff,
    0xeb,0xe1,0xdc,0xff,0xff,0xfe,0xfe,0xff,0xfe,0xfe,0xfe,0xff,0xfe,0xfe,0xfe,0xff,0xfe,0xff,0xff,0xff,0xff,0xfe,0xfd,0xff,0xff,0xff,0xfe,0xff,0xff,0xfe,0xfc,0xff,
    0xff,0xfc,0xf9,0xff,0xff,0xfd,0xfd,0xff,0xff,0xff,0xfe,0xff,0xfe,0xfe,0xfd,0xff,0xff,0xfc,0xfb,0xff,0xff,0xfd,0xfd,0xff,0xff,0xfd,0xfc,0xff,0xfe,0xfc,0xfb,0xff,
    0xfe,0xff,0xfd,0xff,0xff,0xfc,0xfb,0xff,0xff,0xfc,0xfb,0xff,0xff,0xfc,0xfd,0xff,0xff,0xfc,0xfd,0xff,0xff,0xfe,0xfe,0xff,0xfc,0xfe,0xfe,0xff,0xfd,0xfe,0xfe,0xff,
    0xfe,0xfe,0xfe,0xff,0xfe,0xfe,0xfe,0xff,0xfe,0xfe,0xfe,0xff,0xfe,0xfe,0xfe,0xff,0xfe,0xfe,0xfe,0xff,0xfe,0xfe,0xfe,0xff,0xfe,0xfe,0xfe,0xff,0xfe,0xfe,0xfe,0xff,
    0xfe,0xfe,0xfe,0xff,0xfa,0xfb,0xfa,0xff,0x31,0x13,0x11,0xff,0x2f,0x12,0x0d,0xff,0x30,0x10,0x0d,0xff,0x30,0x13,0x0f,0xff,0x31,0x14,0x0f,0xff,0x79,0x6a,0x6a,0xff,
    0xfb,0xfd,0xfe,0xff,0xfe,0xfe,0xfe,0xff,0xff,0xfe,0xfe,0xff,0xfe,0xfe,0xfe,0xff,0xfe,0xfe,0xfe,0xff,0xfe,0xfe,0xfe,0xff,0xfe,0xfe,0xfe,0xff,0xfe,0xfe,0xfe,0xff,
    0xfe,0xfe,0xfe,0xff,0xfe,0xfe,0xfe,0xff,0xfe,0xfe,0xfe,0xff,0xfe,0xfe,0xfe,0xff,0xfe,0xfe,0xfe,0xff,0xfe,0xfe,0xfe,0xff,0xfe,0xfe,0xfe,0xff,0xfe,0xfe,0xfe,0xff,
    0xfe,0xfe,0xfe,0xff,0xfe,0xfe,0xfe,0xff,0xfe,0xfe,0xfe,0xff,0xfe,0xfe,0xfe,0xff,0xfe,0xfe,0xfe,0xff,0xfe,0xfe,0xfe,0xff,0xfe,0xfe,0xfe,0xff,0xfc,0xfe,0xfe,0xff,
    0xff,0xfe,0xfe,0xff,0xfe,0xfd,0xff,0xff,0xfd,0xfe,0xfe,0xff,0xff,0xfe,0xfd,0xff,0xe1,0xcb,0xc1,0xff,0xdf,0xc3,0xb2,0xff,0xe5,0xcb,0xbc,0xff,0x30,0x13,0x0d,0xff,
    0x2e,0x12,0x0b,0xff,0x26,0x16,0x11,0xde,0x00,0x00,0x00,0x00,0x00,0x00,0x00,0x00,0x00,0x00,0x00,0x00,0x00,0x00,0x00,0x00,0x00,0x00,0x00,0x00,0x00,0x00,0x00,0x00,
    0x00,0x00,0x00,0x00,0x00,0x00,0x00,0x00,0x00,0x00,0x00,0x00,0x00,0x00,0x00,0x00,0x00,0x00,0x00,0x00,0x00,0x00,0x00,0x00,0x00,0x00,0x00,0x00,0x00,0x00,0x00,0x00,
    0x00,0x00,0x00,0x00,0x00,0x00,0x00,0x00,0x00,0x00,0x00,0x00,0x00,0x00,0x00,0x00,0x00,0x00,0x00,0x00,0x00,0x00,0x00,0x00,0x00,0x00,0x00,0x00,0x00,0x00,0x00,0x00,
    0x00,0x00,0x00,0x00,0x00,0x00,0x00,0x00,0x00,0x00,0x00,0x00,0x00,0x00,0x00,0x00,0x00,0x00,0x00,0x00,0x00,0x00,0x00,0x00,0x00,0x00,0x00,0x00,0x00,0x00,0x00,0x00,
    0x00,0x00,0x00,0x00,0x00,0x00,0x00,0x00,0x00,0x00,0x00,0x00,0x00,0x00,0x00,0x00,0x00,0x00,0x00,0x00,0x00,0x00,0x00,0x00,0x00,0x00,0x00,0x00,0x00,0x00,0x00,0x00,
    0x00,0x00,0x00,0x00,0x00,0x00,0x00,0x00,0x00,0x00,0x00,0x00,0x00,0x00,0x00,0x00,0x00,0x00,0x00,0x00,0x00,0x00,0x00,0x00,0x00,0x00,0x00,0x00,0x00,0x00,0x00,0x00,
    0x22,0x11,0x0c,0xfc,0x2f,0x13,0x0b,0xff,0x5e,0x43,0x37,0xff,0xe0,0xc2,0xb3,0xff,0xe2,0xc5,0xb4,0xff,0xe3,0xca,0xbc,0xff,0xea,0xd6,0xcb,0xff,0xe9,0xd5,0xcc,0xff,
    0xeb,0xdf,0xdb,0xff,0xff,0xfe,0xfd,0xff,0xfd,0xfe,0xfe,0xff,0xfc,0xfe,0xfe,0xff,0xff,0xff,0xff,0xff,0xfe,0xfe,0xfe,0xff,0xfe,0xff,0xfd,0xff,0xfe,0xff,0xfd,0xff,
    0xfd,0xff,0xfd,0xff,0xfe,0xfe,0xfe,0xff,0xfe,0xfe,0xfe,0xff,0xfc,0xfe,0xfe,0xff,0xfc,0xfc,0xfc,0xff,0xfe,0xfe,0xfe,0xff,0xfe,0xfe,0xfe,0xff,0xfe,0xfe,0xfe,0xff,
    0xfb,0xfd,0xfd,0xff,0xfe,0xfe,0xfe,0xff,0xff,0xff,0xff,0xff,0xff,0xff,0xff,0xff,0xfd,0xfd,0xfd,0xff,0xff,0xfe,0xfe,0xff,0xff,0xfe,0xfe,0xff,0xff,0xfe,0xfe,0xff,
    0xfe,0xfe,0xfe,0xff,0xfe,0xfe,0xfe,0xff,0xfe,0xfe,0xfe,0xff,0xfe,0xfe,0xfe,0xff,0xfe,0xfe,0xfe,0xff,0xfe,0xfe,0xfe,0xff,0xfe,0xfe,0xfe,0xff,0xfe,0xfe,0xfe,0xff,
    0xfe,0xfe,0xfe,0xff,0xf9,0xfb,0xfb,0xff,0x28,0x0d,0x0c,0xff,0x2d,0x13,0x0d,0xff,0x2f,0x11,0x0d,0xff,0x2c,0x11,0x0d,0xff,0x2e,0x11,0x0d,0xff,0x7d,0x6d,0x6d,0xff,
    0xfd,0xff,0xff,0xff,0xfe,0xfe,0xfe,0xff,0xff,0xfe,0xfd,0xff,0xfe,0xfe,0xfe,0xff,0xfe,0xfe,0xfe,0xff,0xfe,0xfe,0xfe,0xff,0xfe,0xfe,0xfe,0xff,0xfe,0xfe,0xfe,0xff,
    0xfe,0xfe,0xfe,0xff,0xfe,0xfe,0xfe,0xff,0xfe,0xfe,0xfe,0xff,0xfe,0xfe,0xfe,0xff,0xfe,0xfe,0xfe,0xff,0xfd,0xfd,0xfd,0xff,0xfe,0xfe,0xfe,0xff,0xfe,0xfe,0xfe,0xff,
    0xfe,0xfe,0xfe,0xff,0xfe,0xfe,0xfe,0xff,0xfe,0xfe,0xfe,0xff,0xfe,0xfe,0xfe,0xff,0xfe,0xfe,0xfe,0xff,0xfe,0xfe,0xfe,0xff,0xfe,0xfe,0xfe,0xff,0xfc,0xfe,0xfe,0xff,
    0xff,0xfe,0xfe,0xff,0xfe,0xfd,0xff,0xff,0xfd,0xfe,0xfe,0xff,0xff,0xfe,0xfd,0xff,0xe1,0xcb,0xc1,0xff,0xe0,0xc4,0xb3,0xff,0xe4,0xc9,0xbb,0xff,0x30,0x13,0x0d,0xff,
    0x2f,0x13,0x0c,0xff,0x23,0x13,0x10,0xdf,0x00,0x00,0x00,0x00,0x00,0x00,0x00,0x00,0x00,0x00,0x00,0x00,0x00,0x00,0x00,0x00,0x00,0x00,0x00,0x00,0x00,0x00,0x00,0x00,
    0x00,0x00,0x00,0x00,0x00,0x00,0x00,0x00,0x00,0x00,0x00,0x00,0x00,0x00,0x00,0x00,0x00,0x00,0x00,0x00,0x00,0x00,0x00,0x00,0x00,0x00,0x00,0x00,0x00,0x00,0x00,0x00,
    0x00,0x00,0x00,0x00,0x00,0x00,0x00,0x00,0x00,0x00,0x00,0x00,0x00,0x00,0x00,0x00,0x00,0x00,0x00,0x00,0x00,0x00,0x00,0x00,0x00,0x00,0x00,0x00,0x00,0x00,0x00,0x00,
    0x00,0x00,0x00,0x00,0x00,0x00,0x00,0x00,0x00,0x00,0x00,0x00,0x00,0x00,0x00,0x00,0x00,0x00,0x00,0x00,0x00,0x00,0x00,0x00,0x00,0x00,0x00,0x00,0x00,0x00,0x00,0x00,
    0x00,0x00,0x00,0x00,0x00,0x00,0x00,0x00,0x00,0x00,0x00,0x00,0x00,0x00,0x00,0x00,0x00,0x00,0x00,0x00,0x00,0x00,0x00,0x00,0x00,0x00,0x00,0x00,0x00,0x00,0x00,0x00,
    0x00,0x00,0x00,0x00,0x00,0x00,0x00,0x00,0x00,0x00,0x00,0x00,0x00,0x00,0x00,0x00,0x00,0x00,0x00,0x00,0x00,0x00,0x00,0x00,0x00,0x00,0x00,0x00,0x00,0x00,0x00,0x00,
    0x23,0x12,0x0c,0xfc,0x2f,0x13,0x0b,0xff,0x5d,0x43,0x37,0xff,0xe1,0xc4,0xb4,0xff,0xe0,0xc5,0xb4,0xff,0xe1,0xca,0xbc,0xff,0xe9,0xd6,0xcb,0xff,0xe9,0xd6,0xcc,0xff,
    0xef,0xe1,0xda,0xff,0xf8,0xf4,0xf1,0xff,0xf4,0xf0,0xee,0xff,0xfb,0xfa,0xfa,0xff,0xfe,0xfe,0xfe,0xff,0xfd,0xfd,0xfd,0xff,0xfd,0xfe,0xfe,0xff,0xfc,0xfe,0xfe,0xff,
    0xfc,0xfe,0xfe,0xff,0xfc,0xfe,0xff,0xff,0xfe,0xfd,0xff,0xff,0xfe,0xfd,0xff,0xff,0xfc,0xfe,0xff,0xff,0xfc,0xfe,0xff,0xff,0xfc,0xfe,0xfe,0xff,0xfe,0xfe,0xfe,0xff,
    0xfe,0xfe,0xfe,0xff,0xfc,0xfe,0xfe,0xff,0xfc,0xfe,0xfe,0xff,0xfe,0xfe,0xfe,0xff,0xfe,0xfe,0xfe,0xff,0xfe,0xfe,0xfe,0xff,0xff,0xfe,0xfe,0xff,0xff,0xfe,0xfe,0xff,
    0xfe,0xfe,0xfe,0xff,0xfe,0xfe,0xfe,0xff,0xfe,0xfe,0xfe,0xff,0xfe,0xfe,0xfe,0xff,0xfe,0xfe,0xfe,0xff,0xfe,0xfe,0xfe,0xff,0xfe,0xfe,0xfe,0xff,0xfe,0xfe,0xfe,0xff,
    0xfe,0xfe,0xfe,0xff,0xfb,0xfc,0xfb,0xff,0x66,0x4b,0x49,0xff,0x64,0x4c,0x41,0xff,0x6b,0x4f,0x46,0xff,0x66,0x4c,0x44,0xff,0x6e,0x52,0x4a,0xff,0xa4,0x96,0x93,0xff,
    0xfc,0xfe,0xfe,0xff,0xfe,0xfe,0xfe,0xff,0xff,0xfe,0xfd,0xff,0xfd,0xfd,0xfd,0xff,0xfe,0xfe,0xfe,0xff,0xfe,0xfe,0xfe,0xff,0xfe,0xfe,0xfe,0xff,0xfe,0xfe,0xfe,0xff,
    0xfe,0xfe,0xfe,0xff,0xfe,0xfe,0xfe,0xff,0xfe,0xfe,0xfe,0xff,0xfd,0xfd,0xfd,0xff,0xfe,0xfe,0xfe,0xff,0xfe,0xfe,0xfe,0xff,0xfe,0xfe,0xfe,0xff,0xfe,0xfe,0xfe,0xff,
    0xfe,0xfe,0xfe,0xff,0xfe,0xfe,0xfe,0xff,0xfe,0xfe,0xfe,0xff,0xfe,0xfe,0xfe,0xff,0xfe,0xfe,0xfe,0xff,0xfe,0xfe,0xfe,0xff,0xfe,0xfe,0xfe,0xff,0xfd,0xfe,0xfe,0xff,
    0xff,0xfe,0xfe,0xff,0xfe,0xfd,0xff,0xff,0xfe,0xfe,0xfe,0xff,0xff,0xfe,0xfd,0xff,0xe0,0xca,0xc0,0xff,0xe0,0xc4,0xb3,0xff,0xe6,0xcb,0xbd,0xff,0x31,0x14,0x0e,0xff,
    0x2f,0x13,0x0c,0xff,0x25,0x15,0x10,0xdf,0x00,0x00,0x00,0x00,0x00,0x00,0x00,0x00,0x00,0x00,0x00,0x00,0x00,0x00,0x00,0x00,0x00,0x00,0x00,0x00,0x00,0x00,0x00,0x00,
    0x00,0x00,0x00,0x00,0x00,0x00,0x00,0x00,0x00,0x00,0x00,0x00,0x00,0x00,0x00,0x00,0x00,0x00,0x00,0x00,0x00,0x00,0x00,0x00,0x00,0x00,0x00,0x00,0x00,0x00,0x00,0x00,
    0x00,0x00,0x00,0x00,0x00,0x00,0x00,0x00,0x00,0x00,0x00,0x00,0x00,0x00,0x00,0x00,0x00,0x00,0x00,0x00,0x00,0x00,0x00,0x00,0x00,0x00,0x00,0x00,0x00,0x00,0x00,0x00,
    0x00,0x00,0x00,0x00,0x00,0x00,0x00,0x00,0x00,0x00,0x00,0x00,0x00,0x00,0x00,0x00,0x00,0x00,0x00,0x00,0x00,0x00,0x00,0x00,0x00,0x00,0x00,0x00,0x00,0x00,0x00,0x00,
    0x00,0x00,0x00,0x00,0x00,0x00,0x00,0x00,0x00,0x00,0x00,0x00,0x00,0x00,0x00,0x00,0x00,0x00,0x00,0x00,0x00,0x00,0x00,0x00,0x00,0x00,0x00,0x00,0x00,0x00,0x00,0x00,
    0x00,0x00,0x00,0x00,0x00,0x00,0x00,0x00,0x00,0x00,0x00,0x00,0x00,0x00,0x00,0x00,0x00,0x00,0x00,0x00,0x00,0x00,0x00,0x00,0x00,0x00,0x00,0x00,0x00,0x00,0x00,0x00,
    0x22,0x10,0x0b,0xfd,0x2d,0x12,0x0a,0xff,0x5d,0x43,0x36,0xff,0xe1,0xc4,0xb4,0xff,0xe0,0xc5,0xb4,0xff,0xe0,0xc9,0xbb,0xff,0xe9,0xd7,0xcc,0xff,0xe8,0xd6,0xca,0xff,
    0xea,0xdb,0xd0,0xff,0xec,0xdf,0xd7,0xff,0xe8,0xdf,0xdb,0xff,0xf9,0xf6,0xf3,0xff,0xfe,0xfe,0xfd,0xff,0xfe,0xfe,0xfe,0xff,0xfe,0xfe,0xfe,0xff,0xfe,0xfd,0xff,0xff,
    0xfe,0xfd,0xff,0xff,0xfe,0xfe,0xfe,0xff,0xff,0xfe,0xfe,0xff,0xff,0xfe,0xfe,0xff,0xfe,0xfe,0xfe,0xff,0xfc,0xfe,0xfe,0xff,0xfe,0xfe,0xfe,0xff,0xff,0xfe,0xfe,0xff,
    0xff,0xfe,0xfe,0xff,0xfe,0xfe,0xfe,0xff,0xfc,0xfe,0xfe,0xff,0xfe,0xfe,0xfe,0xff,0xfe,0xfe,0xfe,0xff,0xfe,0xfe,0xfe,0xff,0xfc,0xfe,0xfe,0xff,0xfc,0xfe,0xfe,0xff,
    0xfe,0xfe,0xfe,0xff,0xfe,0xfe,0xfe,0xff,0xfe,0xfe,0xfe,0xff,0xfe,0xfe,0xfe,0xff,0xfe,0xfe,0xfe,0xff,0xfe,0xfe,0xfe,0xff,0xfe,0xfe,0xfe,0xff,0xfe,0xfe,0xfe,0xff,
    0xfe,0xfe,0xfe,0xff,0xfd,0xfe,0xfb,0xff,0xe8,0xcc,0xc4,0xff,0xe5,0xcc,0xbb,0xff,0xe3,0xc8,0xb8,0xff,0xe3,0xc9,0xbb,0xff,0xe6,0xcb,0xbd,0xff,0xf0,0xe2,0xdc,0xff,
    0xfd,0xfe,0xff,0xff,0xfe,0xfe,0xfe,0xff,0xff,0xfe,0xfe,0xff,0xfd,0xfd,0xfd,0xff,0xfe,0xfe,0xfe,0xff,0xfe,0xfe,0xfe,0xff,0xfe,0xfe,0xfe,0xff,0xfe,0xfe,0xfe,0xff,
    0xfe,0xfe,0xfe,0xff,0xfe,0xfe,0xfe,0xff,0xfe,0xfe,0xfe,0xff,0xfe,0xfe,0xfe,0xff,0xfe,0xfe,0xfe,0xff,0xfe,0xfe,0xfe,0xff,0xfe,0xfe,0xfe,0xff,0xfe,0xfe,0xfe,0xff,
    0xfe,0xfe,0xfe,0xff,0xfe,0xfe,0xfe,0xff,0xfe,0xfe,0xfe,0xff,0xfe,0xfe,0xfe,0xff,0xfe,0xfe,0xfe,0xff,0xfe,0xfe,0xfe,0xff,0xfe,0xfe,0xfe,0xff,0xfd,0xfe,0xfe,0xff,
    0xff,0xfe,0xfe,0xff,0xfe,0xfd,0xff,0xff,0xfd,0xfe,0xfe,0xff,0xff,0xfe,0xfd,0xff,0xe1,0xcc,0xc2,0xff,0xe0,0xc4,0xb3,0xff,0xe8,0xcd,0xbe,0xff,0x30,0x13,0x0d,0xff,
    0x2e,0x12,0x0b,0xff,0x25,0x15,0x10,0xde,0x00,0x00,0x00,0x00,0x00,0x00,0x00,0x00,0x00,0x00,0x00,0x00,0x00,0x00,0x00,0x00,0x00,0x00,0x00,0x00,0x00,0x00,0x00,0x00,
    0x00,0x00,0x00,0x00,0x00,0x00,0x00,0x00,0x00,0x00,0x00,0x00,0x00,0x00,0x00,0x00,0x00,0x00,0x00,0x00,0x00,0x00,0x00,0x00,0x00,0x00,0x00,0x00,0x00,0x00,0x00,0x00,
    0x00,0x00,0x00,0x00,0x00,0x00,0x00,0x00,0x00,0x00,0x00,0x00,0x00,0x00,0x00,0x00,0x00,0x00,0x00,0x00,0x00,0x00,0x00,0x00,0x00,0x00,0x00,0x00,0x00,0x00,0x00,0x00,
    0x00,0x00,0x00,0x00,0x00,0x00,0x00,0x00,0x00,0x00,0x00,0x00,0x00,0x00,0x00,0x00,0x00,0x00,0x00,0x00,0x00,0x00,0x00,0x00,0x00,0x00,0x00,0x00,0x00,0x00,0x00,0x00,
    0x00,0x00,0x00,0x00,0x00,0x00,0x00,0x00,0x00,0x00,0x00,0x00,0x00,0x00,0x00,0x00,0x00,0x00,0x00,0x00,0x00,0x00,0x00,0x00,0x00,0x00,0x00,0x00,0x00,0x00,0x00,0x00,
    0x00,0x00,0x00,0x00,0x00,0x00,0x00,0x00,0x00,0x00,0x00,0x00,0x00,0x00,0x00,0x00,0x00,0x00,0x00,0x00,0x00,0x00,0x00,0x00,0x00,0x00,0x00,0x00,0x00,0x00,0x00,0x00,
    0x24,0x0e,0x0a,0xfd,0x2d,0x12,0x0a,0xff,0x5e,0x42,0x37,0xff,0xe2,0xc4,0xb5,0xff,0xde,0xc2,0xb3,0xff,0xdf,0xc9,0xbb,0xff,0xe8,0xd5,0xca,0xff,0xe8,0xd6,0xcb,0xff,
    0xe8,0xd9,0xcf,0xff,0xef,0xdd,0xd6,0xff,0xed,0xde,0xd8,0xff,0xf8,0xf3,0xed,0xff,0xfe,0xfe,0xfe,0xff,0xfd,0xff,0xfe,0xff,0xfb,0xff,0xfd,0xff,0xfc,0xff,0xfd,0xff,
    0xfe,0xfe,0xfe,0xff,0xfe,0xfe,0xfe,0xff,0xfe,0xfe,0xfe,0xff,0xfe,0xfe,0xfe,0xff,0xfe,0xfe,0xfe,0xff,0xfe,0xfe,0xfe,0xff,0xfd,0xfd,0xfd,0xff,0xfd,0xfd,0xfd,0xff,
    0xfe,0xfe,0xfe,0xff,0xfd,0xfd,0xfd,0xff,0xfe,0xfe,0xfe,0xff,0xfe,0xfe,0xfe,0xff,0xfe,0xfe,0xfe,0xff,0xfe,0xfe,0xfe,0xff,0xfe,0xfe,0xfe,0xff,0xfe,0xfe,0xfe,0xff,
    0xfe,0xfe,0xfe,0xff,0xfe,0xfe,0xfe,0xff,0xfe,0xfe,0xfe,0xff,0xfe,0xfe,0xfe,0xff,0xfe,0xfe,0xfe,0xff,0xfe,0xfe,0xfe,0xff,0xfe,0xfe,0xfe,0xff,0xfe,0xfe,0xfe,0xff,
    0xfe,0xfe,0xfe,0xff,0xff,0xfd,0xf9,0xff,0xda,0xc7,0xbc,0xff,0xe4,0xcc,0xbd,0xff,0xe5,0xca,0xb9,0xff,0xe5,0xcc,0xbc,0xff,0xe0,0xc9,0xbd,0xff,0xe7,0xd9,0xd1,0xff,
    0xff,0xfe,0xfd,0xff,0xfb,0xfe,0xff,0xff,0xfe,0xfe,0xfe,0xff,0xfe,0xfe,0xfe,0xff,0xfe,0xfe,0xfe,0xff,0xfe,0xfe,0xfe,0xff,0xfe,0xfe,0xfe,0xff,0xfe,0xfe,0xfe,0xff,
    0xfe,0xfe,0xfe,0xff,0xfe,0xfe,0xfe,0xff,0xfe,0xfe,0xfe,0xff,0xfe,0xfe,0xfe,0xff,0xfe,0xfe,0xfe,0xff,0xfe,0xfe,0xfe,0xff,0xfe,0xfe,0xfe,0xff,0xfe,0xfe,0xfe,0xff,
    0xfe,0xfe,0xfe,0xff,0xfe,0xfe,0xfe,0xff,0xfe,0xfe,0xfe,0xff,0xfe,0xfe,0xfe,0xff,0xfe,0xfe,0xfe,0xff,0xfe,0xfe,0xfe,0xff,0xfe,0xfe,0xfe,0xff,0xfe,0xfe,0xfe,0xff,
    0xfd,0xfe,0xfe,0xff,0xfb,0xff,0xfd,0xff,0xfe,0xff,0xfd,0xff,0xff,0xfe,0xfb,0xff,0xde,0xcc,0xc2,0xff,0xe0,0xc6,0xb5,0xff,0xe7,0xcc,0xbd,0xff,0x31,0x14,0x0b,0xff,
    0x2e,0x13,0x09,0xff,0x25,0x16,0x0f,0xdf,0x00,0x00,0x00,0x00,0x00,0x00,0x00,0x00,0x00,0x00,0x00,0x00,0x00,0x00,0x00,0x00,0x00,0x00,0x00,0x00,0x00,0x00,0x00,0x00,
    0x00,0x00,0x00,0x00,0x00,0x00,0x00,0x00,0x00,0x00,0x00,0x00,0x00,0x00,0x00,0x00,0x00,0x00,0x00,0x00,0x00,0x00,0x00,0x00,0x00,0x00,0x00,0x00,0x00,0x00,0x00,0x00,
    0x00,0x00,0x00,0x00,0x00,0x00,0x00,0x00,0x00,0x00,0x00,0x00,0x00,0x00,0x00,0x00,0x00,0x00,0x00,0x00,0x00,0x00,0x00,0x00,0x00,0x00,0x00,0x00,0x00,0x00,0x00,0x00,
    0x00,0x00,0x00,0x00,0x00,0x00,0x00,0x00,0x00,0x00,0x00,0x00,0x00,0x00,0x00,0x00,0x00,0x00,0x00,0x00,0x00,0x00,0x00,0x00,0x00,0x00,0x00,0x00,0x00,0x00,0x00,0x00,
    0x00,0x00,0x00,0x00,0x00,0x00,0x00,0x00,0x00,0x00,0x00,0x00,0x00,0x00,0x00,0x00,0x00,0x00,0x00,0x00,0x00,0x00,0x00,0x00,0x00,0x00,0x00,0x00,0x00,0x00,0x00,0x00,
    0x00,0x00,0x00,0x00,0x00,0x00,0x00,0x00,0x00,0x00,0x00,0x00,0x00,0x00,0x00,0x00,0x00,0x00,0x00,0x00,0x00,0x00,0x00,0x00,0x00,0x00,0x00,0x00,0x00,0x00,0x00,0x00,
    0x25,0x0f,0x0a,0xfd,0x2e,0x13,0x0b,0xff,0x5b,0x3f,0x34,0xff,0xdc,0xbc,0xad,0xff,0xdb,0xbd,0xad,0xff,0xde,0xc5,0xb7,0xff,0xe9,0xd6,0xcb,0xff,0xe8,0xd6,0xcb,0xff,
    0xe7,0xd7,0xce,0xff,0xe8,0xd6,0xcf,0xff,0xe4,0xd5,0xce,0xff,0xf6,0xf1,0xeb,0xff,0xfe,0xfe,0xff,0xff,0xfd,0xfd,0xfd,0xff,0xfd,0xfe,0xfe,0xff,0xff,0xfe,0xfd,0xff,
    0xff,0xfe,0xfd,0xff,0xfe,0xfe,0xfe,0xff,0xfe,0xfe,0xfe,0xff,0xfe,0xfe,0xfe,0xff,0xfe,0xfe,0xfe,0xff,0xfe,0xfe,0xfe,0xff,0xfd,0xfd,0xfd,0xff,0xfe,0xfe,0xfe,0xff,
    0xfe,0xfe,0xfe,0xff,0xfd,0xfd,0xfd,0xff,0xfe,0xfe,0xfe,0xff,0xfe,0xfe,0xfe,0xff,0xfe,0xfe,0xfe,0xff,0xfe,0xfe,0xfe,0xff,0xfe,0xfe,0xfe,0xff,0xfe,0xfe,0xfe,0xff,
    0xfe,0xfe,0xfe,0xff,0xfe,0xfe,0xfe,0xff,0xfe,0xfe,0xfe,0xff,0xfe,0xfe,0xfe,0xff,0xfe,0xfe,0xfe,0xff,0xfe,0xfe,0xfe,0xff,0xfe,0xfe,0xfe,0xff,0xfe,0xfe,0xfe,0xff,
    0xfe,0xfe,0xfe,0xff,0xfe,0xfd,0xfd,0xff,0xfc,0xf9,0xf6,0xff,0xff,0xfc,0xf5,0xff,0xff,0xfb,0xf4,0xff,0xff,0xfc,0xf6,0xff,0xff,0xfb,0xf4,0xff,0xff,0xfd,0xf9,0xff,
    0xfe,0xfc,0xfc,0xff,0xfd,0xfd,0xff,0xff,0xfe,0xfe,0xfe,0xff,0xfe,0xfe,0xfe,0xff,0xfe,0xfe,0xfe,0xff,0xfe,0xfe,0xfe,0xff,0xfe,0xfe,0xfe,0xff,0xfe,0xfe,0xfe,0xff,
    0xfe,0xfe,0xfe,0xff,0xfe,0xfe,0xfe,0xff,0xfe,0xfe,0xfe,0xff,0xfe,0xfe,0xfe,0xff,0xfe,0xfe,0xfe,0xff,0xfe,0xfe,0xfe,0xff,0xfe,0xfe,0xfe,0xff,0xfe,0xfe,0xfe,0xff,
    0xfe,0xfe,0xfe,0xff,0xfe,0xfe,0xfe,0xff,0xfe,0xfe,0xfe,0xff,0xfe,0xfe,0xfe,0xff,0xfe,0xfe,0xfe,0xff,0xfe,0xfe,0xfe,0xff,0xfe,0xfe,0xfe,0xff,0xff,0xfd,0xff,0xff,
    0xfe,0xfe,0xfe,0xff,0xfd,0xfe,0xfe,0xff,0xfe,0xfd,0xfd,0xff,0xff,0xfe,0xfe,0xff,0xe0,0xcd,0xc4,0xff,0xdf,0xc4,0xb4,0xff,0xe6,0xcc,0xbd,0xff,0x31,0x14,0x0c,0xff,
    0x2f,0x14,0x0b,0xff,0x26,0x15,0x11,0xdf,0x00,0x00,0x00,0x00,0x00,0x00,0x00,0x00,0x00,0x00,0x00,0x00,0x00,0x00,0x00,0x00,0x00,0x00,0x00,0x00,0x00,0x00,0x00,0x00,
    0x00,0x00,0x00,0x00,0x00,0x00,0x00,0x00,0x00,0x00,0x00,0x00,0x00,0x00,0x00,0x00,0x00,0x00,0x00,0x00,0x00,0x00,0x00,0x00,0x00,0x00,0x00,0x00,0x00,0x00,0x00,0x00,
    0x00,0x00,0x00,0x00,0x00,0x00,0x00,0x00,0x00,0x00,0x00,0x00,0x00,0x00,0x00,0x00,0x00,0x00,0x00,0x00,0x00,0x00,0x00,0x00,0x00,0x00,0x00,0x00,0x00,0x00,0x00,0x00,
    0x00,0x00,0x00,0x00,0x00,0x00,0x00,0x00,0x00,0x00,0x00,0x00,0x00,0x00,0x00,0x00,0x00,0x00,0x00,0x00,0x00,0x00,0x00,0x00,0x00,0x00,0x00,0x00,0x00,0x00,0x00,0x00,
    0x00,0x00,0x00,0x00,0x00,0x00,0x00,0x00,0x00,0x00,0x00,0x00,0x00,0x00,0x00,0x00,0x00,0x00,0x00,0x00,0x00,0x00,0x00,0x00,0x00,0x00,0x00,0x00,0x00,0x00,0x00,0x00,
    0x00,0x00,0x00,0x00,0x00,0x00,0x00,0x00,0x00,0x00,0x00,0x00,0x00,0x00,0x00,0x00,0x00,0x00,0x00,0x00,0x00,0x00,0x00,0x00,0x00,0x00,0x00,0x00,0x00,0x00,0x00,0x00,
    0x26,0x0f,0x0b,0xfd,0x2e,0x12,0x0a,0xff,0x5d,0x40,0x34,0xff,0xda,0xba,0xaa,0xff,0xdc,0xbc,0xac,0xff,0xdd,0xc5,0xb6,0xff,0xe9,0xd6,0xcb,0xff,0xe7,0xd4,0xcc,0xff,
    0xe7,0xd7,0xce,0xff,0xea,0xd7,0xd0,0xff,0xe7,0xd6,0xcf,0xff,0xf7,0xf2,0xeb,0xff,0xfb,0xfd,0xfe,0xff,0xfd,0xfe,0xfe,0xff,0xfe,0xfe,0xfe,0xff,0xff,0xfe,0xfd,0xff,
    0xff,0xfe,0xfd,0xff,0xfe,0xfe,0xfe,0xff,0xfe,0xfe,0xfe,0xff,0xfe,0xfe,0xfe,0xff,0xfe,0xfe,0xfe,0xff,0xfe,0xfe,0xfe,0xff,0xfe,0xfe,0xfe,0xff,0xfe,0xfe,0xfe,0xff,
    0xfe,0xfe,0xfe,0xff,0xfd,0xfd,0xfd,0xff,0xfe,0xfe,0xfe,0xff,0xfe,0xfe,0xfe,0xff,0xfe,0xfe,0xfe,0xff,0xfe,0xfe,0xfe,0xff,0xfe,0xfe,0xfe,0xff,0xfe,0xfe,0xfe,0xff,
    0xfe,0xfe,0xfe,0xff,0xfe,0xfe,0xfe,0xff,0xfe,0xfe,0xfe,0xff,0xfe,0xfe,0xfe,0xff,0xfe,0xfe,0xfe,0xff,0xfe,0xfe,0xfe,0xff,0xfe,0xfe,0xfe,0xff,0xfe,0xfe,0xfe,0xff,
    0xfe,0xfe,0xfe,0xff,0xfb,0xfe,0xfe,0xff,0xf8,0xfb,0xfd,0xff,0xfc,0xfd,0xfd,0xff,0xfe,0xff,0xfe,0xff,0xfa,0xff,0xfe,0xff,0xfb,0xff,0xfe,0xff,0xfe,0xff,0xfe,0xff,
    0xff,0xfe,0xff,0xff,0xff,0xfd,0xff,0xff,0xfe,0xfe,0xfe,0xff,0xfe,0xfe,0xfe,0xff,0xfe,0xfe,0xfe,0xff,0xfe,0xfe,0xfe,0xff,0xfd,0xfd,0xfd,0xff,0xfe,0xfe,0xfe,0xff,
    0xfd,0xfd,0xfd,0xff,0xfd,0xfd,0xfd,0xff,0xfd,0xfd,0xfd,0xff,0xfe,0xfe,0xfe,0xff,0xfe,0xfe,0xfe,0xff,0xfd,0xfd,0xfd,0xff,0xfd,0xfd,0xfd,0xff,0xfd,0xfd,0xfd,0xff,
    0xfe,0xfe,0xfe,0xff,0xfe,0xfe,0xfe,0xff,0xfe,0xfe,0xfe,0xff,0xfe,0xfe,0xfe,0xff,0xfe,0xfe,0xfe,0xff,0xfe,0xfe,0xfe,0xff,0xfe,0xfe,0xfe,0xff,0xfe,0xfd,0xff,0xff,
    0xfe,0xfd,0xff,0xff,0xfc,0xfe,0xff,0xff,0xfd,0xfe,0xfe,0xff,0xff,0xfe,0xfe,0xff,0xdf,0xcb,0xc3,0xff,0xe0,0xc4,0xb3,0xff,0xe4,0xc7,0xb9,0xff,0x32,0x14,0x0e,0xff,
    0x2e,0x12,0x0b,0xff,0x24,0x14,0x10,0xe0,0x00,0x00,0x00,0x00,0x00,0x00,0x00,0x00,0x00,0x00,0x00,0x00,0x00,0x00,0x00,0x00,0x00,0x00,0x00,0x00,0x00,0x00,0x00,0x00,
    0x00,0x00,0x00,0x00,0x00,0x00,0x00,0x00,0x00,0x00,0x00,0x00,0x00,0x00,0x00,0x00,0x00,0x00,0x00,0x00,0x00,0x00,0x00,0x00,0x00,0x00,0x00,0x00,0x00,0x00,0x00,0x00,
    0x00,0x00,0x00,0x00,0x00,0x00,0x00,0x00,0x00,0x00,0x00,0x00,0x00,0x00,0x00,0x00,0x00,0x00,0x00,0x00,0x00,0x00,0x00,0x00,0x00,0x00,0x00,0x00,0x00,0x00,0x00,0x00,
    0x00,0x00,0x00,0x00,0x00,0x00,0x00,0x00,0x00,0x00,0x00,0x00,0x00,0x00,0x00,0x00,0x00,0x00,0x00,0x00,0x00,0x00,0x00,0x00,0x00,0x00,0x00,0x00,0x00,0x00,0x00,0x00,
    0x00,0x00,0x00,0x00,0x00,0x00,0x00,0x00,0x00,0x00,0x00,0x00,0x00,0x00,0x00,0x00,0x00,0x00,0x00,0x00,0x00,0x00,0x00,0x00,0x00,0x00,0x00,0x00,0x00,0x00,0x00,0x00,
    0x00,0x00,0x00,0x00,0x00,0x00,0x00,0x00,0x00,0x00,0x00,0x00,0x00,0x00,0x00,0x00,0x00,0x00,0x00,0x00,0x00,0x00,0x00,0x00,0x00,0x00,0x00,0x00,0x00,0x00,0x00,0x00,
    0x26,0x0f,0x0b,0xfd,0x2e,0x12,0x0b,0xff,0x5e,0x40,0x34,0xff,0xde,0xbd,0xac,0xff,0xde,0xbd,0xaa,0xff,0xde,0xc5,0xb6,0xff,0xe9,0xd6,0xcb,0xff,0xe8,0xd5,0xcd,0xff,
    0xe7,0xd7,0xce,0xff,0xea,0xd6,0xce,0xff,0xe9,0xd7,0xcf,0xff,0xf9,0xf3,0xec,0xff,0xfe,0xff,0xfb,0xff,0xff,0xff,0xfc,0xff,0xfd,0xfe,0xfc,0xff,0xfe,0xff,0xfe,0xff,
    0xfd,0xfe,0xfd,0xff,0xfe,0xfe,0xfe,0xff,0xfe,0xfe,0xfe,0xff,0xfe,0xfe,0xfe,0xff,0xfe,0xfe,0xfe,0xff,0xfe,0xfe,0xfe,0xff,0xfe,0xfe,0xfe,0xff,0xfe,0xfe,0xfe,0xff,
    0xfe,0xfe,0xfe,0xff,0xfe,0xfe,0xfe,0xff,0xfe,0xfe,0xfe,0xff,0xfe,0xfe,0xfe,0xff,0xfe,0xfe,0xfe,0xff,0xfe,0xfe,0xfe,0xff,0xfe,0xfe,0xfe,0xff,0xfe,0xfe,0xfe,0xff,
    0xfe,0xfe,0xfe,0xff,0xfe,0xfe,0xfe,0xff,0xfe,0xfe,0xfe,0xff,0xfe,0xfe,0xfe,0xff,0xfe,0xfe,0xfe,0xff,0xfe,0xfe,0xfe,0xff,0xfe,0xfe,0xfe,0xff,0xfe,0xfe,0xfe,0xff,
    0xfe,0xfe,0xfe,0xff,0xfe,0xfe,0xfe,0xff,0xfe,0xfd,0xff,0xff,0xff,0xfd,0xff,0xff,0xfe,0xfd,0xff,0xff,0xfd,0xfe,0xfe,0xff,0xfb,0xff,0xfe,0xff,0xfc,0xfe,0xff,0xff,
    0xfe,0xfd,0xff,0xff,0xff,0xfe,0xff,0xff,0xfe,0xfe,0xfe,0xff,0xfe,0xfe,0xfe,0xff,0xfe,0xfe,0xfe,0xff,0xfe,0xfe,0xfe,0xff,0xfe,0xfe,0xfe,0xff,0xfe,0xfe,0xfe,0xff,
    0xfe,0xfe,0xfe,0xff,0xfe,0xfe,0xfe,0xff,0xfe,0xfe,0xfe,0xff,0xfe,0xfe,0xfe,0xff,0xfe,0xfe,0xfe,0xff,0xfe,0xfe,0xfe,0xff,0xfe,0xfe,0xfe,0xff,0xfe,0xfe,0xfe,0xff,
    0xfe,0xfe,0xfe,0xff,0xfe,0xfe,0xfe,0xff,0xfe,0xfe,0xfe,0xff,0xfe,0xfe,0xfe,0xff,0xfe,0xfe,0xfe,0xff,0xfe,0xfe,0xfe,0xff,0xfe,0xfe,0xfe,0xff,0xfb,0xfd,0xfe,0xff,
    0xfc,0xfe,0xfe,0xff,0xfd,0xfe,0xfd,0xff,0xff,0xfe,0xfa,0xff,0xff,0xfe,0xfa,0xff,0xdf,0xc9,0xbd,0xff,0xe1,0xc2,0xb0,0xff,0xe5,0xc9,0xb9,0xff,0x33,0x15,0x0e,0xff,
    0x2f,0x13,0x0c,0xff,0x23,0x13,0x10,0xe1,0x00,0x00,0x00,0x00,0x00,0x00,0x00,0x00,0x00,0x00,0x00,0x00,0x00,0x00,0x00,0x00,0x00,0x00,0x00,0x00,0x00,0x00,0x00,0x00,
    0x00,0x00,0x00,0x00,0x00,0x00,0x00,0x00,0x00,0x00,0x00,0x00,0x00,0x00,0x00,0x00,0x00,0x00,0x00,0x00,0x00,0x00,0x00,0x00,0x00,0x00,0x00,0x00,0x00,0x00,0x00,0x00,
    0x00,0x00,0x00,0x00,0x00,0x00,0x00,0x00,0x00,0x00,0x00,0x00,0x00,0x00,0x00,0x00,0x00,0x00,0x00,0x00,0x00,0x00,0x00,0x00,0x00,0x00,0x00,0x00,0x00,0x00,0x00,0x00,
    0x00,0x00,0x00,0x00,0x00,0x00,0x00,0x00,0x00,0x00,0x00,0x00,0x00,0x00,0x00,0x00,0x00,0x00,0x00,0x00,0x00,0x00,0x00,0x00,0x00,0x00,0x00,0x00,0x00,0x00,0x00,0x00,
    0x00,0x00,0x00,0x00,0x00,0x00,0x00,0x00,0x00,0x00,0x00,0x00,0x00,0x00,0x00,0x00,0x00,0x00,0x00,0x00,0x00,0x00,0x00,0x00,0x00,0x00,0x00,0x00,0x00,0x00,0x00,0x00,
    0x00,0x00,0x00,0x00,0x00,0x00,0x00,0x00,0x00,0x00,0x00,0x00,0x00,0x00,0x00,0x00,0x00,0x00,0x00,0x00,0x00,0x00,0x00,0x00,0x00,0x00,0x00,0x00,0x00,0x00,0x00,0x00,
    0x26,0x10,0x0b,0xfc,0x2e,0x13,0x0b,0xff,0x5d,0x3f,0x33,0xff,0xd7,0xb5,0xa2,0xff,0xd9,0xb7,0xa3,0xff,0xd9,0xc0,0xb0,0xff,0xe7,0xd6,0xcb,0xff,0xe8,0xd6,0xce,0xff,
    0xe7,0xd7,0xce,0xff,0xec,0xd7,0xcf,0xff,0xe9,0xd6,0xce,0xff,0xe4,0xd8,0xcf,0xff,0xe4,0xd7,0xd0,0xff,0xe2,0xd7,0xd3,0xff,0xf2,0xeb,0xe8,0xff,0xff,0xff,0xfe,0xff,
    0xf9,0xfd,0xfc,0xff,0xfe,0xfe,0xfe,0xff,0xfe,0xfe,0xfe,0xff,0xfe,0xfe,0xfe,0xff,0xfe,0xfe,0xfe,0xff,0xfe,0xfe,0xfe,0xff,0xfe,0xfe,0xfe,0xff,0xfe,0xfe,0xfe,0xff,
    0xfe,0xfe,0xfe,0xff,0xfe,0xfe,0xfe,0xff,0xfe,0xfe,0xfe,0xff,0xfe,0xfe,0xfe,0xff,0xfe,0xfe,0xfe,0xff,0xfe,0xfe,0xfe,0xff,0xfe,0xfe,0xfe,0xff,0xfe,0xfe,0xfe,0xff,
    0xfe,0xfe,0xfe,0xff,0xfe,0xfe,0xfe,0xff,0xfe,0xfe,0xfe,0xff,0xfe,0xfe,0xfe,0xff,0xfe,0xfe,0xfe,0xff,0xfe,0xfe,0xfe,0xff,0xfe,0xfe,0xfe,0xff,0xfe,0xfe,0xfe,0xff,
    0xfe,0xfe,0xfe,0xff,0xfe,0xfe,0xfd,0xff,0xff,0xfe,0xfd,0xff,0xff,0xfd,0xff,0xff,0xff,0xfd,0xff,0xff,0xff,0xfe,0xfd,0xff,0xff,0xfe,0xfe,0xff,0xfe,0xfe,0xfe,0xff,
    0xfc,0xfe,0xfe,0xff,0xfc,0xfe,0xfe,0xff,0xfe,0xfe,0xfe,0xff,0xfe,0xfe,0xfe,0xff,0xfe,0xfe,0xfe,0xff,0xfe,0xfe,0xfe,0xff,0xfe,0xfe,0xfe,0xff,0xfe,0xfe,0xfe,0xff,
    0xfe,0xfe,0xfe,0xff,0xfe,0xfe,0xfe,0xff,0xfe,0xfe,0xfe,0xff,0xfe,0xfe,0xfe,0xff,0xfe,0xfe,0xfe,0xff,0xfe,0xfe,0xfe,0xff,0xfe,0xfe,0xfe,0xff,0xfe,0xfe,0xfe,0xff,
    0xfe,0xfe,0xfe,0xff,0xfe,0xfe,0xfe,0xff,0xfe,0xfe,0xfe,0xff,0xfe,0xfe,0xfe,0xff,0xfe,0xfe,0xfe,0xff,0xfe,0xfe,0xfe,0xff,0xfe,0xfe,0xfe,0xff,0xfc,0xfe,0xfe,0xff,
    0xff,0xff,0xfd,0xff,0xe7,0xde,0xda,0xff,0xe3,0xd3,0xcb,0xff,0xe2,0xcd,0xc2,0xff,0xcf,0xb3,0xa3,0xff,0xd4,0xb5,0xa0,0xff,0xdf,0xc1,0xb0,0xff,0x34,0x17,0x0e,0xff,
    0x2e,0x13,0x09,0xff,0x22,0x13,0x0f,0xe1,0x00,0x00,0x00,0x00,0x00,0x00,0x00,0x00,0x00,0x00,0x00,0x00,0x00,0x00,0x00,0x00,0x00,0x00,0x00,0x00,0x00,0x00,0x00,0x00,
    0x00,0x00,0x00,0x00,0x00,0x00,0x00,0x00,0x00,0x00,0x00,0x00,0x00,0x00,0x00,0x00,0x00,0x00,0x00,0x00,0x00,0x00,0x00,0x00,0x00,0x00,0x00,0x00,0x00,0x00,0x00,0x00,
    0x00,0x00,0x00,0x00,0x00,0x00,0x00,0x00,0x00,0x00,0x00,0x00,0x00,0x00,0x00,0x00,0x00,0x00,0x00,0x00,0x00,0x00,0x00,0x00,0x00,0x00,0x00,0x00,0x00,0x00,0x00,0x00,
    0x00,0x00,0x00,0x00,0x00,0x00,0x00,0x00,0x00,0x00,0x00,0x00,0x00,0x00,0x00,0x00,0x00,0x00,0x00,0x00,0x00,0x00,0x00,0x00,0x00,0x00,0x00,0x00,0x00,0x00,0x00,0x00,
    0x00,0x00,0x00,0x00,0x00,0x00,0x00,0x00,0x00,0x00,0x00,0x00,0x00,0x00,0x00,0x00,0x00,0x00,0x00,0x00,0x00,0x00,0x00,0x00,0x00,0x00,0x00,0x00,0x00,0x00,0x00,0x00,
    0x00,0x00,0x00,0x00,0x00,0x00,0x00,0x00,0x00,0x00,0x00,0x00,0x00,0x00,0x00,0x00,0x00,0x00,0x00,0x00,0x00,0x00,0x00,0x00,0x00,0x00,0x00,0x00,0x00,0x00,0x00,0x00,
    0x29,0x12,0x0e,0xfd,0x32,0x12,0x0c,0xff,0x61,0x42,0x36,0xff,0xd7,0xb6,0xa0,0xff,0xd6,0xb4,0x9e,0xff,0xd3,0xbb,0xab,0xff,0xe7,0xd5,0xcb,0xff,0xe7,0xd7,0xce,0xff,
    0xe7,0xd6,0xce,0xff,0xe8,0xd6,0xce,0xff,0xe8,0xd7,0xce,0xff,0xe8,0xd8,0xcf,0xff,0xeb,0xd8,0xcd,0xff,0xe9,0xd8,0xcf,0xff,0xf6,0xec,0xe7,0xff,0xff,0xfe,0xfd,0xff,
    0xfe,0xfe,0xfd,0xff,0xfe,0xfe,0xfe,0xff,0xfe,0xfe,0xfe,0xff,0xfe,0xfe,0xfe,0xff,0xfe,0xfe,0xfe,0xff,0xfe,0xfe,0xfe,0xff,0xfe,0xfe,0xfe,0xff,0xfe,0xfe,0xfe,0xff,
    0xfe,0xfe,0xfe,0xff,0xfe,0xfe,0xfe,0xff,0xfe,0xfe,0xfe,0xff,0xfe,0xfe,0xfe,0xff,0xfe,0xfe,0xfe,0xff,0xfe,0xfe,0xfe,0xff,0xfe,0xfe,0xfe,0xff,0xfe,0xfe,0xfe,0xff,
    0xfe,0xfe,0xfe,0xff,0xfe,0xfe,0xfe,0xff,0xfe,0xfe,0xfe,0xff,0xfe,0xfe,0xfe,0xff,0xfe,0xfe,0xfe,0xff,0xfe,0xfe,0xfe,0xff,0xfe,0xfe,0xfe,0xff,0xfe,0xfe,0xfe,0xff,
    0xfe,0xfe,0xfe,0xff,0xfd,0xfe,0xfe,0xff,0xfd,0xfe,0xfe,0xff,0xfd,0xfe,0xfe,0xff,0xfd,0xfe,0xff,0xff,0xfe,0xfe,0xfe,0xff,0xff,0xfe,0xfe,0xff,0xff,0xfe,0xfe,0xff,
    0xfd,0xfe,0xfe,0xff,0xfb,0xfe,0xfe,0xff,0xfe,0xfe,0xfe,0xff,0xfe,0xfe,0xfe,0xff,0xfe,0xfe,0xfe,0xff,0xfe,0xfe,0xfe,0xff,0xfe,0xfe,0xfe,0xff,0xfe,0xfe,0xfe,0xff,
    0xfd,0xfd,0xfd,0xff,0xfe,0xfe,0xfe,0xff,0xfd,0xfd,0xfd,0xff,0xfe,0xfe,0xfe,0xff,0xfe,0xfe,0xfe,0xff,0xff,0xff,0xff,0xff,0xfe,0xfe,0xfe,0xff,0xfe,0xfe,0xfe,0xff,
    0xfe,0xfe,0xfe,0xff,0xfe,0xfe,0xfe,0xff,0xfe,0xfe,0xfe,0xff,0xff,0xfe,0xfe,0xff,0xfe,0xfe,0xfe,0xff,0xfe,0xfe,0xfe,0xff,0xfd,0xfe,0xfe,0xff,0xfe,0xfe,0xfe,0xff,
    0xff,0xfe,0xfe,0xff,0xec,0xdd,0xd7,0xff,0xea,0xd2,0xc6,0xff,0xee,0xd2,0xc4,0xff,0xd6,0xb8,0xa6,0xff,0xd6,0xb4,0x9d,0xff,0xd9,0xb8,0xa7,0xff,0x33,0x16,0x0c,0xff,
    0x30,0x14,0x0a,0xff,0x23,0x13,0x10,0xe1,0x00,0x00,0x00,0x00,0x00,0x00,0x00,0x00,0x00,0x00,0x00,0x00,0x00,0x00,0x00,0x00,0x00,0x00,0x00,0x00,0x00,0x00,0x00,0x00,
    0x00,0x00,0x00,0x00,0x00,0x00,0x00,0x00,0x00,0x00,0x00,0x00,0x00,0x00,0x00,0x00,0x00,0x00,0x00,0x00,0x00,0x00,0x00,0x00,0x00,0x00,0x00,0x00,0x00,0x00,0x00,0x00,
    0x00,0x00,0x00,0x00,0x00,0x00,0x00,0x00,0x00,0x00,0x00,0x00,0x00,0x00,0x00,0x00,0x00,0x00,0x00,0x00,0x00,0x00,0x00,0x00,0x00,0x00,0x00,0x00,0x00,0x00,0x00,0x00,
    0x00,0x00,0x00,0x00,0x00,0x00,0x00,0x00,0x00,0x00,0x00,0x00,0x00,0x00,0x00,0x00,0x00,0x00,0x00,0x00,0x00,0x00,0x00,0x00,0x00,0x00,0x00,0x00,0x00,0x00,0x00,0x00,
    0x00,0x00,0x00,0x00,0x00,0x00,0x00,0x00,0x00,0x00,0x00,0x00,0x00,0x00,0x00,0x00,0x00,0x00,0x00,0x00,0x00,0x00,0x00,0x00,0x00,0x00,0x00,0x00,0x00,0x00,0x00,0x00,
    0x00,0x00,0x00,0x00,0x00,0x00,0x00,0x00,0x00,0x00,0x00,0x00,0x00,0x00,0x00,0x00,0x00,0x00,0x00,0x00,0x00,0x00,0x00,0x00,0x00,0x00,0x00,0x00,0x00,0x00,0x00,0x00,
    0x21,0x12,0x0c,0xfd,0x2f,0x14,0x0a,0xff,0x5e,0x3d,0x30,0xff,0xd3,0xaf,0x98,0xff,0xd9,0xb5,0xa0,0xff,0xdc,0xc1,0xb4,0xff,0xed,0xda,0xcf,0xff,0xec,0xd8,0xcb,0xff,
    0xe9,0xd5,0xcd,0xff,0xe9,0xd6,0xce,0xff,0xe9,0xd8,0xcf,0xff,0xe8,0xd8,0xcc,0xff,0xe9,0xd6,0xcc,0xff,0xe8,0xd7,0xcc,0xff,0xf4,0xed,0xe9,0xff,0xfd,0xfd,0xfe,0xff,
    0xfd,0xfe,0xfe,0xff,0xfd,0xfe,0xfe,0xff,0xfd,0xfe,0xfe,0xff,0xfe,0xfe,0xfe,0xff,0xff,0xfe,0xfe,0xff,0xff,0xfe,0xfe,0xff,0xfe,0xfe,0xfe,0xff,0xfe,0xfe,0xfe,0xff,
    0xfe,0xfe,0xfe,0xff,0xfe,0xfe,0xfe,0xff,0xfe,0xfe,0xfe,0xff,0xfe,0xfe,0xfe,0xff,0xfe,0xfe,0xfe,0xff,0xfe,0xfe,0xfe,0xff,0xfe,0xfe,0xfe,0xff,0xfe,0xfe,0xfe,0xff,
    0xfe,0xfe,0xfe,0xff,0xfe,0xfe,0xfe,0xff,0xfe,0xfe,0xfe,0xff,0xfe,0xfe,0xfe,0xff,0xfe,0xfe,0xfe,0xff,0xfe,0xfe,0xfe,0xff,0xfe,0xfe,0xfe,0xff,0xfe,0xfe,0xfe,0xff,
    0xfe,0xfe,0xfe,0xff,0xfe,0xfe,0xfe,0xff,0xfe,0xfe,0xfe,0xff,0xfe,0xfe,0xfe,0xff,0xfe,0xfe,0xfe,0xff,0xfe,0xfe,0xfe,0xff,0xfe,0xfe,0xfe,0xff,0xfe,0xfe,0xfe,0xff,
    0xfe,0xfe,0xfe,0xff,0xfe,0xfe,0xfe,0xff,0xfe,0xfe,0xfe,0xff,0xfe,0xfe,0xfe,0xff,0xfe,0xfe,0xfe,0xff,0xfe,0xfe,0xfe,0xff,0xfe,0xfe,0xfe,0xff,0xfe,0xfe,0xfe,0xff,
    0xfd,0xfd,0xfd,0xff,0xfe,0xfe,0xfe,0xff,0xfd,0xfd,0xfd,0xff,0xfe,0xfe,0xfe,0xff,0xfe,0xfe,0xfe,0xff,0xfe,0xfe,0xfe,0xff,0xfe,0xfe,0xfe,0xff,0xfe,0xfe,0xfe,0xff,
    0xfe,0xfe,0xfe,0xff,0xfe,0xfe,0xfe,0xff,0xfe,0xfe,0xfe,0xff,0xfe,0xfe,0xfe,0xff,0xfe,0xfe,0xfe,0xff,0xfe,0xfe,0xfe,0xff,0xfd,0xfe,0xfe,0xff,0xfc,0xfe,0xfe,0xff,
    0xff,0xfe,0xfe,0xff,0xe6,0xda,0xd5,0xff,0xe8,0xd3,0xc7,0xff,0xe9,0xd4,0xc7,0xff,0xd5,0xbc,0xae,0xff,0xd7,0xb5,0xa2,0xff,0xdd,0xc0,0xb2,0xff,0x26,0x15,0x0e,0xff,
    0x28,0x14,0x0f,0xff,0x30,0x22,0x22,0xbe,0x00,0x00,0x00,0x00,0x00,0x00,0x00,0x00,0x00,0x00,0x00,0x00,0x00,0x00,0x00,0x00,0x00,0x00,0x00,0x00,0x00,0x00,0x00,0x00,
    0x00,0x00,0x00,0x00,0x00,0x00,0x00,0x00,0x00,0x00,0x00,0x00,0x00,0x00,0x00,0x00,0x00,0x00,0x00,0x00,0x00,0x00,0x00,0x00,0x00,0x00,0x00,0x00,0x00,0x00,0x00,0x00,
    0x00,0x00,0x00,0x00,0x00,0x00,0x00,0x00,0x00,0x00,0x00,0x00,0x00,0x00,0x00,0x00,0x00,0x00,0x00,0x00,0x00,0x00,0x00,0x00,0x00,0x00,0x00,0x00,0x00,0x00,0x00,0x00,
    0x00,0x00,0x00,0x00,0x00,0x00,0x00,0x00,0x00,0x00,0x00,0x00,0x00,0x00,0x00,0x00,0x00,0x00,0x00,0x00,0x00,0x00,0x00,0x00,0x00,0x00,0x00,0x00,0x00,0x00,0x00,0x00,
    0x00,0x00,0x00,0x00,0x00,0x00,0x00,0x00,0x00,0x00,0x00,0x00,0x00,0x00,0x00,0x00,0x00,0x00,0x00,0x00,0x00,0x00,0x00,0x00,0x00,0x00,0x00,0x00,0x00,0x00,0x00,0x00,
    0x00,0x00,0x00,0x00,0x00,0x00,0x00,0x00,0x00,0x00,0x00,0x00,0x00,0x00,0x00,0x00,0x00,0x00,0x00,0x00,0x00,0x00,0x00,0x00,0x00,0x00,0x00,0x00,0x00,0x00,0x00,0x00,
    0x25,0x12,0x0b,0xfd,0x2f,0x14,0x08,0xff,0x5a,0x37,0x26,0xff,0xb8,0x91,0x76,0xff,0xbc,0x92,0x7b,0xff,0xc4,0xa2,0x8f,0xff,0xd9,0xbe,0xae,0xff,0xd5,0xb9,0xaa,0xff,
    0xdc,0xc4,0xb8,0xff,0xea,0xd5,0xcd,0xff,0xe8,0xd7,0xce,0xff,0xe8,0xd7,0xce,0xff,0xea,0xd6,0xcd,0xff,0xe8,0xd7,0xcd,0xff,0xf3,0xed,0xeb,0xff,0xfd,0xfc,0xff,0xff,
    0xfc,0xfe,0xff,0xff,0xfc,0xfe,0xfe,0xff,0xfc,0xfe,0xfe,0xff,0xfe,0xfe,0xfe,0xff,0xff,0xfe,0xfe,0xff,0xff,0xfe,0xfe,0xff,0xfe,0xfe,0xfe,0xff,0xfe,0xfe,0xfe,0xff,
    0xfd,0xfd,0xfd,0xff,0xfd,0xfd,0xfd,0xff,0xfd,0xfd,0xfd,0xff,0xfe,0xfe,0xfe,0xff,0xfe,0xfe,0xfe,0xff,0xfe,0xfe,0xfe,0xff,0xfe,0xfe,0xfe,0xff,0xfe,0xfe,0xfe,0xff,
    0xfe,0xfe,0xfe,0xff,0xfe,0xfe,0xfe,0xff,0xfe,0xfe,0xfe,0xff,0xfe,0xfe,0xfe,0xff,0xfe,0xfe,0xfe,0xff,0xfe,0xfe,0xfe,0xff,0xfe,0xfe,0xfe,0xff,0xfe,0xfe,0xfe,0xff,
    0xfe,0xfe,0xfe,0xff,0xfe,0xfe,0xfe,0xff,0xfe,0xfe,0xfe,0xff,0xfe,0xfe,0xfe,0xff,0xfe,0xfe,0xfe,0xff,0xfe,0xfe,0xfe,0xff,0xfd,0xfd,0xfd,0xff,0xfd,0xfd,0xfd,0xff,
    0xfd,0xfd,0xfd,0xff,0xfd,0xfd,0xfd,0xff,0xfe,0xfe,0xfe,0xff,0xfe,0xfe,0xfe,0xff,0xfe,0xfe,0xfe,0xff,0xfe,0xfe,0xfe,0xff,0xfe,0xfe,0xfe,0xff,0xfe,0xfe,0xfe,0xff,
    0xfd,0xfd,0xfd,0xff,0xfe,0xfe,0xfe,0xff,0xfd,0xfd,0xfd,0xff,0xfe,0xfe,0xfe,0xff,0xfe,0xfe,0xfe,0xff,0xfe,0xfe,0xfe,0xff,0xfe,0xfe,0xfe,0xff,0xfd,0xfd,0xfd,0xff,
    0xfe,0xfe,0xfe,0xff,0xfe,0xfe,0xfe,0xff,0xfe,0xfe,0xfe,0xff,0xfe,0xfe,0xfe,0xff,0xfe,0xfe,0xfe,0xff,0xfe,0xfe,0xfe,0xff,0xfe,0xfe,0xfe,0xff,0xfd,0xfe,0xfe,0xff,
    0xfd,0xfd,0xfd,0xff,0xe8,0xde,0xdb,0xff,0xe9,0xd8,0xce,0xff,0xeb,0xd9,0xcf,0xff,0x46,0x31,0x27,0xff,0x34,0x16,0x09,0xff,0x27,0x11,0x0a,0xd3,0xff,0xff,0xff,0x03,
    0xff,0xff,0xff,0x04,0xff,0xff,0xff,0x01,0x00,0x00,0x00,0x00,0x00,0x00,0x00,0x00,0x00,0x00,0x00,0x00,0x00,0x00,0x00,0x00,0x00,0x00,0x00,0x00,0x00,0x00,0x00,0x00,
    0x00,0x00,0x00,0x00,0x00,0x00,0x00,0x00,0x00,0x00,0x00,0x00,0x00,0x00,0x00,0x00,0x00,0x00,0x00,0x00,0x00,0x00,0x00,0x00,0x00,0x00,0x00,0x00,0x00,0x00,0x00,0x00,
    0x00,0x00,0x00,0x00,0x00,0x00,0x00,0x00,0x00,0x00,0x00,0x00,0x00,0x00,0x00,0x00,0x00,0x00,0x00,0x00,0x00,0x00,0x00,0x00,0x00,0x00,0x00,0x00,0x00,0x00,0x00,0x00,
    0x00,0x00,0x00,0x00,0x00,0x00,0x00,0x00,0x00,0x00,0x00,0x00,0x00,0x00,0x00,0x00,0x00,0x00,0x00,0x00,0x00,0x00,0x00,0x00,0x00,0x00,0x00,0x00,0x00,0x00,0x00,0x00,
    0x00,0x00,0x00,0x00,0x00,0x00,0x00,0x00,0x00,0x00,0x00,0x00,0x00,0x00,0x00,0x00,0x00,0x00,0x00,0x00,0x00,0x00,0x00,0x00,0x00,0x00,0x00,0x00,0x00,0x00,0x00,0x00,
    0x00,0x00,0x00,0x00,0x00,0x00,0x00,0x00,0x00,0x00,0x00,0x00,0x00,0x00,0x00,0x00,0x00,0x00,0x00,0x00,0x00,0x00,0x00,0x00,0x00,0x00,0x00,0x00,0x00,0x00,0x00,0x00,
    0x25,0x0f,0x0a,0xfd,0x34,0x11,0x0a,0xff,0x57,0x38,0x27,0xff,0xbc,0x96,0x7b,0xff,0xbe,0x92,0x79,0xff,0xc3,0x9b,0x84,0xff,0xdb,0xbb,0xa3,0xff,0xdb,0xba,0xa9,0xff,
    0xe0,0xc6,0xb9,0xff,0xec,0xd7,0xcd,0xff,0xe8,0xd5,0xcd,0xff,0xe8,0xd5,0xcd,0xff,0xe8,0xd6,0xcc,0xff,0xe9,0xd8,0xcc,0xff,0xf5,0xec,0xe9,0xff,0xff,0xfe,0xfd,0xff,
    0xff,0xfe,0xfe,0xff,0xfd,0xfd,0xfd,0xff,0xfd,0xfe,0xfe,0xff,0xfe,0xfe,0xfe,0xff,0xfe,0xfd,0xfd,0xff,0xfe,0xfe,0xfe,0xff,0xfe,0xfe,0xfe,0xff,0xfe,0xfe,0xfe,0xff,
    0xfe,0xfe,0xfe,0xff,0xfe,0xfe,0xfe,0xff,0xfe,0xfe,0xfe,0xff,0xfe,0xfe,0xfe,0xff,0xfe,0xfe,0xfe,0xff,0xfe,0xfe,0xfe,0xff,0xfe,0xfe,0xfe,0xff,0xfe,0xfe,0xfe,0xff,
    0xfe,0xfe,0xfe,0xff,0xfe,0xfe,0xfe,0xff,0xfe,0xfe,0xfe,0xff,0xfe,0xfe,0xfe,0xff,0xfe,0xfe,0xfe,0xff,0xfe,0xfe,0xfe,0xff,0xfe,0xfe,0xfe,0xff,0xfe,0xfe,0xfe,0xff,
    0xfe,0xfe,0xfe,0xff,0xfe,0xfe,0xfe,0xff,0xfe,0xfe,0xfe,0xff,0xfe,0xfe,0xfe,0xff,0xfe,0xfe,0xfe,0xff,0xfe,0xfe,0xfe,0xff,0xfe,0xfe,0xfe,0xff,0xfe,0xfe,0xfe,0xff,
    0xfe,0xfe,0xfe,0xff,0xfe,0xfe,0xfe,0xff,0xfe,0xfe,0xfe,0xff,0xfe,0xfe,0xfe,0xff,0xfe,0xfe,0xfe,0xff,0xfe,0xfe,0xfe,0xff,0xfd,0xfd,0xfd,0xff,0xfd,0xfd,0xfd,0xff,
    0xfd,0xfd,0xfd,0xff,0xfe,0xfe,0xfe,0xff,0xfe,0xfe,0xfe,0xff,0xfe,0xfe,0xfe,0xff,0xfe,0xfe,0xfe,0xff,0xfe,0xfe,0xfe,0xff,0xfe,0xfe,0xfe,0xff,0xfd,0xfd,0xfd,0xff,
    0xfe,0xfe,0xfe,0xff,0xfe,0xfe,0xfe,0xff,0xfe,0xfe,0xfe,0xff,0xfe,0xfe,0xfe,0xff,0xfe,0xfe,0xfe,0xff,0xfd,0xfd,0xfd,0xff,0xfd,0xfd,0xfd,0xff,0xfd,0xfd,0xfc,0xff,
    0xff,0xfd,0xfd,0xff,0xea,0xe0,0xdb,0xff,0xe9,0xd8,0xce,0xff,0xe9,0xd8,0xcf,0xff,0x44,0x2e,0x28,0xff,0x31,0x14,0x0b,0xff,0x25,0x14,0x0e,0xcf,0x00,0x00,0x00,0x00,
    0x00,0x00,0x00,0x00,0x00,0x00,0x00,0x00,0x00,0x00,0x00,0x00,0x00,0x00,0x00,0x00,0x00,0x00,0x00,0x00,0x00,0x00,0x00,0x00,0x00,0x00,0x00,0x00,0x00,0x00,0x00,0x00,
    0x00,0x00,0x00,0x00,0x00,0x00,0x00,0x00,0x00,0x00,0x00,0x00,0x00,0x00,0x00,0x00,0x00,0x00,0x00,0x00,0x00,0x00,0x00,0x00,0x00,0x00,0x00,0x00,0x00,0x00,0x00,0x00,
    0x00,0x00,0x00,0x00,0x00,0x00,0x00,0x00,0x00,0x00,0x00,0x00,0x00,0x00,0x00,0x00,0x00,0x00,0x00,0x00,0x00,0x00,0x00,0x00,0x00,0x00,0x00,0x00,0x00,0x00,0x00,0x00,
    0x00,0x00,0x00,0x00,0x00,0x00,0x00,0x00,0x00,0x00,0x00,0x00,0x00,0x00,0x00,0x00,0x00,0x00,0x00,0x00,0x00,0x00,0x00,0x00,0x00,0x00,0x00,0x00,0x00,0x00,0x00,0x00,
    0x00,0x00,0x00,0x00,0x00,0x00,0x00,0x00,0x00,0x00,0x00,0x00,0x00,0x00,0x00,0x00,0x00,0x00,0x00,0x00,0x00,0x00,0x00,0x00,0x00,0x00,0x00,0x00,0x00,0x00,0x00,0x00,
    0x00,0x00,0x00,0x00,0x00,0x00,0x00,0x00,0x00,0x00,0x00,0x00,0x00,0x00,0x00,0x00,0x00,0x00,0x00,0x00,0x00,0x00,0x00,0x00,0x00,0x00,0x00,0x00,0x00,0x00,0x00,0x00,
    0x2e,0x24,0x22,0xab,0x3f,0x2c,0x27,0xaf,0x59,0x44,0x3e,0xbe,0xa7,0x89,0x77,0xff,0xb1,0x8b,0x78,0xff,0xb4,0x91,0x7e,0xff,0xd8,0xb9,0xa3,0xff,0xd9,0xb9,0xa5,0xff,
    0xdc,0xc4,0xb4,0xff,0xea,0xd6,0xcb,0xff,0xe8,0xd4,0xcc,0xff,0xe9,0xd5,0xcd,0xff,0xe8,0xd6,0xcd,0xff,0xea,0xd8,0xcc,0xff,0xf5,0xea,0xe2,0xff,0xff,0xfc,0xf8,0xff,
    0xfe,0xf9,0xf5,0xff,0xfd,0xfd,0xfd,0xff,0xff,0xfe,0xfe,0xff,0xfe,0xfe,0xfe,0xff,0xfb,0xfd,0xfd,0xff,0xfc,0xfe,0xfe,0xff,0xfe,0xfe,0xfe,0xff,0xfe,0xfe,0xfe,0xff,
    0xfe,0xfe,0xfe,0xff,0xfe,0xfe,0xfe,0xff,0xfe,0xfe,0xfe,0xff,0xfe,0xfe,0xfe,0xff,0xfe,0xfe,0xfe,0xff,0xfe,0xfe,0xfe,0xff,0xfe,0xfe,0xfe,0xff,0xfe,0xfe,0xfe,0xff,
    0xfe,0xfe,0xfe,0xff,0xfe,0xfe,0xfe,0xff,0xfe,0xfe,0xfe,0xff,0xfe,0xfe,0xfe,0xff,0xfe,0xfe,0xfe,0xff,0xfe,0xfe,0xfe,0xff,0xfe,0xfe,0xfe,0xff,0xfd,0xfd,0xfd,0xff,
    0xfe,0xfe,0xfe,0xff,0xfe,0xfe,0xfe,0xff,0xfe,0xfe,0xfe,0xff,0xfe,0xfe,0xfe,0xff,0xfd,0xfd,0xfd,0xff,0xfd,0xfd,0xfd,0xff,0xfe,0xfe,0xfe,0xff,0xfe,0xfe,0xfe,0xff,
    0xfe,0xfe,0xfe,0xff,0xfe,0xfe,0xfe,0xff,0xfe,0xfe,0xfe,0xff,0xfe,0xfe,0xfe,0xff,0xfe,0xfe,0xfe,0xff,0xfe,0xfe,0xfe,0xff,0xfd,0xfd,0xfd,0xff,0xfd,0xfd,0xfd,0xff,
    0xfd,0xfd,0xfd,0xff,0xfe,0xfe,0xfe,0xff,0xfe,0xfe,0xfe,0xff,0xfe,0xfe,0xfe,0xff,0xfe,0xfe,0xfe,0xff,0xfd,0xfd,0xfd,0xff,0xfe,0xfe,0xfe,0xff,0xfe,0xfe,0xfe,0xff,
    0xfe,0xfe,0xfe,0xff,0xfe,0xfe,0xfe,0xff,0xfd,0xfe,0xfe,0xff,0xfd,0xfe,0xfe,0xff,0xfe,0xfe,0xfe,0xff,0xfe,0xfe,0xfe,0xff,0xff,0xfe,0xfe,0xff,0xfe,0xfc,0xfa,0xff,
    0xff,0xfb,0xf8,0xff,0xee,0xe1,0xda,0xff,0xeb,0xd6,0xcb,0xff,0xea,0xd7,0xcf,0xff,0x46,0x2e,0x27,0xff,0x30,0x11,0x08,0xff,0x2a,0x18,0x12,0xcc,0x00,0x00,0x00,0x00,
    0x00,0x00,0x00,0x00,0x00,0x00,0x00,0x00,0x00,0x00,0x00,0x00,0x00,0x00,0x00,0x00,0x00,0x00,0x00,0x00,0x00,0x00,0x00,0x00,0x00,0x00,0x00,0x00,0x00,0x00,0x00,0x00,
    0x00,0x00,0x00,0x00,0x00,0x00,0x00,0x00,0x00,0x00,0x00,0x00,0x00,0x00,0x00,0x00,0x00,0x00,0x00,0x00,0x00,0x00,0x00,0x00,0x00,0x00,0x00,0x00,0x00,0x00,0x00,0x00,
    0x00,0x00,0x00,0x00,0x00,0x00,0x00,0x00,0x00,0x00,0x00,0x00,0x00,0x00,0x00,0x00,0x00,0x00,0x00,0x00,0x00,0x00,0x00,0x00,0x00,0x00,0x00,0x00,0x00,0x00,0x00,0x00,
    0x00,0x00,0x00,0x00,0x00,0x00,0x00,0x00,0x00,0x00,0x00,0x00,0x00,0x00,0x00,0x00,0x00,0x00,0x00,0x00,0x00,0x00,0x00,0x00,0x00,0x00,0x00,0x00,0x00,0x00,0x00,0x00,
    0x00,0x00,0x00,0x00,0x00,0x00,0x00,0x00,0x00,0x00,0x00,0x00,0x00,0x00,0x00,0x00,0x00,0x00,0x00,0x00,0x00,0x00,0x00,0x00,0x00,0x00,0x00,0x00,0x00,0x00,0x00,0x00,
    0x00,0x00,0x00,0x00,0x00,0x00,0x00,0x00,0x00,0x00,0x00,0x00,0x00,0x00,0x00,0x00,0x00,0x00,0x00,0x00,0x00,0x00,0x00,0x00,0x00,0x00,0x00,0x00,0x00,0x00,0x00,0x00,
    0x00,0x00,0x00,0x00,0x00,0x00,0x00,0x00,0x51,0x43,0x43,0x26,0x2a,0x12,0x09,0xff,0x34,0x17,0x0c,0xff,0x5d,0x41,0x32,0xff,0xd2,0xb4,0xa0,0xff,0xd9,0xb7,0xa3,0xff,
    0xd7,0xbe,0xad,0xff,0xe8,0xd4,0xc7,0xff,0xe6,0xd3,0xc9,0xff,0xe8,0xd5,0xcd,0xff,0xe8,0xd7,0xce,0xff,0xe8,0xd7,0xcd,0xff,0xe8,0xd9,0xd0,0xff,0xe5,0xd7,0xd0,0xff,
    0xe8,0xd9,0xd2,0xff,0xf8,0xf2,0xef,0xff,0xff,0xfe,0xff,0xff,0xfd,0xfe,0xfe,0xff,0xfd,0xfe,0xfd,0xff,0xfd,0xfe,0xfe,0xff,0xfe,0xfe,0xfe,0xff,0xfe,0xfe,0xfe,0xff,
    0xfe,0xfe,0xfe,0xff,0xfe,0xfe,0xfe,0xff,0xfe,0xfe,0xfe,0xff,0xfe,0xfe,0xfe,0xff,0xfe,0xfe,0xfe,0xff,0xfe,0xfe,0xfe,0xff,0xfe,0xfe,0xfe,0xff,0xfe,0xfe,0xfe,0xff,
    0xfe,0xfe,0xfe,0xff,0xfe,0xfe,0xfe,0xff,0xfe,0xfe,0xfe,0xff,0xfe,0xfe,0xfe,0xff,0xfe,0xfe,0xfe,0xff,0xfe,0xfe,0xfe,0xff,0xfe,0xfe,0xfe,0xff,0xfe,0xfe,0xfe,0xff,
    0xfe,0xfe,0xfe,0xff,0xfe,0xfe,0xfe,0xff,0xfe,0xfe,0xfe,0xff,0xfe,0xfe,0xfe,0xff,0xfe,0xfe,0xfe,0xff,0xfe,0xfe,0xfe,0xff,0xfd,0xfd,0xfd,0xff,0xfe,0xfe,0xfe,0xff,
    0xfe,0xfe,0xfe,0xff,0xfe,0xfe,0xfe,0xff,0xfe,0xfe,0xfe,0xff,0xfe,0xfe,0xfe,0xff,0xfe,0xfe,0xfe,0xff,0xfe,0xfe,0xfe,0xff,0xfe,0xfe,0xfe,0xff,0xfe,0xfe,0xfe,0xff,
    0xfe,0xfe,0xfe,0xff,0xfe,0xfe,0xfe,0xff,0xfe,0xfe,0xfe,0xff,0xfe,0xfe,0xfe,0xff,0xfe,0xfe,0xfe,0xff,0xfe,0xfe,0xfe,0xff,0xfe,0xfe,0xfe,0xff,0xfe,0xfe,0xfe,0xff,
    0xfe,0xfe,0xfe,0xff,0xfe,0xfe,0xfe,0xff,0xfd,0xfe,0xfe,0xff,0xfd,0xfe,0xfe,0xff,0xfe,0xfe,0xfe,0xff,0xfe,0xfe,0xff,0xff,0xfa,0xf7,0xf5,0xff,0xe8,0xde,0xd7,0xff,
    0xe9,0xdd,0xd8,0xff,0xe7,0xd6,0xcf,0xff,0xea,0xd6,0xcb,0xff,0xeb,0xd7,0xcf,0xff,0x48,0x2f,0x28,0xff,0x2f,0x13,0x09,0xff,0x29,0x13,0x0d,0xd4,0x00,0x00,0x00,0x00,
    0x00,0x00,0x00,0x00,0x00,0x00,0x00,0x00,0x00,0x00,0x00,0x00,0x00,0x00,0x00,0x00,0x00,0x00,0x00,0x00,0x00,0x00,0x00,0x00,0x00,0x00,0x00,0x00,0x00,0x00,0x00,0x00,
    0x00,0x00,0x00,0x00,0x00,0x00,0x00,0x00,0x00,0x00,0x00,0x00,0x00,0x00,0x00,0x00,0x00,0x00,0x00,0x00,0x00,0x00,0x00,0x00,0x00,0x00,0x00,0x00,0x00,0x00,0x00,0x00,
    0x00,0x00,0x00,0x00,0x00,0x00,0x00,0x00,0x00,0x00,0x00,0x00,0x00,0x00,0x00,0x00,0x00,0x00,0x00,0x00,0x00,0x00,0x00,0x00,0x00,0x00,0x00,0x00,0x00,0x00,0x00,0x00,
    0x00,0x00,0x00,0x00,0x00,0x00,0x00,0x00,0x00,0x00,0x00,0x00,0x00,0x00,0x00,0x00,0x00,0x00,0x00,0x00,0x00,0x00,0x00,0x00,0x00,0x00,0x00,0x00,0x00,0x00,0x00,0x00,
    0x00,0x00,0x00,0x00,0x00,0x00,0x00,0x00,0x00,0x00,0x00,0x00,0x00,0x00,0x00,0x00,0x00,0x00,0x00,0x00,0x00,0x00,0x00,0x00,0x00,0x00,0x00,0x00,0x00,0x00,0x00,0x00,
    0x00,0x00,0x00,0x00,0x00,0x00,0x00,0x00,0x00,0x00,0x00,0x00,0x00,0x00,0x00,0x00,0x00,0x00,0x00,0x00,0x00,0x00,0x00,0x00,0x00,0x00,0x00,0x00,0x00,0x00,0x00,0x00,
    0x00,0x00,0x00,0x00,0x00,0x00,0x00,0x00,0x57,0x4a,0x43,0x26,0x2b,0x12,0x0c,0xff,0x2d,0x12,0x08,0xff,0x62,0x46,0x38,0xff,0xd8,0xb7,0xa3,0xff,0xd9,0xb4,0xa1,0xff,
    0xd8,0xbb,0xaa,0xff,0xec,0xd4,0xc5,0xff,0xe9,0xd4,0xc7,0xff,0xeb,0xd6,0xcb,0xff,0xe9,0xd8,0xcf,0xff,0xe7,0xd6,0xcd,0xff,0xe7,0xd6,0xcd,0xff,0xe9,0xd8,0xcf,0xff,
    0xea,0xdb,0xd2,0xff,0xf8,0xf0,0xec,0xff,0xff,0xfe,0xff,0xff,0xfc,0xfe,0xfe,0xff,0xfe,0xff,0xfd,0xff,0xfe,0xfe,0xfe,0xff,0xfe,0xfe,0xfe,0xff,0xfe,0xfe,0xfe,0xff,
    0xfe,0xfe,0xfe,0xff,0xfe,0xfe,0xfe,0xff,0xfe,0xfe,0xfe,0xff,0xfe,0xfe,0xfe,0xff,0xfe,0xfe,0xfe,0xff,0xfe,0xfe,0xfe,0xff,0xfe,0xfe,0xfe,0xff,0xfe,0xfe,0xfe,0xff,
    0xfe,0xfe,0xfe,0xff,0xfe,0xfe,0xfe,0xff,0xfe,0xfe,0xfe,0xff,0xfe,0xfe,0xfe,0xff,0xfe,0xfe,0xfe,0xff,0xfe,0xfe,0xfe,0xff,0xfe,0xfe,0xfe,0xff,0xfe,0xfe,0xfe,0xff,
    0xfe,0xfe,0xfe,0xff,0xfe,0xfe,0xfe,0xff,0xfe,0xfe,0xfe,0xff,0xfe,0xfe,0xfe,0xff,0xfe,0xfe,0xfe,0xff,0xfe,0xfe,0xfe,0xff,0xfd,0xfd,0xfd,0xff,0xfe,0xfe,0xfe,0xff,
    0xfe,0xfe,0xfe,0xff,0xfe,0xfe,0xfe,0xff,0xfe,0xfe,0xfe,0xff,0xfe,0xfe,0xfe,0xff,0xfe,0xfe,0xfe,0xff,0xfe,0xfe,0xfe,0xff,0xfe,0xfe,0xfe,0xff,0xfe,0xfe,0xfe,0xff,
    0xfe,0xfe,0xfe,0xff,0xfe,0xfe,0xfe,0xff,0xfe,0xfe,0xfe,0xff,0xfe,0xfe,0xfe,0xff,0xfe,0xfe,0xfe,0xff,0xfe,0xfe,0xfe,0xff,0xfe,0xfe,0xfe,0xff,0xfe,0xfe,0xfe,0xff,
    0xfe,0xfe,0xfe,0xff,0xfe,0xfe,0xfe,0xff,0xfd,0xfe,0xfe,0xff,0xfe,0xfe,0xfe,0xff,0xfe,0xff,0xfd,0xff,0xfc,0xfd,0xfe,0xff,0xfb,0xf7,0xf4,0xff,0xe6,0xdd,0xd3,0xff,
    0xe5,0xdb,0xd2,0xff,0xe4,0xd5,0xcc,0xff,0xeb,0xd7,0xc9,0xff,0xe7,0xd4,0xc6,0xff,0x46,0x2d,0x25,0xff,0x2e,0x15,0x0b,0xff,0x29,0x12,0x0c,0xd5,0x00,0x00,0x00,0x00,
    0x00,0x00,0x00,0x00,0x00,0x00,0x00,0x00,0x00,0x00,0x00,0x00,0x00,0x00,0x00,0x00,0x00,0x00,0x00,0x00,0x00,0x00,0x00,0x00,0x00,0x00,0x00,0x00,0x00,0x00,0x00,0x00,
    0x00,0x00,0x00,0x00,0x00,0x00,0x00,0x00,0x00,0x00,0x00,0x00,0x00,0x00,0x00,0x00,0x00,0x00,0x00,0x00,0x00,0x00,0x00,0x00,0x00,0x00,0x00,0x00,0x00,0x00,0x00,0x00,
    0x00,0x00,0x00,0x00,0x00,0x00,0x00,0x00,0x00,0x00,0x00,0x00,0x00,0x00,0x00,0x00,0x00,0x00,0x00,0x00,0x00,0x00,0x00,0x00,0x00,0x00,0x00,0x00,0x00,0x00,0x00,0x00,
    0x00,0x00,0x00,0x00,0x00,0x00,0x00,0x00,0x00,0x00,0x00,0x00,0x00,0x00,0x00,0x00,0x00,0x00,0x00,0x00,0x00,0x00,0x00,0x00,0x00,0x00,0x00,0x00,0x00,0x00,0x00,0x00,
    0x00,0x00,0x00,0x00,0x00,0x00,0x00,0x00,0x00,0x00,0x00,0x00,0x00,0x00,0x00,0x00,0x00,0x00,0x00,0x00,0x00,0x00,0x00,0x00,0x00,0x00,0x00,0x00,0x00,0x00,0x00,0x00,
    0x00,0x00,0x00,0x00,0x00,0x00,0x00,0x00,0x00,0x00,0x00,0x00,0x00,0x00,0x00,0x00,0x00,0x00,0x00,0x00,0x00,0x00,0x00,0x00,0x00,0x00,0x00,0x00,0x00,0x00,0x00,0x00,
    0x00,0x00,0x00,0x00,0x00,0x00,0x00,0x00,0x57,0x4a,0x4a,0x26,0x2c,0x11,0x0b,0xff,0x31,0x14,0x0b,0xff,0x62,0x44,0x35,0xff,0xd7,0xb1,0x9e,0xff,0xd5,0xb2,0x9e,0xff,
    0xd9,0xb9,0xa7,0xff,0xdd,0xc2,0xb2,0xff,0xd8,0xbf,0xb0,0xff,0xe3,0xcc,0xc0,0xff,0xe8,0xd7,0xce,0xff,0xe7,0xd6,0xcd,0xff,0xe8,0xd7,0xce,0xff,0xe9,0xd8,0xcf,0xff,
    0xe9,0xd8,0xcf,0xff,0xf8,0xef,0xeb,0xff,0xff,0xfe,0xff,0xff,0xfc,0xfe,0xfe,0xff,0xfe,0xff,0xfd,0xff,0xfe,0xfe,0xfe,0xff,0xfe,0xfe,0xfe,0xff,0xfe,0xfe,0xfe,0xff,
    0xfe,0xfe,0xfe,0xff,0xfe,0xfe,0xfe,0xff,0xfe,0xfe,0xfe,0xff,0xfe,0xfe,0xfe,0xff,0xfe,0xfe,0xfe,0xff,0xfe,0xfe,0xfe,0xff,0xfe,0xfe,0xfe,0xff,0xfe,0xfe,0xfe,0xff,
    0xfe,0xfe,0xfe,0xff,0xfe,0xfe,0xfe,0xff,0xfe,0xfe,0xfe,0xff,0xfe,0xfe,0xfe,0xff,0xfe,0xfe,0xfe,0xff,0xfe,0xfe,0xfe,0xff,0xfe,0xfe,0xfe,0xff,0xfe,0xfe,0xfe,0xff,
    0xfe,0xfe,0xfe,0xff,0xfe,0xfe,0xfe,0xff,0xfe,0xfe,0xfe,0xff,0xfe,0xfe,0xfe,0xff,0xfe,0xfe,0xfe,0xff,0xfe,0xfe,0xfe,0xff,0xfd,0xfd,0xfd,0xff,0xfe,0xfe,0xfe,0xff,
    0xfe,0xfe,0xfe,0xff,0xfe,0xfe,0xfe,0xff,0xfe,0xfe,0xfe,0xff,0xfe,0xfe,0xfe,0xff,0xfe,0xfe,0xfe,0xff,0xfe,0xfe,0xfe,0xff,0xfe,0xfe,0xfe,0xff,0xfe,0xfe,0xfe,0xff,
    0xfe,0xfe,0xfe,0xff,0xfe,0xfe,0xfe,0xff,0xfe,0xfe,0xfe,0xff,0xfe,0xfe,0xfe,0xff,0xfe,0xfe,0xfe,0xff,0xfd,0xfd,0xfd,0xff,0xfd,0xfd,0xfd,0xff,0xfd,0xfd,0xfd,0xff,
    0xfe,0xfe,0xfe,0xff,0xfe,0xfe,0xfe,0xff,0xfd,0xfe,0xfe,0xff,0xfe,0xfe,0xfe,0xff,0xfe,0xff,0xfd,0xff,0xfd,0xfe,0xfe,0xff,0xfb,0xf7,0xf4,0xff,0xe5,0xdc,0xd2,0xff,
    0xe9,0xde,0xd4,0xff,0xdb,0xc8,0xbc,0xff,0xd9,0xbe,0xad,0xff,0xd8,0xbd,0xad,0xff,0x48,0x2c,0x22,0xff,0x2e,0x15,0x0b,0xff,0x2a,0x13,0x0e,0xd4,0x00,0x00,0x00,0x00,
    0x00,0x00,0x00,0x00,0x00,0x00,0x00,0x00,0x00,0x00,0x00,0x00,0x00,0x00,0x00,0x00,0x00,0x00,0x00,0x00,0x00,0x00,0x00,0x00,0x00,0x00,0x00,0x00,0x00,0x00,0x00,0x00,
    0x00,0x00,0x00,0x00,0x00,0x00,0x00,0x00,0x00,0x00,0x00,0x00,0x00,0x00,0x00,0x00,0x00,0x00,0x00,0x00,0x00,0x00,0x00,0x00,0x00,0x00,0x00,0x00,0x00,0x00,0x00,0x00,
    0x00,0x00,0x00,0x00,0x00,0x00,0x00,0x00,0x00,0x00,0x00,0x00,0x00,0x00,0x00,0x00,0x00,0x00,0x00,0x00,0x00,0x00,0x00,0x00,0x00,0x00,0x00,0x00,0x00,0x00,0x00,0x00,
    0x00,0x00,0x00,0x00,0x00,0x00,0x00,0x00,0x00,0x00,0x00,0x00,0x00,0x00,0x00,0x00,0x00,0x00,0x00,0x00,0x00,0x00,0x00,0x00,0x00,0x00,0x00,0x00,0x00,0x00,0x00,0x00,
    0x00,0x00,0x00,0x00,0x00,0x00,0x00,0x00,0x00,0x00,0x00,0x00,0x00,0x00,0x00,0x00,0x00,0x00,0x00,0x00,0x00,0x00,0x00,0x00,0x00,0x00,0x00,0x00,0x00,0x00,0x00,0x00,
    0x00,0x00,0x00,0x00,0x00,0x00,0x00,0x00,0x00,0x00,0x00,0x00,0x00,0x00,0x00,0x00,0x00,0x00,0x00,0x00,0x00,0x00,0x00,0x00,0x00,0x00,0x00,0x00,0x00,0x00,0x00,0x00,
    0x00,0x00,0x00,0x00,0x00,0x00,0x00,0x00,0x5e,0x4a,0x4a,0x26,0x2e,0x13,0x0c,0xff,0x30,0x15,0x0b,0xff,0x5e,0x40,0x32,0xff,0xd2,0xae,0x9b,0xff,0xd3,0xb0,0x9c,0xff,
    0xd5,0xb4,0xa0,0xff,0xd8,0xb9,0xa8,0xff,0xd6,0xba,0xaa,0xff,0xe5,0xcc,0xbd,0xff,0xe8,0xd5,0xcd,0xff,0xe9,0xd6,0xce,0xff,0xe9,0xd6,0xce,0xff,0xe8,0xd5,0xcd,0xff,
    0xe7,0xd6,0xcd,0xff,0xf8,0xef,0xea,0xff,0xff,0xfe,0xff,0xff,0xfc,0xfe,0xfe,0xff,0xfe,0xff,0xfd,0xff,0xfd,0xfd,0xfd,0xff,0xfe,0xfe,0xfe,0xff,0xfd,0xfd,0xfd,0xff,
    0xfe,0xfe,0xfe,0xff,0xfe,0xfe,0xfe,0xff,0xfe,0xfe,0xfe,0xff,0xfe,0xfe,0xfe,0xff,0xfe,0xfe,0xfe,0xff,0xfe,0xfe,0xfe,0xff,0xfe,0xfe,0xfe,0xff,0xfd,0xfd,0xfd,0xff,
    0xfe,0xfe,0xfe,0xff,0xfe,0xfe,0xfe,0xff,0xfd,0xfd,0xfd,0xff,0xfd,0xfd,0xfd,0xff,0xfd,0xfd,0xfd,0xff,0xfe,0xfe,0xfe,0xff,0xfe,0xfe,0xfe,0xff,0xfe,0xfe,0xfe,0xff,
    0xfe,0xfe,0xfe,0xff,0xfe,0xfe,0xfe,0xff,0xfe,0xfe,0xfe,0xff,0xfe,0xfe,0xfe,0xff,0xfe,0xfe,0xfe,0xff,0xfe,0xfe,0xfe,0xff,0xfe,0xfe,0xfe,0xff,0xfe,0xfe,0xfe,0xff,
    0xfe,0xfe,0xfe,0xff,0xfe,0xfe,0xfe,0xff,0xfe,0xfe,0xfe,0xff,0xfe,0xfe,0xfe,0xff,0xfe,0xfe,0xfe,0xff,0xfe,0xfe,0xfe,0xff,0xfe,0xfe,0xfe,0xff,0xfe,0xfe,0xfe,0xff,
    0xfe,0xfe,0xfe,0xff,0xfe,0xfe,0xfe,0xff,0xfe,0xfe,0xfe,0xff,0xfe,0xfe,0xfe,0xff,0xfe,0xfe,0xfe,0xff,0xfe,0xfe,0xfe,0xff,0xfe,0xfe,0xfe,0xff,0xfe,0xfe,0xfe,0xff,
    0xfe,0xfe,0xfe,0xff,0xfe,0xfe,0xfe,0xff,0xfd,0xfe,0xfe,0xff,0xfe,0xfe,0xfe,0xff,0xfe,0xff,0xfd,0xff,0xfd,0xfe,0xff,0xff,0xfb,0xf8,0xf5,0xff,0xe9,0xdc,0xd5,0xff,
    0xed,0xda,0xd2,0xff,0xd9,0xbe,0xb0,0xff,0xda,0xb8,0xa4,0xff,0xdb,0xbb,0xa8,0xff,0x4b,0x2b,0x21,0xff,0x2e,0x15,0x0b,0xff,0x28,0x10,0x0c,0xd9,0x00,0x00,0x00,0x00,
    0x00,0x00,0x00,0x00,0x00,0x00,0x00,0x00,0x00,0x00,0x00,0x00,0x00,0x00,0x00,0x00,0x00,0x00,0x00,0x00,0x00,0x00,0x00,0x00,0x00,0x00,0x00,0x00,0x00,0x00,0x00,0x00,
    0x00,0x00,0x00,0x00,0x00,0x00,0x00,0x00,0x00,0x00,0x00,0x00,0x00,0x00,0x00,0x00,0x00,0x00,0x00,0x00,0x00,0x00,0x00,0x00,0x00,0x00,0x00,0x00,0x00,0x00,0x00,0x00,
    0x00,0x00,0x00,0x00,0x00,0x00,0x00,0x00,0x00,0x00,0x00,0x00,0x00,0x00,0x00,0x00,0x00,0x00,0x00,0x00,0x00,0x00,0x00,0x00,0x00,0x00,0x00,0x00,0x00,0x00,0x00,0x00,
    0x00,0x00,0x00,0x00,0x00,0x00,0x00,0x00,0x00,0x00,0x00,0x00,0x00,0x00,0x00,0x00,0x00,0x00,0x00,0x00,0x00,0x00,0x00,0x00,0x00,0x00,0x00,0x00,0x00,0x00,0x00,0x00,
    0x00,0x00,0x00,0x00,0x00,0x00,0x00,0x00,0x00,0x00,0x00,0x00,0x00,0x00,0x00,0x00,0x00,0x00,0x00,0x00,0x00,0x00,0x00,0x00,0x00,0x00,0x00,0x00,0x00,0x00,0x00,0x00,
    0x00,0x00,0x00,0x00,0x00,0x00,0x00,0x00,0x00,0x00,0x00,0x00,0x00,0x00,0x00,0x00,0x00,0x00,0x00,0x00,0x00,0x00,0x00,0x00,0x00,0x00,0x00,0x00,0x00,0x00,0x00,0x00,
    0x00,0x00,0x00,0x00,0x00,0x00,0x00,0x00,0x57,0x4a,0x4a,0x26,0x2f,0x16,0x10,0xff,0x2e,0x13,0x09,0xff,0x5a,0x40,0x31,0xff,0xd2,0xb1,0x9e,0xff,0xd1,0xaf,0x9b,0xff,
    0xd6,0xb3,0xa0,0xff,0xdc,0xbb,0xa8,0xff,0xd8,0xba,0xa9,0xff,0xe1,0xc7,0xb7,0xff,0xe6,0xd3,0xcb,0xff,0xe9,0xd6,0xce,0xff,0xe7,0xd4,0xcc,0xff,0xe6,0xd3,0xcb,0xff,
    0xe7,0xd5,0xcd,0xff,0xf8,0xf0,0xeb,0xff,0xff,0xfe,0xff,0xff,0xfb,0xfd,0xfd,0xff,0xff,0xff,0xfe,0xff,0xff,0xff,0xff,0xff,0xfe,0xfe,0xfe,0xff,0xfd,0xfd,0xfd,0xff,
    0xfe,0xfe,0xfe,0xff,0xfe,0xfe,0xfe,0xff,0xfe,0xfe,0xfe,0xff,0xfe,0xfe,0xfe,0xff,0xfe,0xfe,0xfe,0xff,0xfe,0xfe,0xfe,0xff,0xfe,0xfe,0xfe,0xff,0xfd,0xfd,0xfd,0xff,
    0xfe,0xfe,0xfe,0xff,0xfe,0xfe,0xfe,0xff,0xfe,0xfe,0xfe,0xff,0xfe,0xfe,0xfe,0xff,0xfe,0xfe,0xfe,0xff,0xfe,0xfe,0xfe,0xff,0xfe,0xfe,0xfe,0xff,0xfe,0xfe,0xfe,0xff,
    0xfe,0xfe,0xfe,0xff,0xfe,0xfe,0xfe,0xff,0xfe,0xfe,0xfe,0xff,0xfe,0xfe,0xfe,0xff,0xfe,0xfe,0xfe,0xff,0xfe,0xfe,0xfe,0xff,0xfe,0xfe,0xfe,0xff,0xfe,0xfe,0xfe,0xff,
    0xfe,0xfe,0xfe,0xff,0xfe,0xfe,0xfe,0xff,0xfe,0xfe,0xfe,0xff,0xfe,0xfe,0xfe,0xff,0xfe,0xfe,0xfe,0xff,0xfe,0xfe,0xfe,0xff,0xfe,0xfe,0xfe,0xff,0xfe,0xfe,0xfe,0xff,
    0xfe,0xfe,0xfe,0xff,0xfe,0xfe,0xfe,0xff,0xfe,0xfe,0xfe,0xff,0xfe,0xfe,0xfe,0xff,0xfe,0xfe,0xfe,0xff,0xfe,0xfe,0xfe,0xff,0xfe,0xfe,0xfe,0xff,0xfe,0xfe,0xfe,0xff,
    0xfe,0xfe,0xfe,0xff,0xfe,0xfe,0xfe,0xff,0xfd,0xfe,0xfe,0xff,0xfe,0xfe,0xfe,0xff,0xfe,0xff,0xfd,0xff,0xfd,0xfe,0xfe,0xff,0xfb,0xf7,0xf4,0xff,0xe5,0xd9,0xd3,0xff,
    0xeb,0xda,0xd2,0xff,0xd7,0xbe,0xaf,0xff,0xda,0xbb,0xa5,0xff,0xd3,0xb7,0xa2,0xff,0x44,0x26,0x1b,0xff,0x2f,0x16,0x0c,0xff,0x2b,0x14,0x0f,0xda,0x00,0x00,0x00,0x00,
    0x00,0x00,0x00,0x00,0x00,0x00,0x00,0x00,0x00,0x00,0x00,0x00,0x00,0x00,0x00,0x00,0x00,0x00,0x00,0x00,0x00,0x00,0x00,0x00,0x00,0x00,0x00,0x00,0x00,0x00,0x00,0x00,
    0x00,0x00,0x00,0x00,0x00,0x00,0x00,0x00,0x00,0x00,0x00,0x00,0x00,0x00,0x00,0x00,0x00,0x00,0x00,0x00,0x00,0x00,0x00,0x00,0x00,0x00,0x00,0x00,0x00,0x00,0x00,0x00,
    0x00,0x00,0x00,0x00,0x00,0x00,0x00,0x00,0x00,0x00,0x00,0x00,0x00,0x00,0x00,0x00,0x00,0x00,0x00,0x00,0x00,0x00,0x00,0x00,0x00,0x00,0x00,0x00,0x00,0x00,0x00,0x00,
    0x00,0x00,0x00,0x00,0x00,0x00,0x00,0x00,0x00,0x00,0x00,0x00,0x00,0x00,0x00,0x00,0x00,0x00,0x00,0x00,0x00,0x00,0x00,0x00,0x00,0x00,0x00,0x00,0x00,0x00,0x00,0x00,
    0x00,0x00,0x00,0x00,0x00,0x00,0x00,0x00,0x00,0x00,0x00,0x00,0x00,0x00,0x00,0x00,0x00,0x00,0x00,0x00,0x00,0x00,0x00,0x00,0x00,0x00,0x00,0x00,0x00,0x00,0x00,0x00,
    0x00,0x00,0x00,0x00,0x00,0x00,0x00,0x00,0x00,0x00,0x00,0x00,0x00,0x00,0x00,0x00,0x00,0x00,0x00,0x00,0x00,0x00,0x00,0x00,0x00,0x00,0x00,0x00,0x00,0x00,0x00,0x00,
    0x00,0x00,0x00,0x00,0x00,0x00,0x00,0x00,0x80,0x80,0x80,0x06,0x60,0x53,0x4f,0x4a,0x64,0x56,0x53,0x4a,0x75,0x63,0x5d,0x76,0x4d,0x2f,0x24,0xff,0x4a,0x2b,0x1f,0xff,
    0xa0,0x80,0x71,0xff,0xdb,0xb8,0xa5,0xff,0xd8,0xb8,0xa5,0xff,0xd3,0xb9,0xa8,0xff,0xda,0xc2,0xb2,0xff,0xdb,0xc1,0xb3,0xff,0xe6,0xd0,0xc4,0xff,0xe8,0xd5,0xcb,0xff,
    0xe8,0xd5,0xcd,0xff,0xed,0xdf,0xd4,0xff,0xed,0xe4,0xde,0xff,0xed,0xe5,0xe3,0xff,0xff,0xff,0xfd,0xff,0xfa,0xff,0xfe,0xff,0xfc,0xfe,0xff,0xff,0xfd,0xff,0xff,0xff,
    0xfe,0xfe,0xfe,0xff,0xfc,0xfe,0xfe,0xff,0xfc,0xfe,0xfe,0xff,0xfe,0xfe,0xfe,0xff,0xfe,0xfe,0xfe,0xff,0xfe,0xfe,0xfe,0xff,0xfe,0xfe,0xfe,0xff,0xfe,0xfe,0xfe,0xff,
    0xfe,0xfe,0xfe,0xff,0xfe,0xfe,0xfe,0xff,0xfe,0xfe,0xfe,0xff,0xfe,0xfe,0xfe,0xff,0xfe,0xfe,0xfe,0xff,0xfe,0xfe,0xfe,0xff,0xfe,0xfe,0xfe,0xff,0xfe,0xfe,0xfe,0xff,
    0xfe,0xfe,0xfe,0xff,0xfe,0xfe,0xfe,0xff,0xfe,0xfe,0xfe,0xff,0xfe,0xfe,0xfe,0xff,0xfe,0xfe,0xfe,0xff,0xfe,0xfe,0xfe,0xff,0xfe,0xfe,0xfe,0xff,0xfe,0xfe,0xfe,0xff,
    0xfe,0xfe,0xfe,0xff,0xfe,0xfe,0xfe,0xff,0xfe,0xfe,0xfe,0xff,0xfd,0xfd,0xfd,0xff,0xfe,0xfe,0xfe,0xff,0xfe,0xfe,0xfe,0xff,0xfe,0xfe,0xfe,0xff,0xfe,0xfe,0xfe,0xff,
    0xfe,0xfe,0xfe,0xff,0xfe,0xfe,0xfe,0xff,0xfe,0xfe,0xfe,0xff,0xfe,0xfe,0xfe,0xff,0xfe,0xfe,0xfe,0xff,0xfe,0xfe,0xfe,0xff,0xfe,0xfe,0xfe,0xff,0xfe,0xfe,0xfe,0xff,
    0xfe,0xfe,0xfe,0xff,0xfc,0xfe,0xff,0xff,0xfe,0xfd,0xff,0xff,0xff,0xfe,0xfc,0xff,0xf2,0xe7,0xe6,0xff,0xed,0xe6,0xe3,0xff,0xe8,0xdc,0xd6,0xff,0xdf,0xca,0xc0,0xff,
    0xe6,0xcf,0xc3,0xff,0x6d,0x57,0x4b,0xff,0x4d,0x31,0x25,0xff,0x48,0x31,0x26,0xff,0x78,0x6b,0x61,0x64,0x69,0x5e,0x59,0x5c,0x69,0x59,0x59,0x2e,0x00,0x00,0x00,0x00,
    0x00,0x00,0x00,0x00,0x00,0x00,0x00,0x00,0x00,0x00,0x00,0x00,0x00,0x00,0x00,0x00,0x00,0x00,0x00,0x00,0x00,0x00,0x00,0x00,0x00,0x00,0x00,0x00,0x00,0x00,0x00,0x00,
    0x00,0x00,0x00,0x00,0x00,0x00,0x00,0x00,0x00,0x00,0x00,0x00,0x00,0x00,0x00,0x00,0x00,0x00,0x00,0x00,0x00,0x00,0x00,0x00,0x00,0x00,0x00,0x00,0x00,0x00,0x00,0x00,
    0x00,0x00,0x00,0x00,0x00,0x00,0x00,0x00,0x00,0x00,0x00,0x00,0x00,0x00,0x00,0x00,0x00,0x00,0x00,0x00,0x00,0x00,0x00,0x00,0x00,0x00,0x00,0x00,0x00,0x00,0x00,0x00,
    0x00,0x00,0x00,0x00,0x00,0x00,0x00,0x00,0x00,0x00,0x00,0x00,0x00,0x00,0x00,0x00,0x00,0x00,0x00,0x00,0x00,0x00,0x00,0x00,0x00,0x00,0x00,0x00,0x00,0x00,0x00,0x00,
    0x00,0x00,0x00,0x00,0x00,0x00,0x00,0x00,0x00,0x00,0x00,0x00,0x00,0x00,0x00,0x00,0x00,0x00,0x00,0x00,0x00,0x00,0x00,0x00,0x00,0x00,0x00,0x00,0x00,0x00,0x00,0x00,
    0x00,0x00,0x00,0x00,0x00,0x00,0x00,0x00,0x00,0x00,0x00,0x00,0x00,0x00,0x00,0x00,0x00,0x00,0x00,0x00,0x00,0x00,0x00,0x00,0x00,0x00,0x00,0x00,0x00,0x00,0x00,0x00,
    0x00,0x00,0x00,0x00,0x00,0x00,0x00,0x00,0x00,0x00,0x00,0x00,0x00,0x00,0x00,0x00,0x00,0x00,0x00,0x00,0x98,0x83,0x83,0x25,0x31,0x12,0x0d,0xff,0x30,0x14,0x0d,0xff,
    0x98,0x79,0x6d,0xff,0xdb,0xb7,0xa4,0xff,0xd9,0xb7,0xa2,0xff,0xd8,0xbb,0xaa,0xff,0xda,0xbd,0xa9,0xff,0xdb,0xbc,0xac,0xff,0xe9,0xd1,0xc2,0xff,0xe8,0xd5,0xc9,0xff,
    0xe5,0xd2,0xc8,0xff,0xe8,0xd8,0xd1,0xff,0xe8,0xdd,0xd6,0xff,0xec,0xe3,0xe0,0xff,0xff,0xfe,0xff,0xff,0xfb,0xfd,0xfe,0xff,0xff,0xfe,0xfd,0xff,0xff,0xfe,0xfd,0xff,
    0xfe,0xfe,0xfe,0xff,0xfc,0xfe,0xfe,0xff,0xfc,0xfe,0xfe,0xff,0xfe,0xfe,0xfe,0xff,0xfe,0xfe,0xfe,0xff,0xfe,0xfe,0xfe,0xff,0xfe,0xfe,0xfe,0xff,0xfe,0xfe,0xfe,0xff,
    0xfe,0xfe,0xfe,0xff,0xfe,0xfe,0xfe,0xff,0xfe,0xfe,0xfe,0xff,0xfe,0xfe,0xfe,0xff,0xfe,0xfe,0xfe,0xff,0xfe,0xfe,0xfe,0xff,0xfe,0xfe,0xfe,0xff,0xfe,0xfe,0xfe,0xff,
    0xfe,0xfe,0xfe,0xff,0xfe,0xfe,0xfe,0xff,0xfe,0xfe,0xfe,0xff,0xfe,0xfe,0xfe,0xff,0xfe,0xfe,0xfe,0xff,0xfe,0xfe,0xfe,0xff,0xfe,0xfe,0xfe,0xff,0xfe,0xfe,0xfe,0xff,
    0xfe,0xfe,0xfe,0xff,0xfe,0xfe,0xfe,0xff,0xfe,0xfe,0xfe,0xff,0xfd,0xfd,0xfd,0xff,0xfe,0xfe,0xfe,0xff,0xfe,0xfe,0xfe,0xff,0xfe,0xfe,0xfe,0xff,0xfe,0xfe,0xfe,0xff,
    0xfe,0xfe,0xfe,0xff,0xfe,0xfe,0xfe,0xff,0xfe,0xfe,0xfe,0xff,0xfe,0xfe,0xfe,0xff,0xfe,0xfe,0xfe,0xff,0xfe,0xfe,0xfe,0xff,0xfe,0xfe,0xfe,0xff,0xfe,0xfe,0xfe,0xff,
    0xfe,0xfe,0xfe,0xff,0xff,0xfe,0xfe,0xff,0xfe,0xfe,0xfe,0xff,0xfd,0xff,0xfd,0xff,0xeb,0xe1,0xdb,0xff,0xe8,0xe3,0xdd,0xff,0xeb,0xe1,0xd6,0xff,0xe2,0xca,0xbb,0xff,
    0xe6,0xc9,0xbb,0xff,0x55,0x3e,0x32,0xff,0x35,0x18,0x10,0xff,0x2d,0x13,0x0e,0xff,0xd1,0xb9,0xb9,0x0b,0x00,0x00,0x00,0x00,0x00,0x00,0x00,0x00,0x00,0x00,0x00,0x00,
    0x00,0x00,0x00,0x00,0x00,0x00,0x00,0x00,0x00,0x00,0x00,0x00,0x00,0x00,0x00,0x00,0x00,0x00,0x00,0x00,0x00,0x00,0x00,0x00,0x00,0x00,0x00,0x00,0x00,0x00,0x00,0x00,
    0x00,0x00,0x00,0x00,0x00,0x00,0x00,0x00,0x00,0x00,0x00,0x00,0x00,0x00,0x00,0x00,0x00,0x00,0x00,0x00,0x00,0x00,0x00,0x00,0x00,0x00,0x00,0x00,0x00,0x00,0x00,0x00,
    0x00,0x00,0x00,0x00,0x00,0x00,0x00,0x00,0x00,0x00,0x00,0x00,0x00,0x00,0x00,0x00,0x00,0x00,0x00,0x00,0x00,0x00,0x00,0x00,0x00,0x00,0x00,0x00,0x00,0x00,0x00,0x00,
    0x00,0x00,0x00,0x00,0x00,0x00,0x00,0x00,0x00,0x00,0x00,0x00,0x00,0x00,0x00,0x00,0x00,0x00,0x00,0x00,0x00,0x00,0x00,0x00,0x00,0x00,0x00,0x00,0x00,0x00,0x00,0x00,
    0x00,0x00,0x00,0x00,0x00,0x00,0x00,0x00,0x00,0x00,0x00,0x00,0x00,0x00,0x00,0x00,0x00,0x00,0x00,0x00,0x00,0x00,0x00,0x00,0x00,0x00,0x00,0x00,0x00,0x00,0x00,0x00,
    0x00,0x00,0x00,0x00,0x00,0x00,0x00,0x00,0x00,0x00,0x00,0x00,0x00,0x00,0x00,0x00,0x00,0x00,0x00,0x00,0x00,0x00,0x00,0x00,0x00,0x00,0x00,0x00,0x00,0x00,0x00,0x00,
    0x00,0x00,0x00,0x00,0x00,0x00,0x00,0x00,0x00,0x00,0x00,0x00,0x00,0x00,0x00,0x00,0x00,0x00,0x00,0x00,0x8e,0x7f,0x7f,0x24,0x2d,0x11,0x0b,0xff,0x31,0x15,0x0d,0xff,
    0x95,0x77,0x68,0xff,0xdb,0xb7,0xa2,0xff,0xd9,0xb6,0xa0,0xff,0xda,0xbb,0xaa,0xff,0xdb,0xbd,0xaa,0xff,0xdf,0xbd,0xad,0xff,0xeb,0xd2,0xc2,0xff,0xe7,0xd1,0xc4,0xff,
    0xea,0xd2,0xc6,0xff,0xeb,0xda,0xcf,0xff,0xeb,0xe0,0xd6,0xff,0xed,0xe0,0xd9,0xff,0xff,0xfe,0xfa,0xff,0xff,0xfe,0xf9,0xff,0xff,0xfd,0xf9,0xff,0xff,0xfe,0xfd,0xff,
    0xfe,0xfe,0xfe,0xff,0xfe,0xfe,0xfe,0xff,0xfe,0xfe,0xfe,0xff,0xfe,0xfe,0xfe,0xff,0xfe,0xfe,0xfe,0xff,0xfe,0xfe,0xfe,0xff,0xfe,0xfe,0xfe,0xff,0xfe,0xfe,0xfe,0xff,
    0xfe,0xfe,0xfe,0xff,0xfe,0xfe,0xfe,0xff,0xfe,0xfe,0xfe,0xff,0xfe,0xfe,0xfe,0xff,0xfe,0xfe,0xfe,0xff,0xfe,0xfe,0xfe,0xff,0xfe,0xfe,0xfe,0xff,0xfe,0xfe,0xfe,0xff,
    0xfe,0xfe,0xfe,0xff,0xfe,0xfe,0xfe,0xff,0xfe,0xfe,0xfe,0xff,0xfe,0xfe,0xfe,0xff,0xfe,0xfe,0xfe,0xff,0xfe,0xfe,0xfe,0xff,0xfe,0xfe,0xfe,0xff,0xfe,0xfe,0xfe,0xff,
    0xfe,0xfe,0xfe,0xff,0xfd,0xfd,0xfd,0xff,0xfe,0xfe,0xfe,0xff,0xfd,0xfd,0xfd,0xff,0xfe,0xfe,0xfe,0xff,0xfe,0xfe,0xfe,0xff,0xfe,0xfe,0xfe,0xff,0xfe,0xfe,0xfe,0xff,
    0xfe,0xfe,0xfe,0xff,0xfe,0xfe,0xfe,0xff,0xfe,0xfe,0xfe,0xff,0xfe,0xfe,0xfe,0xff,0xfe,0xfe,0xfe,0xff,0xfe,0xfe,0xfe,0xff,0xfe,0xfe,0xfe,0xff,0xfe,0xfe,0xfe,0xff,
    0xfe,0xfe,0xfe,0xff,0xff,0xfe,0xfd,0xff,0xff,0xfe,0xfd,0xff,0xfd,0xfd,0xf6,0xff,0xea,0xde,0xd8,0xff,0xea,0xe3,0xdb,0xff,0xf1,0xe4,0xd7,0xff,0xec,0xcf,0xbd,0xff,
    0xec,0xcc,0xbc,0xff,0x54,0x3d,0x2f,0xff,0x33,0x15,0x0e,0xff,0x2f,0x15,0x10,0xff,0xe6,0xcc,0xcc,0x0a,0x00,0x00,0x00,0x00,0x00,0x00,0x00,0x00,0x00,0x00,0x00,0x00,
    0x00,0x00,0x00,0x00,0x00,0x00,0x00,0x00,0x00,0x00,0x00,0x00,0x00,0x00,0x00,0x00,0x00,0x00,0x00,0x00,0x00,0x00,0x00,0x00,0x00,0x00,0x00,0x00,0x00,0x00,0x00,0x00,
    0x00,0x00,0x00,0x00,0x00,0x00,0x00,0x00,0x00,0x00,0x00,0x00,0x00,0x00,0x00,0x00,0x00,0x00,0x00,0x00,0x00,0x00,0x00,0x00,0x00,0x00,0x00,0x00,0x00,0x00,0x00,0x00,
    0x00,0x00,0x00,0x00,0x00,0x00,0x00,0x00,0x00,0x00,0x00,0x00,0x00,0x00,0x00,0x00,0x00,0x00,0x00,0x00,0x00,0x00,0x00,0x00,0x00,0x00,0x00,0x00,0x00,0x00,0x00,0x00,
    0x00,0x00,0x00,0x00,0x00,0x00,0x00,0x00,0x00,0x00,0x00,0x00,0x00,0x00,0x00,0x00,0x00,0x00,0x00,0x00,0x00,0x00,0x00,0x00,0x00,0x00,0x00,0x00,0x00,0x00,0x00,0x00,
    0x00,0x00,0x00,0x00,0x00,0x00,0x00,0x00,0x00,0x00,0x00,0x00,0x00,0x00,0x00,0x00,0x00,0x00,0x00,0x00,0x00,0x00,0x00,0x00,0x00,0x00,0x00,0x00,0x00,0x00,0x00,0x00,
    0x00,0x00,0x00,0x00,0x00,0x00,0x00,0x00,0x00,0x00,0x00,0x00,0x00,0x00,0x00,0x00,0x00,0x00,0x00,0x00,0x00,0x00,0x00,0x00,0x00,0x00,0x00,0x00,0x00,0x00,0x00,0x00,
    0x00,0x00,0x00,0x00,0x00,0x00,0x00,0x00,0x00,0x00,0x00,0x00,0x00,0x00,0x00,0x00,0x00,0x00,0x00,0x00,0xd4,0xbf,0xbf,0x0c,0x2e,0x14,0x0e,0xff,0x2d,0x11,0x08,0xff,
    0x65,0x47,0x3a,0xff,0xc4,0xa0,0x8a,0xff,0xc6,0xa1,0x8b,0xff,0xd5,0xb4,0xa2,0xff,0xd6,0xb8,0xa3,0xff,0xd9,0xb8,0xa5,0xff,0xdd,0xc2,0xb1,0xff,0xde,0xc5,0xb5,0xff,
    0xe0,0xc6,0xb6,0xff,0xe7,0xd0,0xc0,0xff,0xe3,0xd3,0xc3,0xff,0xe4,0xd1,0xc4,0xff,0xe3,0xcf,0xc4,0xff,0xdf,0xcf,0xc3,0xff,0xdf,0xd0,0xc7,0xff,0xfe,0xfa,0xf7,0xff,
    0xfc,0xfe,0xfe,0xff,0xff,0xfe,0xff,0xff,0xff,0xfe,0xfe,0xff,0xfe,0xfe,0xfe,0xff,0xfe,0xfe,0xfe,0xff,0xfe,0xfe,0xfe,0xff,0xfe,0xfe,0xfe,0xff,0xfe,0xfe,0xfe,0xff,
    0xfe,0xfe,0xfe,0xff,0xfe,0xfe,0xfe,0xff,0xfe,0xfe,0xfe,0xff,0xfe,0xfe,0xfe,0xff,0xfe,0xfe,0xfe,0xff,0xfe,0xfe,0xfe,0xff,0xfe,0xfe,0xfe,0xff,0xfe,0xfe,0xfe,0xff,
    0xfe,0xfe,0xfe,0xff,0xfe,0xfe,0xfe,0xff,0xfe,0xfe,0xfe,0xff,0xfe,0xfe,0xfe,0xff,0xfe,0xfe,0xfe,0xff,0xfe,0xfe,0xfe,0xff,0xfd,0xfd,0xfd,0xff,0xfd,0xfd,0xfd,0xff,
    0xfe,0xfe,0xfe,0xff,0xfe,0xfe,0xfe,0xff,0xfe,0xfe,0xfe,0xff,0xfe,0xfe,0xfe,0xff,0xfd,0xfd,0xfd,0xff,0xfe,0xfe,0xfe,0xff,0xfe,0xfe,0xfe,0xff,0xfe,0xfe,0xfe,0xff,
    0xfe,0xfe,0xfe,0xff,0xfe,0xfe,0xfe,0xff,0xfe,0xfe,0xfe,0xff,0xfe,0xfe,0xfe,0xff,0xfe,0xfe,0xfe,0xff,0xfe,0xff,0xfd,0xff,0xfe,0xfe,0xfe,0xff,0xfc,0xfe,0xff,0xff,
    0xfe,0xfe,0xfe,0xff,0xed,0xe7,0xe4,0xff,0xed,0xe3,0xdf,0xff,0xe9,0xe0,0xd9,0xff,0xef,0xdc,0xd5,0xff,0xe7,0xd7,0xd1,0xff,0xe3,0xcd,0xbe,0xff,0xb9,0x94,0x81,0xff,
    0xbb,0x96,0x83,0xff,0x51,0x37,0x28,0xff,0x33,0x15,0x0d,0xff,0x30,0x14,0x0f,0xff,0xd1,0xb9,0xb9,0x0b,0x00,0x00,0x00,0x00,0x00,0x00,0x00,0x00,0x00,0x00,0x00,0x00,
    0x00,0x00,0x00,0x00,0x00,0x00,0x00,0x00,0x00,0x00,0x00,0x00,0x00,0x00,0x00,0x00,0x00,0x00,0x00,0x00,0x00,0x00,0x00,0x00,0x00,0x00,0x00,0x00,0x00,0x00,0x00,0x00,
    0x00,0x00,0x00,0x00,0x00,0x00,0x00,0x00,0x00,0x00,0x00,0x00,0x00,0x00,0x00,0x00,0x00,0x00,0x00,0x00,0x00,0x00,0x00,0x00,0x00,0x00,0x00,0x00,0x00,0x00,0x00,0x00,
    0x00,0x00,0x00,0x00,0x00,0x00,0x00,0x00,0x00,0x00,0x00,0x00,0x00,0x00,0x00,0x00,0x00,0x00,0x00,0x00,0x00,0x00,0x00,0x00,0x00,0x00,0x00,0x00,0x00,0x00,0x00,0x00,
    0x00,0x00,0x00,0x00,0x00,0x00,0x00,0x00,0x00,0x00,0x00,0x00,0x00,0x00,0x00,0x00,0x00,0x00,0x00,0x00,0x00,0x00,0x00,0x00,0x00,0x00,0x00,0x00,0x00,0x00,0x00,0x00,
    0x00,0x00,0x00,0x00,0x00,0x00,0x00,0x00,0x00,0x00,0x00,0x00,0x00,0x00,0x00,0x00,0x00,0x00,0x00,0x00,0x00,0x00,0x00,0x00,0x00,0x00,0x00,0x00,0x00,0x00,0x00,0x00,
    0x00,0x00,0x00,0x00,0x00,0x00,0x00,0x00,0x00,0x00,0x00,0x00,0x00,0x00,0x00,0x00,0x00,0x00,0x00,0x00,0x00,0x00,0x00,0x00,0x00,0x00,0x00,0x00,0x00,0x00,0x00,0x00,
    0x00,0x00,0x00,0x00,0x00,0x00,0x00,0x00,0x00,0x00,0x00,0x00,0x00,0x00,0x00,0x00,0x00,0x00,0x00,0x00,0xe6,0xcc,0xcc,0x0a,0x2e,0x15,0x0e,0xff,0x32,0x17,0x0d,0xff,
    0x6d,0x4f,0x41,0xff,0xca,0xa4,0x8f,0xff,0xcd,0xa6,0x8f,0xff,0xd5,0xb3,0xa0,0xff,0xd6,0xb7,0xa2,0xff,0xd9,0xb5,0xa3,0xff,0xda,0xbd,0xac,0xff,0xe2,0xc8,0xb7,0xff,
    0xe4,0xc7,0xb8,0xff,0xe7,0xcf,0xc2,0xff,0xe5,0xd2,0xc5,0xff,0xe7,0xd0,0xc4,0xff,0xe9,0xd1,0xc5,0xff,0xe7,0xd1,0xc5,0xff,0xe7,0xd4,0xc7,0xff,0xff,0xfe,0xf8,0xff,
    0xfb,0xfd,0xfd,0xff,0xfe,0xfd,0xff,0xff,0xff,0xfd,0xfd,0xff,0xfe,0xfe,0xfe,0xff,0xfe,0xfe,0xfe,0xff,0xfe,0xfe,0xfe,0xff,0xfe,0xfe,0xfe,0xff,0xfe,0xfe,0xfe,0xff,
    0xfe,0xfe,0xfe,0xff,0xfe,0xfe,0xfe,0xff,0xfe,0xfe,0xfe,0xff,0xfe,0xfe,0xfe,0xff,0xfe,0xfe,0xfe,0xff,0xfe,0xfe,0xfe,0xff,0xfe,0xfe,0xfe,0xff,0xfe,0xfe,0xfe,0xff,
    0xfe,0xfe,0xfe,0xff,0xfe,0xfe,0xfe,0xff,0xfe,0xfe,0xfe,0xff,0xfe,0xfe,0xfe,0xff,0xfe,0xfe,0xfe,0xff,0xfe,0xfe,0xfe,0xff,0xff,0xff,0xff,0xff,0xfe,0xfe,0xfe,0xff,
    0xfd,0xfd,0xfd,0xff,0xfe,0xfe,0xfe,0xff,0xfe,0xfe,0xfe,0xff,0xfe,0xfe,0xfe,0xff,0xfd,0xfd,0xfd,0xff,0xfe,0xfe,0xfe,0xff,0xfe,0xfe,0xfe,0xff,0xfe,0xfe,0xfe,0xff,
    0xfe,0xfe,0xfe,0xff,0xfe,0xfe,0xfe,0xff,0xfe,0xfe,0xfe,0xff,0xfe,0xfe,0xfe,0xff,0xfe,0xfe,0xfe,0xff,0xfe,0xff,0xfd,0xff,0xfe,0xfe,0xfe,0xff,0xfc,0xfe,0xff,0xff,
    0xfd,0xfc,0xfc,0xff,0xf0,0xe9,0xe5,0xff,0xf0,0xe3,0xdd,0xff,0xed,0xe3,0xdb,0xff,0xed,0xda,0xd3,0xff,0xe9,0xd8,0xd0,0xff,0xe9,0xd2,0xc2,0xff,0xbe,0x94,0x7e,0xff,
    0xbb,0x90,0x7c,0xff,0x4a,0x2f,0x1e,0xff,0x33,0x15,0x0d,0xff,0x30,0x16,0x10,0xff,0xd1,0xb9,0xb9,0x0b,0x00,0x00,0x00,0x00,0x00,0x00,0x00,0x00,0x00,0x00,0x00,0x00,
    0x00,0x00,0x00,0x00,0x00,0x00,0x00,0x00,0x00,0x00,0x00,0x00,0x00,0x00,0x00,0x00,0x00,0x00,0x00,0x00,0x00,0x00,0x00,0x00,0x00,0x00,0x00,0x00,0x00,0x00,0x00,0x00,
    0x00,0x00,0x00,0x00,0x00,0x00,0x00,0x00,0x00,0x00,0x00,0x00,0x00,0x00,0x00,0x00,0x00,0x00,0x00,0x00,0x00,0x00,0x00,0x00,0x00,0x00,0x00,0x00,0x00,0x00,0x00,0x00,
    0x00,0x00,0x00,0x00,0x00,0x00,0x00,0x00,0x00,0x00,0x00,0x00,0x00,0x00,0x00,0x00,0x00,0x00,0x00,0x00,0x00,0x00,0x00,0x00,0x00,0x00,0x00,0x00,0x00,0x00,0x00,0x00,
    0x00,0x00,0x00,0x00,0x00,0x00,0x00,0x00,0x00,0x00,0x00,0x00,0x00,0x00,0x00,0x00,0x00,0x00,0x00,0x00,0x00,0x00,0x00,0x00,0x00,0x00,0x00,0x00,0x00,0x00,0x00,0x00,
    0x00,0x00,0x00,0x00,0x00,0x00,0x00,0x00,0x00,0x00,0x00,0x00,0x00,0x00,0x00,0x00,0x00,0x00,0x00,0x00,0x00,0x00,0x00,0x00,0x00,0x00,0x00,0x00,0x00,0x00,0x00,0x00,
    0x00,0x00,0x00,0x00,0x00,0x00,0x00,0x00,0x00,0x00,0x00,0x00,0x00,0x00,0x00,0x00,0x00,0x00,0x00,0x00,0x00,0x00,0x00,0x00,0x00,0x00,0x00,0x00,0x00,0x00,0x00,0x00,
    0x00,0x00,0x00,0x00,0x00,0x00,0x00,0x00,0x00,0x00,0x00,0x00,0x00,0x00,0x00,0x00,0x00,0x00,0x00,0x00,0xff,0x7f,0x7f,0x02,0x24,0x13,0x11,0xff,0x2b,0x12,0x0d,0xff,
    0x68,0x4c,0x3f,0xff,0xcd,0xa2,0x92,0xff,0xc4,0x9d,0x8b,0xff,0xd8,0xb2,0xa0,0xff,0xdb,0xb9,0xa3,0xff,0xd8,0xb4,0xa1,0xff,0xdd,0xbc,0xac,0xff,0xe2,0xc4,0xb3,0xff,
    0xeb,0xcc,0xbc,0xff,0xeb,0xd1,0xc5,0xff,0xe5,0xcd,0xc1,0xff,0xe9,0xd1,0xc5,0xff,0xe6,0xce,0xc2,0xff,0xe9,0xd1,0xc5,0xff,0xe3,0xd0,0xc3,0xff,0xfe,0xf4,0xeb,0xff,
    0xff,0xfe,0xf7,0xff,0xff,0xfc,0xf8,0xff,0xff,0xfe,0xf8,0xff,0xff,0xff,0xf8,0xff,0xff,0xff,0xfc,0xff,0xff,0xfd,0xff,0xff,0xfe,0xfe,0xfe,0xff,0xfe,0xfe,0xfe,0xff,
    0xfe,0xfe,0xfe,0xff,0xff,0xfe,0xfd,0xff,0xff,0xfd,0xfc,0xff,0xfe,0xfd,0xff,0xff,0xfd,0xfd,0xfe,0xff,0xfe,0xfe,0xfe,0xff,0xfe,0xfe,0xfe,0xff,0xfe,0xfe,0xfe,0xff,
    0xfe,0xfe,0xfe,0xff,0xfe,0xfe,0xfe,0xff,0xfe,0xfe,0xfe,0xff,0xfe,0xfe,0xfe,0xff,0xfe,0xfe,0xfe,0xff,0xfe,0xfe,0xfe,0xff,0xfe,0xfe,0xfe,0xff,0xfe,0xfe,0xfe,0xff,
    0xfe,0xfe,0xfe,0xff,0xfe,0xfe,0xfe,0xff,0xfe,0xfe,0xfe,0xff,0xfe,0xfe,0xfe,0xff,0xfe,0xfe,0xfe,0xff,0xfe,0xfe,0xfe,0xff,0xfe,0xfd,0xff,0xff,0xfe,0xfd,0xff,0xff,
    0xfc,0xfe,0xfe,0xff,0xfa,0xff,0xfe,0xff,0xfa,0xfe,0xff,0xff,0xfb,0xfb,0xfb,0xff,0xff,0xff,0xfc,0xff,0xff,0xfe,0xfa,0xff,0xff,0xfe,0xfd,0xff,0xff,0xff,0xfb,0xff,
    0xff,0xfe,0xfb,0xff,0xec,0xe3,0xdf,0xff,0xeb,0xe1,0xd9,0xff,0xf2,0xe3,0xdb,0xff,0xeb,0xd8,0xd1,0xff,0xeb,0xdb,0xcc,0xff,0xe2,0xca,0xba,0xff,0xb7,0x93,0x81,0xff,
    0xbb,0x94,0x84,0xff,0x51,0x32,0x28,0xff,0x2f,0x16,0x10,0xff,0x26,0x14,0x11,0xff,0xdb,0xb6,0xb6,0x07,0x00,0x00,0x00,0x00,0x00,0x00,0x00,0x00,0x00,0x00,0x00,0x00,
    0x00,0x00,0x00,0x00,0x00,0x00,0x00,0x00,0x00,0x00,0x00,0x00,0x00,0x00,0x00,0x00,0x00,0x00,0x00,0x00,0x00,0x00,0x00,0x00,0x00,0x00,0x00,0x00,0x00,0x00,0x00,0x00,
    0x00,0x00,0x00,0x00,0x00,0x00,0x00,0x00,0x00,0x00,0x00,0x00,0x00,0x00,0x00,0x00,0x00,0x00,0x00,0x00,0x00,0x00,0x00,0x00,0x00,0x00,0x00,0x00,0x00,0x00,0x00,0x00,
    0x00,0x00,0x00,0x00,0x00,0x00,0x00,0x00,0x00,0x00,0x00,0x00,0x00,0x00,0x00,0x00,0x00,0x00,0x00,0x00,0x00,0x00,0x00,0x00,0x00,0x00,0x00,0x00,0x00,0x00,0x00,0x00,
    0x00,0x00,0x00,0x00,0x00,0x00,0x00,0x00,0x00,0x00,0x00,0x00,0x00,0x00,0x00,0x00,0x00,0x00,0x00,0x00,0x00,0x00,0x00,0x00,0x00,0x00,0x00,0x00,0x00,0x00,0x00,0x00,
    0x00,0x00,0x00,0x00,0x00,0x00,0x00,0x00,0x00,0x00,0x00,0x00,0x00,0x00,0x00,0x00,0x00,0x00,0x00,0x00,0x00,0x00,0x00,0x00,0x00,0x00,0x00,0x00,0x00,0x00,0x00,0x00,
    0x00,0x00,0x00,0x00,0x00,0x00,0x00,0x00,0x00,0x00,0x00,0x00,0x00,0x00,0x00,0x00,0x00,0x00,0x00,0x00,0x00,0x00,0x00,0x00,0x00,0x00,0x00,0x00,0x00,0x00,0x00,0x00,
    0x00,0x00,0x00,0x00,0x00,0x00,0x00,0x00,0x00,0x00,0x00,0x00,0x00,0x00,0x00,0x00,0x00,0x00,0x00,0x00,0x00,0x00,0x00,0x00,0x00,0x00,0x00,0x00,0x00,0x00,0x00,0x00,
    0x55,0x47,0x3f,0x5d,0x32,0x14,0x0a,0xff,0x30,0x16,0x08,0xff,0x9b,0x7f,0x6e,0xff,0xce,0xab,0x94,0xff,0xcd,0xac,0x98,0xff,0xd7,0xb6,0xa3,0xff,0xd3,0xb2,0xa1,0xff,
    0xd7,0xb8,0xa8,0xff,0xe2,0xc7,0xb9,0xff,0xe1,0xc6,0xb8,0xff,0xe3,0xca,0xbd,0xff,0xe8,0xd0,0xc4,0xff,0xe4,0xce,0xc2,0xff,0xe5,0xcd,0xc1,0xff,0xe2,0xcc,0xc1,0xff,
    0xe3,0xce,0xc6,0xff,0xe5,0xce,0xc6,0xff,0xe6,0xd0,0xc4,0xff,0xe2,0xd2,0xc6,0xff,0xff,0xfb,0xf7,0xff,0xfc,0xfe,0xff,0xff,0xfe,0xfe,0xfe,0xff,0xfe,0xfe,0xfe,0xff,
    0xfe,0xfd,0xff,0xff,0xfe,0xfe,0xfe,0xff,0xff,0xff,0xfe,0xff,0xfd,0xfc,0xfe,0xff,0xff,0xfe,0xff,0xff,0xfe,0xfe,0xfe,0xff,0xfe,0xfe,0xfe,0xff,0xfe,0xfe,0xfe,0xff,
    0xfe,0xfe,0xfe,0xff,0xfe,0xfe,0xfe,0xff,0xfe,0xfe,0xfe,0xff,0xfe,0xfe,0xfe,0xff,0xfe,0xfe,0xfe,0xff,0xfe,0xfe,0xfe,0xff,0xfe,0xfe,0xfe,0xff,0xfe,0xfe,0xfe,0xff,
    0xfe,0xfe,0xfe,0xff,0xfe,0xfe,0xfe,0xff,0xfe,0xfe,0xfe,0xff,0xfe,0xfe,0xfe,0xff,0xfe,0xfe,0xfe,0xff,0xfe,0xfe,0xfe,0xff,0xfe,0xfd,0xff,0xff,0xfe,0xfd,0xff,0xff,
    0xff,0xfe,0xfe,0xff,0xff,0xfe,0xfe,0xff,0xff,0xfd,0xff,0xff,0xff,0xfe,0xfe,0xff,0xe5,0xd6,0xd0,0xff,0xe7,0xd4,0xcc,0xff,0xe8,0xd4,0xcc,0xff,0xea,0xd5,0xcd,0xff,
    0xea,0xd5,0xcd,0xff,0xe9,0xd4,0xcc,0xff,0xe8,0xd6,0xcc,0xff,0xf0,0xda,0xd2,0xff,0xd1,0xb7,0xaa,0xff,0xce,0xb1,0xa0,0xff,0xba,0x9c,0x8c,0xff,0x30,0x12,0x04,0xff,
    0x31,0x1b,0x10,0xff,0xdb,0xb6,0xb6,0x07,0x00,0x00,0x00,0x00,0x00,0x00,0x00,0x00,0x00,0x00,0x00,0x00,0x00,0x00,0x00,0x00,0x00,0x00,0x00,0x00,0x00,0x00,0x00,0x00,
    0x00,0x00,0x00,0x00,0x00,0x00,0x00,0x00,0x00,0x00,0x00,0x00,0x00,0x00,0x00,0x00,0x00,0x00,0x00,0x00,0x00,0x00,0x00,0x00,0x00,0x00,0x00,0x00,0x00,0x00,0x00,0x00,
    0x00,0x00,0x00,0x00,0x00,0x00,0x00,0x00,0x00,0x00,0x00,0x00,0x00,0x00,0x00,0x00,0x00,0x00,0x00,0x00,0x00,0x00,0x00,0x00,0x00,0x00,0x00,0x00,0x00,0x00,0x00,0x00,
    0x00,0x00,0x00,0x00,0x00,0x00,0x00,0x00,0x00,0x00,0x00,0x00,0x00,0x00,0x00,0x00,0x00,0x00,0x00,0x00,0x00,0x00,0x00,0x00,0x00,0x00,0x00,0x00,0x00,0x00,0x00,0x00,
    0x00,0x00,0x00,0x00,0x00,0x00,0x00,0x00,0x00,0x00,0x00,0x00,0x00,0x00,0x00,0x00,0x00,0x00,0x00,0x00,0x00,0x00,0x00,0x00,0x00,0x00,0x00,0x00,0x00,0x00,0x00,0x00,
    0x00,0x00,0x00,0x00,0x00,0x00,0x00,0x00,0x00,0x00,0x00,0x00,0x00,0x00,0x00,0x00,0x00,0x00,0x00,0x00,0x00,0x00,0x00,0x00,0x00,0x00,0x00,0x00,0x00,0x00,0x00,0x00,
    0x00,0x00,0x00,0x00,0x00,0x00,0x00,0x00,0x00,0x00,0x00,0x00,0x00,0x00,0x00,0x00,0x00,0x00,0x00,0x00,0x00,0x00,0x00,0x00,0x00,0x00,0x00,0x00,0x00,0x00,0x00,0x00,
    0x00,0x00,0x00,0x00,0x00,0x00,0x00,0x00,0x00,0x00,0x00,0x00,0x00,0x00,0x00,0x00,0x00,0x00,0x00,0x00,0x00,0x00,0x00,0x00,0x00,0x00,0x00,0x00,0x00,0x00,0x00,0x00,
    0x54,0x43,0x40,0x5b,0x2d,0x11,0x0c,0xff,0x32,0x15,0x0b,0xff,0xad,0x85,0x7a,0xff,0xcc,0xab,0x97,0xff,0xcd,0xab,0x94,0xff,0xd8,0xb6,0x9f,0xff,0xd9,0xb8,0xa3,0xff,
    0xd6,0xb5,0xa2,0xff,0xdf,0xbf,0xac,0xff,0xe6,0xc9,0xb8,0xff,0xe2,0xc8,0xba,0xff,0xe8,0xd0,0xc4,0xff,0xe4,0xce,0xc2,0xff,0xe9,0xcf,0xc1,0xff,0xe7,0xcf,0xc3,0xff,
    0xe7,0xcf,0xc3,0xff,0xe9,0xcf,0xc1,0xff,0xe9,0xcf,0xbf,0xff,0xe5,0xcd,0xc1,0xff,0xff,0xfc,0xf4,0xff,0xfd,0xff,0xfd,0xff,0xff,0xfe,0xfe,0xff,0xff,0xfe,0xfd,0xff,
    0xff,0xfe,0xfe,0xff,0xfe,0xfe,0xfe,0xff,0xfc,0xfe,0xfe,0xff,0xff,0xfe,0xff,0xff,0xff,0xfd,0xff,0xff,0xfe,0xfe,0xfe,0xff,0xfe,0xfe,0xfe,0xff,0xfe,0xfe,0xfe,0xff,
    0xfe,0xfe,0xfe,0xff,0xfe,0xfe,0xfe,0xff,0xfe,0xfe,0xfe,0xff,0xfe,0xfe,0xfe,0xff,0xfe,0xfe,0xfe,0xff,0xfe,0xfe,0xfe,0xff,0xfe,0xfe,0xfe,0xff,0xfe,0xfe,0xfe,0xff,
    0xfe,0xfe,0xfe,0xff,0xfe,0xfe,0xfe,0xff,0xfe,0xfe,0xfe,0xff,0xfe,0xfe,0xfe,0xff,0xfe,0xfe,0xfe,0xff,0xff,0xfe,0xfe,0xff,0xff,0xfe,0xfe,0xff,0xff,0xfe,0xfe,0xff,
    0xfe,0xfe,0xfe,0xff,0xfa,0xff,0xfe,0xff,0xf9,0xff,0xfd,0xff,0xfe,0xff,0xf9,0xff,0xe2,0xd7,0xcd,0xff,0xe6,0xd3,0xc4,0xff,0xe6,0xd6,0xc6,0xff,0xe7,0xd7,0xca,0xff,
    0xe3,0xd4,0xc6,0xff,0xe6,0xd6,0xc9,0xff,0xe9,0xd8,0xc8,0xff,0xf0,0xd7,0xc8,0xff,0xd8,0xb6,0xa3,0xff,0xdc,0xb8,0xa1,0xff,0xbf,0xa0,0x92,0xff,0x32,0x13,0x0d,0xff,
    0x2c,0x15,0x12,0xff,0xb6,0xb6,0xb6,0x07,0x00,0x00,0x00,0x00,0x00,0x00,0x00,0x00,0x00,0x00,0x00,0x00,0x00,0x00,0x00,0x00,0x00,0x00,0x00,0x00,0x00,0x00,0x00,0x00,
    0x00,0x00,0x00,0x00,0x00,0x00,0x00,0x00,0x00,0x00,0x00,0x00,0x00,0x00,0x00,0x00,0x00,0x00,0x00,0x00,0x00,0x00,0x00,0x00,0x00,0x00,0x00,0x00,0x00,0x00,0x00,0x00,
    0x00,0x00,0x00,0x00,0x00,0x00,0x00,0x00,0x00,0x00,0x00,0x00,0x00,0x00,0x00,0x00,0x00,0x00,0x00,0x00,0x00,0x00,0x00,0x00,0x00,0x00,0x00,0x00,0x00,0x00,0x00,0x00,
    0x00,0x00,0x00,0x00,0x00,0x00,0x00,0x00,0x00,0x00,0x00,0x00,0x00,0x00,0x00,0x00,0x00,0x00,0x00,0x00,0x00,0x00,0x00,0x00,0x00,0x00,0x00,0x00,0x00,0x00,0x00,0x00,
    0x00,0x00,0x00,0x00,0x00,0x00,0x00,0x00,0x00,0x00,0x00,0x00,0x00,0x00,0x00,0x00,0x00,0x00,0x00,0x00,0x00,0x00,0x00,0x00,0x00,0x00,0x00,0x00,0x00,0x00,0x00,0x00,
    0x00,0x00,0x00,0x00,0x00,0x00,0x00,0x00,0x00,0x00,0x00,0x00,0x00,0x00,0x00,0x00,0x00,0x00,0x00,0x00,0x00,0x00,0x00,0x00,0x00,0x00,0x00,0x00,0x00,0x00,0x00,0x00,
    0x00,0x00,0x00,0x00,0x00,0x00,0x00,0x00,0x00,0x00,0x00,0x00,0x00,0x00,0x00,0x00,0x00,0x00,0x00,0x00,0x00,0x00,0x00,0x00,0x00,0x00,0x00,0x00,0x00,0x00,0x00,0x00,
    0x00,0x00,0x00,0x00,0x00,0x00,0x00,0x00,0x00,0x00,0x00,0x00,0x00,0x00,0x00,0x00,0x00,0x00,0x00,0x00,0x00,0x00,0x00,0x00,0x00,0x00,0x00,0x00,0x00,0x00,0x00,0x00,
    0xbf,0xbf,0x9f,0x08,0x78,0x6c,0x68,0x7f,0x7e,0x74,0x6a,0x80,0x8e,0x72,0x67,0xd9,0x92,0x73,0x65,0xff,0x9c,0x78,0x63,0xff,0xca,0xa4,0x8c,0xff,0xce,0xa8,0x90,0xff,
    0xd8,0xb2,0x9c,0xff,0xdb,0xba,0xa6,0xff,0xdf,0xbe,0xab,0xff,0xe1,0xc5,0xb4,0xff,0xe4,0xca,0xba,0xff,0xe2,0xc8,0xba,0xff,0xe8,0xd1,0xc2,0xff,0xe7,0xd1,0xc5,0xff,
    0xe3,0xd0,0xc3,0xff,0xe4,0xcf,0xc0,0xff,0xe7,0xcd,0xbf,0xff,0xe7,0xce,0xc2,0xff,0xf4,0xe5,0xdc,0xff,0xf6,0xeb,0xe4,0xff,0xf7,0xea,0xe4,0xff,0xf8,0xea,0xe4,0xff,
    0xf7,0xeb,0xe4,0xff,0xf0,0xe9,0xe5,0xff,0xff,0xfe,0xfd,0xff,0xfe,0xfd,0xff,0xff,0xfe,0xfd,0xff,0xff,0xfe,0xfe,0xfe,0xff,0xfe,0xfe,0xfe,0xff,0xfe,0xfe,0xfe,0xff,
    0xfe,0xfe,0xfe,0xff,0xfe,0xfe,0xfe,0xff,0xfe,0xfe,0xfe,0xff,0xfe,0xfe,0xfe,0xff,0xfe,0xfe,0xfe,0xff,0xfe,0xfe,0xfe,0xff,0xfe,0xfe,0xfe,0xff,0xfe,0xfe,0xfe,0xff,
    0xfe,0xfe,0xfe,0xff,0xfe,0xfe,0xfe,0xff,0xfe,0xfe,0xfe,0xff,0xfd,0xff,0xff,0xff,0xfb,0xfc,0xfa,0xff,0xff,0xfd,0xfa,0xff,0xf7,0xeb,0xe7,0xff,0xf8,0xec,0xe5,0xff,
    0xf8,0xeb,0xe7,0xff,0xf8,0xec,0xe7,0xff,0xf9,0xed,0xe6,0xff,0xf8,0xe8,0xdf,0xff,0xe6,0xcf,0xc6,0xff,0xed,0xd3,0xc5,0xff,0xeb,0xd3,0xc8,0xff,0xe7,0xd0,0xc8,0xff,
    0xea,0xd3,0xc7,0xff,0xe2,0xc6,0xba,0xff,0xde,0xc1,0xaf,0xff,0xdf,0xc6,0xb4,0xff,0x92,0x77,0x65,0xff,0x96,0x77,0x65,0xff,0x90,0x7c,0x71,0xe1,0x77,0x69,0x62,0x7a,
    0x74,0x6d,0x68,0x65,0x00,0x00,0x00,0x00,0x00,0x00,0x00,0x00,0x00,0x00,0x00,0x00,0x00,0x00,0x00,0x00,0x00,0x00,0x00,0x00,0x00,0x00,0x00,0x00,0x00,0x00,0x00,0x00,
    0x00,0x00,0x00,0x00,0x00,0x00,0x00,0x00,0x00,0x00,0x00,0x00,0x00,0x00,0x00,0x00,0x00,0x00,0x00,0x00,0x00,0x00,0x00,0x00,0x00,0x00,0x00,0x00,0x00,0x00,0x00,0x00,
    0x00,0x00,0x00,0x00,0x00,0x00,0x00,0x00,0x00,0x00,0x00,0x00,0x00,0x00,0x00,0x00,0x00,0x00,0x00,0x00,0x00,0x00,0x00,0x00,0x00,0x00,0x00,0x00,0x00,0x00,0x00,0x00,
    0x00,0x00,0x00,0x00,0x00,0x00,0x00,0x00,0x00,0x00,0x00,0x00,0x00,0x00,0x00,0x00,0x00,0x00,0x00,0x00,0x00,0x00,0x00,0x00,0x00,0x00,0x00,0x00,0x00,0x00,0x00,0x00,
    0x00,0x00,0x00,0x00,0x00,0x00,0x00,0x00,0x00,0x00,0x00,0x00,0x00,0x00,0x00,0x00,0x00,0x00,0x00,0x00,0x00,0x00,0x00,0x00,0x00,0x00,0x00,0x00,0x00,0x00,0x00,0x00,
    0x00,0x00,0x00,0x00,0x00,0x00,0x00,0x00,0x00,0x00,0x00,0x00,0x00,0x00,0x00,0x00,0x00,0x00,0x00,0x00,0x00,0x00,0x00,0x00,0x00,0x00,0x00,0x00,0x00,0x00,0x00,0x00,
    0x00,0x00,0x00,0x00,0x00,0x00,0x00,0x00,0x00,0x00,0x00,0x00,0x00,0x00,0x00,0x00,0x00,0x00,0x00,0x00,0x00,0x00,0x00,0x00,0x00,0x00,0x00,0x00,0x00,0x00,0x00,0x00,
    0x00,0x00,0x00,0x00,0x00,0x00,0x00,0x00,0x00,0x00,0x00,0x00,0x00,0x00,0x00,0x00,0x00,0x00,0x00,0x00,0x00,0x00,0x00,0x00,0x00,0x00,0x00,0x00,0x00,0x00,0x00,0x00,
    0x00,0x00,0x00,0x00,0x00,0x00,0x00,0x00,0x00,0x00,0x00,0x00,0x33,0x1e,0x1c,0x9a,0x31,0x16,0x0f,0xff,0x46,0x22,0x11,0xff,0xb1,0x88,0x71,0xff,0xb3,0x89,0x70,0xff,
    0xd1,0xa8,0x91,0xff,0xda,0xb7,0xa3,0xff,0xd7,0xb6,0xa3,0xff,0xd7,0xb7,0xa4,0xff,0xe1,0xc0,0xb0,0xff,0xe1,0xc3,0xb2,0xff,0xe9,0xcd,0xbf,0xff,0xe7,0xcf,0xc3,0xff,
    0xe5,0xcf,0xc4,0xff,0xe4,0xce,0xc3,0xff,0xe5,0xcd,0xc1,0xff,0xe4,0xcd,0xbe,0xff,0xe4,0xce,0xc2,0xff,0xe4,0xce,0xc3,0xff,0xe5,0xcf,0xc3,0xff,0xe6,0xce,0xbf,0xff,
    0xe7,0xd0,0xc1,0xff,0xd9,0xcb,0xc3,0xff,0xff,0xfd,0xfb,0xff,0xfe,0xfd,0xff,0xff,0xfe,0xfd,0xff,0xff,0xfe,0xfe,0xfe,0xff,0xfe,0xfe,0xfe,0xff,0xfe,0xfe,0xfe,0xff,
    0xfe,0xfe,0xfe,0xff,0xfe,0xfe,0xfe,0xff,0xfe,0xfe,0xfe,0xff,0xfe,0xfe,0xfe,0xff,0xfe,0xfe,0xfe,0xff,0xfe,0xfe,0xfe,0xff,0xfe,0xfe,0xfe,0xff,0xfe,0xfe,0xfe,0xff,
    0xfe,0xfe,0xfe,0xff,0xfe,0xfe,0xfe,0xff,0xfe,0xfe,0xfe,0xff,0xfa,0xff,0xfe,0xff,0xfc,0xfd,0xfb,0xff,0xff,0xfd,0xf9,0xff,0xe2,0xcf,0xc7,0xff,0xe9,0xd1,0xc4,0xff,
    0xe5,0xcf,0xc4,0xff,0xe8,0xcf,0xc5,0xff,0xeb,0xd0,0xc6,0xff,0xea,0xd1,0xc7,0xff,0xe7,0xd0,0xc4,0xff,0xea,0xd4,0xc5,0xff,0xe8,0xd2,0xc6,0xff,0xe6,0xce,0xc3,0xff,
    0xeb,0xcf,0xc1,0xff,0xd3,0xb2,0x9e,0xff,0xd0,0xa7,0x8e,0xff,0xb7,0x99,0x86,0xff,0x30,0x16,0x0b,0xff,0x30,0x14,0x0d,0xff,0x45,0x34,0x2f,0xad,0x00,0x00,0x00,0x00,
    0x00,0x00,0x00,0x00,0x00,0x00,0x00,0x00,0x00,0x00,0x00,0x00,0x00,0x00,0x00,0x00,0x00,0x00,0x00,0x00,0x00,0x00,0x00,0x00,0x00,0x00,0x00,0x00,0x00,0x00,0x00,0x00,
    0x00,0x00,0x00,0x00,0x00,0x00,0x00,0x00,0x00,0x00,0x00,0x00,0x00,0x00,0x00,0x00,0x00,0x00,0x00,0x00,0x00,0x00,0x00,0x00,0x00,0x00,0x00,0x00,0x00,0x00,0x00,0x00,
    0x00,0x00,0x00,0x00,0x00,0x00,0x00,0x00,0x00,0x00,0x00,0x00,0x00,0x00,0x00,0x00,0x00,0x00,0x00,0x00,0x00,0x00,0x00,0x00,0x00,0x00,0x00,0x00,0x00,0x00,0x00,0x00,
    0x00,0x00,0x00,0x00,0x00,0x00,0x00,0x00,0x00,0x00,0x00,0x00,0x00,0x00,0x00,0x00,0x00,0x00,0x00,0x00,0x00,0x00,0x00,0x00,0x00,0x00,0x00,0x00,0x00,0x00,0x00,0x00,
    0x00,0x00,0x00,0x00,0x00,0x00,0x00,0x00,0x00,0x00,0x00,0x00,0x00,0x00,0x00,0x00,0x00,0x00,0x00,0x00,0x00,0x00,0x00,0x00,0x00,0x00,0x00,0x00,0x00,0x00,0x00,0x00,
    0x00,0x00,0x00,0x00,0x00,0x00,0x00,0x00,0x00,0x00,0x00,0x00,0x00,0x00,0x00,0x00,0x00,0x00,0x00,0x00,0x00,0x00,0x00,0x00,0x00,0x00,0x00,0x00,0x00,0x00,0x00,0x00,
    0x00,0x00,0x00,0x00,0x00,0x00,0x00,0x00,0x00,0x00,0x00,0x00,0x00,0x00,0x00,0x00,0x00,0x00,0x00,0x00,0x00,0x00,0x00,0x00,0x00,0x00,0x00,0x00,0x00,0x00,0x00,0x00,
    0x00,0x00,0x00,0x00,0x00,0x00,0x00,0x00,0x00,0x00,0x00,0x00,0x00,0x00,0x00,0x00,0x00,0x00,0x00,0x00,0x00,0x00,0x00,0x00,0x00,0x00,0x00,0x00,0x00,0x00,0x00,0x00,
    0x00,0x00,0x00,0x00,0x00,0x00,0x00,0x00,0x00,0x00,0x00,0x00,0x33,0x22,0x22,0x96,0x34,0x14,0x10,0xff,0x3f,0x20,0x12,0xff,0xb1,0x8b,0x72,0xff,0xb6,0x89,0x70,0xff,
    0xca,0x9d,0x87,0xff,0xdb,0xb6,0xa2,0xff,0xd8,0xb6,0xa4,0xff,0xd7,0xb5,0x9e,0xff,0xe0,0xc3,0xad,0xff,0xdd,0xc3,0xb1,0xff,0xe5,0xcb,0xbb,0xff,0xe6,0xcf,0xc0,0xff,
    0xe4,0xcd,0xc1,0xff,0xe7,0xcd,0xc1,0xff,0xe4,0xcd,0xbe,0xff,0xe3,0xce,0xbf,0xff,0xe7,0xd1,0xc2,0xff,0xe6,0xd0,0xc1,0xff,0xe4,0xce,0xc2,0xff,0xe6,0xcf,0xc3,0xff,
    0xe5,0xcd,0xc3,0xff,0xe0,0xd1,0xca,0xff,0xff,0xfe,0xfa,0xff,0xfd,0xfd,0xff,0xff,0xfb,0xfe,0xff,0xff,0xfc,0xfe,0xff,0xff,0xfc,0xfe,0xff,0xff,0xfc,0xfe,0xff,0xff,
    0xfc,0xfe,0xff,0xff,0xfd,0xff,0xff,0xff,0xfd,0xfe,0xff,0xff,0xfc,0xfd,0xfe,0xff,0xfc,0xfe,0xff,0xff,0xfd,0xff,0xff,0xff,0xfd,0xfe,0xff,0xff,0xfc,0xfe,0xff,0xff,
    0xfc,0xfe,0xff,0xff,0xfd,0xff,0xff,0xff,0xfd,0xff,0xff,0xff,0xfa,0xfe,0xfe,0xff,0xfd,0xff,0xfe,0xff,0xff,0xfc,0xf8,0xff,0xe0,0xce,0xc7,0xff,0xe8,0xcf,0xc5,0xff,
    0xe9,0xcf,0xc1,0xff,0xe8,0xd1,0xc2,0xff,0xe6,0xd0,0xc4,0xff,0xe4,0xd1,0xc4,0xff,0xe6,0xd3,0xc4,0xff,0xe7,0xd4,0xc3,0xff,0xe5,0xd4,0xc3,0xff,0xe5,0xd1,0xc2,0xff,
    0xe8,0xcd,0xbd,0xff,0xcc,0xa8,0x93,0xff,0xd3,0xa9,0x90,0xff,0xbd,0x98,0x87,0xff,0x33,0x13,0x0c,0xff,0x2b,0x11,0x10,0xff,0x3e,0x2f,0x2c,0xa4,0x00,0x00,0x00,0x00,
    0x00,0x00,0x00,0x00,0x00,0x00,0x00,0x00,0x00,0x00,0x00,0x00,0x00,0x00,0x00,0x00,0x00,0x00,0x00,0x00,0x00,0x00,0x00,0x00,0x00,0x00,0x00,0x00,0x00,0x00,0x00,0x00,
    0x00,0x00,0x00,0x00,0x00,0x00,0x00,0x00,0x00,0x00,0x00,0x00,0x00,0x00,0x00,0x00,0x00,0x00,0x00,0x00,0x00,0x00,0x00,0x00,0x00,0x00,0x00,0x00,0x00,0x00,0x00,0x00,
    0x00,0x00,0x00,0x00,0x00,0x00,0x00,0x00,0x00,0x00,0x00,0x00,0x00,0x00,0x00,0x00,0x00,0x00,0x00,0x00,0x00,0x00,0x00,0x00,0x00,0x00,0x00,0x00,0x00,0x00,0x00,0x00,
    0x00,0x00,0x00,0x00,0x00,0x00,0x00,0x00,0x00,0x00,0x00,0x00,0x00,0x00,0x00,0x00,0x00,0x00,0x00,0x00,0x00,0x00,0x00,0x00,0x00,0x00,0x00,0x00,0x00,0x00,0x00,0x00,
    0x00,0x00,0x00,0x00,0x00,0x00,0x00,0x00,0x00,0x00,0x00,0x00,0x00,0x00,0x00,0x00,0x00,0x00,0x00,0x00,0x00,0x00,0x00,0x00,0x00,0x00,0x00,0x00,0x00,0x00,0x00,0x00,
    0x00,0x00,0x00,0x00,0x00,0x00,0x00,0x00,0x00,0x00,0x00,0x00,0x00,0x00,0x00,0x00,0x00,0x00,0x00,0x00,0x00,0x00,0x00,0x00,0x00,0x00,0x00,0x00,0x00,0x00,0x00,0x00,
    0x00,0x00,0x00,0x00,0x00,0x00,0x00,0x00,0x00,0x00,0x00,0x00,0x00,0x00,0x00,0x00,0x00,0x00,0x00,0x00,0x00,0x00,0x00,0x00,0x00,0x00,0x00,0x00,0x00,0x00,0x00,0x00,
    0x00,0x00,0x00,0x00,0x00,0x00,0x00,0x00,0x00,0x00,0x00,0x00,0x00,0x00,0x00,0x00,0x00,0x00,0x00,0x00,0x00,0x00,0x00,0x00,0x00,0x00,0x00,0x00,0x00,0x00,0x00,0x00,
    0x00,0x00,0x00,0x00,0x00,0x00,0x00,0x00,0x00,0x00,0x00,0x00,0x5d,0x55,0x55,0x1e,0x60,0x52,0x4d,0x38,0x6b,0x55,0x4e,0x69,0x88,0x68,0x56,0xff,0x8e,0x69,0x57,0xff,
    0x96,0x73,0x65,0xff,0xa0,0x86,0x77,0xff,0xa8,0x8c,0x7e,0xff,0xd9,0xb6,0xa2,0xff,0xde,0xbc,0xa9,0xff,0xd9,0xba,0xab,0xff,0xe3,0xc4,0xb3,0xff,0xe7,0xc9,0xb8,0xff,
    0xe2,0xc8,0xb7,0xff,0xe7,0xcd,0xbf,0xff,0xe2,0xca,0xbe,0xff,0xe6,0xcc,0xbe,0xff,0xe9,0xcf,0xc1,0xff,0xe5,0xcd,0xc1,0xff,0xe6,0xcd,0xc1,0xff,0xe8,0xcd,0xc0,0xff,
    0xe8,0xcf,0xc1,0xff,0xe1,0xcd,0xc0,0xff,0xf8,0xec,0xe2,0xff,0xf6,0xeb,0xe6,0xff,0xf6,0xeb,0xe5,0xff,0xf7,0xea,0xe4,0xff,0xf7,0xea,0xe4,0xff,0xf6,0xe9,0xe2,0xff,
    0xf6,0xe9,0xe2,0xff,0xf6,0xe8,0xe2,0xff,0xf7,0xe9,0xe3,0xff,0xf7,0xe9,0xe3,0xff,0xf8,0xea,0xe4,0xff,0xf7,0xe9,0xe3,0xff,0xf6,0xe9,0xe2,0xff,0xf6,0xe9,0xe3,0xff,
    0xf7,0xea,0xe4,0xff,0xf7,0xea,0xe4,0xff,0xf7,0xea,0xe4,0xff,0xf5,0xec,0xe4,0xff,0xf7,0xeb,0xe4,0xff,0xf9,0xe7,0xdf,0xff,0xe7,0xce,0xc4,0xff,0xea,0xce,0xc3,0xff,
    0xe9,0xcf,0xc2,0xff,0xe7,0xcf,0xc3,0xff,0xe6,0xd0,0xc4,0xff,0xe9,0xd4,0xc5,0xff,0xe5,0xcd,0xbd,0xff,0xe4,0xc9,0xb9,0xff,0xda,0xbf,0xb2,0xff,0xb1,0x99,0x8f,0xff,
    0xac,0x93,0x87,0xff,0x9a,0x7c,0x6d,0xff,0x99,0x7a,0x67,0xff,0x8c,0x77,0x69,0xdf,0x66,0x53,0x4f,0x37,0x5b,0x4d,0x4d,0x38,0x5e,0x51,0x5e,0x13,0x00,0x00,0x00,0x00,
    0x00,0x00,0x00,0x00,0x00,0x00,0x00,0x00,0x00,0x00,0x00,0x00,0x00,0x00,0x00,0x00,0x00,0x00,0x00,0x00,0x00,0x00,0x00,0x00,0x00,0x00,0x00,0x00,0x00,0x00,0x00,0x00,
    0x00,0x00,0x00,0x00,0x00,0x00,0x00,0x00,0x00,0x00,0x00,0x00,0x00,0x00,0x00,0x00,0x00,0x00,0x00,0x00,0x00,0x00,0x00,0x00,0x00,0x00,0x00,0x00,0x00,0x00,0x00,0x00,
    0x00,0x00,0x00,0x00,0x00,0x00,0x00,0x00,0x00,0x00,0x00,0x00,0x00,0x00,0x00,0x00,0x00,0x00,0x00,0x00,0x00,0x00,0x00,0x00,0x00,0x00,0x00,0x00,0x00,0x00,0x00,0x00,
    0x00,0x00,0x00,0x00,0x00,0x00,0x00,0x00,0x00,0x00,0x00,0x00,0x00,0x00,0x00,0x00,0x00,0x00,0x00,0x00,0x00,0x00,0x00,0x00,0x00,0x00,0x00,0x00,0x00,0x00,0x00,0x00,
    0x00,0x00,0x00,0x00,0x00,0x00,0x00,0x00,0x00,0x00,0x00,0x00,0x00,0x00,0x00,0x00,0x00,0x00,0x00,0x00,0x00,0x00,0x00,0x00,0x00,0x00,0x00,0x00,0x00,0x00,0x00,0x00,
    0x00,0x00,0x00,0x00,0x00,0x00,0x00,0x00,0x00,0x00,0x00,0x00,0x00,0x00,0x00,0x00,0x00,0x00,0x00,0x00,0x00,0x00,0x00,0x00,0x00,0x00,0x00,0x00,0x00,0x00,0x00,0x00,
    0x00,0x00,0x00,0x00,0x00,0x00,0x00,0x00,0x00,0x00,0x00,0x00,0x00,0x00,0x00,0x00,0x00,0x00,0x00,0x00,0x00,0x00,0x00,0x00,0x00,0x00,0x00,0x00,0x00,0x00,0x00,0x00,
    0x00,0x00,0x00,0x00,0x00,0x00,0x00,0x00,0x00,0x00,0x00,0x00,0x00,0x00,0x00,0x00,0x00,0x00,0x00,0x00,0x00,0x00,0x00,0x00,0x00,0x00,0x00,0x00,0x00,0x00,0x00,0x00,
    0x00,0x00,0x00,0x00,0x00,0x00,0x00,0x00,0x00,0x00,0x00,0x00,0x00,0x00,0x00,0x00,0x00,0x00,0x00,0x00,0xa3,0x99,0x94,0x32,0x32,0x15,0x0e,0xff,0x30,0x12,0x09,0xff,
    0x2e,0x14,0x0d,0xff,0x2e,0x14,0x0c,0xff,0x2e,0x14,0x08,0xff,0xd4,0xb3,0x9f,0xff,0xd7,0xb5,0xa0,0xff,0xd6,0xb5,0xa2,0xff,0xd8,0xb6,0xa0,0xff,0xd8,0xb4,0x9c,0xff,
    0xd6,0xb5,0xa1,0xff,0xe5,0xc9,0xbb,0xff,0xdd,0xc4,0xb9,0xff,0xdf,0xc4,0xb6,0xff,0xe4,0xca,0xbc,0xff,0xe6,0xce,0xc2,0xff,0xe7,0xcf,0xc3,0xff,0xe6,0xce,0xc2,0xff,
    0xe7,0xce,0xbe,0xff,0xe4,0xcc,0xbc,0xff,0xe8,0xce,0xc0,0xff,0xe9,0xcf,0xc1,0xff,0xe9,0xcf,0xc1,0xff,0xe9,0xcf,0xc1,0xff,0xe9,0xcf,0xc1,0xff,0xe9,0xcf,0xc1,0xff,
    0xe9,0xcf,0xc1,0xff,0xe9,0xcf,0xc1,0xff,0xe9,0xcf,0xc1,0xff,0xea,0xcf,0xc1,0xff,0xea,0xd0,0xc2,0xff,0xe9,0xcf,0xc1,0xff,0xe9,0xcf,0xc1,0xff,0xe9,0xcf,0xc1,0xff,
    0xe8,0xce,0xc0,0xff,0xe8,0xce,0xc0,0xff,0xe9,0xcf,0xc1,0xff,0xe8,0xd0,0xc2,0xff,0xe7,0xce,0xc0,0xff,0xe8,0xce,0xc1,0xff,0xe6,0xce,0xc2,0xff,0xe6,0xce,0xc2,0xff,
    0xe6,0xd0,0xc4,0xff,0xe5,0xcf,0xc3,0xff,0xe8,0xd0,0xc4,0xff,0xef,0xd3,0xc5,0xff,0xd6,0xb6,0xa3,0xff,0xdc,0xb8,0xa6,0xff,0xbc,0x9c,0x8d,0xff,0x2f,0x14,0x0a,0xff,
    0x30,0x15,0x0e,0xff,0x32,0x14,0x0c,0xff,0x34,0x13,0x0a,0xff,0x2c,0x1c,0x14,0xc9,0x00,0x00,0x00,0x00,0x00,0x00,0x00,0x00,0x00,0x00,0x00,0x00,0x00,0x00,0x00,0x00,
    0x00,0x00,0x00,0x00,0x00,0x00,0x00,0x00,0x00,0x00,0x00,0x00,0x00,0x00,0x00,0x00,0x00,0x00,0x00,0x00,0x00,0x00,0x00,0x00,0x00,0x00,0x00,0x00,0x00,0x00,0x00,0x00,
    0x00,0x00,0x00,0x00,0x00,0x00,0x00,0x00,0x00,0x00,0x00,0x00,0x00,0x00,0x00,0x00,0x00,0x00,0x00,0x00,0x00,0x00,0x00,0x00,0x00,0x00,0x00,0x00,0x00,0x00,0x00,0x00,
    0x00,0x00,0x00,0x00,0x00,0x00,0x00,0x00,0x00,0x00,0x00,0x00,0x00,0x00,0x00,0x00,0x00,0x00,0x00,0x00,0x00,0x00,0x00,0x00,0x00,0x00,0x00,0x00,0x00,0x00,0x00,0x00,
    0x00,0x00,0x00,0x00,0x00,0x00,0x00,0x00,0x00,0x00,0x00,0x00,0x00,0x00,0x00,0x00,0x00,0x00,0x00,0x00,0x00,0x00,0x00,0x00,0x00,0x00,0x00,0x00,0x00,0x00,0x00,0x00,
    0x00,0x00,0x00,0x00,0x00,0x00,0x00,0x00,0x00,0x00,0x00,0x00,0x00,0x00,0x00,0x00,0x00,0x00,0x00,0x00,0x00,0x00,0x00,0x00,0x00,0x00,0x00,0x00,0x00,0x00,0x00,0x00,
    0x00,0x00,0x00,0x00,0x00,0x00,0x00,0x00,0x00,0x00,0x00,0x00,0x00,0x00,0x00,0x00,0x00,0x00,0x00,0x00,0x00,0x00,0x00,0x00,0x00,0x00,0x00,0x00,0x00,0x00,0x00,0x00,
    0x00,0x00,0x00,0x00,0x00,0x00,0x00,0x00,0x00,0x00,0x00,0x00,0x00,0x00,0x00,0x00,0x00,0x00,0x00,0x00,0x00,0x00,0x00,0x00,0x00,0x00,0x00,0x00,0x00,0x00,0x00,0x00,
    0x00,0x00,0x00,0x00,0x00,0x00,0x00,0x00,0x00,0x00,0x00,0x00,0x00,0x00,0x00,0x00,0x00,0x00,0x00,0x00,0x00,0x00,0x00,0x00,0x00,0x00,0x00,0x00,0x00,0x00,0x00,0x00,
    0x00,0x00,0x00,0x00,0x00,0x00,0x00,0x00,0x00,0x00,0x00,0x00,0x00,0x00,0x00,0x00,0x00,0x00,0x00,0x00,0xa3,0x94,0x8f,0x32,0x2a,0x13,0x0e,0xfe,0x2e,0x16,0x10,0xfe,
    0x25,0x11,0x0c,0xff,0x2c,0x13,0x0d,0xff,0x2b,0x13,0x0a,0xff,0xd4,0xb6,0xa2,0xff,0xd8,0xb9,0xa4,0xff,0xd2,0xb6,0xa3,0xff,0xd4,0xb4,0xa2,0xff,0xd6,0xb5,0xa3,0xff,
    0xda,0xba,0xa8,0xff,0xe9,0xca,0xba,0xff,0xe1,0xc3,0xb4,0xff,0xe0,0xc6,0xb6,0xff,0xe8,0xce,0xbe,0xff,0xe6,0xce,0xbe,0xff,0xe3,0xce,0xbf,0xff,0xe1,0xcc,0xbe,0xff,
    0xe2,0xcc,0xc0,0xff,0xe5,0xce,0xc2,0xff,0xe8,0xce,0xc2,0xff,0xe6,0xce,0xc2,0xff,0xe7,0xcf,0xc3,0xff,0xe5,0xcf,0xc3,0xff,0xe6,0xd0,0xc4,0xff,0xe5,0xcf,0xc3,0xff,
    0xe6,0xd0,0xc4,0xff,0xe6,0xd0,0xc4,0xff,0xe5,0xcf,0xc3,0xff,0xe6,0xd0,0xc4,0xff,0xe6,0xd0,0xc4,0xff,0xe6,0xd0,0xc4,0xff,0xe5,0xcf,0xc0,0xff,0xe6,0xcf,0xc0,0xff,
    0xe8,0xd1,0xc2,0xff,0xe8,0xd1,0xc2,0xff,0xe8,0xd0,0xc1,0xff,0xe7,0xcf,0xc0,0xff,0xe6,0xcf,0xc0,0xff,0xe8,0xd2,0xc3,0xff,0xe6,0xd1,0xc1,0xff,0xe5,0xce,0xc1,0xff,
    0xe6,0xcf,0xc3,0xff,0xe9,0xd3,0xc8,0xff,0xe8,0xcf,0xc4,0xff,0xe9,0xce,0xc1,0xff,0xd4,0xb6,0xa7,0xff,0xd7,0xba,0xa8,0xff,0xb7,0x9f,0x8f,0xff,0x2e,0x1a,0x11,0xff,
    0x2c,0x17,0x11,0xff,0x2c,0x13,0x0e,0xfe,0x33,0x13,0x0f,0xfe,0x31,0x20,0x1b,0xca,0x00,0x00,0x00,0x00,0x00,0x00,0x00,0x00,0x00,0x00,0x00,0x00,0x00,0x00,0x00,0x00,
    0x00,0x00,0x00,0x00,0x00,0x00,0x00,0x00,0x00,0x00,0x00,0x00,0x00,0x00,0x00,0x00,0x00,0x00,0x00,0x00,0x00,0x00,0x00,0x00,0x00,0x00,0x00,0x00,0x00,0x00,0x00,0x00,
    0x00,0x00,0x00,0x00,0x00,0x00,0x00,0x00,0x00,0x00,0x00,0x00,0x00,0x00,0x00,0x00,0x00,0x00,0x00,0x00,0x00,0x00,0x00,0x00,0x00,0x00,0x00,0x00,0x00,0x00,0x00,0x00,
    0x00,0x00,0x00,0x00,0x00,0x00,0x00,0x00,0x00,0x00,0x00,0x00,0x00,0x00,0x00,0x00,0x00,0x00,0x00,0x00,0x00,0x00,0x00,0x00,0x00,0x00,0x00,0x00,0x00,0x00,0x00,0x00,
    0x00,0x00,0x00,0x00,0x00,0x00,0x00,0x00,0x00,0x00,0x00,0x00,0x00,0x00,0x00,0x00,0x00,0x00,0x00,0x00,0x00,0x00,0x00,0x00,0x00,0x00,0x00,0x00,0x00,0x00,0x00,0x00,
    0x00,0x00,0x00,0x00,0x00,0x00,0x00,0x00,0x00,0x00,0x00,0x00,0x00,0x00,0x00,0x00,0x00,0x00,0x00,0x00,0x00,0x00,0x00,0x00,0x00,0x00,0x00,0x00,0x00,0x00,0x00,0x00,
    0x00,0x00,0x00,0x00,0x00,0x00,0x00,0x00,0x00,0x00,0x00,0x00,0x00,0x00,0x00,0x00,0x00,0x00,0x00,0x00,0x00,0x00,0x00,0x00,0x00,0x00,0x00,0x00,0x00,0x00,0x00,0x00,
    0x00,0x00,0x00,0x00,0x00,0x00,0x00,0x00,0x00,0x00,0x00,0x00,0x00,0x00,0x00,0x00,0x00,0x00,0x00,0x00,0x00,0x00,0x00,0x00,0x00,0x00,0x00,0x00,0x00,0x00,0x00,0x00,
    0x00,0x00,0x00,0x00,0x00,0x00,0x00,0x00,0x00,0x00,0x00,0x00,0x00,0x00,0x00,0x00,0x00,0x00,0x00,0x00,0x00,0x00,0x00,0x00,0x00,0x00,0x00,0x00,0x00,0x00,0x00,0x00,
    0x00,0x00,0x00,0x00,0x00,0x00,0x00,0x00,0x00,0x00,0x00,0x00,0x00,0x00,0x00,0x00,0x00,0x00,0x00,0x00,0x00,0x00,0x00,0x00,0x00,0x00,0x00,0x00,0x00,0x00,0x00,0x00,
    0x00,0x00,0x00,0x00,0x00,0x00,0x00,0x00,0x00,0x00,0x00,0x00,0x2d,0x14,0x07,0xff,0x33,0x16,0x08,0xff,0x31,0x13,0x08,0xff,0x32,0x15,0x08,0xff,0x30,0x16,0x0c,0xff,
    0x32,0x14,0x09,0xff,0xc9,0xa8,0x95,0xff,0xc8,0xa3,0x8d,0xff,0xd1,0xae,0x9d,0xff,0xdc,0xbb,0xab,0xff,0xd6,0xb9,0xa9,0xff,0xd5,0xba,0xaa,0xff,0xe5,0xcc,0xbc,0xff,
    0xe5,0xce,0xc1,0xff,0xe6,0xcd,0xc0,0xff,0xe8,0xce,0xc1,0xff,0xe7,0xcf,0xc2,0xff,0xe5,0xcf,0xc2,0xff,0xe7,0xcf,0xc2,0xff,0xe8,0xd0,0xc3,0xff,0xe8,0xd0,0xc3,0xff,
    0xe8,0xd0,0xc3,0xff,0xe8,0xd0,0xc4,0xff,0xe7,0xd0,0xc3,0xff,0xe8,0xd0,0xc4,0xff,0xe8,0xd1,0xc4,0xff,0xdf,0xc8,0xbc,0xff,0xe2,0xc8,0xb8,0xff,0xe3,0xc8,0xb7,0xff,
    0xdb,0xbe,0xae,0xff,0xd8,0xbe,0xac,0xff,0xd9,0xbc,0xac,0xff,0xda,0xbd,0xae,0xff,0xd9,0xbc,0xac,0xff,0xdc,0xbf,0xad,0xff,0xc5,0xa6,0x92,0xff,0xc5,0xa3,0x8e,0xff,
    0x49,0x2e,0x20,0xff,0x31,0x17,0x0d,0xff,0x2c,0x13,0x0a,0xff,0x2e,0x15,0x0b,0xff,0x32,0x17,0x0b,0xff,0x2b,0x0f,0x04,0xff,0x31,0x1c,0x13,0xdb,0x00,0x00,0x00,0x00,
    0x00,0x00,0x00,0x00,0x00,0x00,0x00,0x00,0x00,0x00,0x00,0x00,0x00,0x00,0x00,0x00,0x00,0x00,0x00,0x00,0x00,0x00,0x00,0x00,0x00,0x00,0x00,0x00,0x00,0x00,0x00,0x00,
    0x00,0x00,0x00,0x00,0x00,0x00,0x00,0x00,0x00,0x00,0x00,0x00,0x00,0x00,0x00,0x00,0x00,0x00,0x00,0x00,0x00,0x00,0x00,0x00,0x00,0x00,0x00,0x00,0x00,0x00,0x00,0x00,
    0x00,0x00,0x00,0x00,0x00,0x00,0x00,0x00,0x00,0x00,0x00,0x00,0x00,0x00,0x00,0x00,0x00,0x00,0x00,0x00,0x00,0x00,0x00,0x00,0x00,0x00,0x00,0x00,0x00,0x00,0x00,0x00,
    0x00,0x00,0x00,0x00,0x00,0x00,0x00,0x00,0x00,0x00,0x00,0x00,0x00,0x00,0x00,0x00,0x00,0x00,0x00,0x00,0x00,0x00,0x00,0x00,0x00,0x00,0x00,0x00,0x00,0x00,0x00,0x00,
    0x00,0x00,0x00,0x00,0x00,0x00,0x00,0x00,0x00,0x00,0x00,0x00,0x00,0x00,0x00,0x00,0x00,0x00,0x00,0x00,0x00,0x00,0x00,0x00,0x00,0x00,0x00,0x00,0x00,0x00,0x00,0x00,
    0x00,0x00,0x00,0x00,0x00,0x00,0x00,0x00,0x00,0x00,0x00,0x00,0x00,0x00,0x00,0x00,0x00,0x00,0x00,0x00,0x00,0x00,0x00,0x00,0x00,0x00,0x00,0x00,0x00,0x00,0x00,0x00,
    0x00,0x00,0x00,0x00,0x00,0x00,0x00,0x00,0x00,0x00,0x00,0x00,0x00,0x00,0x00,0x00,0x00,0x00,0x00,0x00,0x00,0x00,0x00,0x00,0x00,0x00,0x00,0x00,0x00,0x00,0x00,0x00,
    0x00,0x00,0x00,0x00,0x00,0x00,0x00,0x00,0x00,0x00,0x00,0x00,0x00,0x00,0x00,0x00,0x00,0x00,0x00,0x00,0x00,0x00,0x00,0x00,0x00,0x00,0x00,0x00,0x00,0x00,0x00,0x00,
    0x00,0x00,0x00,0x00,0x00,0x00,0x00,0x00,0x00,0x00,0x00,0x00,0x00,0x00,0x00,0x00,0x00,0x00,0x00,0x00,0x00,0x00,0x00,0x00,0x00,0x00,0x00,0x00,0x00,0x00,0x00,0x00,
    0x00,0x00,0x00,0x00,0x00,0x00,0x00,0x00,0x00,0x00,0x00,0x00,0x00,0x00,0x00,0x00,0x00,0x00,0x00,0x00,0x00,0x00,0x00,0x00,0x00,0x00,0x00,0x00,0x00,0x00,0x00,0x00,
    0x00,0x00,0x00,0x00,0x00,0x00,0x00,0x00,0x00,0x00,0x00,0x00,0x30,0x14,0x0e,0xff,0x36,0x14,0x0a,0xff,0x33,0x16,0x0b,0xff,0x31,0x17,0x0b,0xff,0x31,0x16,0x0b,0xff,
    0x30,0x14,0x0b,0xff,0xd2,0xb4,0xa1,0xff,0xd1,0xb0,0x96,0xff,0xd0,0xad,0x95,0xff,0xd9,0xb9,0xa2,0xff,0xd7,0xb9,0xa6,0xff,0xd5,0xba,0xa9,0xff,0xe4,0xca,0xba,0xff,
    0xe6,0xcc,0xbf,0xff,0xe7,0xcd,0xbf,0xff,0xe7,0xcd,0xc0,0xff,0xe9,0xd0,0xc2,0xff,0xe8,0xcf,0xc1,0xff,0xe8,0xce,0xc0,0xff,0xe9,0xcf,0xc1,0xff,0xea,0xd0,0xc2,0xff,
    0xea,0xd0,0xc2,0xff,0xe9,0xd0,0xc4,0xff,0xe9,0xd2,0xc3,0xff,0xea,0xd0,0xc2,0xff,0xe9,0xcf,0xbf,0xff,0xe1,0xc7,0xb7,0xff,0xe1,0xca,0xb9,0xff,0xe2,0xcb,0xb7,0xff,
    0xd8,0xbf,0xaa,0xff,0xd9,0xbd,0xa8,0xff,0xdc,0xbe,0xa9,0xff,0xdb,0xbd,0xa9,0xff,0xd9,0xbb,0xaa,0xff,0xd9,0xb9,0xa6,0xff,0xc8,0xa6,0x8f,0xff,0xce,0xa8,0x92,0xff,
    0x4e,0x2e,0x21,0xff,0x32,0x15,0x0c,0xff,0x2f,0x12,0x09,0xff,0x31,0x14,0x0b,0xff,0x33,0x16,0x0d,0xff,0x31,0x14,0x09,0xff,0x31,0x1d,0x15,0xd9,0x00,0x00,0x00,0x00,
    0x00,0x00,0x00,0x00,0x00,0x00,0x00,0x00,0x00,0x00,0x00,0x00,0x00,0x00,0x00,0x00,0x00,0x00,0x00,0x00,0x00,0x00,0x00,0x00,0x00,0x00,0x00,0x00,0x00,0x00,0x00,0x00,
    0x00,0x00,0x00,0x00,0x00,0x00,0x00,0x00,0x00,0x00,0x00,0x00,0x00,0x00,0x00,0x00,0x00,0x00,0x00,0x00,0x00,0x00,0x00,0x00,0x00,0x00,0x00,0x00,0x00,0x00,0x00,0x00,
    0x00,0x00,0x00,0x00,0x00,0x00,0x00,0x00,0x00,0x00,0x00,0x00,0x00,0x00,0x00,0x00,0x00,0x00,0x00,0x00,0x00,0x00,0x00,0x00,0x00,0x00,0x00,0x00,0x00,0x00,0x00,0x00,
    0x00,0x00,0x00,0x00,0x00,0x00,0x00,0x00,0x00,0x00,0x00,0x00,0x00,0x00,0x00,0x00,0x00,0x00,0x00,0x00,0x00,0x00,0x00,0x00,0x00,0x00,0x00,0x00,0x00,0x00,0x00,0x00,
    0x00,0x00,0x00,0x00,0x00,0x00,0x00,0x00,0x00,0x00,0x00,0x00,0x00,0x00,0x00,0x00,0x00,0x00,0x00,0x00,0x00,0x00,0x00,0x00,0x00,0x00,0x00,0x00,0x00,0x00,0x00,0x00,
    0x00,0x00,0x00,0x00,0x00,0x00,0x00,0x00,0x00,0x00,0x00,0x00,0x00,0x00,0x00,0x00,0x00,0x00,0x00,0x00,0x00,0x00,0x00,0x00,0x00,0x00,0x00,0x00,0x00,0x00,0x00,0x00,
    0x00,0x00,0x00,0x00,0x00,0x00,0x00,0x00,0x00,0x00,0x00,0x00,0x00,0x00,0x00,0x00,0x00,0x00,0x00,0x00,0x00,0x00,0x00,0x00,0x00,0x00,0x00,0x00,0x00,0x00,0x00,0x00,
    0x00,0x00,0x00,0x00,0x00,0x00,0x00,0x00,0x00,0x00,0x00,0x00,0x00,0x00,0x00,0x00,0x00,0x00,0x00,0x00,0x00,0x00,0x00,0x00,0x00,0x00,0x00,0x00,0x00,0x00,0x00,0x00,
    0x00,0x00,0x00,0x00,0x00,0x00,0x00,0x00,0x00,0x00,0x00,0x00,0x00,0x00,0x00,0x00,0x00,0x00,0x00,0x00,0x00,0x00,0x00,0x00,0x00,0x00,0x00,0x00,0x00,0x00,0x00,0x00,
    0x00,0x00,0x00,0x00,0x00,0x00,0x00,0x00,0x00,0x00,0x00,0x00,0x00,0x00,0x00,0x00,0x00,0x00,0x00,0x00,0x00,0x00,0x00,0x00,0x00,0x00,0x00,0x00,0x00,0x00,0x00,0x00,
    0x00,0x00,0x00,0x00,0x00,0x00,0x00,0x00,0x00,0x00,0x00,0x00,0x2a,0x16,0x12,0xff,0x2e,0x16,0x11,0xfe,0x2c,0x17,0x0f,0xfe,0x2f,0x15,0x0f,0xfe,0x30,0x16,0x0f,0xfe,
    0x2f,0x15,0x10,0xfe,0xd8,0xb3,0xa8,0xff,0xd5,0xaa,0x96,0xff,0xc9,0xa6,0x95,0xff,0xd2,0xaf,0x9f,0xff,0xd9,0xb8,0xaa,0xff,0xdf,0xbe,0xb1,0xff,0xe9,0xcc,0xc2,0xff,
    0xdf,0xc9,0xc0,0xff,0xde,0xc9,0xbf,0xff,0xe2,0xcd,0xc3,0xff,0xe3,0xcd,0xc3,0xff,0xe3,0xcd,0xc3,0xff,0xe3,0xcd,0xc3,0xff,0xe4,0xce,0xc4,0xff,0xe4,0xcf,0xc5,0xff,
    0xe4,0xcf,0xc5,0xff,0xe3,0xcf,0xc5,0xff,0xe4,0xd0,0xc6,0xff,0xe3,0xce,0xc3,0xff,0xe2,0xcb,0xbf,0xff,0xdf,0xc6,0xb9,0xff,0xe4,0xc8,0xbd,0xff,0xe7,0xc7,0xbb,0xff,
    0xdb,0xb9,0xac,0xff,0xdd,0xb9,0xaa,0xff,0xdd,0xba,0xab,0xff,0xdb,0xba,0xa8,0xff,0xdc,0xb9,0xa6,0xff,0xdc,0xbb,0xa5,0xff,0xd0,0xaa,0x95,0xff,0xd1,0xa9,0x92,0xff,
    0x45,0x2b,0x21,0xff,0x2d,0x17,0x10,0xff,0x2b,0x15,0x0f,0xfe,0x2b,0x15,0x0e,0xfe,0x2a,0x14,0x0e,0xfe,0x2d,0x18,0x11,0xfe,0x2b,0x1c,0x18,0xce,0x00,0x00,0x00,0x00,
    0x00,0x00,0x00,0x00,0x00,0x00,0x00,0x00,0x00,0x00,0x00,0x00,0x00,0x00,0x00,0x00,0x00,0x00,0x00,0x00,0x00,0x00,0x00,0x00,0x00,0x00,0x00,0x00,0x00,0x00,0x00,0x00,
    0x00,0x00,0x00,0x00,0x00,0x00,0x00,0x00,0x00,0x00,0x00,0x00,0x00,0x00,0x00,0x00,0x00,0x00,0x00,0x00,0x00,0x00,0x00,0x00,0x00,0x00,0x00,0x00,0x00,0x00,0x00,0x00,
    0x00,0x00,0x00,0x00,0x00,0x00,0x00,0x00,0x00,0x00,0x00,0x00,0x00,0x00,0x00,0x00,0x00,0x00,0x00,0x00,0x00,0x00,0x00,0x00,0x00,0x00,0x00,0x00,0x00,0x00,0x00,0x00,
    0x00,0x00,0x00,0x00,0x00,0x00,0x00,0x00,0x00,0x00,0x00,0x00,0x00,0x00,0x00,0x00,0x00,0x00,0x00,0x00,0x00,0x00,0x00,0x00,0x00,0x00,0x00,0x00,0x00,0x00,0x00,0x00,
    0x00,0x00,0x00,0x00,0x00,0x00,0x00,0x00,0x00,0x00,0x00,0x00,0x00,0x00,0x00,0x00,0x00,0x00,0x00,0x00,0x00,0x00,0x00,0x00,0x00,0x00,0x00,0x00,0x00,0x00,0x00,0x00,
    0x00,0x00,0x00,0x00,0x00,0x00,0x00,0x00,0x00,0x00,0x00,0x00,0x00,0x00,0x00,0x00,0x00,0x00,0x00,0x00,0x00,0x00,0x00,0x00,0x00,0x00,0x00,0x00,0x00,0x00,0x00,0x00,
    0x00,0x00,0x00,0x00,0x00,0x00,0x00,0x00,0x00,0x00,0x00,0x00,0x00,0x00,0x00,0x00,0x00,0x00,0x00,0x00,0x00,0x00,0x00,0x00,0x00,0x00,0x00,0x00,0x00,0x00,0x00,0x00,
    0x00,0x00,0x00,0x00,0x00,0x00,0x00,0x00,0x00,0x00,0x00,0x00,0x00,0x00,0x00,0x00,0x00,0x00,0x00,0x00,0x00,0x00,0x00,0x00,0x00,0x00,0x00,0x00,0x00,0x00,0x00,0x00,
    0x00,0x00,0x00,0x00,0x00,0x00,0x00,0x00,0x00,0x00,0x00,0x00,0x00,0x00,0x00,0x00,0x00,0x00,0x00,0x00,0x00,0x00,0x00,0x00,0x00,0x00,0x00,0x00,0x00,0x00,0x00,0x00,
    0x00,0x00,0x00,0x00,0x00,0x00,0x00,0x00,0x00,0x00,0x00,0x00,0x00,0x00,0x00,0x00,0x00,0x00,0x00,0x00,0x00,0x00,0x00,0x00,0x00,0x00,0x00,0x00,0x00,0x00,0x00,0x00,
    0x00,0x00,0x00,0x00,0x00,0x00,0x00,0x00,0x00,0x00,0x00,0x00,0x00,0x00,0x00,0x00,0x00,0x00,0x00,0x00,0x00,0x00,0x00,0x00,0x00,0x00,0x00,0x00,0x00,0x00,0x00,0x00,
    0x00,0x00,0x00,0x00,0x27,0x16,0x0f,0xff,0x33,0x16,0x09,0xff,0x30,0x17,0x0b,0xff,0x2e,0x15,0x09,0xff,0x30,0x17,0x0b,0xff,0x30,0x15,0x09,0xff,0x2e,0x13,0x07,0xff,
    0x2f,0x13,0x09,0xff,0x2f,0x14,0x09,0xff,0x2f,0x14,0x09,0xff,0x2f,0x13,0x09,0xff,0x2e,0x13,0x09,0xff,0x2e,0x13,0x09,0xff,0x2f,0x14,0x0a,0xff,0x30,0x14,0x0a,0xff,
    0x2f,0x14,0x09,0xff,0x2f,0x14,0x09,0xff,0x2f,0x14,0x09,0xff,0x30,0x14,0x0a,0xff,0x30,0x13,0x09,0xff,0x32,0x15,0x0b,0xff,0x30,0x16,0x0c,0xff,0x2d,0x14,0x0a,0xff,
    0x2f,0x14,0x0a,0xff,0x2d,0x15,0x09,0xff,0x2c,0x16,0x0a,0xff,0x2d,0x14,0x0d,0xff,0x2e,0x13,0x0f,0xff,0x2f,0x15,0x0f,0xff,0x30,0x14,0x0f,0xff,0x31,0x15,0x0f,0xff,
    0x86,0x79,0x79,0x39,0x00,0x00,0x00,0x00,0x00,0x00,0x00,0x00,0x00,0x00,0x00,0x00,0x00,0x00,0x00,0x00,0x00,0x00,0x00,0x00,0x00,0x00,0x00,0x00,0x00,0x00,0x00,0x00,
    0x00,0x00,0x00,0x00,0x00,0x00,0x00,0x00,0x00,0x00,0x00,0x00,0x00,0x00,0x00,0x00,0x00,0x00,0x00,0x00,0x00,0x00,0x00,0x00,0x00,0x00,0x00,0x00,0x00,0x00,0x00,0x00,
    0x00,0x00,0x00,0x00,0x00,0x00,0x00,0x00,0x00,0x00,0x00,0x00,0x00,0x00,0x00,0x00,0x00,0x00,0x00,0x00,0x00,0x00,0x00,0x00,0x00,0x00,0x00,0x00,0x00,0x00,0x00,0x00,
    0x00,0x00,0x00,0x00,0x00,0x00,0x00,0x00,0x00,0x00,0x00,0x00,0x00,0x00,0x00,0x00,0x00,0x00,0x00,0x00,0x00,0x00,0x00,0x00,0x00,0x00,0x00,0x00,0x00,0x00,0x00,0x00,
    0x00,0x00,0x00,0x00,0x00,0x00,0x00,0x00,0x00,0x00,0x00,0x00,0x00,0x00,0x00,0x00,0x00,0x00,0x00,0x00,0x00,0x00,0x00,0x00,0x00,0x00,0x00,0x00,0x00,0x00,0x00,0x00,
    0x00,0x00,0x00,0x00,0x00,0x00,0x00,0x00,0x00,0x00,0x00,0x00,0x00,0x00,0x00,0x00,0x00,0x00,0x00,0x00,0x00,0x00,0x00,0x00,0x00,0x00,0x00,0x00,0x00,0x00,0x00,0x00,
    0x00,0x00,0x00,0x00,0x00,0x00,0x00,0x00,0x00,0x00,0x00,0x00,0x00,0x00,0x00,0x00,0x00,0x00,0x00,0x00,0x00,0x00,0x00,0x00,0x00,0x00,0x00,0x00,0x00,0x00,0x00,0x00,
    0x00,0x00,0x00,0x00,0x00,0x00,0x00,0x00,0x00,0x00,0x00,0x00,0x00,0x00,0x00,0x00,0x00,0x00,0x00,0x00,0x00,0x00,0x00,0x00,0x00,0x00,0x00,0x00,0x00,0x00,0x00,0x00,
    0x00,0x00,0x00,0x00,0x00,0x00,0x00,0x00,0x00,0x00,0x00,0x00,0x00,0x00,0x00,0x00,0x00,0x00,0x00,0x00,0x00,0x00,0x00,0x00,0x00,0x00,0x00,0x00,0x00,0x00,0x00,0x00,
    0x00,0x00,0x00,0x00,0x00,0x00,0x00,0x00,0x00,0x00,0x00,0x00,0x00,0x00,0x00,0x00,0x00,0x00,0x00,0x00,0x00,0x00,0x00,0x00,0x00,0x00,0x00,0x00,0x00,0x00,0x00,0x00,
    0x00,0x00,0x00,0x00,0x00,0x00,0x00,0x00,0x00,0x00,0x00,0x00,0x00,0x00,0x00,0x00,0x00,0x00,0x00,0x00,0x00,0x00,0x00,0x00,0x00,0x00,0x00,0x00,0x00,0x00,0x00,0x00,
    0x00,0x00,0x00,0x00,0x00,0x00,0x00,0x00,0x00,0x00,0x00,0x00,0x00,0x00,0x00,0x00,0x00,0x00,0x00,0x00,0x00,0x00,0x00,0x00,0x00,0x00,0x00,0x00,0x00,0x00,0x00,0x00,
    0x00,0x00,0x00,0x00,0x2c,0x17,0x15,0xff,0x32,0x11,0x09,0xff,0x35,0x14,0x0c,0xff,0x33,0x12,0x0a,0xff,0x35,0x14,0x0c,0xff,0x34,0x13,0x0b,0xff,0x33,0x13,0x0b,0xff,
    0x30,0x13,0x0b,0xff,0x2f,0x13,0x0a,0xff,0x2f,0x13,0x0a,0xff,0x2e,0x12,0x09,0xff,0x2f,0x12,0x09,0xff,0x30,0x13,0x0b,0xff,0x30,0x13,0x0b,0xff,0x30,0x13,0x0a,0xff,
    0x2f,0x13,0x0a,0xff,0x30,0x14,0x0a,0xff,0x30,0x15,0x0a,0xff,0x31,0x15,0x0b,0xff,0x31,0x15,0x0c,0xff,0x32,0x14,0x0c,0xff,0x30,0x13,0x0b,0xff,0x2f,0x12,0x0a,0xff,
    0x32,0x12,0x0b,0xff,0x33,0x14,0x0c,0xff,0x31,0x14,0x0c,0xff,0x32,0x15,0x0a,0xff,0x34,0x16,0x0a,0xff,0x32,0x16,0x0b,0xff,0x32,0x17,0x0b,0xff,0x31,0x15,0x0a,0xff,
    0x7d,0x79,0x75,0x3d,0x00,0x00,0x00,0x00,0x00,0x00,0x00,0x00,0x00,0x00,0x00,0x00,0x00,0x00,0x00,0x00,0x00,0x00,0x00,0x00,0x00,0x00,0x00,0x00,0x00,0x00,0x00,0x00,
    0x00,0x00,0x00,0x00,0x00,0x00,0x00,0x00,0x00,0x00,0x00,0x00,0x00,0x00,0x00,0x00,0x00,0x00,0x00,0x00,0x00,0x00,0x00,0x00,0x00,0x00,0x00,0x00,0x00,0x00,0x00,0x00,
    0x00,0x00,0x00,0x00,0x00,0x00,0x00,0x00,0x00,0x00,0x00,0x00,0x00,0x00,0x00,0x00,0x00,0x00,0x00,0x00,0x00,0x00,0x00,0x00,0x00,0x00,0x00,0x00,0x00,0x00,0x00,0x00,
    0x00,0x00,0x00,0x00,0x00,0x00,0x00,0x00,0x00,0x00,0x00,0x00,0x00,0x00,0x00,0x00,0x00,0x00,0x00,0x00,0x00,0x00,0x00,0x00,0x00,0x00,0x00,0x00,0x00,0x00,0x00,0x00,
    0x00,0x00,0x00,0x00,0x00,0x00,0x00,0x00,0x00,0x00,0x00,0x00,0x00,0x00,0x00,0x00,0x00,0x00,0x00,0x00,0x00,0x00,0x00,0x00,0x00,0x00,0x00,0x00,0x00,0x00,0x00,0x00,
    0x00,0x00,0x00,0x00,0x00,0x00,0x00,0x00,0x00,0x00,0x00,0x00,0x00,0x00,0x00,0x00,0x00,0x00,0x00,0x00,0x00,0x00,0x00,0x00,0x00,0x00,0x00,0x00,0x00,0x00,0x00,0x00,
    0x00,0x00,0x00,0x00,0x00,0x00,0x00,0x00,0x00,0x00,0x00,0x00,0x00,0x00,0x00,0x00,0x00,0x00,0x00,0x00,0x00,0x00,0x00,0x00,0x00,0x00,0x00,0x00,0x00,0x00,0x00,0x00,
    0x00,0x00,0x00,0x00,0x00,0x00,0x00,0x00,0x00,0x00,0x00,0x00,0x00,0x00,0x00,0x00,0x00,0x00,0x00,0x00,0x00,0x00,0x00,0x00,0x00,0x00,0x00,0x00,0x00,0x00,0x00,0x00,
    0x00,0x00,0x00,0x00,0x00,0x00,0x00,0x00,0x00,0x00,0x00,0x00,0x00,0x00,0x00,0x00,0x00,0x00,0x00,0x00,0x00,0x00,0x00,0x00,0x00,0x00,0x00,0x00,0x00,0x00,0x00,0x00,
    0x00,0x00,0x00,0x00,0x00,0x00,0x00,0x00,0x00,0x00,0x00,0x00,0x00,0x00,0x00,0x00,0x00,0x00,0x00,0x00,0x00,0x00,0x00,0x00,0x00,0x00,0x00,0x00,0x00,0x00,0x00,0x00,
    0x00,0x00,0x00,0x00,0x00,0x00,0x00,0x00,0x00,0x00,0x00,0x00,0x00,0x00,0x00,0x00,0x00,0x00,0x00,0x00,0x00,0x00,0x00,0x00,0x00,0x00,0x00,0x00,0x00,0x00,0x00,0x00,
    0x00,0x00,0x00,0x00,0x00,0x00,0x00,0x00,0x00,0x00,0x00,0x00,0x00,0x00,0x00,0x00,0x00,0x00,0x00,0x00,0x00,0x00,0x00,0x00,0x00,0x00,0x00,0x00,0x00,0x00,0x00,0x00,
    0x00,0x00,0x00,0x00,0x34,0x26,0x28,0xc8,0x3a,0x26,0x21,0xce,0x3d,0x2c,0x27,0xcc,0x3a,0x29,0x23,0xcb,0x3a,0x28,0x23,0xcb,0x3a,0x28,0x26,0xcb,0x39,0x28,0x24,0xcb,
    0x3b,0x2b,0x26,0xcb,0x3b,0x2b,0x26,0xcb,0x3a,0x28,0x23,0xcb,0x39,0x27,0x22,0xca,0x39,0x27,0x23,0xca,0x3a,0x2a,0x25,0xc9,0x39,0x27,0x24,0xc9,0x37,0x26,0x21,0xc9,
    0x38,0x27,0x22,0xca,0x3a,0x28,0x23,0xca,0x3a,0x2a,0x23,0xca,0x39,0x29,0x24,0xc9,0x39,0x29,0x24,0xc9,0x38,0x28,0x24,0xc8,0x38,0x26,0x24,0xc9,0x39,0x28,0x25,0xca,
    0x3b,0x27,0x25,0xca,0x3d,0x28,0x25,0xca,0x39,0x26,0x25,0xc9,0x3f,0x2a,0x26,0xc9,0x3e,0x2a,0x24,0xc9,0x3d,0x28,0x23,0xca,0x3d,0x28,0x25,0xca,0x3b,0x29,0x24,0xcc,
    0xa2,0x97,0x97,0x16,0x00,0x00,0x00,0x00,0x00,0x00,0x00,0x00,0x00,0x00,0x00,0x00,0x00,0x00,0x00,0x00,0x00,0x00,0x00,0x00,0x00,0x00,0x00,0x00,0x00,0x00,0x00,0x00,
    0x00,0x00,0x00,0x00,0x00,0x00,0x00,0x00,0x00,0x00,0x00,0x00,0x00,0x00,0x00,0x00,0x00,0x00,0x00,0x00,0x00,0x00,0x00,0x00,0x00,0x00,0x00,0x00,0x00,0x00,0x00,0x00,
    0x00,0x00,0x00,0x00,0x00,0x00,0x00,0x00,0x00,0x00,0x00,0x00,0x00,0x00,0x00,0x00,0x00,0x00,0x00,0x00,0x00,0x00,0x00,0x00,0x00,0x00,0x00,0x00,0x00,0x00,0x00,0x00,
    0x00,0x00,0x00,0x00,0x00,0x00,0x00,0x00,0x00,0x00,0x00,0x00,0x00,0x00,0x00,0x00,0x00,0x00,0x00,0x00,0x00,0x00,0x00,0x00,0x00,0x00,0x00,0x00,0x00,0x00,0x00,0x00,
    0x00,0x00,0x00,0x00,0x00,0x00,0x00,0x00,0x00,0x00,0x00,0x00,0x00,0x00,0x00,0x00,0x00,0x00,0x00,0x00,0x00,0x00,0x00,0x00,0x00,0x00,0x00,0x00,0x00,0x00,0x00,0x00,
    0x00,0x00,0x00,0x00,0x00,0x00,0x00,0x00,0x00,0x00,0x00,0x00,0x00,0x00,0x00,0x00,0x00,0x00,0x00,0x00,0x00,0x00,0x00,0x00,0x00,0x00,0x00,0x00,0x00,0x00,0x00,0x00
};

const lv_image_dsc_t bitblocks_sprite_128_snowman = {
    .header.magic = LV_IMAGE_HEADER_MAGIC,
    .header.cf = LV_COLOR_FORMAT_ARGB8888,
    .header.flags = 0,
    .header.w = 128,
    .header.h = 128,
    .header.stride = 512,
    .data_size = sizeof(bitblocks_sprite_128_snowman_data),
    .data = bitblocks_sprite_128_snowman_data,
};
