#include "sprites_128_manifest.h"

#ifndef LV_ATTRIBUTE_MEM_ALIGN
#define LV_ATTRIBUTE_MEM_ALIGN
#endif
#ifndef LV_ATTRIBUTE_LARGE_CONST
#define LV_ATTRIBUTE_LARGE_CONST
#endif

static const LV_ATTRIBUTE_MEM_ALIGN LV_ATTRIBUTE_LARGE_CONST uint8_t bitblocks_sprite_128_wizard_data[] = {
    0x00,0x00,0x00,0x00,0x00,0x00,0x00,0x00,0x00,0x00,0x00,0x00,0x00,0x00,0x00,0x00,0x00,0x00,0x00,0x00,0x00,0x00,0x00,0x00,0x00,0x00,0x00,0x00,0x00,0x00,0x00,0x00,
    0x00,0x00,0x00,0x00,0x00,0x00,0x00,0x00,0x00,0x00,0x00,0x00,0x00,0x00,0x00,0x00,0x00,0x00,0x00,0x00,0x00,0x00,0x00,0x00,0x00,0x00,0x00,0x00,0x00,0x00,0x00,0x00,
    0x00,0x00,0x00,0x00,0x00,0x00,0x00,0x00,0x00,0x00,0x00,0x00,0x00,0x00,0x00,0x00,0x00,0x00,0x00,0x00,0x00,0x00,0x00,0x00,0x00,0x00,0x00,0x00,0x00,0x00,0x00,0x00,
    0x00,0x00,0x00,0x00,0x00,0x00,0x00,0x00,0x00,0x00,0x00,0x00,0x00,0x00,0x00,0x00,0x00,0x00,0x00,0x00,0x00,0x00,0x00,0x00,0x00,0x00,0x00,0x00,0x00,0x00,0x00,0x00,
    0x00,0x00,0x00,0x00,0x00,0x00,0x00,0x00,0x00,0x00,0x00,0x00,0x00,0x00,0x00,0x00,0x00,0x00,0x00,0x00,0x00,0x00,0x00,0x00,0x00,0x00,0x00,0x00,0x00,0x00,0x00,0x00,
    0x00,0x00,0x00,0x00,0x00,0x00,0x00,0x00,0x00,0x00,0x00,0x00,0x00,0x00,0x00,0x00,0x00,0x00,0x00,0x00,0x00,0x00,0x00,0x00,0x00,0x00,0x00,0x00,0x00,0x00,0x00,0x00,
    0x00,0x00,0x00,0x00,0x00,0x00,0x00,0x00,0x00,0x00,0x00,0x00,0x00,0x00,0x00,0x00,0x00,0x00,0x00,0x00,0x00,0x00,0x00,0x00,0x00,0x00,0x00,0x00,0x00,0x00,0x00,0x00,
    0x00,0x00,0x00,0x00,0x00,0x00,0x00,0x00,0x00,0x00,0x00,0x00,0x00,0x00,0x00,0x00,0x00,0x00,0x00,0x00,0x00,0x00,0x00,0x00,0x00,0x00,0x00,0x00,0x00,0x00,0x00,0x00,
    0x00,0x00,0x00,0x00,0x00,0x00,0x00,0x00,0x00,0x00,0x00,0x00,0x00,0x00,0x00,0x00,0x3d,0x43,0x43,0x2e,0x30,0x2b,0x34,0x89,0x34,0x2f,0x38,0x8e,0x33,0x2e,0x37,0x8b,
    0x32,0x2d,0x34,0x89,0x33,0x2b,0x35,0x88,0x31,0x2a,0x31,0x8c,0x2f,0x2a,0x2f,0x8c,0x2e,0x2b,0x30,0x8a,0x2e,0x2b,0x30,0x8a,0x2e,0x2c,0x30,0x8a,0x29,0x30,0x2f,0x89,
    0x2d,0x2f,0x30,0x89,0x00,0x00,0x00,0x00,0x00,0x00,0x00,0x00,0x00,0x00,0x00,0x00,0x00,0x00,0x00,0x00,0x00,0x00,0x00,0x00,0x00,0x00,0x00,0x00,0x00,0x00,0x00,0x00,
    0x00,0x00,0x00,0x00,0x00,0x00,0x00,0x00,0x00,0x00,0x00,0x00,0x00,0x00,0x00,0x00,0x00,0x00,0x00,0x00,0x00,0x00,0x00,0x00,0x00,0x00,0x00,0x00,0x00,0x00,0x00,0x00,
    0x00,0x00,0x00,0x00,0x00,0x00,0x00,0x00,0x00,0x00,0x00,0x00,0x00,0x00,0x00,0x00,0x00,0x00,0x00,0x00,0x00,0x00,0x00,0x00,0x00,0x00,0x00,0x00,0x00,0x00,0x00,0x00,
    0x00,0x00,0x00,0x00,0x00,0x00,0x00,0x00,0x00,0x00,0x00,0x00,0x00,0x00,0x00,0x00,0x00,0x00,0x00,0x00,0x00,0x00,0x00,0x00,0x00,0x00,0x00,0x00,0x00,0x00,0x00,0x00,
    0x00,0x00,0x00,0x00,0x00,0x00,0x00,0x00,0x00,0x00,0x00,0x00,0x00,0x00,0x00,0x00,0x00,0x00,0x00,0x00,0x00,0x00,0x00,0x00,0x00,0x00,0x00,0x00,0x00,0x00,0x00,0x00,
    0x00,0x00,0x00,0x00,0x00,0x00,0x00,0x00,0x00,0x00,0x00,0x00,0x00,0x00,0x00,0x00,0x00,0x00,0x00,0x00,0x00,0x00,0x00,0x00,0x00,0x00,0x00,0x00,0x00,0x00,0x00,0x00,
    0x00,0x00,0x00,0x00,0x00,0x00,0x00,0x00,0x00,0x00,0x00,0x00,0x00,0x00,0x00,0x00,0x00,0x00,0x00,0x00,0x00,0x00,0x00,0x00,0x00,0x00,0x00,0x00,0x00,0x00,0x00,0x00,
    0x00,0x00,0x00,0x00,0x00,0x00,0x00,0x00,0x00,0x00,0x00,0x00,0x00,0x00,0x00,0x00,0x00,0x00,0x00,0x00,0x00,0x00,0x00,0x00,0x00,0x00,0x00,0x00,0x00,0x00,0x00,0x00,
    0x00,0x00,0x00,0x00,0x00,0x00,0x00,0x00,0x00,0x00,0x00,0x00,0x00,0x00,0x00,0x00,0x00,0x00,0x00,0x00,0x00,0x00,0x00,0x00,0x00,0x00,0x00,0x00,0x00,0x00,0x00,0x00,
    0x00,0x00,0x00,0x00,0x00,0x00,0x00,0x00,0x00,0x00,0x00,0x00,0x00,0x00,0x00,0x00,0x00,0x00,0x00,0x00,0x00,0x00,0x00,0x00,0x00,0x00,0x00,0x00,0x00,0x00,0x00,0x00,
    0x00,0x00,0x00,0x00,0x00,0x00,0x00,0x00,0x00,0x00,0x00,0x00,0x00,0x00,0x00,0x00,0x00,0x00,0x00,0x00,0x00,0x00,0x00,0x00,0x00,0x00,0x00,0x00,0x00,0x00,0x00,0x00,
    0x00,0x00,0x00,0x00,0x00,0x00,0x00,0x00,0x00,0x00,0x00,0x00,0x00,0x00,0x00,0x00,0x00,0x00,0x00,0x00,0x00,0x00,0x00,0x00,0x00,0x00,0x00,0x00,0x00,0x00,0x00,0x00,
    0x00,0x00,0x00,0x00,0x00,0x00,0x00,0x00,0x00,0x00,0x00,0x00,0x00,0x00,0x00,0x00,0x00,0x00,0x00,0x00,0x00,0x00,0x00,0x00,0x00,0x00,0x00,0x00,0x00,0x00,0x00,0x00,
    0x00,0x00,0x00,0x00,0x00,0x00,0x00,0x00,0x00,0x00,0x00,0x00,0x00,0x00,0x00,0x00,0x00,0x00,0x00,0x00,0x00,0x00,0x00,0x00,0x00,0x00,0x00,0x00,0x00,0x00,0x00,0x00,
    0x00,0x00,0x00,0x00,0x00,0x00,0x00,0x00,0x00,0x00,0x00,0x00,0x00,0x00,0x00,0x00,0x1b,0x15,0x1b,0x54,0x0f,0x10,0x14,0xff,0x0d,0x08,0x10,0xff,0x10,0x06,0x13,0xff,
    0x10,0x05,0x14,0xff,0x11,0x05,0x11,0xff,0x10,0x04,0x15,0xff,0x11,0x06,0x13,0xff,0x0f,0x05,0x0f,0xff,0x0e,0x06,0x10,0xff,0x0f,0x05,0x12,0xff,0x16,0x03,0x19,0xff,
    0x12,0x03,0x13,0xfb,0x00,0x00,0x00,0x00,0x00,0x00,0x00,0x00,0x00,0x00,0x00,0x00,0x00,0x00,0x00,0x00,0x00,0x00,0x00,0x00,0x00,0x00,0x00,0x00,0x00,0x00,0x00,0x00,
    0x00,0x00,0x00,0x00,0x00,0x00,0x00,0x00,0x00,0x00,0x00,0x00,0x00,0x00,0x00,0x00,0x00,0x00,0x00,0x00,0x00,0x00,0x00,0x00,0x00,0x00,0x00,0x00,0x00,0x00,0x00,0x00,
    0x00,0x00,0x00,0x00,0x00,0x00,0x00,0x00,0x00,0x00,0x00,0x00,0x00,0x00,0x00,0x00,0x00,0x00,0x00,0x00,0x00,0x00,0x00,0x00,0x00,0x00,0x00,0x00,0x00,0x00,0x00,0x00,
    0x00,0x00,0x00,0x00,0x00,0x00,0x00,0x00,0x00,0x00,0x00,0x00,0x00,0x00,0x00,0x00,0x00,0x00,0x00,0x00,0x00,0x00,0x00,0x00,0x00,0x00,0x00,0x00,0x00,0x00,0x00,0x00,
    0x00,0x00,0x00,0x00,0x00,0x00,0x00,0x00,0x00,0x00,0x00,0x00,0x00,0x00,0x00,0x00,0x00,0x00,0x00,0x00,0x00,0x00,0x00,0x00,0x00,0x00,0x00,0x00,0x00,0x00,0x00,0x00,
    0x00,0x00,0x00,0x00,0x00,0x00,0x00,0x00,0x00,0x00,0x00,0x00,0x00,0x00,0x00,0x00,0x00,0x00,0x00,0x00,0x00,0x00,0x00,0x00,0x00,0x00,0x00,0x00,0x00,0x00,0x00,0x00,
    0x00,0x00,0x00,0x00,0x00,0x00,0x00,0x00,0x00,0x00,0x00,0x00,0x00,0x00,0x00,0x00,0x00,0x00,0x00,0x00,0x00,0x00,0x00,0x00,0x00,0x00,0x00,0x00,0x00,0x00,0x00,0x00,
    0x00,0x00,0x00,0x00,0x00,0x00,0x00,0x00,0x00,0x00,0x00,0x00,0x00,0x00,0x00,0x00,0x00,0x00,0x00,0x00,0x00,0x00,0x00,0x00,0x00,0x00,0x00,0x00,0x00,0x00,0x00,0x00,
    0x00,0x00,0x00,0x00,0x00,0x00,0x00,0x00,0x00,0x00,0x00,0x00,0x00,0x00,0x00,0x00,0x00,0x00,0x00,0x00,0x00,0x00,0x00,0x00,0x00,0x00,0x00,0x00,0x00,0x00,0x00,0x00,
    0x00,0x00,0x00,0x00,0x00,0x00,0x00,0x00,0x00,0x00,0x00,0x00,0x00,0x00,0x00,0x00,0x00,0x00,0x00,0x00,0x00,0x00,0x00,0x00,0x00,0x00,0x00,0x00,0x00,0x00,0x00,0x00,
    0x00,0x00,0x00,0x00,0x00,0x00,0x00,0x00,0x00,0x00,0x00,0x00,0x00,0x00,0x00,0x00,0x00,0x00,0x00,0x00,0x00,0x00,0x00,0x00,0x00,0x00,0x00,0x00,0x00,0x00,0x00,0x00,
    0x00,0x00,0x00,0x00,0x00,0x00,0x00,0x00,0x00,0x00,0x00,0x00,0x00,0x00,0x00,0x00,0x00,0x00,0x00,0x00,0x00,0x00,0x00,0x00,0x00,0x00,0x00,0x00,0x00,0x00,0x00,0x00,
    0x00,0x00,0x00,0x00,0x00,0x00,0x00,0x00,0x00,0x00,0x00,0x00,0x00,0x00,0x00,0x00,0x00,0x00,0x00,0x00,0x00,0x00,0x00,0x00,0x00,0x00,0x00,0x00,0x00,0x00,0x00,0x00,
    0x00,0x00,0x00,0x00,0x00,0x00,0x00,0x00,0x00,0x00,0x00,0x00,0x00,0x00,0x00,0x00,0x00,0x00,0x00,0x00,0x00,0x00,0x00,0x00,0x00,0x00,0x00,0x00,0x00,0x00,0x00,0x00,
    0x00,0x00,0x00,0x00,0x00,0x00,0x00,0x00,0x00,0x00,0x00,0x00,0x00,0x00,0x00,0x00,0x48,0x38,0x4b,0x52,0x35,0x13,0x35,0xff,0x3b,0x12,0x3e,0xff,0x63,0x2f,0x67,0xff,
    0x66,0x2f,0x6a,0xff,0x65,0x30,0x68,0xff,0x64,0x30,0x65,0xff,0x5b,0x29,0x57,0xff,0x4a,0x1c,0x46,0xff,0x4b,0x1d,0x46,0xff,0x49,0x1c,0x47,0xff,0x49,0x1a,0x46,0xff,
    0x3f,0x20,0x3e,0xfc,0x00,0x00,0x00,0x00,0x00,0x00,0x00,0x00,0x00,0x00,0x00,0x00,0x00,0x00,0x00,0x00,0x00,0x00,0x00,0x00,0x00,0x00,0x00,0x00,0x00,0x00,0x00,0x00,
    0x00,0x00,0x00,0x00,0x00,0x00,0x00,0x00,0x00,0x00,0x00,0x00,0x00,0x00,0x00,0x00,0x00,0x00,0x00,0x00,0x00,0x00,0x00,0x00,0x00,0x00,0x00,0x00,0x00,0x00,0x00,0x00,
    0x00,0x00,0x00,0x00,0x00,0x00,0x00,0x00,0x00,0x00,0x00,0x00,0x00,0x00,0x00,0x00,0x00,0x00,0x00,0x00,0x00,0x00,0x00,0x00,0x00,0x00,0x00,0x00,0x00,0x00,0x00,0x00,
    0x00,0x00,0x00,0x00,0x00,0x00,0x00,0x00,0x00,0x00,0x00,0x00,0x00,0x00,0x00,0x00,0x00,0x00,0x00,0x00,0x00,0x00,0x00,0x00,0x00,0x00,0x00,0x00,0x00,0x00,0x00,0x00,
    0x00,0x00,0x00,0x00,0x00,0x00,0x00,0x00,0x00,0x00,0x00,0x00,0x00,0x00,0x00,0x00,0x00,0x00,0x00,0x00,0x00,0x00,0x00,0x00,0x00,0x00,0x00,0x00,0x00,0x00,0x00,0x00,
    0x00,0x00,0x00,0x00,0x00,0x00,0x00,0x00,0x00,0x00,0x00,0x00,0x00,0x00,0x00,0x00,0x00,0x00,0x00,0x00,0x00,0x00,0x00,0x00,0x00,0x00,0x00,0x00,0x00,0x00,0x00,0x00,
    0x00,0x00,0x00,0x00,0x00,0x00,0x00,0x00,0x00,0x00,0x00,0x00,0x00,0x00,0x00,0x00,0x00,0x00,0x00,0x00,0x00,0x00,0x00,0x00,0x00,0x00,0x00,0x00,0x00,0x00,0x00,0x00,
    0x00,0x00,0x00,0x00,0x00,0x00,0x00,0x00,0x00,0x00,0x00,0x00,0x00,0x00,0x00,0x00,0x00,0x00,0x00,0x00,0x00,0x00,0x00,0x00,0x00,0x00,0x00,0x00,0x00,0x00,0x00,0x00,
    0x00,0x00,0x00,0x00,0x00,0x00,0x00,0x00,0x00,0x00,0x00,0x00,0x00,0x00,0x00,0x00,0x00,0x00,0x00,0x00,0x00,0x00,0x00,0x00,0x00,0x00,0x00,0x00,0x00,0x00,0x00,0x00,
    0x00,0x00,0x00,0x00,0x00,0x00,0x00,0x00,0x00,0x00,0x00,0x00,0x00,0x00,0x00,0x00,0x00,0x00,0x00,0x00,0x00,0x00,0x00,0x00,0x00,0x00,0x00,0x00,0x00,0x00,0x00,0x00,
    0x00,0x00,0x00,0x00,0x00,0x00,0x00,0x00,0x00,0x00,0x00,0x00,0x00,0x00,0x00,0x00,0x00,0x00,0x00,0x00,0x00,0x00,0x00,0x00,0x00,0x00,0x00,0x00,0x00,0x00,0x00,0x00,
    0x00,0x00,0x00,0x00,0x00,0x00,0x00,0x00,0x00,0x00,0x00,0x00,0x00,0x00,0x00,0x00,0x00,0x00,0x00,0x00,0x00,0x00,0x00,0x00,0x00,0x00,0x00,0x00,0x00,0x00,0x00,0x00,
    0x00,0x00,0x00,0x00,0x00,0x00,0x00,0x00,0x00,0x00,0x00,0x00,0x00,0x00,0x00,0x00,0x00,0x00,0x00,0x00,0x00,0x00,0x00,0x00,0x00,0x00,0x00,0x00,0x00,0x00,0x00,0x00,
    0x00,0x00,0x00,0x00,0x00,0x00,0x00,0x00,0x00,0x00,0x00,0x00,0x00,0x00,0x00,0x00,0x00,0x00,0x00,0x00,0x00,0x00,0x00,0x00,0x00,0x00,0x00,0x00,0x78,0x78,0x78,0x11,
    0x1d,0x1b,0x1d,0xc3,0x16,0x15,0x1a,0xcc,0x14,0x16,0x19,0xe0,0x1e,0x1a,0x1f,0xdb,0x2a,0x12,0x27,0xf5,0x34,0x10,0x2d,0xff,0x41,0x13,0x3d,0xff,0x6b,0x30,0x6a,0xff,
    0x6e,0x2e,0x6d,0xff,0x68,0x2a,0x67,0xff,0x66,0x27,0x65,0xff,0x61,0x27,0x5b,0xff,0x52,0x1c,0x4b,0xff,0x51,0x1c,0x4b,0xff,0x4e,0x1d,0x4a,0xff,0x3c,0x10,0x35,0xff,
    0x38,0x18,0x34,0xff,0x1e,0x13,0x1e,0xe7,0x1c,0x19,0x1d,0xda,0x19,0x18,0x1b,0xcd,0x24,0x23,0x27,0xb6,0x29,0x27,0x2c,0x7b,0x00,0x00,0x00,0x00,0x00,0x00,0x00,0x00,
    0x00,0x00,0x00,0x00,0x00,0x00,0x00,0x00,0x00,0x00,0x00,0x00,0x00,0x00,0x00,0x00,0x00,0x00,0x00,0x00,0x00,0x00,0x00,0x00,0x00,0x00,0x00,0x00,0x00,0x00,0x00,0x00,
    0x00,0x00,0x00,0x00,0x00,0x00,0x00,0x00,0x00,0x00,0x00,0x00,0x00,0x00,0x00,0x00,0x00,0x00,0x00,0x00,0x00,0x00,0x00,0x00,0x00,0x00,0x00,0x00,0x00,0x00,0x00,0x00,
    0x00,0x00,0x00,0x00,0x00,0x00,0x00,0x00,0x00,0x00,0x00,0x00,0x00,0x00,0x00,0x00,0x00,0x00,0x00,0x00,0x00,0x00,0x00,0x00,0x00,0x00,0x00,0x00,0x00,0x00,0x00,0x00,
    0x00,0x00,0x00,0x00,0x00,0x00,0x00,0x00,0x00,0x00,0x00,0x00,0x00,0x00,0x00,0x00,0x00,0x00,0x00,0x00,0x00,0x00,0x00,0x00,0x00,0x00,0x00,0x00,0x00,0x00,0x00,0x00,
    0x00,0x00,0x00,0x00,0x00,0x00,0x00,0x00,0x00,0x00,0x00,0x00,0x00,0x00,0x00,0x00,0x00,0x00,0x00,0x00,0x00,0x00,0x00,0x00,0x00,0x00,0x00,0x00,0x00,0x00,0x00,0x00,
    0x00,0x00,0x00,0x00,0x00,0x00,0x00,0x00,0x00,0x00,0x00,0x00,0x00,0x00,0x00,0x00,0x00,0x00,0x00,0x00,0x00,0x00,0x00,0x00,0x00,0x00,0x00,0x00,0x00,0x00,0x00,0x00,
    0x00,0x00,0x00,0x00,0x00,0x00,0x00,0x00,0x00,0x00,0x00,0x00,0x00,0x00,0x00,0x00,0x00,0x00,0x00,0x00,0x00,0x00,0x00,0x00,0x00,0x00,0x00,0x00,0x00,0x00,0x00,0x00,
    0x00,0x00,0x00,0x00,0x00,0x00,0x00,0x00,0x00,0x00,0x00,0x00,0x00,0x00,0x00,0x00,0x00,0x00,0x00,0x00,0x00,0x00,0x00,0x00,0x00,0x00,0x00,0x00,0x00,0x00,0x00,0x00,
    0x00,0x00,0x00,0x00,0x00,0x00,0x00,0x00,0x00,0x00,0x00,0x00,0x00,0x00,0x00,0x00,0x00,0x00,0x00,0x00,0x00,0x00,0x00,0x00,0x00,0x00,0x00,0x00,0x00,0x00,0x00,0x00,
    0x00,0x00,0x00,0x00,0x00,0x00,0x00,0x00,0x00,0x00,0x00,0x00,0x00,0x00,0x00,0x00,0x00,0x00,0x00,0x00,0x00,0x00,0x00,0x00,0x00,0x00,0x00,0x00,0x00,0x00,0x00,0x00,
    0x00,0x00,0x00,0x00,0x00,0x00,0x00,0x00,0x00,0x00,0x00,0x00,0x00,0x00,0x00,0x00,0x00,0x00,0x00,0x00,0x00,0x00,0x00,0x00,0x00,0x00,0x00,0x00,0x00,0x00,0x00,0x00,
    0x00,0x00,0x00,0x00,0x00,0x00,0x00,0x00,0x00,0x00,0x00,0x00,0x00,0x00,0x00,0x00,0x00,0x00,0x00,0x00,0x00,0x00,0x00,0x00,0x00,0x00,0x00,0x00,0x00,0x00,0x00,0x00,
    0x00,0x00,0x00,0x00,0x00,0x00,0x00,0x00,0x00,0x00,0x00,0x00,0x00,0x00,0x00,0x00,0x00,0x00,0x00,0x00,0x00,0x00,0x00,0x00,0x00,0x00,0x00,0x00,0x72,0x72,0x72,0x1d,
    0x0e,0x0e,0x11,0xff,0x2a,0x13,0x2b,0xff,0x5e,0x2f,0x5e,0xff,0x5d,0x37,0x5f,0xff,0x60,0x32,0x60,0xff,0x6a,0x31,0x68,0xff,0x6b,0x31,0x6a,0xff,0x67,0x2d,0x67,0xff,
    0x66,0x2c,0x66,0xff,0x63,0x29,0x63,0xff,0x65,0x29,0x65,0xff,0x64,0x2b,0x61,0xff,0x52,0x1b,0x4c,0xff,0x4f,0x1b,0x49,0xff,0x4d,0x1c,0x46,0xff,0x47,0x1a,0x42,0xff,
    0x48,0x1e,0x43,0xff,0x46,0x1e,0x42,0xff,0x45,0x1f,0x41,0xff,0x3d,0x21,0x3e,0xff,0x10,0x06,0x13,0xff,0x14,0x16,0x16,0xce,0x00,0x00,0x00,0x00,0x00,0x00,0x00,0x00,
    0x00,0x00,0x00,0x00,0x00,0x00,0x00,0x00,0x00,0x00,0x00,0x00,0x00,0x00,0x00,0x00,0x00,0x00,0x00,0x00,0x00,0x00,0x00,0x00,0x00,0x00,0x00,0x00,0x00,0x00,0x00,0x00,
    0x00,0x00,0x00,0x00,0x00,0x00,0x00,0x00,0x00,0x00,0x00,0x00,0x00,0x00,0x00,0x00,0x00,0x00,0x00,0x00,0x00,0x00,0x00,0x00,0x00,0x00,0x00,0x00,0x00,0x00,0x00,0x00,
    0x00,0x00,0x00,0x00,0x00,0x00,0x00,0x00,0x00,0x00,0x00,0x00,0x00,0x00,0x00,0x00,0x00,0x00,0x00,0x00,0x00,0x00,0x00,0x00,0x00,0x00,0x00,0x00,0x00,0x00,0x00,0x00,
    0x00,0x00,0x00,0x00,0x00,0x00,0x00,0x00,0x00,0x00,0x00,0x00,0x00,0x00,0x00,0x00,0x00,0x00,0x00,0x00,0x00,0x00,0x00,0x00,0x00,0x00,0x00,0x00,0x00,0x00,0x00,0x00,
    0x00,0x00,0x00,0x00,0x00,0x00,0x00,0x00,0x00,0x00,0x00,0x00,0x00,0x00,0x00,0x00,0x00,0x00,0x00,0x00,0x00,0x00,0x00,0x00,0x00,0x00,0x00,0x00,0x00,0x00,0x00,0x00,
    0x00,0x00,0x00,0x00,0x00,0x00,0x00,0x00,0x00,0x00,0x00,0x00,0x00,0x00,0x00,0x00,0x00,0x00,0x00,0x00,0x00,0x00,0x00,0x00,0x00,0x00,0x00,0x00,0x00,0x00,0x00,0x00,
    0x00,0x00,0x00,0x00,0x00,0x00,0x00,0x00,0x00,0x00,0x00,0x00,0x00,0x00,0x00,0x00,0x00,0x00,0x00,0x00,0x00,0x00,0x00,0x00,0x00,0x00,0x00,0x00,0x00,0x00,0x00,0x00,
    0x00,0x00,0x00,0x00,0x00,0x00,0x00,0x00,0x00,0x00,0x00,0x00,0x00,0x00,0x00,0x00,0x00,0x00,0x00,0x00,0x00,0x00,0x00,0x00,0x00,0x00,0x00,0x00,0x00,0x00,0x00,0x00,
    0x00,0x00,0x00,0x00,0x00,0x00,0x00,0x00,0x00,0x00,0x00,0x00,0x00,0x00,0x00,0x00,0x00,0x00,0x00,0x00,0x00,0x00,0x00,0x00,0x00,0x00,0x00,0x00,0x00,0x00,0x00,0x00,
    0x00,0x00,0x00,0x00,0x00,0x00,0x00,0x00,0x00,0x00,0x00,0x00,0x00,0x00,0x00,0x00,0x00,0x00,0x00,0x00,0x00,0x00,0x00,0x00,0x00,0x00,0x00,0x00,0x00,0x00,0x00,0x00,
    0x00,0x00,0x00,0x00,0x00,0x00,0x00,0x00,0x00,0x00,0x00,0x00,0x00,0x00,0x00,0x00,0x00,0x00,0x00,0x00,0x00,0x00,0x00,0x00,0x00,0x00,0x00,0x00,0x00,0x00,0x00,0x00,
    0x00,0x00,0x00,0x00,0x00,0x00,0x00,0x00,0x00,0x00,0x00,0x00,0x00,0x00,0x00,0x00,0x00,0x00,0x00,0x00,0x00,0x00,0x00,0x00,0x00,0x00,0x00,0x00,0x00,0x00,0x00,0x00,
    0x00,0x00,0x00,0x00,0x00,0x00,0x00,0x00,0x00,0x00,0x00,0x00,0x00,0x00,0x00,0x00,0x00,0x00,0x00,0x00,0x00,0x00,0x00,0x00,0x00,0x00,0x00,0x00,0x21,0x15,0x20,0xe5,
    0x17,0x03,0x16,0xff,0x3a,0x12,0x37,0xff,0x6b,0x2e,0x6b,0xff,0x68,0x2f,0x6b,0xff,0x6a,0x2c,0x6e,0xff,0x69,0x2e,0x6b,0xff,0x69,0x2e,0x6c,0xff,0x67,0x2b,0x6b,0xff,
    0x66,0x2b,0x67,0xff,0x63,0x29,0x64,0xff,0x64,0x29,0x64,0xff,0x61,0x27,0x5d,0xff,0x4e,0x1a,0x4a,0xff,0x50,0x1c,0x4b,0xff,0x4e,0x1b,0x4b,0xff,0x50,0x19,0x4a,0xff,
    0x4f,0x1a,0x49,0xff,0x4f,0x1b,0x4a,0xff,0x50,0x1b,0x4a,0xff,0x48,0x1e,0x44,0xff,0x1a,0x01,0x19,0xff,0x16,0x08,0x15,0xfe,0x00,0x00,0x00,0x00,0x00,0x00,0x00,0x00,
    0x00,0x00,0x00,0x00,0x00,0x00,0x00,0x00,0x00,0x00,0x00,0x00,0x00,0x00,0x00,0x00,0x00,0x00,0x00,0x00,0x00,0x00,0x00,0x00,0x00,0x00,0x00,0x00,0x00,0x00,0x00,0x00,
    0x00,0x00,0x00,0x00,0x00,0x00,0x00,0x00,0x00,0x00,0x00,0x00,0x00,0x00,0x00,0x00,0x00,0x00,0x00,0x00,0x00,0x00,0x00,0x00,0x00,0x00,0x00,0x00,0x00,0x00,0x00,0x00,
    0x00,0x00,0x00,0x00,0x00,0x00,0x00,0x00,0x00,0x00,0x00,0x00,0x00,0x00,0x00,0x00,0x00,0x00,0x00,0x00,0x00,0x00,0x00,0x00,0x00,0x00,0x00,0x00,0x00,0x00,0x00,0x00,
    0x00,0x00,0x00,0x00,0x00,0x00,0x00,0x00,0x00,0x00,0x00,0x00,0x00,0x00,0x00,0x00,0x00,0x00,0x00,0x00,0x00,0x00,0x00,0x00,0x00,0x00,0x00,0x00,0x00,0x00,0x00,0x00,
    0x00,0x00,0x00,0x00,0x00,0x00,0x00,0x00,0x00,0x00,0x00,0x00,0x00,0x00,0x00,0x00,0x00,0x00,0x00,0x00,0x00,0x00,0x00,0x00,0x00,0x00,0x00,0x00,0x00,0x00,0x00,0x00,
    0x00,0x00,0x00,0x00,0x00,0x00,0x00,0x00,0x00,0x00,0x00,0x00,0x00,0x00,0x00,0x00,0x00,0x00,0x00,0x00,0x00,0x00,0x00,0x00,0x00,0x00,0x00,0x00,0x00,0x00,0x00,0x00,
    0x00,0x00,0x00,0x00,0x00,0x00,0x00,0x00,0x00,0x00,0x00,0x00,0x00,0x00,0x00,0x00,0x00,0x00,0x00,0x00,0x00,0x00,0x00,0x00,0x00,0x00,0x00,0x00,0x00,0x00,0x00,0x00,
    0x00,0x00,0x00,0x00,0x00,0x00,0x00,0x00,0x00,0x00,0x00,0x00,0x00,0x00,0x00,0x00,0x00,0x00,0x00,0x00,0x00,0x00,0x00,0x00,0x00,0x00,0x00,0x00,0x00,0x00,0x00,0x00,
    0x00,0x00,0x00,0x00,0x00,0x00,0x00,0x00,0x00,0x00,0x00,0x00,0x00,0x00,0x00,0x00,0x00,0x00,0x00,0x00,0x00,0x00,0x00,0x00,0x00,0x00,0x00,0x00,0x00,0x00,0x00,0x00,
    0x00,0x00,0x00,0x00,0x00,0x00,0x00,0x00,0x00,0x00,0x00,0x00,0x00,0x00,0x00,0x00,0x00,0x00,0x00,0x00,0x00,0x00,0x00,0x00,0x00,0x00,0x00,0x00,0x00,0x00,0x00,0x00,
    0x00,0x00,0x00,0x00,0x00,0x00,0x00,0x00,0x00,0x00,0x00,0x00,0x00,0x00,0x00,0x00,0x00,0x00,0x00,0x00,0x00,0x00,0x00,0x00,0x00,0x00,0x00,0x00,0x00,0x00,0x00,0x00,
    0x00,0x00,0x00,0x00,0x00,0x00,0x00,0x00,0x00,0x00,0x00,0x00,0x00,0x00,0x00,0x00,0x00,0x00,0x00,0x00,0x00,0x00,0x00,0x00,0x00,0x00,0x00,0x00,0x00,0x00,0x00,0x00,
    0x00,0x00,0x00,0x00,0x00,0x00,0x00,0x00,0x00,0x00,0x00,0x00,0x00,0x00,0x00,0x00,0x00,0x00,0x00,0x00,0xcb,0xd0,0xd0,0x31,0x09,0x0a,0x0b,0xff,0x24,0x05,0x23,0xff,
    0x54,0x28,0x56,0xff,0x62,0x2d,0x64,0xff,0x6e,0x2c,0x71,0xff,0x6b,0x2d,0x6d,0xff,0x6b,0x2d,0x6b,0xff,0x69,0x2f,0x68,0xff,0x68,0x2d,0x67,0xff,0x68,0x2d,0x67,0xff,
    0x66,0x2d,0x64,0xff,0x5e,0x25,0x59,0xff,0x5d,0x26,0x57,0xff,0x5b,0x27,0x53,0xff,0x4d,0x1b,0x44,0xff,0x4a,0x1c,0x43,0xff,0x47,0x1b,0x43,0xff,0x47,0x20,0x45,0xff,
    0x45,0x1e,0x41,0xff,0x48,0x21,0x44,0xff,0x49,0x21,0x43,0xff,0x47,0x1c,0x43,0xff,0x4a,0x1e,0x46,0xff,0x3b,0x1a,0x39,0xff,0x0d,0x04,0x0e,0xff,0x0e,0x0a,0x10,0xff,
    0x14,0x11,0x14,0x67,0x00,0x00,0x00,0x00,0x00,0x00,0x00,0x00,0x00,0x00,0x00,0x00,0x00,0x00,0x00,0x00,0x00,0x00,0x00,0x00,0x00,0x00,0x00,0x00,0x00,0x00,0x00,0x00,
    0x00,0x00,0x00,0x00,0x00,0x00,0x00,0x00,0x00,0x00,0x00,0x00,0x00,0x00,0x00,0x00,0x00,0x00,0x00,0x00,0x00,0x00,0x00,0x00,0x00,0x00,0x00,0x00,0x00,0x00,0x00,0x00,
    0x00,0x00,0x00,0x00,0x00,0x00,0x00,0x00,0x00,0x00,0x00,0x00,0x00,0x00,0x00,0x00,0x00,0x00,0x00,0x00,0x00,0x00,0x00,0x00,0x00,0x00,0x00,0x00,0x00,0x00,0x00,0x00,
    0x00,0x00,0x00,0x00,0x00,0x00,0x00,0x00,0x00,0x00,0x00,0x00,0x00,0x00,0x00,0x00,0x00,0x00,0x00,0x00,0x00,0x00,0x00,0x00,0x00,0x00,0x00,0x00,0x00,0x00,0x00,0x00,
    0x00,0x00,0x00,0x00,0x00,0x00,0x00,0x00,0x00,0x00,0x00,0x00,0x00,0x00,0x00,0x00,0x00,0x00,0x00,0x00,0x00,0x00,0x00,0x00,0x00,0x00,0x00,0x00,0x00,0x00,0x00,0x00,
    0x00,0x00,0x00,0x00,0x00,0x00,0x00,0x00,0x00,0x00,0x00,0x00,0x00,0x00,0x00,0x00,0x00,0x00,0x00,0x00,0x00,0x00,0x00,0x00,0x00,0x00,0x00,0x00,0x00,0x00,0x00,0x00,
    0x00,0x00,0x00,0x00,0x00,0x00,0x00,0x00,0x00,0x00,0x00,0x00,0x00,0x00,0x00,0x00,0x00,0x00,0x00,0x00,0x00,0x00,0x00,0x00,0x00,0x00,0x00,0x00,0x00,0x00,0x00,0x00,
    0x00,0x00,0x00,0x00,0x00,0x00,0x00,0x00,0x00,0x00,0x00,0x00,0x00,0x00,0x00,0x00,0x00,0x00,0x00,0x00,0x00,0x00,0x00,0x00,0x00,0x00,0x00,0x00,0x00,0x00,0x00,0x00,
    0x00,0x00,0x00,0x00,0x00,0x00,0x00,0x00,0x00,0x00,0x00,0x00,0x00,0x00,0x00,0x00,0x00,0x00,0x00,0x00,0x00,0x00,0x00,0x00,0x00,0x00,0x00,0x00,0x00,0x00,0x00,0x00,
    0x00,0x00,0x00,0x00,0x00,0x00,0x00,0x00,0x00,0x00,0x00,0x00,0x00,0x00,0x00,0x00,0x00,0x00,0x00,0x00,0x00,0x00,0x00,0x00,0x00,0x00,0x00,0x00,0x00,0x00,0x00,0x00,
    0x00,0x00,0x00,0x00,0x00,0x00,0x00,0x00,0x00,0x00,0x00,0x00,0x00,0x00,0x00,0x00,0x00,0x00,0x00,0x00,0x00,0x00,0x00,0x00,0x00,0x00,0x00,0x00,0x00,0x00,0x00,0x00,
    0x00,0x00,0x00,0x00,0x00,0x00,0x00,0x00,0x00,0x00,0x00,0x00,0x00,0x00,0x00,0x00,0x00,0x00,0x00,0x00,0x00,0x00,0x00,0x00,0x00,0x00,0x00,0x00,0x00,0x00,0x00,0x00,
    0x00,0x00,0x00,0x00,0x00,0x00,0x00,0x00,0x00,0x00,0x00,0x00,0x00,0x00,0x00,0x00,0x23,0x22,0x25,0xc3,0x11,0x0b,0x16,0xff,0x21,0x0e,0x23,0xff,0x6b,0x38,0x6c,0xff,
    0x69,0x2c,0x6d,0xff,0x68,0x2e,0x6d,0xff,0x6b,0x30,0x6e,0xff,0x6a,0x2f,0x6a,0xff,0x57,0x23,0x54,0xff,0x50,0x1c,0x49,0xff,0x52,0x1d,0x4d,0xff,0x53,0x1d,0x4e,0xff,
    0x54,0x1f,0x4f,0xff,0x4b,0x17,0x46,0xff,0x4b,0x19,0x45,0xff,0x46,0x1a,0x3f,0xff,0x3d,0x14,0x34,0xff,0x2c,0x09,0x24,0xff,0x2b,0x11,0x27,0xff,0x11,0x05,0x0f,0xff,
    0x10,0x06,0x11,0xff,0x0e,0x06,0x0e,0xff,0x0f,0x07,0x0f,0xff,0x2d,0x0d,0x28,0xff,0x4e,0x19,0x47,0xff,0x4b,0x1b,0x46,0xff,0x10,0x05,0x12,0xff,0x0d,0x08,0x0f,0xff,
    0x12,0x0e,0x10,0x6f,0x00,0x00,0x00,0x00,0x00,0x00,0x00,0x00,0x00,0x00,0x00,0x00,0x00,0x00,0x00,0x00,0x00,0x00,0x00,0x00,0x00,0x00,0x00,0x00,0x00,0x00,0x00,0x00,
    0x00,0x00,0x00,0x00,0x00,0x00,0x00,0x00,0x00,0x00,0x00,0x00,0x00,0x00,0x00,0x00,0x00,0x00,0x00,0x00,0x00,0x00,0x00,0x00,0x00,0x00,0x00,0x00,0x00,0x00,0x00,0x00,
    0x00,0x00,0x00,0x00,0x00,0x00,0x00,0x00,0x00,0x00,0x00,0x00,0x00,0x00,0x00,0x00,0x00,0x00,0x00,0x00,0x00,0x00,0x00,0x00,0x00,0x00,0x00,0x00,0x00,0x00,0x00,0x00,
    0x00,0x00,0x00,0x00,0x00,0x00,0x00,0x00,0x00,0x00,0x00,0x00,0x00,0x00,0x00,0x00,0x00,0x00,0x00,0x00,0x00,0x00,0x00,0x00,0x00,0x00,0x00,0x00,0x00,0x00,0x00,0x00,
    0x00,0x00,0x00,0x00,0x00,0x00,0x00,0x00,0x00,0x00,0x00,0x00,0x00,0x00,0x00,0x00,0x00,0x00,0x00,0x00,0x00,0x00,0x00,0x00,0x00,0x00,0x00,0x00,0x00,0x00,0x00,0x00,
    0x00,0x00,0x00,0x00,0x00,0x00,0x00,0x00,0x00,0x00,0x00,0x00,0x00,0x00,0x00,0x00,0x00,0x00,0x00,0x00,0x00,0x00,0x00,0x00,0x00,0x00,0x00,0x00,0x00,0x00,0x00,0x00,
    0x00,0x00,0x00,0x00,0x00,0x00,0x00,0x00,0x00,0x00,0x00,0x00,0x00,0x00,0x00,0x00,0x00,0x00,0x00,0x00,0x00,0x00,0x00,0x00,0x00,0x00,0x00,0x00,0x00,0x00,0x00,0x00,
    0x00,0x00,0x00,0x00,0x00,0x00,0x00,0x00,0x00,0x00,0x00,0x00,0x00,0x00,0x00,0x00,0x00,0x00,0x00,0x00,0x00,0x00,0x00,0x00,0x00,0x00,0x00,0x00,0x00,0x00,0x00,0x00,
    0x00,0x00,0x00,0x00,0x00,0x00,0x00,0x00,0x00,0x00,0x00,0x00,0x00,0x00,0x00,0x00,0x00,0x00,0x00,0x00,0x00,0x00,0x00,0x00,0x00,0x00,0x00,0x00,0x00,0x00,0x00,0x00,
    0x00,0x00,0x00,0x00,0x00,0x00,0x00,0x00,0x00,0x00,0x00,0x00,0x00,0x00,0x00,0x00,0x00,0x00,0x00,0x00,0x00,0x00,0x00,0x00,0x00,0x00,0x00,0x00,0x00,0x00,0x00,0x00,
    0x00,0x00,0x00,0x00,0x00,0x00,0x00,0x00,0x00,0x00,0x00,0x00,0x00,0x00,0x00,0x00,0x00,0x00,0x00,0x00,0x00,0x00,0x00,0x00,0x00,0x00,0x00,0x00,0x00,0x00,0x00,0x00,
    0x00,0x00,0x00,0x00,0x00,0x00,0x00,0x00,0x00,0x00,0x00,0x00,0x00,0x00,0x00,0x00,0x00,0x00,0x00,0x00,0x00,0x00,0x00,0x00,0x00,0x00,0x00,0x00,0x00,0x00,0x00,0x00,
    0x00,0x00,0x00,0x00,0x00,0x00,0x00,0x00,0x00,0x00,0x00,0x00,0x00,0x00,0x00,0x00,0x0b,0x07,0x0c,0xfe,0x15,0x01,0x18,0xff,0x37,0x15,0x39,0xff,0x6d,0x32,0x6f,0xff,
    0x6f,0x2d,0x6f,0xff,0x6d,0x2f,0x6b,0xff,0x6a,0x2e,0x6b,0xff,0x6b,0x2e,0x6c,0xff,0x56,0x1e,0x57,0xff,0x52,0x20,0x4f,0xff,0x52,0x1f,0x4f,0xff,0x50,0x1d,0x4e,0xff,
    0x50,0x1e,0x4f,0xff,0x48,0x16,0x46,0xff,0x49,0x19,0x48,0xff,0x45,0x19,0x40,0xff,0x3a,0x16,0x35,0xff,0x29,0x0a,0x24,0xff,0x29,0x14,0x26,0xff,0x0d,0x03,0x0c,0xff,
    0x12,0x0b,0x11,0xff,0x10,0x0b,0x11,0xff,0x0b,0x07,0x0b,0xff,0x29,0x12,0x26,0xff,0x49,0x1b,0x42,0xff,0x45,0x18,0x3f,0xff,0x0e,0x04,0x10,0xff,0x0f,0x09,0x12,0xff,
    0x12,0x12,0x15,0x6f,0x00,0x00,0x00,0x00,0x00,0x00,0x00,0x00,0x00,0x00,0x00,0x00,0x00,0x00,0x00,0x00,0x00,0x00,0x00,0x00,0x00,0x00,0x00,0x00,0x00,0x00,0x00,0x00,
    0x00,0x00,0x00,0x00,0x00,0x00,0x00,0x00,0x00,0x00,0x00,0x00,0x00,0x00,0x00,0x00,0x00,0x00,0x00,0x00,0x00,0x00,0x00,0x00,0x00,0x00,0x00,0x00,0x00,0x00,0x00,0x00,
    0x00,0x00,0x00,0x00,0x00,0x00,0x00,0x00,0x00,0x00,0x00,0x00,0x00,0x00,0x00,0x00,0x00,0x00,0x00,0x00,0x00,0x00,0x00,0x00,0x00,0x00,0x00,0x00,0x00,0x00,0x00,0x00,
    0x00,0x00,0x00,0x00,0x00,0x00,0x00,0x00,0x00,0x00,0x00,0x00,0x00,0x00,0x00,0x00,0x00,0x00,0x00,0x00,0x00,0x00,0x00,0x00,0x00,0x00,0x00,0x00,0x00,0x00,0x00,0x00,
    0x00,0x00,0x00,0x00,0x00,0x00,0x00,0x00,0x00,0x00,0x00,0x00,0x00,0x00,0x00,0x00,0x00,0x00,0x00,0x00,0x00,0x00,0x00,0x00,0x00,0x00,0x00,0x00,0x00,0x00,0x00,0x00,
    0x00,0x00,0x00,0x00,0x00,0x00,0x00,0x00,0x00,0x00,0x00,0x00,0x00,0x00,0x00,0x00,0x00,0x00,0x00,0x00,0x00,0x00,0x00,0x00,0x00,0x00,0x00,0x00,0x00,0x00,0x00,0x00,
    0x00,0x00,0x00,0x00,0x00,0x00,0x00,0x00,0x00,0x00,0x00,0x00,0x00,0x00,0x00,0x00,0x00,0x00,0x00,0x00,0x00,0x00,0x00,0x00,0x00,0x00,0x00,0x00,0x00,0x00,0x00,0x00,
    0x00,0x00,0x00,0x00,0x00,0x00,0x00,0x00,0x00,0x00,0x00,0x00,0x00,0x00,0x00,0x00,0x00,0x00,0x00,0x00,0x00,0x00,0x00,0x00,0x00,0x00,0x00,0x00,0x00,0x00,0x00,0x00,
    0x00,0x00,0x00,0x00,0x00,0x00,0x00,0x00,0x00,0x00,0x00,0x00,0x00,0x00,0x00,0x00,0x00,0x00,0x00,0x00,0x00,0x00,0x00,0x00,0x00,0x00,0x00,0x00,0x00,0x00,0x00,0x00,
    0x00,0x00,0x00,0x00,0x00,0x00,0x00,0x00,0x00,0x00,0x00,0x00,0x00,0x00,0x00,0x00,0x00,0x00,0x00,0x00,0x00,0x00,0x00,0x00,0x00,0x00,0x00,0x00,0x00,0x00,0x00,0x00,
    0x00,0x00,0x00,0x00,0x00,0x00,0x00,0x00,0x00,0x00,0x00,0x00,0x00,0x00,0x00,0x00,0x00,0x00,0x00,0x00,0x00,0x00,0x00,0x00,0x00,0x00,0x00,0x00,0x00,0x00,0x00,0x00,
    0x00,0x00,0x00,0x00,0x00,0x00,0x00,0x00,0x00,0x00,0x00,0x00,0x00,0x00,0x00,0x00,0x00,0x00,0x00,0x00,0x00,0x00,0x00,0x00,0x00,0x00,0x00,0x00,0x00,0x00,0x00,0x00,
    0x00,0x00,0x00,0x00,0x00,0x00,0x00,0x00,0x10,0x10,0x12,0xf2,0x13,0x0b,0x16,0xf6,0x4e,0x33,0x50,0xff,0x62,0x2e,0x62,0xff,0x6d,0x34,0x6d,0xff,0x6a,0x30,0x6b,0xff,
    0x6b,0x2e,0x6d,0xff,0x6d,0x2f,0x6e,0xff,0x6a,0x2d,0x6c,0xff,0x6a,0x2e,0x6d,0xff,0x6a,0x2f,0x6b,0xff,0x6b,0x2f,0x6e,0xff,0x67,0x2e,0x64,0xff,0x50,0x1a,0x48,0xff,
    0x4c,0x19,0x45,0xff,0x3c,0x10,0x35,0xff,0x3c,0x0f,0x36,0xff,0x3b,0x12,0x32,0xff,0x28,0x0d,0x25,0xff,0x16,0x08,0x17,0xff,0x16,0x0d,0x15,0xfe,0xff,0xff,0xff,0x05,
    0xff,0xff,0xff,0x04,0xff,0xff,0xff,0x04,0xff,0xff,0xff,0x05,0x38,0x2c,0x34,0x40,0x12,0x06,0x11,0xff,0x0f,0x05,0x10,0xff,0x0d,0x07,0x11,0xff,0x0f,0x0a,0x14,0xff,
    0x13,0x13,0x15,0x6d,0x00,0x00,0x00,0x00,0x00,0x00,0x00,0x00,0x00,0x00,0x00,0x00,0x00,0x00,0x00,0x00,0x00,0x00,0x00,0x00,0x00,0x00,0x00,0x00,0x00,0x00,0x00,0x00,
    0x00,0x00,0x00,0x00,0x00,0x00,0x00,0x00,0x00,0x00,0x00,0x00,0x00,0x00,0x00,0x00,0x00,0x00,0x00,0x00,0x00,0x00,0x00,0x00,0x00,0x00,0x00,0x00,0x00,0x00,0x00,0x00,
    0x00,0x00,0x00,0x00,0x00,0x00,0x00,0x00,0x00,0x00,0x00,0x00,0x00,0x00,0x00,0x00,0x00,0x00,0x00,0x00,0x00,0x00,0x00,0x00,0x00,0x00,0x00,0x00,0x00,0x00,0x00,0x00,
    0x00,0x00,0x00,0x00,0x00,0x00,0x00,0x00,0x00,0x00,0x00,0x00,0x00,0x00,0x00,0x00,0x00,0x00,0x00,0x00,0x00,0x00,0x00,0x00,0x00,0x00,0x00,0x00,0x00,0x00,0x00,0x00,
    0x00,0x00,0x00,0x00,0x00,0x00,0x00,0x00,0x00,0x00,0x00,0x00,0x00,0x00,0x00,0x00,0x00,0x00,0x00,0x00,0x00,0x00,0x00,0x00,0x00,0x00,0x00,0x00,0x00,0x00,0x00,0x00,
    0x00,0x00,0x00,0x00,0x00,0x00,0x00,0x00,0x00,0x00,0x00,0x00,0x00,0x00,0x00,0x00,0x00,0x00,0x00,0x00,0x00,0x00,0x00,0x00,0x00,0x00,0x00,0x00,0x00,0x00,0x00,0x00,
    0x00,0x00,0x00,0x00,0x00,0x00,0x00,0x00,0x00,0x00,0x00,0x00,0x00,0x00,0x00,0x00,0x00,0x00,0x00,0x00,0x00,0x00,0x00,0x00,0x00,0x00,0x00,0x00,0x00,0x00,0x00,0x00,
    0x00,0x00,0x00,0x00,0x00,0x00,0x00,0x00,0x00,0x00,0x00,0x00,0x00,0x00,0x00,0x00,0x00,0x00,0x00,0x00,0x00,0x00,0x00,0x00,0x00,0x00,0x00,0x00,0x00,0x00,0x00,0x00,
    0x00,0x00,0x00,0x00,0x00,0x00,0x00,0x00,0x00,0x00,0x00,0x00,0x00,0x00,0x00,0x00,0x00,0x00,0x00,0x00,0x00,0x00,0x00,0x00,0x00,0x00,0x00,0x00,0x00,0x00,0x00,0x00,
    0x00,0x00,0x00,0x00,0x00,0x00,0x00,0x00,0x00,0x00,0x00,0x00,0x00,0x00,0x00,0x00,0x00,0x00,0x00,0x00,0x00,0x00,0x00,0x00,0x00,0x00,0x00,0x00,0x00,0x00,0x00,0x00,
    0x00,0x00,0x00,0x00,0x00,0x00,0x00,0x00,0x00,0x00,0x00,0x00,0x00,0x00,0x00,0x00,0x00,0x00,0x00,0x00,0x00,0x00,0x00,0x00,0x00,0x00,0x00,0x00,0x00,0x00,0x00,0x00,
    0x00,0x00,0x00,0x00,0x00,0x00,0x00,0x00,0x00,0x00,0x00,0x00,0x00,0x00,0x00,0x00,0x00,0x00,0x00,0x00,0x00,0x00,0x00,0x00,0x00,0x00,0x00,0x00,0x00,0x00,0x00,0x00,
    0x00,0x00,0x00,0x00,0x00,0x00,0x00,0x00,0x0e,0x08,0x11,0xff,0x0e,0x05,0x13,0xff,0x5c,0x31,0x61,0xff,0x6d,0x30,0x70,0xff,0x6a,0x2c,0x6e,0xff,0x6b,0x2e,0x6f,0xff,
    0x6c,0x2d,0x6e,0xff,0x69,0x2d,0x6b,0xff,0x6a,0x30,0x6b,0xff,0x67,0x2f,0x69,0xff,0x67,0x2f,0x68,0xff,0x64,0x2d,0x68,0xff,0x61,0x2b,0x5f,0xff,0x4e,0x1a,0x49,0xff,
    0x49,0x1a,0x48,0xff,0x3c,0x10,0x36,0xff,0x39,0x11,0x34,0xff,0x39,0x17,0x32,0xff,0x1e,0x0b,0x1c,0xff,0x0a,0x07,0x0e,0xff,0x11,0x10,0x11,0xe6,0x00,0x00,0x00,0x00,
    0x00,0x00,0x00,0x00,0x00,0x00,0x00,0x00,0x00,0x00,0x00,0x00,0x1d,0x1d,0x22,0x35,0x0e,0x0c,0x0f,0xfa,0x09,0x07,0x0b,0xfa,0x0c,0x0a,0x0e,0xee,0x07,0x05,0x0a,0xf0,
    0x1d,0x1d,0x1d,0x58,0x00,0x00,0x00,0x00,0x00,0x00,0x00,0x00,0x00,0x00,0x00,0x00,0x00,0x00,0x00,0x00,0x00,0x00,0x00,0x00,0x00,0x00,0x00,0x00,0x00,0x00,0x00,0x00,
    0x00,0x00,0x00,0x00,0x00,0x00,0x00,0x00,0x00,0x00,0x00,0x00,0x00,0x00,0x00,0x00,0x00,0x00,0x00,0x00,0x00,0x00,0x00,0x00,0x00,0x00,0x00,0x00,0x00,0x00,0x00,0x00,
    0x00,0x00,0x00,0x00,0x00,0x00,0x00,0x00,0x00,0x00,0x00,0x00,0x00,0x00,0x00,0x00,0x00,0x00,0x00,0x00,0x00,0x00,0x00,0x00,0x00,0x00,0x00,0x00,0x00,0x00,0x00,0x00,
    0x00,0x00,0x00,0x00,0x00,0x00,0x00,0x00,0x00,0x00,0x00,0x00,0x00,0x00,0x00,0x00,0x00,0x00,0x00,0x00,0x00,0x00,0x00,0x00,0x00,0x00,0x00,0x00,0x00,0x00,0x00,0x00,
    0x00,0x00,0x00,0x00,0x00,0x00,0x00,0x00,0x00,0x00,0x00,0x00,0x00,0x00,0x00,0x00,0x00,0x00,0x00,0x00,0x00,0x00,0x00,0x00,0x00,0x00,0x00,0x00,0x00,0x00,0x00,0x00,
    0x00,0x00,0x00,0x00,0x00,0x00,0x00,0x00,0x00,0x00,0x00,0x00,0x00,0x00,0x00,0x00,0x00,0x00,0x00,0x00,0x00,0x00,0x00,0x00,0x00,0x00,0x00,0x00,0x00,0x00,0x00,0x00,
    0x00,0x00,0x00,0x00,0x00,0x00,0x00,0x00,0x00,0x00,0x00,0x00,0x00,0x00,0x00,0x00,0x00,0x00,0x00,0x00,0x00,0x00,0x00,0x00,0x00,0x00,0x00,0x00,0x00,0x00,0x00,0x00,
    0x00,0x00,0x00,0x00,0x00,0x00,0x00,0x00,0x00,0x00,0x00,0x00,0x00,0x00,0x00,0x00,0x00,0x00,0x00,0x00,0x00,0x00,0x00,0x00,0x00,0x00,0x00,0x00,0x00,0x00,0x00,0x00,
    0x00,0x00,0x00,0x00,0x00,0x00,0x00,0x00,0x00,0x00,0x00,0x00,0x00,0x00,0x00,0x00,0x00,0x00,0x00,0x00,0x00,0x00,0x00,0x00,0x00,0x00,0x00,0x00,0x00,0x00,0x00,0x00,
    0x00,0x00,0x00,0x00,0x00,0x00,0x00,0x00,0x00,0x00,0x00,0x00,0x00,0x00,0x00,0x00,0x00,0x00,0x00,0x00,0x00,0x00,0x00,0x00,0x00,0x00,0x00,0x00,0x00,0x00,0x00,0x00,
    0x00,0x00,0x00,0x00,0x00,0x00,0x00,0x00,0x00,0x00,0x00,0x00,0x00,0x00,0x00,0x00,0x00,0x00,0x00,0x00,0x00,0x00,0x00,0x00,0x00,0x00,0x00,0x00,0x00,0x00,0x00,0x00,
    0x00,0x00,0x00,0x00,0x00,0x00,0x00,0x00,0x00,0x00,0x00,0x00,0x00,0x00,0x00,0x00,0x00,0x00,0x00,0x00,0x00,0x00,0x00,0x00,0x00,0x00,0x00,0x00,0x27,0x26,0x27,0x9b,
    0x12,0x12,0x14,0xb7,0x1f,0x0e,0x21,0xb7,0x51,0x28,0x51,0xff,0x54,0x29,0x55,0xff,0x68,0x34,0x6a,0xff,0x6f,0x2e,0x70,0xff,0x6c,0x2e,0x6d,0xff,0x5c,0x21,0x5b,0xff,
    0x57,0x1e,0x55,0xff,0x4f,0x1a,0x4c,0xff,0x48,0x14,0x42,0xff,0x48,0x17,0x43,0xff,0x46,0x14,0x42,0xff,0x47,0x15,0x44,0xff,0x47,0x17,0x40,0xff,0x40,0x11,0x38,0xff,
    0x3e,0x12,0x38,0xff,0x31,0x0a,0x28,0xff,0x30,0x0d,0x28,0xff,0x2e,0x12,0x27,0xff,0x11,0x07,0x13,0xff,0x09,0x0a,0x0e,0xff,0x00,0x00,0x00,0x00,0x00,0x00,0x00,0x00,
    0x00,0x00,0x00,0x00,0x00,0x00,0x00,0x00,0x00,0x00,0x00,0x00,0x00,0x00,0x00,0x00,0x00,0x00,0x00,0x00,0x00,0x00,0x00,0x00,0x00,0x00,0x00,0x00,0x00,0x00,0x00,0x00,
    0x00,0x00,0x00,0x00,0x00,0x00,0x00,0x00,0x00,0x00,0x00,0x00,0x00,0x00,0x00,0x00,0x00,0x00,0x00,0x00,0x00,0x00,0x00,0x00,0x00,0x00,0x00,0x00,0x00,0x00,0x00,0x00,
    0x00,0x00,0x00,0x00,0x00,0x00,0x00,0x00,0x00,0x00,0x00,0x00,0x00,0x00,0x00,0x00,0x00,0x00,0x00,0x00,0x00,0x00,0x00,0x00,0x00,0x00,0x00,0x00,0x00,0x00,0x00,0x00,
    0x00,0x00,0x00,0x00,0x00,0x00,0x00,0x00,0x00,0x00,0x00,0x00,0x00,0x00,0x00,0x00,0x00,0x00,0x00,0x00,0x00,0x00,0x00,0x00,0x00,0x00,0x00,0x00,0x00,0x00,0x00,0x00,
    0x00,0x00,0x00,0x00,0x00,0x00,0x00,0x00,0x00,0x00,0x00,0x00,0x00,0x00,0x00,0x00,0x00,0x00,0x00,0x00,0x00,0x00,0x00,0x00,0x00,0x00,0x00,0x00,0x00,0x00,0x00,0x00,
    0x00,0x00,0x00,0x00,0x00,0x00,0x00,0x00,0x00,0x00,0x00,0x00,0x00,0x00,0x00,0x00,0x00,0x00,0x00,0x00,0x00,0x00,0x00,0x00,0x00,0x00,0x00,0x00,0x00,0x00,0x00,0x00,
    0x00,0x00,0x00,0x00,0x00,0x00,0x00,0x00,0x00,0x00,0x00,0x00,0x00,0x00,0x00,0x00,0x00,0x00,0x00,0x00,0x00,0x00,0x00,0x00,0x00,0x00,0x00,0x00,0x00,0x00,0x00,0x00,
    0x00,0x00,0x00,0x00,0x00,0x00,0x00,0x00,0x00,0x00,0x00,0x00,0x00,0x00,0x00,0x00,0x00,0x00,0x00,0x00,0x00,0x00,0x00,0x00,0x00,0x00,0x00,0x00,0x00,0x00,0x00,0x00,
    0x00,0x00,0x00,0x00,0x00,0x00,0x00,0x00,0x00,0x00,0x00,0x00,0x00,0x00,0x00,0x00,0x00,0x00,0x00,0x00,0x00,0x00,0x00,0x00,0x00,0x00,0x00,0x00,0x00,0x00,0x00,0x00,
    0x00,0x00,0x00,0x00,0x00,0x00,0x00,0x00,0x00,0x00,0x00,0x00,0x00,0x00,0x00,0x00,0x00,0x00,0x00,0x00,0x00,0x00,0x00,0x00,0x00,0x00,0x00,0x00,0x00,0x00,0x00,0x00,
    0x00,0x00,0x00,0x00,0x00,0x00,0x00,0x00,0x00,0x00,0x00,0x00,0x00,0x00,0x00,0x00,0x00,0x00,0x00,0x00,0x00,0x00,0x00,0x00,0x00,0x00,0x00,0x00,0x00,0x00,0x00,0x00,
    0x00,0x00,0x00,0x00,0x00,0x00,0x00,0x00,0x00,0x00,0x00,0x00,0x00,0x00,0x00,0x00,0x00,0x00,0x00,0x00,0x00,0x00,0x00,0x00,0x00,0x00,0x00,0x00,0x00,0x00,0x00,0x00,
    0x00,0x00,0x00,0x00,0x00,0x00,0x00,0x00,0x00,0x00,0x00,0x00,0x00,0x00,0x00,0x00,0x00,0x00,0x00,0x00,0x00,0x00,0x00,0x00,0x00,0x00,0x00,0x00,0x0d,0x07,0x0b,0xff,
    0x0a,0x0b,0x0d,0xff,0x1b,0x04,0x1e,0xff,0x6f,0x2f,0x6e,0xff,0x6d,0x2f,0x6d,0xff,0x6d,0x32,0x6c,0xff,0x70,0x2d,0x71,0xff,0x6d,0x32,0x6d,0xff,0x4e,0x19,0x4a,0xff,
    0x50,0x1b,0x4a,0xff,0x4b,0x1a,0x45,0xff,0x3d,0x11,0x33,0xff,0x3e,0x13,0x34,0xff,0x3e,0x12,0x36,0xff,0x3b,0x10,0x35,0xff,0x3f,0x14,0x36,0xff,0x3d,0x11,0x33,0xff,
    0x38,0x10,0x31,0xff,0x2b,0x08,0x22,0xff,0x2a,0x0c,0x23,0xff,0x28,0x11,0x23,0xff,0x0f,0x07,0x12,0xff,0x0a,0x09,0x0d,0xff,0x00,0x00,0x00,0x00,0x00,0x00,0x00,0x00,
    0x00,0x00,0x00,0x00,0x00,0x00,0x00,0x00,0x00,0x00,0x00,0x00,0x00,0x00,0x00,0x00,0x00,0x00,0x00,0x00,0x00,0x00,0x00,0x00,0x00,0x00,0x00,0x00,0x00,0x00,0x00,0x00,
    0x00,0x00,0x00,0x00,0x00,0x00,0x00,0x00,0x00,0x00,0x00,0x00,0x00,0x00,0x00,0x00,0x00,0x00,0x00,0x00,0x00,0x00,0x00,0x00,0x00,0x00,0x00,0x00,0x00,0x00,0x00,0x00,
    0x00,0x00,0x00,0x00,0x00,0x00,0x00,0x00,0x00,0x00,0x00,0x00,0x00,0x00,0x00,0x00,0x00,0x00,0x00,0x00,0x00,0x00,0x00,0x00,0x00,0x00,0x00,0x00,0x00,0x00,0x00,0x00,
    0x00,0x00,0x00,0x00,0x00,0x00,0x00,0x00,0x00,0x00,0x00,0x00,0x00,0x00,0x00,0x00,0x00,0x00,0x00,0x00,0x00,0x00,0x00,0x00,0x00,0x00,0x00,0x00,0x00,0x00,0x00,0x00,
    0x00,0x00,0x00,0x00,0x00,0x00,0x00,0x00,0x00,0x00,0x00,0x00,0x00,0x00,0x00,0x00,0x00,0x00,0x00,0x00,0x00,0x00,0x00,0x00,0x00,0x00,0x00,0x00,0x00,0x00,0x00,0x00,
    0x00,0x00,0x00,0x00,0x00,0x00,0x00,0x00,0x00,0x00,0x00,0x00,0x00,0x00,0x00,0x00,0x00,0x00,0x00,0x00,0x00,0x00,0x00,0x00,0x00,0x00,0x00,0x00,0x00,0x00,0x00,0x00,
    0x00,0x00,0x00,0x00,0x00,0x00,0x00,0x00,0x00,0x00,0x00,0x00,0x00,0x00,0x00,0x00,0x00,0x00,0x00,0x00,0x00,0x00,0x00,0x00,0x00,0x00,0x00,0x00,0x00,0x00,0x00,0x00,
    0x00,0x00,0x00,0x00,0x00,0x00,0x00,0x00,0x00,0x00,0x00,0x00,0x00,0x00,0x00,0x00,0x00,0x00,0x00,0x00,0x00,0x00,0x00,0x00,0x00,0x00,0x00,0x00,0x00,0x00,0x00,0x00,
    0x00,0x00,0x00,0x00,0x00,0x00,0x00,0x00,0x00,0x00,0x00,0x00,0x00,0x00,0x00,0x00,0x00,0x00,0x00,0x00,0x00,0x00,0x00,0x00,0x00,0x00,0x00,0x00,0x00,0x00,0x00,0x00,
    0x00,0x00,0x00,0x00,0x00,0x00,0x00,0x00,0x00,0x00,0x00,0x00,0x00,0x00,0x00,0x00,0x00,0x00,0x00,0x00,0x00,0x00,0x00,0x00,0x00,0x00,0x00,0x00,0x00,0x00,0x00,0x00,
    0x00,0x00,0x00,0x00,0x00,0x00,0x00,0x00,0x00,0x00,0x00,0x00,0x00,0x00,0x00,0x00,0x00,0x00,0x00,0x00,0x00,0x00,0x00,0x00,0x00,0x00,0x00,0x00,0xff,0xff,0xff,0x01,
    0xff,0xff,0xff,0x06,0xff,0xff,0xff,0x04,0xff,0xff,0xff,0x04,0xff,0xff,0xff,0x03,0xff,0xff,0xff,0x01,0x00,0x00,0x00,0x00,0xff,0xff,0xff,0x02,0xff,0xff,0xff,0x02,
    0x00,0x00,0x00,0x00,0xff,0xff,0xff,0x02,0xff,0xff,0xff,0x02,0xff,0xff,0xff,0x01,0xff,0xff,0xff,0x01,0xff,0xff,0xff,0x02,0xff,0xff,0xff,0x04,0x18,0x01,0x14,0xff,
    0x1b,0x01,0x19,0xff,0x2f,0x08,0x30,0xff,0x6c,0x30,0x6c,0xff,0x6d,0x31,0x6f,0xff,0x6c,0x2f,0x6f,0xff,0x6e,0x30,0x71,0xff,0x6b,0x31,0x6d,0xff,0x55,0x1c,0x54,0xff,
    0x50,0x1a,0x4d,0xff,0x48,0x15,0x44,0xff,0x46,0x10,0x3f,0xff,0x43,0x10,0x3b,0xff,0x3f,0x0f,0x37,0xff,0x3f,0x0f,0x3a,0xff,0x3d,0x12,0x37,0xff,0x3b,0x10,0x34,0xff,
    0x3c,0x12,0x33,0xff,0x26,0x0c,0x21,0xff,0x22,0x0f,0x1f,0xff,0x1a,0x0d,0x17,0xf0,0x13,0x0e,0x15,0xc7,0x11,0x0e,0x11,0xc7,0x00,0x00,0x00,0x00,0x00,0x00,0x00,0x00,
    0x00,0x00,0x00,0x00,0x00,0x00,0x00,0x00,0x00,0x00,0x00,0x00,0x00,0x00,0x00,0x00,0x00,0x00,0x00,0x00,0x00,0x00,0x00,0x00,0x00,0x00,0x00,0x00,0x00,0x00,0x00,0x00,
    0x00,0x00,0x00,0x00,0x00,0x00,0x00,0x00,0x00,0x00,0x00,0x00,0x00,0x00,0x00,0x00,0x00,0x00,0x00,0x00,0x00,0x00,0x00,0x00,0x00,0x00,0x00,0x00,0x00,0x00,0x00,0x00,
    0x00,0x00,0x00,0x00,0x00,0x00,0x00,0x00,0x00,0x00,0x00,0x00,0x00,0x00,0x00,0x00,0x00,0x00,0x00,0x00,0x00,0x00,0x00,0x00,0x00,0x00,0x00,0x00,0x00,0x00,0x00,0x00,
    0x00,0x00,0x00,0x00,0x00,0x00,0x00,0x00,0x00,0x00,0x00,0x00,0x00,0x00,0x00,0x00,0x00,0x00,0x00,0x00,0x00,0x00,0x00,0x00,0x00,0x00,0x00,0x00,0x00,0x00,0x00,0x00,
    0x00,0x00,0x00,0x00,0x00,0x00,0x00,0x00,0x00,0x00,0x00,0x00,0x00,0x00,0x00,0x00,0x00,0x00,0x00,0x00,0x00,0x00,0x00,0x00,0x00,0x00,0x00,0x00,0x00,0x00,0x00,0x00,
    0x00,0x00,0x00,0x00,0x00,0x00,0x00,0x00,0x00,0x00,0x00,0x00,0x00,0x00,0x00,0x00,0x00,0x00,0x00,0x00,0x00,0x00,0x00,0x00,0x00,0x00,0x00,0x00,0x00,0x00,0x00,0x00,
    0x00,0x00,0x00,0x00,0x00,0x00,0x00,0x00,0x00,0x00,0x00,0x00,0x00,0x00,0x00,0x00,0x00,0x00,0x00,0x00,0x00,0x00,0x00,0x00,0x00,0x00,0x00,0x00,0x00,0x00,0x00,0x00,
    0x00,0x00,0x00,0x00,0x00,0x00,0x00,0x00,0x00,0x00,0x00,0x00,0x00,0x00,0x00,0x00,0x00,0x00,0x00,0x00,0x00,0x00,0x00,0x00,0x00,0x00,0x00,0x00,0x00,0x00,0x00,0x00,
    0x00,0x00,0x00,0x00,0x00,0x00,0x00,0x00,0x00,0x00,0x00,0x00,0x00,0x00,0x00,0x00,0x00,0x00,0x00,0x00,0x00,0x00,0x00,0x00,0x00,0x00,0x00,0x00,0x00,0x00,0x00,0x00,
    0x00,0x00,0x00,0x00,0x00,0x00,0x00,0x00,0x00,0x00,0x00,0x00,0x00,0x00,0x00,0x00,0x00,0x00,0x00,0x00,0x00,0x00,0x00,0x00,0x00,0x00,0x00,0x00,0x00,0x00,0x00,0x00,
    0x00,0x00,0x00,0x00,0x00,0x00,0x00,0x00,0x00,0x00,0x00,0x00,0x00,0x00,0x00,0x00,0x00,0x00,0x00,0x00,0x00,0x00,0x00,0x00,0x00,0x00,0x00,0x00,0x14,0x10,0x15,0xf0,
    0x0e,0x09,0x12,0xff,0x10,0x08,0x12,0xff,0x12,0x08,0x10,0xff,0x0f,0x08,0x11,0xff,0x0f,0x08,0x11,0xff,0x10,0x08,0x0f,0xff,0x0d,0x05,0x0f,0xff,0x0d,0x05,0x0f,0xff,
    0x0f,0x08,0x11,0xff,0x0f,0x08,0x11,0xff,0x0e,0x05,0x0f,0xff,0x0f,0x06,0x10,0xff,0x0e,0x05,0x0e,0xff,0x10,0x07,0x11,0xff,0x0e,0x06,0x0f,0xff,0x4b,0x23,0x47,0xff,
    0x4d,0x21,0x4a,0xff,0x56,0x23,0x55,0xff,0x6b,0x30,0x6c,0xff,0x6c,0x2f,0x6f,0xff,0x6d,0x30,0x70,0xff,0x6d,0x30,0x6f,0xff,0x6b,0x30,0x6d,0xff,0x6b,0x30,0x6d,0xff,
    0x6a,0x30,0x6a,0xff,0x6b,0x31,0x6b,0xff,0x6a,0x2f,0x6a,0xff,0x69,0x2f,0x67,0xff,0x52,0x1e,0x4f,0xff,0x51,0x1b,0x4a,0xff,0x4a,0x1d,0x45,0xff,0x3d,0x11,0x36,0xff,
    0x3b,0x14,0x32,0xff,0x17,0x04,0x16,0xff,0x15,0x09,0x15,0xff,0x2f,0x29,0x2f,0xa3,0x00,0x00,0x00,0x00,0x00,0x00,0x00,0x00,0x00,0x00,0x00,0x00,0x00,0x00,0x00,0x00,
    0x00,0x00,0x00,0x00,0x00,0x00,0x00,0x00,0x00,0x00,0x00,0x00,0x00,0x00,0x00,0x00,0x00,0x00,0x00,0x00,0x00,0x00,0x00,0x00,0x00,0x00,0x00,0x00,0x00,0x00,0x00,0x00,
    0x00,0x00,0x00,0x00,0x00,0x00,0x00,0x00,0x00,0x00,0x00,0x00,0x00,0x00,0x00,0x00,0x00,0x00,0x00,0x00,0x00,0x00,0x00,0x00,0x00,0x00,0x00,0x00,0x00,0x00,0x00,0x00,
    0x00,0x00,0x00,0x00,0x00,0x00,0x00,0x00,0x00,0x00,0x00,0x00,0x00,0x00,0x00,0x00,0x00,0x00,0x00,0x00,0x00,0x00,0x00,0x00,0x00,0x00,0x00,0x00,0x00,0x00,0x00,0x00,
    0x00,0x00,0x00,0x00,0x00,0x00,0x00,0x00,0x00,0x00,0x00,0x00,0x00,0x00,0x00,0x00,0x00,0x00,0x00,0x00,0x00,0x00,0x00,0x00,0x00,0x00,0x00,0x00,0x00,0x00,0x00,0x00,
    0x00,0x00,0x00,0x00,0x00,0x00,0x00,0x00,0x00,0x00,0x00,0x00,0x00,0x00,0x00,0x00,0x00,0x00,0x00,0x00,0x00,0x00,0x00,0x00,0x00,0x00,0x00,0x00,0x00,0x00,0x00,0x00,
    0x00,0x00,0x00,0x00,0x00,0x00,0x00,0x00,0x00,0x00,0x00,0x00,0x00,0x00,0x00,0x00,0x00,0x00,0x00,0x00,0x00,0x00,0x00,0x00,0x00,0x00,0x00,0x00,0x00,0x00,0x00,0x00,
    0x00,0x00,0x00,0x00,0x00,0x00,0x00,0x00,0x00,0x00,0x00,0x00,0x00,0x00,0x00,0x00,0x00,0x00,0x00,0x00,0x00,0x00,0x00,0x00,0x00,0x00,0x00,0x00,0x00,0x00,0x00,0x00,
    0x00,0x00,0x00,0x00,0x00,0x00,0x00,0x00,0x00,0x00,0x00,0x00,0x00,0x00,0x00,0x00,0x00,0x00,0x00,0x00,0x00,0x00,0x00,0x00,0x00,0x00,0x00,0x00,0x00,0x00,0x00,0x00,
    0x00,0x00,0x00,0x00,0x00,0x00,0x00,0x00,0x00,0x00,0x00,0x00,0x00,0x00,0x00,0x00,0x00,0x00,0x00,0x00,0x00,0x00,0x00,0x00,0x00,0x00,0x00,0x00,0x00,0x00,0x00,0x00,
    0x00,0x00,0x00,0x00,0x00,0x00,0x00,0x00,0x00,0x00,0x00,0x00,0x00,0x00,0x00,0x00,0x00,0x00,0x00,0x00,0x00,0x00,0x00,0x00,0x00,0x00,0x00,0x00,0x00,0x00,0x00,0x00,
    0x00,0x00,0x00,0x00,0x00,0x00,0x00,0x00,0x00,0x00,0x00,0x00,0x00,0x00,0x00,0x00,0x00,0x00,0x00,0x00,0x00,0x00,0x00,0x00,0x00,0x00,0x00,0x00,0x12,0x0e,0x13,0xf2,
    0x0c,0x08,0x10,0xff,0x0c,0x08,0x10,0xff,0x0f,0x05,0x12,0xff,0x0e,0x05,0x12,0xff,0x0c,0x05,0x12,0xff,0x0f,0x04,0x14,0xff,0x0d,0x06,0x10,0xff,0x0d,0x06,0x10,0xff,
    0x0d,0x06,0x11,0xff,0x0d,0x06,0x11,0xff,0x0e,0x05,0x12,0xff,0x0d,0x04,0x11,0xff,0x0e,0x05,0x11,0xff,0x11,0x08,0x14,0xff,0x11,0x09,0x15,0xff,0x51,0x1c,0x4e,0xff,
    0x51,0x19,0x4e,0xff,0x5b,0x21,0x5b,0xff,0x6d,0x31,0x70,0xff,0x6c,0x2e,0x70,0xff,0x6d,0x30,0x70,0xff,0x6d,0x30,0x70,0xff,0x6d,0x31,0x71,0xff,0x67,0x2d,0x69,0xff,
    0x6a,0x2f,0x6b,0xff,0x6c,0x30,0x6c,0xff,0x69,0x2f,0x69,0xff,0x68,0x30,0x66,0xff,0x57,0x22,0x54,0xff,0x53,0x1d,0x4a,0xff,0x4d,0x1f,0x47,0xff,0x3c,0x10,0x35,0xff,
    0x39,0x15,0x30,0xff,0x14,0x07,0x14,0xff,0x0f,0x07,0x11,0xff,0x2c,0x2b,0x2e,0xa2,0x00,0x00,0x00,0x00,0x00,0x00,0x00,0x00,0x00,0x00,0x00,0x00,0x00,0x00,0x00,0x00,
    0x00,0x00,0x00,0x00,0x00,0x00,0x00,0x00,0x00,0x00,0x00,0x00,0x00,0x00,0x00,0x00,0x00,0x00,0x00,0x00,0x00,0x00,0x00,0x00,0x00,0x00,0x00,0x00,0x00,0x00,0x00,0x00,
    0x00,0x00,0x00,0x00,0x00,0x00,0x00,0x00,0x00,0x00,0x00,0x00,0x00,0x00,0x00,0x00,0x00,0x00,0x00,0x00,0x00,0x00,0x00,0x00,0x00,0x00,0x00,0x00,0x00,0x00,0x00,0x00,
    0x00,0x00,0x00,0x00,0x00,0x00,0x00,0x00,0x00,0x00,0x00,0x00,0x00,0x00,0x00,0x00,0x00,0x00,0x00,0x00,0x00,0x00,0x00,0x00,0x00,0x00,0x00,0x00,0x00,0x00,0x00,0x00,
    0x00,0x00,0x00,0x00,0x00,0x00,0x00,0x00,0x00,0x00,0x00,0x00,0x00,0x00,0x00,0x00,0x00,0x00,0x00,0x00,0x00,0x00,0x00,0x00,0x00,0x00,0x00,0x00,0x00,0x00,0x00,0x00,
    0x00,0x00,0x00,0x00,0x00,0x00,0x00,0x00,0x00,0x00,0x00,0x00,0x00,0x00,0x00,0x00,0x00,0x00,0x00,0x00,0x00,0x00,0x00,0x00,0x00,0x00,0x00,0x00,0x00,0x00,0x00,0x00,
    0x00,0x00,0x00,0x00,0x00,0x00,0x00,0x00,0x00,0x00,0x00,0x00,0x00,0x00,0x00,0x00,0x00,0x00,0x00,0x00,0x00,0x00,0x00,0x00,0x00,0x00,0x00,0x00,0x00,0x00,0x00,0x00,
    0x00,0x00,0x00,0x00,0x00,0x00,0x00,0x00,0x00,0x00,0x00,0x00,0x00,0x00,0x00,0x00,0x00,0x00,0x00,0x00,0x00,0x00,0x00,0x00,0x00,0x00,0x00,0x00,0x00,0x00,0x00,0x00,
    0x00,0x00,0x00,0x00,0x00,0x00,0x00,0x00,0x00,0x00,0x00,0x00,0x00,0x00,0x00,0x00,0x00,0x00,0x00,0x00,0x00,0x00,0x00,0x00,0x00,0x00,0x00,0x00,0x00,0x00,0x00,0x00,
    0x00,0x00,0x00,0x00,0x00,0x00,0x00,0x00,0x00,0x00,0x00,0x00,0x00,0x00,0x00,0x00,0x00,0x00,0x00,0x00,0x00,0x00,0x00,0x00,0x00,0x00,0x00,0x00,0x00,0x00,0x00,0x00,
    0x00,0x00,0x00,0x00,0x00,0x00,0x00,0x00,0x00,0x00,0x00,0x00,0x00,0x00,0x00,0x00,0x00,0x00,0x00,0x00,0x00,0x00,0x00,0x00,0x00,0x00,0x00,0x00,0x00,0x00,0x00,0x00,
    0x00,0x00,0x00,0x00,0x00,0x00,0x00,0x00,0x00,0x00,0x00,0x00,0x00,0x00,0x00,0x00,0x00,0x00,0x00,0x00,0x00,0x00,0x00,0x00,0x00,0x00,0x00,0x00,0x10,0x0d,0x11,0xf1,
    0x0c,0x08,0x10,0xff,0x54,0x2f,0x53,0xff,0x61,0x32,0x63,0xff,0x62,0x33,0x62,0xff,0x61,0x35,0x62,0xff,0x61,0x31,0x65,0xff,0x66,0x34,0x68,0xff,0x66,0x34,0x68,0xff,
    0x66,0x34,0x67,0xff,0x66,0x34,0x67,0xff,0x65,0x35,0x69,0xff,0x64,0x35,0x69,0xff,0x65,0x36,0x6a,0xff,0x67,0x38,0x6c,0xff,0x65,0x35,0x6a,0xff,0x69,0x2e,0x68,0xff,
    0x6a,0x2e,0x6a,0xff,0x6d,0x32,0x6e,0xff,0x6c,0x30,0x70,0xff,0x6c,0x30,0x70,0xff,0x6d,0x31,0x6f,0xff,0x6e,0x31,0x71,0xff,0x6b,0x30,0x6d,0xff,0x50,0x18,0x4e,0xff,
    0x55,0x1d,0x50,0xff,0x4e,0x1a,0x4a,0xff,0x44,0x13,0x3e,0xff,0x3f,0x10,0x37,0xff,0x43,0x12,0x3d,0xff,0x43,0x10,0x3b,0xff,0x3f,0x13,0x3a,0xff,0x3c,0x11,0x36,0xff,
    0x38,0x13,0x31,0xff,0x14,0x07,0x13,0xff,0x0f,0x07,0x11,0xff,0x26,0x24,0x29,0xa2,0x00,0x00,0x00,0x00,0x00,0x00,0x00,0x00,0x00,0x00,0x00,0x00,0x00,0x00,0x00,0x00,
    0x00,0x00,0x00,0x00,0x00,0x00,0x00,0x00,0x00,0x00,0x00,0x00,0x00,0x00,0x00,0x00,0x00,0x00,0x00,0x00,0x00,0x00,0x00,0x00,0x00,0x00,0x00,0x00,0x00,0x00,0x00,0x00,
    0x00,0x00,0x00,0x00,0x00,0x00,0x00,0x00,0x00,0x00,0x00,0x00,0x00,0x00,0x00,0x00,0x00,0x00,0x00,0x00,0x00,0x00,0x00,0x00,0x00,0x00,0x00,0x00,0x00,0x00,0x00,0x00,
    0x00,0x00,0x00,0x00,0x00,0x00,0x00,0x00,0x00,0x00,0x00,0x00,0x00,0x00,0x00,0x00,0x00,0x00,0x00,0x00,0x00,0x00,0x00,0x00,0x00,0x00,0x00,0x00,0x00,0x00,0x00,0x00,
    0x00,0x00,0x00,0x00,0x00,0x00,0x00,0x00,0x00,0x00,0x00,0x00,0x00,0x00,0x00,0x00,0x00,0x00,0x00,0x00,0x00,0x00,0x00,0x00,0x00,0x00,0x00,0x00,0x00,0x00,0x00,0x00,
    0x00,0x00,0x00,0x00,0x00,0x00,0x00,0x00,0x00,0x00,0x00,0x00,0x00,0x00,0x00,0x00,0x00,0x00,0x00,0x00,0x00,0x00,0x00,0x00,0x00,0x00,0x00,0x00,0x00,0x00,0x00,0x00,
    0x00,0x00,0x00,0x00,0x00,0x00,0x00,0x00,0x00,0x00,0x00,0x00,0x00,0x00,0x00,0x00,0x00,0x00,0x00,0x00,0x00,0x00,0x00,0x00,0x00,0x00,0x00,0x00,0x00,0x00,0x00,0x00,
    0x00,0x00,0x00,0x00,0x00,0x00,0x00,0x00,0x00,0x00,0x00,0x00,0x00,0x00,0x00,0x00,0x00,0x00,0x00,0x00,0x00,0x00,0x00,0x00,0x00,0x00,0x00,0x00,0x00,0x00,0x00,0x00,
    0x00,0x00,0x00,0x00,0x00,0x00,0x00,0x00,0x00,0x00,0x00,0x00,0x00,0x00,0x00,0x00,0x00,0x00,0x00,0x00,0x00,0x00,0x00,0x00,0x00,0x00,0x00,0x00,0x00,0x00,0x00,0x00,
    0x00,0x00,0x00,0x00,0x00,0x00,0x00,0x00,0x00,0x00,0x00,0x00,0x00,0x00,0x00,0x00,0x00,0x00,0x00,0x00,0x00,0x00,0x00,0x00,0x00,0x00,0x00,0x00,0x00,0x00,0x00,0x00,
    0x00,0x00,0x00,0x00,0x00,0x00,0x00,0x00,0x00,0x00,0x00,0x00,0x00,0x00,0x00,0x00,0x00,0x00,0x00,0x00,0x00,0x00,0x00,0x00,0x00,0x00,0x00,0x00,0x00,0x00,0x00,0x00,
    0x00,0x00,0x00,0x00,0x00,0x00,0x00,0x00,0x00,0x00,0x00,0x00,0x00,0x00,0x00,0x00,0x00,0x00,0x00,0x00,0x00,0x00,0x00,0x00,0x00,0x00,0x00,0x00,0x10,0x0c,0x11,0xf1,
    0x0b,0x06,0x0e,0xff,0x62,0x2c,0x61,0xff,0x6f,0x2d,0x71,0xff,0x70,0x2d,0x6f,0xff,0x6e,0x2e,0x6f,0xff,0x70,0x2b,0x74,0xff,0x72,0x2f,0x74,0xff,0x72,0x2f,0x74,0xff,
    0x73,0x30,0x75,0xff,0x74,0x31,0x76,0xff,0x72,0x31,0x76,0xff,0x73,0x32,0x77,0xff,0x73,0x32,0x77,0xff,0x72,0x31,0x76,0xff,0x73,0x32,0x77,0xff,0x71,0x36,0x73,0xff,
    0x71,0x36,0x73,0xff,0x6c,0x31,0x6e,0xff,0x6c,0x31,0x6e,0xff,0x6c,0x31,0x6e,0xff,0x6d,0x30,0x6e,0xff,0x6d,0x30,0x70,0xff,0x6a,0x30,0x6a,0xff,0x52,0x1b,0x4b,0xff,
    0x50,0x1c,0x49,0xff,0x4b,0x1a,0x45,0xff,0x3f,0x13,0x36,0xff,0x3d,0x12,0x33,0xff,0x3f,0x13,0x37,0xff,0x40,0x11,0x36,0xff,0x39,0x11,0x34,0xff,0x3b,0x10,0x35,0xff,
    0x3a,0x13,0x32,0xff,0x16,0x06,0x14,0xff,0x0e,0x06,0x10,0xff,0x24,0x24,0x27,0xa2,0x00,0x00,0x00,0x00,0x00,0x00,0x00,0x00,0x00,0x00,0x00,0x00,0x00,0x00,0x00,0x00,
    0x00,0x00,0x00,0x00,0x00,0x00,0x00,0x00,0x00,0x00,0x00,0x00,0x00,0x00,0x00,0x00,0x00,0x00,0x00,0x00,0x00,0x00,0x00,0x00,0x00,0x00,0x00,0x00,0x00,0x00,0x00,0x00,
    0x00,0x00,0x00,0x00,0x00,0x00,0x00,0x00,0x00,0x00,0x00,0x00,0x00,0x00,0x00,0x00,0x00,0x00,0x00,0x00,0x00,0x00,0x00,0x00,0x00,0x00,0x00,0x00,0x00,0x00,0x00,0x00,
    0x00,0x00,0x00,0x00,0x00,0x00,0x00,0x00,0x00,0x00,0x00,0x00,0x00,0x00,0x00,0x00,0x00,0x00,0x00,0x00,0x00,0x00,0x00,0x00,0x00,0x00,0x00,0x00,0x00,0x00,0x00,0x00,
    0x00,0x00,0x00,0x00,0x00,0x00,0x00,0x00,0x00,0x00,0x00,0x00,0x00,0x00,0x00,0x00,0x00,0x00,0x00,0x00,0x00,0x00,0x00,0x00,0x00,0x00,0x00,0x00,0x00,0x00,0x00,0x00,
    0x00,0x00,0x00,0x00,0x00,0x00,0x00,0x00,0x00,0x00,0x00,0x00,0x00,0x00,0x00,0x00,0x00,0x00,0x00,0x00,0x00,0x00,0x00,0x00,0x00,0x00,0x00,0x00,0x00,0x00,0x00,0x00,
    0x00,0x00,0x00,0x00,0x00,0x00,0x00,0x00,0x00,0x00,0x00,0x00,0x00,0x00,0x00,0x00,0x00,0x00,0x00,0x00,0x00,0x00,0x00,0x00,0x00,0x00,0x00,0x00,0x00,0x00,0x00,0x00,
    0x00,0x00,0x00,0x00,0x00,0x00,0x00,0x00,0x00,0x00,0x00,0x00,0x00,0x00,0x00,0x00,0x00,0x00,0x00,0x00,0x00,0x00,0x00,0x00,0x00,0x00,0x00,0x00,0x00,0x00,0x00,0x00,
    0x00,0x00,0x00,0x00,0x00,0x00,0x00,0x00,0x00,0x00,0x00,0x00,0x00,0x00,0x00,0x00,0x00,0x00,0x00,0x00,0x00,0x00,0x00,0x00,0x00,0x00,0x00,0x00,0x00,0x00,0x00,0x00,
    0x00,0x00,0x00,0x00,0x00,0x00,0x00,0x00,0x00,0x00,0x00,0x00,0x00,0x00,0x00,0x00,0x00,0x00,0x00,0x00,0x00,0x00,0x00,0x00,0x00,0x00,0x00,0x00,0xca,0xd4,0xd4,0x18,
    0x0a,0x0a,0x16,0xfd,0x0f,0x0d,0x19,0xfd,0x0b,0x0d,0x17,0xfd,0x0b,0x0d,0x16,0xfd,0x0a,0x0e,0x17,0xfd,0x1b,0x1f,0x27,0xcd,0x00,0x00,0x00,0x00,0x00,0x00,0x00,0x00,
    0x00,0x00,0x00,0x00,0x00,0x00,0x00,0x00,0x00,0x00,0x00,0x00,0x00,0x00,0x00,0x00,0x00,0x00,0x00,0x00,0x00,0x00,0x00,0x00,0x00,0x00,0x00,0x00,0x11,0x11,0x11,0xef,
    0x0a,0x0a,0x0a,0xff,0x4a,0x28,0x49,0xff,0x4e,0x27,0x4e,0xff,0x51,0x26,0x51,0xff,0x4f,0x25,0x52,0xff,0x50,0x27,0x55,0xff,0x55,0x26,0x55,0xff,0x52,0x28,0x56,0xff,
    0x50,0x28,0x56,0xff,0x54,0x28,0x56,0xff,0x55,0x29,0x57,0xff,0x52,0x2c,0x59,0xff,0x52,0x2a,0x58,0xff,0x5c,0x2a,0x5c,0xff,0x5c,0x28,0x5b,0xff,0x67,0x31,0x68,0xff,
    0x61,0x32,0x67,0xff,0x6b,0x2d,0x63,0xff,0x66,0x31,0x6b,0xff,0x70,0x2f,0x6d,0xff,0x68,0x2f,0x6a,0xff,0x6b,0x30,0x6d,0xff,0x69,0x2d,0x6a,0xff,0x55,0x1d,0x55,0xff,
    0x54,0x1f,0x54,0xff,0x4f,0x1e,0x4b,0xff,0x48,0x17,0x40,0xff,0x47,0x18,0x46,0xff,0x3b,0x11,0x33,0xff,0x39,0x10,0x32,0xff,0x38,0x11,0x31,0xff,0x34,0x0f,0x2e,0xff,
    0x2f,0x12,0x2b,0xff,0x20,0x06,0x1d,0xff,0x1a,0x05,0x14,0xff,0x36,0x27,0x33,0xbd,0xb9,0xb6,0xb9,0x42,0xac,0xb0,0xb0,0x47,0x00,0x00,0x00,0x00,0x00,0x00,0x00,0x00,
    0x00,0x00,0x00,0x00,0x00,0x00,0x00,0x00,0x00,0x00,0x00,0x00,0x00,0x00,0x00,0x00,0x00,0x00,0x00,0x00,0x00,0x00,0x00,0x00,0x00,0x00,0x00,0x00,0x00,0x00,0x00,0x00,
    0x00,0x00,0x00,0x00,0x00,0x00,0x00,0x00,0x00,0x00,0x00,0x00,0x00,0x00,0x00,0x00,0x00,0x00,0x00,0x00,0x00,0x00,0x00,0x00,0x00,0x00,0x00,0x00,0x00,0x00,0x00,0x00,
    0x00,0x00,0x00,0x00,0x00,0x00,0x00,0x00,0x00,0x00,0x00,0x00,0x00,0x00,0x00,0x00,0x00,0x00,0x00,0x00,0x00,0x00,0x00,0x00,0x00,0x00,0x00,0x00,0x00,0x00,0x00,0x00,
    0x00,0x00,0x00,0x00,0x00,0x00,0x00,0x00,0x00,0x00,0x00,0x00,0x00,0x00,0x00,0x00,0x00,0x00,0x00,0x00,0x00,0x00,0x00,0x00,0x00,0x00,0x00,0x00,0x00,0x00,0x00,0x00,
    0x00,0x00,0x00,0x00,0x00,0x00,0x00,0x00,0x00,0x00,0x00,0x00,0x00,0x00,0x00,0x00,0x00,0x00,0x00,0x00,0x00,0x00,0x00,0x00,0x00,0x00,0x00,0x00,0x00,0x00,0x00,0x00,
    0x00,0x00,0x00,0x00,0x00,0x00,0x00,0x00,0x00,0x00,0x00,0x00,0x00,0x00,0x00,0x00,0x00,0x00,0x00,0x00,0x00,0x00,0x00,0x00,0x00,0x00,0x00,0x00,0x00,0x00,0x00,0x00,
    0x00,0x00,0x00,0x00,0x00,0x00,0x00,0x00,0x00,0x00,0x00,0x00,0x00,0x00,0x00,0x00,0x00,0x00,0x00,0x00,0x00,0x00,0x00,0x00,0x00,0x00,0x00,0x00,0x00,0x00,0x00,0x00,
    0x00,0x00,0x00,0x00,0x00,0x00,0x00,0x00,0x00,0x00,0x00,0x00,0x00,0x00,0x00,0x00,0x00,0x00,0x00,0x00,0x00,0x00,0x00,0x00,0x00,0x00,0x00,0x00,0x00,0x00,0x00,0x00,
    0x00,0x00,0x00,0x00,0x00,0x00,0x00,0x00,0x00,0x00,0x00,0x00,0x00,0x00,0x00,0x00,0x00,0x00,0x00,0x00,0x00,0x00,0x00,0x00,0x00,0x00,0x00,0x00,0x69,0x6c,0x6e,0x61,
    0x0a,0x08,0x14,0xff,0x0c,0x0a,0x18,0xff,0x07,0x0b,0x16,0xff,0x0d,0x0a,0x19,0xff,0x0c,0x09,0x18,0xff,0x11,0x0e,0x1c,0xff,0x00,0x00,0x00,0x00,0x00,0x00,0x00,0x00,
    0x00,0x00,0x00,0x00,0x00,0x00,0x00,0x00,0x00,0x00,0x00,0x00,0x00,0x00,0x00,0x00,0x00,0x00,0x00,0x00,0x00,0x00,0x00,0x00,0x00,0x00,0x00,0x00,0x00,0x00,0x00,0x00,
    0x00,0x00,0x00,0x00,0x0c,0x0c,0x12,0xfd,0x0e,0x0b,0x14,0xff,0x0d,0x08,0x12,0xff,0x0c,0x08,0x13,0xff,0x0d,0x0a,0x13,0xff,0x11,0x0a,0x11,0xff,0x0f,0x0b,0x11,0xff,
    0x0e,0x0a,0x10,0xff,0x10,0x09,0x10,0xff,0x0e,0x09,0x0b,0xff,0x08,0x0a,0x0b,0xff,0x0b,0x06,0x0d,0xff,0x26,0x10,0x22,0xff,0x33,0x13,0x2c,0xff,0x43,0x12,0x3a,0xff,
    0x3f,0x13,0x3c,0xff,0x47,0x11,0x40,0xff,0x52,0x22,0x57,0xff,0x5e,0x23,0x5e,0xff,0x5f,0x23,0x5c,0xff,0x6d,0x30,0x6a,0xff,0x6d,0x2f,0x6b,0xff,0x68,0x2e,0x68,0xff,
    0x69,0x2e,0x6a,0xff,0x67,0x2c,0x68,0xff,0x62,0x2a,0x5f,0xff,0x58,0x24,0x57,0xff,0x3c,0x0f,0x38,0xff,0x36,0x11,0x2b,0xff,0x35,0x12,0x2c,0xff,0x2d,0x0b,0x23,0xff,
    0x29,0x0d,0x20,0xff,0x28,0x0c,0x1f,0xff,0x23,0x0b,0x1d,0xff,0x22,0x10,0x1d,0xff,0x10,0x09,0x10,0xff,0x09,0x0a,0x0e,0xff,0x00,0x00,0x00,0x00,0x00,0x00,0x00,0x00,
    0x00,0x00,0x00,0x00,0x00,0x00,0x00,0x00,0x00,0x00,0x00,0x00,0x00,0x00,0x00,0x00,0x00,0x00,0x00,0x00,0x00,0x00,0x00,0x00,0x00,0x00,0x00,0x00,0x00,0x00,0x00,0x00,
    0x00,0x00,0x00,0x00,0x00,0x00,0x00,0x00,0x00,0x00,0x00,0x00,0x00,0x00,0x00,0x00,0x00,0x00,0x00,0x00,0x00,0x00,0x00,0x00,0x00,0x00,0x00,0x00,0x00,0x00,0x00,0x00,
    0x00,0x00,0x00,0x00,0x00,0x00,0x00,0x00,0x00,0x00,0x00,0x00,0x00,0x00,0x00,0x00,0x00,0x00,0x00,0x00,0x00,0x00,0x00,0x00,0x00,0x00,0x00,0x00,0x00,0x00,0x00,0x00,
    0x00,0x00,0x00,0x00,0x00,0x00,0x00,0x00,0x00,0x00,0x00,0x00,0x00,0x00,0x00,0x00,0x00,0x00,0x00,0x00,0x00,0x00,0x00,0x00,0x00,0x00,0x00,0x00,0x00,0x00,0x00,0x00,
    0x00,0x00,0x00,0x00,0x00,0x00,0x00,0x00,0x00,0x00,0x00,0x00,0x00,0x00,0x00,0x00,0x00,0x00,0x00,0x00,0x00,0x00,0x00,0x00,0x00,0x00,0x00,0x00,0x00,0x00,0x00,0x00,
    0x00,0x00,0x00,0x00,0x00,0x00,0x00,0x00,0x00,0x00,0x00,0x00,0x00,0x00,0x00,0x00,0x00,0x00,0x00,0x00,0x00,0x00,0x00,0x00,0x00,0x00,0x00,0x00,0x00,0x00,0x00,0x00,
    0x00,0x00,0x00,0x00,0x00,0x00,0x00,0x00,0x00,0x00,0x00,0x00,0x00,0x00,0x00,0x00,0x00,0x00,0x00,0x00,0x00,0x00,0x00,0x00,0x00,0x00,0x00,0x00,0x00,0x00,0x00,0x00,
    0x00,0x00,0x00,0x00,0x00,0x00,0x00,0x00,0x00,0x00,0x00,0x00,0x00,0x00,0x00,0x00,0x00,0x00,0x00,0x00,0x00,0x00,0x00,0x00,0x00,0x00,0x00,0x00,0x00,0x00,0x00,0x00,
    0x00,0x00,0x00,0x00,0x00,0x00,0x00,0x00,0x00,0x00,0x00,0x00,0x00,0x00,0x00,0x00,0x00,0x00,0x00,0x00,0x00,0x00,0x00,0x00,0x00,0x00,0x00,0x00,0x64,0x6a,0x6d,0x5e,
    0x0e,0x0a,0x16,0xff,0x0b,0x0b,0x1b,0xff,0x02,0x0a,0x1b,0xff,0x08,0x0d,0x16,0xff,0x05,0x0b,0x16,0xff,0x0c,0x11,0x1a,0xff,0x00,0x00,0x00,0x00,0x00,0x00,0x00,0x00,
    0x00,0x00,0x00,0x00,0x00,0x00,0x00,0x00,0x00,0x00,0x00,0x00,0x00,0x00,0x00,0x00,0x00,0x00,0x00,0x00,0x00,0x00,0x00,0x00,0x00,0x00,0x00,0x00,0x00,0x00,0x00,0x00,
    0x00,0x00,0x00,0x00,0x11,0x08,0x12,0xfd,0x11,0x07,0x10,0xff,0x11,0x06,0x10,0xff,0x13,0x05,0x10,0xff,0x12,0x04,0x0f,0xff,0x0f,0x06,0x10,0xff,0x11,0x05,0x11,0xff,
    0x12,0x07,0x11,0xff,0x10,0x09,0x0e,0xff,0x10,0x06,0x12,0xff,0x0c,0x06,0x11,0xff,0x12,0x06,0x11,0xff,0x2b,0x0f,0x24,0xff,0x35,0x0f,0x2e,0xff,0x3c,0x14,0x30,0xff,
    0x3e,0x15,0x36,0xff,0x40,0x13,0x3b,0xff,0x56,0x25,0x56,0xff,0x5b,0x24,0x59,0xff,0x5f,0x26,0x60,0xff,0x6a,0x2e,0x6b,0xff,0x6c,0x2e,0x6e,0xff,0x6a,0x2d,0x71,0xff,
    0x68,0x2b,0x6c,0xff,0x66,0x2a,0x68,0xff,0x5f,0x24,0x5e,0xff,0x59,0x23,0x56,0xff,0x3e,0x0f,0x3b,0xff,0x39,0x12,0x30,0xff,0x36,0x10,0x2e,0xff,0x2d,0x09,0x24,0xff,
    0x2d,0x0b,0x23,0xff,0x2c,0x0b,0x20,0xff,0x28,0x0b,0x22,0xff,0x26,0x10,0x22,0xff,0x0c,0x04,0x0e,0xff,0x0a,0x0b,0x0f,0xff,0x00,0x00,0x00,0x00,0x00,0x00,0x00,0x00,
    0x00,0x00,0x00,0x00,0x00,0x00,0x00,0x00,0x00,0x00,0x00,0x00,0x00,0x00,0x00,0x00,0x00,0x00,0x00,0x00,0x00,0x00,0x00,0x00,0x00,0x00,0x00,0x00,0x00,0x00,0x00,0x00,
    0x00,0x00,0x00,0x00,0x00,0x00,0x00,0x00,0x00,0x00,0x00,0x00,0x00,0x00,0x00,0x00,0x00,0x00,0x00,0x00,0x00,0x00,0x00,0x00,0x00,0x00,0x00,0x00,0x00,0x00,0x00,0x00,
    0x00,0x00,0x00,0x00,0x00,0x00,0x00,0x00,0x00,0x00,0x00,0x00,0x00,0x00,0x00,0x00,0x00,0x00,0x00,0x00,0x00,0x00,0x00,0x00,0x00,0x00,0x00,0x00,0x00,0x00,0x00,0x00,
    0x00,0x00,0x00,0x00,0x00,0x00,0x00,0x00,0x00,0x00,0x00,0x00,0x00,0x00,0x00,0x00,0x00,0x00,0x00,0x00,0x00,0x00,0x00,0x00,0x00,0x00,0x00,0x00,0x00,0x00,0x00,0x00,
    0x00,0x00,0x00,0x00,0x00,0x00,0x00,0x00,0x00,0x00,0x00,0x00,0x00,0x00,0x00,0x00,0x00,0x00,0x00,0x00,0x00,0x00,0x00,0x00,0x00,0x00,0x00,0x00,0x00,0x00,0x00,0x00,
    0x00,0x00,0x00,0x00,0x00,0x00,0x00,0x00,0x00,0x00,0x00,0x00,0x00,0x00,0x00,0x00,0x00,0x00,0x00,0x00,0x00,0x00,0x00,0x00,0x00,0x00,0x00,0x00,0x00,0x00,0x00,0x00,
    0x00,0x00,0x00,0x00,0x00,0x00,0x00,0x00,0x00,0x00,0x00,0x00,0x00,0x00,0x00,0x00,0x00,0x00,0x00,0x00,0x00,0x00,0x00,0x00,0x00,0x00,0x00,0x00,0x00,0x00,0x00,0x00,
    0x00,0x00,0x00,0x00,0x00,0x00,0x00,0x00,0x00,0x00,0x00,0x00,0x00,0x00,0x00,0x00,0x00,0x00,0x00,0x00,0x00,0x00,0x00,0x00,0x00,0x00,0x00,0x00,0x00,0x00,0x00,0x00,
    0x00,0x00,0x00,0x00,0x00,0x00,0x00,0x00,0x00,0x00,0x00,0x00,0x00,0x00,0x00,0x00,0x00,0x00,0x00,0x00,0x00,0x00,0x00,0x00,0x00,0x00,0x00,0x00,0x68,0x6b,0x70,0x62,
    0x0e,0x0c,0x19,0xff,0x16,0x1b,0x30,0xff,0x57,0x6b,0x85,0xff,0x5e,0x6f,0x91,0xff,0x29,0x39,0x5e,0xff,0x2b,0x37,0x57,0xff,0x0a,0x0d,0x21,0xff,0x0c,0x0b,0x16,0xff,
    0x1b,0x19,0x1f,0xa3,0x00,0x00,0x00,0x00,0x00,0x00,0x00,0x00,0x00,0x00,0x00,0x00,0x00,0x00,0x00,0x00,0x00,0x00,0x00,0x00,0x00,0x00,0x00,0x00,0x00,0x00,0x00,0x00,
    0x00,0x00,0x00,0x00,0x00,0x00,0x00,0x00,0x4d,0x4d,0x51,0x87,0x43,0x42,0x47,0x90,0x0d,0x08,0x10,0xff,0x11,0x07,0x12,0xff,0x23,0x0d,0x1f,0xff,0x25,0x0c,0x20,0xff,
    0x1f,0x0b,0x1e,0xff,0x0f,0x05,0x11,0xff,0x0b,0x04,0x11,0xff,0x0a,0x05,0x0e,0xff,0x57,0x53,0x58,0xff,0x53,0x53,0x60,0xff,0x4e,0x5b,0x72,0xff,0x37,0x3d,0x4f,0xff,
    0x47,0x43,0x58,0xff,0x46,0x44,0x58,0xff,0x36,0x1a,0x2e,0xff,0x2f,0x14,0x27,0xff,0x30,0x14,0x2b,0xff,0x31,0x0e,0x27,0xff,0x33,0x0c,0x27,0xff,0x3d,0x11,0x35,0xff,
    0x3f,0x11,0x38,0xff,0x48,0x14,0x45,0xff,0x5a,0x20,0x56,0xff,0x56,0x1f,0x50,0xff,0x62,0x2d,0x5f,0xff,0x66,0x2f,0x66,0xff,0x62,0x2c,0x5f,0xff,0x4f,0x1e,0x4a,0xff,
    0x4c,0x21,0x46,0xff,0x38,0x0e,0x31,0xff,0x38,0x11,0x31,0xff,0x32,0x17,0x2b,0xff,0x0d,0x01,0x0d,0xff,0x0c,0x0a,0x10,0xff,0x0d,0x06,0x0d,0xff,0x12,0x0b,0x12,0xff,
    0x0d,0x09,0x0e,0xff,0x8e,0x84,0x8e,0x1b,0x00,0x00,0x00,0x00,0x00,0x00,0x00,0x00,0x00,0x00,0x00,0x00,0x00,0x00,0x00,0x00,0x00,0x00,0x00,0x00,0x00,0x00,0x00,0x00,
    0x00,0x00,0x00,0x00,0x00,0x00,0x00,0x00,0x00,0x00,0x00,0x00,0x00,0x00,0x00,0x00,0x00,0x00,0x00,0x00,0x00,0x00,0x00,0x00,0x00,0x00,0x00,0x00,0x00,0x00,0x00,0x00,
    0x00,0x00,0x00,0x00,0x00,0x00,0x00,0x00,0x00,0x00,0x00,0x00,0x00,0x00,0x00,0x00,0x00,0x00,0x00,0x00,0x00,0x00,0x00,0x00,0x00,0x00,0x00,0x00,0x00,0x00,0x00,0x00,
    0x00,0x00,0x00,0x00,0x00,0x00,0x00,0x00,0x00,0x00,0x00,0x00,0x00,0x00,0x00,0x00,0x00,0x00,0x00,0x00,0x00,0x00,0x00,0x00,0x00,0x00,0x00,0x00,0x00,0x00,0x00,0x00,
    0x00,0x00,0x00,0x00,0x00,0x00,0x00,0x00,0x00,0x00,0x00,0x00,0x00,0x00,0x00,0x00,0x00,0x00,0x00,0x00,0x00,0x00,0x00,0x00,0x00,0x00,0x00,0x00,0x00,0x00,0x00,0x00,
    0x00,0x00,0x00,0x00,0x00,0x00,0x00,0x00,0x00,0x00,0x00,0x00,0x00,0x00,0x00,0x00,0x00,0x00,0x00,0x00,0x00,0x00,0x00,0x00,0x00,0x00,0x00,0x00,0x00,0x00,0x00,0x00,
    0x00,0x00,0x00,0x00,0x00,0x00,0x00,0x00,0x00,0x00,0x00,0x00,0x00,0x00,0x00,0x00,0x00,0x00,0x00,0x00,0x00,0x00,0x00,0x00,0x00,0x00,0x00,0x00,0x00,0x00,0x00,0x00,
    0x00,0x00,0x00,0x00,0x00,0x00,0x00,0x00,0x00,0x00,0x00,0x00,0x00,0x00,0x00,0x00,0x00,0x00,0x00,0x00,0x00,0x00,0x00,0x00,0x00,0x00,0x00,0x00,0x00,0x00,0x00,0x00,
    0x00,0x00,0x00,0x00,0x00,0x00,0x00,0x00,0x00,0x00,0x00,0x00,0x00,0x00,0x00,0x00,0x00,0x00,0x00,0x00,0x00,0x00,0x00,0x00,0x00,0x00,0x00,0x00,0x6b,0x6e,0x6e,0x64,
    0x08,0x09,0x15,0xff,0x14,0x1d,0x36,0xff,0x56,0x70,0x8f,0xff,0x57,0x6f,0x8c,0xff,0x26,0x3d,0x5d,0xff,0x28,0x37,0x55,0xff,0x0a,0x0d,0x1a,0xff,0x0c,0x09,0x14,0xff,
    0x22,0x1f,0x28,0xa4,0x00,0x00,0x00,0x00,0x00,0x00,0x00,0x00,0x00,0x00,0x00,0x00,0x00,0x00,0x00,0x00,0x00,0x00,0x00,0x00,0x00,0x00,0x00,0x00,0x00,0x00,0x00,0x00,
    0x00,0x00,0x00,0x00,0x00,0x00,0x00,0x00,0x00,0x00,0x00,0x00,0x00,0x00,0x00,0x00,0x11,0x0d,0x13,0xff,0x10,0x04,0x10,0xff,0x27,0x0d,0x1d,0xff,0x27,0x0b,0x1f,0xff,
    0x22,0x0c,0x1e,0xff,0x0f,0x08,0x0f,0xff,0x0f,0x08,0x0d,0xff,0x11,0x0a,0x0d,0xff,0x58,0x52,0x5a,0xff,0x47,0x54,0x69,0xff,0x68,0x90,0xb3,0xff,0x5e,0x88,0xb1,0xff,
    0x5b,0x78,0xa0,0xff,0x57,0x74,0x96,0xff,0x21,0x1c,0x36,0xff,0x1f,0x1a,0x2d,0xff,0x28,0x19,0x2f,0xff,0x24,0x0c,0x23,0xff,0x2a,0x0b,0x24,0xff,0x39,0x12,0x33,0xff,
    0x3e,0x15,0x36,0xff,0x45,0x18,0x41,0xff,0x51,0x1c,0x51,0xff,0x55,0x1b,0x51,0xff,0x69,0x2e,0x6a,0xff,0x6d,0x2d,0x6c,0xff,0x69,0x2c,0x66,0xff,0x52,0x1a,0x4d,0xff,
    0x4f,0x20,0x48,0xff,0x3c,0x10,0x34,0xff,0x3c,0x11,0x32,0xff,0x34,0x15,0x2a,0xff,0x11,0x05,0x11,0xff,0x08,0x05,0x0e,0xff,0x10,0x08,0x12,0xff,0x0f,0x07,0x12,0xff,
    0x0c,0x07,0x10,0xff,0x3b,0x37,0x3c,0xa1,0x00,0x00,0x00,0x00,0x00,0x00,0x00,0x00,0x00,0x00,0x00,0x00,0x00,0x00,0x00,0x00,0x00,0x00,0x00,0x00,0x00,0x00,0x00,0x00,
    0x00,0x00,0x00,0x00,0x00,0x00,0x00,0x00,0x00,0x00,0x00,0x00,0x00,0x00,0x00,0x00,0x00,0x00,0x00,0x00,0x00,0x00,0x00,0x00,0x00,0x00,0x00,0x00,0x00,0x00,0x00,0x00,
    0x00,0x00,0x00,0x00,0x00,0x00,0x00,0x00,0x00,0x00,0x00,0x00,0x00,0x00,0x00,0x00,0x00,0x00,0x00,0x00,0x00,0x00,0x00,0x00,0x00,0x00,0x00,0x00,0x00,0x00,0x00,0x00,
    0x00,0x00,0x00,0x00,0x00,0x00,0x00,0x00,0x00,0x00,0x00,0x00,0x00,0x00,0x00,0x00,0x00,0x00,0x00,0x00,0x00,0x00,0x00,0x00,0x00,0x00,0x00,0x00,0x00,0x00,0x00,0x00,
    0x00,0x00,0x00,0x00,0x00,0x00,0x00,0x00,0x00,0x00,0x00,0x00,0x00,0x00,0x00,0x00,0x00,0x00,0x00,0x00,0x00,0x00,0x00,0x00,0x00,0x00,0x00,0x00,0x00,0x00,0x00,0x00,
    0x00,0x00,0x00,0x00,0x00,0x00,0x00,0x00,0x00,0x00,0x00,0x00,0x00,0x00,0x00,0x00,0x00,0x00,0x00,0x00,0x00,0x00,0x00,0x00,0x00,0x00,0x00,0x00,0x00,0x00,0x00,0x00,
    0x00,0x00,0x00,0x00,0x00,0x00,0x00,0x00,0x00,0x00,0x00,0x00,0x00,0x00,0x00,0x00,0x00,0x00,0x00,0x00,0x00,0x00,0x00,0x00,0x00,0x00,0x00,0x00,0x00,0x00,0x00,0x00,
    0x00,0x00,0x00,0x00,0x00,0x00,0x00,0x00,0x00,0x00,0x00,0x00,0x00,0x00,0x00,0x00,0x00,0x00,0x00,0x00,0x00,0x00,0x00,0x00,0x00,0x00,0x00,0x00,0x00,0x00,0x00,0x00,
    0x00,0x00,0x00,0x00,0x00,0x00,0x00,0x00,0x00,0x00,0x00,0x00,0x00,0x00,0x00,0x00,0x00,0x00,0x00,0x00,0x00,0x00,0x00,0x00,0x00,0x00,0x00,0x00,0x6d,0x6d,0x70,0x69,
    0x08,0x0a,0x15,0xff,0x17,0x22,0x35,0xff,0x5c,0x72,0x8b,0xff,0x60,0x70,0x87,0xff,0x26,0x3b,0x5d,0xff,0x30,0x3d,0x58,0xff,0x09,0x0b,0x18,0xff,0x08,0x0b,0x17,0xff,
    0x1d,0x1c,0x24,0xa5,0x00,0x00,0x00,0x00,0x00,0x00,0x00,0x00,0x00,0x00,0x00,0x00,0x00,0x00,0x00,0x00,0x00,0x00,0x00,0x00,0x00,0x00,0x00,0x00,0x00,0x00,0x00,0x00,
    0x00,0x00,0x00,0x00,0x00,0x00,0x00,0x00,0x00,0x00,0x00,0x00,0x00,0x00,0x00,0x00,0x0c,0x0c,0x0c,0xef,0x16,0x12,0x14,0xf0,0x1e,0x0b,0x1a,0xff,0x26,0x0e,0x21,0xff,
    0x22,0x0e,0x1d,0xff,0x10,0x05,0x0d,0xff,0x13,0x05,0x14,0xff,0x12,0x03,0x11,0xff,0x64,0x64,0x74,0xff,0x50,0x67,0x80,0xff,0x6d,0x92,0xb4,0xff,0x67,0x96,0xbc,0xff,
    0x68,0x97,0xbd,0xff,0x68,0x94,0xba,0xff,0x43,0x62,0x85,0xff,0x4c,0x64,0x85,0xff,0x51,0x62,0x7f,0xff,0x1c,0x0f,0x26,0xff,0x1c,0x0f,0x29,0xff,0x3f,0x1c,0x3b,0xff,
    0x43,0x15,0x33,0xff,0x40,0x18,0x3a,0xff,0x4b,0x1e,0x48,0xff,0x52,0x1f,0x4d,0xff,0x60,0x2c,0x5e,0xff,0x69,0x2f,0x69,0xff,0x67,0x2e,0x65,0xff,0x50,0x1b,0x4a,0xff,
    0x51,0x21,0x4b,0xff,0x3f,0x0f,0x3a,0xff,0x41,0x12,0x37,0xff,0x33,0x14,0x2f,0xff,0x16,0x03,0x18,0xff,0x14,0x05,0x15,0xff,0x12,0x07,0x13,0xff,0x15,0x06,0x13,0xff,
    0x16,0x05,0x17,0xff,0x3a,0x33,0x3b,0xa4,0x00,0x00,0x00,0x00,0x00,0x00,0x00,0x00,0x00,0x00,0x00,0x00,0x00,0x00,0x00,0x00,0x00,0x00,0x00,0x00,0x00,0x00,0x00,0x00,
    0x00,0x00,0x00,0x00,0x00,0x00,0x00,0x00,0x00,0x00,0x00,0x00,0x00,0x00,0x00,0x00,0x00,0x00,0x00,0x00,0x00,0x00,0x00,0x00,0x00,0x00,0x00,0x00,0x00,0x00,0x00,0x00,
    0x00,0x00,0x00,0x00,0x00,0x00,0x00,0x00,0x00,0x00,0x00,0x00,0x00,0x00,0x00,0x00,0x00,0x00,0x00,0x00,0x00,0x00,0x00,0x00,0x00,0x00,0x00,0x00,0x00,0x00,0x00,0x00,
    0x00,0x00,0x00,0x00,0x00,0x00,0x00,0x00,0x00,0x00,0x00,0x00,0x00,0x00,0x00,0x00,0x00,0x00,0x00,0x00,0x00,0x00,0x00,0x00,0x00,0x00,0x00,0x00,0x00,0x00,0x00,0x00,
    0x00,0x00,0x00,0x00,0x00,0x00,0x00,0x00,0x00,0x00,0x00,0x00,0x00,0x00,0x00,0x00,0x00,0x00,0x00,0x00,0x00,0x00,0x00,0x00,0x00,0x00,0x00,0x00,0x00,0x00,0x00,0x00,
    0x00,0x00,0x00,0x00,0x00,0x00,0x00,0x00,0x00,0x00,0x00,0x00,0x00,0x00,0x00,0x00,0x00,0x00,0x00,0x00,0x00,0x00,0x00,0x00,0x00,0x00,0x00,0x00,0x00,0x00,0x00,0x00,
    0x00,0x00,0x00,0x00,0x00,0x00,0x00,0x00,0x00,0x00,0x00,0x00,0x00,0x00,0x00,0x00,0x00,0x00,0x00,0x00,0x00,0x00,0x00,0x00,0x00,0x00,0x00,0x00,0x00,0x00,0x00,0x00,
    0x00,0x00,0x00,0x00,0x00,0x00,0x00,0x00,0x00,0x00,0x00,0x00,0x00,0x00,0x00,0x00,0x00,0x00,0x00,0x00,0x00,0x00,0x00,0x00,0x00,0x00,0x00,0x00,0x00,0x00,0x00,0x00,
    0x00,0x00,0x00,0x00,0x00,0x00,0x00,0x00,0x00,0x00,0x00,0x00,0x00,0x00,0x00,0x00,0x00,0x00,0x00,0x00,0x00,0x00,0x00,0x00,0x00,0x00,0x00,0x00,0x6c,0x6c,0x71,0x68,
    0x0e,0x09,0x18,0xff,0x29,0x21,0x2e,0xff,0x7f,0x74,0x80,0xff,0x76,0x6e,0x7b,0xff,0x30,0x3a,0x5b,0xff,0x2c,0x3a,0x5a,0xff,0x04,0x09,0x16,0xff,0x09,0x0c,0x16,0xff,
    0x1c,0x1c,0x24,0xa3,0x00,0x00,0x00,0x00,0x00,0x00,0x00,0x00,0x00,0x00,0x00,0x00,0x00,0x00,0x00,0x00,0x00,0x00,0x00,0x00,0x00,0x00,0x00,0x00,0x00,0x00,0x00,0x00,
    0x00,0x00,0x00,0x00,0x00,0x00,0x00,0x00,0x00,0x00,0x00,0x00,0x00,0x00,0x00,0x00,0x00,0x00,0x00,0x00,0x00,0x00,0x00,0x00,0x0c,0x09,0x0e,0xfa,0x14,0x0a,0x16,0xff,
    0x10,0x06,0x12,0xff,0x0d,0x08,0x11,0xff,0x34,0x1d,0x2f,0xff,0x36,0x1e,0x30,0xff,0x7c,0x7a,0x8a,0xff,0x93,0xa1,0xb4,0xff,0x91,0xa1,0xbb,0xff,0x67,0x9b,0xc0,0xff,
    0x65,0x99,0xc1,0xff,0x63,0x97,0xbe,0xff,0x69,0x9a,0xbf,0xff,0x6d,0x9b,0xc0,0xff,0x6b,0x9b,0xc6,0xff,0x6d,0x9d,0xc4,0xff,0x73,0x9c,0xc1,0xff,0x41,0x5d,0x76,0xff,
    0x3c,0x5a,0x6f,0xff,0x3f,0x47,0x5d,0xff,0x2c,0x0e,0x1d,0xff,0x26,0x0e,0x20,0xff,0x2b,0x0f,0x2a,0xff,0x31,0x0e,0x28,0xff,0x38,0x0d,0x30,0xff,0x51,0x1b,0x4a,0xff,
    0x51,0x1b,0x4e,0xff,0x4a,0x1b,0x4c,0xff,0x4d,0x1a,0x4c,0xff,0x4b,0x1c,0x4a,0xff,0x4b,0x1d,0x48,0xff,0x50,0x1d,0x49,0xff,0x53,0x1d,0x4a,0xff,0x4d,0x1a,0x4b,0xff,
    0x48,0x1e,0x47,0xff,0x1e,0x09,0x20,0xff,0x0d,0x04,0x0f,0xff,0x0b,0x08,0x0d,0xff,0x0b,0x08,0x0d,0xff,0x10,0x0c,0x11,0xff,0xea,0xea,0xea,0x0c,0x00,0x00,0x00,0x00,
    0x00,0x00,0x00,0x00,0x00,0x00,0x00,0x00,0x00,0x00,0x00,0x00,0x00,0x00,0x00,0x00,0x00,0x00,0x00,0x00,0x00,0x00,0x00,0x00,0x00,0x00,0x00,0x00,0x00,0x00,0x00,0x00,
    0x00,0x00,0x00,0x00,0x00,0x00,0x00,0x00,0x00,0x00,0x00,0x00,0x00,0x00,0x00,0x00,0x00,0x00,0x00,0x00,0x00,0x00,0x00,0x00,0x00,0x00,0x00,0x00,0x00,0x00,0x00,0x00,
    0x00,0x00,0x00,0x00,0x00,0x00,0x00,0x00,0x00,0x00,0x00,0x00,0x00,0x00,0x00,0x00,0x00,0x00,0x00,0x00,0x00,0x00,0x00,0x00,0x00,0x00,0x00,0x00,0x00,0x00,0x00,0x00,
    0x00,0x00,0x00,0x00,0x00,0x00,0x00,0x00,0x00,0x00,0x00,0x00,0x00,0x00,0x00,0x00,0x00,0x00,0x00,0x00,0x00,0x00,0x00,0x00,0x00,0x00,0x00,0x00,0x00,0x00,0x00,0x00,
    0x00,0x00,0x00,0x00,0x00,0x00,0x00,0x00,0x00,0x00,0x00,0x00,0x00,0x00,0x00,0x00,0x00,0x00,0x00,0x00,0x00,0x00,0x00,0x00,0x00,0x00,0x00,0x00,0x00,0x00,0x00,0x00,
    0x00,0x00,0x00,0x00,0x00,0x00,0x00,0x00,0x00,0x00,0x00,0x00,0x00,0x00,0x00,0x00,0x00,0x00,0x00,0x00,0x00,0x00,0x00,0x00,0x00,0x00,0x00,0x00,0x00,0x00,0x00,0x00,
    0x00,0x00,0x00,0x00,0x00,0x00,0x00,0x00,0x00,0x00,0x00,0x00,0x00,0x00,0x00,0x00,0x00,0x00,0x00,0x00,0x00,0x00,0x00,0x00,0x00,0x00,0x00,0x00,0x00,0x00,0x00,0x00,
    0x00,0x00,0x00,0x00,0x00,0x00,0x00,0x00,0x00,0x00,0x00,0x00,0x00,0x00,0x00,0x00,0x00,0x00,0x00,0x00,0x00,0x00,0x00,0x00,0x00,0x00,0x00,0x00,0x6a,0x6a,0x72,0x65,
    0x08,0x0a,0x17,0xff,0x25,0x22,0x29,0xff,0x7d,0x75,0x75,0xff,0x78,0x73,0x78,0xff,0x29,0x39,0x57,0xff,0x29,0x3b,0x5c,0xff,0x09,0x0b,0x1b,0xff,0x09,0x0a,0x14,0xff,
    0x1e,0x1e,0x25,0xa4,0x00,0x00,0x00,0x00,0x00,0x00,0x00,0x00,0x00,0x00,0x00,0x00,0x00,0x00,0x00,0x00,0x00,0x00,0x00,0x00,0x00,0x00,0x00,0x00,0x00,0x00,0x00,0x00,
    0x00,0x00,0x00,0x00,0x00,0x00,0x00,0x00,0x00,0x00,0x00,0x00,0x00,0x00,0x00,0x00,0x00,0x00,0x00,0x00,0x00,0x00,0x00,0x00,0x0b,0x0a,0x0c,0xfa,0x0f,0x09,0x0e,0xff,
    0x09,0x01,0x08,0xff,0x13,0x0c,0x13,0xff,0x3c,0x1e,0x36,0xff,0x3a,0x1e,0x35,0xff,0x84,0x82,0x95,0xff,0x93,0xa3,0xb4,0xff,0x92,0xa2,0xb7,0xff,0x69,0x96,0xbc,0xff,
    0x6a,0x98,0xc1,0xff,0x67,0x9a,0xc2,0xff,0x69,0x9c,0xc3,0xff,0x6a,0x9d,0xc1,0xff,0x69,0x9a,0xbf,0xff,0x6b,0xa0,0xc3,0xff,0x6b,0x99,0xc2,0xff,0x6a,0x97,0xbc,0xff,
    0x66,0x9b,0xbb,0xff,0x53,0x65,0x82,0xff,0x2b,0x0f,0x20,0xff,0x22,0x10,0x21,0xff,0x2e,0x10,0x27,0xff,0x2d,0x0f,0x26,0xff,0x34,0x0c,0x2e,0xff,0x4f,0x1c,0x4a,0xff,
    0x4f,0x1b,0x4b,0xff,0x4a,0x1c,0x46,0xff,0x4f,0x1a,0x48,0xff,0x4e,0x1c,0x48,0xff,0x4e,0x1d,0x4b,0xff,0x4e,0x1b,0x4a,0xff,0x50,0x1a,0x4b,0xff,0x53,0x1a,0x4d,0xff,
    0x4b,0x1b,0x46,0xff,0x25,0x0b,0x22,0xff,0x12,0x05,0x11,0xff,0x0f,0x07,0x11,0xff,0x10,0x07,0x12,0xff,0x10,0x06,0x12,0xff,0xe8,0xe8,0xe8,0x0b,0x00,0x00,0x00,0x00,
    0x00,0x00,0x00,0x00,0x00,0x00,0x00,0x00,0x00,0x00,0x00,0x00,0x00,0x00,0x00,0x00,0x00,0x00,0x00,0x00,0x00,0x00,0x00,0x00,0x00,0x00,0x00,0x00,0x00,0x00,0x00,0x00,
    0x00,0x00,0x00,0x00,0x00,0x00,0x00,0x00,0x00,0x00,0x00,0x00,0x00,0x00,0x00,0x00,0x00,0x00,0x00,0x00,0x00,0x00,0x00,0x00,0x00,0x00,0x00,0x00,0x00,0x00,0x00,0x00,
    0x00,0x00,0x00,0x00,0x00,0x00,0x00,0x00,0x00,0x00,0x00,0x00,0x00,0x00,0x00,0x00,0x00,0x00,0x00,0x00,0x00,0x00,0x00,0x00,0x00,0x00,0x00,0x00,0x00,0x00,0x00,0x00,
    0x00,0x00,0x00,0x00,0x00,0x00,0x00,0x00,0x00,0x00,0x00,0x00,0x00,0x00,0x00,0x00,0x00,0x00,0x00,0x00,0x00,0x00,0x00,0x00,0x00,0x00,0x00,0x00,0x00,0x00,0x00,0x00,
    0x00,0x00,0x00,0x00,0x00,0x00,0x00,0x00,0x00,0x00,0x00,0x00,0x00,0x00,0x00,0x00,0x00,0x00,0x00,0x00,0x00,0x00,0x00,0x00,0x00,0x00,0x00,0x00,0x00,0x00,0x00,0x00,
    0x00,0x00,0x00,0x00,0x00,0x00,0x00,0x00,0x00,0x00,0x00,0x00,0x00,0x00,0x00,0x00,0x00,0x00,0x00,0x00,0x00,0x00,0x00,0x00,0x00,0x00,0x00,0x00,0x00,0x00,0x00,0x00,
    0x00,0x00,0x00,0x00,0x00,0x00,0x00,0x00,0x00,0x00,0x00,0x00,0x00,0x00,0x00,0x00,0x00,0x00,0x00,0x00,0x00,0x00,0x00,0x00,0x00,0x00,0x00,0x00,0x00,0x00,0x00,0x00,
    0x00,0x00,0x00,0x00,0x00,0x00,0x00,0x00,0x00,0x00,0x00,0x00,0x00,0x00,0x00,0x00,0x00,0x00,0x00,0x00,0x00,0x00,0x00,0x00,0x00,0x00,0x00,0x00,0x68,0x68,0x70,0x62,
    0x09,0x0a,0x14,0xff,0x24,0x22,0x2b,0xff,0x78,0x72,0x79,0xff,0x75,0x70,0x79,0xff,0x41,0x4e,0x6b,0xff,0x43,0x52,0x6f,0xff,0x0a,0x0a,0x1a,0xff,0x0a,0x09,0x16,0xff,
    0x1f,0x1f,0x27,0xaa,0x00,0x00,0x00,0x00,0x00,0x00,0x00,0x00,0x00,0x00,0x00,0x00,0x00,0x00,0x00,0x00,0x00,0x00,0x00,0x00,0x00,0x00,0x00,0x00,0x00,0x00,0x00,0x00,
    0x00,0x00,0x00,0x00,0x00,0x00,0x00,0x00,0x00,0x00,0x00,0x00,0x00,0x00,0x00,0x00,0x00,0x00,0x00,0x00,0x00,0x00,0x00,0x00,0x00,0x00,0x00,0x00,0x00,0x00,0x00,0x00,
    0x00,0x00,0x00,0x00,0x00,0x00,0x00,0x00,0x18,0x0d,0x1a,0xff,0x17,0x0a,0x17,0xff,0x40,0x3a,0x46,0xff,0x56,0x57,0x62,0xff,0x55,0x56,0x63,0xff,0x6e,0x9d,0xc3,0xff,
    0x6c,0x99,0xc2,0xff,0x6d,0x99,0xc0,0xff,0x97,0xc3,0xe5,0xff,0x99,0xc5,0xe5,0xff,0x90,0xb2,0xcb,0xff,0x01,0x04,0x0f,0xff,0x00,0x07,0x18,0xff,0x6d,0x9a,0xbe,0xff,
    0x67,0x9b,0xc5,0xff,0x67,0x93,0xb5,0xff,0x62,0x7e,0x9c,0xff,0x6e,0x84,0xa4,0xff,0x64,0x63,0x73,0xff,0x6e,0x5d,0x6c,0xff,0x6c,0x5a,0x6b,0xff,0x31,0x1c,0x30,0xff,
    0x32,0x17,0x2f,0xff,0x2f,0x10,0x2a,0xff,0x30,0x0e,0x2b,0xff,0x31,0x0d,0x2a,0xff,0x32,0x0c,0x2b,0xff,0x32,0x0a,0x2c,0xff,0x47,0x1b,0x41,0xff,0x4f,0x1b,0x4a,0xff,
    0x4e,0x1b,0x48,0xff,0x46,0x1c,0x40,0xff,0x46,0x1e,0x40,0xff,0x4b,0x1f,0x43,0xff,0x4a,0x1e,0x43,0xff,0x46,0x1f,0x43,0xff,0x22,0x10,0x22,0xff,0x16,0x11,0x15,0xff,
    0x0b,0x0b,0x0b,0xfd,0x00,0x00,0x00,0x00,0x00,0x00,0x00,0x00,0x00,0x00,0x00,0x00,0x00,0x00,0x00,0x00,0x00,0x00,0x00,0x00,0x00,0x00,0x00,0x00,0x00,0x00,0x00,0x00,
    0x00,0x00,0x00,0x00,0x00,0x00,0x00,0x00,0x00,0x00,0x00,0x00,0x00,0x00,0x00,0x00,0x00,0x00,0x00,0x00,0x00,0x00,0x00,0x00,0x00,0x00,0x00,0x00,0x00,0x00,0x00,0x00,
    0x00,0x00,0x00,0x00,0x00,0x00,0x00,0x00,0x00,0x00,0x00,0x00,0x00,0x00,0x00,0x00,0x00,0x00,0x00,0x00,0x00,0x00,0x00,0x00,0x00,0x00,0x00,0x00,0x00,0x00,0x00,0x00,
    0x00,0x00,0x00,0x00,0x00,0x00,0x00,0x00,0x00,0x00,0x00,0x00,0x00,0x00,0x00,0x00,0x00,0x00,0x00,0x00,0x00,0x00,0x00,0x00,0x00,0x00,0x00,0x00,0x00,0x00,0x00,0x00,
    0x00,0x00,0x00,0x00,0x00,0x00,0x00,0x00,0x00,0x00,0x00,0x00,0x00,0x00,0x00,0x00,0x00,0x00,0x00,0x00,0x00,0x00,0x00,0x00,0x00,0x00,0x00,0x00,0x00,0x00,0x00,0x00,
    0x00,0x00,0x00,0x00,0x00,0x00,0x00,0x00,0x00,0x00,0x00,0x00,0x00,0x00,0x00,0x00,0x00,0x00,0x00,0x00,0x00,0x00,0x00,0x00,0x00,0x00,0x00,0x00,0x00,0x00,0x00,0x00,
    0x00,0x00,0x00,0x00,0x00,0x00,0x00,0x00,0x00,0x00,0x00,0x00,0x00,0x00,0x00,0x00,0x00,0x00,0x00,0x00,0x00,0x00,0x00,0x00,0x00,0x00,0x00,0x00,0x00,0x00,0x00,0x00,
    0x00,0x00,0x00,0x00,0x00,0x00,0x00,0x00,0x00,0x00,0x00,0x00,0x00,0x00,0x00,0x00,0x00,0x00,0x00,0x00,0x00,0x00,0x00,0x00,0x00,0x00,0x00,0x00,0x6a,0x6a,0x6f,0x63,
    0x0c,0x0b,0x14,0xff,0x26,0x20,0x2b,0xff,0x7f,0x74,0x7d,0xff,0x79,0x70,0x7c,0xff,0x46,0x51,0x70,0xff,0x44,0x50,0x6e,0xff,0x07,0x0a,0x17,0xff,0x09,0x0a,0x17,0xff,
    0x21,0x21,0x28,0xab,0x00,0x00,0x00,0x00,0x00,0x00,0x00,0x00,0x00,0x00,0x00,0x00,0x00,0x00,0x00,0x00,0x00,0x00,0x00,0x00,0x00,0x00,0x00,0x00,0x00,0x00,0x00,0x00,
    0x00,0x00,0x00,0x00,0x00,0x00,0x00,0x00,0x00,0x00,0x00,0x00,0x00,0x00,0x00,0x00,0x00,0x00,0x00,0x00,0x00,0x00,0x00,0x00,0x00,0x00,0x00,0x00,0x00,0x00,0x00,0x00,
    0x00,0x00,0x00,0x00,0x00,0x00,0x00,0x00,0x0f,0x0e,0x13,0xff,0x0c,0x07,0x0d,0xff,0x3d,0x33,0x3a,0xff,0x5d,0x53,0x59,0xff,0x63,0x58,0x5e,0xff,0x67,0x9c,0xc2,0xff,
    0x69,0x9a,0xc0,0xff,0x6b,0x99,0xbd,0xff,0x9a,0xc4,0xe5,0xff,0x9d,0xc6,0xe3,0xff,0x95,0xb3,0xca,0xff,0x0e,0x04,0x06,0xff,0x00,0x02,0x08,0xff,0x70,0x9d,0xbc,0xff,
    0x66,0x96,0xbe,0xff,0x64,0x91,0xb2,0xff,0x5f,0x87,0xac,0xff,0x60,0x82,0xa7,0xff,0x5e,0x60,0x6e,0xff,0x6f,0x68,0x6c,0xff,0x69,0x60,0x63,0xff,0x25,0x1f,0x26,0xff,
    0x2a,0x1b,0x2a,0xff,0x2a,0x13,0x24,0xff,0x27,0x0b,0x25,0xff,0x2c,0x0e,0x27,0xff,0x2e,0x0b,0x25,0xff,0x37,0x0e,0x2a,0xff,0x4b,0x1f,0x44,0xff,0x4d,0x1a,0x4a,0xff,
    0x52,0x18,0x4d,0xff,0x50,0x19,0x4a,0xff,0x50,0x18,0x4b,0xff,0x56,0x19,0x4d,0xff,0x54,0x1a,0x4e,0xff,0x50,0x1c,0x4b,0xff,0x27,0x0a,0x26,0xff,0x0f,0x04,0x0f,0xff,
    0x0d,0x0a,0x0d,0xfd,0x00,0x00,0x00,0x00,0x00,0x00,0x00,0x00,0x00,0x00,0x00,0x00,0x00,0x00,0x00,0x00,0x00,0x00,0x00,0x00,0x00,0x00,0x00,0x00,0x00,0x00,0x00,0x00,
    0x00,0x00,0x00,0x00,0x00,0x00,0x00,0x00,0x00,0x00,0x00,0x00,0x00,0x00,0x00,0x00,0x00,0x00,0x00,0x00,0x00,0x00,0x00,0x00,0x00,0x00,0x00,0x00,0x00,0x00,0x00,0x00,
    0x00,0x00,0x00,0x00,0x00,0x00,0x00,0x00,0x00,0x00,0x00,0x00,0x00,0x00,0x00,0x00,0x00,0x00,0x00,0x00,0x00,0x00,0x00,0x00,0x00,0x00,0x00,0x00,0x00,0x00,0x00,0x00,
    0x00,0x00,0x00,0x00,0x00,0x00,0x00,0x00,0x00,0x00,0x00,0x00,0x00,0x00,0x00,0x00,0x00,0x00,0x00,0x00,0x00,0x00,0x00,0x00,0x00,0x00,0x00,0x00,0x00,0x00,0x00,0x00,
    0x00,0x00,0x00,0x00,0x00,0x00,0x00,0x00,0x00,0x00,0x00,0x00,0x00,0x00,0x00,0x00,0x00,0x00,0x00,0x00,0x00,0x00,0x00,0x00,0x00,0x00,0x00,0x00,0x00,0x00,0x00,0x00,
    0x00,0x00,0x00,0x00,0x00,0x00,0x00,0x00,0x00,0x00,0x00,0x00,0x00,0x00,0x00,0x00,0x00,0x00,0x00,0x00,0x00,0x00,0x00,0x00,0x00,0x00,0x00,0x00,0x00,0x00,0x00,0x00,
    0x00,0x00,0x00,0x00,0x00,0x00,0x00,0x00,0x00,0x00,0x00,0x00,0x00,0x00,0x00,0x00,0x00,0x00,0x00,0x00,0x00,0x00,0x00,0x00,0x00,0x00,0x00,0x00,0x00,0x00,0x00,0x00,
    0x00,0x00,0x00,0x00,0x00,0x00,0x00,0x00,0x00,0x00,0x00,0x00,0x00,0x00,0x00,0x00,0x00,0x00,0x00,0x00,0x00,0x00,0x00,0x00,0x00,0x00,0x00,0x00,0x6e,0x6b,0x70,0x64,
    0x08,0x0a,0x15,0xff,0x21,0x20,0x29,0xff,0x7c,0x72,0x78,0xff,0x79,0x74,0x7d,0xff,0x3c,0x4b,0x6c,0xff,0x40,0x4f,0x6f,0xff,0x05,0x07,0x14,0xff,0x09,0x0a,0x15,0xff,
    0x22,0x22,0x2a,0xac,0x00,0x00,0x00,0x00,0x00,0x00,0x00,0x00,0x00,0x00,0x00,0x00,0x00,0x00,0x00,0x00,0x00,0x00,0x00,0x00,0x00,0x00,0x00,0x00,0x00,0x00,0x00,0x00,
    0x00,0x00,0x00,0x00,0x00,0x00,0x00,0x00,0x00,0x00,0x00,0x00,0x00,0x00,0x00,0x00,0x00,0x00,0x00,0x00,0x00,0x00,0x00,0x00,0x00,0x00,0x00,0x00,0x00,0x00,0x00,0x00,
    0x00,0x00,0x00,0x00,0x00,0x00,0x00,0x00,0x1f,0x1b,0x20,0xce,0x18,0x11,0x17,0xdb,0x47,0x3f,0x46,0xff,0x5f,0x5b,0x66,0xff,0x55,0x57,0x67,0xff,0x6f,0x9f,0xc4,0xff,
    0x73,0xa2,0xc5,0xff,0x78,0xa5,0xc6,0xff,0x9d,0xc6,0xe6,0xff,0x9e,0xc6,0xe6,0xff,0x99,0xb8,0xd3,0xff,0x18,0x20,0x29,0xff,0x1a,0x25,0x35,0xff,0x74,0x9f,0xc1,0xff,
    0x74,0xa3,0xc9,0xff,0x6e,0x9c,0xbb,0xff,0x62,0x87,0xae,0xff,0x62,0x89,0xaf,0xff,0x6a,0x68,0x74,0xff,0x6c,0x64,0x6c,0xff,0x66,0x5d,0x67,0xff,0x2c,0x2c,0x3c,0xff,
    0x24,0x26,0x3a,0xff,0x2b,0x19,0x2c,0xff,0x2d,0x18,0x2a,0xff,0x33,0x1c,0x2e,0xff,0x2a,0x11,0x23,0xff,0x28,0x0d,0x23,0xff,0x3c,0x1c,0x38,0xff,0x41,0x1b,0x3d,0xff,
    0x41,0x1c,0x3e,0xff,0x42,0x1c,0x3e,0xff,0x42,0x1c,0x3e,0xff,0x42,0x1c,0x3e,0xff,0x43,0x1d,0x40,0xff,0x3f,0x1d,0x3d,0xff,0x19,0x08,0x19,0xff,0x0d,0x08,0x0f,0xff,
    0x0c,0x0a,0x10,0xfe,0x00,0x00,0x00,0x00,0x00,0x00,0x00,0x00,0x00,0x00,0x00,0x00,0x00,0x00,0x00,0x00,0x00,0x00,0x00,0x00,0x00,0x00,0x00,0x00,0x00,0x00,0x00,0x00,
    0x00,0x00,0x00,0x00,0x00,0x00,0x00,0x00,0x00,0x00,0x00,0x00,0x00,0x00,0x00,0x00,0x00,0x00,0x00,0x00,0x00,0x00,0x00,0x00,0x00,0x00,0x00,0x00,0x00,0x00,0x00,0x00,
    0x00,0x00,0x00,0x00,0x00,0x00,0x00,0x00,0x00,0x00,0x00,0x00,0x00,0x00,0x00,0x00,0x00,0x00,0x00,0x00,0x00,0x00,0x00,0x00,0x00,0x00,0x00,0x00,0x00,0x00,0x00,0x00,
    0x00,0x00,0x00,0x00,0x00,0x00,0x00,0x00,0x00,0x00,0x00,0x00,0x00,0x00,0x00,0x00,0x00,0x00,0x00,0x00,0x00,0x00,0x00,0x00,0x00,0x00,0x00,0x00,0x00,0x00,0x00,0x00,
    0x00,0x00,0x00,0x00,0x00,0x00,0x00,0x00,0x00,0x00,0x00,0x00,0x00,0x00,0x00,0x00,0x00,0x00,0x00,0x00,0x00,0x00,0x00,0x00,0x00,0x00,0x00,0x00,0x00,0x00,0x00,0x00,
    0x00,0x00,0x00,0x00,0x00,0x00,0x00,0x00,0x00,0x00,0x00,0x00,0x00,0x00,0x00,0x00,0x00,0x00,0x00,0x00,0x00,0x00,0x00,0x00,0x00,0x00,0x00,0x00,0x00,0x00,0x00,0x00,
    0x00,0x00,0x00,0x00,0x00,0x00,0x00,0x00,0x00,0x00,0x00,0x00,0x00,0x00,0x00,0x00,0x00,0x00,0x00,0x00,0x00,0x00,0x00,0x00,0x00,0x00,0x00,0x00,0x00,0x00,0x00,0x00,
    0x00,0x00,0x00,0x00,0x00,0x00,0x00,0x00,0x00,0x00,0x00,0x00,0x00,0x00,0x00,0x00,0x00,0x00,0x00,0x00,0x00,0x00,0x00,0x00,0x00,0x00,0x00,0x00,0x6e,0x6b,0x70,0x64,
    0x08,0x0a,0x15,0xff,0x23,0x21,0x2a,0xff,0x7d,0x73,0x79,0xff,0x7a,0x75,0x7e,0xff,0x2e,0x3e,0x5f,0xff,0x2b,0x3a,0x5a,0xff,0x06,0x08,0x15,0xff,0x09,0x0a,0x15,0xff,
    0x25,0x25,0x2c,0xae,0x00,0x00,0x00,0x00,0x00,0x00,0x00,0x00,0x00,0x00,0x00,0x00,0x00,0x00,0x00,0x00,0x00,0x00,0x00,0x00,0x00,0x00,0x00,0x00,0x00,0x00,0x00,0x00,
    0x00,0x00,0x00,0x00,0x00,0x00,0x00,0x00,0x00,0x00,0x00,0x00,0x00,0x00,0x00,0x00,0x00,0x00,0x00,0x00,0x00,0x00,0x00,0x00,0x00,0x00,0x00,0x00,0x00,0x00,0x00,0x00,
    0x00,0x00,0x00,0x00,0x00,0x00,0x00,0x00,0x00,0x00,0x00,0x00,0xcc,0xc6,0xc7,0xda,0x7b,0x75,0x79,0xff,0x5f,0x66,0x7a,0xff,0x44,0x5d,0x81,0xff,0x9f,0xca,0xe4,0xff,
    0xa2,0xc8,0xe6,0xff,0xa1,0xc7,0xe6,0xff,0x9b,0xc5,0xe4,0xff,0x97,0xc6,0xe4,0xff,0x9a,0xc4,0xe4,0xff,0x9b,0xc7,0xe3,0xff,0x97,0xc5,0xe2,0xff,0x99,0xc5,0xe3,0xff,
    0x9b,0xc3,0xe4,0xff,0x8f,0xba,0xd7,0xff,0x5e,0x8d,0xb2,0xff,0x5c,0x8c,0xb2,0xff,0x6c,0x6c,0x7a,0xff,0x76,0x63,0x71,0xff,0x64,0x64,0x6f,0xff,0x5e,0x5c,0x6f,0xff,
    0x59,0x70,0x88,0xff,0x6b,0x65,0x7e,0xff,0x78,0x70,0x76,0xff,0x70,0x69,0x6e,0xff,0x0f,0x08,0x0f,0xff,0x0d,0x06,0x0f,0xff,0x0e,0x08,0x10,0xff,0x0c,0x09,0x0e,0xff,
    0x0c,0x09,0x0e,0xff,0x0c,0x09,0x0e,0xff,0x0c,0x09,0x0e,0xff,0x0e,0x0a,0x0c,0xff,0x0e,0x08,0x0e,0xff,0x0f,0x06,0x10,0xff,0x10,0x0a,0x13,0xff,0x0b,0x09,0x0f,0xff,
    0x08,0x07,0x0b,0xfe,0x00,0x00,0x00,0x00,0x00,0x00,0x00,0x00,0x00,0x00,0x00,0x00,0x00,0x00,0x00,0x00,0x00,0x00,0x00,0x00,0x00,0x00,0x00,0x00,0x00,0x00,0x00,0x00,
    0x00,0x00,0x00,0x00,0x00,0x00,0x00,0x00,0x00,0x00,0x00,0x00,0x00,0x00,0x00,0x00,0x00,0x00,0x00,0x00,0x00,0x00,0x00,0x00,0x00,0x00,0x00,0x00,0x00,0x00,0x00,0x00,
    0x00,0x00,0x00,0x00,0x00,0x00,0x00,0x00,0x00,0x00,0x00,0x00,0x00,0x00,0x00,0x00,0x00,0x00,0x00,0x00,0x00,0x00,0x00,0x00,0x00,0x00,0x00,0x00,0x00,0x00,0x00,0x00,
    0x00,0x00,0x00,0x00,0x00,0x00,0x00,0x00,0x00,0x00,0x00,0x00,0x00,0x00,0x00,0x00,0x00,0x00,0x00,0x00,0x00,0x00,0x00,0x00,0x00,0x00,0x00,0x00,0x00,0x00,0x00,0x00,
    0x00,0x00,0x00,0x00,0x00,0x00,0x00,0x00,0x00,0x00,0x00,0x00,0x00,0x00,0x00,0x00,0x00,0x00,0x00,0x00,0x00,0x00,0x00,0x00,0x00,0x00,0x00,0x00,0x00,0x00,0x00,0x00,
    0x00,0x00,0x00,0x00,0x00,0x00,0x00,0x00,0x00,0x00,0x00,0x00,0x00,0x00,0x00,0x00,0x00,0x00,0x00,0x00,0x00,0x00,0x00,0x00,0x00,0x00,0x00,0x00,0x00,0x00,0x00,0x00,
    0x00,0x00,0x00,0x00,0x00,0x00,0x00,0x00,0x00,0x00,0x00,0x00,0x00,0x00,0x00,0x00,0x00,0x00,0x00,0x00,0x00,0x00,0x00,0x00,0x00,0x00,0x00,0x00,0x00,0x00,0x00,0x00,
    0x00,0x00,0x00,0x00,0x00,0x00,0x00,0x00,0x00,0x00,0x00,0x00,0x00,0x00,0x00,0x00,0x00,0x00,0x00,0x00,0x00,0x00,0x00,0x00,0x00,0x00,0x00,0x00,0x6d,0x6a,0x6f,0x65,
    0x08,0x0a,0x15,0xff,0x24,0x22,0x2b,0xff,0x80,0x76,0x7c,0xff,0x75,0x70,0x79,0xff,0x2b,0x3b,0x5c,0xff,0x2c,0x3b,0x5b,0xff,0x08,0x0a,0x17,0xff,0x08,0x0a,0x15,0xff,
    0x22,0x22,0x29,0xae,0x00,0x00,0x00,0x00,0x00,0x00,0x00,0x00,0x00,0x00,0x00,0x00,0x00,0x00,0x00,0x00,0x00,0x00,0x00,0x00,0x00,0x00,0x00,0x00,0x00,0x00,0x00,0x00,
    0x00,0x00,0x00,0x00,0x00,0x00,0x00,0x00,0x00,0x00,0x00,0x00,0x00,0x00,0x00,0x00,0x00,0x00,0x00,0x00,0x00,0x00,0x00,0x00,0x00,0x00,0x00,0x00,0x00,0x00,0x00,0x00,
    0x00,0x00,0x00,0x00,0x00,0x00,0x00,0x00,0x00,0x00,0x00,0x00,0xcd,0xc6,0xc7,0xf6,0x7a,0x72,0x77,0xff,0x61,0x67,0x7a,0xff,0x4a,0x61,0x82,0xff,0xa0,0xcc,0xe7,0xff,
    0x9e,0xc8,0xe6,0xff,0xa0,0xc8,0xe6,0xff,0xa1,0xc8,0xe3,0xff,0x9f,0xc7,0xdd,0xff,0x9a,0xc7,0xe0,0xff,0x9d,0xc5,0xe6,0xff,0x9d,0xc4,0xe4,0xff,0x99,0xc7,0xe2,0xff,
    0x98,0xc4,0xe5,0xff,0x8b,0xb7,0xd6,0xff,0x5d,0x8e,0xb3,0xff,0x5a,0x8b,0xb1,0xff,0x67,0x66,0x74,0xff,0x6f,0x65,0x6c,0xff,0x6b,0x63,0x67,0xff,0x55,0x41,0x4e,0xff,
    0x5f,0x6c,0x7c,0xff,0x6f,0x72,0x80,0xff,0x7b,0x70,0x77,0xff,0x76,0x6c,0x74,0xff,0x0b,0x03,0x0b,0xff,0x0c,0x08,0x0f,0xff,0x0a,0x08,0x0e,0xff,0x0d,0x08,0x0f,0xff,
    0x0d,0x08,0x0e,0xff,0x0d,0x08,0x0e,0xff,0x0e,0x08,0x0f,0xff,0x0a,0x07,0x11,0xff,0x0a,0x06,0x11,0xff,0x0d,0x07,0x12,0xff,0x10,0x09,0x11,0xff,0x0d,0x08,0x0e,0xff,
    0x0a,0x09,0x0d,0xfb,0x00,0x00,0x00,0x00,0x00,0x00,0x00,0x00,0x00,0x00,0x00,0x00,0x00,0x00,0x00,0x00,0x00,0x00,0x00,0x00,0x00,0x00,0x00,0x00,0x00,0x00,0x00,0x00,
    0x00,0x00,0x00,0x00,0x00,0x00,0x00,0x00,0x00,0x00,0x00,0x00,0x00,0x00,0x00,0x00,0x00,0x00,0x00,0x00,0x00,0x00,0x00,0x00,0x00,0x00,0x00,0x00,0x00,0x00,0x00,0x00,
    0x00,0x00,0x00,0x00,0x00,0x00,0x00,0x00,0x00,0x00,0x00,0x00,0x00,0x00,0x00,0x00,0x00,0x00,0x00,0x00,0x00,0x00,0x00,0x00,0x00,0x00,0x00,0x00,0x00,0x00,0x00,0x00,
    0x00,0x00,0x00,0x00,0x00,0x00,0x00,0x00,0x00,0x00,0x00,0x00,0x00,0x00,0x00,0x00,0x00,0x00,0x00,0x00,0x00,0x00,0x00,0x00,0x00,0x00,0x00,0x00,0x00,0x00,0x00,0x00,
    0x00,0x00,0x00,0x00,0x00,0x00,0x00,0x00,0x00,0x00,0x00,0x00,0x00,0x00,0x00,0x00,0x00,0x00,0x00,0x00,0x00,0x00,0x00,0x00,0x00,0x00,0x00,0x00,0x00,0x00,0x00,0x00,
    0x00,0x00,0x00,0x00,0x00,0x00,0x00,0x00,0x00,0x00,0x00,0x00,0x00,0x00,0x00,0x00,0x00,0x00,0x00,0x00,0x00,0x00,0x00,0x00,0x00,0x00,0x00,0x00,0x00,0x00,0x00,0x00,
    0x00,0x00,0x00,0x00,0x00,0x00,0x00,0x00,0x00,0x00,0x00,0x00,0x00,0x00,0x00,0x00,0x00,0x00,0x00,0x00,0x00,0x00,0x00,0x00,0x00,0x00,0x00,0x00,0x00,0x00,0x00,0x00,
    0x00,0x00,0x00,0x00,0x00,0x00,0x00,0x00,0x00,0x00,0x00,0x00,0x00,0x00,0x00,0x00,0x00,0x00,0x00,0x00,0x00,0x00,0x00,0x00,0x00,0x00,0x00,0x00,0x6a,0x6a,0x6f,0x63,
    0x08,0x0a,0x15,0xff,0x24,0x22,0x2b,0xff,0x80,0x76,0x7c,0xff,0x75,0x70,0x79,0xff,0x29,0x38,0x59,0xff,0x2b,0x3a,0x5a,0xff,0x08,0x0a,0x17,0xff,0x09,0x0a,0x15,0xff,
    0x22,0x22,0x29,0xae,0x00,0x00,0x00,0x00,0x00,0x00,0x00,0x00,0x00,0x00,0x00,0x00,0x00,0x00,0x00,0x00,0x00,0x00,0x00,0x00,0x00,0x00,0x00,0x00,0x00,0x00,0x00,0x00,
    0x00,0x00,0x00,0x00,0x00,0x00,0x00,0x00,0x00,0x00,0x00,0x00,0x00,0x00,0x00,0x00,0x00,0x00,0x00,0x00,0x00,0x00,0x00,0x00,0x00,0x00,0x00,0x00,0x00,0x00,0x00,0x00,
    0x00,0x00,0x00,0x00,0xb0,0xb0,0xb0,0x37,0x75,0x71,0x74,0xf4,0x82,0x78,0x7b,0xff,0xb4,0xa6,0xaa,0xff,0xac,0xa6,0xb0,0xff,0x9f,0xa5,0xb4,0xff,0x6c,0x94,0xb8,0xff,
    0x6c,0x98,0xbb,0xff,0x72,0x9a,0xba,0xff,0xb9,0xd1,0xe7,0xff,0xbf,0xce,0xdf,0xff,0xb2,0xce,0xe3,0xff,0x9c,0xc3,0xe4,0xff,0x9a,0xc2,0xe2,0xff,0x74,0xa1,0xc3,0xff,
    0x75,0xa3,0xca,0xff,0x73,0xa2,0xc2,0xff,0x5e,0x89,0xb1,0xff,0x61,0x8e,0xb5,0xff,0x6b,0x69,0x76,0xff,0x7a,0x71,0x77,0xff,0x98,0x88,0x8b,0xff,0x97,0x88,0x8e,0xff,
    0x98,0x96,0xa0,0xff,0x7d,0x73,0x7a,0xff,0x7c,0x71,0x77,0xff,0x76,0x6e,0x75,0xff,0x48,0x40,0x4a,0xff,0x48,0x44,0x4a,0xff,0x30,0x30,0x32,0x65,0x2e,0x29,0x2e,0x63,
    0x2c,0x27,0x2e,0x63,0x2e,0x29,0x2e,0x63,0x2e,0x2b,0x30,0x64,0x2c,0x2a,0x2f,0x68,0x2e,0x2e,0x33,0x69,0x2e,0x2e,0x33,0x6a,0x33,0x31,0x33,0x69,0x2d,0x2a,0x2d,0x61,
    0x85,0x85,0x85,0x19,0x00,0x00,0x00,0x00,0x00,0x00,0x00,0x00,0x00,0x00,0x00,0x00,0x00,0x00,0x00,0x00,0x00,0x00,0x00,0x00,0x00,0x00,0x00,0x00,0x00,0x00,0x00,0x00,
    0x00,0x00,0x00,0x00,0x00,0x00,0x00,0x00,0x00,0x00,0x00,0x00,0x00,0x00,0x00,0x00,0x00,0x00,0x00,0x00,0x00,0x00,0x00,0x00,0x00,0x00,0x00,0x00,0x00,0x00,0x00,0x00,
    0x00,0x00,0x00,0x00,0x00,0x00,0x00,0x00,0x00,0x00,0x00,0x00,0x00,0x00,0x00,0x00,0x00,0x00,0x00,0x00,0x00,0x00,0x00,0x00,0x00,0x00,0x00,0x00,0x00,0x00,0x00,0x00,
    0x00,0x00,0x00,0x00,0x00,0x00,0x00,0x00,0x00,0x00,0x00,0x00,0x00,0x00,0x00,0x00,0x00,0x00,0x00,0x00,0x00,0x00,0x00,0x00,0x00,0x00,0x00,0x00,0x00,0x00,0x00,0x00,
    0x00,0x00,0x00,0x00,0x00,0x00,0x00,0x00,0x00,0x00,0x00,0x00,0x00,0x00,0x00,0x00,0x00,0x00,0x00,0x00,0x00,0x00,0x00,0x00,0x00,0x00,0x00,0x00,0x00,0x00,0x00,0x00,
    0x00,0x00,0x00,0x00,0x00,0x00,0x00,0x00,0x00,0x00,0x00,0x00,0x00,0x00,0x00,0x00,0x00,0x00,0x00,0x00,0x00,0x00,0x00,0x00,0x00,0x00,0x00,0x00,0x00,0x00,0x00,0x00,
    0x00,0x00,0x00,0x00,0x00,0x00,0x00,0x00,0x00,0x00,0x00,0x00,0x00,0x00,0x00,0x00,0x00,0x00,0x00,0x00,0x00,0x00,0x00,0x00,0x00,0x00,0x00,0x00,0x00,0x00,0x00,0x00,
    0x00,0x00,0x00,0x00,0x00,0x00,0x00,0x00,0x00,0x00,0x00,0x00,0x00,0x00,0x00,0x00,0x00,0x00,0x00,0x00,0x00,0x00,0x00,0x00,0x00,0x00,0x00,0x00,0x67,0x67,0x6e,0x61,
    0x08,0x0a,0x15,0xff,0x23,0x20,0x2b,0xff,0x7c,0x74,0x7b,0xff,0x74,0x70,0x79,0xff,0x28,0x39,0x5d,0xff,0x29,0x3a,0x5b,0xff,0x0b,0x09,0x19,0xff,0x0a,0x09,0x17,0xff,
    0x22,0x22,0x2b,0xac,0x00,0x00,0x00,0x00,0x00,0x00,0x00,0x00,0x00,0x00,0x00,0x00,0x00,0x00,0x00,0x00,0x00,0x00,0x00,0x00,0x00,0x00,0x00,0x00,0x00,0x00,0x00,0x00,
    0x00,0x00,0x00,0x00,0x00,0x00,0x00,0x00,0x00,0x00,0x00,0x00,0x00,0x00,0x00,0x00,0x00,0x00,0x00,0x00,0x00,0x00,0x00,0x00,0x00,0x00,0x00,0x00,0x00,0x00,0x00,0x00,
    0x00,0x00,0x00,0x00,0xb3,0xb0,0xb3,0x4a,0x77,0x6d,0x73,0xff,0x81,0x73,0x79,0xff,0xe2,0xd8,0xdb,0xff,0xe6,0xe0,0xe3,0xff,0xcf,0xc8,0xcd,0xff,0x82,0x96,0xae,0xff,
    0x7f,0x92,0xa9,0xff,0x86,0x96,0xab,0xff,0xd0,0xdb,0xea,0xff,0xd0,0xd8,0xe3,0xff,0xc6,0xd5,0xe1,0xff,0xac,0xca,0xe0,0xff,0x9c,0xc4,0xe1,0xff,0x68,0x98,0xc1,0xff,
    0x65,0x97,0xc2,0xff,0x69,0x92,0xb8,0xff,0x64,0x80,0x9e,0xff,0x65,0x7f,0x92,0xff,0x71,0x6d,0x79,0xff,0x8e,0x81,0x84,0xff,0x99,0x8b,0x8d,0xff,0xb1,0xa4,0xa6,0xff,
    0xac,0x9f,0xa4,0xff,0x80,0x70,0x78,0xff,0x79,0x6f,0x75,0xff,0x75,0x6c,0x76,0xff,0x5f,0x57,0x62,0xff,0x5c,0x57,0x5f,0xff,0x00,0x00,0x00,0x00,0x00,0x00,0x00,0x00,
    0x00,0x00,0x00,0x00,0x00,0x00,0x00,0x00,0x00,0x00,0x00,0x00,0x00,0x00,0x00,0x00,0x00,0x00,0x00,0x00,0x00,0x00,0x00,0x00,0x00,0x00,0x00,0x00,0x00,0x00,0x00,0x00,
    0x00,0x00,0x00,0x00,0x00,0x00,0x00,0x00,0x00,0x00,0x00,0x00,0x00,0x00,0x00,0x00,0x00,0x00,0x00,0x00,0x00,0x00,0x00,0x00,0x00,0x00,0x00,0x00,0x00,0x00,0x00,0x00,
    0x00,0x00,0x00,0x00,0x00,0x00,0x00,0x00,0x00,0x00,0x00,0x00,0x00,0x00,0x00,0x00,0x00,0x00,0x00,0x00,0x00,0x00,0x00,0x00,0x00,0x00,0x00,0x00,0x00,0x00,0x00,0x00,
    0x00,0x00,0x00,0x00,0x00,0x00,0x00,0x00,0x00,0x00,0x00,0x00,0x00,0x00,0x00,0x00,0x00,0x00,0x00,0x00,0x00,0x00,0x00,0x00,0x00,0x00,0x00,0x00,0x00,0x00,0x00,0x00,
    0x00,0x00,0x00,0x00,0x00,0x00,0x00,0x00,0x00,0x00,0x00,0x00,0x00,0x00,0x00,0x00,0x00,0x00,0x00,0x00,0x00,0x00,0x00,0x00,0x00,0x00,0x00,0x00,0x00,0x00,0x00,0x00,
    0x00,0x00,0x00,0x00,0x00,0x00,0x00,0x00,0x00,0x00,0x00,0x00,0x00,0x00,0x00,0x00,0x00,0x00,0x00,0x00,0x00,0x00,0x00,0x00,0x00,0x00,0x00,0x00,0x00,0x00,0x00,0x00,
    0x00,0x00,0x00,0x00,0x00,0x00,0x00,0x00,0x00,0x00,0x00,0x00,0x00,0x00,0x00,0x00,0x00,0x00,0x00,0x00,0x00,0x00,0x00,0x00,0x00,0x00,0x00,0x00,0x00,0x00,0x00,0x00,
    0x00,0x00,0x00,0x00,0x00,0x00,0x00,0x00,0x00,0x00,0x00,0x00,0x00,0x00,0x00,0x00,0x00,0x00,0x00,0x00,0x00,0x00,0x00,0x00,0x00,0x00,0x00,0x00,0x00,0x00,0x00,0x00,
    0x00,0x00,0x00,0x00,0x00,0x00,0x00,0x00,0x00,0x00,0x00,0x00,0x00,0x00,0x00,0x00,0x00,0x00,0x00,0x00,0x00,0x00,0x00,0x00,0x00,0x00,0x00,0x00,0x67,0x69,0x6e,0x61,
    0x08,0x0a,0x14,0xff,0x23,0x1f,0x28,0xff,0x7e,0x74,0x7a,0xff,0x78,0x71,0x7b,0xff,0x29,0x3a,0x5b,0xff,0x2a,0x39,0x59,0xff,0x0a,0x09,0x17,0xff,0x0a,0x09,0x16,0xff,
    0x22,0x21,0x2a,0xab,0x00,0x00,0x00,0x00,0x00,0x00,0x00,0x00,0x00,0x00,0x00,0x00,0x00,0x00,0x00,0x00,0x00,0x00,0x00,0x00,0x00,0x00,0x00,0x00,0x00,0x00,0x00,0x00,
    0x00,0x00,0x00,0x00,0x00,0x00,0x00,0x00,0x00,0x00,0x00,0x00,0x00,0x00,0x00,0x00,0x00,0x00,0x00,0x00,0x00,0x00,0x00,0x00,0x00,0x00,0x00,0x00,0x00,0x00,0x00,0x00,
    0x00,0x00,0x00,0x00,0xb2,0xaf,0xb2,0x49,0x72,0x6a,0x6f,0xff,0x7d,0x71,0x76,0xff,0xe8,0xdf,0xe2,0xff,0xe7,0xe4,0xe6,0xff,0xe8,0xe3,0xe6,0xff,0xc4,0xb8,0xbc,0xff,
    0xc1,0xb4,0xb9,0xff,0xc6,0xb8,0xbc,0xff,0xee,0xe1,0xe1,0xff,0xef,0xe1,0xe1,0xff,0xeb,0xdb,0xe1,0xff,0xd1,0xd3,0xdf,0xff,0xb5,0xc9,0xd9,0xff,0x7a,0x9f,0xb6,0xff,
    0x78,0xa0,0xb6,0xff,0x85,0x98,0xae,0xff,0x61,0x59,0x6b,0xff,0x62,0x5d,0x67,0xff,0x87,0x7f,0x83,0xff,0x93,0x86,0x88,0xff,0x91,0x85,0x87,0xff,0xa6,0x9a,0x9d,0xff,
    0xa6,0x9b,0xa1,0xff,0x7d,0x72,0x78,0xff,0x79,0x6e,0x74,0xff,0x79,0x6e,0x76,0xff,0x64,0x5b,0x64,0xff,0x61,0x5a,0x61,0xff,0x00,0x00,0x00,0x00,0x00,0x00,0x00,0x00,
    0x00,0x00,0x00,0x00,0x00,0x00,0x00,0x00,0x00,0x00,0x00,0x00,0x00,0x00,0x00,0x00,0x00,0x00,0x00,0x00,0x00,0x00,0x00,0x00,0x00,0x00,0x00,0x00,0x00,0x00,0x00,0x00,
    0x00,0x00,0x00,0x00,0x00,0x00,0x00,0x00,0x00,0x00,0x00,0x00,0x00,0x00,0x00,0x00,0x00,0x00,0x00,0x00,0x00,0x00,0x00,0x00,0x00,0x00,0x00,0x00,0x00,0x00,0x00,0x00,
    0x00,0x00,0x00,0x00,0x00,0x00,0x00,0x00,0x00,0x00,0x00,0x00,0x00,0x00,0x00,0x00,0x00,0x00,0x00,0x00,0x00,0x00,0x00,0x00,0x00,0x00,0x00,0x00,0x00,0x00,0x00,0x00,
    0x00,0x00,0x00,0x00,0x00,0x00,0x00,0x00,0x00,0x00,0x00,0x00,0x00,0x00,0x00,0x00,0x00,0x00,0x00,0x00,0x00,0x00,0x00,0x00,0x00,0x00,0x00,0x00,0x00,0x00,0x00,0x00,
    0x00,0x00,0x00,0x00,0x00,0x00,0x00,0x00,0x00,0x00,0x00,0x00,0x00,0x00,0x00,0x00,0x00,0x00,0x00,0x00,0x00,0x00,0x00,0x00,0x00,0x00,0x00,0x00,0x00,0x00,0x00,0x00,
    0x00,0x00,0x00,0x00,0x00,0x00,0x00,0x00,0x00,0x00,0x00,0x00,0x00,0x00,0x00,0x00,0x00,0x00,0x00,0x00,0x00,0x00,0x00,0x00,0x00,0x00,0x00,0x00,0x00,0x00,0x00,0x00,
    0x00,0x00,0x00,0x00,0x00,0x00,0x00,0x00,0x00,0x00,0x00,0x00,0x00,0x00,0x00,0x00,0x00,0x00,0x00,0x00,0x00,0x00,0x00,0x00,0x00,0x00,0x00,0x00,0x00,0x00,0x00,0x00,
    0x00,0x00,0x00,0x00,0x00,0x00,0x00,0x00,0x00,0x00,0x00,0x00,0x00,0x00,0x00,0x00,0x00,0x00,0x00,0x00,0x00,0x00,0x00,0x00,0x00,0x00,0x00,0x00,0x00,0x00,0x00,0x00,
    0x00,0x00,0x00,0x00,0x00,0x00,0x00,0x00,0x00,0x00,0x00,0x00,0x00,0x00,0x00,0x00,0x00,0x00,0x00,0x00,0x00,0x00,0x00,0x00,0x00,0x00,0x00,0x00,0x69,0x69,0x71,0x61,
    0x0b,0x0a,0x14,0xff,0x23,0x1e,0x26,0xff,0x7e,0x74,0x77,0xff,0x79,0x70,0x7b,0xff,0x2b,0x39,0x5a,0xff,0x2c,0x3a,0x58,0xff,0x08,0x0a,0x16,0xff,0x09,0x09,0x15,0xff,
    0x21,0x21,0x28,0xac,0x00,0x00,0x00,0x00,0x00,0x00,0x00,0x00,0x00,0x00,0x00,0x00,0x00,0x00,0x00,0x00,0x00,0x00,0x00,0x00,0x00,0x00,0x00,0x00,0x00,0x00,0x00,0x00,
    0x00,0x00,0x00,0x00,0x00,0x00,0x00,0x00,0x00,0x00,0x00,0x00,0x00,0x00,0x00,0x00,0x00,0x00,0x00,0x00,0x00,0x00,0x00,0x00,0x00,0x00,0x00,0x00,0x00,0x00,0x00,0x00,
    0x00,0x00,0x00,0x00,0xb5,0xae,0xb1,0x48,0x71,0x6a,0x6f,0xff,0x79,0x70,0x73,0xff,0xed,0xe6,0xe7,0xff,0xe9,0xe6,0xe8,0xff,0xec,0xe5,0xe8,0xff,0xc3,0xb8,0xba,0xff,
    0xc1,0xb5,0xba,0xff,0xc2,0xb8,0xbf,0xff,0xbf,0xb8,0xbc,0xff,0xc0,0xba,0xbd,0xff,0xbe,0xbb,0xba,0xff,0xe4,0xe2,0xe4,0xff,0xe9,0xe4,0xe9,0xff,0xeb,0xe1,0xe9,0xff,
    0xe6,0xe1,0xe8,0xff,0xc2,0xba,0xc0,0xff,0xa4,0x96,0x99,0xff,0xa4,0x97,0x98,0xff,0x9b,0x8a,0x89,0xff,0x95,0x8a,0x8a,0xff,0x88,0x7f,0x82,0xff,0x31,0x29,0x2e,0xff,
    0x2e,0x27,0x2c,0xff,0x7c,0x75,0x7a,0xff,0x7b,0x6f,0x75,0xff,0x7b,0x71,0x77,0xff,0x78,0x6e,0x74,0xff,0x74,0x6d,0x72,0xff,0x74,0x6e,0x73,0xfe,0x31,0x2d,0x33,0xab,
    0x28,0x26,0x28,0xae,0xea,0xea,0xea,0x0c,0x00,0x00,0x00,0x00,0x00,0x00,0x00,0x00,0x00,0x00,0x00,0x00,0x00,0x00,0x00,0x00,0x00,0x00,0x00,0x00,0x00,0x00,0x00,0x00,
    0x00,0x00,0x00,0x00,0x00,0x00,0x00,0x00,0x00,0x00,0x00,0x00,0x00,0x00,0x00,0x00,0x00,0x00,0x00,0x00,0x00,0x00,0x00,0x00,0x00,0x00,0x00,0x00,0x00,0x00,0x00,0x00,
    0x00,0x00,0x00,0x00,0x00,0x00,0x00,0x00,0x00,0x00,0x00,0x00,0x00,0x00,0x00,0x00,0x00,0x00,0x00,0x00,0x00,0x00,0x00,0x00,0x00,0x00,0x00,0x00,0x00,0x00,0x00,0x00,
    0x00,0x00,0x00,0x00,0x00,0x00,0x00,0x00,0x00,0x00,0x00,0x00,0x00,0x00,0x00,0x00,0x00,0x00,0x00,0x00,0x00,0x00,0x00,0x00,0x00,0x00,0x00,0x00,0x00,0x00,0x00,0x00,
    0x00,0x00,0x00,0x00,0x00,0x00,0x00,0x00,0x00,0x00,0x00,0x00,0x00,0x00,0x00,0x00,0x00,0x00,0x00,0x00,0x00,0x00,0x00,0x00,0x00,0x00,0x00,0x00,0x00,0x00,0x00,0x00,
    0x00,0x00,0x00,0x00,0x00,0x00,0x00,0x00,0x00,0x00,0x00,0x00,0x00,0x00,0x00,0x00,0x00,0x00,0x00,0x00,0x00,0x00,0x00,0x00,0x00,0x00,0x00,0x00,0x00,0x00,0x00,0x00,
    0x00,0x00,0x00,0x00,0x00,0x00,0x00,0x00,0x00,0x00,0x00,0x00,0x00,0x00,0x00,0x00,0x00,0x00,0x00,0x00,0x00,0x00,0x00,0x00,0x00,0x00,0x00,0x00,0x00,0x00,0x00,0x00,
    0x00,0x00,0x00,0x00,0x00,0x00,0x00,0x00,0x00,0x00,0x00,0x00,0x00,0x00,0x00,0x00,0x00,0x00,0x00,0x00,0x00,0x00,0x00,0x00,0x00,0x00,0x00,0x00,0x00,0x00,0x00,0x00,
    0x00,0x00,0x00,0x00,0x00,0x00,0x00,0x00,0x00,0x00,0x00,0x00,0x00,0x00,0x00,0x00,0x00,0x00,0x00,0x00,0x00,0x00,0x00,0x00,0x00,0x00,0x00,0x00,0x67,0x67,0x6c,0x63,
    0x0a,0x08,0x14,0xff,0x25,0x22,0x2d,0xff,0x77,0x73,0x7b,0xff,0x73,0x6e,0x7b,0xff,0x26,0x35,0x57,0xff,0x2b,0x38,0x57,0xff,0x08,0x0a,0x17,0xff,0x09,0x0a,0x17,0xff,
    0x22,0x22,0x2a,0xac,0x00,0x00,0x00,0x00,0x00,0x00,0x00,0x00,0x00,0x00,0x00,0x00,0x00,0x00,0x00,0x00,0x00,0x00,0x00,0x00,0x00,0x00,0x00,0x00,0x00,0x00,0x00,0x00,
    0x00,0x00,0x00,0x00,0x00,0x00,0x00,0x00,0x00,0x00,0x00,0x00,0x00,0x00,0x00,0x00,0x00,0x00,0x00,0x00,0x00,0x00,0x00,0x00,0x00,0x00,0x00,0x00,0x00,0x00,0x00,0x00,
    0x00,0x00,0x00,0x00,0xb5,0xb1,0xb5,0x48,0x74,0x6d,0x70,0xff,0x80,0x75,0x78,0xff,0xee,0xe5,0xe6,0xff,0xec,0xe6,0xe7,0xff,0xee,0xe4,0xe7,0xff,0xc2,0xb7,0xb6,0xff,
    0xc5,0xb8,0xb9,0xff,0xc7,0xb9,0xbc,0xff,0xc3,0xb6,0xb8,0xff,0xc9,0xbc,0xbd,0xff,0xce,0xbf,0xc3,0xff,0xed,0xe5,0xe8,0xff,0xe6,0xe2,0xe4,0xff,0xe5,0xe2,0xe4,0xff,
    0xe6,0xe2,0xe4,0xff,0xc5,0xbe,0xbf,0xff,0xa9,0x98,0x9b,0xff,0xa6,0x96,0x9a,0xff,0x90,0x89,0x8b,0xff,0x93,0x88,0x88,0xff,0x85,0x7c,0x80,0xff,0x2e,0x27,0x2e,0xff,
    0x2d,0x29,0x2f,0xff,0x78,0x71,0x76,0xff,0x79,0x71,0x78,0xff,0x76,0x6f,0x74,0xff,0x76,0x6f,0x74,0xff,0x74,0x6d,0x72,0xff,0x73,0x6b,0x72,0xff,0x0d,0x05,0x0f,0xff,
    0x11,0x0d,0x12,0xff,0xf3,0xf3,0xf3,0x15,0x00,0x00,0x00,0x00,0x00,0x00,0x00,0x00,0x00,0x00,0x00,0x00,0x00,0x00,0x00,0x00,0x00,0x00,0x00,0x00,0x00,0x00,0x00,0x00,
    0x00,0x00,0x00,0x00,0x00,0x00,0x00,0x00,0x00,0x00,0x00,0x00,0x00,0x00,0x00,0x00,0x00,0x00,0x00,0x00,0x00,0x00,0x00,0x00,0x00,0x00,0x00,0x00,0x00,0x00,0x00,0x00,
    0x00,0x00,0x00,0x00,0x00,0x00,0x00,0x00,0x00,0x00,0x00,0x00,0x00,0x00,0x00,0x00,0x00,0x00,0x00,0x00,0x00,0x00,0x00,0x00,0x00,0x00,0x00,0x00,0x00,0x00,0x00,0x00,
    0x00,0x00,0x00,0x00,0x00,0x00,0x00,0x00,0x00,0x00,0x00,0x00,0x00,0x00,0x00,0x00,0x00,0x00,0x00,0x00,0x00,0x00,0x00,0x00,0x00,0x00,0x00,0x00,0x00,0x00,0x00,0x00,
    0x00,0x00,0x00,0x00,0x00,0x00,0x00,0x00,0x00,0x00,0x00,0x00,0x00,0x00,0x00,0x00,0x00,0x00,0x00,0x00,0x00,0x00,0x00,0x00,0x00,0x00,0x00,0x00,0x00,0x00,0x00,0x00,
    0x00,0x00,0x00,0x00,0x00,0x00,0x00,0x00,0x00,0x00,0x00,0x00,0x00,0x00,0x00,0x00,0x00,0x00,0x00,0x00,0x00,0x00,0x00,0x00,0x00,0x00,0x00,0x00,0x00,0x00,0x00,0x00,
    0x00,0x00,0x00,0x00,0x00,0x00,0x00,0x00,0x00,0x00,0x00,0x00,0x00,0x00,0x00,0x00,0x00,0x00,0x00,0x00,0x00,0x00,0x00,0x00,0x00,0x00,0x00,0x00,0x00,0x00,0x00,0x00,
    0x00,0x00,0x00,0x00,0x00,0x00,0x00,0x00,0x00,0x00,0x00,0x00,0x00,0x00,0x00,0x00,0x00,0x00,0x00,0x00,0x00,0x00,0x00,0x00,0x00,0x00,0x00,0x00,0x00,0x00,0x00,0x00,
    0x00,0x00,0x00,0x00,0x00,0x00,0x00,0x00,0x00,0x00,0x00,0x00,0x00,0x00,0x00,0x00,0x00,0x00,0x00,0x00,0x00,0x00,0x00,0x00,0x00,0x00,0x00,0x00,0x67,0x67,0x6f,0x63,
    0x08,0x09,0x17,0xff,0x1f,0x1f,0x2d,0xff,0x69,0x69,0x77,0xff,0x66,0x67,0x77,0xff,0x2c,0x3e,0x63,0xff,0x34,0x43,0x63,0xff,0x0b,0x0c,0x1c,0xff,0x09,0x09,0x19,0xff,
    0x22,0x22,0x2a,0xab,0x00,0x00,0x00,0x00,0x00,0x00,0x00,0x00,0x00,0x00,0x00,0x00,0x00,0x00,0x00,0x00,0x00,0x00,0x00,0x00,0x00,0x00,0x00,0x00,0x00,0x00,0x00,0x00,
    0x00,0x00,0x00,0x00,0x00,0x00,0x00,0x00,0x00,0x00,0x00,0x00,0x00,0x00,0x00,0x00,0x00,0x00,0x00,0x00,0x00,0x00,0x00,0x00,0x00,0x00,0x00,0x00,0x00,0x00,0x00,0x00,
    0x00,0x00,0x00,0x00,0x7c,0x75,0x78,0xf4,0x73,0x6a,0x6d,0xff,0xa4,0x97,0x99,0xff,0xa5,0x9a,0x9a,0xff,0xa0,0x98,0x99,0xff,0xa3,0x95,0x98,0xff,0x66,0x61,0x65,0xff,
    0x61,0x5a,0x60,0xff,0x5e,0x55,0x5b,0xff,0x9c,0x8e,0x94,0xff,0x9d,0x90,0x93,0xff,0x9a,0x8f,0x92,0xff,0xad,0xa4,0xa7,0xff,0xa6,0x9d,0xa2,0xff,0xdc,0xd0,0xd6,0xff,
    0xe8,0xd8,0xde,0xff,0xb7,0xab,0xb0,0xff,0xbb,0xb5,0xb7,0xff,0xc2,0xb6,0xb9,0xff,0x99,0x8a,0x8d,0xff,0x97,0x89,0x8a,0xff,0x83,0x77,0x7c,0xff,0x0e,0x06,0x10,0xff,
    0x0d,0x08,0x11,0xff,0x12,0x0b,0x11,0xff,0x15,0x0d,0x17,0xff,0x14,0x0d,0x14,0xff,0x15,0x0f,0x14,0xff,0x15,0x0e,0x15,0xff,0x17,0x0e,0x19,0xff,0x0f,0x07,0x11,0xff,
    0x0f,0x0b,0x11,0xff,0xff,0xf2,0xff,0x13,0x00,0x00,0x00,0x00,0x00,0x00,0x00,0x00,0x00,0x00,0x00,0x00,0x00,0x00,0x00,0x00,0x00,0x00,0x00,0x00,0x00,0x00,0x00,0x00,
    0x00,0x00,0x00,0x00,0x00,0x00,0x00,0x00,0x00,0x00,0x00,0x00,0x00,0x00,0x00,0x00,0x00,0x00,0x00,0x00,0x00,0x00,0x00,0x00,0x00,0x00,0x00,0x00,0x00,0x00,0x00,0x00,
    0x00,0x00,0x00,0x00,0x00,0x00,0x00,0x00,0x00,0x00,0x00,0x00,0x00,0x00,0x00,0x00,0x00,0x00,0x00,0x00,0x00,0x00,0x00,0x00,0x00,0x00,0x00,0x00,0x00,0x00,0x00,0x00,
    0x00,0x00,0x00,0x00,0x00,0x00,0x00,0x00,0x00,0x00,0x00,0x00,0x00,0x00,0x00,0x00,0x00,0x00,0x00,0x00,0x00,0x00,0x00,0x00,0x00,0x00,0x00,0x00,0x00,0x00,0x00,0x00,
    0x00,0x00,0x00,0x00,0x00,0x00,0x00,0x00,0x00,0x00,0x00,0x00,0x00,0x00,0x00,0x00,0x00,0x00,0x00,0x00,0x00,0x00,0x00,0x00,0x00,0x00,0x00,0x00,0x00,0x00,0x00,0x00,
    0x00,0x00,0x00,0x00,0x00,0x00,0x00,0x00,0x00,0x00,0x00,0x00,0x00,0x00,0x00,0x00,0x00,0x00,0x00,0x00,0x00,0x00,0x00,0x00,0x00,0x00,0x00,0x00,0x00,0x00,0x00,0x00,
    0x00,0x00,0x00,0x00,0x00,0x00,0x00,0x00,0x00,0x00,0x00,0x00,0x00,0x00,0x00,0x00,0x00,0x00,0x00,0x00,0x00,0x00,0x00,0x00,0x00,0x00,0x00,0x00,0x00,0x00,0x00,0x00,
    0x00,0x00,0x00,0x00,0x00,0x00,0x00,0x00,0x00,0x00,0x00,0x00,0x00,0x00,0x00,0x00,0x00,0x00,0x00,0x00,0x00,0x00,0x00,0x00,0x00,0x00,0x00,0x00,0x00,0x00,0x00,0x00,
    0x00,0x00,0x00,0x00,0x00,0x00,0x00,0x00,0x00,0x00,0x00,0x00,0x00,0x00,0x00,0x00,0x00,0x00,0x00,0x00,0x00,0x00,0x00,0x00,0x00,0x00,0x00,0x00,0x67,0x6a,0x6f,0x63,
    0x09,0x08,0x13,0xff,0x1c,0x1c,0x26,0xff,0x66,0x68,0x75,0xff,0x67,0x6a,0x7c,0xff,0x37,0x44,0x62,0xff,0x2f,0x41,0x66,0xff,0x06,0x0a,0x1c,0xff,0x0c,0x0a,0x14,0xff,
    0x21,0x21,0x29,0xa9,0x00,0x00,0x00,0x00,0x00,0x00,0x00,0x00,0x00,0x00,0x00,0x00,0x00,0x00,0x00,0x00,0x00,0x00,0x00,0x00,0x00,0x00,0x00,0x00,0x00,0x00,0x00,0x00,
    0x00,0x00,0x00,0x00,0x00,0x00,0x00,0x00,0x00,0x00,0x00,0x00,0x00,0x00,0x00,0x00,0x00,0x00,0x00,0x00,0x00,0x00,0x00,0x00,0x00,0x00,0x00,0x00,0x00,0x00,0x00,0x00,
    0x00,0x00,0x00,0x00,0x7b,0x74,0x79,0xff,0x78,0x6e,0x74,0xff,0xa4,0x99,0x9b,0xff,0xa5,0x97,0x98,0xff,0xa4,0x96,0x98,0xff,0xa2,0x95,0x97,0xff,0x5e,0x55,0x5f,0xff,
    0x5d,0x54,0x5e,0xff,0x5b,0x52,0x59,0xff,0x9b,0x8d,0x93,0xff,0x9c,0x8c,0x90,0xff,0x8f,0x83,0x84,0xff,0x6c,0x63,0x69,0xff,0x69,0x62,0x67,0xff,0x99,0x8f,0x90,0xff,
    0xa3,0x96,0x94,0xff,0xaf,0xa1,0xa3,0xff,0xbf,0xb4,0xba,0xff,0xbf,0xb2,0xb6,0xff,0x98,0x89,0x8b,0xff,0x90,0x8a,0x87,0xff,0x83,0x78,0x7a,0xff,0x12,0x08,0x0d,0xff,
    0x0a,0x08,0x0e,0xff,0x0e,0x08,0x0f,0xff,0x0b,0x08,0x0e,0xff,0x0b,0x08,0x0e,0xff,0x0d,0x09,0x0f,0xff,0x0c,0x09,0x0e,0xff,0x0c,0x08,0x0e,0xff,0x0e,0x06,0x10,0xff,
    0x0f,0x07,0x0e,0xff,0xf2,0xf2,0xf2,0x14,0x00,0x00,0x00,0x00,0x00,0x00,0x00,0x00,0x00,0x00,0x00,0x00,0x00,0x00,0x00,0x00,0x00,0x00,0x00,0x00,0x00,0x00,0x00,0x00,
    0x00,0x00,0x00,0x00,0x00,0x00,0x00,0x00,0x00,0x00,0x00,0x00,0x00,0x00,0x00,0x00,0x00,0x00,0x00,0x00,0x00,0x00,0x00,0x00,0x00,0x00,0x00,0x00,0x00,0x00,0x00,0x00,
    0x00,0x00,0x00,0x00,0x00,0x00,0x00,0x00,0x00,0x00,0x00,0x00,0x00,0x00,0x00,0x00,0x00,0x00,0x00,0x00,0x00,0x00,0x00,0x00,0x00,0x00,0x00,0x00,0x00,0x00,0x00,0x00,
    0x00,0x00,0x00,0x00,0x00,0x00,0x00,0x00,0x00,0x00,0x00,0x00,0x00,0x00,0x00,0x00,0x00,0x00,0x00,0x00,0x00,0x00,0x00,0x00,0x00,0x00,0x00,0x00,0x00,0x00,0x00,0x00,
    0x00,0x00,0x00,0x00,0x00,0x00,0x00,0x00,0x00,0x00,0x00,0x00,0x00,0x00,0x00,0x00,0x00,0x00,0x00,0x00,0x00,0x00,0x00,0x00,0x00,0x00,0x00,0x00,0x00,0x00,0x00,0x00,
    0x00,0x00,0x00,0x00,0x00,0x00,0x00,0x00,0x00,0x00,0x00,0x00,0x00,0x00,0x00,0x00,0x00,0x00,0x00,0x00,0x00,0x00,0x00,0x00,0x00,0x00,0x00,0x00,0x00,0x00,0x00,0x00,
    0x00,0x00,0x00,0x00,0x00,0x00,0x00,0x00,0x00,0x00,0x00,0x00,0x00,0x00,0x00,0x00,0x00,0x00,0x00,0x00,0x00,0x00,0x00,0x00,0x00,0x00,0x00,0x00,0x00,0x00,0x00,0x00,
    0x00,0x00,0x00,0x00,0x00,0x00,0x00,0x00,0x00,0x00,0x00,0x00,0x00,0x00,0x00,0x00,0x00,0x00,0x00,0x00,0x00,0x00,0x00,0x00,0x00,0x00,0x00,0x00,0x00,0x00,0x00,0x00,
    0x00,0x00,0x00,0x00,0x00,0x00,0x00,0x00,0x00,0x00,0x00,0x00,0x00,0x00,0x00,0x00,0x00,0x00,0x00,0x00,0x00,0x00,0x00,0x00,0x00,0x00,0x00,0x00,0x67,0x67,0x6c,0x61,
    0x0a,0x09,0x14,0xff,0x14,0x19,0x2c,0xff,0x53,0x64,0x81,0xff,0x52,0x61,0x7d,0xff,0x27,0x35,0x53,0xff,0x27,0x36,0x55,0xff,0x02,0x09,0x1a,0xff,0x0c,0x0c,0x17,0xff,
    0x22,0x22,0x2a,0xa4,0x00,0x00,0x00,0x00,0x00,0x00,0x00,0x00,0x00,0x00,0x00,0x00,0x00,0x00,0x00,0x00,0x00,0x00,0x00,0x00,0x00,0x00,0x00,0x00,0x00,0x00,0x00,0x00,
    0x00,0x00,0x00,0x00,0x00,0x00,0x00,0x00,0x00,0x00,0x00,0x00,0x00,0x00,0x00,0x00,0x00,0x00,0x00,0x00,0x00,0x00,0x00,0x00,0xff,0xff,0xff,0x01,0x9e,0x99,0x99,0x5f,
    0x92,0x8d,0x92,0x62,0xac,0xa5,0xaa,0xff,0xa7,0xa0,0xa5,0xff,0xb9,0xaf,0xb2,0xff,0xa4,0x97,0x98,0xff,0xa6,0x98,0x9a,0xff,0xa8,0x9a,0x9c,0xff,0x9e,0x97,0x9c,0xff,
    0xa1,0x9a,0x9f,0xff,0xa8,0xa1,0xa4,0xff,0x92,0x86,0x88,0xff,0x9e,0x90,0x92,0xff,0x9c,0x8f,0x90,0xff,0x83,0x78,0x7c,0xff,0x82,0x78,0x7e,0xff,0xad,0xa0,0xa1,0xff,
    0xa9,0x9c,0x9b,0xff,0xb9,0xac,0xae,0xff,0xbf,0xb3,0xb9,0xff,0xbf,0xb2,0xb7,0xff,0x9c,0x8f,0x91,0xff,0x96,0x84,0x87,0xff,0x84,0x74,0x7b,0xff,0x10,0x06,0x10,0xff,
    0x0e,0x05,0x12,0xff,0x19,0x07,0x15,0xff,0x1a,0x08,0x18,0xff,0x1b,0x08,0x18,0xff,0x1d,0x08,0x1a,0xff,0x1b,0x09,0x19,0xff,0x1a,0x08,0x18,0xff,0x19,0x08,0x18,0xff,
    0x18,0x08,0x18,0xff,0x5f,0x5a,0x61,0x74,0x47,0x4a,0x4d,0x64,0xe3,0xe3,0xe3,0x12,0x00,0x00,0x00,0x00,0x00,0x00,0x00,0x00,0x00,0x00,0x00,0x00,0x00,0x00,0x00,0x00,
    0x00,0x00,0x00,0x00,0x00,0x00,0x00,0x00,0x00,0x00,0x00,0x00,0x00,0x00,0x00,0x00,0x00,0x00,0x00,0x00,0x00,0x00,0x00,0x00,0x00,0x00,0x00,0x00,0x00,0x00,0x00,0x00,
    0x00,0x00,0x00,0x00,0x00,0x00,0x00,0x00,0x00,0x00,0x00,0x00,0x00,0x00,0x00,0x00,0x00,0x00,0x00,0x00,0x00,0x00,0x00,0x00,0x00,0x00,0x00,0x00,0x00,0x00,0x00,0x00,
    0x00,0x00,0x00,0x00,0x00,0x00,0x00,0x00,0x00,0x00,0x00,0x00,0x00,0x00,0x00,0x00,0x00,0x00,0x00,0x00,0x00,0x00,0x00,0x00,0x00,0x00,0x00,0x00,0x00,0x00,0x00,0x00,
    0x00,0x00,0x00,0x00,0x00,0x00,0x00,0x00,0x00,0x00,0x00,0x00,0x00,0x00,0x00,0x00,0x00,0x00,0x00,0x00,0x00,0x00,0x00,0x00,0x00,0x00,0x00,0x00,0x00,0x00,0x00,0x00,
    0x00,0x00,0x00,0x00,0x00,0x00,0x00,0x00,0x00,0x00,0x00,0x00,0x00,0x00,0x00,0x00,0x00,0x00,0x00,0x00,0x00,0x00,0x00,0x00,0x00,0x00,0x00,0x00,0x00,0x00,0x00,0x00,
    0x00,0x00,0x00,0x00,0x00,0x00,0x00,0x00,0x00,0x00,0x00,0x00,0x00,0x00,0x00,0x00,0x00,0x00,0x00,0x00,0x00,0x00,0x00,0x00,0x00,0x00,0x00,0x00,0x00,0x00,0x00,0x00,
    0x00,0x00,0x00,0x00,0x00,0x00,0x00,0x00,0x00,0x00,0x00,0x00,0x00,0x00,0x00,0x00,0x00,0x00,0x00,0x00,0x00,0x00,0x00,0x00,0x00,0x00,0x00,0x00,0x00,0x00,0x00,0x00,
    0x00,0x00,0x00,0x00,0x00,0x00,0x00,0x00,0x00,0x00,0x00,0x00,0x00,0x00,0x00,0x00,0x00,0x00,0x00,0x00,0x00,0x00,0x00,0x00,0x00,0x00,0x00,0x00,0x68,0x68,0x6d,0x62,
    0x0b,0x0a,0x15,0xff,0x11,0x1c,0x34,0xff,0x40,0x59,0x7f,0xff,0x41,0x56,0x78,0xff,0x1d,0x2c,0x49,0xff,0x24,0x2f,0x4b,0xff,0x08,0x0e,0x1e,0xff,0x09,0x0a,0x15,0xff,
    0x1e,0x1c,0x26,0xa3,0x00,0x00,0x00,0x00,0x00,0x00,0x00,0x00,0x00,0x00,0x00,0x00,0x00,0x00,0x00,0x00,0x00,0x00,0x00,0x00,0x00,0x00,0x00,0x00,0x00,0x00,0x00,0x00,
    0x00,0x00,0x00,0x00,0x00,0x00,0x00,0x00,0x00,0x00,0x00,0x00,0x00,0x00,0x00,0x00,0x00,0x00,0x00,0x00,0x00,0x00,0x00,0x00,0xef,0xef,0xef,0x10,0x75,0x6d,0x73,0xff,
    0x76,0x6e,0x74,0xff,0xe8,0xe1,0xe6,0xff,0xe7,0xe0,0xe5,0xff,0xdd,0xd6,0xd9,0xff,0xa2,0x95,0x96,0xff,0xa2,0x95,0x97,0xff,0x9f,0x91,0x93,0xff,0xe8,0xe1,0xe4,0xff,
    0xeb,0xe5,0xe7,0xff,0xec,0xe5,0xe7,0xff,0x98,0x8f,0x90,0xff,0x9b,0x8e,0x90,0xff,0x9c,0x8e,0x90,0xff,0x9e,0x92,0x95,0xff,0x9a,0x8f,0x92,0xff,0xba,0xad,0xaf,0xff,
    0xbb,0xae,0xaf,0xff,0xba,0xae,0xb0,0xff,0xc2,0xb4,0xb8,0xff,0xc3,0xb5,0xb9,0xff,0x9b,0x8f,0x91,0xff,0x91,0x83,0x83,0xff,0x83,0x77,0x7a,0xff,0x0f,0x0a,0x11,0xff,
    0x0b,0x04,0x10,0xff,0x1e,0x0b,0x19,0xff,0x24,0x0a,0x1e,0xff,0x26,0x0c,0x20,0xff,0x26,0x0c,0x20,0xff,0x26,0x0c,0x20,0xff,0x27,0x0d,0x1f,0xff,0x2a,0x0b,0x1e,0xff,
    0x28,0x0c,0x1f,0xff,0x16,0x08,0x10,0xff,0x0f,0x09,0x0e,0xff,0xd7,0xd7,0xd7,0x33,0x00,0x00,0x00,0x00,0x00,0x00,0x00,0x00,0x00,0x00,0x00,0x00,0x00,0x00,0x00,0x00,
    0x00,0x00,0x00,0x00,0x00,0x00,0x00,0x00,0x00,0x00,0x00,0x00,0x00,0x00,0x00,0x00,0x00,0x00,0x00,0x00,0x00,0x00,0x00,0x00,0x00,0x00,0x00,0x00,0x00,0x00,0x00,0x00,
    0x00,0x00,0x00,0x00,0x00,0x00,0x00,0x00,0x00,0x00,0x00,0x00,0x00,0x00,0x00,0x00,0x00,0x00,0x00,0x00,0x00,0x00,0x00,0x00,0x00,0x00,0x00,0x00,0x00,0x00,0x00,0x00,
    0x00,0x00,0x00,0x00,0x00,0x00,0x00,0x00,0x00,0x00,0x00,0x00,0x00,0x00,0x00,0x00,0x00,0x00,0x00,0x00,0x00,0x00,0x00,0x00,0x00,0x00,0x00,0x00,0x00,0x00,0x00,0x00,
    0x00,0x00,0x00,0x00,0x00,0x00,0x00,0x00,0x00,0x00,0x00,0x00,0x00,0x00,0x00,0x00,0x00,0x00,0x00,0x00,0x00,0x00,0x00,0x00,0x00,0x00,0x00,0x00,0x00,0x00,0x00,0x00,
    0x00,0x00,0x00,0x00,0x00,0x00,0x00,0x00,0x00,0x00,0x00,0x00,0x00,0x00,0x00,0x00,0x00,0x00,0x00,0x00,0x00,0x00,0x00,0x00,0x00,0x00,0x00,0x00,0x00,0x00,0x00,0x00,
    0x00,0x00,0x00,0x00,0x00,0x00,0x00,0x00,0x00,0x00,0x00,0x00,0x00,0x00,0x00,0x00,0x00,0x00,0x00,0x00,0x00,0x00,0x00,0x00,0x00,0x00,0x00,0x00,0x00,0x00,0x00,0x00,
    0x00,0x00,0x00,0x00,0x00,0x00,0x00,0x00,0x00,0x00,0x00,0x00,0x00,0x00,0x00,0x00,0x00,0x00,0x00,0x00,0x00,0x00,0x00,0x00,0x00,0x00,0x00,0x00,0x00,0x00,0x00,0x00,
    0x00,0x00,0x00,0x00,0x00,0x00,0x00,0x00,0x00,0x00,0x00,0x00,0x00,0x00,0x00,0x00,0x00,0x00,0x00,0x00,0x00,0x00,0x00,0x00,0x00,0x00,0x00,0x00,0x67,0x67,0x6e,0x61,
    0x0a,0x0b,0x17,0xff,0x12,0x1c,0x31,0xff,0x48,0x5d,0x7d,0xff,0x46,0x55,0x75,0xff,0x22,0x2e,0x4a,0xff,0x26,0x31,0x4c,0xff,0x04,0x08,0x18,0xff,0x0a,0x0a,0x15,0xff,
    0x1f,0x1d,0x25,0xa5,0x00,0x00,0x00,0x00,0x00,0x00,0x00,0x00,0x00,0x00,0x00,0x00,0x00,0x00,0x00,0x00,0x00,0x00,0x00,0x00,0x00,0x00,0x00,0x00,0x00,0x00,0x00,0x00,
    0x00,0x00,0x00,0x00,0x00,0x00,0x00,0x00,0x00,0x00,0x00,0x00,0x00,0x00,0x00,0x00,0x00,0x00,0x00,0x00,0x00,0x00,0x00,0x00,0xe6,0xe6,0xe6,0x0a,0x6f,0x68,0x71,0xff,
    0x7a,0x72,0x7b,0xff,0xe9,0xe1,0xe4,0xff,0xeb,0xe1,0xe7,0xff,0xdb,0xd0,0xd3,0xff,0xa0,0x93,0x95,0xff,0xa1,0x96,0x98,0xff,0xba,0xb1,0xb2,0xff,0xec,0xe5,0xe8,0xff,
    0xeb,0xe6,0xe8,0xff,0xea,0xe5,0xe7,0xff,0xd4,0xcd,0xcf,0xff,0xa7,0x9c,0x9e,0xff,0xa2,0x97,0x99,0xff,0x9f,0x94,0x96,0xff,0xb4,0xa9,0xab,0xff,0xb6,0xaa,0xad,0xff,
    0xba,0xaf,0xb2,0xff,0xc0,0xb5,0xb7,0xff,0xc3,0xb6,0xb9,0xff,0xbc,0xb0,0xb2,0xff,0x93,0x88,0x8a,0xff,0x8f,0x86,0x87,0xff,0x7e,0x71,0x76,0xff,0x13,0x04,0x0f,0xff,
    0x14,0x02,0x14,0xff,0x28,0x0d,0x20,0xff,0x29,0x0a,0x23,0xff,0x29,0x0a,0x23,0xff,0x2b,0x09,0x23,0xff,0x29,0x0a,0x22,0xff,0x29,0x0a,0x22,0xff,0x26,0x0a,0x23,0xff,
    0x26,0x0b,0x23,0xff,0x16,0x06,0x16,0xff,0x0f,0x05,0x11,0xff,0xd2,0xcd,0xd2,0x33,0x00,0x00,0x00,0x00,0x00,0x00,0x00,0x00,0x00,0x00,0x00,0x00,0x00,0x00,0x00,0x00,
    0x00,0x00,0x00,0x00,0x00,0x00,0x00,0x00,0x00,0x00,0x00,0x00,0x00,0x00,0x00,0x00,0x00,0x00,0x00,0x00,0x00,0x00,0x00,0x00,0x00,0x00,0x00,0x00,0x00,0x00,0x00,0x00,
    0x00,0x00,0x00,0x00,0x00,0x00,0x00,0x00,0x00,0x00,0x00,0x00,0x00,0x00,0x00,0x00,0x00,0x00,0x00,0x00,0x00,0x00,0x00,0x00,0x00,0x00,0x00,0x00,0x00,0x00,0x00,0x00,
    0x00,0x00,0x00,0x00,0x00,0x00,0x00,0x00,0x00,0x00,0x00,0x00,0x00,0x00,0x00,0x00,0x00,0x00,0x00,0x00,0x00,0x00,0x00,0x00,0x00,0x00,0x00,0x00,0x00,0x00,0x00,0x00,
    0x00,0x00,0x00,0x00,0x00,0x00,0x00,0x00,0x00,0x00,0x00,0x00,0x00,0x00,0x00,0x00,0x00,0x00,0x00,0x00,0x00,0x00,0x00,0x00,0x00,0x00,0x00,0x00,0x00,0x00,0x00,0x00,
    0x00,0x00,0x00,0x00,0x00,0x00,0x00,0x00,0x00,0x00,0x00,0x00,0x00,0x00,0x00,0x00,0x00,0x00,0x00,0x00,0x00,0x00,0x00,0x00,0x00,0x00,0x00,0x00,0x00,0x00,0x00,0x00,
    0x00,0x00,0x00,0x00,0x00,0x00,0x00,0x00,0x00,0x00,0x00,0x00,0x00,0x00,0x00,0x00,0x00,0x00,0x00,0x00,0x00,0x00,0x00,0x00,0x00,0x00,0x00,0x00,0x00,0x00,0x00,0x00,
    0x00,0x00,0x00,0x00,0x00,0x00,0x00,0x00,0x00,0x00,0x00,0x00,0x00,0x00,0x00,0x00,0x00,0x00,0x00,0x00,0x00,0x00,0x00,0x00,0x00,0x00,0x00,0x00,0x00,0x00,0x00,0x00,
    0x00,0x00,0x00,0x00,0x00,0x00,0x00,0x00,0x00,0x00,0x00,0x00,0x00,0x00,0x00,0x00,0x00,0x00,0x00,0x00,0x00,0x00,0x00,0x00,0x00,0x00,0x00,0x00,0x67,0x69,0x71,0x61,
    0x0a,0x0b,0x17,0xff,0x17,0x1c,0x2e,0xff,0x59,0x67,0x80,0xff,0x59,0x64,0x80,0xff,0x17,0x20,0x3c,0xff,0x14,0x1d,0x3a,0xff,0x09,0x0c,0x1c,0xff,0x0d,0x0c,0x16,0xff,
    0x21,0x20,0x29,0xa9,0x00,0x00,0x00,0x00,0x00,0x00,0x00,0x00,0x00,0x00,0x00,0x00,0x00,0x00,0x00,0x00,0x00,0x00,0x00,0x00,0x00,0x00,0x00,0x00,0x00,0x00,0x00,0x00,
    0x00,0x00,0x00,0x00,0x00,0x00,0x00,0x00,0x00,0x00,0x00,0x00,0x00,0x00,0x00,0x00,0x00,0x00,0x00,0x00,0x00,0x00,0x00,0x00,0xdf,0xdf,0xdf,0x10,0x0d,0x09,0x0f,0xff,
    0x12,0x0b,0x12,0xff,0xc3,0xba,0xbd,0xff,0xc6,0xbb,0xbf,0xff,0xc7,0xbc,0xbf,0xff,0xcc,0xc0,0xc2,0xff,0xee,0xe6,0xe7,0xff,0xea,0xe5,0xe6,0xff,0xec,0xe5,0xe8,0xff,
    0xea,0xe5,0xe7,0xff,0xea,0xe5,0xe7,0xff,0xeb,0xe3,0xe6,0xff,0xee,0xe4,0xe9,0xff,0xe5,0xdd,0xde,0xff,0x9b,0x90,0x92,0xff,0x9d,0x91,0x93,0xff,0xe1,0xd8,0xdb,0xff,
    0xe4,0xdd,0xe0,0xff,0xb8,0xae,0xb1,0xff,0x9a,0x8c,0x8e,0xff,0x95,0x89,0x8b,0xff,0x54,0x4b,0x4f,0xff,0x37,0x2f,0x36,0xff,0x38,0x24,0x32,0xff,0x2f,0x14,0x29,0xff,
    0x2d,0x0e,0x29,0xff,0x34,0x11,0x2c,0xff,0x39,0x10,0x30,0xff,0x3a,0x12,0x31,0xff,0x3e,0x15,0x35,0xff,0x3e,0x15,0x37,0xff,0x3f,0x14,0x37,0xff,0x43,0x13,0x38,0xff,
    0x41,0x12,0x35,0xff,0x37,0x11,0x2c,0xff,0x36,0x13,0x2c,0xff,0x0e,0x06,0x0e,0xfe,0x0c,0x0b,0x0d,0xfd,0x0a,0x09,0x0b,0xf6,0x00,0x00,0x00,0x00,0x00,0x00,0x00,0x00,
    0x00,0x00,0x00,0x00,0x00,0x00,0x00,0x00,0x00,0x00,0x00,0x00,0x00,0x00,0x00,0x00,0x00,0x00,0x00,0x00,0x00,0x00,0x00,0x00,0x00,0x00,0x00,0x00,0x00,0x00,0x00,0x00,
    0x00,0x00,0x00,0x00,0x00,0x00,0x00,0x00,0x00,0x00,0x00,0x00,0x00,0x00,0x00,0x00,0x00,0x00,0x00,0x00,0x00,0x00,0x00,0x00,0x00,0x00,0x00,0x00,0x00,0x00,0x00,0x00,
    0x00,0x00,0x00,0x00,0x00,0x00,0x00,0x00,0x00,0x00,0x00,0x00,0x00,0x00,0x00,0x00,0x00,0x00,0x00,0x00,0x00,0x00,0x00,0x00,0x00,0x00,0x00,0x00,0x00,0x00,0x00,0x00,
    0x00,0x00,0x00,0x00,0x00,0x00,0x00,0x00,0x00,0x00,0x00,0x00,0x00,0x00,0x00,0x00,0x00,0x00,0x00,0x00,0x00,0x00,0x00,0x00,0x00,0x00,0x00,0x00,0x00,0x00,0x00,0x00,
    0x00,0x00,0x00,0x00,0x00,0x00,0x00,0x00,0x00,0x00,0x00,0x00,0x00,0x00,0x00,0x00,0x00,0x00,0x00,0x00,0x00,0x00,0x00,0x00,0x00,0x00,0x00,0x00,0x00,0x00,0x00,0x00,
    0x00,0x00,0x00,0x00,0x00,0x00,0x00,0x00,0x00,0x00,0x00,0x00,0x00,0x00,0x00,0x00,0x00,0x00,0x00,0x00,0x00,0x00,0x00,0x00,0x00,0x00,0x00,0x00,0x00,0x00,0x00,0x00,
    0x00,0x00,0x00,0x00,0x00,0x00,0x00,0x00,0x00,0x00,0x00,0x00,0x00,0x00,0x00,0x00,0x00,0x00,0x00,0x00,0x00,0x00,0x00,0x00,0x00,0x00,0x00,0x00,0x00,0x00,0x00,0x00,
    0x00,0x00,0x00,0x00,0x00,0x00,0x00,0x00,0x00,0x00,0x00,0x00,0x00,0x00,0x00,0x00,0x00,0x00,0x00,0x00,0x00,0x00,0x00,0x00,0x00,0x00,0x00,0x00,0x6a,0x6c,0x71,0x63,
    0x0b,0x09,0x15,0xff,0x18,0x1b,0x2d,0xff,0x5d,0x69,0x7f,0xff,0x5b,0x69,0x80,0xff,0x18,0x20,0x37,0xff,0x15,0x1c,0x33,0xff,0x0a,0x0f,0x1b,0xff,0x0c,0x0d,0x15,0xff,
    0x1f,0x1d,0x25,0xa7,0x00,0x00,0x00,0x00,0x00,0x00,0x00,0x00,0x00,0x00,0x00,0x00,0x00,0x00,0x00,0x00,0x00,0x00,0x00,0x00,0x00,0x00,0x00,0x00,0x00,0x00,0x00,0x00,
    0x00,0x00,0x00,0x00,0x00,0x00,0x00,0x00,0x00,0x00,0x00,0x00,0x00,0x00,0x00,0x00,0x00,0x00,0x00,0x00,0x00,0x00,0x00,0x00,0xd8,0xd8,0xd8,0x0d,0x0b,0x07,0x0c,0xff,
    0x0d,0x07,0x0d,0xff,0xc5,0xbb,0xbe,0xff,0xc7,0xb9,0xbd,0xff,0xc6,0xb8,0xbc,0xff,0xc4,0xba,0xbd,0xff,0xeb,0xe2,0xe5,0xff,0xee,0xe7,0xea,0xff,0xec,0xe5,0xe8,0xff,
    0xec,0xe5,0xe8,0xff,0xec,0xe5,0xe8,0xff,0xeb,0xe4,0xe7,0xff,0xea,0xe3,0xe6,0xff,0xe4,0xda,0xdd,0xff,0x9d,0x8f,0x93,0xff,0x97,0x88,0x8c,0xff,0xe3,0xdb,0xde,0xff,
    0xe1,0xdc,0xde,0xff,0xb3,0xa7,0xab,0xff,0x9a,0x89,0x8c,0xff,0x95,0x8a,0x8b,0xff,0x2d,0x25,0x2b,0xff,0x16,0x10,0x16,0xff,0x1e,0x0c,0x1a,0xff,0x2d,0x0e,0x27,0xff,
    0x35,0x0c,0x2b,0xff,0x36,0x10,0x2e,0xff,0x38,0x0f,0x2e,0xff,0x38,0x0f,0x2f,0xff,0x3f,0x13,0x37,0xff,0x40,0x13,0x39,0xff,0x3f,0x12,0x39,0xff,0x41,0x11,0x37,0xff,
    0x3f,0x13,0x37,0xff,0x36,0x10,0x2e,0xff,0x34,0x10,0x2c,0xff,0x12,0x07,0x14,0xff,0x0a,0x07,0x0d,0xff,0x0c,0x09,0x0e,0xfb,0x00,0x00,0x00,0x00,0x00,0x00,0x00,0x00,
    0x00,0x00,0x00,0x00,0x00,0x00,0x00,0x00,0x00,0x00,0x00,0x00,0x00,0x00,0x00,0x00,0x00,0x00,0x00,0x00,0x00,0x00,0x00,0x00,0x00,0x00,0x00,0x00,0x00,0x00,0x00,0x00,
    0x00,0x00,0x00,0x00,0x00,0x00,0x00,0x00,0x00,0x00,0x00,0x00,0x00,0x00,0x00,0x00,0x00,0x00,0x00,0x00,0x00,0x00,0x00,0x00,0x00,0x00,0x00,0x00,0x00,0x00,0x00,0x00,
    0x00,0x00,0x00,0x00,0x00,0x00,0x00,0x00,0x00,0x00,0x00,0x00,0x00,0x00,0x00,0x00,0x00,0x00,0x00,0x00,0x00,0x00,0x00,0x00,0x00,0x00,0x00,0x00,0x00,0x00,0x00,0x00,
    0x00,0x00,0x00,0x00,0x00,0x00,0x00,0x00,0x00,0x00,0x00,0x00,0x00,0x00,0x00,0x00,0x00,0x00,0x00,0x00,0x00,0x00,0x00,0x00,0x00,0x00,0x00,0x00,0x00,0x00,0x00,0x00,
    0x00,0x00,0x00,0x00,0x00,0x00,0x00,0x00,0x00,0x00,0x00,0x00,0x00,0x00,0x00,0x00,0x00,0x00,0x00,0x00,0x00,0x00,0x00,0x00,0x00,0x00,0x00,0x00,0x00,0x00,0x00,0x00,
    0x00,0x00,0x00,0x00,0x00,0x00,0x00,0x00,0x00,0x00,0x00,0x00,0x00,0x00,0x00,0x00,0x00,0x00,0x00,0x00,0x00,0x00,0x00,0x00,0x00,0x00,0x00,0x00,0x00,0x00,0x00,0x00,
    0x00,0x00,0x00,0x00,0x00,0x00,0x00,0x00,0x00,0x00,0x00,0x00,0x00,0x00,0x00,0x00,0x00,0x00,0x00,0x00,0x00,0x00,0x00,0x00,0x00,0x00,0x00,0x00,0x00,0x00,0x00,0x00,
    0x00,0x00,0x00,0x00,0x00,0x00,0x00,0x00,0x00,0x00,0x00,0x00,0x00,0x00,0x00,0x00,0x00,0x00,0x00,0x00,0x00,0x00,0x00,0x00,0x00,0x00,0x00,0x00,0x6a,0x6d,0x72,0x65,
    0x09,0x09,0x15,0xff,0x1c,0x20,0x33,0xff,0x5e,0x69,0x84,0xff,0x5c,0x67,0x7d,0xff,0x11,0x17,0x2a,0xff,0x0d,0x11,0x24,0xff,0x3c,0x3c,0x4b,0x11,0x37,0x37,0x49,0x0e,
    0x40,0x40,0x40,0x08,0x00,0x00,0x00,0x00,0x00,0x00,0x00,0x00,0x00,0x00,0x00,0x00,0x00,0x00,0x00,0x00,0x00,0x00,0x00,0x00,0x00,0x00,0x00,0x00,0x00,0x00,0x00,0x00,
    0x00,0x00,0x00,0x00,0x00,0x00,0x00,0x00,0x00,0x00,0x00,0x00,0x00,0x00,0x00,0x00,0x00,0x00,0x00,0x00,0x00,0x00,0x00,0x00,0xe3,0xe3,0xe3,0x09,0x0a,0x06,0x0b,0xff,
    0x10,0x0a,0x0f,0xff,0xb2,0xa7,0xa9,0xff,0xae,0xa2,0xa5,0xff,0xe4,0xd9,0xdc,0xff,0xe6,0xdd,0xe0,0xff,0xea,0xe3,0xe6,0xff,0xea,0xe3,0xe6,0xff,0xec,0xe5,0xe8,0xff,
    0xec,0xe5,0xe8,0xff,0xec,0xe5,0xe8,0xff,0xec,0xe5,0xe8,0xff,0xec,0xe5,0xe8,0xff,0xe9,0xdf,0xe2,0xff,0xbb,0xae,0xb2,0xff,0xc5,0xb7,0xbb,0xff,0xbd,0xb4,0xb7,0xff,
    0xc0,0xb6,0xb9,0xff,0xaf,0xa1,0xa5,0xff,0x95,0x87,0x89,0xff,0x8a,0x81,0x82,0xff,0x1a,0x0c,0x16,0xff,0x26,0x11,0x22,0xff,0x33,0x15,0x2c,0xff,0x43,0x1b,0x3c,0xff,
    0x45,0x17,0x3e,0xff,0x46,0x1a,0x40,0xff,0x4a,0x1c,0x41,0xff,0x4c,0x1d,0x44,0xff,0x4a,0x1b,0x42,0xff,0x4a,0x1b,0x42,0xff,0x43,0x14,0x3b,0xff,0x3f,0x13,0x38,0xff,
    0x3e,0x14,0x37,0xff,0x39,0x12,0x32,0xff,0x36,0x11,0x31,0xff,0x26,0x0b,0x21,0xff,0x22,0x0d,0x20,0xff,0x1b,0x0b,0x18,0xff,0x1c,0x18,0x1e,0xd7,0x19,0x19,0x1c,0xd7,
    0x9f,0x9f,0x9f,0x28,0x00,0x00,0x00,0x00,0x00,0x00,0x00,0x00,0x00,0x00,0x00,0x00,0x00,0x00,0x00,0x00,0x00,0x00,0x00,0x00,0x00,0x00,0x00,0x00,0x00,0x00,0x00,0x00,
    0x00,0x00,0x00,0x00,0x00,0x00,0x00,0x00,0x00,0x00,0x00,0x00,0x00,0x00,0x00,0x00,0x00,0x00,0x00,0x00,0x00,0x00,0x00,0x00,0x00,0x00,0x00,0x00,0x00,0x00,0x00,0x00,
    0x00,0x00,0x00,0x00,0x00,0x00,0x00,0x00,0x00,0x00,0x00,0x00,0x00,0x00,0x00,0x00,0x00,0x00,0x00,0x00,0x00,0x00,0x00,0x00,0x00,0x00,0x00,0x00,0x00,0x00,0x00,0x00,
    0x00,0x00,0x00,0x00,0x00,0x00,0x00,0x00,0x00,0x00,0x00,0x00,0x00,0x00,0x00,0x00,0x00,0x00,0x00,0x00,0x00,0x00,0x00,0x00,0x00,0x00,0x00,0x00,0x00,0x00,0x00,0x00,
    0x00,0x00,0x00,0x00,0x00,0x00,0x00,0x00,0x00,0x00,0x00,0x00,0x00,0x00,0x00,0x00,0x00,0x00,0x00,0x00,0x00,0x00,0x00,0x00,0x00,0x00,0x00,0x00,0x00,0x00,0x00,0x00,
    0x00,0x00,0x00,0x00,0x00,0x00,0x00,0x00,0x00,0x00,0x00,0x00,0x00,0x00,0x00,0x00,0x00,0x00,0x00,0x00,0x00,0x00,0x00,0x00,0x00,0x00,0x00,0x00,0x00,0x00,0x00,0x00,
    0x00,0x00,0x00,0x00,0x00,0x00,0x00,0x00,0x00,0x00,0x00,0x00,0x00,0x00,0x00,0x00,0x00,0x00,0x00,0x00,0x00,0x00,0x00,0x00,0x00,0x00,0x00,0x00,0x00,0x00,0x00,0x00,
    0x00,0x00,0x00,0x00,0x00,0x00,0x00,0x00,0x00,0x00,0x00,0x00,0x00,0x00,0x00,0x00,0x00,0x00,0x00,0x00,0x00,0x00,0x00,0x00,0x00,0x00,0x00,0x00,0x68,0x6a,0x6f,0x65,
    0x08,0x08,0x15,0xff,0x1a,0x1f,0x33,0xff,0x5c,0x69,0x85,0xff,0x59,0x63,0x7b,0xff,0x0e,0x11,0x23,0xff,0x12,0x12,0x21,0xff,0x00,0x00,0x00,0x00,0x00,0x00,0x00,0x00,
    0x00,0x00,0x00,0x00,0x00,0x00,0x00,0x00,0x00,0x00,0x00,0x00,0x00,0x00,0x00,0x00,0x00,0x00,0x00,0x00,0x00,0x00,0x00,0x00,0x00,0x00,0x00,0x00,0x00,0x00,0x00,0x00,
    0x00,0x00,0x00,0x00,0x00,0x00,0x00,0x00,0x00,0x00,0x00,0x00,0x00,0x00,0x00,0x00,0x00,0x00,0x00,0x00,0x00,0x00,0x00,0x00,0xdf,0xdf,0xdf,0x08,0x0f,0x08,0x0f,0xff,
    0x14,0x0a,0x11,0xff,0xaf,0xa3,0xa3,0xff,0xb0,0xa5,0xa7,0xff,0xf1,0xe7,0xe9,0xff,0xec,0xe3,0xe6,0xff,0xeb,0xe4,0xe7,0xff,0xea,0xe5,0xe7,0xff,0xeb,0xe4,0xe7,0xff,
    0xec,0xe5,0xe8,0xff,0xed,0xe6,0xe9,0xff,0xec,0xe5,0xe8,0xff,0xec,0xe5,0xe8,0xff,0xeb,0xe2,0xe5,0xff,0xc1,0xb6,0xb9,0xff,0xc0,0xb5,0xb8,0xff,0xbe,0xb3,0xb6,0xff,
    0xbf,0xb3,0xb6,0xff,0xab,0x9c,0xa0,0xff,0x97,0x8b,0x8d,0xff,0x99,0x8f,0x91,0xff,0x2b,0x15,0x25,0xff,0x32,0x10,0x2a,0xff,0x3a,0x12,0x33,0xff,0x48,0x19,0x42,0xff,
    0x4c,0x19,0x45,0xff,0x4c,0x1b,0x47,0xff,0x4f,0x1b,0x4a,0xff,0x4d,0x19,0x48,0xff,0x4b,0x1a,0x48,0xff,0x4b,0x1a,0x48,0xff,0x41,0x10,0x3c,0xff,0x41,0x11,0x3b,0xff,
    0x3d,0x10,0x37,0xff,0x3d,0x11,0x36,0xff,0x3c,0x13,0x36,0xff,0x2b,0x09,0x23,0xff,0x29,0x0d,0x21,0xff,0x26,0x0e,0x20,0xff,0x14,0x06,0x11,0xff,0x0f,0x08,0x0e,0xff,
    0x70,0x6d,0x70,0x59,0x00,0x00,0x00,0x00,0x00,0x00,0x00,0x00,0x00,0x00,0x00,0x00,0x00,0x00,0x00,0x00,0x00,0x00,0x00,0x00,0x00,0x00,0x00,0x00,0x00,0x00,0x00,0x00,
    0x00,0x00,0x00,0x00,0x00,0x00,0x00,0x00,0x00,0x00,0x00,0x00,0x00,0x00,0x00,0x00,0x00,0x00,0x00,0x00,0x00,0x00,0x00,0x00,0x00,0x00,0x00,0x00,0x00,0x00,0x00,0x00,
    0x00,0x00,0x00,0x00,0x00,0x00,0x00,0x00,0x00,0x00,0x00,0x00,0x00,0x00,0x00,0x00,0x00,0x00,0x00,0x00,0x00,0x00,0x00,0x00,0x00,0x00,0x00,0x00,0x00,0x00,0x00,0x00,
    0x00,0x00,0x00,0x00,0x00,0x00,0x00,0x00,0x00,0x00,0x00,0x00,0x00,0x00,0x00,0x00,0x00,0x00,0x00,0x00,0x00,0x00,0x00,0x00,0x00,0x00,0x00,0x00,0x00,0x00,0x00,0x00,
    0x00,0x00,0x00,0x00,0x00,0x00,0x00,0x00,0x00,0x00,0x00,0x00,0x00,0x00,0x00,0x00,0x00,0x00,0x00,0x00,0x00,0x00,0x00,0x00,0x00,0x00,0x00,0x00,0x00,0x00,0x00,0x00,
    0x00,0x00,0x00,0x00,0x00,0x00,0x00,0x00,0x00,0x00,0x00,0x00,0x00,0x00,0x00,0x00,0x00,0x00,0x00,0x00,0x00,0x00,0x00,0x00,0x00,0x00,0x00,0x00,0x00,0x00,0x00,0x00,
    0x00,0x00,0x00,0x00,0x00,0x00,0x00,0x00,0x00,0x00,0x00,0x00,0x00,0x00,0x00,0x00,0x00,0x00,0x00,0x00,0x00,0x00,0x00,0x00,0x00,0x00,0x00,0x00,0x00,0x00,0x00,0x00,
    0x00,0x00,0x00,0x00,0x00,0x00,0x00,0x00,0x00,0x00,0x00,0x00,0x00,0x00,0x00,0x00,0x00,0x00,0x00,0x00,0x00,0x00,0x00,0x00,0x00,0x00,0x00,0x00,0x65,0x68,0x6b,0x62,
    0x08,0x0a,0x16,0xff,0x18,0x1f,0x33,0xff,0x57,0x65,0x85,0xff,0x57,0x63,0x7d,0xff,0x0b,0x0f,0x21,0xff,0x11,0x12,0x1f,0xff,0x00,0x00,0x00,0x00,0x00,0x00,0x00,0x00,
    0x00,0x00,0x00,0x00,0x00,0x00,0x00,0x00,0x00,0x00,0x00,0x00,0x00,0x00,0x00,0x00,0x00,0x00,0x00,0x00,0x00,0x00,0x00,0x00,0x00,0x00,0x00,0x00,0x00,0x00,0x00,0x00,
    0x00,0x00,0x00,0x00,0x00,0x00,0x00,0x00,0x00,0x00,0x00,0x00,0x00,0x00,0x00,0x00,0x00,0x00,0x00,0x00,0x00,0x00,0x00,0x00,0xd4,0xd4,0xd4,0x0c,0x13,0x07,0x13,0xff,
    0x19,0x0a,0x15,0xff,0xb3,0xa6,0xa8,0xff,0xb1,0xa6,0xa8,0xff,0xec,0xe3,0xe6,0xff,0xea,0xe3,0xe6,0xff,0xe9,0xe4,0xe6,0xff,0xea,0xe5,0xe7,0xff,0xec,0xe5,0xe8,0xff,
    0xec,0xe5,0xe8,0xff,0xeb,0xe4,0xe7,0xff,0xed,0xe6,0xe9,0xff,0xee,0xe7,0xea,0xff,0xe9,0xe0,0xe3,0xff,0xc0,0xb6,0xb9,0xff,0xbf,0xb4,0xb7,0xff,0xc3,0xb6,0xba,0xff,
    0xc1,0xb4,0xb6,0xff,0xa3,0x95,0x99,0xff,0x90,0x86,0x89,0xff,0x8c,0x7e,0x87,0xff,0x2c,0x0c,0x25,0xff,0x37,0x0b,0x2f,0xff,0x3f,0x11,0x38,0xff,0x4d,0x19,0x47,0xff,
    0x4d,0x19,0x48,0xff,0x4e,0x1c,0x46,0xff,0x4f,0x1b,0x4a,0xff,0x4c,0x1b,0x47,0xff,0x4c,0x1b,0x47,0xff,0x4b,0x1d,0x47,0xff,0x3f,0x12,0x38,0xff,0x3f,0x15,0x38,0xff,
    0x3d,0x13,0x34,0xff,0x38,0x11,0x31,0xff,0x3a,0x13,0x33,0xff,0x27,0x0c,0x22,0xff,0x22,0x0c,0x1e,0xff,0x1e,0x0e,0x1b,0xff,0x10,0x05,0x0e,0xff,0x0f,0x08,0x0e,0xff,
    0x76,0x73,0x76,0x50,0x00,0x00,0x00,0x00,0x00,0x00,0x00,0x00,0x00,0x00,0x00,0x00,0x00,0x00,0x00,0x00,0x00,0x00,0x00,0x00,0x00,0x00,0x00,0x00,0x00,0x00,0x00,0x00,
    0x00,0x00,0x00,0x00,0x00,0x00,0x00,0x00,0x00,0x00,0x00,0x00,0x00,0x00,0x00,0x00,0x00,0x00,0x00,0x00,0x00,0x00,0x00,0x00,0x00,0x00,0x00,0x00,0x00,0x00,0x00,0x00,
    0x00,0x00,0x00,0x00,0x00,0x00,0x00,0x00,0x00,0x00,0x00,0x00,0x00,0x00,0x00,0x00,0x00,0x00,0x00,0x00,0x00,0x00,0x00,0x00,0x00,0x00,0x00,0x00,0x00,0x00,0x00,0x00,
    0x00,0x00,0x00,0x00,0x00,0x00,0x00,0x00,0x00,0x00,0x00,0x00,0x00,0x00,0x00,0x00,0x00,0x00,0x00,0x00,0x00,0x00,0x00,0x00,0x00,0x00,0x00,0x00,0x00,0x00,0x00,0x00,
    0x00,0x00,0x00,0x00,0x00,0x00,0x00,0x00,0x00,0x00,0x00,0x00,0x00,0x00,0x00,0x00,0x00,0x00,0x00,0x00,0x00,0x00,0x00,0x00,0x00,0x00,0x00,0x00,0x00,0x00,0x00,0x00,
    0x00,0x00,0x00,0x00,0x00,0x00,0x00,0x00,0x00,0x00,0x00,0x00,0x00,0x00,0x00,0x00,0x00,0x00,0x00,0x00,0x00,0x00,0x00,0x00,0x00,0x00,0x00,0x00,0x00,0x00,0x00,0x00,
    0x00,0x00,0x00,0x00,0x00,0x00,0x00,0x00,0x00,0x00,0x00,0x00,0x00,0x00,0x00,0x00,0x00,0x00,0x00,0x00,0x00,0x00,0x00,0x00,0x00,0x00,0x00,0x00,0x00,0x00,0x00,0x00,
    0x00,0x00,0x00,0x00,0x00,0x00,0x00,0x00,0x00,0x00,0x00,0x00,0x00,0x00,0x00,0x00,0x00,0x00,0x00,0x00,0x00,0x00,0x00,0x00,0x00,0x00,0x00,0x00,0x67,0x67,0x6f,0x63,
    0x0a,0x0a,0x16,0xff,0x14,0x1a,0x30,0xff,0x40,0x52,0x71,0xff,0x44,0x52,0x6c,0xff,0x09,0x0f,0x1e,0xff,0x0f,0x10,0x1e,0xff,0x00,0x00,0x00,0x00,0x00,0x00,0x00,0x00,
    0x00,0x00,0x00,0x00,0x00,0x00,0x00,0x00,0x00,0x00,0x00,0x00,0x00,0x00,0x00,0x00,0x00,0x00,0x00,0x00,0x00,0x00,0x00,0x00,0x00,0x00,0x00,0x00,0x00,0x00,0x00,0x00,
    0x00,0x00,0x00,0x00,0x00,0x00,0x00,0x00,0x00,0x00,0x00,0x00,0x00,0x00,0x00,0x00,0x12,0x0d,0x11,0xf3,0x0e,0x07,0x0e,0xff,0x12,0x05,0x13,0xff,0x26,0x0c,0x1f,0xff,
    0x22,0x0b,0x19,0xff,0xb0,0xa5,0xa8,0xff,0xae,0xa3,0xa5,0xff,0xdb,0xd0,0xd2,0xff,0xde,0xd4,0xda,0xff,0xe9,0xe1,0xe4,0xff,0xe9,0xe3,0xe4,0xff,0xed,0xe4,0xe7,0xff,
    0xea,0xe5,0xe7,0xff,0xeb,0xe6,0xe8,0xff,0xcb,0xc2,0xc5,0xff,0xd0,0xc5,0xc8,0xff,0xcb,0xbf,0xc2,0xff,0xbd,0xb3,0xb6,0xff,0xbd,0xb2,0xb5,0xff,0x9d,0x8f,0x93,0xff,
    0xa1,0x94,0x96,0xff,0x3e,0x34,0x37,0xff,0x0e,0x07,0x0d,0xff,0x16,0x02,0x13,0xff,0x4a,0x1d,0x43,0xff,0x4f,0x1d,0x47,0xff,0x4d,0x1a,0x48,0xff,0x4d,0x19,0x48,0xff,
    0x4c,0x1b,0x47,0xff,0x4b,0x1a,0x46,0xff,0x4c,0x19,0x45,0xff,0x4e,0x1c,0x44,0xff,0x3d,0x11,0x35,0xff,0x38,0x0f,0x2e,0xff,0x32,0x0c,0x28,0xff,0x2c,0x0c,0x24,0xff,
    0x2a,0x0d,0x24,0xff,0x2d,0x11,0x25,0xff,0x2b,0x0f,0x23,0xff,0x12,0x09,0x14,0xff,0x11,0x09,0x13,0xff,0x10,0x07,0x11,0xff,0x0e,0x0a,0x10,0xff,0x0d,0x06,0x0d,0xff,
    0x6f,0x6f,0x6f,0x55,0x00,0x00,0x00,0x00,0x00,0x00,0x00,0x00,0x00,0x00,0x00,0x00,0x00,0x00,0x00,0x00,0x00,0x00,0x00,0x00,0x00,0x00,0x00,0x00,0x00,0x00,0x00,0x00,
    0x00,0x00,0x00,0x00,0x00,0x00,0x00,0x00,0x00,0x00,0x00,0x00,0x00,0x00,0x00,0x00,0x00,0x00,0x00,0x00,0x00,0x00,0x00,0x00,0x00,0x00,0x00,0x00,0x00,0x00,0x00,0x00,
    0x00,0x00,0x00,0x00,0x00,0x00,0x00,0x00,0x00,0x00,0x00,0x00,0x00,0x00,0x00,0x00,0x00,0x00,0x00,0x00,0x00,0x00,0x00,0x00,0x00,0x00,0x00,0x00,0x00,0x00,0x00,0x00,
    0x00,0x00,0x00,0x00,0x00,0x00,0x00,0x00,0x00,0x00,0x00,0x00,0x00,0x00,0x00,0x00,0x00,0x00,0x00,0x00,0x00,0x00,0x00,0x00,0x00,0x00,0x00,0x00,0x00,0x00,0x00,0x00,
    0x00,0x00,0x00,0x00,0x00,0x00,0x00,0x00,0x00,0x00,0x00,0x00,0x00,0x00,0x00,0x00,0x00,0x00,0x00,0x00,0x00,0x00,0x00,0x00,0x00,0x00,0x00,0x00,0x00,0x00,0x00,0x00,
    0x00,0x00,0x00,0x00,0x00,0x00,0x00,0x00,0x00,0x00,0x00,0x00,0x00,0x00,0x00,0x00,0x00,0x00,0x00,0x00,0x00,0x00,0x00,0x00,0x00,0x00,0x00,0x00,0x00,0x00,0x00,0x00,
    0x00,0x00,0x00,0x00,0x00,0x00,0x00,0x00,0x00,0x00,0x00,0x00,0x00,0x00,0x00,0x00,0x00,0x00,0x00,0x00,0x00,0x00,0x00,0x00,0x00,0x00,0x00,0x00,0x00,0x00,0x00,0x00,
    0x00,0x00,0x00,0x00,0x00,0x00,0x00,0x00,0x00,0x00,0x00,0x00,0x00,0x00,0x00,0x00,0x00,0x00,0x00,0x00,0x00,0x00,0x00,0x00,0x00,0x00,0x00,0x00,0x65,0x65,0x6d,0x62,
    0x0a,0x0a,0x16,0xff,0x12,0x19,0x2f,0xff,0x40,0x53,0x72,0xff,0x44,0x51,0x6c,0xff,0x0a,0x10,0x1f,0xff,0x10,0x11,0x1f,0xff,0x00,0x00,0x00,0x00,0x00,0x00,0x00,0x00,
    0x00,0x00,0x00,0x00,0x00,0x00,0x00,0x00,0x00,0x00,0x00,0x00,0x00,0x00,0x00,0x00,0x00,0x00,0x00,0x00,0x00,0x00,0x00,0x00,0x00,0x00,0x00,0x00,0x00,0x00,0x00,0x00,
    0x00,0x00,0x00,0x00,0x00,0x00,0x00,0x00,0x00,0x00,0x00,0x00,0x00,0x00,0x00,0x00,0x11,0x0a,0x11,0xf3,0x0d,0x06,0x0d,0xff,0x14,0x05,0x13,0xff,0x2b,0x0b,0x24,0xff,
    0x29,0x0f,0x1f,0xff,0xb0,0xa3,0xa5,0xff,0xb3,0xa6,0xa8,0xff,0xc6,0xb9,0xbb,0xff,0xc5,0xb9,0xbf,0xff,0xdc,0xd5,0xd8,0xff,0xeb,0xe5,0xe6,0xff,0xee,0xe6,0xe9,0xff,
    0xec,0xe5,0xe8,0xff,0xec,0xe6,0xe9,0xff,0xcb,0xc2,0xc5,0xff,0xcc,0xc1,0xc4,0xff,0xcc,0xbf,0xc3,0xff,0xc1,0xb6,0xb9,0xff,0xbc,0xb1,0xb3,0xff,0x9e,0x90,0x92,0xff,
    0x9d,0x90,0x90,0xff,0x3b,0x33,0x35,0xff,0x0c,0x07,0x0f,0xff,0x18,0x03,0x17,0xff,0x4c,0x1e,0x46,0xff,0x4f,0x1c,0x46,0xff,0x4e,0x1a,0x48,0xff,0x4e,0x1a,0x49,0xff,
    0x4c,0x1b,0x49,0xff,0x4b,0x1a,0x46,0xff,0x4d,0x1b,0x45,0xff,0x49,0x1d,0x42,0xff,0x3b,0x12,0x32,0xff,0x38,0x12,0x30,0xff,0x2f,0x0b,0x29,0xff,0x30,0x0d,0x28,0xff,
    0x2f,0x0c,0x27,0xff,0x2e,0x0e,0x26,0xff,0x2e,0x0e,0x26,0xff,0x13,0x06,0x12,0xff,0x13,0x08,0x12,0xff,0x12,0x08,0x12,0xff,0x0c,0x09,0x12,0xff,0x0e,0x06,0x0f,0xff,
    0x72,0x6f,0x72,0x55,0x00,0x00,0x00,0x00,0x00,0x00,0x00,0x00,0x00,0x00,0x00,0x00,0x00,0x00,0x00,0x00,0x00,0x00,0x00,0x00,0x00,0x00,0x00,0x00,0x00,0x00,0x00,0x00,
    0x00,0x00,0x00,0x00,0x00,0x00,0x00,0x00,0x00,0x00,0x00,0x00,0x00,0x00,0x00,0x00,0x00,0x00,0x00,0x00,0x00,0x00,0x00,0x00,0x00,0x00,0x00,0x00,0x00,0x00,0x00,0x00,
    0x00,0x00,0x00,0x00,0x00,0x00,0x00,0x00,0x00,0x00,0x00,0x00,0x00,0x00,0x00,0x00,0x00,0x00,0x00,0x00,0x00,0x00,0x00,0x00,0x00,0x00,0x00,0x00,0x00,0x00,0x00,0x00,
    0x00,0x00,0x00,0x00,0x00,0x00,0x00,0x00,0x00,0x00,0x00,0x00,0x00,0x00,0x00,0x00,0x00,0x00,0x00,0x00,0x00,0x00,0x00,0x00,0x00,0x00,0x00,0x00,0x00,0x00,0x00,0x00,
    0x00,0x00,0x00,0x00,0x00,0x00,0x00,0x00,0x00,0x00,0x00,0x00,0x00,0x00,0x00,0x00,0x00,0x00,0x00,0x00,0x00,0x00,0x00,0x00,0x00,0x00,0x00,0x00,0x00,0x00,0x00,0x00,
    0x00,0x00,0x00,0x00,0x00,0x00,0x00,0x00,0x00,0x00,0x00,0x00,0x00,0x00,0x00,0x00,0x00,0x00,0x00,0x00,0x00,0x00,0x00,0x00,0x00,0x00,0x00,0x00,0x00,0x00,0x00,0x00,
    0x00,0x00,0x00,0x00,0x00,0x00,0x00,0x00,0x00,0x00,0x00,0x00,0x00,0x00,0x00,0x00,0x00,0x00,0x00,0x00,0x00,0x00,0x00,0x00,0x00,0x00,0x00,0x00,0x00,0x00,0x00,0x00,
    0x00,0x00,0x00,0x00,0x00,0x00,0x00,0x00,0x00,0x00,0x00,0x00,0x00,0x00,0x00,0x00,0x00,0x00,0x00,0x00,0x00,0x00,0x00,0x00,0x00,0x00,0x00,0x00,0x69,0x69,0x6e,0x5f,
    0x0a,0x0a,0x16,0xff,0x10,0x18,0x2d,0xff,0x3d,0x50,0x6f,0xff,0x3d,0x4a,0x65,0xff,0x0c,0x12,0x21,0xff,0x0d,0x0e,0x1d,0xff,0x00,0x00,0x00,0x00,0x00,0x00,0x00,0x00,
    0x00,0x00,0x00,0x00,0x00,0x00,0x00,0x00,0x00,0x00,0x00,0x00,0x00,0x00,0x00,0x00,0x00,0x00,0x00,0x00,0x00,0x00,0x00,0x00,0x00,0x00,0x00,0x00,0x00,0x00,0x00,0x00,
    0x00,0x00,0x00,0x00,0x00,0x00,0x00,0x00,0x00,0x00,0x00,0x00,0x00,0x00,0x00,0x00,0x0d,0x0c,0x0e,0xf3,0x0c,0x08,0x0d,0xff,0x16,0x05,0x13,0xff,0x34,0x0d,0x2d,0xff,
    0x33,0x13,0x2b,0xff,0xa6,0x96,0x97,0xff,0xa0,0x92,0x95,0xff,0xb5,0xa6,0xaa,0xff,0xb3,0xa8,0xab,0xff,0xdb,0xd4,0xd7,0xff,0xeb,0xe6,0xe8,0xff,0xe8,0xdf,0xe2,0xff,
    0xde,0xd5,0xd8,0xff,0xde,0xd5,0xd8,0xff,0xd1,0xc8,0xcb,0xff,0xd8,0xcf,0xd2,0xff,0xdb,0xd0,0xd3,0xff,0xaf,0xa4,0xa5,0xff,0xb0,0xa4,0xa4,0xff,0xa0,0x94,0x94,0xff,
    0x9f,0x91,0x91,0xff,0x3c,0x32,0x34,0xff,0x0e,0x08,0x12,0xff,0x1a,0x05,0x1b,0xff,0x4a,0x1c,0x44,0xff,0x4e,0x1a,0x47,0xff,0x4e,0x1a,0x48,0xff,0x4f,0x1b,0x4a,0xff,
    0x4e,0x1d,0x49,0xff,0x4a,0x1a,0x44,0xff,0x46,0x19,0x40,0xff,0x45,0x1b,0x3e,0xff,0x36,0x0f,0x2f,0xff,0x38,0x11,0x31,0xff,0x38,0x11,0x31,0xff,0x41,0x16,0x3b,0xff,
    0x3b,0x12,0x34,0xff,0x37,0x11,0x2f,0xff,0x35,0x0f,0x2d,0xff,0x1d,0x07,0x1a,0xff,0x1d,0x0a,0x19,0xff,0x1b,0x0b,0x19,0xff,0x0d,0x08,0x11,0xff,0x0e,0x08,0x11,0xff,
    0x72,0x6f,0x72,0x57,0x00,0x00,0x00,0x00,0x00,0x00,0x00,0x00,0x00,0x00,0x00,0x00,0x00,0x00,0x00,0x00,0x00,0x00,0x00,0x00,0x00,0x00,0x00,0x00,0x00,0x00,0x00,0x00,
    0x00,0x00,0x00,0x00,0x00,0x00,0x00,0x00,0x00,0x00,0x00,0x00,0x00,0x00,0x00,0x00,0x00,0x00,0x00,0x00,0x00,0x00,0x00,0x00,0x00,0x00,0x00,0x00,0x00,0x00,0x00,0x00,
    0x00,0x00,0x00,0x00,0x00,0x00,0x00,0x00,0x00,0x00,0x00,0x00,0x00,0x00,0x00,0x00,0x00,0x00,0x00,0x00,0x00,0x00,0x00,0x00,0x00,0x00,0x00,0x00,0x00,0x00,0x00,0x00,
    0x00,0x00,0x00,0x00,0x00,0x00,0x00,0x00,0x00,0x00,0x00,0x00,0x00,0x00,0x00,0x00,0x00,0x00,0x00,0x00,0x00,0x00,0x00,0x00,0x00,0x00,0x00,0x00,0x00,0x00,0x00,0x00,
    0x00,0x00,0x00,0x00,0x00,0x00,0x00,0x00,0x00,0x00,0x00,0x00,0x00,0x00,0x00,0x00,0x00,0x00,0x00,0x00,0x00,0x00,0x00,0x00,0x00,0x00,0x00,0x00,0x00,0x00,0x00,0x00,
    0x00,0x00,0x00,0x00,0x00,0x00,0x00,0x00,0x00,0x00,0x00,0x00,0x00,0x00,0x00,0x00,0x00,0x00,0x00,0x00,0x00,0x00,0x00,0x00,0x00,0x00,0x00,0x00,0x00,0x00,0x00,0x00,
    0x00,0x00,0x00,0x00,0x00,0x00,0x00,0x00,0x00,0x00,0x00,0x00,0x00,0x00,0x00,0x00,0x00,0x00,0x00,0x00,0x00,0x00,0x00,0x00,0x00,0x00,0x00,0x00,0x00,0x00,0x00,0x00,
    0x00,0x00,0x00,0x00,0x00,0x00,0x00,0x00,0x00,0x00,0x00,0x00,0x00,0x00,0x00,0x00,0x00,0x00,0x00,0x00,0x00,0x00,0x00,0x00,0x00,0x00,0x00,0x00,0x68,0x68,0x6d,0x60,
    0x09,0x09,0x16,0xff,0x0e,0x15,0x2b,0xff,0x33,0x45,0x64,0xff,0x38,0x45,0x61,0xff,0x0d,0x13,0x23,0xff,0x10,0x10,0x20,0xff,0x00,0x00,0x00,0x00,0x00,0x00,0x00,0x00,
    0x00,0x00,0x00,0x00,0x00,0x00,0x00,0x00,0x00,0x00,0x00,0x00,0x00,0x00,0x00,0x00,0x00,0x00,0x00,0x00,0x00,0x00,0x00,0x00,0x00,0x00,0x00,0x00,0x00,0x00,0x00,0x00,
    0x00,0x00,0x00,0x00,0x00,0x00,0x00,0x00,0x00,0x00,0x00,0x00,0x00,0x00,0x00,0x00,0x13,0x0d,0x13,0xf2,0x0f,0x07,0x10,0xff,0x1c,0x08,0x1b,0xff,0x38,0x0d,0x32,0xff,
    0x33,0x11,0x2a,0xff,0x9a,0x8c,0x92,0xff,0x9a,0x8f,0x92,0xff,0xa4,0x99,0x9c,0xff,0x9b,0x8e,0x90,0xff,0xd4,0xcc,0xcd,0xff,0xe9,0xe4,0xe6,0xff,0xe9,0xe0,0xe3,0xff,
    0xc2,0xb7,0xba,0xff,0xc5,0xba,0xbd,0xff,0xeb,0xe2,0xe5,0xff,0xe7,0xe0,0xe3,0xff,0xdf,0xd5,0xd8,0xff,0x97,0x8b,0x8b,0xff,0x99,0x8c,0x8e,0xff,0x98,0x8a,0x90,0xff,
    0x8b,0x7b,0x83,0xff,0x3c,0x2b,0x37,0xff,0x33,0x1b,0x34,0xff,0x37,0x14,0x33,0xff,0x4b,0x1b,0x46,0xff,0x4e,0x1a,0x49,0xff,0x4f,0x1b,0x4a,0xff,0x50,0x1c,0x4b,0xff,
    0x4d,0x1c,0x48,0xff,0x45,0x15,0x3d,0xff,0x3b,0x10,0x35,0xff,0x3e,0x14,0x37,0xff,0x38,0x0e,0x31,0xff,0x39,0x0e,0x33,0xff,0x47,0x1b,0x44,0xff,0x4b,0x1a,0x48,0xff,
    0x4b,0x1b,0x44,0xff,0x40,0x14,0x39,0xff,0x3f,0x13,0x38,0xff,0x2d,0x0c,0x27,0xff,0x2d,0x0d,0x25,0xff,0x28,0x10,0x22,0xff,0x0e,0x05,0x10,0xff,0x0d,0x05,0x0f,0xff,
    0x11,0x0a,0x11,0xff,0x12,0x0e,0x13,0xff,0x21,0x1d,0x23,0x93,0x00,0x00,0x00,0x00,0x00,0x00,0x00,0x00,0x00,0x00,0x00,0x00,0x00,0x00,0x00,0x00,0x00,0x00,0x00,0x00,
    0x00,0x00,0x00,0x00,0x00,0x00,0x00,0x00,0x00,0x00,0x00,0x00,0x00,0x00,0x00,0x00,0x00,0x00,0x00,0x00,0x00,0x00,0x00,0x00,0x00,0x00,0x00,0x00,0x00,0x00,0x00,0x00,
    0x00,0x00,0x00,0x00,0x00,0x00,0x00,0x00,0x00,0x00,0x00,0x00,0x00,0x00,0x00,0x00,0x00,0x00,0x00,0x00,0x00,0x00,0x00,0x00,0x00,0x00,0x00,0x00,0x00,0x00,0x00,0x00,
    0x00,0x00,0x00,0x00,0x00,0x00,0x00,0x00,0x00,0x00,0x00,0x00,0x00,0x00,0x00,0x00,0x00,0x00,0x00,0x00,0x00,0x00,0x00,0x00,0x00,0x00,0x00,0x00,0x00,0x00,0x00,0x00,
    0x00,0x00,0x00,0x00,0x00,0x00,0x00,0x00,0x00,0x00,0x00,0x00,0x00,0x00,0x00,0x00,0x00,0x00,0x00,0x00,0x00,0x00,0x00,0x00,0x00,0x00,0x00,0x00,0x00,0x00,0x00,0x00,
    0x00,0x00,0x00,0x00,0x00,0x00,0x00,0x00,0x00,0x00,0x00,0x00,0x00,0x00,0x00,0x00,0x00,0x00,0x00,0x00,0x00,0x00,0x00,0x00,0x00,0x00,0x00,0x00,0x00,0x00,0x00,0x00,
    0x00,0x00,0x00,0x00,0x00,0x00,0x00,0x00,0x00,0x00,0x00,0x00,0x00,0x00,0x00,0x00,0x00,0x00,0x00,0x00,0x00,0x00,0x00,0x00,0x00,0x00,0x00,0x00,0x00,0x00,0x00,0x00,
    0x00,0x00,0x00,0x00,0x00,0x00,0x00,0x00,0x00,0x00,0x00,0x00,0x00,0x00,0x00,0x00,0x00,0x00,0x00,0x00,0x00,0x00,0x00,0x00,0x00,0x00,0x00,0x00,0x69,0x69,0x6e,0x61,
    0x0d,0x0d,0x19,0xff,0x12,0x19,0x2f,0xff,0x33,0x46,0x65,0xff,0x3a,0x47,0x64,0xff,0x0c,0x12,0x23,0xff,0x10,0x10,0x20,0xff,0x00,0x00,0x00,0x00,0x00,0x00,0x00,0x00,
    0x00,0x00,0x00,0x00,0x00,0x00,0x00,0x00,0x00,0x00,0x00,0x00,0x00,0x00,0x00,0x00,0x00,0x00,0x00,0x00,0x00,0x00,0x00,0x00,0x00,0x00,0x00,0x00,0x00,0x00,0x00,0x00,
    0x00,0x00,0x00,0x00,0x00,0x00,0x00,0x00,0x00,0x00,0x00,0x00,0x00,0x00,0x00,0x00,0x16,0x0b,0x16,0xf2,0x12,0x02,0x13,0xff,0x1b,0x03,0x1b,0xff,0x37,0x0c,0x2d,0xff,
    0x2f,0x0f,0x27,0xff,0x0d,0x05,0x0f,0xff,0x0e,0x08,0x0d,0xff,0x95,0x8c,0x8f,0xff,0x9b,0x8e,0x90,0xff,0xe0,0xd4,0xd6,0xff,0xeb,0xe3,0xe6,0xff,0xe3,0xd8,0xdb,0xff,
    0xc4,0xb6,0xba,0xff,0xc5,0xb7,0xbb,0xff,0xec,0xe2,0xe5,0xff,0xe8,0xe1,0xe4,0xff,0xe6,0xdc,0xde,0xff,0x96,0x8a,0x8a,0xff,0x95,0x87,0x8a,0xff,0x3f,0x2e,0x3b,0xff,
    0x19,0x09,0x17,0xff,0x22,0x0a,0x21,0xff,0x3b,0x0f,0x34,0xff,0x45,0x13,0x3b,0xff,0x4c,0x1b,0x48,0xff,0x4e,0x1a,0x49,0xff,0x4f,0x1b,0x4b,0xff,0x4f,0x1b,0x4a,0xff,
    0x4f,0x1e,0x4a,0xff,0x45,0x15,0x3d,0xff,0x3d,0x12,0x37,0xff,0x3b,0x11,0x34,0xff,0x3b,0x0f,0x34,0xff,0x37,0x0a,0x31,0xff,0x4f,0x1e,0x4c,0xff,0x4a,0x18,0x48,0xff,
    0x4c,0x1b,0x49,0xff,0x3e,0x10,0x39,0xff,0x3f,0x13,0x38,0xff,0x30,0x0c,0x2a,0xff,0x2d,0x0a,0x25,0xff,0x28,0x0c,0x22,0xff,0x11,0x03,0x10,0xff,0x10,0x06,0x10,0xff,
    0x0d,0x04,0x0e,0xff,0x14,0x0d,0x14,0xff,0x2a,0x26,0x2b,0x93,0x00,0x00,0x00,0x00,0x00,0x00,0x00,0x00,0x00,0x00,0x00,0x00,0x00,0x00,0x00,0x00,0x00,0x00,0x00,0x00,
    0x00,0x00,0x00,0x00,0x00,0x00,0x00,0x00,0x00,0x00,0x00,0x00,0x00,0x00,0x00,0x00,0x00,0x00,0x00,0x00,0x00,0x00,0x00,0x00,0x00,0x00,0x00,0x00,0x00,0x00,0x00,0x00,
    0x00,0x00,0x00,0x00,0x00,0x00,0x00,0x00,0x00,0x00,0x00,0x00,0x00,0x00,0x00,0x00,0x00,0x00,0x00,0x00,0x00,0x00,0x00,0x00,0x00,0x00,0x00,0x00,0x00,0x00,0x00,0x00,
    0x00,0x00,0x00,0x00,0x00,0x00,0x00,0x00,0x00,0x00,0x00,0x00,0x00,0x00,0x00,0x00,0x00,0x00,0x00,0x00,0x00,0x00,0x00,0x00,0x00,0x00,0x00,0x00,0x00,0x00,0x00,0x00,
    0x00,0x00,0x00,0x00,0x00,0x00,0x00,0x00,0x00,0x00,0x00,0x00,0x00,0x00,0x00,0x00,0x00,0x00,0x00,0x00,0x00,0x00,0x00,0x00,0x00,0x00,0x00,0x00,0x00,0x00,0x00,0x00,
    0x00,0x00,0x00,0x00,0x00,0x00,0x00,0x00,0x00,0x00,0x00,0x00,0x00,0x00,0x00,0x00,0x00,0x00,0x00,0x00,0x00,0x00,0x00,0x00,0x00,0x00,0x00,0x00,0x00,0x00,0x00,0x00,
    0x00,0x00,0x00,0x00,0x00,0x00,0x00,0x00,0x00,0x00,0x00,0x00,0x00,0x00,0x00,0x00,0x00,0x00,0x00,0x00,0x00,0x00,0x00,0x00,0x00,0x00,0x00,0x00,0x00,0x00,0x00,0x00,
    0x00,0x00,0x00,0x00,0x00,0x00,0x00,0x00,0x00,0x00,0x00,0x00,0x00,0x00,0x00,0x00,0x00,0x00,0x00,0x00,0x7f,0x7f,0x7f,0x02,0x7f,0x7f,0x7f,0x02,0x60,0x60,0x69,0x6d,
    0x10,0x09,0x14,0xff,0x09,0x13,0x22,0xff,0x22,0x27,0x43,0xff,0x19,0x21,0x3a,0xff,0x12,0x19,0x30,0xff,0x10,0x19,0x2d,0xff,0x0b,0x17,0x28,0xff,0x0a,0x1a,0x2c,0xff,
    0x1b,0x20,0x2d,0xa0,0x00,0x00,0x00,0x00,0x00,0x00,0x00,0x00,0x00,0x00,0x00,0x00,0x00,0x00,0x00,0x00,0x00,0x00,0x00,0x00,0x00,0x00,0x00,0x00,0x00,0x00,0x00,0x00,
    0x00,0x00,0x00,0x00,0x00,0x00,0x00,0x00,0x0a,0x08,0x0f,0xff,0x11,0x0a,0x0f,0xff,0x47,0x1c,0x45,0xff,0x52,0x1c,0x47,0xff,0x51,0x1f,0x47,0xff,0x38,0x0f,0x2b,0xff,
    0x35,0x13,0x2e,0xff,0x10,0x07,0x11,0xff,0x13,0x0e,0x13,0xff,0xc6,0xb8,0xbb,0xff,0xbd,0xad,0xb0,0xff,0xc9,0xc1,0xc8,0xff,0xd9,0xce,0xd0,0xff,0xd2,0xc9,0xcc,0xff,
    0xc4,0xb9,0xbc,0xff,0xc4,0xb9,0xbc,0xff,0xc5,0xba,0xbd,0xff,0xc5,0xb9,0xbc,0xff,0xbb,0xab,0xae,0xff,0x59,0x55,0x5b,0xff,0x56,0x49,0x52,0xff,0x39,0x12,0x2f,0xff,
    0x43,0x12,0x38,0xff,0x4c,0x1a,0x42,0xff,0x4d,0x1a,0x46,0xff,0x4e,0x1a,0x49,0xff,0x4f,0x1b,0x4a,0xff,0x51,0x1a,0x4b,0xff,0x4d,0x1c,0x4a,0xff,0x50,0x1c,0x4c,0xff,
    0x4e,0x1c,0x49,0xff,0x33,0x0c,0x2d,0xff,0x32,0x0f,0x2a,0xff,0x44,0x14,0x3e,0xff,0x75,0x35,0x77,0xff,0x73,0x35,0x71,0xff,0x73,0x35,0x77,0xff,0x71,0x34,0x74,0xff,
    0x6e,0x34,0x6d,0xff,0x4e,0x1b,0x47,0xff,0x4e,0x1b,0x47,0xff,0x3c,0x11,0x34,0xff,0x3a,0x0e,0x30,0xff,0x38,0x0f,0x2e,0xff,0x27,0x0c,0x1f,0xff,0x27,0x0b,0x20,0xff,
    0x15,0x09,0x14,0xff,0x0f,0x08,0x0f,0xff,0x25,0x21,0x26,0x92,0x00,0x00,0x00,0x00,0x00,0x00,0x00,0x00,0x00,0x00,0x00,0x00,0x00,0x00,0x00,0x00,0x00,0x00,0x00,0x00,
    0x00,0x00,0x00,0x00,0x00,0x00,0x00,0x00,0x00,0x00,0x00,0x00,0x00,0x00,0x00,0x00,0x00,0x00,0x00,0x00,0x00,0x00,0x00,0x00,0x00,0x00,0x00,0x00,0x00,0x00,0x00,0x00,
    0x00,0x00,0x00,0x00,0x00,0x00,0x00,0x00,0x00,0x00,0x00,0x00,0x00,0x00,0x00,0x00,0x00,0x00,0x00,0x00,0x00,0x00,0x00,0x00,0x00,0x00,0x00,0x00,0x00,0x00,0x00,0x00,
    0x00,0x00,0x00,0x00,0x00,0x00,0x00,0x00,0x00,0x00,0x00,0x00,0x00,0x00,0x00,0x00,0x00,0x00,0x00,0x00,0x00,0x00,0x00,0x00,0x00,0x00,0x00,0x00,0x00,0x00,0x00,0x00,
    0x00,0x00,0x00,0x00,0x00,0x00,0x00,0x00,0x00,0x00,0x00,0x00,0x00,0x00,0x00,0x00,0x00,0x00,0x00,0x00,0x00,0x00,0x00,0x00,0x00,0x00,0x00,0x00,0x00,0x00,0x00,0x00,
    0x00,0x00,0x00,0x00,0x00,0x00,0x00,0x00,0x00,0x00,0x00,0x00,0x00,0x00,0x00,0x00,0x00,0x00,0x00,0x00,0x00,0x00,0x00,0x00,0x00,0x00,0x00,0x00,0x00,0x00,0x00,0x00,
    0x00,0x00,0x00,0x00,0x00,0x00,0x00,0x00,0x00,0x00,0x00,0x00,0x00,0x00,0x00,0x00,0x00,0x00,0x00,0x00,0x00,0x00,0x00,0x00,0x00,0x00,0x00,0x00,0x00,0x00,0x00,0x00,
    0x00,0x00,0x00,0x00,0x00,0x00,0x00,0x00,0x00,0x00,0x00,0x00,0x00,0x00,0x00,0x00,0x56,0x58,0x5b,0x68,0x0a,0x0b,0x15,0xff,0x0d,0x0c,0x10,0xff,0x06,0x0d,0x16,0xff,
    0x0b,0x08,0x15,0xff,0x09,0x16,0x28,0xff,0x1f,0x27,0x44,0xff,0x1c,0x30,0x49,0xff,0xa5,0xcb,0xe3,0xff,0x97,0xc4,0xdf,0xff,0x9e,0xc4,0xe2,0xff,0xa1,0xc2,0xde,0xff,
    0x76,0x84,0x96,0xa0,0x00,0x00,0x00,0x00,0x00,0x00,0x00,0x00,0x00,0x00,0x00,0x00,0x00,0x00,0x00,0x00,0x00,0x00,0x00,0x00,0x00,0x00,0x00,0x00,0x00,0x00,0x00,0x00,
    0x00,0x00,0x00,0x00,0x00,0x00,0x00,0x00,0x0b,0x0a,0x0e,0xff,0x0e,0x07,0x0d,0xff,0x4d,0x20,0x4d,0xff,0x55,0x1f,0x4e,0xff,0x48,0x19,0x44,0xff,0x2e,0x0e,0x28,0xff,
    0x2c,0x0f,0x29,0xff,0x10,0x06,0x12,0xff,0x11,0x0d,0x13,0xff,0xbd,0xb2,0xb5,0xff,0xb9,0xaf,0xaf,0xff,0xcb,0xc5,0xc8,0xff,0xd7,0xce,0xd0,0xff,0xd3,0xc5,0xc9,0xff,
    0xc6,0xb8,0xbc,0xff,0xc4,0xb6,0xba,0xff,0xc5,0xb8,0xbc,0xff,0xc3,0xb8,0xbb,0xff,0xb7,0xad,0xb1,0xff,0x12,0x0a,0x14,0xff,0x19,0x09,0x19,0xff,0x37,0x12,0x33,0xff,
    0x3e,0x0e,0x36,0xff,0x4b,0x19,0x43,0xff,0x4f,0x1b,0x4a,0xff,0x4f,0x1b,0x4a,0xff,0x4f,0x1b,0x4a,0xff,0x51,0x1a,0x4b,0xff,0x4e,0x1d,0x49,0xff,0x4d,0x1c,0x48,0xff,
    0x4d,0x1c,0x47,0xff,0x32,0x0b,0x2c,0xff,0x32,0x0f,0x2a,0xff,0x44,0x14,0x3e,0xff,0x71,0x33,0x75,0xff,0x73,0x35,0x71,0xff,0x73,0x35,0x77,0xff,0x72,0x35,0x75,0xff,
    0x6c,0x32,0x6b,0xff,0x4e,0x1b,0x47,0xff,0x4e,0x1b,0x47,0xff,0x3a,0x0e,0x33,0xff,0x3e,0x0f,0x35,0xff,0x39,0x0f,0x30,0xff,0x27,0x0b,0x1f,0xff,0x26,0x0b,0x20,0xff,
    0x14,0x08,0x13,0xff,0x10,0x09,0x10,0xff,0x26,0x22,0x26,0x94,0x00,0x00,0x00,0x00,0x00,0x00,0x00,0x00,0x00,0x00,0x00,0x00,0x00,0x00,0x00,0x00,0x00,0x00,0x00,0x00,
    0x00,0x00,0x00,0x00,0x00,0x00,0x00,0x00,0x00,0x00,0x00,0x00,0x00,0x00,0x00,0x00,0x00,0x00,0x00,0x00,0x00,0x00,0x00,0x00,0x00,0x00,0x00,0x00,0x00,0x00,0x00,0x00,
    0x00,0x00,0x00,0x00,0x00,0x00,0x00,0x00,0x00,0x00,0x00,0x00,0x00,0x00,0x00,0x00,0x00,0x00,0x00,0x00,0x00,0x00,0x00,0x00,0x00,0x00,0x00,0x00,0x00,0x00,0x00,0x00,
    0x00,0x00,0x00,0x00,0x00,0x00,0x00,0x00,0x00,0x00,0x00,0x00,0x00,0x00,0x00,0x00,0x00,0x00,0x00,0x00,0x00,0x00,0x00,0x00,0x00,0x00,0x00,0x00,0x00,0x00,0x00,0x00,
    0x00,0x00,0x00,0x00,0x00,0x00,0x00,0x00,0x00,0x00,0x00,0x00,0x00,0x00,0x00,0x00,0x00,0x00,0x00,0x00,0x00,0x00,0x00,0x00,0x00,0x00,0x00,0x00,0x00,0x00,0x00,0x00,
    0x00,0x00,0x00,0x00,0x00,0x00,0x00,0x00,0x00,0x00,0x00,0x00,0x00,0x00,0x00,0x00,0x00,0x00,0x00,0x00,0x00,0x00,0x00,0x00,0x00,0x00,0x00,0x00,0x00,0x00,0x00,0x00,
    0x00,0x00,0x00,0x00,0x00,0x00,0x00,0x00,0x00,0x00,0x00,0x00,0x00,0x00,0x00,0x00,0x00,0x00,0x00,0x00,0x00,0x00,0x00,0x00,0x00,0x00,0x00,0x00,0x00,0x00,0x00,0x00,
    0x00,0x00,0x00,0x00,0x00,0x00,0x00,0x00,0x00,0x00,0x00,0x00,0x00,0x00,0x00,0x00,0x58,0x55,0x5d,0x63,0x0b,0x0a,0x1a,0xff,0x13,0x15,0x22,0xff,0x63,0x79,0x8b,0xff,
    0x65,0x72,0x89,0xff,0x56,0x70,0x8a,0xff,0x51,0x69,0x8c,0xff,0x50,0x6b,0x8b,0xff,0xa4,0xc6,0xe7,0xff,0xa0,0xc7,0xe7,0xff,0xa0,0xc6,0xe8,0xff,0x9c,0xc4,0xe4,0xff,
    0x7c,0x91,0xa8,0xca,0x50,0x58,0x5a,0x60,0x51,0x54,0x5a,0x52,0x51,0x4e,0x4e,0x52,0x51,0x51,0x51,0x55,0x51,0x51,0x54,0x55,0x51,0x51,0x54,0x52,0x52,0x4f,0x52,0x51,
    0x51,0x51,0x54,0x52,0x57,0x51,0x57,0x58,0x08,0x07,0x0c,0xff,0x13,0x09,0x12,0xff,0x55,0x26,0x59,0xff,0x62,0x28,0x5f,0xff,0x59,0x29,0x58,0xff,0x29,0x0c,0x23,0xff,
    0x25,0x09,0x20,0xff,0x22,0x0b,0x1d,0xff,0x21,0x0e,0x1b,0xff,0xac,0x9c,0xa3,0xff,0xa5,0x9a,0x9b,0xff,0xb9,0xad,0xb0,0xff,0xc6,0xb9,0xbb,0xff,0xc4,0xb6,0xba,0xff,
    0xc6,0xb8,0xbc,0xff,0xc4,0xb6,0xba,0xff,0xa7,0x9a,0x9f,0xff,0xa3,0x97,0x9d,0xff,0x91,0x84,0x8b,0xff,0x25,0x0e,0x21,0xff,0x2d,0x10,0x29,0xff,0x40,0x15,0x3b,0xff,
    0x49,0x16,0x42,0xff,0x4d,0x1b,0x45,0xff,0x4e,0x1a,0x49,0xff,0x4f,0x1b,0x4a,0xff,0x4f,0x1b,0x4a,0xff,0x52,0x1b,0x4c,0xff,0x4c,0x1c,0x46,0xff,0x45,0x15,0x3f,0xff,
    0x43,0x15,0x3d,0xff,0x2f,0x0b,0x29,0xff,0x30,0x0d,0x28,0xff,0x44,0x14,0x3e,0xff,0x73,0x35,0x77,0xff,0x72,0x36,0x72,0xff,0x72,0x34,0x76,0xff,0x71,0x34,0x74,0xff,
    0x6d,0x33,0x6c,0xff,0x4e,0x1b,0x47,0xff,0x4f,0x1c,0x48,0xff,0x42,0x14,0x3b,0xff,0x46,0x16,0x3e,0xff,0x46,0x1b,0x3e,0xff,0x26,0x0a,0x20,0xff,0x26,0x0a,0x1f,0xff,
    0x15,0x09,0x14,0xff,0x0f,0x08,0x0f,0xff,0x27,0x22,0x27,0x95,0x00,0x00,0x00,0x00,0x00,0x00,0x00,0x00,0x00,0x00,0x00,0x00,0x00,0x00,0x00,0x00,0x00,0x00,0x00,0x00,
    0x00,0x00,0x00,0x00,0x00,0x00,0x00,0x00,0x00,0x00,0x00,0x00,0x00,0x00,0x00,0x00,0x00,0x00,0x00,0x00,0x00,0x00,0x00,0x00,0x00,0x00,0x00,0x00,0x00,0x00,0x00,0x00,
    0x00,0x00,0x00,0x00,0x00,0x00,0x00,0x00,0x00,0x00,0x00,0x00,0x00,0x00,0x00,0x00,0x00,0x00,0x00,0x00,0x00,0x00,0x00,0x00,0x00,0x00,0x00,0x00,0x00,0x00,0x00,0x00,
    0x00,0x00,0x00,0x00,0x00,0x00,0x00,0x00,0x00,0x00,0x00,0x00,0x00,0x00,0x00,0x00,0x00,0x00,0x00,0x00,0x00,0x00,0x00,0x00,0x00,0x00,0x00,0x00,0x00,0x00,0x00,0x00,
    0x00,0x00,0x00,0x00,0x00,0x00,0x00,0x00,0x00,0x00,0x00,0x00,0x00,0x00,0x00,0x00,0x00,0x00,0x00,0x00,0x00,0x00,0x00,0x00,0x00,0x00,0x00,0x00,0x00,0x00,0x00,0x00,
    0x00,0x00,0x00,0x00,0x00,0x00,0x00,0x00,0x00,0x00,0x00,0x00,0x00,0x00,0x00,0x00,0x00,0x00,0x00,0x00,0x00,0x00,0x00,0x00,0x00,0x00,0x00,0x00,0x00,0x00,0x00,0x00,
    0x00,0x00,0x00,0x00,0x00,0x00,0x00,0x00,0x00,0x00,0x00,0x00,0x00,0x00,0x00,0x00,0x00,0x00,0x00,0x00,0x00,0x00,0x00,0x00,0x00,0x00,0x00,0x00,0x00,0x00,0x00,0x00,
    0x00,0x00,0x00,0x00,0x00,0x00,0x00,0x00,0x00,0x00,0x00,0x00,0x00,0x00,0x00,0x00,0x5a,0x5a,0x63,0x5d,0x0a,0x0a,0x18,0xff,0x15,0x1f,0x33,0xff,0x9b,0xc7,0xe2,0xff,
    0x9e,0xc2,0xe5,0xff,0x89,0xb7,0xda,0xff,0x66,0x97,0xbf,0xff,0x63,0x9b,0xbf,0xff,0x68,0x98,0xbc,0xff,0x74,0xa0,0xc2,0xff,0x76,0xaa,0xc8,0xff,0x76,0xab,0xcb,0xff,
    0x5a,0x72,0x8e,0xff,0x0c,0x10,0x1b,0xff,0x0d,0x0c,0x19,0xff,0x0c,0x07,0x0e,0xff,0x0d,0x09,0x0f,0xff,0x0d,0x08,0x10,0xff,0x0c,0x07,0x0f,0xff,0x0d,0x08,0x0f,0xff,
    0x0d,0x07,0x10,0xff,0x0f,0x07,0x11,0xff,0x0e,0x09,0x12,0xff,0x11,0x05,0x10,0xff,0x62,0x31,0x66,0xff,0x6c,0x2f,0x69,0xff,0x62,0x31,0x5f,0xff,0x20,0x0a,0x18,0xff,
    0x23,0x08,0x1c,0xff,0x38,0x0f,0x2e,0xff,0x34,0x10,0x2a,0xff,0x79,0x66,0x73,0xff,0x71,0x66,0x69,0xff,0x9f,0x90,0x94,0xff,0xb3,0xa4,0xa8,0xff,0xb4,0xa8,0xaa,0xff,
    0xc3,0xb7,0xb9,0xff,0xc3,0xb8,0xbb,0xff,0x49,0x40,0x46,0xff,0x26,0x1c,0x23,0xff,0x30,0x1d,0x2c,0xff,0x3d,0x0f,0x31,0xff,0x3d,0x10,0x36,0xff,0x4f,0x1d,0x47,0xff,
    0x51,0x1b,0x48,0xff,0x4f,0x1c,0x48,0xff,0x4f,0x1b,0x4b,0xff,0x4f,0x1b,0x4a,0xff,0x50,0x1c,0x4b,0xff,0x51,0x1c,0x4c,0xff,0x4c,0x1e,0x46,0xff,0x3d,0x11,0x36,0xff,
    0x3c,0x11,0x32,0xff,0x2f,0x0c,0x26,0xff,0x2e,0x0d,0x28,0xff,0x40,0x12,0x3c,0xff,0x70,0x33,0x75,0xff,0x73,0x37,0x73,0xff,0x6f,0x32,0x74,0xff,0x72,0x35,0x75,0xff,
    0x6d,0x33,0x6c,0xff,0x50,0x1d,0x49,0xff,0x4e,0x1b,0x47,0xff,0x4f,0x1c,0x48,0xff,0x50,0x1b,0x47,0xff,0x4c,0x1e,0x44,0xff,0x28,0x0b,0x21,0xff,0x25,0x0b,0x1d,0xff,
    0x14,0x07,0x13,0xff,0x0f,0x08,0x0f,0xff,0x28,0x24,0x28,0x94,0x00,0x00,0x00,0x00,0x00,0x00,0x00,0x00,0x00,0x00,0x00,0x00,0x00,0x00,0x00,0x00,0x00,0x00,0x00,0x00,
    0x00,0x00,0x00,0x00,0x00,0x00,0x00,0x00,0x00,0x00,0x00,0x00,0x00,0x00,0x00,0x00,0x00,0x00,0x00,0x00,0x00,0x00,0x00,0x00,0x00,0x00,0x00,0x00,0x00,0x00,0x00,0x00,
    0x00,0x00,0x00,0x00,0x00,0x00,0x00,0x00,0x00,0x00,0x00,0x00,0x00,0x00,0x00,0x00,0x00,0x00,0x00,0x00,0x00,0x00,0x00,0x00,0x00,0x00,0x00,0x00,0x00,0x00,0x00,0x00,
    0x00,0x00,0x00,0x00,0x00,0x00,0x00,0x00,0x00,0x00,0x00,0x00,0x00,0x00,0x00,0x00,0x00,0x00,0x00,0x00,0x00,0x00,0x00,0x00,0x00,0x00,0x00,0x00,0x00,0x00,0x00,0x00,
    0x00,0x00,0x00,0x00,0x00,0x00,0x00,0x00,0x00,0x00,0x00,0x00,0x00,0x00,0x00,0x00,0x00,0x00,0x00,0x00,0x00,0x00,0x00,0x00,0x00,0x00,0x00,0x00,0x00,0x00,0x00,0x00,
    0x00,0x00,0x00,0x00,0x00,0x00,0x00,0x00,0x00,0x00,0x00,0x00,0x00,0x00,0x00,0x00,0x00,0x00,0x00,0x00,0x00,0x00,0x00,0x00,0x00,0x00,0x00,0x00,0x00,0x00,0x00,0x00,
    0x00,0x00,0x00,0x00,0x00,0x00,0x00,0x00,0x00,0x00,0x00,0x00,0x00,0x00,0x00,0x00,0x00,0x00,0x00,0x00,0x00,0x00,0x00,0x00,0x00,0x00,0x00,0x00,0x00,0x00,0x00,0x00,
    0x00,0x00,0x00,0x00,0x00,0x00,0x00,0x00,0x00,0x00,0x00,0x00,0x00,0x00,0x00,0x00,0x5b,0x5b,0x60,0x5a,0x0a,0x0a,0x16,0xff,0x15,0x1e,0x2f,0xff,0x97,0xc6,0xdf,0xff,
    0x9d,0xc3,0xe5,0xff,0x8d,0xbb,0xdc,0xff,0x67,0x9a,0xbe,0xff,0x6b,0x98,0xbd,0xff,0x6a,0x9c,0xc1,0xff,0x64,0x96,0xbd,0xff,0x7b,0xa9,0xd5,0xff,0x7c,0xab,0xd5,0xff,
    0x4f,0x69,0x88,0xff,0x0c,0x12,0x21,0xff,0x12,0x12,0x22,0xff,0x0f,0x05,0x11,0xff,0x11,0x05,0x13,0xff,0x14,0x07,0x16,0xff,0x13,0x06,0x15,0xff,0x11,0x04,0x13,0xff,
    0x12,0x06,0x14,0xff,0x12,0x06,0x16,0xff,0x11,0x09,0x16,0xff,0x18,0x09,0x16,0xff,0x5e,0x2d,0x61,0xff,0x67,0x2d,0x65,0xff,0x5b,0x30,0x58,0xff,0x18,0x0b,0x15,0xff,
    0x1c,0x09,0x1a,0xff,0x38,0x0d,0x33,0xff,0x37,0x11,0x32,0xff,0x30,0x21,0x31,0xff,0x28,0x24,0x26,0xff,0x8e,0x81,0x87,0xff,0xac,0xa0,0xa6,0xff,0xaf,0xa4,0xa5,0xff,
    0xc1,0xb9,0xba,0xff,0xbb,0xb2,0xb5,0xff,0x3d,0x36,0x3c,0xff,0x12,0x0b,0x13,0xff,0x18,0x07,0x1c,0xff,0x43,0x12,0x3a,0xff,0x3f,0x0f,0x3a,0xff,0x4b,0x1c,0x46,0xff,
    0x51,0x1b,0x49,0xff,0x4f,0x1b,0x4a,0xff,0x4f,0x1b,0x4b,0xff,0x4f,0x1b,0x4a,0xff,0x51,0x1d,0x4c,0xff,0x51,0x1d,0x4c,0xff,0x49,0x1b,0x43,0xff,0x3b,0x10,0x33,0xff,
    0x3d,0x12,0x32,0xff,0x2f,0x0d,0x26,0xff,0x2b,0x0b,0x25,0xff,0x44,0x17,0x3f,0xff,0x6b,0x2f,0x70,0xff,0x6d,0x31,0x6c,0xff,0x72,0x35,0x77,0xff,0x71,0x34,0x74,0xff,
    0x6d,0x33,0x6c,0xff,0x4e,0x1b,0x48,0xff,0x51,0x1d,0x4a,0xff,0x4f,0x1b,0x4a,0xff,0x50,0x1a,0x49,0xff,0x4b,0x1d,0x45,0xff,0x26,0x09,0x20,0xff,0x28,0x0c,0x20,0xff,
    0x15,0x09,0x15,0xff,0x0f,0x08,0x0f,0xff,0x26,0x23,0x26,0x93,0x00,0x00,0x00,0x00,0x00,0x00,0x00,0x00,0x00,0x00,0x00,0x00,0x00,0x00,0x00,0x00,0x00,0x00,0x00,0x00,
    0x00,0x00,0x00,0x00,0x00,0x00,0x00,0x00,0x00,0x00,0x00,0x00,0x00,0x00,0x00,0x00,0x00,0x00,0x00,0x00,0x00,0x00,0x00,0x00,0x00,0x00,0x00,0x00,0x00,0x00,0x00,0x00,
    0x00,0x00,0x00,0x00,0x00,0x00,0x00,0x00,0x00,0x00,0x00,0x00,0x00,0x00,0x00,0x00,0x00,0x00,0x00,0x00,0x00,0x00,0x00,0x00,0x00,0x00,0x00,0x00,0x00,0x00,0x00,0x00,
    0x00,0x00,0x00,0x00,0x00,0x00,0x00,0x00,0x00,0x00,0x00,0x00,0x00,0x00,0x00,0x00,0x00,0x00,0x00,0x00,0x00,0x00,0x00,0x00,0x00,0x00,0x00,0x00,0x00,0x00,0x00,0x00,
    0x00,0x00,0x00,0x00,0x00,0x00,0x00,0x00,0x00,0x00,0x00,0x00,0x00,0x00,0x00,0x00,0x00,0x00,0x00,0x00,0x00,0x00,0x00,0x00,0x00,0x00,0x00,0x00,0x00,0x00,0x00,0x00,
    0x00,0x00,0x00,0x00,0x00,0x00,0x00,0x00,0x00,0x00,0x00,0x00,0x00,0x00,0x00,0x00,0x00,0x00,0x00,0x00,0x00,0x00,0x00,0x00,0x00,0x00,0x00,0x00,0x00,0x00,0x00,0x00,
    0x00,0x00,0x00,0x00,0x00,0x00,0x00,0x00,0x00,0x00,0x00,0x00,0x00,0x00,0x00,0x00,0x00,0x00,0x00,0x00,0x00,0x00,0x00,0x00,0x00,0x00,0x00,0x00,0x00,0x00,0x00,0x00,
    0x00,0x00,0x00,0x00,0x00,0x00,0x00,0x00,0x00,0x00,0x00,0x00,0x00,0x00,0x00,0x00,0x60,0x60,0x65,0x58,0x08,0x09,0x17,0xff,0x14,0x1f,0x2c,0xff,0x9a,0xc5,0xe6,0xff,
    0x9c,0xc6,0xdf,0xff,0x9c,0xc3,0xe3,0xff,0x9c,0xc5,0xe1,0xff,0x95,0xb8,0xda,0xff,0x16,0x1d,0x34,0xff,0x16,0x1e,0x37,0xff,0x6e,0x98,0xbb,0xff,0x60,0x95,0xb9,0xff,
    0x64,0x90,0xb9,0xff,0x66,0x96,0xbb,0xff,0x6a,0x7c,0xa0,0xff,0x3e,0x12,0x37,0xff,0x3f,0x0f,0x3b,0xff,0x6e,0x35,0x6e,0xff,0x71,0x35,0x73,0xff,0x6e,0x32,0x6f,0xff,
    0x6f,0x32,0x71,0xff,0x6c,0x33,0x6c,0xff,0x46,0x17,0x40,0xff,0x46,0x1a,0x3e,0xff,0x40,0x12,0x38,0xff,0x3f,0x13,0x37,0xff,0x35,0x16,0x30,0xff,0x0d,0x09,0x0f,0xff,
    0x11,0x02,0x10,0xff,0x48,0x19,0x44,0xff,0x4d,0x1d,0x4c,0xff,0x15,0x04,0x10,0xff,0x10,0x09,0x11,0xff,0x79,0x66,0x6f,0xff,0x97,0x87,0x8a,0xff,0x9f,0x90,0x94,0xff,
    0xa0,0x93,0x95,0xff,0xa2,0x96,0x98,0xff,0x1e,0x11,0x1b,0xff,0x1b,0x0d,0x1b,0xff,0x25,0x08,0x20,0xff,0x4b,0x1c,0x4a,0xff,0x50,0x19,0x4a,0xff,0x50,0x1c,0x48,0xff,
    0x4f,0x1c,0x49,0xff,0x4f,0x1b,0x4a,0xff,0x50,0x1c,0x4c,0xff,0x50,0x1c,0x4b,0xff,0x4f,0x1b,0x4a,0xff,0x4d,0x1b,0x49,0xff,0x47,0x1c,0x40,0xff,0x36,0x0e,0x2c,0xff,
    0x35,0x0f,0x2b,0xff,0x26,0x0a,0x21,0xff,0x20,0x0b,0x1a,0xff,0x2e,0x0c,0x26,0xff,0x4c,0x1c,0x49,0xff,0x4e,0x1a,0x44,0xff,0x73,0x37,0x74,0xff,0x6f,0x33,0x70,0xff,
    0x6e,0x32,0x6f,0xff,0x6e,0x32,0x6e,0xff,0x70,0x35,0x6f,0xff,0x4f,0x19,0x48,0xff,0x4e,0x1a,0x49,0xff,0x4c,0x1c,0x46,0xff,0x39,0x0e,0x2f,0xff,0x3b,0x11,0x31,0xff,
    0x17,0x0a,0x19,0xff,0x0f,0x07,0x11,0xff,0x26,0x23,0x26,0x93,0x00,0x00,0x00,0x00,0x00,0x00,0x00,0x00,0x00,0x00,0x00,0x00,0x00,0x00,0x00,0x00,0x00,0x00,0x00,0x00,
    0x00,0x00,0x00,0x00,0x00,0x00,0x00,0x00,0x00,0x00,0x00,0x00,0x00,0x00,0x00,0x00,0x00,0x00,0x00,0x00,0x00,0x00,0x00,0x00,0x00,0x00,0x00,0x00,0x00,0x00,0x00,0x00,
    0x00,0x00,0x00,0x00,0x00,0x00,0x00,0x00,0x00,0x00,0x00,0x00,0x00,0x00,0x00,0x00,0x00,0x00,0x00,0x00,0x00,0x00,0x00,0x00,0x00,0x00,0x00,0x00,0x00,0x00,0x00,0x00,
    0x00,0x00,0x00,0x00,0x00,0x00,0x00,0x00,0x00,0x00,0x00,0x00,0x00,0x00,0x00,0x00,0x00,0x00,0x00,0x00,0x00,0x00,0x00,0x00,0x00,0x00,0x00,0x00,0x00,0x00,0x00,0x00,
    0x00,0x00,0x00,0x00,0x00,0x00,0x00,0x00,0x00,0x00,0x00,0x00,0x00,0x00,0x00,0x00,0x00,0x00,0x00,0x00,0x00,0x00,0x00,0x00,0x00,0x00,0x00,0x00,0x00,0x00,0x00,0x00,
    0x00,0x00,0x00,0x00,0x00,0x00,0x00,0x00,0x00,0x00,0x00,0x00,0x00,0x00,0x00,0x00,0x00,0x00,0x00,0x00,0x00,0x00,0x00,0x00,0x00,0x00,0x00,0x00,0x00,0x00,0x00,0x00,
    0x00,0x00,0x00,0x00,0x00,0x00,0x00,0x00,0x00,0x00,0x00,0x00,0x00,0x00,0x00,0x00,0x00,0x00,0x00,0x00,0x00,0x00,0x00,0x00,0x00,0x00,0x00,0x00,0x00,0x00,0x00,0x00,
    0x00,0x00,0x00,0x00,0x00,0x00,0x00,0x00,0x00,0x00,0x00,0x00,0x00,0x00,0x00,0x00,0x5d,0x5d,0x63,0x5d,0x0a,0x0b,0x19,0xff,0x14,0x1e,0x30,0xff,0x97,0xbf,0xe2,0xff,
    0x99,0xc5,0xe2,0xff,0x98,0xc3,0xe5,0xff,0x97,0xc4,0xe3,0xff,0x95,0xbc,0xdc,0xff,0x18,0x23,0x38,0xff,0x17,0x1e,0x38,0xff,0x6b,0x91,0xba,0xff,0x60,0x92,0xba,0xff,
    0x66,0x92,0xbb,0xff,0x64,0x94,0xb9,0xff,0x66,0x77,0x9c,0xff,0x40,0x13,0x39,0xff,0x44,0x14,0x40,0xff,0x70,0x37,0x70,0xff,0x71,0x33,0x75,0xff,0x72,0x35,0x75,0xff,
    0x71,0x35,0x74,0xff,0x6d,0x33,0x6c,0xff,0x4a,0x18,0x42,0xff,0x45,0x18,0x3e,0xff,0x35,0x0c,0x2f,0xff,0x37,0x0f,0x2e,0xff,0x30,0x13,0x2c,0xff,0x0c,0x08,0x0d,0xff,
    0x12,0x02,0x13,0xff,0x4b,0x1a,0x46,0xff,0x4b,0x1c,0x49,0xff,0x15,0x02,0x13,0xff,0x0e,0x08,0x14,0xff,0x68,0x5c,0x62,0xff,0x93,0x86,0x85,0xff,0x97,0x8a,0x8b,0xff,
    0x22,0x18,0x1a,0xff,0x1b,0x0f,0x17,0xff,0x35,0x19,0x31,0xff,0x3b,0x14,0x35,0xff,0x3f,0x17,0x39,0xff,0x4d,0x1a,0x4b,0xff,0x4e,0x1a,0x4a,0xff,0x4e,0x1d,0x47,0xff,
    0x4e,0x1b,0x49,0xff,0x4f,0x1b,0x4a,0xff,0x50,0x1c,0x4b,0xff,0x51,0x1e,0x4a,0xff,0x45,0x13,0x3c,0xff,0x41,0x12,0x39,0xff,0x39,0x12,0x31,0xff,0x37,0x0e,0x2b,0xff,
    0x32,0x0f,0x2a,0xff,0x24,0x0a,0x1f,0xff,0x23,0x0c,0x1b,0xff,0x27,0x06,0x21,0xff,0x4b,0x1d,0x47,0xff,0x4e,0x1d,0x43,0xff,0x70,0x36,0x71,0xff,0x6f,0x32,0x72,0xff,
    0x71,0x34,0x74,0xff,0x70,0x34,0x71,0xff,0x71,0x35,0x71,0xff,0x50,0x1a,0x4a,0xff,0x4d,0x19,0x48,0xff,0x4d,0x1c,0x47,0xff,0x3c,0x11,0x31,0xff,0x3b,0x10,0x32,0xff,
    0x15,0x06,0x15,0xff,0x0f,0x07,0x10,0xff,0x27,0x23,0x27,0x91,0x00,0x00,0x00,0x00,0x00,0x00,0x00,0x00,0x00,0x00,0x00,0x00,0x00,0x00,0x00,0x00,0x00,0x00,0x00,0x00,
    0x00,0x00,0x00,0x00,0x00,0x00,0x00,0x00,0x00,0x00,0x00,0x00,0x00,0x00,0x00,0x00,0x00,0x00,0x00,0x00,0x00,0x00,0x00,0x00,0x00,0x00,0x00,0x00,0x00,0x00,0x00,0x00,
    0x00,0x00,0x00,0x00,0x00,0x00,0x00,0x00,0x00,0x00,0x00,0x00,0x00,0x00,0x00,0x00,0x00,0x00,0x00,0x00,0x00,0x00,0x00,0x00,0x00,0x00,0x00,0x00,0x00,0x00,0x00,0x00,
    0x00,0x00,0x00,0x00,0x00,0x00,0x00,0x00,0x00,0x00,0x00,0x00,0x00,0x00,0x00,0x00,0x00,0x00,0x00,0x00,0x00,0x00,0x00,0x00,0x00,0x00,0x00,0x00,0x00,0x00,0x00,0x00,
    0x00,0x00,0x00,0x00,0x00,0x00,0x00,0x00,0x00,0x00,0x00,0x00,0x00,0x00,0x00,0x00,0x00,0x00,0x00,0x00,0x00,0x00,0x00,0x00,0x00,0x00,0x00,0x00,0x00,0x00,0x00,0x00,
    0x00,0x00,0x00,0x00,0x00,0x00,0x00,0x00,0x00,0x00,0x00,0x00,0x00,0x00,0x00,0x00,0x00,0x00,0x00,0x00,0x00,0x00,0x00,0x00,0x00,0x00,0x00,0x00,0x00,0x00,0x00,0x00,
    0x00,0x00,0x00,0x00,0x00,0x00,0x00,0x00,0x00,0x00,0x00,0x00,0x00,0x00,0x00,0x00,0x00,0x00,0x00,0x00,0x00,0x00,0x00,0x00,0x00,0x00,0x00,0x00,0x00,0x00,0x00,0x00,
    0x00,0x00,0x00,0x00,0x00,0x00,0x00,0x00,0x00,0x00,0x00,0x00,0x00,0x00,0x00,0x00,0x5f,0x5f,0x64,0x61,0x09,0x0a,0x18,0xff,0x14,0x1c,0x2a,0xff,0x9a,0xc3,0xe4,0xff,
    0x9c,0xc4,0xe0,0xff,0x95,0xb7,0xd8,0xff,0x82,0xa3,0xc1,0xff,0x80,0x9b,0xb9,0xff,0x1e,0x21,0x33,0xff,0x1a,0x1f,0x33,0xff,0x63,0x8b,0xb1,0xff,0x59,0x8d,0xb2,0xff,
    0x61,0x8c,0xb3,0xff,0x65,0x94,0xb9,0xff,0x6c,0x7c,0xa2,0xff,0x42,0x14,0x3a,0xff,0x44,0x11,0x3e,0xff,0x6c,0x33,0x6c,0xff,0x6d,0x2e,0x71,0xff,0x6b,0x2f,0x6d,0xff,
    0x6e,0x34,0x6d,0xff,0x67,0x2e,0x63,0xff,0x4a,0x15,0x42,0xff,0x47,0x18,0x42,0xff,0x34,0x0c,0x30,0xff,0x30,0x0c,0x2a,0xff,0x2d,0x11,0x29,0xff,0x0c,0x08,0x0d,0xff,
    0x15,0x04,0x15,0xff,0x4b,0x1a,0x46,0xff,0x50,0x1c,0x4a,0xff,0x30,0x0e,0x27,0xff,0x1e,0x07,0x20,0xff,0x68,0x56,0x5f,0xff,0x97,0x85,0x85,0xff,0x92,0x8a,0x8b,0xff,
    0x16,0x11,0x13,0xff,0x11,0x06,0x13,0xff,0x3b,0x17,0x39,0xff,0x43,0x12,0x3f,0xff,0x46,0x17,0x40,0xff,0x4d,0x19,0x49,0xff,0x4e,0x1a,0x48,0xff,0x4d,0x1d,0x47,0xff,
    0x4e,0x1b,0x49,0xff,0x4f,0x1b,0x4a,0xff,0x4f,0x1b,0x4a,0xff,0x51,0x1e,0x49,0xff,0x47,0x15,0x3d,0xff,0x41,0x12,0x3a,0xff,0x3d,0x11,0x37,0xff,0x3c,0x0f,0x36,0xff,
    0x37,0x0e,0x33,0xff,0x24,0x09,0x22,0xff,0x25,0x0c,0x1f,0xff,0x2a,0x0a,0x23,0xff,0x46,0x19,0x40,0xff,0x4a,0x1c,0x3f,0xff,0x6c,0x34,0x6e,0xff,0x6e,0x32,0x72,0xff,
    0x6f,0x33,0x73,0xff,0x70,0x35,0x72,0xff,0x6e,0x34,0x6f,0xff,0x4c,0x19,0x48,0xff,0x4f,0x1b,0x4a,0xff,0x4d,0x1c,0x49,0xff,0x3c,0x10,0x32,0xff,0x3c,0x11,0x33,0xff,
    0x1e,0x0a,0x1b,0xff,0x10,0x03,0x0e,0xff,0x34,0x2a,0x32,0x9d,0x4d,0x4a,0x4d,0x4c,0x41,0x41,0x41,0x4b,0x00,0x00,0x00,0x00,0x00,0x00,0x00,0x00,0x00,0x00,0x00,0x00,
    0x00,0x00,0x00,0x00,0x00,0x00,0x00,0x00,0x00,0x00,0x00,0x00,0x00,0x00,0x00,0x00,0x00,0x00,0x00,0x00,0x00,0x00,0x00,0x00,0x00,0x00,0x00,0x00,0x00,0x00,0x00,0x00,
    0x00,0x00,0x00,0x00,0x00,0x00,0x00,0x00,0x00,0x00,0x00,0x00,0x00,0x00,0x00,0x00,0x00,0x00,0x00,0x00,0x00,0x00,0x00,0x00,0x00,0x00,0x00,0x00,0x00,0x00,0x00,0x00,
    0x00,0x00,0x00,0x00,0x00,0x00,0x00,0x00,0x00,0x00,0x00,0x00,0x00,0x00,0x00,0x00,0x00,0x00,0x00,0x00,0x00,0x00,0x00,0x00,0x00,0x00,0x00,0x00,0x00,0x00,0x00,0x00,
    0x00,0x00,0x00,0x00,0x00,0x00,0x00,0x00,0x00,0x00,0x00,0x00,0x00,0x00,0x00,0x00,0x00,0x00,0x00,0x00,0x00,0x00,0x00,0x00,0x00,0x00,0x00,0x00,0x00,0x00,0x00,0x00,
    0x00,0x00,0x00,0x00,0x00,0x00,0x00,0x00,0x00,0x00,0x00,0x00,0x00,0x00,0x00,0x00,0x00,0x00,0x00,0x00,0x00,0x00,0x00,0x00,0x00,0x00,0x00,0x00,0x00,0x00,0x00,0x00,
    0x00,0x00,0x00,0x00,0x00,0x00,0x00,0x00,0x00,0x00,0x00,0x00,0x00,0x00,0x00,0x00,0x00,0x00,0x00,0x00,0x00,0x00,0x00,0x00,0x00,0x00,0x00,0x00,0x00,0x00,0x00,0x00,
    0x00,0x00,0x00,0x00,0x00,0x00,0x00,0x00,0x00,0x00,0x00,0x00,0x00,0x00,0x00,0x00,0x5c,0x5c,0x61,0x67,0x0a,0x0b,0x19,0xff,0x11,0x1f,0x2e,0xff,0x84,0xb2,0xd5,0xff,
    0x88,0xb5,0xd2,0xff,0x75,0x9b,0xbd,0xff,0x42,0x66,0x85,0xff,0x3e,0x59,0x7b,0xff,0x17,0x1a,0x2d,0xff,0x15,0x1b,0x2f,0xff,0x61,0x89,0xae,0xff,0x50,0x82,0xa8,0xff,
    0x5d,0x88,0xaf,0xff,0x65,0x93,0xb9,0xff,0x6c,0x7b,0xa1,0xff,0x49,0x19,0x42,0xff,0x48,0x14,0x41,0xff,0x66,0x2c,0x67,0xff,0x69,0x2b,0x6c,0xff,0x57,0x1d,0x54,0xff,
    0x4f,0x1a,0x4b,0xff,0x50,0x1a,0x4b,0xff,0x4f,0x1b,0x47,0xff,0x4c,0x1a,0x47,0xff,0x3d,0x11,0x37,0xff,0x38,0x11,0x30,0xff,0x2f,0x15,0x2c,0xff,0x0b,0x07,0x0c,0xff,
    0x15,0x03,0x14,0xff,0x4d,0x19,0x48,0xff,0x50,0x1a,0x4b,0xff,0x4f,0x1d,0x44,0xff,0x47,0x1a,0x43,0xff,0x49,0x30,0x3f,0xff,0x8f,0x83,0x86,0xff,0x88,0x7f,0x86,0xff,
    0x19,0x0c,0x16,0xff,0x15,0x01,0x14,0xff,0x45,0x1c,0x43,0xff,0x4d,0x1b,0x4b,0xff,0x4e,0x1b,0x48,0xff,0x4e,0x19,0x4a,0xff,0x4e,0x1a,0x48,0xff,0x50,0x1b,0x49,0xff,
    0x4f,0x1a,0x4a,0xff,0x4f,0x1b,0x4a,0xff,0x4f,0x1b,0x4a,0xff,0x50,0x1c,0x4b,0xff,0x4e,0x1c,0x47,0xff,0x4d,0x1b,0x49,0xff,0x4d,0x1c,0x49,0xff,0x4f,0x1b,0x4a,0xff,
    0x4c,0x1f,0x49,0xff,0x26,0x08,0x22,0xff,0x23,0x0a,0x1e,0xff,0x2c,0x0c,0x24,0xff,0x3b,0x10,0x34,0xff,0x3e,0x13,0x32,0xff,0x6a,0x35,0x6b,0xff,0x71,0x36,0x73,0xff,
    0x6d,0x32,0x6f,0xff,0x67,0x2d,0x68,0xff,0x66,0x2c,0x66,0xff,0x4e,0x1a,0x4a,0xff,0x4f,0x1b,0x4b,0xff,0x4d,0x1c,0x49,0xff,0x3c,0x11,0x34,0xff,0x3c,0x11,0x33,0xff,
    0x2b,0x0b,0x22,0xff,0x26,0x0e,0x1f,0xff,0x1c,0x0c,0x19,0xff,0x0f,0x07,0x10,0xff,0x0d,0x0c,0x0f,0xff,0x00,0x00,0x00,0x00,0x00,0x00,0x00,0x00,0x00,0x00,0x00,0x00,
    0x00,0x00,0x00,0x00,0x00,0x00,0x00,0x00,0x00,0x00,0x00,0x00,0x00,0x00,0x00,0x00,0x00,0x00,0x00,0x00,0x00,0x00,0x00,0x00,0x00,0x00,0x00,0x00,0x00,0x00,0x00,0x00,
    0x00,0x00,0x00,0x00,0x00,0x00,0x00,0x00,0x00,0x00,0x00,0x00,0x00,0x00,0x00,0x00,0x00,0x00,0x00,0x00,0x00,0x00,0x00,0x00,0x00,0x00,0x00,0x00,0x00,0x00,0x00,0x00,
    0x00,0x00,0x00,0x00,0x00,0x00,0x00,0x00,0x00,0x00,0x00,0x00,0x00,0x00,0x00,0x00,0x00,0x00,0x00,0x00,0x00,0x00,0x00,0x00,0x00,0x00,0x00,0x00,0x00,0x00,0x00,0x00,
    0x00,0x00,0x00,0x00,0x00,0x00,0x00,0x00,0x00,0x00,0x00,0x00,0x00,0x00,0x00,0x00,0x00,0x00,0x00,0x00,0x00,0x00,0x00,0x00,0x00,0x00,0x00,0x00,0x00,0x00,0x00,0x00,
    0x00,0x00,0x00,0x00,0x00,0x00,0x00,0x00,0x00,0x00,0x00,0x00,0x00,0x00,0x00,0x00,0x00,0x00,0x00,0x00,0x00,0x00,0x00,0x00,0x00,0x00,0x00,0x00,0x00,0x00,0x00,0x00,
    0x00,0x00,0x00,0x00,0x00,0x00,0x00,0x00,0x00,0x00,0x00,0x00,0x00,0x00,0x00,0x00,0x00,0x00,0x00,0x00,0x00,0x00,0x00,0x00,0x00,0x00,0x00,0x00,0x00,0x00,0x00,0x00,
    0x00,0x00,0x00,0x00,0x00,0x00,0x00,0x00,0x00,0x00,0x00,0x00,0x00,0x00,0x00,0x00,0x5b,0x5b,0x62,0x68,0x09,0x0a,0x18,0xff,0x12,0x1a,0x31,0xff,0x6d,0x9c,0xc5,0xff,
    0x69,0x9d,0xc4,0xff,0x6c,0x9e,0xc7,0xff,0x6c,0x9e,0xc7,0xff,0x6a,0x94,0xb7,0xff,0x18,0x20,0x37,0xff,0x18,0x20,0x3a,0xff,0x62,0x8a,0xb3,0xff,0x5b,0x8e,0xb7,0xff,
    0x4f,0x74,0x9a,0xff,0x34,0x4d,0x6a,0xff,0x3d,0x3c,0x5c,0xff,0x47,0x16,0x41,0xff,0x4d,0x18,0x46,0xff,0x6b,0x30,0x6c,0xff,0x67,0x2b,0x68,0xff,0x52,0x1c,0x4d,0xff,
    0x4e,0x1b,0x47,0xff,0x4d,0x1b,0x48,0xff,0x4f,0x1c,0x48,0xff,0x4f,0x1c,0x48,0xff,0x3b,0x0e,0x37,0xff,0x3a,0x10,0x32,0xff,0x2e,0x14,0x2b,0xff,0x0a,0x09,0x0d,0xff,
    0x13,0x03,0x14,0xff,0x4c,0x1a,0x46,0xff,0x4c,0x19,0x4b,0xff,0x51,0x1a,0x49,0xff,0x4f,0x1b,0x49,0xff,0x2c,0x11,0x28,0xff,0x0f,0x0a,0x11,0xff,0x15,0x03,0x11,0xff,
    0x2d,0x10,0x27,0xff,0x39,0x12,0x2f,0xff,0x4d,0x1d,0x46,0xff,0x4e,0x18,0x4a,0xff,0x4a,0x1a,0x47,0xff,0x4e,0x1a,0x4b,0xff,0x4f,0x1a,0x4a,0xff,0x51,0x1b,0x4b,0xff,
    0x4f,0x1b,0x4a,0xff,0x4f,0x1c,0x49,0xff,0x4f,0x1b,0x49,0xff,0x4e,0x1b,0x48,0xff,0x4e,0x1b,0x4b,0xff,0x52,0x1c,0x4b,0xff,0x4f,0x1c,0x4b,0xff,0x51,0x1b,0x4c,0xff,
    0x4b,0x1b,0x44,0xff,0x29,0x0a,0x24,0xff,0x26,0x0c,0x20,0xff,0x29,0x0b,0x24,0xff,0x3c,0x11,0x35,0xff,0x38,0x11,0x2e,0xff,0x66,0x2f,0x64,0xff,0x66,0x2f,0x65,0xff,
    0x64,0x2d,0x61,0xff,0x56,0x1f,0x53,0xff,0x54,0x1e,0x4f,0xff,0x50,0x1b,0x4c,0xff,0x4f,0x1a,0x4b,0xff,0x4d,0x1c,0x47,0xff,0x3b,0x0f,0x33,0xff,0x3b,0x12,0x34,0xff,
    0x30,0x0d,0x25,0xff,0x29,0x0b,0x21,0xff,0x20,0x0c,0x1c,0xff,0x0e,0x06,0x10,0xff,0x0d,0x09,0x11,0xff,0x00,0x00,0x00,0x00,0x00,0x00,0x00,0x00,0x00,0x00,0x00,0x00,
    0x00,0x00,0x00,0x00,0x00,0x00,0x00,0x00,0x00,0x00,0x00,0x00,0x00,0x00,0x00,0x00,0x00,0x00,0x00,0x00,0x00,0x00,0x00,0x00,0x00,0x00,0x00,0x00,0x00,0x00,0x00,0x00,
    0x00,0x00,0x00,0x00,0x00,0x00,0x00,0x00,0x00,0x00,0x00,0x00,0x00,0x00,0x00,0x00,0x00,0x00,0x00,0x00,0x00,0x00,0x00,0x00,0x00,0x00,0x00,0x00,0x00,0x00,0x00,0x00,
    0x00,0x00,0x00,0x00,0x00,0x00,0x00,0x00,0x00,0x00,0x00,0x00,0x00,0x00,0x00,0x00,0x00,0x00,0x00,0x00,0x00,0x00,0x00,0x00,0x00,0x00,0x00,0x00,0x00,0x00,0x00,0x00,
    0x00,0x00,0x00,0x00,0x00,0x00,0x00,0x00,0x00,0x00,0x00,0x00,0x00,0x00,0x00,0x00,0x00,0x00,0x00,0x00,0x00,0x00,0x00,0x00,0x00,0x00,0x00,0x00,0x00,0x00,0x00,0x00,
    0x00,0x00,0x00,0x00,0x00,0x00,0x00,0x00,0x00,0x00,0x00,0x00,0x00,0x00,0x00,0x00,0x00,0x00,0x00,0x00,0x00,0x00,0x00,0x00,0x00,0x00,0x00,0x00,0x00,0x00,0x00,0x00,
    0x00,0x00,0x00,0x00,0x00,0x00,0x00,0x00,0x00,0x00,0x00,0x00,0x00,0x00,0x00,0x00,0x00,0x00,0x00,0x00,0x00,0x00,0x00,0x00,0x00,0x00,0x00,0x00,0x00,0x00,0x00,0x00,
    0x00,0x00,0x00,0x00,0x00,0x00,0x00,0x00,0x00,0x00,0x00,0x00,0x00,0x00,0x00,0x00,0x59,0x5c,0x61,0x67,0x0d,0x0d,0x1a,0xff,0x0f,0x16,0x2b,0xff,0x6c,0x9d,0xbc,0xff,
    0x6d,0x9c,0xbf,0xff,0x6e,0x9e,0xbf,0xff,0x6a,0x9a,0xc1,0xff,0x70,0x96,0xb6,0xff,0x18,0x1d,0x31,0xff,0x1c,0x21,0x34,0xff,0x71,0x91,0xab,0xff,0x61,0x88,0xa4,0xff,
    0x4e,0x5e,0x74,0xff,0x1a,0x15,0x21,0xff,0x24,0x10,0x28,0xff,0x48,0x17,0x44,0xff,0x4d,0x18,0x43,0xff,0x68,0x2f,0x66,0xff,0x63,0x2b,0x62,0xff,0x4f,0x1c,0x48,0xff,
    0x4d,0x1a,0x45,0xff,0x4d,0x1b,0x46,0xff,0x4c,0x1b,0x44,0xff,0x4a,0x1c,0x43,0xff,0x3b,0x0f,0x33,0xff,0x39,0x0f,0x32,0xff,0x30,0x13,0x2c,0xff,0x0b,0x09,0x0d,0xff,
    0x12,0x02,0x13,0xff,0x4b,0x1a,0x46,0xff,0x4e,0x1a,0x49,0xff,0x4d,0x19,0x48,0xff,0x4d,0x1b,0x47,0xff,0x2e,0x0c,0x2b,0xff,0x17,0x06,0x15,0xff,0x18,0x07,0x17,0xff,
    0x35,0x13,0x31,0xff,0x3a,0x11,0x34,0xff,0x48,0x1d,0x43,0xff,0x4b,0x1c,0x46,0xff,0x4c,0x1a,0x46,0xff,0x4c,0x1c,0x48,0xff,0x4d,0x1a,0x48,0xff,0x4e,0x1b,0x48,0xff,
    0x4f,0x1b,0x49,0xff,0x4f,0x1c,0x48,0xff,0x4b,0x1b,0x45,0xff,0x4b,0x1b,0x45,0xff,0x4b,0x1b,0x46,0xff,0x4f,0x1c,0x48,0xff,0x4c,0x1d,0x45,0xff,0x4c,0x1d,0x45,0xff,
    0x48,0x1f,0x41,0xff,0x25,0x0a,0x20,0xff,0x25,0x0e,0x1f,0xff,0x21,0x0c,0x20,0xff,0x38,0x0f,0x31,0xff,0x33,0x13,0x2d,0xff,0x5e,0x28,0x5a,0xff,0x5f,0x2b,0x5c,0xff,
    0x53,0x1f,0x4f,0xff,0x52,0x1c,0x50,0xff,0x50,0x1b,0x4f,0xff,0x52,0x1a,0x4d,0xff,0x50,0x1c,0x4c,0xff,0x4b,0x1a,0x46,0xff,0x3b,0x0f,0x35,0xff,0x3b,0x11,0x35,0xff,
    0x2b,0x0c,0x23,0xff,0x29,0x0a,0x22,0xff,0x1f,0x0c,0x1c,0xff,0x0f,0x07,0x10,0xff,0x0f,0x09,0x11,0xff,0x00,0x00,0x00,0x00,0x00,0x00,0x00,0x00,0x00,0x00,0x00,0x00,
    0x00,0x00,0x00,0x00,0x00,0x00,0x00,0x00,0x00,0x00,0x00,0x00,0x00,0x00,0x00,0x00,0x00,0x00,0x00,0x00,0x00,0x00,0x00,0x00,0x00,0x00,0x00,0x00,0x00,0x00,0x00,0x00,
    0x00,0x00,0x00,0x00,0x00,0x00,0x00,0x00,0x00,0x00,0x00,0x00,0x00,0x00,0x00,0x00,0x00,0x00,0x00,0x00,0x00,0x00,0x00,0x00,0x00,0x00,0x00,0x00,0x00,0x00,0x00,0x00,
    0x00,0x00,0x00,0x00,0x00,0x00,0x00,0x00,0x00,0x00,0x00,0x00,0x00,0x00,0x00,0x00,0x00,0x00,0x00,0x00,0x00,0x00,0x00,0x00,0x00,0x00,0x00,0x00,0x00,0x00,0x00,0x00,
    0x00,0x00,0x00,0x00,0x00,0x00,0x00,0x00,0x00,0x00,0x00,0x00,0x00,0x00,0x00,0x00,0x00,0x00,0x00,0x00,0x00,0x00,0x00,0x00,0x00,0x00,0x00,0x00,0x00,0x00,0x00,0x00,
    0x00,0x00,0x00,0x00,0x00,0x00,0x00,0x00,0x00,0x00,0x00,0x00,0x00,0x00,0x00,0x00,0x00,0x00,0x00,0x00,0x00,0x00,0x00,0x00,0x00,0x00,0x00,0x00,0x00,0x00,0x00,0x00,
    0x00,0x00,0x00,0x00,0x00,0x00,0x00,0x00,0x00,0x00,0x00,0x00,0x00,0x00,0x00,0x00,0x00,0x00,0x00,0x00,0x00,0x00,0x00,0x00,0x00,0x00,0x00,0x00,0x00,0x00,0x00,0x00,
    0x00,0x00,0x00,0x00,0x00,0x00,0x00,0x00,0x00,0x00,0x00,0x00,0x00,0x00,0x00,0x00,0x5e,0x5e,0x61,0x4f,0x0a,0x0a,0x13,0xd5,0x0c,0x12,0x1c,0xd8,0x17,0x2c,0x42,0xff,
    0x1b,0x2a,0x43,0xff,0x26,0x39,0x50,0xff,0x20,0x3a,0x58,0xff,0x2c,0x3c,0x57,0xff,0x1a,0x14,0x29,0xff,0x1e,0x13,0x23,0xff,0x0d,0x08,0x11,0xff,0x09,0x0b,0x12,0xff,
    0x0b,0x07,0x0b,0xff,0x0e,0x07,0x0e,0xff,0x20,0x0a,0x25,0xff,0x4d,0x1b,0x48,0xff,0x50,0x1d,0x47,0xff,0x4f,0x1a,0x4a,0xff,0x4d,0x1a,0x49,0xff,0x44,0x13,0x3c,0xff,
    0x42,0x13,0x3a,0xff,0x43,0x14,0x39,0xff,0x3d,0x10,0x34,0xff,0x3b,0x10,0x32,0xff,0x39,0x11,0x31,0xff,0x39,0x11,0x31,0xff,0x30,0x13,0x2c,0xff,0x0e,0x07,0x0e,0xff,
    0x14,0x02,0x13,0xff,0x4c,0x19,0x45,0xff,0x4f,0x19,0x48,0xff,0x4d,0x19,0x48,0xff,0x4d,0x1a,0x4a,0xff,0x42,0x14,0x3c,0xff,0x39,0x11,0x31,0xff,0x4a,0x18,0x46,0xff,
    0x6d,0x2f,0x6b,0xff,0x70,0x2f,0x6f,0xff,0x4d,0x15,0x48,0xff,0x52,0x18,0x47,0xff,0x4f,0x19,0x46,0xff,0x40,0x12,0x38,0xff,0x3d,0x12,0x36,0xff,0x4e,0x1c,0x47,0xff,
    0x4e,0x1b,0x47,0xff,0x49,0x18,0x43,0xff,0x3f,0x11,0x37,0xff,0x3f,0x13,0x38,0xff,0x3c,0x11,0x35,0xff,0x3a,0x10,0x31,0xff,0x38,0x12,0x2f,0xff,0x2f,0x0a,0x25,0xff,
    0x2d,0x0e,0x25,0xff,0x17,0x06,0x10,0xff,0x14,0x07,0x12,0xff,0x15,0x06,0x13,0xff,0x2b,0x08,0x23,0xff,0x28,0x0e,0x1f,0xff,0x43,0x14,0x3d,0xff,0x44,0x15,0x3e,0xff,
    0x4f,0x1b,0x4c,0xff,0x71,0x36,0x72,0xff,0x74,0x37,0x78,0xff,0x4d,0x18,0x4a,0xff,0x4e,0x1c,0x4a,0xff,0x4c,0x1b,0x48,0xff,0x4a,0x1a,0x45,0xff,0x49,0x1a,0x43,0xff,
    0x35,0x13,0x2d,0xff,0x2d,0x0e,0x26,0xff,0x20,0x0d,0x1d,0xff,0x10,0x07,0x10,0xff,0x0e,0x09,0x10,0xff,0x00,0x00,0x00,0x00,0x00,0x00,0x00,0x00,0x00,0x00,0x00,0x00,
    0x00,0x00,0x00,0x00,0x00,0x00,0x00,0x00,0x00,0x00,0x00,0x00,0x00,0x00,0x00,0x00,0x00,0x00,0x00,0x00,0x00,0x00,0x00,0x00,0x00,0x00,0x00,0x00,0x00,0x00,0x00,0x00,
    0x00,0x00,0x00,0x00,0x00,0x00,0x00,0x00,0x00,0x00,0x00,0x00,0x00,0x00,0x00,0x00,0x00,0x00,0x00,0x00,0x00,0x00,0x00,0x00,0x00,0x00,0x00,0x00,0x00,0x00,0x00,0x00,
    0x00,0x00,0x00,0x00,0x00,0x00,0x00,0x00,0x00,0x00,0x00,0x00,0x00,0x00,0x00,0x00,0x00,0x00,0x00,0x00,0x00,0x00,0x00,0x00,0x00,0x00,0x00,0x00,0x00,0x00,0x00,0x00,
    0x00,0x00,0x00,0x00,0x00,0x00,0x00,0x00,0x00,0x00,0x00,0x00,0x00,0x00,0x00,0x00,0x00,0x00,0x00,0x00,0x00,0x00,0x00,0x00,0x00,0x00,0x00,0x00,0x00,0x00,0x00,0x00,
    0x00,0x00,0x00,0x00,0x00,0x00,0x00,0x00,0x00,0x00,0x00,0x00,0x00,0x00,0x00,0x00,0x00,0x00,0x00,0x00,0x00,0x00,0x00,0x00,0x00,0x00,0x00,0x00,0x00,0x00,0x00,0x00,
    0x00,0x00,0x00,0x00,0x00,0x00,0x00,0x00,0x00,0x00,0x00,0x00,0x00,0x00,0x00,0x00,0x00,0x00,0x00,0x00,0x00,0x00,0x00,0x00,0x00,0x00,0x00,0x00,0x00,0x00,0x00,0x00,
    0x00,0x00,0x00,0x00,0x00,0x00,0x00,0x00,0x00,0x00,0x00,0x00,0x00,0x00,0x00,0x00,0x00,0x00,0x00,0x00,0x00,0x00,0x00,0x00,0x51,0x51,0x51,0x16,0x0b,0x09,0x14,0xff,
    0x0e,0x0c,0x16,0xff,0x12,0x12,0x22,0xff,0x1c,0x27,0x43,0xff,0x21,0x26,0x3d,0xff,0x14,0x18,0x2c,0xff,0x17,0x16,0x2b,0xff,0x0c,0x05,0x12,0xff,0x0d,0x08,0x11,0xff,
    0x10,0x07,0x11,0xff,0x09,0x06,0x12,0xff,0x22,0x08,0x24,0xff,0x50,0x1b,0x45,0xff,0x4c,0x19,0x49,0xff,0x4b,0x19,0x47,0xff,0x4d,0x1d,0x49,0xff,0x44,0x15,0x41,0xff,
    0x42,0x15,0x3d,0xff,0x3d,0x12,0x36,0xff,0x3a,0x10,0x33,0xff,0x38,0x10,0x33,0xff,0x35,0x10,0x31,0xff,0x34,0x11,0x31,0xff,0x2d,0x13,0x29,0xff,0x0f,0x08,0x0e,0xff,
    0x17,0x05,0x16,0xff,0x47,0x19,0x42,0xff,0x49,0x19,0x43,0xff,0x4a,0x1a,0x45,0xff,0x4b,0x1b,0x46,0xff,0x3d,0x12,0x3a,0xff,0x38,0x12,0x33,0xff,0x4b,0x15,0x4a,0xff,
    0x6a,0x2e,0x6d,0xff,0x64,0x2b,0x6a,0xff,0x49,0x19,0x4a,0xff,0x49,0x19,0x44,0xff,0x48,0x1b,0x46,0xff,0x3a,0x11,0x36,0xff,0x3b,0x11,0x36,0xff,0x4f,0x1b,0x4a,0xff,
    0x4e,0x1b,0x4a,0xff,0x49,0x18,0x43,0xff,0x40,0x12,0x3a,0xff,0x3f,0x13,0x38,0xff,0x3b,0x11,0x33,0xff,0x39,0x0f,0x33,0xff,0x34,0x10,0x2c,0xff,0x2d,0x0b,0x25,0xff,
    0x29,0x10,0x24,0xff,0x13,0x06,0x12,0xff,0x0f,0x09,0x0f,0xff,0x13,0x08,0x12,0xff,0x2c,0x0a,0x23,0xff,0x2a,0x0f,0x1f,0xff,0x40,0x13,0x39,0xff,0x47,0x16,0x3d,0xff,
    0x50,0x19,0x4b,0xff,0x71,0x36,0x72,0xff,0x71,0x34,0x73,0xff,0x4f,0x1b,0x4b,0xff,0x4c,0x1b,0x49,0xff,0x4d,0x1a,0x49,0xff,0x4e,0x1a,0x49,0xff,0x4e,0x1a,0x49,0xff,
    0x35,0x0f,0x2c,0xff,0x2e,0x0c,0x26,0xff,0x22,0x0c,0x1e,0xff,0x0f,0x07,0x10,0xff,0x0e,0x0a,0x11,0xff,0x00,0x00,0x00,0x00,0x00,0x00,0x00,0x00,0x00,0x00,0x00,0x00,
    0x00,0x00,0x00,0x00,0x00,0x00,0x00,0x00,0x00,0x00,0x00,0x00,0x00,0x00,0x00,0x00,0x00,0x00,0x00,0x00,0x00,0x00,0x00,0x00,0x00,0x00,0x00,0x00,0x00,0x00,0x00,0x00,
    0x00,0x00,0x00,0x00,0x00,0x00,0x00,0x00,0x00,0x00,0x00,0x00,0x00,0x00,0x00,0x00,0x00,0x00,0x00,0x00,0x00,0x00,0x00,0x00,0x00,0x00,0x00,0x00,0x00,0x00,0x00,0x00,
    0x00,0x00,0x00,0x00,0x00,0x00,0x00,0x00,0x00,0x00,0x00,0x00,0x00,0x00,0x00,0x00,0x00,0x00,0x00,0x00,0x00,0x00,0x00,0x00,0x00,0x00,0x00,0x00,0x00,0x00,0x00,0x00,
    0x00,0x00,0x00,0x00,0x00,0x00,0x00,0x00,0x00,0x00,0x00,0x00,0x00,0x00,0x00,0x00,0x00,0x00,0x00,0x00,0x00,0x00,0x00,0x00,0x00,0x00,0x00,0x00,0x00,0x00,0x00,0x00,
    0x00,0x00,0x00,0x00,0x00,0x00,0x00,0x00,0x00,0x00,0x00,0x00,0x00,0x00,0x00,0x00,0x00,0x00,0x00,0x00,0x00,0x00,0x00,0x00,0x00,0x00,0x00,0x00,0x00,0x00,0x00,0x00,
    0x00,0x00,0x00,0x00,0x00,0x00,0x00,0x00,0x00,0x00,0x00,0x00,0x00,0x00,0x00,0x00,0x00,0x00,0x00,0x00,0x00,0x00,0x00,0x00,0x00,0x00,0x00,0x00,0x00,0x00,0x00,0x00,
    0x00,0x00,0x00,0x00,0x00,0x00,0x00,0x00,0x00,0x00,0x00,0x00,0x00,0x00,0x00,0x00,0x00,0x00,0x00,0x00,0x00,0x00,0x00,0x00,0x50,0x50,0x50,0x10,0x13,0x0f,0x19,0xef,
    0x07,0x10,0x15,0xff,0x0b,0x14,0x26,0xff,0x2d,0x3e,0x61,0xff,0x2e,0x39,0x56,0xff,0x0f,0x20,0x34,0xff,0x15,0x20,0x33,0xff,0x07,0x06,0x12,0xff,0x09,0x08,0x11,0xff,
    0x11,0x06,0x10,0xff,0x0c,0x09,0x10,0xff,0x24,0x08,0x23,0xff,0x4f,0x1c,0x4a,0xff,0x4e,0x1c,0x4c,0xff,0x3c,0x0e,0x34,0xff,0x3f,0x13,0x38,0xff,0x3e,0x11,0x39,0xff,
    0x3c,0x12,0x34,0xff,0x38,0x10,0x32,0xff,0x35,0x0f,0x2e,0xff,0x34,0x10,0x2c,0xff,0x2c,0x0c,0x26,0xff,0x2a,0x0a,0x23,0xff,0x24,0x0f,0x1e,0xff,0x0b,0x08,0x0b,0xff,
    0x16,0x06,0x14,0xff,0x3b,0x11,0x35,0xff,0x3d,0x11,0x38,0xff,0x3f,0x11,0x38,0xff,0x3d,0x12,0x36,0xff,0x2c,0x0f,0x2c,0xff,0x1b,0x0d,0x23,0xff,0x17,0x0c,0x1e,0xff,
    0x21,0x0f,0x2a,0xff,0x1e,0x10,0x2a,0xff,0x15,0x0c,0x20,0xff,0x1e,0x10,0x25,0xff,0x29,0x0f,0x2b,0xff,0x37,0x10,0x33,0xff,0x3f,0x10,0x37,0xff,0x4f,0x1c,0x49,0xff,
    0x50,0x1c,0x49,0xff,0x4d,0x19,0x48,0xff,0x49,0x18,0x46,0xff,0x4d,0x1d,0x48,0xff,0x44,0x14,0x3c,0xff,0x3b,0x0f,0x35,0xff,0x37,0x10,0x2f,0xff,0x2e,0x0b,0x25,0xff,
    0x2b,0x0f,0x24,0xff,0x15,0x06,0x13,0xff,0x0e,0x0a,0x10,0xff,0x15,0x07,0x14,0xff,0x33,0x0c,0x29,0xff,0x31,0x11,0x2a,0xff,0x67,0x32,0x63,0xff,0x69,0x30,0x68,0xff,
    0x6a,0x30,0x6c,0xff,0x70,0x33,0x74,0xff,0x70,0x34,0x71,0xff,0x4f,0x1b,0x49,0xff,0x4e,0x1b,0x47,0xff,0x4e,0x1b,0x47,0xff,0x4e,0x1b,0x47,0xff,0x4d,0x1b,0x47,0xff,
    0x39,0x11,0x2f,0xff,0x32,0x0d,0x2a,0xff,0x24,0x0f,0x20,0xff,0x0f,0x07,0x10,0xff,0x0f,0x0a,0x12,0xff,0x00,0x00,0x00,0x00,0x00,0x00,0x00,0x00,0x00,0x00,0x00,0x00,
    0x00,0x00,0x00,0x00,0x00,0x00,0x00,0x00,0x00,0x00,0x00,0x00,0x00,0x00,0x00,0x00,0x00,0x00,0x00,0x00,0x00,0x00,0x00,0x00,0x00,0x00,0x00,0x00,0x00,0x00,0x00,0x00,
    0x00,0x00,0x00,0x00,0x00,0x00,0x00,0x00,0x00,0x00,0x00,0x00,0x00,0x00,0x00,0x00,0x00,0x00,0x00,0x00,0x00,0x00,0x00,0x00,0x00,0x00,0x00,0x00,0x00,0x00,0x00,0x00,
    0x00,0x00,0x00,0x00,0x00,0x00,0x00,0x00,0x00,0x00,0x00,0x00,0x00,0x00,0x00,0x00,0x00,0x00,0x00,0x00,0x00,0x00,0x00,0x00,0x00,0x00,0x00,0x00,0x00,0x00,0x00,0x00,
    0x00,0x00,0x00,0x00,0x00,0x00,0x00,0x00,0x00,0x00,0x00,0x00,0x00,0x00,0x00,0x00,0x00,0x00,0x00,0x00,0x00,0x00,0x00,0x00,0x00,0x00,0x00,0x00,0x00,0x00,0x00,0x00,
    0x00,0x00,0x00,0x00,0x00,0x00,0x00,0x00,0x00,0x00,0x00,0x00,0x00,0x00,0x00,0x00,0x00,0x00,0x00,0x00,0x00,0x00,0x00,0x00,0x00,0x00,0x00,0x00,0x00,0x00,0x00,0x00,
    0x00,0x00,0x00,0x00,0x00,0x00,0x00,0x00,0x00,0x00,0x00,0x00,0x00,0x00,0x00,0x00,0x00,0x00,0x00,0x00,0x00,0x00,0x00,0x00,0x00,0x00,0x00,0x00,0x00,0x00,0x00,0x00,
    0x00,0x00,0x00,0x00,0x00,0x00,0x00,0x00,0x00,0x00,0x00,0x00,0x00,0x00,0x00,0x00,0x00,0x00,0x00,0x00,0x00,0x00,0x00,0x00,0x00,0x00,0x00,0x00,0x6f,0x6d,0x72,0x65,
    0x0e,0x0b,0x16,0xff,0x14,0x1a,0x2f,0xff,0x32,0x41,0x66,0xff,0x35,0x3f,0x5e,0xff,0x15,0x1d,0x36,0xff,0x1a,0x1f,0x37,0xff,0x0a,0x05,0x12,0xff,0x0d,0x07,0x0f,0xff,
    0x0d,0x07,0x0d,0xff,0x12,0x09,0x13,0xff,0x1d,0x07,0x1e,0xff,0x50,0x1a,0x4b,0xff,0x56,0x1c,0x50,0xff,0x3d,0x0d,0x34,0xff,0x37,0x0f,0x2f,0xff,0x38,0x0f,0x34,0xff,
    0x3a,0x10,0x34,0xff,0x39,0x11,0x31,0xff,0x35,0x0d,0x2c,0xff,0x35,0x0e,0x2a,0xff,0x2a,0x09,0x21,0xff,0x27,0x0a,0x1e,0xff,0x1f,0x0a,0x19,0xff,0x0d,0x09,0x0e,0xff,
    0x13,0x06,0x14,0xff,0x3b,0x0f,0x34,0xff,0x3d,0x0d,0x35,0xff,0x40,0x0e,0x35,0xff,0x39,0x13,0x33,0xff,0x20,0x11,0x27,0xff,0x11,0x13,0x21,0xff,0x0f,0x10,0x1b,0xff,
    0x11,0x0f,0x1c,0xff,0x10,0x0e,0x21,0xff,0x11,0x10,0x22,0xff,0x16,0x11,0x1f,0xff,0x1a,0x0c,0x1f,0xff,0x3b,0x0f,0x35,0xff,0x42,0x0d,0x37,0xff,0x50,0x1a,0x47,0xff,
    0x4f,0x19,0x49,0xff,0x4d,0x18,0x49,0xff,0x50,0x19,0x4a,0xff,0x4e,0x19,0x48,0xff,0x42,0x11,0x3b,0xff,0x3e,0x0f,0x34,0xff,0x35,0x12,0x2d,0xff,0x2f,0x0c,0x26,0xff,
    0x2d,0x0d,0x23,0xff,0x18,0x08,0x13,0xff,0x11,0x07,0x13,0xff,0x14,0x06,0x13,0xff,0x33,0x0f,0x2a,0xff,0x36,0x10,0x2a,0xff,0x6e,0x34,0x6e,0xff,0x6f,0x32,0x72,0xff,
    0x71,0x34,0x74,0xff,0x71,0x34,0x74,0xff,0x6f,0x35,0x70,0xff,0x4e,0x1a,0x49,0xff,0x4f,0x1c,0x48,0xff,0x4f,0x1c,0x48,0xff,0x4e,0x1b,0x47,0xff,0x4e,0x1b,0x47,0xff,
    0x37,0x12,0x30,0xff,0x32,0x0e,0x2b,0xff,0x25,0x0e,0x21,0xff,0x0f,0x07,0x10,0xff,0x10,0x0a,0x12,0xff,0x00,0x00,0x00,0x00,0x00,0x00,0x00,0x00,0x00,0x00,0x00,0x00,
    0x00,0x00,0x00,0x00,0x00,0x00,0x00,0x00,0x00,0x00,0x00,0x00,0x00,0x00,0x00,0x00,0x00,0x00,0x00,0x00,0x00,0x00,0x00,0x00,0x00,0x00,0x00,0x00,0x00,0x00,0x00,0x00,
    0x00,0x00,0x00,0x00,0x00,0x00,0x00,0x00,0x00,0x00,0x00,0x00,0x00,0x00,0x00,0x00,0x00,0x00,0x00,0x00,0x00,0x00,0x00,0x00,0x00,0x00,0x00,0x00,0x00,0x00,0x00,0x00,
    0x00,0x00,0x00,0x00,0x00,0x00,0x00,0x00,0x00,0x00,0x00,0x00,0x00,0x00,0x00,0x00,0x00,0x00,0x00,0x00,0x00,0x00,0x00,0x00,0x00,0x00,0x00,0x00,0x00,0x00,0x00,0x00,
    0x00,0x00,0x00,0x00,0x00,0x00,0x00,0x00,0x00,0x00,0x00,0x00,0x00,0x00,0x00,0x00,0x00,0x00,0x00,0x00,0x00,0x00,0x00,0x00,0x00,0x00,0x00,0x00,0x00,0x00,0x00,0x00,
    0x00,0x00,0x00,0x00,0x00,0x00,0x00,0x00,0x00,0x00,0x00,0x00,0x00,0x00,0x00,0x00,0x00,0x00,0x00,0x00,0x00,0x00,0x00,0x00,0x00,0x00,0x00,0x00,0x00,0x00,0x00,0x00,
    0x00,0x00,0x00,0x00,0x00,0x00,0x00,0x00,0x00,0x00,0x00,0x00,0x00,0x00,0x00,0x00,0x00,0x00,0x00,0x00,0x00,0x00,0x00,0x00,0x00,0x00,0x00,0x00,0x00,0x00,0x00,0x00,
    0x00,0x00,0x00,0x00,0x00,0x00,0x00,0x00,0x00,0x00,0x00,0x00,0x00,0x00,0x00,0x00,0x00,0x00,0x00,0x00,0x00,0x00,0x00,0x00,0x00,0x00,0x00,0x00,0x6a,0x6d,0x72,0x5e,
    0x0c,0x0b,0x15,0xff,0x11,0x19,0x2d,0xff,0x3c,0x4f,0x6e,0xff,0x3c,0x4a,0x63,0xff,0x15,0x21,0x35,0xff,0x1a,0x22,0x35,0xff,0x0a,0x07,0x11,0xff,0x0e,0x08,0x0d,0xff,
    0x13,0x09,0x14,0xff,0x24,0x0e,0x23,0xff,0x31,0x10,0x2f,0xff,0x4d,0x19,0x46,0xff,0x4d,0x1c,0x46,0xff,0x37,0x0e,0x2d,0xff,0x34,0x10,0x2b,0xff,0x33,0x0f,0x2e,0xff,
    0x39,0x10,0x30,0xff,0x34,0x12,0x2e,0xff,0x2e,0x0c,0x25,0xff,0x2b,0x0f,0x23,0xff,0x1f,0x0b,0x19,0xff,0x1a,0x0a,0x17,0xff,0x15,0x0a,0x16,0xff,0x0b,0x0a,0x0e,0xff,
    0x0d,0x06,0x11,0xff,0x2f,0x19,0x38,0xff,0x2e,0x1a,0x3a,0xff,0x2c,0x11,0x2f,0xff,0x34,0x17,0x30,0xff,0x55,0x45,0x56,0xff,0x5f,0x59,0x63,0xff,0x5a,0x58,0x61,0xff,
    0x59,0x54,0x5e,0xff,0x58,0x51,0x5c,0xff,0x48,0x43,0x4f,0xff,0x41,0x3d,0x48,0xff,0x41,0x37,0x45,0xff,0x30,0x16,0x34,0xff,0x30,0x14,0x34,0xff,0x35,0x16,0x36,0xff,
    0x3b,0x17,0x39,0xff,0x3d,0x17,0x39,0xff,0x3f,0x16,0x38,0xff,0x3d,0x16,0x38,0xff,0x33,0x10,0x2d,0xff,0x36,0x0f,0x2e,0xff,0x30,0x12,0x2c,0xff,0x27,0x0c,0x24,0xff,
    0x23,0x0c,0x20,0xff,0x0f,0x08,0x12,0xff,0x10,0x09,0x11,0xff,0x12,0x06,0x12,0xff,0x33,0x10,0x2b,0xff,0x34,0x0f,0x29,0xff,0x6d,0x34,0x6c,0xff,0x71,0x34,0x74,0xff,
    0x71,0x34,0x74,0xff,0x6f,0x32,0x72,0xff,0x6e,0x34,0x6f,0xff,0x4f,0x1b,0x4a,0xff,0x4e,0x1b,0x47,0xff,0x4e,0x1b,0x47,0xff,0x4e,0x1b,0x47,0xff,0x4e,0x1b,0x47,0xff,
    0x37,0x12,0x30,0xff,0x31,0x0e,0x2b,0xff,0x24,0x0e,0x20,0xff,0x0f,0x07,0x10,0xff,0x0f,0x09,0x11,0xff,0x00,0x00,0x00,0x00,0x00,0x00,0x00,0x00,0x00,0x00,0x00,0x00,
    0x00,0x00,0x00,0x00,0x00,0x00,0x00,0x00,0x00,0x00,0x00,0x00,0x00,0x00,0x00,0x00,0x00,0x00,0x00,0x00,0x00,0x00,0x00,0x00,0x00,0x00,0x00,0x00,0x00,0x00,0x00,0x00,
    0x00,0x00,0x00,0x00,0x00,0x00,0x00,0x00,0x00,0x00,0x00,0x00,0x00,0x00,0x00,0x00,0x00,0x00,0x00,0x00,0x00,0x00,0x00,0x00,0x00,0x00,0x00,0x00,0x00,0x00,0x00,0x00,
    0x00,0x00,0x00,0x00,0x00,0x00,0x00,0x00,0x00,0x00,0x00,0x00,0x00,0x00,0x00,0x00,0x00,0x00,0x00,0x00,0x00,0x00,0x00,0x00,0x00,0x00,0x00,0x00,0x00,0x00,0x00,0x00,
    0x00,0x00,0x00,0x00,0x00,0x00,0x00,0x00,0x00,0x00,0x00,0x00,0x00,0x00,0x00,0x00,0x00,0x00,0x00,0x00,0x00,0x00,0x00,0x00,0x00,0x00,0x00,0x00,0x00,0x00,0x00,0x00,
    0x00,0x00,0x00,0x00,0x00,0x00,0x00,0x00,0x00,0x00,0x00,0x00,0x00,0x00,0x00,0x00,0x00,0x00,0x00,0x00,0x00,0x00,0x00,0x00,0x00,0x00,0x00,0x00,0x00,0x00,0x00,0x00,
    0x00,0x00,0x00,0x00,0x00,0x00,0x00,0x00,0x00,0x00,0x00,0x00,0x00,0x00,0x00,0x00,0x00,0x00,0x00,0x00,0x00,0x00,0x00,0x00,0x00,0x00,0x00,0x00,0x00,0x00,0x00,0x00,
    0x00,0x00,0x00,0x00,0x00,0x00,0x00,0x00,0x00,0x00,0x00,0x00,0x00,0x00,0x00,0x00,0x00,0x00,0x00,0x00,0x00,0x00,0x00,0x00,0x00,0x00,0x00,0x00,0x67,0x69,0x6f,0x5c,
    0x09,0x0a,0x15,0xff,0x14,0x1a,0x2c,0xff,0x56,0x66,0x80,0xff,0x56,0x63,0x7b,0xff,0x15,0x20,0x36,0xff,0x1a,0x21,0x39,0xff,0x0a,0x06,0x13,0xff,0x12,0x07,0x10,0xff,
    0x25,0x10,0x24,0xff,0x42,0x15,0x3c,0xff,0x4b,0x1b,0x46,0xff,0x44,0x12,0x3c,0xff,0x3f,0x15,0x37,0xff,0x32,0x0c,0x27,0xff,0x31,0x0e,0x27,0xff,0x36,0x10,0x2e,0xff,
    0x38,0x0e,0x2e,0xff,0x2f,0x0e,0x28,0xff,0x27,0x09,0x20,0xff,0x22,0x0b,0x1d,0xff,0x12,0x07,0x11,0xff,0x0d,0x06,0x10,0xff,0x0e,0x08,0x12,0xff,0x0d,0x08,0x0d,0xff,
    0x0a,0x06,0x11,0xff,0x29,0x29,0x42,0xff,0x2a,0x2c,0x43,0xff,0x20,0x16,0x2e,0xff,0x2e,0x16,0x2c,0xff,0xc1,0xb1,0xbd,0xff,0xec,0xe4,0xe6,0xff,0xec,0xe6,0xe6,0xff,
    0xe0,0xda,0xdc,0xff,0xe5,0xda,0xdc,0xff,0xa3,0x9a,0x9c,0xff,0x9d,0x97,0x9d,0xff,0x93,0x8a,0x95,0xff,0x26,0x19,0x2e,0xff,0x26,0x18,0x2d,0xff,0x22,0x0a,0x21,0xff,
    0x2b,0x0b,0x22,0xff,0x2d,0x0c,0x22,0xff,0x2c,0x09,0x22,0xff,0x29,0x0a,0x1f,0xff,0x29,0x0c,0x1d,0xff,0x2c,0x0b,0x21,0xff,0x28,0x0d,0x1e,0xff,0x21,0x09,0x1b,0xff,
    0x1c,0x0a,0x1a,0xff,0x0f,0x08,0x0e,0xff,0x0b,0x07,0x0d,0xff,0x12,0x06,0x12,0xff,0x31,0x0f,0x2c,0xff,0x34,0x0e,0x2a,0xff,0x70,0x37,0x6e,0xff,0x71,0x34,0x74,0xff,
    0x6f,0x32,0x72,0xff,0x6f,0x32,0x72,0xff,0x70,0x36,0x71,0xff,0x4f,0x1b,0x4a,0xff,0x4e,0x1b,0x47,0xff,0x4d,0x1a,0x46,0xff,0x4d,0x1a,0x46,0xff,0x4e,0x1b,0x47,0xff,
    0x37,0x12,0x30,0xff,0x30,0x0d,0x2a,0xff,0x23,0x0d,0x20,0xff,0x0e,0x06,0x0f,0xff,0x0f,0x09,0x11,0xff,0x00,0x00,0x00,0x00,0x00,0x00,0x00,0x00,0x00,0x00,0x00,0x00,
    0x00,0x00,0x00,0x00,0x00,0x00,0x00,0x00,0x00,0x00,0x00,0x00,0x00,0x00,0x00,0x00,0x00,0x00,0x00,0x00,0x00,0x00,0x00,0x00,0x00,0x00,0x00,0x00,0x00,0x00,0x00,0x00,
    0x00,0x00,0x00,0x00,0x00,0x00,0x00,0x00,0x00,0x00,0x00,0x00,0x00,0x00,0x00,0x00,0x00,0x00,0x00,0x00,0x00,0x00,0x00,0x00,0x00,0x00,0x00,0x00,0x00,0x00,0x00,0x00,
    0x00,0x00,0x00,0x00,0x00,0x00,0x00,0x00,0x00,0x00,0x00,0x00,0x00,0x00,0x00,0x00,0x00,0x00,0x00,0x00,0x00,0x00,0x00,0x00,0x00,0x00,0x00,0x00,0x00,0x00,0x00,0x00,
    0x00,0x00,0x00,0x00,0x00,0x00,0x00,0x00,0x00,0x00,0x00,0x00,0x00,0x00,0x00,0x00,0x00,0x00,0x00,0x00,0x00,0x00,0x00,0x00,0x00,0x00,0x00,0x00,0x00,0x00,0x00,0x00,
    0x00,0x00,0x00,0x00,0x00,0x00,0x00,0x00,0x00,0x00,0x00,0x00,0x00,0x00,0x00,0x00,0x00,0x00,0x00,0x00,0x00,0x00,0x00,0x00,0x00,0x00,0x00,0x00,0x00,0x00,0x00,0x00,
    0x00,0x00,0x00,0x00,0x00,0x00,0x00,0x00,0x00,0x00,0x00,0x00,0x00,0x00,0x00,0x00,0x00,0x00,0x00,0x00,0x00,0x00,0x00,0x00,0x00,0x00,0x00,0x00,0x00,0x00,0x00,0x00,
    0x00,0x00,0x00,0x00,0x00,0x00,0x00,0x00,0x00,0x00,0x00,0x00,0x00,0x00,0x00,0x00,0x00,0x00,0x00,0x00,0x00,0x00,0x00,0x00,0x00,0x00,0x00,0x00,0x67,0x69,0x6e,0x61,
    0x09,0x0a,0x14,0xff,0x1e,0x21,0x2d,0xff,0x61,0x69,0x7b,0xff,0x60,0x65,0x7b,0xff,0x1c,0x22,0x3b,0xff,0x18,0x1f,0x39,0xff,0x07,0x05,0x13,0xff,0x10,0x06,0x11,0xff,
    0x1f,0x0b,0x1e,0xff,0x41,0x19,0x3c,0xff,0x45,0x1d,0x43,0xff,0x3b,0x17,0x36,0xff,0x36,0x17,0x33,0xff,0x2a,0x0d,0x23,0xff,0x2c,0x0f,0x26,0xff,0x2f,0x11,0x2a,0xff,
    0x31,0x12,0x2b,0xff,0x2d,0x11,0x29,0xff,0x24,0x0a,0x1f,0xff,0x21,0x0e,0x1f,0xff,0x13,0x08,0x14,0xff,0x0d,0x08,0x11,0xff,0x0f,0x07,0x0f,0xff,0x0e,0x03,0x0b,0xff,
    0x0c,0x09,0x15,0xff,0x23,0x2c,0x46,0xff,0x28,0x2c,0x46,0xff,0x1b,0x19,0x33,0xff,0x1b,0x13,0x29,0xff,0xb9,0xb4,0xbe,0xff,0xee,0xe8,0xe8,0xff,0xe9,0xe4,0xe4,0xff,
    0xd7,0xdc,0xe9,0xff,0xd3,0xd8,0xe3,0xff,0x99,0x96,0x9b,0xff,0x9d,0x9d,0xa6,0xff,0x92,0x8e,0x9b,0xff,0x1f,0x15,0x2e,0xff,0x20,0x18,0x2f,0xff,0x23,0x0e,0x27,0xff,
    0x25,0x0c,0x26,0xff,0x21,0x0c,0x24,0xff,0x21,0x0e,0x28,0xff,0x1b,0x09,0x23,0xff,0x20,0x0e,0x25,0xff,0x1e,0x0e,0x25,0xff,0x1d,0x0c,0x20,0xff,0x17,0x0a,0x1b,0xff,
    0x13,0x0b,0x1a,0xff,0x13,0x08,0x10,0xff,0x0e,0x09,0x0f,0xff,0x11,0x04,0x13,0xff,0x32,0x0b,0x2d,0xff,0x36,0x0d,0x2d,0xff,0x75,0x36,0x73,0xff,0x6f,0x32,0x72,0xff,
    0x6f,0x32,0x72,0xff,0x6f,0x32,0x72,0xff,0x6f,0x35,0x70,0xff,0x4d,0x19,0x48,0xff,0x4d,0x1a,0x46,0xff,0x4d,0x1a,0x46,0xff,0x4e,0x1b,0x47,0xff,0x4f,0x1c,0x48,0xff,
    0x36,0x11,0x2f,0xff,0x2f,0x0c,0x29,0xff,0x23,0x0c,0x1f,0xff,0x0f,0x07,0x10,0xff,0x0f,0x09,0x11,0xff,0x00,0x00,0x00,0x00,0x00,0x00,0x00,0x00,0x00,0x00,0x00,0x00,
    0x00,0x00,0x00,0x00,0x00,0x00,0x00,0x00,0x00,0x00,0x00,0x00,0x00,0x00,0x00,0x00,0x00,0x00,0x00,0x00,0x00,0x00,0x00,0x00,0x00,0x00,0x00,0x00,0x00,0x00,0x00,0x00,
    0x00,0x00,0x00,0x00,0x00,0x00,0x00,0x00,0x00,0x00,0x00,0x00,0x00,0x00,0x00,0x00,0x00,0x00,0x00,0x00,0x00,0x00,0x00,0x00,0x00,0x00,0x00,0x00,0x00,0x00,0x00,0x00,
    0x00,0x00,0x00,0x00,0x00,0x00,0x00,0x00,0x00,0x00,0x00,0x00,0x00,0x00,0x00,0x00,0x00,0x00,0x00,0x00,0x00,0x00,0x00,0x00,0x00,0x00,0x00,0x00,0x00,0x00,0x00,0x00,
    0x00,0x00,0x00,0x00,0x00,0x00,0x00,0x00,0x00,0x00,0x00,0x00,0x00,0x00,0x00,0x00,0x00,0x00,0x00,0x00,0x00,0x00,0x00,0x00,0x00,0x00,0x00,0x00,0x00,0x00,0x00,0x00,
    0x00,0x00,0x00,0x00,0x00,0x00,0x00,0x00,0x00,0x00,0x00,0x00,0x00,0x00,0x00,0x00,0x00,0x00,0x00,0x00,0x00,0x00,0x00,0x00,0x00,0x00,0x00,0x00,0x00,0x00,0x00,0x00,
    0x00,0x00,0x00,0x00,0x00,0x00,0x00,0x00,0x00,0x00,0x00,0x00,0x00,0x00,0x00,0x00,0x00,0x00,0x00,0x00,0x00,0x00,0x00,0x00,0x00,0x00,0x00,0x00,0x00,0x00,0x00,0x00,
    0x00,0x00,0x00,0x00,0x00,0x00,0x00,0x00,0x00,0x00,0x00,0x00,0x00,0x00,0x00,0x00,0x00,0x00,0x00,0x00,0x00,0x00,0x00,0x00,0x00,0x00,0x00,0x00,0x69,0x69,0x73,0x66,
    0x0a,0x0b,0x15,0xff,0x25,0x24,0x2e,0xff,0x71,0x71,0x80,0xff,0x68,0x69,0x77,0xff,0x14,0x18,0x29,0xff,0x14,0x1b,0x2e,0xff,0x0c,0x0c,0x13,0xf1,0x0d,0x09,0x0c,0xef,
    0x0d,0x06,0x10,0xfb,0x12,0x04,0x12,0xff,0x11,0x04,0x14,0xff,0x13,0x04,0x11,0xff,0x13,0x05,0x15,0xff,0x12,0x06,0x10,0xff,0x12,0x07,0x11,0xff,0x11,0x06,0x12,0xff,
    0x10,0x06,0x0f,0xff,0x11,0x06,0x12,0xff,0x13,0x07,0x11,0xff,0x17,0x0d,0x17,0xff,0x0b,0x06,0x0d,0xe7,0x0d,0x0b,0x11,0xe5,0x0b,0x04,0x0a,0xfd,0x08,0x02,0x0b,0xff,
    0x07,0x09,0x18,0xff,0x4c,0x58,0x74,0xff,0x45,0x53,0x71,0xff,0x33,0x3f,0x5c,0xff,0x35,0x3e,0x58,0xff,0xb1,0xb5,0xc3,0xff,0xe8,0xde,0xe3,0xff,0xc2,0xc5,0xd0,0xff,
    0x4a,0x61,0x80,0xff,0x42,0x5b,0x7c,0xff,0x69,0x73,0x86,0xff,0x67,0x71,0x85,0xff,0x62,0x6a,0x7b,0xff,0x2c,0x30,0x4c,0xff,0x24,0x2f,0x4a,0xff,0x68,0x73,0x8e,0xff,
    0x67,0x6e,0x8c,0xff,0x5a,0x61,0x81,0xff,0x42,0x4d,0x6e,0xff,0x40,0x4a,0x6b,0xff,0x34,0x3d,0x5d,0xff,0x2f,0x38,0x5a,0xff,0x30,0x34,0x52,0xff,0x24,0x2a,0x46,0xff,
    0x29,0x2f,0x46,0xff,0x0a,0x08,0x18,0xff,0x11,0x08,0x12,0xff,0x17,0x05,0x19,0xff,0x45,0x19,0x40,0xff,0x49,0x1b,0x40,0xff,0x73,0x33,0x6f,0xff,0x6e,0x31,0x71,0xff,
    0x6f,0x32,0x72,0xff,0x70,0x33,0x72,0xff,0x6e,0x34,0x6f,0xff,0x4e,0x1a,0x49,0xff,0x4e,0x1b,0x47,0xff,0x4e,0x1b,0x47,0xff,0x4e,0x1b,0x47,0xff,0x4f,0x1c,0x48,0xff,
    0x34,0x0f,0x2d,0xff,0x2e,0x0b,0x28,0xff,0x23,0x0d,0x1f,0xff,0x0f,0x07,0x10,0xff,0x0f,0x09,0x11,0xff,0x00,0x00,0x00,0x00,0x00,0x00,0x00,0x00,0x00,0x00,0x00,0x00,
    0x00,0x00,0x00,0x00,0x00,0x00,0x00,0x00,0x00,0x00,0x00,0x00,0x00,0x00,0x00,0x00,0x00,0x00,0x00,0x00,0x00,0x00,0x00,0x00,0x00,0x00,0x00,0x00,0x00,0x00,0x00,0x00,
    0x00,0x00,0x00,0x00,0x00,0x00,0x00,0x00,0x00,0x00,0x00,0x00,0x00,0x00,0x00,0x00,0x00,0x00,0x00,0x00,0x00,0x00,0x00,0x00,0x00,0x00,0x00,0x00,0x00,0x00,0x00,0x00,
    0x00,0x00,0x00,0x00,0x00,0x00,0x00,0x00,0x00,0x00,0x00,0x00,0x00,0x00,0x00,0x00,0x00,0x00,0x00,0x00,0x00,0x00,0x00,0x00,0x00,0x00,0x00,0x00,0x00,0x00,0x00,0x00,
    0x00,0x00,0x00,0x00,0x00,0x00,0x00,0x00,0x00,0x00,0x00,0x00,0x00,0x00,0x00,0x00,0x00,0x00,0x00,0x00,0x00,0x00,0x00,0x00,0x00,0x00,0x00,0x00,0x00,0x00,0x00,0x00,
    0x00,0x00,0x00,0x00,0x00,0x00,0x00,0x00,0x00,0x00,0x00,0x00,0x00,0x00,0x00,0x00,0x00,0x00,0x00,0x00,0x00,0x00,0x00,0x00,0x00,0x00,0x00,0x00,0x00,0x00,0x00,0x00,
    0x00,0x00,0x00,0x00,0x00,0x00,0x00,0x00,0x00,0x00,0x00,0x00,0x00,0x00,0x00,0x00,0x00,0x00,0x00,0x00,0x00,0x00,0x00,0x00,0x00,0x00,0x00,0x00,0x00,0x00,0x00,0x00,
    0x00,0x00,0x00,0x00,0x00,0x00,0x00,0x00,0x00,0x00,0x00,0x00,0x00,0x00,0x00,0x00,0x00,0x00,0x00,0x00,0x00,0x00,0x00,0x00,0x00,0x00,0x00,0x00,0x6d,0x6d,0x74,0x67,
    0x0a,0x0b,0x19,0xff,0x22,0x21,0x2d,0xff,0x75,0x72,0x7b,0xff,0x6d,0x6c,0x77,0xff,0x10,0x14,0x28,0xff,0x11,0x16,0x2b,0xff,0x00,0x00,0x00,0x00,0x00,0x00,0x00,0x00,
    0x28,0x24,0x28,0x86,0x0b,0x05,0x0f,0xff,0x0c,0x06,0x11,0xff,0x0e,0x08,0x11,0xff,0x0d,0x08,0x11,0xff,0x0e,0x08,0x11,0xff,0x0c,0x07,0x10,0xff,0x0d,0x08,0x11,0xff,
    0x0c,0x07,0x10,0xff,0x0f,0x07,0x11,0xff,0x0f,0x07,0x11,0xff,0x0e,0x0a,0x10,0xff,0x00,0x00,0x00,0x00,0x00,0x00,0x00,0x00,0x0c,0x0a,0x0d,0xd5,0x0d,0x08,0x0d,0xff,
    0x06,0x08,0x14,0xff,0x47,0x57,0x75,0xff,0x46,0x55,0x73,0xff,0x29,0x39,0x5d,0xff,0x36,0x40,0x60,0xff,0xc0,0xbe,0xce,0xff,0xe6,0xdc,0xdf,0xff,0xb9,0xc2,0xce,0xff,
    0x43,0x60,0x87,0xff,0x3d,0x5e,0x8a,0xff,0x5f,0x6d,0x87,0xff,0x65,0x6f,0x85,0xff,0x5d,0x65,0x7b,0xff,0x2a,0x32,0x53,0xff,0x29,0x32,0x52,0xff,0x5a,0x6d,0x88,0xff,
    0x5b,0x70,0x8c,0xff,0x53,0x66,0x85,0xff,0x37,0x4a,0x6f,0xff,0x37,0x4b,0x70,0xff,0x28,0x3c,0x5e,0xff,0x29,0x36,0x58,0xff,0x2b,0x36,0x56,0xff,0x1e,0x2c,0x4c,0xff,
    0x24,0x2e,0x47,0xff,0x0a,0x0a,0x17,0xff,0x0b,0x04,0x11,0xff,0x1d,0x04,0x1a,0xff,0x51,0x1a,0x48,0xff,0x4d,0x1c,0x48,0xff,0x6c,0x30,0x6d,0xff,0x70,0x30,0x71,0xff,
    0x71,0x31,0x73,0xff,0x6f,0x30,0x71,0xff,0x72,0x33,0x71,0xff,0x4f,0x19,0x49,0xff,0x4e,0x1b,0x47,0xff,0x4d,0x1c,0x48,0xff,0x4c,0x1b,0x49,0xff,0x4b,0x1b,0x49,0xff,
    0x30,0x0e,0x29,0xff,0x2e,0x0d,0x26,0xff,0x22,0x0d,0x1e,0xff,0x0e,0x06,0x0f,0xff,0x0f,0x06,0x11,0xff,0x00,0x00,0x00,0x00,0x00,0x00,0x00,0x00,0x00,0x00,0x00,0x00,
    0x00,0x00,0x00,0x00,0x00,0x00,0x00,0x00,0x00,0x00,0x00,0x00,0x00,0x00,0x00,0x00,0x00,0x00,0x00,0x00,0x00,0x00,0x00,0x00,0x00,0x00,0x00,0x00,0x00,0x00,0x00,0x00,
    0x00,0x00,0x00,0x00,0x00,0x00,0x00,0x00,0x00,0x00,0x00,0x00,0x00,0x00,0x00,0x00,0x00,0x00,0x00,0x00,0x00,0x00,0x00,0x00,0x00,0x00,0x00,0x00,0x00,0x00,0x00,0x00,
    0x00,0x00,0x00,0x00,0x00,0x00,0x00,0x00,0x00,0x00,0x00,0x00,0x00,0x00,0x00,0x00,0x00,0x00,0x00,0x00,0x00,0x00,0x00,0x00,0x00,0x00,0x00,0x00,0x00,0x00,0x00,0x00,
    0x00,0x00,0x00,0x00,0x00,0x00,0x00,0x00,0x00,0x00,0x00,0x00,0x00,0x00,0x00,0x00,0x00,0x00,0x00,0x00,0x00,0x00,0x00,0x00,0x00,0x00,0x00,0x00,0x00,0x00,0x00,0x00,
    0x00,0x00,0x00,0x00,0x00,0x00,0x00,0x00,0x00,0x00,0x00,0x00,0x00,0x00,0x00,0x00,0x00,0x00,0x00,0x00,0x00,0x00,0x00,0x00,0x00,0x00,0x00,0x00,0x00,0x00,0x00,0x00,
    0x00,0x00,0x00,0x00,0x00,0x00,0x00,0x00,0x00,0x00,0x00,0x00,0x00,0x00,0x00,0x00,0x00,0x00,0x00,0x00,0x00,0x00,0x00,0x00,0x00,0x00,0x00,0x00,0x00,0x00,0x00,0x00,
    0x00,0x00,0x00,0x00,0x00,0x00,0x00,0x00,0x00,0x00,0x00,0x00,0x00,0x00,0x00,0x00,0x00,0x00,0x00,0x00,0x00,0x00,0x00,0x00,0x00,0x00,0x00,0x00,0x6d,0x6d,0x72,0x69,
    0x0c,0x0c,0x18,0xff,0x26,0x24,0x2e,0xff,0x74,0x71,0x77,0xff,0x6b,0x6c,0x76,0xff,0x10,0x16,0x27,0xff,0x11,0x18,0x28,0xff,0x00,0x00,0x00,0x00,0x00,0x00,0x00,0x00,
    0x3d,0x3d,0x3d,0x3f,0x10,0x0c,0x11,0xe5,0x11,0x0e,0x12,0xe2,0x11,0x0c,0x11,0xe3,0x11,0x0e,0x12,0xe2,0x11,0x0c,0x12,0xe4,0x10,0x0b,0x11,0xe4,0x0f,0x0a,0x10,0xe4,
    0x0e,0x0b,0x0f,0xe7,0x0e,0x08,0x0d,0xec,0x0d,0x0a,0x0d,0xe6,0x10,0x0c,0x0f,0xe4,0x00,0x00,0x00,0x00,0x00,0x00,0x00,0x00,0x09,0x05,0x07,0xe1,0x10,0x05,0x0d,0xff,
    0x0f,0x07,0x13,0xff,0x22,0x26,0x35,0xff,0x2e,0x30,0x42,0xff,0x27,0x30,0x4a,0xff,0x17,0x27,0x3e,0xff,0xa3,0xa9,0xb3,0xff,0xd3,0xd0,0xd2,0xff,0xc2,0xc3,0xcb,0xff,
    0x8e,0x99,0xaf,0xff,0x91,0x9d,0xb5,0xff,0x7a,0x7c,0x8b,0xff,0x7e,0x82,0x91,0xff,0x71,0x77,0x84,0xff,0x1e,0x2d,0x44,0xff,0x1e,0x2c,0x46,0xff,0x4b,0x57,0x75,0xff,
    0x4a,0x59,0x78,0xff,0x45,0x59,0x77,0xff,0x2f,0x42,0x63,0xff,0x31,0x42,0x62,0xff,0x22,0x30,0x4c,0xff,0x1e,0x29,0x48,0xff,0x23,0x2d,0x4a,0xff,0x18,0x22,0x3d,0xff,
    0x1e,0x22,0x38,0xff,0x0a,0x06,0x13,0xff,0x0c,0x0b,0x0e,0xff,0x2f,0x17,0x2f,0xff,0x60,0x26,0x5e,0xff,0x60,0x2d,0x5f,0xff,0x72,0x36,0x72,0xff,0x6f,0x33,0x73,0xff,
    0x6b,0x30,0x6d,0xff,0x64,0x2d,0x67,0xff,0x63,0x2f,0x65,0xff,0x4f,0x1b,0x4b,0xff,0x4c,0x1b,0x49,0xff,0x4b,0x1a,0x46,0xff,0x45,0x15,0x3f,0xff,0x43,0x16,0x3e,0xff,
    0x30,0x0e,0x28,0xff,0x2e,0x0c,0x26,0xff,0x22,0x0d,0x1e,0xff,0x0f,0x07,0x10,0xff,0x10,0x07,0x12,0xff,0x00,0x00,0x00,0x00,0x00,0x00,0x00,0x00,0x00,0x00,0x00,0x00,
    0x00,0x00,0x00,0x00,0x00,0x00,0x00,0x00,0x00,0x00,0x00,0x00,0x00,0x00,0x00,0x00,0x00,0x00,0x00,0x00,0x00,0x00,0x00,0x00,0x00,0x00,0x00,0x00,0x00,0x00,0x00,0x00,
    0x00,0x00,0x00,0x00,0x00,0x00,0x00,0x00,0x00,0x00,0x00,0x00,0x00,0x00,0x00,0x00,0x00,0x00,0x00,0x00,0x00,0x00,0x00,0x00,0x00,0x00,0x00,0x00,0x00,0x00,0x00,0x00,
    0x00,0x00,0x00,0x00,0x00,0x00,0x00,0x00,0x00,0x00,0x00,0x00,0x00,0x00,0x00,0x00,0x00,0x00,0x00,0x00,0x00,0x00,0x00,0x00,0x00,0x00,0x00,0x00,0x00,0x00,0x00,0x00,
    0x00,0x00,0x00,0x00,0x00,0x00,0x00,0x00,0x00,0x00,0x00,0x00,0x00,0x00,0x00,0x00,0x00,0x00,0x00,0x00,0x00,0x00,0x00,0x00,0x00,0x00,0x00,0x00,0x00,0x00,0x00,0x00,
    0x00,0x00,0x00,0x00,0x00,0x00,0x00,0x00,0x00,0x00,0x00,0x00,0x00,0x00,0x00,0x00,0x00,0x00,0x00,0x00,0x00,0x00,0x00,0x00,0x00,0x00,0x00,0x00,0x00,0x00,0x00,0x00,
    0x00,0x00,0x00,0x00,0x00,0x00,0x00,0x00,0x00,0x00,0x00,0x00,0x00,0x00,0x00,0x00,0x00,0x00,0x00,0x00,0x00,0x00,0x00,0x00,0x00,0x00,0x00,0x00,0x00,0x00,0x00,0x00,
    0x00,0x00,0x00,0x00,0x00,0x00,0x00,0x00,0x00,0x00,0x00,0x00,0x00,0x00,0x00,0x00,0x00,0x00,0x00,0x00,0x00,0x00,0x00,0x00,0x00,0x00,0x00,0x00,0x6d,0x6d,0x72,0x69,
    0x0b,0x0c,0x16,0xff,0x21,0x21,0x2b,0xff,0x70,0x6e,0x78,0xff,0x6d,0x6d,0x78,0xff,0x12,0x12,0x23,0xff,0x12,0x13,0x22,0xff,0x00,0x00,0x00,0x00,0x00,0x00,0x00,0x00,
    0x00,0x00,0x00,0x00,0x00,0x00,0x00,0x00,0x00,0x00,0x00,0x00,0x00,0x00,0x00,0x00,0x00,0x00,0x00,0x00,0x00,0x00,0x00,0x00,0x00,0x00,0x00,0x00,0x00,0x00,0x00,0x00,
    0x00,0x00,0x00,0x00,0x00,0x00,0x00,0x00,0x00,0x00,0x00,0x00,0x00,0x00,0x00,0x00,0x00,0x00,0x00,0x00,0x00,0x00,0x00,0x00,0x03,0x06,0x06,0xdd,0x0c,0x04,0x0e,0xff,
    0x10,0x08,0x13,0xff,0x0a,0x09,0x0f,0xff,0x11,0x0b,0x17,0xff,0x21,0x22,0x37,0xff,0x17,0x1e,0x31,0xff,0x9d,0x98,0xa3,0xff,0xcd,0xbd,0xc1,0xff,0xc8,0xc1,0xc2,0xff,
    0xc7,0xc3,0xc6,0xff,0xc9,0xc2,0xc4,0xff,0x99,0x8f,0x92,0xff,0x97,0x91,0x97,0xff,0x8f,0x87,0x94,0xff,0x1c,0x24,0x3b,0xff,0x16,0x22,0x3e,0xff,0x3a,0x45,0x68,0xff,
    0x3a,0x47,0x6b,0xff,0x38,0x45,0x68,0xff,0x2a,0x35,0x57,0xff,0x2b,0x34,0x53,0xff,0x20,0x27,0x44,0xff,0x1f,0x26,0x41,0xff,0x21,0x23,0x3c,0xff,0x15,0x15,0x2d,0xff,
    0x17,0x15,0x29,0xff,0x10,0x08,0x13,0xff,0x0c,0x05,0x0c,0xff,0x4f,0x2f,0x55,0xff,0x72,0x2e,0x76,0xff,0x6d,0x32,0x71,0xff,0x73,0x30,0x73,0xff,0x71,0x31,0x72,0xff,
    0x6c,0x2f,0x6f,0xff,0x62,0x27,0x63,0xff,0x62,0x2a,0x61,0xff,0x4c,0x1a,0x4a,0xff,0x4b,0x1a,0x48,0xff,0x4c,0x1c,0x46,0xff,0x3e,0x11,0x37,0xff,0x3d,0x11,0x35,0xff,
    0x30,0x0e,0x27,0xff,0x2e,0x0c,0x25,0xff,0x22,0x0d,0x1e,0xff,0x0f,0x07,0x10,0xff,0x10,0x07,0x12,0xff,0x00,0x00,0x00,0x00,0x00,0x00,0x00,0x00,0x00,0x00,0x00,0x00,
    0x00,0x00,0x00,0x00,0x00,0x00,0x00,0x00,0x00,0x00,0x00,0x00,0x00,0x00,0x00,0x00,0x00,0x00,0x00,0x00,0x00,0x00,0x00,0x00,0x00,0x00,0x00,0x00,0x00,0x00,0x00,0x00,
    0x00,0x00,0x00,0x00,0x00,0x00,0x00,0x00,0x00,0x00,0x00,0x00,0x00,0x00,0x00,0x00,0x00,0x00,0x00,0x00,0x00,0x00,0x00,0x00,0x00,0x00,0x00,0x00,0x00,0x00,0x00,0x00,
    0x00,0x00,0x00,0x00,0x00,0x00,0x00,0x00,0x00,0x00,0x00,0x00,0x00,0x00,0x00,0x00,0x00,0x00,0x00,0x00,0x00,0x00,0x00,0x00,0x00,0x00,0x00,0x00,0x00,0x00,0x00,0x00,
    0x00,0x00,0x00,0x00,0x00,0x00,0x00,0x00,0x00,0x00,0x00,0x00,0x00,0x00,0x00,0x00,0x00,0x00,0x00,0x00,0x00,0x00,0x00,0x00,0x00,0x00,0x00,0x00,0x00,0x00,0x00,0x00,
    0x00,0x00,0x00,0x00,0x00,0x00,0x00,0x00,0x00,0x00,0x00,0x00,0x00,0x00,0x00,0x00,0x00,0x00,0x00,0x00,0x00,0x00,0x00,0x00,0x00,0x00,0x00,0x00,0x00,0x00,0x00,0x00,
    0x00,0x00,0x00,0x00,0x00,0x00,0x00,0x00,0x00,0x00,0x00,0x00,0x00,0x00,0x00,0x00,0x00,0x00,0x00,0x00,0x00,0x00,0x00,0x00,0x00,0x00,0x00,0x00,0x00,0x00,0x00,0x00,
    0x00,0x00,0x00,0x00,0x00,0x00,0x00,0x00,0x00,0x00,0x00,0x00,0x00,0x00,0x00,0x00,0x00,0x00,0x00,0x00,0x00,0x00,0x00,0x00,0x00,0x00,0x00,0x00,0x6b,0x6e,0x72,0x6b,
    0x0a,0x0b,0x16,0xff,0x1c,0x1f,0x2d,0xff,0x6a,0x6e,0x7d,0xff,0x65,0x67,0x79,0xff,0x11,0x11,0x23,0xff,0x14,0x13,0x22,0xff,0x00,0x00,0x00,0x00,0x00,0x00,0x00,0x00,
    0x00,0x00,0x00,0x00,0x00,0x00,0x00,0x00,0x00,0x00,0x00,0x00,0x00,0x00,0x00,0x00,0x00,0x00,0x00,0x00,0x00,0x00,0x00,0x00,0x00,0x00,0x00,0x00,0x00,0x00,0x00,0x00,
    0x00,0x00,0x00,0x00,0x00,0x00,0x00,0x00,0x00,0x00,0x00,0x00,0x00,0x00,0x00,0x00,0x00,0x00,0x00,0x00,0x00,0x00,0x00,0x00,0x05,0x06,0x07,0xdc,0x0b,0x07,0x0d,0xff,
    0x10,0x07,0x11,0xff,0x13,0x07,0x13,0xff,0x0b,0x07,0x13,0xff,0x19,0x1e,0x31,0xff,0x18,0x1e,0x30,0xff,0x99,0x98,0xa1,0xff,0xc5,0xc0,0xc5,0xff,0xcb,0xc4,0xc6,0xff,
    0xcd,0xc2,0xc3,0xff,0xc9,0xbf,0xbf,0xff,0x9b,0x93,0x96,0xff,0x9c,0x95,0x9b,0xff,0x87,0x86,0x93,0xff,0x18,0x24,0x39,0xff,0x14,0x23,0x39,0xff,0x3b,0x4d,0x6a,0xff,
    0x37,0x49,0x6a,0xff,0x38,0x49,0x66,0xff,0x26,0x37,0x53,0xff,0x27,0x35,0x4f,0xff,0x1b,0x27,0x40,0xff,0x19,0x26,0x3d,0xff,0x1c,0x23,0x36,0xff,0x12,0x16,0x29,0xff,
    0x11,0x17,0x26,0xff,0x06,0x09,0x11,0xff,0x13,0x09,0x15,0xff,0x55,0x35,0x58,0xff,0x73,0x32,0x74,0xff,0x69,0x33,0x6d,0xff,0x71,0x34,0x71,0xff,0x6f,0x35,0x6d,0xff,
    0x69,0x2f,0x69,0xff,0x63,0x29,0x63,0xff,0x64,0x2a,0x61,0xff,0x4c,0x18,0x47,0xff,0x4c,0x1b,0x47,0xff,0x48,0x1b,0x44,0xff,0x3d,0x11,0x36,0xff,0x3f,0x14,0x37,0xff,
    0x2f,0x0e,0x27,0xff,0x2e,0x0c,0x25,0xff,0x22,0x0d,0x1d,0xff,0x0f,0x07,0x10,0xff,0x11,0x08,0x13,0xff,0x00,0x00,0x00,0x00,0x00,0x00,0x00,0x00,0x00,0x00,0x00,0x00,
    0x00,0x00,0x00,0x00,0x00,0x00,0x00,0x00,0x00,0x00,0x00,0x00,0x00,0x00,0x00,0x00,0x00,0x00,0x00,0x00,0x00,0x00,0x00,0x00,0x00,0x00,0x00,0x00,0x00,0x00,0x00,0x00,
    0x00,0x00,0x00,0x00,0x00,0x00,0x00,0x00,0x00,0x00,0x00,0x00,0x00,0x00,0x00,0x00,0x00,0x00,0x00,0x00,0x00,0x00,0x00,0x00,0x00,0x00,0x00,0x00,0x00,0x00,0x00,0x00,
    0x00,0x00,0x00,0x00,0x00,0x00,0x00,0x00,0x00,0x00,0x00,0x00,0x00,0x00,0x00,0x00,0x00,0x00,0x00,0x00,0x00,0x00,0x00,0x00,0x00,0x00,0x00,0x00,0x00,0x00,0x00,0x00,
    0x00,0x00,0x00,0x00,0x00,0x00,0x00,0x00,0x00,0x00,0x00,0x00,0x00,0x00,0x00,0x00,0x00,0x00,0x00,0x00,0x00,0x00,0x00,0x00,0x00,0x00,0x00,0x00,0x00,0x00,0x00,0x00,
    0x00,0x00,0x00,0x00,0x00,0x00,0x00,0x00,0x00,0x00,0x00,0x00,0x00,0x00,0x00,0x00,0x00,0x00,0x00,0x00,0x00,0x00,0x00,0x00,0x00,0x00,0x00,0x00,0x00,0x00,0x00,0x00,
    0x00,0x00,0x00,0x00,0x00,0x00,0x00,0x00,0x00,0x00,0x00,0x00,0x00,0x00,0x00,0x00,0x00,0x00,0x00,0x00,0x00,0x00,0x00,0x00,0x00,0x00,0x00,0x00,0x00,0x00,0x00,0x00,
    0x00,0x00,0x00,0x00,0x00,0x00,0x00,0x00,0x00,0x00,0x00,0x00,0x00,0x00,0x00,0x00,0x00,0x00,0x00,0x00,0x00,0x00,0x00,0x00,0x00,0x00,0x00,0x00,0x6b,0x6d,0x70,0x69,
    0x08,0x0b,0x17,0xff,0x14,0x1a,0x2e,0xff,0x50,0x5d,0x75,0xff,0x4d,0x5a,0x73,0xff,0x0d,0x14,0x27,0xff,0x11,0x14,0x23,0xff,0x00,0x00,0x00,0x00,0x00,0x00,0x00,0x00,
    0x00,0x00,0x00,0x00,0x00,0x00,0x00,0x00,0x00,0x00,0x00,0x00,0x00,0x00,0x00,0x00,0x00,0x00,0x00,0x00,0x00,0x00,0x00,0x00,0x00,0x00,0x00,0x00,0x00,0x00,0x00,0x00,
    0x00,0x00,0x00,0x00,0x00,0x00,0x00,0x00,0x00,0x00,0x00,0x00,0x00,0x00,0x00,0x00,0x00,0x00,0x00,0x00,0x00,0x00,0x00,0x00,0x0b,0x06,0x09,0xde,0x0f,0x07,0x0e,0xff,
    0x16,0x06,0x11,0xff,0x2b,0x10,0x27,0xff,0x32,0x11,0x28,0xff,0x2f,0x0f,0x2a,0xff,0x2b,0x0f,0x28,0xff,0x1d,0x0d,0x1a,0xff,0x12,0x0e,0x17,0xff,0x0a,0x09,0x17,0xff,
    0x0b,0x09,0x15,0xff,0x08,0x09,0x16,0xff,0x0a,0x0d,0x1b,0xff,0x0e,0x0d,0x1a,0xff,0x11,0x09,0x14,0xff,0x17,0x08,0x18,0xff,0x23,0x0d,0x1f,0xff,0x25,0x0b,0x22,0xff,
    0x26,0x0c,0x25,0xff,0x25,0x0a,0x22,0xff,0x23,0x0a,0x1e,0xff,0x24,0x0a,0x1e,0xff,0x26,0x0b,0x21,0xff,0x20,0x0b,0x23,0xff,0x24,0x0b,0x20,0xff,0x26,0x0c,0x20,0xff,
    0x23,0x0d,0x1d,0xff,0x18,0x06,0x0f,0xff,0x08,0x08,0x08,0xff,0x18,0x06,0x15,0xff,0x34,0x0b,0x2b,0xff,0x2d,0x0c,0x27,0xff,0x30,0x09,0x29,0xff,0x2d,0x0a,0x29,0xff,
    0x3c,0x0f,0x39,0xff,0x4a,0x1a,0x48,0xff,0x48,0x17,0x47,0xff,0x48,0x17,0x42,0xff,0x3d,0x0f,0x39,0xff,0x3e,0x11,0x38,0xff,0x3c,0x11,0x36,0xff,0x3d,0x13,0x36,0xff,
    0x31,0x10,0x29,0xff,0x30,0x0e,0x27,0xff,0x23,0x0e,0x1e,0xff,0x0f,0x07,0x0f,0xff,0x11,0x08,0x13,0xff,0x00,0x00,0x00,0x00,0x00,0x00,0x00,0x00,0x00,0x00,0x00,0x00,
    0x00,0x00,0x00,0x00,0x00,0x00,0x00,0x00,0x00,0x00,0x00,0x00,0x00,0x00,0x00,0x00,0x00,0x00,0x00,0x00,0x00,0x00,0x00,0x00,0x00,0x00,0x00,0x00,0x00,0x00,0x00,0x00,
    0x00,0x00,0x00,0x00,0x00,0x00,0x00,0x00,0x00,0x00,0x00,0x00,0x00,0x00,0x00,0x00,0x00,0x00,0x00,0x00,0x00,0x00,0x00,0x00,0x00,0x00,0x00,0x00,0x00,0x00,0x00,0x00,
    0x00,0x00,0x00,0x00,0x00,0x00,0x00,0x00,0x00,0x00,0x00,0x00,0x00,0x00,0x00,0x00,0x00,0x00,0x00,0x00,0x00,0x00,0x00,0x00,0x00,0x00,0x00,0x00,0x00,0x00,0x00,0x00,
    0x00,0x00,0x00,0x00,0x00,0x00,0x00,0x00,0x00,0x00,0x00,0x00,0x00,0x00,0x00,0x00,0x00,0x00,0x00,0x00,0x00,0x00,0x00,0x00,0x00,0x00,0x00,0x00,0x00,0x00,0x00,0x00,
    0x00,0x00,0x00,0x00,0x00,0x00,0x00,0x00,0x00,0x00,0x00,0x00,0x00,0x00,0x00,0x00,0x00,0x00,0x00,0x00,0x00,0x00,0x00,0x00,0x00,0x00,0x00,0x00,0x00,0x00,0x00,0x00,
    0x00,0x00,0x00,0x00,0x00,0x00,0x00,0x00,0x00,0x00,0x00,0x00,0x00,0x00,0x00,0x00,0x00,0x00,0x00,0x00,0x00,0x00,0x00,0x00,0x00,0x00,0x00,0x00,0x00,0x00,0x00,0x00,
    0x00,0x00,0x00,0x00,0x00,0x00,0x00,0x00,0x00,0x00,0x00,0x00,0x00,0x00,0x00,0x00,0x00,0x00,0x00,0x00,0x00,0x00,0x00,0x00,0x00,0x00,0x00,0x00,0x74,0x74,0x7b,0x6c,
    0x07,0x09,0x15,0xff,0x12,0x1a,0x32,0xff,0x48,0x5c,0x7f,0xff,0x49,0x5c,0x77,0xff,0x15,0x19,0x2b,0xff,0x11,0x16,0x28,0xff,0x00,0x00,0x00,0x00,0x00,0x00,0x00,0x00,
    0x00,0x00,0x00,0x00,0x00,0x00,0x00,0x00,0x00,0x00,0x00,0x00,0x00,0x00,0x00,0x00,0x00,0x00,0x00,0x00,0x00,0x00,0x00,0x00,0x00,0x00,0x00,0x00,0x00,0x00,0x00,0x00,
    0x00,0x00,0x00,0x00,0x00,0x00,0x00,0x00,0x00,0x00,0x00,0x00,0x00,0x00,0x00,0x00,0x00,0x00,0x00,0x00,0x00,0x00,0x00,0x00,0x0c,0x08,0x0d,0xdd,0x0e,0x06,0x11,0xff,
    0x13,0x05,0x10,0xff,0x2d,0x0d,0x25,0xff,0x2d,0x0d,0x26,0xff,0x33,0x0d,0x29,0xff,0x2e,0x0e,0x29,0xff,0x18,0x0b,0x1b,0xff,0x0b,0x0a,0x16,0xff,0x0a,0x0b,0x14,0xff,
    0x0b,0x0b,0x17,0xff,0x0b,0x0c,0x16,0xff,0x0b,0x0d,0x16,0xff,0x0c,0x0b,0x17,0xff,0x12,0x09,0x16,0xff,0x1a,0x0a,0x18,0xff,0x23,0x0c,0x1b,0xff,0x29,0x0e,0x22,0xff,
    0x29,0x0c,0x23,0xff,0x26,0x0a,0x1f,0xff,0x25,0x0b,0x1d,0xff,0x26,0x0c,0x1e,0xff,0x26,0x0b,0x1f,0xff,0x27,0x0b,0x1e,0xff,0x27,0x0c,0x20,0xff,0x27,0x0c,0x20,0xff,
    0x26,0x0f,0x1e,0xff,0x15,0x08,0x14,0xff,0x0b,0x08,0x0a,0xff,0x15,0x04,0x11,0xff,0x2a,0x0f,0x23,0xff,0x2c,0x0f,0x26,0xff,0x2f,0x0e,0x27,0xff,0x29,0x0a,0x28,0xff,
    0x40,0x0e,0x3a,0xff,0x4f,0x1a,0x42,0xff,0x49,0x1a,0x41,0xff,0x47,0x18,0x40,0xff,0x3c,0x0f,0x36,0xff,0x3e,0x12,0x37,0xff,0x3d,0x11,0x36,0xff,0x3c,0x10,0x35,0xff,
    0x33,0x0e,0x29,0xff,0x2f,0x0d,0x28,0xff,0x23,0x0c,0x1e,0xff,0x0f,0x07,0x10,0xff,0x0f,0x09,0x11,0xff,0x00,0x00,0x00,0x00,0x00,0x00,0x00,0x00,0x00,0x00,0x00,0x00,
    0x00,0x00,0x00,0x00,0x00,0x00,0x00,0x00,0x00,0x00,0x00,0x00,0x00,0x00,0x00,0x00,0x00,0x00,0x00,0x00,0x00,0x00,0x00,0x00,0x00,0x00,0x00,0x00,0x00,0x00,0x00,0x00,
    0x00,0x00,0x00,0x00,0x00,0x00,0x00,0x00,0x00,0x00,0x00,0x00,0x00,0x00,0x00,0x00,0x00,0x00,0x00,0x00,0x00,0x00,0x00,0x00,0x00,0x00,0x00,0x00,0x00,0x00,0x00,0x00,
    0x00,0x00,0x00,0x00,0x00,0x00,0x00,0x00,0x00,0x00,0x00,0x00,0x00,0x00,0x00,0x00,0x00,0x00,0x00,0x00,0x00,0x00,0x00,0x00,0x00,0x00,0x00,0x00,0x00,0x00,0x00,0x00,
    0x00,0x00,0x00,0x00,0x00,0x00,0x00,0x00,0x00,0x00,0x00,0x00,0x00,0x00,0x00,0x00,0x00,0x00,0x00,0x00,0x00,0x00,0x00,0x00,0x00,0x00,0x00,0x00,0x00,0x00,0x00,0x00,
    0x00,0x00,0x00,0x00,0x00,0x00,0x00,0x00,0x00,0x00,0x00,0x00,0x00,0x00,0x00,0x00,0x00,0x00,0x00,0x00,0x00,0x00,0x00,0x00,0x00,0x00,0x00,0x00,0x00,0x00,0x00,0x00,
    0x00,0x00,0x00,0x00,0x00,0x00,0x00,0x00,0x00,0x00,0x00,0x00,0x00,0x00,0x00,0x00,0x00,0x00,0x00,0x00,0x00,0x00,0x00,0x00,0x00,0x00,0x00,0x00,0x00,0x00,0x00,0x00,
    0x00,0x00,0x00,0x00,0x00,0x00,0x00,0x00,0x00,0x00,0x00,0x00,0x00,0x00,0x00,0x00,0x00,0x00,0x00,0x00,0x00,0x00,0x00,0x00,0x00,0x00,0x00,0x00,0x73,0x70,0x7c,0x6d,
    0x0c,0x0c,0x19,0xff,0x1b,0x21,0x36,0xff,0x47,0x55,0x75,0xff,0x41,0x4f,0x69,0xff,0x0f,0x14,0x28,0xff,0x16,0x1d,0x31,0xff,0x00,0x00,0x00,0x00,0x00,0x00,0x00,0x00,
    0x00,0x00,0x00,0x00,0x00,0x00,0x00,0x00,0x00,0x00,0x00,0x00,0x00,0x00,0x00,0x00,0x00,0x00,0x00,0x00,0x00,0x00,0x00,0x00,0x00,0x00,0x00,0x00,0x00,0x00,0x00,0x00,
    0x00,0x00,0x00,0x00,0x00,0x00,0x00,0x00,0x00,0x00,0x00,0x00,0x00,0x00,0x00,0x00,0x00,0x00,0x00,0x00,0x00,0x00,0x00,0x00,0x09,0x06,0x0a,0xe3,0x0d,0x05,0x0f,0xff,
    0x13,0x05,0x10,0xff,0x2e,0x0e,0x27,0xff,0x2d,0x0c,0x27,0xff,0x36,0x0d,0x2d,0xff,0x39,0x10,0x32,0xff,0x1e,0x08,0x1e,0xff,0x14,0x07,0x17,0xff,0x12,0x08,0x19,0xff,
    0x17,0x09,0x20,0xff,0x17,0x08,0x1f,0xff,0x15,0x07,0x1c,0xff,0x16,0x08,0x1f,0xff,0x1f,0x07,0x20,0xff,0x23,0x06,0x1e,0xff,0x25,0x06,0x1d,0xff,0x29,0x0a,0x23,0xff,
    0x2b,0x0a,0x25,0xff,0x2d,0x0b,0x26,0xff,0x28,0x08,0x20,0xff,0x29,0x0d,0x21,0xff,0x29,0x0c,0x23,0xff,0x2c,0x0b,0x20,0xff,0x28,0x0b,0x1f,0xff,0x26,0x0a,0x1e,0xff,
    0x22,0x0c,0x1e,0xff,0x16,0x0b,0x17,0xff,0x0f,0x07,0x11,0xff,0x02,0x01,0x0f,0xff,0x15,0x12,0x28,0xff,0x1c,0x18,0x2e,0xff,0x12,0x0a,0x21,0xff,0x12,0x0d,0x27,0xff,
    0x30,0x19,0x39,0xff,0x40,0x1b,0x3d,0xff,0x41,0x1c,0x46,0xff,0x44,0x18,0x3e,0xff,0x3f,0x15,0x38,0xff,0x3e,0x14,0x38,0xff,0x3d,0x11,0x36,0xff,0x3e,0x0f,0x35,0xff,
    0x32,0x0d,0x29,0xff,0x2f,0x0d,0x28,0xff,0x23,0x0d,0x1f,0xff,0x0f,0x07,0x10,0xff,0x0f,0x09,0x11,0xff,0x00,0x00,0x00,0x00,0x00,0x00,0x00,0x00,0x00,0x00,0x00,0x00,
    0x00,0x00,0x00,0x00,0x00,0x00,0x00,0x00,0x00,0x00,0x00,0x00,0x00,0x00,0x00,0x00,0x00,0x00,0x00,0x00,0x00,0x00,0x00,0x00,0x00,0x00,0x00,0x00,0x00,0x00,0x00,0x00,
    0x00,0x00,0x00,0x00,0x00,0x00,0x00,0x00,0x00,0x00,0x00,0x00,0x00,0x00,0x00,0x00,0x00,0x00,0x00,0x00,0x00,0x00,0x00,0x00,0x00,0x00,0x00,0x00,0x00,0x00,0x00,0x00,
    0x00,0x00,0x00,0x00,0x00,0x00,0x00,0x00,0x00,0x00,0x00,0x00,0x00,0x00,0x00,0x00,0x00,0x00,0x00,0x00,0x00,0x00,0x00,0x00,0x00,0x00,0x00,0x00,0x00,0x00,0x00,0x00,
    0x00,0x00,0x00,0x00,0x00,0x00,0x00,0x00,0x00,0x00,0x00,0x00,0x00,0x00,0x00,0x00,0x00,0x00,0x00,0x00,0x00,0x00,0x00,0x00,0x00,0x00,0x00,0x00,0x00,0x00,0x00,0x00,
    0x00,0x00,0x00,0x00,0x00,0x00,0x00,0x00,0x00,0x00,0x00,0x00,0x00,0x00,0x00,0x00,0x00,0x00,0x00,0x00,0x00,0x00,0x00,0x00,0x00,0x00,0x00,0x00,0x00,0x00,0x00,0x00,
    0x00,0x00,0x00,0x00,0x00,0x00,0x00,0x00,0x00,0x00,0x00,0x00,0x00,0x00,0x00,0x00,0x00,0x00,0x00,0x00,0x00,0x00,0x00,0x00,0x00,0x00,0x00,0x00,0x00,0x00,0x00,0x00,
    0x00,0x00,0x00,0x00,0x00,0x00,0x00,0x00,0x00,0x00,0x00,0x00,0x00,0x00,0x00,0x00,0x00,0x00,0x00,0x00,0x00,0x00,0x00,0x00,0x00,0x00,0x00,0x00,0x00,0x00,0x00,0x00,
    0xff,0xff,0xff,0x01,0x3c,0x41,0x46,0x33,0x06,0x0e,0x1d,0xff,0x0a,0x12,0x25,0xff,0x23,0x2c,0x47,0xff,0x22,0x2b,0x47,0xff,0x0e,0x12,0x1f,0xfe,0x0f,0x0f,0x16,0xfe,
    0x1d,0x1d,0x25,0x9e,0x00,0x00,0x00,0x00,0x00,0x00,0x00,0x00,0x00,0x00,0x00,0x00,0x00,0x00,0x00,0x00,0x00,0x00,0x00,0x00,0x00,0x00,0x00,0x00,0x00,0x00,0x00,0x00,
    0x00,0x00,0x00,0x00,0x00,0x00,0x00,0x00,0x00,0x00,0x00,0x00,0x00,0x00,0x00,0x00,0x00,0x00,0x00,0x00,0x00,0x00,0x00,0x00,0x09,0x07,0x08,0xe1,0x0d,0x05,0x0f,0xff,
    0x12,0x04,0x10,0xff,0x2e,0x0d,0x28,0xff,0x33,0x0f,0x2d,0xff,0x4e,0x20,0x48,0xff,0x4e,0x19,0x47,0xff,0x32,0x0b,0x2d,0xff,0x29,0x0c,0x23,0xff,0x39,0x0e,0x33,0xff,
    0x4b,0x19,0x49,0xff,0x4d,0x17,0x4a,0xff,0x4e,0x1a,0x49,0xff,0x4c,0x1b,0x49,0xff,0x4c,0x18,0x47,0xff,0x46,0x13,0x3f,0xff,0x43,0x13,0x3c,0xff,0x43,0x13,0x3d,0xff,
    0x43,0x13,0x3b,0xff,0x3e,0x13,0x37,0xff,0x34,0x0d,0x2c,0xff,0x33,0x0f,0x29,0xff,0x2f,0x0c,0x26,0xff,0x2b,0x0d,0x24,0xff,0x2a,0x0e,0x22,0xff,0x28,0x09,0x1e,0xff,
    0x28,0x0a,0x1d,0xff,0x21,0x0b,0x1b,0xff,0x0e,0x0a,0x13,0xff,0x11,0x24,0x36,0xff,0xa1,0xc3,0xe1,0xff,0x9b,0xc2,0xe8,0xff,0x76,0x9c,0xc6,0xff,0x6d,0x9e,0xc6,0xff,
    0x6d,0x85,0x9c,0xff,0x03,0x0c,0x14,0xff,0x08,0x0e,0x13,0xff,0x4b,0x1a,0x47,0xff,0x52,0x1a,0x4d,0xff,0x50,0x1d,0x4a,0xff,0x3d,0x11,0x36,0xff,0x3e,0x15,0x35,0xff,
    0x32,0x0d,0x28,0xff,0x2f,0x0d,0x27,0xff,0x23,0x0c,0x1e,0xff,0x0f,0x06,0x0f,0xff,0x0e,0x08,0x10,0xff,0x00,0x00,0x00,0x00,0x00,0x00,0x00,0x00,0x00,0x00,0x00,0x00,
    0x00,0x00,0x00,0x00,0x00,0x00,0x00,0x00,0x00,0x00,0x00,0x00,0x00,0x00,0x00,0x00,0x00,0x00,0x00,0x00,0x00,0x00,0x00,0x00,0x00,0x00,0x00,0x00,0x00,0x00,0x00,0x00,
    0x00,0x00,0x00,0x00,0x00,0x00,0x00,0x00,0x00,0x00,0x00,0x00,0x00,0x00,0x00,0x00,0x00,0x00,0x00,0x00,0x00,0x00,0x00,0x00,0x00,0x00,0x00,0x00,0x00,0x00,0x00,0x00,
    0x00,0x00,0x00,0x00,0x00,0x00,0x00,0x00,0x00,0x00,0x00,0x00,0x00,0x00,0x00,0x00,0x00,0x00,0x00,0x00,0x00,0x00,0x00,0x00,0x00,0x00,0x00,0x00,0x00,0x00,0x00,0x00,
    0x00,0x00,0x00,0x00,0x00,0x00,0x00,0x00,0x00,0x00,0x00,0x00,0x00,0x00,0x00,0x00,0x00,0x00,0x00,0x00,0x00,0x00,0x00,0x00,0x00,0x00,0x00,0x00,0x00,0x00,0x00,0x00,
    0x00,0x00,0x00,0x00,0x00,0x00,0x00,0x00,0x00,0x00,0x00,0x00,0x00,0x00,0x00,0x00,0x00,0x00,0x00,0x00,0x00,0x00,0x00,0x00,0x00,0x00,0x00,0x00,0x00,0x00,0x00,0x00,
    0x00,0x00,0x00,0x00,0x00,0x00,0x00,0x00,0x00,0x00,0x00,0x00,0x00,0x00,0x00,0x00,0x00,0x00,0x00,0x00,0x00,0x00,0x00,0x00,0x00,0x00,0x00,0x00,0x00,0x00,0x00,0x00,
    0x00,0x00,0x00,0x00,0x00,0x00,0x00,0x00,0x00,0x00,0x00,0x00,0x00,0x00,0x00,0x00,0x00,0x00,0x00,0x00,0x00,0x00,0x00,0x00,0x00,0x00,0x00,0x00,0x00,0x00,0x00,0x00,
    0x00,0x00,0x00,0x00,0x36,0x36,0x3b,0x34,0x0a,0x0c,0x17,0xff,0x0a,0x0e,0x1f,0xff,0x23,0x2e,0x4c,0xff,0x1f,0x2b,0x4a,0xff,0x06,0x09,0x19,0xff,0x0d,0x0d,0x19,0xff,
    0x1f,0x1f,0x29,0x9d,0x00,0x00,0x00,0x00,0x00,0x00,0x00,0x00,0x00,0x00,0x00,0x00,0x00,0x00,0x00,0x00,0x00,0x00,0x00,0x00,0x00,0x00,0x00,0x00,0x00,0x00,0x00,0x00,
    0x00,0x00,0x00,0x00,0x00,0x00,0x00,0x00,0x00,0x00,0x00,0x00,0x00,0x00,0x00,0x00,0x00,0x00,0x00,0x00,0x00,0x00,0x00,0x00,0x09,0x07,0x08,0xe0,0x0d,0x05,0x0f,0xff,
    0x13,0x05,0x11,0xff,0x2f,0x0e,0x29,0xff,0x34,0x0f,0x2f,0xff,0x4b,0x1a,0x46,0xff,0x4f,0x16,0x4b,0xff,0x3b,0x0f,0x35,0xff,0x30,0x0d,0x28,0xff,0x31,0x0f,0x2b,0xff,
    0x46,0x19,0x45,0xff,0x4a,0x18,0x48,0xff,0x4b,0x1d,0x47,0xff,0x49,0x1c,0x46,0xff,0x4f,0x1a,0x46,0xff,0x44,0x14,0x3e,0xff,0x42,0x14,0x3b,0xff,0x42,0x12,0x3c,0xff,
    0x44,0x14,0x3e,0xff,0x43,0x14,0x3a,0xff,0x37,0x0e,0x2d,0xff,0x33,0x0f,0x29,0xff,0x2f,0x0c,0x26,0xff,0x2b,0x0c,0x25,0xff,0x29,0x0e,0x23,0xff,0x26,0x0e,0x20,0xff,
    0x1b,0x0b,0x1c,0xff,0x0e,0x0a,0x1a,0xff,0x0f,0x07,0x12,0xff,0x13,0x22,0x35,0xff,0xa7,0xcb,0xe3,0xff,0x97,0xc7,0xe3,0xff,0x64,0x9a,0xb9,0xff,0x6b,0x9d,0xc7,0xff,
    0x72,0x86,0xa5,0xff,0x08,0x0a,0x1c,0xff,0x0f,0x0d,0x17,0xff,0x40,0x1e,0x41,0xff,0x4a,0x21,0x47,0xff,0x48,0x1f,0x45,0xff,0x3a,0x0e,0x35,0xff,0x3d,0x11,0x36,0xff,
    0x32,0x0d,0x29,0xff,0x2f,0x0d,0x28,0xff,0x23,0x0d,0x1f,0xff,0x0f,0x06,0x0f,0xff,0x0e,0x09,0x10,0xff,0x00,0x00,0x00,0x00,0x00,0x00,0x00,0x00,0x00,0x00,0x00,0x00,
    0x00,0x00,0x00,0x00,0x00,0x00,0x00,0x00,0x00,0x00,0x00,0x00,0x00,0x00,0x00,0x00,0x00,0x00,0x00,0x00,0x00,0x00,0x00,0x00,0x00,0x00,0x00,0x00,0x00,0x00,0x00,0x00,
    0x00,0x00,0x00,0x00,0x00,0x00,0x00,0x00,0x00,0x00,0x00,0x00,0x00,0x00,0x00,0x00,0x00,0x00,0x00,0x00,0x00,0x00,0x00,0x00,0x00,0x00,0x00,0x00,0x00,0x00,0x00,0x00,
    0x00,0x00,0x00,0x00,0x00,0x00,0x00,0x00,0x00,0x00,0x00,0x00,0x00,0x00,0x00,0x00,0x00,0x00,0x00,0x00,0x00,0x00,0x00,0x00,0x00,0x00,0x00,0x00,0x00,0x00,0x00,0x00,
    0x00,0x00,0x00,0x00,0x00,0x00,0x00,0x00,0x00,0x00,0x00,0x00,0x00,0x00,0x00,0x00,0x00,0x00,0x00,0x00,0x00,0x00,0x00,0x00,0x00,0x00,0x00,0x00,0x00,0x00,0x00,0x00,
    0x00,0x00,0x00,0x00,0x00,0x00,0x00,0x00,0x00,0x00,0x00,0x00,0x00,0x00,0x00,0x00,0x00,0x00,0x00,0x00,0x00,0x00,0x00,0x00,0x00,0x00,0x00,0x00,0x00,0x00,0x00,0x00,
    0x00,0x00,0x00,0x00,0x00,0x00,0x00,0x00,0x00,0x00,0x00,0x00,0x00,0x00,0x00,0x00,0x00,0x00,0x00,0x00,0x00,0x00,0x00,0x00,0x00,0x00,0x00,0x00,0x00,0x00,0x00,0x00,
    0x00,0x00,0x00,0x00,0x00,0x00,0x00,0x00,0x00,0x00,0x00,0x00,0x00,0x00,0x00,0x00,0x00,0x00,0x00,0x00,0x00,0x00,0x00,0x00,0x00,0x00,0x00,0x00,0x00,0x00,0x00,0x00,
    0x00,0x00,0x00,0x00,0x3a,0x3a,0x3f,0x35,0x0a,0x0a,0x17,0xff,0x0a,0x0d,0x1c,0xff,0x2a,0x39,0x59,0xff,0x2b,0x3a,0x59,0xff,0x09,0x0b,0x1b,0xff,0x09,0x09,0x16,0xff,
    0x1b,0x19,0x23,0xa1,0x00,0x00,0x00,0x00,0x00,0x00,0x00,0x00,0x00,0x00,0x00,0x00,0x00,0x00,0x00,0x00,0x00,0x00,0x00,0x00,0x00,0x00,0x00,0x00,0x00,0x00,0x00,0x00,
    0x00,0x00,0x00,0x00,0x00,0x00,0x00,0x00,0x00,0x00,0x00,0x00,0x00,0x00,0x00,0x00,0x00,0x00,0x00,0x00,0x00,0x00,0x00,0x00,0x0c,0x07,0x09,0xd9,0x11,0x09,0x10,0xff,
    0x14,0x03,0x11,0xff,0x35,0x11,0x2f,0xff,0x39,0x10,0x30,0xff,0x73,0x3c,0x73,0xff,0x73,0x38,0x74,0xff,0x3f,0x13,0x3c,0xff,0x2c,0x0c,0x24,0xff,0x3a,0x0f,0x35,0xff,
    0x71,0x34,0x71,0xff,0x72,0x32,0x74,0xff,0x51,0x1b,0x4a,0xff,0x4e,0x19,0x4a,0xff,0x4b,0x1a,0x42,0xff,0x3c,0x11,0x36,0xff,0x3b,0x11,0x34,0xff,0x4b,0x1c,0x46,0xff,
    0x50,0x1d,0x49,0xff,0x49,0x1a,0x42,0xff,0x3d,0x13,0x34,0xff,0x3b,0x14,0x34,0xff,0x30,0x0d,0x28,0xff,0x2f,0x0c,0x26,0xff,0x22,0x0c,0x20,0xff,0x0c,0x0a,0x14,0xff,
    0x0b,0x0d,0x1a,0xff,0xa2,0xc4,0xd8,0xff,0x98,0xc4,0xe3,0xff,0x9b,0xca,0xe6,0xff,0x9d,0xc6,0xe6,0xff,0xa0,0xc6,0xe6,0xff,0x98,0xc1,0xe2,0xff,0x9b,0xc4,0xe4,0xff,
    0x99,0xc2,0xe3,0xff,0x69,0x95,0xba,0xff,0x6b,0x99,0xbb,0xff,0x04,0x09,0x1b,0xff,0x09,0x0a,0x12,0xff,0x16,0x09,0x1b,0xff,0x4e,0x1b,0x4a,0xff,0x4d,0x1a,0x48,0xff,
    0x32,0x10,0x2c,0xff,0x2c,0x0c,0x26,0xff,0x22,0x0c,0x1e,0xff,0x10,0x06,0x0f,0xff,0x0f,0x09,0x11,0xff,0x00,0x00,0x00,0x00,0x00,0x00,0x00,0x00,0x00,0x00,0x00,0x00,
    0x00,0x00,0x00,0x00,0x00,0x00,0x00,0x00,0x00,0x00,0x00,0x00,0x00,0x00,0x00,0x00,0x00,0x00,0x00,0x00,0x00,0x00,0x00,0x00,0x00,0x00,0x00,0x00,0x00,0x00,0x00,0x00,
    0x00,0x00,0x00,0x00,0x00,0x00,0x00,0x00,0x00,0x00,0x00,0x00,0x00,0x00,0x00,0x00,0x00,0x00,0x00,0x00,0x00,0x00,0x00,0x00,0x00,0x00,0x00,0x00,0x00,0x00,0x00,0x00,
    0x00,0x00,0x00,0x00,0x00,0x00,0x00,0x00,0x00,0x00,0x00,0x00,0x00,0x00,0x00,0x00,0x00,0x00,0x00,0x00,0x00,0x00,0x00,0x00,0x00,0x00,0x00,0x00,0x00,0x00,0x00,0x00,
    0x00,0x00,0x00,0x00,0x00,0x00,0x00,0x00,0x00,0x00,0x00,0x00,0x00,0x00,0x00,0x00,0x00,0x00,0x00,0x00,0x00,0x00,0x00,0x00,0x00,0x00,0x00,0x00,0x00,0x00,0x00,0x00,
    0x00,0x00,0x00,0x00,0x00,0x00,0x00,0x00,0x00,0x00,0x00,0x00,0x00,0x00,0x00,0x00,0x00,0x00,0x00,0x00,0x00,0x00,0x00,0x00,0x00,0x00,0x00,0x00,0x00,0x00,0x00,0x00,
    0x00,0x00,0x00,0x00,0x00,0x00,0x00,0x00,0x00,0x00,0x00,0x00,0x00,0x00,0x00,0x00,0x00,0x00,0x00,0x00,0x00,0x00,0x00,0x00,0x00,0x00,0x00,0x00,0x00,0x00,0x00,0x00,
    0x00,0x00,0x00,0x00,0x00,0x00,0x00,0x00,0x00,0x00,0x00,0x00,0x00,0x00,0x00,0x00,0x00,0x00,0x00,0x00,0x00,0x00,0x00,0x00,0x00,0x00,0x00,0x00,0x00,0x00,0x00,0x00,
    0x00,0x00,0x00,0x00,0x39,0x3d,0x42,0x36,0x0a,0x0a,0x17,0xff,0x0d,0x10,0x1d,0xff,0x28,0x38,0x59,0xff,0x2b,0x3a,0x5a,0xff,0x09,0x0d,0x19,0xff,0x0a,0x0a,0x17,0xff,
    0x1b,0x1b,0x25,0xa0,0x00,0x00,0x00,0x00,0x00,0x00,0x00,0x00,0x00,0x00,0x00,0x00,0x00,0x00,0x00,0x00,0x00,0x00,0x00,0x00,0x00,0x00,0x00,0x00,0x00,0x00,0x00,0x00,
    0x00,0x00,0x00,0x00,0x00,0x00,0x00,0x00,0x00,0x00,0x00,0x00,0x00,0x00,0x00,0x00,0x00,0x00,0x00,0x00,0x00,0x00,0x00,0x00,0x0b,0x07,0x09,0xd9,0x10,0x09,0x10,0xff,
    0x16,0x05,0x13,0xff,0x39,0x13,0x31,0xff,0x39,0x10,0x30,0xff,0x72,0x39,0x75,0xff,0x71,0x36,0x73,0xff,0x3d,0x11,0x3d,0xff,0x2d,0x0e,0x23,0xff,0x3f,0x14,0x3a,0xff,
    0x71,0x34,0x72,0xff,0x73,0x32,0x77,0xff,0x4d,0x1b,0x45,0xff,0x4e,0x1a,0x4a,0xff,0x4e,0x1d,0x47,0xff,0x3c,0x10,0x35,0xff,0x3a,0x0f,0x34,0xff,0x4c,0x1b,0x47,0xff,
    0x4e,0x1a,0x49,0xff,0x4a,0x1a,0x43,0xff,0x3e,0x12,0x36,0xff,0x3c,0x14,0x37,0xff,0x34,0x0e,0x2a,0xff,0x2d,0x0c,0x27,0xff,0x21,0x0d,0x22,0xff,0x08,0x08,0x12,0xff,
    0x0c,0x0a,0x19,0xff,0xa3,0xc3,0xdb,0xff,0x9e,0xc5,0xe5,0xff,0x9d,0xc5,0xe2,0xff,0xa1,0xc8,0xe4,0xff,0xa0,0xc8,0xe4,0xff,0x99,0xc5,0xe2,0xff,0x9e,0xc6,0xe3,0xff,
    0x96,0xc0,0xe1,0xff,0x68,0x97,0xbe,0xff,0x6b,0x99,0xc2,0xff,0x03,0x06,0x1a,0xff,0x07,0x09,0x11,0xff,0x13,0x07,0x19,0xff,0x4a,0x1b,0x47,0xff,0x47,0x1a,0x43,0xff,
    0x2d,0x0d,0x27,0xff,0x2c,0x0a,0x25,0xff,0x21,0x0b,0x1d,0xff,0x10,0x06,0x0f,0xff,0x0f,0x09,0x11,0xff,0x00,0x00,0x00,0x00,0x00,0x00,0x00,0x00,0x00,0x00,0x00,0x00,
    0x00,0x00,0x00,0x00,0x00,0x00,0x00,0x00,0x00,0x00,0x00,0x00,0x00,0x00,0x00,0x00,0x00,0x00,0x00,0x00,0x00,0x00,0x00,0x00,0x00,0x00,0x00,0x00,0x00,0x00,0x00,0x00,
    0x00,0x00,0x00,0x00,0x00,0x00,0x00,0x00,0x00,0x00,0x00,0x00,0x00,0x00,0x00,0x00,0x00,0x00,0x00,0x00,0x00,0x00,0x00,0x00,0x00,0x00,0x00,0x00,0x00,0x00,0x00,0x00,
    0x00,0x00,0x00,0x00,0x00,0x00,0x00,0x00,0x00,0x00,0x00,0x00,0x00,0x00,0x00,0x00,0x00,0x00,0x00,0x00,0x00,0x00,0x00,0x00,0x00,0x00,0x00,0x00,0x00,0x00,0x00,0x00,
    0x00,0x00,0x00,0x00,0x00,0x00,0x00,0x00,0x00,0x00,0x00,0x00,0x00,0x00,0x00,0x00,0x00,0x00,0x00,0x00,0x00,0x00,0x00,0x00,0x00,0x00,0x00,0x00,0x00,0x00,0x00,0x00,
    0x00,0x00,0x00,0x00,0x00,0x00,0x00,0x00,0x00,0x00,0x00,0x00,0x00,0x00,0x00,0x00,0x00,0x00,0x00,0x00,0x00,0x00,0x00,0x00,0x00,0x00,0x00,0x00,0x00,0x00,0x00,0x00,
    0x00,0x00,0x00,0x00,0x00,0x00,0x00,0x00,0x00,0x00,0x00,0x00,0x00,0x00,0x00,0x00,0x00,0x00,0x00,0x00,0x00,0x00,0x00,0x00,0x00,0x00,0x00,0x00,0x00,0x00,0x00,0x00,
    0x00,0x00,0x00,0x00,0x00,0x00,0x00,0x00,0x00,0x00,0x00,0x00,0x00,0x00,0x00,0x00,0x00,0x00,0x00,0x00,0x00,0x00,0x00,0x00,0x00,0x00,0x00,0x00,0x00,0x00,0x00,0x00,
    0x00,0x00,0x00,0x00,0x39,0x3d,0x42,0x36,0x0a,0x0a,0x17,0xff,0x0c,0x0f,0x1f,0xff,0x2f,0x41,0x62,0xff,0x30,0x41,0x62,0xff,0x09,0x0d,0x1a,0xff,0x0a,0x0a,0x17,0xff,
    0x1c,0x1b,0x26,0xa2,0x00,0x00,0x00,0x00,0x00,0x00,0x00,0x00,0x00,0x00,0x00,0x00,0x00,0x00,0x00,0x00,0x00,0x00,0x00,0x00,0x00,0x00,0x00,0x00,0x00,0x00,0x00,0x00,
    0x00,0x00,0x00,0x00,0x00,0x00,0x00,0x00,0x00,0x00,0x00,0x00,0x00,0x00,0x00,0x00,0x00,0x00,0x00,0x00,0x00,0x00,0x00,0x00,0x0a,0x06,0x0a,0xdb,0x10,0x09,0x10,0xff,
    0x14,0x04,0x15,0xff,0x36,0x12,0x30,0xff,0x3a,0x11,0x32,0xff,0x74,0x3a,0x75,0xff,0x74,0x39,0x76,0xff,0x40,0x14,0x40,0xff,0x2f,0x0f,0x25,0xff,0x3f,0x14,0x3a,0xff,
    0x70,0x33,0x71,0xff,0x72,0x31,0x76,0xff,0x4f,0x1d,0x47,0xff,0x50,0x1c,0x4c,0xff,0x51,0x1e,0x4a,0xff,0x44,0x17,0x3e,0xff,0x43,0x16,0x3d,0xff,0x4f,0x1c,0x48,0xff,
    0x4e,0x1a,0x49,0xff,0x4b,0x1b,0x44,0xff,0x3e,0x12,0x37,0xff,0x3d,0x11,0x36,0xff,0x37,0x0e,0x2e,0xff,0x36,0x0f,0x2f,0xff,0x26,0x0e,0x27,0xff,0x09,0x09,0x14,0xff,
    0x06,0x06,0x15,0xff,0x8a,0xad,0xc9,0xff,0x89,0xb2,0xd3,0xff,0x5f,0x85,0xa3,0xff,0xa0,0xc7,0xe3,0xff,0x9f,0xc7,0xe3,0xff,0x9f,0xc7,0xe4,0xff,0xa0,0xc7,0xe3,0xff,
    0x95,0xbf,0xe0,0xff,0x6a,0x99,0xc0,0xff,0x69,0x9a,0xc1,0xff,0x03,0x08,0x19,0xff,0x08,0x0a,0x12,0xff,0x0f,0x08,0x14,0xff,0x2c,0x0f,0x2b,0xff,0x2c,0x11,0x2a,0xff,
    0x2e,0x0d,0x25,0xff,0x30,0x0c,0x25,0xff,0x22,0x0b,0x1c,0xff,0x10,0x06,0x0f,0xff,0x0e,0x0a,0x11,0xff,0x00,0x00,0x00,0x00,0x00,0x00,0x00,0x00,0x00,0x00,0x00,0x00,
    0x00,0x00,0x00,0x00,0x00,0x00,0x00,0x00,0x00,0x00,0x00,0x00,0x00,0x00,0x00,0x00,0x00,0x00,0x00,0x00,0x00,0x00,0x00,0x00,0x00,0x00,0x00,0x00,0x00,0x00,0x00,0x00,
    0x00,0x00,0x00,0x00,0x00,0x00,0x00,0x00,0x00,0x00,0x00,0x00,0x00,0x00,0x00,0x00,0x00,0x00,0x00,0x00,0x00,0x00,0x00,0x00,0x00,0x00,0x00,0x00,0x00,0x00,0x00,0x00,
    0x00,0x00,0x00,0x00,0x00,0x00,0x00,0x00,0x00,0x00,0x00,0x00,0x00,0x00,0x00,0x00,0x00,0x00,0x00,0x00,0x00,0x00,0x00,0x00,0x00,0x00,0x00,0x00,0x00,0x00,0x00,0x00,
    0x00,0x00,0x00,0x00,0x00,0x00,0x00,0x00,0x00,0x00,0x00,0x00,0x00,0x00,0x00,0x00,0x00,0x00,0x00,0x00,0x00,0x00,0x00,0x00,0x00,0x00,0x00,0x00,0x00,0x00,0x00,0x00,
    0x00,0x00,0x00,0x00,0x00,0x00,0x00,0x00,0x00,0x00,0x00,0x00,0x00,0x00,0x00,0x00,0x00,0x00,0x00,0x00,0x00,0x00,0x00,0x00,0x00,0x00,0x00,0x00,0x00,0x00,0x00,0x00,
    0x00,0x00,0x00,0x00,0x00,0x00,0x00,0x00,0x00,0x00,0x00,0x00,0x00,0x00,0x00,0x00,0x00,0x00,0x00,0x00,0x00,0x00,0x00,0x00,0x00,0x00,0x00,0x00,0x00,0x00,0x00,0x00,
    0x00,0x00,0x00,0x00,0x00,0x00,0x00,0x00,0x00,0x00,0x00,0x00,0x00,0x00,0x00,0x00,0x00,0x00,0x00,0x00,0x00,0x00,0x00,0x00,0x00,0x00,0x00,0x00,0x00,0x00,0x00,0x00,
    0x00,0x00,0x00,0x00,0x3c,0x3c,0x46,0x37,0x0a,0x0a,0x16,0xff,0x0a,0x0c,0x1c,0xff,0x32,0x45,0x6a,0xff,0x35,0x49,0x6c,0xff,0x08,0x0a,0x1a,0xff,0x0a,0x0a,0x17,0xff,
    0x21,0x20,0x29,0xa8,0x00,0x00,0x00,0x00,0x00,0x00,0x00,0x00,0x00,0x00,0x00,0x00,0x00,0x00,0x00,0x00,0x00,0x00,0x00,0x00,0x00,0x00,0x00,0x00,0x00,0x00,0x00,0x00,
    0x00,0x00,0x00,0x00,0x00,0x00,0x00,0x00,0x00,0x00,0x00,0x00,0x00,0x00,0x00,0x00,0x00,0x00,0x00,0x00,0x00,0x00,0x00,0x00,0x05,0x00,0x03,0xe2,0x0d,0x05,0x0f,0xff,
    0x18,0x06,0x17,0xff,0x3a,0x13,0x33,0xff,0x3d,0x12,0x33,0xff,0x75,0x3a,0x77,0xff,0x75,0x38,0x78,0xff,0x43,0x14,0x42,0xff,0x30,0x0e,0x27,0xff,0x3e,0x13,0x39,0xff,
    0x71,0x34,0x71,0xff,0x73,0x32,0x77,0xff,0x50,0x1e,0x48,0xff,0x50,0x1c,0x4c,0xff,0x4f,0x1b,0x4a,0xff,0x4e,0x1c,0x48,0xff,0x4c,0x1b,0x47,0xff,0x4e,0x1b,0x47,0xff,
    0x4d,0x1b,0x49,0xff,0x4a,0x1a,0x45,0xff,0x41,0x12,0x39,0xff,0x3d,0x10,0x38,0xff,0x3d,0x11,0x35,0xff,0x3f,0x11,0x35,0xff,0x2f,0x13,0x2c,0xff,0x08,0x07,0x12,0xff,
    0x02,0x03,0x11,0xff,0x72,0x9d,0xb7,0xff,0x72,0xa4,0xc5,0xff,0x27,0x4c,0x6e,0xff,0x9f,0xc8,0xe8,0xff,0x9b,0xc6,0xe7,0xff,0xa2,0xc6,0xe8,0xff,0x9e,0xc7,0xe7,0xff,
    0x97,0xc2,0xe3,0xff,0x67,0x98,0xbe,0xff,0x66,0x97,0xbe,0xff,0x02,0x0a,0x16,0xff,0x09,0x0d,0x12,0xff,0x0a,0x0a,0x10,0xff,0x0b,0x08,0x0e,0xff,0x0d,0x09,0x0e,0xff,
    0x27,0x0f,0x21,0xff,0x2c,0x0d,0x24,0xff,0x20,0x0c,0x1c,0xff,0x10,0x08,0x10,0xff,0x0e,0x0a,0x11,0xff,0x00,0x00,0x00,0x00,0x00,0x00,0x00,0x00,0x00,0x00,0x00,0x00,
    0x00,0x00,0x00,0x00,0x00,0x00,0x00,0x00,0x00,0x00,0x00,0x00,0x00,0x00,0x00,0x00,0x00,0x00,0x00,0x00,0x00,0x00,0x00,0x00,0x00,0x00,0x00,0x00,0x00,0x00,0x00,0x00,
    0x00,0x00,0x00,0x00,0x00,0x00,0x00,0x00,0x00,0x00,0x00,0x00,0x00,0x00,0x00,0x00,0x00,0x00,0x00,0x00,0x00,0x00,0x00,0x00,0x00,0x00,0x00,0x00,0x00,0x00,0x00,0x00,
    0x00,0x00,0x00,0x00,0x00,0x00,0x00,0x00,0x00,0x00,0x00,0x00,0x00,0x00,0x00,0x00,0x00,0x00,0x00,0x00,0x00,0x00,0x00,0x00,0x00,0x00,0x00,0x00,0x00,0x00,0x00,0x00,
    0x00,0x00,0x00,0x00,0x00,0x00,0x00,0x00,0x00,0x00,0x00,0x00,0x00,0x00,0x00,0x00,0x00,0x00,0x00,0x00,0x00,0x00,0x00,0x00,0x00,0x00,0x00,0x00,0x00,0x00,0x00,0x00,
    0x00,0x00,0x00,0x00,0x00,0x00,0x00,0x00,0x00,0x00,0x00,0x00,0x00,0x00,0x00,0x00,0x00,0x00,0x00,0x00,0x00,0x00,0x00,0x00,0x00,0x00,0x00,0x00,0x00,0x00,0x00,0x00,
    0x00,0x00,0x00,0x00,0x00,0x00,0x00,0x00,0x00,0x00,0x00,0x00,0x00,0x00,0x00,0x00,0x00,0x00,0x00,0x00,0x00,0x00,0x00,0x00,0x00,0x00,0x00,0x00,0x00,0x00,0x00,0x00,
    0x00,0x00,0x00,0x00,0x00,0x00,0x00,0x00,0x00,0x00,0x00,0x00,0x00,0x00,0x00,0x00,0x00,0x00,0x00,0x00,0x00,0x00,0x00,0x00,0x00,0x00,0x00,0x00,0x00,0x00,0x00,0x00,
    0x00,0x00,0x00,0x00,0x3b,0x40,0x40,0x38,0x0a,0x0a,0x16,0xff,0x10,0x13,0x22,0xff,0x36,0x4a,0x6f,0xff,0x34,0x47,0x6c,0xff,0x09,0x0c,0x1b,0xff,0x0c,0x0c,0x18,0xff,
    0x25,0x23,0x2e,0xad,0x00,0x00,0x00,0x00,0x00,0x00,0x00,0x00,0x00,0x00,0x00,0x00,0x00,0x00,0x00,0x00,0x00,0x00,0x00,0x00,0x00,0x00,0x00,0x00,0x00,0x00,0x00,0x00,
    0x00,0x00,0x00,0x00,0x00,0x00,0x00,0x00,0x00,0x00,0x00,0x00,0x00,0x00,0x00,0x00,0x07,0x07,0x07,0xd9,0x0c,0x0b,0x0b,0xe6,0x11,0x0a,0x0f,0xfd,0x09,0x01,0x09,0xff,
    0x1a,0x05,0x18,0xff,0x3d,0x14,0x34,0xff,0x3c,0x10,0x34,0xff,0x75,0x3a,0x77,0xff,0x76,0x39,0x79,0xff,0x43,0x14,0x42,0xff,0x30,0x0d,0x26,0xff,0x3e,0x13,0x39,0xff,
    0x72,0x35,0x72,0xff,0x75,0x34,0x79,0xff,0x4f,0x1d,0x47,0xff,0x4f,0x1b,0x4b,0xff,0x4f,0x1b,0x4a,0xff,0x4f,0x1b,0x4a,0xff,0x4f,0x1b,0x4a,0xff,0x4f,0x1c,0x48,0xff,
    0x4e,0x1c,0x4a,0xff,0x4a,0x1a,0x45,0xff,0x41,0x12,0x39,0xff,0x43,0x14,0x3e,0xff,0x3d,0x11,0x37,0xff,0x3c,0x10,0x35,0xff,0x2e,0x12,0x2b,0xff,0x10,0x08,0x11,0xff,
    0x12,0x07,0x16,0xff,0x84,0x9a,0xb7,0xff,0x87,0xa8,0xc5,0xff,0x23,0x3a,0x56,0xff,0xa1,0xc7,0xe3,0xff,0x99,0xc8,0xe6,0xff,0x9b,0xc2,0xe4,0xff,0x99,0xc4,0xe5,0xff,
    0x8c,0xb9,0xdb,0xff,0x64,0x95,0xbb,0xff,0x6c,0x9a,0xbe,0xff,0x02,0x04,0x14,0xff,0x0d,0x06,0x16,0xff,0x11,0x09,0x16,0xff,0x0c,0x09,0x0e,0xff,0x0f,0x07,0x0f,0xff,
    0x20,0x0e,0x1d,0xff,0x26,0x0d,0x23,0xff,0x1d,0x0d,0x1a,0xff,0x0e,0x07,0x0e,0xff,0x0f,0x09,0x11,0xff,0x00,0x00,0x00,0x00,0x00,0x00,0x00,0x00,0x00,0x00,0x00,0x00,
    0x00,0x00,0x00,0x00,0x00,0x00,0x00,0x00,0x00,0x00,0x00,0x00,0x00,0x00,0x00,0x00,0x00,0x00,0x00,0x00,0x00,0x00,0x00,0x00,0x00,0x00,0x00,0x00,0x00,0x00,0x00,0x00,
    0x00,0x00,0x00,0x00,0x00,0x00,0x00,0x00,0x00,0x00,0x00,0x00,0x00,0x00,0x00,0x00,0x00,0x00,0x00,0x00,0x00,0x00,0x00,0x00,0x00,0x00,0x00,0x00,0x00,0x00,0x00,0x00,
    0x00,0x00,0x00,0x00,0x00,0x00,0x00,0x00,0x00,0x00,0x00,0x00,0x00,0x00,0x00,0x00,0x00,0x00,0x00,0x00,0x00,0x00,0x00,0x00,0x00,0x00,0x00,0x00,0x00,0x00,0x00,0x00,
    0x00,0x00,0x00,0x00,0x00,0x00,0x00,0x00,0x00,0x00,0x00,0x00,0x00,0x00,0x00,0x00,0x00,0x00,0x00,0x00,0x00,0x00,0x00,0x00,0x00,0x00,0x00,0x00,0x00,0x00,0x00,0x00,
    0x00,0x00,0x00,0x00,0x00,0x00,0x00,0x00,0x00,0x00,0x00,0x00,0x00,0x00,0x00,0x00,0x00,0x00,0x00,0x00,0x00,0x00,0x00,0x00,0x00,0x00,0x00,0x00,0x00,0x00,0x00,0x00,
    0x00,0x00,0x00,0x00,0x00,0x00,0x00,0x00,0x00,0x00,0x00,0x00,0x00,0x00,0x00,0x00,0x00,0x00,0x00,0x00,0x00,0x00,0x00,0x00,0x00,0x00,0x00,0x00,0x00,0x00,0x00,0x00,
    0x00,0x00,0x00,0x00,0x00,0x00,0x00,0x00,0x00,0x00,0x00,0x00,0x00,0x00,0x00,0x00,0x00,0x00,0x00,0x00,0x00,0x00,0x00,0x00,0x00,0x00,0x00,0x00,0x00,0x00,0x00,0x00,
    0x00,0x00,0x00,0x00,0x3b,0x40,0x44,0x38,0x0a,0x0c,0x18,0xff,0x10,0x12,0x22,0xff,0x3c,0x4f,0x75,0xff,0x3b,0x4e,0x70,0xff,0x06,0x09,0x18,0xff,0x0b,0x0b,0x19,0xff,
    0x22,0x23,0x2c,0xad,0x00,0x00,0x00,0x00,0x00,0x00,0x00,0x00,0x00,0x00,0x00,0x00,0x00,0x00,0x00,0x00,0x00,0x00,0x00,0x00,0x00,0x00,0x00,0x00,0x00,0x00,0x00,0x00,
    0x00,0x00,0x00,0x00,0x00,0x00,0x00,0x00,0x00,0x00,0x00,0x00,0x00,0x00,0x00,0x00,0x11,0x0e,0x11,0xf1,0x0e,0x07,0x0e,0xff,0x14,0x09,0x13,0xff,0x1f,0x09,0x19,0xff,
    0x23,0x08,0x1c,0xff,0x3d,0x11,0x35,0xff,0x3e,0x12,0x37,0xff,0x76,0x3b,0x78,0xff,0x76,0x3a,0x77,0xff,0x41,0x13,0x3f,0xff,0x2f,0x0e,0x27,0xff,0x3d,0x11,0x39,0xff,
    0x71,0x37,0x71,0xff,0x74,0x34,0x79,0xff,0x4d,0x1b,0x48,0xff,0x50,0x1c,0x4b,0xff,0x4f,0x1b,0x4a,0xff,0x4f,0x1b,0x4a,0xff,0x4f,0x1b,0x4a,0xff,0x4f,0x1b,0x4a,0xff,
    0x4f,0x1b,0x4b,0xff,0x4f,0x1b,0x49,0xff,0x4f,0x1c,0x48,0xff,0x4f,0x1b,0x4a,0xff,0x41,0x11,0x39,0xff,0x3a,0x10,0x33,0xff,0x34,0x10,0x2a,0xff,0x29,0x0c,0x1f,0xff,
    0x23,0x0f,0x20,0xff,0x0d,0x0c,0x1b,0xff,0x09,0x0d,0x19,0xff,0x0d,0x26,0x37,0xff,0xa2,0xcb,0xe4,0xff,0x99,0xc7,0xe6,0xff,0x69,0x99,0xbb,0xff,0x6a,0x9c,0xc1,0xff,
    0x67,0x98,0xbe,0xff,0x58,0x79,0x98,0xff,0x01,0x09,0x1d,0xff,0x22,0x0f,0x22,0xff,0x25,0x0b,0x1f,0xff,0x20,0x0c,0x1c,0xff,0x0e,0x06,0x10,0xff,0x0f,0x08,0x0f,0xff,
    0x11,0x08,0x12,0xff,0x11,0x07,0x13,0xff,0x10,0x07,0x12,0xff,0x0e,0x06,0x10,0xff,0x0f,0x09,0x11,0xff,0x00,0x00,0x00,0x00,0x00,0x00,0x00,0x00,0x00,0x00,0x00,0x00,
    0x00,0x00,0x00,0x00,0x00,0x00,0x00,0x00,0x00,0x00,0x00,0x00,0x00,0x00,0x00,0x00,0x00,0x00,0x00,0x00,0x00,0x00,0x00,0x00,0x00,0x00,0x00,0x00,0x00,0x00,0x00,0x00,
    0x00,0x00,0x00,0x00,0x00,0x00,0x00,0x00,0x00,0x00,0x00,0x00,0x00,0x00,0x00,0x00,0x00,0x00,0x00,0x00,0x00,0x00,0x00,0x00,0x00,0x00,0x00,0x00,0x00,0x00,0x00,0x00,
    0x00,0x00,0x00,0x00,0x00,0x00,0x00,0x00,0x00,0x00,0x00,0x00,0x00,0x00,0x00,0x00,0x00,0x00,0x00,0x00,0x00,0x00,0x00,0x00,0x00,0x00,0x00,0x00,0x00,0x00,0x00,0x00,
    0x00,0x00,0x00,0x00,0x00,0x00,0x00,0x00,0x00,0x00,0x00,0x00,0x00,0x00,0x00,0x00,0x00,0x00,0x00,0x00,0x00,0x00,0x00,0x00,0x00,0x00,0x00,0x00,0x00,0x00,0x00,0x00,
    0x00,0x00,0x00,0x00,0x00,0x00,0x00,0x00,0x00,0x00,0x00,0x00,0x00,0x00,0x00,0x00,0x00,0x00,0x00,0x00,0x00,0x00,0x00,0x00,0x00,0x00,0x00,0x00,0x00,0x00,0x00,0x00,
    0x00,0x00,0x00,0x00,0x00,0x00,0x00,0x00,0x00,0x00,0x00,0x00,0x00,0x00,0x00,0x00,0x00,0x00,0x00,0x00,0x00,0x00,0x00,0x00,0x00,0x00,0x00,0x00,0x00,0x00,0x00,0x00,
    0x00,0x00,0x00,0x00,0x00,0x00,0x00,0x00,0x00,0x00,0x00,0x00,0x00,0x00,0x00,0x00,0x00,0x00,0x00,0x00,0x00,0x00,0x00,0x00,0x00,0x00,0x00,0x00,0x00,0x00,0x00,0x00,
    0x00,0x00,0x00,0x00,0x40,0x40,0x44,0x38,0x0c,0x0d,0x19,0xff,0x0d,0x0f,0x1f,0xff,0x38,0x4b,0x70,0xff,0x3a,0x4d,0x6f,0xff,0x08,0x0a,0x19,0xff,0x0b,0x0b,0x19,0xff,
    0x20,0x22,0x2c,0xad,0x00,0x00,0x00,0x00,0x00,0x00,0x00,0x00,0x00,0x00,0x00,0x00,0x00,0x00,0x00,0x00,0x00,0x00,0x00,0x00,0x00,0x00,0x00,0x00,0x00,0x00,0x00,0x00,
    0x00,0x00,0x00,0x00,0x00,0x00,0x00,0x00,0x00,0x00,0x00,0x00,0x00,0x00,0x00,0x00,0x0e,0x0a,0x0f,0xf0,0x0e,0x07,0x0e,0xff,0x15,0x07,0x13,0xff,0x24,0x09,0x1d,0xff,
    0x25,0x09,0x1e,0xff,0x3d,0x11,0x35,0xff,0x3d,0x11,0x36,0xff,0x74,0x3a,0x75,0xff,0x74,0x38,0x75,0xff,0x42,0x14,0x40,0xff,0x2f,0x0e,0x27,0xff,0x3e,0x12,0x3a,0xff,
    0x72,0x37,0x71,0xff,0x74,0x34,0x78,0xff,0x4d,0x1b,0x48,0xff,0x4e,0x1a,0x49,0xff,0x4f,0x1b,0x4a,0xff,0x4f,0x1b,0x4a,0xff,0x4e,0x1a,0x49,0xff,0x4f,0x1b,0x4a,0xff,
    0x4f,0x1b,0x4b,0xff,0x4f,0x1b,0x4a,0xff,0x51,0x1b,0x4a,0xff,0x4f,0x1b,0x4b,0xff,0x3f,0x10,0x37,0xff,0x39,0x10,0x34,0xff,0x34,0x11,0x2c,0xff,0x2a,0x0a,0x22,0xff,
    0x22,0x0c,0x22,0xff,0x14,0x0c,0x1a,0xff,0x09,0x07,0x19,0xff,0x2c,0x46,0x5a,0xff,0xa3,0xc8,0xe2,0xff,0xa1,0xc9,0xe5,0xff,0x72,0x9c,0xbe,0xff,0x6b,0x99,0xc1,0xff,
    0x6d,0x99,0xbd,0xff,0x5d,0x7a,0x94,0xff,0x03,0x0b,0x18,0xff,0x1f,0x0b,0x1d,0xff,0x27,0x0c,0x20,0xff,0x24,0x0e,0x1d,0xff,0x0e,0x06,0x11,0xff,0x0f,0x07,0x10,0xff,
    0x0f,0x07,0x11,0xff,0x0f,0x07,0x11,0xff,0x0f,0x07,0x11,0xff,0x0f,0x07,0x11,0xff,0x0f,0x09,0x11,0xff,0x00,0x00,0x00,0x00,0x00,0x00,0x00,0x00,0x00,0x00,0x00,0x00,
    0x00,0x00,0x00,0x00,0x00,0x00,0x00,0x00,0x00,0x00,0x00,0x00,0x00,0x00,0x00,0x00,0x00,0x00,0x00,0x00,0x00,0x00,0x00,0x00,0x00,0x00,0x00,0x00,0x00,0x00,0x00,0x00,
    0x00,0x00,0x00,0x00,0x00,0x00,0x00,0x00,0x00,0x00,0x00,0x00,0x00,0x00,0x00,0x00,0x00,0x00,0x00,0x00,0x00,0x00,0x00,0x00,0x00,0x00,0x00,0x00,0x00,0x00,0x00,0x00,
    0x00,0x00,0x00,0x00,0x00,0x00,0x00,0x00,0x00,0x00,0x00,0x00,0x00,0x00,0x00,0x00,0x00,0x00,0x00,0x00,0x00,0x00,0x00,0x00,0x00,0x00,0x00,0x00,0x00,0x00,0x00,0x00,
    0x00,0x00,0x00,0x00,0x00,0x00,0x00,0x00,0x00,0x00,0x00,0x00,0x00,0x00,0x00,0x00,0x00,0x00,0x00,0x00,0x00,0x00,0x00,0x00,0x00,0x00,0x00,0x00,0x00,0x00,0x00,0x00,
    0x00,0x00,0x00,0x00,0x00,0x00,0x00,0x00,0x00,0x00,0x00,0x00,0x00,0x00,0x00,0x00,0x00,0x00,0x00,0x00,0x00,0x00,0x00,0x00,0x00,0x00,0x00,0x00,0x00,0x00,0x00,0x00,
    0x00,0x00,0x00,0x00,0x00,0x00,0x00,0x00,0x00,0x00,0x00,0x00,0x00,0x00,0x00,0x00,0x00,0x00,0x00,0x00,0x00,0x00,0x00,0x00,0x00,0x00,0x00,0x00,0x00,0x00,0x00,0x00,
    0x00,0x00,0x00,0x00,0x00,0x00,0x00,0x00,0x00,0x00,0x00,0x00,0x00,0x00,0x00,0x00,0x00,0x00,0x00,0x00,0x00,0x00,0x00,0x00,0x00,0x00,0x00,0x00,0x00,0x00,0x00,0x00,
    0x00,0x00,0x00,0x00,0x40,0x40,0x44,0x38,0x0b,0x0c,0x18,0xff,0x0c,0x0f,0x1e,0xff,0x36,0x49,0x6e,0xff,0x39,0x4c,0x6f,0xff,0x08,0x0a,0x1a,0xff,0x0b,0x0b,0x19,0xff,
    0x22,0x23,0x2c,0xad,0x00,0x00,0x00,0x00,0x00,0x00,0x00,0x00,0x00,0x00,0x00,0x00,0x00,0x00,0x00,0x00,0x00,0x00,0x00,0x00,0x00,0x00,0x00,0x00,0x00,0x00,0x00,0x00,
    0x00,0x00,0x00,0x00,0x00,0x00,0x00,0x00,0x00,0x00,0x00,0x00,0x00,0x00,0x00,0x00,0x0e,0x0a,0x0f,0xf1,0x0e,0x07,0x0e,0xff,0x14,0x06,0x12,0xff,0x29,0x0c,0x23,0xff,
    0x2b,0x0b,0x23,0xff,0x3a,0x10,0x33,0xff,0x3d,0x11,0x35,0xff,0x75,0x3a,0x76,0xff,0x74,0x39,0x76,0xff,0x42,0x15,0x40,0xff,0x2e,0x0e,0x27,0xff,0x3e,0x11,0x39,0xff,
    0x71,0x36,0x70,0xff,0x74,0x35,0x78,0xff,0x4d,0x1b,0x48,0xff,0x4f,0x1b,0x4a,0xff,0x4f,0x1b,0x4a,0xff,0x4f,0x1b,0x4a,0xff,0x4e,0x1a,0x49,0xff,0x4e,0x1a,0x49,0xff,
    0x4f,0x1b,0x4a,0xff,0x4f,0x1b,0x4a,0xff,0x51,0x1b,0x4a,0xff,0x50,0x1c,0x4b,0xff,0x3f,0x10,0x37,0xff,0x3c,0x10,0x34,0xff,0x39,0x12,0x31,0xff,0x35,0x0e,0x2b,0xff,
    0x2e,0x0e,0x29,0xff,0x1d,0x0b,0x1d,0xff,0x1c,0x0f,0x23,0xff,0x3e,0x4a,0x5b,0xff,0x37,0x4d,0x5d,0xff,0x3a,0x4e,0x61,0xff,0x20,0x35,0x49,0xff,0x25,0x3c,0x54,0xff,
    0x27,0x3c,0x53,0xff,0x27,0x30,0x45,0xff,0x1b,0x12,0x22,0xff,0x26,0x0c,0x1f,0xff,0x29,0x09,0x1e,0xff,0x27,0x0b,0x1e,0xff,0x1d,0x0b,0x19,0xff,0x1e,0x0b,0x19,0xff,
    0x11,0x08,0x12,0xff,0x10,0x08,0x12,0xff,0x10,0x08,0x12,0xff,0x0f,0x07,0x11,0xff,0x0f,0x09,0x11,0xff,0x00,0x00,0x00,0x00,0x00,0x00,0x00,0x00,0x00,0x00,0x00,0x00,
    0x00,0x00,0x00,0x00,0x00,0x00,0x00,0x00,0x00,0x00,0x00,0x00,0x00,0x00,0x00,0x00,0x00,0x00,0x00,0x00,0x00,0x00,0x00,0x00,0x00,0x00,0x00,0x00,0x00,0x00,0x00,0x00,
    0x00,0x00,0x00,0x00,0x00,0x00,0x00,0x00,0x00,0x00,0x00,0x00,0x00,0x00,0x00,0x00,0x00,0x00,0x00,0x00,0x00,0x00,0x00,0x00,0x00,0x00,0x00,0x00,0x00,0x00,0x00,0x00,
    0x00,0x00,0x00,0x00,0x00,0x00,0x00,0x00,0x00,0x00,0x00,0x00,0x00,0x00,0x00,0x00,0x00,0x00,0x00,0x00,0x00,0x00,0x00,0x00,0x00,0x00,0x00,0x00,0x00,0x00,0x00,0x00,
    0x00,0x00,0x00,0x00,0x00,0x00,0x00,0x00,0x00,0x00,0x00,0x00,0x00,0x00,0x00,0x00,0x00,0x00,0x00,0x00,0x00,0x00,0x00,0x00,0x00,0x00,0x00,0x00,0x00,0x00,0x00,0x00,
    0x00,0x00,0x00,0x00,0x00,0x00,0x00,0x00,0x00,0x00,0x00,0x00,0x00,0x00,0x00,0x00,0x00,0x00,0x00,0x00,0x00,0x00,0x00,0x00,0x00,0x00,0x00,0x00,0x00,0x00,0x00,0x00,
    0x00,0x00,0x00,0x00,0x00,0x00,0x00,0x00,0x00,0x00,0x00,0x00,0x00,0x00,0x00,0x00,0x00,0x00,0x00,0x00,0x00,0x00,0x00,0x00,0x00,0x00,0x00,0x00,0x00,0x00,0x00,0x00,
    0x00,0x00,0x00,0x00,0x00,0x00,0x00,0x00,0x00,0x00,0x00,0x00,0x00,0x00,0x00,0x00,0x00,0x00,0x00,0x00,0x00,0x00,0x00,0x00,0x00,0x00,0x00,0x00,0x00,0x00,0x00,0x00,
    0x00,0x00,0x00,0x00,0x41,0x45,0x49,0x3b,0x09,0x0b,0x17,0xff,0x0c,0x0e,0x1e,0xff,0x37,0x4a,0x70,0xff,0x39,0x4c,0x6e,0xff,0x07,0x09,0x19,0xff,0x0b,0x0b,0x19,0xff,
    0x21,0x22,0x2b,0xab,0x00,0x00,0x00,0x00,0x00,0x00,0x00,0x00,0x00,0x00,0x00,0x00,0x00,0x00,0x00,0x00,0x00,0x00,0x00,0x00,0x00,0x00,0x00,0x00,0x00,0x00,0x00,0x00,
    0x00,0x00,0x00,0x00,0x00,0x00,0x00,0x00,0x00,0x00,0x00,0x00,0x00,0x00,0x00,0x00,0x0f,0x0b,0x0f,0xf0,0x0e,0x07,0x0e,0xff,0x16,0x05,0x12,0xff,0x2f,0x0e,0x27,0xff,
    0x2f,0x0c,0x27,0xff,0x3b,0x12,0x32,0xff,0x3c,0x11,0x35,0xff,0x74,0x3a,0x76,0xff,0x74,0x38,0x75,0xff,0x41,0x14,0x40,0xff,0x2e,0x0d,0x26,0xff,0x3d,0x11,0x39,0xff,
    0x71,0x36,0x70,0xff,0x75,0x35,0x78,0xff,0x4d,0x1a,0x47,0xff,0x4f,0x1b,0x4a,0xff,0x4f,0x1b,0x4a,0xff,0x4f,0x1b,0x4a,0xff,0x4e,0x1a,0x49,0xff,0x4e,0x1a,0x49,0xff,
    0x4f,0x1b,0x4a,0xff,0x4e,0x1a,0x49,0xff,0x51,0x1b,0x4a,0xff,0x50,0x1c,0x4b,0xff,0x40,0x11,0x38,0xff,0x40,0x0f,0x35,0xff,0x3e,0x11,0x32,0xff,0x3e,0x11,0x32,0xff,
    0x3c,0x12,0x32,0xff,0x2a,0x0c,0x24,0xff,0x2a,0x0c,0x1f,0xff,0x11,0x07,0x14,0xff,0x0a,0x07,0x11,0xff,0x0d,0x09,0x13,0xff,0x0b,0x08,0x11,0xff,0x0e,0x0a,0x12,0xff,
    0x0f,0x08,0x14,0xff,0x1d,0x0c,0x1e,0xff,0x2b,0x0c,0x21,0xff,0x2a,0x0b,0x20,0xff,0x2c,0x0b,0x20,0xff,0x2b,0x0b,0x20,0xff,0x26,0x0c,0x1e,0xff,0x27,0x0b,0x1e,0xff,
    0x14,0x09,0x14,0xff,0x10,0x08,0x12,0xff,0x0f,0x07,0x11,0xff,0x0e,0x06,0x10,0xff,0x11,0x0b,0x13,0xff,0x00,0x00,0x00,0x00,0x00,0x00,0x00,0x00,0x00,0x00,0x00,0x00,
    0x00,0x00,0x00,0x00,0x00,0x00,0x00,0x00,0x00,0x00,0x00,0x00,0x00,0x00,0x00,0x00,0x00,0x00,0x00,0x00,0x00,0x00,0x00,0x00,0x00,0x00,0x00,0x00,0x00,0x00,0x00,0x00,
    0x00,0x00,0x00,0x00,0x00,0x00,0x00,0x00,0x00,0x00,0x00,0x00,0x00,0x00,0x00,0x00,0x00,0x00,0x00,0x00,0x00,0x00,0x00,0x00,0x00,0x00,0x00,0x00,0x00,0x00,0x00,0x00,
    0x00,0x00,0x00,0x00,0x00,0x00,0x00,0x00,0x00,0x00,0x00,0x00,0x00,0x00,0x00,0x00,0x00,0x00,0x00,0x00,0x00,0x00,0x00,0x00,0x00,0x00,0x00,0x00,0x00,0x00,0x00,0x00,
    0x00,0x00,0x00,0x00,0x00,0x00,0x00,0x00,0x00,0x00,0x00,0x00,0x00,0x00,0x00,0x00,0x00,0x00,0x00,0x00,0x00,0x00,0x00,0x00,0x00,0x00,0x00,0x00,0x00,0x00,0x00,0x00,
    0x00,0x00,0x00,0x00,0x00,0x00,0x00,0x00,0x00,0x00,0x00,0x00,0x00,0x00,0x00,0x00,0x00,0x00,0x00,0x00,0x00,0x00,0x00,0x00,0x00,0x00,0x00,0x00,0x00,0x00,0x00,0x00,
    0x00,0x00,0x00,0x00,0x00,0x00,0x00,0x00,0x00,0x00,0x00,0x00,0x00,0x00,0x00,0x00,0x00,0x00,0x00,0x00,0x00,0x00,0x00,0x00,0x00,0x00,0x00,0x00,0x00,0x00,0x00,0x00,
    0x00,0x00,0x00,0x00,0x00,0x00,0x00,0x00,0x00,0x00,0x00,0x00,0x00,0x00,0x00,0x00,0x00,0x00,0x00,0x00,0x00,0x00,0x00,0x00,0x00,0x00,0x00,0x00,0x00,0x00,0x00,0x00,
    0x00,0x00,0x00,0x00,0x43,0x43,0x4b,0x3d,0x09,0x0b,0x17,0xff,0x0d,0x10,0x1f,0xff,0x36,0x49,0x6e,0xff,0x36,0x49,0x6c,0xff,0x07,0x0a,0x19,0xff,0x09,0x09,0x17,0xff,
    0x1e,0x1f,0x29,0xaa,0x00,0x00,0x00,0x00,0x00,0x00,0x00,0x00,0x00,0x00,0x00,0x00,0x00,0x00,0x00,0x00,0x00,0x00,0x00,0x00,0x00,0x00,0x00,0x00,0x00,0x00,0x00,0x00,
    0x00,0x00,0x00,0x00,0x00,0x00,0x00,0x00,0x00,0x00,0x00,0x00,0x00,0x00,0x00,0x00,0x0f,0x0b,0x10,0xf1,0x0e,0x07,0x0e,0xff,0x16,0x05,0x12,0xff,0x31,0x0d,0x29,0xff,
    0x32,0x0c,0x29,0xff,0x3a,0x12,0x33,0xff,0x3b,0x11,0x34,0xff,0x75,0x3a,0x76,0xff,0x73,0x38,0x75,0xff,0x41,0x13,0x3f,0xff,0x2e,0x0d,0x26,0xff,0x3d,0x11,0x39,0xff,
    0x71,0x37,0x71,0xff,0x74,0x35,0x78,0xff,0x4e,0x1c,0x49,0xff,0x50,0x1c,0x4b,0xff,0x4f,0x1b,0x4a,0xff,0x4f,0x1b,0x4a,0xff,0x4f,0x1b,0x4a,0xff,0x4f,0x1b,0x4a,0xff,
    0x4f,0x1b,0x4b,0xff,0x4e,0x1a,0x49,0xff,0x51,0x1b,0x4a,0xff,0x50,0x1c,0x4b,0xff,0x40,0x11,0x38,0xff,0x3d,0x0f,0x35,0xff,0x3b,0x12,0x32,0xff,0x3b,0x11,0x34,0xff,
    0x3c,0x10,0x33,0xff,0x2e,0x0b,0x25,0xff,0x2e,0x0c,0x23,0xff,0x18,0x0a,0x1a,0xff,0x14,0x0c,0x17,0xff,0x16,0x0b,0x16,0xff,0x13,0x0a,0x17,0xff,0x12,0x08,0x19,0xff,
    0x15,0x0c,0x1b,0xff,0x1b,0x0e,0x1b,0xff,0x23,0x0e,0x1e,0xff,0x24,0x0d,0x20,0xff,0x27,0x0b,0x1f,0xff,0x26,0x0b,0x1f,0xff,0x23,0x0c,0x1f,0xff,0x27,0x0a,0x21,0xff,
    0x14,0x09,0x14,0xff,0x10,0x08,0x12,0xff,0x10,0x08,0x12,0xff,0x0f,0x07,0x11,0xff,0x11,0x0b,0x13,0xff,0x00,0x00,0x00,0x00,0x00,0x00,0x00,0x00,0x00,0x00,0x00,0x00,
    0x00,0x00,0x00,0x00,0x00,0x00,0x00,0x00,0x00,0x00,0x00,0x00,0x00,0x00,0x00,0x00,0x00,0x00,0x00,0x00,0x00,0x00,0x00,0x00,0x00,0x00,0x00,0x00,0x00,0x00,0x00,0x00,
    0x00,0x00,0x00,0x00,0x00,0x00,0x00,0x00,0x00,0x00,0x00,0x00,0x00,0x00,0x00,0x00,0x00,0x00,0x00,0x00,0x00,0x00,0x00,0x00,0x00,0x00,0x00,0x00,0x00,0x00,0x00,0x00,
    0x00,0x00,0x00,0x00,0x00,0x00,0x00,0x00,0x00,0x00,0x00,0x00,0x00,0x00,0x00,0x00,0x00,0x00,0x00,0x00,0x00,0x00,0x00,0x00,0x00,0x00,0x00,0x00,0x00,0x00,0x00,0x00,
    0x00,0x00,0x00,0x00,0x00,0x00,0x00,0x00,0x00,0x00,0x00,0x00,0x00,0x00,0x00,0x00,0x00,0x00,0x00,0x00,0x00,0x00,0x00,0x00,0x00,0x00,0x00,0x00,0x00,0x00,0x00,0x00,
    0x00,0x00,0x00,0x00,0x00,0x00,0x00,0x00,0x00,0x00,0x00,0x00,0x00,0x00,0x00,0x00,0x00,0x00,0x00,0x00,0x00,0x00,0x00,0x00,0x00,0x00,0x00,0x00,0x00,0x00,0x00,0x00,
    0x00,0x00,0x00,0x00,0x00,0x00,0x00,0x00,0x00,0x00,0x00,0x00,0x00,0x00,0x00,0x00,0x00,0x00,0x00,0x00,0x00,0x00,0x00,0x00,0x00,0x00,0x00,0x00,0x00,0x00,0x00,0x00,
    0x00,0x00,0x00,0x00,0x00,0x00,0x00,0x00,0x00,0x00,0x00,0x00,0x00,0x00,0x00,0x00,0x00,0x00,0x00,0x00,0x00,0x00,0x00,0x00,0x00,0x00,0x00,0x00,0x00,0x00,0x00,0x00,
    0x00,0x00,0x00,0x00,0x43,0x43,0x47,0x3d,0x0b,0x0b,0x17,0xff,0x0e,0x11,0x20,0xff,0x34,0x48,0x6b,0xff,0x33,0x46,0x69,0xff,0x06,0x08,0x18,0xff,0x09,0x09,0x15,0xff,
    0x22,0x22,0x2a,0xaa,0x00,0x00,0x00,0x00,0x00,0x00,0x00,0x00,0x00,0x00,0x00,0x00,0x00,0x00,0x00,0x00,0x00,0x00,0x00,0x00,0x00,0x00,0x00,0x00,0x00,0x00,0x00,0x00,
    0x00,0x00,0x00,0x00,0x00,0x00,0x00,0x00,0x00,0x00,0x00,0x00,0x00,0x00,0x00,0x00,0x10,0x0c,0x11,0xf1,0x0d,0x06,0x0d,0xff,0x16,0x03,0x12,0xff,0x3c,0x0f,0x30,0xff,
    0x37,0x10,0x31,0xff,0x39,0x11,0x34,0xff,0x3c,0x12,0x35,0xff,0x74,0x39,0x76,0xff,0x73,0x36,0x76,0xff,0x41,0x13,0x40,0xff,0x30,0x0d,0x26,0xff,0x3e,0x13,0x39,0xff,
    0x71,0x36,0x73,0xff,0x71,0x33,0x76,0xff,0x50,0x1d,0x48,0xff,0x52,0x1b,0x4d,0xff,0x4f,0x1e,0x48,0xff,0x50,0x1c,0x4c,0xff,0x4f,0x1b,0x49,0xff,0x4f,0x1c,0x48,0xff,
    0x50,0x1b,0x4b,0xff,0x4f,0x1b,0x4a,0xff,0x52,0x1c,0x4b,0xff,0x50,0x1c,0x4b,0xff,0x40,0x10,0x37,0xff,0x3c,0x10,0x34,0xff,0x3c,0x10,0x34,0xff,0x3c,0x10,0x34,0xff,
    0x3c,0x10,0x34,0xff,0x3c,0x10,0x34,0xff,0x3c,0x11,0x32,0xff,0x3b,0x12,0x32,0xff,0x39,0x10,0x2f,0xff,0x37,0x0e,0x2d,0xff,0x34,0x0e,0x2a,0xff,0x2e,0x0e,0x26,0xff,
    0x2e,0x0f,0x24,0xff,0x28,0x0c,0x20,0xff,0x27,0x0b,0x22,0xff,0x27,0x0c,0x20,0xff,0x27,0x0b,0x1f,0xff,0x27,0x0b,0x1f,0xff,0x27,0x0b,0x1f,0xff,0x28,0x0c,0x20,0xff,
    0x1f,0x0a,0x1b,0xff,0x1c,0x0b,0x19,0xff,0x17,0x0b,0x17,0xff,0x10,0x07,0x11,0xff,0x13,0x0c,0x13,0xff,0x1a,0x15,0x1a,0x31,0x10,0x0b,0x10,0x2f,0x00,0x00,0x00,0x00,
    0x00,0x00,0x00,0x00,0x00,0x00,0x00,0x00,0x00,0x00,0x00,0x00,0x00,0x00,0x00,0x00,0x00,0x00,0x00,0x00,0x00,0x00,0x00,0x00,0x00,0x00,0x00,0x00,0x00,0x00,0x00,0x00,
    0x00,0x00,0x00,0x00,0x00,0x00,0x00,0x00,0x00,0x00,0x00,0x00,0x00,0x00,0x00,0x00,0x00,0x00,0x00,0x00,0x00,0x00,0x00,0x00,0x00,0x00,0x00,0x00,0x00,0x00,0x00,0x00,
    0x00,0x00,0x00,0x00,0x00,0x00,0x00,0x00,0x00,0x00,0x00,0x00,0x00,0x00,0x00,0x00,0x00,0x00,0x00,0x00,0x00,0x00,0x00,0x00,0x00,0x00,0x00,0x00,0x00,0x00,0x00,0x00,
    0x00,0x00,0x00,0x00,0x00,0x00,0x00,0x00,0x00,0x00,0x00,0x00,0x00,0x00,0x00,0x00,0x00,0x00,0x00,0x00,0x00,0x00,0x00,0x00,0x00,0x00,0x00,0x00,0x00,0x00,0x00,0x00,
    0x00,0x00,0x00,0x00,0x00,0x00,0x00,0x00,0x00,0x00,0x00,0x00,0x00,0x00,0x00,0x00,0x00,0x00,0x00,0x00,0x00,0x00,0x00,0x00,0x00,0x00,0x00,0x00,0x00,0x00,0x00,0x00,
    0x00,0x00,0x00,0x00,0x00,0x00,0x00,0x00,0x00,0x00,0x00,0x00,0x00,0x00,0x00,0x00,0x00,0x00,0x00,0x00,0x00,0x00,0x00,0x00,0x00,0x00,0x00,0x00,0x00,0x00,0x00,0x00,
    0x00,0x00,0x00,0x00,0x00,0x00,0x00,0x00,0x00,0x00,0x00,0x00,0x00,0x00,0x00,0x00,0x00,0x00,0x00,0x00,0x00,0x00,0x00,0x00,0x00,0x00,0x00,0x00,0x00,0x00,0x00,0x00,
    0x00,0x00,0x00,0x00,0x43,0x43,0x48,0x39,0x0a,0x0b,0x17,0xff,0x0c,0x0e,0x1e,0xff,0x31,0x45,0x67,0xff,0x34,0x47,0x67,0xff,0x08,0x0b,0x19,0xff,0x09,0x09,0x15,0xff,
    0x24,0x24,0x2b,0xab,0x00,0x00,0x00,0x00,0x00,0x00,0x00,0x00,0x00,0x00,0x00,0x00,0x00,0x00,0x00,0x00,0x00,0x00,0x00,0x00,0x00,0x00,0x00,0x00,0x00,0x00,0x00,0x00,
    0x00,0x00,0x00,0x00,0x00,0x00,0x00,0x00,0x00,0x00,0x00,0x00,0x00,0x00,0x00,0x00,0x0f,0x0c,0x10,0xf1,0x0d,0x06,0x0d,0xff,0x18,0x05,0x16,0xff,0x3d,0x0e,0x34,0xff,
    0x3a,0x10,0x33,0xff,0x3b,0x11,0x34,0xff,0x3d,0x13,0x34,0xff,0x74,0x39,0x76,0xff,0x74,0x37,0x77,0xff,0x42,0x13,0x41,0xff,0x30,0x0e,0x26,0xff,0x3f,0x11,0x3c,0xff,
    0x71,0x35,0x74,0xff,0x72,0x34,0x76,0xff,0x45,0x17,0x3c,0xff,0x44,0x16,0x3c,0xff,0x47,0x19,0x3f,0xff,0x4e,0x1c,0x4b,0xff,0x4f,0x1b,0x4a,0xff,0x4f,0x1b,0x4a,0xff,
    0x4f,0x1b,0x4b,0xff,0x4f,0x1b,0x4a,0xff,0x52,0x1c,0x4b,0xff,0x50,0x1c,0x4b,0xff,0x40,0x10,0x37,0xff,0x3c,0x10,0x34,0xff,0x3c,0x10,0x34,0xff,0x3c,0x10,0x34,0xff,
    0x3c,0x10,0x34,0xff,0x3c,0x10,0x34,0xff,0x3c,0x11,0x33,0xff,0x3b,0x12,0x32,0xff,0x39,0x10,0x30,0xff,0x39,0x10,0x30,0xff,0x34,0x0e,0x2b,0xff,0x31,0x0e,0x28,0xff,
    0x2d,0x0d,0x24,0xff,0x28,0x0c,0x20,0xff,0x27,0x0b,0x22,0xff,0x29,0x0c,0x21,0xff,0x29,0x0b,0x21,0xff,0x27,0x0b,0x20,0xff,0x28,0x0c,0x20,0xff,0x28,0x0c,0x20,0xff,
    0x33,0x0d,0x26,0xff,0x2e,0x0e,0x26,0xff,0x24,0x0d,0x20,0xff,0x13,0x05,0x15,0xff,0x0e,0x06,0x13,0xff,0x10,0x0a,0x10,0xff,0x0e,0x0a,0x0e,0xff,0xff,0xff,0xff,0x01,
    0x00,0x00,0x00,0x00,0x00,0x00,0x00,0x00,0x00,0x00,0x00,0x00,0x00,0x00,0x00,0x00,0x00,0x00,0x00,0x00,0x00,0x00,0x00,0x00,0x00,0x00,0x00,0x00,0x00,0x00,0x00,0x00,
    0x00,0x00,0x00,0x00,0x00,0x00,0x00,0x00,0x00,0x00,0x00,0x00,0x00,0x00,0x00,0x00,0x00,0x00,0x00,0x00,0x00,0x00,0x00,0x00,0x00,0x00,0x00,0x00,0x00,0x00,0x00,0x00,
    0x00,0x00,0x00,0x00,0x00,0x00,0x00,0x00,0x00,0x00,0x00,0x00,0x00,0x00,0x00,0x00,0x00,0x00,0x00,0x00,0x00,0x00,0x00,0x00,0x00,0x00,0x00,0x00,0x00,0x00,0x00,0x00,
    0x00,0x00,0x00,0x00,0x00,0x00,0x00,0x00,0x00,0x00,0x00,0x00,0x00,0x00,0x00,0x00,0x00,0x00,0x00,0x00,0x00,0x00,0x00,0x00,0x00,0x00,0x00,0x00,0x00,0x00,0x00,0x00,
    0x00,0x00,0x00,0x00,0x00,0x00,0x00,0x00,0x00,0x00,0x00,0x00,0x00,0x00,0x00,0x00,0x00,0x00,0x00,0x00,0x00,0x00,0x00,0x00,0x00,0x00,0x00,0x00,0x00,0x00,0x00,0x00,
    0x00,0x00,0x00,0x00,0x00,0x00,0x00,0x00,0x00,0x00,0x00,0x00,0x00,0x00,0x00,0x00,0x00,0x00,0x00,0x00,0x00,0x00,0x00,0x00,0x00,0x00,0x00,0x00,0x00,0x00,0x00,0x00,
    0x00,0x00,0x00,0x00,0x00,0x00,0x00,0x00,0x00,0x00,0x00,0x00,0x00,0x00,0x00,0x00,0x00,0x00,0x00,0x00,0x00,0x00,0x00,0x00,0x00,0x00,0x00,0x00,0x00,0x00,0x00,0x00,
    0x00,0x00,0x00,0x00,0x42,0x42,0x46,0x3a,0x09,0x0a,0x16,0xff,0x0a,0x0c,0x1c,0xff,0x57,0x6c,0x8c,0xff,0x5b,0x6f,0x8e,0xff,0x07,0x0a,0x17,0xff,0x0a,0x0a,0x16,0xff,
    0x22,0x21,0x29,0xaa,0x00,0x00,0x00,0x00,0x00,0x00,0x00,0x00,0x00,0x00,0x00,0x00,0x00,0x00,0x00,0x00,0x00,0x00,0x00,0x00,0x00,0x00,0x00,0x00,0x00,0x00,0x00,0x00,
    0x00,0x00,0x00,0x00,0x00,0x00,0x00,0x00,0x00,0x00,0x00,0x00,0x00,0x00,0x00,0x00,0x11,0x0d,0x12,0xf1,0x0e,0x07,0x0e,0xff,0x1b,0x06,0x19,0xff,0x43,0x14,0x3c,0xff,
    0x41,0x16,0x3b,0xff,0x3b,0x11,0x34,0xff,0x3b,0x12,0x32,0xff,0x76,0x3b,0x78,0xff,0x74,0x37,0x77,0xff,0x41,0x13,0x40,0xff,0x30,0x0e,0x26,0xff,0x3d,0x10,0x3a,0xff,
    0x73,0x37,0x76,0xff,0x72,0x36,0x77,0xff,0x32,0x0a,0x27,0xff,0x34,0x0c,0x2a,0xff,0x39,0x0f,0x31,0xff,0x4f,0x1c,0x4b,0xff,0x50,0x1c,0x4b,0xff,0x4f,0x1b,0x4a,0xff,
    0x4f,0x1b,0x4b,0xff,0x4f,0x1b,0x4a,0xff,0x52,0x1c,0x4b,0xff,0x4f,0x1b,0x4b,0xff,0x3f,0x10,0x37,0xff,0x3c,0x10,0x34,0xff,0x3c,0x10,0x34,0xff,0x3c,0x10,0x34,0xff,
    0x3c,0x10,0x34,0xff,0x3c,0x10,0x34,0xff,0x3c,0x10,0x34,0xff,0x3b,0x11,0x34,0xff,0x3b,0x12,0x32,0xff,0x3b,0x12,0x32,0xff,0x37,0x10,0x2f,0xff,0x36,0x10,0x2d,0xff,
    0x34,0x12,0x2a,0xff,0x2a,0x0b,0x20,0xff,0x27,0x0b,0x22,0xff,0x2e,0x0e,0x27,0xff,0x2d,0x0d,0x25,0xff,0x2e,0x0e,0x26,0xff,0x29,0x0d,0x21,0xff,0x28,0x0c,0x20,0xff,
    0x2f,0x0d,0x29,0xff,0x30,0x0f,0x2a,0xff,0x30,0x11,0x2a,0xff,0x2f,0x12,0x28,0xff,0x2d,0x14,0x29,0xff,0x0f,0x07,0x11,0xff,0x0e,0x09,0x0f,0xff,0xff,0xff,0xff,0x01,
    0x00,0x00,0x00,0x00,0x00,0x00,0x00,0x00,0x00,0x00,0x00,0x00,0x00,0x00,0x00,0x00,0x00,0x00,0x00,0x00,0x00,0x00,0x00,0x00,0x00,0x00,0x00,0x00,0x00,0x00,0x00,0x00,
    0x00,0x00,0x00,0x00,0x00,0x00,0x00,0x00,0x00,0x00,0x00,0x00,0x00,0x00,0x00,0x00,0x00,0x00,0x00,0x00,0x00,0x00,0x00,0x00,0x00,0x00,0x00,0x00,0x00,0x00,0x00,0x00,
    0x00,0x00,0x00,0x00,0x00,0x00,0x00,0x00,0x00,0x00,0x00,0x00,0x00,0x00,0x00,0x00,0x00,0x00,0x00,0x00,0x00,0x00,0x00,0x00,0x00,0x00,0x00,0x00,0x00,0x00,0x00,0x00,
    0x00,0x00,0x00,0x00,0x00,0x00,0x00,0x00,0x00,0x00,0x00,0x00,0x00,0x00,0x00,0x00,0x00,0x00,0x00,0x00,0x00,0x00,0x00,0x00,0x00,0x00,0x00,0x00,0x00,0x00,0x00,0x00,
    0x00,0x00,0x00,0x00,0x00,0x00,0x00,0x00,0x00,0x00,0x00,0x00,0x00,0x00,0x00,0x00,0x00,0x00,0x00,0x00,0x00,0x00,0x00,0x00,0x00,0x00,0x00,0x00,0x00,0x00,0x00,0x00,
    0x00,0x00,0x00,0x00,0x00,0x00,0x00,0x00,0x00,0x00,0x00,0x00,0x00,0x00,0x00,0x00,0x00,0x00,0x00,0x00,0x00,0x00,0x00,0x00,0x00,0x00,0x00,0x00,0x00,0x00,0x00,0x00,
    0x00,0x00,0x00,0x00,0x00,0x00,0x00,0x00,0x00,0x00,0x00,0x00,0x00,0x00,0x00,0x00,0x00,0x00,0x00,0x00,0x00,0x00,0x00,0x00,0x00,0x00,0x00,0x00,0x00,0x00,0x00,0x00,
    0x00,0x00,0x00,0x00,0x42,0x42,0x46,0x3a,0x09,0x09,0x16,0xff,0x10,0x12,0x21,0xff,0x59,0x6e,0x8c,0xff,0x56,0x6b,0x87,0xff,0x07,0x0a,0x17,0xff,0x0c,0x0c,0x18,0xff,
    0x23,0x23,0x2b,0xa7,0x00,0x00,0x00,0x00,0x00,0x00,0x00,0x00,0x00,0x00,0x00,0x00,0x00,0x00,0x00,0x00,0x00,0x00,0x00,0x00,0x00,0x00,0x00,0x00,0x00,0x00,0x00,0x00,
    0x00,0x00,0x00,0x00,0x00,0x00,0x00,0x00,0x00,0x00,0x00,0x00,0x00,0x00,0x00,0x00,0x11,0x0d,0x12,0xf1,0x0f,0x07,0x11,0xff,0x1c,0x05,0x1b,0xff,0x45,0x13,0x3e,0xff,
    0x41,0x15,0x3e,0xff,0x3b,0x11,0x34,0xff,0x3b,0x12,0x32,0xff,0x76,0x3b,0x78,0xff,0x75,0x38,0x78,0xff,0x42,0x13,0x41,0xff,0x30,0x0e,0x26,0xff,0x3d,0x12,0x3a,0xff,
    0x72,0x36,0x73,0xff,0x74,0x38,0x78,0xff,0x30,0x0c,0x27,0xff,0x30,0x0e,0x28,0xff,0x35,0x10,0x2d,0xff,0x4d,0x1c,0x4a,0xff,0x52,0x1b,0x4c,0xff,0x50,0x1c,0x4b,0xff,
    0x4f,0x1b,0x4b,0xff,0x4f,0x1b,0x4a,0xff,0x52,0x1c,0x4b,0xff,0x50,0x1c,0x4c,0xff,0x3f,0x10,0x37,0xff,0x3b,0x0f,0x33,0xff,0x3c,0x10,0x34,0xff,0x3c,0x10,0x34,0xff,
    0x3c,0x10,0x34,0xff,0x3c,0x10,0x34,0xff,0x3d,0x11,0x35,0xff,0x3b,0x11,0x34,0xff,0x3b,0x12,0x33,0xff,0x3b,0x12,0x32,0xff,0x36,0x0f,0x2f,0xff,0x38,0x0f,0x2e,0xff,
    0x34,0x11,0x2b,0xff,0x2a,0x0a,0x22,0xff,0x27,0x0c,0x20,0xff,0x2e,0x0e,0x27,0xff,0x2f,0x0d,0x27,0xff,0x2e,0x0e,0x27,0xff,0x28,0x0c,0x20,0xff,0x27,0x0b,0x1f,0xff,
    0x2b,0x0d,0x26,0xff,0x31,0x0f,0x2a,0xff,0x34,0x11,0x2c,0xff,0x36,0x10,0x2d,0xff,0x36,0x12,0x2d,0xff,0x0f,0x07,0x12,0xff,0x0e,0x08,0x0f,0xff,0xff,0xff,0xff,0x01,
    0x00,0x00,0x00,0x00,0x00,0x00,0x00,0x00,0x00,0x00,0x00,0x00,0x00,0x00,0x00,0x00,0x00,0x00,0x00,0x00,0x00,0x00,0x00,0x00,0x00,0x00,0x00,0x00,0x00,0x00,0x00,0x00,
    0x00,0x00,0x00,0x00,0x00,0x00,0x00,0x00,0x00,0x00,0x00,0x00,0x00,0x00,0x00,0x00,0x00,0x00,0x00,0x00,0x00,0x00,0x00,0x00,0x00,0x00,0x00,0x00,0x00,0x00,0x00,0x00,
    0x00,0x00,0x00,0x00,0x00,0x00,0x00,0x00,0x00,0x00,0x00,0x00,0x00,0x00,0x00,0x00,0x00,0x00,0x00,0x00,0x00,0x00,0x00,0x00,0x00,0x00,0x00,0x00,0x00,0x00,0x00,0x00,
    0x00,0x00,0x00,0x00,0x00,0x00,0x00,0x00,0x00,0x00,0x00,0x00,0x00,0x00,0x00,0x00,0x00,0x00,0x00,0x00,0x00,0x00,0x00,0x00,0x00,0x00,0x00,0x00,0x00,0x00,0x00,0x00,
    0x00,0x00,0x00,0x00,0x00,0x00,0x00,0x00,0x00,0x00,0x00,0x00,0x00,0x00,0x00,0x00,0x00,0x00,0x00,0x00,0x00,0x00,0x00,0x00,0x00,0x00,0x00,0x00,0x00,0x00,0x00,0x00,
    0x00,0x00,0x00,0x00,0x00,0x00,0x00,0x00,0x00,0x00,0x00,0x00,0x00,0x00,0x00,0x00,0x00,0x00,0x00,0x00,0x00,0x00,0x00,0x00,0x00,0x00,0x00,0x00,0x00,0x00,0x00,0x00,
    0x00,0x00,0x00,0x00,0x00,0x00,0x00,0x00,0x00,0x00,0x00,0x00,0x00,0x00,0x00,0x00,0x00,0x00,0x00,0x00,0x00,0x00,0x00,0x00,0x00,0x00,0x00,0x00,0x00,0x00,0x00,0x00,
    0x00,0x00,0x00,0x00,0x45,0x45,0x49,0x3b,0x0a,0x0b,0x17,0xff,0x0f,0x12,0x21,0xff,0x51,0x65,0x85,0xff,0x51,0x65,0x83,0xff,0x07,0x0b,0x18,0xff,0x0c,0x0c,0x19,0xff,
    0x20,0x21,0x29,0xa8,0x00,0x00,0x00,0x00,0x00,0x00,0x00,0x00,0x00,0x00,0x00,0x00,0x00,0x00,0x00,0x00,0x00,0x00,0x00,0x00,0x00,0x00,0x00,0x00,0x00,0x00,0x00,0x00,
    0x00,0x00,0x00,0x00,0x00,0x00,0x00,0x00,0x00,0x00,0x00,0x00,0x00,0x00,0x00,0x00,0x0f,0x0c,0x11,0xf1,0x0d,0x06,0x0e,0xff,0x1a,0x04,0x18,0xff,0x49,0x13,0x43,0xff,
    0x47,0x17,0x43,0xff,0x3a,0x10,0x33,0xff,0x3a,0x11,0x32,0xff,0x75,0x3a,0x78,0xff,0x77,0x3a,0x7a,0xff,0x42,0x13,0x41,0xff,0x31,0x0e,0x27,0xff,0x3f,0x14,0x3a,0xff,
    0x71,0x36,0x73,0xff,0x76,0x38,0x7a,0xff,0x31,0x0d,0x27,0xff,0x2e,0x0f,0x27,0xff,0x35,0x0f,0x2d,0xff,0x4d,0x1c,0x4b,0xff,0x51,0x1a,0x4b,0xff,0x50,0x1b,0x4a,0xff,
    0x51,0x1b,0x4b,0xff,0x50,0x1c,0x4b,0xff,0x4f,0x1c,0x4c,0xff,0x50,0x1d,0x4b,0xff,0x3e,0x11,0x37,0xff,0x3c,0x11,0x31,0xff,0x3b,0x10,0x34,0xff,0x3b,0x10,0x35,0xff,
    0x3c,0x10,0x34,0xff,0x41,0x13,0x3b,0xff,0x44,0x13,0x3c,0xff,0x40,0x14,0x3a,0xff,0x3c,0x11,0x35,0xff,0x3a,0x10,0x32,0xff,0x3a,0x0f,0x31,0xff,0x39,0x0f,0x31,0xff,
    0x35,0x12,0x2d,0xff,0x29,0x09,0x21,0xff,0x26,0x0b,0x1f,0xff,0x34,0x0f,0x2c,0xff,0x33,0x0d,0x2c,0xff,0x32,0x0f,0x2c,0xff,0x27,0x0b,0x1e,0xff,0x26,0x0b,0x1f,0xff,
    0x2c,0x0d,0x24,0xff,0x2d,0x0e,0x25,0xff,0x31,0x0e,0x29,0xff,0x38,0x10,0x31,0xff,0x34,0x12,0x30,0xff,0x10,0x07,0x12,0xff,0x0e,0x09,0x0f,0xff,0xff,0xff,0xff,0x01,
    0x00,0x00,0x00,0x00,0x00,0x00,0x00,0x00,0x00,0x00,0x00,0x00,0x00,0x00,0x00,0x00,0x00,0x00,0x00,0x00,0x00,0x00,0x00,0x00,0x00,0x00,0x00,0x00,0x00,0x00,0x00,0x00,
    0x00,0x00,0x00,0x00,0x00,0x00,0x00,0x00,0x00,0x00,0x00,0x00,0x00,0x00,0x00,0x00,0x00,0x00,0x00,0x00,0x00,0x00,0x00,0x00,0x00,0x00,0x00,0x00,0x00,0x00,0x00,0x00,
    0x00,0x00,0x00,0x00,0x00,0x00,0x00,0x00,0x00,0x00,0x00,0x00,0x00,0x00,0x00,0x00,0x00,0x00,0x00,0x00,0x00,0x00,0x00,0x00,0x00,0x00,0x00,0x00,0x00,0x00,0x00,0x00,
    0x00,0x00,0x00,0x00,0x00,0x00,0x00,0x00,0x00,0x00,0x00,0x00,0x00,0x00,0x00,0x00,0x00,0x00,0x00,0x00,0x00,0x00,0x00,0x00,0x00,0x00,0x00,0x00,0x00,0x00,0x00,0x00,
    0x00,0x00,0x00,0x00,0x00,0x00,0x00,0x00,0x00,0x00,0x00,0x00,0x00,0x00,0x00,0x00,0x00,0x00,0x00,0x00,0x00,0x00,0x00,0x00,0x00,0x00,0x00,0x00,0x00,0x00,0x00,0x00,
    0x00,0x00,0x00,0x00,0x00,0x00,0x00,0x00,0x00,0x00,0x00,0x00,0x00,0x00,0x00,0x00,0x00,0x00,0x00,0x00,0x00,0x00,0x00,0x00,0x00,0x00,0x00,0x00,0x00,0x00,0x00,0x00,
    0x00,0x00,0x00,0x00,0x00,0x00,0x00,0x00,0x00,0x00,0x00,0x00,0x00,0x00,0x00,0x00,0x00,0x00,0x00,0x00,0x00,0x00,0x00,0x00,0x00,0x00,0x00,0x00,0x00,0x00,0x00,0x00,
    0x00,0x00,0x00,0x00,0x47,0x47,0x4b,0x3d,0x0a,0x0b,0x16,0xff,0x0f,0x11,0x21,0xff,0x3e,0x52,0x75,0xff,0x43,0x56,0x77,0xff,0x09,0x0d,0x19,0xff,0x0b,0x0b,0x18,0xff,
    0x1f,0x20,0x29,0xa7,0x00,0x00,0x00,0x00,0x00,0x00,0x00,0x00,0x00,0x00,0x00,0x00,0x00,0x00,0x00,0x00,0x00,0x00,0x00,0x00,0x00,0x00,0x00,0x00,0x00,0x00,0x00,0x00,
    0x00,0x00,0x00,0x00,0x00,0x00,0x00,0x00,0x00,0x00,0x00,0x00,0x00,0x00,0x00,0x00,0x10,0x0d,0x12,0xf0,0x0e,0x07,0x0e,0xff,0x18,0x04,0x17,0xff,0x50,0x19,0x4a,0xff,
    0x4e,0x1d,0x49,0xff,0x3a,0x0f,0x33,0xff,0x3b,0x12,0x32,0xff,0x76,0x3b,0x78,0xff,0x76,0x39,0x79,0xff,0x42,0x14,0x41,0xff,0x31,0x0e,0x27,0xff,0x3f,0x13,0x3b,0xff,
    0x72,0x36,0x76,0xff,0x75,0x38,0x79,0xff,0x33,0x0d,0x28,0xff,0x31,0x10,0x29,0xff,0x37,0x0f,0x2f,0xff,0x4c,0x1a,0x4a,0xff,0x51,0x1a,0x4b,0xff,0x51,0x1b,0x4a,0xff,
    0x51,0x1b,0x4a,0xff,0x4f,0x1b,0x4a,0xff,0x4f,0x1d,0x4d,0xff,0x4f,0x20,0x4b,0xff,0x3d,0x11,0x36,0xff,0x3c,0x12,0x31,0xff,0x3b,0x10,0x35,0xff,0x3b,0x10,0x35,0xff,
    0x3b,0x0f,0x33,0xff,0x4f,0x1c,0x4a,0xff,0x51,0x1b,0x4a,0xff,0x4c,0x1d,0x44,0xff,0x3b,0x11,0x34,0xff,0x3a,0x10,0x33,0xff,0x3b,0x0f,0x33,0xff,0x3a,0x10,0x33,0xff,
    0x37,0x13,0x31,0xff,0x29,0x0a,0x21,0xff,0x27,0x0c,0x20,0xff,0x3b,0x13,0x32,0xff,0x3b,0x11,0x35,0xff,0x38,0x11,0x32,0xff,0x26,0x09,0x1d,0xff,0x25,0x0a,0x1f,0xff,
    0x28,0x0b,0x22,0xff,0x26,0x0c,0x1e,0xff,0x2e,0x0d,0x27,0xff,0x3d,0x11,0x35,0xff,0x37,0x14,0x31,0xff,0x10,0x07,0x11,0xff,0x0d,0x08,0x0e,0xff,0xff,0xff,0xff,0x01,
    0x00,0x00,0x00,0x00,0x00,0x00,0x00,0x00,0x00,0x00,0x00,0x00,0x00,0x00,0x00,0x00,0x00,0x00,0x00,0x00,0x00,0x00,0x00,0x00,0x00,0x00,0x00,0x00,0x00,0x00,0x00,0x00,
    0x00,0x00,0x00,0x00,0x00,0x00,0x00,0x00,0x00,0x00,0x00,0x00,0x00,0x00,0x00,0x00,0x00,0x00,0x00,0x00,0x00,0x00,0x00,0x00,0x00,0x00,0x00,0x00,0x00,0x00,0x00,0x00,
    0x00,0x00,0x00,0x00,0x00,0x00,0x00,0x00,0x00,0x00,0x00,0x00,0x00,0x00,0x00,0x00,0x00,0x00,0x00,0x00,0x00,0x00,0x00,0x00,0x00,0x00,0x00,0x00,0x00,0x00,0x00,0x00,
    0x00,0x00,0x00,0x00,0x00,0x00,0x00,0x00,0x00,0x00,0x00,0x00,0x00,0x00,0x00,0x00,0x00,0x00,0x00,0x00,0x00,0x00,0x00,0x00,0x00,0x00,0x00,0x00,0x00,0x00,0x00,0x00,
    0x00,0x00,0x00,0x00,0x00,0x00,0x00,0x00,0x00,0x00,0x00,0x00,0x00,0x00,0x00,0x00,0x00,0x00,0x00,0x00,0x00,0x00,0x00,0x00,0x00,0x00,0x00,0x00,0x00,0x00,0x00,0x00,
    0x00,0x00,0x00,0x00,0x00,0x00,0x00,0x00,0x00,0x00,0x00,0x00,0x00,0x00,0x00,0x00,0x00,0x00,0x00,0x00,0x00,0x00,0x00,0x00,0x00,0x00,0x00,0x00,0x00,0x00,0x00,0x00,
    0x00,0x00,0x00,0x00,0x00,0x00,0x00,0x00,0x00,0x00,0x00,0x00,0x00,0x00,0x00,0x00,0x00,0x00,0x00,0x00,0x00,0x00,0x00,0x00,0x00,0x00,0x00,0x00,0x00,0x00,0x00,0x00,
    0x00,0x00,0x00,0x00,0x49,0x49,0x49,0x3f,0x0a,0x0b,0x15,0xff,0x0b,0x0e,0x1d,0xff,0x42,0x56,0x79,0xff,0x44,0x57,0x78,0xff,0x08,0x0c,0x19,0xff,0x0a,0x0a,0x17,0xff,
    0x1d,0x1e,0x27,0xa9,0x00,0x00,0x00,0x00,0x00,0x00,0x00,0x00,0x00,0x00,0x00,0x00,0x00,0x00,0x00,0x00,0x00,0x00,0x00,0x00,0x00,0x00,0x00,0x00,0x00,0x00,0x00,0x00,
    0x00,0x00,0x00,0x00,0x00,0x00,0x00,0x00,0x00,0x00,0x00,0x00,0x00,0x00,0x00,0x00,0x10,0x0d,0x12,0xf0,0x0d,0x06,0x0d,0xff,0x19,0x03,0x18,0xff,0x51,0x1a,0x4b,0xff,
    0x4c,0x1c,0x47,0xff,0x39,0x10,0x31,0xff,0x3a,0x11,0x30,0xff,0x77,0x3c,0x79,0xff,0x76,0x39,0x79,0xff,0x42,0x14,0x41,0xff,0x31,0x0e,0x27,0xff,0x40,0x13,0x3c,0xff,
    0x73,0x37,0x74,0xff,0x73,0x36,0x77,0xff,0x34,0x0c,0x2b,0xff,0x32,0x0e,0x2b,0xff,0x39,0x0f,0x31,0xff,0x4e,0x1c,0x4b,0xff,0x4f,0x1b,0x4b,0xff,0x50,0x1b,0x4a,0xff,
    0x4f,0x1b,0x4a,0xff,0x50,0x1c,0x4b,0xff,0x50,0x1c,0x4c,0xff,0x4f,0x1e,0x4b,0xff,0x3f,0x11,0x38,0xff,0x3d,0x10,0x33,0xff,0x3c,0x10,0x35,0xff,0x3c,0x10,0x34,0xff,
    0x3c,0x10,0x35,0xff,0x4c,0x1b,0x47,0xff,0x51,0x1b,0x4a,0xff,0x4d,0x1e,0x45,0xff,0x3b,0x11,0x34,0xff,0x3a,0x10,0x33,0xff,0x3c,0x10,0x34,0xff,0x3a,0x10,0x33,0xff,
    0x39,0x13,0x31,0xff,0x2c,0x09,0x23,0xff,0x2b,0x0b,0x23,0xff,0x3d,0x13,0x33,0xff,0x3c,0x12,0x35,0xff,0x39,0x11,0x33,0xff,0x28,0x08,0x1f,0xff,0x27,0x0a,0x21,0xff,
    0x26,0x09,0x20,0xff,0x25,0x0b,0x1d,0xff,0x2e,0x0d,0x27,0xff,0x3d,0x11,0x35,0xff,0x37,0x14,0x31,0xff,0x10,0x07,0x11,0xff,0x0d,0x08,0x0e,0xff,0xff,0xff,0xff,0x01,
    0x00,0x00,0x00,0x00,0x00,0x00,0x00,0x00,0x00,0x00,0x00,0x00,0x00,0x00,0x00,0x00,0x00,0x00,0x00,0x00,0x00,0x00,0x00,0x00,0x00,0x00,0x00,0x00,0x00,0x00,0x00,0x00,
    0x00,0x00,0x00,0x00,0x00,0x00,0x00,0x00,0x00,0x00,0x00,0x00,0x00,0x00,0x00,0x00,0x00,0x00,0x00,0x00,0x00,0x00,0x00,0x00,0x00,0x00,0x00,0x00,0x00,0x00,0x00,0x00,
    0x00,0x00,0x00,0x00,0x00,0x00,0x00,0x00,0x00,0x00,0x00,0x00,0x00,0x00,0x00,0x00,0x00,0x00,0x00,0x00,0x00,0x00,0x00,0x00,0x00,0x00,0x00,0x00,0x00,0x00,0x00,0x00,
    0x00,0x00,0x00,0x00,0x00,0x00,0x00,0x00,0x00,0x00,0x00,0x00,0x00,0x00,0x00,0x00,0x00,0x00,0x00,0x00,0x00,0x00,0x00,0x00,0x00,0x00,0x00,0x00,0x00,0x00,0x00,0x00,
    0x00,0x00,0x00,0x00,0x00,0x00,0x00,0x00,0x00,0x00,0x00,0x00,0x00,0x00,0x00,0x00,0x00,0x00,0x00,0x00,0x00,0x00,0x00,0x00,0x00,0x00,0x00,0x00,0x00,0x00,0x00,0x00,
    0x00,0x00,0x00,0x00,0x00,0x00,0x00,0x00,0x00,0x00,0x00,0x00,0x00,0x00,0x00,0x00,0x00,0x00,0x00,0x00,0x00,0x00,0x00,0x00,0x00,0x00,0x00,0x00,0x00,0x00,0x00,0x00,
    0x00,0x00,0x00,0x00,0x00,0x00,0x00,0x00,0x00,0x00,0x00,0x00,0x00,0x00,0x00,0x00,0x00,0x00,0x00,0x00,0x00,0x00,0x00,0x00,0x00,0x00,0x00,0x00,0x00,0x00,0x00,0x00,
    0x00,0x00,0x00,0x00,0x46,0x46,0x4a,0x3e,0x0a,0x0b,0x15,0xff,0x0e,0x11,0x20,0xff,0x31,0x45,0x68,0xff,0x31,0x44,0x65,0xff,0x06,0x0a,0x17,0xff,0x0b,0x0b,0x18,0xff,
    0x20,0x21,0x2a,0xa9,0x00,0x00,0x00,0x00,0x00,0x00,0x00,0x00,0x00,0x00,0x00,0x00,0x00,0x00,0x00,0x00,0x00,0x00,0x00,0x00,0x00,0x00,0x00,0x00,0x00,0x00,0x00,0x00,
    0x00,0x00,0x00,0x00,0x00,0x00,0x00,0x00,0x00,0x00,0x00,0x00,0x00,0x00,0x00,0x00,0x0e,0x0b,0x10,0xf0,0x0e,0x07,0x0e,0xff,0x1a,0x03,0x19,0xff,0x53,0x1a,0x4d,0xff,
    0x4c,0x1b,0x47,0xff,0x38,0x11,0x31,0xff,0x37,0x11,0x2f,0xff,0x76,0x3b,0x78,0xff,0x75,0x38,0x78,0xff,0x42,0x14,0x42,0xff,0x31,0x0f,0x28,0xff,0x41,0x15,0x3e,0xff,
    0x75,0x38,0x75,0xff,0x73,0x34,0x75,0xff,0x3c,0x12,0x33,0xff,0x3b,0x12,0x36,0xff,0x40,0x14,0x39,0xff,0x4e,0x1c,0x4b,0xff,0x4f,0x1b,0x49,0xff,0x4f,0x1b,0x4a,0xff,
    0x4e,0x1b,0x4a,0xff,0x4f,0x1b,0x4a,0xff,0x50,0x1c,0x4b,0xff,0x4f,0x1d,0x4a,0xff,0x4f,0x1d,0x48,0xff,0x4f,0x1d,0x46,0xff,0x49,0x19,0x42,0xff,0x3c,0x10,0x34,0xff,
    0x3c,0x10,0x34,0xff,0x4c,0x1b,0x47,0xff,0x51,0x1b,0x4a,0xff,0x4e,0x1f,0x46,0xff,0x3a,0x10,0x33,0xff,0x3a,0x10,0x33,0xff,0x3c,0x10,0x34,0xff,0x3b,0x11,0x34,0xff,
    0x3a,0x13,0x31,0xff,0x3a,0x12,0x30,0xff,0x39,0x14,0x31,0xff,0x3c,0x13,0x33,0xff,0x3c,0x12,0x35,0xff,0x3a,0x13,0x34,0xff,0x31,0x0f,0x27,0xff,0x2f,0x0d,0x27,0xff,
    0x27,0x0a,0x21,0xff,0x27,0x0d,0x1f,0xff,0x2e,0x0c,0x26,0xff,0x3b,0x0f,0x33,0xff,0x35,0x13,0x30,0xff,0x10,0x06,0x11,0xff,0x0e,0x08,0x0e,0xff,0xff,0xff,0xff,0x01,
    0x00,0x00,0x00,0x00,0x00,0x00,0x00,0x00,0x00,0x00,0x00,0x00,0x00,0x00,0x00,0x00,0x00,0x00,0x00,0x00,0x00,0x00,0x00,0x00,0x00,0x00,0x00,0x00,0x00,0x00,0x00,0x00,
    0x00,0x00,0x00,0x00,0x00,0x00,0x00,0x00,0x00,0x00,0x00,0x00,0x00,0x00,0x00,0x00,0x00,0x00,0x00,0x00,0x00,0x00,0x00,0x00,0x00,0x00,0x00,0x00,0x00,0x00,0x00,0x00,
    0x00,0x00,0x00,0x00,0x00,0x00,0x00,0x00,0x00,0x00,0x00,0x00,0x00,0x00,0x00,0x00,0x00,0x00,0x00,0x00,0x00,0x00,0x00,0x00,0x00,0x00,0x00,0x00,0x00,0x00,0x00,0x00,
    0x00,0x00,0x00,0x00,0x00,0x00,0x00,0x00,0x00,0x00,0x00,0x00,0x00,0x00,0x00,0x00,0x00,0x00,0x00,0x00,0x00,0x00,0x00,0x00,0x00,0x00,0x00,0x00,0x00,0x00,0x00,0x00,
    0x00,0x00,0x00,0x00,0x00,0x00,0x00,0x00,0x00,0x00,0x00,0x00,0x00,0x00,0x00,0x00,0x00,0x00,0x00,0x00,0x00,0x00,0x00,0x00,0x00,0x00,0x00,0x00,0x00,0x00,0x00,0x00,
    0x00,0x00,0x00,0x00,0x00,0x00,0x00,0x00,0x00,0x00,0x00,0x00,0x00,0x00,0x00,0x00,0x00,0x00,0x00,0x00,0x00,0x00,0x00,0x00,0x00,0x00,0x00,0x00,0x00,0x00,0x00,0x00,
    0x00,0x00,0x00,0x00,0x00,0x00,0x00,0x00,0x00,0x00,0x00,0x00,0x00,0x00,0x00,0x00,0x00,0x00,0x00,0x00,0x00,0x00,0x00,0x00,0x00,0x00,0x00,0x00,0x00,0x00,0x00,0x00,
    0x00,0x00,0x00,0x00,0x48,0x44,0x4c,0x3c,0x0b,0x0c,0x16,0xff,0x0d,0x10,0x20,0xff,0x30,0x43,0x66,0xff,0x2e,0x41,0x62,0xff,0x07,0x0b,0x18,0xff,0x0b,0x0b,0x17,0xff,
    0x1f,0x20,0x29,0xa7,0x00,0x00,0x00,0x00,0x00,0x00,0x00,0x00,0x00,0x00,0x00,0x00,0x00,0x00,0x00,0x00,0x00,0x00,0x00,0x00,0x00,0x00,0x00,0x00,0x00,0x00,0x00,0x00,
    0x00,0x00,0x00,0x00,0x00,0x00,0x00,0x00,0x00,0x00,0x00,0x00,0x00,0x00,0x00,0x00,0x0f,0x0b,0x11,0xf0,0x0f,0x08,0x0f,0xff,0x1b,0x02,0x19,0xff,0x51,0x18,0x4b,0xff,
    0x4d,0x1d,0x47,0xff,0x37,0x11,0x2f,0xff,0x36,0x0f,0x2e,0xff,0x75,0x3a,0x77,0xff,0x74,0x37,0x77,0xff,0x42,0x14,0x42,0xff,0x32,0x0f,0x28,0xff,0x41,0x16,0x3e,0xff,
    0x72,0x35,0x72,0xff,0x75,0x35,0x76,0xff,0x3e,0x11,0x35,0xff,0x3e,0x12,0x3a,0xff,0x40,0x13,0x3a,0xff,0x4e,0x1b,0x4a,0xff,0x4f,0x1c,0x48,0xff,0x4d,0x1c,0x48,0xff,
    0x4f,0x1c,0x4c,0xff,0x4f,0x1b,0x4b,0xff,0x50,0x1c,0x4b,0xff,0x4f,0x1b,0x4a,0xff,0x50,0x1c,0x4b,0xff,0x52,0x1d,0x49,0xff,0x4b,0x1a,0x45,0xff,0x3b,0x10,0x32,0xff,
    0x3c,0x10,0x34,0xff,0x4c,0x1b,0x47,0xff,0x51,0x1b,0x4a,0xff,0x4d,0x1e,0x45,0xff,0x3b,0x11,0x34,0xff,0x3a,0x10,0x33,0xff,0x3b,0x0f,0x33,0xff,0x3a,0x10,0x33,0xff,
    0x3b,0x12,0x31,0xff,0x3c,0x13,0x32,0xff,0x3c,0x13,0x33,0xff,0x3b,0x12,0x32,0xff,0x3b,0x11,0x34,0xff,0x39,0x11,0x33,0xff,0x31,0x0e,0x28,0xff,0x2f,0x0c,0x27,0xff,
    0x29,0x0a,0x23,0xff,0x27,0x0d,0x1f,0xff,0x2e,0x0c,0x26,0xff,0x3b,0x0f,0x33,0xff,0x35,0x13,0x30,0xff,0x10,0x07,0x11,0xff,0x0e,0x09,0x0f,0xff,0xff,0xff,0xff,0x01,
    0x00,0x00,0x00,0x00,0x00,0x00,0x00,0x00,0x00,0x00,0x00,0x00,0x00,0x00,0x00,0x00,0x00,0x00,0x00,0x00,0x00,0x00,0x00,0x00,0x00,0x00,0x00,0x00,0x00,0x00,0x00,0x00,
    0x00,0x00,0x00,0x00,0x00,0x00,0x00,0x00,0x00,0x00,0x00,0x00,0x00,0x00,0x00,0x00,0x00,0x00,0x00,0x00,0x00,0x00,0x00,0x00,0x00,0x00,0x00,0x00,0x00,0x00,0x00,0x00,
    0x00,0x00,0x00,0x00,0x00,0x00,0x00,0x00,0x00,0x00,0x00,0x00,0x00,0x00,0x00,0x00,0x00,0x00,0x00,0x00,0x00,0x00,0x00,0x00,0x00,0x00,0x00,0x00,0x00,0x00,0x00,0x00,
    0x00,0x00,0x00,0x00,0x00,0x00,0x00,0x00,0x00,0x00,0x00,0x00,0x00,0x00,0x00,0x00,0x00,0x00,0x00,0x00,0x00,0x00,0x00,0x00,0x00,0x00,0x00,0x00,0x00,0x00,0x00,0x00,
    0x00,0x00,0x00,0x00,0x00,0x00,0x00,0x00,0x00,0x00,0x00,0x00,0x00,0x00,0x00,0x00,0x00,0x00,0x00,0x00,0x00,0x00,0x00,0x00,0x00,0x00,0x00,0x00,0x00,0x00,0x00,0x00,
    0x00,0x00,0x00,0x00,0x00,0x00,0x00,0x00,0x00,0x00,0x00,0x00,0x00,0x00,0x00,0x00,0x00,0x00,0x00,0x00,0x00,0x00,0x00,0x00,0x00,0x00,0x00,0x00,0x00,0x00,0x00,0x00,
    0x00,0x00,0x00,0x00,0x00,0x00,0x00,0x00,0x00,0x00,0x00,0x00,0x00,0x00,0x00,0x00,0x00,0x00,0x00,0x00,0x00,0x00,0x00,0x00,0x00,0x00,0x00,0x00,0x00,0x00,0x00,0x00,
    0x00,0x00,0x00,0x00,0x44,0x48,0x4c,0x3c,0x0b,0x0b,0x18,0xff,0x0d,0x0f,0x1f,0xff,0x2e,0x41,0x64,0xff,0x32,0x43,0x64,0xff,0x08,0x0b,0x18,0xff,0x0b,0x0b,0x17,0xff,
    0x23,0x23,0x2b,0xa8,0x00,0x00,0x00,0x00,0x00,0x00,0x00,0x00,0x00,0x00,0x00,0x00,0x00,0x00,0x00,0x00,0x00,0x00,0x00,0x00,0x00,0x00,0x00,0x00,0x00,0x00,0x00,0x00,
    0x00,0x00,0x00,0x00,0x00,0x00,0x00,0x00,0x00,0x00,0x00,0x00,0x00,0x00,0x00,0x00,0x14,0x0d,0x13,0xf0,0x16,0x05,0x13,0xff,0x25,0x07,0x22,0xff,0x52,0x1a,0x4d,0xff,
    0x4d,0x1c,0x48,0xff,0x36,0x10,0x2e,0xff,0x36,0x10,0x2e,0xff,0x74,0x3b,0x76,0xff,0x74,0x38,0x76,0xff,0x43,0x14,0x42,0xff,0x32,0x10,0x29,0xff,0x3f,0x14,0x3c,0xff,
    0x71,0x36,0x71,0xff,0x75,0x36,0x77,0xff,0x41,0x13,0x38,0xff,0x3e,0x12,0x37,0xff,0x41,0x15,0x3a,0xff,0x4c,0x1e,0x45,0xff,0x4b,0x1c,0x44,0xff,0x4f,0x1d,0x49,0xff,
    0x50,0x1c,0x4c,0xff,0x50,0x1c,0x4b,0xff,0x50,0x1c,0x4b,0xff,0x4f,0x1b,0x4a,0xff,0x50,0x1b,0x4a,0xff,0x52,0x1c,0x4c,0xff,0x4c,0x1b,0x46,0xff,0x3b,0x10,0x33,0xff,
    0x3b,0x0f,0x34,0xff,0x4e,0x1c,0x48,0xff,0x50,0x1c,0x49,0xff,0x4c,0x1a,0x45,0xff,0x3c,0x0d,0x36,0xff,0x3c,0x0d,0x35,0xff,0x3a,0x0e,0x33,0xff,0x3b,0x11,0x34,0xff,
    0x3b,0x11,0x33,0xff,0x3b,0x12,0x34,0xff,0x3c,0x11,0x34,0xff,0x3b,0x11,0x33,0xff,0x3b,0x12,0x33,0xff,0x3b,0x12,0x33,0xff,0x34,0x0d,0x2a,0xff,0x33,0x0d,0x2a,0xff,
    0x2a,0x0b,0x22,0xff,0x27,0x0d,0x1f,0xff,0x2e,0x0d,0x26,0xff,0x3c,0x10,0x34,0xff,0x36,0x13,0x32,0xff,0x0f,0x06,0x11,0xff,0x0f,0x07,0x10,0xff,0xff,0xff,0xff,0x01,
    0x00,0x00,0x00,0x00,0x00,0x00,0x00,0x00,0x00,0x00,0x00,0x00,0x00,0x00,0x00,0x00,0x00,0x00,0x00,0x00,0x00,0x00,0x00,0x00,0x00,0x00,0x00,0x00,0x00,0x00,0x00,0x00,
    0x00,0x00,0x00,0x00,0x00,0x00,0x00,0x00,0x00,0x00,0x00,0x00,0x00,0x00,0x00,0x00,0x00,0x00,0x00,0x00,0x00,0x00,0x00,0x00,0x00,0x00,0x00,0x00,0x00,0x00,0x00,0x00,
    0x00,0x00,0x00,0x00,0x00,0x00,0x00,0x00,0x00,0x00,0x00,0x00,0x00,0x00,0x00,0x00,0x00,0x00,0x00,0x00,0x00,0x00,0x00,0x00,0x00,0x00,0x00,0x00,0x00,0x00,0x00,0x00,
    0x00,0x00,0x00,0x00,0x00,0x00,0x00,0x00,0x00,0x00,0x00,0x00,0x00,0x00,0x00,0x00,0x00,0x00,0x00,0x00,0x00,0x00,0x00,0x00,0x00,0x00,0x00,0x00,0x00,0x00,0x00,0x00,
    0x00,0x00,0x00,0x00,0x00,0x00,0x00,0x00,0x00,0x00,0x00,0x00,0x00,0x00,0x00,0x00,0x00,0x00,0x00,0x00,0x00,0x00,0x00,0x00,0x00,0x00,0x00,0x00,0x00,0x00,0x00,0x00,
    0x00,0x00,0x00,0x00,0x00,0x00,0x00,0x00,0x00,0x00,0x00,0x00,0x00,0x00,0x00,0x00,0x00,0x00,0x00,0x00,0x00,0x00,0x00,0x00,0x00,0x00,0x00,0x00,0x00,0x00,0x00,0x00,
    0x00,0x00,0x00,0x00,0x00,0x00,0x00,0x00,0x00,0x00,0x00,0x00,0x00,0x00,0x00,0x00,0x00,0x00,0x00,0x00,0x00,0x00,0x00,0x00,0x00,0x00,0x00,0x00,0x00,0x00,0x00,0x00,
    0x00,0x00,0x00,0x00,0x3e,0x42,0x46,0x3a,0x0a,0x0a,0x16,0xff,0x0c,0x0e,0x1e,0xff,0x2d,0x40,0x63,0xff,0x32,0x43,0x64,0xff,0x08,0x0b,0x18,0xff,0x0b,0x0b,0x17,0xff,
    0x24,0x23,0x2a,0xa9,0x00,0x00,0x00,0x00,0x00,0x00,0x00,0x00,0x00,0x00,0x00,0x00,0x00,0x00,0x00,0x00,0x00,0x00,0x00,0x00,0x00,0x00,0x00,0x00,0x00,0x00,0x00,0x00,
    0x00,0x00,0x00,0x00,0x00,0x00,0x00,0x00,0x14,0x0e,0x14,0xfe,0x11,0x0a,0x11,0xfe,0x24,0x10,0x1e,0xff,0x2a,0x0b,0x22,0xff,0x2c,0x09,0x27,0xff,0x52,0x1b,0x4c,0xff,
    0x4c,0x1b,0x47,0xff,0x36,0x10,0x2e,0xff,0x36,0x10,0x2e,0xff,0x73,0x3b,0x76,0xff,0x75,0x39,0x76,0xff,0x44,0x15,0x43,0xff,0x30,0x0e,0x27,0xff,0x3b,0x10,0x38,0xff,
    0x73,0x38,0x72,0xff,0x72,0x35,0x76,0xff,0x3f,0x11,0x36,0xff,0x3f,0x13,0x37,0xff,0x3d,0x12,0x37,0xff,0x3c,0x12,0x33,0xff,0x3c,0x10,0x35,0xff,0x51,0x1e,0x49,0xff,
    0x50,0x1c,0x4b,0xff,0x50,0x1c,0x4b,0xff,0x50,0x1c,0x4b,0xff,0x4f,0x1b,0x4a,0xff,0x4f,0x1b,0x4a,0xff,0x51,0x1a,0x4b,0xff,0x4d,0x1c,0x46,0xff,0x3b,0x11,0x34,0xff,
    0x3b,0x0f,0x34,0xff,0x4e,0x1b,0x47,0xff,0x4e,0x1b,0x47,0xff,0x50,0x1c,0x4b,0xff,0x4c,0x1b,0x48,0xff,0x4e,0x1d,0x49,0xff,0x3b,0x0f,0x34,0xff,0x3a,0x10,0x33,0xff,
    0x3b,0x11,0x34,0xff,0x3a,0x10,0x33,0xff,0x3a,0x10,0x33,0xff,0x3b,0x11,0x34,0xff,0x3b,0x11,0x33,0xff,0x3c,0x13,0x33,0xff,0x3b,0x12,0x32,0xff,0x3b,0x12,0x31,0xff,
    0x2d,0x0b,0x24,0xff,0x26,0x0c,0x1e,0xff,0x2f,0x0d,0x26,0xff,0x3d,0x11,0x35,0xff,0x36,0x13,0x32,0xff,0x0d,0x09,0x0d,0xff,0x10,0x09,0x0f,0xff,0xff,0xff,0xff,0x01,
    0x00,0x00,0x00,0x00,0x00,0x00,0x00,0x00,0x00,0x00,0x00,0x00,0x00,0x00,0x00,0x00,0x00,0x00,0x00,0x00,0x00,0x00,0x00,0x00,0x00,0x00,0x00,0x00,0x00,0x00,0x00,0x00,
    0x00,0x00,0x00,0x00,0x00,0x00,0x00,0x00,0x00,0x00,0x00,0x00,0x00,0x00,0x00,0x00,0x00,0x00,0x00,0x00,0x00,0x00,0x00,0x00,0x00,0x00,0x00,0x00,0x00,0x00,0x00,0x00,
    0x00,0x00,0x00,0x00,0x00,0x00,0x00,0x00,0x00,0x00,0x00,0x00,0x00,0x00,0x00,0x00,0x00,0x00,0x00,0x00,0x00,0x00,0x00,0x00,0x00,0x00,0x00,0x00,0x00,0x00,0x00,0x00,
    0x00,0x00,0x00,0x00,0x00,0x00,0x00,0x00,0x00,0x00,0x00,0x00,0x00,0x00,0x00,0x00,0x00,0x00,0x00,0x00,0x00,0x00,0x00,0x00,0x00,0x00,0x00,0x00,0x00,0x00,0x00,0x00,
    0x00,0x00,0x00,0x00,0x00,0x00,0x00,0x00,0x00,0x00,0x00,0x00,0x00,0x00,0x00,0x00,0x00,0x00,0x00,0x00,0x00,0x00,0x00,0x00,0x00,0x00,0x00,0x00,0x00,0x00,0x00,0x00,
    0x00,0x00,0x00,0x00,0x00,0x00,0x00,0x00,0x00,0x00,0x00,0x00,0x00,0x00,0x00,0x00,0x00,0x00,0x00,0x00,0x00,0x00,0x00,0x00,0x00,0x00,0x00,0x00,0x00,0x00,0x00,0x00,
    0x00,0x00,0x00,0x00,0x00,0x00,0x00,0x00,0x00,0x00,0x00,0x00,0x00,0x00,0x00,0x00,0x00,0x00,0x00,0x00,0x00,0x00,0x00,0x00,0x00,0x00,0x00,0x00,0x00,0x00,0x00,0x00,
    0x00,0x00,0x00,0x00,0x44,0x48,0x4c,0x3c,0x0a,0x0a,0x16,0xff,0x0c,0x0f,0x1e,0xff,0x30,0x43,0x66,0xff,0x31,0x42,0x63,0xff,0x08,0x0b,0x18,0xff,0x0b,0x0b,0x17,0xff,
    0x21,0x21,0x29,0xa9,0x00,0x00,0x00,0x00,0x00,0x00,0x00,0x00,0x00,0x00,0x00,0x00,0x00,0x00,0x00,0x00,0x00,0x00,0x00,0x00,0x00,0x00,0x00,0x00,0x00,0x00,0x00,0x00,
    0x00,0x00,0x00,0x00,0x00,0x00,0x00,0x00,0x10,0x08,0x12,0xff,0x11,0x08,0x12,0xff,0x29,0x0d,0x23,0xff,0x31,0x08,0x27,0xff,0x31,0x0a,0x2a,0xff,0x52,0x1b,0x4d,0xff,
    0x49,0x1b,0x46,0xff,0x36,0x0f,0x2f,0xff,0x36,0x10,0x2e,0xff,0x73,0x3b,0x76,0xff,0x75,0x39,0x76,0xff,0x42,0x14,0x42,0xff,0x30,0x0f,0x27,0xff,0x3c,0x12,0x3a,0xff,
    0x71,0x36,0x70,0xff,0x71,0x34,0x73,0xff,0x3f,0x11,0x36,0xff,0x3d,0x11,0x36,0xff,0x3e,0x13,0x37,0xff,0x3c,0x13,0x32,0xff,0x3d,0x12,0x33,0xff,0x4f,0x1d,0x47,0xff,
    0x50,0x1c,0x4b,0xff,0x50,0x1c,0x4b,0xff,0x50,0x1c,0x4b,0xff,0x4f,0x1b,0x4a,0xff,0x4f,0x1b,0x4a,0xff,0x51,0x1a,0x4b,0xff,0x4d,0x1c,0x46,0xff,0x3b,0x11,0x34,0xff,
    0x3b,0x0f,0x34,0xff,0x4f,0x1c,0x47,0xff,0x50,0x1d,0x49,0xff,0x4e,0x1a,0x49,0xff,0x4d,0x1c,0x4a,0xff,0x4c,0x1b,0x47,0xff,0x3a,0x0d,0x34,0xff,0x3a,0x10,0x33,0xff,
    0x3b,0x11,0x34,0xff,0x3b,0x11,0x34,0xff,0x3b,0x11,0x34,0xff,0x3b,0x11,0x34,0xff,0x3b,0x11,0x34,0xff,0x3c,0x12,0x35,0xff,0x3b,0x12,0x32,0xff,0x3c,0x13,0x33,0xff,
    0x2d,0x0b,0x26,0xff,0x25,0x0b,0x1e,0xff,0x30,0x0d,0x28,0xff,0x3d,0x11,0x35,0xff,0x39,0x14,0x34,0xff,0x12,0x07,0x11,0xff,0x11,0x05,0x10,0xff,0xff,0xff,0xff,0x01,
    0x00,0x00,0x00,0x00,0x00,0x00,0x00,0x00,0x00,0x00,0x00,0x00,0x00,0x00,0x00,0x00,0x00,0x00,0x00,0x00,0x00,0x00,0x00,0x00,0x00,0x00,0x00,0x00,0x00,0x00,0x00,0x00,
    0x00,0x00,0x00,0x00,0x00,0x00,0x00,0x00,0x00,0x00,0x00,0x00,0x00,0x00,0x00,0x00,0x00,0x00,0x00,0x00,0x00,0x00,0x00,0x00,0x00,0x00,0x00,0x00,0x00,0x00,0x00,0x00,
    0x00,0x00,0x00,0x00,0x00,0x00,0x00,0x00,0x00,0x00,0x00,0x00,0x00,0x00,0x00,0x00,0x00,0x00,0x00,0x00,0x00,0x00,0x00,0x00,0x00,0x00,0x00,0x00,0x00,0x00,0x00,0x00,
    0x00,0x00,0x00,0x00,0x00,0x00,0x00,0x00,0x00,0x00,0x00,0x00,0x00,0x00,0x00,0x00,0x00,0x00,0x00,0x00,0x00,0x00,0x00,0x00,0x00,0x00,0x00,0x00,0x00,0x00,0x00,0x00,
    0x00,0x00,0x00,0x00,0x00,0x00,0x00,0x00,0x00,0x00,0x00,0x00,0x00,0x00,0x00,0x00,0x00,0x00,0x00,0x00,0x00,0x00,0x00,0x00,0x00,0x00,0x00,0x00,0x00,0x00,0x00,0x00,
    0x00,0x00,0x00,0x00,0x00,0x00,0x00,0x00,0x00,0x00,0x00,0x00,0x00,0x00,0x00,0x00,0x00,0x00,0x00,0x00,0x00,0x00,0x00,0x00,0x00,0x00,0x00,0x00,0x00,0x00,0x00,0x00,
    0x00,0x00,0x00,0x00,0x00,0x00,0x00,0x00,0x00,0x00,0x00,0x00,0x00,0x00,0x00,0x00,0x00,0x00,0x00,0x00,0x00,0x00,0x00,0x00,0x00,0x00,0x00,0x00,0x00,0x00,0x00,0x00,
    0x00,0x00,0x00,0x00,0x44,0x48,0x4c,0x3c,0x0a,0x0a,0x16,0xff,0x0c,0x0e,0x1e,0xff,0x2f,0x42,0x65,0xff,0x31,0x42,0x63,0xff,0x07,0x0a,0x17,0xff,0x0a,0x0a,0x16,0xff,
    0x21,0x21,0x29,0xa9,0x00,0x00,0x00,0x00,0x00,0x00,0x00,0x00,0x00,0x00,0x00,0x00,0x00,0x00,0x00,0x00,0x00,0x00,0x00,0x00,0x00,0x00,0x00,0x00,0x00,0x00,0x00,0x00,
    0x00,0x00,0x00,0x00,0x00,0x00,0x00,0x00,0x0c,0x07,0x10,0xff,0x10,0x06,0x13,0xff,0x33,0x14,0x2c,0xff,0x3c,0x0f,0x30,0xff,0x3b,0x10,0x34,0xff,0x4f,0x18,0x49,0xff,
    0x4b,0x1d,0x47,0xff,0x37,0x0e,0x2e,0xff,0x36,0x10,0x2e,0xff,0x72,0x3a,0x75,0xff,0x73,0x37,0x74,0xff,0x41,0x13,0x40,0xff,0x30,0x0e,0x27,0xff,0x3e,0x13,0x3b,0xff,
    0x63,0x29,0x60,0xff,0x64,0x28,0x66,0xff,0x42,0x14,0x3a,0xff,0x40,0x12,0x3a,0xff,0x3f,0x14,0x39,0xff,0x3c,0x13,0x32,0xff,0x3b,0x11,0x31,0xff,0x50,0x1e,0x49,0xff,
    0x50,0x1c,0x4b,0xff,0x50,0x1c,0x4b,0xff,0x50,0x1c,0x4b,0xff,0x50,0x1c,0x4b,0xff,0x50,0x1c,0x4b,0xff,0x51,0x1a,0x4b,0xff,0x4d,0x1c,0x46,0xff,0x3b,0x10,0x34,0xff,
    0x3b,0x0f,0x34,0xff,0x4f,0x1c,0x48,0xff,0x4f,0x1b,0x4a,0xff,0x50,0x1c,0x4c,0xff,0x4d,0x1c,0x4a,0xff,0x4d,0x1c,0x4a,0xff,0x3a,0x0d,0x34,0xff,0x3a,0x10,0x33,0xff,
    0x3b,0x11,0x34,0xff,0x3b,0x11,0x34,0xff,0x3b,0x11,0x34,0xff,0x3b,0x10,0x35,0xff,0x3b,0x11,0x34,0xff,0x3b,0x11,0x34,0xff,0x3b,0x11,0x34,0xff,0x3b,0x12,0x32,0xff,
    0x2e,0x0c,0x26,0xff,0x29,0x0e,0x22,0xff,0x31,0x0e,0x28,0xff,0x3e,0x12,0x36,0xff,0x37,0x11,0x32,0xff,0x33,0x14,0x2f,0xff,0x30,0x14,0x2c,0xff,0x1d,0x0f,0x1c,0xd9,
    0x16,0x0f,0x16,0xd8,0x74,0x5d,0x74,0x0b,0x00,0x00,0x00,0x00,0x00,0x00,0x00,0x00,0x00,0x00,0x00,0x00,0x00,0x00,0x00,0x00,0x00,0x00,0x00,0x00,0x00,0x00,0x00,0x00,
    0x00,0x00,0x00,0x00,0x00,0x00,0x00,0x00,0x00,0x00,0x00,0x00,0x00,0x00,0x00,0x00,0x00,0x00,0x00,0x00,0x00,0x00,0x00,0x00,0x00,0x00,0x00,0x00,0x00,0x00,0x00,0x00,
    0x00,0x00,0x00,0x00,0x00,0x00,0x00,0x00,0x00,0x00,0x00,0x00,0x00,0x00,0x00,0x00,0x00,0x00,0x00,0x00,0x00,0x00,0x00,0x00,0x00,0x00,0x00,0x00,0x00,0x00,0x00,0x00,
    0x00,0x00,0x00,0x00,0x00,0x00,0x00,0x00,0x00,0x00,0x00,0x00,0x00,0x00,0x00,0x00,0x00,0x00,0x00,0x00,0x00,0x00,0x00,0x00,0x00,0x00,0x00,0x00,0x00,0x00,0x00,0x00,
    0x00,0x00,0x00,0x00,0x00,0x00,0x00,0x00,0x00,0x00,0x00,0x00,0x00,0x00,0x00,0x00,0x00,0x00,0x00,0x00,0x00,0x00,0x00,0x00,0x00,0x00,0x00,0x00,0x00,0x00,0x00,0x00,
    0x00,0x00,0x00,0x00,0x00,0x00,0x00,0x00,0x00,0x00,0x00,0x00,0x00,0x00,0x00,0x00,0x00,0x00,0x00,0x00,0x00,0x00,0x00,0x00,0x00,0x00,0x00,0x00,0x00,0x00,0x00,0x00,
    0x00,0x00,0x00,0x00,0x00,0x00,0x00,0x00,0x00,0x00,0x00,0x00,0x00,0x00,0x00,0x00,0x00,0x00,0x00,0x00,0x00,0x00,0x00,0x00,0x00,0x00,0x00,0x00,0x00,0x00,0x00,0x00,
    0x00,0x00,0x00,0x00,0x45,0x49,0x4d,0x3f,0x0a,0x0a,0x17,0xff,0x0d,0x10,0x1f,0xff,0x30,0x43,0x66,0xff,0x30,0x41,0x62,0xff,0x07,0x0a,0x17,0xff,0x0a,0x0a,0x16,0xff,
    0x21,0x21,0x29,0xaa,0x00,0x00,0x00,0x00,0x00,0x00,0x00,0x00,0x00,0x00,0x00,0x00,0x00,0x00,0x00,0x00,0x00,0x00,0x00,0x00,0x00,0x00,0x00,0x00,0x00,0x00,0x00,0x00,
    0x00,0x00,0x00,0x00,0x00,0x00,0x00,0x00,0x0d,0x09,0x0f,0xff,0x0e,0x06,0x11,0xff,0x32,0x14,0x2e,0xff,0x3d,0x0f,0x33,0xff,0x39,0x0c,0x33,0xff,0x4e,0x17,0x48,0xff,
    0x49,0x1b,0x45,0xff,0x37,0x0e,0x2e,0xff,0x36,0x10,0x2e,0xff,0x70,0x38,0x73,0xff,0x73,0x37,0x75,0xff,0x43,0x15,0x42,0xff,0x30,0x0e,0x27,0xff,0x3a,0x10,0x37,0xff,
    0x64,0x2a,0x61,0xff,0x63,0x27,0x64,0xff,0x42,0x13,0x3a,0xff,0x41,0x13,0x3d,0xff,0x40,0x13,0x3b,0xff,0x3b,0x12,0x32,0xff,0x3b,0x0f,0x31,0xff,0x50,0x1d,0x4b,0xff,
    0x50,0x1c,0x4c,0xff,0x50,0x1c,0x4b,0xff,0x50,0x1c,0x4b,0xff,0x50,0x1c,0x4b,0xff,0x50,0x1c,0x4b,0xff,0x51,0x1a,0x4b,0xff,0x4d,0x1c,0x47,0xff,0x3b,0x10,0x34,0xff,
    0x3b,0x0f,0x34,0xff,0x50,0x1d,0x48,0xff,0x50,0x1c,0x4b,0xff,0x50,0x1c,0x4c,0xff,0x4d,0x1b,0x4b,0xff,0x4d,0x1c,0x4a,0xff,0x3a,0x0c,0x36,0xff,0x3a,0x10,0x33,0xff,
    0x3b,0x11,0x34,0xff,0x3b,0x11,0x34,0xff,0x3b,0x11,0x34,0xff,0x3b,0x10,0x35,0xff,0x3b,0x10,0x35,0xff,0x3b,0x11,0x34,0xff,0x3b,0x11,0x34,0xff,0x3b,0x11,0x33,0xff,
    0x30,0x0d,0x2a,0xff,0x2a,0x0e,0x25,0xff,0x30,0x0d,0x29,0xff,0x3b,0x0f,0x33,0xff,0x3a,0x12,0x35,0xff,0x3a,0x0f,0x33,0xff,0x37,0x14,0x32,0xff,0x13,0x04,0x12,0xff,
    0x0c,0x08,0x0d,0xff,0x55,0x55,0x55,0x0f,0x00,0x00,0x00,0x00,0x00,0x00,0x00,0x00,0x00,0x00,0x00,0x00,0x00,0x00,0x00,0x00,0x00,0x00,0x00,0x00,0x00,0x00,0x00,0x00,
    0x00,0x00,0x00,0x00,0x00,0x00,0x00,0x00,0x00,0x00,0x00,0x00,0x00,0x00,0x00,0x00,0x00,0x00,0x00,0x00,0x00,0x00,0x00,0x00,0x00,0x00,0x00,0x00,0x00,0x00,0x00,0x00,
    0x00,0x00,0x00,0x00,0x00,0x00,0x00,0x00,0x00,0x00,0x00,0x00,0x00,0x00,0x00,0x00,0x00,0x00,0x00,0x00,0x00,0x00,0x00,0x00,0x00,0x00,0x00,0x00,0x00,0x00,0x00,0x00,
    0x00,0x00,0x00,0x00,0x00,0x00,0x00,0x00,0x00,0x00,0x00,0x00,0x00,0x00,0x00,0x00,0x00,0x00,0x00,0x00,0x00,0x00,0x00,0x00,0x00,0x00,0x00,0x00,0x00,0x00,0x00,0x00,
    0x00,0x00,0x00,0x00,0x00,0x00,0x00,0x00,0x00,0x00,0x00,0x00,0x00,0x00,0x00,0x00,0x00,0x00,0x00,0x00,0x00,0x00,0x00,0x00,0x00,0x00,0x00,0x00,0x00,0x00,0x00,0x00,
    0x00,0x00,0x00,0x00,0x00,0x00,0x00,0x00,0x00,0x00,0x00,0x00,0x00,0x00,0x00,0x00,0x00,0x00,0x00,0x00,0x00,0x00,0x00,0x00,0x00,0x00,0x00,0x00,0x00,0x00,0x00,0x00,
    0x00,0x00,0x00,0x00,0x00,0x00,0x00,0x00,0x00,0x00,0x00,0x00,0x00,0x00,0x00,0x00,0x00,0x00,0x00,0x00,0x00,0x00,0x00,0x00,0x00,0x00,0x00,0x00,0x00,0x00,0x00,0x00,
    0x00,0x00,0x00,0x00,0x47,0x47,0x4b,0x3d,0x0a,0x0b,0x15,0xff,0x0d,0x11,0x1d,0xff,0x30,0x42,0x65,0xff,0x32,0x41,0x62,0xff,0x07,0x0a,0x17,0xff,0x0b,0x0c,0x16,0xff,
    0x24,0x22,0x2a,0xaa,0x00,0x00,0x00,0x00,0x00,0x00,0x00,0x00,0x00,0x00,0x00,0x00,0x00,0x00,0x00,0x00,0x00,0x00,0x00,0x00,0x00,0x00,0x00,0x00,0x00,0x00,0x00,0x00,
    0x00,0x00,0x00,0x00,0x00,0x00,0x00,0x00,0x0c,0x08,0x0d,0xff,0x0d,0x05,0x0e,0xff,0x36,0x16,0x30,0xff,0x47,0x15,0x3e,0xff,0x4a,0x18,0x42,0xff,0x46,0x17,0x3c,0xff,
    0x41,0x11,0x3b,0xff,0x4f,0x1d,0x4d,0xff,0x57,0x21,0x56,0xff,0x74,0x3b,0x73,0xff,0x70,0x33,0x76,0xff,0x3e,0x11,0x39,0xff,0x29,0x0c,0x23,0xff,0x39,0x0f,0x35,0xff,
    0x65,0x29,0x64,0xff,0x64,0x27,0x67,0xff,0x3f,0x15,0x38,0xff,0x42,0x12,0x3c,0xff,0x3f,0x12,0x3b,0xff,0x3a,0x12,0x32,0xff,0x3b,0x10,0x34,0xff,0x5e,0x25,0x5a,0xff,
    0x67,0x2b,0x67,0xff,0x60,0x27,0x5e,0xff,0x4e,0x1a,0x49,0xff,0x4f,0x1c,0x4c,0xff,0x50,0x1c,0x4b,0xff,0x50,0x1e,0x49,0xff,0x4f,0x1d,0x47,0xff,0x49,0x17,0x41,0xff,
    0x49,0x17,0x41,0xff,0x4f,0x1d,0x47,0xff,0x50,0x1c,0x4b,0xff,0x50,0x1c,0x4b,0xff,0x4f,0x1b,0x4a,0xff,0x4f,0x1c,0x48,0xff,0x3e,0x0e,0x38,0xff,0x3a,0x11,0x31,0xff,
    0x3b,0x12,0x32,0xff,0x3b,0x12,0x32,0xff,0x3c,0x12,0x35,0xff,0x3c,0x12,0x35,0xff,0x3b,0x11,0x34,0xff,0x3b,0x11,0x34,0xff,0x3b,0x11,0x34,0xff,0x3b,0x11,0x34,0xff,
    0x2d,0x0f,0x25,0xff,0x29,0x0d,0x21,0xff,0x2d,0x0d,0x25,0xff,0x30,0x10,0x29,0xff,0x2f,0x0e,0x28,0xff,0x3b,0x12,0x35,0xff,0x39,0x12,0x31,0xff,0x11,0x05,0x13,0xff,
    0x08,0x09,0x0f,0xff,0x66,0x55,0x66,0x0f,0x00,0x00,0x00,0x00,0x00,0x00,0x00,0x00,0x00,0x00,0x00,0x00,0x00,0x00,0x00,0x00,0x00,0x00,0x00,0x00,0x00,0x00,0x00,0x00,
    0x00,0x00,0x00,0x00,0x00,0x00,0x00,0x00,0x00,0x00,0x00,0x00,0x00,0x00,0x00,0x00,0x00,0x00,0x00,0x00,0x00,0x00,0x00,0x00,0x00,0x00,0x00,0x00,0x00,0x00,0x00,0x00,
    0x00,0x00,0x00,0x00,0x00,0x00,0x00,0x00,0x00,0x00,0x00,0x00,0x00,0x00,0x00,0x00,0x00,0x00,0x00,0x00,0x00,0x00,0x00,0x00,0x00,0x00,0x00,0x00,0x00,0x00,0x00,0x00,
    0x00,0x00,0x00,0x00,0x00,0x00,0x00,0x00,0x00,0x00,0x00,0x00,0x00,0x00,0x00,0x00,0x00,0x00,0x00,0x00,0x00,0x00,0x00,0x00,0x00,0x00,0x00,0x00,0x00,0x00,0x00,0x00,
    0x00,0x00,0x00,0x00,0x00,0x00,0x00,0x00,0x00,0x00,0x00,0x00,0x00,0x00,0x00,0x00,0x00,0x00,0x00,0x00,0x00,0x00,0x00,0x00,0x00,0x00,0x00,0x00,0x00,0x00,0x00,0x00,
    0x00,0x00,0x00,0x00,0x00,0x00,0x00,0x00,0x00,0x00,0x00,0x00,0x00,0x00,0x00,0x00,0x00,0x00,0x00,0x00,0x00,0x00,0x00,0x00,0x00,0x00,0x00,0x00,0x00,0x00,0x00,0x00,
    0x00,0x00,0x00,0x00,0x00,0x00,0x00,0x00,0x00,0x00,0x00,0x00,0x00,0x00,0x00,0x00,0x00,0x00,0x00,0x00,0x00,0x00,0x00,0x00,0x00,0x00,0x00,0x00,0x00,0x00,0x00,0x00,
    0x00,0x00,0x00,0x00,0x48,0x48,0x4c,0x3c,0x09,0x0a,0x15,0xff,0x0d,0x10,0x1d,0xff,0x2f,0x41,0x64,0xff,0x33,0x42,0x63,0xff,0x08,0x0b,0x18,0xff,0x0b,0x0b,0x16,0xff,
    0x23,0x23,0x2a,0xa9,0x00,0x00,0x00,0x00,0x00,0x00,0x00,0x00,0x00,0x00,0x00,0x00,0x00,0x00,0x00,0x00,0x00,0x00,0x00,0x00,0x00,0x00,0x00,0x00,0x00,0x00,0x00,0x00,
    0x00,0x00,0x00,0x00,0x00,0x00,0x00,0x00,0x0c,0x08,0x0e,0xff,0x0f,0x05,0x12,0xff,0x43,0x1f,0x40,0xff,0x4f,0x17,0x4a,0xff,0x4d,0x1c,0x4a,0xff,0x3e,0x11,0x38,0xff,
    0x41,0x0e,0x40,0xff,0x71,0x36,0x73,0xff,0x6f,0x34,0x71,0xff,0x71,0x35,0x71,0xff,0x6c,0x30,0x71,0xff,0x39,0x10,0x33,0xff,0x25,0x0b,0x1e,0xff,0x37,0x0f,0x33,0xff,
    0x66,0x29,0x65,0xff,0x69,0x2a,0x6b,0xff,0x3f,0x15,0x38,0xff,0x43,0x13,0x3d,0xff,0x3f,0x14,0x38,0xff,0x3a,0x12,0x31,0xff,0x3b,0x11,0x35,0xff,0x71,0x38,0x71,0xff,
    0x71,0x34,0x73,0xff,0x6a,0x31,0x68,0xff,0x4e,0x1a,0x49,0xff,0x4f,0x1c,0x4c,0xff,0x50,0x1c,0x4b,0xff,0x50,0x1c,0x4b,0xff,0x51,0x1d,0x4c,0xff,0x50,0x1c,0x4b,0xff,
    0x50,0x1c,0x4b,0xff,0x51,0x1d,0x4c,0xff,0x50,0x1c,0x4b,0xff,0x50,0x1c,0x4b,0xff,0x4f,0x1b,0x4a,0xff,0x4f,0x1c,0x48,0xff,0x3e,0x0e,0x38,0xff,0x3b,0x11,0x34,0xff,
    0x3b,0x11,0x34,0xff,0x3b,0x11,0x34,0xff,0x3b,0x11,0x34,0xff,0x3b,0x11,0x34,0xff,0x3b,0x11,0x34,0xff,0x3c,0x12,0x35,0xff,0x3b,0x11,0x34,0xff,0x3c,0x12,0x35,0xff,
    0x2c,0x0e,0x25,0xff,0x28,0x0c,0x20,0xff,0x29,0x0d,0x21,0xff,0x28,0x0c,0x20,0xff,0x29,0x0b,0x22,0xff,0x3c,0x11,0x35,0xff,0x3b,0x14,0x32,0xff,0x14,0x05,0x13,0xff,
    0x0b,0x08,0x0d,0xff,0x66,0x55,0x66,0x0f,0x00,0x00,0x00,0x00,0x00,0x00,0x00,0x00,0x00,0x00,0x00,0x00,0x00,0x00,0x00,0x00,0x00,0x00,0x00,0x00,0x00,0x00,0x00,0x00,
    0x00,0x00,0x00,0x00,0x00,0x00,0x00,0x00,0x00,0x00,0x00,0x00,0x00,0x00,0x00,0x00,0x00,0x00,0x00,0x00,0x00,0x00,0x00,0x00,0x00,0x00,0x00,0x00,0x00,0x00,0x00,0x00,
    0x00,0x00,0x00,0x00,0x00,0x00,0x00,0x00,0x00,0x00,0x00,0x00,0x00,0x00,0x00,0x00,0x00,0x00,0x00,0x00,0x00,0x00,0x00,0x00,0x00,0x00,0x00,0x00,0x00,0x00,0x00,0x00,
    0x00,0x00,0x00,0x00,0x00,0x00,0x00,0x00,0x00,0x00,0x00,0x00,0x00,0x00,0x00,0x00,0x00,0x00,0x00,0x00,0x00,0x00,0x00,0x00,0x00,0x00,0x00,0x00,0x00,0x00,0x00,0x00,
    0x00,0x00,0x00,0x00,0x00,0x00,0x00,0x00,0x00,0x00,0x00,0x00,0x00,0x00,0x00,0x00,0x00,0x00,0x00,0x00,0x00,0x00,0x00,0x00,0x00,0x00,0x00,0x00,0x00,0x00,0x00,0x00,
    0x00,0x00,0x00,0x00,0x00,0x00,0x00,0x00,0x00,0x00,0x00,0x00,0x00,0x00,0x00,0x00,0x00,0x00,0x00,0x00,0x00,0x00,0x00,0x00,0x00,0x00,0x00,0x00,0x00,0x00,0x00,0x00,
    0x00,0x00,0x00,0x00,0x00,0x00,0x00,0x00,0x00,0x00,0x00,0x00,0x00,0x00,0x00,0x00,0x00,0x00,0x00,0x00,0x00,0x00,0x00,0x00,0x00,0x00,0x00,0x00,0x00,0x00,0x00,0x00,
    0x00,0x00,0x00,0x00,0x42,0x42,0x46,0x3a,0x08,0x09,0x14,0xff,0x0d,0x10,0x1d,0xff,0x30,0x42,0x65,0xff,0x32,0x41,0x62,0xff,0x09,0x0c,0x19,0xff,0x0b,0x0c,0x16,0xff,
    0x21,0x21,0x29,0xa9,0x00,0x00,0x00,0x00,0x00,0x00,0x00,0x00,0x00,0x00,0x00,0x00,0x00,0x00,0x00,0x00,0x00,0x00,0x00,0x00,0x00,0x00,0x00,0x00,0x00,0x00,0x00,0x00,
    0x00,0x00,0x00,0x00,0x00,0x00,0x00,0x00,0x0f,0x09,0x10,0xff,0x10,0x04,0x11,0xff,0x44,0x1e,0x44,0xff,0x50,0x18,0x4b,0xff,0x45,0x19,0x40,0xff,0x37,0x11,0x2f,0xff,
    0x3b,0x0d,0x38,0xff,0x70,0x33,0x73,0xff,0x71,0x33,0x75,0xff,0x70,0x34,0x71,0xff,0x6b,0x30,0x73,0xff,0x38,0x12,0x33,0xff,0x22,0x0b,0x1b,0xff,0x32,0x0d,0x2e,0xff,
    0x67,0x2c,0x66,0xff,0x68,0x29,0x6b,0xff,0x41,0x15,0x3a,0xff,0x43,0x13,0x3c,0xff,0x40,0x15,0x39,0xff,0x3a,0x12,0x31,0xff,0x3b,0x10,0x35,0xff,0x6f,0x34,0x70,0xff,
    0x70,0x33,0x73,0xff,0x66,0x2e,0x65,0xff,0x50,0x1c,0x4b,0xff,0x4f,0x1c,0x4c,0xff,0x50,0x1c,0x4b,0xff,0x50,0x1c,0x4c,0xff,0x50,0x1c,0x4c,0xff,0x51,0x1d,0x4d,0xff,
    0x51,0x1d,0x4d,0xff,0x50,0x1c,0x4c,0xff,0x50,0x1c,0x4b,0xff,0x4f,0x1b,0x4a,0xff,0x4f,0x1b,0x4a,0xff,0x51,0x1e,0x4a,0xff,0x42,0x0f,0x3b,0xff,0x3e,0x0f,0x36,0xff,
    0x3c,0x10,0x35,0xff,0x3b,0x0f,0x34,0xff,0x3b,0x12,0x32,0xff,0x3b,0x11,0x34,0xff,0x3b,0x11,0x34,0xff,0x3b,0x11,0x34,0xff,0x3b,0x11,0x34,0xff,0x3c,0x12,0x35,0xff,
    0x2e,0x0b,0x26,0xff,0x2b,0x0b,0x24,0xff,0x29,0x0c,0x22,0xff,0x27,0x0c,0x20,0xff,0x26,0x0c,0x20,0xff,0x3d,0x11,0x34,0xff,0x36,0x11,0x30,0xff,0x16,0x02,0x12,0xff,
    0x13,0x07,0x12,0xff,0x5a,0x4b,0x5a,0x11,0x00,0x00,0x00,0x00,0x00,0x00,0x00,0x00,0x00,0x00,0x00,0x00,0x00,0x00,0x00,0x00,0x00,0x00,0x00,0x00,0x00,0x00,0x00,0x00,
    0x00,0x00,0x00,0x00,0x00,0x00,0x00,0x00,0x00,0x00,0x00,0x00,0x00,0x00,0x00,0x00,0x00,0x00,0x00,0x00,0x00,0x00,0x00,0x00,0x00,0x00,0x00,0x00,0x00,0x00,0x00,0x00,
    0x00,0x00,0x00,0x00,0x00,0x00,0x00,0x00,0x00,0x00,0x00,0x00,0x00,0x00,0x00,0x00,0x00,0x00,0x00,0x00,0x00,0x00,0x00,0x00,0x00,0x00,0x00,0x00,0x00,0x00,0x00,0x00,
    0x00,0x00,0x00,0x00,0x00,0x00,0x00,0x00,0x00,0x00,0x00,0x00,0x00,0x00,0x00,0x00,0x00,0x00,0x00,0x00,0x00,0x00,0x00,0x00,0x00,0x00,0x00,0x00,0x00,0x00,0x00,0x00,
    0x00,0x00,0x00,0x00,0x00,0x00,0x00,0x00,0x00,0x00,0x00,0x00,0x00,0x00,0x00,0x00,0x00,0x00,0x00,0x00,0x00,0x00,0x00,0x00,0x00,0x00,0x00,0x00,0x00,0x00,0x00,0x00,
    0x00,0x00,0x00,0x00,0x00,0x00,0x00,0x00,0x00,0x00,0x00,0x00,0x00,0x00,0x00,0x00,0x00,0x00,0x00,0x00,0x00,0x00,0x00,0x00,0x00,0x00,0x00,0x00,0x00,0x00,0x00,0x00,
    0x00,0x00,0x00,0x00,0x00,0x00,0x00,0x00,0x00,0x00,0x00,0x00,0x00,0x00,0x00,0x00,0x00,0x00,0x00,0x00,0x00,0x00,0x00,0x00,0x00,0x00,0x00,0x00,0x00,0x00,0x00,0x00,
    0x00,0x00,0x00,0x00,0x42,0x42,0x46,0x3a,0x09,0x0a,0x15,0xff,0x0c,0x0f,0x1c,0xff,0x30,0x43,0x65,0xff,0x33,0x42,0x63,0xff,0x07,0x0a,0x17,0xff,0x0b,0x0b,0x16,0xff,
    0x20,0x20,0x27,0xa9,0x00,0x00,0x00,0x00,0x00,0x00,0x00,0x00,0x00,0x00,0x00,0x00,0x00,0x00,0x00,0x00,0x00,0x00,0x00,0x00,0x00,0x00,0x00,0x00,0x00,0x00,0x00,0x00,
    0x00,0x00,0x00,0x00,0x00,0x00,0x00,0x00,0x0f,0x08,0x0f,0xff,0x11,0x04,0x12,0xff,0x46,0x1e,0x43,0xff,0x50,0x17,0x4a,0xff,0x47,0x1b,0x3f,0xff,0x32,0x0e,0x26,0xff,
    0x36,0x0b,0x30,0xff,0x70,0x35,0x72,0xff,0x6f,0x31,0x73,0xff,0x72,0x33,0x71,0xff,0x6e,0x33,0x76,0xff,0x34,0x11,0x31,0xff,0x1b,0x09,0x17,0xff,0x2d,0x0d,0x2b,0xff,
    0x67,0x2b,0x65,0xff,0x6a,0x28,0x6b,0xff,0x41,0x14,0x3b,0xff,0x43,0x13,0x3d,0xff,0x40,0x14,0x3a,0xff,0x3a,0x12,0x32,0xff,0x3a,0x0f,0x34,0xff,0x6e,0x33,0x6f,0xff,
    0x70,0x32,0x73,0xff,0x67,0x2f,0x66,0xff,0x50,0x1c,0x4b,0xff,0x4f,0x1c,0x4c,0xff,0x50,0x1c,0x4b,0xff,0x50,0x1c,0x4b,0xff,0x51,0x1d,0x4c,0xff,0x51,0x1d,0x4c,0xff,
    0x51,0x1d,0x4c,0xff,0x51,0x1d,0x4c,0xff,0x50,0x1c,0x4b,0xff,0x4f,0x1b,0x4a,0xff,0x50,0x1c,0x4b,0xff,0x50,0x1d,0x49,0xff,0x52,0x1f,0x4b,0xff,0x4e,0x1d,0x49,0xff,
    0x43,0x16,0x3d,0xff,0x3c,0x10,0x35,0xff,0x3b,0x12,0x32,0xff,0x3b,0x11,0x34,0xff,0x3b,0x11,0x34,0xff,0x3c,0x12,0x35,0xff,0x3c,0x12,0x35,0xff,0x3c,0x12,0x35,0xff,
    0x3c,0x13,0x35,0xff,0x3a,0x15,0x33,0xff,0x33,0x13,0x2c,0xff,0x29,0x0d,0x22,0xff,0x27,0x0d,0x20,0xff,0x3c,0x10,0x33,0xff,0x38,0x12,0x33,0xff,0x2f,0x11,0x29,0xff,
    0x2d,0x13,0x27,0xff,0x12,0x07,0x13,0xff,0x0d,0x09,0x0e,0xff,0x08,0x06,0x07,0xe3,0x00,0x00,0x00,0x00,0x00,0x00,0x00,0x00,0x00,0x00,0x00,0x00,0x00,0x00,0x00,0x00,
    0x00,0x00,0x00,0x00,0x00,0x00,0x00,0x00,0x00,0x00,0x00,0x00,0x00,0x00,0x00,0x00,0x00,0x00,0x00,0x00,0x00,0x00,0x00,0x00,0x00,0x00,0x00,0x00,0x00,0x00,0x00,0x00,
    0x00,0x00,0x00,0x00,0x00,0x00,0x00,0x00,0x00,0x00,0x00,0x00,0x00,0x00,0x00,0x00,0x00,0x00,0x00,0x00,0x00,0x00,0x00,0x00,0x00,0x00,0x00,0x00,0x00,0x00,0x00,0x00,
    0x00,0x00,0x00,0x00,0x00,0x00,0x00,0x00,0x00,0x00,0x00,0x00,0x00,0x00,0x00,0x00,0x00,0x00,0x00,0x00,0x00,0x00,0x00,0x00,0x00,0x00,0x00,0x00,0x00,0x00,0x00,0x00,
    0x00,0x00,0x00,0x00,0x00,0x00,0x00,0x00,0x00,0x00,0x00,0x00,0x00,0x00,0x00,0x00,0x00,0x00,0x00,0x00,0x00,0x00,0x00,0x00,0x00,0x00,0x00,0x00,0x00,0x00,0x00,0x00,
    0x00,0x00,0x00,0x00,0x00,0x00,0x00,0x00,0x00,0x00,0x00,0x00,0x00,0x00,0x00,0x00,0x00,0x00,0x00,0x00,0x00,0x00,0x00,0x00,0x00,0x00,0x00,0x00,0x00,0x00,0x00,0x00,
    0x00,0x00,0x00,0x00,0x00,0x00,0x00,0x00,0x00,0x00,0x00,0x00,0x00,0x00,0x00,0x00,0x00,0x00,0x00,0x00,0x00,0x00,0x00,0x00,0x00,0x00,0x00,0x00,0x00,0x00,0x00,0x00,
    0x00,0x00,0x00,0x00,0x41,0x41,0x45,0x3b,0x09,0x0a,0x15,0xff,0x0a,0x0e,0x1b,0xff,0x2c,0x3f,0x61,0xff,0x31,0x41,0x62,0xff,0x0b,0x0d,0x1d,0xff,0x0d,0x0d,0x19,0xff,
    0x21,0x21,0x29,0xa8,0x00,0x00,0x00,0x00,0x00,0x00,0x00,0x00,0x00,0x00,0x00,0x00,0x00,0x00,0x00,0x00,0x00,0x00,0x00,0x00,0x00,0x00,0x00,0x00,0x00,0x00,0x00,0x00,
    0x00,0x00,0x00,0x00,0x00,0x00,0x00,0x00,0x13,0x09,0x12,0xff,0x14,0x06,0x13,0xff,0x48,0x1f,0x41,0xff,0x51,0x16,0x48,0xff,0x49,0x1b,0x45,0xff,0x32,0x0d,0x27,0xff,
    0x35,0x0a,0x2f,0xff,0x71,0x36,0x73,0xff,0x73,0x33,0x75,0xff,0x70,0x34,0x70,0xff,0x6f,0x32,0x73,0xff,0x32,0x10,0x31,0xff,0x18,0x09,0x18,0xff,0x2f,0x0e,0x2c,0xff,
    0x68,0x2c,0x67,0xff,0x69,0x29,0x6e,0xff,0x42,0x14,0x3b,0xff,0x43,0x13,0x3d,0xff,0x40,0x14,0x3a,0xff,0x3a,0x11,0x33,0xff,0x3b,0x10,0x36,0xff,0x6f,0x34,0x70,0xff,
    0x6f,0x33,0x71,0xff,0x6a,0x30,0x68,0xff,0x50,0x1c,0x4b,0xff,0x4f,0x1c,0x4b,0xff,0x50,0x1c,0x4b,0xff,0x51,0x1d,0x4c,0xff,0x51,0x1d,0x4c,0xff,0x51,0x1d,0x4c,0xff,
    0x52,0x1e,0x4d,0xff,0x51,0x1d,0x4c,0xff,0x50,0x1c,0x4b,0xff,0x4f,0x1b,0x4a,0xff,0x51,0x1d,0x4c,0xff,0x50,0x1d,0x49,0xff,0x4f,0x1c,0x48,0xff,0x51,0x1d,0x4c,0xff,
    0x44,0x14,0x3e,0xff,0x3d,0x11,0x36,0xff,0x3b,0x11,0x34,0xff,0x3b,0x12,0x32,0xff,0x3c,0x12,0x35,0xff,0x3c,0x12,0x35,0xff,0x38,0x10,0x32,0xff,0x39,0x12,0x32,0xff,
    0x3b,0x0f,0x34,0xff,0x3c,0x13,0x35,0xff,0x34,0x11,0x2e,0xff,0x27,0x0b,0x21,0xff,0x28,0x0c,0x21,0xff,0x3c,0x11,0x34,0xff,0x37,0x12,0x33,0xff,0x35,0x0d,0x2c,0xff,
    0x33,0x0c,0x29,0xff,0x15,0x04,0x13,0xff,0x0f,0x08,0x0f,0xff,0x0d,0x09,0x0d,0xe4,0x00,0x00,0x00,0x00,0x00,0x00,0x00,0x00,0x00,0x00,0x00,0x00,0x00,0x00,0x00,0x00,
    0x00,0x00,0x00,0x00,0x00,0x00,0x00,0x00,0x00,0x00,0x00,0x00,0x00,0x00,0x00,0x00,0x00,0x00,0x00,0x00,0x00,0x00,0x00,0x00,0x00,0x00,0x00,0x00,0x00,0x00,0x00,0x00,
    0x00,0x00,0x00,0x00,0x00,0x00,0x00,0x00,0x00,0x00,0x00,0x00,0x00,0x00,0x00,0x00,0x00,0x00,0x00,0x00,0x00,0x00,0x00,0x00,0x00,0x00,0x00,0x00,0x00,0x00,0x00,0x00,
    0x00,0x00,0x00,0x00,0x00,0x00,0x00,0x00,0x00,0x00,0x00,0x00,0x00,0x00,0x00,0x00,0x00,0x00,0x00,0x00,0x00,0x00,0x00,0x00,0x00,0x00,0x00,0x00,0x00,0x00,0x00,0x00,
    0x00,0x00,0x00,0x00,0x00,0x00,0x00,0x00,0x00,0x00,0x00,0x00,0x00,0x00,0x00,0x00,0x00,0x00,0x00,0x00,0x00,0x00,0x00,0x00,0x00,0x00,0x00,0x00,0x00,0x00,0x00,0x00,
    0x00,0x00,0x00,0x00,0x00,0x00,0x00,0x00,0x00,0x00,0x00,0x00,0x00,0x00,0x00,0x00,0x00,0x00,0x00,0x00,0x00,0x00,0x00,0x00,0x00,0x00,0x00,0x00,0x00,0x00,0x00,0x00,
    0x00,0x00,0x00,0x00,0x00,0x00,0x00,0x00,0x00,0x00,0x00,0x00,0x00,0x00,0x00,0x00,0x00,0x00,0x00,0x00,0x00,0x00,0x00,0x00,0x00,0x00,0x00,0x00,0x00,0x00,0x00,0x00,
    0x00,0x00,0x00,0x00,0x46,0x4a,0x4a,0x3e,0x0a,0x0b,0x15,0xff,0x0b,0x0f,0x1b,0xff,0x3b,0x4e,0x71,0xff,0x43,0x53,0x77,0xff,0x0a,0x0d,0x1e,0xff,0x0c,0x0c,0x1a,0xff,
    0x1d,0x1f,0x26,0xa7,0x00,0x00,0x00,0x00,0x00,0x00,0x00,0x00,0x00,0x00,0x00,0x00,0x00,0x00,0x00,0x00,0x00,0x00,0x00,0x00,0x00,0x00,0x00,0x00,0xb1,0xb1,0xc4,0x0d,
    0x09,0x04,0x09,0xd8,0x19,0x0f,0x16,0xd9,0x2b,0x13,0x25,0xff,0x29,0x0f,0x25,0xff,0x44,0x1c,0x41,0xff,0x4f,0x18,0x49,0xff,0x48,0x1b,0x42,0xff,0x33,0x0e,0x28,0xff,
    0x35,0x0a,0x2f,0xff,0x72,0x36,0x73,0xff,0x75,0x32,0x75,0xff,0x6e,0x36,0x71,0xff,0x74,0x32,0x74,0xff,0x2d,0x0f,0x2c,0xff,0x0f,0x08,0x10,0xff,0x28,0x0b,0x29,0xff,
    0x6b,0x2d,0x66,0xff,0x65,0x2c,0x6c,0xff,0x43,0x14,0x3a,0xff,0x44,0x13,0x3e,0xff,0x42,0x14,0x3a,0xff,0x3a,0x12,0x32,0xff,0x3b,0x0f,0x35,0xff,0x70,0x34,0x70,0xff,
    0x71,0x34,0x72,0xff,0x6b,0x32,0x6a,0xff,0x50,0x1c,0x4b,0xff,0x4f,0x1d,0x49,0xff,0x50,0x1c,0x4b,0xff,0x50,0x1c,0x4b,0xff,0x50,0x1c,0x4b,0xff,0x50,0x1c,0x4b,0xff,
    0x52,0x1e,0x4d,0xff,0x52,0x1e,0x4d,0xff,0x4f,0x1e,0x4c,0xff,0x4f,0x1b,0x4a,0xff,0x52,0x1c,0x4b,0xff,0x52,0x1c,0x4b,0xff,0x4e,0x1d,0x4b,0xff,0x4f,0x1b,0x4a,0xff,
    0x4a,0x1a,0x44,0xff,0x3c,0x0f,0x36,0xff,0x39,0x11,0x34,0xff,0x3c,0x11,0x32,0xff,0x3c,0x13,0x33,0xff,0x3a,0x13,0x33,0xff,0x2c,0x0a,0x28,0xff,0x29,0x0a,0x23,0xff,
    0x37,0x10,0x2f,0xff,0x39,0x11,0x33,0xff,0x33,0x11,0x2b,0xff,0x27,0x0b,0x1f,0xff,0x28,0x0b,0x21,0xff,0x2b,0x0a,0x25,0xff,0x29,0x09,0x23,0xff,0x42,0x1b,0x3d,0xff,
    0x44,0x1a,0x3d,0xff,0x1e,0x0d,0x1d,0xff,0x11,0x09,0x13,0xff,0x0d,0x07,0x0f,0xe4,0x00,0x00,0x00,0x00,0x00,0x00,0x00,0x00,0x00,0x00,0x00,0x00,0x00,0x00,0x00,0x00,
    0x00,0x00,0x00,0x00,0x00,0x00,0x00,0x00,0x00,0x00,0x00,0x00,0x00,0x00,0x00,0x00,0x00,0x00,0x00,0x00,0x00,0x00,0x00,0x00,0x00,0x00,0x00,0x00,0x00,0x00,0x00,0x00,
    0x00,0x00,0x00,0x00,0x00,0x00,0x00,0x00,0x00,0x00,0x00,0x00,0x00,0x00,0x00,0x00,0x00,0x00,0x00,0x00,0x00,0x00,0x00,0x00,0x00,0x00,0x00,0x00,0x00,0x00,0x00,0x00,
    0x00,0x00,0x00,0x00,0x00,0x00,0x00,0x00,0x00,0x00,0x00,0x00,0x00,0x00,0x00,0x00,0x00,0x00,0x00,0x00,0x00,0x00,0x00,0x00,0x00,0x00,0x00,0x00,0x00,0x00,0x00,0x00,
    0x00,0x00,0x00,0x00,0x00,0x00,0x00,0x00,0x00,0x00,0x00,0x00,0x00,0x00,0x00,0x00,0x00,0x00,0x00,0x00,0x00,0x00,0x00,0x00,0x00,0x00,0x00,0x00,0x00,0x00,0x00,0x00,
    0x00,0x00,0x00,0x00,0x00,0x00,0x00,0x00,0x00,0x00,0x00,0x00,0x00,0x00,0x00,0x00,0x00,0x00,0x00,0x00,0x00,0x00,0x00,0x00,0x00,0x00,0x00,0x00,0x00,0x00,0x00,0x00,
    0x00,0x00,0x00,0x00,0x00,0x00,0x00,0x00,0x00,0x00,0x00,0x00,0x00,0x00,0x00,0x00,0x00,0x00,0x00,0x00,0x00,0x00,0x00,0x00,0x00,0x00,0x00,0x00,0x00,0x00,0x00,0x00,
    0x00,0x00,0x00,0x00,0x43,0x47,0x4b,0x3d,0x0a,0x0b,0x15,0xff,0x0d,0x10,0x1c,0xff,0x3f,0x52,0x73,0xff,0x42,0x53,0x74,0xff,0x08,0x0a,0x1a,0xff,0x0b,0x0b,0x18,0xff,
    0x1d,0x1f,0x27,0xa5,0x00,0x00,0x00,0x00,0x00,0x00,0x00,0x00,0x00,0x00,0x00,0x00,0x00,0x00,0x00,0x00,0x00,0x00,0x00,0x00,0x00,0x00,0x00,0x00,0xaa,0xaa,0xaa,0x15,
    0x11,0x0a,0x11,0xff,0x18,0x0b,0x16,0xff,0x2b,0x0d,0x21,0xff,0x2a,0x0a,0x23,0xff,0x47,0x1c,0x43,0xff,0x4f,0x18,0x49,0xff,0x49,0x1c,0x43,0xff,0x34,0x0f,0x29,0xff,
    0x35,0x0a,0x2f,0xff,0x72,0x36,0x73,0xff,0x76,0x33,0x76,0xff,0x6f,0x37,0x72,0xff,0x75,0x33,0x75,0xff,0x2e,0x10,0x2d,0xff,0x10,0x08,0x10,0xff,0x27,0x0b,0x29,0xff,
    0x6b,0x2d,0x66,0xff,0x64,0x2b,0x6b,0xff,0x44,0x14,0x3a,0xff,0x44,0x13,0x3e,0xff,0x42,0x15,0x3a,0xff,0x3b,0x13,0x32,0xff,0x3a,0x10,0x34,0xff,0x6f,0x34,0x6e,0xff,
    0x72,0x34,0x75,0xff,0x6d,0x32,0x6e,0xff,0x51,0x1d,0x4c,0xff,0x51,0x1e,0x4a,0xff,0x51,0x1d,0x4c,0xff,0x50,0x1c,0x4b,0xff,0x50,0x1c,0x4b,0xff,0x4f,0x1b,0x4a,0xff,
    0x51,0x1d,0x4c,0xff,0x51,0x1d,0x4c,0xff,0x51,0x1d,0x4c,0xff,0x52,0x1c,0x4b,0xff,0x52,0x1c,0x4b,0xff,0x52,0x1c,0x4b,0xff,0x50,0x1c,0x4b,0xff,0x4f,0x1b,0x4a,0xff,
    0x4b,0x1c,0x45,0xff,0x3c,0x10,0x35,0xff,0x3b,0x12,0x32,0xff,0x3d,0x11,0x35,0xff,0x3c,0x12,0x35,0xff,0x3a,0x12,0x35,0xff,0x31,0x0d,0x2a,0xff,0x29,0x09,0x22,0xff,
    0x38,0x10,0x2f,0xff,0x3a,0x12,0x35,0xff,0x34,0x12,0x2d,0xff,0x29,0x0b,0x20,0xff,0x27,0x0a,0x20,0xff,0x26,0x0b,0x1b,0xff,0x27,0x0b,0x20,0xff,0x47,0x1c,0x42,0xff,
    0x48,0x18,0x48,0xff,0x1e,0x09,0x20,0xff,0x0f,0x08,0x0f,0xff,0x0d,0x08,0x0e,0xe9,0x00,0x00,0x00,0x00,0x00,0x00,0x00,0x00,0x00,0x00,0x00,0x00,0x00,0x00,0x00,0x00,
    0x00,0x00,0x00,0x00,0x00,0x00,0x00,0x00,0x00,0x00,0x00,0x00,0x00,0x00,0x00,0x00,0x00,0x00,0x00,0x00,0x00,0x00,0x00,0x00,0x00,0x00,0x00,0x00,0x00,0x00,0x00,0x00,
    0x00,0x00,0x00,0x00,0x00,0x00,0x00,0x00,0x00,0x00,0x00,0x00,0x00,0x00,0x00,0x00,0x00,0x00,0x00,0x00,0x00,0x00,0x00,0x00,0x00,0x00,0x00,0x00,0x00,0x00,0x00,0x00,
    0x00,0x00,0x00,0x00,0x00,0x00,0x00,0x00,0x00,0x00,0x00,0x00,0x00,0x00,0x00,0x00,0x00,0x00,0x00,0x00,0x00,0x00,0x00,0x00,0x00,0x00,0x00,0x00,0x00,0x00,0x00,0x00,
    0x00,0x00,0x00,0x00,0x00,0x00,0x00,0x00,0x00,0x00,0x00,0x00,0x00,0x00,0x00,0x00,0x00,0x00,0x00,0x00,0x00,0x00,0x00,0x00,0x00,0x00,0x00,0x00,0x00,0x00,0x00,0x00,
    0x00,0x00,0x00,0x00,0x00,0x00,0x00,0x00,0x00,0x00,0x00,0x00,0x00,0x00,0x00,0x00,0x00,0x00,0x00,0x00,0x00,0x00,0x00,0x00,0x00,0x00,0x00,0x00,0x00,0x00,0x00,0x00,
    0x00,0x00,0x00,0x00,0x00,0x00,0x00,0x00,0x00,0x00,0x00,0x00,0x00,0x00,0x00,0x00,0x00,0x00,0x00,0x00,0x00,0x00,0x00,0x00,0x00,0x00,0x00,0x00,0x00,0x00,0x00,0x00,
    0x00,0x00,0x00,0x00,0x46,0x4a,0x4e,0x3e,0x0b,0x0c,0x16,0xff,0x0d,0x11,0x1d,0xff,0x3c,0x4f,0x70,0xff,0x3d,0x4e,0x6f,0xff,0x07,0x0a,0x17,0xff,0x0c,0x0c,0x17,0xff,
    0x21,0x24,0x2c,0xa8,0x00,0x00,0x00,0x00,0x00,0x00,0x00,0x00,0x00,0x00,0x00,0x00,0x00,0x00,0x00,0x00,0x00,0x00,0x00,0x00,0x00,0x00,0x00,0x00,0xaa,0xaa,0xaa,0x15,
    0x10,0x0a,0x11,0xff,0x12,0x01,0x10,0xff,0x33,0x0c,0x27,0xff,0x36,0x0b,0x2c,0xff,0x49,0x1b,0x45,0xff,0x50,0x19,0x4a,0xff,0x48,0x1b,0x42,0xff,0x34,0x0f,0x29,0xff,
    0x34,0x09,0x2e,0xff,0x74,0x38,0x75,0xff,0x77,0x34,0x77,0xff,0x6f,0x37,0x72,0xff,0x75,0x33,0x75,0xff,0x2d,0x0f,0x2c,0xff,0x10,0x09,0x11,0xff,0x26,0x0a,0x28,0xff,
    0x6a,0x2c,0x65,0xff,0x65,0x2c,0x6c,0xff,0x44,0x14,0x3a,0xff,0x45,0x14,0x3f,0xff,0x42,0x16,0x3a,0xff,0x35,0x12,0x2c,0xff,0x35,0x11,0x2d,0xff,0x65,0x32,0x62,0xff,
    0x6a,0x33,0x6a,0xff,0x5f,0x28,0x5e,0xff,0x54,0x1c,0x51,0xff,0x5c,0x23,0x57,0xff,0x50,0x1c,0x4c,0xff,0x50,0x1c,0x4b,0xff,0x4f,0x1b,0x4a,0xff,0x50,0x1c,0x4b,0xff,
    0x50,0x1c,0x4b,0xff,0x51,0x1d,0x4c,0xff,0x54,0x1d,0x4e,0xff,0x52,0x20,0x4b,0xff,0x4d,0x1d,0x47,0xff,0x4b,0x1b,0x45,0xff,0x51,0x20,0x4c,0xff,0x50,0x1c,0x4b,0xff,
    0x4b,0x1a,0x45,0xff,0x42,0x13,0x3a,0xff,0x41,0x15,0x3a,0xff,0x3c,0x10,0x34,0xff,0x3d,0x11,0x36,0xff,0x3c,0x12,0x35,0xff,0x3a,0x13,0x32,0xff,0x35,0x0e,0x2a,0xff,
    0x3a,0x11,0x31,0xff,0x39,0x11,0x34,0xff,0x36,0x11,0x2e,0xff,0x2a,0x0b,0x21,0xff,0x29,0x0b,0x24,0xff,0x27,0x0b,0x22,0xff,0x26,0x0a,0x22,0xff,0x43,0x1a,0x3e,0xff,
    0x47,0x18,0x3f,0xff,0x26,0x09,0x21,0xff,0x20,0x0c,0x1d,0xff,0x19,0x09,0x17,0xf6,0x9c,0x9c,0x9c,0x43,0x92,0x92,0x92,0x38,0xff,0xff,0xff,0x01,0x00,0x00,0x00,0x00,
    0x00,0x00,0x00,0x00,0x00,0x00,0x00,0x00,0x00,0x00,0x00,0x00,0x00,0x00,0x00,0x00,0x00,0x00,0x00,0x00,0x00,0x00,0x00,0x00,0x00,0x00,0x00,0x00,0x00,0x00,0x00,0x00,
    0x00,0x00,0x00,0x00,0x00,0x00,0x00,0x00,0x00,0x00,0x00,0x00,0x00,0x00,0x00,0x00,0x00,0x00,0x00,0x00,0x00,0x00,0x00,0x00,0x00,0x00,0x00,0x00,0x00,0x00,0x00,0x00,
    0x00,0x00,0x00,0x00,0x00,0x00,0x00,0x00,0x00,0x00,0x00,0x00,0x00,0x00,0x00,0x00,0x00,0x00,0x00,0x00,0x00,0x00,0x00,0x00,0x00,0x00,0x00,0x00,0x00,0x00,0x00,0x00,
    0x00,0x00,0x00,0x00,0x00,0x00,0x00,0x00,0x00,0x00,0x00,0x00,0x00,0x00,0x00,0x00,0x00,0x00,0x00,0x00,0x00,0x00,0x00,0x00,0x00,0x00,0x00,0x00,0x00,0x00,0x00,0x00,
    0x00,0x00,0x00,0x00,0x00,0x00,0x00,0x00,0x00,0x00,0x00,0x00,0x00,0x00,0x00,0x00,0x00,0x00,0x00,0x00,0x00,0x00,0x00,0x00,0x00,0x00,0x00,0x00,0x00,0x00,0x00,0x00,
    0x00,0x00,0x00,0x00,0x00,0x00,0x00,0x00,0x00,0x00,0x00,0x00,0x00,0x00,0x00,0x00,0x00,0x00,0x00,0x00,0x00,0x00,0x00,0x00,0x00,0x00,0x00,0x00,0x00,0x00,0x00,0x00,
    0x00,0x00,0x00,0x00,0x48,0x48,0x4c,0x3c,0x09,0x0a,0x15,0xff,0x0b,0x0e,0x1d,0xff,0x33,0x46,0x69,0xff,0x37,0x47,0x6b,0xff,0x07,0x0a,0x19,0xff,0x09,0x09,0x15,0xff,
    0x21,0x23,0x2a,0xa9,0x00,0x00,0x00,0x00,0x00,0x00,0x00,0x00,0x00,0x00,0x00,0x00,0x00,0x00,0x00,0x00,0x00,0x00,0x00,0x00,0x00,0x00,0x00,0x00,0xaa,0xaa,0xaa,0x15,
    0x10,0x0a,0x10,0xff,0x12,0x01,0x11,0xff,0x3b,0x12,0x30,0xff,0x3d,0x10,0x35,0xff,0x48,0x1a,0x44,0xff,0x4c,0x18,0x48,0xff,0x4a,0x1d,0x44,0xff,0x32,0x0d,0x27,0xff,
    0x35,0x0a,0x2f,0xff,0x73,0x37,0x74,0xff,0x76,0x33,0x76,0xff,0x6f,0x37,0x72,0xff,0x76,0x35,0x76,0xff,0x2e,0x10,0x2d,0xff,0x0f,0x08,0x10,0xff,0x27,0x0b,0x28,0xff,
    0x6b,0x2d,0x66,0xff,0x66,0x2d,0x6d,0xff,0x44,0x15,0x3b,0xff,0x45,0x14,0x3f,0xff,0x3f,0x16,0x39,0xff,0x2b,0x0c,0x24,0xff,0x29,0x0c,0x21,0xff,0x3e,0x13,0x38,0xff,
    0x41,0x11,0x3b,0xff,0x4f,0x1d,0x4b,0xff,0x73,0x38,0x75,0xff,0x6f,0x34,0x70,0xff,0x55,0x1e,0x50,0xff,0x50,0x1c,0x4b,0xff,0x4f,0x1b,0x4a,0xff,0x50,0x1c,0x4b,0xff,
    0x50,0x1c,0x4b,0xff,0x50,0x1c,0x4b,0xff,0x51,0x1d,0x4d,0xff,0x4e,0x21,0x48,0xff,0x39,0x0f,0x32,0xff,0x39,0x0f,0x32,0xff,0x4d,0x20,0x47,0xff,0x51,0x1d,0x4c,0xff,
    0x4f,0x1b,0x4a,0xff,0x4b,0x1a,0x47,0xff,0x4c,0x1b,0x47,0xff,0x3c,0x10,0x34,0xff,0x3d,0x12,0x33,0xff,0x3d,0x11,0x35,0xff,0x3d,0x13,0x35,0xff,0x3c,0x13,0x32,0xff,
    0x3b,0x12,0x31,0xff,0x3a,0x11,0x36,0xff,0x36,0x12,0x2f,0xff,0x31,0x0f,0x27,0xff,0x2f,0x0e,0x29,0xff,0x27,0x0a,0x21,0xff,0x26,0x09,0x20,0xff,0x3b,0x13,0x32,0xff,
    0x3e,0x12,0x37,0xff,0x3d,0x16,0x35,0xff,0x3d,0x15,0x35,0xff,0x39,0x1d,0x36,0xff,0x0d,0x08,0x0e,0xff,0x0e,0x0b,0x0d,0xff,0xb1,0xb1,0xb1,0x0d,0x00,0x00,0x00,0x00,
    0x00,0x00,0x00,0x00,0x00,0x00,0x00,0x00,0x00,0x00,0x00,0x00,0x00,0x00,0x00,0x00,0x00,0x00,0x00,0x00,0x00,0x00,0x00,0x00,0x00,0x00,0x00,0x00,0x00,0x00,0x00,0x00,
    0x00,0x00,0x00,0x00,0x00,0x00,0x00,0x00,0x00,0x00,0x00,0x00,0x00,0x00,0x00,0x00,0x00,0x00,0x00,0x00,0x00,0x00,0x00,0x00,0x00,0x00,0x00,0x00,0x00,0x00,0x00,0x00,
    0x00,0x00,0x00,0x00,0x00,0x00,0x00,0x00,0x00,0x00,0x00,0x00,0x00,0x00,0x00,0x00,0x00,0x00,0x00,0x00,0x00,0x00,0x00,0x00,0x00,0x00,0x00,0x00,0x00,0x00,0x00,0x00,
    0x00,0x00,0x00,0x00,0x00,0x00,0x00,0x00,0x00,0x00,0x00,0x00,0x00,0x00,0x00,0x00,0x00,0x00,0x00,0x00,0x00,0x00,0x00,0x00,0x00,0x00,0x00,0x00,0x00,0x00,0x00,0x00,
    0x00,0x00,0x00,0x00,0x00,0x00,0x00,0x00,0x00,0x00,0x00,0x00,0x00,0x00,0x00,0x00,0x00,0x00,0x00,0x00,0x00,0x00,0x00,0x00,0x00,0x00,0x00,0x00,0x00,0x00,0x00,0x00,
    0x00,0x00,0x00,0x00,0x00,0x00,0x00,0x00,0x00,0x00,0x00,0x00,0x00,0x00,0x00,0x00,0x00,0x00,0x00,0x00,0x00,0x00,0x00,0x00,0x00,0x00,0x00,0x00,0x00,0x00,0x00,0x00,
    0x00,0x00,0x00,0x00,0x46,0x4a,0x4e,0x3e,0x09,0x0a,0x14,0xff,0x0a,0x0c,0x1e,0xff,0x35,0x48,0x6c,0xff,0x37,0x47,0x6a,0xff,0x07,0x09,0x18,0xff,0x0a,0x0a,0x16,0xff,
    0x20,0x21,0x29,0xa8,0x00,0x00,0x00,0x00,0x00,0x00,0x00,0x00,0x00,0x00,0x00,0x00,0x00,0x00,0x00,0x00,0x00,0x00,0x00,0x00,0x00,0x00,0x00,0x00,0xaa,0xaa,0xaa,0x15,
    0x0e,0x06,0x0d,0xff,0x1a,0x08,0x18,0xff,0x3b,0x13,0x32,0xff,0x3c,0x0d,0x33,0xff,0x48,0x1a,0x44,0xff,0x4a,0x19,0x47,0xff,0x49,0x1c,0x43,0xff,0x31,0x0c,0x26,0xff,
    0x35,0x09,0x31,0xff,0x71,0x35,0x72,0xff,0x75,0x32,0x75,0xff,0x6f,0x37,0x73,0xff,0x75,0x37,0x77,0xff,0x2c,0x0f,0x2c,0xff,0x10,0x07,0x12,0xff,0x28,0x0b,0x29,0xff,
    0x6b,0x2c,0x67,0xff,0x66,0x2d,0x6c,0xff,0x45,0x14,0x3d,0xff,0x45,0x16,0x3f,0xff,0x3e,0x16,0x39,0xff,0x29,0x0c,0x22,0xff,0x2b,0x0e,0x23,0xff,0x3c,0x15,0x35,0xff,
    0x3c,0x13,0x34,0xff,0x4e,0x1e,0x47,0xff,0x73,0x34,0x78,0xff,0x72,0x34,0x77,0xff,0x54,0x1d,0x4f,0xff,0x50,0x1c,0x4b,0xff,0x4f,0x1b,0x4a,0xff,0x50,0x1c,0x4b,0xff,
    0x50,0x1c,0x4b,0xff,0x50,0x1c,0x4b,0xff,0x51,0x1b,0x4e,0xff,0x4b,0x20,0x45,0xff,0x3a,0x14,0x32,0xff,0x38,0x12,0x30,0xff,0x4e,0x21,0x46,0xff,0x50,0x1c,0x4b,0xff,
    0x4f,0x1b,0x4a,0xff,0x4d,0x1a,0x4a,0xff,0x4d,0x1b,0x4a,0xff,0x3c,0x11,0x33,0xff,0x3d,0x12,0x33,0xff,0x3d,0x11,0x35,0xff,0x3c,0x11,0x32,0xff,0x3c,0x12,0x34,0xff,
    0x3c,0x12,0x33,0xff,0x3c,0x12,0x35,0xff,0x37,0x11,0x2f,0xff,0x32,0x0f,0x29,0xff,0x2f,0x0c,0x27,0xff,0x27,0x0c,0x1e,0xff,0x27,0x0c,0x1f,0xff,0x3a,0x14,0x31,0xff,
    0x3c,0x13,0x35,0xff,0x3d,0x12,0x36,0xff,0x3d,0x0f,0x34,0xff,0x39,0x15,0x34,0xff,0x15,0x08,0x14,0xff,0x11,0x0a,0x10,0xff,0xaa,0xaa,0xaa,0x0c,0x00,0x00,0x00,0x00,
    0x00,0x00,0x00,0x00,0x00,0x00,0x00,0x00,0x00,0x00,0x00,0x00,0x00,0x00,0x00,0x00,0x00,0x00,0x00,0x00,0x00,0x00,0x00,0x00,0x00,0x00,0x00,0x00,0x00,0x00,0x00,0x00,
    0x00,0x00,0x00,0x00,0x00,0x00,0x00,0x00,0x00,0x00,0x00,0x00,0x00,0x00,0x00,0x00,0x00,0x00,0x00,0x00,0x00,0x00,0x00,0x00,0x00,0x00,0x00,0x00,0x00,0x00,0x00,0x00,
    0x00,0x00,0x00,0x00,0x00,0x00,0x00,0x00,0x00,0x00,0x00,0x00,0x00,0x00,0x00,0x00,0x00,0x00,0x00,0x00,0x00,0x00,0x00,0x00,0x00,0x00,0x00,0x00,0x00,0x00,0x00,0x00,
    0x00,0x00,0x00,0x00,0x00,0x00,0x00,0x00,0x00,0x00,0x00,0x00,0x00,0x00,0x00,0x00,0x00,0x00,0x00,0x00,0x00,0x00,0x00,0x00,0x00,0x00,0x00,0x00,0x00,0x00,0x00,0x00,
    0x00,0x00,0x00,0x00,0x00,0x00,0x00,0x00,0x00,0x00,0x00,0x00,0x00,0x00,0x00,0x00,0x00,0x00,0x00,0x00,0x00,0x00,0x00,0x00,0x00,0x00,0x00,0x00,0x00,0x00,0x00,0x00,
    0x00,0x00,0x00,0x00,0x00,0x00,0x00,0x00,0x00,0x00,0x00,0x00,0x00,0x00,0x00,0x00,0x00,0x00,0x00,0x00,0x00,0x00,0x00,0x00,0x00,0x00,0x00,0x00,0x00,0x00,0x00,0x00,
    0x00,0x00,0x00,0x00,0x44,0x48,0x48,0x3c,0x09,0x0a,0x14,0xff,0x0c,0x0e,0x1d,0xff,0x33,0x46,0x69,0xff,0x35,0x47,0x68,0xff,0x08,0x0a,0x17,0xff,0x0b,0x0a,0x16,0xff,
    0x20,0x20,0x27,0xa9,0x00,0x00,0x00,0x00,0x00,0x00,0x00,0x00,0x00,0x00,0x00,0x00,0x00,0x00,0x00,0x00,0x12,0x11,0x12,0x8a,0x0b,0x09,0x0e,0xff,0x15,0x0f,0x16,0xff,
    0x20,0x0f,0x1a,0xff,0x23,0x07,0x1f,0xff,0x47,0x1c,0x41,0xff,0x4c,0x1b,0x46,0xff,0x41,0x11,0x3b,0xff,0x44,0x11,0x3d,0xff,0x41,0x16,0x3b,0xff,0x31,0x0f,0x27,0xff,
    0x33,0x0a,0x30,0xff,0x71,0x37,0x72,0xff,0x79,0x37,0x78,0xff,0x4d,0x19,0x4d,0xff,0x4d,0x16,0x4a,0xff,0x22,0x09,0x21,0xff,0x12,0x0a,0x12,0xff,0x29,0x0c,0x2a,0xff,
    0x6b,0x2c,0x69,0xff,0x65,0x2e,0x69,0xff,0x45,0x14,0x40,0xff,0x46,0x16,0x3f,0xff,0x42,0x17,0x3b,0xff,0x35,0x12,0x2b,0xff,0x32,0x11,0x2c,0xff,0x33,0x0d,0x2b,0xff,
    0x32,0x0c,0x2b,0xff,0x4d,0x1e,0x45,0xff,0x75,0x35,0x76,0xff,0x72,0x36,0x76,0xff,0x54,0x21,0x4e,0xff,0x4f,0x1b,0x4a,0xff,0x4f,0x1b,0x4a,0xff,0x4f,0x1b,0x4a,0xff,
    0x50,0x1c,0x4b,0xff,0x4f,0x1b,0x4a,0xff,0x53,0x1c,0x4d,0xff,0x4b,0x1f,0x44,0xff,0x38,0x11,0x31,0xff,0x39,0x12,0x32,0xff,0x4c,0x1f,0x46,0xff,0x4e,0x1a,0x49,0xff,
    0x4f,0x1b,0x4a,0xff,0x50,0x1c,0x4b,0xff,0x4f,0x1c,0x48,0xff,0x3c,0x11,0x32,0xff,0x3c,0x12,0x35,0xff,0x3b,0x11,0x33,0xff,0x35,0x0f,0x2b,0xff,0x39,0x13,0x32,0xff,
    0x3d,0x12,0x35,0xff,0x3c,0x13,0x33,0xff,0x3b,0x13,0x33,0xff,0x3a,0x14,0x32,0xff,0x38,0x16,0x31,0xff,0x27,0x0d,0x1f,0xff,0x26,0x0a,0x20,0xff,0x28,0x09,0x20,0xff,
    0x2a,0x09,0x22,0xff,0x38,0x0e,0x30,0xff,0x3c,0x10,0x34,0xff,0x3d,0x13,0x36,0xff,0x34,0x14,0x2f,0xff,0x33,0x1b,0x30,0xff,0x0e,0x06,0x0e,0xff,0x0c,0x0b,0x0d,0xff,
    0xab,0xab,0xab,0x43,0x00,0x00,0x00,0x00,0x00,0x00,0x00,0x00,0x00,0x00,0x00,0x00,0x00,0x00,0x00,0x00,0x00,0x00,0x00,0x00,0x00,0x00,0x00,0x00,0x00,0x00,0x00,0x00,
    0x00,0x00,0x00,0x00,0x00,0x00,0x00,0x00,0x00,0x00,0x00,0x00,0x00,0x00,0x00,0x00,0x00,0x00,0x00,0x00,0x00,0x00,0x00,0x00,0x00,0x00,0x00,0x00,0x00,0x00,0x00,0x00,
    0x00,0x00,0x00,0x00,0x00,0x00,0x00,0x00,0x00,0x00,0x00,0x00,0x00,0x00,0x00,0x00,0x00,0x00,0x00,0x00,0x00,0x00,0x00,0x00,0x00,0x00,0x00,0x00,0x00,0x00,0x00,0x00,
    0x00,0x00,0x00,0x00,0x00,0x00,0x00,0x00,0x00,0x00,0x00,0x00,0x00,0x00,0x00,0x00,0x00,0x00,0x00,0x00,0x00,0x00,0x00,0x00,0x00,0x00,0x00,0x00,0x00,0x00,0x00,0x00,
    0x00,0x00,0x00,0x00,0x00,0x00,0x00,0x00,0x00,0x00,0x00,0x00,0x00,0x00,0x00,0x00,0x00,0x00,0x00,0x00,0x00,0x00,0x00,0x00,0x00,0x00,0x00,0x00,0x00,0x00,0x00,0x00,
    0x00,0x00,0x00,0x00,0x00,0x00,0x00,0x00,0x00,0x00,0x00,0x00,0x00,0x00,0x00,0x00,0x00,0x00,0x00,0x00,0x00,0x00,0x00,0x00,0x00,0x00,0x00,0x00,0x00,0x00,0x00,0x00,
    0x00,0x00,0x00,0x00,0x49,0x4d,0x51,0x3f,0x0a,0x0b,0x15,0xff,0x0d,0x0f,0x1e,0xff,0x31,0x44,0x67,0xff,0x32,0x45,0x66,0xff,0x04,0x09,0x16,0xff,0x09,0x0a,0x15,0xff,
    0x22,0x20,0x28,0xa6,0x00,0x00,0x00,0x00,0x00,0x00,0x00,0x00,0x00,0x00,0x00,0x00,0x00,0x00,0x00,0x00,0x0c,0x0b,0x0c,0x90,0x0c,0x08,0x0e,0xff,0x17,0x0b,0x17,0xff,
    0x24,0x0b,0x1d,0xff,0x2b,0x08,0x25,0xff,0x4c,0x1a,0x45,0xff,0x4e,0x19,0x48,0xff,0x41,0x12,0x39,0xff,0x41,0x12,0x3b,0xff,0x43,0x18,0x3d,0xff,0x33,0x0e,0x28,0xff,
    0x36,0x0b,0x31,0xff,0x70,0x37,0x74,0xff,0x72,0x34,0x6f,0xff,0x48,0x17,0x45,0xff,0x51,0x1b,0x4a,0xff,0x24,0x0c,0x21,0xff,0x12,0x09,0x12,0xff,0x2a,0x0d,0x2b,0xff,
    0x6c,0x2d,0x6a,0xff,0x64,0x2c,0x68,0xff,0x47,0x15,0x42,0xff,0x47,0x17,0x40,0xff,0x43,0x18,0x3c,0xff,0x36,0x11,0x2c,0xff,0x33,0x10,0x2b,0xff,0x31,0x0e,0x29,0xff,
    0x32,0x0e,0x29,0xff,0x48,0x1b,0x40,0xff,0x75,0x35,0x76,0xff,0x73,0x37,0x76,0xff,0x56,0x20,0x4e,0xff,0x51,0x1b,0x4a,0xff,0x51,0x1c,0x49,0xff,0x4f,0x1c,0x48,0xff,
    0x4f,0x1b,0x4a,0xff,0x4f,0x1b,0x4a,0xff,0x51,0x1d,0x4c,0xff,0x4b,0x1e,0x45,0xff,0x37,0x0f,0x32,0xff,0x39,0x11,0x34,0xff,0x4b,0x1f,0x44,0xff,0x4c,0x1b,0x49,0xff,
    0x4c,0x1a,0x4a,0xff,0x4e,0x1d,0x4b,0xff,0x50,0x1d,0x49,0xff,0x3c,0x10,0x34,0xff,0x3c,0x11,0x36,0xff,0x3c,0x12,0x35,0xff,0x35,0x0f,0x2b,0xff,0x33,0x0e,0x2d,0xff,
    0x3a,0x10,0x31,0xff,0x3c,0x12,0x35,0xff,0x3c,0x12,0x35,0xff,0x3a,0x12,0x35,0xff,0x39,0x12,0x35,0xff,0x27,0x0b,0x1f,0xff,0x26,0x0a,0x1d,0xff,0x28,0x0c,0x1f,0xff,
    0x27,0x0b,0x1e,0xff,0x35,0x11,0x2e,0xff,0x3c,0x11,0x35,0xff,0x3d,0x11,0x36,0xff,0x3c,0x10,0x34,0xff,0x37,0x0f,0x2e,0xff,0x15,0x06,0x14,0xff,0x0b,0x06,0x0c,0xff,
    0xa6,0xa6,0xa6,0x42,0x00,0x00,0x00,0x00,0x00,0x00,0x00,0x00,0x00,0x00,0x00,0x00,0x00,0x00,0x00,0x00,0x00,0x00,0x00,0x00,0x00,0x00,0x00,0x00,0x00,0x00,0x00,0x00,
    0x00,0x00,0x00,0x00,0x00,0x00,0x00,0x00,0x00,0x00,0x00,0x00,0x00,0x00,0x00,0x00,0x00,0x00,0x00,0x00,0x00,0x00,0x00,0x00,0x00,0x00,0x00,0x00,0x00,0x00,0x00,0x00,
    0x00,0x00,0x00,0x00,0x00,0x00,0x00,0x00,0x00,0x00,0x00,0x00,0x00,0x00,0x00,0x00,0x00,0x00,0x00,0x00,0x00,0x00,0x00,0x00,0x00,0x00,0x00,0x00,0x00,0x00,0x00,0x00,
    0x00,0x00,0x00,0x00,0x00,0x00,0x00,0x00,0x00,0x00,0x00,0x00,0x00,0x00,0x00,0x00,0x00,0x00,0x00,0x00,0x00,0x00,0x00,0x00,0x00,0x00,0x00,0x00,0x00,0x00,0x00,0x00,
    0x00,0x00,0x00,0x00,0x00,0x00,0x00,0x00,0x00,0x00,0x00,0x00,0x00,0x00,0x00,0x00,0x00,0x00,0x00,0x00,0x00,0x00,0x00,0x00,0x00,0x00,0x00,0x00,0x00,0x00,0x00,0x00,
    0x00,0x00,0x00,0x00,0x00,0x00,0x00,0x00,0x00,0x00,0x00,0x00,0x00,0x00,0x00,0x00,0x00,0x00,0x00,0x00,0x00,0x00,0x00,0x00,0x00,0x00,0x00,0x00,0x00,0x00,0x00,0x00,
    0x00,0x00,0x00,0x00,0x4b,0x4b,0x4b,0x41,0x0a,0x0b,0x15,0xff,0x0e,0x10,0x1f,0xff,0x30,0x43,0x66,0xff,0x32,0x45,0x66,0xff,0x07,0x0b,0x18,0xff,0x0a,0x0a,0x16,0xff,
    0x20,0x1f,0x26,0xa6,0x00,0x00,0x00,0x00,0x00,0x00,0x00,0x00,0x00,0x00,0x00,0x00,0x00,0x00,0x00,0x00,0x0c,0x0b,0x0c,0x90,0x0f,0x08,0x11,0xff,0x1b,0x0a,0x1b,0xff,
    0x32,0x0e,0x2a,0xff,0x37,0x0e,0x30,0xff,0x50,0x19,0x4a,0xff,0x4f,0x19,0x4a,0xff,0x38,0x0d,0x31,0xff,0x35,0x0c,0x2c,0xff,0x38,0x0d,0x32,0xff,0x64,0x32,0x62,0xff,
    0x69,0x33,0x66,0xff,0x75,0x3a,0x77,0xff,0x74,0x34,0x75,0xff,0x49,0x19,0x48,0xff,0x4f,0x18,0x48,0xff,0x25,0x0c,0x23,0xff,0x13,0x08,0x15,0xff,0x29,0x0d,0x2a,0xff,
    0x6a,0x2a,0x68,0xff,0x64,0x2d,0x68,0xff,0x46,0x14,0x41,0xff,0x47,0x17,0x40,0xff,0x44,0x18,0x3e,0xff,0x37,0x0f,0x2e,0xff,0x34,0x10,0x2e,0xff,0x2b,0x0b,0x25,0xff,
    0x29,0x09,0x22,0xff,0x43,0x19,0x3a,0xff,0x77,0x37,0x78,0xff,0x70,0x33,0x77,0xff,0x68,0x30,0x64,0xff,0x6e,0x34,0x6b,0xff,0x67,0x2f,0x63,0xff,0x52,0x1c,0x4b,0xff,
    0x4f,0x1b,0x4a,0xff,0x50,0x1c,0x4c,0xff,0x4f,0x1c,0x49,0xff,0x4d,0x1c,0x48,0xff,0x47,0x18,0x43,0xff,0x46,0x19,0x40,0xff,0x41,0x15,0x3a,0xff,0x41,0x15,0x39,0xff,
    0x43,0x14,0x3d,0xff,0x4e,0x1c,0x4a,0xff,0x4f,0x1b,0x4a,0xff,0x4d,0x1b,0x45,0xff,0x4b,0x1a,0x46,0xff,0x45,0x17,0x40,0xff,0x39,0x10,0x30,0xff,0x36,0x0f,0x2e,0xff,
    0x3c,0x12,0x32,0xff,0x3b,0x11,0x34,0xff,0x3c,0x12,0x35,0xff,0x3c,0x11,0x36,0xff,0x3b,0x11,0x34,0xff,0x34,0x0f,0x2b,0xff,0x31,0x10,0x29,0xff,0x27,0x0b,0x1f,0xff,
    0x26,0x0c,0x1e,0xff,0x27,0x0e,0x20,0xff,0x29,0x0d,0x23,0xff,0x30,0x0d,0x28,0xff,0x3a,0x13,0x33,0xff,0x3b,0x14,0x34,0xff,0x34,0x11,0x2e,0xff,0x29,0x14,0x27,0xff,
    0x44,0x39,0x44,0xad,0x45,0x3f,0x45,0x89,0x4c,0x4a,0x4c,0x80,0x00,0x00,0x00,0x00,0x00,0x00,0x00,0x00,0x00,0x00,0x00,0x00,0x00,0x00,0x00,0x00,0x00,0x00,0x00,0x00,
    0x00,0x00,0x00,0x00,0x00,0x00,0x00,0x00,0x00,0x00,0x00,0x00,0x00,0x00,0x00,0x00,0x00,0x00,0x00,0x00,0x00,0x00,0x00,0x00,0x00,0x00,0x00,0x00,0x00,0x00,0x00,0x00,
    0x00,0x00,0x00,0x00,0x00,0x00,0x00,0x00,0x00,0x00,0x00,0x00,0x00,0x00,0x00,0x00,0x00,0x00,0x00,0x00,0x00,0x00,0x00,0x00,0x00,0x00,0x00,0x00,0x00,0x00,0x00,0x00,
    0x00,0x00,0x00,0x00,0x00,0x00,0x00,0x00,0x00,0x00,0x00,0x00,0x00,0x00,0x00,0x00,0x00,0x00,0x00,0x00,0x00,0x00,0x00,0x00,0x00,0x00,0x00,0x00,0x00,0x00,0x00,0x00,
    0x00,0x00,0x00,0x00,0x00,0x00,0x00,0x00,0x00,0x00,0x00,0x00,0x00,0x00,0x00,0x00,0x00,0x00,0x00,0x00,0x00,0x00,0x00,0x00,0x00,0x00,0x00,0x00,0x00,0x00,0x00,0x00,
    0x00,0x00,0x00,0x00,0x00,0x00,0x00,0x00,0x00,0x00,0x00,0x00,0x00,0x00,0x00,0x00,0x00,0x00,0x00,0x00,0x00,0x00,0x00,0x00,0x00,0x00,0x00,0x00,0x00,0x00,0x00,0x00,
    0x00,0x00,0x00,0x00,0x48,0x4c,0x4c,0x40,0x0a,0x0b,0x16,0xff,0x0d,0x10,0x20,0xff,0x32,0x46,0x69,0xff,0x32,0x43,0x64,0xff,0x09,0x0b,0x18,0xff,0x0c,0x0a,0x16,0xff,
    0x1e,0x1e,0x26,0xa3,0x00,0x00,0x00,0x00,0x00,0x00,0x00,0x00,0x00,0x00,0x00,0x00,0x00,0x00,0x00,0x00,0x0c,0x09,0x0b,0x91,0x0e,0x07,0x11,0xff,0x22,0x0d,0x21,0xff,
    0x3b,0x11,0x31,0xff,0x3a,0x10,0x34,0xff,0x4e,0x17,0x48,0xff,0x4d,0x19,0x48,0xff,0x32,0x0c,0x2b,0xff,0x32,0x0c,0x27,0xff,0x3a,0x0d,0x32,0xff,0x75,0x37,0x7a,0xff,
    0x72,0x34,0x75,0xff,0x74,0x38,0x76,0xff,0x75,0x36,0x75,0xff,0x47,0x17,0x46,0xff,0x4e,0x19,0x47,0xff,0x26,0x0d,0x21,0xff,0x15,0x09,0x13,0xff,0x29,0x0d,0x2a,0xff,
    0x69,0x2a,0x67,0xff,0x63,0x2b,0x67,0xff,0x47,0x16,0x43,0xff,0x47,0x17,0x40,0xff,0x44,0x17,0x3e,0xff,0x37,0x0f,0x2f,0xff,0x37,0x11,0x2f,0xff,0x2a,0x0b,0x21,0xff,
    0x28,0x0a,0x1e,0xff,0x41,0x18,0x38,0xff,0x75,0x35,0x77,0xff,0x73,0x32,0x7b,0xff,0x75,0x3a,0x75,0xff,0x72,0x34,0x75,0xff,0x6e,0x33,0x6d,0xff,0x52,0x1b,0x4c,0xff,
    0x4f,0x1b,0x4a,0xff,0x4e,0x1c,0x4c,0xff,0x50,0x1d,0x49,0xff,0x4f,0x1b,0x4a,0xff,0x4d,0x1b,0x4a,0xff,0x4e,0x1c,0x48,0xff,0x3a,0x0e,0x32,0xff,0x39,0x12,0x2d,0xff,
    0x3f,0x13,0x38,0xff,0x4e,0x1d,0x49,0xff,0x50,0x1c,0x4c,0xff,0x53,0x1d,0x4c,0xff,0x52,0x1b,0x4d,0xff,0x4e,0x1b,0x49,0xff,0x3b,0x0f,0x32,0xff,0x3b,0x11,0x32,0xff,
    0x3b,0x11,0x32,0xff,0x3c,0x10,0x33,0xff,0x3c,0x11,0x34,0xff,0x3d,0x11,0x34,0xff,0x3c,0x10,0x34,0xff,0x3c,0x11,0x33,0xff,0x38,0x12,0x30,0xff,0x29,0x08,0x22,0xff,
    0x27,0x0c,0x20,0xff,0x25,0x0d,0x1d,0xff,0x25,0x0a,0x1d,0xff,0x2b,0x09,0x23,0xff,0x3d,0x14,0x34,0xff,0x3d,0x12,0x36,0xff,0x42,0x12,0x3c,0xff,0x40,0x1a,0x39,0xff,
    0x19,0x04,0x16,0xff,0x11,0x07,0x11,0xff,0x13,0x0f,0x14,0xe1,0x00,0x00,0x00,0x00,0x00,0x00,0x00,0x00,0x00,0x00,0x00,0x00,0x00,0x00,0x00,0x00,0x00,0x00,0x00,0x00,
    0x00,0x00,0x00,0x00,0x00,0x00,0x00,0x00,0x00,0x00,0x00,0x00,0x00,0x00,0x00,0x00,0x00,0x00,0x00,0x00,0x00,0x00,0x00,0x00,0x00,0x00,0x00,0x00,0x00,0x00,0x00,0x00,
    0x00,0x00,0x00,0x00,0x00,0x00,0x00,0x00,0x00,0x00,0x00,0x00,0x00,0x00,0x00,0x00,0x00,0x00,0x00,0x00,0x00,0x00,0x00,0x00,0x00,0x00,0x00,0x00,0x00,0x00,0x00,0x00,
    0x00,0x00,0x00,0x00,0x00,0x00,0x00,0x00,0x00,0x00,0x00,0x00,0x00,0x00,0x00,0x00,0x00,0x00,0x00,0x00,0x00,0x00,0x00,0x00,0x00,0x00,0x00,0x00,0x00,0x00,0x00,0x00,
    0x00,0x00,0x00,0x00,0x00,0x00,0x00,0x00,0x00,0x00,0x00,0x00,0x00,0x00,0x00,0x00,0x00,0x00,0x00,0x00,0x00,0x00,0x00,0x00,0x00,0x00,0x00,0x00,0x00,0x00,0x00,0x00,
    0x00,0x00,0x00,0x00,0x00,0x00,0x00,0x00,0x00,0x00,0x00,0x00,0x00,0x00,0x00,0x00,0x00,0x00,0x00,0x00,0x00,0x00,0x00,0x00,0x00,0x00,0x00,0x00,0x00,0x00,0x00,0x00,
    0x00,0x00,0x00,0x00,0x48,0x48,0x54,0x40,0x0c,0x0d,0x19,0xff,0x0c,0x10,0x21,0xff,0x39,0x47,0x65,0xff,0x32,0x42,0x62,0xff,0x04,0x08,0x19,0xff,0x0c,0x0b,0x17,0xff,
    0x1b,0x19,0x22,0xa3,0x00,0x00,0x00,0x00,0x00,0x00,0x00,0x00,0x00,0x00,0x00,0x00,0x00,0x00,0x00,0x00,0x09,0x03,0x09,0x92,0x11,0x03,0x10,0xff,0x28,0x0f,0x25,0xff,
    0x3a,0x12,0x33,0xff,0x35,0x0b,0x34,0xff,0x47,0x19,0x45,0xff,0x47,0x1b,0x45,0xff,0x2f,0x08,0x28,0xff,0x30,0x0c,0x29,0xff,0x37,0x0a,0x32,0xff,0x72,0x36,0x75,0xff,
    0x6e,0x2f,0x74,0xff,0x71,0x38,0x76,0xff,0x70,0x36,0x72,0xff,0x44,0x16,0x44,0xff,0x4b,0x18,0x46,0xff,0x25,0x0d,0x22,0xff,0x14,0x0b,0x14,0xff,0x2a,0x0e,0x2b,0xff,
    0x6a,0x2b,0x67,0xff,0x67,0x2a,0x68,0xff,0x45,0x1a,0x3f,0xff,0x4b,0x15,0x42,0xff,0x41,0x17,0x3b,0xff,0x39,0x10,0x30,0xff,0x36,0x10,0x2d,0xff,0x29,0x0b,0x21,0xff,
    0x25,0x0d,0x1f,0xff,0x39,0x16,0x37,0xff,0x71,0x37,0x73,0xff,0x76,0x3b,0x78,0xff,0x72,0x36,0x76,0xff,0x74,0x36,0x79,0xff,0x6e,0x34,0x6e,0xff,0x4d,0x1b,0x4a,0xff,
    0x4f,0x1c,0x48,0xff,0x50,0x1b,0x4b,0xff,0x4f,0x1b,0x4a,0xff,0x4f,0x1b,0x4a,0xff,0x4e,0x1a,0x49,0xff,0x4e,0x1c,0x46,0xff,0x39,0x0d,0x32,0xff,0x39,0x10,0x2d,0xff,
    0x3b,0x0f,0x34,0xff,0x4c,0x1e,0x47,0xff,0x50,0x1c,0x4b,0xff,0x4f,0x1b,0x4a,0xff,0x4e,0x1b,0x49,0xff,0x4e,0x1e,0x49,0xff,0x3c,0x0f,0x35,0xff,0x3b,0x10,0x34,0xff,
    0x3c,0x10,0x34,0xff,0x3b,0x0f,0x35,0xff,0x3a,0x12,0x32,0xff,0x3a,0x11,0x30,0xff,0x3e,0x10,0x36,0xff,0x3b,0x12,0x32,0xff,0x38,0x12,0x30,0xff,0x2a,0x0a,0x23,0xff,
    0x26,0x0a,0x20,0xff,0x28,0x0c,0x20,0xff,0x28,0x09,0x1e,0xff,0x2c,0x0a,0x23,0xff,0x35,0x15,0x32,0xff,0x3a,0x14,0x36,0xff,0x3d,0x13,0x36,0xff,0x3c,0x17,0x33,0xff,
    0x1d,0x06,0x19,0xff,0x0f,0x07,0x11,0xff,0x15,0x10,0x14,0xe9,0x00,0x00,0x00,0x00,0x00,0x00,0x00,0x00,0x00,0x00,0x00,0x00,0x00,0x00,0x00,0x00,0x00,0x00,0x00,0x00,
    0x00,0x00,0x00,0x00,0x00,0x00,0x00,0x00,0x00,0x00,0x00,0x00,0x00,0x00,0x00,0x00,0x00,0x00,0x00,0x00,0x00,0x00,0x00,0x00,0x00,0x00,0x00,0x00,0x00,0x00,0x00,0x00,
    0x00,0x00,0x00,0x00,0x00,0x00,0x00,0x00,0x00,0x00,0x00,0x00,0x00,0x00,0x00,0x00,0x00,0x00,0x00,0x00,0x00,0x00,0x00,0x00,0x00,0x00,0x00,0x00,0x00,0x00,0x00,0x00,
    0x00,0x00,0x00,0x00,0x00,0x00,0x00,0x00,0x00,0x00,0x00,0x00,0x00,0x00,0x00,0x00,0x00,0x00,0x00,0x00,0x00,0x00,0x00,0x00,0x00,0x00,0x00,0x00,0x00,0x00,0x00,0x00,
    0x00,0x00,0x00,0x00,0x00,0x00,0x00,0x00,0x00,0x00,0x00,0x00,0x00,0x00,0x00,0x00,0x00,0x00,0x00,0x00,0x00,0x00,0x00,0x00,0x00,0x00,0x00,0x00,0x00,0x00,0x00,0x00,
    0x00,0x00,0x00,0x00,0x00,0x00,0x00,0x00,0x00,0x00,0x00,0x00,0x00,0x00,0x00,0x00,0x00,0x00,0x00,0x00,0x00,0x00,0x00,0x00,0x00,0x00,0x00,0x00,0x00,0x00,0x00,0x00,
    0x00,0x00,0x00,0x00,0x45,0x45,0x49,0x3b,0x0c,0x0c,0x19,0xff,0x0b,0x0b,0x18,0xff,0x08,0x0b,0x1d,0xff,0x07,0x0c,0x1e,0xff,0x0b,0x0b,0x18,0xff,0x0c,0x0c,0x17,0xff,
    0x1b,0x1d,0x27,0x9e,0x00,0x00,0x00,0x00,0x00,0x00,0x00,0x00,0x0d,0x09,0x0e,0xff,0x0f,0x05,0x11,0xff,0x3c,0x20,0x3a,0xff,0x4c,0x1d,0x46,0xff,0x4c,0x19,0x46,0xff,
    0x50,0x18,0x49,0xff,0x4b,0x22,0x42,0xff,0x2a,0x08,0x22,0xff,0x2f,0x0c,0x28,0xff,0x6b,0x39,0x6c,0xff,0x70,0x35,0x75,0xff,0x6f,0x34,0x73,0xff,0x72,0x34,0x76,0xff,
    0x74,0x38,0x75,0xff,0x4b,0x18,0x45,0xff,0x4e,0x17,0x47,0xff,0x46,0x18,0x43,0xff,0x4c,0x17,0x49,0xff,0x22,0x0a,0x22,0xff,0x0e,0x07,0x0e,0xff,0x24,0x0b,0x28,0xff,
    0x6b,0x2d,0x68,0xff,0x6e,0x2b,0x6e,0xff,0x38,0x0e,0x31,0xff,0x3a,0x0c,0x31,0xff,0x38,0x0e,0x2f,0xff,0x39,0x0e,0x2f,0xff,0x37,0x0f,0x2e,0xff,0x29,0x09,0x21,0xff,
    0x29,0x0c,0x1f,0xff,0x2e,0x0c,0x26,0xff,0x3d,0x10,0x38,0xff,0x3d,0x0e,0x37,0xff,0x6a,0x31,0x66,0xff,0x74,0x36,0x77,0xff,0x6f,0x34,0x6f,0xff,0x4e,0x1a,0x49,0xff,
    0x4f,0x1c,0x48,0xff,0x51,0x1b,0x4a,0xff,0x4f,0x1b,0x4a,0xff,0x4f,0x1b,0x4a,0xff,0x4e,0x1a,0x49,0xff,0x4e,0x1b,0x47,0xff,0x37,0x0c,0x31,0xff,0x35,0x0f,0x2b,0xff,
    0x39,0x0f,0x32,0xff,0x45,0x17,0x3f,0xff,0x49,0x15,0x44,0xff,0x4f,0x1b,0x4b,0xff,0x4f,0x1b,0x4a,0xff,0x4e,0x1a,0x49,0xff,0x4f,0x1c,0x47,0xff,0x4d,0x1b,0x47,0xff,
    0x3f,0x14,0x36,0xff,0x3a,0x12,0x35,0xff,0x37,0x11,0x2f,0xff,0x33,0x0d,0x28,0xff,0x36,0x0d,0x2e,0xff,0x3b,0x0f,0x33,0xff,0x3c,0x10,0x34,0xff,0x3d,0x12,0x33,0xff,
    0x3a,0x13,0x32,0xff,0x28,0x0b,0x21,0xff,0x24,0x0d,0x1c,0xff,0x20,0x0b,0x1a,0xff,0x11,0x05,0x12,0xff,0x15,0x07,0x13,0xff,0x2d,0x0f,0x28,0xff,0x2e,0x0c,0x25,0xff,
    0x1b,0x08,0x19,0xff,0x10,0x08,0x13,0xff,0x13,0x0e,0x14,0xe8,0x00,0x00,0x00,0x00,0x00,0x00,0x00,0x00,0x00,0x00,0x00,0x00,0x00,0x00,0x00,0x00,0x00,0x00,0x00,0x00,
    0x00,0x00,0x00,0x00,0x00,0x00,0x00,0x00,0x00,0x00,0x00,0x00,0x00,0x00,0x00,0x00,0x00,0x00,0x00,0x00,0x00,0x00,0x00,0x00,0x00,0x00,0x00,0x00,0x00,0x00,0x00,0x00,
    0x00,0x00,0x00,0x00,0x00,0x00,0x00,0x00,0x00,0x00,0x00,0x00,0x00,0x00,0x00,0x00,0x00,0x00,0x00,0x00,0x00,0x00,0x00,0x00,0x00,0x00,0x00,0x00,0x00,0x00,0x00,0x00,
    0x00,0x00,0x00,0x00,0x00,0x00,0x00,0x00,0x00,0x00,0x00,0x00,0x00,0x00,0x00,0x00,0x00,0x00,0x00,0x00,0x00,0x00,0x00,0x00,0x00,0x00,0x00,0x00,0x00,0x00,0x00,0x00,
    0x00,0x00,0x00,0x00,0x00,0x00,0x00,0x00,0x00,0x00,0x00,0x00,0x00,0x00,0x00,0x00,0x00,0x00,0x00,0x00,0x00,0x00,0x00,0x00,0x00,0x00,0x00,0x00,0x00,0x00,0x00,0x00,
    0x00,0x00,0x00,0x00,0x00,0x00,0x00,0x00,0x00,0x00,0x00,0x00,0x00,0x00,0x00,0x00,0x00,0x00,0x00,0x00,0x00,0x00,0x00,0x00,0x00,0x00,0x00,0x00,0x00,0x00,0x00,0x00,
    0x00,0x00,0x00,0x00,0x48,0x48,0x4c,0x3c,0x0a,0x0a,0x16,0xff,0x0c,0x0d,0x18,0xff,0x0a,0x0b,0x15,0xff,0x0b,0x0b,0x15,0xff,0x0c,0x0c,0x18,0xff,0x0b,0x0d,0x18,0xff,
    0x1a,0x1b,0x23,0xa0,0x00,0x00,0x00,0x00,0x00,0x00,0x00,0x00,0x11,0x0a,0x12,0xff,0x10,0x04,0x12,0xff,0x3a,0x18,0x38,0xff,0x51,0x1b,0x4b,0xff,0x51,0x1c,0x4b,0xff,
    0x4e,0x1b,0x48,0xff,0x47,0x1f,0x41,0xff,0x2a,0x0b,0x21,0xff,0x2c,0x0d,0x22,0xff,0x6f,0x38,0x6f,0xff,0x71,0x2f,0x77,0xff,0x71,0x32,0x76,0xff,0x6c,0x2d,0x6e,0xff,
    0x71,0x38,0x70,0xff,0x48,0x18,0x42,0xff,0x50,0x19,0x46,0xff,0x47,0x1b,0x41,0xff,0x49,0x19,0x47,0xff,0x1d,0x09,0x1f,0xff,0x0d,0x07,0x0c,0xff,0x22,0x0c,0x25,0xff,
    0x63,0x2f,0x60,0xff,0x69,0x2e,0x68,0xff,0x33,0x0f,0x2c,0xff,0x32,0x11,0x2b,0xff,0x33,0x11,0x2c,0xff,0x36,0x11,0x2d,0xff,0x36,0x12,0x2e,0xff,0x27,0x09,0x20,0xff,
    0x27,0x0c,0x20,0xff,0x2c,0x0b,0x25,0xff,0x37,0x12,0x2f,0xff,0x39,0x11,0x30,0xff,0x6e,0x36,0x6b,0xff,0x74,0x37,0x75,0xff,0x6e,0x34,0x6e,0xff,0x54,0x1b,0x4f,0xff,
    0x52,0x1c,0x4c,0xff,0x50,0x1b,0x4a,0xff,0x4f,0x1b,0x4a,0xff,0x4f,0x1b,0x4a,0xff,0x4f,0x1b,0x4a,0xff,0x4e,0x1a,0x47,0xff,0x38,0x0b,0x32,0xff,0x36,0x0f,0x2c,0xff,
    0x38,0x0e,0x31,0xff,0x45,0x19,0x3e,0xff,0x44,0x15,0x3f,0xff,0x4a,0x1a,0x46,0xff,0x4e,0x1c,0x48,0xff,0x4e,0x1b,0x49,0xff,0x4e,0x1a,0x49,0xff,0x4f,0x1b,0x4a,0xff,
    0x40,0x15,0x38,0xff,0x3a,0x11,0x35,0xff,0x35,0x10,0x2d,0xff,0x31,0x0f,0x27,0xff,0x32,0x0e,0x2b,0xff,0x3a,0x11,0x32,0xff,0x39,0x11,0x32,0xff,0x3a,0x11,0x33,0xff,
    0x3b,0x11,0x33,0xff,0x29,0x0b,0x24,0xff,0x22,0x0b,0x1d,0xff,0x1e,0x0b,0x1a,0xff,0x0d,0x08,0x11,0xff,0x0e,0x07,0x0e,0xff,0x28,0x11,0x25,0xff,0x2b,0x0f,0x25,0xff,
    0x15,0x04,0x12,0xff,0x0d,0x08,0x11,0xff,0x15,0x11,0x15,0xe7,0x00,0x00,0x00,0x00,0x00,0x00,0x00,0x00,0x00,0x00,0x00,0x00,0x00,0x00,0x00,0x00,0x00,0x00,0x00,0x00,
    0x00,0x00,0x00,0x00,0x00,0x00,0x00,0x00,0x00,0x00,0x00,0x00,0x00,0x00,0x00,0x00,0x00,0x00,0x00,0x00,0x00,0x00,0x00,0x00,0x00,0x00,0x00,0x00,0x00,0x00,0x00,0x00,
    0x00,0x00,0x00,0x00,0x00,0x00,0x00,0x00,0x00,0x00,0x00,0x00,0x00,0x00,0x00,0x00,0x00,0x00,0x00,0x00,0x00,0x00,0x00,0x00,0x00,0x00,0x00,0x00,0x00,0x00,0x00,0x00,
    0x00,0x00,0x00,0x00,0x00,0x00,0x00,0x00,0x00,0x00,0x00,0x00,0x00,0x00,0x00,0x00,0x00,0x00,0x00,0x00,0x00,0x00,0x00,0x00,0x00,0x00,0x00,0x00,0x00,0x00,0x00,0x00,
    0x00,0x00,0x00,0x00,0x00,0x00,0x00,0x00,0x00,0x00,0x00,0x00,0x00,0x00,0x00,0x00,0x00,0x00,0x00,0x00,0x00,0x00,0x00,0x00,0x00,0x00,0x00,0x00,0x00,0x00,0x00,0x00,
    0x00,0x00,0x00,0x00,0x00,0x00,0x00,0x00,0x00,0x00,0x00,0x00,0x00,0x00,0x00,0x00,0x00,0x00,0x00,0x00,0x00,0x00,0x00,0x00,0x00,0x00,0x00,0x00,0x00,0x00,0x00,0x00,
    0x00,0x00,0x00,0x00,0x39,0x39,0x3e,0x31,0x09,0x08,0x11,0xff,0x0a,0x0c,0x15,0xff,0x0b,0x0d,0x15,0xff,0x0c,0x0e,0x16,0xff,0x0b,0x0d,0x16,0xff,0x0e,0x0f,0x19,0xff,
    0x2d,0x2d,0x34,0x71,0x00,0x00,0x00,0x00,0x00,0x00,0x00,0x00,0x0f,0x07,0x10,0xff,0x0d,0x08,0x10,0xff,0x24,0x10,0x24,0xff,0x31,0x13,0x2f,0xff,0x30,0x15,0x2f,0xff,
    0x2f,0x14,0x2d,0xff,0x30,0x12,0x30,0xff,0x2c,0x0e,0x26,0xff,0x32,0x0e,0x2a,0xff,0x71,0x39,0x6e,0xff,0x71,0x32,0x73,0xff,0x6f,0x34,0x6f,0xff,0x5b,0x21,0x5a,0xff,
    0x5b,0x24,0x58,0xff,0x46,0x15,0x43,0xff,0x4c,0x19,0x44,0xff,0x37,0x12,0x31,0xff,0x3a,0x11,0x34,0xff,0x1a,0x0a,0x19,0xff,0x0f,0x08,0x0e,0xff,0x18,0x0a,0x1d,0xff,
    0x3c,0x20,0x3b,0xff,0x3b,0x1b,0x3c,0xff,0x21,0x0c,0x1d,0xff,0x22,0x0e,0x1e,0xff,0x24,0x0f,0x1f,0xff,0x23,0x0d,0x1f,0xff,0x23,0x0c,0x20,0xff,0x1c,0x0b,0x19,0xff,
    0x1c,0x0b,0x1a,0xff,0x21,0x09,0x1f,0xff,0x33,0x11,0x2c,0xff,0x37,0x0e,0x30,0xff,0x6a,0x34,0x69,0xff,0x72,0x36,0x73,0xff,0x6f,0x33,0x70,0xff,0x60,0x24,0x60,0xff,
    0x64,0x2c,0x60,0xff,0x50,0x1b,0x4c,0xff,0x50,0x1d,0x49,0xff,0x4f,0x1b,0x4b,0xff,0x4f,0x1a,0x4a,0xff,0x4f,0x1b,0x4a,0xff,0x43,0x15,0x3f,0xff,0x41,0x15,0x3a,0xff,
    0x40,0x16,0x39,0xff,0x3b,0x13,0x33,0xff,0x39,0x12,0x31,0xff,0x3b,0x14,0x35,0xff,0x3f,0x16,0x38,0xff,0x42,0x17,0x3c,0xff,0x46,0x17,0x40,0xff,0x45,0x15,0x40,0xff,
    0x40,0x14,0x39,0xff,0x42,0x15,0x3d,0xff,0x3f,0x16,0x38,0xff,0x32,0x0f,0x29,0xff,0x2c,0x0e,0x28,0xff,0x24,0x0d,0x22,0xff,0x27,0x0e,0x24,0xff,0x27,0x0d,0x24,0xff,
    0x26,0x0d,0x23,0xff,0x1d,0x09,0x1c,0xff,0x1b,0x08,0x18,0xff,0x1a,0x09,0x17,0xff,0x0e,0x08,0x13,0xff,0x10,0x07,0x11,0xff,0x1c,0x0c,0x1b,0xff,0x15,0x05,0x12,0xff,
    0x3f,0x33,0x3d,0x9f,0x20,0x20,0x25,0x6f,0x20,0x1d,0x1d,0x57,0x00,0x00,0x00,0x00,0x00,0x00,0x00,0x00,0x00,0x00,0x00,0x00,0x00,0x00,0x00,0x00,0x00,0x00,0x00,0x00,
    0x00,0x00,0x00,0x00,0x00,0x00,0x00,0x00,0x00,0x00,0x00,0x00,0x00,0x00,0x00,0x00,0x00,0x00,0x00,0x00,0x00,0x00,0x00,0x00,0x00,0x00,0x00,0x00,0x00,0x00,0x00,0x00,
    0x00,0x00,0x00,0x00,0x00,0x00,0x00,0x00,0x00,0x00,0x00,0x00,0x00,0x00,0x00,0x00,0x00,0x00,0x00,0x00,0x00,0x00,0x00,0x00,0x00,0x00,0x00,0x00,0x00,0x00,0x00,0x00,
    0x00,0x00,0x00,0x00,0x00,0x00,0x00,0x00,0x00,0x00,0x00,0x00,0x00,0x00,0x00,0x00,0x00,0x00,0x00,0x00,0x00,0x00,0x00,0x00,0x00,0x00,0x00,0x00,0x00,0x00,0x00,0x00,
    0x00,0x00,0x00,0x00,0x00,0x00,0x00,0x00,0x00,0x00,0x00,0x00,0x00,0x00,0x00,0x00,0x00,0x00,0x00,0x00,0x00,0x00,0x00,0x00,0x00,0x00,0x00,0x00,0x00,0x00,0x00,0x00,
    0x00,0x00,0x00,0x00,0x00,0x00,0x00,0x00,0x00,0x00,0x00,0x00,0x00,0x00,0x00,0x00,0x00,0x00,0x00,0x00,0x00,0x00,0x00,0x00,0x00,0x00,0x00,0x00,0x00,0x00,0x00,0x00,
    0x00,0x00,0x00,0x00,0x00,0x00,0x00,0x00,0x00,0x00,0x00,0x00,0x00,0x00,0x00,0x00,0x00,0x00,0x00,0x00,0x00,0x00,0x00,0x00,0x00,0x00,0x00,0x00,0x00,0x00,0x00,0x00,
    0x00,0x00,0x00,0x00,0x00,0x00,0x00,0x00,0x00,0x00,0x00,0x00,0x0d,0x09,0x10,0xff,0x0a,0x08,0x0e,0xff,0x0e,0x07,0x10,0xff,0x0c,0x0a,0x0e,0xff,0x0b,0x0a,0x0c,0xff,
    0x0f,0x07,0x0f,0xff,0x13,0x08,0x11,0xff,0x35,0x19,0x31,0xff,0x40,0x13,0x3d,0xff,0x6b,0x32,0x6f,0xff,0x6a,0x32,0x70,0xff,0x68,0x31,0x6a,0xff,0x50,0x1c,0x4d,0xff,
    0x4e,0x1d,0x49,0xff,0x48,0x19,0x41,0xff,0x46,0x19,0x43,0xff,0x28,0x0b,0x24,0xff,0x25,0x08,0x1c,0xff,0x15,0x0a,0x10,0xff,0x0f,0x08,0x0f,0xff,0x0f,0x08,0x10,0xff,
    0x0c,0x0a,0x0c,0xff,0x0c,0x08,0x0f,0xff,0x0e,0x0a,0x0d,0xff,0x13,0x0a,0x15,0xff,0x0e,0x09,0x0e,0xff,0x0f,0x07,0x10,0xff,0x0f,0x07,0x10,0xff,0x0c,0x09,0x0f,0xff,
    0x0a,0x0b,0x0d,0xff,0x10,0x06,0x10,0xff,0x2f,0x0e,0x27,0xff,0x34,0x0d,0x2b,0xff,0x62,0x31,0x60,0xff,0x70,0x34,0x73,0xff,0x72,0x33,0x74,0xff,0x73,0x33,0x75,0xff,
    0x71,0x35,0x70,0xff,0x4e,0x16,0x4c,0xff,0x50,0x1d,0x49,0xff,0x50,0x1c,0x4c,0xff,0x51,0x1d,0x4d,0xff,0x51,0x1d,0x4c,0xff,0x4d,0x1c,0x4a,0xff,0x4a,0x16,0x45,0xff,
    0x49,0x1e,0x43,0xff,0x2f,0x0a,0x26,0xff,0x29,0x0c,0x20,0xff,0x28,0x0d,0x20,0xff,0x29,0x0c,0x23,0xff,0x2c,0x0c,0x25,0xff,0x38,0x11,0x31,0xff,0x39,0x0f,0x33,0xff,
    0x49,0x18,0x42,0xff,0x4d,0x1a,0x49,0xff,0x47,0x19,0x42,0xff,0x33,0x0d,0x2c,0xff,0x2b,0x0e,0x29,0xff,0x0f,0x09,0x10,0xff,0x0e,0x0a,0x0f,0xff,0x0c,0x0a,0x0f,0xff,
    0x0c,0x0a,0x0f,0xff,0x0c,0x0a,0x0d,0xff,0x0f,0x0a,0x0f,0xff,0x0e,0x08,0x0e,0xff,0x0c,0x0a,0x10,0xff,0x10,0x09,0x11,0xff,0x10,0x0a,0x13,0xff,0x0d,0x08,0x0e,0xff,
    0xa7,0xa7,0xab,0x40,0x00,0x00,0x00,0x00,0x00,0x00,0x00,0x00,0x00,0x00,0x00,0x00,0x00,0x00,0x00,0x00,0x00,0x00,0x00,0x00,0x00,0x00,0x00,0x00,0x00,0x00,0x00,0x00,
    0x00,0x00,0x00,0x00,0x00,0x00,0x00,0x00,0x00,0x00,0x00,0x00,0x00,0x00,0x00,0x00,0x00,0x00,0x00,0x00,0x00,0x00,0x00,0x00,0x00,0x00,0x00,0x00,0x00,0x00,0x00,0x00,
    0x00,0x00,0x00,0x00,0x00,0x00,0x00,0x00,0x00,0x00,0x00,0x00,0x00,0x00,0x00,0x00,0x00,0x00,0x00,0x00,0x00,0x00,0x00,0x00,0x00,0x00,0x00,0x00,0x00,0x00,0x00,0x00,
    0x00,0x00,0x00,0x00,0x00,0x00,0x00,0x00,0x00,0x00,0x00,0x00,0x00,0x00,0x00,0x00,0x00,0x00,0x00,0x00,0x00,0x00,0x00,0x00,0x00,0x00,0x00,0x00,0x00,0x00,0x00,0x00,
    0x00,0x00,0x00,0x00,0x00,0x00,0x00,0x00,0x00,0x00,0x00,0x00,0x00,0x00,0x00,0x00,0x00,0x00,0x00,0x00,0x00,0x00,0x00,0x00,0x00,0x00,0x00,0x00,0x00,0x00,0x00,0x00,
    0x00,0x00,0x00,0x00,0x00,0x00,0x00,0x00,0x00,0x00,0x00,0x00,0x00,0x00,0x00,0x00,0x00,0x00,0x00,0x00,0x00,0x00,0x00,0x00,0x00,0x00,0x00,0x00,0x00,0x00,0x00,0x00,
    0x00,0x00,0x00,0x00,0x00,0x00,0x00,0x00,0x00,0x00,0x00,0x00,0x00,0x00,0x00,0x00,0x00,0x00,0x00,0x00,0x00,0x00,0x00,0x00,0x00,0x00,0x00,0x00,0x00,0x00,0x00,0x00,
    0x00,0x00,0x00,0x00,0x00,0x00,0x00,0x00,0x00,0x00,0x00,0x00,0x0a,0x0a,0x0a,0xd0,0x0a,0x06,0x0a,0xd5,0x0c,0x08,0x0c,0xd6,0x0d,0x09,0x0d,0xd7,0x0c,0x08,0x0c,0xd8,
    0x0b,0x07,0x0b,0xd8,0x11,0x06,0x12,0xd8,0x35,0x1f,0x35,0xff,0x38,0x15,0x39,0xff,0x67,0x3a,0x69,0xff,0x66,0x39,0x69,0xff,0x62,0x36,0x63,0xff,0x4b,0x21,0x4a,0xff,
    0x4b,0x21,0x47,0xff,0x42,0x1a,0x3c,0xff,0x3f,0x1e,0x39,0xff,0x28,0x0c,0x23,0xff,0x20,0x0d,0x1c,0xff,0x0f,0x06,0x0e,0xe2,0x07,0x05,0x08,0xd4,0x0b,0x07,0x0c,0xcf,
    0x0c,0x09,0x0c,0xcf,0x0e,0x0a,0x0e,0xcf,0x0b,0x07,0x0b,0xd0,0x0b,0x07,0x0b,0xd1,0x0c,0x09,0x0c,0xd1,0x0c,0x09,0x0c,0xd1,0x0c,0x09,0x0c,0xd0,0x0c,0x09,0x0c,0xcf,
    0x0c,0x09,0x0e,0xce,0x13,0x09,0x13,0xce,0x27,0x11,0x22,0xff,0x28,0x0b,0x23,0xff,0x60,0x35,0x60,0xff,0x74,0x3c,0x73,0xff,0x72,0x38,0x73,0xff,0x71,0x33,0x72,0xff,
    0x71,0x34,0x70,0xff,0x53,0x18,0x52,0xff,0x53,0x1c,0x51,0xff,0x53,0x1c,0x52,0xff,0x50,0x1a,0x4f,0xff,0x4d,0x19,0x4b,0xff,0x4c,0x19,0x48,0xff,0x4a,0x1b,0x47,0xff,
    0x49,0x1d,0x44,0xff,0x2d,0x07,0x27,0xff,0x27,0x0a,0x22,0xff,0x29,0x0e,0x24,0xff,0x28,0x0d,0x22,0xff,0x27,0x0c,0x21,0xff,0x31,0x12,0x2c,0xff,0x34,0x15,0x31,0xff,
    0x46,0x1e,0x42,0xff,0x45,0x1e,0x41,0xff,0x3d,0x1a,0x39,0xff,0x2f,0x10,0x2a,0xff,0x27,0x0f,0x24,0xff,0x0c,0x08,0x0d,0xff,0x0e,0x0b,0x0e,0xda,0x0d,0x09,0x0c,0xd7,
    0x0c,0x08,0x0d,0xd6,0x0c,0x08,0x0d,0xd6,0x0c,0x08,0x0d,0xd4,0x0c,0x08,0x0c,0xd3,0x0b,0x07,0x0b,0xd4,0x0c,0x08,0x0c,0xd5,0x0a,0x08,0x0c,0xd6,0x0c,0x0c,0x0e,0xd5,
    0xaa,0xaa,0xaa,0x15,0x00,0x00,0x00,0x00,0x00,0x00,0x00,0x00,0x00,0x00,0x00,0x00,0x00,0x00,0x00,0x00,0x00,0x00,0x00,0x00,0x00,0x00,0x00,0x00,0x00,0x00,0x00,0x00,
    0x00,0x00,0x00,0x00,0x00,0x00,0x00,0x00,0x00,0x00,0x00,0x00,0x00,0x00,0x00,0x00,0x00,0x00,0x00,0x00,0x00,0x00,0x00,0x00,0x00,0x00,0x00,0x00,0x00,0x00,0x00,0x00,
    0x00,0x00,0x00,0x00,0x00,0x00,0x00,0x00,0x00,0x00,0x00,0x00,0x00,0x00,0x00,0x00,0x00,0x00,0x00,0x00,0x00,0x00,0x00,0x00,0x00,0x00,0x00,0x00,0x00,0x00,0x00,0x00,
    0x00,0x00,0x00,0x00,0x00,0x00,0x00,0x00,0x00,0x00,0x00,0x00,0x00,0x00,0x00,0x00,0x00,0x00,0x00,0x00,0x00,0x00,0x00,0x00,0x00,0x00,0x00,0x00,0x00,0x00,0x00,0x00,
    0x00,0x00,0x00,0x00,0x00,0x00,0x00,0x00,0x00,0x00,0x00,0x00,0x00,0x00,0x00,0x00,0x00,0x00,0x00,0x00,0x00,0x00,0x00,0x00,0x00,0x00,0x00,0x00,0x00,0x00,0x00,0x00,
    0x00,0x00,0x00,0x00,0x00,0x00,0x00,0x00,0x00,0x00,0x00,0x00,0x00,0x00,0x00,0x00,0x00,0x00,0x00,0x00,0x00,0x00,0x00,0x00,0x00,0x00,0x00,0x00,0x00,0x00,0x00,0x00,
    0x00,0x00,0x00,0x00,0x00,0x00,0x00,0x00,0x00,0x00,0x00,0x00,0x00,0x00,0x00,0x00,0x00,0x00,0x00,0x00,0x00,0x00,0x00,0x00,0x00,0x00,0x00,0x00,0x00,0x00,0x00,0x00,
    0x00,0x00,0x00,0x00,0x00,0x00,0x00,0x00,0x00,0x00,0x00,0x00,0x00,0x00,0x00,0x00,0x00,0x00,0x00,0x00,0x00,0x00,0x00,0x00,0x00,0x00,0x00,0x00,0x00,0x00,0x00,0x00,
    0x00,0x00,0x00,0x00,0x00,0x00,0x00,0x00,0x0d,0x07,0x0b,0xfe,0x15,0x07,0x12,0xff,0x15,0x05,0x16,0xff,0x12,0x04,0x14,0xff,0x11,0x05,0x14,0xff,0x10,0x04,0x12,0xff,
    0x10,0x05,0x12,0xff,0x12,0x07,0x13,0xff,0x10,0x03,0x12,0xff,0x10,0x05,0x10,0xff,0x10,0x0a,0x10,0xff,0xb8,0xb8,0xb8,0x12,0x00,0x00,0x00,0x00,0x00,0x00,0x00,0x00,
    0x00,0x00,0x00,0x00,0x00,0x00,0x00,0x00,0x00,0x00,0x00,0x00,0x00,0x00,0x00,0x00,0x00,0x00,0x00,0x00,0x00,0x00,0x00,0x00,0x00,0x00,0x00,0x00,0x00,0x00,0x00,0x00,
    0x00,0x00,0x00,0x00,0x00,0x00,0x00,0x00,0x12,0x0e,0x11,0xff,0x14,0x08,0x13,0xff,0x27,0x09,0x24,0xff,0x36,0x0c,0x2e,0xff,0x3d,0x0d,0x3c,0xff,0x6e,0x34,0x70,0xff,
    0x71,0x34,0x75,0xff,0x74,0x36,0x73,0xff,0x74,0x35,0x73,0xff,0x70,0x32,0x70,0xff,0x69,0x2d,0x6a,0xff,0x6b,0x30,0x69,0xff,0x51,0x18,0x4e,0xff,0x50,0x19,0x4a,0xff,
    0x4d,0x1b,0x47,0xff,0x3c,0x11,0x35,0xff,0x38,0x16,0x32,0xff,0x17,0x08,0x15,0xff,0x12,0x08,0x11,0xff,0x12,0x07,0x10,0xff,0x12,0x06,0x12,0xff,0x13,0x05,0x13,0xff,
    0x14,0x03,0x14,0xff,0x14,0x05,0x13,0xff,0x13,0x05,0x13,0xff,0x12,0x06,0x12,0xff,0x14,0x09,0x14,0xff,0x0d,0x09,0x10,0xf6,0x00,0x00,0x00,0x00,0x00,0x00,0x00,0x00,
    0x00,0x00,0x00,0x00,0x00,0x00,0x00,0x00,0x00,0x00,0x00,0x00,0x00,0x00,0x00,0x00,0x00,0x00,0x00,0x00,0x00,0x00,0x00,0x00,0x00,0x00,0x00,0x00,0x00,0x00,0x00,0x00,
    0x00,0x00,0x00,0x00,0x00,0x00,0x00,0x00,0x00,0x00,0x00,0x00,0x00,0x00,0x00,0x00,0x00,0x00,0x00,0x00,0x00,0x00,0x00,0x00,0x00,0x00,0x00,0x00,0x00,0x00,0x00,0x00,
    0x00,0x00,0x00,0x00,0x00,0x00,0x00,0x00,0x00,0x00,0x00,0x00,0x00,0x00,0x00,0x00,0x00,0x00,0x00,0x00,0x00,0x00,0x00,0x00,0x00,0x00,0x00,0x00,0x00,0x00,0x00,0x00,
    0x00,0x00,0x00,0x00,0x00,0x00,0x00,0x00,0x00,0x00,0x00,0x00,0x00,0x00,0x00,0x00,0x00,0x00,0x00,0x00,0x00,0x00,0x00,0x00,0x00,0x00,0x00,0x00,0x00,0x00,0x00,0x00,
    0x00,0x00,0x00,0x00,0x00,0x00,0x00,0x00,0x00,0x00,0x00,0x00,0x00,0x00,0x00,0x00,0x00,0x00,0x00,0x00,0x00,0x00,0x00,0x00,0x00,0x00,0x00,0x00,0x00,0x00,0x00,0x00,
    0x00,0x00,0x00,0x00,0x00,0x00,0x00,0x00,0x00,0x00,0x00,0x00,0x00,0x00,0x00,0x00,0x00,0x00,0x00,0x00,0x00,0x00,0x00,0x00,0x00,0x00,0x00,0x00,0x00,0x00,0x00,0x00,
    0x00,0x00,0x00,0x00,0x00,0x00,0x00,0x00,0x00,0x00,0x00,0x00,0x00,0x00,0x00,0x00,0x00,0x00,0x00,0x00,0x00,0x00,0x00,0x00,0x00,0x00,0x00,0x00,0x00,0x00,0x00,0x00,
    0x00,0x00,0x00,0x00,0x00,0x00,0x00,0x00,0x00,0x00,0x00,0x00,0x00,0x00,0x00,0x00,0x00,0x00,0x00,0x00,0x00,0x00,0x00,0x00,0x00,0x00,0x00,0x00,0x00,0x00,0x00,0x00,
    0x00,0x00,0x00,0x00,0x00,0x00,0x00,0x00,0x00,0x00,0x00,0x00,0x00,0x00,0x00,0x00,0x00,0x00,0x00,0x00,0x00,0x00,0x00,0x00,0x00,0x00,0x00,0x00,0x00,0x00,0x00,0x00,
    0x00,0x00,0x00,0x00,0x00,0x00,0x00,0x00,0x0b,0x08,0x0c,0xfe,0x0d,0x09,0x0e,0xff,0x0b,0x0a,0x0c,0xff,0x09,0x0a,0x0b,0xff,0x0a,0x07,0x0c,0xff,0x0a,0x07,0x0c,0xff,
    0x0a,0x08,0x0e,0xff,0x0b,0x09,0x0f,0xff,0x0d,0x09,0x0f,0xff,0x0c,0x08,0x0e,0xff,0x0b,0x08,0x0c,0xff,0xb8,0xb8,0xb8,0x12,0x00,0x00,0x00,0x00,0x00,0x00,0x00,0x00,
    0x00,0x00,0x00,0x00,0x00,0x00,0x00,0x00,0x00,0x00,0x00,0x00,0x00,0x00,0x00,0x00,0x00,0x00,0x00,0x00,0x00,0x00,0x00,0x00,0x00,0x00,0x00,0x00,0x00,0x00,0x00,0x00,
    0x00,0x00,0x00,0x00,0x00,0x00,0x00,0x00,0x08,0x0a,0x0b,0xff,0x11,0x0e,0x12,0xff,0x23,0x0e,0x1e,0xff,0x2d,0x12,0x22,0xff,0x31,0x0c,0x2c,0xff,0x68,0x37,0x6b,0xff,
    0x6e,0x35,0x72,0xff,0x6d,0x34,0x6f,0xff,0x6b,0x35,0x6f,0xff,0x67,0x31,0x6c,0xff,0x63,0x2d,0x69,0xff,0x62,0x2e,0x66,0xff,0x43,0x14,0x45,0xff,0x48,0x1a,0x43,0xff,
    0x42,0x17,0x3e,0xff,0x38,0x14,0x34,0xff,0x34,0x16,0x30,0xff,0x0c,0x04,0x0f,0xff,0x0d,0x09,0x0f,0xff,0x0c,0x08,0x0d,0xff,0x0f,0x0b,0x10,0xff,0x0d,0x09,0x0f,0xff,
    0x0a,0x0a,0x0c,0xff,0x0b,0x0a,0x0c,0xff,0x0b,0x0a,0x0e,0xff,0x0b,0x0a,0x0e,0xff,0x0b,0x07,0x0d,0xff,0x10,0x0f,0x14,0xf6,0x00,0x00,0x00,0x00,0x00,0x00,0x00,0x00,
    0x00,0x00,0x00,0x00,0x00,0x00,0x00,0x00,0x00,0x00,0x00,0x00,0x00,0x00,0x00,0x00,0x00,0x00,0x00,0x00,0x00,0x00,0x00,0x00,0x00,0x00,0x00,0x00,0x00,0x00,0x00,0x00,
    0x00,0x00,0x00,0x00,0x00,0x00,0x00,0x00,0x00,0x00,0x00,0x00,0x00,0x00,0x00,0x00,0x00,0x00,0x00,0x00,0x00,0x00,0x00,0x00,0x00,0x00,0x00,0x00,0x00,0x00,0x00,0x00,
    0x00,0x00,0x00,0x00,0x00,0x00,0x00,0x00,0x00,0x00,0x00,0x00,0x00,0x00,0x00,0x00,0x00,0x00,0x00,0x00,0x00,0x00,0x00,0x00,0x00,0x00,0x00,0x00,0x00,0x00,0x00,0x00,
    0x00,0x00,0x00,0x00,0x00,0x00,0x00,0x00,0x00,0x00,0x00,0x00,0x00,0x00,0x00,0x00,0x00,0x00,0x00,0x00,0x00,0x00,0x00,0x00,0x00,0x00,0x00,0x00,0x00,0x00,0x00,0x00,
    0x00,0x00,0x00,0x00,0x00,0x00,0x00,0x00,0x00,0x00,0x00,0x00,0x00,0x00,0x00,0x00,0x00,0x00,0x00,0x00,0x00,0x00,0x00,0x00,0x00,0x00,0x00,0x00,0x00,0x00,0x00,0x00,
    0x00,0x00,0x00,0x00,0x00,0x00,0x00,0x00,0x00,0x00,0x00,0x00,0x00,0x00,0x00,0x00,0x00,0x00,0x00,0x00,0x00,0x00,0x00,0x00,0x00,0x00,0x00,0x00,0x00,0x00,0x00,0x00,
    0x00,0x00,0x00,0x00,0x00,0x00,0x00,0x00,0x00,0x00,0x00,0x00,0x00,0x00,0x00,0x00,0x00,0x00,0x00,0x00,0x00,0x00,0x00,0x00,0x00,0x00,0x00,0x00,0x00,0x00,0x00,0x00,
    0x00,0x00,0x00,0x00,0x00,0x00,0x00,0x00,0x00,0x00,0x00,0x00,0x00,0x00,0x00,0x00,0x00,0x00,0x00,0x00,0x00,0x00,0x00,0x00,0x00,0x00,0x00,0x00,0x00,0x00,0x00,0x00,
    0x00,0x00,0x00,0x00,0x00,0x00,0x00,0x00,0x00,0x00,0x00,0x00,0x00,0x00,0x00,0x00,0x00,0x00,0x00,0x00,0x00,0x00,0x00,0x00,0x00,0x00,0x00,0x00,0x00,0x00,0x00,0x00,
    0x00,0x00,0x00,0x00,0x00,0x00,0x00,0x00,0x00,0x00,0x00,0x00,0x00,0x00,0x00,0x00,0x00,0x00,0x00,0x00,0x00,0x00,0x00,0x00,0x00,0x00,0x00,0x00,0x00,0x00,0x00,0x00,
    0x00,0x00,0x00,0x00,0x00,0x00,0x00,0x00,0x00,0x00,0x00,0x00,0x00,0x00,0x00,0x00,0x00,0x00,0x00,0x00,0x00,0x00,0x00,0x00,0x00,0x00,0x00,0x00,0x00,0x00,0x00,0x00,
    0x00,0x00,0x00,0x00,0x00,0x00,0x00,0x00,0x00,0x00,0x00,0x00,0x00,0x00,0x00,0x00,0x00,0x00,0x00,0x00,0x00,0x00,0x00,0x00,0x00,0x00,0x00,0x00,0x00,0x00,0x00,0x00,
    0x00,0x00,0x00,0x00,0x00,0x00,0x00,0x00,0x00,0x00,0x00,0x00,0x00,0x00,0x00,0x00,0x18,0x0c,0x17,0xec,0x17,0x08,0x15,0xff,0x13,0x00,0x13,0xff,0x1f,0x05,0x20,0xff,
    0x21,0x04,0x22,0xff,0x20,0x04,0x22,0xff,0x1f,0x07,0x1c,0xff,0x1e,0x06,0x1e,0xff,0x20,0x08,0x20,0xff,0x1d,0x07,0x1d,0xff,0x19,0x06,0x19,0xff,0x1d,0x07,0x1d,0xff,
    0x19,0x03,0x18,0xff,0x1b,0x06,0x1b,0xff,0x17,0x07,0x17,0xff,0x10,0x07,0x13,0xff,0x0e,0x07,0x0e,0xff,0xee,0xee,0xee,0x0f,0x00,0x00,0x00,0x00,0x00,0x00,0x00,0x00,
    0x00,0x00,0x00,0x00,0x00,0x00,0x00,0x00,0x00,0x00,0x00,0x00,0x00,0x00,0x00,0x00,0x00,0x00,0x00,0x00,0x00,0x00,0x00,0x00,0x00,0x00,0x00,0x00,0x00,0x00,0x00,0x00,
    0x00,0x00,0x00,0x00,0x00,0x00,0x00,0x00,0x00,0x00,0x00,0x00,0x00,0x00,0x00,0x00,0x00,0x00,0x00,0x00,0x00,0x00,0x00,0x00,0x00,0x00,0x00,0x00,0x00,0x00,0x00,0x00,
    0x00,0x00,0x00,0x00,0x00,0x00,0x00,0x00,0x00,0x00,0x00,0x00,0x00,0x00,0x00,0x00,0x00,0x00,0x00,0x00,0x00,0x00,0x00,0x00,0x00,0x00,0x00,0x00,0x00,0x00,0x00,0x00,
    0x00,0x00,0x00,0x00,0x00,0x00,0x00,0x00,0x00,0x00,0x00,0x00,0x00,0x00,0x00,0x00,0x00,0x00,0x00,0x00,0x00,0x00,0x00,0x00,0x00,0x00,0x00,0x00,0x00,0x00,0x00,0x00,
    0x00,0x00,0x00,0x00,0x00,0x00,0x00,0x00,0x00,0x00,0x00,0x00,0x00,0x00,0x00,0x00,0x00,0x00,0x00,0x00,0x00,0x00,0x00,0x00,0x00,0x00,0x00,0x00,0x00,0x00,0x00,0x00,
    0x00,0x00,0x00,0x00,0x00,0x00,0x00,0x00,0x00,0x00,0x00,0x00,0x00,0x00,0x00,0x00,0x00,0x00,0x00,0x00,0x00,0x00,0x00,0x00,0x00,0x00,0x00,0x00,0x00,0x00,0x00,0x00,
    0x00,0x00,0x00,0x00,0x00,0x00,0x00,0x00,0x00,0x00,0x00,0x00,0x00,0x00,0x00,0x00,0x00,0x00,0x00,0x00,0x00,0x00,0x00,0x00,0x00,0x00,0x00,0x00,0x00,0x00,0x00,0x00,
    0x00,0x00,0x00,0x00,0x00,0x00,0x00,0x00,0x00,0x00,0x00,0x00,0x00,0x00,0x00,0x00,0x00,0x00,0x00,0x00,0x00,0x00,0x00,0x00,0x00,0x00,0x00,0x00,0x00,0x00,0x00,0x00,
    0x00,0x00,0x00,0x00,0x00,0x00,0x00,0x00,0x00,0x00,0x00,0x00,0x00,0x00,0x00,0x00,0x00,0x00,0x00,0x00,0x00,0x00,0x00,0x00,0x00,0x00,0x00,0x00,0x00,0x00,0x00,0x00,
    0x00,0x00,0x00,0x00,0x00,0x00,0x00,0x00,0x00,0x00,0x00,0x00,0x00,0x00,0x00,0x00,0x00,0x00,0x00,0x00,0x00,0x00,0x00,0x00,0x00,0x00,0x00,0x00,0x00,0x00,0x00,0x00,
    0x00,0x00,0x00,0x00,0x00,0x00,0x00,0x00,0x00,0x00,0x00,0x00,0x00,0x00,0x00,0x00,0x00,0x00,0x00,0x00,0x00,0x00,0x00,0x00,0x00,0x00,0x00,0x00,0x00,0x00,0x00,0x00,
    0x00,0x00,0x00,0x00,0x00,0x00,0x00,0x00,0x00,0x00,0x00,0x00,0x00,0x00,0x00,0x00,0x00,0x00,0x00,0x00,0x00,0x00,0x00,0x00,0x00,0x00,0x00,0x00,0x00,0x00,0x00,0x00,
    0x00,0x00,0x00,0x00,0x00,0x00,0x00,0x00,0x00,0x00,0x00,0x00,0x00,0x00,0x00,0x00,0x00,0x00,0x00,0x00,0x00,0x00,0x00,0x00,0x00,0x00,0x00,0x00,0x00,0x00,0x00,0x00,
    0x00,0x00,0x00,0x00,0x00,0x00,0x00,0x00,0x00,0x00,0x00,0x00,0x00,0x00,0x00,0x00,0x0f,0x0d,0x10,0xec,0x0a,0x06,0x10,0xff,0x0d,0x09,0x11,0xff,0x0d,0x08,0x0e,0xff,
    0x0b,0x09,0x0d,0xff,0x0b,0x08,0x0e,0xff,0x0d,0x09,0x0d,0xff,0x0d,0x08,0x0e,0xff,0x0e,0x08,0x11,0xff,0x0b,0x07,0x10,0xff,0x0b,0x08,0x0f,0xff,0x0a,0x06,0x0d,0xff,
    0x0d,0x07,0x10,0xff,0x0d,0x07,0x11,0xff,0x0d,0x08,0x11,0xff,0x0c,0x08,0x0e,0xff,0x0d,0x09,0x0e,0xff,0xff,0xff,0xff,0x0d,0x00,0x00,0x00,0x00,0x00,0x00,0x00,0x00,
    0x00,0x00,0x00,0x00,0x00,0x00,0x00,0x00,0x00,0x00,0x00,0x00,0x00,0x00,0x00,0x00,0x00,0x00,0x00,0x00,0x00,0x00,0x00,0x00,0x00,0x00,0x00,0x00,0x00,0x00,0x00,0x00,
    0x00,0x00,0x00,0x00,0x00,0x00,0x00,0x00,0x00,0x00,0x00,0x00,0x00,0x00,0x00,0x00,0x00,0x00,0x00,0x00,0x00,0x00,0x00,0x00,0x00,0x00,0x00,0x00,0x00,0x00,0x00,0x00,
    0x00,0x00,0x00,0x00,0x00,0x00,0x00,0x00,0x00,0x00,0x00,0x00,0x00,0x00,0x00,0x00,0x00,0x00,0x00,0x00,0x00,0x00,0x00,0x00,0x00,0x00,0x00,0x00,0x00,0x00,0x00,0x00,
    0x00,0x00,0x00,0x00,0x00,0x00,0x00,0x00,0x00,0x00,0x00,0x00,0x00,0x00,0x00,0x00,0x00,0x00,0x00,0x00,0x00,0x00,0x00,0x00,0x00,0x00,0x00,0x00,0x00,0x00,0x00,0x00,
    0x00,0x00,0x00,0x00,0x00,0x00,0x00,0x00,0x00,0x00,0x00,0x00,0x00,0x00,0x00,0x00,0x00,0x00,0x00,0x00,0x00,0x00,0x00,0x00,0x00,0x00,0x00,0x00,0x00,0x00,0x00,0x00,
    0x00,0x00,0x00,0x00,0x00,0x00,0x00,0x00,0x00,0x00,0x00,0x00,0x00,0x00,0x00,0x00,0x00,0x00,0x00,0x00,0x00,0x00,0x00,0x00,0x00,0x00,0x00,0x00,0x00,0x00,0x00,0x00,
    0x00,0x00,0x00,0x00,0x00,0x00,0x00,0x00,0x00,0x00,0x00,0x00,0x00,0x00,0x00,0x00,0x00,0x00,0x00,0x00,0x00,0x00,0x00,0x00,0x00,0x00,0x00,0x00,0x00,0x00,0x00,0x00,
    0x00,0x00,0x00,0x00,0x00,0x00,0x00,0x00,0x00,0x00,0x00,0x00,0x00,0x00,0x00,0x00,0x00,0x00,0x00,0x00,0x00,0x00,0x00,0x00,0x00,0x00,0x00,0x00,0x00,0x00,0x00,0x00,
    0x00,0x00,0x00,0x00,0x00,0x00,0x00,0x00,0x00,0x00,0x00,0x00,0x00,0x00,0x00,0x00,0x00,0x00,0x00,0x00,0x00,0x00,0x00,0x00,0x00,0x00,0x00,0x00,0x00,0x00,0x00,0x00,
    0x00,0x00,0x00,0x00,0x00,0x00,0x00,0x00,0x00,0x00,0x00,0x00,0x00,0x00,0x00,0x00,0x00,0x00,0x00,0x00,0x00,0x00,0x00,0x00,0x00,0x00,0x00,0x00,0x00,0x00,0x00,0x00,
    0x00,0x00,0x00,0x00,0x00,0x00,0x00,0x00,0x00,0x00,0x00,0x00,0x00,0x00,0x00,0x00,0x00,0x00,0x00,0x00,0x00,0x00,0x00,0x00,0x00,0x00,0x00,0x00,0x00,0x00,0x00,0x00,
    0x00,0x00,0x00,0x00,0x00,0x00,0x00,0x00,0x00,0x00,0x00,0x00,0x00,0x00,0x00,0x00,0x00,0x00,0x00,0x00,0x00,0x00,0x00,0x00,0x00,0x00,0x00,0x00,0x00,0x00,0x00,0x00,
    0x00,0x00,0x00,0x00,0x00,0x00,0x00,0x00,0x00,0x00,0x00,0x00,0x00,0x00,0x00,0x00,0x00,0x00,0x00,0x00,0x00,0x00,0x00,0x00,0x00,0x00,0x00,0x00,0x00,0x00,0x00,0x00,
    0x00,0x00,0x00,0x00,0x00,0x00,0x00,0x00,0x00,0x00,0x00,0x00,0x00,0x00,0x00,0x00,0x4a,0x4a,0x4a,0x6e,0x40,0x3c,0x40,0x73,0x3f,0x3a,0x3f,0x6a,0x3b,0x36,0x3b,0x68,
    0x3d,0x38,0x3d,0x69,0x3d,0x38,0x3d,0x68,0x3a,0x37,0x3c,0x6a,0x39,0x34,0x39,0x67,0x37,0x32,0x39,0x66,0x36,0x31,0x36,0x63,0x34,0x2f,0x34,0x62,0x35,0x2f,0x35,0x61,
    0x31,0x2b,0x31,0x5e,0x33,0x2e,0x33,0x5f,0x35,0x30,0x35,0x60,0x3d,0x3a,0x3f,0x69,0x40,0x40,0x45,0x6b,0xff,0xff,0xff,0x03,0x00,0x00,0x00,0x00,0x00,0x00,0x00,0x00,
    0x00,0x00,0x00,0x00,0x00,0x00,0x00,0x00,0x00,0x00,0x00,0x00,0x00,0x00,0x00,0x00,0x00,0x00,0x00,0x00,0x00,0x00,0x00,0x00,0x00,0x00,0x00,0x00,0x00,0x00,0x00,0x00,
    0x00,0x00,0x00,0x00,0x00,0x00,0x00,0x00,0x00,0x00,0x00,0x00,0x00,0x00,0x00,0x00,0x00,0x00,0x00,0x00,0x00,0x00,0x00,0x00,0x00,0x00,0x00,0x00,0x00,0x00,0x00,0x00,
    0x00,0x00,0x00,0x00,0x00,0x00,0x00,0x00,0x00,0x00,0x00,0x00,0x00,0x00,0x00,0x00,0x00,0x00,0x00,0x00,0x00,0x00,0x00,0x00,0x00,0x00,0x00,0x00,0x00,0x00,0x00,0x00,
    0x00,0x00,0x00,0x00,0x00,0x00,0x00,0x00,0x00,0x00,0x00,0x00,0x00,0x00,0x00,0x00,0x00,0x00,0x00,0x00,0x00,0x00,0x00,0x00,0x00,0x00,0x00,0x00,0x00,0x00,0x00,0x00,
    0x00,0x00,0x00,0x00,0x00,0x00,0x00,0x00,0x00,0x00,0x00,0x00,0x00,0x00,0x00,0x00,0x00,0x00,0x00,0x00,0x00,0x00,0x00,0x00,0x00,0x00,0x00,0x00,0x00,0x00,0x00,0x00
};

const lv_image_dsc_t bitblocks_sprite_128_wizard = {
    .header.magic = LV_IMAGE_HEADER_MAGIC,
    .header.cf = LV_COLOR_FORMAT_ARGB8888,
    .header.flags = 0,
    .header.w = 128,
    .header.h = 128,
    .header.stride = 512,
    .data_size = sizeof(bitblocks_sprite_128_wizard_data),
    .data = bitblocks_sprite_128_wizard_data,
};
