#include "chemistry_atomlab.h"

#ifndef LV_ATTRIBUTE_MEM_ALIGN
#define LV_ATTRIBUTE_MEM_ALIGN
#endif

#ifndef LV_ATTRIBUTE_LARGE_CONST
#define LV_ATTRIBUTE_LARGE_CONST
#endif

#ifndef LV_ATTRIBUTE_IMAGE_UI_CHEMISTRY_ATOMLAB
#define LV_ATTRIBUTE_IMAGE_UI_CHEMISTRY_ATOMLAB
#endif

const LV_ATTRIBUTE_MEM_ALIGN LV_ATTRIBUTE_LARGE_CONST LV_ATTRIBUTE_IMAGE_UI_CHEMISTRY_ATOMLAB uint8_t ui_chemistry_atomlab_data[] = {
    0x71, 0x21, 0x71, 0x21, 0x71, 0x21, 0x71, 0x21, 0x71, 0x21, 0x51, 0x19, 0x32, 0x3a, 0xb8, 0xb5,
    0xf8, 0xbd, 0xd4, 0x9c, 0x72, 0x8c, 0x93, 0x94, 0x93, 0x94, 0x93, 0x94, 0x93, 0x94, 0x93, 0x94,
    0x93, 0x94, 0x93, 0x94, 0x93, 0x94, 0x73, 0x8c, 0x73, 0x8c, 0x93, 0x94, 0x93, 0x94, 0x93, 0x94,
    0x73, 0x8c, 0x73, 0x8c, 0x73, 0x8c, 0x73, 0x8c, 0x93, 0x94, 0x93, 0x94, 0x93, 0x94, 0x93, 0x94,
    0x73, 0x8c, 0x73, 0x8c, 0x93, 0x94, 0x93, 0x94, 0x93, 0x94, 0x93, 0x94, 0x93, 0x94, 0x93, 0x94,
    0x73, 0x8c, 0x73, 0x8c, 0x73, 0x8c, 0x73, 0x8c, 0x73, 0x8c, 0x73, 0x8c, 0x73, 0x8c, 0x73, 0x8c,
    0x73, 0x8c, 0x73, 0x8c, 0x73, 0x8c, 0x73, 0x8c, 0x73, 0x8c, 0x73, 0x8c, 0x73, 0x8c, 0x73, 0x8c,
    0x73, 0x8c, 0x73, 0x8c, 0x73, 0x8c, 0x73, 0x8c, 0x73, 0x8c, 0x73, 0x8c, 0x73, 0x8c, 0x73, 0x8c,
    0x73, 0x8c, 0x73, 0x8c, 0x73, 0x8c, 0x73, 0x8c, 0x73, 0x8c, 0x73, 0x8c, 0x73, 0x8c, 0x73, 0x8c,
    0x73, 0x8c, 0x73, 0x8c, 0x73, 0x8c, 0x73, 0x8c, 0x73, 0x8c, 0x73, 0x8c, 0x73, 0x8c, 0x73, 0x8c,
    0x73, 0x8c, 0x73, 0x8c, 0x73, 0x8c, 0x73, 0x8c, 0x73, 0x8c, 0x73, 0x8c, 0x73, 0x8c, 0x73, 0x8c,
    0x73, 0x8c, 0x73, 0x8c, 0x93, 0x94, 0x93, 0x94, 0x93, 0x94, 0x73, 0x8c, 0x93, 0x94, 0x73, 0x8c,
    0x73, 0x8c, 0x73, 0x8c, 0x93, 0x94, 0x93, 0x94, 0x93, 0x94, 0x93, 0x94, 0x93, 0x94, 0x93, 0x94,
    0x93, 0x94, 0x93, 0x94, 0x93, 0x94, 0x73, 0x8c, 0x73, 0x8c, 0x73, 0x8c, 0xb3, 0x94, 0xb7, 0xb5,
    0xb7, 0xb5, 0x32, 0x3a, 0x51, 0x19, 0x71, 0x21, 0x71, 0x21, 0x71, 0x21, 0x71, 0x21, 0x71, 0x21,
    0x71, 0x21, 0x71, 0x21, 0x71, 0x21, 0x71, 0x21, 0x51, 0x19, 0xf0, 0x10, 0xf2, 0x31, 0xd8, 0xbd,
    0xf8, 0xbd, 0xd4, 0x9c, 0x52, 0x8c, 0x73, 0x8c, 0x52, 0x8c, 0x72, 0x8c, 0x52, 0x8c, 0x72, 0x8c,
    0x72, 0x8c, 0x72, 0x8c, 0x52, 0x8c, 0x52, 0x8c, 0x52, 0x8c, 0x52, 0x8c, 0x52, 0x8c, 0x52, 0x8c,
    0x52, 0x8c, 0x52, 0x8c, 0x52, 0x8c, 0x52, 0x8c, 0x52, 0x8c, 0x52, 0x8c, 0x72, 0x8c, 0x72, 0x8c,
    0x72, 0x8c, 0x52, 0x8c, 0x72, 0x8c, 0x52, 0x8c, 0x72, 0x8c, 0x72, 0x8c, 0x72, 0x8c, 0x72, 0x8c,
    0x52, 0x8c, 0x52, 0x8c, 0x52, 0x8c, 0x52, 0x8c, 0x52, 0x8c, 0x52, 0x8c, 0x52, 0x8c, 0x52, 0x8c,
    0x52, 0x8c, 0x52, 0x8c, 0x52, 0x8c, 0x52, 0x8c, 0x52, 0x8c, 0x52, 0x8c, 0x52, 0x8c, 0x52, 0x8c,
    0x52, 0x8c, 0x52, 0x8c, 0x52, 0x8c, 0x52, 0x8c, 0x52, 0x8c, 0x52, 0x8c, 0x52, 0x8c, 0x52, 0x8c,
    0x52, 0x8c, 0x72, 0x8c, 0x52, 0x8c, 0x52, 0x8c, 0x52, 0x8c, 0x52, 0x8c, 0x52, 0x8c, 0x52, 0x8c,
    0x52, 0x8c, 0x52, 0x8c, 0x52, 0x8c, 0x52, 0x8c, 0x52, 0x8c, 0x52, 0x8c, 0x52, 0x8c, 0x52, 0x8c,
    0x52, 0x8c, 0x52, 0x8c, 0x52, 0x8c, 0x52, 0x8c, 0x52, 0x8c, 0x52, 0x8c, 0x52, 0x8c, 0x52, 0x8c,
    0x52, 0x8c, 0x52, 0x8c, 0x52, 0x8c, 0x52, 0x8c, 0x52, 0x8c, 0x52, 0x8c, 0x52, 0x8c, 0x52, 0x8c,
    0x52, 0x8c, 0x52, 0x8c, 0x72, 0x8c, 0x72, 0x8c, 0x52, 0x8c, 0x52, 0x8c, 0x52, 0x8c, 0x52, 0x8c,
    0x52, 0x8c, 0x52, 0x8c, 0x52, 0x8c, 0x52, 0x8c, 0x52, 0x8c, 0x32, 0x84, 0x93, 0x94, 0xd8, 0xbd,
    0xb7, 0xb5, 0xf2, 0x31, 0xf1, 0x10, 0x51, 0x19, 0x71, 0x21, 0x71, 0x21, 0x71, 0x21, 0x71, 0x21,
    0x71, 0x21, 0x71, 0x21, 0x71, 0x21, 0x51, 0x19, 0x32, 0x3a, 0x15, 0x7c, 0x55, 0x84, 0x97, 0xb5,
    0xb7, 0xb5, 0x9a, 0xd6, 0xfc, 0xde, 0xdb, 0xde, 0xbb, 0xde, 0xdb, 0xde, 0xdb, 0xde, 0xdb, 0xde,
    0xdb, 0xde, 0xdb, 0xde, 0xdb, 0xde, 0xbb, 0xd6, 0xbb, 0xde, 0xdb, 0xde, 0xbb, 0xde, 0xbb, 0xde,
    0xbb, 0xde, 0xbb, 0xde, 0xbb, 0xd6, 0xdb, 0xde, 0xdb, 0xde, 0xbb, 0xde, 0xdb, 0xde, 0xdb, 0xde,
    0xdb, 0xde, 0xdb, 0xde, 0xdb, 0xde, 0xbb, 0xde, 0xdb, 0xde, 0xdb, 0xde, 0xdb, 0xde, 0xdb, 0xde,
    0xdb, 0xde, 0xdb, 0xde, 0xdb, 0xde, 0xdb, 0xde, 0xdb, 0xde, 0xbb, 0xd6, 0xbb, 0xd6, 0xbb, 0xd6,
    0xbb, 0xd6, 0xbb, 0xd6, 0xbb, 0xde, 0xdb, 0xde, 0xdb, 0xde, 0xdb, 0xde, 0xbb, 0xde, 0xdb, 0xde,
    0xdb, 0xde, 0xbb, 0xde, 0xdb, 0xde, 0xdb, 0xde, 0xdb, 0xde, 0xdb, 0xde, 0xdb, 0xde, 0xbb, 0xde,
    0xdb, 0xde, 0xdb, 0xde, 0xdb, 0xde, 0xbb, 0xd6, 0xbb, 0xde, 0xdb, 0xde, 0xbb, 0xd6, 0xbb, 0xd6,
    0xbb, 0xd6, 0xbb, 0xd6, 0xbb, 0xd6, 0xbb, 0xde, 0xbb, 0xde, 0xdb, 0xde, 0xdb, 0xde, 0xdb, 0xde,
    0xdb, 0xde, 0xdb, 0xde, 0xdb, 0xde, 0xdb, 0xd6, 0xbb, 0xd6, 0xdb, 0xde, 0xdb, 0xde, 0xbb, 0xd6,
    0xbb, 0xd6, 0xbb, 0xd6, 0xbb, 0xde, 0xbb, 0xde, 0xbb, 0xde, 0xdb, 0xde, 0xbb, 0xd6, 0xbb, 0xd6,
    0xbb, 0xde, 0xbb, 0xde, 0xdb, 0xde, 0xdb, 0xde, 0xbb, 0xde, 0xbb, 0xde, 0xdb, 0xde, 0xbb, 0xde,
    0xbb, 0xde, 0xbb, 0xde, 0xbb, 0xd6, 0xbb, 0xd6, 0xbb, 0xd6, 0xdb, 0xde, 0x7a, 0xce, 0x97, 0xb5,
    0x76, 0xad, 0x15, 0x84, 0xf5, 0x7b, 0x52, 0x42, 0x51, 0x19, 0x71, 0x21, 0x71, 0x21, 0x71, 0x21,
    0x71, 0x21, 0x71, 0x21, 0x51, 0x19, 0xd0, 0x08, 0xd3, 0x52, 0x18, 0xc6, 0xb7, 0xb5, 0x36, 0xa5,
    0x15, 0xa5, 0x3d, 0xe7, 0xff, 0xff, 0xff, 0xff, 0xdf, 0xff, 0xdf, 0xff, 0xff, 0xff, 0xdf, 0xff,
    0xdf, 0xff, 0xff, 0xff, 0xdf, 0xff, 0xdf, 0xff, 0xdf, 0xff, 0xdf, 0xff, 0xdf, 0xff, 0xff, 0xff,
    0xdf, 0xff, 0xff, 0xff, 0xff, 0xff, 0xdf, 0xff, 0xdf, 0xff, 0xdf, 0xff, 0xdf, 0xff, 0xdf, 0xff,
    0xdf, 0xff, 0xdf, 0xff, 0xdf, 0xff, 0xdf, 0xff, 0xff, 0xff, 0xff, 0xff, 0xff, 0xff, 0xff, 0xff,
    0xff, 0xff, 0xff, 0xff, 0xdf, 0xff, 0xff, 0xff, 0xff, 0xff, 0xdf, 0xff, 0xdf, 0xff, 0xdf, 0xff,
    0xff, 0xff, 0xff, 0xff, 0xdf, 0xff, 0xdf, 0xff, 0xff, 0xff, 0xff, 0xff, 0xdf, 0xff, 0xff, 0xff,
    0xdf, 0xff, 0xdf, 0xff, 0xdf, 0xff, 0xdf, 0xff, 0xff, 0xff, 0xdf, 0xff, 0xdf, 0xff, 0xdf, 0xff,
    0xff, 0xff, 0xdf, 0xff, 0xdf, 0xff, 0xdf, 0xff, 0xff, 0xff, 0xff, 0xff, 0xdf, 0xff, 0xdf, 0xff,
    0xdf, 0xff, 0xdf, 0xff, 0xdf, 0xff, 0xff, 0xff, 0xff, 0xff, 0xff, 0xff, 0xff, 0xff, 0xdf, 0xff,
    0xdf, 0xff, 0xdf, 0xff, 0xff, 0xff, 0xff, 0xff, 0xff, 0xff, 0xdf, 0xff, 0xdf, 0xff, 0xff, 0xff,
    0xdf, 0xff, 0xff, 0xff, 0xff, 0xff, 0xdf, 0xff, 0xdf, 0xff, 0xdf, 0xff, 0xdf, 0xff, 0xdf, 0xff,
    0xdf, 0xff, 0xdf, 0xff, 0xdf, 0xff, 0xdf, 0xff, 0xdf, 0xff, 0xdf, 0xff, 0xdf, 0xff, 0xdf, 0xff,
    0xdf, 0xff, 0xdf, 0xff, 0xdf, 0xff, 0xdf, 0xff, 0xdf, 0xff, 0xff, 0xff, 0x5d, 0xef, 0xf5, 0x9c,
    0x15, 0xa5, 0x97, 0xb5, 0x17, 0xc6, 0xf3, 0x52, 0xd0, 0x08, 0x51, 0x19, 0x71, 0x21, 0x71, 0x21,
    0x71, 0x21, 0x51, 0x19, 0x73, 0x42, 0x13, 0x5b, 0xf5, 0x7b, 0x97, 0xb5, 0x97, 0xb5, 0x7a, 0xce,
    0x5a, 0xce, 0x1c, 0xe7, 0x5d, 0xef, 0x3d, 0xe7, 0x3c, 0xe7, 0x3d, 0xe7, 0x3d, 0xe7, 0x3d, 0xe7,
    0x3d, 0xe7, 0x3d, 0xe7, 0x3d, 0xe7, 0x3d, 0xe7, 0x3d, 0xe7, 0x3d, 0xe7, 0x3d, 0xe7, 0x3d, 0xe7,
    0x3d, 0xe7, 0x3d, 0xe7, 0x3d, 0xe7, 0x3d, 0xe7, 0x3d, 0xe7, 0x3d, 0xe7, 0x3d, 0xe7, 0x3d, 0xe7,
    0x3d, 0xe7, 0x3d, 0xe7, 0x3d, 0xe7, 0x3d, 0xe7, 0x3d, 0xe7, 0x3d, 0xe7, 0x3d, 0xe7, 0x3d, 0xe7,
    0x3d, 0xe7, 0x3d, 0xe7, 0x3d, 0xe7, 0x3d, 0xe7, 0x3d, 0xe7, 0x3d, 0xe7, 0x3d, 0xe7, 0x3d, 0xe7,
    0x3d, 0xe7, 0x3d, 0xe7, 0x3d, 0xe7, 0x3d, 0xe7, 0x3d, 0xe7, 0x3d, 0xe7, 0x3d, 0xe7, 0x3d, 0xe7,
    0x3d, 0xe7, 0x3d, 0xe7, 0x3d, 0xe7, 0x3d, 0xe7, 0x3d, 0xe7, 0x3d, 0xe7, 0x3d, 0xe7, 0x3d, 0xe7,
    0x3d, 0xe7, 0x3d, 0xe7, 0x3d, 0xe7, 0x3d, 0xe7, 0x3d, 0xe7, 0x3d, 0xe7, 0x3d, 0xe7, 0x3d, 0xe7,
    0x3d, 0xe7, 0x3d, 0xe7, 0x3d, 0xe7, 0x3d, 0xe7, 0x3d, 0xe7, 0x3d, 0xe7, 0x3d, 0xe7, 0x3d, 0xe7,
    0x3d, 0xe7, 0x3d, 0xe7, 0x3d, 0xe7, 0x3d, 0xe7, 0x3d, 0xe7, 0x3d, 0xe7, 0x3d, 0xe7, 0x3d, 0xe7,
    0x3d, 0xe7, 0x3d, 0xe7, 0x3d, 0xe7, 0x3d, 0xe7, 0x3d, 0xe7, 0x3d, 0xe7, 0x3d, 0xe7, 0x3d, 0xe7,
    0x3d, 0xe7, 0x3d, 0xe7, 0x3d, 0xe7, 0x3d, 0xe7, 0x3d, 0xe7, 0x3d, 0xe7, 0x3d, 0xe7, 0x3d, 0xe7,
    0x3d, 0xe7, 0x3d, 0xe7, 0x3d, 0xe7, 0x3d, 0xe7, 0x3d, 0xe7, 0x5d, 0xef, 0x1c, 0xe7, 0x59, 0xce,
    0x7a, 0xce, 0x97, 0xb5, 0x97, 0xb5, 0xf4, 0x7b, 0xf3, 0x52, 0x52, 0x42, 0x51, 0x19, 0x71, 0x21,
    0x51, 0x19, 0x11, 0x11, 0x35, 0x84, 0x38, 0xce, 0x97, 0xb5, 0x16, 0xa5, 0x97, 0xb5, 0xff, 0xff,
    0xff, 0xff, 0x1c, 0xe7, 0x7a, 0xce, 0xbb, 0xd6, 0xbb, 0xd6, 0xbb, 0xd6, 0xbb, 0xd6, 0xbb, 0xd6,
    0xbb, 0xd6, 0xbb, 0xd6, 0xbb, 0xde, 0xbb, 0xd6, 0xbb, 0xd6, 0xbb, 0xde, 0xbb, 0xd6, 0xbb, 0xd6,
    0xbb, 0xd6, 0xbb, 0xd6, 0xbb, 0xd6, 0xbb, 0xde, 0xbb, 0xde, 0xbb, 0xde, 0xbb, 0xde, 0xbb, 0xde,
    0xbb, 0xde, 0xbb, 0xde, 0xbb, 0xde, 0xbb, 0xde, 0xbb, 0xde, 0xbb, 0xde, 0xbb, 0xde, 0xdb, 0xde,
    0xbb, 0xde, 0xbb, 0xde, 0xdb, 0xde, 0xbb, 0xde, 0xbb, 0xde, 0xbb, 0xde, 0xbb, 0xde, 0xbb, 0xde,
    0xbb, 0xd6, 0xbb, 0xd6, 0xbb, 0xde, 0xbb, 0xde, 0xbb, 0xde, 0xdb, 0xde, 0xdb, 0xde, 0xbb, 0xde,
    0xdb, 0xde, 0xdb, 0xde, 0xbb, 0xde, 0xbb, 0xde, 0xbb, 0xde, 0xbb, 0xde, 0xbb, 0xde, 0xbb, 0xde,
    0xbb, 0xde, 0xbb, 0xde, 0xbb, 0xde, 0xdb, 0xde, 0xdb, 0xde, 0xdb, 0xde, 0xbb, 0xde, 0xbb, 0xde,
    0xbb, 0xde, 0xbb, 0xde, 0xbb, 0xde, 0xbb, 0xd6, 0xbb, 0xd6, 0xbb, 0xde, 0xbb, 0xde, 0xbb, 0xde,
    0xbb, 0xde, 0xbb, 0xde, 0xbb, 0xde, 0xbb, 0xde, 0xbb, 0xde, 0xbb, 0xde, 0xbb, 0xde, 0xbb, 0xde,
    0xdb, 0xde, 0xbb, 0xde, 0xbb, 0xd6, 0xbb, 0xd6, 0xbb, 0xde, 0xbb, 0xde, 0xbb, 0xde, 0xbb, 0xde,
    0xbb, 0xde, 0xbb, 0xd6, 0xbb, 0xd6, 0xbb, 0xde, 0xbb, 0xd6, 0xbb, 0xd6, 0xbb, 0xde, 0xbb, 0xde,
    0xbb, 0xd6, 0xbb, 0xd6, 0xbb, 0xd6, 0xbb, 0xd6, 0xbb, 0xd6, 0x9a, 0xd6, 0xfc, 0xde, 0xff, 0xff,
    0xff, 0xff, 0xd7, 0xbd, 0x36, 0xa5, 0x77, 0xad, 0xf7, 0xbd, 0x14, 0x7c, 0x11, 0x11, 0x51, 0x19,
    0x12, 0x3a, 0xf2, 0x31, 0x55, 0x84, 0xd7, 0xbd, 0x97, 0xb5, 0x97, 0xb5, 0xf8, 0xbd, 0xbe, 0xf7,
    0xbf, 0xf7, 0xfc, 0xde, 0xbb, 0xd6, 0x9b, 0xd6, 0x7a, 0xce, 0x7a, 0xce, 0x7a, 0xce, 0x7a, 0xce,
    0x7a, 0xce, 0x7a, 0xce, 0x7a, 0xce, 0x7a, 0xce, 0x7a, 0xce, 0x7a, 0xce, 0x7a, 0xce, 0x7a, 0xce,
    0x7a, 0xce, 0x7a, 0xce, 0x7a, 0xce, 0x7a, 0xce, 0x7a, 0xce, 0x7a, 0xce, 0x7a, 0xce, 0x7a, 0xce,
    0x7a, 0xce, 0x7a, 0xce, 0x7a, 0xce, 0x7a, 0xce, 0x7a, 0xce, 0x7a, 0xce, 0x7a, 0xce, 0x7a, 0xce,
    0x7a, 0xce, 0x7a, 0xce, 0x7a, 0xce, 0x7a, 0xce, 0x7a, 0xce, 0x7a, 0xce, 0x7a, 0xce, 0x7a, 0xce,
    0x7a, 0xce, 0x7a, 0xce, 0x7a, 0xce, 0x7a, 0xce, 0x7a, 0xce, 0x7a, 0xce, 0x7a, 0xce, 0x7a, 0xce,
    0x7a, 0xce, 0x7a, 0xce, 0x7a, 0xce, 0x7a, 0xce, 0x7a, 0xce, 0x7a, 0xce, 0x7a, 0xce, 0x7a, 0xce,
    0x7a, 0xce, 0x7a, 0xce, 0x7a, 0xce, 0x7a, 0xce, 0x7a, 0xce, 0x7a, 0xce, 0x7a, 0xce, 0x7a, 0xce,
    0x7a, 0xce, 0x7a, 0xce, 0x7a, 0xce, 0x7a, 0xce, 0x7a, 0xce, 0x7a, 0xce, 0x7a, 0xce, 0x7a, 0xce,
    0x7a, 0xce, 0x7a, 0xce, 0x7a, 0xce, 0x7a, 0xce, 0x7a, 0xce, 0x7a, 0xce, 0x7a, 0xce, 0x7a, 0xce,
    0x7a, 0xce, 0x7a, 0xce, 0x7a, 0xce, 0x7a, 0xce, 0x7a, 0xce, 0x7a, 0xce, 0x7a, 0xce, 0x7a, 0xce,
    0x7a, 0xce, 0x7a, 0xce, 0x7a, 0xce, 0x7a, 0xce, 0x7a, 0xce, 0x7a, 0xce, 0x7a, 0xce, 0x7a, 0xce,
    0x7a, 0xce, 0x7a, 0xce, 0x7a, 0xce, 0x7a, 0xce, 0x9b, 0xd6, 0xbb, 0xd6, 0xdb, 0xde, 0xbe, 0xf7,
    0xbe, 0xf7, 0x39, 0xc6, 0xb7, 0xb5, 0x97, 0xb5, 0x96, 0xb5, 0x35, 0x84, 0xd2, 0x31, 0x12, 0x3a,
    0x97, 0xb5, 0x97, 0xb5, 0x97, 0xb5, 0x36, 0xa5, 0x5a, 0xce, 0xff, 0xff, 0xbe, 0xf7, 0x9b, 0xd6,
    0x9b, 0xd6, 0x9b, 0xd6, 0xbb, 0xd6, 0xb7, 0xb5, 0xd4, 0x9c, 0xf5, 0x9c, 0xf5, 0x9c, 0xf5, 0x9c,
    0xf5, 0x9c, 0xf5, 0x9c, 0xf5, 0x9c, 0xf5, 0x9c, 0xf5, 0x9c, 0xf5, 0x9c, 0xf5, 0x9c, 0xf5, 0x9c,
    0xf5, 0x9c, 0xf4, 0x9c, 0xf5, 0x9c, 0xf5, 0x9c, 0xf5, 0x9c, 0xf5, 0x9c, 0xf5, 0x9c, 0xf5, 0x9c,
    0xf5, 0x9c, 0xf5, 0x9c, 0xf5, 0x9c, 0xf5, 0x9c, 0xf5, 0x9c, 0xf5, 0x9c, 0xf4, 0x9c, 0xf4, 0x9c,
    0xf4, 0x9c, 0xf5, 0x9c, 0xf5, 0x9c, 0xf5, 0x9c, 0xf5, 0x9c, 0xf5, 0x9c, 0xf5, 0x9c, 0xf5, 0x9c,
    0xf5, 0x9c, 0xf5, 0x9c, 0xf4, 0x9c, 0xf4, 0x9c, 0xf5, 0x9c, 0xf4, 0x9c, 0xd4, 0x9c, 0xd4, 0x9c,
    0xd4, 0x9c, 0xf4, 0x9c, 0xd4, 0x9c, 0xf4, 0x9c, 0xf5, 0x9c, 0xf5, 0x9c, 0xf4, 0x9c, 0xf5, 0x9c,
    0xf4, 0x9c, 0xf5, 0x9c, 0xf4, 0x9c, 0xf4, 0x9c, 0xf5, 0x9c, 0xf5, 0x9c, 0xf5, 0x9c, 0xf5, 0x9c,
    0xf5, 0x9c, 0xf5, 0x9c, 0xf5, 0x9c, 0xf5, 0x9c, 0xf5, 0x9c, 0xf5, 0x9c, 0xf5, 0x9c, 0xf5, 0x9c,
    0xf5, 0x9c, 0xf5, 0x9c, 0xf5, 0x9c, 0xf5, 0x9c, 0xf4, 0x9c, 0xf4, 0x9c, 0xf4, 0x9c, 0xf5, 0x9c,
    0xf5, 0x9c, 0xf5, 0x9c, 0xf5, 0x9c, 0xf5, 0x9c, 0xf5, 0x9c, 0xf5, 0x9c, 0xf5, 0x9c, 0xf5, 0x9c,
    0xf5, 0x9c, 0xf5, 0x9c, 0xf5, 0x9c, 0xf5, 0x9c, 0xf5, 0x9c, 0xf5, 0x9c, 0xf5, 0x9c, 0xf5, 0x9c,
    0xf5, 0x9c, 0xf5, 0x9c, 0xf5, 0x9c, 0xd4, 0x9c, 0xb7, 0xb5, 0xbb, 0xd6, 0x9a, 0xd6, 0x9a, 0xce,
    0x9a, 0xce, 0x9e, 0xf7, 0xff, 0xff, 0x1c, 0xdf, 0x56, 0xad, 0x77, 0xad, 0x97, 0xb5, 0x97, 0xb5,
    0xb7, 0xb5, 0xb8, 0xb5, 0x97, 0xb5, 0x15, 0xa5, 0x5a, 0xce, 0xff, 0xff, 0xbe, 0xf7, 0x9b, 0xd6,
    0x9b, 0xd6, 0x9b, 0xd6, 0xbb, 0xd6, 0xd8, 0xbd, 0xd4, 0x9c, 0xd4, 0x9c, 0xd4, 0x9c, 0xd4, 0x9c,
    0xd4, 0x9c, 0xd4, 0x9c, 0xd4, 0x9c, 0xd4, 0x9c, 0xd4, 0x9c, 0xd4, 0x9c, 0xd4, 0x9c, 0xd4, 0x9c,
    0xd4, 0x9c, 0xd4, 0x9c, 0xd4, 0x9c, 0xd4, 0x9c, 0xd4, 0x9c, 0xd4, 0x9c, 0xd4, 0x9c, 0xd4, 0x9c,
    0xd4, 0x9c, 0xd4, 0x9c, 0xd4, 0x9c, 0xd4, 0x9c, 0xd4, 0x9c, 0xd4, 0x9c, 0xd4, 0x9c, 0xd4, 0x9c,
    0xd4, 0x9c, 0xd4, 0x9c, 0xd4, 0x9c, 0xd4, 0x9c, 0xd4, 0x9c, 0xd4, 0x9c, 0xd4, 0x9c, 0xd4, 0x9c,
    0xd4, 0x9c, 0xd4, 0x9c, 0xd4, 0x9c, 0xd4, 0x9c, 0xd4, 0x9c, 0xd4, 0x9c, 0xd4, 0x9c, 0xd4, 0x9c,
    0xd4, 0x9c, 0xd4, 0x9c, 0xd4, 0x9c, 0xd4, 0x9c, 0xd4, 0x9c, 0xd4, 0x9c, 0xd4, 0x9c, 0xd4, 0x9c,
    0xd4, 0x9c, 0xd4, 0x9c, 0xd4, 0x9c, 0xd4, 0x9c, 0xd4, 0x9c, 0xd4, 0x9c, 0xd4, 0x9c, 0xf4, 0x9c,
    0xd4, 0x9c, 0xd4, 0x9c, 0xd4, 0x9c, 0xf4, 0x9c, 0xf4, 0x9c, 0xf4, 0x9c, 0xd4, 0x9c, 0xd4, 0x9c,
    0xd4, 0x9c, 0xd4, 0x9c, 0xd4, 0x9c, 0xd4, 0x9c, 0xd4, 0x9c, 0xd4, 0x9c, 0xd4, 0x9c, 0xd4, 0x9c,
    0xd4, 0x9c, 0xd4, 0x9c, 0xd4, 0x9c, 0xd4, 0x9c, 0xd4, 0x9c, 0xd4, 0x9c, 0xd4, 0x9c, 0xd4, 0x9c,
    0xd4, 0x9c, 0xd4, 0x9c, 0xd4, 0x9c, 0xd4, 0x9c, 0xf4, 0x9c, 0xd4, 0x9c, 0xd4, 0x9c, 0xd4, 0x9c,
    0xd4, 0x9c, 0xf4, 0x9c, 0xf5, 0x9c, 0xd4, 0x94, 0xd8, 0xbd, 0xbb, 0xd6, 0x9a, 0xd6, 0x9a, 0xd6,
    0x7a, 0xce, 0x9e, 0xf7, 0xff, 0xff, 0x1c, 0xe7, 0x35, 0xa5, 0x97, 0xb5, 0xd8, 0xbd, 0xd7, 0xbd,
    0x93, 0x94, 0x73, 0x8c, 0x5a, 0xce, 0x5d, 0xe7, 0x1c, 0xe7, 0xfc, 0xde, 0xfc, 0xde, 0x9b, 0xd6,
    0x9b, 0xd6, 0xb7, 0xb5, 0x76, 0xad, 0x56, 0xad, 0xf5, 0x9c, 0x77, 0xad, 0xfc, 0xde, 0xfc, 0xde,
    0xfc, 0xde, 0xfc, 0xde, 0xfc, 0xde, 0xfc, 0xde, 0xfc, 0xde, 0xfc, 0xde, 0xfc, 0xde, 0xfc, 0xde,
    0xfc, 0xde, 0xfc, 0xde, 0xfc, 0xde, 0xfc, 0xde, 0xfc, 0xde, 0xfc, 0xde, 0xfc, 0xde, 0xfc, 0xde,
    0xfc, 0xde, 0xfc, 0xde, 0xfc, 0xde, 0xfc, 0xde, 0xfc, 0xde, 0xfc, 0xde, 0xfc, 0xde, 0xfc, 0xde,
    0xfc, 0xde, 0xfc, 0xde, 0xfc, 0xde, 0xfc, 0xde, 0xfc, 0xde, 0xfc, 0xde, 0xfc, 0xde, 0xfc, 0xde,
    0xfc, 0xde, 0xfc, 0xde, 0xfc, 0xde, 0xfc, 0xde, 0xfc, 0xde, 0xfc, 0xde, 0xfc, 0xde, 0xfc, 0xde,
    0xfc, 0xde, 0xfc, 0xde, 0xfc, 0xde, 0xfc, 0xde, 0xfc, 0xde, 0xfc, 0xde, 0xfc, 0xde, 0xfc, 0xde,
    0xfc, 0xde, 0xfc, 0xde, 0xfc, 0xde, 0xfc, 0xde, 0xfc, 0xde, 0xfc, 0xde, 0xfc, 0xde, 0xfc, 0xde,
    0xfc, 0xde, 0xfc, 0xde, 0xfc, 0xde, 0xfc, 0xde, 0xfc, 0xde, 0xfc, 0xde, 0xfc, 0xde, 0xfc, 0xde,
    0xfc, 0xde, 0xfc, 0xde, 0xfc, 0xde, 0xfc, 0xde, 0xfc, 0xde, 0xfc, 0xde, 0xfc, 0xde, 0xfc, 0xde,
    0xfc, 0xde, 0xfc, 0xde, 0xfc, 0xde, 0xfc, 0xde, 0xfc, 0xde, 0xfc, 0xde, 0xfc, 0xde, 0xfc, 0xde,
    0xfc, 0xde, 0xfc, 0xde, 0xfc, 0xde, 0xfc, 0xde, 0xfc, 0xde, 0xfc, 0xde, 0xfc, 0xde, 0xfc, 0xde,
    0xfc, 0xde, 0x1c, 0xe7, 0x19, 0xc6, 0xf5, 0x9c, 0x56, 0xad, 0x76, 0xad, 0xb7, 0xb5, 0x9b, 0xd6,
    0x9b, 0xd6, 0xfc, 0xde, 0xfc, 0xe6, 0x3d, 0xe7, 0x5d, 0xef, 0xbb, 0xd6, 0xd4, 0x9c, 0xd4, 0x9c,
    0x32, 0x84, 0xf1, 0x7b, 0xbb, 0xd6, 0xff, 0xff, 0x3d, 0xef, 0x7a, 0xd6, 0xbb, 0xd6, 0xbb, 0xde,
    0xbb, 0xd6, 0x76, 0xad, 0xf5, 0x9c, 0xf5, 0x9c, 0xd4, 0x9c, 0x97, 0xb5, 0xdf, 0xff, 0xdf, 0xff,
    0xdf, 0xff, 0xdf, 0xff, 0xdf, 0xff, 0xdf, 0xff, 0xdf, 0xff, 0xdf, 0xff, 0xdf, 0xff, 0xdf, 0xff,
    0xdf, 0xff, 0xdf, 0xff, 0xdf, 0xff, 0xdf, 0xff, 0xdf, 0xff, 0xdf, 0xff, 0xdf, 0xff, 0xdf, 0xff,
    0xdf, 0xff, 0xdf, 0xff, 0xdf, 0xff, 0xdf, 0xff, 0xdf, 0xff, 0xdf, 0xff, 0xdf, 0xff, 0xdf, 0xff,
    0xdf, 0xff, 0xdf, 0xff, 0xdf, 0xff, 0xdf, 0xff, 0xdf, 0xff, 0xdf, 0xff, 0xdf, 0xff, 0xdf, 0xff,
    0xdf, 0xff, 0xdf, 0xff, 0xdf, 0xff, 0xdf, 0xff, 0xdf, 0xff, 0xdf, 0xff, 0xdf, 0xff, 0xdf, 0xff,
    0xdf, 0xff, 0xdf, 0xff, 0xdf, 0xff, 0xdf, 0xff, 0xdf, 0xff, 0xdf, 0xff, 0xdf, 0xff, 0xdf, 0xff,
    0xdf, 0xff, 0xdf, 0xff, 0xdf, 0xff, 0xdf, 0xff, 0xdf, 0xff, 0xdf, 0xff, 0xdf, 0xff, 0xdf, 0xff,
    0xdf, 0xff, 0xdf, 0xff, 0xdf, 0xff, 0xdf, 0xff, 0xdf, 0xff, 0xdf, 0xff, 0xdf, 0xff, 0xdf, 0xff,
    0xdf, 0xff, 0xdf, 0xff, 0xdf, 0xff, 0xdf, 0xff, 0xdf, 0xff, 0xdf, 0xff, 0xdf, 0xff, 0xdf, 0xff,
    0xdf, 0xff, 0xdf, 0xff, 0xdf, 0xff, 0xdf, 0xff, 0xdf, 0xff, 0xdf, 0xff, 0xdf, 0xff, 0xdf, 0xff,
    0xdf, 0xff, 0xdf, 0xff, 0xdf, 0xff, 0xdf, 0xff, 0xdf, 0xff, 0xdf, 0xff, 0xdf, 0xff, 0xdf, 0xff,
    0xbf, 0xf7, 0xff, 0xff, 0x5a, 0xce, 0xd4, 0x9c, 0xf5, 0x9c, 0xf4, 0x9c, 0x56, 0xad, 0xdb, 0xd6,
    0xdb, 0xde, 0xbb, 0xd6, 0x9a, 0xd6, 0x3d, 0xef, 0xff, 0xff, 0x3c, 0xe7, 0x52, 0x8c, 0x73, 0x8c,
    0x32, 0x84, 0x11, 0x84, 0xbb, 0xd6, 0xff, 0xff, 0x3d, 0xe7, 0xbb, 0xd6, 0xbb, 0xd6, 0xf8, 0xbd,
    0x19, 0xc6, 0x56, 0xad, 0xf5, 0x9c, 0x97, 0xb5, 0x39, 0xce, 0x5a, 0xce, 0x7e, 0xef, 0x7e, 0xef,
    0x7e, 0xef, 0x7e, 0xef, 0x7e, 0xef, 0x7e, 0xef, 0x7e, 0xef, 0x7e, 0xef, 0x7e, 0xef, 0x7e, 0xef,
    0x7e, 0xef, 0x7e, 0xef, 0x7e, 0xef, 0x7e, 0xef, 0x7e, 0xef, 0x7e, 0xef, 0x7e, 0xef, 0x7e, 0xef,
    0x7e, 0xef, 0x7e, 0xef, 0x7e, 0xef, 0x7e, 0xef, 0x7e, 0xef, 0x7e, 0xef, 0x7e, 0xef, 0x7e, 0xef,
    0x7e, 0xef, 0x7e, 0xef, 0x7e, 0xef, 0x7e, 0xef, 0x7e, 0xef, 0x7e, 0xef, 0x7e, 0xef, 0x7e, 0xef,
    0x7e, 0xef, 0x7e, 0xef, 0x7e, 0xef, 0x7e, 0xef, 0x7e, 0xef, 0x7e, 0xef, 0x7e, 0xef, 0x7e, 0xef,
    0x7e, 0xef, 0x7e, 0xef, 0x7e, 0xef, 0x7e, 0xef, 0x7e, 0xef, 0x7e, 0xef, 0x7e, 0xef, 0x7e, 0xef,
    0x7e, 0xef, 0x7e, 0xef, 0x7e, 0xef, 0x7e, 0xef, 0x7e, 0xef, 0x7e, 0xef, 0x7e, 0xef, 0x7e, 0xef,
    0x7e, 0xef, 0x7e, 0xef, 0x7e, 0xef, 0x7e, 0xef, 0x7e, 0xef, 0x7e, 0xef, 0x7e, 0xef, 0x7e, 0xef,
    0x7e, 0xef, 0x7e, 0xef, 0x7e, 0xef, 0x7e, 0xef, 0x7e, 0xef, 0x7e, 0xef, 0x7e, 0xef, 0x7e, 0xef,
    0x7e, 0xef, 0x7e, 0xef, 0x7e, 0xef, 0x7e, 0xef, 0x7e, 0xef, 0x7e, 0xef, 0x7e, 0xef, 0x7e, 0xef,
    0x7e, 0xef, 0x7e, 0xef, 0x7e, 0xef, 0x7e, 0xef, 0x7e, 0xef, 0x7e, 0xef, 0x7e, 0xef, 0x7e, 0xef,
    0x7d, 0xef, 0x7e, 0xef, 0xbb, 0xd6, 0x39, 0xc6, 0xf8, 0xc5, 0x15, 0xa5, 0x56, 0xad, 0x19, 0xc6,
    0x19, 0xc6, 0xbb, 0xd6, 0xbb, 0xd6, 0x3d, 0xe7, 0xdf, 0xff, 0x1c, 0xe7, 0x73, 0x8c, 0x93, 0x94,
    0x32, 0x84, 0x11, 0x84, 0xbb, 0xd6, 0xdf, 0xff, 0x3d, 0xe7, 0xdb, 0xde, 0x7a, 0xce, 0xf5, 0x9c,
    0xf5, 0x9c, 0x15, 0xa5, 0xd4, 0x9c, 0x5a, 0xce, 0xff, 0xff, 0x9e, 0xf7, 0x3d, 0xe7, 0x3d, 0xe7,
    0x3d, 0xe7, 0x3d, 0xe7, 0x3d, 0xe7, 0x3d, 0xe7, 0x3d, 0xe7, 0x3d, 0xe7, 0x3d, 0xe7, 0x3d, 0xe7,
    0x3d, 0xe7, 0x3d, 0xe7, 0x3d, 0xe7, 0x3d, 0xe7, 0x3d, 0xe7, 0x3d, 0xe7, 0x3d, 0xe7, 0x3d, 0xe7,
    0x3d, 0xe7, 0x3d, 0xe7, 0x3d, 0xe7, 0x3d, 0xe7, 0x3d, 0xe7, 0x3d, 0xe7, 0x3d, 0xe7, 0x3d, 0xe7,
    0x3d, 0xe7, 0x3d, 0xe7, 0x3d, 0xe7, 0x3d, 0xe7, 0x3d, 0xe7, 0x3d, 0xe7, 0x3d, 0xe7, 0x3d, 0xe7,
    0x3d, 0xe7, 0x3d, 0xe7, 0x3d, 0xe7, 0x3d, 0xe7, 0x3d, 0xe7, 0x3d, 0xe7, 0x3d, 0xe7, 0x3d, 0xe7,
    0x3d, 0xe7, 0x3d, 0xe7, 0x3d, 0xe7, 0x3d, 0xe7, 0x3d, 0xe7, 0x3d, 0xe7, 0x3d, 0xe7, 0x3d, 0xe7,
    0x3d, 0xe7, 0x3d, 0xe7, 0x3d, 0xe7, 0x3d, 0xe7, 0x3d, 0xe7, 0x3d, 0xe7, 0x3d, 0xe7, 0x3d, 0xe7,
    0x3d, 0xe7, 0x3d, 0xe7, 0x3d, 0xe7, 0x3d, 0xe7, 0x3d, 0xe7, 0x3d, 0xe7, 0x3d, 0xe7, 0x3d, 0xe7,
    0x3d, 0xe7, 0x3d, 0xe7, 0x3d, 0xe7, 0x3d, 0xe7, 0x3d, 0xe7, 0x3d, 0xe7, 0x3d, 0xe7, 0x3d, 0xe7,
    0x3d, 0xe7, 0x3d, 0xe7, 0x3d, 0xe7, 0x3d, 0xe7, 0x3d, 0xe7, 0x3d, 0xe7, 0x3d, 0xe7, 0x3d, 0xe7,
    0x3d, 0xe7, 0x3d, 0xe7, 0x3d, 0xe7, 0x3d, 0xe7, 0x3d, 0xe7, 0x3d, 0xe7, 0x3d, 0xe7, 0x3d, 0xe7,
    0x3d, 0xe7, 0x3d, 0xe7, 0x7e, 0xef, 0xff, 0xff, 0x3d, 0xe7, 0x15, 0xa5, 0x15, 0xa5, 0xf5, 0x9c,
    0x15, 0xa5, 0x7a, 0xce, 0xbb, 0xde, 0x3d, 0xe7, 0xdf, 0xff, 0xfc, 0xde, 0x72, 0x8c, 0x73, 0x8c,
    0x32, 0x84, 0x11, 0x84, 0xbb, 0xd6, 0xdf, 0xff, 0x3d, 0xe7, 0xdb, 0xde, 0x7a, 0xce, 0x15, 0xa5,
    0x15, 0xa5, 0x77, 0xad, 0x76, 0xad, 0x9a, 0xd6, 0xbe, 0xf7, 0x5d, 0xef, 0x3d, 0xe7, 0x3d, 0xef,
    0x3d, 0xef, 0x3d, 0xef, 0x3d, 0xef, 0x3d, 0xef, 0x3d, 0xef, 0x3d, 0xef, 0x3d, 0xef, 0x3d, 0xef,
    0x3d, 0xef, 0x3d, 0xef, 0x3d, 0xef, 0x3d, 0xef, 0x3d, 0xef, 0x3d, 0xef, 0x3d, 0xef, 0x3d, 0xef,
    0x3d, 0xef, 0x3d, 0xef, 0x3d, 0xef, 0x3d, 0xef, 0x3d, 0xef, 0x3d, 0xef, 0x3d, 0xef, 0x3d, 0xef,
    0x3d, 0xef, 0x3d, 0xef, 0x3d, 0xef, 0x3d, 0xef, 0x3d, 0xef, 0x3d, 0xef, 0x3d, 0xef, 0x3d, 0xef,
    0x3d, 0xef, 0x3d, 0xef, 0x3d, 0xef, 0x3d, 0xe7, 0x3d, 0xef, 0x3d, 0xef, 0x3d, 0xef, 0x3d, 0xef,
    0x3d, 0xef, 0x3d, 0xe7, 0x3d, 0xef, 0x3d, 0xef, 0x3d, 0xef, 0x3d, 0xef, 0x3d, 0xef, 0x3d, 0xef,
    0x3d, 0xef, 0x3d, 0xef, 0x3d, 0xef, 0x3d, 0xef, 0x3d, 0xef, 0x3d, 0xef, 0x3d, 0xef, 0x3d, 0xef,
    0x3d, 0xef, 0x3d, 0xef, 0x3d, 0xef, 0x3d, 0xef, 0x3d, 0xef, 0x3d, 0xe7, 0x3d, 0xe7, 0x3d, 0xef,
    0x3d, 0xef, 0x3d, 0xef, 0x3d, 0xef, 0x3d, 0xef, 0x3d, 0xef, 0x3d, 0xef, 0x3d, 0xef, 0x3d, 0xef,
    0x3d, 0xef, 0x3d, 0xef, 0x3d, 0xef, 0x3d, 0xef, 0x3d, 0xef, 0x3d, 0xef, 0x3d, 0xef, 0x3d, 0xef,
    0x3d, 0xef, 0x3d, 0xef, 0x3d, 0xef, 0x3d, 0xe7, 0x3d, 0xef, 0x3d, 0xef, 0x3d, 0xef, 0x3d, 0xef,
    0x3d, 0xe7, 0x3d, 0xe7, 0x5d, 0xef, 0x9e, 0xf7, 0x1d, 0xe7, 0x97, 0xb5, 0x77, 0xad, 0x35, 0xa5,
    0x35, 0xa5, 0x7a, 0xd6, 0xbb, 0xd6, 0x3d, 0xe7, 0xdf, 0xff, 0xfc, 0xde, 0x72, 0x8c, 0x73, 0x8c,
    0x32, 0x84, 0x11, 0x7c, 0x9b, 0xd6, 0xdf, 0xff, 0x3d, 0xe7, 0xdb, 0xde, 0x9a, 0xce, 0xf5, 0xa4,
    0xf4, 0x9c, 0xfc, 0xe6, 0xdf, 0xff, 0x7d, 0xef, 0x3d, 0xe7, 0x3d, 0xe7, 0x3d, 0xef, 0x3d, 0xef,
    0x3d, 0xef, 0x3d, 0xef, 0x3d, 0xef, 0x3d, 0xef, 0x3d, 0xe7, 0x3d, 0xef, 0x3d, 0xef, 0x3d, 0xef,
    0x3d, 0xef, 0x3d, 0xef, 0x3d, 0xef, 0x3d, 0xef, 0x3d, 0xef, 0x3d, 0xef, 0x3d, 0xef, 0x3d, 0xef,
    0x3d, 0xef, 0x3d, 0xef, 0x3d, 0xef, 0x3d, 0xef, 0x3d, 0xef, 0x3d, 0xef, 0x3d, 0xef, 0x3d, 0xef,
    0x3d, 0xef, 0x3d, 0xef, 0x3d, 0xef, 0x3d, 0xef, 0x3d, 0xef, 0x3d, 0xef, 0x3d, 0xef, 0x3d, 0xef,
    0x3d, 0xef, 0x3d, 0xef, 0x3d, 0xe7, 0x3d, 0xef, 0x3d, 0xef, 0x5d, 0xef, 0x5d, 0xef, 0x5d, 0xef,
    0x5d, 0xef, 0x5d, 0xef, 0x5d, 0xef, 0x5d, 0xef, 0x5d, 0xef, 0x5d, 0xef, 0x3d, 0xef, 0x3d, 0xef,
    0x3d, 0xef, 0x3d, 0xef, 0x3d, 0xef, 0x3d, 0xef, 0x3d, 0xef, 0x3d, 0xef, 0x3d, 0xef, 0x3d, 0xef,
    0x3d, 0xef, 0x3d, 0xef, 0x3d, 0xef, 0x3d, 0xef, 0x3d, 0xef, 0x3d, 0xef, 0x3d, 0xef, 0x3d, 0xef,
    0x3d, 0xef, 0x3d, 0xef, 0x3d, 0xef, 0x3d, 0xef, 0x3d, 0xef, 0x3d, 0xef, 0x3d, 0xef, 0x3d, 0xef,
    0x3d, 0xef, 0x3d, 0xef, 0x3d, 0xef, 0x3d, 0xef, 0x3d, 0xef, 0x3d, 0xef, 0x3d, 0xef, 0x3d, 0xef,
    0x3d, 0xef, 0x3d, 0xe7, 0x3d, 0xef, 0x3d, 0xe7, 0x3d, 0xef, 0x3d, 0xef, 0x3d, 0xef, 0x3d, 0xef,
    0x3d, 0xe7, 0x3d, 0xe7, 0x3d, 0xe7, 0x3d, 0xe7, 0x5d, 0xef, 0xbf, 0xf7, 0xfc, 0xde, 0xf4, 0x9c,
    0x15, 0xa5, 0x7a, 0xd6, 0xbb, 0xde, 0x3d, 0xe7, 0xdf, 0xff, 0xfc, 0xde, 0x72, 0x8c, 0x73, 0x8c,
    0x32, 0x84, 0xf1, 0x7b, 0x9b, 0xd6, 0xff, 0xff, 0x3d, 0xe7, 0xdb, 0xde, 0x9a, 0xce, 0xf5, 0x9c,
    0xf4, 0x9c, 0xfc, 0xde, 0xdf, 0xff, 0x7d, 0xef, 0x3d, 0xe7, 0x3d, 0xe7, 0x3d, 0xe7, 0x3d, 0xef,
    0x3d, 0xef, 0x3d, 0xef, 0x3d, 0xe7, 0x3d, 0xef, 0x3d, 0xef, 0x3d, 0xef, 0x3d, 0xef, 0x3d, 0xef,
    0x3d, 0xef, 0x3d, 0xef, 0x3d, 0xef, 0x3d, 0xef, 0x3d, 0xef, 0x3d, 0xef, 0x3d, 0xef, 0x3d, 0xef,
    0x3d, 0xef, 0x3d, 0xef, 0x3d, 0xef, 0x3d, 0xef, 0x3d, 0xef, 0x3d, 0xef, 0x3d, 0xef, 0x3d, 0xef,
    0x3d, 0xef, 0x3d, 0xef, 0x3d, 0xef, 0x3d, 0xef, 0x3d, 0xef, 0x3d, 0xe7, 0x3d, 0xef, 0x3d, 0xef,
    0x3d, 0xef, 0x3d, 0xef, 0x3d, 0xef, 0x5d, 0xe7, 0x3d, 0xef, 0x3d, 0xe7, 0x3d, 0xe7, 0x3d, 0xe7,
    0x3d, 0xe7, 0x3d, 0xe7, 0x3d, 0xe7, 0x3d, 0xe7, 0x3d, 0xe7, 0x3d, 0xe7, 0x3d, 0xef, 0x5d, 0xe7,
    0x3d, 0xef, 0x3d, 0xef, 0x3d, 0xef, 0x3d, 0xef, 0x3d, 0xef, 0x3d, 0xef, 0x3d, 0xef, 0x3d, 0xef,
    0x3d, 0xef, 0x3d, 0xe7, 0x3d, 0xe7, 0x3d, 0xe7, 0x3d, 0xef, 0x3d, 0xef, 0x3d, 0xef, 0x3d, 0xef,
    0x3d, 0xef, 0x3d, 0xef, 0x3d, 0xef, 0x3d, 0xef, 0x3d, 0xef, 0x3d, 0xef, 0x3d, 0xef, 0x3d, 0xef,
    0x3d, 0xef, 0x3d, 0xef, 0x3d, 0xef, 0x3d, 0xef, 0x3d, 0xef, 0x3d, 0xef, 0x3d, 0xef, 0x3d, 0xef,
    0x3d, 0xef, 0x3d, 0xef, 0x3d, 0xef, 0x3d, 0xef, 0x3d, 0xef, 0x3d, 0xef, 0x3d, 0xef, 0x3d, 0xef,
    0x3d, 0xef, 0x3d, 0xef, 0x3d, 0xe7, 0x3d, 0xe7, 0x5d, 0xef, 0xbf, 0xf7, 0x1c, 0xdf, 0xf4, 0x9c,
    0xf5, 0x9c, 0x7a, 0xce, 0xbb, 0xde, 0x3d, 0xe7, 0xdf, 0xff, 0xfc, 0xde, 0x73, 0x8c, 0x73, 0x8c,
    0x32, 0x84, 0xf1, 0x7b, 0x9b, 0xd6, 0xdf, 0xff, 0x3d, 0xe7, 0xdb, 0xde, 0x7a, 0xce, 0xf5, 0x9c,
    0xf4, 0x9c, 0xfc, 0xde, 0xdf, 0xff, 0x7d, 0xef, 0x3d, 0xe7, 0x3d, 0xef, 0x3d, 0xef, 0x3d, 0xef,
    0x3d, 0xef, 0x3d, 0xe7, 0x3d, 0xef, 0x3d, 0xef, 0x3d, 0xef, 0x3d, 0xef, 0x3d, 0xef, 0x3d, 0xef,
    0x3d, 0xef, 0x3d, 0xef, 0x3d, 0xef, 0x3d, 0xef, 0x3d, 0xef, 0x3d, 0xef, 0x3d, 0xef, 0x3d, 0xef,
    0x3d, 0xef, 0x3d, 0xef, 0x3d, 0xef, 0x3d, 0xef, 0x3d, 0xef, 0x3d, 0xef, 0x3d, 0xef, 0x3d, 0xef,
    0x3d, 0xef, 0x3d, 0xef, 0x3d, 0xef, 0x3d, 0xef, 0x3d, 0xef, 0x3d, 0xe7, 0x3d, 0xef, 0x3d, 0xef,
    0x3d, 0xef, 0x3d, 0xef, 0x3d, 0xe7, 0x3d, 0xef, 0x1d, 0xe7, 0xb4, 0x6b, 0x13, 0x53, 0x33, 0x5b,
    0x33, 0x53, 0x33, 0x53, 0x33, 0x53, 0x33, 0x5b, 0x33, 0x5b, 0x32, 0x5b, 0x7b, 0xce, 0x5d, 0xef,
    0x3d, 0xe7, 0x3d, 0xef, 0x3d, 0xef, 0x3d, 0xef, 0x3d, 0xef, 0x3d, 0xe7, 0x3d, 0xe7, 0x3d, 0xef,
    0x3d, 0xef, 0x3d, 0xe7, 0x3d, 0xe7, 0x3d, 0xe7, 0x3d, 0xef, 0x3d, 0xef, 0x3d, 0xef, 0x3d, 0xef,
    0x3d, 0xef, 0x3d, 0xef, 0x3d, 0xef, 0x3d, 0xef, 0x3d, 0xef, 0x3d, 0xef, 0x3d, 0xef, 0x3d, 0xef,
    0x3d, 0xef, 0x3d, 0xef, 0x3d, 0xef, 0x3d, 0xef, 0x3d, 0xef, 0x3d, 0xef, 0x3d, 0xef, 0x3d, 0xef,
    0x3d, 0xef, 0x3d, 0xef, 0x3d, 0xef, 0x3d, 0xef, 0x3d, 0xef, 0x3d, 0xef, 0x3d, 0xef, 0x3d, 0xef,
    0x3d, 0xef, 0x3d, 0xef, 0x3d, 0xe7, 0x3d, 0xe7, 0x5d, 0xef, 0xbf, 0xf7, 0x1c, 0xe7, 0xf5, 0x9c,
    0xf5, 0x9c, 0x7a, 0xd6, 0xdb, 0xde, 0x3d, 0xe7, 0xdf, 0xff, 0xfc, 0xde, 0x52, 0x8c, 0x73, 0x8c,
    0x32, 0x84, 0xf1, 0x7b, 0xbb, 0xd6, 0xff, 0xff, 0x3d, 0xe7, 0xdc, 0xde, 0x9a, 0xd6, 0xf5, 0x9c,
    0xf4, 0x9c, 0xfc, 0xde, 0xdf, 0xff, 0x7d, 0xef, 0x3d, 0xe7, 0x3d, 0xe7, 0x3d, 0xe7, 0x3d, 0xef,
    0x3d, 0xef, 0x3d, 0xef, 0x3d, 0xef, 0x3d, 0xef, 0x3d, 0xef, 0x3d, 0xef, 0x3d, 0xef, 0x3d, 0xe7,
    0x3d, 0xe7, 0x3d, 0xe7, 0x3d, 0xef, 0x3d, 0xef, 0x3d, 0xef, 0x3d, 0xef, 0x3d, 0xef, 0x3d, 0xef,
    0x3d, 0xef, 0x3d, 0xef, 0x3d, 0xef, 0x3d, 0xef, 0x3d, 0xef, 0x3d, 0xef, 0x3d, 0xef, 0x3d, 0xef,
    0x3d, 0xef, 0x3d, 0xef, 0x3d, 0xef, 0x3d, 0xef, 0x3d, 0xef, 0x3d, 0xef, 0x3d, 0xef, 0x3d, 0xef,
    0x3d, 0xef, 0x3d, 0xe7, 0x5d, 0xef, 0x7e, 0xf7, 0x3d, 0xe7, 0xb2, 0x42, 0x11, 0x2a, 0x31, 0x32,
    0x31, 0x32, 0x31, 0x32, 0x51, 0x32, 0x51, 0x32, 0x10, 0x2a, 0x10, 0x32, 0x7b, 0xce, 0xbe, 0xff,
    0x5d, 0xef, 0x3d, 0xe7, 0x3d, 0xef, 0x3d, 0xe7, 0x3d, 0xef, 0x3d, 0xef, 0x3d, 0xef, 0x3d, 0xef,
    0x3d, 0xe7, 0x3d, 0xef, 0x3d, 0xef, 0x3d, 0xe7, 0x3d, 0xe7, 0x3d, 0xe7, 0x3d, 0xef, 0x3d, 0xef,
    0x3d, 0xef, 0x3d, 0xef, 0x3d, 0xef, 0x3d, 0xef, 0x3d, 0xef, 0x3d, 0xef, 0x3d, 0xef, 0x3d, 0xef,
    0x3d, 0xef, 0x3d, 0xef, 0x3d, 0xef, 0x3d, 0xef, 0x3d, 0xef, 0x3d, 0xef, 0x3d, 0xef, 0x3d, 0xef,
    0x3d, 0xef, 0x3d, 0xef, 0x3d, 0xef, 0x3d, 0xef, 0x3d, 0xef, 0x3d, 0xef, 0x3d, 0xef, 0x3d, 0xef,
    0x3d, 0xe7, 0x3d, 0xe7, 0x3d, 0xe7, 0x3d, 0xe7, 0x5d, 0xef, 0xdf, 0xff, 0x1c, 0xe7, 0xf4, 0x9c,
    0xf5, 0x9c, 0x7a, 0xd6, 0xdb, 0xde, 0x3d, 0xe7, 0xdf, 0xff, 0xfc, 0xde, 0x52, 0x8c, 0x73, 0x8c,
    0x32, 0x84, 0xf1, 0x7b, 0xbb, 0xd6, 0xff, 0xff, 0x3d, 0xe7, 0xdc, 0xde, 0x9a, 0xd6, 0xf5, 0x9c,
    0xf4, 0x9c, 0xfc, 0xde, 0xdf, 0xff, 0x7e, 0xef, 0x3d, 0xe7, 0x3d, 0xef, 0x3d, 0xef, 0x3d, 0xef,
    0x3d, 0xef, 0x3d, 0xef, 0x3d, 0xef, 0x3d, 0xef, 0x3d, 0xef, 0x3d, 0xef, 0x3d, 0xef, 0x3d, 0xef,
    0x3d, 0xef, 0x3d, 0xe7, 0x3d, 0xef, 0x3d, 0xef, 0x3d, 0xef, 0x3d, 0xef, 0x3d, 0xef, 0x3d, 0xef,
    0x3d, 0xef, 0x3d, 0xef, 0x3d, 0xef, 0x3d, 0xef, 0x3d, 0xef, 0x3d, 0xef, 0x3d, 0xef, 0x3d, 0xef,
    0x3d, 0xef, 0x3d, 0xef, 0x3d, 0xef, 0x3d, 0xef, 0x3d, 0xef, 0x3d, 0xef, 0x3d, 0xef, 0x3d, 0xef,
    0x3d, 0xe7, 0x7d, 0xef, 0x3a, 0xc6, 0xb4, 0x6b, 0xd4, 0x73, 0xb9, 0xb5, 0x5b, 0xc6, 0x1b, 0xc6,
    0x3b, 0xc6, 0x3b, 0xc6, 0x3b, 0xc6, 0x3b, 0xc6, 0xfa, 0xbd, 0x78, 0xad, 0xba, 0xb5, 0xb9, 0xad,
    0x3a, 0xc6, 0x3d, 0xef, 0x3d, 0xe7, 0x3d, 0xef, 0x3d, 0xe7, 0x3d, 0xef, 0x3d, 0xef, 0x3d, 0xef,
    0x3d, 0xe7, 0x3d, 0xef, 0x3d, 0xef, 0x3d, 0xef, 0x3d, 0xef, 0x3d, 0xe7, 0x3d, 0xef, 0x3d, 0xef,
    0x3d, 0xef, 0x3d, 0xef, 0x3d, 0xef, 0x3d, 0xef, 0x3d, 0xef, 0x3d, 0xef, 0x3d, 0xef, 0x3d, 0xef,
    0x3d, 0xef, 0x3d, 0xef, 0x3d, 0xef, 0x3d, 0xef, 0x3d, 0xef, 0x3d, 0xef, 0x3d, 0xef, 0x3d, 0xef,
    0x3d, 0xef, 0x3d, 0xef, 0x3d, 0xef, 0x3d, 0xef, 0x3d, 0xef, 0x3d, 0xef, 0x3d, 0xe7, 0x3d, 0xe7,
    0x3d, 0xe7, 0x3d, 0xe7, 0x3d, 0xef, 0x3d, 0xe7, 0x5d, 0xef, 0xdf, 0xff, 0x1c, 0xe7, 0xf4, 0x9c,
    0xf5, 0x9c, 0x7a, 0xce, 0xdb, 0xde, 0x3d, 0xe7, 0xdf, 0xff, 0xfc, 0xde, 0x53, 0x8c, 0x73, 0x8c,
    0x32, 0x84, 0xf1, 0x7b, 0xbb, 0xd6, 0xff, 0xff, 0x3d, 0xe7, 0xdb, 0xde, 0x9a, 0xd6, 0xf5, 0x9c,
    0xf4, 0x9c, 0x1c, 0xdf, 0xdf, 0xff, 0x7e, 0xef, 0x3d, 0xe7, 0x3d, 0xef, 0x3d, 0xef, 0x3d, 0xef,
    0x3d, 0xef, 0x3d, 0xe7, 0x3d, 0xef, 0x3d, 0xef, 0x3d, 0xef, 0x3d, 0xef, 0x3d, 0xef, 0x3d, 0xef,
    0x3d, 0xef, 0x3d, 0xe7, 0x3d, 0xef, 0x3d, 0xef, 0x3d, 0xef, 0x3d, 0xef, 0x3d, 0xef, 0x3d, 0xef,
    0x3d, 0xef, 0x3d, 0xef, 0x3d, 0xef, 0x3d, 0xef, 0x3d, 0xef, 0x3d, 0xef, 0x3d, 0xef, 0x3d, 0xef,
    0x3d, 0xef, 0x3d, 0xef, 0x3d, 0xef, 0x3d, 0xef, 0x3d, 0xe7, 0x3d, 0xe7, 0x3d, 0xe7, 0x3d, 0xef,
    0x5d, 0xef, 0xbe, 0xff, 0x99, 0xb5, 0xaf, 0x21, 0x10, 0x32, 0x7b, 0xce, 0xbe, 0xf7, 0x7d, 0xef,
    0x7d, 0xef, 0x7d, 0xef, 0x7d, 0xef, 0x7d, 0xef, 0x7d, 0xef, 0xdf, 0xff, 0x36, 0x7c, 0x6f, 0x19,
    0x15, 0x74, 0x9e, 0xf7, 0x5d, 0xef, 0x3d, 0xef, 0x3d, 0xe7, 0x3d, 0xef, 0x3d, 0xef, 0x3d, 0xef,
    0x3d, 0xef, 0x3d, 0xef, 0x3d, 0xef, 0x3d, 0xef, 0x3d, 0xef, 0x3d, 0xef, 0x3d, 0xef, 0x3d, 0xef,
    0x3d, 0xef, 0x3d, 0xef, 0x3d, 0xef, 0x3d, 0xef, 0x3d, 0xef, 0x3d, 0xef, 0x3d, 0xef, 0x3d, 0xef,
    0x3d, 0xef, 0x3d, 0xef, 0x3d, 0xef, 0x3d, 0xef, 0x3d, 0xef, 0x3d, 0xef, 0x3d, 0xef, 0x3d, 0xef,
    0x3d, 0xef, 0x3d, 0xef, 0x3d, 0xef, 0x3d, 0xef, 0x3d, 0xef, 0x3d, 0xef, 0x3d, 0xef, 0x3d, 0xef,
    0x3d, 0xef, 0x3d, 0xef, 0x3d, 0xef, 0x3d, 0xe7, 0x5d, 0xef, 0xdf, 0xff, 0x1c, 0xe7, 0xf5, 0x9c,
    0xf5, 0x9c, 0x7a, 0xce, 0xdb, 0xde, 0x3d, 0xe7, 0xdf, 0xff, 0xfc, 0xde, 0x73, 0x8c, 0x73, 0x8c,
    0x32, 0x84, 0xf1, 0x7b, 0xbb, 0xd6, 0xff, 0xff, 0x3d, 0xe7, 0xdb, 0xde, 0x9a, 0xd6, 0xf5, 0x9c,
    0xf4, 0x9c, 0xfc, 0xde, 0xdf, 0xff, 0x7e, 0xef, 0x3d, 0xe7, 0x3d, 0xef, 0x3d, 0xef, 0x3d, 0xef,
    0x3d, 0xef, 0x3d, 0xe7, 0x3d, 0xef, 0x3d, 0xef, 0x3d, 0xef, 0x3d, 0xef, 0x3d, 0xef, 0x3d, 0xef,
    0x3d, 0xef, 0x3d, 0xe7, 0x3d, 0xef, 0x3d, 0xef, 0x3d, 0xef, 0x3d, 0xef, 0x3d, 0xef, 0x3d, 0xef,
    0x3d, 0xef, 0x3d, 0xef, 0x3d, 0xef, 0x3d, 0xef, 0x3d, 0xef, 0x3d, 0xef, 0x3d, 0xef, 0x3d, 0xef,
    0x3d, 0xef, 0x3d, 0xef, 0x3d, 0xef, 0x3d, 0xef, 0x3d, 0xef, 0x3d, 0xef, 0x3d, 0xe7, 0x5d, 0xef,
    0xbc, 0xd6, 0x9c, 0xce, 0x99, 0xad, 0xf2, 0x52, 0x33, 0x5b, 0x7b, 0xce, 0x5d, 0xef, 0x3d, 0xe7,
    0x3d, 0xe7, 0x3d, 0xe7, 0x3d, 0xe7, 0x3d, 0xe7, 0x1d, 0xe7, 0x7d, 0xef, 0x56, 0x84, 0x31, 0x32,
    0x35, 0x7c, 0x1d, 0xe7, 0xdc, 0xd6, 0x3d, 0xef, 0x3d, 0xef, 0x3d, 0xef, 0x3d, 0xef, 0x3d, 0xef,
    0x3d, 0xef, 0x3d, 0xef, 0x3d, 0xef, 0x3d, 0xef, 0x3d, 0xef, 0x3d, 0xef, 0x3d, 0xef, 0x3d, 0xef,
    0x3d, 0xef, 0x3d, 0xef, 0x3d, 0xef, 0x3d, 0xef, 0x3d, 0xef, 0x3d, 0xef, 0x3d, 0xef, 0x3d, 0xef,
    0x3d, 0xef, 0x3d, 0xef, 0x3d, 0xef, 0x3d, 0xef, 0x3d, 0xef, 0x3d, 0xef, 0x3d, 0xef, 0x3d, 0xef,
    0x3d, 0xef, 0x3d, 0xef, 0x3d, 0xef, 0x3d, 0xef, 0x3d, 0xe7, 0x3d, 0xe7, 0x3d, 0xef, 0x3d, 0xef,
    0x3d, 0xef, 0x3d, 0xef, 0x3d, 0xef, 0x3d, 0xe7, 0x7e, 0xef, 0xdf, 0xff, 0x1c, 0xe7, 0xf5, 0x9c,
    0xf5, 0x9c, 0x7a, 0xd6, 0xdb, 0xde, 0x3d, 0xe7, 0xdf, 0xff, 0xfc, 0xde, 0x73, 0x8c, 0x73, 0x8c,
    0x32, 0x84, 0x11, 0x84, 0xbb, 0xd6, 0xff, 0xff, 0x3d, 0xe7, 0xdb, 0xde, 0x9a, 0xce, 0xf5, 0x9c,
    0xd4, 0x9c, 0xfc, 0xde, 0xdf, 0xff, 0x7e, 0xef, 0x3d, 0xe7, 0x3d, 0xef, 0x3d, 0xef, 0x3d, 0xef,
    0x3d, 0xef, 0x3d, 0xef, 0x3d, 0xef, 0x3d, 0xef, 0x3d, 0xef, 0x3d, 0xef, 0x3d, 0xef, 0x3d, 0xef,
    0x3d, 0xe7, 0x3d, 0xef, 0x3d, 0xe7, 0x3d, 0xef, 0x3d, 0xef, 0x3d, 0xef, 0x3d, 0xe7, 0x3d, 0xef,
    0x3d, 0xef, 0x3d, 0xef, 0x3d, 0xef, 0x3d, 0xef, 0x3d, 0xef, 0x3d, 0xef, 0x3d, 0xef, 0x3d, 0xef,
    0x3d, 0xef, 0x3d, 0xef, 0x3d, 0xef, 0x3d, 0xef, 0x3d, 0xef, 0x3d, 0xef, 0x3c, 0xe7, 0x9e, 0xf7,
    0x56, 0x84, 0xae, 0x29, 0x15, 0x7c, 0x5e, 0xef, 0x3d, 0xe7, 0x3d, 0xe7, 0x3d, 0xef, 0x3d, 0xef,
    0x3d, 0xef, 0x3d, 0xef, 0x3d, 0xef, 0x5d, 0xef, 0x5d, 0xef, 0x5d, 0xef, 0xdc, 0xd6, 0xfd, 0xd6,
    0xfa, 0xbd, 0x71, 0x42, 0x53, 0x5b, 0x3d, 0xe7, 0x5d, 0xef, 0x3d, 0xe7, 0x3d, 0xef, 0x3d, 0xe7,
    0x3d, 0xe7, 0x3d, 0xef, 0x3d, 0xef, 0x3d, 0xef, 0x3d, 0xef, 0x3d, 0xef, 0x3d, 0xef, 0x3d, 0xef,
    0x3d, 0xef, 0x3d, 0xef, 0x3d, 0xef, 0x3d, 0xef, 0x3d, 0xef, 0x3d, 0xef, 0x3d, 0xef, 0x3d, 0xef,
    0x3d, 0xef, 0x3d, 0xef, 0x3d, 0xef, 0x3d, 0xef, 0x3d, 0xef, 0x3d, 0xef, 0x3d, 0xef, 0x3d, 0xef,
    0x3d, 0xef, 0x3d, 0xef, 0x3d, 0xef, 0x3d, 0xef, 0x3d, 0xef, 0x3d, 0xef, 0x3d, 0xef, 0x3d, 0xef,
    0x3d, 0xef, 0x3d, 0xef, 0x3d, 0xef, 0x3d, 0xe7, 0x5e, 0xef, 0xdf, 0xff, 0x1c, 0xe7, 0xf5, 0x9c,
    0xf5, 0x9c, 0x7a, 0xce, 0xdb, 0xde, 0x3d, 0xe7, 0xdf, 0xff, 0xfc, 0xde, 0x73, 0x8c, 0x73, 0x8c,
    0x32, 0x84, 0xf1, 0x83, 0xbb, 0xd6, 0xff, 0xff, 0x3d, 0xe7, 0xdb, 0xde, 0x9a, 0xce, 0xf5, 0x9c,
    0xf4, 0x9c, 0x1c, 0xdf, 0xdf, 0xff, 0x7e, 0xef, 0x3d, 0xe7, 0x3d, 0xe7, 0x3d, 0xef, 0x3d, 0xef,
    0x3d, 0xef, 0x3d, 0xef, 0x3d, 0xef, 0x3d, 0xef, 0x3d, 0xef, 0x3d, 0xef, 0x3d, 0xef, 0x3d, 0xef,
    0x3d, 0xe7, 0x3d, 0xef, 0x3d, 0xe7, 0x3d, 0xef, 0x3d, 0xef, 0x3d, 0xef, 0x3d, 0xe7, 0x3d, 0xef,
    0x3d, 0xef, 0x3d, 0xef, 0x3d, 0xef, 0x3d, 0xef, 0x3d, 0xef, 0x3d, 0xef, 0x3d, 0xef, 0x3d, 0xef,
    0x3d, 0xef, 0x3d, 0xef, 0x3d, 0xe7, 0x3d, 0xef, 0x3d, 0xef, 0x5d, 0xef, 0x5e, 0xef, 0xdf, 0xff,
    0x76, 0x84, 0x6e, 0x19, 0xb4, 0x6b, 0x9e, 0xf7, 0x3d, 0xef, 0x3d, 0xe7, 0x3d, 0xef, 0x3d, 0xef,
    0x3d, 0xef, 0x3d, 0xef, 0x3d, 0xef, 0x5d, 0xef, 0x5d, 0xef, 0x3d, 0xef, 0x5d, 0xef, 0x9e, 0xf7,
    0x5b, 0xce, 0x30, 0x2a, 0xf2, 0x4a, 0x3d, 0xe7, 0x3d, 0xef, 0x3d, 0xe7, 0x3d, 0xe7, 0x3d, 0xef,
    0x3d, 0xef, 0x3d, 0xef, 0x3d, 0xef, 0x3d, 0xef, 0x3d, 0xef, 0x3d, 0xef, 0x3d, 0xef, 0x3d, 0xef,
    0x3d, 0xef, 0x3d, 0xef, 0x3d, 0xef, 0x3d, 0xef, 0x3d, 0xef, 0x3d, 0xef, 0x3d, 0xef, 0x3d, 0xef,
    0x3d, 0xef, 0x3d, 0xef, 0x3d, 0xef, 0x3d, 0xef, 0x3d, 0xef, 0x3d, 0xef, 0x3d, 0xef, 0x3d, 0xef,
    0x3d, 0xef, 0x3d, 0xef, 0x3d, 0xef, 0x3d, 0xef, 0x3d, 0xef, 0x3d, 0xef, 0x3d, 0xef, 0x3d, 0xef,
    0x3d, 0xef, 0x3d, 0xef, 0x3d, 0xef, 0x3d, 0xe7, 0x5e, 0xef, 0xdf, 0xff, 0x1c, 0xdf, 0xf5, 0x9c,
    0xf5, 0x9c, 0x7a, 0xce, 0xdb, 0xde, 0x3d, 0xe7, 0xdf, 0xff, 0xfc, 0xde, 0x73, 0x8c, 0x73, 0x8c,
    0x32, 0x84, 0xf1, 0x7b, 0xbb, 0xd6, 0xff, 0xff, 0x3d, 0xe7, 0xdc, 0xde, 0x9a, 0xd6, 0xf5, 0x9c,
    0xf4, 0x9c, 0x1c, 0xdf, 0xdf, 0xff, 0x7e, 0xef, 0x3d, 0xe7, 0x3d, 0xe7, 0x3d, 0xe7, 0x3d, 0xe7,
    0x3d, 0xef, 0x3d, 0xe7, 0x3d, 0xef, 0x3d, 0xef, 0x3d, 0xef, 0x3d, 0xef, 0x3d, 0xef, 0x3d, 0xef,
    0x3d, 0xef, 0x3d, 0xef, 0x3d, 0xef, 0x3d, 0xef, 0x3d, 0xef, 0x3d, 0xef, 0x3d, 0xef, 0x3d, 0xef,
    0x3d, 0xef, 0x3d, 0xef, 0x3d, 0xef, 0x3d, 0xef, 0x3d, 0xef, 0x3d, 0xef, 0x3d, 0xef, 0x3d, 0xef,
    0x3d, 0xef, 0x3d, 0xef, 0x3d, 0xe7, 0x3d, 0xef, 0x3d, 0xef, 0x3d, 0xe7, 0x35, 0x7c, 0x74, 0x63,
    0x38, 0x9d, 0x1a, 0xbe, 0x7b, 0xc6, 0x5d, 0xef, 0x3d, 0xe7, 0x3d, 0xef, 0x3d, 0xef, 0x3d, 0xef,
    0x3d, 0xef, 0x3d, 0xef, 0x3d, 0xef, 0x3d, 0xef, 0x3d, 0xef, 0x3d, 0xef, 0x3d, 0xe7, 0x7d, 0xf7,
    0x3b, 0xc6, 0xb3, 0x3a, 0x74, 0x5b, 0xfd, 0xe6, 0x3d, 0xef, 0x3d, 0xe7, 0x3d, 0xef, 0x5d, 0xe7,
    0x3d, 0xef, 0x3d, 0xef, 0x5d, 0xe7, 0x3d, 0xe7, 0x3d, 0xe7, 0x3d, 0xe7, 0x3d, 0xe7, 0x3d, 0xe7,
    0x3d, 0xe7, 0x3d, 0xe7, 0x3d, 0xe7, 0x3d, 0xe7, 0x3d, 0xef, 0x3d, 0xef, 0x3d, 0xef, 0x3d, 0xef,
    0x3d, 0xef, 0x3d, 0xef, 0x3d, 0xef, 0x3d, 0xef, 0x3d, 0xe7, 0x3d, 0xe7, 0x3d, 0xef, 0x3d, 0xef,
    0x3d, 0xef, 0x3d, 0xef, 0x3d, 0xef, 0x3d, 0xef, 0x3d, 0xef, 0x3d, 0xef, 0x3d, 0xef, 0x3d, 0xef,
    0x3d, 0xef, 0x3d, 0xef, 0x3d, 0xef, 0x3d, 0xe7, 0x5e, 0xef, 0xdf, 0xff, 0x1c, 0xe7, 0xf5, 0x9c,
    0xf5, 0x9c, 0x7a, 0xd6, 0xdb, 0xde, 0x3d, 0xe7, 0xdf, 0xff, 0xfc, 0xde, 0x52, 0x8c, 0x73, 0x8c,
    0x32, 0x84, 0xf1, 0x7b, 0xbb, 0xd6, 0xff, 0xff, 0x3d, 0xe7, 0xdc, 0xde, 0x9a, 0xd6, 0xf5, 0x9c,
    0xf4, 0x9c, 0x1c, 0xdf, 0xdf, 0xff, 0x7e, 0xef, 0x3d, 0xe7, 0x3d, 0xe7, 0x3d, 0xe7, 0x3d, 0xe7,
    0x3d, 0xef, 0x3d, 0xe7, 0x3d, 0xef, 0x3d, 0xef, 0x3d, 0xef, 0x3d, 0xef, 0x3d, 0xef, 0x3d, 0xef,
    0x3d, 0xef, 0x3d, 0xef, 0x3d, 0xef, 0x3d, 0xef, 0x3d, 0xef, 0x3d, 0xef, 0x3d, 0xef, 0x3d, 0xef,
    0x3d, 0xef, 0x3d, 0xef, 0x3d, 0xef, 0x3d, 0xef, 0x3d, 0xef, 0x3d, 0xef, 0x3d, 0xef, 0x3d, 0xef,
    0x3d, 0xef, 0x3d, 0xef, 0x3d, 0xef, 0x3d, 0xef, 0x5d, 0xef, 0x3d, 0xe7, 0xd3, 0x4a, 0x8f, 0x21,
    0x79, 0xa5, 0xdf, 0xff, 0x5e, 0xef, 0x3d, 0xe7, 0x5d, 0xef, 0x3d, 0xef, 0x3d, 0xef, 0x3d, 0xef,
    0x3d, 0xef, 0x3d, 0xef, 0x3d, 0xef, 0x3d, 0xef, 0x3d, 0xef, 0x3d, 0xef, 0x3d, 0xe7, 0x7d, 0xef,
    0x3b, 0xc6, 0x53, 0x32, 0x34, 0x53, 0x9e, 0xef, 0xbe, 0xf7, 0x5d, 0xef, 0x3d, 0xe7, 0x3d, 0xe7,
    0x3d, 0xef, 0x3d, 0xef, 0x3d, 0xef, 0x3d, 0xef, 0x9e, 0xf7, 0xbe, 0xf7, 0x9e, 0xf7, 0x9e, 0xf7,
    0x9e, 0xf7, 0x9e, 0xf7, 0xbe, 0xf7, 0x5d, 0xef, 0x3d, 0xe7, 0x3d, 0xe7, 0x3d, 0xef, 0x3d, 0xef,
    0x3d, 0xef, 0x3d, 0xef, 0x3d, 0xef, 0x3d, 0xef, 0x3d, 0xef, 0x3d, 0xef, 0x3d, 0xef, 0x3d, 0xef,
    0x3d, 0xef, 0x3d, 0xef, 0x3d, 0xef, 0x3d, 0xef, 0x3d, 0xef, 0x3d, 0xef, 0x3d, 0xef, 0x3d, 0xef,
    0x3d, 0xef, 0x3d, 0xef, 0x3d, 0xef, 0x3d, 0xe7, 0x5e, 0xef, 0xdf, 0xff, 0x1c, 0xe7, 0xf5, 0x9c,
    0xf5, 0x9c, 0x9a, 0xd6, 0xdb, 0xde, 0x3d, 0xe7, 0xdf, 0xff, 0xfc, 0xde, 0x52, 0x8c, 0x73, 0x8c,
    0x32, 0x84, 0x11, 0x84, 0xbb, 0xd6, 0xff, 0xff, 0x3d, 0xe7, 0xdc, 0xde, 0x9a, 0xd6, 0xf5, 0x9c,
    0xf4, 0x9c, 0x1c, 0xdf, 0xdf, 0xff, 0x7d, 0xef, 0x3d, 0xe7, 0x3d, 0xe7, 0x3d, 0xe7, 0x3d, 0xef,
    0x3d, 0xef, 0x3d, 0xef, 0x3d, 0xef, 0x3d, 0xef, 0x3d, 0xef, 0x3d, 0xef, 0x3d, 0xef, 0x3d, 0xef,
    0x3d, 0xef, 0x3d, 0xef, 0x3d, 0xef, 0x3d, 0xef, 0x3d, 0xef, 0x3d, 0xef, 0x3d, 0xef, 0x3d, 0xef,
    0x3d, 0xef, 0x3d, 0xef, 0x3d, 0xef, 0x3d, 0xef, 0x3d, 0xef, 0x3d, 0xef, 0x3d, 0xef, 0x3d, 0xef,
    0x3d, 0xef, 0x3d, 0xef, 0x3d, 0xef, 0x3d, 0xe7, 0x3d, 0xef, 0x3d, 0xe7, 0x94, 0x5b, 0x72, 0x2a,
    0x79, 0xa5, 0x7e, 0xf7, 0x3c, 0xe7, 0x5d, 0xef, 0x3d, 0xef, 0x3d, 0xef, 0x3d, 0xef, 0x3d, 0xef,
    0x3d, 0xef, 0x3d, 0xef, 0x3d, 0xef, 0x3d, 0xef, 0x3d, 0xef, 0x3d, 0xef, 0x3d, 0xef, 0x7d, 0xef,
    0xbc, 0xd6, 0xf8, 0x8c, 0xf8, 0x94, 0x38, 0x9d, 0xf8, 0x94, 0xbc, 0xd6, 0x5d, 0xef, 0x3d, 0xef,
    0x3d, 0xef, 0x3d, 0xef, 0x3d, 0xef, 0x3d, 0xe7, 0x58, 0xa5, 0xd7, 0x94, 0xf7, 0x9c, 0x59, 0x9d,
    0x59, 0x9d, 0xd7, 0x94, 0xb6, 0x94, 0x7b, 0xd6, 0x5d, 0xef, 0x3d, 0xe7, 0x3d, 0xe7, 0x3d, 0xe7,
    0x3d, 0xef, 0x3d, 0xef, 0x3d, 0xef, 0x3d, 0xef, 0x3d, 0xe7, 0x3d, 0xef, 0x3d, 0xef, 0x3d, 0xef,
    0x3d, 0xef, 0x3d, 0xef, 0x3d, 0xe7, 0x3d, 0xe7, 0x3d, 0xef, 0x3d, 0xef, 0x3d, 0xef, 0x3d, 0xef,
    0x3d, 0xe7, 0x3d, 0xef, 0x3d, 0xef, 0x3d, 0xe7, 0x5d, 0xef, 0xdf, 0xff, 0x1c, 0xe7, 0xf5, 0x9c,
    0x15, 0x9d, 0x9a, 0xd6, 0xdb, 0xde, 0x3d, 0xe7, 0xdf, 0xff, 0xfc, 0xde, 0x52, 0x8c, 0x73, 0x8c,
    0x32, 0x84, 0x11, 0x84, 0xbb, 0xd6, 0xff, 0xff, 0x3d, 0xef, 0xdc, 0xde, 0x9a, 0xd6, 0xf5, 0x9c,
    0xf4, 0x9c, 0x1c, 0xdf, 0xdf, 0xff, 0x7e, 0xef, 0x3d, 0xe7, 0x3d, 0xe7, 0x3d, 0xe7, 0x3d, 0xef,
    0x3d, 0xef, 0x3d, 0xef, 0x3d, 0xef, 0x3d, 0xef, 0x3d, 0xef, 0x3d, 0xef, 0x3d, 0xef, 0x3d, 0xef,
    0x3d, 0xef, 0x3d, 0xef, 0x3d, 0xef, 0x3d, 0xef, 0x3d, 0xef, 0x3d, 0xef, 0x3d, 0xef, 0x3d, 0xef,
    0x3d, 0xef, 0x3d, 0xef, 0x3d, 0xef, 0x3d, 0xef, 0x3d, 0xef, 0x3d, 0xef, 0x3d, 0xef, 0x3d, 0xef,
    0x3d, 0xef, 0x3d, 0xef, 0x3d, 0xe7, 0x5d, 0xef, 0x7e, 0xef, 0x7e, 0xef, 0xd7, 0x5b, 0x94, 0x2a,
    0x7a, 0x9d, 0x9e, 0xf7, 0x1d, 0xe7, 0x3d, 0xef, 0x3d, 0xef, 0x3d, 0xef, 0x3d, 0xef, 0x3d, 0xef,
    0x3d, 0xef, 0x3d, 0xef, 0x3d, 0xe7, 0x3d, 0xe7, 0x3d, 0xef, 0x3d, 0xef, 0x3d, 0xef, 0x3d, 0xe7,
    0x3d, 0xef, 0xbe, 0xf7, 0xfc, 0xde, 0x52, 0x3a, 0x11, 0x2a, 0xfa, 0xbd, 0x7e, 0xf7, 0x3c, 0xe7,
    0x3d, 0xef, 0x3d, 0xef, 0x7d, 0xef, 0x9e, 0xef, 0x70, 0x42, 0xec, 0x10, 0xf0, 0x29, 0x92, 0x3a,
    0x30, 0x32, 0x4d, 0x21, 0x0c, 0x19, 0x98, 0xad, 0xbe, 0xf7, 0x3d, 0xef, 0x5d, 0xef, 0x5d, 0xef,
    0x3d, 0xef, 0x3d, 0xef, 0x3d, 0xef, 0x3d, 0xef, 0x3d, 0xe7, 0x3d, 0xef, 0x3d, 0xef, 0x3d, 0xef,
    0x3d, 0xef, 0x3d, 0xef, 0x3d, 0xef, 0x3d, 0xef, 0x3d, 0xef, 0x3d, 0xef, 0x3d, 0xef, 0x3d, 0xef,
    0x3d, 0xef, 0x3d, 0xef, 0x3d, 0xef, 0x3d, 0xe7, 0x5d, 0xef, 0xbe, 0xf7, 0xfc, 0xe6, 0xf5, 0x9c,
    0x15, 0x9d, 0x9a, 0xd6, 0xdb, 0xde, 0x3d, 0xe7, 0xdf, 0xff, 0xfc, 0xde, 0x52, 0x8c, 0x73, 0x8c,
    0x32, 0x84, 0xf1, 0x7b, 0xbb, 0xd6, 0xff, 0xff, 0x3d, 0xef, 0xdb, 0xde, 0x9a, 0xd6, 0xf5, 0x9c,
    0xf4, 0x9c, 0xfc, 0xde, 0xdf, 0xff, 0x7e, 0xef, 0x3d, 0xe7, 0x3d, 0xe7, 0x3d, 0xef, 0x3d, 0xe7,
    0x3d, 0xe7, 0x3d, 0xef, 0x3d, 0xef, 0x3d, 0xef, 0x3d, 0xef, 0x3d, 0xef, 0x3d, 0xef, 0x3d, 0xef,
    0x3d, 0xef, 0x3d, 0xef, 0x3d, 0xef, 0x3d, 0xef, 0x3d, 0xef, 0x3d, 0xef, 0x3d, 0xef, 0x3d, 0xef,
    0x3d, 0xef, 0x3d, 0xef, 0x3d, 0xef, 0x3d, 0xef, 0x3d, 0xef, 0x3d, 0xef, 0x3d, 0xef, 0x3d, 0xef,
    0x3d, 0xef, 0x3d, 0xef, 0x5d, 0xef, 0x1d, 0xe7, 0x9c, 0xce, 0x7b, 0xc6, 0x37, 0x6c, 0x76, 0x53,
    0xba, 0xa5, 0x7e, 0xf7, 0x3d, 0xe7, 0x3d, 0xef, 0x3d, 0xef, 0x3d, 0xef, 0x3d, 0xef, 0x3d, 0xef,
    0x3d, 0xe7, 0x3d, 0xe7, 0x3d, 0xe7, 0x3d, 0xef, 0x3d, 0xef, 0x3d, 0xef, 0x3d, 0xef, 0x3d, 0xef,
    0x3d, 0xe7, 0x5d, 0xef, 0xbc, 0xd6, 0x14, 0x4b, 0xb3, 0x3a, 0x1a, 0xbe, 0x7e, 0xf7, 0x3d, 0xe7,
    0x3d, 0xef, 0x3d, 0xe7, 0x7b, 0xce, 0x7b, 0xce, 0xf4, 0x7b, 0x12, 0x5b, 0xd4, 0x63, 0x37, 0x64,
    0xb5, 0x53, 0x33, 0x4b, 0xf2, 0x42, 0x99, 0xad, 0xfc, 0xde, 0xdc, 0xde, 0xdd, 0xde, 0xfd, 0xde,
    0x3d, 0xef, 0x3d, 0xef, 0x3d, 0xef, 0x3d, 0xef, 0x3d, 0xef, 0x3d, 0xe7, 0x3d, 0xef, 0x3d, 0xef,
    0x3d, 0xef, 0x3d, 0xef, 0x3d, 0xe7, 0x3d, 0xef, 0x3d, 0xef, 0x3d, 0xef, 0x3d, 0xef, 0x3d, 0xef,
    0x3d, 0xef, 0x3d, 0xe7, 0x3d, 0xef, 0x3d, 0xe7, 0x5e, 0xef, 0xdf, 0xff, 0x1c, 0xe7, 0xf5, 0x9c,
    0xf5, 0x9c, 0x9b, 0xd6, 0xdb, 0xde, 0x3d, 0xe7, 0xdf, 0xff, 0xfc, 0xde, 0x52, 0x8c, 0x72, 0x8c,
    0x32, 0x84, 0xf1, 0x7b, 0xbb, 0xd6, 0xdf, 0xff, 0x3d, 0xe7, 0xdb, 0xde, 0x9a, 0xce, 0xf5, 0x9c,
    0xf4, 0x9c, 0x1c, 0xdf, 0xdf, 0xff, 0x7e, 0xef, 0x3d, 0xe7, 0x3d, 0xe7, 0x3d, 0xe7, 0x3d, 0xef,
    0x3d, 0xef, 0x3d, 0xef, 0x3d, 0xef, 0x3d, 0xef, 0x3d, 0xef, 0x3d, 0xef, 0x3d, 0xef, 0x3d, 0xef,
    0x3d, 0xef, 0x3d, 0xef, 0x3d, 0xe7, 0x3d, 0xef, 0x5d, 0xef, 0x3d, 0xef, 0x3d, 0xef, 0x3d, 0xef,
    0x3d, 0xef, 0x3d, 0xef, 0x3d, 0xef, 0x3d, 0xef, 0x3d, 0xef, 0x3d, 0xef, 0x3d, 0xef, 0x3d, 0xef,
    0x3d, 0xef, 0x3d, 0xe7, 0x7d, 0xef, 0x5c, 0xc6, 0x92, 0x42, 0xd3, 0x42, 0xbc, 0xd6, 0x5e, 0xef,
    0x3d, 0xe7, 0x5d, 0xe7, 0x3d, 0xef, 0x3d, 0xef, 0x3d, 0xef, 0x3d, 0xef, 0x3d, 0xef, 0x3d, 0xef,
    0x3d, 0xe7, 0x3d, 0xe7, 0x3d, 0xe7, 0x3d, 0xef, 0x3d, 0xef, 0x3d, 0xef, 0x3d, 0xef, 0x3d, 0xef,
    0x3d, 0xe7, 0x5d, 0xef, 0xfd, 0xde, 0xd7, 0x5b, 0x35, 0x3b, 0x3b, 0xbe, 0x5e, 0xf7, 0x1d, 0xe7,
    0x7d, 0xef, 0x9b, 0xd6, 0x0f, 0x3a, 0xef, 0x31, 0xfc, 0xde, 0xff, 0xff, 0x9f, 0xd7, 0x5f, 0xb7,
    0x3f, 0xaf, 0xbf, 0x7e, 0xdf, 0x86, 0xd5, 0x53, 0x30, 0x3a, 0xb2, 0x4a, 0x91, 0x42, 0xb4, 0x73,
    0x5d, 0xef, 0x3d, 0xe7, 0x3d, 0xe7, 0x3d, 0xe7, 0x3d, 0xe7, 0x3d, 0xe7, 0x3d, 0xef, 0x3d, 0xef,
    0x3d, 0xef, 0x3d, 0xef, 0x3d, 0xe7, 0x3d, 0xef, 0x3d, 0xef, 0x3d, 0xef, 0x3d, 0xef, 0x3d, 0xef,
    0x3d, 0xe7, 0x3d, 0xef, 0x3d, 0xef, 0x3d, 0xe7, 0x7e, 0xef, 0xdf, 0xff, 0x1c, 0xe7, 0xf5, 0x9c,
    0xf5, 0x9c, 0x9a, 0xd6, 0xdb, 0xde, 0x3d, 0xe7, 0xdf, 0xff, 0xfc, 0xde, 0x52, 0x8c, 0x73, 0x8c,
    0x32, 0x84, 0xf1, 0x7b, 0xbb, 0xd6, 0xff, 0xff, 0x3d, 0xe7, 0xdb, 0xde, 0x9a, 0xce, 0xf5, 0x9c,
    0xf4, 0x9c, 0x1c, 0xdf, 0xdf, 0xff, 0x7e, 0xef, 0x3d, 0xe7, 0x3d, 0xef, 0x3d, 0xef, 0x3d, 0xef,
    0x3d, 0xef, 0x3d, 0xef, 0x3d, 0xef, 0x3d, 0xef, 0x3d, 0xef, 0x3d, 0xef, 0x3d, 0xef, 0x3d, 0xef,
    0x3d, 0xef, 0x3d, 0xef, 0x3d, 0xef, 0x3d, 0xef, 0x3d, 0xef, 0x3d, 0xef, 0x3d, 0xef, 0x3d, 0xef,
    0x3d, 0xef, 0x3d, 0xef, 0x3d, 0xef, 0x3d, 0xef, 0x3d, 0xef, 0x3d, 0xef, 0x3d, 0xef, 0x3d, 0xef,
    0x3d, 0xef, 0x3d, 0xe7, 0x7d, 0xef, 0x5b, 0xc6, 0x72, 0x3a, 0xb3, 0x42, 0xdc, 0xd6, 0x5d, 0xef,
    0x3d, 0xef, 0x3d, 0xef, 0x3d, 0xef, 0x3d, 0xef, 0x3d, 0xef, 0x3d, 0xef, 0x3d, 0xef, 0x3d, 0xef,
    0x3d, 0xe7, 0x3d, 0xef, 0x3d, 0xef, 0x3d, 0xe7, 0x3d, 0xef, 0x3d, 0xef, 0x3d, 0xef, 0x3d, 0xef,
    0x3d, 0xe7, 0x3d, 0xef, 0x1d, 0xdf, 0x96, 0x53, 0x15, 0x33, 0x5c, 0xbe, 0x9e, 0xef, 0x3d, 0xe7,
    0x7d, 0xef, 0x9b, 0xd6, 0xef, 0x31, 0xef, 0x31, 0xfd, 0xde, 0xff, 0xff, 0x9f, 0xd7, 0x5f, 0xaf,
    0x3f, 0xa7, 0x7e, 0x7e, 0xdf, 0x7e, 0x54, 0x43, 0xae, 0x31, 0x30, 0x3a, 0x10, 0x2a, 0x74, 0x63,
    0x7e, 0xf7, 0x5d, 0xef, 0x7e, 0xf7, 0x7d, 0xf7, 0x5d, 0xef, 0x3d, 0xe7, 0x3d, 0xef, 0x3d, 0xef,
    0x3d, 0xef, 0x3d, 0xef, 0x3d, 0xef, 0x3d, 0xef, 0x3d, 0xef, 0x3d, 0xef, 0x3d, 0xef, 0x3d, 0xef,
    0x3d, 0xef, 0x3d, 0xef, 0x3d, 0xef, 0x3d, 0xe7, 0x5e, 0xef, 0xdf, 0xff, 0x1c, 0xe7, 0xf5, 0x9c,
    0xf5, 0x9c, 0x9a, 0xd6, 0xdb, 0xde, 0x3d, 0xe7, 0xdf, 0xff, 0xfc, 0xde, 0x52, 0x8c, 0x73, 0x8c,
    0x32, 0x84, 0xf1, 0x7b, 0xbb, 0xd6, 0xff, 0xff, 0x3d, 0xe7, 0xdb, 0xde, 0x9a, 0xce, 0xf5, 0x9c,
    0xf4, 0x9c, 0xfc, 0xde, 0xdf, 0xff, 0x7e, 0xef, 0x3d, 0xe7, 0x3d, 0xef, 0x3d, 0xef, 0x3d, 0xef,
    0x3d, 0xef, 0x3d, 0xef, 0x3d, 0xef, 0x3d, 0xef, 0x3d, 0xef, 0x3d, 0xef, 0x3d, 0xef, 0x3d, 0xef,
    0x3d, 0xef, 0x3d, 0xe7, 0x3d, 0xe7, 0x3d, 0xe7, 0x3d, 0xe7, 0x3d, 0xe7, 0x3d, 0xe7, 0x3d, 0xe7,
    0x3d, 0xe7, 0x3d, 0xe7, 0x3d, 0xe7, 0x3d, 0xef, 0x3d, 0xef, 0x3d, 0xef, 0x3d, 0xef, 0x3d, 0xef,
    0x3d, 0xef, 0x3d, 0xe7, 0x7e, 0xef, 0x7b, 0xc6, 0xb3, 0x3a, 0xf4, 0x42, 0xdc, 0xd6, 0x5d, 0xef,
    0x3d, 0xe7, 0x3d, 0xef, 0x3d, 0xef, 0x3d, 0xef, 0x3d, 0xef, 0x3d, 0xef, 0x3d, 0xef, 0x3d, 0xef,
    0x3d, 0xe7, 0x3d, 0xef, 0x3d, 0xe7, 0x3d, 0xef, 0x3d, 0xef, 0x3d, 0xef, 0x3d, 0xef, 0x3d, 0xef,
    0x3d, 0xe7, 0x3d, 0xef, 0x3d, 0xe7, 0x3b, 0xbe, 0x5c, 0xbe, 0x77, 0x84, 0x33, 0x53, 0x18, 0x95,
    0x9e, 0xf7, 0x9b, 0xce, 0xb2, 0x42, 0xf2, 0x42, 0x3d, 0x8e, 0xff, 0x96, 0xdf, 0x8e, 0xdf, 0x8e,
    0x7f, 0x7e, 0x1f, 0x66, 0x3f, 0x6e, 0x14, 0x43, 0xad, 0x29, 0x92, 0x3a, 0x35, 0x43, 0x34, 0x4b,
    0xb5, 0x6b, 0xb4, 0x63, 0x16, 0x74, 0xf5, 0x73, 0x1a, 0xc6, 0x5e, 0xef, 0x3d, 0xe7, 0x5d, 0xef,
    0x3d, 0xef, 0x3d, 0xef, 0x3d, 0xef, 0x3d, 0xef, 0x3d, 0xef, 0x3d, 0xef, 0x3d, 0xef, 0x3d, 0xef,
    0x3d, 0xe7, 0x3d, 0xe7, 0x3d, 0xef, 0x3d, 0xe7, 0x5e, 0xef, 0xdf, 0xff, 0x1c, 0xdf, 0xf5, 0x9c,
    0xf5, 0x9c, 0x9b, 0xd6, 0xdb, 0xde, 0x3d, 0xe7, 0xdf, 0xff, 0xfc, 0xde, 0x52, 0x8c, 0x73, 0x8c,
    0x32, 0x84, 0xf1, 0x7b, 0xbb, 0xd6, 0xff, 0xff, 0x3d, 0xe7, 0xdb, 0xde, 0x9a, 0xce, 0xf5, 0x9c,
    0xf4, 0x9c, 0xfc, 0xde, 0xdf, 0xff, 0x7d, 0xef, 0x3d, 0xe7, 0x3d, 0xe7, 0x3d, 0xe7, 0x3d, 0xef,
    0x3d, 0xef, 0x3d, 0xef, 0x3d, 0xef, 0x3d, 0xef, 0x3d, 0xef, 0x3d, 0xef, 0x3d, 0xef, 0x3d, 0xef,
    0x3d, 0xef, 0x7d, 0xef, 0x9e, 0xf7, 0x9e, 0xf7, 0x9e, 0xf7, 0x9e, 0xf7, 0x9e, 0xf7, 0x9e, 0xf7,
    0x9e, 0xf7, 0x9e, 0xf7, 0x7e, 0xef, 0x3d, 0xe7, 0x3d, 0xef, 0x3d, 0xef, 0x3d, 0xe7, 0x3d, 0xe7,
    0x3d, 0xef, 0x3d, 0xe7, 0x7d, 0xef, 0x5b, 0xc6, 0xb3, 0x3a, 0x14, 0x43, 0xdc, 0xd6, 0x5d, 0xef,
    0x3d, 0xe7, 0x3d, 0xef, 0x3d, 0xef, 0x3d, 0xef, 0x3d, 0xef, 0x3d, 0xe7, 0x3d, 0xef, 0x3d, 0xe7,
    0x3d, 0xef, 0x3d, 0xef, 0x3d, 0xef, 0x3d, 0xef, 0x3d, 0xef, 0x3d, 0xef, 0x3d, 0xef, 0x3d, 0xef,
    0x3d, 0xef, 0x3d, 0xef, 0x3d, 0xef, 0x7d, 0xef, 0x9e, 0xf7, 0xb5, 0x6b, 0xb0, 0x19, 0x76, 0x7c,
    0xff, 0xff, 0xfd, 0xde, 0x54, 0x4b, 0x14, 0x43, 0x1d, 0x6e, 0xff, 0x7e, 0xbf, 0x7e, 0x9f, 0x7e,
    0x7f, 0x76, 0x1f, 0x66, 0x3f, 0x6e, 0x13, 0x43, 0x8d, 0x29, 0x92, 0x3a, 0x36, 0x3b, 0xb4, 0x32,
    0xd0, 0x29, 0xf0, 0x29, 0xf0, 0x29, 0x8f, 0x21, 0xb9, 0xb5, 0xdf, 0xff, 0x7d, 0xef, 0x3d, 0xef,
    0x3d, 0xef, 0x3d, 0xef, 0x3d, 0xef, 0x3d, 0xef, 0x3d, 0xef, 0x3d, 0xef, 0x3d, 0xef, 0x3d, 0xef,
    0x3d, 0xef, 0x3d, 0xef, 0x3d, 0xef, 0x3d, 0xe7, 0x7e, 0xef, 0xdf, 0xff, 0x1c, 0xe7, 0xf5, 0x9c,
    0xf5, 0x9c, 0x9b, 0xd6, 0xdb, 0xde, 0x3d, 0xe7, 0xdf, 0xff, 0xfc, 0xde, 0x52, 0x8c, 0x73, 0x8c,
    0x32, 0x84, 0xf1, 0x7b, 0xbb, 0xd6, 0xff, 0xff, 0x3d, 0xe7, 0xdb, 0xde, 0x9a, 0xd6, 0xf5, 0x9c,
    0xd4, 0x9c, 0xfc, 0xde, 0xdf, 0xff, 0x7d, 0xef, 0x3d, 0xe7, 0x3d, 0xe7, 0x3d, 0xe7, 0x3d, 0xef,
    0x3d, 0xef, 0x3d, 0xef, 0x3d, 0xef, 0x3d, 0xef, 0x3d, 0xef, 0x3d, 0xef, 0x3d, 0xef, 0x3d, 0xe7,
    0x5d, 0xef, 0xb9, 0xb5, 0xd7, 0x94, 0xf7, 0x9c, 0xf7, 0x9c, 0xf8, 0x9c, 0xf8, 0x9c, 0x17, 0x9d,
    0x18, 0x9d, 0xf7, 0x94, 0xfa, 0xbd, 0x5d, 0xef, 0x3d, 0xe7, 0x3d, 0xe7, 0x3d, 0xe7, 0x3d, 0xef,
    0x3d, 0xef, 0x3d, 0xe7, 0x5d, 0xef, 0x7c, 0xc6, 0x14, 0x3b, 0x55, 0x4b, 0xfc, 0xd6, 0x5d, 0xef,
    0x3d, 0xe7, 0x3d, 0xef, 0x3d, 0xef, 0x3d, 0xef, 0x3d, 0xef, 0x3d, 0xe7, 0x3d, 0xef, 0x3d, 0xe7,
    0x3d, 0xef, 0x3d, 0xef, 0x3d, 0xef, 0x3d, 0xef, 0x3d, 0xef, 0x3d, 0xef, 0x3d, 0xef, 0x3d, 0xef,
    0x3d, 0xef, 0x3d, 0xef, 0x3d, 0xef, 0x1d, 0xe7, 0x5e, 0xef, 0x57, 0x74, 0x73, 0x32, 0xf6, 0x63,
    0x59, 0xa5, 0xb7, 0x8c, 0x92, 0x42, 0xb2, 0x3a, 0x7c, 0x65, 0x3f, 0x6e, 0x5e, 0x76, 0xbf, 0x7e,
    0x7f, 0x76, 0xbe, 0x5d, 0xdf, 0x65, 0xf3, 0x3a, 0x4c, 0x21, 0xd4, 0x6b, 0x1b, 0xae, 0x99, 0xa5,
    0x79, 0xad, 0x79, 0xad, 0x79, 0xad, 0x99, 0xad, 0x58, 0xa5, 0xf7, 0x94, 0xf9, 0xb5, 0x5e, 0xef,
    0x3d, 0xe7, 0x3d, 0xef, 0x3d, 0xef, 0x3d, 0xef, 0x3d, 0xef, 0x3d, 0xef, 0x3d, 0xef, 0x3d, 0xef,
    0x3d, 0xef, 0x3d, 0xe7, 0x3d, 0xef, 0x3d, 0xe7, 0x7e, 0xef, 0xdf, 0xff, 0x1c, 0xe7, 0xf5, 0x9c,
    0xf5, 0x9c, 0x9b, 0xd6, 0xdb, 0xde, 0x3d, 0xe7, 0xdf, 0xff, 0xfc, 0xde, 0x52, 0x8c, 0x73, 0x8c,
    0x32, 0x84, 0xf1, 0x7b, 0xbb, 0xd6, 0xff, 0xff, 0x3d, 0xe7, 0xdc, 0xde, 0x9a, 0xd6, 0xf5, 0x9c,
    0xd4, 0x9c, 0xfc, 0xde, 0xdf, 0xff, 0x7d, 0xef, 0x3d, 0xe7, 0x3d, 0xe7, 0x3d, 0xe7, 0x3d, 0xef,
    0x3d, 0xef, 0x3d, 0xef, 0x3d, 0xef, 0x3d, 0xef, 0x3d, 0xef, 0x3d, 0xef, 0x3d, 0xe7, 0x5d, 0xef,
    0xbf, 0xf7, 0xd5, 0x73, 0x4e, 0x19, 0xcf, 0x21, 0xaf, 0x21, 0xaf, 0x21, 0xaf, 0x21, 0xaf, 0x21,
    0xd0, 0x21, 0x6f, 0x19, 0x15, 0x7c, 0xdf, 0xff, 0x7e, 0xef, 0x7e, 0xef, 0x7e, 0xef, 0x5d, 0xef,
    0x3d, 0xe7, 0x5d, 0xef, 0xbe, 0xff, 0x9c, 0xce, 0xf5, 0x3a, 0x56, 0x43, 0xdc, 0xd6, 0x5d, 0xef,
    0x3d, 0xe7, 0x3d, 0xef, 0x3d, 0xef, 0x3d, 0xef, 0x3d, 0xef, 0x3d, 0xef, 0x3d, 0xef, 0x3d, 0xef,
    0x3d, 0xef, 0x3d, 0xef, 0x3d, 0xef, 0x3d, 0xef, 0x3d, 0xef, 0x3d, 0xef, 0x3d, 0xef, 0x3d, 0xef,
    0x3d, 0xef, 0x3d, 0xef, 0x3d, 0xe7, 0x3d, 0xef, 0x9e, 0xf7, 0xb8, 0x7c, 0x16, 0x3b, 0x15, 0x3b,
    0x73, 0x32, 0x52, 0x32, 0x8d, 0x21, 0xae, 0x29, 0xdc, 0x54, 0x7f, 0x55, 0xff, 0x65, 0xff, 0x86,
    0x7f, 0x76, 0x3e, 0x55, 0x7f, 0x5d, 0x72, 0x2a, 0xaa, 0x10, 0x55, 0x8c, 0xdf, 0xff, 0x7d, 0xf7,
    0x9e, 0xf7, 0x9e, 0xf7, 0x7e, 0xf7, 0xdf, 0xff, 0x15, 0x74, 0x6f, 0x19, 0x16, 0x74, 0x9e, 0xf7,
    0x3d, 0xe7, 0x3d, 0xef, 0x3d, 0xef, 0x3d, 0xef, 0x3d, 0xe7, 0x3d, 0xef, 0x3d, 0xef, 0x3d, 0xef,
    0x3d, 0xe7, 0x3d, 0xe7, 0x3d, 0xef, 0x3d, 0xe7, 0x5e, 0xef, 0xdf, 0xff, 0xfc, 0xde, 0xf5, 0x9c,
    0xf5, 0x9c, 0x9b, 0xd6, 0xdb, 0xde, 0x3d, 0xe7, 0xdf, 0xff, 0xfc, 0xde, 0x52, 0x8c, 0x73, 0x8c,
    0x32, 0x84, 0xf1, 0x7b, 0xbb, 0xd6, 0xff, 0xff, 0x3d, 0xef, 0xdc, 0xde, 0x9a, 0xd6, 0xf5, 0x9c,
    0xf4, 0x9c, 0xfc, 0xde, 0xdf, 0xff, 0x7d, 0xef, 0x3d, 0xe7, 0x3d, 0xe7, 0x3d, 0xe7, 0x3d, 0xef,
    0x3d, 0xef, 0x3d, 0xef, 0x3d, 0xef, 0x3d, 0xef, 0x3d, 0xef, 0x3d, 0xe7, 0x3d, 0xef, 0xbc, 0xd6,
    0xbc, 0xd6, 0x97, 0x8c, 0xf5, 0x73, 0x15, 0x7c, 0x15, 0x7c, 0x15, 0x7c, 0x15, 0x7c, 0x15, 0x7c,
    0x15, 0x7c, 0xf5, 0x73, 0xf7, 0x9c, 0x3b, 0xc6, 0x3a, 0xc6, 0x3b, 0xc6, 0x5b, 0xc6, 0x1c, 0xdf,
    0x5d, 0xef, 0xdc, 0xd6, 0x3b, 0xc6, 0xda, 0xad, 0x57, 0x6c, 0x98, 0x7c, 0xfd, 0xde, 0x5d, 0xef,
    0x3d, 0xe7, 0x3d, 0xef, 0x3d, 0xef, 0x3d, 0xef, 0x3d, 0xef, 0x3d, 0xef, 0x3d, 0xef, 0x3d, 0xef,
    0x3d, 0xef, 0x3d, 0xef, 0x3d, 0xef, 0x3d, 0xef, 0x3d, 0xef, 0x3d, 0xef, 0x3d, 0xef, 0x5d, 0xe7,
    0x5d, 0xe7, 0x3d, 0xef, 0x3d, 0xe7, 0xfd, 0xde, 0x1d, 0xdf, 0x37, 0x74, 0xf4, 0x3a, 0x14, 0x43,
    0xb3, 0x3a, 0xf3, 0x4a, 0xd4, 0x7b, 0xd4, 0x73, 0xda, 0x64, 0xbb, 0x4c, 0x7c, 0x65, 0x1d, 0x76,
    0xbd, 0x6d, 0xfc, 0x54, 0xfc, 0x54, 0xf5, 0x63, 0x31, 0x63, 0x57, 0xa5, 0x7e, 0xef, 0x3d, 0xe7,
    0x3d, 0xe7, 0x3d, 0xe7, 0x3d, 0xe7, 0x7e, 0xef, 0x36, 0x7c, 0xf0, 0x21, 0x56, 0x84, 0x9e, 0xf7,
    0x3d, 0xe7, 0x3d, 0xef, 0x3d, 0xe7, 0x3d, 0xef, 0x3d, 0xe7, 0x3d, 0xef, 0x3d, 0xef, 0x3d, 0xef,
    0x3d, 0xef, 0x3d, 0xef, 0x3d, 0xef, 0x3d, 0xe7, 0x5e, 0xef, 0xdf, 0xff, 0xfc, 0xde, 0xd4, 0x9c,
    0xf5, 0x9c, 0x9b, 0xd6, 0xdb, 0xde, 0x3d, 0xe7, 0xff, 0xff, 0xfc, 0xde, 0x52, 0x8c, 0x73, 0x8c,
    0x32, 0x84, 0xf1, 0x7b, 0xbb, 0xd6, 0xff, 0xff, 0x3d, 0xef, 0xdc, 0xde, 0x9a, 0xd6, 0xf5, 0x9c,
    0xf4, 0x9c, 0xfc, 0xde, 0xdf, 0xff, 0x7e, 0xef, 0x3d, 0xe7, 0x3d, 0xe7, 0x3d, 0xe7, 0x3d, 0xef,
    0x3d, 0xef, 0x3d, 0xef, 0x3d, 0xef, 0x3d, 0xef, 0x3d, 0xef, 0x3d, 0xe7, 0x5d, 0xef, 0x94, 0x6b,
    0xef, 0x31, 0xd7, 0x94, 0xdf, 0xff, 0x7e, 0xef, 0x7e, 0xf7, 0x7e, 0xf7, 0x7e, 0xef, 0x7e, 0xf7,
    0x7e, 0xef, 0xdf, 0xff, 0x17, 0x9d, 0x8e, 0x21, 0x0f, 0x32, 0x51, 0x3a, 0x31, 0x3a, 0x1a, 0xbe,
    0xbf, 0xff, 0x99, 0xad, 0xf0, 0x29, 0x74, 0x63, 0x7e, 0xef, 0x5d, 0xef, 0x3d, 0xef, 0x3d, 0xef,
    0x3d, 0xef, 0x3d, 0xef, 0x3d, 0xef, 0x3d, 0xef, 0x3d, 0xe7, 0x3d, 0xe7, 0x3d, 0xef, 0x3d, 0xef,
    0x3d, 0xe7, 0x3d, 0xef, 0x3d, 0xef, 0x3d, 0xef, 0x3d, 0xef, 0x5d, 0xe7, 0x3d, 0xe7, 0x3d, 0xe7,
    0x3d, 0xe7, 0x3d, 0xef, 0x1d, 0xdf, 0xf7, 0x63, 0x96, 0x4b, 0xd3, 0x42, 0x72, 0x3a, 0x92, 0x3a,
    0x31, 0x32, 0x94, 0x63, 0x9e, 0xf7, 0x9e, 0xf7, 0x11, 0x53, 0x6d, 0x19, 0xee, 0x29, 0xee, 0x29,
    0xcd, 0x21, 0xee, 0x29, 0xee, 0x29, 0x5a, 0xc6, 0xbf, 0xff, 0x5e, 0xef, 0x3d, 0xe7, 0x5d, 0xef,
    0x3d, 0xef, 0x3d, 0xef, 0x3d, 0xe7, 0x9e, 0xf7, 0x36, 0x7c, 0xd0, 0x21, 0x36, 0x7c, 0x9e, 0xf7,
    0x3d, 0xef, 0x3d, 0xef, 0x5d, 0xe7, 0x3d, 0xef, 0x3d, 0xef, 0x3d, 0xef, 0x3d, 0xe7, 0x3d, 0xef,
    0x3d, 0xef, 0x3d, 0xef, 0x3d, 0xe7, 0x3d, 0xe7, 0x5e, 0xef, 0xdf, 0xff, 0x1c, 0xdf, 0xf5, 0x9c,
    0xf5, 0x9c, 0x9b, 0xd6, 0xdb, 0xde, 0x3d, 0xe7, 0xdf, 0xff, 0xfc, 0xde, 0x52, 0x8c, 0x72, 0x8c,
    0x32, 0x84, 0xf1, 0x7b, 0xbb, 0xd6, 0xff, 0xff, 0x3d, 0xe7, 0xdc, 0xde, 0x9a, 0xd6, 0xf5, 0x9c,
    0xd4, 0x9c, 0x1c, 0xdf, 0xdf, 0xff, 0x7e, 0xef, 0x3d, 0xe7, 0x3d, 0xe7, 0x3d, 0xe7, 0x3d, 0xef,
    0x3d, 0xef, 0x3d, 0xef, 0x3d, 0xef, 0x5d, 0xef, 0x5d, 0xe7, 0x3e, 0xe7, 0x7e, 0xef, 0x32, 0x5b,
    0x4e, 0x11, 0x76, 0x8c, 0x7e, 0xf7, 0x1d, 0xe7, 0x3d, 0xe7, 0x3d, 0xe7, 0x3d, 0xe7, 0x3d, 0xe7,
    0x1d, 0xe7, 0x9e, 0xf7, 0xf7, 0x9c, 0xae, 0x21, 0x30, 0x3a, 0x71, 0x3a, 0x50, 0x3a, 0x3b, 0xbe,
    0xbf, 0xff, 0x99, 0xa5, 0x11, 0x2a, 0x95, 0x63, 0x7e, 0xef, 0x5d, 0xef, 0x5d, 0xef, 0x3d, 0xef,
    0x3d, 0xef, 0x5d, 0xe7, 0x3d, 0xef, 0x3d, 0xef, 0x3d, 0xef, 0x3d, 0xef, 0x3d, 0xef, 0x3d, 0xef,
    0x3d, 0xef, 0x3d, 0xe7, 0x3d, 0xef, 0x3d, 0xef, 0x3d, 0xef, 0x3d, 0xef, 0x7e, 0xef, 0x9e, 0xf7,
    0x7e, 0xf7, 0x9e, 0xf7, 0x1d, 0xe7, 0x75, 0x43, 0x15, 0x33, 0x92, 0x3a, 0x31, 0x3a, 0x71, 0x3a,
    0x31, 0x32, 0x94, 0x63, 0x5d, 0xef, 0x3d, 0xe7, 0xd0, 0x52, 0x6b, 0x21, 0xac, 0x29, 0x8c, 0x29,
    0x8c, 0x29, 0x8c, 0x29, 0x8c, 0x29, 0xf9, 0xbd, 0x7e, 0xef, 0x3d, 0xe7, 0x3d, 0xef, 0x3d, 0xef,
    0x3d, 0xef, 0x3d, 0xef, 0x3d, 0xe7, 0x9e, 0xf7, 0x16, 0x7c, 0xd0, 0x29, 0x56, 0x84, 0x7e, 0xf7,
    0x3d, 0xe7, 0x3d, 0xef, 0x5d, 0xe7, 0x5d, 0xe7, 0x3d, 0xef, 0x3d, 0xef, 0x3d, 0xef, 0x3d, 0xef,
    0x3d, 0xef, 0x3d, 0xef, 0x3d, 0xef, 0x3d, 0xe7, 0x5e, 0xef, 0xdf, 0xff, 0xfc, 0xde, 0xd4, 0x9c,
    0xf5, 0x9c, 0x7a, 0xd6, 0xdb, 0xde, 0x3d, 0xe7, 0xdf, 0xff, 0xfc, 0xde, 0x52, 0x8c, 0x72, 0x8c,
    0x32, 0x84, 0xf1, 0x7b, 0xbb, 0xd6, 0xff, 0xff, 0x3d, 0xe7, 0xdc, 0xde, 0x9a, 0xd6, 0xf5, 0x9c,
    0xd4, 0x9c, 0x1c, 0xdf, 0xdf, 0xff, 0x7e, 0xef, 0x3d, 0xe7, 0x3d, 0xe7, 0x3d, 0xe7, 0x3d, 0xef,
    0x3d, 0xef, 0x3d, 0xef, 0x3d, 0xe7, 0x7e, 0xef, 0x9c, 0xce, 0x12, 0x5b, 0x53, 0x63, 0x58, 0xa5,
    0x78, 0xa5, 0x7b, 0xce, 0x5d, 0xef, 0x3d, 0xe7, 0x3d, 0xef, 0x3d, 0xef, 0x3d, 0xef, 0x3d, 0xef,
    0x3d, 0xef, 0x5d, 0xef, 0xdc, 0xd6, 0x1a, 0xc6, 0x5b, 0xc6, 0x5b, 0xce, 0x7b, 0xc6, 0x15, 0x74,
    0x12, 0x5b, 0x33, 0x53, 0x72, 0x3a, 0xf2, 0x42, 0x78, 0x74, 0x98, 0x74, 0x9c, 0xce, 0x5d, 0xef,
    0x3d, 0xe7, 0x3d, 0xe7, 0x3d, 0xe7, 0x3d, 0xe7, 0x3d, 0xef, 0x3d, 0xef, 0x3d, 0xef, 0x3d, 0xef,
    0x3d, 0xef, 0x3d, 0xe7, 0x3d, 0xef, 0x3d, 0xef, 0x3d, 0xe7, 0x5d, 0xef, 0x99, 0xa5, 0xb7, 0x8c,
    0xf8, 0x8c, 0xf9, 0x84, 0x3a, 0x95, 0x1b, 0xb6, 0x1b, 0xbe, 0xfa, 0xb5, 0xfa, 0xbd, 0xf8, 0x94,
    0xb3, 0x32, 0xd6, 0x5b, 0x3d, 0xe7, 0x3d, 0xe7, 0x7b, 0xce, 0x3a, 0xc6, 0x3a, 0xc6, 0x3a, 0xc6,
    0x3a, 0xc6, 0x3a, 0xc6, 0x3a, 0xc6, 0x1c, 0xdf, 0x5d, 0xef, 0x3d, 0xef, 0x3d, 0xef, 0x5d, 0xef,
    0x3d, 0xef, 0x3d, 0xef, 0x3d, 0xef, 0x5d, 0xef, 0x9b, 0xd6, 0x7b, 0xce, 0x99, 0xad, 0x34, 0x53,
    0xd4, 0x6b, 0x1d, 0xe7, 0x5d, 0xef, 0x3d, 0xef, 0x3d, 0xef, 0x3d, 0xef, 0x3d, 0xef, 0x3d, 0xef,
    0x3d, 0xef, 0x3d, 0xef, 0x3d, 0xef, 0x3d, 0xe7, 0x5e, 0xef, 0xdf, 0xff, 0xfc, 0xde, 0xf5, 0x9c,
    0xf5, 0x9c, 0x7a, 0xd6, 0xdb, 0xde, 0x3d, 0xe7, 0xdf, 0xff, 0xfc, 0xde, 0x52, 0x8c, 0x72, 0x8c,
    0x32, 0x84, 0xf1, 0x7b, 0xbb, 0xd6, 0xff, 0xff, 0x3d, 0xef, 0xdb, 0xde, 0x9a, 0xd6, 0xf5, 0x9c,
    0xf4, 0x9c, 0xfc, 0xde, 0xdf, 0xff, 0x7e, 0xef, 0x3d, 0xe7, 0x3d, 0xef, 0x3d, 0xef, 0x3d, 0xef,
    0x3d, 0xef, 0x3d, 0xef, 0x3d, 0xe7, 0x7e, 0xf7, 0x5b, 0xc6, 0xef, 0x31, 0x51, 0x3a, 0xfd, 0xde,
    0xbe, 0xf7, 0x5d, 0xef, 0x3d, 0xe7, 0x3d, 0xef, 0x3d, 0xef, 0x5d, 0xef, 0x3d, 0xef, 0x3d, 0xef,
    0x3d, 0xef, 0x3d, 0xef, 0x5d, 0xef, 0x7e, 0xef, 0x7e, 0xef, 0x7d, 0xef, 0x9e, 0xf7, 0x12, 0x53,
    0x6e, 0x19, 0x11, 0x32, 0x93, 0x42, 0xb3, 0x3a, 0xd5, 0x32, 0xd4, 0x2a, 0x5b, 0xbe, 0xbe, 0xff,
    0x7d, 0xf7, 0x9e, 0xf7, 0x7d, 0xef, 0x3d, 0xef, 0x3d, 0xef, 0x3d, 0xef, 0x3d, 0xef, 0x3d, 0xef,
    0x3d, 0xef, 0x3d, 0xef, 0x3d, 0xef, 0x5d, 0xe7, 0x7d, 0xef, 0xbf, 0xff, 0xf5, 0x6b, 0xd0, 0x19,
    0x93, 0x32, 0xd5, 0x2a, 0x55, 0x43, 0x3e, 0xe7, 0x7d, 0xf7, 0x5d, 0xef, 0xbe, 0xf7, 0x3b, 0xbe,
    0xd4, 0x32, 0xb6, 0x5b, 0x3d, 0xe7, 0x5d, 0xef, 0x7d, 0xef, 0x7e, 0xf7, 0x7e, 0xef, 0x7e, 0xef,
    0x7e, 0xef, 0x7e, 0xef, 0x7e, 0xef, 0x5d, 0xef, 0x3d, 0xef, 0x3d, 0xef, 0x3d, 0xef, 0x5d, 0xef,
    0x3d, 0xef, 0x3d, 0xef, 0x3d, 0xef, 0x3d, 0xef, 0x5d, 0xef, 0xbe, 0xff, 0xb9, 0xb5, 0x11, 0x2a,
    0xf3, 0x4a, 0x1d, 0xdf, 0x5d, 0xef, 0x3d, 0xef, 0x3d, 0xef, 0x3d, 0xef, 0x3d, 0xef, 0x3d, 0xef,
    0x3d, 0xe7, 0x3d, 0xef, 0x3d, 0xe7, 0x3d, 0xe7, 0x5e, 0xef, 0xdf, 0xff, 0xfc, 0xe6, 0xf5, 0x9c,
    0xf5, 0x9c, 0x7a, 0xd6, 0xdb, 0xde, 0x3d, 0xe7, 0xdf, 0xff, 0xfc, 0xde, 0x52, 0x8c, 0x72, 0x8c,
    0x32, 0x84, 0xf1, 0x7b, 0xbb, 0xd6, 0xff, 0xff, 0x3d, 0xef, 0xdc, 0xde, 0x9a, 0xd6, 0xf5, 0x9c,
    0xf4, 0x9c, 0xfc, 0xe6, 0xdf, 0xff, 0x7e, 0xef, 0x3d, 0xe7, 0x3d, 0xef, 0x3d, 0xef, 0x3d, 0xef,
    0x3d, 0xef, 0x3d, 0xef, 0x3d, 0xe7, 0x7e, 0xef, 0x3b, 0xc6, 0xad, 0x21, 0xcd, 0x29, 0x9b, 0xce,
    0x5e, 0xef, 0x3d, 0xe7, 0x3d, 0xef, 0x3d, 0xef, 0x3d, 0xef, 0x3d, 0xef, 0x3d, 0xef, 0x3d, 0xef,
    0x3d, 0xef, 0x3d, 0xef, 0x3d, 0xe7, 0x3d, 0xe7, 0x3d, 0xe7, 0x3d, 0xe7, 0x5d, 0xef, 0x58, 0xa5,
    0xf7, 0x94, 0x36, 0x7c, 0x52, 0x32, 0x13, 0x53, 0x7a, 0x9d, 0x39, 0x95, 0xdb, 0xad, 0xfb, 0xb5,
    0xba, 0xad, 0x59, 0x9d, 0xda, 0xb5, 0x5d, 0xef, 0x3d, 0xe7, 0x3d, 0xe7, 0x3d, 0xe7, 0x3d, 0xe7,
    0x3d, 0xe7, 0x3d, 0xe7, 0x5d, 0xe7, 0x1d, 0xe7, 0xfb, 0xb5, 0xda, 0xad, 0xf8, 0x94, 0x76, 0x84,
    0xb8, 0x84, 0xd9, 0x84, 0x38, 0x8d, 0x1d, 0xe7, 0x3d, 0xef, 0x1d, 0xe7, 0x5e, 0xef, 0xdb, 0xb5,
    0x93, 0x32, 0x75, 0x53, 0x3d, 0xe7, 0x5d, 0xef, 0x3d, 0xe7, 0x3d, 0xe7, 0x3d, 0xe7, 0x3d, 0xe7,
    0x3d, 0xe7, 0x3d, 0xe7, 0x3d, 0xe7, 0x3d, 0xef, 0x3d, 0xef, 0x3d, 0xef, 0x3d, 0xef, 0x3d, 0xef,
    0x3d, 0xef, 0x3d, 0xef, 0x3d, 0xef, 0x3d, 0xef, 0x3d, 0xe7, 0x7e, 0xf7, 0xba, 0xad, 0x31, 0x32,
    0x13, 0x53, 0x1d, 0xe7, 0x5d, 0xef, 0x3d, 0xe7, 0x3d, 0xef, 0x3d, 0xef, 0x3d, 0xef, 0x3d, 0xef,
    0x3d, 0xef, 0x3d, 0xe7, 0x3d, 0xe7, 0x3d, 0xe7, 0x5e, 0xef, 0xde, 0xff, 0xfc, 0xe6, 0xf5, 0x9c,
    0xf5, 0x9c, 0x7a, 0xd6, 0xdb, 0xde, 0x3d, 0xe7, 0xdf, 0xff, 0xfc, 0xde, 0x52, 0x8c, 0x72, 0x8c,
    0x32, 0x84, 0xf1, 0x7b, 0x9b, 0xd6, 0xff, 0xff, 0x3d, 0xe7, 0xdb, 0xde, 0x9a, 0xd6, 0xf5, 0x9c,
    0xf5, 0x9c, 0x1c, 0xe7, 0xdf, 0xff, 0x7d, 0xef, 0x3d, 0xe7, 0x3d, 0xef, 0x3d, 0xe7, 0x3d, 0xef,
    0x3d, 0xef, 0x3d, 0xef, 0x3d, 0xe7, 0x9e, 0xf7, 0xf9, 0xbd, 0x0a, 0x11, 0x6a, 0x19, 0x5a, 0xce,
    0x7e, 0xef, 0x3d, 0xe7, 0x3d, 0xef, 0x3d, 0xef, 0x3d, 0xef, 0x3d, 0xef, 0x3d, 0xef, 0x3d, 0xef,
    0x3d, 0xef, 0x3d, 0xef, 0x3d, 0xef, 0x3d, 0xef, 0x3d, 0xef, 0x3d, 0xef, 0x3d, 0xef, 0x7e, 0xef,
    0xdf, 0xff, 0xda, 0xb5, 0x11, 0x2a, 0x74, 0x5b, 0x7e, 0xef, 0x9f, 0xf7, 0xf6, 0x63, 0xb3, 0x32,
    0xb3, 0x32, 0xf0, 0x29, 0xd5, 0x63, 0x7e, 0xef, 0x5d, 0xef, 0x7d, 0xef, 0x7d, 0xef, 0x7d, 0xef,
    0x7e, 0xef, 0x5d, 0xef, 0x7e, 0xef, 0x1d, 0xe7, 0x55, 0x43, 0xb3, 0x22, 0x3b, 0xbe, 0xbe, 0xff,
    0x7e, 0xef, 0x7e, 0xf7, 0x7e, 0xef, 0x3d, 0xef, 0x3d, 0xe7, 0x3d, 0xe7, 0x7e, 0xf7, 0xda, 0xb5,
    0x32, 0x32, 0x54, 0x53, 0x1d, 0xe7, 0x3d, 0xef, 0x3d, 0xe7, 0x3d, 0xe7, 0x3d, 0xe7, 0x3d, 0xe7,
    0x3d, 0xef, 0x3d, 0xef, 0x3d, 0xef, 0x3d, 0xef, 0x3d, 0xef, 0x3d, 0xef, 0x3d, 0xef, 0x3d, 0xef,
    0x3d, 0xef, 0x3d, 0xef, 0x3d, 0xef, 0x3d, 0xef, 0x3d, 0xe7, 0x9e, 0xf7, 0xba, 0xad, 0x31, 0x2a,
    0x13, 0x53, 0x1d, 0xe7, 0x5d, 0xef, 0x3d, 0xe7, 0x3d, 0xef, 0x3d, 0xef, 0x3d, 0xef, 0x3d, 0xef,
    0x3d, 0xef, 0x3d, 0xef, 0x3d, 0xef, 0x3d, 0xe7, 0x5d, 0xef, 0xdf, 0xff, 0xfc, 0xe6, 0xd5, 0x9c,
    0xf4, 0x9c, 0x7a, 0xce, 0xdb, 0xde, 0x3d, 0xe7, 0xdf, 0xff, 0xfc, 0xde, 0x52, 0x8c, 0x73, 0x8c,
    0x32, 0x84, 0xf1, 0x7b, 0x9b, 0xd6, 0xff, 0xff, 0x3d, 0xe7, 0xdb, 0xde, 0x9a, 0xd6, 0xf5, 0x9c,
    0xf5, 0x9c, 0xfc, 0xde, 0xbf, 0xff, 0x7d, 0xef, 0x3d, 0xe7, 0x3d, 0xe7, 0x3d, 0xef, 0x3d, 0xef,
    0x3d, 0xef, 0x3d, 0xef, 0x3d, 0xe7, 0x7e, 0xf7, 0x1a, 0xbe, 0x4b, 0x19, 0x8b, 0x21, 0x7b, 0xce,
    0x7e, 0xef, 0x3d, 0xe7, 0x3d, 0xef, 0x3d, 0xef, 0x3d, 0xef, 0x3d, 0xef, 0x3d, 0xef, 0x3d, 0xef,
    0x3d, 0xef, 0x3d, 0xef, 0x3d, 0xef, 0x3d, 0xef, 0x3d, 0xef, 0x3d, 0xef, 0x3d, 0xef, 0x3c, 0xe7,
    0x7e, 0xf7, 0x99, 0xad, 0x32, 0x2a, 0x94, 0x5b, 0x3d, 0xe7, 0x5d, 0xe7, 0x56, 0x74, 0x14, 0x53,
    0x74, 0x5b, 0x54, 0x53, 0x56, 0x7c, 0xfe, 0xde, 0xdd, 0xd6, 0x7c, 0xc6, 0x7c, 0xc6, 0x9c, 0xce,
    0x7b, 0xc6, 0x7c, 0xce, 0x9c, 0xce, 0x9c, 0xc6, 0x57, 0x6c, 0xd6, 0x5b, 0x3c, 0xbe, 0x5d, 0xef,
    0x3d, 0xe7, 0x3c, 0xe7, 0x3c, 0xef, 0x3d, 0xe7, 0x3d, 0xef, 0x3d, 0xe7, 0x7e, 0xf7, 0xda, 0xb5,
    0x52, 0x32, 0x75, 0x5b, 0x3d, 0xe7, 0x3d, 0xef, 0x3d, 0xe7, 0x3d, 0xe7, 0x3d, 0xe7, 0x3d, 0xe7,
    0x3d, 0xef, 0x3d, 0xe7, 0x3d, 0xef, 0x3d, 0xef, 0x3d, 0xef, 0x3d, 0xef, 0x3d, 0xef, 0x3d, 0xef,
    0x3d, 0xef, 0x3d, 0xef, 0x3d, 0xef, 0x3d, 0xef, 0x3d, 0xe7, 0x7e, 0xf7, 0xba, 0xb5, 0x31, 0x32,
    0x13, 0x53, 0x1d, 0xe7, 0x5d, 0xef, 0x3d, 0xe7, 0x3d, 0xef, 0x3d, 0xef, 0x3d, 0xef, 0x3d, 0xef,
    0x3d, 0xef, 0x3d, 0xef, 0x3d, 0xef, 0x3d, 0xe7, 0x5d, 0xef, 0xde, 0xff, 0x1c, 0xe7, 0xf5, 0x9c,
    0xf5, 0x9c, 0x7a, 0xce, 0xbb, 0xde, 0x3d, 0xe7, 0xdf, 0xff, 0xfc, 0xde, 0x52, 0x8c, 0x73, 0x8c,
    0x32, 0x84, 0xf1, 0x7b, 0xbb, 0xd6, 0xff, 0xff, 0x3d, 0xe7, 0xdb, 0xde, 0x9a, 0xd6, 0xf5, 0x9c,
    0xf4, 0x9c, 0xfc, 0xde, 0xdf, 0xff, 0x7e, 0xef, 0x3d, 0xe7, 0x3d, 0xef, 0x3d, 0xe7, 0x3d, 0xef,
    0x3d, 0xef, 0x3d, 0xef, 0x3d, 0xe7, 0x7e, 0xf7, 0x1a, 0xbe, 0x8c, 0x21, 0xcd, 0x29, 0x9b, 0xd6,
    0x7e, 0xf7, 0x3d, 0xef, 0x3d, 0xef, 0x3d, 0xef, 0x3d, 0xef, 0x3d, 0xef, 0x3d, 0xef, 0x3d, 0xef,
    0x3d, 0xef, 0x3d, 0xef, 0x3d, 0xef, 0x3d, 0xef, 0x3d, 0xef, 0x3d, 0xef, 0x3d, 0xef, 0x3d, 0xe7,
    0x7e, 0xf7, 0xba, 0xad, 0xb4, 0x32, 0xd6, 0x5b, 0x3e, 0xef, 0x3d, 0xef, 0x1d, 0xe7, 0x1d, 0xe7,
    0x1d, 0xe7, 0x5e, 0xe7, 0x3b, 0xbe, 0xd6, 0x53, 0xd7, 0x4b, 0x76, 0x43, 0x96, 0x43, 0x35, 0x43,
    0xd3, 0x3a, 0x35, 0x43, 0xb7, 0x43, 0xd8, 0x4b, 0xdd, 0xde, 0x3d, 0xe7, 0x3d, 0xe7, 0x3d, 0xef,
    0x3d, 0xef, 0x3d, 0xe7, 0x3d, 0xef, 0x3d, 0xef, 0x3d, 0xef, 0x3d, 0xe7, 0x7e, 0xf7, 0xfa, 0xb5,
    0xb3, 0x32, 0xb6, 0x5b, 0x3d, 0xe7, 0x3d, 0xef, 0x3d, 0xe7, 0x3d, 0xef, 0x3d, 0xef, 0x3d, 0xe7,
    0x3d, 0xe7, 0x3d, 0xef, 0x3d, 0xef, 0x3d, 0xef, 0x3d, 0xef, 0x3d, 0xef, 0x3d, 0xef, 0x3d, 0xef,
    0x3d, 0xef, 0x3d, 0xef, 0x3d, 0xef, 0x3d, 0xef, 0x5d, 0xef, 0xbe, 0xf7, 0xba, 0xb5, 0x11, 0x2a,
    0xf3, 0x4a, 0x1d, 0xe7, 0x5d, 0xef, 0x3d, 0xe7, 0x3d, 0xef, 0x3d, 0xef, 0x3d, 0xef, 0x3d, 0xef,
    0x3d, 0xef, 0x3d, 0xef, 0x3d, 0xef, 0x3d, 0xe7, 0x5e, 0xef, 0xde, 0xff, 0x1c, 0xe7, 0xf5, 0x9c,
    0xf5, 0x9c, 0x7a, 0xce, 0xbb, 0xde, 0x3d, 0xe7, 0xdf, 0xff, 0xfc, 0xde, 0x52, 0x8c, 0x72, 0x8c,
    0x32, 0x84, 0x11, 0x84, 0xbb, 0xd6, 0xff, 0xff, 0x3d, 0xe7, 0xdb, 0xde, 0x9a, 0xd6, 0xf5, 0xa4,
    0xf4, 0x9c, 0x1c, 0xdf, 0xdf, 0xff, 0x7e, 0xef, 0x3d, 0xe7, 0x3d, 0xef, 0x3d, 0xe7, 0x3d, 0xef,
    0x3d, 0xef, 0x3d, 0xef, 0x3d, 0xe7, 0x7e, 0xf7, 0x1a, 0xbe, 0xcc, 0x29, 0x2e, 0x32, 0x5b, 0xc6,
    0x1d, 0xdf, 0x1d, 0xe7, 0x5d, 0xef, 0x3d, 0xef, 0x3d, 0xef, 0x3d, 0xef, 0x3d, 0xef, 0x3d, 0xef,
    0x3d, 0xef, 0x3d, 0xef, 0x3d, 0xef, 0x3d, 0xef, 0x3d, 0xef, 0x3d, 0xef, 0x3d, 0xef, 0x3d, 0xe7,
    0x7e, 0xf7, 0xba, 0xad, 0xb4, 0x32, 0xf6, 0x63, 0x3d, 0xe7, 0x3d, 0xef, 0x5d, 0xef, 0x5d, 0xef,
    0x3d, 0xef, 0x7e, 0xf7, 0x3b, 0xc6, 0xb3, 0x3a, 0xf4, 0x3a, 0x76, 0x43, 0x96, 0x43, 0x15, 0x3b,
    0xd4, 0x3a, 0x35, 0x43, 0xb8, 0x43, 0x17, 0x54, 0xfd, 0xde, 0x5d, 0xef, 0x3d, 0xef, 0x3d, 0xef,
    0x3d, 0xef, 0x3d, 0xef, 0x3d, 0xef, 0x3d, 0xef, 0x3d, 0xef, 0x3d, 0xe7, 0x7e, 0xf7, 0xfb, 0xb5,
    0xb3, 0x32, 0xb6, 0x5b, 0x3d, 0xe7, 0x5d, 0xef, 0x3d, 0xef, 0x3d, 0xef, 0x3d, 0xef, 0x3d, 0xef,
    0x3d, 0xe7, 0x3d, 0xe7, 0x3d, 0xe7, 0x3d, 0xef, 0x3d, 0xef, 0x3d, 0xef, 0x3d, 0xef, 0x3d, 0xef,
    0x3d, 0xef, 0x3d, 0xef, 0x3d, 0xef, 0x5d, 0xef, 0xfc, 0xde, 0x1d, 0xdf, 0x99, 0xad, 0xb2, 0x42,
    0x94, 0x63, 0x1d, 0xe7, 0x5d, 0xef, 0x3d, 0xe7, 0x3d, 0xef, 0x3d, 0xef, 0x3d, 0xef, 0x3d, 0xef,
    0x3d, 0xef, 0x3d, 0xef, 0x3d, 0xef, 0x3d, 0xe7, 0x5e, 0xef, 0xdf, 0xff, 0x1c, 0xdf, 0xd4, 0x9c,
    0xf5, 0x9c, 0x7a, 0xce, 0xbb, 0xde, 0x3d, 0xe7, 0xdf, 0xff, 0xfc, 0xde, 0x52, 0x8c, 0x52, 0x8c,
    0x32, 0x84, 0xf1, 0x7b, 0xbb, 0xd6, 0xff, 0xff, 0x3d, 0xe7, 0xdb, 0xde, 0x9a, 0xd6, 0xf5, 0x9c,
    0xf4, 0x9c, 0xfc, 0xde, 0xdf, 0xff, 0x7e, 0xef, 0x3d, 0xe7, 0x3d, 0xe7, 0x3d, 0xe7, 0x3d, 0xef,
    0x3d, 0xef, 0x3d, 0xef, 0x3d, 0xef, 0x5d, 0xef, 0x3d, 0xe7, 0x9b, 0xd6, 0x9b, 0xce, 0x32, 0x53,
    0x2f, 0x3a, 0x98, 0xad, 0x9e, 0xf7, 0x3d, 0xe7, 0x3d, 0xef, 0x3d, 0xef, 0x3d, 0xe7, 0x3d, 0xef,
    0x3d, 0xef, 0x3d, 0xef, 0x3d, 0xef, 0x3d, 0xef, 0x3d, 0xef, 0x3d, 0xef, 0x3d, 0xef, 0x3d, 0xe7,
    0x9e, 0xf7, 0x7a, 0xa5, 0xd4, 0x32, 0xf6, 0x63, 0x5e, 0xe7, 0x5d, 0xef, 0x3d, 0xef, 0x3d, 0xef,
    0x3d, 0xe7, 0x5d, 0xef, 0x1c, 0xdf, 0x5b, 0xc6, 0x5b, 0xc6, 0x7c, 0xc6, 0xbc, 0xce, 0xd9, 0x7c,
    0x36, 0x33, 0xd9, 0x74, 0xbc, 0xce, 0xdd, 0xce, 0x1d, 0xe7, 0x3d, 0xe7, 0x3d, 0xe7, 0x3d, 0xef,
    0x3d, 0xef, 0x3d, 0xef, 0x3d, 0xef, 0x3d, 0xef, 0x3d, 0xef, 0x3d, 0xe7, 0x7e, 0xf7, 0xfb, 0xb5,
    0xb3, 0x32, 0xb6, 0x5b, 0x3d, 0xe7, 0x5d, 0xef, 0x3d, 0xef, 0x3d, 0xef, 0x3d, 0xef, 0x3d, 0xef,
    0x3d, 0xe7, 0x3d, 0xef, 0x3d, 0xef, 0x3d, 0xef, 0x3d, 0xef, 0x3d, 0xef, 0x3d, 0xe7, 0x3d, 0xef,
    0x3d, 0xef, 0x3d, 0xef, 0x3d, 0xe7, 0x7e, 0xf7, 0x97, 0x84, 0x51, 0x3a, 0x36, 0x7c, 0x5e, 0xe7,
    0x1d, 0xdf, 0x3c, 0xef, 0x3d, 0xef, 0x3d, 0xef, 0x3d, 0xef, 0x3d, 0xef, 0x3d, 0xef, 0x3d, 0xef,
    0x3d, 0xef, 0x3d, 0xef, 0x3d, 0xef, 0x3d, 0xe7, 0x5e, 0xef, 0xbe, 0xf7, 0xfc, 0xde, 0xd5, 0x9c,
    0xf5, 0x9c, 0x7a, 0xce, 0xbb, 0xde, 0x3d, 0xe7, 0xdf, 0xff, 0xfc, 0xde, 0x52, 0x8c, 0x52, 0x8c,
    0x32, 0x84, 0xf1, 0x7b, 0xbb, 0xd6, 0xff, 0xff, 0x3d, 0xe7, 0xdb, 0xde, 0x9a, 0xce, 0xf5, 0x9c,
    0xd4, 0x9c, 0xfc, 0xde, 0xdf, 0xff, 0x7e, 0xef, 0x3d, 0xe7, 0x3d, 0xef, 0x3d, 0xef, 0x3d, 0xef,
    0x3d, 0xef, 0x3d, 0xef, 0x3d, 0xef, 0x3d, 0xef, 0x3d, 0xef, 0x7d, 0xf7, 0x3d, 0xe7, 0xb1, 0x42,
    0x8f, 0x21, 0x58, 0xa5, 0x9e, 0xf7, 0x3d, 0xe7, 0x3d, 0xef, 0x3d, 0xe7, 0x3d, 0xef, 0x3d, 0xef,
    0x3d, 0xef, 0x3d, 0xef, 0x3d, 0xef, 0x3d, 0xe7, 0x3d, 0xef, 0x3d, 0xef, 0x3d, 0xef, 0x3d, 0xe7,
    0x9e, 0xf7, 0x79, 0x9d, 0xd5, 0x32, 0x17, 0x64, 0x5e, 0xe7, 0x5d, 0xef, 0x3d, 0xef, 0x3d, 0xef,
    0x3d, 0xef, 0x3d, 0xef, 0x5d, 0xef, 0xbe, 0xf7, 0xbe, 0xf7, 0x9e, 0xf7, 0xff, 0xff, 0x5a, 0x8d,
    0xf5, 0x22, 0xf9, 0x7c, 0xff, 0xff, 0x9e, 0xf7, 0x9e, 0xef, 0x7e, 0xf7, 0x5d, 0xef, 0x3d, 0xe7,
    0x5d, 0xef, 0x5d, 0xef, 0x3d, 0xef, 0x3d, 0xef, 0x3d, 0xef, 0x3d, 0xe7, 0x7e, 0xf7, 0xfb, 0xb5,
    0xb3, 0x32, 0xb6, 0x5b, 0x3d, 0xe7, 0x5d, 0xef, 0x3d, 0xef, 0x3d, 0xef, 0x3d, 0xef, 0x3d, 0xef,
    0x3d, 0xe7, 0x3d, 0xef, 0x3d, 0xef, 0x3d, 0xef, 0x3d, 0xef, 0x3d, 0xef, 0x3d, 0xef, 0x3d, 0xe7,
    0x3d, 0xef, 0x3d, 0xef, 0x3d, 0xe7, 0x9e, 0xf7, 0x56, 0x7c, 0xf1, 0x21, 0x36, 0x74, 0x9e, 0xf7,
    0x3d, 0xe7, 0x3d, 0xe7, 0x5d, 0xe7, 0x3d, 0xef, 0x3d, 0xef, 0x3d, 0xe7, 0x3d, 0xef, 0x3d, 0xef,
    0x3d, 0xef, 0x3d, 0xef, 0x3d, 0xef, 0x3d, 0xe7, 0x5e, 0xef, 0xbe, 0xf7, 0x1c, 0xe7, 0xf5, 0x9c,
    0xf5, 0x9c, 0x7a, 0xd6, 0xdb, 0xde, 0x3d, 0xe7, 0xdf, 0xff, 0xfc, 0xde, 0x52, 0x8c, 0x72, 0x8c,
    0x31, 0x84, 0xf1, 0x7b, 0xbb, 0xd6, 0xff, 0xff, 0x3d, 0xe7, 0xdb, 0xde, 0x9a, 0xce, 0xf5, 0x9c,
    0xd4, 0x9c, 0xfc, 0xde, 0xdf, 0xff, 0x7e, 0xef, 0x3d, 0xe7, 0x3d, 0xe7, 0x3d, 0xef, 0x3d, 0xef,
    0x3d, 0xef, 0x3d, 0xef, 0x3d, 0xef, 0x3d, 0xef, 0x3d, 0xe7, 0x3d, 0xef, 0x1d, 0xdf, 0xf2, 0x4a,
    0xf0, 0x29, 0x78, 0xa5, 0x9e, 0xf7, 0x3d, 0xe7, 0x3d, 0xef, 0x3d, 0xef, 0x3d, 0xef, 0x3d, 0xe7,
    0x3d, 0xe7, 0x3d, 0xe7, 0x3d, 0xef, 0x3d, 0xef, 0x3d, 0xef, 0x3d, 0xef, 0x3d, 0xef, 0x3d, 0xe7,
    0x7e, 0xf7, 0xba, 0x9d, 0x36, 0x33, 0x58, 0x64, 0x5d, 0xef, 0x5d, 0xef, 0x5d, 0xe7, 0x3d, 0xef,
    0x3d, 0xe7, 0x5d, 0xef, 0xbd, 0xd6, 0x1a, 0x85, 0x5a, 0x8d, 0xf9, 0x8c, 0xb8, 0x84, 0x79, 0x95,
    0xfb, 0xad, 0x9a, 0x9d, 0xd8, 0x84, 0xd8, 0x84, 0x7a, 0x8d, 0x5a, 0x8d, 0xbc, 0xc6, 0x5d, 0xef,
    0x3d, 0xe7, 0x3d, 0xe7, 0x3d, 0xe7, 0x3d, 0xe7, 0x3d, 0xef, 0x3d, 0xe7, 0x9e, 0xf7, 0xfa, 0xb5,
    0xb3, 0x32, 0xd6, 0x5b, 0x1d, 0xe7, 0x3d, 0xe7, 0x3d, 0xef, 0x3d, 0xef, 0x3d, 0xef, 0x3d, 0xef,
    0x3d, 0xe7, 0x3d, 0xef, 0x3d, 0xef, 0x3d, 0xef, 0x3d, 0xef, 0x3d, 0xef, 0x3d, 0xef, 0x3d, 0xef,
    0x5d, 0xe7, 0x3d, 0xef, 0x1d, 0xe7, 0x7e, 0xef, 0x56, 0x7c, 0x11, 0x2a, 0x36, 0x7c, 0x7e, 0xef,
    0x3d, 0xe7, 0x3d, 0xe7, 0x3d, 0xe7, 0x3d, 0xef, 0x3d, 0xe7, 0x3d, 0xe7, 0x3d, 0xe7, 0x3d, 0xef,
    0x3d, 0xef, 0x3d, 0xef, 0x3d, 0xef, 0x3d, 0xe7, 0x7e, 0xef, 0xdf, 0xff, 0x1c, 0xe7, 0xf5, 0x9c,
    0xf5, 0x9c, 0x7a, 0xd6, 0xdb, 0xde, 0x3d, 0xe7, 0xdf, 0xff, 0xfc, 0xde, 0x52, 0x8c, 0x52, 0x8c,
    0x31, 0x84, 0xf1, 0x7b, 0xbb, 0xd6, 0xff, 0xff, 0x3d, 0xe7, 0xdb, 0xde, 0x9a, 0xce, 0xf5, 0x9c,
    0xd4, 0x9c, 0xfc, 0xde, 0xdf, 0xff, 0x7e, 0xef, 0x3d, 0xe7, 0x3d, 0xe7, 0x3d, 0xef, 0x3d, 0xef,
    0x3d, 0xef, 0x3d, 0xef, 0x3d, 0xef, 0x3d, 0xef, 0x3d, 0xe7, 0x5d, 0xef, 0x1d, 0xe7, 0xf3, 0x52,
    0xf0, 0x29, 0x79, 0xa5, 0x9e, 0xf7, 0x3d, 0xe7, 0x3d, 0xef, 0x3d, 0xef, 0x3d, 0xef, 0x3d, 0xe7,
    0x3d, 0xe7, 0x3d, 0xe7, 0x3d, 0xef, 0x3d, 0xef, 0x3d, 0xef, 0x3d, 0xef, 0x3d, 0xef, 0x3d, 0xe7,
    0x7e, 0xf7, 0xbb, 0xa5, 0x57, 0x33, 0x78, 0x64, 0x5d, 0xe7, 0x3d, 0xef, 0x3d, 0xe7, 0x3d, 0xef,
    0x5d, 0xef, 0x9d, 0xff, 0x9c, 0xc6, 0x77, 0x33, 0x77, 0x33, 0xf4, 0x2a, 0x73, 0x22, 0x79, 0x9d,
    0xff, 0xff, 0xda, 0xad, 0x53, 0x22, 0xd4, 0x2a, 0x77, 0x33, 0x57, 0x2b, 0x5c, 0xb6, 0xbe, 0xff,
    0x7d, 0xf7, 0x9d, 0xf7, 0x7e, 0xf7, 0x5d, 0xef, 0x3d, 0xef, 0x3d, 0xe7, 0x9e, 0xf7, 0xda, 0xad,
    0x93, 0x2a, 0x96, 0x53, 0x5e, 0xf7, 0x7d, 0xf7, 0x5d, 0xef, 0x3d, 0xef, 0x3d, 0xef, 0x3d, 0xef,
    0x3d, 0xe7, 0x3d, 0xe7, 0x3d, 0xe7, 0x3d, 0xef, 0x3d, 0xef, 0x3d, 0xef, 0x3d, 0xef, 0x3d, 0xef,
    0x5d, 0xe7, 0x3d, 0xef, 0x7e, 0xef, 0xdf, 0xff, 0x36, 0x7c, 0xb0, 0x19, 0xf5, 0x6b, 0x7e, 0xf7,
    0x3d, 0xe7, 0x3d, 0xef, 0x3d, 0xef, 0x3d, 0xef, 0x3d, 0xef, 0x3d, 0xef, 0x3d, 0xe7, 0x3d, 0xef,
    0x3d, 0xef, 0x3d, 0xef, 0x3d, 0xef, 0x3d, 0xe7, 0x7e, 0xef, 0xdf, 0xff, 0x1c, 0xe7, 0xf5, 0x9c,
    0xf5, 0x9c, 0x7a, 0xd6, 0xdb, 0xde, 0x3d, 0xe7, 0xdf, 0xff, 0xfc, 0xde, 0x52, 0x8c, 0x72, 0x8c,
    0x31, 0x84, 0xf1, 0x7b, 0xbb, 0xd6, 0xff, 0xff, 0x3d, 0xe7, 0xdb, 0xde, 0x9a, 0xce, 0xf5, 0x9c,
    0xd4, 0x9c, 0xfc, 0xde, 0xdf, 0xff, 0x7e, 0xef, 0x3d, 0xe7, 0x3d, 0xe7, 0x3d, 0xef, 0x3d, 0xef,
    0x3d, 0xef, 0x3d, 0xef, 0x3d, 0xef, 0x3d, 0xef, 0x3d, 0xe7, 0x5d, 0xef, 0x1d, 0xe7, 0xf3, 0x52,
    0xf0, 0x29, 0x79, 0xa5, 0x7e, 0xf7, 0x1d, 0xe7, 0x3d, 0xe7, 0x3d, 0xe7, 0x3d, 0xe7, 0x3d, 0xef,
    0x3d, 0xef, 0x3d, 0xe7, 0x3d, 0xef, 0x3d, 0xef, 0x3d, 0xe7, 0x3d, 0xef, 0x3d, 0xef, 0x3d, 0xe7,
    0x7e, 0xf7, 0xbb, 0xa5, 0x77, 0x33, 0x79, 0x64, 0x5d, 0xe7, 0x3d, 0xef, 0x3d, 0xe7, 0x5d, 0xef,
    0xbd, 0xce, 0x5c, 0xbe, 0xfb, 0xad, 0xd9, 0x74, 0xd9, 0x74, 0x97, 0x74, 0x37, 0x6c, 0xfa, 0xb5,
    0x9e, 0xf7, 0x3b, 0xbe, 0x36, 0x74, 0x57, 0x74, 0xb9, 0x74, 0xf9, 0x74, 0xba, 0x9d, 0x1b, 0xb6,
    0x1b, 0xae, 0xba, 0xad, 0xda, 0xb5, 0x3d, 0xe7, 0x5d, 0xef, 0x3d, 0xe7, 0x7d, 0xf7, 0x3b, 0xbe,
    0xf5, 0x63, 0xb7, 0x84, 0x1b, 0xb6, 0x1b, 0xbe, 0x1d, 0xdf, 0x5d, 0xef, 0x3d, 0xef, 0x3d, 0xe7,
    0x3d, 0xe7, 0x3d, 0xef, 0x3d, 0xef, 0x3d, 0xef, 0x3d, 0xef, 0x3d, 0xef, 0x3d, 0xef, 0x3d, 0xef,
    0x5d, 0xef, 0x3d, 0xe7, 0xb9, 0xad, 0x79, 0xa5, 0xb7, 0x8c, 0x36, 0x7c, 0x79, 0xa5, 0x5d, 0xef,
    0x3d, 0xe7, 0x3d, 0xe7, 0x3d, 0xef, 0x3d, 0xef, 0x3d, 0xef, 0x3d, 0xef, 0x3d, 0xef, 0x3d, 0xef,
    0x3d, 0xef, 0x3d, 0xef, 0x3d, 0xef, 0x3d, 0xe7, 0x5e, 0xef, 0xdf, 0xff, 0x1c, 0xe7, 0xf5, 0x9c,
    0xf5, 0x9c, 0x7a, 0xd6, 0xdb, 0xde, 0x3d, 0xe7, 0xdf, 0xff, 0xfc, 0xde, 0x52, 0x8c, 0x72, 0x8c,
    0x31, 0x84, 0xf1, 0x7b, 0xbb, 0xd6, 0xff, 0xff, 0x3d, 0xe7, 0xdb, 0xde, 0x9a, 0xce, 0xf5, 0x9c,
    0xd4, 0x9c, 0xfc, 0xde, 0xdf, 0xff, 0x7e, 0xef, 0x3d, 0xe7, 0x3d, 0xe7, 0x3d, 0xef, 0x3d, 0xef,
    0x3d, 0xef, 0x3d, 0xef, 0x3d, 0xef, 0x3d, 0xef, 0x3d, 0xef, 0x5d, 0xef, 0x1d, 0xe7, 0x13, 0x53,
    0xf0, 0x29, 0x79, 0xad, 0x9e, 0xf7, 0x3d, 0xe7, 0x5d, 0xef, 0x5d, 0xef, 0x3d, 0xef, 0x3d, 0xe7,
    0x3d, 0xe7, 0x3d, 0xe7, 0x3d, 0xef, 0x3d, 0xe7, 0x3d, 0xef, 0x3d, 0xef, 0x3d, 0xef, 0x3d, 0xe7,
    0x7e, 0xf7, 0xbb, 0xa5, 0x77, 0x33, 0x79, 0x64, 0x5d, 0xe7, 0x3d, 0xef, 0x3d, 0xe7, 0x9d, 0xf7,
    0x7a, 0x95, 0x36, 0x2b, 0x99, 0x6c, 0x7e, 0xef, 0x5e, 0xef, 0x7e, 0xef, 0x7e, 0xef, 0x5d, 0xef,
    0x3d, 0xef, 0x5d, 0xef, 0x7e, 0xef, 0x7e, 0xef, 0x7d, 0xef, 0x9e, 0xf7, 0xb9, 0x6c, 0x57, 0x2b,
    0x55, 0x3b, 0x52, 0x2a, 0xf2, 0x3a, 0xfd, 0xde, 0x5d, 0xef, 0x3d, 0xe7, 0x5d, 0xef, 0x5d, 0xef,
    0x9e, 0xef, 0xdc, 0xd6, 0xd3, 0x3a, 0x92, 0x3a, 0x7b, 0xc6, 0x7d, 0xef, 0x3d, 0xe7, 0x3d, 0xe7,
    0x3d, 0xe7, 0x3d, 0xef, 0x3d, 0xef, 0x3d, 0xef, 0x3d, 0xef, 0x3d, 0xef, 0x3d, 0xef, 0x3d, 0xe7,
    0x5d, 0xef, 0x1d, 0xdf, 0xd2, 0x4a, 0xd0, 0x21, 0xda, 0xb5, 0xdf, 0xff, 0x5d, 0xef, 0x3d, 0xef,
    0x3d, 0xef, 0x3d, 0xe7, 0x3d, 0xe7, 0x3d, 0xe7, 0x3d, 0xef, 0x3d, 0xef, 0x3d, 0xef, 0x3d, 0xef,
    0x3d, 0xef, 0x3d, 0xef, 0x3d, 0xef, 0x3d, 0xe7, 0x5e, 0xef, 0xdf, 0xff, 0x1c, 0xe7, 0xf5, 0x9c,
    0xf5, 0x9c, 0x7a, 0xd6, 0xdb, 0xde, 0x3d, 0xe7, 0xdf, 0xff, 0xfc, 0xde, 0x52, 0x8c, 0x72, 0x8c,
    0x32, 0x84, 0xf1, 0x7b, 0xbb, 0xd6, 0xff, 0xff, 0x3d, 0xe7, 0xdb, 0xde, 0x9a, 0xce, 0xf5, 0x9c,
    0xd4, 0x9c, 0xfc, 0xde, 0xdf, 0xff, 0x7e, 0xef, 0x3d, 0xe7, 0x3d, 0xef, 0x3d, 0xef, 0x3d, 0xef,
    0x3d, 0xef, 0x3d, 0xef, 0x3d, 0xef, 0x3d, 0xef, 0x3d, 0xef, 0x5d, 0xef, 0x1d, 0xe7, 0x13, 0x53,
    0x11, 0x2a, 0x38, 0xa5, 0x5d, 0xef, 0xfc, 0xde, 0xfd, 0xe6, 0x1d, 0xe7, 0x3d, 0xe7, 0x5d, 0xe7,
    0x3d, 0xe7, 0x3d, 0xef, 0x3d, 0xef, 0x3d, 0xef, 0x3d, 0xef, 0x3d, 0xef, 0x3d, 0xe7, 0x3d, 0xe7,
    0x7e, 0xf7, 0xdb, 0xa5, 0x57, 0x33, 0x78, 0x64, 0x5e, 0xe7, 0x3d, 0xef, 0x1d, 0xdf, 0x5e, 0xef,
    0xbb, 0x95, 0x97, 0x3b, 0xd9, 0x7c, 0x5d, 0xe7, 0x3d, 0xe7, 0x3d, 0xef, 0x5d, 0xef, 0x3d, 0xef,
    0x5d, 0xef, 0x5d, 0xef, 0x3d, 0xef, 0x5d, 0xef, 0x3d, 0xef, 0x5e, 0xef, 0x5a, 0x8d, 0x79, 0x64,
    0x38, 0x64, 0x74, 0x53, 0xf5, 0x63, 0xfd, 0xd6, 0x5e, 0xef, 0x3d, 0xe7, 0x3d, 0xe7, 0x3d, 0xe7,
    0x5d, 0xef, 0xbc, 0xd6, 0x14, 0x43, 0xf4, 0x3a, 0x7c, 0xce, 0x7d, 0xef, 0x3d, 0xe7, 0x3d, 0xef,
    0x3d, 0xef, 0x3d, 0xef, 0x3d, 0xef, 0x3d, 0xef, 0x3d, 0xef, 0x3d, 0xef, 0x3d, 0xef, 0x3d, 0xe7,
    0x3d, 0xef, 0x1d, 0xdf, 0x34, 0x53, 0x31, 0x2a, 0xba, 0xad, 0x7e, 0xf7, 0x1d, 0xe7, 0x3d, 0xef,
    0x3d, 0xef, 0x3d, 0xef, 0x3d, 0xef, 0x3d, 0xef, 0x3d, 0xe7, 0x3d, 0xe7, 0x3d, 0xef, 0x3d, 0xef,
    0x3d, 0xef, 0x3d, 0xef, 0x3d, 0xef, 0x3d, 0xe7, 0x7e, 0xef, 0xbe, 0xf7, 0xfc, 0xde, 0xf5, 0x9c,
    0xf5, 0x9c, 0x7a, 0xd6, 0xdb, 0xde, 0x3d, 0xe7, 0xff, 0xff, 0xfc, 0xde, 0x52, 0x8c, 0x52, 0x8c,
    0x32, 0x84, 0x11, 0x84, 0xbb, 0xd6, 0xff, 0xff, 0x3d, 0xef, 0xdb, 0xde, 0x9a, 0xce, 0xf5, 0x9c,
    0xd4, 0x9c, 0xfc, 0xde, 0xdf, 0xff, 0x7e, 0xef, 0x3d, 0xe7, 0x3d, 0xef, 0x3d, 0xef, 0x3d, 0xef,
    0x3d, 0xef, 0x3d, 0xef, 0x3d, 0xef, 0x5d, 0xe7, 0x3d, 0xe7, 0x3d, 0xe7, 0x1d, 0xe7, 0x90, 0x4a,
    0xaf, 0x29, 0x50, 0x42, 0x70, 0x4a, 0x50, 0x4a, 0x70, 0x42, 0xf1, 0x52, 0xdc, 0xde, 0x3d, 0xef,
    0x3d, 0xe7, 0x3d, 0xe7, 0x3d, 0xe7, 0x3d, 0xef, 0x3d, 0xef, 0x3d, 0xef, 0x3d, 0xef, 0x3d, 0xe7,
    0x7e, 0xf7, 0xfb, 0xad, 0x36, 0x33, 0x58, 0x64, 0x3e, 0xe7, 0x1d, 0xe7, 0xb9, 0x74, 0xf8, 0x4b,
    0xbb, 0xa5, 0x1d, 0xdf, 0xfd, 0xd6, 0x3d, 0xef, 0x3c, 0xe7, 0xcf, 0xdc, 0x0b, 0xdc, 0x0b, 0xdc,
    0x2b, 0xe4, 0xcb, 0xdb, 0xea, 0xc2, 0x0a, 0xc3, 0xaa, 0xba, 0x8a, 0xba, 0x8a, 0xba, 0x29, 0xb2,
    0x31, 0xc4, 0x3d, 0xe7, 0xfd, 0xde, 0x98, 0x74, 0x18, 0x5c, 0xd5, 0x5b, 0x73, 0x53, 0xf8, 0x8c,
    0x9e, 0xf7, 0xbc, 0xd6, 0x56, 0x43, 0x35, 0x3b, 0x9c, 0xce, 0x5d, 0xef, 0x3d, 0xe7, 0x3d, 0xef,
    0x3d, 0xef, 0x3d, 0xef, 0x3d, 0xef, 0x3d, 0xef, 0x5d, 0xef, 0x3d, 0xef, 0x3d, 0xef, 0x3d, 0xef,
    0x3d, 0xef, 0x1c, 0xdf, 0x34, 0x53, 0x31, 0x2a, 0xba, 0xb5, 0x7e, 0xf7, 0x3d, 0xe7, 0x3d, 0xef,
    0x3d, 0xef, 0x3d, 0xef, 0x3d, 0xef, 0x3d, 0xef, 0x3d, 0xe7, 0x3d, 0xe7, 0x3d, 0xef, 0x3d, 0xef,
    0x3d, 0xef, 0x3d, 0xef, 0x3d, 0xef, 0x3d, 0xef, 0x5e, 0xef, 0xde, 0xff, 0xfc, 0xde, 0xf5, 0x9c,
    0xf4, 0x9c, 0x7a, 0xd6, 0xdb, 0xde, 0x3d, 0xe7, 0xdf, 0xff, 0xfc, 0xde, 0x52, 0x8c, 0x72, 0x8c,
    0x32, 0x84, 0xf1, 0x7b, 0x9b, 0xd6, 0xff, 0xff, 0x3d, 0xef, 0xdc, 0xde, 0x9a, 0xd6, 0xf5, 0x9c,
    0xd4, 0x9c, 0x1c, 0xdf, 0xdf, 0xff, 0x7e, 0xef, 0x3d, 0xe7, 0x3d, 0xef, 0x3d, 0xef, 0x3d, 0xef,
    0x3d, 0xef, 0x3d, 0xef, 0x3d, 0xef, 0x3d, 0xef, 0x5d, 0xef, 0x9e, 0xf7, 0x5d, 0xef, 0x50, 0x42,
    0xae, 0x29, 0xcf, 0x31, 0xaf, 0x29, 0xce, 0x29, 0x8e, 0x29, 0x0e, 0x3a, 0x3d, 0xe7, 0xbe, 0xf7,
    0x5d, 0xef, 0x3d, 0xe7, 0x3d, 0xef, 0x3d, 0xef, 0x3d, 0xef, 0x3d, 0xef, 0x3d, 0xef, 0x3d, 0xe7,
    0x7e, 0xf7, 0xfb, 0xad, 0x36, 0x33, 0x58, 0x64, 0x7e, 0xef, 0x7d, 0xef, 0x38, 0x5c, 0x36, 0x2b,
    0xbb, 0xa5, 0x9e, 0xf7, 0x3d, 0xef, 0x5e, 0xef, 0x5d, 0xef, 0x68, 0xdb, 0x83, 0xda, 0xe5, 0xda,
    0x05, 0xdb, 0x24, 0xd2, 0x23, 0xb9, 0x64, 0xb9, 0xc3, 0xa8, 0xc3, 0xa8, 0xc3, 0xa8, 0x41, 0xa0,
    0x0d, 0xc3, 0xdf, 0xf7, 0x5e, 0xe7, 0xd7, 0x4b, 0x36, 0x33, 0xf3, 0x32, 0x32, 0x22, 0x57, 0x7c,
    0xff, 0xff, 0xfd, 0xd6, 0x76, 0x43, 0x35, 0x43, 0x9c, 0xce, 0x5d, 0xef, 0x3d, 0xe7, 0x3d, 0xef,
    0x3d, 0xef, 0x3d, 0xef, 0x3d, 0xef, 0x3d, 0xef, 0x5d, 0xef, 0x3d, 0xef, 0x3d, 0xef, 0x3d, 0xe7,
    0x5e, 0xef, 0x1d, 0xe7, 0x12, 0x53, 0x31, 0x32, 0xba, 0xb5, 0x7e, 0xf7, 0x3d, 0xe7, 0x3d, 0xef,
    0x3d, 0xe7, 0x3d, 0xe7, 0x3d, 0xef, 0x3d, 0xef, 0x3d, 0xe7, 0x3d, 0xe7, 0x3d, 0xe7, 0x3d, 0xef,
    0x3d, 0xef, 0x3d, 0xef, 0x3d, 0xef, 0x3d, 0xe7, 0x5e, 0xef, 0xde, 0xff, 0xfc, 0xde, 0xf5, 0x9c,
    0xf4, 0x9c, 0x7a, 0xd6, 0xdb, 0xde, 0x3d, 0xe7, 0xdf, 0xff, 0xfc, 0xde, 0x52, 0x8c, 0x52, 0x8c,
    0x32, 0x84, 0xf1, 0x7b, 0xbb, 0xd6, 0xff, 0xff, 0x3d, 0xef, 0xdc, 0xde, 0x9a, 0xd6, 0xf5, 0x9c,
    0xd4, 0x9c, 0xfc, 0xde, 0xdf, 0xff, 0x7e, 0xef, 0x3d, 0xe7, 0x3d, 0xef, 0x3d, 0xef, 0x3d, 0xef,
    0x3d, 0xef, 0x3d, 0xef, 0x3d, 0xe7, 0x7e, 0xef, 0x5b, 0xce, 0xb3, 0x73, 0xd4, 0x73, 0x3b, 0xc6,
    0xbc, 0xd6, 0x3b, 0xae, 0x1c, 0x9e, 0xfc, 0x8d, 0x9c, 0x65, 0x7b, 0x75, 0xf4, 0x73, 0x93, 0x6b,
    0x5b, 0xc6, 0x7e, 0xef, 0x3d, 0xe7, 0x3d, 0xef, 0x3d, 0xef, 0x3d, 0xef, 0x3d, 0xef, 0x3d, 0xe7,
    0x7e, 0xf7, 0xda, 0xad, 0xf4, 0x32, 0x96, 0x4b, 0xf9, 0x7c, 0x1a, 0x7d, 0x3c, 0xb6, 0x3b, 0xb6,
    0xbc, 0xd6, 0x5e, 0xef, 0xda, 0xee, 0xb1, 0xed, 0xd1, 0xed, 0xcf, 0xed, 0x0f, 0xf6, 0x6c, 0xed,
    0xe9, 0xf4, 0x48, 0xec, 0x46, 0xe3, 0x07, 0xe3, 0xc6, 0xd1, 0xa6, 0xd1, 0x27, 0xda, 0x46, 0xda,
    0x2a, 0xdb, 0x4e, 0xe4, 0xd1, 0xdc, 0xda, 0xb5, 0xfb, 0xad, 0xfa, 0xb5, 0xb9, 0xad, 0x79, 0x9d,
    0x97, 0x7c, 0x56, 0x74, 0x56, 0x43, 0x55, 0x43, 0xbc, 0xce, 0x5d, 0xef, 0x3d, 0xe7, 0x3d, 0xef,
    0x3d, 0xef, 0x3d, 0xef, 0x3d, 0xef, 0x3d, 0xef, 0x3d, 0xef, 0x3d, 0xe7, 0x5d, 0xef, 0x5b, 0xc6,
    0x94, 0x63, 0xb4, 0x6b, 0x1b, 0xbe, 0x7b, 0xc6, 0xfd, 0xde, 0x5d, 0xef, 0x3d, 0xef, 0x3d, 0xef,
    0x3d, 0xef, 0x3d, 0xef, 0x3d, 0xef, 0x3d, 0xef, 0x3d, 0xe7, 0x3d, 0xe7, 0x3d, 0xe7, 0x3d, 0xef,
    0x3d, 0xef, 0x3d, 0xef, 0x3d, 0xef, 0x3d, 0xe7, 0x5e, 0xef, 0xde, 0xff, 0xfc, 0xde, 0xf5, 0x9c,
    0xf5, 0x9c, 0x7a, 0xd6, 0xdb, 0xde, 0x3d, 0xe7, 0xdf, 0xff, 0xfc, 0xde, 0x52, 0x8c, 0x72, 0x8c,
    0x12, 0x84, 0xf1, 0x7b, 0xbb, 0xd6, 0xff, 0xff, 0x3d, 0xe7, 0xdc, 0xde, 0x9a, 0xd6, 0xf5, 0x9c,
    0xd4, 0x9c, 0xfc, 0xde, 0xdf, 0xff, 0x7e, 0xef, 0x3d, 0xe7, 0x3d, 0xe7, 0x3d, 0xe7, 0x3d, 0xef,
    0x3d, 0xef, 0x3d, 0xef, 0x3d, 0xe7, 0x9e, 0xf7, 0xd9, 0xbd, 0x2d, 0x19, 0xce, 0x31, 0xbe, 0xf7,
    0xff, 0xff, 0xdf, 0xdf, 0x9f, 0xbf, 0x3f, 0xaf, 0xdf, 0x7e, 0x7f, 0x7e, 0xef, 0x29, 0x4d, 0x21,
    0x99, 0xb5, 0x9e, 0xf7, 0x3d, 0xe7, 0x3d, 0xef, 0x3d, 0xef, 0x3d, 0xef, 0x3d, 0xef, 0x7e, 0xef,
    0xde, 0xff, 0xda, 0xad, 0x92, 0x32, 0xf4, 0x3a, 0x36, 0x2b, 0x77, 0x33, 0xfd, 0xd6, 0x9d, 0xf7,
    0x3d, 0xef, 0x5e, 0xe7, 0x97, 0xee, 0x88, 0xf4, 0xa8, 0xf4, 0x54, 0xff, 0xf6, 0xff, 0xaf, 0xfe,
    0xea, 0xfd, 0x8a, 0xfd, 0x07, 0xfc, 0xc7, 0xfb, 0xc7, 0xe1, 0x86, 0xe1, 0x87, 0xf2, 0x68, 0xfb,
    0xe7, 0xea, 0xe3, 0xd1, 0xe8, 0xd2, 0x9d, 0xf7, 0xdf, 0xf7, 0x7e, 0xf7, 0xbe, 0xff, 0x1b, 0xb6,
    0x11, 0x22, 0x72, 0x32, 0x56, 0x43, 0x55, 0x43, 0x9c, 0xce, 0x5d, 0xef, 0x3d, 0xe7, 0x3d, 0xef,
    0x3d, 0xef, 0x3d, 0xef, 0x3d, 0xef, 0x3d, 0xef, 0x3d, 0xe7, 0x5d, 0xef, 0xbe, 0xff, 0x5b, 0xc6,
    0xf0, 0x21, 0x71, 0x32, 0xfd, 0xde, 0x9e, 0xf7, 0x5d, 0xef, 0x3d, 0xef, 0x3d, 0xef, 0x3d, 0xef,
    0x3d, 0xef, 0x3d, 0xef, 0x3d, 0xef, 0x3d, 0xef, 0x3d, 0xe7, 0x3d, 0xef, 0x3d, 0xef, 0x3d, 0xef,
    0x3d, 0xe7, 0x3d, 0xef, 0x3d, 0xef, 0x3d, 0xe7, 0x5e, 0xef, 0xdf, 0xff, 0xfc, 0xe6, 0xf5, 0x9c,
    0xf5, 0x9c, 0x9a, 0xd6, 0xdb, 0xde, 0x3d, 0xe7, 0xdf, 0xff, 0xfc, 0xde, 0x52, 0x8c, 0x73, 0x8c,
    0x12, 0x84, 0xf1, 0x7b, 0xbb, 0xd6, 0xff, 0xff, 0x3d, 0xe7, 0xdc, 0xde, 0x9a, 0xd6, 0xf5, 0x9c,
    0xd4, 0x9c, 0xfc, 0xde, 0xdf, 0xff, 0x7d, 0xef, 0x3d, 0xe7, 0x3d, 0xe7, 0x3d, 0xe7, 0x3d, 0xef,
    0x3d, 0xef, 0x3d, 0xef, 0x3d, 0xe7, 0x9e, 0xf7, 0xfa, 0xbd, 0x30, 0x32, 0xb2, 0x42, 0x1d, 0xc7,
    0x7f, 0xd7, 0x1e, 0xaf, 0x1f, 0x9f, 0xff, 0x9e, 0x5f, 0x76, 0xfe, 0x6d, 0x71, 0x3a, 0xae, 0x29,
    0xb9, 0xb5, 0x9e, 0xf7, 0x3d, 0xe7, 0x3d, 0xef, 0x3d, 0xef, 0x3d, 0xe7, 0x3d, 0xef, 0x1b, 0xbe,
    0x1a, 0xb6, 0x19, 0x8d, 0xf4, 0x3a, 0xb6, 0x4b, 0xf9, 0x7c, 0xf9, 0x7c, 0xfc, 0xd6, 0x3d, 0xef,
    0x3d, 0xe7, 0x5e, 0xe7, 0x98, 0xee, 0x08, 0xec, 0x28, 0xec, 0x90, 0xfe, 0x11, 0xff, 0x0c, 0xf6,
    0x89, 0xfd, 0x29, 0xfd, 0xe7, 0xf3, 0xe7, 0xf3, 0x48, 0xeb, 0xe7, 0xe2, 0x67, 0xf3, 0xa7, 0xf3,
    0x47, 0xeb, 0xe6, 0xe2, 0x29, 0xe3, 0xf3, 0xd4, 0x14, 0xd5, 0x9b, 0xe6, 0x7e, 0xef, 0x3b, 0xc6,
    0x56, 0x7c, 0x56, 0x74, 0x35, 0x43, 0x14, 0x43, 0x7c, 0xce, 0x5d, 0xef, 0x3d, 0xe7, 0x3d, 0xef,
    0x3d, 0xef, 0x3d, 0xef, 0x3d, 0xef, 0x3d, 0xe7, 0x5d, 0xef, 0x7b, 0xce, 0x99, 0xad, 0x58, 0xa5,
    0x36, 0x74, 0x56, 0x7c, 0xdd, 0xde, 0x3d, 0xef, 0x3d, 0xe7, 0x3d, 0xef, 0x3d, 0xe7, 0x3d, 0xe7,
    0x3d, 0xe7, 0x3d, 0xe7, 0x3d, 0xef, 0x3d, 0xef, 0x3d, 0xe7, 0x3d, 0xef, 0x3d, 0xef, 0x3d, 0xef,
    0x3d, 0xe7, 0x3d, 0xe7, 0x3d, 0xef, 0x3d, 0xe7, 0x7e, 0xef, 0xdf, 0xff, 0xfc, 0xe6, 0xf5, 0x9c,
    0xf5, 0x9c, 0x7a, 0xd6, 0xdb, 0xde, 0x3d, 0xe7, 0xdf, 0xff, 0xfc, 0xde, 0x52, 0x8c, 0x73, 0x8c,
    0x12, 0x84, 0xf1, 0x7b, 0xba, 0xd6, 0xff, 0xff, 0x3d, 0xe7, 0xdb, 0xde, 0x9a, 0xd6, 0xf5, 0x9c,
    0xf4, 0x9c, 0xfc, 0xde, 0xdf, 0xff, 0x7e, 0xef, 0x3d, 0xe7, 0x3d, 0xe7, 0x3d, 0xef, 0x3d, 0xef,
    0x3d, 0xef, 0x3d, 0xef, 0x3d, 0xe7, 0x7e, 0xf7, 0x3b, 0xbe, 0x14, 0x43, 0x75, 0x4b, 0x5e, 0x76,
    0xbf, 0x7e, 0x9f, 0x7e, 0xbf, 0x7e, 0x7f, 0x76, 0xff, 0x5d, 0x9d, 0x5d, 0x30, 0x32, 0xae, 0x29,
    0xb9, 0xb5, 0x9e, 0xf7, 0x3d, 0xe7, 0x3d, 0xe7, 0x3d, 0xef, 0x5d, 0xef, 0x7e, 0xef, 0xb5, 0x5b,
    0x51, 0x2a, 0x55, 0x43, 0xd8, 0x43, 0x78, 0x64, 0x7e, 0xef, 0x5d, 0xf7, 0x5d, 0xef, 0x3d, 0xe7,
    0x3d, 0xef, 0x9f, 0xef, 0x57, 0xee, 0x05, 0xdb, 0x46, 0xe3, 0x8a, 0xf5, 0xea, 0xfd, 0x69, 0xfd,
    0x48, 0xfd, 0xa8, 0xfc, 0xe7, 0xf3, 0x47, 0xf4, 0xaa, 0xfd, 0xeb, 0xfd, 0xe8, 0xfc, 0x47, 0xf4,
    0x08, 0xfc, 0x88, 0xfb, 0x47, 0xeb, 0xe4, 0xb0, 0xa3, 0xb0, 0xb6, 0xdd, 0x9e, 0xef, 0x3d, 0xe7,
    0x9e, 0xf7, 0xfd, 0xde, 0xf3, 0x42, 0xb2, 0x3a, 0x7c, 0xc6, 0x9e, 0xf7, 0x3d, 0xef, 0x3d, 0xef,
    0x3d, 0xef, 0x3d, 0xef, 0x3d, 0xef, 0x3d, 0xef, 0xbe, 0xff, 0xf8, 0x94, 0xb0, 0x19, 0xb4, 0x63,
    0x9f, 0xf7, 0x7e, 0xef, 0x3d, 0xe7, 0x3d, 0xe7, 0x3d, 0xef, 0x3d, 0xef, 0x3d, 0xef, 0x3d, 0xe7,
    0x3d, 0xe7, 0x3d, 0xe7, 0x3d, 0xe7, 0x3d, 0xe7, 0x3d, 0xef, 0x3d, 0xef, 0x3d, 0xef, 0x3d, 0xef,
    0x3d, 0xef, 0x3d, 0xef, 0x3d, 0xe7, 0x3d, 0xe7, 0x5e, 0xef, 0xbe, 0xf7, 0xfc, 0xe6, 0xf5, 0x9c,
    0xf5, 0x9c, 0x7a, 0xd6, 0xdb, 0xde, 0x3d, 0xe7, 0xdf, 0xff, 0xfc, 0xde, 0x52, 0x8c, 0x73, 0x8c,
    0x11, 0x84, 0xf1, 0x7b, 0xbb, 0xd6, 0xff, 0xff, 0x3d, 0xe7, 0xdb, 0xde, 0x9a, 0xd6, 0xf5, 0x9c,
    0xf4, 0x9c, 0xfc, 0xde, 0xdf, 0xff, 0x7e, 0xef, 0x3d, 0xe7, 0x3d, 0xe7, 0x3d, 0xef, 0x3d, 0xef,
    0x3d, 0xef, 0x3d, 0xef, 0x3d, 0xe7, 0x7e, 0xf7, 0x3b, 0xbe, 0xd3, 0x42, 0x14, 0x43, 0x3e, 0x76,
    0xbf, 0x7e, 0x9f, 0x7e, 0xbf, 0x7e, 0x7f, 0x76, 0xdf, 0x65, 0x9e, 0x5d, 0x50, 0x32, 0xae, 0x29,
    0xb9, 0xb5, 0x9e, 0xf7, 0x3d, 0xe7, 0x3d, 0xef, 0x3d, 0xe7, 0xdc, 0xd6, 0xfd, 0xde, 0x36, 0x74,
    0x34, 0x4b, 0x96, 0x4b, 0xb8, 0x3b, 0x78, 0x64, 0x3d, 0xe7, 0x3d, 0xe7, 0x3d, 0xe7, 0x5d, 0xe7,
    0xfc, 0xe6, 0xdb, 0xe6, 0xb5, 0xe5, 0xe7, 0xe2, 0x06, 0xe3, 0x6a, 0xfd, 0xec, 0xfd, 0x4a, 0xfd,
    0x08, 0xfd, 0x88, 0xfc, 0xc7, 0xf3, 0xe7, 0xf3, 0x49, 0xfd, 0x8a, 0xfd, 0xa8, 0xf4, 0x67, 0xf4,
    0x08, 0xfc, 0x67, 0xf3, 0x27, 0xeb, 0x65, 0xb9, 0x24, 0xb1, 0xb6, 0xe5, 0x9e, 0xef, 0x1d, 0xe7,
    0x5d, 0xef, 0x9b, 0xce, 0xf3, 0x42, 0xd3, 0x42, 0x3b, 0xbe, 0xfc, 0xde, 0xfc, 0xde, 0x5d, 0xef,
    0x3d, 0xef, 0x3d, 0xef, 0x3d, 0xef, 0xdc, 0xde, 0x1d, 0xdf, 0x18, 0x95, 0xd3, 0x4a, 0x56, 0x7c,
    0x5d, 0xe7, 0x3d, 0xe7, 0x3d, 0xe7, 0x3d, 0xef, 0x3d, 0xef, 0x3d, 0xef, 0x3d, 0xe7, 0x3d, 0xef,
    0x3d, 0xe7, 0x3d, 0xe7, 0x3d, 0xe7, 0x3d, 0xe7, 0x3d, 0xef, 0x3d, 0xef, 0x3d, 0xef, 0x3d, 0xef,
    0x3d, 0xef, 0x3d, 0xe7, 0x3d, 0xe7, 0x3d, 0xe7, 0x5e, 0xef, 0xbe, 0xf7, 0x1c, 0xe7, 0xf5, 0x9c,
    0xf5, 0x9c, 0x7a, 0xd6, 0xdb, 0xde, 0x3d, 0xe7, 0xdf, 0xff, 0xfc, 0xde, 0x52, 0x8c, 0x73, 0x8c,
    0x11, 0x84, 0xf1, 0x7b, 0xbb, 0xd6, 0xff, 0xff, 0x3d, 0xe7, 0xdb, 0xde, 0x9a, 0xd6, 0xf5, 0x9c,
    0xf4, 0x9c, 0xfc, 0xde, 0xdf, 0xff, 0x7e, 0xef, 0x3d, 0xe7, 0x3d, 0xef, 0x3d, 0xef, 0x3d, 0xef,
    0x3d, 0xef, 0x3d, 0xef, 0x3d, 0xe7, 0x7d, 0xf7, 0x1a, 0xbe, 0xcf, 0x31, 0x50, 0x32, 0x1d, 0x55,
    0x5e, 0x55, 0x1e, 0x6e, 0xdf, 0x7e, 0x3f, 0x6e, 0x5f, 0x55, 0xfd, 0x54, 0x31, 0x32, 0xae, 0x29,
    0xb9, 0xb5, 0x7e, 0xf7, 0x1d, 0xe7, 0x5d, 0xef, 0xdc, 0xd6, 0x74, 0x53, 0x13, 0x4b, 0x1a, 0xb6,
    0x5d, 0xef, 0x7a, 0x95, 0x77, 0x33, 0x79, 0x64, 0x3d, 0xe7, 0x3d, 0xef, 0x3d, 0xe7, 0xbf, 0xef,
    0x92, 0xcc, 0x25, 0xa9, 0xa7, 0xc1, 0xc7, 0xe9, 0xe7, 0xe1, 0x0b, 0xfc, 0xab, 0xfc, 0xe8, 0xf3,
    0x86, 0xf3, 0x47, 0xf3, 0x26, 0xe2, 0x66, 0xe2, 0x48, 0xf4, 0x87, 0xf4, 0x67, 0xfc, 0x68, 0xfc,
    0x08, 0xfc, 0x67, 0xf3, 0x27, 0xeb, 0x44, 0xc1, 0x04, 0xb9, 0x96, 0xdd, 0x9e, 0xef, 0x3d, 0xe7,
    0x5d, 0xef, 0xdc, 0xd6, 0x75, 0x4b, 0x15, 0x43, 0x14, 0x4b, 0xb2, 0x42, 0xf8, 0x94, 0x7e, 0xf7,
    0x1c, 0xe7, 0x3d, 0xef, 0x3d, 0xe7, 0xb5, 0x6b, 0x72, 0x3a, 0x58, 0xa5, 0x5d, 0xe7, 0xfd, 0xde,
    0x3d, 0xef, 0x3d, 0xe7, 0x3d, 0xe7, 0x3d, 0xe7, 0x3d, 0xe7, 0x3d, 0xe7, 0x3d, 0xe7, 0x3d, 0xe7,
    0x3d, 0xe7, 0x3d, 0xef, 0x3d, 0xe7, 0x3d, 0xe7, 0x3d, 0xe7, 0x3d, 0xef, 0x3d, 0xef, 0x3d, 0xef,
    0x3d, 0xe7, 0x3d, 0xe7, 0x3d, 0xe7, 0x3d, 0xe7, 0x5d, 0xef, 0xde, 0xff, 0x1c, 0xe7, 0xf5, 0x9c,
    0xf5, 0x9c, 0x7a, 0xd6, 0xdb, 0xde, 0x3d, 0xe7, 0xdf, 0xff, 0xfc, 0xde, 0x52, 0x8c, 0x73, 0x8c,
    0x11, 0x84, 0xf1, 0x7b, 0xbb, 0xd6, 0xff, 0xff, 0x3d, 0xe7, 0xdc, 0xde, 0x9a, 0xd6, 0xf5, 0x9c,
    0xd4, 0x9c, 0xfc, 0xde, 0xdf, 0xff, 0x7e, 0xef, 0x3d, 0xe7, 0x3d, 0xe7, 0x3d, 0xe7, 0x3d, 0xe7,
    0x3d, 0xef, 0x3d, 0xef, 0x3d, 0xe7, 0x9e, 0xf7, 0xfa, 0xbd, 0x8d, 0x29, 0xef, 0x31, 0x1d, 0x55,
    0x5f, 0x55, 0x3f, 0x76, 0xff, 0x86, 0x5f, 0x76, 0x7e, 0x55, 0x1d, 0x5d, 0xf0, 0x29, 0x6d, 0x29,
    0xda, 0xb5, 0xbe, 0xf7, 0x3d, 0xef, 0x9e, 0xf7, 0xbc, 0xd6, 0xd3, 0x42, 0x92, 0x32, 0x5b, 0xc6,
    0xbf, 0xff, 0x9b, 0x9d, 0x77, 0x33, 0x79, 0x64, 0x3d, 0xe7, 0x3d, 0xef, 0x1c, 0xe7, 0xbf, 0xef,
    0x31, 0xcc, 0x62, 0xa0, 0x24, 0xb9, 0x86, 0xe1, 0xa7, 0xe1, 0xea, 0xf3, 0x6b, 0xfc, 0xc8, 0xf3,
    0x87, 0xf3, 0x07, 0xeb, 0xc6, 0xe1, 0x27, 0xe2, 0x48, 0xfc, 0x67, 0xfc, 0x68, 0xfc, 0x88, 0xfc,
    0x08, 0xfc, 0x67, 0xf3, 0x27, 0xeb, 0x24, 0xb9, 0xe3, 0xb0, 0x96, 0xdd, 0x9e, 0xef, 0x3d, 0xe7,
    0x5d, 0xef, 0xdc, 0xd6, 0x55, 0x43, 0x35, 0x3b, 0xb3, 0x3a, 0x10, 0x2a, 0xf8, 0x8c, 0xbe, 0xff,
    0x5d, 0xe7, 0x7e, 0xef, 0x5e, 0xe7, 0x33, 0x5b, 0xd0, 0x21, 0x39, 0x9d, 0x9e, 0xf7, 0x3d, 0xef,
    0x3d, 0xe7, 0x3d, 0xe7, 0x3d, 0xe7, 0x3d, 0xe7, 0x3d, 0xe7, 0x3d, 0xe7, 0x3d, 0xe7, 0x3d, 0xe7,
    0x3d, 0xe7, 0x3d, 0xe7, 0x3d, 0xe7, 0x3d, 0xe7, 0x3d, 0xe7, 0x3d, 0xef, 0x3d, 0xe7, 0x3d, 0xe7,
    0x3d, 0xe7, 0x3d, 0xe7, 0x3d, 0xe7, 0x3d, 0xe7, 0x5d, 0xef, 0xdf, 0xff, 0x1c, 0xe7, 0xf5, 0x9c,
    0xf5, 0x9c, 0x7a, 0xd6, 0xdb, 0xde, 0x3d, 0xe7, 0xdf, 0xff, 0xfc, 0xde, 0x52, 0x8c, 0x73, 0x8c,
    0x11, 0x84, 0xf1, 0x7b, 0xbb, 0xd6, 0xff, 0xff, 0x3d, 0xe7, 0xdc, 0xde, 0x9a, 0xd6, 0xf5, 0x9c,
    0xd4, 0x9c, 0x1c, 0xdf, 0xdf, 0xff, 0x7e, 0xef, 0x3d, 0xe7, 0x3d, 0xe7, 0x3d, 0xef, 0x3d, 0xef,
    0x3d, 0xef, 0x3d, 0xef, 0x3d, 0xe7, 0x5d, 0xef, 0xfc, 0xde, 0xfa, 0xbd, 0xd9, 0xb5, 0x33, 0x43,
    0xb3, 0x32, 0x13, 0x43, 0x33, 0x43, 0x13, 0x43, 0xd3, 0x3a, 0x13, 0x43, 0x79, 0xad, 0xf9, 0xbd,
    0x56, 0x84, 0xb4, 0x63, 0xf6, 0x6b, 0x37, 0x6c, 0x97, 0x7c, 0x1b, 0xbe, 0x5b, 0xbe, 0xfc, 0xde,
    0x9d, 0xef, 0x9b, 0x9d, 0x77, 0x33, 0x79, 0x64, 0x3d, 0xe7, 0x3d, 0xef, 0x3d, 0xe7, 0xbf, 0xef,
    0x72, 0xcc, 0x62, 0xa0, 0x47, 0xba, 0xf1, 0xf5, 0xd0, 0xf5, 0x6c, 0xf5, 0x4b, 0xfd, 0x69, 0xf4,
    0xc7, 0xf3, 0x07, 0xf3, 0xa6, 0xe1, 0xc7, 0xe9, 0x87, 0xea, 0x87, 0xea, 0x87, 0xea, 0x87, 0xea,
    0x26, 0xda, 0xa5, 0xc9, 0x07, 0xca, 0x35, 0xdd, 0xb7, 0xdd, 0xfc, 0xe6, 0x5d, 0xef, 0x3d, 0xe7,
    0x5d, 0xef, 0xfd, 0xde, 0xd7, 0x4b, 0x97, 0x3b, 0x9a, 0xa5, 0x7b, 0xce, 0x38, 0x9d, 0x16, 0x6c,
    0x17, 0x74, 0xd5, 0x6b, 0xd5, 0x73, 0xba, 0xb5, 0xfa, 0xbd, 0xbb, 0xd6, 0x5d, 0xef, 0x3d, 0xe7,
    0x3d, 0xe7, 0x3d, 0xe7, 0x3d, 0xef, 0x3d, 0xe7, 0x3d, 0xe7, 0x3d, 0xe7, 0x3d, 0xe7, 0x3d, 0xe7,
    0x3d, 0xe7, 0x3d, 0xe7, 0x3d, 0xe7, 0x3d, 0xe7, 0x3d, 0xe7, 0x3d, 0xe7, 0x3d, 0xe7, 0x3d, 0xe7,
    0x3d, 0xe7, 0x3d, 0xe7, 0x3d, 0xef, 0x3d, 0xe7, 0x5d, 0xef, 0xdf, 0xff, 0x1c, 0xdf, 0xf5, 0x9c,
    0xf5, 0x9c, 0x7a, 0xd6, 0xdb, 0xde, 0x3d, 0xe7, 0xdf, 0xff, 0xfc, 0xde, 0x52, 0x8c, 0x73, 0x8c,
    0x32, 0x84, 0xf1, 0x7b, 0x9b, 0xd6, 0xff, 0xff, 0x3d, 0xe7, 0xdb, 0xde, 0x9a, 0xd6, 0xf5, 0x9c,
    0xd4, 0x9c, 0xfc, 0xde, 0xdf, 0xff, 0x7e, 0xef, 0x3d, 0xe7, 0x3d, 0xef, 0x3d, 0xef, 0x3d, 0xef,
    0x3d, 0xef, 0x3d, 0xef, 0x3d, 0xef, 0x3d, 0xef, 0x5d, 0xef, 0x9e, 0xf7, 0x5d, 0xef, 0xee, 0x39,
    0x0c, 0x19, 0x4c, 0x21, 0x2d, 0x21, 0x4d, 0x21, 0x2d, 0x21, 0xce, 0x31, 0x3d, 0xef, 0xff, 0xff,
    0x94, 0x63, 0x8f, 0x19, 0x72, 0x32, 0xd5, 0x32, 0x97, 0x53, 0x5d, 0xef, 0x9e, 0xf7, 0x3d, 0xe7,
    0x7d, 0xf7, 0xbb, 0x9d, 0x77, 0x33, 0x79, 0x64, 0x3d, 0xe7, 0x3d, 0xef, 0x3d, 0xe7, 0xbf, 0xef,
    0x71, 0xcc, 0x41, 0xa0, 0xe8, 0xc2, 0xf5, 0xff, 0xb4, 0xff, 0x0c, 0xfe, 0xeb, 0xfd, 0xc9, 0xf4,
    0xc7, 0xf3, 0x27, 0xf3, 0xa7, 0xe1, 0xa7, 0xe9, 0x87, 0xe1, 0x87, 0xe9, 0x87, 0xe9, 0x87, 0xe9,
    0x66, 0xd1, 0x04, 0xb9, 0xc7, 0xb9, 0x1c, 0xef, 0xbf, 0xef, 0x5d, 0xef, 0x3d, 0xe7, 0x3d, 0xe7,
    0x5d, 0xef, 0xfd, 0xde, 0x19, 0x4c, 0xd8, 0x43, 0xbd, 0xce, 0xdf, 0xff, 0x79, 0x9d, 0xd4, 0x2a,
    0xd4, 0x3a, 0xf0, 0x21, 0x31, 0x32, 0xfd, 0xde, 0xff, 0xff, 0x7e, 0xf7, 0x3d, 0xe7, 0x3d, 0xe7,
    0x3d, 0xe7, 0x3d, 0xe7, 0x3d, 0xe7, 0x3d, 0xe7, 0x3d, 0xe7, 0x3d, 0xe7, 0x3d, 0xe7, 0x3d, 0xe7,
    0x3d, 0xef, 0x3d, 0xef, 0x3d, 0xe7, 0x3d, 0xe7, 0x3d, 0xe7, 0x3d, 0xe7, 0x3d, 0xe7, 0x3d, 0xe7,
    0x3d, 0xef, 0x3d, 0xe7, 0x3d, 0xe7, 0x3d, 0xe7, 0x5d, 0xef, 0xbe, 0xf7, 0x1c, 0xdf, 0xf5, 0x9c,
    0xf5, 0x9c, 0x7a, 0xd6, 0xdb, 0xde, 0x3d, 0xe7, 0xdf, 0xff, 0xfc, 0xde, 0x52, 0x8c, 0x73, 0x8c,
    0x32, 0x84, 0xf1, 0x7b, 0xbb, 0xd6, 0xff, 0xff, 0x3d, 0xe7, 0xdc, 0xde, 0x9a, 0xd6, 0xf5, 0x9c,
    0xd4, 0x9c, 0xfc, 0xde, 0xdf, 0xff, 0x7e, 0xef, 0x3d, 0xe7, 0x3d, 0xef, 0x3d, 0xef, 0x3d, 0xef,
    0x3d, 0xef, 0x3d, 0xef, 0x3d, 0xef, 0x3d, 0xef, 0x3d, 0xe7, 0x3d, 0xe7, 0x1d, 0xe7, 0x95, 0x8c,
    0x14, 0x7c, 0x35, 0x84, 0x34, 0x84, 0x35, 0x84, 0x35, 0x84, 0x54, 0x84, 0x18, 0x9d, 0x39, 0x9d,
    0xb7, 0x8c, 0xb7, 0x8c, 0xf6, 0x6b, 0xd4, 0x3a, 0xb5, 0x5b, 0x1d, 0xe7, 0x3d, 0xe7, 0x3d, 0xe7,
    0x9e, 0xf7, 0xba, 0x9d, 0x77, 0x33, 0x79, 0x64, 0x5d, 0xe7, 0x3d, 0xef, 0x3d, 0xe7, 0xbf, 0xef,
    0x72, 0xcc, 0x62, 0xa0, 0x67, 0xc2, 0x2e, 0xfe, 0x0e, 0xf6, 0x0a, 0xfd, 0xea, 0xfc, 0x48, 0xf4,
    0xc7, 0xfb, 0x27, 0xf3, 0xa7, 0xe1, 0xa7, 0xe9, 0x89, 0xea, 0xaa, 0xf2, 0x29, 0xea, 0x49, 0xf2,
    0xe7, 0xd9, 0xe3, 0xa8, 0x86, 0xa9, 0x9a, 0xe6, 0x5d, 0xe7, 0x3d, 0xef, 0x3d, 0xef, 0x3d, 0xe7,
    0x5d, 0xef, 0xfc, 0xd6, 0x19, 0x4c, 0xd8, 0x43, 0x7c, 0xc6, 0x7e, 0xf7, 0x59, 0x9d, 0xb4, 0x32,
    0x75, 0x53, 0x97, 0x84, 0xb7, 0x8c, 0x18, 0x9d, 0xd7, 0x8c, 0xfa, 0xbd, 0x5d, 0xef, 0x3d, 0xe7,
    0x3d, 0xe7, 0x3d, 0xe7, 0x3d, 0xe7, 0x3d, 0xe7, 0x3d, 0xe7, 0x3d, 0xe7, 0x3d, 0xe7, 0x3d, 0xe7,
    0x3d, 0xef, 0x3d, 0xef, 0x3d, 0xe7, 0x3d, 0xe7, 0x3d, 0xe7, 0x3d, 0xe7, 0x3d, 0xe7, 0x3d, 0xe7,
    0x3d, 0xef, 0x3d, 0xef, 0x3d, 0xe7, 0x3d, 0xe7, 0x5e, 0xef, 0xbe, 0xf7, 0x1c, 0xdf, 0xf5, 0x9c,
    0xf5, 0x9c, 0x7a, 0xd6, 0xdb, 0xde, 0x3d, 0xe7, 0xdf, 0xff, 0xfc, 0xde, 0x52, 0x8c, 0x72, 0x8c,
    0x32, 0x84, 0xf1, 0x7b, 0xbb, 0xd6, 0xff, 0xff, 0x3d, 0xe7, 0xdb, 0xde, 0x9a, 0xd6, 0xf5, 0x9c,
    0xf4, 0x9c, 0xfc, 0xde, 0xdf, 0xff, 0x7d, 0xef, 0x3d, 0xe7, 0x3d, 0xef, 0x3d, 0xef, 0x3d, 0xef,
    0x3d, 0xef, 0x3d, 0xef, 0x3d, 0xef, 0x3d, 0xef, 0x3d, 0xef, 0x3d, 0xef, 0x3d, 0xef, 0x9e, 0xf7,
    0x9e, 0xf7, 0x9e, 0xf7, 0x9e, 0xf7, 0x9f, 0xf7, 0xbe, 0xf7, 0x3d, 0xe7, 0x71, 0x3a, 0xcf, 0x21,
    0x1a, 0xbe, 0xff, 0xff, 0x79, 0xad, 0x11, 0x2a, 0x34, 0x53, 0x3e, 0xe7, 0x7d, 0xef, 0x3d, 0xe7,
    0x7e, 0xf7, 0xba, 0x9d, 0x77, 0x33, 0x79, 0x64, 0x3d, 0xe7, 0x3d, 0xef, 0x3d, 0xe7, 0xbf, 0xef,
    0x71, 0xcc, 0x41, 0xa0, 0xe5, 0xb9, 0xc7, 0xfc, 0xa8, 0xf4, 0x07, 0xf4, 0xc7, 0xf3, 0xc7, 0xf3,
    0x07, 0xfc, 0x27, 0xf3, 0x87, 0xe1, 0xc7, 0xe9, 0xac, 0xfb, 0xcd, 0xfb, 0x2c, 0xfb, 0x0c, 0xfb,
    0x49, 0xda, 0x82, 0x90, 0x66, 0x99, 0xbb, 0xee, 0x5e, 0xef, 0x3d, 0xef, 0x3d, 0xef, 0x3d, 0xe7,
    0x5d, 0xef, 0xfd, 0xd6, 0x19, 0x4c, 0xb7, 0x43, 0x9c, 0xc6, 0xdf, 0xff, 0x58, 0xa5, 0x11, 0x2a,
    0xb5, 0x63, 0x9f, 0xf7, 0x9e, 0xef, 0x33, 0x53, 0x6f, 0x11, 0x97, 0x8c, 0xdf, 0xff, 0x3d, 0xef,
    0x3d, 0xef, 0x3d, 0xe7, 0x3d, 0xe7, 0x3d, 0xe7, 0x3d, 0xe7, 0x3d, 0xe7, 0x3d, 0xe7, 0x3d, 0xe7,
    0x3d, 0xe7, 0x3d, 0xe7, 0x3d, 0xe7, 0x3d, 0xe7, 0x3d, 0xe7, 0x3d, 0xe7, 0x3d, 0xe7, 0x3d, 0xe7,
    0x3d, 0xef, 0x3d, 0xef, 0x3d, 0xe7, 0x3d, 0xe7, 0x5e, 0xef, 0xde, 0xff, 0xfc, 0xde, 0xf5, 0x9c,
    0xf5, 0x9c, 0x9a, 0xd6, 0xdb, 0xde, 0x3d, 0xe7, 0xdf, 0xff, 0xfc, 0xde, 0x52, 0x8c, 0x72, 0x8c,
    0x32, 0x84, 0xf1, 0x7b, 0xbb, 0xd6, 0xff, 0xff, 0x3d, 0xef, 0xdc, 0xde, 0x9a, 0xd6, 0xf5, 0x9c,
    0xd4, 0x9c, 0xfc, 0xde, 0xdf, 0xff, 0x7d, 0xef, 0x3d, 0xe7, 0x3d, 0xe7, 0x3d, 0xef, 0x3d, 0xe7,
    0x3d, 0xef, 0x3d, 0xef, 0x3d, 0xef, 0x3d, 0xef, 0x3d, 0xef, 0x3d, 0xef, 0x3d, 0xef, 0x3c, 0xe7,
    0x3c, 0xe7, 0x3c, 0xe7, 0x3c, 0xe7, 0x3d, 0xe7, 0x5d, 0xe7, 0xdc, 0xde, 0x94, 0x63, 0x13, 0x53,
    0x79, 0xa5, 0xfc, 0xde, 0x38, 0x9d, 0x13, 0x53, 0xf5, 0x6b, 0x9c, 0xce, 0xbc, 0xce, 0x1d, 0xdf,
    0x9d, 0xf7, 0xbb, 0x9d, 0x77, 0x33, 0x79, 0x64, 0x5d, 0xe7, 0x3d, 0xef, 0x3d, 0xe7, 0x9f, 0xef,
    0xd3, 0xd4, 0x46, 0xa1, 0x88, 0xc2, 0x48, 0xf4, 0x48, 0xf4, 0x08, 0xf4, 0xe7, 0xfb, 0xa8, 0xf3,
    0xa8, 0xf3, 0xe8, 0xf2, 0x87, 0xe1, 0xe8, 0xe9, 0x4c, 0xfb, 0x8c, 0xfb, 0xeb, 0xfa, 0xab, 0xfa,
    0xe8, 0xd1, 0xa3, 0x98, 0x66, 0xa1, 0xbb, 0xee, 0x7e, 0xe7, 0x3d, 0xef, 0x3d, 0xef, 0x3d, 0xe7,
    0x5d, 0xef, 0xfd, 0xd6, 0xf8, 0x4b, 0xb7, 0x3b, 0x1b, 0xae, 0xfd, 0xde, 0x38, 0x9d, 0xf2, 0x4a,
    0x56, 0x7c, 0x3d, 0xef, 0x3d, 0xe7, 0x36, 0x7c, 0x13, 0x53, 0x17, 0x9d, 0xbb, 0xce, 0x9b, 0xce,
    0x3d, 0xe7, 0x3d, 0xe7, 0x3d, 0xe7, 0x3d, 0xe7, 0x3d, 0xe7, 0x3d, 0xe7, 0x3d, 0xe7, 0x3d, 0xe7,
    0x3d, 0xe7, 0x3d, 0xe7, 0x3d, 0xe7, 0x3d, 0xe7, 0x3d, 0xe7, 0x3d, 0xe7, 0x3d, 0xe7, 0x3d, 0xe7,
    0x3d, 0xef, 0x3d, 0xef, 0x3d, 0xe7, 0x3d, 0xe7, 0x5e, 0xef, 0xbe, 0xf7, 0xfc, 0xde, 0xf5, 0x9c,
    0xf5, 0x9c, 0x7a, 0xd6, 0xdb, 0xde, 0x3d, 0xe7, 0xdf, 0xff, 0xfc, 0xde, 0x52, 0x8c, 0x72, 0x8c,
    0x32, 0x84, 0xf1, 0x7b, 0xbb, 0xd6, 0xff, 0xff, 0x3d, 0xef, 0xdc, 0xde, 0x9a, 0xd6, 0xf5, 0x9c,
    0xd4, 0x9c, 0xfc, 0xde, 0xdf, 0xff, 0x7e, 0xef, 0x3d, 0xe7, 0x3d, 0xef, 0x3d, 0xef, 0x3d, 0xef,
    0x3d, 0xef, 0x3d, 0xef, 0x3d, 0xef, 0x3d, 0xef, 0x3d, 0xef, 0x3d, 0xef, 0x3d, 0xef, 0x3d, 0xef,
    0x3d, 0xe7, 0x3d, 0xef, 0x3d, 0xe7, 0x3d, 0xef, 0x3d, 0xef, 0x3d, 0xef, 0xfd, 0xde, 0x3d, 0xef,
    0x56, 0x7c, 0x52, 0x32, 0x97, 0x84, 0x7e, 0xf7, 0x9b, 0xce, 0x14, 0x4b, 0xf3, 0x42, 0x7c, 0xce,
    0xbe, 0xf7, 0x9a, 0x9d, 0x77, 0x33, 0x79, 0x64, 0x5d, 0xe7, 0x3d, 0xef, 0x3d, 0xef, 0x5d, 0xe7,
    0x1c, 0xe7, 0x1c, 0xef, 0x96, 0xdd, 0x64, 0xb1, 0x85, 0xb9, 0x88, 0xeb, 0x08, 0xfc, 0x07, 0xe3,
    0x05, 0xd2, 0x06, 0xe2, 0xc7, 0xe9, 0xc8, 0xe9, 0xcb, 0xfa, 0x2c, 0xfb, 0x29, 0xea, 0xa8, 0xf1,
    0x66, 0xd1, 0xc3, 0xa8, 0x66, 0xa9, 0x9a, 0xe6, 0x5e, 0xef, 0x3d, 0xe7, 0x3d, 0xef, 0x3d, 0xe7,
    0x5d, 0xef, 0xdd, 0xd6, 0xb7, 0x4b, 0xb8, 0x43, 0x55, 0x4b, 0xb2, 0x3a, 0xf8, 0x94, 0x3e, 0xef,
    0xfd, 0xde, 0x3d, 0xe7, 0x3d, 0xef, 0x1d, 0xe7, 0x9e, 0xf7, 0x38, 0x9d, 0xf0, 0x29, 0x95, 0x63,
    0x5d, 0xef, 0x3d, 0xef, 0x3d, 0xe7, 0x3d, 0xef, 0x3d, 0xef, 0x3d, 0xe7, 0x3d, 0xe7, 0x3d, 0xe7,
    0x3d, 0xe7, 0x3d, 0xe7, 0x3d, 0xe7, 0x3d, 0xe7, 0x3d, 0xe7, 0x3d, 0xe7, 0x3d, 0xe7, 0x3d, 0xe7,
    0x3d, 0xe7, 0x3d, 0xe7, 0x3d, 0xe7, 0x3d, 0xe7, 0x5e, 0xef, 0xdf, 0xff, 0x1c, 0xdf, 0xf5, 0x9c,
    0xf5, 0x9c, 0x7a, 0xd6, 0xdb, 0xde, 0x3d, 0xe7, 0xdf, 0xff, 0xfc, 0xde, 0x52, 0x8c, 0x73, 0x8c,
    0x32, 0x84, 0xf1, 0x7b, 0xbb, 0xd6, 0xff, 0xff, 0x3d, 0xef, 0xdc, 0xde, 0x9a, 0xd6, 0xf5, 0x9c,
    0xf4, 0x9c, 0xfc, 0xde, 0xdf, 0xff, 0x7e, 0xef, 0x3d, 0xe7, 0x3d, 0xef, 0x3d, 0xef, 0x3d, 0xef,
    0x3d, 0xef, 0x3d, 0xef, 0x3d, 0xef, 0x3d, 0xef, 0x3d, 0xef, 0x3d, 0xef, 0x3d, 0xef, 0x3d, 0xef,
    0x3d, 0xef, 0x3d, 0xef, 0x3d, 0xe7, 0x3d, 0xef, 0x3d, 0xef, 0x3d, 0xe7, 0x7e, 0xef, 0x9e, 0xf7,
    0xf5, 0x6b, 0xf1, 0x21, 0x76, 0x84, 0xbe, 0xff, 0xbc, 0xce, 0xd3, 0x42, 0x92, 0x32, 0x7c, 0xce,
    0xdf, 0xff, 0xba, 0x9d, 0x57, 0x33, 0x79, 0x64, 0x5d, 0xe7, 0x3d, 0xef, 0x3d, 0xe7, 0x3d, 0xef,
    0x3d, 0xef, 0x9e, 0xef, 0xd7, 0xdd, 0xc3, 0xb0, 0x23, 0xb1, 0xa7, 0xeb, 0x48, 0xfc, 0xc6, 0xe2,
    0xe5, 0xd1, 0xe7, 0xe1, 0xa7, 0xe9, 0xc7, 0xe9, 0xcb, 0xfa, 0x2c, 0xfb, 0x09, 0xf2, 0xa7, 0xe9,
    0xa7, 0xd9, 0xa3, 0xa0, 0x46, 0xa9, 0xbb, 0xe6, 0x5e, 0xef, 0x3d, 0xe7, 0x3d, 0xef, 0x3d, 0xe7,
    0x5d, 0xef, 0xdc, 0xd6, 0xb7, 0x4b, 0x97, 0x43, 0x35, 0x43, 0xb2, 0x3a, 0xf8, 0x94, 0x7e, 0xf7,
    0x3d, 0xe7, 0x3d, 0xe7, 0x3d, 0xe7, 0x3d, 0xe7, 0x7e, 0xf7, 0x18, 0x9d, 0x10, 0x2a, 0xb4, 0x6b,
    0x3e, 0xef, 0x1d, 0xe7, 0x3d, 0xe7, 0x5d, 0xe7, 0x3d, 0xef, 0x3d, 0xe7, 0x3d, 0xe7, 0x3d, 0xe7,
    0x3d, 0xe7, 0x3d, 0xe7, 0x3d, 0xe7, 0x3d, 0xe7, 0x3d, 0xe7, 0x3d, 0xe7, 0x3d, 0xe7, 0x3d, 0xe7,
    0x3d, 0xe7, 0x3d, 0xe7, 0x3d, 0xe7, 0x3d, 0xe7, 0x5e, 0xef, 0xdf, 0xff, 0x1c, 0xe7, 0xf5, 0x9c,
    0xf5, 0x9c, 0x9b, 0xd6, 0xdb, 0xde, 0x3d, 0xe7, 0xdf, 0xff, 0xfc, 0xde, 0x52, 0x8c, 0x53, 0x8c,
    0x32, 0x84, 0xf1, 0x7b, 0xbb, 0xd6, 0xff, 0xff, 0x3d, 0xe7, 0xdb, 0xde, 0x9a, 0xd6, 0xf5, 0x9c,
    0xf4, 0x9c, 0xfc, 0xde, 0xdf, 0xff, 0x7e, 0xef, 0x3d, 0xe7, 0x3d, 0xe7, 0x3d, 0xef, 0x3d, 0xef,
    0x3d, 0xef, 0x3d, 0xef, 0x3d, 0xef, 0x3d, 0xef, 0x3d, 0xef, 0x3d, 0xef, 0x3d, 0xef, 0x3d, 0xef,
    0x3d, 0xef, 0x3d, 0xef, 0x3d, 0xef, 0x3d, 0xe7, 0x3d, 0xef, 0xfd, 0xde, 0xf5, 0x73, 0x94, 0x63,
    0x79, 0xad, 0x3b, 0xc6, 0x9c, 0xce, 0x5d, 0xef, 0x1c, 0xe7, 0x1b, 0xbe, 0x3b, 0xc6, 0xf8, 0x8c,
    0x36, 0x7c, 0xf7, 0x63, 0x77, 0x3b, 0x58, 0x64, 0x3d, 0xe7, 0x3d, 0xe7, 0x3d, 0xe7, 0x5d, 0xef,
    0x3d, 0xef, 0x5d, 0xef, 0xbb, 0xe6, 0x14, 0xd5, 0x14, 0xd5, 0x88, 0xc2, 0x05, 0xc2, 0x85, 0xb9,
    0x45, 0xb9, 0x45, 0xb1, 0x04, 0xa9, 0x04, 0xa9, 0x45, 0xb1, 0x45, 0xa9, 0x46, 0xb9, 0xe5, 0xc0,
    0x0c, 0xcb, 0xf8, 0xdd, 0xf8, 0xdd, 0x3d, 0xef, 0x3d, 0xef, 0x3d, 0xef, 0x3d, 0xef, 0x3d, 0xe7,
    0x3d, 0xef, 0xdc, 0xd6, 0x34, 0x43, 0xf3, 0x32, 0xda, 0xad, 0x9c, 0xce, 0xdc, 0xde, 0x5d, 0xef,
    0x3d, 0xe7, 0x3d, 0xef, 0x3d, 0xef, 0x3d, 0xe7, 0x5d, 0xef, 0xbc, 0xd6, 0x7b, 0xce, 0x3b, 0xc6,
    0x33, 0x53, 0x73, 0x5b, 0xbd, 0xd6, 0x5d, 0xef, 0x3d, 0xe7, 0x3d, 0xef, 0x3d, 0xe7, 0x3d, 0xef,
    0x3d, 0xe7, 0x3d, 0xe7, 0x3d, 0xef, 0x3d, 0xef, 0x3d, 0xef, 0x3d, 0xef, 0x3d, 0xe7, 0x3d, 0xe7,
    0x3d, 0xef, 0x3d, 0xef, 0x3d, 0xe7, 0x3d, 0xe7, 0x5e, 0xef, 0xbe, 0xf7, 0x1c, 0xe7, 0xf5, 0x9c,
    0xf5, 0x9c, 0x9b, 0xd6, 0xdb, 0xde, 0x3d, 0xe7, 0xdf, 0xff, 0xfc, 0xde, 0x52, 0x8c, 0x73, 0x8c,
    0x32, 0x84, 0xf1, 0x7b, 0xbb, 0xd6, 0xff, 0xff, 0x3d, 0xe7, 0xdb, 0xde, 0x9a, 0xd6, 0xf5, 0x9c,
    0xf4, 0x9c, 0xfc, 0xde, 0xdf, 0xff, 0x7e, 0xef, 0x3d, 0xe7, 0x3d, 0xe7, 0x3d, 0xe7, 0x3d, 0xef,
    0x3d, 0xef, 0x3d, 0xef, 0x3d, 0xef, 0x3d, 0xef, 0x3d, 0xef, 0x3d, 0xef, 0x3d, 0xef, 0x3d, 0xef,
    0x3d, 0xef, 0x3d, 0xef, 0x3d, 0xef, 0x5d, 0xef, 0xbe, 0xf7, 0x5e, 0xe7, 0x71, 0x3a, 0xb0, 0x19,
    0xfb, 0xbd, 0xbe, 0xff, 0x5d, 0xef, 0x3d, 0xef, 0x5d, 0xef, 0x7e, 0xef, 0x9e, 0xf7, 0x54, 0x53,
    0xd1, 0x21, 0xf4, 0x3a, 0x97, 0x3b, 0x78, 0x64, 0x9e, 0xf7, 0x7d, 0xf7, 0x5d, 0xef, 0x3d, 0xef,
    0x3d, 0xef, 0x3d, 0xe7, 0x5d, 0xef, 0xbe, 0xef, 0x7e, 0xef, 0xa7, 0xa9, 0x21, 0xa0, 0x82, 0xa0,
    0x82, 0xa8, 0x82, 0x98, 0x61, 0x90, 0x62, 0x90, 0x41, 0x90, 0x41, 0x90, 0x83, 0xa8, 0x21, 0xa0,
    0x0c, 0xbb, 0xdf, 0xf7, 0x7e, 0xef, 0x3d, 0xef, 0x3d, 0xef, 0x3d, 0xef, 0x3d, 0xe7, 0x5d, 0xef,
    0xbe, 0xf7, 0x1d, 0xdf, 0xf3, 0x42, 0x92, 0x32, 0x3b, 0xc6, 0x9e, 0xff, 0x3d, 0xef, 0x3d, 0xe7,
    0x3d, 0xef, 0x3d, 0xef, 0x3d, 0xef, 0x3d, 0xef, 0x3d, 0xe7, 0x5d, 0xef, 0xbe, 0xf7, 0x5b, 0xce,
    0x31, 0x32, 0x72, 0x3a, 0x7c, 0xce, 0x7d, 0xef, 0x3d, 0xe7, 0x3d, 0xef, 0x3d, 0xef, 0x3d, 0xef,
    0x3d, 0xef, 0x3d, 0xef, 0x3d, 0xef, 0x3d, 0xef, 0x3d, 0xef, 0x3d, 0xef, 0x3d, 0xef, 0x3d, 0xef,
    0x3d, 0xef, 0x3d, 0xef, 0x3d, 0xe7, 0x3d, 0xe7, 0x5e, 0xef, 0xde, 0xff, 0x1c, 0xe7, 0xf5, 0x9c,
    0xf5, 0x9c, 0x9b, 0xd6, 0xdb, 0xde, 0x3d, 0xe7, 0xff, 0xff, 0xfc, 0xde, 0x52, 0x8c, 0x73, 0x8c,
    0x32, 0x84, 0xf1, 0x7b, 0xbb, 0xd6, 0xff, 0xff, 0x3d, 0xe7, 0xdb, 0xde, 0x9a, 0xd6, 0xf5, 0x9c,
    0xd4, 0x9c, 0xfc, 0xde, 0xdf, 0xff, 0x7e, 0xef, 0x3d, 0xe7, 0x3d, 0xe7, 0x3d, 0xe7, 0x3d, 0xe7,
    0x3d, 0xef, 0x3d, 0xe7, 0x3d, 0xef, 0x3d, 0xef, 0x3d, 0xef, 0x3d, 0xef, 0x3d, 0xef, 0x3d, 0xef,
    0x3d, 0xef, 0x3d, 0xe7, 0x5d, 0xef, 0x9c, 0xd6, 0x18, 0x9d, 0x18, 0x9d, 0xd7, 0x8c, 0xb7, 0x8c,
    0x7c, 0xce, 0x5d, 0xef, 0x3d, 0xe7, 0x3d, 0xef, 0x3d, 0xe7, 0x3d, 0xe7, 0x3d, 0xe7, 0xf8, 0x94,
    0x57, 0x7c, 0x16, 0x6c, 0x36, 0x3b, 0xd7, 0x5b, 0xba, 0xad, 0xda, 0xad, 0x1d, 0xe7, 0x5d, 0xef,
    0x3d, 0xe7, 0x5d, 0xef, 0x3d, 0xef, 0x3d, 0xe7, 0x1c, 0xe7, 0xef, 0xc3, 0x2d, 0xc3, 0x4d, 0xc3,
    0x4d, 0xc3, 0x4d, 0xbb, 0x2d, 0xbb, 0x4d, 0xbb, 0xaf, 0xbb, 0xcf, 0xc3, 0xf0, 0xc3, 0xaf, 0xcb,
    0x35, 0xdd, 0x7d, 0xef, 0x3d, 0xe7, 0x3d, 0xef, 0x3d, 0xe7, 0x3d, 0xe7, 0x5d, 0xef, 0x9c, 0xce,
    0x38, 0x9d, 0x39, 0x95, 0x76, 0x43, 0x15, 0x33, 0x1b, 0xbe, 0x7d, 0xef, 0x3d, 0xe7, 0x3d, 0xef,
    0x3d, 0xef, 0x3d, 0xe7, 0x3d, 0xef, 0x3d, 0xef, 0x3d, 0xef, 0x3d, 0xe7, 0x7e, 0xef, 0x5b, 0xc6,
    0x72, 0x3a, 0xb2, 0x42, 0x9c, 0xd6, 0x5d, 0xef, 0x3d, 0xe7, 0x3d, 0xef, 0x3d, 0xe7, 0x3d, 0xef,
    0x3d, 0xef, 0x3d, 0xef, 0x3d, 0xef, 0x3d, 0xef, 0x3d, 0xe7, 0x3d, 0xef, 0x3d, 0xef, 0x3d, 0xef,
    0x3d, 0xef, 0x3d, 0xef, 0x3d, 0xef, 0x3d, 0xe7, 0x5e, 0xef, 0xdf, 0xff, 0x1c, 0xdf, 0xf5, 0x9c,
    0xf5, 0x9c, 0x9b, 0xd6, 0xdb, 0xde, 0x3d, 0xe7, 0xdf, 0xff, 0xfc, 0xde, 0x52, 0x8c, 0x73, 0x8c,
    0x32, 0x84, 0xf1, 0x7b, 0xbb, 0xd6, 0xff, 0xff, 0x3d, 0xe7, 0xdc, 0xde, 0x9a, 0xd6, 0xf5, 0x9c,
    0xf4, 0x9c, 0xfc, 0xde, 0xdf, 0xff, 0x7e, 0xef, 0x3d, 0xe7, 0x3d, 0xe7, 0x3d, 0xe7, 0x3d, 0xe7,
    0x3d, 0xef, 0x3d, 0xe7, 0x3d, 0xef, 0x3d, 0xef, 0x3d, 0xef, 0x3d, 0xef, 0x3d, 0xef, 0x3d, 0xef,
    0x3d, 0xef, 0x3d, 0xe7, 0x7e, 0xf7, 0xda, 0xb5, 0x11, 0x22, 0xb1, 0x3a, 0x3e, 0xe7, 0xbe, 0xff,
    0x5d, 0xef, 0x3d, 0xe7, 0x3d, 0xe7, 0x3d, 0xef, 0x3d, 0xef, 0x3d, 0xef, 0x3d, 0xef, 0x5d, 0xef,
    0xbe, 0xff, 0xdb, 0xad, 0xd4, 0x3a, 0x15, 0x3b, 0xd4, 0x32, 0xf5, 0x3a, 0xdc, 0xd6, 0x7d, 0xf7,
    0x3d, 0xef, 0x3d, 0xef, 0x5d, 0xe7, 0x5d, 0xe7, 0x3d, 0xef, 0x9e, 0xef, 0x9f, 0xef, 0x9e, 0xef,
    0x9e, 0xef, 0x9e, 0xef, 0xbe, 0xf7, 0x9f, 0xef, 0xbf, 0xef, 0xbf, 0xef, 0xbe, 0xef, 0xbe, 0xef,
    0x9e, 0xef, 0x5d, 0xe7, 0x5d, 0xef, 0x7e, 0xef, 0x7d, 0xef, 0x5e, 0xef, 0xbe, 0xff, 0xba, 0xad,
    0x10, 0x22, 0x93, 0x32, 0xb8, 0x43, 0x97, 0x3b, 0x5c, 0xbe, 0x7d, 0xf7, 0x3d, 0xe7, 0x3d, 0xef,
    0x3d, 0xe7, 0x3d, 0xe7, 0x3d, 0xef, 0x3d, 0xef, 0x3d, 0xef, 0x3d, 0xe7, 0x7d, 0xef, 0x5b, 0xc6,
    0x31, 0x32, 0x91, 0x3a, 0xfd, 0xde, 0x9e, 0xf7, 0x5d, 0xef, 0x3d, 0xef, 0x3d, 0xef, 0x3d, 0xe7,
    0x3d, 0xef, 0x3d, 0xef, 0x3d, 0xef, 0x3d, 0xef, 0x3d, 0xe7, 0x3d, 0xef, 0x3d, 0xef, 0x3d, 0xef,
    0x3d, 0xef, 0x3d, 0xef, 0x3d, 0xef, 0x3d, 0xe7, 0x7e, 0xef, 0xdf, 0xff, 0x1c, 0xe7, 0xf5, 0x9c,
    0xf5, 0x9c, 0x9b, 0xd6, 0xdb, 0xde, 0x3d, 0xe7, 0xdf, 0xff, 0xfc, 0xde, 0x52, 0x8c, 0x73, 0x8c,
    0x32, 0x84, 0xf1, 0x7b, 0xbb, 0xd6, 0xff, 0xff, 0x3d, 0xef, 0xdc, 0xde, 0x9b, 0xd6, 0x15, 0xa5,
    0xf4, 0x9c, 0xfc, 0xde, 0xdf, 0xff, 0x7e, 0xef, 0x3d, 0xe7, 0x3d, 0xe7, 0x3d, 0xe7, 0x3d, 0xef,
    0x3d, 0xef, 0x3d, 0xef, 0x3d, 0xef, 0x3d, 0xef, 0x3d, 0xef, 0x3d, 0xef, 0x3d, 0xef, 0x3d, 0xef,
    0x3d, 0xef, 0x3d, 0xe7, 0x7e, 0xef, 0xfa, 0xbd, 0x51, 0x32, 0xf3, 0x52, 0xfc, 0xde, 0x5d, 0xe7,
    0x3d, 0xe7, 0x3d, 0xef, 0x3d, 0xef, 0x3d, 0xef, 0x3d, 0xef, 0x3d, 0xef, 0x5d, 0xe7, 0x3d, 0xe7,
    0x7e, 0xf7, 0xba, 0xa5, 0xd4, 0x32, 0x55, 0x43, 0xb6, 0x53, 0xd6, 0x5b, 0xbc, 0xce, 0x1d, 0xdf,
    0x3d, 0xe7, 0x5d, 0xef, 0x3d, 0xef, 0x3d, 0xef, 0x5d, 0xef, 0x3d, 0xef, 0x3d, 0xef, 0x3d, 0xe7,
    0x3d, 0xef, 0x3d, 0xe7, 0x3d, 0xe7, 0x3d, 0xe7, 0x3d, 0xe7, 0x3d, 0xe7, 0x1d, 0xef, 0x3d, 0xe7,
    0x3d, 0xe7, 0x3d, 0xef, 0x3d, 0xef, 0x9c, 0xce, 0x7c, 0xc6, 0x7b, 0xc6, 0x9c, 0xce, 0x99, 0xa5,
    0x15, 0x6c, 0x36, 0x6c, 0xb7, 0x43, 0x97, 0x3b, 0x5c, 0xbe, 0x7d, 0xf7, 0x3d, 0xe7, 0x3d, 0xef,
    0x3d, 0xef, 0x3d, 0xe7, 0x3d, 0xe7, 0x3d, 0xef, 0x3d, 0xe7, 0x3d, 0xef, 0x7d, 0xef, 0x7b, 0xce,
    0x53, 0x5b, 0xb4, 0x6b, 0x1b, 0xbe, 0x5b, 0xc6, 0xfc, 0xde, 0x5d, 0xef, 0x3d, 0xef, 0x3d, 0xe7,
    0x3d, 0xef, 0x3d, 0xef, 0x3d, 0xe7, 0x3d, 0xe7, 0x3d, 0xef, 0x3d, 0xef, 0x3d, 0xef, 0x3d, 0xe7,
    0x3d, 0xef, 0x3d, 0xef, 0x3d, 0xef, 0x3d, 0xe7, 0x5e, 0xef, 0xdf, 0xff, 0xfc, 0xde, 0xf5, 0x9c,
    0xf5, 0x9c, 0x7b, 0xd6, 0xdb, 0xde, 0x3d, 0xe7, 0xdf, 0xff, 0xfc, 0xde, 0x52, 0x8c, 0x73, 0x8c,
    0x32, 0x84, 0x11, 0x84, 0xbb, 0xd6, 0xff, 0xff, 0x3d, 0xef, 0xdc, 0xde, 0x9a, 0xd6, 0xf5, 0x9c,
    0xf4, 0x9c, 0xfc, 0xde, 0xdf, 0xff, 0x7e, 0xef, 0x3d, 0xe7, 0x3d, 0xe7, 0x3d, 0xe7, 0x3d, 0xef,
    0x3d, 0xef, 0x3d, 0xef, 0x3d, 0xef, 0x3d, 0xef, 0x3d, 0xef, 0x3d, 0xef, 0x3d, 0xef, 0x3d, 0xef,
    0x3d, 0xef, 0x3d, 0xe7, 0x7e, 0xf7, 0xfa, 0xbd, 0x51, 0x32, 0xd3, 0x4a, 0xfd, 0xde, 0x5d, 0xef,
    0x3d, 0xe7, 0x3d, 0xef, 0x3d, 0xef, 0x3d, 0xef, 0x3d, 0xef, 0x3d, 0xef, 0x3d, 0xef, 0x3d, 0xe7,
    0x7e, 0xf7, 0x7a, 0xad, 0x52, 0x32, 0x74, 0x5b, 0x1d, 0xdf, 0x1d, 0xdf, 0x16, 0x64, 0x14, 0x43,
    0xba, 0xa5, 0x7e, 0xf7, 0x3d, 0xe7, 0x3d, 0xef, 0x5d, 0xe7, 0x5d, 0xef, 0x3d, 0xef, 0x3d, 0xef,
    0x5d, 0xef, 0x3d, 0xef, 0x3d, 0xef, 0x5d, 0xe7, 0x3d, 0xef, 0x3d, 0xef, 0x5d, 0xe7, 0x3d, 0xef,
    0x3d, 0xef, 0x5d, 0xef, 0x1d, 0xe7, 0x74, 0x53, 0xd3, 0x3a, 0xf3, 0x42, 0x92, 0x32, 0xb8, 0x84,
    0xde, 0xff, 0x3e, 0xe7, 0x59, 0x5c, 0xb8, 0x3b, 0x5c, 0xbe, 0x7d, 0xf7, 0x3d, 0xe7, 0x3d, 0xef,
    0x3d, 0xef, 0x3d, 0xef, 0x3d, 0xef, 0x3d, 0xef, 0x5d, 0xe7, 0x3d, 0xef, 0x3d, 0xef, 0x3d, 0xe7,
    0x5e, 0xe7, 0x1d, 0xdf, 0x13, 0x53, 0x10, 0x2a, 0xb9, 0xad, 0x9e, 0xf7, 0x1d, 0xe7, 0x3d, 0xe7,
    0x3d, 0xef, 0x3d, 0xef, 0x3d, 0xef, 0x3d, 0xef, 0x3d, 0xef, 0x3d, 0xef, 0x3d, 0xe7, 0x3d, 0xef,
    0x3d, 0xef, 0x3d, 0xef, 0x3d, 0xef, 0x3d, 0xe7, 0x5e, 0xef, 0xde, 0xff, 0x1c, 0xdf, 0xf5, 0x9c,
    0xf5, 0x9c, 0x7b, 0xd6, 0xdb, 0xde, 0x3d, 0xe7, 0xdf, 0xff, 0xfc, 0xde, 0x52, 0x8c, 0x73, 0x8c,
    0x32, 0x84, 0xf1, 0x83, 0xbb, 0xd6, 0xff, 0xff, 0x3d, 0xef, 0xdc, 0xde, 0x9a, 0xd6, 0xf5, 0x9c,
    0xd4, 0x9c, 0xfc, 0xde, 0xdf, 0xff, 0x7e, 0xef, 0x3d, 0xe7, 0x3d, 0xe7, 0x3d, 0xe7, 0x3d, 0xef,
    0x3d, 0xef, 0x3d, 0xef, 0x3d, 0xef, 0x3d, 0xef, 0x3d, 0xef, 0x3d, 0xef, 0x3d, 0xef, 0x3d, 0xef,
    0x3d, 0xef, 0x3d, 0xe7, 0x9e, 0xef, 0xda, 0xb5, 0x30, 0x32, 0xd2, 0x4a, 0xfd, 0xde, 0x5d, 0xef,
    0x3d, 0xe7, 0x3d, 0xef, 0x3d, 0xef, 0x3d, 0xef, 0x3d, 0xef, 0x3d, 0xef, 0x5d, 0xe7, 0x3d, 0xe7,
    0x9e, 0xf7, 0x9a, 0xad, 0x52, 0x2a, 0x74, 0x5b, 0x5d, 0xef, 0x3d, 0xe7, 0x75, 0x53, 0x73, 0x22,
    0x59, 0x9d, 0x9e, 0xff, 0x5d, 0xe7, 0x5d, 0xef, 0x5e, 0xe7, 0x3d, 0xef, 0x3d, 0xef, 0x3d, 0xe7,
    0x5d, 0xe7, 0x5d, 0xef, 0x3d, 0xef, 0x3d, 0xef, 0x3d, 0xef, 0x3d, 0xef, 0x5d, 0xe7, 0x5d, 0xe7,
    0x3d, 0xef, 0x7d, 0xef, 0x1d, 0xe7, 0x74, 0x53, 0xd3, 0x3a, 0x13, 0x43, 0x92, 0x32, 0xb7, 0x84,
    0x9e, 0xf7, 0x1d, 0xe7, 0x79, 0x5c, 0xb8, 0x3b, 0x7c, 0xbe, 0x7d, 0xf7, 0x3d, 0xe7, 0x3d, 0xef,
    0x3d, 0xef, 0x3d, 0xef, 0x3d, 0xef, 0x3d, 0xef, 0x3d, 0xef, 0x3d, 0xef, 0x3d, 0xe7, 0x3d, 0xe7,
    0x5d, 0xef, 0x1d, 0xdf, 0x13, 0x53, 0x11, 0x2a, 0xb9, 0xad, 0x9e, 0xf7, 0x3d, 0xe7, 0x5d, 0xe7,
    0x3d, 0xef, 0x3d, 0xef, 0x3d, 0xef, 0x3d, 0xef, 0x3d, 0xe7, 0x3d, 0xe7, 0x3d, 0xef, 0x3d, 0xef,
    0x3d, 0xef, 0x3d, 0xe7, 0x3d, 0xef, 0x3d, 0xe7, 0x5e, 0xef, 0xdf, 0xff, 0x1c, 0xdf, 0xd5, 0x9c,
    0xf4, 0x9c, 0x9a, 0xd6, 0xdb, 0xde, 0x3d, 0xe7, 0xdf, 0xff, 0xfc, 0xde, 0x52, 0x8c, 0x73, 0x8c,
    0x32, 0x84, 0xf1, 0x83, 0xbb, 0xd6, 0xff, 0xff, 0x3d, 0xe7, 0xdc, 0xde, 0x9a, 0xd6, 0xf5, 0x9c,
    0xf4, 0x9c, 0xfc, 0xde, 0xdf, 0xff, 0x7e, 0xef, 0x3d, 0xe7, 0x3d, 0xe7, 0x3d, 0xe7, 0x3d, 0xef,
    0x3d, 0xef, 0x3d, 0xef, 0x3d, 0xef, 0x3d, 0xef, 0x3d, 0xef, 0x3d, 0xef, 0x3d, 0xef, 0x3d, 0xe7,
    0x7e, 0xf7, 0xd6, 0x94, 0xb1, 0x4a, 0x36, 0x7c, 0x7c, 0xce, 0x7b, 0xce, 0x3d, 0xe7, 0x5d, 0xef,
    0x3d, 0xef, 0x3d, 0xef, 0x3d, 0xef, 0x3d, 0xef, 0x3d, 0xef, 0x3d, 0xef, 0x3d, 0xef, 0x3d, 0xef,
    0x9d, 0xf7, 0x99, 0xad, 0x52, 0x32, 0x94, 0x63, 0x3d, 0xe7, 0x3d, 0xe7, 0x5b, 0xc6, 0x5b, 0xbe,
    0x59, 0x9d, 0xd5, 0x63, 0x16, 0x64, 0x78, 0x64, 0x99, 0x6c, 0xdc, 0xd6, 0x5d, 0xef, 0x3d, 0xe7,
    0x3d, 0xe7, 0x3d, 0xe7, 0x3d, 0xef, 0x3d, 0xef, 0x3d, 0xef, 0x5d, 0xef, 0x1d, 0xe7, 0x5e, 0xef,
    0x5b, 0xc6, 0xb5, 0x5b, 0x35, 0x6c, 0x3b, 0xbe, 0x9b, 0xce, 0x9c, 0xce, 0x7b, 0xc6, 0xbc, 0xd6,
    0x7d, 0xef, 0x3d, 0xe7, 0x38, 0x5c, 0xb7, 0x3b, 0x7c, 0xbe, 0x7d, 0xf7, 0x3d, 0xe7, 0x3d, 0xef,
    0x3d, 0xef, 0x3d, 0xef, 0x3d, 0xef, 0x3d, 0xef, 0x3d, 0xef, 0x3d, 0xef, 0x3d, 0xef, 0x3d, 0xe7,
    0x5d, 0xef, 0x1d, 0xdf, 0x33, 0x53, 0x31, 0x32, 0x9a, 0xad, 0x7e, 0xf7, 0x3c, 0xe7, 0x5d, 0xe7,
    0x3d, 0xef, 0x3d, 0xef, 0x3d, 0xef, 0x3d, 0xef, 0x3d, 0xef, 0x3d, 0xef, 0x3d, 0xef, 0x3d, 0xef,
    0x3d, 0xef, 0x3d, 0xe7, 0x3d, 0xef, 0x3d, 0xe7, 0x5e, 0xef, 0xdf, 0xff, 0x1c, 0xdf, 0xf5, 0x9c,
    0xf5, 0x9c, 0x9a, 0xd6, 0xdb, 0xde, 0x3d, 0xe7, 0xdf, 0xff, 0xfc, 0xde, 0x52, 0x8c, 0x72, 0x8c,
    0x32, 0x84, 0xf1, 0x7b, 0xbb, 0xd6, 0xff, 0xff, 0x3d, 0xe7, 0xdc, 0xde, 0x9a, 0xd6, 0xf5, 0x9c,
    0xf4, 0x9c, 0xfc, 0xde, 0xdf, 0xff, 0x7e, 0xef, 0x3d, 0xe7, 0x3d, 0xe7, 0x3d, 0xe7, 0x3d, 0xe7,
    0x3d, 0xe7, 0x3d, 0xef, 0x3d, 0xef, 0x3d, 0xef, 0x3d, 0xef, 0x3d, 0xef, 0x3d, 0xe7, 0x3d, 0xe7,
    0x9e, 0xf7, 0x15, 0x74, 0x6f, 0x19, 0xd5, 0x73, 0xbe, 0xf7, 0x7d, 0xef, 0x5d, 0xef, 0x3d, 0xef,
    0x3d, 0xef, 0x3d, 0xef, 0x3d, 0xef, 0x3d, 0xef, 0x3d, 0xef, 0x3d, 0xef, 0x3d, 0xef, 0x3d, 0xe7,
    0x9e, 0xf7, 0x79, 0xad, 0xd0, 0x21, 0x74, 0x5b, 0x9f, 0xf7, 0x7d, 0xf7, 0x5d, 0xef, 0xdf, 0xff,
    0xf8, 0x94, 0xf1, 0x21, 0xb4, 0x32, 0x37, 0x33, 0x56, 0x3b, 0x1d, 0xd7, 0xbe, 0xff, 0x7d, 0xef,
    0x9e, 0xf7, 0x7d, 0xef, 0x3d, 0xef, 0x3d, 0xef, 0x3d, 0xef, 0x3d, 0xef, 0x5d, 0xef, 0xde, 0xff,
    0x5b, 0xbe, 0x32, 0x22, 0xf3, 0x3a, 0x1d, 0xdf, 0x7e, 0xf7, 0x5e, 0xef, 0x7d, 0xf7, 0x5d, 0xef,
    0x3d, 0xef, 0x3e, 0xe7, 0x59, 0x5c, 0xb7, 0x3b, 0x7c, 0xc6, 0x5d, 0xef, 0x3d, 0xe7, 0x3d, 0xef,
    0x3d, 0xef, 0x3d, 0xef, 0x3d, 0xef, 0x3d, 0xef, 0x3d, 0xef, 0x3d, 0xef, 0x3d, 0xef, 0x3d, 0xe7,
    0x5d, 0xef, 0x1d, 0xdf, 0xf2, 0x4a, 0xd0, 0x21, 0xda, 0xb5, 0xdf, 0xff, 0x5d, 0xef, 0x3d, 0xef,
    0x3d, 0xef, 0x3d, 0xef, 0x3d, 0xef, 0x3d, 0xef, 0x3d, 0xef, 0x3d, 0xef, 0x3d, 0xef, 0x3d, 0xef,
    0x3d, 0xef, 0x3d, 0xef, 0x3d, 0xef, 0x3d, 0xe7, 0x5d, 0xef, 0xdf, 0xff, 0x1c, 0xe7, 0xf5, 0x9c,
    0xf5, 0x9c, 0x7a, 0xce, 0xdb, 0xde, 0x3d, 0xe7, 0xdf, 0xff, 0xfc, 0xde, 0x52, 0x8c, 0x72, 0x8c,
    0x32, 0x84, 0xf1, 0x7b, 0xbb, 0xd6, 0xff, 0xff, 0x3d, 0xe7, 0xdc, 0xde, 0x9a, 0xd6, 0x15, 0xa5,
    0xf5, 0x9c, 0x1c, 0xe7, 0xdf, 0xff, 0x7e, 0xef, 0x3d, 0xe7, 0x3d, 0xe7, 0x3d, 0xef, 0x3d, 0xe7,
    0x3d, 0xe7, 0x3d, 0xef, 0x3d, 0xef, 0x3d, 0xef, 0x3d, 0xef, 0x3d, 0xef, 0x3d, 0xe7, 0x3d, 0xe7,
    0x9e, 0xf7, 0x36, 0x7c, 0xcf, 0x29, 0xf5, 0x73, 0x7e, 0xef, 0x1d, 0xe7, 0x3d, 0xef, 0x3d, 0xef,
    0x3d, 0xef, 0x3d, 0xef, 0x3d, 0xef, 0x3d, 0xef, 0x3d, 0xef, 0x3d, 0xef, 0x5d, 0xef, 0x3d, 0xe7,
    0x7d, 0xef, 0x7b, 0xce, 0x39, 0x9d, 0x18, 0x95, 0x97, 0x84, 0xd8, 0x8c, 0xdc, 0xd6, 0x7d, 0xf7,
    0x3b, 0xbe, 0xf8, 0x94, 0x59, 0x9d, 0x9a, 0x9d, 0xba, 0x9d, 0x39, 0x9d, 0x18, 0x95, 0x5a, 0x95,
    0x7a, 0x95, 0x3b, 0xb6, 0x5d, 0xef, 0x3d, 0xe7, 0x3d, 0xe7, 0x5d, 0xef, 0xfa, 0xb5, 0xf8, 0x8c,
    0x18, 0x95, 0x58, 0x9d, 0x79, 0xa5, 0xfd, 0xde, 0x3d, 0xef, 0x3d, 0xe7, 0x3d, 0xe7, 0x3d, 0xe7,
    0x5d, 0xef, 0xdc, 0xde, 0xd7, 0x53, 0x36, 0x3b, 0x3b, 0xbe, 0x7d, 0xf7, 0x3d, 0xe7, 0x3d, 0xef,
    0x3d, 0xef, 0x3d, 0xef, 0x3d, 0xef, 0x3d, 0xef, 0x3d, 0xef, 0x3d, 0xef, 0x3d, 0xef, 0x3d, 0xe7,
    0x3d, 0xef, 0x3d, 0xe7, 0x59, 0xa5, 0x18, 0x9d, 0xd8, 0x94, 0x76, 0x84, 0x79, 0xa5, 0x5d, 0xef,
    0x3d, 0xe7, 0x3d, 0xef, 0x3d, 0xef, 0x3d, 0xef, 0x3d, 0xef, 0x3d, 0xef, 0x3d, 0xef, 0x3d, 0xef,
    0x3d, 0xef, 0x3d, 0xef, 0x3d, 0xef, 0x3d, 0xe7, 0x5d, 0xef, 0xbe, 0xf7, 0x1c, 0xdf, 0xf5, 0x9c,
    0xf5, 0x9c, 0x7a, 0xce, 0xbb, 0xde, 0x3d, 0xe7, 0xdf, 0xff, 0xfc, 0xde, 0x52, 0x8c, 0x73, 0x8c,
    0x32, 0x84, 0x11, 0x84, 0xbb, 0xd6, 0xff, 0xff, 0x3d, 0xe7, 0xdb, 0xde, 0x9a, 0xd6, 0x15, 0xa5,
    0xf5, 0x9c, 0x1c, 0xe7, 0xdf, 0xff, 0x7e, 0xef, 0x3d, 0xe7, 0x3d, 0xe7, 0x3d, 0xef, 0x3d, 0xe7,
    0x3d, 0xef, 0x3d, 0xe7, 0x3d, 0xe7, 0x3d, 0xef, 0x3d, 0xef, 0x3d, 0xef, 0x3d, 0xef, 0x3d, 0xe7,
    0x9e, 0xf7, 0x35, 0x7c, 0xaf, 0x21, 0xd4, 0x73, 0x7e, 0xef, 0x3d, 0xe7, 0x3d, 0xe7, 0x3d, 0xe7,
    0x3d, 0xef, 0x3d, 0xef, 0x3d, 0xef, 0x3d, 0xef, 0x3d, 0xef, 0x3d, 0xef, 0x3d, 0xef, 0x3d, 0xef,
    0x3d, 0xe7, 0x5d, 0xef, 0xbe, 0xff, 0x9c, 0xd6, 0x72, 0x32, 0x93, 0x3a, 0xbc, 0xd6, 0x5d, 0xef,
    0x5d, 0xef, 0x9e, 0xf7, 0x7e, 0xef, 0x9e, 0xf7, 0x7e, 0xef, 0x33, 0x4b, 0x32, 0x22, 0x36, 0x33,
    0x37, 0x2b, 0x99, 0x6c, 0x9e, 0xf7, 0x5d, 0xf7, 0x5d, 0xef, 0xde, 0xff, 0x77, 0x7c, 0xd0, 0x11,
    0xf6, 0x6b, 0xdf, 0xff, 0x7e, 0xf7, 0x5d, 0xef, 0x3d, 0xe7, 0x5d, 0xef, 0x3d, 0xe7, 0x5d, 0xef,
    0x9e, 0xf7, 0xfd, 0xde, 0x14, 0x43, 0xb3, 0x32, 0x3b, 0xbe, 0x7d, 0xef, 0x3d, 0xe7, 0x3d, 0xef,
    0x3d, 0xef, 0x3d, 0xef, 0x3d, 0xef, 0x3d, 0xef, 0x3d, 0xe7, 0x3d, 0xe7, 0x3d, 0xe7, 0x3d, 0xef,
    0x3d, 0xef, 0x3d, 0xef, 0x7e, 0xef, 0xdf, 0xff, 0x16, 0x74, 0xb0, 0x19, 0x16, 0x74, 0x7e, 0xf7,
    0x3d, 0xe7, 0x3d, 0xef, 0x3d, 0xef, 0x3d, 0xef, 0x3d, 0xef, 0x3d, 0xef, 0x3d, 0xef, 0x3d, 0xef,
    0x3d, 0xef, 0x3d, 0xe7, 0x3d, 0xe7, 0x3d, 0xe7, 0x5e, 0xef, 0xbe, 0xf7, 0x1c, 0xe7, 0xf5, 0x9c,
    0xf5, 0x9c, 0x7a, 0xce, 0xdb, 0xde, 0x3d, 0xe7, 0xdf, 0xff, 0xfc, 0xde, 0x52, 0x8c, 0x73, 0x8c,
    0x32, 0x84, 0x11, 0x84, 0xbb, 0xd6, 0xff, 0xff, 0x3d, 0xe7, 0xdb, 0xde, 0x9a, 0xd6, 0x15, 0xa5,
    0xf5, 0x9c, 0x1c, 0xe7, 0xdf, 0xff, 0x7e, 0xef, 0x3d, 0xe7, 0x3d, 0xe7, 0x3d, 0xef, 0x3d, 0xef,
    0x3d, 0xe7, 0x3d, 0xef, 0x3d, 0xef, 0x3d, 0xef, 0x3d, 0xef, 0x3d, 0xef, 0x3d, 0xef, 0x3d, 0xe7,
    0x9e, 0xf7, 0x35, 0x7c, 0xd0, 0x21, 0xf5, 0x73, 0x7e, 0xef, 0x3d, 0xe7, 0x3d, 0xe7, 0x3d, 0xef,
    0x3d, 0xef, 0x3d, 0xef, 0x3d, 0xef, 0x3d, 0xef, 0x3d, 0xef, 0x3d, 0xe7, 0x3d, 0xef, 0x3d, 0xef,
    0x3d, 0xef, 0x3d, 0xe7, 0x5d, 0xef, 0x5b, 0xc6, 0xd3, 0x42, 0x14, 0x43, 0xbc, 0xd6, 0x7d, 0xef,
    0x3d, 0xe7, 0x3d, 0xe7, 0x3c, 0xe7, 0x3d, 0xe7, 0x1d, 0xdf, 0x77, 0x7c, 0x16, 0x6c, 0x78, 0x74,
    0x98, 0x64, 0x5a, 0x8d, 0x9c, 0xc6, 0x5c, 0xc6, 0x7c, 0xc6, 0x7b, 0xce, 0x39, 0x95, 0xd5, 0x5b,
    0x18, 0x95, 0x5d, 0xef, 0x1d, 0xe7, 0x3d, 0xef, 0x3d, 0xef, 0x3d, 0xe7, 0x5d, 0xef, 0xfc, 0xde,
    0x3b, 0xbe, 0x3b, 0xbe, 0x56, 0x74, 0xf6, 0x6b, 0x7c, 0xce, 0x7d, 0xef, 0x3d, 0xe7, 0x3d, 0xef,
    0x3d, 0xef, 0x3d, 0xef, 0x3d, 0xef, 0x3d, 0xef, 0x3d, 0xef, 0x3d, 0xef, 0x3d, 0xe7, 0x3d, 0xef,
    0x3d, 0xef, 0x3d, 0xef, 0x1d, 0xe7, 0x5e, 0xef, 0x56, 0x7c, 0x31, 0x2a, 0x56, 0x7c, 0x7e, 0xf7,
    0x3d, 0xe7, 0x3d, 0xef, 0x3d, 0xef, 0x3d, 0xef, 0x3d, 0xef, 0x3d, 0xef, 0x3d, 0xef, 0x3d, 0xef,
    0x3d, 0xef, 0x3d, 0xe7, 0x3d, 0xe7, 0x3d, 0xe7, 0x5e, 0xef, 0xbe, 0xf7, 0x1c, 0xe7, 0xf5, 0x9c,
    0xf5, 0x9c, 0x7a, 0xce, 0xbb, 0xde, 0x3d, 0xe7, 0xdf, 0xff, 0xfc, 0xde, 0x52, 0x8c, 0x72, 0x8c,
    0x32, 0x84, 0xf1, 0x7b, 0xbb, 0xd6, 0xff, 0xff, 0x3d, 0xe7, 0xdb, 0xde, 0x9a, 0xd6, 0xf5, 0xa4,
    0xf5, 0x9c, 0xfc, 0xde, 0xdf, 0xff, 0x7e, 0xef, 0x3d, 0xe7, 0x3d, 0xe7, 0x3d, 0xe7, 0x3d, 0xef,
    0x3d, 0xef, 0x3d, 0xef, 0x3d, 0xef, 0x3d, 0xef, 0x3d, 0xef, 0x3d, 0xef, 0x3d, 0xef, 0x3d, 0xe7,
    0x9e, 0xf7, 0x56, 0x7c, 0xf1, 0x29, 0xf6, 0x73, 0x7e, 0xef, 0x3d, 0xe7, 0x3d, 0xe7, 0x3d, 0xef,
    0x3d, 0xef, 0x3d, 0xef, 0x3d, 0xef, 0x3d, 0xef, 0x3d, 0xef, 0x3d, 0xef, 0x3d, 0xef, 0x3d, 0xef,
    0x3d, 0xef, 0x3d, 0xe7, 0x7e, 0xef, 0x7c, 0xce, 0xd3, 0x3a, 0x14, 0x4b, 0xdc, 0xd6, 0x5d, 0xef,
    0x3d, 0xe7, 0x3d, 0xef, 0x3d, 0xef, 0x3d, 0xef, 0x3d, 0xe7, 0x5e, 0xef, 0x5e, 0xef, 0x3d, 0xef,
    0x9e, 0xf7, 0x3c, 0xbe, 0x76, 0x3b, 0x97, 0x43, 0x14, 0x3b, 0xb2, 0x32, 0xfa, 0xb5, 0xbe, 0xff,
    0x5d, 0xef, 0x5d, 0xef, 0x5d, 0xef, 0x3d, 0xef, 0x3d, 0xef, 0x3d, 0xef, 0x7e, 0xf7, 0xfb, 0xb5,
    0x93, 0x32, 0x95, 0x53, 0x5e, 0xe7, 0x5d, 0xef, 0x3d, 0xe7, 0x3d, 0xe7, 0x3d, 0xef, 0x3d, 0xef,
    0x3d, 0xef, 0x3d, 0xef, 0x3d, 0xef, 0x3d, 0xef, 0x3d, 0xef, 0x3d, 0xef, 0x3d, 0xef, 0x3d, 0xef,
    0x3d, 0xef, 0x3d, 0xef, 0x3d, 0xe7, 0x7e, 0xf7, 0x56, 0x7c, 0x11, 0x2a, 0x36, 0x7c, 0x7e, 0xf7,
    0x3d, 0xe7, 0x3d, 0xef, 0x3d, 0xef, 0x3d, 0xef, 0x3d, 0xef, 0x3d, 0xef, 0x3d, 0xef, 0x3d, 0xef,
    0x3d, 0xef, 0x3d, 0xe7, 0x3d, 0xef, 0x3d, 0xe7, 0x5e, 0xef, 0xdf, 0xff, 0x1c, 0xe7, 0xf5, 0x9c,
    0xf5, 0x9c, 0x7a, 0xce, 0xbb, 0xde, 0x3d, 0xe7, 0xdf, 0xff, 0xfc, 0xde, 0x52, 0x8c, 0x73, 0x8c,
    0x32, 0x84, 0x11, 0x84, 0xbb, 0xd6, 0xdf, 0xff, 0x3d, 0xef, 0xdc, 0xde, 0x9a, 0xd6, 0xf5, 0xa4,
    0xf5, 0x9c, 0xfc, 0xde, 0xbf, 0xff, 0x7d, 0xef, 0x3d, 0xe7, 0x3d, 0xe7, 0x3d, 0xe7, 0x3d, 0xef,
    0x3d, 0xef, 0x3d, 0xef, 0x3d, 0xef, 0x3d, 0xef, 0x3d, 0xef, 0x3d, 0xef, 0x3d, 0xef, 0x1d, 0xe7,
    0x5e, 0xe7, 0x76, 0x84, 0x51, 0x32, 0x36, 0x7c, 0x7e, 0xef, 0x3d, 0xe7, 0x3d, 0xe7, 0x3d, 0xef,
    0x3d, 0xef, 0x3d, 0xef, 0x3d, 0xef, 0x3d, 0xef, 0x3d, 0xe7, 0x3d, 0xe7, 0x3d, 0xef, 0x3d, 0xef,
    0x3d, 0xef, 0x3d, 0xe7, 0x7d, 0xef, 0x7c, 0xc6, 0xd4, 0x42, 0x14, 0x4b, 0xdc, 0xd6, 0x5d, 0xef,
    0x3d, 0xe7, 0x3d, 0xef, 0x3d, 0xef, 0x3d, 0xef, 0x3d, 0xe7, 0x3d, 0xe7, 0x3d, 0xe7, 0x1d, 0xe7,
    0x3d, 0xe7, 0xfb, 0xad, 0x97, 0x3b, 0xb7, 0x43, 0x34, 0x4b, 0xf3, 0x42, 0xda, 0xad, 0x5d, 0xe7,
    0xfc, 0xde, 0x1d, 0xe7, 0x1d, 0xe7, 0x3d, 0xef, 0x3d, 0xef, 0x3d, 0xe7, 0x7e, 0xf7, 0xfb, 0xb5,
    0xb4, 0x32, 0x95, 0x53, 0x3d, 0xe7, 0x3d, 0xef, 0x3d, 0xef, 0x3d, 0xe7, 0x3d, 0xef, 0x3d, 0xef,
    0x3d, 0xef, 0x3d, 0xef, 0x3d, 0xef, 0x3d, 0xef, 0x3d, 0xef, 0x3d, 0xef, 0x3d, 0xef, 0x3d, 0xef,
    0x3d, 0xef, 0x3d, 0xef, 0x3d, 0xe7, 0x7e, 0xf7, 0x36, 0x7c, 0x11, 0x2a, 0x36, 0x7c, 0x7e, 0xf7,
    0x3d, 0xe7, 0x3d, 0xef, 0x3d, 0xef, 0x3d, 0xef, 0x3d, 0xef, 0x3d, 0xef, 0x3d, 0xef, 0x3d, 0xef,
    0x3d, 0xef, 0x3d, 0xe7, 0x3d, 0xef, 0x3d, 0xe7, 0x5e, 0xef, 0xdf, 0xff, 0x1c, 0xe7, 0xf5, 0x9c,
    0xf5, 0x9c, 0x7a, 0xd6, 0xbb, 0xde, 0x3d, 0xe7, 0xdf, 0xff, 0xfc, 0xde, 0x52, 0x8c, 0x73, 0x8c,
    0x32, 0x84, 0x11, 0x84, 0xbb, 0xd6, 0xdf, 0xff, 0x3d, 0xe7, 0xdb, 0xde, 0x9a, 0xd6, 0x15, 0xa5,
    0xf4, 0x9c, 0xfc, 0xde, 0xdf, 0xff, 0x5d, 0xef, 0x3d, 0xe7, 0x3d, 0xef, 0x3d, 0xef, 0x3d, 0xef,
    0x3d, 0xef, 0x3d, 0xef, 0x3d, 0xe7, 0x3d, 0xef, 0x3d, 0xe7, 0x5d, 0xef, 0x1d, 0xe7, 0x74, 0x63,
    0xb1, 0x42, 0x59, 0xa5, 0xfd, 0xde, 0xdc, 0xd6, 0x5d, 0xef, 0x3d, 0xef, 0x3d, 0xe7, 0x3d, 0xef,
    0x3d, 0xef, 0x3d, 0xef, 0x3d, 0xef, 0x3d, 0xef, 0x3d, 0xef, 0x3d, 0xef, 0x3d, 0xef, 0x3d, 0xef,
    0x3d, 0xef, 0x3d, 0xe7, 0x7d, 0xef, 0x7c, 0xc6, 0xd3, 0x3a, 0x15, 0x4b, 0xdc, 0xd6, 0x5d, 0xef,
    0x3d, 0xe7, 0x3d, 0xef, 0x3d, 0xe7, 0x3c, 0xe7, 0x3d, 0xe7, 0x1d, 0xe7, 0x7e, 0xef, 0x5a, 0x95,
    0xd7, 0x53, 0xf7, 0x53, 0xd4, 0x3a, 0x54, 0x4b, 0x7c, 0xc6, 0xdc, 0xd6, 0x57, 0x74, 0x96, 0x53,
    0x75, 0x5b, 0x14, 0x53, 0x94, 0x63, 0xfd, 0xde, 0x3d, 0xef, 0x3d, 0xe7, 0x7d, 0xf7, 0x1b, 0xb6,
    0xf4, 0x32, 0xd6, 0x5b, 0x1d, 0xe7, 0x5d, 0xef, 0x3d, 0xef, 0x3d, 0xef, 0x3d, 0xef, 0x3d, 0xef,
    0x3d, 0xef, 0x3d, 0xef, 0x3d, 0xef, 0x3d, 0xef, 0x3d, 0xef, 0x3d, 0xef, 0x3d, 0xef, 0x3d, 0xef,
    0x3d, 0xef, 0x3d, 0xef, 0x3d, 0xe7, 0x7e, 0xf7, 0x36, 0x7c, 0xf1, 0x29, 0x36, 0x7c, 0x7e, 0xf7,
    0x3d, 0xe7, 0x3d, 0xef, 0x3d, 0xef, 0x3d, 0xef, 0x3d, 0xef, 0x3d, 0xef, 0x3d, 0xef, 0x3d, 0xe7,
    0x3d, 0xef, 0x3d, 0xef, 0x3d, 0xef, 0x3d, 0xe7, 0x5e, 0xef, 0xdf, 0xff, 0x1c, 0xe7, 0xf5, 0x9c,
    0xf5, 0x9c, 0x7a, 0xd6, 0xdb, 0xde, 0x3d, 0xe7, 0xdf, 0xff, 0xfc, 0xde, 0x52, 0x8c, 0x73, 0x8c,
    0x32, 0x84, 0xf1, 0x7b, 0x9b, 0xd6, 0xff, 0xff, 0x3d, 0xe7, 0xdb, 0xde, 0x9a, 0xd6, 0x15, 0xa5,
    0xf4, 0x9c, 0xfc, 0xde, 0xdf, 0xff, 0x7d, 0xef, 0x3d, 0xe7, 0x3d, 0xef, 0x3d, 0xef, 0x3d, 0xef,
    0x3d, 0xef, 0x3d, 0xe7, 0x3d, 0xef, 0x3d, 0xef, 0x3d, 0xe7, 0x5d, 0xef, 0x1d, 0xe7, 0xd3, 0x4a,
    0xd0, 0x21, 0xba, 0xad, 0xbe, 0xff, 0x5d, 0xef, 0x3d, 0xef, 0x3d, 0xef, 0x5d, 0xe7, 0x3d, 0xef,
    0x3d, 0xef, 0x3d, 0xef, 0x3d, 0xef, 0x3d, 0xef, 0x3d, 0xef, 0x3d, 0xef, 0x3d, 0xef, 0x3d, 0xef,
    0x3d, 0xef, 0x3d, 0xe7, 0x7d, 0xef, 0x5c, 0xc6, 0xd3, 0x3a, 0x14, 0x43, 0xdc, 0xd6, 0x5d, 0xef,
    0x3d, 0xe7, 0x3d, 0xef, 0x5d, 0xef, 0x9e, 0xef, 0x7e, 0xf7, 0x7e, 0xef, 0xbe, 0xff, 0xf9, 0x8c,
    0x16, 0x2b, 0x15, 0x3b, 0x72, 0x32, 0xf3, 0x42, 0xfc, 0xde, 0x9e, 0xf7, 0x16, 0x64, 0xb4, 0x2a,
    0xb3, 0x32, 0xf1, 0x29, 0xb2, 0x42, 0x5e, 0xe7, 0x9e, 0xf7, 0x7e, 0xef, 0xbe, 0xff, 0x3c, 0xbe,
    0xf5, 0x32, 0xf7, 0x5b, 0x3d, 0xe7, 0x5d, 0xef, 0x3d, 0xef, 0x3d, 0xef, 0x3d, 0xef, 0x3d, 0xef,
    0x3d, 0xef, 0x3d, 0xef, 0x3d, 0xef, 0x3d, 0xef, 0x3d, 0xef, 0x3d, 0xef, 0x3d, 0xef, 0x3d, 0xef,
    0x3d, 0xef, 0x3d, 0xef, 0x3d, 0xe7, 0x7e, 0xf7, 0x36, 0x7c, 0xf1, 0x29, 0x36, 0x74, 0x7e, 0xf7,
    0x3d, 0xe7, 0x3d, 0xef, 0x3d, 0xef, 0x3d, 0xef, 0x3d, 0xef, 0x3d, 0xef, 0x3d, 0xe7, 0x3d, 0xef,
    0x3d, 0xef, 0x3d, 0xef, 0x3d, 0xef, 0x3d, 0xe7, 0x5e, 0xef, 0xde, 0xff, 0x1c, 0xdf, 0xf5, 0x9c,
    0xf5, 0x9c, 0x7a, 0xd6, 0xdb, 0xde, 0x3d, 0xe7, 0xdf, 0xff, 0xfc, 0xde, 0x52, 0x8c, 0x73, 0x8c,
    0x32, 0x84, 0xf1, 0x7b, 0xbb, 0xd6, 0xff, 0xff, 0x3d, 0xe7, 0xdb, 0xde, 0x9a, 0xd6, 0xf5, 0x9c,
    0xf4, 0x9c, 0xfc, 0xde, 0xdf, 0xff, 0x7d, 0xef, 0x3d, 0xe7, 0x3d, 0xe7, 0x3d, 0xef, 0x3d, 0xef,
    0x3d, 0xe7, 0x3d, 0xef, 0x3d, 0xef, 0x3d, 0xef, 0x3d, 0xe7, 0x5d, 0xef, 0x1d, 0xe7, 0xf2, 0x4a,
    0xf0, 0x29, 0xb9, 0xad, 0x9e, 0xf7, 0x3d, 0xe7, 0x3d, 0xef, 0x3d, 0xef, 0x3d, 0xef, 0x3d, 0xef,
    0x3d, 0xef, 0x3d, 0xef, 0x3d, 0xef, 0x3d, 0xef, 0x3d, 0xef, 0x3d, 0xef, 0x3d, 0xef, 0x3d, 0xef,
    0x3d, 0xef, 0x3d, 0xe7, 0x7d, 0xef, 0x7c, 0xce, 0xb3, 0x42, 0xd3, 0x42, 0xbc, 0xd6, 0x5d, 0xef,
    0x1d, 0xe7, 0x5d, 0xef, 0x9b, 0xce, 0x97, 0x84, 0x77, 0x84, 0x19, 0x85, 0x3a, 0x85, 0x7a, 0x95,
    0xfb, 0xad, 0xba, 0xa5, 0x79, 0xa5, 0x9a, 0xad, 0x1d, 0xe7, 0x5d, 0xef, 0x1b, 0xb6, 0x9a, 0xa5,
    0x9a, 0xad, 0x79, 0xa5, 0x79, 0xad, 0xb7, 0x8c, 0x77, 0x84, 0x97, 0x84, 0x97, 0x8c, 0x17, 0x6c,
    0x15, 0x3b, 0xd6, 0x5b, 0x1d, 0xe7, 0x3d, 0xe7, 0x3d, 0xe7, 0x3d, 0xe7, 0x3d, 0xe7, 0x3d, 0xef,
    0x3d, 0xe7, 0x3d, 0xef, 0x3d, 0xef, 0x3d, 0xef, 0x3d, 0xef, 0x3d, 0xef, 0x3d, 0xef, 0x3d, 0xef,
    0x3d, 0xef, 0x3d, 0xef, 0x1d, 0xe7, 0x7e, 0xef, 0x56, 0x7c, 0x11, 0x2a, 0x36, 0x7c, 0x7e, 0xf7,
    0x3d, 0xe7, 0x3d, 0xef, 0x3d, 0xef, 0x3d, 0xef, 0x3d, 0xef, 0x3d, 0xef, 0x3d, 0xef, 0x3d, 0xef,
    0x3d, 0xef, 0x3d, 0xef, 0x3d, 0xef, 0x3d, 0xe7, 0x5d, 0xef, 0xdf, 0xff, 0x1c, 0xdf, 0xf5, 0x9c,
    0xf5, 0x9c, 0x7a, 0xce, 0xdb, 0xde, 0x3d, 0xe7, 0xdf, 0xff, 0xfc, 0xde, 0x52, 0x8c, 0x73, 0x8c,
    0x32, 0x84, 0xf1, 0x7b, 0xbb, 0xd6, 0xff, 0xff, 0x3d, 0xe7, 0xdb, 0xde, 0x9a, 0xd6, 0xf5, 0x9c,
    0xf4, 0x9c, 0xfc, 0xde, 0xdf, 0xff, 0x7e, 0xef, 0x3d, 0xe7, 0x3d, 0xe7, 0x3d, 0xe7, 0x3d, 0xe7,
    0x3d, 0xef, 0x3d, 0xe7, 0x3d, 0xef, 0x3d, 0xef, 0x3d, 0xe7, 0x5d, 0xef, 0x1d, 0xe7, 0xf2, 0x4a,
    0xef, 0x29, 0xd9, 0xb5, 0x9e, 0xf7, 0x3d, 0xe7, 0x5d, 0xe7, 0x3d, 0xef, 0x3d, 0xef, 0x3d, 0xef,
    0x3d, 0xef, 0x3d, 0xef, 0x3d, 0xef, 0x3d, 0xef, 0x3d, 0xef, 0x3d, 0xef, 0x3d, 0xef, 0x3d, 0xef,
    0x3d, 0xef, 0x3d, 0xe7, 0x7d, 0xef, 0x9c, 0xce, 0x51, 0x32, 0x51, 0x32, 0xdc, 0xde, 0xbe, 0xf7,
    0x7d, 0xef, 0xbe, 0xff, 0x1b, 0xbe, 0x11, 0x22, 0x53, 0x2a, 0x36, 0x33, 0x16, 0x2b, 0xda, 0x9d,
    0xbe, 0xff, 0x7e, 0xef, 0x7e, 0xf7, 0x7e, 0xf7, 0x5d, 0xef, 0x3d, 0xef, 0x7d, 0xef, 0x7e, 0xf7,
    0x7e, 0xf7, 0x9e, 0xf7, 0x3e, 0xe7, 0xb2, 0x42, 0xf1, 0x21, 0x31, 0x2a, 0x12, 0x2a, 0xb3, 0x32,
    0x36, 0x3b, 0xd6, 0x5b, 0x5e, 0xef, 0x7d, 0xf7, 0x5d, 0xef, 0x7e, 0xef, 0x5d, 0xef, 0x3d, 0xef,
    0x3d, 0xe7, 0x3d, 0xef, 0x3d, 0xef, 0x3d, 0xef, 0x3d, 0xef, 0x3d, 0xef, 0x3d, 0xef, 0x3d, 0xef,
    0x3d, 0xef, 0x3d, 0xef, 0x7d, 0xef, 0xdf, 0xff, 0x16, 0x7c, 0xb0, 0x19, 0xf5, 0x6b, 0x7e, 0xf7,
    0x3d, 0xe7, 0x3d, 0xef, 0x3d, 0xef, 0x3d, 0xef, 0x3d, 0xe7, 0x3d, 0xef, 0x3d, 0xe7, 0x3d, 0xef,
    0x3d, 0xef, 0x3d, 0xef, 0x3d, 0xef, 0x3d, 0xe7, 0x5e, 0xef, 0xdf, 0xff, 0x1c, 0xe7, 0xf5, 0x9c,
    0xf5, 0x9c, 0x7a, 0xd6, 0xbb, 0xde, 0x3d, 0xe7, 0xdf, 0xff, 0xfc, 0xde, 0x52, 0x8c, 0x72, 0x8c,
    0x32, 0x84, 0xf1, 0x7b, 0xbb, 0xd6, 0xff, 0xff, 0x3d, 0xe7, 0xdb, 0xde, 0x9a, 0xd6, 0xf5, 0x9c,
    0xf4, 0x9c, 0xfc, 0xde, 0xdf, 0xff, 0x7e, 0xef, 0x3d, 0xe7, 0x3d, 0xe7, 0x3d, 0xe7, 0x3d, 0xef,
    0x3d, 0xef, 0x3d, 0xe7, 0x3d, 0xef, 0x3d, 0xef, 0x3d, 0xe7, 0x5d, 0xef, 0x1d, 0xe7, 0xb2, 0x4a,
    0xae, 0x29, 0xb9, 0xad, 0x9e, 0xf7, 0x3d, 0xe7, 0x5d, 0xef, 0x3d, 0xef, 0x3d, 0xef, 0x3d, 0xef,
    0x3d, 0xef, 0x3d, 0xe7, 0x3d, 0xef, 0x3d, 0xef, 0x3d, 0xef, 0x3d, 0xef, 0x3d, 0xef, 0x3d, 0xef,
    0x3d, 0xef, 0x3d, 0xef, 0x5d, 0xef, 0xbc, 0xd6, 0xf5, 0x73, 0x16, 0x74, 0xd9, 0xb5, 0xda, 0xb5,
    0x1a, 0xb6, 0x5c, 0xbe, 0x9a, 0xa5, 0xf6, 0x73, 0x37, 0x7c, 0xb9, 0x7c, 0x98, 0x74, 0x3c, 0xbe,
    0x5d, 0xef, 0x3d, 0xe7, 0x3d, 0xe7, 0x3d, 0xe7, 0x3d, 0xef, 0x3d, 0xef, 0x3d, 0xe7, 0x3d, 0xe7,
    0x3d, 0xe7, 0x3d, 0xe7, 0xfd, 0xde, 0x56, 0x7c, 0xf6, 0x73, 0xf6, 0x73, 0x16, 0x74, 0xd6, 0x6b,
    0xf4, 0x3a, 0x75, 0x53, 0x1b, 0xbe, 0x1b, 0xbe, 0x3b, 0xc6, 0x1a, 0xbe, 0xbc, 0xd6, 0x5d, 0xef,
    0x3d, 0xe7, 0x3d, 0xe7, 0x5d, 0xe7, 0x5d, 0xe7, 0x3d, 0xe7, 0x3d, 0xe7, 0x3d, 0xe7, 0x3d, 0xe7,
    0x5d, 0xe7, 0x3d, 0xe7, 0x1a, 0xbe, 0xfa, 0xbd, 0x97, 0x8c, 0x94, 0x63, 0x18, 0x95, 0x7d, 0xef,
    0x3d, 0xe7, 0x3d, 0xef, 0x3d, 0xe7, 0x3d, 0xe7, 0x3d, 0xef, 0x3d, 0xe7, 0x3d, 0xe7, 0x3d, 0xef,
    0x3d, 0xe7, 0x3d, 0xef, 0x3d, 0xef, 0x3d, 0xe7, 0x5e, 0xef, 0xdf, 0xf7, 0x1c, 0xdf, 0xf5, 0x9c,
    0xf5, 0x9c, 0x7a, 0xd6, 0xbb, 0xde, 0x3d, 0xe7, 0xdf, 0xff, 0xfc, 0xde, 0x52, 0x8c, 0x72, 0x8c,
    0x32, 0x84, 0xf1, 0x7b, 0xbb, 0xd6, 0xff, 0xff, 0x3d, 0xe7, 0xdb, 0xde, 0x9a, 0xd6, 0xf5, 0x9c,
    0xf4, 0x9c, 0xfc, 0xde, 0xdf, 0xff, 0x7e, 0xef, 0x3d, 0xe7, 0x3d, 0xe7, 0x3d, 0xef, 0x3d, 0xef,
    0x3d, 0xef, 0x3d, 0xe7, 0x3d, 0xef, 0x3d, 0xef, 0x3d, 0xe7, 0x5d, 0xef, 0x1d, 0xe7, 0x6e, 0x3a,
    0x2b, 0x11, 0x58, 0xa5, 0xbe, 0xf7, 0x3d, 0xe7, 0x5d, 0xef, 0x5d, 0xef, 0x3d, 0xef, 0x3d, 0xef,
    0x3d, 0xef, 0x3d, 0xef, 0x3d, 0xef, 0x3d, 0xef, 0x3d, 0xef, 0x3d, 0xef, 0x3d, 0xef, 0x5d, 0xef,
    0x5d, 0xef, 0x5d, 0xef, 0x3d, 0xef, 0x5d, 0xef, 0x7e, 0xef, 0x9e, 0xf7, 0x74, 0x63, 0xf0, 0x29,
    0xf4, 0x3a, 0x56, 0x33, 0x78, 0x6c, 0x9e, 0xf7, 0x7e, 0xef, 0x7d, 0xef, 0x7d, 0xef, 0x5d, 0xef,
    0x3d, 0xef, 0x5d, 0xe7, 0x3d, 0xef, 0x3d, 0xef, 0x3d, 0xef, 0x3d, 0xef, 0x3d, 0xef, 0x3d, 0xef,
    0x3d, 0xef, 0x3d, 0xef, 0x3d, 0xef, 0x7e, 0xef, 0x7e, 0xef, 0x5e, 0xef, 0xbf, 0xff, 0xfb, 0xbd,
    0x11, 0x32, 0x52, 0x3a, 0x72, 0x3a, 0x92, 0x3a, 0x93, 0x3a, 0x31, 0x32, 0xf8, 0x94, 0x9e, 0xf7,
    0x3d, 0xef, 0x5d, 0xef, 0x5d, 0xef, 0x5d, 0xef, 0x5d, 0xef, 0x5d, 0xef, 0x5d, 0xef, 0x3d, 0xef,
    0x5d, 0xef, 0xfc, 0xde, 0xb2, 0x4a, 0xf0, 0x29, 0xf9, 0xb5, 0xbf, 0xf7, 0x5d, 0xef, 0x5d, 0xe7,
    0x3d, 0xef, 0x3d, 0xef, 0x3d, 0xef, 0x3d, 0xef, 0x3d, 0xef, 0x3d, 0xef, 0x3d, 0xef, 0x3d, 0xef,
    0x3d, 0xe7, 0x3d, 0xe7, 0x3d, 0xef, 0x3d, 0xe7, 0x5e, 0xef, 0xde, 0xf7, 0x1c, 0xdf, 0xf5, 0x9c,
    0xf5, 0x9c, 0x7a, 0xce, 0xbb, 0xde, 0x3d, 0xe7, 0xff, 0xff, 0xfc, 0xde, 0x52, 0x8c, 0x72, 0x8c,
    0x32, 0x84, 0xf1, 0x7b, 0xbb, 0xd6, 0xff, 0xff, 0x3d, 0xe7, 0xdb, 0xde, 0x9a, 0xce, 0xf5, 0x9c,
    0xf4, 0x9c, 0xfc, 0xde, 0xdf, 0xff, 0x7e, 0xef, 0x3d, 0xe7, 0x3d, 0xe7, 0x3d, 0xef, 0x3d, 0xef,
    0x3d, 0xef, 0x3d, 0xef, 0x3d, 0xef, 0x3d, 0xef, 0x3d, 0xe7, 0x5d, 0xef, 0x1d, 0xe7, 0xb0, 0x4a,
    0x8c, 0x21, 0x57, 0xa5, 0x5e, 0xe7, 0x1d, 0xdf, 0x5d, 0xef, 0x3d, 0xef, 0x3d, 0xef, 0x3d, 0xe7,
    0x3d, 0xef, 0x3d, 0xef, 0x3d, 0xef, 0x3d, 0xef, 0x3d, 0xef, 0x3d, 0xef, 0x3d, 0xef, 0x5d, 0xef,
    0x5d, 0xe7, 0x3d, 0xe7, 0x1d, 0xe7, 0x1d, 0xe7, 0xfc, 0xde, 0x3e, 0xe7, 0xb5, 0x63, 0x31, 0x32,
    0x55, 0x4b, 0xd7, 0x4b, 0x98, 0x74, 0x5e, 0xef, 0x3d, 0xe7, 0x3d, 0xef, 0x3d, 0xef, 0x3d, 0xef,
    0x5d, 0xef, 0x3d, 0xef, 0x3d, 0xef, 0x3d, 0xef, 0x3d, 0xef, 0x3d, 0xef, 0x3d, 0xe7, 0x3d, 0xef,
    0x3d, 0xef, 0x3d, 0xef, 0x3d, 0xe7, 0x3d, 0xe7, 0x3d, 0xe7, 0x1d, 0xdf, 0x5e, 0xe7, 0x9a, 0xad,
    0x50, 0x42, 0xb1, 0x4a, 0xd3, 0x42, 0xf3, 0x4a, 0xf3, 0x4a, 0x91, 0x3a, 0x18, 0x95, 0x7e, 0xef,
    0xfc, 0xde, 0x1d, 0xdf, 0x1d, 0xdf, 0x1d, 0xdf, 0x1d, 0xe7, 0x1d, 0xe7, 0x1d, 0xdf, 0x1d, 0xdf,
    0x3d, 0xe7, 0xdd, 0xde, 0x32, 0x53, 0x91, 0x3a, 0xda, 0xb5, 0x7d, 0xf7, 0x3d, 0xe7, 0x3d, 0xef,
    0x3d, 0xef, 0x3d, 0xef, 0x3d, 0xef, 0x3d, 0xef, 0x3d, 0xef, 0x3d, 0xef, 0x3d, 0xef, 0x3d, 0xef,
    0x3d, 0xef, 0x3d, 0xef, 0x3d, 0xef, 0x3d, 0xe7, 0x5e, 0xef, 0xde, 0xf7, 0x1c, 0xdf, 0xf5, 0x9c,
    0xf5, 0x9c, 0x7a, 0xce, 0xdb, 0xde, 0x3d, 0xe7, 0xff, 0xff, 0xfc, 0xde, 0x52, 0x8c, 0x52, 0x8c,
    0x32, 0x84, 0xf1, 0x7b, 0xbb, 0xd6, 0xff, 0xff, 0x3d, 0xe7, 0xdc, 0xde, 0x9a, 0xce, 0xf5, 0xa4,
    0xf5, 0x9c, 0x1c, 0xdf, 0xdf, 0xff, 0x7e, 0xef, 0x3d, 0xe7, 0x3d, 0xe7, 0x3d, 0xef, 0x3d, 0xef,
    0x3d, 0xef, 0x3d, 0xef, 0x3d, 0xef, 0x3d, 0xef, 0x3d, 0xef, 0x3d, 0xef, 0x3d, 0xe7, 0xbc, 0xd6,
    0xdc, 0xde, 0xf3, 0x73, 0xab, 0x21, 0x50, 0x5b, 0x3d, 0xef, 0x3d, 0xe7, 0x3d, 0xe7, 0x3d, 0xe7,
    0x3d, 0xe7, 0x3d, 0xef, 0x3d, 0xef, 0x3e, 0xef, 0x3d, 0xe7, 0x3d, 0xe7, 0x3d, 0xe7, 0x3d, 0xe7,
    0x7e, 0xf7, 0xb9, 0xb5, 0xd1, 0x4a, 0x12, 0x53, 0x33, 0x53, 0x54, 0x53, 0x35, 0x4b, 0xf4, 0x32,
    0x39, 0x8d, 0x1d, 0xdf, 0xdc, 0xd6, 0x3d, 0xe7, 0x3d, 0xef, 0x5d, 0xe7, 0x3d, 0xef, 0x5d, 0xef,
    0x3d, 0xef, 0x3d, 0xef, 0x3d, 0xef, 0x3d, 0xe7, 0x3d, 0xef, 0x3d, 0xef, 0x3d, 0xe7, 0x3d, 0xef,
    0x3d, 0xe7, 0x3d, 0xef, 0x3d, 0xef, 0x3d, 0xe7, 0x7e, 0xef, 0xd7, 0x94, 0xd2, 0x42, 0x76, 0x84,
    0xdd, 0xd6, 0xbc, 0xd6, 0xbc, 0xd6, 0xbc, 0xd6, 0xbc, 0xd6, 0xfd, 0xde, 0x18, 0x95, 0xf3, 0x4a,
    0x34, 0x53, 0x34, 0x53, 0x34, 0x53, 0x34, 0x53, 0x34, 0x53, 0x34, 0x53, 0x34, 0x53, 0x34, 0x53,
    0x33, 0x53, 0x73, 0x63, 0x9c, 0xce, 0xbc, 0xd6, 0x1d, 0xe7, 0x5d, 0xef, 0x3d, 0xef, 0x3d, 0xef,
    0x3d, 0xef, 0x3d, 0xef, 0x3d, 0xef, 0x3d, 0xe7, 0x3d, 0xef, 0x3d, 0xef, 0x3d, 0xef, 0x3d, 0xef,
    0x3d, 0xe7, 0x3d, 0xe7, 0x3d, 0xef, 0x3d, 0xe7, 0x5d, 0xef, 0xdf, 0xff, 0xfc, 0xe6, 0xf4, 0x9c,
    0xf5, 0x9c, 0x7a, 0xd6, 0xdb, 0xde, 0x3d, 0xe7, 0xdf, 0xff, 0xfc, 0xde, 0x52, 0x8c, 0x72, 0x8c,
    0x32, 0x84, 0xf1, 0x7b, 0xbb, 0xd6, 0xff, 0xff, 0x3d, 0xe7, 0xdc, 0xde, 0x9a, 0xce, 0xf5, 0xa4,
    0xf5, 0x9c, 0x1c, 0xe7, 0xdf, 0xff, 0x7e, 0xef, 0x3d, 0xe7, 0x3d, 0xe7, 0x3d, 0xef, 0x3d, 0xef,
    0x3d, 0xef, 0x3d, 0xef, 0x3d, 0xef, 0x3d, 0xef, 0x3d, 0xef, 0x3d, 0xef, 0x3d, 0xef, 0x5d, 0xef,
    0xdf, 0xff, 0x31, 0x5b, 0x27, 0x00, 0x4e, 0x3a, 0xbe, 0xf7, 0x9e, 0xf7, 0x7e, 0xf7, 0x7e, 0xf7,
    0x5d, 0xef, 0x3d, 0xe7, 0x5d, 0xe7, 0x3d, 0xef, 0x5d, 0xef, 0x7e, 0xf7, 0x7e, 0xf7, 0x7d, 0xef,
    0xff, 0xff, 0x99, 0xad, 0x6e, 0x21, 0x10, 0x2a, 0x52, 0x32, 0x32, 0x2a, 0x15, 0x3b, 0xd4, 0x2a,
    0x7a, 0x9d, 0xde, 0xff, 0x7d, 0xef, 0x3d, 0xef, 0x3d, 0xef, 0x3d, 0xef, 0x3d, 0xef, 0x3d, 0xef,
    0x3d, 0xef, 0x3d, 0xef, 0x3d, 0xe7, 0x3d, 0xef, 0x3d, 0xef, 0x3d, 0xe7, 0x3d, 0xef, 0x3d, 0xef,
    0x3d, 0xe7, 0x3d, 0xef, 0x3d, 0xef, 0x3d, 0xe7, 0x7e, 0xf7, 0x56, 0x7c, 0xf1, 0x21, 0x36, 0x7c,
    0x9e, 0xf7, 0x5d, 0xef, 0x5d, 0xef, 0x5d, 0xef, 0x5d, 0xef, 0xbe, 0xff, 0xd7, 0x94, 0xf0, 0x21,
    0x52, 0x32, 0x52, 0x32, 0x52, 0x32, 0x52, 0x32, 0x52, 0x32, 0x52, 0x32, 0x52, 0x32, 0x52, 0x32,
    0x31, 0x2a, 0x91, 0x42, 0xfd, 0xde, 0x7d, 0xf7, 0x3d, 0xef, 0x3d, 0xef, 0x3d, 0xef, 0x3d, 0xef,
    0x3d, 0xef, 0x3d, 0xef, 0x3d, 0xe7, 0x3d, 0xef, 0x3d, 0xef, 0x3d, 0xef, 0x3d, 0xef, 0x3d, 0xef,
    0x3d, 0xef, 0x3d, 0xef, 0x3d, 0xef, 0x3d, 0xe7, 0x7d, 0xef, 0xdf, 0xff, 0xfc, 0xe6, 0xf4, 0x9c,
    0xf5, 0x9c, 0x7a, 0xce, 0xdb, 0xde, 0x3d, 0xe7, 0xdf, 0xff, 0xfc, 0xde, 0x32, 0x84, 0x72, 0x8c,
    0x32, 0x84, 0xf1, 0x7b, 0xbb, 0xd6, 0xff, 0xff, 0x3d, 0xe7, 0xdc, 0xde, 0x9a, 0xd6, 0xf5, 0x9c,
    0xf4, 0x9c, 0xfc, 0xde, 0xdf, 0xff, 0x7d, 0xef, 0x3d, 0xe7, 0x3d, 0xef, 0x3d, 0xef, 0x3d, 0xef,
    0x3d, 0xef, 0x3d, 0xef, 0x3d, 0xef, 0x3d, 0xe7, 0x3d, 0xef, 0x3d, 0xef, 0x3d, 0xef, 0x3d, 0xe7,
    0x5d, 0xef, 0xd9, 0xbd, 0xf6, 0x9c, 0xd5, 0x94, 0xf4, 0x7b, 0x14, 0x7c, 0x76, 0x84, 0x57, 0x84,
    0x5b, 0xce, 0x5e, 0xef, 0x1d, 0xe7, 0x5d, 0xef, 0x9b, 0xce, 0x77, 0x84, 0x76, 0x84, 0x77, 0x84,
    0x57, 0x84, 0x18, 0x9d, 0x98, 0xad, 0x99, 0xad, 0x99, 0xad, 0xb9, 0xad, 0xba, 0xad, 0xda, 0xad,
    0x59, 0x9d, 0x57, 0x74, 0x38, 0x9d, 0x5d, 0xef, 0x3d, 0xe7, 0x3d, 0xe7, 0x3d, 0xef, 0x3d, 0xef,
    0x3d, 0xef, 0x3d, 0xe7, 0x3d, 0xe7, 0x3d, 0xe7, 0x3d, 0xe7, 0x3d, 0xe7, 0x3d, 0xe7, 0x3d, 0xe7,
    0x3d, 0xe7, 0x3d, 0xef, 0x3d, 0xe7, 0x1d, 0xe7, 0x7e, 0xef, 0xb8, 0x84, 0x52, 0x2a, 0x77, 0x84,
    0x7e, 0xf7, 0x3d, 0xe7, 0x3d, 0xe7, 0x3d, 0xe7, 0x3d, 0xe7, 0x5d, 0xef, 0x7b, 0xce, 0x9a, 0xad,
    0xba, 0xb5, 0xba, 0xad, 0xba, 0xad, 0xda, 0xb5, 0xba, 0xb5, 0xba, 0xb5, 0xba, 0xb5, 0xba, 0xb5,
    0xba, 0xb5, 0xda, 0xb5, 0x1d, 0xe7, 0x3d, 0xe7, 0x3d, 0xe7, 0x3d, 0xef, 0x3d, 0xef, 0x3d, 0xef,
    0x3d, 0xef, 0x3d, 0xef, 0x3d, 0xe7, 0x3d, 0xef, 0x3d, 0xef, 0x3d, 0xef, 0x3d, 0xe7, 0x3d, 0xef,
    0x3d, 0xef, 0x3d, 0xef, 0x3d, 0xef, 0x3d, 0xe7, 0x5d, 0xef, 0xdf, 0xff, 0xfc, 0xe6, 0xf4, 0x9c,
    0xf5, 0x9c, 0x7a, 0xce, 0xdb, 0xde, 0x3d, 0xe7, 0xdf, 0xff, 0xfc, 0xde, 0x32, 0x84, 0x52, 0x8c,
    0x32, 0x84, 0x11, 0x7c, 0xbb, 0xd6, 0xff, 0xff, 0x3d, 0xe7, 0xdc, 0xde, 0x9a, 0xd6, 0xf5, 0x9c,
    0xf4, 0x9c, 0xfc, 0xde, 0xdf, 0xff, 0x7e, 0xef, 0x3d, 0xe7, 0x3d, 0xef, 0x3d, 0xef, 0x3d, 0xef,
    0x3d, 0xef, 0x3d, 0xef, 0x3d, 0xef, 0x3d, 0xe7, 0x3d, 0xef, 0x3d, 0xef, 0x3d, 0xef, 0x3d, 0xe7,
    0x3d, 0xef, 0x7d, 0xef, 0xff, 0xff, 0x5b, 0xc6, 0x0b, 0x11, 0x2c, 0x19, 0xd0, 0x21, 0xaf, 0x21,
    0xda, 0xb5, 0xdf, 0xff, 0x5d, 0xef, 0xbe, 0xff, 0x3b, 0xbe, 0xf0, 0x29, 0xf1, 0x21, 0x11, 0x2a,
    0x8f, 0x19, 0x76, 0x84, 0xff, 0xff, 0x7e, 0xef, 0x9e, 0xf7, 0x9e, 0xf7, 0x7d, 0xef, 0xdf, 0xff,
    0xf8, 0x8c, 0x12, 0x22, 0xf6, 0x6b, 0x5e, 0xef, 0x3d, 0xe7, 0x3d, 0xef, 0x3d, 0xef, 0x3d, 0xef,
    0x3d, 0xe7, 0x5d, 0xef, 0x9e, 0xf7, 0x9e, 0xf7, 0x9e, 0xf7, 0x9e, 0xf7, 0x9e, 0xf7, 0x9e, 0xf7,
    0x7e, 0xef, 0x3d, 0xef, 0x3d, 0xef, 0x7d, 0xef, 0xdf, 0xff, 0x98, 0x84, 0x12, 0x22, 0x57, 0x7c,
    0x7e, 0xf7, 0x3d, 0xe7, 0x3d, 0xef, 0x3d, 0xef, 0x3d, 0xef, 0x3d, 0xe7, 0x5d, 0xef, 0x7e, 0xf7,
    0x7e, 0xf7, 0x9e, 0xf7, 0x9e, 0xf7, 0x7e, 0xf7, 0x7e, 0xf7, 0x7e, 0xf7, 0x7e, 0xf7, 0x7e, 0xf7,
    0x7e, 0xf7, 0x9e, 0xef, 0x3d, 0xef, 0x3d, 0xe7, 0x3d, 0xef, 0x3d, 0xef, 0x3d, 0xef, 0x3d, 0xef,
    0x3d, 0xef, 0x3d, 0xef, 0x3d, 0xe7, 0x3d, 0xef, 0x3d, 0xef, 0x3d, 0xef, 0x3d, 0xe7, 0x3d, 0xef,
    0x3d, 0xef, 0x3d, 0xef, 0x3d, 0xef, 0x3d, 0xe7, 0x5d, 0xef, 0xdf, 0xff, 0x1c, 0xe7, 0xf5, 0x9c,
    0xf5, 0x9c, 0x7a, 0xce, 0xdb, 0xde, 0x3d, 0xe7, 0xdf, 0xff, 0xfc, 0xde, 0x32, 0x8c, 0x52, 0x8c,
    0x32, 0x84, 0xf1, 0x7b, 0xbb, 0xd6, 0xff, 0xff, 0x3d, 0xe7, 0xdc, 0xde, 0x9a, 0xd6, 0xf5, 0x9c,
    0xf4, 0x9c, 0xfc, 0xde, 0xdf, 0xff, 0x7d, 0xef, 0x3d, 0xe7, 0x3d, 0xef, 0x3d, 0xef, 0x3d, 0xef,
    0x3d, 0xef, 0x3d, 0xef, 0x3d, 0xef, 0x3d, 0xe7, 0x3d, 0xe7, 0x3d, 0xef, 0x3d, 0xef, 0x3d, 0xef,
    0x3d, 0xef, 0x3d, 0xe7, 0x5d, 0xef, 0x5a, 0xce, 0x92, 0x6b, 0xb3, 0x6b, 0xf5, 0x73, 0xf5, 0x73,
    0x99, 0xad, 0x3b, 0xbe, 0x1b, 0xbe, 0x3b, 0xbe, 0x79, 0xa5, 0x16, 0x7c, 0x56, 0x7c, 0x36, 0x7c,
    0x15, 0x74, 0xb9, 0xad, 0x7e, 0xef, 0x3d, 0xe7, 0x3d, 0xe7, 0x3d, 0xe7, 0x3d, 0xe7, 0x9e, 0xf7,
    0xf9, 0x94, 0x52, 0x2a, 0x16, 0x74, 0x7d, 0xef, 0x3d, 0xe7, 0x3d, 0xe7, 0x5d, 0xef, 0x3d, 0xe7,
    0x5d, 0xef, 0xbc, 0xd6, 0x58, 0xa5, 0x78, 0xad, 0xda, 0xad, 0xda, 0xb5, 0x99, 0xad, 0x58, 0xa5,
    0x3a, 0xc6, 0x5d, 0xef, 0x1d, 0xe7, 0x1a, 0xbe, 0xda, 0xb5, 0xf8, 0x94, 0x37, 0x74, 0x99, 0xa5,
    0x7e, 0xef, 0x3d, 0xe7, 0x3d, 0xef, 0x3d, 0xef, 0x3d, 0xef, 0x3d, 0xef, 0x3d, 0xe7, 0x3d, 0xe7,
    0x3d, 0xe7, 0x3d, 0xe7, 0x3d, 0xe7, 0x3d, 0xe7, 0x3d, 0xe7, 0x3d, 0xe7, 0x3d, 0xe7, 0x3d, 0xe7,
    0x3d, 0xe7, 0x3d, 0xe7, 0x3d, 0xe7, 0x3d, 0xef, 0x3d, 0xef, 0x3d, 0xef, 0x3d, 0xef, 0x3d, 0xef,
    0x3d, 0xef, 0x3d, 0xef, 0x3d, 0xe7, 0x3d, 0xe7, 0x3d, 0xef, 0x3d, 0xef, 0x3d, 0xef, 0x3d, 0xef,
    0x3d, 0xef, 0x3d, 0xef, 0x3d, 0xe7, 0x3d, 0xe7, 0x5e, 0xef, 0xdf, 0xff, 0x1c, 0xe7, 0xf5, 0x9c,
    0xf5, 0x9c, 0x9b, 0xd6, 0xdb, 0xde, 0x3d, 0xe7, 0xdf, 0xff, 0xfc, 0xde, 0x52, 0x8c, 0x72, 0x8c,
    0x32, 0x84, 0xf1, 0x7b, 0xbb, 0xd6, 0xff, 0xff, 0x3d, 0xe7, 0xdc, 0xde, 0x9a, 0xd6, 0xf5, 0x9c,
    0xf4, 0x9c, 0xfc, 0xde, 0xdf, 0xff, 0x7d, 0xef, 0x3d, 0xe7, 0x3d, 0xef, 0x3d, 0xef, 0x3d, 0xef,
    0x3d, 0xef, 0x3d, 0xef, 0x3d, 0xef, 0x3d, 0xef, 0x3d, 0xef, 0x3d, 0xef, 0x3d, 0xef, 0x3d, 0xef,
    0x3d, 0xef, 0x3d, 0xef, 0x3d, 0xef, 0x5d, 0xef, 0x9e, 0xf7, 0x9d, 0xef, 0x5e, 0xef, 0xbf, 0xf7,
    0xf5, 0x6b, 0x10, 0x2a, 0x52, 0x32, 0x31, 0x2a, 0x74, 0x5b, 0x9e, 0xef, 0x7e, 0xf7, 0x9e, 0xf7,
    0x9e, 0xf7, 0x5d, 0xf7, 0x3d, 0xef, 0x5d, 0xef, 0x3d, 0xef, 0x3d, 0xef, 0x3d, 0xe7, 0x9e, 0xf7,
    0xd7, 0x8c, 0xd0, 0x21, 0xd5, 0x6b, 0x7e, 0xf7, 0x5d, 0xf7, 0x5d, 0xef, 0x3d, 0xef, 0x5d, 0xef,
    0xbe, 0xff, 0x58, 0xad, 0x0c, 0x19, 0x6e, 0x21, 0x30, 0x2a, 0x71, 0x32, 0xce, 0x29, 0xec, 0x18,
    0xd4, 0x73, 0xdf, 0xff, 0x3d, 0xe7, 0x54, 0x53, 0x31, 0x2a, 0x1b, 0xbe, 0xde, 0xff, 0x5d, 0xef,
    0x3d, 0xef, 0x3d, 0xef, 0x3d, 0xef, 0x3d, 0xef, 0x3d, 0xef, 0x3d, 0xef, 0x3d, 0xef, 0x3d, 0xef,
    0x3d, 0xef, 0x3d, 0xef, 0x3d, 0xef, 0x3d, 0xef, 0x3d, 0xef, 0x3d, 0xef, 0x3d, 0xef, 0x3d, 0xef,
    0x3d, 0xef, 0x3d, 0xef, 0x3d, 0xef, 0x3d, 0xef, 0x3d, 0xef, 0x3d, 0xef, 0x3d, 0xef, 0x3d, 0xef,
    0x3d, 0xef, 0x3d, 0xef, 0x3d, 0xef, 0x3d, 0xef, 0x3d, 0xef, 0x3d, 0xef, 0x3d, 0xef, 0x3d, 0xef,
    0x3d, 0xef, 0x3d, 0xef, 0x3d, 0xef, 0x3d, 0xe7, 0x5e, 0xef, 0xdf, 0xff, 0x1c, 0xe7, 0xf5, 0x9c,
    0xf5, 0x9c, 0x9b, 0xd6, 0xdb, 0xde, 0x3d, 0xe7, 0xdf, 0xff, 0xfc, 0xde, 0x52, 0x8c, 0x72, 0x8c,
    0x32, 0x84, 0xf1, 0x7b, 0xbb, 0xd6, 0xff, 0xff, 0x3d, 0xe7, 0xdc, 0xde, 0x9a, 0xd6, 0x15, 0xa5,
    0xf4, 0x9c, 0xfc, 0xde, 0xdf, 0xff, 0x7d, 0xef, 0x3d, 0xe7, 0x3d, 0xef, 0x3d, 0xef, 0x3d, 0xef,
    0x3d, 0xef, 0x3d, 0xef, 0x3d, 0xef, 0x3d, 0xef, 0x3d, 0xef, 0x3d, 0xef, 0x3d, 0xef, 0x3d, 0xef,
    0x3d, 0xef, 0x3d, 0xef, 0x3d, 0xef, 0x3d, 0xef, 0x3d, 0xe7, 0x3d, 0xef, 0x1d, 0xef, 0x5d, 0xef,
    0x56, 0x84, 0x13, 0x4b, 0x53, 0x5b, 0x13, 0x53, 0x16, 0x74, 0x3c, 0xe7, 0x3d, 0xef, 0x3d, 0xe7,
    0x5c, 0xe7, 0x5d, 0xe7, 0x5d, 0xef, 0x3d, 0xef, 0x3d, 0xef, 0x3d, 0xef, 0x3d, 0xe7, 0x9e, 0xf7,
    0x38, 0x9d, 0xb2, 0x42, 0x16, 0x7c, 0xbc, 0xd6, 0x9c, 0xce, 0x1d, 0xe7, 0x5d, 0xef, 0xdc, 0xd6,
    0xbc, 0xd6, 0x98, 0xad, 0xb0, 0x4a, 0xf2, 0x52, 0x74, 0x53, 0x74, 0x53, 0x13, 0x43, 0x51, 0x32,
    0x55, 0x7c, 0xdc, 0xde, 0x5b, 0xce, 0x75, 0x5b, 0x92, 0x32, 0x1a, 0xbe, 0x7e, 0xef, 0x1d, 0xe7,
    0x5d, 0xe7, 0x3d, 0xef, 0x3d, 0xef, 0x3d, 0xef, 0x3d, 0xef, 0x3d, 0xef, 0x3d, 0xef, 0x3d, 0xef,
    0x3d, 0xef, 0x3d, 0xef, 0x3d, 0xef, 0x3d, 0xef, 0x3d, 0xef, 0x3d, 0xef, 0x3d, 0xef, 0x3d, 0xef,
    0x3d, 0xef, 0x3d, 0xef, 0x3d, 0xef, 0x3d, 0xe7, 0x3d, 0xef, 0x3d, 0xef, 0x3d, 0xef, 0x3d, 0xef,
    0x3d, 0xef, 0x3d, 0xef, 0x3d, 0xef, 0x3d, 0xef, 0x3d, 0xef, 0x3d, 0xef, 0x3d, 0xef, 0x3d, 0xef,
    0x3d, 0xef, 0x3d, 0xef, 0x3d, 0xef, 0x3d, 0xe7, 0x5e, 0xef, 0xbe, 0xff, 0x1c, 0xdf, 0xf5, 0x9c,
    0xf5, 0x9c, 0x7a, 0xce, 0xdb, 0xde, 0x3d, 0xe7, 0xdf, 0xff, 0xfc, 0xde, 0x52, 0x8c, 0x73, 0x8c,
    0x32, 0x84, 0xf1, 0x7b, 0xbb, 0xd6, 0xff, 0xff, 0x3d, 0xe7, 0xdc, 0xde, 0x9a, 0xd6, 0xf5, 0x9c,
    0xf4, 0x9c, 0xfc, 0xde, 0xdf, 0xff, 0x7d, 0xef, 0x3d, 0xe7, 0x3d, 0xef, 0x3d, 0xef, 0x3d, 0xef,
    0x3d, 0xef, 0x3d, 0xef, 0x3d, 0xef, 0x3d, 0xef, 0x3d, 0xef, 0x3d, 0xef, 0x3d, 0xef, 0x3d, 0xef,
    0x3d, 0xef, 0x3d, 0xef, 0x3d, 0xef, 0x5d, 0xe7, 0x3d, 0xef, 0x3d, 0xef, 0x5d, 0xe7, 0x5d, 0xef,
    0x3d, 0xe7, 0x3d, 0xe7, 0x1e, 0xe7, 0x3d, 0xe7, 0x3d, 0xe7, 0x5e, 0xe7, 0x5d, 0xe7, 0x3d, 0xef,
    0x5d, 0xef, 0x5d, 0xef, 0x3d, 0xef, 0x3d, 0xef, 0x3d, 0xef, 0x3d, 0xef, 0x3d, 0xef, 0x3d, 0xef,
    0x3d, 0xe7, 0x5e, 0xe7, 0x1b, 0xbe, 0x92, 0x42, 0xd2, 0x42, 0xbc, 0xd6, 0xbf, 0xf7, 0x55, 0x84,
    0x4d, 0x21, 0x75, 0x8c, 0xff, 0xff, 0xbf, 0xf7, 0x5e, 0xc7, 0x5f, 0xbf, 0x9e, 0x86, 0xbf, 0x7e,
    0x1a, 0x6d, 0xce, 0x31, 0x50, 0x3a, 0x76, 0x43, 0x15, 0x3b, 0x1b, 0xbe, 0x7d, 0xf7, 0x3d, 0xe7,
    0x3d, 0xef, 0x3d, 0xef, 0x3d, 0xef, 0x3d, 0xef, 0x3d, 0xef, 0x3d, 0xef, 0x3d, 0xef, 0x3d, 0xef,
    0x3d, 0xef, 0x3d, 0xef, 0x3d, 0xef, 0x3d, 0xef, 0x3d, 0xef, 0x3d, 0xef, 0x3d, 0xef, 0x3d, 0xef,
    0x3d, 0xef, 0x3d, 0xef, 0x3d, 0xef, 0x3d, 0xef, 0x3d, 0xef, 0x3d, 0xef, 0x3d, 0xef, 0x3d, 0xef,
    0x3d, 0xef, 0x3d, 0xef, 0x3d, 0xef, 0x3d, 0xef, 0x3d, 0xef, 0x3d, 0xef, 0x3d, 0xef, 0x3d, 0xef,
    0x3d, 0xef, 0x3d, 0xef, 0x3d, 0xef, 0x3d, 0xe7, 0x5e, 0xef, 0xbe, 0xff, 0x1c, 0xdf, 0xf5, 0x9c,
    0xf5, 0x9c, 0x7a, 0xd6, 0xdb, 0xde, 0x3d, 0xe7, 0xdf, 0xff, 0xfc, 0xde, 0x52, 0x8c, 0x73, 0x8c,
    0x32, 0x84, 0xf1, 0x7b, 0xbb, 0xd6, 0xff, 0xff, 0x3d, 0xef, 0xdb, 0xde, 0x9a, 0xd6, 0xf5, 0x9c,
    0xf4, 0x9c, 0xfc, 0xde, 0xdf, 0xff, 0x7e, 0xef, 0x3d, 0xe7, 0x3d, 0xef, 0x3d, 0xef, 0x3d, 0xef,
    0x3d, 0xe7, 0x3d, 0xef, 0x3d, 0xef, 0x3d, 0xef, 0x3d, 0xef, 0x3d, 0xef, 0x3d, 0xef, 0x3d, 0xef,
    0x3d, 0xef, 0x3d, 0xe7, 0x3d, 0xef, 0x3d, 0xef, 0x3d, 0xef, 0x3d, 0xef, 0x3d, 0xef, 0x3d, 0xef,
    0x5d, 0xef, 0x5d, 0xef, 0x5d, 0xef, 0x5d, 0xef, 0x5d, 0xef, 0x3d, 0xef, 0x5d, 0xef, 0x3d, 0xef,
    0x5d, 0xef, 0x5d, 0xef, 0x3d, 0xef, 0x3d, 0xef, 0x3d, 0xef, 0x3d, 0xef, 0x3d, 0xef, 0x3d, 0xef,
    0x3d, 0xe7, 0x7d, 0xf7, 0x3a, 0xbe, 0x52, 0x32, 0xd3, 0x42, 0xbc, 0xce, 0xbe, 0xf7, 0x56, 0x84,
    0x0d, 0x19, 0x76, 0x84, 0xff, 0xff, 0xdf, 0xf7, 0x5f, 0xc7, 0x5f, 0xb7, 0xdf, 0x86, 0xff, 0x7e,
    0xfa, 0x5c, 0x8e, 0x29, 0x11, 0x32, 0x15, 0x43, 0x14, 0x3b, 0x3b, 0xbe, 0x7e, 0xef, 0x3d, 0xe7,
    0x5d, 0xef, 0x3d, 0xef, 0x3d, 0xef, 0x3d, 0xef, 0x3d, 0xef, 0x3d, 0xef, 0x3d, 0xef, 0x3d, 0xef,
    0x3d, 0xef, 0x3d, 0xef, 0x3d, 0xef, 0x3d, 0xef, 0x3d, 0xef, 0x3d, 0xef, 0x3d, 0xef, 0x3d, 0xef,
    0x3d, 0xef, 0x3d, 0xef, 0x3d, 0xef, 0x3d, 0xef, 0x3d, 0xef, 0x3d, 0xef, 0x3d, 0xef, 0x3d, 0xef,
    0x3d, 0xef, 0x3d, 0xef, 0x3d, 0xef, 0x3d, 0xef, 0x3d, 0xef, 0x3d, 0xef, 0x3d, 0xef, 0x3d, 0xef,
    0x3d, 0xef, 0x3d, 0xef, 0x3d, 0xef, 0x3d, 0xe7, 0x5d, 0xef, 0xbe, 0xf7, 0xfc, 0xde, 0xf5, 0x9c,
    0xf5, 0x9c, 0x7a, 0xce, 0xdb, 0xde, 0x3d, 0xe7, 0xdf, 0xff, 0xfc, 0xde, 0x52, 0x8c, 0x73, 0x8c,
    0x32, 0x84, 0x11, 0x84, 0xbb, 0xd6, 0xff, 0xff, 0x3d, 0xe7, 0xdb, 0xde, 0x9a, 0xce, 0xf5, 0x9c,
    0xf4, 0x9c, 0xfc, 0xde, 0xdf, 0xff, 0x7e, 0xef, 0x3d, 0xe7, 0x3d, 0xef, 0x3d, 0xef, 0x3d, 0xe7,
    0x3d, 0xef, 0x3d, 0xef, 0x3d, 0xef, 0x3d, 0xef, 0x3d, 0xef, 0x3d, 0xef, 0x3d, 0xef, 0x3d, 0xef,
    0x3d, 0xef, 0x3d, 0xef, 0x3d, 0xef, 0x3d, 0xef, 0x3d, 0xef, 0x3d, 0xef, 0x3d, 0xef, 0x3d, 0xef,
    0x3d, 0xe7, 0x3d, 0xef, 0x3d, 0xef, 0x3d, 0xef, 0x3d, 0xef, 0x3d, 0xef, 0x3d, 0xef, 0x3d, 0xef,
    0x3d, 0xef, 0x3d, 0xef, 0x3d, 0xef, 0x3d, 0xef, 0x3d, 0xef, 0x3d, 0xef, 0x3d, 0xef, 0x3d, 0xef,
    0x3d, 0xe7, 0x7e, 0xf7, 0x1b, 0xbe, 0x93, 0x3a, 0xd3, 0x42, 0x7b, 0xce, 0x9e, 0xf7, 0xd8, 0x8c,
    0x31, 0x32, 0x77, 0x64, 0x1f, 0xa7, 0xde, 0x96, 0xdf, 0x8e, 0xdf, 0x8e, 0x5f, 0x76, 0x5f, 0x6e,
    0xb9, 0x54, 0xae, 0x29, 0x6f, 0x42, 0x5b, 0xbe, 0x9c, 0xc6, 0x1d, 0xdf, 0x5d, 0xef, 0x3d, 0xef,
    0x3d, 0xef, 0x3d, 0xef, 0x3d, 0xef, 0x3d, 0xef, 0x3d, 0xef, 0x3d, 0xef, 0x3d, 0xef, 0x3d, 0xef,
    0x3d, 0xef, 0x3d, 0xef, 0x3d, 0xef, 0x3d, 0xef, 0x3d, 0xef, 0x3d, 0xef, 0x3d, 0xe7, 0x3d, 0xe7,
    0x3d, 0xef, 0x3d, 0xef, 0x3d, 0xef, 0x3d, 0xef, 0x3d, 0xef, 0x3d, 0xef, 0x3d, 0xef, 0x3d, 0xef,
    0x3d, 0xef, 0x3d, 0xef, 0x3d, 0xef, 0x3d, 0xef, 0x3d, 0xef, 0x3d, 0xef, 0x3d, 0xef, 0x3d, 0xef,
    0x3d, 0xef, 0x3d, 0xef, 0x3d, 0xef, 0x3d, 0xe7, 0x5d, 0xef, 0xdf, 0xff, 0xfc, 0xde, 0xd4, 0x9c,
    0xf5, 0x9c, 0x7a, 0xce, 0xbb, 0xde, 0x3d, 0xe7, 0xdf, 0xff, 0xfc, 0xde, 0x52, 0x8c, 0x73, 0x8c,
    0x32, 0x84, 0xf1, 0x7b, 0xbb, 0xd6, 0xff, 0xff, 0x3d, 0xe7, 0xdb, 0xde, 0x9a, 0xce, 0xf5, 0x9c,
    0xf4, 0x9c, 0x1c, 0xdf, 0xdf, 0xff, 0x7e, 0xef, 0x3d, 0xe7, 0x3d, 0xef, 0x3d, 0xef, 0x3d, 0xef,
    0x3d, 0xef, 0x3d, 0xef, 0x3d, 0xef, 0x3d, 0xef, 0x3d, 0xef, 0x3d, 0xef, 0x3d, 0xe7, 0x3d, 0xef,
    0x3d, 0xef, 0x3d, 0xef, 0x3d, 0xef, 0x3d, 0xef, 0x3d, 0xef, 0x3d, 0xef, 0x3d, 0xef, 0x3d, 0xef,
    0x3d, 0xef, 0x3d, 0xef, 0x3d, 0xef, 0x3d, 0xef, 0x3d, 0xef, 0x3d, 0xef, 0x3d, 0xef, 0x3d, 0xef,
    0x3d, 0xef, 0x3d, 0xef, 0x3d, 0xef, 0x3d, 0xef, 0x3d, 0xef, 0x3d, 0xef, 0x3d, 0xef, 0x3d, 0xef,
    0x3d, 0xe7, 0x7e, 0xf7, 0x1a, 0xbe, 0x11, 0x2a, 0x72, 0x3a, 0xdd, 0xd6, 0xff, 0xff, 0xf8, 0x8c,
    0x93, 0x32, 0x99, 0x5c, 0xff, 0x7e, 0xbf, 0x7e, 0xbf, 0x7e, 0xbf, 0x7e, 0x3f, 0x6e, 0x3f, 0x6e,
    0xb9, 0x54, 0x8e, 0x29, 0x90, 0x4a, 0x3d, 0xe7, 0x7d, 0xf7, 0x5d, 0xef, 0x3d, 0xef, 0x3d, 0xef,
    0x3d, 0xef, 0x3d, 0xef, 0x3d, 0xef, 0x3d, 0xef, 0x3d, 0xef, 0x3d, 0xef, 0x3d, 0xef, 0x3d, 0xef,
    0x3d, 0xef, 0x3d, 0xef, 0x3d, 0xef, 0x3d, 0xe7, 0x3d, 0xef, 0x3d, 0xef, 0x3d, 0xe7, 0x3d, 0xe7,
    0x3d, 0xe7, 0x3d, 0xe7, 0x3d, 0xef, 0x3d, 0xef, 0x3d, 0xef, 0x3d, 0xef, 0x3d, 0xe7, 0x3d, 0xe7,
    0x3d, 0xef, 0x3d, 0xef, 0x3d, 0xef, 0x3d, 0xef, 0x3d, 0xef, 0x3d, 0xef, 0x3d, 0xef, 0x3d, 0xef,
    0x3d, 0xef, 0x3d, 0xef, 0x3d, 0xef, 0x3d, 0xe7, 0x5e, 0xef, 0xdf, 0xff, 0x1c, 0xdf, 0xf5, 0x9c,
    0xf5, 0x9c, 0x7a, 0xce, 0xbb, 0xde, 0x3d, 0xe7, 0xdf, 0xff, 0xfc, 0xde, 0x52, 0x8c, 0x73, 0x8c,
    0x32, 0x84, 0xf1, 0x7b, 0xbb, 0xd6, 0xff, 0xff, 0x3d, 0xe7, 0xbb, 0xde, 0x9a, 0xce, 0xf5, 0x9c,
    0xf4, 0x9c, 0xfc, 0xde, 0xdf, 0xff, 0x7e, 0xef, 0x3d, 0xe7, 0x3d, 0xef, 0x3d, 0xef, 0x3d, 0xef,
    0x3d, 0xef, 0x3d, 0xef, 0x3d, 0xef, 0x3d, 0xef, 0x3d, 0xef, 0x3d, 0xef, 0x3d, 0xef, 0x3d, 0xef,
    0x3d, 0xef, 0x3d, 0xef, 0x3d, 0xef, 0x3d, 0xef, 0x3d, 0xef, 0x3d, 0xef, 0x3d, 0xef, 0x3d, 0xef,
    0x3d, 0xef, 0x3d, 0xef, 0x3d, 0xef, 0x3d, 0xef, 0x3d, 0xef, 0x3d, 0xef, 0x3d, 0xef, 0x3d, 0xef,
    0x3d, 0xef, 0x3d, 0xef, 0x3d, 0xef, 0x3d, 0xef, 0x3d, 0xef, 0x3d, 0xef, 0x3d, 0xef, 0x3d, 0xef,
    0x3d, 0xe7, 0x5d, 0xef, 0xbc, 0xd6, 0xd7, 0x94, 0xf8, 0x94, 0x39, 0x95, 0x59, 0x9d, 0xb5, 0x63,
    0x31, 0x32, 0xf7, 0x4b, 0x1f, 0x66, 0x1e, 0x6e, 0x9f, 0x7e, 0xbf, 0x86, 0xff, 0x6d, 0xdf, 0x5d,
    0x39, 0x4c, 0x8e, 0x29, 0x91, 0x4a, 0x1d, 0xe7, 0x5d, 0xef, 0x3d, 0xe7, 0x3d, 0xef, 0x3d, 0xe7,
    0x3d, 0xef, 0x3d, 0xef, 0x3d, 0xef, 0x3d, 0xef, 0x3d, 0xef, 0x3d, 0xef, 0x3d, 0xef, 0x3d, 0xef,
    0x3d, 0xef, 0x3d, 0xef, 0x3d, 0xef, 0x3d, 0xe7, 0x3d, 0xef, 0x3d, 0xef, 0x3d, 0xef, 0x3d, 0xef,
    0x3d, 0xef, 0x3d, 0xe7, 0x3d, 0xef, 0x3d, 0xef, 0x3d, 0xef, 0x3d, 0xef, 0x3d, 0xe7, 0x3d, 0xe7,
    0x3d, 0xef, 0x3d, 0xef, 0x3d, 0xef, 0x3d, 0xef, 0x3d, 0xef, 0x3d, 0xef, 0x3d, 0xef, 0x3d, 0xef,
    0x3d, 0xef, 0x3d, 0xef, 0x3d, 0xe7, 0x3d, 0xe7, 0x5e, 0xef, 0xdf, 0xff, 0x1c, 0xdf, 0xf5, 0x9c,
    0xf5, 0x9c, 0x7a, 0xce, 0xbb, 0xde, 0x3d, 0xe7, 0xdf, 0xff, 0xfc, 0xde, 0x52, 0x8c, 0x73, 0x8c,
    0x32, 0x84, 0xf1, 0x7b, 0x9b, 0xd6, 0xdf, 0xff, 0x3d, 0xe7, 0xbb, 0xde, 0x7a, 0xce, 0xf5, 0x9c,
    0xf4, 0x9c, 0xfc, 0xde, 0xdf, 0xff, 0x7e, 0xef, 0x3d, 0xe7, 0x3d, 0xef, 0x3d, 0xef, 0x3d, 0xef,
    0x3d, 0xef, 0x3d, 0xef, 0x3d, 0xef, 0x3d, 0xef, 0x3d, 0xef, 0x3d, 0xef, 0x3d, 0xef, 0x3d, 0xef,
    0x3d, 0xef, 0x3d, 0xef, 0x3d, 0xef, 0x3d, 0xe7, 0x3d, 0xe7, 0x3d, 0xef, 0x3d, 0xef, 0x3d, 0xef,
    0x3d, 0xef, 0x3d, 0xef, 0x3d, 0xef, 0x3d, 0xef, 0x3d, 0xef, 0x3d, 0xef, 0x3d, 0xef, 0x3d, 0xef,
    0x3d, 0xef, 0x3d, 0xef, 0x3d, 0xef, 0x3d, 0xef, 0x3d, 0xef, 0x3d, 0xef, 0x3d, 0xef, 0x3d, 0xef,
    0x3d, 0xef, 0x3d, 0xef, 0x5d, 0xef, 0x9e, 0xf7, 0x7e, 0xef, 0x14, 0x4b, 0x12, 0x2a, 0x11, 0x2a,
    0x4d, 0x21, 0x14, 0x3b, 0x9f, 0x55, 0x7e, 0x55, 0xdf, 0x86, 0x1f, 0x87, 0xff, 0x65, 0x9f, 0x55,
    0x39, 0x4c, 0x4d, 0x21, 0x2f, 0x42, 0x1d, 0xe7, 0x5d, 0xef, 0x3d, 0xe7, 0x3d, 0xef, 0x3d, 0xef,
    0x3d, 0xef, 0x3d, 0xef, 0x3d, 0xef, 0x3d, 0xef, 0x3d, 0xef, 0x3d, 0xef, 0x3d, 0xef, 0x3d, 0xef,
    0x3d, 0xef, 0x3d, 0xef, 0x3d, 0xef, 0x3d, 0xef, 0x3d, 0xef, 0x3d, 0xef, 0x3d, 0xef, 0x3d, 0xef,
    0x3d, 0xef, 0x3d, 0xef, 0x3d, 0xef, 0x3d, 0xef, 0x3d, 0xef, 0x3d, 0xef, 0x3d, 0xef, 0x3d, 0xef,
    0x3d, 0xef, 0x3d, 0xef, 0x3d, 0xef, 0x3d, 0xe7, 0x3d, 0xef, 0x3d, 0xe7, 0x3d, 0xe7, 0x3d, 0xef,
    0x3d, 0xef, 0x3d, 0xef, 0x3d, 0xe7, 0x3d, 0xe7, 0x5d, 0xef, 0xdf, 0xff, 0xfc, 0xe6, 0xd4, 0x9c,
    0xf5, 0x9c, 0x7a, 0xce, 0xbb, 0xde, 0x3d, 0xe7, 0xdf, 0xff, 0xfc, 0xde, 0x52, 0x8c, 0x73, 0x8c,
    0x32, 0x84, 0xf1, 0x7b, 0x9b, 0xd6, 0xdf, 0xff, 0x3d, 0xe7, 0xdb, 0xde, 0x9a, 0xce, 0xf5, 0x9c,
    0xf4, 0x9c, 0xfc, 0xde, 0xdf, 0xff, 0x7e, 0xef, 0x3d, 0xe7, 0x3d, 0xef, 0x3d, 0xef, 0x3d, 0xef,
    0x3d, 0xef, 0x3d, 0xef, 0x3d, 0xef, 0x3d, 0xef, 0x3d, 0xef, 0x3d, 0xef, 0x3d, 0xef, 0x3d, 0xef,
    0x3d, 0xef, 0x3d, 0xef, 0x3d, 0xef, 0x3d, 0xef, 0x3d, 0xef, 0x3d, 0xef, 0x3d, 0xef, 0x3d, 0xef,
    0x3d, 0xef, 0x3d, 0xef, 0x3d, 0xef, 0x3d, 0xef, 0x3d, 0xef, 0x3d, 0xef, 0x3d, 0xef, 0x3d, 0xef,
    0x3d, 0xef, 0x3d, 0xef, 0x3d, 0xef, 0x3d, 0xef, 0x3d, 0xef, 0x3d, 0xef, 0x3d, 0xef, 0x3d, 0xef,
    0x3d, 0xef, 0x3d, 0xef, 0x3d, 0xe7, 0x3d, 0xef, 0x1d, 0xe7, 0x76, 0x7c, 0x16, 0x6c, 0x94, 0x63,
    0x12, 0x63, 0xd6, 0x5b, 0x9b, 0x4c, 0x9a, 0x54, 0x7b, 0x6d, 0xbb, 0x75, 0xda, 0x54, 0xbb, 0x54,
    0x38, 0x5c, 0xf1, 0x52, 0xb3, 0x73, 0x1d, 0xe7, 0x5d, 0xef, 0x3d, 0xe7, 0x3d, 0xef, 0x3d, 0xef,
    0x3d, 0xef, 0x3d, 0xef, 0x3d, 0xef, 0x3d, 0xef, 0x3d, 0xef, 0x3d, 0xef, 0x3d, 0xef, 0x3d, 0xef,
    0x3d, 0xef, 0x3d, 0xef, 0x3d, 0xef, 0x3d, 0xef, 0x3d, 0xef, 0x3d, 0xef, 0x3d, 0xef, 0x3d, 0xef,
    0x3d, 0xef, 0x3d, 0xef, 0x3d, 0xef, 0x3d, 0xef, 0x3d, 0xef, 0x3d, 0xef, 0x3d, 0xef, 0x3d, 0xef,
    0x3d, 0xef, 0x3d, 0xef, 0x3d, 0xef, 0x3d, 0xe7, 0x3d, 0xef, 0x3d, 0xe7, 0x3d, 0xe7, 0x3d, 0xef,
    0x3d, 0xef, 0x3d, 0xef, 0x3d, 0xe7, 0x3d, 0xe7, 0x5d, 0xef, 0xdf, 0xff, 0xfc, 0xe6, 0xd4, 0x9c,
    0xf5, 0x9c, 0x7a, 0xce, 0xbb, 0xde, 0x3d, 0xe7, 0xdf, 0xff, 0xfc, 0xde, 0x52, 0x8c, 0x73, 0x8c,
    0x32, 0x84, 0xf1, 0x7b, 0x9b, 0xd6, 0xdf, 0xff, 0x3d, 0xe7, 0xdc, 0xde, 0x9a, 0xce, 0xf5, 0x9c,
    0xf4, 0x9c, 0x1c, 0xdf, 0xdf, 0xff, 0x7e, 0xef, 0x3d, 0xe7, 0x3d, 0xef, 0x3d, 0xef, 0x3d, 0xef,
    0x3d, 0xef, 0x3d, 0xef, 0x3d, 0xef, 0x3d, 0xef, 0x3d, 0xef, 0x3d, 0xef, 0x3d, 0xef, 0x3d, 0xef,
    0x3d, 0xef, 0x3d, 0xef, 0x3d, 0xef, 0x3d, 0xef, 0x3d, 0xef, 0x3d, 0xef, 0x3d, 0xef, 0x3d, 0xef,
    0x3d, 0xef, 0x3d, 0xef, 0x3d, 0xef, 0x3d, 0xef, 0x3d, 0xef, 0x3d, 0xef, 0x3d, 0xef, 0x3d, 0xef,
    0x3d, 0xef, 0x3d, 0xef, 0x3d, 0xef, 0x3d, 0xef, 0x3d, 0xef, 0x3d, 0xef, 0x3d, 0xef, 0x3d, 0xef,
    0x3d, 0xef, 0x3d, 0xef, 0x3d, 0xef, 0x3d, 0xef, 0x5d, 0xe7, 0x7e, 0xef, 0x5e, 0xef, 0x5d, 0xef,
    0xbe, 0xf7, 0xb9, 0xb5, 0x6d, 0x21, 0xcf, 0x31, 0xae, 0x29, 0xae, 0x31, 0xcf, 0x31, 0x6d, 0x21,
    0xf4, 0x73, 0xbf, 0xff, 0x5d, 0xef, 0x3d, 0xef, 0x3d, 0xef, 0x3d, 0xef, 0x3d, 0xef, 0x3d, 0xef,
    0x3d, 0xef, 0x3d, 0xef, 0x3d, 0xef, 0x3d, 0xe7, 0x3d, 0xe7, 0x3d, 0xe7, 0x3d, 0xef, 0x3d, 0xef,
    0x3d, 0xef, 0x3d, 0xef, 0x3d, 0xef, 0x3d, 0xef, 0x3d, 0xef, 0x3d, 0xef, 0x3d, 0xef, 0x3d, 0xef,
    0x3d, 0xef, 0x3d, 0xef, 0x3d, 0xef, 0x3d, 0xef, 0x3d, 0xef, 0x3d, 0xef, 0x3d, 0xef, 0x3d, 0xef,
    0x3d, 0xef, 0x3d, 0xef, 0x3d, 0xef, 0x3d, 0xef, 0x3d, 0xef, 0x3d, 0xef, 0x3d, 0xe7, 0x3d, 0xe7,
    0x3d, 0xef, 0x3d, 0xef, 0x3d, 0xe7, 0x3d, 0xe7, 0x5d, 0xef, 0xdf, 0xff, 0xfc, 0xe6, 0xd4, 0x9c,
    0xf4, 0x9c, 0x7a, 0xce, 0xbb, 0xde, 0x3d, 0xe7, 0xdf, 0xff, 0xfc, 0xde, 0x52, 0x8c, 0x72, 0x8c,
    0x32, 0x84, 0xf1, 0x7b, 0x9b, 0xd6, 0xff, 0xff, 0x3d, 0xe7, 0xdb, 0xde, 0x7a, 0xce, 0x15, 0xa5,
    0xf5, 0x9c, 0x1c, 0xdf, 0xdf, 0xff, 0x7e, 0xef, 0x3d, 0xe7, 0x3d, 0xef, 0x3d, 0xef, 0x3d, 0xef,
    0x3d, 0xef, 0x3d, 0xef, 0x3d, 0xef, 0x3d, 0xef, 0x3d, 0xef, 0x3d, 0xef, 0x3d, 0xef, 0x3d, 0xef,
    0x3d, 0xef, 0x3d, 0xef, 0x3d, 0xef, 0x3d, 0xef, 0x3d, 0xef, 0x3d, 0xef, 0x3d, 0xef, 0x3d, 0xef,
    0x3d, 0xef, 0x3d, 0xef, 0x3d, 0xef, 0x3d, 0xef, 0x3d, 0xef, 0x3d, 0xef, 0x3d, 0xef, 0x3d, 0xef,
    0x3d, 0xef, 0x3d, 0xef, 0x3d, 0xef, 0x3d, 0xef, 0x3d, 0xef, 0x3d, 0xef, 0x3d, 0xef, 0x3d, 0xef,
    0x3d, 0xef, 0x5d, 0xef, 0x3d, 0xef, 0x3d, 0xef, 0x3d, 0xef, 0x3d, 0xef, 0x3d, 0xe7, 0x3d, 0xe7,
    0x9e, 0xf7, 0x99, 0xad, 0xef, 0x31, 0x30, 0x3a, 0x2f, 0x3a, 0x2f, 0x3a, 0x30, 0x3a, 0xce, 0x31,
    0x55, 0x84, 0x9e, 0xf7, 0x3c, 0xe7, 0x3d, 0xef, 0x3d, 0xef, 0x3d, 0xef, 0x3d, 0xef, 0x3d, 0xef,
    0x3d, 0xef, 0x3d, 0xef, 0x3d, 0xef, 0x3d, 0xef, 0x3d, 0xef, 0x3d, 0xef, 0x3d, 0xe7, 0x3d, 0xef,
    0x3d, 0xef, 0x3d, 0xef, 0x3d, 0xef, 0x3d, 0xef, 0x3d, 0xef, 0x3d, 0xef, 0x3d, 0xef, 0x3d, 0xef,
    0x3d, 0xef, 0x3d, 0xef, 0x3d, 0xef, 0x3d, 0xef, 0x3d, 0xef, 0x3d, 0xef, 0x3d, 0xef, 0x3d, 0xef,
    0x3d, 0xef, 0x3d, 0xef, 0x3d, 0xef, 0x3d, 0xef, 0x3d, 0xef, 0x3d, 0xef, 0x3d, 0xef, 0x3d, 0xef,
    0x3d, 0xef, 0x3d, 0xef, 0x3d, 0xef, 0x3d, 0xe7, 0x5d, 0xef, 0xdf, 0xff, 0xfc, 0xe6, 0xd4, 0x9c,
    0xf5, 0x9c, 0x7a, 0xce, 0xbb, 0xde, 0x3d, 0xe7, 0xdf, 0xff, 0xfc, 0xde, 0x52, 0x8c, 0x52, 0x8c,
    0x32, 0x84, 0xf1, 0x7b, 0x9b, 0xd6, 0xff, 0xff, 0x3c, 0xe7, 0x9b, 0xd6, 0x7a, 0xce, 0xf5, 0xa4,
    0xf5, 0x9c, 0xfc, 0xde, 0xbf, 0xff, 0x7d, 0xef, 0x3d, 0xe7, 0x3d, 0xef, 0x3d, 0xef, 0x3d, 0xe7,
    0x3d, 0xe7, 0x3d, 0xef, 0x3d, 0xef, 0x3d, 0xef, 0x3d, 0xef, 0x3d, 0xef, 0x3d, 0xef, 0x3d, 0xef,
    0x3d, 0xef, 0x3d, 0xef, 0x3d, 0xef, 0x3d, 0xef, 0x3d, 0xef, 0x3d, 0xef, 0x5d, 0xef, 0x5d, 0xef,
    0x3d, 0xef, 0x3d, 0xef, 0x3d, 0xef, 0x3d, 0xef, 0x3d, 0xef, 0x3d, 0xef, 0x3d, 0xef, 0x3d, 0xef,
    0x3d, 0xef, 0x3d, 0xef, 0x3d, 0xef, 0x3d, 0xef, 0x3d, 0xef, 0x3d, 0xef, 0x3d, 0xef, 0x3d, 0xef,
    0x5d, 0xef, 0x5d, 0xef, 0x3d, 0xef, 0x3d, 0xef, 0x3d, 0xef, 0x3d, 0xef, 0x3d, 0xef, 0x3d, 0xef,
    0x5d, 0xef, 0x1d, 0xe7, 0x9b, 0xd6, 0x9b, 0xd6, 0xbb, 0xd6, 0xbb, 0xd6, 0x9c, 0xd6, 0x9c, 0xd6,
    0xfc, 0xde, 0x5d, 0xef, 0x3d, 0xef, 0x3d, 0xef, 0x3d, 0xef, 0x3d, 0xef, 0x3d, 0xef, 0x3d, 0xef,
    0x3d, 0xef, 0x3d, 0xef, 0x3d, 0xef, 0x3d, 0xef, 0x3d, 0xef, 0x3d, 0xef, 0x3d, 0xef, 0x3d, 0xef,
    0x3d, 0xef, 0x3d, 0xef, 0x3d, 0xef, 0x3d, 0xef, 0x3d, 0xef, 0x3d, 0xef, 0x3d, 0xef, 0x3d, 0xef,
    0x3d, 0xef, 0x3d, 0xef, 0x3d, 0xef, 0x3d, 0xef, 0x3d, 0xef, 0x3d, 0xef, 0x3d, 0xef, 0x3d, 0xef,
    0x3d, 0xef, 0x3d, 0xef, 0x3d, 0xef, 0x3d, 0xef, 0x3d, 0xef, 0x3d, 0xef, 0x3d, 0xef, 0x3d, 0xef,
    0x3d, 0xef, 0x3d, 0xef, 0x3d, 0xef, 0x3d, 0xe7, 0x5d, 0xef, 0xbe, 0xf7, 0x1c, 0xdf, 0xf5, 0x9c,
    0xf5, 0x9c, 0x5a, 0xce, 0x9a, 0xd6, 0x1c, 0xe7, 0xdf, 0xff, 0xfc, 0xde, 0x32, 0x8c, 0x52, 0x8c,
    0x11, 0x84, 0xf1, 0x7b, 0x9b, 0xd6, 0xff, 0xff, 0x1c, 0xe7, 0x9b, 0xd6, 0x7a, 0xce, 0xf5, 0x9c,
    0xf4, 0x9c, 0xfc, 0xde, 0xbf, 0xff, 0x7d, 0xef, 0x3d, 0xe7, 0x3d, 0xef, 0x3d, 0xef, 0x3d, 0xef,
    0x3d, 0xef, 0x3d, 0xef, 0x3d, 0xef, 0x3d, 0xef, 0x3d, 0xef, 0x3d, 0xef, 0x3d, 0xef, 0x3d, 0xef,
    0x3d, 0xef, 0x3d, 0xef, 0x3d, 0xef, 0x3d, 0xef, 0x3d, 0xef, 0x3d, 0xef, 0x3d, 0xef, 0x3d, 0xef,
    0x3d, 0xef, 0x3d, 0xef, 0x3d, 0xef, 0x3d, 0xef, 0x3d, 0xef, 0x3d, 0xef, 0x3d, 0xef, 0x3d, 0xef,
    0x3d, 0xef, 0x3d, 0xef, 0x3d, 0xef, 0x3d, 0xef, 0x3d, 0xef, 0x3d, 0xef, 0x3d, 0xef, 0x3d, 0xef,
    0x3d, 0xef, 0x3d, 0xef, 0x3d, 0xef, 0x3d, 0xef, 0x3d, 0xef, 0x3d, 0xef, 0x3d, 0xef, 0x3d, 0xef,
    0x3d, 0xef, 0x5d, 0xef, 0x7d, 0xef, 0x7d, 0xef, 0x7d, 0xef, 0x7d, 0xef, 0x7d, 0xef, 0x7d, 0xef,
    0x5e, 0xef, 0x3d, 0xef, 0x3d, 0xef, 0x3d, 0xef, 0x3d, 0xef, 0x3d, 0xef, 0x3d, 0xef, 0x3d, 0xef,
    0x3d, 0xef, 0x3d, 0xef, 0x3d, 0xef, 0x3d, 0xef, 0x3d, 0xef, 0x3d, 0xef, 0x3d, 0xef, 0x3d, 0xef,
    0x3d, 0xef, 0x3d, 0xef, 0x3d, 0xef, 0x3d, 0xef, 0x3d, 0xef, 0x3d, 0xef, 0x3d, 0xef, 0x3d, 0xef,
    0x3d, 0xef, 0x3d, 0xef, 0x3d, 0xef, 0x3d, 0xe7, 0x3d, 0xef, 0x3d, 0xef, 0x3d, 0xef, 0x3d, 0xef,
    0x3d, 0xef, 0x3d, 0xef, 0x3d, 0xef, 0x3d, 0xef, 0x3d, 0xef, 0x3d, 0xef, 0x3d, 0xef, 0x3d, 0xef,
    0x3d, 0xef, 0x3d, 0xef, 0x3d, 0xef, 0x3d, 0xe7, 0x5d, 0xef, 0xdf, 0xff, 0x1c, 0xe7, 0xd5, 0x9c,
    0xf5, 0x9c, 0x5a, 0xce, 0x7a, 0xd6, 0x1c, 0xe7, 0xdf, 0xff, 0xfc, 0xde, 0x32, 0x8c, 0x52, 0x8c,
    0x11, 0x84, 0xf1, 0x7b, 0x9b, 0xd6, 0xdf, 0xff, 0x1c, 0xe7, 0x9a, 0xd6, 0x59, 0xce, 0xf5, 0x9c,
    0xf4, 0x9c, 0xfc, 0xde, 0xbf, 0xf7, 0x7d, 0xef, 0x3d, 0xe7, 0x3d, 0xef, 0x3d, 0xef, 0x3d, 0xef,
    0x3d, 0xef, 0x3d, 0xef, 0x3d, 0xef, 0x3d, 0xef, 0x3d, 0xef, 0x3d, 0xef, 0x3d, 0xef, 0x3d, 0xef,
    0x3d, 0xef, 0x3d, 0xef, 0x3d, 0xef, 0x3d, 0xef, 0x3d, 0xef, 0x3d, 0xef, 0x3d, 0xef, 0x3d, 0xef,
    0x3d, 0xef, 0x3d, 0xef, 0x3d, 0xef, 0x3d, 0xef, 0x3d, 0xef, 0x3d, 0xef, 0x3d, 0xef, 0x3d, 0xef,
    0x3d, 0xef, 0x3d, 0xef, 0x3d, 0xef, 0x3d, 0xef, 0x3d, 0xef, 0x3d, 0xef, 0x3d, 0xef, 0x3d, 0xef,
    0x3d, 0xef, 0x3d, 0xef, 0x3d, 0xef, 0x3d, 0xef, 0x3d, 0xef, 0x3d, 0xef, 0x3d, 0xef, 0x3d, 0xef,
    0x3d, 0xef, 0x3d, 0xef, 0x3d, 0xe7, 0x3d, 0xe7, 0x3d, 0xe7, 0x3d, 0xe7, 0x3d, 0xe7, 0x3d, 0xe7,
    0x3d, 0xe7, 0x3d, 0xef, 0x3d, 0xef, 0x3d, 0xef, 0x3d, 0xef, 0x3d, 0xef, 0x3d, 0xef, 0x3d, 0xef,
    0x3d, 0xef, 0x3d, 0xef, 0x3d, 0xef, 0x3d, 0xef, 0x3d, 0xef, 0x3d, 0xef, 0x3d, 0xef, 0x3d, 0xef,
    0x3d, 0xef, 0x3d, 0xef, 0x3d, 0xef, 0x3d, 0xef, 0x3d, 0xef, 0x3d, 0xef, 0x3d, 0xef, 0x3d, 0xef,
    0x3d, 0xef, 0x3d, 0xef, 0x3d, 0xef, 0x3d, 0xef, 0x3d, 0xef, 0x3d, 0xef, 0x3d, 0xef, 0x3d, 0xef,
    0x3d, 0xef, 0x3d, 0xef, 0x3d, 0xef, 0x3d, 0xef, 0x3d, 0xef, 0x3d, 0xef, 0x3d, 0xef, 0x3d, 0xef,
    0x3d, 0xef, 0x3d, 0xe7, 0x3d, 0xef, 0x3d, 0xe7, 0x5d, 0xef, 0xbe, 0xf7, 0xfc, 0xe6, 0xf5, 0x9c,
    0xf4, 0x9c, 0x5a, 0xce, 0x9a, 0xd6, 0x1c, 0xe7, 0xdf, 0xff, 0xfc, 0xde, 0x32, 0x84, 0x32, 0x84,
    0x11, 0x84, 0xd0, 0x7b, 0xbb, 0xd6, 0xff, 0xff, 0x1c, 0xe7, 0x7a, 0xce, 0x5a, 0xce, 0xf5, 0x9c,
    0xd4, 0x9c, 0x1c, 0xe7, 0xff, 0xff, 0x7e, 0xef, 0x3d, 0xe7, 0x3d, 0xef, 0x3d, 0xef, 0x3d, 0xef,
    0x3d, 0xef, 0x3d, 0xef, 0x3d, 0xef, 0x3d, 0xef, 0x3d, 0xef, 0x3d, 0xef, 0x3d, 0xef, 0x3d, 0xef,
    0x3d, 0xef, 0x3d, 0xef, 0x3d, 0xef, 0x3d, 0xef, 0x3d, 0xef, 0x3d, 0xef, 0x3d, 0xef, 0x3d, 0xef,
    0x3d, 0xef, 0x3d, 0xef, 0x3d, 0xef, 0x3d, 0xef, 0x3d, 0xef, 0x3d, 0xef, 0x3d, 0xef, 0x3d, 0xef,
    0x3d, 0xef, 0x3d, 0xef, 0x3d, 0xef, 0x3d, 0xef, 0x3d, 0xef, 0x3d, 0xef, 0x3d, 0xef, 0x3d, 0xef,
    0x3d, 0xef, 0x3d, 0xef, 0x3d, 0xef, 0x3d, 0xef, 0x3d, 0xef, 0x3d, 0xef, 0x3d, 0xef, 0x3d, 0xef,
    0x3d, 0xef, 0x3d, 0xef, 0x3d, 0xef, 0x3d, 0xef, 0x3d, 0xef, 0x3d, 0xef, 0x3d, 0xef, 0x3d, 0xef,
    0x3d, 0xef, 0x3d, 0xef, 0x3d, 0xef, 0x3d, 0xef, 0x3d, 0xef, 0x3d, 0xef, 0x3d, 0xef, 0x3d, 0xef,
    0x3d, 0xef, 0x3d, 0xef, 0x3d, 0xef, 0x3d, 0xef, 0x3d, 0xef, 0x3d, 0xef, 0x3d, 0xef, 0x3d, 0xef,
    0x3d, 0xef, 0x3d, 0xef, 0x3d, 0xef, 0x3d, 0xef, 0x3d, 0xef, 0x3d, 0xef, 0x3d, 0xef, 0x3d, 0xef,
    0x3d, 0xef, 0x3d, 0xef, 0x3d, 0xef, 0x3d, 0xef, 0x3d, 0xef, 0x3d, 0xef, 0x3d, 0xef, 0x3d, 0xef,
    0x3d, 0xef, 0x3d, 0xef, 0x3d, 0xef, 0x3d, 0xef, 0x3d, 0xef, 0x3d, 0xef, 0x3d, 0xef, 0x3d, 0xef,
    0x3d, 0xef, 0x3d, 0xe7, 0x3d, 0xef, 0x3d, 0xe7, 0x5d, 0xef, 0xdf, 0xff, 0x1c, 0xe7, 0xd4, 0x9c,
    0xd4, 0x9c, 0x5a, 0xce, 0x9a, 0xd6, 0x1c, 0xe7, 0xff, 0xff, 0xfc, 0xde, 0x11, 0x84, 0x32, 0x84,
    0x52, 0x8c, 0x31, 0x84, 0x7a, 0xce, 0x7d, 0xef, 0xdb, 0xde, 0x9a, 0xce, 0x5a, 0xce, 0xf5, 0x9c,
    0xf4, 0x9c, 0x9b, 0xd6, 0x1c, 0xe7, 0x1c, 0xe7, 0x7e, 0xef, 0x5d, 0xef, 0x3d, 0xe7, 0x3d, 0xef,
    0x3d, 0xef, 0x3d, 0xef, 0x3d, 0xef, 0x3d, 0xef, 0x3d, 0xef, 0x3d, 0xef, 0x3d, 0xef, 0x3d, 0xef,
    0x3d, 0xef, 0x3d, 0xef, 0x3d, 0xef, 0x3d, 0xef, 0x3d, 0xef, 0x3d, 0xef, 0x3d, 0xef, 0x3d, 0xef,
    0x3d, 0xef, 0x3d, 0xef, 0x3d, 0xef, 0x3d, 0xef, 0x3d, 0xef, 0x3d, 0xef, 0x3d, 0xef, 0x3d, 0xef,
    0x3d, 0xef, 0x3d, 0xef, 0x3d, 0xef, 0x3d, 0xef, 0x3d, 0xef, 0x3d, 0xef, 0x3d, 0xef, 0x3d, 0xef,
    0x3d, 0xe7, 0x3d, 0xe7, 0x3d, 0xe7, 0x3d, 0xe7, 0x3d, 0xef, 0x3d, 0xef, 0x3d, 0xef, 0x3d, 0xef,
    0x3d, 0xef, 0x3d, 0xef, 0x3d, 0xef, 0x3d, 0xef, 0x3d, 0xef, 0x3d, 0xef, 0x3d, 0xef, 0x3d, 0xef,
    0x3d, 0xef, 0x3d, 0xef, 0x3d, 0xef, 0x3d, 0xef, 0x3d, 0xe7, 0x3d, 0xef, 0x3d, 0xef, 0x3d, 0xef,
    0x3d, 0xef, 0x3d, 0xe7, 0x3d, 0xe7, 0x3d, 0xef, 0x3d, 0xef, 0x3d, 0xef, 0x3d, 0xef, 0x3d, 0xe7,
    0x3d, 0xe7, 0x3d, 0xef, 0x3d, 0xef, 0x3d, 0xef, 0x3d, 0xef, 0x3d, 0xe7, 0x3d, 0xef, 0x3d, 0xef,
    0x3d, 0xef, 0x3d, 0xef, 0x3d, 0xef, 0x3d, 0xef, 0x3d, 0xef, 0x3d, 0xef, 0x3d, 0xef, 0x3d, 0xef,
    0x3d, 0xef, 0x3d, 0xef, 0x3d, 0xe7, 0x3d, 0xe7, 0x3d, 0xef, 0x3d, 0xef, 0x3d, 0xe7, 0x3d, 0xef,
    0x3d, 0xef, 0x3d, 0xe7, 0x5d, 0xef, 0x5d, 0xef, 0x5d, 0xef, 0x1c, 0xe7, 0x7a, 0xce, 0xf4, 0x9c,
    0x15, 0xa5, 0x5a, 0xce, 0x9a, 0xce, 0xfc, 0xde, 0x7d, 0xef, 0x9a, 0xce, 0x11, 0x84, 0x32, 0x84,
    0xb4, 0x94, 0xb4, 0x94, 0x19, 0xc6, 0x9a, 0xd6, 0x7a, 0xce, 0x9b, 0xd6, 0x5a, 0xce, 0xf4, 0x9c,
    0xf5, 0x9c, 0x35, 0xa5, 0xf5, 0x9c, 0x5a, 0xce, 0xff, 0xff, 0x7e, 0xef, 0x3d, 0xe7, 0x3d, 0xef,
    0x3d, 0xef, 0x3d, 0xef, 0x3d, 0xef, 0x3d, 0xe7, 0x3d, 0xe7, 0x3d, 0xef, 0x3d, 0xe7, 0x3d, 0xe7,
    0x3d, 0xe7, 0x3d, 0xe7, 0x3d, 0xe7, 0x3d, 0xe7, 0x3d, 0xe7, 0x3d, 0xe7, 0x3d, 0xe7, 0x3d, 0xe7,
    0x3d, 0xef, 0x3d, 0xe7, 0x3d, 0xe7, 0x3d, 0xef, 0x3d, 0xe7, 0x3d, 0xe7, 0x3d, 0xe7, 0x3d, 0xe7,
    0x3d, 0xe7, 0x3d, 0xe7, 0x3d, 0xe7, 0x3d, 0xe7, 0x3d, 0xe7, 0x3d, 0xe7, 0x3d, 0xe7, 0x3d, 0xe7,
    0x3d, 0xe7, 0x3d, 0xe7, 0x3d, 0xe7, 0x3d, 0xe7, 0x3d, 0xef, 0x3d, 0xef, 0x3d, 0xe7, 0x3d, 0xe7,
    0x3d, 0xef, 0x3d, 0xe7, 0x3d, 0xe7, 0x3d, 0xe7, 0x3d, 0xe7, 0x3d, 0xe7, 0x3d, 0xe7, 0x3d, 0xe7,
    0x3d, 0xe7, 0x3d, 0xe7, 0x3d, 0xe7, 0x3d, 0xe7, 0x3d, 0xe7, 0x3d, 0xe7, 0x3d, 0xe7, 0x3d, 0xe7,
    0x3d, 0xe7, 0x3d, 0xe7, 0x3d, 0xe7, 0x3d, 0xe7, 0x3d, 0xe7, 0x3d, 0xe7, 0x3d, 0xe7, 0x3d, 0xe7,
    0x3d, 0xe7, 0x3d, 0xe7, 0x3d, 0xef, 0x3d, 0xe7, 0x3d, 0xe7, 0x3d, 0xe7, 0x3d, 0xe7, 0x3d, 0xef,
    0x3d, 0xe7, 0x3d, 0xe7, 0x3d, 0xe7, 0x3d, 0xe7, 0x3d, 0xe7, 0x3d, 0xe7, 0x3d, 0xe7, 0x3d, 0xe7,
    0x3d, 0xe7, 0x3d, 0xe7, 0x3d, 0xe7, 0x3d, 0xe7, 0x3d, 0xe7, 0x3d, 0xe7, 0x3d, 0xe7, 0x3d, 0xe7,
    0x3d, 0xe7, 0x3d, 0xe7, 0x7e, 0xef, 0xdf, 0xff, 0x3d, 0xe7, 0x15, 0xa5, 0x15, 0xa5, 0x15, 0xa5,
    0x15, 0xa5, 0x39, 0xc6, 0x9a, 0xd6, 0x9a, 0xce, 0x9b, 0xd6, 0x18, 0xbe, 0x11, 0x84, 0x31, 0x84,
    0x93, 0x94, 0x73, 0x8c, 0xb8, 0xb5, 0x7a, 0xce, 0x7a, 0xce, 0x9b, 0xd6, 0x5a, 0xce, 0x56, 0xad,
    0x56, 0xad, 0x56, 0xad, 0x15, 0x9d, 0x39, 0xc6, 0x9e, 0xf7, 0x5d, 0xef, 0x3d, 0xef, 0x5d, 0xef,
    0x5d, 0xef, 0x5d, 0xef, 0x5d, 0xef, 0x5d, 0xef, 0x5d, 0xef, 0x5d, 0xef, 0x5d, 0xef, 0x5d, 0xef,
    0x5d, 0xef, 0x5d, 0xef, 0x5d, 0xef, 0x5d, 0xef, 0x5d, 0xef, 0x5d, 0xef, 0x5d, 0xef, 0x5d, 0xef,
    0x5d, 0xef, 0x5d, 0xef, 0x5d, 0xef, 0x5d, 0xef, 0x5d, 0xef, 0x5d, 0xef, 0x5d, 0xef, 0x5d, 0xef,
    0x5d, 0xef, 0x5d, 0xef, 0x5d, 0xef, 0x5d, 0xef, 0x5d, 0xef, 0x5d, 0xef, 0x5d, 0xef, 0x5d, 0xef,
    0x5d, 0xef, 0x5d, 0xef, 0x5d, 0xef, 0x5d, 0xef, 0x5d, 0xef, 0x5d, 0xef, 0x5d, 0xef, 0x5d, 0xef,
    0x5d, 0xef, 0x5d, 0xef, 0x5d, 0xef, 0x5d, 0xef, 0x5d, 0xef, 0x5d, 0xef, 0x5d, 0xef, 0x5d, 0xef,
    0x5d, 0xef, 0x5d, 0xef, 0x5d, 0xef, 0x5d, 0xef, 0x5d, 0xef, 0x5d, 0xef, 0x5d, 0xef, 0x5d, 0xef,
    0x5d, 0xef, 0x5d, 0xef, 0x5d, 0xef, 0x5d, 0xef, 0x5d, 0xef, 0x5d, 0xef, 0x5d, 0xef, 0x5d, 0xef,
    0x5d, 0xef, 0x5d, 0xef, 0x5d, 0xef, 0x5d, 0xef, 0x5d, 0xef, 0x5d, 0xef, 0x5d, 0xef, 0x5d, 0xef,
    0x5d, 0xef, 0x5d, 0xef, 0x5d, 0xef, 0x5d, 0xef, 0x5d, 0xef, 0x5d, 0xef, 0x5d, 0xef, 0x5d, 0xef,
    0x5d, 0xef, 0x5d, 0xef, 0x5d, 0xef, 0x5d, 0xef, 0x5d, 0xef, 0x5d, 0xef, 0x5d, 0xef, 0x5d, 0xef,
    0x5d, 0xef, 0x5d, 0xef, 0x5d, 0xef, 0x7e, 0xef, 0xdc, 0xde, 0x15, 0xa5, 0x35, 0xa5, 0x56, 0xad,
    0x36, 0xa5, 0x5a, 0xce, 0xbb, 0xd6, 0x5a, 0xce, 0x5a, 0xce, 0xf8, 0xbd, 0x11, 0x84, 0x11, 0x84,
    0x31, 0x84, 0x11, 0x84, 0xd4, 0x9c, 0x36, 0xa5, 0xb8, 0xb5, 0x9b, 0xd6, 0x9b, 0xd6, 0x9a, 0xd6,
    0x9b, 0xd6, 0x97, 0xb5, 0x15, 0xa5, 0x56, 0xad, 0x56, 0xad, 0xd8, 0xbd, 0x9e, 0xf7, 0x9e, 0xf7,
    0x9e, 0xf7, 0x9e, 0xf7, 0x9e, 0xf7, 0xbe, 0xf7, 0xbe, 0xf7, 0xbe, 0xf7, 0xbe, 0xf7, 0x9e, 0xf7,
    0xbf, 0xf7, 0xbf, 0xf7, 0xbf, 0xf7, 0xbf, 0xf7, 0xbf, 0xf7, 0x9f, 0xf7, 0xbf, 0xf7, 0xbe, 0xf7,
    0xbe, 0xf7, 0xbe, 0xf7, 0xbe, 0xf7, 0xbf, 0xf7, 0x9f, 0xf7, 0xbf, 0xf7, 0xbe, 0xf7, 0xbe, 0xf7,
    0xbe, 0xf7, 0xbe, 0xf7, 0xbf, 0xf7, 0xbf, 0xf7, 0xbf, 0xf7, 0xbf, 0xf7, 0xbe, 0xf7, 0xbe, 0xf7,
    0xbe, 0xf7, 0xbe, 0xf7, 0xbe, 0xf7, 0xbe, 0xf7, 0xbe, 0xf7, 0xbe, 0xf7, 0xbe, 0xf7, 0xbe, 0xf7,
    0xbe, 0xf7, 0xbe, 0xf7, 0xbe, 0xf7, 0xbe, 0xf7, 0xbe, 0xf7, 0xbe, 0xf7, 0xbe, 0xf7, 0xbe, 0xf7,
    0xbe, 0xf7, 0xbe, 0xf7, 0xbe, 0xf7, 0xbe, 0xf7, 0xbe, 0xf7, 0x9e, 0xf7, 0x9e, 0xf7, 0xbe, 0xf7,
    0xbe, 0xf7, 0xbf, 0xf7, 0xbf, 0xf7, 0xbf, 0xf7, 0xbf, 0xf7, 0xbe, 0xf7, 0xbe, 0xf7, 0xbe, 0xf7,
    0xbe, 0xf7, 0xbe, 0xf7, 0xbe, 0xf7, 0xbe, 0xf7, 0xbe, 0xf7, 0xbe, 0xf7, 0xbe, 0xf7, 0xbe, 0xf7,
    0xbe, 0xf7, 0xbe, 0xf7, 0xbe, 0xf7, 0xbe, 0xf7, 0xbe, 0xf7, 0xbe, 0xf7, 0xbe, 0xf7, 0xbe, 0xf7,
    0xbe, 0xf7, 0xbe, 0xf7, 0xbe, 0xf7, 0x9e, 0xf7, 0x9e, 0xf7, 0x9e, 0xf7, 0x9e, 0xf7, 0x9e, 0xf7,
    0x9e, 0xf7, 0xbe, 0xf7, 0x5a, 0xce, 0x35, 0xa5, 0x56, 0xad, 0xf5, 0x9c, 0x76, 0xad, 0x9a, 0xd6,
    0x7a, 0xce, 0x9a, 0xd6, 0x9b, 0xd6, 0x97, 0xb5, 0x15, 0xa5, 0xf5, 0x9c, 0x11, 0x84, 0x31, 0x84,
    0x11, 0x84, 0x11, 0x84, 0xf5, 0x9c, 0x15, 0xa5, 0xb7, 0xb5, 0x9b, 0xd6, 0x9b, 0xd6, 0x9a, 0xd6,
    0x9a, 0xd6, 0x97, 0xb5, 0xf5, 0x9c, 0x35, 0xa5, 0x15, 0xa5, 0xb7, 0xb5, 0xbf, 0xf7, 0x9e, 0xf7,
    0x9e, 0xf7, 0x9e, 0xf7, 0x9e, 0xf7, 0x9e, 0xf7, 0x9e, 0xf7, 0x9e, 0xf7, 0x9e, 0xf7, 0x9e, 0xf7,
    0x9e, 0xf7, 0x9e, 0xf7, 0x9e, 0xf7, 0x9e, 0xf7, 0x9e, 0xf7, 0x9e, 0xf7, 0x9e, 0xf7, 0x9e, 0xf7,
    0xbe, 0xf7, 0x9e, 0xf7, 0x9e, 0xf7, 0xbe, 0xf7, 0xbe, 0xf7, 0x9e, 0xf7, 0xbe, 0xf7, 0xbe, 0xf7,
    0x9e, 0xf7, 0xbe, 0xf7, 0xbe, 0xf7, 0xbe, 0xf7, 0xbe, 0xf7, 0x9e, 0xf7, 0xbe, 0xf7, 0x9e, 0xf7,
    0x9e, 0xf7, 0x9e, 0xf7, 0x9e, 0xf7, 0xbe, 0xf7, 0xbe, 0xf7, 0xbe, 0xf7, 0xbe, 0xf7, 0x9e, 0xf7,
    0x9e, 0xf7, 0x9e, 0xf7, 0x9e, 0xf7, 0xbe, 0xf7, 0xbe, 0xf7, 0x9e, 0xf7, 0x9e, 0xf7, 0x9e, 0xf7,
    0x9e, 0xf7, 0xbe, 0xf7, 0xbe, 0xf7, 0xbe, 0xf7, 0xbe, 0xf7, 0x9e, 0xf7, 0x9e, 0xf7, 0x9e, 0xf7,
    0x9e, 0xf7, 0xbe, 0xf7, 0xbe, 0xf7, 0xbe, 0xf7, 0xbe, 0xf7, 0xbe, 0xf7, 0xbe, 0xf7, 0xbe, 0xf7,
    0xbe, 0xf7, 0xbe, 0xf7, 0x9e, 0xf7, 0x9e, 0xf7, 0x9e, 0xf7, 0x9e, 0xf7, 0x9e, 0xf7, 0x9e, 0xf7,
    0x9e, 0xf7, 0x9e, 0xf7, 0xbe, 0xf7, 0x9e, 0xf7, 0x9e, 0xf7, 0x9e, 0xf7, 0x9e, 0xf7, 0x9e, 0xf7,
    0x9e, 0xf7, 0x9e, 0xf7, 0x9e, 0xf7, 0x9e, 0xf7, 0x9e, 0xf7, 0x9e, 0xf7, 0x9e, 0xf7, 0x9e, 0xf7,
    0x9e, 0xf7, 0xdf, 0xff, 0x5a, 0xce, 0xd5, 0x9c, 0x35, 0xa5, 0xf5, 0x9c, 0x56, 0xad, 0x9a, 0xd6,
    0x9a, 0xd6, 0x7a, 0xce, 0x9a, 0xd6, 0xd8, 0xbd, 0xf5, 0x9c, 0xd4, 0x9c, 0x11, 0x84, 0x12, 0x84,
    0xf1, 0x31, 0xd2, 0x31, 0x72, 0x6b, 0x52, 0x8c, 0xf5, 0x9c, 0xd8, 0xbd, 0xb7, 0xb5, 0x7a, 0xce,
    0x9a, 0xce, 0x39, 0xc6, 0x39, 0xc6, 0xb8, 0xb5, 0x15, 0xa5, 0x56, 0xad, 0x97, 0xb5, 0x97, 0xb5,
    0x97, 0xb5, 0x97, 0xb5, 0x97, 0xb5, 0x97, 0xb5, 0x97, 0xb5, 0x97, 0xb5, 0x97, 0xb5, 0x97, 0xb5,
    0x77, 0xad, 0x77, 0xad, 0x97, 0xb5, 0x97, 0xb5, 0x77, 0xad, 0x77, 0xad, 0x77, 0xad, 0x77, 0xad,
    0x77, 0xb5, 0x97, 0xb5, 0x97, 0xb5, 0x77, 0xad, 0x77, 0xad, 0x97, 0xb5, 0x97, 0xb5, 0x97, 0xb5,
    0x97, 0xb5, 0x97, 0xb5, 0x97, 0xb5, 0x97, 0xb5, 0x97, 0xb5, 0x97, 0xb5, 0x77, 0xad, 0x77, 0xad,
    0x97, 0xb5, 0x77, 0xad, 0x77, 0xad, 0x97, 0xb5, 0x77, 0xad, 0x77, 0xad, 0x77, 0xb5, 0x97, 0xb5,
    0x97, 0xb5, 0x77, 0xb5, 0x77, 0xad, 0x77, 0xad, 0x77, 0xad, 0x77, 0xad, 0x97, 0xb5, 0x97, 0xb5,
    0x97, 0xb5, 0x97, 0xb5, 0x97, 0xb5, 0x97, 0xb5, 0x97, 0xb5, 0x97, 0xb5, 0x97, 0xb5, 0x77, 0xad,
    0x77, 0xad, 0x77, 0xad, 0x97, 0xad, 0x77, 0xad, 0x77, 0xad, 0x77, 0xad, 0x77, 0xad, 0x77, 0xad,
    0x97, 0xb5, 0x97, 0xb5, 0x97, 0xb5, 0x97, 0xb5, 0x97, 0xb5, 0x97, 0xb5, 0x77, 0xb5, 0x77, 0xad,
    0x77, 0xad, 0x77, 0xad, 0x77, 0xad, 0x77, 0xad, 0x77, 0xad, 0x77, 0xad, 0x77, 0xad, 0x77, 0xad,
    0x97, 0xb5, 0x97, 0xb5, 0x97, 0xb5, 0x97, 0xb5, 0x97, 0xb5, 0x97, 0xb5, 0x97, 0xb5, 0x97, 0xb5,
    0xb7, 0xb5, 0xb7, 0xb5, 0x77, 0xad, 0x15, 0xa5, 0x56, 0xad, 0x39, 0xc6, 0x39, 0xc6, 0x7a, 0xce,
    0x7a, 0xce, 0x97, 0xb5, 0x97, 0xb5, 0xf5, 0x9c, 0x52, 0x8c, 0x72, 0x6b, 0xd2, 0x31, 0xf1, 0x31,
    0x51, 0x19, 0x31, 0x19, 0x31, 0x63, 0x51, 0x8c, 0xd4, 0x9c, 0x97, 0xb5, 0x97, 0xb5, 0x9b, 0xd6,
    0xbb, 0xd6, 0x9a, 0xd6, 0xbb, 0xd6, 0xd8, 0xbd, 0xf5, 0x9c, 0x15, 0xa5, 0xf5, 0x9c, 0xf5, 0x9c,
    0xf5, 0x9c, 0xf5, 0x9c, 0xf5, 0x9c, 0xf5, 0x9c, 0xf5, 0x9c, 0xf5, 0x9c, 0xf5, 0x9c, 0xd5, 0x9c,
    0xd4, 0x9c, 0xd4, 0x9c, 0xd4, 0x9c, 0xd4, 0x9c, 0xf5, 0x9c, 0xd4, 0x9c, 0xd4, 0x9c, 0xd4, 0x9c,
    0xf4, 0x9c, 0xf5, 0x9c, 0xd4, 0x9c, 0xd4, 0x9c, 0xd5, 0x9c, 0xf5, 0x9c, 0xf5, 0x9c, 0xf5, 0x9c,
    0xf5, 0x9c, 0xf4, 0x9c, 0xf5, 0x9c, 0xf5, 0x9c, 0xf5, 0x9c, 0xd4, 0x9c, 0xd4, 0x9c, 0xd4, 0x9c,
    0xd4, 0x9c, 0xd4, 0x9c, 0xf4, 0x9c, 0xd4, 0x9c, 0xd4, 0x9c, 0xd4, 0x9c, 0xd4, 0x9c, 0xd4, 0x9c,
    0xd4, 0x9c, 0xd4, 0x9c, 0xd4, 0x9c, 0xd4, 0x9c, 0xd4, 0x9c, 0xd4, 0x9c, 0xf5, 0x9c, 0xf5, 0x9c,
    0xf5, 0x9c, 0xf5, 0x9c, 0xf5, 0x9c, 0xf5, 0x9c, 0xf5, 0x9c, 0xf5, 0x9c, 0xf4, 0x9c, 0xd4, 0x9c,
    0xd4, 0x9c, 0xf5, 0x9c, 0xf5, 0x9c, 0xd5, 0x9c, 0xd4, 0x9c, 0xf5, 0x9c, 0xf4, 0x9c, 0xd4, 0x9c,
    0xf4, 0x9c, 0xf4, 0x9c, 0xf5, 0x9c, 0xf5, 0x9c, 0xf5, 0x9c, 0xf4, 0x9c, 0xd4, 0x9c, 0xd4, 0x9c,
    0xd4, 0x9c, 0xd4, 0x9c, 0xd4, 0x9c, 0xd4, 0x9c, 0xd4, 0x9c, 0xd4, 0x9c, 0xf4, 0x9c, 0xf4, 0x9c,
    0xf4, 0x9c, 0xf5, 0x9c, 0xf5, 0x9c, 0xf5, 0x9c, 0xf5, 0x9c, 0xf5, 0x9c, 0xf5, 0x9c, 0xf5, 0x9c,
    0xf5, 0x9c, 0xf5, 0x9c, 0x15, 0xa5, 0xf5, 0x9c, 0x76, 0xad, 0xbb, 0xd6, 0x9b, 0xd6, 0x9b, 0xd6,
    0x9a, 0xd6, 0x97, 0xb5, 0x97, 0xb5, 0xb3, 0x94, 0x31, 0x8c, 0x31, 0x63, 0x31, 0x19, 0x51, 0x19,
    0x71, 0x21, 0x51, 0x19, 0x11, 0x3a, 0x91, 0x4a, 0x52, 0x63, 0xd4, 0x9c, 0xf4, 0x9c, 0x97, 0xb5,
    0xd8, 0xbd, 0x5a, 0xce, 0x7a, 0xce, 0x39, 0xc6, 0xd8, 0xbd, 0xd8, 0xbd, 0xd8, 0xbd, 0xd8, 0xbd,
    0xd8, 0xbd, 0xb8, 0xb5, 0xd8, 0xbd, 0xd8, 0xbd, 0xb7, 0xb5, 0xb7, 0xb5, 0xb7, 0xb5, 0xb7, 0xb5,
    0xb7, 0xb5, 0xb7, 0xb5, 0xb7, 0xb5, 0xb7, 0xb5, 0xb7, 0xb5, 0xb7, 0xb5, 0xb7, 0xb5, 0xb7, 0xb5,
    0xb7, 0xb5, 0xb7, 0xb5, 0xb7, 0xb5, 0xb7, 0xb5, 0xb7, 0xb5, 0xb7, 0xb5, 0xb7, 0xb5, 0xb7, 0xb5,
    0xd7, 0xbd, 0xd7, 0xbd, 0xd8, 0xb5, 0xd8, 0xb5, 0xb7, 0xb5, 0xb8, 0xb5, 0xb7, 0xb5, 0xb7, 0xb5,
    0xb7, 0xb5, 0xb7, 0xb5, 0xb7, 0xb5, 0xb7, 0xb5, 0xb7, 0xb5, 0xb7, 0xb5, 0xb7, 0xb5, 0xb7, 0xb5,
    0xb7, 0xb5, 0xb7, 0xb5, 0xb7, 0xb5, 0xb7, 0xb5, 0xb7, 0xb5, 0xb7, 0xb5, 0xd7, 0xb5, 0xd7, 0xbd,
    0xb7, 0xb5, 0xb7, 0xb5, 0xb7, 0xb5, 0xb7, 0xb5, 0xb7, 0xb5, 0xb7, 0xb5, 0xb7, 0xb5, 0xd7, 0xbd,
    0xd7, 0xbd, 0xb7, 0xb5, 0xd8, 0xbd, 0xd8, 0xbd, 0xb7, 0xb5, 0xb7, 0xb5, 0xb7, 0xb5, 0xb7, 0xb5,
    0xb7, 0xb5, 0xb7, 0xb5, 0xb7, 0xb5, 0xb7, 0xb5, 0xb7, 0xb5, 0xb7, 0xb5, 0xb7, 0xb5, 0xb7, 0xb5,
    0xb7, 0xb5, 0xb7, 0xb5, 0xb7, 0xb5, 0xb7, 0xb5, 0xb7, 0xb5, 0xb7, 0xb5, 0xb7, 0xb5, 0xb7, 0xb5,
    0xb7, 0xb5, 0xd8, 0xbd, 0xd8, 0xbd, 0xd8, 0xbd, 0xd8, 0xbd, 0xd8, 0xbd, 0xd8, 0xbd, 0xd8, 0xbd,
    0xd8, 0xbd, 0xd8, 0xbd, 0xd8, 0xbd, 0xb8, 0xb5, 0x19, 0xc6, 0x7a, 0xce, 0x5a, 0xce, 0xb8, 0xb5,
    0x97, 0xb5, 0x15, 0x9d, 0xd4, 0x9c, 0x72, 0x6b, 0x71, 0x4a, 0x31, 0x3a, 0x51, 0x19, 0x71, 0x21,
    0x71, 0x21, 0x71, 0x21, 0x51, 0x19, 0x11, 0x11, 0x51, 0x42, 0x51, 0x8c, 0x51, 0x8c, 0xd4, 0x9c,
    0xd4, 0x9c, 0x19, 0xc6, 0xbb, 0xd6, 0xbb, 0xd6, 0xbb, 0xd6, 0xbb, 0xd6, 0xbb, 0xd6, 0xbb, 0xd6,
    0xbb, 0xd6, 0xbb, 0xd6, 0xbb, 0xd6, 0xbb, 0xd6, 0xbb, 0xd6, 0xbb, 0xd6, 0xbb, 0xd6, 0xbb, 0xd6,
    0xbb, 0xd6, 0xbb, 0xd6, 0xbb, 0xd6, 0xbb, 0xd6, 0xbb, 0xd6, 0xbb, 0xd6, 0xbb, 0xd6, 0xbb, 0xd6,
    0xbb, 0xd6, 0xbb, 0xd6, 0xbb, 0xd6, 0xbb, 0xd6, 0xbb, 0xd6, 0xbb, 0xd6, 0xbb, 0xd6, 0xbb, 0xd6,
    0xbb, 0xd6, 0xbb, 0xd6, 0xbb, 0xd6, 0xbb, 0xd6, 0xbb, 0xd6, 0xbb, 0xd6, 0xbb, 0xd6, 0xbb, 0xd6,
    0xbb, 0xd6, 0xbb, 0xd6, 0xbb, 0xd6, 0xbb, 0xd6, 0xbb, 0xd6, 0xbb, 0xd6, 0xbb, 0xd6, 0xbb, 0xd6,
    0xbb, 0xd6, 0xbb, 0xd6, 0xbb, 0xd6, 0xbb, 0xd6, 0xbb, 0xd6, 0xbb, 0xd6, 0xbb, 0xd6, 0xbb, 0xd6,
    0xbb, 0xd6, 0xbb, 0xd6, 0xbb, 0xd6, 0xbb, 0xd6, 0xbb, 0xd6, 0xbb, 0xd6, 0xbb, 0xd6, 0xbb, 0xd6,
    0xbb, 0xd6, 0xbb, 0xd6, 0xbb, 0xd6, 0xbb, 0xd6, 0xbb, 0xd6, 0xbb, 0xd6, 0xbb, 0xd6, 0xbb, 0xd6,
    0xbb, 0xd6, 0xbb, 0xd6, 0xbb, 0xd6, 0xbb, 0xd6, 0xbb, 0xd6, 0xbb, 0xd6, 0xbb, 0xd6, 0xbb, 0xd6,
    0xbb, 0xd6, 0xbb, 0xd6, 0xbb, 0xd6, 0xbb, 0xd6, 0xbb, 0xd6, 0xbb, 0xd6, 0xbb, 0xd6, 0xbb, 0xd6,
    0xbb, 0xd6, 0xbb, 0xd6, 0xbb, 0xd6, 0xbb, 0xd6, 0xbb, 0xd6, 0xbb, 0xd6, 0xbb, 0xd6, 0xbb, 0xd6,
    0xbb, 0xd6, 0xbb, 0xd6, 0xbb, 0xd6, 0xbb, 0xd6, 0xbb, 0xd6, 0xbb, 0xd6, 0x39, 0xc6, 0xd4, 0x9c,
    0xd4, 0x9c, 0x52, 0x8c, 0x51, 0x8c, 0x71, 0x42, 0x11, 0x11, 0x51, 0x19, 0x71, 0x21, 0x71, 0x21,
    0x71, 0x21, 0x71, 0x21, 0x71, 0x21, 0x51, 0x19, 0xf1, 0x31, 0x31, 0x63, 0x72, 0x6b, 0xb4, 0x94,
    0xb4, 0x94, 0xb8, 0xb5, 0x39, 0xc6, 0x19, 0xc6, 0x39, 0xc6, 0x39, 0xc6, 0x39, 0xc6, 0x39, 0xc6,
    0x39, 0xc6, 0x39, 0xc6, 0x39, 0xc6, 0x39, 0xc6, 0x39, 0xc6, 0x39, 0xc6, 0x39, 0xc6, 0x39, 0xc6,
    0x39, 0xc6, 0x39, 0xc6, 0x39, 0xc6, 0x39, 0xc6, 0x39, 0xc6, 0x39, 0xc6, 0x39, 0xc6, 0x39, 0xc6,
    0x39, 0xc6, 0x39, 0xc6, 0x39, 0xc6, 0x39, 0xc6, 0x39, 0xc6, 0x39, 0xc6, 0x39, 0xc6, 0x39, 0xc6,
    0x39, 0xc6, 0x39, 0xc6, 0x39, 0xc6, 0x39, 0xc6, 0x39, 0xc6, 0x39, 0xc6, 0x39, 0xc6, 0x39, 0xc6,
    0x39, 0xc6, 0x39, 0xc6, 0x39, 0xc6, 0x39, 0xc6, 0x39, 0xc6, 0x39, 0xc6, 0x39, 0xc6, 0x39, 0xc6,
    0x39, 0xc6, 0x39, 0xc6, 0x39, 0xc6, 0x39, 0xc6, 0x39, 0xc6, 0x39, 0xc6, 0x39, 0xc6, 0x39, 0xc6,
    0x39, 0xc6, 0x39, 0xc6, 0x39, 0xc6, 0x39, 0xc6, 0x39, 0xc6, 0x39, 0xc6, 0x39, 0xc6, 0x39, 0xc6,
    0x39, 0xc6, 0x39, 0xc6, 0x39, 0xc6, 0x39, 0xc6, 0x39, 0xc6, 0x39, 0xc6, 0x39, 0xc6, 0x39, 0xc6,
    0x39, 0xc6, 0x39, 0xc6, 0x39, 0xc6, 0x39, 0xc6, 0x39, 0xc6, 0x39, 0xc6, 0x39, 0xc6, 0x39, 0xc6,
    0x39, 0xc6, 0x39, 0xc6, 0x39, 0xc6, 0x39, 0xc6, 0x39, 0xc6, 0x39, 0xc6, 0x39, 0xc6, 0x39, 0xc6,
    0x39, 0xc6, 0x39, 0xc6, 0x39, 0xc6, 0x39, 0xc6, 0x39, 0xc6, 0x39, 0xc6, 0x39, 0xc6, 0x39, 0xc6,
    0x39, 0xc6, 0x39, 0xc6, 0x39, 0xc6, 0x39, 0xc6, 0x19, 0xc6, 0x39, 0xc6, 0xb8, 0xb5, 0xb4, 0x94,
    0xb4, 0x94, 0x72, 0x6b, 0x52, 0x63, 0x11, 0x3a, 0x51, 0x19, 0x71, 0x21, 0x71, 0x21, 0x71, 0x21,
    0x71, 0x21, 0x71, 0x21, 0x71, 0x21, 0x71, 0x21, 0x51, 0x21, 0x31, 0x19, 0xd1, 0x29, 0x11, 0x84,
    0x11, 0x84, 0x11, 0x84, 0x11, 0x84, 0x72, 0x8c, 0xb4, 0x94, 0xb4, 0x94, 0xb4, 0x94, 0xb4, 0x94,
    0xb4, 0x94, 0xb4, 0x94, 0xb4, 0x94, 0xb4, 0x94, 0xb4, 0x94, 0xb4, 0x94, 0xb4, 0x94, 0xb4, 0x94,
    0xb4, 0x94, 0xb4, 0x94, 0xb4, 0x94, 0xb4, 0x94, 0xb4, 0x94, 0xb4, 0x94, 0xb3, 0x94, 0xb3, 0x94,
    0xb3, 0x94, 0xb3, 0x94, 0xb3, 0x94, 0xb3, 0x94, 0xb3, 0x94, 0xb3, 0x94, 0xb3, 0x94, 0xb3, 0x94,
    0xb3, 0x94, 0xb4, 0x94, 0xb4, 0x94, 0xb3, 0x94, 0xb3, 0x94, 0xb3, 0x94, 0xb4, 0x94, 0xb4, 0x94,
    0xb4, 0x94, 0xb4, 0x94, 0xb3, 0x94, 0xb3, 0x94, 0xb3, 0x94, 0xb3, 0x94, 0xb3, 0x94, 0xb4, 0x94,
    0xb4, 0x94, 0xb4, 0x94, 0xb4, 0x94, 0xb3, 0x94, 0xb3, 0x94, 0xb4, 0x94, 0xb4, 0x94, 0xb4, 0x94,
    0xb4, 0x94, 0xb3, 0x94, 0xb4, 0x94, 0xb4, 0x94, 0xb4, 0x94, 0xb4, 0x94, 0xb4, 0x94, 0xb4, 0x94,
    0xb4, 0x94, 0xb4, 0x94, 0xb4, 0x94, 0xb4, 0x94, 0xb3, 0x94, 0xb3, 0x94, 0xb4, 0x94, 0xb3, 0x94,
    0xb3, 0x94, 0xb3, 0x94, 0xb4, 0x94, 0xb4, 0x94, 0xb4, 0x94, 0xb4, 0x94, 0xb4, 0x94, 0xb4, 0x94,
    0xb4, 0x94, 0xb4, 0x94, 0xb4, 0x94, 0xb4, 0x94, 0xb4, 0x94, 0xb4, 0x94, 0xb4, 0x94, 0xb4, 0x94,
    0xb4, 0x94, 0xb4, 0x94, 0xb4, 0x94, 0xb4, 0x94, 0xb4, 0x94, 0xb4, 0x94, 0xb4, 0x94, 0xb4, 0x94,
    0xb4, 0x94, 0xb4, 0x94, 0xb4, 0x94, 0xb4, 0x9c, 0x73, 0x8c, 0x11, 0x84, 0x11, 0x84, 0x12, 0x84,
    0x11, 0x84, 0xd1, 0x29, 0x31, 0x11, 0x51, 0x21, 0x71, 0x21, 0x71, 0x21, 0x71, 0x21, 0x71, 0x21,
    0x71, 0x21, 0x71, 0x21, 0x71, 0x21, 0x71, 0x21, 0x71, 0x21, 0x51, 0x19, 0xf1, 0x31, 0x12, 0x84,
    0x32, 0x84, 0x31, 0x84, 0x11, 0x84, 0x73, 0x8c, 0xd4, 0x9c, 0xb4, 0x94, 0xb4, 0x94, 0xd4, 0x9c,
    0xd4, 0x9c, 0xd4, 0x9c, 0xd4, 0x9c, 0xb4, 0x94, 0xd4, 0x9c, 0xb4, 0x94, 0xb4, 0x94, 0xb4, 0x94,
    0xb4, 0x94, 0xb4, 0x94, 0xb4, 0x94, 0xb4, 0x94, 0xb4, 0x94, 0xb4, 0x94, 0xb4, 0x94, 0xb4, 0x94,
    0xb4, 0x94, 0xb4, 0x94, 0xb4, 0x94, 0xb4, 0x94, 0xb4, 0x94, 0xb4, 0x94, 0xb4, 0x94, 0xb4, 0x94,
    0xb4, 0x94, 0xb4, 0x94, 0xb4, 0x94, 0xb4, 0x94, 0xb4, 0x94, 0xb4, 0x94, 0xb4, 0x94, 0xb4, 0x94,
    0xb4, 0x94, 0xb4, 0x94, 0xb4, 0x94, 0xb4, 0x94, 0xb4, 0x94, 0xb4, 0x94, 0xb4, 0x94, 0xb4, 0x94,
    0xb4, 0x94, 0xb4, 0x94, 0xb4, 0x94, 0xb4, 0x94, 0xb4, 0x94, 0xb4, 0x94, 0xb4, 0x94, 0xb4, 0x94,
    0xb4, 0x94, 0xb4, 0x94, 0xb4, 0x94, 0xb4, 0x94, 0xb4, 0x94, 0xb4, 0x94, 0xb4, 0x94, 0xb4, 0x94,
    0xb4, 0x94, 0xb4, 0x94, 0xb4, 0x94, 0xb4, 0x94, 0xb4, 0x94, 0xb4, 0x94, 0xb4, 0x94, 0xb4, 0x94,
    0xb4, 0x94, 0xb4, 0x94, 0xb4, 0x94, 0xb4, 0x94, 0xb4, 0x94, 0xb4, 0x94, 0xb4, 0x94, 0xb4, 0x94,
    0xb4, 0x94, 0xb4, 0x94, 0xd4, 0x9c, 0xd4, 0x9c, 0xb4, 0x94, 0xb4, 0x94, 0xb4, 0x94, 0xb4, 0x94,
    0xb4, 0x94, 0xd4, 0x9c, 0xb4, 0x9c, 0xb4, 0x9c, 0xd4, 0x9c, 0xd4, 0x9c, 0xd4, 0x9c, 0xd4, 0x9c,
    0xd4, 0x9c, 0xd4, 0x9c, 0xd4, 0x9c, 0xd4, 0x9c, 0x73, 0x8c, 0x11, 0x84, 0x32, 0x84, 0x31, 0x84,
    0x11, 0x84, 0xf1, 0x31, 0x51, 0x19, 0x71, 0x21, 0x71, 0x21, 0x71, 0x21, 0x71, 0x21, 0x71, 0x21,
};

const lv_image_dsc_t ui_chemistry_atomlab = {
    .header.magic = LV_IMAGE_HEADER_MAGIC,
    .header.cf = LV_COLOR_FORMAT_RGB565,
    .header.flags = 0,
    .header.w = 120,
    .header.h = 120,
    .header.stride = 240,
    .data_size = sizeof(ui_chemistry_atomlab_data),
    .data = ui_chemistry_atomlab_data,
};
