#include "chemistry_periodic_table.h"

#ifndef LV_ATTRIBUTE_MEM_ALIGN
#define LV_ATTRIBUTE_MEM_ALIGN
#endif

#ifndef LV_ATTRIBUTE_LARGE_CONST
#define LV_ATTRIBUTE_LARGE_CONST
#endif

#ifndef LV_ATTRIBUTE_IMAGE_UI_CHEMISTRY_PERIODIC_TABLE
#define LV_ATTRIBUTE_IMAGE_UI_CHEMISTRY_PERIODIC_TABLE
#endif

const LV_ATTRIBUTE_MEM_ALIGN LV_ATTRIBUTE_LARGE_CONST LV_ATTRIBUTE_IMAGE_UI_CHEMISTRY_PERIODIC_TABLE uint8_t ui_chemistry_periodic_table_data[] = {
    0x71, 0x21, 0x71, 0x21, 0x71, 0x21, 0x71, 0x21, 0x71, 0x21, 0x71, 0x21, 0x51, 0x21, 0x51, 0x19,
    0x51, 0x19, 0x51, 0x21, 0x71, 0x21, 0x71, 0x21, 0x71, 0x21, 0x71, 0x21, 0x71, 0x21, 0x51, 0x21,
    0x51, 0x21, 0x51, 0x21, 0x51, 0x21, 0x51, 0x21, 0x51, 0x21, 0x51, 0x19, 0x51, 0x19, 0x51, 0x19,
    0x51, 0x19, 0x51, 0x19, 0x51, 0x19, 0x51, 0x19, 0x51, 0x19, 0x51, 0x21, 0x51, 0x21, 0x51, 0x19,
    0x51, 0x19, 0x51, 0x19, 0x51, 0x19, 0x51, 0x19, 0x51, 0x19, 0x51, 0x19, 0x51, 0x21, 0x51, 0x21,
    0x51, 0x19, 0x51, 0x19, 0x51, 0x19, 0x51, 0x19, 0x51, 0x19, 0x51, 0x19, 0x51, 0x19, 0x51, 0x19,
    0x51, 0x19, 0x51, 0x19, 0x51, 0x19, 0x51, 0x19, 0x51, 0x19, 0x51, 0x19, 0x51, 0x19, 0x51, 0x19,
    0x51, 0x19, 0x51, 0x19, 0x51, 0x19, 0x51, 0x19, 0x51, 0x19, 0x51, 0x21, 0x51, 0x21, 0x51, 0x19,
    0x51, 0x19, 0x51, 0x19, 0x51, 0x19, 0x51, 0x19, 0x51, 0x19, 0x51, 0x19, 0x51, 0x19, 0x51, 0x19,
    0x51, 0x19, 0x51, 0x19, 0x51, 0x19, 0x51, 0x19, 0x51, 0x19, 0x51, 0x19, 0x51, 0x19, 0x51, 0x19,
    0x51, 0x19, 0x51, 0x19, 0x51, 0x19, 0x51, 0x19, 0x51, 0x19, 0x51, 0x19, 0x51, 0x19, 0x51, 0x19,
    0x51, 0x19, 0x51, 0x19, 0x51, 0x19, 0x51, 0x19, 0x51, 0x19, 0x51, 0x19, 0x51, 0x19, 0x51, 0x19,
    0x51, 0x19, 0x51, 0x19, 0x51, 0x19, 0x51, 0x19, 0x51, 0x19, 0x51, 0x19, 0x51, 0x19, 0x51, 0x19,
    0x51, 0x21, 0x51, 0x21, 0x51, 0x21, 0x51, 0x21, 0x51, 0x21, 0x51, 0x21, 0x51, 0x19, 0x51, 0x19,
    0x51, 0x19, 0x71, 0x21, 0x71, 0x21, 0x71, 0x21, 0x71, 0x21, 0x71, 0x21, 0x71, 0x21, 0x71, 0x21,
    0x71, 0x21, 0x71, 0x21, 0x71, 0x21, 0x71, 0x21, 0x71, 0x21, 0x51, 0x19, 0xd2, 0x31, 0x75, 0x8c,
    0x96, 0x8c, 0xd3, 0x73, 0xb2, 0x73, 0xb2, 0x73, 0xb2, 0x73, 0xb2, 0x73, 0xb2, 0x73, 0xb2, 0x73,
    0xb2, 0x73, 0xb2, 0x73, 0xb2, 0x73, 0xb2, 0x6b, 0xb2, 0x73, 0xb2, 0x73, 0xb2, 0x73, 0xb2, 0x73,
    0xb2, 0x73, 0xb2, 0x73, 0xb2, 0x73, 0xb2, 0x73, 0xb2, 0x73, 0xb2, 0x73, 0xb2, 0x73, 0xb2, 0x73,
    0x92, 0x6b, 0x92, 0x6b, 0x92, 0x6b, 0x92, 0x6b, 0xb2, 0x73, 0xb2, 0x6b, 0x92, 0x6b, 0x92, 0x6b,
    0x92, 0x6b, 0x92, 0x6b, 0x92, 0x6b, 0x92, 0x6b, 0x92, 0x6b, 0x92, 0x6b, 0x92, 0x6b, 0x92, 0x6b,
    0x92, 0x6b, 0x92, 0x6b, 0x92, 0x6b, 0xb2, 0x6b, 0xb2, 0x73, 0x92, 0x6b, 0x92, 0x6b, 0x92, 0x6b,
    0xb2, 0x73, 0xb2, 0x73, 0xb2, 0x73, 0xb2, 0x73, 0xb2, 0x73, 0xb2, 0x73, 0xb2, 0x73, 0xb2, 0x73,
    0xb2, 0x6b, 0xb2, 0x73, 0xb2, 0x73, 0xb2, 0x6b, 0xb2, 0x73, 0xb2, 0x73, 0xb2, 0x73, 0xb2, 0x6b,
    0x92, 0x6b, 0x92, 0x6b, 0x92, 0x6b, 0x92, 0x6b, 0x92, 0x6b, 0xb2, 0x73, 0xb2, 0x73, 0xb2, 0x6b,
    0xb2, 0x73, 0xb2, 0x6b, 0xb2, 0x6b, 0xb2, 0x73, 0x92, 0x6b, 0x92, 0x6b, 0xb2, 0x6b, 0xb2, 0x73,
    0xb2, 0x73, 0xb2, 0x73, 0xb2, 0x73, 0xb2, 0x73, 0xb2, 0x73, 0xb2, 0x73, 0xb2, 0x6b, 0xb2, 0x73,
    0xb2, 0x73, 0xb2, 0x6b, 0xb2, 0x6b, 0xb2, 0x6b, 0x92, 0x6b, 0xb2, 0x6b, 0xb2, 0x6b, 0x92, 0x6b,
    0x92, 0x6b, 0x92, 0x6b, 0xb2, 0x73, 0x92, 0x6b, 0xb2, 0x73, 0x92, 0x6b, 0xd3, 0x73, 0x75, 0x8c,
    0x94, 0x6b, 0x51, 0x21, 0x71, 0x21, 0x71, 0x21, 0x71, 0x21, 0x71, 0x21, 0x71, 0x21, 0x71, 0x21,
    0x71, 0x21, 0x71, 0x21, 0x71, 0x21, 0x71, 0x21, 0x71, 0x21, 0x11, 0x11, 0xf2, 0x31, 0xd8, 0xbd,
    0xf8, 0xbd, 0x72, 0x8c, 0x52, 0x8c, 0x52, 0x8c, 0x52, 0x8c, 0x52, 0x8c, 0x52, 0x8c, 0x52, 0x8c,
    0x52, 0x8c, 0x52, 0x8c, 0x52, 0x8c, 0x52, 0x8c, 0x52, 0x8c, 0x52, 0x8c, 0x52, 0x8c, 0x52, 0x8c,
    0x52, 0x8c, 0x52, 0x8c, 0x52, 0x8c, 0x52, 0x8c, 0x52, 0x8c, 0x52, 0x8c, 0x52, 0x8c, 0x52, 0x8c,
    0x52, 0x8c, 0x52, 0x8c, 0x52, 0x8c, 0x52, 0x8c, 0x52, 0x8c, 0x52, 0x8c, 0x52, 0x8c, 0x51, 0x8c,
    0x51, 0x84, 0x51, 0x84, 0x31, 0x84, 0x32, 0x84, 0x52, 0x8c, 0x52, 0x8c, 0x51, 0x8c, 0x52, 0x8c,
    0x52, 0x8c, 0x51, 0x84, 0x51, 0x8c, 0x52, 0x8c, 0x52, 0x8c, 0x52, 0x8c, 0x52, 0x8c, 0x52, 0x8c,
    0x52, 0x8c, 0x52, 0x8c, 0x52, 0x8c, 0x52, 0x8c, 0x52, 0x8c, 0x52, 0x8c, 0x52, 0x8c, 0x52, 0x8c,
    0x52, 0x8c, 0x52, 0x8c, 0x52, 0x8c, 0x52, 0x8c, 0x52, 0x8c, 0x52, 0x8c, 0x52, 0x8c, 0x52, 0x8c,
    0x52, 0x8c, 0x52, 0x8c, 0x52, 0x8c, 0x52, 0x8c, 0x52, 0x8c, 0x52, 0x8c, 0x52, 0x8c, 0x52, 0x8c,
    0x52, 0x8c, 0x52, 0x8c, 0x52, 0x8c, 0x52, 0x8c, 0x52, 0x8c, 0x52, 0x8c, 0x52, 0x8c, 0x52, 0x8c,
    0x52, 0x8c, 0x52, 0x8c, 0x52, 0x8c, 0x52, 0x8c, 0x52, 0x8c, 0x52, 0x8c, 0x52, 0x8c, 0x52, 0x8c,
    0x52, 0x8c, 0x52, 0x8c, 0x52, 0x8c, 0x52, 0x8c, 0x52, 0x8c, 0x52, 0x8c, 0x52, 0x8c, 0x52, 0x8c,
    0x51, 0x84, 0x51, 0x8c, 0x52, 0x8c, 0x52, 0x8c, 0x52, 0x8c, 0x31, 0x84, 0x93, 0x94, 0xd7, 0xbd,
    0x95, 0x8c, 0x31, 0x19, 0x31, 0x19, 0x71, 0x21, 0x71, 0x21, 0x71, 0x21, 0x71, 0x21, 0x71, 0x21,
    0x71, 0x21, 0x71, 0x21, 0x71, 0x21, 0x51, 0x19, 0x12, 0x32, 0xf4, 0x7b, 0x14, 0x84, 0xf5, 0x9c,
    0x15, 0xa5, 0x5a, 0xce, 0x9a, 0xd6, 0x7a, 0xce, 0x7a, 0xd6, 0x7b, 0xd6, 0x9a, 0xd6, 0x7a, 0xd6,
    0x7a, 0xd6, 0x7b, 0xd6, 0x7a, 0xd6, 0x7a, 0xd6, 0x7a, 0xd6, 0x7a, 0xd6, 0x7a, 0xd6, 0x7a, 0xd6,
    0x9a, 0xd6, 0x9a, 0xd6, 0x7a, 0xd6, 0x7a, 0xd6, 0x7a, 0xd6, 0x7a, 0xd6, 0x7a, 0xd6, 0x7a, 0xd6,
    0x7a, 0xd6, 0x7a, 0xd6, 0x7a, 0xd6, 0x7a, 0xd6, 0x7a, 0xd6, 0x7a, 0xd6, 0x7a, 0xd6, 0x7a, 0xd6,
    0x7a, 0xd6, 0x7a, 0xd6, 0x7a, 0xd6, 0x7a, 0xd6, 0x7a, 0xd6, 0x7a, 0xd6, 0x7a, 0xd6, 0x9a, 0xd6,
    0x7a, 0xd6, 0x7a, 0xd6, 0x7a, 0xd6, 0x7a, 0xd6, 0x9a, 0xd6, 0x9a, 0xd6, 0x9a, 0xd6, 0x7a, 0xd6,
    0x7a, 0xd6, 0x7a, 0xd6, 0x7a, 0xd6, 0x7a, 0xd6, 0x9b, 0xd6, 0x7a, 0xd6, 0x9a, 0xd6, 0x7a, 0xd6,
    0x7a, 0xd6, 0x7a, 0xd6, 0x7a, 0xd6, 0x7a, 0xd6, 0x7a, 0xd6, 0x7a, 0xd6, 0x7a, 0xd6, 0x7a, 0xd6,
    0x7a, 0xd6, 0x7a, 0xd6, 0x7a, 0xd6, 0x7a, 0xd6, 0x7a, 0xd6, 0x7a, 0xd6, 0x9a, 0xd6, 0x7a, 0xd6,
    0x7a, 0xd6, 0x7a, 0xd6, 0x9a, 0xd6, 0x7a, 0xd6, 0x7a, 0xd6, 0x9b, 0xd6, 0x7a, 0xd6, 0x7a, 0xd6,
    0x9a, 0xd6, 0x9b, 0xd6, 0x9b, 0xd6, 0x7a, 0xd6, 0x7a, 0xd6, 0x7a, 0xd6, 0x7a, 0xd6, 0x7a, 0xd6,
    0x7a, 0xd6, 0x7a, 0xce, 0x7a, 0xce, 0x7a, 0xce, 0x7a, 0xd6, 0x7a, 0xd6, 0x7a, 0xd6, 0x7a, 0xd6,
    0x7a, 0xd6, 0x7a, 0xd6, 0x7a, 0xd6, 0x7a, 0xd6, 0x7a, 0xce, 0x9b, 0xd6, 0x19, 0xc6, 0xd4, 0x9c,
    0x94, 0x8c, 0x14, 0x7c, 0x94, 0x6b, 0x91, 0x21, 0x71, 0x21, 0x71, 0x21, 0x71, 0x21, 0x71, 0x21,
    0x71, 0x21, 0x71, 0x21, 0x51, 0x19, 0xf1, 0x10, 0x32, 0x3a, 0xb6, 0xb5, 0x76, 0xad, 0x52, 0x8c,
    0x93, 0x8c, 0x7e, 0xef, 0xff, 0xff, 0xdf, 0xff, 0xdf, 0xff, 0xdf, 0xff, 0xdf, 0xff, 0xdf, 0xff,
    0xdf, 0xff, 0xdf, 0xff, 0xdf, 0xff, 0xdf, 0xff, 0xdf, 0xff, 0xdf, 0xff, 0xdf, 0xff, 0xdf, 0xff,
    0xdf, 0xff, 0xdf, 0xff, 0xdf, 0xff, 0xdf, 0xff, 0xdf, 0xff, 0xdf, 0xff, 0xdf, 0xff, 0xdf, 0xff,
    0xdf, 0xff, 0xdf, 0xff, 0xdf, 0xff, 0xdf, 0xff, 0xdf, 0xff, 0xdf, 0xff, 0xdf, 0xff, 0xdf, 0xff,
    0xdf, 0xff, 0xdf, 0xff, 0xdf, 0xff, 0xdf, 0xff, 0xdf, 0xff, 0xdf, 0xff, 0xdf, 0xff, 0xdf, 0xff,
    0xdf, 0xff, 0xdf, 0xff, 0xdf, 0xff, 0xdf, 0xff, 0xdf, 0xff, 0xdf, 0xff, 0xdf, 0xff, 0xdf, 0xff,
    0xdf, 0xff, 0xdf, 0xff, 0xdf, 0xff, 0xdf, 0xff, 0xdf, 0xff, 0xdf, 0xff, 0xdf, 0xff, 0xdf, 0xff,
    0xdf, 0xff, 0xdf, 0xff, 0xdf, 0xff, 0xdf, 0xff, 0xdf, 0xff, 0xdf, 0xff, 0xdf, 0xff, 0xdf, 0xff,
    0xdf, 0xff, 0xdf, 0xff, 0xdf, 0xff, 0xdf, 0xff, 0xdf, 0xff, 0xdf, 0xff, 0xdf, 0xff, 0xdf, 0xff,
    0xdf, 0xff, 0xdf, 0xff, 0xdf, 0xff, 0xdf, 0xff, 0xdf, 0xff, 0xdf, 0xff, 0xdf, 0xff, 0xdf, 0xff,
    0xdf, 0xff, 0xdf, 0xff, 0xdf, 0xff, 0xdf, 0xff, 0xdf, 0xff, 0xdf, 0xff, 0xdf, 0xff, 0xdf, 0xff,
    0xdf, 0xff, 0xdf, 0xff, 0xdf, 0xff, 0xdf, 0xff, 0xdf, 0xff, 0xdf, 0xff, 0xdf, 0xff, 0xdf, 0xff,
    0xdf, 0xff, 0xdf, 0xff, 0xdf, 0xff, 0xdf, 0xff, 0xdf, 0xff, 0xff, 0xff, 0xfc, 0xde, 0x31, 0x84,
    0x93, 0x94, 0xd7, 0xbd, 0x16, 0xa5, 0x51, 0x21, 0x11, 0x11, 0x51, 0x21, 0x71, 0x21, 0x71, 0x21,
    0x71, 0x21, 0x51, 0x19, 0x12, 0x3a, 0x94, 0x6b, 0xf4, 0x7b, 0xf4, 0x9c, 0x15, 0xa5, 0x59, 0xce,
    0x9a, 0xce, 0x1c, 0xe7, 0x1c, 0xe7, 0x1c, 0xe7, 0x1c, 0xe7, 0x1c, 0xe7, 0x1c, 0xe7, 0x1c, 0xe7,
    0x1c, 0xe7, 0x1c, 0xe7, 0x1c, 0xe7, 0x1c, 0xe7, 0x1c, 0xe7, 0x1c, 0xe7, 0x1c, 0xe7, 0x1c, 0xe7,
    0x1c, 0xe7, 0x1c, 0xe7, 0x1c, 0xe7, 0x1c, 0xe7, 0x1c, 0xe7, 0x1c, 0xe7, 0x1c, 0xe7, 0x1c, 0xe7,
    0x1c, 0xe7, 0x1c, 0xe7, 0x1c, 0xe7, 0x1c, 0xe7, 0x1c, 0xe7, 0x1c, 0xe7, 0x1c, 0xe7, 0x1c, 0xe7,
    0x1c, 0xe7, 0x1c, 0xe7, 0x1c, 0xe7, 0x1c, 0xe7, 0x1c, 0xe7, 0x1c, 0xe7, 0x1c, 0xe7, 0x1c, 0xe7,
    0x1c, 0xe7, 0x1c, 0xe7, 0x1c, 0xe7, 0x1c, 0xe7, 0x1c, 0xe7, 0x1c, 0xe7, 0x1c, 0xe7, 0x1c, 0xe7,
    0x1c, 0xe7, 0x1c, 0xe7, 0x1c, 0xe7, 0x1c, 0xe7, 0x1c, 0xe7, 0x1c, 0xe7, 0x1c, 0xe7, 0x1c, 0xe7,
    0x1c, 0xe7, 0x1c, 0xe7, 0x1c, 0xe7, 0x1c, 0xe7, 0x1c, 0xe7, 0x1c, 0xe7, 0x1c, 0xe7, 0x1c, 0xe7,
    0x1c, 0xe7, 0x1c, 0xe7, 0x1c, 0xe7, 0x1c, 0xe7, 0x1c, 0xe7, 0x1c, 0xe7, 0x1c, 0xe7, 0x1c, 0xe7,
    0x1c, 0xe7, 0x1c, 0xe7, 0x1c, 0xe7, 0x1c, 0xe7, 0x1c, 0xe7, 0x1c, 0xe7, 0x1c, 0xe7, 0x1c, 0xe7,
    0x1c, 0xe7, 0x1c, 0xe7, 0x1c, 0xe7, 0x1c, 0xe7, 0x1c, 0xe7, 0x1c, 0xe7, 0x1c, 0xe7, 0x1c, 0xe7,
    0x1c, 0xe7, 0x1c, 0xe7, 0x1c, 0xe7, 0x1c, 0xe7, 0x1c, 0xe7, 0x1c, 0xe7, 0x1c, 0xe7, 0x1c, 0xe7,
    0x1c, 0xe7, 0x1c, 0xe7, 0x1c, 0xe7, 0x1c, 0xe7, 0x1c, 0xe7, 0x3d, 0xe7, 0xfc, 0xde, 0x7a, 0xce,
    0x19, 0xc6, 0xf5, 0x9c, 0xb5, 0x94, 0xb4, 0x73, 0x53, 0x63, 0x91, 0x29, 0x71, 0x21, 0x71, 0x21,
    0x71, 0x21, 0xd0, 0x08, 0x93, 0x4a, 0xf7, 0xc5, 0x76, 0xad, 0x32, 0x84, 0xd4, 0x9c, 0xff, 0xff,
    0xff, 0xff, 0xdc, 0xde, 0xbb, 0xd6, 0xfc, 0xde, 0xfc, 0xde, 0xdc, 0xde, 0xdc, 0xde, 0xdc, 0xde,
    0xdc, 0xde, 0xdc, 0xde, 0xdc, 0xde, 0xdc, 0xde, 0xdc, 0xde, 0xdc, 0xde, 0xfc, 0xde, 0xfc, 0xde,
    0xfc, 0xde, 0xfc, 0xde, 0xfc, 0xde, 0xfc, 0xde, 0xfc, 0xde, 0xfc, 0xde, 0xfc, 0xde, 0xfc, 0xde,
    0xfc, 0xde, 0xfc, 0xde, 0xfc, 0xde, 0xfc, 0xde, 0xfc, 0xde, 0xfc, 0xde, 0xfc, 0xde, 0xfc, 0xde,
    0xfc, 0xde, 0xfc, 0xde, 0xfc, 0xde, 0xfc, 0xde, 0xfc, 0xde, 0xfc, 0xde, 0xfc, 0xde, 0xfc, 0xde,
    0xfc, 0xde, 0xfc, 0xde, 0xfc, 0xde, 0xfc, 0xde, 0xfc, 0xde, 0xfc, 0xde, 0xfc, 0xde, 0xfc, 0xde,
    0xfc, 0xde, 0xfc, 0xde, 0xfc, 0xde, 0xfc, 0xde, 0xfc, 0xde, 0xfc, 0xde, 0xfc, 0xde, 0xfc, 0xde,
    0xfc, 0xde, 0xfc, 0xde, 0xfc, 0xde, 0xfc, 0xde, 0xfc, 0xde, 0xfc, 0xde, 0xfc, 0xde, 0xfc, 0xde,
    0xfc, 0xde, 0xfc, 0xde, 0xfc, 0xde, 0xfc, 0xde, 0xfc, 0xde, 0xfc, 0xde, 0xfc, 0xde, 0xfc, 0xde,
    0xfc, 0xde, 0xfc, 0xde, 0xfc, 0xde, 0xfc, 0xde, 0xfc, 0xde, 0xfc, 0xde, 0xfc, 0xde, 0xfc, 0xde,
    0xfc, 0xde, 0xfc, 0xde, 0xfc, 0xde, 0xfc, 0xde, 0xfc, 0xde, 0xfc, 0xde, 0xdc, 0xde, 0xfc, 0xde,
    0xfc, 0xde, 0xfc, 0xde, 0xfc, 0xde, 0xfc, 0xde, 0xfc, 0xde, 0xdc, 0xde, 0xfc, 0xde, 0xdc, 0xde,
    0xfc, 0xde, 0xfc, 0xde, 0xfc, 0xde, 0xfc, 0xde, 0xdc, 0xde, 0x9b, 0xd6, 0x1c, 0xe7, 0xff, 0xff,
    0x7e, 0xef, 0x52, 0x8c, 0x73, 0x8c, 0x96, 0xb5, 0x56, 0xad, 0x91, 0x21, 0x11, 0x11, 0x71, 0x21,
    0xf2, 0x31, 0xd3, 0x52, 0x94, 0x6b, 0x15, 0xa5, 0x16, 0xa5, 0xd8, 0xbd, 0x39, 0xc6, 0x5d, 0xef,
    0x5d, 0xef, 0xdc, 0xde, 0xdb, 0xde, 0x39, 0xc6, 0xf8, 0xbd, 0xf9, 0xc5, 0xf8, 0xbd, 0xf8, 0xbd,
    0xf8, 0xc5, 0xf8, 0xbd, 0xf8, 0xbd, 0xf8, 0xbd, 0xf8, 0xbd, 0xf8, 0xbd, 0xf8, 0xc5, 0xf8, 0xc5,
    0xf8, 0xc5, 0x18, 0xc6, 0x18, 0xc6, 0xf8, 0xc5, 0x19, 0xc6, 0x19, 0xc6, 0x19, 0xc6, 0x19, 0xc6,
    0x18, 0xc6, 0x19, 0xc6, 0x19, 0xc6, 0x19, 0xc6, 0x19, 0xc6, 0x19, 0xc6, 0x19, 0xc6, 0x19, 0xc6,
    0x18, 0xc6, 0x18, 0xc6, 0xf9, 0xc5, 0xf9, 0xc5, 0x19, 0xc6, 0x19, 0xc6, 0x19, 0xc6, 0x19, 0xc6,
    0x19, 0xc6, 0x19, 0xc6, 0x18, 0xc6, 0x18, 0xc6, 0x18, 0xc6, 0x18, 0xc6, 0x19, 0xc6, 0xf9, 0xc5,
    0x19, 0xc6, 0xf8, 0xc5, 0xf8, 0xbd, 0xf8, 0xc5, 0x19, 0xc6, 0x19, 0xc6, 0x19, 0xc6, 0x19, 0xc6,
    0x19, 0xc6, 0x19, 0xc6, 0x19, 0xc6, 0x19, 0xc6, 0x19, 0xc6, 0x19, 0xc6, 0x19, 0xc6, 0x19, 0xc6,
    0x19, 0xc6, 0x19, 0xc6, 0x19, 0xc6, 0x19, 0xc6, 0xf9, 0xc5, 0x19, 0xc6, 0x19, 0xc6, 0x19, 0xc6,
    0x19, 0xc6, 0x19, 0xc6, 0x19, 0xc6, 0x19, 0xc6, 0x19, 0xc6, 0xf8, 0xc5, 0xf8, 0xc5, 0x19, 0xc6,
    0xf9, 0xc5, 0x19, 0xc6, 0xf9, 0xc5, 0xf9, 0xc5, 0x19, 0xc6, 0x19, 0xc6, 0x19, 0xc6, 0x19, 0xc6,
    0xf9, 0xc5, 0xf9, 0xc5, 0x19, 0xc6, 0x19, 0xc6, 0xf8, 0xc5, 0xf8, 0xc5, 0xf8, 0xc5, 0xf8, 0xbd,
    0xf8, 0xbd, 0x19, 0xc6, 0xf9, 0xc5, 0xf8, 0xbd, 0x5a, 0xce, 0xdb, 0xde, 0xfc, 0xde, 0x7e, 0xef,
    0x1c, 0xe7, 0xf8, 0xbd, 0xd8, 0xbd, 0x15, 0xa5, 0xd5, 0x9c, 0x34, 0x5b, 0xd3, 0x52, 0x91, 0x21,
    0x14, 0x5b, 0x38, 0xce, 0x76, 0xad, 0x11, 0x84, 0x15, 0xa5, 0xff, 0xff, 0xff, 0xff, 0xbb, 0xd6,
    0xbb, 0xde, 0xfc, 0xde, 0xfc, 0xde, 0xf5, 0x9c, 0x73, 0x8c, 0x73, 0x8c, 0x52, 0x8c, 0x52, 0x8c,
    0x53, 0x8c, 0x53, 0x8c, 0x52, 0x8c, 0x53, 0x8c, 0x53, 0x8c, 0x53, 0x8c, 0x53, 0x8c, 0x73, 0x8c,
    0x73, 0x8c, 0x73, 0x8c, 0x73, 0x8c, 0x73, 0x8c, 0x73, 0x8c, 0x73, 0x8c, 0x73, 0x8c, 0x73, 0x8c,
    0x53, 0x8c, 0x73, 0x8c, 0x73, 0x8c, 0x73, 0x8c, 0x73, 0x8c, 0x73, 0x8c, 0x73, 0x8c, 0x73, 0x8c,
    0x53, 0x8c, 0x73, 0x8c, 0x53, 0x8c, 0x53, 0x8c, 0x53, 0x8c, 0x73, 0x8c, 0x73, 0x8c, 0x73, 0x8c,
    0x73, 0x8c, 0x73, 0x8c, 0x73, 0x8c, 0x53, 0x8c, 0x52, 0x8c, 0x53, 0x8c, 0x53, 0x8c, 0x53, 0x8c,
    0x73, 0x8c, 0x73, 0x8c, 0x53, 0x8c, 0x53, 0x8c, 0x53, 0x8c, 0x53, 0x8c, 0x53, 0x8c, 0x53, 0x8c,
    0x73, 0x8c, 0x73, 0x8c, 0x73, 0x8c, 0x73, 0x8c, 0x73, 0x8c, 0x73, 0x8c, 0x73, 0x8c, 0x73, 0x8c,
    0x73, 0x8c, 0x73, 0x8c, 0x73, 0x8c, 0x73, 0x8c, 0x73, 0x8c, 0x73, 0x8c, 0x73, 0x8c, 0x73, 0x8c,
    0x73, 0x8c, 0x73, 0x8c, 0x73, 0x8c, 0x73, 0x8c, 0x73, 0x8c, 0x53, 0x8c, 0x53, 0x8c, 0x53, 0x8c,
    0x73, 0x8c, 0x73, 0x8c, 0x73, 0x8c, 0x73, 0x8c, 0x73, 0x8c, 0x73, 0x8c, 0x73, 0x8c, 0x73, 0x8c,
    0x73, 0x8c, 0x53, 0x8c, 0x53, 0x8c, 0x73, 0x8c, 0x73, 0x8c, 0x73, 0x8c, 0x53, 0x8c, 0x52, 0x8c,
    0x52, 0x8c, 0x73, 0x8c, 0x93, 0x94, 0x53, 0x8c, 0x77, 0xad, 0xfc, 0xe6, 0xdb, 0xde, 0x9b, 0xd6,
    0xfc, 0xde, 0xff, 0xff, 0xdf, 0xff, 0x93, 0x8c, 0x52, 0x8c, 0xf8, 0xbd, 0xd8, 0xbd, 0xf2, 0x31,
    0x13, 0x5b, 0x76, 0xb5, 0x56, 0xad, 0x56, 0xad, 0xd8, 0xbd, 0x9e, 0xf7, 0x7e, 0xef, 0xdb, 0xde,
    0xbb, 0xde, 0x5a, 0xce, 0x39, 0xc6, 0x15, 0xa5, 0xb4, 0x94, 0x36, 0xa5, 0x96, 0xb5, 0x76, 0xad,
    0x76, 0xad, 0x76, 0xad, 0x76, 0xad, 0x76, 0xad, 0x76, 0xad, 0x97, 0xad, 0x77, 0xad, 0x97, 0xad,
    0x97, 0xb5, 0x97, 0xb5, 0x97, 0xb5, 0x97, 0xb5, 0x97, 0xb5, 0x97, 0xb5, 0x97, 0xb5, 0x97, 0xb5,
    0x97, 0xb5, 0x97, 0xb5, 0x97, 0xb5, 0x97, 0xb5, 0x97, 0xb5, 0x97, 0xb5, 0x77, 0xb5, 0x77, 0xb5,
    0x77, 0xb5, 0x77, 0xb5, 0x97, 0xb5, 0x97, 0xb5, 0x97, 0xb5, 0x97, 0xb5, 0x97, 0xb5, 0x97, 0xb5,
    0x97, 0xb5, 0x97, 0xb5, 0x77, 0xb5, 0x77, 0xad, 0x77, 0xad, 0x77, 0xad, 0x76, 0xb5, 0x77, 0xb5,
    0x97, 0xb5, 0x77, 0xb5, 0x76, 0xad, 0x76, 0xad, 0x76, 0xad, 0x76, 0xad, 0x76, 0xad, 0x76, 0xad,
    0x76, 0xad, 0x97, 0xb5, 0x97, 0xb5, 0x96, 0xb5, 0x96, 0xb5, 0x97, 0xb5, 0x97, 0xb5, 0x97, 0xb5,
    0x97, 0xb5, 0x97, 0xad, 0x97, 0xb5, 0x97, 0xb5, 0x97, 0xb5, 0x97, 0xb5, 0x97, 0xb5, 0x97, 0xb5,
    0x77, 0xb5, 0x76, 0xb5, 0x97, 0xb5, 0x97, 0xb5, 0x77, 0xb5, 0x77, 0xb5, 0x77, 0xb5, 0x77, 0xb5,
    0x97, 0xb5, 0x97, 0xb5, 0x97, 0xb5, 0x96, 0xb5, 0x97, 0xb5, 0x97, 0xb5, 0x97, 0xb5, 0x97, 0xb5,
    0x97, 0xb5, 0x76, 0xb5, 0x76, 0xb5, 0x77, 0xb5, 0x97, 0xb5, 0x97, 0xb5, 0x76, 0xad, 0x76, 0xad,
    0x76, 0xad, 0x97, 0xb5, 0x35, 0xa5, 0x93, 0x94, 0x56, 0xad, 0x5a, 0xce, 0x5a, 0xce, 0xdb, 0xde,
    0xdc, 0xde, 0x9e, 0xf7, 0x7d, 0xef, 0x97, 0xb5, 0x56, 0xad, 0x76, 0xad, 0x36, 0xa5, 0xf2, 0x31,
    0xd2, 0x52, 0x52, 0x8c, 0x76, 0xad, 0xff, 0xff, 0x9e, 0xf7, 0xbb, 0xde, 0xdb, 0xde, 0xdc, 0xde,
    0xdb, 0xde, 0xd4, 0x9c, 0x93, 0x94, 0xb4, 0x94, 0x73, 0x8c, 0xbb, 0xd6, 0xdf, 0xff, 0xbe, 0xf7,
    0xbe, 0xf7, 0xbe, 0xf7, 0xbe, 0xf7, 0xbe, 0xf7, 0xbe, 0xf7, 0xbe, 0xf7, 0xbe, 0xf7, 0xbe, 0xf7,
    0xbe, 0xf7, 0xbe, 0xf7, 0xbe, 0xf7, 0xbe, 0xf7, 0xbe, 0xf7, 0xbe, 0xf7, 0xbe, 0xf7, 0xbf, 0xf7,
    0xbe, 0xf7, 0xbe, 0xf7, 0xbe, 0xf7, 0xbe, 0xf7, 0xbe, 0xf7, 0xbe, 0xf7, 0xbe, 0xf7, 0xbe, 0xf7,
    0xbe, 0xf7, 0xbe, 0xf7, 0xbe, 0xf7, 0xbe, 0xf7, 0xbf, 0xf7, 0xbe, 0xf7, 0xbe, 0xf7, 0xbe, 0xf7,
    0xbe, 0xf7, 0xbe, 0xf7, 0xbe, 0xf7, 0xbe, 0xf7, 0xbe, 0xf7, 0xbe, 0xf7, 0xbe, 0xf7, 0xbf, 0xf7,
    0xbf, 0xf7, 0xbe, 0xf7, 0xbe, 0xf7, 0xbe, 0xf7, 0xbe, 0xf7, 0xbe, 0xf7, 0xbe, 0xf7, 0xbe, 0xf7,
    0xbe, 0xf7, 0xbf, 0xf7, 0xbf, 0xf7, 0xbf, 0xf7, 0xbf, 0xf7, 0xbe, 0xf7, 0xbe, 0xf7, 0xbe, 0xf7,
    0xbe, 0xf7, 0xbe, 0xf7, 0xbe, 0xf7, 0xbe, 0xf7, 0xbe, 0xf7, 0xbe, 0xf7, 0xbe, 0xf7, 0xbe, 0xf7,
    0xbe, 0xf7, 0xbe, 0xf7, 0xbe, 0xf7, 0xbe, 0xf7, 0xbe, 0xf7, 0xbe, 0xf7, 0xbe, 0xf7, 0xbe, 0xf7,
    0xbf, 0xf7, 0xbf, 0xf7, 0xbf, 0xf7, 0xbf, 0xf7, 0xbe, 0xf7, 0xbe, 0xf7, 0xbe, 0xf7, 0xbe, 0xf7,
    0xbe, 0xf7, 0xbe, 0xf7, 0xbe, 0xf7, 0xbe, 0xf7, 0xbe, 0xf7, 0xbe, 0xf7, 0xbe, 0xf7, 0xbf, 0xf7,
    0x9e, 0xf7, 0xdf, 0xff, 0x19, 0xc6, 0x72, 0x8c, 0xb4, 0x94, 0x93, 0x94, 0x36, 0xa5, 0xfc, 0xde,
    0xdb, 0xde, 0xbb, 0xd6, 0xdb, 0xde, 0xdf, 0xff, 0xbf, 0xf7, 0xd4, 0x9c, 0x53, 0x8c, 0xf2, 0x31,
    0xd2, 0x52, 0x52, 0x8c, 0x77, 0xb5, 0xdf, 0xff, 0x7d, 0xef, 0xdb, 0xde, 0xdb, 0xde, 0x9a, 0xd6,
    0x5a, 0xce, 0xd4, 0x9c, 0xb4, 0x94, 0x15, 0xa5, 0x15, 0xa5, 0xdb, 0xde, 0x9e, 0xf7, 0x7e, 0xef,
    0x7e, 0xf7, 0x7e, 0xf7, 0x9e, 0xf7, 0x7e, 0xf7, 0x7e, 0xf7, 0x7e, 0xf7, 0x7e, 0xf7, 0x7e, 0xf7,
    0x7e, 0xef, 0x7e, 0xf7, 0x7e, 0xf7, 0x7e, 0xf7, 0x7e, 0xf7, 0x7e, 0xf7, 0x7e, 0xf7, 0x7e, 0xf7,
    0x7e, 0xf7, 0x7e, 0xf7, 0x7e, 0xf7, 0x7e, 0xf7, 0x7e, 0xf7, 0x7e, 0xf7, 0x7e, 0xf7, 0x7e, 0xf7,
    0x7e, 0xf7, 0x7e, 0xf7, 0x7e, 0xf7, 0x7e, 0xf7, 0x7e, 0xf7, 0x7e, 0xf7, 0x7e, 0xf7, 0x7e, 0xf7,
    0x7e, 0xf7, 0x7e, 0xf7, 0x9e, 0xf7, 0x9e, 0xf7, 0x9e, 0xf7, 0x9e, 0xf7, 0x9e, 0xf7, 0x9e, 0xf7,
    0x7e, 0xf7, 0x7e, 0xf7, 0x7e, 0xf7, 0x7e, 0xf7, 0x7e, 0xf7, 0x7e, 0xf7, 0x7e, 0xf7, 0x7e, 0xf7,
    0x7e, 0xf7, 0x7e, 0xf7, 0x7e, 0xf7, 0x7e, 0xf7, 0x7e, 0xf7, 0x7e, 0xf7, 0x7e, 0xf7, 0x7e, 0xf7,
    0x7e, 0xf7, 0x7e, 0xf7, 0x7e, 0xf7, 0x7e, 0xf7, 0x7e, 0xf7, 0x7e, 0xf7, 0x7e, 0xf7, 0x7e, 0xf7,
    0x7e, 0xf7, 0x7e, 0xf7, 0x9e, 0xf7, 0x7e, 0xf7, 0x7e, 0xf7, 0x7e, 0xf7, 0x7e, 0xf7, 0x7e, 0xf7,
    0x7e, 0xf7, 0x9e, 0xf7, 0x7e, 0xf7, 0x7e, 0xf7, 0x7e, 0xf7, 0x7e, 0xf7, 0x7e, 0xf7, 0x7e, 0xf7,
    0x7e, 0xf7, 0x7e, 0xf7, 0x7e, 0xf7, 0x7e, 0xf7, 0x7e, 0xf7, 0x7e, 0xf7, 0x7e, 0xef, 0x7e, 0xef,
    0x7e, 0xef, 0xbe, 0xf7, 0x39, 0xc6, 0xf4, 0x9c, 0x15, 0x9d, 0x93, 0x94, 0x35, 0xa5, 0x7a, 0xce,
    0x7a, 0xce, 0xbb, 0xde, 0xdb, 0xde, 0xbe, 0xf7, 0x9e, 0xf7, 0xd4, 0x9c, 0x53, 0x8c, 0xf2, 0x31,
    0xd2, 0x52, 0x52, 0x8c, 0x76, 0xad, 0xdf, 0xff, 0x5d, 0xef, 0xdc, 0xde, 0x9a, 0xce, 0xd4, 0x94,
    0xb4, 0x94, 0xb4, 0x94, 0xb3, 0x94, 0xdc, 0xde, 0x9e, 0xf7, 0x3d, 0xe7, 0x1d, 0xe7, 0x3d, 0xe7,
    0x3d, 0xe7, 0x3d, 0xe7, 0x3d, 0xe7, 0x3d, 0xe7, 0x3d, 0xe7, 0x3d, 0xe7, 0x3d, 0xe7, 0x3d, 0xe7,
    0x1d, 0xe7, 0x1d, 0xe7, 0x1d, 0xe7, 0x3d, 0xe7, 0x3d, 0xe7, 0x3d, 0xe7, 0x3d, 0xe7, 0x3d, 0xe7,
    0x3d, 0xe7, 0x3d, 0xe7, 0x3d, 0xe7, 0x3d, 0xe7, 0x3d, 0xe7, 0x3d, 0xe7, 0x3d, 0xe7, 0x3d, 0xe7,
    0x3d, 0xe7, 0x3d, 0xe7, 0x3d, 0xe7, 0x3d, 0xe7, 0x3d, 0xe7, 0x3d, 0xe7, 0x3d, 0xe7, 0x3d, 0xe7,
    0x3d, 0xe7, 0x3d, 0xe7, 0x3d, 0xe7, 0x3d, 0xe7, 0x3d, 0xe7, 0x3d, 0xe7, 0x3d, 0xe7, 0x3d, 0xe7,
    0x3d, 0xe7, 0x3d, 0xe7, 0x3d, 0xe7, 0x1d, 0xe7, 0x3d, 0xe7, 0x3d, 0xe7, 0x3d, 0xe7, 0x3d, 0xe7,
    0x3d, 0xe7, 0x3d, 0xe7, 0x3d, 0xe7, 0x3d, 0xe7, 0x3d, 0xe7, 0x1d, 0xe7, 0x1d, 0xe7, 0x3d, 0xe7,
    0x3d, 0xe7, 0x1d, 0xe7, 0x3d, 0xe7, 0x3d, 0xe7, 0x3d, 0xe7, 0x3d, 0xe7, 0x3d, 0xe7, 0x3d, 0xe7,
    0x3d, 0xe7, 0x3d, 0xe7, 0x3d, 0xe7, 0x3d, 0xe7, 0x3d, 0xe7, 0x3d, 0xe7, 0x3d, 0xe7, 0x3d, 0xe7,
    0x3d, 0xe7, 0x3d, 0xe7, 0x3d, 0xe7, 0x3d, 0xe7, 0x3d, 0xe7, 0x3d, 0xe7, 0x3d, 0xe7, 0x3d, 0xe7,
    0x3d, 0xe7, 0x3d, 0xe7, 0x1d, 0xe7, 0x1d, 0xe7, 0x3d, 0xe7, 0x3d, 0xe7, 0x3d, 0xe7, 0x1d, 0xe7,
    0x1d, 0xe7, 0x1d, 0xe7, 0x5d, 0xef, 0xbf, 0xf7, 0x39, 0xce, 0x93, 0x8c, 0xd4, 0x9c, 0x93, 0x94,
    0x15, 0xa5, 0xdc, 0xde, 0xdb, 0xde, 0x9e, 0xf7, 0x7d, 0xef, 0xd4, 0x9c, 0x33, 0x84, 0xf2, 0x31,
    0xd2, 0x52, 0x52, 0x8c, 0x76, 0xad, 0xdf, 0xff, 0x5d, 0xef, 0xdc, 0xde, 0x7a, 0xce, 0xb4, 0x94,
    0xb4, 0x94, 0xd4, 0x9c, 0xf4, 0x9c, 0x1c, 0xe7, 0xbe, 0xf7, 0x3d, 0xe7, 0x1c, 0xe7, 0x1d, 0xe7,
    0x1d, 0xe7, 0x1d, 0xe7, 0x1d, 0xe7, 0x1d, 0xe7, 0x1d, 0xe7, 0x1d, 0xe7, 0x1d, 0xe7, 0x1d, 0xe7,
    0x1d, 0xe7, 0x1d, 0xe7, 0x1d, 0xe7, 0x3d, 0xe7, 0x3d, 0xe7, 0x3d, 0xe7, 0x3d, 0xe7, 0x3d, 0xe7,
    0x1d, 0xe7, 0x1d, 0xe7, 0x3d, 0xe7, 0x3d, 0xe7, 0x3d, 0xe7, 0x1d, 0xe7, 0x1d, 0xe7, 0x1d, 0xe7,
    0x3d, 0xe7, 0x3d, 0xe7, 0x3d, 0xe7, 0x3d, 0xe7, 0x3d, 0xe7, 0x3d, 0xe7, 0x1d, 0xe7, 0x1d, 0xe7,
    0x1d, 0xe7, 0x1d, 0xe7, 0x3d, 0xe7, 0x3d, 0xe7, 0x3d, 0xe7, 0x3d, 0xe7, 0x1d, 0xe7, 0x1d, 0xe7,
    0x1d, 0xe7, 0x1d, 0xe7, 0x1d, 0xe7, 0x1d, 0xe7, 0x1d, 0xe7, 0x1d, 0xe7, 0x1d, 0xe7, 0x1d, 0xe7,
    0x3d, 0xe7, 0x3d, 0xe7, 0x3d, 0xe7, 0x3d, 0xe7, 0x1d, 0xe7, 0x1d, 0xe7, 0x1d, 0xe7, 0x1d, 0xe7,
    0x1d, 0xe7, 0x1d, 0xe7, 0x1d, 0xe7, 0x1d, 0xe7, 0x1d, 0xe7, 0x3d, 0xe7, 0x1d, 0xe7, 0x1d, 0xe7,
    0x1d, 0xe7, 0x1d, 0xe7, 0x3d, 0xe7, 0x3d, 0xe7, 0x3d, 0xe7, 0x3d, 0xe7, 0x3d, 0xe7, 0x3d, 0xe7,
    0x3d, 0xe7, 0x3d, 0xe7, 0x3d, 0xe7, 0x3d, 0xe7, 0x1d, 0xe7, 0x1d, 0xe7, 0x1d, 0xe7, 0x1d, 0xe7,
    0x1d, 0xe7, 0x1d, 0xe7, 0x1d, 0xe7, 0x1d, 0xe7, 0x1d, 0xe7, 0x1d, 0xe7, 0x1d, 0xe7, 0x1d, 0xe7,
    0x1d, 0xe7, 0x1d, 0xe7, 0x5d, 0xef, 0xdf, 0xff, 0x7a, 0xce, 0xb3, 0x94, 0xd4, 0x9c, 0x93, 0x94,
    0x15, 0xa5, 0xdc, 0xde, 0xdc, 0xde, 0x9e, 0xf7, 0x7d, 0xef, 0xd4, 0x9c, 0x33, 0x84, 0xf2, 0x31,
    0xd2, 0x52, 0x52, 0x8c, 0x76, 0xad, 0xdf, 0xff, 0x5d, 0xef, 0xdc, 0xde, 0x9a, 0xce, 0xb4, 0x94,
    0xd4, 0x9c, 0xfc, 0xde, 0x5d, 0xef, 0x3d, 0xe7, 0x3d, 0xe7, 0x3d, 0xe7, 0x1d, 0xe7, 0x1d, 0xe7,
    0x1d, 0xe7, 0x1d, 0xe7, 0x1d, 0xe7, 0x1d, 0xe7, 0x1d, 0xe7, 0x1d, 0xe7, 0x1d, 0xe7, 0x1d, 0xe7,
    0x1d, 0xe7, 0x1d, 0xe7, 0x1d, 0xe7, 0x3d, 0xe7, 0x3d, 0xe7, 0x1d, 0xe7, 0x1d, 0xe7, 0x3d, 0xe7,
    0x3d, 0xe7, 0x3d, 0xe7, 0x3d, 0xe7, 0x3d, 0xe7, 0x3d, 0xe7, 0x3d, 0xe7, 0x1d, 0xe7, 0x3d, 0xe7,
    0x1d, 0xe7, 0x1d, 0xe7, 0x1d, 0xe7, 0x3d, 0xe7, 0x3d, 0xe7, 0x3d, 0xe7, 0x1d, 0xe7, 0x1d, 0xe7,
    0x1d, 0xe7, 0x1d, 0xe7, 0x3d, 0xe7, 0x3d, 0xe7, 0x3d, 0xe7, 0x3d, 0xe7, 0x1d, 0xe7, 0x3d, 0xe7,
    0x3d, 0xe7, 0x1d, 0xe7, 0x1d, 0xe7, 0x1d, 0xe7, 0x1d, 0xe7, 0x1d, 0xe7, 0x1d, 0xe7, 0x1d, 0xe7,
    0x3d, 0xe7, 0x3d, 0xe7, 0x3d, 0xe7, 0x3d, 0xe7, 0x3d, 0xe7, 0x1d, 0xe7, 0x1d, 0xe7, 0x1d, 0xe7,
    0x1d, 0xe7, 0x1d, 0xe7, 0x1d, 0xe7, 0x1d, 0xe7, 0x1d, 0xe7, 0x3d, 0xe7, 0x1d, 0xe7, 0x1d, 0xe7,
    0x1d, 0xe7, 0x1d, 0xe7, 0x3d, 0xe7, 0x3d, 0xe7, 0x1d, 0xe7, 0x1d, 0xe7, 0x1d, 0xe7, 0x3d, 0xe7,
    0x3d, 0xe7, 0x3d, 0xe7, 0x3d, 0xe7, 0x1d, 0xe7, 0x1d, 0xe7, 0x1d, 0xe7, 0x1d, 0xe7, 0x1d, 0xe7,
    0x1d, 0xe7, 0x1d, 0xe7, 0x1d, 0xe7, 0x1d, 0xe7, 0x1d, 0xe7, 0x1d, 0xe7, 0x1d, 0xe7, 0x1d, 0xe7,
    0x1d, 0xe7, 0x1d, 0xe7, 0x3d, 0xe7, 0x3d, 0xe7, 0x1c, 0xe7, 0x5d, 0xef, 0x7a, 0xce, 0x73, 0x8c,
    0x15, 0xa5, 0xdc, 0xde, 0xdc, 0xde, 0x9e, 0xf7, 0x7d, 0xef, 0xd4, 0x9c, 0x33, 0x84, 0xf2, 0x31,
    0xd2, 0x52, 0x52, 0x8c, 0x76, 0xad, 0xdf, 0xff, 0x5d, 0xef, 0xdc, 0xde, 0x7a, 0xce, 0xb4, 0x94,
    0xd4, 0x9c, 0x5d, 0xef, 0xbe, 0xf7, 0x3d, 0xe7, 0x1d, 0xe7, 0x1d, 0xe7, 0x1d, 0xe7, 0x1d, 0xe7,
    0x1d, 0xe7, 0x1d, 0xe7, 0x1d, 0xe7, 0x3d, 0xe7, 0x3d, 0xe7, 0x3d, 0xe7, 0x1d, 0xe7, 0x1d, 0xe7,
    0x1d, 0xe7, 0x1d, 0xe7, 0x1d, 0xe7, 0x1d, 0xe7, 0x3d, 0xe7, 0x3d, 0xe7, 0x3d, 0xe7, 0x1d, 0xe7,
    0x3d, 0xe7, 0x3d, 0xe7, 0x1d, 0xe7, 0x3d, 0xe7, 0x3d, 0xe7, 0x3d, 0xe7, 0x3d, 0xe7, 0x3d, 0xe7,
    0x3d, 0xe7, 0x3d, 0xe7, 0x3d, 0xe7, 0x1d, 0xe7, 0x3d, 0xe7, 0x3d, 0xe7, 0x3d, 0xe7, 0x3d, 0xe7,
    0x1d, 0xe7, 0x1d, 0xe7, 0x3d, 0xe7, 0x3d, 0xe7, 0x3d, 0xe7, 0x3d, 0xe7, 0x3d, 0xe7, 0x3d, 0xe7,
    0x3d, 0xe7, 0x1d, 0xe7, 0x1d, 0xe7, 0x1d, 0xe7, 0x1d, 0xe7, 0x1d, 0xe7, 0x1d, 0xe7, 0x1d, 0xe7,
    0x3d, 0xe7, 0x3d, 0xe7, 0x3d, 0xe7, 0x3d, 0xe7, 0x3d, 0xe7, 0x1d, 0xe7, 0x1d, 0xe7, 0x1d, 0xe7,
    0x1d, 0xe7, 0x1d, 0xe7, 0x1d, 0xe7, 0x1d, 0xe7, 0x1d, 0xe7, 0x1d, 0xe7, 0x1d, 0xe7, 0x1d, 0xe7,
    0x1d, 0xe7, 0x1d, 0xe7, 0x1d, 0xe7, 0x3d, 0xe7, 0x1d, 0xe7, 0x1d, 0xe7, 0x1d, 0xe7, 0x1d, 0xe7,
    0x3d, 0xe7, 0x3d, 0xe7, 0x3d, 0xe7, 0x1d, 0xe7, 0x1d, 0xe7, 0x3d, 0xe7, 0x1d, 0xe7, 0x1d, 0xe7,
    0x1d, 0xe7, 0x1d, 0xe7, 0x1d, 0xe7, 0x3d, 0xe7, 0x3d, 0xe7, 0x1d, 0xe7, 0x1d, 0xe7, 0x1d, 0xe7,
    0x1d, 0xe7, 0x1d, 0xe7, 0x1d, 0xe7, 0x1c, 0xe7, 0x5d, 0xef, 0xdf, 0xff, 0xdb, 0xde, 0x73, 0x8c,
    0x15, 0xa5, 0xdc, 0xde, 0xdc, 0xde, 0x9e, 0xf7, 0x7d, 0xef, 0xd4, 0x9c, 0x33, 0x84, 0xd2, 0x31,
    0xd2, 0x52, 0x52, 0x8c, 0x76, 0xad, 0xdf, 0xff, 0x5d, 0xef, 0xdc, 0xde, 0x7a, 0xce, 0xb4, 0x94,
    0xd4, 0x9c, 0x3d, 0xe7, 0x9e, 0xf7, 0x3d, 0xe7, 0x1d, 0xe7, 0x3d, 0xe7, 0x1d, 0xe7, 0x1d, 0xe7,
    0x1d, 0xe7, 0x3d, 0xe7, 0x3d, 0xe7, 0x3d, 0xe7, 0x3d, 0xe7, 0x3d, 0xe7, 0x3d, 0xe7, 0x3d, 0xe7,
    0x3d, 0xe7, 0x1d, 0xe7, 0x1d, 0xe7, 0x1d, 0xe7, 0x1d, 0xe7, 0x1d, 0xe7, 0x1d, 0xe7, 0x1d, 0xe7,
    0x3d, 0xe7, 0x3d, 0xe7, 0x3d, 0xe7, 0x3d, 0xe7, 0x3d, 0xe7, 0x3d, 0xe7, 0x3d, 0xe7, 0x3d, 0xe7,
    0x3d, 0xe7, 0x3d, 0xe7, 0x1d, 0xe7, 0x3d, 0xe7, 0x3d, 0xe7, 0x3d, 0xe7, 0x3d, 0xe7, 0x3d, 0xe7,
    0x3d, 0xe7, 0x3d, 0xe7, 0x3d, 0xe7, 0x3d, 0xe7, 0x3d, 0xe7, 0x3d, 0xe7, 0x3d, 0xe7, 0x3d, 0xe7,
    0x3d, 0xe7, 0x3d, 0xe7, 0x1d, 0xe7, 0x1d, 0xe7, 0x1d, 0xe7, 0x1d, 0xe7, 0x1d, 0xe7, 0x3d, 0xe7,
    0x1d, 0xe7, 0x3d, 0xe7, 0x3d, 0xe7, 0x3d, 0xe7, 0x1d, 0xe7, 0x1d, 0xe7, 0x1d, 0xe7, 0x1d, 0xe7,
    0x1d, 0xe7, 0x1d, 0xe7, 0x1d, 0xe7, 0x1d, 0xe7, 0x1d, 0xe7, 0x1d, 0xe7, 0x1d, 0xe7, 0x1d, 0xe7,
    0x1d, 0xe7, 0x1d, 0xe7, 0x1d, 0xe7, 0x1d, 0xe7, 0x1d, 0xe7, 0x1d, 0xe7, 0x1d, 0xe7, 0x1d, 0xe7,
    0x3d, 0xe7, 0x3d, 0xe7, 0x3d, 0xe7, 0x1d, 0xe7, 0x3d, 0xe7, 0x1d, 0xe7, 0x1d, 0xe7, 0x1d, 0xe7,
    0x1d, 0xe7, 0x1d, 0xe7, 0x3d, 0xe7, 0x3d, 0xe7, 0x3d, 0xe7, 0x1d, 0xe7, 0x1d, 0xe7, 0x1d, 0xe7,
    0x1d, 0xe7, 0x1d, 0xe7, 0x1d, 0xe7, 0x1d, 0xe7, 0x5d, 0xef, 0xbf, 0xf7, 0xbb, 0xd6, 0x73, 0x8c,
    0x15, 0xa5, 0xdc, 0xde, 0xdc, 0xde, 0x9e, 0xf7, 0x7d, 0xef, 0xd4, 0x9c, 0x33, 0x84, 0xd2, 0x31,
    0xd2, 0x52, 0x52, 0x8c, 0x76, 0xad, 0xdf, 0xff, 0x5d, 0xef, 0xdc, 0xde, 0x7a, 0xd6, 0xb4, 0x94,
    0xd4, 0x9c, 0x5d, 0xe7, 0xbe, 0xf7, 0x3d, 0xe7, 0x1d, 0xe7, 0x1d, 0xe7, 0x1d, 0xe7, 0x1d, 0xe7,
    0x1d, 0xe7, 0x1d, 0xe7, 0x1d, 0xe7, 0x3d, 0xe7, 0x3d, 0xe7, 0x3d, 0xe7, 0x3d, 0xe7, 0x1d, 0xe7,
    0x1d, 0xe7, 0x3d, 0xe7, 0x1d, 0xe7, 0x1d, 0xe7, 0x3d, 0xe7, 0x1d, 0xe7, 0x3d, 0xe7, 0x3d, 0xe7,
    0x1d, 0xe7, 0x1d, 0xe7, 0x3d, 0xe7, 0x3d, 0xe7, 0x3d, 0xe7, 0x3d, 0xe7, 0x3d, 0xe7, 0x3d, 0xe7,
    0x3d, 0xe7, 0x3d, 0xe7, 0x1d, 0xe7, 0x3d, 0xe7, 0x3d, 0xe7, 0x3d, 0xe7, 0x3d, 0xe7, 0x3d, 0xe7,
    0x3d, 0xe7, 0x3d, 0xe7, 0x1d, 0xe7, 0x3d, 0xe7, 0x3d, 0xe7, 0x3d, 0xe7, 0x3d, 0xe7, 0x3d, 0xe7,
    0x3d, 0xe7, 0x1d, 0xe7, 0x3d, 0xe7, 0x3d, 0xe7, 0x1d, 0xe7, 0x1d, 0xe7, 0x3d, 0xe7, 0x3d, 0xe7,
    0x1d, 0xe7, 0x3d, 0xe7, 0x3d, 0xe7, 0x1d, 0xe7, 0x1d, 0xe7, 0x1d, 0xe7, 0x1d, 0xe7, 0x3d, 0xe7,
    0x1d, 0xe7, 0x1d, 0xe7, 0x1d, 0xe7, 0x1d, 0xe7, 0x1d, 0xe7, 0x1d, 0xe7, 0x1d, 0xe7, 0x1d, 0xe7,
    0x1d, 0xe7, 0x1d, 0xe7, 0x1d, 0xe7, 0x1d, 0xe7, 0x1d, 0xe7, 0x3d, 0xe7, 0x1d, 0xe7, 0x1d, 0xe7,
    0x1d, 0xe7, 0x1d, 0xe7, 0x1d, 0xe7, 0x1d, 0xe7, 0x1d, 0xe7, 0x1d, 0xe7, 0x1d, 0xe7, 0x1d, 0xe7,
    0x3d, 0xe7, 0x3d, 0xe7, 0x3d, 0xe7, 0x3d, 0xe7, 0x1d, 0xe7, 0x1d, 0xe7, 0x1d, 0xe7, 0x1d, 0xe7,
    0x1d, 0xe7, 0x1d, 0xe7, 0x1d, 0xe7, 0x1d, 0xe7, 0x5d, 0xef, 0xbf, 0xf7, 0xdb, 0xd6, 0x73, 0x8c,
    0x15, 0xa5, 0xdc, 0xde, 0xdc, 0xde, 0x9e, 0xf7, 0x7d, 0xef, 0xd4, 0x9c, 0x53, 0x8c, 0xd2, 0x31,
    0xb2, 0x52, 0x52, 0x8c, 0x76, 0xad, 0xdf, 0xff, 0x5d, 0xef, 0xdc, 0xde, 0x7a, 0xd6, 0xb4, 0x94,
    0xd4, 0x9c, 0x5d, 0xe7, 0xbe, 0xf7, 0x3d, 0xe7, 0x1d, 0xe7, 0x1d, 0xe7, 0x1d, 0xe7, 0x1d, 0xe7,
    0x1d, 0xe7, 0x3d, 0xe7, 0x3d, 0xe7, 0x3d, 0xe7, 0x3d, 0xe7, 0x3d, 0xe7, 0x3d, 0xe7, 0x3d, 0xe7,
    0x3d, 0xe7, 0x1d, 0xe7, 0x3d, 0xe7, 0x1d, 0xe7, 0x3d, 0xe7, 0x1d, 0xe7, 0x3d, 0xe7, 0x3d, 0xe7,
    0x3d, 0xe7, 0x3d, 0xe7, 0x1d, 0xe7, 0x3d, 0xe7, 0x3d, 0xe7, 0x3d, 0xe7, 0x3d, 0xe7, 0x3d, 0xe7,
    0x3d, 0xe7, 0x3d, 0xe7, 0x1d, 0xe7, 0x3d, 0xe7, 0x3d, 0xe7, 0x3d, 0xe7, 0x1d, 0xe7, 0x1d, 0xe7,
    0x3d, 0xe7, 0x3d, 0xe7, 0x1d, 0xe7, 0x3d, 0xe7, 0x1d, 0xe7, 0x1d, 0xe7, 0x3d, 0xe7, 0x3d, 0xe7,
    0x1d, 0xe7, 0x3d, 0xe7, 0x3d, 0xe7, 0x3d, 0xe7, 0x1d, 0xe7, 0x1d, 0xe7, 0x3d, 0xe7, 0x3d, 0xe7,
    0x1d, 0xe7, 0x3d, 0xe7, 0x3d, 0xe7, 0x3d, 0xe7, 0x3d, 0xe7, 0x1d, 0xe7, 0x1d, 0xe7, 0x3d, 0xe7,
    0x1d, 0xe7, 0x1d, 0xe7, 0x1d, 0xe7, 0x1d, 0xe7, 0x1d, 0xe7, 0x1d, 0xe7, 0x1d, 0xe7, 0x1d, 0xe7,
    0x1d, 0xe7, 0x3d, 0xe7, 0x3d, 0xe7, 0x1d, 0xe7, 0x1d, 0xe7, 0x1d, 0xe7, 0x1d, 0xe7, 0x1d, 0xe7,
    0x1d, 0xe7, 0x1d, 0xe7, 0x1d, 0xe7, 0x1d, 0xe7, 0x1d, 0xe7, 0x1d, 0xe7, 0x1d, 0xe7, 0x1d, 0xe7,
    0x1d, 0xe7, 0x1d, 0xe7, 0x1d, 0xe7, 0x1d, 0xe7, 0x1d, 0xe7, 0x1d, 0xe7, 0x1d, 0xe7, 0x1d, 0xe7,
    0x1d, 0xe7, 0x1d, 0xe7, 0x1d, 0xe7, 0x1d, 0xe7, 0x5d, 0xef, 0xbf, 0xf7, 0xbb, 0xd6, 0x73, 0x8c,
    0x15, 0xa5, 0xdc, 0xde, 0xdc, 0xde, 0x9e, 0xf7, 0x7d, 0xef, 0xd4, 0x9c, 0x53, 0x8c, 0xd2, 0x31,
    0xd2, 0x52, 0x52, 0x8c, 0x76, 0xad, 0xdf, 0xff, 0x5d, 0xef, 0xdc, 0xde, 0x9a, 0xce, 0xb4, 0x94,
    0xd4, 0x9c, 0x3d, 0xe7, 0xbe, 0xf7, 0x3d, 0xe7, 0x1d, 0xe7, 0x1d, 0xe7, 0x1d, 0xe7, 0x1d, 0xe7,
    0x3d, 0xe7, 0x3d, 0xe7, 0x3d, 0xe7, 0x3d, 0xe7, 0x3d, 0xe7, 0x3d, 0xe7, 0x3d, 0xe7, 0x3d, 0xe7,
    0x3d, 0xe7, 0x1d, 0xe7, 0x1d, 0xe7, 0x3d, 0xe7, 0x3d, 0xe7, 0x3d, 0xe7, 0x1d, 0xe7, 0x1d, 0xe7,
    0x3d, 0xe7, 0x3d, 0xe7, 0x3d, 0xe7, 0x3d, 0xe7, 0x3d, 0xe7, 0x3d, 0xe7, 0x1d, 0xe7, 0x3d, 0xe7,
    0x3d, 0xe7, 0x3d, 0xe7, 0x3d, 0xe7, 0x3d, 0xe7, 0x3d, 0xe7, 0x1d, 0xe7, 0x1d, 0xe7, 0x1d, 0xe7,
    0x3d, 0xe7, 0x3d, 0xe7, 0x3d, 0xe7, 0x3d, 0xe7, 0x3d, 0xe7, 0x3d, 0xe7, 0x3d, 0xe7, 0x3d, 0xe7,
    0x3d, 0xe7, 0x1d, 0xe7, 0x3d, 0xe7, 0x3d, 0xe7, 0x1d, 0xe7, 0x1d, 0xe7, 0x3d, 0xe7, 0x3d, 0xe7,
    0x3d, 0xe7, 0x3d, 0xe7, 0x3d, 0xe7, 0x1d, 0xe7, 0x1d, 0xe7, 0x1d, 0xe7, 0x1d, 0xe7, 0x1d, 0xe7,
    0x3d, 0xe7, 0x1d, 0xe7, 0x1d, 0xe7, 0x1d, 0xe7, 0x1d, 0xe7, 0x1d, 0xe7, 0x1d, 0xe7, 0x1d, 0xe7,
    0x1d, 0xe7, 0x3d, 0xe7, 0x3d, 0xe7, 0x3d, 0xe7, 0x1d, 0xe7, 0x1d, 0xe7, 0x1d, 0xe7, 0x1d, 0xe7,
    0x3d, 0xe7, 0x3d, 0xe7, 0x1d, 0xe7, 0x1d, 0xe7, 0x1d, 0xe7, 0x1d, 0xe7, 0x3d, 0xe7, 0x3d, 0xe7,
    0x1d, 0xe7, 0x1d, 0xe7, 0x1d, 0xe7, 0x1d, 0xe7, 0x3d, 0xe7, 0x3d, 0xe7, 0x1d, 0xe7, 0x1d, 0xe7,
    0x1d, 0xe7, 0x1d, 0xe7, 0x1d, 0xe7, 0x1d, 0xe7, 0x3d, 0xef, 0xbf, 0xf7, 0xbb, 0xd6, 0x73, 0x8c,
    0x15, 0xa5, 0xdc, 0xde, 0xdc, 0xde, 0x9e, 0xf7, 0x7d, 0xef, 0xd4, 0x9c, 0x53, 0x8c, 0xd2, 0x31,
    0xd2, 0x52, 0x52, 0x8c, 0x76, 0xad, 0xdf, 0xff, 0x5d, 0xef, 0xdc, 0xde, 0x7a, 0xce, 0xb4, 0x94,
    0xd4, 0x9c, 0x5d, 0xe7, 0xbe, 0xf7, 0x3d, 0xe7, 0x1d, 0xe7, 0x1d, 0xe7, 0x1d, 0xe7, 0x1d, 0xe7,
    0x3d, 0xe7, 0x3d, 0xe7, 0x3d, 0xe7, 0x3d, 0xe7, 0x3d, 0xe7, 0x3d, 0xe7, 0x3d, 0xe7, 0x3d, 0xe7,
    0x3d, 0xe7, 0x1d, 0xe7, 0x1d, 0xe7, 0x3d, 0xe7, 0x3d, 0xe7, 0x1d, 0xe7, 0x3d, 0xe7, 0x3d, 0xe7,
    0x3d, 0xe7, 0x1d, 0xe7, 0x1d, 0xe7, 0x3d, 0xe7, 0x1d, 0xe7, 0x1d, 0xe7, 0x1d, 0xe7, 0x3d, 0xe7,
    0x3d, 0xe7, 0x3d, 0xe7, 0x3d, 0xe7, 0x3d, 0xe7, 0x1d, 0xe7, 0x3d, 0xe7, 0x3d, 0xe7, 0x1d, 0xe7,
    0x3d, 0xe7, 0x3d, 0xe7, 0x3d, 0xe7, 0x3d, 0xe7, 0x3d, 0xe7, 0x3d, 0xe7, 0x3d, 0xe7, 0x3d, 0xe7,
    0x3d, 0xe7, 0x1d, 0xe7, 0x3d, 0xe7, 0x3d, 0xe7, 0x1d, 0xe7, 0x3d, 0xe7, 0x3d, 0xe7, 0x3d, 0xe7,
    0x3d, 0xe7, 0x3d, 0xe7, 0x3d, 0xe7, 0x1d, 0xe7, 0x1d, 0xe7, 0x1d, 0xe7, 0x1d, 0xe7, 0x1d, 0xe7,
    0x3d, 0xe7, 0x1d, 0xe7, 0x1d, 0xe7, 0x1d, 0xe7, 0x1d, 0xe7, 0x1d, 0xe7, 0x1d, 0xe7, 0x1d, 0xe7,
    0x1d, 0xe7, 0x3d, 0xe7, 0x3d, 0xe7, 0x3d, 0xe7, 0x1d, 0xe7, 0x1d, 0xe7, 0x1d, 0xe7, 0x1d, 0xe7,
    0x3d, 0xe7, 0x3d, 0xe7, 0x3d, 0xe7, 0x3d, 0xe7, 0x1d, 0xe7, 0x1d, 0xe7, 0x3d, 0xe7, 0x3d, 0xe7,
    0x1d, 0xe7, 0x1d, 0xe7, 0x3d, 0xe7, 0x3d, 0xe7, 0x3d, 0xe7, 0x3d, 0xe7, 0x1d, 0xe7, 0x1d, 0xe7,
    0x1d, 0xe7, 0x1d, 0xe7, 0x1d, 0xe7, 0x1d, 0xe7, 0x3d, 0xef, 0xbf, 0xf7, 0xbb, 0xd6, 0x73, 0x8c,
    0x15, 0xa5, 0xdc, 0xde, 0xdc, 0xde, 0x9e, 0xf7, 0x7d, 0xef, 0xd4, 0x9c, 0x33, 0x84, 0xd1, 0x31,
    0xd2, 0x52, 0x52, 0x8c, 0x77, 0xb5, 0xdf, 0xff, 0x5d, 0xef, 0xdc, 0xde, 0x7a, 0xce, 0x93, 0x94,
    0xd4, 0x9c, 0x5d, 0xe7, 0xbe, 0xf7, 0x3d, 0xe7, 0x1d, 0xe7, 0x1d, 0xe7, 0x1c, 0xe7, 0x1c, 0xe7,
    0x1c, 0xe7, 0x1c, 0xe7, 0x1c, 0xe7, 0x1d, 0xe7, 0x1d, 0xe7, 0x3d, 0xe7, 0x3d, 0xe7, 0x1d, 0xe7,
    0x1d, 0xe7, 0x1d, 0xe7, 0x3d, 0xe7, 0x3d, 0xe7, 0x3d, 0xe7, 0x3d, 0xe7, 0x3d, 0xe7, 0x3d, 0xe7,
    0x3d, 0xe7, 0x3d, 0xe7, 0x3d, 0xe7, 0x3d, 0xe7, 0x3d, 0xe7, 0x3d, 0xe7, 0x1d, 0xe7, 0x1d, 0xe7,
    0x1d, 0xe7, 0x1d, 0xe7, 0x3d, 0xe7, 0x1d, 0xe7, 0x3d, 0xe7, 0x3d, 0xe7, 0x3d, 0xe7, 0x1d, 0xe7,
    0x1d, 0xe7, 0x1d, 0xe7, 0x1d, 0xe7, 0x1d, 0xe7, 0x1d, 0xe7, 0x3d, 0xe7, 0x3d, 0xe7, 0x3d, 0xe7,
    0x3d, 0xe7, 0x3d, 0xe7, 0x3d, 0xe7, 0x3d, 0xe7, 0x1d, 0xe7, 0x1d, 0xe7, 0x3d, 0xe7, 0x3d, 0xe7,
    0x1d, 0xe7, 0x1d, 0xe7, 0x1d, 0xe7, 0x1d, 0xe7, 0x1d, 0xe7, 0x3d, 0xe7, 0x3d, 0xe7, 0x3d, 0xe7,
    0x3d, 0xe7, 0x3d, 0xe7, 0x1d, 0xe7, 0x1d, 0xe7, 0x1d, 0xe7, 0x1d, 0xe7, 0x1d, 0xe7, 0x1d, 0xe7,
    0x1d, 0xe7, 0x1d, 0xe7, 0x1d, 0xe7, 0x1d, 0xe7, 0x3d, 0xe7, 0x1d, 0xe7, 0x1d, 0xe7, 0x1d, 0xe7,
    0x3d, 0xe7, 0x3d, 0xe7, 0x3d, 0xe7, 0x3d, 0xe7, 0x3d, 0xe7, 0x3d, 0xe7, 0x3d, 0xe7, 0x1d, 0xe7,
    0x1d, 0xe7, 0x1d, 0xe7, 0x1d, 0xe7, 0x1c, 0xe7, 0x1c, 0xe7, 0x1c, 0xe7, 0x1c, 0xe7, 0x1c, 0xe7,
    0x1d, 0xe7, 0x1d, 0xe7, 0x1d, 0xe7, 0x1d, 0xe7, 0x5d, 0xef, 0xbf, 0xf7, 0xbb, 0xd6, 0x73, 0x8c,
    0x15, 0xa5, 0xdc, 0xde, 0xdc, 0xde, 0x9e, 0xf7, 0x7d, 0xef, 0xd4, 0x9c, 0x33, 0x84, 0xd2, 0x31,
    0xd2, 0x52, 0x52, 0x8c, 0x77, 0xb5, 0xdf, 0xff, 0x5d, 0xef, 0xdc, 0xde, 0x7a, 0xce, 0x93, 0x94,
    0xd4, 0x9c, 0x5d, 0xe7, 0xbe, 0xf7, 0x3d, 0xe7, 0x1d, 0xe7, 0x1c, 0xe7, 0x7e, 0xf7, 0x9e, 0xf7,
    0x9e, 0xf7, 0x9e, 0xf7, 0x9e, 0xf7, 0x9e, 0xf7, 0x5e, 0xef, 0x1d, 0xe7, 0x1d, 0xe7, 0x1d, 0xe7,
    0x1d, 0xe7, 0x3d, 0xe7, 0x1d, 0xe7, 0x3d, 0xe7, 0x3d, 0xe7, 0x3d, 0xe7, 0x3d, 0xe7, 0x1d, 0xe7,
    0x1d, 0xe7, 0x3d, 0xe7, 0x3d, 0xe7, 0x3d, 0xe7, 0x3d, 0xe7, 0x3d, 0xe7, 0x1d, 0xe7, 0x1d, 0xe7,
    0x1d, 0xe7, 0x1d, 0xe7, 0x1d, 0xe7, 0x3d, 0xe7, 0x1d, 0xe7, 0x1d, 0xe7, 0x3d, 0xe7, 0x1d, 0xe7,
    0x1d, 0xe7, 0x1d, 0xe7, 0x1d, 0xe7, 0x1d, 0xe7, 0x1d, 0xe7, 0x3d, 0xe7, 0x3d, 0xe7, 0x3d, 0xe7,
    0x3d, 0xe7, 0x3d, 0xe7, 0x3d, 0xe7, 0x3d, 0xe7, 0x1d, 0xe7, 0x1d, 0xe7, 0x3d, 0xe7, 0x1d, 0xe7,
    0x3d, 0xe7, 0x1d, 0xe7, 0x1d, 0xe7, 0x1d, 0xe7, 0x1d, 0xe7, 0x3d, 0xe7, 0x3d, 0xe7, 0x3d, 0xe7,
    0x3d, 0xe7, 0x3d, 0xe7, 0x1d, 0xe7, 0x1d, 0xe7, 0x1d, 0xe7, 0x1d, 0xe7, 0x1d, 0xe7, 0x1d, 0xe7,
    0x1d, 0xe7, 0x1d, 0xe7, 0x1d, 0xe7, 0x1d, 0xe7, 0x3d, 0xe7, 0x1d, 0xe7, 0x1d, 0xe7, 0x1d, 0xe7,
    0x3d, 0xe7, 0x3d, 0xe7, 0x1d, 0xe7, 0x3d, 0xe7, 0x3d, 0xe7, 0x3d, 0xe7, 0x3d, 0xe7, 0x1d, 0xe7,
    0x1d, 0xe7, 0x1c, 0xe7, 0x5d, 0xef, 0x9e, 0xf7, 0x9e, 0xf7, 0x9e, 0xf7, 0x9e, 0xf7, 0x9e, 0xf7,
    0x5d, 0xef, 0x1d, 0xe7, 0x1d, 0xe7, 0x1d, 0xe7, 0x5d, 0xef, 0xbf, 0xf7, 0xbb, 0xd6, 0x73, 0x8c,
    0x15, 0xa5, 0xdc, 0xde, 0xdc, 0xde, 0x9e, 0xf7, 0x7d, 0xef, 0xd4, 0x9c, 0x33, 0x84, 0xd2, 0x31,
    0xd2, 0x52, 0x52, 0x8c, 0x76, 0xad, 0xdf, 0xff, 0x5d, 0xef, 0xdc, 0xde, 0x7a, 0xce, 0xb4, 0x94,
    0xd4, 0x9c, 0x3d, 0xe7, 0xbe, 0xf7, 0x3d, 0xe7, 0x3d, 0xe7, 0x5d, 0xef, 0xd6, 0x94, 0xf4, 0x73,
    0x14, 0x7c, 0xf3, 0x73, 0xf3, 0x73, 0x92, 0x6b, 0x78, 0xad, 0x7e, 0xf7, 0x1c, 0xe7, 0x1d, 0xe7,
    0x1d, 0xe7, 0x3d, 0xe7, 0x3d, 0xe7, 0x3d, 0xe7, 0x3d, 0xe7, 0x3d, 0xe7, 0x3d, 0xe7, 0x1d, 0xe7,
    0x3d, 0xe7, 0x3d, 0xe7, 0x3d, 0xe7, 0x3d, 0xe7, 0x1d, 0xe7, 0x1d, 0xe7, 0x1d, 0xe7, 0x1d, 0xe7,
    0x1d, 0xe7, 0x3d, 0xe7, 0x3d, 0xe7, 0x3d, 0xe7, 0x3d, 0xe7, 0x3d, 0xe7, 0x1d, 0xe7, 0x1d, 0xe7,
    0x1d, 0xe7, 0x1d, 0xe7, 0x1d, 0xe7, 0x1d, 0xe7, 0x3d, 0xe7, 0x3d, 0xe7, 0x3d, 0xe7, 0x1d, 0xe7,
    0x1d, 0xe7, 0x1d, 0xe7, 0x1d, 0xe7, 0x3d, 0xe7, 0x1d, 0xe7, 0x1d, 0xe7, 0x1d, 0xe7, 0x3d, 0xe7,
    0x1d, 0xe7, 0x3d, 0xe7, 0x3d, 0xe7, 0x3d, 0xe7, 0x3d, 0xe7, 0x3d, 0xe7, 0x3d, 0xe7, 0x3d, 0xe7,
    0x3d, 0xe7, 0x3d, 0xe7, 0x1d, 0xe7, 0x1d, 0xe7, 0x1d, 0xe7, 0x1d, 0xe7, 0x1d, 0xe7, 0x1d, 0xe7,
    0x1d, 0xe7, 0x1d, 0xe7, 0x1d, 0xe7, 0x3d, 0xe7, 0x3d, 0xe7, 0x1d, 0xe7, 0x3d, 0xe7, 0x3d, 0xe7,
    0x3d, 0xe7, 0x3d, 0xe7, 0x1d, 0xe7, 0x1d, 0xe7, 0x1d, 0xe7, 0x1d, 0xe7, 0x3d, 0xe7, 0x3d, 0xe7,
    0x1c, 0xe7, 0x9e, 0xf7, 0xfa, 0xbd, 0x52, 0x5b, 0x93, 0x6b, 0x93, 0x63, 0x93, 0x6b, 0x72, 0x5b,
    0xd6, 0x94, 0x9e, 0xf7, 0x1c, 0xe7, 0x1d, 0xe7, 0x5d, 0xef, 0xdf, 0xf7, 0xbb, 0xd6, 0x73, 0x8c,
    0x15, 0xa5, 0xdc, 0xde, 0xdc, 0xde, 0x9e, 0xf7, 0x7d, 0xef, 0xd4, 0x9c, 0x53, 0x8c, 0xd2, 0x31,
    0xd2, 0x52, 0x52, 0x8c, 0x77, 0xb5, 0xdf, 0xff, 0x5d, 0xef, 0xdc, 0xde, 0x7a, 0xce, 0xb4, 0x94,
    0xd4, 0x9c, 0x3d, 0xe7, 0xbe, 0xf7, 0x3d, 0xe7, 0xfd, 0xe6, 0x5b, 0xce, 0x2e, 0x3a, 0x0c, 0x11,
    0x4d, 0x19, 0x4c, 0x19, 0x4d, 0x19, 0xab, 0x08, 0x32, 0x63, 0xbc, 0xde, 0x1c, 0xe7, 0x1d, 0xe7,
    0x1d, 0xe7, 0x3d, 0xe7, 0x3d, 0xe7, 0x3d, 0xe7, 0x3d, 0xe7, 0x3d, 0xe7, 0x3d, 0xe7, 0x1d, 0xe7,
    0x3d, 0xe7, 0x3d, 0xe7, 0x3d, 0xe7, 0x3d, 0xe7, 0x1d, 0xe7, 0x1d, 0xe7, 0x1d, 0xe7, 0x1d, 0xe7,
    0x1d, 0xe7, 0x3d, 0xe7, 0x3d, 0xe7, 0x3d, 0xe7, 0x3d, 0xe7, 0x3d, 0xe7, 0x1d, 0xe7, 0x1d, 0xe7,
    0x1d, 0xe7, 0x1d, 0xe7, 0x1d, 0xe7, 0x1d, 0xe7, 0x3d, 0xe7, 0x3d, 0xe7, 0x3d, 0xe7, 0x1d, 0xe7,
    0x3d, 0xe7, 0x3d, 0xe7, 0x3d, 0xe7, 0x1d, 0xe7, 0x1d, 0xe7, 0x1d, 0xe7, 0x1d, 0xe7, 0x3d, 0xe7,
    0x1d, 0xe7, 0x3d, 0xe7, 0x3d, 0xe7, 0x3d, 0xe7, 0x3d, 0xe7, 0x3d, 0xe7, 0x3d, 0xe7, 0x3d, 0xe7,
    0x3d, 0xe7, 0x1d, 0xe7, 0x1d, 0xe7, 0x1d, 0xe7, 0x1d, 0xe7, 0x1d, 0xe7, 0x1d, 0xe7, 0x1d, 0xe7,
    0x1d, 0xe7, 0x1d, 0xe7, 0x1d, 0xe7, 0x3d, 0xe7, 0x1d, 0xe7, 0x3d, 0xe7, 0x3d, 0xe7, 0x3d, 0xe7,
    0x3d, 0xe7, 0x3d, 0xe7, 0x1d, 0xe7, 0x1d, 0xe7, 0x1d, 0xe7, 0x1d, 0xe7, 0x3d, 0xe7, 0x1d, 0xe7,
    0x1d, 0xe7, 0xbc, 0xd6, 0x35, 0x84, 0x4c, 0x21, 0xad, 0x31, 0x8d, 0x29, 0x8d, 0x31, 0x0b, 0x21,
    0xd0, 0x62, 0x5a, 0xc6, 0xfc, 0xde, 0x1d, 0xe7, 0x5d, 0xef, 0xdf, 0xf7, 0xbb, 0xd6, 0x73, 0x8c,
    0x15, 0xa5, 0xdc, 0xde, 0xdc, 0xde, 0x9e, 0xf7, 0x7e, 0xef, 0xd4, 0x9c, 0x53, 0x8c, 0xd2, 0x31,
    0xd2, 0x52, 0x52, 0x8c, 0x77, 0xb5, 0xdf, 0xff, 0x5d, 0xef, 0xdb, 0xde, 0x7a, 0xce, 0xb4, 0x94,
    0xd4, 0x9c, 0x3d, 0xe7, 0x9e, 0xf7, 0x7d, 0xef, 0x1a, 0xc6, 0x4c, 0x19, 0xd5, 0x7b, 0x1e, 0xd6,
    0xdc, 0xc5, 0xfc, 0xcd, 0xbc, 0xc5, 0x1b, 0xa4, 0x73, 0x52, 0xee, 0x31, 0xdc, 0xde, 0x3d, 0xef,
    0x1d, 0xe7, 0x3d, 0xe7, 0x3d, 0xe7, 0x3d, 0xe7, 0x3d, 0xe7, 0x3d, 0xe7, 0x1d, 0xe7, 0x3d, 0xe7,
    0x3d, 0xe7, 0x3d, 0xe7, 0x3d, 0xe7, 0x3d, 0xe7, 0x3d, 0xe7, 0x3d, 0xe7, 0x1d, 0xe7, 0x3d, 0xe7,
    0x1d, 0xe7, 0x1d, 0xe7, 0x3d, 0xe7, 0x3d, 0xe7, 0x3d, 0xe7, 0x3d, 0xe7, 0x1d, 0xe7, 0x1d, 0xe7,
    0x1d, 0xe7, 0x1d, 0xe7, 0x1d, 0xe7, 0x1d, 0xe7, 0x3d, 0xe7, 0x3d, 0xe7, 0x1d, 0xe7, 0x3d, 0xe7,
    0x1d, 0xe7, 0x1d, 0xe7, 0x3d, 0xe7, 0x3d, 0xe7, 0x3d, 0xe7, 0x1d, 0xe7, 0x1d, 0xe7, 0x1d, 0xe7,
    0x1d, 0xe7, 0x3d, 0xe7, 0x3d, 0xe7, 0x3d, 0xe7, 0x3d, 0xe7, 0x1d, 0xe7, 0x1d, 0xe7, 0x3d, 0xe7,
    0x3d, 0xe7, 0x3d, 0xe7, 0x3d, 0xe7, 0x1d, 0xe7, 0x3d, 0xe7, 0x1d, 0xe7, 0x1d, 0xe7, 0x1d, 0xe7,
    0x1d, 0xe7, 0x1d, 0xe7, 0x3d, 0xe7, 0x3d, 0xe7, 0x3d, 0xe7, 0x3d, 0xe7, 0x3d, 0xe7, 0x3d, 0xe7,
    0x3d, 0xe7, 0x3d, 0xe7, 0x3d, 0xe7, 0x3d, 0xe7, 0x3d, 0xe7, 0x3d, 0xe7, 0x3d, 0xe7, 0x1d, 0xe7,
    0x5e, 0xef, 0xaf, 0x42, 0x2e, 0x4a, 0xd8, 0xf5, 0x97, 0xf5, 0xd7, 0xed, 0xd7, 0xed, 0x52, 0xf4,
    0xae, 0x9a, 0x6d, 0x19, 0x5a, 0xce, 0x5d, 0xef, 0x3d, 0xe7, 0xdf, 0xf7, 0xdb, 0xd6, 0x73, 0x8c,
    0x15, 0xa5, 0xdc, 0xde, 0xfc, 0xde, 0x9e, 0xf7, 0x7d, 0xef, 0xd4, 0x9c, 0x53, 0x8c, 0xd2, 0x31,
    0xd2, 0x52, 0x52, 0x8c, 0x77, 0xb5, 0xdf, 0xff, 0x5d, 0xef, 0xdb, 0xde, 0x7a, 0xce, 0xb4, 0x94,
    0xd4, 0x9c, 0x5d, 0xe7, 0x9e, 0xf7, 0x7e, 0xef, 0x1a, 0xc6, 0x0b, 0x11, 0x75, 0x73, 0x5d, 0xc5,
    0xdc, 0xb4, 0xfc, 0xbc, 0xbc, 0xb4, 0x1c, 0xac, 0x73, 0x5a, 0xad, 0x21, 0xdc, 0xde, 0x3d, 0xe7,
    0x1d, 0xe7, 0x3d, 0xe7, 0x3d, 0xe7, 0x1d, 0xe7, 0x1d, 0xe7, 0x1d, 0xe7, 0x1d, 0xe7, 0x3d, 0xe7,
    0x3d, 0xe7, 0x1d, 0xe7, 0x1d, 0xe7, 0x3d, 0xe7, 0x3d, 0xe7, 0x3d, 0xe7, 0x3d, 0xe7, 0x1d, 0xe7,
    0x1d, 0xe7, 0x1d, 0xe7, 0x3d, 0xe7, 0x3d, 0xe7, 0x3d, 0xe7, 0x3d, 0xe7, 0x1d, 0xe7, 0x1d, 0xe7,
    0x1d, 0xe7, 0x1d, 0xe7, 0x1d, 0xe7, 0x1d, 0xe7, 0x3d, 0xe7, 0x3d, 0xe7, 0x3d, 0xe7, 0x3d, 0xe7,
    0x3d, 0xe7, 0x3d, 0xe7, 0x3d, 0xe7, 0x3d, 0xe7, 0x3d, 0xe7, 0x1d, 0xe7, 0x1d, 0xe7, 0x1d, 0xe7,
    0x1d, 0xe7, 0x3d, 0xe7, 0x3d, 0xe7, 0x3d, 0xe7, 0x3d, 0xe7, 0x1d, 0xe7, 0x1d, 0xe7, 0x3d, 0xe7,
    0x3d, 0xe7, 0x3d, 0xe7, 0x3d, 0xe7, 0x1d, 0xe7, 0x3d, 0xe7, 0x1d, 0xe7, 0x1d, 0xe7, 0x1d, 0xe7,
    0x1d, 0xe7, 0x1d, 0xe7, 0x3d, 0xe7, 0x1d, 0xe7, 0x3d, 0xe7, 0x3d, 0xe7, 0x3d, 0xe7, 0x3d, 0xe7,
    0x3d, 0xe7, 0x3d, 0xe7, 0x3d, 0xe7, 0x3d, 0xe7, 0x3d, 0xe7, 0x3d, 0xe7, 0x3d, 0xe7, 0x1d, 0xe7,
    0x5e, 0xef, 0x8f, 0x42, 0x2e, 0x4a, 0x97, 0xfd, 0x52, 0xec, 0x12, 0xec, 0x31, 0xec, 0xaf, 0xf3,
    0x8d, 0xa2, 0x6c, 0x19, 0x5b, 0xce, 0x5d, 0xef, 0x3d, 0xe7, 0xdf, 0xf7, 0xbb, 0xd6, 0x73, 0x8c,
    0x15, 0xa5, 0xdc, 0xde, 0xfc, 0xde, 0x9e, 0xf7, 0x7d, 0xef, 0xd4, 0x9c, 0x53, 0x8c, 0xd2, 0x31,
    0xd2, 0x52, 0x52, 0x8c, 0x76, 0xad, 0xdf, 0xff, 0x5d, 0xef, 0xdc, 0xde, 0x7a, 0xce, 0xb4, 0x94,
    0xd4, 0x9c, 0x5d, 0xe7, 0x9e, 0xf7, 0x7d, 0xef, 0x1a, 0xc6, 0x2b, 0x11, 0xb4, 0x62, 0xfb, 0xa3,
    0x7a, 0x93, 0x7a, 0x93, 0x59, 0x93, 0xbb, 0x9b, 0x53, 0x52, 0xad, 0x29, 0xdc, 0xde, 0x3d, 0xe7,
    0x1d, 0xe7, 0x3d, 0xe7, 0x3d, 0xe7, 0x1d, 0xe7, 0x1d, 0xe7, 0x1d, 0xe7, 0x1d, 0xe7, 0x3d, 0xe7,
    0x3d, 0xe7, 0x1d, 0xe7, 0x1d, 0xe7, 0x1d, 0xe7, 0x3d, 0xe7, 0x1d, 0xe7, 0x3d, 0xe7, 0x3d, 0xe7,
    0x3d, 0xe7, 0x3d, 0xe7, 0x3d, 0xe7, 0x3d, 0xe7, 0x3d, 0xe7, 0x3d, 0xe7, 0x1d, 0xe7, 0x1d, 0xe7,
    0x1d, 0xe7, 0x1d, 0xe7, 0x1d, 0xe7, 0x1d, 0xe7, 0x3d, 0xe7, 0x3d, 0xe7, 0x3d, 0xe7, 0x3d, 0xe7,
    0x3d, 0xe7, 0x3d, 0xe7, 0x3d, 0xe7, 0x3d, 0xe7, 0x3d, 0xe7, 0x3d, 0xe7, 0x3d, 0xe7, 0x1d, 0xe7,
    0x1d, 0xe7, 0x3d, 0xe7, 0x1d, 0xe7, 0x3d, 0xe7, 0x3d, 0xe7, 0x3d, 0xe7, 0x3d, 0xe7, 0x3d, 0xe7,
    0x3d, 0xe7, 0x3d, 0xe7, 0x3d, 0xe7, 0x3d, 0xe7, 0x3d, 0xe7, 0x1d, 0xe7, 0x1d, 0xe7, 0x3d, 0xe7,
    0x3d, 0xe7, 0x1d, 0xe7, 0x3d, 0xe7, 0x3d, 0xe7, 0x1d, 0xe7, 0x3d, 0xe7, 0x3d, 0xe7, 0x3d, 0xe7,
    0x3d, 0xe7, 0x3d, 0xe7, 0x3d, 0xe7, 0x3d, 0xe7, 0x3d, 0xe7, 0x3d, 0xe7, 0x3d, 0xe7, 0x1c, 0xe7,
    0x7e, 0xef, 0x90, 0x42, 0x0e, 0x4a, 0x76, 0xf5, 0x6f, 0xe3, 0xed, 0xe2, 0xed, 0xe2, 0x4e, 0xf3,
    0x8d, 0xa2, 0x4c, 0x11, 0x5a, 0xce, 0x5d, 0xef, 0x3d, 0xe7, 0xdf, 0xf7, 0xdb, 0xd6, 0x73, 0x8c,
    0x15, 0xa5, 0xdc, 0xde, 0xfc, 0xde, 0x9e, 0xf7, 0x7e, 0xef, 0xd4, 0x9c, 0x53, 0x8c, 0xd2, 0x31,
    0xd2, 0x52, 0x52, 0x8c, 0x76, 0xad, 0xdf, 0xff, 0x5d, 0xef, 0xdc, 0xde, 0x7a, 0xce, 0x93, 0x94,
    0xd4, 0x9c, 0x3d, 0xe7, 0x9e, 0xf7, 0x7d, 0xef, 0x3a, 0xc6, 0x2b, 0x11, 0xd4, 0x62, 0x3c, 0xac,
    0x9a, 0x93, 0x9a, 0x9b, 0x9a, 0x9b, 0x9b, 0x9b, 0x33, 0x52, 0xcd, 0x29, 0xdc, 0xde, 0x3d, 0xe7,
    0x1d, 0xe7, 0x1d, 0xe7, 0x3d, 0xe7, 0x1d, 0xe7, 0x1d, 0xe7, 0x1d, 0xe7, 0x1d, 0xe7, 0x1d, 0xe7,
    0x3d, 0xe7, 0x3d, 0xe7, 0x3d, 0xe7, 0x3d, 0xe7, 0x1d, 0xe7, 0x3d, 0xe7, 0x3d, 0xe7, 0x3d, 0xe7,
    0x3d, 0xe7, 0x3d, 0xe7, 0x3d, 0xe7, 0x3d, 0xe7, 0x3d, 0xe7, 0x3d, 0xe7, 0x3d, 0xe7, 0x1d, 0xe7,
    0x1d, 0xe7, 0x1d, 0xe7, 0x1d, 0xe7, 0x1d, 0xe7, 0x3d, 0xe7, 0x3d, 0xe7, 0x3d, 0xe7, 0x3d, 0xe7,
    0x3d, 0xe7, 0x3d, 0xe7, 0x3d, 0xe7, 0x3d, 0xe7, 0x3d, 0xe7, 0x3d, 0xe7, 0x1d, 0xe7, 0x1d, 0xe7,
    0x1d, 0xe7, 0x3d, 0xe7, 0x1d, 0xe7, 0x3d, 0xe7, 0x3d, 0xe7, 0x3d, 0xe7, 0x3d, 0xe7, 0x3d, 0xe7,
    0x1d, 0xe7, 0x1d, 0xe7, 0x1d, 0xe7, 0x1d, 0xe7, 0x1d, 0xe7, 0x1d, 0xe7, 0x1d, 0xe7, 0x1d, 0xe7,
    0x1d, 0xe7, 0x1d, 0xe7, 0x1d, 0xe7, 0x1d, 0xe7, 0x1d, 0xe7, 0x1d, 0xe7, 0x1d, 0xe7, 0x1d, 0xe7,
    0x3d, 0xe7, 0x1d, 0xe7, 0x1d, 0xe7, 0x1d, 0xe7, 0x1d, 0xe7, 0x1d, 0xe7, 0x1d, 0xe7, 0x1c, 0xe7,
    0x5e, 0xef, 0x90, 0x42, 0x0e, 0x4a, 0x97, 0xfd, 0xaf, 0xe3, 0x2e, 0xe3, 0x4e, 0xe3, 0x0d, 0xeb,
    0x4c, 0x9a, 0x4c, 0x11, 0x5a, 0xce, 0x5d, 0xef, 0x3d, 0xe7, 0xdf, 0xf7, 0xdb, 0xd6, 0x73, 0x8c,
    0x15, 0xa5, 0xdc, 0xde, 0xfc, 0xde, 0x9e, 0xf7, 0x7e, 0xef, 0xf4, 0x9c, 0x53, 0x8c, 0xd2, 0x31,
    0xd2, 0x52, 0x52, 0x8c, 0x76, 0xad, 0xdf, 0xff, 0x5d, 0xef, 0xdc, 0xde, 0x7a, 0xce, 0x93, 0x94,
    0xb4, 0x94, 0x5d, 0xe7, 0x9e, 0xf7, 0x7d, 0xef, 0x3a, 0xc6, 0x4c, 0x19, 0x94, 0x5a, 0xfb, 0xa3,
    0x7a, 0x93, 0x7a, 0x93, 0x5a, 0x93, 0x7b, 0x9b, 0x33, 0x52, 0xad, 0x29, 0xdc, 0xde, 0x5d, 0xef,
    0x3d, 0xe7, 0x3d, 0xe7, 0x3d, 0xe7, 0x3d, 0xe7, 0x3d, 0xe7, 0x3d, 0xe7, 0x3d, 0xe7, 0x3d, 0xe7,
    0x3d, 0xe7, 0x3d, 0xe7, 0x3d, 0xe7, 0x3d, 0xe7, 0x1d, 0xe7, 0x1d, 0xe7, 0x1d, 0xe7, 0x1d, 0xe7,
    0x3d, 0xe7, 0x3d, 0xe7, 0x3d, 0xe7, 0x1d, 0xe7, 0x1d, 0xe7, 0x1d, 0xe7, 0x3d, 0xe7, 0x3d, 0xe7,
    0x3d, 0xe7, 0x3d, 0xe7, 0x1d, 0xe7, 0x1d, 0xe7, 0x1d, 0xe7, 0x1d, 0xe7, 0x3d, 0xe7, 0x3d, 0xe7,
    0x3d, 0xe7, 0x3d, 0xe7, 0x3d, 0xe7, 0x3d, 0xe7, 0x3d, 0xe7, 0x3d, 0xe7, 0x3d, 0xe7, 0x3d, 0xe7,
    0x1d, 0xe7, 0x1d, 0xe7, 0x1d, 0xe7, 0x1d, 0xe7, 0x3d, 0xe7, 0x3d, 0xe7, 0x3d, 0xe7, 0x3d, 0xe7,
    0x3d, 0xe7, 0x3d, 0xe7, 0x3d, 0xe7, 0x3d, 0xe7, 0x3d, 0xe7, 0x3d, 0xe7, 0x3d, 0xe7, 0x3d, 0xe7,
    0x3d, 0xe7, 0x3d, 0xe7, 0x3d, 0xe7, 0x3d, 0xe7, 0x3d, 0xe7, 0x3d, 0xe7, 0x3d, 0xe7, 0x3d, 0xe7,
    0x3d, 0xe7, 0x3d, 0xe7, 0x3d, 0xe7, 0x3d, 0xe7, 0x3d, 0xe7, 0x3d, 0xe7, 0x3d, 0xe7, 0x3d, 0xe7,
    0x7e, 0xf7, 0xb0, 0x42, 0xcd, 0x49, 0x93, 0xf4, 0x2e, 0xeb, 0xed, 0xe2, 0xed, 0xe2, 0xcc, 0xea,
    0x2c, 0x9a, 0x6c, 0x11, 0x5a, 0xc6, 0x5d, 0xef, 0x3d, 0xe7, 0xdf, 0xf7, 0xdb, 0xd6, 0x73, 0x8c,
    0x15, 0xa5, 0xdc, 0xde, 0xfc, 0xde, 0x9e, 0xf7, 0x7e, 0xef, 0xf4, 0x9c, 0x53, 0x8c, 0xd2, 0x31,
    0xd2, 0x52, 0x52, 0x8c, 0x76, 0xad, 0xdf, 0xff, 0x5d, 0xef, 0xdc, 0xde, 0x7a, 0xce, 0x93, 0x94,
    0xd4, 0x9c, 0x5d, 0xe7, 0x9e, 0xf7, 0x5d, 0xef, 0x5b, 0xce, 0x4c, 0x19, 0x53, 0x52, 0x79, 0x8b,
    0x18, 0x83, 0x19, 0x83, 0x18, 0x83, 0x59, 0x8b, 0x13, 0x4a, 0xcd, 0x29, 0xdc, 0xd6, 0x3d, 0xe7,
    0x1d, 0xe7, 0x1d, 0xe7, 0x1d, 0xe7, 0x1c, 0xe7, 0x3d, 0xe7, 0x3d, 0xe7, 0x3d, 0xe7, 0x3d, 0xe7,
    0x3d, 0xe7, 0x3d, 0xe7, 0x3d, 0xe7, 0x3d, 0xe7, 0x1d, 0xe7, 0x1d, 0xe7, 0x1d, 0xe7, 0x1d, 0xe7,
    0x3d, 0xe7, 0x3d, 0xe7, 0x3d, 0xe7, 0x1d, 0xe7, 0x1d, 0xe7, 0x1d, 0xe7, 0x1d, 0xe7, 0x1d, 0xe7,
    0x3d, 0xe7, 0x3d, 0xe7, 0x1d, 0xe7, 0x1d, 0xe7, 0x3d, 0xe7, 0x3d, 0xe7, 0x3d, 0xe7, 0x3d, 0xe7,
    0x3d, 0xe7, 0x3d, 0xe7, 0x3d, 0xe7, 0x3d, 0xe7, 0x3d, 0xe7, 0x3d, 0xe7, 0x3d, 0xe7, 0x3d, 0xe7,
    0x1d, 0xe7, 0x1d, 0xe7, 0x1d, 0xe7, 0x3d, 0xe7, 0x1d, 0xe7, 0x3d, 0xe7, 0x1c, 0xe7, 0x1d, 0xe7,
    0x1d, 0xe7, 0x1d, 0xe7, 0x1d, 0xe7, 0x1d, 0xe7, 0x1c, 0xe7, 0xfc, 0xde, 0x1c, 0xdf, 0x1c, 0xe7,
    0x1d, 0xe7, 0x1d, 0xe7, 0x1d, 0xe7, 0x1c, 0xdf, 0xfd, 0xde, 0x1d, 0xe7, 0x1d, 0xe7, 0x1d, 0xe7,
    0x1c, 0xdf, 0x1d, 0xe7, 0x1d, 0xe7, 0xfd, 0xe6, 0x1d, 0xe7, 0x1d, 0xe7, 0x1d, 0xe7, 0x1c, 0xe7,
    0x5d, 0xef, 0xb0, 0x42, 0x8c, 0x49, 0x2e, 0xdb, 0xac, 0xda, 0xac, 0xd2, 0x8c, 0xd2, 0xac, 0xe2,
    0x0c, 0x92, 0x4c, 0x19, 0x5a, 0xce, 0x5d, 0xef, 0x3d, 0xe7, 0xbf, 0xf7, 0xbb, 0xd6, 0x73, 0x8c,
    0x15, 0xa5, 0xdc, 0xde, 0xfc, 0xde, 0x9e, 0xf7, 0x7d, 0xef, 0xd4, 0x9c, 0x53, 0x8c, 0xd2, 0x31,
    0xd2, 0x52, 0x52, 0x8c, 0x76, 0xad, 0xdf, 0xff, 0x5d, 0xef, 0xdc, 0xde, 0x7a, 0xce, 0x93, 0x94,
    0xd4, 0x9c, 0x5d, 0xe7, 0x9e, 0xf7, 0x5d, 0xef, 0x5b, 0xce, 0x6c, 0x21, 0x2d, 0x21, 0x2d, 0x21,
    0x2d, 0x21, 0x2d, 0x21, 0x2d, 0x21, 0x2d, 0x21, 0x2c, 0x19, 0x6d, 0x19, 0xee, 0x29, 0xee, 0x31,
    0xee, 0x31, 0x8d, 0x29, 0x72, 0x6b, 0xbf, 0xff, 0x3d, 0xe7, 0x1d, 0xe7, 0x1d, 0xe7, 0x3d, 0xe7,
    0x3d, 0xe7, 0x1d, 0xe7, 0x3d, 0xe7, 0x3d, 0xe7, 0x1d, 0xe7, 0x1d, 0xe7, 0x1d, 0xe7, 0x1d, 0xe7,
    0x3d, 0xe7, 0x3d, 0xe7, 0x1d, 0xe7, 0x1d, 0xe7, 0x3d, 0xe7, 0x1d, 0xe7, 0x3d, 0xe7, 0x3d, 0xe7,
    0x1d, 0xe7, 0x3d, 0xe7, 0x3d, 0xe7, 0x1d, 0xe7, 0x3d, 0xe7, 0x3d, 0xe7, 0x1d, 0xe7, 0x1d, 0xe7,
    0x1d, 0xe7, 0x3d, 0xe7, 0x3d, 0xe7, 0x3d, 0xe7, 0x3d, 0xe7, 0x3d, 0xe7, 0x1d, 0xe7, 0x3d, 0xe7,
    0x3d, 0xe7, 0x1d, 0xe7, 0x1d, 0xe7, 0x1d, 0xe7, 0x1d, 0xe7, 0x1d, 0xe7, 0xdf, 0xff, 0xb3, 0x73,
    0x8d, 0x21, 0xee, 0x31, 0xce, 0x29, 0xce, 0x29, 0xce, 0x31, 0x2f, 0x3a, 0xee, 0x31, 0xad, 0x29,
    0xce, 0x29, 0xce, 0x29, 0xce, 0x31, 0xee, 0x31, 0x2f, 0x3a, 0xce, 0x29, 0xce, 0x29, 0xce, 0x29,
    0xce, 0x29, 0xce, 0x29, 0xee, 0x29, 0x2e, 0x3a, 0xee, 0x29, 0xce, 0x29, 0xce, 0x29, 0xee, 0x29,
    0xce, 0x29, 0x6d, 0x19, 0x4c, 0x21, 0x4b, 0x31, 0x4b, 0x31, 0x2c, 0x31, 0x4b, 0x31, 0x6b, 0x31,
    0x4b, 0x29, 0x6c, 0x19, 0x5a, 0xc6, 0x5d, 0xef, 0x3d, 0xe7, 0xbf, 0xf7, 0xbb, 0xd6, 0x73, 0x8c,
    0x15, 0xa5, 0xdc, 0xde, 0xfc, 0xde, 0x9e, 0xf7, 0x7d, 0xef, 0xd4, 0x9c, 0x33, 0x84, 0xd2, 0x31,
    0xd2, 0x52, 0x32, 0x8c, 0x76, 0xad, 0xdf, 0xff, 0x5d, 0xef, 0xdc, 0xde, 0x7a, 0xce, 0x93, 0x94,
    0xd4, 0x9c, 0x5d, 0xe7, 0x9e, 0xf7, 0x5d, 0xef, 0x7b, 0xce, 0x6c, 0x19, 0x70, 0x3a, 0xd4, 0x63,
    0xb4, 0x5b, 0x93, 0x5b, 0x52, 0x53, 0x33, 0x4b, 0x50, 0x2a, 0x6c, 0x19, 0x12, 0x4b, 0x53, 0x53,
    0x32, 0x53, 0xd1, 0x3a, 0x53, 0x5b, 0xd6, 0x94, 0xbb, 0xd6, 0x3d, 0xef, 0x1d, 0xe7, 0x3d, 0xe7,
    0x3d, 0xe7, 0x1d, 0xe7, 0x3d, 0xe7, 0x3d, 0xe7, 0x1d, 0xe7, 0x1d, 0xe7, 0x1d, 0xe7, 0x1d, 0xe7,
    0x3d, 0xe7, 0x3d, 0xe7, 0x3d, 0xe7, 0x3d, 0xe7, 0x3d, 0xe7, 0x1d, 0xe7, 0x3d, 0xe7, 0x3d, 0xe7,
    0x3d, 0xe7, 0x1d, 0xe7, 0x1d, 0xe7, 0x1d, 0xe7, 0x3d, 0xe7, 0x3d, 0xe7, 0x1d, 0xe7, 0x1d, 0xe7,
    0x1d, 0xe7, 0x1d, 0xe7, 0x3d, 0xe7, 0x3d, 0xe7, 0x3d, 0xe7, 0x3d, 0xe7, 0x1d, 0xe7, 0x1d, 0xe7,
    0x1d, 0xe7, 0x1d, 0xe7, 0x1d, 0xe7, 0x1d, 0xe7, 0x3d, 0xe7, 0xdc, 0xde, 0xf7, 0x94, 0x91, 0x63,
    0x90, 0x5b, 0x90, 0x63, 0x70, 0x5b, 0x4e, 0x53, 0x2d, 0x4b, 0x4b, 0x11, 0x2d, 0x32, 0xb0, 0x63,
    0x70, 0x63, 0x90, 0x63, 0x4e, 0x53, 0x6d, 0x32, 0x0b, 0x11, 0x2f, 0x5b, 0x90, 0x6b, 0x8f, 0x6b,
    0x6f, 0x6b, 0x6e, 0x6b, 0xcc, 0x52, 0x0b, 0x11, 0xae, 0x52, 0x8f, 0x73, 0x4f, 0x6b, 0x4f, 0x6b,
    0xed, 0x62, 0xac, 0x29, 0xae, 0x21, 0xf2, 0x52, 0x13, 0x53, 0x33, 0x5b, 0xf2, 0x52, 0x92, 0x4a,
    0x10, 0x3a, 0x6c, 0x19, 0x5b, 0xce, 0x5e, 0xef, 0x3d, 0xe7, 0xbf, 0xf7, 0xbb, 0xd6, 0x73, 0x8c,
    0x15, 0xa5, 0xdc, 0xde, 0xdc, 0xde, 0x9e, 0xf7, 0x7d, 0xef, 0xd4, 0x9c, 0x33, 0x84, 0xd2, 0x31,
    0xd2, 0x52, 0x52, 0x8c, 0x76, 0xad, 0xdf, 0xff, 0x5d, 0xef, 0xdc, 0xde, 0x7a, 0xce, 0x93, 0x94,
    0xd4, 0x9c, 0x5d, 0xe7, 0x9e, 0xf7, 0x5d, 0xef, 0x9b, 0xd6, 0x4c, 0x19, 0x77, 0x74, 0x9f, 0xd7,
    0xdf, 0xc6, 0x1f, 0xc7, 0xff, 0xc6, 0x9f, 0xa6, 0x95, 0x53, 0x8e, 0x21, 0xdf, 0xc6, 0x3f, 0xcf,
    0xff, 0xc6, 0xff, 0xb6, 0xd9, 0x74, 0xca, 0x08, 0xfa, 0xbd, 0x7d, 0xef, 0x1c, 0xe7, 0x3d, 0xe7,
    0x3d, 0xe7, 0x3d, 0xe7, 0x3d, 0xe7, 0x3d, 0xe7, 0x3d, 0xe7, 0x1d, 0xe7, 0x1d, 0xe7, 0x1d, 0xe7,
    0x3d, 0xe7, 0x3d, 0xe7, 0x3d, 0xe7, 0x3d, 0xe7, 0x3d, 0xe7, 0x1d, 0xe7, 0x1d, 0xe7, 0x1d, 0xe7,
    0x1d, 0xe7, 0x1d, 0xe7, 0x1d, 0xe7, 0x1d, 0xe7, 0x3d, 0xe7, 0x3d, 0xe7, 0x3d, 0xe7, 0x1d, 0xe7,
    0x1d, 0xe7, 0x1d, 0xe7, 0x3d, 0xe7, 0x3d, 0xe7, 0x1d, 0xe7, 0x1d, 0xe7, 0x1d, 0xe7, 0x1d, 0xe7,
    0x3d, 0xe7, 0x3d, 0xe7, 0x3d, 0xe7, 0x1d, 0xe7, 0x5d, 0xef, 0x7b, 0xce, 0xcb, 0x08, 0xd3, 0x8c,
    0xf9, 0xf7, 0x98, 0xe7, 0xb8, 0xe7, 0x96, 0xdf, 0xd2, 0xb6, 0x8a, 0x19, 0x73, 0x84, 0xf9, 0xf7,
    0xb8, 0xe7, 0xb8, 0xe7, 0x93, 0xcf, 0xd0, 0x7c, 0x4b, 0x19, 0xf5, 0xe6, 0xf6, 0xff, 0xb7, 0xff,
    0xd7, 0xff, 0xd3, 0xff, 0xce, 0xd5, 0x2b, 0x11, 0xd4, 0xc5, 0xb7, 0xff, 0x56, 0xff, 0x35, 0xff,
    0xd0, 0xfe, 0x4c, 0x52, 0x51, 0x42, 0x7f, 0xde, 0x3e, 0xd6, 0x3e, 0xd6, 0x1e, 0xd6, 0x3d, 0xbd,
    0x97, 0x7b, 0x4c, 0x19, 0x5b, 0xce, 0x5d, 0xef, 0x3d, 0xef, 0xbf, 0xf7, 0xbb, 0xd6, 0x73, 0x8c,
    0x15, 0xa5, 0xdc, 0xde, 0xdc, 0xde, 0x9e, 0xf7, 0x7d, 0xef, 0xd4, 0x9c, 0x53, 0x8c, 0xd1, 0x31,
    0xd2, 0x52, 0x52, 0x8c, 0x76, 0xad, 0xdf, 0xff, 0x5d, 0xef, 0xdc, 0xde, 0x7a, 0xce, 0xb4, 0x94,
    0xd4, 0x9c, 0x5d, 0xef, 0x9e, 0xf7, 0x5d, 0xef, 0x9c, 0xd6, 0x4c, 0x19, 0x16, 0x6c, 0x9f, 0xae,
    0x7d, 0x7d, 0x9d, 0x85, 0x7d, 0x7d, 0xdf, 0x85, 0x54, 0x43, 0x8d, 0x21, 0x5e, 0xae, 0xfd, 0x95,
    0x9d, 0x85, 0xde, 0x85, 0x38, 0x5c, 0x2c, 0x19, 0xfa, 0xbd, 0x7d, 0xef, 0x1d, 0xe7, 0x3d, 0xe7,
    0x3d, 0xe7, 0x3d, 0xe7, 0x3d, 0xe7, 0x3d, 0xe7, 0x1d, 0xe7, 0x1d, 0xe7, 0x1d, 0xe7, 0x1d, 0xe7,
    0x1d, 0xe7, 0x1d, 0xe7, 0x3d, 0xe7, 0x3d, 0xe7, 0x3d, 0xe7, 0x1d, 0xe7, 0x1d, 0xe7, 0x1d, 0xe7,
    0x1d, 0xe7, 0x1d, 0xe7, 0x1d, 0xe7, 0x1d, 0xe7, 0x3d, 0xe7, 0x3d, 0xe7, 0x3d, 0xe7, 0x1d, 0xe7,
    0x1d, 0xe7, 0x1d, 0xe7, 0x3d, 0xe7, 0x3d, 0xe7, 0x1d, 0xe7, 0x1d, 0xe7, 0x1d, 0xe7, 0x1d, 0xe7,
    0x3d, 0xe7, 0x3d, 0xe7, 0x3d, 0xe7, 0x1d, 0xe7, 0x5d, 0xef, 0x7b, 0xce, 0x2c, 0x19, 0xb1, 0x84,
    0x74, 0xd7, 0x4f, 0xa6, 0x70, 0xae, 0x8f, 0xa6, 0x2f, 0x9e, 0x8b, 0x19, 0x31, 0x74, 0x75, 0xd7,
    0x6f, 0xae, 0x6f, 0xa6, 0xcf, 0xae, 0x6e, 0x6c, 0x2b, 0x19, 0x74, 0xd6, 0x11, 0xff, 0x8d, 0xf6,
    0x8e, 0xf6, 0xed, 0xfe, 0x6d, 0xc5, 0x2b, 0x11, 0x72, 0xbd, 0xb1, 0xfe, 0x8d, 0xed, 0x6c, 0xed,
    0xad, 0xf5, 0x2b, 0x4a, 0x51, 0x3a, 0xdd, 0xcd, 0x9b, 0xa4, 0x1b, 0x94, 0x1b, 0x9c, 0x5c, 0xa4,
    0x16, 0x6b, 0x6c, 0x19, 0x5b, 0xc6, 0x3d, 0xef, 0x3d, 0xe7, 0xbf, 0xf7, 0xbb, 0xd6, 0x73, 0x8c,
    0x15, 0xa5, 0xdc, 0xde, 0xdc, 0xde, 0x9e, 0xf7, 0x7d, 0xef, 0xd4, 0x9c, 0x33, 0x84, 0xd2, 0x31,
    0xd2, 0x52, 0x52, 0x8c, 0x76, 0xad, 0xdf, 0xff, 0x5d, 0xef, 0xdc, 0xde, 0x7a, 0xce, 0xb4, 0x94,
    0xd4, 0x9c, 0x5d, 0xef, 0x9e, 0xf7, 0x5d, 0xef, 0x9c, 0xd6, 0x4c, 0x19, 0x16, 0x6c, 0x9f, 0xae,
    0x5d, 0x75, 0x7d, 0x75, 0x5d, 0x75, 0xbe, 0x7d, 0x55, 0x43, 0x8d, 0x21, 0x3e, 0xa6, 0xde, 0x8d,
    0x5d, 0x75, 0xbe, 0x7d, 0x38, 0x5c, 0x2b, 0x11, 0xfa, 0xbd, 0x7d, 0xef, 0x1d, 0xe7, 0x3d, 0xe7,
    0x3d, 0xe7, 0x3d, 0xe7, 0x3d, 0xe7, 0x1d, 0xe7, 0x1d, 0xe7, 0x1d, 0xe7, 0x1d, 0xe7, 0x1d, 0xe7,
    0x1d, 0xe7, 0x1d, 0xe7, 0x1d, 0xe7, 0x1d, 0xe7, 0x1d, 0xe7, 0x1d, 0xe7, 0x1d, 0xe7, 0x1d, 0xe7,
    0x1d, 0xe7, 0x1d, 0xe7, 0x1d, 0xe7, 0x1d, 0xe7, 0x1d, 0xe7, 0x3d, 0xe7, 0x3d, 0xe7, 0x1d, 0xe7,
    0x3d, 0xe7, 0x3d, 0xe7, 0x3d, 0xe7, 0x3d, 0xe7, 0x1d, 0xe7, 0x1d, 0xe7, 0x1d, 0xe7, 0x1d, 0xe7,
    0x1d, 0xe7, 0x3d, 0xe7, 0x3d, 0xe7, 0x1d, 0xe7, 0x5d, 0xef, 0x7b, 0xce, 0x0c, 0x11, 0xb1, 0x84,
    0x75, 0xd7, 0x4e, 0x9e, 0x4e, 0x9e, 0x6e, 0xa6, 0x2f, 0x9e, 0x8b, 0x19, 0x10, 0x6c, 0x74, 0xcf,
    0x4e, 0x9e, 0x4e, 0x9e, 0xce, 0xa6, 0x6e, 0x6c, 0x2b, 0x19, 0x73, 0xd6, 0x31, 0xff, 0x8c, 0xf6,
    0x8c, 0xf6, 0xcc, 0xfe, 0x6d, 0xc5, 0x0b, 0x11, 0x52, 0xbd, 0x91, 0xfe, 0x2a, 0xed, 0x6b, 0xf5,
    0xac, 0xf5, 0x0b, 0x4a, 0x50, 0x3a, 0xbe, 0xc5, 0x1a, 0x94, 0xba, 0x8b, 0xda, 0x93, 0x1b, 0x9c,
    0xf6, 0x62, 0x4c, 0x19, 0x5b, 0xce, 0x5d, 0xef, 0x3d, 0xe7, 0xbf, 0xf7, 0xbb, 0xd6, 0x73, 0x8c,
    0x15, 0xa5, 0xdc, 0xde, 0xdc, 0xde, 0x9e, 0xf7, 0x7d, 0xef, 0xd4, 0x9c, 0x33, 0x84, 0xd2, 0x31,
    0xd2, 0x52, 0x52, 0x8c, 0x76, 0xad, 0xdf, 0xff, 0x5d, 0xef, 0xdc, 0xde, 0x7a, 0xce, 0xb4, 0x94,
    0xd4, 0x9c, 0x3d, 0xe7, 0x9e, 0xf7, 0x5d, 0xef, 0x9c, 0xd6, 0x4c, 0x19, 0x16, 0x6c, 0x9f, 0xa6,
    0x5d, 0x7d, 0x7d, 0x75, 0x5d, 0x75, 0x9e, 0x7d, 0x35, 0x43, 0x8d, 0x21, 0x5d, 0xa6, 0xfe, 0x95,
    0x5d, 0x75, 0x9e, 0x7d, 0x38, 0x5c, 0x2c, 0x19, 0xfa, 0xbd, 0x5d, 0xef, 0x1d, 0xe7, 0x3d, 0xe7,
    0x3d, 0xe7, 0x1d, 0xe7, 0x1d, 0xe7, 0x1d, 0xe7, 0x1d, 0xe7, 0x1d, 0xe7, 0x1d, 0xe7, 0x1d, 0xe7,
    0x1d, 0xe7, 0x1d, 0xe7, 0x1d, 0xe7, 0x1d, 0xe7, 0x1d, 0xe7, 0x1d, 0xe7, 0x1d, 0xe7, 0x1d, 0xe7,
    0x1d, 0xe7, 0x1d, 0xe7, 0x3d, 0xe7, 0x1d, 0xe7, 0x3d, 0xe7, 0x3d, 0xe7, 0x1d, 0xe7, 0x1d, 0xe7,
    0x3d, 0xe7, 0x3d, 0xe7, 0x1d, 0xe7, 0x1d, 0xe7, 0x1d, 0xe7, 0x1d, 0xe7, 0x1d, 0xe7, 0x1d, 0xe7,
    0x1d, 0xe7, 0x1d, 0xe7, 0x1d, 0xe7, 0x1d, 0xe7, 0x5d, 0xef, 0x7b, 0xce, 0x0c, 0x11, 0x91, 0x7c,
    0x74, 0xcf, 0x4e, 0x9e, 0x6e, 0x9e, 0x6e, 0x9e, 0xee, 0x95, 0x6b, 0x19, 0x10, 0x6c, 0x74, 0xcf,
    0x4f, 0x9e, 0x4e, 0x9e, 0x8e, 0xa6, 0x6d, 0x64, 0x2b, 0x19, 0x73, 0xde, 0x10, 0xff, 0x6c, 0xee,
    0x8c, 0xf6, 0xac, 0xfe, 0x2c, 0xc5, 0x0b, 0x11, 0x51, 0xbd, 0x91, 0xfe, 0x4b, 0xed, 0x4b, 0xed,
    0x6c, 0xf5, 0x0a, 0x4a, 0x51, 0x42, 0x9e, 0xc5, 0x1b, 0x9c, 0xdb, 0x93, 0xfa, 0x93, 0xdb, 0x93,
    0xb5, 0x62, 0x6c, 0x19, 0x5b, 0xce, 0x5d, 0xef, 0x3d, 0xe7, 0xbf, 0xf7, 0xbb, 0xd6, 0x73, 0x8c,
    0x15, 0xa5, 0xdc, 0xde, 0xfc, 0xde, 0x9e, 0xf7, 0x7d, 0xef, 0xd4, 0x9c, 0x33, 0x84, 0xd1, 0x31,
    0xd2, 0x52, 0x52, 0x8c, 0x76, 0xad, 0xdf, 0xff, 0x5d, 0xef, 0xdc, 0xde, 0x7a, 0xce, 0xb4, 0x94,
    0xd4, 0x9c, 0x5d, 0xe7, 0x9e, 0xf7, 0x5d, 0xef, 0x9c, 0xd6, 0x4c, 0x19, 0xd6, 0x5b, 0x1f, 0x8e,
    0x5e, 0x75, 0x7e, 0x75, 0x5e, 0x75, 0x9f, 0x75, 0x75, 0x4b, 0x8e, 0x21, 0x9d, 0x85, 0xbe, 0x7d,
    0x7e, 0x75, 0xbe, 0x7d, 0x39, 0x5c, 0x2c, 0x11, 0xfa, 0xbd, 0x5d, 0xef, 0x1c, 0xe7, 0x3d, 0xe7,
    0x3d, 0xe7, 0x1d, 0xe7, 0x1d, 0xe7, 0x1d, 0xe7, 0x1d, 0xe7, 0x1d, 0xe7, 0x1d, 0xe7, 0x1d, 0xe7,
    0x1d, 0xe7, 0x1d, 0xe7, 0x1d, 0xe7, 0x1d, 0xe7, 0x1d, 0xe7, 0x1d, 0xe7, 0x1d, 0xe7, 0x1d, 0xe7,
    0x1d, 0xe7, 0x1d, 0xe7, 0x3d, 0xe7, 0x1d, 0xe7, 0x1d, 0xe7, 0x1d, 0xe7, 0x1d, 0xe7, 0x1d, 0xe7,
    0x1d, 0xe7, 0x1d, 0xe7, 0x1d, 0xe7, 0x1d, 0xe7, 0x1d, 0xe7, 0x1d, 0xe7, 0x1d, 0xe7, 0x1d, 0xe7,
    0x1d, 0xe7, 0x1d, 0xe7, 0x1d, 0xe7, 0x1d, 0xe7, 0x5d, 0xef, 0x7b, 0xce, 0x2c, 0x11, 0x6e, 0x6c,
    0x2f, 0xb7, 0x6d, 0x9e, 0x8d, 0x9e, 0x8e, 0x9e, 0x2e, 0x96, 0x6a, 0x19, 0xee, 0x63, 0x30, 0xbf,
    0x6e, 0x9e, 0x6e, 0x9e, 0xce, 0xa6, 0x8d, 0x6c, 0x4b, 0x19, 0x2f, 0xe6, 0xed, 0xfe, 0x8c, 0xfe,
    0xac, 0xfe, 0xec, 0xfe, 0x4c, 0xcd, 0x0b, 0x11, 0xcd, 0xc4, 0x0d, 0xfe, 0x4a, 0xfd, 0x6a, 0xfd,
    0x8b, 0xfd, 0x2a, 0x4a, 0xf1, 0x39, 0x5c, 0xa4, 0xbb, 0x93, 0x9b, 0x93, 0x9a, 0x93, 0xbb, 0x9b,
    0xb6, 0x6a, 0x6c, 0x19, 0x5b, 0xce, 0x3d, 0xef, 0x3d, 0xe7, 0xbf, 0xf7, 0xbb, 0xd6, 0x73, 0x8c,
    0x15, 0xa5, 0xdc, 0xde, 0xdc, 0xde, 0x9e, 0xf7, 0x7d, 0xef, 0xd4, 0x9c, 0x33, 0x84, 0xd2, 0x31,
    0xd2, 0x52, 0x52, 0x8c, 0x76, 0xad, 0xdf, 0xff, 0x5d, 0xef, 0xdc, 0xde, 0x7a, 0xce, 0xb4, 0x94,
    0xd4, 0x9c, 0x5d, 0xe7, 0x9e, 0xf7, 0x5e, 0xef, 0x9b, 0xd6, 0x6c, 0x21, 0xd3, 0x3a, 0x79, 0x64,
    0x19, 0x54, 0x39, 0x54, 0x19, 0x5c, 0x59, 0x5c, 0xb2, 0x32, 0x8d, 0x19, 0xf8, 0x5b, 0x39, 0x5c,
    0x18, 0x54, 0x59, 0x5c, 0x75, 0x4b, 0x2c, 0x11, 0xfa, 0xbd, 0x5e, 0xef, 0x1d, 0xe7, 0x3d, 0xe7,
    0x3d, 0xe7, 0x1d, 0xe7, 0x3d, 0xe7, 0x1d, 0xe7, 0x1d, 0xe7, 0x1d, 0xe7, 0x1d, 0xe7, 0x1d, 0xe7,
    0x1d, 0xe7, 0x1d, 0xe7, 0x1d, 0xe7, 0x1d, 0xe7, 0x1d, 0xe7, 0x1d, 0xe7, 0x1d, 0xe7, 0x1d, 0xe7,
    0x1d, 0xe7, 0x1d, 0xe7, 0x1d, 0xe7, 0x1d, 0xe7, 0x3d, 0xe7, 0x1d, 0xe7, 0x1d, 0xe7, 0x1d, 0xe7,
    0x1d, 0xe7, 0x1d, 0xe7, 0x1d, 0xe7, 0x1d, 0xe7, 0x1d, 0xe7, 0x1d, 0xe7, 0x1d, 0xe7, 0x1d, 0xe7,
    0x1d, 0xe7, 0x1d, 0xe7, 0x1d, 0xe7, 0x1d, 0xe7, 0x5d, 0xef, 0x7b, 0xce, 0x4c, 0x19, 0x0d, 0x4b,
    0xad, 0x6c, 0x4d, 0x64, 0x4d, 0x64, 0x6d, 0x6c, 0x2d, 0x64, 0x6b, 0x19, 0xcd, 0x42, 0xad, 0x6c,
    0x4c, 0x64, 0x4d, 0x6c, 0x8d, 0x6c, 0x2c, 0x43, 0x2b, 0x19, 0x0d, 0x8c, 0xac, 0xa4, 0x4c, 0xa4,
    0x4c, 0xa4, 0x8c, 0xac, 0xac, 0x83, 0x2c, 0x19, 0x2c, 0x7b, 0xec, 0xa3, 0x8b, 0x9b, 0xab, 0x9b,
    0xcc, 0x9b, 0xcb, 0x39, 0x8f, 0x29, 0xd5, 0x62, 0x94, 0x5a, 0x74, 0x5a, 0x74, 0x5a, 0xb5, 0x62,
    0x32, 0x4a, 0x6c, 0x19, 0x5b, 0xc6, 0x5d, 0xef, 0x3d, 0xe7, 0xbf, 0xf7, 0xbb, 0xd6, 0x72, 0x8c,
    0x15, 0xa5, 0xdc, 0xde, 0xdc, 0xde, 0x9e, 0xf7, 0x7d, 0xef, 0xd4, 0x9c, 0x33, 0x84, 0xd2, 0x31,
    0xd2, 0x52, 0x52, 0x84, 0x76, 0xad, 0xdf, 0xff, 0x5d, 0xef, 0xdc, 0xde, 0x7a, 0xce, 0xb4, 0x94,
    0xd4, 0x9c, 0x5d, 0xe7, 0x9e, 0xf7, 0x5d, 0xef, 0x9b, 0xd6, 0xad, 0x29, 0x2c, 0x11, 0x4c, 0x11,
    0x2c, 0x19, 0x2b, 0x11, 0x4c, 0x11, 0x4d, 0x19, 0x2c, 0x19, 0x4c, 0x19, 0x2c, 0x11, 0x2c, 0x11,
    0x0c, 0x11, 0x2c, 0x11, 0x4c, 0x19, 0x4c, 0x19, 0xf9, 0xbd, 0x7e, 0xef, 0x1d, 0xe7, 0x3d, 0xe7,
    0x3d, 0xe7, 0x3d, 0xe7, 0x1d, 0xe7, 0x1d, 0xe7, 0x1d, 0xe7, 0x1d, 0xe7, 0x1d, 0xe7, 0x1d, 0xe7,
    0x1d, 0xe7, 0x1d, 0xe7, 0x1d, 0xe7, 0x1d, 0xe7, 0x1d, 0xe7, 0x1d, 0xe7, 0x1d, 0xe7, 0x1d, 0xe7,
    0x1d, 0xe7, 0x1d, 0xe7, 0x1d, 0xe7, 0x1d, 0xe7, 0x1d, 0xe7, 0x3d, 0xe7, 0x3d, 0xe7, 0x1d, 0xe7,
    0x1d, 0xe7, 0x1d, 0xe7, 0x1d, 0xe7, 0x1d, 0xe7, 0x1d, 0xe7, 0x1d, 0xe7, 0x1d, 0xe7, 0x1d, 0xe7,
    0x1d, 0xe7, 0x1d, 0xe7, 0x1d, 0xe7, 0x1d, 0xe7, 0x5d, 0xef, 0x5b, 0xce, 0x6d, 0x21, 0x2b, 0x11,
    0x2c, 0x11, 0x2b, 0x11, 0x0b, 0x11, 0x2b, 0x11, 0x2b, 0x11, 0x6d, 0x19, 0x4c, 0x11, 0x0b, 0x11,
    0x2b, 0x11, 0x2b, 0x11, 0x2b, 0x11, 0x2c, 0x19, 0x4d, 0x19, 0x2c, 0x11, 0x0b, 0x11, 0x0b, 0x11,
    0x0b, 0x11, 0x0b, 0x11, 0x2c, 0x11, 0x6d, 0x19, 0x2c, 0x19, 0x2b, 0x11, 0x0c, 0x11, 0x2b, 0x11,
    0x2c, 0x11, 0x4c, 0x19, 0x4c, 0x19, 0x2c, 0x11, 0x2c, 0x11, 0x2b, 0x11, 0x2c, 0x11, 0x4c, 0x19,
    0x2c, 0x11, 0x8d, 0x19, 0x3a, 0xc6, 0x3d, 0xef, 0x3d, 0xe7, 0xbf, 0xf7, 0xbb, 0xd6, 0x73, 0x8c,
    0x15, 0xa5, 0xdc, 0xde, 0xdc, 0xde, 0x9e, 0xf7, 0x7d, 0xef, 0xd4, 0x9c, 0x33, 0x84, 0xd2, 0x31,
    0xd2, 0x52, 0x32, 0x84, 0x76, 0xad, 0xdf, 0xff, 0x5d, 0xef, 0xdc, 0xde, 0x7a, 0xce, 0xb4, 0x94,
    0xd4, 0x9c, 0x5d, 0xef, 0x9e, 0xf7, 0x5d, 0xef, 0xbc, 0xd6, 0x6c, 0x19, 0x94, 0x63, 0xfb, 0xa5,
    0x7a, 0x9d, 0xba, 0xa5, 0x9a, 0x95, 0x3b, 0x85, 0x33, 0x43, 0x8d, 0x19, 0x7a, 0x9d, 0xbb, 0xa5,
    0x9a, 0x9d, 0x7b, 0x95, 0xf6, 0x63, 0x0b, 0x11, 0xf9, 0xbd, 0x5e, 0xef, 0x1d, 0xe7, 0x3d, 0xe7,
    0x3d, 0xe7, 0x3d, 0xe7, 0x1d, 0xe7, 0x1d, 0xe7, 0x1d, 0xe7, 0x1d, 0xe7, 0x1d, 0xe7, 0x1d, 0xe7,
    0x1d, 0xe7, 0x1d, 0xe7, 0x1d, 0xe7, 0x1d, 0xe7, 0x1d, 0xe7, 0x1d, 0xe7, 0x1d, 0xe7, 0x1d, 0xe7,
    0x1d, 0xe7, 0x1d, 0xe7, 0x3d, 0xe7, 0x3d, 0xe7, 0x3d, 0xe7, 0x1d, 0xe7, 0x1d, 0xe7, 0x1d, 0xe7,
    0x1d, 0xe7, 0x1d, 0xe7, 0x1d, 0xe7, 0x1d, 0xe7, 0x1d, 0xe7, 0x1d, 0xe7, 0x1d, 0xe7, 0x1d, 0xe7,
    0x1d, 0xe7, 0x1d, 0xe7, 0x1d, 0xe7, 0x1d, 0xe7, 0x5d, 0xef, 0x7b, 0xce, 0x2b, 0x11, 0x11, 0x74,
    0x97, 0xc6, 0x36, 0xb6, 0x56, 0xb6, 0x34, 0xae, 0x71, 0x95, 0x6b, 0x19, 0x90, 0x63, 0x96, 0xbe,
    0x36, 0xb6, 0x36, 0xb6, 0x32, 0xa6, 0x0f, 0x64, 0x4b, 0x19, 0x94, 0xb5, 0x96, 0xd6, 0x55, 0xd6,
    0x75, 0xce, 0x52, 0xd6, 0xee, 0xa4, 0x0b, 0x11, 0xb2, 0x9c, 0x55, 0xd6, 0xf4, 0xcd, 0xf4, 0xcd,
    0x91, 0xd5, 0x2c, 0x42, 0x30, 0x3a, 0x3a, 0xad, 0x3a, 0xad, 0x3a, 0xad, 0x1a, 0xa5, 0x79, 0x94,
    0x14, 0x63, 0x6c, 0x19, 0x5b, 0xce, 0x5d, 0xef, 0x3d, 0xe7, 0xbf, 0xf7, 0xbb, 0xd6, 0x73, 0x8c,
    0x15, 0xa5, 0xdc, 0xde, 0xfc, 0xde, 0x9e, 0xf7, 0x7d, 0xef, 0xd4, 0x9c, 0x33, 0x8c, 0xd2, 0x31,
    0xd2, 0x52, 0x32, 0x84, 0x76, 0xad, 0xdf, 0xff, 0x5d, 0xef, 0xdc, 0xde, 0x7a, 0xce, 0xb4, 0x94,
    0xd4, 0x9c, 0x5d, 0xe7, 0x9e, 0xf7, 0x5d, 0xef, 0x9c, 0xd6, 0x4b, 0x19, 0x57, 0x74, 0x5f, 0xc7,
    0x9f, 0xae, 0x9f, 0xae, 0x7f, 0xae, 0x5f, 0x9e, 0x96, 0x53, 0xad, 0x21, 0x9e, 0xbe, 0xdf, 0xbe,
    0x9f, 0xb6, 0x7f, 0xa6, 0x99, 0x6c, 0x0b, 0x11, 0xf9, 0xbd, 0x5d, 0xef, 0x1d, 0xe7, 0x3d, 0xe7,
    0x3d, 0xe7, 0x3d, 0xe7, 0x1d, 0xe7, 0x1d, 0xe7, 0x1d, 0xe7, 0x1d, 0xe7, 0x3d, 0xe7, 0x1d, 0xe7,
    0x1d, 0xe7, 0x1d, 0xe7, 0x1d, 0xe7, 0x1d, 0xe7, 0x1d, 0xe7, 0x1d, 0xe7, 0x1d, 0xe7, 0x1d, 0xe7,
    0x1d, 0xe7, 0x1d, 0xe7, 0x3d, 0xe7, 0x3d, 0xe7, 0x3d, 0xe7, 0x1d, 0xe7, 0x3d, 0xe7, 0x3d, 0xe7,
    0x1d, 0xe7, 0x1d, 0xe7, 0x1d, 0xe7, 0x1d, 0xe7, 0x1d, 0xe7, 0x1d, 0xe7, 0x1d, 0xe7, 0x1d, 0xe7,
    0x1d, 0xe7, 0x1d, 0xe7, 0x1d, 0xe7, 0x1d, 0xe7, 0x5d, 0xef, 0x7b, 0xce, 0x0c, 0x11, 0xd2, 0x8c,
    0xf7, 0xe7, 0x14, 0xc7, 0x55, 0xcf, 0x33, 0xc7, 0x91, 0xae, 0x6b, 0x19, 0x31, 0x74, 0xf8, 0xe7,
    0x34, 0xc7, 0x35, 0xcf, 0x31, 0xbf, 0xcf, 0x74, 0x4c, 0x19, 0xd5, 0xe6, 0xd4, 0xff, 0x53, 0xff,
    0x53, 0xff, 0x70, 0xff, 0xad, 0xcd, 0x0b, 0x11, 0x92, 0xbd, 0x55, 0xff, 0xb2, 0xfe, 0x71, 0xfe,
    0x4f, 0xfe, 0x6b, 0x4a, 0x51, 0x42, 0x5f, 0xd6, 0x9d, 0xbd, 0x5d, 0xbd, 0x7d, 0xbd, 0xdc, 0xac,
    0x57, 0x73, 0x4c, 0x19, 0x5b, 0xc6, 0x5d, 0xef, 0x3d, 0xe7, 0xbf, 0xf7, 0xbb, 0xd6, 0x73, 0x8c,
    0x15, 0xa5, 0xdc, 0xde, 0xfc, 0xde, 0x9e, 0xf7, 0x7d, 0xef, 0xd4, 0x9c, 0x33, 0x8c, 0xd2, 0x31,
    0xd2, 0x52, 0x52, 0x8c, 0x76, 0xad, 0xdf, 0xff, 0x5d, 0xef, 0xdc, 0xde, 0x7a, 0xce, 0xb4, 0x94,
    0xd4, 0x9c, 0x5d, 0xe7, 0x9e, 0xf7, 0x5d, 0xef, 0xbb, 0xd6, 0x4c, 0x19, 0x16, 0x6c, 0x9f, 0xae,
    0x3d, 0x75, 0x5d, 0x75, 0x3d, 0x75, 0xbe, 0x85, 0x55, 0x43, 0x8d, 0x21, 0x3d, 0xa6, 0xde, 0x8d,
    0x3d, 0x75, 0x9e, 0x7d, 0x38, 0x5c, 0x0b, 0x11, 0xf9, 0xbd, 0x5d, 0xef, 0x1d, 0xe7, 0x3d, 0xe7,
    0x3d, 0xe7, 0x3d, 0xe7, 0x3d, 0xe7, 0x3d, 0xe7, 0x1d, 0xe7, 0x1d, 0xe7, 0x3d, 0xe7, 0x3d, 0xe7,
    0x1d, 0xe7, 0x1d, 0xe7, 0x1d, 0xe7, 0x1d, 0xe7, 0x1d, 0xe7, 0x1d, 0xe7, 0x1d, 0xe7, 0x1d, 0xe7,
    0x1d, 0xe7, 0x1d, 0xe7, 0x1d, 0xe7, 0x1d, 0xe7, 0x1d, 0xe7, 0x1d, 0xe7, 0x1d, 0xe7, 0x1d, 0xe7,
    0x3d, 0xe7, 0x1d, 0xe7, 0x3d, 0xe7, 0x3d, 0xe7, 0x1d, 0xe7, 0x1d, 0xe7, 0x1d, 0xe7, 0x1d, 0xe7,
    0x1d, 0xe7, 0x1d, 0xe7, 0x1d, 0xe7, 0x1d, 0xe7, 0x5d, 0xef, 0x7b, 0xce, 0x0c, 0x11, 0xb1, 0x7c,
    0x54, 0xcf, 0x2e, 0x9e, 0x4e, 0x9e, 0x6e, 0xa6, 0x0f, 0x96, 0x6a, 0x19, 0x11, 0x74, 0x75, 0xcf,
    0x4e, 0x9e, 0x2d, 0x9e, 0xae, 0xa6, 0x6e, 0x6c, 0x2b, 0x19, 0x74, 0xde, 0x11, 0xff, 0x4b, 0xf6,
    0x4c, 0xf6, 0xcc, 0xfe, 0x6d, 0xc5, 0x2b, 0x11, 0x52, 0xbd, 0x90, 0xfe, 0x2a, 0xe5, 0x4a, 0xed,
    0x8c, 0xf5, 0x2b, 0x4a, 0x51, 0x3a, 0xbe, 0xc5, 0x1a, 0x9c, 0xba, 0x8b, 0xba, 0x8b, 0x1b, 0x9c,
    0x16, 0x6b, 0x4c, 0x19, 0x5b, 0xce, 0x5d, 0xef, 0x3d, 0xe7, 0xbf, 0xf7, 0xbb, 0xd6, 0x73, 0x8c,
    0x15, 0xa5, 0xdc, 0xde, 0xfc, 0xde, 0x9e, 0xf7, 0x7d, 0xef, 0xd4, 0x9c, 0x53, 0x8c, 0xd2, 0x31,
    0xd2, 0x52, 0x52, 0x8c, 0x76, 0xad, 0xdf, 0xff, 0x5d, 0xef, 0xdc, 0xde, 0x7a, 0xce, 0xb4, 0x94,
    0xd4, 0x9c, 0x5d, 0xe7, 0x9e, 0xf7, 0x5d, 0xef, 0xbc, 0xd6, 0x4c, 0x19, 0x36, 0x6c, 0xbf, 0xae,
    0x3c, 0x75, 0x7d, 0x7d, 0x5d, 0x75, 0xbe, 0x7d, 0x55, 0x43, 0x8d, 0x21, 0x3d, 0xae, 0xfe, 0x95,
    0x5d, 0x75, 0xbe, 0x7d, 0x38, 0x5c, 0x2b, 0x11, 0xf9, 0xbd, 0x5d, 0xef, 0x1d, 0xe7, 0x3d, 0xe7,
    0x3d, 0xe7, 0x3d, 0xe7, 0x3d, 0xe7, 0x3d, 0xe7, 0x1d, 0xe7, 0x1d, 0xe7, 0x3d, 0xe7, 0x3d, 0xe7,
    0x1d, 0xe7, 0x1d, 0xe7, 0x1d, 0xe7, 0x1d, 0xe7, 0x1d, 0xe7, 0x1d, 0xe7, 0x1d, 0xe7, 0x1d, 0xe7,
    0x1d, 0xe7, 0x1d, 0xe7, 0x1d, 0xe7, 0x1d, 0xe7, 0x1d, 0xe7, 0x1d, 0xe7, 0x3d, 0xe7, 0x3d, 0xe7,
    0x3d, 0xe7, 0x1d, 0xe7, 0x3d, 0xe7, 0x3d, 0xe7, 0x1d, 0xe7, 0x1d, 0xe7, 0x1d, 0xe7, 0x1d, 0xe7,
    0x1d, 0xe7, 0x1d, 0xe7, 0x1d, 0xe7, 0x1d, 0xe7, 0x5d, 0xef, 0x7b, 0xce, 0x0c, 0x11, 0xb1, 0x84,
    0x94, 0xd7, 0x4e, 0x9e, 0x6e, 0x9e, 0x8e, 0xa6, 0x2f, 0x96, 0x6b, 0x19, 0x11, 0x74, 0x95, 0xd7,
    0x4e, 0x9e, 0x6e, 0x9e, 0xae, 0xa6, 0x6d, 0x6c, 0x2b, 0x19, 0x94, 0xde, 0x31, 0xff, 0x8c, 0xf6,
    0x8c, 0xf6, 0xcc, 0xfe, 0x6d, 0xc5, 0x0b, 0x11, 0x72, 0xbd, 0x91, 0xfe, 0x4b, 0xed, 0x6b, 0xf5,
    0xac, 0xf5, 0x0b, 0x4a, 0x51, 0x42, 0xdd, 0xc5, 0x3a, 0x9c, 0xda, 0x93, 0xfb, 0x93, 0x1b, 0x9c,
    0xf6, 0x6a, 0x4c, 0x19, 0x5b, 0xce, 0x5d, 0xef, 0x3d, 0xe7, 0xbf, 0xf7, 0xbb, 0xd6, 0x73, 0x8c,
    0x15, 0xa5, 0xdc, 0xde, 0xfc, 0xde, 0x9e, 0xf7, 0x7e, 0xef, 0xd4, 0x9c, 0x53, 0x8c, 0xd2, 0x31,
    0xd2, 0x52, 0x52, 0x8c, 0x76, 0xad, 0xdf, 0xff, 0x5d, 0xef, 0xdc, 0xde, 0x7a, 0xce, 0xb4, 0x94,
    0xd4, 0x9c, 0x5d, 0xe7, 0x9e, 0xf7, 0x5d, 0xef, 0x9c, 0xd6, 0x4c, 0x21, 0xf6, 0x63, 0x7f, 0x9e,
    0x3d, 0x75, 0x5d, 0x75, 0x5d, 0x75, 0x7e, 0x75, 0x34, 0x43, 0x8d, 0x21, 0x1d, 0x9e, 0xde, 0x85,
    0x3d, 0x75, 0x7e, 0x7d, 0x18, 0x5c, 0x2b, 0x11, 0xf9, 0xbd, 0x5d, 0xef, 0x1c, 0xe7, 0x1c, 0xe7,
    0x1c, 0xe7, 0x1c, 0xe7, 0x1c, 0xe7, 0x1c, 0xe7, 0x1c, 0xe7, 0x1c, 0xe7, 0x1c, 0xe7, 0x1d, 0xe7,
    0x1d, 0xe7, 0x1c, 0xe7, 0x1c, 0xe7, 0x1c, 0xe7, 0x1d, 0xe7, 0x1d, 0xe7, 0x1c, 0xe7, 0x1c, 0xe7,
    0x1c, 0xe7, 0x1c, 0xe7, 0x1c, 0xe7, 0x1c, 0xe7, 0x1c, 0xe7, 0x1c, 0xe7, 0x1c, 0xe7, 0x1c, 0xe7,
    0x1c, 0xe7, 0x1c, 0xe7, 0x1c, 0xe7, 0x1c, 0xe7, 0x1c, 0xe7, 0x1c, 0xe7, 0x1c, 0xe7, 0x1c, 0xe7,
    0x1c, 0xe7, 0x1c, 0xe7, 0x1c, 0xe7, 0x1c, 0xe7, 0x3d, 0xef, 0x7b, 0xce, 0x2c, 0x11, 0x90, 0x7c,
    0x53, 0xc7, 0x2e, 0x96, 0x4e, 0x9e, 0x4d, 0x9e, 0xee, 0x8d, 0x6a, 0x19, 0xef, 0x6b, 0x73, 0xcf,
    0x2e, 0x9e, 0x4d, 0x9e, 0x8e, 0x9e, 0x4d, 0x64, 0x4b, 0x19, 0x52, 0xde, 0xef, 0xfe, 0x6c, 0xee,
    0x6c, 0xf6, 0x8c, 0xfe, 0x0c, 0xbd, 0x0b, 0x11, 0x31, 0xbd, 0x50, 0xfe, 0x2a, 0xed, 0x2a, 0xed,
    0x4b, 0xf5, 0x0b, 0x4a, 0x31, 0x3a, 0x9e, 0xc5, 0xfa, 0x93, 0xba, 0x8b, 0xdb, 0x93, 0xbb, 0x93,
    0xb5, 0x62, 0x4c, 0x19, 0x5a, 0xce, 0x3d, 0xef, 0x3d, 0xe7, 0xdf, 0xf7, 0xbb, 0xd6, 0x73, 0x8c,
    0x15, 0xa5, 0xdc, 0xde, 0xfc, 0xde, 0x9e, 0xf7, 0x7e, 0xef, 0xd4, 0x9c, 0x53, 0x8c, 0xd2, 0x31,
    0xd2, 0x52, 0x32, 0x8c, 0x76, 0xad, 0xdf, 0xff, 0x5d, 0xef, 0xdc, 0xde, 0x7a, 0xce, 0xb4, 0x94,
    0xd4, 0x9c, 0x5d, 0xe7, 0x9e, 0xf7, 0x5d, 0xef, 0x9c, 0xd6, 0x4b, 0x19, 0x75, 0x4b, 0xdf, 0x85,
    0x5e, 0x75, 0x7e, 0x75, 0x5e, 0x75, 0x9f, 0x7d, 0x35, 0x43, 0xae, 0x19, 0x7d, 0x7d, 0x9e, 0x7d,
    0x5e, 0x75, 0xbf, 0x7d, 0x18, 0x54, 0x0b, 0x11, 0x5b, 0xce, 0xdf, 0xff, 0x7e, 0xf7, 0x9e, 0xf7,
    0x9e, 0xf7, 0x9e, 0xf7, 0x9e, 0xf7, 0x9e, 0xf7, 0x9e, 0xf7, 0x9e, 0xf7, 0x9e, 0xf7, 0x9e, 0xf7,
    0x9e, 0xf7, 0x7e, 0xf7, 0x7e, 0xf7, 0x9e, 0xf7, 0x9e, 0xf7, 0x9e, 0xf7, 0x9e, 0xf7, 0x9e, 0xf7,
    0x9e, 0xf7, 0x7e, 0xf7, 0x9e, 0xf7, 0x9e, 0xf7, 0x9e, 0xf7, 0x9e, 0xf7, 0x9e, 0xf7, 0x9e, 0xf7,
    0x7e, 0xf7, 0x7e, 0xf7, 0x9e, 0xf7, 0x9e, 0xf7, 0x9e, 0xf7, 0x9e, 0xf7, 0x9e, 0xf7, 0x9e, 0xf7,
    0x9e, 0xf7, 0x9e, 0xf7, 0x9e, 0xf7, 0x7e, 0xf7, 0xbf, 0xff, 0xdc, 0xde, 0x2c, 0x11, 0x4e, 0x6c,
    0xee, 0xae, 0x6e, 0x9e, 0x6e, 0x9e, 0x8e, 0x9e, 0x2e, 0x96, 0x8a, 0x19, 0xee, 0x5b, 0xef, 0xb6,
    0x6e, 0x9e, 0x6d, 0x9e, 0xce, 0xa6, 0x6d, 0x64, 0x4b, 0x19, 0x0e, 0xde, 0xcd, 0xfe, 0x6c, 0xfe,
    0x6c, 0xfe, 0xcc, 0xfe, 0x4c, 0xcd, 0x0b, 0x11, 0x8d, 0xbc, 0xcc, 0xfd, 0x4a, 0xfd, 0x4b, 0xf5,
    0x6b, 0xfd, 0x2a, 0x4a, 0xd1, 0x31, 0x1b, 0x9c, 0x9b, 0x93, 0x9b, 0x93, 0x9a, 0x93, 0xbb, 0x9b,
    0xb6, 0x62, 0x4c, 0x19, 0x5a, 0xce, 0x3d, 0xef, 0x3d, 0xe7, 0xbf, 0xf7, 0xbb, 0xd6, 0x73, 0x8c,
    0x15, 0xa5, 0xdc, 0xde, 0xfc, 0xde, 0x9e, 0xf7, 0x7e, 0xef, 0xd4, 0x9c, 0x33, 0x84, 0xd2, 0x31,
    0xb2, 0x52, 0x52, 0x8c, 0x76, 0xad, 0xdf, 0xff, 0x5d, 0xef, 0xdc, 0xde, 0x7a, 0xce, 0xb4, 0x94,
    0xd4, 0x9c, 0x5d, 0xe7, 0x9e, 0xf7, 0x5d, 0xef, 0x9b, 0xd6, 0x8d, 0x21, 0x10, 0x2a, 0xd3, 0x3a,
    0x93, 0x32, 0xb2, 0x32, 0xb2, 0x32, 0xd3, 0x32, 0x0f, 0x2a, 0x6d, 0x19, 0xb2, 0x32, 0xb3, 0x32,
    0xb3, 0x32, 0xd3, 0x32, 0x30, 0x2a, 0x2c, 0x19, 0xf1, 0x52, 0x72, 0x63, 0x52, 0x63, 0x52, 0x63,
    0x52, 0x63, 0x72, 0x63, 0x92, 0x63, 0x72, 0x63, 0x52, 0x63, 0x52, 0x63, 0x52, 0x63, 0x72, 0x63,
    0x72, 0x63, 0x72, 0x63, 0x92, 0x63, 0x52, 0x63, 0x52, 0x63, 0x52, 0x63, 0x52, 0x63, 0x52, 0x63,
    0x72, 0x63, 0x73, 0x6b, 0x72, 0x63, 0x52, 0x63, 0x52, 0x63, 0x52, 0x63, 0x72, 0x63, 0x72, 0x63,
    0x92, 0x6b, 0x72, 0x63, 0x52, 0x63, 0x52, 0x63, 0x52, 0x63, 0x52, 0x63, 0x52, 0x63, 0x93, 0x6b,
    0x72, 0x63, 0x52, 0x63, 0x52, 0x63, 0x52, 0x63, 0x72, 0x63, 0x11, 0x5b, 0x2c, 0x19, 0x6c, 0x32,
    0x2c, 0x43, 0xec, 0x42, 0xec, 0x42, 0x0c, 0x43, 0xcc, 0x42, 0x6c, 0x19, 0x0c, 0x2a, 0xcc, 0x42,
    0xab, 0x3a, 0xab, 0x3a, 0xec, 0x42, 0x2c, 0x2a, 0x4b, 0x19, 0xac, 0x52, 0xcb, 0x5a, 0x8b, 0x5a,
    0xaa, 0x52, 0xab, 0x5a, 0x6c, 0x4a, 0x4c, 0x19, 0x2b, 0x42, 0x4b, 0x5a, 0x4a, 0x52, 0x4b, 0x5a,
    0x4b, 0x5a, 0x8b, 0x29, 0x8e, 0x21, 0xf1, 0x41, 0xf1, 0x41, 0xf1, 0x41, 0xd1, 0x39, 0x11, 0x42,
    0xd0, 0x39, 0x6c, 0x19, 0x5b, 0xc6, 0x5d, 0xef, 0x3d, 0xe7, 0xbf, 0xf7, 0xbb, 0xd6, 0x73, 0x8c,
    0x15, 0xa5, 0xdc, 0xde, 0xfc, 0xde, 0x9e, 0xf7, 0x7d, 0xef, 0xd4, 0x9c, 0x33, 0x84, 0xd2, 0x31,
    0xb2, 0x52, 0x52, 0x8c, 0x97, 0xad, 0xdf, 0xff, 0x5d, 0xef, 0xdc, 0xde, 0x7a, 0xce, 0x93, 0x94,
    0xd4, 0x9c, 0x5d, 0xe7, 0x9e, 0xf7, 0x5d, 0xef, 0x9b, 0xd6, 0x8d, 0x21, 0x8d, 0x19, 0x0e, 0x2a,
    0xee, 0x31, 0xee, 0x29, 0xee, 0x29, 0xef, 0x29, 0x8d, 0x21, 0x4c, 0x19, 0xee, 0x29, 0xee, 0x29,
    0xee, 0x31, 0xee, 0x29, 0xae, 0x21, 0x4c, 0x19, 0xad, 0x21, 0xad, 0x21, 0xce, 0x29, 0xce, 0x21,
    0xae, 0x19, 0x4d, 0x19, 0xeb, 0x08, 0xad, 0x21, 0xee, 0x29, 0xce, 0x21, 0xce, 0x29, 0xce, 0x21,
    0xae, 0x19, 0x2d, 0x11, 0x0b, 0x11, 0xce, 0x29, 0xce, 0x29, 0xce, 0x21, 0xce, 0x29, 0xae, 0x21,
    0x8e, 0x19, 0xcb, 0x08, 0x6d, 0x21, 0xee, 0x29, 0xce, 0x21, 0xce, 0x21, 0xce, 0x21, 0xaf, 0x21,
    0xeb, 0x08, 0x6c, 0x19, 0xee, 0x29, 0xce, 0x21, 0xae, 0x29, 0xce, 0x21, 0xae, 0x19, 0x0b, 0x11,
    0x6d, 0x19, 0xee, 0x29, 0xce, 0x29, 0xce, 0x29, 0xce, 0x21, 0xce, 0x21, 0x4c, 0x19, 0xac, 0x21,
    0x0e, 0x32, 0x0d, 0x32, 0x0d, 0x32, 0xed, 0x29, 0xec, 0x29, 0x4c, 0x19, 0xad, 0x29, 0x2d, 0x32,
    0x0d, 0x32, 0x0d, 0x32, 0x0c, 0x32, 0xad, 0x21, 0x2c, 0x19, 0xed, 0x31, 0x2d, 0x32, 0x0d, 0x3a,
    0x2e, 0x3a, 0x0c, 0x3a, 0xcc, 0x31, 0x4c, 0x19, 0xcc, 0x31, 0x0d, 0x3a, 0x0d, 0x32, 0x0d, 0x32,
    0xec, 0x39, 0x6d, 0x21, 0x6c, 0x19, 0xee, 0x29, 0xee, 0x31, 0xee, 0x29, 0xcd, 0x29, 0xcf, 0x29,
    0x8e, 0x21, 0x8c, 0x19, 0x5a, 0xc6, 0x5d, 0xef, 0x3d, 0xe7, 0xbf, 0xf7, 0xbb, 0xd6, 0x73, 0x8c,
    0x15, 0xa5, 0xdc, 0xde, 0xfc, 0xde, 0x9e, 0xf7, 0x7d, 0xef, 0xd4, 0x9c, 0x33, 0x84, 0xd1, 0x31,
    0xb2, 0x52, 0x52, 0x8c, 0x76, 0xad, 0xdf, 0xff, 0x5d, 0xef, 0xdc, 0xde, 0x7a, 0xce, 0x93, 0x94,
    0xd4, 0x9c, 0x5d, 0xe7, 0x9e, 0xf7, 0x5d, 0xef, 0x9c, 0xd6, 0x4c, 0x19, 0x36, 0x74, 0x3f, 0xcf,
    0xbe, 0xbe, 0xdf, 0xc6, 0xbe, 0xbe, 0x5f, 0x9e, 0xb5, 0x53, 0xad, 0x21, 0x7e, 0xb6, 0xde, 0xc6,
    0xdf, 0xc6, 0x7f, 0xae, 0xb9, 0x74, 0x2c, 0x11, 0xbb, 0x9d, 0x1f, 0xcf, 0xde, 0xc6, 0xdf, 0xc6,
    0x5e, 0xa6, 0x79, 0x6c, 0x6c, 0x19, 0xdc, 0xa5, 0xff, 0xc6, 0xbf, 0xc6, 0xdf, 0xc6, 0xbf, 0xb6,
    0x3e, 0x9e, 0x34, 0x43, 0x0e, 0x32, 0xbe, 0xbe, 0xdf, 0xc6, 0xdf, 0xc6, 0xdf, 0xbe, 0x5e, 0xa6,
    0x1b, 0x7d, 0x2c, 0x11, 0x19, 0x8d, 0x3f, 0xcf, 0xdf, 0xbe, 0xfe, 0xc6, 0xbe, 0xae, 0x5c, 0x85,
    0x4d, 0x11, 0x97, 0x7c, 0x3f, 0xcf, 0xbf, 0xbe, 0xdf, 0xc6, 0x9f, 0xae, 0x7c, 0x8d, 0x6d, 0x19,
    0x36, 0x74, 0x3f, 0xcf, 0xdf, 0xbe, 0xdf, 0xc6, 0x9f, 0xb6, 0x7c, 0x8d, 0x2d, 0x11, 0xd2, 0x84,
    0xd8, 0xe7, 0x57, 0xd7, 0x78, 0xdf, 0x35, 0xcf, 0x71, 0xae, 0xac, 0x19, 0x32, 0x74, 0xd8, 0xe7,
    0x77, 0xdf, 0x78, 0xdf, 0x12, 0xc7, 0xcf, 0x74, 0x4c, 0x19, 0x95, 0xde, 0xb6, 0xff, 0x77, 0xff,
    0x97, 0xff, 0x72, 0xff, 0x8d, 0xc5, 0x0b, 0x11, 0x73, 0xbd, 0x56, 0xff, 0x16, 0xf7, 0xd4, 0xfe,
    0x50, 0xfe, 0x6c, 0x4a, 0x51, 0x42, 0xfe, 0xcd, 0xfd, 0xc5, 0xfd, 0xcd, 0xfd, 0xcd, 0x3c, 0xb5,
    0x76, 0x73, 0x6c, 0x19, 0x5b, 0xce, 0x3d, 0xef, 0x3d, 0xe7, 0xbf, 0xf7, 0xbb, 0xd6, 0x73, 0x8c,
    0x15, 0xa5, 0xdc, 0xde, 0xfc, 0xde, 0x9e, 0xf7, 0x7d, 0xef, 0xd4, 0x9c, 0x33, 0x84, 0xd2, 0x31,
    0xb2, 0x52, 0x52, 0x8c, 0x76, 0xad, 0xdf, 0xff, 0x5d, 0xef, 0xdc, 0xde, 0x7a, 0xce, 0x93, 0x94,
    0xd4, 0x9c, 0x5d, 0xe7, 0x9e, 0xf7, 0x5d, 0xef, 0x9c, 0xd6, 0x4c, 0x19, 0x36, 0x6c, 0xdf, 0xb6,
    0xdd, 0x8d, 0xfe, 0x95, 0xdd, 0x8d, 0xfe, 0x8d, 0x75, 0x4b, 0x8d, 0x21, 0x7e, 0xb6, 0x3e, 0x9e,
    0xdd, 0x8d, 0xfe, 0x8d, 0x79, 0x6c, 0x0b, 0x11, 0xbb, 0x9d, 0xbf, 0xb6, 0xdd, 0x8d, 0xdd, 0x95,
    0x1f, 0x8e, 0x58, 0x64, 0x2c, 0x19, 0xbb, 0x9d, 0x9e, 0xae, 0xde, 0x95, 0xfe, 0x95, 0xdd, 0x8d,
    0xff, 0x8d, 0xf3, 0x42, 0xee, 0x29, 0x9e, 0xb6, 0x3e, 0x9e, 0xde, 0x95, 0xfd, 0x95, 0xde, 0x85,
    0xda, 0x6c, 0x0c, 0x11, 0x19, 0x8d, 0xbf, 0xb6, 0xde, 0x95, 0x1e, 0x9e, 0xfe, 0x8d, 0x3c, 0x75,
    0x4d, 0x11, 0x77, 0x7c, 0xbf, 0xb6, 0xdd, 0x95, 0x1e, 0x96, 0xde, 0x8d, 0x3c, 0x75, 0x6d, 0x19,
    0x56, 0x74, 0xdf, 0xb6, 0xdd, 0x8d, 0xfe, 0x95, 0xde, 0x8d, 0x5c, 0x7d, 0x4d, 0x11, 0xb2, 0x84,
    0x95, 0xdf, 0x91, 0xb6, 0xb2, 0xb6, 0xb0, 0xae, 0x50, 0x9e, 0x8b, 0x19, 0x31, 0x74, 0xb6, 0xd7,
    0xb1, 0xb6, 0xb1, 0xb6, 0xf0, 0xb6, 0x8f, 0x74, 0x2c, 0x19, 0x94, 0xde, 0x52, 0xff, 0xd0, 0xf6,
    0xcf, 0xf6, 0x0e, 0xff, 0x6e, 0xc5, 0x0b, 0x09, 0x72, 0xbd, 0xd2, 0xfe, 0xce, 0xf5, 0xce, 0xf5,
    0xee, 0xfd, 0x2b, 0x4a, 0x71, 0x42, 0xde, 0xcd, 0xbb, 0xac, 0x9b, 0xa4, 0xbc, 0xac, 0x7c, 0xa4,
    0x36, 0x73, 0x4c, 0x19, 0x5b, 0xce, 0x3d, 0xef, 0x3d, 0xe7, 0xbf, 0xf7, 0xbb, 0xd6, 0x73, 0x8c,
    0x15, 0xa5, 0xdc, 0xde, 0xdc, 0xde, 0x9e, 0xf7, 0x7d, 0xef, 0xd4, 0x9c, 0x33, 0x84, 0xd1, 0x31,
    0xd2, 0x52, 0x52, 0x8c, 0x77, 0xad, 0xdf, 0xff, 0x5d, 0xef, 0xdc, 0xde, 0x7a, 0xce, 0x93, 0x94,
    0xd4, 0x9c, 0x3d, 0xe7, 0x9e, 0xf7, 0x5d, 0xef, 0x9c, 0xd6, 0x4b, 0x19, 0x16, 0x6c, 0xbf, 0xae,
    0x3d, 0x75, 0x5d, 0x75, 0x5d, 0x75, 0xbe, 0x7d, 0x55, 0x43, 0xad, 0x21, 0x3e, 0xa6, 0xde, 0x8d,
    0x1c, 0x6d, 0x9e, 0x7d, 0x38, 0x5c, 0x2b, 0x11, 0x9b, 0x9d, 0x3f, 0x9e, 0x3d, 0x6d, 0x5d, 0x75,
    0xbe, 0x7d, 0x18, 0x5c, 0x2c, 0x11, 0x9b, 0x95, 0x3e, 0x9e, 0x3d, 0x6d, 0x5d, 0x75, 0x5d, 0x75,
    0xbe, 0x7d, 0xd3, 0x3a, 0xee, 0x29, 0x7e, 0xb6, 0xbd, 0x85, 0x3d, 0x75, 0x5d, 0x75, 0x9e, 0x7d,
    0x9a, 0x64, 0x0b, 0x11, 0xf9, 0x84, 0x7f, 0xa6, 0x3d, 0x75, 0x5d, 0x75, 0x7d, 0x75, 0x1c, 0x75,
    0x4c, 0x11, 0x57, 0x6c, 0x7f, 0xa6, 0x3c, 0x75, 0x5d, 0x75, 0x5d, 0x75, 0x1c, 0x6d, 0x6d, 0x19,
    0x36, 0x6c, 0x9f, 0xa6, 0x3d, 0x75, 0x5d, 0x75, 0x7e, 0x7d, 0x1b, 0x75, 0x2c, 0x11, 0x91, 0x7c,
    0x94, 0xd7, 0x2e, 0x9e, 0x4e, 0x9e, 0x6e, 0x9e, 0x2f, 0x9e, 0x6a, 0x19, 0x11, 0x74, 0x74, 0xcf,
    0x2e, 0x9e, 0x2d, 0x9e, 0xae, 0xa6, 0x6e, 0x6c, 0x2b, 0x19, 0x93, 0xde, 0x30, 0xff, 0x6c, 0xf6,
    0x6c, 0xf6, 0xcc, 0xfe, 0x6d, 0xc5, 0x0b, 0x11, 0x52, 0xbd, 0x90, 0xfe, 0x2a, 0xed, 0x4a, 0xed,
    0x8c, 0xf5, 0x0b, 0x4a, 0x51, 0x3a, 0xbe, 0xc5, 0x1a, 0x94, 0xba, 0x8b, 0xba, 0x93, 0x1b, 0x9c,
    0x16, 0x6b, 0x6c, 0x19, 0x5b, 0xce, 0x5d, 0xef, 0x3d, 0xe7, 0xbf, 0xf7, 0xbb, 0xd6, 0x73, 0x8c,
    0x15, 0xa5, 0xdc, 0xde, 0xfc, 0xde, 0x9e, 0xf7, 0x7d, 0xef, 0xd4, 0x9c, 0x33, 0x84, 0xd1, 0x31,
    0xd2, 0x52, 0x52, 0x8c, 0x76, 0xad, 0xdf, 0xff, 0x5d, 0xef, 0xdc, 0xde, 0x7a, 0xce, 0x93, 0x94,
    0xd4, 0x9c, 0x5d, 0xe7, 0x9e, 0xf7, 0x5d, 0xef, 0x9c, 0xd6, 0x4c, 0x19, 0x16, 0x6c, 0xbf, 0xae,
    0x5d, 0x7d, 0x7d, 0x7d, 0x5d, 0x75, 0x9e, 0x7d, 0x35, 0x43, 0x8d, 0x21, 0x5d, 0xa6, 0xfe, 0x95,
    0x3d, 0x75, 0x9e, 0x7d, 0x18, 0x5c, 0x2c, 0x11, 0x9b, 0x95, 0x3e, 0x9e, 0x5d, 0x75, 0x7d, 0x7d,
    0x9e, 0x7d, 0xf8, 0x5b, 0x2c, 0x19, 0xbb, 0x95, 0x3f, 0x9e, 0x5d, 0x75, 0x7d, 0x7d, 0x5d, 0x75,
    0x9e, 0x7d, 0xd3, 0x3a, 0xee, 0x29, 0x7f, 0xae, 0xdd, 0x8d, 0x5d, 0x75, 0x7d, 0x7d, 0x9e, 0x7d,
    0x9a, 0x64, 0x0b, 0x11, 0xf8, 0x84, 0x9f, 0xae, 0x5d, 0x7d, 0x7d, 0x7d, 0x7d, 0x7d, 0xdb, 0x6c,
    0x2c, 0x11, 0x57, 0x74, 0x9f, 0xae, 0x5d, 0x75, 0x7d, 0x75, 0x7e, 0x7d, 0x1c, 0x6d, 0x4c, 0x19,
    0x36, 0x6c, 0x9f, 0xae, 0x5d, 0x7d, 0x7d, 0x7d, 0x7d, 0x7d, 0xfb, 0x6c, 0x2c, 0x11, 0xb1, 0x84,
    0x94, 0xd7, 0x4e, 0x9e, 0x6e, 0x9e, 0x6e, 0x9e, 0x0f, 0x96, 0x6a, 0x19, 0x30, 0x74, 0x95, 0xd7,
    0x4f, 0xa6, 0x4e, 0x9e, 0xae, 0xa6, 0x6d, 0x6c, 0x2b, 0x19, 0x93, 0xde, 0x31, 0xff, 0x6c, 0xf6,
    0x8d, 0xf6, 0xcc, 0xfe, 0x2c, 0xc5, 0x0b, 0x11, 0x51, 0xbd, 0xb1, 0xfe, 0x4b, 0xed, 0x6b, 0xf5,
    0x6c, 0xf5, 0x0b, 0x4a, 0x30, 0x3a, 0xbe, 0xc5, 0x5b, 0x9c, 0xda, 0x93, 0xfa, 0x93, 0x1b, 0x9c,
    0xf6, 0x6a, 0x6c, 0x19, 0x5b, 0xce, 0x5d, 0xef, 0x3d, 0xe7, 0xdf, 0xf7, 0xbb, 0xd6, 0x73, 0x8c,
    0x15, 0xa5, 0xdc, 0xde, 0xfc, 0xde, 0x9e, 0xf7, 0x7d, 0xef, 0xd4, 0x9c, 0x33, 0x84, 0xd1, 0x31,
    0xd2, 0x52, 0x52, 0x8c, 0x76, 0xad, 0xdf, 0xff, 0x5d, 0xef, 0xdc, 0xde, 0x7a, 0xce, 0x93, 0x94,
    0xd4, 0x9c, 0x5d, 0xe7, 0x9e, 0xf7, 0x5d, 0xef, 0x9c, 0xd6, 0x4c, 0x19, 0xf6, 0x5b, 0x5f, 0x96,
    0x5d, 0x75, 0x5d, 0x75, 0x5e, 0x75, 0x9e, 0x75, 0x35, 0x43, 0x8d, 0x21, 0xbd, 0x8d, 0x9e, 0x85,
    0x3d, 0x75, 0x7e, 0x75, 0x18, 0x54, 0x2c, 0x11, 0x1a, 0x7d, 0x1f, 0x8e, 0x5d, 0x75, 0x5d, 0x75,
    0x9e, 0x75, 0xd7, 0x53, 0x4c, 0x19, 0x3b, 0x7d, 0xde, 0x8d, 0x5d, 0x75, 0x5d, 0x75, 0x5d, 0x75,
    0x9f, 0x75, 0xb2, 0x3a, 0xce, 0x29, 0xfe, 0x95, 0xbe, 0x85, 0x5d, 0x75, 0x5d, 0x75, 0x7e, 0x75,
    0x9b, 0x64, 0x2c, 0x11, 0xb8, 0x74, 0x3f, 0x96, 0x3d, 0x75, 0x5d, 0x75, 0x7e, 0x75, 0xfb, 0x6c,
    0x2c, 0x11, 0x37, 0x64, 0x5f, 0x9e, 0x3d, 0x75, 0x5d, 0x75, 0x7e, 0x75, 0xfc, 0x6c, 0x4c, 0x19,
    0xf5, 0x63, 0x5f, 0x9e, 0x5d, 0x75, 0x3d, 0x75, 0x5e, 0x75, 0xfc, 0x6c, 0x2c, 0x11, 0x90, 0x7c,
    0x31, 0xbf, 0x2d, 0x96, 0x6d, 0x9e, 0x6d, 0x9e, 0xee, 0x95, 0x8b, 0x19, 0xef, 0x63, 0x51, 0xbf,
    0x4e, 0x9e, 0x4d, 0x9e, 0xae, 0xa6, 0x6d, 0x64, 0x4b, 0x19, 0x30, 0xde, 0xee, 0xfe, 0x6c, 0xf6,
    0x6c, 0xfe, 0xab, 0xfe, 0x2c, 0xc5, 0x0b, 0x11, 0xee, 0xbc, 0x2e, 0xfe, 0x4a, 0xf5, 0x4a, 0xf5,
    0x4b, 0xf5, 0x2a, 0x4a, 0x11, 0x3a, 0xdd, 0xb4, 0xfb, 0x9b, 0xba, 0x8b, 0xba, 0x93, 0xbb, 0x93,
    0xb6, 0x62, 0x4c, 0x19, 0x5b, 0xce, 0x5d, 0xef, 0x3d, 0xe7, 0xbf, 0xf7, 0xbb, 0xd6, 0x73, 0x8c,
    0x15, 0xa5, 0xdc, 0xde, 0xfc, 0xde, 0x9e, 0xf7, 0x7d, 0xef, 0xd4, 0x9c, 0x33, 0x84, 0xd1, 0x31,
    0xb2, 0x52, 0x52, 0x8c, 0x76, 0xad, 0xdf, 0xff, 0x5d, 0xef, 0xdc, 0xde, 0x7a, 0xce, 0xb4, 0x94,
    0xd4, 0x9c, 0x5d, 0xe7, 0x9e, 0xf7, 0x5d, 0xef, 0x9b, 0xd6, 0x6c, 0x21, 0x35, 0x43, 0x1c, 0x6d,
    0xbb, 0x64, 0xdc, 0x6c, 0xbb, 0x64, 0x1c, 0x6d, 0x13, 0x43, 0x8d, 0x19, 0xdb, 0x6c, 0xfc, 0x6c,
    0xbb, 0x64, 0xfc, 0x6c, 0xd7, 0x53, 0x2c, 0x11, 0x59, 0x64, 0x1c, 0x75, 0xdb, 0x64, 0xdb, 0x6c,
    0x1c, 0x6d, 0xb7, 0x53, 0x4c, 0x11, 0x59, 0x64, 0xfc, 0x6c, 0x9b, 0x64, 0xbb, 0x64, 0xbb, 0x64,
    0xfc, 0x6c, 0x92, 0x32, 0xce, 0x21, 0xfc, 0x74, 0xdb, 0x6c, 0xdb, 0x6c, 0xdb, 0x6c, 0xfc, 0x6c,
    0x18, 0x5c, 0x4c, 0x11, 0xf7, 0x5b, 0x1c, 0x6d, 0xbb, 0x64, 0xdb, 0x6c, 0xfc, 0x6c, 0x79, 0x64,
    0x6d, 0x11, 0x95, 0x4b, 0x1c, 0x75, 0xbb, 0x64, 0xdb, 0x6c, 0xfb, 0x6c, 0x7a, 0x64, 0x6d, 0x19,
    0x75, 0x4b, 0x3c, 0x75, 0xbc, 0x64, 0xdc, 0x6c, 0xdc, 0x6c, 0x5a, 0x5c, 0x4d, 0x11, 0xed, 0x5b,
    0x0e, 0x96, 0x8e, 0x85, 0xae, 0x8d, 0xae, 0x8d, 0x6e, 0x85, 0x8b, 0x19, 0x8e, 0x53, 0x2e, 0x96,
    0xad, 0x85, 0xae, 0x8d, 0x0e, 0x96, 0x0d, 0x5c, 0x4b, 0x19, 0x4e, 0xc5, 0x0c, 0xe6, 0xac, 0xdd,
    0xac, 0xdd, 0xec, 0xe5, 0xcc, 0xb4, 0x2b, 0x11, 0x0c, 0xa4, 0x0c, 0xe5, 0xab, 0xd4, 0xab, 0xd4,
    0xec, 0xdc, 0x0b, 0x42, 0xd1, 0x31, 0xb9, 0x8b, 0x18, 0x7b, 0x19, 0x7b, 0x39, 0x7b, 0x59, 0x83,
    0x94, 0x5a, 0x6c, 0x19, 0x5b, 0xce, 0x5d, 0xef, 0x3d, 0xe7, 0xbf, 0xf7, 0xbb, 0xd6, 0x73, 0x8c,
    0x15, 0xa5, 0xdc, 0xde, 0xfc, 0xde, 0x9e, 0xf7, 0x7d, 0xef, 0xd4, 0x9c, 0x32, 0x84, 0xd1, 0x31,
    0xb2, 0x52, 0x32, 0x8c, 0x76, 0xad, 0xdf, 0xff, 0x5d, 0xef, 0xdc, 0xde, 0x7a, 0xce, 0x93, 0x94,
    0xd4, 0x9c, 0x5d, 0xef, 0x9e, 0xf7, 0x5d, 0xef, 0x9b, 0xce, 0xad, 0x21, 0x2c, 0x11, 0x4c, 0x11,
    0x4d, 0x11, 0x4c, 0x11, 0x4c, 0x11, 0x4c, 0x11, 0x6d, 0x19, 0x4d, 0x19, 0x4d, 0x11, 0x4c, 0x11,
    0x4c, 0x11, 0x4c, 0x11, 0x4c, 0x19, 0x4c, 0x19, 0x4d, 0x19, 0x2c, 0x11, 0x2d, 0x11, 0x2c, 0x11,
    0x4d, 0x11, 0x6d, 0x19, 0x4c, 0x19, 0x4d, 0x19, 0x2c, 0x11, 0x2c, 0x11, 0x2d, 0x11, 0x2c, 0x11,
    0x2d, 0x11, 0x4d, 0x19, 0x6d, 0x19, 0x4d, 0x11, 0x2c, 0x11, 0x2c, 0x11, 0x2c, 0x11, 0x4d, 0x11,
    0x2d, 0x11, 0x4c, 0x19, 0x2c, 0x11, 0x2c, 0x11, 0x4d, 0x11, 0x4d, 0x11, 0x2c, 0x11, 0x4c, 0x19,
    0x6d, 0x19, 0x2c, 0x11, 0x2c, 0x11, 0x2d, 0x11, 0x4d, 0x11, 0x2c, 0x11, 0x4c, 0x19, 0x6d, 0x19,
    0x4d, 0x19, 0x2c, 0x11, 0x4c, 0x11, 0x4d, 0x11, 0x4d, 0x11, 0x4c, 0x11, 0x4d, 0x19, 0x4b, 0x19,
    0x4b, 0x11, 0x4a, 0x11, 0x4a, 0x11, 0x4a, 0x11, 0x6b, 0x19, 0x6d, 0x19, 0x4c, 0x19, 0x4a, 0x11,
    0x4a, 0x11, 0x4a, 0x11, 0x6b, 0x19, 0x6c, 0x19, 0x6c, 0x19, 0x4b, 0x19, 0x2a, 0x19, 0x2a, 0x21,
    0x4a, 0x19, 0x2a, 0x19, 0x4b, 0x19, 0x6d, 0x19, 0x4b, 0x19, 0x0a, 0x19, 0x0a, 0x19, 0x2a, 0x19,
    0x4a, 0x19, 0x4c, 0x19, 0x4d, 0x19, 0x2c, 0x19, 0x0c, 0x11, 0x2c, 0x11, 0x2c, 0x11, 0x2c, 0x19,
    0x2c, 0x19, 0x8d, 0x21, 0x3b, 0xce, 0x5d, 0xef, 0x3d, 0xe7, 0xbf, 0xf7, 0xbb, 0xd6, 0x73, 0x8c,
    0x15, 0xa5, 0xdc, 0xde, 0xfc, 0xde, 0x9e, 0xf7, 0x7d, 0xef, 0xd4, 0x9c, 0x32, 0x84, 0xd1, 0x31,
    0xd2, 0x52, 0x32, 0x8c, 0x76, 0xad, 0xdf, 0xff, 0x5d, 0xef, 0xdc, 0xde, 0x7a, 0xce, 0x93, 0x94,
    0xd4, 0x9c, 0x5d, 0xe7, 0x9e, 0xf7, 0x5d, 0xef, 0x9c, 0xd6, 0x6c, 0x21, 0xd1, 0x4a, 0x97, 0x7c,
    0x56, 0x74, 0x56, 0x74, 0x15, 0x74, 0x16, 0x64, 0xb2, 0x3a, 0x6c, 0x19, 0x35, 0x74, 0x76, 0x7c,
    0x36, 0x74, 0x36, 0x6c, 0x33, 0x4b, 0x4c, 0x11, 0x94, 0x5b, 0x56, 0x74, 0x36, 0x74, 0x15, 0x74,
    0x16, 0x64, 0x13, 0x43, 0x4c, 0x19, 0xd5, 0x63, 0x76, 0x7c, 0x56, 0x74, 0x56, 0x7c, 0x15, 0x6c,
    0x16, 0x64, 0x70, 0x32, 0xad, 0x21, 0x36, 0x74, 0x56, 0x74, 0x56, 0x74, 0x56, 0x74, 0xf6, 0x63,
    0x54, 0x4b, 0x4c, 0x19, 0x32, 0x53, 0x96, 0x7c, 0x76, 0x74, 0x36, 0x74, 0x15, 0x6c, 0xb5, 0x53,
    0x6d, 0x19, 0xf2, 0x52, 0x77, 0x7c, 0x76, 0x74, 0x56, 0x74, 0x15, 0x64, 0x95, 0x53, 0x8d, 0x19,
    0xd1, 0x42, 0x76, 0x7c, 0x56, 0x7c, 0x56, 0x7c, 0x16, 0x64, 0x95, 0x5b, 0x4d, 0x19, 0x30, 0x53,
    0xd3, 0x8c, 0x92, 0x84, 0x92, 0x84, 0x91, 0x7c, 0x30, 0x6c, 0x6b, 0x19, 0xcf, 0x4a, 0xd3, 0x8c,
    0x92, 0x84, 0x92, 0x84, 0x6f, 0x74, 0x2e, 0x4b, 0x4b, 0x19, 0x32, 0x84, 0xf2, 0x9c, 0xb2, 0x94,
    0xb2, 0x94, 0xaf, 0x94, 0xad, 0x73, 0x2c, 0x11, 0x90, 0x73, 0xb1, 0x9c, 0x71, 0x94, 0x71, 0x94,
    0x0f, 0x94, 0xcc, 0x31, 0xcf, 0x29, 0xd5, 0x7b, 0xf5, 0x7b, 0xf5, 0x7b, 0xb5, 0x73, 0x35, 0x6b,
    0x92, 0x4a, 0x6c, 0x19, 0x5b, 0xce, 0x5d, 0xef, 0x3d, 0xe7, 0xbf, 0xf7, 0xbb, 0xd6, 0x72, 0x8c,
    0x15, 0xa5, 0xdc, 0xde, 0xdc, 0xde, 0x9e, 0xf7, 0x7d, 0xef, 0xd4, 0x9c, 0x32, 0x84, 0xd1, 0x31,
    0xb2, 0x52, 0x32, 0x8c, 0x76, 0xad, 0xdf, 0xff, 0x5d, 0xef, 0xdc, 0xde, 0x9a, 0xce, 0xb4, 0x94,
    0xd4, 0x9c, 0x3d, 0xe7, 0x9e, 0xf7, 0x5d, 0xef, 0x9c, 0xd6, 0x4c, 0x19, 0x57, 0x7c, 0x7f, 0xd7,
    0xdf, 0xbe, 0xff, 0xbe, 0xff, 0xbe, 0x9f, 0xae, 0x95, 0x4b, 0x8d, 0x21, 0xdf, 0xbe, 0x3f, 0xcf,
    0xff, 0xbe, 0xdf, 0xb6, 0xba, 0x74, 0x0b, 0x11, 0xdc, 0xa5, 0x7f, 0xd7, 0xff, 0xbe, 0xff, 0xbe,
    0xbf, 0xae, 0x99, 0x6c, 0x2c, 0x19, 0xfc, 0xad, 0x5f, 0xcf, 0xff, 0xbe, 0xff, 0xbe, 0xdf, 0xb6,
    0x7f, 0xa6, 0x13, 0x4b, 0xee, 0x29, 0xff, 0xce, 0x1f, 0xc7, 0xff, 0xc6, 0xff, 0xbe, 0x9f, 0xa6,
    0x3c, 0x7d, 0x0c, 0x11, 0x7a, 0x9d, 0x7f, 0xd7, 0xdf, 0xbe, 0x1f, 0xc7, 0xdf, 0xb6, 0xbd, 0x8d,
    0x4c, 0x11, 0xb8, 0x84, 0x7f, 0xd7, 0xdf, 0xbe, 0xff, 0xc6, 0xbf, 0xae, 0xbe, 0x8d, 0x6d, 0x19,
    0x77, 0x7c, 0x7f, 0xd7, 0xdf, 0xbe, 0xff, 0xbe, 0xbf, 0xae, 0xde, 0x8d, 0x4d, 0x11, 0x13, 0x95,
    0xf9, 0xf7, 0x96, 0xd7, 0xb7, 0xdf, 0xb5, 0xd7, 0xb2, 0xb6, 0x6b, 0x19, 0x51, 0x7c, 0xf8, 0xf7,
    0x96, 0xdf, 0x97, 0xdf, 0x93, 0xcf, 0xcf, 0x7c, 0x4c, 0x19, 0xf6, 0xee, 0xf6, 0xff, 0xb5, 0xff,
    0xb5, 0xff, 0xb2, 0xff, 0xcd, 0xd5, 0xeb, 0x10, 0xb3, 0xc5, 0x96, 0xff, 0x14, 0xff, 0xf3, 0xfe,
    0x90, 0xfe, 0x4b, 0x4a, 0x51, 0x3a, 0x5f, 0xde, 0x1e, 0xce, 0xde, 0xcd, 0xfe, 0xcd, 0x7e, 0xbd,
    0x97, 0x7b, 0x4c, 0x19, 0x5b, 0xce, 0x5d, 0xef, 0x3d, 0xe7, 0xbf, 0xf7, 0xbb, 0xd6, 0x73, 0x8c,
    0x15, 0xa5, 0xdc, 0xde, 0xdc, 0xde, 0x9e, 0xf7, 0x7d, 0xef, 0xd4, 0x9c, 0x33, 0x84, 0xd1, 0x31,
    0xb2, 0x52, 0x32, 0x8c, 0x76, 0xad, 0xdf, 0xff, 0x5d, 0xef, 0xdc, 0xde, 0x7a, 0xce, 0x93, 0x94,
    0xd4, 0x9c, 0x3d, 0xe7, 0x9e, 0xf7, 0x5d, 0xef, 0x9c, 0xd6, 0x4c, 0x19, 0x16, 0x6c, 0x9f, 0xae,
    0x3c, 0x75, 0x7d, 0x7d, 0x5c, 0x7d, 0xbe, 0x7d, 0x35, 0x43, 0x8d, 0x21, 0x3d, 0xa6, 0xde, 0x95,
    0x5d, 0x75, 0xbe, 0x7d, 0x38, 0x5c, 0x2c, 0x11, 0x9b, 0x95, 0x3e, 0x9e, 0x5c, 0x75, 0x5c, 0x7d,
    0xbe, 0x85, 0x17, 0x54, 0x2c, 0x11, 0x9b, 0x95, 0x3e, 0x9e, 0x5d, 0x75, 0x5d, 0x7d, 0x7d, 0x7d,
    0xbe, 0x7d, 0xd2, 0x3a, 0xee, 0x29, 0x7e, 0xae, 0xbd, 0x8d, 0x5d, 0x7d, 0x5c, 0x7d, 0x9e, 0x7d,
    0x9a, 0x64, 0x0b, 0x11, 0xf9, 0x84, 0x5e, 0xa6, 0x3c, 0x75, 0x7c, 0x7d, 0x9d, 0x7d, 0xfb, 0x6c,
    0x4d, 0x11, 0x57, 0x74, 0x9f, 0xae, 0x3c, 0x75, 0x5d, 0x7d, 0x7d, 0x7d, 0x1c, 0x6d, 0x6d, 0x19,
    0x36, 0x74, 0x9f, 0xae, 0x5c, 0x75, 0x7c, 0x7d, 0x9d, 0x7d, 0x1b, 0x75, 0x2d, 0x11, 0xb1, 0x84,
    0x74, 0xcf, 0x2e, 0x9e, 0x4f, 0xa6, 0x6f, 0xa6, 0x0f, 0x96, 0x8b, 0x19, 0x30, 0x74, 0x75, 0xcf,
    0x2e, 0x9e, 0x2e, 0x9e, 0xaf, 0xa6, 0x6e, 0x6c, 0x2b, 0x19, 0x74, 0xde, 0x10, 0xff, 0x6d, 0xee,
    0x6d, 0xf6, 0xcd, 0xfe, 0x4d, 0xc5, 0x0b, 0x11, 0x52, 0xbd, 0x91, 0xfe, 0x4b, 0xed, 0x4b, 0xed,
    0x8c, 0xf5, 0x0b, 0x4a, 0x51, 0x42, 0xbd, 0xc5, 0x3a, 0x94, 0xda, 0x93, 0xfa, 0x93, 0x3b, 0x9c,
    0x16, 0x6b, 0x6c, 0x19, 0x5b, 0xce, 0x5d, 0xef, 0x3d, 0xe7, 0xbf, 0xf7, 0xbb, 0xd6, 0x73, 0x8c,
    0x15, 0xa5, 0xdc, 0xde, 0xdc, 0xde, 0x9e, 0xf7, 0x7d, 0xef, 0xd4, 0x9c, 0x33, 0x84, 0xd1, 0x31,
    0xd2, 0x52, 0x52, 0x8c, 0x76, 0xad, 0xdf, 0xff, 0x5d, 0xef, 0xdc, 0xde, 0x7a, 0xce, 0x93, 0x94,
    0xd4, 0x9c, 0x3d, 0xe7, 0x9e, 0xf7, 0x5d, 0xef, 0x9c, 0xd6, 0x4c, 0x19, 0x16, 0x6c, 0xbf, 0xae,
    0x5d, 0x75, 0x7d, 0x75, 0x5d, 0x75, 0x9e, 0x7d, 0x55, 0x43, 0x8d, 0x21, 0x3e, 0xa6, 0xde, 0x8d,
    0x3d, 0x75, 0x9e, 0x7d, 0x38, 0x5c, 0x2c, 0x11, 0x7b, 0x95, 0x3f, 0x9e, 0x5d, 0x75, 0x7d, 0x7d,
    0x9e, 0x7d, 0x18, 0x5c, 0x2c, 0x11, 0xbb, 0x9d, 0x3e, 0x9e, 0x5d, 0x75, 0x7d, 0x7d, 0x5d, 0x75,
    0xbe, 0x7d, 0xf3, 0x3a, 0x0e, 0x2a, 0x7e, 0xae, 0xbd, 0x85, 0x7d, 0x75, 0x7d, 0x7d, 0x9e, 0x7d,
    0x9a, 0x64, 0x2c, 0x11, 0xf9, 0x84, 0x7f, 0xae, 0x5d, 0x75, 0x7d, 0x75, 0x7d, 0x7d, 0x1c, 0x75,
    0x4c, 0x11, 0x77, 0x74, 0x7f, 0xa6, 0x5d, 0x75, 0x7d, 0x75, 0x7d, 0x7d, 0x3c, 0x6d, 0x6d, 0x19,
    0x36, 0x6c, 0x9f, 0xae, 0x5d, 0x75, 0x7d, 0x75, 0x7e, 0x7d, 0x1c, 0x6d, 0x2c, 0x11, 0xb1, 0x7c,
    0x74, 0xd7, 0x4e, 0x9e, 0x6e, 0x9e, 0x6e, 0x9e, 0x0f, 0x9e, 0x8b, 0x19, 0x31, 0x74, 0x74, 0xcf,
    0x4e, 0x9e, 0x6e, 0x9e, 0xae, 0xa6, 0x6d, 0x6c, 0x2b, 0x19, 0x94, 0xde, 0x30, 0xff, 0x8c, 0xf6,
    0x8d, 0xf6, 0xcc, 0xfe, 0x4d, 0xc5, 0x0c, 0x11, 0x52, 0xbd, 0xb0, 0xfe, 0x2a, 0xed, 0x4a, 0xf5,
    0x8c, 0xf5, 0x2b, 0x4a, 0x51, 0x42, 0x9e, 0xc5, 0x3a, 0x9c, 0xfb, 0x93, 0xfb, 0x93, 0xfb, 0x9b,
    0xf6, 0x6a, 0x6c, 0x19, 0x5b, 0xce, 0x5d, 0xef, 0x3d, 0xe7, 0xbf, 0xf7, 0xbb, 0xd6, 0x73, 0x8c,
    0x15, 0xa5, 0xdc, 0xde, 0xdc, 0xde, 0x9e, 0xf7, 0x7e, 0xef, 0xd4, 0x9c, 0x33, 0x84, 0xd1, 0x31,
    0xd2, 0x52, 0x52, 0x8c, 0x76, 0xad, 0xdf, 0xff, 0x5d, 0xef, 0xdc, 0xde, 0x7a, 0xce, 0x93, 0x94,
    0xd4, 0x9c, 0x3d, 0xe7, 0x9e, 0xf7, 0x5d, 0xef, 0x9c, 0xd6, 0x4b, 0x19, 0xf6, 0x63, 0x9f, 0xa6,
    0x3c, 0x75, 0x5d, 0x75, 0x3d, 0x75, 0x7e, 0x75, 0x35, 0x43, 0x8d, 0x21, 0x1e, 0x9e, 0xde, 0x8d,
    0x3c, 0x75, 0x7e, 0x7d, 0x18, 0x5c, 0x2c, 0x11, 0x5a, 0x8d, 0x3f, 0x9e, 0x3d, 0x75, 0x5d, 0x75,
    0x7e, 0x75, 0xf8, 0x53, 0x2c, 0x19, 0x7b, 0x8d, 0x1e, 0x96, 0x5d, 0x75, 0x5d, 0x75, 0x3d, 0x75,
    0x7e, 0x75, 0xd3, 0x3a, 0xce, 0x29, 0x3e, 0xa6, 0xbd, 0x85, 0x5d, 0x75, 0x5d, 0x75, 0x7d, 0x75,
    0x9a, 0x64, 0x2c, 0x11, 0xd9, 0x7c, 0x5f, 0x9e, 0x3c, 0x75, 0x5d, 0x75, 0x5d, 0x75, 0xdb, 0x6c,
    0x2c, 0x11, 0x37, 0x6c, 0x7f, 0xa6, 0x3c, 0x75, 0x5d, 0x75, 0x5d, 0x75, 0xfb, 0x6c, 0x4d, 0x19,
    0xf6, 0x63, 0x7f, 0xa6, 0x3d, 0x75, 0x5d, 0x75, 0x5d, 0x75, 0xfb, 0x6c, 0x2d, 0x11, 0x91, 0x7c,
    0x53, 0xc7, 0x2e, 0x9e, 0x4e, 0x9e, 0x4e, 0x9e, 0xee, 0x95, 0x6b, 0x19, 0x10, 0x6c, 0x74, 0xcf,
    0x4f, 0x9e, 0x2e, 0x9e, 0x8e, 0x9e, 0x4d, 0x64, 0x2b, 0x19, 0x52, 0xde, 0x10, 0xff, 0x6c, 0xf6,
    0x6c, 0xf6, 0xac, 0xfe, 0x2c, 0xc5, 0x0b, 0x11, 0x31, 0xbd, 0x70, 0xfe, 0x2b, 0xed, 0x4b, 0xed,
    0x6c, 0xf5, 0x2b, 0x4a, 0x10, 0x3a, 0x7e, 0xc5, 0x3b, 0x9c, 0xda, 0x93, 0xda, 0x93, 0xdb, 0x93,
    0xd6, 0x62, 0x6c, 0x19, 0x5b, 0xce, 0x5d, 0xef, 0x3d, 0xe7, 0xdf, 0xf7, 0xbb, 0xd6, 0x73, 0x8c,
    0x15, 0xa5, 0xdc, 0xde, 0xdc, 0xde, 0x9e, 0xf7, 0x7e, 0xef, 0xd4, 0x9c, 0x33, 0x84, 0xd1, 0x31,
    0xb2, 0x52, 0x32, 0x8c, 0x76, 0xad, 0xdf, 0xff, 0x5d, 0xef, 0xdc, 0xde, 0x7a, 0xce, 0x93, 0x94,
    0xd4, 0x9c, 0x5d, 0xe7, 0x9e, 0xf7, 0x5d, 0xef, 0x9b, 0xd6, 0x4c, 0x21, 0xb6, 0x53, 0xff, 0x8d,
    0x5d, 0x75, 0x5e, 0x75, 0x5e, 0x75, 0xbf, 0x7d, 0x34, 0x43, 0x8d, 0x19, 0x9d, 0x85, 0x9e, 0x7d,
    0x5d, 0x75, 0x9f, 0x7d, 0x39, 0x5c, 0x2c, 0x11, 0xfa, 0x74, 0xdf, 0x85, 0x5d, 0x75, 0x5e, 0x75,
    0xbf, 0x7d, 0xf8, 0x53, 0x4c, 0x19, 0xfb, 0x74, 0x9e, 0x7d, 0x5e, 0x75, 0x5d, 0x75, 0x5e, 0x75,
    0x9f, 0x7d, 0xd3, 0x3a, 0xce, 0x21, 0xbe, 0x85, 0x9e, 0x7d, 0x5e, 0x75, 0x5e, 0x75, 0x9e, 0x7d,
    0xbb, 0x64, 0x2c, 0x11, 0x79, 0x6c, 0xbf, 0x85, 0x3d, 0x75, 0x5e, 0x75, 0x7e, 0x75, 0xfc, 0x6c,
    0x4d, 0x11, 0xf7, 0x5b, 0xff, 0x85, 0x5d, 0x75, 0x7e, 0x75, 0x7e, 0x75, 0xfc, 0x6c, 0x6d, 0x19,
    0xb6, 0x53, 0xff, 0x8d, 0x5e, 0x75, 0x5d, 0x75, 0x7e, 0x75, 0x1c, 0x6d, 0x4d, 0x11, 0x6e, 0x74,
    0x0f, 0xaf, 0x4d, 0x9e, 0x6d, 0x9e, 0x8d, 0x9e, 0x0e, 0x96, 0x6a, 0x19, 0xee, 0x5b, 0x2f, 0xb7,
    0x6e, 0x9e, 0x4d, 0x9e, 0xce, 0xa6, 0x6d, 0x64, 0x2b, 0x19, 0x2e, 0xe6, 0xed, 0xfe, 0x8c, 0xfe,
    0x6c, 0xfe, 0xec, 0xfe, 0x4c, 0xcd, 0x0b, 0x11, 0xad, 0xbc, 0xcc, 0xfd, 0x4a, 0xfd, 0x4a, 0xfd,
    0x6b, 0xfd, 0x2a, 0x4a, 0xf1, 0x31, 0x7c, 0xa4, 0xba, 0x93, 0x9b, 0x8b, 0x9a, 0x93, 0xbc, 0x9b,
    0xd6, 0x6a, 0x4c, 0x19, 0x5b, 0xce, 0x3d, 0xef, 0x3d, 0xe7, 0xdf, 0xf7, 0xbb, 0xd6, 0x73, 0x8c,
    0x15, 0xa5, 0xdc, 0xde, 0xdc, 0xde, 0x9e, 0xf7, 0x7e, 0xef, 0xd4, 0x9c, 0x33, 0x84, 0xd1, 0x31,
    0xb2, 0x52, 0x32, 0x84, 0x76, 0xad, 0xdf, 0xff, 0x5d, 0xef, 0xdc, 0xde, 0x7a, 0xce, 0x93, 0x94,
    0xd4, 0x9c, 0x5d, 0xe7, 0x9e, 0xf7, 0x5d, 0xef, 0x9b, 0xd6, 0x8c, 0x21, 0x31, 0x2a, 0x14, 0x43,
    0xd3, 0x3a, 0xf4, 0x3a, 0xf3, 0x3a, 0xf4, 0x3a, 0x30, 0x2a, 0x6d, 0x19, 0xf3, 0x3a, 0xf4, 0x3a,
    0xd4, 0x3a, 0xf4, 0x3a, 0x71, 0x32, 0x4c, 0x19, 0xb2, 0x32, 0xf4, 0x3a, 0xf3, 0x3a, 0xf3, 0x3a,
    0xf4, 0x42, 0x51, 0x32, 0x4c, 0x19, 0xb2, 0x3a, 0xf4, 0x3a, 0xd3, 0x3a, 0xd3, 0x3a, 0xd3, 0x3a,
    0xf3, 0x3a, 0xef, 0x21, 0x8e, 0x19, 0x14, 0x43, 0xd3, 0x3a, 0xd4, 0x3a, 0xf4, 0x3a, 0x14, 0x43,
    0x92, 0x32, 0x4c, 0x19, 0x72, 0x32, 0x15, 0x43, 0xd3, 0x3a, 0xf3, 0x3a, 0xf4, 0x3a, 0xb2, 0x3a,
    0x4c, 0x19, 0x71, 0x32, 0x14, 0x3b, 0xd4, 0x3a, 0xf4, 0x3a, 0xf3, 0x3a, 0xb3, 0x3a, 0x6d, 0x19,
    0x51, 0x32, 0x14, 0x43, 0xd3, 0x3a, 0xf4, 0x3a, 0x14, 0x43, 0xb3, 0x3a, 0x4c, 0x19, 0x8c, 0x3a,
    0x8d, 0x53, 0x4c, 0x4b, 0x4c, 0x4b, 0x6c, 0x4b, 0x2c, 0x4b, 0x6c, 0x19, 0x6d, 0x32, 0x8d, 0x4b,
    0x4c, 0x43, 0x4c, 0x4b, 0x8c, 0x4b, 0x8c, 0x3a, 0x4b, 0x19, 0x0c, 0x6b, 0x6b, 0x7b, 0x4c, 0x73,
    0x4c, 0x73, 0x6b, 0x7b, 0xec, 0x62, 0x4c, 0x19, 0x6b, 0x5a, 0xeb, 0x7a, 0xcb, 0x72, 0xeb, 0x72,
    0xeb, 0x72, 0xab, 0x31, 0xaf, 0x29, 0x52, 0x4a, 0x12, 0x42, 0x12, 0x42, 0x12, 0x4a, 0x32, 0x4a,
    0xd0, 0x39, 0x6c, 0x19, 0x3b, 0xce, 0x3d, 0xef, 0x3d, 0xe7, 0xbf, 0xf7, 0xbb, 0xd6, 0x73, 0x8c,
    0x15, 0xa5, 0xdc, 0xde, 0xdc, 0xde, 0x9e, 0xf7, 0x7e, 0xef, 0xd4, 0x9c, 0x33, 0x84, 0xd1, 0x31,
    0xb2, 0x52, 0x32, 0x84, 0x76, 0xad, 0xdf, 0xff, 0x5d, 0xef, 0xdc, 0xde, 0x7a, 0xce, 0x93, 0x94,
    0xd4, 0x9c, 0x3d, 0xe7, 0x9e, 0xf7, 0x5d, 0xef, 0x9b, 0xd6, 0xad, 0x21, 0x4c, 0x21, 0xcd, 0x29,
    0xad, 0x29, 0xad, 0x29, 0xad, 0x21, 0xae, 0x21, 0x8e, 0x21, 0x6d, 0x19, 0xad, 0x21, 0xad, 0x21,
    0xad, 0x21, 0xce, 0x21, 0x8d, 0x21, 0x6c, 0x19, 0xad, 0x21, 0xad, 0x21, 0xae, 0x29, 0xad, 0x29,
    0xad, 0x21, 0x8d, 0x21, 0x4b, 0x19, 0x8d, 0x21, 0xcd, 0x21, 0xad, 0x21, 0xae, 0x29, 0x8d, 0x21,
    0xad, 0x21, 0x8d, 0x21, 0x4c, 0x19, 0xad, 0x29, 0xad, 0x21, 0xad, 0x21, 0xad, 0x29, 0xae, 0x21,
    0x8d, 0x21, 0x4c, 0x19, 0x8d, 0x21, 0xcd, 0x29, 0xcd, 0x29, 0xad, 0x21, 0x8d, 0x21, 0xae, 0x21,
    0x6d, 0x19, 0x6d, 0x21, 0xcd, 0x29, 0xcd, 0x29, 0xad, 0x21, 0xad, 0x21, 0xad, 0x21, 0x6d, 0x19,
    0x8d, 0x21, 0xad, 0x21, 0xcd, 0x29, 0xce, 0x29, 0xae, 0x21, 0xad, 0x19, 0x4d, 0x19, 0x6c, 0x21,
    0xcd, 0x29, 0xcd, 0x29, 0xad, 0x29, 0xac, 0x21, 0xac, 0x21, 0x6d, 0x19, 0x8d, 0x21, 0xad, 0x29,
    0xac, 0x29, 0xcd, 0x29, 0xad, 0x29, 0x8c, 0x19, 0x4c, 0x19, 0xad, 0x29, 0xcd, 0x29, 0xad, 0x29,
    0xcc, 0x21, 0xac, 0x29, 0x8c, 0x21, 0x4d, 0x19, 0xad, 0x21, 0xad, 0x29, 0xad, 0x21, 0xad, 0x29,
    0xac, 0x29, 0x6c, 0x19, 0x6d, 0x19, 0xae, 0x21, 0xad, 0x29, 0xcd, 0x29, 0xad, 0x21, 0x8d, 0x21,
    0x6d, 0x21, 0x8c, 0x19, 0x3b, 0xce, 0x5d, 0xef, 0x3d, 0xe7, 0xbf, 0xf7, 0xbb, 0xd6, 0x73, 0x8c,
    0x15, 0xa5, 0xdc, 0xde, 0xdc, 0xde, 0x9e, 0xf7, 0x7d, 0xef, 0xd4, 0x9c, 0x33, 0x84, 0xd1, 0x31,
    0xb2, 0x52, 0x32, 0x84, 0x76, 0xad, 0xdf, 0xff, 0x5d, 0xef, 0xdc, 0xde, 0x9a, 0xce, 0x93, 0x94,
    0xd4, 0x9c, 0x3d, 0xe7, 0x9e, 0xf7, 0x5d, 0xef, 0x9c, 0xd6, 0x4c, 0x19, 0x16, 0x74, 0x1f, 0xcf,
    0x9e, 0xbe, 0x9d, 0xbe, 0x7e, 0xb6, 0x5f, 0xa6, 0x95, 0x53, 0x8d, 0x21, 0x3d, 0xb6, 0xbe, 0xc6,
    0x9e, 0xb6, 0x5e, 0xae, 0x99, 0x74, 0x2c, 0x11, 0x7a, 0x9d, 0xde, 0xc6, 0x9e, 0xbe, 0x9e, 0xb6,
    0x3e, 0x9e, 0x38, 0x64, 0x2c, 0x19, 0x9b, 0x9d, 0xdf, 0xc6, 0x9e, 0xbe, 0x9e, 0xbe, 0x7e, 0xae,
    0x3e, 0x96, 0xf3, 0x42, 0xce, 0x29, 0x7e, 0xb6, 0x9e, 0xbe, 0x9e, 0xbe, 0x9e, 0xbe, 0x1e, 0x9e,
    0xdb, 0x74, 0x2c, 0x11, 0xf8, 0x8c, 0xff, 0xc6, 0x9e, 0xbe, 0x9e, 0xbe, 0x3e, 0xa6, 0x3b, 0x7d,
    0x4c, 0x11, 0x56, 0x7c, 0xff, 0xc6, 0x7e, 0xb6, 0x9e, 0xbe, 0x1e, 0xa6, 0x5c, 0x85, 0x6c, 0x19,
    0xf5, 0x6b, 0xdf, 0xc6, 0x9e, 0xbe, 0x9e, 0xbe, 0x3e, 0xa6, 0x5c, 0x85, 0x4d, 0x19, 0x93, 0x84,
    0x98, 0xe7, 0x16, 0xd7, 0x57, 0xd7, 0x14, 0xc7, 0x31, 0xa6, 0x8a, 0x19, 0xf1, 0x6b, 0x97, 0xdf,
    0x37, 0xd7, 0x37, 0xcf, 0xf2, 0xbe, 0x8f, 0x6c, 0x2b, 0x19, 0x55, 0xd6, 0x96, 0xf7, 0x36, 0xf7,
    0x36, 0xf7, 0x12, 0xf7, 0x6e, 0xbd, 0xeb, 0x10, 0x32, 0xb5, 0x16, 0xff, 0xd5, 0xf6, 0xb3, 0xf6,
    0x10, 0xf6, 0x4c, 0x4a, 0x31, 0x3a, 0xfd, 0xc5, 0xdd, 0xc5, 0xdd, 0xc5, 0xbd, 0xc5, 0xfc, 0xac,
    0x56, 0x6b, 0x4c, 0x19, 0x5b, 0xce, 0x5d, 0xef, 0x3d, 0xe7, 0xbf, 0xf7, 0xbb, 0xd6, 0x73, 0x8c,
    0x15, 0xa5, 0xdc, 0xde, 0xdc, 0xde, 0x9e, 0xf7, 0x7d, 0xef, 0xd4, 0x9c, 0x33, 0x84, 0xd1, 0x31,
    0xd2, 0x52, 0x52, 0x8c, 0x76, 0xad, 0xdf, 0xff, 0x5d, 0xef, 0xdc, 0xde, 0x7a, 0xce, 0x93, 0x94,
    0xd4, 0x9c, 0x5d, 0xe7, 0x9e, 0xf7, 0x5d, 0xef, 0x9c, 0xd6, 0x4c, 0x19, 0x56, 0x74, 0xff, 0xbe,
    0xfd, 0x95, 0x1e, 0x96, 0x1e, 0x9e, 0x1f, 0x8e, 0x55, 0x4b, 0xad, 0x21, 0x9e, 0xb6, 0x7e, 0xae,
    0x1e, 0x96, 0x1f, 0x96, 0x79, 0x64, 0x2c, 0x11, 0xbb, 0x9d, 0xdf, 0xb6, 0x1d, 0x96, 0x1e, 0x96,
    0x1f, 0x96, 0x38, 0x5c, 0x4c, 0x19, 0xdc, 0x9d, 0xbf, 0xb6, 0xfe, 0x95, 0x1e, 0x9e, 0x1e, 0x9e,
    0xff, 0x8d, 0xd3, 0x3a, 0xee, 0x29, 0xbe, 0xb6, 0x5e, 0xa6, 0x1e, 0x9e, 0x1e, 0x96, 0xfe, 0x8d,
    0xfb, 0x74, 0x0c, 0x11, 0x39, 0x95, 0xdf, 0xb6, 0xde, 0x95, 0x3e, 0x9e, 0x3e, 0x96, 0x3b, 0x75,
    0x2c, 0x11, 0x97, 0x7c, 0xff, 0xbe, 0xde, 0x95, 0x1e, 0x9e, 0x1e, 0x96, 0x3c, 0x7d, 0x4d, 0x11,
    0x36, 0x74, 0xff, 0xbe, 0xfe, 0x95, 0x1e, 0x96, 0x1e, 0x96, 0x5c, 0x7d, 0x2d, 0x11, 0xf2, 0x8c,
    0xb6, 0xdf, 0xb1, 0xb6, 0xf3, 0xbe, 0xf2, 0xbe, 0x50, 0x9e, 0x6b, 0x19, 0x31, 0x74, 0xd7, 0xdf,
    0xd3, 0xbe, 0xd2, 0xbe, 0x10, 0xb7, 0x8e, 0x6c, 0x4b, 0x19, 0xb5, 0xde, 0x73, 0xff, 0xf0, 0xfe,
    0x11, 0xf7, 0x4f, 0xff, 0x8d, 0xc5, 0x0b, 0x11, 0x72, 0xbd, 0xf3, 0xfe, 0x0f, 0xf6, 0x2f, 0xf6,
    0x0d, 0xf6, 0x2a, 0x4a, 0x51, 0x42, 0xfe, 0xcd, 0xfc, 0xac, 0xbc, 0xa4, 0xfc, 0xac, 0xbd, 0xac,
    0x36, 0x6b, 0x4c, 0x19, 0x5b, 0xce, 0x3d, 0xef, 0x3d, 0xe7, 0xbf, 0xf7, 0xbb, 0xd6, 0x73, 0x8c,
    0x15, 0xa5, 0xdc, 0xde, 0xdc, 0xde, 0x9e, 0xf7, 0x7d, 0xef, 0xd4, 0x9c, 0x33, 0x84, 0xd2, 0x31,
    0xd2, 0x52, 0x52, 0x8c, 0x76, 0xad, 0xdf, 0xff, 0x5d, 0xef, 0xdc, 0xde, 0x7a, 0xce, 0x93, 0x94,
    0xd4, 0x9c, 0x3d, 0xe7, 0x9e, 0xf7, 0x5d, 0xef, 0x9b, 0xd6, 0x4c, 0x19, 0x16, 0x6c, 0x9f, 0xae,
    0x3d, 0x75, 0x5d, 0x75, 0x5d, 0x75, 0x9e, 0x7d, 0x55, 0x4b, 0xae, 0x21, 0x5e, 0xae, 0xde, 0x8d,
    0x3c, 0x6d, 0x9e, 0x7d, 0x38, 0x5c, 0x2c, 0x11, 0x9b, 0x95, 0x3e, 0x9e, 0x3d, 0x6d, 0x3d, 0x75,
    0x9e, 0x7d, 0x38, 0x5c, 0x2c, 0x19, 0x9b, 0x95, 0x1e, 0x96, 0x3d, 0x75, 0x7d, 0x75, 0x5d, 0x75,
    0xbe, 0x7d, 0xf3, 0x3a, 0xee, 0x29, 0x7e, 0xae, 0x9d, 0x85, 0x3d, 0x6d, 0x5d, 0x75, 0x9e, 0x7d,
    0x9a, 0x64, 0x2c, 0x11, 0xf9, 0x84, 0x5f, 0xa6, 0x3d, 0x6d, 0x5d, 0x75, 0x7d, 0x7d, 0xfc, 0x6c,
    0x4d, 0x11, 0x57, 0x74, 0x7f, 0xa6, 0x3d, 0x6d, 0x5d, 0x75, 0x7d, 0x7d, 0x1b, 0x6d, 0x6d, 0x19,
    0x56, 0x74, 0x7f, 0xa6, 0x3d, 0x6d, 0x5d, 0x75, 0x7d, 0x75, 0x1c, 0x6d, 0x4d, 0x11, 0xb1, 0x84,
    0x74, 0xcf, 0x4d, 0x9e, 0x4e, 0x9e, 0x4e, 0x9e, 0x2f, 0x9e, 0x8b, 0x19, 0x31, 0x74, 0x74, 0xd7,
    0x2e, 0x9e, 0x2e, 0x9e, 0xaf, 0xa6, 0x8f, 0x6c, 0x2b, 0x19, 0x74, 0xde, 0x10, 0xff, 0x6b, 0xf6,
    0x6c, 0xf6, 0xcc, 0xfe, 0x6d, 0xc5, 0x0c, 0x11, 0x52, 0xbd, 0x70, 0xfe, 0x2a, 0xed, 0x2a, 0xed,
    0x8c, 0xf5, 0x2a, 0x4a, 0x51, 0x3a, 0x9d, 0xc5, 0xfa, 0x93, 0xba, 0x8b, 0xba, 0x8b, 0xfb, 0x93,
    0xf6, 0x6a, 0x4c, 0x19, 0x5b, 0xce, 0x5d, 0xef, 0x3d, 0xe7, 0xdf, 0xf7, 0xbb, 0xd6, 0x73, 0x8c,
    0x15, 0xa5, 0xdc, 0xde, 0xfc, 0xde, 0x9e, 0xf7, 0x7d, 0xef, 0xd4, 0x9c, 0x33, 0x84, 0xd2, 0x31,
    0xb2, 0x52, 0x32, 0x8c, 0x76, 0xad, 0xdf, 0xff, 0x5d, 0xef, 0xdc, 0xde, 0x7a, 0xce, 0xb4, 0x94,
    0xd4, 0x9c, 0x3d, 0xe7, 0x9e, 0xf7, 0x5d, 0xef, 0xbb, 0xd6, 0x4c, 0x19, 0x16, 0x6c, 0xbf, 0xae,
    0x7c, 0x7d, 0x7d, 0x7d, 0x7d, 0x7d, 0xbe, 0x7d, 0x55, 0x43, 0xad, 0x21, 0x5e, 0xa6, 0xfe, 0x95,
    0x5c, 0x75, 0xbe, 0x7d, 0x38, 0x5c, 0x2c, 0x11, 0x9c, 0x95, 0x3f, 0x9e, 0x5d, 0x75, 0x7d, 0x7d,
    0x9e, 0x7d, 0xf7, 0x5b, 0x2c, 0x19, 0xbb, 0x9d, 0x3f, 0x9e, 0x5d, 0x7d, 0x7d, 0x7d, 0x5d, 0x7d,
    0x9e, 0x7d, 0xd3, 0x3a, 0xee, 0x29, 0x7e, 0xae, 0xdd, 0x8d, 0x5d, 0x75, 0x7d, 0x7d, 0x9e, 0x7d,
    0x7a, 0x64, 0x0b, 0x11, 0xd8, 0x84, 0x7f, 0xae, 0x7d, 0x7d, 0x7d, 0x7d, 0x7d, 0x75, 0x1c, 0x6d,
    0x4c, 0x11, 0x57, 0x74, 0x9f, 0xae, 0x5c, 0x75, 0x7d, 0x7d, 0x7d, 0x7d, 0x1c, 0x6d, 0x6d, 0x19,
    0x36, 0x6c, 0x9f, 0xae, 0x5d, 0x7d, 0x7d, 0x7d, 0x7d, 0x75, 0xfc, 0x6c, 0x4d, 0x11, 0xb1, 0x84,
    0x95, 0xd7, 0x6e, 0x9e, 0x6e, 0x9e, 0x6e, 0x9e, 0x0f, 0x96, 0x8a, 0x19, 0x31, 0x74, 0x95, 0xd7,
    0x4f, 0x9e, 0x6f, 0x9e, 0xaf, 0xa6, 0x6d, 0x6c, 0x2b, 0x19, 0x94, 0xde, 0x31, 0xff, 0x8d, 0xf6,
    0x8d, 0xf6, 0xac, 0xfe, 0x2c, 0xc5, 0x0c, 0x11, 0x72, 0xbd, 0x91, 0xfe, 0x4b, 0xed, 0x6b, 0xf5,
    0x8c, 0xf5, 0x0b, 0x4a, 0x31, 0x3a, 0xbe, 0xc5, 0x5a, 0x9c, 0xda, 0x93, 0xfa, 0x93, 0xfb, 0x93,
    0xd6, 0x6a, 0x6c, 0x19, 0x5b, 0xce, 0x5d, 0xef, 0x3d, 0xe7, 0xbf, 0xf7, 0xbb, 0xd6, 0x73, 0x8c,
    0x15, 0xa5, 0xdc, 0xde, 0xdc, 0xde, 0x9e, 0xf7, 0x7d, 0xef, 0xd4, 0x9c, 0x53, 0x8c, 0xd2, 0x31,
    0xb2, 0x52, 0x32, 0x84, 0x76, 0xad, 0xdf, 0xff, 0x5d, 0xef, 0xdc, 0xde, 0x7a, 0xce, 0xb4, 0x94,
    0xd4, 0x9c, 0x3d, 0xe7, 0x9e, 0xf7, 0x5d, 0xef, 0x9c, 0xd6, 0x4c, 0x19, 0xd6, 0x5b, 0x5f, 0x9e,
    0x3d, 0x75, 0x5d, 0x75, 0x3d, 0x75, 0x9e, 0x7d, 0x34, 0x43, 0x8d, 0x21, 0xfd, 0x95, 0xbe, 0x85,
    0x3d, 0x6d, 0x9e, 0x75, 0x18, 0x5c, 0x2b, 0x11, 0x1a, 0x7d, 0x1f, 0x8e, 0x5d, 0x75, 0x5d, 0x75,
    0x7e, 0x75, 0xf8, 0x53, 0x2c, 0x11, 0x3b, 0x85, 0xff, 0x8d, 0x3d, 0x75, 0x5d, 0x75, 0x5d, 0x75,
    0x9e, 0x75, 0xd3, 0x32, 0xce, 0x29, 0x1e, 0x9e, 0xbe, 0x85, 0x5d, 0x75, 0x5d, 0x75, 0x7d, 0x75,
    0x9a, 0x64, 0x0b, 0x11, 0xb8, 0x74, 0x3f, 0x96, 0x3d, 0x75, 0x5d, 0x75, 0x7e, 0x75, 0xfb, 0x6c,
    0x2c, 0x11, 0xf6, 0x63, 0x3f, 0x96, 0x3d, 0x75, 0x5d, 0x75, 0x5e, 0x75, 0xfc, 0x6c, 0x4d, 0x19,
    0xd5, 0x5b, 0x5f, 0x9e, 0x5d, 0x75, 0x5d, 0x75, 0x5d, 0x75, 0xfc, 0x6c, 0x4d, 0x11, 0x8f, 0x74,
    0x52, 0xc7, 0x4d, 0x9e, 0x6e, 0x9e, 0x6d, 0x9e, 0x0e, 0x96, 0x6a, 0x19, 0xef, 0x63, 0x52, 0xc7,
    0x4e, 0x9e, 0x4d, 0x9e, 0xae, 0xa6, 0x6e, 0x6c, 0x4b, 0x19, 0x50, 0xde, 0xee, 0xfe, 0x6b, 0xf6,
    0x6c, 0xf6, 0xac, 0xfe, 0x2c, 0xc5, 0x0b, 0x11, 0xee, 0xbc, 0x2e, 0xfe, 0x2a, 0xf5, 0x4a, 0xf5,
    0x6b, 0xf5, 0x0a, 0x4a, 0x10, 0x3a, 0x1d, 0xb5, 0x1b, 0x9c, 0xba, 0x8b, 0xba, 0x93, 0xbb, 0x93,
    0xb6, 0x62, 0x4c, 0x19, 0x5b, 0xc6, 0x5d, 0xef, 0x3d, 0xe7, 0xdf, 0xf7, 0xbb, 0xd6, 0x73, 0x8c,
    0x15, 0xa5, 0xdc, 0xde, 0xdc, 0xde, 0x9e, 0xf7, 0x7d, 0xef, 0xd4, 0x9c, 0x53, 0x8c, 0xd2, 0x31,
    0xb2, 0x52, 0x32, 0x84, 0x76, 0xad, 0xdf, 0xff, 0x5d, 0xef, 0xdc, 0xde, 0x7a, 0xce, 0xb4, 0x94,
    0xd4, 0x9c, 0x5d, 0xe7, 0x9e, 0xf7, 0x5d, 0xef, 0x9c, 0xd6, 0x6c, 0x21, 0x55, 0x4b, 0x5d, 0x75,
    0x1c, 0x6d, 0x1c, 0x6d, 0xfc, 0x6c, 0x5d, 0x75, 0x14, 0x43, 0x8e, 0x21, 0xdb, 0x6c, 0x1c, 0x6d,
    0xfc, 0x6c, 0x1c, 0x75, 0xd7, 0x53, 0x4c, 0x19, 0x59, 0x64, 0x1c, 0x75, 0xdb, 0x6c, 0xbb, 0x6c,
    0x1c, 0x6d, 0xb7, 0x53, 0x6d, 0x19, 0x59, 0x64, 0xfc, 0x6c, 0xbb, 0x6c, 0xbb, 0x6c, 0xbb, 0x6c,
    0xfc, 0x6c, 0xb2, 0x3a, 0xcf, 0x29, 0x1c, 0x75, 0xdb, 0x6c, 0xbb, 0x6c, 0xbb, 0x6c, 0xfc, 0x6c,
    0x39, 0x5c, 0x4c, 0x19, 0xf7, 0x5b, 0x1c, 0x75, 0x9b, 0x64, 0xbb, 0x64, 0xdc, 0x6c, 0x59, 0x64,
    0x6d, 0x19, 0x95, 0x53, 0x3c, 0x75, 0xbb, 0x6c, 0xbb, 0x6c, 0xdc, 0x6c, 0x7a, 0x64, 0x6d, 0x21,
    0x54, 0x4b, 0x1c, 0x75, 0xbb, 0x64, 0xbb, 0x64, 0xdb, 0x6c, 0x9a, 0x64, 0x6d, 0x19, 0xee, 0x63,
    0x0e, 0x96, 0xad, 0x85, 0xae, 0x8d, 0xcd, 0x8d, 0x8e, 0x85, 0xab, 0x21, 0x8d, 0x53, 0x2e, 0x96,
    0xad, 0x85, 0xad, 0x85, 0x0e, 0x8e, 0x0d, 0x5c, 0x4b, 0x21, 0x4e, 0xc5, 0xec, 0xe5, 0xac, 0xdd,
    0xac, 0xdd, 0x0c, 0xe6, 0xcd, 0xb4, 0x2c, 0x19, 0xec, 0xa3, 0x0b, 0xe5, 0xab, 0xdc, 0xab, 0xd4,
    0xec, 0xdc, 0x2b, 0x4a, 0xf1, 0x31, 0xb9, 0x8b, 0x58, 0x7b, 0x59, 0x7b, 0x58, 0x7b, 0x79, 0x83,
    0x94, 0x5a, 0x6c, 0x19, 0x5b, 0xce, 0x5d, 0xef, 0x3d, 0xe7, 0xdf, 0xf7, 0xbb, 0xd6, 0x73, 0x8c,
    0x15, 0xa5, 0xdc, 0xde, 0xdc, 0xde, 0x9e, 0xf7, 0x7d, 0xef, 0xd4, 0x9c, 0x53, 0x8c, 0xd2, 0x31,
    0xb2, 0x52, 0x32, 0x84, 0x76, 0xad, 0xdf, 0xff, 0x5d, 0xef, 0xdc, 0xde, 0x7a, 0xce, 0xb4, 0x94,
    0xd4, 0x9c, 0x5d, 0xe7, 0x9e, 0xf7, 0x5d, 0xef, 0x9b, 0xce, 0x2c, 0x19, 0x0c, 0x11, 0x6d, 0x11,
    0x6d, 0x19, 0xae, 0x21, 0xce, 0x21, 0x6d, 0x19, 0x0c, 0x11, 0xeb, 0x08, 0x2d, 0x11, 0x4d, 0x11,
    0x4c, 0x11, 0xae, 0x21, 0x8d, 0x19, 0xeb, 0x08, 0x2d, 0x11, 0x2d, 0x11, 0x2c, 0x09, 0x2c, 0x11,
    0x2c, 0x11, 0x0c, 0x09, 0xeb, 0x08, 0x2c, 0x11, 0x2c, 0x11, 0x2c, 0x11, 0x2c, 0x11, 0x2c, 0x11,
    0x2c, 0x11, 0x0b, 0x09, 0xeb, 0x08, 0x4c, 0x11, 0x2c, 0x11, 0x2c, 0x11, 0x2c, 0x11, 0x2c, 0x11,
    0x0c, 0x09, 0xeb, 0x08, 0x2c, 0x11, 0x2c, 0x11, 0x2c, 0x11, 0x2c, 0x11, 0x2c, 0x11, 0x0c, 0x09,
    0xeb, 0x08, 0x0c, 0x11, 0x2c, 0x11, 0x2c, 0x11, 0x2c, 0x11, 0x2c, 0x11, 0x2c, 0x09, 0xeb, 0x08,
    0x0c, 0x09, 0x2c, 0x11, 0x2c, 0x11, 0x2c, 0x11, 0x2c, 0x11, 0x2c, 0x11, 0xeb, 0x08, 0x2b, 0x11,
    0x4a, 0x11, 0x4a, 0x11, 0x4a, 0x11, 0x4a, 0x11, 0x4b, 0x11, 0xeb, 0x08, 0x0b, 0x11, 0x4b, 0x11,
    0x2a, 0x11, 0x2a, 0x11, 0x4a, 0x11, 0x0a, 0x11, 0xeb, 0x08, 0x2b, 0x19, 0x4a, 0x19, 0x2a, 0x19,
    0x4b, 0x19, 0x4a, 0x19, 0x2a, 0x19, 0xeb, 0x08, 0x2a, 0x19, 0x2a, 0x19, 0x0a, 0x19, 0x2a, 0x19,
    0x2a, 0x21, 0xeb, 0x10, 0xec, 0x08, 0x0c, 0x19, 0x0c, 0x11, 0x0c, 0x11, 0x0c, 0x11, 0x0c, 0x19,
    0xeb, 0x10, 0x0b, 0x11, 0x5a, 0xc6, 0x5d, 0xef, 0x3d, 0xe7, 0xdf, 0xf7, 0xbb, 0xd6, 0x73, 0x8c,
    0x15, 0xa5, 0xdc, 0xde, 0xfc, 0xde, 0x9e, 0xf7, 0x7e, 0xef, 0xd4, 0x9c, 0x33, 0x84, 0xd2, 0x31,
    0xb2, 0x52, 0x32, 0x8c, 0x76, 0xad, 0xdf, 0xff, 0x5d, 0xef, 0xdc, 0xde, 0x7a, 0xce, 0xb4, 0x94,
    0xd4, 0x9c, 0x5d, 0xe7, 0x9e, 0xf7, 0x3d, 0xef, 0xdc, 0xde, 0x55, 0x84, 0x14, 0x7c, 0x14, 0x7c,
    0x35, 0x84, 0x6f, 0x42, 0x2c, 0x19, 0x14, 0x7c, 0x14, 0x7c, 0x14, 0x7c, 0x14, 0x7c, 0xf4, 0x7b,
    0x54, 0x84, 0x0e, 0x3a, 0x8d, 0x21, 0x55, 0x84, 0x14, 0x7c, 0x14, 0x7c, 0x14, 0x7c, 0x14, 0x7c,
    0x14, 0x7c, 0x14, 0x7c, 0x34, 0x7c, 0x14, 0x7c, 0x14, 0x7c, 0x14, 0x7c, 0x14, 0x7c, 0x14, 0x7c,
    0x14, 0x7c, 0x34, 0x7c, 0x14, 0x7c, 0x14, 0x7c, 0x14, 0x7c, 0x14, 0x7c, 0x14, 0x7c, 0x14, 0x7c,
    0x14, 0x7c, 0x14, 0x7c, 0x14, 0x7c, 0x14, 0x7c, 0x14, 0x7c, 0x14, 0x7c, 0x14, 0x7c, 0x14, 0x7c,
    0x14, 0x7c, 0x14, 0x7c, 0x14, 0x7c, 0x14, 0x7c, 0x14, 0x7c, 0x14, 0x7c, 0x14, 0x7c, 0x14, 0x7c,
    0x14, 0x7c, 0x14, 0x7c, 0x14, 0x7c, 0x14, 0x7c, 0x14, 0x7c, 0x14, 0x7c, 0x14, 0x7c, 0x14, 0x7c,
    0x14, 0x7c, 0x14, 0x7c, 0x14, 0x7c, 0x14, 0x7c, 0x14, 0x7c, 0x14, 0x7c, 0x14, 0x7c, 0x14, 0x7c,
    0x14, 0x7c, 0x14, 0x7c, 0x14, 0x7c, 0x14, 0x7c, 0x14, 0x7c, 0x14, 0x7c, 0x15, 0x7c, 0x14, 0x7c,
    0x14, 0x7c, 0x14, 0x7c, 0x14, 0x7c, 0x34, 0x7c, 0x14, 0x7c, 0x14, 0x7c, 0x14, 0x7c, 0x14, 0x7c,
    0x35, 0x7c, 0x34, 0x7c, 0x34, 0x7c, 0x14, 0x7c, 0x14, 0x7c, 0x34, 0x7c, 0x34, 0x7c, 0x34, 0x7c,
    0x34, 0x7c, 0x55, 0x84, 0xbb, 0xd6, 0x3d, 0xe7, 0x3d, 0xe7, 0xbf, 0xf7, 0xdb, 0xd6, 0x73, 0x8c,
    0x15, 0xa5, 0xdc, 0xde, 0xfc, 0xde, 0x9e, 0xf7, 0x7d, 0xef, 0xd4, 0x9c, 0x53, 0x8c, 0xd1, 0x31,
    0xd2, 0x52, 0x52, 0x8c, 0x76, 0xad, 0xdf, 0xff, 0x5d, 0xef, 0xdc, 0xde, 0x7a, 0xce, 0xb4, 0x94,
    0xd4, 0x9c, 0x5d, 0xe7, 0x9e, 0xf7, 0x3d, 0xe7, 0x3c, 0xe7, 0x9e, 0xf7, 0x9e, 0xf7, 0x9e, 0xf7,
    0xff, 0xff, 0x57, 0xa5, 0xd3, 0x73, 0x9e, 0xf7, 0x9e, 0xf7, 0x9e, 0xf7, 0x9e, 0xf7, 0x7e, 0xf7,
    0xff, 0xff, 0xd6, 0x94, 0x14, 0x7c, 0xbf, 0xf7, 0x9e, 0xf7, 0x9e, 0xf7, 0x9e, 0xf7, 0x9e, 0xf7,
    0x9e, 0xf7, 0x9e, 0xf7, 0x9e, 0xf7, 0x9e, 0xf7, 0x9e, 0xf7, 0x9e, 0xf7, 0x9e, 0xf7, 0x9e, 0xf7,
    0x9e, 0xf7, 0x9e, 0xf7, 0x9e, 0xf7, 0x9e, 0xf7, 0x9e, 0xf7, 0x9e, 0xf7, 0x9e, 0xf7, 0x9e, 0xf7,
    0x9e, 0xf7, 0x9e, 0xf7, 0x9e, 0xf7, 0x9e, 0xf7, 0x9e, 0xf7, 0x9e, 0xf7, 0x9e, 0xf7, 0x9e, 0xf7,
    0x9e, 0xf7, 0x9e, 0xf7, 0x9e, 0xf7, 0x9e, 0xf7, 0x9e, 0xf7, 0x9e, 0xf7, 0x9e, 0xf7, 0x9e, 0xf7,
    0x9e, 0xf7, 0x9e, 0xf7, 0x9e, 0xf7, 0x9e, 0xf7, 0x9e, 0xf7, 0x9e, 0xf7, 0x9e, 0xf7, 0x9e, 0xf7,
    0x9e, 0xf7, 0x9e, 0xf7, 0x9e, 0xf7, 0x9e, 0xf7, 0x9e, 0xf7, 0x9e, 0xf7, 0x9e, 0xf7, 0x9e, 0xf7,
    0x9e, 0xf7, 0x9e, 0xf7, 0x9e, 0xf7, 0x9e, 0xf7, 0x9e, 0xf7, 0x9e, 0xf7, 0x9e, 0xf7, 0x9e, 0xf7,
    0x9e, 0xf7, 0x9e, 0xf7, 0x9e, 0xf7, 0x9e, 0xf7, 0x9e, 0xf7, 0x9e, 0xf7, 0x9e, 0xf7, 0x9e, 0xf7,
    0x9e, 0xf7, 0x9e, 0xf7, 0x9e, 0xf7, 0x9e, 0xf7, 0x9e, 0xf7, 0x9e, 0xf7, 0x9e, 0xf7, 0x9e, 0xf7,
    0x9e, 0xf7, 0x9e, 0xef, 0x3c, 0xe7, 0x1d, 0xe7, 0x5d, 0xef, 0xbf, 0xf7, 0xdb, 0xd6, 0x93, 0x94,
    0x15, 0xa5, 0xdc, 0xde, 0xdc, 0xde, 0x9e, 0xf7, 0x7e, 0xef, 0xf4, 0x9c, 0x53, 0x8c, 0xd2, 0x31,
    0xd2, 0x52, 0x52, 0x8c, 0x76, 0xad, 0xdf, 0xff, 0x5d, 0xef, 0xdc, 0xde, 0x7a, 0xce, 0xb4, 0x94,
    0xd4, 0x9c, 0x3d, 0xe7, 0x9e, 0xf7, 0x3d, 0xe7, 0x1d, 0xe7, 0x1d, 0xe7, 0x1d, 0xe7, 0x1c, 0xe7,
    0x1d, 0xe7, 0x3d, 0xe7, 0x5d, 0xef, 0x1c, 0xe7, 0x1c, 0xe7, 0x1c, 0xe7, 0x1d, 0xe7, 0x1d, 0xe7,
    0x1c, 0xe7, 0x1d, 0xe7, 0x3d, 0xe7, 0x1c, 0xe7, 0x1c, 0xe7, 0x1c, 0xe7, 0xfc, 0xe6, 0xfc, 0xde,
    0xfc, 0xde, 0xfc, 0xde, 0xfc, 0xde, 0xfc, 0xde, 0xfc, 0xde, 0xfc, 0xde, 0xfc, 0xde, 0xfc, 0xde,
    0xfc, 0xde, 0xfc, 0xde, 0xfc, 0xde, 0xfc, 0xde, 0xfc, 0xde, 0xfc, 0xde, 0xfc, 0xde, 0xfc, 0xde,
    0xfc, 0xde, 0xfc, 0xde, 0xfc, 0xde, 0xfc, 0xde, 0xfc, 0xde, 0xfc, 0xde, 0xfc, 0xde, 0xfc, 0xde,
    0xfc, 0xde, 0xfc, 0xde, 0xfc, 0xde, 0xfc, 0xde, 0xfc, 0xde, 0xfc, 0xde, 0xfc, 0xde, 0xfc, 0xde,
    0xfc, 0xde, 0xfc, 0xde, 0xfc, 0xde, 0xfc, 0xde, 0xfc, 0xde, 0xfc, 0xde, 0xfc, 0xde, 0xfc, 0xde,
    0xfc, 0xde, 0xfc, 0xde, 0xfc, 0xde, 0xfc, 0xde, 0xfc, 0xde, 0xfc, 0xde, 0xfc, 0xde, 0xfc, 0xde,
    0xfc, 0xde, 0xfc, 0xde, 0xfc, 0xde, 0xfc, 0xde, 0xfc, 0xde, 0xfc, 0xde, 0xfc, 0xde, 0xfc, 0xde,
    0xfc, 0xde, 0xfc, 0xde, 0xfc, 0xde, 0xfc, 0xde, 0xfc, 0xde, 0xfc, 0xde, 0xfc, 0xde, 0xfc, 0xde,
    0xfc, 0xde, 0xfc, 0xde, 0xfc, 0xde, 0xfc, 0xde, 0xfc, 0xde, 0xfc, 0xde, 0xfc, 0xde, 0xfc, 0xde,
    0xfd, 0xde, 0x1d, 0xe7, 0x1c, 0xe7, 0x1d, 0xe7, 0x5d, 0xef, 0xbf, 0xf7, 0xbb, 0xd6, 0x73, 0x8c,
    0x15, 0xa5, 0xdc, 0xde, 0xdc, 0xde, 0x9e, 0xf7, 0x7e, 0xef, 0xf4, 0x9c, 0x53, 0x8c, 0xd2, 0x31,
    0xd2, 0x52, 0x52, 0x8c, 0x76, 0xad, 0xdf, 0xff, 0x5d, 0xef, 0xdc, 0xde, 0x7a, 0xce, 0x93, 0x94,
    0xd4, 0x9c, 0x3d, 0xe7, 0x9e, 0xf7, 0x3d, 0xe7, 0x1d, 0xe7, 0x3d, 0xe7, 0x3d, 0xe7, 0x1c, 0xe7,
    0x9e, 0xf7, 0x14, 0x7c, 0x0e, 0x3a, 0x1d, 0xe7, 0x1d, 0xe7, 0x1d, 0xe7, 0x1d, 0xe7, 0x1c, 0xe7,
    0x9e, 0xf7, 0x72, 0x63, 0x4f, 0x42, 0x5e, 0xef, 0x1d, 0xe7, 0x3d, 0xe7, 0x7e, 0xf7, 0x9e, 0xf7,
    0x9e, 0xf7, 0x9e, 0xf7, 0x9e, 0xf7, 0x9e, 0xf7, 0x9e, 0xf7, 0x9e, 0xf7, 0x9e, 0xf7, 0x9e, 0xf7,
    0x9e, 0xf7, 0x9e, 0xf7, 0x9e, 0xf7, 0x9e, 0xf7, 0x9e, 0xf7, 0x9e, 0xf7, 0x9e, 0xf7, 0x7e, 0xf7,
    0x9e, 0xf7, 0x9e, 0xf7, 0x7e, 0xf7, 0x9e, 0xf7, 0x9e, 0xf7, 0x9e, 0xf7, 0x9e, 0xf7, 0x9e, 0xf7,
    0x9e, 0xf7, 0x9e, 0xf7, 0x9e, 0xf7, 0x9e, 0xf7, 0x9e, 0xf7, 0x9e, 0xf7, 0x7e, 0xf7, 0x9e, 0xf7,
    0x9e, 0xf7, 0x9e, 0xf7, 0x9e, 0xf7, 0x9e, 0xf7, 0x9e, 0xf7, 0x9e, 0xf7, 0x9e, 0xf7, 0x7e, 0xf7,
    0x7e, 0xf7, 0x9e, 0xf7, 0x9e, 0xf7, 0x9e, 0xf7, 0x9e, 0xf7, 0x9e, 0xf7, 0x9e, 0xf7, 0x9e, 0xf7,
    0x7e, 0xf7, 0x9e, 0xf7, 0x9e, 0xf7, 0x9e, 0xf7, 0x9e, 0xf7, 0x9e, 0xf7, 0x9e, 0xf7, 0x9e, 0xf7,
    0x9e, 0xf7, 0x9e, 0xf7, 0x9e, 0xf7, 0x9e, 0xf7, 0x9e, 0xf7, 0x9e, 0xf7, 0x9e, 0xf7, 0x9e, 0xf7,
    0x9e, 0xf7, 0x9e, 0xf7, 0x7e, 0xf7, 0x9e, 0xf7, 0x9e, 0xf7, 0x9e, 0xf7, 0x7e, 0xf7, 0x9e, 0xf7,
    0x7e, 0xef, 0x1d, 0xe7, 0x3c, 0xe7, 0x1d, 0xe7, 0x5d, 0xef, 0xbf, 0xf7, 0xbb, 0xd6, 0x73, 0x8c,
    0x15, 0xa5, 0xdc, 0xde, 0xfc, 0xde, 0x9e, 0xf7, 0x7d, 0xef, 0xd4, 0x9c, 0x53, 0x8c, 0xd2, 0x31,
    0xd2, 0x52, 0x52, 0x8c, 0x76, 0xad, 0xdf, 0xff, 0x5d, 0xef, 0xdc, 0xde, 0x7a, 0xce, 0x93, 0x94,
    0xb4, 0x94, 0x3d, 0xe7, 0x9e, 0xf7, 0x3d, 0xe7, 0x1d, 0xe7, 0x3d, 0xe7, 0x3d, 0xe7, 0x1d, 0xe7,
    0x5d, 0xef, 0xd9, 0xb5, 0xb5, 0x94, 0x1d, 0xe7, 0x3d, 0xe7, 0x1d, 0xe7, 0x1d, 0xe7, 0x1c, 0xe7,
    0x5e, 0xef, 0x58, 0xa5, 0xd5, 0x94, 0x3d, 0xe7, 0x3d, 0xe7, 0xfd, 0xe6, 0x16, 0x9d, 0xd6, 0x94,
    0xd6, 0x94, 0xd6, 0x94, 0xd6, 0x94, 0xd6, 0x94, 0xd6, 0x94, 0xd6, 0x94, 0xd6, 0x94, 0xd6, 0x94,
    0xd6, 0x94, 0xd6, 0x94, 0xd6, 0x94, 0xf7, 0x94, 0xd6, 0x94, 0xd6, 0x94, 0xd6, 0x94, 0xd6, 0x94,
    0xd6, 0x94, 0xd6, 0x94, 0xd6, 0x94, 0xd6, 0x94, 0xd6, 0x94, 0xd6, 0x94, 0xd6, 0x94, 0xd6, 0x94,
    0xd6, 0x94, 0xd6, 0x94, 0xd6, 0x94, 0xd6, 0x94, 0xd6, 0x94, 0xd6, 0x94, 0xd6, 0x94, 0xd6, 0x94,
    0xd6, 0x94, 0xd6, 0x94, 0xd6, 0x94, 0xd6, 0x94, 0xd6, 0x94, 0xd6, 0x94, 0xd6, 0x94, 0xd6, 0x94,
    0xd7, 0x94, 0xd7, 0x94, 0xd6, 0x94, 0xd6, 0x94, 0xd6, 0x94, 0xd6, 0x94, 0xd7, 0x94, 0xd6, 0x94,
    0xd6, 0x94, 0xd6, 0x94, 0xd6, 0x94, 0xd6, 0x94, 0xd6, 0x94, 0xd6, 0x94, 0xd7, 0x94, 0xd6, 0x94,
    0xd6, 0x94, 0xd6, 0x94, 0xd6, 0x94, 0xd7, 0x94, 0xd6, 0x94, 0xd6, 0x94, 0xd6, 0x94, 0xd6, 0x94,
    0xd6, 0x94, 0xd6, 0x94, 0xd6, 0x94, 0xd6, 0x94, 0xd6, 0x94, 0xd6, 0x94, 0xd6, 0x94, 0xb6, 0x8c,
    0x98, 0xad, 0x5d, 0xef, 0x1d, 0xe7, 0x1c, 0xe7, 0x5d, 0xef, 0xbf, 0xf7, 0xbb, 0xd6, 0x73, 0x8c,
    0x15, 0xa5, 0xdc, 0xde, 0xdc, 0xde, 0x9e, 0xf7, 0x7d, 0xef, 0xd4, 0x9c, 0x53, 0x8c, 0xd2, 0x31,
    0xd2, 0x52, 0x52, 0x8c, 0x76, 0xad, 0xdf, 0xff, 0x5d, 0xef, 0xdc, 0xde, 0x7a, 0xce, 0x93, 0x94,
    0xd4, 0x9c, 0x3d, 0xe7, 0x9e, 0xf7, 0x3d, 0xe7, 0x1d, 0xe7, 0x1d, 0xe7, 0x1d, 0xe7, 0x3c, 0xe7,
    0x3d, 0xe7, 0xdc, 0xd6, 0x7b, 0xd6, 0x1d, 0xe7, 0x1d, 0xe7, 0x1d, 0xe7, 0x1d, 0xe7, 0x3d, 0xe7,
    0x3c, 0xef, 0x9c, 0xd6, 0x7b, 0xd6, 0x3d, 0xe7, 0x1d, 0xdf, 0x3b, 0xc6, 0x6c, 0x21, 0xca, 0x08,
    0x0b, 0x11, 0xeb, 0x10, 0xeb, 0x10, 0xeb, 0x08, 0xeb, 0x08, 0xeb, 0x10, 0xeb, 0x10, 0xeb, 0x10,
    0xea, 0x10, 0xeb, 0x10, 0xeb, 0x10, 0xeb, 0x10, 0xeb, 0x10, 0xeb, 0x10, 0xeb, 0x10, 0xeb, 0x10,
    0xeb, 0x10, 0x0b, 0x09, 0xeb, 0x08, 0x0b, 0x11, 0x0b, 0x11, 0x0b, 0x11, 0xea, 0x10, 0xeb, 0x10,
    0x0c, 0x11, 0xeb, 0x08, 0xeb, 0x10, 0xeb, 0x10, 0xeb, 0x10, 0xeb, 0x10, 0xeb, 0x10, 0xeb, 0x08,
    0xeb, 0x08, 0xeb, 0x10, 0xeb, 0x10, 0xeb, 0x10, 0xeb, 0x10, 0xeb, 0x10, 0xeb, 0x10, 0xeb, 0x08,
    0xea, 0x10, 0xeb, 0x10, 0x0b, 0x11, 0xeb, 0x10, 0xeb, 0x10, 0xeb, 0x08, 0xeb, 0x08, 0xeb, 0x10,
    0x0b, 0x11, 0x0b, 0x11, 0xeb, 0x10, 0xeb, 0x10, 0xeb, 0x10, 0xeb, 0x10, 0xeb, 0x10, 0xeb, 0x10,
    0xeb, 0x10, 0xeb, 0x10, 0x0b, 0x11, 0xeb, 0x08, 0xeb, 0x08, 0xeb, 0x10, 0xeb, 0x10, 0xeb, 0x10,
    0xeb, 0x10, 0xeb, 0x10, 0x0b, 0x09, 0xeb, 0x10, 0xeb, 0x10, 0x0a, 0x11, 0x0b, 0x11, 0xaa, 0x00,
    0xd1, 0x4a, 0xdd, 0xde, 0xfc, 0xe6, 0x1d, 0xe7, 0x5d, 0xef, 0xbf, 0xf7, 0xbb, 0xd6, 0x73, 0x8c,
    0x15, 0xa5, 0xdc, 0xde, 0xfc, 0xde, 0x9e, 0xf7, 0x7d, 0xef, 0xd4, 0x9c, 0x53, 0x8c, 0xd2, 0x31,
    0xd2, 0x52, 0x52, 0x8c, 0x76, 0xad, 0xdf, 0xff, 0x5d, 0xef, 0xdc, 0xde, 0x7a, 0xce, 0x93, 0x94,
    0xd4, 0x9c, 0x3d, 0xe7, 0x9e, 0xf7, 0x3d, 0xe7, 0x1d, 0xe7, 0x1d, 0xe7, 0x1d, 0xe7, 0xfd, 0xe6,
    0x9e, 0xf7, 0xd3, 0x73, 0x8c, 0x21, 0x3d, 0xe7, 0x3d, 0xe7, 0x1d, 0xe7, 0x1d, 0xe7, 0x1d, 0xe7,
    0x9e, 0xf7, 0x11, 0x5b, 0xcd, 0x31, 0xbf, 0xff, 0xd6, 0x94, 0xae, 0x29, 0x7b, 0xb5, 0xfc, 0xcd,
    0xfc, 0xcd, 0xbc, 0xc5, 0x1c, 0xb5, 0x91, 0x4a, 0x0f, 0x32, 0xdc, 0xc5, 0xfc, 0xc5, 0xfc, 0xcd,
    0x9b, 0xbd, 0xfb, 0xb4, 0x71, 0x42, 0x2f, 0x3a, 0x1d, 0xce, 0xdb, 0xc5, 0xfc, 0xcd, 0x9b, 0xbd,
    0xdb, 0xac, 0xef, 0x39, 0xb1, 0x4a, 0x3d, 0xce, 0xdc, 0xc5, 0xfc, 0xc5, 0xdc, 0xc5, 0x1c, 0xbd,
    0x72, 0x4a, 0x0e, 0x3a, 0xfc, 0xc5, 0xdc, 0xc5, 0xfc, 0xcd, 0xbc, 0xbd, 0xfc, 0xb4, 0x72, 0x4a,
    0xee, 0x31, 0xdc, 0xc5, 0xfc, 0xcd, 0xdc, 0xc5, 0xbc, 0xc5, 0x3c, 0xbd, 0x55, 0x73, 0x6d, 0x21,
    0x7b, 0xb5, 0xdc, 0xc5, 0xfc, 0xcd, 0xbc, 0xc5, 0x5c, 0xbd, 0x34, 0x6b, 0x6c, 0x21, 0x7b, 0xbd,
    0xfc, 0xcd, 0xdc, 0xc5, 0xbc, 0xc5, 0x1b, 0xb5, 0x92, 0x52, 0xee, 0x31, 0xfc, 0xc5, 0xdc, 0xc5,
    0xfc, 0xcd, 0xdc, 0xc5, 0x1b, 0xb5, 0x30, 0x42, 0x50, 0x42, 0xfd, 0xc5, 0xdc, 0xcd, 0xdc, 0xc5,
    0x9c, 0xc5, 0xfb, 0xac, 0xce, 0x29, 0x12, 0x5b, 0x1d, 0xce, 0xdc, 0xc5, 0xbc, 0xc5, 0x1b, 0xb5,
    0xb6, 0x83, 0xcd, 0x29, 0x9b, 0xce, 0x3d, 0xef, 0x3d, 0xe7, 0xdf, 0xf7, 0xbb, 0xd6, 0x73, 0x8c,
    0x15, 0xa5, 0xdc, 0xde, 0xfc, 0xde, 0x9e, 0xf7, 0x7d, 0xef, 0xd4, 0x9c, 0x53, 0x8c, 0xd2, 0x31,
    0xd2, 0x52, 0x52, 0x8c, 0x76, 0xad, 0xdf, 0xff, 0x5d, 0xef, 0xdc, 0xde, 0x7a, 0xce, 0xb4, 0x94,
    0xd4, 0x9c, 0x5d, 0xe7, 0x9e, 0xf7, 0x3d, 0xe7, 0x1d, 0xe7, 0x1d, 0xe7, 0x3d, 0xe7, 0x1d, 0xe7,
    0x3d, 0xe7, 0x9c, 0xce, 0x3a, 0xc6, 0x1d, 0xe7, 0x1d, 0xe7, 0x1d, 0xe7, 0x1d, 0xe7, 0x1d, 0xe7,
    0x3d, 0xef, 0x7b, 0xce, 0x3a, 0xc6, 0xff, 0xff, 0xd6, 0x94, 0x0c, 0x19, 0x3d, 0xd6, 0x1e, 0xde,
    0x7d, 0xcd, 0x7d, 0xcd, 0x1d, 0xc5, 0x92, 0x52, 0x0f, 0x32, 0x5e, 0xde, 0xdd, 0xd5, 0x7d, 0xcd,
    0x7d, 0xcd, 0x1d, 0xc5, 0x31, 0x4a, 0x50, 0x42, 0x9f, 0xe6, 0xdd, 0xd5, 0x7d, 0xcd, 0x7d, 0xcd,
    0x1d, 0xc5, 0xcf, 0x31, 0xf2, 0x52, 0x9f, 0xee, 0x9d, 0xcd, 0x9d, 0xcd, 0x9d, 0xcd, 0x3e, 0xcd,
    0x72, 0x52, 0xee, 0x31, 0x9e, 0xe6, 0xde, 0xd5, 0x7d, 0xcd, 0x9d, 0xcd, 0x1e, 0xcd, 0x52, 0x4a,
    0x2f, 0x3a, 0x9f, 0xe6, 0x9d, 0xcd, 0x7d, 0xcd, 0xbd, 0xd5, 0x3e, 0xcd, 0x36, 0x73, 0x4c, 0x19,
    0xfd, 0xcd, 0x1e, 0xde, 0x5c, 0xcd, 0x9d, 0xd5, 0x3e, 0xcd, 0x15, 0x73, 0x6c, 0x21, 0x1d, 0xd6,
    0xfe, 0xd5, 0x7d, 0xcd, 0x7d, 0xcd, 0x1d, 0xcd, 0x92, 0x52, 0xee, 0x31, 0x5e, 0xde, 0xdd, 0xd5,
    0x9d, 0xcd, 0x9d, 0xcd, 0xfd, 0xc4, 0x31, 0x42, 0x70, 0x42, 0x9f, 0xe6, 0xbd, 0xd5, 0x9d, 0xcd,
    0x7d, 0xcd, 0xfd, 0xbc, 0x8e, 0x29, 0x53, 0x6b, 0xbf, 0xee, 0x7c, 0xcd, 0x7d, 0xcd, 0x5e, 0xcd,
    0x76, 0x83, 0x6c, 0x19, 0x7b, 0xce, 0x3d, 0xef, 0x3d, 0xe7, 0xbf, 0xf7, 0xbb, 0xd6, 0x73, 0x8c,
    0x15, 0xa5, 0xdc, 0xde, 0xfc, 0xde, 0x9e, 0xf7, 0x7e, 0xef, 0xd4, 0x9c, 0x53, 0x8c, 0xd2, 0x31,
    0xd2, 0x52, 0x52, 0x8c, 0x76, 0xad, 0xdf, 0xff, 0x5d, 0xef, 0xdc, 0xde, 0x7a, 0xce, 0x94, 0x94,
    0xd4, 0x9c, 0x5d, 0xe7, 0x9e, 0xf7, 0x3d, 0xe7, 0x1d, 0xe7, 0x1d, 0xe7, 0x1d, 0xe7, 0x1d, 0xe7,
    0x3d, 0xef, 0x1a, 0xc6, 0x78, 0xad, 0x1d, 0xe7, 0x1d, 0xe7, 0x1d, 0xe7, 0x1d, 0xe7, 0x1d, 0xe7,
    0x3d, 0xef, 0xb8, 0xb5, 0x77, 0xad, 0x98, 0xad, 0x12, 0x5b, 0x8d, 0x21, 0xbd, 0xcd, 0xdc, 0xbc,
    0xfb, 0xa3, 0x1b, 0xac, 0x5c, 0xb4, 0x31, 0x4a, 0x0f, 0x32, 0xfe, 0xd5, 0x7b, 0xb4, 0xfb, 0xab,
    0x1b, 0xac, 0x5c, 0xb4, 0xf0, 0x41, 0x70, 0x42, 0xfe, 0xdd, 0x3b, 0xac, 0xfb, 0xab, 0x1b, 0xac,
    0x5c, 0xb4, 0xaf, 0x31, 0xb1, 0x4a, 0x1e, 0xde, 0x5b, 0xb4, 0xfb, 0xab, 0xfb, 0xa3, 0x5d, 0xbc,
    0x72, 0x52, 0xee, 0x31, 0xfd, 0xd5, 0x9b, 0xb4, 0xfb, 0xab, 0x1b, 0xac, 0x5c, 0xbc, 0x32, 0x4a,
    0x30, 0x3a, 0xfe, 0xd5, 0x5b, 0xb4, 0xfb, 0xab, 0xfb, 0xab, 0x5c, 0xbc, 0x16, 0x73, 0x4c, 0x19,
    0x9b, 0xc5, 0x1c, 0xc5, 0xfb, 0xa3, 0x1b, 0xac, 0x5c, 0xbc, 0xd4, 0x6a, 0x6d, 0x21, 0x9c, 0xc5,
    0xdc, 0xbc, 0xfb, 0xab, 0x1b, 0xac, 0x5c, 0xbc, 0x52, 0x52, 0xee, 0x31, 0xfd, 0xd5, 0xbc, 0xbc,
    0xdb, 0xa3, 0xfb, 0xa3, 0x5c, 0xb4, 0x11, 0x42, 0x70, 0x42, 0xfe, 0xd5, 0x5b, 0xac, 0xfb, 0xab,
    0x1b, 0xac, 0x3b, 0xac, 0x6e, 0x29, 0x32, 0x63, 0x1f, 0xde, 0x3b, 0xac, 0xfa, 0xab, 0x7c, 0xb4,
    0x36, 0x7b, 0x6c, 0x19, 0x7b, 0xce, 0x3d, 0xef, 0x3d, 0xe7, 0xbf, 0xf7, 0xbb, 0xd6, 0x73, 0x8c,
    0x15, 0xa5, 0xdc, 0xde, 0xfc, 0xde, 0x9e, 0xf7, 0x7d, 0xef, 0xd4, 0x9c, 0x53, 0x8c, 0xf2, 0x31,
    0xd2, 0x52, 0x52, 0x8c, 0x76, 0xad, 0xdf, 0xff, 0x5d, 0xef, 0xdc, 0xde, 0x7a, 0xce, 0xb4, 0x94,
    0xd4, 0x9c, 0x3d, 0xe7, 0x9e, 0xf7, 0x3d, 0xe7, 0x1d, 0xe7, 0x1d, 0xe7, 0x1d, 0xe7, 0x1d, 0xe7,
    0x9e, 0xf7, 0xf3, 0x73, 0xad, 0x29, 0x3d, 0xe7, 0x3d, 0xe7, 0x1d, 0xe7, 0x3d, 0xe7, 0x1d, 0xe7,
    0x9e, 0xf7, 0x51, 0x63, 0x4f, 0x3a, 0x11, 0x5b, 0xeb, 0x10, 0xcd, 0x29, 0xbd, 0xcd, 0xdc, 0xbc,
    0x1b, 0xac, 0x5b, 0xac, 0x5c, 0xbc, 0x31, 0x4a, 0x0e, 0x32, 0xfd, 0xd5, 0x9c, 0xbc, 0x3b, 0xac,
    0x3b, 0xac, 0x5c, 0xb4, 0x11, 0x42, 0x2f, 0x42, 0x1e, 0xde, 0x7b, 0xb4, 0x3b, 0xac, 0x3b, 0xb4,
    0x5c, 0xb4, 0xaf, 0x31, 0xb1, 0x52, 0x5f, 0xde, 0x7b, 0xb4, 0x3b, 0xac, 0x3b, 0xac, 0x3c, 0xbc,
    0x52, 0x4a, 0x0f, 0x3a, 0x1e, 0xd6, 0x9b, 0xb4, 0x3b, 0xac, 0x3b, 0xb4, 0x5c, 0xb4, 0x52, 0x4a,
    0xef, 0x31, 0xfd, 0xd5, 0xbc, 0xbc, 0x1b, 0xac, 0x1b, 0xac, 0x5c, 0xbc, 0xf5, 0x72, 0x4c, 0x19,
    0xbc, 0xc5, 0x1c, 0xc5, 0x1b, 0xac, 0x3b, 0xac, 0x7c, 0xbc, 0xf5, 0x6a, 0x6c, 0x19, 0xbc, 0xcd,
    0xfd, 0xc4, 0x1b, 0xac, 0x3b, 0xb4, 0x7c, 0xbc, 0x72, 0x52, 0xee, 0x31, 0xfd, 0xd5, 0xbc, 0xbc,
    0x1b, 0xac, 0x3b, 0xac, 0x5c, 0xb4, 0x11, 0x42, 0x50, 0x3a, 0x1f, 0xde, 0x9c, 0xb4, 0x3b, 0xac,
    0x3b, 0xb4, 0x5b, 0xac, 0x6e, 0x29, 0x33, 0x63, 0x3f, 0xde, 0x5b, 0xac, 0x3b, 0xac, 0x5c, 0xb4,
    0x16, 0x7b, 0x6c, 0x19, 0x7b, 0xce, 0x3d, 0xef, 0x3d, 0xe7, 0xbf, 0xf7, 0xbb, 0xd6, 0x73, 0x8c,
    0x15, 0xa5, 0xdc, 0xde, 0xfc, 0xde, 0x9e, 0xf7, 0x7d, 0xef, 0xf4, 0x9c, 0x53, 0x8c, 0xd2, 0x31,
    0xd2, 0x52, 0x52, 0x8c, 0x76, 0xad, 0xdf, 0xff, 0x5d, 0xef, 0xdc, 0xde, 0x9a, 0xce, 0xb4, 0x94,
    0xd4, 0x9c, 0x3d, 0xe7, 0x9e, 0xf7, 0x3d, 0xe7, 0x1d, 0xe7, 0x1d, 0xe7, 0x1d, 0xe7, 0x3c, 0xe7,
    0x3d, 0xe7, 0x1d, 0xdf, 0xfd, 0xde, 0x1d, 0xe7, 0x1d, 0xe7, 0x3d, 0xe7, 0x3d, 0xe7, 0x1d, 0xe7,
    0x3d, 0xe7, 0xdc, 0xde, 0x9b, 0xce, 0x3d, 0xe7, 0x55, 0x84, 0x2c, 0x19, 0x3c, 0xbd, 0xbc, 0xbc,
    0xfb, 0xab, 0x1b, 0xac, 0xfb, 0xb3, 0x31, 0x4a, 0xef, 0x31, 0x5d, 0xcd, 0x5b, 0xb4, 0x1b, 0xac,
    0xfb, 0xab, 0xfc, 0xb3, 0x10, 0x42, 0x2f, 0x3a, 0x9e, 0xd5, 0x5c, 0xb4, 0xfb, 0xab, 0xfb, 0xab,
    0xfb, 0xab, 0xaf, 0x31, 0x91, 0x4a, 0x7e, 0xd5, 0x3b, 0xac, 0x1b, 0xac, 0xfb, 0xab, 0xfb, 0xb3,
    0x32, 0x4a, 0xef, 0x31, 0x7d, 0xcd, 0x7c, 0xbc, 0xfb, 0xab, 0x1b, 0xac, 0x1c, 0xb4, 0x11, 0x42,
    0xef, 0x31, 0x7d, 0xcd, 0x5b, 0xb4, 0x1b, 0xac, 0x1b, 0xac, 0x1b, 0xb4, 0xd5, 0x6a, 0x4c, 0x19,
    0x1c, 0xbd, 0xdd, 0xbc, 0xfb, 0xab, 0x1b, 0xac, 0x1c, 0xb4, 0xb4, 0x62, 0x6d, 0x21, 0x3c, 0xc5,
    0xbc, 0xbc, 0xfb, 0xab, 0x1b, 0xac, 0x1c, 0xb4, 0x52, 0x52, 0xce, 0x31, 0x5d, 0xcd, 0x5c, 0xb4,
    0xfb, 0xab, 0x1b, 0xac, 0xfb, 0xab, 0xd0, 0x41, 0x30, 0x42, 0x7d, 0xcd, 0x3b, 0xb4, 0x1b, 0xac,
    0x1b, 0xac, 0xfb, 0xab, 0x6e, 0x29, 0xf3, 0x62, 0x9e, 0xd5, 0x1a, 0xac, 0x1b, 0xac, 0x1b, 0xb4,
    0xf6, 0x72, 0x6c, 0x21, 0x7b, 0xce, 0x5d, 0xef, 0x3d, 0xe7, 0xbf, 0xf7, 0xbb, 0xd6, 0x73, 0x8c,
    0x15, 0xa5, 0xdc, 0xde, 0xfc, 0xde, 0x9e, 0xf7, 0x7e, 0xef, 0xf4, 0x9c, 0x53, 0x8c, 0xd2, 0x31,
    0xd2, 0x52, 0x52, 0x8c, 0x76, 0xad, 0xdf, 0xff, 0x5d, 0xef, 0xdc, 0xde, 0x9a, 0xce, 0xb4, 0x94,
    0xd4, 0x9c, 0x5d, 0xe7, 0x9e, 0xf7, 0x3d, 0xe7, 0x1d, 0xe7, 0x1d, 0xe7, 0x1d, 0xe7, 0x1d, 0xe7,
    0x7d, 0xef, 0x58, 0xa5, 0x54, 0x84, 0x3d, 0xe7, 0x1d, 0xe7, 0x1d, 0xe7, 0x1d, 0xe7, 0x1d, 0xe7,
    0x1d, 0xe7, 0x3d, 0xe7, 0x3d, 0xe7, 0x9e, 0xf7, 0xb6, 0x8c, 0x2c, 0x19, 0x1b, 0xa4, 0x1b, 0xac,
    0xba, 0xa3, 0xdb, 0xa3, 0xfc, 0xb3, 0x32, 0x4a, 0xaf, 0x31, 0x1b, 0xac, 0xfb, 0xab, 0xdb, 0xab,
    0xdb, 0xab, 0xfb, 0xab, 0xd0, 0x39, 0xef, 0x39, 0x5c, 0xb4, 0xdb, 0xab, 0xbb, 0xa3, 0xba, 0xa3,
    0xdb, 0xab, 0xaf, 0x31, 0x10, 0x42, 0x5c, 0xb4, 0xdb, 0xab, 0xda, 0xa3, 0xba, 0xa3, 0xfc, 0xb3,
    0x32, 0x4a, 0x8e, 0x29, 0x7c, 0xb4, 0xfb, 0xab, 0xdb, 0xa3, 0xbb, 0xa3, 0xfb, 0xb3, 0x11, 0x4a,
    0xcf, 0x31, 0x5c, 0xb4, 0xdb, 0xab, 0xbb, 0xa3, 0xdb, 0xa3, 0x1c, 0xb4, 0xd6, 0x72, 0x4c, 0x19,
    0xda, 0x9b, 0xfb, 0xab, 0xbb, 0xa3, 0xdb, 0xa3, 0x1c, 0xb4, 0x74, 0x62, 0x4d, 0x21, 0x1a, 0xa4,
    0xfb, 0xab, 0xbb, 0xa3, 0xdb, 0xab, 0x1c, 0xb4, 0x52, 0x4a, 0x8f, 0x29, 0x3c, 0xb4, 0xdb, 0xab,
    0xba, 0xa3, 0xba, 0xa3, 0xdb, 0xab, 0xd0, 0x41, 0xcf, 0x39, 0x5b, 0xb4, 0xdb, 0xab, 0xba, 0xa3,
    0xdb, 0xab, 0xdb, 0xab, 0x8e, 0x29, 0x72, 0x52, 0x5c, 0xb4, 0xda, 0xa3, 0xba, 0xa3, 0xfc, 0xb3,
    0xd5, 0x72, 0x6c, 0x19, 0x7b, 0xce, 0x5d, 0xef, 0x3d, 0xe7, 0xbf, 0xf7, 0xbb, 0xd6, 0x73, 0x8c,
    0x15, 0xa5, 0xdc, 0xde, 0xfc, 0xde, 0x9e, 0xf7, 0x7d, 0xef, 0xd4, 0x9c, 0x53, 0x8c, 0xf2, 0x31,
    0xd2, 0x52, 0x52, 0x8c, 0x76, 0xad, 0xdf, 0xff, 0x5d, 0xef, 0xdc, 0xde, 0x7a, 0xce, 0xb4, 0x94,
    0xd4, 0x9c, 0x5d, 0xe7, 0xbe, 0xf7, 0x3d, 0xe7, 0x1d, 0xe7, 0x1d, 0xe7, 0x1d, 0xe7, 0x1d, 0xe7,
    0x9e, 0xf7, 0x34, 0x84, 0x4e, 0x42, 0x3d, 0xe7, 0x3d, 0xe7, 0x1d, 0xe7, 0x1d, 0xe7, 0x1d, 0xe7,
    0x1d, 0xe7, 0x1d, 0xe7, 0xfc, 0xe6, 0x7e, 0xf7, 0xb6, 0x8c, 0xeb, 0x10, 0xd0, 0x31, 0x8f, 0x31,
    0x8e, 0x31, 0x8f, 0x31, 0xaf, 0x31, 0x6d, 0x21, 0x6d, 0x21, 0xb0, 0x31, 0x8e, 0x31, 0x8e, 0x29,
    0x8f, 0x29, 0x8f, 0x31, 0x4d, 0x21, 0x6d, 0x21, 0x8f, 0x31, 0x8e, 0x31, 0x8e, 0x29, 0x8f, 0x31,
    0xaf, 0x31, 0x4d, 0x21, 0x8d, 0x21, 0xcf, 0x31, 0x6f, 0x31, 0x6e, 0x29, 0x8f, 0x29, 0x8e, 0x31,
    0x6d, 0x21, 0x4d, 0x21, 0xaf, 0x31, 0xaf, 0x31, 0x8f, 0x31, 0x8f, 0x31, 0x8e, 0x29, 0x6d, 0x21,
    0x6d, 0x19, 0xaf, 0x31, 0x8f, 0x31, 0x6f, 0x31, 0x8f, 0x29, 0xb0, 0x31, 0x8e, 0x21, 0x4c, 0x19,
    0x8f, 0x29, 0x8f, 0x31, 0x8f, 0x29, 0x8f, 0x31, 0x8f, 0x31, 0x6d, 0x21, 0x4c, 0x19, 0xaf, 0x31,
    0xaf, 0x31, 0x8e, 0x29, 0x8f, 0x31, 0xaf, 0x31, 0x6d, 0x21, 0x6d, 0x19, 0xaf, 0x39, 0x8f, 0x31,
    0x8e, 0x29, 0x6e, 0x31, 0x8f, 0x31, 0x6d, 0x21, 0x6d, 0x21, 0xaf, 0x39, 0x8f, 0x29, 0x8e, 0x31,
    0xaf, 0x31, 0x8e, 0x31, 0x4c, 0x19, 0x8e, 0x21, 0xaf, 0x31, 0x8f, 0x29, 0x8f, 0x29, 0xaf, 0x39,
    0x8e, 0x29, 0xad, 0x21, 0x7b, 0xce, 0x5d, 0xe7, 0x3d, 0xe7, 0xbf, 0xf7, 0xbb, 0xd6, 0x73, 0x8c,
    0x15, 0xa5, 0xdc, 0xde, 0xfc, 0xde, 0x9e, 0xf7, 0x7e, 0xef, 0xd4, 0x9c, 0x53, 0x8c, 0xd2, 0x31,
    0xb2, 0x52, 0x52, 0x8c, 0x76, 0xad, 0xdf, 0xff, 0x5d, 0xef, 0xdc, 0xde, 0x7a, 0xce, 0xb4, 0x94,
    0xd4, 0x9c, 0x5d, 0xe7, 0x9e, 0xf7, 0x3d, 0xe7, 0x1d, 0xe7, 0x1d, 0xe7, 0x1d, 0xe7, 0x3c, 0xe7,
    0x1d, 0xe7, 0x5d, 0xef, 0x5e, 0xef, 0x1d, 0xe7, 0x1d, 0xe7, 0x1d, 0xe7, 0x1d, 0xe7, 0x1d, 0xe7,
    0x1d, 0xe7, 0x1d, 0xe7, 0x1d, 0xe7, 0x7e, 0xf7, 0x96, 0x94, 0x0b, 0x11, 0x8f, 0x4a, 0x6f, 0x4a,
    0x8f, 0x4a, 0x8f, 0x52, 0x6f, 0x52, 0xae, 0x29, 0x6d, 0x21, 0x6f, 0x4a, 0x8f, 0x52, 0x8f, 0x4a,
    0x6f, 0x4a, 0x2f, 0x4a, 0xae, 0x31, 0x8d, 0x21, 0x70, 0x52, 0xb0, 0x4a, 0x8f, 0x52, 0x90, 0x52,
    0x4f, 0x4a, 0x6e, 0x29, 0xae, 0x29, 0x90, 0x52, 0x8f, 0x4a, 0x70, 0x4a, 0x70, 0x52, 0x4f, 0x52,
    0xad, 0x29, 0x6c, 0x21, 0x90, 0x4a, 0x90, 0x52, 0x6f, 0x4a, 0x90, 0x52, 0x6f, 0x52, 0x8d, 0x29,
    0x8c, 0x21, 0x90, 0x52, 0x90, 0x4a, 0x6f, 0x4a, 0x8f, 0x4a, 0x6f, 0x52, 0xee, 0x39, 0x4d, 0x19,
    0x4f, 0x4a, 0xb0, 0x52, 0x8f, 0x4a, 0x6f, 0x4a, 0x4f, 0x4a, 0xee, 0x31, 0x6d, 0x19, 0x6f, 0x4a,
    0x8f, 0x52, 0x8f, 0x4a, 0x90, 0x4a, 0x70, 0x52, 0xae, 0x31, 0x6d, 0x21, 0x90, 0x4a, 0x90, 0x4a,
    0x6f, 0x52, 0x6f, 0x4a, 0x6f, 0x52, 0x8d, 0x29, 0x8d, 0x21, 0x90, 0x52, 0x90, 0x4a, 0x6f, 0x4a,
    0x6f, 0x4a, 0x4f, 0x4a, 0x6d, 0x21, 0xad, 0x29, 0x90, 0x52, 0xb0, 0x4a, 0x90, 0x52, 0x2e, 0x4a,
    0xee, 0x39, 0xad, 0x21, 0x7b, 0xce, 0x5d, 0xef, 0x3d, 0xe7, 0xbf, 0xf7, 0xbb, 0xd6, 0x73, 0x8c,
    0x15, 0xa5, 0xdc, 0xde, 0xfc, 0xde, 0x9e, 0xf7, 0x7e, 0xef, 0xd4, 0x9c, 0x53, 0x8c, 0xd2, 0x31,
    0xb2, 0x52, 0x52, 0x8c, 0x76, 0xad, 0xdf, 0xff, 0x5d, 0xef, 0xdc, 0xde, 0x7a, 0xce, 0x93, 0x94,
    0xd4, 0x9c, 0x5d, 0xe7, 0x9e, 0xf7, 0x3d, 0xe7, 0x1d, 0xe7, 0x1d, 0xe7, 0x1d, 0xe7, 0x1c, 0xe7,
    0x7e, 0xf7, 0x17, 0x9d, 0xb2, 0x6b, 0x5d, 0xef, 0x3d, 0xe7, 0x3c, 0xe7, 0x5d, 0xef, 0x3d, 0xe7,
    0x3d, 0xef, 0x5d, 0xef, 0x1c, 0xe7, 0xbe, 0xff, 0xd6, 0x94, 0x4c, 0x21, 0x3c, 0xe6, 0xbd, 0xfe,
    0x9d, 0xfe, 0x5c, 0xf6, 0xdb, 0xfd, 0xb1, 0x62, 0x2e, 0x3a, 0x9d, 0xfe, 0x7d, 0xfe, 0x9d, 0xfe,
    0x5c, 0xfe, 0xbb, 0xf5, 0x70, 0x5a, 0x4f, 0x42, 0xbd, 0xfe, 0x9d, 0xfe, 0x7d, 0xfe, 0x3c, 0xf6,
    0x7a, 0xf5, 0x0e, 0x42, 0xd1, 0x5a, 0xfe, 0xfe, 0x9d, 0xfe, 0x9d, 0xfe, 0x5c, 0xf6, 0xdb, 0xfd,
    0xd2, 0x6a, 0x0e, 0x3a, 0xbd, 0xf6, 0x7d, 0xfe, 0x9d, 0xf6, 0x5c, 0xf6, 0x9b, 0xfd, 0xb1, 0x62,
    0x2e, 0x3a, 0xbe, 0xfe, 0x7c, 0xfe, 0x9d, 0xfe, 0x7d, 0xfe, 0xbb, 0xfd, 0x95, 0x93, 0x6c, 0x19,
    0x1c, 0xe6, 0x9d, 0xfe, 0x7c, 0xfe, 0x5c, 0xf6, 0xfb, 0xfd, 0x74, 0x8b, 0x6c, 0x21, 0x1c, 0xe6,
    0x9d, 0xfe, 0x7d, 0xfe, 0x5d, 0xfe, 0xbb, 0xfd, 0xd2, 0x6a, 0xee, 0x31, 0x7d, 0xfe, 0x9c, 0xfe,
    0x7d, 0xfe, 0x5c, 0xfe, 0xbb, 0xf5, 0x4f, 0x52, 0x6f, 0x4a, 0xde, 0xfe, 0x7d, 0xfe, 0x9d, 0xfe,
    0x3c, 0xfe, 0x5b, 0xed, 0xce, 0x31, 0x53, 0x73, 0xfe, 0xfe, 0x7d, 0xf6, 0x5d, 0xfe, 0xdb, 0xfd,
    0xd5, 0xa3, 0x6c, 0x19, 0x7b, 0xce, 0x3d, 0xef, 0x3d, 0xe7, 0xdf, 0xf7, 0xdb, 0xd6, 0x73, 0x8c,
    0x15, 0xa5, 0xdc, 0xde, 0xfc, 0xde, 0x9e, 0xf7, 0x7e, 0xef, 0xd4, 0x9c, 0x33, 0x8c, 0xd2, 0x31,
    0xd2, 0x52, 0x52, 0x8c, 0x76, 0xad, 0xdf, 0xff, 0x5d, 0xef, 0xdc, 0xde, 0x7a, 0xce, 0x93, 0x94,
    0xd4, 0x9c, 0x5d, 0xef, 0xbe, 0xf7, 0x3d, 0xe7, 0x1d, 0xe7, 0x1d, 0xe7, 0x1d, 0xe7, 0x1c, 0xe7,
    0x7e, 0xf7, 0x75, 0x84, 0x8f, 0x4a, 0x5a, 0xc6, 0xdc, 0xd6, 0xfd, 0xe6, 0x3a, 0xc6, 0x1c, 0xe7,
    0xbb, 0xd6, 0x5b, 0xc6, 0x1c, 0xe7, 0xdc, 0xde, 0x14, 0x7c, 0x6c, 0x21, 0xfb, 0xe5, 0x79, 0xed,
    0xd8, 0xe4, 0xd8, 0xe4, 0xd9, 0xec, 0x70, 0x62, 0x0f, 0x3a, 0x3b, 0xee, 0xf8, 0xe4, 0xd8, 0xe4,
    0xd8, 0xe4, 0xf9, 0xec, 0x30, 0x52, 0x6f, 0x42, 0x5c, 0xf6, 0xf8, 0xe4, 0xd8, 0xe4, 0xb8, 0xe4,
    0xd8, 0xe4, 0xce, 0x39, 0xf1, 0x5a, 0x5c, 0xfe, 0xf8, 0xe4, 0xf8, 0xe4, 0xd8, 0xe4, 0xd9, 0xec,
    0x71, 0x62, 0x0f, 0x3a, 0x3b, 0xee, 0x18, 0xe5, 0xd8, 0xe4, 0xd8, 0xe4, 0xb8, 0xec, 0x70, 0x5a,
    0x0f, 0x3a, 0x1c, 0xf6, 0x39, 0xed, 0xd8, 0xe4, 0xd8, 0xdc, 0xd9, 0xec, 0x33, 0x8b, 0x4c, 0x19,
    0xda, 0xdd, 0x7a, 0xed, 0xd8, 0xe4, 0xd8, 0xe4, 0x19, 0xf5, 0x33, 0x83, 0x6c, 0x21, 0xfb, 0xe5,
    0x79, 0xed, 0xb8, 0xe4, 0xb8, 0xe4, 0xf9, 0xec, 0xb1, 0x6a, 0x0e, 0x32, 0x1b, 0xee, 0x39, 0xe5,
    0xf8, 0xe4, 0xf8, 0xe4, 0xd8, 0xec, 0x2f, 0x52, 0x70, 0x4a, 0x5c, 0xf6, 0x19, 0xe5, 0xd8, 0xe4,
    0xb8, 0xe4, 0xb8, 0xe4, 0x8d, 0x31, 0x52, 0x6b, 0x5c, 0xfe, 0xd8, 0xdc, 0xd8, 0xdc, 0xf8, 0xec,
    0x74, 0x9b, 0x6c, 0x19, 0x7b, 0xce, 0x3d, 0xef, 0x3d, 0xe7, 0xdf, 0xf7, 0xbb, 0xd6, 0x73, 0x8c,
    0x15, 0xa5, 0xdc, 0xde, 0xfc, 0xde, 0x9e, 0xf7, 0x7e, 0xef, 0xd4, 0x9c, 0x53, 0x8c, 0xd2, 0x31,
    0xd2, 0x52, 0x52, 0x8c, 0x76, 0xad, 0xdf, 0xff, 0x5d, 0xef, 0xdc, 0xde, 0x7a, 0xce, 0x93, 0x94,
    0xb4, 0x94, 0x3d, 0xe7, 0x9e, 0xf7, 0x3d, 0xe7, 0x1d, 0xe7, 0x1d, 0xe7, 0x1d, 0xe7, 0x3d, 0xe7,
    0x1d, 0xe7, 0x3d, 0xe7, 0xfd, 0xde, 0x6c, 0x21, 0x95, 0x8c, 0x5b, 0xc6, 0xca, 0x10, 0x7b, 0xce,
    0x75, 0x84, 0x8c, 0x29, 0x5d, 0xe7, 0xd0, 0x52, 0xeb, 0x08, 0xce, 0x29, 0xbb, 0xdd, 0xf8, 0xe4,
    0x37, 0xe4, 0x57, 0xe4, 0xb8, 0xec, 0x50, 0x62, 0xee, 0x39, 0xfb, 0xed, 0xb8, 0xe4, 0x57, 0xe4,
    0x57, 0xe4, 0x98, 0xec, 0x2f, 0x52, 0x70, 0x42, 0x1c, 0xf6, 0x78, 0xe4, 0x37, 0xe4, 0x57, 0xe4,
    0x98, 0xec, 0xae, 0x41, 0xd0, 0x52, 0x3c, 0xfe, 0x77, 0xe4, 0x57, 0xdc, 0x57, 0xe4, 0x98, 0xf4,
    0x50, 0x62, 0x0e, 0x3a, 0x3c, 0xf6, 0xd8, 0xe4, 0x37, 0xdc, 0x57, 0xdc, 0x98, 0xf4, 0x50, 0x5a,
    0x0e, 0x3a, 0x3c, 0xf6, 0xb8, 0xe4, 0x37, 0xe4, 0x57, 0xdc, 0xb8, 0xec, 0x13, 0x8b, 0x4c, 0x19,
    0xba, 0xdd, 0x39, 0xed, 0x37, 0xe4, 0x57, 0xe4, 0x98, 0xec, 0xf2, 0x82, 0x8d, 0x21, 0xdb, 0xe5,
    0xf8, 0xec, 0x37, 0xdc, 0x57, 0xe4, 0xb8, 0xec, 0x70, 0x62, 0xee, 0x31, 0x1b, 0xee, 0xd8, 0xec,
    0x37, 0xe4, 0x37, 0xdc, 0x98, 0xec, 0x2f, 0x52, 0x6f, 0x42, 0x3c, 0xf6, 0x98, 0xe4, 0x37, 0xe4,
    0x77, 0xe4, 0x78, 0xe4, 0x6d, 0x31, 0x32, 0x6b, 0x3c, 0xfe, 0x57, 0xdc, 0x57, 0xdc, 0x98, 0xec,
    0x33, 0x9b, 0x6c, 0x19, 0x9b, 0xce, 0x3d, 0xef, 0x3d, 0xe7, 0xbf, 0xf7, 0xbb, 0xd6, 0x73, 0x8c,
    0x15, 0xa5, 0xdc, 0xde, 0xfc, 0xde, 0x9e, 0xf7, 0x7d, 0xef, 0xd4, 0x9c, 0x53, 0x8c, 0xd2, 0x31,
    0xd2, 0x52, 0x52, 0x8c, 0x76, 0xad, 0xdf, 0xff, 0x5d, 0xef, 0xdc, 0xde, 0x7a, 0xce, 0x94, 0x94,
    0xd4, 0x9c, 0x3d, 0xe7, 0x9e, 0xf7, 0x3d, 0xe7, 0x1d, 0xe7, 0x1d, 0xe7, 0x1d, 0xe7, 0x1d, 0xe7,
    0x3c, 0xe7, 0x1d, 0xe7, 0x1c, 0xe7, 0x78, 0xa5, 0x5b, 0xce, 0xfc, 0xde, 0x37, 0xa5, 0xfc, 0xde,
    0x5a, 0xc6, 0x98, 0xad, 0x1d, 0xe7, 0x3a, 0xc6, 0xb3, 0x63, 0x6c, 0x21, 0xda, 0xe5, 0x19, 0xe5,
    0x57, 0xdc, 0x77, 0xe4, 0x77, 0xec, 0x50, 0x62, 0x0f, 0x3a, 0x1b, 0xee, 0xd8, 0xe4, 0x77, 0xdc,
    0x77, 0xe4, 0x57, 0xe4, 0x0f, 0x52, 0x4f, 0x4a, 0x1b, 0xf6, 0xb8, 0xe4, 0x57, 0xdc, 0x57, 0xe4,
    0x77, 0xe4, 0xae, 0x41, 0xb0, 0x52, 0x3c, 0xfe, 0x97, 0xdc, 0x77, 0xdc, 0x57, 0xdc, 0x77, 0xe4,
    0x51, 0x62, 0x0f, 0x3a, 0x1b, 0xee, 0xd8, 0xe4, 0x77, 0xdc, 0x57, 0xe4, 0x78, 0xec, 0x50, 0x5a,
    0x0e, 0x3a, 0x3b, 0xee, 0xb8, 0xe4, 0x57, 0xe4, 0x77, 0xdc, 0x77, 0xec, 0x12, 0x8b, 0x4c, 0x19,
    0xba, 0xdd, 0x59, 0xed, 0x57, 0xdc, 0x77, 0xe4, 0x77, 0xec, 0xf2, 0x82, 0x6d, 0x21, 0xdb, 0xdd,
    0x39, 0xed, 0x57, 0xdc, 0x77, 0xdc, 0x78, 0xec, 0x70, 0x62, 0xee, 0x31, 0x1b, 0xee, 0xf8, 0xe4,
    0x57, 0xdc, 0x57, 0xe4, 0x77, 0xe4, 0x0f, 0x52, 0x4f, 0x42, 0x3c, 0xf6, 0xd8, 0xe4, 0x77, 0xdc,
    0x77, 0xe4, 0x57, 0xdc, 0x8d, 0x31, 0x32, 0x6b, 0x3c, 0xfe, 0x97, 0xdc, 0x57, 0xdc, 0x77, 0xec,
    0x13, 0x9b, 0x6d, 0x19, 0x7b, 0xce, 0x3d, 0xef, 0x3d, 0xe7, 0xdf, 0xf7, 0xbb, 0xd6, 0x72, 0x8c,
    0x15, 0xa5, 0xdc, 0xde, 0xfc, 0xde, 0x9e, 0xf7, 0x7d, 0xef, 0xd4, 0x9c, 0x53, 0x8c, 0xd2, 0x31,
    0xb2, 0x52, 0x52, 0x8c, 0x76, 0xad, 0xdf, 0xff, 0x5d, 0xef, 0xdc, 0xde, 0x7a, 0xce, 0xb4, 0x94,
    0xd4, 0x9c, 0x3d, 0xe7, 0x9e, 0xf7, 0x3d, 0xe7, 0x1d, 0xe7, 0x1d, 0xe7, 0x1d, 0xe7, 0x1d, 0xe7,
    0x1d, 0xe7, 0x1d, 0xe7, 0x1d, 0xe7, 0x7e, 0xef, 0x3d, 0xef, 0x3d, 0xe7, 0x7e, 0xf7, 0x3d, 0xe7,
    0x3d, 0xef, 0x7e, 0xef, 0xfc, 0xe6, 0xde, 0xff, 0xb6, 0x8c, 0xcb, 0x18, 0xb8, 0xdc, 0xb8, 0xec,
    0x37, 0xe4, 0x37, 0xec, 0x57, 0xf4, 0x50, 0x62, 0xce, 0x39, 0x19, 0xed, 0x77, 0xec, 0x37, 0xec,
    0x37, 0xec, 0x78, 0xf4, 0x2f, 0x5a, 0xee, 0x41, 0xf9, 0xf4, 0x57, 0xe4, 0x17, 0xec, 0x37, 0xe4,
    0x57, 0xec, 0xce, 0x41, 0x50, 0x52, 0x19, 0xfd, 0x77, 0xec, 0x37, 0xec, 0x17, 0xec, 0x78, 0xf4,
    0x50, 0x62, 0xcd, 0x39, 0xf9, 0xec, 0x77, 0xec, 0x37, 0xec, 0x37, 0xec, 0x58, 0xf4, 0x30, 0x62,
    0xae, 0x39, 0xd9, 0xec, 0x57, 0xec, 0x17, 0xe4, 0x36, 0xe4, 0x57, 0xf4, 0x13, 0x93, 0x4c, 0x19,
    0xb8, 0xdc, 0x98, 0xf4, 0x37, 0xe4, 0x37, 0xe4, 0x78, 0xf4, 0xf2, 0x8a, 0x2c, 0x21, 0xb8, 0xdc,
    0xb8, 0xf4, 0x37, 0xec, 0x37, 0xec, 0x78, 0xf4, 0x71, 0x6a, 0xad, 0x31, 0xf9, 0xec, 0x97, 0xec,
    0x37, 0xe4, 0x37, 0xec, 0x58, 0xf4, 0xef, 0x51, 0x0f, 0x4a, 0x39, 0xf5, 0x57, 0xec, 0x37, 0xec,
    0x37, 0xec, 0x58, 0xec, 0xad, 0x31, 0xb1, 0x6a, 0x3a, 0xfd, 0x57, 0xe4, 0x17, 0xe4, 0x58, 0xf4,
    0x13, 0x9b, 0x0b, 0x09, 0x7b, 0xce, 0x3d, 0xef, 0x3d, 0xe7, 0xdf, 0xf7, 0xbb, 0xd6, 0x72, 0x8c,
    0x15, 0xa5, 0xdc, 0xde, 0xfc, 0xde, 0x9e, 0xf7, 0x7e, 0xef, 0xd4, 0x9c, 0x53, 0x8c, 0xd2, 0x31,
    0xd2, 0x52, 0x52, 0x8c, 0x76, 0xad, 0xdf, 0xff, 0x5d, 0xef, 0xdc, 0xde, 0x7a, 0xce, 0xb4, 0x94,
    0xd4, 0x9c, 0x5d, 0xe7, 0xbe, 0xf7, 0x3d, 0xe7, 0x1d, 0xe7, 0x1d, 0xe7, 0x1d, 0xe7, 0x1d, 0xe7,
    0x1d, 0xe7, 0x1d, 0xe7, 0x1d, 0xe7, 0x1c, 0xe7, 0x1d, 0xe7, 0x1d, 0xe7, 0x1c, 0xe7, 0x1d, 0xe7,
    0x1d, 0xe7, 0x1c, 0xe7, 0x1d, 0xe7, 0x5e, 0xef, 0x98, 0xa5, 0xd0, 0x5a, 0x74, 0x9b, 0x13, 0x9b,
    0x13, 0x9b, 0x13, 0x9b, 0x34, 0xa3, 0xcf, 0x49, 0xad, 0x31, 0x74, 0x9b, 0x13, 0xa3, 0x13, 0xa3,
    0x13, 0xa3, 0x33, 0xa3, 0xce, 0x41, 0xce, 0x39, 0x74, 0xa3, 0x13, 0xa3, 0x13, 0xa3, 0x13, 0xa3,
    0x33, 0xa3, 0x8d, 0x39, 0xef, 0x41, 0x74, 0xab, 0x34, 0xa3, 0x13, 0xa3, 0x13, 0xa3, 0x54, 0xa3,
    0xef, 0x49, 0x8d, 0x31, 0x74, 0xa3, 0x33, 0xa3, 0x13, 0x9b, 0x33, 0x9b, 0x54, 0xab, 0xef, 0x49,
    0x8d, 0x29, 0x54, 0xa3, 0x13, 0x9b, 0x13, 0x9b, 0x13, 0x9b, 0x54, 0xab, 0x70, 0x62, 0x4c, 0x19,
    0x33, 0x93, 0x33, 0xa3, 0x33, 0xa3, 0x33, 0xa3, 0x54, 0xab, 0x30, 0x62, 0x4c, 0x21, 0x53, 0x9b,
    0x33, 0xa3, 0x13, 0xa3, 0x13, 0xa3, 0x54, 0xab, 0x0f, 0x4a, 0x8d, 0x29, 0x74, 0xa3, 0x33, 0xa3,
    0x13, 0xa3, 0x13, 0x9b, 0x33, 0xa3, 0xce, 0x41, 0xce, 0x39, 0x54, 0xa3, 0x33, 0x9b, 0x13, 0xa3,
    0x33, 0xa3, 0x53, 0x9b, 0x6d, 0x29, 0x30, 0x52, 0x74, 0xab, 0xf3, 0x9a, 0x13, 0xa3, 0x34, 0xa3,
    0xf1, 0x82, 0x32, 0x5b, 0xbb, 0xd6, 0x3c, 0xe7, 0x3d, 0xe7, 0xbf, 0xf7, 0xbb, 0xd6, 0x73, 0x8c,
    0x15, 0xa5, 0xdc, 0xde, 0xdc, 0xde, 0x9e, 0xf7, 0x7e, 0xef, 0xd4, 0x9c, 0x53, 0x8c, 0xd1, 0x31,
    0xd2, 0x52, 0x52, 0x8c, 0x76, 0xad, 0xdf, 0xff, 0x5d, 0xef, 0xdc, 0xde, 0x7a, 0xce, 0x93, 0x94,
    0xd4, 0x9c, 0x5d, 0xe7, 0x9e, 0xf7, 0x3d, 0xe7, 0x1d, 0xe7, 0x1d, 0xe7, 0x1d, 0xe7, 0x1d, 0xe7,
    0x1d, 0xe7, 0x1d, 0xe7, 0x1d, 0xe7, 0x1d, 0xe7, 0x1d, 0xe7, 0x1d, 0xe7, 0x1d, 0xe7, 0x1d, 0xe7,
    0x1d, 0xe7, 0x1d, 0xe7, 0x1d, 0xe7, 0x1d, 0xe7, 0x5d, 0xef, 0xdd, 0xde, 0x8d, 0x21, 0x2b, 0x11,
    0x2c, 0x11, 0x2c, 0x11, 0x2c, 0x11, 0x2c, 0x19, 0x4c, 0x19, 0x4c, 0x11, 0x2c, 0x11, 0x4c, 0x11,
    0x4c, 0x11, 0x2c, 0x11, 0x2c, 0x19, 0x4d, 0x19, 0x2c, 0x11, 0x2c, 0x11, 0x2b, 0x11, 0x2c, 0x11,
    0x2c, 0x11, 0x4c, 0x19, 0x4c, 0x19, 0x4c, 0x11, 0x2c, 0x11, 0x4c, 0x11, 0x4c, 0x11, 0x2c, 0x11,
    0x4c, 0x11, 0x6c, 0x11, 0x2c, 0x11, 0x2c, 0x19, 0x4c, 0x11, 0x2c, 0x11, 0x2b, 0x11, 0x2c, 0x11,
    0x4c, 0x19, 0x2c, 0x11, 0x2c, 0x11, 0x2c, 0x11, 0x2c, 0x11, 0x2c, 0x11, 0x4c, 0x11, 0x4c, 0x19,
    0x4c, 0x11, 0x4c, 0x11, 0x4c, 0x11, 0x4c, 0x11, 0x2c, 0x11, 0x4c, 0x11, 0x4d, 0x19, 0x4c, 0x11,
    0x2c, 0x11, 0x2c, 0x11, 0x2c, 0x11, 0x4c, 0x11, 0x4c, 0x19, 0x4c, 0x19, 0x2c, 0x19, 0x4c, 0x11,
    0x2c, 0x11, 0x4c, 0x11, 0x4b, 0x11, 0x4d, 0x19, 0x4c, 0x19, 0x2c, 0x11, 0x4c, 0x11, 0x4c, 0x11,
    0x4c, 0x11, 0x4c, 0x11, 0x4c, 0x19, 0x4c, 0x19, 0x2c, 0x11, 0x4c, 0x11, 0x4c, 0x19, 0xeb, 0x08,
    0x31, 0x5b, 0x9e, 0xf7, 0x1d, 0xe7, 0x1d, 0xe7, 0x3d, 0xef, 0xbf, 0xf7, 0xbb, 0xd6, 0x73, 0x8c,
    0x15, 0xa5, 0xdc, 0xde, 0xdc, 0xde, 0x9e, 0xf7, 0x7d, 0xef, 0xf4, 0x9c, 0x53, 0x8c, 0xd2, 0x31,
    0xd2, 0x52, 0x52, 0x8c, 0x76, 0xad, 0xdf, 0xff, 0x5d, 0xef, 0xdc, 0xde, 0x7a, 0xce, 0x93, 0x94,
    0xb4, 0x9c, 0x3d, 0xe7, 0xbe, 0xf7, 0x3d, 0xe7, 0x1d, 0xe7, 0x1d, 0xe7, 0x1d, 0xe7, 0x1d, 0xe7,
    0x1d, 0xe7, 0x1d, 0xe7, 0x1d, 0xe7, 0x1d, 0xe7, 0x1d, 0xe7, 0x1d, 0xe7, 0x1d, 0xe7, 0x1d, 0xe7,
    0x3d, 0xe7, 0x3d, 0xe7, 0x3d, 0xe7, 0x3d, 0xe7, 0x3d, 0xe7, 0x1c, 0xdf, 0x1a, 0xbe, 0xfa, 0xbd,
    0xfa, 0xbd, 0xfa, 0xbd, 0xfa, 0xbd, 0xf9, 0xbd, 0xf9, 0xbd, 0x1a, 0xbe, 0xfa, 0xbd, 0xfa, 0xbd,
    0x1a, 0xbe, 0x1a, 0xbe, 0xf9, 0xbd, 0xf9, 0xbd, 0xfa, 0xbd, 0xfa, 0xbd, 0x1a, 0xbe, 0x1a, 0xbe,
    0xfa, 0xbd, 0xf9, 0xbd, 0xf9, 0xbd, 0x1a, 0xbe, 0xf9, 0xbd, 0xfa, 0xbd, 0xfa, 0xc5, 0x1a, 0xbe,
    0xf9, 0xbd, 0xf9, 0xbd, 0x1a, 0xbe, 0x1a, 0xbe, 0x1a, 0xbe, 0xfa, 0xbd, 0xf9, 0xbd, 0xf9, 0xbd,
    0xf9, 0xbd, 0x1a, 0xbe, 0xfa, 0xbd, 0x1a, 0xbe, 0x1a, 0xbe, 0xfa, 0xbd, 0xf9, 0xbd, 0xf9, 0xb5,
    0xfa, 0xbd, 0xfa, 0xbd, 0xfa, 0xbd, 0xfa, 0xbd, 0xfa, 0xbd, 0xfa, 0xbd, 0xf9, 0xbd, 0xf9, 0xbd,
    0x1a, 0xbe, 0x1a, 0xbe, 0xfa, 0xbd, 0xfa, 0xbd, 0xf9, 0xbd, 0xf9, 0xbd, 0x1a, 0xbe, 0xfa, 0xbd,
    0x1a, 0xbe, 0xf9, 0xc5, 0xfa, 0xbd, 0xf9, 0xbd, 0xf9, 0xbd, 0x1a, 0xbe, 0xfa, 0xbd, 0xfa, 0xc5,
    0xfa, 0xbd, 0xfa, 0xbd, 0xd9, 0xbd, 0xfa, 0xbd, 0xfa, 0xbd, 0xfa, 0xbd, 0xfa, 0xbd, 0xf9, 0xbd,
    0x5b, 0xce, 0x1d, 0xe7, 0x1d, 0xe7, 0x1d, 0xe7, 0x5d, 0xef, 0xbf, 0xf7, 0xbb, 0xd6, 0x73, 0x8c,
    0x15, 0xa5, 0xdc, 0xde, 0xdc, 0xde, 0x9e, 0xf7, 0x7d, 0xef, 0xf4, 0x9c, 0x53, 0x8c, 0xd2, 0x31,
    0xd2, 0x52, 0x52, 0x8c, 0x77, 0xb5, 0xdf, 0xff, 0x5d, 0xef, 0xdc, 0xde, 0x7a, 0xce, 0x93, 0x94,
    0xb4, 0x94, 0x3d, 0xe7, 0x9e, 0xf7, 0x3d, 0xe7, 0x3d, 0xe7, 0x1d, 0xe7, 0x1d, 0xe7, 0x1d, 0xe7,
    0x1d, 0xe7, 0x1d, 0xe7, 0x1d, 0xe7, 0x1d, 0xe7, 0x1d, 0xe7, 0x1d, 0xe7, 0x1d, 0xe7, 0x3d, 0xe7,
    0x3d, 0xe7, 0x3d, 0xe7, 0x1d, 0xe7, 0x3d, 0xe7, 0x1d, 0xe7, 0x3d, 0xe7, 0x5d, 0xef, 0x7d, 0xef,
    0x7d, 0xef, 0x7d, 0xef, 0x7e, 0xef, 0x7e, 0xef, 0x5e, 0xef, 0x5d, 0xef, 0x5d, 0xef, 0x5d, 0xef,
    0x7d, 0xef, 0x7d, 0xef, 0x7d, 0xef, 0x5d, 0xef, 0x5e, 0xef, 0x5d, 0xef, 0x5e, 0xef, 0x7d, 0xef,
    0x5e, 0xef, 0x5d, 0xef, 0x5e, 0xef, 0x5e, 0xef, 0x7d, 0xef, 0x5e, 0xef, 0x5d, 0xef, 0x5d, 0xef,
    0x5e, 0xef, 0x5e, 0xef, 0x5d, 0xef, 0x5d, 0xef, 0x5d, 0xef, 0x5d, 0xef, 0x7d, 0xef, 0x5d, 0xef,
    0x5e, 0xef, 0x5d, 0xef, 0x5d, 0xef, 0x5d, 0xef, 0x5d, 0xef, 0x5d, 0xef, 0x5d, 0xef, 0x5d, 0xef,
    0x5d, 0xef, 0x5d, 0xef, 0x5d, 0xef, 0x5d, 0xef, 0x5d, 0xef, 0x5d, 0xef, 0x5e, 0xef, 0x7e, 0xef,
    0x5d, 0xef, 0x5d, 0xef, 0x5d, 0xef, 0x5d, 0xef, 0x7e, 0xef, 0x7e, 0xef, 0x7e, 0xef, 0x7e, 0xef,
    0x7e, 0xef, 0x7d, 0xef, 0x5e, 0xef, 0x5d, 0xef, 0x5d, 0xef, 0x5d, 0xef, 0x5d, 0xef, 0x7d, 0xef,
    0x5d, 0xef, 0x5e, 0xef, 0x5d, 0xef, 0x5e, 0xef, 0x5d, 0xef, 0x5d, 0xef, 0x5d, 0xef, 0x5d, 0xef,
    0x5d, 0xef, 0x1d, 0xe7, 0x1d, 0xe7, 0x1d, 0xe7, 0x5d, 0xef, 0xbf, 0xf7, 0xbb, 0xd6, 0x73, 0x8c,
    0x15, 0xa5, 0xdc, 0xde, 0xdc, 0xde, 0x9e, 0xf7, 0x7d, 0xef, 0xf4, 0x9c, 0x53, 0x8c, 0xd2, 0x31,
    0xb2, 0x52, 0x52, 0x8c, 0x77, 0xad, 0xdf, 0xff, 0x5d, 0xef, 0xdc, 0xde, 0x7a, 0xce, 0x93, 0x94,
    0xd4, 0x9c, 0x3d, 0xe7, 0x9e, 0xf7, 0x3d, 0xe7, 0x3d, 0xe7, 0x1d, 0xe7, 0x1d, 0xe7, 0x1d, 0xe7,
    0x1d, 0xe7, 0x1d, 0xe7, 0x1d, 0xe7, 0x3d, 0xe7, 0x1d, 0xe7, 0x1d, 0xe7, 0x1d, 0xe7, 0x3d, 0xe7,
    0x3d, 0xe7, 0x3d, 0xe7, 0x1d, 0xe7, 0x3d, 0xe7, 0x3d, 0xe7, 0x3d, 0xe7, 0x1d, 0xe7, 0x1d, 0xe7,
    0x1d, 0xe7, 0x1d, 0xe7, 0x1d, 0xe7, 0x1d, 0xe7, 0x1d, 0xe7, 0x1d, 0xe7, 0x1d, 0xe7, 0x1d, 0xe7,
    0x1d, 0xe7, 0x1d, 0xe7, 0x1d, 0xe7, 0x1d, 0xe7, 0x1c, 0xe7, 0x1d, 0xe7, 0x1d, 0xe7, 0x1d, 0xe7,
    0x1d, 0xe7, 0x1d, 0xe7, 0x1d, 0xe7, 0x1d, 0xe7, 0x1d, 0xe7, 0x1c, 0xe7, 0x1d, 0xe7, 0x1d, 0xe7,
    0x1d, 0xe7, 0x1d, 0xe7, 0x1d, 0xe7, 0x1d, 0xe7, 0x1d, 0xe7, 0x1d, 0xe7, 0x1d, 0xe7, 0x1d, 0xe7,
    0x1c, 0xe7, 0x1d, 0xe7, 0x1d, 0xe7, 0x1d, 0xe7, 0x1d, 0xe7, 0x1d, 0xe7, 0x1d, 0xe7, 0x1d, 0xe7,
    0x1d, 0xe7, 0x1d, 0xe7, 0x1d, 0xe7, 0x1d, 0xe7, 0x1d, 0xe7, 0x1d, 0xe7, 0x1d, 0xe7, 0x1d, 0xe7,
    0x1d, 0xe7, 0x1d, 0xe7, 0x1d, 0xe7, 0x1d, 0xe7, 0x1d, 0xe7, 0x1d, 0xe7, 0x1d, 0xe7, 0x1d, 0xe7,
    0x1d, 0xe7, 0x1d, 0xe7, 0x1d, 0xe7, 0x1d, 0xe7, 0x1d, 0xe7, 0x1d, 0xe7, 0x1d, 0xe7, 0x1d, 0xe7,
    0x1d, 0xe7, 0x1c, 0xe7, 0x1d, 0xe7, 0x1c, 0xe7, 0x1d, 0xe7, 0x1d, 0xe7, 0x1d, 0xe7, 0x1d, 0xe7,
    0x1d, 0xe7, 0x1d, 0xe7, 0x1d, 0xe7, 0x1d, 0xe7, 0x3d, 0xef, 0xdf, 0xf7, 0xdb, 0xd6, 0x73, 0x8c,
    0x15, 0xa5, 0xdc, 0xde, 0xdc, 0xde, 0x9e, 0xf7, 0x7e, 0xef, 0xf4, 0x9c, 0x53, 0x8c, 0xf2, 0x31,
    0xd2, 0x52, 0x52, 0x8c, 0x76, 0xad, 0xdf, 0xff, 0x5d, 0xef, 0xdc, 0xde, 0x7a, 0xce, 0xb4, 0x94,
    0xd4, 0x9c, 0x3d, 0xe7, 0x9e, 0xf7, 0x3d, 0xe7, 0x1d, 0xe7, 0x1d, 0xe7, 0x1d, 0xe7, 0x1d, 0xe7,
    0x1d, 0xe7, 0x1d, 0xe7, 0x1d, 0xe7, 0x1d, 0xe7, 0x1d, 0xe7, 0x1d, 0xe7, 0x1d, 0xe7, 0x1d, 0xe7,
    0x1d, 0xe7, 0x1d, 0xe7, 0x1d, 0xe7, 0x1d, 0xe7, 0x1d, 0xe7, 0x1d, 0xe7, 0x1d, 0xe7, 0x1d, 0xe7,
    0x1d, 0xe7, 0x1d, 0xe7, 0x1d, 0xe7, 0x1d, 0xe7, 0x1d, 0xe7, 0x1d, 0xe7, 0x3d, 0xe7, 0x3d, 0xe7,
    0x3d, 0xe7, 0x3d, 0xe7, 0x1d, 0xe7, 0x1d, 0xe7, 0x1d, 0xe7, 0x1d, 0xe7, 0x1d, 0xe7, 0x1d, 0xe7,
    0x1d, 0xe7, 0x1d, 0xe7, 0x1d, 0xe7, 0x1d, 0xe7, 0x1d, 0xe7, 0x1d, 0xe7, 0x1d, 0xe7, 0x1d, 0xe7,
    0x1d, 0xe7, 0x1d, 0xe7, 0x1d, 0xe7, 0x1d, 0xe7, 0x1d, 0xe7, 0x1d, 0xe7, 0x1d, 0xe7, 0x1d, 0xe7,
    0x1d, 0xe7, 0x1d, 0xe7, 0x1d, 0xe7, 0x1d, 0xe7, 0x1d, 0xe7, 0x1d, 0xe7, 0x1d, 0xe7, 0x1d, 0xe7,
    0x1d, 0xe7, 0x1d, 0xe7, 0x1d, 0xe7, 0x1d, 0xe7, 0x1d, 0xe7, 0x1d, 0xe7, 0x1d, 0xe7, 0x1d, 0xe7,
    0x1d, 0xe7, 0x1d, 0xe7, 0x1d, 0xe7, 0x1d, 0xe7, 0x1d, 0xe7, 0x3d, 0xe7, 0x3d, 0xe7, 0x3d, 0xe7,
    0x1d, 0xe7, 0x1d, 0xe7, 0x1d, 0xe7, 0x1d, 0xe7, 0x1d, 0xe7, 0x1d, 0xe7, 0x1d, 0xe7, 0x1d, 0xe7,
    0x1d, 0xe7, 0x1d, 0xe7, 0x1d, 0xe7, 0x1d, 0xe7, 0x1d, 0xe7, 0x1d, 0xe7, 0x1d, 0xe7, 0x1d, 0xe7,
    0x1d, 0xe7, 0x1d, 0xe7, 0x1d, 0xe7, 0x1d, 0xe7, 0x3d, 0xef, 0xdf, 0xf7, 0xbb, 0xd6, 0x73, 0x8c,
    0x15, 0xa5, 0xdc, 0xde, 0xdc, 0xde, 0x9e, 0xf7, 0x7e, 0xef, 0xf4, 0x9c, 0x53, 0x8c, 0xf2, 0x31,
    0xd2, 0x52, 0x52, 0x8c, 0x76, 0xad, 0xdf, 0xff, 0x5d, 0xef, 0xdc, 0xde, 0x7a, 0xce, 0xb4, 0x94,
    0xd4, 0x9c, 0x5d, 0xe7, 0x9e, 0xf7, 0x3d, 0xe7, 0x1d, 0xe7, 0x1d, 0xe7, 0x1d, 0xe7, 0x1d, 0xe7,
    0x1d, 0xe7, 0x1d, 0xe7, 0x1d, 0xe7, 0x1d, 0xe7, 0x1d, 0xe7, 0x1d, 0xe7, 0x1d, 0xe7, 0x1d, 0xe7,
    0x1d, 0xe7, 0x1d, 0xe7, 0x1d, 0xe7, 0x1d, 0xe7, 0x1d, 0xe7, 0x1d, 0xe7, 0x1d, 0xe7, 0x1d, 0xe7,
    0x1d, 0xe7, 0x1d, 0xe7, 0x1d, 0xe7, 0x1d, 0xe7, 0x1d, 0xe7, 0x1d, 0xe7, 0x3d, 0xe7, 0x3d, 0xe7,
    0x3d, 0xe7, 0x3d, 0xe7, 0x1d, 0xe7, 0x1d, 0xe7, 0x1d, 0xe7, 0x1d, 0xe7, 0x1d, 0xe7, 0x1d, 0xe7,
    0x1d, 0xe7, 0x1d, 0xe7, 0x1d, 0xe7, 0x1d, 0xe7, 0x1d, 0xe7, 0x1d, 0xe7, 0x1d, 0xe7, 0x1d, 0xe7,
    0x1d, 0xe7, 0x1d, 0xe7, 0x1d, 0xe7, 0x1d, 0xe7, 0x1d, 0xe7, 0x1d, 0xe7, 0x1d, 0xe7, 0x1d, 0xe7,
    0x1d, 0xe7, 0x1d, 0xe7, 0x1d, 0xe7, 0x1d, 0xe7, 0x1d, 0xe7, 0x1d, 0xe7, 0x1d, 0xe7, 0x1d, 0xe7,
    0x1d, 0xe7, 0x1d, 0xe7, 0x1d, 0xe7, 0x1d, 0xe7, 0x1d, 0xe7, 0x1d, 0xe7, 0x1d, 0xe7, 0x1d, 0xe7,
    0x1d, 0xe7, 0x1d, 0xe7, 0x1d, 0xe7, 0x1d, 0xe7, 0x1d, 0xe7, 0x1d, 0xe7, 0x1d, 0xe7, 0x1d, 0xe7,
    0x1d, 0xe7, 0x1d, 0xe7, 0x1d, 0xe7, 0x1d, 0xe7, 0x1d, 0xe7, 0x1d, 0xe7, 0x1d, 0xe7, 0x1d, 0xe7,
    0x1d, 0xe7, 0x1d, 0xe7, 0x1d, 0xe7, 0x1d, 0xe7, 0x1d, 0xe7, 0x1d, 0xe7, 0x1d, 0xe7, 0x1d, 0xe7,
    0x1d, 0xe7, 0x1d, 0xe7, 0x1d, 0xe7, 0x1d, 0xe7, 0x3d, 0xef, 0xdf, 0xf7, 0xbb, 0xd6, 0x73, 0x8c,
    0x15, 0xa5, 0xdc, 0xde, 0xdc, 0xde, 0x9e, 0xf7, 0x7e, 0xef, 0xf4, 0x9c, 0x53, 0x8c, 0xd2, 0x31,
    0xd2, 0x52, 0x52, 0x8c, 0x76, 0xad, 0xdf, 0xff, 0x5d, 0xef, 0xdc, 0xde, 0x7a, 0xce, 0xb4, 0x94,
    0xd4, 0x9c, 0x5d, 0xe7, 0x9e, 0xf7, 0x3d, 0xe7, 0x1d, 0xe7, 0x1d, 0xe7, 0x1d, 0xe7, 0x1d, 0xe7,
    0x1d, 0xe7, 0x1d, 0xe7, 0x1d, 0xe7, 0x1d, 0xe7, 0x1d, 0xe7, 0x1d, 0xe7, 0x1d, 0xe7, 0x1d, 0xe7,
    0x1d, 0xe7, 0x1d, 0xe7, 0x1d, 0xe7, 0x1d, 0xe7, 0x1d, 0xe7, 0x1d, 0xe7, 0x1d, 0xe7, 0x1d, 0xe7,
    0x1d, 0xe7, 0x1d, 0xe7, 0x1d, 0xe7, 0x1d, 0xe7, 0x1d, 0xe7, 0x1d, 0xe7, 0x1d, 0xe7, 0x1d, 0xe7,
    0x3d, 0xe7, 0x3d, 0xe7, 0x3d, 0xe7, 0x1d, 0xe7, 0x1d, 0xe7, 0x1d, 0xe7, 0x1d, 0xe7, 0x1d, 0xe7,
    0x1d, 0xe7, 0x1d, 0xe7, 0x1d, 0xe7, 0x1d, 0xe7, 0x1d, 0xe7, 0x1d, 0xe7, 0x1d, 0xe7, 0x1d, 0xe7,
    0x1d, 0xe7, 0x1d, 0xe7, 0x1d, 0xe7, 0x1d, 0xe7, 0x1d, 0xe7, 0x1d, 0xe7, 0x1d, 0xe7, 0x1d, 0xe7,
    0x1d, 0xe7, 0x1d, 0xe7, 0x1d, 0xe7, 0x1d, 0xe7, 0x1d, 0xe7, 0x1d, 0xe7, 0x1d, 0xe7, 0x1d, 0xe7,
    0x1d, 0xe7, 0x1d, 0xe7, 0x1d, 0xe7, 0x1d, 0xe7, 0x1d, 0xe7, 0x1d, 0xe7, 0x1d, 0xe7, 0x1d, 0xe7,
    0x1d, 0xe7, 0x1d, 0xe7, 0x1d, 0xe7, 0x1d, 0xe7, 0x1d, 0xe7, 0x1d, 0xe7, 0x3d, 0xe7, 0x3d, 0xe7,
    0x1d, 0xe7, 0x1d, 0xe7, 0x1d, 0xe7, 0x1d, 0xe7, 0x1d, 0xe7, 0x1d, 0xe7, 0x1d, 0xe7, 0x1d, 0xe7,
    0x1d, 0xe7, 0x1d, 0xe7, 0x1d, 0xe7, 0x1d, 0xe7, 0x1d, 0xe7, 0x1d, 0xe7, 0x1d, 0xe7, 0x1d, 0xe7,
    0x1d, 0xe7, 0x1d, 0xe7, 0x1d, 0xe7, 0x1d, 0xe7, 0x5d, 0xef, 0xbf, 0xf7, 0xbb, 0xd6, 0x73, 0x8c,
    0x15, 0xa5, 0xdc, 0xde, 0xdc, 0xde, 0x9e, 0xf7, 0x7d, 0xef, 0xf4, 0x9c, 0x53, 0x8c, 0xd1, 0x31,
    0xd2, 0x52, 0x52, 0x8c, 0x76, 0xad, 0xdf, 0xff, 0x5d, 0xef, 0xdc, 0xde, 0x7a, 0xce, 0xb4, 0x94,
    0xd4, 0x9c, 0x5d, 0xe7, 0x9e, 0xf7, 0x3d, 0xe7, 0x1d, 0xe7, 0x1d, 0xe7, 0x1d, 0xe7, 0x1d, 0xe7,
    0x1d, 0xe7, 0x1d, 0xe7, 0x1d, 0xe7, 0x1d, 0xe7, 0x1d, 0xe7, 0x1d, 0xe7, 0x3d, 0xe7, 0x1d, 0xe7,
    0x1d, 0xe7, 0x1d, 0xe7, 0x1d, 0xe7, 0x1d, 0xe7, 0x1d, 0xe7, 0x1d, 0xe7, 0x1d, 0xe7, 0x1d, 0xe7,
    0x1d, 0xe7, 0x1d, 0xe7, 0x1d, 0xe7, 0x1d, 0xe7, 0x1d, 0xe7, 0x1d, 0xe7, 0x1d, 0xe7, 0x1d, 0xe7,
    0x3d, 0xe7, 0x3d, 0xe7, 0x1d, 0xe7, 0x1d, 0xe7, 0x1d, 0xe7, 0x1d, 0xe7, 0x1d, 0xe7, 0x1d, 0xe7,
    0x1d, 0xe7, 0x1d, 0xe7, 0x1d, 0xe7, 0x1d, 0xe7, 0x1d, 0xe7, 0x1d, 0xe7, 0x1d, 0xe7, 0x1d, 0xe7,
    0x1d, 0xe7, 0x1d, 0xe7, 0x1d, 0xe7, 0x1d, 0xe7, 0x1d, 0xe7, 0x1d, 0xe7, 0x1d, 0xe7, 0x3d, 0xe7,
    0x3d, 0xe7, 0x1d, 0xe7, 0x1d, 0xe7, 0x1d, 0xe7, 0x1d, 0xe7, 0x1d, 0xe7, 0x1d, 0xe7, 0x1d, 0xe7,
    0x1d, 0xe7, 0x1d, 0xe7, 0x1d, 0xe7, 0x1d, 0xe7, 0x1d, 0xe7, 0x1d, 0xe7, 0x1d, 0xe7, 0x1d, 0xe7,
    0x1d, 0xe7, 0x1d, 0xe7, 0x1d, 0xe7, 0x1d, 0xe7, 0x1d, 0xe7, 0x1d, 0xe7, 0x3d, 0xe7, 0x3d, 0xe7,
    0x1d, 0xe7, 0x1d, 0xe7, 0x1d, 0xe7, 0x1d, 0xe7, 0x1d, 0xe7, 0x1d, 0xe7, 0x1d, 0xe7, 0x1d, 0xe7,
    0x1d, 0xe7, 0x1d, 0xe7, 0x1d, 0xe7, 0x1d, 0xe7, 0x1d, 0xe7, 0x1d, 0xe7, 0x1d, 0xe7, 0x1d, 0xe7,
    0x1d, 0xe7, 0x1d, 0xe7, 0x1d, 0xe7, 0x1d, 0xe7, 0x5d, 0xef, 0xbf, 0xf7, 0xbb, 0xd6, 0x73, 0x8c,
    0x15, 0xa5, 0xdc, 0xde, 0xdc, 0xde, 0x9e, 0xf7, 0x7d, 0xef, 0xf4, 0x9c, 0x53, 0x8c, 0xd1, 0x31,
    0xd2, 0x52, 0x52, 0x8c, 0x76, 0xad, 0xdf, 0xff, 0x5d, 0xef, 0xdc, 0xde, 0x9a, 0xce, 0xb4, 0x94,
    0xd4, 0x9c, 0x5d, 0xe7, 0x9e, 0xf7, 0x3d, 0xe7, 0x1d, 0xe7, 0x1d, 0xe7, 0x1d, 0xe7, 0x1d, 0xe7,
    0x1d, 0xe7, 0x1d, 0xe7, 0x1d, 0xe7, 0x1d, 0xe7, 0x1d, 0xe7, 0x3d, 0xe7, 0x3d, 0xe7, 0x1d, 0xe7,
    0x1d, 0xe7, 0x1d, 0xe7, 0x1d, 0xe7, 0x1d, 0xe7, 0x1d, 0xe7, 0x1d, 0xe7, 0x1d, 0xe7, 0x1d, 0xe7,
    0x1d, 0xe7, 0x1d, 0xe7, 0x1d, 0xe7, 0x1d, 0xe7, 0x1d, 0xe7, 0x1d, 0xe7, 0x1d, 0xe7, 0x1d, 0xe7,
    0x1d, 0xe7, 0x1d, 0xe7, 0x1d, 0xe7, 0x1d, 0xe7, 0x1d, 0xe7, 0x1d, 0xe7, 0x1d, 0xe7, 0x1d, 0xe7,
    0x1d, 0xe7, 0x1d, 0xe7, 0x1d, 0xe7, 0x1d, 0xe7, 0x1d, 0xe7, 0x1d, 0xe7, 0x1d, 0xe7, 0x1d, 0xe7,
    0x1d, 0xe7, 0x1d, 0xe7, 0x1d, 0xe7, 0x1d, 0xe7, 0x3d, 0xe7, 0x3d, 0xe7, 0x3d, 0xe7, 0x3d, 0xe7,
    0x3d, 0xe7, 0x1d, 0xe7, 0x1d, 0xe7, 0x1d, 0xe7, 0x1d, 0xe7, 0x1d, 0xe7, 0x1d, 0xe7, 0x1d, 0xe7,
    0x1d, 0xe7, 0x1d, 0xe7, 0x1d, 0xe7, 0x1d, 0xe7, 0x1d, 0xe7, 0x1d, 0xe7, 0x1d, 0xe7, 0x1d, 0xe7,
    0x1d, 0xe7, 0x1d, 0xe7, 0x1d, 0xe7, 0x1d, 0xe7, 0x1d, 0xe7, 0x1d, 0xe7, 0x1d, 0xe7, 0x1d, 0xe7,
    0x1d, 0xe7, 0x1d, 0xe7, 0x1d, 0xe7, 0x1d, 0xe7, 0x1d, 0xe7, 0x1d, 0xe7, 0x1d, 0xe7, 0x1d, 0xe7,
    0x1d, 0xe7, 0x1d, 0xe7, 0x1d, 0xe7, 0x1d, 0xe7, 0x1d, 0xe7, 0x1d, 0xe7, 0x1d, 0xe7, 0x1d, 0xe7,
    0x1d, 0xe7, 0x1d, 0xe7, 0x1d, 0xe7, 0x1d, 0xe7, 0x5d, 0xef, 0xbf, 0xf7, 0xbb, 0xd6, 0x73, 0x8c,
    0x15, 0xa5, 0xdc, 0xde, 0xdc, 0xde, 0x9e, 0xf7, 0x7d, 0xef, 0xd4, 0x9c, 0x53, 0x8c, 0xd1, 0x31,
    0xd2, 0x52, 0x52, 0x8c, 0x76, 0xad, 0xdf, 0xff, 0x5d, 0xef, 0xdc, 0xde, 0x9a, 0xce, 0xb4, 0x94,
    0xd4, 0x9c, 0x5d, 0xe7, 0x9e, 0xf7, 0x3d, 0xe7, 0x1d, 0xe7, 0x1d, 0xe7, 0x1d, 0xe7, 0x1d, 0xe7,
    0x1d, 0xe7, 0x1d, 0xe7, 0x1d, 0xe7, 0x1d, 0xe7, 0x1d, 0xe7, 0x3d, 0xe7, 0x3d, 0xe7, 0x1d, 0xe7,
    0x1d, 0xe7, 0x1d, 0xe7, 0x1d, 0xe7, 0x1d, 0xe7, 0x1d, 0xe7, 0x1d, 0xe7, 0x1d, 0xe7, 0x1d, 0xe7,
    0x1d, 0xe7, 0x1d, 0xe7, 0x1d, 0xe7, 0x1d, 0xe7, 0x1d, 0xe7, 0x1d, 0xe7, 0x1d, 0xe7, 0x1d, 0xe7,
    0x1d, 0xe7, 0x1d, 0xe7, 0x1d, 0xe7, 0x1d, 0xe7, 0x1d, 0xe7, 0x1d, 0xe7, 0x1d, 0xe7, 0x1d, 0xe7,
    0x1d, 0xe7, 0x1d, 0xe7, 0x1d, 0xe7, 0x1d, 0xe7, 0x1d, 0xe7, 0x1d, 0xe7, 0x1d, 0xe7, 0x1d, 0xe7,
    0x1d, 0xe7, 0x1d, 0xe7, 0x1d, 0xe7, 0x1d, 0xe7, 0x3d, 0xe7, 0x3d, 0xe7, 0x3d, 0xe7, 0x3d, 0xe7,
    0x3d, 0xe7, 0x1d, 0xe7, 0x1d, 0xe7, 0x1d, 0xe7, 0x1d, 0xe7, 0x1d, 0xe7, 0x1d, 0xe7, 0x1d, 0xe7,
    0x1d, 0xe7, 0x1d, 0xe7, 0x1d, 0xe7, 0x1d, 0xe7, 0x1d, 0xe7, 0x1d, 0xe7, 0x1d, 0xe7, 0x1d, 0xe7,
    0x1d, 0xe7, 0x1d, 0xe7, 0x1d, 0xe7, 0x1d, 0xe7, 0x1d, 0xe7, 0x1d, 0xe7, 0x1d, 0xe7, 0x1d, 0xe7,
    0x1d, 0xe7, 0x1d, 0xe7, 0x1d, 0xe7, 0x1d, 0xe7, 0x1d, 0xe7, 0x1d, 0xe7, 0x1d, 0xe7, 0x1d, 0xe7,
    0x1d, 0xe7, 0x1d, 0xe7, 0x1d, 0xe7, 0x1d, 0xe7, 0x1d, 0xe7, 0x1d, 0xe7, 0x1d, 0xe7, 0x1d, 0xe7,
    0x1d, 0xe7, 0x1d, 0xe7, 0x1d, 0xe7, 0x1d, 0xe7, 0x5d, 0xef, 0xbf, 0xf7, 0xbb, 0xd6, 0x73, 0x8c,
    0x15, 0xa5, 0xdc, 0xde, 0xdc, 0xde, 0x9e, 0xf7, 0x7d, 0xef, 0xd4, 0x9c, 0x33, 0x84, 0xd1, 0x31,
    0xd2, 0x52, 0x52, 0x8c, 0x76, 0xad, 0xdf, 0xff, 0x5d, 0xef, 0xdc, 0xde, 0x7a, 0xce, 0xb4, 0x94,
    0xd4, 0x9c, 0x5d, 0xe7, 0x9e, 0xf7, 0x3d, 0xe7, 0x1d, 0xe7, 0x1d, 0xe7, 0x1d, 0xe7, 0x1d, 0xe7,
    0x1d, 0xe7, 0x1d, 0xe7, 0x1d, 0xe7, 0x1d, 0xe7, 0x1d, 0xe7, 0x1d, 0xe7, 0x1d, 0xe7, 0x1d, 0xe7,
    0x1d, 0xe7, 0x1d, 0xe7, 0x1d, 0xe7, 0x1d, 0xe7, 0x1d, 0xe7, 0x1d, 0xe7, 0x1d, 0xe7, 0x1d, 0xe7,
    0x1d, 0xe7, 0x1d, 0xe7, 0x1d, 0xe7, 0x1d, 0xe7, 0x1d, 0xe7, 0x1d, 0xe7, 0x1d, 0xe7, 0x1d, 0xe7,
    0x1d, 0xe7, 0x1d, 0xe7, 0x1d, 0xe7, 0x1d, 0xe7, 0x1d, 0xe7, 0x1d, 0xe7, 0x1d, 0xe7, 0x1d, 0xe7,
    0x1d, 0xe7, 0x1d, 0xe7, 0x1d, 0xe7, 0x1d, 0xe7, 0x1d, 0xe7, 0x1d, 0xe7, 0x1d, 0xe7, 0x1d, 0xe7,
    0x1d, 0xe7, 0x1d, 0xe7, 0x1d, 0xe7, 0x1d, 0xe7, 0x3d, 0xe7, 0x1d, 0xe7, 0x1d, 0xe7, 0x1d, 0xe7,
    0x1d, 0xe7, 0x1d, 0xe7, 0x1d, 0xe7, 0x1d, 0xe7, 0x1d, 0xe7, 0x1d, 0xe7, 0x1d, 0xe7, 0x1d, 0xe7,
    0x1d, 0xe7, 0x1d, 0xe7, 0x1d, 0xe7, 0x1d, 0xe7, 0x1d, 0xe7, 0x1d, 0xe7, 0x1d, 0xe7, 0x1d, 0xe7,
    0x1d, 0xe7, 0x1d, 0xe7, 0x1d, 0xe7, 0x1d, 0xe7, 0x1d, 0xe7, 0x1d, 0xe7, 0x1d, 0xe7, 0x1d, 0xe7,
    0x1d, 0xe7, 0x1d, 0xe7, 0x1d, 0xe7, 0x1d, 0xe7, 0x1d, 0xe7, 0x1d, 0xe7, 0x1d, 0xe7, 0x1d, 0xe7,
    0x1d, 0xe7, 0x1d, 0xe7, 0x1d, 0xe7, 0x1d, 0xe7, 0x1d, 0xe7, 0x1d, 0xe7, 0x1d, 0xe7, 0x1d, 0xe7,
    0x1d, 0xe7, 0x1d, 0xe7, 0x1d, 0xe7, 0x1d, 0xe7, 0x5d, 0xef, 0xbf, 0xf7, 0xbb, 0xd6, 0x73, 0x8c,
    0x15, 0xa5, 0xdc, 0xde, 0xdc, 0xde, 0x9e, 0xf7, 0x7d, 0xef, 0xd4, 0x9c, 0x53, 0x8c, 0xd2, 0x31,
    0xd2, 0x52, 0x52, 0x8c, 0x76, 0xad, 0xdf, 0xff, 0x5d, 0xef, 0xdc, 0xde, 0x7a, 0xce, 0xb4, 0x94,
    0xd4, 0x9c, 0x3d, 0xe7, 0x9e, 0xf7, 0x3d, 0xe7, 0x1d, 0xe7, 0x1d, 0xe7, 0x1d, 0xe7, 0x1d, 0xe7,
    0x1d, 0xe7, 0x1d, 0xe7, 0x1d, 0xe7, 0x1d, 0xe7, 0x1d, 0xe7, 0x1d, 0xe7, 0x1d, 0xe7, 0x1d, 0xe7,
    0x1d, 0xe7, 0x1d, 0xe7, 0x1d, 0xe7, 0x1d, 0xe7, 0x1d, 0xe7, 0x1d, 0xe7, 0x1d, 0xe7, 0x1d, 0xe7,
    0x1d, 0xe7, 0x1d, 0xe7, 0x1d, 0xe7, 0x3d, 0xe7, 0x1d, 0xe7, 0x1d, 0xe7, 0x1d, 0xe7, 0x1d, 0xe7,
    0x1d, 0xe7, 0x1d, 0xe7, 0x1d, 0xe7, 0x1d, 0xe7, 0x1d, 0xe7, 0x1d, 0xe7, 0x1d, 0xe7, 0x1d, 0xe7,
    0x1d, 0xe7, 0x1d, 0xe7, 0x1d, 0xe7, 0x1d, 0xe7, 0x1d, 0xe7, 0x1d, 0xe7, 0x1d, 0xe7, 0x1d, 0xe7,
    0x1d, 0xe7, 0x1d, 0xe7, 0x1d, 0xe7, 0x1d, 0xe7, 0x1d, 0xe7, 0x1d, 0xe7, 0x1d, 0xe7, 0x1d, 0xe7,
    0x1d, 0xe7, 0x1d, 0xe7, 0x1d, 0xe7, 0x1d, 0xe7, 0x1d, 0xe7, 0x1d, 0xe7, 0x1d, 0xe7, 0x1d, 0xe7,
    0x1d, 0xe7, 0x1d, 0xe7, 0x1d, 0xe7, 0x1d, 0xe7, 0x1d, 0xe7, 0x1d, 0xe7, 0x1d, 0xe7, 0x1d, 0xe7,
    0x1d, 0xe7, 0x1d, 0xe7, 0x1d, 0xe7, 0x1d, 0xe7, 0x1d, 0xe7, 0x1d, 0xe7, 0x1d, 0xe7, 0x1d, 0xe7,
    0x1d, 0xe7, 0x1d, 0xe7, 0x1d, 0xe7, 0x1d, 0xe7, 0x1d, 0xe7, 0x1d, 0xe7, 0x1d, 0xe7, 0x1d, 0xe7,
    0x1d, 0xe7, 0x1d, 0xe7, 0x1d, 0xe7, 0x1d, 0xe7, 0x1d, 0xe7, 0x1d, 0xe7, 0x1d, 0xe7, 0x1d, 0xe7,
    0x1d, 0xe7, 0x1d, 0xe7, 0x1d, 0xe7, 0x1d, 0xe7, 0x5d, 0xef, 0xbf, 0xf7, 0xbb, 0xd6, 0x73, 0x8c,
    0x15, 0xa5, 0xdc, 0xde, 0xdc, 0xde, 0x9e, 0xf7, 0x7d, 0xef, 0xd4, 0x9c, 0x53, 0x8c, 0xd2, 0x31,
    0xd2, 0x52, 0x52, 0x8c, 0x76, 0xad, 0xdf, 0xff, 0x5d, 0xef, 0xdc, 0xde, 0x7a, 0xce, 0xb4, 0x94,
    0xd4, 0x9c, 0x3d, 0xe7, 0x9e, 0xf7, 0x3d, 0xe7, 0x1c, 0xe7, 0x1d, 0xe7, 0x1d, 0xe7, 0x1d, 0xe7,
    0x1d, 0xe7, 0x1d, 0xe7, 0x1d, 0xe7, 0x1d, 0xe7, 0x1d, 0xe7, 0x3d, 0xe7, 0x3d, 0xe7, 0x1d, 0xe7,
    0x1d, 0xe7, 0x1d, 0xe7, 0x1d, 0xe7, 0x1d, 0xe7, 0x1d, 0xe7, 0x3d, 0xe7, 0x3d, 0xe7, 0x3d, 0xe7,
    0x3d, 0xe7, 0x1d, 0xe7, 0x1d, 0xe7, 0x1d, 0xe7, 0x1d, 0xe7, 0x1d, 0xe7, 0x1d, 0xe7, 0x1d, 0xe7,
    0x1d, 0xe7, 0x3d, 0xe7, 0x3d, 0xe7, 0x1d, 0xe7, 0x1d, 0xe7, 0x1d, 0xe7, 0x1d, 0xe7, 0x1d, 0xe7,
    0x1d, 0xe7, 0x1d, 0xe7, 0x1d, 0xe7, 0x1d, 0xe7, 0x1d, 0xe7, 0x1d, 0xe7, 0x1d, 0xe7, 0x1d, 0xe7,
    0x1d, 0xe7, 0x1d, 0xe7, 0x1d, 0xe7, 0x1d, 0xe7, 0x1d, 0xe7, 0x1d, 0xe7, 0x1d, 0xe7, 0x1d, 0xe7,
    0x1d, 0xe7, 0x1d, 0xe7, 0x1d, 0xe7, 0x1d, 0xe7, 0x1d, 0xe7, 0x1d, 0xe7, 0x1d, 0xe7, 0x1d, 0xe7,
    0x1d, 0xe7, 0x1d, 0xe7, 0x1d, 0xe7, 0x1d, 0xe7, 0x1d, 0xe7, 0x1d, 0xe7, 0x1d, 0xe7, 0x1d, 0xe7,
    0x1d, 0xe7, 0x1d, 0xe7, 0x1d, 0xe7, 0x1d, 0xe7, 0x1d, 0xe7, 0x1d, 0xe7, 0x1d, 0xe7, 0x1d, 0xe7,
    0x1d, 0xe7, 0x1d, 0xe7, 0x1d, 0xe7, 0x1d, 0xe7, 0x1d, 0xe7, 0x1d, 0xe7, 0x1d, 0xe7, 0x1d, 0xe7,
    0x1d, 0xe7, 0x1d, 0xe7, 0x1d, 0xe7, 0x1d, 0xe7, 0x1d, 0xe7, 0x1d, 0xe7, 0x1d, 0xe7, 0x1d, 0xe7,
    0x1d, 0xe7, 0x1d, 0xe7, 0x1d, 0xe7, 0x1d, 0xe7, 0x5d, 0xef, 0xbf, 0xf7, 0xbb, 0xd6, 0x73, 0x8c,
    0x15, 0xa5, 0xdc, 0xde, 0xdc, 0xde, 0x9e, 0xf7, 0x7d, 0xef, 0xd4, 0x9c, 0x53, 0x8c, 0xd2, 0x31,
    0xb2, 0x52, 0x52, 0x8c, 0x77, 0xb5, 0xdf, 0xff, 0x5d, 0xef, 0xdc, 0xde, 0x7a, 0xce, 0xb4, 0x94,
    0xd4, 0x9c, 0x5d, 0xe7, 0x9e, 0xf7, 0x3d, 0xe7, 0x1d, 0xe7, 0x1d, 0xe7, 0x3d, 0xe7, 0x1d, 0xe7,
    0x1d, 0xe7, 0x1d, 0xe7, 0x1d, 0xe7, 0x1d, 0xe7, 0x1d, 0xe7, 0x1d, 0xe7, 0x1d, 0xe7, 0x1d, 0xe7,
    0x1d, 0xe7, 0x1d, 0xe7, 0x1d, 0xe7, 0x1d, 0xe7, 0x1d, 0xe7, 0x3d, 0xe7, 0x3d, 0xe7, 0x3d, 0xe7,
    0x3d, 0xe7, 0x1d, 0xe7, 0x1d, 0xe7, 0x1d, 0xe7, 0x1d, 0xe7, 0x1d, 0xe7, 0x1d, 0xe7, 0x1d, 0xe7,
    0x3d, 0xe7, 0x1d, 0xe7, 0x1d, 0xe7, 0x3d, 0xe7, 0x1d, 0xe7, 0x1d, 0xe7, 0x1d, 0xe7, 0x1d, 0xe7,
    0x1d, 0xe7, 0x1d, 0xe7, 0x1d, 0xe7, 0x1d, 0xe7, 0x1d, 0xe7, 0x1d, 0xe7, 0x1d, 0xe7, 0x1d, 0xe7,
    0x1d, 0xe7, 0x1d, 0xe7, 0x1d, 0xe7, 0x1d, 0xe7, 0x1d, 0xe7, 0x1d, 0xe7, 0x1d, 0xe7, 0x1d, 0xe7,
    0x1d, 0xe7, 0x1d, 0xe7, 0x1d, 0xe7, 0x1d, 0xe7, 0x1d, 0xe7, 0x1d, 0xe7, 0x1d, 0xe7, 0x1d, 0xe7,
    0x1d, 0xe7, 0x1d, 0xe7, 0x1d, 0xe7, 0x1d, 0xe7, 0x1d, 0xe7, 0x1d, 0xe7, 0x1d, 0xe7, 0x1d, 0xe7,
    0x1d, 0xe7, 0x1d, 0xe7, 0x1d, 0xe7, 0x1d, 0xe7, 0x1d, 0xe7, 0x1d, 0xe7, 0x1d, 0xe7, 0x1d, 0xe7,
    0x1d, 0xe7, 0x1d, 0xe7, 0x1d, 0xe7, 0x1d, 0xe7, 0x1d, 0xe7, 0x1d, 0xe7, 0x1d, 0xe7, 0x1d, 0xe7,
    0x3d, 0xe7, 0x1d, 0xe7, 0x1d, 0xe7, 0x1d, 0xe7, 0x1d, 0xe7, 0x1d, 0xe7, 0x1d, 0xe7, 0x1d, 0xe7,
    0x1d, 0xe7, 0x1d, 0xe7, 0x1d, 0xe7, 0x1d, 0xe7, 0x5d, 0xef, 0xbf, 0xf7, 0xbb, 0xd6, 0x73, 0x8c,
    0x15, 0xa5, 0xdc, 0xde, 0xdc, 0xde, 0x9e, 0xf7, 0x7d, 0xef, 0xf4, 0x9c, 0x53, 0x8c, 0xd2, 0x31,
    0xd2, 0x52, 0x52, 0x8c, 0x77, 0xb5, 0xdf, 0xff, 0x5d, 0xef, 0xdc, 0xde, 0x7a, 0xce, 0xb4, 0x94,
    0xf4, 0x9c, 0x3d, 0xe7, 0x9e, 0xf7, 0x3d, 0xe7, 0x1d, 0xe7, 0x1d, 0xe7, 0x1d, 0xe7, 0x1d, 0xe7,
    0x1d, 0xe7, 0x1d, 0xe7, 0x1d, 0xe7, 0x1d, 0xe7, 0x1d, 0xe7, 0x1d, 0xe7, 0x1d, 0xe7, 0x1d, 0xe7,
    0x1d, 0xe7, 0x1d, 0xe7, 0x1d, 0xe7, 0x1d, 0xe7, 0x1d, 0xe7, 0x3d, 0xe7, 0x3d, 0xe7, 0x3d, 0xe7,
    0x1d, 0xe7, 0x1d, 0xe7, 0x1d, 0xe7, 0x1d, 0xe7, 0x1d, 0xe7, 0x1d, 0xe7, 0x1d, 0xe7, 0x1d, 0xe7,
    0x1d, 0xe7, 0x1d, 0xe7, 0x1d, 0xe7, 0x1d, 0xe7, 0x1d, 0xe7, 0x1d, 0xe7, 0x1d, 0xe7, 0x1d, 0xe7,
    0x1d, 0xe7, 0x1d, 0xe7, 0x1d, 0xe7, 0x1d, 0xe7, 0x1d, 0xe7, 0x1d, 0xe7, 0x1d, 0xe7, 0x1d, 0xe7,
    0x1d, 0xe7, 0x1d, 0xe7, 0x1d, 0xe7, 0x1d, 0xe7, 0x1d, 0xe7, 0x1d, 0xe7, 0x1d, 0xe7, 0x1d, 0xe7,
    0x1d, 0xe7, 0x1d, 0xe7, 0x1d, 0xe7, 0x1d, 0xe7, 0x1d, 0xe7, 0x1d, 0xe7, 0x1d, 0xe7, 0x1d, 0xe7,
    0x1d, 0xe7, 0x1d, 0xe7, 0x1d, 0xe7, 0x1d, 0xe7, 0x1d, 0xe7, 0x1d, 0xe7, 0x1d, 0xe7, 0x1d, 0xe7,
    0x1d, 0xe7, 0x1d, 0xe7, 0x1d, 0xe7, 0x1d, 0xe7, 0x1d, 0xe7, 0x1d, 0xe7, 0x3d, 0xe7, 0x3d, 0xe7,
    0x1d, 0xe7, 0x1d, 0xe7, 0x1d, 0xe7, 0x1d, 0xe7, 0x1d, 0xe7, 0x1d, 0xe7, 0x1d, 0xe7, 0x1d, 0xe7,
    0x1d, 0xe7, 0x1d, 0xe7, 0x1d, 0xe7, 0x1d, 0xe7, 0x1d, 0xe7, 0x1d, 0xe7, 0x1d, 0xe7, 0x1d, 0xe7,
    0x1d, 0xe7, 0x1d, 0xe7, 0x1d, 0xe7, 0x1d, 0xe7, 0x3d, 0xef, 0xbe, 0xf7, 0xbb, 0xd6, 0x73, 0x8c,
    0x15, 0xa5, 0xdc, 0xde, 0xdc, 0xde, 0x9e, 0xf7, 0x7d, 0xef, 0xf4, 0x9c, 0x53, 0x8c, 0xd2, 0x31,
    0xd2, 0x52, 0x52, 0x8c, 0x76, 0xad, 0xdf, 0xff, 0x5d, 0xef, 0xdc, 0xde, 0x7a, 0xce, 0xb4, 0x94,
    0xd4, 0x9c, 0x7e, 0xef, 0xdf, 0xff, 0x3d, 0xe7, 0x1c, 0xe7, 0x1d, 0xe7, 0x1d, 0xe7, 0x1d, 0xe7,
    0x1d, 0xe7, 0x1d, 0xe7, 0x1d, 0xe7, 0x1d, 0xe7, 0x1d, 0xe7, 0x1d, 0xe7, 0x1d, 0xe7, 0x1d, 0xe7,
    0x1d, 0xe7, 0x1d, 0xe7, 0x1d, 0xe7, 0x1d, 0xe7, 0x1d, 0xe7, 0x3d, 0xe7, 0x3d, 0xe7, 0x3d, 0xe7,
    0x1d, 0xe7, 0x1d, 0xe7, 0x1d, 0xe7, 0x1d, 0xe7, 0x1d, 0xe7, 0x1d, 0xe7, 0x1d, 0xe7, 0x1d, 0xe7,
    0x1d, 0xe7, 0x1d, 0xe7, 0x1d, 0xe7, 0x1d, 0xe7, 0x1d, 0xe7, 0x1d, 0xe7, 0x1d, 0xe7, 0x1d, 0xe7,
    0x1d, 0xe7, 0x1d, 0xe7, 0x1d, 0xe7, 0x1d, 0xe7, 0x1d, 0xe7, 0x1d, 0xe7, 0x1d, 0xe7, 0x1d, 0xe7,
    0x1d, 0xe7, 0x1d, 0xe7, 0x1d, 0xe7, 0x1d, 0xe7, 0x1d, 0xe7, 0x1d, 0xe7, 0x1d, 0xe7, 0x1d, 0xe7,
    0x1d, 0xe7, 0x1d, 0xe7, 0x1d, 0xe7, 0x1d, 0xe7, 0x1d, 0xe7, 0x1d, 0xe7, 0x1d, 0xe7, 0x1d, 0xe7,
    0x1d, 0xe7, 0x1d, 0xe7, 0x1d, 0xe7, 0x1d, 0xe7, 0x1d, 0xe7, 0x1d, 0xe7, 0x1d, 0xe7, 0x1d, 0xe7,
    0x1d, 0xe7, 0x1d, 0xe7, 0x1d, 0xe7, 0x1d, 0xe7, 0x1d, 0xe7, 0x1d, 0xe7, 0x1d, 0xe7, 0x3d, 0xe7,
    0x1d, 0xe7, 0x1d, 0xe7, 0x1d, 0xe7, 0x1d, 0xe7, 0x1d, 0xe7, 0x1d, 0xe7, 0x1d, 0xe7, 0x3d, 0xe7,
    0x1d, 0xe7, 0x1d, 0xe7, 0x1d, 0xe7, 0x1d, 0xe7, 0x1d, 0xe7, 0x1d, 0xe7, 0x1d, 0xe7, 0x1d, 0xe7,
    0x1d, 0xe7, 0x1d, 0xe7, 0x1d, 0xe7, 0x1c, 0xe7, 0x5d, 0xef, 0xff, 0xff, 0xfc, 0xde, 0x73, 0x94,
    0x15, 0xa5, 0xdc, 0xde, 0xdc, 0xde, 0x9e, 0xf7, 0x7e, 0xef, 0xf4, 0x9c, 0x53, 0x8c, 0xd2, 0x31,
    0xb2, 0x52, 0x52, 0x8c, 0x76, 0xad, 0xdf, 0xff, 0x5d, 0xef, 0xdc, 0xde, 0x7a, 0xce, 0xb4, 0x94,
    0xd4, 0x9c, 0x19, 0xc6, 0x59, 0xce, 0x1c, 0xe7, 0x5d, 0xef, 0x3d, 0xe7, 0x1d, 0xe7, 0x1d, 0xe7,
    0x1d, 0xe7, 0x1d, 0xe7, 0x1d, 0xe7, 0x1d, 0xe7, 0x1d, 0xe7, 0x3d, 0xe7, 0x1d, 0xe7, 0x1d, 0xe7,
    0x1d, 0xe7, 0x1d, 0xe7, 0x1d, 0xe7, 0x1d, 0xe7, 0x1d, 0xe7, 0x1d, 0xe7, 0x1d, 0xe7, 0x1d, 0xe7,
    0x1d, 0xe7, 0x3d, 0xe7, 0x3d, 0xe7, 0x1d, 0xe7, 0x1d, 0xe7, 0x1d, 0xe7, 0x1d, 0xe7, 0x1d, 0xe7,
    0x1d, 0xe7, 0x1d, 0xe7, 0x1d, 0xe7, 0x3d, 0xe7, 0x1d, 0xe7, 0x1d, 0xe7, 0x1d, 0xe7, 0x1d, 0xe7,
    0x1d, 0xe7, 0x1d, 0xe7, 0x1d, 0xe7, 0x1d, 0xe7, 0x1d, 0xe7, 0x1d, 0xe7, 0x1d, 0xe7, 0x1d, 0xe7,
    0x1d, 0xe7, 0x1d, 0xe7, 0x1d, 0xe7, 0x1d, 0xe7, 0x1d, 0xe7, 0x1d, 0xe7, 0x1d, 0xe7, 0x1d, 0xe7,
    0x1d, 0xe7, 0x1d, 0xe7, 0x1d, 0xe7, 0x1d, 0xe7, 0x1d, 0xe7, 0x1d, 0xe7, 0x1d, 0xe7, 0x1d, 0xe7,
    0x1d, 0xe7, 0x1d, 0xe7, 0x1d, 0xe7, 0x1d, 0xe7, 0x1d, 0xe7, 0x1d, 0xe7, 0x1d, 0xe7, 0x1d, 0xe7,
    0x1d, 0xe7, 0x1d, 0xe7, 0x1d, 0xe7, 0x1d, 0xe7, 0x1d, 0xe7, 0x1d, 0xe7, 0x1d, 0xe7, 0x1d, 0xe7,
    0x1d, 0xe7, 0x1d, 0xe7, 0x1d, 0xe7, 0x1d, 0xe7, 0x1d, 0xe7, 0x1d, 0xe7, 0x1d, 0xe7, 0x1d, 0xe7,
    0x1d, 0xe7, 0x1d, 0xe7, 0x1d, 0xe7, 0x1d, 0xe7, 0x1d, 0xe7, 0x1d, 0xe7, 0x1d, 0xe7, 0x1d, 0xe7,
    0x1d, 0xe7, 0x1d, 0xe7, 0x3d, 0xe7, 0x5d, 0xef, 0xdb, 0xde, 0x59, 0xce, 0xd8, 0xbd, 0x93, 0x94,
    0x15, 0xa5, 0xdc, 0xde, 0xdc, 0xde, 0x9e, 0xf7, 0x7d, 0xef, 0xf4, 0x9c, 0x53, 0x8c, 0xd2, 0x31,
    0xb2, 0x52, 0x52, 0x8c, 0x76, 0xad, 0xdf, 0xff, 0x5d, 0xef, 0xdc, 0xde, 0x7a, 0xce, 0xb3, 0x94,
    0x94, 0x94, 0x93, 0x94, 0x93, 0x94, 0x1d, 0xe7, 0xff, 0xff, 0x3d, 0xef, 0x1c, 0xe7, 0x1d, 0xe7,
    0x1d, 0xe7, 0x1d, 0xe7, 0x1d, 0xe7, 0x1d, 0xe7, 0x1d, 0xe7, 0x1d, 0xe7, 0x1d, 0xe7, 0x1d, 0xe7,
    0x1d, 0xe7, 0x1d, 0xe7, 0x1d, 0xe7, 0x1d, 0xe7, 0x1d, 0xe7, 0x1d, 0xe7, 0x1d, 0xe7, 0x1d, 0xe7,
    0x1d, 0xe7, 0x1d, 0xe7, 0x1d, 0xe7, 0x1d, 0xe7, 0x1d, 0xe7, 0x1d, 0xe7, 0x1d, 0xe7, 0x1d, 0xe7,
    0x1d, 0xe7, 0x1d, 0xe7, 0x1d, 0xe7, 0x1d, 0xe7, 0x1d, 0xe7, 0x1d, 0xe7, 0x1d, 0xe7, 0x1d, 0xe7,
    0x1d, 0xe7, 0x1d, 0xe7, 0x1d, 0xe7, 0x1d, 0xe7, 0x1d, 0xe7, 0x1d, 0xe7, 0x1d, 0xe7, 0x1d, 0xe7,
    0x1d, 0xe7, 0x1d, 0xe7, 0x1d, 0xe7, 0x1d, 0xe7, 0x1d, 0xe7, 0x1d, 0xe7, 0x1c, 0xe7, 0x1d, 0xe7,
    0x1d, 0xe7, 0x1d, 0xe7, 0x1d, 0xe7, 0x1d, 0xe7, 0x1d, 0xe7, 0x1d, 0xe7, 0x1d, 0xe7, 0x1d, 0xe7,
    0x1d, 0xe7, 0x1d, 0xe7, 0x1d, 0xe7, 0x1d, 0xe7, 0x1c, 0xe7, 0x1c, 0xe7, 0x1d, 0xe7, 0x1d, 0xe7,
    0x1d, 0xe7, 0x1d, 0xe7, 0x1d, 0xe7, 0x1d, 0xe7, 0x1d, 0xe7, 0x1d, 0xe7, 0x1d, 0xe7, 0x1d, 0xe7,
    0x1d, 0xe7, 0x1d, 0xe7, 0x1d, 0xe7, 0x1d, 0xe7, 0x1d, 0xe7, 0x1d, 0xe7, 0x1d, 0xe7, 0x1d, 0xe7,
    0x1d, 0xe7, 0x1d, 0xe7, 0x1d, 0xe7, 0x1d, 0xe7, 0x1d, 0xe7, 0x1d, 0xe7, 0x1d, 0xe7, 0x1d, 0xe7,
    0x1d, 0xe7, 0x1c, 0xe7, 0x5e, 0xef, 0xff, 0xff, 0x7a, 0xce, 0x52, 0x8c, 0x93, 0x94, 0x93, 0x94,
    0x15, 0x9d, 0xdc, 0xde, 0xdb, 0xde, 0x9e, 0xf7, 0x7e, 0xef, 0xf4, 0x9c, 0x53, 0x8c, 0xf2, 0x31,
    0xd2, 0x52, 0x52, 0x8c, 0x76, 0xad, 0xdf, 0xff, 0x5d, 0xef, 0xdc, 0xde, 0x9b, 0xd6, 0x56, 0xad,
    0x56, 0xad, 0xf5, 0x9c, 0xb4, 0x94, 0x5a, 0xce, 0xdb, 0xde, 0x1c, 0xe7, 0x3d, 0xef, 0x3d, 0xe7,
    0x3d, 0xe7, 0x3d, 0xef, 0x3d, 0xef, 0x3d, 0xef, 0x3d, 0xef, 0x3d, 0xe7, 0x3d, 0xef, 0x3d, 0xe7,
    0x3d, 0xe7, 0x3d, 0xe7, 0x3d, 0xe7, 0x3d, 0xef, 0x3d, 0xef, 0x3d, 0xef, 0x3d, 0xef, 0x3d, 0xef,
    0x3d, 0xef, 0x3d, 0xef, 0x3d, 0xe7, 0x3d, 0xe7, 0x3d, 0xe7, 0x3d, 0xe7, 0x3d, 0xe7, 0x3d, 0xe7,
    0x3d, 0xe7, 0x3d, 0xe7, 0x3d, 0xef, 0x3d, 0xef, 0x3d, 0xef, 0x3d, 0xef, 0x3d, 0xef, 0x3d, 0xe7,
    0x3d, 0xe7, 0x3d, 0xef, 0x3d, 0xe7, 0x3d, 0xe7, 0x3d, 0xe7, 0x3d, 0xe7, 0x3d, 0xe7, 0x3d, 0xe7,
    0x3d, 0xe7, 0x3d, 0xe7, 0x3d, 0xe7, 0x3d, 0xe7, 0x3d, 0xe7, 0x3d, 0xe7, 0x3d, 0xe7, 0x3d, 0xe7,
    0x3d, 0xe7, 0x3d, 0xe7, 0x3d, 0xef, 0x3d, 0xe7, 0x3d, 0xe7, 0x3d, 0xe7, 0x3d, 0xe7, 0x3d, 0xe7,
    0x3d, 0xe7, 0x3d, 0xef, 0x3d, 0xef, 0x3d, 0xe7, 0x3d, 0xe7, 0x3d, 0xe7, 0x3d, 0xe7, 0x3d, 0xe7,
    0x3d, 0xe7, 0x3d, 0xe7, 0x3d, 0xe7, 0x3d, 0xe7, 0x3d, 0xe7, 0x3d, 0xe7, 0x3d, 0xe7, 0x3d, 0xe7,
    0x3d, 0xe7, 0x3d, 0xe7, 0x3d, 0xe7, 0x3d, 0xe7, 0x3d, 0xe7, 0x3d, 0xe7, 0x3d, 0xe7, 0x3d, 0xe7,
    0x3d, 0xef, 0x3d, 0xef, 0x3d, 0xef, 0x3d, 0xef, 0x3d, 0xe7, 0x3d, 0xe7, 0x3d, 0xe7, 0x3d, 0xe7,
    0x3d, 0xe7, 0x3d, 0xe7, 0xfc, 0xde, 0xdb, 0xde, 0xf8, 0xbd, 0xb4, 0x94, 0xf5, 0xa4, 0x35, 0xa5,
    0x97, 0xb5, 0xdc, 0xde, 0xdc, 0xde, 0x9e, 0xf7, 0x7d, 0xef, 0xf4, 0x9c, 0x53, 0x8c, 0xd2, 0x31,
    0xd2, 0x52, 0x52, 0x8c, 0x96, 0xad, 0xff, 0xff, 0x7e, 0xef, 0xdb, 0xde, 0xdb, 0xde, 0xfc, 0xde,
    0xdb, 0xd6, 0xd4, 0x9c, 0x93, 0x94, 0xb4, 0x94, 0x72, 0x8c, 0xbb, 0xd6, 0xdf, 0xff, 0xbe, 0xf7,
    0xbe, 0xf7, 0xbe, 0xf7, 0xbe, 0xf7, 0xbe, 0xf7, 0xbe, 0xf7, 0xbe, 0xf7, 0xbe, 0xf7, 0xbe, 0xf7,
    0xbe, 0xf7, 0xbe, 0xf7, 0xbe, 0xf7, 0xbe, 0xf7, 0xbe, 0xf7, 0xbe, 0xf7, 0xbe, 0xf7, 0xbe, 0xf7,
    0xbe, 0xf7, 0xbe, 0xf7, 0xbe, 0xf7, 0xbe, 0xf7, 0xbe, 0xf7, 0xbe, 0xf7, 0xbe, 0xf7, 0xbe, 0xf7,
    0xbe, 0xf7, 0xbe, 0xf7, 0xbe, 0xf7, 0xbe, 0xf7, 0xbe, 0xf7, 0xbe, 0xf7, 0xbe, 0xf7, 0xbe, 0xf7,
    0xbe, 0xf7, 0xbe, 0xf7, 0xbe, 0xf7, 0xbe, 0xf7, 0xbe, 0xf7, 0xbe, 0xf7, 0xbe, 0xf7, 0xbe, 0xf7,
    0xbe, 0xf7, 0xbe, 0xf7, 0xbe, 0xf7, 0xbe, 0xf7, 0xbe, 0xf7, 0xbe, 0xf7, 0xbe, 0xf7, 0xbe, 0xf7,
    0xbe, 0xf7, 0xbe, 0xf7, 0xbe, 0xf7, 0xbe, 0xf7, 0xbe, 0xf7, 0xbe, 0xf7, 0xbe, 0xf7, 0xbe, 0xf7,
    0xbe, 0xf7, 0xbe, 0xf7, 0xbe, 0xf7, 0xbe, 0xf7, 0xbe, 0xf7, 0xbe, 0xf7, 0xbe, 0xf7, 0xbe, 0xf7,
    0xbe, 0xf7, 0xbe, 0xf7, 0xbe, 0xf7, 0xbe, 0xf7, 0xbe, 0xf7, 0xbe, 0xf7, 0xbe, 0xf7, 0xbe, 0xf7,
    0xbe, 0xf7, 0xbe, 0xf7, 0xbe, 0xf7, 0xbe, 0xf7, 0xbe, 0xf7, 0xbe, 0xf7, 0xbe, 0xf7, 0xbe, 0xf7,
    0xbe, 0xf7, 0xbe, 0xf7, 0xbe, 0xf7, 0xbe, 0xf7, 0xbe, 0xf7, 0xbe, 0xf7, 0xbe, 0xf7, 0xbe, 0xf7,
    0xbe, 0xf7, 0xdf, 0xff, 0x19, 0xc6, 0x72, 0x8c, 0xb4, 0x94, 0x73, 0x94, 0x36, 0xa5, 0xfc, 0xde,
    0xdb, 0xde, 0xdb, 0xde, 0xdc, 0xde, 0xbe, 0xf7, 0x9e, 0xf7, 0xf4, 0x9c, 0x53, 0x8c, 0xd2, 0x31,
    0xb2, 0x4a, 0x32, 0x84, 0x56, 0xa5, 0x3d, 0xe7, 0xfc, 0xde, 0xfc, 0xde, 0xfc, 0xde, 0xdb, 0xde,
    0xdb, 0xd6, 0x56, 0xad, 0x15, 0xa5, 0xf4, 0x9c, 0x93, 0x94, 0x5a, 0xce, 0x1c, 0xe7, 0xfc, 0xde,
    0xfc, 0xde, 0xfc, 0xde, 0xfc, 0xde, 0xfc, 0xde, 0xfc, 0xde, 0xfc, 0xde, 0xfc, 0xde, 0xfc, 0xde,
    0xfc, 0xde, 0xfc, 0xde, 0xfc, 0xde, 0xfc, 0xde, 0xfc, 0xde, 0xfc, 0xde, 0xfc, 0xde, 0xfc, 0xde,
    0xfc, 0xde, 0xfc, 0xde, 0xfc, 0xde, 0xfc, 0xde, 0xfc, 0xde, 0xfc, 0xde, 0xfc, 0xde, 0xfc, 0xde,
    0xfc, 0xde, 0xfc, 0xde, 0xfc, 0xde, 0xfc, 0xde, 0xfc, 0xde, 0xfc, 0xde, 0xfc, 0xde, 0xfc, 0xde,
    0xfc, 0xde, 0xfc, 0xde, 0xfc, 0xde, 0xfc, 0xde, 0xfc, 0xde, 0xfc, 0xde, 0xfc, 0xde, 0xfc, 0xde,
    0xfc, 0xde, 0xfc, 0xde, 0xfc, 0xde, 0xfc, 0xde, 0xfc, 0xe6, 0xfc, 0xde, 0xfc, 0xde, 0xfc, 0xde,
    0xfc, 0xde, 0xfc, 0xde, 0xfc, 0xde, 0xfc, 0xde, 0xfc, 0xde, 0xfc, 0xde, 0xfc, 0xde, 0xfc, 0xde,
    0xfc, 0xde, 0xfc, 0xde, 0xfc, 0xde, 0xfc, 0xde, 0xfc, 0xde, 0xfc, 0xde, 0xfc, 0xde, 0xfc, 0xde,
    0xfc, 0xe6, 0xfc, 0xde, 0xfc, 0xe6, 0xfc, 0xe6, 0xfc, 0xde, 0xfc, 0xe6, 0xfc, 0xe6, 0xfc, 0xde,
    0xfc, 0xe6, 0xfc, 0xe6, 0xfc, 0xe6, 0xfc, 0xe6, 0xfc, 0xde, 0xfc, 0xde, 0xfc, 0xde, 0xfc, 0xde,
    0xfc, 0xde, 0xfc, 0xde, 0xfc, 0xde, 0xfc, 0xde, 0xfc, 0xde, 0xfc, 0xde, 0xfc, 0xde, 0xfc, 0xe6,
    0xfc, 0xde, 0x3c, 0xe7, 0xd8, 0xbd, 0x94, 0x94, 0xf5, 0x9c, 0x15, 0xa5, 0xb7, 0xb5, 0xdc, 0xde,
    0xdb, 0xde, 0xfc, 0xde, 0xfc, 0xde, 0x1d, 0xe7, 0xfc, 0xde, 0xb4, 0x94, 0x12, 0x84, 0xd1, 0x31,
    0x91, 0x4a, 0xaf, 0x73, 0x32, 0x84, 0xf4, 0x9c, 0x76, 0xad, 0xbe, 0xf7, 0x7e, 0xf7, 0xdb, 0xde,
    0xdb, 0xde, 0xdc, 0xde, 0xdc, 0xde, 0x15, 0xa5, 0x94, 0x94, 0xb4, 0x94, 0xb4, 0x94, 0xb4, 0x94,
    0xb4, 0x94, 0xb4, 0x94, 0xb4, 0x94, 0xb4, 0x94, 0xb4, 0x94, 0xb4, 0x94, 0xb4, 0x94, 0xb4, 0x94,
    0xb4, 0x94, 0xb4, 0x94, 0xb4, 0x94, 0x94, 0x94, 0x94, 0x94, 0x94, 0x94, 0x94, 0x94, 0xb4, 0x94,
    0xb4, 0x94, 0x94, 0x94, 0xb4, 0x94, 0xb4, 0x94, 0x94, 0x94, 0x94, 0x94, 0x94, 0x94, 0x94, 0x94,
    0xb4, 0x94, 0xb4, 0x94, 0xb4, 0x94, 0xb4, 0x94, 0xb4, 0x94, 0xb4, 0x94, 0xb4, 0x94, 0x94, 0x94,
    0x94, 0x94, 0x94, 0x94, 0x94, 0x94, 0x94, 0x94, 0x94, 0x94, 0x94, 0x94, 0xb4, 0x94, 0xb4, 0x94,
    0x94, 0x94, 0x94, 0x94, 0x94, 0x94, 0x94, 0x94, 0xb4, 0x94, 0xb4, 0x94, 0xb4, 0x94, 0xb4, 0x94,
    0xb4, 0x94, 0xb4, 0x94, 0xb4, 0x94, 0xb4, 0x94, 0xb4, 0x94, 0xb4, 0x94, 0xb4, 0x94, 0xb4, 0x94,
    0xb4, 0x94, 0xb4, 0x94, 0xb4, 0x94, 0xb4, 0x94, 0xb4, 0x94, 0xb4, 0x94, 0xb4, 0x94, 0xb4, 0x94,
    0xb4, 0x94, 0xb4, 0x94, 0xb4, 0x94, 0xb4, 0x94, 0xb4, 0x94, 0xb4, 0x94, 0xb4, 0x94, 0xb4, 0x94,
    0xb4, 0x94, 0xb4, 0x94, 0x94, 0x94, 0x94, 0x94, 0xb4, 0x94, 0xb4, 0x94, 0xb4, 0x94, 0xb4, 0x94,
    0xb4, 0x94, 0xb4, 0x94, 0xb4, 0x94, 0xb4, 0x94, 0xb4, 0x94, 0xb4, 0x94, 0xb4, 0x94, 0x94, 0x94,
    0xb4, 0x94, 0xb3, 0x94, 0xb4, 0x94, 0x94, 0x94, 0x77, 0xb5, 0xfc, 0xde, 0xdb, 0xde, 0xbb, 0xde,
    0xfc, 0xde, 0xbf, 0xf7, 0x5d, 0xef, 0x56, 0xad, 0x15, 0xa5, 0xf1, 0x7b, 0x90, 0x73, 0xd1, 0x29,
    0x51, 0x42, 0x50, 0x63, 0xd2, 0x7b, 0xf5, 0x9c, 0x76, 0xad, 0x7e, 0xef, 0x5d, 0xef, 0xfc, 0xde,
    0xdc, 0xde, 0xdb, 0xde, 0xdb, 0xde, 0x15, 0xa5, 0xb4, 0x94, 0xd4, 0x9c, 0xb4, 0x9c, 0xd4, 0x9c,
    0xb4, 0x9c, 0xb4, 0x94, 0xb4, 0x94, 0xb4, 0x94, 0xb4, 0x94, 0xb4, 0x94, 0xb4, 0x94, 0xb4, 0x94,
    0xd4, 0x9c, 0xb4, 0x94, 0xb4, 0x94, 0xb4, 0x94, 0xb4, 0x94, 0xb4, 0x94, 0xb4, 0x94, 0xb4, 0x9c,
    0xb4, 0x94, 0xb4, 0x94, 0xb4, 0x9c, 0xb4, 0x9c, 0xb4, 0x94, 0xb4, 0x94, 0xb4, 0x94, 0xb4, 0x94,
    0xb4, 0x94, 0xb4, 0x9c, 0xb4, 0x9c, 0xb4, 0x94, 0xb4, 0x94, 0xb4, 0x94, 0xb4, 0x9c, 0xb4, 0x94,
    0xb4, 0x94, 0xb4, 0x94, 0xb4, 0x94, 0xb4, 0x94, 0xb4, 0x94, 0xb4, 0x94, 0xb4, 0x94, 0xb4, 0x94,
    0xb4, 0x94, 0xb4, 0x94, 0xb4, 0x94, 0xb4, 0x94, 0xb4, 0x9c, 0xd4, 0x9c, 0xb4, 0x9c, 0xb4, 0x94,
    0xb4, 0x94, 0xb4, 0x94, 0xb4, 0x9c, 0xb4, 0x9c, 0xd4, 0x9c, 0xb4, 0x9c, 0xd4, 0x9c, 0xb4, 0x9c,
    0xb4, 0x9c, 0xb4, 0x9c, 0xb4, 0x94, 0xb4, 0x9c, 0xd4, 0x9c, 0xd4, 0x9c, 0xd4, 0x9c, 0xd4, 0x9c,
    0xd4, 0x9c, 0xd4, 0x9c, 0xd4, 0x9c, 0xd4, 0x9c, 0xd4, 0x9c, 0xb4, 0x9c, 0xb4, 0x9c, 0xb4, 0x9c,
    0xd4, 0x9c, 0xd4, 0x9c, 0xb4, 0x94, 0xb4, 0x94, 0xb4, 0x94, 0xb4, 0x94, 0xb4, 0x94, 0xb4, 0x94,
    0xb4, 0x94, 0xb4, 0x9c, 0xb4, 0x9c, 0xb4, 0x9c, 0xb4, 0x94, 0xb4, 0x94, 0xb4, 0x94, 0xb4, 0x94,
    0xb4, 0x94, 0xb4, 0x94, 0xd4, 0x9c, 0x94, 0x94, 0x97, 0xb5, 0xfc, 0xde, 0xdb, 0xde, 0xdc, 0xde,
    0xfc, 0xe6, 0x7e, 0xef, 0x3d, 0xe7, 0x56, 0xad, 0xf5, 0x9c, 0xd0, 0x73, 0x70, 0x6b, 0xd1, 0x29,
    0x71, 0x21, 0x51, 0x19, 0x51, 0x42, 0xf0, 0x7b, 0x12, 0x84, 0x56, 0xad, 0xb7, 0xb5, 0x7e, 0xef,
    0x7e, 0xf7, 0xdc, 0xde, 0xdb, 0xde, 0x9b, 0xd6, 0x7a, 0xce, 0x7a, 0xd6, 0x7a, 0xd6, 0x7a, 0xce,
    0x7a, 0xce, 0x7a, 0xce, 0x7a, 0xce, 0x7a, 0xce, 0x7a, 0xce, 0x7a, 0xce, 0x7a, 0xce, 0x7a, 0xce,
    0x7a, 0xce, 0x7a, 0xce, 0x7a, 0xce, 0x7a, 0xce, 0x7a, 0xce, 0x7a, 0xce, 0x7a, 0xce, 0x7a, 0xce,
    0x7a, 0xce, 0x7a, 0xce, 0x7a, 0xd6, 0x7a, 0xce, 0x7a, 0xd6, 0x7a, 0xce, 0x7a, 0xd6, 0x7a, 0xd6,
    0x7a, 0xd6, 0x7a, 0xd6, 0x7a, 0xd6, 0x7a, 0xd6, 0x7a, 0xce, 0x7a, 0xce, 0x7a, 0xce, 0x7a, 0xce,
    0x7a, 0xce, 0x7a, 0xd6, 0x7a, 0xce, 0x7a, 0xce, 0x7a, 0xd6, 0x7a, 0xd6, 0x7a, 0xce, 0x7a, 0xce,
    0x7a, 0xce, 0x7a, 0xce, 0x7a, 0xce, 0x7a, 0xd6, 0x7a, 0xce, 0x7a, 0xd6, 0x7a, 0xd6, 0x7a, 0xce,
    0x7a, 0xce, 0x7a, 0xce, 0x7a, 0xce, 0x7a, 0xce, 0x7a, 0xd6, 0x7a, 0xd6, 0x7a, 0xd6, 0x7a, 0xce,
    0x7a, 0xce, 0x7a, 0xd6, 0x7a, 0xd6, 0x7a, 0xce, 0x7a, 0xce, 0x7a, 0xd6, 0x7a, 0xd6, 0x7a, 0xce,
    0x7a, 0xd6, 0x7a, 0xd6, 0x7a, 0xce, 0x7a, 0xce, 0x7a, 0xce, 0x7a, 0xce, 0x7a, 0xce, 0x7a, 0xce,
    0x7a, 0xce, 0x7a, 0xd6, 0x7a, 0xce, 0x7a, 0xce, 0x7a, 0xce, 0x7a, 0xce, 0x7a, 0xd6, 0x7a, 0xd6,
    0x7a, 0xce, 0x7a, 0xce, 0x7a, 0xd6, 0x7a, 0xce, 0x7a, 0xce, 0x7a, 0xce, 0x7a, 0xce, 0x7a, 0xce,
    0x7a, 0xce, 0x7a, 0xce, 0x7a, 0xce, 0x7a, 0xce, 0x9b, 0xd6, 0xdc, 0xde, 0xfc, 0xe6, 0xbe, 0xf7,
    0xfc, 0xe6, 0x76, 0xad, 0x56, 0xad, 0x11, 0x84, 0xd1, 0x7b, 0x11, 0x3a, 0xb1, 0x29, 0x71, 0x21,
    0x71, 0x21, 0x31, 0x19, 0x11, 0x3a, 0xb0, 0x73, 0x11, 0x7c, 0x15, 0xa5, 0x76, 0xad, 0x9e, 0xf7,
    0x9e, 0xf7, 0xdc, 0xde, 0xbb, 0xde, 0xdc, 0xde, 0xfc, 0xde, 0xfc, 0xde, 0xfc, 0xde, 0xfc, 0xde,
    0xfc, 0xde, 0xfc, 0xde, 0xfc, 0xde, 0xfc, 0xde, 0xfc, 0xde, 0xdc, 0xde, 0xdc, 0xde, 0xfc, 0xde,
    0xdc, 0xde, 0xdc, 0xde, 0xfc, 0xde, 0xfc, 0xde, 0xfc, 0xde, 0xfc, 0xde, 0xfc, 0xde, 0xfc, 0xde,
    0xfc, 0xde, 0xfc, 0xde, 0xfc, 0xde, 0xfc, 0xde, 0xfc, 0xde, 0xfc, 0xde, 0xfc, 0xde, 0xfc, 0xde,
    0xfc, 0xde, 0xfc, 0xde, 0xfc, 0xde, 0xfc, 0xde, 0xfc, 0xde, 0xfc, 0xde, 0xfc, 0xde, 0xfc, 0xde,
    0xfc, 0xde, 0xfc, 0xde, 0xfc, 0xde, 0xfc, 0xde, 0xfc, 0xde, 0xfc, 0xde, 0xfc, 0xde, 0xfc, 0xde,
    0xfc, 0xde, 0xfc, 0xde, 0xfc, 0xde, 0xfc, 0xde, 0xfc, 0xde, 0xfc, 0xde, 0xfc, 0xde, 0xfc, 0xde,
    0xfc, 0xde, 0xfc, 0xde, 0xfc, 0xde, 0xfc, 0xde, 0xfc, 0xde, 0xfc, 0xde, 0xfc, 0xde, 0xdc, 0xde,
    0xdc, 0xde, 0xfc, 0xde, 0xfc, 0xde, 0xfc, 0xde, 0xfc, 0xde, 0xdc, 0xde, 0xdc, 0xde, 0xdc, 0xde,
    0xfc, 0xde, 0xfc, 0xde, 0xfc, 0xde, 0xdc, 0xde, 0xdc, 0xde, 0xfc, 0xde, 0xfc, 0xde, 0xfc, 0xde,
    0xfc, 0xde, 0xfc, 0xde, 0xfc, 0xde, 0xfc, 0xde, 0xdc, 0xde, 0xdc, 0xde, 0xfc, 0xde, 0xfc, 0xde,
    0xfc, 0xde, 0xfc, 0xde, 0xfc, 0xde, 0xfc, 0xde, 0xfc, 0xde, 0xfc, 0xde, 0xfc, 0xde, 0xfc, 0xde,
    0xfc, 0xde, 0xfc, 0xde, 0xdc, 0xde, 0xfc, 0xde, 0xdc, 0xde, 0xdc, 0xde, 0x1c, 0xe7, 0xbe, 0xf7,
    0x1c, 0xe7, 0x56, 0xad, 0x16, 0xa5, 0xd0, 0x7b, 0x90, 0x6b, 0x91, 0x21, 0x51, 0x19, 0x71, 0x21,
    0x71, 0x21, 0x71, 0x21, 0x91, 0x21, 0xd1, 0x31, 0x71, 0x42, 0xf2, 0x7b, 0x32, 0x84, 0x76, 0xad,
    0x77, 0xad, 0x3a, 0xc6, 0x5a, 0xce, 0x5a, 0xce, 0x5a, 0xce, 0x5a, 0xce, 0x5a, 0xce, 0x5a, 0xce,
    0x5a, 0xce, 0x5a, 0xce, 0x5a, 0xce, 0x5a, 0xce, 0x5a, 0xce, 0x5a, 0xce, 0x5a, 0xce, 0x5a, 0xce,
    0x5a, 0xce, 0x5a, 0xce, 0x5a, 0xce, 0x5a, 0xce, 0x5a, 0xce, 0x5a, 0xce, 0x5a, 0xce, 0x5a, 0xce,
    0x5a, 0xce, 0x5a, 0xce, 0x5a, 0xce, 0x5a, 0xce, 0x5a, 0xce, 0x5a, 0xce, 0x5a, 0xce, 0x5a, 0xce,
    0x5a, 0xce, 0x7a, 0xce, 0x7a, 0xce, 0x7a, 0xce, 0x5a, 0xce, 0x5a, 0xce, 0x5a, 0xce, 0x5a, 0xce,
    0x5a, 0xce, 0x5a, 0xce, 0x7a, 0xce, 0x5a, 0xce, 0x7a, 0xce, 0x7a, 0xce, 0x5a, 0xce, 0x5a, 0xce,
    0x5a, 0xce, 0x5a, 0xce, 0x7a, 0xce, 0x5a, 0xce, 0x5a, 0xce, 0x5a, 0xce, 0x5a, 0xce, 0x5a, 0xce,
    0x5a, 0xce, 0x5a, 0xce, 0x5a, 0xce, 0x5a, 0xce, 0x5a, 0xce, 0x5a, 0xce, 0x5a, 0xce, 0x5a, 0xce,
    0x5a, 0xce, 0x5a, 0xce, 0x5a, 0xce, 0x5a, 0xce, 0x5a, 0xce, 0x5a, 0xce, 0x5a, 0xce, 0x5a, 0xce,
    0x7a, 0xce, 0x5a, 0xce, 0x5a, 0xce, 0x5a, 0xce, 0x5a, 0xce, 0x5a, 0xce, 0x5a, 0xce, 0x5a, 0xce,
    0x5a, 0xce, 0x5a, 0xce, 0x5a, 0xce, 0x5a, 0xce, 0x5a, 0xce, 0x5a, 0xce, 0x5a, 0xce, 0x5a, 0xce,
    0x5a, 0xce, 0x5a, 0xce, 0x5a, 0xce, 0x5a, 0xce, 0x5a, 0xce, 0x5a, 0xce, 0x5a, 0xce, 0x5a, 0xce,
    0x5a, 0xce, 0x5a, 0xce, 0x7a, 0xce, 0x5a, 0xce, 0x5a, 0xce, 0x7a, 0xce, 0x19, 0xc6, 0x76, 0xad,
    0x56, 0xad, 0x32, 0x84, 0xd1, 0x73, 0xf1, 0x31, 0xd1, 0x29, 0x71, 0x21, 0x71, 0x21, 0x71, 0x21,
    0x71, 0x21, 0x71, 0x21, 0x71, 0x21, 0x31, 0x19, 0xf1, 0x31, 0xb0, 0x73, 0x11, 0x84, 0xf5, 0x9c,
    0x15, 0xa5, 0x3a, 0xc6, 0x7a, 0xce, 0x7a, 0xce, 0x7b, 0xce, 0x7b, 0xce, 0x7a, 0xce, 0x7a, 0xce,
    0x7a, 0xce, 0x7a, 0xce, 0x7a, 0xce, 0x7a, 0xce, 0x7a, 0xce, 0x7a, 0xce, 0x7a, 0xce, 0x7a, 0xce,
    0x7a, 0xce, 0x7a, 0xce, 0x7a, 0xce, 0x7a, 0xce, 0x7a, 0xce, 0x7a, 0xce, 0x7a, 0xce, 0x7b, 0xce,
    0x7b, 0xce, 0x7b, 0xce, 0x7a, 0xce, 0x7a, 0xce, 0x7a, 0xce, 0x7a, 0xce, 0x7a, 0xd6, 0x7a, 0xd6,
    0x7a, 0xd6, 0x7b, 0xd6, 0x7b, 0xd6, 0x7a, 0xce, 0x7a, 0xce, 0x7a, 0xce, 0x7a, 0xce, 0x7a, 0xce,
    0x7a, 0xce, 0x7a, 0xce, 0x7a, 0xce, 0x7a, 0xce, 0x7b, 0xd6, 0x7b, 0xd6, 0x7a, 0xce, 0x7a, 0xce,
    0x7a, 0xce, 0x7a, 0xce, 0x7a, 0xce, 0x7a, 0xce, 0x7a, 0xce, 0x7a, 0xce, 0x7a, 0xce, 0x7a, 0xce,
    0x7a, 0xce, 0x7a, 0xce, 0x7a, 0xce, 0x7a, 0xce, 0x7a, 0xce, 0x7a, 0xce, 0x7a, 0xce, 0x7a, 0xce,
    0x7a, 0xce, 0x7a, 0xce, 0x7a, 0xce, 0x7a, 0xce, 0x7a, 0xce, 0x7a, 0xce, 0x7b, 0xce, 0x7b, 0xce,
    0x7a, 0xce, 0x7a, 0xce, 0x7b, 0xce, 0x7b, 0xce, 0x7a, 0xce, 0x7a, 0xce, 0x7a, 0xce, 0x7a, 0xce,
    0x7a, 0xce, 0x7b, 0xce, 0x7a, 0xce, 0x7a, 0xce, 0x7a, 0xce, 0x7a, 0xce, 0x7a, 0xce, 0x7a, 0xce,
    0x7a, 0xce, 0x7a, 0xce, 0x7a, 0xce, 0x7a, 0xce, 0x7a, 0xce, 0x7a, 0xce, 0x7a, 0xce, 0x7a, 0xce,
    0x7a, 0xce, 0x7a, 0xce, 0x9b, 0xd6, 0x9b, 0xd6, 0x7b, 0xce, 0x9b, 0xd6, 0xf9, 0xc5, 0x15, 0xa5,
    0xd4, 0x9c, 0xd0, 0x7b, 0x70, 0x6b, 0x71, 0x21, 0x51, 0x19, 0x71, 0x21, 0x71, 0x21, 0x71, 0x21,
    0x71, 0x21, 0x71, 0x21, 0x71, 0x21, 0x71, 0x21, 0x91, 0x21, 0x11, 0x3a, 0x91, 0x4a, 0x12, 0x84,
    0x52, 0x84, 0x93, 0x94, 0xb4, 0x94, 0xb4, 0x94, 0xb4, 0x94, 0xb4, 0x94, 0xb4, 0x94, 0xb4, 0x94,
    0xb4, 0x94, 0xb4, 0x94, 0xb4, 0x94, 0xb4, 0x94, 0xb4, 0x94, 0xb4, 0x94, 0xb4, 0x94, 0xb4, 0x94,
    0xb4, 0x94, 0xb4, 0x94, 0xb4, 0x94, 0xb4, 0x94, 0xb4, 0x94, 0xb4, 0x94, 0xb4, 0x94, 0xb4, 0x94,
    0xb4, 0x94, 0xb4, 0x94, 0xb4, 0x94, 0xb4, 0x94, 0xb4, 0x94, 0xb4, 0x94, 0xb4, 0x94, 0xb4, 0x94,
    0xb4, 0x94, 0xb4, 0x94, 0xb4, 0x94, 0xb4, 0x94, 0xb4, 0x94, 0xb4, 0x94, 0xb4, 0x94, 0xb4, 0x94,
    0xb4, 0x94, 0xb4, 0x94, 0xb4, 0x94, 0xb4, 0x94, 0xb4, 0x94, 0xb4, 0x94, 0xb4, 0x94, 0xb4, 0x94,
    0xb4, 0x94, 0xb4, 0x94, 0xb4, 0x94, 0xb4, 0x94, 0xb4, 0x94, 0xb4, 0x94, 0xb4, 0x94, 0xb4, 0x94,
    0xb4, 0x94, 0xb4, 0x94, 0xb4, 0x94, 0xb4, 0x94, 0xb4, 0x94, 0xb4, 0x94, 0xb4, 0x94, 0xb4, 0x94,
    0xb4, 0x94, 0xb4, 0x94, 0xb4, 0x94, 0xb4, 0x94, 0xb4, 0x94, 0xb4, 0x94, 0xb4, 0x94, 0xb4, 0x94,
    0xb4, 0x94, 0xb4, 0x94, 0xb4, 0x94, 0xb4, 0x94, 0xb4, 0x94, 0xb4, 0x94, 0xb4, 0x94, 0xb4, 0x94,
    0xb4, 0x94, 0xb4, 0x94, 0xb4, 0x94, 0xb4, 0x94, 0xb4, 0x94, 0xb4, 0x94, 0xb3, 0x94, 0xb3, 0x94,
    0xb4, 0x94, 0xb4, 0x94, 0xb4, 0x94, 0xb4, 0x94, 0xb4, 0x94, 0xb4, 0x94, 0xb4, 0x94, 0xb4, 0x94,
    0xb4, 0x94, 0xb4, 0x94, 0xb4, 0x94, 0xb4, 0x94, 0xb4, 0x94, 0xb4, 0x94, 0x93, 0x8c, 0x52, 0x8c,
    0xb2, 0x73, 0x11, 0x3a, 0xf1, 0x31, 0x71, 0x21, 0x71, 0x21, 0x71, 0x21, 0x71, 0x21, 0x71, 0x21,
    0x71, 0x21, 0x71, 0x21, 0x71, 0x21, 0x71, 0x21, 0x71, 0x21, 0x31, 0x19, 0xb1, 0x29, 0xb0, 0x73,
    0xb0, 0x73, 0xaf, 0x73, 0xaf, 0x73, 0xaf, 0x73, 0xaf, 0x73, 0xb0, 0x73, 0xb0, 0x7b, 0xb0, 0x73,
    0xb0, 0x73, 0xb0, 0x73, 0xd0, 0x73, 0xb0, 0x7b, 0xb0, 0x7b, 0xb0, 0x7b, 0xaf, 0x73, 0xb0, 0x73,
    0xb0, 0x73, 0xd0, 0x73, 0xd0, 0x73, 0xb0, 0x7b, 0xb0, 0x73, 0xb0, 0x73, 0xb0, 0x73, 0xaf, 0x73,
    0xaf, 0x73, 0xb0, 0x73, 0xb0, 0x7b, 0xb0, 0x7b, 0xb0, 0x7b, 0xb0, 0x7b, 0xb0, 0x7b, 0xb0, 0x7b,
    0xb0, 0x7b, 0xb0, 0x7b, 0xb0, 0x7b, 0xb0, 0x7b, 0xb0, 0x7b, 0xb0, 0x7b, 0xb0, 0x7b, 0xb0, 0x7b,
    0xb0, 0x7b, 0xb0, 0x7b, 0xb0, 0x7b, 0xb0, 0x7b, 0xb0, 0x7b, 0xb0, 0x7b, 0xb0, 0x7b, 0xb0, 0x7b,
    0xd0, 0x7b, 0xb0, 0x7b, 0xb0, 0x7b, 0xb0, 0x7b, 0xb0, 0x7b, 0xb0, 0x7b, 0xd0, 0x73, 0xd0, 0x73,
    0xd0, 0x73, 0xd0, 0x7b, 0xb0, 0x7b, 0xb0, 0x7b, 0xb0, 0x73, 0xb0, 0x73, 0xb0, 0x7b, 0xb0, 0x7b,
    0xb0, 0x7b, 0xd0, 0x7b, 0xb0, 0x7b, 0xb0, 0x7b, 0xaf, 0x73, 0xb0, 0x73, 0xaf, 0x73, 0xaf, 0x73,
    0xaf, 0x73, 0xaf, 0x73, 0xaf, 0x73, 0xaf, 0x73, 0xaf, 0x73, 0xb0, 0x73, 0xb0, 0x7b, 0xb0, 0x7b,
    0xb0, 0x7b, 0xb0, 0x7b, 0xb0, 0x7b, 0xb0, 0x73, 0xb0, 0x73, 0xb0, 0x73, 0xb0, 0x7b, 0xb0, 0x7b,
    0xb0, 0x7b, 0xb0, 0x7b, 0xb0, 0x7b, 0xb0, 0x7b, 0xb0, 0x7b, 0xb0, 0x7b, 0xb0, 0x7b, 0xb0, 0x7b,
    0xb0, 0x7b, 0xb0, 0x73, 0xaf, 0x73, 0xaf, 0x73, 0xaf, 0x73, 0xaf, 0x73, 0xb0, 0x73, 0xf0, 0x7b,
    0x30, 0x63, 0x31, 0x19, 0x51, 0x19, 0x71, 0x21, 0x71, 0x21, 0x71, 0x21, 0x71, 0x21, 0x71, 0x21,
    0x71, 0x21, 0x71, 0x21, 0x71, 0x21, 0x71, 0x21, 0x71, 0x21, 0x71, 0x21, 0x91, 0x21, 0x71, 0x42,
    0x91, 0x4a, 0x91, 0x4a, 0x91, 0x4a, 0x91, 0x4a, 0x91, 0x4a, 0x91, 0x4a, 0x91, 0x4a, 0x91, 0x4a,
    0x91, 0x4a, 0x91, 0x4a, 0x91, 0x4a, 0x91, 0x4a, 0x91, 0x4a, 0x91, 0x4a, 0x91, 0x4a, 0x91, 0x4a,
    0x91, 0x4a, 0x91, 0x4a, 0x91, 0x4a, 0x91, 0x4a, 0x91, 0x4a, 0x91, 0x4a, 0x91, 0x4a, 0x91, 0x4a,
    0x91, 0x4a, 0x91, 0x4a, 0x91, 0x4a, 0x91, 0x4a, 0x91, 0x4a, 0x91, 0x4a, 0x91, 0x4a, 0x91, 0x4a,
    0x91, 0x4a, 0x91, 0x4a, 0x91, 0x4a, 0x91, 0x4a, 0x91, 0x4a, 0x91, 0x4a, 0x91, 0x4a, 0x91, 0x4a,
    0x91, 0x4a, 0x91, 0x4a, 0x91, 0x4a, 0x91, 0x4a, 0x91, 0x4a, 0x91, 0x4a, 0x91, 0x4a, 0x91, 0x4a,
    0x91, 0x4a, 0x91, 0x4a, 0x91, 0x4a, 0x91, 0x4a, 0x91, 0x4a, 0x91, 0x4a, 0x91, 0x4a, 0x91, 0x4a,
    0x91, 0x4a, 0x91, 0x4a, 0x91, 0x4a, 0x91, 0x4a, 0x91, 0x4a, 0x91, 0x4a, 0x91, 0x4a, 0x91, 0x4a,
    0x91, 0x4a, 0x91, 0x4a, 0x91, 0x4a, 0x91, 0x4a, 0x91, 0x4a, 0x91, 0x4a, 0x91, 0x4a, 0x91, 0x4a,
    0x91, 0x4a, 0x91, 0x4a, 0x91, 0x4a, 0x91, 0x4a, 0x91, 0x4a, 0x91, 0x4a, 0x91, 0x4a, 0x91, 0x4a,
    0x91, 0x4a, 0x91, 0x4a, 0x91, 0x4a, 0x91, 0x4a, 0x91, 0x4a, 0x91, 0x4a, 0x91, 0x4a, 0x91, 0x4a,
    0x91, 0x4a, 0x91, 0x4a, 0x91, 0x4a, 0x91, 0x4a, 0x91, 0x4a, 0x91, 0x4a, 0x91, 0x4a, 0x91, 0x4a,
    0x91, 0x4a, 0x91, 0x4a, 0x71, 0x4a, 0x71, 0x4a, 0x71, 0x4a, 0x71, 0x4a, 0x71, 0x4a, 0x91, 0x4a,
    0x31, 0x3a, 0x71, 0x21, 0x71, 0x21, 0x71, 0x21, 0x71, 0x21, 0x71, 0x21, 0x71, 0x21, 0x71, 0x21,
};

const lv_image_dsc_t ui_chemistry_periodic_table = {
    .header.magic = LV_IMAGE_HEADER_MAGIC,
    .header.cf = LV_COLOR_FORMAT_RGB565,
    .header.flags = 0,
    .header.w = 120,
    .header.h = 120,
    .header.stride = 240,
    .data_size = sizeof(ui_chemistry_periodic_table_data),
    .data = ui_chemistry_periodic_table_data,
};
