#include "geography_states_quiz.h"

#ifndef LV_ATTRIBUTE_MEM_ALIGN
#define LV_ATTRIBUTE_MEM_ALIGN
#endif
#ifndef LV_ATTRIBUTE_LARGE_CONST
#define LV_ATTRIBUTE_LARGE_CONST
#endif
#ifndef LV_ATTRIBUTE_IMAGE_UI_GEOGRAPHY_STATES_QUIZ
#define LV_ATTRIBUTE_IMAGE_UI_GEOGRAPHY_STATES_QUIZ
#endif
const LV_ATTRIBUTE_MEM_ALIGN LV_ATTRIBUTE_LARGE_CONST LV_ATTRIBUTE_IMAGE_UI_GEOGRAPHY_STATES_QUIZ uint8_t ui_geography_states_quiz_data[] = {
    0x71, 0x21, 0x71, 0x21, 0x71, 0x21, 0x71, 0x21, 0x71, 0x21, 0x71, 0x21, 0x71, 0x21, 0x71, 0x21,
    0x71, 0x21, 0x71, 0x21, 0x71, 0x21, 0x71, 0x21, 0x71, 0x21, 0x51, 0x21, 0x52, 0x19, 0x52, 0x19,
    0x52, 0x19, 0x52, 0x19, 0x51, 0x19, 0x52, 0x19, 0x52, 0x19, 0x52, 0x19, 0x52, 0x19, 0x52, 0x19,
    0x52, 0x19, 0x52, 0x19, 0x52, 0x19, 0x52, 0x19, 0x52, 0x19, 0x52, 0x19, 0x52, 0x19, 0x52, 0x19,
    0x52, 0x19, 0x52, 0x19, 0x52, 0x19, 0x52, 0x19, 0x52, 0x19, 0x52, 0x19, 0x52, 0x19, 0x52, 0x19,
    0x51, 0x19, 0x51, 0x19, 0x51, 0x19, 0x51, 0x19, 0x51, 0x19, 0x52, 0x19, 0x52, 0x19, 0x52, 0x19,
    0x52, 0x19, 0x52, 0x19, 0x52, 0x19, 0x52, 0x19, 0x52, 0x19, 0x52, 0x19, 0x52, 0x19, 0x52, 0x19,
    0x52, 0x19, 0x52, 0x19, 0x52, 0x19, 0x52, 0x19, 0x52, 0x19, 0x52, 0x19, 0x51, 0x19, 0x51, 0x19,
    0x52, 0x19, 0x52, 0x19, 0x52, 0x19, 0x52, 0x19, 0x52, 0x19, 0x52, 0x19, 0x52, 0x19, 0x52, 0x19,
    0x52, 0x19, 0x52, 0x19, 0x52, 0x19, 0x52, 0x19, 0x52, 0x19, 0x52, 0x19, 0x52, 0x19, 0x52, 0x19,
    0x52, 0x19, 0x52, 0x19, 0x52, 0x19, 0x52, 0x19, 0x52, 0x19, 0x52, 0x19, 0x52, 0x19, 0x51, 0x19,
    0x51, 0x19, 0x52, 0x19, 0x52, 0x19, 0x51, 0x19, 0x51, 0x19, 0x51, 0x19, 0x51, 0x19, 0x51, 0x19,
    0x52, 0x19, 0x52, 0x19, 0x52, 0x19, 0x52, 0x19, 0x52, 0x19, 0x52, 0x19, 0x52, 0x19, 0x52, 0x19,
    0x52, 0x19, 0x52, 0x19, 0x51, 0x19, 0x52, 0x19, 0x52, 0x19, 0x52, 0x19, 0x52, 0x19, 0x52, 0x19,
    0x52, 0x19, 0x52, 0x19, 0x52, 0x19, 0x52, 0x19, 0x71, 0x21, 0x71, 0x21, 0x71, 0x21, 0x71, 0x21,
    0x71, 0x21, 0x71, 0x21, 0x71, 0x21, 0x71, 0x21, 0x71, 0x21, 0x71, 0x21, 0x71, 0x21, 0x71, 0x21,
    0x71, 0x21, 0x71, 0x21, 0x71, 0x21, 0x71, 0x21, 0x71, 0x21, 0x71, 0x21, 0x71, 0x21, 0x71, 0x21,
    0x71, 0x21, 0x71, 0x21, 0x71, 0x21, 0x71, 0x21, 0x71, 0x21, 0x71, 0x21, 0x71, 0x21, 0x90, 0x29,
    0xaf, 0x29, 0xaf, 0x29, 0xaf, 0x29, 0xaf, 0x29, 0xcf, 0x29, 0xcf, 0x29, 0xaf, 0x29, 0xaf, 0x29,
    0xaf, 0x29, 0xcf, 0x29, 0xaf, 0x29, 0xcf, 0x29, 0xcf, 0x29, 0xcf, 0x29, 0xcf, 0x29, 0xaf, 0x29,
    0xaf, 0x29, 0xaf, 0x29, 0xaf, 0x29, 0xcf, 0x29, 0xcf, 0x29, 0xcf, 0x29, 0xcf, 0x29, 0xcf, 0x29,
    0xcf, 0x29, 0xcf, 0x29, 0xcf, 0x29, 0xcf, 0x29, 0xcf, 0x29, 0xcf, 0x29, 0xaf, 0x29, 0xaf, 0x29,
    0xcf, 0x29, 0xcf, 0x29, 0xcf, 0x29, 0xcf, 0x29, 0xaf, 0x29, 0xaf, 0x29, 0xaf, 0x29, 0xaf, 0x29,
    0xcf, 0x29, 0xcf, 0x29, 0xcf, 0x29, 0xcf, 0x29, 0xcf, 0x29, 0xcf, 0x29, 0xcf, 0x29, 0xcf, 0x29,
    0xcf, 0x29, 0xcf, 0x29, 0xcf, 0x29, 0xaf, 0x29, 0xcf, 0x29, 0xcf, 0x29, 0xaf, 0x29, 0xaf, 0x29,
    0xaf, 0x29, 0xaf, 0x29, 0xaf, 0x29, 0xcf, 0x29, 0xcf, 0x29, 0xcf, 0x29, 0xcf, 0x29, 0xcf, 0x29,
    0xcf, 0x29, 0xaf, 0x29, 0xaf, 0x29, 0xaf, 0x29, 0xaf, 0x29, 0xaf, 0x29, 0xcf, 0x29, 0xcf, 0x29,
    0xaf, 0x29, 0xcf, 0x29, 0xcf, 0x29, 0xaf, 0x29, 0xcf, 0x29, 0xaf, 0x29, 0xaf, 0x29, 0xaf, 0x29,
    0xcf, 0x29, 0xcf, 0x29, 0xcf, 0x29, 0xcf, 0x29, 0xcf, 0x29, 0xaf, 0x29, 0xaf, 0x29, 0xaf, 0x29,
    0xaf, 0x29, 0xaf, 0x29, 0xaf, 0x29, 0xaf, 0x29, 0xcf, 0x29, 0xcf, 0x29, 0xaf, 0x29, 0xaf, 0x29,
    0xaf, 0x29, 0xaf, 0x29, 0xaf, 0x29, 0xaf, 0x29, 0xaf, 0x29, 0xae, 0x29, 0x90, 0x21, 0x71, 0x21,
    0x71, 0x21, 0x71, 0x21, 0x71, 0x21, 0x71, 0x21, 0x71, 0x21, 0x71, 0x21, 0x71, 0x21, 0x71, 0x21,
    0x71, 0x21, 0x71, 0x21, 0x71, 0x21, 0x71, 0x21, 0x71, 0x21, 0x71, 0x21, 0x71, 0x21, 0x71, 0x21,
    0x71, 0x21, 0x71, 0x21, 0x71, 0x21, 0x71, 0x21, 0x71, 0x21, 0x71, 0x21, 0x52, 0x21, 0x52, 0x21,
    0x52, 0x19, 0xcb, 0x31, 0x07, 0x3a, 0xe8, 0x39, 0x08, 0x3a, 0x08, 0x42, 0x08, 0x42, 0x08, 0x42,
    0x08, 0x42, 0x08, 0x3a, 0x08, 0x42, 0x08, 0x42, 0x08, 0x42, 0x08, 0x42, 0x08, 0x42, 0x08, 0x42,
    0x08, 0x42, 0x08, 0x42, 0x08, 0x3a, 0x08, 0x3a, 0x08, 0x42, 0x08, 0x42, 0x08, 0x42, 0x08, 0x42,
    0x28, 0x42, 0x28, 0x42, 0x08, 0x42, 0x28, 0x42, 0x28, 0x42, 0x28, 0x42, 0x28, 0x42, 0x28, 0x42,
    0x08, 0x42, 0x08, 0x42, 0x08, 0x42, 0x08, 0x42, 0x08, 0x42, 0x08, 0x42, 0x08, 0x3a, 0x08, 0x42,
    0x08, 0x42, 0x28, 0x42, 0x28, 0x42, 0x08, 0x42, 0x08, 0x42, 0x08, 0x42, 0x08, 0x42, 0x08, 0x42,
    0x28, 0x42, 0x28, 0x42, 0x28, 0x42, 0x28, 0x42, 0x28, 0x42, 0x08, 0x42, 0x08, 0x42, 0x08, 0x42,
    0x08, 0x42, 0x08, 0x42, 0x08, 0x42, 0x08, 0x3a, 0x08, 0x3a, 0x08, 0x42, 0x08, 0x42, 0x08, 0x42,
    0x08, 0x42, 0x08, 0x42, 0x08, 0x42, 0x08, 0x42, 0x08, 0x42, 0x08, 0x42, 0x08, 0x42, 0x08, 0x42,
    0x08, 0x42, 0x08, 0x42, 0x08, 0x42, 0x28, 0x42, 0x28, 0x42, 0x08, 0x42, 0x08, 0x42, 0x08, 0x42,
    0x08, 0x42, 0x28, 0x42, 0x28, 0x42, 0x28, 0x42, 0x28, 0x42, 0x28, 0x42, 0x08, 0x42, 0x08, 0x42,
    0x08, 0x42, 0x08, 0x42, 0x08, 0x42, 0x08, 0x42, 0x08, 0x42, 0x08, 0x42, 0x08, 0x42, 0x08, 0x42,
    0x08, 0x3a, 0x08, 0x3a, 0x08, 0x3a, 0x08, 0x3a, 0x08, 0x3a, 0x08, 0x3a, 0x08, 0x3a, 0xe7, 0x39,
    0x8a, 0x29, 0x52, 0x19, 0x72, 0x21, 0x72, 0x21, 0x71, 0x21, 0x71, 0x21, 0x71, 0x21, 0x71, 0x21,
    0x71, 0x21, 0x71, 0x21, 0x71, 0x21, 0x71, 0x21, 0x71, 0x21, 0x71, 0x21, 0x71, 0x21, 0x71, 0x21,
    0x71, 0x21, 0x71, 0x21, 0x71, 0x21, 0x71, 0x21, 0x71, 0x21, 0x71, 0x21, 0x71, 0x21, 0x70, 0x21,
    0x8e, 0x21, 0x8e, 0x21, 0x6d, 0x21, 0x53, 0x84, 0xb6, 0xb5, 0xb7, 0xb5, 0xd7, 0xbd, 0xd7, 0xbd,
    0xd7, 0xbd, 0xd7, 0xbd, 0xb7, 0xbd, 0xb7, 0xb5, 0xd7, 0xbd, 0xd7, 0xbd, 0xd7, 0xbd, 0xd7, 0xbd,
    0xd7, 0xbd, 0xd7, 0xbd, 0xd7, 0xbd, 0xd7, 0xbd, 0xd7, 0xbd, 0xd7, 0xbd, 0xd7, 0xbd, 0xd7, 0xbd,
    0xd7, 0xbd, 0xd7, 0xbd, 0xd7, 0xbd, 0xd7, 0xbd, 0xd7, 0xbd, 0xd7, 0xbd, 0xd7, 0xbd, 0xd7, 0xbd,
    0xd7, 0xbd, 0xd7, 0xbd, 0xd7, 0xbd, 0xd7, 0xbd, 0xd7, 0xbd, 0xd7, 0xbd, 0xd7, 0xbd, 0xd7, 0xbd,
    0xd7, 0xbd, 0xd7, 0xbd, 0xd7, 0xbd, 0xd7, 0xbd, 0xd7, 0xbd, 0xd7, 0xbd, 0xd7, 0xbd, 0xd7, 0xbd,
    0xd7, 0xbd, 0xd7, 0xbd, 0xd7, 0xbd, 0xd7, 0xbd, 0xd7, 0xbd, 0xd7, 0xbd, 0xd7, 0xbd, 0xd7, 0xbd,
    0xd7, 0xbd, 0xd7, 0xbd, 0xd7, 0xbd, 0xd7, 0xbd, 0xd7, 0xbd, 0xd7, 0xbd, 0xd7, 0xbd, 0xd7, 0xbd,
    0xd7, 0xbd, 0xd7, 0xbd, 0xd7, 0xbd, 0xd7, 0xbd, 0xd7, 0xbd, 0xd7, 0xbd, 0xd7, 0xbd, 0xd7, 0xbd,
    0xd7, 0xbd, 0xd7, 0xbd, 0xd7, 0xbd, 0xd7, 0xbd, 0xd7, 0xbd, 0xd7, 0xbd, 0xd7, 0xbd, 0xd7, 0xbd,
    0xd7, 0xbd, 0xd7, 0xbd, 0xd7, 0xbd, 0xd7, 0xbd, 0xd7, 0xbd, 0xd7, 0xbd, 0xd7, 0xbd, 0xd7, 0xbd,
    0xd7, 0xbd, 0xd7, 0xbd, 0xd7, 0xbd, 0xd7, 0xbd, 0xd7, 0xbd, 0xd7, 0xbd, 0xd7, 0xbd, 0xd7, 0xbd,
    0xd7, 0xbd, 0xd7, 0xbd, 0xd7, 0xbd, 0xd7, 0xbd, 0xd7, 0xbd, 0xd7, 0xbd, 0xd7, 0xbd, 0xd7, 0xbd,
    0xd7, 0xbd, 0xb6, 0xb5, 0xb1, 0x73, 0x6e, 0x21, 0x8e, 0x29, 0x8e, 0x29, 0x70, 0x21, 0x71, 0x21,
    0x71, 0x21, 0x71, 0x21, 0x71, 0x21, 0x71, 0x21, 0x71, 0x21, 0x71, 0x21, 0x71, 0x21, 0x71, 0x21,
    0x71, 0x21, 0x71, 0x21, 0x71, 0x21, 0x71, 0x21, 0x71, 0x21, 0x71, 0x21, 0x71, 0x21, 0x51, 0x21,
    0x72, 0x21, 0x4b, 0x21, 0x44, 0x21, 0x66, 0x21, 0x25, 0x21, 0xd7, 0xbd, 0xbe, 0xf7, 0xff, 0xff,
    0xff, 0xff, 0xff, 0xff, 0xff, 0xff, 0xff, 0xff, 0xff, 0xff, 0xff, 0xff, 0xff, 0xff, 0xff, 0xff,
    0xff, 0xff, 0xff, 0xff, 0xff, 0xff, 0xff, 0xff, 0xff, 0xff, 0xff, 0xff, 0xff, 0xff, 0xff, 0xff,
    0xff, 0xff, 0xff, 0xff, 0xff, 0xff, 0xff, 0xff, 0xff, 0xff, 0xff, 0xff, 0xff, 0xff, 0xff, 0xff,
    0xff, 0xff, 0xff, 0xff, 0xff, 0xff, 0xff, 0xff, 0xff, 0xff, 0xff, 0xff, 0xff, 0xff, 0xff, 0xff,
    0xff, 0xff, 0xff, 0xff, 0xff, 0xff, 0xff, 0xff, 0xff, 0xff, 0xff, 0xff, 0xff, 0xff, 0xff, 0xff,
    0xff, 0xff, 0xff, 0xff, 0xff, 0xff, 0xff, 0xff, 0xff, 0xff, 0xff, 0xff, 0xff, 0xff, 0xff, 0xff,
    0xff, 0xff, 0xff, 0xff, 0xff, 0xff, 0xff, 0xff, 0xff, 0xff, 0xff, 0xff, 0xff, 0xff, 0xff, 0xff,
    0xff, 0xff, 0xff, 0xff, 0xff, 0xff, 0xff, 0xff, 0xff, 0xff, 0xff, 0xff, 0xff, 0xff, 0xff, 0xff,
    0xff, 0xff, 0xff, 0xff, 0xff, 0xff, 0xff, 0xff, 0xff, 0xff, 0xff, 0xff, 0xff, 0xff, 0xff, 0xff,
    0xff, 0xff, 0xff, 0xff, 0xff, 0xff, 0xff, 0xff, 0xff, 0xff, 0xff, 0xff, 0xff, 0xff, 0xff, 0xff,
    0xff, 0xff, 0xff, 0xff, 0xff, 0xff, 0xff, 0xff, 0xff, 0xff, 0xff, 0xff, 0xff, 0xff, 0xff, 0xff,
    0xff, 0xff, 0xff, 0xff, 0xff, 0xff, 0xff, 0xff, 0xff, 0xff, 0xff, 0xff, 0xff, 0xff, 0xff, 0xff,
    0xff, 0xff, 0xff, 0xff, 0xff, 0xff, 0xff, 0xff, 0xf4, 0x9c, 0x25, 0x21, 0x66, 0x21, 0x45, 0x21,
    0x4b, 0x21, 0x72, 0x21, 0x71, 0x21, 0x71, 0x21, 0x71, 0x21, 0x71, 0x21, 0x71, 0x21, 0x71, 0x21,
    0x71, 0x21, 0x71, 0x21, 0x71, 0x21, 0x71, 0x21, 0x71, 0x21, 0x71, 0x21, 0x71, 0x21, 0x71, 0x21,
    0x71, 0x21, 0x8e, 0x29, 0x6c, 0x21, 0xcf, 0x52, 0x51, 0x8c, 0x10, 0x84, 0x11, 0x84, 0xba, 0xd6,
    0x5d, 0xef, 0xdf, 0xff, 0x5d, 0xef, 0x9a, 0xd6, 0x9a, 0xd6, 0x9a, 0xd6, 0x9a, 0xd6, 0x9a, 0xd6,
    0x9a, 0xd6, 0x9a, 0xd6, 0x9a, 0xd6, 0x9a, 0xd6, 0x9a, 0xd6, 0x9a, 0xd6, 0x9a, 0xd6, 0x9a, 0xd6,
    0x9a, 0xd6, 0x9a, 0xd6, 0x9a, 0xd6, 0x9a, 0xd6, 0x9a, 0xd6, 0x9a, 0xd6, 0x9a, 0xd6, 0x9a, 0xd6,
    0x9a, 0xd6, 0x9a, 0xd6, 0x9a, 0xd6, 0x9a, 0xd6, 0x9a, 0xd6, 0x9a, 0xd6, 0x9a, 0xd6, 0x9a, 0xd6,
    0x9a, 0xd6, 0x9a, 0xd6, 0x9a, 0xd6, 0x9a, 0xd6, 0x9a, 0xd6, 0x9a, 0xd6, 0x9a, 0xd6, 0x9a, 0xd6,
    0x9a, 0xd6, 0xba, 0xd6, 0x9a, 0xd6, 0x9a, 0xd6, 0x9a, 0xd6, 0x9a, 0xd6, 0x9a, 0xd6, 0x9a, 0xd6,
    0x9a, 0xd6, 0x9a, 0xd6, 0x9a, 0xd6, 0x9a, 0xd6, 0x9a, 0xd6, 0x9a, 0xd6, 0x9a, 0xd6, 0x9a, 0xd6,
    0x9a, 0xd6, 0x9a, 0xd6, 0x9a, 0xd6, 0x9a, 0xd6, 0x9a, 0xd6, 0x9a, 0xd6, 0x9a, 0xd6, 0x9a, 0xd6,
    0x9a, 0xd6, 0x9a, 0xd6, 0x9a, 0xd6, 0x9a, 0xd6, 0x9a, 0xd6, 0x9a, 0xd6, 0x9a, 0xd6, 0x9a, 0xd6,
    0x9a, 0xd6, 0x9a, 0xd6, 0x9a, 0xd6, 0x9a, 0xd6, 0x9a, 0xd6, 0x9a, 0xd6, 0x9a, 0xd6, 0x9a, 0xd6,
    0x9a, 0xd6, 0x9a, 0xd6, 0x9a, 0xd6, 0x9a, 0xd6, 0x9a, 0xd6, 0x9a, 0xd6, 0x9a, 0xd6, 0x9a, 0xd6,
    0x9a, 0xd6, 0x9a, 0xd6, 0x9a, 0xd6, 0x9a, 0xd6, 0x9a, 0xd6, 0x9a, 0xd6, 0x9a, 0xd6, 0x9a, 0xd6,
    0x9a, 0xd6, 0x9a, 0xd6, 0x9a, 0xd6, 0x9a, 0xd6, 0xfb, 0xde, 0x79, 0xce, 0x34, 0xa5, 0x10, 0x7c,
    0x10, 0x7c, 0x30, 0x84, 0xef, 0x5a, 0x4c, 0x21, 0x6e, 0x21, 0x71, 0x21, 0x71, 0x21, 0x71, 0x21,
    0x71, 0x21, 0x71, 0x21, 0x71, 0x21, 0x71, 0x21, 0x71, 0x21, 0x71, 0x21, 0x71, 0x21, 0x71, 0x21,
    0x71, 0x21, 0x71, 0x21, 0x51, 0x21, 0x68, 0x29, 0x04, 0x19, 0xb2, 0x94, 0x7d, 0xef, 0xdb, 0xde,
    0x1c, 0xe7, 0xbf, 0xf7, 0xdf, 0xff, 0xff, 0xff, 0xdb, 0xde, 0x14, 0xa5, 0x55, 0xad, 0x35, 0xa5,
    0x35, 0xa5, 0x35, 0xa5, 0x55, 0xad, 0x55, 0xad, 0x55, 0xad, 0x35, 0xa5, 0x35, 0xa5, 0x35, 0xa5,
    0x35, 0xa5, 0x35, 0xa5, 0x35, 0xa5, 0x35, 0xa5, 0x35, 0xa5, 0x35, 0xa5, 0x35, 0xa5, 0x35, 0xa5,
    0x35, 0xa5, 0x35, 0xa5, 0x35, 0xa5, 0x35, 0xa5, 0x35, 0xa5, 0x35, 0xa5, 0x35, 0xa5, 0x35, 0xa5,
    0x35, 0xa5, 0x35, 0xa5, 0x35, 0xa5, 0x35, 0xa5, 0x35, 0xa5, 0x35, 0xa5, 0x35, 0xa5, 0x35, 0xa5,
    0x35, 0xa5, 0x35, 0xa5, 0x35, 0xa5, 0x55, 0xad, 0x55, 0xad, 0x55, 0xad, 0x35, 0xa5, 0x35, 0xa5,
    0x35, 0xa5, 0x35, 0xa5, 0x35, 0xa5, 0x35, 0xa5, 0x35, 0xa5, 0x35, 0xa5, 0x35, 0xa5, 0x35, 0xa5,
    0x35, 0xa5, 0x35, 0xa5, 0x35, 0xa5, 0x35, 0xa5, 0x35, 0xa5, 0x35, 0xa5, 0x35, 0xa5, 0x35, 0xa5,
    0x34, 0xa5, 0x34, 0xa5, 0x34, 0xa5, 0x35, 0xa5, 0x35, 0xa5, 0x35, 0xa5, 0x35, 0xa5, 0x35, 0xa5,
    0x35, 0xa5, 0x35, 0xa5, 0x35, 0xa5, 0x35, 0xa5, 0x35, 0xa5, 0x35, 0xa5, 0x35, 0xa5, 0x35, 0xa5,
    0x35, 0xa5, 0x35, 0xa5, 0x35, 0xa5, 0x35, 0xa5, 0x35, 0xa5, 0x35, 0xa5, 0x35, 0xa5, 0x35, 0xa5,
    0x35, 0xa5, 0x35, 0xa5, 0x34, 0xa5, 0x34, 0xa5, 0x34, 0xa5, 0x35, 0xa5, 0x35, 0xa5, 0x35, 0xa5,
    0x35, 0xa5, 0x35, 0xa5, 0x35, 0xa5, 0x35, 0xa5, 0x35, 0xa5, 0x55, 0xad, 0xd7, 0xbd, 0x76, 0xad,
    0xb6, 0xb5, 0xfb, 0xde, 0xdb, 0xde, 0x5c, 0xef, 0xb3, 0x94, 0xe3, 0x18, 0x47, 0x21, 0x51, 0x21,
    0x71, 0x21, 0x71, 0x21, 0x71, 0x21, 0x71, 0x21, 0x71, 0x21, 0x71, 0x21, 0x71, 0x21, 0x71, 0x21,
    0x71, 0x21, 0x71, 0x21, 0x71, 0x21, 0x70, 0x21, 0x6e, 0x21, 0xac, 0x52, 0xcb, 0x5a, 0x35, 0xa5,
    0x1c, 0xe7, 0xfb, 0xde, 0xdb, 0xde, 0x3c, 0xe7, 0x9e, 0xf7, 0x9e, 0xf7, 0x9a, 0xd6, 0x55, 0xad,
    0x75, 0xad, 0x75, 0xad, 0x75, 0xad, 0x75, 0xad, 0x75, 0xad, 0x76, 0xad, 0x76, 0xad, 0x75, 0xad,
    0x75, 0xad, 0x75, 0xad, 0x75, 0xad, 0x75, 0xad, 0x75, 0xad, 0x75, 0xad, 0x75, 0xad, 0x75, 0xad,
    0x75, 0xad, 0x75, 0xad, 0x75, 0xad, 0x75, 0xad, 0x75, 0xad, 0x75, 0xad, 0x75, 0xad, 0x75, 0xad,
    0x75, 0xad, 0x55, 0xad, 0x55, 0xad, 0x55, 0xad, 0x55, 0xad, 0x75, 0xad, 0x55, 0xad, 0x55, 0xad,
    0x75, 0xad, 0x75, 0xad, 0x75, 0xad, 0x75, 0xad, 0x75, 0xad, 0x75, 0xad, 0x76, 0xad, 0x75, 0xad,
    0x75, 0xad, 0x75, 0xad, 0x75, 0xad, 0x75, 0xad, 0x75, 0xad, 0x75, 0xad, 0x75, 0xad, 0x75, 0xad,
    0x75, 0xad, 0x75, 0xad, 0x75, 0xad, 0x75, 0xad, 0x75, 0xad, 0x75, 0xad, 0x75, 0xad, 0x75, 0xad,
    0x75, 0xad, 0x55, 0xad, 0x55, 0xad, 0x55, 0xad, 0x55, 0xad, 0x55, 0xad, 0x75, 0xad, 0x75, 0xad,
    0x75, 0xad, 0x75, 0xad, 0x75, 0xad, 0x75, 0xad, 0x75, 0xad, 0x75, 0xad, 0x75, 0xad, 0x75, 0xad,
    0x75, 0xad, 0x75, 0xad, 0x75, 0xad, 0x75, 0xad, 0x75, 0xad, 0x75, 0xad, 0x75, 0xad, 0x75, 0xad,
    0x75, 0xad, 0x75, 0xad, 0x75, 0xad, 0x75, 0xad, 0x55, 0xad, 0x55, 0xad, 0x55, 0xad, 0x55, 0xad,
    0x75, 0xad, 0x75, 0xad, 0x75, 0xad, 0x75, 0xad, 0x75, 0xad, 0x75, 0xad, 0x55, 0xad, 0x75, 0xad,
    0xf8, 0xbd, 0xd7, 0xbd, 0xf7, 0xbd, 0x59, 0xce, 0x59, 0xce, 0xba, 0xd6, 0x14, 0xa5, 0x8a, 0x52,
    0xac, 0x52, 0x6c, 0x21, 0x6f, 0x21, 0x71, 0x21, 0x71, 0x21, 0x71, 0x21, 0x71, 0x21, 0x71, 0x21,
    0x71, 0x21, 0x71, 0x21, 0x71, 0x21, 0x71, 0x21, 0x72, 0x21, 0x69, 0x21, 0x86, 0x29, 0x59, 0xc6,
    0x7d, 0xef, 0x3c, 0xe7, 0xbe, 0xf7, 0xdf, 0xff, 0x1c, 0xe7, 0x79, 0xce, 0x79, 0xce, 0x59, 0xce,
    0xf8, 0xc5, 0x96, 0xb5, 0x75, 0xad, 0x75, 0xad, 0x75, 0xad, 0x75, 0xad, 0x75, 0xad, 0x75, 0xad,
    0x75, 0xad, 0x75, 0xad, 0x75, 0xad, 0x75, 0xad, 0x75, 0xad, 0x75, 0xad, 0x75, 0xad, 0x75, 0xad,
    0x75, 0xad, 0x75, 0xad, 0x75, 0xad, 0x75, 0xad, 0x75, 0xad, 0x75, 0xad, 0x75, 0xad, 0x75, 0xad,
    0x75, 0xad, 0x55, 0xad, 0x55, 0xad, 0x55, 0xad, 0x55, 0xad, 0x55, 0xad, 0x55, 0xad, 0x55, 0xad,
    0x55, 0xad, 0x55, 0xad, 0x55, 0xad, 0x55, 0xad, 0x75, 0xad, 0x75, 0xad, 0x75, 0xad, 0x75, 0xad,
    0x75, 0xad, 0x75, 0xad, 0x75, 0xad, 0x75, 0xad, 0x75, 0xad, 0x75, 0xad, 0x75, 0xad, 0x75, 0xad,
    0x75, 0xad, 0x75, 0xad, 0x75, 0xad, 0x75, 0xad, 0x75, 0xad, 0x75, 0xad, 0x75, 0xad, 0x75, 0xad,
    0x75, 0xad, 0x75, 0xad, 0x75, 0xad, 0x55, 0xad, 0x55, 0xad, 0x55, 0xad, 0x55, 0xad, 0x55, 0xad,
    0x75, 0xad, 0x75, 0xad, 0x75, 0xad, 0x75, 0xad, 0x75, 0xad, 0x75, 0xad, 0x75, 0xad, 0x75, 0xad,
    0x75, 0xad, 0x75, 0xad, 0x75, 0xad, 0x75, 0xad, 0x75, 0xad, 0x75, 0xad, 0x75, 0xad, 0x75, 0xad,
    0x75, 0xad, 0x75, 0xad, 0x75, 0xad, 0x75, 0xad, 0x75, 0xad, 0x75, 0xad, 0x55, 0xad, 0x55, 0xad,
    0x55, 0xad, 0x55, 0xad, 0x55, 0xad, 0x75, 0xad, 0x75, 0xad, 0x75, 0xad, 0x75, 0xad, 0x55, 0xad,
    0x55, 0xad, 0x96, 0xb5, 0x18, 0xc6, 0xf8, 0xbd, 0xf8, 0xbd, 0xf8, 0xbd, 0x18, 0xc6, 0x39, 0xc6,
    0x9a, 0xd6, 0x1c, 0xe7, 0x39, 0xc6, 0xa6, 0x31, 0x48, 0x21, 0x71, 0x21, 0x71, 0x21, 0x71, 0x21,
    0x71, 0x21, 0x71, 0x21, 0x71, 0x21, 0x71, 0x21, 0x71, 0x21, 0x71, 0x21, 0x70, 0x21, 0xea, 0x31,
    0x29, 0x42, 0x59, 0xce, 0x5d, 0xef, 0x9e, 0xf7, 0x7d, 0xef, 0x79, 0xce, 0x79, 0xce, 0x79, 0xce,
    0x79, 0xce, 0x59, 0xce, 0x59, 0xce, 0x59, 0xce, 0x96, 0xb5, 0x35, 0xa5, 0x55, 0xad, 0x55, 0xad,
    0x55, 0xad, 0x55, 0xad, 0x55, 0xad, 0x55, 0xad, 0x55, 0xad, 0x55, 0xad, 0x55, 0xad, 0x55, 0xad,
    0x55, 0xad, 0x55, 0xad, 0x55, 0xad, 0x55, 0xad, 0x35, 0xad, 0x35, 0xa5, 0x35, 0xa5, 0x35, 0xad,
    0x35, 0xa5, 0x35, 0xa5, 0x55, 0xad, 0x35, 0xa5, 0x35, 0xa5, 0x35, 0xa5, 0x35, 0xa5, 0x35, 0xa5,
    0x35, 0xad, 0x35, 0xa5, 0x55, 0xad, 0x55, 0xad, 0x55, 0xa5, 0x55, 0xa5, 0x55, 0xa5, 0x35, 0xa5,
    0x55, 0xad, 0x35, 0xad, 0x35, 0xa5, 0x35, 0xa5, 0x55, 0xad, 0x55, 0xad, 0x55, 0xad, 0x55, 0xad,
    0x55, 0xad, 0x35, 0xad, 0x35, 0xad, 0x35, 0xad, 0x35, 0xa5, 0x35, 0xad, 0x55, 0xad, 0x55, 0xad,
    0x35, 0xa5, 0x55, 0xa5, 0x55, 0xa5, 0x35, 0xa5, 0x35, 0xa5, 0x55, 0xa5, 0x55, 0xa5, 0x55, 0xa5,
    0x55, 0xa5, 0x55, 0xa5, 0x55, 0xa5, 0x55, 0xad, 0x55, 0xad, 0x55, 0xa5, 0x55, 0xa5, 0x35, 0xa5,
    0x55, 0xa5, 0x55, 0xa5, 0x55, 0xad, 0x55, 0xad, 0x55, 0xad, 0x35, 0xa5, 0x35, 0xa5, 0x35, 0xa5,
    0x35, 0xa5, 0x55, 0xad, 0x55, 0xad, 0x55, 0xad, 0x35, 0xa5, 0x35, 0xad, 0x55, 0xa5, 0x55, 0xa5,
    0x35, 0xa5, 0x35, 0xa5, 0x55, 0xa5, 0x55, 0xa5, 0x35, 0xa5, 0x55, 0xa5, 0x55, 0xa5, 0x55, 0xa5,
    0x55, 0xa5, 0x35, 0xa5, 0xb6, 0xb5, 0x18, 0xc6, 0xf8, 0xbd, 0xf8, 0xbd, 0x18, 0xc6, 0x18, 0xc6,
    0x18, 0xc6, 0x38, 0xc6, 0xdb, 0xde, 0xfb, 0xde, 0x59, 0xce, 0x49, 0x42, 0xa8, 0x31, 0x70, 0x21,
    0x71, 0x21, 0x71, 0x21, 0x71, 0x21, 0x71, 0x21, 0x71, 0x21, 0x71, 0x21, 0x52, 0x21, 0x8d, 0x29,
    0xa8, 0x31, 0x18, 0xbe, 0x5d, 0xef, 0x7d, 0xef, 0xdf, 0xff, 0x1c, 0xe7, 0x79, 0xce, 0x79, 0xce,
    0x79, 0xce, 0x79, 0xce, 0x79, 0xce, 0x59, 0xce, 0x59, 0xce, 0x99, 0xce, 0xcf, 0x7b, 0x6a, 0x4a,
    0xab, 0x52, 0xab, 0x52, 0xab, 0x52, 0xab, 0x52, 0xab, 0x52, 0xab, 0x52, 0xab, 0x52, 0xab, 0x52,
    0xab, 0x52, 0xcb, 0x52, 0xcb, 0x52, 0xcb, 0x52, 0xcb, 0x52, 0xab, 0x52, 0xab, 0x52, 0xab, 0x52,
    0xab, 0x52, 0xab, 0x52, 0xab, 0x52, 0xab, 0x52, 0xab, 0x52, 0xab, 0x52, 0xab, 0x52, 0xab, 0x52,
    0xab, 0x52, 0xab, 0x52, 0xab, 0x52, 0xab, 0x52, 0xab, 0x52, 0xab, 0x52, 0xab, 0x52, 0xab, 0x52,
    0xab, 0x52, 0xab, 0x52, 0xab, 0x52, 0xab, 0x52, 0xab, 0x52, 0xab, 0x52, 0xab, 0x52, 0xab, 0x52,
    0xab, 0x52, 0xab, 0x52, 0xab, 0x52, 0xab, 0x52, 0xab, 0x52, 0xab, 0x52, 0xab, 0x52, 0xab, 0x52,
    0xab, 0x52, 0xab, 0x52, 0xab, 0x52, 0xab, 0x52, 0xab, 0x52, 0xab, 0x52, 0xab, 0x52, 0xab, 0x52,
    0xab, 0x52, 0xab, 0x52, 0xab, 0x52, 0xab, 0x52, 0xab, 0x52, 0xab, 0x52, 0xab, 0x52, 0xab, 0x52,
    0xab, 0x52, 0xab, 0x52, 0xab, 0x52, 0xab, 0x52, 0xab, 0x52, 0xab, 0x52, 0xab, 0x52, 0xab, 0x52,
    0xab, 0x52, 0xab, 0x52, 0xab, 0x52, 0xab, 0x52, 0xab, 0x52, 0xab, 0x52, 0xab, 0x52, 0xab, 0x52,
    0xab, 0x52, 0xab, 0x52, 0xab, 0x52, 0xab, 0x52, 0xab, 0x52, 0xab, 0x52, 0xab, 0x52, 0xab, 0x52,
    0xab, 0x52, 0xab, 0x52, 0xab, 0x52, 0xec, 0x5a, 0x59, 0xce, 0x9a, 0xd6, 0xf7, 0xbd, 0xf8, 0xbd,
    0x18, 0xc6, 0x18, 0xc6, 0x18, 0xc6, 0x18, 0xc6, 0xdb, 0xde, 0x3c, 0xe7, 0x9a, 0xd6, 0xfb, 0xde,
    0xd7, 0xb5, 0xa8, 0x31, 0x8e, 0x29, 0x72, 0x21, 0x71, 0x21, 0x71, 0x21, 0x71, 0x21, 0x71, 0x21,
    0x52, 0x21, 0xcc, 0x31, 0xc7, 0x39, 0x9a, 0xd6, 0xff, 0xff, 0xff, 0xff, 0x7d, 0xef, 0x59, 0xce,
    0x59, 0xce, 0x79, 0xce, 0x79, 0xce, 0x59, 0xce, 0x59, 0xce, 0x59, 0xce, 0x39, 0xc6, 0x59, 0xce,
    0x6e, 0x6b, 0x08, 0x3a, 0x29, 0x42, 0x29, 0x42, 0x29, 0x42, 0x29, 0x42, 0x29, 0x42, 0x29, 0x42,
    0x29, 0x42, 0x29, 0x42, 0x29, 0x42, 0x29, 0x42, 0x29, 0x42, 0x29, 0x42, 0x29, 0x42, 0x29, 0x42,
    0x29, 0x42, 0x29, 0x42, 0x29, 0x42, 0x29, 0x42, 0x29, 0x42, 0x29, 0x42, 0x29, 0x42, 0x29, 0x42,
    0x29, 0x42, 0x29, 0x42, 0x29, 0x42, 0x29, 0x42, 0x29, 0x42, 0x29, 0x42, 0x29, 0x42, 0x29, 0x42,
    0x29, 0x42, 0x29, 0x42, 0x29, 0x42, 0x29, 0x42, 0x29, 0x42, 0x29, 0x42, 0x29, 0x42, 0x29, 0x42,
    0x29, 0x42, 0x29, 0x42, 0x29, 0x42, 0x29, 0x42, 0x29, 0x42, 0x29, 0x42, 0x29, 0x42, 0x29, 0x42,
    0x29, 0x42, 0x29, 0x42, 0x29, 0x42, 0x29, 0x42, 0x29, 0x42, 0x29, 0x42, 0x29, 0x42, 0x29, 0x42,
    0x29, 0x42, 0x29, 0x42, 0x29, 0x42, 0x29, 0x42, 0x29, 0x42, 0x29, 0x42, 0x29, 0x42, 0x29, 0x42,
    0x29, 0x42, 0x29, 0x42, 0x29, 0x42, 0x29, 0x42, 0x29, 0x42, 0x29, 0x42, 0x29, 0x42, 0x29, 0x42,
    0x29, 0x42, 0x29, 0x42, 0x29, 0x42, 0x29, 0x42, 0x29, 0x42, 0x29, 0x42, 0x29, 0x42, 0x29, 0x42,
    0x29, 0x42, 0x29, 0x42, 0x29, 0x42, 0x29, 0x42, 0x29, 0x42, 0x29, 0x42, 0x29, 0x42, 0x29, 0x42,
    0x29, 0x42, 0x29, 0x42, 0x29, 0x42, 0x29, 0x42, 0x29, 0x42, 0x8a, 0x4a, 0x59, 0xce, 0xba, 0xd6,
    0xf7, 0xbd, 0xf8, 0xbd, 0xf8, 0xbd, 0x18, 0xc6, 0x18, 0xc6, 0xf8, 0xbd, 0x18, 0xc6, 0x79, 0xce,
    0x5d, 0xef, 0xbe, 0xf7, 0x59, 0xce, 0xc6, 0x31, 0xab, 0x29, 0x72, 0x21, 0x71, 0x21, 0x71, 0x21,
    0x71, 0x21, 0x71, 0x21, 0x52, 0x19, 0x6a, 0x21, 0x65, 0x29, 0x39, 0xc6, 0xbe, 0xf7, 0xbb, 0xde,
    0x9a, 0xd6, 0x59, 0xce, 0x79, 0xce, 0x79, 0xce, 0x79, 0xce, 0x59, 0xce, 0x59, 0xce, 0x1c, 0xe7,
    0x55, 0xad, 0xcc, 0x5a, 0xab, 0x52, 0x4a, 0x42, 0xe8, 0x39, 0xc8, 0x31, 0xc8, 0x31, 0xc8, 0x31,
    0xc8, 0x31, 0xe8, 0x31, 0xe8, 0x39, 0xe8, 0x39, 0xe8, 0x39, 0xe8, 0x39, 0xe8, 0x39, 0xe8, 0x39,
    0xe8, 0x39, 0xe8, 0x39, 0xe8, 0x39, 0xe8, 0x39, 0xe8, 0x39, 0xe8, 0x39, 0xe8, 0x39, 0xc8, 0x39,
    0xc8, 0x31, 0xc8, 0x31, 0xc8, 0x31, 0xc8, 0x31, 0xc8, 0x31, 0xc8, 0x31, 0xc8, 0x31, 0xe8, 0x31,
    0xe8, 0x31, 0xc8, 0x31, 0xc8, 0x31, 0xc8, 0x31, 0xc8, 0x31, 0xc8, 0x31, 0xc8, 0x31, 0xc8, 0x31,
    0xe8, 0x31, 0xe8, 0x31, 0xc8, 0x31, 0xc8, 0x31, 0xc8, 0x31, 0xc8, 0x31, 0xc8, 0x31, 0xc8, 0x31,
    0xc8, 0x31, 0xc8, 0x31, 0xc8, 0x31, 0xc8, 0x31, 0xc8, 0x31, 0xc8, 0x31, 0xc8, 0x31, 0xc8, 0x31,
    0xc8, 0x31, 0xc8, 0x31, 0xc8, 0x31, 0xc8, 0x31, 0xc8, 0x31, 0xc7, 0x31, 0xc8, 0x31, 0xc8, 0x31,
    0xc8, 0x31, 0xc8, 0x31, 0xc8, 0x31, 0xc8, 0x31, 0xc8, 0x31, 0xc8, 0x31, 0xc8, 0x31, 0xc8, 0x31,
    0xc8, 0x31, 0xc8, 0x31, 0xc8, 0x31, 0xc8, 0x31, 0xc8, 0x31, 0xc8, 0x31, 0xc8, 0x31, 0xc8, 0x31,
    0xc8, 0x31, 0xc8, 0x31, 0xe8, 0x31, 0xe8, 0x31, 0xc8, 0x39, 0xc8, 0x31, 0xc8, 0x31, 0xc8, 0x31,
    0xc8, 0x31, 0xc8, 0x31, 0xc8, 0x31, 0xc8, 0x31, 0xc8, 0x31, 0xe8, 0x39, 0x29, 0x42, 0xab, 0x52,
    0x4e, 0x6b, 0x92, 0x94, 0xdb, 0xde, 0x38, 0xc6, 0xf7, 0xbd, 0xf8, 0xbd, 0xf8, 0xbd, 0xf8, 0xbd,
    0xf8, 0xbd, 0x38, 0xc6, 0x38, 0xc6, 0xb7, 0xb5, 0x93, 0x94, 0x66, 0x29, 0x6b, 0x29, 0x52, 0x19,
    0x71, 0x21, 0x71, 0x21, 0x71, 0x21, 0x71, 0x21, 0x6f, 0x21, 0x4b, 0x42, 0xeb, 0x5a, 0x9a, 0xd6,
    0xbe, 0xf7, 0x79, 0xce, 0x59, 0xce, 0x59, 0xce, 0x59, 0xce, 0x59, 0xce, 0x59, 0xce, 0x79, 0xce,
    0x59, 0xce, 0xdb, 0xde, 0xf4, 0x9c, 0x09, 0x3a, 0x6a, 0x4a, 0x4a, 0x42, 0xa7, 0x31, 0xa7, 0x31,
    0xa7, 0x31, 0xc7, 0x31, 0xa7, 0x31, 0xc7, 0x31, 0xc8, 0x31, 0xc8, 0x31, 0xc7, 0x31, 0xc7, 0x31,
    0xc7, 0x31, 0xc7, 0x31, 0xc7, 0x31, 0xc7, 0x31, 0xc7, 0x31, 0xc7, 0x31, 0xc8, 0x31, 0xc8, 0x31,
    0xc8, 0x31, 0xc8, 0x31, 0xc8, 0x31, 0xa7, 0x31, 0xa7, 0x31, 0xa7, 0x31, 0xa7, 0x31, 0xa7, 0x31,
    0xa7, 0x31, 0xc7, 0x31, 0xc7, 0x31, 0xa7, 0x31, 0xa7, 0x31, 0xa7, 0x31, 0xc7, 0x31, 0xa7, 0x31,
    0xc7, 0x31, 0xc7, 0x31, 0xc7, 0x31, 0xa7, 0x31, 0xc7, 0x31, 0xa7, 0x31, 0xa7, 0x31, 0xa7, 0x31,
    0xa7, 0x31, 0xa7, 0x31, 0xa7, 0x31, 0xc7, 0x31, 0xc7, 0x31, 0xa7, 0x31, 0xa7, 0x31, 0xa7, 0x31,
    0xa7, 0x31, 0xa7, 0x31, 0xa7, 0x31, 0xa7, 0x31, 0xa7, 0x31, 0xa7, 0x31, 0xa7, 0x31, 0xa7, 0x31,
    0xa7, 0x31, 0xa7, 0x31, 0xa7, 0x31, 0xa7, 0x31, 0xa7, 0x31, 0xa7, 0x31, 0xa7, 0x31, 0xa7, 0x31,
    0xa7, 0x31, 0xa7, 0x31, 0xa7, 0x31, 0xa7, 0x31, 0xc8, 0x31, 0xa7, 0x31, 0xa7, 0x31, 0xa7, 0x31,
    0xc7, 0x31, 0xc7, 0x31, 0xa7, 0x31, 0xa7, 0x31, 0xc7, 0x31, 0xc8, 0x31, 0xc7, 0x31, 0xc7, 0x31,
    0xa8, 0x31, 0xa8, 0x31, 0xc8, 0x31, 0xc8, 0x31, 0xa7, 0x31, 0xa7, 0x31, 0xc7, 0x31, 0xa7, 0x31,
    0x4a, 0x4a, 0xcc, 0x5a, 0x6a, 0x4a, 0xcf, 0x7b, 0xdb, 0xde, 0x18, 0xc6, 0xf7, 0xbd, 0xf8, 0xbd,
    0xf8, 0xbd, 0xf8, 0xbd, 0xf8, 0xbd, 0xf7, 0xbd, 0xb7, 0xb5, 0x76, 0xad, 0x93, 0x94, 0x8b, 0x52,
    0x4b, 0x42, 0x6e, 0x21, 0x71, 0x21, 0x71, 0x21, 0x52, 0x21, 0x8f, 0x29, 0xa7, 0x31, 0xb7, 0xb5,
    0xff, 0xff, 0xde, 0xf7, 0xff, 0xff, 0xba, 0xd6, 0x59, 0xce, 0x59, 0xce, 0x59, 0xce, 0x79, 0xce,
    0x59, 0xce, 0x9a, 0xd6, 0xdb, 0xde, 0x6d, 0x6b, 0xab, 0x52, 0x8b, 0x4a, 0x09, 0x3a, 0xa7, 0x31,
    0x4e, 0x6b, 0x51, 0x84, 0xb3, 0x94, 0xd3, 0x9c, 0xd3, 0x9c, 0xd3, 0x9c, 0xd3, 0x9c, 0xd3, 0x9c,
    0xd3, 0x9c, 0xd3, 0x94, 0xd3, 0x9c, 0xd3, 0x9c, 0xd3, 0x9c, 0xd3, 0x94, 0xd3, 0x94, 0xd3, 0x94,
    0xd3, 0x9c, 0xd3, 0x94, 0xd3, 0x94, 0xd3, 0x94, 0xd3, 0x94, 0xd3, 0x94, 0xb3, 0x94, 0xb3, 0x94,
    0xb3, 0x94, 0xb3, 0x94, 0xd3, 0x94, 0xd3, 0x9c, 0xd3, 0x9c, 0xd3, 0x9c, 0xd3, 0x94, 0xd3, 0x94,
    0xd3, 0x94, 0xd3, 0x94, 0xd3, 0x94, 0xb3, 0x94, 0xd3, 0x94, 0xb3, 0x94, 0xd3, 0x94, 0xd3, 0x94,
    0xd3, 0x94, 0xd3, 0x94, 0xd3, 0x94, 0xd3, 0x94, 0xd3, 0x94, 0xd3, 0x94, 0xd3, 0x94, 0xd3, 0x94,
    0xd3, 0x94, 0xd3, 0x94, 0xb3, 0x94, 0xb3, 0x94, 0xb3, 0x94, 0xb3, 0x94, 0xd3, 0x9c, 0xd3, 0x9c,
    0xd3, 0x94, 0xd3, 0x9c, 0xd3, 0x9c, 0xd3, 0x9c, 0xd3, 0x9c, 0xd3, 0x94, 0xb3, 0x94, 0xd3, 0x94,
    0xd3, 0x9c, 0xd3, 0x94, 0xd3, 0x9c, 0xd3, 0x9c, 0xd3, 0x9c, 0xb3, 0x94, 0xd3, 0x94, 0xd3, 0x94,
    0xd3, 0x9c, 0xd3, 0x9c, 0xd3, 0x9c, 0xb3, 0x94, 0xd3, 0x94, 0xd3, 0x9c, 0xd3, 0x9c, 0xd3, 0x9c,
    0xd3, 0x94, 0xd3, 0x94, 0xd3, 0x94, 0xd3, 0x94, 0xd3, 0x9c, 0xd3, 0x9c, 0xd3, 0x9c, 0xd3, 0x9c,
    0x51, 0x8c, 0xf0, 0x7b, 0xe8, 0x39, 0xe8, 0x39, 0xcb, 0x52, 0x0c, 0x5b, 0x0c, 0x63, 0x96, 0xb5,
    0xdb, 0xde, 0xd7, 0xbd, 0xf8, 0xbd, 0xf8, 0xbd, 0xf7, 0xbd, 0xf8, 0xbd, 0xf7, 0xbd, 0x35, 0xa5,
    0xb7, 0xb5, 0x3c, 0xe7, 0x55, 0xad, 0xe8, 0x39, 0x8f, 0x29, 0x52, 0x21, 0x52, 0x19, 0xaf, 0x29,
    0xa7, 0x31, 0xb6, 0xb5, 0xff, 0xff, 0xdf, 0xff, 0xbf, 0xf7, 0x9a, 0xd6, 0x59, 0xce, 0x59, 0xce,
    0x59, 0xce, 0x58, 0xc6, 0xba, 0xd6, 0xdb, 0xde, 0x18, 0xc6, 0x0c, 0x5b, 0x49, 0x42, 0x8b, 0x4a,
    0x09, 0x42, 0xa7, 0x31, 0xcf, 0x73, 0x14, 0xa5, 0x76, 0xb5, 0x76, 0xb5, 0x96, 0xb5, 0x96, 0xb5,
    0x96, 0xb5, 0x96, 0xb5, 0x96, 0xb5, 0x96, 0xb5, 0x96, 0xb5, 0x96, 0xb5, 0x96, 0xb5, 0x96, 0xb5,
    0x96, 0xb5, 0x76, 0xb5, 0x96, 0xb5, 0x96, 0xb5, 0x96, 0xb5, 0x96, 0xb5, 0x96, 0xb5, 0x96, 0xb5,
    0x96, 0xb5, 0x96, 0xb5, 0x96, 0xb5, 0x96, 0xb5, 0x96, 0xb5, 0x96, 0xb5, 0x96, 0xad, 0x76, 0xad,
    0x96, 0xb5, 0x96, 0xb5, 0x96, 0xb5, 0x96, 0xb5, 0x96, 0xb5, 0x96, 0xb5, 0x96, 0xad, 0x96, 0xb5,
    0x96, 0xb5, 0x96, 0xb5, 0x96, 0xb5, 0x96, 0xb5, 0x96, 0xb5, 0x96, 0xb5, 0x96, 0xb5, 0x96, 0xb5,
    0x96, 0xb5, 0x96, 0xb5, 0x96, 0xb5, 0x96, 0xb5, 0x96, 0xb5, 0x76, 0xad, 0x96, 0xad, 0x96, 0xb5,
    0x96, 0xb5, 0x96, 0xb5, 0x96, 0xb5, 0x96, 0xb5, 0x96, 0xb5, 0x96, 0xb5, 0x96, 0xb5, 0x76, 0xb5,
    0x76, 0xb5, 0x76, 0xb5, 0x97, 0xb5, 0x97, 0xb5, 0x97, 0xb5, 0x97, 0xb5, 0x96, 0xb5, 0x76, 0xb5,
    0x96, 0xb5, 0x96, 0xb5, 0x96, 0xb5, 0x96, 0xb5, 0x96, 0xb5, 0x96, 0xb5, 0x96, 0xb5, 0x76, 0xb5,
    0x76, 0xb5, 0x96, 0xb5, 0x96, 0xb5, 0x96, 0xb5, 0x96, 0xb5, 0xb6, 0xb5, 0x96, 0xb5, 0x96, 0xb5,
    0x96, 0xb5, 0x96, 0xb5, 0x14, 0xa5, 0x92, 0x8c, 0x08, 0x3a, 0xc7, 0x31, 0xab, 0x52, 0xcc, 0x52,
    0x8a, 0x4a, 0x14, 0xa5, 0x9a, 0xd6, 0x18, 0xc6, 0xd7, 0xbd, 0xf7, 0xbd, 0xf8, 0xbd, 0xf8, 0xbd,
    0xd7, 0xbd, 0x35, 0xad, 0x96, 0xb5, 0xdb, 0xde, 0xf4, 0x9c, 0xc7, 0x31, 0x8f, 0x29, 0x52, 0x21,
    0x52, 0x19, 0xaf, 0x29, 0xc7, 0x39, 0x75, 0xad, 0xdf, 0xff, 0x5d, 0xef, 0x39, 0xc6, 0x18, 0xbe,
    0x58, 0xc6, 0x59, 0xce, 0x79, 0xce, 0xdb, 0xde, 0x18, 0xc6, 0xf0, 0x7b, 0x6a, 0x4a, 0x6a, 0x4a,
    0x09, 0x3a, 0x87, 0x29, 0x0c, 0x5b, 0x8f, 0x73, 0x51, 0x84, 0x34, 0xa5, 0xd7, 0xbd, 0xd7, 0xbd,
    0xd7, 0xbd, 0xd8, 0xbd, 0xd8, 0xbd, 0xd8, 0xbd, 0xd8, 0xbd, 0xd7, 0xbd, 0xd7, 0xbd, 0xd8, 0xbd,
    0xf8, 0xbd, 0xd8, 0xbd, 0xd8, 0xbd, 0xd8, 0xbd, 0xd7, 0xbd, 0xd7, 0xbd, 0xd8, 0xbd, 0xd8, 0xbd,
    0xd8, 0xbd, 0xd7, 0xbd, 0xd7, 0xbd, 0xd8, 0xbd, 0xd7, 0xbd, 0xd7, 0xbd, 0xd7, 0xbd, 0xd7, 0xbd,
    0xd8, 0xbd, 0xd7, 0xbd, 0xd7, 0xbd, 0xd8, 0xbd, 0xd8, 0xbd, 0xd8, 0xbd, 0xd7, 0xbd, 0xd7, 0xbd,
    0xd7, 0xbd, 0xd7, 0xbd, 0xd7, 0xbd, 0xd7, 0xbd, 0xd7, 0xbd, 0xd8, 0xbd, 0xd7, 0xbd, 0xd7, 0xbd,
    0xd8, 0xbd, 0xd8, 0xbd, 0xd8, 0xbd, 0xd8, 0xbd, 0xd8, 0xbd, 0xd8, 0xbd, 0xb7, 0xb5, 0xb7, 0xb5,
    0xb7, 0xb5, 0xd7, 0xbd, 0xd8, 0xbd, 0xd8, 0xbd, 0xd8, 0xbd, 0xd8, 0xbd, 0xd8, 0xbd, 0xb8, 0xbd,
    0xb8, 0xbd, 0xb7, 0xb5, 0xb7, 0xb5, 0xb8, 0xb5, 0xb8, 0xbd, 0xd8, 0xbd, 0xb8, 0xbd, 0xb8, 0xb5,
    0xb7, 0xb5, 0xb7, 0xb5, 0xb7, 0xb5, 0xb7, 0xb5, 0xd7, 0xbd, 0xd7, 0xbd, 0xd7, 0xbd, 0xb7, 0xb5,
    0xd7, 0xbd, 0xb7, 0xb5, 0xd7, 0xbd, 0xd8, 0xbd, 0xd8, 0xbd, 0xd8, 0xbd, 0xd8, 0xbd, 0xf8, 0xbd,
    0xf8, 0xbd, 0xf8, 0xbd, 0xf8, 0xbd, 0x18, 0xc6, 0x96, 0xb5, 0xd3, 0x9c, 0xaf, 0x73, 0x6e, 0x6b,
    0xc8, 0x31, 0xc8, 0x31, 0x6a, 0x4a, 0x8a, 0x4a, 0x4d, 0x6b, 0xd7, 0xbd, 0x9a, 0xd6, 0x18, 0xc6,
    0xf8, 0xbd, 0xd7, 0xbd, 0x96, 0xb5, 0x96, 0xb5, 0xb3, 0x94, 0x4d, 0x6b, 0xcb, 0x52, 0x87, 0x29,
    0x6f, 0x21, 0x72, 0x21, 0x52, 0x19, 0xaf, 0x29, 0xe7, 0x39, 0x55, 0xad, 0xdf, 0xff, 0x3c, 0xe7,
    0xf8, 0xbd, 0xf8, 0xbd, 0x38, 0xc6, 0x38, 0xc6, 0x9a, 0xd6, 0xdf, 0xff, 0xb3, 0x94, 0xc8, 0x39,
    0x6a, 0x4a, 0x6a, 0x4a, 0x08, 0x3a, 0x66, 0x29, 0x2d, 0x63, 0xcf, 0x73, 0xf4, 0x9c, 0x96, 0xb5,
    0x79, 0xce, 0xfb, 0xde, 0xdb, 0xde, 0xdb, 0xde, 0xdb, 0xde, 0xdb, 0xde, 0xdb, 0xde, 0xdb, 0xde,
    0xdb, 0xde, 0xdb, 0xde, 0xdb, 0xde, 0xdb, 0xde, 0xdb, 0xde, 0xdb, 0xde, 0xdb, 0xde, 0xdb, 0xde,
    0xdb, 0xde, 0xdb, 0xde, 0xdb, 0xde, 0xdb, 0xde, 0xdb, 0xde, 0xdb, 0xde, 0xdb, 0xde, 0xba, 0xd6,
    0xda, 0xde, 0xdb, 0xde, 0xdb, 0xde, 0xdb, 0xde, 0xdb, 0xde, 0xdb, 0xde, 0xdb, 0xde, 0xdb, 0xde,
    0xdb, 0xde, 0xdb, 0xde, 0xdb, 0xde, 0xdb, 0xde, 0xdb, 0xde, 0xdb, 0xde, 0xdb, 0xde, 0xdb, 0xde,
    0xda, 0xde, 0xdb, 0xde, 0xdb, 0xde, 0xdb, 0xde, 0xdb, 0xde, 0xdb, 0xde, 0xdb, 0xde, 0xdb, 0xde,
    0xdb, 0xde, 0xdb, 0xde, 0xdb, 0xde, 0xdb, 0xde, 0xdb, 0xde, 0xdb, 0xde, 0xdb, 0xde, 0xdb, 0xde,
    0xdb, 0xde, 0xdb, 0xde, 0xdb, 0xde, 0xdb, 0xde, 0xdb, 0xde, 0xdb, 0xde, 0xdb, 0xde, 0xdb, 0xde,
    0xda, 0xde, 0xda, 0xde, 0xdb, 0xde, 0xdb, 0xde, 0xda, 0xde, 0xdb, 0xde, 0xdb, 0xde, 0xdb, 0xde,
    0xdb, 0xde, 0xdb, 0xde, 0xdb, 0xde, 0xdb, 0xde, 0xdb, 0xde, 0xdb, 0xde, 0xdb, 0xde, 0xdb, 0xde,
    0xdb, 0xde, 0xdb, 0xde, 0xdb, 0xde, 0xdb, 0xde, 0xdb, 0xde, 0xdb, 0xde, 0x18, 0xc6, 0x76, 0xad,
    0xf0, 0x7b, 0x8f, 0x73, 0xc8, 0x31, 0x67, 0x29, 0x6a, 0x4a, 0x8a, 0x4a, 0x08, 0x3a, 0xf3, 0x9c,
    0xbf, 0xf7, 0x38, 0xc6, 0xd7, 0xbd, 0xb7, 0xb5, 0x76, 0xad, 0xb6, 0xb5, 0x92, 0x94, 0x0c, 0x63,
    0x8b, 0x52, 0x86, 0x29, 0x6f, 0x21, 0x72, 0x21, 0x52, 0x19, 0xaf, 0x29, 0xe8, 0x39, 0x75, 0xad,
    0xde, 0xff, 0x3c, 0xe7, 0xf8, 0xbd, 0xf8, 0xbd, 0xf7, 0xbd, 0x79, 0xce, 0x75, 0xad, 0x2d, 0x63,
    0x0c, 0x63, 0xab, 0x52, 0x09, 0x3a, 0xa7, 0x31, 0xab, 0x52, 0x4e, 0x6b, 0x72, 0x8c, 0x35, 0xa5,
    0x18, 0xc6, 0x79, 0xce, 0x9a, 0xd6, 0xba, 0xd6, 0xba, 0xd6, 0xba, 0xd6, 0xba, 0xd6, 0xdb, 0xde,
    0xdb, 0xde, 0xdb, 0xde, 0xdb, 0xde, 0xdb, 0xde, 0xdb, 0xde, 0xdb, 0xde, 0xdb, 0xde, 0xba, 0xd6,
    0xba, 0xd6, 0xba, 0xd6, 0xba, 0xd6, 0xba, 0xd6, 0xba, 0xd6, 0xba, 0xd6, 0xba, 0xd6, 0xba, 0xd6,
    0xba, 0xd6, 0xba, 0xd6, 0xba, 0xd6, 0xba, 0xd6, 0xba, 0xd6, 0xba, 0xd6, 0xba, 0xd6, 0xba, 0xd6,
    0xba, 0xd6, 0xba, 0xd6, 0xba, 0xd6, 0xba, 0xd6, 0xba, 0xd6, 0xba, 0xd6, 0xba, 0xd6, 0xba, 0xd6,
    0xba, 0xd6, 0xba, 0xd6, 0xba, 0xd6, 0xba, 0xd6, 0xba, 0xd6, 0xba, 0xd6, 0xba, 0xd6, 0xba, 0xd6,
    0xba, 0xd6, 0xba, 0xd6, 0xba, 0xd6, 0xba, 0xd6, 0xba, 0xd6, 0xba, 0xd6, 0xba, 0xd6, 0xba, 0xd6,
    0xba, 0xd6, 0xba, 0xd6, 0xba, 0xd6, 0xba, 0xd6, 0xba, 0xd6, 0xba, 0xd6, 0xba, 0xd6, 0xba, 0xd6,
    0xba, 0xd6, 0xba, 0xd6, 0xba, 0xd6, 0xba, 0xd6, 0xba, 0xd6, 0xba, 0xd6, 0xba, 0xd6, 0xba, 0xd6,
    0xba, 0xd6, 0xba, 0xd6, 0xba, 0xd6, 0xba, 0xd6, 0xba, 0xd6, 0xba, 0xd6, 0xba, 0xd6, 0xba, 0xd6,
    0xba, 0xd6, 0xba, 0xd6, 0xba, 0xd6, 0xba, 0xd6, 0xba, 0xd6, 0xba, 0xd6, 0xba, 0xd6, 0xba, 0xd6,
    0x9a, 0xd6, 0x79, 0xce, 0x18, 0xc6, 0xb7, 0xb5, 0xb3, 0x94, 0xf0, 0x7b, 0xc8, 0x31, 0xe9, 0x39,
    0x6a, 0x4a, 0xec, 0x5a, 0x4d, 0x6b, 0x79, 0xce, 0xdb, 0xde, 0x75, 0xad, 0x76, 0xad, 0x96, 0xb5,
    0x92, 0x94, 0x2d, 0x63, 0xab, 0x52, 0x87, 0x29, 0x6f, 0x21, 0x72, 0x21, 0x52, 0x19, 0xaf, 0x29,
    0xe8, 0x39, 0x75, 0xad, 0xdf, 0xff, 0x3c, 0xe7, 0x18, 0xc6, 0xf8, 0xbd, 0xd7, 0xbd, 0x9a, 0xd6,
    0x14, 0xa5, 0xa7, 0x31, 0x6a, 0x4a, 0xcb, 0x52, 0xc7, 0x31, 0x66, 0x29, 0xab, 0x52, 0xaf, 0x73,
    0x35, 0xa5, 0xd7, 0xbd, 0x39, 0xc6, 0xdb, 0xde, 0xba, 0xd6, 0xba, 0xd6, 0xba, 0xd6, 0xba, 0xd6,
    0xdb, 0xde, 0xdb, 0xde, 0xdb, 0xde, 0xdb, 0xde, 0xdb, 0xde, 0xdb, 0xde, 0xdb, 0xde, 0xdb, 0xde,
    0xdb, 0xde, 0xdb, 0xde, 0xdb, 0xde, 0xdb, 0xde, 0xba, 0xd6, 0xba, 0xd6, 0xba, 0xd6, 0xba, 0xd6,
    0xba, 0xd6, 0xba, 0xd6, 0xba, 0xd6, 0xba, 0xd6, 0xba, 0xd6, 0xba, 0xd6, 0xba, 0xd6, 0xba, 0xd6,
    0xba, 0xd6, 0xba, 0xd6, 0xba, 0xd6, 0xba, 0xd6, 0xba, 0xd6, 0xba, 0xd6, 0xba, 0xd6, 0xba, 0xd6,
    0xba, 0xd6, 0xba, 0xd6, 0xba, 0xd6, 0xba, 0xd6, 0xba, 0xd6, 0xba, 0xd6, 0xba, 0xd6, 0xba, 0xd6,
    0xba, 0xd6, 0xba, 0xd6, 0xba, 0xd6, 0xba, 0xd6, 0xba, 0xd6, 0xba, 0xd6, 0xba, 0xd6, 0xba, 0xd6,
    0xba, 0xd6, 0xba, 0xd6, 0xba, 0xd6, 0xba, 0xd6, 0xba, 0xd6, 0xba, 0xd6, 0xba, 0xd6, 0xba, 0xd6,
    0xba, 0xd6, 0xba, 0xd6, 0xba, 0xd6, 0xba, 0xd6, 0xba, 0xd6, 0xba, 0xd6, 0xba, 0xd6, 0xba, 0xd6,
    0xba, 0xd6, 0xba, 0xd6, 0xba, 0xd6, 0xba, 0xd6, 0xba, 0xd6, 0xba, 0xd6, 0xba, 0xd6, 0xba, 0xd6,
    0xba, 0xd6, 0xba, 0xd6, 0xba, 0xd6, 0xba, 0xd6, 0xdb, 0xde, 0xba, 0xd6, 0xdb, 0xde, 0xba, 0xd6,
    0xba, 0xd6, 0xba, 0xd6, 0xdb, 0xde, 0xba, 0xd6, 0xdb, 0xde, 0x9a, 0xd6, 0xb6, 0xb5, 0xd3, 0x9c,
    0x87, 0x29, 0xa7, 0x31, 0x49, 0x42, 0x29, 0x42, 0xe8, 0x39, 0xba, 0xd6, 0x3c, 0xe7, 0x35, 0xa5,
    0x76, 0xad, 0x96, 0xb5, 0x92, 0x94, 0x0d, 0x63, 0xab, 0x52, 0x87, 0x29, 0x6f, 0x21, 0x72, 0x21,
    0x52, 0x19, 0xaf, 0x29, 0xe7, 0x39, 0x76, 0xad, 0xdf, 0xff, 0x3c, 0xe7, 0x18, 0xc6, 0xf8, 0xbd,
    0xf7, 0xbd, 0x9a, 0xd6, 0x35, 0xa5, 0xcc, 0x5a, 0x6a, 0x4a, 0xa7, 0x29, 0x0c, 0x5b, 0x4e, 0x6b,
    0x31, 0x84, 0x14, 0x9d, 0x18, 0xc6, 0x9a, 0xd6, 0x9a, 0xd6, 0xba, 0xd6, 0xba, 0xd6, 0xba, 0xd6,
    0xba, 0xd6, 0xba, 0xd6, 0xdb, 0xde, 0xdb, 0xde, 0xdb, 0xde, 0xdb, 0xde, 0xdb, 0xde, 0xdb, 0xde,
    0xdb, 0xde, 0xdb, 0xde, 0xdb, 0xde, 0xba, 0xd6, 0xba, 0xd6, 0xba, 0xd6, 0xba, 0xd6, 0xba, 0xd6,
    0xba, 0xd6, 0xba, 0xd6, 0xba, 0xd6, 0xba, 0xd6, 0xba, 0xd6, 0xba, 0xd6, 0xba, 0xd6, 0xba, 0xd6,
    0xba, 0xd6, 0xba, 0xd6, 0xba, 0xd6, 0xba, 0xd6, 0xba, 0xd6, 0xba, 0xd6, 0xba, 0xd6, 0xba, 0xd6,
    0xba, 0xd6, 0xba, 0xd6, 0xba, 0xd6, 0xba, 0xd6, 0xba, 0xd6, 0xba, 0xd6, 0xba, 0xd6, 0xba, 0xd6,
    0xba, 0xd6, 0xba, 0xd6, 0xba, 0xd6, 0xba, 0xd6, 0xba, 0xd6, 0xba, 0xd6, 0xba, 0xd6, 0xba, 0xd6,
    0xba, 0xd6, 0xba, 0xd6, 0xba, 0xd6, 0xba, 0xd6, 0xdb, 0xde, 0xba, 0xd6, 0xba, 0xd6, 0xba, 0xd6,
    0xba, 0xd6, 0xba, 0xd6, 0xba, 0xd6, 0xba, 0xd6, 0xba, 0xd6, 0xba, 0xd6, 0xdb, 0xde, 0xdb, 0xde,
    0xba, 0xd6, 0xba, 0xd6, 0xba, 0xd6, 0xba, 0xd6, 0xba, 0xd6, 0xba, 0xd6, 0xba, 0xd6, 0xba, 0xd6,
    0xba, 0xd6, 0xba, 0xd6, 0xba, 0xd6, 0xba, 0xd6, 0xba, 0xd6, 0xba, 0xd6, 0xdb, 0xde, 0xba, 0xd6,
    0xba, 0xd6, 0xba, 0xd6, 0xba, 0xd6, 0xba, 0xd6, 0xba, 0xd6, 0xba, 0xd6, 0xba, 0xd6, 0x9a, 0xd6,
    0x59, 0xce, 0x55, 0xad, 0xaf, 0x73, 0x4d, 0x63, 0x29, 0x42, 0x4a, 0x42, 0x0d, 0x63, 0xba, 0xd6,
    0x1c, 0xe7, 0x35, 0xa5, 0x75, 0xad, 0x96, 0xb5, 0x72, 0x8c, 0x0d, 0x63, 0xab, 0x52, 0x87, 0x29,
    0x6f, 0x21, 0x72, 0x21, 0x52, 0x19, 0xaf, 0x29, 0xe7, 0x39, 0x76, 0xad, 0xdf, 0xff, 0x3c, 0xe7,
    0x18, 0xc6, 0xf7, 0xbd, 0xf7, 0xbd, 0x9a, 0xd6, 0x75, 0xad, 0xec, 0x5a, 0x6a, 0x4a, 0x66, 0x29,
    0x8e, 0x6b, 0x31, 0x84, 0xf4, 0x9c, 0x38, 0xc6, 0x9a, 0xd6, 0xdb, 0xde, 0xba, 0xd6, 0xba, 0xd6,
    0xba, 0xd6, 0xba, 0xd6, 0xba, 0xd6, 0xba, 0xd6, 0xdb, 0xde, 0xdb, 0xde, 0xdb, 0xde, 0xdb, 0xde,
    0xdb, 0xde, 0xdb, 0xde, 0xdb, 0xde, 0xba, 0xd6, 0xba, 0xd6, 0xba, 0xd6, 0xba, 0xd6, 0xdb, 0xde,
    0xdb, 0xde, 0xdb, 0xde, 0xdb, 0xde, 0xba, 0xd6, 0xba, 0xd6, 0xba, 0xd6, 0xba, 0xd6, 0xba, 0xd6,
    0xba, 0xd6, 0xba, 0xd6, 0xba, 0xd6, 0xba, 0xd6, 0xdb, 0xde, 0xdb, 0xde, 0xdb, 0xde, 0xba, 0xd6,
    0xba, 0xd6, 0xba, 0xd6, 0xba, 0xd6, 0xba, 0xd6, 0xba, 0xd6, 0xba, 0xd6, 0xdb, 0xde, 0xba, 0xd6,
    0xba, 0xd6, 0xba, 0xd6, 0xba, 0xd6, 0xba, 0xd6, 0xba, 0xd6, 0xba, 0xd6, 0xba, 0xd6, 0xba, 0xd6,
    0xba, 0xd6, 0xba, 0xd6, 0xba, 0xd6, 0xba, 0xd6, 0xba, 0xd6, 0xba, 0xd6, 0xba, 0xd6, 0xba, 0xd6,
    0xba, 0xd6, 0xba, 0xd6, 0xba, 0xd6, 0xba, 0xd6, 0xba, 0xd6, 0xba, 0xd6, 0xba, 0xd6, 0xba, 0xd6,
    0xba, 0xd6, 0xdb, 0xde, 0xba, 0xd6, 0xba, 0xd6, 0xba, 0xd6, 0xba, 0xd6, 0xba, 0xd6, 0xba, 0xd6,
    0xba, 0xd6, 0xba, 0xd6, 0xdb, 0xde, 0xba, 0xd6, 0xba, 0xd6, 0xba, 0xd6, 0xba, 0xd6, 0xdb, 0xde,
    0xba, 0xd6, 0xba, 0xd6, 0xba, 0xd6, 0xba, 0xd6, 0xba, 0xd6, 0xba, 0xd6, 0xba, 0xd6, 0xba, 0xd6,
    0xba, 0xd6, 0xba, 0xd6, 0xba, 0xd6, 0x18, 0xc6, 0xb3, 0x94, 0xf0, 0x7b, 0x6a, 0x4a, 0x4a, 0x42,
    0x2d, 0x63, 0xba, 0xd6, 0x1c, 0xe7, 0x35, 0xa5, 0x75, 0xad, 0x96, 0xb5, 0x72, 0x8c, 0x0d, 0x63,
    0xab, 0x52, 0x87, 0x29, 0x6f, 0x21, 0x72, 0x21, 0x52, 0x19, 0xaf, 0x29, 0xe7, 0x39, 0x75, 0xad,
    0xdf, 0xff, 0x3c, 0xe7, 0xf7, 0xbd, 0xf7, 0xbd, 0xf7, 0xbd, 0x9a, 0xd6, 0x75, 0xad, 0xec, 0x5a,
    0x8b, 0x4a, 0x66, 0x29, 0x31, 0x84, 0x96, 0xb5, 0x96, 0xb5, 0x9a, 0xd6, 0xba, 0xd6, 0xba, 0xd6,
    0xba, 0xd6, 0xba, 0xd6, 0xba, 0xd6, 0xba, 0xd6, 0xba, 0xd6, 0xdb, 0xde, 0xdb, 0xde, 0xdb, 0xde,
    0xdb, 0xde, 0xdb, 0xde, 0xdb, 0xde, 0xdb, 0xde, 0xdb, 0xde, 0xdb, 0xde, 0xdb, 0xde, 0xba, 0xd6,
    0xdb, 0xde, 0xdb, 0xde, 0xdb, 0xde, 0xdb, 0xde, 0xdb, 0xde, 0xdb, 0xde, 0xdb, 0xde, 0xba, 0xd6,
    0xba, 0xd6, 0xba, 0xd6, 0xba, 0xd6, 0xba, 0xd6, 0xba, 0xd6, 0xba, 0xd6, 0xdb, 0xde, 0xdb, 0xde,
    0xdb, 0xde, 0xba, 0xd6, 0xba, 0xd6, 0xba, 0xd6, 0xba, 0xd6, 0xba, 0xd6, 0xba, 0xd6, 0xba, 0xd6,
    0xdb, 0xde, 0xba, 0xd6, 0xba, 0xd6, 0xba, 0xd6, 0xba, 0xd6, 0xba, 0xd6, 0xba, 0xd6, 0xba, 0xd6,
    0xba, 0xd6, 0xba, 0xd6, 0xba, 0xd6, 0xba, 0xd6, 0xba, 0xd6, 0xba, 0xd6, 0xba, 0xd6, 0xba, 0xd6,
    0xba, 0xd6, 0xba, 0xd6, 0xba, 0xd6, 0xba, 0xd6, 0xba, 0xd6, 0xba, 0xd6, 0xba, 0xd6, 0xba, 0xd6,
    0xba, 0xd6, 0xba, 0xd6, 0xba, 0xd6, 0xdb, 0xde, 0xba, 0xd6, 0xba, 0xd6, 0xba, 0xd6, 0xba, 0xd6,
    0xba, 0xd6, 0xba, 0xd6, 0xba, 0xd6, 0xba, 0xd6, 0xdb, 0xde, 0xba, 0xd6, 0xba, 0xd6, 0xba, 0xd6,
    0xba, 0xd6, 0xdb, 0xde, 0xba, 0xd6, 0xba, 0xd6, 0xba, 0xd6, 0xba, 0xd6, 0xba, 0xd6, 0xba, 0xd6,
    0xba, 0xd6, 0xba, 0xd6, 0xba, 0xd6, 0xba, 0xd6, 0xba, 0xd6, 0xbb, 0xd6, 0xd7, 0xbd, 0x55, 0xad,
    0xcc, 0x52, 0x4a, 0x42, 0x2d, 0x63, 0xbb, 0xd6, 0x1c, 0xe7, 0x34, 0xa5, 0x55, 0xad, 0x96, 0xb5,
    0x72, 0x8c, 0x0d, 0x63, 0xab, 0x52, 0x87, 0x29, 0x6f, 0x21, 0x72, 0x21, 0x52, 0x19, 0xaf, 0x29,
    0xe7, 0x39, 0x75, 0xad, 0xdf, 0xff, 0x3c, 0xe7, 0xf7, 0xbd, 0xf7, 0xbd, 0xf7, 0xbd, 0x79, 0xce,
    0x55, 0xad, 0x0c, 0x63, 0x8b, 0x4a, 0x46, 0x21, 0x72, 0x8c, 0xb7, 0xb5, 0xf7, 0xbd, 0xba, 0xd6,
    0xba, 0xd6, 0xba, 0xd6, 0xba, 0xd6, 0xba, 0xd6, 0xba, 0xd6, 0xdb, 0xde, 0xdb, 0xde, 0xdb, 0xde,
    0xdb, 0xde, 0xdb, 0xde, 0xdb, 0xde, 0xdb, 0xde, 0xdb, 0xde, 0xdb, 0xde, 0xdb, 0xde, 0xdb, 0xde,
    0xdb, 0xde, 0xdb, 0xde, 0xdb, 0xde, 0xdb, 0xde, 0xdb, 0xde, 0xdb, 0xde, 0xdb, 0xde, 0xdb, 0xde,
    0xdb, 0xde, 0xdb, 0xde, 0xdb, 0xde, 0xba, 0xd6, 0xba, 0xd6, 0xba, 0xd6, 0xba, 0xd6, 0xba, 0xd6,
    0xba, 0xd6, 0xba, 0xd6, 0xdb, 0xde, 0xba, 0xd6, 0xba, 0xd6, 0xba, 0xd6, 0xba, 0xd6, 0xba, 0xd6,
    0xba, 0xd6, 0xba, 0xd6, 0xba, 0xd6, 0xba, 0xd6, 0xba, 0xd6, 0xba, 0xd6, 0xba, 0xd6, 0xba, 0xd6,
    0xba, 0xd6, 0xba, 0xd6, 0xba, 0xd6, 0xdb, 0xde, 0xba, 0xd6, 0xba, 0xd6, 0xba, 0xd6, 0xba, 0xd6,
    0xba, 0xd6, 0xba, 0xd6, 0xba, 0xd6, 0xba, 0xd6, 0xba, 0xd6, 0xba, 0xd6, 0xba, 0xd6, 0xba, 0xd6,
    0xba, 0xd6, 0xba, 0xd6, 0xba, 0xd6, 0xba, 0xd6, 0xba, 0xd6, 0xba, 0xd6, 0xba, 0xd6, 0xba, 0xd6,
    0xba, 0xd6, 0xba, 0xd6, 0xba, 0xd6, 0xba, 0xd6, 0xba, 0xd6, 0xba, 0xd6, 0xba, 0xd6, 0xba, 0xd6,
    0xba, 0xd6, 0xba, 0xd6, 0xdb, 0xde, 0xdb, 0xde, 0xba, 0xd6, 0xba, 0xd6, 0xba, 0xd6, 0xba, 0xd6,
    0xba, 0xd6, 0xba, 0xd6, 0xba, 0xd6, 0xba, 0xd6, 0xba, 0xd6, 0xba, 0xd6, 0xba, 0xd6, 0xdb, 0xde,
    0xf8, 0xbd, 0x96, 0xb5, 0xcc, 0x52, 0x4a, 0x42, 0x4d, 0x6b, 0xbb, 0xd6, 0x1c, 0xe7, 0x34, 0xa5,
    0x55, 0xad, 0x76, 0xad, 0x72, 0x8c, 0x0c, 0x63, 0xab, 0x52, 0x86, 0x29, 0x6f, 0x21, 0x72, 0x21,
    0x52, 0x19, 0xaf, 0x29, 0xc7, 0x39, 0x75, 0xad, 0xdf, 0xff, 0x3c, 0xe7, 0x18, 0xc6, 0xf7, 0xbd,
    0xf7, 0xbd, 0x79, 0xce, 0x55, 0xad, 0x0c, 0x63, 0x8b, 0x4a, 0x46, 0x29, 0x72, 0x8c, 0xb6, 0xb5,
    0x18, 0xc6, 0xdb, 0xde, 0xba, 0xd6, 0xba, 0xd6, 0xba, 0xd6, 0xdb, 0xde, 0xdb, 0xde, 0xdb, 0xde,
    0xdb, 0xde, 0xdb, 0xde, 0xdb, 0xd6, 0xdb, 0xde, 0xdb, 0xde, 0xdb, 0xde, 0xdb, 0xde, 0xdb, 0xde,
    0xdb, 0xde, 0xba, 0xd6, 0xba, 0xd6, 0xba, 0xd6, 0xdb, 0xde, 0xdb, 0xde, 0xdb, 0xde, 0xdb, 0xde,
    0xdb, 0xde, 0xdb, 0xde, 0xdb, 0xde, 0xdb, 0xde, 0xdb, 0xde, 0xdb, 0xde, 0xba, 0xd6, 0xba, 0xd6,
    0xba, 0xd6, 0xba, 0xd6, 0xba, 0xd6, 0xba, 0xd6, 0xdb, 0xde, 0xba, 0xd6, 0xba, 0xd6, 0xba, 0xd6,
    0xba, 0xd6, 0xba, 0xd6, 0xba, 0xd6, 0xba, 0xd6, 0xba, 0xd6, 0xba, 0xd6, 0xba, 0xd6, 0xba, 0xd6,
    0xba, 0xd6, 0xba, 0xd6, 0xba, 0xd6, 0xba, 0xd6, 0xba, 0xd6, 0xdb, 0xde, 0xba, 0xd6, 0xba, 0xd6,
    0xba, 0xd6, 0xba, 0xd6, 0xba, 0xd6, 0xba, 0xd6, 0xba, 0xd6, 0xba, 0xd6, 0xba, 0xd6, 0xba, 0xd6,
    0xba, 0xd6, 0xba, 0xd6, 0xba, 0xd6, 0xba, 0xd6, 0xba, 0xd6, 0xba, 0xd6, 0xba, 0xd6, 0xba, 0xd6,
    0xba, 0xd6, 0xba, 0xd6, 0xba, 0xd6, 0xba, 0xd6, 0xba, 0xd6, 0xba, 0xd6, 0xba, 0xd6, 0xba, 0xd6,
    0xba, 0xd6, 0xba, 0xd6, 0xba, 0xd6, 0xba, 0xd6, 0xba, 0xd6, 0xba, 0xd6, 0xba, 0xd6, 0xba, 0xd6,
    0xba, 0xd6, 0xba, 0xd6, 0xba, 0xd6, 0xba, 0xd6, 0xda, 0xd6, 0xba, 0xd6, 0xba, 0xd6, 0xba, 0xd6,
    0xba, 0xd6, 0xdb, 0xde, 0xf7, 0xbd, 0x96, 0xad, 0xcb, 0x52, 0x29, 0x42, 0x4d, 0x6b, 0xbb, 0xd6,
    0x1c, 0xe7, 0x34, 0xa5, 0x55, 0xad, 0x76, 0xad, 0x72, 0x8c, 0x0d, 0x63, 0x8b, 0x52, 0x86, 0x29,
    0x6f, 0x21, 0x72, 0x21, 0x52, 0x19, 0xaf, 0x29, 0xc7, 0x39, 0x75, 0xad, 0xdf, 0xff, 0x3c, 0xe7,
    0xf7, 0xbd, 0x18, 0xc6, 0xf7, 0xbd, 0x79, 0xce, 0x55, 0xad, 0x0c, 0x63, 0x8b, 0x4a, 0x46, 0x21,
    0x72, 0x8c, 0xb6, 0xb5, 0x18, 0xc6, 0xdb, 0xde, 0xba, 0xd6, 0xba, 0xd6, 0xdb, 0xde, 0xdb, 0xde,
    0xdb, 0xde, 0xbb, 0xde, 0xbb, 0xde, 0xdb, 0xd6, 0xdb, 0xde, 0xdb, 0xde, 0xdb, 0xde, 0xdb, 0xde,
    0xdb, 0xde, 0xda, 0xde, 0xdb, 0xde, 0xbb, 0xd6, 0xba, 0xd6, 0xba, 0xd6, 0xba, 0xd6, 0xdb, 0xde,
    0xdb, 0xde, 0xdb, 0xde, 0xdb, 0xde, 0xba, 0xd6, 0xba, 0xd6, 0xdb, 0xde, 0xdb, 0xde, 0xdb, 0xde,
    0xba, 0xd6, 0xba, 0xd6, 0xba, 0xd6, 0xba, 0xd6, 0xba, 0xd6, 0xba, 0xd6, 0xba, 0xd6, 0xba, 0xd6,
    0xba, 0xd6, 0xba, 0xd6, 0xba, 0xd6, 0xba, 0xd6, 0xba, 0xd6, 0xba, 0xd6, 0xba, 0xd6, 0xba, 0xd6,
    0xba, 0xd6, 0xba, 0xd6, 0xba, 0xd6, 0xba, 0xd6, 0xba, 0xd6, 0xba, 0xd6, 0xdb, 0xde, 0xba, 0xd6,
    0xba, 0xd6, 0xba, 0xd6, 0xba, 0xd6, 0xba, 0xd6, 0xba, 0xd6, 0xba, 0xd6, 0xba, 0xd6, 0xba, 0xd6,
    0xba, 0xd6, 0xba, 0xd6, 0xba, 0xd6, 0xba, 0xd6, 0xba, 0xd6, 0xba, 0xd6, 0xba, 0xd6, 0xba, 0xd6,
    0xba, 0xd6, 0xba, 0xd6, 0xba, 0xd6, 0xba, 0xd6, 0xba, 0xd6, 0xba, 0xd6, 0xba, 0xd6, 0xba, 0xd6,
    0xba, 0xd6, 0xba, 0xd6, 0xba, 0xd6, 0xba, 0xd6, 0xba, 0xd6, 0xba, 0xd6, 0xdb, 0xde, 0xba, 0xd6,
    0xba, 0xd6, 0xba, 0xd6, 0xba, 0xd6, 0xba, 0xd6, 0xba, 0xd6, 0xba, 0xd6, 0xda, 0xd6, 0xba, 0xd6,
    0xba, 0xde, 0xbb, 0xde, 0xba, 0xd6, 0xdb, 0xde, 0xf8, 0xbd, 0x96, 0xb5, 0xcb, 0x52, 0x49, 0x42,
    0x4d, 0x6b, 0xdb, 0xde, 0x1c, 0xe7, 0x34, 0xa5, 0x55, 0xad, 0x76, 0xad, 0x72, 0x8c, 0x2d, 0x63,
    0xab, 0x52, 0x86, 0x29, 0x6f, 0x21, 0x72, 0x21, 0x52, 0x19, 0xaf, 0x29, 0xc7, 0x39, 0x75, 0xad,
    0xdf, 0xff, 0x3c, 0xe7, 0x18, 0xc6, 0x18, 0xc6, 0xf7, 0xbd, 0x79, 0xce, 0x55, 0xad, 0x0c, 0x63,
    0x8b, 0x4a, 0x46, 0x21, 0x72, 0x8c, 0xb6, 0xb5, 0x18, 0xc6, 0xdb, 0xde, 0xba, 0xd6, 0xba, 0xd6,
    0xdb, 0xd6, 0xdb, 0xde, 0xdb, 0xde, 0xba, 0xd6, 0xba, 0xd6, 0xba, 0xd6, 0xba, 0xd6, 0xdb, 0xd6,
    0xdb, 0xd6, 0xdb, 0xd6, 0xba, 0xd6, 0xba, 0xd6, 0xba, 0xd6, 0xba, 0xd6, 0xba, 0xd6, 0xba, 0xd6,
    0xba, 0xd6, 0xdb, 0xde, 0xdb, 0xde, 0xba, 0xd6, 0xba, 0xd6, 0xba, 0xd6, 0xba, 0xd6, 0xba, 0xd6,
    0xba, 0xd6, 0xdb, 0xde, 0xba, 0xd6, 0xba, 0xd6, 0xba, 0xd6, 0xba, 0xd6, 0xba, 0xd6, 0xba, 0xd6,
    0xba, 0xd6, 0xba, 0xd6, 0xba, 0xd6, 0xba, 0xd6, 0xba, 0xd6, 0xba, 0xd6, 0xba, 0xd6, 0xba, 0xd6,
    0xdb, 0xde, 0xba, 0xd6, 0xba, 0xd6, 0xba, 0xd6, 0xba, 0xd6, 0xba, 0xd6, 0xba, 0xd6, 0xba, 0xd6,
    0xba, 0xd6, 0xba, 0xd6, 0xba, 0xd6, 0xba, 0xd6, 0xba, 0xd6, 0xba, 0xd6, 0xba, 0xd6, 0xba, 0xd6,
    0xba, 0xd6, 0xba, 0xd6, 0xba, 0xd6, 0xba, 0xd6, 0xba, 0xd6, 0xba, 0xd6, 0xba, 0xd6, 0xba, 0xd6,
    0xba, 0xd6, 0xba, 0xd6, 0xba, 0xd6, 0xba, 0xd6, 0xba, 0xd6, 0xba, 0xd6, 0xba, 0xd6, 0xba, 0xd6,
    0xba, 0xd6, 0xba, 0xd6, 0xba, 0xd6, 0xba, 0xd6, 0xba, 0xd6, 0xba, 0xd6, 0xba, 0xd6, 0xba, 0xd6,
    0xdb, 0xde, 0xba, 0xd6, 0xba, 0xd6, 0xba, 0xd6, 0xba, 0xd6, 0xba, 0xd6, 0xba, 0xd6, 0xba, 0xd6,
    0xba, 0xd6, 0xba, 0xd6, 0x9a, 0xd6, 0xba, 0xd6, 0xba, 0xd6, 0xdb, 0xde, 0xf8, 0xbd, 0x96, 0xb5,
    0xcb, 0x5a, 0x49, 0x42, 0x4d, 0x6b, 0xdb, 0xde, 0x1c, 0xe7, 0x34, 0xa5, 0x55, 0xad, 0x76, 0xad,
    0x72, 0x8c, 0x0d, 0x63, 0xab, 0x52, 0x86, 0x29, 0x6f, 0x21, 0x72, 0x21, 0x52, 0x19, 0xaf, 0x29,
    0xc7, 0x39, 0x75, 0xad, 0xdf, 0xff, 0x3c, 0xe7, 0x18, 0xc6, 0xf7, 0xbd, 0xf7, 0xbd, 0x79, 0xce,
    0x55, 0xad, 0x0c, 0x63, 0x6b, 0x4a, 0x46, 0x21, 0x72, 0x8c, 0xb6, 0xb5, 0x18, 0xc6, 0xdb, 0xde,
    0xba, 0xd6, 0xba, 0xd6, 0xdb, 0xde, 0xba, 0xd6, 0xdb, 0xd6, 0xfb, 0xde, 0x3c, 0xe7, 0x38, 0xc6,
    0xe8, 0x39, 0xc8, 0x31, 0x67, 0x29, 0x10, 0x84, 0x7e, 0xef, 0x1c, 0xe7, 0x3c, 0xe7, 0xdb, 0xde,
    0xba, 0xd6, 0xba, 0xd6, 0xba, 0xd6, 0xba, 0xd6, 0xba, 0xd6, 0xba, 0xd6, 0xba, 0xd6, 0xba, 0xd6,
    0xba, 0xd6, 0xba, 0xd6, 0xba, 0xd6, 0xba, 0xd6, 0xbb, 0xd6, 0xba, 0xd6, 0xba, 0xd6, 0xba, 0xd6,
    0xba, 0xd6, 0xba, 0xd6, 0xba, 0xd6, 0xba, 0xd6, 0xba, 0xd6, 0xba, 0xd6, 0xba, 0xd6, 0xba, 0xd6,
    0xba, 0xd6, 0xba, 0xd6, 0xba, 0xd6, 0xba, 0xd6, 0xba, 0xd6, 0xba, 0xd6, 0xba, 0xd6, 0xba, 0xd6,
    0xba, 0xd6, 0xba, 0xd6, 0xba, 0xd6, 0xba, 0xd6, 0xba, 0xd6, 0xba, 0xd6, 0xba, 0xd6, 0xba, 0xd6,
    0xba, 0xd6, 0xba, 0xd6, 0xba, 0xd6, 0xba, 0xd6, 0xba, 0xd6, 0xba, 0xd6, 0xba, 0xd6, 0xba, 0xd6,
    0xba, 0xd6, 0xba, 0xd6, 0xba, 0xd6, 0xba, 0xd6, 0xba, 0xd6, 0xba, 0xd6, 0xba, 0xd6, 0xba, 0xd6,
    0xba, 0xd6, 0xba, 0xd6, 0xba, 0xd6, 0xba, 0xd6, 0xba, 0xd6, 0xba, 0xd6, 0xba, 0xd6, 0xba, 0xd6,
    0xba, 0xd6, 0xba, 0xd6, 0xba, 0xd6, 0xba, 0xd6, 0xba, 0xd6, 0xba, 0xd6, 0xba, 0xd6, 0xba, 0xd6,
    0xba, 0xd6, 0xba, 0xd6, 0xba, 0xd6, 0xfb, 0xde, 0x3c, 0xe7, 0x1c, 0xe7, 0xba, 0xd6, 0xdb, 0xde,
    0xf8, 0xbd, 0x96, 0xb5, 0xcb, 0x5a, 0x49, 0x42, 0x4d, 0x6b, 0xdb, 0xde, 0x1c, 0xe7, 0x34, 0xa5,
    0x55, 0xad, 0x96, 0xb5, 0x72, 0x8c, 0x0c, 0x63, 0xab, 0x52, 0x86, 0x29, 0x6f, 0x21, 0x72, 0x21,
    0x52, 0x19, 0xaf, 0x29, 0xe7, 0x39, 0x75, 0xad, 0xdf, 0xff, 0x3c, 0xe7, 0x18, 0xc6, 0xf7, 0xbd,
    0xf7, 0xbd, 0x79, 0xce, 0x55, 0xad, 0x0c, 0x63, 0x6a, 0x4a, 0x46, 0x21, 0x72, 0x8c, 0xb6, 0xb5,
    0x18, 0xc6, 0xdb, 0xde, 0xba, 0xd6, 0xba, 0xd6, 0xda, 0xde, 0xba, 0xd6, 0xdb, 0xde, 0x96, 0xb5,
    0x55, 0xa5, 0x92, 0x8c, 0xc4, 0x08, 0x48, 0x19, 0x06, 0x11, 0x2a, 0x42, 0x72, 0x8c, 0x11, 0x7c,
    0x11, 0x7c, 0x18, 0xbe, 0x1b, 0xe7, 0xdb, 0xde, 0xdb, 0xde, 0xfb, 0xde, 0xdb, 0xde, 0xdb, 0xde,
    0xdb, 0xde, 0xba, 0xd6, 0xba, 0xd6, 0xba, 0xd6, 0xba, 0xd6, 0xba, 0xd6, 0xba, 0xd6, 0xba, 0xd6,
    0xba, 0xd6, 0xba, 0xd6, 0xba, 0xd6, 0xba, 0xd6, 0xba, 0xd6, 0xba, 0xd6, 0xba, 0xd6, 0xba, 0xd6,
    0xba, 0xd6, 0xba, 0xd6, 0xba, 0xd6, 0xba, 0xd6, 0xba, 0xd6, 0xba, 0xd6, 0xba, 0xd6, 0xba, 0xd6,
    0xba, 0xd6, 0xba, 0xd6, 0xba, 0xd6, 0xba, 0xd6, 0xba, 0xd6, 0xba, 0xd6, 0xba, 0xd6, 0xba, 0xd6,
    0xba, 0xd6, 0xba, 0xd6, 0xba, 0xd6, 0xba, 0xd6, 0xba, 0xd6, 0xba, 0xd6, 0xba, 0xd6, 0xba, 0xd6,
    0xba, 0xd6, 0xba, 0xd6, 0xba, 0xd6, 0xba, 0xd6, 0xba, 0xd6, 0xba, 0xd6, 0xba, 0xd6, 0xba, 0xd6,
    0xba, 0xd6, 0xba, 0xd6, 0xba, 0xd6, 0xba, 0xd6, 0xba, 0xd6, 0xba, 0xd6, 0xba, 0xd6, 0xba, 0xd6,
    0xba, 0xd6, 0xba, 0xd6, 0xba, 0xd6, 0xba, 0xd6, 0xba, 0xd6, 0xba, 0xd6, 0xba, 0xd6, 0xba, 0xd6,
    0xba, 0xd6, 0xba, 0xd6, 0xba, 0xd6, 0xba, 0xd6, 0xdb, 0xde, 0x14, 0xa5, 0x8f, 0x6b, 0x11, 0x84,
    0x9a, 0xd6, 0xfb, 0xde, 0xf8, 0xbd, 0x96, 0xb5, 0xcc, 0x5a, 0x49, 0x42, 0x4d, 0x6b, 0xdb, 0xde,
    0x1c, 0xe7, 0x14, 0xa5, 0x55, 0xad, 0x76, 0xad, 0x72, 0x8c, 0x0c, 0x63, 0x8b, 0x52, 0x86, 0x29,
    0x6f, 0x21, 0x72, 0x21, 0x52, 0x19, 0xaf, 0x29, 0xc7, 0x39, 0x75, 0xad, 0xdf, 0xff, 0x3c, 0xe7,
    0x18, 0xc6, 0xf7, 0xbd, 0xf7, 0xbd, 0x79, 0xce, 0x55, 0xad, 0x0c, 0x63, 0x8a, 0x4a, 0x66, 0x29,
    0x72, 0x8c, 0xb7, 0xb5, 0x18, 0xc6, 0xdb, 0xde, 0xba, 0xd6, 0xba, 0xd6, 0xdb, 0xde, 0xba, 0xd6,
    0xdb, 0xde, 0x09, 0x3a, 0x83, 0x00, 0xa4, 0x08, 0x47, 0x19, 0x3a, 0x7d, 0xfd, 0x95, 0x8d, 0x3a,
    0x00, 0x00, 0x43, 0x00, 0x00, 0x00, 0x30, 0x84, 0xbb, 0xd6, 0x39, 0xc6, 0x59, 0xce, 0x59, 0xce,
    0x59, 0xce, 0x59, 0xc6, 0x9a, 0xd6, 0xba, 0xd6, 0xba, 0xd6, 0xba, 0xd6, 0xba, 0xd6, 0xba, 0xd6,
    0xba, 0xd6, 0xba, 0xd6, 0xda, 0xd6, 0xda, 0xd6, 0xba, 0xd6, 0xba, 0xd6, 0xba, 0xde, 0xba, 0xde,
    0xba, 0xd6, 0xba, 0xd6, 0xba, 0xd6, 0xba, 0xd6, 0xba, 0xd6, 0xba, 0xd6, 0xba, 0xd6, 0xba, 0xd6,
    0xba, 0xd6, 0xba, 0xd6, 0xba, 0xd6, 0xba, 0xd6, 0xba, 0xd6, 0xbb, 0xd6, 0xba, 0xd6, 0xba, 0xd6,
    0xba, 0xd6, 0xba, 0xde, 0xda, 0xd6, 0xba, 0xd6, 0xba, 0xde, 0xba, 0xd6, 0xba, 0xd6, 0xba, 0xd6,
    0xba, 0xd6, 0xba, 0xd6, 0xba, 0xd6, 0xba, 0xd6, 0xba, 0xd6, 0xba, 0xd6, 0xba, 0xd6, 0xba, 0xd6,
    0xba, 0xd6, 0xba, 0xd6, 0xba, 0xd6, 0xba, 0xd6, 0xba, 0xd6, 0xba, 0xd6, 0xba, 0xd6, 0xba, 0xd6,
    0xba, 0xd6, 0xba, 0xd6, 0xba, 0xd6, 0xba, 0xd6, 0xba, 0xd6, 0xba, 0xd6, 0xba, 0xd6, 0xba, 0xd6,
    0xba, 0xd6, 0xba, 0xd6, 0xba, 0xd6, 0xbb, 0xd6, 0xba, 0xd6, 0xba, 0xd6, 0x9e, 0xf7, 0x2d, 0x63,
    0x00, 0x00, 0xc4, 0x08, 0xd7, 0xb5, 0xba, 0xd6, 0xf7, 0xbd, 0x96, 0xb5, 0xec, 0x5a, 0x49, 0x42,
    0x4d, 0x6b, 0xdb, 0xde, 0x1c, 0xe7, 0x14, 0xa5, 0x55, 0xad, 0x76, 0xad, 0x72, 0x8c, 0x0c, 0x63,
    0x8b, 0x52, 0x86, 0x29, 0x6f, 0x21, 0x72, 0x21, 0x52, 0x19, 0xaf, 0x29, 0xc7, 0x39, 0x75, 0xad,
    0xdf, 0xff, 0x3c, 0xe7, 0x18, 0xc6, 0xf7, 0xbd, 0xf7, 0xbd, 0x79, 0xce, 0x55, 0xad, 0x0c, 0x63,
    0x8b, 0x4a, 0x66, 0x29, 0x72, 0x8c, 0xb7, 0xb5, 0x18, 0xc6, 0xdb, 0xde, 0xba, 0xd6, 0xba, 0xd6,
    0xdb, 0xde, 0xba, 0xd6, 0xdb, 0xde, 0x29, 0x3a, 0xa4, 0x08, 0x47, 0x19, 0x27, 0x19, 0x9b, 0x85,
    0x3f, 0x96, 0xd8, 0x74, 0xb2, 0x5b, 0xd3, 0x5b, 0xf3, 0x5b, 0xc9, 0x29, 0x05, 0x19, 0x25, 0x21,
    0x26, 0x21, 0x46, 0x21, 0x46, 0x21, 0x25, 0x21, 0xd7, 0xb5, 0x7d, 0xef, 0x1c, 0xe7, 0x3c, 0xe7,
    0xda, 0xde, 0x9a, 0xd6, 0xba, 0xd6, 0xba, 0xd6, 0xba, 0xd6, 0xba, 0xd6, 0xba, 0xd6, 0xba, 0xd6,
    0xba, 0xd6, 0xbb, 0xd6, 0xba, 0xd6, 0xba, 0xd6, 0xba, 0xd6, 0xba, 0xd6, 0xba, 0xd6, 0xba, 0xd6,
    0xba, 0xd6, 0xba, 0xd6, 0xba, 0xd6, 0xba, 0xd6, 0xba, 0xd6, 0xba, 0xd6, 0xba, 0xd6, 0xba, 0xd6,
    0xba, 0xd6, 0x1c, 0xe7, 0x1c, 0xe7, 0xdb, 0xde, 0xba, 0xd6, 0xba, 0xd6, 0xba, 0xd6, 0xba, 0xd6,
    0xdb, 0xde, 0xba, 0xd6, 0xdb, 0xde, 0xba, 0xd6, 0xba, 0xd6, 0xba, 0xd6, 0xba, 0xd6, 0xba, 0xd6,
    0xba, 0xd6, 0xba, 0xd6, 0xba, 0xd6, 0xba, 0xd6, 0xba, 0xd6, 0xba, 0xd6, 0xba, 0xd6, 0xba, 0xd6,
    0xba, 0xd6, 0xba, 0xd6, 0xba, 0xd6, 0xba, 0xd6, 0xba, 0xd6, 0xba, 0xd6, 0xba, 0xd6, 0xba, 0xd6,
    0xba, 0xd6, 0xba, 0xd6, 0xba, 0xd6, 0xba, 0xd6, 0xba, 0xd6, 0xba, 0xd6, 0xdb, 0xde, 0x39, 0xc6,
    0x2d, 0x63, 0xee, 0x4a, 0xb3, 0x53, 0xb2, 0x53, 0x46, 0x19, 0x31, 0x84, 0x59, 0xce, 0x96, 0xad,
    0xec, 0x5a, 0x49, 0x42, 0x4d, 0x6b, 0xdb, 0xde, 0x1c, 0xe7, 0x14, 0xa5, 0x55, 0xad, 0x76, 0xad,
    0x72, 0x8c, 0x0c, 0x63, 0x8b, 0x4a, 0x86, 0x29, 0x6f, 0x21, 0x72, 0x21, 0x52, 0x19, 0xaf, 0x29,
    0xc7, 0x39, 0x75, 0xad, 0xdf, 0xff, 0x3c, 0xe7, 0x18, 0xc6, 0xf7, 0xbd, 0xf7, 0xbd, 0x79, 0xce,
    0x55, 0xad, 0x0c, 0x63, 0x8b, 0x4a, 0x66, 0x29, 0x72, 0x8c, 0xb7, 0xb5, 0x18, 0xc6, 0xdb, 0xde,
    0xba, 0xd6, 0xba, 0xd6, 0xbb, 0xd6, 0xba, 0xd6, 0xdb, 0xde, 0xe8, 0x39, 0x68, 0x19, 0x7b, 0x85,
    0x72, 0x4b, 0x9b, 0x85, 0xfd, 0x8d, 0x1e, 0x8e, 0x5f, 0x96, 0x3e, 0x8e, 0x7f, 0x96, 0x0f, 0x43,
    0x67, 0x19, 0xc9, 0x21, 0x68, 0x19, 0x49, 0x19, 0x68, 0x11, 0x28, 0x11, 0x6f, 0x63, 0x31, 0x8c,
    0x11, 0x7c, 0x11, 0x7c, 0x39, 0xc6, 0x3c, 0xef, 0x1c, 0xe7, 0x1c, 0xe7, 0x1c, 0xe7, 0x1c, 0xe7,
    0x1b, 0xe7, 0x1c, 0xe7, 0x1c, 0xe7, 0xda, 0xde, 0xba, 0xd6, 0xba, 0xd6, 0xba, 0xd6, 0xba, 0xd6,
    0xba, 0xd6, 0xba, 0xd6, 0xba, 0xd6, 0xba, 0xd6, 0xba, 0xd6, 0xba, 0xd6, 0xba, 0xd6, 0xba, 0xd6,
    0xba, 0xd6, 0xdb, 0xde, 0x7a, 0xce, 0xf4, 0x9c, 0x35, 0xa5, 0x59, 0xce, 0xdb, 0xde, 0xba, 0xd6,
    0xbb, 0xd6, 0xba, 0xd6, 0xba, 0xd6, 0xba, 0xd6, 0xba, 0xd6, 0xba, 0xd6, 0xba, 0xd6, 0xba, 0xd6,
    0xba, 0xd6, 0xba, 0xd6, 0xba, 0xd6, 0xba, 0xd6, 0xba, 0xd6, 0xba, 0xd6, 0xba, 0xd6, 0xba, 0xd6,
    0xba, 0xd6, 0xba, 0xd6, 0xba, 0xd6, 0xba, 0xd6, 0xba, 0xd6, 0xba, 0xd6, 0xba, 0xd6, 0xba, 0xd6,
    0xba, 0xd6, 0xba, 0xd6, 0xba, 0xd6, 0xba, 0xd6, 0xba, 0xd6, 0xba, 0xd6, 0xbb, 0xd6, 0xba, 0xd6,
    0xfb, 0xde, 0xd7, 0xbd, 0x22, 0x00, 0xae, 0x32, 0x7f, 0x9e, 0xbc, 0x85, 0x27, 0x11, 0x2a, 0x42,
    0x18, 0xc6, 0x96, 0xb5, 0xec, 0x5a, 0x49, 0x42, 0x4d, 0x6b, 0xdb, 0xde, 0x1c, 0xe7, 0x14, 0xa5,
    0x55, 0xad, 0x76, 0xad, 0x72, 0x8c, 0x0c, 0x5b, 0x8a, 0x4a, 0x87, 0x29, 0x6f, 0x21, 0x72, 0x21,
    0x52, 0x19, 0xaf, 0x29, 0xc7, 0x39, 0x75, 0xad, 0xdf, 0xff, 0x3c, 0xe7, 0x18, 0xc6, 0xf7, 0xbd,
    0xf7, 0xbd, 0x79, 0xce, 0x55, 0xad, 0x0c, 0x63, 0x8b, 0x4a, 0x66, 0x29, 0x72, 0x8c, 0xb6, 0xb5,
    0x18, 0xc6, 0xdb, 0xde, 0xba, 0xd6, 0xba, 0xd6, 0xbb, 0xd6, 0xba, 0xd6, 0xdb, 0xde, 0xe8, 0x39,
    0x88, 0x21, 0xfe, 0x8d, 0x3e, 0x96, 0xfd, 0x8d, 0xfd, 0x8d, 0xdd, 0x8d, 0xdd, 0x8d, 0xdd, 0x8d,
    0xdd, 0x8d, 0xfd, 0x8d, 0xdc, 0x8d, 0xfd, 0x8d, 0x19, 0x54, 0x98, 0x43, 0xb8, 0x3b, 0x77, 0x43,
    0x28, 0x09, 0x63, 0x00, 0x83, 0x08, 0x43, 0x00, 0x4e, 0x63, 0xd3, 0x94, 0x92, 0x8c, 0x93, 0x8c,
    0x93, 0x94, 0x93, 0x8c, 0xb3, 0x8c, 0x93, 0x8c, 0xd3, 0x9c, 0xba, 0xd6, 0xfb, 0xde, 0xdb, 0xde,
    0xdb, 0xde, 0xfb, 0xde, 0xdb, 0xde, 0xdb, 0xde, 0xdb, 0xde, 0xdb, 0xde, 0xdb, 0xde, 0xdb, 0xde,
    0xdb, 0xde, 0xdb, 0xde, 0xdb, 0xde, 0xdb, 0xde, 0xaf, 0x73, 0x42, 0x00, 0x42, 0x00, 0x35, 0xa5,
    0x1c, 0xe7, 0x9a, 0xd6, 0xba, 0xd6, 0xba, 0xd6, 0xba, 0xd6, 0xba, 0xd6, 0xba, 0xd6, 0xba, 0xd6,
    0xba, 0xd6, 0xba, 0xd6, 0xba, 0xd6, 0xba, 0xd6, 0xba, 0xd6, 0xba, 0xd6, 0xba, 0xd6, 0xba, 0xd6,
    0xba, 0xd6, 0xba, 0xd6, 0xba, 0xd6, 0xba, 0xd6, 0xba, 0xd6, 0xba, 0xd6, 0xba, 0xd6, 0xba, 0xd6,
    0xba, 0xd6, 0xba, 0xd6, 0xba, 0xd6, 0xba, 0xd6, 0xba, 0xd6, 0xba, 0xd6, 0xba, 0xd6, 0xba, 0xd6,
    0xbb, 0xd6, 0xba, 0xd6, 0xfb, 0xde, 0xd8, 0xbd, 0xa4, 0x10, 0xce, 0x3a, 0xfe, 0x8d, 0xdd, 0x8d,
    0x0b, 0x2a, 0x46, 0x21, 0xb7, 0xb5, 0xb6, 0xb5, 0xec, 0x5a, 0x29, 0x42, 0x4d, 0x63, 0xdb, 0xde,
    0x1c, 0xe7, 0x14, 0xa5, 0x55, 0xad, 0x76, 0xad, 0x72, 0x8c, 0x0c, 0x63, 0x8b, 0x4a, 0x86, 0x29,
    0x6f, 0x21, 0x72, 0x21, 0x52, 0x19, 0xaf, 0x29, 0xc7, 0x39, 0x75, 0xad, 0xdf, 0xff, 0x3c, 0xe7,
    0x18, 0xc6, 0xf8, 0xbd, 0xf7, 0xbd, 0x79, 0xce, 0x55, 0xad, 0x0c, 0x63, 0x8b, 0x4a, 0x46, 0x29,
    0x72, 0x8c, 0xb6, 0xb5, 0x18, 0xc6, 0xdb, 0xde, 0xba, 0xd6, 0xba, 0xd6, 0xba, 0xd6, 0xba, 0xd6,
    0xdb, 0xde, 0xc8, 0x39, 0x68, 0x19, 0xdd, 0x8d, 0xdd, 0x8d, 0xfd, 0x8d, 0xfd, 0x8d, 0xfd, 0x8d,
    0xfd, 0x8d, 0xfd, 0x8d, 0xfd, 0x8d, 0xfd, 0x8d, 0xfe, 0x8d, 0xfe, 0x8d, 0xf9, 0x4b, 0x9b, 0x64,
    0x1b, 0x6d, 0x98, 0x3b, 0x56, 0x33, 0x15, 0x33, 0x15, 0x33, 0x35, 0x33, 0x07, 0x11, 0x42, 0x00,
    0x63, 0x00, 0x63, 0x00, 0x63, 0x00, 0x62, 0x00, 0x62, 0x00, 0x43, 0x00, 0xc5, 0x10, 0xb7, 0xb5,
    0x59, 0xce, 0x39, 0xc6, 0x39, 0xc6, 0x39, 0xc6, 0x39, 0xc6, 0x39, 0xc6, 0x39, 0xc6, 0x38, 0xc6,
    0x38, 0xc6, 0x39, 0xc6, 0x39, 0xc6, 0x38, 0xc6, 0x59, 0xc6, 0xb6, 0xb5, 0x68, 0x21, 0x4f, 0x22,
    0xb0, 0x3a, 0xa8, 0x29, 0x6a, 0x4a, 0xba, 0xd6, 0x3c, 0xe7, 0x1c, 0xe7, 0x1c, 0xe7, 0x1c, 0xe7,
    0xfb, 0xe6, 0xba, 0xd6, 0xba, 0xd6, 0xba, 0xd6, 0xba, 0xd6, 0xba, 0xd6, 0xbb, 0xd6, 0xbb, 0xd6,
    0xba, 0xde, 0xba, 0xde, 0xba, 0xd6, 0xba, 0xd6, 0xba, 0xd6, 0xba, 0xd6, 0xba, 0xd6, 0xba, 0xd6,
    0xba, 0xd6, 0xba, 0xd6, 0xba, 0xd6, 0xba, 0xd6, 0xba, 0xd6, 0xba, 0xd6, 0xba, 0xd6, 0xba, 0xd6,
    0xba, 0xd6, 0xba, 0xd6, 0xba, 0xd6, 0xba, 0xd6, 0xfb, 0xde, 0xd8, 0xb5, 0xa3, 0x08, 0xce, 0x42,
    0x1e, 0x96, 0xdd, 0x8d, 0x89, 0x21, 0x66, 0x21, 0x39, 0xc6, 0xb6, 0xbd, 0xcc, 0x52, 0x29, 0x42,
    0x2d, 0x63, 0xdb, 0xde, 0x1c, 0xe7, 0x14, 0xa5, 0x55, 0xad, 0x76, 0xad, 0x72, 0x8c, 0x0c, 0x63,
    0x8b, 0x52, 0x86, 0x29, 0x6f, 0x21, 0x72, 0x21, 0x52, 0x19, 0xaf, 0x29, 0xe7, 0x39, 0x75, 0xad,
    0xdf, 0xff, 0x3c, 0xe7, 0x18, 0xc6, 0xf8, 0xbd, 0xf7, 0xbd, 0x79, 0xce, 0x55, 0xad, 0x0c, 0x63,
    0x8a, 0x4a, 0x66, 0x29, 0x72, 0x8c, 0xb6, 0xb5, 0x18, 0xc6, 0xdb, 0xde, 0xba, 0xd6, 0xba, 0xd6,
    0xba, 0xd6, 0xba, 0xd6, 0xdb, 0xde, 0xc8, 0x39, 0x88, 0x21, 0x1e, 0x96, 0x1e, 0x8e, 0xfd, 0x8d,
    0xfd, 0x8d, 0xde, 0x8d, 0xde, 0x8d, 0xfd, 0x8d, 0xfd, 0x8d, 0xfd, 0x8d, 0xfd, 0x8d, 0x1e, 0x8e,
    0xf8, 0x4b, 0x1b, 0x6d, 0xbd, 0x85, 0xb8, 0x3b, 0xfb, 0x3b, 0x1b, 0x3c, 0x1b, 0x44, 0xfb, 0x3b,
    0xf2, 0x2a, 0x90, 0x2a, 0x91, 0x2a, 0x90, 0x2a, 0x90, 0x2a, 0x90, 0x2a, 0x70, 0x2a, 0x91, 0x2a,
    0x4e, 0x2a, 0x27, 0x19, 0x05, 0x19, 0x05, 0x19, 0x05, 0x19, 0x05, 0x19, 0x05, 0x19, 0x05, 0x19,
    0x05, 0x19, 0x05, 0x19, 0x05, 0x19, 0x05, 0x19, 0x05, 0x19, 0x05, 0x19, 0x26, 0x19, 0xe4, 0x18,
    0xcb, 0x19, 0x5a, 0x4c, 0x7a, 0x5c, 0x48, 0x11, 0xe6, 0x10, 0x12, 0x7c, 0x72, 0x94, 0x72, 0x8c,
    0x93, 0x8c, 0x52, 0x8c, 0x14, 0xa5, 0xdb, 0xde, 0xba, 0xd6, 0x9a, 0xd6, 0xba, 0xd6, 0xba, 0xd6,
    0xba, 0xd6, 0xda, 0xd6, 0xbb, 0xd6, 0xbb, 0xd6, 0xba, 0xd6, 0xba, 0xd6, 0xba, 0xd6, 0xba, 0xd6,
    0xba, 0xd6, 0xba, 0xd6, 0xba, 0xd6, 0xba, 0xd6, 0xba, 0xd6, 0xba, 0xd6, 0xba, 0xd6, 0xba, 0xd6,
    0xba, 0xd6, 0xba, 0xd6, 0xba, 0xd6, 0xba, 0xd6, 0xbb, 0xd6, 0xba, 0xd6, 0xdb, 0xde, 0xd7, 0xb5,
    0x84, 0x08, 0xcf, 0x42, 0x1f, 0x8e, 0xdd, 0x85, 0x35, 0x64, 0x0a, 0x32, 0x0c, 0x5b, 0x76, 0xad,
    0xec, 0x5a, 0x29, 0x42, 0x4d, 0x63, 0xdb, 0xde, 0x1c, 0xe7, 0x14, 0xa5, 0x55, 0xad, 0x76, 0xad,
    0x72, 0x8c, 0x0c, 0x63, 0x8b, 0x52, 0x86, 0x29, 0x6f, 0x21, 0x72, 0x21, 0x52, 0x19, 0xaf, 0x29,
    0xe7, 0x39, 0x75, 0xad, 0xdf, 0xff, 0x3c, 0xe7, 0x18, 0xc6, 0x18, 0xc6, 0xf7, 0xbd, 0x79, 0xce,
    0x55, 0xad, 0x0c, 0x63, 0x8a, 0x4a, 0x66, 0x29, 0x72, 0x8c, 0xb6, 0xb5, 0x18, 0xc6, 0xdb, 0xde,
    0xba, 0xd6, 0xba, 0xd6, 0xbb, 0xd6, 0xdb, 0xde, 0x3c, 0xe7, 0x08, 0x3a, 0x68, 0x19, 0x7c, 0x7d,
    0x7c, 0x7d, 0xfe, 0x8d, 0xfe, 0x8d, 0xfd, 0x8d, 0xfd, 0x8d, 0xdd, 0x8d, 0xdd, 0x8d, 0xdd, 0x8d,
    0xfd, 0x8d, 0x7d, 0x7d, 0xb8, 0x43, 0x1c, 0x75, 0xbd, 0x85, 0x98, 0x3b, 0xda, 0x3b, 0xda, 0x3b,
    0xfa, 0x3b, 0xda, 0x3b, 0x1b, 0x44, 0x1b, 0x44, 0x1b, 0x44, 0x1b, 0x44, 0x1b, 0x44, 0x1b, 0x44,
    0x1b, 0x3c, 0x1c, 0x3c, 0x98, 0x3b, 0x8a, 0x19, 0x0a, 0x32, 0x0a, 0x32, 0x0a, 0x2a, 0x0a, 0x2a,
    0x0a, 0x2a, 0x0a, 0x2a, 0x0a, 0x32, 0x0a, 0x32, 0x0a, 0x32, 0x0a, 0x32, 0x0a, 0x32, 0x0a, 0x2a,
    0xca, 0x21, 0x68, 0x19, 0xb0, 0x32, 0x9c, 0x64, 0x5b, 0x54, 0x7a, 0x54, 0x96, 0x4b, 0xa4, 0x00,
    0x43, 0x00, 0x42, 0x00, 0x62, 0x00, 0x22, 0x00, 0xa7, 0x31, 0xba, 0xde, 0x1c, 0xe7, 0x1c, 0xe7,
    0x1c, 0xe7, 0x1c, 0xe7, 0xdb, 0xde, 0xba, 0xd6, 0xba, 0xd6, 0xba, 0xd6, 0xba, 0xd6, 0xba, 0xd6,
    0xba, 0xd6, 0xba, 0xd6, 0xba, 0xd6, 0xba, 0xd6, 0xba, 0xd6, 0xba, 0xd6, 0xba, 0xd6, 0xba, 0xd6,
    0xba, 0xd6, 0xba, 0xd6, 0xba, 0xd6, 0xba, 0xd6, 0xba, 0xd6, 0xba, 0xd6, 0xba, 0xd6, 0x9a, 0xd6,
    0x1c, 0xe7, 0x39, 0xc6, 0xa3, 0x10, 0xae, 0x42, 0x1e, 0x96, 0xbd, 0x85, 0x5f, 0x96, 0x10, 0x43,
    0x63, 0x00, 0xd0, 0x73, 0xab, 0x52, 0x4a, 0x42, 0x4d, 0x63, 0xdb, 0xde, 0x1c, 0xe7, 0x34, 0xa5,
    0x55, 0xad, 0x76, 0xb5, 0x72, 0x8c, 0x0c, 0x63, 0x8b, 0x52, 0x86, 0x29, 0x6f, 0x21, 0x72, 0x21,
    0x52, 0x19, 0xaf, 0x29, 0xe7, 0x39, 0x76, 0xad, 0xdf, 0xff, 0x3c, 0xe7, 0x18, 0xc6, 0x18, 0xc6,
    0xf7, 0xbd, 0x79, 0xce, 0x55, 0xad, 0x0c, 0x63, 0x8a, 0x4a, 0x46, 0x29, 0x72, 0x8c, 0xb6, 0xb5,
    0x18, 0xc6, 0xdb, 0xde, 0xba, 0xd6, 0xba, 0xd6, 0xdb, 0xde, 0x7a, 0xce, 0xf4, 0x9c, 0x87, 0x29,
    0x28, 0x11, 0xb8, 0x43, 0xb8, 0x43, 0x3c, 0x75, 0xbd, 0x85, 0x9d, 0x7d, 0xbd, 0x85, 0xfe, 0x8d,
    0xfd, 0x8d, 0xdd, 0x8d, 0x1e, 0x96, 0x5a, 0x54, 0xf8, 0x4b, 0xbd, 0x85, 0xbd, 0x85, 0x98, 0x3b,
    0xda, 0x3b, 0xfa, 0x3b, 0xfa, 0x3b, 0xfa, 0x43, 0xfa, 0x3b, 0xfa, 0x3b, 0xfa, 0x3b, 0xfa, 0x3b,
    0xfa, 0x3b, 0xfa, 0x3b, 0xda, 0x3b, 0xfa, 0x3b, 0xda, 0x3b, 0x3a, 0x54, 0x5e, 0x9e, 0x5e, 0x9e,
    0x5e, 0x9e, 0x5e, 0x9e, 0x5e, 0x9e, 0x5e, 0x9e, 0x5e, 0x9e, 0x5e, 0x9e, 0x7e, 0x9e, 0x7e, 0x9e,
    0x5d, 0x9e, 0x7e, 0xa6, 0xba, 0x64, 0xf9, 0x4b, 0x9b, 0x5c, 0x9b, 0x54, 0x7b, 0x5c, 0x9b, 0x5c,
    0x5b, 0x54, 0xf1, 0x3a, 0xf1, 0x3a, 0xf1, 0x3a, 0xf2, 0x3a, 0xf1, 0x3a, 0x47, 0x19, 0xd7, 0xbd,
    0x51, 0x84, 0xd0, 0x73, 0xf0, 0x7b, 0xaf, 0x73, 0x76, 0xad, 0x3c, 0xe7, 0xfb, 0xde, 0x1c, 0xe7,
    0xfb, 0xde, 0xba, 0xd6, 0xba, 0xd6, 0xba, 0xd6, 0xba, 0xd6, 0xba, 0xd6, 0xba, 0xd6, 0xba, 0xd6,
    0xba, 0xd6, 0xba, 0xd6, 0xba, 0xd6, 0xba, 0xd6, 0xba, 0xd6, 0xba, 0xd6, 0xba, 0xd6, 0xdb, 0xde,
    0xfb, 0xde, 0x3c, 0xe7, 0xd7, 0xb5, 0x4e, 0x63, 0xa4, 0x08, 0xcf, 0x42, 0x3f, 0x96, 0xdd, 0x8d,
    0xbd, 0x85, 0xdd, 0x8d, 0x14, 0x64, 0xa4, 0x08, 0x46, 0x21, 0x8b, 0x4a, 0x2d, 0x63, 0xdb, 0xd6,
    0x1c, 0xe7, 0x34, 0xa5, 0x55, 0xad, 0x76, 0xad, 0x72, 0x8c, 0x0c, 0x63, 0xab, 0x52, 0x87, 0x29,
    0x6f, 0x21, 0x72, 0x21, 0x52, 0x19, 0xaf, 0x29, 0xe7, 0x39, 0x76, 0xad, 0xdf, 0xff, 0x1c, 0xe7,
    0x18, 0xc6, 0x18, 0xc6, 0xf7, 0xbd, 0x79, 0xce, 0x55, 0xad, 0x0c, 0x63, 0x8b, 0x4a, 0x46, 0x29,
    0x72, 0x8c, 0xb6, 0xb5, 0x18, 0xc6, 0xdb, 0xde, 0xba, 0xd6, 0xba, 0xd6, 0xfb, 0xde, 0x96, 0xb5,
    0x84, 0x08, 0xa4, 0x08, 0x48, 0x19, 0x7b, 0x5c, 0x5b, 0x54, 0xb8, 0x43, 0xb8, 0x43, 0xb8, 0x43,
    0xf9, 0x4b, 0x5d, 0x7d, 0xbd, 0x85, 0xfd, 0x8d, 0x1e, 0x96, 0x5a, 0x5c, 0xbb, 0x64, 0x3e, 0x96,
    0x7c, 0x7d, 0xb8, 0x3b, 0xda, 0x3b, 0xfa, 0x3b, 0xfa, 0x3b, 0xfa, 0x3b, 0xfa, 0x3b, 0xfa, 0x3b,
    0xfa, 0x3b, 0xfa, 0x3b, 0xfa, 0x3b, 0xfa, 0x3b, 0xfa, 0x3b, 0xfa, 0x43, 0xda, 0x3b, 0x19, 0x4c,
    0x3d, 0x96, 0x5d, 0x9e, 0x3d, 0x9e, 0x3e, 0x9e, 0x5e, 0x9e, 0x3d, 0x9e, 0x3d, 0x9e, 0x5e, 0x9e,
    0x5e, 0x9e, 0x5d, 0x9e, 0x3d, 0x9e, 0x7e, 0x9e, 0xba, 0x64, 0xda, 0x43, 0x9c, 0x5c, 0x7b, 0x5c,
    0x7c, 0x5c, 0x9b, 0x54, 0x9b, 0x54, 0xbd, 0x64, 0xbc, 0x5c, 0xdd, 0x5c, 0x9c, 0x5c, 0x95, 0x4b,
    0x89, 0x21, 0x51, 0x84, 0xa4, 0x08, 0x43, 0x00, 0x83, 0x00, 0x01, 0x00, 0xed, 0x5a, 0xb6, 0xb5,
    0xf4, 0x9c, 0xf4, 0x94, 0xd7, 0xb5, 0xfb, 0xde, 0xba, 0xd6, 0xba, 0xd6, 0xba, 0xd6, 0xba, 0xd6,
    0xba, 0xd6, 0xba, 0xd6, 0xba, 0xd6, 0xba, 0xd6, 0xba, 0xd6, 0xba, 0xd6, 0xba, 0xd6, 0xba, 0xd6,
    0x1c, 0xe7, 0x79, 0xce, 0x55, 0xa5, 0xd8, 0xb5, 0x4d, 0x63, 0x02, 0x00, 0x4f, 0x2a, 0x58, 0x5c,
    0xfe, 0x8d, 0xbd, 0x85, 0xdd, 0x8d, 0xde, 0x85, 0x56, 0x5c, 0xe6, 0x10, 0x67, 0x29, 0x8a, 0x4a,
    0x2d, 0x63, 0xdb, 0xde, 0x1c, 0xe7, 0x34, 0xa5, 0x55, 0xad, 0x76, 0xad, 0x72, 0x8c, 0x0c, 0x63,
    0xab, 0x52, 0x87, 0x29, 0x6f, 0x21, 0x72, 0x21, 0x52, 0x19, 0xaf, 0x29, 0xe7, 0x39, 0x75, 0xad,
    0xdf, 0xff, 0x1c, 0xe7, 0x18, 0xc6, 0x18, 0xc6, 0xf8, 0xbd, 0x79, 0xce, 0x55, 0xad, 0x0c, 0x63,
    0x8b, 0x4a, 0x46, 0x29, 0x72, 0x8c, 0xb6, 0xb5, 0x18, 0xc6, 0xdb, 0xde, 0xba, 0xd6, 0xba, 0xd6,
    0xfb, 0xde, 0x96, 0xb5, 0xa4, 0x10, 0x48, 0x19, 0xb0, 0x32, 0x9b, 0x64, 0x9b, 0x5c, 0x7b, 0x5c,
    0x7b, 0x54, 0x7b, 0x5c, 0xf9, 0x4b, 0x77, 0x3b, 0xba, 0x64, 0xfe, 0x8d, 0xfe, 0x8d, 0x3a, 0x54,
    0x9a, 0x64, 0x3e, 0x9e, 0xbb, 0x64, 0x99, 0x33, 0xfb, 0x43, 0xfa, 0x3b, 0xfa, 0x3b, 0xfa, 0x3b,
    0xfa, 0x3b, 0xfa, 0x3b, 0xfa, 0x3b, 0xfa, 0x3b, 0xfa, 0x3b, 0xfa, 0x3b, 0xfa, 0x3b, 0xfa, 0x43,
    0xda, 0x3b, 0x19, 0x4c, 0x3e, 0x96, 0x5d, 0x9e, 0x3d, 0x9e, 0x3d, 0x9e, 0x3d, 0x9e, 0x3d, 0x9e,
    0x3d, 0x9e, 0x5d, 0x9e, 0x5d, 0x9e, 0x5d, 0x9e, 0x3d, 0x96, 0x5e, 0x9e, 0xfa, 0x6c, 0xf9, 0x43,
    0x9b, 0x5c, 0x7b, 0x54, 0x7b, 0x5c, 0x7b, 0x5c, 0x7b, 0x5c, 0x7b, 0x5c, 0x7b, 0x5c, 0x9b, 0x5c,
    0x12, 0x3b, 0x84, 0x00, 0xc4, 0x10, 0x84, 0x08, 0x92, 0x5b, 0xf5, 0x5b, 0xb0, 0x32, 0xd4, 0x5b,
    0x88, 0x19, 0x42, 0x00, 0x63, 0x08, 0x01, 0x00, 0x49, 0x4a, 0x9a, 0xd6, 0xba, 0xd6, 0xba, 0xde,
    0xba, 0xd6, 0xba, 0xd6, 0xba, 0xd6, 0xba, 0xd6, 0xba, 0xd6, 0xba, 0xd6, 0xba, 0xd6, 0xba, 0xd6,
    0xba, 0xde, 0xfb, 0xde, 0xf8, 0xbd, 0x6f, 0x6b, 0x63, 0x00, 0xc4, 0x10, 0xa4, 0x10, 0x6e, 0x2a,
    0x97, 0x3b, 0x9b, 0x5c, 0xfd, 0x8d, 0x1e, 0x96, 0xbb, 0x64, 0x4f, 0x2a, 0x07, 0x19, 0xc5, 0x10,
    0x66, 0x21, 0x6a, 0x4a, 0x2d, 0x63, 0xbb, 0xd6, 0x1c, 0xe7, 0x34, 0xa5, 0x55, 0xad, 0x76, 0xad,
    0x72, 0x8c, 0x0c, 0x63, 0xab, 0x52, 0x87, 0x29, 0x6f, 0x21, 0x72, 0x21, 0x52, 0x19, 0xaf, 0x29,
    0xe7, 0x39, 0x75, 0xad, 0xbf, 0xf7, 0x1c, 0xe7, 0x18, 0xc6, 0x18, 0xc6, 0xf8, 0xbd, 0x79, 0xce,
    0x55, 0xa5, 0x0c, 0x63, 0x8b, 0x4a, 0x46, 0x29, 0x72, 0x8c, 0xb6, 0xb5, 0x18, 0xc6, 0xdb, 0xde,
    0xba, 0xd6, 0xba, 0xd6, 0x1c, 0xe7, 0xd8, 0xb5, 0xa3, 0x08, 0x8f, 0x32, 0xfd, 0x64, 0x9b, 0x5c,
    0x9b, 0x5c, 0x9b, 0x5c, 0xbc, 0x5c, 0xbc, 0x64, 0x7b, 0x5c, 0x5b, 0x54, 0xd9, 0x43, 0xd9, 0x43,
    0xf9, 0x4b, 0x98, 0x3b, 0xda, 0x64, 0x5e, 0x9e, 0xba, 0x64, 0x78, 0x3b, 0xda, 0x3b, 0xfa, 0x3b,
    0xfa, 0x3b, 0xfa, 0x3b, 0xfa, 0x3b, 0xfa, 0x3b, 0xfa, 0x3b, 0xfa, 0x3b, 0xfa, 0x3b, 0xfa, 0x3b,
    0xfa, 0x3b, 0xfa, 0x43, 0xda, 0x3b, 0x19, 0x4c, 0x3e, 0x9e, 0x3d, 0x9e, 0x5e, 0x9e, 0x7e, 0x9e,
    0x7e, 0xa6, 0x7e, 0xa6, 0x7e, 0xa6, 0x7e, 0xa6, 0x7e, 0xa6, 0x7e, 0xa6, 0x7e, 0xa6, 0x9e, 0xa6,
    0xbd, 0x85, 0x1a, 0x4c, 0x9c, 0x5c, 0x9c, 0x5c, 0x9c, 0x5c, 0x9c, 0x5c, 0x7b, 0x54, 0x7b, 0x5c,
    0xbc, 0x5c, 0x90, 0x2a, 0xc6, 0x08, 0xab, 0x19, 0x6e, 0x32, 0x51, 0x4b, 0xdd, 0x8d, 0xde, 0x85,
    0xba, 0x5c, 0x3a, 0x5c, 0xd0, 0x3a, 0xae, 0x3a, 0x30, 0x4b, 0x30, 0x4b, 0xea, 0x29, 0x46, 0x21,
    0x97, 0xb5, 0xfb, 0xde, 0xba, 0xd6, 0xba, 0xd6, 0xba, 0xd6, 0xba, 0xd6, 0xba, 0xd6, 0xba, 0xd6,
    0xba, 0xd6, 0xba, 0xd6, 0xba, 0xd6, 0xb7, 0xb5, 0x66, 0x21, 0x63, 0x00, 0x8d, 0x3a, 0x4d, 0x32,
    0x0e, 0x22, 0x9b, 0x5c, 0xd9, 0x43, 0x7a, 0x5c, 0x1e, 0x96, 0xf9, 0x74, 0x0b, 0x2a, 0x84, 0x00,
    0x87, 0x29, 0x8f, 0x6b, 0x29, 0x42, 0x4a, 0x4a, 0x4d, 0x63, 0xbb, 0xd6, 0x1c, 0xe7, 0x34, 0xa5,
    0x55, 0xad, 0x76, 0xad, 0x72, 0x8c, 0x0c, 0x63, 0x8b, 0x52, 0x86, 0x29, 0x6f, 0x21, 0x72, 0x21,
    0x52, 0x19, 0xaf, 0x29, 0xe7, 0x39, 0x75, 0xad, 0xdf, 0xff, 0x1c, 0xe7, 0x18, 0xc6, 0x18, 0xc6,
    0xf8, 0xbd, 0x79, 0xce, 0x55, 0xa5, 0x0c, 0x63, 0x8b, 0x4a, 0x46, 0x29, 0x72, 0x8c, 0xb6, 0xb5,
    0x18, 0xc6, 0xdb, 0xde, 0xba, 0xd6, 0xba, 0xd6, 0x9a, 0xd6, 0xb3, 0x94, 0x83, 0x00, 0x90, 0x32,
    0xdc, 0x64, 0x9b, 0x5c, 0x9b, 0x5c, 0x9b, 0x5c, 0x9b, 0x5c, 0x9b, 0x5c, 0x9b, 0x5c, 0xbc, 0x5c,
    0x1a, 0x4c, 0xb8, 0x3b, 0xb9, 0x43, 0x98, 0x3b, 0xdb, 0x6c, 0x1e, 0x96, 0xbd, 0x85, 0x1c, 0x6d,
    0xb8, 0x3b, 0xda, 0x3b, 0xfa, 0x3b, 0xfa, 0x3b, 0xfa, 0x3b, 0xfa, 0x3b, 0xfa, 0x3b, 0xfa, 0x3b,
    0xfa, 0x3b, 0xfa, 0x3b, 0xfa, 0x3b, 0xfa, 0x43, 0xda, 0x3b, 0x3a, 0x4c, 0x1d, 0x96, 0x3d, 0x9e,
    0xfc, 0x95, 0x79, 0x8d, 0x79, 0x8d, 0x9a, 0x8d, 0x9a, 0x8d, 0x9a, 0x8d, 0x9a, 0x8d, 0x9a, 0x8d,
    0x9a, 0x8d, 0xba, 0x8d, 0x19, 0x7d, 0x96, 0x43, 0xf8, 0x53, 0xf8, 0x53, 0xf7, 0x53, 0x39, 0x54,
    0x9b, 0x54, 0x7b, 0x54, 0x1b, 0x4c, 0x4e, 0x2a, 0xca, 0x21, 0xf9, 0x4b, 0xdc, 0x64, 0xbe, 0x85,
    0x7c, 0x7d, 0x9c, 0x85, 0xfe, 0x8d, 0xdd, 0x85, 0xfd, 0x8d, 0x9c, 0x7d, 0x3a, 0x7d, 0x5a, 0x85,
    0xef, 0x42, 0x84, 0x00, 0x76, 0xad, 0xfb, 0xde, 0xba, 0xd6, 0xba, 0xd6, 0xba, 0xd6, 0xba, 0xd6,
    0xba, 0xd6, 0xba, 0xd6, 0xba, 0xd6, 0xdb, 0xde, 0x18, 0xbe, 0x05, 0x19, 0x88, 0x21, 0xcf, 0x42,
    0xdc, 0x8d, 0xdb, 0x64, 0xf9, 0x4b, 0xdc, 0x64, 0xd9, 0x43, 0x7a, 0x5c, 0xdd, 0x85, 0xab, 0x19,
    0xc4, 0x10, 0x67, 0x29, 0x0d, 0x5b, 0x35, 0xa5, 0x6a, 0x4a, 0x4a, 0x42, 0x4d, 0x63, 0xdb, 0xd6,
    0x1c, 0xe7, 0x14, 0xa5, 0x55, 0xad, 0x76, 0xad, 0x72, 0x8c, 0x0d, 0x63, 0x8b, 0x52, 0x86, 0x29,
    0x6f, 0x21, 0x72, 0x21, 0x52, 0x19, 0xaf, 0x29, 0xe7, 0x39, 0x76, 0xad, 0xdf, 0xff, 0x1c, 0xe7,
    0x18, 0xc6, 0xf8, 0xbd, 0xf8, 0xbd, 0x59, 0xce, 0x35, 0xa5, 0x0c, 0x63, 0x8b, 0x4a, 0x66, 0x29,
    0x72, 0x8c, 0x96, 0xb5, 0x18, 0xc6, 0xdb, 0xde, 0x9a, 0xd6, 0x3c, 0xe7, 0xb3, 0x94, 0x83, 0x08,
    0xcf, 0x3a, 0x39, 0x5c, 0xbc, 0x5c, 0x9b, 0x5c, 0x9b, 0x5c, 0x9b, 0x5c, 0x9b, 0x5c, 0xbb, 0x5c,
    0x9b, 0x5c, 0x9b, 0x5c, 0x9b, 0x5c, 0x9c, 0x5c, 0xf9, 0x43, 0xf9, 0x4b, 0xbd, 0x85, 0xfd, 0x8d,
    0x1e, 0x96, 0x9d, 0x85, 0xb8, 0x3b, 0xda, 0x3b, 0xfa, 0x3b, 0xfa, 0x3b, 0xfa, 0x3b, 0xfa, 0x3b,
    0xfa, 0x3b, 0xfa, 0x3b, 0xfa, 0x3b, 0xfa, 0x3b, 0xfa, 0x3b, 0xfa, 0x3b, 0xda, 0x3b, 0x19, 0x4c,
    0x3e, 0x96, 0xbe, 0xa6, 0xf3, 0x5b, 0x84, 0x00, 0xe5, 0x10, 0xc5, 0x08, 0xc5, 0x08, 0xc5, 0x08,
    0xc5, 0x08, 0xc5, 0x10, 0xc5, 0x10, 0xc6, 0x10, 0xc5, 0x08, 0xa6, 0x08, 0xc6, 0x08, 0xc6, 0x08,
    0xa5, 0x00, 0x2e, 0x22, 0xbc, 0x64, 0x9c, 0x5c, 0x99, 0x3b, 0xbb, 0x6c, 0xdd, 0x8d, 0xdd, 0x8d,
    0xbb, 0x64, 0xf9, 0x43, 0xd8, 0x4b, 0x39, 0x54, 0xbc, 0x85, 0x19, 0x7d, 0x16, 0x5c, 0xab, 0x11,
    0xe6, 0x10, 0xca, 0x21, 0x48, 0x19, 0x83, 0x08, 0xb7, 0xb5, 0x3c, 0xe7, 0xba, 0xd6, 0xba, 0xd6,
    0xba, 0xd6, 0xba, 0xd6, 0xba, 0xd6, 0xba, 0xd6, 0x9a, 0xd6, 0xdb, 0xde, 0x39, 0xc6, 0xa4, 0x10,
    0x31, 0x4b, 0x3f, 0x96, 0xfd, 0x8d, 0x7a, 0x5c, 0xd9, 0x43, 0x5a, 0x54, 0x3b, 0x54, 0x3a, 0x4c,
    0x33, 0x3b, 0x07, 0x11, 0x05, 0x19, 0x35, 0xa5, 0x97, 0xb5, 0x96, 0xb5, 0xcb, 0x5a, 0x49, 0x42,
    0x4d, 0x63, 0xdb, 0xd6, 0x1c, 0xe7, 0x14, 0xa5, 0x55, 0xad, 0x76, 0xb5, 0x72, 0x8c, 0x0c, 0x63,
    0x8b, 0x4a, 0x86, 0x29, 0x6f, 0x21, 0x72, 0x21, 0x52, 0x19, 0xaf, 0x29, 0xe7, 0x39, 0x76, 0xad,
    0xdf, 0xff, 0x3c, 0xe7, 0x18, 0xc6, 0xf8, 0xbd, 0xf7, 0xbd, 0x59, 0xce, 0x35, 0xa5, 0x0c, 0x63,
    0x8b, 0x4a, 0x66, 0x29, 0x72, 0x8c, 0x96, 0xb5, 0x18, 0xc6, 0xdb, 0xd6, 0xbb, 0xd6, 0xdb, 0xde,
    0x8f, 0x6b, 0x84, 0x00, 0xf7, 0x53, 0xfd, 0x64, 0x9b, 0x5c, 0xbc, 0x5c, 0x9b, 0x5c, 0x9b, 0x5c,
    0x9b, 0x5c, 0xbb, 0x5c, 0xbb, 0x5c, 0x9b, 0x5c, 0xbc, 0x64, 0x1a, 0x4c, 0x7a, 0x5c, 0x9d, 0x85,
    0xfd, 0x8d, 0xfd, 0x8d, 0x1e, 0x8e, 0x3c, 0x75, 0x98, 0x3b, 0xfa, 0x3b, 0xfa, 0x3b, 0xfb, 0x43,
    0xfa, 0x3b, 0xfa, 0x3b, 0xfa, 0x3b, 0xfa, 0x3b, 0xfa, 0x3b, 0xfa, 0x3b, 0xfa, 0x3b, 0xfa, 0x3b,
    0xb9, 0x3b, 0x3a, 0x54, 0xbb, 0x8d, 0xee, 0x42, 0xc8, 0x31, 0x28, 0x4a, 0x27, 0x4a, 0x07, 0x4a,
    0x07, 0x4a, 0x07, 0x4a, 0x27, 0x4a, 0x27, 0x4a, 0x27, 0x4a, 0x27, 0x4a, 0x07, 0x4a, 0x26, 0x4a,
    0x26, 0x4a, 0x06, 0x42, 0x85, 0x49, 0x46, 0x31, 0x0c, 0x2a, 0xd7, 0x4b, 0xb8, 0x43, 0x1b, 0x6d,
    0xfd, 0x8d, 0xdd, 0x8d, 0xdd, 0x85, 0xde, 0x85, 0x7d, 0x7d, 0x3a, 0x54, 0x58, 0x54, 0x28, 0x11,
    0xc5, 0x10, 0xe7, 0x10, 0xab, 0x19, 0x7b, 0x85, 0xd3, 0x5b, 0x89, 0x19, 0xcc, 0x52, 0x56, 0xad,
    0xfb, 0xde, 0xba, 0xd6, 0xba, 0xd6, 0xbb, 0xd6, 0xba, 0xd6, 0xba, 0xd6, 0xfb, 0xde, 0xdb, 0xde,
    0x15, 0x9d, 0xc4, 0x10, 0x30, 0x4b, 0x1f, 0x8e, 0xfd, 0x8d, 0xdb, 0x64, 0xd9, 0x43, 0x3a, 0x4c,
    0x7b, 0x54, 0x38, 0x54, 0xe6, 0x08, 0x67, 0x21, 0x6e, 0x6b, 0xb7, 0xb5, 0xb6, 0xb5, 0xb7, 0xb5,
    0xcc, 0x5a, 0x49, 0x42, 0x4d, 0x6b, 0xdb, 0xde, 0x1c, 0xe7, 0x14, 0xa5, 0x55, 0xad, 0x76, 0xad,
    0x72, 0x8c, 0x0c, 0x63, 0x8b, 0x4a, 0x86, 0x29, 0x6f, 0x21, 0x72, 0x21, 0x52, 0x19, 0xaf, 0x29,
    0xe7, 0x39, 0x75, 0xad, 0xdf, 0xff, 0x3c, 0xe7, 0x18, 0xc6, 0xf8, 0xbd, 0xf7, 0xbd, 0x59, 0xce,
    0x35, 0xa5, 0x0c, 0x63, 0x8b, 0x4a, 0x66, 0x29, 0x72, 0x8c, 0x96, 0xb5, 0x18, 0xc6, 0xbb, 0xd6,
    0xfc, 0xde, 0x76, 0xad, 0xa3, 0x08, 0x2c, 0x32, 0x9c, 0x64, 0xbb, 0x5c, 0xbb, 0x5c, 0xbc, 0x5c,
    0xbc, 0x5c, 0xbc, 0x5c, 0x9b, 0x5c, 0xbb, 0x5c, 0xbb, 0x5c, 0x9b, 0x5c, 0xbc, 0x64, 0xf9, 0x4b,
    0xba, 0x64, 0x3e, 0x96, 0xdd, 0x8d, 0xdd, 0x8d, 0x1e, 0x96, 0x1b, 0x75, 0x98, 0x3b, 0xb9, 0x3b,
    0xb9, 0x3b, 0xd9, 0x3b, 0xb9, 0x3b, 0xd9, 0x3b, 0xda, 0x3b, 0xfa, 0x43, 0xfa, 0x3b, 0xfa, 0x3b,
    0xfa, 0x3b, 0xfa, 0x3b, 0xba, 0x3b, 0x5b, 0x54, 0xf0, 0x42, 0x01, 0x00, 0xe9, 0x5a, 0x75, 0xff,
    0xd2, 0xfe, 0xb1, 0xfe, 0xb2, 0xfe, 0xb2, 0xfe, 0xb2, 0xfe, 0xb2, 0xfe, 0xb2, 0xfe, 0xb2, 0xfe,
    0xb1, 0xfe, 0xb1, 0xfe, 0xb1, 0xf6, 0xd1, 0xfe, 0xe9, 0xeb, 0x64, 0x79, 0xa4, 0x00, 0x28, 0x09,
    0xbb, 0x64, 0x3f, 0x8e, 0xdd, 0x85, 0xdd, 0x8d, 0xfd, 0x8d, 0xdd, 0x8d, 0xfd, 0x8d, 0x3c, 0x75,
    0xd2, 0x32, 0x07, 0x11, 0xc5, 0x10, 0xcb, 0x21, 0x59, 0x4c, 0xbd, 0x85, 0xfe, 0x8d, 0xb7, 0x6c,
    0x22, 0x00, 0xaf, 0x73, 0x3c, 0xe7, 0xba, 0xd6, 0xba, 0xd6, 0xba, 0xd6, 0xdb, 0xde, 0x9a, 0xd6,
    0xf7, 0xbd, 0x55, 0xa5, 0x46, 0x21, 0x43, 0x00, 0x30, 0x4b, 0x3f, 0x96, 0xfd, 0x8d, 0xfb, 0x6c,
    0xd9, 0x43, 0x5a, 0x54, 0x5b, 0x54, 0x59, 0x64, 0xc5, 0x08, 0x0a, 0x42, 0xf7, 0xbd, 0xba, 0xd6,
    0xf8, 0xc5, 0x97, 0xb5, 0xec, 0x5a, 0x49, 0x42, 0x4d, 0x6b, 0xdb, 0xde, 0x1c, 0xe7, 0x34, 0xa5,
    0x55, 0xad, 0x76, 0xad, 0x72, 0x8c, 0x0c, 0x63, 0x8b, 0x4a, 0x86, 0x29, 0x6f, 0x21, 0x72, 0x21,
    0x52, 0x19, 0xaf, 0x29, 0xe7, 0x39, 0x55, 0xad, 0xdf, 0xff, 0x1c, 0xe7, 0xf8, 0xbd, 0xf8, 0xbd,
    0xf7, 0xbd, 0x59, 0xce, 0x35, 0xa5, 0x0c, 0x63, 0x8b, 0x4a, 0x46, 0x21, 0x72, 0x8c, 0x96, 0xb5,
    0x18, 0xc6, 0xba, 0xde, 0x1c, 0xe7, 0x97, 0xb5, 0x63, 0x00, 0x4e, 0x2a, 0xfd, 0x6c, 0x9b, 0x5c,
    0x9b, 0x5c, 0x9b, 0x5c, 0x9b, 0x5c, 0xbc, 0x5c, 0xbc, 0x5c, 0xbb, 0x5c, 0xbb, 0x5c, 0xbb, 0x5c,
    0xbc, 0x64, 0xd9, 0x4b, 0x9a, 0x64, 0x1e, 0x96, 0xdd, 0x8d, 0xde, 0x8d, 0xfd, 0x8d, 0xfe, 0x8d,
    0x5d, 0x75, 0x9a, 0x5c, 0x7a, 0x5c, 0x98, 0x43, 0xf9, 0x4b, 0x1a, 0x4c, 0xd9, 0x43, 0xb8, 0x3b,
    0xb8, 0x3b, 0xb9, 0x3b, 0xb8, 0x3b, 0x99, 0x3b, 0x98, 0x3b, 0xb1, 0x2a, 0x87, 0x29, 0x06, 0x42,
    0x0c, 0x8c, 0xb0, 0xfe, 0xaa, 0xf5, 0xca, 0xfd, 0xca, 0xfd, 0xca, 0xfd, 0xca, 0xfd, 0xca, 0xfd,
    0xca, 0xfd, 0xca, 0xfd, 0xca, 0xfd, 0xca, 0xfd, 0xcb, 0xfd, 0xcb, 0xfd, 0x26, 0xf4, 0x64, 0xaa,
    0x44, 0x41, 0x46, 0x31, 0x73, 0x53, 0x7b, 0x85, 0xfd, 0x8d, 0xdd, 0x8d, 0xdd, 0x8d, 0xdd, 0x85,
    0x1e, 0x96, 0x36, 0x64, 0xc6, 0x08, 0x26, 0x19, 0x84, 0x08, 0x0b, 0x2a, 0xfe, 0x8d, 0xbd, 0x85,
    0x1e, 0x8e, 0xf8, 0x74, 0xa4, 0x08, 0x10, 0x7c, 0x5c, 0xef, 0xba, 0xd6, 0xba, 0xd6, 0xba, 0xd6,
    0xfb, 0xde, 0x56, 0xad, 0xa4, 0x08, 0xa4, 0x10, 0x06, 0x11, 0x92, 0x53, 0xd8, 0x74, 0xfd, 0x8d,
    0x1d, 0x96, 0xda, 0x64, 0x77, 0x3b, 0x5a, 0x54, 0xf9, 0x4b, 0x18, 0x54, 0xa5, 0x00, 0x4a, 0x42,
    0x79, 0xce, 0xfb, 0xde, 0xf7, 0xbd, 0x96, 0xb5, 0xcc, 0x5a, 0x49, 0x42, 0x4d, 0x6b, 0xdb, 0xde,
    0x1c, 0xe7, 0x34, 0xa5, 0x75, 0xad, 0x96, 0xb5, 0x72, 0x8c, 0x0c, 0x63, 0x8b, 0x4a, 0x86, 0x29,
    0x6f, 0x21, 0x72, 0x21, 0x52, 0x19, 0xaf, 0x29, 0xc7, 0x39, 0x55, 0xad, 0xdf, 0xff, 0x1c, 0xe7,
    0xf8, 0xbd, 0xf8, 0xbd, 0xf7, 0xbd, 0x59, 0xce, 0x35, 0xa5, 0x0c, 0x63, 0x8b, 0x4a, 0x46, 0x29,
    0x72, 0x8c, 0x96, 0xb5, 0xf8, 0xc5, 0x1c, 0xe7, 0x10, 0x7c, 0xa8, 0x29, 0xab, 0x21, 0x13, 0x3b,
    0xbc, 0x5c, 0x9c, 0x5c, 0xbc, 0x64, 0xbb, 0x5c, 0x9b, 0x5c, 0x9c, 0x5c, 0x9c, 0x5c, 0xbb, 0x5c,
    0xbb, 0x5c, 0xbc, 0x64, 0x3a, 0x54, 0x19, 0x4c, 0x7d, 0x7d, 0xfd, 0x8d, 0xfd, 0x8d, 0xfd, 0x8d,
    0xfd, 0x8d, 0xfd, 0x8d, 0xfd, 0x8d, 0x1e, 0x96, 0x9d, 0x85, 0xd8, 0x43, 0xbc, 0x64, 0xdc, 0x6c,
    0x9b, 0x64, 0x5a, 0x54, 0x5a, 0x5c, 0x5a, 0x5c, 0x5a, 0x54, 0x9c, 0x5c, 0xd2, 0x32, 0x02, 0x00,
    0x2b, 0x63, 0x95, 0xff, 0x2e, 0xfe, 0xe4, 0xf4, 0xa3, 0xfc, 0xa3, 0xfc, 0xa3, 0xfc, 0xa3, 0xfc,
    0xa3, 0xfc, 0xa3, 0xfc, 0xa3, 0xf4, 0xa3, 0xfc, 0xa3, 0xfc, 0xa3, 0xfc, 0xa3, 0xfc, 0x83, 0xfc,
    0xe4, 0xfc, 0x23, 0xf4, 0x84, 0xe2, 0xc4, 0x81, 0x22, 0x00, 0xae, 0x3a, 0x5e, 0x96, 0xfd, 0x8d,
    0xdd, 0x8d, 0xdd, 0x8d, 0x1e, 0x96, 0x15, 0x64, 0xa4, 0x08, 0xc4, 0x10, 0x4c, 0x32, 0xb7, 0x74,
    0xdd, 0x8d, 0xfe, 0x85, 0x9d, 0x7d, 0x54, 0x43, 0x43, 0x00, 0x6e, 0x63, 0x79, 0xce, 0xba, 0xd6,
    0xba, 0xd6, 0xfb, 0xde, 0xd3, 0x94, 0x67, 0x21, 0x4c, 0x32, 0xce, 0x3a, 0x30, 0x43, 0xdc, 0x8d,
    0x1e, 0x8e, 0xdd, 0x85, 0xdd, 0x8d, 0x9d, 0x7d, 0x19, 0x4c, 0x98, 0x43, 0xb8, 0x43, 0xdb, 0x64,
    0xd3, 0x5b, 0xe5, 0x10, 0xc8, 0x31, 0xd0, 0x73, 0x59, 0xce, 0x96, 0xb5, 0xcc, 0x5a, 0x49, 0x42,
    0x4d, 0x6b, 0xbb, 0xd6, 0x1c, 0xe7, 0x34, 0xa5, 0x75, 0xad, 0x96, 0xb5, 0x92, 0x8c, 0x0c, 0x63,
    0x8b, 0x4a, 0x86, 0x29, 0x6f, 0x21, 0x72, 0x21, 0x52, 0x19, 0xaf, 0x29, 0xe7, 0x39, 0x55, 0xad,
    0xbf, 0xf7, 0x1c, 0xe7, 0xf8, 0xbd, 0xf8, 0xbd, 0xf7, 0xbd, 0x59, 0xce, 0x35, 0xa5, 0x0c, 0x63,
    0x8b, 0x4a, 0x66, 0x29, 0x72, 0x8c, 0x96, 0xb5, 0xf7, 0xbd, 0x3c, 0xe7, 0x2d, 0x5b, 0x43, 0x00,
    0xd6, 0x4b, 0x5a, 0x54, 0xb8, 0x43, 0x5b, 0x54, 0x5b, 0x54, 0x7b, 0x5c, 0xbb, 0x5c, 0xbc, 0x5c,
    0xbb, 0x5c, 0xbb, 0x5c, 0xbb, 0x5c, 0xbc, 0x64, 0x1a, 0x4c, 0x3a, 0x54, 0x1e, 0x96, 0xdd, 0x8d,
    0xdd, 0x8d, 0xfd, 0x8d, 0xfd, 0x8d, 0xfd, 0x8d, 0xdd, 0x8d, 0x1d, 0x96, 0x5c, 0x7d, 0xd8, 0x43,
    0xdc, 0x64, 0xbb, 0x64, 0xdc, 0x64, 0xdc, 0x64, 0xdc, 0x64, 0xdc, 0x64, 0xbb, 0x64, 0x38, 0x54,
    0xcf, 0x42, 0x85, 0x31, 0xaa, 0x8b, 0xb0, 0xfe, 0xab, 0xf5, 0xa3, 0xfc, 0xc3, 0xfc, 0xc4, 0xfc,
    0xc3, 0xfc, 0xa3, 0xfc, 0xc3, 0xfc, 0xc3, 0xfc, 0xc3, 0xfc, 0xa3, 0xfc, 0xc3, 0xfc, 0xc3, 0xfc,
    0xa3, 0xfc, 0xa3, 0xfc, 0xc4, 0xfc, 0x43, 0xf4, 0x03, 0xe3, 0x64, 0xa2, 0x24, 0x39, 0x26, 0x29,
    0x15, 0x5c, 0x9c, 0x85, 0xdd, 0x8d, 0xdd, 0x85, 0x3e, 0x96, 0x35, 0x64, 0xc5, 0x10, 0xa4, 0x08,
    0x72, 0x53, 0x5f, 0x96, 0xbc, 0x85, 0xfe, 0x8d, 0x5c, 0x75, 0x55, 0x3b, 0x4c, 0x32, 0xe5, 0x10,
    0x6a, 0x4a, 0xdb, 0xde, 0x9a, 0xd6, 0x5d, 0xe7, 0x52, 0x8c, 0x22, 0x00, 0xd9, 0x74, 0x3f, 0x96,
    0xfe, 0x8d, 0xdd, 0x85, 0xdd, 0x85, 0xdd, 0x8d, 0xdd, 0x8d, 0x1e, 0x8e, 0x7a, 0x5c, 0x39, 0x54,
    0x1e, 0x8e, 0xfe, 0x8d, 0x3b, 0x75, 0x4c, 0x32, 0x84, 0x00, 0xcc, 0x52, 0x59, 0xce, 0x96, 0xb5,
    0xcc, 0x5a, 0x49, 0x42, 0x4d, 0x6b, 0xbb, 0xd6, 0x1c, 0xe7, 0x35, 0xa5, 0x75, 0xad, 0x96, 0xb5,
    0x72, 0x8c, 0x0c, 0x63, 0x8a, 0x4a, 0x66, 0x29, 0x6f, 0x21, 0x72, 0x21, 0x52, 0x19, 0xaf, 0x29,
    0xe7, 0x39, 0x75, 0xad, 0xdf, 0xff, 0x1c, 0xe7, 0xf7, 0xbd, 0xf8, 0xbd, 0xf7, 0xbd, 0x59, 0xce,
    0x35, 0xa5, 0x0c, 0x63, 0x8b, 0x4a, 0x46, 0x21, 0x72, 0x8c, 0x96, 0xb5, 0xf7, 0xbd, 0x1c, 0xe7,
    0x4e, 0x63, 0x84, 0x00, 0x3a, 0x7d, 0x7d, 0x7d, 0xf8, 0x4b, 0x39, 0x54, 0xf9, 0x43, 0xb8, 0x43,
    0x5a, 0x54, 0x5b, 0x54, 0x7b, 0x5c, 0x9b, 0x5c, 0xbb, 0x5c, 0xdc, 0x64, 0x1a, 0x4c, 0x39, 0x54,
    0xfd, 0x8d, 0xdd, 0x8d, 0xdd, 0x8d, 0xfd, 0x8d, 0xfd, 0x8d, 0xfd, 0x8d, 0xfd, 0x8d, 0xfe, 0x8d,
    0x1c, 0x6d, 0xb8, 0x43, 0xbc, 0x64, 0xdc, 0x64, 0xdc, 0x64, 0xbc, 0x64, 0xbc, 0x64, 0x1d, 0x6d,
    0x79, 0x5c, 0x23, 0x00, 0x48, 0x4a, 0x55, 0xff, 0xec, 0xfd, 0xc3, 0xf4, 0xa3, 0xfc, 0xc3, 0xfc,
    0xc3, 0xfc, 0xc3, 0xfc, 0xc3, 0xfc, 0xc3, 0xfc, 0xe3, 0xfc, 0xc3, 0xfc, 0xc3, 0xfc, 0xc3, 0xfc,
    0xc3, 0xfc, 0xc4, 0xfc, 0xc3, 0xfc, 0xa3, 0xfc, 0xa3, 0xfc, 0xc3, 0xf4, 0xe3, 0xfc, 0x44, 0xf4,
    0xa4, 0xe2, 0xc5, 0x79, 0x23, 0x00, 0xb3, 0x53, 0x7f, 0x9e, 0xbd, 0x85, 0x3e, 0x96, 0x35, 0x64,
    0xa5, 0x08, 0xa4, 0x08, 0x92, 0x53, 0x3f, 0x96, 0xbd, 0x85, 0xdd, 0x8d, 0xdd, 0x8d, 0xdd, 0x8d,
    0xbc, 0x85, 0x68, 0x19, 0x2a, 0x42, 0xba, 0xd6, 0x9a, 0xd6, 0x18, 0xc6, 0xd0, 0x7b, 0xc5, 0x08,
    0x97, 0x6c, 0xfe, 0x8d, 0xbc, 0x85, 0xdd, 0x8d, 0xdd, 0x8d, 0xfd, 0x8d, 0xdd, 0x8d, 0x1e, 0x8e,
    0x59, 0x54, 0x59, 0x54, 0x5c, 0x75, 0xd8, 0x4b, 0xb7, 0x4b, 0x3a, 0x7d, 0x07, 0x11, 0xcc, 0x52,
    0x59, 0xce, 0x96, 0xb5, 0xec, 0x5a, 0x49, 0x42, 0x4d, 0x6b, 0xdb, 0xde, 0x1c, 0xe7, 0x34, 0xa5,
    0x75, 0xad, 0x96, 0xb5, 0x72, 0x8c, 0x0c, 0x63, 0x8a, 0x4a, 0x66, 0x29, 0x6f, 0x21, 0x72, 0x21,
    0x52, 0x19, 0xaf, 0x29, 0xe7, 0x39, 0x75, 0xad, 0xdf, 0xff, 0x1c, 0xe7, 0xf7, 0xbd, 0xf8, 0xbd,
    0xd7, 0xbd, 0x59, 0xce, 0x35, 0xa5, 0x0d, 0x63, 0x8b, 0x4a, 0x46, 0x21, 0x72, 0x8c, 0xb6, 0xb5,
    0xf7, 0xbd, 0x3c, 0xe7, 0x2d, 0x63, 0xa4, 0x08, 0x19, 0x7d, 0x1e, 0x96, 0xde, 0x8d, 0xfd, 0x8d,
    0x9d, 0x85, 0x39, 0x54, 0x39, 0x54, 0xd9, 0x43, 0x98, 0x3b, 0x3a, 0x54, 0x7b, 0x5c, 0xbc, 0x64,
    0xf9, 0x4b, 0x7a, 0x5c, 0x3e, 0x96, 0xfd, 0x8d, 0xfd, 0x8d, 0xfd, 0x8d, 0xfd, 0x8d, 0xdd, 0x8d,
    0x1e, 0x96, 0x7c, 0x7d, 0xb8, 0x43, 0x3a, 0x54, 0xbc, 0x64, 0xdc, 0x64, 0xbb, 0x64, 0xdc, 0x64,
    0xdc, 0x64, 0x17, 0x54, 0x93, 0x53, 0x28, 0x42, 0x69, 0x7b, 0x70, 0xfe, 0x68, 0xf5, 0xa3, 0xf4,
    0xa3, 0xfc, 0xc3, 0xfc, 0xa4, 0xfc, 0xc3, 0xfc, 0x43, 0xf4, 0x03, 0xf4, 0x23, 0xf4, 0x23, 0xf4,
    0x23, 0xf4, 0x23, 0xf4, 0x23, 0xf4, 0x43, 0xf4, 0xa3, 0xfc, 0xa3, 0xfc, 0xa3, 0xfc, 0xa3, 0xfc,
    0xc3, 0xfc, 0x44, 0xf4, 0x43, 0xeb, 0x85, 0x9a, 0xe2, 0x38, 0xcd, 0x52, 0xb8, 0x6c, 0x9c, 0x85,
    0x3f, 0x96, 0x35, 0x64, 0xa4, 0x08, 0xe5, 0x10, 0xa9, 0x21, 0xd3, 0x53, 0xfe, 0x8d, 0xdd, 0x8d,
    0xdd, 0x8d, 0xdd, 0x85, 0xde, 0x8d, 0x68, 0x19, 0x6a, 0x42, 0x5c, 0xe7, 0x1c, 0xdf, 0xa8, 0x31,
    0x89, 0x21, 0x5a, 0x85, 0xbd, 0x8d, 0xde, 0x85, 0xdd, 0x85, 0xdd, 0x85, 0xdd, 0x85, 0xdd, 0x85,
    0xdd, 0x8d, 0xfe, 0x8d, 0x9b, 0x5c, 0x78, 0x3b, 0xd8, 0x43, 0xd2, 0x32, 0x27, 0x11, 0x47, 0x19,
    0xc5, 0x10, 0x0d, 0x5b, 0x59, 0xce, 0x96, 0xb5, 0xec, 0x5a, 0x49, 0x42, 0x4d, 0x6b, 0xdb, 0xde,
    0x1c, 0xe7, 0x34, 0xa5, 0x75, 0xad, 0x96, 0xb5, 0x72, 0x8c, 0x0c, 0x63, 0x8a, 0x4a, 0x66, 0x29,
    0x6f, 0x21, 0x72, 0x21, 0x52, 0x19, 0xaf, 0x29, 0xe7, 0x39, 0x75, 0xad, 0xdf, 0xff, 0x3c, 0xe7,
    0xf7, 0xbd, 0xf8, 0xbd, 0xd7, 0xbd, 0x59, 0xce, 0x35, 0xa5, 0x0d, 0x63, 0x8b, 0x4a, 0x46, 0x21,
    0x72, 0x8c, 0xb6, 0xb5, 0xf8, 0xc5, 0x5d, 0xe7, 0x4e, 0x63, 0x84, 0x08, 0x19, 0x7d, 0x1e, 0x96,
    0xfd, 0x8d, 0xfd, 0x8d, 0xfd, 0x8d, 0xfd, 0x8d, 0xfe, 0x8d, 0x19, 0x4c, 0x98, 0x3b, 0xd9, 0x43,
    0xd9, 0x43, 0xb8, 0x43, 0x98, 0x3b, 0x5a, 0x5c, 0xbd, 0x85, 0x9d, 0x85, 0xbd, 0x85, 0xdd, 0x8d,
    0xfd, 0x8d, 0xdd, 0x8d, 0xfd, 0x95, 0x7d, 0x7d, 0xd9, 0x43, 0xbc, 0x64, 0xdc, 0x64, 0xdc, 0x64,
    0xbb, 0x64, 0xdc, 0x64, 0xfc, 0x6c, 0xab, 0x19, 0x45, 0x21, 0xd4, 0xf6, 0x4d, 0xfe, 0x82, 0xf4,
    0xa3, 0xfc, 0xa3, 0xfc, 0xc3, 0xf4, 0xc3, 0xfc, 0xc3, 0xfc, 0xe4, 0xfc, 0x63, 0xeb, 0x83, 0xe2,
    0xa4, 0xe2, 0xa4, 0xe2, 0xa4, 0xe2, 0xa4, 0xe2, 0xa3, 0xe2, 0x43, 0xeb, 0xa4, 0xfc, 0xc3, 0xfc,
    0xc3, 0xfc, 0xa3, 0xfc, 0xc3, 0xf4, 0xa3, 0xfc, 0xe4, 0xfc, 0xa4, 0xeb, 0xc4, 0xda, 0x44, 0x51,
    0xe5, 0x00, 0x5b, 0x85, 0x3f, 0x96, 0x35, 0x64, 0xa4, 0x08, 0x26, 0x19, 0x63, 0x00, 0x6d, 0x3a,
    0x1e, 0x96, 0xbd, 0x85, 0xdd, 0x8d, 0xbd, 0x85, 0x31, 0x4b, 0x06, 0x11, 0x67, 0x21, 0x2e, 0x63,
    0x0d, 0x5b, 0x25, 0x19, 0x69, 0x19, 0xbb, 0x64, 0x7b, 0x5c, 0x39, 0x54, 0xd8, 0x4b, 0xd8, 0x43,
    0xd8, 0x43, 0xb8, 0x43, 0x1b, 0x75, 0x3e, 0x96, 0xfa, 0x6c, 0x98, 0x3b, 0xfe, 0x64, 0x12, 0x3b,
    0xa4, 0x10, 0xc5, 0x10, 0x4e, 0x63, 0x75, 0xad, 0x18, 0xc6, 0x96, 0xb5, 0xcc, 0x5a, 0x49, 0x42,
    0x4d, 0x63, 0xdb, 0xde, 0x1c, 0xe7, 0x34, 0xa5, 0x75, 0xad, 0x96, 0xb5, 0x72, 0x8c, 0x0c, 0x5b,
    0x8a, 0x4a, 0x66, 0x29, 0x6f, 0x21, 0x72, 0x21, 0x52, 0x19, 0xaf, 0x29, 0xe7, 0x39, 0x75, 0xad,
    0xdf, 0xff, 0x3c, 0xe7, 0xf8, 0xbd, 0xf8, 0xbd, 0xf7, 0xbd, 0x59, 0xce, 0x55, 0xa5, 0x2d, 0x63,
    0x8b, 0x4a, 0x66, 0x29, 0x72, 0x8c, 0xb7, 0xbd, 0xb7, 0xbd, 0xac, 0x52, 0x46, 0x21, 0xa4, 0x08,
    0xf9, 0x74, 0x1e, 0x96, 0xfd, 0x8d, 0xfd, 0x8d, 0xfd, 0x8d, 0xfd, 0x95, 0xdd, 0x8d, 0xb9, 0x43,
    0x3a, 0x4c, 0x7c, 0x54, 0x5b, 0x54, 0xfa, 0x43, 0xfa, 0x43, 0xd9, 0x43, 0xb8, 0x43, 0xb8, 0x43,
    0x39, 0x54, 0xde, 0x8d, 0xfe, 0x8d, 0xfe, 0x8d, 0x1e, 0x96, 0x7d, 0x7d, 0xd9, 0x4b, 0xbc, 0x64,
    0xdc, 0x64, 0xdc, 0x64, 0xdc, 0x64, 0xdc, 0x64, 0xfc, 0x6c, 0xaa, 0x21, 0x45, 0x29, 0xb2, 0xf6,
    0x2d, 0xfe, 0xa2, 0xf4, 0xc3, 0xfc, 0xc3, 0xfc, 0xa3, 0xfc, 0xc3, 0xfc, 0x23, 0xf4, 0x23, 0xe3,
    0x04, 0x8a, 0x64, 0x59, 0x84, 0x61, 0x84, 0x61, 0x84, 0x61, 0x84, 0x61, 0x65, 0x59, 0xe4, 0x81,
    0x43, 0xe3, 0x43, 0xf4, 0xc3, 0xfc, 0xa3, 0xfc, 0xc3, 0xfc, 0xa3, 0xfc, 0xe3, 0xfc, 0xa3, 0xeb,
    0xa4, 0xe2, 0x44, 0x51, 0x06, 0x11, 0x7b, 0x85, 0x5f, 0x96, 0x56, 0x64, 0xa4, 0x08, 0xe6, 0x18,
    0x47, 0x19, 0x71, 0x53, 0x3e, 0x96, 0xdd, 0x8d, 0xfd, 0x8d, 0x9c, 0x85, 0x26, 0x19, 0xc5, 0x10,
    0xe5, 0x10, 0x83, 0x08, 0x63, 0x00, 0x47, 0x11, 0x70, 0x2a, 0x98, 0x43, 0xb8, 0x3b, 0xd9, 0x43,
    0x5a, 0x54, 0x5a, 0x54, 0x5a, 0x54, 0x3a, 0x54, 0x98, 0x3b, 0xdb, 0x64, 0x9a, 0x5c, 0x78, 0x3b,
    0x35, 0x33, 0xed, 0x19, 0xe6, 0x10, 0xd0, 0x73, 0x55, 0xa5, 0x59, 0xce, 0x17, 0xbe, 0x96, 0xb5,
    0xcc, 0x5a, 0x49, 0x42, 0x4d, 0x6b, 0xdb, 0xde, 0x1c, 0xe7, 0x35, 0xa5, 0x75, 0xad, 0x96, 0xb5,
    0x72, 0x8c, 0x0c, 0x5b, 0x8a, 0x4a, 0x86, 0x29, 0x6f, 0x21, 0x72, 0x21, 0x52, 0x19, 0xaf, 0x29,
    0xe7, 0x39, 0x75, 0xad, 0xdf, 0xff, 0x1c, 0xe7, 0xf7, 0xbd, 0xf8, 0xbd, 0xf7, 0xbd, 0x59, 0xce,
    0x55, 0xa5, 0x2d, 0x63, 0x8b, 0x52, 0x66, 0x29, 0x72, 0x8c, 0xd7, 0xbd, 0x97, 0xb5, 0x05, 0x19,
    0xa9, 0x21, 0x97, 0x74, 0xbb, 0x85, 0xfd, 0x8d, 0xfd, 0x8d, 0xfd, 0x8d, 0xfd, 0x8d, 0xfd, 0x95,
    0xdd, 0x8d, 0xb8, 0x43, 0x3b, 0x4c, 0x9c, 0x54, 0x9c, 0x54, 0x7c, 0x54, 0x7b, 0x54, 0x5b, 0x54,
    0x5b, 0x4c, 0x3b, 0x4c, 0xf9, 0x43, 0x3a, 0x54, 0x19, 0x4c, 0x39, 0x54, 0x59, 0x54, 0x39, 0x54,
    0xd9, 0x4b, 0xbc, 0x64, 0xdc, 0x64, 0xdc, 0x64, 0xdc, 0x64, 0xdc, 0x64, 0xfc, 0x6c, 0xaa, 0x19,
    0x45, 0x29, 0xb3, 0xf6, 0x2d, 0xfe, 0xa3, 0xf4, 0xc3, 0xfc, 0xc3, 0xfc, 0xc3, 0xfc, 0xc4, 0xfc,
    0xe4, 0xf3, 0x85, 0xe2, 0x45, 0x49, 0x84, 0x00, 0xa5, 0x00, 0xa5, 0x00, 0xa5, 0x00, 0xc5, 0x08,
    0xa5, 0x00, 0x44, 0x41, 0xa4, 0xd2, 0xc3, 0xeb, 0xc4, 0xf4, 0xa3, 0xf4, 0xc3, 0xfc, 0xa3, 0xfc,
    0xe3, 0xfc, 0xa3, 0xeb, 0xa4, 0xe2, 0x44, 0x51, 0xe6, 0x08, 0xd7, 0x43, 0x7b, 0x54, 0x74, 0x43,
    0xc6, 0x08, 0xa4, 0x08, 0xf0, 0x3a, 0x9b, 0x5c, 0x9a, 0x5c, 0x7a, 0x5c, 0x39, 0x54, 0xb7, 0x4b,
    0xe6, 0x08, 0xa4, 0x08, 0xc5, 0x08, 0x48, 0x11, 0xb1, 0x32, 0xb7, 0x43, 0xbc, 0x5c, 0xbc, 0x64,
    0xbb, 0x64, 0xbc, 0x64, 0xdc, 0x64, 0xdc, 0x64, 0xdc, 0x64, 0xbc, 0x64, 0xb9, 0x43, 0xb9, 0x43,
    0x98, 0x3b, 0x34, 0x3b, 0xe6, 0x08, 0x06, 0x19, 0xe9, 0x39, 0x34, 0xa5, 0x59, 0xce, 0x9a, 0xd6,
    0xf7, 0xbd, 0x96, 0xb5, 0xcc, 0x5a, 0x49, 0x42, 0x2d, 0x6b, 0xdb, 0xde, 0x1c, 0xe7, 0x34, 0xa5,
    0x75, 0xad, 0x96, 0xb5, 0x72, 0x8c, 0x0c, 0x5b, 0x8a, 0x4a, 0x86, 0x29, 0x6f, 0x21, 0x72, 0x21,
    0x52, 0x19, 0xaf, 0x29, 0xc7, 0x39, 0x75, 0xad, 0xdf, 0xff, 0x1c, 0xe7, 0xf7, 0xbd, 0xf7, 0xbd,
    0xd7, 0xbd, 0x79, 0xce, 0x55, 0xad, 0x2d, 0x63, 0x8b, 0x4a, 0x46, 0x21, 0x72, 0x8c, 0xd7, 0xbd,
    0x97, 0xb5, 0x26, 0x21, 0x6d, 0x32, 0x5f, 0x9e, 0xfd, 0x8d, 0xfd, 0x8d, 0xfd, 0x8d, 0xfd, 0x8d,
    0xfd, 0x8d, 0xfd, 0x95, 0xdd, 0x8d, 0xb8, 0x43, 0x5b, 0x4c, 0x9c, 0x54, 0x7b, 0x54, 0x7b, 0x54,
    0x7b, 0x54, 0x7c, 0x54, 0x9c, 0x54, 0x7c, 0x54, 0x7c, 0x54, 0xb9, 0x43, 0x9a, 0x64, 0x7c, 0x7d,
    0x5c, 0x7d, 0x1c, 0x6d, 0xf9, 0x4b, 0xbc, 0x64, 0xdc, 0x64, 0xdc, 0x64, 0xdc, 0x64, 0xdc, 0x64,
    0xfc, 0x6c, 0xaa, 0x19, 0x45, 0x29, 0xb3, 0xf6, 0x2d, 0xfe, 0xa3, 0xf4, 0xc3, 0xfc, 0xc3, 0xfc,
    0x84, 0xfc, 0x83, 0xeb, 0x84, 0xaa, 0x44, 0x49, 0x25, 0x21, 0xaa, 0x21, 0xb1, 0x32, 0xb1, 0x32,
    0xb1, 0x32, 0xb1, 0x32, 0x2e, 0x22, 0x88, 0x31, 0x03, 0x39, 0x8a, 0xbc, 0x4c, 0xfe, 0xc4, 0xf4,
    0xa3, 0xfc, 0xa4, 0xfc, 0xe3, 0xfc, 0xa3, 0xeb, 0xa4, 0xe2, 0x44, 0x51, 0xc5, 0x08, 0xf8, 0x4b,
    0x9c, 0x5c, 0xf9, 0x4b, 0xd2, 0x2a, 0xf2, 0x32, 0xb9, 0x64, 0x7c, 0x7d, 0x5c, 0x7d, 0x59, 0x5c,
    0xb9, 0x43, 0x3a, 0x4c, 0x75, 0x43, 0x74, 0x43, 0x75, 0x43, 0xd6, 0x4b, 0xfa, 0x4b, 0x1a, 0x4c,
    0xdc, 0x64, 0x9c, 0x64, 0xbc, 0x64, 0xdb, 0x5c, 0xbb, 0x64, 0xbb, 0x64, 0xbb, 0x64, 0xbb, 0x64,
    0xb8, 0x3b, 0x77, 0x3b, 0x8b, 0x21, 0x06, 0x11, 0xe5, 0x10, 0xcb, 0x52, 0x96, 0xb5, 0x39, 0xce,
    0xbb, 0xde, 0xdb, 0xde, 0xf7, 0xbd, 0x96, 0xb5, 0xcc, 0x5a, 0x49, 0x42, 0x2d, 0x6b, 0xdb, 0xde,
    0x1c, 0xe7, 0x34, 0xa5, 0x75, 0xad, 0x96, 0xb5, 0x72, 0x8c, 0x0c, 0x5b, 0x8a, 0x4a, 0x86, 0x29,
    0x6f, 0x21, 0x72, 0x21, 0x52, 0x19, 0xaf, 0x29, 0xc7, 0x39, 0x55, 0xad, 0xdf, 0xff, 0x1c, 0xe7,
    0xf7, 0xbd, 0xf7, 0xbd, 0xd7, 0xbd, 0x59, 0xce, 0x55, 0xa5, 0x2d, 0x63, 0x8b, 0x4a, 0x46, 0x21,
    0x72, 0x8c, 0xd7, 0xbd, 0xb7, 0xb5, 0x05, 0x21, 0x2c, 0x32, 0x3e, 0x96, 0xdd, 0x8d, 0xfd, 0x8d,
    0xfd, 0x8d, 0xfd, 0x8d, 0xfd, 0x8d, 0xfd, 0x95, 0x9c, 0x85, 0xb8, 0x43, 0x5b, 0x4c, 0x7c, 0x54,
    0x7b, 0x54, 0x7c, 0x54, 0x7c, 0x54, 0x7c, 0x54, 0x7b, 0x54, 0x7b, 0x54, 0x7c, 0x54, 0xb8, 0x43,
    0x5b, 0x75, 0x9e, 0xa6, 0x7e, 0x9e, 0x9c, 0x7d, 0xd9, 0x4b, 0xdc, 0x6c, 0xdc, 0x6c, 0xdc, 0x64,
    0xdb, 0x64, 0xbc, 0x64, 0xfc, 0x6c, 0xaa, 0x19, 0x45, 0x29, 0xd3, 0xf6, 0x4e, 0xfe, 0xa3, 0xf4,
    0xc3, 0xfc, 0xc3, 0xfc, 0x84, 0xfc, 0x03, 0xeb, 0xc4, 0x91, 0x84, 0x00, 0x2e, 0x22, 0x56, 0x3b,
    0x57, 0x3b, 0x57, 0x3b, 0x56, 0x3b, 0x56, 0x3b, 0x77, 0x3b, 0x4f, 0x2a, 0x63, 0x00, 0xcd, 0xa4,
    0xd0, 0xfe, 0xc4, 0xf4, 0xa3, 0xfc, 0xc4, 0xf4, 0xe3, 0xfc, 0xa3, 0xeb, 0xa4, 0xe2, 0x44, 0x51,
    0xe6, 0x08, 0x5a, 0x5c, 0xfc, 0x64, 0x7b, 0x5c, 0x1a, 0x54, 0x1e, 0x8e, 0x7e, 0x9e, 0x5e, 0xa6,
    0x9e, 0xa6, 0xda, 0x64, 0xd9, 0x43, 0xbc, 0x5c, 0x9c, 0x5c, 0xbd, 0x5c, 0xbc, 0x5c, 0xbd, 0x5c,
    0x1a, 0x4c, 0xf9, 0x4b, 0xbc, 0x64, 0xbb, 0x64, 0xbc, 0x64, 0xbb, 0x64, 0xbc, 0x64, 0xbc, 0x64,
    0xbc, 0x64, 0xbb, 0x64, 0x3a, 0x54, 0xb8, 0x3b, 0x4e, 0x2a, 0x83, 0x08, 0x6e, 0x63, 0x55, 0xad,
    0xb6, 0xb5, 0xba, 0xd6, 0xbb, 0xd6, 0xdb, 0xde, 0xf7, 0xbd, 0x96, 0xb5, 0xcc, 0x5a, 0x29, 0x42,
    0x2d, 0x63, 0xdb, 0xde, 0x1c, 0xe7, 0x34, 0xa5, 0x55, 0xad, 0x76, 0xad, 0x72, 0x8c, 0x0c, 0x63,
    0x8b, 0x52, 0x86, 0x29, 0x6f, 0x21, 0x72, 0x21, 0x52, 0x19, 0xaf, 0x29, 0xc7, 0x39, 0x55, 0xad,
    0xbe, 0xf7, 0x1c, 0xe7, 0xf7, 0xbd, 0xf7, 0xbd, 0xd7, 0xbd, 0x59, 0xce, 0x35, 0xa5, 0x2d, 0x63,
    0x8b, 0x4a, 0x46, 0x21, 0x72, 0x8c, 0xd7, 0xbd, 0xb7, 0xb5, 0x25, 0x21, 0x4c, 0x32, 0x3e, 0x96,
    0xdd, 0x8d, 0xfd, 0x8d, 0xfd, 0x8d, 0xfd, 0x8d, 0xfd, 0x8d, 0xfd, 0x95, 0xbd, 0x85, 0xb8, 0x43,
    0x7b, 0x54, 0x7b, 0x54, 0x7c, 0x54, 0x7c, 0x54, 0x7c, 0x54, 0x7b, 0x54, 0x7b, 0x54, 0x7c, 0x54,
    0x7c, 0x54, 0xb9, 0x43, 0x3b, 0x75, 0x5e, 0x9e, 0x5e, 0x9e, 0x5c, 0x7d, 0xd9, 0x43, 0xbc, 0x64,
    0xbc, 0x64, 0x9b, 0x64, 0xbb, 0x64, 0xbb, 0x64, 0xfd, 0x6c, 0xcb, 0x21, 0x45, 0x29, 0x51, 0xee,
    0xcc, 0xf5, 0x63, 0xf4, 0x84, 0xf4, 0x83, 0xf4, 0x24, 0xf4, 0xe3, 0xe2, 0x05, 0x9a, 0xa4, 0x08,
    0x90, 0x32, 0xd9, 0x43, 0x59, 0x5c, 0x5a, 0x5c, 0x5a, 0x5c, 0x59, 0x5c, 0x5b, 0x54, 0x12, 0x3b,
    0x83, 0x08, 0xcd, 0xac, 0xb0, 0xfe, 0xc4, 0xf4, 0xa3, 0xfc, 0xc3, 0xf4, 0xe3, 0xfc, 0xa3, 0xeb,
    0xa4, 0xe2, 0x44, 0x51, 0xc6, 0x08, 0x59, 0x5c, 0xdc, 0x64, 0x5b, 0x5c, 0x19, 0x54, 0x3d, 0x9e,
    0x3d, 0x9e, 0x3d, 0x96, 0x5e, 0x9e, 0x9a, 0x64, 0xb9, 0x3b, 0x9c, 0x54, 0x7b, 0x54, 0x7b, 0x54,
    0x7b, 0x54, 0x9c, 0x54, 0x5b, 0x54, 0xd8, 0x43, 0x9b, 0x5c, 0xdc, 0x64, 0xdc, 0x64, 0xbc, 0x64,
    0xdc, 0x64, 0xdc, 0x64, 0xbc, 0x64, 0xdc, 0x64, 0x19, 0x4c, 0x3b, 0x4c, 0x74, 0x3b, 0x84, 0x08,
    0x31, 0x84, 0x38, 0xc6, 0x9a, 0xd6, 0xba, 0xd6, 0xba, 0xd6, 0xdb, 0xde, 0xf7, 0xbd, 0x96, 0xb5,
    0xcc, 0x5a, 0x29, 0x42, 0x4d, 0x63, 0xdb, 0xde, 0x1c, 0xe7, 0x14, 0xa5, 0x55, 0xad, 0x96, 0xb5,
    0x72, 0x8c, 0x0c, 0x63, 0xab, 0x52, 0x86, 0x29, 0x6f, 0x21, 0x72, 0x21, 0x52, 0x19, 0xaf, 0x29,
    0xc7, 0x39, 0x55, 0xad, 0xbe, 0xf7, 0x1c, 0xe7, 0xf7, 0xbd, 0xf7, 0xbd, 0xd7, 0xbd, 0x59, 0xce,
    0x35, 0xa5, 0x2d, 0x63, 0x8b, 0x4a, 0x46, 0x21, 0x52, 0x8c, 0xd7, 0xbd, 0x96, 0xb5, 0x26, 0x21,
    0x4c, 0x32, 0x5f, 0x96, 0xfe, 0x8d, 0xfd, 0x8d, 0xfd, 0x8d, 0xfd, 0x8d, 0xfe, 0x8d, 0xdd, 0x8d,
    0x7a, 0x5c, 0xf9, 0x43, 0x7b, 0x54, 0x7b, 0x54, 0x7c, 0x54, 0x7c, 0x54, 0x7c, 0x54, 0x7b, 0x54,
    0x7b, 0x54, 0x7c, 0x54, 0x5b, 0x54, 0x98, 0x3b, 0x1b, 0x75, 0x5e, 0x9e, 0x5e, 0x9e, 0xbd, 0x85,
    0x7a, 0x5c, 0xb8, 0x43, 0xb8, 0x43, 0xd9, 0x4b, 0xf9, 0x43, 0x1a, 0x4c, 0x5a, 0x54, 0x8a, 0x19,
    0xe4, 0x28, 0x05, 0xe3, 0xe4, 0xea, 0xe3, 0xea, 0xe3, 0xea, 0xe3, 0xea, 0xc3, 0xe2, 0xc4, 0xf2,
    0x24, 0xa2, 0x84, 0x08, 0x12, 0x3b, 0x9b, 0x64, 0xfc, 0x6c, 0x1c, 0x6d, 0x1c, 0x6d, 0x1d, 0x6d,
    0x5e, 0x6d, 0x33, 0x3b, 0x02, 0x00, 0xce, 0xa4, 0xf0, 0xfe, 0xc4, 0xf4, 0xa3, 0xfc, 0xc3, 0xfc,
    0xe3, 0xfc, 0xa3, 0xeb, 0xa4, 0xe2, 0x44, 0x51, 0xc6, 0x08, 0x59, 0x5c, 0xdc, 0x64, 0x7b, 0x5c,
    0x19, 0x54, 0x3d, 0x96, 0x5d, 0x9e, 0x3d, 0x9e, 0x7e, 0xa6, 0xba, 0x64, 0xb9, 0x3b, 0x9c, 0x5c,
    0x7b, 0x54, 0x7b, 0x54, 0x7b, 0x54, 0x9b, 0x5c, 0x5b, 0x54, 0xb9, 0x43, 0x5b, 0x5c, 0x9b, 0x5c,
    0x39, 0x54, 0x1a, 0x4c, 0x19, 0x4c, 0x19, 0x4c, 0x19, 0x4c, 0xf9, 0x4b, 0x98, 0x3b, 0x36, 0x33,
    0xed, 0x29, 0x42, 0x00, 0x11, 0x7c, 0x79, 0xce, 0xba, 0xd6, 0xba, 0xd6, 0xba, 0xd6, 0xdb, 0xde,
    0xf7, 0xbd, 0x96, 0xb5, 0xcc, 0x52, 0x29, 0x42, 0x4d, 0x63, 0xdb, 0xde, 0x1c, 0xe7, 0x34, 0xa5,
    0x75, 0xad, 0x96, 0xb5, 0x92, 0x8c, 0x0c, 0x63, 0xab, 0x52, 0x86, 0x29, 0x6f, 0x21, 0x72, 0x21,
    0x52, 0x19, 0xaf, 0x29, 0xe7, 0x39, 0x55, 0xad, 0xdf, 0xff, 0x3c, 0xe7, 0xf7, 0xbd, 0xf7, 0xbd,
    0xd7, 0xbd, 0x59, 0xce, 0x35, 0xa5, 0x0d, 0x63, 0x8a, 0x4a, 0x46, 0x21, 0x52, 0x8c, 0xd7, 0xbd,
    0x96, 0xb5, 0x46, 0x19, 0x26, 0x19, 0x6d, 0x32, 0x3a, 0x7d, 0x1e, 0x96, 0xdd, 0x8d, 0xdd, 0x8d,
    0xfe, 0x8d, 0x7d, 0x7d, 0x98, 0x3b, 0x5b, 0x54, 0x7b, 0x54, 0x7b, 0x54, 0x7b, 0x54, 0x7c, 0x54,
    0x7c, 0x54, 0x7b, 0x54, 0x7b, 0x54, 0x9c, 0x54, 0xfa, 0x43, 0x19, 0x54, 0xbd, 0x8d, 0x5e, 0x9e,
    0x3d, 0x9e, 0x5e, 0x9e, 0x1e, 0x96, 0x3b, 0x75, 0x3c, 0x75, 0x19, 0x54, 0x5a, 0x54, 0x5a, 0x5c,
    0x39, 0x54, 0x8a, 0x19, 0xa3, 0x20, 0x04, 0x92, 0x03, 0x92, 0x04, 0x92, 0xe4, 0x99, 0x04, 0x9a,
    0x05, 0x92, 0x25, 0x9a, 0xa4, 0x61, 0x43, 0x00, 0x52, 0x4b, 0x3d, 0x75, 0xdb, 0x64, 0xdb, 0x6c,
    0xfc, 0x6c, 0x9a, 0x64, 0x74, 0x4b, 0xcf, 0x42, 0x47, 0x52, 0xeb, 0xc4, 0x0b, 0xfe, 0xc4, 0xf4,
    0xa3, 0xfc, 0xa3, 0xfc, 0xc3, 0xfc, 0x83, 0xeb, 0x84, 0xe2, 0x44, 0x51, 0xe6, 0x08, 0x59, 0x5c,
    0xdc, 0x64, 0x7b, 0x5c, 0x19, 0x54, 0x3d, 0x9e, 0x5d, 0x9e, 0x3d, 0x9e, 0x7e, 0xa6, 0x9a, 0x64,
    0xb8, 0x3b, 0x9c, 0x5c, 0x7b, 0x54, 0x7b, 0x54, 0x7b, 0x54, 0x9b, 0x5c, 0x7b, 0x5c, 0x78, 0x3b,
    0x78, 0x3b, 0xb8, 0x3b, 0x57, 0x33, 0x57, 0x33, 0x78, 0x3b, 0x98, 0x3b, 0x98, 0x3b, 0x78, 0x3b,
    0x98, 0x3b, 0x47, 0x11, 0xa4, 0x08, 0x4b, 0x42, 0x55, 0xad, 0xdb, 0xd6, 0xba, 0xd6, 0xbb, 0xd6,
    0xba, 0xd6, 0xdb, 0xde, 0xf7, 0xbd, 0x96, 0xb5, 0xcc, 0x5a, 0x29, 0x42, 0x2d, 0x63, 0xdb, 0xde,
    0x1c, 0xe7, 0x34, 0xa5, 0x75, 0xad, 0x96, 0xb5, 0x72, 0x8c, 0x0c, 0x63, 0xab, 0x52, 0x86, 0x29,
    0x6f, 0x21, 0x72, 0x21, 0x52, 0x19, 0xaf, 0x29, 0xe8, 0x39, 0x75, 0xad, 0xdf, 0xff, 0x1c, 0xe7,
    0xf7, 0xbd, 0xf7, 0xbd, 0xd7, 0xbd, 0x59, 0xce, 0x35, 0xa5, 0x2d, 0x63, 0x8b, 0x4a, 0x46, 0x21,
    0x72, 0x8c, 0xb7, 0xb5, 0x96, 0xb5, 0xab, 0x4a, 0x26, 0x21, 0x84, 0x08, 0xf8, 0x74, 0x1e, 0x96,
    0xdd, 0x8d, 0xdd, 0x8d, 0xfd, 0x8d, 0x9d, 0x7d, 0x98, 0x3b, 0x3b, 0x4c, 0x7b, 0x54, 0x7b, 0x54,
    0x7b, 0x54, 0x7b, 0x54, 0x7b, 0x54, 0x7b, 0x54, 0x7b, 0x54, 0x9c, 0x54, 0xd9, 0x43, 0x3b, 0x75,
    0x7e, 0x9e, 0x3d, 0x96, 0x3d, 0x9e, 0x3d, 0x96, 0x3d, 0x9e, 0x5d, 0x9e, 0x3e, 0x96, 0x19, 0x54,
    0x9b, 0x5c, 0xfc, 0x6c, 0x1c, 0x6d, 0xb1, 0x32, 0xab, 0x19, 0xc5, 0x00, 0x83, 0x08, 0x84, 0x08,
    0xa4, 0x08, 0xa4, 0x08, 0xa4, 0x08, 0x83, 0x00, 0xe6, 0x10, 0xac, 0x21, 0xb5, 0x4b, 0x1d, 0x6d,
    0xdb, 0x64, 0xdc, 0x6c, 0x7f, 0x75, 0x17, 0x5c, 0x02, 0x00, 0x68, 0x52, 0x54, 0xff, 0x88, 0xfd,
    0x82, 0xf4, 0xc3, 0xfc, 0xc3, 0xf4, 0xc3, 0xfc, 0x03, 0xfd, 0xa3, 0xeb, 0xa4, 0xea, 0x43, 0x51,
    0xc5, 0x08, 0x59, 0x5c, 0xdc, 0x64, 0x7b, 0x5c, 0x19, 0x54, 0x3d, 0x96, 0x5d, 0x9e, 0x3d, 0x9e,
    0x7e, 0xa6, 0xba, 0x64, 0xb8, 0x3b, 0x9c, 0x5c, 0x7b, 0x54, 0x9b, 0x54, 0x9b, 0x54, 0x7c, 0x5c,
    0x19, 0x4c, 0x9a, 0x64, 0xfb, 0x6c, 0xd8, 0x4b, 0x19, 0x54, 0x5a, 0x54, 0x78, 0x3b, 0xb9, 0x3b,
    0xd9, 0x3b, 0x98, 0x3b, 0xb8, 0x3b, 0xec, 0x21, 0xc5, 0x10, 0x72, 0x8c, 0x79, 0xce, 0xda, 0xd6,
    0xba, 0xd6, 0xbb, 0xd6, 0xba, 0xd6, 0xdb, 0xde, 0xf7, 0xbd, 0x96, 0xb5, 0xcc, 0x5a, 0x29, 0x42,
    0x4d, 0x63, 0xdb, 0xde, 0x1c, 0xe7, 0x34, 0xa5, 0x75, 0xad, 0x96, 0xb5, 0x92, 0x8c, 0x0c, 0x63,
    0x8b, 0x52, 0x86, 0x29, 0x6f, 0x21, 0x72, 0x21, 0x52, 0x19, 0xaf, 0x29, 0xe7, 0x39, 0x75, 0xad,
    0xdf, 0xff, 0x1c, 0xe7, 0xf7, 0xbd, 0xf7, 0xbd, 0xd7, 0xbd, 0x59, 0xce, 0x35, 0xa5, 0x0c, 0x63,
    0x8b, 0x4a, 0x46, 0x29, 0x72, 0x8c, 0xb6, 0xb5, 0xb6, 0xb5, 0x14, 0x9d, 0x8b, 0x4a, 0xa4, 0x08,
    0xf9, 0x74, 0x1e, 0x96, 0xdd, 0x8d, 0xdd, 0x8d, 0xfd, 0x8d, 0xbd, 0x85, 0x59, 0x54, 0x1a, 0x4c,
    0x5b, 0x54, 0x7b, 0x54, 0x7b, 0x54, 0x7b, 0x54, 0x7b, 0x54, 0x7b, 0x54, 0x7b, 0x54, 0x9c, 0x54,
    0xd9, 0x43, 0x3b, 0x7d, 0x5e, 0x9e, 0x3d, 0x96, 0x3d, 0x9e, 0x3e, 0x96, 0x1d, 0x96, 0x3d, 0x9e,
    0xfd, 0x8d, 0xf9, 0x4b, 0x9b, 0x5c, 0xfc, 0x6c, 0xdb, 0x64, 0x5a, 0x5c, 0xb7, 0x4b, 0xec, 0x21,
    0x0c, 0x2a, 0x0c, 0x22, 0xec, 0x21, 0xec, 0x29, 0xec, 0x29, 0xcb, 0x21, 0x6f, 0x32, 0x39, 0x54,
    0x7a, 0x5c, 0xdb, 0x6c, 0x1d, 0x6d, 0x79, 0x64, 0x52, 0x43, 0x4f, 0x53, 0x09, 0x63, 0xea, 0x9b,
    0xec, 0xf5, 0x06, 0xf5, 0x83, 0xfc, 0xa3, 0xfc, 0xc3, 0xfc, 0x63, 0xf4, 0x04, 0xf4, 0xe3, 0xba,
    0xc4, 0x89, 0xa8, 0x41, 0xed, 0x21, 0x7a, 0x5c, 0xdc, 0x64, 0x7b, 0x5c, 0x19, 0x54, 0x3d, 0x9e,
    0x5e, 0x9e, 0x3d, 0x9e, 0x7e, 0xa6, 0xba, 0x64, 0xb8, 0x3b, 0x9c, 0x5c, 0x7b, 0x54, 0x9b, 0x54,
    0x7b, 0x54, 0xf9, 0x43, 0x18, 0x54, 0x3e, 0x9e, 0x9f, 0xa6, 0x5b, 0x85, 0x5b, 0x7d, 0xdb, 0x64,
    0xfa, 0x43, 0x98, 0x3b, 0x98, 0x3b, 0x77, 0x3b, 0xf3, 0x32, 0x0d, 0x22, 0xc5, 0x08, 0xf0, 0x7b,
    0x79, 0xce, 0xdb, 0xde, 0xba, 0xd6, 0xba, 0xd6, 0xba, 0xd6, 0xdb, 0xde, 0xf8, 0xbd, 0x96, 0xb5,
    0xec, 0x5a, 0x49, 0x42, 0x4d, 0x63, 0xdb, 0xde, 0x1c, 0xe7, 0x34, 0xa5, 0x75, 0xad, 0x96, 0xb5,
    0x92, 0x94, 0x0c, 0x63, 0x8a, 0x4a, 0x86, 0x29, 0x6f, 0x21, 0x72, 0x21, 0x52, 0x19, 0xaf, 0x29,
    0xe7, 0x39, 0x75, 0xad, 0xdf, 0xff, 0x1c, 0xe7, 0xf7, 0xbd, 0xf7, 0xbd, 0xd7, 0xbd, 0x59, 0xce,
    0x35, 0xa5, 0x0c, 0x63, 0x8b, 0x4a, 0x66, 0x29, 0x72, 0x8c, 0x96, 0xb5, 0xd7, 0xbd, 0xf7, 0xc5,
    0xed, 0x5a, 0x84, 0x08, 0xf8, 0x74, 0x1e, 0x8e, 0xdd, 0x8d, 0xdd, 0x8d, 0xfd, 0x8d, 0xfe, 0x8d,
    0xbe, 0x85, 0x97, 0x3b, 0x1a, 0x4c, 0x7b, 0x54, 0x7b, 0x54, 0x7b, 0x54, 0x7b, 0x54, 0x7b, 0x54,
    0x7b, 0x54, 0x7b, 0x54, 0xd8, 0x43, 0xbd, 0x85, 0x5e, 0x9e, 0x3d, 0x9e, 0x3d, 0x9e, 0x3d, 0x96,
    0x3d, 0x96, 0x3d, 0x9e, 0x1e, 0x96, 0xf8, 0x4b, 0x9b, 0x64, 0xdc, 0x6c, 0xdb, 0x64, 0xfc, 0x6c,
    0x9b, 0x5c, 0x98, 0x3b, 0xb8, 0x43, 0x98, 0x43, 0xb8, 0x43, 0x98, 0x43, 0x56, 0x33, 0x56, 0x33,
    0x98, 0x3b, 0x1a, 0x4c, 0xf9, 0x4b, 0x1a, 0x4c, 0xd7, 0x4b, 0x2d, 0x2a, 0x01, 0x00, 0x07, 0x42,
    0x75, 0xff, 0x4d, 0xfe, 0x82, 0xf4, 0xa3, 0xfc, 0xa4, 0xfc, 0xc3, 0xfc, 0xe3, 0xfc, 0x23, 0xf4,
    0x84, 0xea, 0xe4, 0x81, 0x84, 0x00, 0x4e, 0x2a, 0x98, 0x3b, 0x9b, 0x5c, 0xdc, 0x64, 0x7b, 0x5c,
    0x19, 0x54, 0x3d, 0x9e, 0x5d, 0x9e, 0x3d, 0x9e, 0x7e, 0xa6, 0xba, 0x64, 0x98, 0x3b, 0x5a, 0x4c,
    0x9b, 0x54, 0x9b, 0x5c, 0x1a, 0x4c, 0xd8, 0x43, 0x1e, 0x96, 0x5d, 0x9e, 0x3d, 0x9e, 0x5d, 0x9e,
    0xdb, 0x6c, 0xd9, 0x43, 0x9c, 0x5c, 0x9c, 0x5c, 0xd9, 0x43, 0x56, 0x33, 0x48, 0x11, 0xc4, 0x10,
    0xa4, 0x08, 0x31, 0x84, 0x9a, 0xd6, 0xba, 0xd6, 0xba, 0xd6, 0xba, 0xd6, 0xba, 0xd6, 0xdb, 0xde,
    0xf8, 0xbd, 0x96, 0xb5, 0xec, 0x5a, 0x49, 0x42, 0x4d, 0x6b, 0xdb, 0xde, 0x1c, 0xe7, 0x34, 0xa5,
    0x75, 0xad, 0x96, 0xb5, 0x92, 0x8c, 0x0c, 0x63, 0x8a, 0x4a, 0x86, 0x29, 0x6f, 0x21, 0x72, 0x21,
    0x52, 0x19, 0xaf, 0x29, 0xe7, 0x39, 0x75, 0xad, 0xdf, 0xff, 0x1c, 0xe7, 0xf7, 0xbd, 0xd7, 0xbd,
    0xd7, 0xbd, 0x59, 0xce, 0x35, 0xa5, 0x0c, 0x63, 0x8b, 0x4a, 0x66, 0x29, 0x72, 0x8c, 0xb6, 0xb5,
    0x18, 0xc6, 0x79, 0xce, 0xcc, 0x52, 0x64, 0x00, 0x39, 0x85, 0x3f, 0x96, 0xdd, 0x8d, 0xdd, 0x8d,
    0xfd, 0x8d, 0xfd, 0x8d, 0xbd, 0x8d, 0x9a, 0x5c, 0x1a, 0x4c, 0x5b, 0x4c, 0x7b, 0x54, 0x7b, 0x54,
    0x7b, 0x54, 0x7b, 0x54, 0x7b, 0x54, 0x7c, 0x54, 0xb8, 0x43, 0x9c, 0x85, 0x5d, 0x9e, 0x3d, 0x96,
    0x3d, 0x96, 0x3d, 0x9e, 0x3d, 0x96, 0x3d, 0x9e, 0x3c, 0x75, 0x19, 0x54, 0xbc, 0x64, 0xdc, 0x6c,
    0xdc, 0x64, 0xdc, 0x6c, 0xbb, 0x64, 0x3a, 0x54, 0x19, 0x54, 0x19, 0x54, 0x39, 0x54, 0xb8, 0x43,
    0x97, 0x43, 0x59, 0x54, 0x38, 0x54, 0x5a, 0x54, 0xbb, 0x64, 0x18, 0x54, 0x28, 0x11, 0xc6, 0x39,
    0x6d, 0x9c, 0x8b, 0xb4, 0xcb, 0xf5, 0x48, 0xf5, 0xa3, 0xf4, 0xa3, 0xfc, 0xa3, 0xfc, 0x43, 0xf4,
    0xa3, 0xeb, 0x44, 0xdb, 0xc4, 0x81, 0x65, 0x49, 0xa4, 0x08, 0xd1, 0x3a, 0x3a, 0x54, 0x9b, 0x5c,
    0xdc, 0x64, 0x7b, 0x5c, 0x19, 0x4c, 0x3d, 0x96, 0x5d, 0x9e, 0x3d, 0x9e, 0x9e, 0xa6, 0xba, 0x6c,
    0x57, 0x33, 0x98, 0x3b, 0xfa, 0x4b, 0xf9, 0x43, 0x78, 0x3b, 0x19, 0x54, 0x5d, 0x9e, 0x3d, 0x9e,
    0x9e, 0xa6, 0x9c, 0x85, 0x77, 0x3b, 0x5b, 0x4c, 0x9c, 0x5c, 0x9c, 0x5c, 0x3b, 0x4c, 0xf9, 0x43,
    0x49, 0x11, 0x67, 0x29, 0xf0, 0x7b, 0x76, 0xad, 0x9a, 0xd6, 0xdb, 0xde, 0xba, 0xd6, 0xba, 0xd6,
    0xba, 0xd6, 0xdb, 0xde, 0xf8, 0xbd, 0x96, 0xb5, 0xec, 0x5a, 0x49, 0x42, 0x4d, 0x6b, 0xdb, 0xde,
    0x1c, 0xe7, 0x34, 0xa5, 0x55, 0xad, 0x96, 0xb5, 0x72, 0x8c, 0x0c, 0x63, 0x8a, 0x4a, 0x87, 0x29,
    0x6f, 0x21, 0x72, 0x21, 0x52, 0x19, 0xaf, 0x29, 0xe7, 0x39, 0x75, 0xad, 0xbf, 0xf7, 0x1c, 0xe7,
    0xf7, 0xbd, 0xd7, 0xbd, 0xd7, 0xbd, 0x39, 0xc6, 0x35, 0xa5, 0x0d, 0x63, 0x8b, 0x4a, 0x46, 0x29,
    0x72, 0x8c, 0xb6, 0xb5, 0x18, 0xbe, 0xfb, 0xde, 0xcf, 0x73, 0x46, 0x21, 0x8d, 0x42, 0x35, 0x64,
    0x1e, 0x96, 0xdd, 0x8d, 0xfd, 0x8d, 0xfd, 0x8d, 0xfd, 0x8d, 0xfe, 0x8d, 0xd8, 0x4b, 0xfa, 0x43,
    0x7b, 0x54, 0x7b, 0x54, 0x7b, 0x54, 0x7b, 0x54, 0x7c, 0x54, 0x1a, 0x4c, 0x39, 0x54, 0xfd, 0x95,
    0x3d, 0x9e, 0x3d, 0x96, 0x3d, 0x96, 0x3d, 0x9e, 0x3d, 0x9e, 0x3d, 0x96, 0xf8, 0x4b, 0x5b, 0x5c,
    0xfc, 0x6c, 0xdb, 0x6c, 0xdc, 0x6c, 0xdc, 0x64, 0xdc, 0x64, 0xfc, 0x6c, 0xfc, 0x6c, 0xfc, 0x6c,
    0xfc, 0x6c, 0x5a, 0x5c, 0x7a, 0x5c, 0x9d, 0x7d, 0x7d, 0x75, 0x5c, 0x7d, 0x1a, 0x6d, 0x52, 0x53,
    0x22, 0x00, 0xe8, 0x62, 0x74, 0xff, 0x4e, 0xfe, 0x82, 0xf4, 0xa3, 0xf4, 0xc3, 0xf4, 0xa3, 0xfc,
    0xc3, 0xfc, 0xc3, 0xe3, 0x23, 0xda, 0x45, 0xba, 0xc4, 0x10, 0x27, 0x11, 0xed, 0x21, 0xd7, 0x4b,
    0xfd, 0x6c, 0xbb, 0x64, 0xbc, 0x64, 0x7b, 0x54, 0x19, 0x4c, 0x3d, 0x9e, 0x5d, 0x9e, 0x3e, 0x96,
    0xfa, 0x6c, 0x39, 0x54, 0xfa, 0x43, 0xf9, 0x43, 0x98, 0x3b, 0x98, 0x3b, 0x97, 0x43, 0xfa, 0x6c,
    0x5e, 0x9e, 0x5d, 0x9e, 0xdd, 0x8d, 0x9a, 0x64, 0x19, 0x4c, 0x9c, 0x5c, 0x7c, 0x54, 0x9c, 0x54,
    0x7b, 0x54, 0x3a, 0x4c, 0x27, 0x09, 0xe8, 0x39, 0x9a, 0xd6, 0x9a, 0xd6, 0xbb, 0xde, 0xba, 0xd6,
    0xba, 0xd6, 0xba, 0xd6, 0xba, 0xd6, 0xdb, 0xde, 0xf8, 0xbd, 0x96, 0xb5, 0xec, 0x5a, 0x49, 0x42,
    0x4d, 0x6b, 0xdb, 0xde, 0x1c, 0xe7, 0x34, 0xa5, 0x55, 0xad, 0x96, 0xb5, 0x72, 0x8c, 0x0c, 0x63,
    0x8b, 0x4a, 0x87, 0x29, 0x6f, 0x21, 0x72, 0x21, 0x52, 0x19, 0xaf, 0x29, 0xe7, 0x39, 0x75, 0xad,
    0xdf, 0xff, 0x1c, 0xe7, 0xd7, 0xbd, 0xd7, 0xbd, 0xd7, 0xbd, 0x39, 0xc6, 0x35, 0xa5, 0x2d, 0x63,
    0x8b, 0x4a, 0x66, 0x29, 0x72, 0x8c, 0xb6, 0xb5, 0x18, 0xc6, 0xba, 0xd6, 0xb6, 0xb5, 0xf0, 0x7b,
    0x42, 0x00, 0xae, 0x3a, 0x3f, 0x96, 0xdd, 0x8d, 0xfe, 0x8d, 0xfd, 0x8d, 0xfd, 0x8d, 0xfd, 0x8d,
    0x9d, 0x85, 0x5a, 0x54, 0x1a, 0x44, 0x7b, 0x54, 0x7b, 0x54, 0x7b, 0x54, 0x9b, 0x54, 0xb8, 0x3b,
    0x1b, 0x75, 0x7e, 0x9e, 0x1d, 0x96, 0x3d, 0x9e, 0x3d, 0x96, 0x3d, 0x96, 0x3e, 0x9e, 0xfd, 0x8d,
    0xf9, 0x4b, 0x7b, 0x5c, 0xfc, 0x6c, 0xdc, 0x6c, 0xdc, 0x6c, 0xdc, 0x6c, 0xfc, 0x64, 0xdb, 0x6c,
    0xdc, 0x6c, 0xdc, 0x64, 0xdc, 0x6c, 0x1a, 0x54, 0x5a, 0x5c, 0x5c, 0x75, 0x5d, 0x75, 0x3b, 0x7d,
    0x48, 0x19, 0xa6, 0x31, 0x0f, 0xb5, 0x0a, 0xcd, 0x47, 0xf5, 0x06, 0xf5, 0xc3, 0xf4, 0xa4, 0xf4,
    0xc3, 0xfc, 0x03, 0xf4, 0x03, 0xe3, 0xc4, 0xda, 0x64, 0x69, 0x44, 0x41, 0xc5, 0x18, 0x8f, 0x32,
    0xbb, 0x64, 0x19, 0x4c, 0x7b, 0x5c, 0xbc, 0x64, 0xdc, 0x64, 0x7b, 0x5c, 0xf8, 0x4b, 0x5e, 0x9e,
    0xfd, 0x95, 0x39, 0x54, 0x77, 0x3b, 0xfa, 0x43, 0x7b, 0x4c, 0x5b, 0x44, 0x5b, 0x4c, 0xd9, 0x3b,
    0x79, 0x5c, 0x5e, 0x9e, 0x3d, 0x9e, 0x7e, 0x9e, 0xb9, 0x64, 0x58, 0x3b, 0x9c, 0x5c, 0x7b, 0x54,
    0x7b, 0x54, 0x7c, 0x54, 0x7b, 0x54, 0x5a, 0x54, 0xab, 0x21, 0xa8, 0x31, 0xd3, 0x94, 0xf7, 0xbd,
    0xdb, 0xde, 0xba, 0xd6, 0xba, 0xd6, 0xba, 0xd6, 0xba, 0xd6, 0xdb, 0xde, 0xf8, 0xbd, 0x96, 0xb5,
    0xcc, 0x5a, 0x49, 0x42, 0x4d, 0x6b, 0xdb, 0xde, 0x1c, 0xe7, 0x34, 0xa5, 0x75, 0xad, 0x96, 0xb5,
    0x72, 0x8c, 0x0c, 0x63, 0x8b, 0x52, 0x86, 0x29, 0x6e, 0x21, 0x72, 0x21, 0x52, 0x19, 0xaf, 0x29,
    0xe7, 0x39, 0x75, 0xad, 0xdf, 0xff, 0x1c, 0xe7, 0xd7, 0xbd, 0xd7, 0xbd, 0xd7, 0xbd, 0x59, 0xce,
    0x35, 0xa5, 0x2d, 0x63, 0x8b, 0x4a, 0x66, 0x29, 0x72, 0x8c, 0xb6, 0xb5, 0x18, 0xc6, 0xdb, 0xde,
    0xf7, 0xbd, 0x51, 0x8c, 0xa4, 0x08, 0xce, 0x42, 0x3f, 0x96, 0xdd, 0x8d, 0xfd, 0x8d, 0xfd, 0x8d,
    0xfd, 0x8d, 0xfd, 0x8d, 0x3e, 0x96, 0x79, 0x5c, 0xf9, 0x43, 0x9c, 0x54, 0x7b, 0x54, 0x7b, 0x54,
    0x9c, 0x54, 0xf9, 0x4b, 0x3b, 0x75, 0x7e, 0x9e, 0x3d, 0x96, 0x3d, 0x9e, 0x3d, 0x9e, 0x3d, 0x96,
    0x1d, 0x96, 0xfd, 0x8d, 0xd9, 0x4b, 0x7b, 0x5c, 0xdc, 0x6c, 0xdc, 0x6c, 0xdc, 0x6c, 0xdc, 0x6c,
    0xdc, 0x6c, 0xdc, 0x6c, 0xfc, 0x6c, 0xdc, 0x6c, 0xdc, 0x6c, 0xd9, 0x4b, 0xfc, 0x6c, 0x7c, 0x7d,
    0x5c, 0x75, 0xf9, 0x74, 0xe6, 0x08, 0x26, 0x42, 0x34, 0xff, 0x0b, 0xfe, 0x82, 0xf4, 0xa2, 0xfc,
    0xc3, 0xfc, 0xa3, 0xfc, 0xc4, 0xfc, 0xc4, 0xe3, 0x24, 0xd2, 0x65, 0xd2, 0x04, 0x31, 0xc6, 0x00,
    0x90, 0x32, 0xf6, 0x53, 0x1b, 0x6d, 0xba, 0x64, 0x39, 0x54, 0xbc, 0x64, 0xdc, 0x64, 0x7b, 0x5c,
    0xb8, 0x43, 0x59, 0x5c, 0x19, 0x54, 0x98, 0x3b, 0x1a, 0x44, 0x3b, 0x4c, 0x3b, 0x4c, 0x3b, 0x4c,
    0x3b, 0x4c, 0x3b, 0x4c, 0xf9, 0x43, 0x99, 0x64, 0x7f, 0x9e, 0xb9, 0x64, 0x19, 0x4c, 0x7b, 0x54,
    0x9c, 0x54, 0x9b, 0x54, 0x7b, 0x54, 0x9c, 0x54, 0x7b, 0x54, 0x3a, 0x4c, 0xb8, 0x43, 0x6a, 0x19,
    0x01, 0x00, 0xb3, 0x94, 0x3d, 0xef, 0x9a, 0xd6, 0xba, 0xd6, 0xba, 0xd6, 0xba, 0xd6, 0xdb, 0xde,
    0xf8, 0xbd, 0x96, 0xb5, 0xcb, 0x5a, 0x49, 0x42, 0x4d, 0x6b, 0xdb, 0xde, 0x1c, 0xe7, 0x34, 0xa5,
    0x75, 0xad, 0x96, 0xb5, 0x72, 0x8c, 0x0c, 0x63, 0x8b, 0x4a, 0x86, 0x29, 0x6e, 0x21, 0x72, 0x21,
    0x52, 0x19, 0xaf, 0x29, 0xc7, 0x39, 0x75, 0xad, 0xdf, 0xff, 0x3c, 0xe7, 0xf7, 0xbd, 0xd7, 0xbd,
    0xb6, 0xb5, 0x39, 0xc6, 0x35, 0xa5, 0x0c, 0x63, 0x8b, 0x4a, 0x46, 0x29, 0x72, 0x8c, 0xb6, 0xb5,
    0x18, 0xc6, 0xdb, 0xde, 0xba, 0xd6, 0x35, 0xa5, 0x83, 0x08, 0xef, 0x42, 0x5f, 0x96, 0xdd, 0x85,
    0xfd, 0x8d, 0xfd, 0x8d, 0xfd, 0x8d, 0xfd, 0x8d, 0xfd, 0x8d, 0xdd, 0x8d, 0xbb, 0x64, 0xfa, 0x43,
    0x7c, 0x54, 0x7b, 0x54, 0x1a, 0x4c, 0xb9, 0x43, 0x39, 0x54, 0x9a, 0x5c, 0x1b, 0x75, 0x1d, 0x96,
    0x1d, 0x96, 0x1d, 0x96, 0x5e, 0x9e, 0x1e, 0x96, 0xf8, 0x4b, 0x7b, 0x5c, 0xdc, 0x6c, 0xdc, 0x6c,
    0xdc, 0x6c, 0xfc, 0x6c, 0xdc, 0x6c, 0xdc, 0x6c, 0xdc, 0x6c, 0xdc, 0x6c, 0xdc, 0x64, 0xd9, 0x4b,
    0xfc, 0x6c, 0x9d, 0x7d, 0xf0, 0x3a, 0x87, 0x21, 0xaf, 0xa4, 0x6d, 0xd5, 0x27, 0xed, 0xe5, 0xf4,
    0xa3, 0xfc, 0xc4, 0xfc, 0xe3, 0xfc, 0x43, 0xf4, 0x03, 0xe3, 0x84, 0xba, 0x04, 0x41, 0x23, 0x41,
    0xa3, 0x18, 0x89, 0x19, 0xba, 0x64, 0x1c, 0x6d, 0xbd, 0x85, 0xde, 0x8d, 0x19, 0x4c, 0x1a, 0x4c,
    0x9b, 0x5c, 0xd9, 0x43, 0xb9, 0x3b, 0xba, 0x43, 0xd9, 0x3b, 0x3b, 0x4c, 0x5c, 0x4c, 0x5b, 0x4c,
    0x5b, 0x4c, 0x5b, 0x4c, 0x5b, 0x4c, 0x5b, 0x4c, 0xda, 0x43, 0x98, 0x3b, 0x39, 0x54, 0xd9, 0x43,
    0x3b, 0x54, 0x7b, 0x54, 0xd9, 0x43, 0xb9, 0x43, 0xd9, 0x43, 0xd9, 0x43, 0xb8, 0x3b, 0x98, 0x3b,
    0xb8, 0x43, 0xec, 0x21, 0xc5, 0x08, 0x2a, 0x42, 0xb7, 0xb5, 0xfb, 0xde, 0xba, 0xd6, 0xba, 0xd6,
    0xba, 0xd6, 0xdb, 0xde, 0xf8, 0xbd, 0x96, 0xb5, 0xcb, 0x5a, 0x49, 0x42, 0x4e, 0x6b, 0xdb, 0xde,
    0x1c, 0xe7, 0x34, 0xa5, 0x75, 0xad, 0x96, 0xb5, 0x72, 0x8c, 0x0c, 0x63, 0x8b, 0x4a, 0x86, 0x29,
    0x6f, 0x21, 0x72, 0x21, 0x52, 0x19, 0xaf, 0x29, 0xc7, 0x39, 0x55, 0xad, 0xdf, 0xff, 0x3c, 0xe7,
    0xf7, 0xbd, 0xd7, 0xbd, 0xd7, 0xbd, 0x39, 0xc6, 0x35, 0xa5, 0x0c, 0x63, 0x8a, 0x4a, 0x46, 0x21,
    0x72, 0x8c, 0xb6, 0xb5, 0x18, 0xc6, 0xbb, 0xd6, 0x1c, 0xe7, 0x76, 0xad, 0x43, 0x00, 0xce, 0x42,
    0x1d, 0x96, 0xdd, 0x8d, 0xfd, 0x8d, 0xfd, 0x8d, 0xfd, 0x8d, 0xfd, 0x8d, 0xfd, 0x8d, 0x3e, 0x96,
    0xda, 0x64, 0x98, 0x3b, 0x7c, 0x54, 0x7b, 0x54, 0xb8, 0x43, 0xb9, 0x43, 0xfa, 0x43, 0xd9, 0x43,
    0xd9, 0x43, 0x19, 0x4c, 0xf8, 0x4b, 0x39, 0x54, 0x7d, 0x7d, 0x7c, 0x7d, 0xb8, 0x43, 0x7a, 0x5c,
    0xdc, 0x6c, 0xbc, 0x64, 0xbc, 0x64, 0xdc, 0x64, 0xfc, 0x6c, 0xfc, 0x6c, 0xfc, 0x6c, 0xfc, 0x6c,
    0xdc, 0x6c, 0xd9, 0x4b, 0x1c, 0x6d, 0xbe, 0x7d, 0x2c, 0x2a, 0x82, 0x10, 0x31, 0xe6, 0x8e, 0xfe,
    0x82, 0xf4, 0xa3, 0xfc, 0xc3, 0xfc, 0xc3, 0xfc, 0xc4, 0xfc, 0xc3, 0xeb, 0x44, 0xd2, 0xc4, 0x99,
    0xa5, 0x08, 0xc5, 0x08, 0x27, 0x19, 0x95, 0x43, 0x5b, 0x7d, 0x9c, 0x85, 0xfd, 0x8d, 0xdd, 0x8d,
    0xf8, 0x4b, 0xf9, 0x4b, 0x5a, 0x54, 0x98, 0x3b, 0x3b, 0x4c, 0x7b, 0x4c, 0x5b, 0x4c, 0x5b, 0x4c,
    0x3b, 0x44, 0x3b, 0x4c, 0x5b, 0x4c, 0x3b, 0x4c, 0x3b, 0x4c, 0xf9, 0x43, 0xd9, 0x43, 0x1a, 0x4c,
    0x3a, 0x4c, 0xd9, 0x43, 0xb8, 0x43, 0xb8, 0x43, 0xd9, 0x4b, 0xd9, 0x43, 0xf9, 0x43, 0xd9, 0x43,
    0x3a, 0x54, 0x7b, 0x5c, 0xbc, 0x64, 0xb7, 0x43, 0x70, 0x2a, 0x22, 0x00, 0x72, 0x8c, 0x1c, 0xe7,
    0xba, 0xd6, 0xba, 0xd6, 0xba, 0xd6, 0xdb, 0xde, 0x18, 0xc6, 0x96, 0xb5, 0xcc, 0x5a, 0x49, 0x42,
    0x4d, 0x6b, 0xdb, 0xde, 0x1c, 0xe7, 0x35, 0xa5, 0x75, 0xad, 0x96, 0xb5, 0x72, 0x8c, 0x0c, 0x63,
    0x8b, 0x4a, 0x86, 0x29, 0x6f, 0x21, 0x72, 0x21, 0x52, 0x19, 0xaf, 0x29, 0xe7, 0x39, 0x75, 0xad,
    0xdf, 0xff, 0x3c, 0xe7, 0xf7, 0xbd, 0xd7, 0xbd, 0xd7, 0xbd, 0x39, 0xc6, 0x35, 0xa5, 0x0c, 0x63,
    0x8a, 0x4a, 0x66, 0x21, 0x72, 0x8c, 0x96, 0xb5, 0x18, 0xc6, 0xbb, 0xde, 0xfb, 0xde, 0xb7, 0xb5,
    0xe8, 0x31, 0x46, 0x19, 0x2c, 0x2a, 0xdc, 0x8d, 0xfd, 0x8d, 0xfd, 0x8d, 0xfd, 0x8d, 0xfd, 0x8d,
    0xfd, 0x8d, 0xfd, 0x8d, 0xdd, 0x8d, 0x9b, 0x64, 0x1a, 0x4c, 0x7c, 0x54, 0x98, 0x3b, 0x1a, 0x4c,
    0x7c, 0x54, 0x7b, 0x4c, 0x5b, 0x4c, 0x1b, 0x4c, 0x1b, 0x4c, 0x1a, 0x44, 0xd9, 0x43, 0x98, 0x43,
    0x98, 0x43, 0xd9, 0x4b, 0xd9, 0x4b, 0xb8, 0x43, 0xb8, 0x43, 0xd9, 0x4b, 0x7b, 0x5c, 0x7b, 0x5c,
    0x7a, 0x5c, 0x7b, 0x5c, 0x5a, 0x54, 0xb8, 0x43, 0x1c, 0x6d, 0x9e, 0x7d, 0x4d, 0x32, 0xc3, 0x10,
    0xf0, 0xd5, 0x6d, 0xfe, 0xa4, 0xfc, 0xc3, 0xfc, 0xc3, 0xfc, 0xa4, 0xfc, 0x43, 0xeb, 0xa3, 0xca,
    0x44, 0x41, 0x04, 0x21, 0xc4, 0x08, 0xb0, 0x3a, 0x17, 0x4c, 0x9c, 0x7d, 0xdd, 0x8d, 0xdd, 0x8d,
    0xdd, 0x8d, 0xdd, 0x8d, 0xbd, 0x85, 0x7a, 0x5c, 0xb8, 0x3b, 0xd9, 0x43, 0x3b, 0x4c, 0x3b, 0x4c,
    0x3b, 0x4c, 0x3b, 0x4c, 0xf9, 0x43, 0x98, 0x3b, 0xb8, 0x3b, 0x98, 0x3b, 0x98, 0x3b, 0x77, 0x3b,
    0x98, 0x3b, 0xb9, 0x3b, 0xd8, 0x43, 0x7b, 0x54, 0x7b, 0x5c, 0x7b, 0x5c, 0xbc, 0x64, 0xdc, 0x64,
    0xbc, 0x64, 0xbc, 0x5c, 0xbc, 0x64, 0xbc, 0x5c, 0xf8, 0x4b, 0xcc, 0x19, 0x06, 0x11, 0xa8, 0x29,
    0x14, 0xa5, 0x1c, 0xe7, 0xba, 0xd6, 0xba, 0xd6, 0xba, 0xd6, 0xdb, 0xde, 0x18, 0xc6, 0x96, 0xb5,
    0xec, 0x5a, 0x49, 0x42, 0x4d, 0x6b, 0xdb, 0xde, 0x1c, 0xe7, 0x34, 0xa5, 0x75, 0xad, 0x96, 0xb5,
    0x72, 0x8c, 0x0c, 0x63, 0x8a, 0x4a, 0x66, 0x29, 0x6e, 0x21, 0x72, 0x21, 0x52, 0x19, 0xaf, 0x29,
    0xe7, 0x39, 0x55, 0xad, 0xdf, 0xff, 0x3c, 0xe7, 0xf7, 0xbd, 0xd7, 0xbd, 0xd7, 0xbd, 0x39, 0xc6,
    0x35, 0xa5, 0x0c, 0x63, 0x8a, 0x4a, 0x66, 0x29, 0x72, 0x8c, 0x96, 0xb5, 0x18, 0xc6, 0xdb, 0xde,
    0xdb, 0xde, 0x7a, 0xce, 0x55, 0xa5, 0x87, 0x29, 0x47, 0x19, 0x1e, 0x96, 0xfd, 0x8d, 0xfd, 0x8d,
    0xfd, 0x8d, 0xfd, 0x8d, 0xfd, 0x8d, 0xfd, 0x8d, 0x1e, 0x96, 0x1b, 0x6d, 0xd9, 0x43, 0xfa, 0x43,
    0xb8, 0x43, 0x3a, 0x4c, 0x7b, 0x54, 0x5b, 0x4c, 0x5b, 0x4c, 0x5b, 0x4c, 0x5b, 0x54, 0x7b, 0x54,
    0x1a, 0x4c, 0xf9, 0x4b, 0x5c, 0x7d, 0x5c, 0x7d, 0x3c, 0x75, 0x3c, 0x75, 0x5c, 0x75, 0x7a, 0x5c,
    0xd8, 0x43, 0xf8, 0x4b, 0xf9, 0x4b, 0xb8, 0x43, 0xb9, 0x43, 0xd9, 0x43, 0xf9, 0x4b, 0x3a, 0x4c,
    0xec, 0x21, 0xc4, 0x18, 0xd0, 0xd5, 0x6e, 0xfe, 0xc3, 0xf4, 0xc3, 0xfc, 0xa4, 0xfc, 0xa4, 0xfc,
    0x03, 0xeb, 0x43, 0xc2, 0xe4, 0x20, 0xe6, 0x08, 0xcc, 0x19, 0x95, 0x4b, 0xba, 0x64, 0xfd, 0x8d,
    0xfd, 0x8d, 0xdd, 0x8d, 0xfd, 0x8d, 0xdd, 0x8d, 0x1e, 0x8e, 0x5a, 0x54, 0xb8, 0x3b, 0xf9, 0x43,
    0xd8, 0x43, 0xd8, 0x43, 0xd9, 0x43, 0xd8, 0x43, 0x59, 0x54, 0x7c, 0x7d, 0x5c, 0x75, 0x3c, 0x75,
    0x5c, 0x7d, 0x5c, 0x75, 0x5a, 0x54, 0xb8, 0x43, 0x3a, 0x54, 0x9b, 0x5c, 0xbc, 0x64, 0xbc, 0x64,
    0xbb, 0x64, 0xbb, 0x64, 0xbc, 0x5c, 0xbb, 0x5c, 0xbc, 0x5c, 0x9b, 0x5c, 0xcb, 0x19, 0xc4, 0x10,
    0x25, 0x19, 0xd3, 0x94, 0x59, 0xce, 0xdb, 0xde, 0xba, 0xd6, 0xbb, 0xd6, 0xba, 0xde, 0xdb, 0xde,
    0xf8, 0xbd, 0x96, 0xb5, 0xcc, 0x5a, 0x49, 0x42, 0x4d, 0x6b, 0xdb, 0xde, 0x1c, 0xe7, 0x34, 0xa5,
    0x55, 0xad, 0x96, 0xb5, 0x72, 0x8c, 0x0c, 0x63, 0x8a, 0x4a, 0x66, 0x29, 0x6e, 0x21, 0x72, 0x21,
    0x52, 0x19, 0xaf, 0x29, 0xe7, 0x39, 0x76, 0xad, 0xdf, 0xff, 0x3c, 0xe7, 0xf7, 0xbd, 0xd7, 0xbd,
    0xd7, 0xbd, 0x39, 0xc6, 0x35, 0xa5, 0xec, 0x5a, 0x8a, 0x4a, 0x66, 0x29, 0x72, 0x8c, 0x96, 0xb5,
    0x18, 0xc6, 0xdb, 0xde, 0xdb, 0xde, 0x79, 0xce, 0x35, 0xa5, 0xa8, 0x31, 0x06, 0x11, 0x31, 0x4b,
    0x9b, 0x8d, 0xfd, 0x8d, 0xdd, 0x8d, 0xfd, 0x8d, 0xfd, 0x8d, 0xde, 0x8d, 0xfd, 0x8d, 0xfd, 0x8d,
    0x7a, 0x5c, 0x77, 0x33, 0x3a, 0x4c, 0x7b, 0x54, 0x5b, 0x4c, 0x5b, 0x4c, 0x5b, 0x4c, 0x5b, 0x4c,
    0x5b, 0x54, 0x5b, 0x54, 0x1a, 0x4c, 0x19, 0x4c, 0xfe, 0x8d, 0x1d, 0x96, 0x1d, 0x96, 0x1d, 0x96,
    0x1e, 0x96, 0xdd, 0x8d, 0xbd, 0x85, 0xdd, 0x85, 0x5d, 0x7d, 0xd8, 0x43, 0x5b, 0x54, 0x5b, 0x54,
    0x5b, 0x4c, 0x7c, 0x54, 0xec, 0x21, 0xc3, 0x10, 0xd0, 0xd5, 0x6d, 0xfe, 0xa3, 0xfc, 0xa3, 0xfc,
    0xa3, 0xfc, 0xa4, 0xfc, 0x23, 0xe3, 0x43, 0xca, 0xc3, 0x28, 0x8a, 0x19, 0x77, 0x3b, 0xbb, 0x64,
    0x7c, 0x7d, 0x9d, 0x85, 0xfb, 0x64, 0xf9, 0x4b, 0x19, 0x4c, 0xf9, 0x4b, 0x19, 0x4c, 0x97, 0x43,
    0x3c, 0x75, 0xdd, 0x85, 0xbd, 0x85, 0xbd, 0x85, 0xbd, 0x85, 0xdd, 0x85, 0xfd, 0x8d, 0x3e, 0x96,
    0x3d, 0x96, 0x3d, 0x96, 0x5f, 0x9e, 0x99, 0x5c, 0x19, 0x4c, 0x7b, 0x5c, 0xbc, 0x64, 0xdc, 0x64,
    0xbc, 0x64, 0xbc, 0x64, 0xbb, 0x64, 0xbb, 0x5c, 0xbc, 0x5c, 0xbb, 0x5c, 0xdc, 0x64, 0xdb, 0x64,
    0x27, 0x11, 0x88, 0x31, 0x11, 0x7c, 0x34, 0xa5, 0x59, 0xce, 0xdb, 0xde, 0xba, 0xd6, 0xdb, 0xde,
    0xba, 0xd6, 0xdb, 0xde, 0xf8, 0xbd, 0x96, 0xb5, 0xcc, 0x5a, 0x49, 0x42, 0x4d, 0x6b, 0xdb, 0xde,
    0x1c, 0xe7, 0x34, 0xa5, 0x55, 0xad, 0x96, 0xb5, 0x72, 0x8c, 0x0c, 0x5b, 0x8a, 0x4a, 0x66, 0x29,
    0x6f, 0x21, 0x72, 0x21, 0x52, 0x19, 0xaf, 0x29, 0xe7, 0x39, 0x76, 0xad, 0xdf, 0xff, 0x3c, 0xe7,
    0xf7, 0xbd, 0xd7, 0xbd, 0xd7, 0xbd, 0x59, 0xce, 0x35, 0xa5, 0xec, 0x5a, 0x8a, 0x4a, 0x46, 0x21,
    0x72, 0x8c, 0xb6, 0xb5, 0x18, 0xc6, 0xdb, 0xde, 0xba, 0xd6, 0x9a, 0xd6, 0x39, 0xc6, 0x52, 0x8c,
    0x66, 0x21, 0x64, 0x00, 0x0b, 0x2a, 0x5a, 0x85, 0x5e, 0x9e, 0xdd, 0x8d, 0xfd, 0x8d, 0xdd, 0x8d,
    0xfd, 0x8d, 0xfd, 0x8d, 0xbd, 0x85, 0x5a, 0x54, 0xd9, 0x43, 0x7c, 0x54, 0x5b, 0x54, 0x7b, 0x54,
    0x7b, 0x4c, 0x7b, 0x54, 0x7b, 0x54, 0x7b, 0x54, 0x3b, 0x4c, 0xf9, 0x4b, 0xde, 0x8d, 0xfd, 0x8d,
    0xdd, 0x8d, 0xdd, 0x8d, 0xdd, 0x8d, 0xdd, 0x8d, 0xfd, 0x8d, 0xfd, 0x8d, 0x7d, 0x7d, 0xb8, 0x43,
    0x7b, 0x54, 0x7b, 0x54, 0x7b, 0x54, 0xbc, 0x5c, 0x0c, 0x22, 0xa3, 0x10, 0x10, 0xd6, 0x8e, 0xfe,
    0xa3, 0xfc, 0xc3, 0xfc, 0xc4, 0xfc, 0xc3, 0xfc, 0x03, 0xe3, 0x44, 0xc2, 0xc3, 0x28, 0xeb, 0x19,
    0xf9, 0x43, 0xb8, 0x3b, 0xf8, 0x43, 0xd9, 0x43, 0xb9, 0x3b, 0xd9, 0x3b, 0xba, 0x3b, 0xb9, 0x3b,
    0x98, 0x3b, 0xfb, 0x6c, 0x1e, 0x8e, 0x1d, 0x96, 0x1d, 0x96, 0x1d, 0x96, 0x1d, 0x96, 0x3d, 0x96,
    0x1d, 0x96, 0xfd, 0x8d, 0x1d, 0x96, 0x3e, 0x96, 0xba, 0x64, 0xf9, 0x4b, 0x7b, 0x5c, 0x9c, 0x5c,
    0x3a, 0x54, 0x1a, 0x4c, 0x19, 0x4c, 0x3a, 0x54, 0xbc, 0x64, 0xdc, 0x64, 0xbb, 0x64, 0xdc, 0x64,
    0xd7, 0x4b, 0xb0, 0x2a, 0xc5, 0x00, 0xe8, 0x31, 0x75, 0xad, 0xf8, 0xbd, 0xba, 0xd6, 0xdb, 0xde,
    0xba, 0xd6, 0xdb, 0xde, 0xda, 0xde, 0xdb, 0xde, 0x18, 0xc6, 0x96, 0xb5, 0xcc, 0x5a, 0x49, 0x42,
    0x4d, 0x6b, 0xdb, 0xde, 0x1c, 0xe7, 0x34, 0xa5, 0x55, 0xad, 0x96, 0xb5, 0x72, 0x8c, 0x0c, 0x5b,
    0x8a, 0x4a, 0x86, 0x29, 0x6f, 0x21, 0x72, 0x21, 0x52, 0x19, 0xaf, 0x29, 0xe7, 0x39, 0x76, 0xad,
    0xdf, 0xff, 0x3c, 0xe7, 0xd7, 0xbd, 0xd7, 0xbd, 0xd7, 0xbd, 0x59, 0xce, 0x35, 0xa5, 0x0c, 0x63,
    0x8a, 0x4a, 0x46, 0x21, 0x72, 0x8c, 0xb6, 0xb5, 0x18, 0xc6, 0xdb, 0xde, 0xba, 0xd6, 0xba, 0xd6,
    0xdb, 0xde, 0x76, 0xad, 0xed, 0x52, 0x26, 0x21, 0x63, 0x00, 0x0f, 0x4b, 0xf8, 0x74, 0xfd, 0x8d,
    0xdd, 0x8d, 0xfd, 0x8d, 0xfd, 0x8d, 0xdd, 0x8d, 0x3e, 0x96, 0xdb, 0x64, 0xd9, 0x3b, 0x7c, 0x4c,
    0x5b, 0x54, 0x7b, 0x54, 0x7b, 0x54, 0x7b, 0x54, 0x7b, 0x54, 0x7b, 0x54, 0x1a, 0x4c, 0x19, 0x4c,
    0xdd, 0x8d, 0xfd, 0x8d, 0xfd, 0x8d, 0xfd, 0x8d, 0xfd, 0x8d, 0xfd, 0x8d, 0xdd, 0x8d, 0xfd, 0x8d,
    0x7d, 0x7d, 0xb9, 0x43, 0x5b, 0x54, 0x7b, 0x54, 0x7b, 0x54, 0xbc, 0x5c, 0x0d, 0x2a, 0xa2, 0x10,
    0x28, 0xc3, 0x66, 0xeb, 0xe3, 0xe2, 0x03, 0xe3, 0x03, 0xe3, 0xe3, 0xe2, 0xa4, 0xe2, 0x64, 0xca,
    0xc3, 0x28, 0xcb, 0x19, 0xd9, 0x4b, 0xba, 0x3b, 0xfb, 0x3b, 0xfb, 0x3b, 0xfb, 0x3b, 0xfb, 0x3b,
    0xfb, 0x3b, 0xfa, 0x3b, 0xd9, 0x43, 0x1e, 0x96, 0x1e, 0x96, 0x1d, 0x96, 0x1d, 0x96, 0x1d, 0x96,
    0x1d, 0x96, 0x1d, 0x96, 0x1d, 0x96, 0x3e, 0x96, 0xbc, 0x85, 0x1c, 0x75, 0xb8, 0x43, 0x1a, 0x4c,
    0x3a, 0x54, 0x19, 0x4c, 0xf9, 0x43, 0xf9, 0x43, 0xf9, 0x43, 0xf9, 0x43, 0xd9, 0x43, 0xf9, 0x4b,
    0x5a, 0x54, 0xfd, 0x64, 0xf1, 0x3a, 0x63, 0x08, 0xe9, 0x31, 0xaf, 0x6b, 0xb6, 0xb5, 0x79, 0xce,
    0xdb, 0xde, 0xba, 0xd6, 0xba, 0xd6, 0xba, 0xd6, 0xba, 0xd6, 0xdb, 0xde, 0x18, 0xc6, 0x96, 0xb5,
    0xec, 0x5a, 0x49, 0x42, 0x4d, 0x6b, 0xdb, 0xde, 0x1c, 0xe7, 0x34, 0xa5, 0x75, 0xad, 0x96, 0xb5,
    0x72, 0x8c, 0x0c, 0x63, 0x8b, 0x4a, 0x86, 0x29, 0x6e, 0x21, 0x72, 0x21, 0x52, 0x19, 0xaf, 0x29,
    0xe7, 0x39, 0x76, 0xad, 0xdf, 0xff, 0x3c, 0xe7, 0xd7, 0xbd, 0xd7, 0xbd, 0xd7, 0xbd, 0x59, 0xce,
    0x35, 0xa5, 0x0c, 0x63, 0x8b, 0x4a, 0x66, 0x29, 0x72, 0x8c, 0x96, 0xb5, 0x18, 0xc6, 0xdb, 0xde,
    0xba, 0xd6, 0xba, 0xd6, 0xba, 0xd6, 0xd7, 0xbd, 0xf4, 0x9c, 0x6e, 0x63, 0xe9, 0x39, 0x63, 0x00,
    0x8e, 0x3a, 0x7f, 0x9e, 0xfd, 0x8d, 0xfd, 0x8d, 0xfd, 0x8d, 0xfd, 0x8d, 0xdd, 0x8d, 0x7a, 0x5c,
    0xd9, 0x43, 0x7c, 0x4c, 0x7b, 0x4c, 0x7b, 0x54, 0x5b, 0x54, 0x7b, 0x54, 0x5b, 0x54, 0x7b, 0x54,
    0x1a, 0x4c, 0x19, 0x4c, 0xdd, 0x8d, 0xfd, 0x8d, 0xdd, 0x8d, 0xdd, 0x8d, 0xdd, 0x8d, 0xdd, 0x8d,
    0xfd, 0x8d, 0xfd, 0x8d, 0x7d, 0x7d, 0xb8, 0x43, 0x5b, 0x54, 0x7b, 0x54, 0x7b, 0x54, 0xbc, 0x5c,
    0xec, 0x29, 0x83, 0x10, 0xc4, 0x99, 0x04, 0xc2, 0x24, 0xba, 0x24, 0xc2, 0x04, 0xba, 0x24, 0xba,
    0x45, 0xc2, 0x66, 0xb2, 0xc3, 0x20, 0xca, 0x19, 0xf9, 0x43, 0xd9, 0x3b, 0x1b, 0x3c, 0xfa, 0x3b,
    0xfb, 0x3b, 0xfa, 0x3b, 0xfb, 0x3b, 0xda, 0x3b, 0xd9, 0x43, 0x7d, 0x7d, 0xfb, 0x6c, 0x19, 0x54,
    0x3a, 0x54, 0x19, 0x54, 0x9a, 0x64, 0xdd, 0x8d, 0xdd, 0x8d, 0xfe, 0x8d, 0x7a, 0x5c, 0x77, 0x3b,
    0x98, 0x43, 0x97, 0x3b, 0xb8, 0x3b, 0x1a, 0x4c, 0x9c, 0x54, 0xbc, 0x54, 0xbc, 0x54, 0x9c, 0x54,
    0x5a, 0x4c, 0xd9, 0x43, 0x97, 0x3b, 0x7a, 0x5c, 0xd0, 0x3a, 0x63, 0x00, 0x31, 0x84, 0xd7, 0xbd,
    0x59, 0xce, 0xba, 0xd6, 0xba, 0xd6, 0xba, 0xd6, 0xba, 0xd6, 0xbb, 0xd6, 0xba, 0xd6, 0xdb, 0xde,
    0x18, 0xc6, 0xb6, 0xb5, 0xec, 0x5a, 0x29, 0x42, 0x4d, 0x63, 0xdb, 0xde, 0x1c, 0xe7, 0x34, 0xa5,
    0x75, 0xad, 0x96, 0xb5, 0x92, 0x94, 0x0c, 0x63, 0x8b, 0x52, 0x86, 0x29, 0x6f, 0x21, 0x72, 0x21,
    0x52, 0x19, 0xaf, 0x29, 0xe7, 0x39, 0x75, 0xad, 0xdf, 0xff, 0x3c, 0xe7, 0xd7, 0xbd, 0xd7, 0xbd,
    0xb7, 0xb5, 0x39, 0xce, 0x35, 0xa5, 0x0c, 0x63, 0x8b, 0x4a, 0x66, 0x29, 0x72, 0x8c, 0x96, 0xb5,
    0x18, 0xc6, 0xdb, 0xde, 0xba, 0xd6, 0xba, 0xd6, 0xba, 0xd6, 0xdb, 0xde, 0xf8, 0xbd, 0x96, 0xb5,
    0x72, 0x8c, 0x05, 0x19, 0xea, 0x29, 0xd3, 0x53, 0xbc, 0x8d, 0xfd, 0x8d, 0xfd, 0x8d, 0xfe, 0x8d,
    0x7a, 0x5c, 0xd9, 0x43, 0x5b, 0x54, 0x5b, 0x4c, 0x5b, 0x4c, 0x5b, 0x54, 0x5b, 0x54, 0x5b, 0x54,
    0x5b, 0x54, 0x7b, 0x54, 0x1a, 0x4c, 0x19, 0x4c, 0xdd, 0x8d, 0xfd, 0x8d, 0xdd, 0x8d, 0xdd, 0x8d,
    0xdd, 0x8d, 0xdd, 0x8d, 0xfd, 0x8d, 0x1d, 0x8e, 0x5c, 0x7d, 0xb8, 0x43, 0x7b, 0x54, 0x7b, 0x54,
    0x7b, 0x54, 0x9c, 0x5c, 0x4e, 0x2a, 0xe6, 0x10, 0xc4, 0x20, 0xe4, 0x20, 0xe4, 0x20, 0xe4, 0x20,
    0xe4, 0x20, 0x04, 0x21, 0xe4, 0x20, 0x04, 0x21, 0x07, 0x19, 0x2e, 0x2a, 0x19, 0x4c, 0xb9, 0x3b,
    0xfb, 0x3b, 0xfa, 0x3b, 0xfa, 0x3b, 0xfa, 0x3b, 0xda, 0x3b, 0x99, 0x3b, 0xd9, 0x43, 0xd9, 0x43,
    0x59, 0x54, 0xbb, 0x64, 0x78, 0x33, 0xda, 0x3b, 0xd9, 0x3b, 0xd9, 0x43, 0xd8, 0x43, 0xb8, 0x43,
    0x39, 0x54, 0x7d, 0x7d, 0x3c, 0x75, 0x3d, 0x75, 0xbb, 0x5c, 0x5b, 0x4c, 0x9c, 0x54, 0x9b, 0x54,
    0x9c, 0x54, 0x7c, 0x54, 0xbb, 0x54, 0xbe, 0x54, 0x3a, 0x4c, 0x48, 0x19, 0x26, 0x19, 0xe5, 0x18,
    0x11, 0x84, 0xb7, 0xb5, 0xba, 0xd6, 0xba, 0xd6, 0xba, 0xd6, 0xba, 0xd6, 0xba, 0xd6, 0xba, 0xd6,
    0xba, 0xd6, 0xdb, 0xde, 0x18, 0xc6, 0x96, 0xb5, 0xec, 0x5a, 0x29, 0x42, 0x4d, 0x6b, 0xdb, 0xde,
    0x1c, 0xe7, 0x35, 0xa5, 0x75, 0xad, 0x96, 0xb5, 0x92, 0x94, 0x0d, 0x63, 0x8b, 0x52, 0x86, 0x29,
    0x6f, 0x21, 0x72, 0x21, 0x52, 0x19, 0xaf, 0x29, 0xe7, 0x39, 0x75, 0xad, 0xdf, 0xff, 0x3c, 0xe7,
    0xd7, 0xbd, 0xd7, 0xbd, 0xb7, 0xb5, 0x39, 0xce, 0x35, 0xa5, 0x0c, 0x63, 0x8b, 0x4a, 0x66, 0x29,
    0x72, 0x8c, 0x96, 0xb5, 0x18, 0xc6, 0xdb, 0xde, 0xba, 0xd6, 0xba, 0xd6, 0xba, 0xd6, 0xba, 0xd6,
    0xdb, 0xde, 0xd7, 0xbd, 0x35, 0xad, 0x14, 0xa5, 0xa8, 0x31, 0xc5, 0x08, 0x9b, 0x85, 0xfd, 0x8d,
    0xdc, 0x8d, 0xfe, 0x8d, 0x5a, 0x5c, 0xb9, 0x43, 0x7b, 0x54, 0x5b, 0x54, 0x5b, 0x54, 0x5b, 0x54,
    0x5b, 0x54, 0x5b, 0x54, 0x5b, 0x54, 0x5b, 0x54, 0xfa, 0x4b, 0x39, 0x54, 0xdd, 0x8d, 0xdd, 0x8d,
    0xdd, 0x8d, 0xdd, 0x8d, 0xdd, 0x8d, 0xdd, 0x8d, 0xfd, 0x8d, 0x1d, 0x8e, 0x5d, 0x7d, 0xb8, 0x43,
    0x7b, 0x54, 0x7b, 0x54, 0x7b, 0x54, 0x7c, 0x54, 0xb7, 0x3b, 0x14, 0x33, 0xab, 0x19, 0x06, 0x11,
    0xe5, 0x10, 0xe5, 0x10, 0xe5, 0x10, 0xe5, 0x10, 0xe5, 0x10, 0x69, 0x11, 0xf3, 0x32, 0xd8, 0x43,
    0xf9, 0x4b, 0x98, 0x3b, 0xfb, 0x3b, 0xfa, 0x3b, 0xfb, 0x3b, 0xfb, 0x3b, 0xb9, 0x3b, 0x19, 0x4c,
    0xde, 0x8d, 0xbd, 0x85, 0x1e, 0x96, 0x7d, 0x7d, 0x98, 0x3b, 0x3b, 0x44, 0x3b, 0x44, 0x1a, 0x44,
    0x1b, 0x44, 0xb9, 0x3b, 0x59, 0x54, 0xfe, 0x8d, 0xdd, 0x8d, 0x1e, 0x8e, 0xfb, 0x6c, 0xd8, 0x3b,
    0x7b, 0x54, 0x9b, 0x54, 0x9b, 0x54, 0x9b, 0x54, 0x9b, 0x54, 0x5a, 0x54, 0xd6, 0x4b, 0xa5, 0x08,
    0xab, 0x52, 0x55, 0xad, 0x18, 0xc6, 0x9a, 0xd6, 0xba, 0xd6, 0xba, 0xd6, 0xba, 0xd6, 0xba, 0xd6,
    0xba, 0xd6, 0xba, 0xd6, 0xba, 0xd6, 0xdb, 0xde, 0xf8, 0xbd, 0x96, 0xb5, 0xcc, 0x5a, 0x2a, 0x42,
    0x4d, 0x6b, 0xdb, 0xde, 0x1c, 0xe7, 0x35, 0xa5, 0x75, 0xad, 0x96, 0xb5, 0x92, 0x94, 0x0d, 0x63,
    0x8b, 0x52, 0x86, 0x29, 0x6f, 0x21, 0x72, 0x21, 0x52, 0x19, 0xaf, 0x29, 0xe7, 0x39, 0x75, 0xad,
    0xdf, 0xff, 0x1c, 0xe7, 0xd7, 0xbd, 0xd7, 0xbd, 0xb7, 0xb5, 0x39, 0xc6, 0x35, 0xa5, 0x0c, 0x63,
    0x8a, 0x4a, 0x66, 0x21, 0x72, 0x8c, 0x96, 0xb5, 0x18, 0xc6, 0xdb, 0xde, 0xba, 0xd6, 0xba, 0xd6,
    0xba, 0xd6, 0xbb, 0xde, 0xba, 0xd6, 0xdb, 0xde, 0x38, 0xc6, 0x96, 0xad, 0x2a, 0x42, 0x27, 0x11,
    0xdc, 0x8d, 0x5f, 0x96, 0x3f, 0x96, 0x5f, 0x96, 0x59, 0x54, 0xda, 0x43, 0x5b, 0x54, 0x5b, 0x54,
    0x5b, 0x54, 0x5b, 0x54, 0x5b, 0x54, 0x5b, 0x54, 0x7b, 0x54, 0x3b, 0x4c, 0xf9, 0x4b, 0xbd, 0x85,
    0xdd, 0x8d, 0xdd, 0x8d, 0xdd, 0x8d, 0xdd, 0x8d, 0xdd, 0x8d, 0xfd, 0x8d, 0xfd, 0x8d, 0x1d, 0x8e,
    0x5c, 0x7d, 0xb8, 0x43, 0x7b, 0x54, 0x7b, 0x54, 0x7b, 0x54, 0x7c, 0x54, 0x5b, 0x4c, 0x5a, 0x4c,
    0x90, 0x2a, 0x49, 0x19, 0xa4, 0x08, 0xa4, 0x08, 0xa4, 0x08, 0xa4, 0x08, 0x07, 0x11, 0x4e, 0x2a,
    0x7a, 0x5c, 0xdd, 0x64, 0xf9, 0x43, 0x99, 0x3b, 0xfb, 0x3b, 0xfa, 0x3b, 0xfa, 0x3b, 0x1b, 0x44,
    0x99, 0x3b, 0x39, 0x54, 0x3e, 0x96, 0xfd, 0x8d, 0x1d, 0x96, 0x7c, 0x7d, 0xb8, 0x3b, 0x1b, 0x44,
    0x3b, 0x44, 0x3b, 0x44, 0x3b, 0x44, 0xb9, 0x3b, 0x5a, 0x54, 0xfe, 0x8d, 0xbd, 0x85, 0xdd, 0x85,
    0xdd, 0x85, 0x3d, 0x75, 0x97, 0x3b, 0x3b, 0x4c, 0x9c, 0x54, 0x9c, 0x54, 0xbd, 0x5c, 0x0d, 0x22,
    0x26, 0x11, 0x27, 0x19, 0xaf, 0x73, 0xd7, 0xbd, 0x59, 0xce, 0xdb, 0xde, 0xba, 0xd6, 0xba, 0xd6,
    0xba, 0xd6, 0xba, 0xd6, 0xba, 0xd6, 0xba, 0xd6, 0xba, 0xd6, 0xdb, 0xde, 0xf8, 0xbd, 0x96, 0xb5,
    0xcc, 0x5a, 0x29, 0x42, 0x4d, 0x6b, 0xdb, 0xde, 0x1c, 0xe7, 0x34, 0xa5, 0x75, 0xad, 0x96, 0xb5,
    0x72, 0x8c, 0x0c, 0x63, 0x8b, 0x52, 0x86, 0x29, 0x6f, 0x21, 0x72, 0x21, 0x52, 0x19, 0xaf, 0x29,
    0xc7, 0x39, 0x55, 0xad, 0xdf, 0xff, 0x1c, 0xe7, 0xd7, 0xbd, 0xd7, 0xbd, 0xb6, 0xb5, 0x38, 0xc6,
    0x35, 0xa5, 0x0c, 0x63, 0x8a, 0x4a, 0x46, 0x21, 0x72, 0x8c, 0x96, 0xb5, 0x18, 0xc6, 0xdb, 0xde,
    0xba, 0xd6, 0xba, 0xd6, 0xba, 0xd6, 0xba, 0xd6, 0xba, 0xd6, 0xdb, 0xde, 0x38, 0xc6, 0x96, 0xad,
    0x09, 0x42, 0xa5, 0x08, 0x92, 0x53, 0xb2, 0x53, 0x92, 0x53, 0x92, 0x53, 0x76, 0x43, 0x1a, 0x4c,
    0x5b, 0x4c, 0x5b, 0x4c, 0x5b, 0x54, 0x5b, 0x54, 0x7b, 0x54, 0x7b, 0x54, 0x7b, 0x54, 0x1a, 0x4c,
    0x19, 0x4c, 0xdd, 0x8d, 0xdd, 0x8d, 0xdd, 0x8d, 0xdd, 0x8d, 0xdd, 0x8d, 0xdd, 0x8d, 0xdd, 0x8d,
    0xdd, 0x8d, 0x1e, 0x8e, 0x5c, 0x75, 0xb8, 0x3b, 0x7b, 0x54, 0x9c, 0x54, 0x7b, 0x54, 0x7b, 0x54,
    0x9b, 0x54, 0x39, 0x54, 0x27, 0x11, 0xe3, 0x18, 0xe7, 0x39, 0xe7, 0x39, 0xe7, 0x39, 0xe7, 0x39,
    0x04, 0x21, 0xe6, 0x18, 0xb7, 0x43, 0x7a, 0x54, 0xd9, 0x43, 0x99, 0x3b, 0xfb, 0x3b, 0xfa, 0x3b,
    0xfa, 0x3b, 0xda, 0x3b, 0xd9, 0x43, 0x1c, 0x75, 0x1d, 0x96, 0xfd, 0x8d, 0x3d, 0x96, 0x7c, 0x7d,
    0x98, 0x3b, 0x1b, 0x44, 0x3b, 0x44, 0x3b, 0x44, 0x3b, 0x44, 0xb9, 0x3b, 0x59, 0x54, 0xfd, 0x8d,
    0xdd, 0x85, 0xdd, 0x85, 0xdd, 0x85, 0xbd, 0x85, 0x1c, 0x6d, 0x3a, 0x4c, 0x3b, 0x4c, 0x5a, 0x4c,
    0x55, 0x3b, 0x28, 0x11, 0xe5, 0x18, 0xf4, 0x9c, 0x96, 0xb5, 0x38, 0xc6, 0x9a, 0xd6, 0xba, 0xd6,
    0xba, 0xd6, 0xba, 0xd6, 0xba, 0xd6, 0xba, 0xd6, 0xba, 0xd6, 0xba, 0xd6, 0xba, 0xd6, 0xdb, 0xde,
    0xf8, 0xbd, 0x96, 0xb5, 0xcc, 0x5a, 0x29, 0x42, 0x2d, 0x63, 0xdb, 0xde, 0x1c, 0xe7, 0x34, 0xa5,
    0x75, 0xad, 0x96, 0xb5, 0x72, 0x8c, 0x0c, 0x5b, 0x8a, 0x4a, 0x66, 0x29, 0x6f, 0x21, 0x72, 0x21,
    0x52, 0x19, 0xaf, 0x29, 0xc7, 0x39, 0x75, 0xad, 0xdf, 0xff, 0x1c, 0xe7, 0xd7, 0xbd, 0xd7, 0xbd,
    0xb6, 0xb5, 0x38, 0xc6, 0x35, 0xa5, 0x0c, 0x63, 0x8a, 0x4a, 0x66, 0x21, 0x72, 0x8c, 0x96, 0xb5,
    0x18, 0xc6, 0xdb, 0xde, 0xba, 0xd6, 0xba, 0xd6, 0xba, 0xd6, 0xba, 0xd6, 0xba, 0xd6, 0xdb, 0xde,
    0x9a, 0xd6, 0xbb, 0xd6, 0x6e, 0x6b, 0x46, 0x21, 0x63, 0x08, 0x63, 0x00, 0x63, 0x00, 0x84, 0x00,
    0x2e, 0x2a, 0x19, 0x4c, 0x7c, 0x54, 0x3b, 0x4c, 0x5b, 0x4c, 0x7b, 0x4c, 0x7b, 0x54, 0x7b, 0x54,
    0x7b, 0x54, 0x1a, 0x4c, 0xf8, 0x4b, 0xdd, 0x8d, 0xdd, 0x8d, 0xdd, 0x8d, 0xdd, 0x8d, 0xdd, 0x8d,
    0xdd, 0x8d, 0xdd, 0x8d, 0xdd, 0x8d, 0x1e, 0x8e, 0x5c, 0x75, 0xb8, 0x3b, 0x7b, 0x54, 0x9b, 0x54,
    0x7b, 0x54, 0xbc, 0x5c, 0x6f, 0x2a, 0x68, 0x19, 0x10, 0xad, 0x32, 0xde, 0xd3, 0xfe, 0xd3, 0xfe,
    0xd3, 0xfe, 0xd3, 0xfe, 0xca, 0xd4, 0x66, 0xb3, 0x67, 0x21, 0xcd, 0x19, 0x77, 0x3b, 0xb9, 0x3b,
    0xfa, 0x3b, 0xfa, 0x3b, 0xfb, 0x3b, 0x99, 0x33, 0x59, 0x54, 0x3e, 0x96, 0xfd, 0x8d, 0xfd, 0x95,
    0x3e, 0x96, 0x3c, 0x75, 0x98, 0x3b, 0x3b, 0x44, 0x3b, 0x44, 0x3b, 0x44, 0x3b, 0x44, 0xd9, 0x3b,
    0x39, 0x54, 0xfe, 0x8d, 0xdd, 0x85, 0xdd, 0x85, 0xdd, 0x85, 0xdd, 0x85, 0x1e, 0x8e, 0x19, 0x4c,
    0x1a, 0x4c, 0x18, 0x4c, 0x07, 0x09, 0x88, 0x29, 0x2d, 0x5b, 0x35, 0xa5, 0xf7, 0xbd, 0xfb, 0xde,
    0xba, 0xd6, 0xba, 0xd6, 0xba, 0xd6, 0xba, 0xd6, 0xba, 0xd6, 0xba, 0xd6, 0xba, 0xd6, 0xba, 0xd6,
    0xba, 0xd6, 0xdb, 0xde, 0xf8, 0xbd, 0x96, 0xb5, 0xcc, 0x5a, 0x29, 0x42, 0x2d, 0x63, 0xdb, 0xde,
    0x1c, 0xe7, 0x34, 0xa5, 0x75, 0xad, 0x96, 0xb5, 0x72, 0x8c, 0x0c, 0x5b, 0x8a, 0x4a, 0x66, 0x29,
    0x6f, 0x21, 0x72, 0x21, 0x52, 0x19, 0xaf, 0x29, 0xc7, 0x39, 0x75, 0xad, 0xdf, 0xff, 0x1c, 0xe7,
    0xd7, 0xbd, 0xd7, 0xbd, 0xb6, 0xb5, 0x38, 0xc6, 0x35, 0xa5, 0x0c, 0x5b, 0x8a, 0x4a, 0x66, 0x29,
    0x72, 0x8c, 0x96, 0xb5, 0x18, 0xc6, 0xdb, 0xde, 0xba, 0xd6, 0xba, 0xd6, 0xba, 0xd6, 0xba, 0xd6,
    0xba, 0xd6, 0xba, 0xd6, 0xba, 0xde, 0xdb, 0xde, 0x76, 0xad, 0x11, 0x7c, 0x0d, 0x5b, 0x2d, 0x63,
    0x2e, 0x5b, 0xc9, 0x31, 0x84, 0x08, 0x89, 0x19, 0x95, 0x43, 0x9c, 0x54, 0x5b, 0x4c, 0x5b, 0x54,
    0x7b, 0x54, 0x5b, 0x54, 0x7b, 0x54, 0xf9, 0x43, 0x59, 0x54, 0xfd, 0x8d, 0xdd, 0x8d, 0xdd, 0x8d,
    0xdd, 0x8d, 0xfd, 0x8d, 0xdd, 0x8d, 0xdd, 0x8d, 0xdd, 0x8d, 0xfd, 0x8d, 0x5c, 0x75, 0xb8, 0x43,
    0x7c, 0x54, 0x7b, 0x54, 0x7b, 0x54, 0xbc, 0x5c, 0xec, 0x21, 0xa2, 0x10, 0x11, 0xde, 0xd0, 0xfe,
    0xa9, 0xf5, 0x8a, 0xfd, 0xa9, 0xf5, 0x89, 0xfd, 0x26, 0xec, 0x25, 0xd3, 0xe3, 0x28, 0x8a, 0x19,
    0xf9, 0x3b, 0xb8, 0x3b, 0x98, 0x3b, 0xb9, 0x3b, 0xda, 0x3b, 0x78, 0x33, 0x39, 0x54, 0x1e, 0x96,
    0xfd, 0x8d, 0xfd, 0x95, 0x3e, 0x96, 0xba, 0x64, 0xb9, 0x3b, 0x3b, 0x44, 0x3b, 0x44, 0x3b, 0x44,
    0x3b, 0x44, 0x1a, 0x44, 0xf9, 0x43, 0xdb, 0x64, 0xdd, 0x8d, 0xdd, 0x85, 0xde, 0x85, 0xdd, 0x85,
    0xdd, 0x85, 0x3c, 0x75, 0xbc, 0x5c, 0xb7, 0x43, 0xc6, 0x08, 0x4e, 0x63, 0xf8, 0xbd, 0xf7, 0xbd,
    0x9a, 0xd6, 0xba, 0xd6, 0xba, 0xd6, 0xba, 0xd6, 0xba, 0xd6, 0xba, 0xd6, 0xba, 0xd6, 0xba, 0xd6,
    0xba, 0xd6, 0xba, 0xd6, 0xba, 0xd6, 0xdb, 0xde, 0xf8, 0xbd, 0x96, 0xb5, 0xec, 0x5a, 0x29, 0x42,
    0x2d, 0x63, 0xdb, 0xde, 0x1c, 0xe7, 0x34, 0xa5, 0x75, 0xad, 0x96, 0xb5, 0x72, 0x8c, 0xec, 0x5a,
    0x8a, 0x4a, 0x86, 0x29, 0x6f, 0x21, 0x72, 0x21, 0x52, 0x19, 0xaf, 0x29, 0xc7, 0x39, 0x55, 0xad,
    0xbf, 0xf7, 0x1c, 0xe7, 0xd7, 0xbd, 0xb7, 0xb5, 0xb6, 0xb5, 0x38, 0xc6, 0x35, 0xa5, 0x0c, 0x5b,
    0x8a, 0x4a, 0x66, 0x29, 0x72, 0x8c, 0xb6, 0xb5, 0x18, 0xc6, 0xdb, 0xde, 0xba, 0xd6, 0xba, 0xd6,
    0xba, 0xd6, 0xba, 0xd6, 0xba, 0xd6, 0xba, 0xd6, 0xba, 0xd6, 0xbb, 0xd6, 0x9a, 0xd6, 0x18, 0xbe,
    0x92, 0x8c, 0x72, 0x8c, 0xb3, 0x94, 0x0d, 0x63, 0xa8, 0x31, 0x05, 0x19, 0x48, 0x19, 0x2e, 0x22,
    0x19, 0x4c, 0x9d, 0x54, 0x5b, 0x4c, 0x5a, 0x4c, 0x7b, 0x54, 0xf9, 0x43, 0xdb, 0x6c, 0x5f, 0x96,
    0x3e, 0x8e, 0x1e, 0x96, 0xbd, 0x8d, 0x9c, 0x85, 0xfe, 0x8d, 0xfe, 0x8d, 0xfe, 0x8d, 0x1e, 0x96,
    0x7d, 0x7d, 0xb8, 0x43, 0x7b, 0x54, 0x9c, 0x54, 0x7b, 0x54, 0xbc, 0x5c, 0x0c, 0x22, 0xc3, 0x18,
    0xf1, 0xd5, 0x2c, 0xfe, 0x82, 0xf4, 0x83, 0xfc, 0xa2, 0xf4, 0x83, 0xfc, 0x03, 0xe3, 0x45, 0xc2,
    0xe4, 0x20, 0xab, 0x19, 0x3b, 0x44, 0xb9, 0x3b, 0xd9, 0x43, 0xf9, 0x4b, 0xd9, 0x43, 0xb8, 0x3b,
    0xf8, 0x4b, 0xfe, 0x95, 0x1d, 0x96, 0xfd, 0x8d, 0x3e, 0x96, 0x9a, 0x5c, 0xda, 0x3b, 0x3b, 0x44,
    0x3b, 0x44, 0x3b, 0x44, 0x3b, 0x44, 0x5b, 0x44, 0xd9, 0x3b, 0x19, 0x4c, 0xde, 0x8d, 0xdd, 0x85,
    0xdd, 0x85, 0xdd, 0x85, 0xbd, 0x85, 0xfe, 0x8d, 0x92, 0x4b, 0x8a, 0x19, 0x63, 0x00, 0xec, 0x52,
    0xb7, 0xb5, 0x7a, 0xce, 0xdb, 0xde, 0xba, 0xd6, 0xba, 0xd6, 0xba, 0xd6, 0xba, 0xd6, 0xba, 0xd6,
    0xba, 0xd6, 0xba, 0xd6, 0xba, 0xd6, 0xba, 0xd6, 0xba, 0xd6, 0xdb, 0xde, 0xf8, 0xbd, 0x96, 0xb5,
    0xec, 0x5a, 0x2a, 0x42, 0x4d, 0x63, 0xdb, 0xde, 0x1c, 0xe7, 0x34, 0xa5, 0x75, 0xad, 0x96, 0xb5,
    0x72, 0x8c, 0xec, 0x5a, 0x8a, 0x4a, 0x86, 0x29, 0x6f, 0x21, 0x72, 0x21, 0x52, 0x19, 0xaf, 0x29,
    0xe7, 0x39, 0x55, 0xad, 0xbf, 0xf7, 0x3c, 0xe7, 0xd7, 0xbd, 0xb7, 0xb5, 0x96, 0xb5, 0x39, 0xc6,
    0x35, 0xa5, 0x0c, 0x5b, 0x8a, 0x4a, 0x66, 0x29, 0x72, 0x8c, 0xb6, 0xb5, 0x18, 0xc6, 0xdb, 0xde,
    0xba, 0xd6, 0xba, 0xd6, 0xba, 0xd6, 0xba, 0xd6, 0xba, 0xd6, 0xba, 0xd6, 0xba, 0xd6, 0xba, 0xd6,
    0xdb, 0xde, 0xba, 0xd6, 0x38, 0xc6, 0x18, 0xc6, 0x39, 0xc6, 0x55, 0xad, 0x34, 0xa5, 0xf0, 0x73,
    0xc4, 0x18, 0x84, 0x08, 0x8f, 0x32, 0x55, 0x3b, 0x7b, 0x54, 0x9d, 0x54, 0x9c, 0x54, 0x5c, 0x4c,
    0xd6, 0x53, 0x14, 0x64, 0xf4, 0x5b, 0x77, 0x6c, 0xdb, 0x64, 0xb8, 0x3b, 0x19, 0x54, 0x19, 0x54,
    0x19, 0x4c, 0x59, 0x54, 0x19, 0x4c, 0xb8, 0x43, 0x7b, 0x54, 0x7b, 0x54, 0x7b, 0x54, 0xbc, 0x5c,
    0xec, 0x21, 0xc3, 0x10, 0xf0, 0xd5, 0x6d, 0xfe, 0xa4, 0xfc, 0xc3, 0xfc, 0xc3, 0xfc, 0xa4, 0xfc,
    0x23, 0xeb, 0x64, 0xca, 0xe3, 0x28, 0xab, 0x19, 0x3b, 0x44, 0xd9, 0x3b, 0x3a, 0x54, 0x9c, 0x5c,
    0x9b, 0x5c, 0x7b, 0x54, 0xd8, 0x43, 0xdd, 0x8d, 0x1d, 0x96, 0xfd, 0x8d, 0x3e, 0x96, 0x9a, 0x5c,
    0xba, 0x3b, 0x3b, 0x44, 0x3b, 0x44, 0x3b, 0x44, 0x3b, 0x44, 0x3b, 0x44, 0xda, 0x3b, 0x19, 0x54,
    0xde, 0x85, 0xdd, 0x85, 0xdd, 0x85, 0xdd, 0x85, 0xbd, 0x85, 0x1f, 0x8e, 0x8d, 0x32, 0xa4, 0x08,
    0x4a, 0x42, 0xb3, 0x94, 0xba, 0xd6, 0xba, 0xd6, 0xba, 0xd6, 0xba, 0xd6, 0xdb, 0xde, 0xba, 0xd6,
    0xdb, 0xde, 0xba, 0xd6, 0xba, 0xd6, 0xba, 0xd6, 0xba, 0xd6, 0xba, 0xd6, 0xba, 0xd6, 0xdb, 0xde,
    0xf7, 0xbd, 0x96, 0xb5, 0xcc, 0x5a, 0x4a, 0x42, 0x4d, 0x6b, 0xdb, 0xde, 0x1c, 0xe7, 0x34, 0xa5,
    0x75, 0xad, 0x96, 0xb5, 0x72, 0x8c, 0xec, 0x5a, 0x8a, 0x4a, 0x86, 0x29, 0x6f, 0x21, 0x72, 0x21,
    0x52, 0x19, 0xaf, 0x29, 0xe7, 0x39, 0x55, 0xad, 0xbf, 0xf7, 0x3c, 0xe7, 0xb7, 0xb5, 0xb7, 0xb5,
    0x96, 0xb5, 0x39, 0xc6, 0x35, 0xa5, 0xec, 0x5a, 0x8a, 0x4a, 0x66, 0x29, 0x72, 0x8c, 0x96, 0xb5,
    0x18, 0xc6, 0xdb, 0xde, 0xba, 0xd6, 0xba, 0xd6, 0xba, 0xd6, 0xba, 0xd6, 0xba, 0xd6, 0xba, 0xd6,
    0xba, 0xd6, 0xba, 0xd6, 0xba, 0xd6, 0xba, 0xd6, 0xdb, 0xde, 0xdb, 0xde, 0xfb, 0xde, 0x39, 0xc6,
    0xf7, 0xbd, 0xf3, 0x9c, 0x6d, 0x6b, 0xac, 0x52, 0x63, 0x08, 0xe6, 0x08, 0x12, 0x3b, 0x35, 0x3b,
    0x53, 0x3b, 0x33, 0x3b, 0x8a, 0x19, 0x22, 0x00, 0x62, 0x00, 0x07, 0x11, 0x14, 0x3b, 0xfa, 0x43,
    0xda, 0x43, 0xf9, 0x43, 0xf9, 0x43, 0xfa, 0x4b, 0x1a, 0x4c, 0x3b, 0x4c, 0x7b, 0x54, 0x7b, 0x54,
    0x7b, 0x54, 0xbc, 0x5c, 0x0c, 0x22, 0xc3, 0x10, 0xd0, 0xdd, 0x6e, 0xfe, 0xc4, 0xf4, 0xc3, 0xfc,
    0xc3, 0xfc, 0xc4, 0xfc, 0x43, 0xe3, 0x64, 0xc2, 0xc3, 0x28, 0xab, 0x19, 0x3b, 0x44, 0xb9, 0x3b,
    0xf9, 0x4b, 0x9c, 0x5c, 0xbc, 0x5c, 0x5a, 0x4c, 0x97, 0x3b, 0xdd, 0x8d, 0x1d, 0x96, 0xfd, 0x8d,
    0x3e, 0x96, 0x9a, 0x5c, 0xda, 0x3b, 0x3b, 0x44, 0x3b, 0x44, 0x3b, 0x44, 0x3b, 0x44, 0x3b, 0x44,
    0xfa, 0x3b, 0x19, 0x4c, 0xfe, 0x85, 0xdd, 0x85, 0xdd, 0x85, 0xdd, 0x85, 0xfe, 0x8d, 0x5c, 0x75,
    0x2d, 0x2a, 0x05, 0x19, 0xf8, 0xbd, 0x9a, 0xd6, 0xdb, 0xde, 0xbb, 0xd6, 0xba, 0xd6, 0xba, 0xd6,
    0xba, 0xd6, 0xdb, 0xde, 0xba, 0xd6, 0xba, 0xd6, 0xba, 0xd6, 0xba, 0xd6, 0xba, 0xd6, 0xba, 0xd6,
    0xba, 0xd6, 0xdb, 0xde, 0xf7, 0xbd, 0x96, 0xb5, 0xcc, 0x5a, 0x29, 0x42, 0x2d, 0x63, 0xdb, 0xde,
    0x1c, 0xe7, 0x34, 0xa5, 0x75, 0xad, 0x96, 0xb5, 0x71, 0x8c, 0xec, 0x5a, 0x6a, 0x4a, 0x86, 0x29,
    0x6f, 0x21, 0x72, 0x21, 0x52, 0x19, 0xaf, 0x29, 0xe7, 0x39, 0x75, 0xad, 0xbf, 0xf7, 0x3c, 0xe7,
    0xb7, 0xb5, 0xb6, 0xb5, 0x96, 0xb5, 0x38, 0xc6, 0x35, 0xa5, 0xec, 0x5a, 0x6a, 0x4a, 0x66, 0x29,
    0x72, 0x8c, 0x96, 0xb5, 0x18, 0xc6, 0xdb, 0xde, 0xba, 0xd6, 0xba, 0xd6, 0xba, 0xd6, 0xba, 0xd6,
    0xba, 0xd6, 0xba, 0xd6, 0xba, 0xd6, 0xba, 0xd6, 0xba, 0xd6, 0xba, 0xd6, 0xba, 0xd6, 0xba, 0xd6,
    0xba, 0xd6, 0xdb, 0xde, 0xdb, 0xde, 0x18, 0xc6, 0x35, 0xa5, 0x73, 0x8c, 0xac, 0x52, 0xa9, 0x31,
    0x63, 0x00, 0xa3, 0x08, 0x84, 0x08, 0x63, 0x00, 0x05, 0x19, 0x2d, 0x63, 0x0d, 0x53, 0x87, 0x29,
    0x07, 0x11, 0x7a, 0x54, 0x9d, 0x54, 0x7b, 0x54, 0x9b, 0x54, 0x9c, 0x54, 0x9b, 0x54, 0x7b, 0x54,
    0x7b, 0x54, 0x7b, 0x54, 0x7b, 0x54, 0xbc, 0x5c, 0xec, 0x21, 0xc3, 0x18, 0xb0, 0xdd, 0x0d, 0xfe,
    0x63, 0xf4, 0x64, 0xf4, 0x64, 0xf4, 0x64, 0xf4, 0x03, 0xeb, 0x64, 0xca, 0xe3, 0x20, 0xcb, 0x11,
    0x3b, 0x44, 0xb9, 0x3b, 0x3a, 0x54, 0xfc, 0x64, 0x9b, 0x5c, 0xda, 0x43, 0x5a, 0x5c, 0x1e, 0x96,
    0x3d, 0x96, 0x1d, 0x96, 0x5e, 0x96, 0x99, 0x5c, 0xb9, 0x3b, 0x3b, 0x44, 0xfa, 0x43, 0xf9, 0x43,
    0xd9, 0x3b, 0xd9, 0x3b, 0xb9, 0x3b, 0xf8, 0x4b, 0x7d, 0x7d, 0xbd, 0x85, 0xbd, 0x85, 0x9d, 0x7d,
    0xfb, 0x6c, 0xb8, 0x43, 0xcc, 0x19, 0x25, 0x19, 0x38, 0xc6, 0xdb, 0xde, 0xba, 0xd6, 0xba, 0xd6,
    0xba, 0xd6, 0xba, 0xd6, 0xba, 0xd6, 0xba, 0xd6, 0xba, 0xd6, 0xba, 0xd6, 0xba, 0xd6, 0xba, 0xd6,
    0xba, 0xd6, 0xba, 0xd6, 0xba, 0xd6, 0xdb, 0xde, 0xf8, 0xbd, 0x96, 0xb5, 0xcc, 0x5a, 0x29, 0x42,
    0x2d, 0x63, 0xdb, 0xde, 0x1c, 0xe7, 0x34, 0xa5, 0x75, 0xad, 0x96, 0xb5, 0x71, 0x8c, 0xec, 0x5a,
    0x6a, 0x4a, 0x66, 0x29, 0x6f, 0x21, 0x72, 0x21, 0x52, 0x19, 0xaf, 0x29, 0xe7, 0x39, 0x55, 0xad,
    0xbf, 0xf7, 0x3c, 0xe7, 0xb6, 0xb5, 0xb6, 0xb5, 0x96, 0xb5, 0x38, 0xc6, 0x35, 0xa5, 0xec, 0x5a,
    0x8a, 0x4a, 0x66, 0x29, 0x72, 0x8c, 0x96, 0xb5, 0x18, 0xc6, 0xdb, 0xde, 0xba, 0xd6, 0xba, 0xd6,
    0xba, 0xd6, 0xba, 0xd6, 0xba, 0xd6, 0xba, 0xd6, 0xba, 0xd6, 0xba, 0xd6, 0xba, 0xd6, 0xba, 0xd6,
    0xba, 0xd6, 0xba, 0xd6, 0xba, 0xd6, 0xba, 0xd6, 0xba, 0xd6, 0xdb, 0xde, 0x79, 0xce, 0xd7, 0xb5,
    0x75, 0xad, 0x51, 0x84, 0x6b, 0x4a, 0x8c, 0x4a, 0x8c, 0x4a, 0x8c, 0x4a, 0xed, 0x52, 0x76, 0xb5,
    0x35, 0xad, 0xe9, 0x39, 0xc5, 0x00, 0x33, 0x43, 0x39, 0x54, 0x7b, 0x54, 0x7b, 0x4c, 0x7b, 0x54,
    0x7b, 0x54, 0x7b, 0x54, 0x7b, 0x54, 0x7b, 0x54, 0x7b, 0x54, 0x9c, 0x5c, 0xec, 0x21, 0xa2, 0x10,
    0x86, 0x9a, 0xc6, 0xca, 0xa3, 0xda, 0xa3, 0xe2, 0xa4, 0xe2, 0xa3, 0xe2, 0x65, 0xd2, 0x25, 0xaa,
    0xa2, 0x20, 0x8a, 0x19, 0x3b, 0x3c, 0xfa, 0x3b, 0xd9, 0x4b, 0x7d, 0x7d, 0x7d, 0x7d, 0x39, 0x54,
    0x9a, 0x64, 0x5c, 0x7d, 0x1b, 0x75, 0x5c, 0x7d, 0x1e, 0x8e, 0x1b, 0x6d, 0x78, 0x3b, 0xd9, 0x3b,
    0x99, 0x3b, 0x78, 0x3b, 0xd9, 0x3b, 0xd9, 0x3b, 0xb9, 0x3b, 0xb9, 0x43, 0x97, 0x3b, 0xd8, 0x43,
    0xf9, 0x43, 0xd9, 0x43, 0x98, 0x33, 0xfa, 0x3b, 0xac, 0x19, 0x25, 0x19, 0xba, 0xd6, 0xfb, 0xde,
    0xba, 0xd6, 0xba, 0xd6, 0xba, 0xd6, 0xba, 0xd6, 0xba, 0xd6, 0xba, 0xd6, 0xba, 0xd6, 0xba, 0xd6,
    0xba, 0xd6, 0xba, 0xd6, 0xba, 0xd6, 0xba, 0xd6, 0xba, 0xd6, 0xdb, 0xde, 0xf8, 0xbd, 0x96, 0xb5,
    0xcc, 0x52, 0x29, 0x42, 0x2d, 0x63, 0xdb, 0xde, 0x1c, 0xe7, 0x34, 0xa5, 0x55, 0xad, 0x96, 0xb5,
    0x71, 0x8c, 0xec, 0x5a, 0x6a, 0x4a, 0x66, 0x29, 0x6f, 0x21, 0x72, 0x21, 0x52, 0x19, 0xaf, 0x29,
    0xe7, 0x39, 0x55, 0xad, 0xbe, 0xf7, 0x3c, 0xe7, 0xb7, 0xb5, 0x96, 0xb5, 0x96, 0xb5, 0x18, 0xc6,
    0x35, 0xa5, 0xec, 0x5a, 0x6a, 0x4a, 0x46, 0x29, 0x72, 0x8c, 0x96, 0xb5, 0x18, 0xc6, 0xdb, 0xde,
    0xba, 0xd6, 0xba, 0xd6, 0xba, 0xd6, 0xba, 0xd6, 0xba, 0xd6, 0xba, 0xd6, 0xba, 0xd6, 0xba, 0xd6,
    0xba, 0xd6, 0xba, 0xd6, 0xba, 0xd6, 0xba, 0xd6, 0xba, 0xd6, 0xba, 0xd6, 0xba, 0xd6, 0xbb, 0xd6,
    0xba, 0xd6, 0xba, 0xd6, 0xfb, 0xde, 0xf8, 0xbd, 0x92, 0x8c, 0xd3, 0x94, 0xd3, 0x94, 0xd3, 0x94,
    0xf3, 0x9c, 0x18, 0xbe, 0xd7, 0xb5, 0x0d, 0x63, 0x67, 0x21, 0x84, 0x08, 0xd2, 0x32, 0xbd, 0x54,
    0x5b, 0x54, 0x7b, 0x54, 0x7c, 0x54, 0x7b, 0x54, 0x7b, 0x54, 0x7b, 0x54, 0x7b, 0x54, 0x9c, 0x5c,
    0x70, 0x2a, 0x48, 0x19, 0xe5, 0x18, 0x03, 0x49, 0x25, 0xb2, 0x24, 0xb2, 0x24, 0xaa, 0x25, 0xba,
    0x64, 0x69, 0xe5, 0x18, 0x28, 0x19, 0x0d, 0x22, 0x1b, 0x44, 0x1b, 0x3c, 0x98, 0x3b, 0x7d, 0x85,
    0x5f, 0x96, 0x1b, 0x6d, 0xd8, 0x43, 0x19, 0x54, 0x19, 0x4c, 0x98, 0x3b, 0x3b, 0x75, 0xfe, 0x85,
    0x98, 0x3b, 0x57, 0x33, 0x35, 0x3b, 0x56, 0x3b, 0x76, 0x3b, 0xd8, 0x3b, 0x1b, 0x44, 0x1b, 0x3c,
    0xfa, 0x3b, 0xfa, 0x3b, 0xda, 0x33, 0xda, 0x3b, 0xfa, 0x3b, 0x1b, 0x3c, 0x50, 0x1a, 0x68, 0x19,
    0x56, 0xa5, 0x59, 0xce, 0xda, 0xde, 0xba, 0xd6, 0xba, 0xd6, 0xba, 0xd6, 0xba, 0xd6, 0xba, 0xd6,
    0xba, 0xd6, 0xba, 0xd6, 0xba, 0xd6, 0xba, 0xd6, 0xba, 0xd6, 0xba, 0xd6, 0xba, 0xd6, 0xdb, 0xde,
    0xf8, 0xbd, 0x96, 0xb5, 0xcb, 0x52, 0x29, 0x42, 0x2d, 0x63, 0xbb, 0xd6, 0x1c, 0xe7, 0x14, 0xa5,
    0x55, 0xad, 0x76, 0xad, 0x72, 0x8c, 0xec, 0x5a, 0x8a, 0x4a, 0x86, 0x29, 0x6f, 0x21, 0x72, 0x21,
    0x52, 0x19, 0xaf, 0x29, 0xc7, 0x39, 0x55, 0xad, 0xbe, 0xf7, 0x3c, 0xe7, 0xb6, 0xb5, 0x96, 0xb5,
    0x75, 0xad, 0x18, 0xc6, 0x35, 0xa5, 0xec, 0x5a, 0x6a, 0x4a, 0x46, 0x29, 0x72, 0x8c, 0x96, 0xb5,
    0x18, 0xc6, 0xdb, 0xde, 0xba, 0xd6, 0xba, 0xd6, 0xba, 0xd6, 0xba, 0xd6, 0xba, 0xd6, 0xba, 0xd6,
    0xba, 0xd6, 0xba, 0xd6, 0xba, 0xd6, 0xba, 0xd6, 0xba, 0xd6, 0xba, 0xd6, 0xba, 0xd6, 0xba, 0xd6,
    0xba, 0xd6, 0xba, 0xd6, 0xba, 0xd6, 0xba, 0xd6, 0xba, 0xd6, 0xba, 0xd6, 0xba, 0xd6, 0xba, 0xd6,
    0xba, 0xd6, 0x9a, 0xd6, 0xbb, 0xd6, 0xba, 0xd6, 0xba, 0xd6, 0x39, 0xc6, 0x31, 0x84, 0x82, 0x08,
    0xd1, 0x32, 0xbc, 0x54, 0x5b, 0x54, 0x7b, 0x54, 0x7b, 0x54, 0x7b, 0x54, 0x7b, 0x54, 0x7b, 0x54,
    0x7b, 0x54, 0x9b, 0x54, 0xb8, 0x3b, 0xf4, 0x2a, 0x07, 0x11, 0xa4, 0x10, 0xc4, 0x18, 0xc4, 0x18,
    0xc4, 0x18, 0xc4, 0x18, 0xc4, 0x18, 0x06, 0x09, 0xd3, 0x22, 0x57, 0x33, 0x1a, 0x3c, 0xda, 0x3b,
    0xb8, 0x3b, 0x9d, 0x85, 0xfd, 0x8d, 0xdd, 0x8d, 0xdd, 0x8d, 0xdd, 0x8d, 0x1e, 0x8e, 0x7a, 0x5c,
    0x59, 0x5c, 0x19, 0x75, 0x56, 0x3b, 0xb2, 0x32, 0xc5, 0x00, 0xe4, 0x08, 0x84, 0x08, 0xcc, 0x19,
    0x1a, 0x44, 0xf9, 0x3b, 0x6f, 0x22, 0xf5, 0x32, 0x3c, 0x3c, 0xfa, 0x3b, 0xfa, 0x3b, 0xda, 0x3b,
    0x1b, 0x3c, 0x35, 0x3b, 0x84, 0x00, 0xcf, 0x73, 0x3c, 0xe7, 0xba, 0xd6, 0xba, 0xd6, 0xba, 0xd6,
    0xba, 0xd6, 0xba, 0xd6, 0xba, 0xd6, 0xba, 0xd6, 0xba, 0xd6, 0xba, 0xd6, 0xba, 0xd6, 0xba, 0xd6,
    0xba, 0xd6, 0xdb, 0xde, 0x18, 0xc6, 0xb6, 0xb5, 0xcb, 0x5a, 0x29, 0x42, 0x2d, 0x63, 0xbb, 0xd6,
    0x1c, 0xe7, 0x14, 0xa5, 0x55, 0xad, 0x76, 0xad, 0x72, 0x8c, 0xec, 0x5a, 0x8a, 0x4a, 0x86, 0x29,
    0x6f, 0x21, 0x72, 0x21, 0x52, 0x19, 0xaf, 0x29, 0xc7, 0x39, 0x55, 0xad, 0xbe, 0xf7, 0x1c, 0xe7,
    0x96, 0xb5, 0x96, 0xb5, 0x75, 0xad, 0x18, 0xc6, 0x35, 0xa5, 0xec, 0x5a, 0x6a, 0x4a, 0x46, 0x21,
    0x52, 0x8c, 0x96, 0xb5, 0x18, 0xc6, 0xdb, 0xde, 0xba, 0xd6, 0xba, 0xd6, 0xba, 0xd6, 0xba, 0xd6,
    0xba, 0xd6, 0xba, 0xd6, 0xba, 0xd6, 0xba, 0xd6, 0xba, 0xd6, 0xba, 0xd6, 0xba, 0xd6, 0xba, 0xd6,
    0xba, 0xd6, 0xba, 0xd6, 0xba, 0xd6, 0xba, 0xd6, 0xba, 0xd6, 0xba, 0xd6, 0xba, 0xd6, 0xba, 0xd6,
    0xdb, 0xde, 0xbb, 0xde, 0xbb, 0xd6, 0xdb, 0xde, 0xba, 0xde, 0xba, 0xd6, 0xba, 0xd6, 0x38, 0xc6,
    0x51, 0x84, 0x63, 0x00, 0xb1, 0x32, 0x7c, 0x54, 0x5b, 0x54, 0x7c, 0x54, 0x7b, 0x5c, 0x7c, 0x54,
    0x9c, 0x54, 0x7b, 0x54, 0x5b, 0x54, 0x7c, 0x54, 0xd9, 0x43, 0x56, 0x33, 0xb2, 0x2a, 0x2e, 0x22,
    0x69, 0x11, 0x69, 0x19, 0x8a, 0x19, 0x69, 0x19, 0xcb, 0x19, 0x50, 0x22, 0x36, 0x33, 0x77, 0x33,
    0xfa, 0x3b, 0xfb, 0x3b, 0xf9, 0x43, 0x1e, 0x8e, 0x3f, 0x96, 0x1f, 0x96, 0x3e, 0x96, 0xfd, 0x8d,
    0xbc, 0x85, 0xd4, 0x5b, 0x89, 0x19, 0xe6, 0x10, 0x07, 0x11, 0xe5, 0x10, 0xa8, 0x31, 0xc8, 0x31,
    0xe8, 0x39, 0x68, 0x21, 0x48, 0x11, 0x69, 0x11, 0xc5, 0x10, 0x48, 0x11, 0x76, 0x3b, 0xfa, 0x3b,
    0xfb, 0x3b, 0xfa, 0x3b, 0x1c, 0x3c, 0x76, 0x33, 0x84, 0x08, 0xaf, 0x73, 0x1c, 0xe7, 0xba, 0xd6,
    0xba, 0xd6, 0xba, 0xd6, 0xba, 0xd6, 0xba, 0xd6, 0xba, 0xd6, 0xba, 0xd6, 0xba, 0xd6, 0xba, 0xd6,
    0xba, 0xd6, 0xba, 0xd6, 0xba, 0xd6, 0xdb, 0xde, 0x18, 0xc6, 0xb6, 0xb5, 0xec, 0x5a, 0x29, 0x42,
    0x4d, 0x63, 0xdb, 0xde, 0x1c, 0xe7, 0x14, 0xa5, 0x55, 0xad, 0x76, 0xad, 0x72, 0x8c, 0xec, 0x5a,
    0x8a, 0x4a, 0x86, 0x29, 0x6f, 0x21, 0x72, 0x21, 0x52, 0x19, 0xaf, 0x29, 0xc7, 0x39, 0x55, 0xad,
    0xbe, 0xf7, 0xdb, 0xde, 0x96, 0xb5, 0x96, 0xb5, 0x75, 0xad, 0x18, 0xc6, 0x35, 0xa5, 0xec, 0x5a,
    0x6a, 0x4a, 0x46, 0x21, 0x72, 0x8c, 0x96, 0xb5, 0x18, 0xc6, 0xdb, 0xde, 0xba, 0xd6, 0xba, 0xd6,
    0xba, 0xd6, 0xba, 0xd6, 0xba, 0xd6, 0xba, 0xd6, 0xba, 0xd6, 0xba, 0xd6, 0xba, 0xd6, 0xba, 0xd6,
    0xba, 0xd6, 0xba, 0xd6, 0xba, 0xd6, 0xba, 0xd6, 0xba, 0xd6, 0xba, 0xd6, 0xba, 0xd6, 0xba, 0xd6,
    0xba, 0xd6, 0xba, 0xd6, 0xba, 0xd6, 0xbb, 0xd6, 0xba, 0xd6, 0xba, 0xd6, 0xba, 0xd6, 0xbb, 0xd6,
    0xba, 0xd6, 0x39, 0xc6, 0xb2, 0x94, 0x26, 0x21, 0x68, 0x19, 0xb1, 0x32, 0x9c, 0x54, 0x3a, 0x4c,
    0x13, 0x3b, 0x34, 0x3b, 0xf3, 0x32, 0xd7, 0x43, 0x7b, 0x4c, 0x5b, 0x4c, 0x3b, 0x4c, 0x3b, 0x44,
    0x1a, 0x44, 0x79, 0x3b, 0xd4, 0x2a, 0xd4, 0x2a, 0xd4, 0x2a, 0xd5, 0x2a, 0x16, 0x2b, 0x57, 0x33,
    0xfa, 0x33, 0x1a, 0x3c, 0x3c, 0x3c, 0x77, 0x33, 0xd1, 0x32, 0x15, 0x5c, 0x55, 0x64, 0x55, 0x6c,
    0x56, 0x6c, 0xdd, 0x8d, 0x1e, 0x8e, 0x5b, 0x85, 0xcf, 0x3a, 0x27, 0x19, 0x25, 0x21, 0x09, 0x3a,
    0x31, 0x84, 0x72, 0x8c, 0x72, 0x8c, 0x8b, 0x4a, 0xe5, 0x10, 0x25, 0x19, 0x87, 0x29, 0xe4, 0x18,
    0x8b, 0x11, 0xfa, 0x43, 0xfb, 0x3b, 0xfa, 0x3b, 0x1c, 0x3c, 0x35, 0x33, 0x43, 0x00, 0xd0, 0x7b,
    0x7d, 0xef, 0xba, 0xd6, 0xba, 0xd6, 0xba, 0xd6, 0xba, 0xd6, 0xba, 0xd6, 0xba, 0xd6, 0xba, 0xd6,
    0xba, 0xd6, 0xba, 0xd6, 0xba, 0xd6, 0xba, 0xd6, 0xba, 0xd6, 0xdb, 0xde, 0x18, 0xc6, 0xb6, 0xb5,
    0xec, 0x5a, 0x49, 0x42, 0x4d, 0x63, 0xdb, 0xde, 0x1c, 0xe7, 0x14, 0xa5, 0x55, 0xad, 0x76, 0xad,
    0x71, 0x8c, 0xec, 0x5a, 0x8a, 0x4a, 0x86, 0x29, 0x6f, 0x21, 0x72, 0x21, 0x52, 0x19, 0xaf, 0x29,
    0xe7, 0x39, 0x55, 0xad, 0xbe, 0xf7, 0xba, 0xd6, 0x96, 0xb5, 0x96, 0xb5, 0x75, 0xad, 0x38, 0xc6,
    0x35, 0xa5, 0xec, 0x5a, 0x6a, 0x4a, 0x46, 0x29, 0x72, 0x8c, 0x96, 0xb5, 0x18, 0xc6, 0xdb, 0xde,
    0xba, 0xd6, 0xba, 0xd6, 0xba, 0xd6, 0xba, 0xd6, 0xba, 0xd6, 0xba, 0xd6, 0xba, 0xd6, 0xba, 0xd6,
    0xba, 0xd6, 0xdb, 0xde, 0xdb, 0xde, 0xdb, 0xde, 0xba, 0xd6, 0xba, 0xd6, 0xba, 0xd6, 0xba, 0xd6,
    0xba, 0xd6, 0xba, 0xd6, 0xba, 0xd6, 0xba, 0xd6, 0xba, 0xd6, 0xba, 0xd6, 0xba, 0xd6, 0xba, 0xd6,
    0xba, 0xd6, 0xba, 0xd6, 0xba, 0xd6, 0x9a, 0xd6, 0xf7, 0xbd, 0x72, 0x8c, 0xc4, 0x10, 0x69, 0x19,
    0xd8, 0x43, 0x13, 0x33, 0x84, 0x00, 0x62, 0x08, 0x62, 0x00, 0x0d, 0x22, 0xd8, 0x43, 0x3a, 0x44,
    0x3b, 0x4c, 0x3a, 0x44, 0xfb, 0x3b, 0xd9, 0x33, 0x57, 0x33, 0x57, 0x2b, 0x57, 0x33, 0x57, 0x33,
    0x78, 0x33, 0x98, 0x3b, 0xf9, 0x3b, 0xb9, 0x33, 0x97, 0x3b, 0xed, 0x21, 0x43, 0x00, 0x63, 0x00,
    0x63, 0x00, 0x62, 0x00, 0xe6, 0x08, 0xd7, 0x74, 0x3a, 0x75, 0x1a, 0x75, 0xb8, 0x6c, 0xca, 0x21,
    0xcc, 0x52, 0x38, 0xc6, 0x75, 0xad, 0x55, 0xad, 0x55, 0xad, 0x72, 0x8c, 0x11, 0x7c, 0x11, 0x7c,
    0x92, 0x94, 0x8b, 0x52, 0x26, 0x19, 0xcb, 0x19, 0xb8, 0x3b, 0xfa, 0x3b, 0x1a, 0x3c, 0xb9, 0x3b,
    0x2e, 0x1a, 0xea, 0x29, 0x2d, 0x63, 0x9a, 0xd6, 0xda, 0xde, 0xbb, 0xd6, 0xbb, 0xd6, 0xba, 0xd6,
    0xba, 0xd6, 0xba, 0xd6, 0xba, 0xd6, 0xba, 0xd6, 0xba, 0xd6, 0xba, 0xd6, 0xba, 0xd6, 0xdb, 0xde,
    0xf8, 0xc5, 0x96, 0xb5, 0xcc, 0x5a, 0x29, 0x42, 0x4d, 0x63, 0xdb, 0xde, 0x1c, 0xe7, 0x14, 0xa5,
    0x55, 0xad, 0x76, 0xad, 0x72, 0x8c, 0xec, 0x5a, 0x8a, 0x4a, 0x86, 0x29, 0x6f, 0x21, 0x72, 0x21,
    0x52, 0x19, 0xaf, 0x29, 0xe7, 0x39, 0x55, 0xad, 0xbe, 0xf7, 0xba, 0xd6, 0x96, 0xb5, 0x96, 0xb5,
    0x76, 0xad, 0x38, 0xc6, 0x34, 0xa5, 0xec, 0x5a, 0x6a, 0x4a, 0x46, 0x29, 0x72, 0x8c, 0x96, 0xb5,
    0x18, 0xc6, 0xdb, 0xde, 0xba, 0xd6, 0xba, 0xd6, 0xba, 0xd6, 0xba, 0xd6, 0xba, 0xd6, 0xba, 0xd6,
    0xba, 0xd6, 0xba, 0xd6, 0xba, 0xd6, 0xdb, 0xde, 0xdb, 0xde, 0xdb, 0xde, 0xba, 0xd6, 0xba, 0xd6,
    0xba, 0xd6, 0xba, 0xd6, 0xba, 0xd6, 0xba, 0xd6, 0xba, 0xd6, 0xba, 0xd6, 0xba, 0xd6, 0xba, 0xd6,
    0xba, 0xd6, 0xba, 0xd6, 0xba, 0xd6, 0xba, 0xd6, 0xba, 0xd6, 0xdb, 0xde, 0x38, 0xc6, 0xd3, 0x9c,
    0xaf, 0x73, 0xa8, 0x29, 0x84, 0x08, 0xe6, 0x08, 0xec, 0x5a, 0x4e, 0x63, 0x2d, 0x5b, 0xe5, 0x10,
    0x69, 0x11, 0x5b, 0x4c, 0x3c, 0x44, 0x1b, 0x44, 0x1b, 0x3c, 0x1a, 0x3c, 0x1b, 0x44, 0x1b, 0x44,
    0x1b, 0x44, 0x1b, 0x44, 0x1b, 0x3c, 0x1b, 0x3c, 0x3c, 0x44, 0x4f, 0x22, 0x83, 0x00, 0x26, 0x19,
    0xec, 0x5a, 0x4e, 0x63, 0x2e, 0x63, 0xcc, 0x52, 0x09, 0x3a, 0xa4, 0x08, 0xc5, 0x10, 0xc5, 0x10,
    0xc5, 0x08, 0x63, 0x00, 0x4d, 0x63, 0x3c, 0xe7, 0xba, 0xd6, 0xdb, 0xde, 0xfb, 0xde, 0xb7, 0xb5,
    0xf4, 0x9c, 0x14, 0xa5, 0xb7, 0xb5, 0xb7, 0xb5, 0x8b, 0x52, 0xa4, 0x08, 0x98, 0x33, 0x1b, 0x3c,
    0xda, 0x3b, 0xfb, 0x3b, 0x5c, 0x4c, 0x6a, 0x11, 0x05, 0x19, 0x7a, 0xce, 0xda, 0xde, 0xba, 0xd6,
    0xba, 0xd6, 0xba, 0xd6, 0xba, 0xd6, 0xba, 0xd6, 0xba, 0xd6, 0xba, 0xd6, 0xba, 0xd6, 0xba, 0xd6,
    0xba, 0xd6, 0xdb, 0xde, 0xf8, 0xbd, 0x96, 0xb5, 0xec, 0x5a, 0x29, 0x42, 0x4d, 0x63, 0xdb, 0xde,
    0x1c, 0xe7, 0x14, 0xa5, 0x55, 0xad, 0x76, 0xad, 0x71, 0x8c, 0xec, 0x5a, 0x6a, 0x4a, 0x86, 0x29,
    0x6f, 0x21, 0x72, 0x21, 0x52, 0x19, 0xaf, 0x29, 0xe7, 0x39, 0x55, 0xad, 0xbe, 0xf7, 0xba, 0xd6,
    0x96, 0xb5, 0x96, 0xb5, 0x75, 0xad, 0x38, 0xc6, 0x35, 0xa5, 0xec, 0x5a, 0x6a, 0x4a, 0x46, 0x29,
    0x72, 0x8c, 0x96, 0xb5, 0x18, 0xc6, 0xdb, 0xde, 0xba, 0xd6, 0xba, 0xd6, 0xba, 0xd6, 0xba, 0xd6,
    0xba, 0xd6, 0xba, 0xd6, 0xba, 0xd6, 0xdb, 0xde, 0xdb, 0xde, 0xdb, 0xde, 0xdb, 0xde, 0xba, 0xd6,
    0xba, 0xd6, 0xba, 0xd6, 0xba, 0xd6, 0xba, 0xd6, 0xba, 0xd6, 0xba, 0xd6, 0xba, 0xd6, 0xba, 0xd6,
    0xba, 0xd6, 0xba, 0xd6, 0xba, 0xd6, 0xba, 0xd6, 0xba, 0xd6, 0xba, 0xd6, 0xba, 0xd6, 0xba, 0xd6,
    0x9a, 0xd6, 0x18, 0xc6, 0x55, 0xad, 0x0d, 0x63, 0xa8, 0x31, 0x09, 0x3a, 0x35, 0xa5, 0xd7, 0xbd,
    0x96, 0xb5, 0x4a, 0x42, 0x26, 0x21, 0xb2, 0x2a, 0x3c, 0x4c, 0x1b, 0x44, 0x1a, 0x44, 0xfa, 0x3b,
    0x1b, 0x3c, 0xfb, 0x3b, 0xfb, 0x3b, 0x1b, 0x3c, 0x5c, 0x44, 0xb8, 0x3b, 0xcc, 0x19, 0x88, 0x21,
    0xa8, 0x29, 0x8b, 0x52, 0x34, 0xa5, 0xf7, 0xbd, 0xb6, 0xbd, 0xf4, 0x9c, 0x8f, 0x6b, 0x87, 0x29,
    0xe9, 0x31, 0xc8, 0x31, 0xe9, 0x31, 0x87, 0x29, 0xf0, 0x7b, 0xfc, 0xde, 0x9a, 0xd6, 0xba, 0xd6,
    0xba, 0xd6, 0xba, 0xd6, 0xba, 0xd6, 0xbb, 0xd6, 0xba, 0xd6, 0xf7, 0xbd, 0xcc, 0x52, 0xe5, 0x08,
    0x98, 0x3b, 0x1b, 0x3c, 0xdb, 0x3b, 0xfa, 0x3b, 0x1b, 0x3c, 0x49, 0x11, 0x45, 0x29, 0xdb, 0xde,
    0xfb, 0xde, 0xba, 0xd6, 0xba, 0xd6, 0xba, 0xd6, 0xba, 0xd6, 0xba, 0xd6, 0xba, 0xd6, 0xba, 0xd6,
    0xba, 0xd6, 0xba, 0xd6, 0xba, 0xd6, 0xdb, 0xde, 0xf8, 0xbd, 0x96, 0xb5, 0xcc, 0x5a, 0x49, 0x42,
    0x4d, 0x6b, 0xdb, 0xde, 0x1c, 0xe7, 0x14, 0xa5, 0x55, 0xad, 0x76, 0xad, 0x71, 0x8c, 0xec, 0x5a,
    0x6a, 0x4a, 0x86, 0x29, 0x6f, 0x21, 0x72, 0x21, 0x52, 0x19, 0xaf, 0x29, 0xc7, 0x39, 0x55, 0xad,
    0xbe, 0xf7, 0xba, 0xd6, 0x96, 0xb5, 0x96, 0xb5, 0x76, 0xad, 0x38, 0xc6, 0x34, 0xa5, 0xec, 0x5a,
    0x6a, 0x4a, 0x46, 0x29, 0x72, 0x8c, 0x96, 0xb5, 0x18, 0xc6, 0xdb, 0xde, 0xba, 0xd6, 0xba, 0xd6,
    0xba, 0xd6, 0xba, 0xd6, 0xba, 0xd6, 0xba, 0xd6, 0xba, 0xd6, 0xba, 0xd6, 0xba, 0xd6, 0xba, 0xd6,
    0xba, 0xd6, 0xba, 0xd6, 0xba, 0xd6, 0xba, 0xd6, 0xba, 0xd6, 0xba, 0xd6, 0xba, 0xd6, 0xba, 0xd6,
    0xba, 0xd6, 0xba, 0xd6, 0xba, 0xd6, 0xba, 0xd6, 0xba, 0xd6, 0xba, 0xd6, 0xba, 0xd6, 0xba, 0xd6,
    0xba, 0xd6, 0xba, 0xd6, 0xda, 0xde, 0xba, 0xd6, 0xf7, 0xbd, 0x55, 0xa5, 0xd4, 0x9c, 0xd3, 0x9c,
    0xd7, 0xbd, 0x39, 0xc6, 0x18, 0xbe, 0xd3, 0x9c, 0xab, 0x52, 0x06, 0x09, 0x14, 0x33, 0x3b, 0x44,
    0x1a, 0x3c, 0xfa, 0x3b, 0x1a, 0x3c, 0xfa, 0x3b, 0x3b, 0x3c, 0xd8, 0x3b, 0x70, 0x22, 0x0c, 0x22,
    0xa4, 0x00, 0xc8, 0x31, 0x35, 0xa5, 0x34, 0x9d, 0x35, 0xa5, 0x39, 0xce, 0x17, 0xc6, 0xd7, 0xbd,
    0x55, 0xad, 0x92, 0x94, 0xb3, 0x9c, 0xb3, 0x9c, 0xb3, 0x9c, 0xf4, 0x9c, 0xf8, 0xbd, 0xbb, 0xd6,
    0xba, 0xd6, 0xba, 0xd6, 0xba, 0xd6, 0xba, 0xd6, 0xdb, 0xde, 0xba, 0xd6, 0xba, 0xd6, 0xf8, 0xc5,
    0xac, 0x52, 0x85, 0x00, 0x56, 0x3b, 0xfb, 0x3b, 0xfb, 0x3b, 0xfa, 0x3b, 0xfa, 0x3b, 0x50, 0x22,
    0x8a, 0x21, 0x4e, 0x6b, 0xb7, 0xb5, 0xfb, 0xde, 0xba, 0xd6, 0xba, 0xd6, 0xba, 0xd6, 0xba, 0xd6,
    0xba, 0xd6, 0xba, 0xd6, 0xba, 0xd6, 0xba, 0xd6, 0xba, 0xd6, 0xdb, 0xde, 0xf8, 0xbd, 0x96, 0xb5,
    0xec, 0x5a, 0x49, 0x42, 0x4d, 0x6b, 0xdb, 0xde, 0x1c, 0xe7, 0x14, 0xa5, 0x55, 0xad, 0x76, 0xad,
    0x71, 0x8c, 0xec, 0x5a, 0x6a, 0x4a, 0x86, 0x29, 0x6f, 0x21, 0x72, 0x21, 0x52, 0x19, 0xaf, 0x29,
    0xc7, 0x39, 0x55, 0xad, 0xbe, 0xf7, 0xba, 0xd6, 0x96, 0xb5, 0x96, 0xb5, 0x76, 0xad, 0x38, 0xc6,
    0x35, 0xa5, 0xec, 0x5a, 0x6a, 0x4a, 0x66, 0x29, 0x72, 0x8c, 0x96, 0xb5, 0x18, 0xc6, 0xdb, 0xde,
    0xba, 0xd6, 0xba, 0xd6, 0xba, 0xd6, 0xba, 0xd6, 0xba, 0xd6, 0xba, 0xd6, 0xba, 0xd6, 0xba, 0xd6,
    0xba, 0xd6, 0xba, 0xd6, 0xba, 0xd6, 0xba, 0xd6, 0xba, 0xd6, 0xba, 0xd6, 0xba, 0xd6, 0xba, 0xd6,
    0xba, 0xd6, 0xba, 0xd6, 0xba, 0xd6, 0xba, 0xd6, 0xba, 0xd6, 0xba, 0xd6, 0xba, 0xd6, 0xba, 0xd6,
    0xba, 0xd6, 0xba, 0xd6, 0xba, 0xd6, 0xba, 0xd6, 0xba, 0xd6, 0xba, 0xd6, 0xfb, 0xde, 0xf7, 0xbd,
    0x35, 0xa5, 0x55, 0xa5, 0x59, 0xce, 0xfb, 0xde, 0x9a, 0xd6, 0x14, 0xa5, 0xaf, 0x6b, 0x84, 0x08,
    0x0d, 0x22, 0x3c, 0x44, 0xfa, 0x3b, 0xfa, 0x3b, 0xfa, 0x3b, 0x1b, 0x3c, 0x1a, 0x3c, 0x14, 0x3b,
    0xe7, 0x10, 0x42, 0x00, 0x2e, 0x63, 0x92, 0x94, 0x75, 0xad, 0xb7, 0xb5, 0x18, 0xc6, 0xda, 0xde,
    0xdb, 0xd6, 0xfb, 0xde, 0x39, 0xc6, 0x75, 0xad, 0x76, 0xad, 0x75, 0xad, 0x75, 0xad, 0xd7, 0xbd,
    0xba, 0xd6, 0xba, 0xd6, 0xba, 0xd6, 0xba, 0xd6, 0xba, 0xd6, 0xbb, 0xd6, 0xbb, 0xd6, 0xbb, 0xd6,
    0xbb, 0xd6, 0xd7, 0xbd, 0x6e, 0x6b, 0xa7, 0x29, 0x07, 0x09, 0xd2, 0x32, 0x1b, 0x44, 0xfa, 0x3b,
    0xfa, 0x3b, 0x3c, 0x44, 0xf2, 0x32, 0x02, 0x00, 0x72, 0x84, 0x3c, 0xe7, 0xba, 0xd6, 0xba, 0xd6,
    0xba, 0xd6, 0xba, 0xd6, 0xba, 0xd6, 0xba, 0xd6, 0xba, 0xd6, 0xba, 0xd6, 0xba, 0xd6, 0xdb, 0xde,
    0xf8, 0xbd, 0x96, 0xb5, 0xec, 0x5a, 0x4a, 0x42, 0x4d, 0x6b, 0xdb, 0xde, 0x1c, 0xe7, 0x14, 0xa5,
    0x55, 0xad, 0x76, 0xad, 0x71, 0x8c, 0xec, 0x5a, 0x6a, 0x4a, 0x86, 0x29, 0x6f, 0x21, 0x72, 0x21,
    0x52, 0x19, 0xaf, 0x29, 0xc7, 0x39, 0x55, 0xad, 0xbe, 0xf7, 0xbb, 0xd6, 0xb6, 0xb5, 0x96, 0xb5,
    0x75, 0xad, 0x38, 0xc6, 0x35, 0xa5, 0xec, 0x5a, 0x6a, 0x4a, 0x66, 0x29, 0x72, 0x8c, 0x96, 0xb5,
    0x18, 0xc6, 0xdb, 0xde, 0xba, 0xd6, 0xba, 0xd6, 0xba, 0xd6, 0xba, 0xd6, 0xba, 0xd6, 0xba, 0xd6,
    0xba, 0xd6, 0xba, 0xd6, 0xba, 0xd6, 0xba, 0xd6, 0xba, 0xd6, 0xba, 0xd6, 0xba, 0xd6, 0xba, 0xd6,
    0xba, 0xd6, 0xba, 0xd6, 0xba, 0xd6, 0xba, 0xd6, 0xba, 0xd6, 0xba, 0xd6, 0xba, 0xd6, 0xba, 0xd6,
    0xba, 0xd6, 0xba, 0xd6, 0xba, 0xd6, 0xba, 0xd6, 0xba, 0xd6, 0xbb, 0xd6, 0xdb, 0xd6, 0xba, 0xde,
    0xba, 0xd6, 0xba, 0xd6, 0xdb, 0xde, 0xdb, 0xde, 0xba, 0xde, 0xba, 0xd6, 0xba, 0xd6, 0x59, 0xce,
    0x35, 0xa5, 0xa4, 0x10, 0x0d, 0x1a, 0x1b, 0x44, 0xfa, 0x3b, 0xfa, 0x3b, 0xfb, 0x3b, 0xda, 0x3b,
    0xd2, 0x2a, 0xe6, 0x00, 0x66, 0x19, 0xcc, 0x52, 0xb3, 0x94, 0xb7, 0xbd, 0x38, 0xc6, 0x9a, 0xd6,
    0xda, 0xd6, 0xba, 0xd6, 0xba, 0xd6, 0xba, 0xd6, 0xba, 0xd6, 0xdb, 0xde, 0xdb, 0xde, 0xdb, 0xde,
    0xdb, 0xde, 0xda, 0xde, 0xba, 0xd6, 0xba, 0xd6, 0xba, 0xd6, 0xba, 0xd6, 0xba, 0xd6, 0xba, 0xd6,
    0xba, 0xd6, 0xba, 0xd6, 0xdb, 0xde, 0xd7, 0xbd, 0xb7, 0xb5, 0xb3, 0x94, 0xc4, 0x08, 0xb1, 0x2a,
    0x3c, 0x3c, 0xda, 0x3b, 0xda, 0x3b, 0x1c, 0x3c, 0xd2, 0x2a, 0x63, 0x00, 0x92, 0x8c, 0x3c, 0xe7,
    0xba, 0xd6, 0xba, 0xd6, 0xba, 0xd6, 0xba, 0xd6, 0xba, 0xd6, 0xba, 0xd6, 0xba, 0xd6, 0xba, 0xd6,
    0xba, 0xd6, 0xdb, 0xde, 0xf8, 0xbd, 0x96, 0xb5, 0xec, 0x5a, 0x4a, 0x42, 0x4d, 0x6b, 0xdb, 0xde,
    0x1c, 0xe7, 0x14, 0xa5, 0x55, 0xad, 0x96, 0xb5, 0x72, 0x8c, 0xec, 0x5a, 0x6a, 0x4a, 0x86, 0x29,
    0x6f, 0x21, 0x72, 0x21, 0x52, 0x19, 0xaf, 0x29, 0xc7, 0x39, 0x55, 0xad, 0xbe, 0xf7, 0xdb, 0xde,
    0x96, 0xb5, 0x96, 0xb5, 0x75, 0xad, 0x38, 0xc6, 0x35, 0xa5, 0xec, 0x5a, 0x8a, 0x4a, 0x46, 0x21,
    0x72, 0x8c, 0x96, 0xb5, 0x18, 0xc6, 0xdb, 0xde, 0xba, 0xd6, 0xba, 0xd6, 0xba, 0xd6, 0xba, 0xd6,
    0xba, 0xd6, 0xba, 0xd6, 0xba, 0xd6, 0xba, 0xd6, 0xba, 0xd6, 0xba, 0xd6, 0xba, 0xd6, 0xba, 0xd6,
    0xba, 0xd6, 0xba, 0xd6, 0xba, 0xd6, 0xba, 0xd6, 0xba, 0xd6, 0xba, 0xd6, 0xba, 0xd6, 0xba, 0xd6,
    0xba, 0xd6, 0xba, 0xd6, 0xba, 0xd6, 0xba, 0xd6, 0xba, 0xd6, 0xba, 0xd6, 0xba, 0xd6, 0xba, 0xd6,
    0xba, 0xd6, 0xba, 0xd6, 0xba, 0xd6, 0xba, 0xd6, 0xba, 0xd6, 0xba, 0xd6, 0xba, 0xd6, 0xba, 0xd6,
    0xdb, 0xde, 0x9a, 0xd6, 0x14, 0xa5, 0xec, 0x5a, 0xa8, 0x29, 0x8a, 0x11, 0x98, 0x3b, 0xfb, 0x3b,
    0x3b, 0x3c, 0xf3, 0x2a, 0xc5, 0x08, 0x26, 0x19, 0xac, 0x52, 0x96, 0xb5, 0xb7, 0xbd, 0x9a, 0xd6,
    0xba, 0xd6, 0xba, 0xd6, 0xba, 0xd6, 0xba, 0xd6, 0xba, 0xd6, 0xba, 0xd6, 0xba, 0xd6, 0xba, 0xd6,
    0xba, 0xd6, 0xba, 0xd6, 0xba, 0xd6, 0xba, 0xd6, 0xba, 0xd6, 0xba, 0xd6, 0xba, 0xd6, 0xba, 0xd6,
    0xba, 0xd6, 0xba, 0xd6, 0xba, 0xd6, 0xba, 0xd6, 0xba, 0xd6, 0xba, 0xd6, 0x38, 0xc6, 0x93, 0x94,
    0x84, 0x08, 0x2e, 0x22, 0xb8, 0x3b, 0xfa, 0x3b, 0xda, 0x3b, 0x1c, 0x3c, 0xd2, 0x2a, 0x43, 0x00,
    0x92, 0x8c, 0x3c, 0xe7, 0xba, 0xd6, 0xba, 0xd6, 0xba, 0xd6, 0xba, 0xd6, 0xba, 0xd6, 0xba, 0xd6,
    0xba, 0xd6, 0xba, 0xd6, 0xba, 0xd6, 0xdb, 0xde, 0xf8, 0xbd, 0x96, 0xb5, 0xcc, 0x5a, 0x4a, 0x42,
    0x4d, 0x6b, 0xdb, 0xde, 0x1c, 0xe7, 0x34, 0xa5, 0x55, 0xad, 0x76, 0xad, 0x71, 0x8c, 0xec, 0x5a,
    0x6a, 0x4a, 0x86, 0x29, 0x6f, 0x21, 0x72, 0x21, 0x52, 0x19, 0xaf, 0x29, 0xc7, 0x39, 0x55, 0xad,
    0xbe, 0xf7, 0x1c, 0xe7, 0x96, 0xb5, 0x96, 0xb5, 0x75, 0xad, 0x38, 0xc6, 0x35, 0xa5, 0xec, 0x5a,
    0x8a, 0x4a, 0x66, 0x29, 0x72, 0x8c, 0x96, 0xb5, 0x18, 0xc6, 0xdb, 0xde, 0xba, 0xd6, 0xba, 0xd6,
    0xba, 0xd6, 0xba, 0xd6, 0xba, 0xd6, 0xba, 0xd6, 0xba, 0xd6, 0xba, 0xd6, 0xba, 0xd6, 0xba, 0xd6,
    0xba, 0xd6, 0xba, 0xd6, 0xba, 0xd6, 0xba, 0xd6, 0xba, 0xd6, 0xba, 0xd6, 0xba, 0xd6, 0xba, 0xd6,
    0xba, 0xd6, 0xba, 0xd6, 0xba, 0xd6, 0xba, 0xd6, 0xba, 0xd6, 0xba, 0xd6, 0xba, 0xd6, 0xba, 0xd6,
    0xba, 0xd6, 0xba, 0xd6, 0xba, 0xd6, 0xba, 0xd6, 0xba, 0xd6, 0xba, 0xd6, 0xba, 0xd6, 0xba, 0xd6,
    0xba, 0xd6, 0xba, 0xd6, 0xba, 0xd6, 0xba, 0xd6, 0x59, 0xce, 0xf8, 0xbd, 0x8b, 0x4a, 0xa4, 0x00,
    0x97, 0x3b, 0x1b, 0x3c, 0x1b, 0x3c, 0xd2, 0x32, 0x84, 0x08, 0x8f, 0x6b, 0x56, 0xad, 0xf7, 0xbd,
    0x39, 0xce, 0xdb, 0xde, 0xba, 0xd6, 0xba, 0xd6, 0xba, 0xd6, 0xba, 0xd6, 0xba, 0xd6, 0xba, 0xd6,
    0xba, 0xd6, 0xba, 0xd6, 0xba, 0xd6, 0xba, 0xd6, 0xba, 0xd6, 0xba, 0xd6, 0xba, 0xd6, 0xba, 0xd6,
    0xba, 0xd6, 0xba, 0xd6, 0xba, 0xd6, 0xba, 0xd6, 0xba, 0xd6, 0xba, 0xd6, 0xba, 0xd6, 0xdb, 0xde,
    0x38, 0xc6, 0xf4, 0x9c, 0x2a, 0x42, 0xe5, 0x10, 0x8b, 0x19, 0x3b, 0x44, 0xfb, 0x33, 0x1b, 0x3c,
    0xd2, 0x2a, 0x43, 0x00, 0x72, 0x8c, 0x3c, 0xe7, 0xba, 0xd6, 0xba, 0xd6, 0xba, 0xd6, 0xba, 0xd6,
    0xba, 0xd6, 0xba, 0xd6, 0xba, 0xd6, 0xba, 0xd6, 0xba, 0xd6, 0xdb, 0xde, 0xf8, 0xbd, 0x96, 0xb5,
    0xcc, 0x5a, 0x29, 0x42, 0x4d, 0x63, 0xdb, 0xde, 0x1c, 0xe7, 0x14, 0xa5, 0x55, 0xad, 0x76, 0xad,
    0x71, 0x8c, 0xec, 0x5a, 0x8a, 0x4a, 0x86, 0x29, 0x6f, 0x21, 0x72, 0x21, 0x52, 0x19, 0xaf, 0x29,
    0xc7, 0x31, 0x55, 0xad, 0xbe, 0xf7, 0x1c, 0xe7, 0x96, 0xb5, 0x96, 0xb5, 0x75, 0xad, 0x18, 0xc6,
    0x35, 0xa5, 0xec, 0x5a, 0x8a, 0x4a, 0x66, 0x29, 0x72, 0x8c, 0x96, 0xb5, 0x18, 0xc6, 0xdb, 0xde,
    0xba, 0xd6, 0xba, 0xd6, 0xba, 0xd6, 0xba, 0xd6, 0xba, 0xd6, 0xba, 0xd6, 0xba, 0xd6, 0xba, 0xd6,
    0xba, 0xd6, 0xba, 0xd6, 0xba, 0xd6, 0xba, 0xd6, 0xba, 0xd6, 0xba, 0xd6, 0xba, 0xd6, 0xba, 0xd6,
    0xba, 0xd6, 0xba, 0xd6, 0xba, 0xd6, 0xba, 0xd6, 0xba, 0xd6, 0xba, 0xd6, 0xba, 0xd6, 0xba, 0xd6,
    0xba, 0xd6, 0xba, 0xd6, 0xba, 0xd6, 0xba, 0xd6, 0xba, 0xd6, 0xba, 0xd6, 0xba, 0xd6, 0xba, 0xd6,
    0xba, 0xd6, 0xba, 0xd6, 0xba, 0xd6, 0xba, 0xd6, 0xba, 0xd6, 0xda, 0xde, 0x9a, 0xd6, 0xd7, 0xbd,
    0x29, 0x42, 0x84, 0x00, 0x75, 0x33, 0xb9, 0x3b, 0x1b, 0x3c, 0xd3, 0x32, 0xa4, 0x00, 0x0d, 0x5b,
    0x18, 0xc6, 0x9a, 0xce, 0xba, 0xd6, 0xba, 0xd6, 0xba, 0xd6, 0xba, 0xd6, 0xba, 0xd6, 0xba, 0xd6,
    0xba, 0xd6, 0xba, 0xd6, 0xba, 0xd6, 0xba, 0xd6, 0xba, 0xd6, 0xba, 0xd6, 0xba, 0xd6, 0xba, 0xd6,
    0xba, 0xd6, 0xba, 0xd6, 0xba, 0xd6, 0xba, 0xd6, 0xba, 0xd6, 0xba, 0xd6, 0xba, 0xd6, 0xba, 0xd6,
    0xba, 0xd6, 0xdb, 0xde, 0x58, 0xce, 0xd7, 0xb5, 0x96, 0xb5, 0x09, 0x3a, 0x47, 0x19, 0x2e, 0x22,
    0x77, 0x33, 0x3c, 0x44, 0xd3, 0x2a, 0x63, 0x00, 0x92, 0x8c, 0x1c, 0xe7, 0xba, 0xd6, 0xba, 0xd6,
    0xba, 0xd6, 0xba, 0xd6, 0xba, 0xd6, 0xba, 0xd6, 0xba, 0xd6, 0xba, 0xd6, 0xba, 0xd6, 0xdb, 0xde,
    0xf8, 0xbd, 0x96, 0xb5, 0xcc, 0x5a, 0x29, 0x42, 0x4d, 0x63, 0xdb, 0xde, 0x1c, 0xe7, 0x14, 0xa5,
    0x55, 0xad, 0x76, 0xad, 0x71, 0x8c, 0xec, 0x5a, 0x8a, 0x4a, 0x86, 0x29, 0x6f, 0x21, 0x72, 0x21,
    0x52, 0x19, 0xaf, 0x29, 0xc7, 0x31, 0x55, 0xad, 0xbe, 0xf7, 0x1c, 0xe7, 0x96, 0xb5, 0x96, 0xb5,
    0x75, 0xad, 0x18, 0xc6, 0x35, 0xa5, 0xec, 0x5a, 0x6a, 0x4a, 0x46, 0x29, 0x72, 0x8c, 0x96, 0xb5,
    0x18, 0xc6, 0xdb, 0xde, 0xba, 0xd6, 0xba, 0xd6, 0xba, 0xd6, 0xdb, 0xde, 0xba, 0xd6, 0xba, 0xd6,
    0xba, 0xd6, 0xba, 0xd6, 0xba, 0xd6, 0xba, 0xd6, 0xba, 0xd6, 0xba, 0xd6, 0xba, 0xd6, 0xba, 0xd6,
    0xba, 0xd6, 0xba, 0xd6, 0xba, 0xd6, 0xba, 0xd6, 0xba, 0xd6, 0xba, 0xd6, 0xba, 0xd6, 0xba, 0xd6,
    0xba, 0xd6, 0xba, 0xd6, 0xba, 0xd6, 0xba, 0xd6, 0xba, 0xd6, 0xba, 0xd6, 0xba, 0xd6, 0xba, 0xd6,
    0xba, 0xd6, 0xba, 0xd6, 0xba, 0xd6, 0xba, 0xd6, 0xba, 0xd6, 0xba, 0xd6, 0xba, 0xd6, 0xdb, 0xde,
    0x9a, 0xd6, 0x96, 0xb5, 0x10, 0x84, 0x6b, 0x42, 0xc5, 0x08, 0xed, 0x19, 0x3c, 0x3c, 0xf9, 0x43,
    0x48, 0x11, 0x29, 0x42, 0xfb, 0xde, 0xba, 0xd6, 0xba, 0xd6, 0xba, 0xd6, 0xba, 0xd6, 0xba, 0xd6,
    0xba, 0xd6, 0xba, 0xd6, 0xba, 0xd6, 0xba, 0xd6, 0xba, 0xd6, 0xba, 0xd6, 0xba, 0xd6, 0xba, 0xd6,
    0xba, 0xd6, 0xba, 0xd6, 0xba, 0xd6, 0xba, 0xd6, 0xba, 0xd6, 0xba, 0xd6, 0xba, 0xd6, 0xba, 0xd6,
    0xba, 0xd6, 0xba, 0xd6, 0xba, 0xd6, 0xba, 0xd6, 0xdb, 0xde, 0x9a, 0xd6, 0x55, 0xad, 0x55, 0xad,
    0xec, 0x5a, 0x21, 0x00, 0x35, 0x33, 0x57, 0x33, 0xab, 0x19, 0x63, 0x00, 0x72, 0x8c, 0x3c, 0xe7,
    0xba, 0xd6, 0xba, 0xd6, 0xba, 0xd6, 0xba, 0xd6, 0xba, 0xd6, 0xba, 0xd6, 0xba, 0xd6, 0xba, 0xd6,
    0xba, 0xd6, 0xdb, 0xde, 0xf8, 0xbd, 0x96, 0xb5, 0xcc, 0x52, 0x29, 0x42, 0x4d, 0x63, 0xdb, 0xde,
    0x1c, 0xe7, 0x14, 0xa5, 0x55, 0xad, 0x75, 0xad, 0x71, 0x8c, 0xec, 0x5a, 0x6a, 0x4a, 0x86, 0x29,
    0x6e, 0x21, 0x72, 0x21, 0x52, 0x19, 0xaf, 0x29, 0xc7, 0x39, 0x55, 0xad, 0xbe, 0xf7, 0x1c, 0xe7,
    0x96, 0xb5, 0x96, 0xb5, 0x75, 0xad, 0x18, 0xc6, 0x35, 0xa5, 0x0c, 0x5b, 0x6a, 0x4a, 0x46, 0x29,
    0x72, 0x8c, 0x96, 0xb5, 0x18, 0xc6, 0xdb, 0xde, 0xba, 0xd6, 0xba, 0xd6, 0xba, 0xd6, 0xdb, 0xde,
    0xba, 0xd6, 0xba, 0xd6, 0xba, 0xd6, 0xba, 0xd6, 0xba, 0xd6, 0xba, 0xd6, 0xba, 0xd6, 0xba, 0xd6,
    0xba, 0xd6, 0xdb, 0xde, 0xba, 0xd6, 0xba, 0xd6, 0xba, 0xd6, 0xba, 0xd6, 0xba, 0xd6, 0xba, 0xd6,
    0xba, 0xd6, 0xba, 0xd6, 0xba, 0xd6, 0xba, 0xd6, 0xba, 0xd6, 0xba, 0xd6, 0xba, 0xd6, 0xba, 0xd6,
    0xba, 0xd6, 0xba, 0xd6, 0xba, 0xd6, 0xba, 0xd6, 0xba, 0xd6, 0xba, 0xd6, 0xba, 0xd6, 0xba, 0xd6,
    0xba, 0xd6, 0xba, 0xd6, 0xba, 0xd6, 0x59, 0xce, 0xf8, 0xc5, 0x93, 0x94, 0xa7, 0x29, 0x67, 0x21,
    0xec, 0x19, 0xed, 0x21, 0xe6, 0x08, 0x2a, 0x42, 0xdb, 0xde, 0xba, 0xd6, 0xba, 0xd6, 0xba, 0xd6,
    0xba, 0xd6, 0xba, 0xd6, 0xba, 0xd6, 0xba, 0xd6, 0xba, 0xd6, 0xba, 0xd6, 0xba, 0xd6, 0xba, 0xd6,
    0xba, 0xd6, 0xba, 0xd6, 0xba, 0xd6, 0xba, 0xd6, 0xba, 0xd6, 0xba, 0xd6, 0xba, 0xd6, 0xba, 0xd6,
    0xba, 0xd6, 0xba, 0xd6, 0xba, 0xd6, 0xba, 0xd6, 0xba, 0xd6, 0xda, 0xd6, 0xba, 0xd6, 0xba, 0xd6,
    0x59, 0xc6, 0xb7, 0xb5, 0xd0, 0x73, 0x67, 0x21, 0xcb, 0x21, 0x69, 0x19, 0x05, 0x19, 0xec, 0x5a,
    0x97, 0xad, 0xfb, 0xde, 0xba, 0xd6, 0xba, 0xd6, 0xba, 0xd6, 0xba, 0xd6, 0xba, 0xd6, 0xba, 0xd6,
    0xba, 0xd6, 0xba, 0xd6, 0xba, 0xd6, 0xdb, 0xde, 0xf8, 0xbd, 0x96, 0xb5, 0xcc, 0x52, 0x29, 0x42,
    0x4d, 0x63, 0xdb, 0xde, 0x1c, 0xe7, 0x14, 0xa5, 0x55, 0xad, 0x75, 0xad, 0x51, 0x8c, 0xec, 0x5a,
    0x6a, 0x4a, 0x86, 0x29, 0x6e, 0x21, 0x72, 0x21, 0x52, 0x19, 0xaf, 0x29, 0xc7, 0x39, 0x55, 0xad,
    0xbe, 0xf7, 0x1c, 0xe7, 0x96, 0xb5, 0x96, 0xb5, 0x75, 0xad, 0x18, 0xc6, 0x35, 0xa5, 0xec, 0x5a,
    0x6a, 0x4a, 0x66, 0x29, 0x72, 0x8c, 0x96, 0xb5, 0x18, 0xc6, 0xdb, 0xde, 0xba, 0xd6, 0xba, 0xd6,
    0xba, 0xd6, 0xba, 0xd6, 0xba, 0xd6, 0xba, 0xd6, 0xba, 0xd6, 0xba, 0xd6, 0xba, 0xd6, 0xba, 0xd6,
    0xba, 0xd6, 0xba, 0xd6, 0xdb, 0xde, 0xba, 0xd6, 0xba, 0xd6, 0xba, 0xd6, 0xba, 0xd6, 0xba, 0xd6,
    0xba, 0xd6, 0xba, 0xd6, 0xba, 0xd6, 0xba, 0xd6, 0xba, 0xd6, 0xba, 0xd6, 0xba, 0xd6, 0xba, 0xd6,
    0xba, 0xd6, 0xba, 0xd6, 0xba, 0xd6, 0xba, 0xd6, 0xba, 0xd6, 0xba, 0xd6, 0xba, 0xd6, 0xba, 0xd6,
    0xba, 0xd6, 0xba, 0xd6, 0xba, 0xd6, 0xba, 0xd6, 0xba, 0xd6, 0xfb, 0xde, 0xd7, 0xbd, 0x14, 0xa5,
    0x96, 0xb5, 0x2d, 0x63, 0x83, 0x08, 0xe5, 0x18, 0xa3, 0x08, 0x6b, 0x4a, 0xfb, 0xde, 0xba, 0xd6,
    0xba, 0xd6, 0xba, 0xd6, 0xba, 0xd6, 0xba, 0xd6, 0xba, 0xd6, 0xba, 0xd6, 0xba, 0xd6, 0xba, 0xd6,
    0xba, 0xd6, 0xba, 0xd6, 0xba, 0xd6, 0xba, 0xd6, 0xba, 0xd6, 0xba, 0xd6, 0xba, 0xd6, 0xba, 0xd6,
    0xba, 0xd6, 0xba, 0xd6, 0xba, 0xd6, 0xba, 0xd6, 0xba, 0xd6, 0xba, 0xd6, 0xba, 0xd6, 0xda, 0xd6,
    0xda, 0xd6, 0xba, 0xd6, 0xdb, 0xd6, 0x96, 0xb5, 0x75, 0xad, 0xb3, 0x94, 0x06, 0x19, 0x83, 0x08,
    0x4a, 0x42, 0x96, 0xad, 0x18, 0xc6, 0xdb, 0xde, 0xba, 0xd6, 0xba, 0xd6, 0xba, 0xd6, 0xba, 0xd6,
    0xba, 0xd6, 0xba, 0xd6, 0xba, 0xd6, 0xba, 0xd6, 0xba, 0xd6, 0xdb, 0xde, 0xf7, 0xbd, 0x96, 0xb5,
    0xcc, 0x52, 0x29, 0x42, 0x2d, 0x63, 0xdb, 0xde, 0x1c, 0xe7, 0x14, 0xa5, 0x55, 0xad, 0x75, 0xad,
    0x71, 0x8c, 0xec, 0x5a, 0x6a, 0x4a, 0x66, 0x29, 0x6f, 0x21, 0x72, 0x21, 0x52, 0x19, 0xaf, 0x29,
    0xc7, 0x39, 0x55, 0xad, 0xbe, 0xf7, 0xfb, 0xde, 0x96, 0xb5, 0x96, 0xb5, 0x75, 0xad, 0x18, 0xc6,
    0x15, 0xa5, 0xec, 0x5a, 0x6a, 0x4a, 0x66, 0x29, 0x72, 0x8c, 0x96, 0xb5, 0x18, 0xc6, 0xdb, 0xde,
    0xba, 0xd6, 0xba, 0xd6, 0xba, 0xd6, 0xba, 0xd6, 0xba, 0xd6, 0xba, 0xd6, 0xba, 0xd6, 0xba, 0xd6,
    0xba, 0xd6, 0xba, 0xd6, 0xba, 0xd6, 0xba, 0xd6, 0xba, 0xd6, 0xba, 0xd6, 0xba, 0xd6, 0xba, 0xd6,
    0xba, 0xd6, 0xba, 0xd6, 0xba, 0xd6, 0xba, 0xd6, 0xba, 0xd6, 0xba, 0xd6, 0xba, 0xd6, 0xba, 0xd6,
    0xba, 0xd6, 0xba, 0xd6, 0xba, 0xd6, 0xba, 0xd6, 0xba, 0xd6, 0xba, 0xd6, 0xba, 0xd6, 0xba, 0xd6,
    0xba, 0xd6, 0xba, 0xd6, 0xba, 0xd6, 0xba, 0xd6, 0xba, 0xd6, 0xba, 0xd6, 0xba, 0xd6, 0xba, 0xd6,
    0xba, 0xd6, 0x7a, 0xce, 0x96, 0xb5, 0x35, 0xa5, 0xb3, 0x94, 0xd3, 0x94, 0xb3, 0x94, 0x35, 0xa5,
    0xba, 0xd6, 0xba, 0xd6, 0xba, 0xd6, 0xba, 0xd6, 0xba, 0xd6, 0xba, 0xd6, 0xba, 0xd6, 0xba, 0xd6,
    0xba, 0xd6, 0xba, 0xd6, 0xba, 0xd6, 0xba, 0xd6, 0xba, 0xd6, 0xba, 0xd6, 0xba, 0xd6, 0xba, 0xd6,
    0xba, 0xd6, 0xba, 0xd6, 0xba, 0xd6, 0xba, 0xd6, 0xba, 0xd6, 0xba, 0xd6, 0xba, 0xd6, 0xba, 0xd6,
    0xba, 0xd6, 0xda, 0xd6, 0xda, 0xd6, 0xba, 0xd6, 0xba, 0xd6, 0xba, 0xd6, 0x18, 0xc6, 0x55, 0xad,
    0xd3, 0x9c, 0x92, 0x8c, 0xf3, 0x9c, 0xd8, 0xbd, 0xba, 0xde, 0xda, 0xd6, 0xba, 0xd6, 0xba, 0xd6,
    0xba, 0xd6, 0xba, 0xd6, 0xba, 0xd6, 0xba, 0xd6, 0xba, 0xd6, 0xba, 0xd6, 0xba, 0xd6, 0xdb, 0xde,
    0xf8, 0xbd, 0x96, 0xb5, 0xcc, 0x52, 0x29, 0x42, 0x2d, 0x63, 0xdb, 0xde, 0x1c, 0xe7, 0x14, 0xa5,
    0x55, 0xad, 0x75, 0xad, 0x51, 0x8c, 0xec, 0x5a, 0x6a, 0x4a, 0x66, 0x29, 0x6f, 0x21, 0x72, 0x21,
    0x52, 0x19, 0xaf, 0x29, 0xc7, 0x31, 0x55, 0xad, 0xbe, 0xf7, 0xfc, 0xde, 0x96, 0xb5, 0x96, 0xb5,
    0x75, 0xad, 0x18, 0xc6, 0x14, 0xa5, 0xec, 0x5a, 0x6a, 0x4a, 0x66, 0x29, 0x72, 0x8c, 0x96, 0xb5,
    0x18, 0xc6, 0xdb, 0xde, 0xba, 0xd6, 0xba, 0xd6, 0xba, 0xd6, 0xdb, 0xde, 0xdb, 0xde, 0xba, 0xd6,
    0xdb, 0xde, 0xba, 0xd6, 0xba, 0xd6, 0xba, 0xd6, 0xba, 0xd6, 0xdb, 0xde, 0xba, 0xd6, 0xba, 0xd6,
    0xba, 0xd6, 0xba, 0xd6, 0xba, 0xd6, 0xba, 0xd6, 0xba, 0xd6, 0xba, 0xd6, 0xba, 0xd6, 0xba, 0xd6,
    0xba, 0xd6, 0xba, 0xd6, 0xba, 0xd6, 0xba, 0xd6, 0xba, 0xd6, 0xba, 0xd6, 0xba, 0xd6, 0xba, 0xd6,
    0xba, 0xd6, 0xba, 0xd6, 0xba, 0xd6, 0xba, 0xd6, 0xba, 0xd6, 0xba, 0xd6, 0xba, 0xd6, 0xba, 0xd6,
    0xba, 0xd6, 0xba, 0xd6, 0xdb, 0xde, 0xda, 0xde, 0x9a, 0xd6, 0x38, 0xc6, 0x96, 0xb5, 0xb6, 0xb5,
    0xb6, 0xb5, 0x7a, 0xce, 0xbb, 0xd6, 0xba, 0xd6, 0xba, 0xd6, 0xba, 0xd6, 0xba, 0xd6, 0xba, 0xd6,
    0xba, 0xd6, 0xba, 0xd6, 0xba, 0xd6, 0xba, 0xd6, 0xba, 0xd6, 0xba, 0xd6, 0xba, 0xd6, 0xba, 0xd6,
    0xba, 0xd6, 0xba, 0xd6, 0xba, 0xd6, 0xba, 0xd6, 0xba, 0xd6, 0xba, 0xd6, 0xba, 0xd6, 0xba, 0xd6,
    0xba, 0xd6, 0xba, 0xd6, 0xba, 0xd6, 0xba, 0xd6, 0xba, 0xd6, 0xba, 0xd6, 0xba, 0xd6, 0xbb, 0xd6,
    0xdb, 0xde, 0x59, 0xce, 0x75, 0xad, 0x96, 0xb5, 0x96, 0xb5, 0x9a, 0xd6, 0xdb, 0xde, 0xba, 0xd6,
    0xba, 0xd6, 0xba, 0xd6, 0xba, 0xd6, 0xba, 0xd6, 0xba, 0xd6, 0xba, 0xd6, 0xba, 0xd6, 0xba, 0xd6,
    0xba, 0xd6, 0xdb, 0xde, 0xf8, 0xbd, 0x96, 0xb5, 0xcc, 0x5a, 0x29, 0x42, 0x2d, 0x63, 0xdb, 0xde,
    0x1c, 0xe7, 0x14, 0xa5, 0x55, 0xad, 0x75, 0xad, 0x51, 0x8c, 0xec, 0x5a, 0x6a, 0x4a, 0x86, 0x29,
    0x6e, 0x21, 0x72, 0x21, 0x52, 0x19, 0xaf, 0x29, 0xc7, 0x39, 0x55, 0xad, 0xbe, 0xf7, 0xfc, 0xde,
    0x96, 0xb5, 0x96, 0xb5, 0x75, 0xad, 0x18, 0xc6, 0x14, 0xa5, 0xec, 0x5a, 0x6a, 0x4a, 0x66, 0x29,
    0x72, 0x8c, 0x96, 0xb5, 0x18, 0xc6, 0xdb, 0xde, 0xba, 0xd6, 0xba, 0xd6, 0xba, 0xd6, 0xba, 0xd6,
    0xba, 0xd6, 0xdb, 0xde, 0xba, 0xd6, 0xba, 0xd6, 0xba, 0xd6, 0xdb, 0xde, 0xdb, 0xde, 0xdb, 0xde,
    0xba, 0xd6, 0xdb, 0xde, 0xdb, 0xde, 0xba, 0xd6, 0xba, 0xd6, 0xba, 0xd6, 0xba, 0xd6, 0xba, 0xd6,
    0xba, 0xd6, 0xba, 0xd6, 0xba, 0xd6, 0xba, 0xd6, 0xba, 0xd6, 0xba, 0xd6, 0xba, 0xd6, 0xba, 0xd6,
    0xba, 0xd6, 0xba, 0xd6, 0xba, 0xd6, 0xba, 0xd6, 0xba, 0xd6, 0xba, 0xd6, 0xba, 0xd6, 0xba, 0xd6,
    0xba, 0xd6, 0xba, 0xd6, 0xba, 0xd6, 0xba, 0xd6, 0xba, 0xd6, 0xba, 0xd6, 0xdb, 0xde, 0x9a, 0xd6,
    0x59, 0xce, 0x79, 0xce, 0x79, 0xce, 0xba, 0xd6, 0xbb, 0xd6, 0xba, 0xd6, 0xba, 0xd6, 0xba, 0xd6,
    0xba, 0xd6, 0xba, 0xd6, 0xba, 0xd6, 0xba, 0xd6, 0xba, 0xd6, 0xba, 0xd6, 0xba, 0xd6, 0xba, 0xd6,
    0xba, 0xd6, 0xba, 0xd6, 0xba, 0xd6, 0xba, 0xd6, 0xba, 0xd6, 0xba, 0xd6, 0xba, 0xd6, 0xba, 0xd6,
    0xba, 0xd6, 0xba, 0xd6, 0xba, 0xd6, 0xba, 0xd6, 0xba, 0xd6, 0xba, 0xd6, 0xba, 0xd6, 0xba, 0xd6,
    0xba, 0xd6, 0xba, 0xd6, 0xbb, 0xd6, 0xba, 0xd6, 0x59, 0xce, 0x59, 0xce, 0x79, 0xce, 0xba, 0xd6,
    0xba, 0xd6, 0xba, 0xd6, 0xba, 0xd6, 0xba, 0xd6, 0xba, 0xd6, 0xba, 0xd6, 0xba, 0xd6, 0xba, 0xd6,
    0xba, 0xd6, 0xba, 0xd6, 0xba, 0xd6, 0xdb, 0xde, 0xf7, 0xbd, 0x96, 0xb5, 0xcc, 0x5a, 0x29, 0x42,
    0x2d, 0x63, 0xbb, 0xd6, 0x1c, 0xe7, 0x14, 0xa5, 0x55, 0xad, 0x75, 0xad, 0x51, 0x8c, 0xec, 0x5a,
    0x6a, 0x4a, 0x86, 0x29, 0x6e, 0x21, 0x72, 0x21, 0x52, 0x19, 0xaf, 0x29, 0xe7, 0x39, 0x55, 0xad,
    0xbe, 0xf7, 0xfb, 0xde, 0x96, 0xb5, 0x96, 0xb5, 0x75, 0xad, 0x18, 0xc6, 0x14, 0xa5, 0xec, 0x5a,
    0x6a, 0x4a, 0x66, 0x29, 0x72, 0x8c, 0x96, 0xb5, 0x18, 0xc6, 0xdb, 0xde, 0xba, 0xde, 0xba, 0xd6,
    0xba, 0xd6, 0xba, 0xd6, 0xba, 0xd6, 0xba, 0xd6, 0xdb, 0xde, 0xba, 0xd6, 0xba, 0xd6, 0xdb, 0xde,
    0xdb, 0xde, 0xdb, 0xde, 0xba, 0xd6, 0xba, 0xd6, 0xba, 0xd6, 0xba, 0xd6, 0xba, 0xd6, 0xba, 0xd6,
    0xba, 0xd6, 0xba, 0xd6, 0xba, 0xd6, 0xba, 0xd6, 0xba, 0xd6, 0xba, 0xd6, 0xba, 0xd6, 0xba, 0xd6,
    0xba, 0xd6, 0xba, 0xd6, 0xba, 0xd6, 0xba, 0xd6, 0xba, 0xd6, 0xba, 0xd6, 0xba, 0xd6, 0xba, 0xd6,
    0xba, 0xd6, 0xba, 0xd6, 0xba, 0xd6, 0xba, 0xd6, 0xba, 0xd6, 0xba, 0xd6, 0xba, 0xd6, 0xba, 0xd6,
    0xba, 0xd6, 0xdb, 0xde, 0xdb, 0xde, 0xdb, 0xde, 0xdb, 0xde, 0xba, 0xd6, 0xba, 0xd6, 0xba, 0xd6,
    0xba, 0xd6, 0xba, 0xd6, 0xba, 0xd6, 0xba, 0xd6, 0xba, 0xd6, 0xba, 0xd6, 0xba, 0xd6, 0xba, 0xd6,
    0xba, 0xd6, 0xba, 0xd6, 0xba, 0xd6, 0xba, 0xd6, 0xba, 0xd6, 0xba, 0xd6, 0xba, 0xd6, 0xba, 0xd6,
    0xba, 0xd6, 0xba, 0xd6, 0xba, 0xd6, 0xba, 0xd6, 0xba, 0xd6, 0xba, 0xd6, 0xba, 0xd6, 0xba, 0xd6,
    0xba, 0xd6, 0xba, 0xd6, 0xba, 0xd6, 0xba, 0xd6, 0xba, 0xd6, 0xba, 0xd6, 0xdb, 0xde, 0xdb, 0xde,
    0xdb, 0xde, 0xba, 0xd6, 0xba, 0xd6, 0xba, 0xd6, 0xba, 0xd6, 0xba, 0xd6, 0xba, 0xd6, 0xba, 0xd6,
    0xdb, 0xde, 0xdb, 0xde, 0xba, 0xd6, 0xba, 0xd6, 0xba, 0xd6, 0xdb, 0xde, 0xf7, 0xbd, 0x96, 0xb5,
    0xec, 0x5a, 0x29, 0x42, 0x2d, 0x63, 0xdb, 0xd6, 0x1c, 0xe7, 0x14, 0xa5, 0x55, 0xad, 0x76, 0xad,
    0x51, 0x8c, 0xec, 0x5a, 0x6a, 0x4a, 0x86, 0x29, 0x6e, 0x21, 0x72, 0x21, 0x52, 0x19, 0xaf, 0x29,
    0xe7, 0x39, 0x55, 0xad, 0xbe, 0xf7, 0xfb, 0xde, 0x96, 0xb5, 0x96, 0xb5, 0x55, 0xad, 0x18, 0xc6,
    0x35, 0xa5, 0xec, 0x5a, 0x6a, 0x4a, 0x66, 0x29, 0x72, 0x8c, 0x96, 0xb5, 0x18, 0xc6, 0xdb, 0xde,
    0xbb, 0xde, 0xba, 0xd6, 0xba, 0xd6, 0xba, 0xd6, 0xba, 0xd6, 0xdb, 0xde, 0xdb, 0xde, 0xdb, 0xde,
    0xdb, 0xde, 0xdb, 0xde, 0xdb, 0xde, 0xdb, 0xde, 0xba, 0xd6, 0xba, 0xd6, 0xba, 0xd6, 0xdb, 0xde,
    0xba, 0xd6, 0xba, 0xd6, 0xba, 0xd6, 0xba, 0xd6, 0xba, 0xd6, 0xba, 0xd6, 0xba, 0xd6, 0xba, 0xd6,
    0xba, 0xd6, 0xba, 0xd6, 0xba, 0xd6, 0xba, 0xd6, 0xba, 0xd6, 0xba, 0xd6, 0xba, 0xd6, 0xba, 0xd6,
    0xba, 0xd6, 0xba, 0xd6, 0xba, 0xd6, 0xba, 0xd6, 0xdb, 0xde, 0xba, 0xd6, 0xba, 0xd6, 0xba, 0xd6,
    0xba, 0xd6, 0xba, 0xd6, 0xba, 0xd6, 0xba, 0xd6, 0xba, 0xd6, 0xba, 0xd6, 0xba, 0xd6, 0xba, 0xd6,
    0xba, 0xd6, 0xba, 0xd6, 0xba, 0xd6, 0xba, 0xd6, 0xba, 0xd6, 0xba, 0xd6, 0xba, 0xd6, 0xba, 0xd6,
    0xba, 0xd6, 0xba, 0xd6, 0xba, 0xd6, 0xba, 0xd6, 0xba, 0xd6, 0xba, 0xd6, 0xba, 0xd6, 0xba, 0xd6,
    0xba, 0xd6, 0xba, 0xd6, 0xba, 0xd6, 0xba, 0xd6, 0xba, 0xd6, 0xba, 0xd6, 0xba, 0xd6, 0xba, 0xd6,
    0xba, 0xd6, 0xba, 0xd6, 0xba, 0xd6, 0xba, 0xd6, 0xba, 0xd6, 0xba, 0xd6, 0xba, 0xd6, 0xba, 0xd6,
    0xba, 0xd6, 0xba, 0xd6, 0xba, 0xd6, 0xba, 0xd6, 0xba, 0xd6, 0xba, 0xd6, 0xba, 0xd6, 0xba, 0xd6,
    0xba, 0xd6, 0xba, 0xd6, 0xba, 0xd6, 0xba, 0xd6, 0xba, 0xd6, 0xba, 0xd6, 0xba, 0xd6, 0xdb, 0xde,
    0xf7, 0xbd, 0x96, 0xb5, 0xec, 0x5a, 0x29, 0x42, 0x4d, 0x63, 0xdb, 0xde, 0x1c, 0xe7, 0x14, 0xa5,
    0x55, 0xad, 0x76, 0xad, 0x51, 0x8c, 0xec, 0x5a, 0x6a, 0x4a, 0x86, 0x29, 0x6e, 0x21, 0x72, 0x21,
    0x52, 0x19, 0xaf, 0x29, 0xe7, 0x39, 0x55, 0xad, 0xbe, 0xf7, 0xfb, 0xde, 0x96, 0xb5, 0x76, 0xad,
    0x55, 0xad, 0x18, 0xc6, 0x34, 0xa5, 0xec, 0x5a, 0x6a, 0x4a, 0x66, 0x29, 0x72, 0x8c, 0xb6, 0xb5,
    0x18, 0xc6, 0xdb, 0xde, 0xba, 0xd6, 0xdb, 0xde, 0xdb, 0xde, 0xdb, 0xde, 0xdb, 0xde, 0xba, 0xd6,
    0xdb, 0xde, 0xba, 0xd6, 0xba, 0xd6, 0xdb, 0xde, 0xdb, 0xde, 0xdb, 0xde, 0xba, 0xd6, 0xba, 0xd6,
    0xba, 0xd6, 0xba, 0xd6, 0xba, 0xd6, 0xba, 0xd6, 0xba, 0xd6, 0xba, 0xd6, 0xba, 0xd6, 0xba, 0xd6,
    0xba, 0xd6, 0xba, 0xd6, 0xba, 0xd6, 0xba, 0xd6, 0xba, 0xd6, 0xba, 0xd6, 0xba, 0xd6, 0xba, 0xd6,
    0xba, 0xd6, 0xba, 0xd6, 0xba, 0xd6, 0xba, 0xd6, 0xba, 0xd6, 0xba, 0xd6, 0xba, 0xd6, 0xba, 0xd6,
    0xba, 0xd6, 0xba, 0xd6, 0xba, 0xd6, 0xba, 0xd6, 0xba, 0xd6, 0xba, 0xd6, 0xba, 0xd6, 0xba, 0xd6,
    0xba, 0xd6, 0xba, 0xd6, 0xba, 0xd6, 0xba, 0xd6, 0xba, 0xd6, 0xba, 0xd6, 0xba, 0xd6, 0xba, 0xd6,
    0xba, 0xd6, 0xba, 0xd6, 0xba, 0xd6, 0xba, 0xd6, 0xba, 0xd6, 0xba, 0xd6, 0xba, 0xd6, 0xba, 0xd6,
    0xba, 0xd6, 0xba, 0xd6, 0xba, 0xd6, 0xba, 0xd6, 0xba, 0xd6, 0xba, 0xd6, 0xba, 0xd6, 0xba, 0xd6,
    0xba, 0xd6, 0xba, 0xd6, 0xba, 0xd6, 0xba, 0xd6, 0xba, 0xd6, 0xba, 0xd6, 0xba, 0xd6, 0xba, 0xd6,
    0xba, 0xd6, 0xba, 0xd6, 0xba, 0xd6, 0xba, 0xd6, 0xba, 0xd6, 0xba, 0xd6, 0xba, 0xd6, 0xba, 0xd6,
    0xba, 0xd6, 0xba, 0xd6, 0xba, 0xd6, 0xba, 0xd6, 0xba, 0xd6, 0xba, 0xd6, 0xba, 0xd6, 0xba, 0xd6,
    0xba, 0xd6, 0xdb, 0xde, 0xf8, 0xbd, 0x96, 0xb5, 0xec, 0x5a, 0x29, 0x42, 0x2d, 0x63, 0xbb, 0xd6,
    0x1c, 0xe7, 0x14, 0xa5, 0x55, 0xad, 0x75, 0xad, 0x71, 0x8c, 0xec, 0x5a, 0x6a, 0x4a, 0x86, 0x29,
    0x6e, 0x21, 0x72, 0x21, 0x52, 0x19, 0xaf, 0x29, 0xe7, 0x39, 0x55, 0xad, 0x9e, 0xf7, 0xfb, 0xde,
    0x96, 0xb5, 0x76, 0xad, 0x75, 0xad, 0x18, 0xc6, 0x14, 0xa5, 0x0c, 0x5b, 0x8a, 0x4a, 0x66, 0x29,
    0x72, 0x8c, 0xb6, 0xb5, 0x18, 0xc6, 0xdb, 0xde, 0xba, 0xd6, 0xba, 0xd6, 0xba, 0xd6, 0xba, 0xd6,
    0xba, 0xd6, 0xba, 0xd6, 0xdb, 0xde, 0xba, 0xd6, 0xba, 0xd6, 0xdb, 0xde, 0xdb, 0xde, 0xdb, 0xde,
    0xba, 0xd6, 0xba, 0xd6, 0xba, 0xd6, 0xba, 0xd6, 0xba, 0xd6, 0xdb, 0xde, 0xba, 0xd6, 0xba, 0xd6,
    0xba, 0xd6, 0xba, 0xd6, 0xba, 0xd6, 0xba, 0xd6, 0xba, 0xd6, 0xba, 0xd6, 0xba, 0xd6, 0xba, 0xd6,
    0xba, 0xd6, 0xba, 0xd6, 0xba, 0xd6, 0xba, 0xd6, 0xba, 0xd6, 0xba, 0xd6, 0xba, 0xd6, 0xba, 0xd6,
    0xba, 0xd6, 0xba, 0xd6, 0xba, 0xd6, 0xba, 0xd6, 0xba, 0xd6, 0xba, 0xd6, 0xba, 0xd6, 0xba, 0xd6,
    0xba, 0xd6, 0xba, 0xd6, 0xba, 0xd6, 0xba, 0xd6, 0xba, 0xd6, 0xba, 0xd6, 0xba, 0xd6, 0xba, 0xd6,
    0xba, 0xd6, 0xba, 0xd6, 0xba, 0xd6, 0xba, 0xd6, 0xba, 0xd6, 0xba, 0xd6, 0xba, 0xd6, 0xba, 0xd6,
    0xba, 0xd6, 0xba, 0xd6, 0xba, 0xd6, 0xba, 0xd6, 0xba, 0xd6, 0xba, 0xd6, 0xba, 0xd6, 0xba, 0xd6,
    0xba, 0xd6, 0xba, 0xd6, 0xba, 0xd6, 0xba, 0xd6, 0xba, 0xd6, 0xba, 0xd6, 0xba, 0xd6, 0xba, 0xd6,
    0xba, 0xd6, 0xba, 0xd6, 0xba, 0xd6, 0xba, 0xd6, 0xba, 0xd6, 0xba, 0xd6, 0xba, 0xd6, 0xba, 0xd6,
    0xba, 0xd6, 0xba, 0xd6, 0xba, 0xd6, 0xba, 0xd6, 0xba, 0xd6, 0xba, 0xd6, 0xba, 0xd6, 0xba, 0xd6,
    0xba, 0xd6, 0xba, 0xd6, 0xba, 0xd6, 0xdb, 0xde, 0xf8, 0xbd, 0x96, 0xb5, 0xec, 0x5a, 0x29, 0x42,
    0x2d, 0x63, 0xbb, 0xd6, 0x1c, 0xe7, 0x14, 0xa5, 0x55, 0xad, 0x75, 0xad, 0x51, 0x8c, 0xec, 0x5a,
    0x6a, 0x4a, 0x86, 0x29, 0x6e, 0x21, 0x72, 0x21, 0x52, 0x19, 0xaf, 0x29, 0xe7, 0x39, 0x55, 0xad,
    0xbe, 0xf7, 0xfb, 0xde, 0x96, 0xb5, 0x76, 0xad, 0x75, 0xad, 0x18, 0xc6, 0x34, 0xa5, 0xec, 0x5a,
    0x8a, 0x4a, 0x66, 0x29, 0x72, 0x8c, 0xb6, 0xb5, 0x18, 0xc6, 0xdb, 0xde, 0xba, 0xd6, 0xba, 0xd6,
    0xba, 0xd6, 0xba, 0xd6, 0xba, 0xd6, 0xba, 0xd6, 0xba, 0xd6, 0xba, 0xd6, 0xdb, 0xde, 0xdb, 0xde,
    0xdb, 0xde, 0xba, 0xd6, 0xba, 0xd6, 0xba, 0xd6, 0xdb, 0xde, 0xba, 0xd6, 0xba, 0xd6, 0xba, 0xd6,
    0xba, 0xd6, 0xba, 0xd6, 0xba, 0xd6, 0xba, 0xd6, 0xba, 0xd6, 0xba, 0xd6, 0xba, 0xd6, 0xba, 0xd6,
    0xba, 0xd6, 0xba, 0xd6, 0xba, 0xd6, 0xba, 0xd6, 0xba, 0xd6, 0xba, 0xd6, 0xba, 0xd6, 0xba, 0xd6,
    0xba, 0xd6, 0xba, 0xd6, 0xba, 0xd6, 0xba, 0xd6, 0xba, 0xd6, 0xba, 0xd6, 0xba, 0xd6, 0xba, 0xd6,
    0xba, 0xd6, 0xba, 0xd6, 0xba, 0xd6, 0xba, 0xd6, 0xba, 0xd6, 0xba, 0xd6, 0xba, 0xd6, 0xba, 0xd6,
    0xba, 0xd6, 0xba, 0xd6, 0xba, 0xd6, 0xba, 0xd6, 0xba, 0xd6, 0xba, 0xd6, 0xba, 0xd6, 0xba, 0xd6,
    0xba, 0xd6, 0xba, 0xd6, 0xba, 0xd6, 0xba, 0xd6, 0xba, 0xd6, 0xba, 0xd6, 0xba, 0xd6, 0xba, 0xd6,
    0xba, 0xd6, 0xba, 0xd6, 0xba, 0xd6, 0xba, 0xd6, 0xba, 0xd6, 0xba, 0xd6, 0xba, 0xd6, 0xba, 0xd6,
    0xba, 0xd6, 0xba, 0xd6, 0xba, 0xd6, 0xba, 0xd6, 0xba, 0xd6, 0xba, 0xd6, 0xba, 0xd6, 0xba, 0xd6,
    0xba, 0xd6, 0xba, 0xd6, 0xba, 0xd6, 0xba, 0xd6, 0xba, 0xd6, 0xba, 0xd6, 0xba, 0xd6, 0xba, 0xd6,
    0xba, 0xd6, 0xba, 0xd6, 0xba, 0xd6, 0xba, 0xd6, 0xba, 0xd6, 0xdb, 0xde, 0xf8, 0xbd, 0x76, 0xad,
    0xec, 0x5a, 0x49, 0x42, 0x2d, 0x63, 0xbb, 0xd6, 0x1c, 0xe7, 0x14, 0xa5, 0x55, 0xad, 0x75, 0xad,
    0x51, 0x8c, 0xec, 0x5a, 0x6a, 0x4a, 0x86, 0x29, 0x6e, 0x21, 0x72, 0x21, 0x52, 0x19, 0xaf, 0x29,
    0xe7, 0x39, 0x55, 0xad, 0xbe, 0xf7, 0xfb, 0xde, 0x96, 0xb5, 0x76, 0xad, 0x55, 0xad, 0x18, 0xc6,
    0x14, 0xa5, 0xec, 0x5a, 0x8a, 0x4a, 0x66, 0x29, 0x92, 0x94, 0xb7, 0xb5, 0x18, 0xc6, 0xdb, 0xde,
    0xba, 0xd6, 0xba, 0xd6, 0xba, 0xd6, 0xba, 0xd6, 0xba, 0xd6, 0xba, 0xd6, 0xba, 0xd6, 0xba, 0xd6,
    0xdb, 0xde, 0xdb, 0xde, 0xdb, 0xde, 0xba, 0xd6, 0xba, 0xd6, 0xdb, 0xde, 0xba, 0xd6, 0xba, 0xd6,
    0xba, 0xd6, 0xba, 0xd6, 0xba, 0xd6, 0xba, 0xd6, 0xba, 0xd6, 0xba, 0xd6, 0xba, 0xd6, 0xba, 0xd6,
    0xba, 0xd6, 0xba, 0xd6, 0xba, 0xd6, 0xba, 0xd6, 0xba, 0xd6, 0xba, 0xd6, 0xba, 0xd6, 0xba, 0xd6,
    0xba, 0xd6, 0xba, 0xd6, 0xba, 0xd6, 0xba, 0xd6, 0xba, 0xd6, 0xba, 0xd6, 0xba, 0xd6, 0xba, 0xd6,
    0xba, 0xd6, 0xba, 0xd6, 0xba, 0xd6, 0xba, 0xd6, 0xba, 0xd6, 0xba, 0xd6, 0xba, 0xd6, 0xba, 0xd6,
    0xba, 0xd6, 0xba, 0xd6, 0xba, 0xd6, 0xba, 0xd6, 0xba, 0xd6, 0xba, 0xd6, 0xba, 0xd6, 0xba, 0xd6,
    0xba, 0xd6, 0xba, 0xd6, 0xba, 0xd6, 0xba, 0xd6, 0xba, 0xd6, 0xba, 0xd6, 0xba, 0xd6, 0xba, 0xd6,
    0xba, 0xd6, 0xba, 0xd6, 0xba, 0xd6, 0xba, 0xd6, 0xba, 0xd6, 0xba, 0xd6, 0xba, 0xd6, 0xba, 0xd6,
    0xba, 0xd6, 0xba, 0xd6, 0xba, 0xd6, 0xba, 0xd6, 0xba, 0xd6, 0xba, 0xd6, 0xba, 0xd6, 0xba, 0xd6,
    0xba, 0xd6, 0xba, 0xd6, 0xba, 0xd6, 0xba, 0xd6, 0xba, 0xd6, 0xba, 0xd6, 0xba, 0xd6, 0xba, 0xd6,
    0xba, 0xd6, 0xba, 0xd6, 0xba, 0xd6, 0xba, 0xd6, 0xba, 0xd6, 0xba, 0xd6, 0xba, 0xd6, 0xba, 0xd6,
    0xd7, 0xbd, 0x55, 0xad, 0xec, 0x5a, 0x29, 0x42, 0x2d, 0x63, 0xbb, 0xd6, 0xfc, 0xde, 0x14, 0xa5,
    0x55, 0xad, 0x75, 0xad, 0x51, 0x8c, 0xec, 0x5a, 0x8a, 0x4a, 0x86, 0x29, 0x6e, 0x21, 0x72, 0x21,
    0x52, 0x19, 0xaf, 0x29, 0xe7, 0x39, 0x55, 0xad, 0xbe, 0xf7, 0xfb, 0xde, 0x96, 0xb5, 0x76, 0xad,
    0x55, 0xad, 0x18, 0xc6, 0x35, 0xa5, 0xec, 0x5a, 0x6a, 0x4a, 0x66, 0x29, 0xaf, 0x73, 0x51, 0x8c,
    0x34, 0xa5, 0x18, 0xc6, 0x9a, 0xd6, 0xdb, 0xde, 0xba, 0xd6, 0xba, 0xd6, 0xba, 0xd6, 0xba, 0xd6,
    0xba, 0xd6, 0xba, 0xd6, 0xba, 0xd6, 0xba, 0xd6, 0xba, 0xd6, 0xba, 0xd6, 0xba, 0xd6, 0xba, 0xd6,
    0xba, 0xd6, 0xba, 0xd6, 0xba, 0xd6, 0xba, 0xd6, 0xba, 0xd6, 0xba, 0xd6, 0xba, 0xd6, 0xba, 0xd6,
    0xba, 0xd6, 0xba, 0xd6, 0xba, 0xd6, 0xba, 0xd6, 0xba, 0xd6, 0xba, 0xd6, 0xba, 0xd6, 0xba, 0xd6,
    0xba, 0xd6, 0xba, 0xd6, 0xba, 0xd6, 0xba, 0xd6, 0xba, 0xd6, 0xdb, 0xde, 0xba, 0xd6, 0xdb, 0xde,
    0xdb, 0xde, 0xba, 0xd6, 0xba, 0xd6, 0xba, 0xd6, 0xba, 0xd6, 0xba, 0xd6, 0xba, 0xd6, 0xba, 0xd6,
    0xba, 0xd6, 0xba, 0xd6, 0xba, 0xd6, 0xba, 0xd6, 0xba, 0xd6, 0xba, 0xd6, 0xba, 0xd6, 0xba, 0xd6,
    0xba, 0xd6, 0xba, 0xd6, 0xba, 0xd6, 0xba, 0xd6, 0xba, 0xd6, 0xba, 0xd6, 0xba, 0xd6, 0xba, 0xd6,
    0xba, 0xd6, 0xba, 0xd6, 0xba, 0xd6, 0xba, 0xd6, 0xba, 0xd6, 0xba, 0xd6, 0xba, 0xd6, 0xba, 0xd6,
    0xba, 0xd6, 0xba, 0xd6, 0xba, 0xd6, 0xba, 0xd6, 0xba, 0xd6, 0xba, 0xd6, 0xba, 0xd6, 0xba, 0xd6,
    0xba, 0xd6, 0xba, 0xd6, 0xba, 0xd6, 0xba, 0xd6, 0xba, 0xd6, 0xba, 0xd6, 0xba, 0xd6, 0xba, 0xd6,
    0xba, 0xd6, 0xba, 0xd6, 0xba, 0xd6, 0xba, 0xd6, 0xba, 0xd6, 0xba, 0xd6, 0xdb, 0xde, 0xba, 0xd6,
    0x38, 0xc6, 0xf7, 0xbd, 0x92, 0x94, 0xd0, 0x7b, 0x49, 0x42, 0x49, 0x42, 0x2d, 0x63, 0xba, 0xd6,
    0x1c, 0xe7, 0x14, 0xa5, 0x55, 0xad, 0x75, 0xad, 0x71, 0x8c, 0xec, 0x5a, 0x8a, 0x4a, 0x66, 0x29,
    0x6e, 0x21, 0x72, 0x21, 0x52, 0x19, 0xaf, 0x29, 0xe8, 0x39, 0x55, 0xad, 0xbe, 0xf7, 0xfb, 0xde,
    0x96, 0xb5, 0x76, 0xad, 0x55, 0xad, 0x18, 0xc6, 0x14, 0xa5, 0x8b, 0x52, 0x4a, 0x4a, 0xa8, 0x31,
    0xe8, 0x39, 0xa7, 0x31, 0x51, 0x8c, 0x96, 0xb5, 0x38, 0xc6, 0x9a, 0xd6, 0x9a, 0xd6, 0xba, 0xd6,
    0xba, 0xd6, 0xba, 0xd6, 0xba, 0xd6, 0xba, 0xd6, 0xba, 0xd6, 0xba, 0xd6, 0xba, 0xd6, 0xba, 0xd6,
    0xba, 0xd6, 0xba, 0xd6, 0xba, 0xd6, 0xba, 0xd6, 0xba, 0xd6, 0xba, 0xd6, 0xba, 0xd6, 0xba, 0xd6,
    0xba, 0xd6, 0xba, 0xd6, 0xba, 0xd6, 0xba, 0xd6, 0xba, 0xd6, 0xba, 0xd6, 0xba, 0xd6, 0xba, 0xd6,
    0xba, 0xd6, 0xba, 0xd6, 0xba, 0xd6, 0xba, 0xd6, 0xba, 0xd6, 0xba, 0xd6, 0xdb, 0xde, 0xba, 0xd6,
    0xba, 0xd6, 0xdb, 0xde, 0xdb, 0xde, 0xba, 0xd6, 0xdb, 0xde, 0xdb, 0xde, 0xba, 0xd6, 0xba, 0xd6,
    0xba, 0xd6, 0xba, 0xd6, 0xba, 0xd6, 0xba, 0xd6, 0xba, 0xd6, 0xba, 0xd6, 0xba, 0xd6, 0xba, 0xd6,
    0xba, 0xd6, 0xba, 0xd6, 0xba, 0xd6, 0xba, 0xd6, 0xba, 0xd6, 0xba, 0xd6, 0xba, 0xd6, 0xba, 0xd6,
    0xba, 0xd6, 0xba, 0xd6, 0xba, 0xd6, 0xba, 0xd6, 0xba, 0xd6, 0xba, 0xd6, 0xba, 0xd6, 0xba, 0xd6,
    0xba, 0xd6, 0xba, 0xd6, 0xba, 0xd6, 0xba, 0xd6, 0xba, 0xd6, 0xba, 0xd6, 0xba, 0xd6, 0xba, 0xd6,
    0xba, 0xd6, 0xba, 0xd6, 0xba, 0xd6, 0xba, 0xd6, 0xba, 0xd6, 0xba, 0xd6, 0xba, 0xd6, 0xba, 0xd6,
    0xba, 0xd6, 0xba, 0xd6, 0xba, 0xd6, 0xba, 0xd6, 0xba, 0xd6, 0xba, 0xd6, 0xba, 0xd6, 0xba, 0xd6,
    0x9a, 0xd6, 0x9a, 0xce, 0x96, 0xad, 0x55, 0xa5, 0x2d, 0x63, 0x87, 0x29, 0xc8, 0x31, 0x4a, 0x4a,
    0xab, 0x52, 0x9a, 0xd6, 0x1c, 0xe7, 0x14, 0xa5, 0x55, 0xad, 0x75, 0xad, 0x51, 0x8c, 0xec, 0x5a,
    0x6a, 0x4a, 0x66, 0x29, 0x6e, 0x21, 0x72, 0x21, 0x52, 0x19, 0xaf, 0x29, 0xe7, 0x39, 0x55, 0xad,
    0xbe, 0xf7, 0xfb, 0xde, 0x76, 0xad, 0x76, 0xad, 0x75, 0xad, 0xf7, 0xbd, 0x38, 0xc6, 0x9a, 0xd6,
    0xd0, 0x7b, 0x25, 0x21, 0x4a, 0x42, 0x87, 0x29, 0x8b, 0x4a, 0xf0, 0x7b, 0x14, 0xa5, 0x96, 0xb5,
    0x59, 0xce, 0xdb, 0xde, 0xba, 0xd6, 0xba, 0xd6, 0xba, 0xd6, 0xba, 0xd6, 0xba, 0xd6, 0xba, 0xd6,
    0xba, 0xd6, 0xba, 0xd6, 0xba, 0xd6, 0xba, 0xd6, 0xba, 0xd6, 0xba, 0xd6, 0xba, 0xd6, 0xba, 0xd6,
    0xba, 0xd6, 0xba, 0xd6, 0xba, 0xd6, 0xba, 0xd6, 0xba, 0xd6, 0xba, 0xd6, 0xba, 0xd6, 0xba, 0xd6,
    0xba, 0xd6, 0xba, 0xd6, 0xba, 0xd6, 0xba, 0xd6, 0xba, 0xd6, 0xba, 0xd6, 0xba, 0xd6, 0xba, 0xd6,
    0xba, 0xd6, 0xba, 0xd6, 0xba, 0xd6, 0xba, 0xd6, 0xba, 0xd6, 0xba, 0xd6, 0xdb, 0xde, 0xdb, 0xde,
    0xba, 0xd6, 0xba, 0xd6, 0xba, 0xd6, 0xba, 0xd6, 0xba, 0xd6, 0xba, 0xd6, 0xba, 0xd6, 0xba, 0xd6,
    0xba, 0xd6, 0xba, 0xd6, 0xba, 0xd6, 0xba, 0xd6, 0xba, 0xd6, 0xba, 0xd6, 0xba, 0xd6, 0xba, 0xd6,
    0xba, 0xd6, 0xba, 0xd6, 0xba, 0xd6, 0xba, 0xd6, 0xba, 0xd6, 0xba, 0xd6, 0xba, 0xd6, 0xba, 0xd6,
    0xba, 0xd6, 0xba, 0xd6, 0xba, 0xd6, 0xba, 0xd6, 0xba, 0xd6, 0xba, 0xd6, 0xba, 0xd6, 0xba, 0xd6,
    0xba, 0xd6, 0xba, 0xd6, 0xba, 0xd6, 0xba, 0xd6, 0xba, 0xd6, 0xba, 0xd6, 0xba, 0xd6, 0xba, 0xd6,
    0xba, 0xd6, 0xba, 0xd6, 0xba, 0xd6, 0xba, 0xd6, 0xba, 0xd6, 0xba, 0xd6, 0xba, 0xd6, 0xba, 0xd6,
    0xba, 0xd6, 0xba, 0xd6, 0x96, 0xb5, 0x55, 0xad, 0xd0, 0x73, 0x0c, 0x5b, 0x86, 0x29, 0x29, 0x42,
    0xa7, 0x31, 0xf0, 0x7b, 0x7a, 0xce, 0x7d, 0xef, 0xdb, 0xde, 0x14, 0xa5, 0x55, 0xad, 0x75, 0xad,
    0x51, 0x8c, 0xec, 0x5a, 0x6a, 0x4a, 0x86, 0x29, 0x6f, 0x21, 0x72, 0x21, 0x52, 0x19, 0xaf, 0x29,
    0xc7, 0x39, 0x55, 0xad, 0x9e, 0xf7, 0xfb, 0xde, 0x76, 0xad, 0x76, 0xad, 0x76, 0xad, 0x75, 0xad,
    0x39, 0xc6, 0xff, 0xff, 0xd7, 0xbd, 0x10, 0x7c, 0xab, 0x52, 0xe8, 0x39, 0x09, 0x42, 0x09, 0x42,
    0xf0, 0x7b, 0xd3, 0x9c, 0x96, 0xb5, 0x59, 0xce, 0xdb, 0xde, 0xdb, 0xde, 0xdb, 0xde, 0xdb, 0xde,
    0xdb, 0xde, 0xdb, 0xde, 0xdb, 0xde, 0xdb, 0xde, 0xdb, 0xde, 0xdb, 0xde, 0xdb, 0xde, 0xdb, 0xde,
    0xdb, 0xde, 0xba, 0xd6, 0xba, 0xd6, 0xba, 0xd6, 0xdb, 0xde, 0xba, 0xd6, 0xdb, 0xde, 0xdb, 0xde,
    0xdb, 0xde, 0xdb, 0xde, 0xdb, 0xde, 0xdb, 0xde, 0xdb, 0xde, 0xdb, 0xde, 0xdb, 0xde, 0xdb, 0xde,
    0xdb, 0xde, 0xdb, 0xde, 0xba, 0xd6, 0xdb, 0xde, 0xdb, 0xde, 0xdb, 0xde, 0xdb, 0xde, 0xdb, 0xde,
    0xdb, 0xde, 0xdb, 0xde, 0xdb, 0xde, 0xba, 0xd6, 0xba, 0xd6, 0xdb, 0xde, 0xdb, 0xde, 0xdb, 0xde,
    0xdb, 0xde, 0xdb, 0xde, 0xdb, 0xde, 0xdb, 0xde, 0xdb, 0xde, 0xdb, 0xde, 0xdb, 0xde, 0xdb, 0xde,
    0xdb, 0xde, 0xba, 0xd6, 0xba, 0xd6, 0xba, 0xd6, 0xba, 0xd6, 0xba, 0xd6, 0xba, 0xd6, 0xdb, 0xde,
    0xdb, 0xde, 0xdb, 0xde, 0xdb, 0xde, 0xdb, 0xde, 0xdb, 0xde, 0xdb, 0xde, 0xdb, 0xde, 0xdb, 0xde,
    0xdb, 0xde, 0xdb, 0xde, 0xdb, 0xde, 0xdb, 0xde, 0xdb, 0xde, 0xdb, 0xde, 0xba, 0xd6, 0xba, 0xd6,
    0xba, 0xd6, 0xba, 0xd6, 0xdb, 0xde, 0xdb, 0xde, 0xdb, 0xde, 0xdb, 0xde, 0xdb, 0xde, 0xba, 0xd6,
    0xba, 0xd6, 0xdb, 0xde, 0x79, 0xce, 0x18, 0xc6, 0xf3, 0x9c, 0x51, 0x8c, 0x49, 0x42, 0x49, 0x42,
    0x29, 0x42, 0xec, 0x5a, 0x51, 0x8c, 0x18, 0xc6, 0xff, 0xff, 0x59, 0xce, 0x96, 0xb5, 0x55, 0xad,
    0x55, 0xad, 0x75, 0xad, 0x51, 0x8c, 0xcc, 0x5a, 0x6a, 0x4a, 0x86, 0x29, 0x6f, 0x21, 0x72, 0x21,
    0x52, 0x19, 0xaf, 0x29, 0xc7, 0x39, 0x55, 0xad, 0xbe, 0xf7, 0xfb, 0xde, 0x75, 0xad, 0x75, 0xad,
    0x76, 0xad, 0x75, 0xad, 0x76, 0xad, 0x55, 0xad, 0xdb, 0xde, 0xff, 0xff, 0x2d, 0x63, 0xe8, 0x39,
    0x09, 0x3a, 0x66, 0x29, 0x4e, 0x6b, 0x31, 0x84, 0xf3, 0x9c, 0x18, 0xc6, 0x9a, 0xd6, 0x9a, 0xd6,
    0x9a, 0xd6, 0x9a, 0xd6, 0x9a, 0xd6, 0x9a, 0xd6, 0x9a, 0xd6, 0x9a, 0xd6, 0x9a, 0xd6, 0x9a, 0xd6,
    0x9a, 0xd6, 0x9a, 0xd6, 0x9a, 0xd6, 0x9a, 0xd6, 0x9a, 0xd6, 0x9a, 0xd6, 0x9a, 0xd6, 0x9a, 0xd6,
    0x9a, 0xd6, 0x9a, 0xd6, 0x9a, 0xd6, 0x9a, 0xd6, 0x9a, 0xd6, 0x9a, 0xd6, 0x9a, 0xd6, 0x9a, 0xd6,
    0x9a, 0xd6, 0x9a, 0xd6, 0x9a, 0xd6, 0x9a, 0xd6, 0x9a, 0xd6, 0x9a, 0xd6, 0x9a, 0xd6, 0x9a, 0xd6,
    0x9a, 0xd6, 0x9a, 0xd6, 0x9a, 0xd6, 0x9a, 0xd6, 0x9a, 0xd6, 0x9a, 0xd6, 0x9a, 0xd6, 0x9a, 0xd6,
    0x9a, 0xd6, 0x9a, 0xd6, 0x9a, 0xd6, 0x9a, 0xd6, 0x9a, 0xd6, 0x9a, 0xd6, 0x9a, 0xd6, 0x9a, 0xd6,
    0x9a, 0xd6, 0x9a, 0xd6, 0x9a, 0xd6, 0x9a, 0xd6, 0x9a, 0xd6, 0x9a, 0xd6, 0x9a, 0xd6, 0x9a, 0xd6,
    0x9a, 0xd6, 0x9a, 0xd6, 0x9a, 0xd6, 0x9a, 0xd6, 0x9a, 0xd6, 0x9a, 0xd6, 0x9a, 0xd6, 0x9a, 0xd6,
    0x9a, 0xd6, 0x9a, 0xd6, 0x9a, 0xd6, 0x9a, 0xd6, 0x9a, 0xd6, 0x9a, 0xd6, 0x9a, 0xd6, 0x9a, 0xd6,
    0x9a, 0xd6, 0x9a, 0xd6, 0x9a, 0xd6, 0x9a, 0xd6, 0x9a, 0xd6, 0x9a, 0xd6, 0x9a, 0xd6, 0x9a, 0xd6,
    0x9a, 0xd6, 0x9a, 0xd6, 0x9a, 0xd6, 0x9a, 0xd6, 0x38, 0xc6, 0x76, 0xad, 0x10, 0x7c, 0xd0, 0x7b,
    0xc7, 0x31, 0xe8, 0x39, 0x8a, 0x4a, 0x0c, 0x5b, 0xdf, 0xff, 0x3c, 0xe7, 0xb6, 0xb5, 0x76, 0xad,
    0x55, 0xad, 0x55, 0xad, 0x55, 0xad, 0x75, 0xad, 0x51, 0x8c, 0xec, 0x5a, 0x6a, 0x4a, 0x86, 0x29,
    0x6f, 0x21, 0x72, 0x21, 0x52, 0x19, 0xaf, 0x29, 0xc7, 0x39, 0x14, 0xa5, 0x3c, 0xe7, 0x9a, 0xd6,
    0x76, 0xad, 0x75, 0xad, 0x75, 0xad, 0x76, 0xad, 0x76, 0xad, 0x55, 0xad, 0xf7, 0xbd, 0xdb, 0xde,
    0x7a, 0xce, 0x8e, 0x73, 0xab, 0x52, 0x8a, 0x52, 0x29, 0x42, 0xe8, 0x39, 0xcf, 0x73, 0x14, 0xa5,
    0x96, 0xb5, 0x96, 0xb5, 0x96, 0xb5, 0x96, 0xb5, 0x96, 0xb5, 0x96, 0xb5, 0x96, 0xb5, 0x96, 0xb5,
    0x96, 0xb5, 0x96, 0xb5, 0x96, 0xb5, 0x96, 0xb5, 0x96, 0xb5, 0x96, 0xb5, 0x96, 0xb5, 0x96, 0xb5,
    0x96, 0xb5, 0x96, 0xb5, 0x96, 0xb5, 0x96, 0xb5, 0x96, 0xb5, 0x96, 0xb5, 0x96, 0xb5, 0x96, 0xb5,
    0x96, 0xb5, 0x96, 0xb5, 0x96, 0xb5, 0x96, 0xb5, 0x96, 0xb5, 0x96, 0xb5, 0x96, 0xb5, 0x96, 0xb5,
    0x96, 0xb5, 0x96, 0xb5, 0x96, 0xb5, 0x96, 0xb5, 0x96, 0xb5, 0x96, 0xb5, 0x96, 0xb5, 0x96, 0xb5,
    0x96, 0xb5, 0x96, 0xb5, 0x96, 0xb5, 0x96, 0xb5, 0x96, 0xb5, 0x96, 0xb5, 0x96, 0xb5, 0x96, 0xb5,
    0x96, 0xb5, 0x96, 0xb5, 0x75, 0xad, 0x75, 0xad, 0x75, 0xad, 0x75, 0xad, 0x76, 0xad, 0x75, 0xad,
    0x75, 0xad, 0x96, 0xb5, 0x96, 0xb5, 0x75, 0xad, 0x75, 0xad, 0x75, 0xad, 0x96, 0xad, 0x96, 0xb5,
    0x96, 0xb5, 0x96, 0xb5, 0x96, 0xb5, 0x96, 0xb5, 0x96, 0xb5, 0x96, 0xb5, 0x96, 0xb5, 0x96, 0xb5,
    0x96, 0xb5, 0x96, 0xb5, 0x96, 0xb5, 0x96, 0xb5, 0x96, 0xb5, 0x96, 0xb5, 0x96, 0xb5, 0x96, 0xb5,
    0x96, 0xb5, 0x96, 0xb5, 0x96, 0xb5, 0x96, 0xb5, 0x96, 0xb5, 0x96, 0xb5, 0xf4, 0x9c, 0x72, 0x8c,
    0x08, 0x42, 0xc8, 0x39, 0xab, 0x52, 0xec, 0x5a, 0x0d, 0x63, 0x96, 0xb5, 0x5d, 0xef, 0xd7, 0xbd,
    0x35, 0xa5, 0x55, 0xad, 0x55, 0xad, 0x55, 0xad, 0x55, 0xad, 0x76, 0xad, 0x72, 0x8c, 0xec, 0x5a,
    0x8a, 0x4a, 0x86, 0x29, 0x6e, 0x21, 0x72, 0x21, 0x52, 0x19, 0xaf, 0x29, 0xe8, 0x39, 0xf0, 0x7b,
    0x34, 0xa5, 0x55, 0xad, 0x75, 0xad, 0x76, 0xad, 0x75, 0xad, 0x75, 0xad, 0x76, 0xad, 0x76, 0xad,
    0x34, 0xa5, 0x18, 0xc6, 0x5d, 0xef, 0x5d, 0xe7, 0xf4, 0x9c, 0xe8, 0x39, 0x09, 0x42, 0xa7, 0x31,
    0xcf, 0x73, 0xf4, 0x9c, 0x96, 0xb5, 0xb6, 0xb5, 0x96, 0xb5, 0x96, 0xb5, 0x96, 0xb5, 0x96, 0xb5,
    0x96, 0xb5, 0x96, 0xb5, 0x96, 0xb5, 0x96, 0xb5, 0x96, 0xb5, 0x96, 0xb5, 0x96, 0xb5, 0x96, 0xb5,
    0x96, 0xb5, 0x96, 0xb5, 0x96, 0xb5, 0x96, 0xb5, 0x96, 0xb5, 0x96, 0xb5, 0x96, 0xb5, 0x96, 0xb5,
    0x96, 0xb5, 0x96, 0xb5, 0x96, 0xb5, 0x96, 0xb5, 0x96, 0xb5, 0x96, 0xb5, 0x96, 0xb5, 0x96, 0xb5,
    0x96, 0xb5, 0x96, 0xb5, 0x96, 0xb5, 0x96, 0xb5, 0x96, 0xb5, 0x96, 0xb5, 0x96, 0xb5, 0x96, 0xb5,
    0x96, 0xb5, 0x96, 0xb5, 0x96, 0xb5, 0x96, 0xb5, 0x96, 0xb5, 0x96, 0xb5, 0x96, 0xb5, 0x96, 0xb5,
    0x96, 0xb5, 0x96, 0xb5, 0x96, 0xb5, 0x96, 0xb5, 0x96, 0xb5, 0x96, 0xb5, 0x76, 0xad, 0x76, 0xad,
    0x96, 0xb5, 0x96, 0xb5, 0x96, 0xb5, 0x96, 0xb5, 0x96, 0xb5, 0x96, 0xb5, 0x96, 0xb5, 0x76, 0xad,
    0x96, 0xb5, 0x96, 0xb5, 0x96, 0xb5, 0x96, 0xb5, 0x96, 0xb5, 0x96, 0xb5, 0x96, 0xb5, 0x96, 0xb5,
    0x96, 0xb5, 0x96, 0xb5, 0x96, 0xb5, 0x96, 0xb5, 0x96, 0xb5, 0x96, 0xb5, 0x96, 0xb5, 0x96, 0xb5,
    0x96, 0xb5, 0x96, 0xb5, 0x96, 0xb5, 0x96, 0xb5, 0x96, 0xb5, 0x96, 0xb5, 0x96, 0xb5, 0x96, 0xb5,
    0xf4, 0x9c, 0x51, 0x8c, 0xe8, 0x39, 0xc7, 0x31, 0x49, 0x42, 0x31, 0x84, 0x9e, 0xf7, 0x7e, 0xef,
    0xdb, 0xde, 0x35, 0xa5, 0x75, 0xad, 0x55, 0xad, 0x55, 0xad, 0x55, 0xad, 0x35, 0xa5, 0x35, 0xa5,
    0x51, 0x8c, 0x2d, 0x63, 0x8b, 0x52, 0x86, 0x29, 0x6e, 0x21, 0x72, 0x21, 0x52, 0x19, 0xaf, 0x29,
    0xe7, 0x39, 0xd0, 0x7b, 0x76, 0xad, 0xb3, 0x9c, 0x93, 0x94, 0x56, 0xad, 0x76, 0xad, 0x75, 0xad,
    0x76, 0xad, 0x75, 0xad, 0x75, 0xad, 0x76, 0xad, 0x76, 0xad, 0x3d, 0xe7, 0x59, 0xce, 0x10, 0x84,
    0xcb, 0x52, 0xe8, 0x39, 0x29, 0x42, 0x8a, 0x4a, 0xab, 0x52, 0xab, 0x52, 0xab, 0x52, 0xab, 0x52,
    0xab, 0x52, 0xab, 0x52, 0xab, 0x52, 0xab, 0x52, 0xab, 0x52, 0xab, 0x52, 0xab, 0x52, 0x8b, 0x52,
    0xab, 0x52, 0xab, 0x52, 0xab, 0x52, 0x8b, 0x52, 0x8b, 0x52, 0xab, 0x52, 0xab, 0x52, 0xab, 0x52,
    0xab, 0x52, 0xab, 0x52, 0x8b, 0x52, 0xab, 0x52, 0xab, 0x52, 0xab, 0x52, 0xab, 0x52, 0xab, 0x52,
    0xab, 0x52, 0xab, 0x52, 0xab, 0x52, 0xab, 0x52, 0xab, 0x52, 0xab, 0x52, 0xab, 0x52, 0xab, 0x52,
    0x8b, 0x52, 0x8b, 0x52, 0x8b, 0x52, 0x8b, 0x52, 0x8b, 0x4a, 0x8b, 0x52, 0x8b, 0x52, 0x8b, 0x52,
    0x8b, 0x52, 0xab, 0x52, 0x8b, 0x52, 0x8b, 0x52, 0x8b, 0x52, 0xab, 0x52, 0x8b, 0x52, 0xab, 0x52,
    0x8b, 0x52, 0x8b, 0x52, 0x8b, 0x52, 0xab, 0x52, 0xab, 0x52, 0xab, 0x52, 0x8b, 0x52, 0x8b, 0x52,
    0x8b, 0x52, 0x8b, 0x52, 0xab, 0x52, 0x8b, 0x52, 0x8b, 0x52, 0xab, 0x52, 0xab, 0x52, 0x8b, 0x52,
    0x8b, 0x52, 0x8b, 0x52, 0xab, 0x52, 0xab, 0x52, 0xab, 0x52, 0xab, 0x52, 0x8b, 0x52, 0x8b, 0x52,
    0x8b, 0x52, 0x8b, 0x52, 0x8b, 0x52, 0x8b, 0x52, 0x8b, 0x52, 0xab, 0x52, 0xab, 0x52, 0xab, 0x52,
    0x8b, 0x52, 0xab, 0x52, 0x8a, 0x4a, 0x49, 0x42, 0xe8, 0x39, 0xcc, 0x5a, 0x71, 0x8c, 0xb6, 0xb5,
    0xff, 0xff, 0x18, 0xc6, 0x55, 0xad, 0x75, 0xad, 0x55, 0xad, 0x55, 0xad, 0x55, 0xad, 0x55, 0xad,
    0xf4, 0xa4, 0x0d, 0x63, 0x0c, 0x63, 0x4e, 0x6b, 0xab, 0x52, 0x66, 0x29, 0x6f, 0x21, 0x72, 0x21,
    0x71, 0x21, 0x70, 0x21, 0x6e, 0x21, 0x0c, 0x3a, 0x8a, 0x52, 0x10, 0x84, 0xb3, 0x94, 0x96, 0xb5,
    0x96, 0xb5, 0x76, 0xad, 0x76, 0xad, 0x75, 0xad, 0x76, 0xad, 0x75, 0xad, 0x75, 0xad, 0xd7, 0xbd,
    0xbb, 0xd6, 0xff, 0xff, 0x8e, 0x6b, 0x46, 0x29, 0x66, 0x29, 0x46, 0x21, 0x46, 0x21, 0x45, 0x21,
    0x46, 0x21, 0x46, 0x21, 0x46, 0x21, 0x46, 0x21, 0x46, 0x21, 0x46, 0x21, 0x46, 0x21, 0x46, 0x21,
    0x46, 0x21, 0x46, 0x21, 0x46, 0x21, 0x46, 0x21, 0x46, 0x21, 0x46, 0x21, 0x46, 0x21, 0x46, 0x21,
    0x46, 0x21, 0x46, 0x21, 0x46, 0x21, 0x46, 0x21, 0x46, 0x21, 0x46, 0x21, 0x46, 0x21, 0x46, 0x21,
    0x46, 0x21, 0x46, 0x21, 0x46, 0x21, 0x46, 0x21, 0x46, 0x21, 0x46, 0x21, 0x46, 0x21, 0x46, 0x21,
    0x46, 0x21, 0x46, 0x21, 0x46, 0x21, 0x46, 0x21, 0x45, 0x21, 0x45, 0x21, 0x25, 0x21, 0x25, 0x21,
    0x25, 0x21, 0x26, 0x21, 0x25, 0x21, 0x46, 0x21, 0x46, 0x21, 0x46, 0x21, 0x46, 0x21, 0x46, 0x21,
    0x46, 0x21, 0x46, 0x21, 0x46, 0x21, 0x46, 0x21, 0x46, 0x21, 0x46, 0x21, 0x46, 0x21, 0x46, 0x21,
    0x26, 0x21, 0x46, 0x21, 0x46, 0x21, 0x46, 0x21, 0x46, 0x21, 0x46, 0x21, 0x46, 0x21, 0x46, 0x21,
    0x46, 0x21, 0x46, 0x21, 0x46, 0x21, 0x46, 0x21, 0x46, 0x21, 0x46, 0x21, 0x46, 0x21, 0x46, 0x21,
    0x46, 0x21, 0x45, 0x21, 0x45, 0x21, 0x45, 0x21, 0x25, 0x21, 0x25, 0x21, 0x25, 0x21, 0x25, 0x21,
    0x46, 0x21, 0x46, 0x21, 0x46, 0x21, 0x46, 0x21, 0x46, 0x21, 0x46, 0x21, 0x66, 0x29, 0x49, 0x42,
    0x9e, 0xf7, 0x9e, 0xf7, 0xf7, 0xbd, 0x96, 0xb5, 0x55, 0xad, 0x75, 0xad, 0x55, 0xad, 0x55, 0xad,
    0x55, 0xad, 0x55, 0xad, 0xf4, 0x9c, 0xec, 0x5a, 0x8b, 0x52, 0x08, 0x3a, 0xaa, 0x31, 0x4e, 0x21,
    0x71, 0x21, 0x71, 0x21, 0x71, 0x21, 0x71, 0x21, 0x52, 0x21, 0x4b, 0x21, 0x25, 0x21, 0xaf, 0x73,
    0xf4, 0x9c, 0x39, 0xc6, 0x96, 0xb5, 0x75, 0xad, 0x76, 0xad, 0x76, 0xad, 0x76, 0xad, 0x76, 0xad,
    0x76, 0xad, 0x55, 0xad, 0xb7, 0xb5, 0x38, 0xc6, 0x96, 0xb5, 0x55, 0xad, 0x55, 0xad, 0x55, 0xa5,
    0x55, 0xa5, 0x55, 0xa5, 0x55, 0xa5, 0x55, 0xa5, 0x55, 0xa5, 0x55, 0xad, 0x55, 0xad, 0x55, 0xad,
    0x55, 0xad, 0x55, 0xad, 0x55, 0xad, 0x55, 0xad, 0x55, 0xad, 0x55, 0xad, 0x55, 0xad, 0x55, 0xad,
    0x55, 0xa5, 0x55, 0xa5, 0x55, 0xa5, 0x55, 0xa5, 0x55, 0xad, 0x55, 0xad, 0x55, 0xad, 0x55, 0xad,
    0x55, 0xa5, 0x55, 0xa5, 0x55, 0xad, 0x55, 0xad, 0x55, 0xa5, 0x55, 0xa5, 0x55, 0xad, 0x55, 0xad,
    0x55, 0xad, 0x55, 0xad, 0x55, 0xad, 0x55, 0xad, 0x55, 0xad, 0x55, 0xa5, 0x55, 0xa5, 0x55, 0xa5,
    0x55, 0xa5, 0x55, 0xa5, 0x55, 0xa5, 0x55, 0xa5, 0x55, 0xa5, 0x55, 0xa5, 0x55, 0xa5, 0x55, 0xad,
    0x55, 0xa5, 0x55, 0xa5, 0x55, 0xa5, 0x55, 0xa5, 0x55, 0xa5, 0x55, 0xa5, 0x55, 0xa5, 0x55, 0xad,
    0x55, 0xad, 0x55, 0xad, 0x55, 0xa5, 0x55, 0xa5, 0x55, 0xa5, 0x55, 0xa5, 0x55, 0xa5, 0x55, 0xa5,
    0x55, 0xa5, 0x55, 0xad, 0x55, 0xad, 0x55, 0xad, 0x55, 0xad, 0x55, 0xad, 0x55, 0xa5, 0x55, 0xa5,
    0x55, 0xa5, 0x55, 0xa5, 0x55, 0xa5, 0x55, 0xa5, 0x55, 0xa5, 0x55, 0xad, 0x55, 0xa5, 0x55, 0xa5,
    0x55, 0xa5, 0x55, 0xa5, 0x55, 0xa5, 0x55, 0xad, 0x55, 0xad, 0x55, 0xa5, 0x55, 0xad, 0x55, 0xad,
    0x55, 0xad, 0x75, 0xad, 0x18, 0xc6, 0xf8, 0xbd, 0x35, 0xa5, 0x55, 0xad, 0x55, 0xad, 0x55, 0xad,
    0x55, 0xad, 0x55, 0xad, 0x55, 0xad, 0x75, 0xad, 0x35, 0xa5, 0x0d, 0x63, 0x6a, 0x4a, 0x66, 0x29,
    0x6b, 0x21, 0x72, 0x21, 0x71, 0x21, 0x71, 0x21, 0x71, 0x21, 0x71, 0x21, 0x72, 0x21, 0x8b, 0x21,
    0x85, 0x29, 0x11, 0x84, 0xd3, 0x9c, 0x51, 0x8c, 0x38, 0xc6, 0xd7, 0xbd, 0x55, 0xad, 0x76, 0xad,
    0x76, 0xad, 0x76, 0xad, 0x76, 0xad, 0x76, 0xad, 0x75, 0xad, 0x35, 0xa5, 0xfb, 0xde, 0xbe, 0xf7,
    0x9d, 0xf7, 0x9e, 0xf7, 0x9e, 0xf7, 0x9e, 0xf7, 0x9e, 0xf7, 0x9e, 0xf7, 0x9e, 0xf7, 0x9e, 0xf7,
    0x9e, 0xf7, 0x9e, 0xf7, 0x9e, 0xf7, 0x9e, 0xf7, 0x9e, 0xf7, 0x9e, 0xf7, 0x9e, 0xf7, 0x9e, 0xf7,
    0x9e, 0xf7, 0x9e, 0xf7, 0x9e, 0xf7, 0x9e, 0xf7, 0x9e, 0xf7, 0x9e, 0xf7, 0x9e, 0xf7, 0x9e, 0xf7,
    0x9e, 0xf7, 0x9e, 0xf7, 0x9e, 0xf7, 0x9e, 0xf7, 0x9e, 0xf7, 0x9e, 0xf7, 0x9e, 0xf7, 0x9e, 0xf7,
    0x9e, 0xf7, 0x9e, 0xf7, 0x9e, 0xf7, 0x9e, 0xf7, 0x9e, 0xf7, 0x9e, 0xf7, 0x9e, 0xf7, 0x9e, 0xf7,
    0x9e, 0xf7, 0x9e, 0xf7, 0x9e, 0xf7, 0x9e, 0xf7, 0x9e, 0xf7, 0x9e, 0xf7, 0x9e, 0xf7, 0x9e, 0xf7,
    0x9e, 0xf7, 0x9e, 0xf7, 0x9e, 0xf7, 0x9d, 0xf7, 0x9e, 0xf7, 0x9e, 0xf7, 0x9e, 0xf7, 0x9e, 0xf7,
    0x9e, 0xf7, 0x9e, 0xf7, 0x9e, 0xf7, 0x9e, 0xf7, 0x9e, 0xf7, 0x9e, 0xf7, 0x9d, 0xf7, 0x9d, 0xf7,
    0x9d, 0xf7, 0x9d, 0xf7, 0x9e, 0xf7, 0x9e, 0xf7, 0x9e, 0xf7, 0x9e, 0xf7, 0x9e, 0xf7, 0x9e, 0xf7,
    0x9e, 0xf7, 0x9e, 0xf7, 0x9e, 0xf7, 0x9e, 0xf7, 0x9e, 0xf7, 0x9e, 0xf7, 0x9e, 0xf7, 0x9e, 0xf7,
    0x9e, 0xf7, 0x9e, 0xf7, 0x9e, 0xf7, 0x9e, 0xf7, 0x9e, 0xf7, 0x9e, 0xf7, 0x9e, 0xf7, 0x9e, 0xf7,
    0x9e, 0xf7, 0x9e, 0xf7, 0x9e, 0xf7, 0x7d, 0xef, 0x76, 0xad, 0x34, 0xa5, 0x55, 0xad, 0x55, 0xad,
    0x55, 0xad, 0x55, 0xad, 0x55, 0xad, 0x55, 0xad, 0x96, 0xb5, 0xb2, 0x94, 0x4d, 0x6b, 0x4d, 0x63,
    0xcc, 0x52, 0x86, 0x29, 0x8b, 0x29, 0x72, 0x21, 0x71, 0x21, 0x71, 0x21, 0x71, 0x21, 0x71, 0x21,
    0x72, 0x21, 0x6d, 0x21, 0x68, 0x29, 0xb0, 0x73, 0x31, 0x84, 0x4d, 0x6b, 0xb7, 0xb5, 0x18, 0xc6,
    0xd7, 0xbd, 0x55, 0xad, 0x75, 0xad, 0x75, 0xad, 0x75, 0xad, 0x76, 0xad, 0x76, 0xad, 0x75, 0xad,
    0x18, 0xc6, 0x38, 0xc6, 0x38, 0xc6, 0x38, 0xc6, 0x38, 0xc6, 0x38, 0xc6, 0x38, 0xc6, 0x38, 0xc6,
    0x38, 0xc6, 0x38, 0xc6, 0x38, 0xc6, 0x38, 0xc6, 0x38, 0xc6, 0x38, 0xc6, 0x38, 0xc6, 0x38, 0xc6,
    0x38, 0xc6, 0x38, 0xc6, 0x38, 0xc6, 0x38, 0xc6, 0x38, 0xc6, 0x38, 0xc6, 0x38, 0xc6, 0x38, 0xc6,
    0x38, 0xc6, 0x38, 0xc6, 0x38, 0xc6, 0x38, 0xc6, 0x38, 0xc6, 0x38, 0xc6, 0x38, 0xc6, 0x38, 0xc6,
    0x38, 0xc6, 0x38, 0xc6, 0x38, 0xc6, 0x38, 0xc6, 0x38, 0xc6, 0x38, 0xc6, 0x38, 0xc6, 0x38, 0xc6,
    0x38, 0xc6, 0x38, 0xc6, 0x38, 0xc6, 0x38, 0xc6, 0x38, 0xc6, 0x38, 0xc6, 0x38, 0xc6, 0x38, 0xc6,
    0x38, 0xc6, 0x38, 0xc6, 0x38, 0xc6, 0x38, 0xc6, 0x38, 0xc6, 0x38, 0xc6, 0x38, 0xc6, 0x38, 0xc6,
    0x38, 0xc6, 0x38, 0xc6, 0x38, 0xc6, 0x38, 0xc6, 0x38, 0xc6, 0x38, 0xc6, 0x38, 0xc6, 0x38, 0xc6,
    0x38, 0xc6, 0x38, 0xc6, 0x38, 0xc6, 0x38, 0xc6, 0x38, 0xc6, 0x38, 0xc6, 0x38, 0xc6, 0x38, 0xc6,
    0x38, 0xc6, 0x38, 0xc6, 0x38, 0xc6, 0x38, 0xc6, 0x38, 0xc6, 0x38, 0xc6, 0x38, 0xc6, 0x38, 0xc6,
    0x38, 0xc6, 0x38, 0xc6, 0x38, 0xc6, 0x38, 0xc6, 0x38, 0xc6, 0x38, 0xc6, 0x38, 0xc6, 0x38, 0xc6,
    0x38, 0xc6, 0x38, 0xc6, 0x38, 0xc6, 0x38, 0xc6, 0x38, 0xc6, 0x38, 0xc6, 0x76, 0xad, 0x55, 0xad,
    0x55, 0xad, 0x55, 0xad, 0x55, 0xad, 0x55, 0xad, 0x55, 0xad, 0x76, 0xad, 0x96, 0xb5, 0x10, 0x84,
    0x6a, 0x4a, 0xec, 0x5a, 0xac, 0x52, 0x88, 0x29, 0x6d, 0x21, 0x72, 0x21, 0x71, 0x21, 0x71, 0x21,
    0x71, 0x21, 0x71, 0x21, 0x71, 0x21, 0x71, 0x21, 0x71, 0x21, 0x69, 0x21, 0x85, 0x29, 0x2d, 0x63,
    0x8f, 0x73, 0x72, 0x8c, 0x96, 0xb5, 0xd7, 0xbd, 0x96, 0xb5, 0xb6, 0xb5, 0xb6, 0xb5, 0x76, 0xad,
    0x76, 0xad, 0x76, 0xad, 0x55, 0xad, 0x35, 0xad, 0x55, 0xad, 0x55, 0xad, 0x55, 0xad, 0x55, 0xad,
    0x55, 0xad, 0x55, 0xad, 0x55, 0xad, 0x55, 0xad, 0x55, 0xad, 0x55, 0xad, 0x55, 0xad, 0x55, 0xad,
    0x55, 0xad, 0x55, 0xad, 0x55, 0xad, 0x55, 0xad, 0x55, 0xad, 0x55, 0xad, 0x55, 0xad, 0x55, 0xad,
    0x55, 0xad, 0x55, 0xad, 0x55, 0xad, 0x35, 0xa5, 0x35, 0xad, 0x55, 0xad, 0x55, 0xad, 0x55, 0xad,
    0x55, 0xad, 0x35, 0xa5, 0x35, 0xa5, 0x35, 0xa5, 0x35, 0xa5, 0x35, 0xa5, 0x55, 0xa5, 0x55, 0xad,
    0x55, 0xad, 0x55, 0xad, 0x55, 0xad, 0x55, 0xad, 0x55, 0xad, 0x35, 0xad, 0x35, 0xa5, 0x35, 0xa5,
    0x35, 0xa5, 0x55, 0xa5, 0x35, 0xa5, 0x35, 0xad, 0x55, 0xad, 0x35, 0xa5, 0x35, 0xa5, 0x55, 0xad,
    0x55, 0xad, 0x55, 0xad, 0x55, 0xad, 0x55, 0xad, 0x55, 0xad, 0x55, 0xad, 0x55, 0xad, 0x55, 0xad,
    0x55, 0xad, 0x55, 0xad, 0x55, 0xad, 0x55, 0xad, 0x55, 0xad, 0x55, 0xad, 0x55, 0xad, 0x55, 0xad,
    0x55, 0xad, 0x55, 0xad, 0x55, 0xad, 0x55, 0xad, 0x55, 0xad, 0x55, 0xad, 0x55, 0xad, 0x55, 0xad,
    0x35, 0xad, 0x55, 0xad, 0x55, 0xad, 0x55, 0xad, 0x55, 0xad, 0x55, 0xad, 0x55, 0xad, 0x55, 0xad,
    0x55, 0xad, 0x55, 0xad, 0x55, 0xad, 0x55, 0xad, 0x35, 0xad, 0x35, 0xad, 0x35, 0xad, 0x35, 0xad,
    0x55, 0xad, 0x55, 0xad, 0x55, 0xad, 0x55, 0xad, 0x55, 0xad, 0x55, 0xad, 0x76, 0xad, 0x92, 0x94,
    0x8e, 0x6b, 0x2d, 0x63, 0xcc, 0x5a, 0xa6, 0x31, 0x68, 0x29, 0x71, 0x21, 0x71, 0x21, 0x71, 0x21,
    0x71, 0x21, 0x71, 0x21, 0x71, 0x21, 0x71, 0x21, 0x71, 0x21, 0x71, 0x21, 0x72, 0x21, 0x4b, 0x21,
    0x67, 0x21, 0x0d, 0x5b, 0x8e, 0x6b, 0xcc, 0x5a, 0x8e, 0x73, 0x38, 0xc6, 0x76, 0xad, 0x9a, 0xce,
    0xba, 0xd6, 0x96, 0xb5, 0x76, 0xad, 0x75, 0xad, 0x75, 0xad, 0x75, 0xad, 0x75, 0xad, 0x75, 0xad,
    0x75, 0xad, 0x75, 0xad, 0x75, 0xad, 0x75, 0xad, 0x75, 0xad, 0x75, 0xad, 0x76, 0xad, 0x76, 0xad,
    0x75, 0xad, 0x75, 0xad, 0x75, 0xad, 0x75, 0xad, 0x75, 0xad, 0x75, 0xad, 0x75, 0xad, 0x76, 0xad,
    0x76, 0xad, 0x76, 0xad, 0x75, 0xad, 0x75, 0xad, 0x75, 0xad, 0x55, 0xad, 0x55, 0xad, 0x55, 0xad,
    0x75, 0xad, 0x75, 0xad, 0x75, 0xad, 0x55, 0xad, 0x55, 0xad, 0x55, 0xad, 0x55, 0xad, 0x55, 0xad,
    0x55, 0xad, 0x55, 0xad, 0x55, 0xad, 0x75, 0xad, 0x75, 0xad, 0x75, 0xad, 0x75, 0xad, 0x75, 0xad,
    0x55, 0xad, 0x55, 0xad, 0x55, 0xad, 0x55, 0xad, 0x55, 0xad, 0x55, 0xad, 0x75, 0xad, 0x55, 0xad,
    0x55, 0xad, 0x75, 0xad, 0x75, 0xad, 0x75, 0xad, 0x75, 0xad, 0x55, 0xad, 0x75, 0xad, 0x75, 0xad,
    0x75, 0xad, 0x75, 0xad, 0x75, 0xad, 0x75, 0xad, 0x75, 0xad, 0x75, 0xad, 0x75, 0xad, 0x75, 0xad,
    0x75, 0xad, 0x75, 0xad, 0x75, 0xad, 0x75, 0xad, 0x75, 0xad, 0x75, 0xad, 0x75, 0xad, 0x75, 0xad,
    0x75, 0xad, 0x75, 0xad, 0x75, 0xad, 0x75, 0xad, 0x75, 0xad, 0x75, 0xad, 0x75, 0xad, 0x75, 0xad,
    0x76, 0xad, 0x76, 0xad, 0x75, 0xad, 0x75, 0xad, 0x75, 0xad, 0x75, 0xad, 0x75, 0xad, 0x75, 0xad,
    0x55, 0xad, 0x55, 0xad, 0x55, 0xad, 0x55, 0xad, 0x55, 0xad, 0x75, 0xad, 0x55, 0xad, 0x14, 0xa5,
    0x55, 0xad, 0x2d, 0x63, 0x6a, 0x4a, 0xec, 0x5a, 0xac, 0x52, 0x88, 0x29, 0x6c, 0x21, 0x72, 0x21,
    0x71, 0x21, 0x71, 0x21, 0x71, 0x21, 0x71, 0x21, 0x71, 0x21, 0x71, 0x21, 0x71, 0x21, 0x71, 0x21,
    0x71, 0x21, 0x71, 0x21, 0x71, 0x21, 0x89, 0x29, 0x66, 0x29, 0x8b, 0x4a, 0x0d, 0x5b, 0xcb, 0x52,
    0x8b, 0x52, 0x35, 0xa5, 0x59, 0xce, 0xba, 0xd6, 0xf7, 0xbd, 0x55, 0xad, 0x55, 0xad, 0x55, 0xad,
    0x55, 0xad, 0x55, 0xad, 0x55, 0xad, 0x75, 0xad, 0x75, 0xad, 0x75, 0xad, 0x75, 0xad, 0x75, 0xad,
    0x75, 0xad, 0x75, 0xad, 0x75, 0xad, 0x75, 0xad, 0x75, 0xad, 0x75, 0xad, 0x55, 0xad, 0x75, 0xad,
    0x75, 0xad, 0x75, 0xad, 0x75, 0xad, 0x75, 0xad, 0x75, 0xad, 0x75, 0xad, 0x55, 0xad, 0x55, 0xad,
    0x55, 0xad, 0x55, 0xad, 0x55, 0xad, 0x75, 0xad, 0x75, 0xad, 0x55, 0xad, 0x55, 0xad, 0x55, 0xad,
    0x55, 0xad, 0x55, 0xad, 0x55, 0xad, 0x55, 0xad, 0x55, 0xad, 0x55, 0xad, 0x55, 0xad, 0x55, 0xad,
    0x75, 0xad, 0x75, 0xad, 0x75, 0xad, 0x55, 0xad, 0x55, 0xad, 0x55, 0xad, 0x55, 0xad, 0x55, 0xad,
    0x75, 0xad, 0x55, 0xad, 0x75, 0xad, 0x75, 0xad, 0x75, 0xad, 0x75, 0xad, 0x75, 0xad, 0x55, 0xad,
    0x55, 0xad, 0x55, 0xad, 0x75, 0xad, 0x75, 0xad, 0x55, 0xad, 0x55, 0xad, 0x55, 0xad, 0x75, 0xad,
    0x75, 0xad, 0x75, 0xad, 0x75, 0xad, 0x75, 0xad, 0x75, 0xad, 0x55, 0xad, 0x75, 0xad, 0x75, 0xad,
    0x75, 0xad, 0x75, 0xad, 0x75, 0xad, 0x75, 0xad, 0x75, 0xad, 0x75, 0xad, 0x75, 0xad, 0x75, 0xad,
    0x75, 0xad, 0x75, 0xad, 0x75, 0xad, 0x75, 0xad, 0x75, 0xad, 0x75, 0xad, 0x75, 0xad, 0x75, 0xad,
    0x55, 0xad, 0x55, 0xad, 0x55, 0xad, 0x55, 0xad, 0x55, 0xad, 0x55, 0xad, 0x76, 0xad, 0xb6, 0xb5,
    0x30, 0x84, 0xcb, 0x52, 0xcc, 0x5a, 0xab, 0x52, 0x29, 0x42, 0x66, 0x29, 0x6a, 0x29, 0x71, 0x21,
    0x71, 0x21, 0x71, 0x21, 0x71, 0x21, 0x71, 0x21, 0x71, 0x21, 0x71, 0x21, 0x71, 0x21, 0x71, 0x21,
    0x71, 0x21, 0x71, 0x21, 0x71, 0x21, 0x71, 0x21, 0x71, 0x21, 0x48, 0x21, 0x25, 0x21, 0x6a, 0x4a,
    0xec, 0x5a, 0x28, 0x42, 0x49, 0x4a, 0x4d, 0x6b, 0x71, 0x8c, 0xbb, 0xd6, 0xf8, 0xbd, 0x55, 0xad,
    0x75, 0xad, 0x55, 0xad, 0x55, 0xad, 0x55, 0xad, 0x55, 0xad, 0x55, 0xad, 0x55, 0xad, 0x55, 0xad,
    0x55, 0xad, 0x55, 0xad, 0x55, 0xad, 0x55, 0xad, 0x55, 0xad, 0x55, 0xad, 0x55, 0xad, 0x55, 0xad,
    0x55, 0xad, 0x55, 0xad, 0x55, 0xad, 0x55, 0xad, 0x55, 0xad, 0x55, 0xad, 0x55, 0xad, 0x55, 0xad,
    0x55, 0xad, 0x55, 0xad, 0x55, 0xad, 0x55, 0xad, 0x55, 0xad, 0x55, 0xad, 0x55, 0xad, 0x55, 0xad,
    0x55, 0xad, 0x55, 0xad, 0x55, 0xad, 0x55, 0xad, 0x55, 0xad, 0x55, 0xad, 0x55, 0xad, 0x55, 0xad,
    0x55, 0xad, 0x55, 0xad, 0x55, 0xad, 0x55, 0xad, 0x55, 0xad, 0x55, 0xad, 0x55, 0xad, 0x55, 0xad,
    0x55, 0xad, 0x55, 0xad, 0x55, 0xad, 0x55, 0xad, 0x55, 0xad, 0x55, 0xad, 0x55, 0xad, 0x55, 0xad,
    0x55, 0xad, 0x55, 0xad, 0x55, 0xad, 0x55, 0xad, 0x55, 0xad, 0x55, 0xad, 0x55, 0xad, 0x55, 0xad,
    0x55, 0xad, 0x55, 0xad, 0x55, 0xad, 0x55, 0xad, 0x55, 0xad, 0x55, 0xad, 0x55, 0xad, 0x55, 0xad,
    0x55, 0xad, 0x55, 0xad, 0x55, 0xad, 0x75, 0xad, 0x55, 0xad, 0x55, 0xad, 0x55, 0xad, 0x55, 0xad,
    0x55, 0xad, 0x55, 0xad, 0x55, 0xad, 0x55, 0xad, 0x75, 0xad, 0x55, 0xad, 0x55, 0xad, 0x55, 0xad,
    0x55, 0xad, 0x55, 0xad, 0x55, 0xad, 0x55, 0xad, 0x55, 0xad, 0x55, 0xad, 0x55, 0xad, 0x55, 0xad,
    0x96, 0xb5, 0x14, 0xa5, 0x49, 0x4a, 0x6a, 0x4a, 0x69, 0x4a, 0x8a, 0x52, 0x09, 0x3a, 0x46, 0x21,
    0x4a, 0x21, 0x72, 0x21, 0x71, 0x21, 0x71, 0x21, 0x71, 0x21, 0x71, 0x21, 0x71, 0x21, 0x71, 0x21,
    0x71, 0x21, 0x71, 0x21, 0x71, 0x21, 0x71, 0x21, 0x71, 0x21, 0x71, 0x21, 0x71, 0x21, 0x70, 0x21,
    0x4f, 0x21, 0xae, 0x29, 0xcd, 0x31, 0xac, 0x29, 0xaa, 0x31, 0x2e, 0x63, 0x8e, 0x6b, 0x0c, 0x5b,
    0xec, 0x5a, 0xcb, 0x52, 0xcb, 0x52, 0xcb, 0x52, 0xcb, 0x52, 0xcb, 0x52, 0xcb, 0x52, 0xcb, 0x52,
    0xcb, 0x52, 0xcb, 0x52, 0xcb, 0x52, 0xcb, 0x52, 0xcb, 0x52, 0xcb, 0x52, 0xcb, 0x52, 0xcb, 0x52,
    0xcb, 0x52, 0xcb, 0x52, 0xcb, 0x52, 0xcb, 0x52, 0xcb, 0x52, 0xcc, 0x5a, 0xcc, 0x5a, 0xcc, 0x5a,
    0xcb, 0x52, 0xcb, 0x52, 0xcb, 0x52, 0xcb, 0x52, 0xcc, 0x5a, 0xcc, 0x5a, 0xcc, 0x5a, 0xcb, 0x52,
    0xcc, 0x5a, 0xcb, 0x52, 0xcb, 0x52, 0xcb, 0x52, 0xcb, 0x52, 0xcb, 0x52, 0xcb, 0x52, 0xcb, 0x52,
    0xcb, 0x52, 0xcb, 0x52, 0xcb, 0x52, 0xcb, 0x52, 0xcb, 0x52, 0xcb, 0x52, 0xcb, 0x52, 0xcb, 0x52,
    0xcb, 0x52, 0xcb, 0x52, 0xcb, 0x52, 0xcb, 0x52, 0xcb, 0x52, 0xcb, 0x52, 0xcb, 0x52, 0xcb, 0x52,
    0xcb, 0x52, 0xcb, 0x52, 0xcb, 0x52, 0xcb, 0x52, 0xcb, 0x52, 0xcb, 0x52, 0xcb, 0x52, 0xcb, 0x52,
    0xcb, 0x52, 0xcb, 0x52, 0xcb, 0x52, 0xcb, 0x52, 0xcb, 0x52, 0xcb, 0x52, 0xcb, 0x52, 0xcb, 0x52,
    0xcb, 0x52, 0xcb, 0x52, 0xcb, 0x52, 0xcb, 0x52, 0xcb, 0x52, 0xcb, 0x52, 0xcb, 0x52, 0xcc, 0x5a,
    0xcc, 0x5a, 0xcc, 0x5a, 0xcc, 0x5a, 0xcc, 0x5a, 0xcb, 0x52, 0xcb, 0x52, 0xcb, 0x52, 0xcb, 0x52,
    0xcc, 0x5a, 0xcc, 0x5a, 0xcc, 0x5a, 0xcc, 0x5a, 0xcc, 0x5a, 0xcc, 0x5a, 0xcc, 0x5a, 0xcc, 0x5a,
    0xcc, 0x5a, 0xcc, 0x5a, 0xec, 0x5a, 0xab, 0x52, 0x2a, 0x42, 0xcb, 0x31, 0xac, 0x31, 0xcc, 0x31,
    0x8e, 0x29, 0x70, 0x21, 0x70, 0x21, 0x71, 0x21, 0x71, 0x21, 0x71, 0x21, 0x71, 0x21, 0x71, 0x21,
    0x71, 0x21, 0x71, 0x21, 0x71, 0x21, 0x71, 0x21, 0x71, 0x21, 0x71, 0x21, 0x71, 0x21, 0x71, 0x21,
    0x71, 0x21, 0x71, 0x21, 0x72, 0x21, 0x51, 0x19, 0x51, 0x19, 0x72, 0x21, 0x31, 0x19, 0x0f, 0x5b,
    0x8e, 0x73, 0x09, 0x3a, 0x09, 0x3a, 0x09, 0x42, 0x09, 0x42, 0x09, 0x42, 0x09, 0x42, 0x09, 0x42,
    0x09, 0x42, 0x09, 0x3a, 0x09, 0x3a, 0x09, 0x3a, 0x09, 0x3a, 0x09, 0x3a, 0x09, 0x42, 0x09, 0x42,
    0x09, 0x42, 0x09, 0x42, 0x09, 0x42, 0x29, 0x42, 0x09, 0x42, 0x09, 0x42, 0x29, 0x42, 0x29, 0x42,
    0x29, 0x42, 0x29, 0x42, 0x29, 0x42, 0x29, 0x42, 0x29, 0x42, 0x29, 0x42, 0x29, 0x42, 0x29, 0x42,
    0x29, 0x42, 0x09, 0x42, 0x09, 0x42, 0x09, 0x42, 0x09, 0x3a, 0x09, 0x42, 0x09, 0x3a, 0x09, 0x3a,
    0x09, 0x3a, 0x09, 0x42, 0x09, 0x42, 0x09, 0x42, 0x09, 0x42, 0x09, 0x42, 0x09, 0x42, 0x09, 0x3a,
    0x09, 0x3a, 0x09, 0x3a, 0x09, 0x3a, 0x09, 0x3a, 0x09, 0x3a, 0x09, 0x3a, 0x09, 0x3a, 0x09, 0x3a,
    0x09, 0x3a, 0x09, 0x3a, 0x09, 0x3a, 0x09, 0x3a, 0x09, 0x3a, 0x09, 0x3a, 0x09, 0x3a, 0x09, 0x3a,
    0x09, 0x42, 0x29, 0x42, 0x09, 0x42, 0x09, 0x42, 0x09, 0x42, 0x09, 0x42, 0x09, 0x3a, 0x09, 0x42,
    0x09, 0x42, 0x29, 0x42, 0x29, 0x42, 0x29, 0x42, 0x29, 0x42, 0x09, 0x42, 0x09, 0x42, 0x09, 0x42,
    0x29, 0x42, 0x29, 0x42, 0x29, 0x42, 0x29, 0x42, 0x29, 0x42, 0x09, 0x42, 0x09, 0x42, 0x09, 0x42,
    0x09, 0x42, 0x09, 0x42, 0x29, 0x42, 0x09, 0x42, 0x29, 0x42, 0x29, 0x42, 0x29, 0x42, 0x29, 0x42,
    0x29, 0x42, 0x29, 0x42, 0x29, 0x42, 0x29, 0x42, 0x09, 0x42, 0x29, 0x42, 0x0b, 0x3a, 0x51, 0x19,
    0x52, 0x19, 0x52, 0x19, 0x51, 0x21, 0x71, 0x21, 0x71, 0x21, 0x71, 0x21, 0x71, 0x21, 0x71, 0x21,
    0x71, 0x21, 0x71, 0x21, 0x71, 0x21, 0x71, 0x21, 0x71, 0x21, 0x71, 0x21, 0x71, 0x21, 0x71, 0x21,
    0x71, 0x21, 0x71, 0x21, 0x71, 0x21, 0x71, 0x21, 0x71, 0x21, 0x71, 0x21, 0x71, 0x21, 0x71, 0x21,
    0x51, 0x21, 0xec, 0x31, 0x08, 0x3a, 0xa8, 0x31, 0xa7, 0x31, 0xa7, 0x31, 0xa7, 0x31, 0xa7, 0x31,
    0xa7, 0x31, 0xa7, 0x31, 0xa7, 0x31, 0xa7, 0x31, 0xa7, 0x31, 0xa7, 0x31, 0xa7, 0x31, 0xa7, 0x31,
    0xa7, 0x31, 0xa7, 0x31, 0xa7, 0x31, 0xa7, 0x31, 0xa7, 0x31, 0xa7, 0x31, 0xa7, 0x31, 0xa7, 0x31,
    0xa7, 0x31, 0xa7, 0x31, 0xa7, 0x31, 0xa7, 0x31, 0xa7, 0x31, 0xa7, 0x31, 0xa7, 0x31, 0xa7, 0x31,
    0xa7, 0x31, 0xa7, 0x31, 0xa7, 0x31, 0xa7, 0x31, 0xa7, 0x31, 0xa7, 0x31, 0xa7, 0x31, 0xa7, 0x31,
    0xa7, 0x31, 0x87, 0x31, 0xa7, 0x31, 0x87, 0x31, 0xa7, 0x31, 0xa7, 0x31, 0xa7, 0x31, 0xa7, 0x31,
    0x87, 0x29, 0x87, 0x29, 0x87, 0x29, 0x87, 0x29, 0x87, 0x29, 0x87, 0x29, 0xa7, 0x31, 0xa7, 0x31,
    0x87, 0x29, 0x87, 0x29, 0x87, 0x31, 0x87, 0x31, 0x87, 0x29, 0x87, 0x29, 0x87, 0x31, 0x87, 0x31,
    0x87, 0x29, 0x87, 0x29, 0xa7, 0x31, 0xa7, 0x31, 0xa7, 0x31, 0xa7, 0x31, 0xa7, 0x31, 0xa7, 0x31,
    0x87, 0x29, 0xa7, 0x31, 0xa7, 0x31, 0xa7, 0x31, 0xa7, 0x31, 0xa7, 0x31, 0xa7, 0x31, 0xa7, 0x31,
    0xa7, 0x31, 0xa7, 0x31, 0xa7, 0x31, 0xa7, 0x31, 0xa7, 0x31, 0xa7, 0x31, 0xa7, 0x31, 0xa7, 0x31,
    0xa7, 0x31, 0xa7, 0x31, 0xa7, 0x31, 0xa7, 0x31, 0xa7, 0x31, 0xa7, 0x31, 0xa7, 0x31, 0xa7, 0x31,
    0xa7, 0x31, 0xa7, 0x31, 0xa7, 0x31, 0xa7, 0x31, 0xa7, 0x31, 0xa7, 0x31, 0xa7, 0x31, 0xa7, 0x31,
    0x8c, 0x29, 0x71, 0x21, 0x71, 0x21, 0x71, 0x21, 0x71, 0x21, 0x71, 0x21, 0x71, 0x21, 0x71, 0x21,
    0x71, 0x21, 0x71, 0x21, 0x71, 0x21, 0x71, 0x21, 0x71, 0x21, 0x71, 0x21, 0x71, 0x21, 0x71, 0x21,
    0x71, 0x21, 0x71, 0x21, 0x71, 0x21, 0x71, 0x21, 0x71, 0x21, 0x71, 0x21, 0x71, 0x21, 0x71, 0x21,
    0x71, 0x21, 0x71, 0x21, 0x71, 0x21, 0x50, 0x19, 0x4f, 0x19, 0x4f, 0x21, 0x4f, 0x21, 0x4f, 0x21,
    0x4f, 0x21, 0x4f, 0x21, 0x4f, 0x21, 0x4f, 0x21, 0x4f, 0x21, 0x4f, 0x21, 0x4f, 0x21, 0x4f, 0x21,
    0x4f, 0x21, 0x4f, 0x21, 0x4f, 0x21, 0x4f, 0x21, 0x4f, 0x21, 0x4f, 0x21, 0x4f, 0x21, 0x4f, 0x21,
    0x4f, 0x21, 0x4f, 0x21, 0x4f, 0x21, 0x4f, 0x21, 0x4f, 0x21, 0x4e, 0x21, 0x4e, 0x21, 0x4e, 0x21,
    0x4e, 0x21, 0x4e, 0x21, 0x4e, 0x21, 0x4f, 0x21, 0x4f, 0x21, 0x4f, 0x21, 0x4f, 0x21, 0x4f, 0x21,
    0x4e, 0x21, 0x4e, 0x21, 0x4e, 0x21, 0x4e, 0x21, 0x4e, 0x21, 0x4e, 0x21, 0x4e, 0x21, 0x4e, 0x21,
    0x4e, 0x21, 0x4e, 0x21, 0x4e, 0x21, 0x4e, 0x21, 0x4e, 0x21, 0x4e, 0x21, 0x4e, 0x21, 0x4e, 0x21,
    0x4e, 0x21, 0x4e, 0x21, 0x4e, 0x21, 0x4e, 0x21, 0x4e, 0x21, 0x4e, 0x21, 0x4e, 0x21, 0x4e, 0x21,
    0x4e, 0x21, 0x4e, 0x21, 0x4e, 0x21, 0x4e, 0x21, 0x4e, 0x21, 0x4e, 0x21, 0x4e, 0x21, 0x4e, 0x21,
    0x4e, 0x21, 0x4e, 0x21, 0x4e, 0x21, 0x4e, 0x21, 0x4e, 0x21, 0x4e, 0x21, 0x4e, 0x21, 0x4e, 0x21,
    0x4e, 0x21, 0x4e, 0x21, 0x4e, 0x21, 0x4e, 0x21, 0x4e, 0x21, 0x4e, 0x21, 0x4e, 0x21, 0x4e, 0x21,
    0x4e, 0x21, 0x4e, 0x21, 0x4e, 0x21, 0x4e, 0x21, 0x4e, 0x21, 0x4e, 0x21, 0x4e, 0x21, 0x4e, 0x21,
    0x4e, 0x21, 0x4e, 0x21, 0x4e, 0x21, 0x4e, 0x21, 0x4e, 0x21, 0x4e, 0x21, 0x4e, 0x21, 0x4e, 0x21,
    0x4e, 0x21, 0x4f, 0x21, 0x51, 0x21, 0x71, 0x21, 0x71, 0x21, 0x71, 0x21, 0x71, 0x21, 0x71, 0x21,
    0x71, 0x21, 0x71, 0x21, 0x71, 0x21, 0x71, 0x21, 0x71, 0x21, 0x71, 0x21, 0x71, 0x21, 0x71, 0x21,
    0x71, 0x21, 0x71, 0x21, 0x71, 0x21, 0x71, 0x21, 0x71, 0x21, 0x71, 0x21, 0x71, 0x21, 0x71, 0x21,
    0x71, 0x21, 0x71, 0x21, 0x71, 0x21, 0x71, 0x21, 0x71, 0x21, 0x71, 0x21, 0x71, 0x21, 0x71, 0x21,
    0x71, 0x21, 0x71, 0x21, 0x71, 0x21, 0x71, 0x21, 0x71, 0x21, 0x71, 0x21, 0x71, 0x21, 0x71, 0x21,
    0x71, 0x21, 0x71, 0x21, 0x71, 0x21, 0x71, 0x21, 0x71, 0x21, 0x72, 0x21, 0x72, 0x21, 0x72, 0x21,
    0x72, 0x21, 0x72, 0x21, 0x72, 0x21, 0x72, 0x21, 0x72, 0x21, 0x72, 0x21, 0x72, 0x21, 0x72, 0x21,
    0x72, 0x21, 0x72, 0x21, 0x72, 0x21, 0x72, 0x21, 0x72, 0x21, 0x72, 0x21, 0x72, 0x21, 0x72, 0x21,
    0x72, 0x21, 0x72, 0x21, 0x72, 0x21, 0x72, 0x21, 0x72, 0x21, 0x72, 0x21, 0x72, 0x21, 0x72, 0x21,
    0x72, 0x21, 0x72, 0x21, 0x72, 0x21, 0x72, 0x21, 0x72, 0x21, 0x72, 0x21, 0x72, 0x21, 0x72, 0x21,
    0x72, 0x21, 0x72, 0x21, 0x72, 0x21, 0x72, 0x21, 0x72, 0x21, 0x72, 0x21, 0x72, 0x21, 0x72, 0x21,
    0x72, 0x21, 0x72, 0x21, 0x72, 0x21, 0x72, 0x21, 0x72, 0x21, 0x72, 0x21, 0x72, 0x21, 0x72, 0x21,
    0x72, 0x21, 0x72, 0x21, 0x72, 0x21, 0x72, 0x21, 0x72, 0x21, 0x72, 0x21, 0x72, 0x21, 0x72, 0x21,
    0x72, 0x21, 0x72, 0x21, 0x72, 0x21, 0x72, 0x21, 0x72, 0x21, 0x72, 0x21, 0x72, 0x21, 0x72, 0x21,
    0x72, 0x21, 0x72, 0x21, 0x72, 0x21, 0x72, 0x21, 0x72, 0x21, 0x72, 0x21, 0x72, 0x21, 0x72, 0x21,
    0x72, 0x21, 0x72, 0x21, 0x72, 0x21, 0x72, 0x21, 0x72, 0x21, 0x72, 0x21, 0x72, 0x21, 0x72, 0x21,
    0x72, 0x21, 0x72, 0x21, 0x72, 0x21, 0x71, 0x21, 0x71, 0x21, 0x71, 0x21, 0x71, 0x21, 0x71, 0x21,
    0x71, 0x21, 0x71, 0x21, 0x71, 0x21, 0x71, 0x21, 0x71, 0x21, 0x71, 0x21, 0x71, 0x21, 0x71, 0x21,
    0x71, 0x21, 0x71, 0x21, 0x71, 0x21, 0x71, 0x21, 0x71, 0x21, 0x71, 0x21, 0x71, 0x21, 0x71, 0x21,
    0x71, 0x21, 0x71, 0x21, 0x71, 0x21, 0x71, 0x21, 0x71, 0x21, 0x71, 0x21, 0x71, 0x21, 0x71, 0x21,
    0x71, 0x21, 0x71, 0x21, 0x71, 0x21, 0x71, 0x21, 0x71, 0x21, 0x71, 0x21, 0x71, 0x21, 0x71, 0x21,
    0x71, 0x21, 0x71, 0x21, 0x71, 0x21, 0x71, 0x21, 0x71, 0x21, 0x71, 0x21, 0x71, 0x21, 0x71, 0x21,
    0x71, 0x21, 0x71, 0x21, 0x71, 0x21, 0x71, 0x21, 0x71, 0x21, 0x71, 0x21, 0x71, 0x21, 0x71, 0x21,
    0x71, 0x21, 0x71, 0x21, 0x71, 0x21, 0x71, 0x21, 0x71, 0x21, 0x71, 0x21, 0x71, 0x21, 0x71, 0x21,
    0x71, 0x21, 0x71, 0x21, 0x71, 0x21, 0x71, 0x21, 0x71, 0x21, 0x71, 0x21, 0x71, 0x21, 0x71, 0x21,
    0x71, 0x21, 0x71, 0x21, 0x71, 0x21, 0x71, 0x21, 0x71, 0x21, 0x71, 0x21, 0x71, 0x21, 0x71, 0x21,
    0x71, 0x21, 0x71, 0x21, 0x71, 0x21, 0x71, 0x21, 0x71, 0x21, 0x71, 0x21, 0x71, 0x21, 0x71, 0x21,
    0x71, 0x21, 0x71, 0x21, 0x71, 0x21, 0x71, 0x21, 0x71, 0x21, 0x71, 0x21, 0x71, 0x21, 0x71, 0x21,
    0x71, 0x21, 0x71, 0x21, 0x71, 0x21, 0x71, 0x21, 0x71, 0x21, 0x71, 0x21, 0x71, 0x21, 0x71, 0x21,
    0x71, 0x21, 0x71, 0x21, 0x71, 0x21, 0x71, 0x21, 0x71, 0x21, 0x71, 0x21, 0x71, 0x21, 0x71, 0x21,
    0x71, 0x21, 0x71, 0x21, 0x71, 0x21, 0x71, 0x21, 0x71, 0x21, 0x71, 0x21, 0x71, 0x21, 0x71, 0x21,
    0x71, 0x21, 0x71, 0x21, 0x71, 0x21, 0x71, 0x21, 0x71, 0x21, 0x71, 0x21, 0x71, 0x21, 0x71, 0x21,
    0x71, 0x21, 0x71, 0x21, 0x71, 0x21, 0x71, 0x21, 0x71, 0x21, 0x71, 0x21, 0x71, 0x21, 0x71, 0x21,
    0x71, 0x21, 0x71, 0x21, 0x71, 0x21, 0x71, 0x21, 0x71, 0x21, 0x71, 0x21, 0x71, 0x21, 0x71, 0x21,
    0x71, 0x21, 0x71, 0x21, 0x71, 0x21, 0x71, 0x21,
};
const lv_image_dsc_t ui_geography_states_quiz = {
    .header.magic = LV_IMAGE_HEADER_MAGIC,
    .header.cf = LV_COLOR_FORMAT_RGB565,
    .header.flags = 0,
    .header.w = 130,
    .header.h = 130,
    .header.stride = 260,
    .data_size = sizeof(ui_geography_states_quiz_data),
    .data = ui_geography_states_quiz_data,
};
