#include "physics_forces.h"

#ifndef LV_ATTRIBUTE_MEM_ALIGN
#define LV_ATTRIBUTE_MEM_ALIGN
#endif

#ifndef LV_ATTRIBUTE_LARGE_CONST
#define LV_ATTRIBUTE_LARGE_CONST
#endif

#ifndef LV_ATTRIBUTE_IMAGE_UI_PHYSICS_FORCES
#define LV_ATTRIBUTE_IMAGE_UI_PHYSICS_FORCES
#endif

const LV_ATTRIBUTE_MEM_ALIGN LV_ATTRIBUTE_LARGE_CONST LV_ATTRIBUTE_IMAGE_UI_PHYSICS_FORCES uint8_t ui_physics_forces_data[] = {
    0x71, 0x21, 0x71, 0x21, 0x71, 0x21, 0x71, 0x21, 0x71, 0x21, 0x71, 0x21, 0x71, 0x21, 0x71, 0x21,
    0x71, 0x21, 0x71, 0x21, 0x71, 0x21, 0x71, 0x21, 0x71, 0x21, 0x71, 0x21, 0x71, 0x21, 0x71, 0x21,
    0x71, 0x21, 0x71, 0x21, 0x71, 0x21, 0x71, 0x21, 0x71, 0x21, 0x71, 0x21, 0x71, 0x21, 0x71, 0x21,
    0x71, 0x21, 0x71, 0x21, 0x71, 0x21, 0x71, 0x21, 0x71, 0x21, 0x71, 0x21, 0x71, 0x21, 0x71, 0x21,
    0x71, 0x21, 0x71, 0x21, 0x71, 0x21, 0x71, 0x21, 0x71, 0x21, 0x71, 0x21, 0x71, 0x21, 0x71, 0x21,
    0x71, 0x21, 0x71, 0x21, 0x71, 0x21, 0x71, 0x21, 0x71, 0x21, 0x71, 0x21, 0x71, 0x21, 0x71, 0x21,
    0x71, 0x21, 0x71, 0x21, 0x71, 0x21, 0x71, 0x21, 0x71, 0x21, 0x71, 0x21, 0x71, 0x21, 0x71, 0x21,
    0x71, 0x21, 0x71, 0x21, 0x71, 0x21, 0x71, 0x21, 0x71, 0x21, 0x71, 0x21, 0x71, 0x21, 0x71, 0x21,
    0x71, 0x21, 0x71, 0x21, 0x71, 0x21, 0x71, 0x21, 0x71, 0x21, 0x71, 0x21, 0x71, 0x21, 0x71, 0x21,
    0x71, 0x21, 0x71, 0x21, 0x71, 0x21, 0x71, 0x21, 0x71, 0x21, 0x71, 0x21, 0x71, 0x21, 0x71, 0x21,
    0x71, 0x21, 0x71, 0x21, 0x71, 0x21, 0x71, 0x21, 0x71, 0x21, 0x71, 0x21, 0x71, 0x21, 0x71, 0x21,
    0x71, 0x21, 0x71, 0x21, 0x71, 0x21, 0x71, 0x21, 0x71, 0x21, 0x71, 0x21, 0x71, 0x21, 0x71, 0x21,
    0x71, 0x21, 0x71, 0x21, 0x71, 0x21, 0x71, 0x21, 0x71, 0x21, 0x71, 0x21, 0x71, 0x21, 0x71, 0x21,
    0x71, 0x21, 0x71, 0x21, 0x71, 0x21, 0x51, 0x21, 0x91, 0x21, 0x91, 0x21, 0x91, 0x21, 0x91, 0x21,
    0x91, 0x21, 0x91, 0x21, 0x91, 0x21, 0x91, 0x21, 0x91, 0x21, 0x91, 0x21, 0x91, 0x21, 0x91, 0x21,
    0x91, 0x21, 0x91, 0x21, 0x91, 0x21, 0x91, 0x21, 0x91, 0x21, 0x91, 0x21, 0x91, 0x21, 0x91, 0x21,
    0x91, 0x21, 0x91, 0x21, 0x91, 0x21, 0x91, 0x21, 0x91, 0x21, 0x91, 0x21, 0x91, 0x21, 0x91, 0x21,
    0x91, 0x21, 0x91, 0x21, 0x91, 0x21, 0x91, 0x21, 0x91, 0x21, 0x91, 0x21, 0x91, 0x21, 0x91, 0x21,
    0x91, 0x21, 0x91, 0x21, 0x91, 0x21, 0x91, 0x21, 0x91, 0x21, 0x91, 0x21, 0x91, 0x21, 0x91, 0x21,
    0x91, 0x21, 0x91, 0x21, 0x91, 0x21, 0x91, 0x21, 0x91, 0x21, 0x91, 0x21, 0x91, 0x21, 0x91, 0x21,
    0x91, 0x21, 0x91, 0x21, 0x91, 0x21, 0x91, 0x21, 0x91, 0x21, 0x91, 0x21, 0x91, 0x21, 0x91, 0x21,
    0x91, 0x21, 0x91, 0x21, 0x91, 0x21, 0x91, 0x21, 0x91, 0x21, 0x91, 0x21, 0x91, 0x21, 0x91, 0x21,
    0x91, 0x21, 0x91, 0x21, 0x91, 0x21, 0x91, 0x21, 0x91, 0x21, 0x91, 0x21, 0x91, 0x21, 0x91, 0x21,
    0x91, 0x21, 0x91, 0x21, 0x91, 0x21, 0x91, 0x21, 0x91, 0x21, 0x91, 0x21, 0x91, 0x21, 0x71, 0x21,
    0x51, 0x21, 0x71, 0x21, 0x71, 0x21, 0x71, 0x21, 0x71, 0x21, 0x71, 0x21, 0x71, 0x21, 0x71, 0x21,
    0x71, 0x21, 0x71, 0x21, 0x71, 0x21, 0x71, 0x21, 0x71, 0x21, 0x71, 0x21, 0x51, 0x21, 0xb2, 0x29,
    0x43, 0x08, 0x00, 0x00, 0x00, 0x00, 0x00, 0x00, 0x00, 0x00, 0x00, 0x00, 0x00, 0x00, 0x00, 0x00,
    0x00, 0x00, 0x00, 0x00, 0x00, 0x00, 0x00, 0x00, 0x00, 0x00, 0x00, 0x00, 0x00, 0x00, 0x00, 0x00,
    0x00, 0x00, 0x00, 0x00, 0x00, 0x00, 0x00, 0x00, 0x00, 0x00, 0x00, 0x00, 0x00, 0x00, 0x00, 0x00,
    0x00, 0x00, 0x00, 0x00, 0x00, 0x00, 0x00, 0x00, 0x00, 0x00, 0x00, 0x00, 0x00, 0x00, 0x00, 0x00,
    0x00, 0x00, 0x00, 0x00, 0x00, 0x00, 0x00, 0x00, 0x00, 0x00, 0x00, 0x00, 0x00, 0x00, 0x00, 0x00,
    0x00, 0x00, 0x00, 0x00, 0x00, 0x00, 0x00, 0x00, 0x00, 0x00, 0x00, 0x00, 0x00, 0x00, 0x00, 0x00,
    0x00, 0x00, 0x00, 0x00, 0x00, 0x00, 0x00, 0x00, 0x00, 0x00, 0x00, 0x00, 0x00, 0x00, 0x00, 0x00,
    0x00, 0x00, 0x00, 0x00, 0x00, 0x00, 0x00, 0x00, 0x00, 0x00, 0x00, 0x00, 0x00, 0x00, 0x00, 0x00,
    0x00, 0x00, 0x00, 0x00, 0x00, 0x00, 0x00, 0x00, 0x00, 0x00, 0x00, 0x00, 0x00, 0x00, 0x00, 0x00,
    0x00, 0x00, 0x00, 0x00, 0x00, 0x00, 0x00, 0x00, 0x00, 0x00, 0x00, 0x00, 0x00, 0x00, 0x00, 0x00,
    0x00, 0x00, 0x00, 0x00, 0x00, 0x00, 0x64, 0x08, 0xb2, 0x29, 0x51, 0x21, 0x71, 0x21, 0x71, 0x21,
    0x71, 0x21, 0x71, 0x21, 0x71, 0x21, 0x71, 0x21, 0x71, 0x21, 0x71, 0x21, 0x71, 0x21, 0x71, 0x21,
    0x71, 0x21, 0x72, 0x21, 0x4f, 0x21, 0x66, 0x08, 0x29, 0x42, 0x8e, 0x73, 0x6d, 0x6b, 0x8d, 0x73,
    0x8d, 0x73, 0x8d, 0x73, 0x8d, 0x73, 0x8d, 0x73, 0x8d, 0x73, 0x8d, 0x73, 0x8d, 0x73, 0x8d, 0x73,
    0x8d, 0x73, 0x8d, 0x73, 0x8d, 0x73, 0x8d, 0x73, 0x8d, 0x73, 0x8d, 0x73, 0x8d, 0x73, 0x8d, 0x73,
    0x8d, 0x73, 0x8d, 0x73, 0x8d, 0x73, 0x8d, 0x73, 0x8d, 0x73, 0x8d, 0x73, 0x8d, 0x73, 0x8d, 0x73,
    0x8d, 0x73, 0x8d, 0x73, 0x8d, 0x73, 0x8d, 0x73, 0x8d, 0x73, 0x8d, 0x73, 0x8d, 0x73, 0x8d, 0x73,
    0x8d, 0x73, 0x8d, 0x73, 0x8d, 0x73, 0x8d, 0x73, 0x8d, 0x73, 0x8d, 0x73, 0x8d, 0x73, 0x8d, 0x73,
    0x8d, 0x73, 0x8d, 0x73, 0x8d, 0x73, 0x8d, 0x73, 0x8d, 0x73, 0x8d, 0x73, 0x8d, 0x73, 0x8d, 0x73,
    0x8d, 0x73, 0x8d, 0x73, 0x8d, 0x73, 0x8e, 0x73, 0x8d, 0x73, 0x8d, 0x73, 0x8d, 0x73, 0x8d, 0x73,
    0x8d, 0x73, 0x8d, 0x73, 0x8d, 0x73, 0x8d, 0x73, 0x8d, 0x73, 0x8d, 0x73, 0x8d, 0x73, 0x8d, 0x73,
    0x8d, 0x73, 0x8d, 0x73, 0x8d, 0x73, 0x8d, 0x73, 0x8d, 0x73, 0x8d, 0x73, 0x8d, 0x73, 0x8d, 0x73,
    0x8d, 0x73, 0x8d, 0x73, 0x8d, 0x73, 0x8d, 0x73, 0x8d, 0x73, 0x6d, 0x73, 0x8e, 0x73, 0x29, 0x42,
    0x66, 0x08, 0x6f, 0x21, 0x72, 0x21, 0x71, 0x21, 0x71, 0x21, 0x71, 0x21, 0x71, 0x21, 0x71, 0x21,
    0x71, 0x21, 0x71, 0x21, 0x71, 0x21, 0x71, 0x21, 0x71, 0x21, 0x71, 0x21, 0x8c, 0x29, 0xe2, 0x18,
    0xd7, 0xbd, 0xff, 0xff, 0xff, 0xff, 0xff, 0xff, 0xff, 0xff, 0xff, 0xff, 0xff, 0xff, 0xff, 0xff,
    0xff, 0xff, 0xff, 0xff, 0xff, 0xff, 0xff, 0xff, 0xff, 0xff, 0xff, 0xff, 0xff, 0xff, 0xff, 0xff,
    0xff, 0xff, 0xff, 0xff, 0xff, 0xff, 0xff, 0xff, 0xff, 0xff, 0xff, 0xff, 0xff, 0xff, 0xff, 0xff,
    0xff, 0xff, 0xff, 0xff, 0xff, 0xff, 0xff, 0xff, 0xff, 0xff, 0xff, 0xff, 0xff, 0xff, 0xff, 0xff,
    0xff, 0xff, 0xff, 0xff, 0xff, 0xff, 0xff, 0xff, 0xff, 0xff, 0xff, 0xff, 0xff, 0xff, 0xff, 0xff,
    0xff, 0xff, 0xff, 0xff, 0xff, 0xff, 0xff, 0xff, 0xff, 0xff, 0xff, 0xff, 0xff, 0xff, 0xff, 0xff,
    0xff, 0xff, 0xff, 0xff, 0xff, 0xff, 0xff, 0xff, 0xff, 0xff, 0xff, 0xff, 0xff, 0xff, 0xff, 0xff,
    0xff, 0xff, 0xff, 0xff, 0xff, 0xff, 0xff, 0xff, 0xff, 0xff, 0xff, 0xff, 0xff, 0xff, 0xff, 0xff,
    0xff, 0xff, 0xff, 0xff, 0xff, 0xff, 0xff, 0xff, 0xff, 0xff, 0xff, 0xff, 0xff, 0xff, 0xff, 0xff,
    0xff, 0xff, 0xff, 0xff, 0xff, 0xff, 0xff, 0xff, 0xff, 0xff, 0xff, 0xff, 0xff, 0xff, 0xff, 0xff,
    0xff, 0xff, 0xff, 0xff, 0xff, 0xff, 0xb7, 0xb5, 0xe2, 0x18, 0x8c, 0x29, 0x71, 0x21, 0x71, 0x21,
    0x71, 0x21, 0x71, 0x21, 0x71, 0x21, 0x71, 0x21, 0x71, 0x21, 0x71, 0x21, 0x71, 0x21, 0x51, 0x19,
    0xb3, 0x29, 0xa7, 0x10, 0xc2, 0x18, 0x3d, 0xe7, 0xbe, 0xf7, 0x18, 0xc6, 0x39, 0xc6, 0x39, 0xc6,
    0x39, 0xc6, 0x39, 0xc6, 0x39, 0xc6, 0x39, 0xc6, 0x39, 0xc6, 0x39, 0xc6, 0x39, 0xc6, 0x39, 0xc6,
    0x39, 0xc6, 0x39, 0xc6, 0x39, 0xc6, 0x39, 0xc6, 0x39, 0xc6, 0x39, 0xc6, 0x39, 0xc6, 0x39, 0xc6,
    0x39, 0xc6, 0x39, 0xc6, 0x39, 0xc6, 0x39, 0xc6, 0x39, 0xc6, 0x39, 0xc6, 0x39, 0xc6, 0x39, 0xc6,
    0x39, 0xc6, 0x39, 0xc6, 0x39, 0xc6, 0x39, 0xc6, 0x39, 0xc6, 0x39, 0xc6, 0x39, 0xc6, 0x39, 0xc6,
    0x39, 0xc6, 0x39, 0xc6, 0x39, 0xc6, 0x39, 0xc6, 0x39, 0xc6, 0x39, 0xc6, 0x39, 0xc6, 0x39, 0xc6,
    0x39, 0xc6, 0x39, 0xc6, 0x39, 0xc6, 0x39, 0xc6, 0x39, 0xc6, 0x39, 0xc6, 0x39, 0xc6, 0x39, 0xc6,
    0x39, 0xc6, 0x39, 0xc6, 0x39, 0xc6, 0x39, 0xc6, 0x39, 0xc6, 0x39, 0xc6, 0x39, 0xc6, 0x39, 0xc6,
    0x39, 0xc6, 0x39, 0xc6, 0x39, 0xc6, 0x39, 0xc6, 0x39, 0xc6, 0x39, 0xc6, 0x39, 0xc6, 0x39, 0xc6,
    0x39, 0xc6, 0x39, 0xc6, 0x39, 0xc6, 0x39, 0xc6, 0x39, 0xc6, 0x39, 0xc6, 0x39, 0xc6, 0x39, 0xc6,
    0x39, 0xc6, 0x39, 0xc6, 0x39, 0xc6, 0x39, 0xc6, 0x39, 0xc6, 0x18, 0xc6, 0x38, 0xc6, 0xdf, 0xff,
    0xbb, 0xd6, 0x81, 0x10, 0xa7, 0x10, 0xb3, 0x29, 0x51, 0x19, 0x71, 0x21, 0x71, 0x21, 0x71, 0x21,
    0x71, 0x21, 0x71, 0x21, 0x71, 0x21, 0xb3, 0x29, 0x45, 0x00, 0xe8, 0x39, 0x54, 0xad, 0x59, 0xce,
    0xbb, 0xd6, 0x9e, 0xf7, 0x7a, 0xce, 0x18, 0xc6, 0x59, 0xc6, 0x39, 0xc6, 0x39, 0xc6, 0x59, 0xc6,
    0x39, 0xc6, 0x59, 0xc6, 0x59, 0xc6, 0x59, 0xc6, 0x59, 0xce, 0x59, 0xc6, 0x59, 0xc6, 0x59, 0xc6,
    0x59, 0xc6, 0x59, 0xc6, 0x59, 0xc6, 0x59, 0xc6, 0x59, 0xc6, 0x59, 0xc6, 0x59, 0xc6, 0x59, 0xce,
    0x59, 0xce, 0x59, 0xce, 0x59, 0xc6, 0x59, 0xce, 0x59, 0xc6, 0x59, 0xc6, 0x59, 0xc6, 0x59, 0xc6,
    0x59, 0xc6, 0x59, 0xc6, 0x59, 0xc6, 0x59, 0xc6, 0x59, 0xc6, 0x59, 0xc6, 0x59, 0xce, 0x59, 0xce,
    0x59, 0xc6, 0x59, 0xc6, 0x59, 0xc6, 0x59, 0xc6, 0x59, 0xc6, 0x59, 0xc6, 0x59, 0xc6, 0x59, 0xc6,
    0x59, 0xc6, 0x59, 0xc6, 0x59, 0xc6, 0x59, 0xc6, 0x59, 0xce, 0x59, 0xce, 0x59, 0xce, 0x59, 0xce,
    0x59, 0xce, 0x59, 0xce, 0x59, 0xce, 0x59, 0xc6, 0x59, 0xc6, 0x59, 0xc6, 0x59, 0xc6, 0x59, 0xc6,
    0x59, 0xc6, 0x59, 0xc6, 0x59, 0xc6, 0x59, 0xc6, 0x59, 0xc6, 0x59, 0xc6, 0x59, 0xc6, 0x59, 0xc6,
    0x39, 0xc6, 0x39, 0xc6, 0x39, 0xc6, 0x39, 0xc6, 0x39, 0xc6, 0x39, 0xc6, 0x39, 0xc6, 0x59, 0xc6,
    0x18, 0xc6, 0x9a, 0xce, 0x9e, 0xf7, 0x39, 0xc6, 0xb7, 0xb5, 0x14, 0xa5, 0xa7, 0x31, 0x65, 0x08,
    0xb3, 0x29, 0x51, 0x21, 0x71, 0x21, 0x71, 0x21, 0x71, 0x21, 0x51, 0x21, 0x50, 0x21, 0x4b, 0x21,
    0x45, 0x29, 0x10, 0x84, 0x5d, 0xef, 0x18, 0xbe, 0x39, 0xc6, 0x3c, 0xe7, 0x3d, 0xe7, 0x9a, 0xd6,
    0x18, 0xc6, 0x39, 0xc6, 0x39, 0xc6, 0x39, 0xc6, 0x39, 0xc6, 0x39, 0xc6, 0x39, 0xc6, 0x39, 0xc6,
    0x39, 0xc6, 0x39, 0xc6, 0x39, 0xc6, 0x39, 0xc6, 0x39, 0xc6, 0x39, 0xc6, 0x39, 0xc6, 0x39, 0xc6,
    0x39, 0xc6, 0x39, 0xc6, 0x39, 0xc6, 0x39, 0xc6, 0x39, 0xc6, 0x39, 0xc6, 0x39, 0xc6, 0x39, 0xc6,
    0x39, 0xc6, 0x39, 0xc6, 0x39, 0xc6, 0x39, 0xc6, 0x39, 0xc6, 0x39, 0xc6, 0x39, 0xc6, 0x39, 0xc6,
    0x39, 0xc6, 0x39, 0xc6, 0x39, 0xc6, 0x39, 0xc6, 0x39, 0xc6, 0x39, 0xc6, 0x39, 0xc6, 0x39, 0xc6,
    0x39, 0xc6, 0x39, 0xc6, 0x39, 0xc6, 0x39, 0xc6, 0x39, 0xc6, 0x39, 0xc6, 0x39, 0xc6, 0x39, 0xc6,
    0x39, 0xc6, 0x39, 0xc6, 0x39, 0xc6, 0x39, 0xc6, 0x39, 0xc6, 0x39, 0xc6, 0x39, 0xc6, 0x39, 0xc6,
    0x39, 0xc6, 0x39, 0xc6, 0x39, 0xc6, 0x39, 0xc6, 0x39, 0xc6, 0x39, 0xc6, 0x39, 0xc6, 0x39, 0xc6,
    0x39, 0xc6, 0x39, 0xc6, 0x39, 0xc6, 0x39, 0xc6, 0x39, 0xc6, 0x39, 0xc6, 0x39, 0xc6, 0x39, 0xc6,
    0x39, 0xc6, 0x39, 0xc6, 0x39, 0xc6, 0x18, 0xc6, 0xbb, 0xd6, 0x3d, 0xe7, 0xdb, 0xde, 0x96, 0xad,
    0x56, 0xad, 0xdb, 0xde, 0xce, 0x73, 0x25, 0x21, 0x4b, 0x21, 0x50, 0x21, 0x51, 0x21, 0x71, 0x21,
    0x51, 0x21, 0x92, 0x21, 0x6f, 0x21, 0x00, 0x00, 0xb7, 0xb5, 0xfc, 0xde, 0xd7, 0xbd, 0x39, 0xc6,
    0x39, 0xc6, 0xf8, 0xbd, 0x5d, 0xef, 0x3d, 0xe7, 0x7a, 0xce, 0x7a, 0xce, 0x9a, 0xd6, 0x9a, 0xd6,
    0x9a, 0xd6, 0x9a, 0xd6, 0x9a, 0xd6, 0x9a, 0xd6, 0x9a, 0xd6, 0xba, 0xd6, 0x9a, 0xd6, 0x9a, 0xd6,
    0x9a, 0xd6, 0x9a, 0xd6, 0x9a, 0xd6, 0x9a, 0xd6, 0x9a, 0xd6, 0x9a, 0xd6, 0x9a, 0xd6, 0x9a, 0xd6,
    0xba, 0xd6, 0x9a, 0xd6, 0x9a, 0xd6, 0x9a, 0xd6, 0x9a, 0xd6, 0x9a, 0xd6, 0x9a, 0xd6, 0x9a, 0xd6,
    0x9a, 0xd6, 0x9a, 0xd6, 0x9a, 0xd6, 0x9a, 0xd6, 0x9a, 0xd6, 0x9a, 0xd6, 0xba, 0xd6, 0x9a, 0xd6,
    0xba, 0xd6, 0xba, 0xd6, 0x9a, 0xd6, 0x9a, 0xd6, 0x9a, 0xd6, 0x9a, 0xd6, 0x9a, 0xd6, 0x9a, 0xd6,
    0x9a, 0xd6, 0x9a, 0xd6, 0x9a, 0xd6, 0x9a, 0xd6, 0x9a, 0xd6, 0x9a, 0xd6, 0x9a, 0xd6, 0x9a, 0xd6,
    0x9a, 0xd6, 0x9a, 0xd6, 0x9a, 0xd6, 0x9a, 0xd6, 0x9a, 0xd6, 0x9a, 0xd6, 0x9a, 0xd6, 0x9a, 0xd6,
    0x9a, 0xd6, 0x9a, 0xd6, 0x9a, 0xd6, 0x9a, 0xd6, 0x9a, 0xd6, 0x9a, 0xd6, 0x9a, 0xd6, 0x9a, 0xd6,
    0x9a, 0xd6, 0x9a, 0xd6, 0x9a, 0xd6, 0x9a, 0xd6, 0x9a, 0xd6, 0x9a, 0xce, 0x79, 0xce, 0x7a, 0xce,
    0x3d, 0xe7, 0xfc, 0xde, 0x55, 0xa5, 0x96, 0xad, 0x96, 0xad, 0x35, 0xa5, 0xbb, 0xd6, 0xf4, 0x9c,
    0x00, 0x00, 0x6f, 0x21, 0x72, 0x21, 0x71, 0x21, 0x72, 0x21, 0x0b, 0x19, 0x66, 0x29, 0xb7, 0xb5,
    0xf8, 0xbd, 0x39, 0xc6, 0x39, 0xc6, 0x39, 0xc6, 0x39, 0xc6, 0x39, 0xc6, 0x18, 0xbe, 0xfc, 0xde,
    0xbe, 0xf7, 0xfb, 0xde, 0x59, 0xce, 0x79, 0xce, 0x79, 0xce, 0x79, 0xce, 0x79, 0xce, 0x7a, 0xce,
    0x79, 0xce, 0x7a, 0xce, 0x7a, 0xce, 0x79, 0xce, 0x7a, 0xce, 0x7a, 0xce, 0x7a, 0xce, 0x7a, 0xce,
    0x7a, 0xce, 0x7a, 0xce, 0x7a, 0xce, 0x7a, 0xce, 0x7a, 0xce, 0x7a, 0xce, 0x7a, 0xce, 0x7a, 0xce,
    0x7a, 0xce, 0x7a, 0xce, 0x7a, 0xce, 0x7a, 0xce, 0x7a, 0xce, 0x7a, 0xce, 0x79, 0xce, 0x7a, 0xce,
    0x7a, 0xce, 0x7a, 0xce, 0x7a, 0xce, 0x7a, 0xce, 0x7a, 0xce, 0x7a, 0xce, 0x7a, 0xce, 0x7a, 0xce,
    0x7a, 0xce, 0x7a, 0xce, 0x7a, 0xce, 0x7a, 0xce, 0x7a, 0xce, 0x7a, 0xce, 0x7a, 0xce, 0x7a, 0xce,
    0x7a, 0xce, 0x7a, 0xce, 0x7a, 0xce, 0x7a, 0xce, 0x79, 0xce, 0x7a, 0xce, 0x79, 0xce, 0x79, 0xce,
    0x79, 0xce, 0x7a, 0xce, 0x7a, 0xce, 0x79, 0xce, 0x79, 0xce, 0x7a, 0xce, 0x7a, 0xce, 0x7a, 0xce,
    0x79, 0xce, 0x79, 0xce, 0x79, 0xce, 0x79, 0xce, 0x7a, 0xce, 0x7a, 0xce, 0x59, 0xce, 0x59, 0xce,
    0x59, 0xce, 0x7a, 0xce, 0xfb, 0xde, 0xbe, 0xf7, 0x7a, 0xce, 0x56, 0xad, 0x97, 0xad, 0x76, 0xad,
    0x96, 0xad, 0x96, 0xad, 0x77, 0xad, 0xd7, 0xbd, 0x14, 0x9d, 0xa4, 0x10, 0x2c, 0x21, 0x72, 0x21,
    0x93, 0x21, 0xc9, 0x10, 0xe2, 0x20, 0xdb, 0xde, 0xbb, 0xd6, 0x39, 0xc6, 0x39, 0xc6, 0x39, 0xc6,
    0x39, 0xc6, 0x59, 0xc6, 0x18, 0xc6, 0xbb, 0xd6, 0xba, 0xd6, 0xf4, 0x9c, 0xaf, 0x73, 0xaf, 0x6b,
    0xaf, 0x73, 0xaf, 0x73, 0xaf, 0x73, 0xaf, 0x73, 0xaf, 0x73, 0xcf, 0x73, 0xcf, 0x73, 0xd0, 0x73,
    0xd0, 0x7b, 0xd0, 0x7b, 0xd0, 0x73, 0xd0, 0x73, 0xd0, 0x73, 0xd0, 0x7b, 0xd0, 0x73, 0xd0, 0x73,
    0xd0, 0x73, 0xd0, 0x7b, 0xd0, 0x7b, 0xd0, 0x73, 0xd0, 0x73, 0xd0, 0x73, 0xd0, 0x73, 0xd0, 0x73,
    0xcf, 0x73, 0xcf, 0x73, 0xcf, 0x73, 0xcf, 0x73, 0xcf, 0x73, 0xcf, 0x73, 0xcf, 0x73, 0xd0, 0x73,
    0xd0, 0x73, 0xd0, 0x73, 0xd0, 0x7b, 0xd0, 0x7b, 0xd0, 0x7b, 0xd0, 0x7b, 0xd0, 0x7b, 0xd0, 0x7b,
    0xd0, 0x7b, 0xd0, 0x7b, 0xf0, 0x7b, 0xf0, 0x7b, 0xd0, 0x7b, 0xd0, 0x7b, 0xd0, 0x7b, 0xd0, 0x73,
    0xd0, 0x73, 0xcf, 0x73, 0xcf, 0x73, 0xcf, 0x73, 0xd0, 0x73, 0xd0, 0x7b, 0xd0, 0x7b, 0xd0, 0x73,
    0xd0, 0x73, 0xd0, 0x73, 0xd0, 0x73, 0xd0, 0x73, 0xcf, 0x73, 0xaf, 0x73, 0xaf, 0x73, 0xcf, 0x73,
    0xd0, 0x73, 0xcf, 0x73, 0xaf, 0x73, 0xaf, 0x73, 0xaf, 0x73, 0xf0, 0x7b, 0x15, 0xa5, 0x9a, 0xd6,
    0x39, 0xc6, 0x56, 0xa5, 0x96, 0xad, 0x76, 0xad, 0x96, 0xad, 0x76, 0xad, 0xb7, 0xb5, 0x9a, 0xce,
    0xb7, 0xb5, 0x20, 0x00, 0x0a, 0x19, 0x93, 0x21, 0x93, 0x21, 0xc9, 0x10, 0xe2, 0x18, 0x97, 0xb5,
    0x7a, 0xce, 0x9a, 0xd6, 0x59, 0xce, 0x39, 0xc6, 0x39, 0xc6, 0x39, 0xc6, 0x7a, 0xce, 0x39, 0xc6,
    0xf4, 0x9c, 0x4e, 0x6b, 0x6a, 0x4a, 0x29, 0x42, 0x29, 0x42, 0x29, 0x42, 0x49, 0x42, 0x49, 0x42,
    0x49, 0x42, 0x49, 0x42, 0x49, 0x42, 0x49, 0x4a, 0x4a, 0x4a, 0x4a, 0x4a, 0x4a, 0x4a, 0x4a, 0x4a,
    0x4a, 0x4a, 0x49, 0x4a, 0x49, 0x42, 0x49, 0x42, 0x4a, 0x4a, 0x4a, 0x4a, 0x4a, 0x4a, 0x49, 0x4a,
    0x49, 0x42, 0x49, 0x42, 0x49, 0x42, 0x49, 0x42, 0x49, 0x42, 0x49, 0x42, 0x49, 0x42, 0x49, 0x42,
    0x49, 0x42, 0x49, 0x42, 0x49, 0x42, 0x49, 0x42, 0x49, 0x4a, 0x4a, 0x4a, 0x4a, 0x4a, 0x4a, 0x4a,
    0x4a, 0x4a, 0x4a, 0x4a, 0x4a, 0x4a, 0x4a, 0x4a, 0x4a, 0x4a, 0x6a, 0x4a, 0x6a, 0x4a, 0x4a, 0x4a,
    0x4a, 0x4a, 0x4a, 0x4a, 0x49, 0x4a, 0x49, 0x4a, 0x49, 0x42, 0x49, 0x42, 0x49, 0x42, 0x49, 0x4a,
    0x49, 0x4a, 0x4a, 0x4a, 0x4a, 0x4a, 0x49, 0x4a, 0x49, 0x4a, 0x49, 0x42, 0x49, 0x42, 0x49, 0x4a,
    0x49, 0x4a, 0x49, 0x42, 0x49, 0x42, 0x49, 0x42, 0x49, 0x42, 0x49, 0x42, 0x49, 0x42, 0x49, 0x42,
    0x29, 0x42, 0x6a, 0x4a, 0x6e, 0x6b, 0x15, 0xa5, 0x18, 0xbe, 0xf8, 0xbd, 0x76, 0xad, 0x96, 0xad,
    0x76, 0xad, 0xb7, 0xb5, 0x59, 0xce, 0x39, 0xc6, 0x31, 0x84, 0x20, 0x00, 0x0a, 0x19, 0x92, 0x21,
    0x93, 0x21, 0xc9, 0x10, 0xe3, 0x18, 0xd8, 0xbd, 0x14, 0x9d, 0x9a, 0xce, 0x9a, 0xd6, 0x39, 0xc6,
    0x59, 0xc6, 0x39, 0xc6, 0xbb, 0xd6, 0x93, 0x94, 0x6a, 0x4a, 0x8a, 0x52, 0x61, 0x08, 0x41, 0x08,
    0x41, 0x08, 0x41, 0x08, 0x41, 0x08, 0x41, 0x08, 0x41, 0x08, 0x41, 0x08, 0x41, 0x08, 0x41, 0x08,
    0x41, 0x08, 0x41, 0x08, 0x41, 0x08, 0x41, 0x08, 0x41, 0x08, 0x41, 0x08, 0x41, 0x08, 0x41, 0x08,
    0x41, 0x08, 0x41, 0x08, 0x41, 0x08, 0x41, 0x08, 0x41, 0x08, 0x41, 0x08, 0x41, 0x08, 0x41, 0x08,
    0x41, 0x08, 0x41, 0x08, 0x41, 0x08, 0x41, 0x08, 0x41, 0x08, 0x41, 0x08, 0x41, 0x08, 0x41, 0x08,
    0x41, 0x08, 0x41, 0x08, 0x41, 0x08, 0x41, 0x08, 0x41, 0x08, 0x41, 0x08, 0x41, 0x08, 0x41, 0x08,
    0x41, 0x08, 0x41, 0x08, 0x41, 0x08, 0x41, 0x08, 0x41, 0x08, 0x41, 0x08, 0x41, 0x08, 0x41, 0x08,
    0x41, 0x08, 0x41, 0x08, 0x41, 0x08, 0x41, 0x08, 0x41, 0x08, 0x41, 0x08, 0x41, 0x08, 0x41, 0x08,
    0x41, 0x08, 0x41, 0x08, 0x41, 0x08, 0x41, 0x08, 0x41, 0x08, 0x41, 0x08, 0x41, 0x08, 0x41, 0x08,
    0x41, 0x08, 0x41, 0x08, 0x41, 0x08, 0x41, 0x08, 0x20, 0x00, 0x62, 0x08, 0x49, 0x4a, 0x4a, 0x42,
    0xf4, 0x9c, 0xbb, 0xd6, 0xb7, 0xb5, 0x97, 0xb5, 0x76, 0xad, 0x59, 0xce, 0x18, 0xc6, 0x93, 0x94,
    0x93, 0x94, 0x20, 0x00, 0x0a, 0x19, 0x92, 0x21, 0x93, 0x21, 0xc9, 0x10, 0xe2, 0x18, 0xd8, 0xbd,
    0x35, 0xa5, 0xf4, 0x9c, 0x7a, 0xce, 0xfc, 0xde, 0x39, 0xc6, 0x1c, 0xe7, 0x31, 0x84, 0x0d, 0x5b,
    0x49, 0x42, 0x20, 0x00, 0x4d, 0x63, 0x51, 0x84, 0xf4, 0x9c, 0xd3, 0x94, 0xd3, 0x9c, 0xd3, 0x94,
    0xd3, 0x94, 0xd3, 0x9c, 0xd3, 0x9c, 0xd3, 0x9c, 0xd4, 0x9c, 0xd3, 0x9c, 0xd3, 0x9c, 0xd3, 0x9c,
    0xd3, 0x9c, 0xd4, 0x9c, 0xd3, 0x9c, 0xd3, 0x94, 0xd3, 0x94, 0xd3, 0x9c, 0xd3, 0x9c, 0xd3, 0x9c,
    0xd3, 0x9c, 0xd3, 0x9c, 0xd3, 0x9c, 0xd3, 0x94, 0xd3, 0x94, 0xd3, 0x9c, 0xd3, 0x94, 0xd3, 0x94,
    0xd3, 0x94, 0xd3, 0x9c, 0xd3, 0x9c, 0xd4, 0x9c, 0xd3, 0x9c, 0xd3, 0x9c, 0xd3, 0x9c, 0xd3, 0x9c,
    0xd4, 0x9c, 0xf4, 0x9c, 0xd4, 0x9c, 0xd3, 0x9c, 0xd3, 0x9c, 0xd3, 0x9c, 0xd4, 0x9c, 0xd3, 0x9c,
    0xd3, 0x9c, 0xd3, 0x9c, 0xd3, 0x9c, 0xd3, 0x9c, 0xd3, 0x9c, 0xd3, 0x9c, 0xd3, 0x9c, 0xd3, 0x9c,
    0xd3, 0x94, 0xd3, 0x94, 0xd3, 0x94, 0xd3, 0x94, 0xd3, 0x9c, 0xd4, 0x9c, 0xf4, 0x9c, 0xd4, 0x9c,
    0xd3, 0x9c, 0xd3, 0x9c, 0xd3, 0x9c, 0xd3, 0x9c, 0xd3, 0x9c, 0xd3, 0x9c, 0xd3, 0x94, 0xd3, 0x9c,
    0x51, 0x8c, 0x2d, 0x63, 0x00, 0x00, 0x49, 0x4a, 0xec, 0x5a, 0x31, 0x84, 0x1c, 0xe7, 0x76, 0xad,
    0xdb, 0xd6, 0x19, 0xc6, 0x31, 0x84, 0xd3, 0x94, 0x93, 0x94, 0x20, 0x00, 0x0a, 0x19, 0x92, 0x21,
    0x93, 0x21, 0xc9, 0x10, 0xe2, 0x18, 0xd8, 0xbd, 0x35, 0xa5, 0xf4, 0x9c, 0x55, 0xa5, 0x39, 0xc6,
    0xdb, 0xde, 0xf4, 0x9c, 0x4d, 0x63, 0x66, 0x29, 0xe4, 0x18, 0x6e, 0x6b, 0xb3, 0x94, 0x55, 0xa5,
    0x96, 0xad, 0x96, 0xad, 0x96, 0xad, 0x96, 0xad, 0x96, 0xad, 0x96, 0xad, 0x96, 0xad, 0x96, 0xad,
    0x96, 0xad, 0x96, 0xad, 0x96, 0xad, 0x96, 0xad, 0x96, 0xad, 0x96, 0xad, 0x96, 0xad, 0x96, 0xad,
    0x96, 0xad, 0x96, 0xad, 0x96, 0xad, 0x96, 0xad, 0x96, 0xad, 0x96, 0xad, 0x96, 0xb5, 0x96, 0xad,
    0x96, 0xad, 0x96, 0xad, 0x96, 0xad, 0x96, 0xad, 0x96, 0xad, 0x96, 0xad, 0x96, 0xad, 0x96, 0xad,
    0x96, 0xad, 0x96, 0xad, 0x96, 0xad, 0x96, 0xad, 0x96, 0xad, 0x96, 0xad, 0x96, 0xad, 0x96, 0xad,
    0x96, 0xad, 0x96, 0xad, 0x96, 0xad, 0x96, 0xb5, 0x96, 0xb5, 0x96, 0xb5, 0x96, 0xad, 0x96, 0xad,
    0x96, 0xad, 0x96, 0xad, 0x96, 0xad, 0x96, 0xad, 0x96, 0xad, 0x96, 0xad, 0x96, 0xad, 0x96, 0xad,
    0x96, 0xad, 0x96, 0xb5, 0x96, 0xad, 0x96, 0xad, 0x96, 0xad, 0x96, 0xad, 0x96, 0xad, 0x96, 0xad,
    0x96, 0xad, 0x96, 0xad, 0x96, 0xad, 0x96, 0xad, 0x55, 0xa5, 0xb3, 0x94, 0x8e, 0x73, 0xe4, 0x18,
    0x45, 0x29, 0x8e, 0x6b, 0xb7, 0xb5, 0xdb, 0xde, 0xf8, 0xbd, 0xb3, 0x94, 0x31, 0x84, 0xb3, 0x94,
    0x93, 0x8c, 0x20, 0x00, 0x0a, 0x19, 0x92, 0x21, 0x93, 0x21, 0xc9, 0x10, 0xe2, 0x18, 0xd8, 0xbd,
    0x35, 0xa5, 0x14, 0x9d, 0xd4, 0x94, 0xd7, 0xbd, 0xfc, 0xde, 0x31, 0x84, 0xa7, 0x31, 0x25, 0x21,
    0xcb, 0x52, 0x76, 0xad, 0x35, 0xa5, 0xd7, 0xbd, 0xfb, 0xde, 0xdb, 0xde, 0xdb, 0xde, 0xdb, 0xde,
    0xdb, 0xde, 0xdb, 0xde, 0xdb, 0xde, 0xdb, 0xde, 0xdb, 0xde, 0xdb, 0xde, 0xdb, 0xde, 0xdb, 0xde,
    0xdb, 0xde, 0xdb, 0xde, 0xdb, 0xde, 0xdb, 0xde, 0xdb, 0xde, 0xdb, 0xde, 0xdb, 0xde, 0xdb, 0xde,
    0xdb, 0xde, 0xdb, 0xde, 0xdb, 0xde, 0xdb, 0xde, 0xdb, 0xde, 0xdb, 0xde, 0xdb, 0xde, 0xdb, 0xde,
    0xdb, 0xde, 0xdb, 0xde, 0xdb, 0xde, 0xdb, 0xde, 0xdb, 0xde, 0xdb, 0xde, 0xdb, 0xde, 0xdb, 0xde,
    0xdb, 0xde, 0xdb, 0xde, 0xdb, 0xde, 0xdb, 0xde, 0xdb, 0xde, 0xdb, 0xde, 0xdb, 0xde, 0xdb, 0xde,
    0xdb, 0xde, 0xdb, 0xde, 0xdb, 0xde, 0xdb, 0xde, 0xdb, 0xde, 0xdb, 0xde, 0xdb, 0xde, 0xdb, 0xde,
    0xdb, 0xde, 0xdb, 0xde, 0xdb, 0xde, 0xdb, 0xde, 0xdb, 0xde, 0xdb, 0xde, 0xdb, 0xde, 0xdb, 0xde,
    0xdb, 0xde, 0xdb, 0xde, 0xdb, 0xde, 0xdb, 0xde, 0xdb, 0xde, 0xdb, 0xde, 0xdb, 0xde, 0xfb, 0xde,
    0xb7, 0xb5, 0x35, 0xa5, 0x56, 0xad, 0xcb, 0x52, 0x24, 0x21, 0xe8, 0x39, 0x35, 0xa5, 0x3d, 0xe7,
    0x55, 0xad, 0x10, 0x84, 0x51, 0x8c, 0xb3, 0x94, 0x93, 0x8c, 0x20, 0x00, 0x0a, 0x19, 0x92, 0x21,
    0x93, 0x21, 0xc9, 0x10, 0xe3, 0x18, 0xd8, 0xbd, 0x35, 0xa5, 0xf4, 0x9c, 0xf4, 0x9c, 0xf8, 0xbd,
    0xdb, 0xde, 0x72, 0x8c, 0xa2, 0x10, 0x49, 0x4a, 0xb7, 0xb5, 0xd4, 0x9c, 0xf8, 0xbd, 0xba, 0xd6,
    0xfb, 0xde, 0xfb, 0xde, 0xfb, 0xde, 0xfb, 0xde, 0xfb, 0xde, 0xfb, 0xde, 0xfb, 0xde, 0xfb, 0xde,
    0xfb, 0xde, 0xfb, 0xde, 0xfb, 0xde, 0xfb, 0xde, 0xfb, 0xde, 0xfb, 0xde, 0xfb, 0xde, 0xfb, 0xde,
    0xfb, 0xde, 0xfb, 0xde, 0xfb, 0xde, 0xfb, 0xde, 0xfb, 0xde, 0xfb, 0xde, 0xfb, 0xde, 0xfb, 0xde,
    0xfb, 0xde, 0xfb, 0xde, 0xfb, 0xde, 0xfb, 0xde, 0xfb, 0xde, 0xfb, 0xde, 0xfb, 0xde, 0xfb, 0xde,
    0xfb, 0xde, 0xfb, 0xde, 0xfb, 0xde, 0xfb, 0xde, 0xfb, 0xde, 0xfb, 0xde, 0xfb, 0xde, 0xfb, 0xde,
    0xfb, 0xde, 0xfb, 0xde, 0xfb, 0xde, 0xfb, 0xde, 0xfb, 0xde, 0xfb, 0xde, 0xfb, 0xde, 0xfb, 0xde,
    0xfb, 0xde, 0xfb, 0xde, 0xfb, 0xde, 0xfb, 0xde, 0xfb, 0xde, 0xfb, 0xde, 0xfb, 0xde, 0xfb, 0xde,
    0xfb, 0xde, 0xfb, 0xde, 0xfb, 0xde, 0xfb, 0xde, 0xfb, 0xde, 0xfb, 0xde, 0xfb, 0xde, 0xfb, 0xde,
    0xfb, 0xde, 0xfb, 0xde, 0xfb, 0xde, 0xfb, 0xde, 0xda, 0xd6, 0xf7, 0xbd, 0xd3, 0x94, 0xb7, 0xb5,
    0x28, 0x42, 0x04, 0x19, 0x76, 0xad, 0xfb, 0xde, 0x76, 0xad, 0x31, 0x84, 0x51, 0x8c, 0xb3, 0x94,
    0x92, 0x8c, 0x20, 0x00, 0x0a, 0x19, 0x92, 0x21, 0x93, 0x21, 0xc9, 0x10, 0xe2, 0x18, 0xd8, 0xbd,
    0x35, 0xa5, 0xf4, 0x9c, 0xd4, 0x94, 0xd8, 0xbd, 0xdb, 0xde, 0x52, 0x8c, 0xa3, 0x10, 0x49, 0x4a,
    0xd7, 0xb5, 0xd7, 0xb5, 0x9a, 0xd6, 0x1c, 0xe7, 0xdb, 0xde, 0xfb, 0xde, 0xfb, 0xde, 0xfb, 0xde,
    0xfb, 0xde, 0xfb, 0xde, 0xfb, 0xde, 0xfb, 0xde, 0xfb, 0xde, 0xfb, 0xde, 0xfb, 0xde, 0xfb, 0xde,
    0xfb, 0xde, 0xfb, 0xde, 0xfb, 0xde, 0xfb, 0xde, 0xfb, 0xde, 0xfb, 0xde, 0xfb, 0xde, 0xfb, 0xde,
    0xfb, 0xde, 0xfb, 0xde, 0xfb, 0xde, 0xfb, 0xde, 0xfb, 0xde, 0xfb, 0xde, 0xfb, 0xde, 0xfb, 0xde,
    0xfb, 0xde, 0xfb, 0xde, 0xfb, 0xde, 0xfb, 0xde, 0xfb, 0xde, 0xfb, 0xde, 0xfb, 0xde, 0xfb, 0xde,
    0xfb, 0xde, 0xfb, 0xde, 0xfb, 0xde, 0xfb, 0xde, 0xfb, 0xde, 0xfb, 0xde, 0xfb, 0xde, 0xfb, 0xde,
    0xfb, 0xde, 0xfb, 0xde, 0xfb, 0xde, 0xfb, 0xde, 0xfb, 0xde, 0xfb, 0xde, 0xfb, 0xde, 0xfb, 0xde,
    0xfb, 0xde, 0xfb, 0xde, 0xfb, 0xde, 0xfb, 0xde, 0xfb, 0xde, 0xfb, 0xde, 0xfb, 0xde, 0xfb, 0xde,
    0xfb, 0xde, 0xfb, 0xde, 0xfb, 0xde, 0xfb, 0xde, 0xfb, 0xde, 0xfb, 0xde, 0xfb, 0xde, 0xdb, 0xde,
    0x1b, 0xdf, 0x9a, 0xd6, 0xb7, 0xb5, 0xd7, 0xb5, 0x28, 0x42, 0x24, 0x21, 0x55, 0xad, 0xfb, 0xde,
    0x56, 0xad, 0x31, 0x84, 0x51, 0x8c, 0xb3, 0x94, 0x92, 0x8c, 0x20, 0x00, 0x0a, 0x19, 0x92, 0x21,
    0x93, 0x21, 0xc9, 0x10, 0xe3, 0x18, 0xf8, 0xbd, 0x35, 0xa5, 0xf4, 0x9c, 0xd4, 0x94, 0xd8, 0xbd,
    0xdb, 0xde, 0x52, 0x8c, 0xa3, 0x10, 0x49, 0x4a, 0xd7, 0xb5, 0xbb, 0xd6, 0xfb, 0xde, 0xdb, 0xde,
    0xfb, 0xde, 0xfb, 0xde, 0xfb, 0xde, 0xfb, 0xde, 0xfb, 0xde, 0xfb, 0xde, 0xfb, 0xde, 0xfb, 0xde,
    0xfb, 0xde, 0xfb, 0xde, 0xfb, 0xde, 0xfb, 0xde, 0xfb, 0xde, 0xfb, 0xde, 0xfb, 0xde, 0xfb, 0xde,
    0xfb, 0xde, 0xfb, 0xde, 0xfb, 0xde, 0xfb, 0xde, 0xfb, 0xde, 0xfb, 0xde, 0xfb, 0xde, 0xfb, 0xde,
    0xfb, 0xde, 0xfb, 0xde, 0xfb, 0xde, 0xfb, 0xde, 0xfb, 0xde, 0xfb, 0xde, 0xfb, 0xde, 0xfb, 0xde,
    0xfb, 0xde, 0xfb, 0xde, 0xfb, 0xde, 0xfb, 0xde, 0xfb, 0xde, 0xfb, 0xde, 0xfb, 0xde, 0xfb, 0xde,
    0xfb, 0xde, 0xfb, 0xde, 0xfb, 0xde, 0xfb, 0xde, 0xfb, 0xde, 0xfb, 0xde, 0xfb, 0xde, 0xfb, 0xde,
    0xfb, 0xde, 0xfb, 0xde, 0xfb, 0xde, 0xfb, 0xde, 0xfb, 0xde, 0xfb, 0xde, 0xfb, 0xde, 0xfb, 0xde,
    0xfb, 0xde, 0xfb, 0xde, 0xfb, 0xde, 0xfb, 0xde, 0xfb, 0xde, 0xfb, 0xde, 0xfb, 0xde, 0xfb, 0xde,
    0xfb, 0xde, 0xfb, 0xde, 0xfb, 0xde, 0xfb, 0xde, 0xdb, 0xde, 0xfb, 0xde, 0xbb, 0xd6, 0xd7, 0xb5,
    0x28, 0x42, 0x04, 0x21, 0x56, 0xad, 0xfb, 0xde, 0x76, 0xad, 0x31, 0x84, 0x51, 0x8c, 0xb3, 0x94,
    0x93, 0x8c, 0x20, 0x00, 0x0a, 0x19, 0x92, 0x21, 0x93, 0x21, 0xc9, 0x10, 0xe2, 0x18, 0xd8, 0xbd,
    0x35, 0xa5, 0xf4, 0x9c, 0xd4, 0x94, 0xd8, 0xbd, 0xdb, 0xde, 0x52, 0x84, 0xa3, 0x10, 0x49, 0x4a,
    0xd7, 0xb5, 0x9a, 0xd6, 0xfb, 0xde, 0xfb, 0xde, 0xfb, 0xde, 0xfb, 0xde, 0xfb, 0xde, 0xfb, 0xde,
    0xfb, 0xde, 0xfb, 0xde, 0xfb, 0xde, 0xfb, 0xde, 0xfb, 0xde, 0xfb, 0xde, 0xfb, 0xde, 0xfb, 0xde,
    0xfb, 0xde, 0xfb, 0xde, 0xfb, 0xde, 0xfb, 0xde, 0xfb, 0xde, 0xfb, 0xde, 0xfb, 0xde, 0xfb, 0xde,
    0xfb, 0xde, 0xfb, 0xde, 0xfb, 0xde, 0xfb, 0xde, 0xfb, 0xde, 0xfb, 0xde, 0xfb, 0xde, 0xfb, 0xde,
    0xfb, 0xde, 0xfb, 0xde, 0xfb, 0xde, 0xfb, 0xde, 0xfb, 0xde, 0xfb, 0xde, 0xfb, 0xde, 0xfb, 0xde,
    0xfb, 0xde, 0xfb, 0xde, 0xfb, 0xde, 0xfb, 0xde, 0xfb, 0xde, 0xfb, 0xde, 0xfb, 0xde, 0xfb, 0xde,
    0xfb, 0xde, 0xfb, 0xde, 0xfb, 0xde, 0xfb, 0xde, 0xfb, 0xde, 0xfb, 0xde, 0xfb, 0xde, 0xfb, 0xde,
    0xfb, 0xde, 0xfb, 0xde, 0xfb, 0xde, 0xfb, 0xde, 0xfb, 0xde, 0xfb, 0xde, 0xfb, 0xde, 0xfb, 0xde,
    0xfb, 0xde, 0xfb, 0xde, 0xfb, 0xde, 0xfb, 0xde, 0xfb, 0xde, 0xfb, 0xde, 0xfb, 0xde, 0xfb, 0xde,
    0xfb, 0xde, 0xfb, 0xde, 0x9a, 0xd6, 0xd7, 0xb5, 0x28, 0x42, 0x04, 0x21, 0x76, 0xad, 0xfb, 0xde,
    0x76, 0xad, 0x31, 0x84, 0x51, 0x8c, 0xb3, 0x94, 0x93, 0x8c, 0x20, 0x00, 0x0a, 0x19, 0x92, 0x21,
    0x93, 0x21, 0xc9, 0x10, 0xe2, 0x18, 0xd8, 0xbd, 0x35, 0xa5, 0xf4, 0x9c, 0xd4, 0x94, 0xd8, 0xbd,
    0xdb, 0xde, 0x51, 0x84, 0xa2, 0x10, 0x49, 0x4a, 0xd7, 0xb5, 0x9a, 0xd6, 0xfb, 0xde, 0xfb, 0xde,
    0xfb, 0xde, 0xfb, 0xde, 0xfb, 0xde, 0xfb, 0xde, 0xfb, 0xde, 0xfb, 0xde, 0xfb, 0xde, 0xfb, 0xde,
    0xfb, 0xde, 0xfb, 0xde, 0xfb, 0xde, 0xfb, 0xde, 0xfb, 0xde, 0xfb, 0xde, 0xfb, 0xde, 0xfb, 0xde,
    0xfb, 0xde, 0xfb, 0xde, 0xfb, 0xde, 0xfb, 0xde, 0xfb, 0xde, 0xfb, 0xde, 0xfb, 0xde, 0xfb, 0xde,
    0xfb, 0xde, 0xfb, 0xde, 0xfb, 0xde, 0xfb, 0xde, 0xfb, 0xde, 0xfb, 0xde, 0xfb, 0xde, 0xfb, 0xde,
    0xfb, 0xde, 0xfb, 0xde, 0xfb, 0xde, 0xfb, 0xde, 0xfb, 0xde, 0xfb, 0xde, 0xfb, 0xde, 0xfb, 0xde,
    0xfb, 0xde, 0xfb, 0xde, 0xfb, 0xde, 0xfb, 0xde, 0xfb, 0xde, 0xfb, 0xde, 0xfb, 0xde, 0xfb, 0xde,
    0xfb, 0xde, 0xfb, 0xde, 0xfb, 0xde, 0xfb, 0xde, 0xfb, 0xde, 0xfb, 0xde, 0xfb, 0xde, 0xfb, 0xde,
    0xfb, 0xde, 0xfb, 0xde, 0xfb, 0xde, 0xfb, 0xde, 0xfb, 0xde, 0xfb, 0xde, 0xfb, 0xde, 0xfb, 0xde,
    0xfb, 0xde, 0xfb, 0xde, 0xfb, 0xde, 0xfb, 0xde, 0xfb, 0xde, 0xfb, 0xde, 0x9a, 0xd6, 0xd7, 0xb5,
    0x08, 0x42, 0x04, 0x21, 0x56, 0xad, 0xfb, 0xde, 0x56, 0xad, 0x31, 0x84, 0x51, 0x8c, 0xb3, 0x94,
    0x92, 0x8c, 0x20, 0x00, 0x0a, 0x19, 0x92, 0x21, 0x93, 0x21, 0xc9, 0x10, 0xe3, 0x18, 0xd8, 0xbd,
    0x35, 0xa5, 0xf4, 0x9c, 0xd4, 0x94, 0xd8, 0xbd, 0xfb, 0xde, 0x51, 0x84, 0xa2, 0x10, 0x49, 0x4a,
    0xd7, 0xb5, 0x9a, 0xd6, 0xfb, 0xde, 0xfb, 0xde, 0xfb, 0xde, 0xfb, 0xde, 0xfb, 0xde, 0xfb, 0xde,
    0xfb, 0xde, 0xfb, 0xde, 0xfb, 0xde, 0xfb, 0xde, 0xfb, 0xde, 0xfb, 0xde, 0xfb, 0xde, 0xfb, 0xde,
    0xfb, 0xde, 0xfb, 0xde, 0xfb, 0xde, 0xfb, 0xde, 0xfb, 0xde, 0xfb, 0xde, 0xfb, 0xde, 0xfb, 0xde,
    0xfb, 0xde, 0xfb, 0xde, 0xfb, 0xde, 0xfb, 0xde, 0xfb, 0xde, 0xfb, 0xde, 0xfb, 0xde, 0xfb, 0xde,
    0xfb, 0xde, 0xfb, 0xde, 0xfb, 0xde, 0xfb, 0xde, 0xfb, 0xde, 0xfb, 0xde, 0xfb, 0xde, 0xfb, 0xde,
    0xfb, 0xde, 0xfb, 0xde, 0xfb, 0xde, 0xfb, 0xde, 0xfb, 0xde, 0xfb, 0xde, 0xfb, 0xde, 0xfb, 0xde,
    0xfb, 0xde, 0xfb, 0xde, 0xfb, 0xde, 0xfb, 0xde, 0xfb, 0xde, 0xfb, 0xde, 0xfb, 0xde, 0xfb, 0xde,
    0xfb, 0xde, 0xfb, 0xde, 0xfb, 0xde, 0xfb, 0xde, 0xfb, 0xde, 0xfb, 0xde, 0xfb, 0xde, 0xfb, 0xde,
    0xfb, 0xde, 0xfb, 0xde, 0xfb, 0xde, 0xfb, 0xde, 0xfb, 0xde, 0xfb, 0xde, 0xfb, 0xde, 0xfb, 0xde,
    0xfb, 0xde, 0xfb, 0xde, 0x9a, 0xd6, 0xd7, 0xb5, 0x28, 0x42, 0x04, 0x21, 0x56, 0xad, 0xfb, 0xde,
    0x55, 0xad, 0x31, 0x84, 0x51, 0x8c, 0xb3, 0x94, 0x72, 0x8c, 0x20, 0x00, 0x0a, 0x19, 0x92, 0x21,
    0x93, 0x21, 0xc9, 0x10, 0xe2, 0x18, 0xd8, 0xb5, 0x15, 0xa5, 0xf4, 0x9c, 0xd4, 0x94, 0xd8, 0xbd,
    0xdb, 0xde, 0x31, 0x84, 0xa2, 0x10, 0x49, 0x4a, 0xd7, 0xb5, 0xba, 0xd6, 0xfb, 0xde, 0xdb, 0xde,
    0xfb, 0xde, 0xfb, 0xde, 0xfb, 0xde, 0xfb, 0xde, 0xfb, 0xde, 0xfb, 0xde, 0xfb, 0xde, 0xfb, 0xde,
    0xfb, 0xde, 0xfb, 0xde, 0xfb, 0xde, 0xfb, 0xde, 0xfb, 0xde, 0xfb, 0xde, 0xfb, 0xde, 0xfb, 0xde,
    0xfb, 0xde, 0xfb, 0xde, 0xfb, 0xde, 0xfb, 0xde, 0xfb, 0xde, 0xfb, 0xde, 0xfb, 0xde, 0xfb, 0xde,
    0xfb, 0xde, 0xfb, 0xde, 0xfb, 0xde, 0xfb, 0xde, 0xfb, 0xde, 0xfb, 0xde, 0xfb, 0xde, 0xfb, 0xde,
    0xfb, 0xde, 0xfb, 0xde, 0xfb, 0xde, 0xfb, 0xde, 0xfb, 0xde, 0xfb, 0xde, 0xfb, 0xde, 0xfb, 0xde,
    0xfb, 0xde, 0xfb, 0xde, 0xfb, 0xde, 0xfb, 0xde, 0xfb, 0xde, 0xfb, 0xde, 0xfb, 0xde, 0xfb, 0xde,
    0xfb, 0xde, 0xdb, 0xde, 0xfb, 0xde, 0xfb, 0xde, 0xfb, 0xde, 0xfb, 0xde, 0xfb, 0xde, 0xfb, 0xde,
    0xfb, 0xde, 0xfb, 0xde, 0xfb, 0xde, 0xfb, 0xde, 0xfb, 0xde, 0xfb, 0xde, 0xfb, 0xde, 0xfb, 0xde,
    0xfb, 0xde, 0xfb, 0xde, 0xfb, 0xde, 0xfb, 0xde, 0xfb, 0xde, 0xfb, 0xde, 0xba, 0xd6, 0xd7, 0xb5,
    0x08, 0x42, 0x04, 0x21, 0x76, 0xad, 0xfb, 0xde, 0x55, 0xad, 0x31, 0x84, 0x51, 0x84, 0xb3, 0x94,
    0x92, 0x8c, 0x20, 0x00, 0x0a, 0x19, 0x92, 0x21, 0x93, 0x21, 0xc9, 0x10, 0xe2, 0x18, 0xd7, 0xb5,
    0x35, 0xa5, 0xf4, 0x9c, 0xd4, 0x94, 0xd8, 0xbd, 0xdb, 0xde, 0x51, 0x84, 0xa2, 0x10, 0x69, 0x4a,
    0xd7, 0xb5, 0xba, 0xd6, 0xfb, 0xde, 0xdb, 0xde, 0xfb, 0xde, 0xfb, 0xde, 0xfb, 0xde, 0xfb, 0xde,
    0xfb, 0xde, 0xfb, 0xde, 0xfb, 0xde, 0xfb, 0xde, 0xfb, 0xde, 0xfb, 0xde, 0xfb, 0xde, 0xfb, 0xde,
    0xfb, 0xde, 0xfb, 0xde, 0xfb, 0xde, 0xfb, 0xde, 0xfb, 0xde, 0xfb, 0xde, 0xfb, 0xde, 0xfb, 0xde,
    0xfb, 0xde, 0xfb, 0xde, 0xfb, 0xde, 0xfb, 0xde, 0xfb, 0xde, 0xfb, 0xde, 0xfb, 0xde, 0xfb, 0xde,
    0xfb, 0xde, 0xfb, 0xde, 0xfb, 0xde, 0xfb, 0xde, 0xfb, 0xde, 0xfb, 0xde, 0xfb, 0xde, 0xfb, 0xde,
    0xfb, 0xde, 0xfb, 0xde, 0xfb, 0xde, 0xfb, 0xde, 0xfb, 0xde, 0xfb, 0xde, 0xfb, 0xde, 0xfb, 0xde,
    0xfb, 0xde, 0xfb, 0xde, 0xfb, 0xde, 0xfb, 0xde, 0xfb, 0xde, 0xdb, 0xde, 0xfb, 0xde, 0xfb, 0xde,
    0xfb, 0xde, 0xfb, 0xde, 0xfb, 0xde, 0xfb, 0xde, 0xfb, 0xde, 0xfb, 0xde, 0xfb, 0xde, 0xfb, 0xde,
    0xfb, 0xde, 0xfb, 0xde, 0xfb, 0xde, 0xfb, 0xde, 0xfb, 0xde, 0xfb, 0xde, 0xfb, 0xde, 0xfb, 0xde,
    0xfb, 0xde, 0xfb, 0xde, 0x9a, 0xd6, 0xd7, 0xb5, 0x08, 0x42, 0x04, 0x21, 0x76, 0xad, 0xfc, 0xde,
    0x55, 0xad, 0x31, 0x84, 0x51, 0x84, 0xb3, 0x94, 0x92, 0x8c, 0x20, 0x00, 0x0a, 0x19, 0x92, 0x21,
    0x93, 0x21, 0xc9, 0x10, 0xe2, 0x18, 0xd8, 0xbd, 0x35, 0xa5, 0xf4, 0x9c, 0xd4, 0x94, 0xd8, 0xbd,
    0xdb, 0xde, 0x51, 0x8c, 0xa2, 0x10, 0x49, 0x4a, 0xd7, 0xb5, 0xba, 0xd6, 0xfb, 0xde, 0xdb, 0xde,
    0xfb, 0xde, 0xfb, 0xde, 0xfb, 0xde, 0xfb, 0xde, 0xfb, 0xde, 0xfb, 0xde, 0xfb, 0xde, 0xfb, 0xde,
    0xfb, 0xde, 0xfb, 0xde, 0xfb, 0xde, 0xfb, 0xde, 0xfb, 0xde, 0xfb, 0xde, 0xfb, 0xde, 0xfb, 0xde,
    0xfb, 0xde, 0xfb, 0xde, 0xfb, 0xde, 0xfb, 0xde, 0xfb, 0xde, 0xfb, 0xde, 0xfb, 0xde, 0xfb, 0xde,
    0xfb, 0xde, 0xfb, 0xde, 0xfb, 0xde, 0xfb, 0xde, 0xfb, 0xde, 0xfb, 0xde, 0xfb, 0xde, 0xfb, 0xde,
    0xfb, 0xde, 0xfb, 0xde, 0xfb, 0xde, 0xfb, 0xde, 0xfb, 0xde, 0xfb, 0xde, 0xfb, 0xde, 0xfb, 0xde,
    0xfb, 0xde, 0xfb, 0xde, 0xfb, 0xde, 0xfb, 0xde, 0xfb, 0xde, 0xfb, 0xde, 0xfb, 0xde, 0xfb, 0xde,
    0xfb, 0xde, 0xfb, 0xde, 0xfb, 0xde, 0xfb, 0xde, 0xfb, 0xde, 0xfb, 0xde, 0xfb, 0xde, 0xfb, 0xde,
    0xfb, 0xde, 0xfb, 0xde, 0xfb, 0xde, 0xfb, 0xde, 0xfb, 0xde, 0xfb, 0xde, 0xfb, 0xde, 0xfb, 0xde,
    0xfb, 0xde, 0xfb, 0xde, 0xfb, 0xde, 0xfb, 0xde, 0xfb, 0xde, 0xfb, 0xde, 0xba, 0xd6, 0xd7, 0xb5,
    0x08, 0x42, 0x04, 0x21, 0x76, 0xad, 0xfb, 0xde, 0x55, 0xad, 0x31, 0x84, 0x51, 0x84, 0xb3, 0x94,
    0x92, 0x8c, 0x20, 0x00, 0x0a, 0x19, 0x92, 0x21, 0x93, 0x21, 0xc9, 0x10, 0xe2, 0x18, 0xd8, 0xbd,
    0x35, 0xa5, 0xf4, 0x9c, 0xd4, 0x94, 0xd8, 0xbd, 0xdb, 0xde, 0x52, 0x8c, 0xa2, 0x10, 0x49, 0x4a,
    0xd7, 0xb5, 0x9a, 0xd6, 0xfb, 0xde, 0xdb, 0xde, 0xfb, 0xde, 0xfb, 0xde, 0xfb, 0xde, 0xfb, 0xde,
    0xfb, 0xde, 0xfb, 0xde, 0xfb, 0xde, 0xfb, 0xde, 0xfb, 0xde, 0xfb, 0xde, 0xfb, 0xde, 0xfb, 0xde,
    0xfb, 0xde, 0xfb, 0xde, 0xfb, 0xde, 0xfb, 0xde, 0xfb, 0xde, 0xfb, 0xde, 0xfb, 0xde, 0xfb, 0xde,
    0xfb, 0xde, 0xfb, 0xde, 0xfb, 0xde, 0xfb, 0xde, 0xfb, 0xde, 0xfb, 0xde, 0xfb, 0xde, 0xfb, 0xde,
    0xfb, 0xde, 0xfb, 0xde, 0xfb, 0xde, 0xfb, 0xde, 0xfb, 0xde, 0xfb, 0xde, 0xfb, 0xde, 0xfb, 0xde,
    0xfb, 0xde, 0xfb, 0xde, 0xfb, 0xde, 0xfb, 0xde, 0xfb, 0xde, 0xfb, 0xde, 0xfb, 0xde, 0xfb, 0xde,
    0xfb, 0xde, 0xfb, 0xde, 0xfb, 0xde, 0xfb, 0xde, 0xfb, 0xde, 0xfb, 0xde, 0xfb, 0xde, 0xfb, 0xde,
    0xfb, 0xde, 0xfb, 0xde, 0xfb, 0xde, 0xfb, 0xde, 0xfb, 0xde, 0xfb, 0xde, 0xfb, 0xde, 0xfb, 0xde,
    0xfb, 0xde, 0xfb, 0xde, 0xfb, 0xde, 0xfb, 0xde, 0xfb, 0xde, 0xdb, 0xde, 0xfb, 0xde, 0xfb, 0xde,
    0xfb, 0xde, 0xfb, 0xde, 0xba, 0xd6, 0xd7, 0xb5, 0x08, 0x42, 0x04, 0x21, 0x76, 0xad, 0xfb, 0xde,
    0x55, 0xad, 0x31, 0x84, 0x51, 0x84, 0xb3, 0x94, 0x92, 0x8c, 0x20, 0x00, 0x0a, 0x19, 0x92, 0x21,
    0x93, 0x21, 0xc9, 0x10, 0xe3, 0x18, 0xd8, 0xbd, 0x35, 0xa5, 0xf4, 0x9c, 0xd4, 0x94, 0xd8, 0xbd,
    0xdb, 0xde, 0x51, 0x84, 0xa2, 0x10, 0x49, 0x4a, 0xd7, 0xb5, 0xba, 0xd6, 0xfb, 0xde, 0xfb, 0xde,
    0xfb, 0xde, 0xfb, 0xde, 0xfb, 0xde, 0xfb, 0xde, 0xfb, 0xde, 0xfb, 0xde, 0xfb, 0xde, 0xfb, 0xde,
    0xfb, 0xde, 0xfb, 0xde, 0xfb, 0xde, 0xfb, 0xde, 0xfb, 0xde, 0xfb, 0xde, 0xfb, 0xde, 0xfb, 0xde,
    0xfb, 0xde, 0xfb, 0xde, 0xfb, 0xde, 0xfb, 0xde, 0xfb, 0xde, 0xfb, 0xde, 0xfb, 0xde, 0xfb, 0xde,
    0xfb, 0xde, 0xfb, 0xde, 0xfb, 0xde, 0xfb, 0xde, 0xfb, 0xde, 0xfb, 0xde, 0xfb, 0xde, 0xfb, 0xde,
    0xfb, 0xde, 0xfb, 0xde, 0xfb, 0xde, 0xfb, 0xde, 0xfb, 0xde, 0xfb, 0xde, 0xfb, 0xde, 0xfb, 0xde,
    0xfb, 0xde, 0xfb, 0xde, 0xfb, 0xde, 0xfb, 0xde, 0xfb, 0xde, 0xfb, 0xde, 0xfb, 0xde, 0xfb, 0xde,
    0xfb, 0xde, 0xfb, 0xde, 0xfb, 0xde, 0xfb, 0xde, 0xfb, 0xde, 0xfb, 0xde, 0xfb, 0xde, 0xfb, 0xde,
    0xfb, 0xde, 0xfb, 0xde, 0xfb, 0xde, 0xfb, 0xde, 0xfb, 0xde, 0xfb, 0xde, 0xfb, 0xde, 0xfb, 0xde,
    0xfb, 0xde, 0xfb, 0xde, 0xfb, 0xde, 0xfb, 0xde, 0xfb, 0xde, 0xfb, 0xde, 0x9a, 0xd6, 0xd7, 0xb5,
    0x28, 0x42, 0x04, 0x21, 0x76, 0xad, 0xfb, 0xde, 0x55, 0xad, 0x11, 0x84, 0x51, 0x84, 0xb3, 0x94,
    0x93, 0x8c, 0x20, 0x00, 0x0a, 0x19, 0x92, 0x21, 0x93, 0x21, 0xc9, 0x10, 0xe2, 0x18, 0xd8, 0xbd,
    0x35, 0xa5, 0xf4, 0x9c, 0xd4, 0x94, 0xd8, 0xbd, 0xdb, 0xde, 0x31, 0x84, 0xa2, 0x10, 0x49, 0x4a,
    0xd7, 0xb5, 0x9a, 0xd6, 0xfb, 0xde, 0xfb, 0xde, 0xfb, 0xde, 0xfb, 0xde, 0xfb, 0xde, 0xfb, 0xde,
    0xfb, 0xde, 0xfb, 0xde, 0xfb, 0xde, 0xfb, 0xde, 0xfb, 0xde, 0xfb, 0xde, 0xfb, 0xde, 0xfb, 0xde,
    0xfb, 0xde, 0xfb, 0xde, 0xfb, 0xde, 0xfb, 0xde, 0xfb, 0xde, 0xfb, 0xde, 0xfb, 0xde, 0xfb, 0xde,
    0xfb, 0xde, 0xfb, 0xde, 0xfb, 0xde, 0xfb, 0xde, 0xfb, 0xde, 0xfb, 0xde, 0xfb, 0xde, 0xfb, 0xde,
    0xfb, 0xde, 0xfb, 0xde, 0xfb, 0xde, 0xfb, 0xde, 0xfb, 0xde, 0xfb, 0xde, 0xfb, 0xde, 0xfb, 0xde,
    0xfb, 0xde, 0xfb, 0xde, 0xfb, 0xde, 0xfb, 0xde, 0xfb, 0xde, 0xfb, 0xde, 0xfb, 0xde, 0xfb, 0xde,
    0xfb, 0xde, 0xfb, 0xde, 0xfb, 0xde, 0xfb, 0xde, 0xfb, 0xde, 0xfb, 0xde, 0xfb, 0xde, 0xfb, 0xde,
    0xfb, 0xde, 0xfb, 0xde, 0xfb, 0xde, 0xfb, 0xde, 0xfb, 0xde, 0xfb, 0xde, 0xfb, 0xde, 0xfb, 0xde,
    0xfb, 0xde, 0xfb, 0xde, 0xfb, 0xde, 0xfb, 0xde, 0xfb, 0xde, 0xfb, 0xde, 0xfb, 0xde, 0xfb, 0xde,
    0xfb, 0xde, 0xfb, 0xde, 0xba, 0xd6, 0xd7, 0xb5, 0x08, 0x42, 0x24, 0x21, 0x76, 0xad, 0xfb, 0xde,
    0x55, 0xad, 0x11, 0x84, 0x51, 0x84, 0xb3, 0x94, 0x93, 0x8c, 0x20, 0x00, 0x0a, 0x19, 0x92, 0x21,
    0x93, 0x21, 0xc9, 0x10, 0xe3, 0x18, 0xf8, 0xbd, 0x35, 0xa5, 0xf4, 0x9c, 0xd4, 0x94, 0xd8, 0xbd,
    0xdb, 0xde, 0x31, 0x84, 0xa2, 0x10, 0x49, 0x4a, 0xd7, 0xb5, 0x9a, 0xd6, 0xfb, 0xde, 0xfb, 0xde,
    0xfb, 0xde, 0xfb, 0xde, 0xfb, 0xde, 0xfb, 0xde, 0xfb, 0xde, 0xfb, 0xde, 0xfb, 0xde, 0xfb, 0xde,
    0xfb, 0xde, 0xfb, 0xde, 0xfb, 0xde, 0xfb, 0xde, 0xfb, 0xde, 0xfb, 0xde, 0xfb, 0xde, 0xfb, 0xde,
    0xfb, 0xde, 0xfb, 0xde, 0xfb, 0xde, 0xfb, 0xde, 0xfb, 0xde, 0xfb, 0xde, 0xfb, 0xde, 0xfb, 0xde,
    0xfb, 0xde, 0xfb, 0xde, 0xfb, 0xde, 0xfb, 0xde, 0xfb, 0xde, 0xfb, 0xde, 0xfb, 0xde, 0xfb, 0xde,
    0xfb, 0xde, 0xfb, 0xde, 0xfb, 0xde, 0xfb, 0xde, 0xfb, 0xde, 0xfb, 0xde, 0xfb, 0xde, 0xfb, 0xde,
    0xfb, 0xde, 0xfb, 0xde, 0xfb, 0xde, 0xfb, 0xde, 0xfb, 0xde, 0xfb, 0xde, 0xfb, 0xde, 0xfb, 0xde,
    0xfb, 0xde, 0xfb, 0xde, 0xfb, 0xde, 0xfb, 0xde, 0xfb, 0xde, 0xfb, 0xde, 0xfb, 0xde, 0xfb, 0xde,
    0xfb, 0xde, 0xfb, 0xde, 0xfb, 0xde, 0xfb, 0xde, 0xfb, 0xde, 0xfb, 0xde, 0xfb, 0xde, 0xfb, 0xde,
    0xfb, 0xde, 0xfb, 0xde, 0xfb, 0xde, 0xfb, 0xde, 0xfb, 0xde, 0xfb, 0xde, 0xba, 0xd6, 0xd7, 0xb5,
    0x08, 0x42, 0x04, 0x21, 0x76, 0xad, 0xfc, 0xde, 0x55, 0xad, 0x11, 0x84, 0x51, 0x84, 0xb3, 0x94,
    0x93, 0x8c, 0x20, 0x00, 0x0a, 0x19, 0x92, 0x21, 0x93, 0x21, 0xc9, 0x10, 0xe2, 0x18, 0xd8, 0xbd,
    0x35, 0xa5, 0xf4, 0x9c, 0xd4, 0x9c, 0xd7, 0xbd, 0xdb, 0xde, 0x51, 0x84, 0xa2, 0x10, 0x49, 0x4a,
    0xd7, 0xb5, 0xba, 0xd6, 0xfb, 0xde, 0xfb, 0xde, 0xfb, 0xde, 0xfb, 0xde, 0xfb, 0xde, 0xfb, 0xde,
    0xfb, 0xde, 0xfb, 0xde, 0xfb, 0xde, 0xfb, 0xde, 0xfb, 0xde, 0xfb, 0xde, 0xfb, 0xde, 0xfb, 0xde,
    0xfb, 0xde, 0xfb, 0xde, 0xfb, 0xde, 0xfb, 0xde, 0xfb, 0xde, 0xfb, 0xde, 0xfb, 0xde, 0xfb, 0xde,
    0xfb, 0xde, 0xfb, 0xde, 0xfb, 0xde, 0xfb, 0xde, 0xfb, 0xde, 0xdb, 0xde, 0xfb, 0xde, 0xfb, 0xde,
    0xfb, 0xde, 0xfb, 0xde, 0xfb, 0xde, 0xfb, 0xde, 0xfb, 0xde, 0xfb, 0xde, 0xfb, 0xde, 0xfb, 0xde,
    0xfb, 0xde, 0xfb, 0xde, 0xfb, 0xde, 0xfb, 0xde, 0xfb, 0xde, 0xfb, 0xde, 0xfb, 0xde, 0xfb, 0xde,
    0xfb, 0xde, 0xfb, 0xde, 0xfb, 0xde, 0xfb, 0xde, 0xfb, 0xde, 0xfb, 0xde, 0xfb, 0xde, 0xfb, 0xde,
    0xfb, 0xde, 0xfb, 0xde, 0xfb, 0xde, 0xfb, 0xde, 0xfb, 0xde, 0xfb, 0xde, 0xfb, 0xde, 0xfb, 0xde,
    0xfb, 0xde, 0xfb, 0xde, 0xfb, 0xde, 0xfb, 0xde, 0xfb, 0xde, 0xfb, 0xde, 0xfb, 0xde, 0xfb, 0xde,
    0xfb, 0xde, 0xfb, 0xde, 0xba, 0xd6, 0xd7, 0xb5, 0x08, 0x42, 0x04, 0x21, 0x76, 0xad, 0xfc, 0xde,
    0x55, 0xad, 0x11, 0x84, 0x31, 0x84, 0xb3, 0x94, 0x93, 0x8c, 0x20, 0x00, 0x0a, 0x19, 0x92, 0x21,
    0x93, 0x21, 0xc9, 0x10, 0xe2, 0x18, 0xd8, 0xbd, 0x35, 0xa5, 0xf4, 0x9c, 0xd4, 0x9c, 0xd7, 0xbd,
    0xdb, 0xde, 0x51, 0x84, 0xa2, 0x10, 0x69, 0x4a, 0xd7, 0xbd, 0xba, 0xd6, 0xfb, 0xde, 0xfb, 0xde,
    0xfb, 0xde, 0xfb, 0xde, 0xfb, 0xde, 0xfb, 0xde, 0xfb, 0xde, 0xfb, 0xde, 0xfb, 0xde, 0xfb, 0xde,
    0xfb, 0xde, 0xfb, 0xde, 0xfb, 0xde, 0xfb, 0xde, 0xfb, 0xde, 0xfb, 0xde, 0xfb, 0xde, 0xfb, 0xde,
    0xfb, 0xde, 0xfb, 0xde, 0xdb, 0xde, 0xdb, 0xde, 0xdb, 0xde, 0xdb, 0xde, 0xdb, 0xde, 0xdb, 0xde,
    0xdb, 0xde, 0xdb, 0xde, 0xdb, 0xde, 0xdb, 0xde, 0xdb, 0xde, 0xdb, 0xde, 0xdb, 0xde, 0xdb, 0xde,
    0xdb, 0xde, 0xdb, 0xde, 0xdb, 0xde, 0xdb, 0xde, 0xdb, 0xde, 0xdb, 0xde, 0xdb, 0xde, 0xdb, 0xde,
    0xdb, 0xde, 0xdb, 0xde, 0xdb, 0xde, 0xdb, 0xde, 0xdb, 0xde, 0xfb, 0xde, 0xfb, 0xde, 0xdb, 0xde,
    0xdb, 0xde, 0xdb, 0xde, 0xdb, 0xde, 0xdb, 0xde, 0xdb, 0xde, 0xdb, 0xde, 0xdb, 0xde, 0xdb, 0xde,
    0xdb, 0xde, 0xdb, 0xde, 0xfb, 0xde, 0xfb, 0xde, 0xfb, 0xde, 0xfb, 0xde, 0xfb, 0xde, 0xfb, 0xde,
    0xfb, 0xde, 0xfb, 0xde, 0xfb, 0xde, 0xfb, 0xde, 0xfb, 0xde, 0xfb, 0xde, 0xba, 0xd6, 0xd7, 0xb5,
    0x28, 0x42, 0x04, 0x21, 0x76, 0xad, 0xfc, 0xde, 0x55, 0xad, 0x11, 0x84, 0x31, 0x84, 0xb3, 0x94,
    0x93, 0x8c, 0x20, 0x00, 0x0a, 0x19, 0x92, 0x21, 0x93, 0x21, 0xc9, 0x10, 0xe3, 0x18, 0xd8, 0xbd,
    0x35, 0xa5, 0x14, 0x9d, 0xd4, 0x9c, 0xd8, 0xbd, 0xdb, 0xde, 0x51, 0x84, 0xa2, 0x10, 0x69, 0x4a,
    0xd7, 0xb5, 0x9a, 0xd6, 0xfb, 0xde, 0xfb, 0xde, 0xfb, 0xde, 0xfb, 0xde, 0xfb, 0xde, 0xfb, 0xde,
    0xfb, 0xde, 0xfb, 0xde, 0xfb, 0xde, 0xfb, 0xde, 0xfb, 0xde, 0xfb, 0xde, 0xfb, 0xde, 0xfb, 0xde,
    0xfb, 0xde, 0xfb, 0xde, 0xfb, 0xde, 0xfb, 0xde, 0xfb, 0xde, 0xdb, 0xde, 0xfb, 0xde, 0x5d, 0xef,
    0x5d, 0xef, 0x5d, 0xef, 0x5d, 0xef, 0x5d, 0xef, 0x5d, 0xef, 0x5d, 0xef, 0x5d, 0xef, 0x5d, 0xef,
    0x5d, 0xef, 0x5d, 0xef, 0x5d, 0xef, 0x5d, 0xef, 0x5d, 0xef, 0x5d, 0xef, 0x5d, 0xef, 0x5d, 0xef,
    0x5d, 0xef, 0x5d, 0xef, 0x5d, 0xef, 0x5d, 0xef, 0x5d, 0xef, 0x5d, 0xef, 0x5d, 0xef, 0x5d, 0xef,
    0x1c, 0xe7, 0xdb, 0xde, 0xfb, 0xde, 0x1c, 0xe7, 0x1c, 0xe7, 0x1c, 0xe7, 0x1c, 0xe7, 0x1c, 0xe7,
    0x1c, 0xe7, 0x1c, 0xe7, 0x1c, 0xe7, 0x1c, 0xe7, 0x1c, 0xe7, 0x1c, 0xe7, 0xfb, 0xde, 0xfb, 0xde,
    0xfb, 0xde, 0xfb, 0xde, 0xfb, 0xde, 0xfb, 0xde, 0xfb, 0xde, 0xfb, 0xde, 0xfb, 0xde, 0xfb, 0xde,
    0xfb, 0xde, 0xfb, 0xde, 0xba, 0xd6, 0xd7, 0xb5, 0x08, 0x42, 0x04, 0x21, 0x56, 0xad, 0xfb, 0xde,
    0x55, 0xad, 0x11, 0x84, 0x51, 0x84, 0xb3, 0x94, 0x93, 0x8c, 0x20, 0x00, 0x0a, 0x19, 0x92, 0x21,
    0x93, 0x21, 0xc9, 0x10, 0xe2, 0x18, 0xd8, 0xbd, 0x35, 0xa5, 0xf4, 0x9c, 0xd4, 0x9c, 0xf8, 0xbd,
    0xdb, 0xde, 0x51, 0x84, 0xa2, 0x10, 0x69, 0x4a, 0xd7, 0xbd, 0x9a, 0xd6, 0xfb, 0xde, 0xfb, 0xde,
    0xfb, 0xde, 0xfb, 0xde, 0xfb, 0xde, 0xfb, 0xde, 0xfb, 0xde, 0xfb, 0xde, 0xfb, 0xde, 0xfb, 0xde,
    0xfb, 0xde, 0xfb, 0xde, 0xfb, 0xde, 0xfb, 0xde, 0xfb, 0xde, 0xfb, 0xde, 0xfb, 0xde, 0xfb, 0xde,
    0xdb, 0xde, 0x1c, 0xe7, 0x79, 0xce, 0xb2, 0x94, 0xb2, 0x94, 0xb2, 0x9c, 0xb2, 0x94, 0xb2, 0x94,
    0xb2, 0x9c, 0xb2, 0x94, 0xb2, 0x9c, 0xb2, 0x9c, 0xb2, 0x94, 0xb2, 0x9c, 0xb2, 0x94, 0xb2, 0x94,
    0xb2, 0x94, 0xb2, 0x94, 0xb2, 0x94, 0xb2, 0x9c, 0xb2, 0x9c, 0xb2, 0x94, 0xb2, 0x94, 0xb2, 0x94,
    0xb2, 0x94, 0xb2, 0x94, 0xb2, 0x94, 0x92, 0x94, 0x18, 0xc6, 0x3c, 0xe7, 0x79, 0xce, 0xb3, 0x94,
    0xd3, 0x9c, 0xd3, 0x94, 0xb3, 0x94, 0xb3, 0x94, 0xb3, 0x94, 0xb3, 0x94, 0xd3, 0x94, 0xd3, 0x94,
    0xd3, 0x94, 0xb3, 0x94, 0x39, 0xc6, 0x1c, 0xe7, 0xfb, 0xde, 0xfb, 0xde, 0xfb, 0xde, 0xfb, 0xde,
    0xfb, 0xde, 0xfb, 0xde, 0xfb, 0xde, 0xfb, 0xde, 0xfb, 0xde, 0xfb, 0xde, 0xba, 0xd6, 0xd7, 0xbd,
    0x08, 0x42, 0x04, 0x21, 0x56, 0xad, 0xfb, 0xde, 0x55, 0xad, 0x11, 0x84, 0x51, 0x84, 0xb3, 0x94,
    0x93, 0x8c, 0x20, 0x00, 0x0a, 0x19, 0x92, 0x21, 0x93, 0x21, 0xc9, 0x10, 0xe2, 0x18, 0xd8, 0xbd,
    0x35, 0xa5, 0xf4, 0x9c, 0xd4, 0x9c, 0xd8, 0xbd, 0xdb, 0xde, 0x51, 0x84, 0xa2, 0x10, 0x69, 0x4a,
    0xd7, 0xbd, 0xba, 0xd6, 0xfb, 0xde, 0xfb, 0xde, 0xfb, 0xde, 0xfb, 0xde, 0xfb, 0xde, 0xfb, 0xde,
    0xfb, 0xde, 0xfb, 0xde, 0xfb, 0xde, 0xfb, 0xde, 0xfb, 0xde, 0xfb, 0xde, 0xfb, 0xde, 0xfb, 0xde,
    0xfb, 0xde, 0xfb, 0xde, 0xfb, 0xde, 0xfb, 0xde, 0xdb, 0xde, 0xfb, 0xde, 0xb2, 0x94, 0x01, 0x00,
    0x21, 0x00, 0x21, 0x00, 0x21, 0x00, 0x21, 0x00, 0x21, 0x00, 0x21, 0x00, 0x21, 0x00, 0x21, 0x00,
    0x21, 0x00, 0x21, 0x00, 0x21, 0x00, 0x21, 0x00, 0x21, 0x00, 0x21, 0x00, 0x21, 0x00, 0x21, 0x00,
    0x21, 0x00, 0x21, 0x00, 0x21, 0x00, 0x21, 0x00, 0x21, 0x00, 0x21, 0x00, 0x42, 0x00, 0x00, 0x00,
    0x8e, 0x73, 0x1c, 0xe7, 0x7a, 0xce, 0x14, 0xa5, 0x14, 0xa5, 0x14, 0xa5, 0xf4, 0xa4, 0x14, 0x9d,
    0x14, 0x9d, 0x14, 0x9d, 0x14, 0x9d, 0x14, 0xa5, 0x14, 0xa5, 0x14, 0x9d, 0x59, 0xce, 0xfc, 0xde,
    0xdb, 0xde, 0xfb, 0xde, 0xfb, 0xde, 0xfb, 0xde, 0xfb, 0xde, 0xfb, 0xde, 0xfb, 0xde, 0xfb, 0xde,
    0xfb, 0xde, 0xfb, 0xde, 0xba, 0xd6, 0xd8, 0xbd, 0x28, 0x42, 0x04, 0x21, 0x56, 0xad, 0xfb, 0xde,
    0x55, 0xad, 0x11, 0x84, 0x31, 0x84, 0xb3, 0x94, 0x93, 0x94, 0x20, 0x00, 0x0a, 0x19, 0x92, 0x21,
    0x93, 0x21, 0xc9, 0x10, 0xe2, 0x18, 0xd8, 0xbd, 0x35, 0xa5, 0xf4, 0x9c, 0xd4, 0x94, 0xd8, 0xbd,
    0xdb, 0xde, 0x51, 0x84, 0xa2, 0x10, 0x49, 0x4a, 0xd7, 0xb5, 0xba, 0xd6, 0xfb, 0xde, 0xfb, 0xde,
    0xfb, 0xde, 0xfb, 0xde, 0xfb, 0xde, 0xfb, 0xde, 0xfb, 0xde, 0xfb, 0xde, 0xfb, 0xde, 0xfb, 0xde,
    0xfb, 0xde, 0xfb, 0xde, 0xfb, 0xde, 0xfb, 0xde, 0xfb, 0xde, 0xfb, 0xde, 0xfb, 0xde, 0xdb, 0xde,
    0x9e, 0xf7, 0xad, 0x7b, 0xc6, 0x08, 0x1d, 0x5d, 0x7d, 0x6d, 0x3d, 0x5d, 0x5d, 0x5d, 0x3d, 0x5d,
    0x3d, 0x5d, 0x5d, 0x5d, 0x5d, 0x5d, 0x5d, 0x5d, 0x5d, 0x5d, 0x3d, 0x5d, 0x3d, 0x5d, 0x5d, 0x5d,
    0x5d, 0x5d, 0x3d, 0x5d, 0x3d, 0x5d, 0x3d, 0x5d, 0x3d, 0x5d, 0x3d, 0x5d, 0x3d, 0x5d, 0x3d, 0x5d,
    0x5d, 0x5d, 0x5d, 0x5d, 0x3d, 0x5d, 0xbd, 0x4c, 0x07, 0x09, 0xca, 0x5a, 0x9e, 0xf7, 0xfb, 0xde,
    0x1c, 0xe7, 0x1c, 0xe7, 0x1c, 0xe7, 0x1c, 0xe7, 0x1c, 0xe7, 0x1c, 0xe7, 0x1c, 0xe7, 0x1c, 0xe7,
    0x1c, 0xe7, 0x1c, 0xe7, 0xfb, 0xde, 0xfb, 0xde, 0xfb, 0xde, 0xfb, 0xde, 0xfb, 0xde, 0xfb, 0xde,
    0xfb, 0xde, 0xfb, 0xde, 0xfb, 0xde, 0xfb, 0xde, 0xfb, 0xde, 0xfb, 0xde, 0xba, 0xd6, 0xd8, 0xbd,
    0x28, 0x42, 0x04, 0x21, 0x76, 0xad, 0xfb, 0xde, 0x55, 0xad, 0x31, 0x84, 0x51, 0x84, 0xb3, 0x94,
    0x93, 0x94, 0x20, 0x00, 0x0a, 0x19, 0x92, 0x21, 0x93, 0x21, 0xc9, 0x10, 0xe2, 0x18, 0xd8, 0xbd,
    0x35, 0xa5, 0xf4, 0x9c, 0xd4, 0x94, 0xd7, 0xbd, 0xdb, 0xde, 0x52, 0x8c, 0xa3, 0x10, 0x69, 0x4a,
    0xd7, 0xbd, 0x9a, 0xd6, 0xfb, 0xde, 0xfb, 0xde, 0xfb, 0xde, 0xfb, 0xde, 0xfb, 0xde, 0xfb, 0xde,
    0xfb, 0xde, 0xfb, 0xde, 0xfb, 0xde, 0xfb, 0xde, 0xdb, 0xde, 0xfb, 0xde, 0xfb, 0xde, 0xfb, 0xde,
    0xfb, 0xde, 0xfb, 0xde, 0xdb, 0xde, 0x1c, 0xe7, 0x2c, 0x6b, 0x6d, 0x32, 0xf9, 0x3b, 0x5f, 0x55,
    0xff, 0x6d, 0xdf, 0x65, 0xdf, 0x65, 0xdf, 0x65, 0xdf, 0x65, 0xdf, 0x65, 0xdf, 0x65, 0xdf, 0x65,
    0xdf, 0x65, 0xdf, 0x65, 0xdf, 0x65, 0xdf, 0x65, 0xdf, 0x65, 0xdf, 0x65, 0xdf, 0x65, 0xdf, 0x65,
    0xdf, 0x65, 0xdf, 0x65, 0xdf, 0x65, 0xdf, 0x65, 0xdf, 0x65, 0xdf, 0x65, 0xdf, 0x65, 0x1f, 0x55,
    0x16, 0x23, 0x07, 0x11, 0x50, 0x8c, 0x3c, 0xe7, 0xdb, 0xde, 0xfb, 0xde, 0xdb, 0xde, 0xfb, 0xde,
    0xfb, 0xde, 0xfb, 0xde, 0xfb, 0xde, 0xfb, 0xde, 0xfb, 0xde, 0xdb, 0xde, 0xfb, 0xde, 0xfb, 0xde,
    0xfb, 0xde, 0xfb, 0xde, 0xfb, 0xde, 0xfb, 0xde, 0xfb, 0xde, 0xfb, 0xde, 0xfb, 0xde, 0xfb, 0xde,
    0xfb, 0xde, 0xfb, 0xde, 0x9a, 0xd6, 0xd7, 0xbd, 0x28, 0x42, 0x04, 0x21, 0x76, 0xad, 0xfb, 0xde,
    0x55, 0xad, 0x31, 0x84, 0x51, 0x84, 0xb3, 0x94, 0x93, 0x8c, 0x20, 0x00, 0x0a, 0x19, 0x92, 0x21,
    0x93, 0x21, 0xc9, 0x10, 0xe2, 0x18, 0xd8, 0xb5, 0x35, 0xa5, 0xf4, 0x9c, 0xd4, 0x94, 0xd7, 0xbd,
    0xdb, 0xde, 0x52, 0x8c, 0xa3, 0x10, 0x49, 0x4a, 0xd7, 0xb5, 0x9a, 0xd6, 0xfb, 0xde, 0xfb, 0xde,
    0xfb, 0xde, 0xfb, 0xde, 0xfb, 0xde, 0xfb, 0xde, 0xfb, 0xde, 0xfb, 0xde, 0xfb, 0xde, 0xfb, 0xde,
    0xfb, 0xde, 0xfb, 0xde, 0xfb, 0xde, 0xfb, 0xde, 0xfb, 0xde, 0xfb, 0xde, 0xdb, 0xde, 0x3c, 0xe7,
    0x24, 0x29, 0xad, 0x09, 0xff, 0x4c, 0x7f, 0x65, 0x3f, 0x7e, 0xbf, 0x65, 0xdf, 0x65, 0xdf, 0x6d,
    0xff, 0x6d, 0xdf, 0x6d, 0xdf, 0x6d, 0xdf, 0x6d, 0xdf, 0x6d, 0xff, 0x6d, 0xff, 0x6d, 0xff, 0x6d,
    0xff, 0x6d, 0xff, 0x6d, 0xdf, 0x6d, 0xdf, 0x6d, 0xdf, 0x6d, 0xff, 0x6d, 0xdf, 0x6d, 0xdf, 0x6d,
    0xdf, 0x6d, 0xdf, 0x6d, 0xff, 0x6d, 0x7c, 0x44, 0x7a, 0x23, 0x65, 0x00, 0xca, 0x5a, 0x9e, 0xef,
    0x14, 0xa5, 0x51, 0x84, 0x71, 0x8c, 0x52, 0x8c, 0x72, 0x8c, 0x72, 0x8c, 0x72, 0x8c, 0x72, 0x8c,
    0x72, 0x8c, 0x72, 0x8c, 0x92, 0x94, 0x31, 0x84, 0xf7, 0xbd, 0x1c, 0xe7, 0xdb, 0xde, 0xfb, 0xde,
    0xfb, 0xde, 0xfb, 0xde, 0xfb, 0xde, 0xfb, 0xde, 0xfb, 0xde, 0xfb, 0xde, 0x9a, 0xd6, 0xd7, 0xbd,
    0x28, 0x42, 0x04, 0x21, 0x76, 0xad, 0xfb, 0xde, 0x55, 0xad, 0x31, 0x84, 0x51, 0x84, 0xb3, 0x94,
    0x92, 0x8c, 0x20, 0x00, 0x0a, 0x19, 0x92, 0x21, 0x93, 0x21, 0xc9, 0x10, 0xe2, 0x18, 0xd8, 0xbd,
    0x35, 0xa5, 0xf4, 0x9c, 0xd4, 0x94, 0xd7, 0xbd, 0xdb, 0xde, 0x51, 0x84, 0xa2, 0x10, 0x49, 0x4a,
    0xb7, 0xb5, 0xba, 0xd6, 0xfb, 0xde, 0xfb, 0xde, 0xfb, 0xde, 0xfb, 0xde, 0xfb, 0xde, 0xfb, 0xde,
    0xdb, 0xde, 0xfb, 0xde, 0xfb, 0xde, 0xfb, 0xde, 0xfb, 0xde, 0xfb, 0xde, 0xfb, 0xde, 0xfb, 0xde,
    0xfb, 0xde, 0xfb, 0xde, 0xdb, 0xde, 0x3c, 0xe7, 0x85, 0x31, 0x4b, 0x09, 0xbb, 0x2b, 0xdd, 0x4c,
    0xff, 0x6d, 0xbf, 0x65, 0x5f, 0x5d, 0xfd, 0x4c, 0x7c, 0x44, 0x7c, 0x44, 0x7c, 0x44, 0x7d, 0x44,
    0x7d, 0x44, 0x7d, 0x44, 0x7d, 0x44, 0x7d, 0x44, 0x7d, 0x44, 0x7d, 0x44, 0x7d, 0x44, 0x7d, 0x44,
    0x7d, 0x44, 0x7d, 0x44, 0x7d, 0x44, 0x7d, 0x44, 0x7d, 0x44, 0x7c, 0x44, 0x9d, 0x44, 0x58, 0x23,
    0x96, 0x0a, 0x45, 0x00, 0x0b, 0x63, 0x7d, 0xef, 0xf8, 0xbd, 0x76, 0xad, 0xb6, 0xb5, 0x96, 0xb5,
    0x96, 0xb5, 0x96, 0xb5, 0x96, 0xb5, 0x96, 0xb5, 0x96, 0xb5, 0x96, 0xb5, 0xb6, 0xb5, 0x96, 0xb5,
    0x59, 0xce, 0xfb, 0xde, 0xdb, 0xde, 0xfb, 0xde, 0xdb, 0xde, 0xdb, 0xde, 0xfb, 0xde, 0xfb, 0xde,
    0xdb, 0xde, 0xfb, 0xde, 0x9a, 0xd6, 0xd8, 0xbd, 0x28, 0x42, 0x04, 0x21, 0x76, 0xad, 0xfb, 0xde,
    0x56, 0xad, 0x31, 0x84, 0x51, 0x84, 0xb3, 0x94, 0x92, 0x8c, 0x20, 0x00, 0x0a, 0x19, 0x92, 0x21,
    0x93, 0x21, 0xc9, 0x10, 0xe2, 0x18, 0xd8, 0xbd, 0x35, 0xa5, 0xf4, 0x9c, 0xd4, 0x94, 0xd7, 0xbd,
    0xdb, 0xde, 0x51, 0x84, 0xa2, 0x10, 0x49, 0x4a, 0xd7, 0xb5, 0x9a, 0xd6, 0xfb, 0xde, 0xfb, 0xde,
    0xfb, 0xde, 0xfb, 0xde, 0xfb, 0xde, 0xdb, 0xde, 0xfb, 0xde, 0xfb, 0xde, 0xdb, 0xde, 0xfb, 0xde,
    0xfb, 0xde, 0xfb, 0xde, 0xfb, 0xde, 0xfb, 0xde, 0xdb, 0xde, 0xfb, 0xde, 0xdb, 0xde, 0x3c, 0xe7,
    0x65, 0x31, 0x6c, 0x09, 0x9b, 0x2b, 0x1b, 0x34, 0xbf, 0x65, 0x9f, 0x5d, 0x9d, 0x44, 0xfc, 0x33,
    0x9b, 0x2b, 0x9b, 0x2b, 0x9b, 0x2b, 0x9b, 0x2b, 0x9b, 0x2b, 0x9b, 0x2b, 0x9b, 0x2b, 0x9b, 0x2b,
    0x9b, 0x2b, 0x9b, 0x2b, 0x9b, 0x2b, 0x9b, 0x2b, 0x9b, 0x2b, 0x9b, 0x2b, 0xbb, 0x2b, 0x9b, 0x2b,
    0x9b, 0x2b, 0x9b, 0x2b, 0xbb, 0x2b, 0xd7, 0x12, 0x96, 0x12, 0x45, 0x00, 0x0b, 0x63, 0x5d, 0xef,
    0xfb, 0xde, 0x1c, 0xe7, 0x1c, 0xe7, 0x1c, 0xe7, 0x1c, 0xe7, 0x1c, 0xe7, 0x1c, 0xe7, 0x1c, 0xe7,
    0x1c, 0xe7, 0x1c, 0xe7, 0x1c, 0xe7, 0x1c, 0xe7, 0xfb, 0xde, 0xdb, 0xde, 0xfb, 0xde, 0xfb, 0xde,
    0xdb, 0xde, 0xfb, 0xde, 0xdb, 0xde, 0xdb, 0xde, 0xfb, 0xde, 0xfb, 0xde, 0x9a, 0xd6, 0xd8, 0xbd,
    0x28, 0x42, 0x04, 0x21, 0x76, 0xad, 0xfb, 0xde, 0x56, 0xad, 0x31, 0x84, 0x51, 0x84, 0xb3, 0x94,
    0x92, 0x8c, 0x20, 0x00, 0x0a, 0x19, 0x92, 0x21, 0x93, 0x21, 0xc9, 0x10, 0xe2, 0x18, 0xd8, 0xb5,
    0x15, 0xa5, 0xf4, 0x9c, 0xd4, 0x94, 0xd7, 0xbd, 0xdb, 0xde, 0x51, 0x84, 0xa2, 0x10, 0x49, 0x4a,
    0xd7, 0xb5, 0x9a, 0xd6, 0xfb, 0xde, 0xfb, 0xde, 0xfb, 0xde, 0xfb, 0xde, 0xfb, 0xde, 0xfb, 0xde,
    0xdb, 0xde, 0xdb, 0xde, 0xdb, 0xde, 0xfb, 0xde, 0xfb, 0xde, 0xdb, 0xde, 0xdb, 0xde, 0xfb, 0xde,
    0xdb, 0xde, 0xfb, 0xde, 0xdb, 0xde, 0x3c, 0xe7, 0x65, 0x31, 0x6c, 0x09, 0x9b, 0x23, 0x3b, 0x3c,
    0xbf, 0x65, 0xfe, 0x4c, 0xfc, 0x33, 0xbb, 0x2b, 0xbb, 0x2b, 0xdb, 0x2b, 0xdb, 0x2b, 0xdb, 0x2b,
    0xdb, 0x2b, 0xdb, 0x2b, 0xdb, 0x2b, 0xdb, 0x2b, 0xdb, 0x2b, 0xdb, 0x2b, 0xdb, 0x2b, 0xdb, 0x2b,
    0xdb, 0x2b, 0xdb, 0x2b, 0xdb, 0x2b, 0xdb, 0x2b, 0xdb, 0x2b, 0xdb, 0x2b, 0xdc, 0x2b, 0xd7, 0x12,
    0x96, 0x12, 0x45, 0x00, 0x0b, 0x63, 0x7d, 0xef, 0xdb, 0xde, 0x1c, 0xe7, 0x1c, 0xe7, 0x1c, 0xe7,
    0x1c, 0xe7, 0x1c, 0xe7, 0xfb, 0xde, 0xdb, 0xde, 0xdb, 0xde, 0xdb, 0xde, 0xdb, 0xde, 0xdb, 0xde,
    0xdb, 0xde, 0xdb, 0xde, 0xfb, 0xde, 0xfb, 0xde, 0xfb, 0xde, 0xfb, 0xde, 0xfb, 0xde, 0xdb, 0xde,
    0xfb, 0xde, 0xfb, 0xde, 0x9a, 0xd6, 0xd8, 0xbd, 0x28, 0x42, 0x04, 0x21, 0x76, 0xad, 0xfb, 0xde,
    0x55, 0xad, 0x31, 0x84, 0x51, 0x8c, 0xb3, 0x94, 0x92, 0x8c, 0x20, 0x00, 0x0a, 0x19, 0x92, 0x21,
    0x93, 0x21, 0xc9, 0x10, 0xe2, 0x18, 0xd7, 0xb5, 0x35, 0xa5, 0xf4, 0x9c, 0xd4, 0x94, 0xd8, 0xbd,
    0xdb, 0xde, 0x51, 0x84, 0xa2, 0x10, 0x49, 0x4a, 0xd7, 0xb5, 0xba, 0xd6, 0xfb, 0xde, 0xfb, 0xde,
    0xfb, 0xde, 0xfb, 0xde, 0xfb, 0xde, 0xfb, 0xde, 0xfb, 0xde, 0xfb, 0xde, 0xdb, 0xde, 0xfb, 0xde,
    0xdb, 0xde, 0x3c, 0xe7, 0x5d, 0xef, 0xdb, 0xde, 0xfb, 0xde, 0xfb, 0xde, 0xdb, 0xde, 0x3c, 0xe7,
    0x65, 0x31, 0x6c, 0x09, 0x9b, 0x23, 0x1b, 0x3c, 0x1e, 0x55, 0xdb, 0x2b, 0xbb, 0x2b, 0xbb, 0x2b,
    0xbb, 0x2b, 0xbb, 0x2b, 0xdb, 0x2b, 0xdb, 0x2b, 0xdb, 0x2b, 0xdb, 0x2b, 0xdb, 0x2b, 0xdb, 0x2b,
    0xdb, 0x2b, 0xbb, 0x2b, 0xbb, 0x2b, 0xdb, 0x2b, 0xbb, 0x2b, 0xbb, 0x2b, 0xdb, 0x2b, 0xdb, 0x2b,
    0xdb, 0x2b, 0xbb, 0x2b, 0xdc, 0x2b, 0xd7, 0x12, 0x96, 0x12, 0x45, 0x00, 0xeb, 0x62, 0x7d, 0xef,
    0x55, 0xad, 0x92, 0x94, 0xb3, 0x94, 0xb3, 0x94, 0xb3, 0x94, 0x92, 0x94, 0x14, 0xa5, 0xfb, 0xde,
    0xfb, 0xde, 0xfb, 0xde, 0xfb, 0xde, 0x1c, 0xe7, 0x1c, 0xe7, 0x1c, 0xe7, 0xdb, 0xde, 0xfb, 0xde,
    0xfb, 0xde, 0xfb, 0xde, 0xfb, 0xde, 0xfb, 0xde, 0xfb, 0xde, 0xfb, 0xde, 0x9a, 0xd6, 0xd8, 0xbd,
    0x28, 0x42, 0x04, 0x21, 0x76, 0xad, 0xfb, 0xde, 0x56, 0xad, 0x31, 0x84, 0x51, 0x8c, 0xb3, 0x94,
    0x72, 0x8c, 0x20, 0x00, 0x0a, 0x19, 0x92, 0x21, 0x93, 0x21, 0xc9, 0x10, 0xe3, 0x18, 0xd8, 0xb5,
    0x35, 0xa5, 0xf4, 0x9c, 0xd4, 0x94, 0xd8, 0xbd, 0xdb, 0xde, 0x51, 0x84, 0xa2, 0x10, 0x49, 0x4a,
    0xd7, 0xb5, 0xba, 0xd6, 0xfb, 0xde, 0xfb, 0xde, 0xfb, 0xde, 0xfb, 0xde, 0xfb, 0xde, 0xfb, 0xde,
    0xfb, 0xde, 0xfb, 0xde, 0xdb, 0xde, 0xdb, 0xde, 0x3c, 0xe7, 0x14, 0xa5, 0xcf, 0x7b, 0x1c, 0xe7,
    0xfb, 0xe6, 0xdb, 0xde, 0xfb, 0xde, 0x3c, 0xe7, 0x65, 0x31, 0x6b, 0x09, 0x9b, 0x2b, 0xdb, 0x33,
    0xbd, 0x44, 0xbb, 0x2b, 0xbb, 0x2b, 0xbb, 0x2b, 0xbb, 0x2b, 0xbb, 0x2b, 0xbb, 0x2b, 0xdb, 0x2b,
    0xdb, 0x2b, 0xdb, 0x2b, 0xdb, 0x2b, 0xbb, 0x2b, 0xbb, 0x2b, 0xbb, 0x2b, 0xbb, 0x2b, 0xbb, 0x2b,
    0xbb, 0x2b, 0xdb, 0x2b, 0xdb, 0x2b, 0xdb, 0x2b, 0xdb, 0x2b, 0xbb, 0x2b, 0xdc, 0x2b, 0xd7, 0x12,
    0x96, 0x12, 0x45, 0x00, 0xeb, 0x62, 0x7d, 0xef, 0xb7, 0xb5, 0x35, 0xa5, 0x55, 0xad, 0x55, 0xa5,
    0x55, 0xa5, 0x35, 0xa5, 0x96, 0xb5, 0xfb, 0xde, 0xfb, 0xde, 0xfb, 0xde, 0xdb, 0xde, 0x58, 0xc6,
    0x17, 0xc6, 0x59, 0xce, 0xfb, 0xde, 0xdb, 0xde, 0xfb, 0xde, 0xfb, 0xde, 0xfb, 0xde, 0xfb, 0xde,
    0xfb, 0xde, 0xfb, 0xde, 0x9a, 0xd6, 0xd7, 0xb5, 0x28, 0x42, 0x04, 0x21, 0x76, 0xad, 0xfb, 0xde,
    0x55, 0xad, 0x31, 0x84, 0x51, 0x8c, 0xb3, 0x94, 0x72, 0x8c, 0x20, 0x00, 0x0a, 0x19, 0x92, 0x21,
    0x93, 0x21, 0xc9, 0x10, 0xe2, 0x18, 0xd8, 0xbd, 0x15, 0x9d, 0xf4, 0x9c, 0xd4, 0x94, 0xd7, 0xbd,
    0xdb, 0xde, 0x31, 0x84, 0xa2, 0x10, 0x49, 0x4a, 0xd7, 0xb5, 0x9a, 0xd6, 0xfb, 0xde, 0xfb, 0xde,
    0xfb, 0xde, 0xfb, 0xde, 0xfb, 0xde, 0xfb, 0xde, 0xfb, 0xde, 0xfb, 0xde, 0xdb, 0xde, 0xba, 0xd6,
    0x5d, 0xef, 0xcb, 0x5a, 0x00, 0x00, 0x14, 0x9d, 0xba, 0xd6, 0xfb, 0xde, 0xdb, 0xde, 0x3c, 0xe7,
    0x65, 0x31, 0x6b, 0x09, 0x9b, 0x23, 0x1b, 0x3c, 0x7f, 0x5d, 0xdb, 0x2b, 0xbb, 0x2b, 0xdb, 0x2b,
    0xdb, 0x2b, 0xbb, 0x2b, 0xbb, 0x2b, 0xbb, 0x2b, 0xbb, 0x2b, 0xbb, 0x2b, 0xbb, 0x2b, 0xbb, 0x2b,
    0xbb, 0x2b, 0xbb, 0x2b, 0xbb, 0x2b, 0xbb, 0x2b, 0xbb, 0x2b, 0xbb, 0x2b, 0xbb, 0x2b, 0xbb, 0x2b,
    0xbb, 0x2b, 0xbb, 0x2b, 0xdc, 0x2b, 0xd7, 0x12, 0x96, 0x12, 0x45, 0x00, 0x0b, 0x63, 0x7d, 0xef,
    0xfb, 0xde, 0x3c, 0xe7, 0x3c, 0xe7, 0x3c, 0xe7, 0x3c, 0xe7, 0x3c, 0xe7, 0x1c, 0xe7, 0xfb, 0xde,
    0xdb, 0xde, 0xfb, 0xde, 0xda, 0xde, 0x65, 0x29, 0x00, 0x00, 0x6a, 0x4a, 0x7d, 0xf7, 0xdb, 0xde,
    0xdb, 0xde, 0xfb, 0xde, 0xfb, 0xde, 0xfb, 0xde, 0xdb, 0xde, 0xfb, 0xde, 0x9a, 0xd6, 0xd7, 0xb5,
    0x08, 0x42, 0x04, 0x21, 0x76, 0xad, 0xfb, 0xde, 0x55, 0xad, 0x31, 0x84, 0x51, 0x84, 0xb3, 0x94,
    0x92, 0x8c, 0x20, 0x00, 0x0a, 0x19, 0x92, 0x21, 0x93, 0x21, 0xc9, 0x10, 0xe3, 0x18, 0xd8, 0xbd,
    0x15, 0x9d, 0xf4, 0x9c, 0xd4, 0x94, 0xd7, 0xbd, 0xdb, 0xde, 0x51, 0x84, 0xa2, 0x10, 0x49, 0x4a,
    0xd7, 0xb5, 0x9a, 0xd6, 0xfb, 0xde, 0xfb, 0xde, 0xdb, 0xde, 0xdb, 0xde, 0xfb, 0xde, 0xdb, 0xde,
    0xfb, 0xde, 0xfb, 0xde, 0x1c, 0xe7, 0x1c, 0xe7, 0x9e, 0xf7, 0x6d, 0x6b, 0x20, 0x08, 0x00, 0x08,
    0x14, 0xa5, 0x1b, 0xe7, 0xdb, 0xde, 0x3c, 0xe7, 0x65, 0x31, 0x6c, 0x09, 0x7b, 0x23, 0x3b, 0x3c,
    0x9f, 0x5d, 0xdb, 0x2b, 0xbb, 0x2b, 0xbb, 0x2b, 0xdb, 0x2b, 0xdb, 0x2b, 0xbb, 0x2b, 0xbb, 0x2b,
    0xbb, 0x2b, 0xbb, 0x2b, 0xbb, 0x2b, 0xbb, 0x2b, 0xbb, 0x2b, 0xbb, 0x2b, 0xbb, 0x2b, 0xbb, 0x2b,
    0xbb, 0x2b, 0xbb, 0x2b, 0xbb, 0x2b, 0xbb, 0x2b, 0xbb, 0x2b, 0xbb, 0x2b, 0xdc, 0x2b, 0xd7, 0x12,
    0xb6, 0x12, 0x45, 0x00, 0x0b, 0x63, 0x7d, 0xef, 0xba, 0xd6, 0xdb, 0xd6, 0xba, 0xd6, 0xbb, 0xd6,
    0xbb, 0xd6, 0xba, 0xd6, 0xdb, 0xde, 0xdb, 0xde, 0xdb, 0xde, 0xdb, 0xde, 0xba, 0xd6, 0xc3, 0x10,
    0xe1, 0x71, 0x05, 0x9b, 0xa8, 0x31, 0xba, 0xd6, 0x3c, 0xe7, 0xdb, 0xde, 0xfb, 0xde, 0xfb, 0xde,
    0xfb, 0xde, 0xfb, 0xde, 0x9a, 0xd6, 0xd7, 0xb5, 0x08, 0x42, 0x04, 0x21, 0x56, 0xad, 0xfb, 0xde,
    0x55, 0xad, 0x11, 0x84, 0x51, 0x84, 0xb3, 0x94, 0x92, 0x8c, 0x20, 0x00, 0x0a, 0x19, 0x92, 0x21,
    0x93, 0x21, 0xc9, 0x10, 0xe3, 0x18, 0xd8, 0xbd, 0x35, 0xa5, 0xf4, 0x9c, 0xd4, 0x94, 0xf7, 0xbd,
    0xdb, 0xde, 0x51, 0x84, 0xa2, 0x10, 0x49, 0x4a, 0xd7, 0xb5, 0x9a, 0xd6, 0xfb, 0xde, 0xfb, 0xde,
    0x1c, 0xdf, 0xfb, 0xde, 0xfb, 0xde, 0x1c, 0xdf, 0xfb, 0xde, 0xfb, 0xde, 0xd7, 0xbd, 0x96, 0xb5,
    0x38, 0xc6, 0x8a, 0x4a, 0xe3, 0x48, 0x6b, 0xd3, 0x41, 0x08, 0x71, 0x8c, 0xbe, 0xf7, 0xfb, 0xde,
    0x65, 0x31, 0x6b, 0x09, 0x7b, 0x23, 0x3b, 0x3c, 0x7f, 0x5d, 0xbb, 0x2b, 0xbb, 0x2b, 0xbb, 0x2b,
    0xdb, 0x2b, 0xdb, 0x2b, 0xbb, 0x2b, 0xbb, 0x2b, 0xbb, 0x2b, 0xbb, 0x2b, 0xbb, 0x2b, 0xbb, 0x2b,
    0xbb, 0x2b, 0xbb, 0x2b, 0xbb, 0x2b, 0xbb, 0x2b, 0xbb, 0x2b, 0xbb, 0x2b, 0xbb, 0x2b, 0xbb, 0x2b,
    0xbb, 0x2b, 0xbb, 0x2b, 0xdc, 0x2b, 0xd7, 0x12, 0x96, 0x12, 0x45, 0x00, 0xeb, 0x62, 0x5d, 0xef,
    0x3c, 0xe7, 0x5d, 0xef, 0x7d, 0xef, 0x7d, 0xef, 0x7d, 0xef, 0x7d, 0xef, 0x7d, 0xef, 0x7d, 0xef,
    0x5d, 0xef, 0x7d, 0xef, 0x3c, 0xef, 0xc4, 0x10, 0xc2, 0xa2, 0x04, 0xe4, 0x41, 0x51, 0x8e, 0x73,
    0xf7, 0xbd, 0x3c, 0xe7, 0xdb, 0xde, 0xfb, 0xde, 0xfb, 0xde, 0xfb, 0xde, 0x9a, 0xd6, 0xd7, 0xb5,
    0x08, 0x42, 0x04, 0x21, 0x56, 0xad, 0xfb, 0xde, 0x55, 0xad, 0x11, 0x84, 0x51, 0x84, 0xb3, 0x94,
    0x92, 0x8c, 0x20, 0x00, 0x0a, 0x19, 0x92, 0x21, 0x93, 0x21, 0xc9, 0x10, 0xe3, 0x18, 0xd8, 0xbd,
    0x35, 0xa5, 0xf4, 0x9c, 0xd4, 0x94, 0xd7, 0xbd, 0xdb, 0xde, 0x52, 0x8c, 0xa3, 0x10, 0x49, 0x4a,
    0xd7, 0xb5, 0xba, 0xd6, 0xfb, 0xde, 0xdb, 0xde, 0x17, 0xde, 0x9a, 0xde, 0xba, 0xde, 0x17, 0xd6,
    0xfb, 0xde, 0x96, 0xb5, 0x41, 0x08, 0x00, 0x00, 0x20, 0x08, 0x00, 0x00, 0xc2, 0x50, 0xa8, 0xea,
    0x68, 0xa2, 0xe7, 0x51, 0xef, 0x73, 0x9e, 0xf7, 0x65, 0x31, 0x4b, 0x09, 0x9b, 0x2b, 0x7a, 0x2b,
    0xdb, 0x2b, 0xbb, 0x2b, 0xbb, 0x2b, 0xbb, 0x2b, 0xbb, 0x2b, 0xbb, 0x2b, 0xbb, 0x2b, 0xbb, 0x2b,
    0xbb, 0x2b, 0xbb, 0x2b, 0xbb, 0x2b, 0xbb, 0x2b, 0xbb, 0x2b, 0xbb, 0x2b, 0xbb, 0x2b, 0xbb, 0x2b,
    0xbb, 0x2b, 0xbb, 0x2b, 0xbb, 0x2b, 0xbb, 0x2b, 0xbb, 0x2b, 0xbb, 0x2b, 0xdb, 0x2b, 0xd7, 0x12,
    0x96, 0x12, 0x45, 0x00, 0x0b, 0x63, 0x5d, 0xe7, 0x71, 0x8c, 0xef, 0x7b, 0xd0, 0x7b, 0xef, 0x7b,
    0xef, 0x7b, 0xef, 0x7b, 0xf0, 0x7b, 0xd0, 0x7b, 0xf0, 0x7b, 0xf0, 0x7b, 0xef, 0x7b, 0x42, 0x00,
    0x62, 0x8a, 0xe4, 0xfc, 0x85, 0xfc, 0x20, 0x18, 0x8d, 0x73, 0xdb, 0xde, 0xba, 0xd6, 0xdb, 0xde,
    0xfb, 0xde, 0xfb, 0xde, 0xba, 0xd6, 0xd7, 0xb5, 0x08, 0x42, 0x24, 0x21, 0x76, 0xad, 0xfb, 0xde,
    0x55, 0xad, 0x11, 0x84, 0x51, 0x84, 0xb3, 0x94, 0x93, 0x8c, 0x20, 0x00, 0x0a, 0x19, 0x92, 0x21,
    0x93, 0x21, 0xc9, 0x10, 0xe2, 0x18, 0xd8, 0xb5, 0x15, 0xa5, 0xf4, 0x9c, 0xd4, 0x94, 0xd7, 0xbd,
    0xdb, 0xde, 0x52, 0x8c, 0xa3, 0x10, 0x49, 0x4a, 0xd7, 0xb5, 0xba, 0xd6, 0x1c, 0xdf, 0x99, 0xde,
    0xc5, 0xb9, 0xf2, 0xd4, 0x95, 0xd5, 0xc5, 0xb9, 0x99, 0xe6, 0x65, 0x21, 0xe7, 0x71, 0x2e, 0xd4,
    0xad, 0xcb, 0xee, 0xcb, 0x2a, 0xd3, 0xa4, 0xd1, 0xc8, 0xf2, 0x44, 0x71, 0x65, 0x31, 0xf7, 0xbd,
    0x03, 0x29, 0x8c, 0x09, 0x7b, 0x23, 0xda, 0x33, 0xde, 0x4c, 0xbb, 0x2b, 0xbb, 0x2b, 0xbb, 0x2b,
    0xbb, 0x2b, 0xbb, 0x2b, 0xbb, 0x2b, 0xbb, 0x2b, 0xbb, 0x2b, 0xbb, 0x2b, 0xbb, 0x2b, 0xbb, 0x2b,
    0xbb, 0x2b, 0xbb, 0x2b, 0xbb, 0x2b, 0xbb, 0x2b, 0xbb, 0x2b, 0xbb, 0x2b, 0xbb, 0x2b, 0xbb, 0x2b,
    0xbb, 0x2b, 0xbb, 0x2b, 0xdb, 0x2b, 0xd7, 0x12, 0x96, 0x12, 0x45, 0x00, 0x0b, 0x63, 0x3c, 0xe7,
    0x61, 0x08, 0x00, 0x08, 0x80, 0x20, 0x40, 0x18, 0x40, 0x20, 0x40, 0x18, 0x40, 0x18, 0x40, 0x18,
    0x40, 0x20, 0x40, 0x18, 0x60, 0x20, 0xa0, 0x20, 0x03, 0xab, 0xa4, 0xfc, 0x43, 0xf4, 0xa5, 0xf4,
    0x61, 0x51, 0xc8, 0x31, 0xbe, 0xf7, 0xdb, 0xde, 0xdb, 0xde, 0xfb, 0xde, 0xba, 0xd6, 0xd7, 0xb5,
    0x28, 0x42, 0x04, 0x21, 0x76, 0xad, 0xfb, 0xde, 0x55, 0xad, 0x11, 0x84, 0x51, 0x84, 0xb3, 0x94,
    0x93, 0x8c, 0x20, 0x00, 0x0a, 0x19, 0x92, 0x21, 0x93, 0x21, 0xc9, 0x10, 0xe2, 0x18, 0xd8, 0xb5,
    0x15, 0xa5, 0xf4, 0x9c, 0xd4, 0x94, 0xd7, 0xbd, 0xdb, 0xde, 0x52, 0x8c, 0xa3, 0x10, 0x49, 0x4a,
    0xd7, 0xb5, 0xba, 0xd6, 0xfb, 0xde, 0xba, 0xde, 0xd6, 0xd5, 0x79, 0xde, 0x79, 0xde, 0xd6, 0xd5,
    0xfb, 0xe6, 0x25, 0x19, 0x64, 0x81, 0x2a, 0xf3, 0xc8, 0xea, 0x09, 0xeb, 0x87, 0xe2, 0xe4, 0xd1,
    0xa3, 0xc9, 0x4a, 0xf3, 0x68, 0x92, 0x41, 0x10, 0x00, 0x00, 0xad, 0x11, 0x5a, 0x23, 0x3b, 0x3c,
    0x9f, 0x5d, 0xbb, 0x2b, 0xbb, 0x2b, 0xbb, 0x2b, 0xbb, 0x2b, 0xbb, 0x2b, 0xbb, 0x2b, 0xbb, 0x2b,
    0xbb, 0x2b, 0xbb, 0x2b, 0xbb, 0x2b, 0xbb, 0x2b, 0xbb, 0x2b, 0xbb, 0x2b, 0xbb, 0x2b, 0xbb, 0x2b,
    0xbb, 0x2b, 0xbb, 0x2b, 0xbb, 0x2b, 0xbb, 0x2b, 0xbb, 0x2b, 0xbb, 0x2b, 0xdc, 0x2b, 0xd7, 0x12,
    0x96, 0x12, 0x45, 0x00, 0x0b, 0x63, 0x3c, 0xe7, 0x83, 0x10, 0x05, 0x9b, 0x26, 0xfd, 0x64, 0xfc,
    0x84, 0xfc, 0x84, 0xfc, 0x64, 0xfc, 0x64, 0xfc, 0x64, 0xfc, 0x64, 0xfc, 0x84, 0xfc, 0x64, 0xf4,
    0x64, 0xfc, 0x64, 0xfc, 0x64, 0xfc, 0xa4, 0xfc, 0x63, 0xc3, 0x65, 0x7a, 0xab, 0x4a, 0xba, 0xd6,
    0x3c, 0xe7, 0xfb, 0xde, 0x9a, 0xd6, 0xd7, 0xb5, 0x28, 0x42, 0x04, 0x21, 0x56, 0xad, 0xfc, 0xde,
    0x56, 0xad, 0x31, 0x84, 0x51, 0x8c, 0xb3, 0x94, 0x93, 0x8c, 0x20, 0x00, 0x0a, 0x19, 0x92, 0x21,
    0x93, 0x21, 0xc9, 0x10, 0xe2, 0x18, 0xd8, 0xbd, 0x35, 0xa5, 0xf4, 0x9c, 0xd4, 0x94, 0xd7, 0xbd,
    0xdb, 0xde, 0x52, 0x8c, 0xa3, 0x10, 0x49, 0x4a, 0xd7, 0xb5, 0x9a, 0xd6, 0xdb, 0xde, 0x1c, 0xdf,
    0x5d, 0xdf, 0xfb, 0xde, 0x5d, 0xdf, 0x7e, 0xdf, 0x1c, 0xe7, 0x45, 0x21, 0xa1, 0x68, 0xc4, 0xe1,
    0xc4, 0xd1, 0xa4, 0xd1, 0xa4, 0xd1, 0xe5, 0xd1, 0xe5, 0xd9, 0xc4, 0xd1, 0xa8, 0xea, 0xe7, 0x81,
    0x00, 0x00, 0xcd, 0x19, 0x7a, 0x23, 0x1b, 0x34, 0x7f, 0x5d, 0xbb, 0x2b, 0xbb, 0x2b, 0xbb, 0x2b,
    0xbb, 0x2b, 0xbb, 0x2b, 0xbb, 0x2b, 0xbb, 0x2b, 0xbb, 0x2b, 0xbb, 0x2b, 0xbb, 0x2b, 0xbb, 0x2b,
    0xbb, 0x2b, 0xbb, 0x2b, 0xbb, 0x2b, 0xbb, 0x2b, 0xbb, 0x2b, 0xbb, 0x2b, 0xbb, 0x2b, 0xbb, 0x2b,
    0xbb, 0x2b, 0xbb, 0x2b, 0xf8, 0x1a, 0x95, 0x0a, 0x96, 0x12, 0x45, 0x00, 0x0b, 0x63, 0x3c, 0xe7,
    0x82, 0x08, 0xe4, 0x9a, 0x06, 0xfd, 0x63, 0xfc, 0x84, 0xfc, 0x84, 0xfc, 0x64, 0xfc, 0x64, 0xfc,
    0x64, 0xfc, 0x64, 0xfc, 0x64, 0xfc, 0x63, 0xfc, 0x64, 0xfc, 0x84, 0xfc, 0x84, 0xfc, 0x64, 0xfc,
    0xe4, 0xfc, 0xa4, 0xd3, 0xa0, 0x28, 0x91, 0x94, 0x79, 0xce, 0xfb, 0xde, 0x9a, 0xd6, 0xd7, 0xb5,
    0x08, 0x42, 0x04, 0x21, 0x56, 0xad, 0xfb, 0xde, 0x56, 0xad, 0x31, 0x84, 0x51, 0x8c, 0xb3, 0x94,
    0x93, 0x94, 0x20, 0x00, 0x0a, 0x19, 0x92, 0x21, 0x93, 0x21, 0xc9, 0x10, 0xe2, 0x18, 0xd8, 0xbd,
    0x35, 0xa5, 0xf4, 0x9c, 0xb3, 0x94, 0xd7, 0xbd, 0xdb, 0xde, 0x51, 0x84, 0xa2, 0x10, 0x49, 0x4a,
    0xd7, 0xb5, 0x9a, 0xd6, 0x1c, 0xe7, 0x54, 0xd5, 0x13, 0xd5, 0xba, 0xde, 0x91, 0xcc, 0x70, 0xcc,
    0xba, 0xe6, 0x45, 0x19, 0x81, 0x68, 0xc5, 0xd9, 0x84, 0xc9, 0x84, 0xc9, 0xc4, 0xd1, 0xe5, 0xd1,
    0xe4, 0xd1, 0xe5, 0xd9, 0x03, 0x71, 0x40, 0x10, 0x00, 0x00, 0xad, 0x11, 0x5a, 0x23, 0x1b, 0x3c,
    0x9f, 0x5d, 0xdb, 0x2b, 0xbb, 0x2b, 0xbb, 0x2b, 0xbb, 0x2b, 0xbb, 0x2b, 0xbb, 0x2b, 0xbb, 0x2b,
    0xbb, 0x2b, 0xbb, 0x2b, 0xbb, 0x2b, 0xbb, 0x2b, 0xbb, 0x2b, 0xbb, 0x2b, 0xbb, 0x2b, 0xbb, 0x2b,
    0xbb, 0x2b, 0xbb, 0x2b, 0xbb, 0x2b, 0xbb, 0x2b, 0xbb, 0x2b, 0x9b, 0x2b, 0x18, 0x1b, 0x96, 0x12,
    0x96, 0x12, 0x45, 0x00, 0x0b, 0x63, 0x3c, 0xe7, 0x62, 0x08, 0xc4, 0x92, 0x06, 0xfd, 0x63, 0xfc,
    0x64, 0xfc, 0x64, 0xfc, 0x64, 0xfc, 0x64, 0xfc, 0x64, 0xfc, 0x64, 0xfc, 0x64, 0xfc, 0x64, 0xfc,
    0x64, 0xfc, 0x84, 0xfc, 0x84, 0xfc, 0x84, 0xfc, 0x64, 0xfc, 0xa4, 0xfc, 0x06, 0xfd, 0x00, 0x00,
    0xcf, 0x73, 0x7d, 0xef, 0x79, 0xce, 0xb7, 0xb5, 0x08, 0x42, 0x04, 0x21, 0x76, 0xad, 0xfb, 0xde,
    0x56, 0xad, 0x31, 0x84, 0x51, 0x84, 0xb3, 0x94, 0x93, 0x8c, 0x20, 0x00, 0x0a, 0x19, 0x92, 0x21,
    0x93, 0x21, 0xc9, 0x10, 0xe2, 0x18, 0xd8, 0xbd, 0x35, 0xa5, 0xf4, 0x9c, 0xd4, 0x94, 0xd8, 0xbd,
    0xdb, 0xde, 0x51, 0x84, 0xa2, 0x10, 0x49, 0x4a, 0xd7, 0xb5, 0x9a, 0xd6, 0x3d, 0xdf, 0xce, 0xcb,
    0x6c, 0xc3, 0xba, 0xde, 0x47, 0xba, 0x67, 0xba, 0x9a, 0xde, 0x49, 0x3a, 0x20, 0x40, 0xc2, 0x80,
    0xa1, 0x78, 0xa2, 0x78, 0x23, 0x99, 0x05, 0xda, 0x06, 0xe2, 0x60, 0x58, 0xe3, 0x20, 0xb6, 0xb5,
    0x03, 0x21, 0x6b, 0x09, 0x7a, 0x23, 0xba, 0x2b, 0x5d, 0x3c, 0xbb, 0x2b, 0xbb, 0x2b, 0xbb, 0x2b,
    0xbb, 0x2b, 0xbb, 0x2b, 0xbb, 0x2b, 0xbb, 0x2b, 0xbb, 0x2b, 0xbb, 0x2b, 0xbb, 0x2b, 0xbb, 0x2b,
    0xbb, 0x2b, 0xbb, 0x2b, 0xbb, 0x2b, 0xbb, 0x2b, 0xbb, 0x2b, 0xbb, 0x2b, 0xbb, 0x2b, 0xbb, 0x2b,
    0xbb, 0x2b, 0xbb, 0x2b, 0xdb, 0x2b, 0xd7, 0x12, 0x96, 0x12, 0x45, 0x00, 0x0b, 0x63, 0x3c, 0xe7,
    0x62, 0x08, 0x25, 0xa3, 0x66, 0xfd, 0xa3, 0xfc, 0xa4, 0xfc, 0xc4, 0xfc, 0xc4, 0xfc, 0xc4, 0xfc,
    0xc4, 0xfc, 0xc4, 0xfc, 0xc4, 0xfc, 0xc4, 0xfc, 0x84, 0xfc, 0x84, 0xfc, 0x84, 0xfc, 0x84, 0xfc,
    0xc4, 0xfc, 0x03, 0xe4, 0xc2, 0x69, 0x4c, 0x6b, 0xb7, 0xb5, 0x1c, 0xe7, 0x9a, 0xd6, 0xb7, 0xb5,
    0x08, 0x42, 0x04, 0x21, 0x56, 0xad, 0xfb, 0xde, 0x55, 0xad, 0x11, 0x84, 0x51, 0x84, 0xb3, 0x94,
    0x93, 0x8c, 0x20, 0x00, 0x0a, 0x19, 0x92, 0x21, 0x93, 0x21, 0xc9, 0x10, 0xe3, 0x18, 0xd8, 0xbd,
    0x35, 0xa5, 0xf4, 0x9c, 0xd4, 0x94, 0xd8, 0xbd, 0xdb, 0xde, 0x51, 0x84, 0xa2, 0x10, 0x69, 0x4a,
    0xd7, 0xb5, 0xba, 0xd6, 0xfb, 0xde, 0xfb, 0xde, 0xdb, 0xde, 0xdb, 0xde, 0xdb, 0xde, 0xdb, 0xde,
    0xfb, 0xe6, 0x38, 0xc6, 0xe3, 0x18, 0x61, 0x08, 0x82, 0x10, 0x20, 0x00, 0xa2, 0x48, 0xe5, 0xd9,
    0x81, 0x68, 0x44, 0x39, 0x10, 0x7c, 0x7e, 0xf7, 0x85, 0x31, 0x4b, 0x09, 0x9a, 0x2b, 0x59, 0x23,
    0xbb, 0x2b, 0xbb, 0x2b, 0xbb, 0x2b, 0xbb, 0x2b, 0xbb, 0x2b, 0xbb, 0x2b, 0xbb, 0x2b, 0xbb, 0x2b,
    0xbb, 0x2b, 0xbb, 0x2b, 0xbb, 0x2b, 0xbb, 0x2b, 0xbb, 0x2b, 0xbb, 0x2b, 0xbb, 0x2b, 0xbb, 0x2b,
    0xbb, 0x2b, 0xbb, 0x2b, 0xbb, 0x2b, 0xbb, 0x2b, 0xbb, 0x2b, 0x59, 0x23, 0xd7, 0x1a, 0x95, 0x0a,
    0xb6, 0x12, 0x45, 0x00, 0x2b, 0x63, 0x3c, 0xe7, 0x82, 0x10, 0x64, 0x72, 0x06, 0xcc, 0x84, 0xc3,
    0x84, 0xc3, 0x84, 0xc3, 0x84, 0xc3, 0x84, 0xc3, 0x84, 0xc3, 0xa4, 0xc3, 0x84, 0xc3, 0x84, 0xbb,
    0x25, 0xe4, 0x84, 0xfc, 0x84, 0xfc, 0x84, 0xfc, 0x24, 0xdc, 0xc5, 0x92, 0x66, 0x29, 0x9a, 0xd6,
    0x3c, 0xe7, 0xdb, 0xde, 0x9a, 0xd6, 0xd7, 0xb5, 0x08, 0x42, 0x04, 0x21, 0x76, 0xad, 0xfb, 0xde,
    0x55, 0xad, 0x11, 0x84, 0x51, 0x84, 0xb3, 0x94, 0x92, 0x8c, 0x20, 0x00, 0x0a, 0x19, 0x92, 0x21,
    0x93, 0x21, 0xc9, 0x10, 0xe3, 0x18, 0xd8, 0xbd, 0x35, 0xa5, 0xf4, 0x9c, 0xd4, 0x9c, 0xf8, 0xbd,
    0xdb, 0xde, 0x31, 0x84, 0xa2, 0x10, 0x69, 0x4a, 0xd7, 0xbd, 0x9a, 0xd6, 0xfb, 0xde, 0xfb, 0xde,
    0xfb, 0xde, 0xfb, 0xde, 0xfb, 0xde, 0xfb, 0xde, 0xfb, 0xde, 0xdb, 0xde, 0x59, 0xce, 0x38, 0xc6,
    0xba, 0xde, 0xcb, 0x52, 0x00, 0x30, 0x03, 0x91, 0xc3, 0x18, 0xb2, 0x94, 0x9e, 0xf7, 0xfc, 0xde,
    0x65, 0x31, 0x4b, 0x09, 0x7a, 0x2b, 0x59, 0x23, 0xdb, 0x2b, 0xbb, 0x2b, 0xbb, 0x2b, 0xbb, 0x2b,
    0xbb, 0x2b, 0xbb, 0x2b, 0xbb, 0x2b, 0xbb, 0x2b, 0xbb, 0x2b, 0xbb, 0x2b, 0xbb, 0x2b, 0xbb, 0x2b,
    0xbb, 0x2b, 0xbb, 0x2b, 0xbb, 0x2b, 0xbb, 0x2b, 0xbb, 0x2b, 0xbb, 0x2b, 0xbb, 0x2b, 0xbb, 0x2b,
    0x59, 0x23, 0x96, 0x12, 0x96, 0x12, 0x75, 0x0a, 0xb6, 0x12, 0x45, 0x00, 0x0b, 0x63, 0x3c, 0xe7,
    0xc3, 0x18, 0x00, 0x00, 0x00, 0x00, 0x00, 0x00, 0x00, 0x00, 0x00, 0x00, 0x00, 0x00, 0x00, 0x00,
    0x00, 0x00, 0x00, 0x00, 0x00, 0x00, 0x00, 0x00, 0xc3, 0x9a, 0xc4, 0xfc, 0x44, 0xf4, 0x05, 0xfd,
    0x61, 0x51, 0x87, 0x29, 0x7d, 0xf7, 0xdb, 0xde, 0xdb, 0xde, 0xfb, 0xde, 0x9a, 0xd6, 0xd7, 0xb5,
    0x08, 0x42, 0x04, 0x21, 0x76, 0xad, 0xfb, 0xde, 0x55, 0xad, 0x11, 0x84, 0x31, 0x84, 0xb3, 0x94,
    0x72, 0x8c, 0x20, 0x00, 0x0a, 0x19, 0x92, 0x21, 0x93, 0x21, 0xc9, 0x10, 0xe3, 0x18, 0xd8, 0xbd,
    0x35, 0xa5, 0x14, 0x9d, 0xd4, 0x9c, 0xf8, 0xbd, 0xdb, 0xde, 0x31, 0x84, 0xa2, 0x10, 0x69, 0x4a,
    0xd7, 0xbd, 0x9a, 0xd6, 0xfb, 0xde, 0xfb, 0xde, 0xfb, 0xde, 0xfb, 0xde, 0xfb, 0xde, 0xfb, 0xde,
    0xfb, 0xde, 0xdb, 0xde, 0x1c, 0xe7, 0xfb, 0xde, 0x7d, 0xef, 0x6d, 0x6b, 0x00, 0x00, 0x20, 0x08,
    0x75, 0xad, 0x1c, 0xe7, 0xdb, 0xd6, 0x3c, 0xe7, 0x65, 0x31, 0x4b, 0x09, 0x9a, 0x2b, 0x59, 0x23,
    0xbb, 0x2b, 0xbb, 0x2b, 0xbb, 0x2b, 0xbb, 0x2b, 0xbb, 0x2b, 0xbb, 0x2b, 0xbb, 0x2b, 0xbb, 0x2b,
    0xbb, 0x2b, 0xbb, 0x2b, 0xbb, 0x2b, 0xbb, 0x2b, 0xbb, 0x2b, 0xbb, 0x2b, 0xbb, 0x2b, 0xbb, 0x2b,
    0xbb, 0x2b, 0xbb, 0x2b, 0xdb, 0x2b, 0x59, 0x23, 0x96, 0x0a, 0xb6, 0x12, 0xb6, 0x12, 0x75, 0x0a,
    0xb6, 0x12, 0x45, 0x00, 0x0b, 0x63, 0x7d, 0xef, 0x95, 0xb5, 0x75, 0xad, 0x96, 0xb5, 0x96, 0xad,
    0x96, 0xad, 0x96, 0xad, 0x96, 0xad, 0x96, 0xad, 0x76, 0xad, 0x96, 0xad, 0x75, 0xb5, 0xa3, 0x10,
    0x82, 0x8a, 0xe4, 0xfc, 0xa5, 0xfc, 0xa0, 0x38, 0x2c, 0x6b, 0x59, 0xc6, 0xdb, 0xde, 0xdb, 0xde,
    0xfb, 0xde, 0xfb, 0xde, 0x9a, 0xd6, 0xd7, 0xb5, 0x28, 0x42, 0x04, 0x21, 0x76, 0xad, 0xfb, 0xde,
    0x55, 0xad, 0x11, 0x84, 0x31, 0x84, 0xb3, 0x94, 0x92, 0x8c, 0x20, 0x00, 0x0a, 0x19, 0x92, 0x21,
    0x93, 0x21, 0xc9, 0x10, 0xe2, 0x18, 0xd8, 0xbd, 0x35, 0xa5, 0xf4, 0x9c, 0xd4, 0x9c, 0xf8, 0xbd,
    0xdb, 0xde, 0x31, 0x84, 0xa2, 0x10, 0x69, 0x4a, 0xd7, 0xbd, 0x9a, 0xd6, 0xfb, 0xde, 0xfb, 0xde,
    0xfb, 0xde, 0xfb, 0xde, 0xfb, 0xde, 0xfb, 0xde, 0xfb, 0xde, 0xfb, 0xde, 0xdb, 0xde, 0xdb, 0xde,
    0x7d, 0xef, 0xeb, 0x5a, 0x00, 0x00, 0xb6, 0xb5, 0xdb, 0xde, 0xfb, 0xde, 0xda, 0xde, 0x1c, 0xdf,
    0x64, 0x31, 0x4b, 0x09, 0x7a, 0x23, 0x79, 0x23, 0xdb, 0x33, 0xdb, 0x2b, 0xdb, 0x2b, 0xdb, 0x2b,
    0xdb, 0x2b, 0xbb, 0x2b, 0xdb, 0x2b, 0xbb, 0x2b, 0xbb, 0x2b, 0xbb, 0x2b, 0xbb, 0x2b, 0xbb, 0x2b,
    0xdb, 0x2b, 0xdb, 0x2b, 0xbb, 0x2b, 0xbb, 0x2b, 0xdb, 0x33, 0x18, 0x1b, 0x18, 0x1b, 0xbb, 0x2b,
    0x18, 0x1b, 0x96, 0x12, 0x95, 0x12, 0x75, 0x0a, 0x96, 0x12, 0x45, 0x00, 0x0b, 0x63, 0x5d, 0xef,
    0xfc, 0xde, 0x3c, 0xe7, 0x3c, 0xe7, 0x3c, 0xe7, 0x3c, 0xe7, 0x3c, 0xe7, 0x3c, 0xe7, 0x3c, 0xe7,
    0x3c, 0xe7, 0x3c, 0xef, 0x1b, 0xe7, 0xc4, 0x10, 0xa2, 0xa2, 0x24, 0xe4, 0xe2, 0x69, 0xeb, 0x5a,
    0x96, 0xb5, 0x5d, 0xef, 0xdb, 0xde, 0xfb, 0xde, 0xfb, 0xde, 0xfb, 0xde, 0x9a, 0xd6, 0xd7, 0xbd,
    0x28, 0x42, 0x04, 0x21, 0x56, 0xad, 0xfb, 0xde, 0x55, 0xad, 0x11, 0x84, 0x31, 0x84, 0xb3, 0x94,
    0x93, 0x8c, 0x20, 0x00, 0x0a, 0x19, 0x92, 0x21, 0x93, 0x21, 0xc9, 0x10, 0xe2, 0x18, 0xd8, 0xbd,
    0x35, 0xa5, 0xf4, 0x9c, 0xd4, 0x9c, 0xf8, 0xbd, 0xdb, 0xde, 0x31, 0x84, 0xa2, 0x10, 0x69, 0x4a,
    0xd7, 0xbd, 0x9a, 0xd6, 0xfb, 0xde, 0xfb, 0xde, 0xfb, 0xde, 0xfb, 0xde, 0xfb, 0xde, 0xfb, 0xde,
    0xfb, 0xde, 0xfb, 0xde, 0xfb, 0xde, 0xdb, 0xde, 0x1c, 0xe7, 0x96, 0xb5, 0xb2, 0x94, 0x1c, 0xe7,
    0xfb, 0xde, 0x3c, 0xe7, 0x7d, 0xef, 0xbe, 0xf7, 0xa6, 0x39, 0x6b, 0x09, 0xdd, 0x2b, 0x59, 0x23,
    0x39, 0x1b, 0x39, 0x1b, 0x39, 0x1b, 0x39, 0x1b, 0x39, 0x1b, 0x39, 0x1b, 0x39, 0x1b, 0x39, 0x1b,
    0x39, 0x1b, 0x39, 0x1b, 0x39, 0x1b, 0x39, 0x1b, 0x39, 0x1b, 0x39, 0x1b, 0x39, 0x1b, 0x39, 0x1b,
    0x39, 0x1b, 0xd8, 0x12, 0xd8, 0x12, 0x39, 0x1b, 0x18, 0x1b, 0xd7, 0x12, 0xd7, 0x12, 0x96, 0x0a,
    0xd7, 0x12, 0x65, 0x00, 0x2c, 0x6b, 0xff, 0xff, 0x3c, 0xe7, 0xdb, 0xde, 0xdb, 0xde, 0xdb, 0xde,
    0xdb, 0xde, 0xdb, 0xde, 0xdb, 0xde, 0xdb, 0xde, 0xdb, 0xde, 0xfb, 0xde, 0xba, 0xde, 0xc4, 0x18,
    0x22, 0x7a, 0x05, 0xa3, 0x46, 0x21, 0xda, 0xd6, 0x3c, 0xef, 0xdb, 0xde, 0xfb, 0xde, 0xfb, 0xde,
    0xfb, 0xde, 0xfb, 0xde, 0x9a, 0xd6, 0xd8, 0xbd, 0x28, 0x42, 0x04, 0x21, 0x56, 0xad, 0xfb, 0xde,
    0x55, 0xad, 0x11, 0x84, 0x31, 0x84, 0xb3, 0x94, 0x93, 0x8c, 0x20, 0x00, 0x0a, 0x19, 0x92, 0x21,
    0x93, 0x21, 0xc9, 0x10, 0xe3, 0x18, 0xf8, 0xbd, 0x35, 0xa5, 0xf4, 0x9c, 0xd4, 0x9c, 0xf8, 0xbd,
    0xdb, 0xde, 0x51, 0x84, 0xa2, 0x10, 0x69, 0x4a, 0xd7, 0xbd, 0xba, 0xd6, 0xfb, 0xde, 0xdb, 0xde,
    0xfb, 0xde, 0xfb, 0xde, 0xfb, 0xde, 0xfb, 0xde, 0xfb, 0xde, 0xdb, 0xde, 0xfb, 0xde, 0xfb, 0xde,
    0xdb, 0xde, 0x3c, 0xe7, 0x5d, 0xef, 0xdb, 0xde, 0x5d, 0xef, 0x14, 0xa5, 0x8e, 0x73, 0xcf, 0x7b,
    0xa2, 0x10, 0x85, 0x00, 0xce, 0x11, 0x6c, 0x09, 0x0a, 0x01, 0x0b, 0x01, 0x0b, 0x01, 0x2b, 0x01,
    0x2b, 0x01, 0x2b, 0x01, 0x2b, 0x01, 0x2b, 0x01, 0x0b, 0x01, 0x0a, 0x01, 0x2b, 0x01, 0x2b, 0x01,
    0x0b, 0x01, 0x2b, 0x01, 0x2b, 0x01, 0x2b, 0x01, 0x0b, 0x01, 0x2b, 0x01, 0x2b, 0x01, 0x2b, 0x01,
    0x2b, 0x01, 0x2b, 0x01, 0x2b, 0x01, 0x0a, 0x01, 0x2b, 0x01, 0x01, 0x00, 0x85, 0x31, 0xef, 0x7b,
    0x10, 0x84, 0xfb, 0xde, 0xfb, 0xde, 0xdb, 0xde, 0xfb, 0xde, 0xfb, 0xde, 0xfb, 0xde, 0xfb, 0xde,
    0xfb, 0xde, 0xfb, 0xde, 0xba, 0xde, 0x24, 0x21, 0x00, 0x00, 0x49, 0x4a, 0x7d, 0xef, 0xba, 0xde,
    0xdb, 0xde, 0xfb, 0xde, 0xfb, 0xde, 0xfb, 0xde, 0xfb, 0xde, 0xfb, 0xde, 0x9a, 0xd6, 0xd7, 0xb5,
    0x28, 0x42, 0x04, 0x21, 0x56, 0xad, 0xfc, 0xde, 0x55, 0xad, 0x11, 0x84, 0x31, 0x84, 0xb3, 0x94,
    0x92, 0x8c, 0x20, 0x00, 0x0a, 0x19, 0x92, 0x21, 0x93, 0x21, 0xc9, 0x10, 0xe2, 0x18, 0xd8, 0xbd,
    0x35, 0xa5, 0xf4, 0x9c, 0xd4, 0x94, 0xd7, 0xbd, 0xdb, 0xde, 0x31, 0x84, 0xa2, 0x10, 0x49, 0x4a,
    0xd7, 0xb5, 0xba, 0xd6, 0xfb, 0xde, 0xdb, 0xde, 0xfb, 0xde, 0xfb, 0xde, 0xfb, 0xde, 0xfb, 0xde,
    0xfb, 0xde, 0xfb, 0xde, 0xfb, 0xde, 0xfb, 0xde, 0xfb, 0xde, 0xdb, 0xde, 0xdb, 0xde, 0xdb, 0xde,
    0x39, 0xce, 0x8a, 0x52, 0xc3, 0x18, 0xc3, 0x18, 0x24, 0x21, 0x24, 0x21, 0x03, 0x21, 0x03, 0x21,
    0x03, 0x21, 0x03, 0x21, 0x04, 0x21, 0x04, 0x21, 0x04, 0x21, 0x04, 0x21, 0x04, 0x21, 0x04, 0x21,
    0x04, 0x21, 0x04, 0x21, 0x04, 0x21, 0x04, 0x21, 0x04, 0x21, 0x04, 0x21, 0x03, 0x21, 0x04, 0x21,
    0x03, 0x21, 0x03, 0x21, 0x03, 0x21, 0x03, 0x21, 0x04, 0x21, 0x03, 0x21, 0x03, 0x21, 0x24, 0x29,
    0x23, 0x21, 0x24, 0x21, 0x04, 0x21, 0xa2, 0x10, 0xe3, 0x18, 0x55, 0xad, 0xfb, 0xde, 0xdb, 0xde,
    0xdb, 0xde, 0xdb, 0xde, 0xfb, 0xde, 0xfb, 0xde, 0xdb, 0xde, 0xfb, 0xde, 0xdb, 0xde, 0xd7, 0xbd,
    0x96, 0xb5, 0x18, 0xc6, 0xfb, 0xde, 0xdb, 0xde, 0xfb, 0xde, 0xfb, 0xde, 0xfb, 0xde, 0xfb, 0xde,
    0xfb, 0xde, 0xfb, 0xde, 0x9a, 0xd6, 0xd7, 0xb5, 0x08, 0x42, 0x04, 0x21, 0x76, 0xad, 0xfc, 0xde,
    0x55, 0xad, 0x11, 0x84, 0x31, 0x84, 0xb3, 0x94, 0x93, 0x8c, 0x20, 0x00, 0x0a, 0x19, 0x92, 0x21,
    0x93, 0x21, 0xc9, 0x10, 0xe2, 0x18, 0xd8, 0xbd, 0x35, 0xa5, 0xf4, 0x9c, 0xd4, 0x94, 0xd8, 0xbd,
    0xdb, 0xde, 0x31, 0x84, 0xa2, 0x10, 0x49, 0x4a, 0xd7, 0xb5, 0x9a, 0xd6, 0xfb, 0xde, 0xdb, 0xde,
    0xdb, 0xde, 0xfb, 0xde, 0xfb, 0xde, 0xfb, 0xde, 0xfb, 0xde, 0xfb, 0xde, 0xfb, 0xde, 0xfb, 0xde,
    0xfb, 0xde, 0xfb, 0xde, 0xdb, 0xde, 0x1c, 0xe7, 0x24, 0x21, 0x4d, 0x6b, 0x1c, 0xdf, 0x9a, 0xce,
    0x9a, 0xd6, 0x7a, 0xce, 0x7a, 0xce, 0x9a, 0xce, 0x9a, 0xce, 0x9a, 0xce, 0x9a, 0xd6, 0x9a, 0xd6,
    0x7a, 0xce, 0x7a, 0xce, 0x9a, 0xce, 0x9a, 0xce, 0x9a, 0xce, 0x9a, 0xce, 0x9a, 0xce, 0x9a, 0xce,
    0x9a, 0xce, 0x9a, 0xce, 0x7a, 0xce, 0x7a, 0xce, 0x7a, 0xce, 0x7a, 0xce, 0x9a, 0xd6, 0x9b, 0xd6,
    0x9b, 0xd6, 0xbb, 0xd6, 0xba, 0xd6, 0x9a, 0xce, 0x9a, 0xce, 0x9a, 0xd6, 0x9a, 0xd6, 0xbb, 0xd6,
    0x72, 0x8c, 0x41, 0x08, 0x59, 0xce, 0x1c, 0xe7, 0xfb, 0xde, 0x1b, 0xe7, 0x1b, 0xe7, 0x1b, 0xe7,
    0x1b, 0xe7, 0xfb, 0xde, 0xfb, 0xde, 0x3c, 0xe7, 0x3c, 0xe7, 0x1c, 0xe7, 0xdb, 0xde, 0xfb, 0xde,
    0xfb, 0xde, 0xfb, 0xde, 0xfb, 0xde, 0xfb, 0xde, 0xfb, 0xde, 0xfb, 0xde, 0x9a, 0xd6, 0xd8, 0xbd,
    0x28, 0x42, 0x04, 0x21, 0x56, 0xad, 0xfb, 0xde, 0x56, 0xad, 0x31, 0x84, 0x51, 0x84, 0xb3, 0x94,
    0x92, 0x8c, 0x20, 0x00, 0x0a, 0x19, 0x92, 0x21, 0x93, 0x21, 0xc9, 0x10, 0xe3, 0x18, 0xd8, 0xbd,
    0x35, 0xa5, 0xf4, 0x9c, 0xd4, 0x94, 0xf8, 0xbd, 0xdb, 0xde, 0x51, 0x84, 0xa2, 0x10, 0x49, 0x4a,
    0xd7, 0xb5, 0x9a, 0xd6, 0xfb, 0xde, 0xfb, 0xde, 0xfb, 0xde, 0xfb, 0xde, 0xfb, 0xde, 0xfb, 0xde,
    0xfb, 0xde, 0xfb, 0xde, 0xfb, 0xde, 0xfb, 0xde, 0xfb, 0xde, 0xfb, 0xde, 0xfb, 0xde, 0x1c, 0xe7,
    0x45, 0x29, 0x08, 0x3a, 0x72, 0x8c, 0x31, 0x84, 0x51, 0x84, 0x31, 0x84, 0xb3, 0x94, 0x4d, 0x6b,
    0x04, 0x21, 0x24, 0x21, 0x24, 0x21, 0x04, 0x21, 0x4e, 0x6b, 0x72, 0x8c, 0x31, 0x84, 0x31, 0x84,
    0x31, 0x84, 0x31, 0x84, 0x31, 0x84, 0x31, 0x84, 0x31, 0x84, 0x31, 0x84, 0x31, 0x84, 0x31, 0x84,
    0x31, 0x84, 0x92, 0x8c, 0xe8, 0x39, 0x04, 0x21, 0x24, 0x21, 0x04, 0x21, 0x86, 0x31, 0x31, 0x84,
    0x52, 0x84, 0x31, 0x84, 0x11, 0x84, 0x31, 0x84, 0xec, 0x5a, 0x41, 0x08, 0x59, 0xce, 0xdb, 0xde,
    0xb3, 0x94, 0x92, 0x94, 0x92, 0x94, 0xb2, 0x94, 0x92, 0x94, 0xd7, 0xbd, 0x1c, 0xe7, 0xdb, 0xde,
    0xdb, 0xde, 0xdb, 0xde, 0xfb, 0xde, 0xfb, 0xde, 0xfb, 0xde, 0xfb, 0xde, 0xfb, 0xde, 0xfb, 0xde,
    0xfb, 0xde, 0xfb, 0xde, 0x9a, 0xd6, 0xd8, 0xbd, 0x28, 0x42, 0x04, 0x21, 0x56, 0xad, 0xfb, 0xde,
    0x56, 0xad, 0x31, 0x84, 0x51, 0x84, 0xb3, 0x94, 0x72, 0x8c, 0x20, 0x00, 0x0a, 0x19, 0x92, 0x21,
    0x93, 0x21, 0xc9, 0x10, 0xe3, 0x18, 0xd8, 0xbd, 0x35, 0xa5, 0xf4, 0x9c, 0xd4, 0x94, 0xf8, 0xbd,
    0xdb, 0xde, 0x52, 0x84, 0xa2, 0x10, 0x49, 0x4a, 0xd7, 0xbd, 0x9a, 0xd6, 0xfb, 0xde, 0xfb, 0xde,
    0xfb, 0xde, 0xfb, 0xde, 0xfb, 0xde, 0xfb, 0xde, 0xfb, 0xde, 0xfb, 0xde, 0xfb, 0xde, 0xfb, 0xde,
    0xfb, 0xde, 0xfb, 0xde, 0xfb, 0xde, 0x1c, 0xe7, 0x45, 0x29, 0x86, 0x29, 0xaf, 0x73, 0x4e, 0x63,
    0x6e, 0x6b, 0x4e, 0x63, 0x08, 0x3a, 0x45, 0x29, 0x04, 0x19, 0x04, 0x19, 0x04, 0x19, 0x04, 0x21,
    0x66, 0x29, 0x49, 0x4a, 0x8e, 0x6b, 0x6e, 0x6b, 0x6e, 0x6b, 0x4e, 0x6b, 0x4e, 0x6b, 0x4e, 0x6b,
    0x4e, 0x63, 0x6e, 0x6b, 0x6e, 0x6b, 0x6e, 0x6b, 0x2d, 0x63, 0xa7, 0x31, 0x04, 0x21, 0x04, 0x19,
    0xe4, 0x18, 0x04, 0x19, 0x04, 0x21, 0x86, 0x29, 0xab, 0x52, 0x6e, 0x6b, 0x4e, 0x63, 0x8f, 0x6b,
    0x6a, 0x4a, 0x41, 0x08, 0x59, 0xce, 0xdb, 0xde, 0x76, 0xad, 0x76, 0xad, 0x76, 0xad, 0x76, 0xad,
    0x55, 0xad, 0x39, 0xc6, 0xfb, 0xde, 0xdb, 0xde, 0xfb, 0xde, 0xfb, 0xde, 0xfb, 0xde, 0xfb, 0xde,
    0xfb, 0xde, 0xfb, 0xde, 0xfb, 0xde, 0xfb, 0xde, 0xfb, 0xde, 0xfb, 0xde, 0x9a, 0xd6, 0xd8, 0xbd,
    0x28, 0x42, 0x04, 0x21, 0x56, 0xad, 0xfb, 0xde, 0x56, 0xad, 0x31, 0x84, 0x51, 0x84, 0xb3, 0x94,
    0x72, 0x8c, 0x20, 0x00, 0x0a, 0x19, 0x92, 0x21, 0x93, 0x21, 0xc9, 0x10, 0xe2, 0x18, 0xf8, 0xbd,
    0x35, 0xa5, 0xf4, 0x9c, 0xd4, 0x94, 0xd8, 0xbd, 0xdb, 0xde, 0x52, 0x8c, 0xa2, 0x10, 0x49, 0x4a,
    0xd7, 0xbd, 0xba, 0xd6, 0xfb, 0xde, 0xdb, 0xde, 0xfb, 0xde, 0xfb, 0xde, 0xfb, 0xde, 0xfb, 0xde,
    0xfb, 0xde, 0xfb, 0xde, 0xfb, 0xde, 0xfb, 0xde, 0xfb, 0xde, 0xfb, 0xde, 0xfb, 0xde, 0x1c, 0xe7,
    0x86, 0x31, 0x66, 0x29, 0x2d, 0x63, 0xcc, 0x52, 0xec, 0x5a, 0xa7, 0x31, 0x00, 0x00, 0x25, 0x21,
    0xab, 0x52, 0x8b, 0x4a, 0x6b, 0x4a, 0x8b, 0x4a, 0x82, 0x10, 0xe4, 0x18, 0x0d, 0x5b, 0xcc, 0x52,
    0xec, 0x5a, 0xec, 0x5a, 0xcc, 0x5a, 0xcc, 0x52, 0xec, 0x5a, 0xcc, 0x52, 0xcc, 0x52, 0xec, 0x5a,
    0x6a, 0x4a, 0x00, 0x00, 0xc8, 0x31, 0x8b, 0x4a, 0x8b, 0x4a, 0x8b, 0x4a, 0x2a, 0x42, 0x00, 0x00,
    0x86, 0x31, 0xec, 0x5a, 0xcb, 0x52, 0xec, 0x5a, 0x09, 0x42, 0x82, 0x10, 0x59, 0xce, 0x1c, 0xe7,
    0x1b, 0xe7, 0x1c, 0xe7, 0x1c, 0xe7, 0x1c, 0xe7, 0x1c, 0xe7, 0xfb, 0xde, 0xdb, 0xde, 0xdb, 0xde,
    0xdb, 0xde, 0xdb, 0xde, 0xfb, 0xde, 0xfb, 0xde, 0xfb, 0xde, 0xfb, 0xde, 0xfb, 0xde, 0xfb, 0xde,
    0xfb, 0xde, 0xfb, 0xde, 0xba, 0xd6, 0xd7, 0xbd, 0x28, 0x42, 0x04, 0x21, 0x76, 0xad, 0xfb, 0xde,
    0x56, 0xad, 0x31, 0x84, 0x51, 0x84, 0xb3, 0x94, 0x72, 0x8c, 0x20, 0x00, 0x0a, 0x19, 0x92, 0x21,
    0x93, 0x21, 0xc9, 0x10, 0xe2, 0x18, 0xd8, 0xbd, 0x35, 0xa5, 0xf4, 0x9c, 0xd4, 0x94, 0xd8, 0xbd,
    0xdb, 0xde, 0x52, 0x8c, 0xa2, 0x10, 0x49, 0x4a, 0xd7, 0xb5, 0x9a, 0xd6, 0xfb, 0xde, 0xfb, 0xde,
    0xfb, 0xde, 0xfb, 0xde, 0xfb, 0xde, 0xfb, 0xde, 0xfb, 0xde, 0xfb, 0xde, 0xfb, 0xde, 0xfb, 0xde,
    0xfb, 0xde, 0xfb, 0xde, 0xfb, 0xde, 0xdb, 0xde, 0x9a, 0xd6, 0xaa, 0x52, 0x00, 0x00, 0x00, 0x00,
    0x41, 0x08, 0x41, 0x08, 0xc8, 0x39, 0x2a, 0x42, 0xcb, 0x52, 0x39, 0xc6, 0xf0, 0x7b, 0x66, 0x29,
    0xc8, 0x39, 0x46, 0x29, 0x61, 0x08, 0x00, 0x00, 0x00, 0x00, 0x00, 0x00, 0x00, 0x00, 0x00, 0x00,
    0x00, 0x00, 0x00, 0x00, 0x00, 0x00, 0x20, 0x00, 0xa3, 0x10, 0x29, 0x42, 0x86, 0x29, 0xcf, 0x7b,
    0x39, 0xc6, 0x31, 0x84, 0x87, 0x29, 0xc7, 0x31, 0xe4, 0x18, 0x41, 0x08, 0x00, 0x00, 0x00, 0x00,
    0x25, 0x21, 0x18, 0xc6, 0xfb, 0xde, 0x1c, 0xe7, 0x1c, 0xe7, 0x1c, 0xe7, 0x1c, 0xe7, 0x1c, 0xe7,
    0x1c, 0xe7, 0x1c, 0xe7, 0x1c, 0xe7, 0x1c, 0xe7, 0x1c, 0xe7, 0xfc, 0xde, 0xdb, 0xde, 0xfb, 0xde,
    0xfb, 0xde, 0xfb, 0xde, 0xfb, 0xde, 0xfb, 0xde, 0xfb, 0xde, 0xfb, 0xde, 0x9a, 0xd6, 0xd7, 0xb5,
    0x28, 0x42, 0x24, 0x21, 0x76, 0xad, 0xfb, 0xde, 0x76, 0xad, 0x31, 0x84, 0x51, 0x84, 0xb3, 0x94,
    0x72, 0x8c, 0x20, 0x00, 0x0a, 0x19, 0x92, 0x21, 0x93, 0x21, 0xc9, 0x10, 0xe2, 0x18, 0xd8, 0xbd,
    0x35, 0xa5, 0xf4, 0x9c, 0xd4, 0x94, 0xf8, 0xbd, 0xdb, 0xde, 0x52, 0x84, 0xa2, 0x10, 0x69, 0x4a,
    0xd7, 0xbd, 0x9a, 0xd6, 0xfb, 0xde, 0xfb, 0xde, 0xfb, 0xde, 0xfb, 0xde, 0xfb, 0xde, 0xfb, 0xde,
    0xfb, 0xde, 0xfb, 0xde, 0xfb, 0xde, 0xfb, 0xde, 0xfb, 0xde, 0xfb, 0xde, 0xfb, 0xde, 0xfb, 0xde,
    0x5d, 0xe7, 0xb6, 0xb5, 0x51, 0x8c, 0xd3, 0x9c, 0xa6, 0x39, 0x61, 0x08, 0xc8, 0x31, 0x0d, 0x5b,
    0xd7, 0xbd, 0xd8, 0xbd, 0xb7, 0xb5, 0x4e, 0x63, 0xc8, 0x31, 0x25, 0x21, 0x41, 0x08, 0x92, 0x94,
    0xb2, 0x94, 0x92, 0x94, 0xb2, 0x94, 0xb2, 0x94, 0xb2, 0x94, 0x92, 0x94, 0x13, 0x9d, 0xeb, 0x5a,
    0x00, 0x00, 0xe8, 0x39, 0x72, 0x8c, 0xb7, 0xb5, 0x97, 0xb5, 0x97, 0xad, 0xaf, 0x73, 0xe8, 0x39,
    0xa2, 0x10, 0x04, 0x21, 0xd3, 0x9c, 0x71, 0x8c, 0x34, 0xa5, 0xfc, 0xde, 0x76, 0xad, 0xd3, 0x9c,
    0xd3, 0x9c, 0xd3, 0x9c, 0xd3, 0x9c, 0xd3, 0x9c, 0xd3, 0x9c, 0xd3, 0x94, 0xd3, 0x9c, 0xf4, 0x9c,
    0xb3, 0x94, 0x96, 0xb5, 0xfb, 0xde, 0xdb, 0xde, 0xfb, 0xde, 0xfb, 0xde, 0xfb, 0xde, 0xfb, 0xde,
    0xfb, 0xde, 0xfb, 0xde, 0xba, 0xd6, 0xd8, 0xbd, 0x28, 0x42, 0x24, 0x21, 0x76, 0xad, 0xfb, 0xde,
    0x56, 0xad, 0x31, 0x84, 0x51, 0x84, 0xb3, 0x94, 0x92, 0x8c, 0x20, 0x00, 0x0a, 0x19, 0x92, 0x21,
    0x93, 0x21, 0xc9, 0x10, 0xe2, 0x18, 0xd8, 0xbd, 0x35, 0xa5, 0xf4, 0x9c, 0xd4, 0x9c, 0xf8, 0xbd,
    0xfb, 0xde, 0x52, 0x84, 0xa3, 0x10, 0x69, 0x4a, 0xd7, 0xb5, 0xba, 0xd6, 0xfb, 0xde, 0xfb, 0xde,
    0xfb, 0xde, 0xfb, 0xde, 0xfb, 0xde, 0xfb, 0xde, 0xfb, 0xde, 0xfb, 0xde, 0xfb, 0xde, 0xfb, 0xde,
    0xfb, 0xde, 0xfb, 0xde, 0xfb, 0xde, 0xfb, 0xde, 0xdb, 0xde, 0x1c, 0xe7, 0x5d, 0xef, 0xdf, 0xff,
    0xcb, 0x5a, 0x20, 0x00, 0xa7, 0x31, 0xed, 0x5a, 0x97, 0xb5, 0x35, 0xa5, 0x97, 0xad, 0xaf, 0x73,
    0xa7, 0x31, 0x04, 0x19, 0xa2, 0x10, 0xfb, 0xde, 0x7d, 0xef, 0x5d, 0xef, 0x5d, 0xef, 0x5d, 0xef,
    0x5d, 0xef, 0x3c, 0xe7, 0xdf, 0xff, 0x92, 0x94, 0x00, 0x00, 0xa7, 0x31, 0xb3, 0x94, 0x97, 0xb5,
    0x35, 0xa5, 0x76, 0xad, 0x11, 0x7c, 0xc8, 0x39, 0x62, 0x08, 0xc7, 0x39, 0xbe, 0xf7, 0x5d, 0xef,
    0x5c, 0xef, 0xbb, 0xd6, 0x76, 0xad, 0x35, 0xa5, 0x14, 0xa5, 0x14, 0xa5, 0x14, 0xa5, 0x14, 0xa5,
    0x14, 0xa5, 0x14, 0xa5, 0x14, 0xa5, 0x14, 0xa5, 0xf4, 0x9c, 0xb7, 0xb5, 0xfb, 0xde, 0xdb, 0xde,
    0xfb, 0xde, 0xfb, 0xde, 0xfb, 0xde, 0xfb, 0xde, 0xfb, 0xde, 0xfb, 0xde, 0x9a, 0xd6, 0xd7, 0xbd,
    0x28, 0x42, 0x04, 0x21, 0x76, 0xad, 0xfb, 0xde, 0x55, 0xad, 0x31, 0x84, 0x51, 0x84, 0xb3, 0x94,
    0x92, 0x8c, 0x20, 0x00, 0x0a, 0x19, 0x92, 0x21, 0x93, 0x21, 0xc9, 0x10, 0xe2, 0x18, 0xd8, 0xbd,
    0x35, 0xa5, 0xf4, 0x9c, 0xd4, 0x9c, 0xf8, 0xbd, 0xfb, 0xde, 0x52, 0x84, 0xa3, 0x10, 0x49, 0x4a,
    0xd7, 0xb5, 0xba, 0xd6, 0xfb, 0xde, 0xfb, 0xde, 0xfb, 0xde, 0xfb, 0xde, 0xfb, 0xde, 0xfb, 0xde,
    0xfb, 0xde, 0xfb, 0xde, 0xfb, 0xde, 0xfb, 0xde, 0xfb, 0xde, 0xdb, 0xde, 0xfb, 0xde, 0xdb, 0xde,
    0xdb, 0xde, 0xdb, 0xde, 0xba, 0xd6, 0x3c, 0xe7, 0xeb, 0x5a, 0x41, 0x08, 0x86, 0x31, 0xe8, 0x39,
    0x6e, 0x6b, 0x56, 0xad, 0x52, 0x84, 0x4a, 0x42, 0xc8, 0x31, 0x04, 0x21, 0xe3, 0x20, 0x79, 0xce,
    0xdb, 0xde, 0xdb, 0xde, 0xdb, 0xde, 0xdb, 0xde, 0xdb, 0xde, 0xba, 0xd6, 0x3c, 0xe7, 0x71, 0x8c,
    0x41, 0x08, 0xe8, 0x39, 0x49, 0x42, 0x11, 0x7c, 0x76, 0xad, 0x52, 0x84, 0x6a, 0x4a, 0xe8, 0x39,
    0x82, 0x10, 0x08, 0x42, 0x1c, 0xe7, 0xba, 0xd6, 0xdb, 0xde, 0xdb, 0xde, 0x1c, 0xe7, 0x1c, 0xe7,
    0x3c, 0xe7, 0x1c, 0xe7, 0x1c, 0xe7, 0x1c, 0xe7, 0x1c, 0xe7, 0x1c, 0xe7, 0x1c, 0xe7, 0x1c, 0xe7,
    0x3c, 0xe7, 0x1c, 0xe7, 0xfb, 0xde, 0xfb, 0xde, 0xfb, 0xde, 0xfb, 0xde, 0xfb, 0xde, 0xfb, 0xde,
    0xfb, 0xde, 0xfb, 0xde, 0xba, 0xd6, 0xd8, 0xbd, 0x28, 0x42, 0x04, 0x21, 0x76, 0xad, 0xfc, 0xde,
    0x55, 0xad, 0x31, 0x84, 0x51, 0x84, 0xb3, 0x94, 0x93, 0x8c, 0x20, 0x00, 0x0a, 0x19, 0x92, 0x21,
    0x93, 0x21, 0xc9, 0x10, 0xe2, 0x18, 0xd8, 0xbd, 0x35, 0xa5, 0xf4, 0x9c, 0xd4, 0x9c, 0xf8, 0xbd,
    0xdb, 0xde, 0x51, 0x84, 0xa2, 0x10, 0x49, 0x4a, 0xd7, 0xb5, 0xba, 0xd6, 0xfb, 0xde, 0xfb, 0xde,
    0xfb, 0xde, 0xfb, 0xde, 0xfb, 0xde, 0xfb, 0xde, 0xfb, 0xde, 0xfb, 0xde, 0xfb, 0xde, 0xfb, 0xde,
    0xfb, 0xde, 0x1c, 0xe7, 0x1c, 0xe7, 0x1c, 0xe7, 0x1c, 0xe7, 0x1c, 0xe7, 0x1c, 0xe7, 0x1c, 0xe7,
    0xba, 0xde, 0x38, 0xc6, 0xc3, 0x18, 0x62, 0x08, 0x29, 0x42, 0x29, 0x42, 0x09, 0x3a, 0x09, 0x3a,
    0x41, 0x00, 0x49, 0x4a, 0xfb, 0xde, 0xfb, 0xde, 0x1c, 0xe7, 0x1c, 0xe7, 0x1c, 0xe7, 0x1c, 0xe7,
    0x1c, 0xe7, 0x1c, 0xe7, 0x1c, 0xe7, 0x1b, 0xe7, 0x76, 0xad, 0x21, 0x00, 0x66, 0x29, 0x4a, 0x42,
    0x29, 0x42, 0x09, 0x42, 0xe8, 0x39, 0x00, 0x00, 0x8e, 0x73, 0x1c, 0xe7, 0xfb, 0xde, 0x1c, 0xe7,
    0x1c, 0xe7, 0x1c, 0xe7, 0x1c, 0xe7, 0x1c, 0xe7, 0x1c, 0xe7, 0x1c, 0xe7, 0x1c, 0xe7, 0x1c, 0xe7,
    0x1c, 0xe7, 0x1c, 0xe7, 0x1c, 0xe7, 0x1c, 0xe7, 0xfb, 0xde, 0xdb, 0xde, 0xfb, 0xde, 0xfb, 0xde,
    0xfb, 0xde, 0xfb, 0xde, 0xfb, 0xde, 0xfb, 0xde, 0xfb, 0xde, 0xfb, 0xde, 0xba, 0xd6, 0xd8, 0xbd,
    0x28, 0x42, 0x24, 0x21, 0x76, 0xad, 0xfc, 0xde, 0x55, 0xad, 0x31, 0x84, 0x51, 0x84, 0xb3, 0x94,
    0x93, 0x8c, 0x20, 0x00, 0x0a, 0x19, 0x92, 0x21, 0x93, 0x21, 0xc9, 0x10, 0xe2, 0x18, 0xd8, 0xb5,
    0x35, 0xa5, 0xf4, 0x9c, 0xd4, 0x9c, 0xf8, 0xbd, 0xdb, 0xde, 0x51, 0x84, 0xa2, 0x10, 0x49, 0x4a,
    0xd7, 0xb5, 0x9a, 0xd6, 0xfb, 0xde, 0xfb, 0xde, 0xfb, 0xde, 0xfb, 0xde, 0xfb, 0xde, 0xfb, 0xde,
    0xfb, 0xde, 0xfb, 0xde, 0xdb, 0xde, 0xfb, 0xde, 0x9a, 0xd6, 0x14, 0xa5, 0x14, 0xa5, 0x14, 0xa5,
    0x35, 0xa5, 0x35, 0xa5, 0x55, 0xa5, 0x55, 0xa5, 0x55, 0xad, 0x55, 0xa5, 0x4d, 0x6b, 0xc7, 0x39,
    0x61, 0x08, 0x41, 0x08, 0x61, 0x08, 0x61, 0x08, 0xe7, 0x39, 0xf0, 0x7b, 0x76, 0xad, 0x35, 0xa5,
    0x35, 0xa5, 0x35, 0xa5, 0x35, 0xa5, 0x55, 0xa5, 0x35, 0xa5, 0x35, 0xa5, 0x35, 0xa5, 0x55, 0xad,
    0xf4, 0x9c, 0x0c, 0x63, 0x04, 0x21, 0x41, 0x08, 0x41, 0x08, 0x61, 0x08, 0xa2, 0x10, 0x8a, 0x52,
    0x51, 0x8c, 0x96, 0xad, 0x35, 0xa5, 0x55, 0xa5, 0x55, 0xa5, 0x55, 0xa5, 0x55, 0xa5, 0x35, 0xa5,
    0x14, 0xa5, 0x14, 0xa5, 0x14, 0xa5, 0x14, 0xa5, 0x14, 0xa5, 0x14, 0xa5, 0x14, 0xa5, 0xf4, 0x9c,
    0x38, 0xc6, 0xfb, 0xe6, 0xdb, 0xde, 0xfb, 0xde, 0xdb, 0xde, 0xfb, 0xde, 0xfb, 0xde, 0xfb, 0xde,
    0xfb, 0xde, 0xfb, 0xde, 0x9a, 0xd6, 0xd8, 0xbd, 0x28, 0x42, 0x04, 0x21, 0x76, 0xad, 0xfb, 0xde,
    0x55, 0xad, 0x31, 0x84, 0x51, 0x84, 0xb3, 0x94, 0x93, 0x8c, 0x20, 0x00, 0x0a, 0x19, 0x92, 0x21,
    0x93, 0x21, 0xc9, 0x10, 0xe2, 0x18, 0xd8, 0xb5, 0x15, 0xa5, 0xf4, 0x9c, 0xd4, 0x94, 0xf8, 0xbd,
    0xdb, 0xde, 0x51, 0x84, 0xa2, 0x10, 0x49, 0x4a, 0xd7, 0xb5, 0x9a, 0xd6, 0xfb, 0xde, 0xfb, 0xde,
    0xfb, 0xde, 0xfb, 0xde, 0xfb, 0xde, 0xfb, 0xde, 0xfb, 0xde, 0xfb, 0xde, 0xdb, 0xde, 0xfb, 0xde,
    0x9a, 0xd6, 0x14, 0xa5, 0x14, 0xa5, 0x14, 0xa5, 0x92, 0x8c, 0xf0, 0x7b, 0x10, 0x7c, 0x10, 0x7c,
    0x10, 0x7c, 0x10, 0x7c, 0x93, 0x94, 0x8e, 0x6b, 0x65, 0x29, 0x86, 0x29, 0x86, 0x29, 0x65, 0x29,
    0x8e, 0x73, 0x72, 0x8c, 0xf0, 0x7b, 0xf0, 0x7b, 0xf0, 0x7b, 0xf0, 0x7b, 0x10, 0x7c, 0x10, 0x7c,
    0x10, 0x7c, 0x10, 0x7c, 0x10, 0x7c, 0x10, 0x7c, 0x11, 0x7c, 0x93, 0x8c, 0x49, 0x42, 0x65, 0x29,
    0x86, 0x29, 0x65, 0x29, 0xc7, 0x31, 0x72, 0x8c, 0x31, 0x84, 0xf0, 0x7b, 0x10, 0x7c, 0x10, 0x84,
    0x10, 0x7c, 0x10, 0x7c, 0x10, 0x7c, 0x31, 0x84, 0x14, 0xa5, 0x14, 0xa5, 0x14, 0xa5, 0x14, 0xa5,
    0x14, 0xa5, 0x14, 0xa5, 0x14, 0xa5, 0xf4, 0x9c, 0x38, 0xc6, 0x1c, 0xe7, 0xdb, 0xde, 0xfb, 0xde,
    0xdb, 0xde, 0xfb, 0xde, 0xfb, 0xde, 0xfb, 0xde, 0xfb, 0xde, 0xfb, 0xde, 0x9a, 0xd6, 0xd7, 0xb5,
    0x28, 0x42, 0x04, 0x21, 0x76, 0xad, 0xfb, 0xde, 0x55, 0xa5, 0x11, 0x84, 0x51, 0x84, 0xb3, 0x94,
    0x92, 0x8c, 0x20, 0x00, 0x0a, 0x19, 0x92, 0x21, 0x93, 0x21, 0xc9, 0x10, 0xe2, 0x18, 0xd7, 0xb5,
    0x15, 0x9d, 0xf4, 0x9c, 0xd4, 0x94, 0xd7, 0xbd, 0xdb, 0xde, 0x52, 0x84, 0xa3, 0x10, 0x49, 0x4a,
    0xb7, 0xb5, 0x9a, 0xd6, 0xfb, 0xde, 0xfb, 0xde, 0xfb, 0xde, 0xfb, 0xde, 0xfb, 0xde, 0xfb, 0xde,
    0xfb, 0xde, 0xfb, 0xde, 0xfb, 0xde, 0xfb, 0xde, 0xfb, 0xde, 0x1c, 0xe7, 0x1c, 0xe7, 0x3c, 0xe7,
    0xf7, 0xbd, 0xb3, 0x94, 0xd3, 0x94, 0xd3, 0x94, 0xd3, 0x9c, 0xd3, 0x9c, 0xb3, 0x94, 0xd3, 0x9c,
    0xf4, 0x9c, 0x14, 0x9d, 0x14, 0x9d, 0xf4, 0x9c, 0xd3, 0x9c, 0xb3, 0x94, 0xb3, 0x94, 0xb3, 0x94,
    0xb3, 0x94, 0xb3, 0x94, 0xb3, 0x94, 0xb3, 0x94, 0xd3, 0x94, 0xd3, 0x9c, 0xd3, 0x94, 0xd3, 0x9c,
    0xd3, 0x94, 0xb3, 0x94, 0xf4, 0x9c, 0x14, 0x9d, 0xf4, 0x9c, 0x14, 0x9d, 0x14, 0x9d, 0xb3, 0x94,
    0xb3, 0x94, 0xd3, 0x94, 0xb3, 0x94, 0xb3, 0x94, 0xb3, 0x94, 0xd3, 0x94, 0xb3, 0x94, 0x14, 0xa5,
    0xfb, 0xde, 0x1c, 0xe7, 0x1c, 0xe7, 0x1c, 0xe7, 0x1c, 0xe7, 0x1c, 0xe7, 0x1c, 0xe7, 0x3c, 0xe7,
    0xfc, 0xde, 0xdb, 0xde, 0xfb, 0xde, 0xfb, 0xde, 0xfb, 0xde, 0xfb, 0xde, 0xfb, 0xde, 0xfb, 0xde,
    0xfb, 0xde, 0xfb, 0xde, 0x9a, 0xd6, 0xb7, 0xb5, 0x28, 0x42, 0x04, 0x21, 0x76, 0xad, 0xfb, 0xde,
    0x55, 0xad, 0x11, 0x7c, 0x31, 0x84, 0xb3, 0x94, 0x93, 0x8c, 0x20, 0x00, 0x0a, 0x19, 0x92, 0x21,
    0x93, 0x21, 0xc9, 0x10, 0xe2, 0x18, 0xd7, 0xb5, 0x15, 0xa5, 0xf4, 0x9c, 0xd4, 0x94, 0xd8, 0xbd,
    0xdb, 0xde, 0x52, 0x8c, 0xa3, 0x10, 0x49, 0x4a, 0xb7, 0xb5, 0x9a, 0xd6, 0xfb, 0xde, 0xdb, 0xde,
    0xfb, 0xde, 0xfb, 0xde, 0xfb, 0xde, 0xfb, 0xde, 0xfb, 0xde, 0xfb, 0xde, 0xfb, 0xde, 0xfb, 0xde,
    0xfb, 0xde, 0xdb, 0xde, 0xdb, 0xde, 0xdb, 0xde, 0xfb, 0xde, 0xdb, 0xde, 0xdb, 0xde, 0xdb, 0xde,
    0xfb, 0xde, 0xfb, 0xde, 0xfb, 0xde, 0xdb, 0xde, 0xdb, 0xde, 0xdb, 0xde, 0xdb, 0xde, 0xdb, 0xde,
    0xdb, 0xde, 0xfb, 0xde, 0xdb, 0xde, 0xfb, 0xde, 0xdb, 0xde, 0xfb, 0xde, 0xdb, 0xde, 0xdb, 0xde,
    0xdb, 0xde, 0xdb, 0xde, 0xdb, 0xde, 0xdb, 0xde, 0xdb, 0xde, 0xdb, 0xde, 0xdb, 0xde, 0xdb, 0xde,
    0xdb, 0xde, 0xdb, 0xde, 0xdb, 0xde, 0xdb, 0xde, 0xdb, 0xde, 0xdb, 0xde, 0xdb, 0xde, 0xdb, 0xde,
    0xfb, 0xde, 0xfb, 0xde, 0xdb, 0xde, 0xdb, 0xde, 0xdb, 0xde, 0xdb, 0xde, 0xfb, 0xde, 0xfb, 0xde,
    0xdb, 0xde, 0xdb, 0xde, 0xdb, 0xde, 0xdb, 0xde, 0xfb, 0xde, 0xfb, 0xde, 0xfb, 0xde, 0xfb, 0xde,
    0xfb, 0xde, 0xfb, 0xde, 0xfb, 0xde, 0xfb, 0xde, 0xfb, 0xde, 0xfb, 0xde, 0xba, 0xd6, 0xb7, 0xb5,
    0x08, 0x42, 0x04, 0x21, 0x76, 0xad, 0xfb, 0xde, 0x55, 0xad, 0x11, 0x7c, 0x31, 0x84, 0xb3, 0x94,
    0x92, 0x8c, 0x20, 0x00, 0x0a, 0x19, 0x92, 0x21, 0x93, 0x21, 0xc9, 0x10, 0xe2, 0x18, 0xd7, 0xb5,
    0x15, 0x9d, 0xf4, 0x9c, 0xd4, 0x94, 0xd8, 0xbd, 0xfb, 0xde, 0x52, 0x8c, 0xa3, 0x10, 0x49, 0x4a,
    0xd7, 0xb5, 0x9a, 0xd6, 0xfb, 0xde, 0xdb, 0xde, 0xfb, 0xde, 0xfb, 0xde, 0xfb, 0xde, 0xfb, 0xde,
    0xfb, 0xde, 0xfb, 0xde, 0xfb, 0xde, 0xfb, 0xde, 0xfb, 0xde, 0xfb, 0xde, 0xfb, 0xde, 0xfb, 0xde,
    0xfb, 0xde, 0xfb, 0xde, 0xfb, 0xde, 0xfb, 0xde, 0xfb, 0xde, 0xfb, 0xde, 0xfb, 0xde, 0xfb, 0xde,
    0xfb, 0xde, 0xfb, 0xde, 0xfb, 0xde, 0xfb, 0xde, 0xfb, 0xde, 0xfb, 0xde, 0xfb, 0xde, 0xfb, 0xde,
    0xfb, 0xde, 0xfb, 0xde, 0xfb, 0xde, 0xfb, 0xde, 0xfb, 0xde, 0xfb, 0xde, 0xfb, 0xde, 0xfb, 0xde,
    0xfb, 0xde, 0xfb, 0xde, 0xfb, 0xde, 0xfb, 0xde, 0xfb, 0xde, 0xfb, 0xde, 0xfb, 0xde, 0xfb, 0xde,
    0xfb, 0xde, 0xfb, 0xde, 0xfb, 0xde, 0xfb, 0xde, 0xfb, 0xde, 0xfb, 0xde, 0xfb, 0xde, 0xfb, 0xde,
    0xfb, 0xde, 0xfb, 0xde, 0xfb, 0xde, 0xfb, 0xde, 0xfb, 0xde, 0xfb, 0xde, 0xfb, 0xde, 0xfb, 0xde,
    0xfb, 0xde, 0xfb, 0xde, 0xfb, 0xde, 0xfb, 0xde, 0xfb, 0xde, 0xfb, 0xde, 0xfb, 0xde, 0xfb, 0xde,
    0xdb, 0xde, 0xfb, 0xde, 0x9a, 0xd6, 0xb7, 0xb5, 0x08, 0x42, 0x04, 0x21, 0x76, 0xad, 0xfb, 0xde,
    0x55, 0xad, 0x10, 0x7c, 0x31, 0x84, 0xb3, 0x94, 0x92, 0x8c, 0x20, 0x00, 0x0a, 0x19, 0x92, 0x21,
    0x93, 0x21, 0xc9, 0x10, 0xe2, 0x18, 0xd7, 0xb5, 0x15, 0x9d, 0xf4, 0x9c, 0xd3, 0x94, 0xd8, 0xbd,
    0xfb, 0xde, 0x52, 0x84, 0xa3, 0x10, 0x49, 0x4a, 0xd7, 0xb5, 0xba, 0xd6, 0xfb, 0xde, 0xdb, 0xde,
    0xfb, 0xde, 0xfb, 0xde, 0xfb, 0xde, 0xfb, 0xde, 0xfb, 0xde, 0xfb, 0xde, 0xfb, 0xde, 0xfb, 0xde,
    0xfb, 0xde, 0xfb, 0xde, 0xfb, 0xde, 0xfb, 0xde, 0xfb, 0xde, 0xfb, 0xde, 0xfb, 0xde, 0xfb, 0xde,
    0xfb, 0xde, 0xfb, 0xde, 0xfb, 0xde, 0xfb, 0xde, 0xfb, 0xde, 0xfb, 0xde, 0xfb, 0xde, 0xfb, 0xde,
    0xfb, 0xde, 0xfb, 0xde, 0xfb, 0xde, 0xfb, 0xde, 0xfb, 0xde, 0xfb, 0xde, 0xfb, 0xde, 0xfb, 0xde,
    0xfb, 0xde, 0xfb, 0xde, 0xfb, 0xde, 0xfb, 0xde, 0xfb, 0xde, 0xfb, 0xde, 0xfb, 0xde, 0xfb, 0xde,
    0xfb, 0xde, 0xfb, 0xde, 0xfb, 0xde, 0xfb, 0xde, 0xfb, 0xde, 0xfb, 0xde, 0xfb, 0xde, 0xfb, 0xde,
    0xfb, 0xde, 0xfb, 0xde, 0xfb, 0xde, 0xfb, 0xde, 0xfb, 0xde, 0xfb, 0xde, 0xfb, 0xde, 0xfb, 0xde,
    0xfb, 0xde, 0xfb, 0xde, 0xfb, 0xde, 0xfb, 0xde, 0xfb, 0xde, 0xfb, 0xde, 0xfb, 0xde, 0xfb, 0xde,
    0xfb, 0xde, 0xfb, 0xde, 0xfb, 0xde, 0xfb, 0xde, 0xdb, 0xde, 0xfb, 0xde, 0x9a, 0xd6, 0xb7, 0xb5,
    0x08, 0x42, 0x24, 0x21, 0x76, 0xad, 0xfb, 0xde, 0x55, 0xa5, 0x10, 0x7c, 0x31, 0x84, 0xb3, 0x94,
    0x72, 0x8c, 0x20, 0x00, 0x0a, 0x19, 0x92, 0x21, 0x93, 0x21, 0xc9, 0x10, 0xe3, 0x18, 0xd8, 0xbd,
    0x15, 0x9d, 0xf4, 0x9c, 0xb3, 0x94, 0xd7, 0xbd, 0xdb, 0xde, 0x52, 0x84, 0xa3, 0x10, 0x49, 0x4a,
    0xd7, 0xb5, 0xba, 0xd6, 0xfb, 0xde, 0xdb, 0xde, 0xfb, 0xde, 0xfb, 0xde, 0xfb, 0xde, 0xfb, 0xde,
    0xfb, 0xde, 0xfb, 0xde, 0xfb, 0xde, 0xfb, 0xde, 0xfb, 0xde, 0xfb, 0xde, 0xfb, 0xde, 0xfb, 0xde,
    0xfb, 0xde, 0xfb, 0xde, 0xfb, 0xde, 0xfb, 0xde, 0xfb, 0xde, 0xfb, 0xde, 0xfb, 0xde, 0xfb, 0xde,
    0xfb, 0xde, 0xfb, 0xde, 0xfb, 0xde, 0xfb, 0xde, 0xfb, 0xde, 0xfb, 0xde, 0xfb, 0xde, 0xfb, 0xde,
    0xfb, 0xde, 0xfb, 0xde, 0xfb, 0xde, 0xfb, 0xde, 0xfb, 0xde, 0xfb, 0xde, 0xfb, 0xde, 0xfb, 0xde,
    0xfb, 0xde, 0xfb, 0xde, 0xdb, 0xde, 0xdb, 0xde, 0xfb, 0xde, 0xfb, 0xde, 0xfb, 0xde, 0xfb, 0xde,
    0xfb, 0xde, 0xfb, 0xde, 0xfb, 0xde, 0xfb, 0xde, 0xfb, 0xde, 0xfb, 0xde, 0xfb, 0xde, 0xfb, 0xde,
    0xfb, 0xde, 0xfb, 0xde, 0xfb, 0xde, 0xfb, 0xde, 0xfb, 0xde, 0xfb, 0xde, 0xfb, 0xde, 0xfb, 0xde,
    0xdb, 0xde, 0xfb, 0xde, 0xfb, 0xde, 0xfb, 0xde, 0xfb, 0xde, 0xfb, 0xde, 0xfb, 0xde, 0xfb, 0xde,
    0xfb, 0xde, 0xfb, 0xde, 0x9a, 0xd6, 0xb7, 0xb5, 0x08, 0x42, 0x24, 0x21, 0x76, 0xad, 0xfc, 0xde,
    0x55, 0xad, 0x11, 0x84, 0x31, 0x84, 0xb3, 0x94, 0x92, 0x8c, 0x20, 0x00, 0x0a, 0x19, 0x92, 0x21,
    0x93, 0x21, 0xc9, 0x10, 0xe3, 0x18, 0xd8, 0xb5, 0x15, 0x9d, 0xf4, 0x9c, 0xd3, 0x94, 0xd8, 0xbd,
    0xfb, 0xde, 0x52, 0x84, 0xa3, 0x10, 0x49, 0x4a, 0xd7, 0xb5, 0x9a, 0xd6, 0xfb, 0xde, 0xdb, 0xde,
    0xfb, 0xde, 0xfb, 0xde, 0xfb, 0xde, 0xfb, 0xde, 0xfb, 0xde, 0xfb, 0xde, 0xfb, 0xde, 0xfb, 0xde,
    0xfb, 0xde, 0xfb, 0xde, 0xfb, 0xde, 0xfb, 0xde, 0xfb, 0xde, 0xfb, 0xde, 0xfb, 0xde, 0xfb, 0xde,
    0xfb, 0xde, 0xfb, 0xde, 0xfb, 0xde, 0xfb, 0xde, 0xfb, 0xde, 0xfb, 0xde, 0xfb, 0xde, 0xfb, 0xde,
    0xfb, 0xde, 0xfb, 0xde, 0xfb, 0xde, 0xfb, 0xde, 0xfb, 0xde, 0xfb, 0xde, 0xfb, 0xde, 0xfb, 0xde,
    0xfb, 0xde, 0xfb, 0xde, 0xfb, 0xde, 0xfb, 0xde, 0xfb, 0xde, 0xdb, 0xde, 0xfb, 0xde, 0xfb, 0xde,
    0xfb, 0xde, 0xfb, 0xde, 0xfb, 0xde, 0xfb, 0xde, 0xfb, 0xde, 0xfb, 0xde, 0xfb, 0xde, 0xfb, 0xde,
    0xfb, 0xde, 0xfb, 0xde, 0xfb, 0xde, 0xfb, 0xde, 0xfb, 0xde, 0xfb, 0xde, 0xfb, 0xde, 0xfb, 0xde,
    0xfb, 0xde, 0xfb, 0xde, 0xfb, 0xde, 0xdb, 0xde, 0xfb, 0xde, 0xfb, 0xde, 0xfb, 0xde, 0xfb, 0xde,
    0xfb, 0xde, 0xfb, 0xde, 0xfb, 0xde, 0xfb, 0xde, 0xfb, 0xde, 0xfb, 0xde, 0x9a, 0xd6, 0xd7, 0xb5,
    0x08, 0x42, 0x04, 0x21, 0x76, 0xad, 0xfc, 0xde, 0x55, 0xad, 0x11, 0x84, 0x31, 0x84, 0xb3, 0x94,
    0x93, 0x8c, 0x20, 0x00, 0x0a, 0x19, 0x92, 0x21, 0x93, 0x21, 0xc9, 0x10, 0xe2, 0x18, 0xd8, 0xb5,
    0x14, 0x9d, 0xd4, 0x9c, 0xd3, 0x94, 0xd7, 0xbd, 0xfb, 0xde, 0x51, 0x84, 0xa3, 0x10, 0x49, 0x4a,
    0xb7, 0xb5, 0x9a, 0xd6, 0xfb, 0xde, 0xfb, 0xde, 0xfb, 0xde, 0xfb, 0xde, 0xfb, 0xde, 0xfb, 0xde,
    0xfb, 0xde, 0xfb, 0xde, 0xfb, 0xde, 0xfb, 0xde, 0xfb, 0xde, 0xfb, 0xde, 0xfb, 0xde, 0xfb, 0xde,
    0xfb, 0xde, 0xfb, 0xde, 0xfb, 0xde, 0xfb, 0xde, 0xfb, 0xde, 0xfb, 0xde, 0xfb, 0xde, 0xfb, 0xde,
    0xfb, 0xde, 0xfb, 0xde, 0xfb, 0xde, 0xfb, 0xde, 0xfb, 0xde, 0xfb, 0xde, 0xfb, 0xde, 0xfb, 0xde,
    0xfb, 0xde, 0xfb, 0xde, 0xfb, 0xde, 0xfb, 0xde, 0xfb, 0xde, 0xfb, 0xde, 0xfb, 0xde, 0xfb, 0xde,
    0xfb, 0xde, 0xfb, 0xde, 0xfb, 0xde, 0xfb, 0xde, 0xfb, 0xde, 0xfb, 0xde, 0xfb, 0xde, 0xfb, 0xde,
    0xfb, 0xde, 0xfb, 0xde, 0xfb, 0xde, 0xfb, 0xde, 0xfb, 0xde, 0xfb, 0xde, 0xfb, 0xde, 0xfb, 0xde,
    0xfb, 0xde, 0xfb, 0xde, 0xfb, 0xde, 0xdb, 0xde, 0xfb, 0xde, 0xfb, 0xde, 0xfb, 0xde, 0xfb, 0xde,
    0xfb, 0xde, 0xfb, 0xde, 0xfb, 0xde, 0xfb, 0xde, 0xfb, 0xde, 0xfb, 0xde, 0xfb, 0xde, 0xfb, 0xde,
    0xdb, 0xde, 0xfb, 0xde, 0xba, 0xd6, 0xd7, 0xb5, 0x08, 0x42, 0x04, 0x21, 0x56, 0xad, 0xfc, 0xde,
    0x55, 0xad, 0x11, 0x84, 0x31, 0x84, 0xb3, 0x94, 0x93, 0x8c, 0x20, 0x00, 0x0a, 0x19, 0x92, 0x21,
    0x93, 0x21, 0xc9, 0x10, 0xe2, 0x18, 0xd7, 0xb5, 0x15, 0x9d, 0xf4, 0x9c, 0xd3, 0x94, 0xd7, 0xbd,
    0xdb, 0xde, 0x31, 0x84, 0xa2, 0x10, 0x49, 0x4a, 0xb7, 0xb5, 0x9a, 0xd6, 0xfb, 0xde, 0xfb, 0xde,
    0xfb, 0xde, 0xfb, 0xde, 0xfb, 0xde, 0xfb, 0xde, 0xfb, 0xde, 0xfb, 0xde, 0xfb, 0xde, 0xfb, 0xde,
    0xfb, 0xde, 0xfb, 0xde, 0xfb, 0xde, 0xfb, 0xde, 0xfb, 0xde, 0xfb, 0xde, 0xfb, 0xde, 0xfb, 0xde,
    0xfb, 0xde, 0xfb, 0xde, 0xfb, 0xde, 0xfb, 0xde, 0xfb, 0xde, 0xfb, 0xde, 0xfb, 0xde, 0xfb, 0xde,
    0xfb, 0xde, 0xfb, 0xde, 0xfb, 0xde, 0xfb, 0xde, 0xfb, 0xde, 0xfb, 0xde, 0xfb, 0xde, 0xfb, 0xde,
    0xfb, 0xde, 0xfb, 0xde, 0xfb, 0xde, 0xfb, 0xde, 0xfb, 0xde, 0xfb, 0xde, 0xfb, 0xde, 0xfb, 0xde,
    0xfb, 0xde, 0xfb, 0xde, 0xfb, 0xde, 0xfb, 0xde, 0xfb, 0xde, 0xfb, 0xde, 0xfb, 0xde, 0xfb, 0xde,
    0xfb, 0xde, 0xfb, 0xde, 0xfb, 0xde, 0xfb, 0xde, 0xfb, 0xde, 0xfb, 0xde, 0xfb, 0xde, 0xdb, 0xde,
    0xfb, 0xde, 0xfb, 0xde, 0xfb, 0xde, 0xfb, 0xde, 0xfb, 0xde, 0xfb, 0xde, 0xfb, 0xde, 0xfb, 0xde,
    0xfb, 0xde, 0xfb, 0xde, 0xfb, 0xde, 0xdb, 0xde, 0xfb, 0xde, 0xfb, 0xde, 0xba, 0xd6, 0xd7, 0xb5,
    0x08, 0x42, 0x04, 0x21, 0x56, 0xad, 0xfc, 0xde, 0x55, 0xad, 0x11, 0x84, 0x51, 0x84, 0xb3, 0x94,
    0x93, 0x8c, 0x20, 0x00, 0x0a, 0x19, 0x92, 0x21, 0x93, 0x21, 0xc9, 0x10, 0xe2, 0x18, 0xd7, 0xb5,
    0x15, 0x9d, 0xf4, 0x9c, 0xd3, 0x94, 0xd8, 0xbd, 0xfb, 0xde, 0x31, 0x84, 0xa2, 0x10, 0x49, 0x4a,
    0xd7, 0xb5, 0x9a, 0xd6, 0xfb, 0xde, 0xfb, 0xde, 0xfb, 0xde, 0xfb, 0xde, 0xfb, 0xde, 0xfb, 0xde,
    0xfb, 0xde, 0xfb, 0xde, 0xfb, 0xde, 0xfb, 0xde, 0xfb, 0xde, 0xfb, 0xde, 0xfb, 0xde, 0xfb, 0xde,
    0xfb, 0xde, 0xfb, 0xde, 0xfb, 0xde, 0xfb, 0xde, 0xfb, 0xde, 0xfb, 0xde, 0xfb, 0xde, 0xfb, 0xde,
    0xfb, 0xde, 0xfb, 0xde, 0xfb, 0xde, 0xfb, 0xde, 0xfb, 0xde, 0xfb, 0xde, 0xfb, 0xde, 0xfb, 0xde,
    0xfb, 0xde, 0xfb, 0xde, 0xfb, 0xde, 0xfb, 0xde, 0xfb, 0xde, 0xfb, 0xde, 0xfb, 0xde, 0xfb, 0xde,
    0xfb, 0xde, 0xfb, 0xde, 0xfb, 0xde, 0xfb, 0xde, 0xfb, 0xde, 0xfb, 0xde, 0xfb, 0xde, 0xfb, 0xde,
    0xfb, 0xde, 0xfb, 0xde, 0xfb, 0xde, 0xfb, 0xde, 0xfb, 0xde, 0xfb, 0xde, 0xfb, 0xde, 0xfb, 0xde,
    0xfb, 0xde, 0xfb, 0xde, 0xfb, 0xde, 0xfb, 0xde, 0xfb, 0xde, 0xfb, 0xde, 0xfb, 0xde, 0xfb, 0xde,
    0xfb, 0xde, 0xfb, 0xde, 0xfb, 0xde, 0xfb, 0xde, 0xfb, 0xde, 0xfb, 0xde, 0xdb, 0xde, 0xfb, 0xde,
    0xfb, 0xde, 0xfb, 0xde, 0x9a, 0xd6, 0xd7, 0xb5, 0x08, 0x42, 0x04, 0x21, 0x56, 0xad, 0xfc, 0xde,
    0x55, 0xad, 0x11, 0x7c, 0x51, 0x84, 0xb3, 0x94, 0x93, 0x8c, 0x20, 0x00, 0x0a, 0x19, 0x92, 0x21,
    0x93, 0x21, 0xc9, 0x10, 0xe2, 0x18, 0xd7, 0xb5, 0x15, 0x9d, 0xf4, 0x9c, 0xd4, 0x94, 0xd8, 0xbd,
    0xdb, 0xde, 0x31, 0x84, 0xa2, 0x10, 0x49, 0x4a, 0xd7, 0xb5, 0x9a, 0xd6, 0xfb, 0xde, 0xfb, 0xde,
    0xfb, 0xde, 0xfb, 0xde, 0xfb, 0xde, 0xfb, 0xde, 0xfb, 0xde, 0xfb, 0xde, 0xfb, 0xde, 0xfb, 0xde,
    0xfb, 0xde, 0xfb, 0xde, 0xfb, 0xde, 0xfb, 0xde, 0xfb, 0xde, 0xfb, 0xde, 0xfb, 0xde, 0xfb, 0xde,
    0xfb, 0xde, 0xfb, 0xde, 0xfb, 0xde, 0xfb, 0xde, 0xfb, 0xde, 0xfb, 0xde, 0xfb, 0xde, 0xfb, 0xde,
    0xfb, 0xde, 0xfb, 0xde, 0xfb, 0xde, 0xfb, 0xde, 0xfb, 0xde, 0xfb, 0xde, 0xfb, 0xde, 0xfb, 0xde,
    0xfb, 0xde, 0xfb, 0xde, 0xfb, 0xde, 0xfb, 0xde, 0xfb, 0xde, 0xfb, 0xde, 0xfb, 0xde, 0xfb, 0xde,
    0xfb, 0xde, 0xfb, 0xde, 0xfb, 0xde, 0xfb, 0xde, 0xfb, 0xde, 0xfb, 0xde, 0xfb, 0xde, 0xfb, 0xde,
    0xfb, 0xde, 0xfb, 0xde, 0xfb, 0xde, 0xfb, 0xde, 0xfb, 0xde, 0xfb, 0xde, 0xfb, 0xde, 0xfb, 0xde,
    0xfb, 0xde, 0xfb, 0xde, 0xfb, 0xde, 0xfb, 0xde, 0xfb, 0xde, 0xfb, 0xde, 0xfb, 0xde, 0xfb, 0xde,
    0xfb, 0xde, 0xfb, 0xde, 0xfb, 0xde, 0xfb, 0xde, 0xdb, 0xde, 0xfb, 0xde, 0x9a, 0xd6, 0xd7, 0xb5,
    0x08, 0x42, 0x04, 0x21, 0x56, 0xad, 0xfb, 0xde, 0x55, 0xad, 0x11, 0x7c, 0x31, 0x84, 0xb3, 0x94,
    0x93, 0x8c, 0x20, 0x00, 0x0a, 0x19, 0x92, 0x21, 0x93, 0x21, 0xc9, 0x10, 0xe2, 0x18, 0xd7, 0xb5,
    0x15, 0x9d, 0xf4, 0x9c, 0xd3, 0x94, 0xd8, 0xbd, 0xdb, 0xde, 0x31, 0x84, 0xa2, 0x10, 0x49, 0x4a,
    0xd7, 0xb5, 0xba, 0xd6, 0xfb, 0xde, 0xfb, 0xde, 0xfb, 0xde, 0xfb, 0xde, 0xfb, 0xde, 0xfb, 0xde,
    0xfb, 0xde, 0xfb, 0xde, 0xfb, 0xde, 0xfb, 0xde, 0xfb, 0xde, 0xfb, 0xde, 0xfb, 0xde, 0xfb, 0xde,
    0xfb, 0xde, 0xfb, 0xde, 0xfb, 0xde, 0xfb, 0xde, 0xfb, 0xde, 0xfb, 0xde, 0xfb, 0xde, 0xfb, 0xde,
    0xfb, 0xde, 0xfb, 0xde, 0xfb, 0xde, 0xfb, 0xde, 0xfb, 0xde, 0xfb, 0xde, 0xfb, 0xde, 0xfb, 0xde,
    0xfb, 0xde, 0xfb, 0xde, 0xfb, 0xde, 0xfb, 0xde, 0xfb, 0xde, 0xfb, 0xde, 0xfb, 0xde, 0xfb, 0xde,
    0xfb, 0xde, 0xfb, 0xde, 0xfb, 0xde, 0xfb, 0xde, 0xfb, 0xde, 0xfb, 0xde, 0xfb, 0xde, 0xfb, 0xde,
    0xfb, 0xde, 0xfb, 0xde, 0xfb, 0xde, 0xfb, 0xde, 0xfb, 0xde, 0xfb, 0xde, 0xfb, 0xde, 0xfb, 0xde,
    0xfb, 0xde, 0xfb, 0xde, 0xfb, 0xde, 0xfb, 0xde, 0xfb, 0xde, 0xfb, 0xde, 0xfb, 0xde, 0xfb, 0xde,
    0xfb, 0xde, 0xfb, 0xde, 0xfb, 0xde, 0xfb, 0xde, 0xfb, 0xde, 0xfb, 0xde, 0xfb, 0xde, 0xdb, 0xde,
    0xfb, 0xde, 0xfb, 0xde, 0x9a, 0xd6, 0xd7, 0xb5, 0x28, 0x42, 0x04, 0x21, 0x56, 0xad, 0xfb, 0xde,
    0x55, 0xad, 0x11, 0x84, 0x31, 0x84, 0xb3, 0x94, 0x93, 0x8c, 0x20, 0x00, 0x0a, 0x19, 0x92, 0x21,
    0x93, 0x21, 0xc9, 0x10, 0xe2, 0x18, 0xd7, 0xb5, 0x15, 0x9d, 0xf4, 0x9c, 0xd3, 0x94, 0xd8, 0xbd,
    0xdb, 0xde, 0x31, 0x84, 0xa2, 0x10, 0x49, 0x4a, 0xd7, 0xb5, 0x9a, 0xd6, 0xfb, 0xde, 0xfb, 0xde,
    0xfb, 0xde, 0xfb, 0xde, 0xfb, 0xde, 0xfb, 0xde, 0xfb, 0xde, 0xfb, 0xde, 0xfb, 0xde, 0xfb, 0xde,
    0xfb, 0xde, 0xfb, 0xde, 0xfb, 0xde, 0xfb, 0xde, 0xfb, 0xde, 0xfb, 0xde, 0xfb, 0xde, 0xfb, 0xde,
    0xfb, 0xde, 0xfb, 0xde, 0xfb, 0xde, 0xfb, 0xde, 0xfb, 0xde, 0xfb, 0xde, 0xfb, 0xde, 0xfb, 0xde,
    0xfb, 0xde, 0xfb, 0xde, 0xfb, 0xde, 0xfb, 0xde, 0xfb, 0xde, 0xfb, 0xde, 0xfb, 0xde, 0xfb, 0xde,
    0xfb, 0xde, 0xfb, 0xde, 0xfb, 0xde, 0xfb, 0xde, 0xfb, 0xde, 0xfb, 0xde, 0xfb, 0xde, 0xfb, 0xde,
    0xfb, 0xde, 0xfb, 0xde, 0xfb, 0xde, 0xfb, 0xde, 0xfb, 0xde, 0xfb, 0xde, 0xfb, 0xde, 0xfb, 0xde,
    0xfb, 0xde, 0xfb, 0xde, 0xfb, 0xde, 0xfb, 0xde, 0xfb, 0xde, 0xfb, 0xde, 0xfb, 0xde, 0xfb, 0xde,
    0xfb, 0xde, 0xfb, 0xde, 0xfb, 0xde, 0xfb, 0xde, 0xfb, 0xde, 0xfb, 0xde, 0xfb, 0xde, 0xfb, 0xde,
    0xfb, 0xde, 0xfb, 0xde, 0xfb, 0xde, 0xfb, 0xde, 0xfb, 0xde, 0xfb, 0xde, 0x9a, 0xd6, 0xd7, 0xb5,
    0x28, 0x42, 0x04, 0x21, 0x56, 0xad, 0xfc, 0xde, 0x55, 0xad, 0x11, 0x84, 0x31, 0x84, 0xb3, 0x94,
    0x93, 0x8c, 0x20, 0x00, 0x0a, 0x19, 0x92, 0x21, 0x93, 0x21, 0xc9, 0x10, 0xe2, 0x18, 0xd7, 0xb5,
    0x15, 0x9d, 0xf4, 0x9c, 0xd3, 0x94, 0xd8, 0xbd, 0xdb, 0xde, 0x31, 0x84, 0xa2, 0x10, 0x49, 0x4a,
    0xb7, 0xb5, 0x9a, 0xd6, 0xfb, 0xde, 0xfb, 0xde, 0xfb, 0xde, 0xfb, 0xde, 0xfb, 0xde, 0xfb, 0xde,
    0xfb, 0xde, 0xfb, 0xde, 0xfb, 0xde, 0xfb, 0xde, 0xfb, 0xde, 0xfb, 0xde, 0xfb, 0xde, 0xfb, 0xde,
    0xfb, 0xde, 0xfb, 0xde, 0xfb, 0xde, 0xfb, 0xde, 0xfb, 0xde, 0xfb, 0xde, 0xfb, 0xde, 0xfb, 0xde,
    0xfb, 0xde, 0xfb, 0xde, 0xfb, 0xde, 0xfb, 0xde, 0xfb, 0xde, 0xfb, 0xde, 0xfb, 0xde, 0xfb, 0xde,
    0xfb, 0xde, 0xfb, 0xde, 0xfb, 0xde, 0xfb, 0xde, 0xfb, 0xde, 0xfb, 0xde, 0xfb, 0xde, 0xfb, 0xde,
    0xfb, 0xde, 0xfb, 0xde, 0xfb, 0xde, 0xfb, 0xde, 0xfb, 0xde, 0xfb, 0xde, 0xfb, 0xde, 0xfb, 0xde,
    0xfb, 0xde, 0xfb, 0xde, 0xfb, 0xde, 0xfb, 0xde, 0xfb, 0xde, 0xfb, 0xde, 0xfb, 0xde, 0xfb, 0xde,
    0xfb, 0xde, 0xfb, 0xde, 0xfb, 0xde, 0xfb, 0xde, 0xfb, 0xde, 0xfb, 0xde, 0xfb, 0xde, 0xfb, 0xde,
    0xfb, 0xde, 0xfb, 0xde, 0xfb, 0xde, 0xfb, 0xde, 0xfb, 0xde, 0xfb, 0xde, 0xfb, 0xde, 0xfb, 0xde,
    0xfb, 0xde, 0xfb, 0xde, 0x9a, 0xd6, 0xd7, 0xb5, 0x08, 0x42, 0x04, 0x21, 0x56, 0xad, 0xfc, 0xde,
    0x55, 0xa5, 0x11, 0x84, 0x31, 0x84, 0xb3, 0x94, 0x93, 0x8c, 0x20, 0x00, 0x0a, 0x19, 0x92, 0x21,
    0x93, 0x21, 0xc9, 0x10, 0xe2, 0x18, 0xd7, 0xb5, 0x15, 0x9d, 0xf4, 0x9c, 0xd3, 0x94, 0xd7, 0xbd,
    0xdb, 0xde, 0x51, 0x84, 0xa2, 0x10, 0x49, 0x4a, 0xb7, 0xb5, 0xbb, 0xd6, 0xfb, 0xde, 0xfb, 0xde,
    0xfb, 0xde, 0xfb, 0xde, 0xfb, 0xde, 0xfb, 0xde, 0xfb, 0xde, 0xfb, 0xde, 0xfb, 0xde, 0xfb, 0xde,
    0xfb, 0xde, 0xfb, 0xde, 0xfb, 0xde, 0xfb, 0xde, 0xfb, 0xde, 0xfb, 0xde, 0xfb, 0xde, 0xfb, 0xde,
    0xfb, 0xde, 0xfb, 0xde, 0xfb, 0xde, 0xfb, 0xde, 0xfb, 0xde, 0xfb, 0xde, 0xfb, 0xde, 0xfb, 0xde,
    0xfb, 0xde, 0xfb, 0xde, 0xfb, 0xde, 0xfb, 0xde, 0xfb, 0xde, 0xfb, 0xde, 0xfb, 0xde, 0xfb, 0xde,
    0xfb, 0xde, 0xfb, 0xde, 0xfb, 0xde, 0xfb, 0xde, 0xfb, 0xde, 0xfb, 0xde, 0xfb, 0xde, 0xfb, 0xde,
    0xfb, 0xde, 0xfb, 0xde, 0xfb, 0xde, 0xfb, 0xde, 0xfb, 0xde, 0xfb, 0xde, 0xfb, 0xde, 0xfb, 0xde,
    0xfb, 0xde, 0xfb, 0xde, 0xfb, 0xde, 0xfb, 0xde, 0xfb, 0xde, 0xfb, 0xde, 0xfb, 0xde, 0xfb, 0xde,
    0xfb, 0xde, 0xfb, 0xde, 0xfb, 0xde, 0xfb, 0xde, 0xfb, 0xde, 0xfb, 0xde, 0xfb, 0xde, 0xfb, 0xde,
    0xfb, 0xde, 0xfb, 0xde, 0xfb, 0xde, 0xfb, 0xde, 0xdb, 0xde, 0xfb, 0xde, 0xba, 0xd6, 0xd7, 0xb5,
    0x08, 0x42, 0x04, 0x21, 0x76, 0xad, 0xfc, 0xde, 0x55, 0xad, 0x11, 0x84, 0x51, 0x84, 0xb3, 0x94,
    0x92, 0x8c, 0x20, 0x00, 0x0a, 0x19, 0x92, 0x21, 0x93, 0x21, 0xc9, 0x10, 0xe3, 0x18, 0xd8, 0xb5,
    0x15, 0x9d, 0xf4, 0x9c, 0xd3, 0x94, 0xd7, 0xbd, 0xdb, 0xde, 0x31, 0x84, 0xc3, 0x10, 0x49, 0x4a,
    0xb7, 0xb5, 0x18, 0xc6, 0xba, 0xd6, 0xfb, 0xde, 0xfb, 0xde, 0xfb, 0xde, 0xfb, 0xde, 0xfb, 0xde,
    0xfb, 0xde, 0xfb, 0xde, 0xfb, 0xde, 0xfb, 0xde, 0xfb, 0xde, 0xfb, 0xde, 0xfb, 0xde, 0xfb, 0xde,
    0xfb, 0xde, 0xfb, 0xde, 0xfb, 0xde, 0xfb, 0xde, 0xfb, 0xde, 0xfb, 0xde, 0xfb, 0xde, 0xfb, 0xde,
    0xfb, 0xde, 0xfb, 0xde, 0xfb, 0xde, 0xfb, 0xde, 0xfb, 0xde, 0xfb, 0xde, 0xfb, 0xde, 0xfb, 0xde,
    0xfb, 0xde, 0xfb, 0xde, 0xfb, 0xde, 0xfb, 0xde, 0xfb, 0xde, 0xfb, 0xde, 0xfb, 0xde, 0xfb, 0xde,
    0xfb, 0xde, 0xfb, 0xde, 0xfb, 0xde, 0xfb, 0xde, 0xfb, 0xde, 0xfb, 0xde, 0xfb, 0xde, 0xfb, 0xde,
    0xfb, 0xde, 0xfb, 0xde, 0xfb, 0xde, 0xfb, 0xde, 0xfb, 0xde, 0xfb, 0xde, 0xfb, 0xde, 0xfb, 0xde,
    0xfb, 0xde, 0xfb, 0xde, 0xfb, 0xde, 0xfb, 0xde, 0xfb, 0xde, 0xfb, 0xde, 0xfb, 0xde, 0xfb, 0xde,
    0xfb, 0xde, 0xfb, 0xde, 0xfb, 0xde, 0xfb, 0xde, 0xfb, 0xde, 0xfb, 0xde, 0xfb, 0xde, 0xdb, 0xde,
    0xfb, 0xde, 0xba, 0xd6, 0x18, 0xc6, 0xb7, 0xb5, 0x08, 0x42, 0x24, 0x21, 0x56, 0xa5, 0xfb, 0xde,
    0x55, 0xad, 0x31, 0x84, 0x51, 0x84, 0xb3, 0x94, 0x72, 0x8c, 0x20, 0x00, 0x0a, 0x19, 0x92, 0x21,
    0x93, 0x21, 0xc9, 0x10, 0xe2, 0x18, 0xd7, 0xb5, 0x15, 0x9d, 0xf4, 0x9c, 0xd3, 0x94, 0xd8, 0xbd,
    0xdb, 0xde, 0xb3, 0x94, 0x82, 0x10, 0x29, 0x42, 0xd8, 0xb5, 0xd3, 0x9c, 0x38, 0xc6, 0xfb, 0xde,
    0xdb, 0xde, 0xdb, 0xde, 0xdb, 0xde, 0xdb, 0xde, 0xdb, 0xde, 0xdb, 0xde, 0xdb, 0xde, 0xdb, 0xde,
    0xdb, 0xde, 0xdb, 0xde, 0xdb, 0xde, 0xdb, 0xde, 0xdb, 0xde, 0xfb, 0xde, 0xdb, 0xde, 0xdb, 0xde,
    0xdb, 0xde, 0xdb, 0xde, 0xdb, 0xde, 0xdb, 0xde, 0xdb, 0xde, 0xdb, 0xde, 0xdb, 0xde, 0xdb, 0xde,
    0xdb, 0xde, 0xdb, 0xde, 0xdb, 0xde, 0xdb, 0xde, 0xdb, 0xde, 0xdb, 0xde, 0xdb, 0xde, 0xdb, 0xde,
    0xdb, 0xde, 0xfb, 0xde, 0xfb, 0xde, 0xfb, 0xde, 0xdb, 0xde, 0xfb, 0xde, 0xdb, 0xde, 0xdb, 0xde,
    0xdb, 0xde, 0xfb, 0xde, 0xdb, 0xde, 0xdb, 0xde, 0xdb, 0xde, 0xdb, 0xde, 0xdb, 0xde, 0xdb, 0xde,
    0xdb, 0xde, 0xdb, 0xde, 0xdb, 0xde, 0xfb, 0xde, 0xfb, 0xde, 0xdb, 0xde, 0xdb, 0xde, 0xdb, 0xde,
    0xdb, 0xde, 0xfb, 0xde, 0xdb, 0xde, 0xdb, 0xde, 0xfb, 0xde, 0xfb, 0xde, 0xdb, 0xde, 0xdb, 0xde,
    0xfb, 0xde, 0xdb, 0xde, 0xdb, 0xde, 0xdb, 0xde, 0xfb, 0xde, 0x18, 0xc6, 0xd4, 0x9c, 0xf8, 0xbd,
    0xe8, 0x39, 0xe3, 0x18, 0xf8, 0xbd, 0xfb, 0xde, 0x55, 0xad, 0x11, 0x84, 0x31, 0x84, 0xb3, 0x94,
    0x72, 0x8c, 0x20, 0x00, 0x0a, 0x19, 0x92, 0x21, 0x93, 0x21, 0xc9, 0x10, 0xe3, 0x18, 0xd7, 0xb5,
    0x15, 0x9d, 0xd4, 0x9c, 0xd3, 0x94, 0x96, 0xad, 0x9a, 0xd6, 0x35, 0xa5, 0x0c, 0x63, 0x08, 0x42,
    0x0c, 0x5b, 0x56, 0xad, 0x35, 0xa5, 0xf8, 0xbd, 0x1c, 0xe7, 0xfb, 0xde, 0xfb, 0xde, 0xfb, 0xde,
    0xfb, 0xde, 0xfb, 0xde, 0xfb, 0xde, 0xfb, 0xde, 0xfb, 0xde, 0xfb, 0xde, 0xfb, 0xde, 0xfb, 0xde,
    0x1b, 0xe7, 0x1b, 0xe7, 0xfb, 0xde, 0xfb, 0xde, 0xfb, 0xde, 0xfb, 0xde, 0xfb, 0xde, 0x1b, 0xe7,
    0xfb, 0xde, 0xfb, 0xde, 0xfb, 0xde, 0xfb, 0xde, 0xfb, 0xde, 0xfb, 0xde, 0xfb, 0xde, 0xfb, 0xde,
    0xfb, 0xde, 0xfb, 0xde, 0xfb, 0xde, 0xfb, 0xde, 0xfb, 0xde, 0xfb, 0xde, 0xfb, 0xe6, 0x1b, 0xe7,
    0x1b, 0xe7, 0x1b, 0xe7, 0x1b, 0xe7, 0x1b, 0xe7, 0xfb, 0xde, 0xfb, 0xde, 0x1b, 0xe7, 0xfb, 0xde,
    0xfb, 0xde, 0x1b, 0xe7, 0xfb, 0xde, 0xfb, 0xde, 0xfb, 0xde, 0xfb, 0xde, 0xfb, 0xde, 0x1b, 0xe7,
    0x1b, 0xe7, 0xfb, 0xde, 0xfb, 0xde, 0xfb, 0xe6, 0xfb, 0xde, 0x1b, 0xe7, 0xfb, 0xde, 0x1b, 0xe7,
    0x1b, 0xe7, 0x1b, 0xe7, 0xfb, 0xde, 0xfb, 0xde, 0xfb, 0xde, 0xfb, 0xde, 0xfb, 0xde, 0x1c, 0xe7,
    0x18, 0xbe, 0x55, 0xa5, 0x76, 0xad, 0x2d, 0x63, 0xe7, 0x39, 0x8e, 0x73, 0x59, 0xce, 0xbb, 0xd6,
    0x15, 0xa5, 0x11, 0x7c, 0x31, 0x84, 0xb3, 0x94, 0x72, 0x8c, 0x20, 0x00, 0x0a, 0x19, 0x92, 0x21,
    0x93, 0x21, 0xc9, 0x10, 0xe2, 0x18, 0xd7, 0xb5, 0x14, 0x9d, 0xd4, 0x94, 0xd4, 0x9c, 0x35, 0xa5,
    0xd7, 0xbd, 0x96, 0xb5, 0x5d, 0xef, 0xef, 0x7b, 0x04, 0x21, 0x52, 0x8c, 0xb3, 0x94, 0x96, 0xb5,
    0x9a, 0xd6, 0x7a, 0xce, 0x7a, 0xce, 0x7a, 0xce, 0x7a, 0xce, 0x7a, 0xce, 0x7a, 0xce, 0x7a, 0xce,
    0x79, 0xce, 0x79, 0xce, 0x7a, 0xce, 0x7a, 0xce, 0x7a, 0xce, 0x7a, 0xce, 0x7a, 0xce, 0x7a, 0xce,
    0x7a, 0xce, 0x7a, 0xce, 0x7a, 0xce, 0x7a, 0xce, 0x79, 0xce, 0x79, 0xce, 0x79, 0xce, 0x7a, 0xce,
    0x7a, 0xce, 0x79, 0xce, 0x79, 0xce, 0x7a, 0xce, 0x79, 0xce, 0x7a, 0xce, 0x79, 0xce, 0x79, 0xce,
    0x79, 0xce, 0x7a, 0xce, 0x7a, 0xce, 0x7a, 0xce, 0x7a, 0xce, 0x7a, 0xce, 0x7a, 0xce, 0x7a, 0xce,
    0x7a, 0xce, 0x7a, 0xce, 0x7a, 0xce, 0x7a, 0xce, 0x7a, 0xce, 0x7a, 0xce, 0x7a, 0xce, 0x7a, 0xce,
    0x7a, 0xce, 0x7a, 0xce, 0x7a, 0xce, 0x7a, 0xce, 0x7a, 0xce, 0x7a, 0xce, 0x7a, 0xce, 0x7a, 0xce,
    0x7a, 0xce, 0x7a, 0xce, 0x79, 0xce, 0x7a, 0xce, 0x7a, 0xce, 0x7a, 0xce, 0x7a, 0xce, 0x7a, 0xce,
    0x79, 0xce, 0x79, 0xce, 0x79, 0xce, 0x79, 0xce, 0x96, 0xb5, 0xd3, 0x94, 0x52, 0x8c, 0x04, 0x21,
    0x10, 0x84, 0xff, 0xff, 0xf8, 0xbd, 0x76, 0xad, 0x93, 0x94, 0x31, 0x84, 0x31, 0x84, 0xb3, 0x94,
    0x72, 0x8c, 0x20, 0x00, 0x0a, 0x19, 0x92, 0x21, 0x93, 0x21, 0xc9, 0x10, 0xe2, 0x18, 0xd7, 0xb5,
    0x14, 0x9d, 0xd4, 0x94, 0xf4, 0x9c, 0x72, 0x8c, 0x31, 0x84, 0x18, 0xc6, 0x18, 0xc6, 0x5d, 0xef,
    0xb6, 0xb5, 0x00, 0x00, 0x6e, 0x6b, 0x11, 0x84, 0x93, 0x94, 0x92, 0x94, 0x92, 0x94, 0x92, 0x94,
    0x92, 0x94, 0x92, 0x94, 0x93, 0x94, 0x93, 0x94, 0x93, 0x94, 0x92, 0x94, 0x92, 0x94, 0x92, 0x94,
    0x92, 0x8c, 0x72, 0x8c, 0x92, 0x8c, 0x92, 0x8c, 0x92, 0x94, 0x92, 0x94, 0x92, 0x94, 0x92, 0x8c,
    0x92, 0x94, 0x92, 0x94, 0x92, 0x8c, 0x92, 0x8c, 0x92, 0x94, 0x92, 0x94, 0x92, 0x8c, 0x92, 0x94,
    0x92, 0x94, 0x92, 0x94, 0x92, 0x94, 0x92, 0x94, 0x92, 0x8c, 0x92, 0x94, 0x92, 0x94, 0x92, 0x94,
    0x92, 0x94, 0x72, 0x8c, 0x92, 0x8c, 0x92, 0x8c, 0x72, 0x8c, 0x92, 0x94, 0x92, 0x94, 0x92, 0x94,
    0x93, 0x94, 0x93, 0x94, 0x92, 0x94, 0x93, 0x94, 0x93, 0x94, 0x92, 0x94, 0x92, 0x94, 0x92, 0x94,
    0x92, 0x94, 0x92, 0x94, 0x92, 0x94, 0x92, 0x94, 0x92, 0x94, 0x92, 0x94, 0x92, 0x94, 0x72, 0x8c,
    0x72, 0x8c, 0x92, 0x94, 0x92, 0x94, 0x92, 0x94, 0x92, 0x8c, 0x92, 0x8c, 0x92, 0x8c, 0x92, 0x8c,
    0x31, 0x84, 0x6e, 0x6b, 0x00, 0x00, 0xb6, 0xb5, 0x5d, 0xef, 0x39, 0xc6, 0xf8, 0xbd, 0x6e, 0x6b,
    0xd0, 0x73, 0x31, 0x84, 0x11, 0x84, 0xb3, 0x94, 0x72, 0x8c, 0x20, 0x00, 0x0a, 0x19, 0x92, 0x21,
    0x93, 0x21, 0xc9, 0x10, 0xe2, 0x18, 0xb7, 0xb5, 0x14, 0x9d, 0xf4, 0x9c, 0x72, 0x8c, 0xf0, 0x7b,
    0x11, 0x7c, 0x51, 0x84, 0xd7, 0xb5, 0x7a, 0xce, 0xba, 0xd6, 0xf7, 0xbd, 0x41, 0x08, 0x00, 0x00,
    0x00, 0x00, 0x00, 0x00, 0x00, 0x00, 0x00, 0x00, 0x00, 0x00, 0x00, 0x00, 0x00, 0x00, 0x00, 0x00,
    0x00, 0x00, 0x00, 0x00, 0x00, 0x00, 0x00, 0x00, 0x00, 0x00, 0x00, 0x00, 0x00, 0x00, 0x00, 0x00,
    0x00, 0x00, 0x00, 0x00, 0x00, 0x00, 0x00, 0x00, 0x00, 0x00, 0x00, 0x00, 0x00, 0x00, 0x00, 0x00,
    0x00, 0x00, 0x00, 0x00, 0x00, 0x00, 0x00, 0x00, 0x00, 0x00, 0x00, 0x00, 0x00, 0x00, 0x00, 0x00,
    0x00, 0x00, 0x00, 0x00, 0x00, 0x00, 0x00, 0x00, 0x00, 0x00, 0x00, 0x00, 0x00, 0x00, 0x00, 0x00,
    0x00, 0x00, 0x00, 0x00, 0x00, 0x00, 0x00, 0x00, 0x00, 0x00, 0x00, 0x00, 0x00, 0x00, 0x00, 0x00,
    0x00, 0x00, 0x00, 0x00, 0x00, 0x00, 0x00, 0x00, 0x00, 0x00, 0x00, 0x00, 0x00, 0x00, 0x00, 0x00,
    0x00, 0x00, 0x00, 0x00, 0x00, 0x00, 0x00, 0x00, 0x00, 0x00, 0x00, 0x00, 0x00, 0x00, 0x00, 0x00,
    0x00, 0x00, 0x00, 0x00, 0x00, 0x00, 0x00, 0x00, 0x00, 0x00, 0x61, 0x08, 0xf7, 0xbd, 0xdb, 0xde,
    0x9a, 0xd6, 0xf8, 0xbd, 0xcf, 0x73, 0x4e, 0x63, 0x4e, 0x63, 0xaf, 0x73, 0x51, 0x84, 0xb3, 0x94,
    0x52, 0x8c, 0x20, 0x00, 0x0a, 0x19, 0x92, 0x21, 0x93, 0x21, 0xc9, 0x10, 0xe3, 0x20, 0x19, 0xc6,
    0x15, 0x9d, 0x52, 0x8c, 0x11, 0x7c, 0x10, 0x7c, 0x10, 0x7c, 0xf0, 0x7b, 0x92, 0x8c, 0x96, 0xb5,
    0x7a, 0xce, 0xdb, 0xde, 0xf7, 0xbd, 0xd7, 0xbd, 0xd7, 0xbd, 0xd7, 0xbd, 0xd7, 0xbd, 0xd7, 0xbd,
    0xd7, 0xbd, 0xd7, 0xbd, 0xd7, 0xbd, 0xd7, 0xbd, 0xd7, 0xbd, 0xd7, 0xbd, 0xd7, 0xbd, 0xd7, 0xbd,
    0xd7, 0xbd, 0xd7, 0xbd, 0xd7, 0xbd, 0xd7, 0xbd, 0xd7, 0xbd, 0xd7, 0xbd, 0xd7, 0xbd, 0xd7, 0xbd,
    0xd7, 0xbd, 0xd7, 0xbd, 0xd7, 0xbd, 0xd7, 0xbd, 0xd7, 0xbd, 0xd7, 0xbd, 0xd7, 0xbd, 0xd7, 0xbd,
    0xd7, 0xbd, 0xd7, 0xbd, 0xd7, 0xbd, 0xd7, 0xbd, 0xd7, 0xbd, 0xd7, 0xbd, 0xd7, 0xbd, 0xd7, 0xbd,
    0xd7, 0xbd, 0xd7, 0xbd, 0xd7, 0xbd, 0xd7, 0xbd, 0xd7, 0xbd, 0xd7, 0xbd, 0xd7, 0xbd, 0xd7, 0xbd,
    0xd7, 0xbd, 0xd7, 0xbd, 0xd7, 0xbd, 0xd7, 0xbd, 0xd7, 0xbd, 0xd7, 0xbd, 0xd7, 0xbd, 0xd7, 0xbd,
    0xd7, 0xbd, 0xd7, 0xbd, 0xd7, 0xbd, 0xd7, 0xbd, 0xd7, 0xbd, 0xd7, 0xbd, 0xd7, 0xbd, 0xf7, 0xbd,
    0xd7, 0xbd, 0xd7, 0xbd, 0xd7, 0xbd, 0xd7, 0xbd, 0xd7, 0xbd, 0xd7, 0xbd, 0xd7, 0xbd, 0xd7, 0xbd,
    0xd7, 0xbd, 0xf7, 0xbd, 0x1c, 0xe7, 0xdb, 0xd6, 0x96, 0xb5, 0xf0, 0x7b, 0x2d, 0x63, 0x4e, 0x63,
    0x2e, 0x63, 0x6e, 0x6b, 0x8f, 0x6b, 0x72, 0x8c, 0xd3, 0x94, 0x20, 0x00, 0x0a, 0x19, 0x92, 0x21,
    0x93, 0x21, 0xe9, 0x10, 0x60, 0x08, 0x6e, 0x6b, 0x52, 0x8c, 0x11, 0x84, 0x10, 0x7c, 0x11, 0x7c,
    0x10, 0x7c, 0x11, 0x7c, 0xaf, 0x73, 0x35, 0xa5, 0x7a, 0xce, 0x39, 0xc6, 0xbe, 0xf7, 0xdf, 0xff,
    0xdf, 0xff, 0xbf, 0xf7, 0xdf, 0xff, 0xdf, 0xff, 0xdf, 0xf7, 0xbf, 0xf7, 0xbf, 0xf7, 0xbf, 0xf7,
    0xbf, 0xf7, 0xbf, 0xf7, 0xbf, 0xf7, 0xbf, 0xf7, 0xbf, 0xf7, 0xbf, 0xf7, 0xbf, 0xf7, 0xdf, 0xf7,
    0xdf, 0xff, 0xdf, 0xff, 0xbf, 0xf7, 0xbf, 0xf7, 0xdf, 0xf7, 0xbf, 0xf7, 0xbf, 0xf7, 0xbf, 0xf7,
    0xbf, 0xf7, 0xbf, 0xf7, 0xbf, 0xf7, 0xdf, 0xff, 0xdf, 0xff, 0xdf, 0xff, 0xdf, 0xff, 0xdf, 0xff,
    0xdf, 0xff, 0xdf, 0xff, 0xdf, 0xff, 0xdf, 0xff, 0xdf, 0xff, 0xdf, 0xff, 0xdf, 0xff, 0xdf, 0xff,
    0xdf, 0xff, 0xbf, 0xf7, 0xbf, 0xf7, 0xdf, 0xff, 0xdf, 0xff, 0xdf, 0xff, 0xdf, 0xff, 0xdf, 0xff,
    0xdf, 0xff, 0xdf, 0xff, 0xbf, 0xf7, 0xbf, 0xf7, 0xbf, 0xf7, 0xbf, 0xf7, 0xbf, 0xf7, 0xbf, 0xf7,
    0xbf, 0xf7, 0xdf, 0xff, 0xdf, 0xf7, 0xbf, 0xf7, 0xdf, 0xf7, 0xbf, 0xf7, 0xbf, 0xf7, 0xbf, 0xf7,
    0xbf, 0xf7, 0xbf, 0xf7, 0xbf, 0xf7, 0xbf, 0xf7, 0xbf, 0xf7, 0x9e, 0xf7, 0x59, 0xce, 0x9a, 0xd6,
    0xf4, 0x9c, 0xcc, 0x52, 0x4e, 0x63, 0x2e, 0x63, 0x4e, 0x63, 0x4e, 0x63, 0x2d, 0x63, 0x8f, 0x6b,
    0xcb, 0x52, 0x00, 0x00, 0x0a, 0x19, 0x92, 0x21, 0x72, 0x21, 0x4d, 0x21, 0x85, 0x08, 0x00, 0x00,
    0xec, 0x5a, 0x31, 0x84, 0x10, 0x7c, 0x11, 0x7c, 0x11, 0x7c, 0x10, 0x7c, 0x31, 0x84, 0x14, 0xa5,
    0xd8, 0xbd, 0xb7, 0xb5, 0x97, 0xb5, 0x97, 0xb5, 0x96, 0xb5, 0x96, 0xb5, 0x96, 0xb5, 0x96, 0xad,
    0x96, 0xb5, 0x96, 0xb5, 0x96, 0xad, 0x76, 0xad, 0x76, 0xad, 0x96, 0xad, 0x96, 0xad, 0x96, 0xad,
    0x76, 0xad, 0x96, 0xad, 0x96, 0xad, 0x96, 0xad, 0x96, 0xb5, 0x96, 0xad, 0x96, 0xad, 0x96, 0xad,
    0x96, 0xad, 0x96, 0xad, 0x96, 0xad, 0x96, 0xad, 0x96, 0xb5, 0x96, 0xad, 0x96, 0xad, 0x96, 0xb5,
    0x96, 0xb5, 0x97, 0xb5, 0x97, 0xb5, 0x97, 0xb5, 0x97, 0xb5, 0x96, 0xb5, 0x97, 0xb5, 0xb7, 0xb5,
    0x97, 0xb5, 0x96, 0xb5, 0x96, 0xb5, 0x97, 0xb5, 0x96, 0xb5, 0x96, 0xb5, 0x96, 0xad, 0x96, 0xb5,
    0x96, 0xb5, 0x96, 0xb5, 0x96, 0xb5, 0x97, 0xb5, 0x97, 0xb5, 0x96, 0xb5, 0x96, 0xad, 0x96, 0xad,
    0x96, 0xad, 0x96, 0xad, 0x76, 0xad, 0x76, 0xad, 0x96, 0xad, 0x96, 0xad, 0x96, 0xad, 0x96, 0xad,
    0x96, 0xad, 0x96, 0xad, 0x96, 0xad, 0x96, 0xad, 0x96, 0xad, 0x96, 0xad, 0x96, 0xad, 0x96, 0xad,
    0x96, 0xad, 0x76, 0xad, 0x97, 0xb5, 0xd7, 0xb5, 0x93, 0x94, 0x6e, 0x6b, 0x2d, 0x63, 0x2e, 0x63,
    0x2e, 0x63, 0x2e, 0x63, 0x6e, 0x6b, 0x6a, 0x4a, 0x00, 0x00, 0x85, 0x08, 0x4d, 0x21, 0x72, 0x21,
    0x71, 0x21, 0x72, 0x21, 0x70, 0x21, 0x62, 0x08, 0x04, 0x21, 0x2d, 0x6b, 0x11, 0x84, 0x10, 0x7c,
    0x11, 0x7c, 0xf0, 0x7b, 0xb7, 0xb5, 0xd4, 0x9c, 0x0d, 0x63, 0x4e, 0x63, 0x4e, 0x63, 0x4e, 0x6b,
    0x4e, 0x6b, 0x4e, 0x6b, 0x4e, 0x63, 0x4e, 0x63, 0x4e, 0x63, 0x4e, 0x63, 0x4e, 0x63, 0x4e, 0x63,
    0x4e, 0x63, 0x4e, 0x63, 0x4e, 0x63, 0x4e, 0x63, 0x4e, 0x63, 0x4e, 0x63, 0x4e, 0x63, 0x4e, 0x63,
    0x4e, 0x63, 0x4e, 0x63, 0x4e, 0x63, 0x4e, 0x6b, 0x4e, 0x63, 0x4e, 0x63, 0x4e, 0x63, 0x4e, 0x63,
    0x4e, 0x63, 0x4e, 0x63, 0x4e, 0x63, 0x4e, 0x63, 0x4e, 0x63, 0x4e, 0x63, 0x4e, 0x6b, 0x6e, 0x6b,
    0x4e, 0x63, 0x4e, 0x63, 0x4e, 0x6b, 0x4e, 0x63, 0x4e, 0x63, 0x4e, 0x63, 0x4e, 0x63, 0x4e, 0x6b,
    0x4e, 0x6b, 0x4e, 0x63, 0x4e, 0x63, 0x4e, 0x63, 0x4e, 0x63, 0x4e, 0x63, 0x4e, 0x63, 0x4e, 0x6b,
    0x4e, 0x63, 0x4e, 0x63, 0x4e, 0x6b, 0x4e, 0x63, 0x4e, 0x63, 0x4e, 0x63, 0x4e, 0x63, 0x4e, 0x6b,
    0x4e, 0x63, 0x4e, 0x63, 0x4e, 0x63, 0x4e, 0x63, 0x4e, 0x63, 0x4e, 0x6b, 0x4e, 0x6b, 0x4e, 0x6b,
    0x6e, 0x6b, 0x6e, 0x6b, 0x4e, 0x6b, 0x6e, 0x6b, 0x6e, 0x6b, 0x4e, 0x63, 0x6e, 0x6b, 0x2d, 0x63,
    0xd4, 0x9c, 0x56, 0xad, 0x2d, 0x63, 0x4e, 0x63, 0x4e, 0x63, 0x4e, 0x63, 0xab, 0x52, 0x25, 0x21,
    0x41, 0x08, 0x70, 0x21, 0x72, 0x21, 0x71, 0x21, 0x71, 0x21, 0x51, 0x21, 0x51, 0x21, 0xb0, 0x29,
    0x62, 0x08, 0xc3, 0x18, 0x8f, 0x73, 0x10, 0x7c, 0x10, 0x7c, 0x18, 0xbe, 0x51, 0x84, 0x4e, 0x63,
    0x2e, 0x63, 0x2e, 0x63, 0x2e, 0x63, 0x2e, 0x63, 0x4e, 0x63, 0x2e, 0x63, 0x2e, 0x63, 0x2e, 0x63,
    0x2e, 0x63, 0x2d, 0x63, 0x2e, 0x63, 0x2d, 0x63, 0x2e, 0x63, 0x2e, 0x63, 0x2e, 0x63, 0x2e, 0x63,
    0x2e, 0x63, 0x2e, 0x63, 0x2e, 0x63, 0x2d, 0x63, 0x2d, 0x63, 0x2d, 0x63, 0x2e, 0x63, 0x2e, 0x63,
    0x2e, 0x63, 0x2d, 0x63, 0x2d, 0x63, 0x2d, 0x63, 0x2e, 0x63, 0x2d, 0x63, 0x2e, 0x63, 0x2d, 0x63,
    0x2d, 0x63, 0x2d, 0x63, 0x2e, 0x63, 0x2e, 0x63, 0x2e, 0x63, 0x2d, 0x63, 0x2e, 0x63, 0x2d, 0x63,
    0x2e, 0x63, 0x2e, 0x63, 0x2e, 0x63, 0x2e, 0x63, 0x2e, 0x63, 0x2e, 0x63, 0x2e, 0x63, 0x2e, 0x63,
    0x2d, 0x63, 0x2d, 0x63, 0x2e, 0x63, 0x2e, 0x63, 0x2e, 0x63, 0x2e, 0x63, 0x2e, 0x63, 0x2e, 0x63,
    0x2e, 0x63, 0x2d, 0x63, 0x2e, 0x63, 0x2e, 0x63, 0x2e, 0x63, 0x2e, 0x63, 0x2e, 0x63, 0x2e, 0x63,
    0x2e, 0x63, 0x2e, 0x63, 0x4e, 0x63, 0x4e, 0x63, 0x4e, 0x63, 0x4e, 0x63, 0x4e, 0x63, 0x4e, 0x63,
    0x4e, 0x63, 0x4e, 0x63, 0x4e, 0x63, 0x2e, 0x63, 0x4e, 0x63, 0x72, 0x8c, 0xb7, 0xb5, 0x2d, 0x63,
    0x2e, 0x63, 0x2d, 0x63, 0xe3, 0x18, 0x62, 0x08, 0xb0, 0x29, 0x51, 0x21, 0x51, 0x21, 0x71, 0x21,
    0x71, 0x21, 0x71, 0x21, 0x51, 0x21, 0x71, 0x21, 0x4e, 0x21, 0xa4, 0x10, 0xe3, 0x18, 0xaf, 0x73,
    0x96, 0xad, 0x72, 0x8c, 0x6e, 0x6b, 0x2d, 0x63, 0x4e, 0x63, 0x2e, 0x63, 0x4e, 0x63, 0x4e, 0x63,
    0x4e, 0x63, 0x4e, 0x63, 0x4e, 0x63, 0x2e, 0x63, 0x2e, 0x63, 0x4e, 0x63, 0x4e, 0x63, 0x4e, 0x63,
    0x4e, 0x63, 0x4e, 0x63, 0x4e, 0x63, 0x2e, 0x63, 0x2e, 0x63, 0x4e, 0x63, 0x4e, 0x63, 0x4e, 0x63,
    0x2e, 0x63, 0x4e, 0x63, 0x2e, 0x63, 0x2d, 0x63, 0x4e, 0x63, 0x4e, 0x63, 0x4e, 0x63, 0x4e, 0x63,
    0x4e, 0x63, 0x4e, 0x63, 0x2e, 0x63, 0x2d, 0x63, 0x2e, 0x63, 0x4e, 0x63, 0x4e, 0x63, 0x4e, 0x63,
    0x4e, 0x63, 0x2e, 0x63, 0x2e, 0x63, 0x4e, 0x63, 0x4e, 0x63, 0x4e, 0x63, 0x4e, 0x63, 0x4e, 0x63,
    0x4e, 0x63, 0x4e, 0x63, 0x4e, 0x63, 0x4e, 0x63, 0x4e, 0x63, 0x2e, 0x63, 0x2e, 0x63, 0x4e, 0x63,
    0x4e, 0x63, 0x4e, 0x63, 0x2e, 0x63, 0x2e, 0x63, 0x2e, 0x63, 0x2e, 0x63, 0x4e, 0x63, 0x4e, 0x63,
    0x4e, 0x63, 0x2e, 0x63, 0x4e, 0x63, 0x4e, 0x63, 0x4e, 0x63, 0x2e, 0x63, 0x4e, 0x63, 0x4e, 0x63,
    0x4e, 0x63, 0x4e, 0x63, 0x4e, 0x63, 0x4e, 0x63, 0x4e, 0x63, 0x4e, 0x63, 0x4e, 0x63, 0x4e, 0x63,
    0x2d, 0x63, 0x6e, 0x6b, 0x72, 0x8c, 0x15, 0x9d, 0x2d, 0x63, 0xc3, 0x18, 0xa5, 0x10, 0x4e, 0x21,
    0x71, 0x21, 0x51, 0x21, 0x71, 0x21, 0x71, 0x21, 0x71, 0x21, 0x71, 0x21, 0x71, 0x21, 0x51, 0x21,
    0x93, 0x21, 0x4c, 0x21, 0x64, 0x08, 0xc7, 0x39, 0x52, 0x84, 0x0d, 0x63, 0x2d, 0x63, 0x2e, 0x63,
    0x2d, 0x63, 0x2d, 0x63, 0x2e, 0x63, 0x2e, 0x63, 0x2e, 0x63, 0x2d, 0x63, 0x2d, 0x63, 0x2e, 0x63,
    0x2e, 0x63, 0x2e, 0x63, 0x2e, 0x63, 0x2e, 0x63, 0x2e, 0x63, 0x2e, 0x63, 0x2d, 0x63, 0x2d, 0x63,
    0x2d, 0x63, 0x2e, 0x63, 0x2d, 0x63, 0x2d, 0x63, 0x2d, 0x63, 0x2d, 0x63, 0x2d, 0x63, 0x2e, 0x63,
    0x2e, 0x63, 0x2e, 0x63, 0x2d, 0x63, 0x2e, 0x63, 0x2d, 0x63, 0x2d, 0x63, 0x2d, 0x63, 0x2d, 0x63,
    0x2e, 0x63, 0x2d, 0x63, 0x2e, 0x63, 0x2e, 0x63, 0x2e, 0x63, 0x2d, 0x63, 0x2d, 0x63, 0x2e, 0x63,
    0x2e, 0x63, 0x2e, 0x63, 0x2e, 0x63, 0x2d, 0x63, 0x2d, 0x63, 0x2d, 0x63, 0x2d, 0x63, 0x2e, 0x63,
    0x2d, 0x63, 0x2d, 0x63, 0x2d, 0x63, 0x2d, 0x63, 0x2e, 0x63, 0x2d, 0x63, 0x2d, 0x63, 0x2d, 0x63,
    0x2d, 0x63, 0x2d, 0x63, 0x2d, 0x63, 0x2d, 0x63, 0x2d, 0x63, 0x2d, 0x63, 0x2d, 0x63, 0x2d, 0x63,
    0x2d, 0x63, 0x2d, 0x63, 0x2d, 0x63, 0x2d, 0x63, 0x2e, 0x63, 0x2e, 0x63, 0x2e, 0x63, 0x2e, 0x63,
    0x2e, 0x63, 0x2e, 0x63, 0x2e, 0x63, 0x2d, 0x63, 0x2e, 0x63, 0x0d, 0x63, 0x2d, 0x63, 0x31, 0x84,
    0x86, 0x31, 0x84, 0x08, 0x2c, 0x21, 0x93, 0x21, 0x51, 0x21, 0x71, 0x21, 0x71, 0x21, 0x71, 0x21,
    0x71, 0x21, 0x71, 0x21, 0x71, 0x21, 0x71, 0x21, 0x51, 0x21, 0x92, 0x21, 0x4e, 0x21, 0x00, 0x00,
    0x05, 0x21, 0x4a, 0x4a, 0x29, 0x42, 0x09, 0x42, 0x09, 0x42, 0x29, 0x42, 0x29, 0x42, 0x09, 0x42,
    0x09, 0x42, 0x09, 0x42, 0x09, 0x42, 0x29, 0x42, 0x09, 0x42, 0x09, 0x42, 0x29, 0x42, 0x29, 0x42,
    0x29, 0x42, 0x09, 0x42, 0x09, 0x42, 0x09, 0x42, 0x09, 0x42, 0x09, 0x42, 0x09, 0x42, 0x09, 0x42,
    0x09, 0x42, 0x09, 0x42, 0x09, 0x42, 0x29, 0x42, 0x29, 0x42, 0x09, 0x42, 0x09, 0x42, 0x29, 0x42,
    0x09, 0x42, 0x09, 0x42, 0x09, 0x42, 0x09, 0x42, 0x09, 0x42, 0x09, 0x42, 0x09, 0x42, 0x09, 0x42,
    0x09, 0x42, 0x29, 0x42, 0x09, 0x42, 0x09, 0x42, 0x09, 0x42, 0x09, 0x42, 0x09, 0x42, 0x09, 0x42,
    0x09, 0x42, 0x09, 0x42, 0x09, 0x42, 0x29, 0x42, 0x09, 0x42, 0x29, 0x42, 0x29, 0x42, 0x09, 0x42,
    0x09, 0x42, 0x29, 0x42, 0x29, 0x42, 0x09, 0x42, 0x09, 0x42, 0x09, 0x42, 0x09, 0x42, 0x09, 0x42,
    0x09, 0x42, 0x09, 0x42, 0x09, 0x42, 0x09, 0x42, 0x09, 0x42, 0x09, 0x42, 0x09, 0x42, 0x09, 0x42,
    0x09, 0x42, 0x09, 0x42, 0x09, 0x42, 0x29, 0x42, 0x29, 0x42, 0x09, 0x42, 0x09, 0x42, 0x09, 0x42,
    0x09, 0x42, 0x09, 0x3a, 0x29, 0x42, 0x04, 0x21, 0x00, 0x00, 0x6e, 0x21, 0x72, 0x21, 0x51, 0x21,
    0x71, 0x21, 0x71, 0x21, 0x71, 0x21, 0x71, 0x21, 0x71, 0x21, 0x71, 0x21, 0x71, 0x21, 0x71, 0x21,
    0x71, 0x21, 0x71, 0x21, 0x51, 0x21, 0x90, 0x29, 0x61, 0x08, 0x00, 0x00, 0x00, 0x00, 0x00, 0x00,
    0x00, 0x00, 0x00, 0x00, 0x00, 0x00, 0x00, 0x00, 0x00, 0x00, 0x00, 0x00, 0x00, 0x00, 0x00, 0x00,
    0x00, 0x00, 0x00, 0x00, 0x00, 0x00, 0x00, 0x00, 0x00, 0x00, 0x00, 0x00, 0x00, 0x00, 0x00, 0x00,
    0x00, 0x00, 0x00, 0x00, 0x00, 0x00, 0x00, 0x00, 0x00, 0x00, 0x00, 0x00, 0x00, 0x00, 0x00, 0x00,
    0x00, 0x00, 0x00, 0x00, 0x00, 0x00, 0x00, 0x00, 0x00, 0x00, 0x00, 0x00, 0x00, 0x00, 0x00, 0x00,
    0x00, 0x00, 0x00, 0x00, 0x00, 0x00, 0x00, 0x00, 0x00, 0x00, 0x00, 0x00, 0x00, 0x00, 0x00, 0x00,
    0x00, 0x00, 0x00, 0x00, 0x00, 0x00, 0x00, 0x00, 0x00, 0x00, 0x00, 0x00, 0x00, 0x00, 0x00, 0x00,
    0x00, 0x00, 0x00, 0x00, 0x00, 0x00, 0x00, 0x00, 0x00, 0x00, 0x00, 0x00, 0x00, 0x00, 0x00, 0x00,
    0x00, 0x00, 0x00, 0x00, 0x00, 0x00, 0x00, 0x00, 0x00, 0x00, 0x00, 0x00, 0x00, 0x00, 0x00, 0x00,
    0x00, 0x00, 0x00, 0x00, 0x00, 0x00, 0x00, 0x00, 0x00, 0x00, 0x00, 0x00, 0x00, 0x00, 0x00, 0x00,
    0x00, 0x00, 0x00, 0x00, 0x00, 0x00, 0x00, 0x00, 0x00, 0x00, 0x00, 0x00, 0x00, 0x00, 0x61, 0x08,
    0x90, 0x21, 0x51, 0x19, 0x71, 0x21, 0x71, 0x21, 0x71, 0x21, 0x71, 0x21, 0x71, 0x21, 0x71, 0x21,
    0x71, 0x21, 0x71, 0x21, 0x71, 0x21, 0x71, 0x21, 0x71, 0x21, 0x71, 0x21, 0x71, 0x21, 0x71, 0x21,
    0x4d, 0x21, 0x2c, 0x19, 0x2d, 0x19, 0x2d, 0x19, 0x2d, 0x19, 0x2d, 0x19, 0x2d, 0x19, 0x2d, 0x19,
    0x2d, 0x19, 0x2d, 0x19, 0x2d, 0x19, 0x2d, 0x19, 0x2d, 0x19, 0x2d, 0x19, 0x2d, 0x19, 0x2d, 0x19,
    0x2d, 0x19, 0x2d, 0x19, 0x2d, 0x19, 0x2d, 0x19, 0x2d, 0x19, 0x2d, 0x19, 0x2d, 0x19, 0x2d, 0x19,
    0x2d, 0x19, 0x2d, 0x19, 0x2d, 0x19, 0x2d, 0x19, 0x2d, 0x19, 0x2d, 0x19, 0x2d, 0x19, 0x2d, 0x19,
    0x2d, 0x19, 0x2d, 0x19, 0x2d, 0x19, 0x2d, 0x19, 0x2d, 0x19, 0x2d, 0x19, 0x2d, 0x19, 0x2d, 0x19,
    0x2d, 0x19, 0x2d, 0x19, 0x2d, 0x19, 0x2d, 0x19, 0x2d, 0x19, 0x2d, 0x19, 0x2d, 0x19, 0x2d, 0x19,
    0x2d, 0x19, 0x2c, 0x19, 0x2c, 0x19, 0x2d, 0x19, 0x2d, 0x19, 0x2d, 0x19, 0x2d, 0x19, 0x2d, 0x19,
    0x2d, 0x19, 0x2d, 0x19, 0x2d, 0x19, 0x2d, 0x19, 0x2d, 0x19, 0x2d, 0x19, 0x2d, 0x19, 0x2d, 0x19,
    0x2d, 0x19, 0x2d, 0x19, 0x2d, 0x19, 0x2d, 0x19, 0x2d, 0x19, 0x2d, 0x19, 0x2d, 0x19, 0x2c, 0x19,
    0x2d, 0x19, 0x2d, 0x19, 0x2d, 0x19, 0x2d, 0x19, 0x2d, 0x19, 0x2d, 0x19, 0x2d, 0x19, 0x2d, 0x19,
    0x2d, 0x19, 0x2d, 0x19, 0x2c, 0x19, 0x4d, 0x21, 0x71, 0x21, 0x71, 0x21, 0x71, 0x21, 0x71, 0x21,
    0x71, 0x21, 0x71, 0x21, 0x71, 0x21, 0x71, 0x21, 0x71, 0x21, 0x71, 0x21, 0x71, 0x21, 0x71, 0x21,
    0x71, 0x21, 0x71, 0x21, 0x71, 0x21, 0x71, 0x21, 0x72, 0x21, 0x72, 0x21, 0x72, 0x21, 0x72, 0x21,
    0x72, 0x21, 0x72, 0x21, 0x72, 0x21, 0x72, 0x21, 0x72, 0x21, 0x72, 0x21, 0x72, 0x21, 0x72, 0x21,
    0x72, 0x21, 0x72, 0x21, 0x72, 0x21, 0x72, 0x21, 0x72, 0x21, 0x72, 0x21, 0x72, 0x21, 0x72, 0x21,
    0x72, 0x21, 0x72, 0x21, 0x72, 0x21, 0x72, 0x21, 0x72, 0x21, 0x72, 0x21, 0x72, 0x21, 0x72, 0x21,
    0x72, 0x21, 0x72, 0x21, 0x72, 0x21, 0x72, 0x21, 0x72, 0x21, 0x72, 0x21, 0x72, 0x21, 0x72, 0x21,
    0x72, 0x21, 0x72, 0x21, 0x72, 0x21, 0x72, 0x21, 0x72, 0x21, 0x72, 0x21, 0x72, 0x21, 0x72, 0x21,
    0x72, 0x21, 0x72, 0x21, 0x72, 0x21, 0x72, 0x21, 0x72, 0x21, 0x72, 0x21, 0x72, 0x21, 0x72, 0x21,
    0x72, 0x21, 0x72, 0x21, 0x72, 0x21, 0x72, 0x21, 0x72, 0x21, 0x72, 0x21, 0x72, 0x21, 0x72, 0x21,
    0x72, 0x21, 0x72, 0x21, 0x72, 0x21, 0x72, 0x21, 0x72, 0x21, 0x72, 0x21, 0x72, 0x21, 0x72, 0x21,
    0x72, 0x21, 0x72, 0x21, 0x72, 0x21, 0x72, 0x21, 0x72, 0x21, 0x72, 0x21, 0x72, 0x21, 0x72, 0x21,
    0x72, 0x21, 0x72, 0x21, 0x72, 0x21, 0x72, 0x21, 0x72, 0x21, 0x72, 0x21, 0x72, 0x21, 0x72, 0x21,
    0x71, 0x21, 0x71, 0x21, 0x71, 0x21, 0x71, 0x21, 0x71, 0x21, 0x71, 0x21, 0x71, 0x21, 0x71, 0x21,
};

const lv_image_dsc_t ui_physics_forces = {
    .header.magic = LV_IMAGE_HEADER_MAGIC,
    .header.cf = LV_COLOR_FORMAT_RGB565,
    .header.flags = 0,
    .header.w = 100,
    .header.h = 100,
    .header.stride = 200,
    .data_size = sizeof(ui_physics_forces_data),
    .data = ui_physics_forces_data,
};
