#include "physics_collision.h"

#ifndef LV_ATTRIBUTE_MEM_ALIGN
#define LV_ATTRIBUTE_MEM_ALIGN
#endif

#ifndef LV_ATTRIBUTE_LARGE_CONST
#define LV_ATTRIBUTE_LARGE_CONST
#endif

#ifndef LV_ATTRIBUTE_IMAGE_UI_PHYSICS_COLLISION
#define LV_ATTRIBUTE_IMAGE_UI_PHYSICS_COLLISION
#endif

const LV_ATTRIBUTE_MEM_ALIGN LV_ATTRIBUTE_LARGE_CONST LV_ATTRIBUTE_IMAGE_UI_PHYSICS_COLLISION uint8_t ui_physics_collision_data[] = {
    0x71, 0x21, 0x71, 0x21, 0x71, 0x21, 0x71, 0x21, 0x71, 0x21, 0x71, 0x21, 0x71, 0x21, 0x72, 0x21,
    0x72, 0x21, 0x72, 0x21, 0x72, 0x21, 0x72, 0x21, 0x72, 0x21, 0x72, 0x21, 0x72, 0x21, 0x72, 0x21,
    0x72, 0x21, 0x72, 0x21, 0x72, 0x21, 0x72, 0x21, 0x72, 0x21, 0x72, 0x21, 0x72, 0x21, 0x72, 0x21,
    0x72, 0x21, 0x72, 0x21, 0x72, 0x21, 0x72, 0x21, 0x72, 0x21, 0x72, 0x21, 0x72, 0x21, 0x72, 0x21,
    0x72, 0x21, 0x72, 0x21, 0x72, 0x21, 0x72, 0x21, 0x72, 0x21, 0x72, 0x21, 0x72, 0x21, 0x72, 0x21,
    0x72, 0x21, 0x72, 0x21, 0x72, 0x21, 0x72, 0x21, 0x72, 0x21, 0x72, 0x21, 0x72, 0x21, 0x72, 0x21,
    0x72, 0x21, 0x72, 0x21, 0x72, 0x21, 0x72, 0x21, 0x72, 0x21, 0x72, 0x21, 0x72, 0x21, 0x72, 0x21,
    0x72, 0x21, 0x72, 0x21, 0x72, 0x21, 0x72, 0x21, 0x72, 0x21, 0x72, 0x21, 0x72, 0x21, 0x72, 0x21,
    0x72, 0x21, 0x72, 0x21, 0x72, 0x21, 0x72, 0x21, 0x72, 0x21, 0x72, 0x21, 0x72, 0x21, 0x72, 0x21,
    0x72, 0x21, 0x72, 0x21, 0x72, 0x21, 0x72, 0x21, 0x72, 0x21, 0x72, 0x21, 0x72, 0x21, 0x72, 0x21,
    0x72, 0x21, 0x72, 0x21, 0x72, 0x21, 0x72, 0x21, 0x72, 0x21, 0x72, 0x21, 0x72, 0x21, 0x72, 0x21,
    0x72, 0x21, 0x72, 0x21, 0x72, 0x21, 0x72, 0x21, 0x72, 0x21, 0x71, 0x21, 0x71, 0x21, 0x71, 0x21,
    0x71, 0x21, 0x71, 0x21, 0x71, 0x21, 0x71, 0x21, 0x71, 0x21, 0x71, 0x21, 0x71, 0x21, 0x71, 0x21,
    0x71, 0x21, 0x71, 0x21, 0x70, 0x21, 0x8d, 0x29, 0x6d, 0x29, 0x6d, 0x21, 0x6d, 0x21, 0x6d, 0x21,
    0x6d, 0x21, 0x6d, 0x21, 0x6d, 0x21, 0x6d, 0x21, 0x6d, 0x21, 0x6d, 0x21, 0x6d, 0x21, 0x6d, 0x21,
    0x6d, 0x21, 0x6d, 0x21, 0x6d, 0x21, 0x6d, 0x21, 0x6d, 0x21, 0x6d, 0x21, 0x6d, 0x21, 0x6d, 0x21,
    0x6d, 0x21, 0x6d, 0x21, 0x6d, 0x21, 0x6d, 0x21, 0x6d, 0x21, 0x6d, 0x21, 0x6d, 0x21, 0x6d, 0x21,
    0x6d, 0x21, 0x6d, 0x21, 0x6d, 0x21, 0x6d, 0x21, 0x6d, 0x21, 0x6d, 0x21, 0x6d, 0x21, 0x6d, 0x21,
    0x6d, 0x21, 0x6d, 0x21, 0x6d, 0x21, 0x6d, 0x21, 0x6d, 0x21, 0x6d, 0x21, 0x6d, 0x21, 0x6d, 0x21,
    0x6d, 0x21, 0x6d, 0x21, 0x6d, 0x21, 0x6d, 0x21, 0x6d, 0x21, 0x6d, 0x21, 0x6d, 0x21, 0x6d, 0x21,
    0x6d, 0x21, 0x6d, 0x21, 0x6d, 0x21, 0x6d, 0x21, 0x6d, 0x21, 0x6d, 0x21, 0x6d, 0x21, 0x6d, 0x21,
    0x6d, 0x21, 0x6d, 0x21, 0x6d, 0x21, 0x6d, 0x21, 0x6d, 0x21, 0x6d, 0x21, 0x6d, 0x21, 0x6d, 0x21,
    0x6d, 0x21, 0x6d, 0x21, 0x6d, 0x21, 0x6d, 0x21, 0x6d, 0x21, 0x6d, 0x21, 0x6d, 0x21, 0x6d, 0x21,
    0x6d, 0x21, 0x6d, 0x21, 0x6d, 0x21, 0x6d, 0x21, 0x6d, 0x21, 0x6d, 0x21, 0x6d, 0x21, 0x6d, 0x21,
    0x6d, 0x21, 0x70, 0x21, 0x71, 0x21, 0x71, 0x21, 0x71, 0x21, 0x71, 0x21, 0x71, 0x21, 0x71, 0x21,
    0x71, 0x21, 0x71, 0x21, 0x71, 0x21, 0x71, 0x21, 0x71, 0x21, 0x52, 0x21, 0x4c, 0x21, 0x23, 0x21,
    0x03, 0x21, 0x03, 0x21, 0x03, 0x21, 0x03, 0x21, 0x03, 0x21, 0xe3, 0x18, 0xe3, 0x18, 0xe3, 0x18,
    0xe2, 0x18, 0xe2, 0x18, 0xe2, 0x18, 0xe3, 0x18, 0xe3, 0x18, 0xe3, 0x18, 0xe2, 0x18, 0xe2, 0x18,
    0xc2, 0x18, 0xe2, 0x18, 0xe2, 0x18, 0xe2, 0x18, 0xe2, 0x18, 0xe3, 0x18, 0xe3, 0x18, 0xe3, 0x18,
    0xe3, 0x18, 0xe2, 0x18, 0xe2, 0x18, 0xe3, 0x18, 0xe3, 0x18, 0xe2, 0x18, 0xe2, 0x18, 0xe2, 0x18,
    0xe2, 0x18, 0xe3, 0x18, 0xe2, 0x18, 0xe2, 0x18, 0xe3, 0x18, 0xe2, 0x18, 0xe2, 0x18, 0xc2, 0x18,
    0xc2, 0x18, 0xc2, 0x18, 0xc2, 0x18, 0xc2, 0x18, 0xc2, 0x18, 0xc2, 0x18, 0xe2, 0x18, 0xe2, 0x18,
    0xc2, 0x18, 0xc2, 0x18, 0xe2, 0x18, 0xe2, 0x18, 0xe2, 0x18, 0xe2, 0x18, 0xe2, 0x18, 0xe2, 0x18,
    0xe2, 0x18, 0xe2, 0x18, 0xe2, 0x18, 0xe2, 0x18, 0xe2, 0x18, 0xe2, 0x18, 0xe2, 0x18, 0xe3, 0x18,
    0xe3, 0x18, 0xe3, 0x18, 0xe3, 0x18, 0xe2, 0x18, 0xe2, 0x18, 0xe3, 0x18, 0xe2, 0x18, 0xe2, 0x18,
    0xe2, 0x18, 0xe2, 0x18, 0xe2, 0x18, 0xe3, 0x18, 0xe3, 0x18, 0xe3, 0x18, 0xe3, 0x18, 0xe3, 0x18,
    0xe2, 0x18, 0xe3, 0x18, 0xe3, 0x18, 0xe3, 0x20, 0x02, 0x21, 0x0a, 0x19, 0x72, 0x21, 0x71, 0x21,
    0x71, 0x21, 0x71, 0x21, 0x71, 0x21, 0x71, 0x21, 0x71, 0x21, 0x71, 0x21, 0x71, 0x21, 0x72, 0x21,
    0x6f, 0x21, 0x67, 0x29, 0x6b, 0x4a, 0x71, 0x8c, 0x51, 0x8c, 0x51, 0x8c, 0x51, 0x8c, 0x51, 0x8c,
    0x51, 0x8c, 0x51, 0x8c, 0x51, 0x8c, 0x51, 0x8c, 0x51, 0x8c, 0x51, 0x8c, 0x51, 0x8c, 0x51, 0x8c,
    0x51, 0x8c, 0x51, 0x8c, 0x51, 0x84, 0x30, 0x84, 0x51, 0x8c, 0x51, 0x8c, 0x51, 0x84, 0x51, 0x8c,
    0x51, 0x8c, 0x51, 0x8c, 0x51, 0x8c, 0x51, 0x8c, 0x31, 0x84, 0x51, 0x84, 0x51, 0x8c, 0x51, 0x8c,
    0x51, 0x8c, 0x51, 0x8c, 0x51, 0x8c, 0x51, 0x8c, 0x31, 0x84, 0x31, 0x84, 0x31, 0x84, 0x51, 0x8c,
    0x51, 0x8c, 0x51, 0x8c, 0x30, 0x84, 0x30, 0x84, 0x31, 0x84, 0x51, 0x8c, 0x31, 0x84, 0x31, 0x84,
    0x51, 0x8c, 0x51, 0x84, 0x51, 0x8c, 0x51, 0x8c, 0x31, 0x84, 0x51, 0x8c, 0x31, 0x84, 0x51, 0x8c,
    0x51, 0x8c, 0x31, 0x84, 0x51, 0x8c, 0x51, 0x8c, 0x51, 0x84, 0x51, 0x8c, 0x51, 0x8c, 0x51, 0x8c,
    0x51, 0x8c, 0x51, 0x8c, 0x51, 0x8c, 0x51, 0x8c, 0x51, 0x8c, 0x31, 0x84, 0x30, 0x84, 0x51, 0x8c,
    0x51, 0x8c, 0x51, 0x8c, 0x31, 0x84, 0x51, 0x8c, 0x31, 0x84, 0x51, 0x84, 0x51, 0x8c, 0x51, 0x8c,
    0x51, 0x84, 0x51, 0x8c, 0x51, 0x8c, 0x51, 0x8c, 0x51, 0x84, 0x51, 0x8c, 0x51, 0x8c, 0x51, 0x8c,
    0x51, 0x8c, 0xab, 0x52, 0x46, 0x29, 0x6e, 0x21, 0x72, 0x21, 0x71, 0x21, 0x71, 0x21, 0x71, 0x21,
    0x71, 0x21, 0x71, 0x21, 0x71, 0x21, 0x70, 0x21, 0x8c, 0x29, 0xe2, 0x20, 0xce, 0x7b, 0xff, 0xff,
    0xff, 0xff, 0xff, 0xff, 0xff, 0xff, 0xff, 0xff, 0xff, 0xff, 0xff, 0xff, 0xff, 0xff, 0xff, 0xff,
    0xff, 0xff, 0xff, 0xff, 0xff, 0xff, 0xff, 0xff, 0xff, 0xff, 0xff, 0xff, 0xff, 0xff, 0xff, 0xff,
    0xff, 0xff, 0xff, 0xff, 0xff, 0xff, 0xff, 0xff, 0xff, 0xff, 0xff, 0xff, 0xff, 0xff, 0xff, 0xff,
    0xff, 0xff, 0xff, 0xff, 0xff, 0xff, 0xff, 0xff, 0xff, 0xff, 0xff, 0xff, 0xff, 0xff, 0xff, 0xff,
    0xff, 0xff, 0xff, 0xff, 0xff, 0xff, 0xff, 0xff, 0xff, 0xff, 0xff, 0xff, 0xff, 0xff, 0xff, 0xff,
    0xff, 0xff, 0xff, 0xff, 0xff, 0xff, 0xff, 0xff, 0xff, 0xff, 0xff, 0xff, 0xff, 0xff, 0xff, 0xff,
    0xff, 0xff, 0xff, 0xff, 0xff, 0xff, 0xff, 0xff, 0xff, 0xff, 0xff, 0xff, 0xff, 0xff, 0xff, 0xff,
    0xff, 0xff, 0xff, 0xff, 0xff, 0xff, 0xff, 0xff, 0xff, 0xff, 0xff, 0xff, 0xff, 0xff, 0xff, 0xff,
    0xff, 0xff, 0xff, 0xff, 0xff, 0xff, 0xff, 0xff, 0xff, 0xff, 0xff, 0xff, 0xff, 0xff, 0xff, 0xff,
    0xff, 0xff, 0xff, 0xff, 0xff, 0xff, 0xff, 0xff, 0xff, 0xff, 0xff, 0xff, 0xff, 0xff, 0xff, 0xff,
    0xff, 0xff, 0xff, 0xff, 0xff, 0xff, 0xff, 0xff, 0xff, 0xff, 0x92, 0x94, 0xc2, 0x18, 0x8b, 0x29,
    0x70, 0x21, 0x71, 0x21, 0x71, 0x21, 0x71, 0x21, 0x71, 0x21, 0x72, 0x21, 0x50, 0x21, 0x45, 0x29,
    0x08, 0x42, 0x75, 0xad, 0x59, 0xce, 0x1c, 0xe7, 0x1c, 0xe7, 0x1c, 0xe7, 0x1c, 0xe7, 0x1c, 0xe7,
    0x1c, 0xe7, 0x3d, 0xe7, 0x1d, 0xe7, 0x3d, 0xe7, 0x3d, 0xe7, 0x3d, 0xe7, 0x3d, 0xe7, 0x1c, 0xe7,
    0x1c, 0xe7, 0x1c, 0xe7, 0x1c, 0xe7, 0x3c, 0xe7, 0x3c, 0xe7, 0x3d, 0xe7, 0x3d, 0xe7, 0x1c, 0xe7,
    0x1c, 0xe7, 0x1d, 0xe7, 0x3d, 0xe7, 0x3d, 0xe7, 0x1c, 0xe7, 0x1c, 0xe7, 0x1c, 0xe7, 0x1c, 0xe7,
    0x1d, 0xe7, 0x1d, 0xe7, 0x3d, 0xe7, 0x3d, 0xe7, 0x1c, 0xe7, 0x1c, 0xe7, 0x1c, 0xe7, 0x3c, 0xe7,
    0x1c, 0xe7, 0x1c, 0xe7, 0x1c, 0xe7, 0x1d, 0xe7, 0x1c, 0xe7, 0x1c, 0xe7, 0x3d, 0xe7, 0x1c, 0xe7,
    0x1c, 0xe7, 0x1c, 0xe7, 0x1c, 0xe7, 0x3d, 0xe7, 0x3c, 0xe7, 0x3d, 0xe7, 0x3c, 0xe7, 0x3c, 0xe7,
    0x3c, 0xe7, 0x1c, 0xe7, 0x3c, 0xe7, 0x1c, 0xe7, 0x1c, 0xe7, 0x1c, 0xe7, 0x1c, 0xe7, 0x1c, 0xe7,
    0x1c, 0xe7, 0x1c, 0xe7, 0x1c, 0xe7, 0x1c, 0xe7, 0x3c, 0xe7, 0x1c, 0xe7, 0x1d, 0xe7, 0x1d, 0xe7,
    0x1c, 0xe7, 0x1c, 0xe7, 0x1c, 0xe7, 0x1c, 0xe7, 0x1c, 0xe7, 0x1c, 0xe7, 0x3d, 0xe7, 0x3d, 0xe7,
    0x3c, 0xe7, 0x3c, 0xe7, 0x3d, 0xe7, 0x3d, 0xe7, 0x3d, 0xe7, 0x1d, 0xe7, 0x1c, 0xe7, 0x1c, 0xe7,
    0x1c, 0xe7, 0x59, 0xce, 0x75, 0xad, 0x48, 0x4a, 0x44, 0x29, 0x2d, 0x19, 0x72, 0x21, 0x71, 0x21,
    0x71, 0x21, 0x50, 0x21, 0x6d, 0x21, 0xc6, 0x39, 0xcb, 0x5a, 0xff, 0xff, 0x9e, 0xf7, 0x7a, 0xd6,
    0xbb, 0xde, 0xbb, 0xd6, 0xbb, 0xde, 0xbb, 0xde, 0xbb, 0xde, 0xdb, 0xde, 0xdb, 0xde, 0xdb, 0xde,
    0xdb, 0xde, 0xdb, 0xde, 0xbb, 0xde, 0xbb, 0xde, 0xbb, 0xde, 0xbb, 0xde, 0xbb, 0xde, 0xdb, 0xde,
    0xdc, 0xde, 0xdc, 0xde, 0xdb, 0xde, 0xbb, 0xde, 0xbb, 0xde, 0xbb, 0xde, 0xdb, 0xde, 0xdb, 0xde,
    0xbb, 0xde, 0xbb, 0xde, 0xbb, 0xde, 0xbb, 0xde, 0xbb, 0xde, 0xbb, 0xde, 0xdb, 0xde, 0xdb, 0xde,
    0xbb, 0xde, 0xbb, 0xde, 0xbb, 0xde, 0xbb, 0xde, 0xbb, 0xde, 0xbb, 0xde, 0xbb, 0xd6, 0xbb, 0xde,
    0xbb, 0xde, 0xbb, 0xde, 0xbb, 0xde, 0xbb, 0xde, 0xbb, 0xd6, 0xbb, 0xde, 0xbb, 0xde, 0xbb, 0xde,
    0xbb, 0xde, 0xbb, 0xde, 0xbb, 0xde, 0xbb, 0xde, 0xbb, 0xde, 0xbb, 0xd6, 0xbb, 0xd6, 0xbb, 0xd6,
    0xbb, 0xde, 0xbb, 0xde, 0xbb, 0xde, 0xbb, 0xde, 0xbb, 0xde, 0xbb, 0xde, 0xbb, 0xde, 0xbb, 0xde,
    0xbb, 0xde, 0xbb, 0xde, 0xbb, 0xde, 0xbb, 0xde, 0xbb, 0xd6, 0xbb, 0xd6, 0xbb, 0xde, 0xbb, 0xde,
    0xbb, 0xd6, 0xbb, 0xd6, 0xbb, 0xde, 0xbb, 0xde, 0xbb, 0xde, 0xbb, 0xde, 0xdb, 0xde, 0xdb, 0xde,
    0xbb, 0xde, 0xbb, 0xd6, 0x9b, 0xd6, 0x9b, 0xd6, 0x7a, 0xd6, 0x7e, 0xef, 0xff, 0xff, 0xaa, 0x52,
    0x24, 0x21, 0x05, 0x21, 0x4f, 0x19, 0x71, 0x21, 0x72, 0x21, 0x6a, 0x29, 0xa5, 0x31, 0x79, 0xce,
    0x9e, 0xf7, 0x3d, 0xe7, 0xfc, 0xe6, 0xbb, 0xde, 0x5a, 0xce, 0x39, 0xc6, 0x56, 0xad, 0xd5, 0x9c,
    0xd4, 0x9c, 0xd5, 0x9c, 0xd5, 0x9c, 0xd5, 0x9c, 0xd5, 0x9c, 0xd5, 0x9c, 0xd4, 0x9c, 0xd4, 0x9c,
    0xd5, 0x9c, 0xd4, 0x9c, 0xd4, 0x9c, 0xd5, 0x9c, 0xd5, 0x9c, 0xd5, 0x9c, 0xd5, 0x9c, 0xd4, 0x9c,
    0xd4, 0x9c, 0xb4, 0x9c, 0xd5, 0x9c, 0xd5, 0x9c, 0xd4, 0x9c, 0xd4, 0x9c, 0xd4, 0x9c, 0xd5, 0x9c,
    0xd4, 0x9c, 0xd5, 0x9c, 0xd5, 0x9c, 0xd5, 0x9c, 0xd4, 0x9c, 0xd4, 0x9c, 0xd5, 0x9c, 0xd5, 0x9c,
    0xd4, 0x9c, 0xb4, 0x9c, 0xb4, 0x9c, 0xd4, 0x9c, 0xb4, 0x9c, 0xd4, 0x9c, 0xd4, 0x9c, 0xd5, 0x9c,
    0xd5, 0x9c, 0xb4, 0x9c, 0xb4, 0x9c, 0xd4, 0x9c, 0xb4, 0x9c, 0xb4, 0x9c, 0xb4, 0x9c, 0xb4, 0x9c,
    0xb4, 0x9c, 0xd4, 0x9c, 0xd4, 0x9c, 0xd5, 0x9c, 0xd5, 0x9c, 0xd5, 0x9c, 0xd4, 0x9c, 0xb4, 0x9c,
    0xd5, 0x9c, 0xd5, 0x9c, 0xd5, 0x9c, 0xd5, 0x9c, 0xd5, 0x9c, 0xd4, 0x9c, 0xd4, 0x9c, 0xb4, 0x9c,
    0xd4, 0x9c, 0xb4, 0x9c, 0xb4, 0x9c, 0xb4, 0x9c, 0xd4, 0x9c, 0xd4, 0x9c, 0xd5, 0x9c, 0xd4, 0x9c,
    0xd5, 0x9c, 0xd4, 0x9c, 0xd4, 0x9c, 0xd4, 0x9c, 0xd4, 0x9c, 0x35, 0xa5, 0x9b, 0xd6, 0x9b, 0xd6,
    0x9b, 0xd6, 0xfc, 0xde, 0x3d, 0xe7, 0xdb, 0xde, 0xb7, 0xb5, 0xa5, 0x39, 0x69, 0x29, 0x72, 0x21,
    0x72, 0x21, 0x8a, 0x29, 0xc6, 0x39, 0x1c, 0xe7, 0xff, 0xff, 0x3d, 0xef, 0xfc, 0xde, 0x9b, 0xd6,
    0x3a, 0xce, 0xb8, 0xbd, 0x94, 0x94, 0x73, 0x8c, 0xb4, 0x94, 0xb4, 0x9c, 0xb4, 0x9c, 0xb4, 0x9c,
    0xb4, 0x9c, 0xb4, 0x9c, 0xb4, 0x9c, 0xb4, 0x94, 0x94, 0x94, 0xb4, 0x94, 0xb4, 0x94, 0xb4, 0x9c,
    0xb4, 0x9c, 0xb4, 0x9c, 0xb4, 0x9c, 0xb4, 0x9c, 0xb4, 0x94, 0xb4, 0x9c, 0xb4, 0x94, 0xb4, 0x94,
    0xb4, 0x94, 0xb4, 0x9c, 0xb4, 0x9c, 0xb4, 0x9c, 0xb4, 0x9c, 0xb4, 0x94, 0xb4, 0x9c, 0xb4, 0x9c,
    0xb4, 0x94, 0xb4, 0x94, 0xb4, 0x94, 0xb4, 0x94, 0xb4, 0x94, 0xb4, 0x94, 0xb4, 0x94, 0xb4, 0x94,
    0xb4, 0x94, 0xb4, 0x94, 0xb4, 0x94, 0xb4, 0x94, 0xb4, 0x94, 0xb4, 0x94, 0x94, 0x94, 0xb4, 0x9c,
    0xb4, 0x94, 0x94, 0x94, 0x94, 0x94, 0x94, 0x94, 0x94, 0x94, 0xb4, 0x94, 0xb4, 0x9c, 0xb4, 0x9c,
    0xb4, 0x9c, 0xb4, 0x94, 0xb4, 0x94, 0xb4, 0x94, 0xb4, 0x94, 0xb4, 0x9c, 0xb4, 0x94, 0x94, 0x94,
    0xb4, 0x94, 0xb4, 0x94, 0xb4, 0x94, 0xb4, 0x9c, 0xb4, 0x94, 0x94, 0x94, 0x94, 0x94, 0x94, 0x94,
    0xb4, 0x94, 0xb4, 0x9c, 0xb4, 0x9c, 0xb4, 0x9c, 0xb4, 0x9c, 0xb4, 0x94, 0xb4, 0x94, 0xb4, 0x9c,
    0x53, 0x8c, 0x94, 0x94, 0x3a, 0xc6, 0x7a, 0xd6, 0x9b, 0xd6, 0xbb, 0xde, 0x3d, 0xe7, 0xff, 0xff,
    0x3c, 0xe7, 0xc6, 0x39, 0x8a, 0x29, 0x52, 0x21, 0x72, 0x21, 0x89, 0x29, 0xe6, 0x39, 0xfb, 0xde,
    0xdf, 0xff, 0xdb, 0xde, 0xbb, 0xd6, 0xdb, 0xde, 0x97, 0xb5, 0x73, 0x94, 0x53, 0x8c, 0x94, 0x94,
    0x3d, 0xef, 0x5d, 0xef, 0x5d, 0xef, 0x5d, 0xef, 0x5d, 0xef, 0x5d, 0xef, 0x5d, 0xef, 0x7d, 0xef,
    0x5d, 0xef, 0x5d, 0xef, 0x5d, 0xef, 0x5d, 0xef, 0x5d, 0xef, 0x5d, 0xef, 0x5d, 0xef, 0x5d, 0xef,
    0x5d, 0xef, 0x5d, 0xef, 0x5d, 0xef, 0x5d, 0xef, 0x5d, 0xef, 0x5d, 0xef, 0x5d, 0xef, 0x5d, 0xef,
    0x5d, 0xef, 0x5d, 0xef, 0x5d, 0xef, 0x5d, 0xef, 0x5d, 0xef, 0x5d, 0xef, 0x5d, 0xef, 0x5d, 0xef,
    0x5d, 0xef, 0x5d, 0xef, 0x5d, 0xef, 0x5d, 0xef, 0x5d, 0xef, 0x5d, 0xef, 0x5d, 0xef, 0x5d, 0xef,
    0x5d, 0xef, 0x7d, 0xef, 0x5d, 0xef, 0x5d, 0xef, 0x5d, 0xef, 0x5d, 0xef, 0x5d, 0xef, 0x5d, 0xef,
    0x5d, 0xef, 0x5d, 0xef, 0x5d, 0xef, 0x5d, 0xef, 0x5d, 0xef, 0x5d, 0xef, 0x5d, 0xef, 0x5d, 0xef,
    0x5d, 0xef, 0x5d, 0xef, 0x5d, 0xef, 0x5d, 0xef, 0x5d, 0xef, 0x5d, 0xef, 0x5d, 0xef, 0x5d, 0xef,
    0x5d, 0xef, 0x5d, 0xef, 0x5d, 0xef, 0x5d, 0xef, 0x5d, 0xef, 0x5d, 0xef, 0x5d, 0xef, 0x5d, 0xef,
    0x5d, 0xef, 0x5d, 0xef, 0x5d, 0xef, 0x5d, 0xef, 0xd4, 0x9c, 0x32, 0x8c, 0x73, 0x94, 0x77, 0xb5,
    0xdb, 0xde, 0x9b, 0xd6, 0xbb, 0xd6, 0xbe, 0xf7, 0xbb, 0xd6, 0xe6, 0x39, 0x8a, 0x29, 0x52, 0x21,
    0x72, 0x21, 0x69, 0x29, 0xc6, 0x39, 0x1c, 0xdf, 0xff, 0xff, 0xbb, 0xd6, 0x7a, 0xd6, 0x3a, 0xce,
    0x15, 0xa5, 0x73, 0x8c, 0x15, 0xa5, 0x56, 0xad, 0x3c, 0xe7, 0x5d, 0xef, 0x3d, 0xef, 0x3d, 0xef,
    0x3d, 0xef, 0x5d, 0xef, 0x5d, 0xef, 0x5d, 0xef, 0x3d, 0xef, 0x3d, 0xef, 0x5d, 0xef, 0x5d, 0xef,
    0x5d, 0xef, 0x5d, 0xef, 0x3d, 0xef, 0x3d, 0xef, 0x3d, 0xef, 0x3d, 0xef, 0x3d, 0xef, 0x3d, 0xef,
    0x5d, 0xef, 0x5d, 0xef, 0x3d, 0xef, 0x3d, 0xef, 0x3d, 0xef, 0x3d, 0xef, 0x3d, 0xef, 0x3d, 0xef,
    0x3d, 0xef, 0x5d, 0xef, 0x3d, 0xef, 0x3d, 0xef, 0x3d, 0xef, 0x3d, 0xef, 0x3d, 0xef, 0x3d, 0xef,
    0x3d, 0xef, 0x3d, 0xef, 0x3d, 0xef, 0x5d, 0xef, 0x5d, 0xef, 0x5d, 0xef, 0x5d, 0xef, 0x3d, 0xef,
    0x3d, 0xef, 0x3d, 0xef, 0x3d, 0xef, 0x5d, 0xef, 0x3d, 0xef, 0x5d, 0xef, 0x5d, 0xef, 0x5d, 0xef,
    0x3d, 0xef, 0x3d, 0xef, 0x3d, 0xef, 0x3d, 0xef, 0x5d, 0xef, 0x3d, 0xef, 0x3d, 0xef, 0x3d, 0xef,
    0x3d, 0xef, 0x3d, 0xef, 0x5d, 0xef, 0x5d, 0xef, 0x3d, 0xef, 0x3d, 0xef, 0x3d, 0xef, 0x5d, 0xef,
    0x5d, 0xef, 0x3d, 0xef, 0x3d, 0xef, 0x3d, 0xef, 0x3d, 0xef, 0x3d, 0xef, 0x5d, 0xef, 0x5d, 0xef,
    0x97, 0xb5, 0xf5, 0xa4, 0x73, 0x94, 0xf5, 0xa4, 0x39, 0xce, 0x7a, 0xce, 0x9a, 0xd6, 0x9e, 0xf7,
    0xdb, 0xde, 0xe6, 0x39, 0x8a, 0x29, 0x72, 0x21, 0x72, 0x21, 0x69, 0x29, 0xc6, 0x39, 0x1c, 0xe7,
    0xff, 0xff, 0xdb, 0xde, 0xb8, 0xbd, 0x73, 0x8c, 0x73, 0x94, 0x53, 0x8c, 0x3c, 0xe7, 0x9e, 0xf7,
    0x7a, 0xd6, 0x7a, 0xd6, 0x7a, 0xd6, 0x7a, 0xd6, 0x7a, 0xd6, 0x7a, 0xd6, 0x7a, 0xd6, 0x7a, 0xce,
    0x7a, 0xce, 0x7a, 0xd6, 0x7a, 0xd6, 0x7a, 0xd6, 0x7a, 0xd6, 0x7a, 0xd6, 0x7a, 0xd6, 0x7a, 0xd6,
    0x7a, 0xd6, 0x7a, 0xce, 0x7a, 0xd6, 0x7a, 0xd6, 0x7a, 0xd6, 0x7a, 0xd6, 0x7a, 0xd6, 0x7a, 0xd6,
    0x7a, 0xd6, 0x7a, 0xd6, 0x7a, 0xd6, 0x7a, 0xd6, 0x7a, 0xd6, 0x7a, 0xd6, 0x7a, 0xd6, 0x7a, 0xd6,
    0x7a, 0xd6, 0x7a, 0xd6, 0x7a, 0xce, 0x7a, 0xce, 0x7a, 0xd6, 0x7a, 0xd6, 0x7a, 0xd6, 0x7a, 0xd6,
    0x7a, 0xd6, 0x7a, 0xd6, 0x7a, 0xd6, 0x7a, 0xd6, 0x7a, 0xd6, 0x7a, 0xd6, 0x7a, 0xd6, 0x7a, 0xd6,
    0x7a, 0xd6, 0x7a, 0xd6, 0x7a, 0xd6, 0x7a, 0xce, 0x7a, 0xd6, 0x7a, 0xd6, 0x7a, 0xd6, 0x7a, 0xd6,
    0x9a, 0xd6, 0x9a, 0xd6, 0x7a, 0xd6, 0x7a, 0xd6, 0x7a, 0xd6, 0x7a, 0xd6, 0x7a, 0xd6, 0x7a, 0xd6,
    0x7a, 0xd6, 0x7a, 0xce, 0x7a, 0xd6, 0x7a, 0xd6, 0x7a, 0xd6, 0x7a, 0xd6, 0x7a, 0xd6, 0x7a, 0xd6,
    0x7a, 0xd6, 0x9a, 0xd6, 0x9a, 0xd6, 0x9a, 0xd6, 0x9e, 0xf7, 0x3d, 0xe7, 0x52, 0x8c, 0x53, 0x8c,
    0x53, 0x8c, 0xb7, 0xb5, 0xbb, 0xde, 0x9e, 0xf7, 0xdb, 0xde, 0xe6, 0x39, 0x8a, 0x29, 0x52, 0x21,
    0x72, 0x21, 0x69, 0x29, 0xc6, 0x39, 0x1c, 0xe7, 0xff, 0xff, 0xbb, 0xde, 0xb8, 0xbd, 0x53, 0x8c,
    0x36, 0xa5, 0xd8, 0xbd, 0xfc, 0xde, 0x1c, 0xe7, 0x9a, 0xd6, 0x7a, 0xd6, 0x7a, 0xd6, 0x7a, 0xd6,
    0x7a, 0xd6, 0x7a, 0xd6, 0x7a, 0xd6, 0x7a, 0xd6, 0x7a, 0xd6, 0x7a, 0xd6, 0x7a, 0xd6, 0x7a, 0xd6,
    0x7a, 0xd6, 0x7a, 0xd6, 0x7a, 0xd6, 0x7a, 0xd6, 0x7a, 0xd6, 0x7a, 0xd6, 0x7a, 0xd6, 0x7a, 0xd6,
    0x7a, 0xd6, 0x7a, 0xd6, 0x7a, 0xd6, 0x7a, 0xd6, 0x7a, 0xd6, 0x7a, 0xd6, 0x7a, 0xd6, 0x7a, 0xd6,
    0x7a, 0xd6, 0x7a, 0xd6, 0x7a, 0xd6, 0x7a, 0xd6, 0x7a, 0xd6, 0x7a, 0xd6, 0x7a, 0xd6, 0x7a, 0xd6,
    0x7a, 0xd6, 0x7a, 0xd6, 0x5a, 0xd6, 0x7a, 0xd6, 0x7a, 0xd6, 0x7a, 0xd6, 0x7a, 0xd6, 0x7a, 0xd6,
    0x7a, 0xd6, 0x7a, 0xd6, 0x7a, 0xd6, 0x7a, 0xd6, 0x7a, 0xd6, 0x7a, 0xd6, 0x7a, 0xd6, 0x7a, 0xce,
    0x7a, 0xd6, 0x7a, 0xd6, 0x7a, 0xd6, 0x7a, 0xd6, 0x7a, 0xd6, 0x7a, 0xd6, 0x7a, 0xd6, 0x7a, 0xd6,
    0x7a, 0xd6, 0x7a, 0xd6, 0x7a, 0xd6, 0x7a, 0xd6, 0x7a, 0xd6, 0x5a, 0xd6, 0x5a, 0xd6, 0x5a, 0xd6,
    0x7a, 0xd6, 0x7a, 0xd6, 0x7a, 0xd6, 0x7a, 0xd6, 0x7a, 0xd6, 0x7a, 0xd6, 0x7a, 0xd6, 0x9a, 0xd6,
    0x1c, 0xe7, 0xdc, 0xde, 0xd8, 0xbd, 0x56, 0xad, 0x53, 0x8c, 0xb8, 0xbd, 0xbb, 0xde, 0xbe, 0xf7,
    0xdb, 0xde, 0xc6, 0x39, 0x8a, 0x29, 0x72, 0x21, 0x72, 0x21, 0x69, 0x29, 0xa6, 0x31, 0x1c, 0xe7,
    0xff, 0xff, 0xbb, 0xde, 0xd8, 0xbd, 0x33, 0x8c, 0x5a, 0xce, 0xdf, 0xff, 0x9a, 0xd6, 0x9a, 0xd6,
    0x9a, 0xd6, 0x7a, 0xd6, 0x7a, 0xd6, 0x7a, 0xd6, 0x7a, 0xce, 0x7a, 0xce, 0x7a, 0xd6, 0x7a, 0xd6,
    0x7a, 0xd6, 0x7a, 0xd6, 0x7a, 0xd6, 0x5a, 0xd6, 0x5a, 0xd6, 0x7a, 0xd6, 0x7a, 0xd6, 0x5a, 0xd6,
    0x5a, 0xd6, 0x7a, 0xd6, 0x7a, 0xd6, 0x7a, 0xd6, 0x7a, 0xd6, 0x7a, 0xd6, 0x7a, 0xd6, 0x5a, 0xd6,
    0x5a, 0xd6, 0x7a, 0xd6, 0x7a, 0xd6, 0x7a, 0xd6, 0x7a, 0xd6, 0x7a, 0xd6, 0x7a, 0xd6, 0x7a, 0xce,
    0x7a, 0xce, 0x7a, 0xd6, 0x7a, 0xd6, 0x7a, 0xd6, 0x7a, 0xd6, 0x5a, 0xd6, 0x5a, 0xd6, 0x7a, 0xd6,
    0x7a, 0xd6, 0x7a, 0xd6, 0x5a, 0xd6, 0x7a, 0xd6, 0x7a, 0xd6, 0x7a, 0xd6, 0x7a, 0xd6, 0x7a, 0xd6,
    0x7a, 0xd6, 0x7a, 0xd6, 0x7a, 0xd6, 0x7a, 0xd6, 0x7a, 0xd6, 0x7a, 0xd6, 0x7a, 0xd6, 0x7a, 0xd6,
    0x7a, 0xd6, 0x7a, 0xd6, 0x7a, 0xd6, 0x5a, 0xd6, 0x7a, 0xd6, 0x5a, 0xd6, 0x7a, 0xd6, 0x7a, 0xd6,
    0x5a, 0xd6, 0x5a, 0xce, 0x5a, 0xce, 0x5a, 0xce, 0x5a, 0xce, 0x5a, 0xd6, 0x7a, 0xd6, 0x7a, 0xd6,
    0x7a, 0xd6, 0x7a, 0xd6, 0x5a, 0xd6, 0x7a, 0xd6, 0x7a, 0xd6, 0x9a, 0xd6, 0xdf, 0xff, 0x9a, 0xd6,
    0x33, 0x8c, 0xb7, 0xbd, 0xbb, 0xd6, 0xbe, 0xf7, 0xdb, 0xde, 0xc6, 0x39, 0x8a, 0x29, 0x72, 0x21,
    0x72, 0x21, 0x49, 0x29, 0x85, 0x31, 0x1c, 0xe7, 0xff, 0xff, 0xdb, 0xde, 0xb8, 0xbd, 0x32, 0x8c,
    0x5a, 0xce, 0x9e, 0xf7, 0xba, 0xd6, 0x7a, 0xd6, 0x7a, 0xd6, 0x7a, 0xd6, 0x7a, 0xd6, 0x5a, 0xd6,
    0x7a, 0xce, 0x7a, 0xce, 0x7a, 0xd6, 0x7a, 0xd6, 0x5a, 0xd6, 0x5a, 0xd6, 0x5a, 0xd6, 0x5a, 0xd6,
    0x5a, 0xd6, 0x5a, 0xd6, 0x5a, 0xd6, 0x5a, 0xd6, 0x5a, 0xce, 0x5a, 0xd6, 0x7a, 0xd6, 0x7a, 0xd6,
    0x5a, 0xd6, 0x5a, 0xce, 0x5a, 0xd6, 0x7a, 0xd6, 0x5a, 0xce, 0x5a, 0xd6, 0x5a, 0xd6, 0x5a, 0xd6,
    0x7a, 0xd6, 0x7a, 0xd6, 0x7a, 0xce, 0x5a, 0xce, 0x5a, 0xd6, 0x7a, 0xd6, 0x5a, 0xd6, 0x5a, 0xd6,
    0x5a, 0xd6, 0x5a, 0xd6, 0x7a, 0xd6, 0x7a, 0xd6, 0x5a, 0xd6, 0x5a, 0xd6, 0x5a, 0xd6, 0x5a, 0xce,
    0x5a, 0xce, 0x5a, 0xd6, 0x7a, 0xd6, 0x7a, 0xd6, 0x7a, 0xd6, 0x7a, 0xd6, 0x5a, 0xd6, 0x5a, 0xce,
    0x5a, 0xd6, 0x5a, 0xd6, 0x5a, 0xd6, 0x7a, 0xd6, 0x7a, 0xd6, 0x5a, 0xd6, 0x5a, 0xd6, 0x7a, 0xd6,
    0x5a, 0xd6, 0x5a, 0xd6, 0x5a, 0xd6, 0x5a, 0xd6, 0x5a, 0xd6, 0x5a, 0xd6, 0x5a, 0xce, 0x5a, 0xce,
    0x5a, 0xd6, 0x5a, 0xd6, 0x7a, 0xd6, 0x7a, 0xd6, 0x5a, 0xd6, 0x5a, 0xd6, 0x5a, 0xd6, 0x7a, 0xd6,
    0x7a, 0xd6, 0x9a, 0xd6, 0x9e, 0xf7, 0x7a, 0xce, 0x53, 0x8c, 0xb7, 0xb5, 0xbb, 0xd6, 0x9e, 0xf7,
    0xdb, 0xde, 0xc6, 0x39, 0x8a, 0x29, 0x72, 0x21, 0x72, 0x21, 0x49, 0x21, 0x85, 0x31, 0x1c, 0xe7,
    0xff, 0xff, 0xdb, 0xde, 0xb8, 0xbd, 0x32, 0x84, 0x5a, 0xce, 0x9e, 0xf7, 0x9a, 0xd6, 0x7a, 0xce,
    0x7a, 0xd6, 0x5a, 0xd6, 0x7a, 0xd6, 0x7a, 0xd6, 0x7a, 0xce, 0x7a, 0xce, 0x7a, 0xce, 0x7a, 0xd6,
    0x5a, 0xce, 0x5a, 0xce, 0x5a, 0xce, 0x5a, 0xce, 0x5a, 0xd6, 0x5a, 0xd6, 0x5a, 0xce, 0x5a, 0xd6,
    0x5a, 0xd6, 0x5a, 0xce, 0x5a, 0xd6, 0x59, 0xce, 0x5a, 0xce, 0x5a, 0xce, 0x5a, 0xd6, 0x5a, 0xce,
    0x5a, 0xce, 0x5a, 0xd6, 0x5a, 0xce, 0x5a, 0xce, 0x5a, 0xd6, 0x5a, 0xce, 0x5a, 0xce, 0x5a, 0xce,
    0x5a, 0xd6, 0x5a, 0xd6, 0x5a, 0xd6, 0x5a, 0xce, 0x5a, 0xce, 0x59, 0xce, 0x5a, 0xce, 0x5a, 0xce,
    0x5a, 0xce, 0x5a, 0xce, 0x5a, 0xce, 0x5a, 0xce, 0x5a, 0xce, 0x5a, 0xce, 0x5a, 0xce, 0x5a, 0xd6,
    0x5a, 0xce, 0x5a, 0xd6, 0x5a, 0xce, 0x5a, 0xce, 0x5a, 0xce, 0x5a, 0xd6, 0x5a, 0xce, 0x5a, 0xce,
    0x5a, 0xd6, 0x5a, 0xd6, 0x5a, 0xd6, 0x5a, 0xce, 0x5a, 0xce, 0x5a, 0xd6, 0x5a, 0xd6, 0x5a, 0xce,
    0x5a, 0xd6, 0x5a, 0xd6, 0x5a, 0xce, 0x5a, 0xd6, 0x5a, 0xd6, 0x5a, 0xd6, 0x5a, 0xd6, 0x5a, 0xce,
    0x5a, 0xd6, 0x5a, 0xce, 0x5a, 0xd6, 0x5a, 0xd6, 0x5a, 0xd6, 0x7a, 0xd6, 0x9e, 0xf7, 0x7a, 0xce,
    0x33, 0x8c, 0xb7, 0xbd, 0xbb, 0xd6, 0x9e, 0xf7, 0xdb, 0xde, 0xc6, 0x39, 0x8a, 0x29, 0x72, 0x21,
    0x72, 0x21, 0x49, 0x21, 0x85, 0x31, 0x1c, 0xe7, 0xff, 0xff, 0xdb, 0xde, 0xb8, 0xbd, 0x33, 0x8c,
    0x5a, 0xce, 0x9e, 0xf7, 0x9a, 0xd6, 0x7a, 0xd6, 0x5a, 0xce, 0x5a, 0xd6, 0x7a, 0xd6, 0x7a, 0xd6,
    0x7a, 0xd6, 0x7a, 0xd6, 0x7a, 0xd6, 0x5a, 0xd6, 0x5a, 0xce, 0x5a, 0xd6, 0x59, 0xce, 0x59, 0xce,
    0x5a, 0xce, 0x5a, 0xce, 0x5a, 0xce, 0x5a, 0xd6, 0x5a, 0xd6, 0x5a, 0xce, 0x5a, 0xd6, 0x5a, 0xce,
    0x5a, 0xce, 0x5a, 0xd6, 0x5a, 0xce, 0x5a, 0xce, 0x5a, 0xce, 0x5a, 0xce, 0x5a, 0xce, 0x5a, 0xce,
    0x5a, 0xd6, 0x5a, 0xce, 0x5a, 0xce, 0x5a, 0xce, 0x5a, 0xce, 0x5a, 0xd6, 0x5a, 0xd6, 0x5a, 0xce,
    0x59, 0xce, 0x59, 0xce, 0x59, 0xce, 0x59, 0xce, 0x59, 0xce, 0x59, 0xce, 0x59, 0xce, 0x5a, 0xd6,
    0x5a, 0xd6, 0x59, 0xce, 0x5a, 0xce, 0x5a, 0xce, 0x5a, 0xce, 0x5a, 0xce, 0x5a, 0xce, 0x5a, 0xce,
    0x5a, 0xce, 0x5a, 0xd6, 0x5a, 0xce, 0x5a, 0xce, 0x5a, 0xce, 0x59, 0xce, 0x59, 0xce, 0x59, 0xce,
    0x59, 0xce, 0x5a, 0xce, 0x5a, 0xce, 0x5a, 0xce, 0x5a, 0xd6, 0x5a, 0xce, 0x59, 0xce, 0x5a, 0xce,
    0x5a, 0xce, 0x5a, 0xce, 0x5a, 0xd6, 0x5a, 0xce, 0x5a, 0xce, 0x5a, 0xce, 0x5a, 0xce, 0x5a, 0xd6,
    0x5a, 0xd6, 0x7a, 0xd6, 0x9e, 0xf7, 0x7a, 0xce, 0x33, 0x8c, 0xb7, 0xb5, 0xbb, 0xde, 0xbe, 0xf7,
    0xdb, 0xde, 0xa6, 0x31, 0x6a, 0x29, 0x72, 0x21, 0x72, 0x21, 0x49, 0x21, 0x85, 0x31, 0xfc, 0xde,
    0xff, 0xff, 0xdb, 0xde, 0xb8, 0xbd, 0x33, 0x8c, 0x5a, 0xce, 0x9e, 0xf7, 0x9a, 0xd6, 0x7a, 0xd6,
    0x7a, 0xce, 0x5a, 0xd6, 0x7a, 0xd6, 0x7a, 0xd6, 0x7a, 0xd6, 0x7a, 0xd6, 0x7a, 0xd6, 0x5a, 0xce,
    0x5a, 0xce, 0x5a, 0xce, 0x5a, 0xce, 0x5a, 0xce, 0x59, 0xce, 0x59, 0xce, 0x59, 0xce, 0x5a, 0xce,
    0x5a, 0xce, 0x5a, 0xd6, 0x5a, 0xce, 0x59, 0xce, 0x5a, 0xce, 0x5a, 0xce, 0x59, 0xce, 0x5a, 0xce,
    0x5a, 0xce, 0x5a, 0xce, 0x5a, 0xce, 0x5a, 0xce, 0x5a, 0xd6, 0x59, 0xce, 0x5a, 0xce, 0x7a, 0xce,
    0x5a, 0xce, 0x5a, 0xce, 0x5a, 0xce, 0x5a, 0xce, 0x59, 0xce, 0x5a, 0xce, 0x59, 0xce, 0x59, 0xce,
    0x59, 0xce, 0x59, 0xce, 0x59, 0xce, 0x5a, 0xce, 0x5a, 0xce, 0x5a, 0xce, 0x5a, 0xce, 0x59, 0xce,
    0x5a, 0xce, 0x5a, 0xce, 0x5a, 0xce, 0x5a, 0xce, 0x59, 0xce, 0x59, 0xce, 0x5a, 0xce, 0x5a, 0xce,
    0x5a, 0xce, 0x59, 0xce, 0x59, 0xce, 0x59, 0xce, 0x59, 0xce, 0x59, 0xce, 0x5a, 0xce, 0x5a, 0xce,
    0x59, 0xce, 0x59, 0xce, 0x5a, 0xce, 0x5a, 0xce, 0x59, 0xce, 0x59, 0xce, 0x5a, 0xd6, 0x5a, 0xd6,
    0x5a, 0xce, 0x5a, 0xce, 0x5a, 0xce, 0x7a, 0xd6, 0x5a, 0xd6, 0x7a, 0xd6, 0x9e, 0xf7, 0x5a, 0xce,
    0x33, 0x8c, 0xb7, 0xbd, 0xbb, 0xde, 0xbe, 0xf7, 0xdb, 0xde, 0xa5, 0x31, 0x6a, 0x29, 0x72, 0x21,
    0x72, 0x21, 0x49, 0x21, 0x85, 0x31, 0x1c, 0xe7, 0xff, 0xff, 0xbb, 0xde, 0xb8, 0xb5, 0x32, 0x8c,
    0x59, 0xce, 0x9e, 0xf7, 0x9a, 0xd6, 0x7a, 0xd6, 0x7a, 0xd6, 0x5a, 0xd6, 0x5a, 0xd6, 0x5a, 0xd6,
    0x5a, 0xd6, 0x7a, 0xd6, 0x7a, 0xd6, 0x5a, 0xce, 0x5a, 0xce, 0x5a, 0xce, 0x5a, 0xce, 0x5a, 0xd6,
    0x5a, 0xd6, 0x59, 0xce, 0x59, 0xce, 0x5a, 0xce, 0x5a, 0xce, 0x5a, 0xd6, 0x5a, 0xd6, 0x5a, 0xce,
    0x59, 0xce, 0x5a, 0xce, 0x5a, 0xce, 0x5a, 0xce, 0x5a, 0xce, 0x5a, 0xd6, 0x5a, 0xd6, 0x5a, 0xce,
    0x59, 0xce, 0x5a, 0xce, 0x5a, 0xce, 0x59, 0xce, 0x5a, 0xce, 0x5a, 0xce, 0x5a, 0xce, 0x5a, 0xce,
    0x5a, 0xce, 0x59, 0xce, 0x5a, 0xce, 0x59, 0xce, 0x59, 0xce, 0x59, 0xce, 0x59, 0xce, 0x59, 0xce,
    0x59, 0xce, 0x59, 0xce, 0x5a, 0xce, 0x59, 0xce, 0x5a, 0xce, 0x5a, 0xce, 0x5a, 0xce, 0x5a, 0xce,
    0x5a, 0xce, 0x5a, 0xce, 0x5a, 0xce, 0x5a, 0xd6, 0x59, 0xce, 0x59, 0xce, 0x5a, 0xce, 0x59, 0xce,
    0x5a, 0xce, 0x5a, 0xce, 0x59, 0xce, 0x59, 0xce, 0x59, 0xce, 0x5a, 0xce, 0x5a, 0xd6, 0x5a, 0xd6,
    0x59, 0xce, 0x59, 0xce, 0x5a, 0xce, 0x5a, 0xd6, 0x5a, 0xce, 0x5a, 0xd6, 0x5a, 0xd6, 0x7a, 0xd6,
    0x5a, 0xd6, 0x7a, 0xd6, 0x9e, 0xf7, 0x5a, 0xce, 0x33, 0x8c, 0xb7, 0xbd, 0x9b, 0xd6, 0xbe, 0xf7,
    0xdb, 0xde, 0xa5, 0x31, 0x6a, 0x29, 0x72, 0x21, 0x72, 0x21, 0x48, 0x21, 0x65, 0x29, 0x1c, 0xdf,
    0xff, 0xff, 0xbb, 0xde, 0xb8, 0xbd, 0x32, 0x84, 0x59, 0xce, 0x9e, 0xf7, 0x9a, 0xd6, 0x5a, 0xce,
    0x7a, 0xd6, 0x5a, 0xd6, 0x5a, 0xce, 0x5a, 0xce, 0x5a, 0xd6, 0x5a, 0xd6, 0x5a, 0xd6, 0x7a, 0xce,
    0x5a, 0xce, 0x5a, 0xce, 0x5a, 0xce, 0x5a, 0xce, 0x5a, 0xce, 0x59, 0xce, 0x59, 0xce, 0x5a, 0xce,
    0x5a, 0xce, 0x5a, 0xce, 0x5a, 0xce, 0x59, 0xce, 0x5a, 0xce, 0x5a, 0xce, 0x5a, 0xce, 0x5a, 0xd6,
    0x5a, 0xce, 0x5a, 0xd6, 0x5a, 0xd6, 0x5a, 0xce, 0x5a, 0xce, 0x5a, 0xce, 0x5a, 0xce, 0x5a, 0xce,
    0x5a, 0xce, 0x5a, 0xce, 0x5a, 0xce, 0x5a, 0xce, 0x5a, 0xce, 0x59, 0xce, 0x5a, 0xce, 0x59, 0xce,
    0x59, 0xce, 0x59, 0xce, 0x59, 0xce, 0x59, 0xce, 0x59, 0xce, 0x59, 0xce, 0x5a, 0xce, 0x5a, 0xce,
    0x5a, 0xce, 0x5a, 0xce, 0x5a, 0xce, 0x5a, 0xce, 0x59, 0xce, 0x5a, 0xd6, 0x5a, 0xd6, 0x5a, 0xd6,
    0x5a, 0xce, 0x59, 0xce, 0x59, 0xce, 0x5a, 0xd6, 0x5a, 0xd6, 0x5a, 0xce, 0x59, 0xce, 0x5a, 0xce,
    0x59, 0xce, 0x59, 0xce, 0x5a, 0xce, 0x5a, 0xce, 0x59, 0xce, 0x59, 0xce, 0x59, 0xce, 0x5a, 0xce,
    0x59, 0xce, 0x59, 0xce, 0x5a, 0xce, 0x5a, 0xce, 0x5a, 0xce, 0x7a, 0xd6, 0x9e, 0xf7, 0x7a, 0xce,
    0x33, 0x8c, 0xb8, 0xb5, 0xbb, 0xd6, 0xbe, 0xf7, 0xdb, 0xde, 0xa5, 0x31, 0x6a, 0x29, 0x72, 0x21,
    0x72, 0x21, 0x48, 0x21, 0x65, 0x29, 0x1c, 0xdf, 0xff, 0xff, 0xdb, 0xde, 0xb8, 0xbd, 0x32, 0x84,
    0x59, 0xce, 0x9e, 0xf7, 0x9a, 0xd6, 0x5a, 0xce, 0x5a, 0xd6, 0x5a, 0xd6, 0x5a, 0xce, 0x5a, 0xd6,
    0x5a, 0xd6, 0x5a, 0xd6, 0x5a, 0xd6, 0x7a, 0xce, 0x5a, 0xce, 0x5a, 0xce, 0x7a, 0xce, 0x59, 0xce,
    0x5a, 0xce, 0x5a, 0xce, 0x5a, 0xce, 0x5a, 0xce, 0x5a, 0xce, 0x59, 0xce, 0x59, 0xce, 0x5a, 0xce,
    0x5a, 0xce, 0x5a, 0xce, 0x5a, 0xd6, 0x5a, 0xce, 0x59, 0xce, 0x5a, 0xce, 0x5a, 0xce, 0x5a, 0xce,
    0x5a, 0xce, 0x5a, 0xce, 0x5a, 0xce, 0x5a, 0xce, 0x5a, 0xce, 0x59, 0xce, 0x59, 0xce, 0x5a, 0xce,
    0x59, 0xce, 0x59, 0xce, 0x5a, 0xce, 0x59, 0xce, 0x5a, 0xce, 0x59, 0xce, 0x59, 0xce, 0x59, 0xce,
    0x59, 0xce, 0x59, 0xce, 0x5a, 0xce, 0x5a, 0xce, 0x5a, 0xce, 0x59, 0xce, 0x5a, 0xce, 0x5a, 0xd6,
    0x59, 0xce, 0x5a, 0xce, 0x59, 0xce, 0x5a, 0xce, 0x5a, 0xce, 0x5a, 0xd6, 0x5a, 0xce, 0x5a, 0xce,
    0x5a, 0xd6, 0x5a, 0xd6, 0x5a, 0xce, 0x59, 0xce, 0x59, 0xce, 0x59, 0xce, 0x5a, 0xce, 0x5a, 0xce,
    0x5a, 0xce, 0x5a, 0xce, 0x59, 0xce, 0x5a, 0xce, 0x5a, 0xce, 0x59, 0xce, 0x59, 0xce, 0x59, 0xce,
    0x59, 0xce, 0x7a, 0xd6, 0x9e, 0xf7, 0x7a, 0xce, 0x33, 0x8c, 0xb8, 0xb5, 0xbb, 0xd6, 0xbe, 0xf7,
    0xdb, 0xde, 0xa5, 0x31, 0x6a, 0x29, 0x72, 0x21, 0x72, 0x21, 0x28, 0x21, 0x64, 0x29, 0xfc, 0xde,
    0xff, 0xff, 0xdb, 0xde, 0xb8, 0xbd, 0x32, 0x84, 0x59, 0xce, 0x9e, 0xf7, 0x7a, 0xd6, 0x5a, 0xce,
    0x5a, 0xce, 0x5a, 0xce, 0x5a, 0xce, 0x5a, 0xd6, 0x5a, 0xd6, 0x7a, 0xd6, 0x7a, 0xd6, 0x7a, 0xce,
    0x7a, 0xce, 0x7a, 0xce, 0x7a, 0xce, 0x5a, 0xce, 0x5a, 0xce, 0x5a, 0xce, 0x5a, 0xce, 0x5a, 0xd6,
    0x5a, 0xce, 0x5a, 0xce, 0x5a, 0xce, 0x5a, 0xce, 0x5a, 0xce, 0x5a, 0xce, 0x5a, 0xce, 0x5a, 0xce,
    0x59, 0xce, 0x59, 0xce, 0x59, 0xce, 0x59, 0xce, 0x59, 0xce, 0x59, 0xce, 0x5a, 0xce, 0x5a, 0xce,
    0x59, 0xce, 0x59, 0xce, 0x59, 0xce, 0x59, 0xce, 0x59, 0xce, 0x59, 0xce, 0x59, 0xce, 0x5a, 0xce,
    0x59, 0xce, 0x59, 0xce, 0x59, 0xce, 0x59, 0xce, 0x59, 0xce, 0x59, 0xce, 0x59, 0xce, 0x59, 0xce,
    0x5a, 0xce, 0x59, 0xce, 0x5a, 0xce, 0x5a, 0xce, 0x59, 0xce, 0x59, 0xce, 0x59, 0xce, 0x5a, 0xce,
    0x5a, 0xce, 0x5a, 0xce, 0x59, 0xce, 0x59, 0xce, 0x5a, 0xce, 0x5a, 0xce, 0x5a, 0xce, 0x59, 0xce,
    0x59, 0xce, 0x59, 0xce, 0x5a, 0xce, 0x5a, 0xce, 0x59, 0xce, 0x59, 0xce, 0x59, 0xce, 0x59, 0xce,
    0x5a, 0xce, 0x5a, 0xce, 0x5a, 0xce, 0x5a, 0xce, 0x5a, 0xce, 0x7a, 0xd6, 0x9e, 0xf7, 0x5a, 0xce,
    0x33, 0x8c, 0xb8, 0xb5, 0xbb, 0xd6, 0xbe, 0xf7, 0xdb, 0xde, 0xa5, 0x31, 0x6a, 0x29, 0x72, 0x21,
    0x72, 0x21, 0x48, 0x21, 0x64, 0x29, 0xfc, 0xde, 0xff, 0xff, 0xbb, 0xde, 0xb8, 0xbd, 0x32, 0x8c,
    0x59, 0xce, 0x9e, 0xf7, 0x7a, 0xd6, 0x5a, 0xce, 0x5a, 0xce, 0x5a, 0xd6, 0x5a, 0xd6, 0x5a, 0xce,
    0x5a, 0xce, 0x5a, 0xce, 0x5a, 0xce, 0x5a, 0xce, 0x5a, 0xce, 0x5a, 0xce, 0x5a, 0xce, 0x59, 0xce,
    0x59, 0xce, 0x5a, 0xce, 0x5a, 0xce, 0x5a, 0xce, 0x5a, 0xce, 0x5a, 0xce, 0x5a, 0xce, 0x5a, 0xce,
    0x5a, 0xce, 0x5a, 0xce, 0x59, 0xce, 0x59, 0xce, 0x59, 0xce, 0x59, 0xce, 0x59, 0xce, 0x59, 0xce,
    0x59, 0xce, 0x59, 0xce, 0x5a, 0xce, 0x59, 0xce, 0x59, 0xce, 0x59, 0xce, 0x59, 0xce, 0x59, 0xce,
    0x59, 0xce, 0x59, 0xce, 0x59, 0xce, 0x59, 0xce, 0x59, 0xce, 0x59, 0xce, 0x59, 0xce, 0x59, 0xce,
    0x59, 0xce, 0x59, 0xce, 0x59, 0xce, 0x59, 0xce, 0x5a, 0xce, 0x59, 0xce, 0x59, 0xce, 0x5a, 0xce,
    0x5a, 0xce, 0x5a, 0xce, 0x59, 0xce, 0x5a, 0xce, 0x5a, 0xce, 0x59, 0xce, 0x59, 0xce, 0x59, 0xce,
    0x59, 0xce, 0x59, 0xce, 0x5a, 0xd6, 0x5a, 0xce, 0x5a, 0xce, 0x59, 0xce, 0x5a, 0xce, 0x59, 0xce,
    0x59, 0xce, 0x59, 0xce, 0x59, 0xce, 0x59, 0xce, 0x59, 0xce, 0x5a, 0xce, 0x5a, 0xce, 0x5a, 0xd6,
    0x59, 0xce, 0x7a, 0xd6, 0x9e, 0xf7, 0x5a, 0xce, 0x33, 0x8c, 0xb8, 0xb5, 0x9b, 0xd6, 0xbe, 0xf7,
    0xdb, 0xde, 0x85, 0x31, 0x69, 0x29, 0x72, 0x21, 0x72, 0x21, 0x48, 0x21, 0x64, 0x29, 0xfc, 0xde,
    0xff, 0xff, 0xbb, 0xde, 0xb8, 0xbd, 0x32, 0x8c, 0x59, 0xce, 0x9e, 0xf7, 0x9a, 0xd6, 0x5a, 0xce,
    0x7a, 0xce, 0x5a, 0xd6, 0x5a, 0xd6, 0x5a, 0xce, 0x5a, 0xce, 0x59, 0xce, 0x7a, 0xce, 0x5a, 0xce,
    0x59, 0xce, 0x5a, 0xce, 0x5a, 0xce, 0x59, 0xce, 0x59, 0xce, 0x59, 0xce, 0x5a, 0xce, 0x5a, 0xce,
    0x5a, 0xce, 0x5a, 0xce, 0x5a, 0xce, 0x5a, 0xce, 0x5a, 0xce, 0x5a, 0xce, 0x5a, 0xce, 0x59, 0xce,
    0x59, 0xce, 0x59, 0xce, 0x59, 0xce, 0x59, 0xce, 0x59, 0xce, 0x59, 0xce, 0x59, 0xce, 0x59, 0xce,
    0x59, 0xce, 0x59, 0xce, 0x59, 0xce, 0x59, 0xce, 0x59, 0xce, 0x59, 0xce, 0x59, 0xce, 0x59, 0xce,
    0x59, 0xce, 0x59, 0xce, 0x59, 0xce, 0x39, 0xce, 0x59, 0xce, 0x59, 0xce, 0x59, 0xce, 0x59, 0xce,
    0x5a, 0xce, 0x59, 0xce, 0x59, 0xce, 0x59, 0xce, 0x5a, 0xce, 0x59, 0xce, 0x59, 0xce, 0x5a, 0xce,
    0x5a, 0xce, 0x59, 0xce, 0x59, 0xce, 0x59, 0xce, 0x59, 0xce, 0x59, 0xce, 0x5a, 0xce, 0x5a, 0xce,
    0x59, 0xce, 0x59, 0xce, 0x5a, 0xce, 0x5a, 0xce, 0x5a, 0xce, 0x59, 0xce, 0x5a, 0xce, 0x5a, 0xce,
    0x59, 0xce, 0x59, 0xce, 0x59, 0xce, 0x5a, 0xce, 0x5a, 0xce, 0x7a, 0xd6, 0x9e, 0xf7, 0x5a, 0xce,
    0x32, 0x8c, 0xb7, 0xb5, 0x9b, 0xd6, 0xbf, 0xf7, 0xfb, 0xde, 0xa5, 0x31, 0x6a, 0x29, 0x72, 0x21,
    0x72, 0x21, 0x28, 0x21, 0x64, 0x29, 0x1c, 0xe7, 0xff, 0xff, 0xbb, 0xde, 0xb8, 0xb5, 0x32, 0x8c,
    0x59, 0xce, 0x9e, 0xf7, 0x9a, 0xd6, 0x5a, 0xce, 0x7a, 0xce, 0x5a, 0xce, 0x7a, 0xd6, 0x7a, 0xd6,
    0x5a, 0xd6, 0x5a, 0xce, 0x5a, 0xce, 0x5a, 0xd6, 0x5a, 0xce, 0x5a, 0xce, 0x5a, 0xd6, 0x5a, 0xce,
    0x5a, 0xce, 0x59, 0xce, 0x7a, 0xce, 0x7a, 0xce, 0x5a, 0xce, 0x5a, 0xce, 0x5a, 0xce, 0x5a, 0xce,
    0x5a, 0xce, 0x59, 0xce, 0x59, 0xce, 0x5a, 0xce, 0x59, 0xce, 0x59, 0xce, 0x59, 0xce, 0x59, 0xce,
    0x59, 0xce, 0x5a, 0xce, 0x59, 0xce, 0x59, 0xce, 0x59, 0xce, 0x59, 0xce, 0x59, 0xce, 0x59, 0xce,
    0x59, 0xce, 0x59, 0xce, 0x59, 0xce, 0x59, 0xce, 0x59, 0xce, 0x59, 0xce, 0x59, 0xce, 0x39, 0xce,
    0x39, 0xce, 0x59, 0xce, 0x59, 0xce, 0x59, 0xce, 0x59, 0xce, 0x59, 0xce, 0x5a, 0xce, 0x5a, 0xce,
    0x59, 0xce, 0x59, 0xce, 0x59, 0xce, 0x59, 0xce, 0x5a, 0xce, 0x5a, 0xce, 0x5a, 0xce, 0x59, 0xce,
    0x59, 0xce, 0x59, 0xce, 0x59, 0xce, 0x59, 0xce, 0x59, 0xce, 0x59, 0xce, 0x5a, 0xce, 0x5a, 0xce,
    0x5a, 0xce, 0x59, 0xce, 0x59, 0xce, 0x5a, 0xce, 0x59, 0xce, 0x5a, 0xce, 0x59, 0xce, 0x59, 0xce,
    0x5a, 0xce, 0x7a, 0xd6, 0x9e, 0xf7, 0x5a, 0xce, 0x32, 0x8c, 0xb7, 0xb5, 0xbb, 0xd6, 0xbf, 0xf7,
    0xdb, 0xde, 0xa5, 0x31, 0x6a, 0x29, 0x72, 0x21, 0x72, 0x21, 0x28, 0x21, 0x64, 0x29, 0x1c, 0xe7,
    0xff, 0xff, 0xdb, 0xde, 0xb8, 0xb5, 0x32, 0x84, 0x59, 0xce, 0x9e, 0xf7, 0x9a, 0xd6, 0x5a, 0xce,
    0x7a, 0xce, 0x5a, 0xd6, 0x7a, 0xd6, 0x7a, 0xd6, 0x5a, 0xd6, 0x5a, 0xce, 0x59, 0xce, 0x5a, 0xce,
    0x59, 0xce, 0x59, 0xce, 0x5a, 0xd6, 0x5a, 0xce, 0x5a, 0xce, 0x5a, 0xce, 0x59, 0xce, 0x5a, 0xce,
    0x5a, 0xce, 0x5a, 0xce, 0x59, 0xce, 0x5a, 0xce, 0x5a, 0xce, 0x59, 0xce, 0x59, 0xce, 0x5a, 0xce,
    0x5a, 0xce, 0x59, 0xce, 0x59, 0xce, 0x59, 0xce, 0x59, 0xce, 0x5a, 0xce, 0x59, 0xce, 0x59, 0xce,
    0x59, 0xce, 0x59, 0xce, 0x59, 0xce, 0x59, 0xce, 0x59, 0xce, 0x5a, 0xce, 0x59, 0xce, 0x59, 0xce,
    0x59, 0xce, 0x59, 0xce, 0x39, 0xce, 0x39, 0xce, 0x59, 0xce, 0x59, 0xce, 0x59, 0xce, 0x59, 0xce,
    0x59, 0xce, 0x59, 0xce, 0x59, 0xce, 0x59, 0xce, 0x59, 0xce, 0x5a, 0xce, 0x59, 0xce, 0x5a, 0xce,
    0x5a, 0xce, 0x59, 0xce, 0x59, 0xce, 0x59, 0xce, 0x5a, 0xce, 0x5a, 0xce, 0x59, 0xce, 0x59, 0xce,
    0x59, 0xce, 0x59, 0xce, 0x59, 0xce, 0x5a, 0xce, 0x59, 0xce, 0x59, 0xce, 0x59, 0xce, 0x59, 0xce,
    0x59, 0xce, 0x5a, 0xce, 0x5a, 0xce, 0x5a, 0xce, 0x5a, 0xd6, 0x7a, 0xd6, 0x9e, 0xf7, 0x5a, 0xce,
    0x33, 0x8c, 0xb7, 0xb5, 0xbb, 0xd6, 0xbf, 0xf7, 0xdb, 0xde, 0xa5, 0x31, 0x6a, 0x29, 0x72, 0x21,
    0x72, 0x21, 0x28, 0x21, 0x65, 0x29, 0x1c, 0xe7, 0xff, 0xff, 0xdb, 0xde, 0xb8, 0xbd, 0x33, 0x8c,
    0x5a, 0xce, 0x9e, 0xf7, 0x9a, 0xd6, 0x5a, 0xce, 0x5a, 0xd6, 0x7a, 0xd6, 0x5a, 0xd6, 0x5a, 0xce,
    0x5a, 0xd6, 0x5a, 0xce, 0x5a, 0xce, 0x59, 0xce, 0x59, 0xce, 0x59, 0xce, 0x5a, 0xce, 0x5a, 0xce,
    0x5a, 0xce, 0x5a, 0xce, 0x5a, 0xce, 0x5a, 0xce, 0x5a, 0xd6, 0x5a, 0xce, 0x5a, 0xce, 0x59, 0xce,
    0x59, 0xce, 0x59, 0xce, 0x59, 0xce, 0x5a, 0xce, 0x5a, 0xce, 0x59, 0xce, 0x59, 0xce, 0x59, 0xce,
    0x59, 0xce, 0x59, 0xce, 0x59, 0xce, 0x59, 0xce, 0x59, 0xce, 0x59, 0xce, 0x59, 0xce, 0x59, 0xce,
    0x5a, 0xce, 0x5a, 0xce, 0x59, 0xce, 0x59, 0xce, 0x59, 0xce, 0x59, 0xce, 0x59, 0xce, 0x59, 0xce,
    0x59, 0xce, 0x59, 0xce, 0x59, 0xce, 0x59, 0xce, 0x5a, 0xce, 0x59, 0xce, 0x59, 0xce, 0x59, 0xce,
    0x59, 0xce, 0x59, 0xce, 0x5a, 0xce, 0x5a, 0xce, 0x5a, 0xce, 0x5a, 0xce, 0x59, 0xce, 0x59, 0xce,
    0x59, 0xce, 0x59, 0xce, 0x59, 0xce, 0x59, 0xce, 0x59, 0xce, 0x59, 0xce, 0x59, 0xce, 0x5a, 0xce,
    0x5a, 0xce, 0x59, 0xce, 0x59, 0xce, 0x5a, 0xce, 0x5a, 0xce, 0x59, 0xce, 0x5a, 0xce, 0x5a, 0xce,
    0x5a, 0xd6, 0x9a, 0xd6, 0x9e, 0xf7, 0x5a, 0xce, 0x32, 0x8c, 0xb7, 0xb5, 0xbb, 0xd6, 0xbf, 0xf7,
    0xdb, 0xde, 0xa5, 0x31, 0x6a, 0x29, 0x72, 0x21, 0x72, 0x21, 0x28, 0x21, 0x65, 0x31, 0x1c, 0xe7,
    0xff, 0xff, 0xdb, 0xde, 0xb8, 0xbd, 0x33, 0x8c, 0x59, 0xce, 0x9e, 0xf7, 0x9a, 0xd6, 0x5a, 0xce,
    0x5a, 0xd6, 0x5a, 0xd6, 0x5a, 0xd6, 0x5a, 0xd6, 0x5a, 0xd6, 0x5a, 0xce, 0x59, 0xce, 0x5a, 0xce,
    0x5a, 0xce, 0x59, 0xce, 0x59, 0xce, 0x5a, 0xce, 0x5a, 0xce, 0x5a, 0xce, 0x5a, 0xce, 0x5a, 0xce,
    0x5a, 0xd6, 0x5a, 0xd6, 0x5a, 0xce, 0x59, 0xce, 0x59, 0xce, 0x59, 0xce, 0x5a, 0xce, 0x5a, 0xce,
    0x5a, 0xce, 0x5a, 0xd6, 0x59, 0xce, 0x59, 0xce, 0x59, 0xce, 0x59, 0xce, 0x59, 0xce, 0x59, 0xce,
    0x59, 0xce, 0x59, 0xce, 0x59, 0xce, 0x59, 0xce, 0x59, 0xce, 0x5a, 0xce, 0x59, 0xce, 0x59, 0xce,
    0x59, 0xce, 0x59, 0xce, 0x59, 0xce, 0x59, 0xce, 0x59, 0xce, 0x59, 0xce, 0x59, 0xce, 0x59, 0xce,
    0x59, 0xce, 0x59, 0xce, 0x59, 0xce, 0x5a, 0xce, 0x59, 0xce, 0x59, 0xce, 0x5a, 0xce, 0x5a, 0xd6,
    0x5a, 0xd6, 0x5a, 0xce, 0x59, 0xce, 0x59, 0xce, 0x59, 0xce, 0x59, 0xce, 0x59, 0xce, 0x59, 0xce,
    0x59, 0xce, 0x59, 0xce, 0x59, 0xce, 0x59, 0xce, 0x5a, 0xce, 0x59, 0xce, 0x59, 0xce, 0x59, 0xce,
    0x59, 0xce, 0x59, 0xce, 0x59, 0xce, 0x59, 0xce, 0x59, 0xce, 0x7a, 0xd6, 0x9e, 0xf7, 0x5a, 0xce,
    0x32, 0x8c, 0x97, 0xb5, 0x9b, 0xd6, 0xbf, 0xf7, 0xdb, 0xde, 0x85, 0x31, 0x6a, 0x29, 0x72, 0x21,
    0x72, 0x21, 0x49, 0x21, 0x65, 0x31, 0xfc, 0xde, 0xff, 0xff, 0xdb, 0xde, 0xb8, 0xb5, 0x32, 0x8c,
    0x59, 0xce, 0x9e, 0xf7, 0x9a, 0xd6, 0x5a, 0xce, 0x5a, 0xd6, 0x5a, 0xce, 0x5a, 0xce, 0x5a, 0xce,
    0x5a, 0xce, 0x5a, 0xce, 0x59, 0xce, 0x59, 0xce, 0x59, 0xce, 0x59, 0xce, 0x5a, 0xce, 0x5a, 0xce,
    0x5a, 0xce, 0x5a, 0xce, 0x5a, 0xce, 0x5a, 0xce, 0x5a, 0xce, 0x5a, 0xce, 0x5a, 0xce, 0x5a, 0xce,
    0x5a, 0xce, 0x59, 0xce, 0x59, 0xce, 0x5a, 0xce, 0x59, 0xce, 0x5a, 0xce, 0x5a, 0xce, 0x59, 0xce,
    0x59, 0xce, 0x59, 0xce, 0x59, 0xce, 0x59, 0xce, 0x59, 0xce, 0x59, 0xce, 0x59, 0xce, 0x59, 0xce,
    0x59, 0xce, 0x59, 0xce, 0x59, 0xce, 0x59, 0xce, 0x59, 0xce, 0x59, 0xce, 0x59, 0xce, 0x59, 0xce,
    0x59, 0xce, 0x59, 0xce, 0x5a, 0xce, 0x5a, 0xce, 0x59, 0xce, 0x59, 0xce, 0x59, 0xce, 0x5a, 0xce,
    0x59, 0xce, 0x59, 0xce, 0x59, 0xce, 0x5a, 0xce, 0x5a, 0xce, 0x59, 0xce, 0x59, 0xce, 0x59, 0xce,
    0x59, 0xce, 0x59, 0xce, 0x59, 0xce, 0x59, 0xce, 0x59, 0xce, 0x59, 0xce, 0x59, 0xce, 0x59, 0xce,
    0x59, 0xce, 0x59, 0xce, 0x39, 0xce, 0x59, 0xce, 0x59, 0xce, 0x59, 0xce, 0x5a, 0xce, 0x5a, 0xce,
    0x59, 0xce, 0x7a, 0xd6, 0x9e, 0xf7, 0x5a, 0xce, 0x32, 0x8c, 0xb7, 0xb5, 0x9a, 0xd6, 0xbf, 0xf7,
    0xdb, 0xde, 0x85, 0x31, 0x6a, 0x29, 0x72, 0x21, 0x72, 0x21, 0x49, 0x21, 0x85, 0x31, 0xfc, 0xde,
    0xff, 0xff, 0xdb, 0xde, 0xb8, 0xbd, 0x32, 0x8c, 0x59, 0xce, 0x9e, 0xf7, 0x9a, 0xd6, 0x5a, 0xce,
    0x5a, 0xd6, 0x59, 0xce, 0x5a, 0xce, 0x5a, 0xce, 0x59, 0xce, 0x59, 0xce, 0x59, 0xce, 0x59, 0xce,
    0x59, 0xce, 0x59, 0xce, 0x5a, 0xce, 0x5a, 0xce, 0x5a, 0xce, 0x5a, 0xce, 0x5a, 0xce, 0x5a, 0xce,
    0x5a, 0xce, 0x5a, 0xce, 0x5a, 0xce, 0x59, 0xce, 0x5a, 0xce, 0x59, 0xce, 0x59, 0xce, 0x5a, 0xce,
    0x5a, 0xce, 0x5a, 0xce, 0x5a, 0xce, 0x59, 0xce, 0x59, 0xce, 0x5a, 0xce, 0x5a, 0xce, 0x59, 0xce,
    0x59, 0xce, 0x59, 0xce, 0x59, 0xce, 0x59, 0xce, 0x59, 0xce, 0x59, 0xce, 0x59, 0xce, 0x59, 0xce,
    0x59, 0xce, 0x59, 0xce, 0x59, 0xce, 0x59, 0xce, 0x59, 0xce, 0x59, 0xce, 0x5a, 0xce, 0x59, 0xce,
    0x5a, 0xce, 0x59, 0xce, 0x59, 0xce, 0x5a, 0xce, 0x59, 0xce, 0x59, 0xce, 0x59, 0xce, 0x59, 0xce,
    0x59, 0xce, 0x59, 0xce, 0x59, 0xce, 0x5a, 0xce, 0x59, 0xce, 0x59, 0xce, 0x59, 0xce, 0x59, 0xce,
    0x59, 0xce, 0x59, 0xce, 0x59, 0xce, 0x59, 0xce, 0x59, 0xce, 0x59, 0xce, 0x39, 0xce, 0x59, 0xce,
    0x59, 0xce, 0x59, 0xce, 0x59, 0xce, 0x5a, 0xd6, 0x59, 0xce, 0x7a, 0xd6, 0x9e, 0xf7, 0x5a, 0xce,
    0x32, 0x8c, 0xb7, 0xb5, 0x9b, 0xd6, 0xbf, 0xf7, 0xdb, 0xde, 0x85, 0x31, 0x6a, 0x29, 0x72, 0x21,
    0x72, 0x21, 0x49, 0x21, 0x85, 0x31, 0xfc, 0xde, 0xff, 0xff, 0xdb, 0xde, 0xb8, 0xbd, 0x32, 0x8c,
    0x59, 0xce, 0x9e, 0xf7, 0x7a, 0xd6, 0x5a, 0xce, 0x5a, 0xd6, 0x5a, 0xce, 0x5a, 0xce, 0x59, 0xce,
    0x59, 0xce, 0x59, 0xce, 0x59, 0xce, 0x5a, 0xce, 0x59, 0xce, 0x59, 0xce, 0x5a, 0xce, 0x5a, 0xce,
    0x59, 0xce, 0x59, 0xce, 0x5a, 0xce, 0x5a, 0xce, 0x5a, 0xce, 0x59, 0xce, 0x5a, 0xce, 0x59, 0xce,
    0x5a, 0xce, 0x59, 0xce, 0x59, 0xce, 0x59, 0xce, 0x59, 0xce, 0x5a, 0xce, 0x59, 0xce, 0x59, 0xce,
    0x59, 0xce, 0x5a, 0xce, 0x5a, 0xce, 0x5a, 0xce, 0x59, 0xce, 0x59, 0xce, 0x59, 0xce, 0x5a, 0xce,
    0x5a, 0xce, 0x59, 0xce, 0x59, 0xce, 0x59, 0xce, 0x59, 0xce, 0x59, 0xce, 0x59, 0xce, 0x59, 0xce,
    0x59, 0xce, 0x59, 0xce, 0x59, 0xce, 0x59, 0xce, 0x5a, 0xce, 0x59, 0xce, 0x59, 0xce, 0x59, 0xce,
    0x5a, 0xce, 0x59, 0xce, 0x5a, 0xce, 0x59, 0xce, 0x5a, 0xce, 0x59, 0xce, 0x59, 0xce, 0x5a, 0xce,
    0x59, 0xce, 0x59, 0xce, 0x59, 0xce, 0x59, 0xce, 0x59, 0xce, 0x59, 0xce, 0x59, 0xce, 0x59, 0xce,
    0x59, 0xce, 0x59, 0xce, 0x59, 0xce, 0x59, 0xce, 0x59, 0xce, 0x59, 0xce, 0x59, 0xce, 0x5a, 0xce,
    0x59, 0xce, 0x7a, 0xd6, 0x9e, 0xf7, 0x7a, 0xce, 0x32, 0x8c, 0xb7, 0xb5, 0xbb, 0xd6, 0xbf, 0xf7,
    0xdb, 0xde, 0x85, 0x31, 0x6a, 0x29, 0x72, 0x21, 0x72, 0x21, 0x49, 0x21, 0x65, 0x31, 0xfc, 0xde,
    0xff, 0xff, 0xdb, 0xde, 0xb8, 0xbd, 0x32, 0x8c, 0x59, 0xce, 0x9e, 0xf7, 0x9a, 0xd6, 0x5a, 0xce,
    0x5a, 0xd6, 0x5a, 0xce, 0x5a, 0xce, 0x5a, 0xce, 0x59, 0xce, 0x59, 0xce, 0x5a, 0xce, 0x5a, 0xce,
    0x59, 0xce, 0x59, 0xce, 0x5a, 0xce, 0x59, 0xce, 0x5a, 0xce, 0x5a, 0xce, 0x5a, 0xce, 0x5a, 0xce,
    0x5a, 0xce, 0x59, 0xce, 0x59, 0xce, 0x59, 0xce, 0x59, 0xce, 0x59, 0xce, 0x59, 0xce, 0x59, 0xce,
    0x59, 0xce, 0x59, 0xce, 0x59, 0xce, 0x59, 0xce, 0x59, 0xce, 0x59, 0xce, 0x59, 0xce, 0x59, 0xce,
    0x59, 0xce, 0x59, 0xce, 0x59, 0xce, 0x5a, 0xce, 0x59, 0xce, 0x59, 0xce, 0x59, 0xce, 0x59, 0xce,
    0x59, 0xce, 0x59, 0xce, 0x59, 0xce, 0x59, 0xce, 0x59, 0xce, 0x59, 0xce, 0x59, 0xce, 0x59, 0xce,
    0x5a, 0xce, 0x5a, 0xce, 0x59, 0xce, 0x59, 0xce, 0x59, 0xce, 0x59, 0xce, 0x59, 0xce, 0x59, 0xce,
    0x59, 0xce, 0x59, 0xce, 0x59, 0xce, 0x5a, 0xce, 0x5a, 0xce, 0x59, 0xce, 0x59, 0xce, 0x59, 0xce,
    0x59, 0xce, 0x59, 0xce, 0x59, 0xce, 0x59, 0xce, 0x59, 0xce, 0x59, 0xce, 0x5a, 0xce, 0x5a, 0xce,
    0x59, 0xce, 0x59, 0xce, 0x59, 0xce, 0x5a, 0xce, 0x5a, 0xce, 0x7a, 0xd6, 0x9e, 0xf7, 0x5a, 0xce,
    0x32, 0x8c, 0xb7, 0xb5, 0xbb, 0xd6, 0xbf, 0xf7, 0xdb, 0xde, 0x85, 0x31, 0x6a, 0x29, 0x72, 0x21,
    0x72, 0x21, 0x49, 0x21, 0x85, 0x31, 0x1c, 0xe7, 0xff, 0xff, 0xbb, 0xde, 0xb8, 0xbd, 0x33, 0x8c,
    0x5a, 0xce, 0x9e, 0xf7, 0x7a, 0xd6, 0x5a, 0xce, 0x7a, 0xce, 0x5a, 0xce, 0x5a, 0xce, 0x5a, 0xce,
    0x59, 0xce, 0x59, 0xce, 0x5a, 0xce, 0x5a, 0xce, 0x5a, 0xce, 0x5a, 0xce, 0x5a, 0xce, 0x59, 0xce,
    0x5a, 0xce, 0x5a, 0xd6, 0x5a, 0xce, 0x5a, 0xce, 0x5a, 0xce, 0x59, 0xce, 0x59, 0xce, 0x59, 0xce,
    0x59, 0xce, 0x59, 0xce, 0x5a, 0xce, 0x59, 0xce, 0x59, 0xce, 0x5a, 0xce, 0x59, 0xce, 0x59, 0xce,
    0x5a, 0xce, 0x5a, 0xce, 0x59, 0xce, 0x59, 0xce, 0x5a, 0xce, 0x5a, 0xce, 0x59, 0xce, 0x59, 0xce,
    0x59, 0xce, 0x59, 0xce, 0x59, 0xce, 0x59, 0xce, 0x59, 0xce, 0x59, 0xce, 0x59, 0xce, 0x59, 0xce,
    0x59, 0xce, 0x59, 0xce, 0x59, 0xce, 0x59, 0xce, 0x59, 0xce, 0x59, 0xce, 0x59, 0xce, 0x59, 0xce,
    0x59, 0xce, 0x59, 0xce, 0x59, 0xce, 0x59, 0xce, 0x59, 0xce, 0x59, 0xce, 0x59, 0xce, 0x59, 0xce,
    0x59, 0xce, 0x59, 0xce, 0x5a, 0xce, 0x59, 0xce, 0x59, 0xce, 0x59, 0xce, 0x59, 0xce, 0x59, 0xce,
    0x59, 0xce, 0x59, 0xce, 0x5a, 0xce, 0x5a, 0xce, 0x59, 0xce, 0x59, 0xce, 0x5a, 0xce, 0x5a, 0xd6,
    0x5a, 0xce, 0x7a, 0xd6, 0x9e, 0xf7, 0x5a, 0xce, 0x32, 0x8c, 0xb7, 0xb5, 0x9b, 0xd6, 0xbf, 0xf7,
    0xdb, 0xde, 0xa5, 0x31, 0x6a, 0x29, 0x72, 0x21, 0x72, 0x21, 0x49, 0x21, 0x65, 0x31, 0x1c, 0xe7,
    0xff, 0xff, 0xbb, 0xde, 0xb7, 0xb5, 0x32, 0x8c, 0x5a, 0xce, 0x9e, 0xf7, 0x7a, 0xd6, 0x5a, 0xce,
    0x7a, 0xce, 0x5a, 0xd6, 0x5a, 0xd6, 0x5a, 0xce, 0x5a, 0xce, 0x5a, 0xce, 0x5a, 0xce, 0x5a, 0xce,
    0x5a, 0xce, 0x59, 0xce, 0x5a, 0xce, 0x5a, 0xce, 0x5a, 0xce, 0x5a, 0xce, 0x59, 0xce, 0x5a, 0xce,
    0x5a, 0xce, 0x5a, 0xce, 0x59, 0xce, 0x5a, 0xce, 0x59, 0xce, 0x59, 0xce, 0x59, 0xce, 0x59, 0xce,
    0x59, 0xce, 0x5a, 0xce, 0x5a, 0xce, 0x59, 0xce, 0x5a, 0xce, 0x5a, 0xce, 0x59, 0xce, 0x5a, 0xce,
    0x5a, 0xce, 0x5a, 0xce, 0x59, 0xce, 0x59, 0xce, 0x59, 0xce, 0x59, 0xce, 0x59, 0xce, 0x59, 0xce,
    0x59, 0xce, 0x59, 0xce, 0x59, 0xce, 0x59, 0xce, 0x59, 0xce, 0x59, 0xce, 0x59, 0xce, 0x59, 0xce,
    0x59, 0xce, 0x59, 0xce, 0x59, 0xce, 0x59, 0xce, 0x59, 0xce, 0x59, 0xce, 0x59, 0xce, 0x59, 0xce,
    0x59, 0xce, 0x59, 0xce, 0x5a, 0xce, 0x59, 0xce, 0x59, 0xce, 0x59, 0xce, 0x59, 0xce, 0x59, 0xce,
    0x5a, 0xce, 0x59, 0xce, 0x59, 0xce, 0x59, 0xce, 0x59, 0xce, 0x5a, 0xce, 0x5a, 0xd6, 0x5a, 0xd6,
    0x5a, 0xce, 0x59, 0xce, 0x5a, 0xce, 0x5a, 0xd6, 0x5a, 0xd6, 0x7a, 0xd6, 0x9e, 0xf7, 0x5a, 0xce,
    0x32, 0x84, 0xb7, 0xb5, 0x9b, 0xd6, 0xbf, 0xf7, 0xfb, 0xde, 0xa5, 0x31, 0x6a, 0x29, 0x72, 0x21,
    0x72, 0x21, 0x28, 0x21, 0x65, 0x29, 0xfc, 0xde, 0xff, 0xff, 0xbb, 0xde, 0xb7, 0xb5, 0x32, 0x8c,
    0x5a, 0xce, 0x9e, 0xf7, 0x7a, 0xd6, 0x5a, 0xce, 0x7a, 0xce, 0x7a, 0xd6, 0x7a, 0xd6, 0x5a, 0xd6,
    0x5a, 0xce, 0x5a, 0xce, 0x5a, 0xce, 0x5a, 0xd6, 0x5a, 0xce, 0x59, 0xce, 0x5a, 0xce, 0x5a, 0xce,
    0x5a, 0xce, 0x5a, 0xce, 0x5a, 0xce, 0x5a, 0xd6, 0x5a, 0xce, 0x59, 0xce, 0x59, 0xce, 0x59, 0xce,
    0x59, 0xce, 0x59, 0xce, 0x59, 0xce, 0x59, 0xce, 0x59, 0xce, 0x59, 0xce, 0x59, 0xce, 0x59, 0xce,
    0x59, 0xce, 0x59, 0xce, 0x5a, 0xce, 0x5a, 0xce, 0x59, 0xce, 0x5a, 0xce, 0x59, 0xce, 0x59, 0xce,
    0x5a, 0xce, 0x59, 0xce, 0x59, 0xd6, 0x59, 0xce, 0x59, 0xce, 0x5a, 0xce, 0x5a, 0xce, 0x59, 0xce,
    0x59, 0xce, 0x59, 0xce, 0x59, 0xce, 0x59, 0xce, 0x59, 0xce, 0x59, 0xce, 0x59, 0xce, 0x59, 0xce,
    0x59, 0xce, 0x59, 0xce, 0x59, 0xce, 0x59, 0xce, 0x59, 0xce, 0x59, 0xce, 0x5a, 0xce, 0x59, 0xce,
    0x59, 0xce, 0x59, 0xce, 0x59, 0xce, 0x59, 0xce, 0x59, 0xce, 0x59, 0xce, 0x59, 0xce, 0x59, 0xce,
    0x5a, 0xce, 0x5a, 0xd6, 0x5a, 0xce, 0x5a, 0xce, 0x5a, 0xce, 0x59, 0xce, 0x5a, 0xce, 0x5a, 0xd6,
    0x5a, 0xd6, 0x7a, 0xd6, 0x9e, 0xf7, 0x5a, 0xce, 0x32, 0x8c, 0x97, 0xb5, 0x9b, 0xd6, 0xbf, 0xf7,
    0xdb, 0xde, 0xa5, 0x31, 0x6a, 0x29, 0x72, 0x21, 0x72, 0x21, 0x28, 0x21, 0x64, 0x29, 0xfc, 0xde,
    0xff, 0xff, 0xbb, 0xde, 0xb8, 0xb5, 0x32, 0x84, 0x59, 0xce, 0x9e, 0xf7, 0x9a, 0xd6, 0x5a, 0xce,
    0x5a, 0xd6, 0x5a, 0xce, 0x5a, 0xd6, 0x5a, 0xd6, 0x5a, 0xce, 0x5a, 0xce, 0x5a, 0xce, 0x5a, 0xd6,
    0x5a, 0xce, 0x5a, 0xce, 0x59, 0xce, 0x5a, 0xce, 0x5a, 0xce, 0x5a, 0xce, 0x59, 0xce, 0x5a, 0xce,
    0x5a, 0xce, 0x59, 0xce, 0x59, 0xce, 0x59, 0xce, 0x59, 0xce, 0x59, 0xce, 0x59, 0xce, 0x59, 0xce,
    0x59, 0xce, 0x59, 0xce, 0x59, 0xce, 0x5a, 0xce, 0x59, 0xce, 0x59, 0xce, 0x59, 0xce, 0x59, 0xce,
    0x59, 0xce, 0x5a, 0xce, 0x5a, 0xce, 0x5a, 0xce, 0x59, 0xce, 0x7a, 0xce, 0x7a, 0xce, 0x5a, 0xce,
    0x59, 0xce, 0x59, 0xce, 0x59, 0xce, 0x59, 0xce, 0x59, 0xce, 0x59, 0xce, 0x59, 0xce, 0x59, 0xce,
    0x59, 0xce, 0x5a, 0xce, 0x59, 0xce, 0x59, 0xce, 0x59, 0xce, 0x59, 0xce, 0x59, 0xce, 0x59, 0xce,
    0x59, 0xce, 0x59, 0xce, 0x59, 0xce, 0x59, 0xce, 0x59, 0xce, 0x59, 0xce, 0x59, 0xce, 0x59, 0xce,
    0x59, 0xce, 0x39, 0xce, 0x39, 0xce, 0x59, 0xce, 0x5a, 0xce, 0x5a, 0xce, 0x5a, 0xd6, 0x5a, 0xce,
    0x59, 0xce, 0x5a, 0xce, 0x5a, 0xd6, 0x5a, 0xce, 0x5a, 0xd6, 0x7a, 0xd6, 0x9e, 0xf7, 0x5a, 0xce,
    0x32, 0x84, 0x97, 0xb5, 0x9a, 0xd6, 0xbe, 0xf7, 0xdb, 0xde, 0x85, 0x31, 0x49, 0x21, 0x72, 0x21,
    0x72, 0x21, 0x48, 0x21, 0x64, 0x29, 0xfc, 0xde, 0xff, 0xff, 0xbb, 0xde, 0xb8, 0xbd, 0x32, 0x8c,
    0x59, 0xce, 0x9e, 0xf7, 0x9a, 0xd6, 0x5a, 0xd6, 0x5a, 0xd6, 0x5a, 0xce, 0x5a, 0xce, 0x5a, 0xd6,
    0x5a, 0xce, 0x5a, 0xce, 0x5a, 0xd6, 0x5a, 0xd6, 0x5a, 0xce, 0x5a, 0xce, 0x5a, 0xce, 0x5a, 0xce,
    0x5a, 0xce, 0x5a, 0xce, 0x59, 0xce, 0x5a, 0xce, 0x5a, 0xce, 0x5a, 0xce, 0x59, 0xce, 0x59, 0xce,
    0x59, 0xce, 0x59, 0xce, 0x59, 0xce, 0x59, 0xce, 0x59, 0xce, 0x59, 0xce, 0x5a, 0xce, 0x5a, 0xce,
    0x5a, 0xce, 0x59, 0xce, 0x59, 0xce, 0x59, 0xce, 0x59, 0xce, 0x5a, 0xd6, 0x5a, 0xce, 0x59, 0xce,
    0x7a, 0xce, 0x56, 0xd6, 0x56, 0xd6, 0x5a, 0xce, 0x59, 0xce, 0x5a, 0xce, 0x59, 0xce, 0x59, 0xce,
    0x59, 0xce, 0x5a, 0xce, 0x5a, 0xce, 0x59, 0xce, 0x59, 0xce, 0x59, 0xce, 0x59, 0xce, 0x59, 0xce,
    0x59, 0xce, 0x59, 0xce, 0x59, 0xce, 0x59, 0xce, 0x59, 0xce, 0x59, 0xce, 0x59, 0xce, 0x59, 0xce,
    0x59, 0xce, 0x59, 0xce, 0x59, 0xce, 0x59, 0xce, 0x59, 0xce, 0x59, 0xce, 0x59, 0xce, 0x59, 0xce,
    0x59, 0xce, 0x59, 0xce, 0x5a, 0xce, 0x59, 0xce, 0x59, 0xce, 0x5a, 0xce, 0x5a, 0xce, 0x5a, 0xce,
    0x5a, 0xd6, 0x7a, 0xd6, 0x9e, 0xf7, 0x5a, 0xce, 0x32, 0x8c, 0x97, 0xb5, 0x9a, 0xd6, 0xbe, 0xf7,
    0xdb, 0xde, 0x85, 0x31, 0x49, 0x21, 0x72, 0x21, 0x72, 0x21, 0x48, 0x21, 0x64, 0x29, 0x1c, 0xdf,
    0xff, 0xff, 0xbb, 0xde, 0xb8, 0xb5, 0x33, 0x8c, 0x59, 0xce, 0x9e, 0xf7, 0x9a, 0xd6, 0x5a, 0xd6,
    0x7a, 0xd6, 0x5a, 0xd6, 0x5a, 0xce, 0x5a, 0xce, 0x5a, 0xce, 0x5a, 0xce, 0x5a, 0xd6, 0x5a, 0xce,
    0x5a, 0xce, 0x5a, 0xce, 0x5a, 0xce, 0x5a, 0xce, 0x5a, 0xce, 0x5a, 0xce, 0x59, 0xce, 0x59, 0xce,
    0x5a, 0xce, 0x5a, 0xce, 0x59, 0xce, 0x59, 0xce, 0x59, 0xce, 0x59, 0xce, 0x59, 0xce, 0x59, 0xce,
    0x59, 0xce, 0x59, 0xce, 0x59, 0xce, 0x5a, 0xce, 0x59, 0xce, 0x5a, 0xce, 0x5a, 0xce, 0x59, 0xce,
    0x5a, 0xce, 0x5a, 0xce, 0x5a, 0xce, 0x59, 0xd6, 0x7b, 0xce, 0xcf, 0xe5, 0xcd, 0xe5, 0x7b, 0xce,
    0x59, 0xce, 0x59, 0xce, 0x59, 0xce, 0x5a, 0xce, 0x59, 0xd6, 0x5a, 0xd6, 0x5a, 0xce, 0x5a, 0xd6,
    0x5a, 0xce, 0x59, 0xce, 0x59, 0xce, 0x59, 0xce, 0x39, 0xce, 0x59, 0xce, 0x59, 0xce, 0x59, 0xce,
    0x59, 0xce, 0x59, 0xce, 0x59, 0xce, 0x5a, 0xce, 0x59, 0xce, 0x5a, 0xce, 0x59, 0xce, 0x59, 0xce,
    0x5a, 0xce, 0x59, 0xce, 0x59, 0xce, 0x59, 0xce, 0x5a, 0xce, 0x59, 0xce, 0x5a, 0xce, 0x59, 0xce,
    0x5a, 0xce, 0x5a, 0xce, 0x59, 0xce, 0x5a, 0xce, 0x5a, 0xce, 0x7a, 0xd6, 0x9e, 0xf7, 0x5a, 0xce,
    0x32, 0x8c, 0x97, 0xb5, 0x9b, 0xd6, 0xbe, 0xf7, 0xdb, 0xde, 0x85, 0x31, 0x69, 0x21, 0x72, 0x21,
    0x72, 0x21, 0x49, 0x21, 0x64, 0x29, 0xfb, 0xde, 0xff, 0xff, 0xbb, 0xde, 0xb8, 0xbd, 0x33, 0x8c,
    0x59, 0xce, 0x9e, 0xf7, 0x9a, 0xd6, 0x7a, 0xd6, 0x7a, 0xd6, 0x5a, 0xd6, 0x5a, 0xce, 0x5a, 0xce,
    0x5a, 0xce, 0x5a, 0xce, 0x5a, 0xce, 0x5a, 0xce, 0x5a, 0xce, 0x59, 0xce, 0x59, 0xce, 0x59, 0xce,
    0x5a, 0xce, 0x5a, 0xce, 0x59, 0xce, 0x59, 0xce, 0x59, 0xce, 0x59, 0xce, 0x5a, 0xce, 0x5a, 0xd6,
    0x5a, 0xce, 0x5a, 0xce, 0x59, 0xce, 0x59, 0xce, 0x5a, 0xce, 0x59, 0xce, 0x59, 0xce, 0x59, 0xce,
    0x5a, 0xce, 0x5a, 0xce, 0x7a, 0xce, 0x7a, 0xce, 0x59, 0xce, 0x59, 0xce, 0x59, 0xce, 0x5a, 0xce,
    0x5a, 0xce, 0x59, 0xd6, 0x79, 0xd6, 0x5a, 0xce, 0x5a, 0xce, 0x5a, 0xce, 0x59, 0xce, 0x59, 0xd6,
    0x7b, 0xce, 0x7a, 0xce, 0x5a, 0xd6, 0x5a, 0xce, 0x5a, 0xce, 0x59, 0xce, 0x59, 0xce, 0x59, 0xce,
    0x59, 0xce, 0x59, 0xce, 0x59, 0xce, 0x59, 0xce, 0x59, 0xce, 0x59, 0xce, 0x5a, 0xce, 0x5a, 0xce,
    0x59, 0xce, 0x59, 0xce, 0x59, 0xce, 0x5a, 0xce, 0x5a, 0xce, 0x5a, 0xce, 0x5a, 0xce, 0x59, 0xce,
    0x59, 0xce, 0x59, 0xce, 0x59, 0xce, 0x59, 0xce, 0x5a, 0xce, 0x5a, 0xce, 0x59, 0xce, 0x59, 0xce,
    0x5a, 0xce, 0x7a, 0xd6, 0x9e, 0xf7, 0x5a, 0xce, 0x33, 0x8c, 0x97, 0xb5, 0x9b, 0xd6, 0xbe, 0xf7,
    0xdb, 0xde, 0xa5, 0x31, 0x6a, 0x29, 0x72, 0x21, 0x72, 0x21, 0x49, 0x21, 0x64, 0x29, 0xfb, 0xde,
    0xff, 0xff, 0xbb, 0xde, 0xb8, 0xbd, 0x33, 0x8c, 0x59, 0xce, 0x9e, 0xf7, 0x9a, 0xd6, 0x5a, 0xce,
    0x5a, 0xd6, 0x5a, 0xce, 0x5a, 0xce, 0x5a, 0xce, 0x5a, 0xce, 0x5a, 0xce, 0x5a, 0xce, 0x59, 0xce,
    0x59, 0xce, 0x59, 0xce, 0x59, 0xce, 0x59, 0xce, 0x5a, 0xce, 0x5a, 0xce, 0x59, 0xce, 0x59, 0xce,
    0x59, 0xce, 0x59, 0xce, 0x5a, 0xce, 0x5a, 0xce, 0x5a, 0xce, 0x5a, 0xce, 0x59, 0xce, 0x59, 0xce,
    0x59, 0xce, 0x59, 0xce, 0x5a, 0xce, 0x5a, 0xce, 0x59, 0xce, 0x5a, 0xce, 0x36, 0xd6, 0xac, 0xed,
    0x59, 0xd6, 0x7a, 0xce, 0x59, 0xce, 0x59, 0xce, 0x7b, 0xce, 0xd1, 0xdd, 0xb0, 0xdd, 0x7b, 0xd6,
    0x59, 0xce, 0x59, 0xce, 0x7a, 0xce, 0x7a, 0xce, 0x8b, 0xed, 0x16, 0xd6, 0x7a, 0xce, 0x59, 0xce,
    0x5a, 0xce, 0x59, 0xce, 0x5a, 0xce, 0x5a, 0xce, 0x5a, 0xce, 0x5a, 0xce, 0x59, 0xce, 0x5a, 0xce,
    0x5a, 0xce, 0x59, 0xce, 0x5a, 0xce, 0x5a, 0xce, 0x59, 0xce, 0x5a, 0xce, 0x59, 0xce, 0x5a, 0xce,
    0x5a, 0xce, 0x5a, 0xce, 0x59, 0xce, 0x59, 0xce, 0x59, 0xce, 0x59, 0xce, 0x59, 0xce, 0x59, 0xce,
    0x5a, 0xce, 0x5a, 0xce, 0x59, 0xce, 0x59, 0xce, 0x5a, 0xce, 0x7a, 0xd6, 0x9e, 0xf7, 0x5a, 0xce,
    0x33, 0x8c, 0x97, 0xb5, 0x9a, 0xd6, 0xbe, 0xf7, 0xdb, 0xde, 0x85, 0x31, 0x6a, 0x29, 0x72, 0x21,
    0x72, 0x21, 0x48, 0x21, 0x64, 0x29, 0xfc, 0xde, 0xff, 0xff, 0xdb, 0xde, 0xb8, 0xbd, 0x32, 0x8c,
    0x59, 0xce, 0x9e, 0xf7, 0x9a, 0xd6, 0x5a, 0xce, 0x5a, 0xd6, 0x5a, 0xce, 0x5a, 0xce, 0x5a, 0xce,
    0x5a, 0xce, 0x59, 0xce, 0x59, 0xce, 0x59, 0xce, 0x59, 0xce, 0x59, 0xce, 0x59, 0xce, 0x59, 0xce,
    0x5a, 0xce, 0x5a, 0xce, 0x5a, 0xce, 0x5a, 0xce, 0x59, 0xce, 0x59, 0xce, 0x5a, 0xce, 0x59, 0xce,
    0x5a, 0xce, 0x59, 0xce, 0x59, 0xce, 0x59, 0xce, 0x59, 0xce, 0x59, 0xce, 0x59, 0xce, 0x59, 0xce,
    0x59, 0xce, 0x5a, 0xce, 0x58, 0xd6, 0xef, 0xe5, 0x8b, 0xe5, 0x59, 0xd6, 0x5a, 0xce, 0x59, 0xce,
    0x9b, 0xce, 0xcd, 0xe4, 0xab, 0xec, 0x9b, 0xce, 0x59, 0xd6, 0x7a, 0xce, 0x58, 0xd6, 0x8b, 0xed,
    0xcf, 0xe5, 0x58, 0xd6, 0x5a, 0xce, 0x59, 0xce, 0x5a, 0xce, 0x59, 0xce, 0x5a, 0xce, 0x5a, 0xd6,
    0x5a, 0xce, 0x5a, 0xce, 0x59, 0xce, 0x59, 0xce, 0x5a, 0xce, 0x5a, 0xce, 0x5a, 0xce, 0x5a, 0xd6,
    0x5a, 0xd6, 0x5a, 0xce, 0x5a, 0xce, 0x59, 0xce, 0x59, 0xce, 0x5a, 0xce, 0x59, 0xce, 0x5a, 0xce,
    0x59, 0xce, 0x59, 0xce, 0x59, 0xce, 0x59, 0xce, 0x59, 0xce, 0x5a, 0xce, 0x5a, 0xce, 0x5a, 0xd6,
    0x5a, 0xd6, 0x7a, 0xd6, 0x9e, 0xf7, 0x5a, 0xce, 0x32, 0x8c, 0x97, 0xb5, 0x9b, 0xd6, 0x9e, 0xf7,
    0xdb, 0xde, 0x85, 0x31, 0x6a, 0x29, 0x72, 0x21, 0x72, 0x21, 0x48, 0x21, 0x65, 0x29, 0x1c, 0xe7,
    0xff, 0xff, 0xbb, 0xde, 0xb8, 0xbd, 0x32, 0x8c, 0x59, 0xce, 0x9e, 0xf7, 0x9a, 0xd6, 0x5a, 0xce,
    0x7a, 0xd6, 0x5a, 0xce, 0x59, 0xce, 0x5a, 0xce, 0x5a, 0xd6, 0x59, 0xce, 0x59, 0xce, 0x59, 0xce,
    0x59, 0xce, 0x59, 0xce, 0x5a, 0xce, 0x5a, 0xce, 0x5a, 0xce, 0x5a, 0xce, 0x5a, 0xd6, 0x5a, 0xd6,
    0x5a, 0xce, 0x5a, 0xce, 0x5a, 0xce, 0x59, 0xce, 0x5a, 0xce, 0x5a, 0xce, 0x5a, 0xce, 0x5a, 0xce,
    0x59, 0xce, 0x59, 0xce, 0x59, 0xce, 0x59, 0xce, 0x59, 0xce, 0x59, 0xd6, 0x5a, 0xce, 0x7a, 0xce,
    0xcd, 0xed, 0x6d, 0xe5, 0x58, 0xd6, 0x9a, 0xce, 0x9c, 0xce, 0xcd, 0xe4, 0xac, 0xe4, 0x9c, 0xce,
    0x7b, 0xce, 0x58, 0xd6, 0x8e, 0xe5, 0xad, 0xed, 0x59, 0xd6, 0x7a, 0xce, 0x5a, 0xd6, 0x5a, 0xd6,
    0x5a, 0xd6, 0x5a, 0xce, 0x5a, 0xce, 0x5a, 0xce, 0x5a, 0xce, 0x59, 0xce, 0x59, 0xce, 0x59, 0xce,
    0x5a, 0xce, 0x5a, 0xce, 0x5a, 0xce, 0x5a, 0xce, 0x5a, 0xd6, 0x5a, 0xd6, 0x5a, 0xce, 0x5a, 0xce,
    0x59, 0xce, 0x5a, 0xce, 0x5a, 0xce, 0x59, 0xce, 0x59, 0xce, 0x59, 0xce, 0x59, 0xce, 0x59, 0xce,
    0x59, 0xce, 0x59, 0xce, 0x5a, 0xce, 0x5a, 0xce, 0x5a, 0xce, 0x9a, 0xd6, 0x9e, 0xf7, 0x5a, 0xce,
    0x33, 0x8c, 0xb7, 0xb5, 0x9b, 0xd6, 0x9e, 0xf7, 0xdb, 0xde, 0xa5, 0x31, 0x6a, 0x29, 0x72, 0x21,
    0x72, 0x21, 0x48, 0x21, 0x64, 0x29, 0xfc, 0xde, 0xff, 0xff, 0xbb, 0xde, 0xb8, 0xb5, 0x32, 0x8c,
    0x59, 0xce, 0x9e, 0xf7, 0x9a, 0xd6, 0x5a, 0xce, 0x5a, 0xd6, 0x5a, 0xd6, 0x5a, 0xce, 0x5a, 0xd6,
    0x5a, 0xce, 0x5a, 0xce, 0x59, 0xce, 0x59, 0xce, 0x59, 0xce, 0x59, 0xce, 0x59, 0xce, 0x59, 0xce,
    0x59, 0xce, 0x59, 0xce, 0x59, 0xce, 0x59, 0xce, 0x59, 0xce, 0x59, 0xce, 0x59, 0xce, 0x59, 0xce,
    0x59, 0xce, 0x59, 0xce, 0x59, 0xce, 0x59, 0xce, 0x59, 0xce, 0x59, 0xce, 0x59, 0xce, 0x39, 0xce,
    0x59, 0xce, 0x59, 0xce, 0x59, 0xce, 0x5a, 0xce, 0x7b, 0xd6, 0x2b, 0xed, 0x2e, 0xe5, 0xd5, 0xd5,
    0x59, 0xd6, 0x0a, 0xed, 0xe8, 0xec, 0x38, 0xd6, 0xd6, 0xd5, 0x4e, 0xe5, 0x2a, 0xe5, 0x7b, 0xce,
    0x59, 0xce, 0x59, 0xce, 0x5a, 0xce, 0x59, 0xce, 0x59, 0xce, 0x59, 0xce, 0x59, 0xce, 0x59, 0xce,
    0x39, 0xce, 0x39, 0xce, 0x59, 0xce, 0x59, 0xce, 0x39, 0xce, 0x59, 0xce, 0x59, 0xce, 0x59, 0xce,
    0x59, 0xce, 0x59, 0xce, 0x59, 0xce, 0x59, 0xce, 0x59, 0xce, 0x59, 0xce, 0x59, 0xce, 0x59, 0xce,
    0x59, 0xce, 0x5a, 0xce, 0x59, 0xce, 0x5a, 0xce, 0x5a, 0xce, 0x5a, 0xce, 0x59, 0xce, 0x5a, 0xce,
    0x5a, 0xce, 0x7a, 0xd6, 0x9e, 0xf7, 0x5a, 0xce, 0x33, 0x8c, 0x97, 0xb5, 0x9b, 0xd6, 0xbe, 0xf7,
    0xdb, 0xde, 0xa5, 0x31, 0x6a, 0x29, 0x72, 0x21, 0x72, 0x21, 0x48, 0x21, 0x64, 0x29, 0xfc, 0xde,
    0xff, 0xff, 0xbb, 0xde, 0xb8, 0xbd, 0x33, 0x8c, 0x59, 0xce, 0x9e, 0xf7, 0x9a, 0xd6, 0x5a, 0xce,
    0x5a, 0xd6, 0x5a, 0xce, 0x5a, 0xce, 0x5a, 0xce, 0x5a, 0xd6, 0x5a, 0xd6, 0x59, 0xce, 0x7a, 0xd6,
    0xbb, 0xd6, 0xbb, 0xd6, 0xbb, 0xde, 0x9b, 0xde, 0xbb, 0xde, 0x9b, 0xde, 0xbb, 0xde, 0xbb, 0xde,
    0xbb, 0xde, 0xbb, 0xde, 0x9b, 0xde, 0xbb, 0xde, 0x9b, 0xde, 0xbb, 0xde, 0x9b, 0xde, 0x9b, 0xde,
    0xbb, 0xde, 0xbb, 0xde, 0x9b, 0xde, 0x9b, 0xde, 0xbb, 0xde, 0xbb, 0xde, 0xbb, 0xde, 0x59, 0xce,
    0x5a, 0xd6, 0x7a, 0xd6, 0xc6, 0xeb, 0xe5, 0xeb, 0x70, 0xe5, 0xe2, 0xf4, 0xe1, 0xfc, 0x6f, 0xe5,
    0xe5, 0xeb, 0xc5, 0xf3, 0x7a, 0xd6, 0x5a, 0xce, 0x5a, 0xce, 0x9b, 0xde, 0x9b, 0xde, 0xbb, 0xde,
    0xbb, 0xde, 0xbb, 0xde, 0x9b, 0xde, 0x9b, 0xde, 0x9b, 0xde, 0x9b, 0xde, 0xbb, 0xde, 0xbb, 0xde,
    0x9b, 0xde, 0x9b, 0xde, 0x9b, 0xde, 0xbb, 0xde, 0xbb, 0xde, 0x9b, 0xde, 0x9b, 0xde, 0x9b, 0xde,
    0xbb, 0xde, 0xbb, 0xde, 0xbb, 0xde, 0xbb, 0xde, 0x7a, 0xd6, 0x59, 0xce, 0x59, 0xce, 0x59, 0xce,
    0x59, 0xce, 0x59, 0xce, 0x59, 0xce, 0x5a, 0xce, 0x5a, 0xce, 0x7a, 0xd6, 0x9e, 0xf7, 0x5a, 0xce,
    0x32, 0x8c, 0x97, 0xb5, 0x9a, 0xd6, 0xbe, 0xf7, 0xdb, 0xde, 0x85, 0x31, 0x6a, 0x29, 0x72, 0x21,
    0x72, 0x21, 0x28, 0x21, 0x65, 0x29, 0xfc, 0xde, 0xff, 0xff, 0xbb, 0xde, 0xb8, 0xbd, 0x33, 0x8c,
    0x59, 0xce, 0x9e, 0xf7, 0x9a, 0xd6, 0x5a, 0xce, 0x5a, 0xd6, 0x5a, 0xce, 0x5a, 0xce, 0x59, 0xce,
    0x5a, 0xce, 0x59, 0xce, 0x9a, 0xd6, 0xd7, 0xbd, 0xf4, 0xa4, 0x14, 0xa5, 0x14, 0xa5, 0xf4, 0xa4,
    0x14, 0xa5, 0x14, 0xa5, 0xf4, 0xa4, 0xf4, 0xa4, 0x14, 0xa5, 0xf4, 0xa4, 0xf4, 0xa4, 0xf4, 0xa4,
    0xf4, 0xa4, 0xf4, 0xa4, 0xf4, 0xa4, 0xf4, 0xa4, 0xf4, 0xa4, 0xf4, 0xa4, 0xf4, 0xa4, 0xf4, 0xa4,
    0xf4, 0xa4, 0xf4, 0xa4, 0x14, 0xa5, 0x7a, 0xd6, 0x7a, 0xd6, 0x5a, 0xce, 0x17, 0xd6, 0xe7, 0xf4,
    0xc1, 0xfc, 0x84, 0xfd, 0xc5, 0xfd, 0xa1, 0xfc, 0xa7, 0xf4, 0x17, 0xd6, 0x5a, 0xce, 0x7a, 0xd6,
    0x7a, 0xce, 0x14, 0xa5, 0x14, 0xa5, 0x14, 0xa5, 0x14, 0xa5, 0x14, 0xa5, 0x14, 0xa5, 0x15, 0xa5,
    0x15, 0xa5, 0x14, 0xa5, 0x14, 0xa5, 0x14, 0xa5, 0x14, 0xa5, 0x14, 0xa5, 0x14, 0xa5, 0xf4, 0xa4,
    0x14, 0xa5, 0x14, 0xa5, 0x14, 0xa5, 0x14, 0xa5, 0x14, 0xa5, 0x14, 0xa5, 0x14, 0xa5, 0xf4, 0x9c,
    0xb7, 0xb5, 0x9b, 0xd6, 0x59, 0xce, 0x5a, 0xce, 0x59, 0xce, 0x59, 0xce, 0x59, 0xce, 0x5a, 0xce,
    0x5a, 0xce, 0x7a, 0xd6, 0x9e, 0xf7, 0x5a, 0xce, 0x33, 0x8c, 0x97, 0xb5, 0x9a, 0xd6, 0xbe, 0xf7,
    0xdb, 0xde, 0xa5, 0x31, 0x6a, 0x29, 0x72, 0x21, 0x72, 0x21, 0x28, 0x21, 0x64, 0x29, 0xfc, 0xde,
    0xff, 0xff, 0xbb, 0xde, 0xb8, 0xb5, 0x32, 0x8c, 0x59, 0xce, 0x9e, 0xf7, 0x7a, 0xd6, 0x5a, 0xce,
    0x5a, 0xd6, 0x5a, 0xce, 0x5a, 0xce, 0x59, 0xce, 0x59, 0xce, 0x7a, 0xce, 0xd7, 0xbd, 0x09, 0x3a,
    0x25, 0x19, 0x46, 0x21, 0x25, 0x19, 0x25, 0x19, 0x25, 0x19, 0x25, 0x19, 0x25, 0x19, 0x25, 0x19,
    0x25, 0x19, 0x25, 0x19, 0x25, 0x19, 0x25, 0x19, 0x25, 0x19, 0x25, 0x19, 0x25, 0x19, 0x25, 0x19,
    0x25, 0x19, 0x25, 0x19, 0x25, 0x19, 0x25, 0x19, 0x25, 0x19, 0x26, 0x19, 0xe5, 0x10, 0xaf, 0x73,
    0x9a, 0xd6, 0x98, 0xde, 0x78, 0xd6, 0x35, 0xd6, 0xa6, 0xf5, 0xc7, 0xfe, 0xa7, 0xfe, 0xa6, 0xf5,
    0x36, 0xd6, 0x59, 0xd6, 0x98, 0xde, 0x9a, 0xd6, 0xaf, 0x7b, 0xa1, 0x20, 0x03, 0x29, 0xe2, 0x28,
    0xe2, 0x28, 0xe2, 0x28, 0xe2, 0x28, 0xe2, 0x28, 0xe2, 0x28, 0xe2, 0x28, 0xe2, 0x28, 0xe2, 0x28,
    0xe2, 0x28, 0xe2, 0x28, 0xe2, 0x28, 0xe2, 0x28, 0xe2, 0x28, 0xe2, 0x28, 0xe2, 0x28, 0xe2, 0x28,
    0xe2, 0x28, 0xe2, 0x28, 0x03, 0x29, 0xc2, 0x28, 0x86, 0x41, 0xb7, 0xb5, 0x5a, 0xd6, 0x59, 0xce,
    0x59, 0xce, 0x59, 0xce, 0x59, 0xce, 0x5a, 0xce, 0x59, 0xce, 0x7a, 0xd6, 0x9e, 0xf7, 0x7a, 0xce,
    0x33, 0x8c, 0x97, 0xb5, 0x9a, 0xd6, 0xbe, 0xf7, 0xdb, 0xde, 0x85, 0x31, 0x6a, 0x29, 0x72, 0x21,
    0x72, 0x21, 0x28, 0x21, 0x64, 0x29, 0x1c, 0xdf, 0xff, 0xff, 0xbb, 0xde, 0xb7, 0xb5, 0x32, 0x84,
    0x59, 0xce, 0x9e, 0xf7, 0x7a, 0xd6, 0x5a, 0xce, 0x5a, 0xce, 0x5a, 0xce, 0x59, 0xce, 0x5a, 0xce,
    0x39, 0xce, 0x3d, 0xe7, 0xae, 0x7b, 0x2d, 0x22, 0x7f, 0x8e, 0xfe, 0x85, 0xfe, 0x85, 0x1e, 0x86,
    0x1e, 0x86, 0x1e, 0x86, 0xfe, 0x85, 0x1e, 0x86, 0x1e, 0x86, 0xfe, 0x85, 0x1e, 0x86, 0x1e, 0x86,
    0x1e, 0x86, 0x1e, 0x86, 0x1e, 0x86, 0x1e, 0x86, 0xfe, 0x85, 0x1e, 0x86, 0x1e, 0x86, 0x1e, 0x86,
    0xfe, 0x7d, 0x1f, 0x86, 0x7b, 0x4c, 0xa5, 0x08, 0x34, 0xad, 0xae, 0xd5, 0x2b, 0xee, 0x76, 0xde,
    0xb3, 0xe6, 0x2b, 0xff, 0x0a, 0xff, 0xd3, 0xee, 0x56, 0xde, 0xec, 0xed, 0xae, 0xcd, 0x34, 0xa5,
    0xc2, 0x28, 0xea, 0xdb, 0xcc, 0xfc, 0x8c, 0xf4, 0xac, 0xf4, 0xac, 0xf4, 0xac, 0xf4, 0x8c, 0xf4,
    0x8c, 0xf4, 0xac, 0xf4, 0xac, 0xf4, 0xac, 0xf4, 0xac, 0xf4, 0x8c, 0xf4, 0xac, 0xf4, 0xac, 0xf4,
    0xac, 0xf4, 0xac, 0xf4, 0xac, 0xf4, 0xac, 0xf4, 0xac, 0xf4, 0xac, 0xf4, 0xac, 0xf4, 0x6c, 0xfc,
    0xe1, 0x68, 0x8e, 0x6b, 0x3d, 0xe7, 0x39, 0xce, 0x5a, 0xce, 0x59, 0xce, 0x59, 0xce, 0x5a, 0xce,
    0x5a, 0xce, 0x7a, 0xd6, 0x9e, 0xf7, 0x7a, 0xce, 0x33, 0x8c, 0x97, 0xb5, 0x9a, 0xd6, 0xbe, 0xf7,
    0xdb, 0xde, 0x85, 0x31, 0x6a, 0x29, 0x72, 0x21, 0x72, 0x21, 0x28, 0x21, 0x64, 0x29, 0x1c, 0xe7,
    0xff, 0xff, 0xbb, 0xde, 0xb8, 0xb5, 0x32, 0x84, 0x59, 0xce, 0x9e, 0xf7, 0x7a, 0xd6, 0x5a, 0xce,
    0x5a, 0xd6, 0x5a, 0xce, 0x5a, 0xce, 0x5a, 0xd6, 0x9a, 0xd6, 0xb7, 0xb5, 0xaa, 0x5a, 0xae, 0x32,
    0x3f, 0x55, 0x5e, 0x34, 0x7f, 0x3c, 0x7f, 0x3c, 0x5f, 0x3c, 0x7f, 0x3c, 0x7f, 0x3c, 0x7f, 0x3c,
    0x7f, 0x3c, 0x7f, 0x3c, 0x7f, 0x3c, 0x7f, 0x3c, 0x7f, 0x3c, 0x7f, 0x3c, 0x7f, 0x3c, 0x7f, 0x3c,
    0x7f, 0x3c, 0x7f, 0x3c, 0x7f, 0x3c, 0x7f, 0x3c, 0x7f, 0x3c, 0x7f, 0x3c, 0x7c, 0x23, 0xa4, 0x08,
    0xe3, 0x20, 0xc3, 0x18, 0xc3, 0x9b, 0xa6, 0xfe, 0xe9, 0xfe, 0x95, 0xff, 0x96, 0xff, 0xe9, 0xfe,
    0x85, 0xfe, 0xc3, 0x9b, 0xc3, 0x18, 0xc3, 0x10, 0xc2, 0x20, 0xa9, 0xeb, 0x06, 0xfb, 0x06, 0xf3,
    0x06, 0xf3, 0x06, 0xf3, 0x06, 0xf3, 0x06, 0xf3, 0x06, 0xf3, 0x06, 0xf3, 0x06, 0xf3, 0x06, 0xf3,
    0x06, 0xf3, 0xe6, 0xf2, 0x06, 0xf3, 0x06, 0xf3, 0x06, 0xf3, 0x05, 0xf3, 0x06, 0xf3, 0x06, 0xfb,
    0x06, 0xf3, 0x06, 0xf3, 0x06, 0xfb, 0xe6, 0xfa, 0xe1, 0x70, 0xcb, 0x52, 0x76, 0xb5, 0x7a, 0xd6,
    0x5a, 0xce, 0x59, 0xce, 0x59, 0xce, 0x5a, 0xce, 0x5a, 0xce, 0x7a, 0xd6, 0x9e, 0xf7, 0x7a, 0xce,
    0x33, 0x8c, 0x97, 0xb5, 0x9b, 0xd6, 0xbe, 0xf7, 0xdb, 0xde, 0x85, 0x31, 0x6a, 0x29, 0x72, 0x21,
    0x72, 0x21, 0x48, 0x21, 0x65, 0x29, 0x1c, 0xe7, 0xff, 0xff, 0xbb, 0xde, 0xb8, 0xb5, 0x32, 0x84,
    0x59, 0xce, 0x9e, 0xf7, 0x7a, 0xd6, 0x5a, 0xce, 0x7a, 0xce, 0x5a, 0xce, 0x59, 0xce, 0x7a, 0xd6,
    0x92, 0x94, 0xe7, 0x39, 0xe3, 0x18, 0xce, 0x32, 0xff, 0x44, 0x1f, 0x2c, 0x3f, 0x34, 0x3f, 0x34,
    0x3f, 0x34, 0x3f, 0x34, 0x3f, 0x34, 0x3f, 0x34, 0x3f, 0x34, 0x3f, 0x34, 0x3f, 0x34, 0x3f, 0x34,
    0x3f, 0x34, 0x3f, 0x34, 0x3f, 0x34, 0x5f, 0x34, 0x5f, 0x34, 0x3f, 0x34, 0x3f, 0x34, 0x3f, 0x34,
    0x3f, 0x34, 0x5f, 0x34, 0x5b, 0x1b, 0xe5, 0x10, 0x14, 0x9d, 0xd8, 0xad, 0xe8, 0x39, 0xc2, 0x93,
    0x0b, 0xff, 0xdb, 0xff, 0xdc, 0xff, 0x0b, 0xff, 0xe3, 0x9b, 0x28, 0x42, 0xb7, 0xad, 0xb3, 0x8c,
    0x03, 0x31, 0x88, 0xeb, 0xc5, 0xf2, 0xc5, 0xf2, 0xc5, 0xf2, 0xc5, 0xf2, 0xc5, 0xf2, 0xc5, 0xf2,
    0xc5, 0xf2, 0xc5, 0xf2, 0xc5, 0xf2, 0xc5, 0xf2, 0xc5, 0xf2, 0xc5, 0xf2, 0xc5, 0xf2, 0xc5, 0xf2,
    0xc5, 0xf2, 0xc5, 0xf2, 0xc5, 0xf2, 0xc5, 0xf2, 0xc5, 0xf2, 0xe5, 0xf2, 0xe6, 0xf2, 0xc5, 0xfa,
    0x01, 0x71, 0xc3, 0x10, 0xe7, 0x39, 0x92, 0x94, 0x7a, 0xd6, 0x59, 0xce, 0x59, 0xce, 0x59, 0xce,
    0x59, 0xce, 0x7a, 0xd6, 0x9e, 0xf7, 0x7a, 0xce, 0x33, 0x8c, 0xb7, 0xb5, 0xbb, 0xd6, 0xbf, 0xf7,
    0xdb, 0xde, 0xa5, 0x31, 0x6a, 0x29, 0x72, 0x21, 0x72, 0x21, 0x28, 0x21, 0x64, 0x29, 0xfc, 0xde,
    0xff, 0xff, 0xbb, 0xde, 0xb7, 0xb5, 0x32, 0x84, 0x59, 0xce, 0x9e, 0xf7, 0x7a, 0xd6, 0x5a, 0xce,
    0x5a, 0xce, 0x5a, 0xce, 0x59, 0xce, 0x9a, 0xd6, 0xa6, 0x31, 0x76, 0xad, 0xcf, 0x7b, 0x6e, 0x2a,
    0xff, 0x4c, 0x1e, 0x2c, 0x3f, 0x34, 0x3f, 0x34, 0x3f, 0x34, 0x3f, 0x34, 0x3f, 0x34, 0x5f, 0x34,
    0x5f, 0x34, 0x5f, 0x34, 0x3f, 0x34, 0x3f, 0x34, 0x3f, 0x34, 0x3f, 0x34, 0x3f, 0x34, 0x3f, 0x34,
    0x3f, 0x34, 0x3f, 0x34, 0x3f, 0x34, 0x3f, 0x34, 0x3f, 0x34, 0x5f, 0x34, 0x3b, 0x1b, 0x06, 0x19,
    0xd8, 0xbd, 0x1c, 0xdf, 0xb4, 0x8c, 0x22, 0x29, 0x65, 0xf6, 0x94, 0xff, 0xb6, 0xff, 0x65, 0xf6,
    0x62, 0x29, 0x77, 0xad, 0x1c, 0xdf, 0x97, 0xa5, 0x24, 0x31, 0x88, 0xeb, 0xc5, 0xfa, 0xc5, 0xf2,
    0xc5, 0xf2, 0xc5, 0xf2, 0xc5, 0xf2, 0xc5, 0xfa, 0xc5, 0xf2, 0xc5, 0xf2, 0xe5, 0xfa, 0xc5, 0xf2,
    0xc5, 0xf2, 0xc5, 0xf2, 0xc5, 0xf2, 0xc5, 0xf2, 0xe5, 0xf2, 0xe5, 0xf2, 0xc5, 0xf2, 0xc5, 0xf2,
    0xc5, 0xf2, 0xe5, 0xf2, 0xe6, 0xf2, 0xe5, 0xfa, 0xa0, 0x68, 0x8f, 0x63, 0x35, 0xa5, 0x86, 0x31,
    0x9a, 0xd6, 0x5a, 0xce, 0x59, 0xce, 0x59, 0xce, 0x59, 0xce, 0x7a, 0xd6, 0x9e, 0xf7, 0x7a, 0xce,
    0x33, 0x8c, 0xb7, 0xb5, 0xbb, 0xd6, 0xbf, 0xf7, 0xdb, 0xde, 0xa5, 0x31, 0x6a, 0x29, 0x72, 0x21,
    0x72, 0x21, 0x28, 0x21, 0x64, 0x29, 0x1c, 0xe7, 0xff, 0xff, 0xbb, 0xde, 0xb8, 0xbd, 0x33, 0x8c,
    0x59, 0xce, 0x9e, 0xf7, 0x9a, 0xd6, 0x5a, 0xce, 0x5a, 0xce, 0x59, 0xce, 0x59, 0xce, 0x9a, 0xd6,
    0x86, 0x31, 0x6e, 0x63, 0x49, 0x4a, 0x8e, 0x2a, 0xff, 0x44, 0x1e, 0x2c, 0x3f, 0x34, 0x3f, 0x34,
    0x3f, 0x34, 0x1f, 0x34, 0x3f, 0x34, 0x3f, 0x34, 0x3f, 0x34, 0x3f, 0x34, 0x3f, 0x34, 0x3f, 0x34,
    0x3f, 0x34, 0x3f, 0x34, 0x3f, 0x34, 0x3f, 0x34, 0x3f, 0x34, 0x3f, 0x34, 0x3f, 0x34, 0x3f, 0x34,
    0x3f, 0x34, 0x3f, 0x34, 0x3b, 0x1b, 0xc5, 0x10, 0x8e, 0x6b, 0x52, 0x84, 0x4f, 0x63, 0x22, 0x29,
    0x43, 0xee, 0xb5, 0xff, 0x96, 0xff, 0x43, 0xf6, 0x42, 0x31, 0x11, 0x7c, 0x93, 0x8c, 0x8f, 0x63,
    0x03, 0x29, 0x88, 0xeb, 0xc5, 0xfa, 0xc5, 0xf2, 0xc5, 0xf2, 0xc5, 0xf2, 0xc5, 0xf2, 0xc5, 0xf2,
    0xc5, 0xf2, 0xc5, 0xf2, 0xc5, 0xf2, 0xc5, 0xf2, 0xc5, 0xf2, 0xc5, 0xf2, 0xc5, 0xf2, 0xc5, 0xf2,
    0xc5, 0xf2, 0xc5, 0xf2, 0xc5, 0xf2, 0xc5, 0xf2, 0xc5, 0xf2, 0xc5, 0xf2, 0xc5, 0xf2, 0xc5, 0xfa,
    0xc1, 0x70, 0x4a, 0x3a, 0x0d, 0x5b, 0x86, 0x31, 0x9a, 0xd6, 0x59, 0xce, 0x59, 0xce, 0x59, 0xce,
    0x59, 0xce, 0x7a, 0xd6, 0x9e, 0xf7, 0x7a, 0xce, 0x32, 0x84, 0x97, 0xb5, 0x9b, 0xd6, 0xbe, 0xf7,
    0xdb, 0xde, 0xa5, 0x31, 0x6a, 0x29, 0x72, 0x21, 0x72, 0x21, 0x48, 0x21, 0x85, 0x31, 0x1c, 0xe7,
    0xff, 0xff, 0xdb, 0xde, 0xb8, 0xbd, 0x53, 0x8c, 0x59, 0xce, 0x9e, 0xf7, 0x9a, 0xd6, 0x5a, 0xce,
    0x5a, 0xce, 0x59, 0xce, 0x39, 0xce, 0x9a, 0xd6, 0x2c, 0x63, 0x04, 0x19, 0x41, 0x08, 0xef, 0x32,
    0x1f, 0x4d, 0x3f, 0x2c, 0x7f, 0x34, 0x5f, 0x34, 0x5f, 0x34, 0x5f, 0x34, 0x5f, 0x34, 0x5f, 0x34,
    0x5f, 0x34, 0x5f, 0x34, 0x5f, 0x34, 0x5f, 0x34, 0x5f, 0x34, 0x5f, 0x34, 0x5f, 0x34, 0x5f, 0x34,
    0x5f, 0x34, 0x5f, 0x34, 0x5f, 0x34, 0x5f, 0x34, 0x5f, 0x34, 0x7f, 0x34, 0x7c, 0x23, 0x84, 0x08,
    0x49, 0x42, 0xec, 0x52, 0x05, 0x19, 0x21, 0x5a, 0xa7, 0xfe, 0x94, 0xff, 0x74, 0xff, 0xa7, 0xfe,
    0x41, 0x5a, 0x26, 0x21, 0x2d, 0x5b, 0x4a, 0x3a, 0xc2, 0x28, 0xc8, 0xf3, 0x05, 0xfb, 0x06, 0xfb,
    0x06, 0xfb, 0x06, 0xfb, 0x06, 0xfb, 0x06, 0xfb, 0x05, 0xfb, 0x05, 0xfb, 0xe5, 0xfa, 0x05, 0xfb,
    0xe5, 0xfa, 0xe5, 0xfa, 0x06, 0xfb, 0x06, 0xfb, 0x06, 0xfb, 0x05, 0xfb, 0x06, 0xfb, 0x06, 0xfb,
    0x05, 0xfb, 0xe5, 0xfa, 0x05, 0xfb, 0xe5, 0xfa, 0x22, 0x79, 0x62, 0x00, 0xa3, 0x18, 0xec, 0x62,
    0x7a, 0xd6, 0x59, 0xce, 0x59, 0xce, 0x5a, 0xce, 0x5a, 0xce, 0x7a, 0xd6, 0x9e, 0xf7, 0x7a, 0xce,
    0x33, 0x8c, 0xb7, 0xb5, 0x9b, 0xd6, 0xbe, 0xf7, 0xdb, 0xde, 0x85, 0x31, 0x6a, 0x29, 0x72, 0x21,
    0x72, 0x21, 0x49, 0x21, 0x65, 0x31, 0xfc, 0xde, 0xff, 0xff, 0xdb, 0xde, 0xb8, 0xbd, 0x33, 0x8c,
    0x59, 0xce, 0x9e, 0xf7, 0x9a, 0xd6, 0x5a, 0xce, 0x5a, 0xce, 0x59, 0xce, 0x59, 0xce, 0x5a, 0xd6,
    0x7a, 0xd6, 0xaf, 0x73, 0xa6, 0x39, 0xcc, 0x19, 0x9a, 0x2b, 0x18, 0x1b, 0x19, 0x1b, 0x19, 0x1b,
    0x19, 0x1b, 0x19, 0x1b, 0x18, 0x1b, 0x18, 0x1b, 0x19, 0x1b, 0x19, 0x1b, 0x18, 0x1b, 0x19, 0x1b,
    0x19, 0x1b, 0x18, 0x1b, 0x18, 0x1b, 0x18, 0x1b, 0x19, 0x1b, 0x19, 0x1b, 0x18, 0x1b, 0x18, 0x1b,
    0x18, 0x1b, 0x39, 0x23, 0x75, 0x12, 0x42, 0x00, 0x61, 0x08, 0x62, 0x00, 0xe1, 0x59, 0x82, 0xf5,
    0xe7, 0xfe, 0x2c, 0xff, 0x4e, 0xff, 0xe8, 0xfe, 0x82, 0xed, 0x21, 0x5a, 0x62, 0x08, 0x41, 0x00,
    0x61, 0x20, 0x45, 0xc2, 0x03, 0xd2, 0x03, 0xca, 0x03, 0xca, 0x03, 0xca, 0x03, 0xca, 0x03, 0xca,
    0x03, 0xca, 0x03, 0xca, 0x03, 0xca, 0x03, 0xca, 0x03, 0xca, 0x03, 0xca, 0x03, 0xca, 0x03, 0xca,
    0x03, 0xca, 0x03, 0xca, 0x03, 0xca, 0xe3, 0xc9, 0x03, 0xca, 0x03, 0xca, 0xe3, 0xc9, 0xe3, 0xd1,
    0xa1, 0x58, 0x86, 0x29, 0x8e, 0x7b, 0x59, 0xce, 0x5a, 0xd6, 0x5a, 0xce, 0x5a, 0xce, 0x5a, 0xd6,
    0x5a, 0xce, 0x7a, 0xd6, 0x9e, 0xf7, 0x7a, 0xce, 0x33, 0x8c, 0x97, 0xb5, 0x9a, 0xd6, 0xbe, 0xf7,
    0xdb, 0xde, 0x85, 0x31, 0x69, 0x29, 0x72, 0x21, 0x72, 0x21, 0x48, 0x21, 0x64, 0x29, 0xfc, 0xde,
    0xff, 0xff, 0xdb, 0xde, 0xb8, 0xbd, 0x33, 0x8c, 0x59, 0xce, 0x9e, 0xf7, 0x9a, 0xd6, 0x5a, 0xce,
    0x5a, 0xce, 0x5a, 0xce, 0x59, 0xce, 0x59, 0xce, 0x39, 0xce, 0x3d, 0xef, 0x10, 0x8c, 0x88, 0x00,
    0x56, 0x0a, 0x14, 0x02, 0x35, 0x0a, 0x35, 0x0a, 0x34, 0x0a, 0x35, 0x0a, 0x34, 0x02, 0x34, 0x02,
    0x34, 0x02, 0x34, 0x02, 0x34, 0x02, 0x34, 0x02, 0x34, 0x02, 0x35, 0x0a, 0x34, 0x02, 0x35, 0x02,
    0x55, 0x0a, 0x35, 0x0a, 0x35, 0x0a, 0x35, 0x0a, 0x35, 0x02, 0x35, 0x0a, 0x90, 0x01, 0xa3, 0x08,
    0xae, 0x7b, 0xea, 0x93, 0xd1, 0xd5, 0x4f, 0xee, 0xe3, 0xf5, 0xc8, 0xfe, 0xe9, 0xfe, 0x03, 0xf6,
    0x2f, 0xee, 0xf1, 0xd5, 0xe9, 0x93, 0xae, 0x73, 0x82, 0x20, 0x01, 0xa9, 0x41, 0xb9, 0x21, 0xb9,
    0x42, 0xb9, 0x42, 0xb9, 0x42, 0xb9, 0x42, 0xb9, 0x21, 0xb9, 0x21, 0xb1, 0x41, 0xb9, 0x41, 0xb1,
    0x41, 0xb1, 0x41, 0xb1, 0x21, 0xb1, 0x21, 0xb1, 0x41, 0xb1, 0x41, 0xb9, 0x62, 0xb9, 0x42, 0xb1,
    0x62, 0xb9, 0x41, 0xb1, 0x21, 0xb1, 0x42, 0xb1, 0x00, 0x38, 0xf0, 0x7b, 0x3d, 0xef, 0x39, 0xce,
    0x59, 0xce, 0x5a, 0xce, 0x5a, 0xce, 0x5a, 0xce, 0x5a, 0xd6, 0x7a, 0xd6, 0x9e, 0xf7, 0x5a, 0xce,
    0x33, 0x8c, 0xb7, 0xb5, 0x9b, 0xd6, 0xbf, 0xf7, 0xdb, 0xde, 0x85, 0x31, 0x6a, 0x29, 0x72, 0x21,
    0x72, 0x21, 0x28, 0x21, 0x64, 0x29, 0xfc, 0xde, 0xff, 0xff, 0xbb, 0xde, 0xb8, 0xbd, 0x32, 0x8c,
    0x59, 0xce, 0xbe, 0xf7, 0x9a, 0xd6, 0x5a, 0xce, 0x5a, 0xd6, 0x5a, 0xd6, 0x5a, 0xce, 0x59, 0xce,
    0x59, 0xce, 0xbb, 0xde, 0xce, 0x7b, 0x0b, 0x01, 0xda, 0x12, 0xb8, 0x0a, 0xcf, 0x09, 0xa7, 0x00,
    0xe7, 0x08, 0xa7, 0x00, 0x33, 0x12, 0xb9, 0x0a, 0xb8, 0x0a, 0xb8, 0x0a, 0xb8, 0x0a, 0xb8, 0x0a,
    0xb9, 0x0a, 0xd9, 0x12, 0xd9, 0x0a, 0xb8, 0x12, 0x2b, 0x09, 0xa7, 0x08, 0xc7, 0x08, 0x09, 0x09,
    0x97, 0x12, 0xd9, 0x0a, 0x14, 0x0a, 0xe5, 0x10, 0x38, 0xce, 0xf9, 0xee, 0x17, 0xde, 0x09, 0xed,
    0x41, 0xf4, 0x06, 0xfe, 0xc4, 0xfd, 0x62, 0xf4, 0xea, 0xec, 0x17, 0xd6, 0xd8, 0xee, 0x39, 0xc6,
    0xe3, 0x30, 0x82, 0xc1, 0xa2, 0xd9, 0xa3, 0xc9, 0xa1, 0x58, 0x81, 0x38, 0x81, 0x38, 0xc1, 0x58,
    0xa3, 0xc1, 0xa2, 0xd1, 0xa3, 0xd9, 0xa3, 0xd1, 0xa3, 0xd1, 0xc3, 0xd9, 0xc2, 0xd9, 0xc3, 0xd1,
    0xa3, 0xd9, 0x63, 0xa9, 0x81, 0x40, 0xa1, 0x40, 0x61, 0x30, 0x22, 0x81, 0xc3, 0xd1, 0xa3, 0xd1,
    0x40, 0x48, 0xaf, 0x6b, 0xbb, 0xde, 0x39, 0xce, 0x59, 0xce, 0x59, 0xce, 0x59, 0xce, 0x5a, 0xd6,
    0x5a, 0xd6, 0x7a, 0xd6, 0x9e, 0xf7, 0x5a, 0xce, 0x33, 0x8c, 0xb7, 0xbd, 0xbb, 0xd6, 0xbe, 0xf7,
    0xdb, 0xde, 0x85, 0x31, 0x6a, 0x29, 0x72, 0x21, 0x72, 0x21, 0x28, 0x21, 0x65, 0x31, 0x1c, 0xe7,
    0xff, 0xff, 0xdb, 0xde, 0xb8, 0xbd, 0x32, 0x84, 0x59, 0xce, 0x9e, 0xf7, 0x7a, 0xd6, 0x5a, 0xce,
    0x5a, 0xce, 0x5a, 0xce, 0x5a, 0xce, 0x5a, 0xce, 0x39, 0xce, 0xdb, 0xde, 0xcf, 0x7b, 0x45, 0x00,
    0xaf, 0x09, 0x2b, 0x01, 0x05, 0x19, 0x0f, 0x84, 0xf4, 0x94, 0xcb, 0x5a, 0x84, 0x08, 0x6e, 0x09,
    0x6e, 0x01, 0x4e, 0x01, 0x6e, 0x01, 0x6e, 0x01, 0x6e, 0x01, 0x6e, 0x01, 0xaf, 0x09, 0xc8, 0x00,
    0x08, 0x42, 0xf3, 0x9c, 0x51, 0x84, 0xa6, 0x39, 0xc7, 0x00, 0x8f, 0x09, 0x2b, 0x01, 0x62, 0x08,
    0xb7, 0xbd, 0x9a, 0xde, 0xe6, 0xeb, 0x04, 0xec, 0x70, 0xe5, 0x22, 0xf5, 0x22, 0xfd, 0x50, 0xe5,
    0xe4, 0xeb, 0xc5, 0xeb, 0x5a, 0xd6, 0xb7, 0xb5, 0x61, 0x20, 0xc1, 0x70, 0xe2, 0x78, 0x60, 0x40,
    0x29, 0x3a, 0xf4, 0x94, 0x73, 0x84, 0x86, 0x29, 0x81, 0x40, 0x01, 0x81, 0xc1, 0x70, 0xc1, 0x78,
    0xc1, 0x78, 0xe1, 0x78, 0xe1, 0x78, 0xe1, 0x78, 0xe2, 0x78, 0x81, 0x20, 0x4e, 0x5b, 0xf5, 0x94,
    0xaf, 0x63, 0xa3, 0x18, 0xa1, 0x60, 0x02, 0x81, 0x00, 0x20, 0x8e, 0x73, 0xdb, 0xde, 0x39, 0xce,
    0x59, 0xce, 0x59, 0xce, 0x5a, 0xce, 0x5a, 0xd6, 0x5a, 0xd6, 0x7a, 0xd6, 0x9e, 0xf7, 0x5a, 0xce,
    0x33, 0x8c, 0xb7, 0xbd, 0xbb, 0xd6, 0xbe, 0xf7, 0xdb, 0xde, 0xa5, 0x31, 0x69, 0x29, 0x72, 0x21,
    0x72, 0x21, 0x49, 0x21, 0x65, 0x31, 0x1c, 0xe7, 0xff, 0xff, 0xbb, 0xde, 0xb8, 0xb5, 0x32, 0x8c,
    0x59, 0xce, 0x9e, 0xf7, 0x9a, 0xd6, 0x5a, 0xce, 0x5a, 0xd6, 0x5a, 0xce, 0x5a, 0xce, 0x59, 0xce,
    0x39, 0xce, 0x9b, 0xd6, 0xd3, 0x9c, 0xc3, 0x18, 0x62, 0x10, 0x82, 0x10, 0x31, 0x84, 0x97, 0xad,
    0x73, 0x84, 0x32, 0x7c, 0x49, 0x42, 0x21, 0x00, 0xe3, 0x18, 0xe3, 0x18, 0xc3, 0x18, 0xc3, 0x18,
    0xc3, 0x18, 0xe4, 0x18, 0x41, 0x08, 0x45, 0x21, 0x35, 0xa5, 0x77, 0xa5, 0x73, 0x84, 0x31, 0x7c,
    0xe3, 0x18, 0x61, 0x10, 0x62, 0x08, 0x08, 0x42, 0x5a, 0xce, 0x49, 0xed, 0x4d, 0xe5, 0xf6, 0xd5,
    0x7a, 0xce, 0xea, 0xec, 0xe9, 0xec, 0x79, 0xce, 0xf7, 0xdd, 0x4e, 0xe5, 0xe8, 0xe4, 0x39, 0xce,
    0x08, 0x3a, 0x62, 0x08, 0x82, 0x08, 0x25, 0x21, 0x35, 0x9d, 0x35, 0xa5, 0x52, 0x84, 0x11, 0x7c,
    0x04, 0x19, 0x62, 0x08, 0xe4, 0x18, 0xe3, 0x18, 0xc3, 0x18, 0xe3, 0x18, 0xc3, 0x18, 0xe4, 0x18,
    0x41, 0x00, 0x0c, 0x5b, 0x77, 0xad, 0xb3, 0x8c, 0x73, 0x8c, 0xec, 0x52, 0x61, 0x08, 0x82, 0x10,
    0xc3, 0x10, 0x92, 0x94, 0x9b, 0xde, 0x59, 0xce, 0x5a, 0xce, 0x5a, 0xce, 0x5a, 0xce, 0x5a, 0xce,
    0x5a, 0xce, 0x7a, 0xd6, 0x9e, 0xf7, 0x5a, 0xce, 0x32, 0x8c, 0xb7, 0xb5, 0xbb, 0xd6, 0xbe, 0xf7,
    0xdb, 0xde, 0xa5, 0x31, 0x6a, 0x29, 0x72, 0x21, 0x72, 0x21, 0x49, 0x21, 0x65, 0x31, 0x1c, 0xe7,
    0xff, 0xff, 0xbb, 0xde, 0xb7, 0xb5, 0x32, 0x8c, 0x59, 0xce, 0x9e, 0xf7, 0x9a, 0xd6, 0x5a, 0xce,
    0x5a, 0xce, 0x5a, 0xd6, 0x5a, 0xd6, 0x5a, 0xce, 0x5a, 0xce, 0x39, 0xce, 0xbb, 0xde, 0xd3, 0x9c,
    0xe3, 0x18, 0xe3, 0x18, 0x52, 0x84, 0xf0, 0x73, 0xcb, 0x5a, 0x2e, 0x5b, 0x0d, 0x5b, 0x41, 0x08,
    0xe4, 0x18, 0xe3, 0x18, 0xe4, 0x18, 0xe4, 0x18, 0xe3, 0x18, 0xe4, 0x18, 0x41, 0x00, 0x49, 0x42,
    0x93, 0x84, 0x8e, 0x6b, 0x6a, 0x42, 0x11, 0x74, 0x87, 0x29, 0x61, 0x08, 0xec, 0x5a, 0x38, 0xd6,
    0xac, 0xed, 0xaf, 0xe5, 0x59, 0xd6, 0x7b, 0xce, 0xbb, 0xce, 0x8e, 0xe4, 0x4c, 0xe4, 0x9b, 0xce,
    0x7a, 0xce, 0x79, 0xd6, 0x8f, 0xe5, 0x8b, 0xed, 0x37, 0xce, 0x0d, 0x5b, 0x61, 0x08, 0x08, 0x3a,
    0x52, 0x84, 0xaf, 0x6b, 0x6a, 0x42, 0xf1, 0x7b, 0x66, 0x29, 0x61, 0x08, 0xe4, 0x20, 0xe4, 0x18,
    0xe4, 0x18, 0xe4, 0x18, 0xe4, 0x18, 0xe3, 0x18, 0x41, 0x08, 0xd0, 0x73, 0xf0, 0x73, 0x2d, 0x63,
    0xed, 0x52, 0x8f, 0x6b, 0x82, 0x10, 0x04, 0x19, 0xd3, 0x9c, 0x9b, 0xde, 0x59, 0xce, 0x59, 0xce,
    0x5a, 0xce, 0x5a, 0xce, 0x5a, 0xce, 0x5a, 0xce, 0x5a, 0xce, 0x7a, 0xd6, 0x9e, 0xf7, 0x5a, 0xce,
    0x32, 0x8c, 0xb7, 0xb5, 0xbb, 0xd6, 0xbe, 0xf7, 0xfb, 0xde, 0xa6, 0x31, 0x6a, 0x29, 0x72, 0x21,
    0x72, 0x21, 0x49, 0x21, 0x65, 0x29, 0xfc, 0xde, 0xff, 0xff, 0xbb, 0xde, 0xb8, 0xb5, 0x32, 0x8c,
    0x59, 0xce, 0x9e, 0xf7, 0x7a, 0xd6, 0x5a, 0xce, 0x5a, 0xd6, 0x5a, 0xd6, 0x5a, 0xce, 0x5a, 0xce,
    0x59, 0xce, 0x59, 0xce, 0x39, 0xce, 0x9a, 0xd6, 0xcf, 0x7b, 0x41, 0x08, 0x0c, 0x5b, 0x6e, 0x63,
    0xec, 0x52, 0xaf, 0x6b, 0x86, 0x29, 0xc3, 0x18, 0x6e, 0x73, 0x4d, 0x6b, 0x4d, 0x6b, 0x4d, 0x6b,
    0x4d, 0x6b, 0x8e, 0x73, 0x49, 0x4a, 0xa2, 0x10, 0x8f, 0x6b, 0x0d, 0x5b, 0x2d, 0x5b, 0x6e, 0x63,
    0x82, 0x08, 0xe7, 0x41, 0xf8, 0xc5, 0x79, 0xd6, 0x8e, 0xe5, 0x59, 0xd6, 0x7a, 0xce, 0x59, 0xce,
    0x9b, 0xce, 0xec, 0xe4, 0xab, 0xe4, 0x9b, 0xce, 0x59, 0xd6, 0x5a, 0xce, 0x79, 0xd6, 0x8e, 0xdd,
    0x58, 0xde, 0x18, 0xc6, 0x08, 0x42, 0xa2, 0x10, 0x8f, 0x6b, 0xec, 0x52, 0x2d, 0x5b, 0x6e, 0x63,
    0x62, 0x08, 0x08, 0x42, 0x8e, 0x73, 0x4d, 0x6b, 0x4d, 0x6b, 0x4d, 0x6b, 0x4d, 0x6b, 0x6e, 0x73,
    0xe3, 0x18, 0xe8, 0x39, 0xd0, 0x73, 0xab, 0x4a, 0x8f, 0x6b, 0x4a, 0x42, 0x20, 0x00, 0xae, 0x73,
    0x9a, 0xd6, 0x59, 0xce, 0x59, 0xce, 0x5a, 0xce, 0x59, 0xce, 0x59, 0xce, 0x59, 0xce, 0x5a, 0xd6,
    0x5a, 0xd6, 0x7a, 0xd6, 0x9e, 0xf7, 0x5a, 0xce, 0x32, 0x84, 0xb8, 0xb5, 0xbb, 0xde, 0xbf, 0xf7,
    0xfb, 0xde, 0xa5, 0x31, 0x6a, 0x29, 0x72, 0x21, 0x72, 0x21, 0x49, 0x21, 0x65, 0x29, 0xfc, 0xde,
    0xff, 0xff, 0xbb, 0xde, 0xb8, 0xbd, 0x33, 0x8c, 0x59, 0xce, 0x9e, 0xf7, 0x7a, 0xd6, 0x5a, 0xce,
    0x5a, 0xd6, 0x5a, 0xce, 0x5a, 0xce, 0x59, 0xce, 0x59, 0xce, 0x59, 0xce, 0x59, 0xce, 0x5a, 0xce,
    0xdb, 0xde, 0x8e, 0x73, 0xa2, 0x10, 0x29, 0x42, 0x8b, 0x4a, 0xa7, 0x31, 0xa3, 0x10, 0xd3, 0x9c,
    0xfc, 0xe6, 0xbb, 0xde, 0xbb, 0xde, 0xdb, 0xde, 0xbb, 0xde, 0xdc, 0xde, 0x5a, 0xce, 0xe8, 0x41,
    0x04, 0x19, 0x8b, 0x4a, 0x8a, 0x4a, 0xe4, 0x18, 0xa6, 0x31, 0x38, 0xc6, 0x9a, 0xd6, 0x39, 0xce,
    0x7b, 0xce, 0x79, 0xce, 0x59, 0xce, 0x5a, 0xce, 0x7a, 0xce, 0x16, 0xd6, 0x16, 0xd6, 0x7a, 0xd6,
    0x5a, 0xce, 0x59, 0xce, 0x5a, 0xce, 0x7b, 0xce, 0x5a, 0xce, 0x7a, 0xd6, 0x39, 0xce, 0xc7, 0x39,
    0x04, 0x19, 0x6a, 0x4a, 0x6b, 0x4a, 0xe4, 0x18, 0xc7, 0x39, 0x39, 0xce, 0xdc, 0xde, 0xbb, 0xde,
    0xbb, 0xde, 0xdb, 0xde, 0xbb, 0xde, 0xfc, 0xe6, 0xf4, 0xa4, 0xc3, 0x18, 0xc8, 0x39, 0xab, 0x4a,
    0x49, 0x42, 0x62, 0x08, 0x6e, 0x73, 0xbb, 0xde, 0x59, 0xce, 0x59, 0xce, 0x59, 0xce, 0x59, 0xce,
    0x59, 0xce, 0x59, 0xce, 0x59, 0xce, 0x5a, 0xce, 0x5a, 0xce, 0x7a, 0xd6, 0x9e, 0xf7, 0x7a, 0xce,
    0x33, 0x8c, 0xb8, 0xb5, 0xbb, 0xd6, 0xbe, 0xf7, 0xdb, 0xde, 0xa5, 0x31, 0x69, 0x29, 0x72, 0x21,
    0x72, 0x21, 0x49, 0x21, 0x65, 0x29, 0xfc, 0xde, 0xff, 0xff, 0xbb, 0xde, 0xb8, 0xb5, 0x32, 0x84,
    0x59, 0xce, 0x9e, 0xf7, 0x7a, 0xd6, 0x5a, 0xce, 0x7a, 0xd6, 0x5a, 0xd6, 0x5a, 0xce, 0x5a, 0xce,
    0x59, 0xce, 0x5a, 0xce, 0x5a, 0xce, 0x59, 0xce, 0x5a, 0xce, 0xbb, 0xde, 0x6e, 0x6b, 0xc3, 0x18,
    0x04, 0x21, 0xe3, 0x18, 0xb3, 0x94, 0xbb, 0xde, 0x39, 0xce, 0x39, 0xce, 0x39, 0xce, 0x39, 0xce,
    0x39, 0xce, 0x39, 0xce, 0x7a, 0xd6, 0x39, 0xce, 0x08, 0x42, 0xe3, 0x18, 0xe3, 0x18, 0xa6, 0x39,
    0xf8, 0xc5, 0x9b, 0xd6, 0x39, 0xce, 0x59, 0xce, 0x59, 0xce, 0x5a, 0xce, 0x5a, 0xce, 0x59, 0xce,
    0x7a, 0xce, 0x15, 0xde, 0x14, 0xde, 0x7a, 0xd6, 0x5a, 0xd6, 0x5a, 0xce, 0x59, 0xce, 0x59, 0xce,
    0x59, 0xce, 0x59, 0xce, 0x7a, 0xd6, 0x18, 0xc6, 0xc7, 0x39, 0xe3, 0x18, 0xe3, 0x18, 0xa7, 0x31,
    0xf8, 0xc5, 0x9a, 0xd6, 0x39, 0xce, 0x39, 0xce, 0x39, 0xce, 0x39, 0xce, 0x39, 0xce, 0x39, 0xce,
    0xbb, 0xde, 0xd3, 0x9c, 0xe4, 0x18, 0x04, 0x21, 0xc3, 0x18, 0x4d, 0x6b, 0x9a, 0xd6, 0x59, 0xce,
    0x59, 0xce, 0x59, 0xce, 0x59, 0xce, 0x5a, 0xce, 0x5a, 0xce, 0x59, 0xce, 0x59, 0xce, 0x5a, 0xd6,
    0x5a, 0xce, 0x7a, 0xd6, 0x9e, 0xf7, 0x7a, 0xce, 0x33, 0x8c, 0xb8, 0xb5, 0xbb, 0xd6, 0xbe, 0xf7,
    0xdb, 0xde, 0xa5, 0x31, 0x6a, 0x29, 0x72, 0x21, 0x72, 0x21, 0x49, 0x21, 0x65, 0x31, 0x1c, 0xe7,
    0xff, 0xff, 0xbb, 0xde, 0xb7, 0xb5, 0x32, 0x84, 0x59, 0xce, 0x9e, 0xf7, 0x9a, 0xd6, 0x5a, 0xd6,
    0x7a, 0xd6, 0x5a, 0xce, 0x5a, 0xce, 0x59, 0xce, 0x59, 0xce, 0x5a, 0xce, 0x59, 0xce, 0x5a, 0xce,
    0x59, 0xce, 0x5a, 0xd6, 0x7a, 0xd6, 0x39, 0xce, 0x39, 0xce, 0x39, 0xce, 0x9a, 0xd6, 0x5a, 0xd6,
    0x59, 0xce, 0x5a, 0xce, 0x5a, 0xce, 0x5a, 0xce, 0x5a, 0xce, 0x5a, 0xce, 0x59, 0xce, 0x7a, 0xd6,
    0x59, 0xce, 0x19, 0xc6, 0x19, 0xce, 0x59, 0xce, 0x9a, 0xd6, 0x59, 0xce, 0x5a, 0xce, 0x59, 0xce,
    0x59, 0xce, 0x59, 0xce, 0x59, 0xce, 0x59, 0xce, 0x7b, 0xce, 0xd0, 0xdd, 0xaf, 0xe5, 0x7b, 0xce,
    0x59, 0xd6, 0x5a, 0xce, 0x59, 0xce, 0x5a, 0xce, 0x59, 0xce, 0x5a, 0xce, 0x39, 0xce, 0x7a, 0xd6,
    0x59, 0xce, 0x19, 0xc6, 0x18, 0xc6, 0x59, 0xce, 0x7a, 0xd6, 0x59, 0xce, 0x5a, 0xce, 0x5a, 0xce,
    0x5a, 0xce, 0x59, 0xce, 0x59, 0xce, 0x59, 0xce, 0x59, 0xce, 0x7a, 0xd6, 0x19, 0xc6, 0x19, 0xc6,
    0x19, 0xc6, 0x7a, 0xd6, 0x5a, 0xd6, 0x59, 0xce, 0x59, 0xce, 0x59, 0xce, 0x59, 0xce, 0x5a, 0xce,
    0x59, 0xce, 0x59, 0xce, 0x5a, 0xce, 0x5a, 0xce, 0x5a, 0xce, 0x7a, 0xd6, 0x9e, 0xf7, 0x7a, 0xce,
    0x53, 0x8c, 0xb8, 0xbd, 0x9b, 0xd6, 0xbe, 0xf7, 0xdb, 0xde, 0xa5, 0x31, 0x6a, 0x29, 0x72, 0x21,
    0x72, 0x21, 0x48, 0x21, 0x85, 0x31, 0x1c, 0xe7, 0xff, 0xff, 0xbb, 0xde, 0xb7, 0xb5, 0x32, 0x84,
    0x59, 0xce, 0x9e, 0xf7, 0x9a, 0xd6, 0x5a, 0xce, 0x5a, 0xce, 0x5a, 0xce, 0x5a, 0xce, 0x59, 0xce,
    0x59, 0xce, 0x5a, 0xce, 0x59, 0xce, 0x59, 0xce, 0x59, 0xce, 0x59, 0xce, 0x5a, 0xce, 0x7a, 0xd6,
    0x7a, 0xd6, 0x7a, 0xd6, 0x5a, 0xce, 0x5a, 0xce, 0x5a, 0xce, 0x5a, 0xce, 0x5a, 0xce, 0x5a, 0xce,
    0x5a, 0xce, 0x59, 0xce, 0x5a, 0xce, 0x59, 0xce, 0x5a, 0xd6, 0x7a, 0xd6, 0x7a, 0xd6, 0x5a, 0xd6,
    0x59, 0xce, 0x5a, 0xd6, 0x5a, 0xce, 0x5a, 0xce, 0x5a, 0xce, 0x59, 0xce, 0x5a, 0xce, 0x5a, 0xd6,
    0x5a, 0xce, 0x7a, 0xce, 0x7a, 0xd6, 0x5a, 0xce, 0x5a, 0xd6, 0x5a, 0xce, 0x5a, 0xce, 0x5a, 0xce,
    0x59, 0xce, 0x59, 0xce, 0x59, 0xce, 0x59, 0xce, 0x5a, 0xd6, 0x7a, 0xd6, 0x7a, 0xd6, 0x5a, 0xce,
    0x59, 0xce, 0x5a, 0xce, 0x5a, 0xce, 0x5a, 0xce, 0x5a, 0xce, 0x5a, 0xce, 0x59, 0xce, 0x59, 0xce,
    0x59, 0xce, 0x59, 0xce, 0x7a, 0xd6, 0x5a, 0xd6, 0x5a, 0xd6, 0x5a, 0xce, 0x59, 0xce, 0x59, 0xce,
    0x59, 0xce, 0x59, 0xce, 0x5a, 0xce, 0x5a, 0xce, 0x59, 0xce, 0x59, 0xce, 0x5a, 0xce, 0x5a, 0xce,
    0x5a, 0xce, 0x7a, 0xd6, 0x9e, 0xf7, 0x7a, 0xce, 0x33, 0x8c, 0xb7, 0xb5, 0x9b, 0xd6, 0xbe, 0xf7,
    0xfb, 0xde, 0xa5, 0x31, 0x6a, 0x29, 0x72, 0x21, 0x72, 0x21, 0x49, 0x21, 0x85, 0x31, 0xfc, 0xde,
    0xff, 0xff, 0xbb, 0xde, 0xb8, 0xb5, 0x32, 0x8c, 0x59, 0xce, 0x9e, 0xf7, 0x9a, 0xd6, 0x5a, 0xce,
    0x5a, 0xce, 0x5a, 0xce, 0x5a, 0xce, 0x5a, 0xce, 0x5a, 0xce, 0x59, 0xce, 0x59, 0xce, 0x59, 0xce,
    0x59, 0xce, 0x5a, 0xce, 0x5a, 0xce, 0x59, 0xce, 0x59, 0xce, 0x5a, 0xce, 0x5a, 0xce, 0x5a, 0xce,
    0x5a, 0xce, 0x5a, 0xce, 0x5a, 0xce, 0x5a, 0xce, 0x5a, 0xce, 0x5a, 0xce, 0x5a, 0xce, 0x5a, 0xce,
    0x59, 0xce, 0x59, 0xce, 0x59, 0xce, 0x59, 0xce, 0x5a, 0xce, 0x5a, 0xce, 0x5a, 0xce, 0x59, 0xce,
    0x59, 0xce, 0x5a, 0xce, 0x5a, 0xce, 0x59, 0xce, 0x59, 0xce, 0x5a, 0xce, 0x59, 0xce, 0x5a, 0xce,
    0x5a, 0xce, 0x5a, 0xce, 0x59, 0xce, 0x59, 0xce, 0x59, 0xce, 0x5a, 0xce, 0x59, 0xce, 0x59, 0xce,
    0x59, 0xce, 0x59, 0xce, 0x59, 0xce, 0x5a, 0xce, 0x5a, 0xce, 0x59, 0xce, 0x5a, 0xce, 0x5a, 0xce,
    0x5a, 0xce, 0x59, 0xce, 0x59, 0xce, 0x59, 0xce, 0x59, 0xce, 0x5a, 0xce, 0x59, 0xce, 0x5a, 0xce,
    0x5a, 0xce, 0x5a, 0xce, 0x59, 0xce, 0x59, 0xce, 0x59, 0xce, 0x59, 0xce, 0x5a, 0xce, 0x5a, 0xd6,
    0x5a, 0xce, 0x5a, 0xce, 0x5a, 0xce, 0x5a, 0xce, 0x5a, 0xce, 0x7a, 0xd6, 0x9e, 0xf7, 0x7a, 0xce,
    0x33, 0x8c, 0xb7, 0xb5, 0x9b, 0xd6, 0xbf, 0xf7, 0xdb, 0xde, 0x85, 0x31, 0x69, 0x21, 0x72, 0x21,
    0x72, 0x21, 0x49, 0x21, 0x85, 0x31, 0x1c, 0xdf, 0xff, 0xff, 0xbb, 0xde, 0xb8, 0xbd, 0x32, 0x84,
    0x59, 0xce, 0x9e, 0xf7, 0x9a, 0xd6, 0x5a, 0xce, 0x7a, 0xce, 0x5a, 0xce, 0x59, 0xce, 0x59, 0xce,
    0x59, 0xce, 0x5a, 0xce, 0x5a, 0xce, 0x5a, 0xce, 0x59, 0xce, 0x59, 0xce, 0x5a, 0xce, 0x5a, 0xce,
    0x5a, 0xce, 0x5a, 0xce, 0x5a, 0xce, 0x5a, 0xce, 0x5a, 0xd6, 0x5a, 0xd6, 0x5a, 0xce, 0x5a, 0xce,
    0x5a, 0xce, 0x5a, 0xce, 0x5a, 0xce, 0x59, 0xce, 0x59, 0xce, 0x59, 0xce, 0x59, 0xce, 0x59, 0xce,
    0x5a, 0xce, 0x59, 0xce, 0x5a, 0xce, 0x59, 0xce, 0x59, 0xce, 0x5a, 0xce, 0x5a, 0xce, 0x59, 0xce,
    0x59, 0xce, 0x59, 0xce, 0x59, 0xce, 0x5a, 0xce, 0x5a, 0xce, 0x5a, 0xce, 0x59, 0xce, 0x59, 0xce,
    0x5a, 0xce, 0x5a, 0xce, 0x59, 0xce, 0x59, 0xce, 0x59, 0xce, 0x59, 0xce, 0x59, 0xce, 0x5a, 0xce,
    0x5a, 0xce, 0x5a, 0xce, 0x59, 0xce, 0x59, 0xce, 0x5a, 0xce, 0x59, 0xce, 0x59, 0xce, 0x59, 0xce,
    0x59, 0xce, 0x59, 0xce, 0x59, 0xce, 0x5a, 0xce, 0x5a, 0xce, 0x5a, 0xce, 0x59, 0xce, 0x59, 0xce,
    0x59, 0xce, 0x59, 0xce, 0x59, 0xce, 0x59, 0xce, 0x5a, 0xce, 0x59, 0xce, 0x59, 0xce, 0x59, 0xce,
    0x59, 0xce, 0x7a, 0xd6, 0x9e, 0xf7, 0x5a, 0xce, 0x33, 0x8c, 0xb7, 0xb5, 0x9b, 0xd6, 0xbf, 0xf7,
    0xdb, 0xde, 0x85, 0x31, 0x6a, 0x29, 0x72, 0x21, 0x72, 0x21, 0x49, 0x21, 0x65, 0x29, 0xfc, 0xde,
    0xff, 0xff, 0xbb, 0xde, 0xb8, 0xbd, 0x33, 0x8c, 0x59, 0xce, 0x9e, 0xf7, 0x9a, 0xd6, 0x5a, 0xce,
    0x7a, 0xce, 0x5a, 0xce, 0x59, 0xce, 0x59, 0xce, 0x5a, 0xce, 0x5a, 0xce, 0x59, 0xce, 0x5a, 0xce,
    0x5a, 0xce, 0x5a, 0xce, 0x59, 0xce, 0x59, 0xce, 0x5a, 0xce, 0x5a, 0xce, 0x5a, 0xce, 0x5a, 0xce,
    0x5a, 0xd6, 0x5a, 0xce, 0x59, 0xce, 0x59, 0xce, 0x5a, 0xce, 0x5a, 0xce, 0x5a, 0xce, 0x59, 0xce,
    0x5a, 0xce, 0x5a, 0xce, 0x59, 0xce, 0x59, 0xce, 0x59, 0xce, 0x59, 0xce, 0x5a, 0xce, 0x5a, 0xce,
    0x59, 0xce, 0x59, 0xce, 0x59, 0xce, 0x59, 0xce, 0x59, 0xce, 0x59, 0xce, 0x59, 0xce, 0x5a, 0xce,
    0x59, 0xce, 0x59, 0xce, 0x59, 0xce, 0x5a, 0xce, 0x59, 0xce, 0x59, 0xce, 0x59, 0xce, 0x59, 0xce,
    0x59, 0xce, 0x59, 0xce, 0x59, 0xce, 0x59, 0xce, 0x59, 0xce, 0x59, 0xce, 0x59, 0xce, 0x59, 0xce,
    0x5a, 0xce, 0x5a, 0xce, 0x59, 0xce, 0x59, 0xce, 0x59, 0xce, 0x59, 0xce, 0x59, 0xce, 0x5a, 0xce,
    0x5a, 0xce, 0x59, 0xce, 0x59, 0xce, 0x59, 0xce, 0x59, 0xce, 0x59, 0xce, 0x59, 0xce, 0x59, 0xce,
    0x59, 0xce, 0x59, 0xce, 0x59, 0xce, 0x5a, 0xd6, 0x5a, 0xce, 0x7a, 0xd6, 0x9e, 0xf7, 0x7a, 0xce,
    0x33, 0x8c, 0xb7, 0xb5, 0xbb, 0xd6, 0xbf, 0xf7, 0xdb, 0xde, 0x85, 0x31, 0x6a, 0x29, 0x72, 0x21,
    0x72, 0x21, 0x48, 0x21, 0x64, 0x29, 0xfc, 0xde, 0xff, 0xff, 0xbb, 0xde, 0xb8, 0xbd, 0x33, 0x8c,
    0x59, 0xce, 0x9e, 0xf7, 0x9a, 0xd6, 0x5a, 0xce, 0x7a, 0xce, 0x5a, 0xce, 0x59, 0xce, 0x59, 0xce,
    0x59, 0xce, 0x59, 0xce, 0x59, 0xce, 0x59, 0xce, 0x59, 0xce, 0x5a, 0xce, 0x5a, 0xce, 0x59, 0xce,
    0x59, 0xce, 0x5a, 0xd6, 0x5a, 0xce, 0x5a, 0xce, 0x59, 0xce, 0x5a, 0xce, 0x5a, 0xce, 0x59, 0xce,
    0x5a, 0xce, 0x59, 0xce, 0x59, 0xce, 0x5a, 0xce, 0x5a, 0xce, 0x5a, 0xce, 0x59, 0xce, 0x5a, 0xce,
    0x5a, 0xce, 0x59, 0xce, 0x5a, 0xce, 0x59, 0xce, 0x39, 0xce, 0x59, 0xce, 0x59, 0xce, 0x59, 0xce,
    0x59, 0xce, 0x59, 0xce, 0x59, 0xce, 0x59, 0xce, 0x59, 0xce, 0x59, 0xce, 0x59, 0xce, 0x5a, 0xce,
    0x59, 0xce, 0x59, 0xce, 0x59, 0xce, 0x59, 0xce, 0x59, 0xce, 0x59, 0xce, 0x59, 0xce, 0x5a, 0xce,
    0x59, 0xce, 0x59, 0xce, 0x59, 0xce, 0x59, 0xce, 0x59, 0xce, 0x5a, 0xd6, 0x59, 0xce, 0x59, 0xce,
    0x59, 0xce, 0x59, 0xce, 0x59, 0xce, 0x59, 0xce, 0x59, 0xce, 0x59, 0xce, 0x59, 0xce, 0x59, 0xce,
    0x59, 0xce, 0x59, 0xce, 0x59, 0xce, 0x5a, 0xce, 0x5a, 0xce, 0x59, 0xce, 0x59, 0xce, 0x5a, 0xce,
    0x5a, 0xce, 0x7a, 0xd6, 0x9e, 0xf7, 0x5a, 0xce, 0x32, 0x8c, 0xb7, 0xb5, 0xbb, 0xde, 0xbf, 0xf7,
    0xdb, 0xde, 0x85, 0x31, 0x69, 0x29, 0x72, 0x21, 0x72, 0x21, 0x48, 0x21, 0x64, 0x29, 0xfc, 0xde,
    0xff, 0xff, 0xbb, 0xde, 0xb8, 0xbd, 0x33, 0x8c, 0x59, 0xce, 0x9e, 0xf7, 0x9a, 0xd6, 0x5a, 0xce,
    0x5a, 0xce, 0x59, 0xce, 0x59, 0xce, 0x59, 0xce, 0x59, 0xce, 0x59, 0xce, 0x59, 0xce, 0x5a, 0xce,
    0x5a, 0xce, 0x5a, 0xce, 0x5a, 0xce, 0x59, 0xce, 0x59, 0xce, 0x59, 0xce, 0x59, 0xce, 0x5a, 0xce,
    0x5a, 0xce, 0x5a, 0xce, 0x59, 0xce, 0x59, 0xce, 0x5a, 0xce, 0x59, 0xce, 0x59, 0xce, 0x59, 0xce,
    0x59, 0xce, 0x59, 0xce, 0x59, 0xce, 0x59, 0xce, 0x5a, 0xce, 0x59, 0xce, 0x5a, 0xce, 0x59, 0xce,
    0x59, 0xce, 0x5a, 0xce, 0x59, 0xce, 0x5a, 0xce, 0x59, 0xce, 0x59, 0xce, 0x59, 0xce, 0x5a, 0xce,
    0x5a, 0xce, 0x59, 0xce, 0x5a, 0xce, 0x5a, 0xce, 0x5a, 0xce, 0x59, 0xce, 0x5a, 0xce, 0x5a, 0xce,
    0x5a, 0xce, 0x59, 0xce, 0x59, 0xce, 0x5a, 0xce, 0x5a, 0xce, 0x59, 0xce, 0x59, 0xce, 0x5a, 0xce,
    0x5a, 0xce, 0x5a, 0xce, 0x59, 0xce, 0x5a, 0xce, 0x59, 0xce, 0x5a, 0xce, 0x59, 0xce, 0x59, 0xce,
    0x59, 0xce, 0x59, 0xce, 0x59, 0xce, 0x59, 0xce, 0x59, 0xce, 0x59, 0xce, 0x59, 0xce, 0x59, 0xce,
    0x59, 0xce, 0x59, 0xce, 0x59, 0xce, 0x5a, 0xce, 0x5a, 0xce, 0x7a, 0xd6, 0x9e, 0xf7, 0x5a, 0xce,
    0x32, 0x84, 0xb7, 0xb5, 0xbb, 0xd6, 0xbe, 0xf7, 0xdb, 0xde, 0x85, 0x31, 0x69, 0x21, 0x72, 0x21,
    0x72, 0x21, 0x28, 0x21, 0x64, 0x29, 0xfc, 0xde, 0xff, 0xff, 0xbb, 0xde, 0xb8, 0xbd, 0x33, 0x8c,
    0x59, 0xce, 0x9e, 0xf7, 0x7a, 0xd6, 0x5a, 0xce, 0x5a, 0xce, 0x5a, 0xce, 0x5a, 0xce, 0x59, 0xce,
    0x59, 0xce, 0x59, 0xce, 0x59, 0xce, 0x59, 0xce, 0x59, 0xce, 0x59, 0xce, 0x5a, 0xce, 0x59, 0xce,
    0x59, 0xce, 0x59, 0xce, 0x5a, 0xce, 0x5a, 0xce, 0x5a, 0xce, 0x5a, 0xce, 0x59, 0xce, 0x59, 0xce,
    0x5a, 0xce, 0x59, 0xce, 0x59, 0xce, 0x59, 0xce, 0x39, 0xce, 0x59, 0xce, 0x5a, 0xce, 0x59, 0xce,
    0x59, 0xce, 0x59, 0xce, 0x59, 0xce, 0x5a, 0xce, 0x59, 0xce, 0x59, 0xce, 0x59, 0xce, 0x5a, 0xce,
    0x5a, 0xce, 0x59, 0xce, 0x59, 0xce, 0x5a, 0xce, 0x59, 0xce, 0x59, 0xce, 0x59, 0xce, 0x59, 0xce,
    0x5a, 0xce, 0x59, 0xce, 0x59, 0xce, 0x59, 0xce, 0x59, 0xce, 0x59, 0xce, 0x59, 0xce, 0x59, 0xce,
    0x59, 0xce, 0x59, 0xce, 0x59, 0xce, 0x59, 0xce, 0x59, 0xce, 0x59, 0xce, 0x5a, 0xce, 0x5a, 0xce,
    0x59, 0xce, 0x59, 0xce, 0x59, 0xce, 0x59, 0xce, 0x59, 0xce, 0x59, 0xce, 0x39, 0xce, 0x59, 0xce,
    0x59, 0xce, 0x59, 0xce, 0x59, 0xce, 0x59, 0xce, 0x59, 0xce, 0x59, 0xce, 0x59, 0xce, 0x5a, 0xce,
    0x5a, 0xce, 0x7a, 0xd6, 0x9e, 0xf7, 0x5a, 0xce, 0x32, 0x84, 0x97, 0xb5, 0xbb, 0xd6, 0xbf, 0xf7,
    0xdb, 0xde, 0x85, 0x31, 0x6a, 0x29, 0x72, 0x21, 0x72, 0x21, 0x28, 0x21, 0x64, 0x29, 0xfc, 0xde,
    0xff, 0xff, 0xbb, 0xde, 0xb8, 0xbd, 0x33, 0x8c, 0x59, 0xce, 0x9e, 0xf7, 0x7a, 0xd6, 0x5a, 0xce,
    0x5a, 0xce, 0x5a, 0xce, 0x5a, 0xce, 0x59, 0xce, 0x59, 0xce, 0x59, 0xce, 0x59, 0xce, 0x59, 0xce,
    0x59, 0xce, 0x59, 0xce, 0x59, 0xce, 0x59, 0xce, 0x59, 0xce, 0x59, 0xce, 0x59, 0xce, 0x5a, 0xce,
    0x5a, 0xce, 0x5a, 0xce, 0x59, 0xce, 0x59, 0xce, 0x59, 0xce, 0x59, 0xce, 0x59, 0xce, 0x59, 0xce,
    0x59, 0xce, 0x59, 0xce, 0x59, 0xce, 0x59, 0xce, 0x59, 0xce, 0x59, 0xce, 0x59, 0xce, 0x59, 0xce,
    0x59, 0xce, 0x59, 0xce, 0x59, 0xce, 0x59, 0xce, 0x59, 0xce, 0x59, 0xce, 0x5a, 0xce, 0x59, 0xce,
    0x59, 0xce, 0x59, 0xce, 0x59, 0xce, 0x59, 0xce, 0x59, 0xce, 0x59, 0xce, 0x59, 0xce, 0x59, 0xce,
    0x59, 0xce, 0x59, 0xce, 0x59, 0xce, 0x59, 0xce, 0x59, 0xce, 0x59, 0xce, 0x59, 0xce, 0x59, 0xce,
    0x59, 0xce, 0x59, 0xce, 0x5a, 0xce, 0x5a, 0xce, 0x5a, 0xce, 0x5a, 0xce, 0x59, 0xce, 0x59, 0xce,
    0x59, 0xce, 0x59, 0xce, 0x59, 0xce, 0x59, 0xce, 0x59, 0xce, 0x59, 0xce, 0x59, 0xce, 0x59, 0xce,
    0x59, 0xce, 0x59, 0xce, 0x59, 0xce, 0x5a, 0xce, 0x5a, 0xce, 0x7a, 0xd6, 0x9e, 0xf7, 0x5a, 0xce,
    0x12, 0x84, 0x97, 0xb5, 0xbb, 0xd6, 0xbe, 0xf7, 0xdb, 0xde, 0x85, 0x31, 0x6a, 0x29, 0x72, 0x21,
    0x72, 0x21, 0x48, 0x21, 0x64, 0x29, 0xfc, 0xde, 0xff, 0xff, 0xbb, 0xde, 0xb8, 0xbd, 0x33, 0x8c,
    0x59, 0xce, 0x9e, 0xf7, 0x7a, 0xd6, 0x5a, 0xce, 0x5a, 0xce, 0x59, 0xce, 0x59, 0xce, 0x59, 0xce,
    0x59, 0xce, 0x59, 0xce, 0x59, 0xce, 0x59, 0xce, 0x59, 0xce, 0x59, 0xce, 0x5a, 0xce, 0x5a, 0xce,
    0x5a, 0xce, 0x59, 0xce, 0x59, 0xce, 0x59, 0xce, 0x5a, 0xce, 0x59, 0xce, 0x59, 0xce, 0x59, 0xce,
    0x59, 0xce, 0x59, 0xce, 0x5a, 0xce, 0x5a, 0xce, 0x5a, 0xce, 0x59, 0xce, 0x59, 0xce, 0x59, 0xce,
    0x59, 0xce, 0x59, 0xce, 0x59, 0xce, 0x59, 0xce, 0x59, 0xce, 0x5a, 0xce, 0x5a, 0xce, 0x59, 0xce,
    0x59, 0xce, 0x59, 0xce, 0x59, 0xce, 0x59, 0xce, 0x59, 0xce, 0x59, 0xce, 0x59, 0xce, 0x59, 0xce,
    0x59, 0xce, 0x59, 0xce, 0x59, 0xce, 0x59, 0xce, 0x59, 0xce, 0x59, 0xce, 0x59, 0xce, 0x59, 0xce,
    0x5a, 0xce, 0x5a, 0xce, 0x59, 0xce, 0x59, 0xce, 0x59, 0xce, 0x59, 0xce, 0x5a, 0xce, 0x5a, 0xce,
    0x59, 0xce, 0x59, 0xce, 0x59, 0xce, 0x59, 0xce, 0x59, 0xce, 0x59, 0xce, 0x59, 0xce, 0x59, 0xce,
    0x59, 0xce, 0x59, 0xce, 0x59, 0xce, 0x59, 0xce, 0x59, 0xce, 0x59, 0xce, 0x59, 0xce, 0x5a, 0xd6,
    0x5a, 0xce, 0x7a, 0xd6, 0x9e, 0xf7, 0x5a, 0xce, 0x32, 0x84, 0xb7, 0xb5, 0xbb, 0xd6, 0xbf, 0xf7,
    0xdb, 0xde, 0x85, 0x31, 0x6a, 0x29, 0x72, 0x21, 0x72, 0x21, 0x28, 0x21, 0x64, 0x29, 0x1c, 0xdf,
    0xff, 0xff, 0xbb, 0xde, 0x97, 0xb5, 0x32, 0x8c, 0x59, 0xce, 0x9e, 0xf7, 0x9a, 0xd6, 0x5a, 0xce,
    0x5a, 0xd6, 0x5a, 0xce, 0x59, 0xce, 0x59, 0xce, 0x59, 0xce, 0x59, 0xce, 0x59, 0xce, 0x59, 0xce,
    0x5a, 0xce, 0x5a, 0xce, 0x5a, 0xce, 0x5a, 0xce, 0x5a, 0xce, 0x5a, 0xce, 0x59, 0xce, 0x59, 0xce,
    0x5a, 0xce, 0x5a, 0xce, 0x59, 0xce, 0x59, 0xce, 0x59, 0xce, 0x59, 0xce, 0x5a, 0xce, 0x5a, 0xce,
    0x59, 0xce, 0x59, 0xce, 0x59, 0xce, 0x59, 0xce, 0x59, 0xce, 0x59, 0xce, 0x59, 0xce, 0x59, 0xce,
    0x59, 0xce, 0x59, 0xce, 0x59, 0xce, 0x59, 0xce, 0x59, 0xce, 0x39, 0xce, 0x59, 0xce, 0x59, 0xce,
    0x59, 0xce, 0x59, 0xce, 0x59, 0xce, 0x59, 0xce, 0x59, 0xce, 0x59, 0xce, 0x59, 0xce, 0x59, 0xce,
    0x59, 0xce, 0x59, 0xce, 0x5a, 0xce, 0x59, 0xce, 0x59, 0xce, 0x59, 0xce, 0x59, 0xce, 0x59, 0xce,
    0x59, 0xce, 0x59, 0xce, 0x59, 0xce, 0x59, 0xce, 0x59, 0xce, 0x59, 0xce, 0x59, 0xce, 0x59, 0xce,
    0x59, 0xce, 0x59, 0xce, 0x59, 0xce, 0x59, 0xce, 0x59, 0xce, 0x59, 0xce, 0x59, 0xce, 0x59, 0xce,
    0x59, 0xce, 0x59, 0xce, 0x59, 0xce, 0x5a, 0xce, 0x5a, 0xce, 0x7a, 0xd6, 0x9e, 0xf7, 0x5a, 0xce,
    0x32, 0x84, 0xb7, 0xb5, 0x9b, 0xd6, 0xbf, 0xf7, 0xdb, 0xde, 0x85, 0x31, 0x6a, 0x29, 0x72, 0x21,
    0x72, 0x21, 0x28, 0x21, 0x65, 0x29, 0x1c, 0xe7, 0xff, 0xff, 0xbb, 0xde, 0xb8, 0xb5, 0x32, 0x8c,
    0x59, 0xce, 0x9e, 0xf7, 0x7a, 0xd6, 0x5a, 0xce, 0x5a, 0xd6, 0x5a, 0xce, 0x59, 0xce, 0x59, 0xce,
    0x59, 0xce, 0x59, 0xce, 0x59, 0xce, 0x59, 0xce, 0x59, 0xce, 0x5a, 0xce, 0x5a, 0xce, 0x5a, 0xce,
    0x5a, 0xce, 0x5a, 0xce, 0x59, 0xce, 0x5a, 0xce, 0x59, 0xce, 0x59, 0xce, 0x59, 0xce, 0x59, 0xce,
    0x59, 0xce, 0x59, 0xce, 0x59, 0xce, 0x59, 0xce, 0x59, 0xce, 0x59, 0xce, 0x59, 0xce, 0x59, 0xce,
    0x59, 0xce, 0x59, 0xce, 0x59, 0xce, 0x59, 0xce, 0x59, 0xce, 0x59, 0xce, 0x59, 0xce, 0x59, 0xce,
    0x59, 0xce, 0x59, 0xce, 0x59, 0xce, 0x59, 0xce, 0x59, 0xce, 0x59, 0xce, 0x59, 0xce, 0x59, 0xce,
    0x59, 0xce, 0x59, 0xce, 0x59, 0xce, 0x59, 0xce, 0x59, 0xce, 0x59, 0xce, 0x5a, 0xce, 0x5a, 0xce,
    0x59, 0xce, 0x59, 0xce, 0x59, 0xce, 0x59, 0xce, 0x59, 0xce, 0x59, 0xce, 0x59, 0xce, 0x59, 0xce,
    0x59, 0xce, 0x59, 0xce, 0x59, 0xce, 0x59, 0xce, 0x5a, 0xce, 0x59, 0xce, 0x59, 0xce, 0x59, 0xce,
    0x59, 0xce, 0x59, 0xce, 0x59, 0xce, 0x59, 0xce, 0x59, 0xce, 0x59, 0xce, 0x59, 0xce, 0x59, 0xce,
    0x5a, 0xce, 0x7a, 0xd6, 0x9e, 0xf7, 0x7a, 0xce, 0x32, 0x8c, 0x97, 0xb5, 0x9b, 0xd6, 0xbf, 0xff,
    0xdb, 0xde, 0x85, 0x31, 0x69, 0x29, 0x72, 0x21, 0x72, 0x21, 0x48, 0x21, 0x65, 0x29, 0xfc, 0xde,
    0xff, 0xff, 0xbb, 0xde, 0xb8, 0xbd, 0x32, 0x8c, 0x59, 0xce, 0x9e, 0xf7, 0x7a, 0xd6, 0x5a, 0xce,
    0x5a, 0xce, 0x59, 0xce, 0x59, 0xce, 0x59, 0xce, 0x59, 0xce, 0x59, 0xce, 0x59, 0xce, 0x59, 0xce,
    0x59, 0xce, 0x5a, 0xce, 0x5a, 0xce, 0x59, 0xce, 0x59, 0xce, 0x59, 0xce, 0x59, 0xce, 0x59, 0xce,
    0x59, 0xce, 0x5a, 0xce, 0x59, 0xce, 0x5a, 0xce, 0x5a, 0xce, 0x5a, 0xd6, 0x59, 0xce, 0x59, 0xce,
    0x5a, 0xce, 0x59, 0xce, 0x59, 0xce, 0x59, 0xce, 0x59, 0xce, 0x59, 0xce, 0x59, 0xce, 0x59, 0xce,
    0x59, 0xce, 0x59, 0xce, 0x59, 0xce, 0x59, 0xce, 0x59, 0xce, 0x59, 0xce, 0x59, 0xce, 0x59, 0xce,
    0x59, 0xce, 0x59, 0xce, 0x59, 0xce, 0x59, 0xce, 0x59, 0xce, 0x59, 0xce, 0x59, 0xce, 0x59, 0xce,
    0x59, 0xce, 0x59, 0xce, 0x59, 0xce, 0x59, 0xce, 0x5a, 0xce, 0x59, 0xce, 0x59, 0xce, 0x59, 0xce,
    0x59, 0xce, 0x5a, 0xce, 0x59, 0xce, 0x59, 0xce, 0x5a, 0xce, 0x59, 0xce, 0x59, 0xce, 0x59, 0xce,
    0x5a, 0xce, 0x59, 0xce, 0x59, 0xce, 0x59, 0xce, 0x59, 0xce, 0x59, 0xce, 0x59, 0xce, 0x59, 0xce,
    0x59, 0xce, 0x59, 0xce, 0x59, 0xce, 0x59, 0xce, 0x59, 0xce, 0x7a, 0xd6, 0x9e, 0xf7, 0x5a, 0xce,
    0x32, 0x8c, 0x97, 0xb5, 0x9b, 0xd6, 0xbf, 0xff, 0xfb, 0xde, 0x85, 0x31, 0x69, 0x21, 0x72, 0x21,
    0x72, 0x21, 0x28, 0x21, 0x65, 0x29, 0x1c, 0xdf, 0xff, 0xff, 0xbb, 0xde, 0xb8, 0xbd, 0x32, 0x8c,
    0x59, 0xce, 0x9e, 0xf7, 0x7a, 0xd6, 0x5a, 0xce, 0x5a, 0xce, 0x59, 0xce, 0x5a, 0xce, 0x59, 0xce,
    0x5a, 0xce, 0x5a, 0xce, 0x5a, 0xce, 0x59, 0xce, 0x59, 0xce, 0x59, 0xce, 0x5a, 0xce, 0x59, 0xce,
    0x59, 0xce, 0x59, 0xce, 0x59, 0xce, 0x59, 0xce, 0x59, 0xce, 0x59, 0xce, 0x5a, 0xce, 0x5a, 0xce,
    0x5a, 0xd6, 0x5a, 0xce, 0x5a, 0xce, 0x59, 0xce, 0x59, 0xce, 0x59, 0xce, 0x59, 0xce, 0x59, 0xce,
    0x59, 0xce, 0x59, 0xce, 0x59, 0xce, 0x59, 0xce, 0x59, 0xce, 0x59, 0xce, 0x59, 0xce, 0x59, 0xce,
    0x59, 0xce, 0x59, 0xce, 0x59, 0xce, 0x59, 0xce, 0x59, 0xce, 0x59, 0xce, 0x59, 0xce, 0x59, 0xce,
    0x59, 0xce, 0x59, 0xce, 0x59, 0xce, 0x59, 0xce, 0x59, 0xce, 0x59, 0xce, 0x59, 0xce, 0x59, 0xce,
    0x59, 0xce, 0x59, 0xce, 0x59, 0xce, 0x5a, 0xce, 0x59, 0xce, 0x59, 0xce, 0x59, 0xce, 0x59, 0xce,
    0x59, 0xce, 0x59, 0xce, 0x59, 0xce, 0x59, 0xce, 0x59, 0xce, 0x59, 0xce, 0x59, 0xce, 0x59, 0xce,
    0x59, 0xce, 0x59, 0xce, 0x59, 0xce, 0x59, 0xce, 0x59, 0xce, 0x59, 0xce, 0x59, 0xce, 0x5a, 0xce,
    0x59, 0xce, 0x7a, 0xd6, 0x9e, 0xf7, 0x5a, 0xce, 0x32, 0x8c, 0xb7, 0xb5, 0x9b, 0xd6, 0xbf, 0xff,
    0xfb, 0xde, 0x85, 0x31, 0x69, 0x21, 0x72, 0x21, 0x72, 0x21, 0x28, 0x21, 0x64, 0x29, 0x1c, 0xdf,
    0xff, 0xff, 0xbb, 0xde, 0xb8, 0xbd, 0x32, 0x8c, 0x59, 0xce, 0x9e, 0xf7, 0x9a, 0xd6, 0x5a, 0xd6,
    0x5a, 0xd6, 0x5a, 0xce, 0x5a, 0xce, 0x59, 0xce, 0x59, 0xce, 0x5a, 0xce, 0x5a, 0xce, 0x5a, 0xce,
    0x5a, 0xce, 0x59, 0xce, 0x59, 0xce, 0x59, 0xce, 0x59, 0xce, 0x59, 0xce, 0x59, 0xce, 0x59, 0xce,
    0x59, 0xce, 0x59, 0xce, 0x59, 0xce, 0x5a, 0xce, 0x5a, 0xce, 0x59, 0xce, 0x5a, 0xce, 0x59, 0xce,
    0x59, 0xce, 0x59, 0xce, 0x59, 0xce, 0x59, 0xce, 0x59, 0xce, 0x59, 0xce, 0x59, 0xce, 0x59, 0xce,
    0x59, 0xce, 0x59, 0xce, 0x59, 0xce, 0x59, 0xce, 0x59, 0xce, 0x59, 0xce, 0x59, 0xce, 0x59, 0xce,
    0x59, 0xce, 0x59, 0xce, 0x59, 0xce, 0x59, 0xce, 0x59, 0xce, 0x59, 0xce, 0x59, 0xce, 0x59, 0xce,
    0x59, 0xce, 0x59, 0xce, 0x59, 0xce, 0x59, 0xce, 0x59, 0xce, 0x59, 0xce, 0x59, 0xce, 0x59, 0xce,
    0x59, 0xce, 0x59, 0xce, 0x59, 0xce, 0x59, 0xce, 0x59, 0xce, 0x59, 0xce, 0x59, 0xce, 0x59, 0xce,
    0x59, 0xce, 0x59, 0xce, 0x59, 0xce, 0x59, 0xce, 0x59, 0xce, 0x59, 0xce, 0x59, 0xce, 0x59, 0xce,
    0x59, 0xce, 0x59, 0xce, 0x5a, 0xce, 0x5a, 0xce, 0x5a, 0xce, 0x7a, 0xd6, 0x9e, 0xf7, 0x5a, 0xce,
    0x32, 0x8c, 0x97, 0xb5, 0x9b, 0xd6, 0xbf, 0xff, 0xfb, 0xde, 0x85, 0x31, 0x69, 0x29, 0x72, 0x21,
    0x72, 0x21, 0x28, 0x21, 0x64, 0x29, 0xfc, 0xde, 0xff, 0xff, 0xbb, 0xde, 0xb8, 0xbd, 0x32, 0x8c,
    0x59, 0xce, 0x9e, 0xf7, 0x9a, 0xd6, 0x5a, 0xce, 0x5a, 0xce, 0x5a, 0xce, 0x5a, 0xce, 0x59, 0xce,
    0x59, 0xce, 0x59, 0xce, 0x59, 0xce, 0x5a, 0xce, 0x5a, 0xce, 0x59, 0xce, 0x59, 0xce, 0x59, 0xce,
    0x59, 0xce, 0x59, 0xce, 0x59, 0xce, 0x59, 0xce, 0x59, 0xce, 0x59, 0xce, 0x59, 0xce, 0x59, 0xce,
    0x59, 0xce, 0x59, 0xce, 0x59, 0xce, 0x59, 0xce, 0x59, 0xce, 0x59, 0xce, 0x39, 0xce, 0x59, 0xce,
    0x59, 0xce, 0x59, 0xce, 0x59, 0xce, 0x59, 0xce, 0x59, 0xce, 0x59, 0xce, 0x59, 0xce, 0x59, 0xce,
    0x59, 0xce, 0x59, 0xce, 0x59, 0xce, 0x59, 0xce, 0x59, 0xce, 0x59, 0xce, 0x59, 0xce, 0x59, 0xce,
    0x59, 0xce, 0x5a, 0xce, 0x59, 0xce, 0x59, 0xce, 0x59, 0xce, 0x59, 0xce, 0x59, 0xce, 0x59, 0xce,
    0x59, 0xce, 0x5a, 0xce, 0x59, 0xce, 0x59, 0xce, 0x59, 0xce, 0x39, 0xce, 0x39, 0xce, 0x39, 0xce,
    0x59, 0xce, 0x59, 0xce, 0x59, 0xce, 0x39, 0xce, 0x59, 0xce, 0x59, 0xce, 0x59, 0xce, 0x59, 0xce,
    0x59, 0xce, 0x59, 0xce, 0x59, 0xce, 0x59, 0xce, 0x59, 0xce, 0x59, 0xce, 0x5a, 0xce, 0x5a, 0xce,
    0x5a, 0xce, 0x7a, 0xd6, 0x9e, 0xf7, 0x5a, 0xce, 0x32, 0x8c, 0xb7, 0xb5, 0x9b, 0xd6, 0xbf, 0xf7,
    0xfb, 0xde, 0xa5, 0x31, 0x6a, 0x29, 0x72, 0x21, 0x72, 0x21, 0x48, 0x21, 0x65, 0x29, 0x1c, 0xdf,
    0xff, 0xff, 0xbb, 0xde, 0xb8, 0xb5, 0x32, 0x8c, 0x5a, 0xce, 0x9e, 0xf7, 0x9a, 0xd6, 0x7a, 0xce,
    0x7a, 0xce, 0x5a, 0xd6, 0x5a, 0xd6, 0x5a, 0xce, 0x59, 0xce, 0x59, 0xce, 0x5a, 0xce, 0x5a, 0xce,
    0x59, 0xce, 0x59, 0xce, 0x59, 0xce, 0x59, 0xce, 0x59, 0xce, 0x59, 0xce, 0x59, 0xce, 0x59, 0xce,
    0x59, 0xce, 0x59, 0xce, 0x59, 0xce, 0x59, 0xce, 0x59, 0xce, 0x59, 0xce, 0x59, 0xce, 0x59, 0xce,
    0x59, 0xce, 0x59, 0xce, 0x59, 0xce, 0x59, 0xce, 0x59, 0xce, 0x59, 0xce, 0x59, 0xce, 0x59, 0xce,
    0x59, 0xce, 0x59, 0xce, 0x59, 0xce, 0x59, 0xce, 0x59, 0xce, 0x59, 0xce, 0x59, 0xce, 0x59, 0xce,
    0x59, 0xce, 0x59, 0xce, 0x59, 0xce, 0x5a, 0xce, 0x59, 0xce, 0x5a, 0xce, 0x59, 0xce, 0x59, 0xce,
    0x59, 0xce, 0x59, 0xce, 0x59, 0xce, 0x59, 0xce, 0x59, 0xce, 0x5a, 0xce, 0x59, 0xce, 0x59, 0xce,
    0x59, 0xce, 0x59, 0xce, 0x59, 0xce, 0x39, 0xce, 0x59, 0xce, 0x5a, 0xce, 0x59, 0xce, 0x39, 0xce,
    0x59, 0xce, 0x59, 0xce, 0x59, 0xce, 0x59, 0xce, 0x59, 0xce, 0x5a, 0xce, 0x59, 0xce, 0x59, 0xce,
    0x59, 0xce, 0x59, 0xce, 0x5a, 0xce, 0x5a, 0xce, 0x5a, 0xce, 0x7a, 0xd6, 0x9e, 0xf7, 0x5a, 0xce,
    0x32, 0x8c, 0xb7, 0xb5, 0x9b, 0xd6, 0xbf, 0xf7, 0xfb, 0xde, 0xa5, 0x31, 0x6a, 0x29, 0x72, 0x21,
    0x72, 0x21, 0x48, 0x21, 0x65, 0x31, 0x1c, 0xe7, 0xff, 0xff, 0xdb, 0xde, 0xb8, 0xbd, 0x32, 0x84,
    0x5a, 0xce, 0x9e, 0xf7, 0x9a, 0xd6, 0x7a, 0xce, 0x7a, 0xce, 0x5a, 0xce, 0x59, 0xce, 0x59, 0xce,
    0x59, 0xce, 0x39, 0xce, 0x59, 0xce, 0x5a, 0xce, 0x59, 0xce, 0x59, 0xce, 0x5a, 0xce, 0x59, 0xce,
    0x59, 0xce, 0x59, 0xce, 0x59, 0xce, 0x59, 0xce, 0x59, 0xce, 0x59, 0xce, 0x59, 0xce, 0x59, 0xce,
    0x5a, 0xce, 0x5a, 0xce, 0x59, 0xce, 0x59, 0xce, 0x59, 0xce, 0x59, 0xce, 0x59, 0xce, 0x59, 0xce,
    0x59, 0xce, 0x59, 0xce, 0x59, 0xce, 0x59, 0xce, 0x59, 0xce, 0x59, 0xce, 0x59, 0xce, 0x59, 0xce,
    0x59, 0xce, 0x59, 0xce, 0x59, 0xce, 0x59, 0xce, 0x59, 0xce, 0x59, 0xce, 0x59, 0xce, 0x59, 0xce,
    0x59, 0xce, 0x59, 0xce, 0x59, 0xce, 0x59, 0xce, 0x59, 0xce, 0x59, 0xce, 0x59, 0xce, 0x59, 0xce,
    0x5a, 0xce, 0x5a, 0xce, 0x59, 0xce, 0x59, 0xce, 0x59, 0xce, 0x59, 0xce, 0x59, 0xce, 0x59, 0xce,
    0x59, 0xce, 0x59, 0xce, 0x59, 0xce, 0x59, 0xce, 0x59, 0xce, 0x59, 0xce, 0x59, 0xce, 0x59, 0xce,
    0x59, 0xce, 0x5a, 0xce, 0x59, 0xce, 0x59, 0xce, 0x59, 0xce, 0x5a, 0xce, 0x5a, 0xce, 0x5a, 0xce,
    0x5a, 0xce, 0x7a, 0xd6, 0x9e, 0xf7, 0x5a, 0xce, 0x32, 0x8c, 0x97, 0xb5, 0x9b, 0xd6, 0xbf, 0xff,
    0xfb, 0xde, 0x85, 0x31, 0x6a, 0x29, 0x72, 0x21, 0x72, 0x21, 0x48, 0x21, 0x65, 0x31, 0x1c, 0xe7,
    0xff, 0xff, 0xdb, 0xde, 0xb8, 0xb5, 0x12, 0x84, 0x39, 0xce, 0x9e, 0xf7, 0x9a, 0xd6, 0x5a, 0xce,
    0x7a, 0xce, 0x59, 0xce, 0x59, 0xce, 0x59, 0xce, 0x59, 0xce, 0x59, 0xce, 0x59, 0xce, 0x5a, 0xce,
    0x5a, 0xce, 0x5a, 0xce, 0x5a, 0xce, 0x59, 0xce, 0x59, 0xce, 0x59, 0xce, 0x59, 0xce, 0x59, 0xce,
    0x59, 0xce, 0x59, 0xce, 0x59, 0xce, 0x5a, 0xce, 0x5a, 0xce, 0x5a, 0xce, 0x5a, 0xce, 0x59, 0xce,
    0x59, 0xce, 0x59, 0xce, 0x59, 0xce, 0x59, 0xce, 0x59, 0xce, 0x59, 0xce, 0x59, 0xce, 0x59, 0xce,
    0x59, 0xce, 0x39, 0xce, 0x59, 0xce, 0x59, 0xce, 0x59, 0xce, 0x59, 0xce, 0x59, 0xce, 0x59, 0xce,
    0x59, 0xce, 0x59, 0xce, 0x59, 0xce, 0x59, 0xce, 0x39, 0xce, 0x59, 0xce, 0x59, 0xce, 0x59, 0xce,
    0x59, 0xce, 0x59, 0xce, 0x59, 0xce, 0x59, 0xce, 0x59, 0xce, 0x59, 0xce, 0x59, 0xce, 0x59, 0xce,
    0x59, 0xce, 0x59, 0xce, 0x59, 0xce, 0x59, 0xce, 0x59, 0xce, 0x59, 0xce, 0x59, 0xce, 0x59, 0xce,
    0x59, 0xce, 0x59, 0xce, 0x59, 0xce, 0x59, 0xce, 0x59, 0xce, 0x59, 0xce, 0x59, 0xce, 0x59, 0xce,
    0x59, 0xce, 0x5a, 0xce, 0x59, 0xce, 0x5a, 0xce, 0x59, 0xce, 0x7a, 0xd6, 0x9d, 0xf7, 0x5a, 0xce,
    0x32, 0x8c, 0xb7, 0xb5, 0x9b, 0xd6, 0xbf, 0xff, 0xfb, 0xde, 0x85, 0x31, 0x69, 0x29, 0x72, 0x21,
    0x72, 0x21, 0x48, 0x21, 0x65, 0x31, 0xfc, 0xde, 0xff, 0xff, 0xbb, 0xde, 0x97, 0xb5, 0x12, 0x84,
    0x39, 0xce, 0x9e, 0xf7, 0x9a, 0xd6, 0x5a, 0xce, 0x7a, 0xd6, 0x5a, 0xce, 0x59, 0xce, 0x59, 0xce,
    0x59, 0xce, 0x59, 0xce, 0x59, 0xce, 0x59, 0xce, 0x5a, 0xce, 0x59, 0xce, 0x59, 0xce, 0x5a, 0xce,
    0x5a, 0xce, 0x5a, 0xce, 0x59, 0xce, 0x59, 0xce, 0x59, 0xce, 0x59, 0xce, 0x5a, 0xce, 0x5a, 0xd6,
    0x5a, 0xce, 0x5a, 0xce, 0x59, 0xce, 0x59, 0xce, 0x59, 0xce, 0x59, 0xce, 0x59, 0xce, 0x59, 0xce,
    0x59, 0xce, 0x59, 0xce, 0x59, 0xce, 0x59, 0xce, 0x59, 0xce, 0x59, 0xce, 0x59, 0xce, 0x59, 0xce,
    0x59, 0xce, 0x59, 0xce, 0x59, 0xce, 0x59, 0xce, 0x59, 0xce, 0x59, 0xce, 0x59, 0xce, 0x59, 0xce,
    0x39, 0xce, 0x59, 0xce, 0x59, 0xce, 0x59, 0xce, 0x59, 0xce, 0x59, 0xce, 0x59, 0xce, 0x59, 0xce,
    0x59, 0xce, 0x59, 0xce, 0x59, 0xce, 0x59, 0xce, 0x39, 0xce, 0x39, 0xce, 0x39, 0xce, 0x59, 0xce,
    0x59, 0xce, 0x59, 0xce, 0x59, 0xce, 0x59, 0xce, 0x59, 0xce, 0x59, 0xce, 0x59, 0xce, 0x59, 0xce,
    0x59, 0xce, 0x59, 0xce, 0x59, 0xce, 0x59, 0xce, 0x59, 0xce, 0x59, 0xce, 0x59, 0xce, 0x5a, 0xce,
    0x59, 0xce, 0x7a, 0xd6, 0x9e, 0xf7, 0x5a, 0xce, 0x32, 0x8c, 0xb7, 0xb5, 0x9a, 0xd6, 0xdf, 0xff,
    0xfb, 0xde, 0xa5, 0x31, 0x69, 0x29, 0x72, 0x21, 0x72, 0x21, 0x49, 0x21, 0x65, 0x31, 0xfc, 0xde,
    0xff, 0xff, 0xbb, 0xde, 0xb7, 0xb5, 0x12, 0x84, 0x59, 0xce, 0x9e, 0xf7, 0x9a, 0xd6, 0x5a, 0xce,
    0x7a, 0xd6, 0x5a, 0xd6, 0x5a, 0xce, 0x59, 0xce, 0x59, 0xce, 0x59, 0xce, 0x59, 0xce, 0x59, 0xce,
    0x59, 0xce, 0x59, 0xce, 0x59, 0xce, 0x5a, 0xce, 0x5a, 0xce, 0x5a, 0xce, 0x59, 0xce, 0x59, 0xce,
    0x59, 0xce, 0x59, 0xce, 0x59, 0xce, 0x59, 0xce, 0x59, 0xce, 0x59, 0xce, 0x59, 0xce, 0x59, 0xce,
    0x59, 0xce, 0x59, 0xce, 0x59, 0xce, 0x59, 0xce, 0x59, 0xce, 0x59, 0xce, 0x59, 0xce, 0x59, 0xce,
    0x59, 0xce, 0x59, 0xce, 0x59, 0xce, 0x59, 0xce, 0x59, 0xce, 0x59, 0xce, 0x59, 0xce, 0x59, 0xce,
    0x59, 0xce, 0x59, 0xce, 0x59, 0xce, 0x59, 0xce, 0x59, 0xce, 0x59, 0xce, 0x59, 0xce, 0x59, 0xce,
    0x59, 0xce, 0x59, 0xce, 0x59, 0xce, 0x59, 0xce, 0x59, 0xce, 0x59, 0xce, 0x59, 0xce, 0x39, 0xce,
    0x59, 0xce, 0x39, 0xce, 0x59, 0xce, 0x59, 0xce, 0x59, 0xce, 0x59, 0xce, 0x59, 0xce, 0x59, 0xce,
    0x59, 0xce, 0x59, 0xce, 0x59, 0xce, 0x59, 0xce, 0x59, 0xce, 0x59, 0xce, 0x59, 0xce, 0x59, 0xce,
    0x59, 0xce, 0x59, 0xce, 0x59, 0xce, 0x59, 0xce, 0x59, 0xce, 0x7a, 0xd6, 0x9e, 0xf7, 0x7a, 0xce,
    0x32, 0x84, 0x97, 0xb5, 0x9a, 0xd6, 0xdf, 0xff, 0xfb, 0xde, 0x85, 0x31, 0x69, 0x29, 0x72, 0x21,
    0x72, 0x21, 0x48, 0x21, 0x65, 0x29, 0xfc, 0xde, 0xff, 0xff, 0xdb, 0xde, 0xb8, 0xb5, 0x12, 0x84,
    0x59, 0xce, 0x9e, 0xf7, 0x9a, 0xd6, 0x5a, 0xce, 0x7a, 0xd6, 0x5a, 0xd6, 0x5a, 0xce, 0x5a, 0xce,
    0x59, 0xce, 0x59, 0xce, 0x59, 0xce, 0x59, 0xce, 0x59, 0xce, 0x59, 0xce, 0x59, 0xce, 0x59, 0xce,
    0x59, 0xce, 0x5a, 0xce, 0x59, 0xce, 0x59, 0xce, 0x59, 0xce, 0x59, 0xce, 0x59, 0xce, 0x59, 0xce,
    0x59, 0xce, 0x59, 0xce, 0x59, 0xce, 0x59, 0xce, 0x59, 0xce, 0x59, 0xce, 0x59, 0xce, 0x59, 0xce,
    0x59, 0xce, 0x59, 0xce, 0x59, 0xce, 0x59, 0xce, 0x59, 0xce, 0x59, 0xce, 0x59, 0xce, 0x59, 0xce,
    0x59, 0xce, 0x59, 0xce, 0x59, 0xce, 0x59, 0xce, 0x59, 0xce, 0x59, 0xce, 0x59, 0xce, 0x59, 0xce,
    0x59, 0xce, 0x59, 0xce, 0x59, 0xce, 0x59, 0xce, 0x59, 0xce, 0x59, 0xce, 0x59, 0xce, 0x39, 0xce,
    0x59, 0xce, 0x59, 0xce, 0x59, 0xce, 0x59, 0xce, 0x59, 0xce, 0x59, 0xce, 0x59, 0xce, 0x59, 0xce,
    0x59, 0xce, 0x59, 0xce, 0x59, 0xce, 0x59, 0xce, 0x59, 0xce, 0x59, 0xce, 0x59, 0xce, 0x59, 0xce,
    0x59, 0xce, 0x59, 0xce, 0x59, 0xce, 0x59, 0xce, 0x59, 0xce, 0x59, 0xce, 0x5a, 0xce, 0x59, 0xce,
    0x59, 0xce, 0x7a, 0xd6, 0x9e, 0xf7, 0x5a, 0xce, 0x33, 0x8c, 0x97, 0xb5, 0x9b, 0xd6, 0xdf, 0xff,
    0xfb, 0xde, 0x85, 0x31, 0x6a, 0x29, 0x72, 0x21, 0x72, 0x21, 0x49, 0x21, 0x65, 0x29, 0xfc, 0xde,
    0xff, 0xff, 0xdb, 0xde, 0x97, 0xb5, 0x12, 0x84, 0x39, 0xce, 0x9e, 0xf7, 0x7a, 0xd6, 0x5a, 0xce,
    0x5a, 0xd6, 0x59, 0xce, 0x5a, 0xce, 0x59, 0xce, 0x59, 0xce, 0x59, 0xce, 0x5a, 0xce, 0x5a, 0xce,
    0x59, 0xce, 0x59, 0xce, 0x59, 0xce, 0x59, 0xce, 0x59, 0xce, 0x59, 0xce, 0x59, 0xce, 0x59, 0xce,
    0x59, 0xce, 0x5a, 0xce, 0x59, 0xce, 0x59, 0xce, 0x59, 0xce, 0x59, 0xce, 0x59, 0xce, 0x59, 0xce,
    0x59, 0xce, 0x59, 0xce, 0x5a, 0xce, 0x59, 0xce, 0x59, 0xce, 0x59, 0xce, 0x5a, 0xce, 0x59, 0xce,
    0x59, 0xce, 0x59, 0xce, 0x59, 0xce, 0x59, 0xce, 0x59, 0xce, 0x59, 0xce, 0x59, 0xce, 0x59, 0xce,
    0x59, 0xce, 0x59, 0xce, 0x59, 0xce, 0x59, 0xce, 0x5a, 0xce, 0x59, 0xce, 0x59, 0xce, 0x59, 0xce,
    0x59, 0xce, 0x59, 0xce, 0x59, 0xce, 0x59, 0xce, 0x59, 0xce, 0x59, 0xce, 0x59, 0xce, 0x59, 0xce,
    0x39, 0xce, 0x59, 0xce, 0x59, 0xce, 0x59, 0xce, 0x59, 0xce, 0x59, 0xce, 0x59, 0xce, 0x59, 0xce,
    0x59, 0xce, 0x59, 0xce, 0x59, 0xce, 0x59, 0xce, 0x59, 0xce, 0x59, 0xce, 0x5a, 0xce, 0x59, 0xce,
    0x59, 0xce, 0x59, 0xce, 0x59, 0xce, 0x5a, 0xce, 0x59, 0xce, 0x7a, 0xd6, 0x9e, 0xf7, 0x5a, 0xce,
    0x32, 0x8c, 0xb7, 0xb5, 0x9b, 0xd6, 0xdf, 0xff, 0xfb, 0xde, 0x85, 0x31, 0x6a, 0x29, 0x72, 0x21,
    0x72, 0x21, 0x48, 0x21, 0x64, 0x29, 0xfb, 0xde, 0xff, 0xff, 0xbb, 0xde, 0x97, 0xb5, 0x12, 0x84,
    0x59, 0xce, 0x9e, 0xf7, 0x9a, 0xd6, 0x5a, 0xce, 0x5a, 0xd6, 0x59, 0xce, 0x5a, 0xce, 0x59, 0xce,
    0x59, 0xce, 0x5a, 0xce, 0x5a, 0xce, 0x5a, 0xce, 0x5a, 0xce, 0x59, 0xce, 0x59, 0xce, 0x5a, 0xce,
    0x59, 0xce, 0x59, 0xce, 0x59, 0xce, 0x59, 0xce, 0x5a, 0xce, 0x5a, 0xce, 0x5a, 0xce, 0x59, 0xce,
    0x59, 0xce, 0x59, 0xce, 0x5a, 0xce, 0x5a, 0xce, 0x59, 0xce, 0x59, 0xce, 0x5a, 0xce, 0x5a, 0xce,
    0x59, 0xce, 0x59, 0xce, 0x59, 0xce, 0x59, 0xce, 0x59, 0xce, 0x59, 0xce, 0x59, 0xce, 0x59, 0xce,
    0x59, 0xce, 0x59, 0xce, 0x59, 0xce, 0x59, 0xce, 0x5a, 0xce, 0x59, 0xce, 0x59, 0xce, 0x59, 0xce,
    0x5a, 0xce, 0x59, 0xce, 0x59, 0xce, 0x59, 0xce, 0x59, 0xce, 0x59, 0xce, 0x59, 0xce, 0x59, 0xce,
    0x59, 0xce, 0x59, 0xce, 0x59, 0xce, 0x59, 0xce, 0x59, 0xce, 0x59, 0xce, 0x59, 0xce, 0x59, 0xce,
    0x59, 0xce, 0x59, 0xce, 0x59, 0xce, 0x59, 0xce, 0x59, 0xce, 0x59, 0xce, 0x59, 0xce, 0x59, 0xce,
    0x5a, 0xce, 0x59, 0xce, 0x59, 0xce, 0x59, 0xce, 0x59, 0xce, 0x59, 0xce, 0x59, 0xce, 0x5a, 0xce,
    0x5a, 0xce, 0x7a, 0xd6, 0x9e, 0xf7, 0x5a, 0xce, 0x32, 0x8c, 0xb7, 0xb5, 0x9b, 0xd6, 0xdf, 0xff,
    0xfb, 0xde, 0x85, 0x31, 0x6a, 0x29, 0x72, 0x21, 0x72, 0x21, 0x48, 0x21, 0x65, 0x29, 0xfc, 0xde,
    0xff, 0xff, 0xbb, 0xde, 0xb8, 0xb5, 0x12, 0x84, 0x59, 0xce, 0x9e, 0xf7, 0x9a, 0xd6, 0x7a, 0xd6,
    0x7a, 0xd6, 0x5a, 0xd6, 0x5a, 0xce, 0x59, 0xce, 0x59, 0xce, 0x5a, 0xce, 0x5a, 0xce, 0x5a, 0xce,
    0x5a, 0xce, 0x59, 0xce, 0x5a, 0xce, 0x5a, 0xce, 0x5a, 0xce, 0x5a, 0xce, 0x59, 0xce, 0x5a, 0xce,
    0x5a, 0xd6, 0x5a, 0xce, 0x59, 0xce, 0x59, 0xce, 0x59, 0xce, 0x5a, 0xce, 0x5a, 0xce, 0x5a, 0xce,
    0x5a, 0xce, 0x5a, 0xce, 0x5a, 0xce, 0x5a, 0xce, 0x59, 0xce, 0x59, 0xce, 0x59, 0xce, 0x59, 0xce,
    0x59, 0xce, 0x59, 0xce, 0x59, 0xce, 0x59, 0xce, 0x59, 0xce, 0x59, 0xce, 0x59, 0xce, 0x5a, 0xce,
    0x5a, 0xce, 0x59, 0xce, 0x5a, 0xce, 0x59, 0xce, 0x59, 0xce, 0x59, 0xce, 0x59, 0xce, 0x59, 0xce,
    0x59, 0xce, 0x59, 0xce, 0x59, 0xce, 0x59, 0xce, 0x5a, 0xce, 0x59, 0xce, 0x59, 0xce, 0x59, 0xce,
    0x59, 0xce, 0x59, 0xce, 0x59, 0xce, 0x59, 0xce, 0x59, 0xce, 0x59, 0xce, 0x59, 0xce, 0x59, 0xce,
    0x59, 0xce, 0x59, 0xce, 0x59, 0xce, 0x59, 0xce, 0x59, 0xce, 0x59, 0xce, 0x5a, 0xce, 0x59, 0xce,
    0x59, 0xce, 0x59, 0xce, 0x5a, 0xce, 0x5a, 0xd6, 0x7a, 0xd6, 0x9a, 0xd6, 0x9d, 0xf7, 0x5a, 0xce,
    0x32, 0x84, 0x97, 0xb5, 0x9b, 0xd6, 0xdf, 0xff, 0xfb, 0xde, 0x85, 0x31, 0x69, 0x21, 0x72, 0x21,
    0x72, 0x21, 0x48, 0x21, 0x65, 0x29, 0xfc, 0xde, 0xff, 0xff, 0xdb, 0xde, 0xb8, 0xbd, 0x12, 0x84,
    0x7a, 0xce, 0xdf, 0xff, 0x9b, 0xd6, 0x5a, 0xce, 0x7a, 0xd6, 0x7a, 0xce, 0x5a, 0xce, 0x5a, 0xce,
    0x5a, 0xce, 0x5a, 0xce, 0x5a, 0xce, 0x5a, 0xd6, 0x5a, 0xce, 0x5a, 0xd6, 0x5a, 0xce, 0x5a, 0xce,
    0x5a, 0xce, 0x5a, 0xce, 0x5a, 0xd6, 0x5a, 0xce, 0x5a, 0xd6, 0x5a, 0xce, 0x5a, 0xce, 0x59, 0xce,
    0x5a, 0xce, 0x5a, 0xce, 0x5a, 0xce, 0x59, 0xce, 0x59, 0xce, 0x59, 0xce, 0x5a, 0xce, 0x5a, 0xce,
    0x5a, 0xce, 0x5a, 0xce, 0x59, 0xce, 0x59, 0xce, 0x59, 0xce, 0x59, 0xce, 0x59, 0xce, 0x59, 0xce,
    0x59, 0xce, 0x5a, 0xce, 0x5a, 0xce, 0x5a, 0xce, 0x59, 0xce, 0x59, 0xce, 0x5a, 0xce, 0x59, 0xce,
    0x59, 0xce, 0x59, 0xce, 0x59, 0xce, 0x59, 0xce, 0x59, 0xce, 0x59, 0xce, 0x5a, 0xce, 0x59, 0xce,
    0x5a, 0xce, 0x5a, 0xce, 0x59, 0xce, 0x5a, 0xce, 0x5a, 0xce, 0x59, 0xce, 0x59, 0xce, 0x5a, 0xce,
    0x5a, 0xce, 0x59, 0xce, 0x59, 0xce, 0x5a, 0xce, 0x59, 0xce, 0x59, 0xce, 0x59, 0xce, 0x59, 0xce,
    0x59, 0xce, 0x59, 0xce, 0x59, 0xce, 0x59, 0xce, 0x59, 0xce, 0x59, 0xce, 0x5a, 0xd6, 0x7a, 0xd6,
    0x5a, 0xce, 0x7a, 0xd6, 0xdf, 0xff, 0x7a, 0xce, 0x32, 0x84, 0xb7, 0xb5, 0x9b, 0xd6, 0xdf, 0xff,
    0xfb, 0xde, 0x85, 0x31, 0x69, 0x21, 0x72, 0x21, 0x72, 0x21, 0x48, 0x21, 0x65, 0x29, 0xfc, 0xde,
    0xff, 0xff, 0xdb, 0xde, 0xb7, 0xb5, 0x33, 0x8c, 0x76, 0xad, 0xd8, 0xbd, 0xfc, 0xde, 0xfc, 0xe6,
    0x7a, 0xd6, 0x7a, 0xce, 0x7a, 0xce, 0x7a, 0xce, 0x5a, 0xce, 0x5a, 0xce, 0x5a, 0xce, 0x7a, 0xd6,
    0x5a, 0xd6, 0x5a, 0xd6, 0x5a, 0xd6, 0x5a, 0xd6, 0x5a, 0xd6, 0x7a, 0xd6, 0x5a, 0xd6, 0x5a, 0xce,
    0x5a, 0xd6, 0x5a, 0xce, 0x5a, 0xce, 0x5a, 0xd6, 0x5a, 0xd6, 0x5a, 0xd6, 0x5a, 0xd6, 0x5a, 0xce,
    0x5a, 0xce, 0x5a, 0xd6, 0x7a, 0xce, 0x7a, 0xce, 0x5a, 0xce, 0x5a, 0xce, 0x5a, 0xd6, 0x5a, 0xd6,
    0x5a, 0xce, 0x5a, 0xce, 0x5a, 0xce, 0x5a, 0xce, 0x5a, 0xce, 0x5a, 0xce, 0x5a, 0xd6, 0x5a, 0xce,
    0x5a, 0xce, 0x5a, 0xce, 0x5a, 0xce, 0x5a, 0xce, 0x5a, 0xce, 0x5a, 0xce, 0x5a, 0xce, 0x5a, 0xce,
    0x5a, 0xce, 0x5a, 0xce, 0x5a, 0xce, 0x5a, 0xd6, 0x7a, 0xce, 0x5a, 0xce, 0x5a, 0xce, 0x5a, 0xce,
    0x5a, 0xce, 0x5a, 0xce, 0x5a, 0xce, 0x5a, 0xd6, 0x5a, 0xd6, 0x5a, 0xce, 0x5a, 0xce, 0x5a, 0xce,
    0x5a, 0xce, 0x5a, 0xce, 0x5a, 0xce, 0x5a, 0xce, 0x5a, 0xce, 0x5a, 0xce, 0x5a, 0xce, 0x5a, 0xce,
    0x5a, 0xce, 0x5a, 0xce, 0x7a, 0xd6, 0x7a, 0xd6, 0xfb, 0xde, 0xdb, 0xde, 0xd8, 0xbd, 0x56, 0xad,
    0x53, 0x8c, 0x97, 0xb5, 0x9b, 0xd6, 0xdf, 0xff, 0xfb, 0xde, 0x85, 0x31, 0x49, 0x21, 0x72, 0x21,
    0x72, 0x21, 0x48, 0x21, 0x64, 0x29, 0xfb, 0xde, 0xff, 0xff, 0xdb, 0xde, 0xb8, 0xbd, 0x53, 0x8c,
    0x73, 0x8c, 0x73, 0x8c, 0x1d, 0xe7, 0x9e, 0xf7, 0x7a, 0xd6, 0x7a, 0xd6, 0x9a, 0xd6, 0x7a, 0xd6,
    0x7a, 0xce, 0x7a, 0xce, 0x7a, 0xce, 0x7a, 0xd6, 0x7a, 0xd6, 0x7a, 0xd6, 0x7a, 0xd6, 0x7a, 0xd6,
    0x7a, 0xd6, 0x7a, 0xd6, 0x7a, 0xd6, 0x7a, 0xd6, 0x7a, 0xd6, 0x7a, 0xd6, 0x7a, 0xce, 0x7a, 0xd6,
    0x5a, 0xd6, 0x7a, 0xd6, 0x7a, 0xd6, 0x7a, 0xd6, 0x7a, 0xd6, 0x7a, 0xd6, 0x7a, 0xd6, 0x7a, 0xd6,
    0x7a, 0xce, 0x7a, 0xce, 0x7a, 0xce, 0x7a, 0xce, 0x7a, 0xd6, 0x7a, 0xd6, 0x7a, 0xd6, 0x7a, 0xd6,
    0x7a, 0xd6, 0x7a, 0xd6, 0x7a, 0xce, 0x7a, 0xce, 0x7a, 0xce, 0x7a, 0xce, 0x7a, 0xd6, 0x7a, 0xd6,
    0x7a, 0xd6, 0x7a, 0xd6, 0x7a, 0xce, 0x5a, 0xce, 0x5a, 0xce, 0x5a, 0xd6, 0x7a, 0xd6, 0x7a, 0xd6,
    0x7a, 0xce, 0x7a, 0xce, 0x7a, 0xce, 0x7a, 0xce, 0x7a, 0xce, 0x7a, 0xd6, 0x7a, 0xd6, 0x7a, 0xd6,
    0x7a, 0xd6, 0x7a, 0xd6, 0x7a, 0xd6, 0x7a, 0xd6, 0x7a, 0xd6, 0x7a, 0xd6, 0x7a, 0xd6, 0x7a, 0xd6,
    0x7a, 0xd6, 0x7a, 0xd6, 0x5a, 0xd6, 0x7a, 0xd6, 0x7a, 0xd6, 0x7a, 0xd6, 0x7a, 0xd6, 0x7a, 0xd6,
    0x7d, 0xef, 0x3d, 0xe7, 0x73, 0x8c, 0x53, 0x8c, 0x53, 0x8c, 0x97, 0xb5, 0x9b, 0xd6, 0xdf, 0xff,
    0xfb, 0xde, 0x65, 0x29, 0x49, 0x21, 0x72, 0x21, 0x72, 0x21, 0x28, 0x21, 0x44, 0x29, 0x1c, 0xe7,
    0xff, 0xff, 0x9a, 0xd6, 0x5a, 0xce, 0x3a, 0xce, 0x15, 0xa5, 0x73, 0x94, 0xf5, 0x9c, 0x56, 0xad,
    0x3d, 0xef, 0x5d, 0xef, 0x5d, 0xef, 0x5d, 0xef, 0x5d, 0xef, 0x5d, 0xef, 0x5d, 0xef, 0x5d, 0xef,
    0x5d, 0xef, 0x5d, 0xef, 0x5d, 0xef, 0x5d, 0xef, 0x5d, 0xef, 0x5d, 0xef, 0x5d, 0xef, 0x5d, 0xef,
    0x5d, 0xef, 0x5d, 0xef, 0x5d, 0xef, 0x5d, 0xef, 0x5d, 0xef, 0x3d, 0xef, 0x5d, 0xef, 0x5d, 0xef,
    0x5d, 0xef, 0x5d, 0xef, 0x5d, 0xef, 0x5d, 0xef, 0x5d, 0xef, 0x5d, 0xef, 0x5d, 0xef, 0x5d, 0xef,
    0x5d, 0xef, 0x5d, 0xef, 0x5d, 0xef, 0x5d, 0xef, 0x5d, 0xef, 0x5d, 0xef, 0x5d, 0xef, 0x5d, 0xef,
    0x3d, 0xef, 0x5d, 0xef, 0x5d, 0xef, 0x5d, 0xef, 0x5d, 0xef, 0x5d, 0xef, 0x5d, 0xef, 0x5d, 0xef,
    0x5d, 0xef, 0x5d, 0xef, 0x5d, 0xef, 0x5d, 0xef, 0x3d, 0xef, 0x3d, 0xef, 0x3d, 0xef, 0x3d, 0xef,
    0x5d, 0xef, 0x5d, 0xef, 0x5d, 0xef, 0x3d, 0xef, 0x5d, 0xef, 0x5d, 0xef, 0x5d, 0xef, 0x5d, 0xef,
    0x5d, 0xef, 0x3d, 0xef, 0x3d, 0xef, 0x3d, 0xef, 0x3d, 0xef, 0x5d, 0xef, 0x3d, 0xef, 0x5d, 0xef,
    0x3d, 0xef, 0x5d, 0xef, 0x5d, 0xef, 0x5d, 0xef, 0x77, 0xb5, 0xf5, 0x9c, 0x73, 0x94, 0xf5, 0xa4,
    0x39, 0xce, 0x5a, 0xce, 0x7a, 0xd6, 0xff, 0xff, 0x1c, 0xdf, 0x64, 0x29, 0x49, 0x21, 0x72, 0x21,
    0x72, 0x21, 0x28, 0x21, 0x44, 0x29, 0xf4, 0xa4, 0xf8, 0xc5, 0x9b, 0xd6, 0x9b, 0xd6, 0xbb, 0xd6,
    0x77, 0xb5, 0x73, 0x94, 0x53, 0x8c, 0xb4, 0x9c, 0x5d, 0xef, 0x5d, 0xef, 0x5d, 0xef, 0x5d, 0xef,
    0x5d, 0xef, 0x5d, 0xef, 0x5d, 0xef, 0x5d, 0xef, 0x5d, 0xef, 0x5d, 0xef, 0x5d, 0xef, 0x5d, 0xef,
    0x5d, 0xef, 0x5d, 0xef, 0x5d, 0xef, 0x5d, 0xef, 0x5d, 0xef, 0x5d, 0xef, 0x5d, 0xef, 0x5d, 0xef,
    0x5d, 0xef, 0x5d, 0xef, 0x5d, 0xef, 0x5d, 0xef, 0x5d, 0xef, 0x5d, 0xef, 0x5d, 0xef, 0x5d, 0xef,
    0x5d, 0xef, 0x5d, 0xef, 0x5d, 0xef, 0x5d, 0xef, 0x5d, 0xef, 0x5d, 0xef, 0x5d, 0xef, 0x5d, 0xef,
    0x5d, 0xef, 0x5d, 0xef, 0x5d, 0xef, 0x5d, 0xef, 0x5d, 0xef, 0x5d, 0xef, 0x5d, 0xef, 0x5d, 0xef,
    0x5d, 0xef, 0x5d, 0xef, 0x5d, 0xef, 0x5d, 0xef, 0x5d, 0xef, 0x5d, 0xef, 0x5d, 0xef, 0x5d, 0xef,
    0x5d, 0xef, 0x5d, 0xef, 0x5d, 0xef, 0x5d, 0xef, 0x5d, 0xef, 0x5d, 0xef, 0x5d, 0xef, 0x5d, 0xef,
    0x5d, 0xef, 0x5d, 0xef, 0x5d, 0xef, 0x5d, 0xef, 0x5d, 0xef, 0x5d, 0xef, 0x5d, 0xef, 0x5d, 0xef,
    0x5d, 0xef, 0x5d, 0xef, 0x5d, 0xef, 0x5d, 0xef, 0x5d, 0xef, 0x5d, 0xef, 0x5d, 0xef, 0x5d, 0xef,
    0xf4, 0x9c, 0x52, 0x8c, 0x73, 0x94, 0x76, 0xad, 0xbb, 0xd6, 0x9a, 0xd6, 0xbb, 0xd6, 0x19, 0xc6,
    0x15, 0xa5, 0x85, 0x31, 0x49, 0x21, 0x72, 0x21, 0x72, 0x21, 0x28, 0x21, 0x23, 0x29, 0x11, 0x84,
    0x16, 0xa5, 0x3a, 0xce, 0x7a, 0xd6, 0xbb, 0xd6, 0x9a, 0xd6, 0x5a, 0xce, 0xd4, 0x9c, 0x73, 0x8c,
    0xd4, 0x9c, 0xd4, 0x9c, 0xd4, 0x9c, 0xd4, 0x9c, 0xb4, 0x9c, 0xd4, 0x9c, 0xd4, 0x9c, 0xb4, 0x9c,
    0xd4, 0x9c, 0xd4, 0x9c, 0xd4, 0x9c, 0xb4, 0x9c, 0xd4, 0x9c, 0xd4, 0x9c, 0xb4, 0x9c, 0xb4, 0x9c,
    0xb4, 0x9c, 0xb4, 0x9c, 0xb4, 0x9c, 0xb4, 0x9c, 0xb4, 0x9c, 0xd4, 0x9c, 0xb4, 0x9c, 0xb4, 0x9c,
    0xd4, 0x9c, 0xd4, 0x9c, 0xd5, 0x9c, 0xd4, 0x9c, 0xd4, 0x9c, 0xd4, 0x9c, 0xd4, 0x9c, 0xd4, 0x9c,
    0xd4, 0x9c, 0xb4, 0x9c, 0xb4, 0x9c, 0xb4, 0x9c, 0xb4, 0x9c, 0xb4, 0x9c, 0xb4, 0x9c, 0xb4, 0x9c,
    0xb4, 0x9c, 0xb4, 0x9c, 0xb4, 0x9c, 0xb4, 0x94, 0xb4, 0x9c, 0xb4, 0x9c, 0xd4, 0x9c, 0xb4, 0x9c,
    0xb4, 0x9c, 0xb4, 0x9c, 0xd4, 0x9c, 0xd4, 0x9c, 0xd4, 0x9c, 0xb4, 0x9c, 0xb4, 0x9c, 0xb4, 0x9c,
    0xd4, 0x9c, 0xb4, 0x9c, 0xb4, 0x9c, 0xb4, 0x9c, 0xb4, 0x9c, 0xb4, 0x9c, 0xb4, 0x9c, 0xb4, 0x9c,
    0xb4, 0x9c, 0xd4, 0x9c, 0xb4, 0x9c, 0xb4, 0x9c, 0xb4, 0x9c, 0xb4, 0x9c, 0xb4, 0x9c, 0xb4, 0x9c,
    0xb4, 0x9c, 0xb4, 0x9c, 0xb4, 0x94, 0xb4, 0x9c, 0x73, 0x94, 0x94, 0x94, 0x39, 0xc6, 0x5a, 0xce,
    0x9b, 0xd6, 0x5a, 0xce, 0x39, 0xce, 0x36, 0xa5, 0x32, 0x84, 0x65, 0x31, 0x49, 0x21, 0x72, 0x21,
    0x72, 0x21, 0x4a, 0x21, 0x25, 0x21, 0xaf, 0x73, 0x72, 0x8c, 0xb4, 0x9c, 0x56, 0xad, 0x5a, 0xce,
    0x5a, 0xce, 0x9b, 0xd6, 0x56, 0xad, 0x15, 0xa5, 0xf5, 0xa4, 0xf5, 0xa4, 0x15, 0xa5, 0xf5, 0x9c,
    0xf5, 0xa4, 0xf5, 0xa4, 0xf5, 0xa4, 0xf5, 0xa4, 0xf5, 0xa4, 0xf5, 0xa4, 0xf5, 0xa4, 0xf5, 0xa4,
    0xf5, 0xa4, 0xf5, 0xa4, 0xf5, 0xa4, 0xf5, 0xa4, 0xf5, 0xa4, 0xf5, 0xa4, 0xf5, 0xa4, 0xf5, 0xa4,
    0xf5, 0xa4, 0xf5, 0xa4, 0xf5, 0xa4, 0xf5, 0xa4, 0xf5, 0xa4, 0xf5, 0xa4, 0x15, 0xa5, 0xf5, 0xa4,
    0xf5, 0xa4, 0xf5, 0xa4, 0x15, 0xa5, 0xf5, 0xa4, 0xf5, 0xa4, 0xf5, 0xa4, 0xf5, 0xa4, 0xf5, 0xa4,
    0xf5, 0xa4, 0xf5, 0xa4, 0xf5, 0xa4, 0xf5, 0xa4, 0xf5, 0xa4, 0xf5, 0xa4, 0xf5, 0x9c, 0xf5, 0x9c,
    0xf5, 0xa4, 0xf5, 0xa4, 0xf5, 0xa4, 0xf5, 0xa4, 0xf5, 0xa4, 0xf5, 0xa4, 0xf5, 0xa4, 0xf5, 0xa4,
    0xf5, 0xa4, 0xf5, 0xa4, 0xf5, 0xa4, 0xf5, 0xa4, 0xf5, 0x9c, 0xf5, 0xa4, 0xf5, 0x9c, 0xf5, 0xa4,
    0xf5, 0xa4, 0xf5, 0xa4, 0xf5, 0xa4, 0xf5, 0x9c, 0xf5, 0x9c, 0xf5, 0xa4, 0xf5, 0x9c, 0xf5, 0x9c,
    0xf5, 0x9c, 0xf5, 0x9c, 0xf5, 0x9c, 0xf5, 0x9c, 0xf5, 0x9c, 0xf5, 0xa4, 0xf5, 0xa4, 0xf5, 0xa4,
    0xf5, 0xa4, 0x36, 0xad, 0x7a, 0xd6, 0x59, 0xce, 0x39, 0xce, 0x77, 0xb5, 0xb4, 0x9c, 0x93, 0x94,
    0xaf, 0x73, 0x25, 0x21, 0x4a, 0x21, 0x72, 0x21, 0x71, 0x21, 0x71, 0x21, 0x50, 0x21, 0x25, 0x21,
    0xa6, 0x31, 0xf5, 0x9c, 0x15, 0xa5, 0x94, 0x94, 0xf9, 0xc5, 0xfc, 0xde, 0xbb, 0xde, 0xdc, 0xde,
    0xdc, 0xde, 0xdb, 0xde, 0xdb, 0xde, 0xdb, 0xde, 0xdb, 0xde, 0xdb, 0xde, 0xdc, 0xde, 0xdb, 0xde,
    0xdb, 0xde, 0xdb, 0xde, 0xdb, 0xde, 0xdb, 0xde, 0xdb, 0xde, 0xdb, 0xde, 0xdb, 0xde, 0xdb, 0xde,
    0xdb, 0xde, 0xdb, 0xde, 0xdb, 0xde, 0xdb, 0xde, 0xdc, 0xde, 0xdc, 0xde, 0xdc, 0xde, 0xdc, 0xde,
    0xdc, 0xde, 0xdb, 0xde, 0xdb, 0xde, 0xdc, 0xde, 0xdc, 0xde, 0xdb, 0xde, 0xdb, 0xde, 0xdb, 0xde,
    0xdb, 0xde, 0xdc, 0xde, 0xdc, 0xde, 0xdb, 0xde, 0xdb, 0xde, 0xdb, 0xde, 0xdb, 0xde, 0xdc, 0xde,
    0xdc, 0xde, 0xdb, 0xde, 0xdc, 0xde, 0xdc, 0xde, 0xdb, 0xde, 0xdb, 0xde, 0xdc, 0xde, 0xdc, 0xde,
    0xdb, 0xde, 0xdb, 0xde, 0xdb, 0xde, 0xdb, 0xde, 0xdb, 0xde, 0xdb, 0xde, 0xdb, 0xde, 0xdb, 0xde,
    0xdb, 0xde, 0xdb, 0xde, 0xdb, 0xde, 0xbb, 0xde, 0xbb, 0xde, 0xbb, 0xde, 0xbb, 0xde, 0xbb, 0xde,
    0xdb, 0xde, 0xdb, 0xde, 0xdb, 0xde, 0xdb, 0xde, 0xdb, 0xde, 0xdb, 0xde, 0xdb, 0xde, 0xdb, 0xde,
    0xdb, 0xde, 0xdb, 0xde, 0xdb, 0xde, 0xdc, 0xde, 0xdb, 0xde, 0xbb, 0xde, 0xdb, 0xde, 0x19, 0xc6,
    0xb4, 0x94, 0x15, 0xa5, 0x36, 0xa5, 0xe8, 0x39, 0x24, 0x21, 0x4f, 0x21, 0x71, 0x21, 0x71, 0x21,
    0x71, 0x21, 0x71, 0x21, 0x70, 0x21, 0x25, 0x21, 0x65, 0x29, 0x6e, 0x6b, 0x11, 0x84, 0xd4, 0x9c,
    0x77, 0xad, 0xf8, 0xbd, 0xf8, 0xbd, 0xf8, 0xc5, 0xf8, 0xbd, 0xf8, 0xbd, 0xf8, 0xbd, 0xf8, 0xbd,
    0xd8, 0xbd, 0xd8, 0xbd, 0xf8, 0xbd, 0xd8, 0xbd, 0xf8, 0xbd, 0xf8, 0xbd, 0xf8, 0xbd, 0xd8, 0xbd,
    0xd8, 0xbd, 0xd8, 0xbd, 0xd8, 0xbd, 0xd8, 0xbd, 0xd8, 0xbd, 0xf8, 0xbd, 0xd8, 0xbd, 0xd8, 0xbd,
    0xf8, 0xbd, 0xd8, 0xbd, 0xd8, 0xbd, 0xf8, 0xbd, 0xd8, 0xbd, 0xf8, 0xbd, 0xd8, 0xbd, 0xf8, 0xbd,
    0xf8, 0xbd, 0xf8, 0xbd, 0xd8, 0xbd, 0xd8, 0xbd, 0xd8, 0xbd, 0xd8, 0xbd, 0xf8, 0xbd, 0xf8, 0xbd,
    0xd8, 0xbd, 0xd8, 0xbd, 0xd8, 0xbd, 0xd8, 0xbd, 0xd8, 0xbd, 0xd8, 0xbd, 0xd8, 0xbd, 0xd8, 0xbd,
    0xd8, 0xbd, 0xd8, 0xbd, 0xf8, 0xbd, 0xd8, 0xbd, 0xd8, 0xbd, 0xd8, 0xbd, 0xd8, 0xbd, 0xd8, 0xbd,
    0xd8, 0xbd, 0xd8, 0xbd, 0xd8, 0xbd, 0xd8, 0xbd, 0xd8, 0xbd, 0xd8, 0xbd, 0xd8, 0xbd, 0xd8, 0xbd,
    0xd8, 0xbd, 0xd8, 0xbd, 0xd8, 0xbd, 0xb8, 0xbd, 0xd8, 0xbd, 0xd8, 0xbd, 0xd8, 0xbd, 0xd8, 0xbd,
    0xd8, 0xbd, 0xd8, 0xbd, 0xd8, 0xbd, 0xd8, 0xbd, 0xd8, 0xbd, 0xf8, 0xbd, 0xf8, 0xbd, 0xd8, 0xbd,
    0xd8, 0xbd, 0xd8, 0xbd, 0xf8, 0xc5, 0x77, 0xad, 0xd4, 0x9c, 0x32, 0x84, 0x6e, 0x6b, 0xc7, 0x39,
    0x25, 0x21, 0x70, 0x21, 0x71, 0x21, 0x71, 0x21, 0x71, 0x21, 0x71, 0x21, 0x71, 0x21, 0x50, 0x21,
    0x4b, 0x21, 0xc1, 0x18, 0x8a, 0x52, 0x57, 0xad, 0xd5, 0x9c, 0xf5, 0x9c, 0xf5, 0x9c, 0xf5, 0x9c,
    0xf5, 0x9c, 0xf5, 0x9c, 0xf5, 0xa4, 0xf5, 0x9c, 0xd5, 0x9c, 0xd5, 0x9c, 0xd5, 0x9c, 0xd5, 0x9c,
    0xd5, 0x9c, 0xf5, 0x9c, 0xf5, 0xa4, 0xf5, 0x9c, 0xd4, 0x9c, 0xd5, 0x9c, 0xd5, 0x9c, 0xd5, 0x9c,
    0xd5, 0x9c, 0xd5, 0x9c, 0xd5, 0x9c, 0xd4, 0x9c, 0xd4, 0x9c, 0xd4, 0x9c, 0xd4, 0x9c, 0xd5, 0x9c,
    0xd5, 0x9c, 0xd5, 0x9c, 0xd5, 0x9c, 0xd5, 0x9c, 0xd5, 0x9c, 0xd5, 0x9c, 0xd5, 0x9c, 0xd5, 0x9c,
    0xd5, 0x9c, 0xd5, 0x9c, 0xd5, 0x9c, 0xd4, 0x9c, 0xd5, 0x9c, 0xd5, 0x9c, 0xd5, 0x9c, 0xd5, 0x9c,
    0xd5, 0x9c, 0xd5, 0x9c, 0xd4, 0x9c, 0xd4, 0x9c, 0xd4, 0x9c, 0xd5, 0x9c, 0xd5, 0x9c, 0xd5, 0x9c,
    0xd5, 0x9c, 0xd5, 0x9c, 0xd5, 0x9c, 0xd5, 0x9c, 0xd5, 0x9c, 0xd5, 0x9c, 0xd5, 0x9c, 0xd5, 0x9c,
    0xd4, 0x9c, 0xd4, 0x9c, 0xd4, 0x9c, 0xd4, 0x9c, 0xd4, 0x9c, 0xd4, 0x9c, 0xd4, 0x9c, 0xb4, 0x9c,
    0xb4, 0x9c, 0xb4, 0x9c, 0xd4, 0x9c, 0xd4, 0x9c, 0xd4, 0x9c, 0xd5, 0x9c, 0xd5, 0x9c, 0xd5, 0x9c,
    0xd5, 0x9c, 0xd5, 0x9c, 0xd5, 0x9c, 0xd5, 0x9c, 0xd5, 0x9c, 0xd5, 0x9c, 0xd5, 0x9c, 0xf5, 0x9c,
    0x77, 0xb5, 0xcc, 0x5a, 0xc1, 0x18, 0x4b, 0x21, 0x50, 0x21, 0x71, 0x21, 0x71, 0x21, 0x71, 0x21,
    0x71, 0x21, 0x71, 0x21, 0x71, 0x21, 0x72, 0x21, 0x6f, 0x21, 0x2a, 0x21, 0xea, 0x39, 0xab, 0x5a,
    0x8a, 0x52, 0x8a, 0x52, 0x8b, 0x52, 0x8a, 0x52, 0x8b, 0x52, 0x8b, 0x52, 0x8b, 0x52, 0x8b, 0x52,
    0x8a, 0x52, 0x8a, 0x52, 0x8a, 0x52, 0x8a, 0x52, 0x8a, 0x52, 0x8b, 0x52, 0x8b, 0x52, 0x8a, 0x52,
    0x8a, 0x52, 0x8a, 0x52, 0x8a, 0x52, 0x8a, 0x52, 0x6a, 0x52, 0x8a, 0x52, 0x8a, 0x52, 0x8a, 0x52,
    0x6a, 0x52, 0x8a, 0x52, 0x8a, 0x52, 0x6a, 0x52, 0x6a, 0x52, 0x8a, 0x52, 0x8a, 0x52, 0x8a, 0x52,
    0x8a, 0x52, 0x8a, 0x52, 0x8a, 0x52, 0x6a, 0x52, 0x6a, 0x52, 0x8a, 0x52, 0x6a, 0x52, 0x6a, 0x52,
    0x8a, 0x52, 0x8a, 0x52, 0x8a, 0x52, 0x8b, 0x52, 0x8a, 0x52, 0x8a, 0x52, 0x6a, 0x52, 0x8a, 0x52,
    0x8a, 0x52, 0x8a, 0x52, 0x8a, 0x52, 0x8a, 0x52, 0x8a, 0x52, 0x8a, 0x52, 0x8a, 0x52, 0x8a, 0x52,
    0x8a, 0x52, 0x8b, 0x52, 0x8a, 0x52, 0x8a, 0x52, 0x8a, 0x52, 0x8a, 0x52, 0x8a, 0x52, 0x8a, 0x52,
    0x8a, 0x52, 0x6a, 0x52, 0x8a, 0x52, 0x8a, 0x52, 0x8a, 0x52, 0x8a, 0x52, 0x8a, 0x52, 0x8a, 0x52,
    0x8a, 0x52, 0x8a, 0x52, 0x8a, 0x52, 0x8a, 0x52, 0x8a, 0x52, 0x8a, 0x52, 0x8a, 0x52, 0x8a, 0x52,
    0x8a, 0x52, 0x8a, 0x52, 0x8a, 0x52, 0xab, 0x52, 0xab, 0x52, 0xea, 0x39, 0x49, 0x21, 0x6f, 0x21,
    0x72, 0x21, 0x71, 0x21, 0x71, 0x21, 0x71, 0x21, 0x71, 0x21, 0x71, 0x21, 0x71, 0x21, 0x71, 0x21,
    0x71, 0x21, 0x73, 0x21, 0x2d, 0x19, 0xc2, 0x18, 0xc3, 0x18, 0xc2, 0x18, 0xc2, 0x18, 0xc2, 0x18,
    0xc2, 0x18, 0xc2, 0x18, 0xc2, 0x18, 0xc2, 0x18, 0xc2, 0x18, 0xc2, 0x18, 0xc2, 0x18, 0xc2, 0x18,
    0xc2, 0x18, 0xc2, 0x18, 0xc2, 0x18, 0xc2, 0x18, 0xc2, 0x18, 0xc2, 0x18, 0xc2, 0x18, 0xc2, 0x18,
    0xc2, 0x18, 0xc2, 0x18, 0xc2, 0x18, 0xc2, 0x18, 0xc2, 0x18, 0xc2, 0x18, 0xc2, 0x18, 0xc2, 0x18,
    0xc2, 0x18, 0xc2, 0x18, 0xc2, 0x18, 0xc2, 0x18, 0xc2, 0x18, 0xc2, 0x18, 0xc2, 0x18, 0xc2, 0x18,
    0xc2, 0x18, 0xc2, 0x18, 0xc2, 0x10, 0xc2, 0x18, 0xc2, 0x18, 0xc2, 0x18, 0xc2, 0x18, 0xc2, 0x18,
    0xc2, 0x18, 0xc2, 0x18, 0xc2, 0x18, 0xc2, 0x18, 0xc2, 0x18, 0xc2, 0x18, 0xc2, 0x18, 0xc2, 0x18,
    0xc2, 0x18, 0xc2, 0x18, 0xc2, 0x18, 0xc2, 0x18, 0xc2, 0x18, 0xc2, 0x18, 0xc2, 0x18, 0xc2, 0x18,
    0xc2, 0x18, 0xc2, 0x18, 0xc2, 0x18, 0xc2, 0x18, 0xc2, 0x18, 0xc2, 0x10, 0xc2, 0x18, 0xc2, 0x18,
    0xc2, 0x18, 0xc2, 0x18, 0xc2, 0x18, 0xc2, 0x18, 0xc2, 0x18, 0xc2, 0x18, 0xc2, 0x18, 0xc2, 0x18,
    0xa2, 0x10, 0xc2, 0x18, 0xc2, 0x18, 0xc2, 0x18, 0xc2, 0x18, 0xc2, 0x18, 0xc2, 0x18, 0xc2, 0x18,
    0xc2, 0x18, 0x2c, 0x19, 0x73, 0x21, 0x71, 0x21, 0x71, 0x21, 0x71, 0x21, 0x71, 0x21, 0x71, 0x21,
    0x71, 0x21, 0x71, 0x21, 0x71, 0x21, 0x71, 0x21, 0x71, 0x21, 0x71, 0x21, 0x71, 0x21, 0x6f, 0x21,
    0x4f, 0x21, 0x4f, 0x21, 0x4f, 0x21, 0x4f, 0x21, 0x4f, 0x21, 0x4f, 0x21, 0x6f, 0x21, 0x6f, 0x21,
    0x4f, 0x21, 0x4f, 0x21, 0x6f, 0x21, 0x4f, 0x21, 0x4f, 0x21, 0x4f, 0x21, 0x4f, 0x21, 0x4f, 0x21,
    0x6f, 0x21, 0x4f, 0x21, 0x4f, 0x21, 0x4f, 0x21, 0x4f, 0x21, 0x6f, 0x21, 0x4f, 0x21, 0x4f, 0x21,
    0x4f, 0x21, 0x4f, 0x21, 0x4f, 0x21, 0x4f, 0x21, 0x4f, 0x21, 0x4f, 0x21, 0x4f, 0x21, 0x4f, 0x21,
    0x4f, 0x21, 0x4f, 0x21, 0x4f, 0x21, 0x4f, 0x21, 0x4f, 0x21, 0x4f, 0x21, 0x4f, 0x21, 0x4f, 0x21,
    0x4f, 0x21, 0x4f, 0x21, 0x4f, 0x21, 0x4f, 0x21, 0x4f, 0x21, 0x4f, 0x21, 0x4f, 0x21, 0x4f, 0x21,
    0x4f, 0x21, 0x4f, 0x21, 0x6f, 0x21, 0x4f, 0x21, 0x4f, 0x21, 0x4f, 0x21, 0x4f, 0x21, 0x4f, 0x21,
    0x4f, 0x21, 0x4f, 0x21, 0x4f, 0x21, 0x4f, 0x21, 0x4f, 0x21, 0x4f, 0x21, 0x4f, 0x21, 0x4f, 0x21,
    0x4f, 0x21, 0x4f, 0x21, 0x4f, 0x21, 0x4f, 0x21, 0x4f, 0x21, 0x4f, 0x21, 0x4f, 0x21, 0x4f, 0x21,
    0x4f, 0x21, 0x4f, 0x21, 0x4f, 0x21, 0x4f, 0x21, 0x4f, 0x21, 0x4f, 0x21, 0x4f, 0x21, 0x4f, 0x21,
    0x4f, 0x21, 0x4f, 0x21, 0x4f, 0x21, 0x4e, 0x21, 0x4f, 0x21, 0x71, 0x21, 0x71, 0x21, 0x71, 0x21,
    0x71, 0x21, 0x71, 0x21, 0x71, 0x21, 0x71, 0x21, 0x71, 0x21, 0x71, 0x21, 0x71, 0x21, 0x71, 0x21,
    0x71, 0x21, 0x71, 0x21, 0x71, 0x21, 0x72, 0x21, 0x72, 0x21, 0x72, 0x21, 0x72, 0x21, 0x72, 0x21,
    0x72, 0x21, 0x72, 0x21, 0x72, 0x21, 0x72, 0x21, 0x72, 0x21, 0x72, 0x21, 0x72, 0x21, 0x72, 0x21,
    0x72, 0x21, 0x72, 0x21, 0x72, 0x21, 0x72, 0x21, 0x72, 0x21, 0x72, 0x21, 0x72, 0x21, 0x72, 0x21,
    0x72, 0x21, 0x72, 0x21, 0x72, 0x21, 0x72, 0x21, 0x72, 0x21, 0x72, 0x21, 0x72, 0x21, 0x72, 0x21,
    0x72, 0x21, 0x72, 0x21, 0x72, 0x21, 0x72, 0x21, 0x72, 0x21, 0x72, 0x21, 0x72, 0x21, 0x72, 0x21,
    0x72, 0x21, 0x72, 0x21, 0x72, 0x21, 0x72, 0x21, 0x72, 0x21, 0x72, 0x21, 0x72, 0x21, 0x72, 0x21,
    0x72, 0x21, 0x72, 0x21, 0x72, 0x21, 0x72, 0x21, 0x72, 0x21, 0x72, 0x21, 0x72, 0x21, 0x72, 0x21,
    0x72, 0x21, 0x72, 0x21, 0x72, 0x21, 0x72, 0x21, 0x72, 0x21, 0x72, 0x21, 0x72, 0x21, 0x72, 0x21,
    0x72, 0x21, 0x72, 0x21, 0x72, 0x21, 0x72, 0x21, 0x72, 0x21, 0x72, 0x21, 0x72, 0x21, 0x72, 0x21,
    0x72, 0x21, 0x72, 0x21, 0x72, 0x21, 0x72, 0x21, 0x72, 0x21, 0x72, 0x21, 0x72, 0x21, 0x72, 0x21,
    0x72, 0x21, 0x72, 0x21, 0x72, 0x21, 0x72, 0x21, 0x72, 0x21, 0x72, 0x21, 0x72, 0x21, 0x72, 0x21,
    0x72, 0x21, 0x71, 0x21, 0x71, 0x21, 0x71, 0x21, 0x71, 0x21, 0x71, 0x21, 0x71, 0x21, 0x71, 0x21,
};

const lv_image_dsc_t ui_physics_collision = {
    .header.magic = LV_IMAGE_HEADER_MAGIC,
    .header.cf = LV_COLOR_FORMAT_RGB565,
    .header.flags = 0,
    .header.w = 100,
    .header.h = 100,
    .header.stride = 200,
    .data_size = sizeof(ui_physics_collision_data),
    .data = ui_physics_collision_data,
};
