#include "physics_kinematics.h"

#ifndef LV_ATTRIBUTE_MEM_ALIGN
#define LV_ATTRIBUTE_MEM_ALIGN
#endif

#ifndef LV_ATTRIBUTE_LARGE_CONST
#define LV_ATTRIBUTE_LARGE_CONST
#endif

#ifndef LV_ATTRIBUTE_IMAGE_UI_PHYSICS_KINEMATICS
#define LV_ATTRIBUTE_IMAGE_UI_PHYSICS_KINEMATICS
#endif

const LV_ATTRIBUTE_MEM_ALIGN LV_ATTRIBUTE_LARGE_CONST LV_ATTRIBUTE_IMAGE_UI_PHYSICS_KINEMATICS uint8_t ui_physics_kinematics_data[] = {
    0x71, 0x21, 0x71, 0x21, 0x71, 0x21, 0x71, 0x21, 0x71, 0x21, 0x71, 0x21, 0x71, 0x21, 0x51, 0x21,
    0x10, 0x11, 0x10, 0x11, 0x10, 0x11, 0x10, 0x11, 0x10, 0x11, 0x10, 0x11, 0x10, 0x11, 0x10, 0x11,
    0x10, 0x11, 0x10, 0x11, 0x10, 0x11, 0x10, 0x11, 0x10, 0x11, 0x10, 0x11, 0x10, 0x11, 0x10, 0x11,
    0x10, 0x11, 0x10, 0x11, 0x10, 0x11, 0x10, 0x11, 0x10, 0x11, 0x10, 0x11, 0x10, 0x11, 0x10, 0x11,
    0x10, 0x11, 0x10, 0x11, 0x10, 0x11, 0x10, 0x11, 0x10, 0x11, 0x10, 0x11, 0x10, 0x11, 0x10, 0x11,
    0x10, 0x11, 0x10, 0x11, 0x10, 0x11, 0x10, 0x11, 0x10, 0x11, 0x10, 0x11, 0x10, 0x11, 0x10, 0x11,
    0x10, 0x11, 0x10, 0x11, 0x10, 0x11, 0x10, 0x11, 0x10, 0x11, 0x10, 0x11, 0x10, 0x11, 0x10, 0x11,
    0x10, 0x11, 0x10, 0x11, 0x10, 0x11, 0x10, 0x11, 0x10, 0x11, 0x10, 0x11, 0x10, 0x11, 0x10, 0x11,
    0x10, 0x11, 0x10, 0x11, 0x10, 0x11, 0x10, 0x11, 0x10, 0x11, 0x10, 0x11, 0x10, 0x11, 0x10, 0x11,
    0x10, 0x11, 0x10, 0x11, 0x10, 0x11, 0x10, 0x11, 0x10, 0x11, 0x10, 0x11, 0x10, 0x11, 0x10, 0x11,
    0x10, 0x11, 0x10, 0x11, 0x10, 0x11, 0x10, 0x11, 0x10, 0x11, 0x10, 0x11, 0x10, 0x11, 0x10, 0x11,
    0x10, 0x11, 0x10, 0x11, 0x10, 0x11, 0x10, 0x11, 0x51, 0x21, 0x71, 0x21, 0x71, 0x21, 0x71, 0x21,
    0x71, 0x21, 0x71, 0x21, 0x71, 0x21, 0x71, 0x21, 0x71, 0x21, 0x71, 0x21, 0x71, 0x21, 0x71, 0x21,
    0x71, 0x21, 0x71, 0x21, 0x51, 0x19, 0x91, 0x21, 0xb4, 0x4a, 0xb4, 0x4a, 0xb4, 0x4a, 0xb4, 0x4a,
    0xb4, 0x4a, 0xb4, 0x4a, 0xb4, 0x4a, 0xb4, 0x4a, 0xb4, 0x4a, 0xb4, 0x4a, 0xb4, 0x4a, 0xb4, 0x4a,
    0xb4, 0x4a, 0xb4, 0x4a, 0xb4, 0x4a, 0xb4, 0x4a, 0xb4, 0x4a, 0xb4, 0x4a, 0xb4, 0x4a, 0xb4, 0x4a,
    0xb4, 0x4a, 0xb4, 0x4a, 0xb4, 0x4a, 0xb4, 0x4a, 0xb4, 0x4a, 0xb4, 0x4a, 0xb4, 0x4a, 0xb4, 0x4a,
    0xb4, 0x4a, 0xb4, 0x4a, 0xb4, 0x4a, 0xb4, 0x4a, 0xb4, 0x4a, 0xb4, 0x4a, 0xb4, 0x4a, 0xb4, 0x4a,
    0xb4, 0x4a, 0xb4, 0x4a, 0xb4, 0x4a, 0xb4, 0x4a, 0xb4, 0x4a, 0xb4, 0x4a, 0xb4, 0x4a, 0xb4, 0x4a,
    0xb4, 0x4a, 0xb4, 0x4a, 0xb4, 0x4a, 0xb4, 0x4a, 0xb4, 0x4a, 0xb4, 0x4a, 0xb4, 0x4a, 0xb4, 0x4a,
    0xb4, 0x4a, 0xb4, 0x4a, 0xb4, 0x4a, 0xb4, 0x4a, 0xb4, 0x4a, 0xb4, 0x4a, 0xb4, 0x4a, 0xb4, 0x4a,
    0xb4, 0x4a, 0xb4, 0x4a, 0xb4, 0x4a, 0xb4, 0x4a, 0xb4, 0x4a, 0xb4, 0x4a, 0xb4, 0x4a, 0xb4, 0x4a,
    0xb4, 0x4a, 0xb4, 0x4a, 0xb4, 0x4a, 0xb4, 0x4a, 0xb4, 0x4a, 0xb4, 0x4a, 0xb4, 0x4a, 0xb4, 0x4a,
    0xb4, 0x4a, 0xb4, 0x4a, 0xb4, 0x4a, 0xb4, 0x4a, 0xb4, 0x4a, 0xb4, 0x4a, 0xb4, 0x4a, 0xb4, 0x4a,
    0x91, 0x21, 0x51, 0x19, 0x71, 0x21, 0x71, 0x21, 0x71, 0x21, 0x71, 0x21, 0x71, 0x21, 0x71, 0x21,
    0x71, 0x21, 0x71, 0x21, 0x71, 0x21, 0x71, 0x21, 0x71, 0x21, 0x71, 0x21, 0x51, 0x19, 0x34, 0x5b,
    0xff, 0xff, 0xff, 0xff, 0xff, 0xff, 0xff, 0xff, 0xff, 0xff, 0xff, 0xff, 0xff, 0xff, 0xff, 0xff,
    0xff, 0xff, 0xff, 0xff, 0xff, 0xff, 0xff, 0xff, 0xff, 0xff, 0xff, 0xff, 0xff, 0xff, 0xff, 0xff,
    0xff, 0xff, 0xff, 0xff, 0xff, 0xff, 0xff, 0xff, 0xff, 0xff, 0xff, 0xff, 0xff, 0xff, 0xff, 0xff,
    0xff, 0xff, 0xff, 0xff, 0xff, 0xff, 0xff, 0xff, 0xff, 0xff, 0xff, 0xff, 0xff, 0xff, 0xff, 0xff,
    0xff, 0xff, 0xff, 0xff, 0xff, 0xff, 0xff, 0xff, 0xff, 0xff, 0xff, 0xff, 0xff, 0xff, 0xff, 0xff,
    0xff, 0xff, 0xff, 0xff, 0xff, 0xff, 0xff, 0xff, 0xff, 0xff, 0xff, 0xff, 0xff, 0xff, 0xff, 0xff,
    0xff, 0xff, 0xff, 0xff, 0xff, 0xff, 0xff, 0xff, 0xff, 0xff, 0xff, 0xff, 0xff, 0xff, 0xff, 0xff,
    0xff, 0xff, 0xff, 0xff, 0xff, 0xff, 0xff, 0xff, 0xff, 0xff, 0xff, 0xff, 0xff, 0xff, 0xff, 0xff,
    0xff, 0xff, 0xff, 0xff, 0xff, 0xff, 0xff, 0xff, 0xff, 0xff, 0xff, 0xff, 0xff, 0xff, 0xff, 0xff,
    0xff, 0xff, 0xff, 0xff, 0xff, 0xff, 0xff, 0xff, 0xff, 0xff, 0xff, 0xff, 0xff, 0xff, 0xff, 0xff,
    0xff, 0xff, 0xff, 0xff, 0xff, 0xff, 0xff, 0xff, 0x14, 0x5b, 0x51, 0x19, 0x71, 0x21, 0x71, 0x21,
    0x71, 0x21, 0x71, 0x21, 0x71, 0x21, 0x71, 0x21, 0x71, 0x21, 0x71, 0x21, 0x71, 0x21, 0x71, 0x21,
    0x92, 0x21, 0xd0, 0x08, 0x98, 0x8c, 0xbf, 0xf7, 0xbb, 0xd6, 0xdb, 0xde, 0xbb, 0xd6, 0xbb, 0xd6,
    0xbb, 0xd6, 0xbb, 0xd6, 0xbb, 0xd6, 0xbb, 0xd6, 0xbb, 0xd6, 0xbb, 0xd6, 0xbb, 0xd6, 0xbb, 0xd6,
    0xbb, 0xd6, 0xbb, 0xd6, 0xbb, 0xd6, 0xbb, 0xd6, 0xbb, 0xd6, 0xbb, 0xd6, 0xbb, 0xd6, 0xbb, 0xd6,
    0xbb, 0xd6, 0xbb, 0xd6, 0xbb, 0xd6, 0xbb, 0xd6, 0xbb, 0xd6, 0xbb, 0xd6, 0xbb, 0xd6, 0xbb, 0xd6,
    0xbb, 0xd6, 0xbb, 0xd6, 0xbb, 0xd6, 0xbb, 0xd6, 0xbb, 0xd6, 0xbb, 0xd6, 0xbb, 0xd6, 0xbb, 0xde,
    0xbb, 0xde, 0xbb, 0xde, 0xbb, 0xde, 0xbb, 0xde, 0xbb, 0xd6, 0xbb, 0xd6, 0xbb, 0xd6, 0xbb, 0xd6,
    0xbb, 0xd6, 0xbb, 0xd6, 0xbb, 0xd6, 0xbb, 0xd6, 0xbb, 0xd6, 0xbb, 0xd6, 0xbb, 0xd6, 0xbb, 0xd6,
    0xbb, 0xd6, 0xbb, 0xd6, 0xbb, 0xd6, 0xbb, 0xd6, 0xbb, 0xd6, 0xbb, 0xd6, 0xbb, 0xd6, 0xbb, 0xd6,
    0xbb, 0xd6, 0xbb, 0xd6, 0xbb, 0xd6, 0xbb, 0xd6, 0xbb, 0xd6, 0xbb, 0xd6, 0xbb, 0xd6, 0xbb, 0xd6,
    0xbb, 0xd6, 0xbb, 0xd6, 0xbb, 0xd6, 0xbb, 0xd6, 0xbb, 0xd6, 0xbb, 0xd6, 0xbb, 0xd6, 0xbb, 0xd6,
    0xbb, 0xd6, 0xbb, 0xd6, 0xbb, 0xd6, 0xbb, 0xd6, 0xbb, 0xd6, 0xbb, 0xd6, 0xdb, 0xde, 0x7e, 0xef,
    0x3d, 0xe7, 0x57, 0x84, 0xd0, 0x08, 0x91, 0x21, 0x71, 0x21, 0x71, 0x21, 0x71, 0x21, 0x71, 0x21,
    0x71, 0x21, 0x71, 0x21, 0x71, 0x21, 0x71, 0x21, 0xf0, 0x10, 0xb8, 0x94, 0x5e, 0xef, 0x7d, 0xef,
    0xdb, 0xde, 0x5a, 0xce, 0x18, 0xc6, 0x19, 0xc6, 0x18, 0xc6, 0x18, 0xc6, 0x18, 0xbe, 0x18, 0xbe,
    0xf8, 0xc5, 0x18, 0xc6, 0x18, 0xc6, 0x18, 0xc6, 0x18, 0xc6, 0x18, 0xc6, 0x18, 0xc6, 0x18, 0xbe,
    0x18, 0xc6, 0x18, 0xc6, 0x18, 0xc6, 0x18, 0xc6, 0x18, 0xc6, 0x18, 0xc6, 0x18, 0xc6, 0x18, 0xc6,
    0x18, 0xc6, 0x18, 0xc6, 0x18, 0xc6, 0x18, 0xc6, 0x18, 0xc6, 0x18, 0xc6, 0x18, 0xc6, 0x18, 0xc6,
    0x18, 0xc6, 0x18, 0xc6, 0x19, 0xc6, 0x19, 0xc6, 0x19, 0xc6, 0x19, 0xc6, 0x19, 0xc6, 0x19, 0xc6,
    0x18, 0xc6, 0x18, 0xc6, 0x18, 0xc6, 0x18, 0xc6, 0x18, 0xc6, 0x18, 0xc6, 0x18, 0xc6, 0x18, 0xc6,
    0x18, 0xc6, 0x18, 0xc6, 0x18, 0xc6, 0x18, 0xc6, 0x18, 0xc6, 0x18, 0xc6, 0xf8, 0xc5, 0x18, 0xc6,
    0x18, 0xc6, 0xf8, 0xc5, 0x18, 0xc6, 0x18, 0xc6, 0x18, 0xc6, 0x18, 0xc6, 0x18, 0xc6, 0x18, 0xc6,
    0x18, 0xbe, 0x18, 0xc6, 0x18, 0xc6, 0xf8, 0xc5, 0x18, 0xc6, 0xf8, 0xc5, 0x18, 0xc6, 0x18, 0xc6,
    0x18, 0xbe, 0x18, 0xbe, 0x18, 0xbe, 0xf8, 0xbd, 0xf8, 0xbd, 0xf8, 0xbd, 0xf8, 0xbd, 0x18, 0xbe,
    0xf8, 0xbd, 0x18, 0xc6, 0x19, 0xc6, 0x7a, 0xd6, 0x1c, 0xe7, 0xdc, 0xde, 0x56, 0x84, 0xf0, 0x10,
    0x71, 0x21, 0x71, 0x21, 0x71, 0x21, 0x71, 0x21, 0x71, 0x21, 0x71, 0x21, 0x51, 0x19, 0x51, 0x19,
    0xf6, 0x73, 0x9e, 0xf7, 0x7d, 0xef, 0x9a, 0xd6, 0x7a, 0xd6, 0x39, 0xc6, 0x39, 0xc6, 0x59, 0xce,
    0x7a, 0xce, 0x7a, 0xce, 0x7a, 0xce, 0x7a, 0xce, 0x7a, 0xce, 0x7a, 0xce, 0x7a, 0xce, 0x7a, 0xce,
    0x7a, 0xce, 0x7a, 0xce, 0x7a, 0xce, 0x7a, 0xce, 0x7a, 0xce, 0x7a, 0xce, 0x7a, 0xce, 0x7a, 0xce,
    0x7a, 0xce, 0x7a, 0xce, 0x7a, 0xce, 0x7a, 0xce, 0x7a, 0xce, 0x7a, 0xce, 0x7a, 0xce, 0x7a, 0xce,
    0x7a, 0xce, 0x7a, 0xce, 0x7a, 0xce, 0x9a, 0xce, 0x7a, 0xce, 0x7a, 0xce, 0x7a, 0xd6, 0x7a, 0xd6,
    0x7a, 0xd6, 0x7a, 0xd6, 0x7a, 0xd6, 0x7a, 0xd6, 0x7a, 0xce, 0x7a, 0xce, 0x7a, 0xce, 0x7a, 0xce,
    0x7a, 0xce, 0x7a, 0xce, 0x7a, 0xce, 0x7a, 0xce, 0x7a, 0xce, 0x7a, 0xce, 0x7a, 0xce, 0x7a, 0xce,
    0x7a, 0xce, 0x7a, 0xce, 0x7a, 0xce, 0x7a, 0xce, 0x7a, 0xce, 0x7a, 0xce, 0x7a, 0xce, 0x7a, 0xce,
    0x7a, 0xce, 0x7a, 0xce, 0x7a, 0xce, 0x7a, 0xce, 0x7a, 0xce, 0x7a, 0xce, 0x7a, 0xce, 0x7a, 0xce,
    0x7a, 0xce, 0x7a, 0xce, 0x7a, 0xce, 0x7a, 0xce, 0x7a, 0xce, 0x7a, 0xce, 0x7a, 0xce, 0x7a, 0xce,
    0x7a, 0xce, 0x7a, 0xce, 0x7a, 0xce, 0x7a, 0xce, 0x7a, 0xce, 0x59, 0xce, 0x19, 0xc6, 0x39, 0xc6,
    0xdb, 0xde, 0x1c, 0xe7, 0xbb, 0xd6, 0xd5, 0x73, 0x71, 0x21, 0x51, 0x19, 0x71, 0x21, 0x71, 0x21,
    0x71, 0x21, 0x51, 0x21, 0x71, 0x21, 0x34, 0x5b, 0xff, 0xff, 0x1c, 0xe7, 0x9b, 0xd6, 0x59, 0xce,
    0x18, 0xc6, 0x19, 0xc6, 0x39, 0xce, 0xb7, 0xb5, 0xd3, 0x94, 0xd4, 0x9c, 0xd4, 0x9c, 0xd4, 0x9c,
    0xd4, 0x9c, 0xd4, 0x9c, 0xd4, 0x9c, 0xf4, 0x9c, 0xf4, 0x9c, 0xd4, 0x9c, 0xd4, 0x9c, 0xf4, 0x9c,
    0xf4, 0x9c, 0xd4, 0x9c, 0xd4, 0x9c, 0xd4, 0x9c, 0xd4, 0x9c, 0xd4, 0x9c, 0xd4, 0x9c, 0xd4, 0x9c,
    0xf4, 0x9c, 0xd4, 0x9c, 0xd4, 0x9c, 0xd4, 0x9c, 0xd4, 0x9c, 0xd4, 0x9c, 0xf4, 0x9c, 0xf4, 0x9c,
    0xf4, 0x9c, 0xf4, 0x9c, 0xd4, 0x9c, 0xd4, 0x9c, 0xf4, 0x9c, 0xd4, 0x9c, 0xf4, 0x9c, 0xf4, 0x9c,
    0xd4, 0x9c, 0xd4, 0x9c, 0xd4, 0x9c, 0xd4, 0x9c, 0xd4, 0x9c, 0xd4, 0x9c, 0xd4, 0x9c, 0xd4, 0x9c,
    0xd4, 0x9c, 0xd4, 0x9c, 0xd4, 0x9c, 0xd4, 0x9c, 0xd4, 0x9c, 0xd4, 0x9c, 0xd4, 0x9c, 0xd4, 0x9c,
    0xd4, 0x9c, 0xd4, 0x9c, 0xd4, 0x9c, 0xd4, 0x9c, 0xd4, 0x9c, 0xd4, 0x9c, 0xd4, 0x9c, 0xd4, 0x9c,
    0xd4, 0x9c, 0xd4, 0x9c, 0xd4, 0x9c, 0xd4, 0x9c, 0xd4, 0x9c, 0xd4, 0x9c, 0xd4, 0x9c, 0xd4, 0x9c,
    0xd4, 0x9c, 0xd4, 0x9c, 0xd4, 0x9c, 0xd4, 0x9c, 0xd4, 0x9c, 0xd4, 0x9c, 0xd4, 0x9c, 0xb3, 0x94,
    0xbb, 0xd6, 0x1c, 0xe7, 0x18, 0xc6, 0x39, 0xc6, 0x18, 0xc6, 0x7a, 0xce, 0x1d, 0xe7, 0x3c, 0xe7,
    0x34, 0x5b, 0x71, 0x21, 0x51, 0x19, 0x71, 0x21, 0x71, 0x21, 0x31, 0x19, 0xb3, 0x4a, 0xff, 0xff,
    0x1c, 0xe7, 0xbb, 0xd6, 0x59, 0xce, 0x19, 0xc6, 0xf8, 0xc5, 0xbb, 0xd6, 0x51, 0x8c, 0xc7, 0x39,
    0x29, 0x42, 0xe9, 0x39, 0xe9, 0x39, 0xe9, 0x39, 0xe9, 0x39, 0xe9, 0x39, 0xe9, 0x39, 0xe9, 0x39,
    0xe9, 0x39, 0xe9, 0x39, 0xe9, 0x39, 0xe9, 0x39, 0xe9, 0x39, 0xe9, 0x39, 0xe9, 0x39, 0xe9, 0x39,
    0xe9, 0x39, 0xe9, 0x39, 0xe9, 0x39, 0xe9, 0x39, 0xe9, 0x39, 0xe9, 0x39, 0xe9, 0x39, 0xe9, 0x39,
    0xe9, 0x39, 0xe9, 0x39, 0xe9, 0x39, 0xe9, 0x39, 0xe9, 0x39, 0xe9, 0x39, 0xe9, 0x39, 0xe9, 0x39,
    0xe9, 0x39, 0xe9, 0x39, 0xe9, 0x39, 0xe9, 0x39, 0xe9, 0x39, 0xe9, 0x39, 0xe9, 0x39, 0xe9, 0x39,
    0xe9, 0x39, 0xe9, 0x39, 0xe9, 0x39, 0xe9, 0x39, 0xe9, 0x39, 0xe9, 0x39, 0xe9, 0x39, 0xe9, 0x39,
    0xe9, 0x39, 0xe9, 0x39, 0xe9, 0x39, 0xe9, 0x39, 0xe9, 0x39, 0xe9, 0x39, 0xe9, 0x39, 0xe9, 0x31,
    0xe9, 0x31, 0xe9, 0x31, 0xe9, 0x31, 0xe9, 0x39, 0xe9, 0x39, 0xe9, 0x39, 0xe9, 0x31, 0xe9, 0x31,
    0xe9, 0x39, 0xe9, 0x39, 0xe9, 0x39, 0xe9, 0x39, 0xe9, 0x39, 0xe9, 0x39, 0xe9, 0x39, 0xe9, 0x39,
    0xe9, 0x39, 0xe9, 0x39, 0xe9, 0x39, 0xc8, 0x39, 0x97, 0xb5, 0x9e, 0xf7, 0xdb, 0xde, 0x19, 0xc6,
    0x19, 0xc6, 0x18, 0xc6, 0x7a, 0xce, 0xfc, 0xe6, 0x1c, 0xe7, 0xd3, 0x52, 0x31, 0x19, 0x71, 0x21,
    0xf0, 0x10, 0x95, 0x6b, 0x3d, 0xe7, 0xdb, 0xde, 0xfc, 0xde, 0x9a, 0xd6, 0x18, 0xc6, 0x18, 0xc6,
    0x7a, 0xce, 0x4d, 0x6b, 0x08, 0x3a, 0x87, 0x29, 0xd0, 0x73, 0x9a, 0xd6, 0x79, 0xce, 0x7a, 0xce,
    0x79, 0xce, 0x7a, 0xce, 0x7a, 0xce, 0x7a, 0xce, 0x7a, 0xce, 0x7a, 0xce, 0x7a, 0xce, 0x7a, 0xce,
    0x7a, 0xce, 0x7a, 0xce, 0x7a, 0xce, 0x7a, 0xce, 0x7a, 0xce, 0x7a, 0xce, 0x7a, 0xce, 0x7a, 0xce,
    0x7a, 0xce, 0x7a, 0xce, 0x7a, 0xce, 0x7a, 0xce, 0x7a, 0xce, 0x7a, 0xce, 0x7a, 0xce, 0x7a, 0xce,
    0x7a, 0xce, 0x7a, 0xce, 0x7a, 0xce, 0x7a, 0xce, 0x7a, 0xce, 0x7a, 0xce, 0x7a, 0xce, 0x7a, 0xce,
    0x7a, 0xce, 0x7a, 0xce, 0x7a, 0xce, 0x7a, 0xce, 0x7a, 0xce, 0x7a, 0xce, 0x7a, 0xce, 0x7a, 0xce,
    0x7a, 0xce, 0x7a, 0xce, 0x7a, 0xce, 0x7a, 0xce, 0x7a, 0xce, 0x7a, 0xce, 0x7a, 0xce, 0x7a, 0xce,
    0x7a, 0xce, 0x7a, 0xce, 0x7a, 0xce, 0x7a, 0xce, 0x7a, 0xce, 0x7a, 0xce, 0x7a, 0xce, 0x7a, 0xce,
    0x7a, 0xce, 0x7a, 0xce, 0x7a, 0xce, 0x7a, 0xce, 0x7a, 0xce, 0x79, 0xce, 0x7a, 0xce, 0x7a, 0xce,
    0x7a, 0xce, 0x7a, 0xce, 0x7a, 0xce, 0x7a, 0xce, 0x7a, 0xce, 0x59, 0xce, 0x9a, 0xd6, 0x8f, 0x6b,
    0x09, 0x3a, 0x76, 0xad, 0xdf, 0xff, 0xdb, 0xde, 0x19, 0xc6, 0x39, 0xc6, 0x39, 0xc6, 0x9a, 0xd6,
    0x9b, 0xd6, 0x35, 0xad, 0xb2, 0x4a, 0x31, 0x19, 0xd0, 0x08, 0x37, 0x84, 0xff, 0xff, 0x7a, 0xce,
    0x9a, 0xd6, 0x18, 0xc6, 0x19, 0xc6, 0x59, 0xce, 0xb2, 0x94, 0xe8, 0x39, 0x87, 0x29, 0x6f, 0x6b,
    0x79, 0xce, 0xff, 0xff, 0xff, 0xff, 0xff, 0xff, 0xff, 0xff, 0xff, 0xff, 0xff, 0xff, 0xff, 0xff,
    0xff, 0xff, 0xff, 0xff, 0xff, 0xff, 0xff, 0xff, 0xff, 0xff, 0xff, 0xff, 0xff, 0xff, 0xff, 0xff,
    0xff, 0xff, 0xff, 0xff, 0xff, 0xff, 0xff, 0xff, 0xff, 0xff, 0xff, 0xff, 0xff, 0xff, 0xff, 0xff,
    0xff, 0xff, 0xff, 0xff, 0xff, 0xff, 0xff, 0xff, 0xff, 0xff, 0xff, 0xff, 0xff, 0xff, 0xff, 0xff,
    0xff, 0xff, 0xff, 0xff, 0xff, 0xff, 0xff, 0xff, 0xff, 0xff, 0xff, 0xff, 0xff, 0xff, 0xff, 0xff,
    0xff, 0xff, 0xff, 0xff, 0xff, 0xff, 0xff, 0xff, 0xff, 0xff, 0xff, 0xff, 0xff, 0xff, 0xff, 0xff,
    0xff, 0xff, 0xff, 0xff, 0xff, 0xff, 0xff, 0xff, 0xff, 0xff, 0xff, 0xff, 0xff, 0xff, 0xff, 0xff,
    0xff, 0xff, 0xff, 0xff, 0xff, 0xff, 0xff, 0xff, 0xff, 0xff, 0xff, 0xff, 0xff, 0xff, 0xff, 0xff,
    0xff, 0xff, 0xff, 0xff, 0xff, 0xff, 0xff, 0xff, 0xff, 0xff, 0xff, 0xff, 0xff, 0xff, 0xff, 0xff,
    0xff, 0xff, 0xff, 0xff, 0xff, 0xff, 0x79, 0xce, 0x4e, 0x63, 0xab, 0x52, 0x76, 0xad, 0x9e, 0xf7,
    0x9a, 0xd6, 0x19, 0xc6, 0x18, 0xc6, 0x59, 0xce, 0x39, 0xc6, 0x10, 0x84, 0x70, 0x42, 0x31, 0x19,
    0xf0, 0x10, 0x16, 0x7c, 0xff, 0xff, 0x19, 0xc6, 0x18, 0xc6, 0x39, 0xc6, 0x39, 0xc6, 0xb3, 0x94,
    0x66, 0x29, 0xc8, 0x31, 0x0d, 0x5b, 0x39, 0xc6, 0xff, 0xff, 0xfc, 0xde, 0x1c, 0xe7, 0x1c, 0xdf,
    0x1c, 0xe7, 0x1c, 0xe7, 0x1c, 0xe7, 0x1c, 0xe7, 0x1c, 0xdf, 0x1c, 0xdf, 0x1c, 0xe7, 0x1c, 0xe7,
    0x1c, 0xe7, 0x1c, 0xe7, 0x1c, 0xe7, 0x1c, 0xe7, 0x1c, 0xe7, 0x1c, 0xe7, 0x1c, 0xe7, 0x1c, 0xe7,
    0x1c, 0xdf, 0x1c, 0xdf, 0x1c, 0xe7, 0x1c, 0xe7, 0x1c, 0xe7, 0x1c, 0xe7, 0x1c, 0xe7, 0x1c, 0xe7,
    0x1c, 0xe7, 0x1c, 0xe7, 0x1c, 0xe7, 0x1c, 0xe7, 0x1c, 0xe7, 0x1c, 0xe7, 0x1c, 0xe7, 0x1c, 0xe7,
    0x1c, 0xe7, 0x1c, 0xe7, 0x1c, 0xdf, 0x1c, 0xe7, 0x1c, 0xe7, 0x1c, 0xdf, 0x1c, 0xdf, 0x1c, 0xdf,
    0x1c, 0xe7, 0x1c, 0xe7, 0x1c, 0xdf, 0x1c, 0xdf, 0x1c, 0xdf, 0x1c, 0xdf, 0x1c, 0xdf, 0x1c, 0xdf,
    0x1c, 0xe7, 0x1c, 0xe7, 0x1c, 0xe7, 0x1c, 0xe7, 0x1c, 0xe7, 0x1c, 0xe7, 0x1c, 0xe7, 0x1c, 0xe7,
    0x1c, 0xe7, 0x1c, 0xe7, 0x1c, 0xe7, 0x1c, 0xe7, 0x1c, 0xe7, 0x1c, 0xdf, 0x1c, 0xdf, 0x1c, 0xdf,
    0x1c, 0xdf, 0x1c, 0xdf, 0x1c, 0xdf, 0x1c, 0xdf, 0x1c, 0xdf, 0x1c, 0xdf, 0xfc, 0xde, 0xff, 0xff,
    0x9a, 0xd6, 0xcc, 0x52, 0xcc, 0x52, 0x5a, 0xce, 0x7d, 0xef, 0x9a, 0xd6, 0x39, 0xc6, 0x59, 0xce,
    0x76, 0xad, 0x0c, 0x63, 0x0f, 0x3a, 0x51, 0x19, 0xf0, 0x10, 0x36, 0x7c, 0xff, 0xff, 0x19, 0xc6,
    0x19, 0xc6, 0x19, 0xc6, 0xd3, 0x9c, 0x45, 0x21, 0x09, 0x3a, 0xcc, 0x5a, 0x9a, 0xd6, 0xff, 0xff,
    0xfc, 0xde, 0x3d, 0xe7, 0x3d, 0xe7, 0x3d, 0xe7, 0x3d, 0xe7, 0x3d, 0xe7, 0x3d, 0xe7, 0x3d, 0xe7,
    0x3d, 0xe7, 0x3d, 0xe7, 0x1d, 0xe7, 0x1d, 0xe7, 0x1d, 0xe7, 0x3d, 0xe7, 0x3d, 0xe7, 0x3d, 0xe7,
    0x3d, 0xe7, 0x3d, 0xe7, 0x3d, 0xe7, 0x3d, 0xe7, 0x3d, 0xe7, 0x3d, 0xe7, 0x3d, 0xe7, 0x3d, 0xe7,
    0x3d, 0xe7, 0x3d, 0xe7, 0x3d, 0xe7, 0x3d, 0xe7, 0x3d, 0xe7, 0x3d, 0xe7, 0x3d, 0xe7, 0x3d, 0xe7,
    0x3d, 0xe7, 0x3d, 0xe7, 0x3d, 0xe7, 0x3d, 0xe7, 0x3d, 0xe7, 0x3d, 0xe7, 0x3d, 0xe7, 0x3d, 0xe7,
    0x3d, 0xe7, 0x3d, 0xe7, 0x3d, 0xe7, 0x3d, 0xe7, 0x3d, 0xe7, 0x3d, 0xe7, 0x3d, 0xe7, 0x3d, 0xe7,
    0x3d, 0xe7, 0x3d, 0xe7, 0x3d, 0xe7, 0x3d, 0xe7, 0x3d, 0xe7, 0x3d, 0xe7, 0x3d, 0xe7, 0x3d, 0xe7,
    0x3d, 0xe7, 0x3d, 0xe7, 0x3d, 0xe7, 0x3d, 0xe7, 0x3d, 0xe7, 0x3d, 0xe7, 0x3d, 0xe7, 0x3d, 0xe7,
    0x3d, 0xe7, 0x3d, 0xe7, 0x3d, 0xe7, 0x3d, 0xe7, 0x3d, 0xe7, 0x3d, 0xe7, 0x3d, 0xe7, 0x1c, 0xe7,
    0x1c, 0xe7, 0x1c, 0xe7, 0x1c, 0xe7, 0xfb, 0xde, 0xff, 0xff, 0xbb, 0xd6, 0xcc, 0x52, 0xcc, 0x52,
    0x59, 0xce, 0x9e, 0xf7, 0x9b, 0xd6, 0x39, 0xce, 0x97, 0xb5, 0x4d, 0x63, 0x0f, 0x3a, 0x51, 0x19,
    0xf0, 0x10, 0x36, 0x7c, 0xff, 0xff, 0x19, 0xc6, 0x5a, 0xce, 0x35, 0xa5, 0x05, 0x21, 0x4a, 0x42,
    0x6a, 0x4a, 0xdb, 0xde, 0xbf, 0xf7, 0x1c, 0xe7, 0x3c, 0xe7, 0x3d, 0xe7, 0x3d, 0xe7, 0x3d, 0xe7,
    0x3d, 0xe7, 0x3d, 0xe7, 0x3d, 0xe7, 0x3d, 0xe7, 0x3d, 0xe7, 0x3d, 0xe7, 0x3d, 0xe7, 0x1d, 0xe7,
    0x1d, 0xe7, 0x1d, 0xe7, 0x3d, 0xe7, 0x3d, 0xe7, 0x3d, 0xe7, 0x3d, 0xe7, 0x3d, 0xe7, 0x3d, 0xe7,
    0x3d, 0xe7, 0x3d, 0xe7, 0x3d, 0xe7, 0x3d, 0xe7, 0x3d, 0xe7, 0x3d, 0xe7, 0x3d, 0xe7, 0x3d, 0xe7,
    0x1c, 0xe7, 0x3d, 0xe7, 0x3d, 0xe7, 0x3d, 0xe7, 0x3d, 0xe7, 0x3d, 0xe7, 0x3d, 0xe7, 0x3d, 0xe7,
    0x3d, 0xe7, 0x3d, 0xe7, 0x3d, 0xe7, 0x3d, 0xe7, 0x3d, 0xe7, 0x3d, 0xe7, 0x3d, 0xe7, 0x3d, 0xe7,
    0x3d, 0xe7, 0x3d, 0xe7, 0x3d, 0xe7, 0x3d, 0xe7, 0x3d, 0xe7, 0x3d, 0xe7, 0x3d, 0xe7, 0x3d, 0xe7,
    0x3d, 0xe7, 0x3d, 0xe7, 0x3d, 0xe7, 0x3d, 0xe7, 0x3d, 0xe7, 0x3d, 0xe7, 0x1c, 0xe7, 0x3d, 0xe7,
    0x3d, 0xe7, 0x3d, 0xe7, 0x3d, 0xe7, 0x3d, 0xe7, 0x3d, 0xe7, 0x3d, 0xe7, 0x3d, 0xe7, 0x3d, 0xe7,
    0x3d, 0xe7, 0x3d, 0xe7, 0x3d, 0xe7, 0x1c, 0xe7, 0x1c, 0xe7, 0x1c, 0xe7, 0x1c, 0xe7, 0x3c, 0xe7,
    0x1c, 0xdf, 0xbe, 0xf7, 0xfc, 0xde, 0x6b, 0x4a, 0x8b, 0x4a, 0x39, 0xc6, 0x7e, 0xef, 0x9a, 0xd6,
    0x76, 0xad, 0x2d, 0x63, 0x0f, 0x3a, 0x51, 0x19, 0xf0, 0x10, 0x16, 0x7c, 0xff, 0xff, 0x39, 0xc6,
    0x59, 0xce, 0x97, 0xb5, 0x09, 0x3a, 0x6e, 0x6b, 0x1c, 0xe7, 0x3d, 0xe7, 0x3d, 0xe7, 0x1c, 0xe7,
    0x1d, 0xe7, 0x3d, 0xe7, 0x3d, 0xe7, 0x3d, 0xe7, 0x3d, 0xe7, 0x3d, 0xe7, 0x3d, 0xe7, 0x3d, 0xe7,
    0x3d, 0xe7, 0x3d, 0xe7, 0x3d, 0xe7, 0x3d, 0xe7, 0x3d, 0xe7, 0x3d, 0xe7, 0x3d, 0xe7, 0x3d, 0xe7,
    0x3d, 0xe7, 0x3d, 0xe7, 0x3d, 0xe7, 0x3d, 0xe7, 0x3d, 0xe7, 0x3d, 0xe7, 0x3d, 0xe7, 0x3d, 0xe7,
    0x3d, 0xe7, 0x3d, 0xe7, 0x3d, 0xe7, 0x3d, 0xe7, 0x3d, 0xe7, 0x3d, 0xe7, 0x3d, 0xe7, 0x3d, 0xe7,
    0x3d, 0xe7, 0x3d, 0xe7, 0x3d, 0xe7, 0x3d, 0xe7, 0x3d, 0xe7, 0x3d, 0xe7, 0x3d, 0xe7, 0x3d, 0xe7,
    0x3d, 0xe7, 0x3d, 0xe7, 0x3d, 0xe7, 0x3d, 0xe7, 0x3d, 0xe7, 0x3d, 0xe7, 0x3d, 0xe7, 0x3d, 0xe7,
    0x3d, 0xe7, 0x3d, 0xe7, 0x3d, 0xe7, 0x3d, 0xe7, 0x3d, 0xe7, 0x3d, 0xe7, 0x3d, 0xe7, 0x3d, 0xe7,
    0x3d, 0xe7, 0x3d, 0xe7, 0x3d, 0xe7, 0x3d, 0xe7, 0x3d, 0xe7, 0x3d, 0xe7, 0x3d, 0xe7, 0x3d, 0xe7,
    0x3d, 0xe7, 0x3d, 0xe7, 0x3d, 0xe7, 0x3d, 0xe7, 0x3d, 0xe7, 0x3d, 0xe7, 0x3d, 0xe7, 0x3d, 0xe7,
    0x3d, 0xe7, 0x1c, 0xe7, 0x1c, 0xe7, 0x1c, 0xe7, 0x1c, 0xe7, 0x3d, 0xe7, 0x3d, 0xe7, 0xbb, 0xd6,
    0x0d, 0x5b, 0x4e, 0x63, 0x9e, 0xf7, 0x9a, 0xd6, 0x76, 0xad, 0x2d, 0x63, 0x0f, 0x3a, 0x51, 0x19,
    0xf0, 0x10, 0x17, 0x7c, 0xff, 0xff, 0x39, 0xc6, 0x59, 0xce, 0xb7, 0xb5, 0x29, 0x42, 0xaf, 0x73,
    0xff, 0xff, 0x3d, 0xef, 0x1c, 0xe7, 0x1d, 0xe7, 0x1d, 0xe7, 0x3d, 0xe7, 0x3d, 0xe7, 0x3d, 0xe7,
    0x3d, 0xe7, 0x3d, 0xe7, 0x3d, 0xe7, 0x3d, 0xe7, 0x3d, 0xe7, 0x3d, 0xe7, 0x3d, 0xe7, 0x3d, 0xe7,
    0x3d, 0xe7, 0x3d, 0xe7, 0x3d, 0xe7, 0x3d, 0xe7, 0x3d, 0xe7, 0x3d, 0xe7, 0x3d, 0xe7, 0x3d, 0xe7,
    0x3d, 0xe7, 0x3d, 0xe7, 0x3d, 0xe7, 0x3d, 0xe7, 0x3d, 0xe7, 0x3d, 0xe7, 0x3d, 0xe7, 0x3d, 0xe7,
    0x3d, 0xe7, 0x3d, 0xe7, 0x3d, 0xe7, 0x3d, 0xe7, 0x3d, 0xe7, 0x3d, 0xe7, 0x3d, 0xe7, 0x3d, 0xe7,
    0x3d, 0xe7, 0x3d, 0xe7, 0x3d, 0xe7, 0x3d, 0xe7, 0x3d, 0xe7, 0x3d, 0xe7, 0x3d, 0xe7, 0x3d, 0xe7,
    0x3d, 0xe7, 0x3d, 0xe7, 0x3d, 0xe7, 0x3d, 0xe7, 0x3d, 0xe7, 0x3d, 0xe7, 0x3d, 0xe7, 0x3d, 0xe7,
    0x3d, 0xe7, 0x3d, 0xe7, 0x3d, 0xe7, 0x3d, 0xe7, 0x3d, 0xe7, 0x3d, 0xe7, 0x3d, 0xe7, 0x3d, 0xe7,
    0x3d, 0xe7, 0x3d, 0xe7, 0x3d, 0xe7, 0x3d, 0xe7, 0x3d, 0xe7, 0x3d, 0xe7, 0x3d, 0xe7, 0x3d, 0xe7,
    0x3d, 0xe7, 0x3d, 0xe7, 0x3d, 0xe7, 0x3d, 0xe7, 0x3d, 0xe7, 0x3d, 0xe7, 0x1c, 0xe7, 0x1c, 0xe7,
    0x3d, 0xe7, 0x3c, 0xe7, 0xfc, 0xde, 0xfc, 0xde, 0x0d, 0x5b, 0x6e, 0x6b, 0x9e, 0xf7, 0x9a, 0xd6,
    0x76, 0xad, 0x2d, 0x63, 0x0f, 0x3a, 0x51, 0x19, 0xf0, 0x10, 0x16, 0x7c, 0xff, 0xff, 0x39, 0xc6,
    0x59, 0xce, 0xb7, 0xb5, 0x09, 0x42, 0xaf, 0x73, 0xff, 0xff, 0x3d, 0xef, 0x1c, 0xe7, 0x1d, 0xe7,
    0x1d, 0xe7, 0x3d, 0xe7, 0x3d, 0xe7, 0x3d, 0xe7, 0x3d, 0xe7, 0x3d, 0xe7, 0x3d, 0xe7, 0x3d, 0xe7,
    0x3d, 0xe7, 0x3d, 0xe7, 0x3d, 0xe7, 0x3d, 0xe7, 0x3d, 0xe7, 0x3d, 0xe7, 0x3d, 0xe7, 0x3d, 0xe7,
    0x3d, 0xe7, 0x3d, 0xe7, 0x3d, 0xe7, 0x3d, 0xe7, 0x3d, 0xe7, 0x3d, 0xe7, 0x3d, 0xe7, 0x3d, 0xe7,
    0x3d, 0xe7, 0x3d, 0xe7, 0x3d, 0xe7, 0x3d, 0xe7, 0x3d, 0xe7, 0x3d, 0xe7, 0x3d, 0xe7, 0x3d, 0xe7,
    0x3d, 0xe7, 0x3d, 0xe7, 0x3d, 0xe7, 0x3d, 0xe7, 0x3d, 0xe7, 0x3d, 0xe7, 0x3d, 0xe7, 0x3d, 0xe7,
    0x3d, 0xe7, 0x3d, 0xe7, 0x3d, 0xe7, 0x3d, 0xe7, 0x3d, 0xe7, 0x3d, 0xe7, 0x3d, 0xe7, 0x3d, 0xe7,
    0x3c, 0xe7, 0x3d, 0xe7, 0x3d, 0xe7, 0x3c, 0xe7, 0x3c, 0xe7, 0x3d, 0xe7, 0x1c, 0xe7, 0x1c, 0xe7,
    0x1c, 0xe7, 0x3c, 0xe7, 0x3d, 0xe7, 0x1c, 0xe7, 0x1c, 0xe7, 0x3d, 0xe7, 0x3c, 0xe7, 0x3d, 0xe7,
    0x3d, 0xe7, 0x3d, 0xe7, 0x3d, 0xe7, 0x3d, 0xe7, 0x3d, 0xe7, 0x3d, 0xe7, 0x3d, 0xe7, 0x3d, 0xe7,
    0x3d, 0xe7, 0x3d, 0xe7, 0x3d, 0xe7, 0x1c, 0xe7, 0x1d, 0xe7, 0x3d, 0xe7, 0xdb, 0xde, 0x18, 0xc6,
    0xec, 0x5a, 0x6e, 0x6b, 0x9e, 0xf7, 0x9a, 0xd6, 0x76, 0xad, 0x2d, 0x63, 0x0f, 0x3a, 0x51, 0x19,
    0xf0, 0x10, 0x16, 0x7c, 0xff, 0xff, 0x39, 0xc6, 0x39, 0xce, 0xb7, 0xb5, 0x29, 0x3a, 0xaf, 0x73,
    0xff, 0xff, 0x3d, 0xe7, 0x1c, 0xe7, 0x3d, 0xe7, 0x3d, 0xe7, 0x3d, 0xe7, 0x3d, 0xe7, 0x3d, 0xe7,
    0x3d, 0xe7, 0x3d, 0xe7, 0x3d, 0xe7, 0x3d, 0xe7, 0x3d, 0xe7, 0x3d, 0xe7, 0x3d, 0xe7, 0x3d, 0xe7,
    0x3d, 0xe7, 0x3d, 0xe7, 0x3d, 0xe7, 0x3d, 0xe7, 0x3d, 0xe7, 0x3d, 0xe7, 0x3d, 0xe7, 0x3d, 0xe7,
    0x3d, 0xe7, 0x3d, 0xe7, 0x3d, 0xe7, 0x3d, 0xe7, 0x3d, 0xe7, 0x3d, 0xe7, 0x3d, 0xe7, 0x3d, 0xe7,
    0x3d, 0xe7, 0x3d, 0xe7, 0x3d, 0xe7, 0x3d, 0xe7, 0x3d, 0xe7, 0x3d, 0xe7, 0x3d, 0xe7, 0x3d, 0xe7,
    0x3d, 0xe7, 0x3d, 0xe7, 0x3d, 0xe7, 0x3d, 0xe7, 0x3d, 0xe7, 0x3d, 0xe7, 0x3d, 0xe7, 0x3d, 0xe7,
    0x3d, 0xe7, 0x3d, 0xe7, 0x3d, 0xe7, 0x3d, 0xe7, 0x3c, 0xe7, 0x1d, 0xe7, 0x1c, 0xe7, 0x1d, 0xdf,
    0x1c, 0xdf, 0x1d, 0xe7, 0x3d, 0xe7, 0x9d, 0xf7, 0x7d, 0xef, 0x1c, 0xe7, 0x3d, 0xe7, 0x9d, 0xf7,
    0x5d, 0xef, 0x3c, 0xe7, 0x1c, 0xe7, 0x1d, 0xe7, 0x1c, 0xe7, 0x3d, 0xe7, 0x3d, 0xe7, 0x1c, 0xe7,
    0x3d, 0xe7, 0x3d, 0xe7, 0x3d, 0xe7, 0x3d, 0xe7, 0x3d, 0xe7, 0x3d, 0xe7, 0x3d, 0xe7, 0x3d, 0xe7,
    0x3d, 0xe7, 0x3d, 0xe7, 0xdb, 0xde, 0x59, 0xc6, 0xed, 0x5a, 0x4e, 0x6b, 0x9e, 0xf7, 0x9a, 0xd6,
    0x76, 0xad, 0x2c, 0x63, 0x0f, 0x3a, 0x51, 0x19, 0xf0, 0x10, 0x16, 0x7c, 0xff, 0xff, 0x19, 0xc6,
    0x39, 0xce, 0xb7, 0xb5, 0x29, 0x3a, 0xaf, 0x73, 0xff, 0xff, 0x3d, 0xe7, 0x1c, 0xe7, 0x3d, 0xe7,
    0x3d, 0xe7, 0x3d, 0xe7, 0x3d, 0xe7, 0x3d, 0xe7, 0x3d, 0xe7, 0x3d, 0xe7, 0x3d, 0xe7, 0x3d, 0xe7,
    0x3d, 0xe7, 0x3d, 0xe7, 0x3d, 0xe7, 0x3d, 0xe7, 0x3d, 0xe7, 0x3d, 0xe7, 0x3d, 0xe7, 0x3d, 0xe7,
    0x3d, 0xe7, 0x3d, 0xe7, 0x3d, 0xe7, 0x3d, 0xe7, 0x3d, 0xe7, 0x3d, 0xe7, 0x1c, 0xe7, 0x3d, 0xe7,
    0x3d, 0xe7, 0x3d, 0xe7, 0x3d, 0xe7, 0x3d, 0xe7, 0x3d, 0xe7, 0x3d, 0xe7, 0x3d, 0xe7, 0x3d, 0xe7,
    0x3d, 0xe7, 0x3d, 0xe7, 0x3d, 0xe7, 0x3d, 0xe7, 0x3d, 0xe7, 0x3d, 0xe7, 0x3d, 0xe7, 0x3d, 0xe7,
    0x3d, 0xe7, 0x3d, 0xe7, 0x3d, 0xe7, 0x3d, 0xe7, 0x3d, 0xe7, 0x3d, 0xe7, 0x3d, 0xe7, 0x3d, 0xe7,
    0x3d, 0xe7, 0x3d, 0xe7, 0x7d, 0xf7, 0x9d, 0xf7, 0x5d, 0xef, 0x5c, 0xef, 0x5d, 0xc6, 0xbc, 0x4b,
    0xdc, 0x7c, 0x5d, 0xef, 0x5c, 0xbe, 0x9c, 0x4b, 0xfc, 0x84, 0x3d, 0xef, 0x3d, 0xe7, 0x7d, 0xef,
    0x7d, 0xef, 0x3d, 0xe7, 0x1c, 0xe7, 0x1c, 0xe7, 0x1c, 0xdf, 0x1d, 0xe7, 0x3d, 0xe7, 0x3d, 0xe7,
    0x3d, 0xe7, 0x3d, 0xe7, 0x3d, 0xe7, 0x3d, 0xe7, 0x3d, 0xe7, 0x3d, 0xe7, 0xdb, 0xde, 0x59, 0xc6,
    0xed, 0x5a, 0x6e, 0x6b, 0x9e, 0xf7, 0x9a, 0xd6, 0x76, 0xad, 0x2c, 0x63, 0x0f, 0x3a, 0x51, 0x19,
    0xf0, 0x10, 0x36, 0x7c, 0xff, 0xff, 0x19, 0xc6, 0x39, 0xce, 0xb7, 0xb5, 0x2a, 0x42, 0xaf, 0x73,
    0xff, 0xff, 0x3d, 0xe7, 0x1c, 0xe7, 0x3d, 0xe7, 0x3d, 0xe7, 0x1c, 0xe7, 0x3d, 0xe7, 0x3d, 0xe7,
    0x3d, 0xe7, 0x3d, 0xe7, 0x3d, 0xe7, 0x3d, 0xe7, 0x3d, 0xe7, 0x3d, 0xe7, 0x3d, 0xe7, 0x3d, 0xe7,
    0x3d, 0xe7, 0x3d, 0xe7, 0x3d, 0xe7, 0x3d, 0xe7, 0x3d, 0xe7, 0x3d, 0xe7, 0x3d, 0xe7, 0x3d, 0xe7,
    0x3d, 0xe7, 0x3d, 0xe7, 0x3d, 0xe7, 0x3d, 0xe7, 0x3d, 0xe7, 0x3d, 0xe7, 0x3d, 0xe7, 0x3d, 0xe7,
    0x3d, 0xe7, 0x3d, 0xe7, 0x3d, 0xe7, 0x3d, 0xe7, 0x3d, 0xe7, 0x3d, 0xe7, 0x3d, 0xe7, 0x3d, 0xe7,
    0x3d, 0xe7, 0x3d, 0xe7, 0x3d, 0xe7, 0x3d, 0xe7, 0x3d, 0xe7, 0x3d, 0xe7, 0x3d, 0xe7, 0x3d, 0xe7,
    0x3d, 0xe7, 0x3d, 0xe7, 0x3d, 0xe7, 0x1c, 0xe7, 0x1d, 0xe7, 0x3d, 0xe7, 0x9c, 0x9d, 0xfc, 0x84,
    0xbc, 0x9d, 0x7d, 0xef, 0xfd, 0xb5, 0x5c, 0x12, 0xfc, 0x53, 0x9d, 0xf7, 0x1c, 0xb6, 0x3c, 0x12,
    0x1c, 0x5c, 0x9d, 0xf7, 0xbc, 0xa5, 0x7c, 0x43, 0x9d, 0x4b, 0x7c, 0xc6, 0x5c, 0xef, 0x7d, 0xf7,
    0x7d, 0xf7, 0x3d, 0xe7, 0x3d, 0xe7, 0x3d, 0xe7, 0x3d, 0xe7, 0x1c, 0xe7, 0x3d, 0xe7, 0x3d, 0xe7,
    0x3d, 0xe7, 0x3d, 0xe7, 0xdb, 0xde, 0x59, 0xc6, 0xed, 0x5a, 0x6e, 0x6b, 0x9e, 0xf7, 0x9a, 0xd6,
    0x76, 0xad, 0x2c, 0x63, 0x0f, 0x3a, 0x51, 0x19, 0xf0, 0x10, 0x16, 0x7c, 0xff, 0xff, 0x19, 0xc6,
    0x39, 0xce, 0xb7, 0xb5, 0x2a, 0x42, 0xaf, 0x73, 0xff, 0xff, 0x3d, 0xe7, 0x1c, 0xe7, 0x1d, 0xe7,
    0x1d, 0xe7, 0x1c, 0xe7, 0x3d, 0xe7, 0x3d, 0xe7, 0x3d, 0xe7, 0x3d, 0xe7, 0x3d, 0xe7, 0x3d, 0xe7,
    0x3d, 0xe7, 0x3d, 0xe7, 0x3d, 0xe7, 0x3d, 0xe7, 0x3d, 0xe7, 0x3d, 0xe7, 0x3d, 0xe7, 0x3d, 0xe7,
    0x3d, 0xe7, 0x3d, 0xe7, 0x3d, 0xe7, 0x3d, 0xe7, 0x3d, 0xe7, 0x3d, 0xe7, 0x3d, 0xe7, 0x3d, 0xe7,
    0x3d, 0xe7, 0x3d, 0xe7, 0x3d, 0xe7, 0x3d, 0xe7, 0x3d, 0xe7, 0x3d, 0xe7, 0x3d, 0xe7, 0x3d, 0xe7,
    0x3d, 0xe7, 0x3d, 0xe7, 0x3d, 0xe7, 0x3d, 0xe7, 0x3d, 0xe7, 0x3d, 0xe7, 0x3d, 0xe7, 0x3d, 0xe7,
    0x3d, 0xe7, 0x1c, 0xe7, 0x3c, 0xe7, 0x3c, 0xe7, 0x1d, 0xe7, 0x1d, 0xe7, 0x3d, 0xe7, 0x5d, 0xe7,
    0x3d, 0xe7, 0x5d, 0xe7, 0xfb, 0x32, 0x5c, 0x01, 0x3c, 0x3b, 0x5d, 0xef, 0x1c, 0xe7, 0x3d, 0xe7,
    0x3d, 0xe7, 0x3c, 0xe7, 0x1d, 0xe7, 0x3d, 0xe7, 0x3d, 0xe7, 0x7c, 0xef, 0x5c, 0x95, 0x7c, 0x1a,
    0xbc, 0x22, 0x5c, 0xc6, 0x3d, 0xe7, 0x3c, 0x8d, 0x3d, 0x8d, 0xdd, 0xd6, 0x3c, 0xe7, 0x1c, 0xe7,
    0x1c, 0xe7, 0x1c, 0xe7, 0x1c, 0xe7, 0x1c, 0xe7, 0x1c, 0xe7, 0x3d, 0xe7, 0xdb, 0xde, 0x59, 0xc6,
    0xed, 0x5a, 0x6e, 0x6b, 0x9e, 0xf7, 0x9a, 0xd6, 0x76, 0xad, 0x2c, 0x63, 0x0f, 0x3a, 0x51, 0x19,
    0xf0, 0x10, 0x16, 0x7c, 0xff, 0xff, 0x19, 0xc6, 0x39, 0xc6, 0xb7, 0xb5, 0x2a, 0x42, 0xaf, 0x73,
    0xff, 0xff, 0x3d, 0xe7, 0x1c, 0xe7, 0x1c, 0xe7, 0x1c, 0xe7, 0x1c, 0xe7, 0x1c, 0xe7, 0x1c, 0xe7,
    0x3d, 0xe7, 0x3d, 0xe7, 0x3d, 0xe7, 0x3d, 0xe7, 0x3d, 0xe7, 0x1c, 0xe7, 0x1c, 0xe7, 0x3d, 0xe7,
    0x3d, 0xe7, 0x3d, 0xe7, 0x1c, 0xe7, 0x3d, 0xe7, 0x3d, 0xe7, 0x3d, 0xe7, 0x3d, 0xe7, 0x3d, 0xe7,
    0x3d, 0xe7, 0x3d, 0xe7, 0x3d, 0xe7, 0x3d, 0xe7, 0x3d, 0xe7, 0x3d, 0xe7, 0x3d, 0xe7, 0x3d, 0xe7,
    0x3d, 0xe7, 0x3d, 0xe7, 0x3d, 0xe7, 0x3d, 0xe7, 0x3d, 0xe7, 0x3d, 0xe7, 0x3d, 0xe7, 0x3d, 0xe7,
    0x3d, 0xe7, 0x3d, 0xe7, 0x3d, 0xe7, 0x3d, 0xe7, 0x3d, 0xe7, 0x1c, 0xe7, 0x1c, 0xe7, 0x3c, 0xe7,
    0x3c, 0xe7, 0x7d, 0xf7, 0xdc, 0x7c, 0x5b, 0x1a, 0xfb, 0x84, 0x7d, 0xef, 0x7d, 0xc6, 0x5d, 0xbe,
    0x9d, 0xce, 0x3c, 0xe7, 0x1d, 0xe7, 0x1d, 0xe7, 0x3c, 0xe7, 0x3d, 0xe7, 0x3c, 0xe7, 0x1c, 0xe7,
    0x3d, 0xe7, 0x1d, 0xe7, 0x3d, 0xe7, 0x5d, 0xe7, 0x3d, 0xe7, 0x3d, 0xef, 0xbc, 0xce, 0x1c, 0x02,
    0xbc, 0x01, 0x5d, 0xbe, 0x9d, 0xff, 0x1c, 0xe7, 0x3d, 0xe7, 0x7d, 0xef, 0x5d, 0xef, 0x3d, 0xe7,
    0x1c, 0xe7, 0x3d, 0xe7, 0xdb, 0xde, 0x59, 0xc6, 0xed, 0x5a, 0x6e, 0x6b, 0x9e, 0xf7, 0x9a, 0xd6,
    0x76, 0xad, 0x2c, 0x63, 0x0f, 0x3a, 0x51, 0x19, 0xf0, 0x10, 0x36, 0x7c, 0xff, 0xff, 0x19, 0xc6,
    0x39, 0xc6, 0xd7, 0xb5, 0x2a, 0x42, 0xaf, 0x73, 0xff, 0xff, 0x3d, 0xe7, 0x1c, 0xe7, 0x1c, 0xe7,
    0x1c, 0xe7, 0x1c, 0xe7, 0x1c, 0xe7, 0x1c, 0xe7, 0x3d, 0xe7, 0x3d, 0xe7, 0x3d, 0xe7, 0x1c, 0xe7,
    0x1c, 0xe7, 0x1c, 0xe7, 0x1c, 0xe7, 0x1c, 0xe7, 0x1c, 0xe7, 0x1c, 0xe7, 0x3d, 0xe7, 0x3d, 0xe7,
    0x3d, 0xe7, 0x3d, 0xe7, 0x3d, 0xe7, 0x3d, 0xe7, 0x3d, 0xe7, 0x3d, 0xe7, 0x3d, 0xe7, 0x3d, 0xe7,
    0x3d, 0xe7, 0x3d, 0xe7, 0x3d, 0xe7, 0x3d, 0xe7, 0x3d, 0xe7, 0x3d, 0xe7, 0x3d, 0xe7, 0x3d, 0xe7,
    0x3d, 0xe7, 0x3d, 0xe7, 0x3d, 0xe7, 0x3d, 0xe7, 0x3d, 0xe7, 0x3d, 0xe7, 0x3d, 0xe7, 0x1c, 0xe7,
    0x1c, 0xe7, 0x1c, 0xe7, 0x3c, 0xe7, 0xdd, 0xd6, 0x7d, 0xc6, 0x3d, 0xe7, 0x3c, 0x8d, 0xfc, 0x3a,
    0x5c, 0x95, 0x5d, 0xef, 0x3c, 0xe7, 0x5d, 0xef, 0x5d, 0xef, 0x3d, 0xe7, 0x3c, 0xe7, 0x3c, 0xe7,
    0x3d, 0xe7, 0x3d, 0xe7, 0x3d, 0xe7, 0x3d, 0xe7, 0x3d, 0xe7, 0x3c, 0xe7, 0x3d, 0xe7, 0x3c, 0xe7,
    0x3c, 0xe7, 0x3c, 0xe7, 0x1d, 0xe7, 0x3d, 0xbe, 0xdc, 0xad, 0xfd, 0xde, 0x1c, 0x8d, 0x3f, 0xe7,
    0x6d, 0x6b, 0xe3, 0x18, 0x24, 0x21, 0x92, 0x94, 0xdf, 0xff, 0x1c, 0xe7, 0xdb, 0xde, 0x59, 0xc6,
    0xed, 0x5a, 0x6e, 0x6b, 0x9e, 0xf7, 0x9a, 0xd6, 0x76, 0xad, 0x2c, 0x63, 0x0f, 0x3a, 0x51, 0x19,
    0xf0, 0x10, 0x36, 0x7c, 0xff, 0xff, 0x19, 0xc6, 0x39, 0xc6, 0xd7, 0xb5, 0x2a, 0x42, 0xaf, 0x73,
    0xff, 0xff, 0x3d, 0xe7, 0x1c, 0xe7, 0x1c, 0xe7, 0x1c, 0xe7, 0x1c, 0xe7, 0x1c, 0xe7, 0x1c, 0xe7,
    0x3d, 0xe7, 0x3d, 0xe7, 0x3d, 0xe7, 0x3d, 0xe7, 0x3d, 0xe7, 0x3d, 0xe7, 0x1c, 0xe7, 0x1c, 0xe7,
    0x1c, 0xe7, 0x1c, 0xe7, 0x1c, 0xe7, 0x3d, 0xe7, 0x3d, 0xe7, 0x1c, 0xe7, 0x3d, 0xe7, 0x3d, 0xe7,
    0x3d, 0xe7, 0x3d, 0xe7, 0x3d, 0xe7, 0x3d, 0xe7, 0x3d, 0xe7, 0x3d, 0xe7, 0x3d, 0xe7, 0x3d, 0xe7,
    0x3d, 0xe7, 0x3d, 0xe7, 0x3d, 0xe7, 0x3d, 0xe7, 0x3d, 0xe7, 0x3d, 0xe7, 0x3d, 0xe7, 0x3d, 0xe7,
    0x3d, 0xe7, 0x3d, 0xe7, 0x3d, 0xe7, 0x1c, 0xe7, 0x3c, 0xe7, 0x3c, 0xe7, 0x7d, 0xf7, 0xfc, 0x53,
    0x5b, 0x01, 0x1c, 0x8d, 0xbd, 0xf7, 0x5d, 0xef, 0x5d, 0xef, 0x3c, 0xe7, 0x3d, 0xe7, 0x1d, 0xe7,
    0x1d, 0xe7, 0x3c, 0xe7, 0x3d, 0xe7, 0x3c, 0xe7, 0x3d, 0xe7, 0x3d, 0xe7, 0x3d, 0xe7, 0x3d, 0xe7,
    0x3d, 0xe7, 0x3d, 0xe7, 0x3d, 0xe7, 0x3c, 0xe7, 0x3c, 0xe7, 0x1d, 0xe7, 0x3d, 0xe7, 0x5d, 0xef,
    0x7d, 0xef, 0x5d, 0xe7, 0x7b, 0x6c, 0xae, 0x4a, 0x89, 0x52, 0x71, 0x8c, 0x4d, 0x6b, 0xa6, 0x31,
    0x10, 0x84, 0x5d, 0xef, 0xdb, 0xde, 0x59, 0xc6, 0xed, 0x5a, 0x6e, 0x6b, 0x9e, 0xf7, 0x9a, 0xd6,
    0x76, 0xad, 0x2c, 0x63, 0x0f, 0x3a, 0x51, 0x19, 0xf0, 0x10, 0x36, 0x7c, 0xff, 0xff, 0x19, 0xc6,
    0x39, 0xc6, 0xd7, 0xb5, 0x2a, 0x42, 0xaf, 0x73, 0xff, 0xff, 0x3d, 0xe7, 0x1c, 0xe7, 0x3d, 0xe7,
    0x3d, 0xe7, 0x1c, 0xe7, 0x3d, 0xe7, 0x1c, 0xe7, 0x3d, 0xe7, 0x3d, 0xe7, 0x3d, 0xe7, 0x3d, 0xe7,
    0x3d, 0xe7, 0x3d, 0xe7, 0x3d, 0xe7, 0x1c, 0xe7, 0x1c, 0xe7, 0x1c, 0xe7, 0x1c, 0xe7, 0x3d, 0xe7,
    0x3d, 0xe7, 0x1c, 0xe7, 0x1c, 0xe7, 0x1c, 0xe7, 0x3d, 0xe7, 0x3d, 0xe7, 0x3d, 0xe7, 0x3d, 0xe7,
    0x3d, 0xe7, 0x3d, 0xe7, 0x3d, 0xe7, 0x3d, 0xe7, 0x3d, 0xe7, 0x3d, 0xe7, 0x3d, 0xe7, 0x3d, 0xe7,
    0x3d, 0xe7, 0x3d, 0xe7, 0x3d, 0xe7, 0x3d, 0xe7, 0x3d, 0xe7, 0x3d, 0xe7, 0x3d, 0xe7, 0x1d, 0xe7,
    0xdc, 0xd6, 0xbc, 0xce, 0x3d, 0xe7, 0x9c, 0x9d, 0x3c, 0x6c, 0x1c, 0xb6, 0x5d, 0xef, 0x1c, 0xdf,
    0x1c, 0xe7, 0x3d, 0xe7, 0x3d, 0xe7, 0x3d, 0xe7, 0x3d, 0xe7, 0x3d, 0xe7, 0x3d, 0xe7, 0x3d, 0xe7,
    0x3d, 0xe7, 0x3d, 0xe7, 0x3d, 0xe7, 0x3d, 0xe7, 0x3d, 0xe7, 0x3d, 0xe7, 0x3d, 0xe7, 0x3d, 0xe7,
    0x3d, 0xe7, 0x3d, 0xe7, 0x3d, 0xe7, 0x1d, 0xe7, 0x1d, 0xdf, 0x3d, 0xe7, 0x7c, 0xef, 0xa2, 0x10,
    0x71, 0x8c, 0xbe, 0xf7, 0x59, 0xce, 0xc7, 0x39, 0x86, 0x31, 0x9e, 0xef, 0xdb, 0xde, 0x59, 0xc6,
    0xed, 0x5a, 0x6e, 0x6b, 0x9e, 0xf7, 0x7a, 0xd6, 0x76, 0xad, 0x2d, 0x63, 0x0f, 0x3a, 0x51, 0x19,
    0xf0, 0x10, 0x36, 0x7c, 0xff, 0xff, 0x19, 0xc6, 0x39, 0xc6, 0xd7, 0xb5, 0x2a, 0x42, 0xaf, 0x73,
    0xff, 0xff, 0x3d, 0xe7, 0x1c, 0xe7, 0x3d, 0xe7, 0x3d, 0xe7, 0x1c, 0xe7, 0x1c, 0xe7, 0x3d, 0xe7,
    0x3d, 0xe7, 0x3d, 0xe7, 0x3d, 0xe7, 0x3d, 0xe7, 0x3d, 0xe7, 0x3d, 0xe7, 0x3d, 0xe7, 0x3d, 0xe7,
    0x3d, 0xe7, 0x3d, 0xe7, 0x3d, 0xe7, 0x3d, 0xe7, 0x3d, 0xe7, 0x1c, 0xe7, 0x3d, 0xe7, 0x3d, 0xe7,
    0x3d, 0xe7, 0x3d, 0xe7, 0x3d, 0xe7, 0x3d, 0xe7, 0x3d, 0xe7, 0x3d, 0xe7, 0x3d, 0xe7, 0x3d, 0xe7,
    0x3d, 0xe7, 0x3d, 0xe7, 0x3d, 0xe7, 0x3d, 0xe7, 0x3d, 0xe7, 0x3d, 0xe7, 0x3d, 0xe7, 0x3d, 0xe7,
    0x3d, 0xe7, 0x1d, 0xe7, 0x1c, 0xdf, 0x3c, 0xe7, 0x3c, 0x3b, 0xdc, 0x01, 0x3c, 0xbe, 0x9d, 0xf7,
    0x7d, 0xf7, 0x5c, 0xef, 0x1d, 0xe7, 0x3d, 0xe7, 0x3d, 0xe7, 0x3d, 0xe7, 0x3d, 0xe7, 0x3d, 0xe7,
    0x3d, 0xe7, 0x3d, 0xe7, 0x3d, 0xe7, 0x3d, 0xe7, 0x3d, 0xe7, 0x3d, 0xe7, 0x3d, 0xe7, 0x3d, 0xe7,
    0x3d, 0xe7, 0x3d, 0xe7, 0x3d, 0xe7, 0x3d, 0xe7, 0x3d, 0xe7, 0x3d, 0xe7, 0x3d, 0xe7, 0x3d, 0xe7,
    0x1d, 0xe7, 0x3c, 0xe7, 0xfc, 0xde, 0x04, 0x21, 0x2c, 0x6b, 0x75, 0xad, 0x96, 0xb5, 0x28, 0x42,
    0xc7, 0x39, 0x9e, 0xef, 0xdb, 0xde, 0x59, 0xc6, 0xed, 0x5a, 0x6e, 0x6b, 0x9e, 0xf7, 0x7a, 0xce,
    0x76, 0xad, 0x4d, 0x63, 0x0f, 0x3a, 0x51, 0x19, 0xf0, 0x10, 0x16, 0x7c, 0xff, 0xff, 0x19, 0xc6,
    0x39, 0xc6, 0xb7, 0xb5, 0x29, 0x3a, 0xaf, 0x73, 0xff, 0xff, 0x3d, 0xe7, 0x1c, 0xe7, 0x3d, 0xe7,
    0x3d, 0xe7, 0x1c, 0xe7, 0x1c, 0xe7, 0x3d, 0xe7, 0x3d, 0xe7, 0x3d, 0xe7, 0x3d, 0xe7, 0x3d, 0xe7,
    0x3d, 0xe7, 0x3d, 0xe7, 0x3d, 0xe7, 0x3d, 0xe7, 0x3d, 0xe7, 0x3d, 0xe7, 0x3d, 0xe7, 0x3d, 0xe7,
    0x3d, 0xe7, 0x1c, 0xe7, 0x3d, 0xe7, 0x3d, 0xe7, 0x3d, 0xe7, 0x3d, 0xe7, 0x3d, 0xe7, 0x3d, 0xe7,
    0x3d, 0xe7, 0x3d, 0xe7, 0x3d, 0xe7, 0x3d, 0xe7, 0x3d, 0xe7, 0x3d, 0xe7, 0x3d, 0xe7, 0x3d, 0xe7,
    0x3d, 0xe7, 0x3d, 0xe7, 0x3d, 0xe7, 0x3d, 0xe7, 0x3c, 0xe7, 0x7c, 0xef, 0x7d, 0xf7, 0x1d, 0xdf,
    0x1c, 0x64, 0x7c, 0x43, 0x7d, 0xce, 0x3c, 0xe7, 0x1c, 0xdf, 0x1c, 0xe7, 0x3d, 0xe7, 0x3d, 0xe7,
    0x3d, 0xe7, 0x3d, 0xe7, 0x3d, 0xe7, 0x3d, 0xe7, 0x3d, 0xe7, 0x3d, 0xe7, 0x3d, 0xe7, 0x3d, 0xe7,
    0x3d, 0xe7, 0x3d, 0xe7, 0x3d, 0xe7, 0x3d, 0xe7, 0x3d, 0xe7, 0x3d, 0xe7, 0x3d, 0xe7, 0x3d, 0xe7,
    0x3d, 0xe7, 0x3d, 0xe7, 0x3d, 0xe7, 0x3d, 0xe7, 0x3c, 0xe7, 0x3d, 0xe7, 0x1c, 0xe7, 0xa6, 0x31,
    0x65, 0x29, 0x8e, 0x73, 0x6d, 0x6b, 0x04, 0x21, 0x8a, 0x52, 0x7e, 0xef, 0xdb, 0xd6, 0x59, 0xc6,
    0xed, 0x5a, 0x6e, 0x6b, 0x9e, 0xf7, 0x7a, 0xce, 0x76, 0xad, 0x4d, 0x63, 0x0f, 0x3a, 0x51, 0x19,
    0xf0, 0x10, 0x16, 0x7c, 0xff, 0xff, 0x19, 0xc6, 0x39, 0xc6, 0xb7, 0xb5, 0x29, 0x3a, 0xaf, 0x73,
    0xff, 0xff, 0x3d, 0xe7, 0x1c, 0xe7, 0x3d, 0xe7, 0x1c, 0xe7, 0x1c, 0xe7, 0x3d, 0xe7, 0x3d, 0xe7,
    0x3d, 0xe7, 0x3d, 0xe7, 0x3d, 0xe7, 0x3d, 0xe7, 0x3d, 0xe7, 0x3d, 0xe7, 0x3d, 0xe7, 0x3d, 0xe7,
    0x1c, 0xe7, 0x1c, 0xe7, 0x3d, 0xe7, 0x3d, 0xe7, 0x3d, 0xe7, 0x3d, 0xe7, 0x3d, 0xe7, 0x3d, 0xe7,
    0x3d, 0xe7, 0x3d, 0xe7, 0x3d, 0xe7, 0x3d, 0xe7, 0x3d, 0xe7, 0x3d, 0xe7, 0x3d, 0xe7, 0x3d, 0xe7,
    0x3d, 0xe7, 0x3d, 0xe7, 0x3d, 0xe7, 0x3d, 0xe7, 0x3d, 0xe7, 0x3d, 0xe7, 0x1d, 0xe7, 0x3d, 0xe7,
    0xfd, 0xde, 0x9c, 0x74, 0xbc, 0x7c, 0xfc, 0xde, 0x7d, 0xef, 0x7d, 0xef, 0x3c, 0xe7, 0x1c, 0xe7,
    0x3d, 0xe7, 0x3d, 0xe7, 0x1c, 0xe7, 0x3d, 0xe7, 0x3d, 0xe7, 0x3d, 0xe7, 0x3d, 0xe7, 0x3d, 0xe7,
    0x3d, 0xe7, 0x3d, 0xe7, 0x3d, 0xe7, 0x3d, 0xe7, 0x3d, 0xe7, 0x3d, 0xe7, 0x3d, 0xe7, 0x3d, 0xe7,
    0x3d, 0xe7, 0x3d, 0xe7, 0x3d, 0xe7, 0x3d, 0xe7, 0x3d, 0xe7, 0x3d, 0xe7, 0x1c, 0xe7, 0x3d, 0xe7,
    0x3d, 0xe7, 0x3d, 0xe7, 0x1c, 0xe7, 0x1c, 0xe7, 0xaa, 0x52, 0x82, 0x10, 0x82, 0x10, 0xae, 0x73,
    0x3d, 0xe7, 0x1c, 0xe7, 0xdb, 0xde, 0x59, 0xc6, 0xed, 0x5a, 0x6e, 0x6b, 0x9e, 0xf7, 0x7a, 0xd6,
    0x76, 0xad, 0x2c, 0x63, 0x0f, 0x3a, 0x51, 0x19, 0xf0, 0x10, 0x36, 0x7c, 0xff, 0xff, 0x19, 0xc6,
    0x39, 0xc6, 0xb7, 0xb5, 0x09, 0x3a, 0xaf, 0x73, 0xff, 0xff, 0x3d, 0xe7, 0x1c, 0xe7, 0x3d, 0xe7,
    0x3d, 0xe7, 0x3d, 0xe7, 0x1c, 0xe7, 0x1c, 0xe7, 0x1c, 0xe7, 0x1c, 0xe7, 0x3d, 0xe7, 0x3d, 0xe7,
    0x3d, 0xe7, 0x3d, 0xe7, 0x3d, 0xe7, 0x3d, 0xe7, 0x3d, 0xe7, 0x1c, 0xe7, 0x1c, 0xe7, 0x3d, 0xe7,
    0x3d, 0xe7, 0x3d, 0xe7, 0x3d, 0xe7, 0x3d, 0xe7, 0x3d, 0xe7, 0x3d, 0xe7, 0x3d, 0xe7, 0x3d, 0xe7,
    0x3d, 0xe7, 0x3d, 0xe7, 0x3d, 0xe7, 0x3d, 0xe7, 0x3d, 0xe7, 0x3d, 0xe7, 0x3d, 0xe7, 0x3d, 0xe7,
    0x3d, 0xe7, 0x3d, 0xe7, 0x3d, 0xe7, 0x5d, 0xef, 0xdd, 0xd6, 0x1b, 0x0a, 0x3b, 0x0a, 0xdd, 0xd6,
    0x3c, 0xe7, 0x1c, 0xe7, 0x1d, 0xe7, 0x3d, 0xe7, 0x3d, 0xe7, 0x3d, 0xe7, 0x3d, 0xe7, 0x3d, 0xe7,
    0x3d, 0xe7, 0x3d, 0xe7, 0x3d, 0xe7, 0x3d, 0xe7, 0x3d, 0xe7, 0x3d, 0xe7, 0x3d, 0xe7, 0x3d, 0xe7,
    0x3d, 0xe7, 0x3d, 0xe7, 0x3d, 0xe7, 0x3d, 0xe7, 0x3d, 0xe7, 0x3d, 0xe7, 0x3d, 0xe7, 0x3d, 0xe7,
    0x3d, 0xe7, 0x3d, 0xe7, 0x1c, 0xe7, 0x3d, 0xe7, 0x3d, 0xe7, 0x3d, 0xe7, 0x1c, 0xe7, 0x5d, 0xe7,
    0xba, 0xd6, 0x39, 0xc6, 0x59, 0xc6, 0xdb, 0xde, 0x5d, 0xe7, 0x3d, 0xe7, 0xdb, 0xde, 0x59, 0xc6,
    0xed, 0x5a, 0x6e, 0x6b, 0x9e, 0xf7, 0x7a, 0xce, 0x76, 0xad, 0x2c, 0x63, 0x0f, 0x3a, 0x51, 0x19,
    0xf0, 0x10, 0x36, 0x7c, 0xff, 0xff, 0x19, 0xc6, 0x39, 0xce, 0xd7, 0xb5, 0x2a, 0x3a, 0xaf, 0x73,
    0xff, 0xff, 0x3d, 0xe7, 0x1c, 0xe7, 0x3d, 0xe7, 0x3d, 0xe7, 0x3d, 0xe7, 0x1c, 0xe7, 0x1c, 0xe7,
    0x1c, 0xe7, 0x1c, 0xe7, 0x3d, 0xe7, 0x3d, 0xe7, 0x3d, 0xe7, 0x3d, 0xe7, 0x3d, 0xe7, 0x3d, 0xe7,
    0x3d, 0xe7, 0x1c, 0xe7, 0x3d, 0xe7, 0x3d, 0xe7, 0x3d, 0xe7, 0x3d, 0xe7, 0x3d, 0xe7, 0x3d, 0xe7,
    0x3d, 0xe7, 0x3d, 0xe7, 0x3d, 0xe7, 0x3d, 0xe7, 0x3d, 0xe7, 0x3d, 0xe7, 0x3d, 0xe7, 0x3d, 0xe7,
    0x3d, 0xe7, 0x3d, 0xe7, 0x3c, 0xe7, 0x3d, 0xe7, 0x3d, 0xe7, 0x3c, 0xe7, 0xdd, 0xd6, 0x7d, 0xc6,
    0xfd, 0xde, 0x5c, 0xbe, 0x5c, 0xc6, 0x1d, 0xe7, 0x1d, 0xe7, 0x3d, 0xe7, 0x3c, 0xe7, 0x3d, 0xe7,
    0x3d, 0xe7, 0x3d, 0xe7, 0x3d, 0xe7, 0x3d, 0xe7, 0x3d, 0xe7, 0x3d, 0xe7, 0x3d, 0xe7, 0x3d, 0xe7,
    0x3d, 0xe7, 0x3d, 0xe7, 0x3d, 0xe7, 0x3d, 0xe7, 0x3d, 0xe7, 0x3d, 0xe7, 0x3d, 0xe7, 0x3d, 0xe7,
    0x3d, 0xe7, 0x3d, 0xe7, 0x3d, 0xe7, 0x3d, 0xe7, 0x3d, 0xe7, 0x3d, 0xe7, 0x3d, 0xe7, 0x3d, 0xe7,
    0x3d, 0xe7, 0x3d, 0xe7, 0x1c, 0xe7, 0x1c, 0xe7, 0x3d, 0xe7, 0x5d, 0xef, 0x5d, 0xef, 0x3d, 0xe7,
    0x1c, 0xe7, 0x3d, 0xe7, 0xdb, 0xde, 0x59, 0xc6, 0xed, 0x5a, 0x6e, 0x6b, 0x9e, 0xf7, 0x7a, 0xce,
    0x56, 0xad, 0x2c, 0x63, 0x0f, 0x3a, 0x51, 0x19, 0xf0, 0x10, 0x16, 0x7c, 0xff, 0xff, 0x19, 0xc6,
    0x39, 0xce, 0xd7, 0xb5, 0x29, 0x3a, 0xaf, 0x73, 0xff, 0xff, 0x3d, 0xe7, 0x1c, 0xe7, 0x1c, 0xe7,
    0x1c, 0xe7, 0x1c, 0xe7, 0x3d, 0xe7, 0x3d, 0xe7, 0x3d, 0xe7, 0x1c, 0xe7, 0x1c, 0xe7, 0x1c, 0xe7,
    0x1c, 0xe7, 0x3d, 0xe7, 0x3d, 0xe7, 0x3d, 0xe7, 0x3d, 0xe7, 0x3d, 0xe7, 0x1c, 0xe7, 0x3d, 0xe7,
    0x3d, 0xe7, 0x3d, 0xe7, 0x3d, 0xe7, 0x3d, 0xe7, 0x3d, 0xe7, 0x3d, 0xe7, 0x3d, 0xe7, 0x3d, 0xe7,
    0x3d, 0xe7, 0x3d, 0xe7, 0x3d, 0xe7, 0x3d, 0xe7, 0x3d, 0xe7, 0x3c, 0xe7, 0x3c, 0xe7, 0x3d, 0xe7,
    0x1c, 0xdf, 0x5c, 0xf7, 0x3c, 0x64, 0xbb, 0x01, 0x3c, 0xbe, 0x9d, 0xf7, 0x5d, 0xef, 0x3d, 0xe7,
    0x3d, 0xe7, 0x3d, 0xe7, 0x3d, 0xe7, 0x3d, 0xe7, 0x3d, 0xe7, 0x3d, 0xe7, 0x1c, 0xe7, 0x3d, 0xe7,
    0x3d, 0xe7, 0x3d, 0xe7, 0x3d, 0xe7, 0x3d, 0xe7, 0x3d, 0xe7, 0x3d, 0xe7, 0x3d, 0xe7, 0x3d, 0xe7,
    0x3d, 0xe7, 0x3d, 0xe7, 0x3d, 0xe7, 0x3d, 0xe7, 0x3d, 0xe7, 0x3d, 0xe7, 0x3d, 0xe7, 0x3d, 0xe7,
    0x3d, 0xe7, 0x3d, 0xe7, 0x3d, 0xe7, 0x3d, 0xe7, 0x3d, 0xe7, 0x1c, 0xe7, 0x1c, 0xe7, 0x1c, 0xe7,
    0x1c, 0xe7, 0x1c, 0xe7, 0x1c, 0xe7, 0x1c, 0xe7, 0x3d, 0xe7, 0x3d, 0xe7, 0xdb, 0xde, 0x59, 0xce,
    0xed, 0x5a, 0x6e, 0x6b, 0x9e, 0xf7, 0x7a, 0xce, 0x56, 0xad, 0x2c, 0x63, 0x0f, 0x3a, 0x51, 0x19,
    0xf0, 0x10, 0x16, 0x7c, 0xff, 0xff, 0x19, 0xc6, 0x39, 0xce, 0xd7, 0xb5, 0x09, 0x3a, 0x8f, 0x73,
    0xff, 0xff, 0x3d, 0xe7, 0x1c, 0xe7, 0x1d, 0xe7, 0x1c, 0xe7, 0x1c, 0xe7, 0x1c, 0xe7, 0x1c, 0xe7,
    0x3d, 0xe7, 0x3d, 0xe7, 0x1c, 0xe7, 0x1c, 0xe7, 0x1c, 0xe7, 0x1c, 0xe7, 0x3d, 0xe7, 0x3d, 0xe7,
    0x3d, 0xe7, 0x3d, 0xe7, 0x3d, 0xe7, 0x3d, 0xe7, 0x3d, 0xe7, 0x3d, 0xe7, 0x3d, 0xe7, 0x3d, 0xe7,
    0x3d, 0xe7, 0x3d, 0xe7, 0x3d, 0xe7, 0x3d, 0xe7, 0x3d, 0xe7, 0x3d, 0xe7, 0x3d, 0xe7, 0x3d, 0xe7,
    0x3d, 0xe7, 0x1d, 0xe7, 0x3d, 0xe7, 0x1c, 0xe7, 0x5d, 0xef, 0xbd, 0xff, 0xbc, 0x7c, 0xbc, 0x22,
    0x5d, 0xbe, 0x5d, 0xef, 0x1c, 0xdf, 0x3d, 0xe7, 0x3d, 0xe7, 0x3d, 0xe7, 0x3d, 0xe7, 0x3d, 0xe7,
    0x3d, 0xe7, 0x3d, 0xe7, 0x3d, 0xe7, 0x3d, 0xe7, 0x3d, 0xe7, 0x3d, 0xe7, 0x3d, 0xe7, 0x3d, 0xe7,
    0x3d, 0xe7, 0x3d, 0xe7, 0x3d, 0xe7, 0x3d, 0xe7, 0x3d, 0xe7, 0x3d, 0xe7, 0x3d, 0xe7, 0x3d, 0xe7,
    0x1c, 0xe7, 0x1c, 0xe7, 0x3d, 0xe7, 0x3d, 0xe7, 0x3d, 0xe7, 0x3d, 0xe7, 0x3d, 0xe7, 0x3d, 0xe7,
    0x3d, 0xe7, 0x3d, 0xe7, 0x1c, 0xe7, 0x1c, 0xe7, 0x1c, 0xe7, 0x3d, 0xe7, 0x3d, 0xe7, 0x3d, 0xe7,
    0x3d, 0xe7, 0x3d, 0xe7, 0xdb, 0xde, 0x59, 0xce, 0xed, 0x5a, 0x6e, 0x6b, 0x9e, 0xf7, 0x7a, 0xce,
    0x56, 0xad, 0x2c, 0x63, 0x0f, 0x3a, 0x51, 0x19, 0xf0, 0x10, 0x16, 0x7c, 0xff, 0xff, 0x19, 0xc6,
    0x39, 0xce, 0xd7, 0xb5, 0x29, 0x3a, 0x8f, 0x73, 0xff, 0xff, 0x3d, 0xe7, 0x1c, 0xe7, 0x1d, 0xe7,
    0x1c, 0xe7, 0x1c, 0xe7, 0x1c, 0xe7, 0x1c, 0xe7, 0x3d, 0xe7, 0x3d, 0xe7, 0x3d, 0xe7, 0x1c, 0xe7,
    0x3d, 0xe7, 0x3d, 0xe7, 0x3d, 0xe7, 0x3d, 0xe7, 0x3d, 0xe7, 0x3d, 0xe7, 0x3d, 0xe7, 0x3d, 0xe7,
    0x3d, 0xe7, 0x3d, 0xe7, 0x3d, 0xe7, 0x3d, 0xe7, 0x3d, 0xe7, 0x3d, 0xe7, 0x3d, 0xe7, 0x3d, 0xe7,
    0x3d, 0xe7, 0x3d, 0xe7, 0x3d, 0xe7, 0x3d, 0xe7, 0x3d, 0xe7, 0x3d, 0xe7, 0x1c, 0xe7, 0x3d, 0xe7,
    0x1c, 0x85, 0x9c, 0x7c, 0x1d, 0xdf, 0x3d, 0xdf, 0x1d, 0xe7, 0x3c, 0xe7, 0x3d, 0xe7, 0x3c, 0xe7,
    0x3d, 0xe7, 0x3d, 0xe7, 0x3d, 0xe7, 0x3d, 0xe7, 0x3d, 0xe7, 0x3d, 0xe7, 0x3d, 0xe7, 0x3d, 0xe7,
    0x3d, 0xe7, 0x3d, 0xe7, 0x3d, 0xe7, 0x3d, 0xe7, 0x3d, 0xe7, 0x3d, 0xe7, 0x3d, 0xe7, 0x3d, 0xe7,
    0x3d, 0xe7, 0x3d, 0xe7, 0x1c, 0xe7, 0x1c, 0xe7, 0x1c, 0xe7, 0x1c, 0xe7, 0x3d, 0xe7, 0x3d, 0xe7,
    0x3d, 0xe7, 0x3d, 0xe7, 0x3d, 0xe7, 0x3d, 0xe7, 0x3d, 0xe7, 0x3d, 0xe7, 0x1c, 0xe7, 0x1c, 0xe7,
    0x1c, 0xe7, 0x3d, 0xe7, 0x3d, 0xe7, 0x3d, 0xe7, 0x3d, 0xe7, 0x3d, 0xe7, 0xdb, 0xde, 0x59, 0xce,
    0xed, 0x5a, 0x6e, 0x6b, 0x9e, 0xf7, 0x7a, 0xce, 0x76, 0xad, 0x2c, 0x63, 0x0f, 0x3a, 0x51, 0x19,
    0xf0, 0x10, 0x16, 0x7c, 0xff, 0xff, 0x19, 0xc6, 0x39, 0xce, 0xd7, 0xb5, 0x2a, 0x3a, 0xaf, 0x73,
    0xff, 0xff, 0x3d, 0xe7, 0x1c, 0xe7, 0x1d, 0xe7, 0x1c, 0xe7, 0x1c, 0xe7, 0x1c, 0xe7, 0x1c, 0xe7,
    0x1c, 0xe7, 0x1c, 0xe7, 0x3d, 0xe7, 0x3d, 0xe7, 0x3d, 0xe7, 0x3d, 0xe7, 0x3d, 0xe7, 0x3d, 0xe7,
    0x3d, 0xe7, 0x3d, 0xe7, 0x3d, 0xe7, 0x3d, 0xe7, 0x3d, 0xe7, 0x3d, 0xe7, 0x3d, 0xe7, 0x3d, 0xe7,
    0x3d, 0xe7, 0x3d, 0xe7, 0x3d, 0xe7, 0x3d, 0xe7, 0x3d, 0xe7, 0x3d, 0xe7, 0x3d, 0xe7, 0x3d, 0xe7,
    0x3d, 0xe7, 0x1d, 0xe7, 0x3c, 0xe7, 0x7d, 0xef, 0xbb, 0x22, 0x3c, 0x0a, 0x3d, 0xe7, 0x3c, 0xe7,
    0x1d, 0xe7, 0x3d, 0xe7, 0x3d, 0xe7, 0x3d, 0xe7, 0x3d, 0xe7, 0x3d, 0xe7, 0x3d, 0xe7, 0x3d, 0xe7,
    0x3d, 0xe7, 0x3d, 0xe7, 0x3d, 0xe7, 0x3d, 0xe7, 0x3d, 0xe7, 0x3d, 0xe7, 0x3d, 0xe7, 0x3d, 0xe7,
    0x3d, 0xe7, 0x3d, 0xe7, 0x3d, 0xe7, 0x1c, 0xe7, 0x1c, 0xe7, 0x3d, 0xe7, 0x3d, 0xe7, 0x3d, 0xe7,
    0x3d, 0xe7, 0x3d, 0xe7, 0x3d, 0xe7, 0x3d, 0xe7, 0x3d, 0xe7, 0x3d, 0xe7, 0x3d, 0xe7, 0x3d, 0xe7,
    0x3d, 0xe7, 0x3d, 0xe7, 0x3d, 0xe7, 0x3d, 0xe7, 0x3d, 0xe7, 0x3d, 0xe7, 0x3d, 0xe7, 0x3d, 0xe7,
    0x1c, 0xe7, 0x3d, 0xe7, 0xdb, 0xde, 0x39, 0xce, 0xed, 0x5a, 0x6e, 0x6b, 0x9e, 0xf7, 0x7a, 0xce,
    0x76, 0xad, 0x2c, 0x63, 0x0f, 0x3a, 0x51, 0x19, 0xf0, 0x10, 0x36, 0x7c, 0xff, 0xff, 0x19, 0xc6,
    0x39, 0xce, 0xd7, 0xbd, 0x2a, 0x42, 0xaf, 0x73, 0xff, 0xff, 0x3d, 0xe7, 0x1c, 0xe7, 0x1d, 0xe7,
    0x1c, 0xe7, 0x1c, 0xe7, 0x3d, 0xe7, 0x1c, 0xe7, 0x1c, 0xe7, 0x1c, 0xe7, 0x3d, 0xe7, 0x3d, 0xe7,
    0x3d, 0xe7, 0x3d, 0xe7, 0x3d, 0xe7, 0x3d, 0xe7, 0x1c, 0xe7, 0x1c, 0xe7, 0x3d, 0xe7, 0x3d, 0xe7,
    0x3d, 0xe7, 0x3d, 0xe7, 0x3d, 0xe7, 0x3d, 0xe7, 0x1c, 0xe7, 0x1c, 0xe7, 0x3d, 0xe7, 0x3d, 0xe7,
    0x3d, 0xe7, 0x3d, 0xe7, 0x3d, 0xe7, 0x3d, 0xe7, 0x3d, 0xe7, 0x1c, 0xe7, 0x1d, 0xdf, 0x3d, 0xdf,
    0xdc, 0xad, 0xbd, 0xa5, 0x3c, 0xe7, 0x3c, 0xe7, 0x1d, 0xe7, 0x3d, 0xe7, 0x3d, 0xe7, 0x3d, 0xe7,
    0x3d, 0xe7, 0x3d, 0xe7, 0x3d, 0xe7, 0x3d, 0xe7, 0x3d, 0xe7, 0x3d, 0xe7, 0x3d, 0xe7, 0x3d, 0xe7,
    0x3d, 0xe7, 0x3d, 0xe7, 0x3d, 0xe7, 0x3d, 0xe7, 0x3d, 0xe7, 0x3d, 0xe7, 0x3d, 0xe7, 0x1c, 0xe7,
    0x1c, 0xe7, 0x3d, 0xe7, 0x3d, 0xe7, 0x3d, 0xe7, 0x3d, 0xe7, 0x3d, 0xe7, 0x3d, 0xe7, 0x3d, 0xe7,
    0x3d, 0xe7, 0x3d, 0xe7, 0x3d, 0xe7, 0x3d, 0xe7, 0x3d, 0xe7, 0x3d, 0xe7, 0x3d, 0xe7, 0x3d, 0xe7,
    0x3d, 0xe7, 0x3d, 0xe7, 0x3d, 0xe7, 0x3d, 0xe7, 0x1c, 0xe7, 0x3d, 0xe7, 0xdb, 0xde, 0x39, 0xc6,
    0xed, 0x5a, 0x6e, 0x6b, 0x9e, 0xf7, 0x7a, 0xd6, 0x76, 0xad, 0x2c, 0x63, 0x0f, 0x3a, 0x51, 0x19,
    0xf0, 0x10, 0x36, 0x7c, 0xff, 0xff, 0x19, 0xc6, 0x39, 0xce, 0xd7, 0xb5, 0x09, 0x3a, 0xaf, 0x73,
    0xff, 0xff, 0x3d, 0xe7, 0x1c, 0xe7, 0x1d, 0xe7, 0x1d, 0xe7, 0x1c, 0xe7, 0x3d, 0xe7, 0x3d, 0xe7,
    0x3d, 0xe7, 0x3d, 0xe7, 0x3d, 0xe7, 0x3d, 0xe7, 0x3d, 0xe7, 0x3d, 0xe7, 0x1c, 0xe7, 0x1c, 0xe7,
    0x1c, 0xe7, 0x1c, 0xe7, 0x3d, 0xe7, 0x3d, 0xe7, 0x3d, 0xe7, 0x3d, 0xe7, 0x3d, 0xe7, 0x3d, 0xe7,
    0x3d, 0xe7, 0x3d, 0xe7, 0x3d, 0xe7, 0x3d, 0xe7, 0x3d, 0xe7, 0x3d, 0xe7, 0x3d, 0xe7, 0x3d, 0xe7,
    0x1c, 0xe7, 0xfd, 0xde, 0x1c, 0x33, 0x9b, 0x4b, 0x9d, 0xf7, 0x7d, 0xef, 0x1c, 0xe7, 0x3c, 0xe7,
    0x3d, 0xe7, 0x3d, 0xe7, 0x3d, 0xe7, 0x3d, 0xe7, 0x3d, 0xe7, 0x3d, 0xe7, 0x3d, 0xe7, 0x3d, 0xe7,
    0x3d, 0xe7, 0x3d, 0xe7, 0x3d, 0xe7, 0x3d, 0xe7, 0x3d, 0xe7, 0x3d, 0xe7, 0x3d, 0xe7, 0x3d, 0xe7,
    0x3d, 0xe7, 0x3d, 0xe7, 0x3d, 0xe7, 0x3d, 0xe7, 0x3d, 0xe7, 0x3d, 0xe7, 0x3d, 0xe7, 0x3d, 0xe7,
    0x3d, 0xe7, 0x3d, 0xe7, 0x3d, 0xe7, 0x3d, 0xe7, 0x3d, 0xe7, 0x3d, 0xe7, 0x3d, 0xe7, 0x3d, 0xe7,
    0x3d, 0xe7, 0x3d, 0xe7, 0x3d, 0xe7, 0x3d, 0xe7, 0x3d, 0xe7, 0x3d, 0xe7, 0x3d, 0xe7, 0x3d, 0xe7,
    0x3d, 0xe7, 0x3d, 0xe7, 0xdb, 0xde, 0x39, 0xc6, 0xed, 0x5a, 0x6e, 0x6b, 0x9e, 0xf7, 0x7a, 0xd6,
    0x76, 0xad, 0x2c, 0x63, 0x0f, 0x3a, 0x51, 0x19, 0xf0, 0x10, 0x16, 0x7c, 0xff, 0xff, 0x19, 0xc6,
    0x39, 0xce, 0xb7, 0xb5, 0x29, 0x3a, 0x8f, 0x73, 0xff, 0xff, 0x3d, 0xe7, 0x1c, 0xe7, 0x1c, 0xe7,
    0x1c, 0xe7, 0x3d, 0xe7, 0x3d, 0xe7, 0x3d, 0xe7, 0x1c, 0xe7, 0x3d, 0xe7, 0x3d, 0xe7, 0x3d, 0xe7,
    0x3d, 0xe7, 0x1c, 0xe7, 0x1c, 0xe7, 0x1c, 0xe7, 0x1c, 0xe7, 0x1c, 0xe7, 0x3d, 0xe7, 0x3d, 0xe7,
    0x3d, 0xe7, 0x3d, 0xe7, 0x3d, 0xe7, 0x3d, 0xe7, 0x3d, 0xe7, 0x3d, 0xe7, 0x3d, 0xe7, 0x3d, 0xe7,
    0x3d, 0xe7, 0x3d, 0xe7, 0x1d, 0xe7, 0x3c, 0xe7, 0x7d, 0xf7, 0x5d, 0xef, 0xfc, 0x2a, 0x9c, 0x4b,
    0x3d, 0xe7, 0x1c, 0xdf, 0x3d, 0xe7, 0x3d, 0xe7, 0x3d, 0xe7, 0x3d, 0xe7, 0x3d, 0xe7, 0x3d, 0xe7,
    0x3d, 0xe7, 0x3d, 0xe7, 0x3d, 0xe7, 0x3d, 0xe7, 0x3d, 0xe7, 0x3d, 0xe7, 0x3d, 0xe7, 0x3d, 0xe7,
    0x3d, 0xe7, 0x3d, 0xe7, 0x3d, 0xe7, 0x3d, 0xe7, 0x3d, 0xe7, 0x3d, 0xe7, 0x3d, 0xe7, 0x3d, 0xe7,
    0x3d, 0xe7, 0x3d, 0xe7, 0x3d, 0xe7, 0x3d, 0xe7, 0x3d, 0xe7, 0x3d, 0xe7, 0x3d, 0xe7, 0x3d, 0xe7,
    0x3d, 0xe7, 0x3d, 0xe7, 0x3d, 0xe7, 0x3d, 0xe7, 0x3d, 0xe7, 0x3d, 0xe7, 0x3d, 0xe7, 0x3d, 0xe7,
    0x3d, 0xe7, 0x3d, 0xe7, 0x3d, 0xe7, 0x3d, 0xe7, 0x3d, 0xe7, 0x3d, 0xe7, 0xdb, 0xde, 0x39, 0xc6,
    0xed, 0x5a, 0x6e, 0x6b, 0x9e, 0xf7, 0x7a, 0xce, 0x76, 0xad, 0x2c, 0x63, 0x0f, 0x3a, 0x51, 0x19,
    0xf0, 0x10, 0x36, 0x7c, 0xff, 0xff, 0x19, 0xc6, 0x39, 0xc6, 0xb7, 0xb5, 0x2a, 0x42, 0xaf, 0x73,
    0xff, 0xff, 0x3d, 0xe7, 0x1c, 0xe7, 0x1c, 0xe7, 0x1c, 0xe7, 0x3d, 0xe7, 0x3d, 0xe7, 0x3d, 0xe7,
    0x3d, 0xe7, 0x3d, 0xe7, 0x3d, 0xe7, 0x3d, 0xe7, 0x3d, 0xe7, 0x1c, 0xe7, 0x3d, 0xe7, 0x3d, 0xe7,
    0x3d, 0xe7, 0x3d, 0xe7, 0x3d, 0xe7, 0x3d, 0xe7, 0x3d, 0xe7, 0x3d, 0xe7, 0x3d, 0xe7, 0x3d, 0xe7,
    0x3d, 0xe7, 0x3d, 0xe7, 0x3d, 0xe7, 0x3d, 0xe7, 0x3d, 0xe7, 0x3d, 0xe7, 0x3c, 0xe7, 0x1d, 0xe7,
    0x7c, 0x9d, 0xdc, 0xa5, 0x1d, 0xe7, 0xfd, 0xe6, 0x3d, 0xe7, 0x3c, 0xe7, 0x3d, 0xe7, 0x3d, 0xe7,
    0x3d, 0xe7, 0x3d, 0xe7, 0x3d, 0xe7, 0x3d, 0xe7, 0x3d, 0xe7, 0x3d, 0xe7, 0x3d, 0xe7, 0x3d, 0xe7,
    0x3d, 0xe7, 0x3d, 0xe7, 0x3d, 0xe7, 0x3d, 0xe7, 0x3d, 0xe7, 0x3d, 0xe7, 0x3d, 0xe7, 0x3d, 0xe7,
    0x3d, 0xe7, 0x3d, 0xe7, 0x3d, 0xe7, 0x3d, 0xe7, 0x3d, 0xe7, 0x3d, 0xe7, 0x3d, 0xe7, 0x3d, 0xe7,
    0x3d, 0xe7, 0x3d, 0xe7, 0x3d, 0xe7, 0x3d, 0xe7, 0x3d, 0xe7, 0x3d, 0xe7, 0x3d, 0xe7, 0x3d, 0xe7,
    0x3d, 0xe7, 0x3d, 0xe7, 0x3d, 0xe7, 0x3d, 0xe7, 0x3d, 0xe7, 0x3d, 0xe7, 0x3d, 0xe7, 0x3d, 0xe7,
    0x3d, 0xe7, 0x3d, 0xe7, 0xdb, 0xde, 0x39, 0xce, 0xed, 0x5a, 0x6e, 0x6b, 0x9e, 0xf7, 0x7a, 0xce,
    0x76, 0xad, 0x0c, 0x63, 0x0f, 0x3a, 0x51, 0x19, 0xf0, 0x10, 0x36, 0x7c, 0xff, 0xff, 0x19, 0xc6,
    0x39, 0xce, 0xb7, 0xb5, 0x29, 0x42, 0xaf, 0x73, 0xff, 0xff, 0x3d, 0xe7, 0x1c, 0xe7, 0x1d, 0xe7,
    0x1d, 0xe7, 0x3d, 0xe7, 0x3d, 0xe7, 0x3d, 0xe7, 0x3d, 0xe7, 0x3d, 0xe7, 0x3d, 0xe7, 0x1c, 0xe7,
    0x1c, 0xe7, 0x3d, 0xe7, 0x3d, 0xe7, 0x3d, 0xe7, 0x3d, 0xe7, 0x3d, 0xe7, 0x3d, 0xe7, 0x3d, 0xe7,
    0x3d, 0xe7, 0x3d, 0xe7, 0x3d, 0xe7, 0x3d, 0xe7, 0x3d, 0xe7, 0x3d, 0xe7, 0x3d, 0xe7, 0x3d, 0xe7,
    0x3d, 0xe7, 0x1d, 0xe7, 0x3d, 0xe7, 0xfc, 0xd6, 0xdc, 0x01, 0x1c, 0x33, 0x7d, 0xef, 0x1c, 0xe7,
    0x3d, 0xe7, 0x3c, 0xe7, 0x3d, 0xe7, 0x3d, 0xe7, 0x3d, 0xe7, 0x3d, 0xe7, 0x3d, 0xe7, 0x3d, 0xe7,
    0x3d, 0xe7, 0x3d, 0xe7, 0x3d, 0xe7, 0x3d, 0xe7, 0x3d, 0xe7, 0x3d, 0xe7, 0x3d, 0xe7, 0x3d, 0xe7,
    0x3d, 0xe7, 0x3d, 0xe7, 0x3d, 0xe7, 0x3d, 0xe7, 0x3d, 0xe7, 0x3d, 0xe7, 0x3d, 0xe7, 0x3d, 0xe7,
    0x3d, 0xe7, 0x3d, 0xe7, 0x3d, 0xe7, 0x3d, 0xe7, 0x3d, 0xe7, 0x3d, 0xe7, 0x3d, 0xe7, 0x3d, 0xe7,
    0x3d, 0xe7, 0x3d, 0xe7, 0x3d, 0xe7, 0x3d, 0xe7, 0x3d, 0xe7, 0x3d, 0xe7, 0x3d, 0xe7, 0x3d, 0xe7,
    0x3d, 0xe7, 0x3d, 0xe7, 0x3d, 0xe7, 0x3d, 0xe7, 0x3d, 0xe7, 0x3d, 0xe7, 0xdb, 0xde, 0x39, 0xce,
    0xed, 0x5a, 0x6e, 0x6b, 0x9e, 0xf7, 0x7a, 0xce, 0x56, 0xad, 0x2c, 0x63, 0x0f, 0x3a, 0x51, 0x19,
    0xf0, 0x10, 0x36, 0x7c, 0xff, 0xff, 0x39, 0xc6, 0x39, 0xce, 0xb7, 0xb5, 0x2a, 0x42, 0xaf, 0x73,
    0xff, 0xff, 0x3d, 0xe7, 0x1c, 0xe7, 0x3d, 0xe7, 0x3d, 0xe7, 0x3d, 0xe7, 0x3d, 0xe7, 0x3d, 0xe7,
    0x3d, 0xe7, 0x3d, 0xe7, 0x3d, 0xe7, 0x1c, 0xe7, 0x3d, 0xe7, 0x3d, 0xe7, 0x3d, 0xe7, 0x3d, 0xe7,
    0x3d, 0xe7, 0x3d, 0xe7, 0x3d, 0xe7, 0x3d, 0xe7, 0x3d, 0xe7, 0x3d, 0xe7, 0x3d, 0xe7, 0x3d, 0xe7,
    0x3d, 0xe7, 0x3d, 0xe7, 0x3d, 0xe7, 0x3d, 0xe7, 0x1d, 0xe7, 0x1c, 0xe7, 0x7d, 0xef, 0x5d, 0xef,
    0x1c, 0x5c, 0xdc, 0x7c, 0x3d, 0xef, 0x1d, 0xe7, 0x1d, 0xe7, 0x3d, 0xe7, 0x3d, 0xe7, 0x3d, 0xe7,
    0x3d, 0xe7, 0x3d, 0xe7, 0x3d, 0xe7, 0x3d, 0xe7, 0x3d, 0xe7, 0x3d, 0xe7, 0x1c, 0xe7, 0x1c, 0xe7,
    0x3d, 0xe7, 0x3d, 0xe7, 0x3d, 0xe7, 0x3d, 0xe7, 0x3d, 0xe7, 0x3d, 0xe7, 0x3d, 0xe7, 0x3d, 0xe7,
    0x3d, 0xe7, 0x3d, 0xe7, 0x3d, 0xe7, 0x3d, 0xe7, 0x3d, 0xe7, 0x3d, 0xe7, 0x3d, 0xe7, 0x3d, 0xe7,
    0x3d, 0xe7, 0x3d, 0xe7, 0x3d, 0xe7, 0x3d, 0xe7, 0x3d, 0xe7, 0x3d, 0xe7, 0x3d, 0xe7, 0x3d, 0xe7,
    0x3d, 0xe7, 0x3d, 0xe7, 0x3d, 0xe7, 0x3d, 0xe7, 0x3d, 0xe7, 0x3d, 0xe7, 0x3d, 0xe7, 0x3d, 0xe7,
    0x3d, 0xe7, 0x3d, 0xe7, 0xdb, 0xde, 0x59, 0xc6, 0xed, 0x5a, 0x6e, 0x6b, 0x9e, 0xf7, 0x7a, 0xce,
    0x56, 0xad, 0x2c, 0x63, 0x0f, 0x3a, 0x51, 0x19, 0xf0, 0x10, 0x36, 0x7c, 0xff, 0xff, 0x39, 0xc6,
    0x39, 0xce, 0xb7, 0xb5, 0x2a, 0x42, 0xaf, 0x73, 0xff, 0xff, 0x3d, 0xe7, 0x1c, 0xe7, 0x3d, 0xe7,
    0x3d, 0xe7, 0x3d, 0xe7, 0x3d, 0xe7, 0x3d, 0xe7, 0x3d, 0xe7, 0x3d, 0xe7, 0x3d, 0xe7, 0x1c, 0xe7,
    0x1c, 0xe7, 0x3d, 0xe7, 0x3d, 0xe7, 0x3d, 0xe7, 0x3d, 0xe7, 0x3d, 0xe7, 0x3d, 0xe7, 0x1c, 0xe7,
    0x1c, 0xe7, 0x3d, 0xe7, 0x3d, 0xe7, 0x3d, 0xe7, 0x3d, 0xe7, 0x3d, 0xe7, 0x3d, 0xe7, 0x3d, 0xe7,
    0x3c, 0xe7, 0x5d, 0xe7, 0x5c, 0x95, 0x3c, 0x95, 0x7d, 0xef, 0x3d, 0xef, 0x1d, 0xe7, 0x3c, 0xe7,
    0x3d, 0xe7, 0x3d, 0xe7, 0x3d, 0xe7, 0x3d, 0xe7, 0x3d, 0xe7, 0x3d, 0xe7, 0x3d, 0xe7, 0x3d, 0xe7,
    0x3d, 0xe7, 0x3d, 0xe7, 0x1c, 0xe7, 0x1c, 0xe7, 0x3d, 0xe7, 0x3d, 0xe7, 0x3d, 0xe7, 0x3d, 0xe7,
    0x3d, 0xe7, 0x3d, 0xe7, 0x3d, 0xe7, 0x3d, 0xe7, 0x3d, 0xe7, 0x3d, 0xe7, 0x3d, 0xe7, 0x3d, 0xe7,
    0x3d, 0xe7, 0x3d, 0xe7, 0x3d, 0xe7, 0x3d, 0xe7, 0x3d, 0xe7, 0x3d, 0xe7, 0x3d, 0xe7, 0x3d, 0xe7,
    0x3d, 0xe7, 0x3d, 0xe7, 0x3d, 0xe7, 0x3d, 0xe7, 0x3d, 0xe7, 0x3d, 0xe7, 0x3d, 0xe7, 0x3d, 0xe7,
    0x3d, 0xe7, 0x3d, 0xe7, 0x3d, 0xe7, 0x3d, 0xe7, 0x1c, 0xe7, 0x3d, 0xe7, 0xdb, 0xde, 0x39, 0xc6,
    0xed, 0x5a, 0x6e, 0x6b, 0x9e, 0xf7, 0x7a, 0xce, 0x76, 0xad, 0x2c, 0x63, 0x0f, 0x3a, 0x51, 0x19,
    0xf0, 0x10, 0x36, 0x7c, 0xff, 0xff, 0x39, 0xc6, 0x39, 0xce, 0xd7, 0xb5, 0x2a, 0x42, 0xaf, 0x73,
    0xff, 0xff, 0x3d, 0xe7, 0x1c, 0xe7, 0x3d, 0xe7, 0x3d, 0xe7, 0x3d, 0xe7, 0x3d, 0xe7, 0x3d, 0xe7,
    0x3d, 0xe7, 0x3d, 0xe7, 0x3d, 0xe7, 0x1c, 0xe7, 0x1c, 0xe7, 0x3d, 0xe7, 0x3d, 0xe7, 0x3d, 0xe7,
    0x3d, 0xe7, 0x3d, 0xe7, 0x3d, 0xe7, 0x1c, 0xe7, 0x3d, 0xe7, 0x3d, 0xe7, 0x3d, 0xe7, 0x3d, 0xe7,
    0x3d, 0xe7, 0x3d, 0xe7, 0x3d, 0xe7, 0x1d, 0xe7, 0x1c, 0xdf, 0x5d, 0xe7, 0x7b, 0x1a, 0x5c, 0x12,
    0x5c, 0xef, 0x1c, 0xe7, 0x3c, 0xe7, 0x3c, 0xe7, 0x3d, 0xe7, 0x3d, 0xe7, 0x3d, 0xe7, 0x3d, 0xe7,
    0x3d, 0xe7, 0x3d, 0xe7, 0x3d, 0xe7, 0x3d, 0xe7, 0x3d, 0xe7, 0x3d, 0xe7, 0x3d, 0xe7, 0x3d, 0xe7,
    0x3d, 0xe7, 0x3d, 0xe7, 0x3d, 0xe7, 0x3d, 0xe7, 0x3d, 0xe7, 0x3d, 0xe7, 0x3d, 0xe7, 0x3d, 0xe7,
    0x3d, 0xe7, 0x3d, 0xe7, 0x3d, 0xe7, 0x3d, 0xe7, 0x3d, 0xe7, 0x3d, 0xe7, 0x3d, 0xe7, 0x3d, 0xe7,
    0x3d, 0xe7, 0x3d, 0xe7, 0x3d, 0xe7, 0x3d, 0xe7, 0x3d, 0xe7, 0x3d, 0xe7, 0x3d, 0xe7, 0x3d, 0xe7,
    0x3d, 0xe7, 0x3d, 0xe7, 0x3d, 0xe7, 0x3d, 0xe7, 0x3d, 0xe7, 0x3d, 0xe7, 0x3d, 0xe7, 0x3d, 0xe7,
    0x1c, 0xe7, 0x3d, 0xe7, 0xdb, 0xde, 0x39, 0xc6, 0xed, 0x5a, 0x6e, 0x6b, 0x9e, 0xf7, 0x7a, 0xce,
    0x56, 0xad, 0x2c, 0x63, 0x0f, 0x3a, 0x51, 0x19, 0xf0, 0x10, 0x36, 0x7c, 0xff, 0xff, 0x39, 0xc6,
    0x39, 0xce, 0xd7, 0xb5, 0x2a, 0x42, 0xaf, 0x73, 0xff, 0xff, 0x3d, 0xe7, 0x1c, 0xe7, 0x3d, 0xe7,
    0x1c, 0xe7, 0x3d, 0xe7, 0x3d, 0xe7, 0x3d, 0xe7, 0x3d, 0xe7, 0x3d, 0xe7, 0x3d, 0xe7, 0x1c, 0xe7,
    0x1c, 0xe7, 0x3d, 0xe7, 0x3d, 0xe7, 0x3d, 0xe7, 0x3d, 0xe7, 0x3d, 0xe7, 0x3d, 0xe7, 0x3d, 0xe7,
    0x3d, 0xe7, 0x3d, 0xe7, 0x3d, 0xe7, 0x3d, 0xe7, 0x3d, 0xe7, 0x3d, 0xe7, 0x3d, 0xe7, 0x1d, 0xe7,
    0x5d, 0xef, 0x9d, 0xf7, 0xdc, 0x7c, 0xbc, 0x7c, 0x3d, 0xe7, 0x1d, 0xe7, 0x1d, 0xe7, 0x3d, 0xe7,
    0x3c, 0xe7, 0x3d, 0xe7, 0x3d, 0xe7, 0x3d, 0xe7, 0x3d, 0xe7, 0x3d, 0xe7, 0x3d, 0xe7, 0x3d, 0xe7,
    0x3d, 0xe7, 0x3d, 0xe7, 0x3d, 0xe7, 0x3d, 0xe7, 0x3d, 0xe7, 0x3d, 0xe7, 0x3d, 0xe7, 0x3d, 0xe7,
    0x3d, 0xe7, 0x3d, 0xe7, 0x3d, 0xe7, 0x3d, 0xe7, 0x3d, 0xe7, 0x3d, 0xe7, 0x3d, 0xe7, 0x3d, 0xe7,
    0x3d, 0xe7, 0x3d, 0xe7, 0x3d, 0xe7, 0x3d, 0xe7, 0x3d, 0xe7, 0x3d, 0xe7, 0x3d, 0xe7, 0x3d, 0xe7,
    0x3d, 0xe7, 0x3d, 0xe7, 0x3d, 0xe7, 0x3d, 0xe7, 0x3d, 0xe7, 0x3d, 0xe7, 0x3d, 0xe7, 0x3d, 0xe7,
    0x3d, 0xe7, 0x3d, 0xe7, 0x3d, 0xe7, 0x3d, 0xe7, 0x1d, 0xe7, 0x3d, 0xe7, 0xdb, 0xde, 0x39, 0xc6,
    0xed, 0x5a, 0x6e, 0x6b, 0x9e, 0xf7, 0x7a, 0xce, 0x76, 0xad, 0x2c, 0x63, 0x0f, 0x3a, 0x51, 0x19,
    0xf0, 0x10, 0x36, 0x7c, 0xff, 0xff, 0x19, 0xc6, 0x39, 0xce, 0xd7, 0xbd, 0x29, 0x42, 0xaf, 0x73,
    0xff, 0xff, 0x3d, 0xe7, 0x1c, 0xe7, 0x3d, 0xe7, 0x3d, 0xe7, 0x3d, 0xe7, 0x3d, 0xe7, 0x3d, 0xe7,
    0x3d, 0xe7, 0x3d, 0xe7, 0x3d, 0xe7, 0x3d, 0xe7, 0x3d, 0xe7, 0x3d, 0xe7, 0x3d, 0xe7, 0x3d, 0xe7,
    0x3d, 0xe7, 0x3d, 0xe7, 0x1d, 0xe7, 0x1d, 0xe7, 0x1d, 0xe7, 0x3d, 0xe7, 0x3d, 0xe7, 0x3d, 0xe7,
    0x3d, 0xe7, 0x3d, 0xe7, 0x3c, 0xe7, 0x3d, 0xe7, 0x9c, 0x9d, 0x5d, 0x95, 0x7d, 0xef, 0x7d, 0xf7,
    0x3d, 0xe7, 0x3d, 0xe7, 0x3d, 0xe7, 0x3d, 0xe7, 0x3d, 0xe7, 0x3d, 0xe7, 0x3d, 0xe7, 0x3d, 0xe7,
    0x3d, 0xe7, 0x3d, 0xe7, 0x3d, 0xe7, 0x3d, 0xe7, 0x3d, 0xe7, 0x3d, 0xe7, 0x3d, 0xe7, 0x3d, 0xe7,
    0x3d, 0xe7, 0x3d, 0xe7, 0x3d, 0xe7, 0x3d, 0xe7, 0x3d, 0xe7, 0x3d, 0xe7, 0x3d, 0xe7, 0x3d, 0xe7,
    0x3d, 0xe7, 0x3d, 0xe7, 0x3d, 0xe7, 0x3d, 0xe7, 0x3d, 0xe7, 0x3d, 0xe7, 0x3d, 0xe7, 0x3d, 0xe7,
    0x3d, 0xe7, 0x3d, 0xe7, 0x3d, 0xe7, 0x3d, 0xe7, 0x3d, 0xe7, 0x3d, 0xe7, 0x3d, 0xe7, 0x3d, 0xe7,
    0x3d, 0xe7, 0x3d, 0xe7, 0x3d, 0xe7, 0x3d, 0xe7, 0x3d, 0xe7, 0x3d, 0xe7, 0x3d, 0xe7, 0x3d, 0xe7,
    0x1c, 0xe7, 0x3d, 0xe7, 0xdb, 0xde, 0x39, 0xc6, 0xed, 0x5a, 0x6e, 0x6b, 0x9e, 0xf7, 0x7a, 0xce,
    0x76, 0xad, 0x2c, 0x63, 0x0f, 0x3a, 0x51, 0x19, 0xf0, 0x10, 0x36, 0x7c, 0xff, 0xff, 0x19, 0xc6,
    0x39, 0xce, 0xd7, 0xbd, 0x29, 0x42, 0xaf, 0x73, 0xff, 0xff, 0x3d, 0xe7, 0x1c, 0xe7, 0x3d, 0xe7,
    0x3d, 0xe7, 0x3d, 0xe7, 0x3d, 0xe7, 0x3d, 0xe7, 0x3d, 0xe7, 0x3d, 0xe7, 0x3d, 0xe7, 0x3d, 0xe7,
    0x3d, 0xe7, 0x3d, 0xe7, 0x3d, 0xe7, 0x3d, 0xe7, 0x3d, 0xe7, 0x3d, 0xe7, 0x1d, 0xe7, 0x1d, 0xe7,
    0x1d, 0xe7, 0x1c, 0xe7, 0x1c, 0xe7, 0x1c, 0xe7, 0x3d, 0xe7, 0x3d, 0xe7, 0x1c, 0xe7, 0x5d, 0xe7,
    0xbb, 0x22, 0xfc, 0x01, 0xfd, 0xde, 0x1c, 0xe7, 0x3d, 0xe7, 0x3d, 0xe7, 0x3d, 0xe7, 0x3d, 0xe7,
    0x3d, 0xe7, 0x3d, 0xe7, 0x3d, 0xe7, 0x3d, 0xe7, 0x3d, 0xe7, 0x3d, 0xe7, 0x3d, 0xe7, 0x3d, 0xe7,
    0x3d, 0xe7, 0x3d, 0xe7, 0x3d, 0xe7, 0x3d, 0xe7, 0x3d, 0xe7, 0x3d, 0xe7, 0x3d, 0xe7, 0x3d, 0xe7,
    0x3d, 0xe7, 0x3d, 0xe7, 0x3d, 0xe7, 0x3d, 0xe7, 0x3d, 0xe7, 0x3d, 0xe7, 0x3d, 0xe7, 0x3d, 0xe7,
    0x3d, 0xe7, 0x3d, 0xe7, 0x3d, 0xe7, 0x3d, 0xe7, 0x3d, 0xe7, 0x1c, 0xe7, 0x3d, 0xe7, 0x3d, 0xe7,
    0x3d, 0xe7, 0x3d, 0xe7, 0x3d, 0xe7, 0x3d, 0xe7, 0x3d, 0xe7, 0x3d, 0xe7, 0x3d, 0xe7, 0x3d, 0xe7,
    0x3d, 0xe7, 0x3d, 0xe7, 0x3d, 0xe7, 0x3d, 0xe7, 0x1c, 0xe7, 0x3d, 0xe7, 0xdb, 0xde, 0x39, 0xc6,
    0xed, 0x5a, 0x6e, 0x6b, 0x9e, 0xf7, 0x7a, 0xce, 0x76, 0xad, 0x2c, 0x63, 0x0f, 0x3a, 0x51, 0x19,
    0xf0, 0x10, 0x36, 0x7c, 0xff, 0xff, 0x19, 0xc6, 0x39, 0xc6, 0xd7, 0xbd, 0x29, 0x42, 0xaf, 0x73,
    0xff, 0xff, 0x3d, 0xe7, 0x1c, 0xe7, 0x3d, 0xe7, 0x3d, 0xe7, 0x3d, 0xe7, 0x3d, 0xe7, 0x3d, 0xe7,
    0x3d, 0xe7, 0x3d, 0xe7, 0x3d, 0xe7, 0x3d, 0xe7, 0x3d, 0xe7, 0x3d, 0xe7, 0x3d, 0xe7, 0x3d, 0xe7,
    0x3d, 0xe7, 0x3d, 0xe7, 0x1d, 0xe7, 0x1d, 0xe7, 0x1d, 0xe7, 0x3d, 0xe7, 0x7e, 0xef, 0x7e, 0xef,
    0x3c, 0xe7, 0x1c, 0xe7, 0x5d, 0xef, 0xbd, 0xf7, 0xdc, 0x7c, 0x5c, 0x6c, 0x1d, 0xdf, 0x3c, 0xe7,
    0x3d, 0xe7, 0x3d, 0xe7, 0x3d, 0xe7, 0x3d, 0xe7, 0x3d, 0xe7, 0x3d, 0xe7, 0x3d, 0xe7, 0x3d, 0xe7,
    0x3d, 0xe7, 0x3d, 0xe7, 0x3d, 0xe7, 0x3d, 0xe7, 0x3d, 0xe7, 0x3d, 0xe7, 0x3d, 0xe7, 0x3d, 0xe7,
    0x3d, 0xe7, 0x3d, 0xe7, 0x3d, 0xe7, 0x3d, 0xe7, 0x3d, 0xe7, 0x3d, 0xe7, 0x1c, 0xe7, 0x3d, 0xe7,
    0x3d, 0xe7, 0x3d, 0xe7, 0x3d, 0xe7, 0x3d, 0xe7, 0x3d, 0xe7, 0x3d, 0xe7, 0x3d, 0xe7, 0x3d, 0xe7,
    0x3d, 0xe7, 0x3d, 0xe7, 0x3d, 0xe7, 0x3d, 0xe7, 0x3d, 0xe7, 0x3d, 0xe7, 0x3d, 0xe7, 0x3d, 0xe7,
    0x3d, 0xe7, 0x3d, 0xe7, 0x3d, 0xe7, 0x3d, 0xe7, 0x3d, 0xe7, 0x3d, 0xe7, 0x3d, 0xe7, 0x3d, 0xe7,
    0x3d, 0xe7, 0x3d, 0xe7, 0xdb, 0xde, 0x39, 0xc6, 0xed, 0x5a, 0x6e, 0x6b, 0x9e, 0xf7, 0x7a, 0xce,
    0x76, 0xad, 0x2c, 0x63, 0x0f, 0x3a, 0x51, 0x19, 0xf0, 0x10, 0x36, 0x7c, 0xff, 0xff, 0x19, 0xc6,
    0x39, 0xc6, 0xd8, 0xbd, 0x2a, 0x42, 0xaf, 0x73, 0xff, 0xff, 0x3d, 0xe7, 0x1c, 0xe7, 0x3d, 0xe7,
    0x3d, 0xe7, 0x3d, 0xe7, 0x3d, 0xe7, 0x3d, 0xe7, 0x3d, 0xe7, 0x3d, 0xe7, 0x3d, 0xe7, 0x3d, 0xe7,
    0x3d, 0xe7, 0x3d, 0xe7, 0x3d, 0xe7, 0x3d, 0xe7, 0x3d, 0xe7, 0x3d, 0xe7, 0x3d, 0xe7, 0x1c, 0xe7,
    0x3d, 0xe7, 0x3d, 0xe7, 0xf7, 0xbd, 0xf7, 0xbd, 0x1d, 0xe7, 0x5d, 0xef, 0x1c, 0xb6, 0xfd, 0x84,
    0x3d, 0xe7, 0x7d, 0xef, 0x3d, 0xe7, 0x3d, 0xe7, 0x3d, 0xe7, 0x3d, 0xe7, 0x3d, 0xe7, 0x3d, 0xe7,
    0x3d, 0xe7, 0x3d, 0xe7, 0x3d, 0xe7, 0x3d, 0xe7, 0x3d, 0xe7, 0x3d, 0xe7, 0x3d, 0xe7, 0x3d, 0xe7,
    0x3d, 0xe7, 0x3d, 0xe7, 0x3d, 0xe7, 0x3d, 0xe7, 0x3d, 0xe7, 0x3d, 0xe7, 0x3d, 0xe7, 0x3d, 0xe7,
    0x3d, 0xe7, 0x3d, 0xe7, 0x3d, 0xe7, 0x3d, 0xe7, 0x3d, 0xe7, 0x3d, 0xe7, 0x3d, 0xe7, 0x3d, 0xe7,
    0x3d, 0xe7, 0x3d, 0xe7, 0x3d, 0xe7, 0x3d, 0xe7, 0x3d, 0xe7, 0x3d, 0xe7, 0x3d, 0xe7, 0x3d, 0xe7,
    0x1c, 0xe7, 0x1d, 0xe7, 0x1d, 0xe7, 0x1d, 0xe7, 0x3d, 0xe7, 0x3d, 0xe7, 0x3d, 0xe7, 0x3d, 0xe7,
    0x3d, 0xe7, 0x3d, 0xe7, 0x3d, 0xe7, 0x3d, 0xe7, 0x3d, 0xe7, 0x3d, 0xe7, 0xdb, 0xde, 0x39, 0xc6,
    0xed, 0x5a, 0x6e, 0x6b, 0x9e, 0xf7, 0x7a, 0xd6, 0x76, 0xad, 0x2c, 0x63, 0x0f, 0x3a, 0x51, 0x19,
    0xf0, 0x10, 0x36, 0x7c, 0xff, 0xff, 0x19, 0xc6, 0x39, 0xc6, 0xd8, 0xbd, 0x2a, 0x42, 0xaf, 0x73,
    0xff, 0xff, 0x3d, 0xe7, 0x1c, 0xe7, 0x3d, 0xe7, 0x3d, 0xe7, 0x3d, 0xe7, 0x3d, 0xe7, 0x3d, 0xe7,
    0x3d, 0xe7, 0x3d, 0xe7, 0x3d, 0xe7, 0x3d, 0xe7, 0x3d, 0xe7, 0x3d, 0xe7, 0x3d, 0xe7, 0x3d, 0xe7,
    0x3d, 0xe7, 0x3d, 0xe7, 0x3d, 0xe7, 0x3d, 0xe7, 0x7e, 0xef, 0xaf, 0x73, 0x60, 0x08, 0x00, 0x00,
    0x51, 0x8c, 0xbe, 0xff, 0x7c, 0x74, 0x3b, 0x01, 0x5d, 0xc6, 0x3d, 0xe7, 0x1c, 0xe7, 0x3d, 0xe7,
    0x3d, 0xe7, 0x3d, 0xe7, 0x3d, 0xe7, 0x3d, 0xe7, 0x3d, 0xe7, 0x3d, 0xe7, 0x3d, 0xe7, 0x3d, 0xe7,
    0x3d, 0xe7, 0x3d, 0xe7, 0x3d, 0xe7, 0x3d, 0xe7, 0x3d, 0xe7, 0x3d, 0xe7, 0x1c, 0xe7, 0x3d, 0xe7,
    0x1c, 0xe7, 0x1c, 0xe7, 0x3d, 0xe7, 0x3d, 0xe7, 0x3d, 0xe7, 0x3d, 0xe7, 0x3d, 0xe7, 0x3d, 0xe7,
    0x3d, 0xe7, 0x3d, 0xe7, 0x3d, 0xe7, 0x3d, 0xe7, 0x3d, 0xe7, 0x3d, 0xe7, 0x3d, 0xe7, 0x3d, 0xe7,
    0x3d, 0xe7, 0x3d, 0xe7, 0x3d, 0xe7, 0x3d, 0xe7, 0x1c, 0xe7, 0x1d, 0xe7, 0x1d, 0xe7, 0x1d, 0xe7,
    0x3d, 0xe7, 0x3d, 0xe7, 0x3d, 0xe7, 0x3d, 0xe7, 0x3d, 0xe7, 0x3d, 0xe7, 0x3d, 0xe7, 0x3d, 0xe7,
    0x3d, 0xe7, 0x3d, 0xe7, 0xdb, 0xde, 0x59, 0xc6, 0xed, 0x5a, 0x6e, 0x6b, 0x9e, 0xf7, 0x7a, 0xd6,
    0x76, 0xad, 0x2c, 0x63, 0x0f, 0x3a, 0x51, 0x19, 0xf0, 0x10, 0x36, 0x7c, 0xff, 0xff, 0x19, 0xc6,
    0x39, 0xc6, 0xb7, 0xbd, 0x2a, 0x42, 0xaf, 0x73, 0xff, 0xff, 0x3d, 0xe7, 0x1c, 0xe7, 0x3d, 0xe7,
    0x3d, 0xe7, 0x1c, 0xe7, 0x3d, 0xe7, 0x3d, 0xe7, 0x3d, 0xe7, 0x3d, 0xe7, 0x3d, 0xe7, 0x3d, 0xe7,
    0x3d, 0xe7, 0x3d, 0xe7, 0x3d, 0xe7, 0x3d, 0xe7, 0x3d, 0xe7, 0x3d, 0xe7, 0x1d, 0xe7, 0x3d, 0xe7,
    0x14, 0xa5, 0x42, 0x29, 0xab, 0xbd, 0x46, 0x73, 0x00, 0x00, 0xf3, 0xa4, 0xfe, 0xad, 0xdc, 0x53,
    0xdd, 0xce, 0x3c, 0xe7, 0x1c, 0xe7, 0x3d, 0xe7, 0x3c, 0xe7, 0x3d, 0xe7, 0x3d, 0xe7, 0x3d, 0xe7,
    0x3d, 0xe7, 0x3d, 0xe7, 0x3d, 0xe7, 0x3d, 0xe7, 0x3d, 0xe7, 0x3d, 0xe7, 0x3d, 0xe7, 0x3d, 0xe7,
    0x3d, 0xe7, 0x3d, 0xe7, 0x3d, 0xe7, 0x3d, 0xe7, 0x3d, 0xe7, 0x3d, 0xe7, 0x3d, 0xe7, 0x3d, 0xe7,
    0x3d, 0xe7, 0x3d, 0xe7, 0x3d, 0xe7, 0x3d, 0xe7, 0x3d, 0xe7, 0x3d, 0xe7, 0x3d, 0xe7, 0x3d, 0xe7,
    0x3d, 0xe7, 0x3d, 0xe7, 0x3d, 0xe7, 0x3d, 0xe7, 0x3d, 0xe7, 0x3d, 0xe7, 0x3d, 0xe7, 0x3d, 0xe7,
    0x3d, 0xe7, 0x1d, 0xe7, 0x1d, 0xe7, 0x1d, 0xe7, 0x3d, 0xe7, 0x3d, 0xe7, 0x3d, 0xe7, 0x3d, 0xe7,
    0x3d, 0xe7, 0x3d, 0xe7, 0x3d, 0xe7, 0x3d, 0xe7, 0x3d, 0xe7, 0x3d, 0xe7, 0xdb, 0xde, 0x59, 0xc6,
    0xed, 0x5a, 0x6e, 0x6b, 0x9e, 0xf7, 0x7a, 0xd6, 0x76, 0xad, 0x2d, 0x63, 0x0f, 0x3a, 0x51, 0x19,
    0xf0, 0x10, 0x36, 0x7c, 0xff, 0xff, 0x19, 0xc6, 0x39, 0xc6, 0xb7, 0xbd, 0x2a, 0x42, 0xaf, 0x73,
    0xff, 0xff, 0x3d, 0xe7, 0x1c, 0xe7, 0x3d, 0xe7, 0x3d, 0xe7, 0x3d, 0xe7, 0x3d, 0xe7, 0x3d, 0xe7,
    0x3d, 0xe7, 0x3d, 0xe7, 0x3d, 0xe7, 0x3d, 0xe7, 0x3d, 0xe7, 0x3d, 0xe7, 0x1d, 0xe7, 0x1d, 0xe7,
    0x1d, 0xe7, 0x1d, 0xe7, 0x1c, 0xdf, 0x7e, 0xef, 0x25, 0x21, 0xc4, 0x5a, 0x6d, 0xff, 0x8c, 0xff,
    0x46, 0x73, 0x20, 0x00, 0x51, 0x8c, 0xbe, 0xf7, 0x1c, 0xe7, 0x1c, 0xe7, 0x3d, 0xe7, 0x3d, 0xe7,
    0x3d, 0xe7, 0x3d, 0xe7, 0x3d, 0xe7, 0x3d, 0xe7, 0x3d, 0xe7, 0x3d, 0xe7, 0x3d, 0xe7, 0x1c, 0xe7,
    0x3d, 0xe7, 0x3d, 0xe7, 0x3d, 0xe7, 0x3d, 0xe7, 0x3d, 0xe7, 0x3d, 0xe7, 0x3d, 0xe7, 0x3d, 0xe7,
    0x3d, 0xe7, 0x3d, 0xe7, 0x3d, 0xe7, 0x3d, 0xe7, 0x3d, 0xe7, 0x3d, 0xe7, 0x3d, 0xe7, 0x3d, 0xe7,
    0x3d, 0xe7, 0x3d, 0xe7, 0x3d, 0xe7, 0x3d, 0xe7, 0x3d, 0xe7, 0x3d, 0xe7, 0x3d, 0xe7, 0x3d, 0xe7,
    0x3d, 0xe7, 0x3d, 0xe7, 0x3d, 0xe7, 0x3d, 0xe7, 0x3d, 0xe7, 0x3d, 0xe7, 0x3d, 0xe7, 0x3d, 0xe7,
    0x3d, 0xe7, 0x3d, 0xe7, 0x3d, 0xe7, 0x3d, 0xe7, 0x3d, 0xe7, 0x1c, 0xe7, 0x3d, 0xe7, 0x3d, 0xe7,
    0x3d, 0xe7, 0x3d, 0xe7, 0xdb, 0xde, 0x39, 0xc6, 0xed, 0x5a, 0x6e, 0x6b, 0x9e, 0xf7, 0x7a, 0xd6,
    0x76, 0xad, 0x2c, 0x63, 0x0f, 0x3a, 0x51, 0x19, 0xf0, 0x10, 0x36, 0x7c, 0xff, 0xff, 0x19, 0xc6,
    0x39, 0xce, 0xb7, 0xbd, 0x2a, 0x42, 0xaf, 0x73, 0xff, 0xff, 0x3d, 0xe7, 0x1c, 0xe7, 0x3d, 0xe7,
    0x3d, 0xe7, 0x3d, 0xe7, 0x3d, 0xe7, 0x3d, 0xe7, 0x3d, 0xe7, 0x3d, 0xe7, 0x3d, 0xe7, 0x3d, 0xe7,
    0x3d, 0xe7, 0x3d, 0xe7, 0x1d, 0xe7, 0x1d, 0xe7, 0x1d, 0xe7, 0x1c, 0xdf, 0x7e, 0xef, 0x18, 0xc6,
    0xe4, 0x18, 0xe1, 0x20, 0x22, 0x52, 0x08, 0xde, 0xcc, 0xff, 0xc6, 0x83, 0x00, 0x00, 0xaf, 0x73,
    0x7e, 0xef, 0x3d, 0xe7, 0x1c, 0xe7, 0x3d, 0xe7, 0x3d, 0xe7, 0x3d, 0xe7, 0x3d, 0xe7, 0x3d, 0xe7,
    0x3d, 0xe7, 0x3d, 0xe7, 0x3d, 0xe7, 0x1c, 0xe7, 0x3d, 0xe7, 0x3d, 0xe7, 0x3d, 0xe7, 0x3d, 0xe7,
    0x3d, 0xe7, 0x1c, 0xe7, 0x3d, 0xe7, 0x3d, 0xe7, 0x3d, 0xe7, 0x3d, 0xe7, 0x3d, 0xe7, 0x3d, 0xe7,
    0x3d, 0xe7, 0x3d, 0xe7, 0x3d, 0xe7, 0x3d, 0xe7, 0x3d, 0xe7, 0x3d, 0xe7, 0x3d, 0xe7, 0x3d, 0xe7,
    0x3d, 0xe7, 0x3d, 0xe7, 0x3d, 0xe7, 0x3d, 0xe7, 0x3d, 0xe7, 0x3d, 0xe7, 0x3d, 0xe7, 0x3d, 0xe7,
    0x3d, 0xe7, 0x3d, 0xe7, 0x3d, 0xe7, 0x3d, 0xe7, 0x3d, 0xe7, 0x3d, 0xe7, 0x1c, 0xe7, 0x3d, 0xe7,
    0x3d, 0xe7, 0x1c, 0xe7, 0x3d, 0xe7, 0x3d, 0xe7, 0x1c, 0xe7, 0x3d, 0xe7, 0xdb, 0xde, 0x39, 0xc6,
    0xed, 0x5a, 0x6e, 0x6b, 0x9e, 0xf7, 0x7a, 0xd6, 0x76, 0xad, 0x2c, 0x63, 0x0f, 0x3a, 0x51, 0x19,
    0xf0, 0x10, 0x36, 0x7c, 0xff, 0xff, 0x19, 0xc6, 0x39, 0xce, 0xb7, 0xbd, 0x2a, 0x42, 0xaf, 0x73,
    0xff, 0xff, 0x3d, 0xe7, 0x1c, 0xe7, 0x3d, 0xe7, 0x3d, 0xe7, 0x3d, 0xe7, 0x1c, 0xe7, 0x3d, 0xe7,
    0x3d, 0xe7, 0x3d, 0xe7, 0x3d, 0xe7, 0x3d, 0xe7, 0x3d, 0xe7, 0x3d, 0xe7, 0x1d, 0xe7, 0x1d, 0xe7,
    0xfc, 0xde, 0x9e, 0xef, 0x96, 0xb5, 0xa2, 0x10, 0x22, 0x4a, 0x6a, 0xde, 0x42, 0x29, 0x61, 0x31,
    0x68, 0xde, 0xa9, 0xff, 0x25, 0x94, 0x00, 0x00, 0x2c, 0x63, 0x1c, 0xe7, 0x3d, 0xe7, 0x1c, 0xe7,
    0x3d, 0xe7, 0x3d, 0xe7, 0x3d, 0xe7, 0x3d, 0xe7, 0x3d, 0xe7, 0x3d, 0xe7, 0x3d, 0xe7, 0x3d, 0xe7,
    0x3d, 0xe7, 0x3d, 0xe7, 0x3d, 0xe7, 0x3d, 0xe7, 0x3d, 0xe7, 0x3d, 0xe7, 0x3d, 0xe7, 0x3d, 0xe7,
    0x3d, 0xe7, 0x3d, 0xe7, 0x3d, 0xe7, 0x3d, 0xe7, 0x3d, 0xe7, 0x3d, 0xe7, 0x3d, 0xe7, 0x3d, 0xe7,
    0x3d, 0xe7, 0x3d, 0xe7, 0x3d, 0xe7, 0x3d, 0xe7, 0x3d, 0xe7, 0x3d, 0xe7, 0x3d, 0xe7, 0x3d, 0xe7,
    0x3d, 0xe7, 0x3d, 0xe7, 0x3d, 0xe7, 0x3d, 0xe7, 0x3d, 0xe7, 0x3d, 0xe7, 0x3d, 0xe7, 0x3d, 0xe7,
    0x3d, 0xe7, 0x3d, 0xe7, 0x3d, 0xe7, 0x3d, 0xe7, 0x3d, 0xe7, 0x3d, 0xe7, 0x3d, 0xe7, 0x3d, 0xe7,
    0x3d, 0xe7, 0x3d, 0xe7, 0xdb, 0xde, 0x39, 0xc6, 0xed, 0x5a, 0x6f, 0x6b, 0x9e, 0xf7, 0x7a, 0xd6,
    0x76, 0xad, 0x2c, 0x63, 0x0f, 0x3a, 0x51, 0x19, 0xf0, 0x10, 0x36, 0x7c, 0xff, 0xff, 0x19, 0xc6,
    0x39, 0xce, 0xd7, 0xbd, 0x2a, 0x42, 0xaf, 0x73, 0xff, 0xff, 0x3d, 0xe7, 0x1c, 0xe7, 0x3d, 0xe7,
    0x3d, 0xe7, 0x3d, 0xe7, 0x3d, 0xe7, 0x3d, 0xe7, 0x3d, 0xe7, 0x3d, 0xe7, 0x3d, 0xe7, 0x3d, 0xe7,
    0x3d, 0xe7, 0x3d, 0xe7, 0x3c, 0xe7, 0xfc, 0xde, 0x9e, 0xf7, 0xb6, 0xb5, 0xa3, 0x10, 0x03, 0x42,
    0xec, 0xee, 0x8b, 0xff, 0xe7, 0xd5, 0x63, 0x61, 0xe2, 0x30, 0x45, 0x94, 0x68, 0xff, 0xa6, 0xa4,
    0x00, 0x00, 0xab, 0x52, 0x7e, 0xef, 0x3d, 0xe7, 0x1c, 0xe7, 0x3d, 0xe7, 0x3d, 0xe7, 0x3d, 0xe7,
    0x3d, 0xe7, 0x3d, 0xe7, 0x3d, 0xe7, 0x3d, 0xe7, 0x3d, 0xe7, 0x3d, 0xe7, 0x3d, 0xe7, 0x3d, 0xe7,
    0x3d, 0xe7, 0x3d, 0xe7, 0x3d, 0xe7, 0x3d, 0xe7, 0x3d, 0xe7, 0x3d, 0xe7, 0x1c, 0xe7, 0x3d, 0xe7,
    0x3d, 0xe7, 0x3d, 0xe7, 0x3d, 0xe7, 0x3d, 0xe7, 0x3d, 0xe7, 0x3d, 0xe7, 0x3d, 0xe7, 0x3d, 0xe7,
    0x3d, 0xe7, 0x3d, 0xe7, 0x3d, 0xe7, 0x3d, 0xe7, 0x3d, 0xe7, 0x3d, 0xe7, 0x3d, 0xe7, 0x3d, 0xe7,
    0x3d, 0xe7, 0x3d, 0xe7, 0x3d, 0xe7, 0x3d, 0xe7, 0x3d, 0xe7, 0x3d, 0xe7, 0x3d, 0xe7, 0x3d, 0xe7,
    0x3d, 0xe7, 0x3d, 0xe7, 0x3d, 0xe7, 0x3d, 0xe7, 0x3d, 0xe7, 0x3d, 0xe7, 0xdb, 0xde, 0x59, 0xc6,
    0xed, 0x5a, 0x6f, 0x6b, 0x9e, 0xf7, 0x9a, 0xd6, 0x76, 0xad, 0x2c, 0x63, 0x0f, 0x3a, 0x51, 0x19,
    0xf0, 0x10, 0x36, 0x7c, 0xff, 0xff, 0x39, 0xc6, 0x39, 0xce, 0xd7, 0xb5, 0x2a, 0x42, 0xaf, 0x73,
    0xff, 0xff, 0x3d, 0xe7, 0x1c, 0xe7, 0x3d, 0xe7, 0x3d, 0xe7, 0x3d, 0xe7, 0x3d, 0xe7, 0x3d, 0xe7,
    0x3d, 0xe7, 0x3d, 0xe7, 0x3d, 0xe7, 0x3d, 0xe7, 0x3d, 0xe7, 0x3d, 0xe7, 0x1c, 0xdf, 0x7e, 0xef,
    0x96, 0xb5, 0x25, 0x21, 0x23, 0x4a, 0xcc, 0xe6, 0x4b, 0xff, 0xe7, 0xf6, 0xa5, 0xe4, 0xa4, 0xc9,
    0x62, 0x68, 0x00, 0x08, 0xe5, 0x8b, 0xe7, 0xfe, 0x05, 0x94, 0x20, 0x08, 0xcb, 0x52, 0xdb, 0xde,
    0x3d, 0xe7, 0x1c, 0xe7, 0x3c, 0xe7, 0x3d, 0xe7, 0x3d, 0xe7, 0x3d, 0xe7, 0x3d, 0xe7, 0x3d, 0xe7,
    0x3d, 0xe7, 0x3d, 0xe7, 0x3d, 0xe7, 0x3d, 0xe7, 0x3d, 0xe7, 0x3d, 0xe7, 0x3d, 0xe7, 0x3d, 0xe7,
    0x3d, 0xe7, 0x3d, 0xe7, 0x1c, 0xe7, 0x3d, 0xe7, 0x3d, 0xe7, 0x3d, 0xe7, 0x3d, 0xe7, 0x3d, 0xe7,
    0x3d, 0xe7, 0x3d, 0xe7, 0x3d, 0xe7, 0x3d, 0xe7, 0x3d, 0xe7, 0x3d, 0xe7, 0x3d, 0xe7, 0x3d, 0xe7,
    0x3d, 0xe7, 0x3d, 0xe7, 0x3d, 0xe7, 0x3d, 0xe7, 0x3d, 0xe7, 0x3d, 0xe7, 0x3d, 0xe7, 0x3d, 0xe7,
    0x3d, 0xe7, 0x3d, 0xe7, 0x3d, 0xe7, 0x3d, 0xe7, 0x3d, 0xe7, 0x3d, 0xe7, 0x3d, 0xe7, 0x3d, 0xe7,
    0x3d, 0xe7, 0x3d, 0xe7, 0xdb, 0xde, 0x59, 0xc6, 0xed, 0x5a, 0x6e, 0x6b, 0x9e, 0xf7, 0x9a, 0xd6,
    0x76, 0xad, 0x2c, 0x63, 0x0f, 0x3a, 0x51, 0x19, 0xf0, 0x10, 0x36, 0x7c, 0xff, 0xff, 0x39, 0xc6,
    0x39, 0xce, 0xd7, 0xb5, 0x2a, 0x42, 0xaf, 0x73, 0xff, 0xff, 0x3d, 0xe7, 0x1c, 0xe7, 0x3d, 0xe7,
    0x3d, 0xe7, 0x3d, 0xe7, 0x3d, 0xe7, 0x3d, 0xe7, 0x3d, 0xe7, 0x3d, 0xe7, 0x3d, 0xe7, 0x3d, 0xe7,
    0x3d, 0xe7, 0x1c, 0xe7, 0x3d, 0xe7, 0xdb, 0xde, 0xc7, 0x31, 0x00, 0x28, 0x6a, 0xe5, 0x8b, 0xff,
    0xc7, 0xf6, 0xc5, 0xd3, 0xc3, 0xb0, 0xc3, 0xb0, 0x24, 0xc1, 0xa3, 0x70, 0x00, 0x00, 0xc6, 0xac,
    0x08, 0xff, 0x45, 0xa4, 0x20, 0x00, 0x79, 0xce, 0x5d, 0xef, 0x1c, 0xdf, 0x1c, 0xe7, 0x1c, 0xe7,
    0x1c, 0xe7, 0x3d, 0xe7, 0x3d, 0xe7, 0x3d, 0xe7, 0x3d, 0xe7, 0x3d, 0xe7, 0x3d, 0xe7, 0x3d, 0xe7,
    0x3d, 0xe7, 0x3d, 0xe7, 0x3d, 0xe7, 0x3d, 0xe7, 0x3d, 0xe7, 0x3d, 0xe7, 0x3d, 0xe7, 0x3d, 0xe7,
    0x3d, 0xe7, 0x3d, 0xe7, 0x3d, 0xe7, 0x3d, 0xe7, 0x3d, 0xe7, 0x3d, 0xe7, 0x3d, 0xe7, 0x3d, 0xe7,
    0x3d, 0xe7, 0x3d, 0xe7, 0x3d, 0xe7, 0x3d, 0xe7, 0x3d, 0xe7, 0x3d, 0xe7, 0x3d, 0xe7, 0x3d, 0xe7,
    0x3d, 0xe7, 0x3d, 0xe7, 0x3d, 0xe7, 0x3d, 0xe7, 0x3d, 0xe7, 0x3d, 0xe7, 0x3d, 0xe7, 0x3d, 0xe7,
    0x3d, 0xe7, 0x3d, 0xe7, 0x3d, 0xe7, 0x3d, 0xe7, 0x1d, 0xe7, 0x3d, 0xe7, 0xdb, 0xde, 0x59, 0xc6,
    0xed, 0x5a, 0x6e, 0x6b, 0x9e, 0xf7, 0x7a, 0xd6, 0x76, 0xad, 0x2d, 0x63, 0x0f, 0x3a, 0x51, 0x19,
    0xf0, 0x10, 0x36, 0x7c, 0xff, 0xff, 0x19, 0xc6, 0x39, 0xce, 0xd7, 0xb5, 0x29, 0x42, 0xaf, 0x73,
    0xff, 0xff, 0x3d, 0xe7, 0x1c, 0xe7, 0x3d, 0xe7, 0x3d, 0xe7, 0x3d, 0xe7, 0x3d, 0xe7, 0x3d, 0xe7,
    0x3d, 0xe7, 0x3d, 0xe7, 0x3d, 0xe7, 0x3c, 0xe7, 0x1c, 0xe7, 0x7d, 0xef, 0x59, 0xce, 0xa3, 0x10,
    0x60, 0x30, 0x49, 0xd4, 0xa9, 0xf6, 0x07, 0xf7, 0xa5, 0xd3, 0xc3, 0xb0, 0xe4, 0xb8, 0x04, 0xb9,
    0xc3, 0xa8, 0xa3, 0x88, 0x82, 0x58, 0x81, 0x20, 0xe7, 0xb4, 0x83, 0x62, 0x41, 0x00, 0xf3, 0x9c,
    0x3d, 0xe7, 0x3d, 0xe7, 0x1c, 0xe7, 0x1c, 0xe7, 0x3d, 0xe7, 0x3d, 0xe7, 0x3d, 0xe7, 0x3d, 0xe7,
    0x3d, 0xe7, 0x1c, 0xe7, 0x3d, 0xe7, 0x3d, 0xe7, 0x3d, 0xe7, 0x3d, 0xe7, 0x3d, 0xe7, 0x3d, 0xe7,
    0x3d, 0xe7, 0x3d, 0xe7, 0x3d, 0xe7, 0x3d, 0xe7, 0x3d, 0xe7, 0x3d, 0xe7, 0x3d, 0xe7, 0x3d, 0xe7,
    0x3d, 0xe7, 0x3d, 0xe7, 0x3d, 0xe7, 0x1d, 0xe7, 0x3d, 0xe7, 0x3d, 0xe7, 0x3d, 0xe7, 0x3d, 0xe7,
    0x3d, 0xe7, 0x3d, 0xe7, 0x3d, 0xe7, 0x3d, 0xe7, 0x1c, 0xe7, 0x3d, 0xe7, 0x3d, 0xe7, 0x3d, 0xe7,
    0x3d, 0xe7, 0x3d, 0xe7, 0x3d, 0xe7, 0x3d, 0xe7, 0x3d, 0xe7, 0x3d, 0xe7, 0x3d, 0xe7, 0x3d, 0xe7,
    0x3d, 0xe7, 0x3d, 0xe7, 0xdb, 0xde, 0x39, 0xc6, 0xed, 0x5a, 0x6e, 0x6b, 0x9e, 0xf7, 0x7a, 0xd6,
    0x76, 0xad, 0x2c, 0x63, 0x0f, 0x3a, 0x51, 0x19, 0xf0, 0x10, 0x36, 0x7c, 0xff, 0xff, 0x19, 0xc6,
    0x39, 0xce, 0xb7, 0xb5, 0x2a, 0x42, 0xaf, 0x73, 0xff, 0xff, 0x5d, 0xe7, 0x1c, 0xe7, 0x3d, 0xe7,
    0x3d, 0xe7, 0x3d, 0xe7, 0x3d, 0xe7, 0x3d, 0xe7, 0x3d, 0xe7, 0x3d, 0xe7, 0x3d, 0xe7, 0xfc, 0xe6,
    0x7d, 0xef, 0xf7, 0xbd, 0x24, 0x21, 0xa0, 0x30, 0xe3, 0xa9, 0xe7, 0xe4, 0x89, 0xff, 0x05, 0xdc,
    0xe3, 0xb0, 0xe4, 0xb8, 0x04, 0xb9, 0x04, 0xb9, 0xa3, 0x90, 0x83, 0x78, 0xa3, 0x78, 0x00, 0x10,
    0x80, 0x10, 0x61, 0x08, 0x35, 0xa5, 0xb7, 0xbd, 0xb2, 0x94, 0xdb, 0xde, 0x1c, 0xe7, 0x1c, 0xe7,
    0x3d, 0xe7, 0x1c, 0xe7, 0x3d, 0xe7, 0x3d, 0xe7, 0x3d, 0xe7, 0x3d, 0xe7, 0x3d, 0xe7, 0x3d, 0xe7,
    0x3d, 0xe7, 0x3d, 0xe7, 0x3d, 0xe7, 0x3d, 0xe7, 0x3d, 0xe7, 0x3d, 0xe7, 0x3d, 0xe7, 0x3d, 0xe7,
    0x3d, 0xe7, 0x3d, 0xe7, 0x3d, 0xe7, 0x3d, 0xe7, 0x3d, 0xe7, 0x3d, 0xe7, 0x3d, 0xe7, 0x1d, 0xe7,
    0x1d, 0xe7, 0x1d, 0xe7, 0x3d, 0xe7, 0x3d, 0xe7, 0x3d, 0xe7, 0x3d, 0xe7, 0x3d, 0xe7, 0x3d, 0xe7,
    0x3d, 0xe7, 0x3d, 0xe7, 0x3d, 0xe7, 0x3d, 0xe7, 0x3d, 0xe7, 0x3d, 0xe7, 0x3d, 0xe7, 0x3d, 0xe7,
    0x3d, 0xe7, 0x3d, 0xe7, 0x3d, 0xe7, 0x3d, 0xe7, 0x3d, 0xe7, 0x3d, 0xe7, 0xdb, 0xde, 0x59, 0xc6,
    0xed, 0x5a, 0x6e, 0x6b, 0x9e, 0xf7, 0x7a, 0xd6, 0x76, 0xad, 0x2c, 0x63, 0x0f, 0x3a, 0x51, 0x19,
    0xf0, 0x10, 0x36, 0x7c, 0xff, 0xff, 0x19, 0xc6, 0x39, 0xc6, 0xd7, 0xb5, 0x2a, 0x42, 0xaf, 0x73,
    0xff, 0xff, 0x5d, 0xe7, 0x1c, 0xe7, 0x3d, 0xe7, 0x3d, 0xe7, 0x3d, 0xe7, 0x3d, 0xe7, 0x3d, 0xe7,
    0x3d, 0xe7, 0x3d, 0xe7, 0x1c, 0xdf, 0x9e, 0xef, 0xf8, 0xc5, 0x04, 0x21, 0x60, 0x28, 0x44, 0xb2,
    0xc5, 0xdb, 0xa6, 0xf6, 0x86, 0xdc, 0x04, 0xb9, 0xc4, 0xb8, 0x03, 0xb9, 0x04, 0xb9, 0xc3, 0x98,
    0x82, 0x78, 0x83, 0x80, 0x83, 0x78, 0x20, 0x18, 0x31, 0x84, 0x96, 0xb5, 0x5d, 0xef, 0x3d, 0xe7,
    0x96, 0xb5, 0x51, 0x8c, 0x1c, 0xe7, 0x1c, 0xe7, 0x1c, 0xe7, 0x3d, 0xe7, 0x3d, 0xe7, 0x3d, 0xe7,
    0x3d, 0xe7, 0x3d, 0xe7, 0x3d, 0xe7, 0x3d, 0xe7, 0x3d, 0xe7, 0x3d, 0xe7, 0x3d, 0xe7, 0x3d, 0xe7,
    0x3d, 0xe7, 0x3d, 0xe7, 0x3d, 0xe7, 0x3d, 0xe7, 0x3d, 0xe7, 0x3d, 0xe7, 0x3d, 0xe7, 0x3d, 0xe7,
    0x3d, 0xe7, 0x1c, 0xe7, 0x3d, 0xe7, 0x1d, 0xe7, 0x1d, 0xe7, 0x1d, 0xe7, 0x3d, 0xe7, 0x3c, 0xe7,
    0x3d, 0xe7, 0x3d, 0xe7, 0x3d, 0xe7, 0x3d, 0xe7, 0x3d, 0xe7, 0x3d, 0xe7, 0x3d, 0xe7, 0x3d, 0xe7,
    0x3d, 0xe7, 0x3d, 0xe7, 0x3d, 0xe7, 0x3d, 0xe7, 0x3d, 0xe7, 0x3d, 0xe7, 0x3d, 0xe7, 0x3d, 0xe7,
    0x3d, 0xe7, 0x3d, 0xe7, 0xdb, 0xde, 0x59, 0xc6, 0xed, 0x5a, 0x6e, 0x6b, 0x9e, 0xf7, 0x7a, 0xd6,
    0x76, 0xad, 0x2d, 0x63, 0x0f, 0x3a, 0x51, 0x19, 0xf0, 0x10, 0x36, 0x7c, 0xff, 0xff, 0x19, 0xc6,
    0x39, 0xc6, 0xd7, 0xbd, 0x2a, 0x42, 0xaf, 0x73, 0xff, 0xff, 0x5d, 0xe7, 0x1c, 0xe7, 0x3d, 0xe7,
    0x3d, 0xe7, 0x3d, 0xe7, 0x3d, 0xe7, 0x3d, 0xe7, 0x3d, 0xe7, 0xfc, 0xde, 0x7e, 0xf7, 0x18, 0xc6,
    0x65, 0x29, 0x40, 0x20, 0x85, 0xb2, 0xc3, 0xc1, 0x25, 0xd4, 0x67, 0xed, 0x23, 0xb9, 0xc4, 0xb0,
    0x04, 0xb9, 0xe4, 0xb8, 0xc3, 0xa0, 0x82, 0x78, 0x83, 0x78, 0xa3, 0x78, 0x41, 0x38, 0x30, 0x8c,
    0x7e, 0xef, 0x9e, 0xf7, 0x1c, 0xe7, 0x1d, 0xe7, 0x5d, 0xef, 0x76, 0xad, 0xd3, 0x9c, 0x5d, 0xef,
    0x3d, 0xe7, 0x1c, 0xe7, 0x3d, 0xe7, 0x3d, 0xe7, 0x3d, 0xe7, 0x3d, 0xe7, 0x3d, 0xe7, 0x3d, 0xe7,
    0x3d, 0xe7, 0x3d, 0xe7, 0x3d, 0xe7, 0x3d, 0xe7, 0x3d, 0xe7, 0x3d, 0xe7, 0x3d, 0xe7, 0x3d, 0xe7,
    0x3d, 0xe7, 0x3d, 0xe7, 0x3d, 0xe7, 0x3d, 0xe7, 0x3d, 0xe7, 0x3d, 0xe7, 0x3d, 0xe7, 0x1d, 0xe7,
    0x1d, 0xe7, 0x1d, 0xe7, 0x3d, 0xe7, 0x3c, 0xe7, 0x3d, 0xe7, 0x3d, 0xe7, 0x3d, 0xe7, 0x3d, 0xe7,
    0x3d, 0xe7, 0x3d, 0xe7, 0x3d, 0xe7, 0x3d, 0xe7, 0x3d, 0xe7, 0x3d, 0xe7, 0x3d, 0xe7, 0x3d, 0xe7,
    0x3d, 0xe7, 0x3d, 0xe7, 0x3d, 0xe7, 0x3d, 0xe7, 0x3d, 0xe7, 0x3d, 0xe7, 0xdb, 0xde, 0x59, 0xc6,
    0xed, 0x5a, 0x6e, 0x6b, 0x9e, 0xf7, 0x7a, 0xce, 0x76, 0xad, 0x2d, 0x63, 0x0f, 0x3a, 0x51, 0x19,
    0xf0, 0x10, 0x36, 0x7c, 0xff, 0xff, 0x19, 0xc6, 0x39, 0xce, 0xb7, 0xbd, 0x29, 0x42, 0xaf, 0x73,
    0xff, 0xff, 0x3d, 0xe7, 0x1c, 0xe7, 0x3d, 0xe7, 0x3d, 0xe7, 0x3d, 0xe7, 0x3d, 0xe7, 0x3d, 0xe7,
    0xfc, 0xe6, 0x7e, 0xef, 0x59, 0xce, 0x86, 0x29, 0x00, 0x10, 0x04, 0x9a, 0x24, 0xca, 0xe3, 0xb0,
    0x04, 0xc2, 0xc4, 0xb9, 0xa3, 0xb0, 0x04, 0xb9, 0xe4, 0xb8, 0xe4, 0xb0, 0xa3, 0x88, 0x83, 0x78,
    0xa3, 0x78, 0xa3, 0x80, 0x00, 0x08, 0x18, 0xbe, 0x7e, 0xef, 0xfc, 0xde, 0x3d, 0xe7, 0x1c, 0xe7,
    0x3d, 0xe7, 0x3d, 0xe7, 0x35, 0xa5, 0x92, 0x94, 0x39, 0xc6, 0x3d, 0xe7, 0x1c, 0xe7, 0x3d, 0xe7,
    0x3d, 0xe7, 0x3d, 0xe7, 0x3d, 0xe7, 0x3d, 0xe7, 0x3d, 0xe7, 0x3d, 0xe7, 0x3d, 0xe7, 0x3d, 0xe7,
    0x3d, 0xe7, 0x3d, 0xe7, 0x3d, 0xe7, 0x1c, 0xe7, 0x1c, 0xe7, 0x3d, 0xe7, 0x3d, 0xe7, 0x3d, 0xe7,
    0x3d, 0xe7, 0x3d, 0xe7, 0x3d, 0xe7, 0x3d, 0xe7, 0x3d, 0xe7, 0x3d, 0xe7, 0x3d, 0xe7, 0x3d, 0xe7,
    0x3d, 0xe7, 0x3d, 0xe7, 0x3d, 0xe7, 0x3d, 0xe7, 0x3d, 0xe7, 0x3d, 0xe7, 0x3d, 0xe7, 0x3d, 0xe7,
    0x3d, 0xe7, 0x3d, 0xe7, 0x3d, 0xe7, 0x3d, 0xe7, 0x3d, 0xe7, 0x3d, 0xe7, 0x3d, 0xe7, 0x3d, 0xe7,
    0x3d, 0xe7, 0x3d, 0xe7, 0xdb, 0xde, 0x59, 0xc6, 0xed, 0x5a, 0x6e, 0x6b, 0x9e, 0xf7, 0x7a, 0xce,
    0x76, 0xad, 0x2c, 0x63, 0x0f, 0x3a, 0x51, 0x19, 0xf0, 0x10, 0x36, 0x7c, 0xff, 0xff, 0x19, 0xc6,
    0x39, 0xce, 0xb7, 0xb5, 0x29, 0x42, 0xaf, 0x73, 0xff, 0xff, 0x3d, 0xe7, 0x1c, 0xe7, 0x3d, 0xe7,
    0x3d, 0xe7, 0x3d, 0xe7, 0x3d, 0xe7, 0x1c, 0xe7, 0x7e, 0xef, 0x59, 0xce, 0x86, 0x31, 0x40, 0x18,
    0x45, 0xaa, 0xc4, 0xc9, 0xe3, 0xb8, 0xe4, 0xb8, 0xc3, 0xb8, 0xc3, 0xb8, 0xe4, 0xb8, 0xe4, 0xb8,
    0x04, 0xb9, 0xc3, 0x98, 0xa3, 0x80, 0x83, 0x78, 0xa3, 0x80, 0x41, 0x38, 0xaf, 0x7b, 0xdb, 0xd6,
    0x3d, 0xe7, 0x1c, 0xe7, 0x3d, 0xe7, 0x3d, 0xe7, 0x1c, 0xe7, 0x3d, 0xe7, 0x3d, 0xef, 0x51, 0x8c,
    0x34, 0xa5, 0x9e, 0xf7, 0x1c, 0xe7, 0x3d, 0xe7, 0x3d, 0xe7, 0x3d, 0xe7, 0x1c, 0xe7, 0x1c, 0xe7,
    0x1c, 0xdf, 0x1c, 0xe7, 0x1c, 0xe7, 0x1c, 0xdf, 0x1c, 0xdf, 0x1c, 0xe7, 0x1c, 0xe7, 0x1c, 0xe7,
    0xbf, 0xf7, 0x3d, 0xe7, 0x1c, 0xe7, 0x3d, 0xe7, 0x3d, 0xe7, 0x3d, 0xe7, 0x3d, 0xe7, 0x3d, 0xe7,
    0x3d, 0xe7, 0x3d, 0xe7, 0x3d, 0xe7, 0x3d, 0xe7, 0x3d, 0xe7, 0x3d, 0xe7, 0x3d, 0xe7, 0x3d, 0xe7,
    0x3d, 0xe7, 0x3d, 0xe7, 0x3d, 0xe7, 0x3d, 0xe7, 0x3d, 0xe7, 0x3d, 0xe7, 0x3d, 0xe7, 0x3d, 0xe7,
    0x3d, 0xe7, 0x3d, 0xe7, 0x3d, 0xe7, 0x3d, 0xe7, 0x3d, 0xe7, 0x3d, 0xe7, 0xdb, 0xde, 0x39, 0xc6,
    0xed, 0x5a, 0x4e, 0x6b, 0x9e, 0xf7, 0x7a, 0xce, 0x56, 0xad, 0x2c, 0x63, 0x0f, 0x3a, 0x51, 0x19,
    0xf0, 0x10, 0x36, 0x7c, 0xff, 0xff, 0x19, 0xc6, 0x39, 0xce, 0xb7, 0xb5, 0x29, 0x42, 0xaf, 0x73,
    0xff, 0xff, 0x5d, 0xe7, 0x1c, 0xe7, 0x3d, 0xe7, 0x3d, 0xe7, 0x3d, 0xe7, 0x1c, 0xe7, 0x3d, 0xe7,
    0xfb, 0xde, 0x6e, 0x6b, 0x00, 0x10, 0x04, 0x9a, 0xc4, 0xc9, 0xc4, 0xb0, 0x04, 0xa1, 0xe4, 0xa8,
    0x04, 0xa9, 0x03, 0xb1, 0xe3, 0xb8, 0xe4, 0xb0, 0xc3, 0xa0, 0x83, 0x80, 0xa3, 0x78, 0xa3, 0x78,
    0xa3, 0x70, 0x82, 0x20, 0x79, 0xc6, 0x9e, 0xf7, 0x1c, 0xe7, 0x3d, 0xe7, 0x3d, 0xe7, 0x3d, 0xe7,
    0x3d, 0xe7, 0x1c, 0xe7, 0x5d, 0xef, 0xba, 0xd6, 0xd3, 0x9c, 0x18, 0xc6, 0x3d, 0xe7, 0x1c, 0xe7,
    0x3d, 0xe7, 0x3d, 0xe7, 0x9e, 0xf7, 0xdf, 0xf7, 0xdf, 0xf7, 0x5d, 0xe7, 0x5d, 0xef, 0xbf, 0xf7,
    0xbf, 0xf7, 0x9e, 0xf7, 0x5d, 0xe7, 0x5d, 0xe7, 0x0c, 0x5b, 0xdb, 0xde, 0x5d, 0xef, 0x1c, 0xe7,
    0x3d, 0xe7, 0x3d, 0xe7, 0x3d, 0xe7, 0x3d, 0xe7, 0x3d, 0xe7, 0x3d, 0xe7, 0x3d, 0xe7, 0x3d, 0xe7,
    0x3d, 0xe7, 0x3d, 0xe7, 0x3d, 0xe7, 0x3d, 0xe7, 0x3d, 0xe7, 0x3d, 0xe7, 0x3d, 0xe7, 0x3d, 0xe7,
    0x3d, 0xe7, 0x3d, 0xe7, 0x3d, 0xe7, 0x3d, 0xe7, 0x3d, 0xe7, 0x3d, 0xe7, 0x3d, 0xe7, 0x3d, 0xe7,
    0x3d, 0xe7, 0x3d, 0xe7, 0xdb, 0xde, 0x39, 0xc6, 0xed, 0x5a, 0x4e, 0x6b, 0x9e, 0xef, 0x7a, 0xce,
    0x56, 0xad, 0x2c, 0x63, 0x0f, 0x3a, 0x51, 0x19, 0xf0, 0x10, 0x36, 0x7c, 0xff, 0xff, 0x19, 0xc6,
    0x39, 0xce, 0xb7, 0xb5, 0x29, 0x3a, 0xaf, 0x73, 0xff, 0xff, 0x3d, 0xef, 0x1c, 0xe7, 0x1d, 0xe7,
    0x1d, 0xe7, 0x3d, 0xe7, 0x1c, 0xe7, 0x9f, 0xf7, 0x71, 0x8c, 0x00, 0x18, 0xe4, 0xa1, 0xa4, 0xc9,
    0x04, 0xc1, 0xa2, 0x70, 0x00, 0x08, 0x00, 0x10, 0x00, 0x08, 0x62, 0x58, 0x24, 0xc1, 0xc3, 0x98,
    0x82, 0x78, 0x83, 0x78, 0x83, 0x78, 0xc3, 0x80, 0x00, 0x20, 0xf4, 0x9c, 0x3d, 0xef, 0x1c, 0xe7,
    0x3d, 0xe7, 0x3d, 0xe7, 0x3d, 0xe7, 0x3d, 0xe7, 0x3d, 0xe7, 0x3d, 0xe7, 0x1c, 0xe7, 0x9e, 0xef,
    0xb3, 0x94, 0xf4, 0x9c, 0x9e, 0xf7, 0x1c, 0xe7, 0x3d, 0xe7, 0xfb, 0xde, 0x6d, 0x6b, 0x8a, 0x52,
    0x69, 0x4a, 0x18, 0xc6, 0x96, 0xb5, 0xcb, 0x5a, 0x69, 0x4a, 0x8e, 0x73, 0xdb, 0xde, 0x0c, 0x63,
    0xcf, 0x7b, 0x4d, 0x6b, 0xbb, 0xd6, 0x3d, 0xe7, 0x1c, 0xe7, 0x3d, 0xe7, 0x3d, 0xe7, 0x1d, 0xe7,
    0x1d, 0xe7, 0x1d, 0xe7, 0x1d, 0xe7, 0x1d, 0xe7, 0x3d, 0xe7, 0x3d, 0xe7, 0x3d, 0xe7, 0x3d, 0xe7,
    0x3d, 0xe7, 0x3d, 0xe7, 0x3d, 0xe7, 0x3d, 0xe7, 0x3d, 0xe7, 0x3d, 0xe7, 0x3d, 0xe7, 0x3d, 0xe7,
    0x3d, 0xe7, 0x3d, 0xe7, 0x3d, 0xe7, 0x3d, 0xe7, 0x3d, 0xe7, 0x3d, 0xe7, 0xdb, 0xde, 0x59, 0xc6,
    0xed, 0x5a, 0x6e, 0x6b, 0x9e, 0xf7, 0x7a, 0xce, 0x56, 0xad, 0x2c, 0x63, 0x0f, 0x3a, 0x51, 0x19,
    0xf0, 0x10, 0x16, 0x7c, 0xff, 0xff, 0x19, 0xc6, 0x39, 0xce, 0xb7, 0xbd, 0x29, 0x3a, 0xaf, 0x73,
    0xff, 0xff, 0x3d, 0xe7, 0x1c, 0xe7, 0x1d, 0xe7, 0x1d, 0xe7, 0x3d, 0xe7, 0x1c, 0xdf, 0xdf, 0xff,
    0x93, 0x8c, 0x40, 0x30, 0x05, 0xda, 0xa3, 0x88, 0x21, 0x20, 0xe2, 0x48, 0x05, 0xa2, 0x84, 0x99,
    0x24, 0x91, 0x61, 0x40, 0x20, 0x18, 0x82, 0x60, 0xa3, 0x80, 0x82, 0x78, 0xa3, 0x80, 0xa3, 0x58,
    0x82, 0x18, 0xd7, 0xb5, 0x7e, 0xef, 0x1c, 0xe7, 0x3d, 0xe7, 0x3d, 0xe7, 0x3d, 0xe7, 0x3d, 0xe7,
    0x3d, 0xe7, 0x3d, 0xe7, 0x1c, 0xe7, 0x3d, 0xe7, 0xf8, 0xbd, 0x14, 0xa5, 0xbb, 0xd6, 0x3d, 0xe7,
    0x5d, 0xe7, 0x9a, 0xd6, 0x61, 0x08, 0xcb, 0x5a, 0x2c, 0x63, 0x9a, 0xd6, 0x8e, 0x73, 0xc3, 0x18,
    0x6d, 0x6b, 0x30, 0x84, 0xbb, 0xd6, 0x08, 0x3a, 0x10, 0x7c, 0x49, 0x4a, 0x9a, 0xd6, 0x3d, 0xef,
    0x1c, 0xe7, 0x3d, 0xe7, 0x3d, 0xe7, 0x1d, 0xe7, 0x1d, 0xe7, 0x1d, 0xe7, 0x1d, 0xe7, 0x1d, 0xe7,
    0x1d, 0xe7, 0x1d, 0xe7, 0x3d, 0xe7, 0x3d, 0xe7, 0x3d, 0xe7, 0x3d, 0xe7, 0x3d, 0xe7, 0x3d, 0xe7,
    0x3d, 0xe7, 0x3d, 0xe7, 0x3d, 0xe7, 0x3d, 0xe7, 0x3d, 0xe7, 0x3d, 0xe7, 0x3d, 0xe7, 0x3d, 0xe7,
    0x3d, 0xe7, 0x3d, 0xe7, 0xdb, 0xde, 0x59, 0xc6, 0xed, 0x5a, 0x6e, 0x6b, 0x9e, 0xf7, 0x7a, 0xce,
    0x56, 0xad, 0x2c, 0x63, 0x0f, 0x3a, 0x51, 0x19, 0xf0, 0x10, 0x36, 0x7c, 0xff, 0xff, 0x19, 0xc6,
    0x39, 0xce, 0xd8, 0xbd, 0x2a, 0x42, 0x8f, 0x73, 0xff, 0xff, 0x3d, 0xe7, 0x1c, 0xe7, 0x1d, 0xe7,
    0x1d, 0xe7, 0x1c, 0xe7, 0x7e, 0xef, 0x14, 0x9d, 0x24, 0x41, 0x03, 0xa1, 0x03, 0xa1, 0x41, 0x20,
    0x02, 0x51, 0xe4, 0xb1, 0x64, 0xb9, 0x23, 0xa1, 0x04, 0xb1, 0xe3, 0xa0, 0x62, 0x48, 0x20, 0x18,
    0x82, 0x60, 0xa3, 0x78, 0xa3, 0x70, 0x00, 0x08, 0x14, 0x9d, 0x5e, 0xef, 0x1c, 0xe7, 0x3d, 0xe7,
    0x3d, 0xe7, 0x3d, 0xe7, 0x3d, 0xe7, 0x3d, 0xe7, 0x3d, 0xe7, 0x3d, 0xe7, 0x3d, 0xe7, 0x1c, 0xe7,
    0x9e, 0xf7, 0x92, 0x94, 0x96, 0xb5, 0x7e, 0xef, 0x3d, 0xe7, 0x9a, 0xce, 0x04, 0x21, 0x71, 0x8c,
    0x55, 0xad, 0x3d, 0xe7, 0x4d, 0x6b, 0x65, 0x29, 0x75, 0xad, 0xb6, 0xb5, 0x5d, 0xef, 0xfc, 0xde,
    0x69, 0x4a, 0xba, 0xd6, 0x5d, 0xef, 0x1c, 0xe7, 0x3d, 0xe7, 0x3d, 0xe7, 0x3d, 0xe7, 0x3d, 0xe7,
    0x1d, 0xe7, 0x1d, 0xe7, 0x1d, 0xe7, 0x1d, 0xe7, 0x1d, 0xe7, 0x1d, 0xe7, 0x3d, 0xe7, 0x3d, 0xe7,
    0x3d, 0xe7, 0x3d, 0xe7, 0x3d, 0xe7, 0x3d, 0xe7, 0x3d, 0xe7, 0x3d, 0xe7, 0x3d, 0xe7, 0x3d, 0xe7,
    0x3d, 0xe7, 0x3d, 0xe7, 0x3d, 0xe7, 0x3d, 0xe7, 0x3d, 0xe7, 0x3d, 0xe7, 0xdb, 0xde, 0x59, 0xc6,
    0xed, 0x5a, 0x6e, 0x6b, 0x9e, 0xf7, 0x7a, 0xce, 0x76, 0xad, 0x2c, 0x63, 0x0f, 0x3a, 0x51, 0x19,
    0xf0, 0x10, 0x36, 0x7c, 0xff, 0xff, 0x19, 0xc6, 0x39, 0xc6, 0xd7, 0xb5, 0x2a, 0x42, 0xaf, 0x73,
    0xff, 0xff, 0x3d, 0xe7, 0x1c, 0xe7, 0x1d, 0xe7, 0x1d, 0xe7, 0x1c, 0xdf, 0xbf, 0xf7, 0xf0, 0x73,
    0x00, 0x28, 0x25, 0xc9, 0x82, 0x70, 0xa1, 0x28, 0x45, 0xd2, 0x23, 0xb9, 0x42, 0x50, 0x20, 0x00,
    0x62, 0x48, 0x04, 0xb9, 0xc3, 0xa0, 0x20, 0x18, 0x61, 0x38, 0xa3, 0x80, 0x00, 0x20, 0x69, 0x4a,
    0x9a, 0xd6, 0x5d, 0xef, 0x3c, 0xe7, 0x3d, 0xe7, 0x3d, 0xe7, 0x3d, 0xe7, 0x3d, 0xe7, 0x3d, 0xe7,
    0x3d, 0xe7, 0x3d, 0xe7, 0x3d, 0xe7, 0x1c, 0xe7, 0x5d, 0xef, 0x14, 0xa5, 0x96, 0xb5, 0x3d, 0xe7,
    0x3d, 0xe7, 0x9a, 0xd6, 0xa2, 0x10, 0x86, 0x31, 0x00, 0x00, 0x35, 0xa5, 0x55, 0xad, 0x08, 0x42,
    0xe3, 0x18, 0x45, 0x29, 0x5d, 0xef, 0x1c, 0xe7, 0x9e, 0xf7, 0x3d, 0xe7, 0x1d, 0xe7, 0x3d, 0xe7,
    0x3d, 0xe7, 0x3d, 0xe7, 0x3d, 0xe7, 0x3d, 0xe7, 0x1c, 0xe7, 0x3d, 0xe7, 0x3d, 0xe7, 0x3d, 0xe7,
    0x3d, 0xe7, 0x3d, 0xe7, 0x3d, 0xe7, 0x3d, 0xe7, 0x3d, 0xe7, 0x3d, 0xe7, 0x3d, 0xe7, 0x3d, 0xe7,
    0x3d, 0xe7, 0x3d, 0xe7, 0x3d, 0xe7, 0x3d, 0xe7, 0x3d, 0xe7, 0x3d, 0xe7, 0x3d, 0xe7, 0x3d, 0xe7,
    0x3d, 0xe7, 0x3d, 0xe7, 0xdb, 0xde, 0x59, 0xc6, 0xed, 0x5a, 0x6e, 0x6b, 0x9e, 0xf7, 0x7a, 0xd6,
    0x76, 0xad, 0x2c, 0x63, 0x0f, 0x3a, 0x51, 0x19, 0xf0, 0x10, 0x36, 0x7c, 0xff, 0xff, 0x19, 0xc6,
    0x39, 0xc6, 0xb7, 0xb5, 0x29, 0x42, 0xaf, 0x73, 0xff, 0xff, 0x3d, 0xe7, 0x1c, 0xe7, 0x1d, 0xe7,
    0x1d, 0xe7, 0x1c, 0xdf, 0xbe, 0xf7, 0x30, 0x7c, 0x20, 0x30, 0xe3, 0xa0, 0x21, 0x20, 0xe4, 0xa1,
    0xa4, 0xc1, 0x62, 0x60, 0x69, 0x4a, 0x30, 0x84, 0x45, 0x29, 0x82, 0x58, 0xc3, 0x90, 0x41, 0x30,
    0x00, 0x08, 0x83, 0x48, 0xa2, 0x28, 0xd7, 0xb5, 0x9e, 0xf7, 0x1c, 0xe7, 0x3d, 0xe7, 0x3d, 0xe7,
    0x3d, 0xe7, 0x3d, 0xe7, 0x3d, 0xe7, 0x3d, 0xe7, 0x3d, 0xe7, 0x3d, 0xe7, 0x3d, 0xe7, 0x3d, 0xe7,
    0x3d, 0xe7, 0x3d, 0xe7, 0x92, 0x94, 0x59, 0xce, 0x7e, 0xef, 0x7a, 0xce, 0xc3, 0x18, 0xd7, 0xbd,
    0x45, 0x29, 0xd3, 0x9c, 0x3c, 0xe7, 0x9a, 0xd6, 0x92, 0x94, 0x65, 0x29, 0x5d, 0xef, 0x1c, 0xe7,
    0x1c, 0xe7, 0x1c, 0xe7, 0x3d, 0xe7, 0x3d, 0xe7, 0x3d, 0xe7, 0x3d, 0xe7, 0x3d, 0xe7, 0x3d, 0xe7,
    0x3d, 0xe7, 0x3d, 0xe7, 0x3d, 0xe7, 0x3d, 0xe7, 0x3d, 0xe7, 0x3d, 0xe7, 0x3d, 0xe7, 0x3d, 0xe7,
    0x3d, 0xe7, 0x3d, 0xe7, 0x3d, 0xe7, 0x3d, 0xe7, 0x3d, 0xe7, 0x3d, 0xe7, 0x3d, 0xe7, 0x3d, 0xe7,
    0x3d, 0xe7, 0x3d, 0xe7, 0x3d, 0xe7, 0x3d, 0xe7, 0x3d, 0xe7, 0x3d, 0xe7, 0xdb, 0xde, 0x59, 0xc6,
    0xed, 0x5a, 0x6e, 0x6b, 0x9e, 0xf7, 0x9a, 0xd6, 0x76, 0xad, 0x2c, 0x63, 0x0f, 0x3a, 0x51, 0x19,
    0xf0, 0x10, 0x36, 0x7c, 0xff, 0xff, 0x19, 0xc6, 0x39, 0xc6, 0xb7, 0xb5, 0x29, 0x42, 0xaf, 0x73,
    0xff, 0xff, 0x3d, 0xe7, 0x1c, 0xe7, 0x1d, 0xe7, 0x1d, 0xe7, 0x1c, 0xdf, 0xbf, 0xf7, 0xef, 0x73,
    0x00, 0x20, 0xc3, 0x90, 0x40, 0x18, 0xc4, 0xc1, 0x41, 0x70, 0xa6, 0x31, 0x14, 0xa5, 0x6d, 0x73,
    0x28, 0x42, 0xe3, 0x10, 0x21, 0x40, 0xa3, 0x80, 0x21, 0x18, 0x00, 0x00, 0xb3, 0x9c, 0x7e, 0xef,
    0x1c, 0xe7, 0x3d, 0xe7, 0x3d, 0xe7, 0x3d, 0xe7, 0x3d, 0xe7, 0x3d, 0xe7, 0x3d, 0xe7, 0x3d, 0xe7,
    0x3d, 0xe7, 0x3d, 0xe7, 0x3d, 0xe7, 0x3d, 0xe7, 0x1d, 0xe7, 0x3d, 0xe7, 0x92, 0x94, 0x59, 0xce,
    0x7e, 0xef, 0x9a, 0xd6, 0x24, 0x21, 0xc3, 0x18, 0x82, 0x10, 0xb7, 0xbd, 0x92, 0x94, 0xa2, 0x10,
    0xa2, 0x10, 0x28, 0x42, 0x5d, 0xef, 0x1c, 0xe7, 0x1d, 0xe7, 0x3d, 0xe7, 0x3d, 0xe7, 0x3d, 0xe7,
    0x3d, 0xe7, 0x3d, 0xe7, 0x3d, 0xe7, 0x3d, 0xe7, 0x3d, 0xe7, 0x3d, 0xe7, 0x3d, 0xe7, 0x3d, 0xe7,
    0x3d, 0xe7, 0x1c, 0xe7, 0x3d, 0xe7, 0x3d, 0xe7, 0x3d, 0xe7, 0x3d, 0xe7, 0x3d, 0xe7, 0x3d, 0xe7,
    0x3d, 0xe7, 0x3d, 0xe7, 0x3d, 0xe7, 0x3d, 0xe7, 0x3d, 0xe7, 0x3d, 0xe7, 0x3d, 0xe7, 0x3d, 0xe7,
    0x3d, 0xe7, 0x3d, 0xe7, 0xdb, 0xde, 0x59, 0xc6, 0xed, 0x5a, 0x6e, 0x6b, 0x9e, 0xf7, 0x9a, 0xd6,
    0x76, 0xad, 0x2c, 0x63, 0x0f, 0x3a, 0x51, 0x19, 0xf0, 0x10, 0x36, 0x7c, 0xff, 0xff, 0x19, 0xc6,
    0x39, 0xc6, 0xb7, 0xb5, 0x29, 0x42, 0xaf, 0x73, 0xff, 0xff, 0x3d, 0xe7, 0x1c, 0xe7, 0x3d, 0xe7,
    0x3d, 0xe7, 0x1c, 0xe7, 0x7e, 0xef, 0x96, 0xad, 0xc7, 0x51, 0x62, 0x48, 0x40, 0x20, 0xa4, 0xb9,
    0x83, 0x90, 0x24, 0x39, 0x89, 0x4a, 0x49, 0x4a, 0xc7, 0x39, 0xa2, 0x28, 0x62, 0x60, 0xa3, 0x80,
    0x20, 0x20, 0x08, 0x3a, 0x18, 0xc6, 0x5d, 0xef, 0x1c, 0xe7, 0x1c, 0xe7, 0x1c, 0xe7, 0x1c, 0xe7,
    0x1c, 0xe7, 0x1c, 0xe7, 0x1c, 0xe7, 0x1c, 0xe7, 0x1c, 0xe7, 0x1c, 0xe7, 0x1c, 0xe7, 0x1c, 0xe7,
    0x1c, 0xe7, 0x3d, 0xe7, 0x92, 0x94, 0x39, 0xce, 0x5d, 0xe7, 0x1c, 0xe7, 0xba, 0xd6, 0x9a, 0xd6,
    0x9a, 0xd6, 0x1c, 0xe7, 0xdb, 0xde, 0x9a, 0xd6, 0x9a, 0xce, 0xdb, 0xde, 0x1c, 0xe7, 0x1c, 0xe7,
    0x1c, 0xe7, 0x1c, 0xe7, 0x1c, 0xe7, 0x3c, 0xe7, 0x1c, 0xe7, 0x1c, 0xe7, 0x3d, 0xe7, 0x3d, 0xe7,
    0x3d, 0xe7, 0x3d, 0xe7, 0x3d, 0xe7, 0x3d, 0xe7, 0x3d, 0xe7, 0x3d, 0xe7, 0x3d, 0xe7, 0x3d, 0xe7,
    0x3d, 0xe7, 0x3d, 0xe7, 0x3d, 0xe7, 0x3d, 0xe7, 0x3d, 0xe7, 0x3d, 0xe7, 0x3d, 0xe7, 0x3d, 0xe7,
    0x3d, 0xe7, 0x3d, 0xe7, 0x3d, 0xe7, 0x3d, 0xe7, 0x3d, 0xe7, 0x3d, 0xe7, 0xdb, 0xde, 0x39, 0xc6,
    0xed, 0x5a, 0x6e, 0x6b, 0x9e, 0xf7, 0x7a, 0xd6, 0x76, 0xad, 0x2d, 0x63, 0x0f, 0x3a, 0x51, 0x19,
    0xf0, 0x10, 0x36, 0x7c, 0xff, 0xff, 0x19, 0xc6, 0x39, 0xc6, 0xb7, 0xb5, 0x2a, 0x42, 0xaf, 0x73,
    0xff, 0xff, 0x3d, 0xe7, 0x1c, 0xe7, 0x3d, 0xe7, 0x3d, 0xe7, 0x3d, 0xe7, 0xfc, 0xde, 0xdf, 0xff,
    0xb3, 0x94, 0x00, 0x00, 0x61, 0x20, 0x84, 0xa9, 0xe3, 0xc0, 0x82, 0x88, 0x61, 0x18, 0x44, 0x21,
    0x61, 0x18, 0xa3, 0x88, 0xc3, 0x98, 0xa3, 0x78, 0x00, 0x18, 0x96, 0xad, 0xff, 0xff, 0x3d, 0xef,
    0x5e, 0xef, 0x5d, 0xef, 0x5d, 0xef, 0x5e, 0xef, 0x5d, 0xef, 0x5d, 0xef, 0x5d, 0xef, 0x5d, 0xef,
    0x5d, 0xef, 0x5d, 0xef, 0x5e, 0xef, 0x5d, 0xef, 0x5d, 0xef, 0x7e, 0xef, 0xb2, 0x94, 0x7a, 0xce,
    0x9e, 0xf7, 0x5d, 0xef, 0x7e, 0xef, 0x7e, 0xf7, 0x7e, 0xef, 0x5e, 0xef, 0x7e, 0xef, 0x7e, 0xef,
    0x7e, 0xef, 0x7e, 0xef, 0x5d, 0xef, 0x5d, 0xef, 0x5d, 0xef, 0x5d, 0xef, 0x5d, 0xef, 0x3c, 0xe7,
    0x1c, 0xe7, 0x1c, 0xe7, 0x3d, 0xe7, 0x3d, 0xe7, 0x3d, 0xe7, 0x3d, 0xe7, 0x3d, 0xe7, 0x3d, 0xe7,
    0x3d, 0xe7, 0x3d, 0xe7, 0x3d, 0xe7, 0x3d, 0xe7, 0x3d, 0xe7, 0x3d, 0xe7, 0x3d, 0xe7, 0x3d, 0xe7,
    0x3d, 0xe7, 0x3d, 0xe7, 0x3d, 0xe7, 0x3d, 0xe7, 0x3d, 0xe7, 0x3d, 0xe7, 0x3d, 0xe7, 0x3d, 0xe7,
    0x3d, 0xe7, 0x3d, 0xe7, 0xdb, 0xde, 0x39, 0xc6, 0xed, 0x5a, 0x6e, 0x6b, 0x9e, 0xf7, 0x7a, 0xce,
    0x76, 0xad, 0x2c, 0x63, 0x0f, 0x3a, 0x51, 0x19, 0xf0, 0x10, 0x36, 0x7c, 0xff, 0xff, 0x19, 0xc6,
    0x39, 0xc6, 0xb7, 0xb5, 0x2a, 0x42, 0xaf, 0x73, 0xff, 0xff, 0x3d, 0xe7, 0x1c, 0xe7, 0x3d, 0xe7,
    0x3d, 0xe7, 0x3d, 0xe7, 0x1c, 0xe7, 0x7e, 0xef, 0x75, 0xad, 0xc7, 0x39, 0x61, 0x18, 0x63, 0xb1,
    0xc3, 0xb0, 0x04, 0xc1, 0xc3, 0x80, 0x00, 0x28, 0xa2, 0x70, 0x24, 0xc9, 0xa3, 0x90, 0xa3, 0x78,
    0x00, 0x18, 0x30, 0x84, 0x59, 0xce, 0xf8, 0xbd, 0x18, 0xc6, 0x18, 0xc6, 0x18, 0xc6, 0xf8, 0xbd,
    0xf8, 0xc5, 0x18, 0xc6, 0x18, 0xc6, 0x18, 0xc6, 0xf8, 0xc5, 0xf8, 0xc5, 0x18, 0xc6, 0x18, 0xc6,
    0x18, 0xc6, 0x18, 0xc6, 0x10, 0x84, 0x76, 0xad, 0x38, 0xc6, 0xf8, 0xbd, 0xf8, 0xbd, 0xf8, 0xbd,
    0xf8, 0xbd, 0x18, 0xc6, 0xf8, 0xbd, 0xf8, 0xbd, 0xf8, 0xbd, 0xf8, 0xbd, 0x18, 0xc6, 0xf8, 0xc5,
    0x18, 0xc6, 0xf8, 0xbd, 0x39, 0xc6, 0x3d, 0xe7, 0x3d, 0xe7, 0x3d, 0xe7, 0x3d, 0xe7, 0x3d, 0xe7,
    0x3d, 0xe7, 0x3d, 0xe7, 0x3d, 0xe7, 0x3d, 0xe7, 0x3d, 0xe7, 0x3d, 0xe7, 0x3d, 0xe7, 0x3d, 0xe7,
    0x3d, 0xe7, 0x3d, 0xe7, 0x3d, 0xe7, 0x3d, 0xe7, 0x3d, 0xe7, 0x3d, 0xe7, 0x3d, 0xe7, 0x3d, 0xe7,
    0x3d, 0xe7, 0x3d, 0xe7, 0x3d, 0xe7, 0x3d, 0xe7, 0x3d, 0xe7, 0x3d, 0xe7, 0xdb, 0xde, 0x59, 0xc6,
    0xed, 0x5a, 0x6e, 0x6b, 0x9e, 0xf7, 0x7a, 0xce, 0x56, 0xad, 0x2c, 0x63, 0x0f, 0x3a, 0x51, 0x19,
    0xf0, 0x10, 0x36, 0x7c, 0xff, 0xff, 0x19, 0xc6, 0x39, 0xc6, 0xb7, 0xb5, 0x2a, 0x42, 0xaf, 0x73,
    0xff, 0xff, 0x3d, 0xe7, 0x1c, 0xe7, 0x3d, 0xe7, 0x3d, 0xe7, 0x3d, 0xe7, 0x3d, 0xe7, 0x1c, 0xdf,
    0x9e, 0xf7, 0xbb, 0xd6, 0x82, 0x20, 0x84, 0xb9, 0x04, 0xc1, 0x03, 0xc1, 0x04, 0xc1, 0x24, 0xc1,
    0x04, 0xc1, 0x04, 0xb9, 0xc3, 0x98, 0xc3, 0x80, 0x00, 0x20, 0x6d, 0x63, 0xd2, 0x9c, 0x51, 0x8c,
    0x71, 0x8c, 0x71, 0x8c, 0x51, 0x8c, 0x51, 0x8c, 0x71, 0x8c, 0x51, 0x8c, 0x71, 0x8c, 0x71, 0x8c,
    0x71, 0x8c, 0x71, 0x8c, 0x71, 0x8c, 0x71, 0x8c, 0x71, 0x8c, 0x71, 0x8c, 0x92, 0x94, 0x92, 0x8c,
    0x71, 0x8c, 0x71, 0x8c, 0x71, 0x8c, 0x71, 0x8c, 0x71, 0x8c, 0x71, 0x8c, 0x71, 0x8c, 0x71, 0x8c,
    0x71, 0x8c, 0x71, 0x8c, 0x71, 0x8c, 0x71, 0x8c, 0x71, 0x8c, 0x51, 0x8c, 0xf4, 0x9c, 0x3d, 0xe7,
    0x3d, 0xe7, 0x3d, 0xe7, 0x3d, 0xe7, 0x3d, 0xe7, 0x3d, 0xe7, 0x3d, 0xe7, 0x3d, 0xe7, 0x3d, 0xe7,
    0x3d, 0xe7, 0x3d, 0xe7, 0x3d, 0xe7, 0x3d, 0xe7, 0x3d, 0xe7, 0x3d, 0xe7, 0x3d, 0xe7, 0x3d, 0xe7,
    0x3d, 0xe7, 0x3d, 0xe7, 0x3d, 0xe7, 0x3d, 0xe7, 0x3d, 0xe7, 0x3d, 0xe7, 0x3d, 0xe7, 0x3d, 0xe7,
    0x3d, 0xe7, 0x3d, 0xe7, 0xdb, 0xde, 0x59, 0xc6, 0xed, 0x5a, 0x6e, 0x6b, 0x9e, 0xf7, 0x7a, 0xd6,
    0x56, 0xad, 0x2c, 0x63, 0x0f, 0x3a, 0x51, 0x19, 0xf0, 0x10, 0x36, 0x7c, 0xff, 0xff, 0x19, 0xc6,
    0x39, 0xc6, 0xb7, 0xb5, 0x2a, 0x42, 0xaf, 0x73, 0xff, 0xff, 0x5d, 0xe7, 0x1c, 0xe7, 0x3d, 0xe7,
    0x1c, 0xe7, 0x1c, 0xdf, 0x1c, 0xdf, 0x1c, 0xe7, 0xbb, 0xd6, 0xb3, 0x94, 0x00, 0x10, 0xc3, 0x78,
    0x63, 0x80, 0x83, 0x80, 0x83, 0x80, 0x83, 0x80, 0x63, 0x78, 0x62, 0x70, 0x42, 0x60, 0x62, 0x50,
    0x00, 0x08, 0xcf, 0x73, 0xdb, 0xde, 0x3d, 0xe7, 0x3d, 0xe7, 0x3d, 0xe7, 0x3d, 0xe7, 0x5d, 0xe7,
    0x5d, 0xef, 0x5d, 0xef, 0x5d, 0xef, 0x5d, 0xef, 0x5d, 0xef, 0x5d, 0xef, 0x5d, 0xef, 0x5d, 0xef,
    0x5d, 0xef, 0x5d, 0xe7, 0x5d, 0xe7, 0x5d, 0xe7, 0x5d, 0xef, 0x5d, 0xe7, 0x5d, 0xef, 0x5d, 0xef,
    0x5d, 0xef, 0x5d, 0xef, 0x5d, 0xef, 0x5d, 0xe7, 0x5d, 0xe7, 0x5d, 0xe7, 0x5d, 0xe7, 0x5d, 0xe7,
    0x5d, 0xe7, 0x5d, 0xe7, 0x3d, 0xe7, 0x3d, 0xe7, 0x3d, 0xe7, 0x3d, 0xe7, 0x3d, 0xe7, 0x3d, 0xe7,
    0x3d, 0xe7, 0x3d, 0xe7, 0x3d, 0xe7, 0x3d, 0xe7, 0x3d, 0xe7, 0x3d, 0xe7, 0x3d, 0xe7, 0x3d, 0xe7,
    0x3d, 0xe7, 0x3d, 0xe7, 0x3d, 0xe7, 0x3d, 0xe7, 0x3d, 0xe7, 0x3d, 0xe7, 0x3d, 0xe7, 0x3d, 0xe7,
    0x3d, 0xe7, 0x3d, 0xe7, 0x3d, 0xe7, 0x3d, 0xe7, 0x3d, 0xe7, 0x3d, 0xe7, 0xdb, 0xde, 0x59, 0xc6,
    0xed, 0x5a, 0x6f, 0x6b, 0x9e, 0xf7, 0x7a, 0xd6, 0x76, 0xad, 0x2c, 0x63, 0x0f, 0x3a, 0x51, 0x19,
    0xf0, 0x10, 0x36, 0x7c, 0xff, 0xff, 0x19, 0xc6, 0x39, 0xc6, 0xb7, 0xb5, 0x2a, 0x42, 0xb0, 0x73,
    0xff, 0xff, 0x5d, 0xe7, 0x1c, 0xe7, 0xfc, 0xde, 0x5d, 0xef, 0xbf, 0xf7, 0x9e, 0xf7, 0xff, 0xff,
    0xd3, 0x9c, 0x20, 0x00, 0x82, 0x31, 0x62, 0x29, 0x61, 0x29, 0x41, 0x29, 0x41, 0x29, 0x41, 0x29,
    0x41, 0x29, 0x41, 0x31, 0x21, 0x29, 0x01, 0x29, 0x42, 0x31, 0x20, 0x08, 0xcf, 0x7b, 0xff, 0xff,
    0x9e, 0xef, 0xbf, 0xf7, 0xbf, 0xf7, 0x1d, 0xe7, 0xfc, 0xde, 0x1d, 0xe7, 0x1d, 0xe7, 0x1c, 0xe7,
    0x1c, 0xe7, 0x1c, 0xe7, 0x1d, 0xe7, 0x1d, 0xe7, 0x1d, 0xe7, 0x1d, 0xe7, 0x1d, 0xe7, 0x3d, 0xe7,
    0x1d, 0xe7, 0x1d, 0xe7, 0x1d, 0xe7, 0x3d, 0xe7, 0x3d, 0xe7, 0x1d, 0xe7, 0x1d, 0xe7, 0x1d, 0xe7,
    0x1d, 0xe7, 0x1d, 0xe7, 0x1d, 0xe7, 0x1d, 0xe7, 0x1d, 0xe7, 0x1c, 0xe7, 0x1c, 0xe7, 0x3d, 0xe7,
    0x3d, 0xe7, 0x3d, 0xe7, 0x3d, 0xe7, 0x3d, 0xe7, 0x3d, 0xe7, 0x3d, 0xe7, 0x3d, 0xe7, 0x3d, 0xe7,
    0x3d, 0xe7, 0x3d, 0xe7, 0x3d, 0xe7, 0x3d, 0xe7, 0x3d, 0xe7, 0x3d, 0xe7, 0x3d, 0xe7, 0x3d, 0xe7,
    0x3d, 0xe7, 0x3d, 0xe7, 0x3d, 0xe7, 0x3d, 0xe7, 0x3d, 0xe7, 0x3d, 0xe7, 0x3d, 0xe7, 0x3d, 0xe7,
    0x3d, 0xe7, 0x3d, 0xe7, 0xdb, 0xde, 0x59, 0xc6, 0xed, 0x5a, 0x6f, 0x6b, 0x9e, 0xf7, 0x7a, 0xce,
    0x76, 0xad, 0x2c, 0x63, 0x0f, 0x3a, 0x51, 0x19, 0xf0, 0x10, 0x36, 0x7c, 0xff, 0xff, 0x19, 0xc6,
    0x39, 0xce, 0xb7, 0xb5, 0x2a, 0x42, 0xaf, 0x73, 0xff, 0xff, 0x3d, 0xe7, 0x3d, 0xe7, 0xff, 0xff,
    0xd7, 0xbd, 0xcb, 0x5a, 0xeb, 0x5a, 0x8e, 0x73, 0xe9, 0x39, 0xc1, 0x39, 0xeb, 0xe6, 0x8e, 0xe6,
    0x69, 0xde, 0x48, 0xde, 0x48, 0xde, 0x47, 0xde, 0x47, 0xde, 0x48, 0xe6, 0xa7, 0xcd, 0x27, 0xbd,
    0x87, 0xd5, 0x23, 0x5a, 0x87, 0x29, 0x8d, 0x73, 0x0c, 0x63, 0x0c, 0x63, 0x0c, 0x63, 0xdb, 0xd6,
    0xbf, 0xf7, 0x3d, 0xe7, 0x1d, 0xe7, 0x3d, 0xe7, 0x3d, 0xe7, 0x3d, 0xe7, 0x1d, 0xe7, 0x1d, 0xe7,
    0x1d, 0xe7, 0x3d, 0xe7, 0x3d, 0xe7, 0x3d, 0xe7, 0x3d, 0xe7, 0x3d, 0xe7, 0x3d, 0xe7, 0x3d, 0xe7,
    0x3d, 0xe7, 0x3d, 0xe7, 0x3d, 0xe7, 0x3d, 0xe7, 0x3d, 0xe7, 0x3d, 0xe7, 0x3d, 0xe7, 0x3d, 0xe7,
    0x3d, 0xe7, 0x3d, 0xe7, 0x3d, 0xe7, 0x3d, 0xe7, 0x3d, 0xe7, 0x3d, 0xe7, 0x3d, 0xe7, 0x3d, 0xe7,
    0x3d, 0xe7, 0x3d, 0xe7, 0x3d, 0xe7, 0x3d, 0xe7, 0x3d, 0xe7, 0x3d, 0xe7, 0x3d, 0xe7, 0x3d, 0xe7,
    0x3d, 0xe7, 0x3d, 0xe7, 0x3d, 0xe7, 0x3d, 0xe7, 0x3d, 0xe7, 0x3d, 0xe7, 0x3d, 0xe7, 0x3d, 0xe7,
    0x3d, 0xe7, 0x3d, 0xe7, 0x3d, 0xe7, 0x3d, 0xe7, 0x3d, 0xe7, 0x3d, 0xe7, 0xdb, 0xde, 0x59, 0xce,
    0xed, 0x5a, 0x6e, 0x6b, 0x9e, 0xf7, 0x7a, 0xce, 0x76, 0xad, 0x2c, 0x63, 0x0f, 0x3a, 0x51, 0x19,
    0xf0, 0x10, 0x36, 0x7c, 0xff, 0xff, 0x19, 0xc6, 0x39, 0xce, 0xb7, 0xb5, 0x2a, 0x42, 0xaf, 0x73,
    0xff, 0xff, 0x7e, 0xef, 0x18, 0xc6, 0x92, 0x94, 0x8e, 0x73, 0x69, 0x4a, 0x28, 0x42, 0xa2, 0x10,
    0x00, 0x00, 0x40, 0x08, 0x81, 0x10, 0x81, 0x10, 0x80, 0x10, 0x80, 0x10, 0x60, 0x10, 0x80, 0x10,
    0x60, 0x10, 0x80, 0x10, 0x60, 0x10, 0x60, 0x10, 0x60, 0x10, 0x40, 0x08, 0x00, 0x00, 0x41, 0x08,
    0xe3, 0x18, 0x45, 0x29, 0x86, 0x31, 0xcf, 0x7b, 0x92, 0x94, 0xbb, 0xd6, 0x3d, 0xe7, 0x3d, 0xe7,
    0x3d, 0xe7, 0x3d, 0xe7, 0x3d, 0xe7, 0x3d, 0xe7, 0x3d, 0xe7, 0x3d, 0xe7, 0x3d, 0xe7, 0x3d, 0xe7,
    0x3d, 0xe7, 0x3d, 0xe7, 0x3d, 0xe7, 0x3d, 0xe7, 0x3d, 0xe7, 0x3d, 0xe7, 0x3d, 0xe7, 0x3d, 0xe7,
    0x3d, 0xe7, 0x3d, 0xe7, 0x3d, 0xe7, 0x3d, 0xe7, 0x3d, 0xe7, 0x3d, 0xe7, 0x3d, 0xe7, 0x3d, 0xe7,
    0x3d, 0xe7, 0x3d, 0xe7, 0x3d, 0xe7, 0x3d, 0xe7, 0x3d, 0xe7, 0x3d, 0xe7, 0x3d, 0xe7, 0x3d, 0xe7,
    0x3d, 0xe7, 0x3d, 0xe7, 0x3d, 0xe7, 0x3d, 0xe7, 0x3d, 0xe7, 0x3d, 0xe7, 0x3d, 0xe7, 0x3d, 0xe7,
    0x3d, 0xe7, 0x3d, 0xe7, 0x3d, 0xe7, 0x3d, 0xe7, 0x3d, 0xe7, 0x3d, 0xe7, 0x3d, 0xe7, 0x3d, 0xe7,
    0x3d, 0xe7, 0x3d, 0xe7, 0xdb, 0xde, 0x59, 0xce, 0xed, 0x5a, 0x6e, 0x6b, 0x9e, 0xf7, 0x7a, 0xd6,
    0x76, 0xad, 0x0c, 0x63, 0x0f, 0x3a, 0x51, 0x19, 0xf0, 0x10, 0x36, 0x7c, 0xff, 0xff, 0x19, 0xc6,
    0x39, 0xce, 0xb7, 0xbd, 0x2a, 0x42, 0xaf, 0x73, 0xff, 0xff, 0xbf, 0xf7, 0x31, 0x84, 0x00, 0x00,
    0x0c, 0x63, 0xba, 0xd6, 0x59, 0xce, 0x18, 0xc6, 0x96, 0xb5, 0x75, 0xad, 0x96, 0xb5, 0x76, 0xb5,
    0x76, 0xad, 0x55, 0xad, 0x55, 0xad, 0xf4, 0x9c, 0xf4, 0x9c, 0x51, 0x8c, 0x10, 0x7c, 0x10, 0x84,
    0x30, 0x84, 0x30, 0x84, 0xcf, 0x7b, 0x92, 0x8c, 0x51, 0x8c, 0x71, 0x8c, 0xb2, 0x94, 0x04, 0x21,
    0x00, 0x00, 0x18, 0xc6, 0x7d, 0xef, 0x1c, 0xe7, 0x3d, 0xe7, 0x3d, 0xe7, 0x3d, 0xe7, 0x3d, 0xe7,
    0x1c, 0xe7, 0x3d, 0xe7, 0x3d, 0xe7, 0x3d, 0xe7, 0x3d, 0xe7, 0x3d, 0xe7, 0x3d, 0xe7, 0x3d, 0xe7,
    0x3d, 0xe7, 0x3d, 0xe7, 0x3d, 0xe7, 0x3d, 0xe7, 0x3d, 0xe7, 0x3d, 0xe7, 0x3d, 0xe7, 0x3d, 0xe7,
    0x3d, 0xe7, 0x3d, 0xe7, 0x3d, 0xe7, 0x3d, 0xe7, 0x3d, 0xe7, 0x3d, 0xe7, 0x1c, 0xe7, 0x3d, 0xe7,
    0x3d, 0xe7, 0x3d, 0xe7, 0x3d, 0xe7, 0x3d, 0xe7, 0x3d, 0xe7, 0x1c, 0xe7, 0x3d, 0xe7, 0x3d, 0xe7,
    0x3d, 0xe7, 0x3d, 0xe7, 0x3d, 0xe7, 0x3d, 0xe7, 0x3d, 0xe7, 0x3d, 0xe7, 0x3d, 0xe7, 0x3d, 0xe7,
    0x3d, 0xe7, 0x3d, 0xe7, 0x3d, 0xe7, 0x3d, 0xe7, 0x3d, 0xe7, 0x3d, 0xe7, 0xdb, 0xde, 0x39, 0xce,
    0xed, 0x5a, 0x6e, 0x6b, 0x9e, 0xf7, 0x9a, 0xd6, 0x76, 0xad, 0x2c, 0x63, 0x0f, 0x3a, 0x51, 0x19,
    0xf0, 0x10, 0x36, 0x7c, 0xff, 0xff, 0x19, 0xc6, 0x39, 0xce, 0xd7, 0xbd, 0x2a, 0x42, 0xaf, 0x73,
    0xff, 0xff, 0xdf, 0xf7, 0x30, 0x84, 0x03, 0x21, 0xce, 0x7b, 0x2c, 0x63, 0xef, 0x7b, 0x75, 0xad,
    0x38, 0xc6, 0x79, 0xce, 0x1c, 0xe7, 0xfb, 0xde, 0x58, 0xce, 0x39, 0xce, 0xd7, 0xbd, 0x34, 0xa5,
    0x55, 0xad, 0xb2, 0x94, 0x10, 0x84, 0x30, 0x84, 0x50, 0x8c, 0xaf, 0x7b, 0x4d, 0x6b, 0x2c, 0x63,
    0x8a, 0x52, 0x69, 0x4a, 0x69, 0x4a, 0x8a, 0x52, 0xa2, 0x10, 0x18, 0xc6, 0x7d, 0xef, 0x1c, 0xe7,
    0x3d, 0xe7, 0x3d, 0xe7, 0x3d, 0xe7, 0x3d, 0xe7, 0x3d, 0xe7, 0x3d, 0xe7, 0x1c, 0xe7, 0x1c, 0xe7,
    0x3d, 0xe7, 0x3d, 0xe7, 0x3d, 0xe7, 0x3d, 0xe7, 0x3d, 0xe7, 0x3d, 0xe7, 0x3d, 0xe7, 0x3d, 0xe7,
    0x3d, 0xe7, 0x3d, 0xe7, 0x3d, 0xe7, 0x3d, 0xe7, 0x3d, 0xe7, 0x3d, 0xe7, 0x3d, 0xe7, 0x3d, 0xe7,
    0x3d, 0xe7, 0x3d, 0xe7, 0x3d, 0xe7, 0x3d, 0xe7, 0x3d, 0xe7, 0x3d, 0xe7, 0x3d, 0xe7, 0x3d, 0xe7,
    0x1c, 0xe7, 0x3d, 0xe7, 0x3d, 0xe7, 0x3d, 0xe7, 0x3d, 0xe7, 0x3d, 0xe7, 0x3d, 0xe7, 0x3d, 0xe7,
    0x3d, 0xe7, 0x3d, 0xe7, 0x3d, 0xe7, 0x3d, 0xe7, 0x3d, 0xe7, 0x3d, 0xe7, 0x3d, 0xe7, 0x3d, 0xe7,
    0x3d, 0xe7, 0x3d, 0xe7, 0xdb, 0xde, 0x39, 0xc6, 0xed, 0x5a, 0x6e, 0x6b, 0x9e, 0xf7, 0x7a, 0xd6,
    0x56, 0xad, 0x2c, 0x63, 0x0f, 0x3a, 0x51, 0x19, 0xf0, 0x10, 0x36, 0x7c, 0xff, 0xff, 0x19, 0xc6,
    0x39, 0xce, 0xb7, 0xbd, 0x2a, 0x42, 0xaf, 0x73, 0xff, 0xff, 0xbf, 0xf7, 0x30, 0x84, 0xe3, 0x18,
    0xae, 0x73, 0x6d, 0x6b, 0x30, 0x84, 0xf3, 0x9c, 0x75, 0xad, 0xd7, 0xbd, 0x79, 0xce, 0x79, 0xce,
    0xb6, 0xb5, 0x96, 0xb5, 0xf3, 0x9c, 0x51, 0x8c, 0x92, 0x94, 0xcf, 0x7b, 0x4d, 0x6b, 0x6d, 0x6b,
    0x6d, 0x6b, 0x0c, 0x63, 0x69, 0x4a, 0x69, 0x4a, 0x8a, 0x52, 0x8a, 0x52, 0xaa, 0x52, 0x69, 0x4a,
    0x61, 0x08, 0x18, 0xbe, 0x5e, 0xef, 0x1c, 0xe7, 0x1d, 0xe7, 0x1d, 0xe7, 0x3d, 0xe7, 0x3d, 0xe7,
    0x3d, 0xe7, 0x3d, 0xe7, 0x3d, 0xe7, 0x3d, 0xe7, 0x3d, 0xe7, 0x3d, 0xe7, 0x3d, 0xe7, 0x3d, 0xe7,
    0x3d, 0xe7, 0x3d, 0xe7, 0x3d, 0xe7, 0x3d, 0xe7, 0x3d, 0xe7, 0x3d, 0xe7, 0x3d, 0xe7, 0x3d, 0xe7,
    0x3d, 0xe7, 0x3d, 0xe7, 0x3d, 0xe7, 0x3d, 0xe7, 0x3d, 0xe7, 0x3d, 0xe7, 0x3d, 0xe7, 0x3d, 0xe7,
    0x3d, 0xe7, 0x3d, 0xe7, 0x3d, 0xe7, 0x3d, 0xe7, 0x3d, 0xe7, 0x3d, 0xe7, 0x3d, 0xe7, 0x3d, 0xe7,
    0x3d, 0xe7, 0x3d, 0xe7, 0x3d, 0xe7, 0x3d, 0xe7, 0x3d, 0xe7, 0x3d, 0xe7, 0x3d, 0xe7, 0x3d, 0xe7,
    0x3d, 0xe7, 0x3d, 0xe7, 0x3d, 0xe7, 0x3d, 0xe7, 0x3d, 0xe7, 0x3d, 0xe7, 0xdb, 0xde, 0x39, 0xc6,
    0xed, 0x5a, 0x6e, 0x6b, 0x9e, 0xf7, 0x7a, 0xd6, 0x76, 0xad, 0x2c, 0x63, 0x0f, 0x3a, 0x51, 0x19,
    0xf0, 0x10, 0x36, 0x7c, 0xff, 0xff, 0x19, 0xc6, 0x39, 0xc6, 0xd7, 0xbd, 0x2a, 0x42, 0xaf, 0x73,
    0xff, 0xff, 0xbf, 0xf7, 0x30, 0x84, 0xe3, 0x18, 0xae, 0x73, 0x6d, 0x6b, 0x30, 0x84, 0x14, 0xa5,
    0xb6, 0xb5, 0xd7, 0xbd, 0x9a, 0xd6, 0x9a, 0xd6, 0xd7, 0xbd, 0x96, 0xb5, 0x34, 0xa5, 0x92, 0x94,
    0xb2, 0x94, 0xef, 0x7b, 0x6d, 0x6b, 0x8d, 0x73, 0x8e, 0x73, 0x2c, 0x63, 0x8a, 0x52, 0xaa, 0x52,
    0x8a, 0x52, 0x8a, 0x52, 0xaa, 0x52, 0x49, 0x4a, 0x61, 0x08, 0x18, 0xc6, 0x5e, 0xef, 0x1c, 0xe7,
    0x1d, 0xe7, 0x1d, 0xe7, 0x3d, 0xe7, 0x3d, 0xe7, 0x3d, 0xe7, 0x3d, 0xe7, 0x3d, 0xe7, 0x3d, 0xe7,
    0x3d, 0xe7, 0x3d, 0xe7, 0x3d, 0xe7, 0x3d, 0xe7, 0x3d, 0xe7, 0x3d, 0xe7, 0x3d, 0xe7, 0x3d, 0xe7,
    0x3d, 0xe7, 0x3d, 0xe7, 0x3d, 0xe7, 0x3d, 0xe7, 0x3d, 0xe7, 0x3d, 0xe7, 0x3d, 0xe7, 0x3d, 0xe7,
    0x3d, 0xe7, 0x3d, 0xe7, 0x3d, 0xe7, 0x3d, 0xe7, 0x3d, 0xe7, 0x3d, 0xe7, 0x3d, 0xe7, 0x3d, 0xe7,
    0x3d, 0xe7, 0x3d, 0xe7, 0x3d, 0xe7, 0x3d, 0xe7, 0x3d, 0xe7, 0x3d, 0xe7, 0x3d, 0xe7, 0x3d, 0xe7,
    0x3d, 0xe7, 0x3d, 0xe7, 0x3d, 0xe7, 0x3d, 0xe7, 0x3d, 0xe7, 0x3d, 0xe7, 0x3d, 0xe7, 0x3d, 0xe7,
    0x1d, 0xe7, 0x3d, 0xe7, 0xdb, 0xde, 0x39, 0xc6, 0xed, 0x5a, 0x6e, 0x6b, 0x9e, 0xf7, 0x9a, 0xd6,
    0x76, 0xad, 0x2c, 0x63, 0x0f, 0x3a, 0x51, 0x19, 0xf0, 0x10, 0x36, 0x7c, 0xff, 0xff, 0x19, 0xc6,
    0x39, 0xc6, 0xd7, 0xbd, 0x2a, 0x42, 0xaf, 0x73, 0xff, 0xff, 0xbf, 0xf7, 0x30, 0x84, 0xe3, 0x18,
    0xae, 0x73, 0x4d, 0x6b, 0x10, 0x84, 0x34, 0xa5, 0x96, 0xb5, 0xd7, 0xbd, 0x9a, 0xd6, 0x9a, 0xd6,
    0xd7, 0xbd, 0x96, 0xb5, 0x34, 0xa5, 0x71, 0x8c, 0xb2, 0x94, 0x10, 0x84, 0x6d, 0x6b, 0x6d, 0x6b,
    0x8e, 0x73, 0x2c, 0x63, 0x8a, 0x52, 0xaa, 0x52, 0xaa, 0x52, 0x8a, 0x52, 0xaa, 0x52, 0x69, 0x4a,
    0x61, 0x08, 0x18, 0xbe, 0x5e, 0xef, 0x1c, 0xe7, 0x1d, 0xe7, 0x1d, 0xe7, 0x3d, 0xe7, 0x3d, 0xe7,
    0x3d, 0xe7, 0x3d, 0xe7, 0x3d, 0xe7, 0x3d, 0xe7, 0x3d, 0xe7, 0x3d, 0xe7, 0x3d, 0xe7, 0x3d, 0xe7,
    0x3d, 0xe7, 0x3d, 0xe7, 0x3d, 0xe7, 0x3d, 0xe7, 0x3d, 0xe7, 0x3d, 0xe7, 0x3d, 0xe7, 0x3d, 0xe7,
    0x3d, 0xe7, 0x3d, 0xe7, 0x3d, 0xe7, 0x3d, 0xe7, 0x3d, 0xe7, 0x3d, 0xe7, 0x3d, 0xe7, 0x3d, 0xe7,
    0x3d, 0xe7, 0x3d, 0xe7, 0x3d, 0xe7, 0x3d, 0xe7, 0x3d, 0xe7, 0x3d, 0xe7, 0x3d, 0xe7, 0x3d, 0xe7,
    0x3d, 0xe7, 0x3d, 0xe7, 0x3d, 0xe7, 0x3d, 0xe7, 0x3d, 0xe7, 0x3d, 0xe7, 0x3d, 0xe7, 0x3d, 0xe7,
    0x3d, 0xe7, 0x3d, 0xe7, 0x3d, 0xe7, 0x3d, 0xe7, 0x1d, 0xe7, 0x3d, 0xe7, 0xdb, 0xde, 0x39, 0xc6,
    0xed, 0x5a, 0x6e, 0x6b, 0x9e, 0xf7, 0x7a, 0xd6, 0x76, 0xad, 0x2c, 0x63, 0x0f, 0x3a, 0x51, 0x19,
    0xf0, 0x10, 0x36, 0x7c, 0xff, 0xff, 0x19, 0xc6, 0x39, 0xc6, 0xd7, 0xb5, 0x2a, 0x42, 0x8f, 0x73,
    0xff, 0xff, 0xbf, 0xf7, 0x31, 0x84, 0xe3, 0x18, 0xae, 0x73, 0x4d, 0x6b, 0xef, 0x7b, 0x14, 0xa5,
    0x96, 0xb5, 0xb6, 0xb5, 0x79, 0xce, 0x79, 0xce, 0xb6, 0xb5, 0x96, 0xb5, 0x14, 0xa5, 0x71, 0x8c,
    0x92, 0x94, 0xef, 0x7b, 0x4d, 0x6b, 0x6d, 0x6b, 0x6d, 0x6b, 0x0c, 0x63, 0x8a, 0x52, 0x8a, 0x52,
    0x8a, 0x52, 0x8a, 0x52, 0x8a, 0x52, 0x69, 0x4a, 0x82, 0x10, 0x18, 0xc6, 0x7e, 0xef, 0x1c, 0xe7,
    0x3d, 0xe7, 0x3d, 0xe7, 0x3d, 0xe7, 0x3d, 0xe7, 0x3d, 0xe7, 0x3d, 0xe7, 0x3d, 0xe7, 0x3d, 0xe7,
    0x3d, 0xe7, 0x3d, 0xe7, 0x3d, 0xe7, 0x3d, 0xe7, 0x3d, 0xe7, 0x3d, 0xe7, 0x3d, 0xe7, 0x3d, 0xe7,
    0x3d, 0xe7, 0x3d, 0xe7, 0x3d, 0xe7, 0x3d, 0xe7, 0x3d, 0xe7, 0x3d, 0xe7, 0x3d, 0xe7, 0x3d, 0xe7,
    0x3d, 0xe7, 0x3d, 0xe7, 0x3d, 0xe7, 0x3d, 0xe7, 0x3d, 0xe7, 0x3d, 0xe7, 0x3d, 0xe7, 0x3d, 0xe7,
    0x3d, 0xe7, 0x3d, 0xe7, 0x3d, 0xe7, 0x3d, 0xe7, 0x3d, 0xe7, 0x3d, 0xe7, 0x3d, 0xe7, 0x3d, 0xe7,
    0x3d, 0xe7, 0x3d, 0xe7, 0x3d, 0xe7, 0x3d, 0xe7, 0x3d, 0xe7, 0x3d, 0xe7, 0x3d, 0xe7, 0x3d, 0xe7,
    0x3d, 0xe7, 0x3d, 0xe7, 0xdb, 0xde, 0x39, 0xc6, 0xed, 0x5a, 0x6e, 0x6b, 0x9e, 0xf7, 0x7a, 0xce,
    0x76, 0xad, 0x2c, 0x63, 0x0f, 0x3a, 0x51, 0x19, 0xf0, 0x10, 0x36, 0x7c, 0xff, 0xff, 0x19, 0xc6,
    0x39, 0xc6, 0xd7, 0xbd, 0x2a, 0x42, 0xaf, 0x73, 0xff, 0xff, 0xdf, 0xff, 0xf0, 0x7b, 0xa2, 0x10,
    0x10, 0x84, 0xcf, 0x7b, 0xb2, 0x94, 0x75, 0xad, 0x18, 0xc6, 0x59, 0xce, 0x1c, 0xe7, 0xfb, 0xde,
    0x38, 0xc6, 0x18, 0xc6, 0x96, 0xb5, 0xf3, 0x9c, 0x14, 0xa5, 0x51, 0x8c, 0xaf, 0x73, 0xcf, 0x7b,
    0xcf, 0x7b, 0x6d, 0x6b, 0xcb, 0x5a, 0xeb, 0x5a, 0xeb, 0x5a, 0xeb, 0x5a, 0xeb, 0x5a, 0xaa, 0x52,
    0x00, 0x00, 0xf8, 0xbd, 0x7e, 0xef, 0x1c, 0xe7, 0x3d, 0xe7, 0x3d, 0xe7, 0x3d, 0xe7, 0x3d, 0xe7,
    0x3d, 0xe7, 0x3d, 0xe7, 0x3d, 0xe7, 0x3d, 0xe7, 0x3d, 0xe7, 0x3d, 0xe7, 0x3d, 0xe7, 0x3d, 0xe7,
    0x3d, 0xe7, 0x3d, 0xe7, 0x3d, 0xe7, 0x3d, 0xe7, 0x3d, 0xe7, 0x3d, 0xe7, 0x3d, 0xe7, 0x3d, 0xe7,
    0x3d, 0xe7, 0x3d, 0xe7, 0x3d, 0xe7, 0x3d, 0xe7, 0x3d, 0xe7, 0x3d, 0xe7, 0x3d, 0xe7, 0x3d, 0xe7,
    0x3d, 0xe7, 0x3d, 0xe7, 0x3d, 0xe7, 0x3d, 0xe7, 0x3d, 0xe7, 0x3d, 0xe7, 0x3d, 0xe7, 0x3d, 0xe7,
    0x3d, 0xe7, 0x3d, 0xe7, 0x3d, 0xe7, 0x3d, 0xe7, 0x3d, 0xe7, 0x3d, 0xe7, 0x3d, 0xe7, 0x3d, 0xe7,
    0x3d, 0xe7, 0x3d, 0xe7, 0x3d, 0xe7, 0x3d, 0xe7, 0x3d, 0xe7, 0x3d, 0xe7, 0xdb, 0xde, 0x39, 0xc6,
    0xed, 0x5a, 0x6e, 0x6b, 0x9e, 0xf7, 0x7a, 0xce, 0x56, 0xad, 0x0c, 0x63, 0x0f, 0x3a, 0x51, 0x19,
    0xf0, 0x10, 0x36, 0x7c, 0xff, 0xff, 0x19, 0xc6, 0x39, 0xc6, 0xd7, 0xb5, 0x2a, 0x42, 0xaf, 0x73,
    0xff, 0xff, 0x7e, 0xef, 0xd7, 0xbd, 0x28, 0x42, 0x04, 0x21, 0x04, 0x21, 0x65, 0x29, 0xa6, 0x31,
    0xe7, 0x39, 0x08, 0x42, 0x49, 0x4a, 0x28, 0x42, 0x08, 0x42, 0xe7, 0x39, 0xa6, 0x31, 0x65, 0x29,
    0x86, 0x31, 0x24, 0x21, 0xe3, 0x18, 0x04, 0x21, 0x04, 0x21, 0xc3, 0x18, 0xa2, 0x10, 0xa2, 0x10,
    0xa2, 0x10, 0xa2, 0x10, 0xa2, 0x10, 0xa2, 0x10, 0x0c, 0x63, 0xbb, 0xd6, 0x3d, 0xe7, 0x1c, 0xe7,
    0x3d, 0xe7, 0x3d, 0xe7, 0x3d, 0xe7, 0x3d, 0xe7, 0x3d, 0xe7, 0x3d, 0xe7, 0x3d, 0xe7, 0x3d, 0xe7,
    0x3d, 0xe7, 0x3d, 0xe7, 0x3d, 0xe7, 0x3d, 0xe7, 0x3d, 0xe7, 0x3d, 0xe7, 0x3d, 0xe7, 0x3d, 0xe7,
    0x3d, 0xe7, 0x3d, 0xe7, 0x3d, 0xe7, 0x3d, 0xe7, 0x3d, 0xe7, 0x3d, 0xe7, 0x3d, 0xe7, 0x3d, 0xe7,
    0x3d, 0xe7, 0x3d, 0xe7, 0x3d, 0xe7, 0x3d, 0xe7, 0x3d, 0xe7, 0x1c, 0xe7, 0x3d, 0xe7, 0x3d, 0xe7,
    0x3d, 0xe7, 0x3d, 0xe7, 0x3d, 0xe7, 0x3d, 0xe7, 0x3d, 0xe7, 0x3d, 0xe7, 0x3d, 0xe7, 0x3d, 0xe7,
    0x3d, 0xe7, 0x3d, 0xe7, 0x3d, 0xe7, 0x3d, 0xe7, 0x3d, 0xe7, 0x3d, 0xe7, 0x3d, 0xe7, 0x3d, 0xe7,
    0x3d, 0xe7, 0x3d, 0xe7, 0xdb, 0xde, 0x39, 0xc6, 0xed, 0x5a, 0x6e, 0x6b, 0x9e, 0xf7, 0x7a, 0xce,
    0x56, 0xad, 0x0c, 0x63, 0x0f, 0x3a, 0x51, 0x19, 0xf0, 0x10, 0x36, 0x7c, 0xff, 0xff, 0x19, 0xc6,
    0x39, 0xc6, 0xb7, 0xb5, 0x29, 0x42, 0xaf, 0x73, 0xff, 0xff, 0x1c, 0xe7, 0x9e, 0xf7, 0xd7, 0xb5,
    0x49, 0x4a, 0x8a, 0x52, 0x69, 0x4a, 0x69, 0x4a, 0x49, 0x4a, 0x49, 0x4a, 0x49, 0x4a, 0x49, 0x42,
    0x49, 0x4a, 0x49, 0x4a, 0x69, 0x4a, 0x69, 0x4a, 0x69, 0x4a, 0x69, 0x4a, 0x69, 0x4a, 0x69, 0x4a,
    0x69, 0x4a, 0x8a, 0x52, 0x8a, 0x52, 0x8a, 0x52, 0x8a, 0x52, 0x8a, 0x52, 0x8a, 0x52, 0xcb, 0x52,
    0x1c, 0xdf, 0x5d, 0xef, 0x1c, 0xe7, 0x3d, 0xe7, 0x3d, 0xe7, 0x3d, 0xe7, 0x3d, 0xe7, 0x3d, 0xe7,
    0x3d, 0xe7, 0x3d, 0xe7, 0x3d, 0xe7, 0x3d, 0xe7, 0x3d, 0xe7, 0x3d, 0xe7, 0x3d, 0xe7, 0x3d, 0xe7,
    0x3d, 0xe7, 0x3d, 0xe7, 0x3d, 0xe7, 0x3d, 0xe7, 0x3d, 0xe7, 0x3d, 0xe7, 0x3d, 0xe7, 0x3d, 0xe7,
    0x3d, 0xe7, 0x3d, 0xe7, 0x3d, 0xe7, 0x3d, 0xe7, 0x3d, 0xe7, 0x3d, 0xe7, 0x3d, 0xe7, 0x3d, 0xe7,
    0x3d, 0xe7, 0x3d, 0xe7, 0x3d, 0xe7, 0x3d, 0xe7, 0x3d, 0xe7, 0x3d, 0xe7, 0x3d, 0xe7, 0x3d, 0xe7,
    0x3d, 0xe7, 0x1d, 0xe7, 0x1d, 0xe7, 0x1d, 0xe7, 0x3d, 0xe7, 0x3d, 0xe7, 0x3d, 0xe7, 0x3d, 0xe7,
    0x3d, 0xe7, 0x3d, 0xe7, 0x3d, 0xe7, 0x3d, 0xe7, 0x3d, 0xe7, 0x3d, 0xe7, 0xdb, 0xde, 0x39, 0xc6,
    0xed, 0x5a, 0x6e, 0x6b, 0x9e, 0xf7, 0x7a, 0xce, 0x56, 0xad, 0x0c, 0x63, 0x0f, 0x3a, 0x51, 0x19,
    0xf0, 0x10, 0x36, 0x7c, 0xff, 0xff, 0x19, 0xc6, 0x39, 0xc6, 0xb7, 0xb5, 0x29, 0x42, 0xaf, 0x73,
    0xff, 0xff, 0x3d, 0xe7, 0xfc, 0xde, 0x3d, 0xe7, 0xbf, 0xf7, 0x9e, 0xf7, 0xbe, 0xf7, 0xbf, 0xf7,
    0xbf, 0xf7, 0xbf, 0xf7, 0xbf, 0xf7, 0xbe, 0xf7, 0xbe, 0xf7, 0xbe, 0xf7, 0xbf, 0xf7, 0xbf, 0xf7,
    0xbf, 0xf7, 0xbe, 0xf7, 0xbe, 0xf7, 0xbe, 0xf7, 0xbe, 0xf7, 0xbe, 0xf7, 0x9e, 0xf7, 0xbe, 0xf7,
    0xbe, 0xf7, 0x9e, 0xf7, 0x9e, 0xf7, 0x9e, 0xf7, 0x1c, 0xe7, 0x1c, 0xe7, 0x3d, 0xe7, 0x3d, 0xe7,
    0x3d, 0xe7, 0x3d, 0xe7, 0x3d, 0xe7, 0x3d, 0xe7, 0x3d, 0xe7, 0x3d, 0xe7, 0x3d, 0xe7, 0x3d, 0xe7,
    0x3d, 0xe7, 0x3d, 0xe7, 0x3d, 0xe7, 0x3d, 0xe7, 0x3d, 0xe7, 0x3d, 0xe7, 0x3d, 0xe7, 0x3d, 0xe7,
    0x3d, 0xe7, 0x3d, 0xe7, 0x3d, 0xe7, 0x3d, 0xe7, 0x3d, 0xe7, 0x3d, 0xe7, 0x3d, 0xe7, 0x3d, 0xe7,
    0x3d, 0xe7, 0x3d, 0xe7, 0x3d, 0xe7, 0x3d, 0xe7, 0x3d, 0xe7, 0x3d, 0xe7, 0x3d, 0xe7, 0x3d, 0xe7,
    0x3d, 0xe7, 0x3d, 0xe7, 0x3d, 0xe7, 0x3d, 0xe7, 0x1c, 0xe7, 0x1d, 0xe7, 0x1d, 0xe7, 0x1d, 0xe7,
    0x3d, 0xe7, 0x3d, 0xe7, 0x3d, 0xe7, 0x3d, 0xe7, 0x3d, 0xe7, 0x3d, 0xe7, 0x3d, 0xe7, 0x3d, 0xe7,
    0x3d, 0xe7, 0x3d, 0xe7, 0xdb, 0xde, 0x39, 0xc6, 0xed, 0x5a, 0x6e, 0x6b, 0x9e, 0xf7, 0x7a, 0xce,
    0x56, 0xad, 0x0c, 0x63, 0x0f, 0x3a, 0x51, 0x19, 0xf0, 0x10, 0x16, 0x7c, 0xff, 0xff, 0x19, 0xc6,
    0x39, 0xc6, 0xd7, 0xbd, 0x4a, 0x42, 0xb0, 0x73, 0xff, 0xff, 0x5d, 0xef, 0x1c, 0xe7, 0x1c, 0xe7,
    0x1c, 0xe7, 0x1c, 0xe7, 0x1c, 0xe7, 0x1c, 0xe7, 0x1c, 0xe7, 0x1c, 0xe7, 0x1c, 0xe7, 0x1c, 0xe7,
    0x1c, 0xe7, 0x1c, 0xe7, 0x1c, 0xe7, 0x1c, 0xe7, 0x1c, 0xe7, 0x1c, 0xe7, 0x1c, 0xe7, 0x1c, 0xe7,
    0x1c, 0xe7, 0x1c, 0xe7, 0x1c, 0xe7, 0x1c, 0xe7, 0x1c, 0xe7, 0x1c, 0xe7, 0x1c, 0xe7, 0x1c, 0xe7,
    0x3d, 0xe7, 0x3d, 0xe7, 0x3d, 0xe7, 0x3d, 0xe7, 0x3d, 0xe7, 0x3d, 0xe7, 0x3d, 0xe7, 0x3d, 0xe7,
    0x3d, 0xe7, 0x3d, 0xe7, 0x3d, 0xe7, 0x1c, 0xe7, 0x3d, 0xe7, 0x3d, 0xe7, 0x3d, 0xe7, 0x3d, 0xe7,
    0x3d, 0xe7, 0x3d, 0xe7, 0x3d, 0xe7, 0x3d, 0xe7, 0x3d, 0xe7, 0x3d, 0xe7, 0x3d, 0xe7, 0x3d, 0xe7,
    0x3d, 0xe7, 0x3d, 0xe7, 0x3d, 0xe7, 0x3d, 0xe7, 0x3d, 0xe7, 0x3d, 0xe7, 0x3d, 0xe7, 0x3d, 0xe7,
    0x3d, 0xe7, 0x3d, 0xe7, 0x3d, 0xe7, 0x3d, 0xe7, 0x3d, 0xe7, 0x3d, 0xe7, 0x3d, 0xe7, 0x3d, 0xe7,
    0x3d, 0xe7, 0x1d, 0xe7, 0x1d, 0xe7, 0x1d, 0xe7, 0x3d, 0xe7, 0x3d, 0xe7, 0x3d, 0xe7, 0x3d, 0xe7,
    0x3d, 0xe7, 0x3d, 0xe7, 0x3d, 0xe7, 0x1c, 0xe7, 0x3d, 0xe7, 0x3d, 0xe7, 0xdb, 0xde, 0x7a, 0xce,
    0xed, 0x5a, 0x8e, 0x6b, 0x9e, 0xf7, 0x7a, 0xce, 0x56, 0xad, 0x0c, 0x63, 0x0f, 0x3a, 0x51, 0x19,
    0xf0, 0x10, 0x36, 0x7c, 0xff, 0xff, 0x18, 0xc6, 0x39, 0xc6, 0xb7, 0xb5, 0x29, 0x42, 0x6f, 0x6b,
    0xdb, 0xde, 0x1c, 0xe7, 0x3d, 0xe7, 0x1c, 0xe7, 0x3d, 0xe7, 0x3c, 0xe7, 0x3c, 0xe7, 0x3c, 0xe7,
    0x3c, 0xe7, 0x3c, 0xe7, 0x3c, 0xe7, 0x3d, 0xe7, 0x3d, 0xe7, 0x3d, 0xe7, 0x3c, 0xe7, 0x3c, 0xe7,
    0x3c, 0xe7, 0x3c, 0xe7, 0x3c, 0xe7, 0x3c, 0xe7, 0x3c, 0xe7, 0x3d, 0xe7, 0x3d, 0xe7, 0x3d, 0xe7,
    0x3c, 0xe7, 0x3d, 0xe7, 0x3c, 0xe7, 0x3d, 0xe7, 0x3d, 0xe7, 0x3d, 0xe7, 0x3d, 0xe7, 0x3d, 0xe7,
    0x3d, 0xe7, 0x3d, 0xe7, 0x3d, 0xe7, 0x1d, 0xe7, 0x1d, 0xe7, 0x3d, 0xe7, 0x3d, 0xe7, 0x3d, 0xe7,
    0x3d, 0xe7, 0x3d, 0xe7, 0x3d, 0xe7, 0x3d, 0xe7, 0x3d, 0xe7, 0x3d, 0xe7, 0x3d, 0xe7, 0x3d, 0xe7,
    0x3d, 0xe7, 0x3d, 0xe7, 0x3d, 0xe7, 0x3d, 0xe7, 0x3d, 0xe7, 0x3d, 0xe7, 0x3d, 0xe7, 0x3d, 0xe7,
    0x3d, 0xe7, 0x3d, 0xe7, 0x1c, 0xe7, 0x3d, 0xe7, 0x3d, 0xe7, 0x3d, 0xe7, 0x3d, 0xe7, 0x3d, 0xe7,
    0x3d, 0xe7, 0x3d, 0xe7, 0x3d, 0xe7, 0x3d, 0xe7, 0x3d, 0xe7, 0x1d, 0xe7, 0x1d, 0xe7, 0x1d, 0xe7,
    0x3d, 0xe7, 0x3d, 0xe7, 0x3d, 0xe7, 0x3d, 0xe7, 0x3d, 0xe7, 0x3d, 0xe7, 0x3d, 0xe7, 0x1d, 0xe7,
    0x1c, 0xe7, 0x5d, 0xe7, 0xbb, 0xd6, 0x76, 0xad, 0xec, 0x5a, 0x6e, 0x6b, 0x9e, 0xf7, 0x7a, 0xce,
    0x56, 0xad, 0x0c, 0x63, 0x0f, 0x3a, 0x51, 0x19, 0xf0, 0x10, 0x36, 0x7c, 0xff, 0xff, 0x19, 0xc6,
    0x39, 0xc6, 0x76, 0xb5, 0xcc, 0x5a, 0x2a, 0x42, 0x4a, 0x42, 0xd7, 0xb5, 0x1c, 0xe7, 0x1c, 0xe7,
    0x1c, 0xe7, 0x1c, 0xe7, 0x3d, 0xe7, 0x3d, 0xe7, 0x3d, 0xe7, 0x3d, 0xe7, 0x3d, 0xe7, 0x3d, 0xe7,
    0x3d, 0xe7, 0x3d, 0xe7, 0x3d, 0xe7, 0x3d, 0xe7, 0x3d, 0xe7, 0x3d, 0xe7, 0x3d, 0xe7, 0x3d, 0xe7,
    0x3d, 0xe7, 0x1c, 0xe7, 0x3d, 0xe7, 0x3d, 0xe7, 0x3d, 0xe7, 0x3d, 0xe7, 0x3d, 0xe7, 0x3d, 0xe7,
    0x3d, 0xe7, 0x3d, 0xe7, 0x3d, 0xe7, 0x3d, 0xe7, 0x3d, 0xe7, 0x3d, 0xe7, 0x1d, 0xe7, 0x1d, 0xe7,
    0x1d, 0xe7, 0x3d, 0xe7, 0x3d, 0xe7, 0x3d, 0xe7, 0x3d, 0xe7, 0x3d, 0xe7, 0x3d, 0xe7, 0x3d, 0xe7,
    0x3d, 0xe7, 0x3d, 0xe7, 0x3d, 0xe7, 0x3d, 0xe7, 0x3d, 0xe7, 0x3d, 0xe7, 0x3d, 0xe7, 0x3d, 0xe7,
    0x3d, 0xe7, 0x3d, 0xe7, 0x3d, 0xe7, 0x3d, 0xe7, 0x3d, 0xe7, 0x3d, 0xe7, 0x3d, 0xe7, 0x3d, 0xe7,
    0x3d, 0xe7, 0x3d, 0xe7, 0x3d, 0xe7, 0x3d, 0xe7, 0x3d, 0xe7, 0x3d, 0xe7, 0x3d, 0xe7, 0x3d, 0xe7,
    0x3d, 0xe7, 0x1d, 0xe7, 0x1d, 0xe7, 0x1d, 0xe7, 0x3d, 0xe7, 0x3d, 0xe7, 0x3d, 0xe7, 0x3d, 0xe7,
    0x3d, 0xe7, 0x3d, 0xe7, 0x3d, 0xe7, 0x1d, 0xe7, 0x1c, 0xe7, 0x1c, 0xe7, 0x76, 0xad, 0x2a, 0x42,
    0x09, 0x3a, 0x11, 0x7c, 0x7d, 0xef, 0x7a, 0xce, 0x76, 0xad, 0x0c, 0x63, 0x0f, 0x3a, 0x51, 0x19,
    0xf0, 0x10, 0x16, 0x7c, 0xff, 0xff, 0x19, 0xc6, 0xf8, 0xc5, 0x59, 0xce, 0xfc, 0xde, 0xd0, 0x73,
    0x2a, 0x3a, 0x4a, 0x42, 0xb7, 0xb5, 0x7d, 0xef, 0xfc, 0xde, 0x1c, 0xe7, 0x1c, 0xe7, 0x1c, 0xe7,
    0x1c, 0xe7, 0x1c, 0xe7, 0x1c, 0xe7, 0x1c, 0xe7, 0x1c, 0xe7, 0x3d, 0xe7, 0x3c, 0xe7, 0x3c, 0xe7,
    0x3c, 0xe7, 0x1c, 0xe7, 0x3d, 0xe7, 0x1c, 0xe7, 0x1c, 0xe7, 0x1c, 0xe7, 0x3d, 0xe7, 0x3d, 0xe7,
    0x3d, 0xe7, 0x3d, 0xe7, 0x3d, 0xe7, 0x3d, 0xe7, 0x3d, 0xe7, 0x3c, 0xe7, 0x3d, 0xe7, 0x1c, 0xe7,
    0x3d, 0xe7, 0x3d, 0xe7, 0x1d, 0xe7, 0x1d, 0xe7, 0x1c, 0xe7, 0x3d, 0xe7, 0x3d, 0xe7, 0x3d, 0xe7,
    0x3d, 0xe7, 0x3d, 0xe7, 0x3d, 0xe7, 0x3d, 0xe7, 0x3d, 0xe7, 0x3c, 0xe7, 0x3d, 0xe7, 0x3d, 0xe7,
    0x1c, 0xe7, 0x1c, 0xe7, 0x3c, 0xe7, 0x3c, 0xe7, 0x3c, 0xe7, 0x3c, 0xe7, 0x3d, 0xe7, 0x3d, 0xe7,
    0x1c, 0xe7, 0x3d, 0xe7, 0x3d, 0xe7, 0x3d, 0xe7, 0x3d, 0xe7, 0x3d, 0xe7, 0x3d, 0xe7, 0x3d, 0xe7,
    0x1c, 0xe7, 0x3d, 0xe7, 0x3d, 0xe7, 0x3d, 0xe7, 0x1d, 0xe7, 0x1d, 0xe7, 0x1d, 0xe7, 0x1d, 0xe7,
    0x3d, 0xe7, 0x3d, 0xe7, 0x1c, 0xe7, 0x3d, 0xe7, 0x3d, 0xe7, 0x3d, 0xe7, 0x1c, 0xe7, 0x1c, 0xdf,
    0x7e, 0xef, 0xf4, 0x9c, 0x4a, 0x42, 0x4a, 0x42, 0xaf, 0x73, 0xfc, 0xde, 0x3d, 0xe7, 0x39, 0xc6,
    0x76, 0xad, 0x0c, 0x63, 0x0f, 0x3a, 0x51, 0x19, 0xf0, 0x10, 0x16, 0x7c, 0xff, 0xff, 0x19, 0xc6,
    0x18, 0xc6, 0x39, 0xc6, 0x1c, 0xe7, 0x3d, 0xe7, 0xaf, 0x73, 0x2a, 0x42, 0xac, 0x52, 0x35, 0xa5,
    0x9e, 0xf7, 0x1c, 0xe7, 0x3d, 0xe7, 0x3d, 0xe7, 0x3d, 0xe7, 0x3d, 0xe7, 0x3d, 0xe7, 0x3d, 0xe7,
    0x3d, 0xe7, 0x3d, 0xe7, 0x3d, 0xe7, 0x3d, 0xe7, 0x3d, 0xe7, 0x3d, 0xe7, 0x3d, 0xe7, 0x3d, 0xe7,
    0x3d, 0xe7, 0x3d, 0xe7, 0x3d, 0xe7, 0x3d, 0xe7, 0x3d, 0xe7, 0x3d, 0xe7, 0x3d, 0xe7, 0x3d, 0xe7,
    0x3d, 0xe7, 0x3d, 0xe7, 0x3d, 0xe7, 0x3d, 0xe7, 0x3d, 0xe7, 0x3d, 0xe7, 0x3d, 0xe7, 0x3d, 0xe7,
    0x3d, 0xe7, 0x3d, 0xe7, 0x3d, 0xe7, 0x3d, 0xe7, 0x3d, 0xe7, 0x3d, 0xe7, 0x3d, 0xe7, 0x3d, 0xe7,
    0x3d, 0xe7, 0x3d, 0xe7, 0x3d, 0xe7, 0x3d, 0xe7, 0x3d, 0xe7, 0x3d, 0xe7, 0x3d, 0xe7, 0x3d, 0xe7,
    0x3d, 0xe7, 0x3d, 0xe7, 0x3d, 0xe7, 0x3d, 0xe7, 0x3d, 0xe7, 0x3d, 0xe7, 0x3d, 0xe7, 0x3d, 0xe7,
    0x3d, 0xe7, 0x3d, 0xe7, 0x3d, 0xe7, 0x3d, 0xe7, 0x3d, 0xe7, 0x3d, 0xe7, 0x3d, 0xe7, 0x3d, 0xe7,
    0x3d, 0xe7, 0x3d, 0xe7, 0x3d, 0xe7, 0x3d, 0xe7, 0x3d, 0xe7, 0x3d, 0xe7, 0x3d, 0xe7, 0x3d, 0xe7,
    0x3d, 0xe7, 0x3d, 0xe7, 0x3c, 0xe7, 0x7e, 0xef, 0xd4, 0x94, 0x8b, 0x52, 0x4a, 0x42, 0xaf, 0x73,
    0x3d, 0xe7, 0xfc, 0xe6, 0x39, 0xc6, 0x59, 0xce, 0x76, 0xad, 0x2c, 0x63, 0x0f, 0x3a, 0x51, 0x19,
    0xd0, 0x08, 0x37, 0x84, 0xff, 0xff, 0x5a, 0xce, 0x39, 0xc6, 0x18, 0xc6, 0x19, 0xc6, 0x1c, 0xe7,
    0x7d, 0xef, 0x8f, 0x73, 0xe9, 0x39, 0xec, 0x5a, 0x76, 0xad, 0xdb, 0xde, 0x9b, 0xd6, 0xbb, 0xd6,
    0xbb, 0xd6, 0xbb, 0xd6, 0xbb, 0xd6, 0xbb, 0xd6, 0xbb, 0xd6, 0xbb, 0xd6, 0xbb, 0xd6, 0xbb, 0xd6,
    0xbb, 0xd6, 0xbb, 0xd6, 0xbb, 0xd6, 0xbb, 0xd6, 0xbb, 0xd6, 0xbb, 0xd6, 0xbb, 0xd6, 0xbb, 0xd6,
    0xbb, 0xd6, 0xbb, 0xd6, 0xbb, 0xd6, 0xbb, 0xd6, 0xbb, 0xd6, 0xbb, 0xd6, 0xbb, 0xd6, 0xbb, 0xd6,
    0xbb, 0xd6, 0xbb, 0xd6, 0xbb, 0xd6, 0xbb, 0xd6, 0xbb, 0xd6, 0xbb, 0xd6, 0xbb, 0xd6, 0xbb, 0xd6,
    0xbb, 0xd6, 0xbb, 0xd6, 0xbb, 0xd6, 0xbb, 0xd6, 0xbb, 0xd6, 0xbb, 0xd6, 0xbb, 0xd6, 0xbb, 0xd6,
    0xbb, 0xd6, 0xbb, 0xd6, 0xbb, 0xd6, 0xbb, 0xd6, 0xbb, 0xd6, 0xbb, 0xd6, 0xbb, 0xd6, 0xbb, 0xd6,
    0xbb, 0xd6, 0xbb, 0xd6, 0xbb, 0xd6, 0xbb, 0xd6, 0xbb, 0xd6, 0xbb, 0xd6, 0xbb, 0xd6, 0xbb, 0xd6,
    0xbb, 0xd6, 0xbb, 0xd6, 0xbb, 0xd6, 0xbb, 0xd6, 0xbb, 0xd6, 0xbb, 0xd6, 0xbb, 0xd6, 0xbb, 0xd6,
    0xbb, 0xd6, 0xbb, 0xd6, 0xbb, 0xd6, 0xbb, 0xd6, 0xbb, 0xd6, 0xbb, 0xd6, 0xdb, 0xde, 0x56, 0xad,
    0xac, 0x52, 0x2a, 0x42, 0xd0, 0x7b, 0x7d, 0xef, 0x5d, 0xef, 0x5a, 0xce, 0xf8, 0xbd, 0x59, 0xce,
    0x76, 0xad, 0x4c, 0x6b, 0x0f, 0x3a, 0x51, 0x19, 0xf0, 0x10, 0xb5, 0x73, 0x3d, 0xe7, 0x5a, 0xce,
    0x39, 0xce, 0x19, 0xc6, 0x19, 0xc6, 0x39, 0xc6, 0x1c, 0xe7, 0x5d, 0xef, 0x72, 0x8c, 0xa8, 0x31,
    0x8f, 0x6b, 0xb7, 0xb5, 0x56, 0xad, 0x76, 0xad, 0x76, 0xad, 0x76, 0xad, 0x76, 0xad, 0x76, 0xad,
    0x76, 0xad, 0x76, 0xad, 0x76, 0xad, 0x76, 0xad, 0x76, 0xad, 0x76, 0xad, 0x76, 0xad, 0x76, 0xad,
    0x76, 0xad, 0x76, 0xad, 0x76, 0xad, 0x76, 0xad, 0x76, 0xad, 0x76, 0xad, 0x76, 0xad, 0x76, 0xad,
    0x76, 0xad, 0x76, 0xad, 0x76, 0xad, 0x76, 0xad, 0x76, 0xad, 0x76, 0xad, 0x76, 0xad, 0x76, 0xad,
    0x76, 0xad, 0x76, 0xad, 0x76, 0xad, 0x76, 0xad, 0x76, 0xad, 0x76, 0xad, 0x76, 0xad, 0x76, 0xad,
    0x76, 0xad, 0x76, 0xad, 0x76, 0xad, 0x76, 0xad, 0x76, 0xad, 0x76, 0xad, 0x76, 0xad, 0x76, 0xad,
    0x76, 0xad, 0x76, 0xad, 0x76, 0xad, 0x76, 0xad, 0x76, 0xad, 0x76, 0xad, 0x76, 0xad, 0x76, 0xad,
    0x76, 0xad, 0x76, 0xad, 0x76, 0xad, 0x76, 0xad, 0x76, 0xad, 0x76, 0xad, 0x76, 0xad, 0x76, 0xad,
    0x76, 0xad, 0x76, 0xad, 0x76, 0xad, 0x76, 0xad, 0x76, 0xad, 0x76, 0xad, 0x76, 0xad, 0x76, 0xad,
    0x76, 0xad, 0x76, 0xad, 0xb7, 0xb5, 0x6e, 0x6b, 0xc8, 0x31, 0x72, 0x8c, 0x5d, 0xef, 0x3d, 0xe7,
    0x39, 0xce, 0x18, 0xc6, 0x39, 0xc6, 0xd8, 0xbd, 0x31, 0x84, 0x0c, 0x63, 0x0f, 0x3a, 0x51, 0x19,
    0x71, 0x21, 0x51, 0x19, 0x72, 0x42, 0x18, 0xc6, 0x97, 0xb5, 0x39, 0xc6, 0x18, 0xc6, 0x19, 0xc6,
    0x18, 0xc6, 0xdb, 0xde, 0x1c, 0xe7, 0x52, 0x8c, 0xc8, 0x31, 0x09, 0x3a, 0x09, 0x3a, 0x09, 0x3a,
    0x09, 0x3a, 0x09, 0x3a, 0x09, 0x3a, 0x09, 0x3a, 0x09, 0x3a, 0x09, 0x3a, 0x09, 0x3a, 0x09, 0x3a,
    0x09, 0x3a, 0x09, 0x3a, 0x09, 0x3a, 0x09, 0x3a, 0x09, 0x3a, 0x09, 0x3a, 0x09, 0x3a, 0x09, 0x3a,
    0x09, 0x3a, 0xe9, 0x39, 0xe9, 0x39, 0x09, 0x3a, 0x09, 0x3a, 0x09, 0x3a, 0x09, 0x3a, 0x09, 0x3a,
    0x09, 0x3a, 0x09, 0x3a, 0x09, 0x3a, 0x09, 0x3a, 0x09, 0x3a, 0x09, 0x3a, 0x09, 0x3a, 0x09, 0x3a,
    0x09, 0x3a, 0x09, 0x3a, 0x09, 0x3a, 0x09, 0x3a, 0x09, 0x3a, 0x09, 0x3a, 0x09, 0x3a, 0x09, 0x3a,
    0x09, 0x3a, 0x09, 0x3a, 0x09, 0x3a, 0x09, 0x3a, 0x09, 0x3a, 0x09, 0x3a, 0x09, 0x3a, 0x09, 0x3a,
    0x09, 0x3a, 0x09, 0x3a, 0x09, 0x3a, 0x09, 0x3a, 0x09, 0x3a, 0x09, 0x3a, 0x09, 0x3a, 0x09, 0x3a,
    0x09, 0x3a, 0x09, 0x3a, 0x09, 0x3a, 0x09, 0x3a, 0x09, 0x3a, 0x09, 0x3a, 0x09, 0x3a, 0x09, 0x3a,
    0x09, 0x3a, 0x09, 0x3a, 0x09, 0x3a, 0xe9, 0x39, 0x09, 0x3a, 0x09, 0x3a, 0x2a, 0x3a, 0xe9, 0x39,
    0x93, 0x94, 0xfc, 0xde, 0x5d, 0xef, 0x39, 0xce, 0x19, 0xc6, 0x18, 0xc6, 0x19, 0xc6, 0xb3, 0x94,
    0x2c, 0x63, 0xcf, 0x31, 0x51, 0x19, 0x71, 0x21, 0x71, 0x21, 0x51, 0x19, 0x91, 0x21, 0x33, 0x5b,
    0xf3, 0x9c, 0x55, 0xad, 0xbb, 0xd6, 0x19, 0xc6, 0x18, 0xc6, 0xf8, 0xbd, 0x3c, 0xe7, 0xfc, 0xde,
    0x35, 0xa5, 0x76, 0xad, 0x76, 0xad, 0x56, 0xad, 0x56, 0xad, 0x56, 0xad, 0x76, 0xad, 0x56, 0xad,
    0x76, 0xad, 0x76, 0xad, 0x76, 0xad, 0x76, 0xad, 0x76, 0xad, 0x76, 0xad, 0x76, 0xad, 0x76, 0xad,
    0x76, 0xad, 0x76, 0xad, 0x76, 0xad, 0x76, 0xad, 0x76, 0xad, 0x56, 0xad, 0x56, 0xad, 0x76, 0xad,
    0x76, 0xad, 0x76, 0xad, 0x76, 0xad, 0x76, 0xad, 0x76, 0xad, 0x76, 0xad, 0x76, 0xad, 0x76, 0xad,
    0x56, 0xad, 0x76, 0xad, 0x76, 0xad, 0x76, 0xad, 0x76, 0xad, 0x76, 0xad, 0x76, 0xad, 0x76, 0xad,
    0x76, 0xad, 0x76, 0xad, 0x76, 0xad, 0x76, 0xad, 0x76, 0xad, 0x76, 0xad, 0x76, 0xad, 0x76, 0xad,
    0x76, 0xad, 0x76, 0xad, 0x76, 0xad, 0x76, 0xad, 0x76, 0xad, 0x76, 0xad, 0x56, 0xad, 0x76, 0xad,
    0x76, 0xad, 0x76, 0xad, 0x76, 0xad, 0x76, 0xad, 0x76, 0xad, 0x76, 0xad, 0x76, 0xad, 0x76, 0xad,
    0x56, 0xad, 0x76, 0xad, 0x76, 0xad, 0x76, 0xad, 0x76, 0xad, 0x76, 0xad, 0x76, 0xad, 0x76, 0xad,
    0x76, 0xad, 0x76, 0xad, 0x76, 0xad, 0x56, 0xad, 0xfc, 0xde, 0x3d, 0xe7, 0x5a, 0xce, 0x18, 0xc6,
    0x39, 0xc6, 0x7a, 0xce, 0x31, 0x84, 0x2c, 0x63, 0x2f, 0x42, 0x71, 0x21, 0x51, 0x21, 0x71, 0x21,
    0x71, 0x21, 0x71, 0x21, 0x51, 0x19, 0x30, 0x19, 0x12, 0x5b, 0xf4, 0x9c, 0xd7, 0xbd, 0x7a, 0xce,
    0x39, 0xc6, 0x18, 0xc6, 0x59, 0xce, 0x1c, 0xe7, 0x9e, 0xf7, 0x7e, 0xf7, 0x7e, 0xf7, 0x7e, 0xf7,
    0x7e, 0xef, 0x7e, 0xef, 0x7e, 0xef, 0x7e, 0xef, 0x7e, 0xf7, 0x7e, 0xef, 0x7e, 0xef, 0x7e, 0xf7,
    0x7e, 0xf7, 0x7e, 0xef, 0x7e, 0xef, 0x7e, 0xf7, 0x9e, 0xf7, 0x9e, 0xef, 0x9e, 0xef, 0x9e, 0xef,
    0x9e, 0xf7, 0x9e, 0xf7, 0x7e, 0xf7, 0x7e, 0xef, 0x7e, 0xef, 0x7e, 0xf7, 0x7e, 0xf7, 0x7e, 0xf7,
    0x7e, 0xf7, 0x7e, 0xf7, 0x9e, 0xf7, 0x9e, 0xf7, 0x9e, 0xf7, 0x7e, 0xf7, 0x7e, 0xf7, 0x9e, 0xf7,
    0x9e, 0xf7, 0x9e, 0xf7, 0x9e, 0xf7, 0x9e, 0xf7, 0x9e, 0xf7, 0x9e, 0xf7, 0x7e, 0xf7, 0x7e, 0xf7,
    0x9e, 0xf7, 0x9e, 0xf7, 0x9e, 0xf7, 0x9e, 0xf7, 0x9e, 0xf7, 0x9e, 0xf7, 0x9e, 0xf7, 0x9e, 0xf7,
    0x9e, 0xf7, 0x9e, 0xf7, 0x9e, 0xf7, 0x7e, 0xef, 0x7e, 0xef, 0x7e, 0xf7, 0x9e, 0xf7, 0x9e, 0xf7,
    0x9e, 0xf7, 0x9e, 0xf7, 0x9e, 0xf7, 0x9e, 0xf7, 0x7e, 0xf7, 0x9e, 0xf7, 0x9e, 0xf7, 0x7e, 0xf7,
    0x7e, 0xef, 0x9e, 0xf7, 0x7e, 0xf7, 0x7e, 0xf7, 0x7e, 0xf7, 0x7e, 0xef, 0x7e, 0xef, 0x7e, 0xef,
    0x3d, 0xef, 0x9a, 0xd6, 0xf8, 0xbd, 0x39, 0xc6, 0xf8, 0xbd, 0x72, 0x94, 0x6e, 0x6b, 0x2e, 0x42,
    0x51, 0x21, 0x51, 0x21, 0x71, 0x21, 0x71, 0x21, 0x71, 0x21, 0x71, 0x21, 0x71, 0x21, 0x71, 0x21,
    0x31, 0x19, 0x52, 0x63, 0x92, 0x94, 0xb6, 0xb5, 0xf8, 0xc5, 0x39, 0xc6, 0x59, 0xce, 0x59, 0xce,
    0x59, 0xce, 0x59, 0xce, 0x39, 0xc6, 0x39, 0xc6, 0x39, 0xc6, 0x39, 0xc6, 0x39, 0xc6, 0x39, 0xce,
    0x39, 0xc6, 0x59, 0xce, 0x59, 0xce, 0x59, 0xce, 0x59, 0xce, 0x59, 0xce, 0x59, 0xc6, 0x59, 0xce,
    0x59, 0xce, 0x59, 0xce, 0x59, 0xce, 0x59, 0xce, 0x59, 0xce, 0x59, 0xce, 0x59, 0xce, 0x39, 0xce,
    0x39, 0xce, 0x39, 0xce, 0x59, 0xce, 0x39, 0xce, 0x59, 0xce, 0x59, 0xce, 0x59, 0xce, 0x59, 0xce,
    0x59, 0xce, 0x59, 0xce, 0x59, 0xce, 0x39, 0xce, 0x39, 0xce, 0x59, 0xce, 0x39, 0xce, 0x39, 0xce,
    0x59, 0xce, 0x59, 0xce, 0x39, 0xce, 0x59, 0xce, 0x59, 0xce, 0x59, 0xce, 0x59, 0xce, 0x5a, 0xce,
    0x59, 0xce, 0x59, 0xce, 0x59, 0xce, 0x59, 0xce, 0x59, 0xce, 0x59, 0xce, 0x59, 0xce, 0x59, 0xce,
    0x59, 0xce, 0x59, 0xce, 0x59, 0xce, 0x39, 0xce, 0x59, 0xce, 0x59, 0xce, 0x59, 0xce, 0x59, 0xce,
    0x39, 0xc6, 0x39, 0xce, 0x59, 0xce, 0x59, 0xce, 0x59, 0xce, 0x59, 0xce, 0x59, 0xce, 0x39, 0xc6,
    0x39, 0xc6, 0x39, 0xc6, 0x39, 0xce, 0x39, 0xce, 0x59, 0xce, 0x59, 0xce, 0x39, 0xce, 0xd7, 0xbd,
    0x31, 0x84, 0xec, 0x5a, 0x4e, 0x42, 0x51, 0x19, 0x71, 0x21, 0x71, 0x21, 0x71, 0x21, 0x71, 0x21,
    0x71, 0x21, 0x71, 0x21, 0x71, 0x21, 0x71, 0x21, 0x71, 0x21, 0x11, 0x11, 0x31, 0x5b, 0xd2, 0x9c,
    0x72, 0x8c, 0x35, 0xa5, 0x56, 0xad, 0x35, 0xad, 0x35, 0xa5, 0x35, 0xa5, 0x35, 0xa5, 0x35, 0xa5,
    0x35, 0xa5, 0x35, 0xa5, 0x35, 0xa5, 0x35, 0xa5, 0x35, 0xa5, 0x35, 0xa5, 0x35, 0xa5, 0x55, 0xad,
    0x55, 0xad, 0x35, 0xa5, 0x35, 0xa5, 0x35, 0xa5, 0x35, 0xad, 0x35, 0xad, 0x35, 0xad, 0x55, 0xad,
    0x55, 0xad, 0x35, 0xad, 0x35, 0xad, 0x35, 0xa5, 0x35, 0xa5, 0x35, 0xa5, 0x35, 0xa5, 0x35, 0xa5,
    0x35, 0xa5, 0x35, 0xa5, 0x35, 0xa5, 0x35, 0xad, 0x55, 0xad, 0x55, 0xa5, 0x35, 0xa5, 0x35, 0xa5,
    0x35, 0xa5, 0x35, 0xa5, 0x35, 0xa5, 0x35, 0xa5, 0x35, 0xa5, 0x35, 0xa5, 0x35, 0xa5, 0x35, 0xad,
    0x55, 0xad, 0x55, 0xad, 0x55, 0xad, 0x55, 0xad, 0x55, 0xad, 0x55, 0xad, 0x55, 0xad, 0x55, 0xad,
    0x55, 0xad, 0x55, 0xad, 0x35, 0xad, 0x35, 0xad, 0x55, 0xad, 0x35, 0xad, 0x35, 0xa5, 0x35, 0xad,
    0x35, 0xad, 0x35, 0xa5, 0x35, 0xa5, 0x35, 0xa5, 0x35, 0xa5, 0x35, 0xa5, 0x35, 0xa5, 0x35, 0xa5,
    0x35, 0xa5, 0x35, 0xa5, 0x35, 0xa5, 0x35, 0xa5, 0x35, 0xa5, 0x35, 0xa5, 0x55, 0xa5, 0x35, 0xa5,
    0x35, 0xa5, 0x35, 0xa5, 0x35, 0xa5, 0x11, 0x84, 0x2c, 0x63, 0x4e, 0x42, 0x31, 0x19, 0x71, 0x21,
    0x71, 0x21, 0x71, 0x21, 0x71, 0x21, 0x71, 0x21, 0x71, 0x21, 0x71, 0x21, 0x71, 0x21, 0x71, 0x21,
    0x71, 0x21, 0x71, 0x21, 0x71, 0x21, 0x30, 0x42, 0x4c, 0x6b, 0x2c, 0x63, 0x0b, 0x63, 0x0b, 0x63,
    0x0b, 0x63, 0x0b, 0x63, 0x0b, 0x63, 0x0b, 0x63, 0x0b, 0x63, 0x0b, 0x63, 0x0b, 0x63, 0x0b, 0x63,
    0x0b, 0x63, 0x0b, 0x63, 0x0b, 0x63, 0x0b, 0x63, 0x0b, 0x63, 0x0b, 0x63, 0x0b, 0x63, 0x0b, 0x63,
    0x0b, 0x63, 0x0b, 0x63, 0x0b, 0x63, 0x0b, 0x63, 0x0b, 0x63, 0x0b, 0x63, 0x0b, 0x63, 0x0b, 0x63,
    0x0b, 0x63, 0x0b, 0x63, 0x0b, 0x63, 0x0b, 0x63, 0x0b, 0x63, 0x0b, 0x63, 0x0b, 0x63, 0x0b, 0x63,
    0x0b, 0x63, 0x0b, 0x63, 0xeb, 0x62, 0xeb, 0x5a, 0xeb, 0x5a, 0xea, 0x5a, 0xea, 0x5a, 0xeb, 0x5a,
    0xeb, 0x5a, 0xeb, 0x5a, 0xeb, 0x62, 0xeb, 0x62, 0xeb, 0x62, 0xeb, 0x62, 0x0b, 0x63, 0x0b, 0x63,
    0x0b, 0x63, 0x0b, 0x63, 0x0b, 0x63, 0x2b, 0x63, 0x0b, 0x63, 0x0b, 0x63, 0x0b, 0x63, 0x0b, 0x63,
    0x0b, 0x63, 0x0b, 0x63, 0x0b, 0x63, 0x0b, 0x63, 0x0b, 0x63, 0xeb, 0x62, 0xeb, 0x62, 0xeb, 0x62,
    0xeb, 0x62, 0xeb, 0x62, 0x0b, 0x63, 0x0b, 0x63, 0x0b, 0x63, 0x0b, 0x63, 0x0b, 0x63, 0x0b, 0x63,
    0x0b, 0x63, 0x0b, 0x63, 0x0b, 0x63, 0x0b, 0x63, 0x0b, 0x63, 0x0b, 0x63, 0xeb, 0x5a, 0x0b, 0x63,
    0xef, 0x31, 0x71, 0x21, 0x71, 0x21, 0x71, 0x21, 0x71, 0x21, 0x71, 0x21, 0x71, 0x21, 0x71, 0x21,
    0x71, 0x21, 0x71, 0x21, 0x71, 0x21, 0x71, 0x21, 0x71, 0x21, 0x71, 0x21, 0x51, 0x19, 0x71, 0x21,
    0xef, 0x39, 0xef, 0x39, 0xef, 0x39, 0xef, 0x39, 0xef, 0x31, 0xef, 0x31, 0xef, 0x31, 0xef, 0x31,
    0xef, 0x39, 0xef, 0x31, 0xef, 0x31, 0xef, 0x31, 0xef, 0x31, 0xef, 0x31, 0xef, 0x31, 0xef, 0x31,
    0xef, 0x31, 0xef, 0x31, 0xef, 0x31, 0xef, 0x31, 0xef, 0x31, 0xef, 0x31, 0xef, 0x31, 0xef, 0x31,
    0xef, 0x31, 0xef, 0x31, 0xef, 0x31, 0xef, 0x31, 0xef, 0x31, 0xef, 0x31, 0xef, 0x31, 0xef, 0x31,
    0xef, 0x31, 0xef, 0x31, 0xef, 0x31, 0xef, 0x31, 0xef, 0x31, 0xef, 0x31, 0xef, 0x31, 0xef, 0x31,
    0xef, 0x31, 0xef, 0x31, 0xef, 0x31, 0xef, 0x31, 0xef, 0x31, 0xef, 0x31, 0xef, 0x31, 0xef, 0x31,
    0xef, 0x31, 0xef, 0x31, 0xef, 0x31, 0xef, 0x31, 0xef, 0x31, 0xef, 0x31, 0xef, 0x31, 0xef, 0x39,
    0xef, 0x39, 0xef, 0x31, 0xef, 0x31, 0xef, 0x31, 0xef, 0x31, 0xef, 0x31, 0xef, 0x31, 0xef, 0x31,
    0xef, 0x31, 0xef, 0x31, 0xef, 0x31, 0xef, 0x31, 0xef, 0x31, 0xef, 0x31, 0xef, 0x31, 0xef, 0x31,
    0xef, 0x31, 0xef, 0x31, 0xef, 0x31, 0xef, 0x31, 0xef, 0x31, 0xef, 0x31, 0xef, 0x31, 0xef, 0x31,
    0xef, 0x31, 0xef, 0x31, 0xef, 0x31, 0xef, 0x31, 0x71, 0x21, 0x51, 0x19, 0x71, 0x21, 0x71, 0x21,
    0x71, 0x21, 0x71, 0x21, 0x71, 0x21, 0x71, 0x21, 0x71, 0x21, 0x71, 0x21, 0x71, 0x21, 0x71, 0x21,
    0x71, 0x21, 0x71, 0x21, 0x71, 0x21, 0x71, 0x21, 0x51, 0x19, 0x51, 0x19, 0x51, 0x19, 0x51, 0x19,
    0x51, 0x19, 0x51, 0x19, 0x51, 0x19, 0x51, 0x19, 0x51, 0x19, 0x51, 0x19, 0x51, 0x19, 0x51, 0x19,
    0x51, 0x19, 0x51, 0x19, 0x51, 0x19, 0x51, 0x19, 0x51, 0x19, 0x51, 0x19, 0x51, 0x19, 0x51, 0x19,
    0x51, 0x19, 0x51, 0x19, 0x51, 0x19, 0x51, 0x19, 0x51, 0x19, 0x51, 0x19, 0x51, 0x19, 0x51, 0x19,
    0x51, 0x19, 0x51, 0x19, 0x51, 0x19, 0x51, 0x19, 0x51, 0x19, 0x51, 0x19, 0x51, 0x19, 0x51, 0x19,
    0x51, 0x19, 0x51, 0x19, 0x51, 0x19, 0x51, 0x19, 0x51, 0x19, 0x51, 0x19, 0x51, 0x19, 0x51, 0x19,
    0x51, 0x19, 0x51, 0x19, 0x51, 0x19, 0x51, 0x19, 0x51, 0x19, 0x51, 0x19, 0x51, 0x19, 0x51, 0x19,
    0x51, 0x19, 0x51, 0x19, 0x51, 0x19, 0x51, 0x19, 0x51, 0x19, 0x51, 0x19, 0x51, 0x19, 0x51, 0x19,
    0x51, 0x19, 0x51, 0x19, 0x51, 0x19, 0x51, 0x19, 0x51, 0x19, 0x51, 0x19, 0x51, 0x19, 0x51, 0x19,
    0x51, 0x19, 0x51, 0x19, 0x51, 0x19, 0x51, 0x19, 0x51, 0x19, 0x51, 0x19, 0x51, 0x19, 0x51, 0x19,
    0x51, 0x19, 0x51, 0x19, 0x51, 0x19, 0x51, 0x19, 0x51, 0x19, 0x51, 0x19, 0x51, 0x19, 0x51, 0x19,
    0x71, 0x21, 0x71, 0x21, 0x71, 0x21, 0x71, 0x21, 0x71, 0x21, 0x71, 0x21, 0x71, 0x21, 0x71, 0x21,
};

const lv_image_dsc_t ui_physics_kinematics = {
    .header.magic = LV_IMAGE_HEADER_MAGIC,
    .header.cf = LV_COLOR_FORMAT_RGB565,
    .header.flags = 0,
    .header.w = 100,
    .header.h = 100,
    .header.stride = 200,
    .data_size = sizeof(ui_physics_kinematics_data),
    .data = ui_physics_kinematics_data,
};
