#include "physics_circuit.h"

#ifndef LV_ATTRIBUTE_MEM_ALIGN
#define LV_ATTRIBUTE_MEM_ALIGN
#endif

#ifndef LV_ATTRIBUTE_LARGE_CONST
#define LV_ATTRIBUTE_LARGE_CONST
#endif

#ifndef LV_ATTRIBUTE_IMAGE_UI_PHYSICS_CIRCUIT
#define LV_ATTRIBUTE_IMAGE_UI_PHYSICS_CIRCUIT
#endif

const LV_ATTRIBUTE_MEM_ALIGN LV_ATTRIBUTE_LARGE_CONST LV_ATTRIBUTE_IMAGE_UI_PHYSICS_CIRCUIT uint8_t ui_physics_circuit_data[] = {
    0x71, 0x21, 0x71, 0x21, 0x71, 0x21, 0x71, 0x21, 0x71, 0x21, 0x71, 0x21, 0x71, 0x21, 0x72, 0x21,
    0x72, 0x21, 0x72, 0x21, 0x72, 0x21, 0x72, 0x21, 0x72, 0x21, 0x72, 0x21, 0x72, 0x21, 0x72, 0x21,
    0x72, 0x21, 0x72, 0x21, 0x72, 0x21, 0x72, 0x21, 0x72, 0x21, 0x72, 0x21, 0x72, 0x21, 0x72, 0x21,
    0x72, 0x21, 0x72, 0x21, 0x72, 0x21, 0x72, 0x21, 0x72, 0x21, 0x72, 0x21, 0x72, 0x21, 0x72, 0x21,
    0x72, 0x21, 0x72, 0x21, 0x72, 0x21, 0x72, 0x21, 0x72, 0x21, 0x72, 0x21, 0x72, 0x21, 0x72, 0x21,
    0x72, 0x21, 0x72, 0x21, 0x72, 0x21, 0x72, 0x21, 0x72, 0x21, 0x72, 0x21, 0x72, 0x21, 0x72, 0x21,
    0x72, 0x21, 0x72, 0x21, 0x72, 0x21, 0x72, 0x21, 0x72, 0x21, 0x72, 0x21, 0x72, 0x21, 0x72, 0x21,
    0x72, 0x21, 0x72, 0x21, 0x72, 0x21, 0x72, 0x21, 0x72, 0x21, 0x72, 0x21, 0x72, 0x21, 0x72, 0x21,
    0x72, 0x21, 0x72, 0x21, 0x72, 0x21, 0x72, 0x21, 0x72, 0x21, 0x72, 0x21, 0x72, 0x21, 0x72, 0x21,
    0x72, 0x21, 0x72, 0x21, 0x72, 0x21, 0x72, 0x21, 0x72, 0x21, 0x72, 0x21, 0x72, 0x21, 0x72, 0x21,
    0x72, 0x21, 0x72, 0x21, 0x72, 0x21, 0x72, 0x21, 0x72, 0x21, 0x72, 0x21, 0x72, 0x21, 0x72, 0x21,
    0x72, 0x21, 0x72, 0x21, 0x72, 0x21, 0x72, 0x21, 0x72, 0x21, 0x71, 0x21, 0x71, 0x21, 0x71, 0x21,
    0x71, 0x21, 0x71, 0x21, 0x71, 0x21, 0x71, 0x21, 0x71, 0x21, 0x71, 0x21, 0x71, 0x21, 0x71, 0x21,
    0x71, 0x21, 0x71, 0x21, 0x70, 0x21, 0x6c, 0x29, 0x6d, 0x21, 0x6d, 0x21, 0x6d, 0x21, 0x6d, 0x21,
    0x6d, 0x21, 0x6d, 0x21, 0x6d, 0x21, 0x6d, 0x21, 0x6d, 0x21, 0x6d, 0x21, 0x6d, 0x21, 0x6d, 0x21,
    0x6d, 0x21, 0x6d, 0x21, 0x6d, 0x21, 0x6d, 0x21, 0x6d, 0x21, 0x6d, 0x21, 0x6d, 0x21, 0x6d, 0x21,
    0x6d, 0x21, 0x6d, 0x21, 0x6d, 0x21, 0x6d, 0x21, 0x6d, 0x21, 0x6d, 0x21, 0x6d, 0x21, 0x6d, 0x21,
    0x6d, 0x21, 0x6d, 0x21, 0x6d, 0x21, 0x6d, 0x21, 0x6d, 0x21, 0x6d, 0x21, 0x6d, 0x21, 0x6d, 0x21,
    0x6d, 0x21, 0x6d, 0x21, 0x6d, 0x21, 0x6d, 0x21, 0x6d, 0x21, 0x6d, 0x21, 0x6d, 0x21, 0x6d, 0x21,
    0x6d, 0x21, 0x6d, 0x21, 0x6d, 0x21, 0x6d, 0x21, 0x6d, 0x21, 0x6d, 0x21, 0x6d, 0x21, 0x6d, 0x21,
    0x6d, 0x21, 0x6d, 0x21, 0x6d, 0x21, 0x6d, 0x21, 0x6d, 0x21, 0x6d, 0x21, 0x6c, 0x21, 0x6d, 0x21,
    0x6d, 0x21, 0x6d, 0x21, 0x6d, 0x21, 0x6d, 0x21, 0x6d, 0x21, 0x6d, 0x21, 0x6d, 0x21, 0x6d, 0x21,
    0x6d, 0x21, 0x6d, 0x21, 0x6c, 0x21, 0x6d, 0x21, 0x6d, 0x21, 0x6d, 0x21, 0x6d, 0x21, 0x6c, 0x21,
    0x6d, 0x21, 0x6d, 0x21, 0x6d, 0x21, 0x6d, 0x21, 0x6d, 0x21, 0x6d, 0x21, 0x6d, 0x21, 0x6d, 0x21,
    0x6d, 0x21, 0x70, 0x21, 0x71, 0x21, 0x71, 0x21, 0x71, 0x21, 0x71, 0x21, 0x71, 0x21, 0x71, 0x21,
    0x71, 0x21, 0x71, 0x21, 0x71, 0x21, 0x71, 0x21, 0x71, 0x21, 0x72, 0x21, 0x4c, 0x21, 0x02, 0x21,
    0x03, 0x21, 0xe3, 0x18, 0xe2, 0x18, 0xe2, 0x18, 0xe2, 0x18, 0xc2, 0x18, 0xc2, 0x18, 0xc2, 0x18,
    0xe2, 0x18, 0xe2, 0x18, 0xc2, 0x18, 0xe2, 0x18, 0xe2, 0x18, 0xe2, 0x18, 0xc2, 0x18, 0xc2, 0x18,
    0xe2, 0x18, 0xe2, 0x18, 0xe2, 0x18, 0xe2, 0x18, 0xe2, 0x18, 0xe2, 0x18, 0xe2, 0x18, 0xe2, 0x18,
    0xe2, 0x18, 0xe2, 0x18, 0xe2, 0x18, 0xc2, 0x18, 0xe2, 0x18, 0xe2, 0x18, 0xe2, 0x18, 0xe2, 0x18,
    0xc2, 0x18, 0xe2, 0x18, 0xc2, 0x18, 0xe2, 0x18, 0xe2, 0x18, 0xc2, 0x18, 0xc2, 0x18, 0xc2, 0x18,
    0xc2, 0x18, 0xe2, 0x18, 0xc2, 0x18, 0xc2, 0x18, 0xc2, 0x18, 0xc2, 0x18, 0xc2, 0x18, 0xc2, 0x18,
    0xc2, 0x18, 0xc2, 0x18, 0xc2, 0x18, 0xc2, 0x18, 0xe2, 0x18, 0xe2, 0x18, 0xe2, 0x18, 0xc2, 0x18,
    0xe2, 0x18, 0xc2, 0x18, 0xc2, 0x18, 0xe2, 0x18, 0xe2, 0x18, 0xc2, 0x18, 0xc2, 0x18, 0xe2, 0x18,
    0xe2, 0x18, 0xe2, 0x18, 0xe2, 0x18, 0xc2, 0x18, 0xe2, 0x18, 0xe2, 0x18, 0xe2, 0x18, 0xe2, 0x18,
    0xc2, 0x18, 0xc2, 0x18, 0xe2, 0x18, 0xe2, 0x18, 0xe2, 0x18, 0xe3, 0x18, 0xe2, 0x18, 0xe2, 0x18,
    0xe2, 0x18, 0xe2, 0x18, 0xe2, 0x18, 0xe3, 0x18, 0xe2, 0x20, 0x0a, 0x19, 0x72, 0x21, 0x71, 0x21,
    0x71, 0x21, 0x71, 0x21, 0x71, 0x21, 0x71, 0x21, 0x71, 0x21, 0x71, 0x21, 0x71, 0x21, 0x72, 0x21,
    0x6f, 0x21, 0x46, 0x21, 0x6b, 0x4a, 0x92, 0x94, 0x92, 0x94, 0x92, 0x94, 0x92, 0x94, 0x72, 0x8c,
    0x71, 0x8c, 0x71, 0x8c, 0x92, 0x94, 0x71, 0x8c, 0x92, 0x94, 0x72, 0x8c, 0x92, 0x94, 0x71, 0x8c,
    0x72, 0x8c, 0x92, 0x94, 0x72, 0x8c, 0x71, 0x8c, 0x92, 0x94, 0x92, 0x94, 0x72, 0x8c, 0x72, 0x8c,
    0x92, 0x94, 0x92, 0x94, 0x92, 0x94, 0x92, 0x94, 0x72, 0x8c, 0x72, 0x8c, 0x92, 0x94, 0x71, 0x8c,
    0x71, 0x8c, 0x92, 0x94, 0x92, 0x94, 0x92, 0x94, 0x71, 0x8c, 0x71, 0x8c, 0x71, 0x8c, 0x92, 0x94,
    0x92, 0x94, 0x71, 0x8c, 0x71, 0x8c, 0x71, 0x8c, 0x72, 0x8c, 0x92, 0x94, 0x71, 0x8c, 0x72, 0x8c,
    0x72, 0x8c, 0x71, 0x8c, 0x71, 0x8c, 0x71, 0x8c, 0x71, 0x8c, 0x72, 0x8c, 0x72, 0x8c, 0x92, 0x94,
    0x92, 0x94, 0x72, 0x8c, 0x92, 0x8c, 0x92, 0x8c, 0x92, 0x8c, 0x71, 0x8c, 0x92, 0x94, 0x92, 0x94,
    0x92, 0x94, 0x92, 0x94, 0x72, 0x8c, 0x92, 0x94, 0x92, 0x94, 0x72, 0x8c, 0x72, 0x8c, 0x72, 0x8c,
    0x72, 0x8c, 0x92, 0x94, 0x72, 0x8c, 0x92, 0x94, 0x72, 0x8c, 0x92, 0x94, 0x92, 0x94, 0x92, 0x94,
    0x92, 0x8c, 0x92, 0x8c, 0x92, 0x94, 0x92, 0x94, 0x92, 0x94, 0x92, 0x94, 0x92, 0x94, 0x72, 0x8c,
    0x92, 0x94, 0xcc, 0x5a, 0x25, 0x21, 0x4e, 0x21, 0x72, 0x21, 0x71, 0x21, 0x71, 0x21, 0x71, 0x21,
    0x71, 0x21, 0x71, 0x21, 0x71, 0x21, 0x70, 0x21, 0x8b, 0x29, 0xc2, 0x18, 0xae, 0x73, 0xff, 0xff,
    0xff, 0xff, 0xff, 0xff, 0xff, 0xff, 0xff, 0xff, 0xff, 0xff, 0xff, 0xff, 0xff, 0xff, 0xff, 0xff,
    0xff, 0xff, 0xff, 0xff, 0xff, 0xff, 0xff, 0xff, 0xff, 0xff, 0xff, 0xff, 0xff, 0xff, 0xff, 0xff,
    0xff, 0xff, 0xff, 0xff, 0xff, 0xff, 0xff, 0xff, 0xff, 0xff, 0xff, 0xff, 0xff, 0xff, 0xff, 0xff,
    0xff, 0xff, 0xff, 0xff, 0xff, 0xff, 0xff, 0xff, 0xff, 0xff, 0xff, 0xff, 0xff, 0xff, 0xff, 0xff,
    0xff, 0xff, 0xff, 0xff, 0xff, 0xff, 0xff, 0xff, 0xff, 0xff, 0xff, 0xff, 0xff, 0xff, 0xff, 0xff,
    0xff, 0xff, 0xff, 0xff, 0xff, 0xff, 0xff, 0xff, 0xff, 0xff, 0xff, 0xff, 0xff, 0xff, 0xff, 0xff,
    0xff, 0xff, 0xff, 0xff, 0xff, 0xff, 0xff, 0xff, 0xff, 0xff, 0xff, 0xff, 0xff, 0xff, 0xff, 0xff,
    0xff, 0xff, 0xff, 0xff, 0xff, 0xff, 0xff, 0xff, 0xff, 0xff, 0xff, 0xff, 0xff, 0xff, 0xff, 0xff,
    0xff, 0xff, 0xff, 0xff, 0xff, 0xff, 0xff, 0xff, 0xff, 0xff, 0xff, 0xff, 0xff, 0xff, 0xff, 0xff,
    0xff, 0xff, 0xff, 0xff, 0xff, 0xff, 0xff, 0xff, 0xff, 0xff, 0xff, 0xff, 0xff, 0xff, 0xff, 0xff,
    0xff, 0xff, 0xff, 0xff, 0xff, 0xff, 0xff, 0xff, 0xff, 0xff, 0x92, 0x94, 0xa1, 0x10, 0x6a, 0x29,
    0x70, 0x21, 0x71, 0x21, 0x71, 0x21, 0x71, 0x21, 0x71, 0x21, 0x72, 0x21, 0x50, 0x21, 0x25, 0x21,
    0xe7, 0x39, 0x96, 0xb5, 0x59, 0xce, 0xfc, 0xe6, 0x1c, 0xe7, 0x1c, 0xe7, 0x1c, 0xe7, 0x1c, 0xe7,
    0x1c, 0xe7, 0x1c, 0xe7, 0x1c, 0xe7, 0x1c, 0xe7, 0x1c, 0xe7, 0x1c, 0xe7, 0x1c, 0xe7, 0x1c, 0xe7,
    0x1c, 0xe7, 0x1c, 0xe7, 0x1c, 0xe7, 0x1c, 0xe7, 0x1c, 0xe7, 0x1c, 0xe7, 0x1c, 0xe7, 0x1c, 0xe7,
    0x1c, 0xe7, 0x1c, 0xe7, 0x1c, 0xe7, 0x1c, 0xe7, 0x1c, 0xe7, 0x1c, 0xe7, 0x1c, 0xe7, 0x1c, 0xe7,
    0x1c, 0xe7, 0x1c, 0xe7, 0x1c, 0xe7, 0x1c, 0xe7, 0x1c, 0xe7, 0x1c, 0xe7, 0x1c, 0xe7, 0x1c, 0xe7,
    0x1c, 0xe7, 0x1c, 0xe7, 0x1c, 0xe7, 0x1c, 0xe7, 0x1c, 0xe7, 0x1c, 0xe7, 0x1c, 0xe7, 0x1c, 0xe7,
    0x1c, 0xe7, 0x1c, 0xe7, 0x1c, 0xe7, 0x1c, 0xe7, 0x1c, 0xe7, 0x1c, 0xe7, 0x1c, 0xe7, 0x1c, 0xe7,
    0x1c, 0xe7, 0x1c, 0xe7, 0x1c, 0xe7, 0x1c, 0xe7, 0x1c, 0xe7, 0x1c, 0xe7, 0x1c, 0xe7, 0x1c, 0xe7,
    0x1c, 0xe7, 0x1c, 0xe7, 0x1c, 0xe7, 0x1c, 0xe7, 0x1c, 0xe7, 0x1c, 0xe7, 0x1c, 0xe7, 0x1c, 0xe7,
    0x1c, 0xe7, 0x1c, 0xe7, 0x1c, 0xe7, 0x1c, 0xe7, 0x1c, 0xe7, 0x1c, 0xe7, 0x1c, 0xe7, 0x1c, 0xe7,
    0x1c, 0xe7, 0x1c, 0xe7, 0x1c, 0xe7, 0x1c, 0xe7, 0x1c, 0xe7, 0x1c, 0xe7, 0x1c, 0xe7, 0xfc, 0xe6,
    0x1c, 0xe7, 0x7a, 0xce, 0x96, 0xb5, 0x48, 0x4a, 0x24, 0x21, 0x4f, 0x21, 0x72, 0x21, 0x71, 0x21,
    0x71, 0x21, 0x50, 0x21, 0x6d, 0x21, 0xc6, 0x39, 0xcb, 0x5a, 0xff, 0xff, 0x7e, 0xf7, 0x7a, 0xce,
    0xbb, 0xd6, 0x9b, 0xd6, 0x9b, 0xd6, 0x9b, 0xd6, 0xbb, 0xd6, 0xbb, 0xd6, 0xbb, 0xd6, 0xbb, 0xd6,
    0xbb, 0xd6, 0xbb, 0xd6, 0xbb, 0xd6, 0xbb, 0xd6, 0xbb, 0xd6, 0xbb, 0xd6, 0xbb, 0xd6, 0xbb, 0xd6,
    0xbb, 0xde, 0xbb, 0xde, 0xbb, 0xde, 0xbb, 0xd6, 0xbb, 0xd6, 0xbb, 0xd6, 0xbb, 0xd6, 0xbb, 0xd6,
    0xbb, 0xd6, 0xbb, 0xd6, 0xbb, 0xd6, 0x9b, 0xd6, 0x9b, 0xd6, 0xbb, 0xd6, 0xbb, 0xd6, 0xbb, 0xd6,
    0xbb, 0xd6, 0xbb, 0xd6, 0x9b, 0xd6, 0x9b, 0xd6, 0x9b, 0xd6, 0x9b, 0xd6, 0x9b, 0xd6, 0xbb, 0xd6,
    0xbb, 0xd6, 0xbb, 0xd6, 0xbb, 0xd6, 0x9b, 0xd6, 0x9b, 0xd6, 0x9b, 0xd6, 0xbb, 0xd6, 0x9b, 0xd6,
    0x9b, 0xd6, 0x9b, 0xd6, 0x9b, 0xd6, 0xbb, 0xd6, 0xbb, 0xd6, 0x9b, 0xd6, 0xbb, 0xd6, 0xbb, 0xd6,
    0xbb, 0xd6, 0xbb, 0xd6, 0xbb, 0xd6, 0x9b, 0xd6, 0xbb, 0xd6, 0x9b, 0xd6, 0x9b, 0xd6, 0x9b, 0xd6,
    0xbb, 0xd6, 0x9b, 0xd6, 0x9b, 0xd6, 0x9b, 0xd6, 0x9b, 0xd6, 0x9b, 0xd6, 0x9b, 0xd6, 0x9b, 0xd6,
    0x9b, 0xd6, 0x9b, 0xd6, 0x9b, 0xd6, 0x9b, 0xd6, 0xbb, 0xd6, 0xbb, 0xd6, 0xbb, 0xd6, 0xbb, 0xd6,
    0xbb, 0xd6, 0x9b, 0xd6, 0x9a, 0xd6, 0x7a, 0xd6, 0x5a, 0xce, 0x5d, 0xef, 0xff, 0xff, 0xaa, 0x52,
    0x24, 0x21, 0x49, 0x21, 0x50, 0x21, 0x71, 0x21, 0x72, 0x21, 0x69, 0x29, 0x85, 0x31, 0x79, 0xce,
    0x9e, 0xf7, 0x3d, 0xe7, 0xfc, 0xde, 0xbb, 0xd6, 0x5a, 0xce, 0x3a, 0xc6, 0x35, 0xa5, 0xb4, 0x9c,
    0xb4, 0x94, 0xb4, 0x9c, 0xb4, 0x9c, 0xb4, 0x9c, 0xb4, 0x9c, 0xb4, 0x9c, 0xb4, 0x94, 0xb4, 0x94,
    0xb4, 0x94, 0xb4, 0x94, 0xb4, 0x94, 0xb4, 0x94, 0xb4, 0x94, 0xb4, 0x9c, 0xb4, 0x9c, 0xb4, 0x94,
    0x94, 0x94, 0xb4, 0x94, 0xb4, 0x94, 0xb4, 0x9c, 0x94, 0x94, 0xb4, 0x94, 0xb4, 0x94, 0xb4, 0x94,
    0xb4, 0x94, 0xb4, 0x94, 0xb4, 0x94, 0xb4, 0x94, 0xb4, 0x94, 0xb4, 0x94, 0xb4, 0x94, 0xb4, 0x94,
    0xb4, 0x94, 0x94, 0x94, 0x94, 0x94, 0x94, 0x94, 0x94, 0x94, 0xb4, 0x94, 0xb4, 0x94, 0xb4, 0x94,
    0x94, 0x94, 0x94, 0x94, 0x94, 0x94, 0x94, 0x94, 0x94, 0x94, 0x94, 0x94, 0x94, 0x94, 0xb4, 0x94,
    0xb4, 0x94, 0xb4, 0x94, 0xb4, 0x94, 0xb4, 0x9c, 0xb4, 0x9c, 0xb4, 0x9c, 0xb4, 0x94, 0xb4, 0x94,
    0xb4, 0x94, 0x94, 0x94, 0x94, 0x94, 0x94, 0x94, 0x94, 0x94, 0xb4, 0x94, 0x94, 0x94, 0x94, 0x94,
    0x94, 0x94, 0x94, 0x94, 0x94, 0x94, 0x94, 0x94, 0x94, 0x94, 0xb4, 0x94, 0xb4, 0x94, 0xb4, 0x94,
    0xb4, 0x94, 0xb4, 0x9c, 0x94, 0x94, 0xb4, 0x94, 0xb4, 0x9c, 0xf5, 0xa4, 0x7a, 0xd6, 0x7a, 0xd6,
    0x7a, 0xd6, 0xdc, 0xde, 0x1c, 0xe7, 0xfb, 0xde, 0xd7, 0xbd, 0xa5, 0x31, 0x69, 0x29, 0x72, 0x21,
    0x72, 0x21, 0x89, 0x29, 0xc6, 0x39, 0x1c, 0xe7, 0xff, 0xff, 0x3d, 0xe7, 0xdc, 0xde, 0x9a, 0xd6,
    0x3a, 0xce, 0xb8, 0xbd, 0x93, 0x94, 0x53, 0x8c, 0xb4, 0x94, 0xb4, 0x9c, 0xb4, 0x9c, 0xb4, 0x9c,
    0xb4, 0x9c, 0xb4, 0x94, 0xb4, 0x9c, 0xb4, 0x94, 0xb4, 0x94, 0xb4, 0x9c, 0xb4, 0x9c, 0xb4, 0x94,
    0xb4, 0x9c, 0xb4, 0x9c, 0xb4, 0x94, 0xb4, 0x9c, 0xb4, 0x94, 0xb4, 0x94, 0xb4, 0x94, 0xb4, 0x94,
    0xb4, 0x94, 0xb4, 0x94, 0xb4, 0x94, 0xb4, 0x94, 0xb4, 0x94, 0xb4, 0x94, 0xb4, 0x94, 0xb4, 0x94,
    0xb4, 0x94, 0xb4, 0x94, 0xb4, 0x94, 0xb4, 0x94, 0xb4, 0x94, 0xb4, 0x94, 0x94, 0x94, 0x94, 0x94,
    0xb4, 0x94, 0xb4, 0x94, 0xb4, 0x94, 0xb4, 0x94, 0xb4, 0x94, 0xb4, 0x94, 0x94, 0x94, 0xb4, 0x94,
    0xb4, 0x94, 0x94, 0x94, 0x94, 0x94, 0xb4, 0x94, 0x94, 0x94, 0x94, 0x94, 0xb4, 0x94, 0xb4, 0x94,
    0xb4, 0x94, 0xb4, 0x9c, 0xb4, 0x9c, 0xb4, 0x94, 0xb4, 0x94, 0xb4, 0x94, 0x94, 0x94, 0x94, 0x94,
    0x94, 0x94, 0xb4, 0x94, 0xb4, 0x94, 0xb4, 0x94, 0x94, 0x94, 0x94, 0x94, 0x94, 0x94, 0x94, 0x94,
    0x94, 0x94, 0xb4, 0x94, 0xb4, 0x94, 0xb4, 0x94, 0xb4, 0x94, 0xb4, 0x94, 0xb4, 0x94, 0xb4, 0x94,
    0x52, 0x8c, 0x73, 0x94, 0xf9, 0xc5, 0x5a, 0xce, 0x7a, 0xd6, 0x9b, 0xd6, 0x1c, 0xe7, 0xff, 0xff,
    0x3c, 0xe7, 0xc6, 0x39, 0x8a, 0x31, 0x72, 0x21, 0x72, 0x21, 0x69, 0x29, 0xc6, 0x39, 0x1c, 0xdf,
    0xff, 0xff, 0xbb, 0xde, 0x9b, 0xd6, 0xdb, 0xde, 0x97, 0xb5, 0x52, 0x8c, 0x32, 0x84, 0x94, 0x94,
    0x3d, 0xef, 0x7d, 0xef, 0x5d, 0xef, 0x5d, 0xef, 0x5d, 0xef, 0x5d, 0xef, 0x5d, 0xef, 0x5d, 0xef,
    0x5d, 0xef, 0x5d, 0xef, 0x5d, 0xef, 0x5d, 0xef, 0x5d, 0xef, 0x5d, 0xef, 0x5d, 0xef, 0x5d, 0xef,
    0x5d, 0xef, 0x5d, 0xef, 0x5d, 0xef, 0x5d, 0xef, 0x5d, 0xef, 0x5d, 0xef, 0x5d, 0xef, 0x5d, 0xef,
    0x5d, 0xef, 0x5d, 0xef, 0x5d, 0xef, 0x5d, 0xef, 0x5d, 0xef, 0x5d, 0xef, 0x5d, 0xef, 0x5d, 0xef,
    0x5d, 0xef, 0x5d, 0xef, 0x5d, 0xef, 0x5d, 0xef, 0x5d, 0xef, 0x5d, 0xef, 0x5d, 0xef, 0x5d, 0xef,
    0x5d, 0xef, 0x5d, 0xef, 0x5d, 0xef, 0x5d, 0xef, 0x5d, 0xef, 0x5d, 0xef, 0x5d, 0xef, 0x5d, 0xef,
    0x5d, 0xef, 0x5d, 0xef, 0x5d, 0xef, 0x5d, 0xef, 0x5d, 0xef, 0x5d, 0xef, 0x5d, 0xef, 0x5d, 0xef,
    0x5d, 0xef, 0x5d, 0xef, 0x5d, 0xef, 0x5d, 0xef, 0x5d, 0xef, 0x5d, 0xef, 0x5d, 0xef, 0x5d, 0xef,
    0x5d, 0xef, 0x5d, 0xef, 0x5d, 0xef, 0x5d, 0xef, 0x5d, 0xef, 0x5d, 0xef, 0x5d, 0xef, 0x5d, 0xef,
    0x5d, 0xef, 0x5d, 0xef, 0x5d, 0xef, 0x5d, 0xef, 0xd4, 0x9c, 0x12, 0x84, 0x52, 0x8c, 0x56, 0xad,
    0xbb, 0xd6, 0x7a, 0xd6, 0x7a, 0xd6, 0x9e, 0xf7, 0xdb, 0xde, 0xe7, 0x39, 0x8a, 0x29, 0x72, 0x21,
    0x72, 0x21, 0x69, 0x29, 0xc6, 0x39, 0x1c, 0xe7, 0xff, 0xff, 0x9b, 0xd6, 0x7a, 0xce, 0x39, 0xc6,
    0xf5, 0x9c, 0x53, 0x8c, 0x15, 0xa5, 0x36, 0xad, 0x1c, 0xe7, 0x3d, 0xef, 0x3c, 0xe7, 0x3c, 0xe7,
    0x3c, 0xe7, 0x3c, 0xe7, 0x3c, 0xe7, 0x3c, 0xe7, 0x3c, 0xe7, 0x3c, 0xe7, 0x3c, 0xe7, 0x3c, 0xe7,
    0x3c, 0xe7, 0x3c, 0xe7, 0x3c, 0xe7, 0x3c, 0xe7, 0x3c, 0xe7, 0x3c, 0xe7, 0x3c, 0xe7, 0x3c, 0xe7,
    0x3c, 0xe7, 0x3c, 0xe7, 0x3c, 0xe7, 0x1c, 0xe7, 0x3c, 0xe7, 0x3c, 0xe7, 0x3c, 0xe7, 0x3c, 0xe7,
    0x3c, 0xe7, 0x3c, 0xe7, 0x3c, 0xe7, 0x3c, 0xe7, 0x3d, 0xe7, 0x3c, 0xe7, 0x3c, 0xe7, 0x3c, 0xe7,
    0x3c, 0xe7, 0x3c, 0xe7, 0x3c, 0xe7, 0x3d, 0xe7, 0x3d, 0xe7, 0x3d, 0xe7, 0x3c, 0xe7, 0x3c, 0xe7,
    0x3c, 0xe7, 0x3c, 0xe7, 0x3c, 0xe7, 0x3c, 0xe7, 0x3c, 0xe7, 0x3c, 0xe7, 0x3c, 0xe7, 0x3c, 0xe7,
    0x3c, 0xe7, 0x3c, 0xe7, 0x3c, 0xe7, 0x3c, 0xe7, 0x3c, 0xe7, 0x3c, 0xe7, 0x3c, 0xe7, 0x3c, 0xe7,
    0x3c, 0xe7, 0x3c, 0xe7, 0x3c, 0xe7, 0x3c, 0xe7, 0x1c, 0xe7, 0x1c, 0xe7, 0x3c, 0xe7, 0x3d, 0xe7,
    0x3c, 0xe7, 0x3c, 0xe7, 0x3c, 0xe7, 0x3c, 0xe7, 0x1c, 0xe7, 0x3c, 0xe7, 0x3d, 0xef, 0x1d, 0xe7,
    0x77, 0xb5, 0xf5, 0xa4, 0x53, 0x8c, 0xd5, 0x9c, 0x19, 0xc6, 0x59, 0xce, 0x5a, 0xd6, 0x9e, 0xf7,
    0xfb, 0xde, 0xe6, 0x39, 0x8a, 0x29, 0x72, 0x21, 0x72, 0x21, 0x69, 0x29, 0xa6, 0x39, 0x1c, 0xe7,
    0xff, 0xff, 0xbb, 0xde, 0xb7, 0xb5, 0x52, 0x8c, 0x73, 0x8c, 0x32, 0x8c, 0x3c, 0xe7, 0x9e, 0xf7,
    0x7a, 0xce, 0x5a, 0xce, 0x5a, 0xce, 0x5a, 0xce, 0x5a, 0xce, 0x5a, 0xce, 0x5a, 0xce, 0x59, 0xce,
    0x59, 0xce, 0x5a, 0xce, 0x5a, 0xce, 0x5a, 0xce, 0x5a, 0xce, 0x5a, 0xce, 0x59, 0xce, 0x59, 0xce,
    0x59, 0xce, 0x5a, 0xce, 0x5a, 0xce, 0x5a, 0xce, 0x5a, 0xce, 0x5a, 0xce, 0x5a, 0xce, 0x59, 0xce,
    0x59, 0xce, 0x59, 0xce, 0x59, 0xce, 0x59, 0xce, 0x59, 0xce, 0x5a, 0xce, 0x59, 0xce, 0x39, 0xce,
    0x59, 0xce, 0x59, 0xce, 0x59, 0xce, 0x59, 0xce, 0x59, 0xce, 0x59, 0xce, 0x59, 0xce, 0x7a, 0xce,
    0x7a, 0xce, 0x5a, 0xce, 0x5a, 0xce, 0x5a, 0xce, 0x5a, 0xce, 0x5a, 0xce, 0x5a, 0xce, 0x5a, 0xce,
    0x5a, 0xce, 0x59, 0xce, 0x59, 0xce, 0x59, 0xce, 0x59, 0xce, 0x5a, 0xce, 0x59, 0xce, 0x5a, 0xce,
    0x5a, 0xce, 0x5a, 0xce, 0x59, 0xce, 0x59, 0xce, 0x59, 0xce, 0x5a, 0xce, 0x5a, 0xce, 0x59, 0xce,
    0x59, 0xce, 0x39, 0xce, 0x59, 0xce, 0x59, 0xce, 0x5a, 0xce, 0x5a, 0xce, 0x59, 0xce, 0x59, 0xce,
    0x59, 0xce, 0x5a, 0xce, 0x7a, 0xce, 0x7a, 0xce, 0x7e, 0xf7, 0x3d, 0xe7, 0x32, 0x8c, 0x32, 0x8c,
    0x52, 0x8c, 0x97, 0xb5, 0x9a, 0xd6, 0x9e, 0xf7, 0xdb, 0xde, 0xe6, 0x39, 0x8a, 0x29, 0x72, 0x21,
    0x72, 0x21, 0x69, 0x29, 0xa6, 0x31, 0x1c, 0xe7, 0xff, 0xff, 0xbb, 0xde, 0x97, 0xb5, 0x32, 0x8c,
    0x15, 0xa5, 0xd8, 0xbd, 0xdb, 0xde, 0xfc, 0xe6, 0x7a, 0xd6, 0x5a, 0xd6, 0x59, 0xce, 0x59, 0xce,
    0x59, 0xce, 0x59, 0xce, 0x59, 0xce, 0x59, 0xce, 0x59, 0xce, 0x59, 0xce, 0x59, 0xce, 0x59, 0xce,
    0x59, 0xce, 0x59, 0xce, 0x59, 0xce, 0x59, 0xce, 0x59, 0xce, 0x5a, 0xce, 0x59, 0xce, 0x59, 0xce,
    0x5a, 0xce, 0x5a, 0xce, 0x59, 0xce, 0x59, 0xce, 0x59, 0xce, 0x59, 0xce, 0x59, 0xce, 0x59, 0xce,
    0x59, 0xce, 0x59, 0xce, 0x59, 0xce, 0x39, 0xce, 0x59, 0xce, 0x59, 0xce, 0x59, 0xce, 0x59, 0xce,
    0x39, 0xce, 0x39, 0xce, 0x59, 0xce, 0x59, 0xce, 0x59, 0xce, 0x59, 0xce, 0x59, 0xce, 0x59, 0xce,
    0x5a, 0xce, 0x5a, 0xce, 0x59, 0xce, 0x59, 0xce, 0x59, 0xce, 0x39, 0xce, 0x59, 0xce, 0x59, 0xce,
    0x59, 0xce, 0x59, 0xce, 0x5a, 0xce, 0x59, 0xce, 0x59, 0xce, 0x59, 0xce, 0x59, 0xce, 0x59, 0xce,
    0x39, 0xce, 0x59, 0xce, 0x59, 0xce, 0x59, 0xce, 0x39, 0xce, 0x39, 0xce, 0x59, 0xce, 0x39, 0xce,
    0x59, 0xce, 0x59, 0xce, 0x59, 0xce, 0x5a, 0xce, 0x5a, 0xce, 0x5a, 0xce, 0x59, 0xce, 0x7a, 0xce,
    0xfc, 0xde, 0xdb, 0xde, 0xd8, 0xbd, 0x56, 0xad, 0x32, 0x8c, 0x97, 0xb5, 0x9a, 0xd6, 0x9e, 0xf7,
    0xdb, 0xde, 0xc6, 0x39, 0x8a, 0x29, 0x72, 0x21, 0x71, 0x21, 0x68, 0x29, 0xa5, 0x31, 0x1c, 0xe7,
    0xff, 0xff, 0xbb, 0xde, 0xb7, 0xb5, 0x12, 0x84, 0x59, 0xce, 0xdf, 0xff, 0x9a, 0xd6, 0x5a, 0xce,
    0x7a, 0xce, 0x5a, 0xd6, 0x59, 0xce, 0x39, 0xce, 0x59, 0xce, 0x59, 0xce, 0x59, 0xce, 0x59, 0xce,
    0x59, 0xce, 0x39, 0xce, 0x39, 0xce, 0x39, 0xce, 0x39, 0xce, 0x39, 0xce, 0x59, 0xce, 0x59, 0xce,
    0x59, 0xce, 0x59, 0xce, 0x59, 0xce, 0x59, 0xce, 0x59, 0xce, 0x59, 0xce, 0x59, 0xce, 0x39, 0xce,
    0x39, 0xce, 0x39, 0xce, 0x39, 0xce, 0x39, 0xce, 0x39, 0xce, 0x59, 0xce, 0x39, 0xce, 0x39, 0xce,
    0x59, 0xce, 0x39, 0xce, 0x39, 0xce, 0x39, 0xce, 0x39, 0xce, 0x39, 0xce, 0x59, 0xce, 0x59, 0xce,
    0x59, 0xce, 0x39, 0xce, 0x39, 0xce, 0x39, 0xce, 0x59, 0xce, 0x59, 0xce, 0x59, 0xce, 0x59, 0xce,
    0x39, 0xce, 0x39, 0xce, 0x39, 0xce, 0x39, 0xce, 0x39, 0xce, 0x59, 0xce, 0x59, 0xce, 0x59, 0xce,
    0x59, 0xce, 0x59, 0xce, 0x39, 0xce, 0x39, 0xce, 0x39, 0xce, 0x39, 0xce, 0x59, 0xce, 0x59, 0xce,
    0x39, 0xce, 0x39, 0xce, 0x39, 0xce, 0x39, 0xce, 0x39, 0xce, 0x39, 0xce, 0x59, 0xce, 0x59, 0xce,
    0x59, 0xce, 0x59, 0xce, 0x59, 0xce, 0x5a, 0xce, 0x59, 0xce, 0x7a, 0xce, 0xdf, 0xff, 0x9a, 0xd6,
    0x12, 0x84, 0x97, 0xb5, 0x9a, 0xd6, 0x9e, 0xf7, 0xfb, 0xde, 0xc6, 0x39, 0x8a, 0x29, 0x72, 0x21,
    0x72, 0x21, 0x48, 0x29, 0x85, 0x31, 0x1c, 0xe7, 0xff, 0xff, 0xdb, 0xde, 0xb7, 0xb5, 0x12, 0x84,
    0x59, 0xce, 0x9e, 0xf7, 0x7a, 0xd6, 0x5a, 0xce, 0x59, 0xce, 0x59, 0xce, 0x59, 0xce, 0x39, 0xce,
    0x39, 0xce, 0x59, 0xce, 0x59, 0xce, 0x39, 0xce, 0x39, 0xce, 0x39, 0xce, 0x39, 0xce, 0x39, 0xce,
    0x39, 0xce, 0x39, 0xce, 0x39, 0xce, 0x39, 0xce, 0x39, 0xce, 0x59, 0xce, 0x39, 0xce, 0x39, 0xce,
    0x39, 0xce, 0x39, 0xce, 0x39, 0xce, 0x39, 0xce, 0x39, 0xce, 0x39, 0xce, 0x39, 0xce, 0x39, 0xce,
    0x39, 0xce, 0x39, 0xce, 0x39, 0xce, 0x39, 0xce, 0x39, 0xce, 0x39, 0xce, 0x39, 0xce, 0x39, 0xce,
    0x39, 0xce, 0x39, 0xce, 0x39, 0xce, 0x39, 0xce, 0x39, 0xce, 0x39, 0xce, 0x39, 0xce, 0x39, 0xce,
    0x39, 0xce, 0x39, 0xce, 0x39, 0xce, 0x39, 0xce, 0x39, 0xce, 0x39, 0xce, 0x39, 0xce, 0x39, 0xce,
    0x39, 0xce, 0x39, 0xce, 0x39, 0xce, 0x39, 0xce, 0x39, 0xce, 0x39, 0xce, 0x39, 0xce, 0x39, 0xce,
    0x39, 0xce, 0x39, 0xce, 0x39, 0xce, 0x39, 0xce, 0x39, 0xce, 0x39, 0xce, 0x39, 0xce, 0x39, 0xce,
    0x39, 0xce, 0x39, 0xce, 0x59, 0xce, 0x39, 0xce, 0x39, 0xce, 0x39, 0xce, 0x59, 0xce, 0x59, 0xce,
    0x59, 0xce, 0x7a, 0xd6, 0x9d, 0xf7, 0x7a, 0xce, 0x33, 0x8c, 0x97, 0xb5, 0x9a, 0xd6, 0x9e, 0xf7,
    0xfb, 0xde, 0xc6, 0x39, 0x8a, 0x29, 0x72, 0x21, 0x72, 0x21, 0x48, 0x21, 0x85, 0x31, 0x1c, 0xe7,
    0xff, 0xff, 0xdb, 0xde, 0xb7, 0xb5, 0x12, 0x84, 0x59, 0xce, 0x9e, 0xf7, 0x7a, 0xd6, 0x59, 0xce,
    0x59, 0xce, 0x39, 0xce, 0x39, 0xce, 0x39, 0xce, 0x39, 0xce, 0x39, 0xce, 0x39, 0xce, 0x39, 0xce,
    0x39, 0xce, 0x39, 0xce, 0x39, 0xce, 0x39, 0xce, 0x39, 0xce, 0x39, 0xce, 0x39, 0xce, 0x39, 0xce,
    0x39, 0xce, 0x39, 0xce, 0x39, 0xce, 0x39, 0xce, 0x39, 0xce, 0x39, 0xce, 0x39, 0xce, 0x39, 0xce,
    0x39, 0xce, 0x39, 0xce, 0x39, 0xce, 0x39, 0xce, 0x39, 0xce, 0x39, 0xce, 0x39, 0xce, 0x39, 0xce,
    0x39, 0xce, 0x39, 0xce, 0x39, 0xce, 0x39, 0xce, 0x39, 0xce, 0x39, 0xce, 0x39, 0xce, 0x39, 0xce,
    0x39, 0xce, 0x39, 0xce, 0x39, 0xce, 0x39, 0xce, 0x39, 0xce, 0x39, 0xce, 0x39, 0xce, 0x39, 0xce,
    0x39, 0xce, 0x39, 0xce, 0x39, 0xce, 0x39, 0xce, 0x39, 0xce, 0x39, 0xce, 0x39, 0xce, 0x39, 0xce,
    0x39, 0xce, 0x39, 0xce, 0x39, 0xce, 0x39, 0xce, 0x39, 0xce, 0x39, 0xce, 0x39, 0xce, 0x39, 0xce,
    0x39, 0xce, 0x39, 0xce, 0x39, 0xce, 0x39, 0xce, 0x39, 0xce, 0x39, 0xce, 0x39, 0xce, 0x39, 0xce,
    0x39, 0xce, 0x39, 0xce, 0x39, 0xce, 0x59, 0xce, 0x59, 0xce, 0x5a, 0xce, 0x9e, 0xf7, 0x7a, 0xce,
    0x33, 0x8c, 0x97, 0xb5, 0x9a, 0xd6, 0xbe, 0xf7, 0xfb, 0xde, 0xc6, 0x39, 0x8a, 0x29, 0x72, 0x21,
    0x72, 0x21, 0x48, 0x21, 0x85, 0x31, 0x1c, 0xe7, 0xff, 0xff, 0xbb, 0xde, 0xb7, 0xb5, 0x33, 0x8c,
    0x5a, 0xce, 0x9e, 0xf7, 0x7a, 0xd6, 0x39, 0xce, 0x39, 0xce, 0x39, 0xce, 0x59, 0xce, 0x39, 0xce,
    0x39, 0xce, 0x39, 0xce, 0x39, 0xce, 0x39, 0xce, 0x39, 0xce, 0x39, 0xce, 0x39, 0xce, 0x39, 0xce,
    0x39, 0xce, 0x39, 0xce, 0x39, 0xce, 0x39, 0xce, 0x39, 0xce, 0x39, 0xce, 0x39, 0xce, 0x39, 0xce,
    0x39, 0xce, 0x39, 0xce, 0x39, 0xce, 0x39, 0xce, 0x39, 0xce, 0x39, 0xce, 0x39, 0xce, 0x39, 0xce,
    0x39, 0xce, 0x39, 0xce, 0x39, 0xce, 0x39, 0xce, 0x39, 0xce, 0x39, 0xce, 0x39, 0xce, 0x39, 0xce,
    0x39, 0xce, 0x39, 0xce, 0x39, 0xce, 0x39, 0xce, 0x39, 0xce, 0x39, 0xce, 0x39, 0xce, 0x39, 0xce,
    0x39, 0xce, 0x39, 0xce, 0x39, 0xce, 0x39, 0xce, 0x39, 0xce, 0x39, 0xce, 0x39, 0xce, 0x39, 0xce,
    0x39, 0xce, 0x39, 0xce, 0x39, 0xce, 0x39, 0xce, 0x39, 0xce, 0x39, 0xce, 0x39, 0xce, 0x39, 0xce,
    0x39, 0xce, 0x39, 0xce, 0x39, 0xce, 0x39, 0xce, 0x39, 0xce, 0x39, 0xce, 0x39, 0xce, 0x39, 0xce,
    0x39, 0xce, 0x39, 0xce, 0x39, 0xce, 0x39, 0xce, 0x39, 0xce, 0x39, 0xce, 0x39, 0xce, 0x39, 0xce,
    0x39, 0xce, 0x5a, 0xce, 0x9d, 0xf7, 0x7a, 0xce, 0x33, 0x8c, 0x97, 0xb5, 0x9a, 0xd6, 0xbe, 0xf7,
    0xdb, 0xde, 0xa6, 0x31, 0x6a, 0x29, 0x72, 0x21, 0x72, 0x21, 0x48, 0x21, 0x85, 0x31, 0x1c, 0xe7,
    0xff, 0xff, 0xbb, 0xde, 0x97, 0xb5, 0x33, 0x84, 0x59, 0xce, 0x9e, 0xf7, 0x7a, 0xce, 0x39, 0xce,
    0x59, 0xce, 0x39, 0xce, 0x39, 0xce, 0x39, 0xce, 0x39, 0xce, 0x39, 0xce, 0x39, 0xce, 0x39, 0xce,
    0x39, 0xce, 0x39, 0xce, 0x39, 0xce, 0x39, 0xce, 0x39, 0xce, 0x39, 0xce, 0x39, 0xce, 0x39, 0xce,
    0x39, 0xce, 0x39, 0xce, 0x39, 0xce, 0x39, 0xce, 0x39, 0xce, 0x39, 0xce, 0x39, 0xce, 0x39, 0xce,
    0x39, 0xce, 0x39, 0xce, 0x39, 0xce, 0x39, 0xce, 0x39, 0xce, 0x39, 0xce, 0x39, 0xce, 0x39, 0xce,
    0x39, 0xce, 0x39, 0xce, 0x39, 0xce, 0x39, 0xce, 0x39, 0xce, 0x39, 0xce, 0x39, 0xce, 0x39, 0xce,
    0x39, 0xce, 0x39, 0xce, 0x39, 0xce, 0x39, 0xce, 0x39, 0xce, 0x39, 0xce, 0x39, 0xce, 0x39, 0xce,
    0x39, 0xce, 0x39, 0xce, 0x39, 0xce, 0x39, 0xce, 0x39, 0xce, 0x39, 0xce, 0x39, 0xce, 0x39, 0xce,
    0x39, 0xce, 0x39, 0xce, 0x39, 0xce, 0x39, 0xce, 0x39, 0xce, 0x39, 0xce, 0x39, 0xce, 0x39, 0xce,
    0x39, 0xce, 0x39, 0xce, 0x39, 0xce, 0x39, 0xce, 0x39, 0xce, 0x39, 0xce, 0x39, 0xce, 0x39, 0xce,
    0x39, 0xce, 0x39, 0xce, 0x39, 0xce, 0x39, 0xce, 0x39, 0xce, 0x5a, 0xce, 0x9d, 0xf7, 0x5a, 0xce,
    0x32, 0x84, 0x97, 0xb5, 0x9a, 0xd6, 0xbe, 0xf7, 0xdb, 0xde, 0xa5, 0x31, 0x6a, 0x29, 0x72, 0x21,
    0x72, 0x21, 0x48, 0x21, 0x65, 0x31, 0x1c, 0xe7, 0xff, 0xff, 0xbb, 0xd6, 0x97, 0xb5, 0x12, 0x84,
    0x39, 0xce, 0x9e, 0xf7, 0x7a, 0xce, 0x59, 0xce, 0x59, 0xce, 0x39, 0xce, 0x39, 0xce, 0x39, 0xce,
    0x39, 0xce, 0x39, 0xce, 0x39, 0xce, 0x39, 0xce, 0x39, 0xce, 0x39, 0xce, 0x39, 0xce, 0x39, 0xce,
    0x39, 0xce, 0x39, 0xce, 0x39, 0xce, 0x39, 0xce, 0x39, 0xce, 0x39, 0xce, 0x39, 0xce, 0x39, 0xce,
    0x39, 0xce, 0x39, 0xce, 0x39, 0xce, 0x39, 0xce, 0x39, 0xce, 0x39, 0xce, 0x39, 0xce, 0x39, 0xce,
    0x39, 0xce, 0x39, 0xce, 0x39, 0xce, 0x39, 0xce, 0x39, 0xce, 0x39, 0xce, 0x39, 0xce, 0x39, 0xce,
    0x39, 0xce, 0x39, 0xce, 0x39, 0xce, 0x39, 0xce, 0x39, 0xce, 0x39, 0xce, 0x39, 0xce, 0x39, 0xce,
    0x39, 0xce, 0x39, 0xce, 0x39, 0xce, 0x39, 0xce, 0x39, 0xce, 0x39, 0xce, 0x39, 0xce, 0x39, 0xce,
    0x39, 0xce, 0x39, 0xce, 0x39, 0xce, 0x39, 0xce, 0x39, 0xce, 0x39, 0xce, 0x39, 0xce, 0x39, 0xce,
    0x39, 0xce, 0x39, 0xce, 0x39, 0xce, 0x39, 0xce, 0x39, 0xce, 0x39, 0xce, 0x39, 0xce, 0x39, 0xce,
    0x39, 0xce, 0x39, 0xce, 0x39, 0xce, 0x39, 0xce, 0x39, 0xce, 0x39, 0xce, 0x39, 0xce, 0x39, 0xce,
    0x39, 0xce, 0x5a, 0xce, 0x9d, 0xf7, 0x5a, 0xce, 0x33, 0x8c, 0x97, 0xb5, 0x7a, 0xd6, 0xbe, 0xf7,
    0xfb, 0xde, 0xa5, 0x31, 0x6a, 0x29, 0x72, 0x21, 0x72, 0x21, 0x48, 0x21, 0x65, 0x29, 0x1c, 0xe7,
    0xff, 0xff, 0xbb, 0xde, 0x97, 0xb5, 0x12, 0x84, 0x39, 0xce, 0x9e, 0xf7, 0x7a, 0xce, 0x39, 0xce,
    0x59, 0xce, 0x39, 0xce, 0x39, 0xce, 0x39, 0xce, 0x39, 0xce, 0x39, 0xce, 0x39, 0xce, 0x39, 0xce,
    0x39, 0xce, 0x39, 0xce, 0x39, 0xce, 0x39, 0xce, 0x39, 0xce, 0x19, 0xce, 0x39, 0xce, 0x39, 0xce,
    0x39, 0xce, 0x39, 0xce, 0x39, 0xce, 0x39, 0xce, 0x39, 0xce, 0x39, 0xce, 0x39, 0xce, 0x39, 0xce,
    0x39, 0xce, 0x39, 0xce, 0x39, 0xce, 0x39, 0xce, 0x39, 0xce, 0x39, 0xce, 0x39, 0xce, 0x39, 0xce,
    0x39, 0xce, 0x39, 0xce, 0x39, 0xce, 0x39, 0xce, 0x39, 0xce, 0x39, 0xce, 0x39, 0xce, 0x39, 0xce,
    0x39, 0xce, 0x39, 0xce, 0x39, 0xce, 0x39, 0xce, 0x39, 0xce, 0x39, 0xce, 0x39, 0xce, 0x39, 0xce,
    0x39, 0xce, 0x39, 0xce, 0x39, 0xce, 0x39, 0xce, 0x39, 0xce, 0x39, 0xce, 0x39, 0xce, 0x39, 0xce,
    0x39, 0xce, 0x39, 0xce, 0x39, 0xce, 0x39, 0xce, 0x39, 0xce, 0x39, 0xce, 0x39, 0xce, 0x39, 0xce,
    0x39, 0xce, 0x39, 0xce, 0x39, 0xce, 0x39, 0xce, 0x39, 0xce, 0x39, 0xce, 0x39, 0xce, 0x39, 0xce,
    0x39, 0xce, 0x39, 0xce, 0x39, 0xce, 0x39, 0xce, 0x39, 0xce, 0x5a, 0xce, 0x9d, 0xf7, 0x5a, 0xce,
    0x32, 0x8c, 0x97, 0xb5, 0x7a, 0xd6, 0xbe, 0xf7, 0xfb, 0xde, 0xa5, 0x31, 0x6a, 0x29, 0x72, 0x21,
    0x72, 0x21, 0x48, 0x21, 0x65, 0x29, 0x1c, 0xe7, 0xff, 0xff, 0xbb, 0xde, 0xb7, 0xb5, 0x12, 0x84,
    0x39, 0xce, 0x9e, 0xf7, 0x7a, 0xce, 0x39, 0xce, 0x59, 0xce, 0x39, 0xce, 0x39, 0xce, 0x39, 0xce,
    0x39, 0xce, 0x39, 0xce, 0x39, 0xce, 0x39, 0xce, 0x39, 0xce, 0x39, 0xce, 0x39, 0xce, 0x39, 0xce,
    0x39, 0xce, 0x39, 0xce, 0x39, 0xce, 0x39, 0xce, 0x39, 0xce, 0x39, 0xce, 0x39, 0xce, 0x39, 0xce,
    0x39, 0xce, 0x39, 0xce, 0x39, 0xce, 0x39, 0xce, 0x39, 0xce, 0x39, 0xce, 0x39, 0xce, 0x39, 0xce,
    0x39, 0xce, 0x39, 0xce, 0x39, 0xce, 0x39, 0xce, 0x39, 0xce, 0x39, 0xce, 0x39, 0xce, 0x39, 0xce,
    0x39, 0xce, 0x39, 0xce, 0x39, 0xce, 0x39, 0xce, 0x39, 0xce, 0x39, 0xce, 0x39, 0xce, 0x39, 0xce,
    0x39, 0xce, 0x39, 0xce, 0x39, 0xce, 0x39, 0xce, 0x39, 0xce, 0x39, 0xce, 0x39, 0xce, 0x39, 0xce,
    0x39, 0xce, 0x39, 0xce, 0x39, 0xce, 0x39, 0xce, 0x39, 0xce, 0x39, 0xce, 0x39, 0xce, 0x39, 0xce,
    0x39, 0xce, 0x39, 0xce, 0x39, 0xce, 0x39, 0xce, 0x39, 0xce, 0x39, 0xce, 0x39, 0xce, 0x39, 0xce,
    0x39, 0xce, 0x39, 0xce, 0x39, 0xce, 0x39, 0xce, 0x39, 0xce, 0x39, 0xce, 0x39, 0xce, 0x39, 0xce,
    0x39, 0xce, 0x5a, 0xce, 0x9e, 0xf7, 0x7a, 0xce, 0x32, 0x84, 0x97, 0xb5, 0x7a, 0xd6, 0xbe, 0xf7,
    0xfb, 0xde, 0xa6, 0x31, 0x6a, 0x29, 0x72, 0x21, 0x72, 0x21, 0x28, 0x21, 0x64, 0x29, 0x1c, 0xe7,
    0xff, 0xff, 0xbb, 0xde, 0xb8, 0xb5, 0x12, 0x84, 0x39, 0xce, 0x9e, 0xf7, 0x7a, 0xce, 0x39, 0xc6,
    0x39, 0xce, 0x39, 0xce, 0x39, 0xce, 0x39, 0xce, 0x39, 0xce, 0x39, 0xce, 0x39, 0xce, 0x39, 0xce,
    0x39, 0xce, 0x39, 0xce, 0x39, 0xce, 0x39, 0xce, 0x39, 0xce, 0x39, 0xce, 0x39, 0xce, 0x39, 0xce,
    0x39, 0xce, 0x39, 0xce, 0x39, 0xce, 0x39, 0xce, 0x39, 0xce, 0x39, 0xce, 0x39, 0xce, 0x39, 0xce,
    0x39, 0xce, 0x39, 0xce, 0x39, 0xce, 0x39, 0xce, 0x39, 0xce, 0x39, 0xce, 0x39, 0xce, 0x39, 0xce,
    0x39, 0xce, 0x39, 0xce, 0x39, 0xce, 0x39, 0xce, 0x39, 0xce, 0x39, 0xce, 0x39, 0xce, 0x39, 0xce,
    0x39, 0xce, 0x39, 0xce, 0x39, 0xce, 0x39, 0xce, 0x39, 0xce, 0x39, 0xce, 0x39, 0xce, 0x39, 0xce,
    0x39, 0xce, 0x39, 0xce, 0x39, 0xce, 0x39, 0xce, 0x39, 0xce, 0x39, 0xce, 0x39, 0xce, 0x39, 0xce,
    0x39, 0xce, 0x39, 0xce, 0x39, 0xce, 0x39, 0xce, 0x39, 0xce, 0x39, 0xce, 0x39, 0xce, 0x39, 0xce,
    0x39, 0xce, 0x39, 0xce, 0x39, 0xce, 0x39, 0xce, 0x39, 0xce, 0x39, 0xce, 0x39, 0xce, 0x39, 0xce,
    0x39, 0xce, 0x39, 0xce, 0x39, 0xce, 0x39, 0xce, 0x39, 0xce, 0x5a, 0xce, 0x9d, 0xf7, 0x5a, 0xce,
    0x12, 0x84, 0x97, 0xb5, 0x7a, 0xd6, 0xbe, 0xf7, 0xfb, 0xde, 0xa5, 0x31, 0x69, 0x29, 0x72, 0x21,
    0x72, 0x21, 0x28, 0x21, 0x64, 0x29, 0x1c, 0xe7, 0xff, 0xff, 0xbb, 0xd6, 0xb8, 0xb5, 0x32, 0x84,
    0x59, 0xce, 0x9e, 0xf7, 0x7a, 0xce, 0x39, 0xce, 0x39, 0xce, 0x39, 0xce, 0x39, 0xce, 0x39, 0xce,
    0x39, 0xce, 0x39, 0xce, 0x39, 0xce, 0x39, 0xce, 0x39, 0xce, 0x39, 0xce, 0x39, 0xce, 0x39, 0xce,
    0x39, 0xce, 0x39, 0xce, 0x39, 0xce, 0x39, 0xce, 0x39, 0xce, 0x39, 0xce, 0x39, 0xce, 0x39, 0xce,
    0x39, 0xce, 0x39, 0xce, 0x39, 0xce, 0x39, 0xce, 0x39, 0xce, 0x39, 0xce, 0x39, 0xce, 0x39, 0xce,
    0x39, 0xce, 0x39, 0xce, 0x39, 0xce, 0x39, 0xce, 0x39, 0xce, 0x39, 0xce, 0x39, 0xce, 0x39, 0xce,
    0x39, 0xce, 0x39, 0xce, 0x39, 0xce, 0x39, 0xce, 0x39, 0xce, 0x39, 0xce, 0x39, 0xce, 0x39, 0xce,
    0x39, 0xce, 0x39, 0xce, 0x39, 0xce, 0x39, 0xce, 0x39, 0xce, 0x39, 0xce, 0x39, 0xce, 0x39, 0xce,
    0x39, 0xce, 0x39, 0xce, 0x39, 0xce, 0x39, 0xce, 0x39, 0xce, 0x39, 0xce, 0x39, 0xce, 0x39, 0xce,
    0x19, 0xce, 0x19, 0xce, 0x39, 0xce, 0x39, 0xce, 0x39, 0xce, 0x39, 0xce, 0x39, 0xce, 0x39, 0xce,
    0x39, 0xce, 0x39, 0xce, 0x39, 0xce, 0x39, 0xce, 0x39, 0xce, 0x39, 0xce, 0x39, 0xce, 0x39, 0xce,
    0x39, 0xce, 0x5a, 0xce, 0x9d, 0xf7, 0x5a, 0xce, 0x12, 0x84, 0x97, 0xb5, 0x9a, 0xd6, 0xbf, 0xf7,
    0xfb, 0xde, 0xa5, 0x31, 0x69, 0x29, 0x72, 0x21, 0x72, 0x21, 0x28, 0x21, 0x64, 0x29, 0x1c, 0xdf,
    0xff, 0xff, 0xbb, 0xd6, 0x97, 0xb5, 0x32, 0x84, 0x59, 0xce, 0x9e, 0xf7, 0x7a, 0xce, 0x39, 0xce,
    0x59, 0xce, 0x39, 0xce, 0x39, 0xce, 0x39, 0xce, 0x39, 0xce, 0x39, 0xce, 0x39, 0xce, 0x39, 0xce,
    0x39, 0xce, 0x39, 0xce, 0x39, 0xce, 0x39, 0xce, 0x39, 0xce, 0x39, 0xce, 0x39, 0xce, 0x39, 0xce,
    0x39, 0xce, 0x39, 0xce, 0x39, 0xce, 0x39, 0xce, 0x39, 0xce, 0x39, 0xce, 0x39, 0xce, 0x39, 0xce,
    0x39, 0xce, 0x39, 0xce, 0x39, 0xce, 0x39, 0xce, 0x39, 0xce, 0x39, 0xce, 0x39, 0xce, 0x39, 0xce,
    0x39, 0xce, 0x39, 0xce, 0x39, 0xce, 0x39, 0xce, 0x39, 0xce, 0x39, 0xce, 0x39, 0xce, 0x39, 0xce,
    0x39, 0xce, 0x39, 0xce, 0x39, 0xce, 0x39, 0xce, 0x39, 0xce, 0x39, 0xce, 0x39, 0xce, 0x39, 0xce,
    0x39, 0xce, 0x39, 0xce, 0x39, 0xce, 0x39, 0xce, 0x39, 0xce, 0x39, 0xce, 0x39, 0xce, 0x39, 0xce,
    0x39, 0xce, 0x39, 0xce, 0x39, 0xce, 0x39, 0xce, 0x39, 0xce, 0x39, 0xce, 0x39, 0xce, 0x39, 0xce,
    0x39, 0xce, 0x39, 0xce, 0x39, 0xce, 0x39, 0xce, 0x39, 0xce, 0x39, 0xce, 0x39, 0xce, 0x39, 0xce,
    0x39, 0xce, 0x39, 0xce, 0x39, 0xce, 0x39, 0xce, 0x39, 0xce, 0x5a, 0xce, 0x9d, 0xf7, 0x5a, 0xce,
    0x32, 0x84, 0x97, 0xb5, 0x7a, 0xd6, 0xbf, 0xf7, 0xfb, 0xde, 0xa5, 0x31, 0x69, 0x29, 0x72, 0x21,
    0x72, 0x21, 0x48, 0x21, 0x65, 0x29, 0x1c, 0xe7, 0xff, 0xff, 0xbb, 0xde, 0x97, 0xb5, 0x12, 0x84,
    0x39, 0xce, 0x9e, 0xf7, 0x7a, 0xce, 0x39, 0xce, 0x39, 0xce, 0x39, 0xce, 0x39, 0xce, 0x39, 0xce,
    0x39, 0xce, 0x39, 0xce, 0x39, 0xce, 0x39, 0xce, 0x39, 0xce, 0x39, 0xce, 0x39, 0xce, 0x39, 0xce,
    0x39, 0xce, 0x39, 0xce, 0x39, 0xce, 0x39, 0xce, 0x39, 0xce, 0x39, 0xce, 0x39, 0xce, 0x39, 0xce,
    0x39, 0xce, 0x39, 0xce, 0x39, 0xce, 0x39, 0xce, 0x39, 0xce, 0x19, 0xce, 0x39, 0xce, 0x39, 0xce,
    0x39, 0xce, 0x39, 0xce, 0x39, 0xce, 0x39, 0xce, 0x39, 0xce, 0x39, 0xce, 0x39, 0xce, 0x39, 0xce,
    0x39, 0xce, 0x39, 0xce, 0x39, 0xce, 0x39, 0xce, 0x39, 0xce, 0x39, 0xce, 0x39, 0xce, 0x39, 0xce,
    0x39, 0xce, 0x39, 0xce, 0x39, 0xce, 0x39, 0xce, 0x39, 0xce, 0x39, 0xce, 0x39, 0xce, 0x39, 0xce,
    0x39, 0xce, 0x39, 0xce, 0x39, 0xce, 0x39, 0xce, 0x39, 0xce, 0x39, 0xce, 0x39, 0xce, 0x39, 0xce,
    0x39, 0xce, 0x39, 0xce, 0x39, 0xce, 0x39, 0xce, 0x39, 0xce, 0x39, 0xce, 0x39, 0xce, 0x39, 0xce,
    0x39, 0xce, 0x39, 0xce, 0x39, 0xce, 0x39, 0xce, 0x39, 0xce, 0x39, 0xce, 0x39, 0xce, 0x39, 0xce,
    0x39, 0xce, 0x5a, 0xce, 0x9d, 0xf7, 0x5a, 0xce, 0x12, 0x84, 0x97, 0xb5, 0x9a, 0xd6, 0xbf, 0xf7,
    0xfb, 0xde, 0xa5, 0x31, 0x69, 0x29, 0x72, 0x21, 0x72, 0x21, 0x48, 0x21, 0x65, 0x31, 0x1c, 0xe7,
    0xff, 0xff, 0xbb, 0xde, 0xb8, 0xb5, 0x32, 0x84, 0x39, 0xce, 0x9e, 0xf7, 0x7a, 0xce, 0x39, 0xce,
    0x39, 0xce, 0x39, 0xce, 0x39, 0xce, 0x39, 0xce, 0x39, 0xce, 0x39, 0xce, 0x39, 0xce, 0x39, 0xce,
    0x39, 0xce, 0x39, 0xce, 0x39, 0xce, 0x39, 0xce, 0x39, 0xce, 0x39, 0xce, 0x39, 0xce, 0x39, 0xce,
    0x39, 0xce, 0x39, 0xce, 0x39, 0xce, 0x39, 0xce, 0x39, 0xce, 0x39, 0xce, 0x39, 0xce, 0x39, 0xce,
    0x39, 0xce, 0x39, 0xce, 0x39, 0xce, 0x39, 0xce, 0x39, 0xce, 0x39, 0xce, 0x39, 0xce, 0x39, 0xce,
    0x39, 0xce, 0x39, 0xce, 0x39, 0xce, 0x39, 0xce, 0x39, 0xce, 0x39, 0xce, 0x39, 0xce, 0x39, 0xce,
    0x39, 0xce, 0x39, 0xce, 0x39, 0xce, 0x39, 0xce, 0x39, 0xce, 0x39, 0xce, 0x39, 0xce, 0x39, 0xce,
    0x39, 0xce, 0x39, 0xce, 0x39, 0xce, 0x39, 0xce, 0x39, 0xce, 0x39, 0xce, 0x39, 0xce, 0x39, 0xce,
    0x39, 0xce, 0x39, 0xce, 0x39, 0xce, 0x39, 0xce, 0x39, 0xce, 0x39, 0xce, 0x39, 0xce, 0x39, 0xce,
    0x39, 0xce, 0x39, 0xce, 0x39, 0xce, 0x39, 0xce, 0x39, 0xce, 0x39, 0xce, 0x39, 0xce, 0x39, 0xce,
    0x39, 0xce, 0x39, 0xce, 0x39, 0xce, 0x39, 0xce, 0x39, 0xce, 0x7a, 0xd6, 0x9d, 0xf7, 0x5a, 0xce,
    0x32, 0x84, 0x97, 0xb5, 0x9a, 0xd6, 0xbe, 0xf7, 0xfb, 0xde, 0xa5, 0x31, 0x69, 0x29, 0x72, 0x21,
    0x72, 0x21, 0x48, 0x21, 0x85, 0x31, 0x1c, 0xe7, 0xff, 0xff, 0xbb, 0xde, 0xb8, 0xb5, 0x32, 0x8c,
    0x59, 0xce, 0x9e, 0xf7, 0x7a, 0xce, 0x39, 0xce, 0x39, 0xce, 0x39, 0xce, 0x39, 0xce, 0x39, 0xce,
    0x39, 0xce, 0x39, 0xce, 0x39, 0xce, 0x39, 0xce, 0x39, 0xce, 0x39, 0xce, 0x39, 0xce, 0x39, 0xce,
    0x39, 0xce, 0x39, 0xce, 0x39, 0xce, 0x39, 0xce, 0x39, 0xce, 0x39, 0xce, 0x39, 0xce, 0x39, 0xce,
    0x39, 0xce, 0x39, 0xce, 0x39, 0xce, 0x39, 0xce, 0x39, 0xce, 0x39, 0xce, 0x39, 0xce, 0x39, 0xce,
    0x39, 0xce, 0x39, 0xce, 0x39, 0xce, 0x39, 0xce, 0x39, 0xce, 0x39, 0xce, 0x39, 0xce, 0x39, 0xce,
    0x39, 0xce, 0x39, 0xce, 0x39, 0xce, 0x39, 0xce, 0x39, 0xce, 0x39, 0xce, 0x39, 0xce, 0x39, 0xce,
    0x39, 0xce, 0x39, 0xce, 0x39, 0xce, 0x39, 0xce, 0x39, 0xce, 0x39, 0xce, 0x39, 0xce, 0x39, 0xce,
    0x39, 0xce, 0x39, 0xce, 0x39, 0xce, 0x39, 0xce, 0x39, 0xce, 0x39, 0xce, 0x39, 0xce, 0x39, 0xce,
    0x39, 0xce, 0x39, 0xce, 0x39, 0xce, 0x39, 0xce, 0x39, 0xce, 0x19, 0xce, 0x39, 0xce, 0x39, 0xce,
    0x39, 0xce, 0x39, 0xce, 0x39, 0xce, 0x39, 0xce, 0x39, 0xce, 0x39, 0xce, 0x39, 0xce, 0x39, 0xce,
    0x39, 0xce, 0x7a, 0xd6, 0x9e, 0xf7, 0x5a, 0xce, 0x32, 0x84, 0x97, 0xb5, 0x9a, 0xd6, 0xbe, 0xf7,
    0xfb, 0xde, 0xa5, 0x31, 0x69, 0x29, 0x72, 0x21, 0x72, 0x21, 0x48, 0x21, 0x85, 0x31, 0x1c, 0xe7,
    0xff, 0xff, 0xbb, 0xde, 0xb7, 0xb5, 0x32, 0x84, 0x59, 0xce, 0x9e, 0xf7, 0x7a, 0xce, 0x39, 0xce,
    0x39, 0xce, 0x39, 0xce, 0x39, 0xce, 0x39, 0xce, 0x39, 0xce, 0x39, 0xce, 0x39, 0xce, 0x39, 0xce,
    0x39, 0xce, 0x39, 0xce, 0x39, 0xce, 0x39, 0xce, 0x39, 0xce, 0x39, 0xce, 0x39, 0xce, 0x39, 0xce,
    0x39, 0xce, 0x39, 0xce, 0x39, 0xce, 0x39, 0xce, 0x39, 0xce, 0x39, 0xce, 0x39, 0xce, 0x39, 0xce,
    0x39, 0xce, 0x39, 0xce, 0x39, 0xce, 0x39, 0xce, 0x19, 0xce, 0x39, 0xce, 0x39, 0xce, 0x39, 0xce,
    0x39, 0xce, 0x39, 0xce, 0x39, 0xce, 0x39, 0xce, 0x39, 0xce, 0x39, 0xce, 0x39, 0xce, 0x39, 0xce,
    0x39, 0xce, 0x39, 0xce, 0x39, 0xce, 0x39, 0xce, 0x39, 0xce, 0x39, 0xce, 0x39, 0xce, 0x39, 0xce,
    0x39, 0xce, 0x39, 0xce, 0x39, 0xce, 0x39, 0xce, 0x39, 0xce, 0x39, 0xce, 0x39, 0xce, 0x39, 0xce,
    0x39, 0xce, 0x39, 0xce, 0x39, 0xce, 0x39, 0xce, 0x39, 0xce, 0x39, 0xce, 0x39, 0xce, 0x39, 0xce,
    0x39, 0xce, 0x39, 0xce, 0x39, 0xce, 0x39, 0xce, 0x39, 0xce, 0x39, 0xce, 0x39, 0xce, 0x39, 0xce,
    0x39, 0xce, 0x39, 0xce, 0x39, 0xce, 0x39, 0xce, 0x39, 0xce, 0x5a, 0xce, 0x9d, 0xf7, 0x5a, 0xce,
    0x12, 0x84, 0x77, 0xb5, 0x9a, 0xd6, 0xbe, 0xf7, 0xfb, 0xde, 0xa5, 0x31, 0x69, 0x29, 0x72, 0x21,
    0x72, 0x21, 0x48, 0x21, 0x65, 0x31, 0x1c, 0xdf, 0xff, 0xff, 0xbb, 0xde, 0xb7, 0xb5, 0x32, 0x84,
    0x59, 0xce, 0x9e, 0xf7, 0x7a, 0xce, 0x39, 0xce, 0x39, 0xce, 0x39, 0xce, 0x39, 0xce, 0x39, 0xce,
    0x39, 0xce, 0x39, 0xce, 0x39, 0xce, 0x39, 0xce, 0x39, 0xce, 0x39, 0xce, 0x39, 0xce, 0x39, 0xce,
    0x39, 0xce, 0x39, 0xce, 0x39, 0xce, 0x39, 0xce, 0x39, 0xce, 0x39, 0xce, 0x39, 0xce, 0x39, 0xce,
    0x39, 0xce, 0x39, 0xce, 0x39, 0xce, 0x39, 0xce, 0x39, 0xce, 0x39, 0xce, 0x39, 0xce, 0x39, 0xce,
    0x39, 0xce, 0x39, 0xce, 0x39, 0xce, 0x39, 0xce, 0x39, 0xce, 0x39, 0xce, 0x39, 0xce, 0x39, 0xce,
    0x39, 0xce, 0x39, 0xce, 0x39, 0xce, 0x39, 0xce, 0x39, 0xce, 0x39, 0xce, 0x39, 0xce, 0x39, 0xce,
    0x39, 0xce, 0x39, 0xce, 0x39, 0xce, 0x39, 0xce, 0x39, 0xce, 0x39, 0xce, 0x39, 0xce, 0x39, 0xce,
    0x39, 0xce, 0x39, 0xce, 0x39, 0xce, 0x39, 0xce, 0x39, 0xce, 0x39, 0xce, 0x39, 0xce, 0x39, 0xce,
    0x39, 0xce, 0x39, 0xce, 0x39, 0xce, 0x39, 0xce, 0x19, 0xce, 0x19, 0xce, 0x39, 0xce, 0x39, 0xce,
    0x39, 0xce, 0x39, 0xce, 0x39, 0xce, 0x39, 0xce, 0x39, 0xce, 0x39, 0xce, 0x39, 0xce, 0x39, 0xce,
    0x39, 0xce, 0x59, 0xce, 0x7d, 0xf7, 0x5a, 0xce, 0x12, 0x84, 0x77, 0xb5, 0x7a, 0xd6, 0xbe, 0xf7,
    0xdb, 0xde, 0xa5, 0x31, 0x69, 0x29, 0x72, 0x21, 0x72, 0x21, 0x48, 0x21, 0x65, 0x29, 0xfb, 0xde,
    0xff, 0xff, 0xbb, 0xde, 0x97, 0xb5, 0x32, 0x84, 0x39, 0xce, 0x9e, 0xf7, 0x7a, 0xce, 0x39, 0xce,
    0x39, 0xce, 0x39, 0xce, 0x39, 0xce, 0x39, 0xce, 0x39, 0xce, 0x39, 0xce, 0x39, 0xce, 0x39, 0xce,
    0x39, 0xce, 0x39, 0xce, 0x39, 0xce, 0x39, 0xce, 0x39, 0xce, 0x39, 0xce, 0x39, 0xce, 0x39, 0xce,
    0x39, 0xce, 0x39, 0xce, 0x39, 0xce, 0x39, 0xce, 0x39, 0xce, 0x39, 0xce, 0x39, 0xce, 0x39, 0xce,
    0x39, 0xce, 0x39, 0xce, 0x39, 0xce, 0x39, 0xce, 0x39, 0xce, 0x39, 0xce, 0x39, 0xce, 0x39, 0xce,
    0x39, 0xce, 0x39, 0xce, 0x39, 0xce, 0x39, 0xce, 0x39, 0xce, 0x39, 0xce, 0x39, 0xce, 0x39, 0xce,
    0x39, 0xce, 0x39, 0xce, 0x39, 0xce, 0x39, 0xce, 0x39, 0xce, 0x39, 0xce, 0x39, 0xce, 0x39, 0xce,
    0x39, 0xce, 0x39, 0xce, 0x39, 0xce, 0x39, 0xce, 0x39, 0xce, 0x39, 0xce, 0x39, 0xce, 0x39, 0xce,
    0x39, 0xce, 0x39, 0xce, 0x39, 0xce, 0x39, 0xce, 0x39, 0xce, 0x39, 0xce, 0x39, 0xce, 0x39, 0xce,
    0x39, 0xce, 0x39, 0xce, 0x39, 0xce, 0x39, 0xce, 0x39, 0xce, 0x39, 0xce, 0x19, 0xce, 0x39, 0xce,
    0x39, 0xce, 0x19, 0xce, 0x39, 0xce, 0x39, 0xce, 0x39, 0xce, 0x5a, 0xce, 0x7d, 0xf7, 0x5a, 0xce,
    0x12, 0x84, 0x97, 0xb5, 0x7a, 0xd6, 0xbe, 0xf7, 0xfb, 0xde, 0xa5, 0x31, 0x69, 0x29, 0x72, 0x21,
    0x72, 0x21, 0x48, 0x21, 0x65, 0x29, 0xfb, 0xde, 0xff, 0xff, 0xbb, 0xde, 0xb7, 0xb5, 0x32, 0x84,
    0x39, 0xce, 0x9e, 0xf7, 0x7a, 0xce, 0x39, 0xce, 0x39, 0xce, 0x39, 0xce, 0x39, 0xce, 0x39, 0xce,
    0x39, 0xce, 0x39, 0xce, 0x39, 0xce, 0x39, 0xce, 0x39, 0xce, 0x39, 0xce, 0x39, 0xce, 0x39, 0xce,
    0x39, 0xce, 0x39, 0xce, 0x39, 0xce, 0x39, 0xce, 0x39, 0xce, 0x39, 0xce, 0x39, 0xce, 0x39, 0xce,
    0x39, 0xce, 0x39, 0xce, 0x39, 0xce, 0x39, 0xce, 0x39, 0xce, 0x39, 0xce, 0x39, 0xce, 0x39, 0xce,
    0x39, 0xce, 0x39, 0xce, 0x39, 0xce, 0x39, 0xce, 0x39, 0xce, 0x39, 0xce, 0x39, 0xce, 0x39, 0xce,
    0x39, 0xce, 0x39, 0xce, 0x39, 0xce, 0x39, 0xce, 0x39, 0xce, 0x39, 0xce, 0x39, 0xce, 0x39, 0xce,
    0x39, 0xce, 0x39, 0xce, 0x39, 0xce, 0x39, 0xce, 0x39, 0xce, 0x39, 0xce, 0x39, 0xce, 0x39, 0xce,
    0x39, 0xce, 0x39, 0xce, 0x39, 0xce, 0x39, 0xce, 0x39, 0xce, 0x39, 0xce, 0x39, 0xce, 0x39, 0xce,
    0x39, 0xce, 0x39, 0xce, 0x39, 0xce, 0x39, 0xce, 0x39, 0xce, 0x39, 0xce, 0x39, 0xce, 0x39, 0xce,
    0x39, 0xce, 0x39, 0xce, 0x39, 0xce, 0x39, 0xce, 0x39, 0xce, 0x39, 0xce, 0x39, 0xce, 0x39, 0xce,
    0x39, 0xce, 0x5a, 0xce, 0x9d, 0xf7, 0x5a, 0xce, 0x12, 0x84, 0x97, 0xb5, 0x7a, 0xd6, 0xbe, 0xf7,
    0xfb, 0xde, 0x85, 0x31, 0x69, 0x29, 0x72, 0x21, 0x72, 0x21, 0x48, 0x21, 0x65, 0x29, 0x1b, 0xdf,
    0xff, 0xff, 0xbb, 0xde, 0xb8, 0xb5, 0x32, 0x84, 0x39, 0xce, 0x9e, 0xf7, 0x7a, 0xce, 0x39, 0xce,
    0x39, 0xce, 0x39, 0xce, 0x39, 0xce, 0x39, 0xce, 0x39, 0xce, 0x39, 0xce, 0x39, 0xce, 0x39, 0xce,
    0x39, 0xce, 0x39, 0xce, 0x39, 0xce, 0x39, 0xce, 0x39, 0xce, 0x39, 0xce, 0x39, 0xce, 0x39, 0xce,
    0x39, 0xce, 0x39, 0xce, 0x39, 0xce, 0x39, 0xce, 0x39, 0xce, 0x39, 0xce, 0x39, 0xce, 0x39, 0xce,
    0x39, 0xce, 0x39, 0xce, 0x39, 0xce, 0x39, 0xce, 0x39, 0xce, 0x39, 0xce, 0x39, 0xce, 0x39, 0xce,
    0x39, 0xce, 0x39, 0xce, 0x39, 0xce, 0x39, 0xce, 0x39, 0xce, 0x39, 0xce, 0x39, 0xce, 0x39, 0xce,
    0x39, 0xce, 0x39, 0xce, 0x39, 0xce, 0x39, 0xce, 0x39, 0xce, 0x39, 0xce, 0x39, 0xce, 0x39, 0xce,
    0x39, 0xce, 0x39, 0xce, 0x39, 0xce, 0x39, 0xce, 0x39, 0xce, 0x39, 0xce, 0x39, 0xce, 0x39, 0xce,
    0x39, 0xce, 0x39, 0xce, 0x39, 0xce, 0x39, 0xce, 0x39, 0xce, 0x39, 0xce, 0x39, 0xce, 0x39, 0xce,
    0x39, 0xce, 0x19, 0xce, 0x39, 0xce, 0x39, 0xce, 0x39, 0xce, 0x39, 0xce, 0x39, 0xce, 0x39, 0xce,
    0x39, 0xce, 0x39, 0xce, 0x39, 0xce, 0x39, 0xce, 0x39, 0xce, 0x5a, 0xce, 0x9d, 0xf7, 0x5a, 0xce,
    0x32, 0x84, 0x97, 0xb5, 0x7a, 0xd6, 0xbe, 0xf7, 0xfb, 0xde, 0xa5, 0x31, 0x69, 0x29, 0x72, 0x21,
    0x72, 0x21, 0x48, 0x21, 0x85, 0x31, 0x1c, 0xe7, 0xff, 0xff, 0xbb, 0xde, 0x97, 0xb5, 0x12, 0x84,
    0x39, 0xce, 0x9e, 0xf7, 0x5a, 0xce, 0x39, 0xce, 0x39, 0xce, 0x39, 0xce, 0x39, 0xce, 0x39, 0xce,
    0x39, 0xce, 0x39, 0xce, 0x39, 0xce, 0x39, 0xce, 0x39, 0xce, 0x39, 0xce, 0x39, 0xce, 0x39, 0xce,
    0x39, 0xce, 0x39, 0xce, 0x39, 0xce, 0x39, 0xce, 0x39, 0xce, 0x39, 0xce, 0x39, 0xce, 0x39, 0xce,
    0x39, 0xce, 0x39, 0xce, 0x39, 0xce, 0x39, 0xce, 0x39, 0xce, 0x39, 0xce, 0x39, 0xce, 0x39, 0xce,
    0x39, 0xce, 0x39, 0xce, 0x39, 0xce, 0x19, 0xce, 0x79, 0xce, 0x7a, 0xd6, 0x7a, 0xd6, 0x19, 0xce,
    0x19, 0xce, 0x39, 0xce, 0x39, 0xce, 0x39, 0xce, 0x39, 0xce, 0x39, 0xce, 0x38, 0xce, 0x39, 0xce,
    0x9a, 0xd6, 0x7a, 0xd6, 0x39, 0xce, 0x39, 0xce, 0x39, 0xce, 0x39, 0xce, 0x39, 0xce, 0x39, 0xce,
    0x39, 0xce, 0x39, 0xce, 0x39, 0xce, 0x39, 0xce, 0x39, 0xce, 0x39, 0xce, 0x39, 0xce, 0x39, 0xce,
    0x39, 0xce, 0x39, 0xce, 0x39, 0xce, 0x39, 0xce, 0x39, 0xce, 0x39, 0xce, 0x39, 0xce, 0x39, 0xce,
    0x39, 0xce, 0x39, 0xce, 0x39, 0xce, 0x39, 0xce, 0x39, 0xce, 0x39, 0xce, 0x39, 0xce, 0x39, 0xce,
    0x39, 0xce, 0x5a, 0xce, 0x9e, 0xf7, 0x5a, 0xce, 0x12, 0x84, 0x97, 0xb5, 0x9a, 0xd6, 0xbf, 0xf7,
    0xfb, 0xde, 0xa5, 0x31, 0x69, 0x29, 0x72, 0x21, 0x72, 0x21, 0x48, 0x21, 0x65, 0x29, 0x1c, 0xe7,
    0xff, 0xff, 0xbb, 0xd6, 0xb7, 0xb5, 0x33, 0x84, 0x39, 0xce, 0x9e, 0xf7, 0x7a, 0xce, 0x39, 0xce,
    0x59, 0xce, 0x39, 0xce, 0x39, 0xce, 0x39, 0xce, 0x39, 0xce, 0x39, 0xce, 0x39, 0xce, 0x39, 0xce,
    0x39, 0xce, 0x39, 0xce, 0x39, 0xce, 0x39, 0xce, 0x39, 0xce, 0x39, 0xce, 0x39, 0xce, 0x39, 0xce,
    0x39, 0xce, 0x39, 0xce, 0x39, 0xce, 0x39, 0xce, 0x39, 0xce, 0x39, 0xce, 0x39, 0xce, 0x39, 0xce,
    0x39, 0xce, 0x39, 0xce, 0x39, 0xce, 0x39, 0xce, 0x39, 0xce, 0x39, 0xce, 0x39, 0xc6, 0x7a, 0xce,
    0xb7, 0xb5, 0xf4, 0x9c, 0x76, 0xb5, 0x9b, 0xd6, 0x7a, 0xce, 0x7a, 0xce, 0x5a, 0xce, 0x9a, 0xd6,
    0x7a, 0xce, 0x5a, 0xce, 0x9b, 0xd6, 0x38, 0xc6, 0xf5, 0xa4, 0x15, 0xa5, 0x39, 0xce, 0x39, 0xce,
    0x39, 0xc6, 0x39, 0xce, 0x39, 0xce, 0x39, 0xce, 0x39, 0xce, 0x39, 0xce, 0x39, 0xce, 0x39, 0xce,
    0x39, 0xce, 0x39, 0xce, 0x39, 0xce, 0x39, 0xce, 0x39, 0xce, 0x39, 0xce, 0x39, 0xce, 0x39, 0xce,
    0x39, 0xce, 0x39, 0xce, 0x39, 0xce, 0x39, 0xce, 0x39, 0xce, 0x39, 0xce, 0x39, 0xce, 0x39, 0xce,
    0x39, 0xce, 0x39, 0xce, 0x39, 0xce, 0x39, 0xce, 0x39, 0xce, 0x5a, 0xce, 0x9e, 0xf7, 0x5a, 0xce,
    0x12, 0x84, 0x97, 0xb5, 0x9a, 0xd6, 0xbf, 0xf7, 0xfb, 0xde, 0xa6, 0x39, 0x6a, 0x29, 0x72, 0x21,
    0x72, 0x21, 0x28, 0x21, 0x64, 0x29, 0x1c, 0xe7, 0xff, 0xff, 0xbb, 0xd6, 0x97, 0xb5, 0x33, 0x84,
    0x39, 0xce, 0x9e, 0xf7, 0x7a, 0xce, 0x39, 0xce, 0x59, 0xce, 0x39, 0xce, 0x39, 0xce, 0x59, 0xce,
    0x39, 0xce, 0x39, 0xce, 0x39, 0xce, 0x39, 0xce, 0x39, 0xce, 0x39, 0xce, 0x39, 0xce, 0x39, 0xce,
    0x39, 0xce, 0x39, 0xce, 0x19, 0xce, 0x19, 0xce, 0x19, 0xce, 0x19, 0xc6, 0x19, 0xc6, 0x39, 0xce,
    0x39, 0xce, 0x19, 0xce, 0x19, 0xce, 0x19, 0xc6, 0x19, 0xce, 0x19, 0xce, 0x19, 0xce, 0x19, 0xce,
    0x39, 0xce, 0x18, 0xc6, 0x9a, 0xd6, 0xf8, 0xc5, 0x48, 0x52, 0x84, 0x39, 0x48, 0x4a, 0xb3, 0xa4,
    0xd3, 0xb4, 0x74, 0xc5, 0x53, 0xbd, 0xd3, 0x9c, 0x13, 0xb5, 0x92, 0xc5, 0x54, 0xb5, 0xae, 0x7b,
    0x84, 0x39, 0x64, 0x39, 0xef, 0x83, 0xbb, 0xd6, 0x39, 0xce, 0x18, 0xc6, 0x19, 0xc6, 0x19, 0xc6,
    0x19, 0xc6, 0x19, 0xc6, 0x19, 0xc6, 0x19, 0xce, 0x19, 0xce, 0x19, 0xce, 0x19, 0xce, 0x19, 0xce,
    0x19, 0xc6, 0x19, 0xce, 0x39, 0xce, 0x39, 0xce, 0x39, 0xce, 0x39, 0xce, 0x39, 0xce, 0x39, 0xce,
    0x39, 0xce, 0x39, 0xce, 0x39, 0xce, 0x39, 0xce, 0x39, 0xce, 0x39, 0xce, 0x39, 0xce, 0x39, 0xce,
    0x39, 0xce, 0x5a, 0xce, 0x9d, 0xf7, 0x5a, 0xce, 0x12, 0x84, 0x97, 0xb5, 0x7a, 0xd6, 0xbf, 0xf7,
    0xfb, 0xde, 0xa6, 0x31, 0x69, 0x29, 0x72, 0x21, 0x72, 0x21, 0x28, 0x21, 0x64, 0x29, 0x1c, 0xe7,
    0xff, 0xff, 0xbb, 0xd6, 0x97, 0xb5, 0x12, 0x84, 0x59, 0xce, 0x9e, 0xf7, 0x7a, 0xce, 0x39, 0xce,
    0x59, 0xce, 0x39, 0xce, 0x39, 0xce, 0x39, 0xce, 0x39, 0xce, 0x39, 0xce, 0x39, 0xce, 0x39, 0xce,
    0x39, 0xce, 0x39, 0xce, 0x39, 0xce, 0x39, 0xce, 0x39, 0xce, 0x59, 0xce, 0xbb, 0xde, 0x9b, 0xde,
    0x9b, 0xde, 0x9b, 0xd6, 0xbb, 0xd6, 0xbb, 0xde, 0xbb, 0xde, 0xbb, 0xde, 0xbb, 0xde, 0xbb, 0xde,
    0xbb, 0xde, 0xbb, 0xde, 0x9b, 0xd6, 0xbb, 0xd6, 0x9b, 0xd6, 0xdb, 0xde, 0x76, 0xad, 0x86, 0x31,
    0x0e, 0x8c, 0x99, 0xff, 0x91, 0xc5, 0xe1, 0x68, 0x40, 0x98, 0x49, 0xc4, 0x29, 0xa4, 0x00, 0x00,
    0x06, 0x7b, 0x8a, 0xdd, 0xa0, 0x8a, 0xe7, 0x7a, 0x58, 0xff, 0x54, 0xe6, 0x64, 0x31, 0x8e, 0x73,
    0x7a, 0xd6, 0xbb, 0xde, 0x9b, 0xd6, 0xbb, 0xd6, 0x9b, 0xd6, 0x9b, 0xd6, 0x9b, 0xd6, 0xbb, 0xde,
    0xbb, 0xde, 0xbb, 0xde, 0xbb, 0xd6, 0x9b, 0xd6, 0x9b, 0xd6, 0x9a, 0xd6, 0x19, 0xce, 0x39, 0xce,
    0x39, 0xce, 0x39, 0xce, 0x39, 0xce, 0x39, 0xce, 0x39, 0xce, 0x39, 0xce, 0x39, 0xce, 0x39, 0xce,
    0x39, 0xce, 0x39, 0xce, 0x39, 0xce, 0x39, 0xce, 0x39, 0xce, 0x5a, 0xce, 0x9e, 0xf7, 0x5a, 0xce,
    0x12, 0x84, 0x97, 0xb5, 0x9a, 0xd6, 0xbe, 0xf7, 0xfb, 0xde, 0xa5, 0x31, 0x69, 0x29, 0x72, 0x21,
    0x72, 0x21, 0x28, 0x21, 0x64, 0x29, 0x1c, 0xe7, 0xff, 0xff, 0xbb, 0xd6, 0x97, 0xb5, 0x33, 0x84,
    0x59, 0xce, 0x9e, 0xf7, 0x7a, 0xd6, 0x39, 0xce, 0x39, 0xce, 0x39, 0xce, 0x39, 0xce, 0x39, 0xce,
    0x39, 0xce, 0x39, 0xce, 0x39, 0xce, 0x39, 0xce, 0x39, 0xce, 0x39, 0xce, 0x39, 0xce, 0x39, 0xce,
    0x7a, 0xd6, 0xd7, 0xbd, 0xeb, 0x62, 0xec, 0x62, 0xec, 0x62, 0xec, 0x62, 0xec, 0x62, 0xec, 0x62,
    0xec, 0x62, 0xec, 0x62, 0xec, 0x62, 0xec, 0x62, 0xec, 0x62, 0xeb, 0x62, 0xeb, 0x5a, 0xeb, 0x5a,
    0xeb, 0x62, 0x0c, 0x63, 0xc7, 0x31, 0xc3, 0x18, 0x95, 0xb5, 0xfc, 0xff, 0x94, 0xe6, 0x09, 0xdc,
    0x24, 0xf2, 0x94, 0xfe, 0x34, 0xce, 0x86, 0x31, 0xf0, 0xac, 0xb7, 0xff, 0x42, 0xe5, 0x4a, 0xd5,
    0xbc, 0xff, 0x37, 0xff, 0x07, 0x42, 0xe4, 0x18, 0x8a, 0x52, 0x0c, 0x63, 0xec, 0x62, 0xec, 0x62,
    0xec, 0x62, 0xeb, 0x5a, 0xeb, 0x62, 0xec, 0x62, 0x0c, 0x63, 0xec, 0x62, 0xec, 0x62, 0x0c, 0x63,
    0xcb, 0x5a, 0xae, 0x73, 0x7a, 0xce, 0x39, 0xce, 0x39, 0xce, 0x39, 0xce, 0x39, 0xce, 0x39, 0xce,
    0x39, 0xce, 0x39, 0xce, 0x39, 0xce, 0x39, 0xce, 0x39, 0xce, 0x39, 0xce, 0x39, 0xce, 0x39, 0xce,
    0x39, 0xce, 0x5a, 0xce, 0x9e, 0xf7, 0x5a, 0xce, 0x12, 0x84, 0x77, 0xb5, 0x7a, 0xd6, 0xbe, 0xf7,
    0xfb, 0xde, 0x85, 0x31, 0x69, 0x29, 0x72, 0x21, 0x72, 0x21, 0x48, 0x21, 0x64, 0x29, 0x1c, 0xdf,
    0xff, 0xff, 0xbb, 0xd6, 0x97, 0xb5, 0x33, 0x84, 0x59, 0xce, 0x9e, 0xf7, 0x7a, 0xce, 0x39, 0xce,
    0x59, 0xce, 0x39, 0xce, 0x39, 0xce, 0x39, 0xce, 0x39, 0xce, 0x39, 0xce, 0x39, 0xce, 0x39, 0xce,
    0x39, 0xce, 0x39, 0xce, 0x39, 0xce, 0x59, 0xce, 0xd7, 0xbd, 0x6a, 0x4a, 0xa7, 0x31, 0x87, 0x29,
    0x66, 0x29, 0x66, 0x29, 0x66, 0x29, 0x66, 0x29, 0x66, 0x29, 0x66, 0x29, 0x66, 0x29, 0x66, 0x29,
    0x66, 0x29, 0x66, 0x29, 0x66, 0x29, 0x66, 0x29, 0x86, 0x29, 0xa3, 0x10, 0x69, 0x42, 0x2d, 0x5b,
    0xaf, 0x9c, 0x37, 0xff, 0x52, 0xde, 0x27, 0xc3, 0x62, 0xd1, 0xf1, 0xf5, 0xb2, 0xc5, 0xc4, 0x18,
    0x6d, 0x94, 0xd3, 0xfe, 0x81, 0xcc, 0x46, 0xbc, 0xf5, 0xf6, 0x94, 0xee, 0x89, 0x52, 0xb0, 0x6b,
    0xa3, 0x10, 0x66, 0x29, 0x46, 0x21, 0x46, 0x29, 0x66, 0x29, 0x66, 0x29, 0x66, 0x29, 0x66, 0x29,
    0x46, 0x21, 0x46, 0x21, 0x46, 0x21, 0x46, 0x21, 0x66, 0x29, 0x87, 0x31, 0xaf, 0x73, 0x39, 0xce,
    0x39, 0xce, 0x39, 0xce, 0x39, 0xce, 0x39, 0xce, 0x39, 0xce, 0x39, 0xce, 0x39, 0xce, 0x39, 0xce,
    0x39, 0xce, 0x39, 0xce, 0x39, 0xce, 0x39, 0xce, 0x39, 0xce, 0x5a, 0xce, 0x9d, 0xf7, 0x5a, 0xce,
    0x12, 0x84, 0x77, 0xb5, 0x7a, 0xd6, 0xbe, 0xf7, 0xfb, 0xde, 0x85, 0x31, 0x69, 0x29, 0x72, 0x21,
    0x72, 0x21, 0x48, 0x21, 0x65, 0x29, 0xfc, 0xde, 0xff, 0xff, 0xbb, 0xde, 0xb7, 0xb5, 0x32, 0x8c,
    0x59, 0xce, 0x9e, 0xf7, 0x7a, 0xce, 0x39, 0xce, 0x59, 0xce, 0x39, 0xce, 0x39, 0xce, 0x39, 0xce,
    0x39, 0xce, 0x39, 0xce, 0x39, 0xce, 0x39, 0xce, 0x39, 0xce, 0x39, 0xce, 0x19, 0xc6, 0x7a, 0xd6,
    0xab, 0x5a, 0xa7, 0x31, 0x86, 0x29, 0xe8, 0x39, 0xe8, 0x39, 0xe8, 0x39, 0xe8, 0x39, 0xe8, 0x41,
    0x08, 0x3a, 0x08, 0x3a, 0xe8, 0x39, 0xe8, 0x39, 0xe8, 0x39, 0xe8, 0x39, 0xe8, 0x39, 0xe8, 0x39,
    0x08, 0x42, 0xa6, 0x31, 0xc3, 0x18, 0xe4, 0x10, 0x0b, 0x94, 0x52, 0xee, 0x8f, 0xcd, 0x45, 0xa2,
    0x40, 0x90, 0xed, 0xdc, 0x8c, 0xac, 0x00, 0x00, 0x28, 0x7b, 0xae, 0xe5, 0xe1, 0x9a, 0x25, 0x93,
    0x12, 0xe6, 0x8f, 0xd5, 0xa5, 0x39, 0xe4, 0x18, 0x04, 0x19, 0x08, 0x42, 0xe7, 0x39, 0xe8, 0x39,
    0xe8, 0x39, 0xe8, 0x39, 0xe8, 0x39, 0xe8, 0x39, 0xe8, 0x39, 0xe8, 0x39, 0xe8, 0x39, 0xe8, 0x39,
    0xc7, 0x39, 0x86, 0x31, 0x25, 0x21, 0x72, 0x8c, 0x7a, 0xd6, 0x19, 0xc6, 0x39, 0xce, 0x19, 0xce,
    0x19, 0xce, 0x39, 0xce, 0x39, 0xce, 0x39, 0xce, 0x39, 0xce, 0x39, 0xce, 0x39, 0xce, 0x39, 0xce,
    0x39, 0xce, 0x5a, 0xce, 0x9d, 0xf7, 0x5a, 0xce, 0x32, 0x84, 0x97, 0xb5, 0x7a, 0xd6, 0xbe, 0xf7,
    0xfb, 0xde, 0xa5, 0x31, 0x69, 0x29, 0x72, 0x21, 0x72, 0x21, 0x48, 0x21, 0x65, 0x29, 0xfc, 0xde,
    0xff, 0xff, 0xbb, 0xde, 0x97, 0xb5, 0x32, 0x8c, 0x39, 0xce, 0x9e, 0xf7, 0x7a, 0xd6, 0x39, 0xce,
    0x39, 0xce, 0x39, 0xce, 0x39, 0xce, 0x39, 0xce, 0x39, 0xce, 0x39, 0xce, 0x39, 0xce, 0x39, 0xce,
    0x39, 0xce, 0x39, 0xce, 0x59, 0xce, 0xdc, 0xde, 0xab, 0x52, 0xc3, 0x10, 0xaa, 0x52, 0xbb, 0xde,
    0x39, 0xce, 0x59, 0xce, 0x59, 0xce, 0x59, 0xce, 0x59, 0xce, 0x59, 0xce, 0x59, 0xce, 0x59, 0xce,
    0x59, 0xce, 0x59, 0xce, 0x39, 0xce, 0x39, 0xce, 0x59, 0xce, 0x39, 0xce, 0xec, 0x62, 0x61, 0x08,
    0x08, 0x7b, 0x0d, 0xcd, 0x6b, 0xac, 0x42, 0x61, 0x00, 0x60, 0x06, 0x9b, 0xe6, 0x7a, 0x00, 0x00,
    0xe3, 0x51, 0xc7, 0xab, 0xa0, 0x61, 0x43, 0x6a, 0xed, 0xc4, 0xac, 0xbc, 0xe2, 0x20, 0x25, 0x21,
    0x34, 0xa5, 0x9a, 0xd6, 0x59, 0xce, 0x59, 0xce, 0x59, 0xce, 0x59, 0xce, 0x59, 0xce, 0x59, 0xce,
    0x59, 0xce, 0x59, 0xce, 0x59, 0xce, 0x7a, 0xce, 0xf7, 0xbd, 0x65, 0x29, 0xc3, 0x18, 0x51, 0x8c,
    0x9a, 0xd6, 0x19, 0xce, 0x39, 0xce, 0x39, 0xce, 0x19, 0xce, 0x39, 0xce, 0x39, 0xce, 0x39, 0xce,
    0x39, 0xce, 0x39, 0xce, 0x39, 0xce, 0x39, 0xce, 0x39, 0xce, 0x5a, 0xce, 0x9e, 0xf7, 0x5a, 0xce,
    0x32, 0x84, 0x97, 0xb5, 0x9a, 0xd6, 0xbe, 0xf7, 0xfb, 0xde, 0xa5, 0x31, 0x6a, 0x29, 0x72, 0x21,
    0x72, 0x21, 0x28, 0x21, 0x65, 0x29, 0x1c, 0xe7, 0xff, 0xff, 0xbb, 0xde, 0x97, 0xb5, 0x32, 0x8c,
    0x39, 0xce, 0x9e, 0xf7, 0x7a, 0xce, 0x39, 0xce, 0x39, 0xce, 0x39, 0xce, 0x39, 0xce, 0x39, 0xce,
    0x39, 0xce, 0x39, 0xce, 0x39, 0xce, 0x39, 0xce, 0x19, 0xc6, 0x5a, 0xd6, 0x92, 0x94, 0x08, 0x42,
    0x03, 0x19, 0x21, 0x00, 0xc3, 0x18, 0x51, 0x8c, 0x5a, 0xce, 0x19, 0xc6, 0x39, 0xce, 0x39, 0xce,
    0x39, 0xce, 0x39, 0xce, 0x39, 0xce, 0x39, 0xce, 0x39, 0xce, 0x39, 0xce, 0x39, 0xce, 0x39, 0xce,
    0x39, 0xce, 0x39, 0xce, 0xbb, 0xde, 0x10, 0x84, 0x43, 0x31, 0x65, 0x62, 0xe4, 0x49, 0xc7, 0x51,
    0x28, 0x72, 0x29, 0x8b, 0x09, 0x73, 0xe8, 0x41, 0xe9, 0x72, 0x49, 0x8b, 0xa9, 0x6a, 0xc6, 0x41,
    0x05, 0x5a, 0xe4, 0x51, 0xe7, 0x41, 0x18, 0xc6, 0x7a, 0xd6, 0x39, 0xce, 0x39, 0xce, 0x39, 0xce,
    0x39, 0xce, 0x39, 0xce, 0x39, 0xce, 0x39, 0xce, 0x39, 0xce, 0x39, 0xce, 0x39, 0xce, 0x59, 0xce,
    0xd7, 0xbd, 0x45, 0x29, 0xc3, 0x18, 0x51, 0x8c, 0x9a, 0xd6, 0x39, 0xce, 0x39, 0xce, 0x39, 0xce,
    0x39, 0xce, 0x39, 0xce, 0x39, 0xce, 0x39, 0xce, 0x39, 0xce, 0x39, 0xce, 0x39, 0xce, 0x39, 0xce,
    0x39, 0xce, 0x5a, 0xd6, 0x9e, 0xf7, 0x5a, 0xce, 0x12, 0x84, 0x97, 0xb5, 0x9a, 0xd6, 0xbe, 0xf7,
    0xdb, 0xde, 0xa5, 0x31, 0x69, 0x29, 0x72, 0x21, 0x72, 0x21, 0x28, 0x21, 0x65, 0x29, 0x1c, 0xe7,
    0xff, 0xff, 0xbb, 0xde, 0xb8, 0xb5, 0x32, 0x8c, 0x39, 0xce, 0x9e, 0xf7, 0x7a, 0xce, 0x39, 0xce,
    0x59, 0xce, 0x39, 0xce, 0x39, 0xce, 0x39, 0xce, 0x39, 0xce, 0x39, 0xce, 0x19, 0xce, 0x59, 0xce,
    0xdb, 0xde, 0x76, 0xb5, 0xa7, 0x31, 0xd4, 0x94, 0xf4, 0x9c, 0x11, 0x7c, 0x2d, 0x63, 0x46, 0x29,
    0x35, 0xad, 0xfc, 0xe6, 0x5a, 0xd6, 0x19, 0xce, 0x39, 0xce, 0x39, 0xce, 0x39, 0xce, 0x39, 0xce,
    0x39, 0xce, 0x39, 0xce, 0x39, 0xce, 0x39, 0xce, 0x39, 0xce, 0x39, 0xce, 0x19, 0xce, 0x9a, 0xd6,
    0xf0, 0x7b, 0x6a, 0x4a, 0x4d, 0x6b, 0x7a, 0xce, 0x7a, 0xd6, 0x5a, 0xce, 0x5a, 0xd6, 0x7a, 0xd6,
    0x7a, 0xce, 0x5a, 0xce, 0xbb, 0xde, 0x15, 0xa5, 0x6a, 0x4a, 0x8a, 0x52, 0x76, 0xad, 0x7a, 0xd6,
    0x39, 0xce, 0x59, 0xce, 0x39, 0xce, 0x39, 0xce, 0x39, 0xce, 0x39, 0xce, 0x39, 0xce, 0x39, 0xce,
    0x39, 0xce, 0x39, 0xce, 0x39, 0xce, 0x59, 0xce, 0xb7, 0xbd, 0x66, 0x31, 0xc3, 0x20, 0x52, 0x8c,
    0x9a, 0xd6, 0x39, 0xce, 0x39, 0xce, 0x39, 0xce, 0x39, 0xce, 0x39, 0xce, 0x39, 0xce, 0x39, 0xce,
    0x39, 0xce, 0x39, 0xce, 0x39, 0xce, 0x39, 0xce, 0x39, 0xce, 0x7a, 0xd6, 0x9e, 0xf7, 0x5a, 0xce,
    0x32, 0x84, 0x97, 0xb5, 0x9a, 0xd6, 0xbe, 0xf7, 0xdb, 0xde, 0xa6, 0x31, 0x69, 0x29, 0x72, 0x21,
    0x72, 0x21, 0x48, 0x21, 0x64, 0x29, 0xfc, 0xde, 0xff, 0xff, 0xbb, 0xde, 0xb7, 0xb5, 0x32, 0x8c,
    0x39, 0xce, 0x9e, 0xf7, 0x7a, 0xce, 0x39, 0xce, 0x39, 0xce, 0x39, 0xce, 0x39, 0xce, 0x39, 0xce,
    0x39, 0xce, 0x39, 0xc6, 0x7a, 0xd6, 0x96, 0xb5, 0xd3, 0x94, 0x6e, 0x6b, 0x04, 0x19, 0x7a, 0xce,
    0x19, 0xbe, 0x2e, 0x5b, 0xcc, 0x52, 0x45, 0x21, 0x2d, 0x63, 0xd4, 0x94, 0x35, 0xad, 0x9a, 0xd6,
    0x39, 0xce, 0x39, 0xce, 0x39, 0xce, 0x39, 0xce, 0x39, 0xce, 0x39, 0xce, 0x39, 0xce, 0x39, 0xce,
    0x39, 0xce, 0x39, 0xce, 0x39, 0xce, 0x39, 0xce, 0x9a, 0xd6, 0x9b, 0xde, 0x9a, 0xd6, 0x39, 0xce,
    0x19, 0xce, 0x19, 0xce, 0x39, 0xce, 0x19, 0xc6, 0x19, 0xce, 0x39, 0xce, 0x19, 0xce, 0x59, 0xce,
    0x9b, 0xde, 0x9b, 0xde, 0x59, 0xce, 0x39, 0xce, 0x39, 0xce, 0x39, 0xce, 0x39, 0xce, 0x39, 0xce,
    0x39, 0xce, 0x39, 0xce, 0x39, 0xce, 0x39, 0xce, 0x39, 0xce, 0x39, 0xc6, 0x39, 0xce, 0x59, 0xce,
    0xd8, 0xbd, 0x45, 0x51, 0xa2, 0x50, 0x72, 0x94, 0x9a, 0xd6, 0x19, 0xce, 0x39, 0xce, 0x39, 0xce,
    0x39, 0xce, 0x39, 0xce, 0x39, 0xce, 0x39, 0xce, 0x39, 0xce, 0x39, 0xce, 0x39, 0xce, 0x39, 0xce,
    0x39, 0xce, 0x5a, 0xce, 0x9e, 0xf7, 0x5a, 0xce, 0x12, 0x84, 0x77, 0xb5, 0x9a, 0xd6, 0xbe, 0xf7,
    0xdb, 0xde, 0xa5, 0x31, 0x69, 0x29, 0x72, 0x21, 0x72, 0x21, 0x28, 0x21, 0x64, 0x29, 0x1c, 0xdf,
    0xff, 0xff, 0xbb, 0xde, 0xb7, 0xb5, 0x32, 0x8c, 0x39, 0xce, 0x9e, 0xf7, 0x7a, 0xce, 0x39, 0xce,
    0x39, 0xce, 0x39, 0xce, 0x39, 0xce, 0x39, 0xce, 0x39, 0xce, 0x59, 0xce, 0xb7, 0xbd, 0x65, 0x31,
    0xe1, 0x40, 0xe1, 0x40, 0x21, 0x00, 0xac, 0x4a, 0xac, 0x4a, 0xe4, 0x18, 0xc4, 0x10, 0x62, 0x08,
    0x80, 0x30, 0xe0, 0x40, 0xc3, 0x18, 0x14, 0xa5, 0x5a, 0xd6, 0x39, 0xce, 0x39, 0xce, 0x39, 0xce,
    0x39, 0xce, 0x39, 0xce, 0x39, 0xce, 0x39, 0xce, 0x39, 0xce, 0x39, 0xce, 0x39, 0xce, 0x39, 0xce,
    0x39, 0xce, 0x19, 0xce, 0x39, 0xce, 0x39, 0xce, 0x39, 0xce, 0x39, 0xce, 0x39, 0xce, 0x39, 0xce,
    0x39, 0xce, 0x39, 0xce, 0x39, 0xce, 0x39, 0xce, 0x19, 0xc6, 0x19, 0xce, 0x39, 0xce, 0x39, 0xce,
    0x39, 0xce, 0x39, 0xce, 0x39, 0xce, 0x39, 0xce, 0x39, 0xce, 0x39, 0xce, 0x39, 0xce, 0x5a, 0xce,
    0x39, 0xce, 0x39, 0xce, 0x19, 0xce, 0x59, 0xce, 0xd8, 0xbd, 0x06, 0x82, 0x84, 0xa9, 0x72, 0x9c,
    0x7a, 0xd6, 0x19, 0xce, 0x39, 0xce, 0x39, 0xce, 0x59, 0xce, 0x3a, 0xce, 0x39, 0xce, 0x39, 0xce,
    0x39, 0xce, 0x39, 0xce, 0x39, 0xce, 0x39, 0xce, 0x39, 0xce, 0x5a, 0xce, 0x9d, 0xf7, 0x5a, 0xce,
    0x12, 0x84, 0x77, 0xb5, 0x7a, 0xd6, 0xbe, 0xf7, 0xfb, 0xde, 0xa5, 0x31, 0x69, 0x29, 0x72, 0x21,
    0x72, 0x21, 0x28, 0x21, 0x64, 0x29, 0x1c, 0xe7, 0xff, 0xff, 0xbb, 0xd6, 0x97, 0xb5, 0x33, 0x8c,
    0x59, 0xce, 0x9e, 0xf7, 0x7a, 0xce, 0x39, 0xce, 0x39, 0xce, 0x39, 0xce, 0x39, 0xce, 0x39, 0xce,
    0x19, 0xc6, 0xbb, 0xde, 0xeb, 0x5a, 0x25, 0x62, 0xf0, 0xfd, 0xab, 0xdc, 0x48, 0x83, 0xc6, 0x72,
    0xa6, 0x72, 0xc7, 0x7a, 0xc6, 0x7a, 0xc6, 0x82, 0x49, 0xd4, 0xea, 0xf4, 0xe3, 0x69, 0x08, 0x42,
    0x9b, 0xd6, 0x19, 0xce, 0x39, 0xce, 0x39, 0xce, 0x39, 0xce, 0x39, 0xce, 0x39, 0xce, 0x39, 0xce,
    0x39, 0xce, 0x39, 0xce, 0x39, 0xce, 0x39, 0xce, 0x39, 0xce, 0x39, 0xce, 0x39, 0xce, 0x39, 0xce,
    0x39, 0xce, 0x39, 0xce, 0x39, 0xce, 0x39, 0xce, 0x39, 0xce, 0x39, 0xce, 0x39, 0xce, 0x39, 0xce,
    0x39, 0xce, 0x39, 0xce, 0x39, 0xce, 0x39, 0xce, 0x39, 0xce, 0x39, 0xce, 0x39, 0xce, 0x39, 0xce,
    0x39, 0xce, 0x39, 0xce, 0x19, 0xce, 0xac, 0xdb, 0xb6, 0xd5, 0x5a, 0xce, 0x39, 0xce, 0x19, 0xce,
    0x19, 0xce, 0x8d, 0xcb, 0xa9, 0xd2, 0x97, 0xcd, 0x39, 0xd6, 0x19, 0xce, 0x19, 0xce, 0x5a, 0xce,
    0xcc, 0xdb, 0x54, 0xd5, 0x7a, 0xce, 0x39, 0xce, 0x39, 0xce, 0x39, 0xce, 0x39, 0xce, 0x39, 0xce,
    0x39, 0xce, 0x5a, 0xce, 0x9d, 0xf7, 0x5a, 0xce, 0x12, 0x84, 0x77, 0xb5, 0x7a, 0xd6, 0xbe, 0xf7,
    0xfb, 0xde, 0xa5, 0x31, 0x69, 0x29, 0x72, 0x21, 0x72, 0x21, 0x28, 0x21, 0x64, 0x29, 0x1c, 0xe7,
    0xff, 0xff, 0xbb, 0xd6, 0x97, 0xb5, 0x33, 0x8c, 0x59, 0xce, 0x9e, 0xf7, 0x7a, 0xd6, 0x39, 0xce,
    0x39, 0xce, 0x39, 0xce, 0x39, 0xce, 0x39, 0xce, 0x19, 0xc6, 0xbb, 0xde, 0xcb, 0x5a, 0x03, 0x82,
    0x52, 0xfe, 0x94, 0xf6, 0x2c, 0xed, 0x0a, 0xf5, 0x2b, 0xf5, 0xea, 0xf4, 0xca, 0xf4, 0xca, 0xec,
    0x28, 0xd4, 0x48, 0xdc, 0xa1, 0x79, 0x49, 0x4a, 0x9a, 0xd6, 0x19, 0xce, 0x39, 0xce, 0x39, 0xce,
    0x39, 0xce, 0x39, 0xce, 0x39, 0xce, 0x39, 0xce, 0x39, 0xce, 0x39, 0xce, 0x39, 0xce, 0x39, 0xce,
    0x39, 0xce, 0x39, 0xce, 0x39, 0xce, 0x39, 0xce, 0x39, 0xce, 0x39, 0xce, 0x39, 0xce, 0x39, 0xce,
    0x39, 0xce, 0x39, 0xce, 0x39, 0xce, 0x39, 0xce, 0x39, 0xce, 0x39, 0xce, 0x39, 0xce, 0x39, 0xce,
    0x39, 0xce, 0x39, 0xce, 0x39, 0xce, 0x39, 0xce, 0x39, 0xce, 0x39, 0xce, 0x59, 0xce, 0x91, 0xdc,
    0xc8, 0xe2, 0xb6, 0xdd, 0x39, 0xd6, 0xf8, 0xdd, 0x39, 0xe6, 0xb2, 0xf4, 0xcd, 0xf3, 0x5a, 0xee,
    0xf8, 0xdd, 0x19, 0xd6, 0x39, 0xd6, 0x8b, 0xe3, 0xac, 0xdb, 0x18, 0xce, 0x39, 0xce, 0x39, 0xce,
    0x39, 0xce, 0x39, 0xce, 0x39, 0xce, 0x39, 0xce, 0x39, 0xce, 0x5a, 0xce, 0x9e, 0xf7, 0x5a, 0xce,
    0x12, 0x84, 0x77, 0xb5, 0x7a, 0xd6, 0xbe, 0xf7, 0xfb, 0xde, 0xa5, 0x31, 0x69, 0x29, 0x72, 0x21,
    0x72, 0x21, 0x28, 0x21, 0x64, 0x29, 0x1c, 0xe7, 0xff, 0xff, 0xbb, 0xd6, 0x97, 0xb5, 0x32, 0x8c,
    0x59, 0xce, 0x9e, 0xf7, 0x7a, 0xce, 0x39, 0xce, 0x39, 0xce, 0x39, 0xce, 0x39, 0xce, 0x39, 0xce,
    0x19, 0xc6, 0xbb, 0xde, 0xcb, 0x5a, 0x61, 0x71, 0x6d, 0xfd, 0x69, 0xe4, 0x65, 0xd3, 0x65, 0xcb,
    0x45, 0xcb, 0x45, 0xc3, 0x44, 0xcb, 0x65, 0xcb, 0x83, 0xaa, 0xe4, 0xc2, 0x60, 0x71, 0x49, 0x42,
    0x9a, 0xd6, 0x19, 0xce, 0x39, 0xce, 0x39, 0xce, 0x39, 0xce, 0x39, 0xce, 0x39, 0xce, 0x39, 0xce,
    0x39, 0xce, 0x39, 0xce, 0x39, 0xce, 0x39, 0xce, 0x39, 0xce, 0x39, 0xce, 0x39, 0xce, 0x39, 0xce,
    0x39, 0xce, 0x39, 0xce, 0x39, 0xce, 0x39, 0xce, 0x39, 0xce, 0x39, 0xce, 0x39, 0xce, 0x39, 0xce,
    0x39, 0xce, 0x39, 0xce, 0x39, 0xce, 0x39, 0xce, 0x39, 0xce, 0x39, 0xce, 0x39, 0xce, 0x39, 0xce,
    0x39, 0xce, 0x39, 0xce, 0x59, 0xce, 0x39, 0xce, 0x2f, 0xe4, 0xac, 0xf3, 0x96, 0xed, 0x19, 0xee,
    0x39, 0xfe, 0xd7, 0xf5, 0x75, 0xf5, 0xd8, 0xf5, 0x39, 0xee, 0xf8, 0xe5, 0xcd, 0xeb, 0x8c, 0xeb,
    0xf8, 0xd5, 0x5a, 0xc6, 0x19, 0xce, 0x39, 0xce, 0x39, 0xce, 0x39, 0xce, 0x39, 0xce, 0x39, 0xce,
    0x39, 0xce, 0x5a, 0xce, 0x9e, 0xf7, 0x5a, 0xce, 0x33, 0x84, 0x77, 0xb5, 0x7a, 0xd6, 0xbe, 0xf7,
    0xfb, 0xde, 0xa5, 0x31, 0x69, 0x29, 0x72, 0x21, 0x72, 0x21, 0x28, 0x21, 0x64, 0x29, 0x1c, 0xe7,
    0xff, 0xff, 0xbb, 0xd6, 0x97, 0xb5, 0x32, 0x8c, 0x59, 0xce, 0x9e, 0xf7, 0x7a, 0xce, 0x39, 0xce,
    0x39, 0xce, 0x39, 0xce, 0x39, 0xce, 0x39, 0xce, 0x19, 0xc6, 0xbb, 0xde, 0xcb, 0x5a, 0xa1, 0x71,
    0x8d, 0xfd, 0xe7, 0xdb, 0xa5, 0xd3, 0x26, 0xec, 0xa4, 0x9a, 0xa3, 0x61, 0x07, 0xec, 0xa6, 0xd3,
    0xc3, 0xb2, 0x24, 0xcb, 0x81, 0x71, 0x49, 0x42, 0x9a, 0xd6, 0x19, 0xce, 0x39, 0xce, 0x39, 0xce,
    0x39, 0xce, 0x39, 0xce, 0x39, 0xce, 0x39, 0xce, 0x39, 0xce, 0x39, 0xce, 0x39, 0xce, 0x39, 0xce,
    0x39, 0xce, 0x39, 0xce, 0x39, 0xce, 0x39, 0xce, 0x39, 0xce, 0x39, 0xce, 0x39, 0xce, 0x39, 0xce,
    0x39, 0xce, 0x39, 0xce, 0x39, 0xce, 0x39, 0xce, 0x39, 0xce, 0x39, 0xce, 0x39, 0xce, 0x39, 0xce,
    0x39, 0xce, 0x39, 0xce, 0x39, 0xce, 0x39, 0xce, 0x39, 0xce, 0x39, 0xce, 0x39, 0xce, 0x39, 0xce,
    0x39, 0xd6, 0xb1, 0xec, 0x54, 0xfd, 0xf8, 0xf5, 0x8a, 0xca, 0x65, 0xb9, 0xa6, 0xb9, 0xa6, 0xc1,
    0x35, 0xed, 0xb7, 0xfd, 0x4f, 0xf4, 0xd8, 0xdd, 0x39, 0xd6, 0x19, 0xce, 0x39, 0xce, 0x39, 0xce,
    0x39, 0xce, 0x39, 0xce, 0x39, 0xce, 0x39, 0xce, 0x39, 0xce, 0x5a, 0xce, 0x9d, 0xf7, 0x7a, 0xce,
    0x33, 0x84, 0x97, 0xb5, 0x7a, 0xd6, 0xbe, 0xf7, 0xfb, 0xde, 0xa5, 0x31, 0x69, 0x29, 0x72, 0x21,
    0x72, 0x21, 0x28, 0x21, 0x65, 0x29, 0x1c, 0xe7, 0xff, 0xff, 0xbb, 0xd6, 0x97, 0xb5, 0x32, 0x84,
    0x59, 0xce, 0x9e, 0xf7, 0x7a, 0xce, 0x39, 0xce, 0x39, 0xce, 0x39, 0xce, 0x39, 0xce, 0x39, 0xce,
    0x19, 0xc6, 0xbb, 0xd6, 0xcb, 0x5a, 0x81, 0x71, 0x8d, 0xfd, 0x07, 0xdc, 0xc5, 0xdb, 0xa4, 0x92,
    0x02, 0x31, 0x81, 0x18, 0x24, 0x7a, 0x85, 0xd3, 0xc3, 0xb2, 0x24, 0xcb, 0x61, 0x71, 0x49, 0x4a,
    0x9a, 0xd6, 0x39, 0xce, 0x39, 0xce, 0x39, 0xce, 0x39, 0xce, 0x39, 0xce, 0x39, 0xce, 0x39, 0xce,
    0x39, 0xce, 0x39, 0xce, 0x39, 0xce, 0x39, 0xce, 0x39, 0xce, 0x39, 0xce, 0x39, 0xce, 0x39, 0xce,
    0x39, 0xce, 0x39, 0xce, 0x39, 0xce, 0x39, 0xce, 0x39, 0xce, 0x39, 0xce, 0x39, 0xce, 0x39, 0xce,
    0x39, 0xce, 0x39, 0xce, 0x39, 0xce, 0x39, 0xce, 0x39, 0xce, 0x39, 0xce, 0x39, 0xce, 0x39, 0xce,
    0x39, 0xce, 0x5a, 0xce, 0x5a, 0xce, 0x39, 0xd6, 0x19, 0xde, 0x19, 0xf6, 0x97, 0xf5, 0x28, 0xca,
    0xa9, 0xda, 0x0d, 0xf4, 0x2a, 0xf3, 0xe9, 0xf2, 0x44, 0xc1, 0x72, 0xe4, 0x59, 0xfe, 0x19, 0xe6,
    0x39, 0xd6, 0x5a, 0xce, 0x5a, 0xce, 0x59, 0xce, 0x39, 0xce, 0x39, 0xce, 0x39, 0xce, 0x39, 0xce,
    0x39, 0xce, 0x59, 0xce, 0x9e, 0xf7, 0x7a, 0xce, 0x32, 0x84, 0x97, 0xb5, 0x9a, 0xd6, 0xbe, 0xf7,
    0xfb, 0xde, 0xa6, 0x31, 0x69, 0x29, 0x72, 0x21, 0x72, 0x21, 0x28, 0x21, 0x64, 0x29, 0x1c, 0xe7,
    0xff, 0xff, 0xbb, 0xd6, 0x97, 0xb5, 0x12, 0x84, 0x59, 0xce, 0x9e, 0xf7, 0x7a, 0xce, 0x39, 0xce,
    0x39, 0xce, 0x39, 0xce, 0x39, 0xce, 0x39, 0xce, 0x18, 0xc6, 0xbb, 0xd6, 0xcb, 0x5a, 0x81, 0x71,
    0x8d, 0xfd, 0x07, 0xdc, 0xc6, 0xdb, 0x84, 0x92, 0xe1, 0x30, 0x61, 0x10, 0xe3, 0x71, 0x86, 0xd3,
    0xc3, 0xb2, 0x24, 0xcb, 0x81, 0x71, 0x49, 0x4a, 0x9a, 0xd6, 0x39, 0xce, 0x39, 0xce, 0x39, 0xce,
    0x39, 0xce, 0x39, 0xce, 0x39, 0xce, 0x39, 0xce, 0x39, 0xce, 0x39, 0xce, 0x39, 0xce, 0x39, 0xce,
    0x39, 0xce, 0x39, 0xce, 0x39, 0xce, 0x39, 0xce, 0x39, 0xce, 0x39, 0xce, 0x39, 0xce, 0x39, 0xce,
    0x39, 0xce, 0x39, 0xce, 0x39, 0xce, 0x39, 0xce, 0x39, 0xce, 0x39, 0xce, 0x39, 0xce, 0x39, 0xce,
    0x39, 0xce, 0x39, 0xce, 0x39, 0xce, 0x39, 0xce, 0xf7, 0xcd, 0x55, 0xd5, 0x96, 0xd5, 0x75, 0xdd,
    0xb6, 0xed, 0x5a, 0xfe, 0xaa, 0xc2, 0xa9, 0xd2, 0xde, 0xff, 0x1a, 0xf7, 0x2a, 0xf3, 0x27, 0xfa,
    0xe5, 0xe9, 0xc7, 0xb9, 0xf8, 0xf5, 0xf7, 0xf5, 0x75, 0xe5, 0x55, 0xd5, 0x96, 0xd5, 0xb7, 0xcd,
    0x59, 0xce, 0x39, 0xce, 0x39, 0xce, 0x39, 0xce, 0x39, 0xce, 0x59, 0xce, 0x9e, 0xf7, 0x5a, 0xce,
    0x32, 0x84, 0x97, 0xb5, 0x9a, 0xd6, 0xbe, 0xf7, 0xfb, 0xde, 0xa5, 0x31, 0x69, 0x29, 0x72, 0x21,
    0x72, 0x21, 0x28, 0x21, 0x65, 0x29, 0x1c, 0xe7, 0xff, 0xff, 0xbb, 0xd6, 0x97, 0xb5, 0x32, 0x8c,
    0x59, 0xce, 0x9e, 0xf7, 0x7a, 0xce, 0x39, 0xce, 0x39, 0xce, 0x39, 0xce, 0x39, 0xce, 0x39, 0xce,
    0x19, 0xc6, 0xbb, 0xde, 0xcb, 0x5a, 0xa1, 0x71, 0x8d, 0xfd, 0xe7, 0xd3, 0x85, 0xd3, 0x06, 0xec,
    0xe5, 0xa2, 0xa2, 0x69, 0xe6, 0xeb, 0x86, 0xcb, 0xc3, 0xb2, 0x24, 0xc3, 0x81, 0x79, 0x49, 0x4a,
    0x9a, 0xd6, 0x39, 0xce, 0x39, 0xce, 0x39, 0xce, 0x39, 0xce, 0x39, 0xce, 0x39, 0xce, 0x39, 0xce,
    0x39, 0xce, 0x39, 0xce, 0x39, 0xce, 0x39, 0xce, 0x39, 0xce, 0x39, 0xce, 0x39, 0xce, 0x39, 0xce,
    0x39, 0xce, 0x39, 0xce, 0x39, 0xce, 0x39, 0xce, 0x39, 0xce, 0x39, 0xce, 0x39, 0xce, 0x19, 0xce,
    0x19, 0xce, 0x39, 0xce, 0x39, 0xce, 0x39, 0xce, 0x39, 0xce, 0x39, 0xce, 0x39, 0xce, 0x7a, 0xce,
    0x14, 0xd5, 0x8d, 0xdb, 0x0f, 0xdc, 0x6b, 0xeb, 0x13, 0xfd, 0xf8, 0xed, 0x04, 0xa9, 0x90, 0xf4,
    0xff, 0xff, 0x58, 0xf6, 0x4a, 0xf3, 0xe6, 0xf1, 0xc6, 0xf9, 0xe2, 0xb0, 0xb3, 0xdc, 0xd6, 0xfd,
    0xed, 0xf3, 0x6c, 0xdb, 0xee, 0xdb, 0x4f, 0xd4, 0x7b, 0xce, 0x19, 0xce, 0x39, 0xce, 0x39, 0xce,
    0x39, 0xce, 0x59, 0xce, 0x9e, 0xf7, 0x5a, 0xce, 0x12, 0x84, 0x97, 0xb5, 0x7a, 0xd6, 0xbe, 0xf7,
    0xfb, 0xde, 0xa5, 0x31, 0x69, 0x29, 0x72, 0x21, 0x72, 0x21, 0x48, 0x21, 0x85, 0x31, 0x1c, 0xe7,
    0xff, 0xff, 0xbb, 0xd6, 0xb7, 0xb5, 0x32, 0x8c, 0x59, 0xce, 0x9e, 0xf7, 0x7a, 0xce, 0x59, 0xce,
    0x39, 0xce, 0x39, 0xce, 0x39, 0xce, 0x39, 0xce, 0x19, 0xce, 0xbb, 0xde, 0xcc, 0x5a, 0x81, 0x71,
    0x8c, 0xfd, 0x27, 0xe4, 0xc6, 0xe3, 0xc6, 0xe3, 0xc6, 0xe3, 0xc6, 0xdb, 0xc6, 0xdb, 0xc6, 0xdb,
    0xe3, 0xba, 0x44, 0xd3, 0x61, 0x71, 0x49, 0x4a, 0x9a, 0xd6, 0x19, 0xce, 0x39, 0xce, 0x39, 0xce,
    0x39, 0xce, 0x39, 0xce, 0x39, 0xce, 0x39, 0xce, 0x39, 0xce, 0x39, 0xce, 0x39, 0xce, 0x39, 0xce,
    0x39, 0xce, 0x39, 0xce, 0x39, 0xce, 0x39, 0xce, 0x39, 0xce, 0x19, 0xce, 0x39, 0xce, 0x39, 0xce,
    0x19, 0xce, 0x39, 0xce, 0x39, 0xce, 0x39, 0xce, 0x39, 0xce, 0x39, 0xce, 0x39, 0xce, 0x39, 0xce,
    0x39, 0xce, 0x39, 0xce, 0x39, 0xce, 0x39, 0xce, 0x39, 0xce, 0x39, 0xce, 0x19, 0xce, 0xf8, 0xdd,
    0x19, 0xf6, 0xb7, 0xed, 0x03, 0xa1, 0xa8, 0xfa, 0xf6, 0xf5, 0x8c, 0xf3, 0x88, 0xfa, 0xe5, 0xf1,
    0x44, 0xe1, 0xa2, 0xa8, 0x93, 0xd4, 0x7a, 0xfe, 0xf8, 0xdd, 0x39, 0xd6, 0x39, 0xce, 0x39, 0xce,
    0x39, 0xce, 0x39, 0xce, 0x39, 0xce, 0x39, 0xce, 0x39, 0xce, 0x59, 0xce, 0x9e, 0xf7, 0x5a, 0xce,
    0x33, 0x84, 0x97, 0xb5, 0x7a, 0xd6, 0xbe, 0xf7, 0xfb, 0xde, 0xa5, 0x31, 0x69, 0x29, 0x72, 0x21,
    0x72, 0x21, 0x48, 0x21, 0x85, 0x31, 0x1c, 0xe7, 0xff, 0xff, 0xbb, 0xde, 0x97, 0xb5, 0x12, 0x84,
    0x39, 0xce, 0x9e, 0xf7, 0x7a, 0xce, 0x59, 0xce, 0x39, 0xce, 0x39, 0xce, 0x39, 0xce, 0x39, 0xce,
    0x19, 0xc6, 0xbb, 0xd6, 0xec, 0x5a, 0x40, 0x20, 0xaa, 0x93, 0xc7, 0x8a, 0x86, 0x82, 0x85, 0x82,
    0x85, 0x82, 0x85, 0x82, 0x65, 0x7a, 0x65, 0x7a, 0xe4, 0x69, 0x24, 0x72, 0x80, 0x28, 0x49, 0x4a,
    0x9a, 0xd6, 0x19, 0xce, 0x39, 0xce, 0x39, 0xce, 0x39, 0xce, 0x39, 0xce, 0x39, 0xce, 0x39, 0xce,
    0x39, 0xce, 0x39, 0xce, 0x39, 0xce, 0x39, 0xce, 0x39, 0xce, 0x39, 0xce, 0x39, 0xce, 0x39, 0xce,
    0x39, 0xce, 0x39, 0xce, 0x39, 0xce, 0x39, 0xce, 0x39, 0xce, 0x39, 0xce, 0x39, 0xce, 0x39, 0xce,
    0x39, 0xce, 0x39, 0xce, 0x39, 0xce, 0x39, 0xce, 0x39, 0xce, 0x39, 0xce, 0x39, 0xce, 0x39, 0xce,
    0x39, 0xce, 0x39, 0xce, 0x19, 0xce, 0x19, 0xd6, 0x39, 0xe6, 0xb7, 0xed, 0xe3, 0x98, 0xc4, 0xf1,
    0x2a, 0xf3, 0x26, 0xf2, 0xc6, 0xe9, 0xe2, 0xc0, 0x03, 0xd1, 0xa1, 0xa8, 0x92, 0xcc, 0x7a, 0xf6,
    0x18, 0xd6, 0x19, 0xce, 0x39, 0xce, 0x39, 0xce, 0x39, 0xce, 0x39, 0xce, 0x39, 0xce, 0x39, 0xce,
    0x39, 0xce, 0x5a, 0xce, 0x9e, 0xf7, 0x5a, 0xce, 0x33, 0x8c, 0x97, 0xb5, 0x9a, 0xd6, 0xbe, 0xf7,
    0xfb, 0xde, 0xa5, 0x31, 0x69, 0x29, 0x72, 0x21, 0x72, 0x21, 0x48, 0x21, 0x65, 0x31, 0x1c, 0xe7,
    0xff, 0xff, 0xbb, 0xde, 0xb7, 0xb5, 0x32, 0x84, 0x59, 0xce, 0x9e, 0xf7, 0x7a, 0xce, 0x39, 0xce,
    0x39, 0xce, 0x39, 0xce, 0x39, 0xce, 0x39, 0xce, 0x19, 0xce, 0xbb, 0xde, 0xec, 0x5a, 0x20, 0x00,
    0x8b, 0x4a, 0xa7, 0x29, 0x66, 0x21, 0x87, 0x29, 0x86, 0x29, 0x66, 0x29, 0x66, 0x21, 0x66, 0x21,
    0xe4, 0x18, 0x26, 0x21, 0x41, 0x00, 0x49, 0x4a, 0x9a, 0xd6, 0x19, 0xce, 0x39, 0xce, 0x39, 0xce,
    0x39, 0xce, 0x39, 0xce, 0x39, 0xce, 0x39, 0xce, 0x39, 0xce, 0x39, 0xce, 0x39, 0xce, 0x39, 0xce,
    0x39, 0xce, 0x39, 0xce, 0x39, 0xce, 0x39, 0xce, 0x39, 0xce, 0x39, 0xce, 0x39, 0xce, 0x39, 0xce,
    0x39, 0xce, 0x39, 0xce, 0x39, 0xce, 0x39, 0xce, 0x39, 0xce, 0x39, 0xce, 0x39, 0xce, 0x39, 0xce,
    0x39, 0xce, 0x39, 0xce, 0x39, 0xce, 0x39, 0xce, 0x39, 0xce, 0x39, 0xce, 0x39, 0xce, 0x18, 0xd6,
    0xb0, 0xec, 0x35, 0xe5, 0xe3, 0x78, 0x64, 0xe1, 0xa9, 0xe2, 0x04, 0xc1, 0xe2, 0xb8, 0xc2, 0xb0,
    0x03, 0xd1, 0x61, 0x90, 0x72, 0xbc, 0x12, 0xf5, 0xb6, 0xdd, 0x3a, 0xce, 0x39, 0xce, 0x39, 0xce,
    0x39, 0xce, 0x39, 0xce, 0x39, 0xce, 0x39, 0xce, 0x39, 0xce, 0x5a, 0xce, 0x9e, 0xf7, 0x5a, 0xce,
    0x33, 0x8c, 0x97, 0xb5, 0x9a, 0xd6, 0xbe, 0xf7, 0xfb, 0xde, 0x85, 0x31, 0x69, 0x29, 0x72, 0x21,
    0x72, 0x21, 0x48, 0x21, 0x65, 0x29, 0x1c, 0xe7, 0xff, 0xff, 0xbb, 0xde, 0x97, 0xb5, 0x12, 0x84,
    0x39, 0xce, 0x9e, 0xf7, 0x7a, 0xce, 0x39, 0xce, 0x39, 0xce, 0x39, 0xce, 0x39, 0xce, 0x39, 0xce,
    0x19, 0xce, 0xbb, 0xd6, 0xeb, 0x5a, 0x61, 0x08, 0x0d, 0x5b, 0x08, 0x3a, 0xc7, 0x31, 0xe8, 0x39,
    0xe8, 0x39, 0xe8, 0x39, 0xe8, 0x39, 0xc7, 0x31, 0x45, 0x21, 0x87, 0x29, 0x61, 0x08, 0x49, 0x4a,
    0x9a, 0xd6, 0x19, 0xce, 0x39, 0xce, 0x39, 0xce, 0x39, 0xce, 0x39, 0xce, 0x39, 0xce, 0x39, 0xce,
    0x39, 0xce, 0x39, 0xce, 0x39, 0xce, 0x39, 0xce, 0x39, 0xce, 0x39, 0xce, 0x39, 0xce, 0x39, 0xce,
    0x39, 0xce, 0x39, 0xce, 0x39, 0xce, 0x39, 0xce, 0x39, 0xce, 0x39, 0xce, 0x39, 0xce, 0x39, 0xce,
    0x39, 0xce, 0x39, 0xce, 0x39, 0xce, 0x39, 0xce, 0x39, 0xce, 0x39, 0xce, 0x39, 0xce, 0x39, 0xce,
    0x39, 0xce, 0x39, 0xce, 0x39, 0xd6, 0xcc, 0xe3, 0x2f, 0xec, 0xb6, 0xcd, 0xc3, 0x68, 0x44, 0xe1,
    0xc9, 0xe2, 0x03, 0xb1, 0xc2, 0xb0, 0xe3, 0xc0, 0xe2, 0xc8, 0x60, 0x80, 0x93, 0xac, 0x54, 0xed,
    0x29, 0xdb, 0xd7, 0xd5, 0x5a, 0xce, 0x39, 0xce, 0x39, 0xce, 0x39, 0xce, 0x39, 0xce, 0x39, 0xce,
    0x39, 0xce, 0x5a, 0xce, 0x9e, 0xf7, 0x5a, 0xce, 0x32, 0x8c, 0x97, 0xb5, 0x9a, 0xd6, 0xbf, 0xf7,
    0xfb, 0xde, 0xa5, 0x31, 0x69, 0x29, 0x72, 0x21, 0x72, 0x21, 0x48, 0x21, 0x85, 0x31, 0x1c, 0xe7,
    0xff, 0xff, 0xbb, 0xde, 0x97, 0xb5, 0x12, 0x84, 0x39, 0xce, 0x9e, 0xf7, 0x7a, 0xce, 0x39, 0xce,
    0x39, 0xce, 0x39, 0xce, 0x39, 0xce, 0x39, 0xce, 0x19, 0xc6, 0xbb, 0xd6, 0xec, 0x62, 0x41, 0x08,
    0x0d, 0x53, 0xe8, 0x39, 0xa7, 0x31, 0xc7, 0x31, 0xc7, 0x31, 0xc7, 0x31, 0xc7, 0x31, 0xc7, 0x31,
    0x25, 0x21, 0x66, 0x29, 0x62, 0x08, 0x49, 0x4a, 0x9b, 0xd6, 0x39, 0xce, 0x39, 0xce, 0x39, 0xce,
    0x39, 0xce, 0x39, 0xce, 0x39, 0xce, 0x39, 0xce, 0x39, 0xce, 0x39, 0xce, 0x39, 0xce, 0x39, 0xce,
    0x39, 0xce, 0x39, 0xce, 0x39, 0xce, 0x39, 0xce, 0x39, 0xce, 0x39, 0xce, 0x39, 0xce, 0x39, 0xce,
    0x39, 0xce, 0x39, 0xce, 0x39, 0xce, 0x39, 0xce, 0x39, 0xce, 0x39, 0xce, 0x39, 0xce, 0x39, 0xce,
    0x39, 0xce, 0x39, 0xce, 0x39, 0xce, 0x39, 0xce, 0x39, 0xce, 0x7a, 0xce, 0xcd, 0xdb, 0xcc, 0xdb,
    0x39, 0xde, 0xb7, 0xbd, 0xa2, 0x60, 0x63, 0xe1, 0x89, 0xe2, 0x43, 0xc9, 0x64, 0xe1, 0xc2, 0xa8,
    0x02, 0xc9, 0x60, 0x78, 0x51, 0x94, 0xbb, 0xde, 0x91, 0xd4, 0x07, 0xdb, 0xf8, 0xcd, 0x59, 0xce,
    0x39, 0xce, 0x39, 0xce, 0x39, 0xce, 0x39, 0xce, 0x39, 0xce, 0x5a, 0xce, 0x9d, 0xf7, 0x5a, 0xce,
    0x32, 0x8c, 0x97, 0xb5, 0x9a, 0xd6, 0xbf, 0xf7, 0xfb, 0xde, 0xa5, 0x31, 0x69, 0x29, 0x72, 0x21,
    0x72, 0x21, 0x48, 0x21, 0x85, 0x31, 0x1c, 0xe7, 0xff, 0xff, 0xbb, 0xde, 0x97, 0xb5, 0x12, 0x84,
    0x39, 0xce, 0x9e, 0xf7, 0x7a, 0xce, 0x39, 0xce, 0x39, 0xce, 0x39, 0xce, 0x39, 0xce, 0x39, 0xce,
    0x19, 0xc6, 0xbb, 0xde, 0xec, 0x62, 0x41, 0x08, 0x0d, 0x5b, 0xe8, 0x39, 0xa7, 0x31, 0xa7, 0x31,
    0xa7, 0x31, 0xc7, 0x31, 0xc7, 0x31, 0xc7, 0x31, 0x25, 0x21, 0x86, 0x29, 0x62, 0x08, 0x69, 0x4a,
    0x9b, 0xde, 0x39, 0xce, 0x39, 0xce, 0x39, 0xce, 0x39, 0xce, 0x39, 0xce, 0x39, 0xce, 0x39, 0xce,
    0x39, 0xce, 0x39, 0xce, 0x39, 0xce, 0x39, 0xce, 0x39, 0xce, 0x39, 0xce, 0x39, 0xce, 0x39, 0xce,
    0x39, 0xce, 0x39, 0xce, 0x39, 0xce, 0x39, 0xce, 0x39, 0xce, 0x39, 0xce, 0x39, 0xce, 0x39, 0xce,
    0x39, 0xce, 0x39, 0xce, 0x39, 0xce, 0x39, 0xce, 0x39, 0xce, 0x39, 0xce, 0x39, 0xce, 0x39, 0xce,
    0x39, 0xce, 0x59, 0xce, 0x96, 0xcd, 0xf7, 0xd5, 0x39, 0xce, 0xec, 0x62, 0x20, 0x40, 0xa1, 0xb8,
    0x64, 0xb9, 0xa1, 0xb8, 0xc2, 0xc8, 0x40, 0x98, 0x81, 0xa8, 0x00, 0x60, 0x86, 0x31, 0xb7, 0xbd,
    0x59, 0xce, 0x75, 0xd5, 0x39, 0xce, 0x39, 0xce, 0x39, 0xce, 0x39, 0xce, 0x39, 0xce, 0x39, 0xce,
    0x39, 0xce, 0x5a, 0xce, 0x9d, 0xf7, 0x5a, 0xce, 0x32, 0x84, 0x97, 0xb5, 0x9a, 0xd6, 0xbf, 0xf7,
    0xfb, 0xde, 0xa5, 0x31, 0x6a, 0x29, 0x72, 0x21, 0x72, 0x21, 0x48, 0x21, 0x85, 0x31, 0x1c, 0xe7,
    0xff, 0xff, 0xbb, 0xd6, 0x97, 0xb5, 0x32, 0x84, 0x59, 0xce, 0x9e, 0xf7, 0x7a, 0xce, 0x39, 0xce,
    0x39, 0xce, 0x39, 0xce, 0x39, 0xce, 0x39, 0xce, 0x19, 0xc6, 0xbb, 0xde, 0x0c, 0x63, 0x41, 0x08,
    0x0d, 0x5b, 0xe8, 0x39, 0xa7, 0x31, 0xa7, 0x31, 0xa7, 0x31, 0xc7, 0x31, 0xc7, 0x31, 0xc7, 0x31,
    0x25, 0x21, 0x66, 0x29, 0x82, 0x08, 0x69, 0x4a, 0x9b, 0xde, 0x39, 0xce, 0x39, 0xce, 0x39, 0xce,
    0x39, 0xce, 0x39, 0xce, 0x39, 0xce, 0x39, 0xce, 0x39, 0xce, 0x39, 0xce, 0x39, 0xce, 0x39, 0xce,
    0x39, 0xce, 0x39, 0xce, 0x39, 0xce, 0x39, 0xce, 0x39, 0xce, 0x39, 0xce, 0x39, 0xce, 0x39, 0xce,
    0x39, 0xce, 0x39, 0xce, 0x39, 0xce, 0x39, 0xce, 0x39, 0xce, 0x39, 0xce, 0x39, 0xce, 0x39, 0xce,
    0x39, 0xce, 0x39, 0xce, 0x39, 0xce, 0x39, 0xce, 0x39, 0xce, 0x39, 0xce, 0x59, 0xce, 0x9b, 0xd6,
    0xd3, 0x9c, 0xe3, 0x28, 0x6a, 0x7a, 0xab, 0x92, 0xaa, 0x9a, 0x08, 0x8a, 0x08, 0x92, 0xc7, 0x79,
    0x65, 0x61, 0xa7, 0x61, 0xc3, 0x20, 0x2d, 0x63, 0xbb, 0xde, 0x59, 0xc6, 0x39, 0xce, 0x39, 0xce,
    0x39, 0xce, 0x39, 0xce, 0x39, 0xce, 0x39, 0xce, 0x39, 0xce, 0x5a, 0xce, 0x9e, 0xf7, 0x5a, 0xce,
    0x32, 0x84, 0x97, 0xb5, 0x9a, 0xd6, 0xbf, 0xf7, 0xfb, 0xde, 0xa6, 0x31, 0x69, 0x29, 0x72, 0x21,
    0x72, 0x21, 0x48, 0x21, 0x65, 0x31, 0x1c, 0xe7, 0xff, 0xff, 0xbb, 0xd6, 0x97, 0xb5, 0x32, 0x84,
    0x59, 0xce, 0x9e, 0xf7, 0x59, 0xce, 0x39, 0xce, 0x39, 0xce, 0x39, 0xce, 0x39, 0xce, 0x39, 0xce,
    0x18, 0xc6, 0xbb, 0xde, 0x0c, 0x63, 0x61, 0x08, 0x0d, 0x5b, 0xe8, 0x31, 0xa7, 0x31, 0x87, 0x29,
    0x66, 0x29, 0x86, 0x29, 0x87, 0x29, 0xa7, 0x31, 0x25, 0x21, 0x86, 0x29, 0x62, 0x08, 0x49, 0x4a,
    0x9b, 0xd6, 0x39, 0xce, 0x39, 0xce, 0x39, 0xce, 0x39, 0xce, 0x39, 0xce, 0x39, 0xce, 0x39, 0xce,
    0x39, 0xce, 0x39, 0xce, 0x39, 0xce, 0x39, 0xce, 0x39, 0xce, 0x39, 0xce, 0x19, 0xce, 0x19, 0xce,
    0x39, 0xce, 0x39, 0xce, 0x39, 0xce, 0x39, 0xce, 0x39, 0xce, 0x39, 0xce, 0x39, 0xce, 0x39, 0xce,
    0x39, 0xce, 0x39, 0xce, 0x39, 0xce, 0x39, 0xce, 0x39, 0xce, 0x39, 0xce, 0x39, 0xce, 0x39, 0xce,
    0x39, 0xce, 0x39, 0xce, 0x19, 0xce, 0x9a, 0xd6, 0xf3, 0x9c, 0x41, 0x08, 0x8b, 0x52, 0xf8, 0xbd,
    0x97, 0xb5, 0x52, 0x94, 0xb0, 0x7b, 0x4e, 0x6b, 0xab, 0x52, 0xe8, 0x39, 0x62, 0x08, 0x0c, 0x63,
    0xbb, 0xde, 0x19, 0xce, 0x39, 0xce, 0x39, 0xce, 0x39, 0xce, 0x39, 0xce, 0x39, 0xce, 0x39, 0xce,
    0x39, 0xce, 0x5a, 0xce, 0x9e, 0xf7, 0x5a, 0xce, 0x32, 0x84, 0x97, 0xb5, 0x9b, 0xd6, 0xbf, 0xf7,
    0xfb, 0xde, 0xa6, 0x31, 0x69, 0x29, 0x72, 0x21, 0x72, 0x21, 0x48, 0x21, 0x65, 0x29, 0x1c, 0xe7,
    0xff, 0xff, 0xbb, 0xde, 0x97, 0xb5, 0x32, 0x84, 0x59, 0xce, 0x9e, 0xf7, 0x7a, 0xce, 0x39, 0xce,
    0x59, 0xce, 0x39, 0xce, 0x39, 0xce, 0x39, 0xce, 0x18, 0xc6, 0xbb, 0xde, 0x0c, 0x63, 0x41, 0x08,
    0x0d, 0x5b, 0xe8, 0x39, 0x87, 0x29, 0x49, 0x42, 0xcb, 0x52, 0xab, 0x52, 0x8b, 0x4a, 0xa7, 0x31,
    0x25, 0x21, 0x86, 0x29, 0x62, 0x08, 0x49, 0x4a, 0x9b, 0xd6, 0x39, 0xce, 0x39, 0xce, 0x39, 0xce,
    0x39, 0xce, 0x39, 0xce, 0x39, 0xce, 0x39, 0xce, 0x39, 0xce, 0x39, 0xce, 0x39, 0xce, 0x39, 0xce,
    0x39, 0xce, 0x39, 0xce, 0x39, 0xce, 0x39, 0xce, 0x19, 0xce, 0x39, 0xce, 0x39, 0xce, 0x39, 0xce,
    0x39, 0xce, 0x39, 0xce, 0x39, 0xce, 0x39, 0xce, 0x39, 0xce, 0x39, 0xce, 0x39, 0xce, 0x39, 0xce,
    0x39, 0xce, 0x39, 0xce, 0x39, 0xce, 0x39, 0xce, 0x39, 0xce, 0x39, 0xce, 0x19, 0xce, 0x39, 0xce,
    0x18, 0xc6, 0xab, 0x52, 0xa2, 0x10, 0x45, 0x29, 0x04, 0x21, 0xc3, 0x18, 0xa3, 0x18, 0x82, 0x10,
    0x62, 0x08, 0x82, 0x10, 0x86, 0x31, 0x56, 0xad, 0x5a, 0xce, 0x39, 0xce, 0x39, 0xce, 0x39, 0xce,
    0x39, 0xce, 0x39, 0xce, 0x39, 0xce, 0x39, 0xce, 0x39, 0xce, 0x5a, 0xce, 0x9e, 0xf7, 0x7a, 0xce,
    0x33, 0x84, 0x97, 0xb5, 0x9a, 0xd6, 0xbe, 0xf7, 0xfb, 0xde, 0xa6, 0x31, 0x69, 0x29, 0x72, 0x21,
    0x72, 0x21, 0x48, 0x21, 0x65, 0x29, 0xfc, 0xde, 0xff, 0xff, 0xbb, 0xde, 0x97, 0xb5, 0x12, 0x84,
    0x59, 0xce, 0x9e, 0xf7, 0x7a, 0xce, 0x39, 0xce, 0x59, 0xce, 0x39, 0xce, 0x39, 0xce, 0x39, 0xce,
    0x18, 0xc6, 0xbb, 0xde, 0x0c, 0x63, 0x41, 0x08, 0xec, 0x5a, 0xe8, 0x39, 0x46, 0x29, 0x92, 0x94,
    0xbb, 0xde, 0xba, 0xd6, 0x55, 0xad, 0xa7, 0x31, 0x25, 0x21, 0x87, 0x29, 0x62, 0x08, 0x49, 0x4a,
    0x9b, 0xd6, 0x39, 0xce, 0x39, 0xce, 0x39, 0xce, 0x39, 0xce, 0x39, 0xce, 0x39, 0xce, 0x39, 0xce,
    0x39, 0xce, 0x39, 0xce, 0x39, 0xce, 0x39, 0xce, 0x39, 0xce, 0x39, 0xce, 0x39, 0xce, 0x39, 0xce,
    0x39, 0xce, 0x39, 0xce, 0x39, 0xce, 0x39, 0xce, 0x39, 0xce, 0x39, 0xce, 0x39, 0xce, 0x39, 0xce,
    0x39, 0xce, 0x39, 0xce, 0x39, 0xce, 0x39, 0xce, 0x39, 0xce, 0x39, 0xce, 0x39, 0xce, 0x39, 0xce,
    0x39, 0xce, 0x39, 0xce, 0x39, 0xce, 0x39, 0xce, 0x5a, 0xce, 0x18, 0xc6, 0x76, 0xb5, 0x49, 0x4a,
    0x21, 0x00, 0x8a, 0x52, 0x35, 0xad, 0xc3, 0x18, 0x25, 0x21, 0xf4, 0xa4, 0xd7, 0xbd, 0x7a, 0xd6,
    0x39, 0xce, 0x39, 0xce, 0x39, 0xce, 0x39, 0xce, 0x39, 0xce, 0x39, 0xce, 0x39, 0xce, 0x39, 0xce,
    0x39, 0xce, 0x5a, 0xce, 0x9e, 0xf7, 0x5a, 0xce, 0x33, 0x8c, 0x97, 0xb5, 0x9a, 0xd6, 0xbe, 0xf7,
    0xfb, 0xde, 0xa6, 0x31, 0x69, 0x29, 0x72, 0x21, 0x72, 0x21, 0x48, 0x21, 0x65, 0x29, 0x1c, 0xe7,
    0xff, 0xff, 0xbb, 0xde, 0x97, 0xb5, 0x12, 0x84, 0x39, 0xce, 0x9e, 0xf7, 0x7a, 0xce, 0x39, 0xce,
    0x59, 0xce, 0x39, 0xce, 0x39, 0xce, 0x39, 0xce, 0x19, 0xc6, 0xbb, 0xde, 0x0c, 0x63, 0x62, 0x08,
    0xec, 0x52, 0xe8, 0x31, 0xa7, 0x31, 0xc7, 0x31, 0xc7, 0x31, 0xc8, 0x31, 0xc7, 0x31, 0xa7, 0x31,
    0x25, 0x21, 0x86, 0x29, 0x62, 0x08, 0x69, 0x4a, 0xbb, 0xd6, 0x39, 0xce, 0x39, 0xce, 0x39, 0xce,
    0x39, 0xce, 0x39, 0xce, 0x39, 0xce, 0x39, 0xce, 0x39, 0xce, 0x39, 0xce, 0x39, 0xce, 0x39, 0xce,
    0x39, 0xce, 0x39, 0xce, 0x39, 0xce, 0x39, 0xce, 0x39, 0xce, 0x39, 0xce, 0x39, 0xce, 0x39, 0xce,
    0x39, 0xce, 0x39, 0xce, 0x39, 0xce, 0x39, 0xce, 0x39, 0xce, 0x39, 0xce, 0x39, 0xce, 0x39, 0xce,
    0x39, 0xce, 0x39, 0xce, 0x39, 0xce, 0x39, 0xce, 0x39, 0xce, 0x39, 0xce, 0x39, 0xce, 0x39, 0xce,
    0x39, 0xce, 0x39, 0xce, 0xbb, 0xde, 0xcb, 0x52, 0x0d, 0x63, 0x6e, 0x6b, 0x55, 0xad, 0x49, 0x42,
    0x2d, 0x63, 0x35, 0xad, 0x9b, 0xd6, 0x39, 0xce, 0x39, 0xce, 0x39, 0xce, 0x39, 0xce, 0x39, 0xce,
    0x39, 0xce, 0x39, 0xce, 0x39, 0xce, 0x39, 0xce, 0x39, 0xce, 0x5a, 0xce, 0x9d, 0xf7, 0x5a, 0xce,
    0x32, 0x8c, 0x97, 0xb5, 0x9a, 0xd6, 0xbe, 0xf7, 0xfb, 0xde, 0xa6, 0x31, 0x69, 0x29, 0x72, 0x21,
    0x72, 0x21, 0x48, 0x21, 0x65, 0x29, 0x1c, 0xe7, 0xff, 0xff, 0xbb, 0xd6, 0x97, 0xb5, 0x32, 0x84,
    0x39, 0xce, 0x9e, 0xf7, 0x7a, 0xce, 0x39, 0xce, 0x39, 0xce, 0x39, 0xce, 0x39, 0xce, 0x39, 0xce,
    0x19, 0xc6, 0xbb, 0xde, 0x0c, 0x63, 0x41, 0x00, 0xec, 0x5a, 0xe9, 0x39, 0xa7, 0x31, 0xc8, 0x31,
    0xc7, 0x31, 0xa7, 0x31, 0xc7, 0x31, 0xc7, 0x31, 0x25, 0x21, 0x86, 0x29, 0x61, 0x08, 0x69, 0x4a,
    0x9a, 0xd6, 0x39, 0xce, 0x39, 0xce, 0x39, 0xce, 0x39, 0xce, 0x39, 0xce, 0x39, 0xce, 0x39, 0xce,
    0x39, 0xce, 0x39, 0xce, 0x39, 0xce, 0x39, 0xce, 0x39, 0xce, 0x39, 0xce, 0x39, 0xce, 0x39, 0xce,
    0x39, 0xce, 0x39, 0xce, 0x39, 0xce, 0x39, 0xce, 0x39, 0xce, 0x39, 0xce, 0x39, 0xce, 0x39, 0xce,
    0x39, 0xce, 0x39, 0xce, 0x39, 0xce, 0x39, 0xce, 0x39, 0xce, 0x39, 0xce, 0x39, 0xce, 0x39, 0xce,
    0x39, 0xce, 0x39, 0xce, 0x39, 0xce, 0x39, 0xce, 0x39, 0xce, 0x39, 0xce, 0x39, 0xce, 0x08, 0x42,
    0xec, 0x5a, 0xcb, 0x5a, 0xb3, 0x9c, 0x28, 0x42, 0x6a, 0x4a, 0xf0, 0x7b, 0x9b, 0xde, 0x39, 0xc6,
    0x39, 0xce, 0x39, 0xce, 0x39, 0xce, 0x39, 0xce, 0x39, 0xce, 0x39, 0xce, 0x39, 0xce, 0x39, 0xce,
    0x39, 0xce, 0x5a, 0xce, 0x9d, 0xf7, 0x5a, 0xce, 0x32, 0x84, 0x97, 0xb5, 0x7a, 0xd6, 0xbf, 0xf7,
    0xfb, 0xde, 0xa5, 0x31, 0x49, 0x21, 0x72, 0x21, 0x72, 0x21, 0x48, 0x21, 0x65, 0x29, 0xfc, 0xde,
    0xff, 0xff, 0xbb, 0xd6, 0xb8, 0xb5, 0x32, 0x8c, 0x39, 0xce, 0x9e, 0xf7, 0x7a, 0xce, 0x39, 0xce,
    0x39, 0xce, 0x39, 0xce, 0x39, 0xce, 0x39, 0xce, 0x39, 0xc6, 0xbb, 0xde, 0xec, 0x5a, 0x00, 0x00,
    0xa7, 0x31, 0x66, 0x21, 0x25, 0x21, 0x25, 0x21, 0x25, 0x21, 0x45, 0x21, 0x45, 0x21, 0x24, 0x21,
    0xe3, 0x18, 0x04, 0x19, 0x00, 0x00, 0x49, 0x4a, 0x9b, 0xd6, 0x39, 0xc6, 0x39, 0xce, 0x39, 0xce,
    0x39, 0xce, 0x39, 0xce, 0x39, 0xce, 0x39, 0xce, 0x39, 0xce, 0x39, 0xce, 0x39, 0xce, 0x39, 0xce,
    0x39, 0xce, 0x39, 0xce, 0x39, 0xce, 0x39, 0xce, 0x39, 0xce, 0x39, 0xce, 0x39, 0xce, 0x39, 0xce,
    0x39, 0xce, 0x39, 0xce, 0x39, 0xce, 0x39, 0xce, 0x39, 0xce, 0x39, 0xce, 0x39, 0xce, 0x39, 0xce,
    0x39, 0xce, 0x39, 0xce, 0x39, 0xce, 0x39, 0xce, 0x39, 0xce, 0x39, 0xce, 0x39, 0xce, 0x39, 0xce,
    0x39, 0xce, 0x19, 0xce, 0x9b, 0xde, 0xeb, 0x5a, 0x00, 0x00, 0xcb, 0x5a, 0x39, 0xce, 0xa3, 0x10,
    0x00, 0x00, 0xd3, 0x9c, 0x9a, 0xd6, 0x19, 0xc6, 0x39, 0xce, 0x39, 0xce, 0x39, 0xce, 0x39, 0xce,
    0x39, 0xce, 0x39, 0xce, 0x39, 0xce, 0x39, 0xce, 0x39, 0xce, 0x5a, 0xce, 0x9d, 0xf7, 0x5a, 0xce,
    0x32, 0x8c, 0x97, 0xb5, 0x7a, 0xd6, 0xbf, 0xf7, 0xfb, 0xde, 0x85, 0x31, 0x49, 0x21, 0x72, 0x21,
    0x72, 0x21, 0x48, 0x21, 0x65, 0x29, 0xfb, 0xde, 0xff, 0xff, 0xbb, 0xd6, 0x97, 0xb5, 0x32, 0x8c,
    0x59, 0xce, 0x9e, 0xf7, 0x7a, 0xce, 0x39, 0xce, 0x39, 0xce, 0x39, 0xce, 0x39, 0xce, 0x39, 0xce,
    0x39, 0xce, 0x59, 0xce, 0xd7, 0xbd, 0x29, 0x42, 0x41, 0x08, 0x41, 0x08, 0x41, 0x08, 0x41, 0x08,
    0x41, 0x00, 0x41, 0x00, 0x21, 0x00, 0x41, 0x08, 0x41, 0x08, 0x20, 0x00, 0xa7, 0x31, 0x76, 0xb5,
    0x59, 0xce, 0x39, 0xce, 0x39, 0xce, 0x39, 0xce, 0x39, 0xce, 0x39, 0xce, 0x39, 0xce, 0x39, 0xce,
    0x39, 0xce, 0x39, 0xc6, 0x39, 0xce, 0x39, 0xc6, 0x39, 0xce, 0x39, 0xce, 0x39, 0xc6, 0x39, 0xc6,
    0x19, 0xce, 0x39, 0xce, 0x39, 0xce, 0x39, 0xce, 0x39, 0xce, 0x39, 0xce, 0x19, 0xce, 0x19, 0xce,
    0x19, 0xce, 0x19, 0xce, 0x39, 0xce, 0x39, 0xce, 0x39, 0xce, 0x39, 0xc6, 0x39, 0xc6, 0x39, 0xce,
    0x39, 0xce, 0x39, 0xce, 0x39, 0xce, 0x39, 0xce, 0x39, 0xce, 0x19, 0xc6, 0x9a, 0xd6, 0xcb, 0x5a,
    0xc3, 0x10, 0xec, 0x5a, 0xd7, 0xc5, 0x45, 0x21, 0xe3, 0x18, 0x92, 0x94, 0x9a, 0xd6, 0x19, 0xce,
    0x39, 0xce, 0x39, 0xce, 0x39, 0xce, 0x39, 0xce, 0x39, 0xce, 0x39, 0xce, 0x39, 0xce, 0x39, 0xce,
    0x39, 0xce, 0x5a, 0xce, 0x9d, 0xf7, 0x5a, 0xce, 0x33, 0x8c, 0x97, 0xb5, 0x9a, 0xd6, 0xbf, 0xf7,
    0xfb, 0xde, 0x85, 0x31, 0x49, 0x21, 0x72, 0x21, 0x72, 0x21, 0x28, 0x21, 0x64, 0x29, 0xfc, 0xde,
    0xff, 0xff, 0xbb, 0xd6, 0x97, 0xb5, 0x32, 0x8c, 0x59, 0xce, 0x9e, 0xf7, 0x7a, 0xce, 0x39, 0xce,
    0x39, 0xce, 0x39, 0xce, 0x39, 0xce, 0x39, 0xce, 0x39, 0xce, 0x39, 0xce, 0x7a, 0xd6, 0x39, 0xce,
    0x35, 0xad, 0x14, 0xa5, 0x14, 0xa5, 0x55, 0xad, 0xa6, 0x31, 0x00, 0x00, 0x0c, 0x63, 0xd7, 0xbd,
    0x35, 0xad, 0x76, 0xad, 0x59, 0xce, 0xbb, 0xde, 0x7a, 0xd6, 0x7a, 0xd6, 0x7a, 0xd6, 0x7a, 0xd6,
    0x7a, 0xd6, 0x7a, 0xd6, 0x7a, 0xd6, 0x7a, 0xd6, 0x7a, 0xd6, 0x7a, 0xd6, 0x7a, 0xd6, 0x7a, 0xd6,
    0x7a, 0xd6, 0x7a, 0xd6, 0x7a, 0xd6, 0x7a, 0xd6, 0x7a, 0xd6, 0x7a, 0xd6, 0x7a, 0xd6, 0x7a, 0xd6,
    0x7a, 0xd6, 0x7a, 0xd6, 0x7a, 0xd6, 0x7a, 0xd6, 0x7a, 0xd6, 0x7a, 0xd6, 0x7a, 0xd6, 0x7a, 0xd6,
    0x7a, 0xd6, 0x7a, 0xd6, 0x7a, 0xd6, 0x7a, 0xd6, 0x7a, 0xd6, 0x7a, 0xd6, 0x7a, 0xd6, 0x7a, 0xd6,
    0x7a, 0xd6, 0x5a, 0xd6, 0xdb, 0xde, 0xec, 0x5a, 0xc3, 0x10, 0x0c, 0x63, 0x39, 0xce, 0x45, 0x21,
    0x04, 0x21, 0x92, 0x94, 0x9a, 0xd6, 0x19, 0xce, 0x39, 0xce, 0x39, 0xce, 0x39, 0xce, 0x39, 0xce,
    0x39, 0xce, 0x39, 0xce, 0x39, 0xce, 0x39, 0xce, 0x39, 0xce, 0x5a, 0xce, 0x9d, 0xf7, 0x5a, 0xce,
    0x32, 0x8c, 0x97, 0xb5, 0x9a, 0xd6, 0xbf, 0xf7, 0xfb, 0xde, 0xa5, 0x31, 0x69, 0x29, 0x72, 0x21,
    0x72, 0x21, 0x28, 0x21, 0x44, 0x29, 0xfc, 0xde, 0xff, 0xff, 0xbb, 0xd6, 0xb7, 0xb5, 0x32, 0x8c,
    0x59, 0xce, 0x9e, 0xf7, 0x7a, 0xce, 0x39, 0xce, 0x39, 0xce, 0x39, 0xce, 0x39, 0xce, 0x39, 0xce,
    0x39, 0xce, 0x39, 0xce, 0x39, 0xce, 0x59, 0xce, 0x7a, 0xd6, 0x7a, 0xd6, 0x7a, 0xce, 0x9a, 0xd6,
    0xc7, 0x39, 0x25, 0x21, 0xc7, 0x31, 0xaa, 0x52, 0x8a, 0x52, 0x8a, 0x52, 0x69, 0x4a, 0x49, 0x4a,
    0x69, 0x4a, 0x49, 0x4a, 0x49, 0x4a, 0x69, 0x4a, 0x69, 0x4a, 0x49, 0x4a, 0x49, 0x4a, 0x49, 0x4a,
    0x49, 0x4a, 0x49, 0x4a, 0x49, 0x4a, 0x49, 0x4a, 0x49, 0x4a, 0x49, 0x4a, 0x69, 0x4a, 0x49, 0x4a,
    0x49, 0x4a, 0x49, 0x4a, 0x49, 0x4a, 0x49, 0x4a, 0x49, 0x4a, 0x49, 0x4a, 0x49, 0x4a, 0x49, 0x4a,
    0x49, 0x4a, 0x49, 0x4a, 0x49, 0x4a, 0x49, 0x4a, 0x49, 0x4a, 0x49, 0x4a, 0x49, 0x4a, 0x49, 0x4a,
    0x69, 0x4a, 0x69, 0x4a, 0x49, 0x4a, 0x49, 0x4a, 0x49, 0x4a, 0x49, 0x4a, 0x6a, 0x4a, 0x24, 0x21,
    0x82, 0x10, 0x45, 0x29, 0x28, 0x42, 0x86, 0x29, 0x04, 0x19, 0x72, 0x8c, 0x9b, 0xd6, 0x19, 0xce,
    0x39, 0xce, 0x39, 0xce, 0x39, 0xce, 0x39, 0xce, 0x39, 0xce, 0x39, 0xce, 0x39, 0xce, 0x39, 0xce,
    0x39, 0xce, 0x5a, 0xce, 0x9d, 0xf7, 0x5a, 0xce, 0x32, 0x84, 0x97, 0xb5, 0x9a, 0xd6, 0xbe, 0xf7,
    0xfb, 0xde, 0x85, 0x31, 0x49, 0x29, 0x72, 0x21, 0x72, 0x21, 0x28, 0x21, 0x64, 0x29, 0x1c, 0xdf,
    0xff, 0xff, 0xbb, 0xd6, 0xb7, 0xb5, 0x32, 0x84, 0x39, 0xce, 0x9e, 0xf7, 0x7a, 0xce, 0x39, 0xce,
    0x39, 0xce, 0x39, 0xce, 0x39, 0xce, 0x39, 0xce, 0x39, 0xce, 0x39, 0xce, 0x39, 0xce, 0x39, 0xce,
    0x39, 0xce, 0x39, 0xce, 0x39, 0xc6, 0x7a, 0xd6, 0x4d, 0x6b, 0x25, 0x21, 0xa7, 0x31, 0x46, 0x21,
    0x66, 0x29, 0x86, 0x29, 0x87, 0x29, 0x87, 0x29, 0x87, 0x29, 0x87, 0x29, 0x87, 0x29, 0x87, 0x29,
    0xa7, 0x29, 0xa7, 0x31, 0xa7, 0x31, 0xa7, 0x31, 0x87, 0x31, 0x87, 0x29, 0x87, 0x29, 0x87, 0x29,
    0x87, 0x29, 0x87, 0x29, 0x87, 0x31, 0x87, 0x31, 0x87, 0x29, 0xa7, 0x29, 0xa7, 0x31, 0xa7, 0x31,
    0xa7, 0x31, 0xa7, 0x29, 0xa7, 0x29, 0x87, 0x29, 0xa7, 0x31, 0xa7, 0x29, 0xa7, 0x29, 0xa7, 0x31,
    0xa7, 0x29, 0xa7, 0x31, 0xa7, 0x31, 0xa7, 0x31, 0x87, 0x29, 0x87, 0x29, 0x87, 0x29, 0x87, 0x29,
    0x87, 0x29, 0x87, 0x29, 0x87, 0x29, 0xc7, 0x31, 0xc8, 0x31, 0x66, 0x29, 0x66, 0x29, 0xa7, 0x31,
    0x86, 0x29, 0x97, 0xb5, 0x5a, 0xce, 0x39, 0xce, 0x39, 0xce, 0x39, 0xce, 0x39, 0xce, 0x39, 0xce,
    0x39, 0xce, 0x39, 0xce, 0x39, 0xce, 0x39, 0xce, 0x39, 0xce, 0x5a, 0xce, 0x9e, 0xf7, 0x5a, 0xce,
    0x12, 0x84, 0x97, 0xb5, 0x9a, 0xd6, 0xbe, 0xf7, 0xfb, 0xde, 0x85, 0x31, 0x49, 0x21, 0x72, 0x21,
    0x72, 0x21, 0x28, 0x21, 0x64, 0x29, 0x1c, 0xe7, 0xff, 0xff, 0xbb, 0xd6, 0xb8, 0xb5, 0x32, 0x8c,
    0x59, 0xce, 0x9e, 0xf7, 0x7a, 0xce, 0x39, 0xce, 0x39, 0xce, 0x39, 0xce, 0x39, 0xce, 0x39, 0xce,
    0x39, 0xce, 0x39, 0xce, 0x39, 0xce, 0x39, 0xce, 0x39, 0xce, 0x39, 0xce, 0x39, 0xce, 0x59, 0xce,
    0x5a, 0xce, 0xec, 0x62, 0x08, 0x42, 0x49, 0x4a, 0x49, 0x42, 0x49, 0x4a, 0x29, 0x42, 0x29, 0x42,
    0x49, 0x42, 0x49, 0x42, 0x49, 0x42, 0x49, 0x4a, 0x49, 0x4a, 0x49, 0x42, 0x49, 0x4a, 0x49, 0x4a,
    0x29, 0x42, 0x29, 0x42, 0x49, 0x42, 0x29, 0x42, 0x49, 0x4a, 0x49, 0x4a, 0x49, 0x42, 0x49, 0x42,
    0x49, 0x4a, 0x49, 0x4a, 0x49, 0x42, 0x49, 0x4a, 0x49, 0x4a, 0x49, 0x42, 0x49, 0x4a, 0x49, 0x42,
    0x49, 0x4a, 0x49, 0x42, 0x49, 0x42, 0x49, 0x42, 0x49, 0x42, 0x49, 0x4a, 0x49, 0x4a, 0x49, 0x4a,
    0x49, 0x4a, 0x49, 0x4a, 0x49, 0x42, 0x49, 0x42, 0x49, 0x42, 0x49, 0x42, 0x49, 0x42, 0x29, 0x42,
    0x28, 0x42, 0x29, 0x42, 0x49, 0x42, 0x08, 0x42, 0x55, 0xad, 0x7a, 0xd6, 0x39, 0xce, 0x39, 0xce,
    0x39, 0xce, 0x39, 0xce, 0x39, 0xce, 0x39, 0xce, 0x39, 0xce, 0x39, 0xce, 0x39, 0xce, 0x39, 0xce,
    0x39, 0xce, 0x5a, 0xce, 0x9e, 0xf7, 0x5a, 0xce, 0x12, 0x84, 0x97, 0xb5, 0x9a, 0xd6, 0xbe, 0xf7,
    0xdb, 0xde, 0x85, 0x31, 0x69, 0x29, 0x72, 0x21, 0x72, 0x21, 0x28, 0x21, 0x64, 0x29, 0xfc, 0xde,
    0xff, 0xff, 0xbb, 0xd6, 0xb8, 0xb5, 0x32, 0x8c, 0x59, 0xce, 0x9e, 0xf7, 0x7a, 0xce, 0x39, 0xce,
    0x39, 0xce, 0x39, 0xce, 0x39, 0xce, 0x39, 0xce, 0x39, 0xce, 0x39, 0xce, 0x39, 0xce, 0x39, 0xce,
    0x39, 0xce, 0x39, 0xce, 0x59, 0xce, 0x39, 0xce, 0x39, 0xce, 0x7a, 0xd6, 0x7a, 0xd6, 0x5a, 0xd6,
    0x7a, 0xd6, 0x7a, 0xd6, 0x5a, 0xd6, 0x5a, 0xce, 0x5a, 0xd6, 0x7a, 0xd6, 0x7a, 0xd6, 0x7a, 0xd6,
    0x5a, 0xd6, 0x5a, 0xd6, 0x7a, 0xce, 0x5a, 0xce, 0x5a, 0xce, 0x5a, 0xce, 0x7a, 0xd6, 0x5a, 0xce,
    0x5a, 0xce, 0x7a, 0xce, 0x5a, 0xce, 0x5a, 0xce, 0x5a, 0xd6, 0x7a, 0xd6, 0x7a, 0xd6, 0x7a, 0xd6,
    0x5a, 0xd6, 0x7a, 0xd6, 0x7a, 0xd6, 0x5a, 0xce, 0x5a, 0xd6, 0x5a, 0xce, 0x5a, 0xce, 0x5a, 0xd6,
    0x5a, 0xd6, 0x7a, 0xd6, 0x7a, 0xd6, 0x7a, 0xd6, 0x7a, 0xd6, 0x7a, 0xd6, 0x5a, 0xce, 0x5a, 0xce,
    0x5a, 0xce, 0x7a, 0xd6, 0x7a, 0xd6, 0x5a, 0xd6, 0x7a, 0xd6, 0x7a, 0xd6, 0x5a, 0xce, 0x7a, 0xd6,
    0x5a, 0xce, 0x39, 0xce, 0x39, 0xce, 0x39, 0xce, 0x39, 0xce, 0x39, 0xce, 0x39, 0xce, 0x39, 0xce,
    0x39, 0xce, 0x39, 0xce, 0x39, 0xce, 0x39, 0xce, 0x39, 0xce, 0x5a, 0xce, 0x9e, 0xf7, 0x5a, 0xce,
    0x12, 0x84, 0x97, 0xb5, 0x9a, 0xd6, 0xbe, 0xf7, 0xfb, 0xde, 0x85, 0x31, 0x49, 0x21, 0x72, 0x21,
    0x72, 0x21, 0x48, 0x21, 0x64, 0x29, 0xfc, 0xde, 0xff, 0xff, 0xbb, 0xd6, 0x97, 0xb5, 0x32, 0x84,
    0x59, 0xce, 0x9e, 0xf7, 0x7a, 0xce, 0x39, 0xce, 0x39, 0xce, 0x39, 0xce, 0x39, 0xce, 0x39, 0xce,
    0x39, 0xce, 0x39, 0xce, 0x39, 0xce, 0x39, 0xce, 0x39, 0xce, 0x39, 0xce, 0x39, 0xce, 0x39, 0xce,
    0x39, 0xce, 0x39, 0xce, 0x39, 0xce, 0x39, 0xce, 0x39, 0xce, 0x39, 0xce, 0x39, 0xce, 0x19, 0xce,
    0x19, 0xce, 0x39, 0xce, 0x39, 0xce, 0x39, 0xce, 0x39, 0xce, 0x39, 0xce, 0x39, 0xce, 0x39, 0xce,
    0x39, 0xce, 0x39, 0xce, 0x39, 0xce, 0x39, 0xce, 0x39, 0xce, 0x39, 0xce, 0x39, 0xce, 0x39, 0xc6,
    0x19, 0xce, 0x19, 0xce, 0x19, 0xce, 0x19, 0xce, 0x39, 0xce, 0x39, 0xce, 0x39, 0xce, 0x19, 0xce,
    0x39, 0xce, 0x39, 0xce, 0x19, 0xce, 0x19, 0xce, 0x39, 0xce, 0x39, 0xce, 0x39, 0xce, 0x39, 0xce,
    0x39, 0xce, 0x39, 0xce, 0x39, 0xce, 0x19, 0xce, 0x39, 0xce, 0x39, 0xce, 0x39, 0xce, 0x39, 0xce,
    0x39, 0xce, 0x19, 0xce, 0x39, 0xce, 0x39, 0xce, 0x39, 0xce, 0x39, 0xce, 0x39, 0xce, 0x39, 0xce,
    0x39, 0xce, 0x39, 0xce, 0x39, 0xce, 0x39, 0xce, 0x39, 0xce, 0x39, 0xce, 0x39, 0xce, 0x39, 0xce,
    0x39, 0xce, 0x5a, 0xce, 0x9d, 0xf7, 0x5a, 0xce, 0x12, 0x84, 0x97, 0xb5, 0x9a, 0xd6, 0xbe, 0xf7,
    0xfb, 0xde, 0x85, 0x31, 0x69, 0x29, 0x72, 0x21, 0x72, 0x21, 0x48, 0x21, 0x65, 0x29, 0x1c, 0xe7,
    0xff, 0xff, 0xbb, 0xde, 0x97, 0xb5, 0x32, 0x84, 0x59, 0xce, 0x9e, 0xf7, 0x7a, 0xce, 0x39, 0xce,
    0x39, 0xce, 0x39, 0xce, 0x39, 0xce, 0x39, 0xce, 0x39, 0xce, 0x39, 0xce, 0x39, 0xce, 0x39, 0xce,
    0x39, 0xce, 0x39, 0xce, 0x39, 0xce, 0x39, 0xce, 0x39, 0xce, 0x39, 0xce, 0x39, 0xce, 0x39, 0xce,
    0x39, 0xce, 0x39, 0xce, 0x39, 0xce, 0x39, 0xce, 0x39, 0xce, 0x39, 0xce, 0x39, 0xce, 0x39, 0xce,
    0x39, 0xce, 0x39, 0xce, 0x39, 0xce, 0x39, 0xce, 0x39, 0xce, 0x39, 0xce, 0x39, 0xce, 0x39, 0xce,
    0x39, 0xce, 0x39, 0xce, 0x39, 0xce, 0x39, 0xce, 0x39, 0xce, 0x19, 0xce, 0x39, 0xce, 0x39, 0xce,
    0x39, 0xce, 0x39, 0xce, 0x39, 0xce, 0x39, 0xce, 0x39, 0xce, 0x39, 0xce, 0x39, 0xce, 0x39, 0xce,
    0x39, 0xce, 0x39, 0xce, 0x39, 0xce, 0x39, 0xce, 0x39, 0xce, 0x39, 0xce, 0x39, 0xce, 0x39, 0xce,
    0x39, 0xce, 0x39, 0xce, 0x39, 0xce, 0x39, 0xce, 0x39, 0xce, 0x39, 0xce, 0x39, 0xce, 0x39, 0xce,
    0x39, 0xce, 0x39, 0xce, 0x39, 0xce, 0x39, 0xce, 0x39, 0xce, 0x39, 0xce, 0x39, 0xce, 0x39, 0xce,
    0x39, 0xce, 0x19, 0xce, 0x39, 0xce, 0x39, 0xce, 0x39, 0xce, 0x5a, 0xce, 0x9d, 0xf7, 0x5a, 0xce,
    0x12, 0x84, 0x97, 0xb5, 0x9a, 0xd6, 0xbf, 0xf7, 0xfb, 0xde, 0x85, 0x31, 0x69, 0x29, 0x72, 0x21,
    0x72, 0x21, 0x28, 0x21, 0x65, 0x29, 0x1c, 0xe7, 0xff, 0xff, 0xbb, 0xde, 0xb7, 0xb5, 0x32, 0x84,
    0x59, 0xce, 0x9d, 0xf7, 0x7a, 0xce, 0x39, 0xce, 0x39, 0xce, 0x39, 0xce, 0x39, 0xce, 0x39, 0xce,
    0x39, 0xce, 0x39, 0xce, 0x39, 0xce, 0x39, 0xce, 0x39, 0xce, 0x39, 0xce, 0x39, 0xce, 0x39, 0xce,
    0x39, 0xce, 0x39, 0xce, 0x39, 0xce, 0x39, 0xce, 0x39, 0xce, 0x39, 0xce, 0x39, 0xce, 0x39, 0xce,
    0x39, 0xce, 0x39, 0xce, 0x39, 0xce, 0x39, 0xce, 0x39, 0xce, 0x39, 0xce, 0x39, 0xce, 0x39, 0xce,
    0x39, 0xce, 0x39, 0xce, 0x39, 0xce, 0x39, 0xce, 0x39, 0xce, 0x39, 0xce, 0x39, 0xce, 0x39, 0xce,
    0x39, 0xce, 0x39, 0xce, 0x39, 0xce, 0x39, 0xce, 0x39, 0xce, 0x19, 0xce, 0x39, 0xce, 0x39, 0xce,
    0x39, 0xce, 0x39, 0xce, 0x39, 0xce, 0x39, 0xce, 0x39, 0xce, 0x39, 0xce, 0x39, 0xce, 0x39, 0xce,
    0x39, 0xce, 0x39, 0xce, 0x39, 0xce, 0x39, 0xce, 0x39, 0xce, 0x39, 0xce, 0x39, 0xce, 0x39, 0xce,
    0x39, 0xce, 0x39, 0xce, 0x39, 0xce, 0x39, 0xce, 0x39, 0xce, 0x39, 0xce, 0x39, 0xce, 0x39, 0xce,
    0x39, 0xce, 0x39, 0xce, 0x39, 0xce, 0x39, 0xce, 0x39, 0xce, 0x39, 0xce, 0x39, 0xce, 0x39, 0xce,
    0x39, 0xce, 0x5a, 0xce, 0x9d, 0xf7, 0x5a, 0xce, 0x12, 0x84, 0x97, 0xb5, 0x7a, 0xd6, 0xbf, 0xf7,
    0xfb, 0xde, 0x85, 0x31, 0x69, 0x29, 0x72, 0x21, 0x72, 0x21, 0x28, 0x21, 0x65, 0x29, 0x1c, 0xe7,
    0xff, 0xff, 0xbb, 0xd6, 0x97, 0xb5, 0x32, 0x84, 0x59, 0xce, 0x9e, 0xf7, 0x59, 0xce, 0x39, 0xce,
    0x39, 0xce, 0x39, 0xce, 0x39, 0xce, 0x39, 0xce, 0x39, 0xce, 0x39, 0xce, 0x39, 0xce, 0x39, 0xce,
    0x39, 0xce, 0x39, 0xce, 0x39, 0xce, 0x39, 0xce, 0x39, 0xce, 0x39, 0xce, 0x39, 0xce, 0x39, 0xce,
    0x39, 0xce, 0x39, 0xce, 0x39, 0xce, 0x39, 0xce, 0x39, 0xce, 0x39, 0xce, 0x39, 0xce, 0x39, 0xce,
    0x39, 0xce, 0x39, 0xce, 0x39, 0xce, 0x39, 0xce, 0x39, 0xce, 0x39, 0xce, 0x39, 0xce, 0x39, 0xce,
    0x39, 0xce, 0x39, 0xce, 0x39, 0xce, 0x39, 0xce, 0x19, 0xce, 0x19, 0xce, 0x39, 0xce, 0x39, 0xce,
    0x39, 0xce, 0x19, 0xce, 0x19, 0xce, 0x39, 0xce, 0x39, 0xce, 0x39, 0xce, 0x39, 0xce, 0x39, 0xce,
    0x39, 0xce, 0x39, 0xce, 0x39, 0xce, 0x39, 0xce, 0x39, 0xce, 0x39, 0xce, 0x39, 0xce, 0x39, 0xce,
    0x39, 0xce, 0x39, 0xce, 0x39, 0xce, 0x39, 0xce, 0x39, 0xce, 0x39, 0xce, 0x39, 0xce, 0x39, 0xce,
    0x39, 0xce, 0x39, 0xce, 0x39, 0xce, 0x39, 0xce, 0x39, 0xce, 0x39, 0xce, 0x39, 0xce, 0x39, 0xce,
    0x39, 0xce, 0x39, 0xce, 0x39, 0xce, 0x39, 0xce, 0x39, 0xce, 0x5a, 0xce, 0x9d, 0xf7, 0x5a, 0xce,
    0x12, 0x84, 0x97, 0xb5, 0x7a, 0xd6, 0xbf, 0xff, 0xfb, 0xde, 0x85, 0x31, 0x49, 0x21, 0x72, 0x21,
    0x72, 0x21, 0x28, 0x21, 0x65, 0x29, 0x1c, 0xe7, 0xff, 0xff, 0xbb, 0xde, 0x97, 0xb5, 0x32, 0x84,
    0x59, 0xce, 0x9e, 0xf7, 0x59, 0xce, 0x39, 0xce, 0x39, 0xce, 0x39, 0xce, 0x39, 0xce, 0x39, 0xce,
    0x39, 0xce, 0x39, 0xce, 0x39, 0xce, 0x39, 0xce, 0x39, 0xce, 0x39, 0xce, 0x39, 0xce, 0x39, 0xce,
    0x39, 0xce, 0x39, 0xce, 0x39, 0xce, 0x39, 0xce, 0x39, 0xce, 0x39, 0xce, 0x39, 0xce, 0x39, 0xce,
    0x39, 0xce, 0x39, 0xce, 0x39, 0xce, 0x39, 0xce, 0x39, 0xce, 0x39, 0xce, 0x39, 0xce, 0x39, 0xce,
    0x39, 0xce, 0x39, 0xce, 0x39, 0xce, 0x39, 0xce, 0x39, 0xce, 0x39, 0xce, 0x39, 0xce, 0x39, 0xce,
    0x39, 0xce, 0x39, 0xce, 0x39, 0xce, 0x39, 0xce, 0x39, 0xce, 0x19, 0xce, 0x19, 0xce, 0x39, 0xce,
    0x39, 0xce, 0x39, 0xce, 0x39, 0xce, 0x39, 0xce, 0x39, 0xce, 0x39, 0xce, 0x39, 0xce, 0x39, 0xce,
    0x39, 0xce, 0x39, 0xce, 0x39, 0xce, 0x39, 0xce, 0x39, 0xce, 0x39, 0xce, 0x39, 0xce, 0x39, 0xce,
    0x39, 0xce, 0x39, 0xce, 0x39, 0xce, 0x39, 0xce, 0x39, 0xce, 0x39, 0xce, 0x39, 0xce, 0x39, 0xce,
    0x39, 0xce, 0x39, 0xce, 0x39, 0xce, 0x39, 0xce, 0x39, 0xce, 0x39, 0xce, 0x39, 0xce, 0x39, 0xce,
    0x39, 0xce, 0x5a, 0xce, 0x9d, 0xf7, 0x5a, 0xce, 0x12, 0x84, 0x97, 0xb5, 0x7a, 0xd6, 0xbf, 0xff,
    0xfb, 0xde, 0x85, 0x31, 0x49, 0x21, 0x72, 0x21, 0x72, 0x21, 0x28, 0x21, 0x64, 0x29, 0x1c, 0xe7,
    0xff, 0xff, 0xbb, 0xde, 0xb7, 0xb5, 0x32, 0x8c, 0x39, 0xce, 0x9e, 0xf7, 0x7a, 0xce, 0x39, 0xce,
    0x39, 0xce, 0x39, 0xce, 0x39, 0xce, 0x39, 0xce, 0x39, 0xce, 0x39, 0xce, 0x39, 0xce, 0x39, 0xce,
    0x39, 0xce, 0x39, 0xce, 0x39, 0xce, 0x39, 0xce, 0x39, 0xce, 0x39, 0xce, 0x39, 0xce, 0x39, 0xce,
    0x39, 0xce, 0x39, 0xce, 0x39, 0xce, 0x39, 0xce, 0x39, 0xce, 0x39, 0xce, 0x39, 0xce, 0x39, 0xce,
    0x39, 0xce, 0x39, 0xce, 0x39, 0xce, 0x39, 0xce, 0x39, 0xce, 0x39, 0xce, 0x39, 0xce, 0x39, 0xce,
    0x39, 0xce, 0x39, 0xce, 0x39, 0xce, 0x39, 0xce, 0x39, 0xce, 0x39, 0xce, 0x39, 0xce, 0x39, 0xce,
    0x39, 0xce, 0x19, 0xce, 0x39, 0xce, 0x39, 0xce, 0x39, 0xce, 0x39, 0xce, 0x39, 0xce, 0x39, 0xce,
    0x39, 0xce, 0x39, 0xce, 0x39, 0xce, 0x39, 0xce, 0x39, 0xce, 0x39, 0xce, 0x39, 0xce, 0x39, 0xce,
    0x39, 0xce, 0x39, 0xce, 0x39, 0xce, 0x39, 0xce, 0x39, 0xce, 0x39, 0xce, 0x39, 0xce, 0x39, 0xce,
    0x39, 0xce, 0x39, 0xce, 0x39, 0xce, 0x39, 0xce, 0x39, 0xce, 0x39, 0xce, 0x39, 0xce, 0x39, 0xce,
    0x39, 0xce, 0x39, 0xce, 0x39, 0xce, 0x39, 0xce, 0x39, 0xce, 0x59, 0xce, 0x9d, 0xf7, 0x5a, 0xce,
    0x12, 0x84, 0x97, 0xb5, 0x7a, 0xd6, 0xbf, 0xff, 0xfb, 0xde, 0x85, 0x31, 0x49, 0x21, 0x72, 0x21,
    0x72, 0x21, 0x28, 0x21, 0x64, 0x29, 0x1c, 0xe7, 0xff, 0xff, 0xbb, 0xde, 0xb7, 0xb5, 0x32, 0x84,
    0x39, 0xce, 0x9e, 0xf7, 0x7a, 0xce, 0x39, 0xce, 0x39, 0xce, 0x39, 0xce, 0x39, 0xce, 0x39, 0xce,
    0x39, 0xce, 0x39, 0xce, 0x39, 0xce, 0x39, 0xce, 0x39, 0xce, 0x39, 0xce, 0x39, 0xce, 0x39, 0xce,
    0x39, 0xce, 0x39, 0xce, 0x39, 0xce, 0x39, 0xce, 0x39, 0xce, 0x39, 0xce, 0x39, 0xce, 0x39, 0xce,
    0x39, 0xce, 0x39, 0xce, 0x39, 0xce, 0x39, 0xce, 0x39, 0xce, 0x39, 0xce, 0x39, 0xce, 0x39, 0xce,
    0x39, 0xce, 0x39, 0xce, 0x19, 0xce, 0x39, 0xce, 0x39, 0xce, 0x39, 0xce, 0x39, 0xce, 0x39, 0xce,
    0x39, 0xce, 0x39, 0xce, 0x39, 0xce, 0x39, 0xce, 0x39, 0xce, 0x39, 0xce, 0x39, 0xce, 0x39, 0xce,
    0x39, 0xce, 0x39, 0xce, 0x39, 0xce, 0x39, 0xce, 0x39, 0xce, 0x39, 0xce, 0x39, 0xce, 0x39, 0xce,
    0x39, 0xce, 0x39, 0xce, 0x39, 0xce, 0x39, 0xce, 0x39, 0xce, 0x39, 0xce, 0x39, 0xce, 0x19, 0xce,
    0x39, 0xce, 0x39, 0xce, 0x39, 0xce, 0x39, 0xce, 0x19, 0xce, 0x39, 0xce, 0x39, 0xce, 0x39, 0xce,
    0x39, 0xce, 0x39, 0xce, 0x39, 0xce, 0x39, 0xce, 0x39, 0xce, 0x39, 0xce, 0x39, 0xce, 0x39, 0xce,
    0x39, 0xce, 0x5a, 0xce, 0x9e, 0xf7, 0x5a, 0xce, 0x12, 0x84, 0x97, 0xb5, 0x7a, 0xd6, 0xbf, 0xf7,
    0xfb, 0xde, 0xa5, 0x31, 0x69, 0x29, 0x72, 0x21, 0x72, 0x21, 0x28, 0x21, 0x65, 0x29, 0x1c, 0xe7,
    0xff, 0xff, 0xbb, 0xde, 0xb7, 0xb5, 0x32, 0x84, 0x3a, 0xce, 0x9e, 0xf7, 0x7a, 0xd6, 0x39, 0xce,
    0x39, 0xce, 0x39, 0xce, 0x39, 0xce, 0x39, 0xce, 0x39, 0xce, 0x39, 0xce, 0x39, 0xce, 0x39, 0xce,
    0x39, 0xce, 0x39, 0xce, 0x39, 0xce, 0x39, 0xce, 0x39, 0xce, 0x39, 0xce, 0x39, 0xce, 0x39, 0xce,
    0x39, 0xce, 0x39, 0xce, 0x39, 0xce, 0x39, 0xce, 0x39, 0xce, 0x39, 0xce, 0x39, 0xce, 0x39, 0xce,
    0x39, 0xce, 0x39, 0xce, 0x39, 0xce, 0x39, 0xce, 0x39, 0xce, 0x39, 0xce, 0x39, 0xce, 0x39, 0xce,
    0x39, 0xce, 0x39, 0xce, 0x39, 0xce, 0x39, 0xce, 0x39, 0xce, 0x39, 0xce, 0x39, 0xce, 0x39, 0xce,
    0x39, 0xce, 0x39, 0xce, 0x39, 0xce, 0x39, 0xce, 0x39, 0xce, 0x39, 0xce, 0x39, 0xce, 0x39, 0xce,
    0x39, 0xce, 0x19, 0xce, 0x39, 0xce, 0x39, 0xce, 0x39, 0xce, 0x39, 0xce, 0x39, 0xce, 0x39, 0xce,
    0x39, 0xce, 0x39, 0xce, 0x19, 0xce, 0x19, 0xce, 0x39, 0xce, 0x39, 0xce, 0x39, 0xce, 0x39, 0xce,
    0x39, 0xce, 0x39, 0xce, 0x39, 0xce, 0x39, 0xce, 0x39, 0xce, 0x39, 0xce, 0x39, 0xce, 0x39, 0xce,
    0x39, 0xce, 0x39, 0xce, 0x39, 0xce, 0x59, 0xce, 0x59, 0xce, 0x7a, 0xce, 0x9e, 0xf7, 0x5a, 0xce,
    0x12, 0x84, 0x97, 0xb5, 0x7a, 0xd6, 0xbf, 0xff, 0xfb, 0xde, 0xa5, 0x31, 0x69, 0x29, 0x72, 0x21,
    0x72, 0x21, 0x28, 0x21, 0x65, 0x29, 0x1c, 0xe7, 0xff, 0xff, 0xbb, 0xde, 0xb8, 0xb5, 0x32, 0x84,
    0x39, 0xce, 0x9e, 0xf7, 0x7a, 0xd6, 0x39, 0xce, 0x59, 0xce, 0x39, 0xce, 0x39, 0xce, 0x39, 0xce,
    0x39, 0xce, 0x39, 0xce, 0x39, 0xce, 0x39, 0xce, 0x39, 0xce, 0x39, 0xce, 0x39, 0xce, 0x39, 0xce,
    0x39, 0xce, 0x39, 0xce, 0x39, 0xce, 0x39, 0xce, 0x39, 0xce, 0x39, 0xce, 0x39, 0xce, 0x39, 0xce,
    0x39, 0xce, 0x39, 0xce, 0x39, 0xce, 0x39, 0xce, 0x39, 0xce, 0x39, 0xce, 0x39, 0xce, 0x39, 0xce,
    0x39, 0xce, 0x39, 0xce, 0x39, 0xce, 0x39, 0xce, 0x39, 0xce, 0x39, 0xce, 0x39, 0xce, 0x39, 0xce,
    0x39, 0xce, 0x39, 0xce, 0x39, 0xce, 0x39, 0xce, 0x39, 0xce, 0x39, 0xce, 0x39, 0xce, 0x39, 0xce,
    0x39, 0xce, 0x39, 0xce, 0x39, 0xce, 0x39, 0xce, 0x39, 0xce, 0x19, 0xce, 0x39, 0xce, 0x39, 0xce,
    0x39, 0xce, 0x39, 0xce, 0x39, 0xce, 0x39, 0xce, 0x39, 0xce, 0x39, 0xce, 0x39, 0xce, 0x39, 0xce,
    0x39, 0xce, 0x39, 0xce, 0x39, 0xce, 0x39, 0xce, 0x39, 0xce, 0x39, 0xce, 0x39, 0xce, 0x39, 0xce,
    0x19, 0xce, 0x19, 0xce, 0x39, 0xce, 0x39, 0xce, 0x39, 0xce, 0x39, 0xce, 0x39, 0xce, 0x39, 0xce,
    0x39, 0xce, 0x7a, 0xce, 0x9e, 0xf7, 0x5a, 0xce, 0x32, 0x84, 0x97, 0xb5, 0x7a, 0xd6, 0xdf, 0xff,
    0xfc, 0xde, 0xa5, 0x31, 0x69, 0x29, 0x72, 0x21, 0x72, 0x21, 0x28, 0x21, 0x65, 0x29, 0x1c, 0xe7,
    0xff, 0xff, 0xbb, 0xde, 0xb8, 0xb5, 0x32, 0x84, 0x39, 0xce, 0x9e, 0xf7, 0x7a, 0xd6, 0x39, 0xce,
    0x59, 0xce, 0x39, 0xce, 0x39, 0xce, 0x39, 0xce, 0x39, 0xce, 0x39, 0xce, 0x39, 0xce, 0x39, 0xce,
    0x39, 0xce, 0x39, 0xce, 0x39, 0xce, 0x39, 0xce, 0x39, 0xce, 0x39, 0xce, 0x39, 0xc6, 0x39, 0xce,
    0x39, 0xce, 0x39, 0xce, 0x39, 0xce, 0x39, 0xce, 0x39, 0xce, 0x39, 0xce, 0x39, 0xce, 0x39, 0xce,
    0x39, 0xce, 0x39, 0xce, 0x39, 0xce, 0x39, 0xce, 0x39, 0xce, 0x39, 0xce, 0x39, 0xce, 0x39, 0xce,
    0x39, 0xce, 0x39, 0xce, 0x39, 0xce, 0x39, 0xce, 0x39, 0xce, 0x19, 0xce, 0x39, 0xce, 0x39, 0xce,
    0x39, 0xce, 0x39, 0xce, 0x39, 0xce, 0x39, 0xce, 0x39, 0xce, 0x39, 0xce, 0x39, 0xce, 0x39, 0xce,
    0x39, 0xce, 0x39, 0xce, 0x39, 0xce, 0x39, 0xce, 0x39, 0xce, 0x39, 0xce, 0x39, 0xce, 0x39, 0xce,
    0x39, 0xce, 0x39, 0xce, 0x39, 0xce, 0x39, 0xce, 0x39, 0xce, 0x39, 0xce, 0x39, 0xce, 0x39, 0xce,
    0x39, 0xce, 0x19, 0xce, 0x39, 0xce, 0x39, 0xce, 0x19, 0xce, 0x19, 0xce, 0x39, 0xce, 0x39, 0xce,
    0x39, 0xce, 0x39, 0xce, 0x39, 0xce, 0x39, 0xce, 0x39, 0xce, 0x59, 0xce, 0x7e, 0xf7, 0x59, 0xce,
    0x32, 0x84, 0x97, 0xb5, 0x7a, 0xd6, 0xdf, 0xff, 0x1c, 0xdf, 0x85, 0x31, 0x69, 0x29, 0x72, 0x21,
    0x72, 0x21, 0x48, 0x21, 0x65, 0x31, 0x1c, 0xe7, 0xff, 0xff, 0xbb, 0xd6, 0x97, 0xb5, 0x12, 0x84,
    0x39, 0xce, 0x9e, 0xf7, 0x7a, 0xce, 0x39, 0xce, 0x59, 0xce, 0x39, 0xce, 0x39, 0xce, 0x39, 0xce,
    0x39, 0xce, 0x39, 0xce, 0x39, 0xce, 0x39, 0xce, 0x39, 0xce, 0x39, 0xce, 0x39, 0xce, 0x39, 0xce,
    0x39, 0xce, 0x39, 0xce, 0x19, 0xce, 0x39, 0xce, 0x39, 0xce, 0x39, 0xce, 0x39, 0xce, 0x39, 0xce,
    0x39, 0xce, 0x39, 0xce, 0x39, 0xce, 0x39, 0xce, 0x39, 0xce, 0x39, 0xce, 0x39, 0xce, 0x39, 0xce,
    0x39, 0xce, 0x39, 0xce, 0x39, 0xce, 0x39, 0xce, 0x39, 0xce, 0x39, 0xce, 0x39, 0xce, 0x39, 0xce,
    0x39, 0xce, 0x39, 0xce, 0x39, 0xce, 0x39, 0xce, 0x39, 0xce, 0x39, 0xce, 0x39, 0xce, 0x39, 0xce,
    0x39, 0xce, 0x39, 0xce, 0x39, 0xce, 0x39, 0xce, 0x39, 0xce, 0x39, 0xce, 0x39, 0xce, 0x39, 0xce,
    0x39, 0xce, 0x39, 0xce, 0x39, 0xce, 0x39, 0xce, 0x19, 0xce, 0x19, 0xce, 0x19, 0xce, 0x19, 0xce,
    0x39, 0xce, 0x39, 0xce, 0x39, 0xce, 0x39, 0xce, 0x19, 0xce, 0x19, 0xce, 0x39, 0xce, 0x39, 0xce,
    0x39, 0xce, 0x39, 0xce, 0x19, 0xce, 0x39, 0xce, 0x39, 0xce, 0x39, 0xce, 0x39, 0xce, 0x39, 0xce,
    0x39, 0xce, 0x5a, 0xce, 0x9d, 0xf7, 0x5a, 0xce, 0x32, 0x84, 0x97, 0xb5, 0x7a, 0xd6, 0xdf, 0xff,
    0x1c, 0xe7, 0xa5, 0x31, 0x69, 0x29, 0x72, 0x21, 0x72, 0x21, 0x48, 0x21, 0x65, 0x31, 0x1c, 0xe7,
    0xff, 0xff, 0xbb, 0xde, 0x97, 0xb5, 0x12, 0x84, 0x39, 0xce, 0x9e, 0xf7, 0x7a, 0xce, 0x39, 0xce,
    0x59, 0xce, 0x39, 0xce, 0x39, 0xce, 0x39, 0xce, 0x39, 0xce, 0x39, 0xce, 0x39, 0xce, 0x39, 0xce,
    0x39, 0xce, 0x39, 0xce, 0x39, 0xce, 0x39, 0xce, 0x39, 0xce, 0x39, 0xce, 0x39, 0xce, 0x39, 0xce,
    0x39, 0xce, 0x39, 0xce, 0x39, 0xce, 0x39, 0xce, 0x39, 0xce, 0x39, 0xce, 0x39, 0xce, 0x39, 0xce,
    0x39, 0xce, 0x39, 0xce, 0x39, 0xce, 0x39, 0xce, 0x39, 0xce, 0x39, 0xce, 0x39, 0xce, 0x39, 0xce,
    0x39, 0xce, 0x39, 0xce, 0x39, 0xce, 0x39, 0xce, 0x39, 0xce, 0x39, 0xce, 0x39, 0xce, 0x39, 0xce,
    0x39, 0xce, 0x39, 0xce, 0x39, 0xce, 0x39, 0xce, 0x39, 0xce, 0x39, 0xce, 0x39, 0xce, 0x39, 0xce,
    0x39, 0xce, 0x39, 0xce, 0x39, 0xce, 0x39, 0xce, 0x39, 0xce, 0x39, 0xce, 0x39, 0xce, 0x19, 0xce,
    0x19, 0xc6, 0x19, 0xc6, 0x19, 0xc6, 0x39, 0xce, 0x39, 0xce, 0x39, 0xce, 0x19, 0xce, 0x19, 0xce,
    0x19, 0xce, 0x19, 0xce, 0x19, 0xce, 0x39, 0xce, 0x39, 0xce, 0x39, 0xce, 0x39, 0xce, 0x19, 0xce,
    0x19, 0xce, 0x39, 0xce, 0x39, 0xce, 0x39, 0xce, 0x39, 0xce, 0x5a, 0xce, 0x9d, 0xf7, 0x5a, 0xce,
    0x12, 0x84, 0x77, 0xb5, 0x7a, 0xd6, 0xdf, 0xff, 0x1c, 0xe7, 0xa5, 0x31, 0x69, 0x29, 0x72, 0x21,
    0x72, 0x21, 0x28, 0x21, 0x65, 0x29, 0x1c, 0xe7, 0xff, 0xff, 0xbb, 0xde, 0x97, 0xb5, 0x12, 0x84,
    0x39, 0xce, 0x9e, 0xf7, 0x7a, 0xd6, 0x39, 0xce, 0x59, 0xce, 0x39, 0xce, 0x39, 0xce, 0x39, 0xce,
    0x39, 0xce, 0x39, 0xce, 0x39, 0xce, 0x39, 0xce, 0x39, 0xce, 0x39, 0xce, 0x39, 0xce, 0x39, 0xce,
    0x39, 0xce, 0x39, 0xce, 0x39, 0xce, 0x39, 0xce, 0x39, 0xce, 0x39, 0xce, 0x39, 0xce, 0x39, 0xce,
    0x39, 0xce, 0x39, 0xce, 0x39, 0xce, 0x39, 0xce, 0x39, 0xce, 0x39, 0xce, 0x39, 0xce, 0x39, 0xce,
    0x39, 0xce, 0x39, 0xce, 0x39, 0xce, 0x39, 0xce, 0x39, 0xce, 0x39, 0xce, 0x39, 0xce, 0x39, 0xce,
    0x39, 0xce, 0x39, 0xce, 0x39, 0xce, 0x39, 0xce, 0x39, 0xce, 0x39, 0xce, 0x39, 0xce, 0x39, 0xce,
    0x39, 0xce, 0x39, 0xce, 0x39, 0xce, 0x39, 0xce, 0x39, 0xce, 0x39, 0xce, 0x39, 0xce, 0x39, 0xce,
    0x39, 0xce, 0x39, 0xce, 0x39, 0xce, 0x39, 0xce, 0x19, 0xce, 0x19, 0xce, 0x19, 0xce, 0x39, 0xce,
    0x39, 0xce, 0x39, 0xce, 0x19, 0xce, 0x19, 0xce, 0x19, 0xce, 0x19, 0xce, 0x19, 0xce, 0x19, 0xce,
    0x39, 0xce, 0x39, 0xce, 0x39, 0xce, 0x39, 0xce, 0x39, 0xce, 0x39, 0xce, 0x39, 0xce, 0x39, 0xce,
    0x39, 0xce, 0x5a, 0xce, 0x9e, 0xf7, 0x5a, 0xce, 0x12, 0x84, 0x77, 0xb5, 0x7a, 0xd6, 0xdf, 0xff,
    0xfc, 0xde, 0xa5, 0x31, 0x69, 0x29, 0x72, 0x21, 0x72, 0x21, 0x28, 0x21, 0x64, 0x29, 0x1c, 0xe7,
    0xff, 0xff, 0xbb, 0xde, 0x97, 0xb5, 0x12, 0x84, 0x39, 0xce, 0x9e, 0xf7, 0x7a, 0xce, 0x39, 0xce,
    0x59, 0xce, 0x39, 0xce, 0x39, 0xce, 0x39, 0xce, 0x39, 0xce, 0x39, 0xce, 0x39, 0xce, 0x39, 0xce,
    0x39, 0xce, 0x39, 0xce, 0x39, 0xce, 0x39, 0xce, 0x39, 0xce, 0x39, 0xce, 0x39, 0xce, 0x39, 0xce,
    0x39, 0xce, 0x39, 0xce, 0x39, 0xce, 0x39, 0xce, 0x39, 0xce, 0x39, 0xce, 0x39, 0xce, 0x39, 0xce,
    0x39, 0xce, 0x39, 0xce, 0x39, 0xce, 0x39, 0xce, 0x39, 0xce, 0x39, 0xce, 0x39, 0xce, 0x39, 0xce,
    0x39, 0xce, 0x39, 0xce, 0x39, 0xce, 0x39, 0xce, 0x19, 0xce, 0x19, 0xce, 0x39, 0xce, 0x39, 0xce,
    0x39, 0xce, 0x39, 0xce, 0x39, 0xce, 0x39, 0xce, 0x39, 0xce, 0x39, 0xce, 0x39, 0xce, 0x19, 0xce,
    0x39, 0xce, 0x39, 0xce, 0x39, 0xce, 0x39, 0xce, 0x39, 0xce, 0x39, 0xce, 0x39, 0xce, 0x39, 0xce,
    0x19, 0xce, 0x19, 0xce, 0x19, 0xce, 0x39, 0xce, 0x39, 0xce, 0x39, 0xce, 0x39, 0xce, 0x39, 0xce,
    0x39, 0xce, 0x19, 0xce, 0x19, 0xce, 0x39, 0xce, 0x39, 0xce, 0x39, 0xce, 0x39, 0xce, 0x39, 0xce,
    0x39, 0xce, 0x39, 0xce, 0x39, 0xce, 0x39, 0xce, 0x39, 0xce, 0x5a, 0xce, 0x9d, 0xf7, 0x5a, 0xce,
    0x12, 0x84, 0x97, 0xb5, 0x9a, 0xd6, 0xdf, 0xff, 0xfc, 0xde, 0xa5, 0x31, 0x69, 0x29, 0x72, 0x21,
    0x72, 0x21, 0x28, 0x21, 0x44, 0x29, 0xfc, 0xde, 0xff, 0xff, 0xbb, 0xd6, 0x97, 0xb5, 0x12, 0x84,
    0x39, 0xce, 0x9e, 0xf7, 0x7a, 0xce, 0x39, 0xce, 0x59, 0xce, 0x39, 0xce, 0x39, 0xce, 0x39, 0xce,
    0x39, 0xce, 0x39, 0xce, 0x39, 0xce, 0x39, 0xce, 0x39, 0xce, 0x39, 0xce, 0x39, 0xce, 0x39, 0xce,
    0x39, 0xce, 0x39, 0xce, 0x39, 0xce, 0x39, 0xce, 0x39, 0xce, 0x39, 0xce, 0x39, 0xce, 0x39, 0xce,
    0x39, 0xce, 0x39, 0xce, 0x39, 0xce, 0x39, 0xce, 0x39, 0xce, 0x39, 0xce, 0x39, 0xce, 0x39, 0xce,
    0x39, 0xce, 0x19, 0xce, 0x39, 0xce, 0x39, 0xce, 0x39, 0xce, 0x39, 0xce, 0x39, 0xce, 0x39, 0xce,
    0x39, 0xce, 0x19, 0xce, 0x39, 0xce, 0x39, 0xce, 0x39, 0xce, 0x39, 0xce, 0x39, 0xce, 0x39, 0xce,
    0x39, 0xce, 0x39, 0xce, 0x39, 0xce, 0x19, 0xce, 0x39, 0xce, 0x39, 0xce, 0x39, 0xce, 0x39, 0xce,
    0x39, 0xce, 0x39, 0xce, 0x39, 0xce, 0x39, 0xce, 0x39, 0xce, 0x39, 0xce, 0x19, 0xce, 0x19, 0xce,
    0x39, 0xce, 0x39, 0xce, 0x19, 0xce, 0x19, 0xc6, 0x39, 0xce, 0x39, 0xce, 0x39, 0xce, 0x39, 0xce,
    0x39, 0xce, 0x39, 0xce, 0x39, 0xce, 0x39, 0xce, 0x39, 0xce, 0x39, 0xce, 0x39, 0xce, 0x39, 0xce,
    0x39, 0xce, 0x7a, 0xd6, 0x9e, 0xf7, 0x5a, 0xce, 0x12, 0x84, 0x97, 0xb5, 0x9a, 0xd6, 0xdf, 0xff,
    0x1c, 0xdf, 0xa5, 0x31, 0x49, 0x21, 0x72, 0x21, 0x72, 0x21, 0x28, 0x21, 0x64, 0x29, 0xfc, 0xde,
    0xff, 0xff, 0xbb, 0xd6, 0x97, 0xb5, 0x12, 0x84, 0x39, 0xce, 0x9e, 0xf7, 0x7a, 0xd6, 0x59, 0xce,
    0x59, 0xce, 0x39, 0xce, 0x39, 0xce, 0x39, 0xce, 0x39, 0xce, 0x39, 0xce, 0x39, 0xce, 0x39, 0xce,
    0x39, 0xce, 0x39, 0xce, 0x39, 0xce, 0x39, 0xce, 0x39, 0xce, 0x39, 0xce, 0x39, 0xce, 0x39, 0xce,
    0x39, 0xce, 0x39, 0xce, 0x39, 0xce, 0x39, 0xce, 0x39, 0xce, 0x39, 0xce, 0x39, 0xce, 0x39, 0xce,
    0x39, 0xce, 0x39, 0xce, 0x39, 0xce, 0x39, 0xce, 0x39, 0xce, 0x39, 0xce, 0x39, 0xce, 0x39, 0xce,
    0x39, 0xce, 0x39, 0xce, 0x39, 0xce, 0x39, 0xce, 0x39, 0xce, 0x39, 0xce, 0x39, 0xce, 0x39, 0xce,
    0x39, 0xce, 0x39, 0xce, 0x39, 0xce, 0x39, 0xce, 0x39, 0xce, 0x39, 0xce, 0x39, 0xce, 0x39, 0xce,
    0x39, 0xce, 0x39, 0xce, 0x39, 0xce, 0x39, 0xce, 0x39, 0xce, 0x39, 0xce, 0x39, 0xce, 0x39, 0xce,
    0x39, 0xce, 0x39, 0xce, 0x39, 0xce, 0x39, 0xce, 0x39, 0xce, 0x39, 0xce, 0x39, 0xce, 0x39, 0xce,
    0x39, 0xce, 0x39, 0xce, 0x19, 0xce, 0x39, 0xce, 0x39, 0xce, 0x39, 0xce, 0x39, 0xce, 0x39, 0xce,
    0x39, 0xce, 0x39, 0xce, 0x39, 0xce, 0x39, 0xce, 0x59, 0xce, 0x7a, 0xd6, 0x9d, 0xf7, 0x5a, 0xce,
    0x12, 0x84, 0x97, 0xb5, 0x9a, 0xd6, 0xdf, 0xff, 0x1c, 0xe7, 0x85, 0x31, 0x49, 0x21, 0x72, 0x21,
    0x72, 0x21, 0x48, 0x21, 0x65, 0x29, 0x1c, 0xe7, 0xff, 0xff, 0xbb, 0xde, 0x97, 0xb5, 0x12, 0x84,
    0x5a, 0xce, 0xdf, 0xff, 0x7a, 0xd6, 0x39, 0xce, 0x59, 0xce, 0x59, 0xce, 0x39, 0xce, 0x39, 0xce,
    0x39, 0xce, 0x39, 0xce, 0x39, 0xce, 0x39, 0xce, 0x39, 0xce, 0x39, 0xce, 0x39, 0xce, 0x39, 0xce,
    0x39, 0xce, 0x39, 0xce, 0x39, 0xce, 0x39, 0xce, 0x39, 0xce, 0x39, 0xce, 0x39, 0xce, 0x39, 0xce,
    0x39, 0xce, 0x39, 0xce, 0x39, 0xce, 0x39, 0xce, 0x39, 0xce, 0x39, 0xce, 0x39, 0xce, 0x39, 0xce,
    0x39, 0xce, 0x39, 0xce, 0x39, 0xce, 0x39, 0xce, 0x39, 0xce, 0x39, 0xce, 0x39, 0xce, 0x39, 0xce,
    0x39, 0xce, 0x39, 0xce, 0x39, 0xce, 0x39, 0xce, 0x39, 0xce, 0x39, 0xce, 0x39, 0xce, 0x39, 0xce,
    0x39, 0xce, 0x39, 0xce, 0x39, 0xce, 0x39, 0xce, 0x39, 0xce, 0x39, 0xce, 0x39, 0xce, 0x39, 0xce,
    0x39, 0xce, 0x39, 0xce, 0x39, 0xce, 0x39, 0xce, 0x39, 0xce, 0x39, 0xce, 0x39, 0xce, 0x39, 0xce,
    0x39, 0xce, 0x39, 0xce, 0x39, 0xce, 0x39, 0xce, 0x39, 0xce, 0x39, 0xce, 0x39, 0xce, 0x39, 0xce,
    0x39, 0xce, 0x39, 0xce, 0x39, 0xce, 0x39, 0xce, 0x39, 0xce, 0x39, 0xce, 0x59, 0xce, 0x59, 0xce,
    0x59, 0xce, 0x7a, 0xce, 0xdf, 0xff, 0x7a, 0xce, 0x12, 0x84, 0x97, 0xb5, 0x9a, 0xd6, 0xdf, 0xff,
    0x1c, 0xe7, 0x85, 0x31, 0x49, 0x21, 0x72, 0x21, 0x72, 0x21, 0x48, 0x21, 0x65, 0x29, 0x1c, 0xe7,
    0xff, 0xff, 0xbb, 0xde, 0x97, 0xb5, 0x12, 0x84, 0x56, 0xad, 0xd8, 0xbd, 0xdb, 0xde, 0xfc, 0xde,
    0x5a, 0xce, 0x59, 0xce, 0x59, 0xce, 0x59, 0xce, 0x39, 0xce, 0x39, 0xce, 0x39, 0xce, 0x59, 0xce,
    0x59, 0xce, 0x59, 0xce, 0x39, 0xce, 0x39, 0xce, 0x39, 0xce, 0x59, 0xce, 0x59, 0xce, 0x39, 0xce,
    0x39, 0xce, 0x39, 0xce, 0x39, 0xce, 0x39, 0xce, 0x39, 0xce, 0x39, 0xce, 0x39, 0xce, 0x39, 0xce,
    0x39, 0xce, 0x39, 0xce, 0x59, 0xce, 0x59, 0xce, 0x39, 0xce, 0x39, 0xce, 0x39, 0xce, 0x39, 0xce,
    0x39, 0xce, 0x39, 0xce, 0x39, 0xce, 0x39, 0xce, 0x39, 0xce, 0x39, 0xce, 0x39, 0xce, 0x39, 0xce,
    0x59, 0xce, 0x39, 0xce, 0x39, 0xce, 0x39, 0xce, 0x39, 0xce, 0x39, 0xce, 0x39, 0xce, 0x39, 0xce,
    0x39, 0xce, 0x39, 0xce, 0x39, 0xce, 0x39, 0xce, 0x59, 0xce, 0x39, 0xce, 0x39, 0xce, 0x39, 0xce,
    0x39, 0xce, 0x39, 0xce, 0x39, 0xce, 0x39, 0xce, 0x39, 0xce, 0x39, 0xce, 0x39, 0xce, 0x39, 0xce,
    0x39, 0xce, 0x39, 0xce, 0x39, 0xce, 0x39, 0xce, 0x39, 0xce, 0x39, 0xce, 0x39, 0xce, 0x39, 0xce,
    0x39, 0xce, 0x59, 0xce, 0x59, 0xce, 0x59, 0xce, 0xfb, 0xde, 0xdb, 0xde, 0xb7, 0xb5, 0x36, 0xad,
    0x33, 0x8c, 0x77, 0xb5, 0x9a, 0xd6, 0xdf, 0xff, 0x1c, 0xdf, 0x85, 0x31, 0x49, 0x21, 0x72, 0x21,
    0x72, 0x21, 0x48, 0x21, 0x64, 0x29, 0xfc, 0xde, 0xff, 0xff, 0xbb, 0xd6, 0xb7, 0xb5, 0x32, 0x8c,
    0x52, 0x8c, 0x52, 0x8c, 0x1c, 0xe7, 0x9e, 0xf7, 0x7a, 0xce, 0x7a, 0xce, 0x7a, 0xce, 0x59, 0xce,
    0x59, 0xce, 0x5a, 0xce, 0x59, 0xce, 0x59, 0xce, 0x59, 0xce, 0x59, 0xce, 0x59, 0xce, 0x59, 0xce,
    0x5a, 0xce, 0x5a, 0xce, 0x5a, 0xce, 0x5a, 0xce, 0x5a, 0xce, 0x5a, 0xce, 0x59, 0xce, 0x59, 0xce,
    0x59, 0xce, 0x59, 0xce, 0x59, 0xce, 0x59, 0xce, 0x5a, 0xce, 0x5a, 0xce, 0x5a, 0xce, 0x5a, 0xce,
    0x59, 0xce, 0x59, 0xce, 0x5a, 0xce, 0x5a, 0xce, 0x5a, 0xce, 0x5a, 0xce, 0x59, 0xce, 0x59, 0xce,
    0x59, 0xce, 0x59, 0xce, 0x5a, 0xce, 0x5a, 0xce, 0x5a, 0xce, 0x5a, 0xce, 0x5a, 0xce, 0x5a, 0xce,
    0x5a, 0xce, 0x5a, 0xce, 0x59, 0xce, 0x59, 0xce, 0x59, 0xce, 0x59, 0xce, 0x59, 0xce, 0x59, 0xce,
    0x59, 0xce, 0x59, 0xce, 0x59, 0xce, 0x59, 0xce, 0x59, 0xce, 0x59, 0xce, 0x59, 0xce, 0x5a, 0xce,
    0x5a, 0xce, 0x5a, 0xce, 0x59, 0xce, 0x59, 0xce, 0x59, 0xce, 0x59, 0xce, 0x5a, 0xce, 0x59, 0xce,
    0x59, 0xce, 0x5a, 0xce, 0x59, 0xce, 0x5a, 0xce, 0x5a, 0xce, 0x5a, 0xce, 0x7a, 0xce, 0x59, 0xce,
    0x7d, 0xef, 0x3d, 0xe7, 0x52, 0x8c, 0x52, 0x8c, 0x53, 0x8c, 0x97, 0xb5, 0x9a, 0xd6, 0xdf, 0xff,
    0xfb, 0xde, 0x85, 0x31, 0x49, 0x21, 0x72, 0x21, 0x72, 0x21, 0x28, 0x21, 0x44, 0x29, 0x1c, 0xe7,
    0xff, 0xff, 0x7a, 0xd6, 0x5a, 0xce, 0x39, 0xc6, 0xf5, 0xa4, 0x53, 0x8c, 0xd5, 0x9c, 0x36, 0xa5,
    0x3c, 0xe7, 0x5d, 0xef, 0x3d, 0xef, 0x3d, 0xef, 0x5d, 0xef, 0x5d, 0xef, 0x3d, 0xef, 0x3d, 0xef,
    0x3d, 0xef, 0x3d, 0xef, 0x3d, 0xef, 0x3d, 0xef, 0x5d, 0xef, 0x5d, 0xef, 0x3d, 0xef, 0x5d, 0xef,
    0x5d, 0xef, 0x5d, 0xef, 0x3d, 0xef, 0x5d, 0xef, 0x3c, 0xef, 0x3c, 0xef, 0x3d, 0xef, 0x5d, 0xef,
    0x5d, 0xef, 0x5d, 0xef, 0x5d, 0xef, 0x3d, 0xef, 0x5d, 0xef, 0x5d, 0xef, 0x5d, 0xef, 0x3d, 0xef,
    0x3d, 0xef, 0x5d, 0xef, 0x3d, 0xef, 0x5d, 0xef, 0x3c, 0xe7, 0x3c, 0xe7, 0x5d, 0xef, 0x5d, 0xef,
    0x3d, 0xef, 0x5d, 0xef, 0x5d, 0xef, 0x5d, 0xef, 0x5d, 0xef, 0x5d, 0xef, 0x5d, 0xef, 0x3d, 0xef,
    0x3d, 0xef, 0x3d, 0xef, 0x3d, 0xef, 0x3d, 0xef, 0x3d, 0xef, 0x3d, 0xef, 0x3d, 0xef, 0x3d, 0xef,
    0x3d, 0xef, 0x3d, 0xef, 0x3d, 0xef, 0x3d, 0xef, 0x5d, 0xef, 0x5d, 0xef, 0x3d, 0xef, 0x3d, 0xef,
    0x3c, 0xef, 0x3c, 0xef, 0x3c, 0xef, 0x3c, 0xef, 0x3c, 0xef, 0x3d, 0xef, 0x3d, 0xef, 0x3d, 0xef,
    0x3d, 0xef, 0x3d, 0xef, 0x5d, 0xef, 0x3d, 0xef, 0x56, 0xad, 0xd5, 0x9c, 0x53, 0x8c, 0xd4, 0x9c,
    0x39, 0xc6, 0x5a, 0xce, 0x5a, 0xce, 0xff, 0xff, 0x1c, 0xe7, 0x64, 0x29, 0x49, 0x21, 0x72, 0x21,
    0x72, 0x21, 0x28, 0x21, 0x44, 0x29, 0xf4, 0x9c, 0xd8, 0xbd, 0x9b, 0xd6, 0x7a, 0xd6, 0xbb, 0xd6,
    0x76, 0xb5, 0x73, 0x94, 0x32, 0x8c, 0x94, 0x94, 0x3d, 0xef, 0x5d, 0xef, 0x5d, 0xef, 0x5d, 0xef,
    0x3d, 0xe7, 0x5d, 0xef, 0x5d, 0xef, 0x3d, 0xe7, 0x3d, 0xe7, 0x3d, 0xe7, 0x3d, 0xef, 0x3d, 0xef,
    0x3d, 0xef, 0x5d, 0xef, 0x5d, 0xef, 0x5d, 0xef, 0x5d, 0xef, 0x3d, 0xef, 0x3d, 0xef, 0x3d, 0xef,
    0x5d, 0xef, 0x5d, 0xe7, 0x5d, 0xef, 0x5d, 0xef, 0x5d, 0xef, 0x5d, 0xef, 0x5d, 0xef, 0x3d, 0xe7,
    0x3d, 0xe7, 0x3d, 0xe7, 0x5d, 0xef, 0x5d, 0xef, 0x5d, 0xef, 0x5d, 0xef, 0x5d, 0xef, 0x5d, 0xef,
    0x3d, 0xef, 0x3d, 0xe7, 0x5d, 0xef, 0x5d, 0xef, 0x5d, 0xef, 0x5d, 0xef, 0x5d, 0xef, 0x5d, 0xef,
    0x5d, 0xef, 0x5d, 0xef, 0x5d, 0xef, 0x5d, 0xef, 0x5d, 0xef, 0x5d, 0xef, 0x3d, 0xef, 0x5d, 0xef,
    0x5d, 0xef, 0x5d, 0xef, 0x5d, 0xef, 0x3d, 0xef, 0x3d, 0xef, 0x5d, 0xef, 0x5d, 0xef, 0x3d, 0xe7,
    0x3d, 0xe7, 0x5d, 0xef, 0x5d, 0xef, 0x5d, 0xef, 0x5d, 0xef, 0x3d, 0xef, 0x3d, 0xef, 0x5d, 0xef,
    0x3d, 0xef, 0x3d, 0xef, 0x3d, 0xef, 0x5d, 0xef, 0x3d, 0xef, 0x3d, 0xe7, 0x5d, 0xef, 0x5d, 0xef,
    0xd4, 0x9c, 0x32, 0x8c, 0x73, 0x8c, 0x56, 0xad, 0x9b, 0xd6, 0x7a, 0xd6, 0x9b, 0xd6, 0xf8, 0xbd,
    0xf4, 0x9c, 0x85, 0x31, 0x49, 0x21, 0x72, 0x21, 0x72, 0x21, 0x28, 0x21, 0x23, 0x29, 0xf1, 0x7b,
    0xf5, 0xa4, 0x39, 0xc6, 0x5a, 0xce, 0xbb, 0xd6, 0x7a, 0xd6, 0x39, 0xce, 0xb4, 0x94, 0x53, 0x8c,
    0xb4, 0x94, 0x94, 0x94, 0xb4, 0x94, 0xb4, 0x94, 0x93, 0x94, 0x94, 0x94, 0xb4, 0x94, 0x94, 0x94,
    0x94, 0x94, 0x94, 0x94, 0x94, 0x94, 0x94, 0x94, 0xb4, 0x94, 0xb4, 0x94, 0xb4, 0x94, 0xb4, 0x94,
    0xb4, 0x94, 0xb4, 0x94, 0x94, 0x94, 0x94, 0x94, 0xb4, 0x94, 0xb4, 0x94, 0xb4, 0x9c, 0x94, 0x94,
    0x94, 0x94, 0xb4, 0x94, 0xb4, 0x94, 0xb4, 0x94, 0xb4, 0x94, 0xb4, 0x94, 0x94, 0x94, 0xb4, 0x94,
    0xb4, 0x94, 0x94, 0x94, 0xb4, 0x94, 0xb4, 0x94, 0x94, 0x94, 0x94, 0x94, 0x94, 0x94, 0x94, 0x94,
    0x94, 0x94, 0x94, 0x94, 0x94, 0x94, 0x94, 0x94, 0x94, 0x94, 0xb4, 0x94, 0xb4, 0x9c, 0xb4, 0x94,
    0xb4, 0x94, 0xb4, 0x94, 0xb4, 0x94, 0xb4, 0x9c, 0xb4, 0x94, 0xb4, 0x94, 0x94, 0x94, 0x94, 0x94,
    0xb4, 0x94, 0xb4, 0x94, 0xb4, 0x94, 0x94, 0x94, 0x94, 0x94, 0x94, 0x94, 0x94, 0x94, 0x94, 0x94,
    0xb4, 0x94, 0xb4, 0x94, 0xb4, 0x94, 0xb4, 0x94, 0xb4, 0x94, 0x94, 0x94, 0x94, 0x94, 0xb4, 0x94,
    0x94, 0x94, 0x94, 0x94, 0x94, 0x94, 0x94, 0x94, 0x53, 0x8c, 0x73, 0x94, 0x19, 0xc6, 0x5a, 0xce,
    0x7a, 0xd6, 0x59, 0xce, 0x19, 0xc6, 0x16, 0xa5, 0x32, 0x84, 0x64, 0x31, 0x48, 0x21, 0x72, 0x21,
    0x72, 0x21, 0x4a, 0x21, 0x04, 0x21, 0x6f, 0x73, 0x52, 0x8c, 0x93, 0x94, 0x36, 0xad, 0x3a, 0xce,
    0x59, 0xce, 0x9b, 0xd6, 0x56, 0xad, 0xf5, 0x9c, 0xf5, 0xa4, 0xf5, 0x9c, 0xf5, 0x9c, 0xf5, 0x9c,
    0xf5, 0x9c, 0xf5, 0x9c, 0xd5, 0x9c, 0xd5, 0x9c, 0xd5, 0x9c, 0xd5, 0x9c, 0xf5, 0x9c, 0xd5, 0x9c,
    0xf5, 0x9c, 0xf5, 0x9c, 0xf5, 0xa4, 0xf5, 0x9c, 0xf5, 0x9c, 0xf5, 0x9c, 0xd5, 0x9c, 0xf5, 0x9c,
    0xd5, 0x9c, 0xf5, 0x9c, 0xf5, 0xa4, 0xf5, 0x9c, 0xf5, 0x9c, 0xf5, 0x9c, 0xf5, 0x9c, 0xf5, 0x9c,
    0xf5, 0x9c, 0xf5, 0x9c, 0xf5, 0x9c, 0xf5, 0x9c, 0xd5, 0x9c, 0xf5, 0x9c, 0xf5, 0x9c, 0xd5, 0x9c,
    0xf5, 0x9c, 0xf5, 0x9c, 0xf5, 0x9c, 0xd5, 0x9c, 0xf5, 0x9c, 0xf5, 0x9c, 0xd5, 0x9c, 0xd5, 0x9c,
    0xd5, 0x9c, 0xf5, 0x9c, 0xf5, 0x9c, 0xf5, 0x9c, 0xf5, 0xa4, 0xf5, 0xa4, 0xf5, 0x9c, 0xf5, 0x9c,
    0xf5, 0x9c, 0xd5, 0x9c, 0xf5, 0x9c, 0xf5, 0x9c, 0xd5, 0x9c, 0xf5, 0x9c, 0xf5, 0x9c, 0xf5, 0x9c,
    0xf5, 0x9c, 0xf5, 0x9c, 0xf5, 0x9c, 0xd5, 0x9c, 0xf5, 0x9c, 0xf5, 0x9c, 0xd5, 0x9c, 0xd5, 0x9c,
    0xf5, 0x9c, 0xd5, 0x9c, 0xf5, 0x9c, 0xd5, 0x9c, 0xd5, 0x9c, 0xf5, 0x9c, 0xf5, 0x9c, 0xf5, 0x9c,
    0xf5, 0x9c, 0x35, 0xa5, 0x7a, 0xd6, 0x39, 0xce, 0x39, 0xce, 0x56, 0xad, 0x94, 0x94, 0x72, 0x8c,
    0x8f, 0x73, 0x24, 0x21, 0x4a, 0x21, 0x72, 0x21, 0x71, 0x21, 0x71, 0x21, 0x4f, 0x21, 0x25, 0x21,
    0x86, 0x31, 0xd4, 0x9c, 0xf5, 0x9c, 0x73, 0x94, 0xf8, 0xbd, 0xdc, 0xde, 0xbb, 0xde, 0xdb, 0xde,
    0xdc, 0xde, 0xdb, 0xde, 0xdb, 0xde, 0xdb, 0xde, 0xdb, 0xde, 0xdb, 0xde, 0xdb, 0xde, 0xdb, 0xde,
    0xbb, 0xde, 0xdb, 0xde, 0xdb, 0xde, 0xdb, 0xde, 0xdb, 0xde, 0xdb, 0xde, 0xdb, 0xde, 0xdb, 0xde,
    0xdb, 0xde, 0xdb, 0xde, 0xdb, 0xde, 0xdb, 0xde, 0xdc, 0xde, 0xdb, 0xde, 0xdb, 0xde, 0xdb, 0xde,
    0xdb, 0xde, 0xdb, 0xde, 0xdb, 0xde, 0xdb, 0xde, 0xdb, 0xde, 0xdb, 0xde, 0xdb, 0xde, 0xdb, 0xde,
    0xdb, 0xde, 0xdb, 0xde, 0xdb, 0xde, 0xdb, 0xde, 0xdb, 0xde, 0xdb, 0xde, 0xdb, 0xde, 0xdc, 0xde,
    0xdc, 0xde, 0xdb, 0xde, 0xdb, 0xde, 0xdb, 0xde, 0xdb, 0xde, 0xdb, 0xde, 0xdb, 0xde, 0xdb, 0xde,
    0xdb, 0xde, 0xdb, 0xde, 0xdb, 0xde, 0xdb, 0xde, 0xdb, 0xde, 0xdb, 0xde, 0xdb, 0xde, 0xdb, 0xde,
    0xdb, 0xde, 0xdb, 0xde, 0xdb, 0xde, 0xbb, 0xde, 0xdb, 0xde, 0xdb, 0xde, 0xdb, 0xde, 0xbb, 0xde,
    0xbb, 0xde, 0xbb, 0xde, 0xbb, 0xde, 0xdb, 0xde, 0xbb, 0xde, 0xdb, 0xde, 0xdb, 0xde, 0xdb, 0xde,
    0xdb, 0xde, 0xdb, 0xde, 0xdb, 0xde, 0xbb, 0xde, 0xbb, 0xde, 0xbb, 0xde, 0xbb, 0xde, 0x19, 0xc6,
    0x93, 0x94, 0xd5, 0x9c, 0x16, 0xa5, 0xe7, 0x39, 0x04, 0x21, 0x4e, 0x21, 0x71, 0x21, 0x71, 0x21,
    0x71, 0x21, 0x71, 0x21, 0x70, 0x21, 0x25, 0x21, 0x45, 0x29, 0x4e, 0x6b, 0xf0, 0x7b, 0xb4, 0x94,
    0x56, 0xad, 0xd8, 0xbd, 0xd8, 0xbd, 0xd8, 0xbd, 0xd8, 0xbd, 0xd8, 0xbd, 0xd8, 0xbd, 0xd8, 0xbd,
    0xd8, 0xbd, 0xd8, 0xbd, 0xd8, 0xbd, 0xd8, 0xbd, 0xd8, 0xbd, 0xd8, 0xbd, 0xd8, 0xbd, 0xd8, 0xbd,
    0xd8, 0xbd, 0xd8, 0xbd, 0xb8, 0xbd, 0xd8, 0xbd, 0xd8, 0xbd, 0xd8, 0xbd, 0xb8, 0xbd, 0xd8, 0xbd,
    0xd8, 0xbd, 0xd8, 0xbd, 0xd8, 0xbd, 0xd8, 0xbd, 0xd8, 0xbd, 0xd8, 0xbd, 0xd8, 0xbd, 0xd8, 0xbd,
    0xd8, 0xbd, 0xd8, 0xbd, 0xd8, 0xbd, 0xd8, 0xbd, 0xd8, 0xbd, 0xd8, 0xbd, 0xd8, 0xbd, 0xd8, 0xbd,
    0xd8, 0xbd, 0xd8, 0xbd, 0xd8, 0xbd, 0xd8, 0xbd, 0xd8, 0xbd, 0xd8, 0xbd, 0xd8, 0xbd, 0xd8, 0xbd,
    0xd8, 0xbd, 0xd8, 0xbd, 0xd8, 0xbd, 0xd8, 0xbd, 0xd8, 0xbd, 0xd8, 0xbd, 0xd8, 0xbd, 0xd8, 0xbd,
    0xd8, 0xbd, 0xd8, 0xbd, 0xd8, 0xbd, 0xd8, 0xbd, 0xd8, 0xbd, 0xb8, 0xbd, 0xb8, 0xbd, 0xb8, 0xbd,
    0xb8, 0xbd, 0xb8, 0xbd, 0xb7, 0xbd, 0xb7, 0xbd, 0xb7, 0xbd, 0xb8, 0xbd, 0xd8, 0xbd, 0xd8, 0xbd,
    0xd8, 0xbd, 0xd8, 0xbd, 0xd8, 0xbd, 0xd8, 0xbd, 0xd8, 0xbd, 0xd8, 0xbd, 0xd8, 0xbd, 0xd8, 0xbd,
    0xd8, 0xbd, 0xb7, 0xbd, 0xd8, 0xbd, 0x56, 0xad, 0xb4, 0x9c, 0x11, 0x84, 0x4e, 0x6b, 0xa7, 0x31,
    0x25, 0x21, 0x70, 0x21, 0x71, 0x21, 0x71, 0x21, 0x71, 0x21, 0x71, 0x21, 0x71, 0x21, 0x50, 0x21,
    0x4b, 0x21, 0xc1, 0x18, 0x8a, 0x52, 0x37, 0xad, 0xb4, 0x9c, 0xd4, 0x9c, 0xd5, 0x9c, 0xd4, 0x9c,
    0xd4, 0x9c, 0xd5, 0x9c, 0xd5, 0x9c, 0xd5, 0x9c, 0xb4, 0x9c, 0xb4, 0x9c, 0xb4, 0x9c, 0xd4, 0x9c,
    0xd4, 0x9c, 0xd4, 0x9c, 0xd5, 0x9c, 0xd5, 0x9c, 0xb4, 0x9c, 0xb4, 0x9c, 0xd5, 0x9c, 0xb5, 0x9c,
    0xb4, 0x9c, 0xb4, 0x9c, 0xb4, 0x9c, 0xb4, 0x9c, 0xb4, 0x9c, 0xd4, 0x9c, 0xd5, 0x9c, 0xd5, 0x9c,
    0xd5, 0x9c, 0xd4, 0x9c, 0xd4, 0x9c, 0xd5, 0x9c, 0xd5, 0x9c, 0xd5, 0x9c, 0xd5, 0x9c, 0xb4, 0x9c,
    0xb4, 0x9c, 0xd4, 0x9c, 0xd4, 0x9c, 0xd4, 0x9c, 0xd4, 0x9c, 0xd4, 0x9c, 0xb4, 0x9c, 0xb4, 0x9c,
    0xd4, 0x9c, 0xb4, 0x9c, 0xb4, 0x9c, 0xb4, 0x9c, 0xb4, 0x9c, 0xd4, 0x9c, 0xb4, 0x9c, 0xb4, 0x9c,
    0xb4, 0x9c, 0xb4, 0x9c, 0xb4, 0x9c, 0xb4, 0x9c, 0xd5, 0x9c, 0xb4, 0x9c, 0xd4, 0x9c, 0xd4, 0x9c,
    0xb4, 0x9c, 0xb4, 0x9c, 0xb4, 0x9c, 0xb4, 0x9c, 0xb4, 0x9c, 0xb4, 0x9c, 0xb4, 0x9c, 0xb4, 0x94,
    0xb4, 0x94, 0xb4, 0x9c, 0xb4, 0x9c, 0xb4, 0x9c, 0xb4, 0x9c, 0xd4, 0x9c, 0xb4, 0x9c, 0xb4, 0x9c,
    0xb4, 0x9c, 0xd5, 0x9c, 0xd4, 0x9c, 0xb4, 0x9c, 0xb4, 0x9c, 0xb4, 0x9c, 0xb4, 0x9c, 0xb4, 0x9c,
    0x57, 0xad, 0xcb, 0x5a, 0xa1, 0x18, 0x4b, 0x21, 0x51, 0x21, 0x71, 0x21, 0x71, 0x21, 0x71, 0x21,
    0x71, 0x21, 0x71, 0x21, 0x71, 0x21, 0x72, 0x21, 0x6f, 0x21, 0x2a, 0x21, 0xea, 0x39, 0x8a, 0x52,
    0x6a, 0x4a, 0x6a, 0x4a, 0x6a, 0x4a, 0x6a, 0x4a, 0x6a, 0x52, 0x8a, 0x52, 0x6a, 0x52, 0x6a, 0x52,
    0x6a, 0x4a, 0x6a, 0x4a, 0x6a, 0x4a, 0x6a, 0x4a, 0x6a, 0x4a, 0x6a, 0x52, 0x6a, 0x52, 0x6a, 0x4a,
    0x6a, 0x4a, 0x6a, 0x52, 0x6a, 0x52, 0x6a, 0x4a, 0x6a, 0x4a, 0x6a, 0x4a, 0x6a, 0x52, 0x6a, 0x4a,
    0x6a, 0x4a, 0x6a, 0x4a, 0x6a, 0x52, 0x6a, 0x4a, 0x6a, 0x4a, 0x8a, 0x52, 0x6a, 0x52, 0x6a, 0x52,
    0x6a, 0x52, 0x6a, 0x4a, 0x6a, 0x4a, 0x6a, 0x4a, 0x6a, 0x4a, 0x6a, 0x4a, 0x6a, 0x4a, 0x6a, 0x4a,
    0x6a, 0x4a, 0x6a, 0x4a, 0x6a, 0x4a, 0x6a, 0x52, 0x6a, 0x52, 0x6a, 0x4a, 0x6a, 0x4a, 0x6a, 0x4a,
    0x6a, 0x4a, 0x6a, 0x4a, 0x6a, 0x4a, 0x6a, 0x4a, 0x6a, 0x4a, 0x6a, 0x4a, 0x6a, 0x4a, 0x6a, 0x4a,
    0x6a, 0x4a, 0x6a, 0x4a, 0x6a, 0x4a, 0x6a, 0x4a, 0x6a, 0x4a, 0x6a, 0x4a, 0x6a, 0x4a, 0x6a, 0x4a,
    0x6a, 0x4a, 0x6a, 0x4a, 0x4a, 0x4a, 0x6a, 0x4a, 0x6a, 0x4a, 0x6a, 0x4a, 0x6a, 0x4a, 0x6a, 0x4a,
    0x6a, 0x4a, 0x6a, 0x4a, 0x6a, 0x4a, 0x6a, 0x4a, 0x6a, 0x4a, 0x6a, 0x4a, 0x6a, 0x52, 0x6a, 0x4a,
    0x6a, 0x4a, 0x6a, 0x4a, 0x6a, 0x4a, 0x8a, 0x52, 0x8a, 0x52, 0xc9, 0x39, 0x29, 0x21, 0x6f, 0x21,
    0x72, 0x21, 0x71, 0x21, 0x71, 0x21, 0x71, 0x21, 0x71, 0x21, 0x71, 0x21, 0x71, 0x21, 0x71, 0x21,
    0x71, 0x21, 0x73, 0x21, 0x2d, 0x19, 0xc2, 0x18, 0xc2, 0x18, 0xc2, 0x10, 0xc2, 0x18, 0xa2, 0x10,
    0xa2, 0x10, 0xc2, 0x18, 0xc3, 0x18, 0xc3, 0x18, 0xc2, 0x18, 0xc2, 0x18, 0xc2, 0x18, 0xc2, 0x18,
    0xc2, 0x18, 0xc2, 0x18, 0xa2, 0x10, 0xa2, 0x10, 0xc2, 0x18, 0xc2, 0x18, 0xc2, 0x18, 0xc2, 0x18,
    0xc2, 0x18, 0xc3, 0x18, 0xc2, 0x18, 0xc2, 0x18, 0xa2, 0x10, 0xa2, 0x10, 0xc2, 0x10, 0xc2, 0x18,
    0xc2, 0x18, 0xc2, 0x18, 0xc2, 0x18, 0xc2, 0x18, 0xc2, 0x18, 0xc2, 0x18, 0xa2, 0x10, 0xa2, 0x10,
    0xc2, 0x10, 0xa2, 0x10, 0xa2, 0x10, 0xc2, 0x18, 0xc2, 0x18, 0xa2, 0x10, 0xa2, 0x10, 0xa2, 0x10,
    0xc2, 0x18, 0xc2, 0x18, 0xc2, 0x18, 0xc2, 0x18, 0xc2, 0x18, 0xc2, 0x18, 0xc2, 0x18, 0xc2, 0x18,
    0xc2, 0x18, 0xc3, 0x18, 0xc2, 0x18, 0xc2, 0x18, 0xc2, 0x18, 0xc2, 0x18, 0xc2, 0x18, 0xc2, 0x18,
    0xc2, 0x18, 0xc2, 0x18, 0xc2, 0x10, 0xc2, 0x10, 0xa2, 0x10, 0xa2, 0x10, 0xa2, 0x10, 0xc2, 0x10,
    0xa2, 0x10, 0xa2, 0x10, 0xa2, 0x10, 0xa2, 0x10, 0xc2, 0x10, 0xc2, 0x10, 0xc2, 0x18, 0xc2, 0x10,
    0xa2, 0x10, 0xc2, 0x18, 0xc2, 0x18, 0xa2, 0x10, 0xa2, 0x10, 0xa2, 0x10, 0xc2, 0x18, 0xc2, 0x10,
    0xc2, 0x18, 0x2b, 0x19, 0x73, 0x21, 0x71, 0x21, 0x71, 0x21, 0x71, 0x21, 0x71, 0x21, 0x71, 0x21,
    0x71, 0x21, 0x71, 0x21, 0x71, 0x21, 0x71, 0x21, 0x71, 0x21, 0x71, 0x21, 0x71, 0x21, 0x6f, 0x21,
    0x4f, 0x21, 0x6f, 0x21, 0x6f, 0x21, 0x4f, 0x21, 0x4f, 0x21, 0x4f, 0x21, 0x6f, 0x21, 0x6f, 0x21,
    0x4f, 0x21, 0x4f, 0x21, 0x4f, 0x21, 0x4f, 0x21, 0x4f, 0x21, 0x4f, 0x21, 0x4f, 0x21, 0x4f, 0x21,
    0x6f, 0x21, 0x4f, 0x21, 0x6f, 0x21, 0x6f, 0x21, 0x6f, 0x21, 0x6f, 0x21, 0x4f, 0x21, 0x4f, 0x21,
    0x4f, 0x21, 0x4f, 0x21, 0x4f, 0x21, 0x4f, 0x21, 0x4f, 0x21, 0x4f, 0x21, 0x4f, 0x21, 0x4f, 0x21,
    0x4f, 0x21, 0x4f, 0x21, 0x4f, 0x21, 0x4f, 0x21, 0x4f, 0x21, 0x4f, 0x21, 0x4f, 0x21, 0x4f, 0x21,
    0x6f, 0x21, 0x4f, 0x21, 0x4f, 0x21, 0x4f, 0x21, 0x4f, 0x21, 0x6f, 0x21, 0x4f, 0x21, 0x4f, 0x21,
    0x4f, 0x21, 0x6f, 0x21, 0x4f, 0x21, 0x4f, 0x21, 0x4f, 0x21, 0x4f, 0x21, 0x4f, 0x21, 0x4f, 0x21,
    0x4f, 0x21, 0x4f, 0x21, 0x4f, 0x21, 0x4f, 0x21, 0x4f, 0x21, 0x4f, 0x21, 0x4f, 0x21, 0x4f, 0x21,
    0x4f, 0x21, 0x4f, 0x21, 0x4f, 0x21, 0x4f, 0x21, 0x4f, 0x21, 0x4f, 0x21, 0x4f, 0x21, 0x4f, 0x21,
    0x4f, 0x21, 0x4f, 0x21, 0x4f, 0x21, 0x4f, 0x21, 0x4f, 0x21, 0x4f, 0x21, 0x4f, 0x21, 0x4f, 0x21,
    0x4f, 0x21, 0x4f, 0x21, 0x4f, 0x21, 0x4f, 0x21, 0x4f, 0x21, 0x71, 0x21, 0x71, 0x21, 0x71, 0x21,
    0x71, 0x21, 0x71, 0x21, 0x71, 0x21, 0x71, 0x21, 0x71, 0x21, 0x71, 0x21, 0x71, 0x21, 0x71, 0x21,
    0x71, 0x21, 0x71, 0x21, 0x71, 0x21, 0x72, 0x21, 0x72, 0x21, 0x72, 0x21, 0x72, 0x21, 0x72, 0x21,
    0x72, 0x21, 0x72, 0x21, 0x72, 0x21, 0x72, 0x21, 0x72, 0x21, 0x72, 0x21, 0x72, 0x21, 0x72, 0x21,
    0x72, 0x21, 0x72, 0x21, 0x72, 0x21, 0x72, 0x21, 0x72, 0x21, 0x72, 0x21, 0x72, 0x21, 0x72, 0x21,
    0x72, 0x21, 0x72, 0x21, 0x72, 0x21, 0x72, 0x21, 0x72, 0x21, 0x72, 0x21, 0x72, 0x21, 0x72, 0x21,
    0x72, 0x21, 0x72, 0x21, 0x72, 0x21, 0x72, 0x21, 0x72, 0x21, 0x72, 0x21, 0x72, 0x21, 0x72, 0x21,
    0x72, 0x21, 0x72, 0x21, 0x72, 0x21, 0x72, 0x21, 0x72, 0x21, 0x72, 0x21, 0x72, 0x21, 0x72, 0x21,
    0x72, 0x21, 0x72, 0x21, 0x72, 0x21, 0x72, 0x21, 0x72, 0x21, 0x72, 0x21, 0x72, 0x21, 0x72, 0x21,
    0x72, 0x21, 0x72, 0x21, 0x72, 0x21, 0x72, 0x21, 0x72, 0x21, 0x72, 0x21, 0x72, 0x21, 0x72, 0x21,
    0x72, 0x21, 0x72, 0x21, 0x72, 0x21, 0x72, 0x21, 0x72, 0x21, 0x72, 0x21, 0x72, 0x21, 0x72, 0x21,
    0x72, 0x21, 0x72, 0x21, 0x72, 0x21, 0x72, 0x21, 0x72, 0x21, 0x72, 0x21, 0x72, 0x21, 0x72, 0x21,
    0x72, 0x21, 0x72, 0x21, 0x72, 0x21, 0x72, 0x21, 0x72, 0x21, 0x72, 0x21, 0x72, 0x21, 0x72, 0x21,
    0x72, 0x21, 0x71, 0x21, 0x71, 0x21, 0x71, 0x21, 0x71, 0x21, 0x71, 0x21, 0x71, 0x21, 0x71, 0x21,
};

const lv_image_dsc_t ui_physics_circuit = {
    .header.magic = LV_IMAGE_HEADER_MAGIC,
    .header.cf = LV_COLOR_FORMAT_RGB565,
    .header.flags = 0,
    .header.w = 100,
    .header.h = 100,
    .header.stride = 200,
    .data_size = sizeof(ui_physics_circuit_data),
    .data = ui_physics_circuit_data,
};
