#include "physics_card.h"

#ifndef LV_ATTRIBUTE_MEM_ALIGN
#define LV_ATTRIBUTE_MEM_ALIGN
#endif

#ifndef LV_ATTRIBUTE_LARGE_CONST
#define LV_ATTRIBUTE_LARGE_CONST
#endif

#ifndef LV_ATTRIBUTE_IMAGE_UI_HOME_PHYSICS_CARD
#define LV_ATTRIBUTE_IMAGE_UI_HOME_PHYSICS_CARD
#endif

const LV_ATTRIBUTE_MEM_ALIGN LV_ATTRIBUTE_LARGE_CONST LV_ATTRIBUTE_IMAGE_UI_HOME_PHYSICS_CARD uint8_t ui_home_physics_card_data[] = {
    0x71, 0x21, 0x71, 0x21, 0x71, 0x21, 0x71, 0x21, 0x71, 0x21, 0x71, 0x21, 0x71, 0x21, 0x71, 0x21,
    0x71, 0x21, 0x71, 0x21, 0x71, 0x21, 0x71, 0x21, 0x71, 0x21, 0x71, 0x21, 0x71, 0x21, 0x71, 0x21,
    0x71, 0x21, 0x71, 0x21, 0x71, 0x21, 0x71, 0x21, 0x71, 0x21, 0x71, 0x21, 0x71, 0x21, 0x71, 0x21,
    0x71, 0x21, 0x71, 0x21, 0x71, 0x21, 0x71, 0x21, 0x71, 0x21, 0x71, 0x21, 0x71, 0x21, 0x71, 0x21,
    0x71, 0x21, 0x71, 0x21, 0x71, 0x21, 0x71, 0x21, 0x71, 0x21, 0x71, 0x21, 0x71, 0x21, 0x71, 0x21,
    0x71, 0x21, 0x71, 0x21, 0x71, 0x21, 0x71, 0x21, 0x71, 0x21, 0x71, 0x21, 0x71, 0x21, 0x71, 0x21,
    0x71, 0x21, 0x71, 0x21, 0x71, 0x21, 0x71, 0x21, 0x71, 0x21, 0x71, 0x21, 0x71, 0x21, 0x71, 0x21,
    0x71, 0x21, 0x71, 0x21, 0x71, 0x21, 0x71, 0x21, 0x71, 0x21, 0x71, 0x21, 0x71, 0x21, 0x71, 0x21,
    0x71, 0x21, 0x71, 0x21, 0x71, 0x21, 0x71, 0x21, 0x71, 0x21, 0x71, 0x21, 0x71, 0x21, 0x71, 0x21,
    0x71, 0x21, 0x71, 0x21, 0x71, 0x21, 0x71, 0x21, 0x71, 0x21, 0x71, 0x21, 0x71, 0x21, 0x71, 0x21,
    0x71, 0x21, 0x71, 0x21, 0x71, 0x21, 0x71, 0x21, 0x71, 0x21, 0x71, 0x21, 0x71, 0x21, 0x71, 0x21,
    0x71, 0x21, 0x71, 0x21, 0x71, 0x21, 0x71, 0x21, 0x71, 0x21, 0x71, 0x21, 0x71, 0x21, 0x71, 0x21,
    0x71, 0x21, 0x71, 0x21, 0x71, 0x21, 0x71, 0x21, 0x71, 0x21, 0x71, 0x21, 0x71, 0x21, 0x71, 0x21,
    0x71, 0x21, 0x71, 0x21, 0x71, 0x21, 0x71, 0x21, 0x71, 0x21, 0x71, 0x21, 0x71, 0x21, 0x71, 0x21,
    0x71, 0x21, 0x71, 0x21, 0x71, 0x21, 0x71, 0x21, 0x71, 0x21, 0x71, 0x21, 0x71, 0x21, 0x71, 0x21,
    0x71, 0x21, 0x71, 0x21, 0x71, 0x21, 0x71, 0x21, 0x71, 0x21, 0x71, 0x21, 0x71, 0x21, 0x71, 0x21,
    0x71, 0x21, 0x71, 0x21, 0x71, 0x21, 0x71, 0x21, 0x71, 0x21, 0x71, 0x21, 0x71, 0x21, 0x71, 0x21,
    0x71, 0x21, 0x71, 0x21, 0x71, 0x21, 0x71, 0x21, 0x71, 0x21, 0x71, 0x21, 0x71, 0x21, 0x71, 0x21,
    0x71, 0x21, 0x71, 0x21, 0x71, 0x21, 0x71, 0x21, 0x71, 0x21, 0x71, 0x21, 0x71, 0x21, 0x71, 0x21,
    0x71, 0x21, 0x71, 0x21, 0x71, 0x21, 0x71, 0x21, 0x71, 0x21, 0x71, 0x21, 0x71, 0x21, 0x71, 0x21,
    0x71, 0x21, 0x71, 0x21, 0x71, 0x21, 0x71, 0x21, 0x71, 0x21, 0x71, 0x21, 0x71, 0x21, 0x71, 0x21,
    0x71, 0x21, 0x71, 0x21, 0x71, 0x21, 0x71, 0x21, 0x71, 0x21, 0x71, 0x21, 0x71, 0x21, 0x71, 0x21,
    0x71, 0x21, 0x71, 0x21, 0x71, 0x21, 0x71, 0x21, 0x71, 0x21, 0x71, 0x21, 0x71, 0x21, 0x71, 0x21,
    0x71, 0x21, 0x71, 0x21, 0x71, 0x21, 0x71, 0x21, 0x71, 0x21, 0x71, 0x21, 0x71, 0x21, 0x71, 0x21,
    0x71, 0x21, 0x71, 0x21, 0x71, 0x21, 0x71, 0x21, 0x71, 0x21, 0x71, 0x21, 0x71, 0x21, 0x71, 0x21,
    0x71, 0x21, 0x71, 0x21, 0x71, 0x21, 0x71, 0x21, 0x71, 0x21, 0x71, 0x21, 0x71, 0x21, 0x71, 0x21,
    0x71, 0x21, 0x71, 0x21, 0x71, 0x21, 0x71, 0x21, 0x71, 0x21, 0x71, 0x21, 0x71, 0x21, 0x71, 0x21,
    0x71, 0x21, 0x71, 0x21, 0x71, 0x21, 0x71, 0x21, 0x71, 0x21, 0x71, 0x21, 0x71, 0x21, 0x71, 0x21,
    0x71, 0x21, 0x71, 0x21, 0x71, 0x21, 0x71, 0x21, 0x71, 0x21, 0x71, 0x21, 0x71, 0x21, 0x71, 0x21,
    0x71, 0x21, 0x71, 0x21, 0x71, 0x21, 0x71, 0x21, 0x71, 0x21, 0x71, 0x21, 0x71, 0x21, 0x71, 0x21,
    0x71, 0x21, 0x71, 0x21, 0x71, 0x21, 0x71, 0x21, 0x71, 0x21, 0x71, 0x21, 0x71, 0x21, 0x71, 0x21,
    0x71, 0x21, 0x71, 0x21, 0x71, 0x21, 0x71, 0x21, 0x71, 0x21, 0x71, 0x21, 0x71, 0x21, 0x71, 0x21,
    0x71, 0x21, 0x71, 0x21, 0x71, 0x21, 0x71, 0x21, 0x71, 0x21, 0x71, 0x21, 0x71, 0x21, 0x71, 0x21,
    0x71, 0x21, 0x71, 0x21, 0x71, 0x21, 0x71, 0x21, 0x71, 0x21, 0x71, 0x21, 0x71, 0x21, 0x71, 0x21,
    0x71, 0x21, 0x71, 0x21, 0x71, 0x21, 0x71, 0x21, 0x71, 0x21, 0x71, 0x21, 0x71, 0x21, 0x71, 0x21,
    0x71, 0x21, 0x71, 0x21, 0x71, 0x21, 0x71, 0x21, 0x71, 0x21, 0x71, 0x21, 0x71, 0x21, 0x71, 0x21,
    0x71, 0x21, 0x71, 0x21, 0x71, 0x21, 0x71, 0x21, 0x71, 0x21, 0x71, 0x21, 0x71, 0x21, 0x71, 0x21,
    0x71, 0x21, 0x71, 0x21, 0x71, 0x21, 0x71, 0x21, 0x71, 0x21, 0x71, 0x21, 0x71, 0x21, 0x71, 0x21,
    0x71, 0x21, 0x71, 0x21, 0x71, 0x21, 0x71, 0x21, 0x71, 0x21, 0x71, 0x21, 0x71, 0x21, 0x71, 0x21,
    0x71, 0x21, 0x71, 0x21, 0x71, 0x21, 0x71, 0x21, 0x71, 0x21, 0x71, 0x21, 0x71, 0x21, 0x71, 0x21,
    0x71, 0x21, 0x71, 0x21, 0x71, 0x21, 0x71, 0x21, 0x71, 0x21, 0x71, 0x21, 0x71, 0x21, 0x71, 0x21,
    0x71, 0x21, 0x71, 0x21, 0x71, 0x21, 0x71, 0x21, 0x71, 0x21, 0x71, 0x21, 0x71, 0x21, 0x71, 0x21,
    0x71, 0x21, 0x71, 0x21, 0x71, 0x21, 0x71, 0x21, 0x71, 0x21, 0x71, 0x21, 0x71, 0x21, 0x71, 0x21,
    0x71, 0x21, 0x71, 0x21, 0x71, 0x21, 0x71, 0x21, 0x71, 0x21, 0x71, 0x21, 0x71, 0x21, 0x71, 0x21,
    0x71, 0x21, 0x71, 0x21, 0x71, 0x21, 0x71, 0x21, 0x71, 0x21, 0x71, 0x21, 0x71, 0x21, 0x71, 0x21,
    0x71, 0x21, 0x71, 0x21, 0x71, 0x21, 0x71, 0x21, 0x71, 0x21, 0x71, 0x21, 0x71, 0x21, 0x71, 0x21,
    0x71, 0x21, 0x71, 0x21, 0x71, 0x21, 0x71, 0x21, 0x71, 0x21, 0x71, 0x21, 0x71, 0x21, 0x71, 0x21,
    0x71, 0x21, 0x71, 0x21, 0x71, 0x21, 0x71, 0x21, 0x71, 0x21, 0x71, 0x21, 0x71, 0x21, 0x71, 0x21,
    0x71, 0x21, 0x71, 0x21, 0x71, 0x21, 0x71, 0x21, 0x71, 0x21, 0x71, 0x21, 0x71, 0x21, 0x71, 0x21,
    0x71, 0x21, 0x71, 0x21, 0x71, 0x21, 0x71, 0x21, 0x71, 0x21, 0x71, 0x21, 0x71, 0x21, 0x71, 0x21,
    0x71, 0x21, 0x71, 0x21, 0x71, 0x21, 0x71, 0x21, 0x71, 0x21, 0x71, 0x21, 0x71, 0x21, 0x71, 0x21,
    0x71, 0x21, 0x71, 0x21, 0x71, 0x21, 0x71, 0x21, 0x71, 0x21, 0x71, 0x21, 0x71, 0x21, 0x71, 0x21,
    0x71, 0x21, 0x71, 0x21, 0x71, 0x21, 0x71, 0x21, 0x71, 0x21, 0x71, 0x21, 0x71, 0x21, 0x71, 0x21,
    0x71, 0x21, 0x71, 0x21, 0x71, 0x21, 0x71, 0x21, 0x71, 0x21, 0x71, 0x21, 0x71, 0x21, 0x71, 0x21,
    0x71, 0x21, 0x71, 0x21, 0x71, 0x21, 0x71, 0x21, 0x71, 0x21, 0x71, 0x21, 0x71, 0x21, 0x71, 0x21,
    0x71, 0x21, 0x71, 0x21, 0x71, 0x21, 0x71, 0x21, 0x71, 0x21, 0x71, 0x21, 0x71, 0x21, 0x71, 0x21,
    0x71, 0x21, 0x71, 0x21, 0x71, 0x21, 0x71, 0x21, 0x71, 0x21, 0x71, 0x21, 0x71, 0x21, 0x71, 0x21,
    0x72, 0x21, 0x72, 0x21, 0x72, 0x21, 0x72, 0x21, 0x72, 0x21, 0x72, 0x21, 0x72, 0x21, 0x72, 0x21,
    0x72, 0x21, 0x72, 0x21, 0x72, 0x21, 0x72, 0x21, 0x72, 0x21, 0x72, 0x21, 0x72, 0x21, 0x72, 0x21,
    0x72, 0x21, 0x72, 0x21, 0x72, 0x21, 0x72, 0x21, 0x72, 0x21, 0x72, 0x21, 0x72, 0x21, 0x72, 0x21,
    0x72, 0x21, 0x72, 0x21, 0x72, 0x21, 0x72, 0x21, 0x72, 0x21, 0x72, 0x21, 0x72, 0x21, 0x72, 0x21,
    0x72, 0x21, 0x72, 0x21, 0x72, 0x21, 0x72, 0x21, 0x72, 0x21, 0x72, 0x21, 0x72, 0x21, 0x72, 0x21,
    0x72, 0x21, 0x72, 0x21, 0x72, 0x21, 0x72, 0x21, 0x72, 0x21, 0x72, 0x21, 0x72, 0x21, 0x72, 0x21,
    0x72, 0x21, 0x72, 0x21, 0x72, 0x21, 0x72, 0x21, 0x72, 0x21, 0x72, 0x21, 0x72, 0x21, 0x72, 0x21,
    0x72, 0x21, 0x72, 0x21, 0x72, 0x21, 0x72, 0x21, 0x72, 0x21, 0x72, 0x21, 0x72, 0x21, 0x72, 0x21,
    0x72, 0x21, 0x72, 0x21, 0x72, 0x21, 0x72, 0x21, 0x72, 0x21, 0x72, 0x21, 0x72, 0x21, 0x72, 0x21,
    0x72, 0x21, 0x72, 0x21, 0x72, 0x21, 0x72, 0x21, 0x72, 0x21, 0x72, 0x21, 0x72, 0x21, 0x72, 0x21,
    0x72, 0x21, 0x72, 0x21, 0x72, 0x21, 0x72, 0x21, 0x72, 0x21, 0x72, 0x21, 0x72, 0x21, 0x72, 0x21,
    0x72, 0x21, 0x72, 0x21, 0x72, 0x21, 0x72, 0x21, 0x72, 0x21, 0x72, 0x21, 0x72, 0x21, 0x72, 0x21,
    0x72, 0x21, 0x72, 0x21, 0x72, 0x21, 0x72, 0x21, 0x72, 0x21, 0x72, 0x21, 0x72, 0x21, 0x72, 0x21,
    0x72, 0x21, 0x72, 0x21, 0x72, 0x21, 0x72, 0x21, 0x72, 0x21, 0x72, 0x21, 0x72, 0x21, 0x72, 0x21,
    0x72, 0x21, 0x72, 0x21, 0x72, 0x21, 0x72, 0x21, 0x72, 0x21, 0x72, 0x21, 0x72, 0x21, 0x72, 0x21,
    0x72, 0x21, 0x72, 0x21, 0x72, 0x21, 0x72, 0x21, 0x72, 0x21, 0x72, 0x21, 0x72, 0x21, 0x72, 0x21,
    0x72, 0x21, 0x72, 0x21, 0x72, 0x21, 0x72, 0x21, 0x72, 0x21, 0x72, 0x21, 0x72, 0x21, 0x72, 0x21,
    0x72, 0x21, 0x72, 0x21, 0x72, 0x21, 0x72, 0x21, 0x72, 0x21, 0x72, 0x21, 0x72, 0x21, 0x72, 0x21,
    0x72, 0x21, 0x72, 0x21, 0x72, 0x21, 0x72, 0x21, 0x72, 0x21, 0x72, 0x21, 0x72, 0x21, 0x72, 0x21,
    0x72, 0x21, 0x72, 0x21, 0x72, 0x21, 0x72, 0x21, 0x72, 0x21, 0x72, 0x21, 0x72, 0x21, 0x72, 0x21,
    0x72, 0x21, 0x72, 0x21, 0x72, 0x21, 0x72, 0x21, 0x72, 0x21, 0x72, 0x21, 0x72, 0x21, 0x72, 0x21,
    0x72, 0x21, 0x72, 0x21, 0x72, 0x21, 0x72, 0x21, 0x72, 0x21, 0x72, 0x21, 0x72, 0x21, 0x72, 0x21,
    0x72, 0x21, 0x72, 0x21, 0x72, 0x21, 0x72, 0x21, 0x72, 0x21, 0x72, 0x21, 0x72, 0x21, 0x72, 0x21,
    0x72, 0x21, 0x72, 0x21, 0x72, 0x21, 0x72, 0x21, 0x72, 0x21, 0x71, 0x21, 0x71, 0x21, 0x71, 0x21,
    0x71, 0x21, 0x71, 0x21, 0x71, 0x21, 0x71, 0x21, 0x71, 0x21, 0x71, 0x21, 0x71, 0x21, 0x71, 0x21,
    0x71, 0x21, 0x71, 0x21, 0x71, 0x21, 0x71, 0x21, 0x71, 0x21, 0x71, 0x21, 0x71, 0x21, 0x71, 0x21,
    0x71, 0x21, 0x71, 0x21, 0x71, 0x21, 0x71, 0x21, 0x71, 0x21, 0x71, 0x21, 0x71, 0x21, 0x71, 0x21,
    0x71, 0x21, 0x71, 0x21, 0x71, 0x21, 0x6f, 0x21, 0x6e, 0x21, 0x6e, 0x21, 0x6e, 0x21, 0x6e, 0x21,
    0x6e, 0x21, 0x6e, 0x21, 0x4e, 0x21, 0x4e, 0x21, 0x4e, 0x21, 0x4e, 0x21, 0x4e, 0x21, 0x4e, 0x21,
    0x4e, 0x21, 0x4e, 0x21, 0x4e, 0x21, 0x4e, 0x21, 0x4e, 0x21, 0x4e, 0x21, 0x4e, 0x21, 0x6e, 0x21,
    0x4e, 0x21, 0x4e, 0x21, 0x4e, 0x21, 0x4e, 0x21, 0x6e, 0x21, 0x6e, 0x21, 0x6e, 0x21, 0x6e, 0x21,
    0x6e, 0x21, 0x4e, 0x21, 0x6e, 0x21, 0x6e, 0x21, 0x4e, 0x21, 0x6e, 0x21, 0x6e, 0x21, 0x6e, 0x21,
    0x6e, 0x21, 0x6e, 0x21, 0x6e, 0x21, 0x6e, 0x21, 0x4e, 0x21, 0x4e, 0x21, 0x4e, 0x21, 0x4e, 0x21,
    0x4e, 0x21, 0x6e, 0x21, 0x6e, 0x21, 0x6e, 0x21, 0x6e, 0x21, 0x4e, 0x21, 0x6e, 0x21, 0x6e, 0x21,
    0x6e, 0x21, 0x6e, 0x21, 0x6e, 0x21, 0x6e, 0x21, 0x6e, 0x21, 0x4e, 0x21, 0x4e, 0x21, 0x4e, 0x21,
    0x4e, 0x21, 0x4e, 0x21, 0x4e, 0x21, 0x4e, 0x21, 0x4e, 0x21, 0x6e, 0x21, 0x6e, 0x21, 0x6e, 0x21,
    0x6e, 0x21, 0x6e, 0x21, 0x6e, 0x21, 0x6e, 0x21, 0x6e, 0x21, 0x6e, 0x21, 0x4e, 0x21, 0x4e, 0x21,
    0x4e, 0x21, 0x4e, 0x21, 0x4e, 0x21, 0x4e, 0x21, 0x4e, 0x21, 0x4e, 0x21, 0x4e, 0x21, 0x4e, 0x21,
    0x4e, 0x21, 0x4e, 0x21, 0x6e, 0x21, 0x6e, 0x21, 0x6d, 0x21, 0x6d, 0x21, 0x4e, 0x21, 0x6e, 0x21,
    0x6e, 0x21, 0x4e, 0x21, 0x4e, 0x21, 0x6e, 0x21, 0x6e, 0x21, 0x4e, 0x21, 0x6e, 0x21, 0x6e, 0x21,
    0x6e, 0x21, 0x6e, 0x21, 0x6e, 0x21, 0x6d, 0x21, 0x6e, 0x21, 0x6d, 0x21, 0x6d, 0x21, 0x6d, 0x21,
    0x4d, 0x21, 0x4d, 0x21, 0x4d, 0x21, 0x4d, 0x21, 0x6d, 0x21, 0x6d, 0x21, 0x6d, 0x21, 0x6d, 0x21,
    0x6d, 0x21, 0x6d, 0x21, 0x6d, 0x21, 0x6d, 0x21, 0x4d, 0x21, 0x6d, 0x21, 0x6d, 0x21, 0x4d, 0x21,
    0x6d, 0x21, 0x6d, 0x21, 0x4d, 0x21, 0x4d, 0x21, 0x6d, 0x21, 0x6d, 0x21, 0x6d, 0x21, 0x6d, 0x21,
    0x4d, 0x21, 0x4d, 0x21, 0x4d, 0x21, 0x4d, 0x21, 0x6d, 0x21, 0x6d, 0x21, 0x6d, 0x21, 0x6d, 0x21,
    0x6d, 0x21, 0x6d, 0x21, 0x6d, 0x21, 0x6d, 0x21, 0x6d, 0x21, 0x6d, 0x21, 0x4d, 0x21, 0x4d, 0x21,
    0x6d, 0x21, 0x6d, 0x21, 0x6d, 0x21, 0x4d, 0x21, 0x4d, 0x21, 0x4d, 0x21, 0x4d, 0x21, 0x4d, 0x21,
    0x4d, 0x21, 0x4d, 0x21, 0x4d, 0x21, 0x6d, 0x21, 0x6d, 0x21, 0x6d, 0x21, 0x6d, 0x21, 0x6d, 0x21,
    0x6d, 0x21, 0x6d, 0x21, 0x6d, 0x21, 0x4d, 0x21, 0x4d, 0x21, 0x6d, 0x21, 0x6d, 0x21, 0x6d, 0x21,
    0x4d, 0x21, 0x4d, 0x21, 0x4d, 0x21, 0x4d, 0x21, 0x4d, 0x21, 0x4d, 0x21, 0x4d, 0x21, 0x4d, 0x21,
    0x4d, 0x21, 0x6e, 0x21, 0x6e, 0x21, 0x6e, 0x21, 0x6d, 0x21, 0x6d, 0x21, 0x6d, 0x21, 0x6e, 0x21,
    0x6e, 0x21, 0x70, 0x21, 0x71, 0x21, 0x71, 0x21, 0x71, 0x21, 0x71, 0x21, 0x71, 0x21, 0x71, 0x21,
    0x71, 0x21, 0x71, 0x21, 0x71, 0x21, 0x71, 0x21, 0x71, 0x21, 0x71, 0x21, 0x71, 0x21, 0x71, 0x21,
    0x71, 0x21, 0x71, 0x21, 0x71, 0x21, 0x71, 0x21, 0x71, 0x21, 0x71, 0x21, 0x71, 0x21, 0x71, 0x21,
    0x71, 0x21, 0x71, 0x21, 0x71, 0x21, 0x71, 0x21, 0x71, 0x21, 0x51, 0x21, 0x6d, 0x21, 0xa6, 0x31,
    0xa6, 0x31, 0x86, 0x31, 0x86, 0x31, 0x86, 0x31, 0x86, 0x31, 0xa6, 0x31, 0x86, 0x31, 0x86, 0x31,
    0x86, 0x31, 0x86, 0x31, 0x86, 0x31, 0x86, 0x31, 0x86, 0x31, 0x86, 0x31, 0x86, 0x31, 0x86, 0x31,
    0x86, 0x31, 0x86, 0x31, 0x86, 0x31, 0x86, 0x31, 0x86, 0x31, 0x86, 0x31, 0x86, 0x31, 0x65, 0x31,
    0x65, 0x31, 0x65, 0x31, 0x86, 0x31, 0x86, 0x31, 0x86, 0x31, 0x86, 0x31, 0x86, 0x31, 0x86, 0x31,
    0x86, 0x31, 0x86, 0x31, 0x86, 0x31, 0x86, 0x31, 0x86, 0x31, 0x86, 0x31, 0x86, 0x31, 0x86, 0x31,
    0x86, 0x31, 0x86, 0x31, 0x86, 0x31, 0x86, 0x31, 0x86, 0x31, 0x86, 0x31, 0x86, 0x31, 0x86, 0x31,
    0x86, 0x31, 0x86, 0x31, 0x86, 0x31, 0xa6, 0x31, 0xa6, 0x31, 0xa6, 0x31, 0x86, 0x31, 0x86, 0x31,
    0x86, 0x31, 0x85, 0x31, 0x65, 0x29, 0x85, 0x31, 0x86, 0x31, 0x86, 0x31, 0x86, 0x31, 0x86, 0x31,
    0x86, 0x31, 0x86, 0x31, 0x86, 0x31, 0x86, 0x31, 0x86, 0x31, 0x86, 0x31, 0x86, 0x31, 0x86, 0x31,
    0x86, 0x31, 0x86, 0x31, 0x86, 0x31, 0x86, 0x31, 0x85, 0x31, 0x85, 0x31, 0x86, 0x31, 0x86, 0x31,
    0x86, 0x31, 0x86, 0x31, 0x86, 0x31, 0x86, 0x31, 0x86, 0x31, 0x86, 0x31, 0x86, 0x31, 0x86, 0x31,
    0x86, 0x31, 0x85, 0x31, 0x85, 0x31, 0x85, 0x31, 0x86, 0x31, 0x86, 0x31, 0x86, 0x31, 0x86, 0x31,
    0x85, 0x31, 0x85, 0x31, 0x85, 0x31, 0x85, 0x31, 0x86, 0x31, 0x86, 0x31, 0x86, 0x31, 0x86, 0x31,
    0x86, 0x31, 0x86, 0x31, 0x86, 0x31, 0x85, 0x31, 0x65, 0x31, 0x85, 0x31, 0x85, 0x31, 0x85, 0x31,
    0x85, 0x31, 0x86, 0x31, 0x85, 0x31, 0x85, 0x31, 0x85, 0x31, 0x85, 0x31, 0x85, 0x31, 0x86, 0x31,
    0x85, 0x31, 0x86, 0x31, 0x85, 0x31, 0x85, 0x31, 0x85, 0x31, 0x85, 0x31, 0x85, 0x31, 0x85, 0x31,
    0x85, 0x31, 0x85, 0x31, 0x85, 0x31, 0x86, 0x31, 0x85, 0x31, 0x85, 0x31, 0x85, 0x31, 0x86, 0x31,
    0x85, 0x31, 0x85, 0x31, 0x86, 0x31, 0x86, 0x31, 0x86, 0x31, 0x85, 0x31, 0x85, 0x31, 0x85, 0x31,
    0x85, 0x31, 0x85, 0x31, 0x85, 0x31, 0x85, 0x31, 0x85, 0x31, 0x86, 0x31, 0x85, 0x31, 0x85, 0x31,
    0x85, 0x31, 0x65, 0x29, 0x65, 0x29, 0x85, 0x31, 0x65, 0x31, 0x85, 0x31, 0x85, 0x31, 0x85, 0x31,
    0x85, 0x31, 0x85, 0x31, 0x85, 0x31, 0x85, 0x31, 0x86, 0x31, 0x85, 0x31, 0x85, 0x31, 0x85, 0x31,
    0x85, 0x31, 0x86, 0x31, 0x85, 0x31, 0x86, 0x31, 0x85, 0x31, 0x85, 0x31, 0x85, 0x31, 0x85, 0x31,
    0x85, 0x31, 0x85, 0x31, 0x85, 0x31, 0x85, 0x31, 0x85, 0x31, 0x86, 0x31, 0x86, 0x31, 0x85, 0x31,
    0x85, 0x31, 0x85, 0x31, 0x86, 0x31, 0x86, 0x31, 0x86, 0x31, 0x6b, 0x21, 0x51, 0x19, 0x71, 0x21,
    0x71, 0x21, 0x71, 0x21, 0x71, 0x21, 0x71, 0x21, 0x71, 0x21, 0x71, 0x21, 0x71, 0x21, 0x71, 0x21,
    0x71, 0x21, 0x71, 0x21, 0x71, 0x21, 0x71, 0x21, 0x71, 0x21, 0x71, 0x21, 0x71, 0x21, 0x71, 0x21,
    0x71, 0x21, 0x71, 0x21, 0x71, 0x21, 0x71, 0x21, 0x71, 0x21, 0x71, 0x21, 0x71, 0x21, 0x71, 0x21,
    0x71, 0x21, 0x52, 0x19, 0x8b, 0x29, 0xc6, 0x39, 0xa6, 0x31, 0xa6, 0x31, 0xa6, 0x31, 0xa6, 0x31,
    0xa6, 0x31, 0xa6, 0x31, 0xa6, 0x31, 0xa6, 0x31, 0xa6, 0x31, 0xa6, 0x31, 0xa6, 0x31, 0xa6, 0x31,
    0xa6, 0x31, 0xa6, 0x31, 0x86, 0x31, 0xa6, 0x31, 0xa6, 0x31, 0x86, 0x31, 0x86, 0x31, 0xa6, 0x31,
    0x86, 0x31, 0x86, 0x31, 0x86, 0x31, 0x86, 0x31, 0x86, 0x31, 0x86, 0x31, 0x86, 0x31, 0xa6, 0x31,
    0xa6, 0x31, 0xa6, 0x31, 0xa6, 0x31, 0xa6, 0x31, 0xa6, 0x31, 0xa6, 0x31, 0xa6, 0x31, 0xa6, 0x31,
    0xa6, 0x31, 0x86, 0x31, 0x86, 0x31, 0x86, 0x31, 0x86, 0x31, 0x86, 0x31, 0x86, 0x31, 0x86, 0x31,
    0x86, 0x31, 0xa6, 0x31, 0xa6, 0x31, 0xa6, 0x31, 0xa6, 0x31, 0xa6, 0x31, 0xa6, 0x31, 0xa6, 0x31,
    0xa6, 0x31, 0xa6, 0x31, 0xa6, 0x31, 0xa6, 0x31, 0x86, 0x31, 0x86, 0x31, 0x86, 0x31, 0x86, 0x31,
    0x86, 0x31, 0x86, 0x31, 0xa6, 0x31, 0xa6, 0x31, 0xa6, 0x31, 0xa6, 0x31, 0xa6, 0x31, 0xa6, 0x31,
    0xa6, 0x31, 0xa6, 0x31, 0xa6, 0x31, 0x86, 0x31, 0x86, 0x31, 0x86, 0x31, 0x86, 0x31, 0x86, 0x31,
    0x86, 0x31, 0x86, 0x31, 0x86, 0x31, 0xa6, 0x31, 0xa6, 0x31, 0xa6, 0x31, 0xa6, 0x31, 0xa6, 0x31,
    0xa6, 0x31, 0xa6, 0x31, 0xa6, 0x31, 0xa6, 0x31, 0xa6, 0x31, 0x86, 0x31, 0x86, 0x31, 0x86, 0x31,
    0x86, 0x31, 0x86, 0x31, 0x86, 0x31, 0x86, 0x31, 0x86, 0x31, 0x86, 0x31, 0x86, 0x31, 0x86, 0x31,
    0x86, 0x31, 0x86, 0x31, 0x86, 0x31, 0x86, 0x31, 0x86, 0x31, 0x86, 0x31, 0x86, 0x31, 0x86, 0x31,
    0x86, 0x31, 0x86, 0x31, 0x86, 0x31, 0x86, 0x31, 0x86, 0x31, 0x86, 0x31, 0x86, 0x31, 0x86, 0x31,
    0x86, 0x31, 0x86, 0x31, 0x86, 0x31, 0xa6, 0x31, 0xa6, 0x31, 0x86, 0x31, 0x86, 0x31, 0x86, 0x31,
    0x86, 0x31, 0x86, 0x31, 0x86, 0x31, 0x86, 0x31, 0x86, 0x31, 0x86, 0x31, 0x86, 0x31, 0xa6, 0x31,
    0x86, 0x31, 0x86, 0x31, 0x86, 0x31, 0x86, 0x31, 0x86, 0x31, 0x86, 0x31, 0x86, 0x31, 0x86, 0x31,
    0xa6, 0x31, 0xa6, 0x31, 0x86, 0x31, 0x86, 0x31, 0x86, 0x31, 0x86, 0x31, 0xa6, 0x31, 0x86, 0x31,
    0x86, 0x31, 0x86, 0x31, 0x86, 0x31, 0x86, 0x31, 0x86, 0x31, 0x86, 0x31, 0x86, 0x31, 0x86, 0x31,
    0x86, 0x31, 0x86, 0x31, 0x86, 0x31, 0x86, 0x31, 0x86, 0x31, 0x86, 0x31, 0x86, 0x31, 0x86, 0x31,
    0x86, 0x31, 0x86, 0x31, 0x86, 0x31, 0xa6, 0x31, 0xa6, 0x31, 0xa6, 0x31, 0xa6, 0x31, 0xa6, 0x31,
    0xa6, 0x31, 0xa6, 0x31, 0xa6, 0x31, 0xa6, 0x31, 0x86, 0x31, 0x86, 0x31, 0x86, 0x31, 0x86, 0x31,
    0x86, 0x31, 0xa6, 0x31, 0xa6, 0x31, 0x86, 0x31, 0x86, 0x31, 0xa6, 0x31, 0xa6, 0x31, 0xa6, 0x31,
    0xa6, 0x31, 0x4a, 0x21, 0x51, 0x19, 0x72, 0x21, 0x71, 0x21, 0x71, 0x21, 0x71, 0x21, 0x71, 0x21,
    0x71, 0x21, 0x71, 0x21, 0x71, 0x21, 0x71, 0x21, 0x71, 0x21, 0x71, 0x21, 0x71, 0x21, 0x71, 0x21,
    0x71, 0x21, 0x71, 0x21, 0x71, 0x21, 0x71, 0x21, 0x71, 0x21, 0x71, 0x21, 0x71, 0x21, 0x71, 0x21,
    0x71, 0x21, 0x71, 0x21, 0x71, 0x21, 0x50, 0x21, 0x4f, 0x19, 0x4f, 0x19, 0x69, 0x29, 0xa6, 0x31,
    0x86, 0x31, 0x86, 0x31, 0x86, 0x31, 0x86, 0x31, 0x86, 0x31, 0x86, 0x31, 0x86, 0x31, 0x86, 0x31,
    0x86, 0x31, 0x86, 0x31, 0x86, 0x31, 0x86, 0x31, 0x86, 0x31, 0x86, 0x31, 0x86, 0x31, 0x86, 0x31,
    0x86, 0x31, 0x86, 0x31, 0x86, 0x31, 0x86, 0x31, 0x86, 0x31, 0x66, 0x29, 0x65, 0x29, 0x65, 0x29,
    0x65, 0x29, 0x65, 0x29, 0x86, 0x31, 0x66, 0x29, 0x66, 0x29, 0x66, 0x29, 0x86, 0x31, 0x86, 0x31,
    0x65, 0x29, 0x65, 0x29, 0x66, 0x29, 0x86, 0x31, 0x65, 0x29, 0x65, 0x29, 0x65, 0x29, 0x65, 0x29,
    0x65, 0x29, 0x65, 0x29, 0x65, 0x29, 0x65, 0x29, 0x65, 0x29, 0x65, 0x29, 0x65, 0x29, 0x65, 0x29,
    0x65, 0x29, 0x65, 0x29, 0x66, 0x29, 0x86, 0x31, 0x86, 0x31, 0x86, 0x31, 0x86, 0x31, 0x86, 0x31,
    0x65, 0x29, 0x65, 0x29, 0x65, 0x29, 0x65, 0x29, 0x65, 0x29, 0x65, 0x29, 0x65, 0x29, 0x86, 0x31,
    0x86, 0x31, 0x86, 0x31, 0x86, 0x31, 0x86, 0x31, 0x66, 0x29, 0x65, 0x29, 0x65, 0x29, 0x65, 0x29,
    0x65, 0x29, 0x65, 0x29, 0x65, 0x29, 0x65, 0x29, 0x65, 0x29, 0x65, 0x29, 0x65, 0x29, 0x66, 0x29,
    0x66, 0x29, 0x86, 0x31, 0x86, 0x31, 0x66, 0x29, 0x65, 0x29, 0x66, 0x29, 0x66, 0x29, 0x66, 0x29,
    0x65, 0x29, 0x65, 0x29, 0x65, 0x29, 0x65, 0x29, 0x65, 0x29, 0x65, 0x29, 0x65, 0x29, 0x65, 0x29,
    0x65, 0x29, 0x65, 0x29, 0x65, 0x29, 0x65, 0x29, 0x65, 0x29, 0x65, 0x29, 0x65, 0x29, 0x65, 0x29,
    0x65, 0x29, 0x65, 0x29, 0x65, 0x29, 0x65, 0x29, 0x65, 0x29, 0x65, 0x29, 0x65, 0x29, 0x65, 0x29,
    0x65, 0x29, 0x65, 0x29, 0x65, 0x29, 0x65, 0x29, 0x65, 0x29, 0x65, 0x29, 0x65, 0x29, 0x65, 0x29,
    0x65, 0x29, 0x65, 0x29, 0x65, 0x29, 0x65, 0x29, 0x65, 0x29, 0x65, 0x29, 0x65, 0x29, 0x65, 0x29,
    0x65, 0x29, 0x65, 0x29, 0x66, 0x29, 0x65, 0x29, 0x66, 0x29, 0x66, 0x29, 0x66, 0x29, 0x65, 0x29,
    0x65, 0x29, 0x65, 0x29, 0x65, 0x29, 0x65, 0x29, 0x65, 0x29, 0x65, 0x29, 0x65, 0x29, 0x65, 0x29,
    0x65, 0x29, 0x65, 0x29, 0x86, 0x31, 0x65, 0x29, 0x65, 0x29, 0x65, 0x29, 0x65, 0x29, 0x65, 0x29,
    0x65, 0x29, 0x65, 0x29, 0x65, 0x29, 0x65, 0x29, 0x65, 0x29, 0x65, 0x29, 0x65, 0x29, 0x65, 0x29,
    0x65, 0x29, 0x65, 0x29, 0x65, 0x29, 0x65, 0x29, 0x65, 0x29, 0x65, 0x29, 0x65, 0x29, 0x65, 0x29,
    0x65, 0x29, 0x65, 0x29, 0x65, 0x29, 0x65, 0x29, 0x65, 0x29, 0x65, 0x29, 0x86, 0x31, 0x65, 0x29,
    0x65, 0x29, 0x65, 0x29, 0x65, 0x29, 0x65, 0x29, 0x65, 0x29, 0x65, 0x29, 0x65, 0x29, 0x86, 0x31,
    0x86, 0x31, 0x86, 0x31, 0x86, 0x31, 0x86, 0x31, 0x65, 0x31, 0x28, 0x21, 0x2f, 0x19, 0x4e, 0x21,
    0x4f, 0x19, 0x50, 0x21, 0x71, 0x21, 0x71, 0x21, 0x71, 0x21, 0x71, 0x21, 0x71, 0x21, 0x71, 0x21,
    0x71, 0x21, 0x71, 0x21, 0x71, 0x21, 0x71, 0x21, 0x71, 0x21, 0x71, 0x21, 0x71, 0x21, 0x71, 0x21,
    0x71, 0x21, 0x71, 0x21, 0x71, 0x21, 0x71, 0x21, 0x71, 0x21, 0x71, 0x21, 0x8c, 0x29, 0x87, 0x31,
    0x87, 0x31, 0xa7, 0x31, 0xe7, 0x39, 0x28, 0x42, 0x49, 0x4a, 0x49, 0x4a, 0x49, 0x4a, 0x69, 0x4a,
    0x49, 0x4a, 0x49, 0x4a, 0x49, 0x4a, 0x49, 0x4a, 0x49, 0x4a, 0x49, 0x4a, 0x49, 0x4a, 0x49, 0x4a,
    0x49, 0x4a, 0x49, 0x4a, 0x49, 0x4a, 0x49, 0x4a, 0x49, 0x4a, 0x49, 0x4a, 0x49, 0x4a, 0x49, 0x4a,
    0x49, 0x4a, 0x49, 0x4a, 0x49, 0x4a, 0x49, 0x4a, 0x28, 0x42, 0x28, 0x42, 0x28, 0x42, 0x28, 0x42,
    0x49, 0x4a, 0x49, 0x4a, 0x49, 0x4a, 0x49, 0x4a, 0x49, 0x4a, 0x49, 0x4a, 0x49, 0x4a, 0x28, 0x42,
    0x28, 0x42, 0x28, 0x42, 0x28, 0x42, 0x28, 0x42, 0x28, 0x42, 0x28, 0x42, 0x28, 0x42, 0x28, 0x42,
    0x49, 0x4a, 0x49, 0x4a, 0x28, 0x42, 0x49, 0x4a, 0x49, 0x4a, 0x28, 0x42, 0x49, 0x4a, 0x49, 0x4a,
    0x49, 0x4a, 0x49, 0x4a, 0x49, 0x4a, 0x49, 0x4a, 0x49, 0x4a, 0x49, 0x4a, 0x49, 0x4a, 0x49, 0x4a,
    0x49, 0x4a, 0x28, 0x42, 0x28, 0x42, 0x49, 0x4a, 0x49, 0x4a, 0x49, 0x4a, 0x49, 0x4a, 0x49, 0x4a,
    0x28, 0x42, 0x28, 0x42, 0x28, 0x42, 0x28, 0x42, 0x28, 0x42, 0x28, 0x42, 0x28, 0x42, 0x28, 0x42,
    0x28, 0x42, 0x28, 0x42, 0x28, 0x42, 0x28, 0x42, 0x49, 0x4a, 0x49, 0x4a, 0x49, 0x4a, 0x28, 0x42,
    0x28, 0x42, 0x28, 0x42, 0x49, 0x4a, 0x49, 0x4a, 0x28, 0x42, 0x28, 0x42, 0x28, 0x42, 0x28, 0x42,
    0x28, 0x42, 0x28, 0x42, 0x28, 0x42, 0x28, 0x42, 0x28, 0x42, 0x28, 0x42, 0x28, 0x42, 0x28, 0x42,
    0x49, 0x4a, 0x28, 0x42, 0x28, 0x42, 0x28, 0x42, 0x28, 0x42, 0x28, 0x42, 0x28, 0x42, 0x28, 0x42,
    0x28, 0x42, 0x28, 0x42, 0x28, 0x42, 0x49, 0x4a, 0x28, 0x42, 0x28, 0x42, 0x28, 0x42, 0x28, 0x42,
    0x28, 0x42, 0x28, 0x42, 0x28, 0x42, 0x28, 0x42, 0x28, 0x42, 0x28, 0x42, 0x28, 0x42, 0x28, 0x42,
    0x28, 0x42, 0x28, 0x42, 0x28, 0x42, 0x28, 0x42, 0x49, 0x4a, 0x28, 0x42, 0x28, 0x42, 0x28, 0x42,
    0x28, 0x42, 0x28, 0x42, 0x28, 0x42, 0x28, 0x42, 0x28, 0x42, 0x28, 0x42, 0x28, 0x42, 0x28, 0x42,
    0x28, 0x42, 0x49, 0x4a, 0x28, 0x42, 0x28, 0x42, 0x28, 0x42, 0x48, 0x4a, 0x49, 0x4a, 0x28, 0x42,
    0x28, 0x42, 0x28, 0x42, 0x28, 0x42, 0x28, 0x42, 0x28, 0x42, 0x28, 0x42, 0x28, 0x42, 0x28, 0x42,
    0x28, 0x42, 0x28, 0x42, 0x28, 0x42, 0x28, 0x42, 0x49, 0x4a, 0x49, 0x4a, 0x49, 0x4a, 0x28, 0x42,
    0x28, 0x42, 0x28, 0x42, 0x28, 0x42, 0x49, 0x4a, 0x49, 0x4a, 0x49, 0x4a, 0x28, 0x42, 0x28, 0x42,
    0x28, 0x42, 0x28, 0x42, 0x49, 0x4a, 0x49, 0x4a, 0x28, 0x42, 0x28, 0x42, 0x28, 0x42, 0x28, 0x42,
    0x28, 0x42, 0x28, 0x42, 0x28, 0x42, 0x49, 0x4a, 0x49, 0x4a, 0x49, 0x4a, 0x28, 0x42, 0x28, 0x42,
    0x28, 0x42, 0xc7, 0x39, 0x87, 0x31, 0x86, 0x31, 0x86, 0x31, 0x6b, 0x29, 0x71, 0x21, 0x71, 0x21,
    0x71, 0x21, 0x71, 0x21, 0x71, 0x21, 0x71, 0x21, 0x71, 0x21, 0x71, 0x21, 0x71, 0x21, 0x71, 0x21,
    0x71, 0x21, 0x71, 0x21, 0x71, 0x21, 0x71, 0x21, 0x71, 0x21, 0x71, 0x21, 0x71, 0x21, 0x71, 0x21,
    0x71, 0x21, 0x71, 0x21, 0xaa, 0x31, 0xc6, 0x39, 0xc7, 0x39, 0x65, 0x29, 0x10, 0x84, 0x7d, 0xef,
    0x5c, 0xef, 0x5d, 0xef, 0x5d, 0xef, 0x5d, 0xef, 0x5d, 0xef, 0x5d, 0xef, 0x5d, 0xef, 0x5d, 0xef,
    0x5d, 0xef, 0x5d, 0xef, 0x5d, 0xef, 0x5d, 0xef, 0x5d, 0xef, 0x5d, 0xef, 0x5d, 0xef, 0x5d, 0xef,
    0x5d, 0xef, 0x5d, 0xef, 0x5d, 0xef, 0x5d, 0xef, 0x5d, 0xef, 0x5d, 0xef, 0x5d, 0xef, 0x5d, 0xef,
    0x5d, 0xef, 0x5d, 0xef, 0x5d, 0xef, 0x5d, 0xef, 0x5d, 0xef, 0x5d, 0xef, 0x5d, 0xef, 0x5d, 0xef,
    0x5d, 0xef, 0x5d, 0xef, 0x5d, 0xef, 0x5d, 0xef, 0x5d, 0xef, 0x5d, 0xef, 0x5d, 0xef, 0x5d, 0xef,
    0x5d, 0xef, 0x5d, 0xef, 0x5d, 0xef, 0x5d, 0xef, 0x5d, 0xef, 0x5d, 0xef, 0x5d, 0xef, 0x5d, 0xef,
    0x5d, 0xef, 0x5d, 0xef, 0x5d, 0xef, 0x5d, 0xef, 0x5d, 0xef, 0x5d, 0xef, 0x5d, 0xef, 0x5d, 0xef,
    0x5d, 0xef, 0x5d, 0xef, 0x5d, 0xef, 0x5d, 0xef, 0x5d, 0xef, 0x5d, 0xef, 0x5d, 0xef, 0x5d, 0xef,
    0x5d, 0xef, 0x5d, 0xef, 0x5d, 0xef, 0x5d, 0xef, 0x5d, 0xef, 0x5d, 0xef, 0x5d, 0xef, 0x5d, 0xef,
    0x5d, 0xef, 0x5d, 0xef, 0x5d, 0xef, 0x5d, 0xef, 0x5d, 0xef, 0x5d, 0xef, 0x5d, 0xef, 0x5d, 0xef,
    0x5d, 0xef, 0x5d, 0xef, 0x5d, 0xef, 0x5d, 0xef, 0x5d, 0xef, 0x5d, 0xef, 0x5d, 0xef, 0x5d, 0xef,
    0x5d, 0xef, 0x5d, 0xef, 0x5d, 0xef, 0x5d, 0xef, 0x5d, 0xef, 0x5d, 0xef, 0x5d, 0xef, 0x5d, 0xef,
    0x5d, 0xef, 0x5d, 0xef, 0x5d, 0xef, 0x5d, 0xef, 0x5d, 0xef, 0x5d, 0xef, 0x5d, 0xef, 0x5d, 0xef,
    0x5d, 0xef, 0x5d, 0xef, 0x5d, 0xef, 0x5d, 0xef, 0x5d, 0xef, 0x5d, 0xef, 0x5d, 0xef, 0x5d, 0xef,
    0x5d, 0xef, 0x5d, 0xef, 0x5d, 0xef, 0x5d, 0xef, 0x5d, 0xef, 0x5d, 0xef, 0x5d, 0xef, 0x5d, 0xef,
    0x5d, 0xef, 0x5d, 0xef, 0x5d, 0xef, 0x5d, 0xef, 0x5d, 0xef, 0x5d, 0xef, 0x5d, 0xef, 0x5d, 0xef,
    0x5d, 0xef, 0x5d, 0xef, 0x5d, 0xef, 0x5d, 0xef, 0x5d, 0xef, 0x5d, 0xef, 0x5d, 0xef, 0x5d, 0xef,
    0x5d, 0xef, 0x5d, 0xef, 0x5d, 0xef, 0x5d, 0xef, 0x5d, 0xef, 0x5d, 0xef, 0x5d, 0xef, 0x5d, 0xef,
    0x5d, 0xef, 0x5d, 0xef, 0x5d, 0xef, 0x5d, 0xef, 0x5c, 0xef, 0x5c, 0xef, 0x5c, 0xef, 0x5c, 0xef,
    0x5c, 0xef, 0x5d, 0xef, 0x5d, 0xef, 0x5d, 0xef, 0x5d, 0xef, 0x5d, 0xef, 0x5d, 0xef, 0x5d, 0xef,
    0x5d, 0xef, 0x5d, 0xef, 0x5d, 0xef, 0x5d, 0xef, 0x5d, 0xef, 0x5d, 0xef, 0x5d, 0xef, 0x5d, 0xef,
    0x5d, 0xef, 0x5d, 0xef, 0x5d, 0xef, 0x5d, 0xef, 0x5d, 0xef, 0x5d, 0xef, 0x5d, 0xef, 0x5d, 0xef,
    0x5d, 0xef, 0x5d, 0xef, 0x5d, 0xef, 0x5d, 0xef, 0x5d, 0xef, 0x5d, 0xef, 0x5d, 0xef, 0x5d, 0xef,
    0x5d, 0xef, 0x5d, 0xef, 0x5d, 0xef, 0x3c, 0xe7, 0x9d, 0xf7, 0xb2, 0x94, 0x85, 0x31, 0xc6, 0x39,
    0xa5, 0x31, 0x89, 0x29, 0x51, 0x21, 0x71, 0x21, 0x71, 0x21, 0x71, 0x21, 0x71, 0x21, 0x71, 0x21,
    0x71, 0x21, 0x71, 0x21, 0x71, 0x21, 0x71, 0x21, 0x71, 0x21, 0x71, 0x21, 0x71, 0x21, 0x71, 0x21,
    0x71, 0x21, 0x71, 0x21, 0x71, 0x21, 0x71, 0x21, 0x71, 0x21, 0x51, 0x19, 0x69, 0x29, 0xc6, 0x39,
    0xc7, 0x39, 0x45, 0x29, 0x71, 0x8c, 0xff, 0xff, 0xdf, 0xff, 0xdf, 0xff, 0xdf, 0xff, 0xdf, 0xff,
    0xdf, 0xff, 0xdf, 0xff, 0xdf, 0xff, 0xdf, 0xff, 0xff, 0xff, 0xdf, 0xff, 0xdf, 0xff, 0xdf, 0xff,
    0xdf, 0xff, 0xdf, 0xff, 0xdf, 0xff, 0xdf, 0xff, 0xdf, 0xff, 0xdf, 0xff, 0xdf, 0xff, 0xdf, 0xff,
    0xdf, 0xff, 0xdf, 0xff, 0xdf, 0xff, 0xdf, 0xff, 0xdf, 0xff, 0xdf, 0xff, 0xff, 0xff, 0xff, 0xff,
    0xff, 0xff, 0xff, 0xff, 0xff, 0xff, 0xff, 0xff, 0xff, 0xff, 0xff, 0xff, 0xff, 0xff, 0xdf, 0xff,
    0xdf, 0xff, 0xdf, 0xff, 0xff, 0xff, 0xff, 0xff, 0xdf, 0xff, 0xdf, 0xff, 0xdf, 0xff, 0xff, 0xff,
    0xff, 0xff, 0xdf, 0xff, 0xdf, 0xff, 0xdf, 0xff, 0xdf, 0xff, 0xdf, 0xff, 0xdf, 0xff, 0xdf, 0xff,
    0xff, 0xff, 0xdf, 0xff, 0xdf, 0xff, 0xdf, 0xff, 0xff, 0xff, 0xff, 0xff, 0xdf, 0xff, 0xdf, 0xff,
    0xff, 0xff, 0xff, 0xff, 0xff, 0xff, 0xff, 0xff, 0xff, 0xff, 0xdf, 0xff, 0xdf, 0xff, 0xdf, 0xff,
    0xdf, 0xff, 0xdf, 0xff, 0xdf, 0xff, 0xff, 0xff, 0xff, 0xff, 0xff, 0xff, 0xff, 0xff, 0xff, 0xff,
    0xff, 0xff, 0xff, 0xff, 0xff, 0xff, 0xff, 0xff, 0xff, 0xff, 0xff, 0xff, 0xff, 0xff, 0xdf, 0xff,
    0xdf, 0xff, 0xdf, 0xff, 0xdf, 0xff, 0xdf, 0xff, 0xdf, 0xff, 0xdf, 0xff, 0xff, 0xff, 0xff, 0xff,
    0xdf, 0xff, 0xff, 0xff, 0xff, 0xff, 0xff, 0xff, 0xff, 0xff, 0xff, 0xff, 0xdf, 0xff, 0xdf, 0xff,
    0xff, 0xff, 0xff, 0xff, 0xff, 0xff, 0xff, 0xff, 0xdf, 0xff, 0xdf, 0xff, 0xdf, 0xff, 0xff, 0xff,
    0xff, 0xff, 0xff, 0xff, 0xff, 0xff, 0xff, 0xff, 0xff, 0xff, 0xff, 0xff, 0xff, 0xff, 0xff, 0xff,
    0xff, 0xff, 0xff, 0xff, 0xdf, 0xff, 0xff, 0xff, 0xff, 0xff, 0xdf, 0xff, 0xdf, 0xff, 0xdf, 0xff,
    0xdf, 0xff, 0xdf, 0xff, 0xdf, 0xff, 0xdf, 0xff, 0xff, 0xff, 0xff, 0xff, 0xdf, 0xff, 0xdf, 0xff,
    0xdf, 0xff, 0xdf, 0xff, 0xdf, 0xff, 0xdf, 0xff, 0xdf, 0xff, 0xdf, 0xff, 0xdf, 0xff, 0xff, 0xff,
    0xdf, 0xff, 0xdf, 0xff, 0xdf, 0xff, 0xdf, 0xff, 0xdf, 0xff, 0xdf, 0xff, 0xdf, 0xff, 0xdf, 0xff,
    0xdf, 0xff, 0xdf, 0xff, 0xff, 0xff, 0xff, 0xff, 0xff, 0xff, 0xff, 0xff, 0xff, 0xff, 0xff, 0xff,
    0xff, 0xff, 0xdf, 0xff, 0xdf, 0xff, 0xdf, 0xff, 0xdf, 0xff, 0xdf, 0xff, 0xdf, 0xff, 0xdf, 0xff,
    0xdf, 0xff, 0xdf, 0xff, 0xff, 0xff, 0xdf, 0xff, 0xdf, 0xff, 0xdf, 0xff, 0xdf, 0xff, 0xdf, 0xff,
    0xdf, 0xff, 0xdf, 0xff, 0xff, 0xff, 0xdf, 0xff, 0xdf, 0xff, 0xdf, 0xff, 0xdf, 0xff, 0xdf, 0xff,
    0xdf, 0xff, 0xdf, 0xff, 0xdf, 0xff, 0xdf, 0xff, 0xdf, 0xff, 0xdf, 0xff, 0xdf, 0xff, 0xdf, 0xff,
    0xff, 0xff, 0x34, 0xa5, 0x86, 0x31, 0xc7, 0x39, 0xc6, 0x39, 0x89, 0x29, 0x51, 0x19, 0x72, 0x21,
    0x72, 0x21, 0x71, 0x21, 0x71, 0x21, 0x71, 0x21, 0x71, 0x21, 0x71, 0x21, 0x71, 0x21, 0x71, 0x21,
    0x71, 0x21, 0x71, 0x21, 0x71, 0x21, 0x71, 0x21, 0x71, 0x21, 0x71, 0x21, 0x71, 0x21, 0x6f, 0x21,
    0x6e, 0x21, 0x6d, 0x21, 0x88, 0x31, 0x85, 0x31, 0xa6, 0x31, 0x45, 0x29, 0x71, 0x8c, 0xff, 0xff,
    0xdf, 0xff, 0xdf, 0xff, 0xbe, 0xf7, 0xbe, 0xf7, 0xdf, 0xff, 0xdf, 0xff, 0xdf, 0xff, 0xdf, 0xff,
    0xdf, 0xff, 0xdf, 0xff, 0xdf, 0xff, 0xdf, 0xff, 0xdf, 0xff, 0xdf, 0xff, 0xdf, 0xff, 0xdf, 0xff,
    0xdf, 0xff, 0xdf, 0xff, 0xdf, 0xff, 0xdf, 0xff, 0xdf, 0xff, 0xdf, 0xff, 0xdf, 0xff, 0xdf, 0xff,
    0xdf, 0xff, 0xdf, 0xff, 0xdf, 0xff, 0xdf, 0xff, 0xdf, 0xff, 0xdf, 0xff, 0xdf, 0xff, 0xdf, 0xff,
    0xdf, 0xff, 0xdf, 0xff, 0xdf, 0xff, 0xdf, 0xff, 0xdf, 0xff, 0xdf, 0xff, 0xdf, 0xff, 0xdf, 0xff,
    0xdf, 0xff, 0xdf, 0xff, 0xdf, 0xff, 0xdf, 0xff, 0xdf, 0xff, 0xdf, 0xff, 0xdf, 0xff, 0xdf, 0xff,
    0xdf, 0xff, 0xdf, 0xff, 0xdf, 0xff, 0xdf, 0xff, 0xdf, 0xff, 0xdf, 0xff, 0xdf, 0xff, 0xdf, 0xff,
    0xdf, 0xff, 0xdf, 0xff, 0xdf, 0xff, 0xdf, 0xff, 0xdf, 0xff, 0xdf, 0xff, 0xdf, 0xff, 0xdf, 0xff,
    0xdf, 0xff, 0xdf, 0xff, 0xdf, 0xff, 0xdf, 0xff, 0xdf, 0xff, 0xdf, 0xff, 0xdf, 0xff, 0xdf, 0xff,
    0xdf, 0xff, 0xdf, 0xff, 0xdf, 0xff, 0xdf, 0xff, 0xdf, 0xff, 0xdf, 0xff, 0xdf, 0xff, 0xdf, 0xff,
    0xdf, 0xff, 0xdf, 0xff, 0xdf, 0xff, 0xdf, 0xff, 0xdf, 0xff, 0xdf, 0xff, 0xdf, 0xff, 0xdf, 0xff,
    0xdf, 0xff, 0xdf, 0xff, 0xdf, 0xff, 0xdf, 0xff, 0xdf, 0xff, 0xdf, 0xff, 0xdf, 0xff, 0xdf, 0xff,
    0xdf, 0xff, 0xdf, 0xff, 0xdf, 0xff, 0xdf, 0xff, 0xdf, 0xff, 0xdf, 0xff, 0xdf, 0xff, 0xdf, 0xff,
    0xdf, 0xff, 0xdf, 0xff, 0xdf, 0xff, 0xdf, 0xff, 0xdf, 0xff, 0xdf, 0xff, 0xdf, 0xff, 0xdf, 0xff,
    0xdf, 0xff, 0xdf, 0xff, 0xdf, 0xff, 0xdf, 0xff, 0xdf, 0xff, 0xdf, 0xff, 0xdf, 0xff, 0xdf, 0xff,
    0xdf, 0xff, 0xdf, 0xff, 0xdf, 0xff, 0xdf, 0xff, 0xdf, 0xff, 0xdf, 0xff, 0xdf, 0xff, 0xdf, 0xff,
    0xdf, 0xff, 0xdf, 0xff, 0xdf, 0xff, 0xdf, 0xff, 0xdf, 0xff, 0xdf, 0xff, 0xdf, 0xff, 0xdf, 0xff,
    0xdf, 0xff, 0xdf, 0xff, 0xdf, 0xff, 0xdf, 0xff, 0xdf, 0xff, 0xdf, 0xff, 0xdf, 0xff, 0xdf, 0xff,
    0xdf, 0xff, 0xdf, 0xff, 0xdf, 0xff, 0xdf, 0xff, 0xdf, 0xff, 0xdf, 0xff, 0xdf, 0xff, 0xdf, 0xff,
    0xdf, 0xff, 0xdf, 0xff, 0xdf, 0xff, 0xdf, 0xff, 0xdf, 0xff, 0xdf, 0xff, 0xdf, 0xff, 0xbe, 0xf7,
    0xdf, 0xff, 0xdf, 0xff, 0xdf, 0xff, 0xde, 0xf7, 0xdf, 0xff, 0xdf, 0xff, 0xdf, 0xff, 0xdf, 0xff,
    0xde, 0xf7, 0xde, 0xff, 0xdf, 0xff, 0xdf, 0xff, 0xdf, 0xff, 0xdf, 0xff, 0xdf, 0xff, 0xdf, 0xff,
    0xdf, 0xff, 0xdf, 0xff, 0xdf, 0xff, 0xdf, 0xff, 0xdf, 0xff, 0xdf, 0xff, 0xdf, 0xff, 0xbe, 0xf7,
    0xbe, 0xf7, 0xbe, 0xf7, 0xde, 0xff, 0xdf, 0xff, 0xff, 0xff, 0xd3, 0x9c, 0x45, 0x29, 0xa6, 0x31,
    0x85, 0x31, 0x87, 0x31, 0x6c, 0x29, 0x6d, 0x21, 0x4d, 0x21, 0x70, 0x21, 0x71, 0x21, 0x71, 0x21,
    0x71, 0x21, 0x71, 0x21, 0x71, 0x21, 0x71, 0x21, 0x71, 0x21, 0x71, 0x21, 0x71, 0x21, 0x71, 0x21,
    0x71, 0x21, 0x51, 0x21, 0x6d, 0x29, 0xa6, 0x31, 0xa6, 0x31, 0xc6, 0x39, 0x08, 0x42, 0xaa, 0x52,
    0xcb, 0x5a, 0xaa, 0x52, 0x14, 0xa5, 0xdf, 0xff, 0x9e, 0xf7, 0x9e, 0xf7, 0x9e, 0xf7, 0x9e, 0xf7,
    0x9e, 0xf7, 0x9e, 0xf7, 0xbe, 0xf7, 0xbe, 0xf7, 0xbe, 0xf7, 0x9e, 0xf7, 0xbe, 0xf7, 0x9e, 0xf7,
    0x9e, 0xf7, 0xbe, 0xf7, 0xbe, 0xf7, 0xbe, 0xf7, 0xbe, 0xf7, 0x9e, 0xf7, 0x9e, 0xf7, 0x9e, 0xf7,
    0xbe, 0xf7, 0xbe, 0xf7, 0xbe, 0xf7, 0xbe, 0xf7, 0xbe, 0xf7, 0xbe, 0xf7, 0xbe, 0xf7, 0xbe, 0xf7,
    0x9e, 0xf7, 0xbe, 0xf7, 0xbe, 0xf7, 0xbe, 0xf7, 0xbe, 0xf7, 0x9e, 0xf7, 0xbe, 0xf7, 0xbe, 0xf7,
    0x9e, 0xf7, 0x9e, 0xf7, 0xbe, 0xf7, 0xbe, 0xf7, 0x9e, 0xf7, 0x9e, 0xf7, 0x9e, 0xf7, 0x9e, 0xf7,
    0x9e, 0xf7, 0x9e, 0xf7, 0x9e, 0xf7, 0x9e, 0xf7, 0x9e, 0xf7, 0x9e, 0xf7, 0x9e, 0xf7, 0x9e, 0xf7,
    0x9e, 0xf7, 0x9e, 0xf7, 0xbe, 0xf7, 0xbe, 0xf7, 0x9e, 0xf7, 0x9e, 0xf7, 0xbe, 0xf7, 0xbe, 0xf7,
    0x9e, 0xf7, 0xbe, 0xf7, 0xbe, 0xf7, 0xbe, 0xf7, 0xbe, 0xf7, 0xbe, 0xf7, 0xbe, 0xf7, 0xbe, 0xf7,
    0x9e, 0xf7, 0x9e, 0xf7, 0x9e, 0xf7, 0xbe, 0xf7, 0xbe, 0xf7, 0xbe, 0xf7, 0xbe, 0xf7, 0xbe, 0xf7,
    0x9e, 0xf7, 0xbe, 0xf7, 0xbe, 0xf7, 0xbe, 0xf7, 0xbe, 0xf7, 0x9e, 0xf7, 0x9e, 0xf7, 0xbe, 0xf7,
    0xbe, 0xf7, 0xbe, 0xf7, 0x9e, 0xf7, 0x9e, 0xf7, 0x9e, 0xf7, 0xbe, 0xf7, 0xbe, 0xf7, 0xbe, 0xf7,
    0x9e, 0xf7, 0x9e, 0xf7, 0x9e, 0xf7, 0xbe, 0xf7, 0x9e, 0xf7, 0xbe, 0xf7, 0xbe, 0xf7, 0xbe, 0xf7,
    0x9e, 0xf7, 0x9e, 0xf7, 0x9e, 0xf7, 0x9e, 0xf7, 0x9e, 0xf7, 0xbe, 0xf7, 0x9e, 0xf7, 0x9e, 0xf7,
    0x9e, 0xf7, 0x9e, 0xf7, 0xbe, 0xf7, 0xbe, 0xf7, 0xbe, 0xf7, 0xbe, 0xf7, 0xbe, 0xf7, 0xbe, 0xf7,
    0xbe, 0xf7, 0xbe, 0xf7, 0x9e, 0xf7, 0x9e, 0xf7, 0x9e, 0xf7, 0xbe, 0xf7, 0xbe, 0xf7, 0xbe, 0xf7,
    0xbe, 0xf7, 0xbe, 0xf7, 0xbe, 0xf7, 0x9e, 0xf7, 0x9e, 0xf7, 0x9e, 0xf7, 0x9e, 0xf7, 0x9e, 0xf7,
    0x9e, 0xf7, 0x9e, 0xf7, 0xbe, 0xf7, 0xbe, 0xf7, 0xbe, 0xf7, 0xbe, 0xf7, 0xbe, 0xf7, 0x9e, 0xf7,
    0xbe, 0xf7, 0xbe, 0xf7, 0x9e, 0xf7, 0x9e, 0xf7, 0x9e, 0xf7, 0x9e, 0xf7, 0x9e, 0xf7, 0x9e, 0xf7,
    0x9e, 0xf7, 0x9e, 0xf7, 0x9e, 0xf7, 0x9e, 0xf7, 0x9e, 0xf7, 0xbe, 0xf7, 0x9e, 0xf7, 0x9e, 0xf7,
    0x9e, 0xf7, 0x9e, 0xf7, 0x9e, 0xf7, 0x9e, 0xf7, 0x9e, 0xf7, 0x9e, 0xf7, 0x9e, 0xf7, 0x9e, 0xf7,
    0x9e, 0xf7, 0x9e, 0xf7, 0x9e, 0xf7, 0x9e, 0xf7, 0x9e, 0xf7, 0x9e, 0xf7, 0x9e, 0xf7, 0x9e, 0xf7,
    0x9e, 0xf7, 0x9e, 0xf7, 0x9e, 0xf7, 0x9e, 0xf7, 0x9e, 0xf7, 0x9e, 0xf7, 0x9e, 0xf7, 0x9e, 0xf7,
    0x9e, 0xf7, 0x9e, 0xf7, 0x9e, 0xf7, 0x9e, 0xf7, 0x9e, 0xf7, 0x9e, 0xf7, 0x9e, 0xf7, 0x9e, 0xf7,
    0xdf, 0xff, 0x75, 0xad, 0x8a, 0x52, 0xaa, 0x52, 0xaa, 0x52, 0x07, 0x42, 0xa5, 0x31, 0x86, 0x31,
    0x86, 0x31, 0x27, 0x21, 0x2e, 0x19, 0x71, 0x21, 0x71, 0x21, 0x71, 0x21, 0x71, 0x21, 0x71, 0x21,
    0x71, 0x21, 0x71, 0x21, 0x71, 0x21, 0x71, 0x21, 0x71, 0x21, 0x51, 0x19, 0x6a, 0x29, 0xc6, 0x39,
    0xc7, 0x39, 0x86, 0x31, 0x4d, 0x6b, 0x7d, 0xef, 0x9e, 0xf7, 0xbe, 0xf7, 0x5d, 0xef, 0xdb, 0xde,
    0xdb, 0xde, 0xdb, 0xde, 0xdb, 0xde, 0xdb, 0xde, 0xdb, 0xde, 0xdb, 0xde, 0xdb, 0xde, 0xdb, 0xde,
    0xdb, 0xde, 0xdb, 0xde, 0xdb, 0xde, 0xdb, 0xde, 0xdb, 0xde, 0xfc, 0xde, 0xdb, 0xde, 0xdb, 0xde,
    0xdb, 0xde, 0xdb, 0xde, 0xdb, 0xde, 0xdb, 0xde, 0xdb, 0xde, 0xdb, 0xde, 0xdb, 0xde, 0xdc, 0xde,
    0xdb, 0xde, 0xdb, 0xde, 0xdb, 0xde, 0xdb, 0xde, 0xdb, 0xde, 0xdb, 0xde, 0xdb, 0xde, 0xdb, 0xde,
    0xdb, 0xde, 0xdb, 0xde, 0xdb, 0xde, 0xdb, 0xde, 0xdb, 0xde, 0xdb, 0xde, 0xdb, 0xde, 0xdb, 0xde,
    0xdb, 0xde, 0xdb, 0xde, 0xdb, 0xde, 0xdb, 0xde, 0xdb, 0xde, 0xdb, 0xde, 0xdb, 0xde, 0xdb, 0xde,
    0xdb, 0xde, 0xdb, 0xde, 0xdb, 0xde, 0xdb, 0xde, 0xdb, 0xde, 0xdb, 0xde, 0xdb, 0xde, 0xdb, 0xde,
    0xdb, 0xde, 0xdb, 0xde, 0xdb, 0xde, 0xdb, 0xde, 0xdb, 0xde, 0xdb, 0xde, 0xdb, 0xde, 0xdb, 0xde,
    0xdb, 0xde, 0xdc, 0xde, 0xdc, 0xde, 0xdc, 0xde, 0xdb, 0xde, 0xdb, 0xde, 0xdb, 0xde, 0xdb, 0xde,
    0xdb, 0xde, 0xdb, 0xde, 0xdb, 0xde, 0xdb, 0xde, 0xdb, 0xde, 0xdb, 0xde, 0xdb, 0xde, 0xdb, 0xde,
    0xdb, 0xde, 0xdb, 0xde, 0xdb, 0xde, 0xdb, 0xde, 0xdb, 0xde, 0xdb, 0xde, 0xdb, 0xde, 0xdb, 0xde,
    0xdb, 0xde, 0xdb, 0xde, 0xdb, 0xde, 0xdb, 0xde, 0xdb, 0xde, 0xdb, 0xde, 0xdb, 0xde, 0xdb, 0xde,
    0xdb, 0xde, 0xdb, 0xde, 0xdb, 0xde, 0xdb, 0xde, 0xdb, 0xde, 0xdb, 0xde, 0xdb, 0xde, 0xdb, 0xde,
    0xdb, 0xde, 0xdb, 0xde, 0xdb, 0xde, 0xdb, 0xde, 0xdb, 0xde, 0xfc, 0xde, 0xfc, 0xde, 0xfc, 0xde,
    0xdc, 0xde, 0xdc, 0xde, 0xdb, 0xde, 0xdb, 0xde, 0xdb, 0xde, 0xdb, 0xde, 0xdb, 0xde, 0xdb, 0xde,
    0xdc, 0xde, 0xdb, 0xde, 0xdb, 0xde, 0xdb, 0xde, 0xdb, 0xde, 0xdb, 0xde, 0xdb, 0xde, 0xdb, 0xde,
    0xdb, 0xde, 0xdb, 0xde, 0xdb, 0xde, 0xdb, 0xde, 0xdb, 0xde, 0xdb, 0xde, 0xdb, 0xde, 0xdb, 0xde,
    0xdb, 0xde, 0xdb, 0xde, 0xdb, 0xde, 0xdb, 0xde, 0xdb, 0xde, 0xdb, 0xde, 0xdb, 0xde, 0xdb, 0xde,
    0xdb, 0xde, 0xdb, 0xde, 0xdb, 0xde, 0xdb, 0xde, 0xdb, 0xde, 0xdb, 0xde, 0xdb, 0xde, 0xdb, 0xde,
    0xdb, 0xde, 0xdb, 0xde, 0xdb, 0xde, 0xdb, 0xde, 0xdb, 0xde, 0xdb, 0xde, 0xdb, 0xde, 0xdb, 0xde,
    0xdb, 0xde, 0xdb, 0xde, 0xdb, 0xde, 0xdb, 0xde, 0xdb, 0xde, 0xdb, 0xde, 0xdb, 0xde, 0xdb, 0xde,
    0xdb, 0xde, 0xdb, 0xde, 0xdb, 0xde, 0xdb, 0xde, 0xdb, 0xde, 0xdb, 0xde, 0xdb, 0xde, 0xdb, 0xde,
    0xdb, 0xde, 0xdb, 0xde, 0xdb, 0xde, 0xdb, 0xde, 0xdb, 0xde, 0xdb, 0xde, 0xdb, 0xde, 0xdb, 0xde,
    0xdb, 0xde, 0xdb, 0xde, 0xbb, 0xde, 0xbb, 0xd6, 0xbb, 0xd6, 0x3d, 0xef, 0xbe, 0xf7, 0x7e, 0xef,
    0xbe, 0xf7, 0x8e, 0x73, 0x24, 0x21, 0xa6, 0x31, 0xc7, 0x39, 0x03, 0x21, 0x63, 0x08, 0x4f, 0x19,
    0x71, 0x21, 0x71, 0x21, 0x71, 0x21, 0x71, 0x21, 0x71, 0x21, 0x71, 0x21, 0x71, 0x21, 0x71, 0x21,
    0x71, 0x21, 0x51, 0x19, 0x69, 0x29, 0xc6, 0x39, 0xe7, 0x39, 0x86, 0x31, 0x2c, 0x63, 0xdf, 0xff,
    0xff, 0xff, 0xff, 0xff, 0x5d, 0xef, 0x9b, 0xd6, 0xbb, 0xde, 0xbb, 0xde, 0xdb, 0xde, 0xdb, 0xde,
    0xdb, 0xde, 0xbb, 0xde, 0xbb, 0xd6, 0xbb, 0xd6, 0xbb, 0xde, 0xbb, 0xde, 0xdb, 0xde, 0xdb, 0xde,
    0xdb, 0xde, 0xdb, 0xde, 0xdb, 0xde, 0xbb, 0xde, 0xdb, 0xde, 0xdb, 0xde, 0xdb, 0xde, 0xdb, 0xde,
    0xdb, 0xde, 0xdb, 0xde, 0xdb, 0xde, 0xdb, 0xde, 0xdb, 0xde, 0xdb, 0xde, 0xdb, 0xde, 0xdb, 0xde,
    0xdb, 0xde, 0xdb, 0xde, 0xdb, 0xde, 0xdb, 0xde, 0xdb, 0xde, 0xdb, 0xde, 0xdb, 0xde, 0xdb, 0xde,
    0xdb, 0xde, 0xdb, 0xde, 0xdb, 0xde, 0xdb, 0xde, 0xdb, 0xde, 0xdb, 0xde, 0xdb, 0xde, 0xdb, 0xde,
    0xdb, 0xde, 0xdb, 0xde, 0xbb, 0xde, 0xbb, 0xde, 0xdb, 0xde, 0xdb, 0xde, 0xbb, 0xde, 0xbb, 0xde,
    0xbb, 0xde, 0xbb, 0xde, 0xdb, 0xde, 0xdb, 0xde, 0xdb, 0xde, 0xdb, 0xde, 0xdb, 0xde, 0xdb, 0xde,
    0xdb, 0xde, 0xdb, 0xde, 0xdb, 0xde, 0xdb, 0xde, 0xdb, 0xde, 0xdb, 0xde, 0xdb, 0xde, 0xdc, 0xde,
    0xdc, 0xde, 0xdc, 0xde, 0xdb, 0xde, 0xdb, 0xde, 0xdb, 0xde, 0xdb, 0xde, 0xdb, 0xde, 0xdb, 0xde,
    0xdb, 0xde, 0xdb, 0xde, 0xdb, 0xde, 0xdb, 0xde, 0xdb, 0xde, 0xdb, 0xde, 0xdb, 0xde, 0xbb, 0xde,
    0xbb, 0xde, 0xbb, 0xde, 0xdb, 0xde, 0xdb, 0xde, 0xdb, 0xde, 0xdb, 0xde, 0xdb, 0xde, 0xbb, 0xde,
    0xbb, 0xd6, 0xbb, 0xde, 0xbb, 0xde, 0xbb, 0xde, 0xbb, 0xde, 0xbb, 0xde, 0xbb, 0xde, 0xbb, 0xde,
    0xbb, 0xd6, 0xbb, 0xde, 0xdb, 0xde, 0xdb, 0xde, 0xdb, 0xde, 0xdb, 0xde, 0xdb, 0xde, 0xbb, 0xde,
    0xbb, 0xde, 0xdb, 0xde, 0xdb, 0xde, 0xdb, 0xde, 0xdb, 0xde, 0xdb, 0xde, 0xdb, 0xde, 0xdb, 0xde,
    0xdb, 0xde, 0xdb, 0xde, 0xdb, 0xde, 0xdb, 0xde, 0xdb, 0xde, 0xdb, 0xde, 0xdb, 0xde, 0xdb, 0xde,
    0xdb, 0xde, 0xdb, 0xde, 0xdb, 0xde, 0xdb, 0xde, 0xdb, 0xde, 0xbb, 0xde, 0xbb, 0xde, 0xdb, 0xde,
    0xdb, 0xde, 0xbb, 0xde, 0xbb, 0xde, 0xbb, 0xde, 0xbb, 0xde, 0xbb, 0xde, 0xbb, 0xde, 0xbb, 0xde,
    0xbb, 0xde, 0xbb, 0xde, 0xbb, 0xde, 0xbb, 0xde, 0xbb, 0xde, 0xdb, 0xde, 0xbb, 0xde, 0xbb, 0xde,
    0xbb, 0xde, 0xbb, 0xde, 0xbb, 0xde, 0xbb, 0xde, 0xbb, 0xde, 0xbb, 0xd6, 0xbb, 0xd6, 0xbb, 0xd6,
    0xbb, 0xde, 0xbb, 0xde, 0xbb, 0xde, 0xbb, 0xde, 0xbb, 0xde, 0xdb, 0xde, 0xdb, 0xde, 0xdb, 0xde,
    0xdb, 0xde, 0xdb, 0xde, 0xdb, 0xde, 0xdb, 0xde, 0xdb, 0xde, 0xdb, 0xde, 0xdb, 0xde, 0xdb, 0xde,
    0xdb, 0xde, 0xdb, 0xde, 0xdb, 0xde, 0xdb, 0xde, 0xdb, 0xde, 0xdb, 0xde, 0xdb, 0xde, 0xbb, 0xde,
    0xbb, 0xde, 0xbb, 0xd6, 0xbb, 0xd6, 0xbb, 0xd6, 0xbb, 0xd6, 0xbb, 0xd6, 0xbb, 0xd6, 0xbb, 0xd6,
    0x9a, 0xd6, 0x3d, 0xe7, 0xff, 0xff, 0xff, 0xff, 0xff, 0xff, 0xae, 0x73, 0x45, 0x29, 0xa6, 0x31,
    0xc7, 0x31, 0x45, 0x29, 0x40, 0x08, 0xc7, 0x10, 0x72, 0x21, 0x71, 0x21, 0x71, 0x21, 0x71, 0x21,
    0x71, 0x21, 0x71, 0x21, 0x71, 0x21, 0x51, 0x21, 0x50, 0x21, 0x4f, 0x19, 0x47, 0x29, 0x65, 0x29,
    0x66, 0x29, 0x65, 0x29, 0x0c, 0x63, 0xde, 0xff, 0xff, 0xff, 0xff, 0xff, 0x3d, 0xe7, 0x9b, 0xd6,
    0xdb, 0xde, 0xdb, 0xde, 0xdc, 0xde, 0xdb, 0xde, 0xdc, 0xde, 0xdb, 0xde, 0xbb, 0xde, 0xdb, 0xde,
    0xdb, 0xde, 0xdb, 0xde, 0xdc, 0xde, 0xdc, 0xde, 0xdc, 0xde, 0xdc, 0xde, 0xdc, 0xde, 0xdc, 0xde,
    0xdc, 0xde, 0xdc, 0xde, 0xdc, 0xde, 0xdc, 0xde, 0xdc, 0xde, 0xfc, 0xde, 0xfc, 0xde, 0xdc, 0xde,
    0xdc, 0xde, 0xdc, 0xde, 0xdc, 0xde, 0xdc, 0xde, 0xdc, 0xde, 0xdc, 0xde, 0xdc, 0xde, 0xdc, 0xde,
    0xdc, 0xde, 0xdc, 0xde, 0xdc, 0xde, 0xdc, 0xde, 0xdc, 0xde, 0xdc, 0xde, 0xdc, 0xde, 0xdc, 0xde,
    0xdb, 0xde, 0xdb, 0xde, 0xdc, 0xde, 0xdc, 0xde, 0xdc, 0xde, 0xdc, 0xde, 0xdc, 0xde, 0xdb, 0xde,
    0xdc, 0xde, 0xdc, 0xde, 0xdc, 0xde, 0xdc, 0xde, 0xdc, 0xde, 0xdc, 0xde, 0xdc, 0xde, 0xdc, 0xde,
    0xdc, 0xde, 0xdc, 0xde, 0xdc, 0xde, 0xdc, 0xde, 0xdc, 0xde, 0xdc, 0xde, 0xdc, 0xde, 0xdc, 0xde,
    0xdc, 0xde, 0xdc, 0xde, 0xdc, 0xde, 0xfc, 0xde, 0xfc, 0xde, 0xdc, 0xde, 0xfc, 0xde, 0xdc, 0xde,
    0xdc, 0xde, 0xdc, 0xde, 0xdc, 0xde, 0xdc, 0xde, 0xdc, 0xde, 0xdc, 0xde, 0xdc, 0xde, 0xdc, 0xde,
    0xdc, 0xde, 0xdc, 0xde, 0xdc, 0xde, 0xdc, 0xde, 0xdc, 0xde, 0xdc, 0xde, 0xdc, 0xde, 0xdc, 0xde,
    0xdc, 0xde, 0xdc, 0xde, 0xdc, 0xde, 0xdb, 0xde, 0xdb, 0xde, 0xdb, 0xde, 0xdb, 0xde, 0xdb, 0xde,
    0xdb, 0xde, 0xdb, 0xde, 0xdb, 0xde, 0xdb, 0xde, 0xdb, 0xde, 0xdb, 0xde, 0xdc, 0xde, 0xdc, 0xde,
    0xdc, 0xde, 0xdc, 0xde, 0xdc, 0xde, 0xdc, 0xde, 0xdc, 0xde, 0xdc, 0xde, 0xdc, 0xde, 0xdc, 0xde,
    0xdc, 0xde, 0xdc, 0xde, 0xdc, 0xde, 0xdc, 0xde, 0xdc, 0xde, 0xdc, 0xde, 0xdc, 0xde, 0xdc, 0xde,
    0xdc, 0xde, 0xfc, 0xde, 0xfc, 0xde, 0xfc, 0xde, 0xfc, 0xde, 0xdc, 0xde, 0xdc, 0xde, 0xdc, 0xde,
    0xdc, 0xde, 0xdc, 0xde, 0xdc, 0xde, 0xdc, 0xde, 0xdc, 0xde, 0xdc, 0xde, 0xdc, 0xde, 0xdb, 0xde,
    0xdb, 0xde, 0xdb, 0xde, 0xdb, 0xde, 0xdb, 0xde, 0xdc, 0xde, 0xdc, 0xde, 0xdc, 0xde, 0xdb, 0xde,
    0xdb, 0xde, 0xdc, 0xde, 0xdc, 0xde, 0xdc, 0xde, 0xdc, 0xde, 0xdc, 0xde, 0xdc, 0xde, 0xdb, 0xde,
    0xdc, 0xde, 0xdc, 0xde, 0xdc, 0xde, 0xdc, 0xde, 0xdc, 0xde, 0xdc, 0xde, 0xdc, 0xde, 0xdc, 0xde,
    0xdc, 0xde, 0xdc, 0xde, 0xdc, 0xde, 0xdb, 0xde, 0xdc, 0xde, 0xdc, 0xde, 0xdc, 0xde, 0xdb, 0xde,
    0xdb, 0xde, 0xdb, 0xde, 0xdc, 0xde, 0xdc, 0xde, 0xdc, 0xde, 0xdc, 0xde, 0xdc, 0xde, 0xdc, 0xde,
    0xdc, 0xde, 0xdc, 0xde, 0xdc, 0xde, 0xdb, 0xde, 0xdb, 0xde, 0xbb, 0xde, 0xbb, 0xd6, 0xbb, 0xd6,
    0xbb, 0xd6, 0x9b, 0xd6, 0x9b, 0xd6, 0x9b, 0xd6, 0x9a, 0xd6, 0x3d, 0xe7, 0xff, 0xff, 0xff, 0xff,
    0xff, 0xff, 0x8e, 0x73, 0x44, 0x29, 0x86, 0x31, 0xa6, 0x31, 0x65, 0x29, 0x82, 0x10, 0x62, 0x08,
    0x0d, 0x19, 0x72, 0x21, 0x71, 0x21, 0x71, 0x21, 0x71, 0x21, 0x71, 0x21, 0x70, 0x21, 0x6a, 0x29,
    0x68, 0x29, 0x47, 0x29, 0x49, 0x4a, 0x92, 0x94, 0xb2, 0x94, 0xb2, 0x94, 0x96, 0xb5, 0xbe, 0xf7,
    0xdf, 0xff, 0xdf, 0xff, 0x3d, 0xe7, 0xbb, 0xd6, 0xdb, 0xde, 0xdb, 0xde, 0xbb, 0xd6, 0x9b, 0xd6,
    0x9b, 0xd6, 0xbb, 0xd6, 0x9b, 0xd6, 0x7a, 0xce, 0x7a, 0xce, 0x7a, 0xce, 0x7a, 0xce, 0x7a, 0xce,
    0x7a, 0xce, 0x7a, 0xce, 0x7a, 0xce, 0x7a, 0xce, 0x7a, 0xce, 0x7a, 0xce, 0x7a, 0xce, 0x7a, 0xce,
    0x7a, 0xce, 0x7a, 0xce, 0x7a, 0xce, 0x7a, 0xd6, 0x7a, 0xce, 0x7a, 0xce, 0x7a, 0xce, 0x7a, 0xce,
    0x7a, 0xce, 0x7a, 0xce, 0x7a, 0xce, 0x7b, 0xce, 0x7a, 0xce, 0x7a, 0xce, 0x7a, 0xce, 0x7a, 0xce,
    0x7a, 0xce, 0x7a, 0xce, 0x7a, 0xce, 0x7a, 0xce, 0x7a, 0xce, 0x7a, 0xce, 0x7a, 0xce, 0x7a, 0xce,
    0x7a, 0xce, 0x7a, 0xce, 0x7a, 0xce, 0x7a, 0xce, 0x5a, 0xce, 0x7a, 0xce, 0x7a, 0xce, 0x7a, 0xce,
    0x5a, 0xce, 0x5a, 0xce, 0x7a, 0xce, 0x7a, 0xce, 0x7a, 0xce, 0x7a, 0xce, 0x7a, 0xce, 0x7a, 0xce,
    0x7a, 0xce, 0x7a, 0xce, 0x7a, 0xce, 0x7a, 0xce, 0x7a, 0xce, 0x7a, 0xce, 0x7a, 0xce, 0x7a, 0xd6,
    0x7a, 0xd6, 0x7a, 0xce, 0x7a, 0xce, 0x7a, 0xce, 0x7a, 0xce, 0x7a, 0xce, 0x7a, 0xce, 0x7a, 0xce,
    0x7b, 0xce, 0x7a, 0xce, 0x7a, 0xce, 0x7a, 0xce, 0x7a, 0xce, 0x7b, 0xce, 0x7a, 0xce, 0x7a, 0xce,
    0x7a, 0xce, 0x7a, 0xce, 0x7a, 0xce, 0x7a, 0xce, 0x7a, 0xce, 0x7a, 0xce, 0x7a, 0xce, 0x7a, 0xce,
    0x7a, 0xce, 0x7a, 0xce, 0x7a, 0xce, 0x7a, 0xce, 0x5a, 0xce, 0x7a, 0xce, 0x5a, 0xce, 0x7a, 0xce,
    0x7a, 0xce, 0x7a, 0xce, 0x7a, 0xce, 0x7a, 0xce, 0x7a, 0xce, 0x7b, 0xce, 0x7a, 0xce, 0x7a, 0xce,
    0x7a, 0xce, 0x7b, 0xce, 0x7a, 0xce, 0x7a, 0xce, 0x7a, 0xce, 0x7a, 0xce, 0x7a, 0xce, 0x7a, 0xce,
    0x7a, 0xce, 0x7a, 0xce, 0x7a, 0xce, 0x7a, 0xce, 0x7a, 0xce, 0x7b, 0xce, 0x7b, 0xce, 0x7b, 0xce,
    0x7a, 0xce, 0x7a, 0xce, 0x7a, 0xce, 0x7a, 0xce, 0x7a, 0xce, 0x7a, 0xce, 0x7a, 0xce, 0x7a, 0xce,
    0x7a, 0xce, 0x7a, 0xce, 0x7a, 0xce, 0x7a, 0xce, 0x7a, 0xce, 0x7a, 0xce, 0x7a, 0xce, 0x7a, 0xce,
    0x7a, 0xce, 0x7a, 0xce, 0x7a, 0xce, 0x7a, 0xce, 0x7a, 0xce, 0x7a, 0xce, 0x7a, 0xce, 0x5a, 0xce,
    0x7a, 0xce, 0x5a, 0xce, 0x5a, 0xce, 0x5a, 0xce, 0x7a, 0xce, 0x7a, 0xce, 0x7a, 0xce, 0x5a, 0xce,
    0x7a, 0xce, 0x7a, 0xce, 0x7a, 0xce, 0x7a, 0xce, 0x7a, 0xce, 0x7a, 0xce, 0x7a, 0xce, 0x7a, 0xce,
    0x7a, 0xce, 0x7a, 0xce, 0x7a, 0xce, 0x7a, 0xce, 0x7a, 0xce, 0x7a, 0xce, 0x7a, 0xce, 0x7a, 0xce,
    0x7a, 0xce, 0x7a, 0xce, 0x7a, 0xce, 0x7a, 0xce, 0x7a, 0xce, 0x7a, 0xce, 0x7a, 0xce, 0x7a, 0xce,
    0x5a, 0xce, 0x7a, 0xce, 0xbb, 0xd6, 0x9b, 0xd6, 0x9b, 0xd6, 0x9b, 0xd6, 0x9b, 0xd6, 0x9b, 0xd6,
    0x7a, 0xd6, 0x3d, 0xe7, 0xdf, 0xff, 0xbf, 0xf7, 0xff, 0xff, 0x51, 0x8c, 0x28, 0x42, 0x8a, 0x52,
    0x8a, 0x52, 0xe7, 0x39, 0x86, 0x31, 0x65, 0x29, 0x46, 0x29, 0x50, 0x21, 0x71, 0x21, 0x71, 0x21,
    0x71, 0x21, 0x71, 0x21, 0x4f, 0x21, 0xa6, 0x31, 0xc6, 0x39, 0x65, 0x29, 0xcb, 0x5a, 0xdf, 0xff,
    0xff, 0xff, 0xff, 0xff, 0xff, 0xff, 0x5d, 0xef, 0x3c, 0xe7, 0x5d, 0xef, 0x1c, 0xe7, 0xdb, 0xde,
    0xdb, 0xde, 0xdb, 0xde, 0x39, 0xc6, 0xd8, 0xbd, 0xd8, 0xbd, 0xf9, 0xbd, 0x56, 0xad, 0xb4, 0x94,
    0xb4, 0x94, 0x94, 0x94, 0xb4, 0x94, 0x94, 0x94, 0x94, 0x94, 0x94, 0x94, 0x93, 0x94, 0x93, 0x94,
    0x94, 0x94, 0x93, 0x94, 0x93, 0x94, 0x93, 0x94, 0x94, 0x94, 0x93, 0x94, 0x94, 0x94, 0xb4, 0x94,
    0xb4, 0x94, 0x94, 0x94, 0x94, 0x94, 0x94, 0x94, 0x94, 0x94, 0x94, 0x94, 0x94, 0x94, 0x94, 0x94,
    0x94, 0x94, 0xb4, 0x94, 0xb3, 0x94, 0x93, 0x94, 0x93, 0x94, 0xb3, 0x94, 0xb4, 0x94, 0xb4, 0x94,
    0xb4, 0x94, 0xb4, 0x94, 0xb4, 0x94, 0x94, 0x94, 0x94, 0x94, 0x94, 0x94, 0x94, 0x94, 0x94, 0x94,
    0x94, 0x94, 0x94, 0x94, 0x94, 0x94, 0x94, 0x94, 0xb4, 0x94, 0xb4, 0x94, 0xb4, 0x94, 0xb4, 0x94,
    0xb4, 0x94, 0xb4, 0x94, 0x94, 0x94, 0xb4, 0x94, 0xb4, 0x94, 0xb4, 0x94, 0xb4, 0x94, 0xb4, 0x94,
    0xb4, 0x94, 0xb4, 0x94, 0xb4, 0x94, 0xb4, 0x94, 0xb4, 0x94, 0xb4, 0x94, 0xb4, 0x94, 0x94, 0x94,
    0x94, 0x94, 0x93, 0x94, 0x93, 0x94, 0x94, 0x94, 0x94, 0x94, 0xb4, 0x94, 0x94, 0x94, 0x94, 0x94,
    0x94, 0x94, 0x94, 0x94, 0x94, 0x94, 0x94, 0x94, 0x94, 0x94, 0xb4, 0x94, 0xb4, 0x94, 0xb4, 0x94,
    0xb4, 0x94, 0xb4, 0x94, 0x94, 0x94, 0x94, 0x94, 0x94, 0x94, 0x94, 0x94, 0xb4, 0x94, 0x94, 0x94,
    0x94, 0x94, 0x94, 0x94, 0x94, 0x94, 0xb4, 0x94, 0xb4, 0x94, 0xb4, 0x94, 0xb4, 0x94, 0xb4, 0x94,
    0xb4, 0x94, 0xb4, 0x94, 0xb4, 0x94, 0xb4, 0x94, 0xb4, 0x94, 0xb4, 0x94, 0x94, 0x94, 0xb4, 0x94,
    0xb4, 0x94, 0xb4, 0x94, 0xb4, 0x94, 0xb4, 0x94, 0xb4, 0x94, 0xb4, 0x94, 0xb4, 0x94, 0x94, 0x94,
    0xb4, 0x94, 0xb4, 0x94, 0xb4, 0x94, 0xb4, 0x94, 0xb4, 0x94, 0xb4, 0x94, 0xb4, 0x94, 0xb4, 0x94,
    0xb4, 0x94, 0xb4, 0x94, 0xb4, 0x94, 0xb4, 0x94, 0xb4, 0x94, 0xb4, 0x94, 0xb4, 0x94, 0xb4, 0x94,
    0xb4, 0x94, 0x94, 0x94, 0x94, 0x94, 0x94, 0x94, 0x94, 0x94, 0x94, 0x94, 0x94, 0x94, 0x94, 0x94,
    0x94, 0x94, 0x94, 0x94, 0x94, 0x94, 0x94, 0x94, 0x94, 0x94, 0x94, 0x94, 0x94, 0x94, 0x94, 0x94,
    0x94, 0x94, 0xb4, 0x94, 0xb4, 0x94, 0x93, 0x94, 0x93, 0x94, 0xb4, 0x94, 0xb4, 0x94, 0x93, 0x94,
    0x93, 0x94, 0x94, 0x94, 0x94, 0x94, 0x94, 0x94, 0xb4, 0x94, 0xb4, 0x94, 0xb4, 0x94, 0xb4, 0x94,
    0xb4, 0x94, 0xb4, 0x94, 0xb4, 0x94, 0xb4, 0x94, 0xb4, 0x94, 0x94, 0x94, 0xb4, 0x94, 0xb4, 0x94,
    0xb4, 0x94, 0xb4, 0x94, 0xb4, 0x94, 0xd4, 0x9c, 0xb4, 0x94, 0x36, 0xa5, 0x9b, 0xd6, 0x9b, 0xd6,
    0x9b, 0xd6, 0x9b, 0xd6, 0x9b, 0xd6, 0x9b, 0xd6, 0x9a, 0xd6, 0xdc, 0xde, 0x3d, 0xe7, 0x1c, 0xe7,
    0x3d, 0xe7, 0x5d, 0xef, 0x5d, 0xef, 0x5d, 0xef, 0x3c, 0xe7, 0xeb, 0x5a, 0x86, 0x31, 0xc7, 0x39,
    0xa6, 0x31, 0x6f, 0x21, 0x71, 0x21, 0x71, 0x21, 0x71, 0x21, 0x71, 0x21, 0x6f, 0x21, 0x86, 0x31,
    0xa6, 0x31, 0x65, 0x29, 0xaa, 0x52, 0x9e, 0xf7, 0xff, 0xff, 0xff, 0xff, 0xbf, 0xf7, 0x5d, 0xef,
    0x3d, 0xe7, 0x5d, 0xef, 0x1c, 0xe7, 0xdb, 0xde, 0xdb, 0xde, 0xbb, 0xd6, 0x39, 0xc6, 0xb8, 0xb5,
    0xd8, 0xbd, 0xd8, 0xbd, 0xf5, 0x9c, 0x73, 0x8c, 0x94, 0x94, 0x73, 0x8c, 0x73, 0x8c, 0x73, 0x8c,
    0x73, 0x8c, 0x73, 0x8c, 0x73, 0x8c, 0x73, 0x8c, 0x93, 0x8c, 0x93, 0x8c, 0x93, 0x8c, 0x93, 0x8c,
    0x93, 0x8c, 0x93, 0x8c, 0x93, 0x8c, 0x73, 0x8c, 0x93, 0x8c, 0x93, 0x8c, 0x94, 0x8c, 0x74, 0x8c,
    0x74, 0x8c, 0x94, 0x8c, 0x94, 0x8c, 0x94, 0x8c, 0x74, 0x8c, 0x93, 0x8c, 0x73, 0x8c, 0x73, 0x8c,
    0x73, 0x8c, 0x93, 0x8c, 0x94, 0x8c, 0x94, 0x94, 0x94, 0x8c, 0x94, 0x8c, 0x94, 0x8c, 0x93, 0x8c,
    0x93, 0x8c, 0x73, 0x8c, 0x73, 0x8c, 0x73, 0x8c, 0x73, 0x8c, 0x73, 0x8c, 0x73, 0x8c, 0x74, 0x8c,
    0x74, 0x8c, 0x94, 0x8c, 0x94, 0x94, 0x94, 0x94, 0x73, 0x94, 0x73, 0x94, 0x93, 0x94, 0x94, 0x94,
    0x94, 0x94, 0x94, 0x94, 0x94, 0x94, 0x94, 0x94, 0x94, 0x94, 0x94, 0x94, 0x94, 0x94, 0x94, 0x94,
    0x94, 0x94, 0x93, 0x8c, 0x94, 0x8c, 0x93, 0x8c, 0x93, 0x8c, 0x93, 0x8c, 0x93, 0x8c, 0x94, 0x8c,
    0x74, 0x8c, 0x94, 0x8c, 0x73, 0x8c, 0x74, 0x8c, 0x73, 0x8c, 0x73, 0x8c, 0x73, 0x8c, 0x93, 0x8c,
    0x94, 0x8c, 0x94, 0x8c, 0x93, 0x8c, 0x93, 0x8c, 0x94, 0x8c, 0x94, 0x8c, 0x94, 0x94, 0x93, 0x8c,
    0x93, 0x8c, 0x93, 0x8c, 0x73, 0x8c, 0x93, 0x8c, 0x93, 0x8c, 0x73, 0x8c, 0x94, 0x8c, 0x94, 0x8c,
    0x94, 0x8c, 0x94, 0x8c, 0x94, 0x8c, 0x94, 0x8c, 0x94, 0x8c, 0x94, 0x94, 0x94, 0x94, 0x94, 0x8c,
    0x94, 0x8c, 0x74, 0x8c, 0x74, 0x8c, 0x93, 0x8c, 0x94, 0x8c, 0x94, 0x94, 0x94, 0x8c, 0x94, 0x8c,
    0x93, 0x8c, 0x93, 0x8c, 0x94, 0x8c, 0x94, 0x8c, 0x94, 0x8c, 0x94, 0x8c, 0x94, 0x8c, 0x94, 0x8c,
    0x94, 0x8c, 0x94, 0x8c, 0x94, 0x8c, 0x94, 0x8c, 0x94, 0x8c, 0x94, 0x8c, 0x94, 0x8c, 0x94, 0x8c,
    0x94, 0x8c, 0x94, 0x8c, 0x94, 0x8c, 0x94, 0x8c, 0x94, 0x94, 0x94, 0x8c, 0x94, 0x8c, 0x74, 0x8c,
    0x74, 0x8c, 0x74, 0x8c, 0x74, 0x8c, 0x74, 0x8c, 0x74, 0x8c, 0x74, 0x8c, 0x73, 0x8c, 0x73, 0x8c,
    0x73, 0x8c, 0x73, 0x8c, 0x73, 0x8c, 0x73, 0x8c, 0x94, 0x8c, 0x73, 0x8c, 0x94, 0x8c, 0x73, 0x8c,
    0x94, 0x8c, 0x94, 0x8c, 0x73, 0x8c, 0x73, 0x8c, 0x73, 0x8c, 0x74, 0x8c, 0x74, 0x8c, 0x74, 0x8c,
    0x74, 0x8c, 0x74, 0x8c, 0x94, 0x8c, 0x94, 0x8c, 0x94, 0x8c, 0x94, 0x8c, 0x94, 0x8c, 0x94, 0x8c,
    0x94, 0x8c, 0x93, 0x8c, 0x74, 0x94, 0x94, 0x94, 0x94, 0x94, 0x94, 0x8c, 0x94, 0x8c, 0x94, 0x94,
    0x73, 0x8c, 0xf5, 0x9c, 0x7a, 0xce, 0x9b, 0xd6, 0x7a, 0xce, 0x9b, 0xd6, 0x9b, 0xd6, 0x9b, 0xd6,
    0x9b, 0xd6, 0xdc, 0xde, 0x3d, 0xe7, 0x1d, 0xe7, 0x1c, 0xe7, 0xbe, 0xf7, 0xff, 0xff, 0xff, 0xff,
    0xdf, 0xff, 0xeb, 0x5a, 0x65, 0x29, 0xa6, 0x31, 0xa6, 0x31, 0x6f, 0x21, 0x71, 0x21, 0x71, 0x21,
    0x71, 0x21, 0x71, 0x21, 0x4f, 0x21, 0x86, 0x31, 0xa6, 0x31, 0x65, 0x29, 0xcb, 0x5a, 0xbe, 0xf7,
    0xff, 0xff, 0xff, 0xff, 0xdf, 0xff, 0x5d, 0xef, 0x5d, 0xef, 0x5d, 0xef, 0xfc, 0xe6, 0xbb, 0xd6,
    0xbb, 0xd6, 0xbb, 0xd6, 0x3a, 0xc6, 0xd8, 0xbd, 0xf9, 0xbd, 0xd8, 0xbd, 0xd4, 0x9c, 0x73, 0x8c,
    0x94, 0x94, 0x73, 0x8c, 0x73, 0x8c, 0x73, 0x8c, 0x73, 0x8c, 0x73, 0x8c, 0x73, 0x8c, 0x73, 0x8c,
    0x73, 0x8c, 0x73, 0x8c, 0x73, 0x8c, 0x73, 0x8c, 0x73, 0x8c, 0x73, 0x8c, 0x73, 0x8c, 0x73, 0x8c,
    0x73, 0x8c, 0x73, 0x8c, 0x73, 0x8c, 0x73, 0x8c, 0x73, 0x8c, 0x73, 0x8c, 0x73, 0x8c, 0x73, 0x8c,
    0x73, 0x8c, 0x73, 0x8c, 0x73, 0x8c, 0x73, 0x8c, 0x73, 0x8c, 0x73, 0x8c, 0x73, 0x8c, 0x73, 0x8c,
    0x73, 0x8c, 0x73, 0x8c, 0x73, 0x8c, 0x73, 0x8c, 0x73, 0x8c, 0x73, 0x8c, 0x73, 0x8c, 0x73, 0x8c,
    0x73, 0x8c, 0x73, 0x8c, 0x73, 0x8c, 0x73, 0x8c, 0x73, 0x8c, 0x73, 0x8c, 0x73, 0x8c, 0x73, 0x8c,
    0x73, 0x8c, 0x73, 0x8c, 0x73, 0x8c, 0x73, 0x8c, 0x73, 0x8c, 0x73, 0x8c, 0x73, 0x8c, 0x73, 0x8c,
    0x73, 0x8c, 0x73, 0x8c, 0x73, 0x8c, 0x73, 0x8c, 0x73, 0x8c, 0x73, 0x8c, 0x73, 0x8c, 0x73, 0x8c,
    0x73, 0x8c, 0x73, 0x8c, 0x73, 0x8c, 0x73, 0x8c, 0x73, 0x8c, 0x73, 0x8c, 0x73, 0x8c, 0x73, 0x8c,
    0x73, 0x8c, 0x73, 0x8c, 0x73, 0x8c, 0x73, 0x8c, 0x73, 0x8c, 0x73, 0x8c, 0x73, 0x8c, 0x73, 0x8c,
    0x73, 0x8c, 0x73, 0x8c, 0x73, 0x8c, 0x73, 0x8c, 0x73, 0x8c, 0x73, 0x8c, 0x73, 0x8c, 0x73, 0x8c,
    0x73, 0x8c, 0x73, 0x8c, 0x73, 0x8c, 0x73, 0x8c, 0x73, 0x8c, 0x73, 0x8c, 0x73, 0x8c, 0x73, 0x8c,
    0x73, 0x8c, 0x73, 0x8c, 0x73, 0x8c, 0x73, 0x8c, 0x73, 0x8c, 0x73, 0x8c, 0x73, 0x8c, 0x73, 0x8c,
    0x73, 0x8c, 0x73, 0x8c, 0x73, 0x8c, 0x73, 0x8c, 0x73, 0x8c, 0x73, 0x8c, 0x73, 0x8c, 0x73, 0x8c,
    0x73, 0x8c, 0x73, 0x8c, 0x73, 0x8c, 0x73, 0x8c, 0x73, 0x8c, 0x73, 0x8c, 0x73, 0x8c, 0x73, 0x8c,
    0x73, 0x8c, 0x73, 0x8c, 0x73, 0x8c, 0x73, 0x8c, 0x73, 0x8c, 0x73, 0x8c, 0x73, 0x8c, 0x73, 0x8c,
    0x73, 0x8c, 0x73, 0x8c, 0x73, 0x8c, 0x73, 0x8c, 0x73, 0x8c, 0x73, 0x8c, 0x53, 0x8c, 0x53, 0x8c,
    0x53, 0x8c, 0x53, 0x8c, 0x53, 0x8c, 0x53, 0x8c, 0x73, 0x8c, 0x73, 0x8c, 0x73, 0x8c, 0x73, 0x8c,
    0x73, 0x8c, 0x73, 0x8c, 0x73, 0x8c, 0x73, 0x8c, 0x73, 0x8c, 0x73, 0x8c, 0x53, 0x8c, 0x53, 0x8c,
    0x53, 0x8c, 0x73, 0x8c, 0x53, 0x8c, 0x73, 0x8c, 0x53, 0x8c, 0x73, 0x8c, 0x73, 0x8c, 0x73, 0x8c,
    0x73, 0x8c, 0x73, 0x8c, 0x73, 0x8c, 0x73, 0x8c, 0x73, 0x8c, 0x73, 0x8c, 0x73, 0x8c, 0x73, 0x8c,
    0x73, 0x8c, 0x93, 0x8c, 0x94, 0x8c, 0x73, 0x8c, 0x73, 0x8c, 0x15, 0xa5, 0x9b, 0xd6, 0x9b, 0xd6,
    0x9b, 0xd6, 0x9b, 0xd6, 0x9b, 0xd6, 0x9b, 0xd6, 0x9a, 0xd6, 0xdb, 0xde, 0x3d, 0xe7, 0x3d, 0xe7,
    0x3d, 0xe7, 0xbe, 0xf7, 0xff, 0xff, 0xff, 0xff, 0xbe, 0xf7, 0xeb, 0x5a, 0x65, 0x29, 0xa6, 0x31,
    0xa6, 0x31, 0x4f, 0x21, 0x72, 0x21, 0x71, 0x21, 0x71, 0x21, 0x71, 0x21, 0x4f, 0x21, 0x86, 0x31,
    0xa6, 0x31, 0x65, 0x29, 0xeb, 0x5a, 0xbe, 0xf7, 0xff, 0xff, 0xff, 0xff, 0xbf, 0xf7, 0x3d, 0xe7,
    0x3d, 0xe7, 0x3d, 0xe7, 0xfc, 0xde, 0x9b, 0xd6, 0xbb, 0xd6, 0xbb, 0xd6, 0x39, 0xc6, 0x98, 0xb5,
    0xb8, 0xb5, 0x97, 0xb5, 0xb4, 0x94, 0x73, 0x8c, 0x73, 0x94, 0x73, 0x8c, 0xf4, 0x9c, 0x35, 0xa5,
    0x15, 0xa5, 0x15, 0xa5, 0x15, 0xa5, 0x15, 0xa5, 0x15, 0xa5, 0x15, 0xa5, 0x15, 0xa5, 0x15, 0xa5,
    0x15, 0xa5, 0x15, 0xa5, 0x15, 0xa5, 0x15, 0xa5, 0x15, 0xa5, 0x15, 0xa5, 0x15, 0xa5, 0x15, 0xa5,
    0x15, 0xa5, 0x15, 0xa5, 0x15, 0xa5, 0x15, 0xa5, 0x15, 0xa5, 0x15, 0xa5, 0x15, 0xa5, 0x15, 0xa5,
    0x15, 0xa5, 0x15, 0xa5, 0x15, 0xa5, 0x15, 0xa5, 0x35, 0xa5, 0x15, 0xa5, 0x15, 0xa5, 0x15, 0xa5,
    0x15, 0xa5, 0x15, 0xa5, 0x15, 0xa5, 0x15, 0xa5, 0x15, 0xa5, 0x15, 0xa5, 0x15, 0xa5, 0x15, 0xa5,
    0x15, 0xa5, 0x15, 0xa5, 0x15, 0xa5, 0x15, 0xa5, 0x15, 0xa5, 0x35, 0xa5, 0x15, 0xa5, 0x15, 0xa5,
    0x35, 0xa5, 0x35, 0xa5, 0x35, 0xa5, 0x35, 0xa5, 0x35, 0xa5, 0x35, 0xa5, 0x35, 0xa5, 0x15, 0xa5,
    0x15, 0xa5, 0x15, 0xa5, 0x15, 0xa5, 0x15, 0xa5, 0x15, 0xa5, 0x15, 0xa5, 0x15, 0xa5, 0x15, 0xa5,
    0x15, 0xa5, 0x15, 0xa5, 0x15, 0xa5, 0x15, 0xa5, 0x15, 0xa5, 0x15, 0xa5, 0x15, 0xa5, 0x15, 0xa5,
    0x15, 0xa5, 0x15, 0xa5, 0x15, 0xa5, 0x15, 0xa5, 0x15, 0xa5, 0x35, 0xa5, 0x15, 0xa5, 0x15, 0xa5,
    0x15, 0xa5, 0x15, 0xa5, 0x15, 0xa5, 0x15, 0xa5, 0x15, 0xa5, 0x35, 0xa5, 0x15, 0xa5, 0x15, 0xa5,
    0x35, 0xa5, 0x35, 0xa5, 0x35, 0xa5, 0x35, 0xa5, 0x35, 0xa5, 0x35, 0xa5, 0x15, 0xa5, 0x15, 0xa5,
    0x15, 0xa5, 0x15, 0xa5, 0x15, 0xa5, 0x15, 0xa5, 0x15, 0xa5, 0x15, 0xa5, 0x15, 0xa5, 0x15, 0xa5,
    0x15, 0xa5, 0x35, 0xa5, 0x15, 0xa5, 0x15, 0xa5, 0x15, 0xa5, 0x15, 0xa5, 0x15, 0xa5, 0x15, 0xa5,
    0x15, 0xa5, 0x15, 0xa5, 0x15, 0xa5, 0x15, 0xa5, 0x15, 0xa5, 0x35, 0xa5, 0x35, 0xa5, 0x15, 0xa5,
    0x15, 0xa5, 0x15, 0xa5, 0x15, 0xa5, 0x15, 0xa5, 0x15, 0xa5, 0x15, 0xa5, 0x15, 0xa5, 0x15, 0xa5,
    0x15, 0xa5, 0x15, 0xa5, 0x15, 0xa5, 0x15, 0xa5, 0x15, 0xa5, 0x15, 0xa5, 0x15, 0xa5, 0x15, 0xa5,
    0x15, 0xa5, 0x15, 0xa5, 0x15, 0xa5, 0x15, 0xa5, 0x15, 0xa5, 0x15, 0xa5, 0x15, 0xa5, 0x15, 0xa5,
    0x15, 0xa5, 0x15, 0xa5, 0x15, 0xa5, 0x15, 0xa5, 0x15, 0xa5, 0x15, 0xa5, 0x15, 0xa5, 0x15, 0xa5,
    0x15, 0xa5, 0x15, 0xa5, 0x15, 0xa5, 0x15, 0xa5, 0x15, 0xa5, 0x15, 0xa5, 0x15, 0xa5, 0x15, 0xa5,
    0x15, 0xa5, 0x15, 0xa5, 0x15, 0xa5, 0x15, 0xa5, 0x35, 0xa5, 0x15, 0xa5, 0x93, 0x8c, 0x73, 0x8c,
    0x73, 0x8c, 0x15, 0xa5, 0x19, 0xc6, 0x3a, 0xc6, 0x39, 0xc6, 0x5a, 0xce, 0x9b, 0xd6, 0x9a, 0xd6,
    0x7a, 0xd6, 0xbb, 0xde, 0x1c, 0xe7, 0x1d, 0xe7, 0x1d, 0xe7, 0xbe, 0xf7, 0xff, 0xff, 0xff, 0xff,
    0xbe, 0xf7, 0x0c, 0x63, 0x65, 0x29, 0xc7, 0x39, 0xa6, 0x31, 0x4f, 0x21, 0x72, 0x21, 0x71, 0x21,
    0x71, 0x21, 0x72, 0x21, 0x4f, 0x21, 0x86, 0x31, 0xa6, 0x31, 0x86, 0x29, 0xeb, 0x5a, 0x9e, 0xf7,
    0xdf, 0xff, 0xbf, 0xf7, 0x7e, 0xef, 0xdb, 0xde, 0xdb, 0xde, 0xdb, 0xde, 0xbb, 0xd6, 0xbb, 0xd6,
    0xbb, 0xd6, 0xdc, 0xde, 0xb8, 0xb5, 0xb4, 0x94, 0xb4, 0x94, 0x93, 0x94, 0x73, 0x94, 0x94, 0x94,
    0x94, 0x94, 0x94, 0x94, 0xbb, 0xd6, 0x9e, 0xef, 0x5d, 0xef, 0x7e, 0xef, 0x7e, 0xef, 0x5e, 0xef,
    0x5e, 0xef, 0x7e, 0xef, 0x7e, 0xef, 0x7e, 0xef, 0x7e, 0xef, 0x7e, 0xef, 0x7e, 0xef, 0x7e, 0xef,
    0x7e, 0xef, 0x7e, 0xef, 0x7e, 0xef, 0x7e, 0xef, 0x7d, 0xef, 0x7d, 0xef, 0x5d, 0xef, 0x5d, 0xef,
    0x5d, 0xef, 0x7d, 0xef, 0x7d, 0xef, 0x7d, 0xef, 0x7d, 0xef, 0x7d, 0xef, 0x7d, 0xef, 0x7d, 0xef,
    0x7d, 0xef, 0x7e, 0xef, 0x7e, 0xef, 0x7e, 0xef, 0x7e, 0xef, 0x7d, 0xef, 0x5d, 0xef, 0x5d, 0xef,
    0x7d, 0xef, 0x7d, 0xef, 0x7d, 0xef, 0x5d, 0xef, 0x5d, 0xef, 0x5d, 0xef, 0x5d, 0xef, 0x5e, 0xef,
    0x7e, 0xef, 0x7e, 0xef, 0x5e, 0xef, 0x5e, 0xef, 0x5e, 0xef, 0x7e, 0xef, 0x7e, 0xef, 0x7e, 0xef,
    0x7e, 0xef, 0x7e, 0xef, 0x7e, 0xef, 0x7e, 0xef, 0x7e, 0xef, 0x5e, 0xef, 0x5e, 0xef, 0x5e, 0xef,
    0x5e, 0xef, 0x5e, 0xef, 0x5e, 0xef, 0x5e, 0xef, 0x7d, 0xef, 0x7d, 0xef, 0x7d, 0xef, 0x7d, 0xef,
    0x7d, 0xef, 0x5d, 0xef, 0x5d, 0xef, 0x5e, 0xef, 0x5e, 0xef, 0x5d, 0xef, 0x5e, 0xef, 0x5e, 0xef,
    0x5e, 0xef, 0x7e, 0xef, 0x7e, 0xef, 0x7e, 0xef, 0x7d, 0xef, 0x7d, 0xef, 0x5d, 0xef, 0x7d, 0xef,
    0x7e, 0xef, 0x7e, 0xef, 0x7d, 0xef, 0x7e, 0xef, 0x7e, 0xef, 0x7e, 0xef, 0x7e, 0xef, 0x7e, 0xef,
    0x7e, 0xef, 0x7e, 0xef, 0x7d, 0xef, 0x7d, 0xef, 0x7d, 0xef, 0x7d, 0xef, 0x5d, 0xef, 0x7e, 0xef,
    0x7e, 0xef, 0x7e, 0xef, 0x5e, 0xef, 0x5e, 0xef, 0x7e, 0xef, 0x7e, 0xef, 0x7e, 0xef, 0x7e, 0xef,
    0x7d, 0xef, 0x7e, 0xef, 0x7e, 0xef, 0x7d, 0xef, 0x7e, 0xef, 0x7d, 0xef, 0x7d, 0xef, 0x7d, 0xef,
    0x7e, 0xef, 0x7e, 0xef, 0x7e, 0xef, 0x7e, 0xef, 0x5e, 0xef, 0x5e, 0xef, 0x5d, 0xef, 0x5d, 0xef,
    0x5e, 0xef, 0x7e, 0xef, 0x5e, 0xef, 0x5e, 0xef, 0x5d, 0xef, 0x5d, 0xef, 0x5e, 0xef, 0x5e, 0xef,
    0x5e, 0xef, 0x5d, 0xef, 0x5d, 0xef, 0x7d, 0xef, 0x7d, 0xef, 0x7d, 0xef, 0x7d, 0xef, 0x7d, 0xef,
    0x7e, 0xef, 0x7d, 0xef, 0x7d, 0xef, 0x7d, 0xef, 0x7d, 0xef, 0x5d, 0xef, 0x5d, 0xef, 0x5d, 0xef,
    0x5d, 0xef, 0x5e, 0xef, 0x5e, 0xef, 0x5e, 0xef, 0x5e, 0xef, 0x5e, 0xef, 0x5e, 0xef, 0x5d, 0xef,
    0x5d, 0xef, 0x5d, 0xef, 0x5d, 0xef, 0x5d, 0xef, 0x5d, 0xef, 0x5d, 0xef, 0x5d, 0xef, 0x5d, 0xef,
    0x7e, 0xef, 0xdc, 0xde, 0xb4, 0x94, 0x93, 0x8c, 0x94, 0x94, 0x93, 0x94, 0xb4, 0x94, 0xb4, 0x94,
    0x93, 0x94, 0x97, 0xb5, 0x9b, 0xd6, 0x9a, 0xd6, 0x9b, 0xd6, 0x9b, 0xd6, 0xbb, 0xd6, 0xbb, 0xd6,
    0xbb, 0xd6, 0x5d, 0xef, 0xbf, 0xf7, 0xbe, 0xf7, 0x9e, 0xf7, 0x0c, 0x63, 0x86, 0x31, 0xc7, 0x39,
    0xa6, 0x31, 0x4f, 0x21, 0x72, 0x21, 0x71, 0x21, 0x71, 0x21, 0x72, 0x21, 0x4f, 0x21, 0x86, 0x31,
    0xa6, 0x31, 0x65, 0x29, 0xcb, 0x5a, 0x9e, 0xf7, 0xdf, 0xff, 0xbe, 0xf7, 0x7e, 0xef, 0xbb, 0xde,
    0xbb, 0xde, 0xbb, 0xde, 0xbb, 0xd6, 0xbb, 0xd6, 0xbb, 0xd6, 0xdb, 0xde, 0x97, 0xb5, 0x73, 0x8c,
    0x94, 0x94, 0x94, 0x94, 0x94, 0x94, 0xb4, 0x94, 0x94, 0x94, 0xb4, 0x94, 0xdc, 0xde, 0xbe, 0xf7,
    0x9e, 0xf7, 0x9e, 0xf7, 0x9e, 0xf7, 0x9e, 0xf7, 0x9e, 0xf7, 0x9e, 0xf7, 0x9e, 0xf7, 0x9e, 0xf7,
    0x9e, 0xf7, 0x9e, 0xf7, 0x9e, 0xf7, 0x9e, 0xf7, 0x9e, 0xf7, 0x9e, 0xf7, 0x9e, 0xf7, 0x9e, 0xf7,
    0x9e, 0xf7, 0x9e, 0xf7, 0x9e, 0xf7, 0x9e, 0xf7, 0x9e, 0xf7, 0x9e, 0xf7, 0x9e, 0xf7, 0x9e, 0xf7,
    0x9e, 0xf7, 0x9e, 0xf7, 0x9e, 0xf7, 0x9e, 0xf7, 0x9e, 0xf7, 0x9e, 0xf7, 0x9e, 0xf7, 0x9e, 0xf7,
    0x9e, 0xf7, 0x9e, 0xf7, 0x9e, 0xf7, 0x9e, 0xf7, 0x9e, 0xf7, 0x9e, 0xf7, 0x9e, 0xf7, 0x9e, 0xf7,
    0x9e, 0xf7, 0x9e, 0xf7, 0x9e, 0xf7, 0x9e, 0xf7, 0x9e, 0xf7, 0x9e, 0xf7, 0x9e, 0xf7, 0x9e, 0xf7,
    0x9e, 0xf7, 0x9e, 0xf7, 0x9e, 0xf7, 0x9e, 0xf7, 0x9e, 0xf7, 0x9e, 0xf7, 0x9e, 0xf7, 0x9e, 0xf7,
    0x9e, 0xf7, 0x9e, 0xf7, 0x9e, 0xf7, 0x9e, 0xf7, 0x9e, 0xf7, 0x9e, 0xf7, 0x9e, 0xf7, 0x9e, 0xf7,
    0x9e, 0xf7, 0x9e, 0xf7, 0x9e, 0xf7, 0x9e, 0xf7, 0x9d, 0xf7, 0x9d, 0xf7, 0x9e, 0xf7, 0x9e, 0xf7,
    0x9e, 0xf7, 0x9e, 0xf7, 0x9e, 0xf7, 0x9e, 0xf7, 0x9e, 0xf7, 0x9e, 0xf7, 0x9e, 0xf7, 0x9e, 0xf7,
    0x9e, 0xf7, 0x9e, 0xf7, 0x9e, 0xf7, 0x9e, 0xf7, 0x9e, 0xf7, 0x9e, 0xf7, 0x9e, 0xf7, 0x9e, 0xf7,
    0x9e, 0xf7, 0x9e, 0xf7, 0x9e, 0xf7, 0x9e, 0xf7, 0x9e, 0xf7, 0x9e, 0xf7, 0x9e, 0xf7, 0x9e, 0xf7,
    0x9e, 0xf7, 0x9e, 0xf7, 0x9e, 0xf7, 0x9e, 0xf7, 0x9e, 0xf7, 0x9e, 0xf7, 0x9e, 0xf7, 0x9e, 0xf7,
    0x9e, 0xf7, 0x9e, 0xf7, 0x9e, 0xf7, 0x9e, 0xf7, 0x9e, 0xf7, 0x9e, 0xf7, 0x9e, 0xf7, 0x9e, 0xf7,
    0x9e, 0xf7, 0x9e, 0xf7, 0x9e, 0xf7, 0x9e, 0xf7, 0x9e, 0xf7, 0x9e, 0xf7, 0x9e, 0xf7, 0x9e, 0xf7,
    0x9e, 0xf7, 0x9e, 0xf7, 0x9e, 0xf7, 0x9e, 0xf7, 0x9e, 0xf7, 0x9e, 0xf7, 0x9e, 0xf7, 0x9e, 0xf7,
    0x7e, 0xef, 0x7e, 0xf7, 0x7e, 0xf7, 0x9e, 0xf7, 0x9e, 0xf7, 0x9e, 0xf7, 0x9d, 0xf7, 0x9e, 0xf7,
    0x9e, 0xf7, 0x9e, 0xf7, 0x9e, 0xf7, 0x9e, 0xf7, 0x9e, 0xf7, 0x9d, 0xf7, 0x9d, 0xf7, 0x9d, 0xf7,
    0x9d, 0xf7, 0x9d, 0xf7, 0x9d, 0xf7, 0x9d, 0xf7, 0x9e, 0xf7, 0x9e, 0xf7, 0x9e, 0xf7, 0x9e, 0xf7,
    0x9e, 0xf7, 0x9e, 0xf7, 0x9e, 0xf7, 0x9e, 0xf7, 0x9e, 0xf7, 0x9e, 0xf7, 0x9e, 0xf7, 0x9e, 0xf7,
    0x9e, 0xf7, 0x9e, 0xf7, 0x9d, 0xf7, 0x7d, 0xf7, 0x9e, 0xf7, 0x1d, 0xe7, 0xd4, 0x9c, 0x94, 0x8c,
    0x94, 0x8c, 0x73, 0x8c, 0x73, 0x8c, 0x94, 0x94, 0x93, 0x94, 0x76, 0xad, 0x9b, 0xd6, 0x9a, 0xd6,
    0x9b, 0xd6, 0x9b, 0xd6, 0x9b, 0xd6, 0x9b, 0xd6, 0x9b, 0xd6, 0x5d, 0xef, 0xbe, 0xf7, 0xbe, 0xf7,
    0x9e, 0xf7, 0x0c, 0x63, 0x86, 0x31, 0xc7, 0x39, 0xa6, 0x31, 0x4f, 0x21, 0x72, 0x21, 0x71, 0x21,
    0x71, 0x21, 0x72, 0x21, 0x4f, 0x21, 0x86, 0x31, 0xa6, 0x31, 0x65, 0x29, 0xcb, 0x5a, 0x9e, 0xf7,
    0xdf, 0xff, 0xbf, 0xf7, 0x7e, 0xef, 0xbb, 0xd6, 0xbb, 0xd6, 0xbb, 0xd6, 0xbb, 0xde, 0xdb, 0xde,
    0xbb, 0xde, 0xdb, 0xde, 0x76, 0xad, 0x52, 0x8c, 0x94, 0x94, 0x94, 0x94, 0x93, 0x94, 0x73, 0x8c,
    0x73, 0x8c, 0x73, 0x8c, 0xdc, 0xde, 0x9e, 0xf7, 0x9e, 0xf7, 0x9e, 0xf7, 0x9e, 0xf7, 0x9e, 0xf7,
    0x9e, 0xf7, 0x9e, 0xf7, 0x9e, 0xf7, 0x9e, 0xf7, 0x9e, 0xf7, 0x9e, 0xf7, 0x9e, 0xf7, 0x9e, 0xf7,
    0x9e, 0xf7, 0x9e, 0xf7, 0x9e, 0xf7, 0x9e, 0xf7, 0x9e, 0xf7, 0x9e, 0xf7, 0x9e, 0xf7, 0x9e, 0xf7,
    0x9e, 0xf7, 0x9e, 0xf7, 0x9e, 0xf7, 0x9e, 0xf7, 0x9e, 0xf7, 0x9e, 0xf7, 0x9e, 0xf7, 0x9e, 0xf7,
    0x9e, 0xf7, 0x9e, 0xf7, 0x9e, 0xf7, 0x9e, 0xf7, 0x9e, 0xf7, 0x9e, 0xf7, 0x9e, 0xf7, 0x9e, 0xf7,
    0x9e, 0xf7, 0x9e, 0xf7, 0x9e, 0xf7, 0x9e, 0xf7, 0x9e, 0xf7, 0x9e, 0xf7, 0x9e, 0xf7, 0x9e, 0xf7,
    0x9e, 0xf7, 0x9e, 0xf7, 0x9e, 0xf7, 0x9e, 0xf7, 0x9e, 0xf7, 0x9e, 0xf7, 0x9e, 0xf7, 0x9e, 0xf7,
    0x9e, 0xf7, 0x9e, 0xf7, 0x9e, 0xf7, 0x9e, 0xf7, 0x9e, 0xf7, 0x9e, 0xf7, 0x9e, 0xf7, 0x9e, 0xf7,
    0x9e, 0xf7, 0x9e, 0xf7, 0x9e, 0xf7, 0x9e, 0xf7, 0x9e, 0xf7, 0x9e, 0xf7, 0x9e, 0xf7, 0x9e, 0xf7,
    0x9e, 0xf7, 0x9e, 0xf7, 0x9e, 0xf7, 0x9e, 0xf7, 0x9e, 0xf7, 0x9e, 0xf7, 0x9e, 0xf7, 0x9e, 0xf7,
    0x9e, 0xf7, 0x9e, 0xf7, 0x9e, 0xf7, 0x9e, 0xf7, 0x9e, 0xf7, 0x9e, 0xf7, 0x9e, 0xf7, 0x9e, 0xf7,
    0x9e, 0xf7, 0x9e, 0xf7, 0x9e, 0xf7, 0x9e, 0xf7, 0x9e, 0xf7, 0x9e, 0xf7, 0x9e, 0xf7, 0x9e, 0xf7,
    0x9e, 0xf7, 0x9e, 0xf7, 0x9e, 0xf7, 0x9e, 0xf7, 0x9e, 0xf7, 0x9e, 0xf7, 0x9e, 0xf7, 0x9e, 0xf7,
    0x9e, 0xf7, 0x9e, 0xf7, 0x9e, 0xf7, 0x9e, 0xf7, 0x9e, 0xf7, 0x9e, 0xf7, 0x9e, 0xf7, 0x9e, 0xf7,
    0x9e, 0xf7, 0x9e, 0xf7, 0x9e, 0xf7, 0x9e, 0xf7, 0x9e, 0xf7, 0x9e, 0xf7, 0x9e, 0xf7, 0x9e, 0xf7,
    0x9e, 0xf7, 0x9e, 0xf7, 0x9e, 0xf7, 0x9e, 0xf7, 0x9e, 0xf7, 0x9e, 0xf7, 0x9e, 0xf7, 0x9e, 0xf7,
    0x9e, 0xf7, 0x9e, 0xf7, 0x9e, 0xf7, 0x9e, 0xf7, 0x9e, 0xf7, 0x9e, 0xf7, 0x9e, 0xef, 0x9e, 0xf7,
    0x9e, 0xf7, 0x9e, 0xf7, 0x9e, 0xf7, 0x9e, 0xf7, 0x9e, 0xf7, 0x9e, 0xf7, 0x9e, 0xf7, 0x9e, 0xf7,
    0x9e, 0xf7, 0x9e, 0xf7, 0x9e, 0xf7, 0x9e, 0xf7, 0x9e, 0xf7, 0x9e, 0xf7, 0x9e, 0xf7, 0x9e, 0xf7,
    0x9e, 0xf7, 0x9e, 0xf7, 0x9e, 0xf7, 0x9e, 0xf7, 0x9e, 0xf7, 0x9e, 0xf7, 0x9e, 0xf7, 0x9e, 0xf7,
    0x9e, 0xf7, 0x9e, 0xf7, 0x9e, 0xf7, 0x9e, 0xf7, 0x9e, 0xf7, 0x9e, 0xf7, 0x9e, 0xf7, 0x7d, 0xf7,
    0xbe, 0xf7, 0xfc, 0xde, 0xb3, 0x94, 0x73, 0x8c, 0x53, 0x8c, 0x73, 0x8c, 0x94, 0x8c, 0x94, 0x94,
    0x53, 0x8c, 0x56, 0xad, 0x9b, 0xd6, 0xbb, 0xd6, 0x9b, 0xd6, 0x9b, 0xd6, 0x9a, 0xd6, 0x9a, 0xd6,
    0x9b, 0xd6, 0x5d, 0xef, 0xde, 0xff, 0xbe, 0xf7, 0x9e, 0xf7, 0x0c, 0x63, 0x86, 0x31, 0xc7, 0x39,
    0xa6, 0x31, 0x4f, 0x21, 0x72, 0x21, 0x71, 0x21, 0x71, 0x21, 0x72, 0x21, 0x4f, 0x21, 0x86, 0x31,
    0xa6, 0x31, 0x65, 0x29, 0xcb, 0x5a, 0x9e, 0xf7, 0xdf, 0xff, 0xbf, 0xf7, 0x7e, 0xef, 0xbb, 0xd6,
    0xbb, 0xd6, 0xbb, 0xde, 0x7b, 0xd6, 0x5a, 0xce, 0x5a, 0xce, 0x3a, 0xce, 0x56, 0xad, 0x73, 0x8c,
    0x94, 0x94, 0x94, 0x94, 0x15, 0xa5, 0x35, 0xa5, 0x15, 0xa5, 0x35, 0xa5, 0xdb, 0xde, 0x7e, 0xf7,
    0x7d, 0xef, 0x7e, 0xef, 0x7e, 0xef, 0x7d, 0xef, 0x7d, 0xef, 0x7d, 0xef, 0x7d, 0xef, 0x7e, 0xef,
    0x7e, 0xef, 0x7e, 0xef, 0x7e, 0xef, 0x7e, 0xef, 0x7e, 0xef, 0x7e, 0xef, 0x7d, 0xef, 0x7d, 0xef,
    0x7d, 0xef, 0x7d, 0xef, 0x7d, 0xef, 0x7d, 0xef, 0x7d, 0xef, 0x7d, 0xef, 0x7d, 0xef, 0x7d, 0xef,
    0x7d, 0xef, 0x7d, 0xef, 0x7d, 0xef, 0x7d, 0xef, 0x7d, 0xef, 0x7d, 0xef, 0x7d, 0xef, 0x7d, 0xef,
    0x7e, 0xef, 0x7d, 0xef, 0x7d, 0xef, 0x7d, 0xef, 0x5d, 0xef, 0x5d, 0xef, 0x5d, 0xef, 0x5d, 0xef,
    0x7d, 0xef, 0x7e, 0xef, 0x7d, 0xef, 0x7d, 0xef, 0x7e, 0xef, 0x7e, 0xef, 0x7e, 0xef, 0x7d, 0xef,
    0x7e, 0xef, 0x7d, 0xef, 0x7d, 0xef, 0x7d, 0xef, 0x7d, 0xef, 0x7d, 0xef, 0x7d, 0xef, 0x7d, 0xef,
    0x7d, 0xef, 0x7d, 0xef, 0x7d, 0xef, 0x7d, 0xef, 0x7d, 0xef, 0x7e, 0xef, 0x7e, 0xef, 0x7e, 0xef,
    0x7d, 0xef, 0x7d, 0xef, 0x7d, 0xef, 0x7e, 0xef, 0x7d, 0xef, 0x7d, 0xef, 0x7e, 0xef, 0x7d, 0xef,
    0x7e, 0xef, 0x7d, 0xef, 0x5d, 0xef, 0x5d, 0xef, 0x7d, 0xef, 0x7d, 0xef, 0x7e, 0xef, 0x7e, 0xef,
    0x7e, 0xef, 0x7d, 0xef, 0x7e, 0xef, 0x7d, 0xef, 0x7d, 0xef, 0x7d, 0xef, 0x7d, 0xef, 0x7d, 0xef,
    0x7d, 0xef, 0x7d, 0xef, 0x7d, 0xef, 0x7d, 0xef, 0x7d, 0xef, 0x7d, 0xef, 0x7d, 0xef, 0x7d, 0xef,
    0x7d, 0xef, 0x7d, 0xef, 0x7d, 0xef, 0x7d, 0xef, 0x7d, 0xef, 0x7d, 0xef, 0x7d, 0xef, 0x7d, 0xef,
    0x7e, 0xef, 0x7d, 0xef, 0x7d, 0xef, 0x7d, 0xef, 0x7d, 0xef, 0x7d, 0xef, 0x7d, 0xef, 0x7d, 0xef,
    0x7d, 0xef, 0x7d, 0xef, 0x7d, 0xef, 0x7d, 0xef, 0x7d, 0xef, 0x7d, 0xef, 0x7d, 0xef, 0x7e, 0xef,
    0x7d, 0xef, 0x7d, 0xef, 0x7d, 0xef, 0x7d, 0xef, 0x7d, 0xef, 0x7d, 0xef, 0x7d, 0xef, 0x7d, 0xef,
    0x7d, 0xef, 0x7d, 0xef, 0x5d, 0xef, 0x5d, 0xef, 0x5d, 0xef, 0x7d, 0xef, 0x7d, 0xef, 0x7d, 0xef,
    0x7e, 0xef, 0x7d, 0xef, 0x7d, 0xef, 0x7d, 0xef, 0x7d, 0xef, 0x7d, 0xef, 0x7d, 0xef, 0x7d, 0xef,
    0x7e, 0xef, 0x7e, 0xef, 0x7d, 0xef, 0x7d, 0xef, 0x7d, 0xef, 0x7e, 0xef, 0x7d, 0xef, 0x7d, 0xef,
    0x7d, 0xef, 0x7d, 0xef, 0x7d, 0xef, 0x7d, 0xef, 0x7d, 0xef, 0x7d, 0xef, 0x7d, 0xef, 0x7d, 0xef,
    0x7d, 0xef, 0x7d, 0xef, 0x5d, 0xef, 0x7d, 0xef, 0x7e, 0xef, 0xdc, 0xde, 0x35, 0xa5, 0x15, 0xa5,
    0x15, 0xa5, 0x15, 0xa5, 0x94, 0x94, 0x74, 0x8c, 0x53, 0x8c, 0x36, 0xad, 0x5a, 0xce, 0x3a, 0xc6,
    0x19, 0xc6, 0x5a, 0xce, 0x9a, 0xd6, 0x9b, 0xd6, 0x9b, 0xd6, 0x5d, 0xef, 0xbe, 0xf7, 0xbe, 0xf7,
    0x9e, 0xf7, 0x0c, 0x63, 0x86, 0x31, 0xc7, 0x39, 0xa6, 0x31, 0x4f, 0x21, 0x72, 0x21, 0x71, 0x21,
    0x71, 0x21, 0x72, 0x21, 0x4f, 0x21, 0x86, 0x31, 0xa6, 0x31, 0x65, 0x29, 0xcb, 0x5a, 0x9e, 0xf7,
    0xdf, 0xff, 0xbf, 0xf7, 0x7e, 0xef, 0xbb, 0xd6, 0xbb, 0xd6, 0xdc, 0xde, 0xb8, 0xb5, 0x93, 0x94,
    0xb4, 0x94, 0xb4, 0x94, 0xb4, 0x94, 0x94, 0x94, 0x94, 0x94, 0x93, 0x94, 0x9a, 0xd6, 0x9e, 0xef,
    0x7e, 0xef, 0x7e, 0xef, 0xfc, 0xde, 0xdb, 0xde, 0xdb, 0xde, 0xdb, 0xde, 0xdb, 0xde, 0xdb, 0xde,
    0xdb, 0xde, 0xdb, 0xde, 0xdb, 0xde, 0xdb, 0xde, 0xdb, 0xde, 0xdb, 0xde, 0xdb, 0xde, 0xdb, 0xde,
    0xdb, 0xde, 0xdb, 0xde, 0xdb, 0xde, 0xdb, 0xde, 0xbb, 0xde, 0xdb, 0xde, 0xdb, 0xde, 0xdb, 0xde,
    0xdb, 0xde, 0xdb, 0xde, 0xdb, 0xde, 0xdb, 0xde, 0xdb, 0xde, 0xdb, 0xde, 0xdb, 0xde, 0xdb, 0xde,
    0xdb, 0xde, 0xdb, 0xde, 0xbb, 0xde, 0xbb, 0xde, 0xdb, 0xde, 0xdb, 0xde, 0xbb, 0xde, 0xbb, 0xde,
    0xbb, 0xde, 0xbb, 0xde, 0xbb, 0xde, 0xbb, 0xde, 0xbb, 0xde, 0xdb, 0xde, 0xdb, 0xde, 0xdb, 0xde,
    0xdb, 0xde, 0xdb, 0xde, 0xdb, 0xde, 0xdb, 0xde, 0xdb, 0xde, 0xdb, 0xde, 0xdb, 0xde, 0xdb, 0xde,
    0xdb, 0xde, 0xdb, 0xde, 0xdb, 0xde, 0xdb, 0xde, 0xdb, 0xde, 0xdb, 0xde, 0xdb, 0xde, 0xdb, 0xde,
    0xbb, 0xde, 0xdb, 0xde, 0xdb, 0xde, 0xdb, 0xde, 0xdb, 0xde, 0xbb, 0xde, 0xbb, 0xde, 0xbb, 0xde,
    0xbb, 0xde, 0xbb, 0xde, 0xdb, 0xde, 0xdb, 0xde, 0xdb, 0xde, 0xbb, 0xde, 0xbb, 0xde, 0xbb, 0xde,
    0xbb, 0xde, 0xbb, 0xde, 0xbb, 0xde, 0xbb, 0xde, 0xbb, 0xde, 0xbb, 0xde, 0xdb, 0xde, 0xbb, 0xde,
    0xdb, 0xde, 0xdb, 0xde, 0xdb, 0xde, 0xdb, 0xde, 0xdb, 0xde, 0xdb, 0xde, 0xdb, 0xde, 0xdb, 0xde,
    0xdb, 0xde, 0xdb, 0xde, 0xbb, 0xde, 0xbb, 0xde, 0xbb, 0xde, 0xbb, 0xde, 0xdb, 0xde, 0xbb, 0xde,
    0xbb, 0xde, 0xbb, 0xde, 0xdb, 0xde, 0xdb, 0xde, 0xdb, 0xde, 0xdb, 0xde, 0xbb, 0xde, 0xbb, 0xde,
    0xbb, 0xde, 0xdb, 0xde, 0xdb, 0xde, 0xbb, 0xde, 0xbb, 0xde, 0xbb, 0xde, 0xbb, 0xde, 0xbb, 0xde,
    0xbb, 0xde, 0xbb, 0xde, 0xbb, 0xde, 0xdb, 0xde, 0xdb, 0xde, 0xdb, 0xde, 0xdb, 0xde, 0xdb, 0xde,
    0xdb, 0xde, 0xdb, 0xde, 0xdb, 0xde, 0xdb, 0xde, 0xdb, 0xde, 0xdb, 0xde, 0xdb, 0xde, 0xdb, 0xde,
    0xdb, 0xde, 0xdb, 0xde, 0xdb, 0xde, 0xdb, 0xde, 0xdb, 0xde, 0xdb, 0xde, 0xdb, 0xde, 0xdb, 0xde,
    0xdb, 0xde, 0xbb, 0xde, 0xbb, 0xde, 0xbb, 0xde, 0xdb, 0xde, 0xdb, 0xde, 0xdb, 0xde, 0xdb, 0xde,
    0xbb, 0xde, 0xdb, 0xde, 0xdb, 0xde, 0xbb, 0xde, 0xdb, 0xde, 0xdb, 0xde, 0xdb, 0xde, 0xdb, 0xde,
    0xdb, 0xde, 0xdb, 0xde, 0xdb, 0xde, 0xdb, 0xde, 0xdb, 0xde, 0xdb, 0xde, 0xdb, 0xde, 0xdb, 0xde,
    0xdb, 0xde, 0xfc, 0xde, 0x7e, 0xef, 0x9e, 0xef, 0x7e, 0xef, 0xbb, 0xd6, 0x94, 0x94, 0x73, 0x8c,
    0x73, 0x8c, 0x94, 0x94, 0xb4, 0x94, 0x94, 0x94, 0x73, 0x8c, 0x77, 0xb5, 0xbb, 0xd6, 0x9a, 0xd6,
    0x9b, 0xd6, 0x5d, 0xef, 0xbe, 0xf7, 0xbe, 0xf7, 0x9e, 0xf7, 0x0c, 0x63, 0x66, 0x29, 0xc7, 0x39,
    0xa7, 0x31, 0x4f, 0x21, 0x71, 0x21, 0x71, 0x21, 0x71, 0x21, 0x72, 0x21, 0x4f, 0x21, 0x86, 0x31,
    0xa6, 0x31, 0x65, 0x29, 0xcb, 0x5a, 0x9e, 0xf7, 0xdf, 0xff, 0xbf, 0xf7, 0x7e, 0xef, 0xbb, 0xd6,
    0xbb, 0xd6, 0xdc, 0xde, 0x98, 0xb5, 0x73, 0x8c, 0x73, 0x94, 0x73, 0x94, 0x94, 0x94, 0xb4, 0x94,
    0xb4, 0x94, 0x93, 0x94, 0xbb, 0xd6, 0xdf, 0xff, 0x9e, 0xf7, 0x9e, 0xf7, 0xfc, 0xde, 0xbb, 0xd6,
    0xbb, 0xde, 0xbb, 0xd6, 0xbb, 0xd6, 0xbb, 0xde, 0xbb, 0xde, 0xbb, 0xde, 0xbb, 0xde, 0xbb, 0xde,
    0xbb, 0xde, 0xbb, 0xde, 0xbb, 0xde, 0xbb, 0xde, 0xbb, 0xde, 0xbb, 0xd6, 0xbb, 0xd6, 0xbb, 0xd6,
    0xbb, 0xd6, 0xbb, 0xd6, 0xbb, 0xd6, 0xbb, 0xd6, 0xbb, 0xd6, 0xbb, 0xd6, 0xbb, 0xd6, 0xbb, 0xd6,
    0xbb, 0xde, 0xbb, 0xd6, 0xbb, 0xd6, 0xbb, 0xd6, 0xbb, 0xd6, 0xbb, 0xd6, 0xbb, 0xd6, 0xbb, 0xd6,
    0xbb, 0xd6, 0xbb, 0xde, 0xbb, 0xde, 0xbb, 0xd6, 0xbb, 0xde, 0xbb, 0xde, 0xbb, 0xde, 0xbb, 0xde,
    0xbb, 0xde, 0xbb, 0xde, 0xbb, 0xde, 0xbb, 0xde, 0xbb, 0xde, 0xbb, 0xde, 0xbb, 0xde, 0xbb, 0xde,
    0xbb, 0xd6, 0xbb, 0xde, 0xbb, 0xde, 0xbb, 0xde, 0xbb, 0xde, 0xbb, 0xde, 0xbb, 0xde, 0xbb, 0xde,
    0xbb, 0xd6, 0xbb, 0xd6, 0xbb, 0xd6, 0xbb, 0xd6, 0xbb, 0xd6, 0xbb, 0xd6, 0xbb, 0xd6, 0xbb, 0xd6,
    0xbb, 0xd6, 0xbb, 0xd6, 0xbb, 0xd6, 0xbb, 0xd6, 0xbb, 0xd6, 0xbb, 0xd6, 0xbb, 0xd6, 0xbb, 0xde,
    0xbb, 0xde, 0xbb, 0xde, 0xbb, 0xde, 0xbb, 0xde, 0xbb, 0xde, 0xbb, 0xde, 0xbb, 0xde, 0xbb, 0xde,
    0xbb, 0xde, 0xbb, 0xde, 0xbb, 0xde, 0xbb, 0xde, 0xbb, 0xde, 0xbb, 0xd6, 0xbb, 0xde, 0xbb, 0xde,
    0xbb, 0xde, 0xbb, 0xde, 0xbb, 0xde, 0xbb, 0xde, 0xbb, 0xde, 0xbb, 0xde, 0xbb, 0xd6, 0xbb, 0xd6,
    0xbb, 0xd6, 0xbb, 0xd6, 0xbb, 0xd6, 0xbb, 0xd6, 0xbb, 0xd6, 0xbb, 0xd6, 0xbb, 0xd6, 0xbb, 0xd6,
    0xbb, 0xd6, 0xbb, 0xd6, 0xbb, 0xd6, 0xbb, 0xd6, 0xbb, 0xd6, 0xbb, 0xde, 0xbb, 0xd6, 0xbb, 0xd6,
    0xbb, 0xd6, 0xbb, 0xd6, 0xbb, 0xd6, 0xbb, 0xd6, 0xbb, 0xd6, 0xbb, 0xd6, 0xbb, 0xd6, 0xbb, 0xd6,
    0xbb, 0xd6, 0xbb, 0xd6, 0xbb, 0xd6, 0xbb, 0xd6, 0xbb, 0xde, 0xbb, 0xd6, 0xbb, 0xd6, 0xbb, 0xd6,
    0xbb, 0xd6, 0xbb, 0xde, 0xbb, 0xde, 0xbb, 0xde, 0xbb, 0xde, 0xbb, 0xde, 0xbb, 0xde, 0xbb, 0xde,
    0xbb, 0xd6, 0xbb, 0xd6, 0xbb, 0xd6, 0xbb, 0xd6, 0xbb, 0xd6, 0xbb, 0xd6, 0xbb, 0xd6, 0xbb, 0xd6,
    0xbb, 0xd6, 0xbb, 0xd6, 0xbb, 0xd6, 0xbb, 0xd6, 0xbb, 0xde, 0xbb, 0xde, 0xbb, 0xde, 0xbb, 0xde,
    0xbb, 0xde, 0xbb, 0xde, 0xbb, 0xde, 0xbb, 0xd6, 0xbb, 0xd6, 0xbb, 0xd6, 0xbb, 0xde, 0xbb, 0xde,
    0xbb, 0xde, 0xbb, 0xde, 0xbb, 0xde, 0xbb, 0xde, 0xdb, 0xde, 0xfb, 0xde, 0x9e, 0xf7, 0xbe, 0xf7,
    0xbf, 0xf7, 0xdb, 0xde, 0x93, 0x94, 0x73, 0x8c, 0x73, 0x94, 0x93, 0x94, 0x73, 0x8c, 0x73, 0x8c,
    0x73, 0x8c, 0x97, 0xb5, 0xbb, 0xd6, 0x9a, 0xd6, 0x9b, 0xd6, 0x5d, 0xef, 0xbe, 0xf7, 0xbe, 0xf7,
    0x9e, 0xf7, 0x0c, 0x63, 0x86, 0x31, 0xc7, 0x39, 0xa6, 0x31, 0x4f, 0x21, 0x71, 0x21, 0x71, 0x21,
    0x71, 0x21, 0x72, 0x21, 0x4f, 0x21, 0x86, 0x29, 0x86, 0x31, 0x65, 0x29, 0xcb, 0x5a, 0x9e, 0xf7,
    0xdf, 0xff, 0xdf, 0xf7, 0x7e, 0xef, 0xbb, 0xd6, 0xbb, 0xd6, 0xdc, 0xde, 0x97, 0xb5, 0x73, 0x8c,
    0x94, 0x94, 0x94, 0x94, 0x73, 0x8c, 0x73, 0x8c, 0x73, 0x8c, 0x72, 0x8c, 0xbb, 0xd6, 0xdf, 0xff,
    0x9e, 0xf7, 0x9e, 0xf7, 0xdc, 0xde, 0xbb, 0xd6, 0xbb, 0xde, 0xbb, 0xde, 0xbb, 0xde, 0xbb, 0xd6,
    0xbb, 0xd6, 0xbb, 0xd6, 0xbb, 0xd6, 0xbb, 0xde, 0xbb, 0xd6, 0xbb, 0xd6, 0xbb, 0xde, 0xbb, 0xde,
    0xbb, 0xd6, 0xbb, 0xd6, 0xbb, 0xd6, 0xbb, 0xd6, 0xbb, 0xd6, 0xbb, 0xd6, 0xbb, 0xd6, 0xbb, 0xd6,
    0xbb, 0xd6, 0xbb, 0xd6, 0xbb, 0xd6, 0xbb, 0xd6, 0xbb, 0xd6, 0xbb, 0xd6, 0xbb, 0xd6, 0xbb, 0xd6,
    0xbb, 0xd6, 0xbb, 0xd6, 0xbb, 0xd6, 0xbb, 0xd6, 0xbb, 0xd6, 0xbb, 0xde, 0xbb, 0xd6, 0xbb, 0xde,
    0xbb, 0xde, 0xbb, 0xde, 0xbb, 0xde, 0xbb, 0xde, 0xbb, 0xde, 0xbb, 0xde, 0xbb, 0xde, 0xbb, 0xde,
    0xbb, 0xde, 0xbb, 0xde, 0xbb, 0xde, 0xbb, 0xde, 0xbb, 0xd6, 0xbb, 0xd6, 0xbb, 0xde, 0xbb, 0xde,
    0xbb, 0xde, 0xbb, 0xde, 0xbb, 0xde, 0xbb, 0xde, 0xbb, 0xde, 0xbb, 0xd6, 0xbb, 0xd6, 0xbb, 0xd6,
    0xbb, 0xd6, 0xbb, 0xd6, 0xbb, 0xd6, 0xbb, 0xd6, 0xbb, 0xd6, 0xbb, 0xd6, 0xbb, 0xd6, 0xbb, 0xd6,
    0xbb, 0xd6, 0xbb, 0xd6, 0xbb, 0xd6, 0xbb, 0xd6, 0xbb, 0xde, 0xbb, 0xde, 0xbb, 0xde, 0xbb, 0xde,
    0xbb, 0xde, 0xbb, 0xde, 0xbb, 0xde, 0xbb, 0xde, 0xbb, 0xde, 0xbb, 0xde, 0xbb, 0xde, 0xbb, 0xde,
    0xbb, 0xde, 0xbb, 0xde, 0xbb, 0xde, 0xbb, 0xde, 0xbb, 0xde, 0xbb, 0xde, 0xbb, 0xde, 0xbb, 0xde,
    0xbb, 0xde, 0xbb, 0xd6, 0xbb, 0xd6, 0xbb, 0xd6, 0xbb, 0xde, 0xbb, 0xde, 0xbb, 0xd6, 0xbb, 0xd6,
    0xbb, 0xd6, 0xbb, 0xd6, 0xbb, 0xd6, 0xbb, 0xd6, 0xbb, 0xd6, 0xbb, 0xd6, 0xbb, 0xd6, 0xbb, 0xd6,
    0xbb, 0xd6, 0xbb, 0xd6, 0xbb, 0xd6, 0xbb, 0xd6, 0xbb, 0xd6, 0xbb, 0xd6, 0xbb, 0xd6, 0xbb, 0xd6,
    0xbb, 0xd6, 0xbb, 0xd6, 0xbb, 0xd6, 0xbb, 0xd6, 0xbb, 0xd6, 0xbb, 0xd6, 0xbb, 0xd6, 0xbb, 0xd6,
    0xbb, 0xde, 0xbb, 0xd6, 0xbb, 0xd6, 0xbb, 0xde, 0xbb, 0xde, 0xbb, 0xde, 0xbb, 0xd6, 0xbb, 0xd6,
    0xbb, 0xd6, 0xbb, 0xd6, 0xbb, 0xde, 0xbb, 0xd6, 0xbb, 0xd6, 0xbb, 0xd6, 0xbb, 0xd6, 0xbb, 0xd6,
    0xbb, 0xd6, 0xbb, 0xd6, 0xbb, 0xd6, 0xbb, 0xd6, 0xbb, 0xd6, 0xbb, 0xd6, 0xbb, 0xd6, 0xbb, 0xd6,
    0xbb, 0xde, 0xbb, 0xde, 0xbb, 0xde, 0xbb, 0xde, 0xbb, 0xde, 0xbb, 0xde, 0xbb, 0xde, 0xbb, 0xd6,
    0xbb, 0xd6, 0xbb, 0xd6, 0xbb, 0xde, 0xbb, 0xde, 0xbb, 0xd6, 0xbb, 0xde, 0xbb, 0xde, 0xbb, 0xde,
    0xbb, 0xde, 0xdb, 0xde, 0x9e, 0xf7, 0x9e, 0xf7, 0xdf, 0xff, 0xdb, 0xde, 0x73, 0x8c, 0x53, 0x8c,
    0x73, 0x8c, 0x73, 0x8c, 0x73, 0x8c, 0x93, 0x8c, 0x73, 0x8c, 0x97, 0xb5, 0xbb, 0xd6, 0x9a, 0xd6,
    0x9a, 0xd6, 0x5d, 0xef, 0xbe, 0xf7, 0xbe, 0xf7, 0x9e, 0xf7, 0x0c, 0x63, 0x66, 0x29, 0xc6, 0x39,
    0xa6, 0x31, 0x4f, 0x21, 0x71, 0x21, 0x71, 0x21, 0x71, 0x21, 0x72, 0x21, 0x4f, 0x21, 0x66, 0x29,
    0x86, 0x31, 0x65, 0x29, 0xcb, 0x5a, 0x9e, 0xf7, 0xdf, 0xff, 0xdf, 0xff, 0x7e, 0xef, 0xbb, 0xd6,
    0xbb, 0xd6, 0xdc, 0xde, 0x97, 0xb5, 0x73, 0x8c, 0x94, 0x94, 0x94, 0x94, 0xf5, 0x9c, 0x56, 0xa5,
    0x35, 0xa5, 0x36, 0xa5, 0xbb, 0xd6, 0x9d, 0xf7, 0x7d, 0xef, 0x5d, 0xef, 0xdc, 0xde, 0xbb, 0xd6,
    0xbb, 0xde, 0xbb, 0xde, 0xbb, 0xde, 0xbb, 0xd6, 0xbb, 0xd6, 0xbb, 0xd6, 0xbb, 0xd6, 0xbb, 0xd6,
    0xbb, 0xde, 0xbb, 0xde, 0xbb, 0xd6, 0xbb, 0xde, 0xbb, 0xd6, 0xbb, 0xd6, 0xbb, 0xd6, 0xbb, 0xd6,
    0xbb, 0xd6, 0xbb, 0xd6, 0xbb, 0xd6, 0xbb, 0xd6, 0xbb, 0xd6, 0xbb, 0xd6, 0xbb, 0xd6, 0xbb, 0xd6,
    0xbb, 0xd6, 0xbb, 0xd6, 0xbb, 0xd6, 0xbb, 0xd6, 0xbb, 0xd6, 0xbb, 0xd6, 0xbb, 0xd6, 0xbb, 0xd6,
    0xbb, 0xde, 0xbb, 0xd6, 0xbb, 0xd6, 0xbb, 0xde, 0xbb, 0xde, 0xbb, 0xde, 0xbb, 0xde, 0xbb, 0xde,
    0xbb, 0xde, 0xbb, 0xde, 0xbb, 0xde, 0xbb, 0xd6, 0xbb, 0xd6, 0xbb, 0xd6, 0xbb, 0xd6, 0xbb, 0xd6,
    0xbb, 0xd6, 0xbb, 0xde, 0xbb, 0xde, 0xbb, 0xde, 0xbb, 0xde, 0xbb, 0xde, 0xbb, 0xde, 0xbb, 0xde,
    0xbb, 0xde, 0xbb, 0xd6, 0xbb, 0xd6, 0xbb, 0xd6, 0xbb, 0xd6, 0xbb, 0xd6, 0xbb, 0xd6, 0xbb, 0xd6,
    0xbb, 0xd6, 0xbb, 0xd6, 0xbb, 0xd6, 0xbb, 0xd6, 0xbb, 0xd6, 0xbb, 0xd6, 0xbb, 0xd6, 0xbb, 0xd6,
    0xbb, 0xd6, 0xbb, 0xd6, 0xbb, 0xde, 0xbb, 0xde, 0xbb, 0xd6, 0xbb, 0xd6, 0xbb, 0xde, 0xbb, 0xde,
    0xbb, 0xde, 0xbb, 0xde, 0xbb, 0xde, 0xbb, 0xde, 0xbb, 0xde, 0xbb, 0xd6, 0xbb, 0xde, 0xbb, 0xde,
    0xbb, 0xd6, 0xbb, 0xd6, 0xbb, 0xd6, 0xbb, 0xde, 0xbb, 0xde, 0xbb, 0xd6, 0xbb, 0xd6, 0xbb, 0xd6,
    0xbb, 0xd6, 0xbb, 0xd6, 0xbb, 0xde, 0xbb, 0xde, 0xbb, 0xd6, 0xbb, 0xd6, 0xbb, 0xd6, 0xbb, 0xd6,
    0xbb, 0xd6, 0xbb, 0xd6, 0xbb, 0xd6, 0xbb, 0xd6, 0xbb, 0xd6, 0xbb, 0xd6, 0xbb, 0xd6, 0xbb, 0xd6,
    0xbb, 0xd6, 0xbb, 0xd6, 0xbb, 0xd6, 0xbb, 0xd6, 0xbb, 0xd6, 0xbb, 0xd6, 0xbb, 0xd6, 0xbb, 0xd6,
    0xbb, 0xd6, 0xbb, 0xd6, 0xbb, 0xd6, 0xbb, 0xd6, 0xbb, 0xd6, 0xbb, 0xd6, 0xbb, 0xd6, 0xbb, 0xd6,
    0xbb, 0xd6, 0xbb, 0xd6, 0xbb, 0xd6, 0xbb, 0xd6, 0xbb, 0xd6, 0xbb, 0xd6, 0xbb, 0xd6, 0xbb, 0xd6,
    0xbb, 0xd6, 0xbb, 0xd6, 0xbb, 0xd6, 0xbb, 0xd6, 0xbb, 0xd6, 0xbb, 0xd6, 0xbb, 0xd6, 0xbb, 0xd6,
    0xbb, 0xd6, 0xbb, 0xd6, 0xbb, 0xd6, 0xbb, 0xd6, 0xbb, 0xde, 0xbb, 0xde, 0xbb, 0xde, 0xbb, 0xde,
    0xbb, 0xde, 0xbb, 0xde, 0xbb, 0xde, 0xbb, 0xde, 0xbb, 0xde, 0xbb, 0xde, 0xbb, 0xde, 0xbb, 0xde,
    0xbb, 0xd6, 0xbb, 0xde, 0xbb, 0xd6, 0xbb, 0xde, 0xbb, 0xde, 0xdb, 0xde, 0x5d, 0xef, 0x5d, 0xef,
    0x7e, 0xf7, 0xbb, 0xd6, 0x15, 0xa5, 0x36, 0xa5, 0x77, 0xad, 0x15, 0x9d, 0x93, 0x8c, 0x93, 0x8c,
    0x73, 0x8c, 0x97, 0xb5, 0xbb, 0xd6, 0x9b, 0xd6, 0x9b, 0xd6, 0x5d, 0xef, 0xbe, 0xf7, 0xbe, 0xf7,
    0x9e, 0xf7, 0x0c, 0x63, 0x65, 0x29, 0xa6, 0x31, 0xa6, 0x31, 0x4f, 0x21, 0x71, 0x21, 0x71, 0x21,
    0x71, 0x21, 0x72, 0x21, 0x4f, 0x21, 0x66, 0x29, 0x86, 0x31, 0x65, 0x29, 0xcb, 0x5a, 0xbe, 0xf7,
    0xdf, 0xff, 0xdf, 0xff, 0x7e, 0xf7, 0xbb, 0xde, 0xbb, 0xd6, 0xdc, 0xde, 0x97, 0xb5, 0x53, 0x8c,
    0xb4, 0x94, 0x73, 0x8c, 0x19, 0xc6, 0x9e, 0xf7, 0x7e, 0xef, 0x7e, 0xef, 0xfc, 0xde, 0xbb, 0xd6,
    0xdb, 0xde, 0xbb, 0xde, 0xbb, 0xde, 0xbb, 0xde, 0xbb, 0xde, 0xbb, 0xde, 0xbb, 0xde, 0xbb, 0xde,
    0xbb, 0xde, 0xbb, 0xde, 0xbb, 0xde, 0xbb, 0xd6, 0xbb, 0xde, 0xbb, 0xde, 0xbb, 0xde, 0xbb, 0xde,
    0xbb, 0xde, 0xbb, 0xd6, 0xbb, 0xd6, 0xbb, 0xde, 0xbb, 0xde, 0xbb, 0xde, 0xbb, 0xd6, 0xbb, 0xde,
    0xbb, 0xde, 0xbb, 0xd6, 0xbb, 0xd6, 0xbb, 0xd6, 0xbb, 0xd6, 0xbb, 0xd6, 0xbb, 0xd6, 0xbb, 0xd6,
    0xbb, 0xde, 0xbb, 0xde, 0xbb, 0xde, 0xbb, 0xde, 0xbb, 0xde, 0xbb, 0xde, 0xbb, 0xde, 0xbb, 0xde,
    0xbb, 0xde, 0xbb, 0xde, 0xbb, 0xde, 0xbb, 0xde, 0xbb, 0xde, 0xbb, 0xde, 0xbb, 0xde, 0xbb, 0xde,
    0xbb, 0xde, 0xbb, 0xde, 0xbb, 0xd6, 0xbb, 0xd6, 0xbb, 0xd6, 0xbb, 0xde, 0xbb, 0xde, 0xbb, 0xde,
    0xbb, 0xde, 0xbb, 0xde, 0xbb, 0xde, 0xbb, 0xde, 0xbb, 0xde, 0xbb, 0xd6, 0xbb, 0xd6, 0xbb, 0xd6,
    0xbb, 0xd6, 0xbb, 0xde, 0xbb, 0xde, 0xbb, 0xd6, 0xbb, 0xde, 0xbb, 0xde, 0xbb, 0xde, 0xbb, 0xde,
    0xbb, 0xd6, 0xbb, 0xd6, 0xbb, 0xd6, 0xbb, 0xd6, 0xbb, 0xd6, 0xbb, 0xd6, 0xbb, 0xde, 0xbb, 0xde,
    0xbb, 0xd6, 0xbb, 0xde, 0xbb, 0xd6, 0xbb, 0xd6, 0xbb, 0xde, 0xbb, 0xde, 0xbb, 0xde, 0xbb, 0xde,
    0xbb, 0xde, 0xbb, 0xde, 0xbb, 0xde, 0xbb, 0xde, 0xbb, 0xde, 0xbb, 0xde, 0xbb, 0xde, 0xbb, 0xde,
    0xbb, 0xde, 0xbb, 0xde, 0xbb, 0xde, 0xbb, 0xde, 0xbb, 0xde, 0xbb, 0xde, 0xbb, 0xde, 0xbb, 0xde,
    0xbb, 0xde, 0xbb, 0xde, 0xbb, 0xd6, 0xbb, 0xd6, 0xbb, 0xde, 0xbb, 0xde, 0xbb, 0xd6, 0xbb, 0xde,
    0xbb, 0xde, 0xbb, 0xd6, 0xbb, 0xd6, 0xbb, 0xd6, 0xbb, 0xde, 0xbb, 0xd6, 0xbb, 0xd6, 0xbb, 0xd6,
    0xbb, 0xd6, 0xbb, 0xd6, 0xbb, 0xd6, 0xbb, 0xde, 0xbb, 0xde, 0xbb, 0xde, 0xbb, 0xde, 0xbb, 0xde,
    0xbb, 0xde, 0xbb, 0xde, 0xbb, 0xde, 0xbb, 0xde, 0xbb, 0xde, 0xbb, 0xd6, 0xbb, 0xde, 0xbb, 0xde,
    0xbb, 0xde, 0xbb, 0xde, 0xbb, 0xde, 0xbb, 0xde, 0xbb, 0xd6, 0xbb, 0xd6, 0xbb, 0xd6, 0xbb, 0xde,
    0xbb, 0xd6, 0xbb, 0xd6, 0xbb, 0xd6, 0xbb, 0xd6, 0xbb, 0xd6, 0xbb, 0xd6, 0xbb, 0xd6, 0xbb, 0xde,
    0xbb, 0xde, 0xbb, 0xde, 0xbb, 0xde, 0xbb, 0xde, 0xbb, 0xde, 0xbb, 0xde, 0xbb, 0xde, 0xbb, 0xde,
    0xbb, 0xde, 0xbb, 0xde, 0xbb, 0xde, 0xbb, 0xde, 0xbb, 0xde, 0xbb, 0xde, 0xbb, 0xd6, 0xbb, 0xd6,
    0xbb, 0xde, 0xbb, 0xde, 0xbb, 0xde, 0xbb, 0xde, 0xbb, 0xd6, 0xdb, 0xde, 0x7d, 0xef, 0x9e, 0xf7,
    0xdf, 0xff, 0x39, 0xc6, 0x73, 0x8c, 0x94, 0x94, 0x73, 0x8c, 0x97, 0xb5, 0xbb, 0xd6, 0x9b, 0xd6,
    0x9b, 0xd6, 0x5d, 0xef, 0xbe, 0xf7, 0xbe, 0xf7, 0x9e, 0xf7, 0x0c, 0x63, 0x65, 0x29, 0xa6, 0x31,
    0x86, 0x31, 0x4f, 0x21, 0x71, 0x21, 0x71, 0x21, 0x71, 0x21, 0x72, 0x21, 0x4f, 0x21, 0x66, 0x29,
    0x86, 0x31, 0x45, 0x29, 0xcb, 0x5a, 0xbe, 0xf7, 0xdf, 0xff, 0xdf, 0xff, 0x7e, 0xf7, 0xbb, 0xde,
    0xbb, 0xd6, 0xdc, 0xde, 0x97, 0xb5, 0x53, 0x8c, 0x94, 0x94, 0x73, 0x8c, 0x39, 0xc6, 0xbe, 0xf7,
    0x7e, 0xf7, 0x9e, 0xf7, 0xfc, 0xde, 0xbb, 0xd6, 0xbb, 0xd6, 0xbb, 0xde, 0xbb, 0xde, 0xbb, 0xde,
    0xbb, 0xde, 0xbb, 0xde, 0xbb, 0xde, 0xbb, 0xde, 0xbb, 0xde, 0xbb, 0xde, 0xbb, 0xde, 0xbb, 0xd6,
    0xbb, 0xde, 0xbb, 0xde, 0xbb, 0xde, 0xbb, 0xde, 0xbb, 0xd6, 0xbb, 0xd6, 0xbb, 0xde, 0xbb, 0xde,
    0xbb, 0xde, 0xbb, 0xde, 0xbb, 0xde, 0xbb, 0xde, 0xbb, 0xde, 0xbb, 0xd6, 0xbb, 0xd6, 0xbb, 0xd6,
    0xbb, 0xd6, 0xbb, 0xd6, 0xbb, 0xd6, 0xbb, 0xd6, 0xbb, 0xd6, 0xbb, 0xde, 0xbb, 0xde, 0xbb, 0xde,
    0xbb, 0xde, 0xbb, 0xde, 0xbb, 0xde, 0xbb, 0xde, 0xbb, 0xde, 0xbb, 0xde, 0xbb, 0xde, 0xbb, 0xde,
    0xbb, 0xde, 0xbb, 0xde, 0xbb, 0xde, 0xbb, 0xde, 0xbb, 0xde, 0xbb, 0xde, 0xbb, 0xd6, 0xbb, 0xd6,
    0xbb, 0xd6, 0xbb, 0xd6, 0xbb, 0xd6, 0xbb, 0xde, 0xbb, 0xde, 0xbb, 0xde, 0xbb, 0xde, 0xbb, 0xde,
    0xbb, 0xde, 0xbb, 0xde, 0xbb, 0xde, 0xbb, 0xde, 0xbb, 0xde, 0xbb, 0xde, 0xbb, 0xde, 0xbb, 0xde,
    0xbb, 0xde, 0xbb, 0xde, 0xbb, 0xde, 0xbb, 0xde, 0xbb, 0xd6, 0xbb, 0xd6, 0xbb, 0xd6, 0xbb, 0xd6,
    0xbb, 0xd6, 0xbb, 0xd6, 0xbb, 0xde, 0xbb, 0xde, 0xbb, 0xd6, 0xbb, 0xd6, 0xbb, 0xd6, 0xbb, 0xd6,
    0xbb, 0xde, 0xbb, 0xde, 0xbb, 0xde, 0xbb, 0xde, 0xbb, 0xde, 0xbb, 0xde, 0xbb, 0xde, 0xbb, 0xde,
    0xbb, 0xde, 0xbb, 0xde, 0xbb, 0xde, 0xbb, 0xde, 0xbb, 0xde, 0xbb, 0xde, 0xbb, 0xde, 0xbb, 0xde,
    0xbb, 0xde, 0xbb, 0xd6, 0xbb, 0xd6, 0xbb, 0xd6, 0xbb, 0xde, 0xbb, 0xde, 0xbb, 0xde, 0xbb, 0xde,
    0xbb, 0xde, 0xbb, 0xde, 0xbb, 0xde, 0xbb, 0xde, 0xbb, 0xde, 0xbb, 0xd6, 0xbb, 0xd6, 0xbb, 0xd6,
    0xbb, 0xde, 0xbb, 0xd6, 0xbb, 0xd6, 0xbb, 0xd6, 0xbb, 0xd6, 0xbb, 0xd6, 0xbb, 0xd6, 0xbb, 0xd6,
    0xbb, 0xde, 0xbb, 0xde, 0xbb, 0xde, 0xbb, 0xde, 0xbb, 0xde, 0xbb, 0xde, 0xbb, 0xde, 0xbb, 0xde,
    0xbb, 0xde, 0xbb, 0xde, 0xbb, 0xde, 0xbb, 0xde, 0xbb, 0xde, 0xbb, 0xde, 0xbb, 0xde, 0xbb, 0xde,
    0xbb, 0xde, 0xbb, 0xde, 0xbb, 0xde, 0xbb, 0xde, 0xbb, 0xd6, 0xbb, 0xd6, 0xbb, 0xd6, 0xbb, 0xd6,
    0xbb, 0xd6, 0xbb, 0xd6, 0xbb, 0xd6, 0xbb, 0xd6, 0xbb, 0xde, 0xbb, 0xde, 0xbb, 0xde, 0xbb, 0xde,
    0xbb, 0xde, 0xbb, 0xde, 0xbb, 0xde, 0xbb, 0xde, 0xbb, 0xde, 0xbb, 0xde, 0xbb, 0xde, 0xbb, 0xde,
    0xbb, 0xde, 0xbb, 0xde, 0xbb, 0xd6, 0xbb, 0xd6, 0xbb, 0xde, 0xbb, 0xde, 0xbb, 0xde, 0xbb, 0xde,
    0xbb, 0xd6, 0xfc, 0xde, 0x9e, 0xf7, 0x9d, 0xf7, 0xbe, 0xf7, 0x39, 0xc6, 0x53, 0x8c, 0x94, 0x94,
    0x73, 0x8c, 0x97, 0xb5, 0xbb, 0xd6, 0x9b, 0xd6, 0x9b, 0xd6, 0x5d, 0xef, 0xbe, 0xf7, 0xbe, 0xf7,
    0x9e, 0xf7, 0xeb, 0x5a, 0x65, 0x29, 0xa6, 0x31, 0x86, 0x31, 0x4f, 0x21, 0x71, 0x21, 0x71, 0x21,
    0x71, 0x21, 0x72, 0x21, 0x4f, 0x21, 0x66, 0x29, 0x86, 0x31, 0x45, 0x29, 0xcb, 0x5a, 0xbe, 0xf7,
    0xdf, 0xff, 0xdf, 0xff, 0x7e, 0xf7, 0xbb, 0xde, 0xbb, 0xd6, 0xdc, 0xde, 0x97, 0xb5, 0x73, 0x8c,
    0x94, 0x94, 0x73, 0x8c, 0x39, 0xc6, 0xbe, 0xf7, 0x7d, 0xf7, 0x7e, 0xf7, 0xfc, 0xde, 0xbb, 0xd6,
    0xbb, 0xd6, 0xbb, 0xde, 0xbb, 0xde, 0xbb, 0xde, 0xbb, 0xde, 0xbb, 0xde, 0xbb, 0xde, 0xbb, 0xde,
    0xbb, 0xde, 0xbb, 0xde, 0xbb, 0xde, 0xbb, 0xd6, 0xbb, 0xde, 0xbb, 0xde, 0xbb, 0xde, 0xbb, 0xd6,
    0xbb, 0xd6, 0xbb, 0xd6, 0xbb, 0xde, 0xbb, 0xde, 0xbb, 0xde, 0xbb, 0xde, 0xbb, 0xde, 0xbb, 0xde,
    0xbb, 0xde, 0xbb, 0xd6, 0xbb, 0xd6, 0xbb, 0xd6, 0xbb, 0xd6, 0xbb, 0xd6, 0xbb, 0xd6, 0xbb, 0xd6,
    0xbb, 0xd6, 0xbb, 0xd6, 0xbb, 0xde, 0xbb, 0xde, 0xbb, 0xde, 0xbb, 0xde, 0xbb, 0xd6, 0xbb, 0xd6,
    0xbb, 0xde, 0xbb, 0xde, 0xbb, 0xde, 0xbb, 0xde, 0xbb, 0xde, 0xbb, 0xde, 0xbb, 0xd6, 0xbb, 0xd6,
    0xbb, 0xd6, 0xbb, 0xd6, 0xbb, 0xd6, 0xbb, 0xd6, 0xbb, 0xd6, 0xbb, 0xd6, 0xbb, 0xd6, 0xbb, 0xde,
    0xbb, 0xde, 0xbb, 0xde, 0xbb, 0xde, 0xbb, 0xde, 0xbb, 0xde, 0xbb, 0xde, 0xbb, 0xde, 0xbb, 0xde,
    0xbb, 0xde, 0xbb, 0xde, 0xbb, 0xde, 0xbb, 0xde, 0xbb, 0xde, 0xbb, 0xde, 0xbb, 0xde, 0xbb, 0xde,
    0xbb, 0xd6, 0xbb, 0xd6, 0xbb, 0xd6, 0xbb, 0xde, 0xbb, 0xd6, 0xbb, 0xd6, 0xbb, 0xd6, 0xbb, 0xde,
    0xbb, 0xd6, 0xbb, 0xd6, 0xbb, 0xd6, 0xbb, 0xd6, 0xbb, 0xde, 0xbb, 0xde, 0xbb, 0xde, 0xbb, 0xde,
    0xbb, 0xde, 0xbb, 0xde, 0xbb, 0xde, 0xbb, 0xde, 0xbb, 0xde, 0xbb, 0xde, 0xbb, 0xde, 0xbb, 0xde,
    0xbb, 0xde, 0xbb, 0xde, 0xbb, 0xd6, 0xbb, 0xde, 0xbb, 0xde, 0xbb, 0xd6, 0xbb, 0xd6, 0xbb, 0xde,
    0xbb, 0xde, 0xbb, 0xde, 0xbb, 0xde, 0xbb, 0xde, 0xbb, 0xde, 0xbb, 0xde, 0xbb, 0xde, 0xbb, 0xde,
    0xbb, 0xd6, 0xbb, 0xd6, 0xbb, 0xd6, 0xbb, 0xd6, 0xbb, 0xde, 0xbb, 0xd6, 0xbb, 0xd6, 0xbb, 0xd6,
    0xbb, 0xd6, 0xbb, 0xd6, 0xbb, 0xd6, 0xbb, 0xd6, 0xbb, 0xde, 0xbb, 0xde, 0xbb, 0xde, 0xbb, 0xde,
    0xbb, 0xde, 0xbb, 0xde, 0xbb, 0xde, 0xbb, 0xde, 0xbb, 0xde, 0xbb, 0xde, 0xbb, 0xd6, 0xbb, 0xd6,
    0xbb, 0xd6, 0xbb, 0xd6, 0xbb, 0xd6, 0xbb, 0xde, 0xbb, 0xde, 0xbb, 0xde, 0xbb, 0xde, 0xbb, 0xde,
    0xbb, 0xd6, 0xbb, 0xd6, 0xbb, 0xd6, 0xbb, 0xd6, 0xbb, 0xd6, 0xbb, 0xd6, 0xbb, 0xd6, 0xbb, 0xd6,
    0xbb, 0xde, 0xbb, 0xde, 0xbb, 0xde, 0xbb, 0xde, 0xbb, 0xde, 0xbb, 0xde, 0xbb, 0xde, 0xbb, 0xde,
    0xbb, 0xde, 0xbb, 0xde, 0xbb, 0xde, 0xbb, 0xde, 0xbb, 0xde, 0xbb, 0xde, 0xbb, 0xd6, 0xbb, 0xd6,
    0xbb, 0xd6, 0xbb, 0xde, 0xbb, 0xde, 0xbb, 0xde, 0xbb, 0xd6, 0xfc, 0xde, 0x9e, 0xf7, 0x9d, 0xef,
    0xbe, 0xf7, 0x39, 0xc6, 0x73, 0x8c, 0x94, 0x94, 0x73, 0x8c, 0x97, 0xb5, 0xbb, 0xd6, 0xbb, 0xd6,
    0x9b, 0xd6, 0x5d, 0xef, 0xbe, 0xf7, 0xbe, 0xf7, 0x9e, 0xf7, 0x0c, 0x63, 0x65, 0x29, 0xa6, 0x31,
    0x86, 0x31, 0x4f, 0x21, 0x71, 0x21, 0x71, 0x21, 0x71, 0x21, 0x72, 0x21, 0x4f, 0x21, 0x66, 0x29,
    0x86, 0x31, 0x45, 0x29, 0xcb, 0x5a, 0xbe, 0xf7, 0xdf, 0xff, 0xdf, 0xff, 0x7e, 0xf7, 0xbb, 0xde,
    0xbb, 0xd6, 0xdc, 0xde, 0x97, 0xb5, 0x73, 0x8c, 0x94, 0x94, 0x73, 0x8c, 0x39, 0xc6, 0xbe, 0xf7,
    0x7d, 0xf7, 0x7e, 0xf7, 0xfc, 0xde, 0xbb, 0xd6, 0xbb, 0xd6, 0xbb, 0xde, 0xbb, 0xde, 0xbb, 0xd6,
    0xbb, 0xde, 0xbb, 0xde, 0xbb, 0xde, 0xbb, 0xde, 0xbb, 0xde, 0xbb, 0xde, 0xbb, 0xde, 0xbb, 0xd6,
    0xbb, 0xde, 0xbb, 0xde, 0xbb, 0xde, 0xbb, 0xd6, 0xbb, 0xd6, 0xbb, 0xd6, 0xbb, 0xde, 0xbb, 0xde,
    0xbb, 0xde, 0xbb, 0xde, 0xbb, 0xde, 0xbb, 0xde, 0xbb, 0xde, 0xbb, 0xd6, 0xbb, 0xd6, 0xbb, 0xd6,
    0xbb, 0xd6, 0xbb, 0xd6, 0xbb, 0xd6, 0xbb, 0xd6, 0xbb, 0xd6, 0x9b, 0xd6, 0xbb, 0xd6, 0xbb, 0xde,
    0xbb, 0xde, 0xbb, 0xd6, 0xbb, 0xd6, 0xbb, 0xd6, 0xbb, 0xde, 0xbb, 0xde, 0xbb, 0xde, 0xbb, 0xde,
    0xbb, 0xde, 0xbb, 0xde, 0xbb, 0xd6, 0xbb, 0xd6, 0xbb, 0xd6, 0xbb, 0xd6, 0xbb, 0xde, 0xbb, 0xd6,
    0xbb, 0xde, 0xbb, 0xd6, 0xbb, 0xd6, 0xbb, 0xd6, 0xbb, 0xde, 0xbb, 0xd6, 0xbb, 0xde, 0xbb, 0xde,
    0xbb, 0xde, 0xbb, 0xde, 0xbb, 0xde, 0xbb, 0xde, 0xbb, 0xde, 0xbb, 0xde, 0xbb, 0xde, 0xbb, 0xde,
    0xbb, 0xde, 0xbb, 0xde, 0xbb, 0xd6, 0xbb, 0xde, 0xbb, 0xd6, 0xbb, 0xd6, 0xbb, 0xd6, 0xbb, 0xde,
    0xbb, 0xd6, 0xbb, 0xd6, 0xbb, 0xd6, 0xbb, 0xde, 0xbb, 0xd6, 0xbb, 0xd6, 0xbb, 0xd6, 0xbb, 0xde,
    0xbb, 0xde, 0xbb, 0xde, 0xbb, 0xde, 0xbb, 0xde, 0xbb, 0xde, 0xbb, 0xde, 0xbb, 0xde, 0xbb, 0xde,
    0xbb, 0xde, 0xbb, 0xde, 0xbb, 0xde, 0xbb, 0xde, 0xbb, 0xde, 0xbb, 0xd6, 0xbb, 0xd6, 0xbb, 0xd6,
    0xbb, 0xd6, 0xbb, 0xd6, 0xbb, 0xd6, 0xbb, 0xde, 0xbb, 0xde, 0xbb, 0xde, 0xbb, 0xde, 0xbb, 0xde,
    0xbb, 0xde, 0xbb, 0xde, 0xbb, 0xde, 0xbb, 0xde, 0xbb, 0xd6, 0xbb, 0xd6, 0xbb, 0xd6, 0xbb, 0xd6,
    0xbb, 0xde, 0xbb, 0xd6, 0xbb, 0xd6, 0xbb, 0xd6, 0xbb, 0xd6, 0xbb, 0xd6, 0xbb, 0xd6, 0xbb, 0xd6,
    0xbb, 0xd6, 0xbb, 0xde, 0xbb, 0xde, 0xbb, 0xde, 0xbb, 0xde, 0xbb, 0xde, 0xbb, 0xde, 0xbb, 0xde,
    0xbb, 0xde, 0xbb, 0xde, 0xbb, 0xd6, 0xbb, 0xd6, 0xbb, 0xd6, 0xbb, 0xd6, 0xbb, 0xd6, 0xbb, 0xde,
    0xbb, 0xde, 0xbb, 0xd6, 0xbb, 0xde, 0xbb, 0xd6, 0xbb, 0xd6, 0xbb, 0xd6, 0xbb, 0xd6, 0xbb, 0xd6,
    0xbb, 0xd6, 0xbb, 0xd6, 0xbb, 0xd6, 0xbb, 0xd6, 0xbb, 0xde, 0xbb, 0xde, 0xbb, 0xde, 0xbb, 0xde,
    0xbb, 0xde, 0xbb, 0xde, 0xbb, 0xde, 0xbb, 0xde, 0xbb, 0xde, 0xbb, 0xde, 0xbb, 0xde, 0xbb, 0xde,
    0xbb, 0xde, 0xbb, 0xd6, 0xbb, 0xd6, 0xbb, 0xd6, 0xbb, 0xd6, 0xbb, 0xd6, 0xbb, 0xd6, 0xbb, 0xd6,
    0xbb, 0xd6, 0xfc, 0xde, 0x9e, 0xf7, 0x9d, 0xef, 0xbe, 0xf7, 0x39, 0xc6, 0x73, 0x8c, 0x94, 0x94,
    0x73, 0x8c, 0x97, 0xb5, 0xdb, 0xd6, 0xbb, 0xd6, 0xbb, 0xd6, 0x5d, 0xef, 0xbe, 0xf7, 0xbe, 0xf7,
    0xbe, 0xf7, 0x0c, 0x63, 0x65, 0x29, 0xa6, 0x31, 0xa6, 0x31, 0x4f, 0x21, 0x71, 0x21, 0x71, 0x21,
    0x71, 0x21, 0x72, 0x21, 0x4e, 0x21, 0x66, 0x29, 0x86, 0x31, 0x45, 0x29, 0xcb, 0x5a, 0xbe, 0xf7,
    0xdf, 0xff, 0xdf, 0xff, 0x9e, 0xf7, 0xdb, 0xde, 0xbb, 0xd6, 0xdc, 0xde, 0x97, 0xb5, 0x73, 0x8c,
    0x94, 0x94, 0x73, 0x8c, 0x39, 0xc6, 0xbe, 0xf7, 0x7e, 0xf7, 0x9e, 0xf7, 0xfc, 0xde, 0xbb, 0xd6,
    0xbb, 0xd6, 0xbb, 0xd6, 0xbb, 0xd6, 0xbb, 0xd6, 0xbb, 0xde, 0xbb, 0xde, 0xbb, 0xde, 0xbb, 0xde,
    0xbb, 0xde, 0xbb, 0xde, 0xbb, 0xde, 0xbb, 0xde, 0xbb, 0xd6, 0xbb, 0xd6, 0xbb, 0xd6, 0xbb, 0xd6,
    0xbb, 0xd6, 0xbb, 0xd6, 0xbb, 0xd6, 0xbb, 0xd6, 0xbb, 0xd6, 0xbb, 0xd6, 0xbb, 0xde, 0xbb, 0xd6,
    0xbb, 0xde, 0xbb, 0xde, 0xbb, 0xd6, 0xbb, 0xd6, 0xbb, 0xd6, 0xbb, 0xd6, 0xbb, 0xd6, 0xbb, 0xd6,
    0x9b, 0xd6, 0x9b, 0xd6, 0xbb, 0xd6, 0xbb, 0xd6, 0xbb, 0xd6, 0xbb, 0xd6, 0xbb, 0xd6, 0xbb, 0xd6,
    0xbb, 0xd6, 0xbb, 0xde, 0xbb, 0xde, 0xbb, 0xde, 0xbb, 0xd6, 0xbb, 0xd6, 0xbb, 0xd6, 0xbb, 0xde,
    0xbb, 0xde, 0xbb, 0xde, 0xbb, 0xde, 0xbb, 0xd6, 0xbb, 0xd6, 0xbb, 0xd6, 0xbb, 0xd6, 0xbb, 0xd6,
    0xbb, 0xd6, 0xbb, 0xd6, 0xbb, 0xd6, 0xbb, 0xde, 0xbb, 0xde, 0xbb, 0xde, 0xbb, 0xde, 0xbb, 0xde,
    0xbb, 0xde, 0xbb, 0xde, 0xbb, 0xde, 0xbb, 0xde, 0xbb, 0xde, 0xbb, 0xd6, 0xbb, 0xd6, 0xbb, 0xd6,
    0xbb, 0xd6, 0xbb, 0xde, 0xbb, 0xde, 0xbb, 0xde, 0xbb, 0xde, 0xbb, 0xde, 0xbb, 0xde, 0xbb, 0xd6,
    0xbb, 0xd6, 0xbb, 0xde, 0xbb, 0xde, 0xbb, 0xde, 0xbb, 0xd6, 0xbb, 0xde, 0xbb, 0xde, 0xbb, 0xde,
    0xbb, 0xde, 0xbb, 0xde, 0xbb, 0xde, 0xbb, 0xde, 0xbb, 0xde, 0xbb, 0xde, 0xbb, 0xde, 0xbb, 0xde,
    0xbb, 0xde, 0xbb, 0xde, 0xbb, 0xd6, 0xbb, 0xd6, 0xbb, 0xd6, 0xbb, 0xd6, 0xbb, 0xd6, 0xbb, 0xde,
    0xbb, 0xde, 0xbb, 0xde, 0xbb, 0xde, 0xbb, 0xde, 0xbb, 0xde, 0xbb, 0xde, 0xbb, 0xde, 0xbb, 0xde,
    0xbb, 0xde, 0xbb, 0xd6, 0xbb, 0xd6, 0xbb, 0xd6, 0xbb, 0xd6, 0xbb, 0xd6, 0xbb, 0xd6, 0xbb, 0xd6,
    0xbb, 0xd6, 0xbb, 0xd6, 0xbb, 0xd6, 0xbb, 0xd6, 0xbb, 0xd6, 0xbb, 0xd6, 0xbb, 0xde, 0xbb, 0xde,
    0xbb, 0xde, 0xbb, 0xde, 0xbb, 0xde, 0xbb, 0xde, 0xbb, 0xde, 0xbb, 0xde, 0xbb, 0xd6, 0xbb, 0xd6,
    0xbb, 0xd6, 0xbb, 0xd6, 0xbb, 0xd6, 0xbb, 0xde, 0xbb, 0xde, 0xbb, 0xd6, 0xbb, 0xd6, 0xbb, 0xd6,
    0xbb, 0xde, 0xbb, 0xde, 0xbb, 0xde, 0xbb, 0xd6, 0xbb, 0xd6, 0xbb, 0xd6, 0xbb, 0xd6, 0xbb, 0xde,
    0xbb, 0xde, 0xbb, 0xde, 0xbb, 0xde, 0xbb, 0xde, 0xbb, 0xd6, 0xbb, 0xde, 0xbb, 0xde, 0xbb, 0xde,
    0xbb, 0xde, 0xbb, 0xde, 0xbb, 0xde, 0xbb, 0xde, 0xbb, 0xde, 0xbb, 0xde, 0xbb, 0xd6, 0xbb, 0xd6,
    0xbb, 0xde, 0xbb, 0xde, 0xbb, 0xd6, 0xbb, 0xd6, 0xbb, 0xd6, 0xfc, 0xde, 0x9e, 0xf7, 0x9d, 0xf7,
    0xbe, 0xf7, 0x39, 0xc6, 0x73, 0x8c, 0x94, 0x94, 0x73, 0x8c, 0x97, 0xb5, 0xdb, 0xd6, 0xbb, 0xd6,
    0xbb, 0xd6, 0x5d, 0xef, 0xbe, 0xf7, 0xbe, 0xf7, 0x9e, 0xf7, 0x0c, 0x63, 0x65, 0x29, 0xa6, 0x31,
    0xa6, 0x31, 0x6f, 0x21, 0x71, 0x21, 0x71, 0x21, 0x71, 0x21, 0x72, 0x21, 0x4e, 0x21, 0x66, 0x29,
    0x86, 0x31, 0x45, 0x29, 0xcb, 0x5a, 0xbe, 0xf7, 0xdf, 0xff, 0xdf, 0xff, 0x9e, 0xf7, 0xdb, 0xde,
    0xbb, 0xd6, 0xdc, 0xde, 0x97, 0xb5, 0x53, 0x8c, 0x94, 0x94, 0x73, 0x8c, 0x39, 0xc6, 0xbf, 0xf7,
    0x7e, 0xf7, 0x9e, 0xf7, 0xfc, 0xde, 0xbb, 0xd6, 0xbb, 0xd6, 0xbb, 0xd6, 0xbb, 0xd6, 0xbb, 0xd6,
    0xbb, 0xde, 0xbb, 0xde, 0xbb, 0xde, 0xbb, 0xde, 0xbb, 0xde, 0xbb, 0xde, 0xbb, 0xde, 0xbb, 0xde,
    0xbb, 0xd6, 0xbb, 0xd6, 0xbb, 0xd6, 0xbb, 0xd6, 0xbb, 0xd6, 0xbb, 0xd6, 0xbb, 0xd6, 0xbb, 0xd6,
    0xbb, 0xd6, 0xbb, 0xd6, 0xbb, 0xd6, 0xbb, 0xd6, 0xbb, 0xde, 0xbb, 0xd6, 0xbb, 0xd6, 0xbb, 0xd6,
    0xbb, 0xd6, 0xbb, 0xd6, 0xbb, 0xd6, 0xbb, 0xd6, 0xbb, 0xd6, 0xbb, 0xd6, 0xbb, 0xd6, 0xbb, 0xd6,
    0xbb, 0xd6, 0xbb, 0xd6, 0xbb, 0xd6, 0xbb, 0xd6, 0xbb, 0xd6, 0xbb, 0xd6, 0xbb, 0xd6, 0xbb, 0xd6,
    0xbb, 0xd6, 0xbb, 0xd6, 0xbb, 0xd6, 0xbb, 0xd6, 0xbb, 0xd6, 0xbb, 0xd6, 0xbb, 0xd6, 0xbb, 0xd6,
    0xbb, 0xd6, 0xbb, 0xd6, 0xbb, 0xd6, 0xbb, 0xd6, 0xbb, 0xde, 0xbb, 0xd6, 0xbb, 0xde, 0xbb, 0xde,
    0xbb, 0xde, 0xbb, 0xde, 0xbb, 0xde, 0xbb, 0xde, 0xbb, 0xde, 0xbb, 0xde, 0xbb, 0xde, 0xbb, 0xd6,
    0xbb, 0xd6, 0xbb, 0xd6, 0xbb, 0xd6, 0xbb, 0xd6, 0xbb, 0xd6, 0xbb, 0xde, 0xbb, 0xde, 0xbb, 0xde,
    0xbb, 0xde, 0xbb, 0xde, 0xbb, 0xde, 0xbb, 0xd6, 0xbb, 0xd6, 0xbb, 0xde, 0xbb, 0xde, 0xbb, 0xd6,
    0xbb, 0xd6, 0xbb, 0xde, 0xbb, 0xde, 0xbb, 0xde, 0xbb, 0xde, 0xbb, 0xde, 0xbb, 0xde, 0xbb, 0xde,
    0xbb, 0xde, 0xbb, 0xde, 0xbb, 0xde, 0xbb, 0xde, 0xbb, 0xde, 0xbb, 0xde, 0xbb, 0xde, 0xbb, 0xde,
    0xbb, 0xde, 0xbb, 0xde, 0xbb, 0xde, 0xbb, 0xde, 0xbb, 0xde, 0xbb, 0xde, 0xbb, 0xde, 0xbb, 0xde,
    0xbb, 0xde, 0xbb, 0xde, 0xbb, 0xde, 0xbb, 0xde, 0xbb, 0xde, 0xbb, 0xd6, 0xbb, 0xd6, 0xbb, 0xd6,
    0xbb, 0xd6, 0xbb, 0xd6, 0xbb, 0xd6, 0xbb, 0xd6, 0xbb, 0xd6, 0xbb, 0xd6, 0xbb, 0xd6, 0xbb, 0xd6,
    0xbb, 0xd6, 0xbb, 0xd6, 0xbb, 0xd6, 0xbb, 0xde, 0xbb, 0xde, 0xbb, 0xde, 0xbb, 0xde, 0xbb, 0xde,
    0xbb, 0xde, 0xbb, 0xde, 0xbb, 0xd6, 0xbb, 0xd6, 0xbb, 0xd6, 0xbb, 0xd6, 0xbb, 0xd6, 0xbb, 0xde,
    0xbb, 0xde, 0xbb, 0xd6, 0xbb, 0xd6, 0xbb, 0xde, 0xbb, 0xde, 0xbb, 0xde, 0xbb, 0xde, 0xbb, 0xd6,
    0xbb, 0xd6, 0xbb, 0xd6, 0xbb, 0xde, 0xbb, 0xde, 0xbb, 0xde, 0xbb, 0xde, 0xbb, 0xde, 0xbb, 0xde,
    0xbb, 0xd6, 0xbb, 0xde, 0xbb, 0xde, 0xbb, 0xde, 0xbb, 0xde, 0xbb, 0xde, 0xbb, 0xde, 0xbb, 0xde,
    0xbb, 0xd6, 0xbb, 0xd6, 0xbb, 0xd6, 0xbb, 0xd6, 0xbb, 0xd6, 0xbb, 0xd6, 0xbb, 0xd6, 0xbb, 0xd6,
    0xbb, 0xd6, 0xfc, 0xde, 0x9e, 0xf7, 0x9d, 0xf7, 0xbe, 0xf7, 0x39, 0xc6, 0x73, 0x8c, 0x94, 0x94,
    0x73, 0x8c, 0x97, 0xb5, 0xdb, 0xd6, 0xbb, 0xd6, 0xbb, 0xd6, 0x5d, 0xef, 0xbe, 0xf7, 0xbe, 0xf7,
    0x9e, 0xf7, 0x0c, 0x63, 0x65, 0x29, 0xa6, 0x31, 0x86, 0x31, 0x6f, 0x21, 0x71, 0x21, 0x71, 0x21,
    0x71, 0x21, 0x72, 0x21, 0x4e, 0x21, 0x65, 0x29, 0x86, 0x31, 0x45, 0x29, 0xcb, 0x5a, 0xbe, 0xf7,
    0xdf, 0xff, 0xdf, 0xff, 0x9e, 0xf7, 0xdb, 0xde, 0xbb, 0xd6, 0xdc, 0xde, 0x97, 0xb5, 0x53, 0x8c,
    0x94, 0x94, 0x73, 0x8c, 0x39, 0xc6, 0xbf, 0xf7, 0x7e, 0xf7, 0x9e, 0xf7, 0xfc, 0xde, 0xbb, 0xd6,
    0xbb, 0xd6, 0xbb, 0xd6, 0xbb, 0xd6, 0xbb, 0xd6, 0xbb, 0xde, 0xbb, 0xde, 0xbb, 0xde, 0xbb, 0xde,
    0xbb, 0xde, 0xbb, 0xde, 0xbb, 0xde, 0xbb, 0xde, 0xbb, 0xd6, 0xbb, 0xd6, 0xbb, 0xd6, 0xbb, 0xd6,
    0xbb, 0xd6, 0xbb, 0xd6, 0xbb, 0xde, 0xbb, 0xde, 0xbb, 0xde, 0xbb, 0xde, 0xbb, 0xd6, 0xbb, 0xde,
    0xbb, 0xde, 0xbb, 0xd6, 0xbb, 0xd6, 0xbb, 0xd6, 0xbb, 0xd6, 0xbb, 0xd6, 0xbb, 0xd6, 0xbb, 0xd6,
    0xbb, 0xd6, 0xbb, 0xd6, 0xbb, 0xd6, 0xbb, 0xd6, 0x9b, 0xd6, 0xbb, 0xd6, 0xbb, 0xd6, 0xbb, 0xd6,
    0xbb, 0xd6, 0xbb, 0xd6, 0xbb, 0xd6, 0xbb, 0xd6, 0xbb, 0xd6, 0xbb, 0xd6, 0xbb, 0xd6, 0xbb, 0xd6,
    0xbb, 0xd6, 0xbb, 0xd6, 0xbb, 0xd6, 0xbb, 0xd6, 0xbb, 0xde, 0xbb, 0xd6, 0xbb, 0xd6, 0xbb, 0xd6,
    0xbb, 0xde, 0xbb, 0xde, 0xbb, 0xde, 0xbb, 0xde, 0xbb, 0xde, 0xbb, 0xde, 0xbb, 0xde, 0xbb, 0xde,
    0xbb, 0xde, 0xbb, 0xd6, 0xbb, 0xd6, 0xbb, 0xd6, 0xbb, 0xd6, 0xbb, 0xd6, 0xbb, 0xd6, 0xbb, 0xd6,
    0xbb, 0xd6, 0xbb, 0xde, 0xbb, 0xde, 0xbb, 0xde, 0xbb, 0xde, 0xbb, 0xde, 0xbb, 0xde, 0xbb, 0xd6,
    0xbb, 0xd6, 0xbb, 0xde, 0xbb, 0xde, 0xbb, 0xd6, 0x9b, 0xd6, 0xbb, 0xd6, 0xbb, 0xde, 0xbb, 0xde,
    0xbb, 0xde, 0xbb, 0xde, 0xbb, 0xde, 0xbb, 0xde, 0xbb, 0xde, 0xbb, 0xde, 0xbb, 0xde, 0xbb, 0xd6,
    0xbb, 0xd6, 0xbb, 0xde, 0xbb, 0xde, 0xbb, 0xde, 0xbb, 0xde, 0xbb, 0xde, 0xbb, 0xde, 0xbb, 0xde,
    0xbb, 0xde, 0xbb, 0xde, 0xbb, 0xde, 0xbb, 0xde, 0xbb, 0xde, 0xbb, 0xde, 0xbb, 0xde, 0xbb, 0xde,
    0xbb, 0xde, 0xbb, 0xde, 0xbb, 0xde, 0xbb, 0xde, 0xbb, 0xd6, 0xbb, 0xd6, 0xbb, 0xd6, 0xbb, 0xd6,
    0xbb, 0xd6, 0xbb, 0xd6, 0xbb, 0xd6, 0xbb, 0xd6, 0xbb, 0xd6, 0xbb, 0xd6, 0xbb, 0xd6, 0xbb, 0xd6,
    0xbb, 0xd6, 0xbb, 0xd6, 0xbb, 0xde, 0xbb, 0xde, 0xbb, 0xde, 0xbb, 0xde, 0xbb, 0xd6, 0xbb, 0xd6,
    0xbb, 0xd6, 0xbb, 0xd6, 0xbb, 0xd6, 0xbb, 0xde, 0xbb, 0xde, 0xbb, 0xde, 0xbb, 0xde, 0xbb, 0xde,
    0xbb, 0xde, 0xbb, 0xde, 0xbb, 0xde, 0xbb, 0xde, 0xbb, 0xd6, 0xbb, 0xd6, 0xbb, 0xde, 0xbb, 0xde,
    0xbb, 0xde, 0xbb, 0xde, 0xbb, 0xde, 0xbb, 0xde, 0xbb, 0xd6, 0xbb, 0xde, 0xbb, 0xde, 0xbb, 0xde,
    0xbb, 0xde, 0xbb, 0xde, 0xbb, 0xde, 0xbb, 0xde, 0xbb, 0xd6, 0xbb, 0xd6, 0xbb, 0xd6, 0xbb, 0xd6,
    0xbb, 0xd6, 0xbb, 0xd6, 0xbb, 0xd6, 0xbb, 0xd6, 0xbb, 0xd6, 0xfc, 0xde, 0x9e, 0xf7, 0x9d, 0xf7,
    0xbe, 0xf7, 0x39, 0xc6, 0x73, 0x8c, 0x94, 0x94, 0x73, 0x8c, 0x97, 0xb5, 0xdb, 0xd6, 0xbb, 0xd6,
    0xbb, 0xd6, 0x5d, 0xef, 0xbe, 0xf7, 0xbe, 0xf7, 0x9e, 0xf7, 0xeb, 0x5a, 0x65, 0x29, 0xa6, 0x31,
    0x86, 0x31, 0x6f, 0x21, 0x71, 0x21, 0x71, 0x21, 0x71, 0x21, 0x72, 0x21, 0x4e, 0x21, 0x65, 0x29,
    0x85, 0x31, 0x45, 0x29, 0xca, 0x5a, 0xbe, 0xf7, 0xdf, 0xff, 0xdf, 0xff, 0x9e, 0xf7, 0xdb, 0xde,
    0xbb, 0xd6, 0xdc, 0xde, 0x97, 0xb5, 0x53, 0x8c, 0x94, 0x94, 0x73, 0x8c, 0x39, 0xc6, 0xbf, 0xf7,
    0x7e, 0xf7, 0x9e, 0xf7, 0x1c, 0xe7, 0xbb, 0xd6, 0xbb, 0xde, 0xbb, 0xd6, 0xbb, 0xd6, 0xbb, 0xd6,
    0xbb, 0xde, 0xbb, 0xde, 0xbb, 0xde, 0xbb, 0xde, 0xbb, 0xde, 0xbb, 0xde, 0xbb, 0xde, 0xbb, 0xd6,
    0xbb, 0xd6, 0xbb, 0xd6, 0xbb, 0xd6, 0xbb, 0xd6, 0xbb, 0xd6, 0xbb, 0xd6, 0xbb, 0xd6, 0xbb, 0xd6,
    0xbb, 0xde, 0xbb, 0xde, 0xbb, 0xde, 0xbb, 0xde, 0xbb, 0xd6, 0xbb, 0xd6, 0xbb, 0xd6, 0xbb, 0xd6,
    0xbb, 0xd6, 0xbb, 0xd6, 0xbb, 0xd6, 0xbb, 0xd6, 0xbb, 0xd6, 0x9b, 0xd6, 0x9b, 0xd6, 0xbb, 0xd6,
    0x9b, 0xd6, 0xbb, 0xd6, 0xbb, 0xd6, 0xbb, 0xd6, 0xbb, 0xd6, 0xbb, 0xd6, 0xbb, 0xd6, 0xbb, 0xd6,
    0xbb, 0xd6, 0xbb, 0xd6, 0xbb, 0xde, 0xbb, 0xde, 0xbb, 0xde, 0xbb, 0xde, 0xbb, 0xde, 0xbb, 0xd6,
    0xbb, 0xd6, 0xbb, 0xd6, 0xbb, 0xde, 0xbb, 0xde, 0xbb, 0xde, 0xbb, 0xd6, 0xbb, 0xde, 0xbb, 0xde,
    0xbb, 0xde, 0xbb, 0xde, 0xbb, 0xde, 0xbb, 0xde, 0xbb, 0xde, 0xbb, 0xde, 0xbb, 0xde, 0xbb, 0xde,
    0xbb, 0xd6, 0xbb, 0xd6, 0xbb, 0xd6, 0xbb, 0xd6, 0xbb, 0xd6, 0xbb, 0xd6, 0xbb, 0xde, 0xbb, 0xde,
    0xbb, 0xde, 0xbb, 0xde, 0xbb, 0xde, 0xbb, 0xd6, 0xbb, 0xd6, 0xbb, 0xde, 0xbb, 0xd6, 0xbb, 0xd6,
    0xbb, 0xd6, 0xbb, 0xd6, 0xbb, 0xd6, 0xbb, 0xd6, 0xbb, 0xde, 0xbb, 0xde, 0xbb, 0xde, 0xbb, 0xde,
    0xbb, 0xde, 0xbb, 0xde, 0xbb, 0xde, 0xbb, 0xde, 0xbb, 0xd6, 0xbb, 0xd6, 0xbb, 0xde, 0xbb, 0xde,
    0xbb, 0xde, 0xbb, 0xde, 0xbb, 0xde, 0xbb, 0xde, 0xbb, 0xde, 0xbb, 0xde, 0xbb, 0xde, 0xbb, 0xde,
    0xbb, 0xde, 0xbb, 0xde, 0xbb, 0xde, 0xbb, 0xde, 0xbb, 0xde, 0xbb, 0xde, 0xbb, 0xde, 0xbb, 0xde,
    0xbb, 0xde, 0xbb, 0xd6, 0xbb, 0xd6, 0xbb, 0xd6, 0xbb, 0xd6, 0xbb, 0xd6, 0xbb, 0xd6, 0xbb, 0xd6,
    0xbb, 0xd6, 0xbb, 0xd6, 0xbb, 0xd6, 0xbb, 0xd6, 0xbb, 0xd6, 0xbb, 0xd6, 0xbb, 0xd6, 0xbb, 0xd6,
    0xbb, 0xde, 0xbb, 0xde, 0xbb, 0xd6, 0xbb, 0xd6, 0xbb, 0xde, 0xbb, 0xd6, 0xbb, 0xd6, 0xbb, 0xde,
    0xbb, 0xde, 0xbb, 0xde, 0xbb, 0xde, 0xbb, 0xde, 0xbb, 0xde, 0xbb, 0xde, 0xbb, 0xde, 0xbb, 0xde,
    0xbb, 0xde, 0xbb, 0xde, 0xbb, 0xde, 0xbb, 0xde, 0xbb, 0xde, 0xbb, 0xde, 0xbb, 0xde, 0xbb, 0xde,
    0xbb, 0xde, 0xbb, 0xde, 0xbb, 0xde, 0xbb, 0xde, 0xbb, 0xde, 0xbb, 0xde, 0xbb, 0xde, 0xbb, 0xd6,
    0xbb, 0xd6, 0xbb, 0xd6, 0xbb, 0xd6, 0xbb, 0xde, 0xbb, 0xd6, 0xbb, 0xd6, 0xbb, 0xde, 0xbb, 0xde,
    0xbb, 0xd6, 0xfc, 0xde, 0x9e, 0xf7, 0x9d, 0xf7, 0xbf, 0xf7, 0x39, 0xc6, 0x73, 0x8c, 0x94, 0x94,
    0x73, 0x8c, 0x77, 0xad, 0xbb, 0xd6, 0xbb, 0xd6, 0x9b, 0xd6, 0x5d, 0xef, 0xbe, 0xf7, 0xbe, 0xf7,
    0x9e, 0xf7, 0xeb, 0x5a, 0x65, 0x29, 0xa6, 0x31, 0x86, 0x31, 0x4f, 0x21, 0x71, 0x21, 0x71, 0x21,
    0x71, 0x21, 0x72, 0x21, 0x4e, 0x21, 0x65, 0x29, 0x85, 0x31, 0x45, 0x29, 0xca, 0x5a, 0xbe, 0xf7,
    0xdf, 0xff, 0xdf, 0xff, 0x7e, 0xf7, 0xbb, 0xde, 0xbb, 0xd6, 0xdc, 0xde, 0x97, 0xb5, 0x73, 0x8c,
    0x94, 0x94, 0x73, 0x8c, 0x39, 0xc6, 0xbf, 0xf7, 0x7e, 0xf7, 0x9e, 0xf7, 0x1c, 0xe7, 0xbb, 0xd6,
    0xbb, 0xde, 0xbb, 0xd6, 0xbb, 0xd6, 0xbb, 0xd6, 0xbb, 0xde, 0xbb, 0xde, 0xbb, 0xde, 0xbb, 0xde,
    0xbb, 0xde, 0xbb, 0xde, 0xbb, 0xde, 0xbb, 0xd6, 0xbb, 0xd6, 0xbb, 0xd6, 0xbb, 0xd6, 0xbb, 0xd6,
    0xbb, 0xd6, 0xbb, 0xd6, 0xbb, 0xd6, 0xbb, 0xd6, 0xbb, 0xde, 0xbb, 0xde, 0xbb, 0xde, 0xbb, 0xde,
    0xbb, 0xd6, 0xbb, 0xd6, 0xbb, 0xd6, 0xbb, 0xd6, 0xbb, 0xd6, 0xbb, 0xd6, 0xbb, 0xd6, 0xbb, 0xd6,
    0xbb, 0xd6, 0x9b, 0xd6, 0x9b, 0xd6, 0xbb, 0xd6, 0xbb, 0xd6, 0xbb, 0xd6, 0xbb, 0xd6, 0xbb, 0xd6,
    0xbb, 0xd6, 0xbb, 0xd6, 0xbb, 0xd6, 0xbb, 0xd6, 0xbb, 0xd6, 0xbb, 0xd6, 0xbb, 0xd6, 0xbb, 0xd6,
    0xbb, 0xd6, 0xbb, 0xd6, 0xbb, 0xd6, 0xbb, 0xd6, 0xbb, 0xd6, 0xbb, 0xd6, 0xbb, 0xde, 0xbb, 0xde,
    0xbb, 0xde, 0xbb, 0xde, 0xbb, 0xde, 0xbb, 0xde, 0xbb, 0xde, 0xbb, 0xde, 0xbb, 0xde, 0xbb, 0xde,
    0xbb, 0xde, 0xbb, 0xde, 0xbb, 0xd6, 0xbb, 0xd6, 0xbb, 0xd6, 0xbb, 0xd6, 0xbb, 0xd6, 0xbb, 0xd6,
    0xbb, 0xd6, 0xbb, 0xde, 0xbb, 0xde, 0xbb, 0xde, 0xbb, 0xde, 0xbb, 0xde, 0xbb, 0xd6, 0xbb, 0xd6,
    0xbb, 0xd6, 0xbb, 0xd6, 0xbb, 0xd6, 0xbb, 0xd6, 0xbb, 0xd6, 0xbb, 0xd6, 0xbb, 0xd6, 0xbb, 0xd6,
    0xbb, 0xde, 0xbb, 0xde, 0xbb, 0xde, 0xbb, 0xde, 0xbb, 0xde, 0xbb, 0xde, 0xbb, 0xde, 0xbb, 0xde,
    0xbb, 0xd6, 0xbb, 0xd6, 0xbb, 0xde, 0xbb, 0xde, 0xbb, 0xde, 0xbb, 0xde, 0xbb, 0xde, 0xbb, 0xde,
    0xbb, 0xde, 0xbb, 0xde, 0xbb, 0xde, 0xbb, 0xde, 0xbb, 0xde, 0xbb, 0xde, 0xbb, 0xde, 0xbb, 0xde,
    0xbb, 0xde, 0xbb, 0xde, 0xbb, 0xde, 0xbb, 0xde, 0xbb, 0xd6, 0xbb, 0xd6, 0xbb, 0xd6, 0xbb, 0xd6,
    0xbb, 0xd6, 0xbb, 0xd6, 0xbb, 0xd6, 0xbb, 0xd6, 0xbb, 0xde, 0xbb, 0xde, 0xbb, 0xde, 0xbb, 0xde,
    0xbb, 0xd6, 0xbb, 0xd6, 0xbb, 0xd6, 0xbb, 0xd6, 0xbb, 0xd6, 0xbb, 0xd6, 0xbb, 0xd6, 0xbb, 0xde,
    0xbb, 0xde, 0xbb, 0xd6, 0xbb, 0xd6, 0xbb, 0xde, 0xbb, 0xde, 0xbb, 0xde, 0xbb, 0xde, 0xbb, 0xde,
    0xbb, 0xde, 0xbb, 0xde, 0xbb, 0xde, 0xbb, 0xde, 0xbb, 0xd6, 0xbb, 0xd6, 0xbb, 0xde, 0xbb, 0xde,
    0xbb, 0xde, 0xbb, 0xde, 0xbb, 0xd6, 0xbb, 0xd6, 0xbb, 0xde, 0xbb, 0xde, 0xbb, 0xde, 0xbb, 0xde,
    0xbb, 0xde, 0xbb, 0xde, 0xbb, 0xde, 0xbb, 0xd6, 0xbb, 0xd6, 0xbb, 0xd6, 0xbb, 0xd6, 0xbb, 0xde,
    0xbb, 0xde, 0xbb, 0xd6, 0xbb, 0xde, 0xbb, 0xde, 0xbb, 0xd6, 0xfc, 0xde, 0x9e, 0xf7, 0x9d, 0xf7,
    0xbf, 0xf7, 0x39, 0xc6, 0x73, 0x8c, 0x94, 0x94, 0x73, 0x8c, 0x77, 0xad, 0xbb, 0xd6, 0xbb, 0xd6,
    0x9b, 0xd6, 0x5d, 0xef, 0xbe, 0xf7, 0xbe, 0xf7, 0x9e, 0xf7, 0xeb, 0x5a, 0x45, 0x29, 0xa6, 0x31,
    0x86, 0x31, 0x4f, 0x21, 0x71, 0x21, 0x71, 0x21, 0x71, 0x21, 0x72, 0x21, 0x4e, 0x21, 0x65, 0x29,
    0x85, 0x31, 0x45, 0x29, 0xca, 0x5a, 0xbe, 0xf7, 0xdf, 0xff, 0xdf, 0xff, 0x7e, 0xf7, 0xbb, 0xde,
    0xbb, 0xd6, 0xdc, 0xde, 0xb7, 0xb5, 0x73, 0x8c, 0x94, 0x94, 0x73, 0x8c, 0x39, 0xc6, 0xbf, 0xf7,
    0x7e, 0xf7, 0x9e, 0xf7, 0x1c, 0xe7, 0xbb, 0xd6, 0xbb, 0xd6, 0xbb, 0xd6, 0xbb, 0xd6, 0xbb, 0xd6,
    0xbb, 0xd6, 0xbb, 0xd6, 0xbb, 0xd6, 0xbb, 0xd6, 0xbb, 0xde, 0xbb, 0xde, 0xbb, 0xde, 0xbb, 0xd6,
    0xbb, 0xd6, 0xbb, 0xd6, 0xbb, 0xd6, 0xbb, 0xd6, 0xbb, 0xd6, 0xbb, 0xd6, 0xbb, 0xd6, 0xbb, 0xde,
    0xbb, 0xde, 0xbb, 0xde, 0xbb, 0xde, 0xbb, 0xde, 0xbb, 0xde, 0xbb, 0xde, 0xbb, 0xd6, 0xbb, 0xd6,
    0xbb, 0xd6, 0xbb, 0xd6, 0xbb, 0xd6, 0xbb, 0xd6, 0xbb, 0xd6, 0x9b, 0xd6, 0x9b, 0xd6, 0xbb, 0xd6,
    0xbb, 0xd6, 0xbb, 0xde, 0xbb, 0xde, 0xbb, 0xd6, 0xbb, 0xd6, 0xbb, 0xd6, 0xbb, 0xde, 0xbb, 0xde,
    0xbb, 0xde, 0xbb, 0xde, 0xbb, 0xd6, 0xbb, 0xd6, 0xbb, 0xd6, 0xbb, 0xd6, 0xbb, 0xd6, 0xbb, 0xd6,
    0xbb, 0xde, 0xbb, 0xde, 0xbb, 0xde, 0xbb, 0xde, 0xbb, 0xde, 0xbb, 0xde, 0xbb, 0xde, 0xbb, 0xd6,
    0xbb, 0xde, 0xbb, 0xde, 0xbb, 0xde, 0xbb, 0xde, 0xbb, 0xde, 0xbb, 0xde, 0xbb, 0xd6, 0x9b, 0xd6,
    0x9b, 0xd6, 0xbb, 0xd6, 0xbb, 0xd6, 0xbb, 0xde, 0xbb, 0xde, 0xbb, 0xde, 0xbb, 0xde, 0xbb, 0xde,
    0xbb, 0xde, 0xbb, 0xde, 0xbb, 0xd6, 0x9b, 0xd6, 0x9b, 0xd6, 0xbb, 0xd6, 0xbb, 0xd6, 0xbb, 0xd6,
    0xbb, 0xd6, 0xbb, 0xd6, 0xbb, 0xd6, 0xbb, 0xd6, 0xbb, 0xde, 0xbb, 0xde, 0xbb, 0xde, 0xbb, 0xde,
    0xbb, 0xde, 0xbb, 0xde, 0xbb, 0xde, 0xbb, 0xde, 0xbb, 0xd6, 0xbb, 0xd6, 0xbb, 0xde, 0xbb, 0xde,
    0xbb, 0xde, 0xbb, 0xde, 0xbb, 0xde, 0xbb, 0xde, 0xbb, 0xde, 0xbb, 0xde, 0xbb, 0xde, 0xbb, 0xde,
    0xbb, 0xde, 0xbb, 0xde, 0xbb, 0xde, 0xbb, 0xde, 0xbb, 0xde, 0xbb, 0xde, 0xbb, 0xde, 0xbb, 0xde,
    0xbb, 0xd6, 0x9b, 0xd6, 0x9b, 0xd6, 0xbb, 0xd6, 0xbb, 0xd6, 0xbb, 0xd6, 0xbb, 0xde, 0xbb, 0xde,
    0xbb, 0xde, 0xbb, 0xde, 0xbb, 0xde, 0xbb, 0xde, 0xbb, 0xd6, 0x9b, 0xd6, 0xbb, 0xd6, 0xbb, 0xd6,
    0xbb, 0xd6, 0xbb, 0xd6, 0xbb, 0xd6, 0xbb, 0xde, 0xbb, 0xde, 0xbb, 0xd6, 0xbb, 0xd6, 0xbb, 0xde,
    0xbb, 0xde, 0xbb, 0xde, 0xbb, 0xde, 0xbb, 0xde, 0xbb, 0xde, 0xbb, 0xd6, 0xbb, 0xd6, 0xbb, 0xde,
    0xbb, 0xd6, 0xbb, 0xd6, 0xbb, 0xde, 0xbb, 0xde, 0xbb, 0xde, 0xbb, 0xde, 0xbb, 0xd6, 0xbb, 0xd6,
    0xbb, 0xde, 0xbb, 0xd6, 0xbb, 0xd6, 0xbb, 0xd6, 0xbb, 0xd6, 0xbb, 0xde, 0xbb, 0xde, 0xbb, 0xd6,
    0xbb, 0xd6, 0xbb, 0xd6, 0xbb, 0xd6, 0xbb, 0xde, 0xbb, 0xde, 0xbb, 0xd6, 0xbb, 0xd6, 0xbb, 0xd6,
    0x9b, 0xd6, 0xfc, 0xde, 0x9e, 0xf7, 0x9d, 0xf7, 0xbf, 0xf7, 0x39, 0xc6, 0x53, 0x8c, 0x94, 0x94,
    0x73, 0x8c, 0x97, 0xb5, 0xbb, 0xd6, 0xbb, 0xd6, 0xbb, 0xd6, 0x5d, 0xef, 0xbe, 0xf7, 0xbe, 0xf7,
    0x9e, 0xf7, 0xeb, 0x5a, 0x45, 0x29, 0xa6, 0x31, 0x86, 0x31, 0x4f, 0x21, 0x71, 0x21, 0x71, 0x21,
    0x71, 0x21, 0x72, 0x21, 0x4e, 0x21, 0x65, 0x29, 0x85, 0x31, 0x45, 0x29, 0xca, 0x5a, 0xbe, 0xf7,
    0xdf, 0xff, 0xdf, 0xff, 0x7e, 0xf7, 0xbb, 0xde, 0xbb, 0xd6, 0xdc, 0xde, 0x97, 0xb5, 0x73, 0x8c,
    0x94, 0x94, 0x73, 0x8c, 0x39, 0xc6, 0xbf, 0xf7, 0x7e, 0xf7, 0x9e, 0xf7, 0x1c, 0xe7, 0xbb, 0xd6,
    0xbb, 0xd6, 0xbb, 0xd6, 0xbb, 0xd6, 0xbb, 0xd6, 0xbb, 0xd6, 0xbb, 0xd6, 0xbb, 0xd6, 0xbb, 0xd6,
    0xbb, 0xde, 0xbb, 0xde, 0xbb, 0xde, 0xbb, 0xd6, 0xbb, 0xd6, 0xbb, 0xd6, 0xbb, 0xd6, 0xbb, 0xd6,
    0xbb, 0xd6, 0xbb, 0xd6, 0xbb, 0xd6, 0xbb, 0xd6, 0xbb, 0xde, 0xbb, 0xde, 0xbb, 0xde, 0xbb, 0xde,
    0xbb, 0xde, 0xbb, 0xde, 0xbb, 0xd6, 0xbb, 0xd6, 0xbb, 0xd6, 0xbb, 0xd6, 0xbb, 0xd6, 0xbb, 0xd6,
    0xbb, 0xd6, 0x9b, 0xd6, 0x9b, 0xd6, 0xbb, 0xd6, 0xbb, 0xd6, 0xbb, 0xde, 0xbb, 0xde, 0xbb, 0xde,
    0xbb, 0xd6, 0xbb, 0xd6, 0xbb, 0xde, 0xbb, 0xd6, 0xbb, 0xd6, 0xbb, 0xd6, 0xbb, 0xd6, 0xbb, 0xd6,
    0xbb, 0xd6, 0xbb, 0xd6, 0xbb, 0xd6, 0xbb, 0xd6, 0xbb, 0xde, 0xbb, 0xde, 0xbb, 0xde, 0xbb, 0xde,
    0xbb, 0xde, 0xbb, 0xde, 0xbb, 0xde, 0xbb, 0xd6, 0xbb, 0xde, 0xbb, 0xde, 0xbb, 0xde, 0xbb, 0xde,
    0xbb, 0xde, 0xbb, 0xde, 0xbb, 0xd6, 0xbb, 0xd6, 0x9b, 0xd6, 0xbb, 0xd6, 0xbb, 0xd6, 0xbb, 0xde,
    0xbb, 0xde, 0xbb, 0xde, 0xbb, 0xde, 0xbb, 0xde, 0xbb, 0xde, 0xbb, 0xde, 0xbb, 0xd6, 0x9b, 0xd6,
    0xbb, 0xd6, 0xbb, 0xd6, 0xbb, 0xd6, 0xbb, 0xd6, 0xbb, 0xd6, 0xbb, 0xd6, 0xbb, 0xd6, 0xbb, 0xd6,
    0xbb, 0xde, 0xbb, 0xde, 0xbb, 0xde, 0xbb, 0xd6, 0xbb, 0xde, 0xbb, 0xde, 0xbb, 0xde, 0xbb, 0xde,
    0xbb, 0xd6, 0xbb, 0xd6, 0xbb, 0xde, 0xbb, 0xd6, 0xbb, 0xd6, 0xbb, 0xde, 0xbb, 0xde, 0xbb, 0xde,
    0xbb, 0xde, 0xbb, 0xde, 0xbb, 0xde, 0xbb, 0xde, 0xbb, 0xde, 0xbb, 0xde, 0xbb, 0xde, 0xbb, 0xde,
    0xbb, 0xde, 0xbb, 0xde, 0xbb, 0xde, 0xbb, 0xd6, 0x9b, 0xd6, 0x9b, 0xd6, 0x9b, 0xd6, 0xbb, 0xd6,
    0xbb, 0xd6, 0xbb, 0xd6, 0xbb, 0xde, 0xbb, 0xde, 0xbb, 0xde, 0xbb, 0xde, 0xbb, 0xde, 0xbb, 0xde,
    0xbb, 0xd6, 0x9b, 0xd6, 0xbb, 0xd6, 0xbb, 0xd6, 0xbb, 0xd6, 0xbb, 0xd6, 0xbb, 0xd6, 0xbb, 0xde,
    0xbb, 0xde, 0xbb, 0xd6, 0xbb, 0xd6, 0xbb, 0xde, 0xbb, 0xde, 0xbb, 0xde, 0xbb, 0xde, 0xbb, 0xde,
    0xbb, 0xd6, 0xbb, 0xd6, 0xbb, 0xd6, 0xbb, 0xde, 0xbb, 0xd6, 0xbb, 0xd6, 0xbb, 0xd6, 0xbb, 0xde,
    0xbb, 0xde, 0xbb, 0xd6, 0xbb, 0xd6, 0xbb, 0xd6, 0xbb, 0xd6, 0xbb, 0xd6, 0xbb, 0xd6, 0xbb, 0xd6,
    0xbb, 0xd6, 0xbb, 0xde, 0xbb, 0xde, 0xbb, 0xd6, 0xbb, 0xd6, 0xbb, 0xd6, 0xbb, 0xd6, 0xbb, 0xde,
    0xbb, 0xde, 0xbb, 0xd6, 0xbb, 0xd6, 0xbb, 0xd6, 0x9b, 0xd6, 0xfc, 0xde, 0x9e, 0xf7, 0x9d, 0xf7,
    0xdf, 0xf7, 0x39, 0xc6, 0x53, 0x8c, 0x94, 0x94, 0x73, 0x8c, 0x97, 0xb5, 0xbb, 0xd6, 0xbb, 0xd6,
    0xbb, 0xd6, 0x5d, 0xef, 0xbe, 0xf7, 0xbe, 0xf7, 0x9e, 0xf7, 0xeb, 0x5a, 0x45, 0x29, 0xa6, 0x31,
    0x86, 0x31, 0x4f, 0x21, 0x71, 0x21, 0x71, 0x21, 0x71, 0x21, 0x72, 0x21, 0x4e, 0x21, 0x66, 0x29,
    0x86, 0x31, 0x45, 0x29, 0xaa, 0x52, 0xbe, 0xf7, 0xdf, 0xff, 0xdf, 0xff, 0x7e, 0xef, 0xbb, 0xd6,
    0xbb, 0xd6, 0xdc, 0xde, 0x97, 0xb5, 0x53, 0x8c, 0x94, 0x94, 0x73, 0x8c, 0x39, 0xc6, 0xbf, 0xf7,
    0x7e, 0xf7, 0x9e, 0xf7, 0x1c, 0xe7, 0xbb, 0xd6, 0xbb, 0xd6, 0xbb, 0xd6, 0xbb, 0xd6, 0xbb, 0xd6,
    0xbb, 0xde, 0xbb, 0xde, 0xbb, 0xde, 0xbb, 0xd6, 0xbb, 0xde, 0xbb, 0xde, 0xbb, 0xd6, 0xbb, 0xd6,
    0xbb, 0xd6, 0xbb, 0xd6, 0xbb, 0xd6, 0xbb, 0xd6, 0xbb, 0xd6, 0xbb, 0xd6, 0xbb, 0xd6, 0xbb, 0xd6,
    0xbb, 0xd6, 0xbb, 0xd6, 0xbb, 0xde, 0xbb, 0xde, 0xbb, 0xd6, 0xbb, 0xd6, 0xbb, 0xd6, 0xbb, 0xd6,
    0xbb, 0xd6, 0xbb, 0xd6, 0xbb, 0xd6, 0xbb, 0xd6, 0xbb, 0xd6, 0xbb, 0xd6, 0xbb, 0xd6, 0xbb, 0xd6,
    0xbb, 0xd6, 0xbb, 0xd6, 0xbb, 0xd6, 0xbb, 0xde, 0xbb, 0xd6, 0xbb, 0xde, 0xbb, 0xde, 0xbb, 0xd6,
    0xbb, 0xd6, 0xbb, 0xd6, 0xbb, 0xd6, 0xbb, 0xd6, 0xbb, 0xd6, 0xbb, 0xd6, 0xbb, 0xd6, 0xbb, 0xd6,
    0xbb, 0xd6, 0xbb, 0xde, 0xbb, 0xde, 0xbb, 0xde, 0xbb, 0xde, 0xbb, 0xde, 0xbb, 0xde, 0xbb, 0xde,
    0xbb, 0xde, 0xbb, 0xde, 0xbb, 0xde, 0xbb, 0xd6, 0xbb, 0xde, 0xbb, 0xd6, 0xbb, 0xd6, 0xbb, 0xd6,
    0x9b, 0xd6, 0xbb, 0xd6, 0xbb, 0xd6, 0xbb, 0xd6, 0xbb, 0xd6, 0xbb, 0xde, 0xbb, 0xde, 0xbb, 0xde,
    0xbb, 0xd6, 0xbb, 0xd6, 0xbb, 0xd6, 0xbb, 0xd6, 0xbb, 0xde, 0xbb, 0xde, 0xbb, 0xd6, 0xbb, 0xd6,
    0xbb, 0xd6, 0xbb, 0xd6, 0xbb, 0xd6, 0xbb, 0xd6, 0xbb, 0xde, 0xbb, 0xde, 0xbb, 0xde, 0xbb, 0xde,
    0xbb, 0xde, 0xbb, 0xde, 0xbb, 0xde, 0xbb, 0xde, 0xbb, 0xde, 0xbb, 0xde, 0xbb, 0xde, 0xbb, 0xde,
    0xbb, 0xde, 0xbb, 0xde, 0xbb, 0xd6, 0xbb, 0xde, 0xbb, 0xde, 0xbb, 0xde, 0xbb, 0xd6, 0xbb, 0xde,
    0xbb, 0xde, 0xbb, 0xde, 0xbb, 0xde, 0xbb, 0xde, 0xbb, 0xde, 0xbb, 0xde, 0xbb, 0xd6, 0xbb, 0xd6,
    0xbb, 0xd6, 0xbb, 0xd6, 0xbb, 0xd6, 0xbb, 0xd6, 0xbb, 0xd6, 0xbb, 0xde, 0xbb, 0xde, 0xbb, 0xde,
    0xbb, 0xde, 0xbb, 0xde, 0xbb, 0xde, 0xbb, 0xde, 0xbb, 0xd6, 0xbb, 0xd6, 0xbb, 0xd6, 0xbb, 0xd6,
    0xbb, 0xd6, 0x9b, 0xd6, 0xbb, 0xd6, 0xbb, 0xd6, 0xbb, 0xd6, 0xbb, 0xd6, 0xbb, 0xd6, 0xbb, 0xde,
    0xbb, 0xde, 0xbb, 0xde, 0xbb, 0xde, 0xbb, 0xde, 0xbb, 0xde, 0xbb, 0xd6, 0xbb, 0xd6, 0xbb, 0xd6,
    0xbb, 0xde, 0xbb, 0xde, 0xbb, 0xde, 0xbb, 0xde, 0xbb, 0xde, 0xbb, 0xd6, 0xbb, 0xd6, 0xbb, 0xd6,
    0x9b, 0xd6, 0xbb, 0xd6, 0xbb, 0xd6, 0xbb, 0xd6, 0xbb, 0xde, 0xbb, 0xde, 0xbb, 0xd6, 0xbb, 0xd6,
    0xbb, 0xd6, 0xbb, 0xd6, 0xbb, 0xde, 0xbb, 0xde, 0xbb, 0xde, 0xbb, 0xde, 0xbb, 0xde, 0xbb, 0xde,
    0xbb, 0xd6, 0xfc, 0xde, 0x9e, 0xf7, 0x9d, 0xf7, 0xdf, 0xf7, 0x39, 0xc6, 0x53, 0x8c, 0x94, 0x94,
    0x73, 0x8c, 0x77, 0xad, 0xbb, 0xd6, 0xbb, 0xd6, 0xbb, 0xd6, 0x5d, 0xef, 0xbe, 0xf7, 0xbe, 0xf7,
    0x9e, 0xf7, 0xeb, 0x5a, 0x45, 0x29, 0xa6, 0x31, 0x86, 0x29, 0x4f, 0x21, 0x71, 0x21, 0x71, 0x21,
    0x71, 0x21, 0x72, 0x21, 0x4f, 0x21, 0x66, 0x29, 0x86, 0x31, 0x45, 0x29, 0xca, 0x5a, 0xbe, 0xf7,
    0xdf, 0xff, 0xdf, 0xff, 0x7e, 0xef, 0xbb, 0xd6, 0xbb, 0xd6, 0xdc, 0xde, 0x97, 0xb5, 0x73, 0x8c,
    0x94, 0x94, 0x73, 0x8c, 0x39, 0xc6, 0xbf, 0xf7, 0x7e, 0xf7, 0x9e, 0xf7, 0x1c, 0xe7, 0xbb, 0xd6,
    0xbb, 0xd6, 0xbb, 0xd6, 0xbb, 0xd6, 0xbb, 0xd6, 0xbb, 0xde, 0xbb, 0xde, 0xbb, 0xde, 0xbb, 0xd6,
    0xbb, 0xd6, 0xbb, 0xd6, 0xbb, 0xde, 0xbb, 0xd6, 0xbb, 0xd6, 0xbb, 0xd6, 0xbb, 0xd6, 0xbb, 0xd6,
    0xbb, 0xde, 0xbb, 0xd6, 0xbb, 0xd6, 0xbb, 0xd6, 0xbb, 0xd6, 0xbb, 0xd6, 0xbb, 0xd6, 0xbb, 0xd6,
    0xbb, 0xd6, 0xbb, 0xd6, 0xbb, 0xd6, 0xbb, 0xd6, 0xbb, 0xd6, 0xbb, 0xd6, 0xbb, 0xd6, 0xbb, 0xd6,
    0xbb, 0xd6, 0xbb, 0xd6, 0xbb, 0xd6, 0xbb, 0xd6, 0xbb, 0xd6, 0xbb, 0xd6, 0xbb, 0xd6, 0xbb, 0xd6,
    0xbb, 0xde, 0xbb, 0xde, 0xbb, 0xde, 0xbb, 0xde, 0xbb, 0xd6, 0xbb, 0xd6, 0xbb, 0xd6, 0xbb, 0xd6,
    0xbb, 0xd6, 0xbb, 0xd6, 0xbb, 0xd6, 0xbb, 0xd6, 0xbb, 0xd6, 0xbb, 0xd6, 0xbb, 0xd6, 0xbb, 0xde,
    0xbb, 0xde, 0xbb, 0xd6, 0xbb, 0xde, 0xbb, 0xde, 0xbb, 0xd6, 0xbb, 0xde, 0xbb, 0xde, 0xbb, 0xd6,
    0xbb, 0xd6, 0xbb, 0xd6, 0xbb, 0xd6, 0xbb, 0xd6, 0xbb, 0xd6, 0xbb, 0xd6, 0xbb, 0xd6, 0xbb, 0xd6,
    0xbb, 0xde, 0xbb, 0xde, 0xbb, 0xde, 0xbb, 0xde, 0xbb, 0xde, 0xbb, 0xd6, 0xbb, 0xd6, 0xbb, 0xd6,
    0xbb, 0xd6, 0xbb, 0xde, 0xbb, 0xd6, 0xbb, 0xd6, 0xbb, 0xde, 0xbb, 0xd6, 0xbb, 0xd6, 0xbb, 0xd6,
    0xbb, 0xde, 0xbb, 0xde, 0xbb, 0xde, 0xbb, 0xde, 0xbb, 0xde, 0xbb, 0xde, 0xbb, 0xde, 0xbb, 0xde,
    0xbb, 0xde, 0xbb, 0xde, 0xbb, 0xde, 0xbb, 0xde, 0xbb, 0xde, 0xbb, 0xde, 0xbb, 0xde, 0xbb, 0xde,
    0xbb, 0xde, 0xbb, 0xde, 0xbb, 0xde, 0xbb, 0xde, 0xbb, 0xde, 0xbb, 0xde, 0xbb, 0xde, 0xbb, 0xde,
    0xbb, 0xde, 0xbb, 0xde, 0xbb, 0xd6, 0xbb, 0xd6, 0xbb, 0xd6, 0xbb, 0xd6, 0xbb, 0xd6, 0xbb, 0xd6,
    0xbb, 0xd6, 0xbb, 0xde, 0xbb, 0xde, 0xbb, 0xde, 0xbb, 0xde, 0xbb, 0xde, 0xbb, 0xde, 0xbb, 0xde,
    0xbb, 0xd6, 0xbb, 0xd6, 0xbb, 0xd6, 0xbb, 0xd6, 0xbb, 0xd6, 0xbb, 0xd6, 0xbb, 0xd6, 0xbb, 0xd6,
    0xbb, 0xd6, 0xbb, 0xd6, 0xbb, 0xd6, 0xbb, 0xde, 0xbb, 0xde, 0xbb, 0xde, 0xbb, 0xde, 0xbb, 0xd6,
    0xbb, 0xd6, 0xbb, 0xde, 0xbb, 0xde, 0xbb, 0xde, 0xbb, 0xde, 0xbb, 0xde, 0xbb, 0xde, 0xbb, 0xde,
    0xbb, 0xde, 0xbb, 0xd6, 0xbb, 0xd6, 0xbb, 0xd6, 0xbb, 0xd6, 0xbb, 0xd6, 0xbb, 0xd6, 0xbb, 0xd6,
    0xbb, 0xde, 0xbb, 0xde, 0xbb, 0xd6, 0xbb, 0xd6, 0xbb, 0xd6, 0xbb, 0xd6, 0xbb, 0xde, 0xbb, 0xde,
    0xbb, 0xd6, 0xbb, 0xde, 0xbb, 0xde, 0xbb, 0xde, 0x9b, 0xd6, 0xfc, 0xde, 0x9e, 0xf7, 0x9d, 0xf7,
    0xdf, 0xf7, 0x39, 0xc6, 0x53, 0x8c, 0x94, 0x94, 0x73, 0x8c, 0x77, 0xad, 0xbb, 0xd6, 0xbb, 0xd6,
    0x9b, 0xd6, 0x5d, 0xef, 0xbe, 0xf7, 0xbe, 0xf7, 0x9e, 0xf7, 0xeb, 0x5a, 0x45, 0x29, 0x86, 0x31,
    0x66, 0x29, 0x4f, 0x21, 0x71, 0x21, 0x71, 0x21, 0x71, 0x21, 0x72, 0x21, 0x4f, 0x21, 0x65, 0x29,
    0x86, 0x31, 0x45, 0x29, 0xaa, 0x52, 0xbe, 0xf7, 0xdf, 0xff, 0xdf, 0xff, 0x7e, 0xef, 0xbb, 0xd6,
    0xbb, 0xd6, 0xdc, 0xde, 0x97, 0xb5, 0x73, 0x8c, 0x94, 0x94, 0x73, 0x8c, 0x39, 0xc6, 0xbe, 0xf7,
    0x7e, 0xf7, 0x9e, 0xf7, 0x1c, 0xe7, 0xbb, 0xd6, 0xbb, 0xd6, 0xbb, 0xd6, 0xbb, 0xd6, 0xbb, 0xd6,
    0xbb, 0xde, 0xbb, 0xde, 0xbb, 0xd6, 0xbb, 0xd6, 0x9b, 0xd6, 0xbb, 0xd6, 0xbb, 0xde, 0xbb, 0xd6,
    0xbb, 0xd6, 0xbb, 0xd6, 0xbb, 0xde, 0xbb, 0xd6, 0xbb, 0xd6, 0xbb, 0xd6, 0xbb, 0xd6, 0xbb, 0xd6,
    0xbb, 0xd6, 0xbb, 0xd6, 0xbb, 0xd6, 0xbb, 0xd6, 0xbb, 0xd6, 0xbb, 0xd6, 0xbb, 0xd6, 0xbb, 0xd6,
    0xbb, 0xd6, 0xbb, 0xd6, 0xbb, 0xd6, 0xbb, 0xd6, 0x9b, 0xd6, 0x9b, 0xd6, 0xbb, 0xd6, 0xbb, 0xd6,
    0xbb, 0xde, 0xbb, 0xd6, 0xbb, 0xd6, 0xbb, 0xd6, 0xbb, 0xde, 0xbb, 0xde, 0xbb, 0xde, 0xbb, 0xde,
    0xbb, 0xd6, 0xbb, 0xd6, 0xbb, 0xd6, 0xbb, 0xd6, 0xbb, 0xd6, 0xbb, 0xd6, 0xbb, 0xd6, 0xbb, 0xd6,
    0xbb, 0xd6, 0xbb, 0xd6, 0xbb, 0xd6, 0xbb, 0xde, 0xbb, 0xde, 0xbb, 0xd6, 0xbb, 0xde, 0xbb, 0xd6,
    0xbb, 0xd6, 0xbb, 0xde, 0xbb, 0xde, 0xbb, 0xd6, 0xbb, 0xd6, 0xbb, 0xd6, 0xbb, 0xd6, 0xbb, 0xde,
    0xbb, 0xd6, 0xbb, 0xd6, 0xbb, 0xd6, 0xbb, 0xde, 0xbb, 0xde, 0xbb, 0xde, 0xbb, 0xde, 0xbb, 0xde,
    0xbb, 0xde, 0xbb, 0xde, 0xbb, 0xd6, 0xbb, 0xd6, 0xbb, 0xd6, 0xbb, 0xd6, 0xbb, 0xd6, 0xbb, 0xd6,
    0xbb, 0xd6, 0xbb, 0xd6, 0xbb, 0xd6, 0xbb, 0xd6, 0xbb, 0xde, 0xbb, 0xde, 0xbb, 0xde, 0xbb, 0xde,
    0xbb, 0xde, 0xbb, 0xde, 0xbb, 0xde, 0xbb, 0xde, 0xbb, 0xde, 0xbb, 0xde, 0xbb, 0xde, 0xbb, 0xde,
    0xbb, 0xde, 0xbb, 0xde, 0xbb, 0xde, 0xbb, 0xde, 0xbb, 0xde, 0xbb, 0xde, 0xbb, 0xde, 0xbb, 0xde,
    0xbb, 0xde, 0xbb, 0xde, 0xbb, 0xde, 0xbb, 0xde, 0xbb, 0xde, 0xbb, 0xde, 0xbb, 0xd6, 0xbb, 0xd6,
    0xbb, 0xd6, 0xbb, 0xd6, 0xbb, 0xd6, 0xbb, 0xd6, 0xbb, 0xd6, 0xbb, 0xd6, 0xbb, 0xde, 0xbb, 0xde,
    0xbb, 0xde, 0xbb, 0xde, 0xbb, 0xde, 0xbb, 0xd6, 0xbb, 0xd6, 0xbb, 0xd6, 0xbb, 0xd6, 0xbb, 0xd6,
    0xbb, 0xd6, 0xbb, 0xd6, 0xbb, 0xd6, 0xbb, 0xd6, 0xbb, 0xd6, 0xbb, 0xd6, 0xbb, 0xd6, 0xbb, 0xde,
    0xbb, 0xde, 0xbb, 0xde, 0xbb, 0xde, 0xbb, 0xd6, 0xbb, 0xd6, 0xbb, 0xd6, 0xbb, 0xd6, 0xbb, 0xd6,
    0xbb, 0xde, 0xbb, 0xde, 0xbb, 0xde, 0xbb, 0xde, 0xbb, 0xde, 0xbb, 0xd6, 0xbb, 0xd6, 0xbb, 0xd6,
    0xbb, 0xd6, 0xbb, 0xd6, 0xbb, 0xd6, 0xbb, 0xd6, 0xbb, 0xde, 0xbb, 0xde, 0xbb, 0xd6, 0xbb, 0xd6,
    0xbb, 0xd6, 0xbb, 0xd6, 0xbb, 0xde, 0xbb, 0xde, 0xbb, 0xd6, 0xbb, 0xd6, 0xbb, 0xde, 0xbb, 0xde,
    0xbb, 0xd6, 0xfc, 0xde, 0x9e, 0xf7, 0x9d, 0xf7, 0xdf, 0xff, 0x39, 0xc6, 0x53, 0x8c, 0x94, 0x94,
    0x73, 0x8c, 0x97, 0xb5, 0xbb, 0xd6, 0xbb, 0xd6, 0x9b, 0xd6, 0x5d, 0xef, 0xbe, 0xf7, 0xbe, 0xf7,
    0x9e, 0xf7, 0xeb, 0x5a, 0x45, 0x29, 0x86, 0x31, 0x86, 0x29, 0x4f, 0x21, 0x71, 0x21, 0x71, 0x21,
    0x71, 0x21, 0x72, 0x21, 0x4e, 0x21, 0x65, 0x29, 0x65, 0x29, 0x25, 0x21, 0xaa, 0x52, 0x9e, 0xf7,
    0xdf, 0xff, 0xdf, 0xff, 0x7e, 0xf7, 0xbb, 0xde, 0xbb, 0xd6, 0xdc, 0xde, 0x97, 0xb5, 0x53, 0x8c,
    0x94, 0x94, 0x73, 0x8c, 0x39, 0xc6, 0xbf, 0xf7, 0x9e, 0xf7, 0x9e, 0xf7, 0x1c, 0xe7, 0xbb, 0xd6,
    0xbb, 0xde, 0xbb, 0xde, 0xbb, 0xde, 0xbb, 0xde, 0xbb, 0xde, 0xbb, 0xde, 0xbb, 0xd6, 0xbb, 0xd6,
    0x9b, 0xd6, 0x9b, 0xd6, 0xbb, 0xd6, 0xbb, 0xd6, 0xbb, 0xd6, 0xbb, 0xd6, 0xbb, 0xd6, 0xbb, 0xde,
    0xbb, 0xd6, 0xbb, 0xd6, 0xbb, 0xd6, 0xbb, 0xd6, 0x9b, 0xd6, 0x9b, 0xd6, 0xbb, 0xd6, 0xbb, 0xd6,
    0xbb, 0xd6, 0xbb, 0xd6, 0xbb, 0xd6, 0xbb, 0xd6, 0xbb, 0xd6, 0xbb, 0xd6, 0xbb, 0xd6, 0x9b, 0xd6,
    0x9b, 0xd6, 0x9b, 0xd6, 0xbb, 0xd6, 0xbb, 0xde, 0xbb, 0xde, 0xbb, 0xd6, 0xbb, 0xd6, 0xbb, 0xd6,
    0xbb, 0xd6, 0xbb, 0xde, 0xbb, 0xde, 0xbb, 0xde, 0xbb, 0xd6, 0xbb, 0xd6, 0xbb, 0xd6, 0xbb, 0xde,
    0xbb, 0xde, 0xbb, 0xde, 0xbb, 0xde, 0xbb, 0xde, 0xbb, 0xd6, 0xbb, 0xd6, 0xbb, 0xd6, 0xbb, 0xde,
    0xbb, 0xde, 0xbb, 0xde, 0xbb, 0xde, 0xbb, 0xd6, 0xbb, 0xde, 0xbb, 0xde, 0xbb, 0xde, 0xbb, 0xd6,
    0xbb, 0xde, 0xbb, 0xde, 0xbb, 0xde, 0xbb, 0xde, 0xbb, 0xd6, 0xbb, 0xd6, 0xbb, 0xd6, 0xbb, 0xd6,
    0xbb, 0xde, 0xbb, 0xd6, 0xbb, 0xd6, 0xbb, 0xde, 0xbb, 0xde, 0xbb, 0xde, 0xbb, 0xde, 0xbb, 0xde,
    0xbb, 0xde, 0xbb, 0xde, 0xbb, 0xd6, 0xbb, 0xd6, 0xbb, 0xde, 0xbb, 0xde, 0xbb, 0xde, 0xbb, 0xde,
    0xbb, 0xd6, 0xbb, 0xd6, 0xbb, 0xde, 0xbb, 0xde, 0xbb, 0xd6, 0xbb, 0xde, 0xbb, 0xde, 0xbb, 0xde,
    0xbb, 0xde, 0xbb, 0xde, 0xbb, 0xde, 0xbb, 0xde, 0xbb, 0xde, 0xbb, 0xde, 0xbb, 0xde, 0xbb, 0xde,
    0xbb, 0xde, 0xbb, 0xde, 0xbb, 0xde, 0xbb, 0xde, 0xbb, 0xde, 0xbb, 0xde, 0xbb, 0xde, 0xbb, 0xde,
    0xbb, 0xd6, 0xbb, 0xd6, 0xbb, 0xd6, 0xbb, 0xd6, 0xbb, 0xde, 0xbb, 0xd6, 0xbb, 0xd6, 0xbb, 0xd6,
    0xbb, 0xd6, 0xbb, 0xd6, 0xbb, 0xde, 0xbb, 0xde, 0xbb, 0xde, 0xbb, 0xde, 0xbb, 0xd6, 0xbb, 0xd6,
    0xbb, 0xd6, 0xbb, 0xde, 0xbb, 0xde, 0xbb, 0xde, 0xbb, 0xde, 0xbb, 0xde, 0xbb, 0xd6, 0xbb, 0xd6,
    0xbb, 0xd6, 0xbb, 0xd6, 0xbb, 0xd6, 0xbb, 0xd6, 0xbb, 0xde, 0xbb, 0xde, 0xbb, 0xde, 0xbb, 0xd6,
    0xbb, 0xd6, 0xbb, 0xd6, 0xbb, 0xd6, 0xbb, 0xd6, 0xbb, 0xde, 0xbb, 0xde, 0xbb, 0xde, 0xbb, 0xd6,
    0xbb, 0xde, 0xbb, 0xd6, 0xbb, 0xd6, 0xbb, 0xd6, 0xbb, 0xd6, 0xbb, 0xd6, 0xbb, 0xd6, 0xbb, 0xd6,
    0xbb, 0xd6, 0xbb, 0xd6, 0xbb, 0xd6, 0xbb, 0xd6, 0xbb, 0xd6, 0xbb, 0xd6, 0xbb, 0xd6, 0xbb, 0xd6,
    0xbb, 0xd6, 0xbb, 0xd6, 0xbb, 0xd6, 0xbb, 0xd6, 0xbb, 0xd6, 0xfc, 0xde, 0x9e, 0xf7, 0x9d, 0xf7,
    0xdf, 0xff, 0x39, 0xc6, 0x53, 0x8c, 0x94, 0x94, 0x73, 0x8c, 0x97, 0xb5, 0xbb, 0xd6, 0x9b, 0xd6,
    0x9b, 0xd6, 0x5d, 0xef, 0xbe, 0xf7, 0xbe, 0xf7, 0x9e, 0xf7, 0xeb, 0x5a, 0x45, 0x29, 0xa6, 0x31,
    0x66, 0x29, 0x4f, 0x21, 0x71, 0x21, 0x71, 0x21, 0x71, 0x21, 0x72, 0x21, 0x4e, 0x21, 0x65, 0x29,
    0x65, 0x29, 0x25, 0x21, 0xaa, 0x52, 0x9e, 0xf7, 0xdf, 0xff, 0xdf, 0xff, 0x7e, 0xf7, 0xbb, 0xde,
    0xbb, 0xd6, 0xdc, 0xde, 0x97, 0xb5, 0x53, 0x8c, 0x94, 0x94, 0x73, 0x8c, 0x39, 0xc6, 0xbf, 0xf7,
    0x9e, 0xf7, 0x9e, 0xf7, 0xfc, 0xe6, 0xbb, 0xde, 0xbb, 0xde, 0xbb, 0xde, 0xbb, 0xde, 0xbb, 0xde,
    0xbb, 0xde, 0xbb, 0xde, 0xbb, 0xde, 0xbb, 0xd6, 0xbb, 0xd6, 0xbb, 0xd6, 0xbb, 0xd6, 0xbb, 0xd6,
    0xbb, 0xd6, 0xbb, 0xd6, 0xbb, 0xd6, 0xbb, 0xde, 0xbb, 0xd6, 0xbb, 0xd6, 0xbb, 0xd6, 0xbb, 0xd6,
    0x9b, 0xd6, 0x9b, 0xd6, 0xbb, 0xd6, 0xbb, 0xd6, 0xbb, 0xd6, 0xbb, 0xd6, 0xbb, 0xd6, 0xbb, 0xd6,
    0xbb, 0xd6, 0xbb, 0xd6, 0xbb, 0xd6, 0xbb, 0xd6, 0x9b, 0xd6, 0xbb, 0xd6, 0xbb, 0xd6, 0xbb, 0xde,
    0xbb, 0xd6, 0xbb, 0xd6, 0xbb, 0xd6, 0xbb, 0xd6, 0xbb, 0xd6, 0xbb, 0xde, 0xbb, 0xde, 0xbb, 0xde,
    0xbb, 0xd6, 0xbb, 0xd6, 0xbb, 0xd6, 0xbb, 0xde, 0xbb, 0xde, 0xbb, 0xde, 0xbb, 0xde, 0xbb, 0xde,
    0xbb, 0xd6, 0xbb, 0xd6, 0xbb, 0xd6, 0xbb, 0xde, 0xbb, 0xde, 0xbb, 0xde, 0xbb, 0xde, 0xbb, 0xd6,
    0xbb, 0xde, 0xbb, 0xde, 0xbb, 0xde, 0xbb, 0xd6, 0xbb, 0xde, 0xbb, 0xde, 0xbb, 0xde, 0xbb, 0xde,
    0xbb, 0xd6, 0xbb, 0xd6, 0xbb, 0xd6, 0xbb, 0xd6, 0xbb, 0xde, 0xbb, 0xd6, 0xbb, 0xd6, 0xbb, 0xde,
    0xbb, 0xd6, 0xbb, 0xd6, 0xbb, 0xd6, 0xbb, 0xd6, 0xbb, 0xd6, 0xbb, 0xd6, 0xbb, 0xd6, 0xbb, 0xd6,
    0xbb, 0xde, 0xbb, 0xde, 0xbb, 0xde, 0xbb, 0xde, 0xbb, 0xd6, 0xbb, 0xd6, 0xbb, 0xde, 0xbb, 0xde,
    0xbb, 0xd6, 0xbb, 0xde, 0xbb, 0xde, 0xbb, 0xde, 0xbb, 0xde, 0xbb, 0xde, 0xbb, 0xde, 0xbb, 0xde,
    0xbb, 0xde, 0xbb, 0xde, 0xbb, 0xde, 0xbb, 0xde, 0xbb, 0xde, 0xbb, 0xde, 0xbb, 0xde, 0xbb, 0xde,
    0xbb, 0xde, 0xbb, 0xde, 0xbb, 0xde, 0xbb, 0xde, 0xbb, 0xd6, 0xbb, 0xd6, 0xbb, 0xd6, 0xbb, 0xd6,
    0xbb, 0xde, 0xbb, 0xd6, 0xbb, 0xd6, 0xbb, 0xd6, 0xbb, 0xd6, 0xbb, 0xd6, 0xbb, 0xd6, 0xbb, 0xd6,
    0xbb, 0xde, 0xbb, 0xde, 0xbb, 0xd6, 0xbb, 0xd6, 0xbb, 0xd6, 0xbb, 0xde, 0xbb, 0xde, 0xbb, 0xde,
    0xbb, 0xde, 0xbb, 0xde, 0xbb, 0xd6, 0xbb, 0xd6, 0xbb, 0xd6, 0xbb, 0xd6, 0xbb, 0xd6, 0xbb, 0xd6,
    0xbb, 0xde, 0xbb, 0xde, 0xbb, 0xde, 0xbb, 0xd6, 0xbb, 0xd6, 0xbb, 0xd6, 0xbb, 0xd6, 0xbb, 0xd6,
    0xbb, 0xde, 0xbb, 0xde, 0xbb, 0xde, 0xbb, 0xd6, 0xbb, 0xde, 0xbb, 0xd6, 0xbb, 0xd6, 0xbb, 0xd6,
    0xbb, 0xd6, 0xbb, 0xd6, 0xbb, 0xd6, 0xbb, 0xd6, 0xbb, 0xd6, 0xbb, 0xd6, 0xbb, 0xd6, 0x9b, 0xd6,
    0x9b, 0xd6, 0x9b, 0xd6, 0xbb, 0xd6, 0xbb, 0xd6, 0xbb, 0xd6, 0xbb, 0xd6, 0xbb, 0xd6, 0xbb, 0xd6,
    0xbb, 0xd6, 0xfc, 0xde, 0x9e, 0xf7, 0x9d, 0xf7, 0xdf, 0xff, 0x39, 0xce, 0x73, 0x8c, 0x94, 0x94,
    0x73, 0x8c, 0x97, 0xb5, 0xbb, 0xd6, 0x9b, 0xd6, 0x9b, 0xd6, 0x5d, 0xef, 0xbe, 0xf7, 0xbe, 0xf7,
    0x9e, 0xf7, 0xeb, 0x5a, 0x45, 0x29, 0xa6, 0x31, 0x66, 0x29, 0x4f, 0x21, 0x71, 0x21, 0x71, 0x21,
    0x71, 0x21, 0x72, 0x21, 0x4f, 0x21, 0x65, 0x29, 0x65, 0x29, 0x25, 0x21, 0xaa, 0x52, 0x9e, 0xf7,
    0xdf, 0xff, 0xdf, 0xff, 0x7e, 0xf7, 0xbb, 0xde, 0xbb, 0xd6, 0xdc, 0xde, 0x97, 0xb5, 0x53, 0x8c,
    0x94, 0x94, 0x73, 0x8c, 0x39, 0xc6, 0xbf, 0xf7, 0x9e, 0xf7, 0x9e, 0xf7, 0xfc, 0xe6, 0xbb, 0xd6,
    0xbb, 0xde, 0xbb, 0xde, 0xbb, 0xde, 0xbb, 0xde, 0xbb, 0xde, 0xbb, 0xde, 0xbb, 0xde, 0xbb, 0xd6,
    0xbb, 0xd6, 0xbb, 0xd6, 0xbb, 0xde, 0xbb, 0xde, 0xbb, 0xde, 0xbb, 0xd6, 0xbb, 0xd6, 0xbb, 0xd6,
    0xbb, 0xd6, 0xbb, 0xd6, 0xbb, 0xd6, 0xbb, 0xd6, 0xbb, 0xd6, 0xbb, 0xd6, 0xbb, 0xd6, 0xbb, 0xd6,
    0xbb, 0xd6, 0xbb, 0xd6, 0xbb, 0xd6, 0xbb, 0xd6, 0xbb, 0xd6, 0xbb, 0xd6, 0xbb, 0xd6, 0xbb, 0xd6,
    0xbb, 0xde, 0xbb, 0xde, 0xbb, 0xde, 0xbb, 0xde, 0xbb, 0xd6, 0xbb, 0xd6, 0xbb, 0xd6, 0xbb, 0xd6,
    0xbb, 0xd6, 0xbb, 0xde, 0xbb, 0xde, 0xbb, 0xde, 0xbb, 0xd6, 0xbb, 0xd6, 0xbb, 0xd6, 0xbb, 0xde,
    0xbb, 0xd6, 0xbb, 0xde, 0xbb, 0xd6, 0xbb, 0xd6, 0xbb, 0xd6, 0xbb, 0xd6, 0xbb, 0xd6, 0xbb, 0xd6,
    0xbb, 0xd6, 0xbb, 0xde, 0xbb, 0xde, 0xbb, 0xd6, 0xbb, 0xde, 0xbb, 0xde, 0xbb, 0xde, 0xbb, 0xd6,
    0xbb, 0xde, 0xbb, 0xd6, 0xbb, 0xd6, 0xbb, 0xde, 0xbb, 0xd6, 0xbb, 0xd6, 0xbb, 0xd6, 0xbb, 0xd6,
    0xbb, 0xde, 0xbb, 0xd6, 0xbb, 0xd6, 0xbb, 0xde, 0xbb, 0xde, 0xbb, 0xde, 0xbb, 0xd6, 0xbb, 0xd6,
    0xbb, 0xd6, 0xbb, 0xd6, 0xbb, 0xde, 0xbb, 0xde, 0xbb, 0xde, 0xbb, 0xde, 0xbb, 0xde, 0xbb, 0xde,
    0xbb, 0xd6, 0xbb, 0xd6, 0xbb, 0xde, 0xbb, 0xd6, 0xbb, 0xd6, 0xbb, 0xde, 0xbb, 0xde, 0xbb, 0xde,
    0xbb, 0xde, 0xbb, 0xde, 0xbb, 0xde, 0xbb, 0xde, 0xbb, 0xde, 0xbb, 0xd6, 0xbb, 0xd6, 0xbb, 0xd6,
    0xbb, 0xde, 0xbb, 0xd6, 0xbb, 0xd6, 0xbb, 0xde, 0xbb, 0xde, 0xbb, 0xde, 0xbb, 0xde, 0xbb, 0xde,
    0xbb, 0xd6, 0xbb, 0xde, 0xbb, 0xde, 0xbb, 0xde, 0xbb, 0xde, 0xbb, 0xd6, 0xbb, 0xd6, 0x9b, 0xd6,
    0xbb, 0xd6, 0xbb, 0xd6, 0xbb, 0xde, 0xbb, 0xde, 0xbb, 0xde, 0xbb, 0xd6, 0xbb, 0xd6, 0x9b, 0xd6,
    0x9b, 0xd6, 0xbb, 0xde, 0xbb, 0xde, 0xbb, 0xde, 0xbb, 0xde, 0xbb, 0xde, 0xbb, 0xd6, 0xbb, 0xd6,
    0xbb, 0xd6, 0xbb, 0xd6, 0xbb, 0xde, 0xbb, 0xde, 0xbb, 0xde, 0xbb, 0xd6, 0xbb, 0xd6, 0xbb, 0xd6,
    0xbb, 0xd6, 0xbb, 0xd6, 0xbb, 0xd6, 0xbb, 0xd6, 0xbb, 0xd6, 0xbb, 0xd6, 0xbb, 0xde, 0xbb, 0xde,
    0xbb, 0xd6, 0xbb, 0xd6, 0xbb, 0xd6, 0xbb, 0xd6, 0xbb, 0xd6, 0xbb, 0xd6, 0xbb, 0xd6, 0xbb, 0xd6,
    0xbb, 0xd6, 0xbb, 0xd6, 0xbb, 0xd6, 0x9b, 0xd6, 0x9b, 0xd6, 0xbb, 0xd6, 0xbb, 0xd6, 0xbb, 0xd6,
    0xbb, 0xd6, 0xbb, 0xd6, 0xbb, 0xd6, 0xbb, 0xd6, 0xbb, 0xd6, 0xfc, 0xde, 0x9e, 0xf7, 0x9d, 0xf7,
    0xdf, 0xff, 0x3a, 0xce, 0x53, 0x8c, 0x94, 0x94, 0x73, 0x8c, 0x77, 0xad, 0xbb, 0xd6, 0x9b, 0xd6,
    0x9b, 0xd6, 0x5d, 0xef, 0xbe, 0xf7, 0xbe, 0xf7, 0x9e, 0xf7, 0xeb, 0x5a, 0x45, 0x29, 0xa6, 0x31,
    0x66, 0x29, 0x4f, 0x21, 0x71, 0x21, 0x71, 0x21, 0x71, 0x21, 0x72, 0x21, 0x4f, 0x21, 0x65, 0x29,
    0x65, 0x29, 0x25, 0x21, 0xaa, 0x52, 0x9e, 0xf7, 0xdf, 0xff, 0xdf, 0xff, 0x7e, 0xf7, 0xbb, 0xde,
    0xbb, 0xd6, 0xdc, 0xde, 0x97, 0xb5, 0x53, 0x8c, 0x94, 0x8c, 0x73, 0x8c, 0x39, 0xc6, 0xbf, 0xf7,
    0x9e, 0xf7, 0x9e, 0xf7, 0xfc, 0xe6, 0xbb, 0xde, 0xbb, 0xde, 0xbb, 0xde, 0xbb, 0xde, 0xbb, 0xde,
    0xbb, 0xde, 0xbb, 0xde, 0xbb, 0xde, 0xbb, 0xde, 0xbb, 0xde, 0xbb, 0xde, 0xbb, 0xde, 0xbb, 0xde,
    0xbb, 0xde, 0xbb, 0xd6, 0xbb, 0xd6, 0xbb, 0xd6, 0xbb, 0xd6, 0xbb, 0xd6, 0xbb, 0xde, 0xbb, 0xd6,
    0xbb, 0xd6, 0xbb, 0xd6, 0xbb, 0xd6, 0xbb, 0xd6, 0xbb, 0xd6, 0xbb, 0xd6, 0xbb, 0xd6, 0xbb, 0xd6,
    0xbb, 0xd6, 0xbb, 0xd6, 0xbb, 0xd6, 0xbb, 0xd6, 0xbb, 0xde, 0xbb, 0xde, 0xbb, 0xde, 0xbb, 0xde,
    0xbb, 0xd6, 0xbb, 0xd6, 0xbb, 0xde, 0xbb, 0xde, 0xbb, 0xd6, 0xbb, 0xde, 0xbb, 0xde, 0xbb, 0xde,
    0xbb, 0xd6, 0xbb, 0xd6, 0xbb, 0xd6, 0xbb, 0xde, 0xbb, 0xd6, 0xbb, 0xd6, 0xbb, 0xd6, 0xbb, 0xd6,
    0xbb, 0xd6, 0xbb, 0xd6, 0xbb, 0xd6, 0xbb, 0xd6, 0xbb, 0xd6, 0xbb, 0xde, 0xbb, 0xde, 0xbb, 0xd6,
    0xbb, 0xde, 0xbb, 0xde, 0xbb, 0xde, 0xbb, 0xd6, 0xbb, 0xde, 0xbb, 0xd6, 0xbb, 0xd6, 0xbb, 0xde,
    0xbb, 0xde, 0xbb, 0xd6, 0xbb, 0xd6, 0xbb, 0xd6, 0xbb, 0xde, 0xbb, 0xd6, 0xbb, 0xd6, 0xbb, 0xd6,
    0xbb, 0xd6, 0xbb, 0xd6, 0xbb, 0xd6, 0xbb, 0xd6, 0xbb, 0xd6, 0xbb, 0xd6, 0xbb, 0xde, 0xbb, 0xde,
    0xbb, 0xde, 0xbb, 0xde, 0xbb, 0xde, 0xbb, 0xde, 0xbb, 0xde, 0xbb, 0xd6, 0xbb, 0xde, 0xbb, 0xd6,
    0xbb, 0xd6, 0xbb, 0xde, 0xbb, 0xde, 0xbb, 0xde, 0xbb, 0xde, 0xbb, 0xde, 0xbb, 0xde, 0xbb, 0xde,
    0xbb, 0xd6, 0xbb, 0xd6, 0xbb, 0xd6, 0xbb, 0xd6, 0xbb, 0xd6, 0xbb, 0xd6, 0xbb, 0xd6, 0xbb, 0xde,
    0xbb, 0xde, 0xbb, 0xde, 0xbb, 0xde, 0xbb, 0xde, 0xbb, 0xd6, 0xbb, 0xde, 0xbb, 0xde, 0xbb, 0xde,
    0xbb, 0xde, 0xbb, 0xd6, 0xbb, 0xd6, 0x9b, 0xd6, 0xbb, 0xd6, 0xbb, 0xd6, 0xbb, 0xd6, 0xbb, 0xd6,
    0xbb, 0xd6, 0xbb, 0xd6, 0xbb, 0xd6, 0xbb, 0xd6, 0xbb, 0xd6, 0xbb, 0xd6, 0xbb, 0xd6, 0xbb, 0xde,
    0xbb, 0xde, 0xbb, 0xde, 0xbb, 0xd6, 0xbb, 0xd6, 0xbb, 0xd6, 0xbb, 0xd6, 0xbb, 0xde, 0xbb, 0xde,
    0xbb, 0xde, 0xbb, 0xd6, 0xbb, 0xd6, 0xbb, 0xd6, 0xbb, 0xd6, 0xbb, 0xd6, 0xbb, 0xd6, 0xbb, 0xd6,
    0xbb, 0xd6, 0xbb, 0xd6, 0xbb, 0xde, 0xbb, 0xde, 0xbb, 0xd6, 0xbb, 0xd6, 0xbb, 0xd6, 0xbb, 0xd6,
    0xbb, 0xd6, 0xbb, 0xd6, 0xbb, 0xd6, 0xbb, 0xd6, 0xbb, 0xd6, 0xbb, 0xd6, 0xbb, 0xd6, 0xbb, 0xd6,
    0xbb, 0xd6, 0xbb, 0xd6, 0xbb, 0xd6, 0xbb, 0xd6, 0xbb, 0xd6, 0xbb, 0xd6, 0xbb, 0xd6, 0xbb, 0xd6,
    0xbb, 0xd6, 0xfc, 0xde, 0x9e, 0xf7, 0x9d, 0xf7, 0xbf, 0xff, 0x39, 0xce, 0x53, 0x8c, 0x94, 0x94,
    0x73, 0x8c, 0x77, 0xad, 0xbb, 0xd6, 0x9b, 0xd6, 0x9b, 0xd6, 0x5d, 0xef, 0xbe, 0xf7, 0xbe, 0xf7,
    0x9e, 0xf7, 0xeb, 0x5a, 0x45, 0x29, 0xa6, 0x31, 0x66, 0x29, 0x4f, 0x21, 0x71, 0x21, 0x71, 0x21,
    0x71, 0x21, 0x72, 0x21, 0x4f, 0x21, 0x65, 0x29, 0x65, 0x29, 0x24, 0x21, 0xaa, 0x52, 0xbe, 0xf7,
    0xdf, 0xff, 0xdf, 0xff, 0x7e, 0xf7, 0xbb, 0xde, 0xbb, 0xd6, 0xdc, 0xde, 0x97, 0xb5, 0x53, 0x8c,
    0x94, 0x94, 0x73, 0x8c, 0x39, 0xc6, 0xdf, 0xff, 0x9e, 0xf7, 0x9e, 0xf7, 0xfc, 0xe6, 0xbb, 0xd6,
    0xbb, 0xde, 0xbb, 0xde, 0xbb, 0xde, 0xbb, 0xde, 0xbb, 0xde, 0xbb, 0xde, 0xbb, 0xde, 0xbb, 0xde,
    0xbb, 0xde, 0xbb, 0xde, 0xbb, 0xde, 0xbb, 0xde, 0xbb, 0xd6, 0xbb, 0xd6, 0xbb, 0xd6, 0xbb, 0xde,
    0xbb, 0xde, 0xbb, 0xde, 0xbb, 0xde, 0xbb, 0xde, 0xbb, 0xd6, 0xbb, 0xd6, 0xbb, 0xd6, 0xbb, 0xd6,
    0xbb, 0xd6, 0xbb, 0xde, 0xbb, 0xd6, 0xbb, 0xd6, 0xbb, 0xd6, 0xbb, 0xd6, 0xbb, 0xd6, 0xbb, 0xd6,
    0xbb, 0xde, 0xbb, 0xde, 0xbb, 0xde, 0xbb, 0xde, 0xbb, 0xde, 0xbb, 0xde, 0xbb, 0xde, 0xbb, 0xd6,
    0xbb, 0xd6, 0xbb, 0xde, 0xbb, 0xde, 0xbb, 0xde, 0xbb, 0xde, 0xbb, 0xd6, 0xbb, 0xd6, 0xbb, 0xd6,
    0xbb, 0xd6, 0xbb, 0xd6, 0xbb, 0xd6, 0xbb, 0xd6, 0xbb, 0xd6, 0xbb, 0xd6, 0xbb, 0xd6, 0xbb, 0xd6,
    0xbb, 0xd6, 0xbb, 0xd6, 0xbb, 0xde, 0xbb, 0xde, 0xbb, 0xde, 0xbb, 0xde, 0xbb, 0xde, 0xbb, 0xde,
    0xbb, 0xde, 0xbb, 0xd6, 0xbb, 0xd6, 0xbb, 0xd6, 0xbb, 0xd6, 0xbb, 0xd6, 0xbb, 0xd6, 0xbb, 0xde,
    0xbb, 0xd6, 0xbb, 0xd6, 0xbb, 0xd6, 0xbb, 0xd6, 0xbb, 0xd6, 0xbb, 0xd6, 0xbb, 0xd6, 0xbb, 0xd6,
    0xbb, 0xd6, 0xbb, 0xd6, 0xbb, 0xd6, 0xbb, 0xde, 0xbb, 0xde, 0xbb, 0xde, 0xbb, 0xde, 0xbb, 0xd6,
    0xbb, 0xd6, 0xbb, 0xd6, 0xbb, 0xd6, 0xbb, 0xde, 0xbb, 0xd6, 0xbb, 0xd6, 0xbb, 0xde, 0xbb, 0xde,
    0xbb, 0xde, 0xbb, 0xde, 0xbb, 0xde, 0xbb, 0xd6, 0xbb, 0xd6, 0xbb, 0xd6, 0xbb, 0xd6, 0xbb, 0xd6,
    0xbb, 0xd6, 0xbb, 0xd6, 0xbb, 0xd6, 0xbb, 0xde, 0xbb, 0xde, 0xbb, 0xde, 0xbb, 0xde, 0xbb, 0xde,
    0xbb, 0xde, 0xbb, 0xde, 0xbb, 0xde, 0xbb, 0xde, 0xbb, 0xde, 0xbb, 0xd6, 0xbb, 0xd6, 0xbb, 0xd6,
    0xbb, 0xd6, 0xbb, 0xd6, 0xbb, 0xd6, 0xbb, 0xd6, 0xbb, 0xd6, 0xbb, 0xd6, 0xbb, 0xd6, 0xbb, 0xd6,
    0xbb, 0xd6, 0xbb, 0xd6, 0xbb, 0xd6, 0xbb, 0xde, 0xbb, 0xde, 0xbb, 0xde, 0xbb, 0xde, 0xbb, 0xde,
    0xbb, 0xde, 0xbb, 0xd6, 0xbb, 0xd6, 0xbb, 0xde, 0xbb, 0xde, 0xbb, 0xde, 0xbb, 0xd6, 0x9b, 0xd6,
    0xbb, 0xd6, 0xbb, 0xd6, 0xbb, 0xd6, 0xbb, 0xd6, 0xbb, 0xd6, 0xbb, 0xd6, 0xbb, 0xde, 0xbb, 0xd6,
    0xbb, 0xd6, 0xbb, 0xd6, 0xbb, 0xd6, 0xbb, 0xd6, 0xbb, 0xd6, 0xbb, 0xd6, 0xbb, 0xd6, 0xbb, 0xd6,
    0xbb, 0xd6, 0xbb, 0xde, 0xbb, 0xde, 0xbb, 0xd6, 0xbb, 0xd6, 0x9b, 0xd6, 0xbb, 0xd6, 0xbb, 0xd6,
    0xbb, 0xd6, 0xbb, 0xd6, 0xbb, 0xd6, 0xbb, 0xde, 0xbb, 0xd6, 0xfc, 0xde, 0x9e, 0xf7, 0x9d, 0xf7,
    0xbf, 0xff, 0x39, 0xc6, 0x53, 0x8c, 0x94, 0x94, 0x73, 0x8c, 0x77, 0xb5, 0xbb, 0xd6, 0x9b, 0xd6,
    0x9b, 0xd6, 0x5d, 0xef, 0xbe, 0xf7, 0xbe, 0xf7, 0x9e, 0xf7, 0xeb, 0x5a, 0x45, 0x29, 0xa6, 0x31,
    0x66, 0x29, 0x4f, 0x21, 0x71, 0x21, 0x71, 0x21, 0x71, 0x21, 0x72, 0x21, 0x4e, 0x21, 0x65, 0x29,
    0x65, 0x29, 0x25, 0x21, 0xaa, 0x52, 0xbe, 0xf7, 0xdf, 0xff, 0xdf, 0xff, 0x7e, 0xf7, 0xbb, 0xde,
    0xbb, 0xd6, 0xdc, 0xde, 0x97, 0xb5, 0x53, 0x8c, 0x94, 0x94, 0x73, 0x8c, 0x39, 0xc6, 0xdf, 0xff,
    0x9e, 0xf7, 0x9e, 0xf7, 0xfc, 0xe6, 0xbb, 0xd6, 0xbb, 0xde, 0xbb, 0xde, 0xbb, 0xde, 0xbb, 0xde,
    0xbb, 0xde, 0xbb, 0xde, 0xbb, 0xde, 0xbb, 0xde, 0xbb, 0xde, 0xbb, 0xde, 0xbb, 0xde, 0xbb, 0xd6,
    0xbb, 0xd6, 0xbb, 0xd6, 0xbb, 0xd6, 0xbb, 0xd6, 0xbb, 0xd6, 0xbb, 0xd6, 0xbb, 0xde, 0xbb, 0xde,
    0xbb, 0xd6, 0xbb, 0xd6, 0xbb, 0xd6, 0xbb, 0xd6, 0xbb, 0xde, 0xbb, 0xde, 0xbb, 0xd6, 0xbb, 0xd6,
    0xbb, 0xd6, 0xbb, 0xd6, 0xbb, 0xd6, 0xbb, 0xd6, 0xbb, 0xde, 0xbb, 0xde, 0xbb, 0xde, 0xbb, 0xde,
    0xbb, 0xde, 0xbb, 0xde, 0xbb, 0xd6, 0xbb, 0xd6, 0xbb, 0xde, 0xbb, 0xde, 0xbb, 0xde, 0xbb, 0xde,
    0xbb, 0xde, 0xbb, 0xd6, 0x9b, 0xd6, 0x9b, 0xd6, 0xbb, 0xd6, 0xbb, 0xd6, 0xbb, 0xd6, 0xbb, 0xd6,
    0xbb, 0xd6, 0xbb, 0xd6, 0xbb, 0xd6, 0xbb, 0xd6, 0xbb, 0xd6, 0xbb, 0xd6, 0xbb, 0xde, 0xbb, 0xde,
    0xbb, 0xde, 0xbb, 0xde, 0xbb, 0xde, 0xbb, 0xd6, 0xbb, 0xd6, 0xbb, 0xd6, 0xbb, 0xd6, 0xbb, 0xd6,
    0xbb, 0xd6, 0xbb, 0xd6, 0xbb, 0xd6, 0xbb, 0xde, 0xbb, 0xd6, 0xbb, 0xd6, 0xbb, 0xd6, 0xbb, 0xd6,
    0xbb, 0xd6, 0xbb, 0xd6, 0xbb, 0xd6, 0xbb, 0xd6, 0xbb, 0xd6, 0xbb, 0xd6, 0xbb, 0xde, 0xbb, 0xde,
    0xbb, 0xde, 0xbb, 0xde, 0xbb, 0xde, 0xbb, 0xde, 0xbb, 0xd6, 0xbb, 0xde, 0xbb, 0xde, 0xbb, 0xde,
    0xbb, 0xd6, 0xbb, 0xde, 0xbb, 0xde, 0xbb, 0xde, 0xbb, 0xde, 0xbb, 0xd6, 0xbb, 0xd6, 0xbb, 0xd6,
    0xbb, 0xde, 0xbb, 0xd6, 0xbb, 0xd6, 0xbb, 0xd6, 0xbb, 0xd6, 0xbb, 0xd6, 0xbb, 0xd6, 0xbb, 0xd6,
    0xbb, 0xde, 0xbb, 0xde, 0xbb, 0xde, 0xbb, 0xde, 0xbb, 0xde, 0xbb, 0xde, 0xbb, 0xde, 0xbb, 0xde,
    0xbb, 0xd6, 0xbb, 0xd6, 0xbb, 0xd6, 0xbb, 0xd6, 0xbb, 0xd6, 0xbb, 0xd6, 0xbb, 0xd6, 0xbb, 0xd6,
    0xbb, 0xd6, 0xbb, 0xd6, 0xbb, 0xd6, 0xbb, 0xd6, 0xbb, 0xd6, 0xbb, 0xd6, 0xbb, 0xd6, 0x9b, 0xd6,
    0x9b, 0xd6, 0x9b, 0xd6, 0xbb, 0xd6, 0xbb, 0xd6, 0xbb, 0xd6, 0xbb, 0xde, 0xbb, 0xd6, 0xbb, 0xde,
    0xbb, 0xde, 0xbb, 0xde, 0xbb, 0xd6, 0x9b, 0xd6, 0xbb, 0xd6, 0xbb, 0xd6, 0xbb, 0xd6, 0xbb, 0xd6,
    0xbb, 0xd6, 0xbb, 0xd6, 0xbb, 0xd6, 0xbb, 0xd6, 0xbb, 0xd6, 0xbb, 0xd6, 0xbb, 0xd6, 0xbb, 0xd6,
    0xbb, 0xd6, 0xbb, 0xd6, 0xbb, 0xd6, 0xbb, 0xd6, 0xbb, 0xd6, 0xbb, 0xde, 0xbb, 0xde, 0xbb, 0xd6,
    0xbb, 0xde, 0xbb, 0xd6, 0xbb, 0xd6, 0xbb, 0xd6, 0xbb, 0xd6, 0xbb, 0xd6, 0xbb, 0xd6, 0xbb, 0xd6,
    0xbb, 0xd6, 0xfc, 0xde, 0x9e, 0xf7, 0x9d, 0xf7, 0xbf, 0xff, 0x39, 0xc6, 0x52, 0x8c, 0x94, 0x94,
    0x73, 0x8c, 0x77, 0xb5, 0xbb, 0xde, 0x9b, 0xd6, 0x9b, 0xd6, 0x5d, 0xef, 0xbe, 0xf7, 0xbe, 0xf7,
    0x9e, 0xf7, 0xeb, 0x5a, 0x45, 0x29, 0x86, 0x31, 0x66, 0x29, 0x4f, 0x21, 0x71, 0x21, 0x71, 0x21,
    0x71, 0x21, 0x72, 0x21, 0x4e, 0x21, 0x45, 0x29, 0x65, 0x29, 0x24, 0x21, 0xaa, 0x52, 0xbe, 0xf7,
    0xdf, 0xff, 0xdf, 0xff, 0x7e, 0xf7, 0xbb, 0xde, 0xbb, 0xd6, 0xdc, 0xde, 0x97, 0xb5, 0x53, 0x8c,
    0x94, 0x94, 0x73, 0x8c, 0x39, 0xc6, 0xdf, 0xff, 0x9e, 0xf7, 0x9e, 0xf7, 0xfc, 0xe6, 0xbb, 0xd6,
    0xbb, 0xde, 0xbb, 0xde, 0xbb, 0xde, 0xbb, 0xde, 0xbb, 0xde, 0xbb, 0xde, 0xbb, 0xde, 0xbb, 0xde,
    0xbb, 0xde, 0xbb, 0xde, 0xbb, 0xde, 0xbb, 0xd6, 0xbb, 0xd6, 0xbb, 0xd6, 0xbb, 0xd6, 0xbb, 0xd6,
    0xbb, 0xd6, 0xbb, 0xd6, 0xbb, 0xde, 0xbb, 0xde, 0xbb, 0xd6, 0xbb, 0xd6, 0xbb, 0xd6, 0xbb, 0xd6,
    0xbb, 0xde, 0xbb, 0xde, 0xbb, 0xd6, 0xbb, 0xd6, 0xbb, 0xd6, 0xbb, 0xd6, 0xbb, 0xd6, 0xbb, 0xde,
    0xbb, 0xde, 0xbb, 0xde, 0xbb, 0xde, 0xbb, 0xde, 0xbb, 0xde, 0xbb, 0xd6, 0xbb, 0xd6, 0xbb, 0xd6,
    0xbb, 0xde, 0xbb, 0xde, 0xbb, 0xde, 0xbb, 0xd6, 0xbb, 0xde, 0xbb, 0xd6, 0x9b, 0xd6, 0xbb, 0xd6,
    0xbb, 0xd6, 0xbb, 0xde, 0xbb, 0xd6, 0xbb, 0xd6, 0xbb, 0xd6, 0xbb, 0xde, 0xbb, 0xde, 0xbb, 0xde,
    0xbb, 0xd6, 0xbb, 0xd6, 0xbb, 0xde, 0xbb, 0xde, 0xbb, 0xde, 0xbb, 0xde, 0xbb, 0xd6, 0xbb, 0xd6,
    0xbb, 0xd6, 0x9b, 0xd6, 0x9b, 0xd6, 0x9b, 0xd6, 0xbb, 0xd6, 0xbb, 0xd6, 0xbb, 0xd6, 0xbb, 0xde,
    0xbb, 0xd6, 0xbb, 0xd6, 0xbb, 0xd6, 0xbb, 0xd6, 0xbb, 0xd6, 0xbb, 0xd6, 0xbb, 0xde, 0xbb, 0xde,
    0xbb, 0xd6, 0xbb, 0xd6, 0xbb, 0xde, 0xbb, 0xde, 0xbb, 0xd6, 0xbb, 0xd6, 0xbb, 0xde, 0xbb, 0xde,
    0xbb, 0xde, 0xbb, 0xde, 0xbb, 0xde, 0xbb, 0xde, 0xbb, 0xde, 0xbb, 0xde, 0xbb, 0xde, 0xbb, 0xde,
    0xbb, 0xde, 0xbb, 0xde, 0xbb, 0xde, 0xbb, 0xd6, 0xbb, 0xde, 0xbb, 0xde, 0xbb, 0xd6, 0xbb, 0xd6,
    0xbb, 0xd6, 0xbb, 0xd6, 0xbb, 0xd6, 0xbb, 0xd6, 0xbb, 0xde, 0xbb, 0xde, 0xbb, 0xd6, 0xbb, 0xd6,
    0xbb, 0xd6, 0xbb, 0xd6, 0xbb, 0xd6, 0xbb, 0xd6, 0xbb, 0xd6, 0xbb, 0xd6, 0xbb, 0xd6, 0xbb, 0xde,
    0xbb, 0xde, 0xbb, 0xd6, 0xbb, 0xd6, 0x9b, 0xd6, 0xbb, 0xd6, 0xbb, 0xd6, 0xbb, 0xd6, 0xbb, 0xd6,
    0x9b, 0xd6, 0x9b, 0xd6, 0x9b, 0xd6, 0xbb, 0xd6, 0x9b, 0xd6, 0x9b, 0xd6, 0x9b, 0xd6, 0xbb, 0xd6,
    0xbb, 0xd6, 0xbb, 0xde, 0xbb, 0xd6, 0xbb, 0xde, 0xbb, 0xde, 0xbb, 0xde, 0xbb, 0xd6, 0x9b, 0xd6,
    0xbb, 0xd6, 0xbb, 0xd6, 0xbb, 0xd6, 0x9b, 0xd6, 0x9b, 0xd6, 0xbb, 0xd6, 0xbb, 0xde, 0xbb, 0xd6,
    0xbb, 0xd6, 0xbb, 0xd6, 0xbb, 0xd6, 0xbb, 0xde, 0xbb, 0xde, 0xbb, 0xde, 0xbb, 0xde, 0xbb, 0xd6,
    0xbb, 0xd6, 0xbb, 0xd6, 0xbb, 0xd6, 0xbb, 0xd6, 0xbb, 0xde, 0xbb, 0xd6, 0xbb, 0xd6, 0xbb, 0xd6,
    0xbb, 0xd6, 0xbb, 0xd6, 0xbb, 0xd6, 0xbb, 0xd6, 0xbb, 0xd6, 0xfc, 0xde, 0x9e, 0xf7, 0x9d, 0xf7,
    0xbf, 0xff, 0x39, 0xc6, 0x53, 0x8c, 0x94, 0x94, 0x73, 0x8c, 0x97, 0xb5, 0xbb, 0xde, 0x9b, 0xd6,
    0x9b, 0xd6, 0x5d, 0xef, 0xbe, 0xf7, 0xbe, 0xf7, 0x9e, 0xf7, 0xeb, 0x5a, 0x45, 0x29, 0x86, 0x31,
    0x66, 0x29, 0x4f, 0x21, 0x71, 0x21, 0x71, 0x21, 0x71, 0x21, 0x72, 0x21, 0x4e, 0x21, 0x45, 0x29,
    0x65, 0x29, 0x24, 0x21, 0xaa, 0x52, 0xbe, 0xf7, 0xdf, 0xff, 0xdf, 0xff, 0x7e, 0xf7, 0xbb, 0xde,
    0xbb, 0xd6, 0xdc, 0xde, 0x97, 0xb5, 0x53, 0x8c, 0x94, 0x94, 0x73, 0x8c, 0x39, 0xc6, 0xbf, 0xf7,
    0x9e, 0xf7, 0x9e, 0xf7, 0xfc, 0xe6, 0xbb, 0xd6, 0xbb, 0xde, 0xbb, 0xde, 0xbb, 0xde, 0xbb, 0xde,
    0xbb, 0xde, 0xbb, 0xde, 0xbb, 0xde, 0xbb, 0xde, 0xbb, 0xde, 0xbb, 0xde, 0xbb, 0xd6, 0xbb, 0xd6,
    0xbb, 0xd6, 0xbb, 0xd6, 0xbb, 0xd6, 0xbb, 0xde, 0xbb, 0xde, 0xbb, 0xd6, 0xbb, 0xde, 0xbb, 0xde,
    0xbb, 0xde, 0xbb, 0xde, 0xbb, 0xd6, 0xbb, 0xd6, 0xbb, 0xde, 0xbb, 0xde, 0xbb, 0xde, 0xbb, 0xd6,
    0xbb, 0xd6, 0xbb, 0xd6, 0xbb, 0xde, 0xbb, 0xde, 0xbb, 0xde, 0xbb, 0xde, 0xbb, 0xde, 0xbb, 0xde,
    0xbb, 0xde, 0xbb, 0xde, 0xbb, 0xd6, 0xbb, 0xd6, 0xbb, 0xd6, 0xbb, 0xde, 0xbb, 0xde, 0xbb, 0xd6,
    0xbb, 0xd6, 0xbb, 0xd6, 0xbb, 0xd6, 0xbb, 0xd6, 0xbb, 0xd6, 0xbb, 0xde, 0xbb, 0xde, 0xbb, 0xde,
    0xbb, 0xde, 0xbb, 0xd6, 0xbb, 0xde, 0xbb, 0xde, 0xbb, 0xde, 0xbb, 0xde, 0xbb, 0xde, 0xbb, 0xde,
    0xbb, 0xde, 0xbb, 0xd6, 0xbb, 0xd6, 0xbb, 0xd6, 0xbb, 0xd6, 0xbb, 0xd6, 0xbb, 0xd6, 0xbb, 0xd6,
    0xbb, 0xd6, 0xbb, 0xd6, 0xbb, 0xd6, 0xbb, 0xd6, 0xbb, 0xd6, 0xbb, 0xd6, 0xbb, 0xd6, 0xbb, 0xde,
    0xbb, 0xde, 0xbb, 0xd6, 0xbb, 0xd6, 0xbb, 0xd6, 0xbb, 0xd6, 0xbb, 0xd6, 0xbb, 0xd6, 0xbb, 0xde,
    0xbb, 0xde, 0xbb, 0xde, 0xbb, 0xde, 0xbb, 0xde, 0xbb, 0xde, 0xbb, 0xde, 0xbb, 0xde, 0xbb, 0xde,
    0xbb, 0xd6, 0xbb, 0xd6, 0xbb, 0xde, 0xbb, 0xde, 0xbb, 0xd6, 0xbb, 0xd6, 0xbb, 0xd6, 0xbb, 0xd6,
    0xbb, 0xde, 0xbb, 0xd6, 0xbb, 0xd6, 0xbb, 0xd6, 0xbb, 0xd6, 0xbb, 0xd6, 0xbb, 0xd6, 0xbb, 0xd6,
    0xbb, 0xde, 0xbb, 0xde, 0xbb, 0xde, 0xbb, 0xd6, 0xbb, 0xd6, 0xbb, 0xd6, 0xbb, 0xd6, 0xbb, 0xd6,
    0xbb, 0xd6, 0xbb, 0xd6, 0xbb, 0xd6, 0xbb, 0xd6, 0xbb, 0xde, 0xbb, 0xd6, 0xbb, 0xd6, 0xbb, 0xd6,
    0xbb, 0xd6, 0xbb, 0xd6, 0x9b, 0xd6, 0x9b, 0xd6, 0x9b, 0xd6, 0x9b, 0xd6, 0x9b, 0xd6, 0x9b, 0xd6,
    0xbb, 0xd6, 0xbb, 0xd6, 0xbb, 0xd6, 0xbb, 0xd6, 0xbb, 0xd6, 0xbb, 0xd6, 0xbb, 0xde, 0xbb, 0xde,
    0xbb, 0xde, 0xbb, 0xd6, 0xbb, 0xd6, 0xbb, 0xd6, 0xbb, 0xd6, 0xbb, 0xd6, 0x9b, 0xd6, 0x9b, 0xd6,
    0xbb, 0xd6, 0xbb, 0xd6, 0xbb, 0xd6, 0x9b, 0xd6, 0xbb, 0xd6, 0xbb, 0xde, 0xbb, 0xde, 0xbb, 0xde,
    0xbb, 0xd6, 0xbb, 0xde, 0xbb, 0xde, 0xbb, 0xde, 0xbb, 0xd6, 0xbb, 0xd6, 0xbb, 0xd6, 0xbb, 0xde,
    0xbb, 0xd6, 0xbb, 0xd6, 0xbb, 0xd6, 0xbb, 0xd6, 0xbb, 0xd6, 0xbb, 0xd6, 0xbb, 0xd6, 0xbb, 0xd6,
    0xbb, 0xd6, 0xfc, 0xde, 0x9e, 0xf7, 0x9d, 0xf7, 0xdf, 0xff, 0x39, 0xc6, 0x53, 0x8c, 0x94, 0x94,
    0x73, 0x8c, 0x97, 0xb5, 0xbb, 0xd6, 0xbb, 0xd6, 0xbb, 0xd6, 0x5d, 0xef, 0xbe, 0xf7, 0xbe, 0xf7,
    0x9e, 0xf7, 0xcb, 0x5a, 0x45, 0x29, 0x86, 0x31, 0x66, 0x29, 0x4f, 0x21, 0x71, 0x21, 0x71, 0x21,
    0x71, 0x21, 0x72, 0x21, 0x4e, 0x21, 0x45, 0x29, 0x65, 0x29, 0x24, 0x21, 0xaa, 0x52, 0xbe, 0xf7,
    0xdf, 0xff, 0xdf, 0xff, 0x7e, 0xf7, 0xbb, 0xde, 0xbb, 0xd6, 0xdc, 0xde, 0x97, 0xb5, 0x53, 0x8c,
    0x94, 0x94, 0x73, 0x8c, 0x39, 0xc6, 0xbf, 0xf7, 0x9e, 0xf7, 0x9e, 0xf7, 0xfc, 0xe6, 0xbb, 0xd6,
    0xbb, 0xde, 0xbb, 0xde, 0xbb, 0xde, 0xbb, 0xde, 0xbb, 0xde, 0xbb, 0xde, 0xbb, 0xde, 0xbb, 0xde,
    0xbb, 0xde, 0xbb, 0xde, 0xbb, 0xd6, 0xbb, 0xd6, 0xbb, 0xd6, 0xbb, 0xd6, 0xbb, 0xd6, 0xbb, 0xde,
    0xbb, 0xde, 0xbb, 0xd6, 0xbb, 0xde, 0xbb, 0xde, 0xbb, 0xde, 0xbb, 0xde, 0xbb, 0xd6, 0xbb, 0xde,
    0xbb, 0xde, 0xbb, 0xde, 0xbb, 0xde, 0xbb, 0xd6, 0xbb, 0xd6, 0xbb, 0xd6, 0xbb, 0xd6, 0xbb, 0xde,
    0xbb, 0xd6, 0xbb, 0xd6, 0xbb, 0xde, 0xbb, 0xde, 0xbb, 0xde, 0xbb, 0xde, 0xbb, 0xd6, 0xbb, 0xd6,
    0xbb, 0xd6, 0xbb, 0xde, 0xbb, 0xde, 0xbb, 0xd6, 0xbb, 0xd6, 0xbb, 0xd6, 0xbb, 0xd6, 0xbb, 0xd6,
    0xbb, 0xd6, 0xbb, 0xd6, 0xbb, 0xde, 0xbb, 0xde, 0xbb, 0xde, 0xbb, 0xd6, 0xbb, 0xd6, 0xbb, 0xde,
    0xbb, 0xde, 0xbb, 0xde, 0xbb, 0xde, 0xbb, 0xde, 0xbb, 0xde, 0xbb, 0xde, 0xbb, 0xd6, 0xbb, 0xd6,
    0xbb, 0xd6, 0x9b, 0xd6, 0x9b, 0xd6, 0xbb, 0xd6, 0xbb, 0xd6, 0xbb, 0xd6, 0xbb, 0xd6, 0xbb, 0xd6,
    0xbb, 0xd6, 0xbb, 0xd6, 0xbb, 0xde, 0xbb, 0xde, 0xbb, 0xde, 0xbb, 0xd6, 0xbb, 0xd6, 0xbb, 0xd6,
    0xbb, 0xd6, 0xbb, 0xd6, 0xbb, 0xde, 0xbb, 0xde, 0xbb, 0xde, 0xbb, 0xde, 0xbb, 0xde, 0xbb, 0xde,
    0xbb, 0xde, 0xbb, 0xde, 0xbb, 0xde, 0xbb, 0xde, 0xbb, 0xd6, 0xbb, 0xd6, 0xbb, 0xde, 0xbb, 0xde,
    0xbb, 0xd6, 0xbb, 0xd6, 0xbb, 0xd6, 0xbb, 0xd6, 0xbb, 0xde, 0xbb, 0xd6, 0xbb, 0xd6, 0xbb, 0xd6,
    0xbb, 0xd6, 0xbb, 0xd6, 0xbb, 0xd6, 0xbb, 0xd6, 0xbb, 0xde, 0xbb, 0xde, 0xbb, 0xde, 0xbb, 0xd6,
    0xbb, 0xd6, 0xbb, 0xd6, 0xbb, 0xd6, 0xbb, 0xd6, 0xbb, 0xd6, 0xbb, 0xd6, 0xbb, 0xd6, 0xbb, 0xd6,
    0xbb, 0xde, 0xbb, 0xd6, 0xbb, 0xd6, 0xbb, 0xd6, 0xbb, 0xd6, 0xbb, 0xd6, 0x9b, 0xd6, 0x9b, 0xd6,
    0x9b, 0xd6, 0x9b, 0xd6, 0x9b, 0xd6, 0x9b, 0xd6, 0xbb, 0xd6, 0xbb, 0xd6, 0xbb, 0xd6, 0xbb, 0xd6,
    0xbb, 0xd6, 0xbb, 0xd6, 0xbb, 0xde, 0xbb, 0xde, 0xbb, 0xde, 0xbb, 0xd6, 0xbb, 0xd6, 0xbb, 0xd6,
    0xbb, 0xd6, 0xbb, 0xd6, 0x9b, 0xd6, 0x9b, 0xd6, 0xbb, 0xd6, 0xbb, 0xd6, 0xbb, 0xd6, 0xbb, 0xd6,
    0xbb, 0xd6, 0xbb, 0xde, 0xbb, 0xde, 0xbb, 0xde, 0xbb, 0xd6, 0xbb, 0xde, 0xbb, 0xde, 0xbb, 0xde,
    0xbb, 0xd6, 0xbb, 0xd6, 0xbb, 0xd6, 0xbb, 0xde, 0xbb, 0xd6, 0xbb, 0xd6, 0xbb, 0xd6, 0xbb, 0xd6,
    0xbb, 0xd6, 0xbb, 0xd6, 0xbb, 0xd6, 0xbb, 0xd6, 0xbb, 0xd6, 0xfc, 0xde, 0x9e, 0xf7, 0x9d, 0xf7,
    0xdf, 0xff, 0x39, 0xc6, 0x53, 0x8c, 0x94, 0x94, 0x73, 0x8c, 0x97, 0xb5, 0xbb, 0xd6, 0xbb, 0xd6,
    0x9b, 0xd6, 0x5d, 0xef, 0xbe, 0xf7, 0xbe, 0xf7, 0x9e, 0xf7, 0xeb, 0x5a, 0x45, 0x29, 0x86, 0x31,
    0x66, 0x29, 0x4f, 0x21, 0x71, 0x21, 0x71, 0x21, 0x71, 0x21, 0x72, 0x21, 0x4f, 0x21, 0x45, 0x29,
    0x65, 0x29, 0x24, 0x21, 0xaa, 0x52, 0xbe, 0xf7, 0xdf, 0xff, 0xdf, 0xff, 0x7e, 0xf7, 0xbb, 0xde,
    0xbb, 0xd6, 0xdc, 0xde, 0x97, 0xb5, 0x53, 0x8c, 0x94, 0x94, 0x73, 0x8c, 0x39, 0xc6, 0xbf, 0xf7,
    0x9e, 0xf7, 0x9e, 0xf7, 0xfc, 0xe6, 0xbb, 0xd6, 0xbb, 0xde, 0xbb, 0xde, 0xbb, 0xde, 0xbb, 0xde,
    0xbb, 0xde, 0xbb, 0xde, 0xbb, 0xde, 0xbb, 0xde, 0xbb, 0xde, 0xbb, 0xde, 0xbb, 0xd6, 0xbb, 0xd6,
    0xbb, 0xd6, 0xbb, 0xde, 0xbb, 0xde, 0xbb, 0xde, 0xbb, 0xde, 0xbb, 0xde, 0xbb, 0xde, 0xbb, 0xde,
    0xbb, 0xde, 0xbb, 0xde, 0xbb, 0xde, 0xbb, 0xde, 0xbb, 0xde, 0xbb, 0xde, 0xbb, 0xde, 0xbb, 0xd6,
    0xbb, 0xde, 0xbb, 0xd6, 0xbb, 0xd6, 0xbb, 0xd6, 0xbb, 0xde, 0xbb, 0xd6, 0xbb, 0xd6, 0xbb, 0xd6,
    0xbb, 0xde, 0xbb, 0xde, 0xbb, 0xd6, 0xbb, 0xd6, 0xbb, 0xd6, 0xbb, 0xde, 0xbb, 0xde, 0xbb, 0xd6,
    0xbb, 0xd6, 0x9b, 0xd6, 0x9b, 0xd6, 0xbb, 0xd6, 0xbb, 0xd6, 0xbb, 0xd6, 0xbb, 0xde, 0xbb, 0xde,
    0xbb, 0xde, 0xbb, 0xd6, 0xbb, 0xd6, 0xbb, 0xde, 0xbb, 0xde, 0xbb, 0xde, 0xbb, 0xde, 0xbb, 0xd6,
    0xbb, 0xde, 0xbb, 0xde, 0xbb, 0xde, 0xbb, 0xd6, 0xbb, 0xd6, 0x9b, 0xd6, 0x9b, 0xd6, 0xbb, 0xd6,
    0xbb, 0xd6, 0xbb, 0xd6, 0xbb, 0xd6, 0x9b, 0xd6, 0xbb, 0xd6, 0xbb, 0xde, 0xbb, 0xde, 0xbb, 0xde,
    0xbb, 0xde, 0xbb, 0xd6, 0xbb, 0xd6, 0xbb, 0xd6, 0xbb, 0xd6, 0xbb, 0xde, 0xbb, 0xde, 0xbb, 0xde,
    0xbb, 0xde, 0xbb, 0xde, 0xbb, 0xde, 0xbb, 0xde, 0xbb, 0xde, 0xbb, 0xde, 0xbb, 0xde, 0xbb, 0xd6,
    0xbb, 0xde, 0xbb, 0xde, 0xbb, 0xde, 0xbb, 0xde, 0xbb, 0xd6, 0xbb, 0xd6, 0xbb, 0xd6, 0xbb, 0xd6,
    0xbb, 0xde, 0xbb, 0xd6, 0xbb, 0xd6, 0xbb, 0xd6, 0xbb, 0xd6, 0xbb, 0xd6, 0xbb, 0xd6, 0xbb, 0xd6,
    0xbb, 0xde, 0xbb, 0xde, 0xbb, 0xde, 0xbb, 0xd6, 0xbb, 0xd6, 0xbb, 0xd6, 0xbb, 0xd6, 0xbb, 0xd6,
    0xbb, 0xd6, 0xbb, 0xd6, 0xbb, 0xd6, 0xbb, 0xd6, 0xbb, 0xd6, 0xbb, 0xd6, 0xbb, 0xd6, 0xbb, 0xd6,
    0xbb, 0xd6, 0xbb, 0xd6, 0xbb, 0xd6, 0xbb, 0xd6, 0x9b, 0xd6, 0x9b, 0xd6, 0x9b, 0xd6, 0xbb, 0xd6,
    0xbb, 0xd6, 0xbb, 0xd6, 0xbb, 0xd6, 0xbb, 0xd6, 0xbb, 0xd6, 0xbb, 0xd6, 0xbb, 0xde, 0xbb, 0xde,
    0xbb, 0xde, 0xbb, 0xd6, 0xbb, 0xd6, 0xbb, 0xd6, 0xbb, 0xd6, 0xbb, 0xd6, 0x9b, 0xd6, 0x9b, 0xd6,
    0xbb, 0xd6, 0xbb, 0xd6, 0xbb, 0xd6, 0xbb, 0xd6, 0xbb, 0xd6, 0xbb, 0xde, 0xbb, 0xde, 0xbb, 0xde,
    0xbb, 0xd6, 0xbb, 0xd6, 0xbb, 0xd6, 0xbb, 0xde, 0xbb, 0xd6, 0xbb, 0xd6, 0xbb, 0xd6, 0xbb, 0xd6,
    0xbb, 0xd6, 0xbb, 0xd6, 0xbb, 0xd6, 0xbb, 0xde, 0xbb, 0xd6, 0xbb, 0xd6, 0xbb, 0xd6, 0xbb, 0xd6,
    0xbb, 0xd6, 0xfc, 0xde, 0x9e, 0xf7, 0x9d, 0xf7, 0xdf, 0xff, 0x39, 0xc6, 0x53, 0x8c, 0x94, 0x94,
    0x73, 0x8c, 0x97, 0xb5, 0xbb, 0xd6, 0xbb, 0xd6, 0x9b, 0xd6, 0x5d, 0xef, 0xbe, 0xf7, 0xbe, 0xf7,
    0xbe, 0xf7, 0x0c, 0x63, 0x45, 0x29, 0x86, 0x31, 0x66, 0x29, 0x4f, 0x21, 0x71, 0x21, 0x71, 0x21,
    0x71, 0x21, 0x72, 0x21, 0x4f, 0x21, 0x45, 0x29, 0x65, 0x29, 0x24, 0x21, 0xaa, 0x52, 0x9e, 0xf7,
    0xdf, 0xff, 0xdf, 0xff, 0x7e, 0xef, 0xbb, 0xde, 0xbb, 0xd6, 0xdc, 0xde, 0x97, 0xb5, 0x73, 0x8c,
    0x94, 0x94, 0x73, 0x8c, 0x39, 0xc6, 0xbf, 0xf7, 0x7e, 0xf7, 0x9e, 0xf7, 0xfc, 0xe6, 0xbb, 0xd6,
    0xbb, 0xde, 0xbb, 0xde, 0xbb, 0xde, 0xbb, 0xde, 0xbb, 0xde, 0xbb, 0xde, 0xbb, 0xde, 0xbb, 0xde,
    0xbb, 0xde, 0xbb, 0xde, 0xbb, 0xd6, 0xbb, 0xd6, 0xbb, 0xde, 0xbb, 0xde, 0xbb, 0xde, 0xbb, 0xde,
    0xbb, 0xde, 0xbb, 0xde, 0xbb, 0xde, 0xbb, 0xde, 0xbb, 0xde, 0xbb, 0xde, 0xbb, 0xde, 0xbb, 0xde,
    0xbb, 0xde, 0xbb, 0xde, 0xbb, 0xde, 0xbb, 0xde, 0xbb, 0xde, 0xbb, 0xd6, 0xbb, 0xd6, 0xbb, 0xd6,
    0xbb, 0xd6, 0xbb, 0xd6, 0xbb, 0xd6, 0xbb, 0xd6, 0xbb, 0xde, 0xbb, 0xde, 0xbb, 0xde, 0xbb, 0xde,
    0xbb, 0xd6, 0xbb, 0xde, 0xbb, 0xde, 0xbb, 0xde, 0x9b, 0xd6, 0x9b, 0xd6, 0x9b, 0xd6, 0x9b, 0xd6,
    0xbb, 0xd6, 0xbb, 0xd6, 0xbb, 0xde, 0xbb, 0xde, 0xbb, 0xde, 0xbb, 0xd6, 0xbb, 0xd6, 0xbb, 0xd6,
    0xbb, 0xd6, 0xbb, 0xd6, 0xbb, 0xd6, 0xbb, 0xd6, 0xbb, 0xde, 0xbb, 0xde, 0xbb, 0xde, 0xbb, 0xde,
    0xbb, 0xd6, 0xbb, 0xde, 0xbb, 0xd6, 0xbb, 0xd6, 0xbb, 0xd6, 0xbb, 0xd6, 0xbb, 0xd6, 0xbb, 0xde,
    0xbb, 0xde, 0xbb, 0xde, 0xbb, 0xde, 0xbb, 0xd6, 0xbb, 0xde, 0xbb, 0xd6, 0xbb, 0xd6, 0xbb, 0xd6,
    0xbb, 0xde, 0xbb, 0xde, 0xbb, 0xde, 0xbb, 0xde, 0xbb, 0xde, 0xbb, 0xde, 0xbb, 0xde, 0xbb, 0xde,
    0xbb, 0xde, 0xbb, 0xde, 0xbb, 0xd6, 0xbb, 0xd6, 0xbb, 0xde, 0xbb, 0xde, 0xbb, 0xde, 0xbb, 0xde,
    0xbb, 0xd6, 0xbb, 0xd6, 0xbb, 0xd6, 0xbb, 0xd6, 0xbb, 0xde, 0xbb, 0xd6, 0xbb, 0xd6, 0xbb, 0xde,
    0xbb, 0xde, 0xbb, 0xde, 0xbb, 0xde, 0xbb, 0xde, 0xbb, 0xde, 0xbb, 0xde, 0xbb, 0xde, 0xbb, 0xd6,
    0xbb, 0xd6, 0xbb, 0xd6, 0xbb, 0xd6, 0xbb, 0xd6, 0xbb, 0xd6, 0xbb, 0xd6, 0xbb, 0xd6, 0xbb, 0xd6,
    0xbb, 0xd6, 0xbb, 0xd6, 0xbb, 0xd6, 0xbb, 0xde, 0xbb, 0xde, 0xbb, 0xd6, 0xbb, 0xd6, 0xbb, 0xd6,
    0xbb, 0xd6, 0xbb, 0xd6, 0xbb, 0xd6, 0xbb, 0xde, 0xbb, 0xd6, 0xbb, 0xd6, 0xbb, 0xde, 0xbb, 0xde,
    0xbb, 0xde, 0xbb, 0xde, 0xbb, 0xd6, 0xbb, 0xd6, 0xbb, 0xd6, 0xbb, 0xd6, 0xbb, 0xd6, 0xbb, 0xd6,
    0xbb, 0xd6, 0xbb, 0xd6, 0x9b, 0xd6, 0x9b, 0xd6, 0x9b, 0xd6, 0xbb, 0xd6, 0xbb, 0xd6, 0xbb, 0xd6,
    0xbb, 0xd6, 0xbb, 0xde, 0xbb, 0xde, 0xbb, 0xde, 0xbb, 0xd6, 0xbb, 0xd6, 0xbb, 0xd6, 0xbb, 0xde,
    0xbb, 0xd6, 0xbb, 0xd6, 0xbb, 0xd6, 0xbb, 0xd6, 0xbb, 0xd6, 0xbb, 0xd6, 0xbb, 0xde, 0xbb, 0xde,
    0xbb, 0xd6, 0xbb, 0xd6, 0x9b, 0xd6, 0xbb, 0xd6, 0xbb, 0xd6, 0xfc, 0xde, 0x9e, 0xf7, 0x9d, 0xf7,
    0xdf, 0xff, 0x39, 0xc6, 0x53, 0x8c, 0x94, 0x94, 0x53, 0x8c, 0x77, 0xad, 0xbb, 0xd6, 0xbb, 0xd6,
    0x9b, 0xd6, 0x5d, 0xef, 0xbe, 0xf7, 0xbe, 0xf7, 0x9e, 0xf7, 0x0c, 0x63, 0x45, 0x29, 0xa6, 0x31,
    0x66, 0x29, 0x4f, 0x21, 0x71, 0x21, 0x71, 0x21, 0x71, 0x21, 0x72, 0x21, 0x4f, 0x21, 0x45, 0x29,
    0x65, 0x29, 0x24, 0x21, 0xaa, 0x52, 0xbe, 0xf7, 0xdf, 0xff, 0xdf, 0xff, 0x7e, 0xef, 0xbb, 0xd6,
    0xbb, 0xd6, 0xdc, 0xde, 0x97, 0xb5, 0x73, 0x8c, 0x94, 0x94, 0x73, 0x8c, 0x39, 0xc6, 0xbf, 0xf7,
    0x7e, 0xf7, 0x9e, 0xf7, 0xfc, 0xe6, 0xbb, 0xd6, 0xbb, 0xde, 0xbb, 0xde, 0xbb, 0xde, 0xbb, 0xde,
    0xbb, 0xde, 0xbb, 0xde, 0xbb, 0xde, 0xbb, 0xde, 0xbb, 0xde, 0xbb, 0xde, 0xbb, 0xde, 0xbb, 0xde,
    0xbb, 0xde, 0xbb, 0xde, 0xbb, 0xd6, 0xbb, 0xde, 0xbb, 0xde, 0xbb, 0xde, 0xbb, 0xde, 0xbb, 0xde,
    0xbb, 0xde, 0xbb, 0xde, 0xbb, 0xde, 0xbb, 0xde, 0xbb, 0xde, 0xbb, 0xde, 0xbb, 0xde, 0xbb, 0xd6,
    0xbb, 0xd6, 0xbb, 0xd6, 0xbb, 0xd6, 0xbb, 0xd6, 0xbb, 0xd6, 0xbb, 0xd6, 0xbb, 0xde, 0xbb, 0xde,
    0xbb, 0xde, 0xbb, 0xde, 0xbb, 0xd6, 0xbb, 0xd6, 0xbb, 0xde, 0xbb, 0xde, 0xbb, 0xd6, 0xbb, 0xd6,
    0xbb, 0xd6, 0x9b, 0xd6, 0x9b, 0xd6, 0x9b, 0xd6, 0xbb, 0xd6, 0xbb, 0xd6, 0xbb, 0xd6, 0xbb, 0xd6,
    0xbb, 0xde, 0xbb, 0xde, 0xbb, 0xd6, 0xbb, 0xd6, 0xbb, 0xd6, 0xbb, 0xd6, 0xbb, 0xd6, 0xbb, 0xde,
    0xbb, 0xd6, 0xbb, 0xd6, 0xbb, 0xde, 0xbb, 0xd6, 0xbb, 0xde, 0xbb, 0xde, 0xbb, 0xde, 0xbb, 0xd6,
    0xbb, 0xd6, 0xbb, 0xde, 0xbb, 0xde, 0xbb, 0xde, 0xbb, 0xde, 0xbb, 0xde, 0xbb, 0xde, 0xbb, 0xd6,
    0xbb, 0xd6, 0xbb, 0xd6, 0xbb, 0xd6, 0xbb, 0xde, 0xbb, 0xde, 0xbb, 0xde, 0xbb, 0xde, 0xbb, 0xde,
    0xbb, 0xde, 0xbb, 0xde, 0xbb, 0xde, 0xbb, 0xde, 0xbb, 0xd6, 0xbb, 0xd6, 0xbb, 0xd6, 0xbb, 0xde,
    0xbb, 0xde, 0xbb, 0xde, 0xbb, 0xde, 0xbb, 0xde, 0xbb, 0xde, 0xbb, 0xd6, 0x9b, 0xd6, 0xbb, 0xd6,
    0xbb, 0xd6, 0xbb, 0xd6, 0xbb, 0xde, 0xbb, 0xde, 0xbb, 0xde, 0xbb, 0xde, 0xbb, 0xde, 0xbb, 0xde,
    0xbb, 0xde, 0xbb, 0xde, 0xbb, 0xde, 0xbb, 0xde, 0xbb, 0xd6, 0x9b, 0xd6, 0xbb, 0xd6, 0xbb, 0xd6,
    0xbb, 0xd6, 0xbb, 0xde, 0xbb, 0xd6, 0xbb, 0xd6, 0xbb, 0xd6, 0xbb, 0xd6, 0xbb, 0xde, 0xbb, 0xde,
    0xbb, 0xde, 0xbb, 0xde, 0xbb, 0xde, 0xbb, 0xde, 0xbb, 0xd6, 0xbb, 0xd6, 0xbb, 0xd6, 0xbb, 0xde,
    0xbb, 0xd6, 0xbb, 0xd6, 0xbb, 0xd6, 0xbb, 0xd6, 0xbb, 0xd6, 0xbb, 0xde, 0xbb, 0xd6, 0xbb, 0xd6,
    0xbb, 0xd6, 0xbb, 0xd6, 0xbb, 0xd6, 0xbb, 0xd6, 0xbb, 0xd6, 0xbb, 0xd6, 0xbb, 0xd6, 0x9b, 0xd6,
    0x9b, 0xd6, 0x9b, 0xd6, 0xbb, 0xd6, 0xbb, 0xd6, 0xbb, 0xd6, 0xbb, 0xd6, 0xbb, 0xde, 0xbb, 0xde,
    0xbb, 0xde, 0xbb, 0xde, 0xbb, 0xde, 0xbb, 0xde, 0xbb, 0xd6, 0xbb, 0xd6, 0xbb, 0xd6, 0xbb, 0xd6,
    0xbb, 0xd6, 0xbb, 0xd6, 0xbb, 0xd6, 0xbb, 0xd6, 0xbb, 0xd6, 0xbb, 0xd6, 0xbb, 0xd6, 0xbb, 0xd6,
    0xbb, 0xd6, 0xfc, 0xde, 0x9e, 0xf7, 0x9d, 0xf7, 0xdf, 0xff, 0x39, 0xc6, 0x53, 0x8c, 0x94, 0x94,
    0x73, 0x8c, 0x77, 0xad, 0xbb, 0xd6, 0xbb, 0xd6, 0x9b, 0xd6, 0x5d, 0xef, 0xbe, 0xf7, 0xbe, 0xf7,
    0xbe, 0xf7, 0xeb, 0x5a, 0x45, 0x29, 0xa6, 0x31, 0x86, 0x31, 0x4f, 0x21, 0x71, 0x21, 0x71, 0x21,
    0x71, 0x21, 0x72, 0x21, 0x4e, 0x21, 0x45, 0x29, 0x65, 0x29, 0x24, 0x21, 0xaa, 0x52, 0xbe, 0xf7,
    0xdf, 0xff, 0xdf, 0xff, 0x7e, 0xef, 0xbb, 0xd6, 0xbb, 0xd6, 0xdc, 0xde, 0x97, 0xb5, 0x73, 0x8c,
    0x94, 0x94, 0x73, 0x8c, 0x39, 0xc6, 0xbf, 0xf7, 0x7e, 0xf7, 0x9e, 0xf7, 0xfc, 0xe6, 0xbb, 0xd6,
    0xbb, 0xde, 0xbb, 0xde, 0xbb, 0xde, 0xbb, 0xde, 0xbb, 0xde, 0xbb, 0xd6, 0xbb, 0xd6, 0xbb, 0xde,
    0xbb, 0xde, 0xbb, 0xde, 0xbb, 0xde, 0xbb, 0xde, 0xbb, 0xde, 0xbb, 0xde, 0xbb, 0xde, 0xbb, 0xde,
    0xbb, 0xde, 0xbb, 0xde, 0xbb, 0xde, 0xbb, 0xde, 0xbb, 0xde, 0xbb, 0xde, 0xbb, 0xd6, 0xbb, 0xde,
    0xbb, 0xde, 0xbb, 0xde, 0xbb, 0xde, 0xbb, 0xde, 0xbb, 0xd6, 0xbb, 0xde, 0xbb, 0xde, 0xbb, 0xde,
    0xbb, 0xde, 0xbb, 0xde, 0xbb, 0xde, 0xbb, 0xde, 0xbb, 0xde, 0xbb, 0xde, 0xbb, 0xd6, 0xbb, 0xd6,
    0xbb, 0xde, 0xbb, 0xde, 0xbb, 0xd6, 0xbb, 0xd6, 0xbb, 0xd6, 0xbb, 0xd6, 0xbb, 0xd6, 0xbb, 0xd6,
    0xbb, 0xd6, 0xbb, 0xd6, 0xbb, 0xd6, 0xbb, 0xd6, 0xbb, 0xde, 0xbb, 0xd6, 0xbb, 0xd6, 0xbb, 0xd6,
    0xbb, 0xd6, 0xbb, 0xd6, 0xbb, 0xd6, 0xbb, 0xd6, 0xbb, 0xd6, 0xbb, 0xd6, 0xbb, 0xde, 0xbb, 0xd6,
    0xbb, 0xde, 0xbb, 0xde, 0xbb, 0xde, 0xbb, 0xd6, 0xbb, 0xd6, 0xbb, 0xde, 0xbb, 0xd6, 0xbb, 0xde,
    0xbb, 0xde, 0xbb, 0xde, 0xbb, 0xde, 0xbb, 0xd6, 0xbb, 0xd6, 0xbb, 0xd6, 0xbb, 0xde, 0xbb, 0xde,
    0xbb, 0xde, 0xbb, 0xde, 0xbb, 0xde, 0xbb, 0xd6, 0xbb, 0xde, 0xbb, 0xde, 0xbb, 0xde, 0xbb, 0xd6,
    0xbb, 0xd6, 0xbb, 0xd6, 0xbb, 0xd6, 0xbb, 0xde, 0xbb, 0xde, 0xbb, 0xde, 0xbb, 0xde, 0xbb, 0xde,
    0xbb, 0xde, 0xbb, 0xd6, 0xbb, 0xd6, 0xbb, 0xd6, 0xbb, 0xd6, 0xbb, 0xd6, 0xbb, 0xd6, 0xbb, 0xde,
    0xbb, 0xde, 0xbb, 0xde, 0xbb, 0xde, 0xbb, 0xd6, 0xbb, 0xde, 0xbb, 0xde, 0xbb, 0xd6, 0xbb, 0xd6,
    0x9b, 0xd6, 0x9b, 0xd6, 0xbb, 0xd6, 0xbb, 0xd6, 0xbb, 0xd6, 0xbb, 0xd6, 0xbb, 0xd6, 0xbb, 0xd6,
    0xbb, 0xde, 0xbb, 0xde, 0xbb, 0xde, 0xbb, 0xde, 0xbb, 0xde, 0xbb, 0xde, 0xbb, 0xde, 0xbb, 0xde,
    0xbb, 0xde, 0xbb, 0xde, 0xbb, 0xde, 0xbb, 0xde, 0xbb, 0xd6, 0xbb, 0xd6, 0xbb, 0xd6, 0xbb, 0xd6,
    0xbb, 0xd6, 0xbb, 0xd6, 0xbb, 0xd6, 0xbb, 0xd6, 0xbb, 0xd6, 0xbb, 0xd6, 0xbb, 0xd6, 0xbb, 0xd6,
    0xbb, 0xd6, 0xbb, 0xd6, 0xbb, 0xd6, 0x9b, 0xd6, 0x9b, 0xd6, 0xbb, 0xd6, 0xbb, 0xd6, 0xbb, 0xd6,
    0xbb, 0xd6, 0xbb, 0xd6, 0xbb, 0xde, 0xbb, 0xde, 0xbb, 0xde, 0xbb, 0xde, 0xbb, 0xde, 0xbb, 0xd6,
    0xbb, 0xd6, 0xbb, 0xd6, 0xbb, 0xd6, 0xbb, 0xde, 0xbb, 0xde, 0xbb, 0xde, 0xbb, 0xde, 0xbb, 0xd6,
    0xbb, 0xd6, 0xbb, 0xde, 0xbb, 0xde, 0xbb, 0xde, 0xbb, 0xde, 0xfc, 0xde, 0x9e, 0xf7, 0x9d, 0xf7,
    0xdf, 0xff, 0x39, 0xc6, 0x52, 0x8c, 0x94, 0x94, 0x73, 0x8c, 0x77, 0xad, 0xbb, 0xd6, 0xbb, 0xd6,
    0x9b, 0xd6, 0x5d, 0xef, 0xbe, 0xf7, 0xbe, 0xf7, 0xbe, 0xf7, 0xeb, 0x5a, 0x45, 0x29, 0x86, 0x31,
    0x66, 0x29, 0x4f, 0x21, 0x71, 0x21, 0x71, 0x21, 0x71, 0x21, 0x72, 0x21, 0x4e, 0x21, 0x45, 0x29,
    0x65, 0x29, 0x24, 0x21, 0xaa, 0x52, 0xbe, 0xf7, 0xdf, 0xff, 0xdf, 0xff, 0x7e, 0xef, 0xbb, 0xde,
    0xbb, 0xd6, 0xdc, 0xde, 0x97, 0xb5, 0x73, 0x8c, 0x94, 0x94, 0x73, 0x8c, 0x39, 0xc6, 0xdf, 0xf7,
    0x9e, 0xf7, 0x9e, 0xf7, 0xfc, 0xe6, 0xbb, 0xd6, 0xbb, 0xde, 0xbb, 0xde, 0xbb, 0xde, 0xbb, 0xde,
    0xbb, 0xde, 0xbb, 0xde, 0xbb, 0xde, 0xbb, 0xde, 0xbb, 0xde, 0xbb, 0xde, 0xbb, 0xde, 0xbb, 0xde,
    0xbb, 0xde, 0xbb, 0xde, 0xbb, 0xde, 0xbb, 0xde, 0xbb, 0xde, 0xbb, 0xde, 0xbb, 0xde, 0xbb, 0xde,
    0xbb, 0xde, 0xbb, 0xde, 0xbb, 0xde, 0xbb, 0xde, 0xbb, 0xde, 0xbb, 0xde, 0xbb, 0xde, 0xbb, 0xde,
    0xbb, 0xde, 0xbb, 0xde, 0xbb, 0xde, 0xbb, 0xde, 0xbb, 0xde, 0xbb, 0xde, 0xbb, 0xde, 0xbb, 0xd6,
    0xbb, 0xd6, 0xbb, 0xde, 0xbb, 0xde, 0xbb, 0xde, 0xbb, 0xde, 0xbb, 0xde, 0xbb, 0xd6, 0xbb, 0xde,
    0xbb, 0xd6, 0xbb, 0xd6, 0xbb, 0xd6, 0xbb, 0xd6, 0xbb, 0xd6, 0xbb, 0xd6, 0xbb, 0xd6, 0xbb, 0xd6,
    0xbb, 0xd6, 0xbb, 0xd6, 0xbb, 0xd6, 0xbb, 0xd6, 0xbb, 0xde, 0xbb, 0xd6, 0xbb, 0xd6, 0xbb, 0xd6,
    0xbb, 0xd6, 0xbb, 0xd6, 0xbb, 0xde, 0xbb, 0xd6, 0xbb, 0xd6, 0xbb, 0xde, 0xbb, 0xde, 0xbb, 0xde,
    0xbb, 0xd6, 0xbb, 0xde, 0xbb, 0xde, 0xbb, 0xde, 0xbb, 0xde, 0xbb, 0xde, 0xbb, 0xde, 0xbb, 0xd6,
    0xbb, 0xd6, 0xbb, 0xd6, 0xbb, 0xde, 0xbb, 0xde, 0xbb, 0xde, 0xbb, 0xde, 0xbb, 0xd6, 0xbb, 0xd6,
    0xbb, 0xd6, 0xbb, 0xde, 0xbb, 0xde, 0xbb, 0xde, 0xbb, 0xde, 0xbb, 0xd6, 0xbb, 0xd6, 0xbb, 0xd6,
    0xbb, 0xde, 0xbb, 0xde, 0xbb, 0xde, 0xbb, 0xde, 0xbb, 0xde, 0xbb, 0xde, 0xbb, 0xde, 0xbb, 0xd6,
    0x9b, 0xd6, 0x9b, 0xd6, 0xbb, 0xd6, 0xbb, 0xde, 0xbb, 0xde, 0xbb, 0xde, 0xbb, 0xde, 0xbb, 0xd6,
    0xbb, 0xd6, 0xbb, 0xd6, 0xbb, 0xd6, 0x9b, 0xd6, 0x9b, 0xd6, 0x9b, 0xd6, 0xbb, 0xd6, 0xbb, 0xd6,
    0xbb, 0xd6, 0xbb, 0xd6, 0xbb, 0xd6, 0xbb, 0xd6, 0xbb, 0xde, 0xbb, 0xde, 0xbb, 0xde, 0xbb, 0xd6,
    0xbb, 0xde, 0xbb, 0xde, 0xbb, 0xde, 0xbb, 0xde, 0xbb, 0xde, 0xbb, 0xde, 0xbb, 0xde, 0xbb, 0xde,
    0xbb, 0xd6, 0xbb, 0xd6, 0xbb, 0xde, 0xbb, 0xde, 0xbb, 0xd6, 0xbb, 0xd6, 0xbb, 0xde, 0xbb, 0xde,
    0xbb, 0xd6, 0xbb, 0xd6, 0xbb, 0xd6, 0xbb, 0xd6, 0xbb, 0xde, 0x9b, 0xd6, 0x9b, 0xd6, 0xbb, 0xd6,
    0xbb, 0xd6, 0xbb, 0xd6, 0xbb, 0xd6, 0xbb, 0xd6, 0xbb, 0xd6, 0xbb, 0xd6, 0xbb, 0xd6, 0xbb, 0xd6,
    0xbb, 0xd6, 0xbb, 0xd6, 0xbb, 0xd6, 0xbb, 0xd6, 0xbb, 0xd6, 0xbb, 0xd6, 0xbb, 0xde, 0xbb, 0xde,
    0xbb, 0xde, 0xbb, 0xde, 0xbb, 0xde, 0xbb, 0xd6, 0xbb, 0xd6, 0xbb, 0xde, 0xbb, 0xde, 0xbb, 0xde,
    0xbb, 0xde, 0xfc, 0xde, 0x9e, 0xf7, 0x9d, 0xf7, 0xbf, 0xff, 0x39, 0xc6, 0x53, 0x8c, 0x94, 0x94,
    0x73, 0x8c, 0x77, 0xb5, 0xbb, 0xd6, 0xbb, 0xd6, 0x9b, 0xd6, 0x5d, 0xef, 0xbe, 0xf7, 0xbe, 0xf7,
    0xbe, 0xf7, 0xeb, 0x5a, 0x45, 0x29, 0xa6, 0x31, 0x66, 0x29, 0x4f, 0x21, 0x71, 0x21, 0x71, 0x21,
    0x71, 0x21, 0x72, 0x21, 0x4e, 0x21, 0x45, 0x29, 0x45, 0x29, 0x24, 0x21, 0xaa, 0x52, 0x9e, 0xf7,
    0xdf, 0xff, 0xdf, 0xff, 0x9e, 0xf7, 0xdb, 0xde, 0xbb, 0xd6, 0xdc, 0xde, 0x97, 0xb5, 0x73, 0x8c,
    0x94, 0x94, 0x73, 0x8c, 0x39, 0xc6, 0xdf, 0xf7, 0x9e, 0xf7, 0x9e, 0xf7, 0xfc, 0xe6, 0xbb, 0xd6,
    0xbb, 0xde, 0xbb, 0xde, 0xbb, 0xde, 0xbb, 0xde, 0xbb, 0xde, 0xbb, 0xde, 0xbb, 0xde, 0xbb, 0xde,
    0xbb, 0xde, 0xbb, 0xde, 0xbb, 0xde, 0xbb, 0xde, 0xbb, 0xde, 0xbb, 0xde, 0xbb, 0xde, 0xbb, 0xde,
    0xbb, 0xde, 0xbb, 0xd6, 0xbb, 0xd6, 0xbb, 0xde, 0xbb, 0xde, 0xbb, 0xde, 0xbb, 0xde, 0xbb, 0xd6,
    0xbb, 0xde, 0xbb, 0xde, 0xbb, 0xde, 0xbb, 0xde, 0xbb, 0xde, 0xbb, 0xde, 0xbb, 0xde, 0xbb, 0xde,
    0xbb, 0xde, 0xbb, 0xde, 0xbb, 0xd6, 0xbb, 0xd6, 0xbb, 0xd6, 0xbb, 0xd6, 0xbb, 0xde, 0xbb, 0xde,
    0xbb, 0xde, 0xbb, 0xde, 0xbb, 0xde, 0xbb, 0xde, 0xbb, 0xde, 0xbb, 0xd6, 0xbb, 0xd6, 0xbb, 0xd6,
    0xbb, 0xd6, 0xbb, 0xde, 0xbb, 0xd6, 0xbb, 0xd6, 0xbb, 0xd6, 0xbb, 0xd6, 0xbb, 0xde, 0xbb, 0xde,
    0xbb, 0xde, 0xbb, 0xde, 0xbb, 0xde, 0xbb, 0xd6, 0xbb, 0xde, 0xbb, 0xd6, 0xbb, 0xd6, 0xbb, 0xd6,
    0xbb, 0xd6, 0xbb, 0xd6, 0xbb, 0xde, 0xbb, 0xde, 0xbb, 0xde, 0xbb, 0xde, 0xbb, 0xde, 0xbb, 0xde,
    0xbb, 0xde, 0xbb, 0xd6, 0xbb, 0xd6, 0xbb, 0xde, 0xbb, 0xde, 0xbb, 0xde, 0xbb, 0xde, 0xbb, 0xde,
    0xbb, 0xd6, 0xbb, 0xd6, 0xbb, 0xd6, 0xbb, 0xde, 0xbb, 0xde, 0xbb, 0xd6, 0xbb, 0xd6, 0xbb, 0xd6,
    0xbb, 0xde, 0xbb, 0xd6, 0xbb, 0xd6, 0xbb, 0xd6, 0xbb, 0xde, 0xbb, 0xd6, 0xbb, 0xde, 0xbb, 0xde,
    0xbb, 0xde, 0xbb, 0xd6, 0xbb, 0xd6, 0xbb, 0xd6, 0x9b, 0xd6, 0x9b, 0xd6, 0xbb, 0xd6, 0xbb, 0xde,
    0xbb, 0xde, 0xbb, 0xde, 0xbb, 0xde, 0xbb, 0xde, 0xbb, 0xde, 0xbb, 0xde, 0xbb, 0xd6, 0xbb, 0xd6,
    0xbb, 0xd6, 0xbb, 0xd6, 0x9b, 0xd6, 0x9b, 0xd6, 0x9b, 0xd6, 0x9b, 0xd6, 0xbb, 0xd6, 0xbb, 0xd6,
    0xbb, 0xd6, 0xbb, 0xd6, 0xbb, 0xd6, 0xbb, 0xd6, 0xbb, 0xd6, 0xbb, 0xde, 0xbb, 0xde, 0xbb, 0xde,
    0xbb, 0xde, 0xbb, 0xde, 0xbb, 0xde, 0xbb, 0xde, 0xbb, 0xd6, 0xbb, 0xd6, 0xbb, 0xd6, 0xbb, 0xde,
    0xbb, 0xd6, 0xbb, 0xde, 0xbb, 0xde, 0xbb, 0xde, 0xbb, 0xde, 0xbb, 0xde, 0xbb, 0xde, 0xbb, 0xde,
    0xbb, 0xd6, 0x9b, 0xd6, 0x9b, 0xd6, 0x9b, 0xd6, 0xbb, 0xd6, 0xbb, 0xd6, 0xbb, 0xd6, 0xbb, 0xd6,
    0xbb, 0xd6, 0xbb, 0xd6, 0x9b, 0xd6, 0x9b, 0xd6, 0x9b, 0xd6, 0xbb, 0xde, 0xbb, 0xde, 0xbb, 0xd6,
    0xbb, 0xd6, 0xbb, 0xd6, 0xbb, 0xd6, 0xbb, 0xd6, 0xbb, 0xd6, 0xbb, 0xde, 0xbb, 0xde, 0xbb, 0xde,
    0xbb, 0xde, 0xbb, 0xde, 0xbb, 0xde, 0xbb, 0xde, 0xbb, 0xde, 0xfc, 0xde, 0x9e, 0xf7, 0x9d, 0xf7,
    0xdf, 0xff, 0x39, 0xc6, 0x53, 0x8c, 0x94, 0x94, 0x73, 0x8c, 0x77, 0xad, 0xbb, 0xd6, 0xbb, 0xd6,
    0x9b, 0xd6, 0x5d, 0xef, 0xbe, 0xf7, 0xbe, 0xf7, 0xbe, 0xf7, 0xeb, 0x5a, 0x45, 0x29, 0x86, 0x31,
    0x66, 0x29, 0x4f, 0x21, 0x71, 0x21, 0x71, 0x21, 0x71, 0x21, 0x72, 0x21, 0x4e, 0x21, 0x45, 0x29,
    0x45, 0x29, 0x24, 0x21, 0xaa, 0x52, 0x9e, 0xf7, 0xdf, 0xff, 0xdf, 0xff, 0x9e, 0xf7, 0xdb, 0xde,
    0xbb, 0xd6, 0xdc, 0xde, 0x97, 0xb5, 0x73, 0x8c, 0x94, 0x94, 0x73, 0x8c, 0x39, 0xc6, 0xbf, 0xf7,
    0x7e, 0xf7, 0x9e, 0xf7, 0xfc, 0xe6, 0xbb, 0xd6, 0xbb, 0xde, 0xbb, 0xde, 0xbb, 0xde, 0xbb, 0xde,
    0xbb, 0xde, 0xbb, 0xde, 0xbb, 0xde, 0xbb, 0xde, 0xbb, 0xde, 0xbb, 0xde, 0xbb, 0xd6, 0xbb, 0xde,
    0xbb, 0xde, 0xbb, 0xde, 0xbb, 0xde, 0xbb, 0xde, 0xbb, 0xde, 0xbb, 0xde, 0xbb, 0xd6, 0xbb, 0xde,
    0xbb, 0xde, 0xbb, 0xde, 0xbb, 0xd6, 0xbb, 0xd6, 0xbb, 0xde, 0xbb, 0xde, 0xbb, 0xde, 0xbb, 0xde,
    0xbb, 0xde, 0xbb, 0xde, 0xbb, 0xde, 0xbb, 0xde, 0xbb, 0xde, 0xbb, 0xd6, 0xbb, 0xd6, 0xbb, 0xd6,
    0xbb, 0xd6, 0xbb, 0xd6, 0xbb, 0xde, 0xbb, 0xde, 0xbb, 0xde, 0xbb, 0xde, 0xbb, 0xde, 0xbb, 0xd6,
    0xbb, 0xde, 0xbb, 0xd6, 0xbb, 0xd6, 0xbb, 0xd6, 0xbb, 0xd6, 0xbb, 0xde, 0xbb, 0xde, 0xbb, 0xde,
    0xbb, 0xd6, 0xbb, 0xd6, 0xbb, 0xde, 0xbb, 0xde, 0xbb, 0xde, 0xbb, 0xde, 0xbb, 0xde, 0xbb, 0xd6,
    0xbb, 0xde, 0xbb, 0xd6, 0xbb, 0xd6, 0xbb, 0xd6, 0xbb, 0xd6, 0xbb, 0xd6, 0xbb, 0xde, 0xbb, 0xde,
    0xbb, 0xde, 0xbb, 0xde, 0xbb, 0xde, 0xbb, 0xde, 0xbb, 0xde, 0xbb, 0xd6, 0xbb, 0xd6, 0xbb, 0xde,
    0xbb, 0xde, 0xbb, 0xde, 0xbb, 0xde, 0xbb, 0xde, 0xbb, 0xde, 0xbb, 0xd6, 0xbb, 0xd6, 0xbb, 0xde,
    0xbb, 0xde, 0xbb, 0xde, 0xbb, 0xd6, 0xbb, 0xd6, 0xbb, 0xd6, 0xbb, 0xd6, 0xbb, 0xd6, 0xbb, 0xd6,
    0xbb, 0xd6, 0xbb, 0xd6, 0xbb, 0xde, 0xbb, 0xde, 0xbb, 0xde, 0xbb, 0xd6, 0xbb, 0xde, 0xbb, 0xd6,
    0xbb, 0xd6, 0xbb, 0xd6, 0xbb, 0xd6, 0xbb, 0xde, 0xbb, 0xde, 0xbb, 0xde, 0xbb, 0xd6, 0xbb, 0xde,
    0xbb, 0xde, 0xbb, 0xde, 0xbb, 0xde, 0xbb, 0xde, 0xbb, 0xde, 0xbb, 0xd6, 0x9b, 0xd6, 0x9b, 0xd6,
    0x9b, 0xd6, 0x9b, 0xd6, 0xbb, 0xd6, 0xbb, 0xd6, 0xbb, 0xd6, 0xbb, 0xd6, 0xbb, 0xd6, 0xbb, 0xd6,
    0xbb, 0xde, 0xbb, 0xde, 0xbb, 0xde, 0xbb, 0xde, 0xbb, 0xde, 0xbb, 0xde, 0xbb, 0xde, 0xbb, 0xde,
    0xbb, 0xd6, 0xbb, 0xd6, 0xbb, 0xd6, 0xbb, 0xd6, 0xbb, 0xd6, 0xbb, 0xd6, 0xbb, 0xd6, 0xbb, 0xd6,
    0xbb, 0xde, 0xbb, 0xde, 0xbb, 0xde, 0xbb, 0xde, 0xbb, 0xde, 0xbb, 0xd6, 0xbb, 0xd6, 0x9b, 0xd6,
    0xbb, 0xd6, 0xbb, 0xd6, 0xbb, 0xd6, 0xbb, 0xd6, 0xbb, 0xd6, 0xbb, 0xd6, 0x9b, 0xd6, 0x9b, 0xd6,
    0x9b, 0xd6, 0xbb, 0xde, 0xbb, 0xd6, 0xbb, 0xd6, 0xbb, 0xd6, 0xbb, 0xd6, 0xbb, 0xd6, 0xbb, 0xd6,
    0xbb, 0xd6, 0xbb, 0xde, 0xbb, 0xde, 0xbb, 0xde, 0xbb, 0xde, 0xbb, 0xde, 0xbb, 0xde, 0xbb, 0xde,
    0xbb, 0xde, 0xfc, 0xde, 0x9e, 0xf7, 0x9d, 0xf7, 0xdf, 0xff, 0x39, 0xc6, 0x53, 0x8c, 0x94, 0x94,
    0x73, 0x8c, 0x77, 0xad, 0xbb, 0xd6, 0x9b, 0xd6, 0x9b, 0xd6, 0x5d, 0xef, 0xbe, 0xf7, 0xbe, 0xf7,
    0xbe, 0xf7, 0xeb, 0x5a, 0x45, 0x29, 0xa6, 0x31, 0x66, 0x29, 0x4f, 0x21, 0x71, 0x21, 0x71, 0x21,
    0x71, 0x21, 0x72, 0x21, 0x4f, 0x21, 0x45, 0x29, 0x65, 0x29, 0x24, 0x21, 0xaa, 0x52, 0xbe, 0xf7,
    0xdf, 0xff, 0xdf, 0xff, 0x9e, 0xf7, 0xbb, 0xde, 0xbb, 0xd6, 0xdc, 0xde, 0x97, 0xb5, 0x73, 0x8c,
    0x94, 0x94, 0x73, 0x8c, 0x39, 0xc6, 0xbf, 0xf7, 0x7e, 0xf7, 0x9e, 0xf7, 0xfc, 0xe6, 0xbb, 0xd6,
    0xbb, 0xde, 0xbb, 0xde, 0xbb, 0xde, 0xbb, 0xde, 0xbb, 0xde, 0xbb, 0xde, 0xbb, 0xde, 0xbb, 0xde,
    0xbb, 0xde, 0xbb, 0xde, 0xbb, 0xd6, 0xbb, 0xde, 0xbb, 0xde, 0xbb, 0xde, 0xbb, 0xde, 0xbb, 0xde,
    0xbb, 0xde, 0xbb, 0xde, 0xbb, 0xde, 0xbb, 0xde, 0xbb, 0xde, 0xbb, 0xd6, 0xbb, 0xd6, 0xbb, 0xd6,
    0xbb, 0xde, 0xbb, 0xde, 0xbb, 0xde, 0xbb, 0xde, 0xbb, 0xde, 0xbb, 0xde, 0xbb, 0xde, 0xbb, 0xde,
    0xbb, 0xde, 0xbb, 0xd6, 0xbb, 0xd6, 0xbb, 0xd6, 0xbb, 0xd6, 0xbb, 0xd6, 0xbb, 0xd6, 0xbb, 0xd6,
    0xbb, 0xde, 0xbb, 0xde, 0xbb, 0xde, 0xbb, 0xd6, 0xbb, 0xde, 0xbb, 0xd6, 0xbb, 0xd6, 0xbb, 0xd6,
    0xbb, 0xd6, 0xbb, 0xde, 0xbb, 0xde, 0xbb, 0xde, 0xbb, 0xde, 0xbb, 0xde, 0xbb, 0xde, 0xbb, 0xde,
    0xbb, 0xde, 0xbb, 0xde, 0xbb, 0xde, 0xbb, 0xd6, 0xbb, 0xde, 0xbb, 0xd6, 0xbb, 0xd6, 0xbb, 0xd6,
    0xbb, 0xd6, 0xbb, 0xd6, 0xbb, 0xde, 0xbb, 0xde, 0xbb, 0xde, 0xbb, 0xde, 0xbb, 0xde, 0xbb, 0xde,
    0xbb, 0xde, 0xbb, 0xde, 0xbb, 0xde, 0xbb, 0xde, 0xbb, 0xde, 0xbb, 0xde, 0xbb, 0xde, 0xbb, 0xde,
    0xbb, 0xde, 0xbb, 0xde, 0xbb, 0xde, 0xbb, 0xde, 0xbb, 0xd6, 0xbb, 0xd6, 0xbb, 0xd6, 0xbb, 0xd6,
    0x9b, 0xd6, 0xbb, 0xd6, 0xbb, 0xd6, 0xbb, 0xd6, 0xbb, 0xd6, 0xbb, 0xde, 0xbb, 0xde, 0xbb, 0xde,
    0xbb, 0xd6, 0xbb, 0xd6, 0xbb, 0xde, 0xbb, 0xde, 0xbb, 0xde, 0xbb, 0xde, 0xbb, 0xde, 0xbb, 0xde,
    0xbb, 0xde, 0xbb, 0xde, 0xbb, 0xd6, 0xbb, 0xd6, 0xbb, 0xd6, 0xbb, 0xd6, 0xbb, 0xde, 0xbb, 0xde,
    0xbb, 0xde, 0xbb, 0xd6, 0xbb, 0xd6, 0xbb, 0xd6, 0x9b, 0xd6, 0x9b, 0xd6, 0xbb, 0xd6, 0xbb, 0xd6,
    0xbb, 0xde, 0xbb, 0xde, 0xbb, 0xde, 0xbb, 0xde, 0xbb, 0xde, 0xbb, 0xde, 0xbb, 0xde, 0xbb, 0xde,
    0xbb, 0xde, 0xbb, 0xde, 0xbb, 0xde, 0xbb, 0xde, 0xbb, 0xd6, 0xbb, 0xd6, 0xbb, 0xd6, 0xbb, 0xd6,
    0xbb, 0xd6, 0xbb, 0xd6, 0xbb, 0xd6, 0xbb, 0xd6, 0xbb, 0xde, 0xbb, 0xde, 0xbb, 0xde, 0xbb, 0xde,
    0xbb, 0xde, 0xbb, 0xd6, 0xbb, 0xd6, 0xbb, 0xd6, 0xbb, 0xd6, 0xbb, 0xd6, 0xbb, 0xd6, 0xbb, 0xd6,
    0xbb, 0xd6, 0xbb, 0xd6, 0x9b, 0xd6, 0x9b, 0xd6, 0xbb, 0xd6, 0xbb, 0xd6, 0xbb, 0xd6, 0xbb, 0xd6,
    0xbb, 0xd6, 0xbb, 0xd6, 0xbb, 0xd6, 0xbb, 0xd6, 0xbb, 0xd6, 0xbb, 0xde, 0xbb, 0xd6, 0xbb, 0xd6,
    0xbb, 0xde, 0xbb, 0xde, 0xbb, 0xde, 0xbb, 0xde, 0xbb, 0xde, 0xfc, 0xde, 0x9e, 0xf7, 0x9d, 0xf7,
    0xdf, 0xf7, 0x39, 0xc6, 0x53, 0x8c, 0x94, 0x94, 0x73, 0x8c, 0x77, 0xb5, 0xbb, 0xd6, 0xbb, 0xd6,
    0x9b, 0xd6, 0x5d, 0xef, 0xbe, 0xf7, 0xbe, 0xf7, 0xbe, 0xf7, 0xeb, 0x5a, 0x45, 0x29, 0x86, 0x31,
    0x66, 0x29, 0x4f, 0x21, 0x71, 0x21, 0x71, 0x21, 0x71, 0x21, 0x72, 0x21, 0x4f, 0x21, 0x45, 0x29,
    0x65, 0x29, 0x24, 0x21, 0xaa, 0x52, 0xbe, 0xf7, 0xdf, 0xff, 0xdf, 0xff, 0x9e, 0xf7, 0xbb, 0xde,
    0xbb, 0xd6, 0xdc, 0xde, 0x97, 0xb5, 0x73, 0x8c, 0x94, 0x94, 0x73, 0x8c, 0x39, 0xc6, 0xbf, 0xf7,
    0x7e, 0xf7, 0x7e, 0xf7, 0xfc, 0xe6, 0xbb, 0xd6, 0xbb, 0xde, 0xbb, 0xde, 0xbb, 0xde, 0xbb, 0xde,
    0xbb, 0xde, 0xbb, 0xde, 0xbb, 0xde, 0xbb, 0xde, 0xbb, 0xde, 0xbb, 0xde, 0xbb, 0xde, 0xbb, 0xde,
    0xbb, 0xde, 0xbb, 0xde, 0xbb, 0xde, 0xbb, 0xde, 0xbb, 0xde, 0xbb, 0xde, 0xbb, 0xde, 0xbb, 0xde,
    0xbb, 0xde, 0xbb, 0xd6, 0xbb, 0xd6, 0xbb, 0xd6, 0xbb, 0xde, 0xbb, 0xde, 0xbb, 0xde, 0xbb, 0xde,
    0xbb, 0xde, 0xbb, 0xde, 0xbb, 0xde, 0xbb, 0xde, 0xbb, 0xd6, 0xbb, 0xd6, 0xbb, 0xd6, 0xbb, 0xd6,
    0xbb, 0xd6, 0xbb, 0xd6, 0xbb, 0xd6, 0xbb, 0xd6, 0xbb, 0xde, 0xbb, 0xde, 0xbb, 0xde, 0xbb, 0xd6,
    0xbb, 0xde, 0xbb, 0xd6, 0xbb, 0xd6, 0xbb, 0xd6, 0xbb, 0xd6, 0xbb, 0xde, 0xbb, 0xde, 0xbb, 0xde,
    0xbb, 0xde, 0xbb, 0xde, 0xbb, 0xde, 0xbb, 0xde, 0xbb, 0xde, 0xbb, 0xde, 0xbb, 0xde, 0xbb, 0xd6,
    0xbb, 0xde, 0xbb, 0xd6, 0xbb, 0xd6, 0xbb, 0xd6, 0xbb, 0xde, 0xbb, 0xd6, 0xbb, 0xd6, 0xbb, 0xde,
    0xbb, 0xde, 0xbb, 0xde, 0xbb, 0xd6, 0xbb, 0xd6, 0xbb, 0xde, 0xbb, 0xde, 0xbb, 0xde, 0xbb, 0xde,
    0xbb, 0xde, 0xbb, 0xde, 0xbb, 0xde, 0xbb, 0xde, 0xbb, 0xde, 0xbb, 0xde, 0xbb, 0xde, 0xbb, 0xde,
    0xbb, 0xd6, 0xbb, 0xde, 0xbb, 0xd6, 0xbb, 0xd6, 0x9b, 0xd6, 0x9b, 0xd6, 0xbb, 0xd6, 0xbb, 0xd6,
    0xbb, 0xd6, 0xbb, 0xde, 0xbb, 0xde, 0xbb, 0xd6, 0xbb, 0xd6, 0xbb, 0xd6, 0xbb, 0xde, 0xbb, 0xde,
    0xbb, 0xde, 0xbb, 0xde, 0xbb, 0xde, 0xbb, 0xd6, 0xbb, 0xd6, 0xbb, 0xd6, 0xbb, 0xd6, 0xbb, 0xd6,
    0x9b, 0xd6, 0x9b, 0xd6, 0x9b, 0xd6, 0x9b, 0xd6, 0xbb, 0xd6, 0xbb, 0xd6, 0xbb, 0xd6, 0xbb, 0xd6,
    0x9b, 0xd6, 0x9b, 0xd6, 0xbb, 0xd6, 0xbb, 0xd6, 0xbb, 0xde, 0xbb, 0xde, 0xbb, 0xde, 0xbb, 0xde,
    0xbb, 0xde, 0xbb, 0xde, 0xbb, 0xde, 0xbb, 0xde, 0xbb, 0xde, 0xbb, 0xde, 0xbb, 0xde, 0xbb, 0xde,
    0xbb, 0xd6, 0xbb, 0xd6, 0xbb, 0xd6, 0xbb, 0xd6, 0xbb, 0xd6, 0xbb, 0xd6, 0xbb, 0xd6, 0xbb, 0xd6,
    0xbb, 0xde, 0xbb, 0xd6, 0xbb, 0xde, 0xbb, 0xde, 0xbb, 0xde, 0xbb, 0xd6, 0xbb, 0xd6, 0xbb, 0xd6,
    0xbb, 0xd6, 0xbb, 0xd6, 0xbb, 0xd6, 0xbb, 0xd6, 0xbb, 0xd6, 0xbb, 0xd6, 0x9b, 0xd6, 0x9b, 0xd6,
    0xbb, 0xd6, 0xbb, 0xd6, 0x9b, 0xd6, 0xbb, 0xd6, 0xbb, 0xd6, 0xbb, 0xd6, 0xbb, 0xd6, 0xbb, 0xd6,
    0xbb, 0xd6, 0xbb, 0xde, 0xbb, 0xd6, 0xbb, 0xd6, 0xbb, 0xde, 0xbb, 0xde, 0xbb, 0xde, 0xbb, 0xde,
    0xbb, 0xd6, 0xfc, 0xde, 0x9e, 0xf7, 0x9d, 0xf7, 0xdf, 0xf7, 0x39, 0xc6, 0x53, 0x8c, 0x94, 0x94,
    0x73, 0x8c, 0x97, 0xb5, 0xdb, 0xd6, 0xbb, 0xd6, 0xbb, 0xd6, 0x5d, 0xef, 0xbe, 0xf7, 0xbe, 0xf7,
    0xbe, 0xf7, 0xeb, 0x5a, 0x45, 0x29, 0xa6, 0x31, 0x66, 0x29, 0x4f, 0x21, 0x71, 0x21, 0x71, 0x21,
    0x71, 0x21, 0x72, 0x21, 0x4f, 0x21, 0x45, 0x29, 0x65, 0x29, 0x24, 0x21, 0xaa, 0x52, 0xbe, 0xf7,
    0xdf, 0xff, 0xdf, 0xff, 0x9e, 0xf7, 0xbb, 0xd6, 0xbb, 0xd6, 0xdc, 0xde, 0x97, 0xb5, 0x73, 0x8c,
    0x94, 0x94, 0x73, 0x8c, 0x39, 0xc6, 0xbf, 0xf7, 0x7d, 0xf7, 0x9e, 0xf7, 0xfc, 0xde, 0xbb, 0xd6,
    0xbb, 0xde, 0xbb, 0xde, 0xbb, 0xde, 0xbb, 0xde, 0xbb, 0xde, 0xbb, 0xde, 0xbb, 0xde, 0xbb, 0xde,
    0xbb, 0xde, 0xbb, 0xde, 0xbb, 0xde, 0xbb, 0xde, 0xbb, 0xde, 0xbb, 0xde, 0xbb, 0xde, 0xbb, 0xde,
    0xbb, 0xde, 0xbb, 0xde, 0xbb, 0xde, 0xbb, 0xde, 0xbb, 0xde, 0xbb, 0xde, 0xbb, 0xde, 0xbb, 0xd6,
    0xbb, 0xd6, 0xbb, 0xde, 0xbb, 0xde, 0xbb, 0xde, 0xbb, 0xde, 0xbb, 0xde, 0xbb, 0xd6, 0xbb, 0xd6,
    0xbb, 0xde, 0xbb, 0xde, 0xbb, 0xd6, 0xbb, 0xd6, 0xbb, 0xd6, 0xbb, 0xde, 0xbb, 0xd6, 0xbb, 0xd6,
    0xbb, 0xd6, 0xbb, 0xd6, 0xbb, 0xd6, 0xbb, 0xd6, 0xbb, 0xd6, 0xbb, 0xd6, 0xbb, 0xd6, 0x9b, 0xd6,
    0xbb, 0xd6, 0xbb, 0xde, 0xbb, 0xd6, 0xbb, 0xde, 0xbb, 0xde, 0xbb, 0xde, 0xbb, 0xde, 0xbb, 0xde,
    0xbb, 0xde, 0xbb, 0xde, 0xbb, 0xde, 0xbb, 0xd6, 0xbb, 0xde, 0xbb, 0xde, 0xbb, 0xd6, 0xbb, 0xd6,
    0xbb, 0xd6, 0xbb, 0xd6, 0xbb, 0xd6, 0xbb, 0xde, 0xbb, 0xde, 0xbb, 0xd6, 0xbb, 0xd6, 0xbb, 0xd6,
    0xbb, 0xde, 0xbb, 0xde, 0xbb, 0xde, 0xbb, 0xde, 0xbb, 0xde, 0xbb, 0xde, 0xbb, 0xde, 0xbb, 0xde,
    0xbb, 0xde, 0xbb, 0xd6, 0xbb, 0xd6, 0xbb, 0xde, 0xbb, 0xde, 0xbb, 0xde, 0xbb, 0xd6, 0xbb, 0xd6,
    0xbb, 0xd6, 0xbb, 0xd6, 0xbb, 0xd6, 0xbb, 0xd6, 0xbb, 0xd6, 0xbb, 0xde, 0xbb, 0xde, 0xbb, 0xde,
    0xbb, 0xde, 0xbb, 0xde, 0xbb, 0xde, 0xbb, 0xde, 0xbb, 0xde, 0xbb, 0xd6, 0xbb, 0xd6, 0xbb, 0xd6,
    0xbb, 0xde, 0xbb, 0xde, 0xbb, 0xd6, 0x9b, 0xd6, 0x9b, 0xd6, 0x9b, 0xd6, 0x9b, 0xd6, 0x9b, 0xd6,
    0xbb, 0xd6, 0x9b, 0xd6, 0x9b, 0xd6, 0xbb, 0xd6, 0xbb, 0xd6, 0xbb, 0xd6, 0xbb, 0xd6, 0xbb, 0xd6,
    0xbb, 0xde, 0xbb, 0xde, 0xbb, 0xde, 0xbb, 0xde, 0xbb, 0xde, 0xbb, 0xde, 0xbb, 0xde, 0xbb, 0xd6,
    0xbb, 0xde, 0xbb, 0xd6, 0xbb, 0xd6, 0xbb, 0xd6, 0xbb, 0xd6, 0xbb, 0xd6, 0xbb, 0xd6, 0xbb, 0xd6,
    0xbb, 0xd6, 0xbb, 0xd6, 0xbb, 0xd6, 0xbb, 0xde, 0xbb, 0xd6, 0xbb, 0xde, 0xbb, 0xde, 0xbb, 0xde,
    0xbb, 0xde, 0xbb, 0xd6, 0xbb, 0xd6, 0xbb, 0xd6, 0xbb, 0xd6, 0xbb, 0xd6, 0xbb, 0xd6, 0xbb, 0xd6,
    0xbb, 0xd6, 0x9b, 0xd6, 0x9b, 0xd6, 0x9b, 0xd6, 0xbb, 0xd6, 0x9b, 0xd6, 0x9b, 0xd6, 0x9b, 0xd6,
    0x9b, 0xd6, 0xbb, 0xd6, 0xbb, 0xd6, 0xbb, 0xd6, 0xbb, 0xde, 0xbb, 0xd6, 0xbb, 0xd6, 0xbb, 0xd6,
    0xbb, 0xde, 0xbb, 0xde, 0xbb, 0xde, 0xbb, 0xde, 0xbb, 0xd6, 0xfc, 0xde, 0x9e, 0xf7, 0x9d, 0xf7,
    0xdf, 0xff, 0x39, 0xc6, 0x53, 0x8c, 0x94, 0x94, 0x73, 0x8c, 0x97, 0xb5, 0xdb, 0xd6, 0xbb, 0xd6,
    0xbb, 0xd6, 0x5d, 0xef, 0xbe, 0xf7, 0xbe, 0xf7, 0x9e, 0xf7, 0xeb, 0x5a, 0x65, 0x29, 0xa6, 0x31,
    0x86, 0x29, 0x4f, 0x21, 0x71, 0x21, 0x71, 0x21, 0x71, 0x21, 0x72, 0x21, 0x4f, 0x21, 0x45, 0x29,
    0x65, 0x29, 0x24, 0x21, 0xaa, 0x52, 0xbe, 0xf7, 0xdf, 0xff, 0xdf, 0xff, 0x9e, 0xf7, 0xbb, 0xd6,
    0xbb, 0xd6, 0xdb, 0xde, 0x97, 0xb5, 0x73, 0x8c, 0x94, 0x94, 0x73, 0x8c, 0x39, 0xc6, 0xbf, 0xf7,
    0x7e, 0xf7, 0x9e, 0xf7, 0xfc, 0xe6, 0xbb, 0xd6, 0xbb, 0xde, 0xbb, 0xde, 0xbb, 0xde, 0xbb, 0xde,
    0xbb, 0xde, 0xbb, 0xd6, 0xbb, 0xd6, 0xbb, 0xde, 0xbb, 0xde, 0xbb, 0xde, 0xbb, 0xde, 0xbb, 0xde,
    0xbb, 0xde, 0xbb, 0xde, 0xbb, 0xde, 0xbb, 0xde, 0xbb, 0xde, 0xbb, 0xde, 0xbb, 0xde, 0xbb, 0xde,
    0xbb, 0xde, 0xbb, 0xde, 0xbb, 0xde, 0xbb, 0xde, 0xbb, 0xd6, 0xbb, 0xde, 0xbb, 0xde, 0xbb, 0xde,
    0xbb, 0xde, 0xbb, 0xde, 0xbb, 0xd6, 0xbb, 0xd6, 0xbb, 0xde, 0xbb, 0xd6, 0xbb, 0xd6, 0xbb, 0xd6,
    0xbb, 0xde, 0xbb, 0xde, 0xbb, 0xde, 0xbb, 0xd6, 0xbb, 0xd6, 0xbb, 0xd6, 0xbb, 0xd6, 0xbb, 0xd6,
    0xbb, 0xd6, 0xbb, 0xd6, 0xbb, 0xd6, 0xbb, 0xd6, 0xbb, 0xd6, 0xbb, 0xde, 0xbb, 0xde, 0xbb, 0xde,
    0xbb, 0xd6, 0xbb, 0xde, 0xbb, 0xde, 0xbb, 0xde, 0xbb, 0xde, 0xbb, 0xde, 0xbb, 0xde, 0xbb, 0xd6,
    0xbb, 0xd6, 0xbb, 0xde, 0xbb, 0xd6, 0xbb, 0xd6, 0xbb, 0xd6, 0xbb, 0xd6, 0xbb, 0xd6, 0xbb, 0xde,
    0xbb, 0xde, 0xbb, 0xd6, 0xbb, 0xd6, 0xbb, 0xd6, 0xbb, 0xde, 0xbb, 0xde, 0xbb, 0xde, 0xbb, 0xde,
    0xbb, 0xde, 0xbb, 0xde, 0xbb, 0xde, 0xbb, 0xde, 0xbb, 0xd6, 0xbb, 0xd6, 0xbb, 0xd6, 0xbb, 0xde,
    0xbb, 0xde, 0xbb, 0xde, 0xbb, 0xde, 0xbb, 0xde, 0xbb, 0xd6, 0xbb, 0xd6, 0xbb, 0xd6, 0xbb, 0xd6,
    0xbb, 0xd6, 0xbb, 0xde, 0xbb, 0xde, 0xbb, 0xde, 0xbb, 0xde, 0xbb, 0xde, 0xbb, 0xde, 0xbb, 0xde,
    0xbb, 0xd6, 0xbb, 0xd6, 0xbb, 0xd6, 0xbb, 0xd6, 0xbb, 0xde, 0xbb, 0xde, 0xbb, 0xd6, 0xbb, 0xd6,
    0xbb, 0xd6, 0x9b, 0xd6, 0xbb, 0xd6, 0xbb, 0xd6, 0xbb, 0xd6, 0xbb, 0xd6, 0xbb, 0xd6, 0xbb, 0xd6,
    0xbb, 0xd6, 0xbb, 0xd6, 0xbb, 0xd6, 0xbb, 0xd6, 0xbb, 0xde, 0xbb, 0xde, 0xbb, 0xde, 0xbb, 0xde,
    0xbb, 0xde, 0xbb, 0xde, 0xbb, 0xde, 0xbb, 0xde, 0xbb, 0xd6, 0xbb, 0xd6, 0xbb, 0xd6, 0xbb, 0xd6,
    0xbb, 0xde, 0xbb, 0xd6, 0xbb, 0xd6, 0xbb, 0xd6, 0xbb, 0xd6, 0xbb, 0xd6, 0xbb, 0xd6, 0xbb, 0xde,
    0xbb, 0xd6, 0xbb, 0xde, 0xbb, 0xde, 0xbb, 0xde, 0xbb, 0xde, 0xbb, 0xd6, 0x9b, 0xd6, 0x9b, 0xd6,
    0xbb, 0xd6, 0xbb, 0xd6, 0xbb, 0xd6, 0xbb, 0xd6, 0x9b, 0xd6, 0x9b, 0xd6, 0x9b, 0xd6, 0x9b, 0xd6,
    0x9b, 0xd6, 0x9b, 0xd6, 0x9b, 0xd6, 0x9b, 0xd6, 0x9b, 0xd6, 0xbb, 0xd6, 0xbb, 0xd6, 0xbb, 0xd6,
    0xbb, 0xde, 0xbb, 0xd6, 0xbb, 0xd6, 0xbb, 0xd6, 0xbb, 0xde, 0xbb, 0xde, 0xbb, 0xd6, 0xbb, 0xd6,
    0x9b, 0xd6, 0xfc, 0xde, 0x9e, 0xf7, 0x9d, 0xf7, 0xdf, 0xff, 0x39, 0xc6, 0x53, 0x8c, 0x94, 0x94,
    0x73, 0x8c, 0x97, 0xb5, 0xbb, 0xd6, 0xbb, 0xd6, 0xbb, 0xd6, 0x5d, 0xef, 0xbe, 0xf7, 0xbe, 0xf7,
    0x9e, 0xf7, 0xeb, 0x5a, 0x45, 0x29, 0xa6, 0x31, 0x66, 0x29, 0x4f, 0x21, 0x71, 0x21, 0x71, 0x21,
    0x71, 0x21, 0x72, 0x21, 0x4f, 0x21, 0x45, 0x29, 0x65, 0x29, 0x24, 0x21, 0xaa, 0x52, 0xbe, 0xf7,
    0xdf, 0xff, 0xdf, 0xff, 0x9e, 0xf7, 0xbb, 0xd6, 0xbb, 0xd6, 0xdc, 0xde, 0x97, 0xb5, 0x73, 0x8c,
    0x94, 0x94, 0x73, 0x8c, 0x39, 0xc6, 0xbf, 0xf7, 0x7e, 0xf7, 0x9e, 0xf7, 0xfc, 0xe6, 0xbb, 0xde,
    0xbb, 0xde, 0xbb, 0xde, 0xbb, 0xde, 0xbb, 0xde, 0xbb, 0xde, 0xbb, 0xd6, 0xbb, 0xd6, 0xbb, 0xd6,
    0xbb, 0xde, 0xbb, 0xde, 0xbb, 0xde, 0xbb, 0xde, 0xbb, 0xde, 0xbb, 0xde, 0xbb, 0xde, 0xbb, 0xde,
    0xbb, 0xde, 0xbb, 0xde, 0xbb, 0xde, 0xbb, 0xde, 0xbb, 0xde, 0xbb, 0xde, 0xbb, 0xde, 0xbb, 0xde,
    0xbb, 0xde, 0xbb, 0xd6, 0xbb, 0xd6, 0xbb, 0xd6, 0xbb, 0xd6, 0xbb, 0xde, 0xbb, 0xd6, 0xbb, 0xde,
    0xbb, 0xde, 0xbb, 0xd6, 0xbb, 0xd6, 0xbb, 0xd6, 0xbb, 0xde, 0xbb, 0xde, 0xbb, 0xde, 0xbb, 0xd6,
    0xbb, 0xd6, 0xbb, 0xd6, 0xbb, 0xd6, 0xbb, 0xd6, 0xbb, 0xd6, 0xbb, 0xd6, 0xbb, 0xde, 0xbb, 0xd6,
    0xbb, 0xd6, 0xbb, 0xde, 0xbb, 0xde, 0xbb, 0xde, 0xbb, 0xd6, 0xbb, 0xde, 0xbb, 0xde, 0xbb, 0xde,
    0xbb, 0xde, 0xbb, 0xde, 0xbb, 0xde, 0xbb, 0xde, 0xbb, 0xde, 0xbb, 0xde, 0xbb, 0xde, 0xbb, 0xde,
    0xbb, 0xd6, 0xbb, 0xd6, 0xbb, 0xd6, 0xbb, 0xde, 0xbb, 0xde, 0xbb, 0xd6, 0xbb, 0xd6, 0xbb, 0xd6,
    0xbb, 0xde, 0xbb, 0xde, 0xbb, 0xde, 0xbb, 0xde, 0xbb, 0xde, 0xbb, 0xde, 0xbb, 0xde, 0xbb, 0xde,
    0xbb, 0xd6, 0xbb, 0xde, 0xbb, 0xd6, 0xbb, 0xde, 0xbb, 0xde, 0xbb, 0xde, 0xbb, 0xde, 0xbb, 0xde,
    0xbb, 0xd6, 0xbb, 0xd6, 0xbb, 0xd6, 0xbb, 0xd6, 0xbb, 0xd6, 0xbb, 0xde, 0xbb, 0xde, 0xbb, 0xde,
    0xbb, 0xde, 0xbb, 0xde, 0xbb, 0xde, 0xbb, 0xd6, 0xbb, 0xd6, 0xbb, 0xd6, 0xbb, 0xd6, 0xbb, 0xd6,
    0xbb, 0xde, 0xbb, 0xde, 0xbb, 0xde, 0xbb, 0xd6, 0xbb, 0xd6, 0xbb, 0xd6, 0xbb, 0xd6, 0xbb, 0xd6,
    0xbb, 0xd6, 0xbb, 0xd6, 0xbb, 0xd6, 0xbb, 0xd6, 0xbb, 0xd6, 0xbb, 0xd6, 0xbb, 0xd6, 0xbb, 0xd6,
    0xbb, 0xde, 0xbb, 0xde, 0xbb, 0xde, 0xbb, 0xde, 0xbb, 0xde, 0xbb, 0xde, 0xbb, 0xde, 0xbb, 0xde,
    0xbb, 0xd6, 0xbb, 0xd6, 0xbb, 0xd6, 0xbb, 0xde, 0xbb, 0xde, 0xbb, 0xd6, 0x9b, 0xd6, 0x9b, 0xd6,
    0x9b, 0xd6, 0x9b, 0xd6, 0xbb, 0xd6, 0xbb, 0xde, 0xbb, 0xd6, 0xbb, 0xde, 0xbb, 0xde, 0xbb, 0xde,
    0xbb, 0xde, 0xbb, 0xd6, 0xbb, 0xd6, 0x9b, 0xd6, 0xbb, 0xd6, 0xbb, 0xd6, 0xbb, 0xd6, 0xbb, 0xd6,
    0x9b, 0xd6, 0x9b, 0xd6, 0x9b, 0xd6, 0x9b, 0xd6, 0x9b, 0xd6, 0x9b, 0xd6, 0x9b, 0xd6, 0x9b, 0xd6,
    0x9b, 0xd6, 0xbb, 0xd6, 0xbb, 0xd6, 0xbb, 0xde, 0xbb, 0xde, 0xbb, 0xd6, 0xbb, 0xd6, 0xbb, 0xd6,
    0xbb, 0xde, 0xbb, 0xde, 0xbb, 0xd6, 0xbb, 0xd6, 0x9b, 0xd6, 0xfc, 0xde, 0x9e, 0xf7, 0x9d, 0xf7,
    0xbf, 0xf7, 0x39, 0xc6, 0x53, 0x8c, 0x94, 0x94, 0x73, 0x8c, 0x77, 0xb5, 0xbb, 0xd6, 0xbb, 0xd6,
    0xbb, 0xd6, 0x5d, 0xef, 0xbe, 0xf7, 0xbe, 0xf7, 0x9e, 0xf7, 0xeb, 0x5a, 0x45, 0x29, 0x86, 0x31,
    0x66, 0x29, 0x4f, 0x21, 0x71, 0x21, 0x71, 0x21, 0x71, 0x21, 0x72, 0x21, 0x4f, 0x21, 0x65, 0x29,
    0x65, 0x31, 0x25, 0x21, 0xaa, 0x52, 0xbe, 0xf7, 0xdf, 0xff, 0xdf, 0xff, 0x7e, 0xf7, 0xbb, 0xd6,
    0xbb, 0xd6, 0xdc, 0xde, 0x97, 0xb5, 0x53, 0x8c, 0x94, 0x94, 0x73, 0x8c, 0x39, 0xc6, 0xbf, 0xf7,
    0x7e, 0xf7, 0x9e, 0xf7, 0xfc, 0xe6, 0xbb, 0xde, 0xbb, 0xde, 0xbb, 0xde, 0xbb, 0xde, 0xbb, 0xde,
    0xbb, 0xde, 0xbb, 0xd6, 0xbb, 0xd6, 0xbb, 0xd6, 0xbb, 0xde, 0xbb, 0xde, 0xbb, 0xde, 0xbb, 0xde,
    0xbb, 0xde, 0xbb, 0xde, 0xbb, 0xde, 0xbb, 0xde, 0xbb, 0xde, 0xbb, 0xde, 0xbb, 0xde, 0xbb, 0xde,
    0xbb, 0xde, 0xbb, 0xde, 0xbb, 0xde, 0xbb, 0xde, 0xbb, 0xde, 0xbb, 0xd6, 0xbb, 0xd6, 0xbb, 0xd6,
    0xbb, 0xd6, 0xbb, 0xd6, 0xbb, 0xd6, 0xbb, 0xd6, 0xbb, 0xd6, 0xbb, 0xd6, 0xbb, 0xd6, 0xbb, 0xd6,
    0xbb, 0xde, 0xbb, 0xde, 0xbb, 0xd6, 0xbb, 0xde, 0xbb, 0xde, 0xbb, 0xd6, 0xbb, 0xde, 0xbb, 0xd6,
    0xbb, 0xd6, 0xbb, 0xd6, 0xbb, 0xde, 0xbb, 0xde, 0xbb, 0xd6, 0xbb, 0xd6, 0xbb, 0xd6, 0xbb, 0xd6,
    0xbb, 0xde, 0xbb, 0xde, 0xbb, 0xde, 0xbb, 0xde, 0xbb, 0xde, 0xbb, 0xde, 0xbb, 0xde, 0xbb, 0xde,
    0xbb, 0xde, 0xbb, 0xde, 0xbb, 0xde, 0xbb, 0xde, 0xbb, 0xd6, 0xbb, 0xd6, 0xbb, 0xd6, 0xbb, 0xde,
    0xbb, 0xde, 0xbb, 0xd6, 0xbb, 0xd6, 0xbb, 0xd6, 0xbb, 0xde, 0xbb, 0xde, 0xbb, 0xde, 0xbb, 0xde,
    0xbb, 0xde, 0xbb, 0xde, 0xbb, 0xde, 0xbb, 0xd6, 0xbb, 0xde, 0xbb, 0xd6, 0xbb, 0xd6, 0xbb, 0xd6,
    0xbb, 0xd6, 0xbb, 0xde, 0xbb, 0xde, 0xbb, 0xde, 0xbb, 0xde, 0xbb, 0xd6, 0xbb, 0xd6, 0xbb, 0xd6,
    0xbb, 0xd6, 0xbb, 0xde, 0xbb, 0xde, 0xbb, 0xde, 0xbb, 0xde, 0xbb, 0xde, 0xbb, 0xde, 0xbb, 0xd6,
    0xbb, 0xd6, 0xbb, 0xd6, 0xbb, 0xd6, 0xbb, 0xd6, 0xbb, 0xde, 0xbb, 0xde, 0xbb, 0xde, 0xbb, 0xde,
    0xbb, 0xd6, 0xbb, 0xd6, 0xbb, 0xde, 0xbb, 0xd6, 0xbb, 0xd6, 0xbb, 0xd6, 0xbb, 0xd6, 0xbb, 0xd6,
    0xbb, 0xde, 0xbb, 0xde, 0xbb, 0xde, 0xbb, 0xde, 0xbb, 0xde, 0xbb, 0xde, 0xbb, 0xde, 0xbb, 0xde,
    0xbb, 0xde, 0xbb, 0xde, 0xbb, 0xde, 0xbb, 0xde, 0xbb, 0xd6, 0xbb, 0xd6, 0xbb, 0xd6, 0xbb, 0xde,
    0xbb, 0xde, 0xbb, 0xd6, 0x9b, 0xd6, 0xbb, 0xd6, 0xbb, 0xd6, 0xbb, 0xd6, 0xbb, 0xd6, 0xbb, 0xde,
    0xbb, 0xde, 0xbb, 0xde, 0xbb, 0xde, 0xbb, 0xde, 0xbb, 0xde, 0xbb, 0xde, 0xbb, 0xde, 0xbb, 0xd6,
    0xbb, 0xd6, 0xbb, 0xd6, 0xbb, 0xd6, 0xbb, 0xd6, 0x9b, 0xd6, 0x9b, 0xd6, 0x9b, 0xd6, 0x9b, 0xd6,
    0x9b, 0xd6, 0x9b, 0xd6, 0x9b, 0xd6, 0x9b, 0xd6, 0x9b, 0xd6, 0xbb, 0xd6, 0xbb, 0xd6, 0xbb, 0xde,
    0xbb, 0xd6, 0xbb, 0xd6, 0xbb, 0xd6, 0xbb, 0xd6, 0xbb, 0xde, 0xbb, 0xd6, 0xbb, 0xde, 0xbb, 0xde,
    0xbb, 0xd6, 0xfc, 0xde, 0x9e, 0xf7, 0x9d, 0xf7, 0xbf, 0xf7, 0x39, 0xc6, 0x53, 0x8c, 0x94, 0x94,
    0x73, 0x8c, 0x77, 0xad, 0xbb, 0xd6, 0xbb, 0xd6, 0x9b, 0xd6, 0x5d, 0xef, 0xbe, 0xf7, 0xbe, 0xf7,
    0x9e, 0xf7, 0xeb, 0x5a, 0x45, 0x29, 0x86, 0x31, 0x66, 0x29, 0x4f, 0x21, 0x71, 0x21, 0x71, 0x21,
    0x71, 0x21, 0x72, 0x21, 0x4f, 0x21, 0x65, 0x29, 0x65, 0x29, 0x24, 0x21, 0xaa, 0x52, 0xbe, 0xf7,
    0xdf, 0xff, 0xdf, 0xff, 0x7e, 0xf7, 0xbb, 0xde, 0xbb, 0xd6, 0xdc, 0xde, 0x97, 0xb5, 0x53, 0x8c,
    0x94, 0x94, 0x73, 0x8c, 0x39, 0xc6, 0xbf, 0xf7, 0x7e, 0xf7, 0x9e, 0xf7, 0xfc, 0xe6, 0xbb, 0xd6,
    0xbb, 0xde, 0xbb, 0xde, 0xbb, 0xde, 0xbb, 0xde, 0xbb, 0xde, 0xbb, 0xde, 0xbb, 0xde, 0xbb, 0xde,
    0xbb, 0xd6, 0xbb, 0xd6, 0xbb, 0xd6, 0xbb, 0xde, 0xbb, 0xde, 0xbb, 0xde, 0xbb, 0xde, 0xbb, 0xde,
    0xbb, 0xde, 0xbb, 0xde, 0xbb, 0xde, 0xbb, 0xde, 0xbb, 0xde, 0xbb, 0xde, 0xbb, 0xde, 0xbb, 0xd6,
    0xbb, 0xd6, 0xbb, 0xd6, 0xbb, 0xd6, 0xbb, 0xd6, 0xbb, 0xde, 0xbb, 0xd6, 0xbb, 0xd6, 0xbb, 0xd6,
    0xbb, 0xd6, 0xbb, 0xd6, 0xbb, 0xde, 0xbb, 0xde, 0xbb, 0xde, 0xbb, 0xde, 0xbb, 0xd6, 0xbb, 0xde,
    0xbb, 0xde, 0xbb, 0xde, 0xbb, 0xd6, 0xbb, 0xd6, 0xbb, 0xd6, 0xbb, 0xd6, 0xbb, 0xde, 0xbb, 0xde,
    0xbb, 0xd6, 0xbb, 0xd6, 0xbb, 0xd6, 0xbb, 0xd6, 0xbb, 0xde, 0xbb, 0xde, 0xbb, 0xde, 0xbb, 0xde,
    0xbb, 0xde, 0xbb, 0xde, 0xbb, 0xde, 0xbb, 0xde, 0xbb, 0xde, 0xbb, 0xde, 0xbb, 0xde, 0xbb, 0xde,
    0xbb, 0xd6, 0xbb, 0xd6, 0xbb, 0xd6, 0xbb, 0xde, 0xbb, 0xde, 0xbb, 0xd6, 0xbb, 0xd6, 0xbb, 0xd6,
    0xbb, 0xde, 0xbb, 0xde, 0xbb, 0xde, 0xbb, 0xde, 0xbb, 0xd6, 0xbb, 0xde, 0xbb, 0xde, 0xbb, 0xde,
    0xbb, 0xde, 0xbb, 0xde, 0xbb, 0xd6, 0xbb, 0xd6, 0xbb, 0xd6, 0xbb, 0xde, 0xbb, 0xde, 0xbb, 0xde,
    0xbb, 0xde, 0xbb, 0xde, 0xbb, 0xde, 0xbb, 0xde, 0xbb, 0xde, 0xbb, 0xde, 0xbb, 0xde, 0xbb, 0xde,
    0xbb, 0xde, 0xbb, 0xd6, 0xbb, 0xd6, 0xbb, 0xd6, 0xbb, 0xd6, 0xbb, 0xde, 0xbb, 0xde, 0xbb, 0xd6,
    0xbb, 0xd6, 0xbb, 0xd6, 0xbb, 0xde, 0xbb, 0xd6, 0xbb, 0xde, 0xbb, 0xde, 0xbb, 0xde, 0xbb, 0xd6,
    0xbb, 0xd6, 0xbb, 0xd6, 0xbb, 0xd6, 0xbb, 0xde, 0xbb, 0xde, 0xbb, 0xd6, 0xbb, 0xd6, 0xbb, 0xd6,
    0xbb, 0xde, 0xbb, 0xde, 0xbb, 0xde, 0xbb, 0xde, 0xbb, 0xde, 0xbb, 0xde, 0xbb, 0xde, 0xbb, 0xde,
    0xbb, 0xde, 0xbb, 0xde, 0xbb, 0xde, 0xbb, 0xde, 0xbb, 0xd6, 0xbb, 0xd6, 0xbb, 0xd6, 0xbb, 0xd6,
    0xbb, 0xd6, 0xbb, 0xd6, 0xbb, 0xd6, 0xbb, 0xd6, 0xbb, 0xde, 0xbb, 0xd6, 0xbb, 0xd6, 0xbb, 0xde,
    0xbb, 0xd6, 0xbb, 0xd6, 0xbb, 0xd6, 0xbb, 0xd6, 0xbb, 0xd6, 0xbb, 0xd6, 0x9b, 0xd6, 0x9b, 0xd6,
    0xbb, 0xd6, 0xbb, 0xd6, 0xbb, 0xd6, 0xbb, 0xd6, 0x9b, 0xd6, 0x9b, 0xd6, 0x9b, 0xd6, 0x9b, 0xd6,
    0xbb, 0xd6, 0xbb, 0xd6, 0xbb, 0xd6, 0xbb, 0xd6, 0xbb, 0xd6, 0xbb, 0xd6, 0xbb, 0xd6, 0xbb, 0xd6,
    0xbb, 0xd6, 0xbb, 0xd6, 0xbb, 0xd6, 0xbb, 0xd6, 0xbb, 0xd6, 0xfc, 0xde, 0x9e, 0xf7, 0x9d, 0xf7,
    0xdf, 0xf7, 0x39, 0xc6, 0x53, 0x8c, 0x94, 0x94, 0x73, 0x8c, 0x77, 0xad, 0xbb, 0xd6, 0xbb, 0xd6,
    0x9b, 0xd6, 0x5d, 0xef, 0xbe, 0xf7, 0xbe, 0xf7, 0x9e, 0xf7, 0xeb, 0x5a, 0x45, 0x29, 0x86, 0x31,
    0x66, 0x29, 0x4f, 0x21, 0x71, 0x21, 0x71, 0x21, 0x71, 0x21, 0x72, 0x21, 0x4f, 0x21, 0x45, 0x29,
    0x65, 0x29, 0x24, 0x21, 0xaa, 0x52, 0xbe, 0xf7, 0xdf, 0xff, 0xdf, 0xff, 0x9e, 0xf7, 0xbb, 0xde,
    0xbb, 0xd6, 0xdc, 0xde, 0x97, 0xb5, 0x53, 0x8c, 0x94, 0x94, 0x73, 0x8c, 0x39, 0xc6, 0xbf, 0xf7,
    0x7e, 0xf7, 0x9e, 0xf7, 0xfc, 0xe6, 0xbb, 0xd6, 0xbb, 0xde, 0xbb, 0xde, 0xbb, 0xde, 0xbb, 0xde,
    0xbb, 0xde, 0xbb, 0xde, 0xbb, 0xde, 0xbb, 0xde, 0xbb, 0xd6, 0xbb, 0xd6, 0xbb, 0xd6, 0xbb, 0xd6,
    0xbb, 0xde, 0xbb, 0xde, 0xbb, 0xde, 0xbb, 0xde, 0xbb, 0xde, 0xbb, 0xde, 0xbb, 0xde, 0xbb, 0xde,
    0xbb, 0xde, 0xbb, 0xde, 0xbb, 0xde, 0xbb, 0xd6, 0xbb, 0xd6, 0xbb, 0xde, 0xbb, 0xde, 0xbb, 0xd6,
    0xbb, 0xde, 0xbb, 0xde, 0xbb, 0xd6, 0xbb, 0xd6, 0xbb, 0xd6, 0xbb, 0xde, 0xbb, 0xde, 0xbb, 0xde,
    0xbb, 0xde, 0xbb, 0xde, 0xbb, 0xde, 0xbb, 0xde, 0xbb, 0xde, 0xbb, 0xde, 0xbb, 0xd6, 0xbb, 0xd6,
    0xbb, 0xd6, 0xbb, 0xde, 0xbb, 0xde, 0xbb, 0xde, 0xbb, 0xde, 0xbb, 0xd6, 0xbb, 0xd6, 0xbb, 0xde,
    0xbb, 0xde, 0xbb, 0xde, 0xbb, 0xde, 0xbb, 0xde, 0xbb, 0xde, 0xbb, 0xde, 0xbb, 0xde, 0xbb, 0xde,
    0xbb, 0xde, 0xbb, 0xde, 0xbb, 0xde, 0xbb, 0xde, 0xbb, 0xd6, 0xbb, 0xd6, 0xbb, 0xd6, 0xbb, 0xde,
    0xbb, 0xde, 0xbb, 0xde, 0xbb, 0xd6, 0xbb, 0xd6, 0xbb, 0xde, 0xbb, 0xde, 0xbb, 0xde, 0xbb, 0xd6,
    0xbb, 0xd6, 0xbb, 0xd6, 0xbb, 0xd6, 0xbb, 0xde, 0xbb, 0xde, 0xbb, 0xde, 0xbb, 0xde, 0xbb, 0xde,
    0xbb, 0xde, 0xbb, 0xde, 0xbb, 0xde, 0xbb, 0xde, 0xbb, 0xde, 0xbb, 0xde, 0xbb, 0xde, 0xbb, 0xde,
    0xbb, 0xde, 0xbb, 0xde, 0xbb, 0xde, 0xbb, 0xde, 0xbb, 0xde, 0xbb, 0xde, 0xbb, 0xd6, 0xbb, 0xd6,
    0xbb, 0xde, 0xbb, 0xde, 0xbb, 0xde, 0xbb, 0xde, 0xbb, 0xde, 0xbb, 0xde, 0xbb, 0xde, 0xbb, 0xde,
    0xbb, 0xde, 0xbb, 0xde, 0xbb, 0xde, 0xbb, 0xd6, 0xbb, 0xde, 0xbb, 0xd6, 0xbb, 0xde, 0xbb, 0xde,
    0xbb, 0xde, 0xbb, 0xd6, 0xbb, 0xd6, 0xbb, 0xd6, 0xbb, 0xd6, 0xbb, 0xde, 0xbb, 0xde, 0xbb, 0xde,
    0xbb, 0xde, 0xbb, 0xde, 0xbb, 0xde, 0xbb, 0xde, 0xbb, 0xde, 0xbb, 0xde, 0xbb, 0xde, 0xbb, 0xde,
    0xbb, 0xde, 0xbb, 0xd6, 0xbb, 0xd6, 0xbb, 0xd6, 0xbb, 0xd6, 0xbb, 0xd6, 0xbb, 0xde, 0xbb, 0xd6,
    0xbb, 0xd6, 0xbb, 0xd6, 0xbb, 0xd6, 0xbb, 0xde, 0xbb, 0xd6, 0xbb, 0xde, 0xbb, 0xde, 0xbb, 0xd6,
    0xbb, 0xd6, 0xbb, 0xd6, 0x9b, 0xd6, 0x9b, 0xd6, 0xbb, 0xd6, 0xbb, 0xd6, 0xbb, 0xd6, 0xbb, 0xd6,
    0x9b, 0xd6, 0xbb, 0xd6, 0xbb, 0xd6, 0xbb, 0xd6, 0xbb, 0xd6, 0xbb, 0xd6, 0xbb, 0xd6, 0xbb, 0xd6,
    0xbb, 0xd6, 0xbb, 0xd6, 0xbb, 0xd6, 0xbb, 0xd6, 0xbb, 0xd6, 0xbb, 0xd6, 0xbb, 0xd6, 0xbb, 0xd6,
    0xbb, 0xd6, 0xfc, 0xde, 0x9e, 0xf7, 0x9d, 0xf7, 0xdf, 0xf7, 0x39, 0xc6, 0x53, 0x8c, 0x94, 0x94,
    0x73, 0x8c, 0x77, 0xad, 0xbb, 0xd6, 0xbb, 0xd6, 0x9b, 0xd6, 0x5d, 0xef, 0xbe, 0xf7, 0xbe, 0xf7,
    0x9e, 0xf7, 0xeb, 0x5a, 0x45, 0x29, 0x86, 0x31, 0x66, 0x29, 0x4f, 0x21, 0x71, 0x21, 0x71, 0x21,
    0x71, 0x21, 0x72, 0x21, 0x4f, 0x21, 0x45, 0x29, 0x65, 0x29, 0x24, 0x21, 0xaa, 0x52, 0xbe, 0xf7,
    0xdf, 0xff, 0xdf, 0xff, 0x9e, 0xf7, 0xbb, 0xde, 0xbb, 0xd6, 0xdc, 0xde, 0x97, 0xb5, 0x53, 0x8c,
    0x94, 0x94, 0x73, 0x8c, 0x39, 0xc6, 0xbf, 0xf7, 0x7e, 0xf7, 0x9e, 0xf7, 0xfc, 0xe6, 0xbb, 0xd6,
    0xbb, 0xd6, 0xbb, 0xd6, 0xbb, 0xd6, 0xbb, 0xd6, 0xbb, 0xde, 0xbb, 0xde, 0xbb, 0xde, 0xbb, 0xde,
    0xbb, 0xd6, 0xbb, 0xd6, 0xbb, 0xd6, 0xbb, 0xd6, 0xbb, 0xde, 0xbb, 0xde, 0xbb, 0xde, 0xbb, 0xde,
    0xbb, 0xde, 0xbb, 0xde, 0xbb, 0xde, 0xbb, 0xde, 0xbb, 0xde, 0xbb, 0xde, 0xbb, 0xde, 0xbb, 0xde,
    0xbb, 0xd6, 0xbb, 0xde, 0xbb, 0xde, 0xbb, 0xde, 0xbb, 0xde, 0xbb, 0xde, 0xbb, 0xde, 0xbb, 0xd6,
    0xbb, 0xde, 0xbb, 0xde, 0xbb, 0xde, 0xbb, 0xde, 0xbb, 0xde, 0xbb, 0xde, 0xbb, 0xde, 0xbb, 0xde,
    0xbb, 0xde, 0xbb, 0xde, 0xbb, 0xd6, 0xbb, 0xd6, 0xbb, 0xde, 0xbb, 0xde, 0xbb, 0xde, 0xbb, 0xde,
    0xbb, 0xde, 0xbb, 0xde, 0xbb, 0xde, 0xbb, 0xde, 0xbb, 0xde, 0xbb, 0xde, 0xbb, 0xde, 0xbb, 0xde,
    0xbb, 0xde, 0xbb, 0xde, 0xbb, 0xde, 0xbb, 0xde, 0xbb, 0xde, 0xbb, 0xde, 0xbb, 0xde, 0xbb, 0xde,
    0xbb, 0xde, 0xbb, 0xd6, 0xbb, 0xd6, 0xbb, 0xde, 0xbb, 0xde, 0xbb, 0xde, 0xbb, 0xde, 0xbb, 0xde,
    0xbb, 0xde, 0xbb, 0xde, 0xbb, 0xd6, 0x9b, 0xd6, 0x9b, 0xd6, 0xbb, 0xd6, 0xbb, 0xd6, 0xbb, 0xd6,
    0xbb, 0xde, 0xbb, 0xde, 0xbb, 0xd6, 0xbb, 0xd6, 0xbb, 0xd6, 0xbb, 0xde, 0xbb, 0xde, 0xbb, 0xde,
    0xbb, 0xd6, 0xbb, 0xd6, 0xbb, 0xd6, 0xbb, 0xd6, 0xbb, 0xde, 0xbb, 0xde, 0xbb, 0xde, 0xbb, 0xde,
    0xbb, 0xde, 0xbb, 0xde, 0xbb, 0xde, 0xbb, 0xde, 0xbb, 0xde, 0xbb, 0xde, 0xbb, 0xde, 0xbb, 0xde,
    0xbb, 0xde, 0xbb, 0xde, 0xbb, 0xde, 0xbb, 0xde, 0xbb, 0xde, 0xbb, 0xde, 0xbb, 0xde, 0xbb, 0xde,
    0xbb, 0xde, 0xbb, 0xde, 0xbb, 0xde, 0xbb, 0xde, 0xbb, 0xde, 0xbb, 0xd6, 0xbb, 0xd6, 0xbb, 0xd6,
    0xbb, 0xd6, 0xbb, 0xd6, 0xbb, 0xde, 0xbb, 0xd6, 0xbb, 0xd6, 0xbb, 0xd6, 0xbb, 0xde, 0xbb, 0xde,
    0xbb, 0xde, 0xbb, 0xd6, 0xbb, 0xd6, 0xbb, 0xd6, 0xbb, 0xde, 0xbb, 0xde, 0xbb, 0xd6, 0xbb, 0xd6,
    0xbb, 0xd6, 0xbb, 0xd6, 0xbb, 0xde, 0xbb, 0xd6, 0xbb, 0xd6, 0xbb, 0xd6, 0xbb, 0xd6, 0xbb, 0xde,
    0xbb, 0xd6, 0xbb, 0xde, 0xbb, 0xde, 0xbb, 0xd6, 0xbb, 0xd6, 0xbb, 0xd6, 0x9b, 0xd6, 0x9b, 0xd6,
    0xbb, 0xd6, 0xbb, 0xd6, 0xbb, 0xd6, 0xbb, 0xd6, 0xbb, 0xd6, 0xbb, 0xd6, 0xbb, 0xd6, 0xbb, 0xd6,
    0xbb, 0xd6, 0xbb, 0xd6, 0xbb, 0xd6, 0xbb, 0xd6, 0xbb, 0xd6, 0xbb, 0xd6, 0xbb, 0xd6, 0xbb, 0xd6,
    0xbb, 0xd6, 0xbb, 0xd6, 0xbb, 0xd6, 0xbb, 0xd6, 0xbb, 0xd6, 0xfc, 0xde, 0x9e, 0xf7, 0x9d, 0xf7,
    0xdf, 0xf7, 0x39, 0xc6, 0x53, 0x8c, 0x94, 0x94, 0x73, 0x8c, 0x77, 0xad, 0xbb, 0xd6, 0xbb, 0xd6,
    0x9b, 0xd6, 0x5d, 0xef, 0xbe, 0xf7, 0xbe, 0xf7, 0x9e, 0xf7, 0xeb, 0x5a, 0x45, 0x29, 0x86, 0x31,
    0x66, 0x29, 0x4f, 0x21, 0x71, 0x21, 0x71, 0x21, 0x71, 0x21, 0x72, 0x21, 0x4e, 0x21, 0x45, 0x29,
    0x65, 0x29, 0x24, 0x21, 0xaa, 0x52, 0xbe, 0xf7, 0xdf, 0xff, 0xdf, 0xff, 0x9e, 0xf7, 0xdb, 0xde,
    0xbb, 0xd6, 0xdc, 0xde, 0x97, 0xb5, 0x53, 0x8c, 0x94, 0x94, 0x73, 0x8c, 0x39, 0xc6, 0xbf, 0xf7,
    0x7e, 0xf7, 0x9e, 0xf7, 0xfc, 0xe6, 0xbb, 0xd6, 0xbb, 0xd6, 0xbb, 0xd6, 0xbb, 0xde, 0xbb, 0xde,
    0xbb, 0xde, 0xbb, 0xde, 0xbb, 0xde, 0xbb, 0xd6, 0xbb, 0xd6, 0xbb, 0xd6, 0xbb, 0xd6, 0xbb, 0xd6,
    0xbb, 0xd6, 0xbb, 0xde, 0xbb, 0xde, 0xbb, 0xde, 0xbb, 0xde, 0xbb, 0xd6, 0xbb, 0xd6, 0xbb, 0xd6,
    0xbb, 0xde, 0xbb, 0xde, 0xbb, 0xde, 0xbb, 0xde, 0xbb, 0xde, 0xbb, 0xde, 0xbb, 0xd6, 0xbb, 0xde,
    0xbb, 0xde, 0xbb, 0xd6, 0xbb, 0xd6, 0xbb, 0xd6, 0xbb, 0xde, 0xbb, 0xde, 0xbb, 0xde, 0xbb, 0xde,
    0xbb, 0xde, 0xbb, 0xde, 0xbb, 0xde, 0xbb, 0xde, 0xbb, 0xde, 0xbb, 0xde, 0xbb, 0xd6, 0xbb, 0xd6,
    0xbb, 0xde, 0xbb, 0xde, 0xbb, 0xde, 0xbb, 0xde, 0xbb, 0xde, 0xbb, 0xde, 0xbb, 0xd6, 0xbb, 0xde,
    0xbb, 0xde, 0xbb, 0xde, 0xbb, 0xd6, 0xbb, 0xd6, 0xbb, 0xd6, 0xbb, 0xd6, 0xbb, 0xde, 0xbb, 0xd6,
    0xbb, 0xd6, 0xbb, 0xde, 0xbb, 0xde, 0xbb, 0xde, 0xbb, 0xde, 0xbb, 0xde, 0xbb, 0xde, 0xbb, 0xde,
    0xbb, 0xde, 0xbb, 0xde, 0xbb, 0xde, 0xbb, 0xde, 0xbb, 0xde, 0xbb, 0xde, 0xbb, 0xd6, 0xbb, 0xd6,
    0x9b, 0xd6, 0x9b, 0xd6, 0xbb, 0xde, 0xbb, 0xde, 0xbb, 0xde, 0xbb, 0xde, 0xbb, 0xd6, 0xbb, 0xd6,
    0xbb, 0xd6, 0xbb, 0xd6, 0xbb, 0xd6, 0xbb, 0xde, 0xbb, 0xde, 0xbb, 0xd6, 0xbb, 0xd6, 0xbb, 0xd6,
    0x9b, 0xd6, 0x9b, 0xd6, 0xbb, 0xd6, 0xbb, 0xde, 0xbb, 0xde, 0xbb, 0xde, 0xbb, 0xde, 0xbb, 0xde,
    0xbb, 0xde, 0xbb, 0xde, 0xbb, 0xde, 0xbb, 0xd6, 0xbb, 0xde, 0xbb, 0xde, 0xbb, 0xde, 0xbb, 0xde,
    0xbb, 0xde, 0xbb, 0xde, 0xbb, 0xde, 0xbb, 0xde, 0xbb, 0xde, 0xbb, 0xde, 0xbb, 0xde, 0xbb, 0xde,
    0xbb, 0xd6, 0xbb, 0xde, 0xbb, 0xd6, 0xbb, 0xd6, 0xdb, 0xde, 0xdb, 0xde, 0xdb, 0xde, 0xdb, 0xde,
    0xdb, 0xde, 0xdb, 0xde, 0xdb, 0xde, 0xdb, 0xde, 0xdb, 0xde, 0xdb, 0xde, 0xdb, 0xde, 0xdb, 0xde,
    0xfb, 0xde, 0xfc, 0xde, 0xdb, 0xde, 0xbb, 0xd6, 0xbb, 0xd6, 0xbb, 0xd6, 0xbb, 0xd6, 0xbb, 0xd6,
    0xbb, 0xde, 0xbb, 0xd6, 0xbb, 0xd6, 0xbb, 0xd6, 0xbb, 0xd6, 0xbb, 0xde, 0xbb, 0xde, 0xbb, 0xd6,
    0xbb, 0xd6, 0xbb, 0xd6, 0xbb, 0xd6, 0x9b, 0xd6, 0xbb, 0xd6, 0xbb, 0xd6, 0xbb, 0xd6, 0xbb, 0xd6,
    0xbb, 0xd6, 0xbb, 0xd6, 0xbb, 0xd6, 0xbb, 0xde, 0xbb, 0xd6, 0xbb, 0xd6, 0xbb, 0xd6, 0xbb, 0xde,
    0xbb, 0xde, 0xbb, 0xd6, 0xbb, 0xd6, 0xbb, 0xd6, 0xbb, 0xd6, 0xbb, 0xd6, 0xbb, 0xd6, 0xbb, 0xd6,
    0xbb, 0xd6, 0xfc, 0xde, 0x9e, 0xf7, 0x9d, 0xf7, 0xdf, 0xff, 0x39, 0xc6, 0x53, 0x8c, 0x94, 0x94,
    0x73, 0x8c, 0x97, 0xb5, 0xbb, 0xd6, 0xbb, 0xd6, 0x9b, 0xd6, 0x5d, 0xef, 0xbe, 0xf7, 0xbe, 0xf7,
    0x9e, 0xf7, 0xeb, 0x5a, 0x45, 0x29, 0x86, 0x31, 0x66, 0x29, 0x4f, 0x21, 0x71, 0x21, 0x71, 0x21,
    0x71, 0x21, 0x72, 0x21, 0x4e, 0x21, 0x45, 0x29, 0x65, 0x29, 0x24, 0x21, 0xaa, 0x52, 0xbe, 0xf7,
    0xdf, 0xff, 0xdf, 0xff, 0x9e, 0xf7, 0xdb, 0xde, 0xbb, 0xd6, 0xdc, 0xde, 0x97, 0xb5, 0x53, 0x8c,
    0x94, 0x94, 0x73, 0x8c, 0x39, 0xc6, 0xbf, 0xf7, 0x7e, 0xf7, 0x9e, 0xf7, 0xfc, 0xe6, 0xbb, 0xd6,
    0xbb, 0xde, 0xbb, 0xd6, 0xbb, 0xde, 0xbb, 0xde, 0xbb, 0xde, 0xbb, 0xde, 0xbb, 0xde, 0xbb, 0xd6,
    0xbb, 0xd6, 0xbb, 0xd6, 0xbb, 0xde, 0xbb, 0xd6, 0xbb, 0xde, 0xbb, 0xde, 0xbb, 0xde, 0xbb, 0xde,
    0xbb, 0xde, 0xbb, 0xde, 0xbb, 0xde, 0xbb, 0xde, 0xbb, 0xde, 0xbb, 0xde, 0xbb, 0xde, 0xbb, 0xde,
    0xbb, 0xde, 0xbb, 0xde, 0xbb, 0xd6, 0xbb, 0xde, 0xbb, 0xde, 0xbb, 0xde, 0xbb, 0xde, 0xbb, 0xde,
    0xbb, 0xde, 0xbb, 0xde, 0xbb, 0xde, 0xbb, 0xde, 0xbb, 0xde, 0xbb, 0xde, 0xbb, 0xde, 0xbb, 0xde,
    0xbb, 0xde, 0xbb, 0xde, 0xbb, 0xde, 0xbb, 0xde, 0xbb, 0xde, 0xbb, 0xde, 0xbb, 0xde, 0xbb, 0xde,
    0xbb, 0xde, 0xbb, 0xde, 0xbb, 0xde, 0xbb, 0xde, 0xbb, 0xde, 0xbb, 0xd6, 0xbb, 0xd6, 0xbb, 0xd6,
    0xbb, 0xd6, 0xbb, 0xd6, 0xbb, 0xde, 0xbb, 0xd6, 0xbb, 0xde, 0xbb, 0xde, 0xbb, 0xde, 0xbb, 0xde,
    0xbb, 0xde, 0xbb, 0xde, 0xbb, 0xde, 0xbb, 0xde, 0xbb, 0xde, 0xbb, 0xd6, 0xbb, 0xd6, 0xbb, 0xd6,
    0xbb, 0xd6, 0xbb, 0xd6, 0xbb, 0xd6, 0xbb, 0xd6, 0xbb, 0xd6, 0xbb, 0xd6, 0xbb, 0xde, 0xbb, 0xde,
    0xbb, 0xd6, 0xbb, 0xd6, 0xbb, 0xd6, 0xbb, 0xd6, 0xbb, 0xd6, 0xbb, 0xd6, 0xbb, 0xd6, 0xbb, 0xde,
    0xbb, 0xde, 0xbb, 0xd6, 0xbb, 0xd6, 0xbb, 0xd6, 0x9b, 0xd6, 0x9b, 0xd6, 0xbb, 0xd6, 0xbb, 0xd6,
    0xbb, 0xde, 0xbb, 0xde, 0xbb, 0xde, 0xbb, 0xd6, 0xbb, 0xd6, 0xbb, 0xd6, 0xbb, 0xd6, 0xbb, 0xde,
    0xbb, 0xde, 0xbb, 0xde, 0xbb, 0xde, 0xbb, 0xde, 0xbb, 0xde, 0xbb, 0xde, 0xbb, 0xde, 0xbb, 0xde,
    0xbb, 0xde, 0xbb, 0xde, 0xbb, 0xd6, 0xbb, 0xd6, 0xbb, 0xd6, 0xbb, 0xd6, 0xbb, 0xd6, 0xbb, 0xd6,
    0xaf, 0x73, 0x28, 0x42, 0x49, 0x4a, 0x69, 0x4a, 0x6a, 0x4a, 0x6a, 0x4a, 0x69, 0x4a, 0x69, 0x4a,
    0x69, 0x4a, 0x69, 0x4a, 0x69, 0x4a, 0x69, 0x4a, 0x8a, 0x52, 0x29, 0x42, 0x2c, 0x63, 0x7a, 0xce,
    0x9b, 0xd6, 0x9b, 0xd6, 0xbb, 0xd6, 0xbb, 0xd6, 0xbb, 0xd6, 0xbb, 0xde, 0xbb, 0xde, 0xbb, 0xde,
    0xbb, 0xde, 0xbb, 0xd6, 0xbb, 0xde, 0xbb, 0xde, 0xbb, 0xde, 0xbb, 0xde, 0xbb, 0xd6, 0xbb, 0xd6,
    0xbb, 0xd6, 0xbb, 0xde, 0xbb, 0xd6, 0xbb, 0xd6, 0xbb, 0xd6, 0xbb, 0xd6, 0xbb, 0xd6, 0xbb, 0xd6,
    0xbb, 0xd6, 0xbb, 0xd6, 0xbb, 0xde, 0xbb, 0xde, 0xbb, 0xde, 0xbb, 0xd6, 0xbb, 0xd6, 0xbb, 0xd6,
    0xbb, 0xd6, 0xbb, 0xd6, 0xbb, 0xd6, 0xbb, 0xd6, 0xbb, 0xd6, 0xfc, 0xde, 0x9e, 0xf7, 0x9d, 0xf7,
    0xdf, 0xff, 0x39, 0xc6, 0x53, 0x8c, 0x94, 0x94, 0x73, 0x8c, 0x97, 0xb5, 0xbb, 0xd6, 0xbb, 0xd6,
    0x9b, 0xd6, 0x5d, 0xef, 0xbe, 0xf7, 0xbe, 0xf7, 0x9e, 0xf7, 0xeb, 0x5a, 0x45, 0x29, 0x86, 0x31,
    0x66, 0x29, 0x4f, 0x21, 0x71, 0x21, 0x71, 0x21, 0x71, 0x21, 0x72, 0x21, 0x4e, 0x21, 0x45, 0x29,
    0x65, 0x29, 0x24, 0x21, 0xaa, 0x52, 0xbe, 0xf7, 0xdf, 0xff, 0xdf, 0xff, 0x9e, 0xf7, 0xdb, 0xde,
    0xbb, 0xd6, 0xdc, 0xde, 0x97, 0xb5, 0x53, 0x8c, 0x94, 0x94, 0x73, 0x8c, 0x39, 0xc6, 0xbf, 0xf7,
    0x7e, 0xf7, 0x7e, 0xf7, 0xfc, 0xe6, 0xbb, 0xd6, 0xbb, 0xde, 0xbb, 0xd6, 0xbb, 0xde, 0xbb, 0xde,
    0xbb, 0xde, 0xbb, 0xde, 0xbb, 0xde, 0xbb, 0xd6, 0xbb, 0xd6, 0xbb, 0xde, 0xbb, 0xde, 0xbb, 0xde,
    0xbb, 0xde, 0xbb, 0xde, 0xbb, 0xde, 0xbb, 0xde, 0xbb, 0xde, 0xbb, 0xde, 0xbb, 0xde, 0xbb, 0xde,
    0xbb, 0xd6, 0xbb, 0xd6, 0xbb, 0xde, 0xbb, 0xde, 0xbb, 0xd6, 0xbb, 0xd6, 0xbb, 0xd6, 0xbb, 0xde,
    0xbb, 0xde, 0xbb, 0xde, 0xbb, 0xde, 0xbb, 0xde, 0xbb, 0xde, 0xbb, 0xde, 0xbb, 0xde, 0xbb, 0xde,
    0xbb, 0xde, 0xbb, 0xde, 0xbb, 0xde, 0xbb, 0xde, 0xbb, 0xde, 0xbb, 0xde, 0xbb, 0xde, 0xbb, 0xde,
    0xbb, 0xde, 0xbb, 0xde, 0xbb, 0xde, 0xbb, 0xde, 0xbb, 0xde, 0xbb, 0xde, 0xbb, 0xde, 0xbb, 0xde,
    0xbb, 0xd6, 0xbb, 0xd6, 0xbb, 0xd6, 0xbb, 0xde, 0xbb, 0xd6, 0xbb, 0xd6, 0xbb, 0xde, 0xbb, 0xd6,
    0xbb, 0xd6, 0xbb, 0xde, 0xbb, 0xde, 0xbb, 0xde, 0xbb, 0xde, 0xbb, 0xde, 0xbb, 0xde, 0xbb, 0xde,
    0xbb, 0xde, 0xbb, 0xd6, 0xbb, 0xd6, 0xbb, 0xd6, 0xbb, 0xd6, 0xbb, 0xd6, 0xbb, 0xd6, 0xbb, 0xde,
    0xbb, 0xde, 0xbb, 0xde, 0xbb, 0xde, 0xbb, 0xde, 0xbb, 0xd6, 0xbb, 0xd6, 0xbb, 0xd6, 0xbb, 0xd6,
    0xbb, 0xd6, 0xbb, 0xd6, 0xbb, 0xd6, 0xbb, 0xde, 0xbb, 0xde, 0xbb, 0xd6, 0xbb, 0xd6, 0xbb, 0xd6,
    0xbb, 0xd6, 0xbb, 0xd6, 0xbb, 0xd6, 0xbb, 0xde, 0xbb, 0xde, 0xbb, 0xde, 0xbb, 0xde, 0xbb, 0xde,
    0xbb, 0xde, 0xbb, 0xde, 0xbb, 0xde, 0xbb, 0xde, 0xbb, 0xde, 0xbb, 0xde, 0xbb, 0xde, 0xbb, 0xde,
    0xbb, 0xde, 0xbb, 0xde, 0xbb, 0xde, 0xbb, 0xde, 0xbb, 0xde, 0xbb, 0xd6, 0xfc, 0xde, 0x1c, 0xe7,
    0xfc, 0xe6, 0xfc, 0xde, 0x1c, 0xe7, 0x1c, 0xe7, 0xe7, 0x39, 0x00, 0x00, 0x00, 0x00, 0x00, 0x00,
    0x00, 0x00, 0x00, 0x00, 0x00, 0x00, 0x00, 0x00, 0x00, 0x00, 0x00, 0x00, 0x00, 0x00, 0x00, 0x00,
    0x00, 0x00, 0x00, 0x00, 0x45, 0x29, 0xdb, 0xde, 0xfc, 0xe6, 0xdc, 0xde, 0xfc, 0xde, 0xfc, 0xde,
    0xfc, 0xde, 0xbb, 0xde, 0xbb, 0xde, 0xbb, 0xde, 0xbb, 0xde, 0xbb, 0xd6, 0xbb, 0xde, 0xbb, 0xde,
    0xbb, 0xde, 0xbb, 0xde, 0xbb, 0xde, 0xbb, 0xd6, 0xbb, 0xde, 0xbb, 0xde, 0xbb, 0xd6, 0xbb, 0xd6,
    0xbb, 0xd6, 0xbb, 0xd6, 0xbb, 0xd6, 0xbb, 0xd6, 0xbb, 0xd6, 0xbb, 0xde, 0xbb, 0xde, 0xbb, 0xde,
    0xbb, 0xde, 0xbb, 0xd6, 0xbb, 0xd6, 0xbb, 0xd6, 0xbb, 0xd6, 0xbb, 0xd6, 0xbb, 0xd6, 0xbb, 0xd6,
    0xbb, 0xd6, 0xfc, 0xde, 0x9e, 0xf7, 0x9d, 0xf7, 0xdf, 0xff, 0x39, 0xc6, 0x53, 0x8c, 0x94, 0x94,
    0x73, 0x8c, 0x97, 0xb5, 0xbb, 0xd6, 0xbb, 0xd6, 0x9b, 0xd6, 0x5d, 0xef, 0xbe, 0xf7, 0xbe, 0xf7,
    0x9e, 0xf7, 0xeb, 0x5a, 0x45, 0x29, 0x86, 0x31, 0x66, 0x29, 0x4f, 0x21, 0x71, 0x21, 0x71, 0x21,
    0x71, 0x21, 0x72, 0x21, 0x4f, 0x21, 0x45, 0x29, 0x65, 0x29, 0x24, 0x21, 0xaa, 0x52, 0xbe, 0xf7,
    0xdf, 0xff, 0xdf, 0xff, 0x9e, 0xf7, 0xdb, 0xde, 0xbb, 0xd6, 0xdc, 0xde, 0x97, 0xb5, 0x73, 0x8c,
    0x94, 0x94, 0x73, 0x8c, 0x39, 0xc6, 0xbf, 0xf7, 0x7e, 0xf7, 0x9e, 0xf7, 0xfc, 0xe6, 0xbb, 0xd6,
    0xbb, 0xd6, 0xbb, 0xd6, 0xbb, 0xd6, 0xbb, 0xd6, 0xbb, 0xde, 0xbb, 0xde, 0xbb, 0xd6, 0xbb, 0xd6,
    0xbb, 0xde, 0xbb, 0xde, 0xbb, 0xde, 0xbb, 0xde, 0xbb, 0xde, 0xbb, 0xd6, 0xbb, 0xde, 0xbb, 0xde,
    0xbb, 0xde, 0xbb, 0xde, 0xbb, 0xde, 0xbb, 0xde, 0xbb, 0xd6, 0xbb, 0xd6, 0xbb, 0xd6, 0xbb, 0xde,
    0xbb, 0xde, 0xbb, 0xd6, 0xbb, 0xd6, 0xbb, 0xde, 0xbb, 0xde, 0xbb, 0xde, 0xbb, 0xde, 0xbb, 0xde,
    0xbb, 0xde, 0xbb, 0xd6, 0xbb, 0xd6, 0xbb, 0xd6, 0xbb, 0xd6, 0xbb, 0xd6, 0xbb, 0xde, 0xbb, 0xde,
    0xbb, 0xde, 0xbb, 0xde, 0xbb, 0xde, 0xbb, 0xde, 0xbb, 0xde, 0xbb, 0xde, 0xbb, 0xd6, 0xbb, 0xd6,
    0xbb, 0xd6, 0xbb, 0xde, 0xbb, 0xde, 0xbb, 0xde, 0xbb, 0xd6, 0xbb, 0xd6, 0xbb, 0xde, 0xbb, 0xde,
    0xbb, 0xde, 0xbb, 0xd6, 0xbb, 0xde, 0xbb, 0xde, 0xbb, 0xd6, 0xbb, 0xd6, 0xbb, 0xd6, 0xbb, 0xd6,
    0xbb, 0xde, 0xbb, 0xde, 0xbb, 0xde, 0xbb, 0xde, 0xbb, 0xde, 0xbb, 0xde, 0xbb, 0xd6, 0xbb, 0xd6,
    0xbb, 0xde, 0xbb, 0xde, 0xbb, 0xde, 0xbb, 0xde, 0xbb, 0xde, 0xbb, 0xd6, 0xbb, 0xde, 0xbb, 0xde,
    0xbb, 0xd6, 0xbb, 0xd6, 0xbb, 0xd6, 0xbb, 0xd6, 0xbb, 0xd6, 0xbb, 0xde, 0xbb, 0xde, 0xbb, 0xde,
    0xbb, 0xd6, 0xbb, 0xd6, 0xbb, 0xd6, 0xbb, 0xd6, 0xbb, 0xd6, 0xbb, 0xd6, 0xbb, 0xde, 0xbb, 0xde,
    0xbb, 0xde, 0xbb, 0xde, 0xbb, 0xde, 0xbb, 0xde, 0xbb, 0xde, 0xbb, 0xde, 0xbb, 0xde, 0xbb, 0xde,
    0xbb, 0xde, 0xbb, 0xde, 0xbb, 0xde, 0xbb, 0xde, 0xbb, 0xde, 0xbb, 0xde, 0xbb, 0xd6, 0xbb, 0xd6,
    0x9b, 0xd6, 0x9a, 0xd6, 0xd7, 0xbd, 0x76, 0xad, 0x76, 0xad, 0x76, 0xad, 0x96, 0xb5, 0x96, 0xb5,
    0xa6, 0x31, 0x62, 0x08, 0xad, 0x32, 0xef, 0x3a, 0xcf, 0x3a, 0xcf, 0x32, 0xce, 0x32, 0xce, 0x3a,
    0xef, 0x3a, 0xee, 0x3a, 0xef, 0x3a, 0x10, 0x3b, 0xad, 0x3a, 0x61, 0x00, 0x46, 0x29, 0x76, 0xad,
    0x75, 0xb5, 0x75, 0xb5, 0x76, 0xad, 0x75, 0xad, 0xb7, 0xb5, 0x9a, 0xd6, 0xbb, 0xd6, 0x9b, 0xd6,
    0x9b, 0xd6, 0xbb, 0xd6, 0xbb, 0xde, 0xbb, 0xde, 0xbb, 0xde, 0xbb, 0xde, 0xbb, 0xde, 0xbb, 0xde,
    0xbb, 0xd6, 0xbb, 0xd6, 0xbb, 0xd6, 0xbb, 0xd6, 0xbb, 0xde, 0xbb, 0xde, 0xbb, 0xde, 0xbb, 0xd6,
    0xbb, 0xde, 0xbb, 0xde, 0xbb, 0xde, 0xbb, 0xde, 0xbb, 0xde, 0xbb, 0xd6, 0xbb, 0xd6, 0xbb, 0xd6,
    0xbb, 0xd6, 0xbb, 0xd6, 0xbb, 0xde, 0xbb, 0xde, 0xbb, 0xd6, 0xfc, 0xde, 0x9e, 0xf7, 0x9d, 0xf7,
    0xbf, 0xf7, 0x39, 0xc6, 0x53, 0x8c, 0x94, 0x94, 0x73, 0x8c, 0x77, 0xb5, 0xbb, 0xd6, 0xbb, 0xd6,
    0x9b, 0xd6, 0x5d, 0xef, 0xbe, 0xf7, 0xbe, 0xf7, 0x9e, 0xf7, 0xeb, 0x5a, 0x45, 0x29, 0x86, 0x31,
    0x66, 0x29, 0x4f, 0x21, 0x71, 0x21, 0x71, 0x21, 0x71, 0x21, 0x72, 0x21, 0x4f, 0x21, 0x45, 0x29,
    0x65, 0x29, 0x24, 0x21, 0xaa, 0x52, 0xbe, 0xf7, 0xdf, 0xff, 0xdf, 0xff, 0x9e, 0xf7, 0xdb, 0xde,
    0xbb, 0xd6, 0xdc, 0xde, 0x97, 0xb5, 0x73, 0x8c, 0x94, 0x94, 0x73, 0x8c, 0x39, 0xc6, 0xbe, 0xf7,
    0x7e, 0xf7, 0x9e, 0xf7, 0xfc, 0xde, 0xbb, 0xd6, 0xbb, 0xd6, 0xbb, 0xd6, 0xbb, 0xd6, 0xbb, 0xd6,
    0xbb, 0xde, 0xbb, 0xd6, 0xbb, 0xd6, 0xbb, 0xd6, 0xbb, 0xde, 0xbb, 0xde, 0xbb, 0xde, 0xbb, 0xde,
    0xbb, 0xd6, 0xbb, 0xde, 0xbb, 0xde, 0xbb, 0xde, 0xbb, 0xde, 0xbb, 0xde, 0xbb, 0xde, 0xbb, 0xde,
    0xbb, 0xd6, 0xbb, 0xd6, 0xbb, 0xd6, 0xbb, 0xde, 0xbb, 0xde, 0xbb, 0xd6, 0xbb, 0xd6, 0xbb, 0xde,
    0xbb, 0xde, 0xbb, 0xde, 0xbb, 0xde, 0xbb, 0xde, 0xbb, 0xde, 0xbb, 0xde, 0xbb, 0xd6, 0xbb, 0xd6,
    0xbb, 0xd6, 0xbb, 0xde, 0xbb, 0xde, 0xdb, 0xd6, 0xdb, 0xd6, 0xbb, 0xde, 0xbb, 0xde, 0xbb, 0xd6,
    0xbb, 0xd6, 0xbb, 0xd6, 0xbb, 0xd6, 0xbb, 0xd6, 0xbb, 0xde, 0xbb, 0xde, 0xbb, 0xde, 0xbb, 0xde,
    0xbb, 0xde, 0xbb, 0xde, 0xbb, 0xde, 0xbb, 0xde, 0xbb, 0xde, 0xbb, 0xde, 0xbb, 0xde, 0xbb, 0xde,
    0xbb, 0xd6, 0xbb, 0xd6, 0xbb, 0xd6, 0xbb, 0xd6, 0xbb, 0xde, 0xbb, 0xde, 0xbb, 0xde, 0xbb, 0xde,
    0xbb, 0xd6, 0xbb, 0xde, 0xbb, 0xde, 0xbb, 0xd6, 0xbb, 0xde, 0xbb, 0xde, 0xbb, 0xde, 0xbb, 0xde,
    0xbb, 0xde, 0xbb, 0xd6, 0xbb, 0xde, 0xbb, 0xde, 0xbb, 0xd6, 0xbb, 0xd6, 0xbb, 0xd6, 0xbb, 0xd6,
    0xbb, 0xd6, 0xbb, 0xd6, 0xbb, 0xd6, 0xbb, 0xd6, 0xbb, 0xd6, 0xbb, 0xd6, 0xbb, 0xd6, 0xbb, 0xd6,
    0xbb, 0xd6, 0xbb, 0xd6, 0xbb, 0xde, 0xbb, 0xde, 0xbb, 0xde, 0xbb, 0xde, 0xbb, 0xde, 0xbb, 0xde,
    0xbb, 0xde, 0xbb, 0xde, 0xbb, 0xde, 0xbb, 0xde, 0xbb, 0xde, 0xbb, 0xde, 0xbb, 0xde, 0xbb, 0xde,
    0xbb, 0xde, 0xbb, 0xde, 0xdc, 0xde, 0x1c, 0xe7, 0x3d, 0xe7, 0x3c, 0xe7, 0xe8, 0x39, 0x00, 0x00,
    0x62, 0x08, 0x61, 0x00, 0x61, 0x08, 0x81, 0x10, 0x82, 0x08, 0x68, 0x19, 0x1b, 0x65, 0x7d, 0x6d,
    0x7d, 0x6d, 0x9d, 0x75, 0x9c, 0x6d, 0xbd, 0x75, 0xbd, 0x7d, 0x9c, 0x6d, 0x9d, 0x6d, 0xbe, 0x6d,
    0xf9, 0x6c, 0xe6, 0x10, 0x41, 0x00, 0x82, 0x08, 0x61, 0x08, 0x62, 0x08, 0x62, 0x10, 0x61, 0x08,
    0xe3, 0x18, 0x39, 0xc6, 0x5d, 0xef, 0xfc, 0xe6, 0x1c, 0xe7, 0xbb, 0xde, 0xbb, 0xde, 0xbb, 0xde,
    0xbb, 0xde, 0xbb, 0xde, 0xbb, 0xde, 0xbb, 0xde, 0xbb, 0xd6, 0xbb, 0xd6, 0xbb, 0xd6, 0xbb, 0xd6,
    0xbb, 0xd6, 0xbb, 0xd6, 0xbb, 0xd6, 0xbb, 0xd6, 0xbb, 0xde, 0xbb, 0xde, 0xbb, 0xde, 0xbb, 0xde,
    0xbb, 0xde, 0xbb, 0xd6, 0xbb, 0xde, 0xbb, 0xd6, 0xbb, 0xd6, 0xbb, 0xde, 0xbb, 0xde, 0xbb, 0xde,
    0xbb, 0xd6, 0xfc, 0xde, 0x9e, 0xf7, 0x9d, 0xf7, 0xbf, 0xf7, 0x39, 0xc6, 0x53, 0x8c, 0x94, 0x94,
    0x73, 0x8c, 0x77, 0xb5, 0xbb, 0xd6, 0xbb, 0xd6, 0xbb, 0xd6, 0x5d, 0xef, 0xbe, 0xf7, 0xbe, 0xf7,
    0x9e, 0xf7, 0xeb, 0x5a, 0x45, 0x29, 0x86, 0x31, 0x66, 0x29, 0x4f, 0x21, 0x71, 0x21, 0x71, 0x21,
    0x71, 0x21, 0x72, 0x21, 0x4e, 0x21, 0x45, 0x29, 0x65, 0x29, 0x24, 0x21, 0xaa, 0x52, 0xbe, 0xf7,
    0xff, 0xff, 0xdf, 0xff, 0x9e, 0xf7, 0xdb, 0xde, 0xbb, 0xd6, 0xdc, 0xde, 0x97, 0xb5, 0x73, 0x8c,
    0x94, 0x94, 0x73, 0x8c, 0x39, 0xc6, 0xbe, 0xf7, 0x7e, 0xf7, 0x9e, 0xf7, 0xfc, 0xde, 0xbb, 0xd6,
    0xbb, 0xd6, 0xbb, 0xd6, 0xbb, 0xd6, 0xbb, 0xd6, 0xbb, 0xde, 0xbb, 0xde, 0xbb, 0xde, 0xbb, 0xde,
    0xbb, 0xde, 0xbb, 0xde, 0xbb, 0xde, 0xbb, 0xde, 0xbb, 0xde, 0xbb, 0xde, 0xbb, 0xde, 0xbb, 0xde,
    0xbb, 0xde, 0xbb, 0xde, 0xbb, 0xd6, 0xbb, 0xd6, 0xbb, 0xde, 0xbb, 0xde, 0xbb, 0xde, 0xbb, 0xde,
    0xbb, 0xd6, 0xbb, 0xd6, 0xbb, 0xd6, 0xbb, 0xde, 0xbb, 0xde, 0xbb, 0xde, 0xbb, 0xde, 0xbb, 0xde,
    0xbb, 0xde, 0xbb, 0xde, 0xbb, 0xde, 0xbb, 0xde, 0xbb, 0xde, 0xba, 0xd6, 0xba, 0xde, 0xbb, 0xd6,
    0xdb, 0xd6, 0xbb, 0xd6, 0xbb, 0xd6, 0xbb, 0xd6, 0xba, 0xd6, 0xba, 0xd6, 0xbb, 0xd6, 0xbb, 0xde,
    0xbb, 0xd6, 0xbb, 0xd6, 0xbb, 0xd6, 0xbb, 0xd6, 0xbb, 0xd6, 0xbb, 0xd6, 0xbb, 0xde, 0xbb, 0xde,
    0xbb, 0xde, 0xbb, 0xde, 0xbb, 0xde, 0xbb, 0xde, 0xbb, 0xde, 0xbb, 0xde, 0xbb, 0xde, 0xbb, 0xde,
    0xbb, 0xd6, 0xbb, 0xd6, 0xbb, 0xd6, 0xbb, 0xde, 0xbb, 0xd6, 0xbb, 0xde, 0xbb, 0xde, 0xbb, 0xde,
    0xbb, 0xde, 0xbb, 0xde, 0xbb, 0xde, 0xbb, 0xde, 0xbb, 0xde, 0xbb, 0xde, 0xbb, 0xd6, 0xbb, 0xd6,
    0xbb, 0xd6, 0xbb, 0xd6, 0xbb, 0xd6, 0xbb, 0xd6, 0xbb, 0xde, 0xbb, 0xd6, 0xbb, 0xd6, 0xbb, 0xd6,
    0xbb, 0xd6, 0xbb, 0xd6, 0xbb, 0xd6, 0xbb, 0xd6, 0xbb, 0xde, 0xbb, 0xde, 0xbb, 0xde, 0xbb, 0xde,
    0xbb, 0xde, 0xbb, 0xde, 0xbb, 0xde, 0xbb, 0xde, 0xbb, 0xde, 0xbb, 0xde, 0xbb, 0xde, 0xbb, 0xde,
    0xbb, 0xde, 0xdb, 0xde, 0xdb, 0xde, 0xbb, 0xde, 0xbb, 0xd6, 0xfc, 0xe6, 0xf7, 0xbd, 0xaf, 0x73,
    0x10, 0x7c, 0x10, 0x84, 0x45, 0x29, 0x41, 0x08, 0x82, 0x10, 0xa2, 0x10, 0x61, 0x08, 0x62, 0x00,
    0x92, 0x4b, 0xf8, 0x6c, 0x7c, 0x6d, 0xb9, 0x5c, 0x52, 0x43, 0x8e, 0x32, 0xea, 0x29, 0xea, 0x31,
    0xea, 0x29, 0x0b, 0x1a, 0x76, 0x5c, 0x7c, 0x75, 0x3b, 0x65, 0x77, 0x54, 0x0f, 0x43, 0x21, 0x00,
    0x41, 0x08, 0x82, 0x10, 0xa2, 0x10, 0xa2, 0x10, 0xc2, 0x18, 0x4d, 0x6b, 0xd0, 0x7b, 0xaf, 0x7b,
    0x31, 0x84, 0x7a, 0xd6, 0xbb, 0xde, 0xbb, 0xd6, 0xbb, 0xde, 0xbb, 0xde, 0xbb, 0xde, 0xbb, 0xde,
    0xbb, 0xd6, 0xbb, 0xd6, 0xbb, 0xd6, 0xbb, 0xd6, 0xbb, 0xd6, 0xbb, 0xd6, 0xbb, 0xd6, 0xbb, 0xd6,
    0xbb, 0xde, 0xbb, 0xde, 0xbb, 0xde, 0xbb, 0xde, 0xbb, 0xde, 0xbb, 0xd6, 0xbb, 0xd6, 0xbb, 0xd6,
    0xbb, 0xd6, 0xbb, 0xd6, 0xbb, 0xde, 0xbb, 0xde, 0xbb, 0xd6, 0xfc, 0xde, 0x9e, 0xf7, 0x9d, 0xf7,
    0xdf, 0xff, 0x39, 0xc6, 0x53, 0x8c, 0x94, 0x94, 0x73, 0x8c, 0x77, 0xad, 0xbb, 0xd6, 0xbb, 0xd6,
    0xbb, 0xd6, 0x5d, 0xef, 0xbe, 0xf7, 0xbe, 0xf7, 0xbe, 0xf7, 0x0c, 0x63, 0x45, 0x29, 0x86, 0x31,
    0x66, 0x29, 0x4f, 0x21, 0x71, 0x21, 0x71, 0x21, 0x71, 0x21, 0x72, 0x21, 0x4e, 0x21, 0x45, 0x29,
    0x65, 0x29, 0x24, 0x21, 0xaa, 0x52, 0xbe, 0xf7, 0xff, 0xff, 0xdf, 0xff, 0x9e, 0xf7, 0xdb, 0xde,
    0xbb, 0xd6, 0xdc, 0xde, 0x97, 0xb5, 0x53, 0x8c, 0x94, 0x94, 0x73, 0x8c, 0x39, 0xc6, 0xbe, 0xf7,
    0x7e, 0xf7, 0x9e, 0xf7, 0xfc, 0xde, 0xbb, 0xd6, 0xbb, 0xd6, 0xbb, 0xd6, 0xbb, 0xd6, 0xbb, 0xd6,
    0xbb, 0xde, 0xbb, 0xde, 0xbb, 0xde, 0xbb, 0xde, 0xbb, 0xde, 0xbb, 0xde, 0xbb, 0xde, 0xbb, 0xde,
    0xbb, 0xde, 0xbb, 0xde, 0xbb, 0xde, 0xbb, 0xde, 0xbb, 0xde, 0xbb, 0xde, 0xbb, 0xd6, 0xbb, 0xd6,
    0xbb, 0xde, 0xbb, 0xde, 0xbb, 0xde, 0xbb, 0xde, 0xbb, 0xd6, 0xbb, 0xd6, 0xbb, 0xd6, 0xbb, 0xde,
    0xbb, 0xde, 0xbb, 0xde, 0xbb, 0xde, 0xbb, 0xde, 0xbb, 0xde, 0xbb, 0xde, 0xbb, 0xde, 0xbb, 0xde,
    0xbb, 0xde, 0xbb, 0xde, 0xdb, 0xde, 0xdb, 0xde, 0xbb, 0xde, 0xbb, 0xde, 0xbb, 0xde, 0xbb, 0xde,
    0xbb, 0xde, 0xbb, 0xde, 0xbb, 0xde, 0xbb, 0xde, 0xbb, 0xde, 0xdb, 0xde, 0xdb, 0xde, 0xbb, 0xde,
    0x9b, 0xde, 0xbb, 0xde, 0xbb, 0xde, 0xbb, 0xde, 0xbb, 0xde, 0xbb, 0xde, 0xbb, 0xde, 0xbb, 0xde,
    0xbb, 0xde, 0xbb, 0xde, 0xbb, 0xde, 0xbb, 0xde, 0xbb, 0xd6, 0xbb, 0xde, 0xbb, 0xde, 0xbb, 0xde,
    0xbb, 0xde, 0xbb, 0xde, 0xbb, 0xd6, 0xbb, 0xde, 0xbb, 0xde, 0xbb, 0xde, 0xbb, 0xde, 0xbb, 0xde,
    0xbb, 0xde, 0xbb, 0xd6, 0xbb, 0xd6, 0xbb, 0xd6, 0xbb, 0xd6, 0xbb, 0xd6, 0xbb, 0xd6, 0xbb, 0xde,
    0xbb, 0xde, 0xbb, 0xd6, 0xbb, 0xd6, 0xbb, 0xd6, 0xbb, 0xd6, 0xbb, 0xd6, 0xbb, 0xd6, 0xbb, 0xd6,
    0xbb, 0xde, 0xbb, 0xde, 0xbb, 0xde, 0xbb, 0xde, 0xbb, 0xde, 0xbb, 0xde, 0xbb, 0xde, 0xbb, 0xde,
    0xbb, 0xde, 0xbb, 0xde, 0xbb, 0xde, 0xbb, 0xde, 0xbb, 0xde, 0xbb, 0xde, 0xdb, 0xde, 0xdb, 0xde,
    0xdb, 0xde, 0x5d, 0xef, 0xd3, 0x9c, 0x00, 0x00, 0x00, 0x00, 0x00, 0x00, 0xc3, 0x18, 0x04, 0x21,
    0xe3, 0x20, 0x04, 0x29, 0x26, 0x19, 0x48, 0x11, 0x98, 0x5c, 0xbd, 0x6d, 0x3a, 0x6d, 0x56, 0x54,
    0xeb, 0x21, 0xe5, 0x08, 0x62, 0x08, 0x61, 0x10, 0x42, 0x08, 0x84, 0x00, 0x91, 0x4b, 0xf9, 0x6c,
    0xfa, 0x5c, 0x9d, 0x65, 0x56, 0x5c, 0x26, 0x11, 0x25, 0x19, 0x03, 0x21, 0x04, 0x21, 0x03, 0x21,
    0xe3, 0x18, 0x00, 0x00, 0x00, 0x00, 0x00, 0x00, 0x61, 0x08, 0x39, 0xc6, 0xfc, 0xe6, 0xdb, 0xde,
    0xdb, 0xde, 0xbb, 0xd6, 0xbb, 0xd6, 0xbb, 0xde, 0xbb, 0xde, 0xbb, 0xde, 0xbb, 0xde, 0xbb, 0xde,
    0xbb, 0xd6, 0xbb, 0xd6, 0xbb, 0xd6, 0xbb, 0xd6, 0xbb, 0xde, 0xbb, 0xde, 0xbb, 0xde, 0xbb, 0xde,
    0xbb, 0xde, 0xbb, 0xd6, 0xbb, 0xd6, 0xbb, 0xd6, 0xbb, 0xde, 0xbb, 0xde, 0xbb, 0xde, 0xbb, 0xde,
    0xbb, 0xd6, 0xfc, 0xde, 0x9e, 0xf7, 0x9d, 0xf7, 0xdf, 0xff, 0x39, 0xc6, 0x53, 0x8c, 0x94, 0x94,
    0x73, 0x8c, 0x77, 0xad, 0xbb, 0xd6, 0xbb, 0xd6, 0xbb, 0xd6, 0x5d, 0xef, 0xbe, 0xf7, 0xbe, 0xf7,
    0xbe, 0xf7, 0xeb, 0x5a, 0x45, 0x29, 0x86, 0x31, 0x66, 0x29, 0x4f, 0x21, 0x71, 0x21, 0x71, 0x21,
    0x71, 0x21, 0x72, 0x21, 0x4e, 0x21, 0x45, 0x29, 0x65, 0x29, 0x24, 0x21, 0xaa, 0x52, 0xbe, 0xf7,
    0xdf, 0xff, 0xdf, 0xff, 0x9e, 0xf7, 0xbb, 0xde, 0xbb, 0xd6, 0xdc, 0xde, 0x97, 0xb5, 0x73, 0x8c,
    0x94, 0x94, 0x73, 0x8c, 0x39, 0xc6, 0xbf, 0xf7, 0x9e, 0xf7, 0x9e, 0xf7, 0xfc, 0xde, 0xbb, 0xd6,
    0xbb, 0xd6, 0xbb, 0xd6, 0xbb, 0xd6, 0xbb, 0xd6, 0xbb, 0xde, 0xbb, 0xde, 0xbb, 0xde, 0xbb, 0xde,
    0xbb, 0xde, 0xbb, 0xde, 0xbb, 0xde, 0xbb, 0xde, 0xbb, 0xde, 0xbb, 0xde, 0xbb, 0xde, 0xbb, 0xde,
    0xbb, 0xde, 0xbb, 0xde, 0xbb, 0xde, 0xbb, 0xde, 0xbb, 0xde, 0xbb, 0xde, 0xbb, 0xde, 0xbb, 0xde,
    0xbb, 0xde, 0xbb, 0xde, 0xbb, 0xde, 0xbb, 0xde, 0xbb, 0xd6, 0xbb, 0xde, 0xbb, 0xd6, 0xbb, 0xde,
    0xbb, 0xde, 0xbb, 0xd6, 0xbb, 0xd6, 0xbb, 0xd6, 0x9b, 0xd6, 0xbb, 0xde, 0xbb, 0xd6, 0x7a, 0xce,
    0x7a, 0xd6, 0x9a, 0xd6, 0x7a, 0xd6, 0x7a, 0xd6, 0x7a, 0xd6, 0x7a, 0xd6, 0x7a, 0xd6, 0x7a, 0xce,
    0x79, 0xce, 0x79, 0xce, 0x9a, 0xd6, 0xba, 0xde, 0x9a, 0xde, 0xbb, 0xde, 0xbb, 0xde, 0xbb, 0xde,
    0xbb, 0xd6, 0xbb, 0xde, 0xbb, 0xde, 0xbb, 0xde, 0xbb, 0xde, 0xbb, 0xde, 0xbb, 0xde, 0xbb, 0xde,
    0xbb, 0xde, 0xbb, 0xde, 0xbb, 0xde, 0xbb, 0xde, 0xbb, 0xde, 0xbb, 0xde, 0xbb, 0xd6, 0xbb, 0xd6,
    0xbb, 0xde, 0xbb, 0xde, 0xbb, 0xde, 0xbb, 0xde, 0xbb, 0xde, 0xbb, 0xde, 0xbb, 0xd6, 0xbb, 0xd6,
    0xbb, 0xde, 0xbb, 0xde, 0xbb, 0xde, 0xbb, 0xde, 0xbb, 0xd6, 0xbb, 0xd6, 0xbb, 0xd6, 0xbb, 0xd6,
    0xbb, 0xd6, 0xbb, 0xd6, 0xbb, 0xd6, 0xbb, 0xd6, 0xbb, 0xde, 0xbb, 0xde, 0xbb, 0xde, 0xbb, 0xde,
    0xbb, 0xde, 0xbb, 0xde, 0xbb, 0xde, 0xbb, 0xde, 0xbb, 0xde, 0xbb, 0xde, 0xbb, 0xde, 0xbb, 0xde,
    0xbb, 0xde, 0x1c, 0xe7, 0x7a, 0xce, 0x8a, 0x52, 0x08, 0x42, 0x49, 0x4a, 0xc6, 0x39, 0xc3, 0x18,
    0xc3, 0x18, 0xe3, 0x18, 0x04, 0x21, 0x04, 0x21, 0xc3, 0x18, 0x61, 0x00, 0x70, 0x4b, 0x3a, 0x6d,
    0x7c, 0x65, 0xba, 0x5c, 0xa9, 0x21, 0x46, 0x21, 0x05, 0x19, 0xe4, 0x10, 0xe4, 0x10, 0xe4, 0x10,
    0xc4, 0x18, 0xc3, 0x10, 0x04, 0x19, 0x25, 0x11, 0x89, 0x19, 0xd9, 0x64, 0x5c, 0x65, 0x7b, 0x75,
    0x71, 0x43, 0x42, 0x00, 0xc3, 0x10, 0xe3, 0x18, 0xc2, 0x18, 0xc3, 0x18, 0xc3, 0x18, 0x82, 0x10,
    0x82, 0x10, 0xe8, 0x39, 0x49, 0x4a, 0x08, 0x42, 0x96, 0xb5, 0x1d, 0xe7, 0xdb, 0xde, 0xbb, 0xde,
    0xbb, 0xd6, 0xbb, 0xd6, 0xbb, 0xd6, 0xbb, 0xd6, 0xbb, 0xd6, 0xbb, 0xd6, 0xbb, 0xd6, 0xbb, 0xd6,
    0xbb, 0xd6, 0xbb, 0xde, 0xbb, 0xde, 0xbb, 0xd6, 0xbb, 0xd6, 0xbb, 0xd6, 0xbb, 0xd6, 0xbb, 0xd6,
    0xbb, 0xde, 0xbb, 0xde, 0xbb, 0xde, 0xbb, 0xde, 0xbb, 0xd6, 0xfc, 0xde, 0x9e, 0xf7, 0x9d, 0xf7,
    0xdf, 0xff, 0x39, 0xc6, 0x53, 0x8c, 0x94, 0x94, 0x73, 0x8c, 0x77, 0xb5, 0xbb, 0xd6, 0xbb, 0xd6,
    0xbb, 0xd6, 0x5d, 0xef, 0xbe, 0xf7, 0xde, 0xff, 0xbe, 0xf7, 0xeb, 0x5a, 0x45, 0x29, 0x86, 0x31,
    0x66, 0x29, 0x4f, 0x21, 0x71, 0x21, 0x71, 0x21, 0x71, 0x21, 0x72, 0x21, 0x4e, 0x21, 0x45, 0x29,
    0x65, 0x29, 0x24, 0x21, 0xaa, 0x52, 0xbe, 0xf7, 0xdf, 0xff, 0xdf, 0xff, 0x9e, 0xf7, 0xbb, 0xde,
    0xbb, 0xd6, 0xdc, 0xde, 0x97, 0xb5, 0x73, 0x8c, 0x94, 0x94, 0x73, 0x8c, 0x39, 0xc6, 0xbf, 0xf7,
    0x9e, 0xf7, 0x9e, 0xf7, 0xfc, 0xde, 0xbb, 0xd6, 0xbb, 0xd6, 0xbb, 0xd6, 0xbb, 0xd6, 0xbb, 0xd6,
    0xbb, 0xde, 0xbb, 0xde, 0xbb, 0xde, 0xbb, 0xde, 0xbb, 0xde, 0xbb, 0xde, 0xbb, 0xde, 0xbb, 0xde,
    0xbb, 0xde, 0xbb, 0xde, 0xbb, 0xde, 0xbb, 0xde, 0xbb, 0xde, 0xbb, 0xde, 0xbb, 0xde, 0xbb, 0xde,
    0xbb, 0xde, 0xbb, 0xde, 0xbb, 0xd6, 0xbb, 0xd6, 0xbb, 0xd6, 0xbb, 0xde, 0xbb, 0xde, 0xbb, 0xde,
    0xbb, 0xd6, 0xbb, 0xd6, 0xbb, 0xd6, 0x9b, 0xd6, 0xbb, 0xd6, 0xbb, 0xd6, 0x9b, 0xd6, 0xdb, 0xde,
    0x10, 0x84, 0x66, 0x31, 0xc6, 0x39, 0x86, 0x31, 0x86, 0x29, 0x86, 0x31, 0x85, 0x29, 0x86, 0x29,
    0x86, 0x31, 0x86, 0x31, 0x86, 0x29, 0x86, 0x29, 0x86, 0x29, 0x65, 0x29, 0xc7, 0x39, 0xf8, 0xbd,
    0xfd, 0xde, 0xbb, 0xd6, 0xbb, 0xd6, 0xbb, 0xd6, 0xbb, 0xd6, 0xbb, 0xd6, 0xbb, 0xd6, 0xbb, 0xd6,
    0xbb, 0xde, 0xbb, 0xde, 0xbb, 0xde, 0xbb, 0xde, 0xbb, 0xde, 0xbb, 0xde, 0xbb, 0xde, 0xbb, 0xde,
    0xbb, 0xde, 0xbb, 0xde, 0xbb, 0xd6, 0x9b, 0xd6, 0x9b, 0xd6, 0x9b, 0xd6, 0x9b, 0xd6, 0xbb, 0xd6,
    0xbb, 0xd6, 0xbb, 0xd6, 0x9b, 0xd6, 0x9b, 0xd6, 0xbb, 0xd6, 0xbb, 0xde, 0xbb, 0xde, 0xbb, 0xde,
    0xbb, 0xd6, 0x9b, 0xd6, 0xbb, 0xd6, 0xbb, 0xd6, 0xbb, 0xd6, 0xbb, 0xd6, 0xbb, 0xd6, 0xbb, 0xde,
    0xbb, 0xde, 0xbb, 0xde, 0xbb, 0xde, 0xbb, 0xde, 0xbb, 0xde, 0xbb, 0xde, 0xbb, 0xde, 0xbb, 0xde,
    0xbb, 0xde, 0xdb, 0xde, 0xbb, 0xd6, 0xbb, 0xd6, 0x9a, 0xd6, 0x59, 0xce, 0x76, 0xad, 0x82, 0x10,
    0x00, 0x00, 0x00, 0x00, 0x40, 0x08, 0xe3, 0x18, 0xe3, 0x18, 0x04, 0x21, 0x04, 0x21, 0x04, 0x21,
    0xc4, 0x18, 0xa4, 0x08, 0xf4, 0x53, 0x9d, 0x75, 0x3a, 0x6d, 0x15, 0x5c, 0xc3, 0x10, 0x82, 0x10,
    0xe3, 0x20, 0xe3, 0x18, 0xe3, 0x18, 0xe3, 0x18, 0xc3, 0x18, 0xc2, 0x18, 0xc3, 0x18, 0x62, 0x08,
    0xc4, 0x08, 0x55, 0x64, 0x3b, 0x65, 0xbd, 0x75, 0xf4, 0x4b, 0x26, 0x11, 0xe4, 0x10, 0xc3, 0x10,
    0xe3, 0x18, 0x03, 0x21, 0xe3, 0x20, 0xa2, 0x10, 0x61, 0x08, 0x00, 0x00, 0x20, 0x00, 0x00, 0x00,
    0x31, 0x84, 0x7a, 0xce, 0x18, 0xc6, 0x9b, 0xd6, 0xbb, 0xd6, 0xbb, 0xd6, 0xbb, 0xd6, 0xbb, 0xd6,
    0xbb, 0xd6, 0xbb, 0xd6, 0xbb, 0xd6, 0xbb, 0xd6, 0xbb, 0xde, 0xbb, 0xde, 0xbb, 0xde, 0xbb, 0xd6,
    0xbb, 0xd6, 0xbb, 0xd6, 0xbb, 0xde, 0xbb, 0xde, 0xbb, 0xde, 0xbb, 0xde, 0xbb, 0xde, 0xbb, 0xde,
    0xbb, 0xd6, 0xfc, 0xde, 0x9e, 0xf7, 0x9d, 0xf7, 0xdf, 0xff, 0x39, 0xc6, 0x53, 0x8c, 0x94, 0x94,
    0x73, 0x8c, 0x77, 0xb5, 0xbb, 0xd6, 0xbb, 0xd6, 0xbb, 0xd6, 0x5d, 0xef, 0xbe, 0xf7, 0xbe, 0xf7,
    0xbe, 0xf7, 0xeb, 0x5a, 0x45, 0x29, 0x86, 0x31, 0x66, 0x29, 0x4f, 0x21, 0x71, 0x21, 0x71, 0x21,
    0x71, 0x21, 0x72, 0x21, 0x4e, 0x21, 0x45, 0x29, 0x65, 0x29, 0x24, 0x21, 0xaa, 0x52, 0xbe, 0xf7,
    0xdf, 0xff, 0xdf, 0xff, 0x9e, 0xf7, 0xbb, 0xde, 0xbb, 0xd6, 0xdc, 0xde, 0x97, 0xb5, 0x73, 0x8c,
    0x94, 0x94, 0x73, 0x8c, 0x39, 0xc6, 0xbf, 0xf7, 0x9e, 0xf7, 0x9e, 0xf7, 0xfc, 0xde, 0xbb, 0xd6,
    0xbb, 0xd6, 0xbb, 0xd6, 0xbb, 0xd6, 0xbb, 0xd6, 0xbb, 0xde, 0xbb, 0xde, 0xbb, 0xde, 0xbb, 0xde,
    0xbb, 0xde, 0xbb, 0xde, 0xbb, 0xde, 0xbb, 0xde, 0xbb, 0xde, 0xbb, 0xde, 0xbb, 0xde, 0xbb, 0xde,
    0xbb, 0xde, 0xbb, 0xde, 0xbb, 0xde, 0xbb, 0xde, 0xbb, 0xde, 0xbb, 0xde, 0xbb, 0xde, 0xbb, 0xde,
    0xbb, 0xde, 0xbb, 0xde, 0xbb, 0xde, 0xbb, 0xde, 0xbb, 0xde, 0xbb, 0xde, 0xbb, 0xde, 0x1c, 0xe7,
    0x1d, 0xe7, 0x3d, 0xe7, 0x1d, 0xe7, 0x7d, 0xf7, 0x6d, 0x73, 0x00, 0x00, 0x20, 0x08, 0x40, 0x10,
    0x40, 0x10, 0x40, 0x08, 0x60, 0x08, 0x40, 0x08, 0x60, 0x10, 0x40, 0x10, 0x40, 0x10, 0x40, 0x10,
    0x40, 0x18, 0x00, 0x10, 0x40, 0x10, 0xb6, 0xbd, 0x3d, 0xe7, 0xdb, 0xd6, 0xbb, 0xde, 0xfc, 0xde,
    0xdc, 0xde, 0xbb, 0xd6, 0xbb, 0xde, 0xbb, 0xde, 0xbb, 0xde, 0xbb, 0xde, 0xbb, 0xde, 0xbb, 0xde,
    0xbb, 0xde, 0xbb, 0xde, 0xbb, 0xde, 0xbb, 0xd6, 0xbb, 0xd6, 0xbb, 0xde, 0xfc, 0xde, 0xfc, 0xe6,
    0xfc, 0xe6, 0xdc, 0xde, 0xdc, 0xde, 0xfc, 0xe6, 0xfc, 0xe6, 0xdc, 0xde, 0xfc, 0xe6, 0xfc, 0xe6,
    0xbb, 0xde, 0xbb, 0xde, 0xbb, 0xde, 0xbb, 0xde, 0xbb, 0xd6, 0xbb, 0xd6, 0xbb, 0xde, 0xbb, 0xde,
    0xbb, 0xde, 0xbb, 0xde, 0xbb, 0xd6, 0xbb, 0xde, 0xbb, 0xde, 0xbb, 0xde, 0xbb, 0xde, 0xbb, 0xde,
    0xbb, 0xde, 0xbb, 0xde, 0xbb, 0xde, 0xbb, 0xde, 0xbb, 0xde, 0xdb, 0xde, 0xfc, 0xe6, 0x3d, 0xe7,
    0x9a, 0xd6, 0x86, 0x31, 0xc3, 0x18, 0x24, 0x21, 0x24, 0x21, 0x04, 0x21, 0xe3, 0x18, 0xe3, 0x18,
    0xe3, 0x18, 0xe4, 0x18, 0x04, 0x21, 0x04, 0x21, 0x83, 0x00, 0xd4, 0x4b, 0x5b, 0x6d, 0x5c, 0x6d,
    0x4d, 0x22, 0x05, 0x11, 0xe4, 0x18, 0xe3, 0x18, 0xe3, 0x18, 0xe3, 0x18, 0xe3, 0x18, 0xc2, 0x20,
    0xc3, 0x18, 0xc3, 0x18, 0xe3, 0x18, 0xe3, 0x18, 0xe3, 0x18, 0xe4, 0x10, 0xaf, 0x32, 0xbd, 0x75,
    0x3b, 0x6d, 0xf9, 0x6c, 0x88, 0x21, 0x41, 0x00, 0x04, 0x19, 0xe3, 0x18, 0xe3, 0x20, 0xe3, 0x18,
    0xe3, 0x18, 0xe3, 0x18, 0xe3, 0x18, 0xe3, 0x18, 0x04, 0x21, 0xe4, 0x18, 0x45, 0x29, 0x59, 0xce,
    0x1d, 0xe7, 0xbb, 0xde, 0x9b, 0xd6, 0xbb, 0xd6, 0xbb, 0xde, 0xbb, 0xde, 0xbb, 0xd6, 0xbb, 0xde,
    0xbb, 0xde, 0xbb, 0xde, 0xbb, 0xde, 0xbb, 0xd6, 0xbb, 0xd6, 0xbb, 0xde, 0xbb, 0xde, 0xbb, 0xde,
    0xbb, 0xde, 0xbb, 0xde, 0xbb, 0xde, 0xbb, 0xde, 0xbb, 0xde, 0xfc, 0xde, 0x9e, 0xf7, 0x9d, 0xf7,
    0xdf, 0xff, 0x39, 0xc6, 0x53, 0x8c, 0x94, 0x94, 0x73, 0x8c, 0x77, 0xad, 0xbb, 0xd6, 0xbb, 0xd6,
    0xbb, 0xd6, 0x5d, 0xef, 0xbe, 0xf7, 0xbe, 0xf7, 0x9e, 0xf7, 0xeb, 0x5a, 0x45, 0x29, 0x85, 0x31,
    0x66, 0x29, 0x4f, 0x21, 0x71, 0x21, 0x71, 0x21, 0x71, 0x21, 0x72, 0x21, 0x4e, 0x21, 0x45, 0x29,
    0x65, 0x29, 0x24, 0x21, 0xaa, 0x52, 0xbe, 0xf7, 0xdf, 0xff, 0xdf, 0xff, 0x9e, 0xf7, 0xbb, 0xde,
    0xbb, 0xd6, 0xdc, 0xde, 0x97, 0xb5, 0x73, 0x8c, 0x94, 0x94, 0x73, 0x8c, 0x39, 0xc6, 0xbf, 0xf7,
    0x9e, 0xf7, 0x9e, 0xf7, 0xfc, 0xe6, 0xbb, 0xd6, 0xbb, 0xde, 0xbb, 0xde, 0xbb, 0xde, 0xbb, 0xd6,
    0xbb, 0xde, 0xbb, 0xde, 0xbb, 0xde, 0xbb, 0xde, 0xbb, 0xde, 0xbb, 0xde, 0xbb, 0xde, 0xbb, 0xde,
    0xbb, 0xde, 0xbb, 0xde, 0xbb, 0xde, 0xbb, 0xde, 0xbb, 0xde, 0xbb, 0xde, 0xbb, 0xde, 0xbb, 0xde,
    0xbb, 0xd6, 0xbb, 0xd6, 0xbb, 0xde, 0xbb, 0xd6, 0xbc, 0xde, 0x9c, 0xde, 0x9b, 0xde, 0xbb, 0xde,
    0xbb, 0xd6, 0xdc, 0xd6, 0x7a, 0xce, 0xf0, 0x7b, 0xaf, 0x7b, 0xaf, 0x7b, 0xaf, 0x7b, 0xcf, 0x83,
    0x49, 0x8b, 0x62, 0x8a, 0xe4, 0xa3, 0x86, 0xbd, 0x86, 0xbd, 0xa7, 0xc5, 0xa7, 0xcd, 0xa6, 0xc5,
    0xc7, 0xc5, 0xc6, 0xbc, 0xe4, 0xb3, 0x84, 0xb3, 0x44, 0xb3, 0xa2, 0xa2, 0x43, 0x92, 0x68, 0x62,
    0x8a, 0x52, 0x8a, 0x4a, 0x69, 0x4a, 0x6a, 0x52, 0x55, 0xa5, 0xfb, 0xde, 0xbb, 0xd6, 0x9b, 0xde,
    0x9b, 0xde, 0xbb, 0xde, 0xbb, 0xde, 0xba, 0xde, 0xbb, 0xde, 0xbb, 0xde, 0x9b, 0xde, 0x9b, 0xde,
    0x9b, 0xd6, 0xbb, 0xde, 0xf8, 0xc5, 0x96, 0xb5, 0x96, 0xb5, 0x96, 0xb5, 0xb6, 0xb5, 0xb6, 0xb5,
    0x96, 0xb5, 0x96, 0xb5, 0xb7, 0xb5, 0xf8, 0xc5, 0xbb, 0xd6, 0xbb, 0xd6, 0xbb, 0xd6, 0xbb, 0xde,
    0xbb, 0xd6, 0xbb, 0xde, 0xbb, 0xde, 0xbb, 0xde, 0xbb, 0xde, 0xbb, 0xde, 0xbb, 0xd6, 0xbb, 0xd6,
    0xbb, 0xd6, 0xbb, 0xde, 0xbb, 0xde, 0xbb, 0xd6, 0xbb, 0xd6, 0xbb, 0xde, 0xbb, 0xde, 0xbb, 0xde,
    0xbb, 0xd6, 0xbb, 0xd6, 0x18, 0xc6, 0xf8, 0xbd, 0x56, 0xad, 0xa3, 0x10, 0x00, 0x00, 0xe3, 0x18,
    0x04, 0x21, 0x04, 0x21, 0xe4, 0x20, 0xe3, 0x20, 0xe3, 0x18, 0xe3, 0x18, 0xc3, 0x18, 0xe4, 0x18,
    0x88, 0x11, 0xb8, 0x5c, 0x5b, 0x75, 0x35, 0x54, 0x68, 0x19, 0x62, 0x08, 0xe4, 0x18, 0xe3, 0x18,
    0xe3, 0x18, 0xe3, 0x18, 0xe3, 0x18, 0xc3, 0x18, 0xe3, 0x18, 0xc3, 0x18, 0xe2, 0x18, 0xe2, 0x18,
    0xc3, 0x18, 0x62, 0x10, 0xea, 0x29, 0x97, 0x5c, 0x3b, 0x65, 0x5c, 0x6d, 0xae, 0x32, 0x46, 0x19,
    0x05, 0x19, 0xe4, 0x18, 0xe3, 0x20, 0xe3, 0x20, 0xe3, 0x18, 0xe3, 0x18, 0xe4, 0x18, 0x04, 0x21,
    0x81, 0x10, 0x00, 0x00, 0x62, 0x08, 0x34, 0xa5, 0xd7, 0xbd, 0x5a, 0xce, 0xbb, 0xde, 0xbb, 0xde,
    0xbb, 0xde, 0xbb, 0xde, 0xbb, 0xde, 0xbb, 0xd6, 0xbb, 0xd6, 0xbb, 0xd6, 0xbb, 0xd6, 0xbb, 0xd6,
    0xbb, 0xde, 0xbb, 0xde, 0xbb, 0xde, 0xbb, 0xde, 0xbb, 0xde, 0xbb, 0xde, 0xbb, 0xde, 0xbb, 0xde,
    0xbb, 0xd6, 0xfc, 0xde, 0x9e, 0xf7, 0x9d, 0xf7, 0xbf, 0xff, 0x39, 0xc6, 0x53, 0x8c, 0x94, 0x94,
    0x53, 0x8c, 0x77, 0xad, 0xbb, 0xd6, 0xbb, 0xd6, 0xbb, 0xd6, 0x5d, 0xef, 0xbe, 0xf7, 0xbe, 0xf7,
    0x9e, 0xf7, 0xcb, 0x5a, 0x45, 0x29, 0x85, 0x31, 0x46, 0x29, 0x4f, 0x21, 0x71, 0x21, 0x71, 0x21,
    0x71, 0x21, 0x72, 0x21, 0x4e, 0x21, 0x45, 0x29, 0x65, 0x29, 0x24, 0x21, 0x8a, 0x52, 0xbe, 0xf7,
    0xdf, 0xff, 0xdf, 0xff, 0x9e, 0xf7, 0xbb, 0xde, 0xbb, 0xd6, 0xdc, 0xde, 0x97, 0xb5, 0x73, 0x8c,
    0x94, 0x94, 0x73, 0x8c, 0x39, 0xc6, 0xbf, 0xf7, 0x9e, 0xf7, 0x9e, 0xf7, 0xfc, 0xe6, 0xbb, 0xd6,
    0xbb, 0xde, 0xbb, 0xde, 0xbb, 0xde, 0xbb, 0xd6, 0xbb, 0xde, 0xbb, 0xde, 0xbb, 0xde, 0xbb, 0xde,
    0xbb, 0xde, 0xbb, 0xde, 0xbb, 0xde, 0xbb, 0xde, 0xbb, 0xde, 0xbb, 0xde, 0xbb, 0xde, 0xbb, 0xde,
    0xbb, 0xde, 0xbb, 0xde, 0xbb, 0xde, 0xbb, 0xd6, 0xbb, 0xde, 0xbb, 0xde, 0xbb, 0xde, 0xbb, 0xde,
    0xbb, 0xde, 0xbc, 0xde, 0xdb, 0xde, 0xdb, 0xde, 0xdc, 0xde, 0xfc, 0xde, 0x58, 0xce, 0xa2, 0x10,
    0x00, 0x00, 0x00, 0x00, 0x20, 0x00, 0x00, 0x00, 0x42, 0x7a, 0x63, 0xf4, 0xe3, 0xf5, 0xa5, 0xff,
    0x66, 0xff, 0x87, 0xff, 0x66, 0xff, 0x65, 0xff, 0x86, 0xff, 0x25, 0xf6, 0x02, 0xf5, 0x62, 0xec,
    0x02, 0xec, 0x41, 0xe3, 0xc3, 0xca, 0x40, 0x28, 0x00, 0x00, 0x00, 0x00, 0x00, 0x00, 0x00, 0x00,
    0x51, 0x8c, 0x9e, 0xf7, 0x3c, 0xe7, 0x1c, 0xef, 0xdc, 0xde, 0xbb, 0xde, 0xbb, 0xd6, 0xbb, 0xd6,
    0xbb, 0xd6, 0xbb, 0xd6, 0xdb, 0xde, 0xdb, 0xde, 0xdb, 0xde, 0xdb, 0xde, 0x49, 0x4a, 0x21, 0x00,
    0x62, 0x08, 0x82, 0x10, 0x81, 0x10, 0x61, 0x08, 0x61, 0x08, 0xa2, 0x10, 0x41, 0x08, 0xe8, 0x39,
    0xdb, 0xde, 0xdb, 0xde, 0xbb, 0xde, 0xbb, 0xd6, 0xbb, 0xde, 0xbb, 0xde, 0xbb, 0xde, 0xbb, 0xde,
    0xbb, 0xde, 0xbb, 0xde, 0xbb, 0xde, 0xbb, 0xde, 0xbb, 0xde, 0xbb, 0xde, 0xbb, 0xde, 0xbb, 0xde,
    0xbb, 0xde, 0xbb, 0xde, 0xbb, 0xde, 0xbb, 0xd6, 0xdc, 0xde, 0x5d, 0xef, 0x69, 0x52, 0x41, 0x00,
    0xa2, 0x10, 0xa3, 0x18, 0xa2, 0x10, 0x41, 0x00, 0x41, 0x00, 0x41, 0x00, 0x41, 0x00, 0x42, 0x00,
    0x42, 0x00, 0x41, 0x00, 0x20, 0x00, 0x83, 0x00, 0x36, 0x5c, 0x9c, 0x6d, 0xd7, 0x6c, 0xc5, 0x08,
    0xa3, 0x10, 0xe3, 0x18, 0xc2, 0x18, 0xe3, 0x18, 0xe3, 0x18, 0xe3, 0x18, 0xe2, 0x18, 0xc3, 0x20,
    0xe3, 0x18, 0xe3, 0x18, 0xc3, 0x18, 0xc3, 0x18, 0xe4, 0x18, 0xe3, 0x18, 0xc3, 0x10, 0xc5, 0x00,
    0x97, 0x5c, 0x7d, 0x6d, 0xbc, 0x75, 0x55, 0x64, 0x83, 0x08, 0x82, 0x10, 0x41, 0x08, 0x21, 0x00,
    0x41, 0x08, 0x41, 0x08, 0x41, 0x08, 0x41, 0x08, 0x00, 0x00, 0x82, 0x08, 0x04, 0x19, 0xa2, 0x18,
    0x20, 0x08, 0xd3, 0x9c, 0x7e, 0xf7, 0x9b, 0xd6, 0xbb, 0xde, 0xbb, 0xde, 0xbb, 0xde, 0xbb, 0xd6,
    0xbb, 0xd6, 0xbb, 0xd6, 0xbb, 0xd6, 0xbb, 0xd6, 0xbb, 0xde, 0xbb, 0xde, 0xbb, 0xde, 0xbb, 0xde,
    0xbb, 0xde, 0xbb, 0xde, 0xbb, 0xde, 0xbb, 0xde, 0xbb, 0xd6, 0xfc, 0xde, 0x9e, 0xf7, 0x9d, 0xf7,
    0xbf, 0xff, 0x39, 0xc6, 0x53, 0x8c, 0x94, 0x8c, 0x53, 0x8c, 0x77, 0xad, 0xbb, 0xd6, 0xbb, 0xd6,
    0x9b, 0xd6, 0x5d, 0xef, 0xbe, 0xf7, 0xbe, 0xf7, 0x9e, 0xf7, 0xeb, 0x5a, 0x45, 0x29, 0x85, 0x31,
    0x66, 0x29, 0x4f, 0x21, 0x71, 0x21, 0x71, 0x21, 0x71, 0x21, 0x72, 0x21, 0x4e, 0x21, 0x45, 0x29,
    0x45, 0x29, 0x04, 0x21, 0xaa, 0x52, 0xbe, 0xf7, 0xdf, 0xff, 0xdf, 0xff, 0x9e, 0xf7, 0xdb, 0xde,
    0xbb, 0xd6, 0xdc, 0xde, 0x97, 0xb5, 0x73, 0x8c, 0x94, 0x94, 0x73, 0x8c, 0x39, 0xc6, 0xdf, 0xff,
    0x9e, 0xf7, 0x9e, 0xf7, 0xfc, 0xe6, 0xbb, 0xde, 0xbb, 0xde, 0xbb, 0xde, 0xbb, 0xde, 0xbb, 0xd6,
    0xbb, 0xde, 0xbb, 0xde, 0xbb, 0xde, 0xbb, 0xde, 0xbb, 0xde, 0xbb, 0xde, 0xbb, 0xde, 0xbb, 0xde,
    0xbb, 0xde, 0xbb, 0xde, 0xbb, 0xde, 0xbb, 0xde, 0xbb, 0xde, 0xbb, 0xde, 0xdb, 0xd6, 0xbb, 0xd6,
    0xbb, 0xde, 0xbc, 0xde, 0x9c, 0xde, 0xbb, 0xde, 0xbb, 0xde, 0x79, 0xce, 0x58, 0xce, 0x79, 0xce,
    0x7a, 0xce, 0x7a, 0xce, 0xf7, 0xc5, 0x23, 0x31, 0x80, 0x10, 0xa1, 0x18, 0xa1, 0x20, 0xa1, 0x20,
    0xa3, 0x82, 0x83, 0xe4, 0xc4, 0xed, 0x45, 0xff, 0x25, 0xf7, 0x26, 0xf7, 0x26, 0xf7, 0x25, 0xf7,
    0x07, 0xff, 0xe5, 0xed, 0xe2, 0xec, 0x61, 0xec, 0x02, 0xe4, 0x41, 0xe3, 0xe2, 0xd2, 0xe2, 0xa2,
    0xe2, 0x8a, 0x63, 0xa3, 0x23, 0x8b, 0x00, 0x39, 0x4d, 0x73, 0xf4, 0xac, 0xd2, 0x9c, 0x92, 0x8c,
    0xf8, 0xb5, 0xfc, 0xd6, 0xbc, 0xd6, 0x9c, 0xd6, 0x9c, 0xd6, 0xbb, 0xd6, 0x9a, 0xd6, 0x59, 0xce,
    0x7a, 0xce, 0x7a, 0xce, 0x29, 0x42, 0x61, 0x08, 0xa2, 0x10, 0x82, 0x10, 0xa2, 0x10, 0xc3, 0x18,
    0xe3, 0x18, 0xc3, 0x18, 0x41, 0x08, 0xe8, 0x39, 0x59, 0xce, 0x7a, 0xce, 0x9b, 0xd6, 0xbb, 0xde,
    0xbb, 0xde, 0xbb, 0xd6, 0xbb, 0xde, 0xbb, 0xde, 0xbb, 0xde, 0xbb, 0xd6, 0xbb, 0xd6, 0xbb, 0xde,
    0xbb, 0xde, 0xbb, 0xde, 0xbb, 0xde, 0xbb, 0xde, 0xbb, 0xde, 0xbb, 0xde, 0xbb, 0xde, 0xdc, 0xd6,
    0x76, 0xad, 0x51, 0x8c, 0x65, 0x31, 0x20, 0x08, 0x61, 0x18, 0x82, 0x10, 0x2a, 0x32, 0xee, 0x3a,
    0xae, 0x32, 0xce, 0x32, 0xee, 0x2a, 0xef, 0x32, 0xce, 0x32, 0xce, 0x32, 0xce, 0x3a, 0xae, 0x3a,
    0xaa, 0x19, 0x68, 0x11, 0x2a, 0x32, 0xa3, 0x08, 0xa3, 0x08, 0xc3, 0x10, 0xc3, 0x18, 0xc2, 0x20,
    0xe3, 0x18, 0xe3, 0x18, 0xe3, 0x18, 0xc3, 0x18, 0xe3, 0x18, 0xe3, 0x18, 0xe3, 0x18, 0xc3, 0x18,
    0xc3, 0x18, 0xe3, 0x18, 0xa2, 0x18, 0x83, 0x08, 0xb1, 0x4b, 0x9c, 0x6d, 0x9d, 0x6d, 0xb8, 0x5c,
    0xe4, 0x10, 0x40, 0x08, 0xa9, 0x19, 0x8d, 0x2a, 0xad, 0x3a, 0xad, 0x32, 0x6d, 0x32, 0x4c, 0x2a,
    0x6c, 0x32, 0x29, 0x32, 0xe3, 0x18, 0x81, 0x10, 0x20, 0x00, 0xec, 0x5a, 0xf4, 0x9c, 0x7a, 0xce,
    0xdb, 0xde, 0xbb, 0xde, 0xbb, 0xd6, 0xbb, 0xde, 0xbb, 0xde, 0xbb, 0xde, 0xbb, 0xde, 0xbb, 0xd6,
    0xbb, 0xde, 0xbb, 0xde, 0xbb, 0xde, 0xbb, 0xde, 0xbb, 0xde, 0xbb, 0xde, 0xbb, 0xde, 0xbb, 0xde,
    0xbb, 0xd6, 0xfc, 0xde, 0x9e, 0xf7, 0x9d, 0xf7, 0xbf, 0xff, 0x39, 0xc6, 0x52, 0x8c, 0x94, 0x8c,
    0x53, 0x8c, 0x77, 0xad, 0xbb, 0xd6, 0x9b, 0xd6, 0x9b, 0xd6, 0x5d, 0xef, 0xbe, 0xf7, 0xbe, 0xf7,
    0x9e, 0xf7, 0xeb, 0x5a, 0x45, 0x29, 0x85, 0x31, 0x66, 0x29, 0x4f, 0x21, 0x71, 0x21, 0x71, 0x21,
    0x71, 0x21, 0x72, 0x21, 0x4e, 0x21, 0x45, 0x29, 0x45, 0x29, 0x04, 0x21, 0x8a, 0x52, 0xbe, 0xf7,
    0xdf, 0xff, 0xdf, 0xff, 0x9e, 0xf7, 0xdb, 0xde, 0xbb, 0xde, 0xdc, 0xde, 0xb8, 0xb5, 0x73, 0x8c,
    0xb4, 0x94, 0x73, 0x8c, 0x39, 0xc6, 0xdf, 0xff, 0x9e, 0xf7, 0x9e, 0xf7, 0xfc, 0xe6, 0xbb, 0xde,
    0xbb, 0xde, 0xbb, 0xde, 0xbb, 0xde, 0xbb, 0xd6, 0xbb, 0xd6, 0xbb, 0xde, 0xbb, 0xde, 0xbb, 0xde,
    0xbb, 0xde, 0xbb, 0xde, 0xbb, 0xde, 0xbb, 0xde, 0xbb, 0xde, 0xbb, 0xde, 0xbb, 0xde, 0xbb, 0xde,
    0xbb, 0xde, 0xbb, 0xde, 0xbb, 0xde, 0xbb, 0xd6, 0xbb, 0xde, 0xbb, 0xde, 0xbb, 0xde, 0xdb, 0xde,
    0x1c, 0xe7, 0xeb, 0x52, 0xc3, 0x18, 0x05, 0x21, 0xe4, 0x18, 0xe4, 0x18, 0x04, 0x39, 0x45, 0xab,
    0xe2, 0xc3, 0xe4, 0xd4, 0xe5, 0xdc, 0x05, 0xd5, 0xe6, 0xe5, 0xe6, 0xfe, 0x26, 0xff, 0x86, 0xff,
    0x66, 0xff, 0x46, 0xff, 0x47, 0xff, 0xc6, 0xf6, 0x83, 0xed, 0x03, 0xf5, 0x03, 0xed, 0x23, 0xed,
    0xe3, 0xec, 0xe2, 0xe3, 0xa1, 0xe3, 0x03, 0xf5, 0x64, 0xf5, 0x65, 0xfd, 0xe4, 0xf4, 0xe2, 0xc2,
    0xe1, 0x40, 0x00, 0x00, 0x20, 0x00, 0x00, 0x00, 0xaf, 0x73, 0x5c, 0xef, 0xba, 0xde, 0xbb, 0xde,
    0xbb, 0xde, 0x3d, 0xef, 0x31, 0x84, 0xa2, 0x10, 0x24, 0x21, 0xe4, 0x20, 0x08, 0x42, 0xcb, 0x5a,
    0x8e, 0x73, 0xcf, 0x7b, 0xd7, 0xbd, 0xba, 0xd6, 0xba, 0xd6, 0xb6, 0xb5, 0x8e, 0x73, 0xec, 0x5a,
    0xe3, 0x18, 0x8a, 0x52, 0xbb, 0xd6, 0xbb, 0xde, 0xbb, 0xde, 0xbb, 0xd6, 0xbb, 0xde, 0xbb, 0xde,
    0xbb, 0xde, 0xbb, 0xde, 0xbb, 0xde, 0xbb, 0xd6, 0xbb, 0xde, 0xbb, 0xde, 0xbb, 0xde, 0xbb, 0xde,
    0xbb, 0xde, 0xbb, 0xd6, 0xbb, 0xde, 0x9e, 0xf7, 0x8e, 0x73, 0x00, 0x00, 0x63, 0x00, 0xc4, 0x08,
    0xe4, 0x18, 0xc5, 0x00, 0x35, 0x54, 0xfe, 0x75, 0x9d, 0x6d, 0xbd, 0x75, 0xbd, 0x75, 0xbc, 0x75,
    0x9b, 0x75, 0xbc, 0x75, 0xde, 0x75, 0x9c, 0x7d, 0xa9, 0x19, 0x41, 0x00, 0x83, 0x08, 0xe5, 0x10,
    0x62, 0x00, 0x21, 0x00, 0xe3, 0x18, 0xe4, 0x18, 0xe3, 0x18, 0xe3, 0x18, 0xe3, 0x18, 0xe3, 0x18,
    0xc3, 0x18, 0xe3, 0x18, 0xe3, 0x18, 0xe4, 0x18, 0xc3, 0x18, 0x41, 0x00, 0x20, 0x00, 0x00, 0x00,
    0xa9, 0x19, 0xbc, 0x7d, 0x9d, 0x6d, 0x5c, 0x6d, 0xa9, 0x19, 0x00, 0x00, 0xd2, 0x53, 0x1e, 0x86,
    0xdd, 0x7d, 0xde, 0x75, 0x9d, 0x75, 0x7d, 0x6d, 0xfe, 0x7d, 0x55, 0x5c, 0x84, 0x00, 0xc4, 0x08,
    0xa4, 0x00, 0x00, 0x00, 0x61, 0x10, 0x79, 0xd6, 0x3d, 0xe7, 0xbb, 0xd6, 0xbb, 0xde, 0xbb, 0xde,
    0xbb, 0xde, 0xbb, 0xde, 0xbb, 0xde, 0xbb, 0xde, 0xbb, 0xde, 0xbb, 0xd6, 0xbb, 0xde, 0xbb, 0xde,
    0xbb, 0xde, 0xbb, 0xde, 0xbb, 0xde, 0xbb, 0xde, 0xbb, 0xd6, 0xfc, 0xde, 0x9e, 0xf7, 0x9d, 0xf7,
    0xbf, 0xff, 0x39, 0xc6, 0x52, 0x8c, 0x74, 0x8c, 0x53, 0x8c, 0x77, 0xad, 0xbb, 0xd6, 0x9b, 0xd6,
    0x9b, 0xd6, 0x5d, 0xef, 0xbe, 0xf7, 0xbe, 0xf7, 0x9e, 0xf7, 0xeb, 0x5a, 0x45, 0x21, 0x85, 0x31,
    0x66, 0x29, 0x4f, 0x21, 0x71, 0x21, 0x71, 0x21, 0x71, 0x21, 0x72, 0x21, 0x4e, 0x21, 0x45, 0x29,
    0x45, 0x29, 0x04, 0x21, 0x8a, 0x52, 0xbe, 0xf7, 0xdf, 0xff, 0xdf, 0xff, 0x9e, 0xf7, 0xdb, 0xde,
    0xbb, 0xd6, 0xdc, 0xde, 0x97, 0xb5, 0x73, 0x8c, 0x94, 0x94, 0x73, 0x8c, 0x39, 0xc6, 0xbf, 0xf7,
    0x9e, 0xf7, 0x9e, 0xf7, 0xfc, 0xe6, 0xbb, 0xde, 0xbb, 0xde, 0xbb, 0xde, 0xbb, 0xde, 0xbb, 0xde,
    0xbb, 0xde, 0xbb, 0xde, 0xbb, 0xde, 0xbb, 0xd6, 0xbb, 0xde, 0xbb, 0xde, 0xbb, 0xde, 0xbb, 0xde,
    0xbb, 0xde, 0xbb, 0xde, 0xbb, 0xde, 0xbb, 0xde, 0xbb, 0xde, 0xbb, 0xde, 0xbb, 0xde, 0xbb, 0xde,
    0xdb, 0xde, 0xba, 0xd6, 0xba, 0xd6, 0x38, 0xc6, 0x59, 0xc6, 0x47, 0x52, 0x40, 0x20, 0x80, 0x28,
    0x80, 0x18, 0x80, 0x18, 0xc0, 0x38, 0xe3, 0xcb, 0xe2, 0xec, 0x05, 0xfe, 0x03, 0xf6, 0xe2, 0xf5,
    0xa4, 0xfe, 0x85, 0xff, 0x46, 0xff, 0x26, 0xff, 0x06, 0xff, 0xe6, 0xfe, 0x07, 0xff, 0x66, 0xfe,
    0x23, 0xed, 0xe3, 0xf4, 0x04, 0xf5, 0x03, 0xf5, 0x03, 0xf5, 0x42, 0xe4, 0x41, 0xdc, 0x22, 0xed,
    0x83, 0xf5, 0x84, 0xf5, 0x02, 0xed, 0x61, 0xdb, 0xa1, 0x69, 0xc0, 0x20, 0x01, 0x31, 0x60, 0x28,
    0x2d, 0x7b, 0x59, 0xd6, 0x38, 0xce, 0x38, 0xce, 0x38, 0xc6, 0xba, 0xd6, 0xaf, 0x73, 0x21, 0x00,
    0xa2, 0x10, 0x82, 0x10, 0x6a, 0x4a, 0x8e, 0x73, 0x72, 0x8c, 0xf4, 0xa4, 0xdb, 0xde, 0x7d, 0xef,
    0x9e, 0xf7, 0xbb, 0xd6, 0x52, 0x8c, 0x2d, 0x63, 0x00, 0x00, 0xe8, 0x39, 0xbb, 0xd6, 0xbb, 0xde,
    0xbb, 0xde, 0xbb, 0xde, 0xbb, 0xde, 0xbb, 0xde, 0xbb, 0xde, 0xbb, 0xde, 0xbb, 0xde, 0xbb, 0xd6,
    0xbb, 0xde, 0xbb, 0xde, 0xbb, 0xde, 0xbb, 0xde, 0xbb, 0xd6, 0xdc, 0xde, 0x18, 0xc6, 0x0b, 0x6b,
    0xc7, 0x39, 0x0f, 0x4b, 0x35, 0x4c, 0x56, 0x54, 0x56, 0x5c, 0x77, 0x54, 0x3b, 0x65, 0x7c, 0x65,
    0x5c, 0x65, 0x5c, 0x65, 0x5c, 0x6d, 0x5d, 0x65, 0x5c, 0x6d, 0x7c, 0x65, 0x7d, 0x5d, 0x5c, 0x65,
    0xf9, 0x6c, 0x98, 0x5c, 0xd9, 0x5c, 0xf9, 0x64, 0x35, 0x54, 0x0e, 0x43, 0xc4, 0x08, 0x82, 0x10,
    0xa2, 0x10, 0xa2, 0x18, 0xc3, 0x18, 0xc3, 0x10, 0xa3, 0x10, 0xa2, 0x10, 0xa1, 0x10, 0x81, 0x08,
    0xe4, 0x10, 0xef, 0x42, 0x51, 0x43, 0xb2, 0x53, 0x8c, 0x3a, 0x4d, 0x2a, 0xba, 0x5c, 0x7d, 0x65,
    0x77, 0x54, 0xcd, 0x3a, 0x67, 0x11, 0x56, 0x54, 0x9d, 0x6d, 0x5c, 0x65, 0x3b, 0x6d, 0x5c, 0x65,
    0x9d, 0x65, 0x3a, 0x65, 0x35, 0x54, 0x35, 0x5c, 0x35, 0x5c, 0xe9, 0x29, 0x20, 0x08, 0x48, 0x52,
    0xcf, 0x73, 0xfc, 0xde, 0xbb, 0xde, 0xbb, 0xde, 0xbb, 0xd6, 0xbb, 0xd6, 0xbb, 0xde, 0xbb, 0xde,
    0xbb, 0xde, 0xbb, 0xd6, 0xbb, 0xde, 0xbb, 0xde, 0xbb, 0xde, 0xbb, 0xde, 0xbb, 0xde, 0xbb, 0xde,
    0xbb, 0xde, 0xfc, 0xde, 0x9e, 0xf7, 0x9d, 0xf7, 0xbf, 0xff, 0x39, 0xc6, 0x52, 0x8c, 0x94, 0x94,
    0x53, 0x8c, 0x77, 0xad, 0xbb, 0xd6, 0x9b, 0xd6, 0x9b, 0xd6, 0x5d, 0xef, 0xbe, 0xf7, 0xbe, 0xf7,
    0x9e, 0xf7, 0xcb, 0x5a, 0x25, 0x21, 0x86, 0x31, 0x66, 0x29, 0x4f, 0x21, 0x71, 0x21, 0x71, 0x21,
    0x71, 0x21, 0x72, 0x21, 0x4e, 0x21, 0x45, 0x29, 0x65, 0x29, 0x24, 0x21, 0x8a, 0x52, 0xbe, 0xf7,
    0xdf, 0xff, 0xdf, 0xff, 0x9e, 0xf7, 0xbb, 0xde, 0xbb, 0xd6, 0xdc, 0xde, 0x97, 0xb5, 0x73, 0x8c,
    0x94, 0x94, 0x73, 0x8c, 0x39, 0xc6, 0xbf, 0xf7, 0x9e, 0xf7, 0x9e, 0xf7, 0xfc, 0xe6, 0xbb, 0xde,
    0xbb, 0xde, 0xbb, 0xde, 0xbb, 0xde, 0xbb, 0xde, 0xbb, 0xde, 0xbb, 0xde, 0xbb, 0xde, 0xbb, 0xde,
    0xbb, 0xde, 0xbb, 0xde, 0xbb, 0xde, 0xbb, 0xde, 0xbb, 0xde, 0xbb, 0xde, 0xbb, 0xde, 0xbb, 0xde,
    0xbb, 0xde, 0xbb, 0xde, 0xbb, 0xde, 0xbb, 0xde, 0xdb, 0xde, 0xfc, 0xe6, 0xbb, 0xd6, 0x87, 0x39,
    0xa3, 0x18, 0x83, 0x92, 0x62, 0xcb, 0x24, 0xd4, 0xa4, 0xcc, 0x45, 0xd5, 0xa4, 0xd5, 0xa6, 0xf6,
    0xe6, 0xfe, 0x26, 0xff, 0x25, 0xff, 0x05, 0xff, 0x25, 0xff, 0x86, 0xff, 0x85, 0xf6, 0x63, 0xed,
    0x63, 0xf5, 0x63, 0xf5, 0x63, 0xed, 0x43, 0xed, 0x03, 0xf5, 0x03, 0xed, 0x03, 0xf5, 0x03, 0xf5,
    0x01, 0xed, 0x05, 0xfe, 0x85, 0xfe, 0xe5, 0xfe, 0x05, 0xff, 0x06, 0xff, 0x85, 0xfe, 0x23, 0xe5,
    0xc4, 0xe4, 0xc5, 0xe4, 0x03, 0xd4, 0x82, 0xca, 0x64, 0x69, 0xa3, 0x10, 0xaa, 0x52, 0xe7, 0x31,
    0x24, 0x19, 0x45, 0x29, 0x29, 0x4a, 0xcb, 0x5a, 0xaf, 0x73, 0x51, 0x8c, 0x59, 0xce, 0x7d, 0xef,
    0x7d, 0xef, 0x7e, 0xf7, 0xbe, 0xf7, 0xbe, 0xf7, 0xdf, 0xff, 0x5d, 0xef, 0xf8, 0xbd, 0x31, 0x84,
    0x00, 0x00, 0x08, 0x42, 0xbb, 0xde, 0xbb, 0xde, 0xbb, 0xde, 0xbb, 0xde, 0xbb, 0xde, 0xbb, 0xde,
    0xbb, 0xde, 0xbb, 0xde, 0xbb, 0xde, 0xbb, 0xd6, 0xbb, 0xde, 0xbb, 0xde, 0xbb, 0xde, 0xbb, 0xde,
    0x9b, 0xd6, 0xdc, 0xd6, 0xb7, 0xb5, 0x83, 0x08, 0x27, 0x09, 0x5a, 0x75, 0xbe, 0x6d, 0x7d, 0x65,
    0x7d, 0x6d, 0x9d, 0x6d, 0x9c, 0x75, 0x7b, 0x75, 0x7b, 0x75, 0x9c, 0x7d, 0x9d, 0x75, 0x7c, 0x75,
    0x9c, 0x75, 0x7d, 0x6d, 0x5d, 0x6d, 0x7d, 0x6d, 0xbd, 0x75, 0xbe, 0x6d, 0x9d, 0x6d, 0x9c, 0x6d,
    0xfe, 0x7d, 0x39, 0x75, 0x68, 0x11, 0xc3, 0x10, 0xe5, 0x10, 0xc4, 0x10, 0xa2, 0x10, 0xa3, 0x10,
    0x82, 0x08, 0x63, 0x00, 0xa3, 0x00, 0x04, 0x09, 0xca, 0x21, 0x3b, 0x75, 0xbf, 0x6d, 0xfe, 0x7d,
    0xee, 0x3a, 0x01, 0x00, 0x35, 0x5c, 0x9c, 0x6d, 0xde, 0x6d, 0x55, 0x5c, 0x23, 0x00, 0x92, 0x4b,
    0xbc, 0x7d, 0x7b, 0x75, 0x9c, 0x7d, 0xbd, 0x7d, 0xbd, 0x75, 0x9d, 0x6d, 0xbd, 0x75, 0x9d, 0x75,
    0xdd, 0x7d, 0x51, 0x43, 0xe5, 0x08, 0x01, 0x00, 0xa7, 0x29, 0x1c, 0xdf, 0xbb, 0xde, 0xbb, 0xde,
    0xbb, 0xde, 0xbb, 0xde, 0xbb, 0xde, 0xbb, 0xd6, 0xbb, 0xde, 0xbb, 0xde, 0xbb, 0xde, 0xbb, 0xde,
    0xbb, 0xde, 0xbb, 0xde, 0xbb, 0xde, 0xbb, 0xde, 0xbb, 0xde, 0xfc, 0xde, 0x9e, 0xf7, 0x9d, 0xf7,
    0xbf, 0xff, 0x39, 0xc6, 0x52, 0x8c, 0x94, 0x94, 0x53, 0x8c, 0x77, 0xad, 0xbb, 0xd6, 0x9b, 0xd6,
    0x9b, 0xd6, 0x5d, 0xef, 0xbe, 0xf7, 0xbe, 0xf7, 0x9e, 0xf7, 0xcb, 0x5a, 0x25, 0x21, 0x86, 0x31,
    0x66, 0x29, 0x4f, 0x21, 0x71, 0x21, 0x71, 0x21, 0x71, 0x21, 0x72, 0x21, 0x4e, 0x21, 0x45, 0x29,
    0x65, 0x29, 0x24, 0x21, 0x8a, 0x52, 0xbe, 0xf7, 0xdf, 0xff, 0xdf, 0xff, 0x7e, 0xf7, 0xbb, 0xde,
    0xbb, 0xd6, 0xdc, 0xde, 0x97, 0xb5, 0x73, 0x8c, 0x94, 0x94, 0x73, 0x8c, 0x39, 0xc6, 0xdf, 0xf7,
    0x9e, 0xf7, 0x9e, 0xf7, 0xfc, 0xe6, 0xbb, 0xde, 0xbb, 0xde, 0xbb, 0xde, 0xbb, 0xde, 0xbb, 0xde,
    0xbb, 0xde, 0xbb, 0xde, 0xbb, 0xde, 0xbb, 0xde, 0xbb, 0xde, 0xbb, 0xde, 0xbb, 0xde, 0xbb, 0xde,
    0xbb, 0xde, 0xbb, 0xde, 0xbb, 0xde, 0xbb, 0xde, 0xbb, 0xde, 0xbb, 0xde, 0xbb, 0xde, 0xbb, 0xd6,
    0x9b, 0xd6, 0x39, 0xce, 0xd6, 0xc5, 0x43, 0x39, 0x40, 0x20, 0x03, 0xab, 0x41, 0xe4, 0x02, 0xed,
    0xa3, 0xed, 0x64, 0xfe, 0xc4, 0xf6, 0x46, 0xff, 0x25, 0xff, 0xe5, 0xfe, 0x06, 0xff, 0x06, 0xff,
    0xc7, 0xfe, 0x06, 0xff, 0xe4, 0xf5, 0x03, 0xed, 0x03, 0xf5, 0xe3, 0xec, 0x03, 0xed, 0x03, 0xf5,
    0x03, 0xf5, 0x23, 0xed, 0x23, 0xed, 0x63, 0xed, 0x82, 0xed, 0x85, 0xfe, 0x05, 0xff, 0x25, 0xff,
    0x45, 0xff, 0x66, 0xff, 0xe5, 0xfe, 0xc2, 0xed, 0x84, 0xf5, 0x24, 0xf5, 0x63, 0xdc, 0x40, 0xdb,
    0xa1, 0x79, 0x20, 0x18, 0x06, 0x4a, 0xc2, 0x18, 0x42, 0x08, 0x62, 0x08, 0x08, 0x42, 0xae, 0x7b,
    0x72, 0x94, 0x35, 0xa5, 0xdb, 0xde, 0xdf, 0xff, 0xff, 0xff, 0xff, 0xff, 0xff, 0xff, 0xff, 0xff,
    0xff, 0xff, 0x5d, 0xef, 0xf8, 0xbd, 0x51, 0x8c, 0x00, 0x00, 0x08, 0x42, 0xbb, 0xd6, 0xbb, 0xde,
    0xbb, 0xde, 0xbb, 0xde, 0xbb, 0xde, 0xbb, 0xde, 0xbb, 0xde, 0xbb, 0xde, 0xbb, 0xde, 0xbb, 0xd6,
    0xbb, 0xd6, 0xbb, 0xde, 0xbb, 0xde, 0xdb, 0xde, 0x59, 0xce, 0x28, 0x4a, 0x05, 0x19, 0x2f, 0x43,
    0x3a, 0x6d, 0x5c, 0x65, 0x7c, 0x6d, 0x9d, 0x6d, 0x7d, 0x65, 0x5c, 0x6d, 0x93, 0x43, 0x89, 0x19,
    0xc9, 0x21, 0xca, 0x21, 0xa9, 0x19, 0x87, 0x19, 0xc8, 0x19, 0x89, 0x19, 0x6d, 0x32, 0x31, 0x3b,
    0x15, 0x4c, 0xd4, 0x4b, 0x19, 0x6d, 0xbd, 0x75, 0x7c, 0x6d, 0x9c, 0x6d, 0x1a, 0x65, 0xd8, 0x5c,
    0x3a, 0x6d, 0x8d, 0x32, 0x40, 0x08, 0x41, 0x10, 0x61, 0x08, 0xb2, 0x53, 0xf9, 0x6c, 0xfa, 0x6c,
    0x3a, 0x6d, 0x5b, 0x6d, 0x7d, 0x65, 0x9e, 0x6d, 0x97, 0x5c, 0x06, 0x09, 0x71, 0x4b, 0xbd, 0x6d,
    0x7d, 0x65, 0x1a, 0x6d, 0x6d, 0x32, 0x27, 0x11, 0x0b, 0x22, 0xea, 0x21, 0x4c, 0x2a, 0x4d, 0x2a,
    0x4d, 0x2a, 0xd8, 0x64, 0xbe, 0x6d, 0x7d, 0x65, 0x5c, 0x6d, 0x3b, 0x65, 0x3a, 0x6d, 0x96, 0x6c,
    0xa8, 0x21, 0x24, 0x21, 0x8e, 0x73, 0xfc, 0xe6, 0x9b, 0xd6, 0xbb, 0xde, 0xbb, 0xd6, 0xbb, 0xde,
    0xbb, 0xde, 0xbb, 0xde, 0xbb, 0xde, 0xbb, 0xde, 0xbb, 0xde, 0xbb, 0xde, 0xbb, 0xde, 0xbb, 0xde,
    0xbb, 0xde, 0xfc, 0xde, 0x9e, 0xf7, 0x9d, 0xf7, 0xbf, 0xff, 0x39, 0xc6, 0x52, 0x8c, 0x94, 0x94,
    0x53, 0x8c, 0x77, 0xad, 0xbb, 0xd6, 0xbb, 0xd6, 0x9b, 0xd6, 0x5d, 0xef, 0xbe, 0xf7, 0xbe, 0xf7,
    0x9e, 0xf7, 0xcb, 0x5a, 0x45, 0x29, 0x85, 0x31, 0x66, 0x29, 0x4f, 0x21, 0x71, 0x21, 0x71, 0x21,
    0x71, 0x21, 0x72, 0x21, 0x4e, 0x21, 0x45, 0x29, 0x65, 0x29, 0x24, 0x21, 0xaa, 0x52, 0x9e, 0xf7,
    0xdf, 0xff, 0xdf, 0xff, 0x7e, 0xef, 0xbb, 0xd6, 0xbb, 0xd6, 0xdc, 0xde, 0x97, 0xb5, 0x73, 0x8c,
    0x94, 0x94, 0x73, 0x8c, 0x39, 0xc6, 0xdf, 0xf7, 0x9e, 0xf7, 0x9e, 0xf7, 0xfc, 0xe6, 0xbb, 0xd6,
    0xbb, 0xde, 0xbb, 0xde, 0xbb, 0xde, 0xbb, 0xde, 0xbb, 0xde, 0xbb, 0xde, 0xbb, 0xde, 0xbb, 0xde,
    0xbb, 0xde, 0xbb, 0xde, 0xbb, 0xde, 0xbb, 0xd6, 0xbb, 0xd6, 0xbb, 0xde, 0xbb, 0xde, 0xbb, 0xde,
    0xbb, 0xde, 0xbb, 0xde, 0xdb, 0xd6, 0x1d, 0xe7, 0x39, 0xc6, 0xc2, 0x18, 0xe1, 0x20, 0x68, 0xbc,
    0x05, 0xd5, 0x46, 0xee, 0xe6, 0xfe, 0xe5, 0xfe, 0x05, 0xff, 0x26, 0xff, 0x45, 0xff, 0x46, 0xff,
    0x85, 0xf6, 0x22, 0xe5, 0x43, 0xed, 0x44, 0xe5, 0x44, 0xed, 0x22, 0xed, 0x02, 0xed, 0x03, 0xf5,
    0x23, 0xf5, 0x23, 0xed, 0x03, 0xf5, 0xe3, 0xf4, 0xe3, 0xf4, 0x03, 0xed, 0xe4, 0xf5, 0xc6, 0xfe,
    0x06, 0xff, 0x26, 0xff, 0x46, 0xff, 0x45, 0xff, 0x46, 0xff, 0x46, 0xff, 0x46, 0xff, 0x47, 0xff,
    0xc6, 0xfe, 0x43, 0xed, 0xe3, 0xf4, 0xe3, 0xf4, 0xe3, 0xdb, 0x24, 0xc3, 0x04, 0x72, 0x00, 0x00,
    0x8b, 0x52, 0xd3, 0x9c, 0x34, 0xa5, 0x19, 0xc6, 0x96, 0xb5, 0x55, 0xad, 0x34, 0xa5, 0x14, 0xa5,
    0x1c, 0xe7, 0xff, 0xff, 0xff, 0xff, 0xff, 0xff, 0xff, 0xff, 0x3d, 0xe7, 0x93, 0x94, 0x6e, 0x6b,
    0x20, 0x00, 0x28, 0x42, 0x9b, 0xd6, 0xbb, 0xde, 0xbb, 0xde, 0xbb, 0xde, 0xbb, 0xde, 0xbb, 0xde,
    0xbb, 0xde, 0xbb, 0xde, 0xbb, 0xd6, 0xbb, 0xd6, 0xbb, 0xd6, 0xbb, 0xd6, 0x9b, 0xd6, 0xfb, 0xde,
    0xba, 0xd6, 0x04, 0x21, 0x43, 0x00, 0xb4, 0x43, 0xde, 0x6d, 0x5d, 0x5d, 0x3b, 0x65, 0x15, 0x54,
    0xd4, 0x4b, 0x92, 0x4b, 0xc9, 0x29, 0x41, 0x00, 0x62, 0x10, 0x61, 0x08, 0x41, 0x08, 0x40, 0x08,
    0x61, 0x08, 0x41, 0x08, 0x61, 0x10, 0x62, 0x08, 0xa4, 0x00, 0x84, 0x00, 0x71, 0x4b, 0xf9, 0x6c,
    0x7c, 0x6d, 0xde, 0x6d, 0xbe, 0x65, 0xf9, 0x5c, 0xd4, 0x53, 0x6d, 0x2a, 0x87, 0x11, 0xa8, 0x19,
    0xa8, 0x19, 0xd9, 0x64, 0xdf, 0x75, 0x9d, 0x6d, 0x9d, 0x6d, 0xbd, 0x75, 0x5c, 0x6d, 0x57, 0x5c,
    0x55, 0x64, 0x66, 0x11, 0x0f, 0x43, 0xbd, 0x75, 0x5c, 0x6d, 0xbd, 0x75, 0x72, 0x43, 0x01, 0x00,
    0x41, 0x08, 0x61, 0x08, 0x82, 0x08, 0x62, 0x08, 0x42, 0x00, 0xd2, 0x5b, 0xf8, 0x6c, 0xd8, 0x64,
    0xbd, 0x75, 0xde, 0x75, 0xbe, 0x6d, 0x7b, 0x75, 0xc9, 0x19, 0x00, 0x00, 0x8b, 0x4a, 0x5e, 0xef,
    0xdb, 0xde, 0xbb, 0xde, 0xbb, 0xde, 0xbb, 0xd6, 0xbb, 0xd6, 0xbb, 0xd6, 0xbb, 0xde, 0xbb, 0xd6,
    0xbb, 0xd6, 0xbb, 0xde, 0xbb, 0xde, 0xbb, 0xde, 0xbb, 0xde, 0xfc, 0xde, 0x9e, 0xf7, 0x9d, 0xf7,
    0xbf, 0xff, 0x39, 0xc6, 0x52, 0x8c, 0x94, 0x94, 0x53, 0x8c, 0x77, 0xad, 0xbb, 0xd6, 0xbb, 0xd6,
    0x9b, 0xd6, 0x5d, 0xef, 0xbe, 0xf7, 0xbe, 0xf7, 0x9e, 0xf7, 0xeb, 0x5a, 0x45, 0x29, 0x85, 0x31,
    0x66, 0x29, 0x4f, 0x21, 0x71, 0x21, 0x71, 0x21, 0x71, 0x21, 0x72, 0x21, 0x4e, 0x21, 0x45, 0x29,
    0x65, 0x29, 0x24, 0x21, 0xaa, 0x52, 0x9e, 0xf7, 0xdf, 0xff, 0xdf, 0xff, 0x7e, 0xef, 0xbb, 0xd6,
    0xbb, 0xd6, 0xdc, 0xde, 0x97, 0xb5, 0x73, 0x8c, 0x94, 0x94, 0x73, 0x8c, 0x39, 0xc6, 0xdf, 0xff,
    0x9e, 0xf7, 0x9e, 0xf7, 0xfc, 0xe6, 0xbb, 0xd6, 0xbb, 0xde, 0xbb, 0xde, 0xbb, 0xde, 0xbb, 0xde,
    0xbb, 0xde, 0xbb, 0xde, 0xbb, 0xde, 0xbb, 0xde, 0xbb, 0xde, 0xbb, 0xde, 0xbb, 0xde, 0xbb, 0xd6,
    0xbb, 0xd6, 0xbb, 0xde, 0xbb, 0xde, 0xbb, 0xde, 0xbb, 0xd6, 0xbb, 0xde, 0xbb, 0xd6, 0x59, 0xce,
    0x75, 0xad, 0xa0, 0x20, 0xc0, 0x38, 0xc6, 0xdc, 0xa2, 0xf5, 0xc5, 0xf6, 0x66, 0xff, 0x45, 0xff,
    0x45, 0xff, 0x45, 0xff, 0x26, 0xff, 0x06, 0xff, 0x45, 0xf6, 0xe2, 0xec, 0xe3, 0xf4, 0x03, 0xed,
    0x03, 0xed, 0xe3, 0xf4, 0x03, 0xed, 0x03, 0xf5, 0x03, 0xf5, 0x23, 0xed, 0x23, 0xf5, 0x03, 0xf5,
    0x43, 0xed, 0x63, 0xed, 0x44, 0xf6, 0x25, 0xff, 0x46, 0xff, 0x46, 0xff, 0x46, 0xff, 0x46, 0xff,
    0x46, 0xff, 0x45, 0xff, 0x45, 0xff, 0x06, 0xff, 0x86, 0xfe, 0x43, 0xed, 0x03, 0xf5, 0x03, 0xf5,
    0x41, 0xe4, 0xc2, 0xe3, 0x42, 0x8a, 0x60, 0x18, 0x89, 0x5a, 0x51, 0x94, 0xf4, 0xa4, 0xb7, 0xb5,
    0x75, 0xad, 0x96, 0xb5, 0x76, 0xad, 0x55, 0xad, 0xfb, 0xde, 0xff, 0xff, 0xff, 0xff, 0xdf, 0xff,
    0x9e, 0xf7, 0x9a, 0xd6, 0x32, 0x84, 0x2e, 0x63, 0x20, 0x00, 0x28, 0x42, 0x9b, 0xd6, 0xbb, 0xde,
    0xbb, 0xd6, 0xbb, 0xde, 0xbb, 0xde, 0xbb, 0xde, 0xbb, 0xde, 0xbb, 0xde, 0xbb, 0xd6, 0xbb, 0xd6,
    0xbb, 0xd6, 0x9b, 0xd6, 0xdc, 0xde, 0xf3, 0x9c, 0x07, 0x3a, 0xe4, 0x18, 0xf4, 0x5b, 0x9c, 0x75,
    0x7c, 0x6d, 0xbd, 0x75, 0x56, 0x5c, 0xa4, 0x00, 0x83, 0x00, 0x83, 0x08, 0x82, 0x10, 0xc3, 0x18,
    0xc3, 0x18, 0xc3, 0x18, 0xc3, 0x18, 0xc3, 0x18, 0xa2, 0x10, 0x82, 0x10, 0x82, 0x10, 0x82, 0x10,
    0x81, 0x10, 0xa2, 0x08, 0xa3, 0x08, 0xe4, 0x08, 0xee, 0x3a, 0xb4, 0x4b, 0xd9, 0x64, 0x11, 0x43,
    0x02, 0x00, 0x8e, 0x2a, 0xbd, 0x75, 0x9b, 0x75, 0x9b, 0x7d, 0x7c, 0x75, 0x7d, 0x6d, 0x9e, 0x6d,
    0x7c, 0x6d, 0x3a, 0x6d, 0xf3, 0x53, 0x84, 0x00, 0x62, 0x00, 0x82, 0x08, 0x05, 0x11, 0x6d, 0x2a,
    0x3b, 0x6d, 0x7d, 0x65, 0xfa, 0x64, 0x0a, 0x32, 0x41, 0x08, 0xc2, 0x10, 0xc2, 0x10, 0xa2, 0x10,
    0xa3, 0x10, 0xa3, 0x08, 0xc4, 0x08, 0xe5, 0x08, 0xad, 0x32, 0xb8, 0x64, 0x7d, 0x6d, 0x7c, 0x65,
    0x7a, 0x75, 0x4f, 0x53, 0xc4, 0x10, 0x6d, 0x6b, 0x96, 0xb5, 0xfc, 0xe6, 0xbb, 0xd6, 0xdb, 0xd6,
    0xbb, 0xd6, 0xbb, 0xd6, 0xbb, 0xde, 0xbb, 0xd6, 0xbb, 0xd6, 0xbb, 0xde, 0xbb, 0xde, 0xbb, 0xde,
    0xbb, 0xde, 0xfc, 0xde, 0x9e, 0xf7, 0x9d, 0xf7, 0xdf, 0xf7, 0x39, 0xc6, 0x53, 0x8c, 0x94, 0x94,
    0x73, 0x8c, 0x77, 0xad, 0xbb, 0xd6, 0xbb, 0xd6, 0xbb, 0xd6, 0x5d, 0xef, 0xbe, 0xf7, 0xbe, 0xf7,
    0xbe, 0xf7, 0xeb, 0x5a, 0x45, 0x29, 0x86, 0x31, 0x66, 0x29, 0x4f, 0x21, 0x71, 0x21, 0x71, 0x21,
    0x71, 0x21, 0x72, 0x21, 0x4e, 0x21, 0x45, 0x29, 0x65, 0x29, 0x24, 0x21, 0xaa, 0x52, 0x9e, 0xf7,
    0xdf, 0xff, 0xdf, 0xff, 0x7e, 0xef, 0xbb, 0xd6, 0xbb, 0xd6, 0xdc, 0xde, 0x97, 0xb5, 0x73, 0x8c,
    0x94, 0x94, 0x73, 0x8c, 0x39, 0xc6, 0xdf, 0xff, 0x9e, 0xf7, 0x9e, 0xf7, 0xfc, 0xe6, 0xbb, 0xd6,
    0xbb, 0xde, 0xbb, 0xde, 0xbb, 0xde, 0xbb, 0xde, 0xbb, 0xde, 0xbb, 0xde, 0xbb, 0xde, 0xbb, 0xde,
    0xbb, 0xde, 0xbb, 0xde, 0xbb, 0xde, 0xbb, 0xd6, 0xbb, 0xd6, 0xbb, 0xde, 0xbb, 0xde, 0xbb, 0xd6,
    0xbb, 0xd6, 0x3d, 0xe7, 0x55, 0xad, 0x82, 0x08, 0x23, 0x31, 0xe6, 0xbb, 0x42, 0xcc, 0x66, 0xf6,
    0x26, 0xff, 0x46, 0xff, 0x66, 0xff, 0x46, 0xff, 0x05, 0xff, 0xa5, 0xfe, 0x86, 0xfe, 0x82, 0xe5,
    0x23, 0xed, 0xe3, 0xec, 0xe3, 0xf4, 0x03, 0xed, 0x03, 0xed, 0x03, 0xed, 0x03, 0xed, 0x03, 0xed,
    0x04, 0xed, 0x23, 0xf5, 0x84, 0xfd, 0x04, 0xfe, 0x06, 0xff, 0x06, 0xff, 0x06, 0xff, 0x26, 0xff,
    0x46, 0xff, 0x46, 0xff, 0x46, 0xff, 0x46, 0xff, 0x46, 0xff, 0x66, 0xff, 0xe6, 0xfe, 0x62, 0xe5,
    0x02, 0xed, 0x23, 0xed, 0x23, 0xed, 0x03, 0xed, 0xe2, 0xf4, 0x04, 0xfd, 0xe4, 0xdb, 0xe3, 0xb2,
    0xa3, 0x59, 0x00, 0x00, 0x51, 0x84, 0xff, 0xff, 0x9e, 0xf7, 0xdf, 0xff, 0xbe, 0xf7, 0x9e, 0xf7,
    0xbe, 0xf7, 0xdf, 0xff, 0xff, 0xff, 0x9e, 0xf7, 0x55, 0xad, 0x92, 0x8c, 0x6e, 0x6b, 0x6a, 0x4a,
    0x00, 0x00, 0x08, 0x42, 0xbb, 0xde, 0xbb, 0xde, 0xbb, 0xd6, 0xbb, 0xde, 0xbb, 0xde, 0xbb, 0xde,
    0xbb, 0xde, 0xbb, 0xde, 0xbb, 0xd6, 0xbb, 0xd6, 0xbb, 0xd6, 0xbb, 0xd6, 0x5d, 0xef, 0x31, 0x84,
    0x00, 0x00, 0x62, 0x08, 0x36, 0x54, 0xbd, 0x75, 0x5a, 0x6d, 0x10, 0x43, 0x06, 0x11, 0x83, 0x08,
    0xa3, 0x10, 0xa3, 0x18, 0xa2, 0x10, 0xa3, 0x10, 0xc3, 0x10, 0xa3, 0x10, 0xa2, 0x10, 0xa2, 0x10,
    0xa2, 0x10, 0x82, 0x10, 0x82, 0x10, 0x82, 0x10, 0x82, 0x10, 0x81, 0x10, 0x82, 0x10, 0x82, 0x08,
    0x41, 0x08, 0x21, 0x00, 0x63, 0x00, 0x4c, 0x2a, 0xd8, 0x64, 0x1a, 0x65, 0x7c, 0x75, 0x5d, 0x6d,
    0x7d, 0x6d, 0xdd, 0x75, 0xfe, 0x7d, 0x9c, 0x75, 0x75, 0x6c, 0x26, 0x19, 0xc3, 0x10, 0x82, 0x08,
    0x82, 0x08, 0x82, 0x10, 0x41, 0x00, 0x26, 0x11, 0x1a, 0x65, 0x7c, 0x6d, 0xbe, 0x75, 0xce, 0x3a,
    0x21, 0x00, 0xa3, 0x10, 0xa2, 0x10, 0x82, 0x10, 0x82, 0x10, 0x82, 0x10, 0x82, 0x08, 0xa3, 0x10,
    0x21, 0x00, 0xee, 0x3a, 0xbd, 0x7d, 0x9d, 0x65, 0xfe, 0x75, 0x92, 0x4b, 0x00, 0x00, 0x00, 0x00,
    0x30, 0x84, 0x5e, 0xef, 0xbb, 0xd6, 0xbb, 0xd6, 0xbb, 0xd6, 0xbb, 0xde, 0xbb, 0xde, 0xbb, 0xd6,
    0xbb, 0xd6, 0xbb, 0xde, 0xbb, 0xde, 0xbb, 0xde, 0xbb, 0xde, 0xfc, 0xde, 0x9e, 0xf7, 0x9d, 0xf7,
    0xdf, 0xff, 0x39, 0xc6, 0x53, 0x8c, 0x94, 0x94, 0x73, 0x8c, 0x77, 0xb5, 0xbb, 0xd6, 0xbb, 0xd6,
    0xbb, 0xd6, 0x5d, 0xef, 0xbe, 0xf7, 0xbe, 0xf7, 0xbe, 0xf7, 0xeb, 0x5a, 0x45, 0x29, 0x86, 0x31,
    0x66, 0x29, 0x4f, 0x21, 0x71, 0x21, 0x71, 0x21, 0x71, 0x21, 0x72, 0x21, 0x4e, 0x21, 0x45, 0x29,
    0x65, 0x29, 0x24, 0x21, 0x8a, 0x52, 0x9e, 0xf7, 0xdf, 0xff, 0xbf, 0xf7, 0x7e, 0xef, 0xbb, 0xd6,
    0xbb, 0xd6, 0xdc, 0xde, 0x97, 0xb5, 0x53, 0x8c, 0x94, 0x94, 0x73, 0x8c, 0x39, 0xc6, 0xdf, 0xff,
    0x9e, 0xf7, 0x9e, 0xf7, 0xfc, 0xe6, 0xbb, 0xd6, 0xbb, 0xde, 0xbb, 0xde, 0xbb, 0xde, 0xbb, 0xde,
    0xbb, 0xde, 0xbb, 0xde, 0xbb, 0xde, 0xbb, 0xde, 0xbb, 0xde, 0xbb, 0xde, 0xbb, 0xde, 0xbb, 0xd6,
    0xbb, 0xd6, 0xbb, 0xde, 0xbb, 0xde, 0xdb, 0xde, 0x7a, 0xce, 0x18, 0xc6, 0x50, 0x94, 0x40, 0x18,
    0x21, 0x49, 0x63, 0xec, 0xe0, 0xec, 0x65, 0xf6, 0x05, 0xff, 0x05, 0xff, 0xe6, 0xfe, 0xe6, 0xfe,
    0xa6, 0xfe, 0x25, 0xf6, 0x05, 0xfe, 0x23, 0xed, 0x03, 0xed, 0xe3, 0xf4, 0xe3, 0xf4, 0x03, 0xed,
    0x03, 0xed, 0x03, 0xf5, 0x03, 0xf5, 0x03, 0xf5, 0x43, 0xed, 0x83, 0xed, 0xe4, 0xf5, 0x84, 0xf6,
    0x46, 0xff, 0x45, 0xff, 0x46, 0xff, 0x46, 0xff, 0x46, 0xff, 0x66, 0xf7, 0x66, 0xf7, 0x46, 0xff,
    0x46, 0xff, 0x06, 0xff, 0x66, 0xfe, 0x02, 0xf5, 0xe3, 0xf4, 0x03, 0xf5, 0x03, 0xed, 0x03, 0xf5,
    0x03, 0xf5, 0x24, 0xf5, 0x02, 0xec, 0x41, 0xe3, 0xe2, 0x81, 0x20, 0x10, 0xce, 0x83, 0x1c, 0xe7,
    0x7d, 0xef, 0xff, 0xff, 0xff, 0xff, 0xdf, 0xff, 0xdf, 0xff, 0xdf, 0xff, 0x9e, 0xf7, 0x1c, 0xe7,
    0xf3, 0x9c, 0x51, 0x8c, 0xec, 0x5a, 0x29, 0x42, 0xa2, 0x10, 0xaa, 0x52, 0xbb, 0xde, 0xbb, 0xde,
    0xbb, 0xd6, 0xbb, 0xde, 0xbb, 0xde, 0xbb, 0xde, 0xbb, 0xde, 0xbb, 0xde, 0xbb, 0xd6, 0xbb, 0xd6,
    0xbb, 0xde, 0x19, 0xc6, 0x92, 0x94, 0xab, 0x52, 0xc3, 0x10, 0x6c, 0x3a, 0xd9, 0x5c, 0x9e, 0x6d,
    0x39, 0x65, 0x47, 0x19, 0x41, 0x08, 0xa2, 0x18, 0xa2, 0x18, 0xa2, 0x18, 0xa2, 0x18, 0xa2, 0x10,
    0xa2, 0x10, 0xa3, 0x10, 0xa2, 0x10, 0x82, 0x10, 0x82, 0x10, 0x82, 0x10, 0x82, 0x10, 0x82, 0x10,
    0x82, 0x10, 0x82, 0x10, 0x62, 0x10, 0x83, 0x08, 0x42, 0x00, 0x41, 0x00, 0x25, 0x11, 0x50, 0x3b,
    0xfd, 0x75, 0xbd, 0x6d, 0x7c, 0x75, 0xbe, 0x6d, 0x9d, 0x6d, 0xb3, 0x4b, 0x2f, 0x3b, 0x47, 0x11,
    0x63, 0x00, 0x00, 0x00, 0x20, 0x00, 0x81, 0x08, 0x82, 0x08, 0x82, 0x08, 0x61, 0x08, 0x25, 0x19,
    0xd8, 0x64, 0x9c, 0x6d, 0xbd, 0x75, 0xae, 0x32, 0x21, 0x00, 0x83, 0x10, 0x82, 0x10, 0x82, 0x10,
    0x82, 0x10, 0x81, 0x18, 0xa2, 0x18, 0xa2, 0x18, 0x82, 0x08, 0x46, 0x19, 0x2c, 0x22, 0x1a, 0x65,
    0xbe, 0x6d, 0x15, 0x4c, 0xe9, 0x29, 0xa3, 0x10, 0xaf, 0x73, 0x39, 0xc6, 0x9a, 0xd6, 0xdb, 0xde,
    0xbb, 0xd6, 0xbb, 0xde, 0xbb, 0xde, 0xbb, 0xd6, 0xbb, 0xd6, 0xbb, 0xde, 0xbb, 0xde, 0xbb, 0xde,
    0xbb, 0xd6, 0xfc, 0xde, 0x9e, 0xf7, 0x9d, 0xf7, 0xdf, 0xff, 0x39, 0xc6, 0x53, 0x8c, 0x94, 0x94,
    0x73, 0x8c, 0x77, 0xad, 0xbb, 0xd6, 0xbb, 0xd6, 0xbb, 0xd6, 0x5d, 0xef, 0xbe, 0xf7, 0xbe, 0xf7,
    0x9e, 0xf7, 0xeb, 0x5a, 0x45, 0x29, 0x86, 0x31, 0x66, 0x29, 0x4f, 0x21, 0x71, 0x21, 0x71, 0x21,
    0x71, 0x21, 0x72, 0x21, 0x4e, 0x21, 0x45, 0x29, 0x45, 0x29, 0x24, 0x21, 0xaa, 0x52, 0xbe, 0xf7,
    0xdf, 0xff, 0xdf, 0xff, 0x9e, 0xf7, 0xbb, 0xde, 0xbb, 0xd6, 0xdc, 0xde, 0x97, 0xb5, 0x53, 0x8c,
    0x94, 0x94, 0x73, 0x8c, 0x39, 0xc6, 0xbf, 0xf7, 0x9e, 0xf7, 0x9e, 0xf7, 0xfc, 0xe6, 0xbb, 0xd6,
    0xbb, 0xde, 0xbb, 0xde, 0xbb, 0xde, 0xbb, 0xd6, 0xbb, 0xde, 0xbb, 0xde, 0xbb, 0xde, 0xbb, 0xde,
    0xbb, 0xde, 0xbb, 0xde, 0xbb, 0xde, 0xbb, 0xde, 0xbb, 0xd6, 0xbb, 0xd6, 0xbb, 0xd6, 0x1d, 0xe7,
    0xf4, 0x9c, 0x20, 0x00, 0x02, 0x49, 0x04, 0xc3, 0x62, 0xd3, 0x03, 0xf5, 0x02, 0xed, 0xe2, 0xf4,
    0x03, 0xf5, 0x23, 0xed, 0x22, 0xed, 0x22, 0xed, 0x23, 0xf5, 0x03, 0xf5, 0xe3, 0xf4, 0xe3, 0xf4,
    0xe3, 0xf4, 0x03, 0xed, 0x03, 0xf5, 0x03, 0xf5, 0xe3, 0xec, 0x03, 0xed, 0xe4, 0xf4, 0x02, 0xed,
    0x65, 0xfe, 0x47, 0xff, 0x26, 0xff, 0x46, 0xff, 0x66, 0xff, 0x66, 0xff, 0x46, 0xff, 0x46, 0xff,
    0x66, 0xff, 0x66, 0xf7, 0x46, 0xff, 0x47, 0xff, 0x06, 0xff, 0x62, 0xe5, 0x03, 0xed, 0x03, 0xed,
    0x03, 0xf5, 0x03, 0xed, 0x03, 0xf5, 0xe3, 0xf4, 0x03, 0xed, 0x22, 0xed, 0x02, 0xed, 0xe3, 0xfc,
    0xc3, 0xdb, 0x82, 0xb2, 0x62, 0x61, 0x41, 0x08, 0xb2, 0x94, 0xff, 0xff, 0xdf, 0xff, 0xdf, 0xff,
    0xff, 0xff, 0xdf, 0xff, 0x18, 0xc6, 0x14, 0xa5, 0xf0, 0x7b, 0x2d, 0x63, 0x62, 0x08, 0xe7, 0x39,
    0x9a, 0xd6, 0x7a, 0xd6, 0xbb, 0xde, 0xbb, 0xde, 0xbb, 0xde, 0xbb, 0xde, 0xbb, 0xde, 0xbb, 0xde,
    0xbb, 0xd6, 0xbb, 0xd6, 0xbb, 0xde, 0xbb, 0xd6, 0xdb, 0xde, 0x55, 0xad, 0x41, 0x00, 0x00, 0x00,
    0x46, 0x19, 0x5a, 0x7d, 0x9d, 0x6d, 0x9e, 0x65, 0x1a, 0x5d, 0x26, 0x19, 0xa2, 0x18, 0xc3, 0x10,
    0xa2, 0x10, 0xa2, 0x18, 0xa2, 0x10, 0xa2, 0x10, 0xa2, 0x10, 0x82, 0x10, 0x82, 0x10, 0x82, 0x10,
    0x82, 0x10, 0x82, 0x10, 0x82, 0x10, 0x82, 0x10, 0x82, 0x10, 0x82, 0x10, 0x60, 0x10, 0xc3, 0x10,
    0x4b, 0x2a, 0xef, 0x3a, 0x3a, 0x75, 0x9d, 0x75, 0x5d, 0x6d, 0x7c, 0x6d, 0x9c, 0x75, 0xb8, 0x5c,
    0xb3, 0x4b, 0xc6, 0x08, 0x84, 0x00, 0xad, 0x32, 0xcf, 0x3a, 0xaf, 0x3a, 0xe9, 0x29, 0x61, 0x08,
    0x60, 0x10, 0x61, 0x10, 0x81, 0x10, 0x41, 0x00, 0x71, 0x43, 0xdd, 0x75, 0xbd, 0x75, 0xcf, 0x32,
    0x20, 0x00, 0x82, 0x10, 0x82, 0x10, 0x82, 0x10, 0xa2, 0x10, 0xa2, 0x10, 0xa2, 0x10, 0x82, 0x10,
    0x82, 0x10, 0x40, 0x10, 0xa3, 0x08, 0xf8, 0x6c, 0x9d, 0x6d, 0x9d, 0x6d, 0x9c, 0x75, 0xe9, 0x29,
    0x82, 0x10, 0xa2, 0x10, 0xb7, 0xbd, 0xfc, 0xde, 0xbb, 0xd6, 0xbb, 0xde, 0xbb, 0xde, 0xbb, 0xde,
    0xbb, 0xde, 0xbb, 0xde, 0xbb, 0xde, 0xbb, 0xde, 0xbb, 0xde, 0xfc, 0xe6, 0x9e, 0xf7, 0x9d, 0xf7,
    0xbf, 0xf7, 0x39, 0xc6, 0x53, 0x8c, 0x94, 0x94, 0x73, 0x8c, 0x77, 0xad, 0xbb, 0xd6, 0xbb, 0xd6,
    0x9b, 0xd6, 0x5d, 0xef, 0xbe, 0xf7, 0xbe, 0xf7, 0x9e, 0xf7, 0xeb, 0x5a, 0x45, 0x29, 0x86, 0x31,
    0x66, 0x29, 0x4f, 0x21, 0x71, 0x21, 0x71, 0x21, 0x71, 0x21, 0x72, 0x21, 0x4e, 0x21, 0x45, 0x29,
    0x65, 0x29, 0x24, 0x21, 0xaa, 0x52, 0xbe, 0xf7, 0xdf, 0xff, 0xdf, 0xff, 0x9e, 0xf7, 0xbb, 0xde,
    0xbb, 0xd6, 0xdc, 0xde, 0x97, 0xb5, 0x53, 0x8c, 0x94, 0x94, 0x73, 0x8c, 0x39, 0xc6, 0xbf, 0xf7,
    0x9e, 0xf7, 0x9e, 0xf7, 0xfc, 0xe6, 0xbb, 0xd6, 0xbb, 0xde, 0xbb, 0xde, 0xbb, 0xde, 0xbb, 0xde,
    0xbb, 0xde, 0xbb, 0xde, 0xbb, 0xde, 0xbb, 0xde, 0xbb, 0xde, 0xbb, 0xde, 0xbb, 0xde, 0xbb, 0xde,
    0xbb, 0xd6, 0xbb, 0xd6, 0xbb, 0xd6, 0x1c, 0xe7, 0xf4, 0xa4, 0x00, 0x00, 0x01, 0x49, 0x41, 0xd3,
    0x80, 0xdb, 0x03, 0xed, 0x24, 0xed, 0xe4, 0xf4, 0xe3, 0xf4, 0x03, 0xf5, 0xe3, 0xf4, 0xe3, 0xf4,
    0x03, 0xf5, 0xe3, 0xf4, 0x03, 0xf5, 0xe3, 0xf4, 0x03, 0xed, 0x03, 0xed, 0x03, 0xf5, 0x03, 0xf5,
    0x23, 0xed, 0x63, 0xed, 0x63, 0xed, 0x62, 0xed, 0xc5, 0xfe, 0x66, 0xff, 0x66, 0xf7, 0x46, 0xff,
    0x46, 0xff, 0x46, 0xff, 0x46, 0xff, 0x46, 0xff, 0x46, 0xff, 0x26, 0xff, 0xe6, 0xfe, 0xc7, 0xfe,
    0x86, 0xfe, 0x23, 0xed, 0xe3, 0xf4, 0x23, 0xed, 0x23, 0xed, 0x03, 0xf5, 0xe3, 0xf4, 0x03, 0xf5,
    0xe4, 0xf4, 0x04, 0xf5, 0x03, 0xed, 0x04, 0xf5, 0xe2, 0xe3, 0x00, 0xd3, 0x81, 0x71, 0x00, 0x00,
    0x92, 0x94, 0xff, 0xff, 0xdf, 0xff, 0xff, 0xff, 0xff, 0xff, 0xdf, 0xff, 0x18, 0xc6, 0x15, 0xa5,
    0xf0, 0x7b, 0xec, 0x5a, 0x41, 0x08, 0xe7, 0x39, 0xdb, 0xde, 0xbb, 0xde, 0xbb, 0xde, 0xbb, 0xde,
    0xbb, 0xde, 0xbb, 0xde, 0xbb, 0xde, 0xbb, 0xde, 0xbb, 0xde, 0xbb, 0xde, 0xbb, 0xde, 0xbb, 0xd6,
    0x5d, 0xef, 0xb7, 0xb5, 0xa3, 0x10, 0x40, 0x08, 0x26, 0x11, 0x1a, 0x65, 0x9d, 0x6d, 0x9c, 0x75,
    0xf8, 0x6c, 0x05, 0x11, 0xa2, 0x10, 0xc3, 0x10, 0xc3, 0x10, 0xa3, 0x10, 0xa3, 0x10, 0xa2, 0x10,
    0xa2, 0x10, 0x82, 0x10, 0x82, 0x10, 0x82, 0x10, 0x82, 0x10, 0x82, 0x10, 0x82, 0x10, 0x82, 0x10,
    0x82, 0x10, 0x82, 0x08, 0x62, 0x00, 0x27, 0x09, 0x19, 0x75, 0xbc, 0x7d, 0x7c, 0x6d, 0xbd, 0x6d,
    0xbe, 0x75, 0x9c, 0x75, 0xbc, 0x75, 0x09, 0x2a, 0x20, 0x00, 0xd3, 0x5b, 0x19, 0x75, 0x9c, 0x7d,
    0xbd, 0x75, 0xdd, 0x7d, 0xf4, 0x5b, 0x83, 0x00, 0x62, 0x08, 0x82, 0x08, 0x82, 0x10, 0x62, 0x08,
    0x2f, 0x4b, 0xdc, 0x7d, 0xdd, 0x7d, 0xce, 0x3a, 0x20, 0x00, 0x82, 0x10, 0x82, 0x10, 0xa2, 0x10,
    0xa2, 0x10, 0xa2, 0x10, 0xa2, 0x10, 0xa3, 0x08, 0xa2, 0x10, 0x81, 0x10, 0x04, 0x11, 0x18, 0x7d,
    0x9c, 0x7d, 0x7c, 0x6d, 0x5b, 0x6d, 0xc9, 0x21, 0x41, 0x00, 0x41, 0x08, 0x96, 0xb5, 0xfc, 0xde,
    0xbb, 0xd6, 0xbb, 0xde, 0xbb, 0xde, 0xbb, 0xde, 0xbb, 0xde, 0xbb, 0xde, 0xbb, 0xde, 0xbb, 0xde,
    0xbb, 0xde, 0xfc, 0xe6, 0x9e, 0xf7, 0x9d, 0xf7, 0xdf, 0xf7, 0x39, 0xc6, 0x53, 0x8c, 0x94, 0x94,
    0x73, 0x8c, 0x77, 0xad, 0xbb, 0xd6, 0xbb, 0xd6, 0x9b, 0xd6, 0x5d, 0xef, 0xbe, 0xf7, 0xbe, 0xf7,
    0x9e, 0xf7, 0xeb, 0x5a, 0x45, 0x29, 0x86, 0x31, 0x66, 0x29, 0x4f, 0x21, 0x71, 0x21, 0x71, 0x21,
    0x71, 0x21, 0x72, 0x21, 0x4e, 0x21, 0x45, 0x29, 0x65, 0x29, 0x24, 0x21, 0xaa, 0x52, 0xbe, 0xf7,
    0xdf, 0xff, 0xdf, 0xff, 0x9e, 0xf7, 0xbb, 0xde, 0xbb, 0xd6, 0xdc, 0xde, 0x97, 0xb5, 0x73, 0x8c,
    0x94, 0x94, 0x73, 0x8c, 0x39, 0xc6, 0xbf, 0xf7, 0x9e, 0xf7, 0x9e, 0xf7, 0xfc, 0xe6, 0xbb, 0xd6,
    0xbb, 0xde, 0xbb, 0xde, 0xbb, 0xde, 0xbb, 0xde, 0xbb, 0xde, 0xbb, 0xde, 0xbb, 0xde, 0xbb, 0xde,
    0xbb, 0xde, 0xbb, 0xde, 0xbb, 0xde, 0xbb, 0xde, 0xbb, 0xde, 0xbb, 0xd6, 0xbb, 0xd6, 0x3d, 0xe7,
    0x34, 0xa5, 0x00, 0x00, 0xa3, 0x51, 0x06, 0xf5, 0xa2, 0xf4, 0x02, 0xf5, 0x03, 0xf5, 0x04, 0xf5,
    0x23, 0xed, 0x03, 0xed, 0x03, 0xf5, 0x03, 0xf5, 0x03, 0xf5, 0x03, 0xed, 0x03, 0xed, 0x03, 0xed,
    0x03, 0xf5, 0x23, 0xed, 0x03, 0xf5, 0xe3, 0xf4, 0xe5, 0xfd, 0x06, 0xff, 0x05, 0xff, 0x05, 0xff,
    0x46, 0xff, 0x66, 0xff, 0x45, 0xff, 0x45, 0xff, 0x66, 0xf7, 0x46, 0xff, 0x66, 0xff, 0x65, 0xff,
    0x46, 0xff, 0x24, 0xee, 0x62, 0xe5, 0x43, 0xed, 0x23, 0xed, 0x03, 0xf5, 0x03, 0xf5, 0x03, 0xed,
    0x03, 0xf5, 0x03, 0xf5, 0x03, 0xf5, 0x03, 0xed, 0x03, 0xf5, 0xe4, 0xf4, 0xe3, 0xf4, 0xe3, 0xf4,
    0x22, 0xe4, 0xe2, 0xdb, 0x02, 0x72, 0x00, 0x00, 0xd3, 0x9c, 0xff, 0xff, 0xff, 0xff, 0xff, 0xff,
    0xff, 0xff, 0xdf, 0xff, 0xd3, 0x9c, 0x10, 0x84, 0x11, 0x84, 0x2d, 0x63, 0x20, 0x00, 0xa6, 0x31,
    0xbb, 0xde, 0xbb, 0xde, 0xbb, 0xde, 0xbb, 0xd6, 0xbb, 0xde, 0xbb, 0xde, 0xbb, 0xde, 0xbb, 0xde,
    0xbb, 0xde, 0xbb, 0xde, 0xbb, 0xde, 0x9a, 0xd6, 0xcf, 0x7b, 0x69, 0x4a, 0xe3, 0x18, 0x82, 0x10,
    0x67, 0x11, 0x3a, 0x65, 0xde, 0x6d, 0xb3, 0x4b, 0x27, 0x19, 0xc3, 0x10, 0xa2, 0x10, 0xa2, 0x18,
    0xa2, 0x10, 0xa2, 0x10, 0xa2, 0x10, 0xa2, 0x10, 0x82, 0x10, 0x82, 0x10, 0x82, 0x10, 0x82, 0x10,
    0x82, 0x10, 0x82, 0x10, 0x82, 0x10, 0x61, 0x10, 0x00, 0x00, 0xc9, 0x29, 0xb7, 0x64, 0xb9, 0x5c,
    0x7c, 0x75, 0x9c, 0x6d, 0xbd, 0x6d, 0xb8, 0x5c, 0xae, 0x32, 0x2b, 0x22, 0xa8, 0x21, 0xe3, 0x10,
    0xa2, 0x08, 0x88, 0x21, 0x31, 0x3b, 0x7d, 0x6d, 0x7d, 0x65, 0x9c, 0x6d, 0x3b, 0x65, 0xb8, 0x6c,
    0xad, 0x3a, 0x21, 0x00, 0x61, 0x08, 0x61, 0x10, 0xe5, 0x08, 0x56, 0x5c, 0xfe, 0x7d, 0xae, 0x32,
    0x21, 0x00, 0x82, 0x10, 0x81, 0x10, 0x82, 0x10, 0xa2, 0x10, 0xa2, 0x10, 0xa2, 0x10, 0xa2, 0x10,
    0x82, 0x10, 0xa2, 0x10, 0xc3, 0x10, 0x67, 0x19, 0x11, 0x3b, 0x9c, 0x75, 0x5b, 0x6d, 0x0b, 0x32,
    0x62, 0x08, 0x61, 0x08, 0xd7, 0xbd, 0x1d, 0xe7, 0xbb, 0xde, 0xbb, 0xde, 0xbb, 0xde, 0xbb, 0xde,
    0xbb, 0xde, 0xbb, 0xde, 0xbb, 0xde, 0xbb, 0xde, 0xbb, 0xde, 0xfc, 0xe6, 0x9e, 0xf7, 0x9d, 0xf7,
    0xdf, 0xff, 0x39, 0xc6, 0x52, 0x8c, 0x94, 0x94, 0x73, 0x8c, 0x77, 0xad, 0xbb, 0xd6, 0xbb, 0xd6,
    0xbb, 0xd6, 0x5d, 0xef, 0xbe, 0xf7, 0xbe, 0xf7, 0xbe, 0xf7, 0xeb, 0x5a, 0x45, 0x29, 0x86, 0x31,
    0x66, 0x29, 0x4f, 0x21, 0x71, 0x21, 0x71, 0x21, 0x71, 0x21, 0x72, 0x21, 0x4e, 0x21, 0x45, 0x29,
    0x65, 0x29, 0x24, 0x21, 0xaa, 0x52, 0xbe, 0xf7, 0xdf, 0xff, 0xdf, 0xff, 0x7e, 0xf7, 0xbb, 0xd6,
    0xbb, 0xd6, 0xdc, 0xde, 0x97, 0xb5, 0x73, 0x8c, 0x94, 0x94, 0x73, 0x8c, 0x39, 0xc6, 0xbf, 0xf7,
    0x9e, 0xf7, 0x9e, 0xf7, 0xfc, 0xe6, 0xbb, 0xd6, 0xbb, 0xde, 0xbb, 0xde, 0xbb, 0xde, 0xbb, 0xde,
    0xbb, 0xde, 0xbb, 0xde, 0xbb, 0xde, 0xbb, 0xde, 0xbb, 0xde, 0xbb, 0xde, 0xbb, 0xde, 0xbb, 0xd6,
    0xbb, 0xde, 0xdb, 0xd6, 0x5a, 0xce, 0x18, 0xc6, 0x50, 0x94, 0x40, 0x20, 0xe2, 0x71, 0x46, 0xfd,
    0x03, 0xf5, 0x03, 0xf5, 0x03, 0xf5, 0x03, 0xf5, 0x03, 0xf5, 0x03, 0xf5, 0x03, 0xf5, 0x03, 0xf5,
    0x03, 0xf5, 0x03, 0xf5, 0x03, 0xf5, 0x23, 0xf5, 0x03, 0xf5, 0x03, 0xf5, 0x43, 0xed, 0x63, 0xed,
    0x65, 0xf6, 0x66, 0xff, 0x65, 0xff, 0x66, 0xff, 0x46, 0xff, 0x46, 0xff, 0x46, 0xff, 0x45, 0xff,
    0x66, 0xff, 0x66, 0xff, 0x66, 0xff, 0x06, 0xff, 0xc6, 0xfe, 0xa4, 0xf5, 0x02, 0xed, 0x03, 0xed,
    0x03, 0xed, 0x03, 0xed, 0x03, 0xed, 0x03, 0xf5, 0x03, 0xf5, 0x03, 0xf5, 0x03, 0xf5, 0x03, 0xed,
    0x03, 0xed, 0x03, 0xf5, 0xe3, 0xf4, 0x03, 0xed, 0x82, 0xe4, 0x22, 0xec, 0x61, 0x92, 0x80, 0x38,
    0x6b, 0x83, 0x75, 0xad, 0xfc, 0xe6, 0xff, 0xff, 0x3d, 0xe7, 0xfb, 0xde, 0x71, 0x8c, 0xd0, 0x7b,
    0xaf, 0x73, 0x2d, 0x63, 0x45, 0x29, 0x8a, 0x52, 0xbb, 0xde, 0xbb, 0xde, 0xbb, 0xd6, 0xbb, 0xd6,
    0xbb, 0xde, 0xbb, 0xde, 0xbb, 0xde, 0xbb, 0xde, 0xbb, 0xde, 0xbb, 0xd6, 0xdb, 0xde, 0x39, 0xc6,
    0xe3, 0x18, 0x00, 0x00, 0xe3, 0x18, 0xc2, 0x10, 0x88, 0x19, 0x3a, 0x6d, 0xbd, 0x6d, 0x10, 0x3b,
    0x42, 0x00, 0xa2, 0x10, 0xa2, 0x18, 0xa2, 0x10, 0xa2, 0x18, 0xa2, 0x18, 0xa2, 0x18, 0x82, 0x10,
    0x81, 0x10, 0x82, 0x10, 0x82, 0x08, 0x82, 0x10, 0x82, 0x10, 0x81, 0x10, 0x82, 0x10, 0x47, 0x11,
    0x27, 0x09, 0xef, 0x32, 0xdd, 0x75, 0xbd, 0x6d, 0x9d, 0x6d, 0x5b, 0x6d, 0x1a, 0x6d, 0x52, 0x4b,
    0x62, 0x08, 0x62, 0x08, 0x41, 0x08, 0x61, 0x08, 0x82, 0x08, 0x00, 0x00, 0x88, 0x21, 0x97, 0x64,
    0xf8, 0x6c, 0x7b, 0x6d, 0x9e, 0x65, 0xdf, 0x75, 0xb3, 0x4b, 0xe6, 0x08, 0x67, 0x19, 0xc4, 0x10,
    0x82, 0x08, 0xf3, 0x53, 0xdd, 0x75, 0x10, 0x3b, 0x27, 0x09, 0xc3, 0x10, 0x82, 0x08, 0x82, 0x10,
    0x82, 0x10, 0xa2, 0x10, 0xa2, 0x10, 0x82, 0x10, 0xa2, 0x10, 0xa2, 0x08, 0xa2, 0x10, 0x41, 0x08,
    0x6c, 0x2a, 0xbd, 0x75, 0x9c, 0x6d, 0x4c, 0x32, 0xa3, 0x10, 0xa2, 0x10, 0x14, 0xa5, 0x7a, 0xce,
    0xbb, 0xd6, 0xbb, 0xde, 0xbb, 0xde, 0xbb, 0xde, 0xbb, 0xde, 0xbb, 0xde, 0xbb, 0xde, 0xbb, 0xde,
    0xbb, 0xde, 0xfc, 0xe6, 0x9e, 0xf7, 0x9d, 0xf7, 0xdf, 0xff, 0x39, 0xc6, 0x53, 0x8c, 0x94, 0x94,
    0x73, 0x8c, 0x77, 0xad, 0xbb, 0xd6, 0xbb, 0xd6, 0x9b, 0xd6, 0x5d, 0xef, 0xbe, 0xf7, 0xbe, 0xf7,
    0xbe, 0xf7, 0xeb, 0x5a, 0x45, 0x29, 0x86, 0x31, 0x66, 0x29, 0x4f, 0x21, 0x71, 0x21, 0x71, 0x21,
    0x71, 0x21, 0x72, 0x21, 0x4e, 0x21, 0x45, 0x29, 0x65, 0x29, 0x24, 0x21, 0xaa, 0x52, 0xbe, 0xf7,
    0xdf, 0xff, 0xdf, 0xff, 0x7e, 0xf7, 0xbb, 0xde, 0xbb, 0xd6, 0xdc, 0xde, 0x97, 0xb5, 0x53, 0x8c,
    0x94, 0x94, 0x73, 0x8c, 0x39, 0xc6, 0xdf, 0xff, 0x9e, 0xf7, 0x9e, 0xf7, 0x1c, 0xe7, 0xbb, 0xd6,
    0xbb, 0xde, 0xbb, 0xd6, 0xbb, 0xd6, 0xbb, 0xd6, 0xbb, 0xde, 0xbb, 0xde, 0xbb, 0xde, 0xbb, 0xde,
    0xbb, 0xde, 0xbb, 0xde, 0xbb, 0xde, 0xbc, 0xd6, 0x9a, 0xde, 0x3c, 0xdf, 0xf4, 0x9c, 0x21, 0x08,
    0x22, 0x49, 0xe4, 0xb2, 0xa2, 0xcb, 0x05, 0xf5, 0x03, 0xf5, 0x03, 0xf5, 0x03, 0xf5, 0x03, 0xf5,
    0x03, 0xf5, 0x03, 0xf5, 0x03, 0xf5, 0x23, 0xed, 0x03, 0xed, 0x04, 0xf5, 0x03, 0xf5, 0x02, 0xed,
    0x03, 0xed, 0xe2, 0xec, 0x04, 0xf6, 0x07, 0xff, 0x26, 0xff, 0x46, 0xff, 0x46, 0xff, 0x46, 0xff,
    0x46, 0xff, 0x46, 0xff, 0x66, 0xff, 0x65, 0xff, 0x45, 0xff, 0x46, 0xff, 0x67, 0xff, 0x44, 0xf6,
    0x22, 0xed, 0x03, 0xf5, 0x03, 0xed, 0x03, 0xed, 0x03, 0xed, 0x03, 0xf5, 0x03, 0xed, 0x03, 0xf5,
    0x03, 0xf5, 0x03, 0xf5, 0x03, 0xf5, 0x03, 0xf5, 0x03, 0xf5, 0x03, 0xf5, 0xe3, 0xf4, 0x03, 0xed,
    0xe3, 0xec, 0xc3, 0xf4, 0xc2, 0xdb, 0x23, 0xcb, 0x61, 0x59, 0x00, 0x00, 0x56, 0xb5, 0xff, 0xff,
    0x72, 0x8c, 0xec, 0x5a, 0xf0, 0x7b, 0xcf, 0x73, 0xa3, 0x10, 0x86, 0x31, 0x38, 0xc6, 0xbb, 0xd6,
    0x9b, 0xd6, 0xbb, 0xde, 0xbb, 0xde, 0xbb, 0xde, 0xbb, 0xde, 0xbb, 0xde, 0xbb, 0xde, 0xbb, 0xde,
    0xbb, 0xde, 0xba, 0xd6, 0xdc, 0xde, 0x19, 0xc6, 0x24, 0x21, 0x22, 0x08, 0x03, 0x21, 0xa2, 0x10,
    0x88, 0x19, 0x7b, 0x75, 0xfe, 0x7d, 0x50, 0x43, 0x82, 0x00, 0xc3, 0x18, 0xa3, 0x10, 0xa3, 0x10,
    0xa2, 0x10, 0x81, 0x10, 0x82, 0x10, 0x82, 0x10, 0x82, 0x10, 0x82, 0x10, 0x82, 0x10, 0x81, 0x10,
    0x61, 0x08, 0x20, 0x00, 0xc4, 0x08, 0xf9, 0x6c, 0x7b, 0x7d, 0x5b, 0x6d, 0x9c, 0x6d, 0xbd, 0x6d,
    0xde, 0x7d, 0xf8, 0x6c, 0x27, 0x11, 0x83, 0x08, 0x82, 0x08, 0x82, 0x10, 0x82, 0x10, 0x82, 0x10,
    0x81, 0x08, 0x82, 0x08, 0xa3, 0x10, 0x83, 0x00, 0x89, 0x11, 0x7a, 0x7d, 0xde, 0x75, 0x7d, 0x65,
    0x5b, 0x6d, 0x5a, 0x75, 0x5a, 0x7d, 0x87, 0x21, 0x00, 0x00, 0x51, 0x43, 0xdd, 0x7d, 0x5b, 0x6d,
    0x19, 0x6d, 0x26, 0x19, 0x61, 0x08, 0x82, 0x10, 0x82, 0x10, 0xa2, 0x10, 0xa2, 0x10, 0xa2, 0x10,
    0xa2, 0x10, 0xa3, 0x08, 0xa3, 0x18, 0x61, 0x08, 0x8c, 0x2a, 0xbe, 0x75, 0x7c, 0x75, 0x2b, 0x2a,
    0xa3, 0x10, 0xe3, 0x20, 0x81, 0x10, 0xa6, 0x31, 0x9b, 0xd6, 0xbb, 0xde, 0xbb, 0xde, 0xbb, 0xde,
    0xbb, 0xde, 0xbb, 0xde, 0xbb, 0xde, 0xbb, 0xde, 0xbb, 0xde, 0xfc, 0xde, 0x9e, 0xf7, 0x9d, 0xf7,
    0xdf, 0xf7, 0x39, 0xc6, 0x53, 0x8c, 0x94, 0x94, 0x73, 0x8c, 0x77, 0xad, 0xbb, 0xd6, 0x9b, 0xd6,
    0x9b, 0xd6, 0x5d, 0xef, 0xbe, 0xf7, 0xbe, 0xf7, 0x9e, 0xf7, 0xeb, 0x5a, 0x45, 0x29, 0x86, 0x31,
    0x66, 0x29, 0x4f, 0x21, 0x71, 0x21, 0x71, 0x21, 0x71, 0x21, 0x72, 0x21, 0x4e, 0x21, 0x45, 0x29,
    0x65, 0x29, 0x24, 0x21, 0xaa, 0x52, 0xbe, 0xf7, 0xdf, 0xff, 0xdf, 0xff, 0x9e, 0xf7, 0xbb, 0xde,
    0xbb, 0xd6, 0xdc, 0xde, 0x97, 0xb5, 0x53, 0x8c, 0x94, 0x94, 0x73, 0x8c, 0x39, 0xc6, 0xdf, 0xff,
    0x9e, 0xf7, 0x9e, 0xf7, 0x1c, 0xe7, 0xbb, 0xd6, 0xbb, 0xde, 0xbb, 0xd6, 0xbb, 0xd6, 0xbb, 0xd6,
    0xbb, 0xde, 0xbb, 0xde, 0xbb, 0xde, 0xbb, 0xde, 0xbb, 0xde, 0xbb, 0xde, 0xbb, 0xde, 0xbb, 0xde,
    0xba, 0xd6, 0x3b, 0xdf, 0xf4, 0x9c, 0x00, 0x00, 0x61, 0x59, 0xc2, 0xdb, 0x21, 0xdc, 0x04, 0xf5,
    0x03, 0xf5, 0x23, 0xf5, 0x03, 0xed, 0x03, 0xed, 0x23, 0xf5, 0x03, 0xf5, 0x23, 0xf5, 0x23, 0xf5,
    0x03, 0xf5, 0x03, 0xf5, 0x23, 0xf5, 0x84, 0xed, 0xa3, 0xed, 0xa3, 0xe5, 0x85, 0xf6, 0x47, 0xff,
    0x46, 0xff, 0x66, 0xff, 0x66, 0xff, 0x46, 0xff, 0x46, 0xff, 0x46, 0xff, 0x46, 0xff, 0x65, 0xff,
    0x65, 0xff, 0x05, 0xff, 0xa5, 0xfe, 0xa3, 0xf5, 0x02, 0xed, 0xe3, 0xf4, 0x03, 0xf5, 0x03, 0xed,
    0xe3, 0xf4, 0xe3, 0xf4, 0x03, 0xed, 0x03, 0xf5, 0x03, 0xf5, 0x03, 0xf5, 0x03, 0xf5, 0x03, 0xf5,
    0x03, 0xf5, 0xe3, 0xf4, 0x03, 0xf5, 0x02, 0xed, 0x23, 0xed, 0x63, 0xed, 0x41, 0xdc, 0xc2, 0xd3,
    0xe2, 0x61, 0x20, 0x00, 0x92, 0x94, 0xdb, 0xde, 0x72, 0x8c, 0x6f, 0x6b, 0xf0, 0x7b, 0x6e, 0x6b,
    0x62, 0x08, 0x45, 0x29, 0x59, 0xce, 0xdb, 0xde, 0xbb, 0xde, 0xbb, 0xde, 0xbb, 0xde, 0xbb, 0xde,
    0xbb, 0xde, 0xbb, 0xde, 0xbb, 0xde, 0xbb, 0xde, 0xbb, 0xde, 0xbb, 0xd6, 0xbb, 0xd6, 0x38, 0xc6,
    0x44, 0x21, 0x61, 0x08, 0x23, 0x21, 0xa2, 0x10, 0x05, 0x11, 0xd3, 0x53, 0x56, 0x64, 0x4c, 0x32,
    0x61, 0x08, 0xa3, 0x10, 0xa3, 0x10, 0xa2, 0x10, 0xa2, 0x10, 0x82, 0x10, 0x82, 0x10, 0x82, 0x08,
    0x82, 0x08, 0x82, 0x10, 0x81, 0x10, 0x61, 0x08, 0x05, 0x11, 0xe9, 0x21, 0x4c, 0x22, 0x5b, 0x6d,
    0x9c, 0x75, 0x7c, 0x75, 0x5c, 0x6d, 0x98, 0x5c, 0x56, 0x5c, 0xb1, 0x5b, 0xc3, 0x10, 0x61, 0x08,
    0x62, 0x08, 0x82, 0x08, 0x81, 0x08, 0x81, 0x08, 0x82, 0x10, 0x82, 0x08, 0x82, 0x10, 0x61, 0x08,
    0x26, 0x11, 0x13, 0x5c, 0xb8, 0x64, 0x5b, 0x75, 0x7c, 0x6d, 0xbe, 0x6d, 0x7b, 0x75, 0x8d, 0x32,
    0x26, 0x19, 0x8d, 0x3a, 0x55, 0x5c, 0x3b, 0x65, 0x5b, 0x6d, 0x05, 0x11, 0x61, 0x08, 0x82, 0x10,
    0x82, 0x10, 0x82, 0x10, 0x82, 0x10, 0x82, 0x10, 0x82, 0x18, 0xa2, 0x10, 0xa2, 0x18, 0x41, 0x08,
    0x6c, 0x2a, 0x9e, 0x6d, 0x7c, 0x6d, 0x0a, 0x2a, 0xc3, 0x10, 0xe3, 0x20, 0x40, 0x08, 0x45, 0x21,
    0x7a, 0xce, 0xbb, 0xde, 0xbb, 0xde, 0xbb, 0xde, 0xbb, 0xde, 0xbb, 0xde, 0xbb, 0xde, 0xbb, 0xde,
    0xbb, 0xde, 0xfc, 0xde, 0x9e, 0xf7, 0x9d, 0xf7, 0xbf, 0xf7, 0x39, 0xc6, 0x53, 0x8c, 0x94, 0x94,
    0x73, 0x8c, 0x77, 0xad, 0xbb, 0xd6, 0x9b, 0xd6, 0x9b, 0xd6, 0x5d, 0xef, 0xbe, 0xf7, 0xbe, 0xf7,
    0x9e, 0xf7, 0xeb, 0x5a, 0x45, 0x29, 0x86, 0x31, 0x66, 0x29, 0x4f, 0x21, 0x71, 0x21, 0x71, 0x21,
    0x71, 0x21, 0x72, 0x21, 0x4e, 0x21, 0x45, 0x29, 0x65, 0x29, 0x24, 0x21, 0xaa, 0x52, 0xbe, 0xf7,
    0xdf, 0xff, 0xdf, 0xff, 0x9e, 0xf7, 0xbb, 0xde, 0xbb, 0xd6, 0xdc, 0xde, 0x97, 0xb5, 0x53, 0x8c,
    0x94, 0x94, 0x73, 0x8c, 0x39, 0xc6, 0xdf, 0xff, 0x9e, 0xf7, 0x9e, 0xf7, 0x1c, 0xe7, 0xbb, 0xd6,
    0xbb, 0xde, 0xbb, 0xd6, 0xbb, 0xd6, 0xbb, 0xd6, 0xbb, 0xde, 0xbb, 0xde, 0xbb, 0xde, 0xbb, 0xde,
    0xbb, 0xde, 0xbb, 0xde, 0xbb, 0xde, 0xdb, 0xd6, 0xba, 0xde, 0x7e, 0xf7, 0x15, 0xa5, 0x00, 0x00,
    0xc1, 0x59, 0x25, 0xfd, 0xe3, 0xf4, 0x03, 0xf5, 0x23, 0xf5, 0x03, 0xed, 0x03, 0xed, 0x04, 0xf5,
    0x04, 0xf5, 0x23, 0xed, 0x23, 0xed, 0x02, 0xf5, 0xe2, 0xf4, 0x02, 0xed, 0x63, 0xed, 0x07, 0xff,
    0x27, 0xff, 0x27, 0xff, 0x46, 0xff, 0x46, 0xff, 0x66, 0xf7, 0x66, 0xff, 0x66, 0xff, 0x66, 0xff,
    0x66, 0xff, 0x46, 0xff, 0x46, 0xff, 0x66, 0xff, 0x67, 0xff, 0x24, 0xf6, 0x01, 0xe5, 0x22, 0xed,
    0x03, 0xf5, 0x03, 0xf5, 0x03, 0xf5, 0x03, 0xf5, 0xe3, 0xf4, 0x03, 0xf5, 0x03, 0xed, 0x03, 0xf5,
    0x03, 0xf5, 0x03, 0xf5, 0x03, 0xf5, 0x03, 0xf5, 0x03, 0xed, 0x04, 0xed, 0x04, 0xf5, 0xc2, 0xec,
    0xa4, 0xf5, 0xc5, 0xfe, 0x83, 0xed, 0x05, 0xf5, 0x03, 0x6a, 0x00, 0x00, 0xa5, 0x31, 0x8b, 0x4a,
    0x30, 0x84, 0xd4, 0x94, 0xaf, 0x73, 0xec, 0x5a, 0x00, 0x00, 0x04, 0x21, 0x59, 0xce, 0xdb, 0xde,
    0xbb, 0xd6, 0xbb, 0xde, 0xbb, 0xde, 0xbb, 0xde, 0xbb, 0xde, 0xbb, 0xde, 0xbb, 0xde, 0xbb, 0xde,
    0xbb, 0xde, 0xfc, 0xe6, 0xcf, 0x7b, 0x24, 0x21, 0x24, 0x21, 0x02, 0x19, 0xe3, 0x18, 0xc3, 0x18,
    0x80, 0x08, 0x40, 0x00, 0x41, 0x00, 0x61, 0x08, 0xc2, 0x18, 0xa3, 0x10, 0xa3, 0x10, 0x81, 0x10,
    0x82, 0x10, 0x82, 0x10, 0x82, 0x10, 0x82, 0x10, 0x82, 0x10, 0x82, 0x10, 0x82, 0x08, 0x00, 0x00,
    0xae, 0x32, 0xfd, 0x85, 0xbb, 0x85, 0x9c, 0x75, 0xbd, 0x75, 0xde, 0x7d, 0x9b, 0x85, 0xaa, 0x19,
    0x22, 0x00, 0x82, 0x08, 0x81, 0x10, 0x81, 0x10, 0x82, 0x10, 0x62, 0x08, 0x81, 0x08, 0x81, 0x10,
    0x82, 0x10, 0x82, 0x10, 0x82, 0x10, 0x82, 0x10, 0xa2, 0x10, 0x42, 0x00, 0xca, 0x19, 0xdc, 0x85,
    0xde, 0x7d, 0x9d, 0x6d, 0x7d, 0x6d, 0x9c, 0x75, 0x19, 0x6d, 0xa5, 0x00, 0x01, 0x00, 0xf4, 0x53,
    0x9b, 0x7d, 0x05, 0x11, 0x41, 0x08, 0x82, 0x10, 0x82, 0x10, 0x82, 0x08, 0x82, 0x10, 0xa2, 0x10,
    0x82, 0x10, 0xa2, 0x10, 0xa2, 0x10, 0x61, 0x08, 0xce, 0x3a, 0xfe, 0x85, 0x9b, 0x75, 0x2b, 0x2a,
    0xe4, 0x18, 0x04, 0x21, 0x20, 0x00, 0x65, 0x29, 0x1c, 0xe7, 0xfc, 0xe6, 0xbb, 0xde, 0xbb, 0xde,
    0xbb, 0xde, 0xbb, 0xde, 0xbb, 0xde, 0xbb, 0xde, 0xbb, 0xde, 0xfc, 0xde, 0x9e, 0xf7, 0x9d, 0xf7,
    0xbf, 0xf7, 0x39, 0xc6, 0x53, 0x8c, 0x94, 0x94, 0x73, 0x8c, 0x77, 0xad, 0xbb, 0xd6, 0x9b, 0xd6,
    0x9b, 0xd6, 0x5d, 0xef, 0xbe, 0xf7, 0xbe, 0xf7, 0x9e, 0xf7, 0xeb, 0x5a, 0x45, 0x29, 0x86, 0x31,
    0x66, 0x29, 0x4f, 0x21, 0x71, 0x21, 0x71, 0x21, 0x71, 0x21, 0x72, 0x21, 0x4e, 0x21, 0x45, 0x29,
    0x65, 0x29, 0x24, 0x21, 0x8a, 0x52, 0xbe, 0xf7, 0xdf, 0xff, 0xdf, 0xff, 0x9e, 0xf7, 0xdb, 0xde,
    0xbb, 0xd6, 0xdc, 0xde, 0x97, 0xb5, 0x53, 0x8c, 0x94, 0x94, 0x73, 0x8c, 0x39, 0xc6, 0xbf, 0xf7,
    0x9e, 0xf7, 0x9e, 0xf7, 0x1c, 0xe7, 0xbb, 0xd6, 0xbb, 0xd6, 0xbb, 0xd6, 0xbb, 0xd6, 0xbb, 0xde,
    0xbb, 0xde, 0xbb, 0xde, 0xbb, 0xde, 0xbb, 0xde, 0xbb, 0xde, 0xbb, 0xde, 0xbb, 0xd6, 0xfb, 0xd6,
    0xd8, 0xc5, 0x31, 0x8c, 0x4c, 0x7b, 0x21, 0x51, 0xc1, 0x8a, 0x25, 0xf5, 0x04, 0xf5, 0x23, 0xf5,
    0x03, 0xed, 0x03, 0xf5, 0x04, 0xf5, 0x04, 0xf5, 0x03, 0xf5, 0x04, 0xf5, 0x24, 0xf5, 0xa4, 0xf5,
    0xe4, 0xf5, 0x04, 0xf6, 0x44, 0xee, 0x46, 0xff, 0x46, 0xff, 0x46, 0xff, 0x66, 0xff, 0x66, 0xff,
    0x66, 0xff, 0x66, 0xff, 0x66, 0xff, 0x65, 0xff, 0x65, 0xff, 0x46, 0xff, 0xa5, 0xf6, 0x64, 0xf6,
    0x66, 0xfe, 0xa5, 0xf5, 0xe3, 0xf4, 0x03, 0xf5, 0x03, 0xf5, 0x03, 0xed, 0x03, 0xed, 0x23, 0xed,
    0x03, 0xf5, 0x03, 0xf5, 0x03, 0xed, 0x03, 0xf5, 0x03, 0xf5, 0x03, 0xed, 0x03, 0xed, 0x03, 0xf5,
    0x03, 0xf5, 0x03, 0xed, 0x64, 0xf5, 0xc3, 0xf5, 0x44, 0xf6, 0xe5, 0xfe, 0x03, 0xf6, 0xc4, 0xf5,
    0xe4, 0x7a, 0xc4, 0x18, 0xeb, 0x5a, 0xaf, 0x73, 0xcf, 0x7b, 0xf0, 0x7b, 0x6a, 0x4a, 0x29, 0x42,
    0xab, 0x52, 0x8e, 0x73, 0x9a, 0xd6, 0xdb, 0xde, 0xbb, 0xde, 0xbb, 0xde, 0xbb, 0xde, 0xbb, 0xde,
    0xbb, 0xde, 0xbb, 0xde, 0xbb, 0xde, 0xbb, 0xde, 0xbb, 0xde, 0x3d, 0xe7, 0x0c, 0x63, 0x00, 0x00,
    0xe3, 0x18, 0x03, 0x19, 0x04, 0x21, 0x21, 0x00, 0xc2, 0x39, 0x68, 0xb5, 0xc8, 0xbd, 0x25, 0x63,
    0x00, 0x00, 0xa3, 0x10, 0xa2, 0x18, 0x82, 0x10, 0x82, 0x10, 0x82, 0x10, 0x81, 0x10, 0x61, 0x10,
    0x81, 0x10, 0x61, 0x10, 0x46, 0x19, 0xce, 0x3a, 0x15, 0x54, 0xbd, 0x6d, 0x7c, 0x6d, 0xbd, 0x75,
    0xb8, 0x5c, 0x71, 0x43, 0x2f, 0x4b, 0x25, 0x19, 0x61, 0x08, 0x81, 0x10, 0x62, 0x10, 0x62, 0x08,
    0x82, 0x10, 0x82, 0x10, 0x82, 0x10, 0x81, 0x10, 0x81, 0x10, 0x82, 0x10, 0x82, 0x10, 0x82, 0x08,
    0x81, 0x10, 0x61, 0x08, 0x05, 0x11, 0x30, 0x43, 0x56, 0x5c, 0x5b, 0x75, 0x5c, 0x6d, 0x7c, 0x6d,
    0x5b, 0x6d, 0x51, 0x43, 0xee, 0x42, 0x10, 0x43, 0xce, 0x3a, 0xc4, 0x10, 0x82, 0x08, 0x82, 0x10,
    0x82, 0x10, 0x82, 0x08, 0x82, 0x10, 0x82, 0x10, 0xa2, 0x10, 0xa2, 0x10, 0xa3, 0x10, 0x82, 0x10,
    0x46, 0x19, 0x6d, 0x32, 0x4c, 0x2a, 0x26, 0x19, 0xe5, 0x18, 0xe4, 0x18, 0x82, 0x10, 0x65, 0x29,
    0xef, 0x7b, 0x35, 0xa5, 0xfc, 0xde, 0xbb, 0xde, 0xbb, 0xde, 0xbb, 0xde, 0xbb, 0xde, 0xbb, 0xde,
    0xbb, 0xd6, 0xfc, 0xde, 0x9e, 0xf7, 0x9d, 0xf7, 0xbf, 0xf7, 0x39, 0xc6, 0x53, 0x8c, 0x94, 0x94,
    0x73, 0x8c, 0x77, 0xad, 0xbb, 0xd6, 0x9b, 0xd6, 0x9b, 0xd6, 0x5d, 0xef, 0xbe, 0xf7, 0xbe, 0xf7,
    0x9e, 0xf7, 0xeb, 0x5a, 0x45, 0x29, 0x86, 0x31, 0x66, 0x29, 0x4f, 0x21, 0x71, 0x21, 0x71, 0x21,
    0x71, 0x21, 0x72, 0x21, 0x4e, 0x21, 0x45, 0x29, 0x45, 0x29, 0x24, 0x21, 0xaa, 0x52, 0xbe, 0xf7,
    0xdf, 0xff, 0xdf, 0xff, 0x9e, 0xf7, 0xdb, 0xde, 0xbb, 0xd6, 0xdc, 0xde, 0x97, 0xb5, 0x73, 0x8c,
    0x94, 0x94, 0x73, 0x8c, 0x39, 0xc6, 0xbf, 0xf7, 0x9e, 0xf7, 0x9e, 0xf7, 0x1c, 0xe7, 0xbb, 0xd6,
    0xbb, 0xd6, 0xbb, 0xde, 0xbb, 0xd6, 0xbb, 0xd6, 0xbb, 0xd6, 0xbb, 0xd6, 0xbb, 0xde, 0xbb, 0xde,
    0xbb, 0xde, 0xbb, 0xde, 0xbb, 0xd6, 0x1c, 0xe7, 0xb3, 0x9c, 0x00, 0x00, 0x21, 0x41, 0xc3, 0xe3,
    0x21, 0xe4, 0x23, 0xf5, 0x24, 0xf5, 0x23, 0xf5, 0x03, 0xf5, 0x04, 0xf5, 0x04, 0xf5, 0x03, 0xed,
    0x22, 0xed, 0x02, 0xf5, 0x22, 0xed, 0xc7, 0xfe, 0x68, 0xff, 0x67, 0xff, 0x66, 0xff, 0x45, 0xff,
    0x66, 0xff, 0x66, 0xff, 0x66, 0xff, 0x66, 0xff, 0x46, 0xff, 0x46, 0xff, 0x46, 0xff, 0x46, 0xff,
    0x66, 0xff, 0x47, 0xff, 0xa3, 0xed, 0x02, 0xed, 0x03, 0xf5, 0x03, 0xed, 0x03, 0xed, 0x03, 0xf5,
    0x04, 0xed, 0x03, 0xed, 0x03, 0xed, 0x03, 0xed, 0x03, 0xed, 0x04, 0xed, 0x03, 0xf5, 0x03, 0xf5,
    0x03, 0xf5, 0x03, 0xf5, 0x03, 0xf5, 0x03, 0xf5, 0x03, 0xf5, 0xe3, 0xe4, 0x25, 0xf6, 0x24, 0xff,
    0x04, 0xf7, 0xe5, 0xfe, 0xc5, 0xfe, 0x06, 0xff, 0x28, 0x8c, 0x0b, 0x42, 0x73, 0x8c, 0x34, 0xa5,
    0xb0, 0x7b, 0x8f, 0x6b, 0xa3, 0x10, 0xa2, 0x10, 0x9a, 0xd6, 0x1c, 0xe7, 0x9b, 0xd6, 0xbb, 0xde,
    0xbb, 0xde, 0xbb, 0xde, 0xbb, 0xde, 0xbb, 0xde, 0xbb, 0xde, 0xbb, 0xde, 0xbb, 0xde, 0xbb, 0xde,
    0xbb, 0xde, 0x3d, 0xe7, 0x0c, 0x63, 0x00, 0x00, 0xe3, 0x18, 0xe4, 0x18, 0x03, 0x21, 0xc3, 0x39,
    0x05, 0x8c, 0x89, 0xff, 0xaa, 0xff, 0x68, 0xb5, 0x43, 0x4a, 0xc2, 0x18, 0x61, 0x10, 0x82, 0x10,
    0x82, 0x08, 0x82, 0x10, 0x61, 0x10, 0x81, 0x10, 0x82, 0x10, 0x00, 0x00, 0x0a, 0x2a, 0x1d, 0x8e,
    0x9c, 0x75, 0x7c, 0x6d, 0x9d, 0x6d, 0x1e, 0x7e, 0x0f, 0x3b, 0x21, 0x00, 0x61, 0x00, 0x62, 0x08,
    0x82, 0x08, 0x62, 0x08, 0x62, 0x10, 0x62, 0x10, 0x62, 0x10, 0x82, 0x10, 0x81, 0x10, 0x81, 0x10,
    0x81, 0x10, 0x82, 0x10, 0x81, 0x10, 0x82, 0x10, 0x82, 0x08, 0x82, 0x08, 0x61, 0x08, 0x41, 0x00,
    0xe5, 0x08, 0x92, 0x43, 0x9c, 0x75, 0x7c, 0x6d, 0x7c, 0x6d, 0xbd, 0x7d, 0xfd, 0x85, 0xeb, 0x19,
    0x00, 0x00, 0x82, 0x08, 0x82, 0x10, 0x82, 0x10, 0x82, 0x10, 0x82, 0x08, 0x82, 0x10, 0x82, 0x10,
    0xa2, 0x10, 0xa3, 0x10, 0x83, 0x10, 0xc1, 0x18, 0xc2, 0x39, 0xa2, 0x39, 0xa2, 0x31, 0xc1, 0x18,
    0xa2, 0x10, 0xe4, 0x18, 0x04, 0x21, 0x04, 0x21, 0x00, 0x00, 0xaa, 0x52, 0x1c, 0xe7, 0xbb, 0xd6,
    0xbb, 0xde, 0xbb, 0xd6, 0xbb, 0xde, 0xbb, 0xde, 0xbb, 0xd6, 0xfc, 0xde, 0x9e, 0xf7, 0x9d, 0xf7,
    0xbf, 0xf7, 0x39, 0xc6, 0x53, 0x8c, 0x94, 0x94, 0x73, 0x8c, 0x77, 0xad, 0xbb, 0xd6, 0x9b, 0xd6,
    0x9b, 0xd6, 0x5d, 0xef, 0xbe, 0xf7, 0xbe, 0xf7, 0x9e, 0xf7, 0xeb, 0x5a, 0x45, 0x29, 0x86, 0x31,
    0x66, 0x29, 0x4f, 0x21, 0x71, 0x21, 0x71, 0x21, 0x71, 0x21, 0x72, 0x21, 0x4e, 0x21, 0x45, 0x29,
    0x45, 0x29, 0x24, 0x21, 0xaa, 0x52, 0xbe, 0xf7, 0xdf, 0xff, 0xdf, 0xff, 0x9e, 0xf7, 0xdb, 0xde,
    0xbb, 0xd6, 0xdc, 0xde, 0x97, 0xb5, 0x73, 0x8c, 0x94, 0x94, 0x73, 0x8c, 0x39, 0xc6, 0xbf, 0xf7,
    0x9e, 0xf7, 0x9e, 0xf7, 0x1c, 0xe7, 0xbb, 0xd6, 0xbb, 0xd6, 0xbb, 0xde, 0xbb, 0xd6, 0xbb, 0xd6,
    0xbb, 0xd6, 0xbb, 0xde, 0xbb, 0xde, 0xbb, 0xde, 0xbb, 0xde, 0xbb, 0xde, 0x9b, 0xd6, 0xfc, 0xe6,
    0xd3, 0x9c, 0x21, 0x00, 0x62, 0x51, 0x63, 0xf4, 0x82, 0xf4, 0x23, 0xf5, 0x03, 0xf5, 0x23, 0xf5,
    0x03, 0xf5, 0x03, 0xf5, 0x23, 0xed, 0xe4, 0xf5, 0x64, 0xf6, 0x44, 0xf6, 0x65, 0xf6, 0x26, 0xff,
    0x66, 0xff, 0x66, 0xff, 0x66, 0xff, 0x66, 0xff, 0x66, 0xff, 0x66, 0xff, 0x66, 0xff, 0x46, 0xff,
    0x46, 0xff, 0x46, 0xff, 0x46, 0xff, 0x46, 0xff, 0x85, 0xf6, 0xe5, 0xf5, 0x44, 0xed, 0x03, 0xed,
    0x03, 0xf5, 0x03, 0xf5, 0x03, 0xed, 0x03, 0xf5, 0x03, 0xed, 0x03, 0xf5, 0x03, 0xf5, 0x03, 0xf5,
    0x04, 0xed, 0x04, 0xf5, 0x03, 0xf5, 0x03, 0xf5, 0x03, 0xed, 0x03, 0xf5, 0x03, 0xf5, 0xe3, 0xec,
    0x83, 0xf5, 0x24, 0xf6, 0xa5, 0xf6, 0x05, 0xff, 0xe4, 0xf6, 0x05, 0xff, 0x86, 0xc5, 0x46, 0x94,
    0x2d, 0x8c, 0xb0, 0x73, 0xb0, 0x73, 0xcf, 0x7b, 0x6a, 0x52, 0xc7, 0x31, 0x2d, 0x63, 0x30, 0x84,
    0x7a, 0xd6, 0xdb, 0xde, 0xbb, 0xde, 0xbb, 0xde, 0xbb, 0xd6, 0xbb, 0xde, 0xbb, 0xde, 0xbb, 0xde,
    0xbb, 0xde, 0xbb, 0xde, 0xbb, 0xde, 0xbb, 0xde, 0x5a, 0xce, 0x9b, 0xd6, 0xcb, 0x5a, 0x00, 0x00,
    0x03, 0x21, 0xa4, 0x18, 0xa0, 0x18, 0x4b, 0xce, 0xc9, 0xff, 0x46, 0xf7, 0x27, 0xf7, 0x89, 0xff,
    0x2a, 0xef, 0x41, 0x29, 0x21, 0x08, 0x82, 0x10, 0x82, 0x08, 0x82, 0x10, 0x81, 0x10, 0x61, 0x08,
    0xe5, 0x08, 0xef, 0x42, 0x15, 0x4c, 0x9d, 0x6d, 0x7c, 0x6d, 0x9d, 0x6d, 0x52, 0x3b, 0x8d, 0x32,
    0x87, 0x21, 0x81, 0x08, 0x82, 0x10, 0x82, 0x08, 0x82, 0x08, 0x81, 0x08, 0x81, 0x10, 0x81, 0x10,
    0x82, 0x10, 0x82, 0x10, 0x81, 0x10, 0x81, 0x10, 0x81, 0x10, 0x82, 0x10, 0x81, 0x10, 0x81, 0x10,
    0x82, 0x08, 0x82, 0x08, 0x81, 0x10, 0x81, 0x10, 0x82, 0x08, 0x47, 0x19, 0x10, 0x3b, 0x3b, 0x65,
    0x9d, 0x6d, 0x5c, 0x6d, 0x5c, 0x6d, 0xf5, 0x4b, 0x0f, 0x43, 0x05, 0x11, 0x62, 0x08, 0x82, 0x10,
    0x81, 0x10, 0x82, 0x08, 0x82, 0x10, 0x81, 0x10, 0x82, 0x10, 0xa2, 0x10, 0x40, 0x08, 0x41, 0x29,
    0x0c, 0xef, 0x89, 0xff, 0x4a, 0xf7, 0xe2, 0x41, 0x20, 0x08, 0x23, 0x21, 0x04, 0x21, 0xe3, 0x18,
    0x00, 0x00, 0xcb, 0x5a, 0xfc, 0xe6, 0x9b, 0xd6, 0xbb, 0xde, 0xbb, 0xd6, 0xbb, 0xde, 0xbb, 0xde,
    0xbb, 0xd6, 0xfc, 0xde, 0x9e, 0xf7, 0x9d, 0xf7, 0xbf, 0xf7, 0x39, 0xc6, 0x53, 0x8c, 0x94, 0x94,
    0x73, 0x8c, 0x77, 0xad, 0xbb, 0xd6, 0x9b, 0xd6, 0x9b, 0xd6, 0x5d, 0xef, 0xbe, 0xf7, 0xbe, 0xf7,
    0x9e, 0xf7, 0xeb, 0x5a, 0x45, 0x29, 0x86, 0x31, 0x66, 0x29, 0x4f, 0x21, 0x71, 0x21, 0x71, 0x21,
    0x71, 0x21, 0x72, 0x21, 0x4e, 0x21, 0x45, 0x29, 0x45, 0x29, 0x04, 0x21, 0xaa, 0x52, 0xbe, 0xf7,
    0xdf, 0xff, 0xdf, 0xff, 0x9e, 0xf7, 0xbb, 0xde, 0xbb, 0xd6, 0xdc, 0xde, 0x97, 0xb5, 0x53, 0x8c,
    0x94, 0x94, 0x73, 0x8c, 0x39, 0xc6, 0xdf, 0xf7, 0x9e, 0xf7, 0x9e, 0xf7, 0x1c, 0xe7, 0xbb, 0xd6,
    0xbb, 0xd6, 0xbb, 0xd6, 0xbb, 0xd6, 0xbb, 0xd6, 0xbb, 0xde, 0xbb, 0xde, 0xbb, 0xde, 0xbb, 0xde,
    0xbb, 0xde, 0xbb, 0xde, 0xbb, 0xd6, 0x5e, 0xef, 0x13, 0x9d, 0x00, 0x00, 0x42, 0x41, 0x44, 0xed,
    0x04, 0xf5, 0x24, 0xed, 0x23, 0xed, 0x23, 0xf5, 0x03, 0xf5, 0x03, 0xed, 0x42, 0xe5, 0xa6, 0xfe,
    0x67, 0xff, 0x66, 0xff, 0x67, 0xff, 0x66, 0xff, 0x46, 0xff, 0x66, 0xff, 0x66, 0xff, 0x66, 0xff,
    0x67, 0xff, 0x66, 0xff, 0x66, 0xff, 0x66, 0xff, 0x66, 0xff, 0x66, 0xff, 0x46, 0xff, 0x27, 0xff,
    0xa3, 0xed, 0xc2, 0xec, 0xe3, 0xf4, 0x03, 0xed, 0x03, 0xf5, 0x03, 0xf5, 0x03, 0xf5, 0x03, 0xf5,
    0x03, 0xf5, 0x03, 0xf5, 0x03, 0xf5, 0x03, 0xf5, 0x04, 0xf5, 0x04, 0xed, 0x03, 0xed, 0x04, 0xf5,
    0x03, 0xf5, 0x02, 0xf5, 0x02, 0xed, 0xc2, 0xec, 0x24, 0xf6, 0x65, 0xff, 0x05, 0xff, 0xe6, 0xfe,
    0xe5, 0xfe, 0x47, 0xff, 0x87, 0x9c, 0xa6, 0x39, 0x11, 0x84, 0x76, 0xa5, 0x8e, 0x6b, 0xab, 0x62,
    0x04, 0x21, 0x00, 0x00, 0x76, 0xad, 0x5d, 0xef, 0xbb, 0xd6, 0xbb, 0xde, 0xbb, 0xde, 0xbb, 0xde,
    0xbb, 0xd6, 0xbb, 0xde, 0xbb, 0xde, 0xbb, 0xde, 0xbb, 0xde, 0xbb, 0xde, 0xbb, 0xd6, 0xfc, 0xe6,
    0xf0, 0x83, 0xe4, 0x20, 0x04, 0x21, 0xc3, 0x18, 0x02, 0x21, 0xa3, 0x18, 0xc0, 0x18, 0x08, 0xc6,
    0x68, 0xff, 0x47, 0xf7, 0x68, 0xf7, 0x67, 0xff, 0xe7, 0xe6, 0x81, 0x31, 0x42, 0x08, 0x82, 0x10,
    0x61, 0x10, 0x81, 0x10, 0x61, 0x10, 0x41, 0x00, 0x27, 0x09, 0x7b, 0x75, 0x9d, 0x6d, 0x7c, 0x65,
    0xbc, 0x6d, 0xdd, 0x7d, 0x88, 0x19, 0x00, 0x00, 0x61, 0x08, 0x82, 0x10, 0x62, 0x10, 0x81, 0x10,
    0x61, 0x10, 0x81, 0x10, 0x81, 0x08, 0x82, 0x08, 0x82, 0x10, 0x82, 0x10, 0x82, 0x10, 0xa1, 0x10,
    0x82, 0x10, 0x82, 0x10, 0x82, 0x10, 0x82, 0x10, 0x61, 0x10, 0x61, 0x10, 0x81, 0x10, 0x81, 0x08,
    0x82, 0x10, 0x62, 0x08, 0xa4, 0x00, 0xb7, 0x5c, 0xbd, 0x75, 0x7c, 0x65, 0x7c, 0x65, 0x9d, 0x6d,
    0x7b, 0x75, 0x46, 0x19, 0x42, 0x00, 0x82, 0x10, 0x82, 0x08, 0x82, 0x08, 0x81, 0x10, 0x81, 0x10,
    0x81, 0x10, 0x21, 0x08, 0x85, 0x52, 0xa8, 0xbd, 0x28, 0xf7, 0x47, 0xff, 0x27, 0xf7, 0xc7, 0xc5,
    0xe7, 0x7b, 0xa1, 0x10, 0xe4, 0x18, 0xe3, 0x18, 0x00, 0x00, 0xeb, 0x5a, 0x5d, 0xef, 0xbb, 0xde,
    0xbb, 0xde, 0xbb, 0xde, 0xbb, 0xde, 0xbb, 0xde, 0xbb, 0xd6, 0xfc, 0xde, 0x9e, 0xf7, 0x9d, 0xf7,
    0xdf, 0xf7, 0x39, 0xc6, 0x53, 0x8c, 0x94, 0x94, 0x73, 0x8c, 0x77, 0xad, 0xbb, 0xd6, 0x9b, 0xd6,
    0x9b, 0xd6, 0x5d, 0xef, 0xbe, 0xf7, 0xbe, 0xf7, 0x9e, 0xf7, 0xcb, 0x5a, 0x45, 0x29, 0x86, 0x31,
    0x66, 0x29, 0x4f, 0x21, 0x71, 0x21, 0x71, 0x21, 0x71, 0x21, 0x72, 0x21, 0x4e, 0x21, 0x25, 0x21,
    0x45, 0x29, 0x04, 0x21, 0xaa, 0x52, 0xbe, 0xf7, 0xdf, 0xff, 0xdf, 0xff, 0x7e, 0xf7, 0xbb, 0xd6,
    0xbb, 0xd6, 0xdc, 0xde, 0x97, 0xb5, 0x53, 0x8c, 0x94, 0x94, 0x73, 0x8c, 0x39, 0xc6, 0xdf, 0xff,
    0x9e, 0xf7, 0x9e, 0xf7, 0xfc, 0xe6, 0xbb, 0xd6, 0xbb, 0xde, 0xbb, 0xde, 0xbb, 0xde, 0xbb, 0xde,
    0xbb, 0xde, 0xbb, 0xde, 0xbb, 0xde, 0xbb, 0xde, 0xbb, 0xd6, 0xfc, 0xde, 0xd8, 0xbd, 0xcc, 0x5a,
    0x87, 0x6a, 0xe2, 0x79, 0xc2, 0x9a, 0x23, 0xed, 0xe3, 0xf4, 0x03, 0xf5, 0x03, 0xf5, 0x03, 0xf5,
    0x43, 0xed, 0x46, 0xfe, 0x65, 0xf6, 0x06, 0xff, 0x46, 0xff, 0x46, 0xff, 0x46, 0xff, 0x66, 0xff,
    0x66, 0xff, 0x66, 0xff, 0x66, 0xff, 0x46, 0xff, 0x66, 0xff, 0x66, 0xff, 0x66, 0xff, 0x46, 0xff,
    0xa5, 0xf6, 0xe3, 0xed, 0xe4, 0xf5, 0xc4, 0xf5, 0x43, 0xed, 0x03, 0xed, 0x03, 0xf5, 0x04, 0xf5,
    0x03, 0xf5, 0x03, 0xf5, 0x03, 0xf5, 0x03, 0xf5, 0x03, 0xf5, 0x03, 0xf5, 0x03, 0xf5, 0x03, 0xf5,
    0x03, 0xf5, 0x03, 0xf5, 0x03, 0xed, 0x04, 0xf5, 0x03, 0xf5, 0x03, 0xed, 0xa4, 0xf5, 0x65, 0xf6,
    0xc5, 0xfe, 0x45, 0xf7, 0x24, 0xf7, 0x26, 0xff, 0xa6, 0xcd, 0x47, 0x94, 0x4c, 0x8c, 0xf0, 0x7b,
    0xd0, 0x7b, 0xf0, 0x73, 0x0a, 0x6b, 0x07, 0x93, 0xe2, 0x30, 0x20, 0x00, 0x35, 0xa5, 0xdc, 0xde,
    0x9b, 0xd6, 0xbb, 0xde, 0xbb, 0xde, 0xbb, 0xde, 0xbb, 0xde, 0xbb, 0xde, 0xbb, 0xde, 0xbb, 0xde,
    0xbb, 0xde, 0xbb, 0xde, 0x9b, 0xd6, 0xfc, 0xe6, 0x4e, 0x6b, 0x00, 0x00, 0xa2, 0x10, 0x04, 0x21,
    0x03, 0x21, 0xa4, 0x18, 0xa0, 0x18, 0x29, 0xc6, 0x89, 0xff, 0x47, 0xf7, 0x47, 0xf7, 0x67, 0xff,
    0x2a, 0xef, 0xa2, 0x31, 0x41, 0x00, 0x82, 0x10, 0x62, 0x10, 0x40, 0x08, 0x05, 0x11, 0x92, 0x4b,
    0x15, 0x4c, 0x7c, 0x6d, 0x5c, 0x65, 0x9e, 0x6d, 0xf5, 0x4b, 0x0a, 0x2a, 0xe5, 0x18, 0x62, 0x08,
    0x82, 0x08, 0x82, 0x10, 0x62, 0x10, 0x62, 0x10, 0x81, 0x10, 0x81, 0x10, 0x82, 0x10, 0x82, 0x08,
    0x61, 0x08, 0x61, 0x08, 0x41, 0x08, 0x41, 0x08, 0x41, 0x08, 0x41, 0x08, 0x61, 0x08, 0x62, 0x08,
    0x62, 0x08, 0x62, 0x10, 0x81, 0x10, 0x82, 0x10, 0x82, 0x10, 0x82, 0x10, 0x82, 0x10, 0xc8, 0x21,
    0x0b, 0x2a, 0x57, 0x54, 0x9c, 0x6d, 0x7c, 0x6d, 0x7b, 0x6d, 0x56, 0x5c, 0x8d, 0x32, 0x20, 0x00,
    0x61, 0x10, 0x82, 0x08, 0x61, 0x10, 0x81, 0x10, 0x81, 0x10, 0x00, 0x00, 0x06, 0x84, 0xea, 0xff,
    0x27, 0xf7, 0x48, 0xf7, 0x27, 0xf7, 0xc8, 0xff, 0xe9, 0xc5, 0x20, 0x00, 0xc3, 0x10, 0x03, 0x21,
    0xa2, 0x10, 0xa7, 0x31, 0xaa, 0x52, 0x14, 0xa5, 0xfc, 0xe6, 0x9b, 0xd6, 0xbb, 0xde, 0xbb, 0xde,
    0xbb, 0xd6, 0xfc, 0xde, 0x9e, 0xf7, 0x9d, 0xf7, 0xdf, 0xf7, 0x39, 0xc6, 0x52, 0x8c, 0x93, 0x94,
    0x73, 0x8c, 0x77, 0xb5, 0xbb, 0xd6, 0x9b, 0xd6, 0x9b, 0xd6, 0x5d, 0xef, 0xbe, 0xf7, 0xbe, 0xf7,
    0x9e, 0xf7, 0xeb, 0x5a, 0x45, 0x29, 0x86, 0x31, 0x66, 0x29, 0x4f, 0x21, 0x71, 0x21, 0x71, 0x21,
    0x71, 0x21, 0x72, 0x21, 0x4e, 0x21, 0x25, 0x21, 0x45, 0x29, 0x04, 0x21, 0xaa, 0x52, 0xbe, 0xf7,
    0xdf, 0xff, 0xdf, 0xff, 0x7e, 0xf7, 0xbb, 0xd6, 0xbb, 0xd6, 0xdc, 0xde, 0x97, 0xb5, 0x53, 0x8c,
    0x94, 0x94, 0x73, 0x8c, 0x39, 0xc6, 0xdf, 0xff, 0x9e, 0xf7, 0x9e, 0xf7, 0xfc, 0xe6, 0xbb, 0xd6,
    0xbb, 0xde, 0xbb, 0xde, 0xbb, 0xde, 0xbb, 0xde, 0xbb, 0xde, 0xbb, 0xde, 0xbb, 0xde, 0xbb, 0xde,
    0xbb, 0xd6, 0x1c, 0xe7, 0x55, 0xad, 0x00, 0x00, 0xe0, 0x40, 0x42, 0xe3, 0xe1, 0xf3, 0x23, 0xf5,
    0x03, 0xf5, 0xe4, 0xf4, 0x03, 0xf5, 0x02, 0xed, 0xa3, 0xe5, 0x47, 0xff, 0x67, 0xff, 0x66, 0xff,
    0x66, 0xff, 0x66, 0xff, 0x46, 0xff, 0x47, 0xff, 0x46, 0xff, 0x66, 0xff, 0x66, 0xff, 0x66, 0xff,
    0x66, 0xff, 0x66, 0xff, 0x46, 0xff, 0x27, 0xff, 0x04, 0xf6, 0xe1, 0xe4, 0xe2, 0xf4, 0xe2, 0xec,
    0x02, 0xed, 0x03, 0xed, 0x04, 0xf5, 0xe4, 0xf4, 0x03, 0xf5, 0x03, 0xf5, 0x03, 0xf5, 0x03, 0xf5,
    0x03, 0xf5, 0x03, 0xf5, 0x03, 0xed, 0x03, 0xed, 0x23, 0xed, 0x03, 0xf5, 0x03, 0xf5, 0x03, 0xed,
    0x03, 0xed, 0xe4, 0xec, 0x05, 0xf6, 0x67, 0xff, 0x46, 0xff, 0x47, 0xff, 0x05, 0xf7, 0x48, 0xff,
    0x88, 0x9c, 0xe8, 0x39, 0xd2, 0x7b, 0x36, 0xa5, 0x8f, 0x73, 0xca, 0x52, 0x86, 0x6a, 0x64, 0xbb,
    0x01, 0x41, 0x21, 0x00, 0x35, 0xa5, 0xfc, 0xe6, 0x9b, 0xd6, 0xbb, 0xd6, 0xbb, 0xde, 0xbb, 0xde,
    0xbb, 0xde, 0xbb, 0xde, 0xbb, 0xde, 0xbb, 0xde, 0xbb, 0xde, 0xbb, 0xde, 0x9b, 0xd6, 0xdc, 0xde,
    0x4d, 0x6b, 0x00, 0x00, 0xa2, 0x10, 0x04, 0x21, 0x04, 0x21, 0xc4, 0x18, 0xa2, 0x18, 0xe3, 0x39,
    0x45, 0x8c, 0x89, 0xff, 0xc9, 0xff, 0x47, 0xad, 0x03, 0x42, 0xc1, 0x18, 0x81, 0x10, 0x81, 0x10,
    0x82, 0x08, 0x41, 0x00, 0x89, 0x11, 0xbd, 0x75, 0xde, 0x75, 0x7c, 0x6d, 0x5c, 0x65, 0x9d, 0x75,
    0xaf, 0x32, 0x00, 0x00, 0x62, 0x10, 0x83, 0x08, 0x61, 0x10, 0x61, 0x10, 0x82, 0x10, 0x63, 0x10,
    0x82, 0x08, 0x82, 0x08, 0x81, 0x10, 0xa1, 0x10, 0x60, 0x08, 0x00, 0x00, 0x00, 0x00, 0x00, 0x00,
    0x00, 0x00, 0x00, 0x00, 0x20, 0x08, 0x81, 0x10, 0x82, 0x10, 0x62, 0x08, 0x62, 0x08, 0x82, 0x08,
    0x82, 0x08, 0x62, 0x10, 0x61, 0x10, 0x20, 0x00, 0x00, 0x00, 0xd3, 0x53, 0xdd, 0x7d, 0x7d, 0x6d,
    0x9d, 0x65, 0x1f, 0x76, 0xf4, 0x4b, 0x41, 0x00, 0x81, 0x10, 0x82, 0x10, 0x61, 0x10, 0x82, 0x10,
    0x82, 0x10, 0x00, 0x00, 0xc5, 0x83, 0xe8, 0xff, 0x47, 0xf7, 0x48, 0xf7, 0x27, 0xff, 0xa9, 0xff,
    0xc8, 0xbd, 0x00, 0x00, 0xc3, 0x18, 0x03, 0x21, 0x24, 0x29, 0xa2, 0x18, 0x00, 0x00, 0x10, 0x84,
    0x3d, 0xe7, 0x9b, 0xd6, 0xbb, 0xde, 0xbb, 0xde, 0xbb, 0xd6, 0xfc, 0xde, 0x9e, 0xf7, 0x9d, 0xf7,
    0xdf, 0xf7, 0x39, 0xc6, 0x52, 0x8c, 0x93, 0x94, 0x73, 0x8c, 0x77, 0xad, 0xbb, 0xd6, 0x9b, 0xd6,
    0x9b, 0xd6, 0x5d, 0xef, 0xbe, 0xf7, 0xbe, 0xf7, 0xbe, 0xf7, 0xeb, 0x5a, 0x45, 0x29, 0x86, 0x31,
    0x66, 0x29, 0x4f, 0x21, 0x71, 0x21, 0x71, 0x21, 0x71, 0x21, 0x72, 0x21, 0x4e, 0x21, 0x45, 0x21,
    0x45, 0x29, 0x04, 0x21, 0x8a, 0x52, 0xbe, 0xf7, 0xdf, 0xff, 0xdf, 0xff, 0x7e, 0xf7, 0xbb, 0xd6,
    0xbb, 0xd6, 0xdc, 0xde, 0x97, 0xb5, 0x53, 0x8c, 0x94, 0x94, 0x73, 0x8c, 0x39, 0xc6, 0xdf, 0xff,
    0x9e, 0xf7, 0x9e, 0xf7, 0xfc, 0xe6, 0xbb, 0xde, 0xbb, 0xde, 0xbb, 0xde, 0xbb, 0xde, 0xbb, 0xde,
    0xbb, 0xde, 0xbb, 0xde, 0xbb, 0xde, 0xbb, 0xd6, 0x9b, 0xd6, 0xfc, 0xe6, 0x35, 0xa5, 0x20, 0x00,
    0x82, 0x51, 0x85, 0xec, 0xa2, 0xf4, 0x03, 0xf5, 0x03, 0xf5, 0xe3, 0xec, 0x84, 0xed, 0xa6, 0xfe,
    0xc5, 0xf6, 0x66, 0xff, 0x66, 0xf7, 0x66, 0xf7, 0x66, 0xff, 0x66, 0xf7, 0x66, 0xff, 0x46, 0xff,
    0x46, 0xff, 0x46, 0xff, 0x66, 0xff, 0x87, 0xff, 0x86, 0xff, 0x66, 0xff, 0x85, 0xf6, 0xa3, 0xed,
    0x43, 0xf5, 0x03, 0xed, 0x03, 0xed, 0x03, 0xed, 0x03, 0xed, 0x03, 0xf5, 0xe4, 0xf4, 0xe4, 0xf4,
    0x04, 0xf5, 0x03, 0xf5, 0x03, 0xf5, 0x03, 0xf5, 0x03, 0xf5, 0x03, 0xf5, 0x04, 0xf5, 0x04, 0xed,
    0x24, 0xed, 0x03, 0xed, 0x23, 0xed, 0x43, 0xed, 0x04, 0xf6, 0xc5, 0xfe, 0x04, 0xff, 0x65, 0xff,
    0x47, 0xff, 0x87, 0x9c, 0x87, 0x7b, 0xa7, 0x7b, 0xed, 0x83, 0x92, 0x94, 0xd0, 0x7b, 0xac, 0x52,
    0x48, 0x6b, 0x49, 0xc5, 0xc5, 0xcb, 0xa3, 0xd3, 0x41, 0x49, 0x01, 0x08, 0x35, 0xa5, 0xfc, 0xde,
    0x9b, 0xd6, 0xbb, 0xd6, 0xbb, 0xde, 0xbb, 0xde, 0xbb, 0xde, 0xbb, 0xde, 0xbb, 0xde, 0xbb, 0xde,
    0xbb, 0xde, 0xbb, 0xd6, 0xbb, 0xd6, 0xdc, 0xde, 0x4d, 0x6b, 0x00, 0x00, 0xc3, 0x10, 0x04, 0x21,
    0x04, 0x19, 0x04, 0x19, 0x03, 0x21, 0x00, 0x00, 0x02, 0x42, 0x09, 0xce, 0x28, 0xd6, 0x05, 0x63,
    0x00, 0x00, 0x61, 0x10, 0x82, 0x18, 0x40, 0x08, 0x04, 0x11, 0x14, 0x5c, 0x97, 0x5c, 0x7c, 0x6d,
    0x7d, 0x6d, 0xde, 0x6d, 0x56, 0x54, 0x26, 0x19, 0x0f, 0x3b, 0x4f, 0x43, 0x61, 0x00, 0x81, 0x10,
    0x61, 0x18, 0x61, 0x10, 0x81, 0x10, 0x82, 0x08, 0x82, 0x08, 0x62, 0x08, 0x20, 0x00, 0x00, 0x00,
    0x22, 0x29, 0xa6, 0x94, 0xe5, 0x9c, 0xc6, 0xa4, 0xa6, 0x9c, 0x07, 0xa5, 0x64, 0x52, 0x00, 0x00,
    0x21, 0x00, 0x82, 0x08, 0x81, 0x08, 0x81, 0x08, 0x81, 0x10, 0x62, 0x10, 0x62, 0x08, 0x82, 0x08,
    0x62, 0x10, 0x46, 0x21, 0xa8, 0x21, 0x98, 0x5c, 0xde, 0x6d, 0x5c, 0x6d, 0xfb, 0x5c, 0xb8, 0x5c,
    0x71, 0x4b, 0x42, 0x00, 0x40, 0x08, 0x81, 0x10, 0x82, 0x10, 0x00, 0x00, 0x05, 0x6b, 0xa8, 0xde,
    0x08, 0xf7, 0x48, 0xf7, 0x27, 0xf7, 0xc7, 0xde, 0xc6, 0x9c, 0x61, 0x08, 0xe3, 0x18, 0x04, 0x21,
    0x04, 0x21, 0xc3, 0x18, 0x00, 0x00, 0x31, 0x8c, 0x1c, 0xe7, 0x9b, 0xd6, 0xbb, 0xde, 0xbb, 0xde,
    0xbb, 0xde, 0xfc, 0xde, 0x9e, 0xf7, 0x9d, 0xf7, 0xdf, 0xf7, 0x39, 0xc6, 0x52, 0x8c, 0x94, 0x94,
    0x73, 0x8c, 0x77, 0xad, 0xbb, 0xd6, 0x9b, 0xd6, 0x9b, 0xd6, 0x5d, 0xef, 0xbe, 0xf7, 0xbe, 0xf7,
    0xbe, 0xf7, 0xeb, 0x5a, 0x45, 0x29, 0x86, 0x31, 0x66, 0x29, 0x4f, 0x21, 0x71, 0x21, 0x71, 0x21,
    0x71, 0x21, 0x72, 0x21, 0x4e, 0x21, 0x45, 0x29, 0x45, 0x29, 0x04, 0x21, 0x8a, 0x52, 0xbe, 0xf7,
    0xdf, 0xff, 0xdf, 0xff, 0x7e, 0xf7, 0xbb, 0xde, 0xbb, 0xd6, 0xdc, 0xde, 0x97, 0xb5, 0x53, 0x8c,
    0x94, 0x94, 0x73, 0x8c, 0x39, 0xc6, 0xdf, 0xf7, 0x9e, 0xf7, 0x9e, 0xf7, 0xfc, 0xe6, 0xbb, 0xde,
    0xbb, 0xde, 0xbb, 0xde, 0xbb, 0xde, 0xbb, 0xde, 0xbb, 0xde, 0xbb, 0xde, 0xbb, 0xde, 0xbb, 0xde,
    0x9b, 0xd6, 0xfc, 0xde, 0x15, 0xa5, 0x00, 0x00, 0xc2, 0x59, 0x44, 0xed, 0x42, 0xed, 0x43, 0xf5,
    0x64, 0xf5, 0x43, 0xe5, 0x04, 0xee, 0x47, 0xff, 0x46, 0xff, 0x66, 0xff, 0x66, 0xff, 0x66, 0xff,
    0x66, 0xff, 0x66, 0xff, 0x66, 0xff, 0x66, 0xff, 0x46, 0xff, 0x66, 0xff, 0x46, 0xff, 0x26, 0xff,
    0x26, 0xff, 0x27, 0xff, 0x25, 0xf6, 0x02, 0xe5, 0x03, 0xed, 0x03, 0xed, 0x03, 0xed, 0xe3, 0xec,
    0xe3, 0xf4, 0xe3, 0xf4, 0xe3, 0xf4, 0xe4, 0xf4, 0x03, 0xf5, 0x03, 0xed, 0x03, 0xed, 0x03, 0xed,
    0x03, 0xf5, 0x04, 0xf5, 0x04, 0xf5, 0x04, 0xf5, 0x24, 0xf5, 0x24, 0xf5, 0x44, 0xed, 0x84, 0xed,
    0x85, 0xf6, 0x65, 0xff, 0x65, 0xf7, 0x08, 0xef, 0xea, 0xe6, 0x68, 0x6b, 0x6b, 0x4a, 0xaa, 0x4a,
    0x90, 0x73, 0x35, 0x9d, 0xee, 0x83, 0x67, 0x52, 0x44, 0x7b, 0xc5, 0xfd, 0x21, 0xec, 0xc3, 0xdb,
    0x62, 0x49, 0x20, 0x00, 0x34, 0xa5, 0xfc, 0xde, 0x9b, 0xd6, 0xbb, 0xde, 0xbb, 0xde, 0xbb, 0xde,
    0xbb, 0xde, 0xbb, 0xde, 0xbb, 0xde, 0xbb, 0xde, 0xbb, 0xde, 0xbb, 0xde, 0x9b, 0xd6, 0xdc, 0xde,
    0x4d, 0x6b, 0x00, 0x00, 0xc3, 0x18, 0x04, 0x21, 0x04, 0x19, 0x03, 0x19, 0x03, 0x19, 0xc3, 0x18,
    0x81, 0x10, 0xa0, 0x18, 0xe1, 0x18, 0xe4, 0x18, 0x25, 0x19, 0xa3, 0x08, 0x83, 0x08, 0xa4, 0x08,
    0xca, 0x21, 0x9c, 0x7d, 0xbd, 0x6d, 0x7c, 0x6d, 0x7c, 0x75, 0x7b, 0x6d, 0x91, 0x4b, 0x00, 0x00,
    0x2f, 0x3b, 0x33, 0x54, 0x62, 0x00, 0x82, 0x08, 0x62, 0x10, 0x82, 0x10, 0x81, 0x10, 0x82, 0x08,
    0x81, 0x10, 0x81, 0x10, 0xc1, 0x18, 0x81, 0x10, 0x84, 0x5a, 0xab, 0xff, 0xc9, 0xff, 0xa9, 0xff,
    0x89, 0xff, 0xeb, 0xff, 0x27, 0x8c, 0xa1, 0x18, 0xc1, 0x20, 0x80, 0x10, 0x81, 0x08, 0x81, 0x08,
    0x81, 0x08, 0x62, 0x10, 0x81, 0x10, 0x62, 0x10, 0x82, 0x08, 0x62, 0x08, 0x01, 0x00, 0x92, 0x4b,
    0x3a, 0x6d, 0x3b, 0x6d, 0x7d, 0x6d, 0xff, 0x75, 0x76, 0x5c, 0xc5, 0x08, 0xe3, 0x10, 0xa2, 0x10,
    0x61, 0x10, 0x61, 0x10, 0x80, 0x08, 0x61, 0x31, 0x2c, 0xf7, 0xaa, 0xff, 0xab, 0xff, 0xa3, 0x5a,
    0xa1, 0x18, 0x04, 0x21, 0x04, 0x19, 0x23, 0x21, 0x23, 0x21, 0xc3, 0x18, 0x00, 0x00, 0x30, 0x84,
    0x1d, 0xe7, 0x9b, 0xd6, 0xbb, 0xde, 0xbb, 0xde, 0xbb, 0xde, 0xfc, 0xde, 0x9e, 0xf7, 0x9d, 0xf7,
    0xdf, 0xf7, 0x39, 0xc6, 0x53, 0x8c, 0x94, 0x94, 0x73, 0x8c, 0x77, 0xad, 0xbb, 0xd6, 0x9b, 0xd6,
    0x9b, 0xd6, 0x5d, 0xef, 0xbe, 0xf7, 0xbe, 0xf7, 0xbe, 0xf7, 0xeb, 0x5a, 0x45, 0x29, 0x86, 0x31,
    0x66, 0x29, 0x4f, 0x21, 0x71, 0x21, 0x71, 0x21, 0x71, 0x21, 0x72, 0x21, 0x4e, 0x21, 0x45, 0x29,
    0x45, 0x29, 0x04, 0x21, 0x8a, 0x52, 0xbe, 0xf7, 0xdf, 0xff, 0xdf, 0xff, 0x7e, 0xf7, 0xbb, 0xde,
    0xbb, 0xd6, 0xdc, 0xde, 0x97, 0xb5, 0x53, 0x8c, 0x94, 0x94, 0x73, 0x8c, 0x39, 0xc6, 0xdf, 0xf7,
    0x9e, 0xf7, 0x9e, 0xf7, 0xfc, 0xe6, 0xbb, 0xde, 0xbb, 0xde, 0xbb, 0xde, 0xbb, 0xde, 0xbb, 0xde,
    0xbb, 0xde, 0xbb, 0xde, 0xbb, 0xde, 0xbb, 0xde, 0x9b, 0xd6, 0xfc, 0xe6, 0x55, 0xad, 0x00, 0x00,
    0xc2, 0x51, 0xe4, 0xec, 0x83, 0xf5, 0x26, 0xff, 0x06, 0xff, 0x06, 0xff, 0x46, 0xff, 0x66, 0xff,
    0x46, 0xff, 0x46, 0xff, 0x46, 0xff, 0x46, 0xff, 0x46, 0xff, 0x46, 0xff, 0x46, 0xff, 0x66, 0xff,
    0x66, 0xff, 0x66, 0xff, 0x06, 0xff, 0x82, 0xed, 0x43, 0xed, 0x43, 0xf5, 0x23, 0xed, 0x03, 0xed,
    0x03, 0xf5, 0xe3, 0xf4, 0xe3, 0xf4, 0xe3, 0xf4, 0xe3, 0xf4, 0xe3, 0xf4, 0xe3, 0xf4, 0xe3, 0xf4,
    0x03, 0xf5, 0x03, 0xed, 0x03, 0xed, 0x03, 0xed, 0x04, 0xf5, 0x03, 0xf5, 0x03, 0xed, 0x03, 0xed,
    0x43, 0xed, 0xa6, 0xfe, 0x06, 0xff, 0x06, 0xff, 0x25, 0xff, 0x84, 0xff, 0xe8, 0xee, 0x46, 0x6b,
    0x6a, 0x6b, 0x6d, 0x73, 0x51, 0x8c, 0x14, 0xa5, 0x90, 0x6b, 0x6a, 0x42, 0xa9, 0x9c, 0xa7, 0xe6,
    0x03, 0xdd, 0xc3, 0xf4, 0x02, 0xe4, 0xa3, 0xdb, 0x22, 0x49, 0x00, 0x00, 0x35, 0xa5, 0xfc, 0xe6,
    0x9b, 0xd6, 0xbb, 0xde, 0xbb, 0xde, 0xbb, 0xde, 0xbb, 0xde, 0xbb, 0xde, 0xbb, 0xde, 0xbb, 0xde,
    0xbb, 0xde, 0xbb, 0xde, 0x9b, 0xd6, 0xdc, 0xde, 0x4d, 0x6b, 0x00, 0x00, 0xc3, 0x18, 0x04, 0x21,
    0x03, 0x19, 0x02, 0x19, 0x03, 0x19, 0xe3, 0x18, 0xc3, 0x18, 0x41, 0x00, 0xa9, 0x21, 0x1a, 0x75,
    0xf7, 0x6c, 0x04, 0x09, 0x62, 0x00, 0x77, 0x5c, 0x3b, 0x6d, 0x7d, 0x6d, 0x7d, 0x65, 0xde, 0x75,
    0xf8, 0x6c, 0x26, 0x11, 0xe4, 0x10, 0x62, 0x08, 0x8e, 0x32, 0xae, 0x3a, 0x62, 0x08, 0x82, 0x10,
    0x82, 0x08, 0x61, 0x08, 0x62, 0x10, 0x82, 0x10, 0x00, 0x00, 0xa0, 0x18, 0xe8, 0xbd, 0xa8, 0xde,
    0xc7, 0xe6, 0x48, 0xf7, 0x48, 0xf7, 0x48, 0xff, 0x48, 0xf7, 0x48, 0xf7, 0xe8, 0xe6, 0xc8, 0xde,
    0x8a, 0xb5, 0x41, 0x10, 0x00, 0x00, 0x81, 0x10, 0x62, 0x08, 0x61, 0x10, 0x61, 0x10, 0x82, 0x10,
    0x81, 0x10, 0x83, 0x08, 0x62, 0x08, 0x83, 0x08, 0x27, 0x11, 0x1a, 0x65, 0xbc, 0x75, 0x7c, 0x65,
    0x3b, 0x65, 0x1a, 0x6d, 0xf3, 0x5b, 0x42, 0x00, 0x42, 0x08, 0x81, 0x08, 0x61, 0x00, 0xa6, 0x29,
    0xa6, 0x73, 0xc5, 0x83, 0xe6, 0x7b, 0x83, 0x31, 0xa3, 0x10, 0x03, 0x21, 0x04, 0x19, 0x24, 0x19,
    0x24, 0x21, 0xc3, 0x18, 0x00, 0x00, 0x30, 0x84, 0x1d, 0xe7, 0x9b, 0xd6, 0xbb, 0xde, 0xbb, 0xde,
    0xbb, 0xde, 0xfc, 0xe6, 0x9e, 0xf7, 0x9d, 0xf7, 0xdf, 0xf7, 0x39, 0xc6, 0x53, 0x8c, 0x94, 0x94,
    0x73, 0x8c, 0x77, 0xad, 0xbb, 0xd6, 0x9b, 0xd6, 0x9b, 0xd6, 0x5d, 0xef, 0xbe, 0xf7, 0xbe, 0xf7,
    0x9e, 0xf7, 0xeb, 0x5a, 0x45, 0x29, 0x86, 0x31, 0x66, 0x29, 0x4f, 0x21, 0x71, 0x21, 0x71, 0x21,
    0x71, 0x21, 0x72, 0x21, 0x4e, 0x21, 0x45, 0x29, 0x45, 0x29, 0x04, 0x21, 0x8a, 0x52, 0xbe, 0xf7,
    0xdf, 0xff, 0xdf, 0xff, 0x7e, 0xef, 0xbb, 0xde, 0xbb, 0xd6, 0xdc, 0xde, 0x97, 0xb5, 0x53, 0x8c,
    0x94, 0x94, 0x73, 0x8c, 0x39, 0xc6, 0xdf, 0xf7, 0x9e, 0xf7, 0x9e, 0xf7, 0xfc, 0xe6, 0xbb, 0xde,
    0xbb, 0xde, 0xbb, 0xde, 0xbb, 0xde, 0xbb, 0xde, 0xbb, 0xde, 0xbb, 0xde, 0xbb, 0xde, 0xbb, 0xde,
    0x9b, 0xd6, 0x1c, 0xe7, 0x55, 0xad, 0x00, 0x00, 0xc2, 0x49, 0x45, 0xed, 0x04, 0xf6, 0x67, 0xff,
    0x46, 0xff, 0x65, 0xff, 0x66, 0xff, 0x46, 0xff, 0x66, 0xff, 0x66, 0xff, 0x66, 0xff, 0x46, 0xff,
    0x46, 0xff, 0x46, 0xff, 0x26, 0xff, 0xe6, 0xfe, 0xe6, 0xfe, 0xe6, 0xfe, 0x86, 0xfe, 0x23, 0xed,
    0xe3, 0xf4, 0xe3, 0xf4, 0xe3, 0xf4, 0x03, 0xf5, 0x03, 0xed, 0x03, 0xed, 0x03, 0xed, 0x03, 0xf5,
    0x03, 0xf5, 0x03, 0xf5, 0x03, 0xf5, 0x03, 0xf5, 0x03, 0xed, 0x03, 0xed, 0x03, 0xf5, 0x03, 0xf5,
    0x03, 0xf5, 0x23, 0xed, 0x43, 0xed, 0x83, 0xed, 0xc3, 0xed, 0x06, 0xff, 0x66, 0xff, 0x66, 0xff,
    0x25, 0xf7, 0x87, 0xe6, 0xeb, 0xcd, 0x67, 0x52, 0xeb, 0x5a, 0x8f, 0x73, 0x72, 0x8c, 0x13, 0xa5,
    0xcd, 0x7b, 0xa6, 0x5a, 0xc6, 0xac, 0xe6, 0xfe, 0x83, 0xf5, 0xe3, 0xec, 0x22, 0xe4, 0xa2, 0xdb,
    0x21, 0x49, 0x20, 0x00, 0x35, 0xa5, 0xfc, 0xe6, 0x9b, 0xd6, 0xbb, 0xde, 0xbb, 0xde, 0xbb, 0xd6,
    0xbb, 0xd6, 0xbb, 0xde, 0xbb, 0xde, 0xbb, 0xde, 0xbb, 0xd6, 0xbb, 0xd6, 0x9b, 0xd6, 0xfc, 0xde,
    0x4d, 0x6b, 0x00, 0x00, 0xc3, 0x18, 0x04, 0x21, 0x03, 0x21, 0xe4, 0x18, 0xe4, 0x20, 0xe3, 0x20,
    0xe4, 0x20, 0x61, 0x08, 0xc9, 0x21, 0xf8, 0x6c, 0xb6, 0x5c, 0xc9, 0x19, 0x89, 0x19, 0x1b, 0x6d,
    0x9d, 0x75, 0x7c, 0x6d, 0x5c, 0x65, 0xb8, 0x64, 0xf2, 0x53, 0x62, 0x00, 0x81, 0x10, 0x62, 0x08,
    0x4b, 0x2a, 0x4b, 0x32, 0x82, 0x10, 0x61, 0x18, 0x82, 0x08, 0x81, 0x08, 0x82, 0x08, 0x61, 0x08,
    0x21, 0x21, 0xa3, 0x5a, 0x08, 0xef, 0xa8, 0xff, 0x87, 0xff, 0x68, 0xf7, 0x68, 0xf7, 0x68, 0xf7,
    0x68, 0xff, 0x68, 0xf7, 0x68, 0xff, 0xa8, 0xff, 0xa9, 0xde, 0x63, 0x52, 0x01, 0x21, 0x61, 0x08,
    0x62, 0x08, 0x81, 0x10, 0x81, 0x10, 0x82, 0x10, 0x81, 0x08, 0x82, 0x08, 0x41, 0x08, 0xe4, 0x08,
    0x89, 0x19, 0x56, 0x5c, 0x18, 0x75, 0x7c, 0x6d, 0x7d, 0x65, 0xde, 0x75, 0x97, 0x64, 0x47, 0x11,
    0x25, 0x11, 0x81, 0x08, 0xe4, 0x08, 0x71, 0x4b, 0x66, 0x11, 0x42, 0x00, 0x00, 0x00, 0xc2, 0x18,
    0x24, 0x21, 0xe3, 0x20, 0x04, 0x21, 0x04, 0x21, 0x24, 0x21, 0xc2, 0x18, 0x00, 0x00, 0x10, 0x84,
    0x1c, 0xe7, 0x9b, 0xd6, 0xbb, 0xde, 0xbb, 0xde, 0xbb, 0xde, 0xfc, 0xde, 0x9e, 0xf7, 0x9d, 0xf7,
    0xdf, 0xf7, 0x39, 0xc6, 0x53, 0x8c, 0x94, 0x94, 0x53, 0x8c, 0x77, 0xad, 0xbb, 0xd6, 0xbb, 0xd6,
    0x9b, 0xd6, 0x5d, 0xef, 0xbe, 0xf7, 0xbe, 0xf7, 0x9e, 0xf7, 0xeb, 0x5a, 0x45, 0x29, 0x86, 0x31,
    0x66, 0x29, 0x4f, 0x21, 0x71, 0x21, 0x71, 0x21, 0x71, 0x21, 0x72, 0x21, 0x4e, 0x21, 0x25, 0x21,
    0x45, 0x29, 0x04, 0x21, 0xaa, 0x52, 0xbe, 0xf7, 0xdf, 0xff, 0xdf, 0xff, 0x7e, 0xef, 0xbb, 0xde,
    0xbb, 0xd6, 0xdc, 0xde, 0x97, 0xb5, 0x53, 0x8c, 0x94, 0x94, 0x73, 0x8c, 0x39, 0xc6, 0xbf, 0xf7,
    0x9e, 0xf7, 0x9e, 0xf7, 0x1c, 0xe7, 0xbb, 0xd6, 0xbb, 0xde, 0xbb, 0xde, 0xbb, 0xde, 0xbb, 0xde,
    0xbb, 0xde, 0xbb, 0xde, 0xbb, 0xde, 0xbb, 0xde, 0xbb, 0xd6, 0x1c, 0xe7, 0x35, 0xad, 0x00, 0x00,
    0x22, 0x52, 0x07, 0xff, 0x25, 0xff, 0x46, 0xff, 0x46, 0xff, 0x66, 0xff, 0x46, 0xff, 0x66, 0xff,
    0x66, 0xff, 0x66, 0xff, 0x66, 0xff, 0x66, 0xff, 0x46, 0xff, 0x66, 0xff, 0x27, 0xff, 0xc3, 0xed,
    0x42, 0xed, 0x43, 0xf5, 0x43, 0xf5, 0x03, 0xed, 0x03, 0xed, 0x03, 0xed, 0x03, 0xf5, 0xe3, 0xf4,
    0xe3, 0xf4, 0xe3, 0xf4, 0xe4, 0xf4, 0x04, 0xed, 0x03, 0xed, 0x03, 0xf5, 0x03, 0xf5, 0x03, 0xf5,
    0x03, 0xed, 0x03, 0xf5, 0x03, 0xf5, 0xe3, 0xf4, 0xe3, 0xec, 0x23, 0xe5, 0x85, 0xfe, 0x06, 0xff,
    0x06, 0xff, 0x46, 0xff, 0x46, 0xff, 0xa6, 0xff, 0xe7, 0xe6, 0xe5, 0x62, 0xea, 0x5a, 0x0c, 0x63,
    0x30, 0x84, 0x36, 0xa5, 0xaf, 0x73, 0x08, 0x42, 0x89, 0xa4, 0xe9, 0xee, 0xc5, 0xed, 0x23, 0xf5,
    0x23, 0xed, 0x03, 0xed, 0x43, 0xec, 0x03, 0xdc, 0x41, 0x41, 0x01, 0x00, 0x35, 0xad, 0xfc, 0xe6,
    0x9b, 0xd6, 0xbb, 0xde, 0xbb, 0xde, 0xbb, 0xd6, 0xbb, 0xd6, 0xbb, 0xd6, 0xbb, 0xd6, 0xbb, 0xd6,
    0xbb, 0xd6, 0xbb, 0xd6, 0x9b, 0xd6, 0xfc, 0xde, 0x4d, 0x6b, 0x00, 0x00, 0xc3, 0x18, 0x04, 0x21,
    0x03, 0x21, 0xe4, 0x20, 0xe4, 0x20, 0xe3, 0x20, 0xe3, 0x18, 0xc3, 0x10, 0xe4, 0x10, 0xc5, 0x10,
    0xe6, 0x08, 0x97, 0x64, 0x5c, 0x75, 0x7d, 0x6d, 0x7c, 0x6d, 0xbd, 0x75, 0xb8, 0x5c, 0xc5, 0x08,
    0xa2, 0x10, 0xa3, 0x08, 0xa3, 0x08, 0x04, 0x19, 0x29, 0x32, 0x04, 0x11, 0xa1, 0x08, 0x81, 0x10,
    0x82, 0x10, 0x82, 0x10, 0x82, 0x08, 0x00, 0x00, 0x45, 0x8c, 0xaa, 0xf7, 0x48, 0xf7, 0x67, 0xff,
    0x68, 0xf7, 0x68, 0xf7, 0x68, 0xf7, 0x68, 0xf7, 0x68, 0xf7, 0x68, 0xf7, 0x68, 0xf7, 0x48, 0xf7,
    0x47, 0xf7, 0xa9, 0xf7, 0xe6, 0x83, 0x00, 0x00, 0x81, 0x10, 0x82, 0x08, 0x82, 0x10, 0x82, 0x10,
    0x82, 0x08, 0x81, 0x10, 0x20, 0x08, 0xb2, 0x4b, 0x5b, 0x75, 0x07, 0x09, 0x2c, 0x22, 0xdd, 0x7d,
    0xbd, 0x6d, 0x9c, 0x6d, 0x5c, 0x65, 0x5a, 0x6d, 0x55, 0x5c, 0x00, 0x00, 0xea, 0x29, 0x9d, 0x7d,
    0x7a, 0x7d, 0x0a, 0x2a, 0x41, 0x08, 0x04, 0x21, 0x03, 0x21, 0x04, 0x21, 0x04, 0x21, 0x04, 0x21,
    0x25, 0x21, 0xc3, 0x18, 0x00, 0x00, 0x10, 0x84, 0x1c, 0xe7, 0x9b, 0xd6, 0xbb, 0xde, 0xbb, 0xde,
    0xbb, 0xd6, 0xfc, 0xde, 0x9e, 0xf7, 0x9d, 0xf7, 0xdf, 0xf7, 0x39, 0xc6, 0x53, 0x8c, 0x93, 0x94,
    0x73, 0x8c, 0x77, 0xad, 0xbb, 0xd6, 0xbb, 0xd6, 0x9b, 0xd6, 0x5d, 0xef, 0xbe, 0xf7, 0xbe, 0xf7,
    0x9e, 0xf7, 0xeb, 0x5a, 0x45, 0x29, 0x86, 0x31, 0x66, 0x29, 0x4f, 0x21, 0x71, 0x21, 0x71, 0x21,
    0x71, 0x21, 0x72, 0x21, 0x4e, 0x21, 0x25, 0x21, 0x45, 0x29, 0x04, 0x21, 0xaa, 0x52, 0x9e, 0xf7,
    0xdf, 0xff, 0xdf, 0xff, 0x7e, 0xf7, 0xbb, 0xde, 0xbb, 0xd6, 0xdc, 0xde, 0x97, 0xb5, 0x53, 0x8c,
    0x94, 0x94, 0x73, 0x8c, 0x39, 0xc6, 0xbf, 0xf7, 0x9e, 0xf7, 0x9e, 0xf7, 0x1c, 0xe7, 0xbb, 0xd6,
    0xbb, 0xde, 0xbb, 0xde, 0xbb, 0xde, 0xbb, 0xde, 0xbb, 0xde, 0xbb, 0xde, 0xbb, 0xde, 0xbb, 0xde,
    0xbb, 0xd6, 0x1c, 0xe7, 0x35, 0xa5, 0x00, 0x00, 0x43, 0x4a, 0x48, 0xff, 0x66, 0xff, 0x46, 0xff,
    0x66, 0xff, 0x66, 0xff, 0x66, 0xff, 0x66, 0xff, 0x66, 0xff, 0x46, 0xff, 0x46, 0xff, 0x06, 0xff,
    0xe6, 0xfe, 0xe6, 0xfe, 0xc6, 0xfe, 0x63, 0xed, 0xe2, 0xec, 0xe3, 0xf4, 0xe3, 0xf4, 0x03, 0xf5,
    0x03, 0xed, 0x03, 0xf5, 0x03, 0xf5, 0x03, 0xf5, 0x04, 0xf5, 0xe3, 0xf4, 0xe3, 0xf4, 0x04, 0xed,
    0x04, 0xed, 0x03, 0xf5, 0x03, 0xf5, 0x03, 0xf5, 0x04, 0xf5, 0x03, 0xf5, 0x03, 0xf5, 0x43, 0xf5,
    0x84, 0xed, 0xc3, 0xed, 0x04, 0xff, 0x66, 0xff, 0x66, 0xff, 0x45, 0xff, 0x27, 0xf7, 0xa9, 0xe6,
    0x0a, 0xce, 0x0a, 0x63, 0x0d, 0x63, 0x6f, 0x73, 0x31, 0x8c, 0xd4, 0x94, 0xcb, 0x7b, 0xe4, 0x5a,
    0x26, 0xb5, 0x46, 0xff, 0xe4, 0xf5, 0xe3, 0xec, 0x03, 0xed, 0x03, 0xf5, 0x82, 0xf4, 0x64, 0xe4,
    0x62, 0x41, 0x00, 0x00, 0x35, 0xad, 0xfc, 0xe6, 0x9b, 0xd6, 0xbb, 0xde, 0xbb, 0xde, 0xbb, 0xd6,
    0xbb, 0xd6, 0xbb, 0xd6, 0xbb, 0xd6, 0xbb, 0xd6, 0xbb, 0xd6, 0xbb, 0xd6, 0x9b, 0xd6, 0xfc, 0xde,
    0x4d, 0x6b, 0x00, 0x00, 0xc3, 0x18, 0x04, 0x21, 0x04, 0x21, 0x04, 0x21, 0x04, 0x21, 0x04, 0x19,
    0xe3, 0x18, 0xc2, 0x18, 0xa1, 0x10, 0xc4, 0x08, 0x68, 0x11, 0x19, 0x65, 0xbe, 0x75, 0x7c, 0x6d,
    0x5b, 0x75, 0xd8, 0x64, 0xd2, 0x53, 0x62, 0x08, 0x40, 0x10, 0xa4, 0x10, 0x26, 0x19, 0x04, 0x21,
    0xc8, 0x31, 0xc3, 0x10, 0x81, 0x10, 0x82, 0x08, 0x81, 0x10, 0x82, 0x08, 0xa2, 0x10, 0x22, 0x21,
    0x06, 0xa5, 0xa9, 0xff, 0x48, 0xf7, 0x67, 0xf7, 0x68, 0xff, 0x68, 0xf7, 0x68, 0xff, 0x68, 0xff,
    0x68, 0xff, 0x68, 0xff, 0x68, 0xf7, 0x68, 0xf7, 0x47, 0xf7, 0xa9, 0xff, 0xc6, 0xa4, 0x22, 0x29,
    0xa1, 0x10, 0x62, 0x08, 0x82, 0x10, 0x82, 0x10, 0x82, 0x08, 0x81, 0x10, 0x41, 0x00, 0xf4, 0x4b,
    0xbd, 0x75, 0xca, 0x19, 0x2b, 0x2a, 0x96, 0x6c, 0xd9, 0x5c, 0x7c, 0x65, 0x7c, 0x6d, 0xbd, 0x75,
    0xd9, 0x64, 0xe5, 0x10, 0x4b, 0x2a, 0xb6, 0x6c, 0xb7, 0x6c, 0xc9, 0x21, 0x61, 0x08, 0x04, 0x21,
    0x04, 0x21, 0x04, 0x21, 0x04, 0x21, 0x04, 0x21, 0x24, 0x21, 0xc3, 0x18, 0x00, 0x00, 0x10, 0x84,
    0x1c, 0xe7, 0x9b, 0xd6, 0xbb, 0xd6, 0xbb, 0xd6, 0xbb, 0xd6, 0xfc, 0xde, 0x9e, 0xf7, 0x9d, 0xf7,
    0xdf, 0xff, 0x39, 0xc6, 0x53, 0x8c, 0x94, 0x94, 0x73, 0x8c, 0x77, 0xad, 0xbb, 0xd6, 0x9b, 0xd6,
    0x9b, 0xd6, 0x5d, 0xef, 0xbe, 0xf7, 0xbe, 0xf7, 0x9e, 0xf7, 0xeb, 0x5a, 0x45, 0x29, 0x86, 0x31,
    0x66, 0x29, 0x4f, 0x21, 0x71, 0x21, 0x71, 0x21, 0x71, 0x21, 0x72, 0x21, 0x4e, 0x21, 0x25, 0x21,
    0x45, 0x29, 0x04, 0x21, 0xaa, 0x52, 0x9e, 0xf7, 0xdf, 0xff, 0xdf, 0xff, 0x7e, 0xef, 0xbb, 0xde,
    0xbb, 0xd6, 0xdc, 0xde, 0x97, 0xb5, 0x53, 0x8c, 0x94, 0x94, 0x73, 0x8c, 0x39, 0xc6, 0xbf, 0xf7,
    0x9e, 0xf7, 0x9e, 0xf7, 0x1c, 0xe7, 0xbb, 0xd6, 0xbb, 0xde, 0xbb, 0xde, 0xbb, 0xde, 0xbb, 0xde,
    0xbb, 0xde, 0xbb, 0xde, 0xbb, 0xde, 0xbb, 0xde, 0x9b, 0xd6, 0xfc, 0xe6, 0x35, 0xa5, 0x00, 0x00,
    0x63, 0x52, 0x48, 0xff, 0x66, 0xff, 0x46, 0xff, 0x66, 0xff, 0x66, 0xff, 0x46, 0xff, 0x66, 0xff,
    0x66, 0xff, 0x67, 0xff, 0x47, 0xff, 0xc3, 0xe5, 0x42, 0xed, 0x63, 0xed, 0x43, 0xed, 0x23, 0xf5,
    0xe3, 0xf4, 0xe4, 0xf4, 0x04, 0xf5, 0x03, 0xed, 0x03, 0xed, 0x03, 0xf5, 0x03, 0xf5, 0x03, 0xf5,
    0x03, 0xf5, 0xe3, 0xf4, 0xe3, 0xf4, 0x03, 0xed, 0x03, 0xed, 0x03, 0xf5, 0x04, 0xf5, 0x03, 0xf5,
    0xe3, 0xec, 0x03, 0xed, 0x02, 0xe5, 0x25, 0xf6, 0x26, 0xff, 0x26, 0xff, 0x46, 0xff, 0x45, 0xff,
    0x65, 0xf7, 0xa7, 0xff, 0xc8, 0xee, 0x26, 0x73, 0x6a, 0x6b, 0xf4, 0x9c, 0x13, 0x9d, 0x34, 0xa5,
    0x6d, 0x6b, 0xa7, 0x31, 0x67, 0x94, 0x4a, 0xf7, 0x66, 0xee, 0xe3, 0xf5, 0x63, 0xed, 0x03, 0xed,
    0x03, 0xf5, 0xe3, 0xf4, 0xe3, 0xf4, 0xe5, 0xec, 0x82, 0x49, 0x00, 0x00, 0x35, 0xad, 0xfc, 0xe6,
    0x9b, 0xd6, 0xbb, 0xde, 0xbb, 0xde, 0xbb, 0xde, 0xbb, 0xd6, 0xbb, 0xd6, 0xbb, 0xd6, 0xbb, 0xd6,
    0xbb, 0xd6, 0xbb, 0xd6, 0x9b, 0xd6, 0xfc, 0xde, 0x4d, 0x6b, 0x00, 0x00, 0xc3, 0x18, 0x04, 0x21,
    0x04, 0x21, 0x04, 0x21, 0x03, 0x21, 0xe4, 0x18, 0xe4, 0x20, 0x82, 0x08, 0x20, 0x00, 0xb3, 0x53,
    0x5b, 0x75, 0x5b, 0x6d, 0x7c, 0x6d, 0xdd, 0x7d, 0x18, 0x75, 0x06, 0x09, 0xa3, 0x08, 0x62, 0x08,
    0x41, 0x08, 0x66, 0x21, 0xb1, 0x5b, 0xc3, 0x10, 0xc4, 0x10, 0xe4, 0x18, 0x82, 0x10, 0x82, 0x08,
    0x81, 0x10, 0x00, 0x00, 0xc1, 0x18, 0x6c, 0xce, 0x49, 0xf7, 0x28, 0xff, 0x48, 0xff, 0x68, 0xff,
    0x68, 0xff, 0x68, 0xff, 0x68, 0xff, 0x68, 0xff, 0x68, 0xff, 0x68, 0xff, 0x68, 0xf7, 0x68, 0xf7,
    0x68, 0xff, 0x49, 0xff, 0x49, 0xf7, 0xab, 0xde, 0x42, 0x29, 0x00, 0x00, 0x82, 0x10, 0x82, 0x10,
    0x82, 0x08, 0x81, 0x10, 0x41, 0x00, 0xd4, 0x4b, 0x9d, 0x6d, 0x7c, 0x75, 0xb2, 0x53, 0x21, 0x00,
    0xeb, 0x21, 0xdd, 0x7d, 0xbe, 0x75, 0x7d, 0x6d, 0x5b, 0x6d, 0x5a, 0x75, 0x31, 0x43, 0x22, 0x00,
    0xc4, 0x08, 0xe5, 0x10, 0xc3, 0x18, 0xe3, 0x20, 0x04, 0x21, 0x04, 0x21, 0x04, 0x21, 0x04, 0x21,
    0x24, 0x21, 0xc3, 0x18, 0x00, 0x00, 0x10, 0x84, 0x1c, 0xe7, 0x9b, 0xd6, 0xbb, 0xd6, 0xbb, 0xd6,
    0xbb, 0xd6, 0xfc, 0xde, 0x9e, 0xf7, 0x9d, 0xf7, 0xdf, 0xff, 0x39, 0xc6, 0x53, 0x8c, 0x94, 0x94,
    0x73, 0x8c, 0x77, 0xad, 0xbb, 0xd6, 0x9b, 0xd6, 0x9b, 0xd6, 0x5d, 0xef, 0xbe, 0xf7, 0xbe, 0xf7,
    0x9e, 0xf7, 0xeb, 0x5a, 0x45, 0x29, 0x86, 0x31, 0x66, 0x29, 0x4f, 0x21, 0x71, 0x21, 0x71, 0x21,
    0x71, 0x21, 0x72, 0x21, 0x4e, 0x21, 0x25, 0x21, 0x45, 0x29, 0x24, 0x21, 0xaa, 0x52, 0x9e, 0xf7,
    0xdf, 0xff, 0xbf, 0xf7, 0x7e, 0xef, 0xbb, 0xde, 0xbb, 0xd6, 0xdc, 0xde, 0x97, 0xb5, 0x53, 0x8c,
    0x94, 0x94, 0x73, 0x8c, 0x39, 0xc6, 0xbf, 0xf7, 0x9e, 0xf7, 0x9e, 0xf7, 0x1c, 0xe7, 0xbb, 0xd6,
    0xbb, 0xde, 0xbb, 0xde, 0xbb, 0xde, 0xdb, 0xde, 0xbb, 0xde, 0xbb, 0xde, 0xbb, 0xde, 0xbb, 0xde,
    0xbb, 0xd6, 0xfc, 0xe6, 0x35, 0xa5, 0x00, 0x00, 0x83, 0x52, 0x48, 0xff, 0x66, 0xff, 0x66, 0xff,
    0x66, 0xff, 0x66, 0xff, 0x66, 0xff, 0x66, 0xff, 0x26, 0xff, 0xc6, 0xf6, 0x86, 0xf6, 0x63, 0xed,
    0xe3, 0xf4, 0x03, 0xf5, 0x03, 0xf5, 0xe3, 0xf4, 0x04, 0xf5, 0x04, 0xf5, 0x03, 0xf5, 0x03, 0xed,
    0x03, 0xf5, 0x03, 0xf5, 0x03, 0xf5, 0x03, 0xf5, 0x03, 0xf5, 0x03, 0xf5, 0x03, 0xf5, 0x03, 0xf5,
    0x03, 0xf5, 0x03, 0xf5, 0x03, 0xf5, 0x23, 0xf5, 0xa4, 0xed, 0xa3, 0xed, 0xa3, 0xed, 0xa5, 0xf6,
    0x66, 0xff, 0x66, 0xf7, 0x47, 0xff, 0x46, 0xff, 0x26, 0xf7, 0x47, 0xd6, 0x89, 0xbd, 0x8b, 0x73,
    0xd0, 0x73, 0x16, 0x9d, 0xf3, 0x9c, 0x71, 0x8c, 0xcb, 0x7b, 0x46, 0x73, 0x46, 0xbd, 0x65, 0xff,
    0x45, 0xf6, 0x83, 0xf5, 0x42, 0xf5, 0x02, 0xf5, 0x03, 0xf5, 0x03, 0xf5, 0x03, 0xed, 0x05, 0xe5,
    0x82, 0x49, 0x00, 0x00, 0x35, 0xa5, 0xfc, 0xde, 0xbb, 0xd6, 0xbb, 0xde, 0xbb, 0xd6, 0xbb, 0xde,
    0xbb, 0xde, 0xbb, 0xd6, 0xbb, 0xd6, 0xbb, 0xd6, 0xbb, 0xd6, 0xbb, 0xd6, 0x9b, 0xd6, 0xfc, 0xde,
    0x4d, 0x6b, 0x00, 0x00, 0xc3, 0x18, 0x04, 0x21, 0x04, 0x21, 0x04, 0x21, 0xe4, 0x18, 0xe3, 0x20,
    0xc3, 0x18, 0x68, 0x19, 0x0b, 0x22, 0x98, 0x5c, 0xbe, 0x6d, 0x7c, 0x65, 0x3c, 0x65, 0x77, 0x5c,
    0xb2, 0x53, 0xa3, 0x08, 0x61, 0x08, 0x82, 0x08, 0x61, 0x08, 0x87, 0x21, 0x14, 0x5c, 0xa3, 0x08,
    0xc2, 0x10, 0xc3, 0x18, 0x82, 0x10, 0x82, 0x08, 0x81, 0x10, 0x00, 0x00, 0xc1, 0x20, 0xc9, 0xde,
    0x87, 0xff, 0x48, 0xff, 0x48, 0xff, 0x68, 0xf7, 0x68, 0xff, 0x68, 0xff, 0x68, 0xff, 0x68, 0xff,
    0x68, 0xff, 0x68, 0xff, 0x68, 0xf7, 0x68, 0xff, 0x68, 0xff, 0x48, 0xff, 0x87, 0xff, 0x48, 0xef,
    0x42, 0x31, 0x00, 0x00, 0x82, 0x10, 0x82, 0x10, 0x82, 0x08, 0x81, 0x10, 0x41, 0x00, 0xb3, 0x4b,
    0x9d, 0x6d, 0xbe, 0x75, 0xf4, 0x53, 0x00, 0x00, 0x66, 0x21, 0x75, 0x6c, 0x97, 0x64, 0x7d, 0x65,
    0x5d, 0x65, 0xbd, 0x75, 0x16, 0x54, 0x89, 0x21, 0xe4, 0x18, 0xa2, 0x18, 0xe3, 0x18, 0xe3, 0x18,
    0x04, 0x21, 0x04, 0x21, 0x04, 0x21, 0x04, 0x21, 0x04, 0x21, 0xc3, 0x18, 0x00, 0x00, 0x10, 0x84,
    0x1c, 0xe7, 0x9b, 0xd6, 0xbb, 0xd6, 0xbb, 0xd6, 0xbb, 0xd6, 0xfc, 0xde, 0x9e, 0xf7, 0x9d, 0xf7,
    0xdf, 0xff, 0x39, 0xc6, 0x73, 0x8c, 0x94, 0x94, 0x73, 0x8c, 0x97, 0xb5, 0xbb, 0xde, 0x9b, 0xd6,
    0x9b, 0xd6, 0x5d, 0xef, 0xbe, 0xf7, 0xbe, 0xf7, 0x9e, 0xf7, 0xcb, 0x5a, 0x45, 0x29, 0x86, 0x31,
    0x65, 0x29, 0x4f, 0x21, 0x71, 0x21, 0x71, 0x21, 0x71, 0x21, 0x72, 0x21, 0x4e, 0x21, 0x25, 0x21,
    0x45, 0x29, 0x24, 0x21, 0xaa, 0x52, 0x9e, 0xf7, 0xdf, 0xff, 0xdf, 0xff, 0x7e, 0xf7, 0xbb, 0xde,
    0xbb, 0xd6, 0xdc, 0xde, 0x97, 0xb5, 0x53, 0x8c, 0x94, 0x94, 0x73, 0x8c, 0x39, 0xc6, 0xbf, 0xf7,
    0x9e, 0xf7, 0x9e, 0xf7, 0x1c, 0xe7, 0xbb, 0xd6, 0xbb, 0xde, 0xbb, 0xde, 0xbb, 0xde, 0xbb, 0xde,
    0xbb, 0xde, 0xbb, 0xde, 0xbb, 0xde, 0xbb, 0xd6, 0x9b, 0xd6, 0xfc, 0xe6, 0x55, 0xad, 0x00, 0x00,
    0x63, 0x52, 0x48, 0xff, 0x46, 0xff, 0x66, 0xff, 0x66, 0xff, 0x66, 0xff, 0x66, 0xff, 0x67, 0xff,
    0xc6, 0xfe, 0x22, 0xe5, 0x03, 0xed, 0x04, 0xf5, 0xe4, 0xf4, 0xe4, 0xf4, 0x03, 0xf5, 0x04, 0xf5,
    0x03, 0xf5, 0x03, 0xf5, 0x03, 0xf5, 0x03, 0xf5, 0x03, 0xf5, 0x03, 0xf5, 0x03, 0xf5, 0x03, 0xf5,
    0x03, 0xf5, 0x03, 0xf5, 0x03, 0xf5, 0xe3, 0xf4, 0x03, 0xed, 0x23, 0xe5, 0xe2, 0xec, 0x83, 0xed,
    0x07, 0xff, 0x26, 0xff, 0x06, 0xff, 0x26, 0xff, 0x65, 0xf7, 0x85, 0xf7, 0x46, 0xff, 0x88, 0xff,
    0x09, 0xef, 0xc5, 0x6a, 0xa9, 0x5a, 0xd2, 0x94, 0x34, 0x9d, 0x56, 0xad, 0x10, 0x84, 0xa6, 0x31,
    0xa8, 0x9c, 0x8a, 0xff, 0x26, 0xf7, 0x45, 0xff, 0x04, 0xf6, 0x03, 0xed, 0x03, 0xf5, 0x03, 0xf5,
    0x02, 0xed, 0x02, 0xed, 0x02, 0xed, 0x05, 0xe5, 0x82, 0x49, 0x00, 0x00, 0x54, 0xa5, 0xfc, 0xe6,
    0x9b, 0xd6, 0xbb, 0xde, 0xbb, 0xde, 0xbb, 0xde, 0xbb, 0xd6, 0xbb, 0xd6, 0xbb, 0xd6, 0xbb, 0xd6,
    0xbb, 0xd6, 0xbb, 0xd6, 0x9b, 0xd6, 0xdc, 0xde, 0x4d, 0x6b, 0x00, 0x00, 0xc3, 0x18, 0x04, 0x21,
    0x04, 0x21, 0x04, 0x21, 0xe4, 0x18, 0xe2, 0x20, 0x20, 0x00, 0x31, 0x43, 0xdd, 0x7d, 0x7b, 0x75,
    0x7c, 0x65, 0xbd, 0x6d, 0x1a, 0x6d, 0xc5, 0x00, 0x41, 0x00, 0x81, 0x10, 0x82, 0x10, 0x82, 0x10,
    0x20, 0x08, 0x88, 0x21, 0x55, 0x5c, 0x82, 0x00, 0xc2, 0x10, 0xc3, 0x18, 0x82, 0x10, 0x82, 0x08,
    0x81, 0x10, 0x00, 0x00, 0xc1, 0x18, 0xa9, 0xde, 0x88, 0xff, 0x67, 0xff, 0x68, 0xf7, 0x68, 0xf7,
    0x68, 0xff, 0x68, 0xff, 0x68, 0xff, 0x68, 0xff, 0x68, 0xff, 0x68, 0xff, 0x68, 0xff, 0x68, 0xf7,
    0x68, 0xf7, 0x68, 0xf7, 0x68, 0xff, 0x08, 0xe7, 0x42, 0x29, 0x00, 0x00, 0x81, 0x10, 0x82, 0x10,
    0x82, 0x10, 0x81, 0x10, 0x41, 0x00, 0xb3, 0x4b, 0x9d, 0x75, 0xbd, 0x75, 0xd4, 0x4b, 0x20, 0x00,
    0xa2, 0x10, 0x62, 0x00, 0x68, 0x19, 0x7b, 0x75, 0x9d, 0x75, 0x7c, 0x6d, 0x7c, 0x75, 0x9b, 0x7d,
    0xea, 0x29, 0x00, 0x00, 0xc3, 0x18, 0xe3, 0x18, 0x04, 0x19, 0x04, 0x21, 0x04, 0x21, 0x04, 0x21,
    0x04, 0x21, 0xc3, 0x18, 0x00, 0x00, 0x10, 0x84, 0x1c, 0xe7, 0x9b, 0xd6, 0xbb, 0xd6, 0xbb, 0xd6,
    0xbb, 0xd6, 0xfc, 0xde, 0x9e, 0xf7, 0x9d, 0xf7, 0xdf, 0xff, 0x3a, 0xc6, 0x73, 0x8c, 0x94, 0x94,
    0x73, 0x8c, 0x97, 0xad, 0xbb, 0xd6, 0x9b, 0xd6, 0x9b, 0xd6, 0x5d, 0xef, 0xbe, 0xf7, 0xbe, 0xf7,
    0x9e, 0xf7, 0xcb, 0x5a, 0x25, 0x21, 0x86, 0x31, 0x66, 0x29, 0x4f, 0x21, 0x71, 0x21, 0x71, 0x21,
    0x71, 0x21, 0x72, 0x21, 0x4e, 0x21, 0x25, 0x21, 0x45, 0x29, 0x24, 0x21, 0xaa, 0x52, 0x9e, 0xf7,
    0xdf, 0xff, 0xdf, 0xff, 0x7e, 0xf7, 0xbb, 0xde, 0xbb, 0xd6, 0xdc, 0xde, 0x97, 0xb5, 0x73, 0x8c,
    0x94, 0x94, 0x73, 0x8c, 0x39, 0xc6, 0xbf, 0xff, 0x9e, 0xf7, 0x9e, 0xf7, 0x1c, 0xe7, 0xbb, 0xd6,
    0xbb, 0xde, 0xbb, 0xde, 0xbb, 0xde, 0xbb, 0xde, 0xbb, 0xde, 0xbb, 0xde, 0xbb, 0xd6, 0xbb, 0xd6,
    0x9a, 0xd6, 0xfc, 0xe6, 0x55, 0xad, 0x00, 0x00, 0x43, 0x52, 0x28, 0xff, 0x46, 0xff, 0x46, 0xff,
    0x46, 0xff, 0x66, 0xff, 0x06, 0xff, 0x65, 0xf6, 0xe4, 0xf5, 0x03, 0xf5, 0xe3, 0xf4, 0x04, 0xf5,
    0x04, 0xed, 0x04, 0xed, 0x03, 0xed, 0x03, 0xed, 0x03, 0xed, 0x03, 0xed, 0x03, 0xf5, 0x03, 0xf5,
    0x03, 0xf5, 0x03, 0xf5, 0x03, 0xf5, 0x03, 0xf5, 0x03, 0xf5, 0x03, 0xf5, 0x03, 0xf5, 0x03, 0xf5,
    0x84, 0xf5, 0x05, 0xee, 0xe4, 0xf5, 0x44, 0xf6, 0x46, 0xff, 0x65, 0xff, 0x45, 0xff, 0x46, 0xff,
    0x46, 0xff, 0x46, 0xff, 0x27, 0xf7, 0xc7, 0xcd, 0x4a, 0xad, 0xcd, 0x7b, 0xaf, 0x73, 0x91, 0x8c,
    0x51, 0x8c, 0xaf, 0x7b, 0xec, 0x8b, 0x08, 0x84, 0xe7, 0xc5, 0x65, 0xff, 0xc4, 0xf6, 0x44, 0xf6,
    0xa3, 0xed, 0xe3, 0xec, 0x04, 0xf5, 0x03, 0xf5, 0x63, 0xed, 0x83, 0xf5, 0x02, 0xed, 0xe5, 0xe4,
    0x62, 0x49, 0x00, 0x00, 0x34, 0xa5, 0xfc, 0xe6, 0x9b, 0xd6, 0xbb, 0xd6, 0xbb, 0xde, 0xbb, 0xd6,
    0xbb, 0xd6, 0xbb, 0xd6, 0xbb, 0xd6, 0xbb, 0xd6, 0xbb, 0xd6, 0xbb, 0xd6, 0x9b, 0xd6, 0xfc, 0xde,
    0x4d, 0x6b, 0x00, 0x00, 0xc3, 0x18, 0x04, 0x21, 0x04, 0x21, 0x04, 0x21, 0x04, 0x19, 0xa2, 0x18,
    0xe4, 0x10, 0x35, 0x4c, 0xbd, 0x65, 0x7c, 0x75, 0x7c, 0x6d, 0x15, 0x4c, 0x30, 0x43, 0x8c, 0x32,
    0x4a, 0x3a, 0xe4, 0x10, 0x83, 0x08, 0x82, 0x08, 0x20, 0x08, 0xa8, 0x21, 0x96, 0x64, 0xa3, 0x08,
    0xc2, 0x10, 0xc3, 0x18, 0x82, 0x10, 0x62, 0x08, 0x81, 0x10, 0x00, 0x00, 0xc1, 0x20, 0xab, 0xde,
    0x88, 0xff, 0x67, 0xf7, 0x68, 0xf7, 0x68, 0xf7, 0x68, 0xff, 0x68, 0xff, 0x68, 0xff, 0x68, 0xff,
    0x68, 0xff, 0x68, 0xff, 0x68, 0xff, 0x67, 0xf7, 0x68, 0xf7, 0x69, 0xf7, 0x69, 0xff, 0xe8, 0xe6,
    0x21, 0x29, 0x00, 0x00, 0x82, 0x10, 0x82, 0x10, 0x82, 0x08, 0x81, 0x10, 0x41, 0x00, 0xd4, 0x4b,
    0xbd, 0x75, 0xbd, 0x75, 0xb3, 0x4b, 0x20, 0x00, 0x82, 0x08, 0x41, 0x00, 0xe4, 0x08, 0x2f, 0x4b,
    0xf4, 0x53, 0x7c, 0x6d, 0x7c, 0x6d, 0x9d, 0x6d, 0xb4, 0x43, 0xc9, 0x21, 0xa3, 0x10, 0x04, 0x21,
    0xe3, 0x18, 0xe3, 0x18, 0xe3, 0x18, 0xe3, 0x18, 0x04, 0x21, 0xc3, 0x18, 0x00, 0x00, 0x10, 0x84,
    0x1c, 0xe7, 0x9b, 0xd6, 0xbb, 0xd6, 0xbb, 0xd6, 0xbb, 0xd6, 0xfc, 0xde, 0x9e, 0xf7, 0x9d, 0xf7,
    0xdf, 0xff, 0x5a, 0xc6, 0x73, 0x8c, 0x94, 0x94, 0x73, 0x8c, 0x97, 0xb5, 0xbb, 0xd6, 0x9b, 0xd6,
    0x9b, 0xd6, 0x5d, 0xef, 0xbe, 0xf7, 0xbe, 0xf7, 0x9e, 0xf7, 0xcb, 0x5a, 0x24, 0x21, 0x86, 0x31,
    0x66, 0x29, 0x4f, 0x21, 0x71, 0x21, 0x71, 0x21, 0x71, 0x21, 0x72, 0x21, 0x4e, 0x21, 0x45, 0x29,
    0x65, 0x29, 0x24, 0x21, 0xaa, 0x52, 0x9e, 0xf7, 0xdf, 0xff, 0xdf, 0xff, 0x7e, 0xf7, 0xbb, 0xde,
    0xbb, 0xd6, 0xdc, 0xde, 0x97, 0xb5, 0x73, 0x8c, 0x94, 0x94, 0x73, 0x8c, 0x39, 0xc6, 0xdf, 0xff,
    0x9e, 0xf7, 0x9e, 0xf7, 0x1c, 0xe7, 0xbb, 0xd6, 0xbb, 0xde, 0xbb, 0xde, 0xbb, 0xde, 0xbb, 0xde,
    0xbb, 0xde, 0xbb, 0xd6, 0xbb, 0xd6, 0xbb, 0xd6, 0x9b, 0xd6, 0xfc, 0xe6, 0x55, 0xad, 0x00, 0x00,
    0x43, 0x52, 0x48, 0xff, 0x67, 0xff, 0x67, 0xff, 0x66, 0xff, 0x66, 0xff, 0xa5, 0xfe, 0x22, 0xe5,
    0x02, 0xed, 0x03, 0xf5, 0x04, 0xf5, 0x04, 0xed, 0x03, 0xed, 0x04, 0xf5, 0x03, 0xf5, 0x03, 0xf5,
    0x03, 0xf5, 0x03, 0xf5, 0x04, 0xf5, 0x04, 0xf5, 0x04, 0xf5, 0x03, 0xf5, 0x03, 0xf5, 0x03, 0xf5,
    0x03, 0xf5, 0xe3, 0xf4, 0xe3, 0xf4, 0x02, 0xed, 0x86, 0xfe, 0x47, 0xff, 0x26, 0xff, 0x46, 0xff,
    0x66, 0xf7, 0x66, 0xff, 0x65, 0xff, 0x65, 0xff, 0x46, 0xff, 0x86, 0xff, 0x2a, 0xf7, 0x86, 0x7b,
    0xca, 0x5a, 0x35, 0xa5, 0x55, 0xad, 0x72, 0x8c, 0x90, 0x73, 0x66, 0x29, 0x07, 0x84, 0xa9, 0xff,
    0x46, 0xff, 0x46, 0xff, 0x05, 0xf6, 0x02, 0xe5, 0x02, 0xf5, 0xe3, 0xf4, 0x03, 0xed, 0x02, 0xed,
    0xe4, 0xf5, 0x85, 0xfe, 0x42, 0xed, 0x84, 0xe4, 0x62, 0x49, 0x00, 0x00, 0x34, 0xa5, 0xfc, 0xde,
    0xbb, 0xd6, 0xbb, 0xde, 0xbb, 0xd6, 0xbb, 0xd6, 0xbb, 0xd6, 0xbb, 0xd6, 0xbb, 0xd6, 0xbb, 0xde,
    0xbb, 0xd6, 0xbb, 0xd6, 0xbb, 0xd6, 0xfc, 0xde, 0x4d, 0x6b, 0x00, 0x00, 0xc3, 0x18, 0x04, 0x21,
    0x04, 0x21, 0x04, 0x21, 0x04, 0x21, 0x00, 0x00, 0x0a, 0x2a, 0xbc, 0x75, 0x7c, 0x65, 0x9d, 0x75,
    0xbd, 0x7d, 0x89, 0x11, 0x84, 0x00, 0x7a, 0x7d, 0xbc, 0x8d, 0xe5, 0x08, 0x00, 0x00, 0x61, 0x08,
    0x41, 0x00, 0x09, 0x2a, 0xd7, 0x6c, 0xa3, 0x08, 0xa3, 0x10, 0xc3, 0x10, 0x82, 0x10, 0x82, 0x08,
    0x81, 0x10, 0x00, 0x00, 0xe1, 0x20, 0x2c, 0xef, 0xa9, 0xff, 0x48, 0xf7, 0x68, 0xff, 0x68, 0xff,
    0x68, 0xff, 0x68, 0xff, 0x68, 0xff, 0x68, 0xff, 0x68, 0xff, 0x68, 0xff, 0x68, 0xff, 0x68, 0xff,
    0x68, 0xf7, 0x48, 0xf7, 0xa8, 0xff, 0x6a, 0xf7, 0x62, 0x31, 0x00, 0x00, 0x82, 0x10, 0x82, 0x08,
    0x82, 0x08, 0x81, 0x10, 0x41, 0x00, 0xd4, 0x4b, 0xbd, 0x75, 0xbe, 0x75, 0xb3, 0x4b, 0x20, 0x00,
    0x82, 0x08, 0x61, 0x10, 0x83, 0x08, 0x00, 0x00, 0xa9, 0x19, 0xde, 0x75, 0x9d, 0x6d, 0x7c, 0x65,
    0xdd, 0x7d, 0x14, 0x5c, 0x21, 0x00, 0xe3, 0x18, 0x04, 0x21, 0xe3, 0x18, 0xe3, 0x18, 0xe3, 0x18,
    0x04, 0x21, 0xc3, 0x18, 0x00, 0x00, 0x10, 0x84, 0x1c, 0xe7, 0x9b, 0xd6, 0xbb, 0xd6, 0xbb, 0xd6,
    0xbb, 0xd6, 0xfc, 0xde, 0x9e, 0xf7, 0x9d, 0xf7, 0xdf, 0xff, 0x5a, 0xce, 0x73, 0x8c, 0x94, 0x94,
    0x73, 0x8c, 0x97, 0xb5, 0xbb, 0xd6, 0x9b, 0xd6, 0x9b, 0xd6, 0x5d, 0xef, 0xbe, 0xf7, 0xbe, 0xf7,
    0x9e, 0xf7, 0xcb, 0x5a, 0x24, 0x21, 0x85, 0x31, 0x66, 0x29, 0x4f, 0x21, 0x71, 0x21, 0x71, 0x21,
    0x71, 0x21, 0x72, 0x21, 0x4e, 0x21, 0x45, 0x29, 0x65, 0x29, 0x24, 0x21, 0xaa, 0x52, 0x9e, 0xf7,
    0xdf, 0xff, 0xdf, 0xff, 0x9e, 0xf7, 0xbb, 0xde, 0xbb, 0xd6, 0xdc, 0xde, 0x97, 0xb5, 0x73, 0x8c,
    0xb4, 0x94, 0x73, 0x8c, 0x39, 0xc6, 0xdf, 0xff, 0x9e, 0xf7, 0x9e, 0xf7, 0x1c, 0xe7, 0xbb, 0xd6,
    0xbb, 0xde, 0xbb, 0xd6, 0xbb, 0xd6, 0xbb, 0xd6, 0xbb, 0xd6, 0xbb, 0xd6, 0xbb, 0xd6, 0xbb, 0xd6,
    0x9b, 0xd6, 0x1c, 0xe7, 0x35, 0xa5, 0x00, 0x00, 0xe2, 0x51, 0xc6, 0xed, 0x04, 0xfe, 0x65, 0xfe,
    0x65, 0xf6, 0x65, 0xf6, 0xe5, 0xf5, 0x03, 0xed, 0x03, 0xf5, 0x03, 0xf5, 0x03, 0xf5, 0x03, 0xf5,
    0x03, 0xed, 0x03, 0xf5, 0x04, 0xf5, 0x03, 0xf5, 0x03, 0xf5, 0x03, 0xf5, 0x03, 0xf5, 0x04, 0xf5,
    0x04, 0xf5, 0x04, 0xf5, 0x03, 0xf5, 0x03, 0xf5, 0x84, 0xf5, 0xe5, 0xf5, 0xe4, 0xf5, 0x04, 0xf6,
    0x06, 0xff, 0x66, 0xff, 0x45, 0xff, 0x65, 0xff, 0x66, 0xf7, 0x46, 0xff, 0x45, 0xff, 0x66, 0xff,
    0x67, 0xe6, 0x67, 0xbd, 0x4a, 0xad, 0xed, 0x83, 0xd0, 0x7b, 0x72, 0x8c, 0x71, 0x8c, 0xaf, 0x7b,
    0x4d, 0x8c, 0x27, 0x8c, 0x66, 0xbd, 0x85, 0xff, 0xc4, 0xfe, 0x65, 0xf6, 0x84, 0xf5, 0xe3, 0xf4,
    0x03, 0xf5, 0xe3, 0xf4, 0x43, 0xed, 0xa3, 0xf5, 0x05, 0xf6, 0x65, 0xfe, 0xc2, 0xec, 0xc2, 0xdb,
    0x22, 0x41, 0x20, 0x00, 0x34, 0xad, 0xfc, 0xde, 0xbb, 0xd6, 0xbb, 0xd6, 0xbb, 0xd6, 0xbb, 0xd6,
    0xbb, 0xd6, 0xbb, 0xd6, 0xbb, 0xde, 0xbb, 0xd6, 0xbb, 0xd6, 0xbb, 0xd6, 0xbb, 0xd6, 0xfc, 0xde,
    0x4d, 0x6b, 0x00, 0x00, 0xc3, 0x10, 0x04, 0x21, 0xe3, 0x20, 0x04, 0x21, 0xe4, 0x18, 0xa7, 0x21,
    0x72, 0x43, 0x9d, 0x6d, 0x9c, 0x6d, 0x98, 0x5c, 0x92, 0x53, 0x25, 0x19, 0xa3, 0x08, 0x50, 0x4b,
    0xb2, 0x4b, 0x4c, 0x2a, 0xc8, 0x29, 0x82, 0x08, 0x61, 0x08, 0x86, 0x29, 0xb1, 0x53, 0x05, 0x11,
    0xa3, 0x10, 0xc3, 0x10, 0x81, 0x08, 0x82, 0x10, 0x81, 0x10, 0x41, 0x08, 0xc1, 0x18, 0x87, 0x9c,
    0x88, 0xde, 0x68, 0xff, 0x48, 0xff, 0x68, 0xff, 0x68, 0xf7, 0x68, 0xf7, 0x68, 0xf7, 0x68, 0xff,
    0x68, 0xff, 0x68, 0xff, 0x68, 0xff, 0x48, 0xff, 0x48, 0xff, 0x68, 0xff, 0x67, 0xde, 0xa7, 0x9c,
    0x22, 0x29, 0x20, 0x00, 0x81, 0x10, 0x61, 0x08, 0x82, 0x08, 0x82, 0x10, 0x41, 0x08, 0xf4, 0x4b,
    0xbd, 0x75, 0xbe, 0x75, 0xb3, 0x4b, 0x20, 0x00, 0x81, 0x08, 0x61, 0x10, 0x83, 0x08, 0x41, 0x08,
    0x46, 0x19, 0x72, 0x43, 0x98, 0x54, 0xbd, 0x6d, 0xbd, 0x7d, 0xb7, 0x64, 0x4c, 0x2a, 0x04, 0x19,
    0xc3, 0x18, 0xe3, 0x20, 0xe3, 0x18, 0xe3, 0x18, 0x04, 0x19, 0xc2, 0x18, 0x00, 0x00, 0x10, 0x84,
    0x1c, 0xe7, 0x9b, 0xd6, 0xbb, 0xd6, 0xbb, 0xd6, 0xbb, 0xd6, 0xfc, 0xde, 0x9e, 0xf7, 0x9d, 0xf7,
    0xdf, 0xff, 0x5a, 0xce, 0x73, 0x8c, 0x94, 0x94, 0x73, 0x8c, 0x97, 0xb5, 0xbb, 0xde, 0x9b, 0xd6,
    0x9b, 0xd6, 0x5d, 0xef, 0xbe, 0xf7, 0xbe, 0xf7, 0x9e, 0xf7, 0xeb, 0x5a, 0x45, 0x29, 0x85, 0x31,
    0x66, 0x29, 0x4f, 0x21, 0x71, 0x21, 0x71, 0x21, 0x71, 0x21, 0x72, 0x21, 0x4e, 0x21, 0x45, 0x29,
    0x65, 0x29, 0x24, 0x21, 0xaa, 0x52, 0x9e, 0xf7, 0xdf, 0xff, 0xdf, 0xff, 0x9e, 0xf7, 0xbb, 0xde,
    0xbb, 0xd6, 0xdc, 0xde, 0x97, 0xb5, 0x73, 0x8c, 0xb4, 0x94, 0x73, 0x8c, 0x39, 0xc6, 0xdf, 0xff,
    0x9e, 0xf7, 0x9e, 0xf7, 0x1c, 0xe7, 0xbb, 0xd6, 0xbb, 0xde, 0xbb, 0xd6, 0xbb, 0xd6, 0xbb, 0xd6,
    0xbb, 0xd6, 0xbb, 0xd6, 0xbb, 0xd6, 0xbb, 0xd6, 0x9b, 0xd6, 0x1c, 0xe7, 0x35, 0xad, 0x00, 0x00,
    0x41, 0x49, 0x44, 0xec, 0x61, 0xf4, 0x22, 0xed, 0x23, 0xed, 0x02, 0xf5, 0x03, 0xed, 0x04, 0xf5,
    0x03, 0xf5, 0x03, 0xf5, 0x03, 0xf5, 0x03, 0xed, 0x03, 0xed, 0x03, 0xf5, 0x03, 0xf5, 0x03, 0xed,
    0x03, 0xf5, 0x03, 0xf5, 0x03, 0xf5, 0x03, 0xf5, 0x03, 0xf5, 0x03, 0xed, 0x03, 0xed, 0x22, 0xe5,
    0x45, 0xf6, 0x47, 0xff, 0x46, 0xff, 0x66, 0xff, 0x66, 0xff, 0x46, 0xff, 0x46, 0xff, 0x45, 0xff,
    0x46, 0xff, 0x86, 0xff, 0x86, 0xff, 0xa7, 0xff, 0x08, 0xad, 0x68, 0x52, 0x89, 0x4a, 0xb2, 0x94,
    0x54, 0xad, 0x4e, 0x6b, 0xcb, 0x5a, 0x48, 0x4a, 0x28, 0xad, 0xc8, 0xff, 0x47, 0xff, 0x66, 0xff,
    0x24, 0xf6, 0xe2, 0xec, 0x03, 0xed, 0xe3, 0xf4, 0x03, 0xf5, 0x02, 0xed, 0xc4, 0xf5, 0x45, 0xfe,
    0x45, 0xf6, 0x45, 0xfe, 0x61, 0xec, 0x62, 0xe3, 0xe1, 0x40, 0x00, 0x00, 0x55, 0xad, 0x1c, 0xe7,
    0x9b, 0xd6, 0xbb, 0xd6, 0xbb, 0xd6, 0xbb, 0xd6, 0xbb, 0xd6, 0xbb, 0xd6, 0xbb, 0xd6, 0xbb, 0xd6,
    0xbb, 0xd6, 0xbb, 0xd6, 0x9b, 0xd6, 0xfc, 0xde, 0x4d, 0x6b, 0x00, 0x00, 0xc3, 0x10, 0xe3, 0x20,
    0x04, 0x21, 0xe4, 0x18, 0x83, 0x00, 0x55, 0x5c, 0xbd, 0x75, 0x5c, 0x65, 0xdd, 0x75, 0xef, 0x3a,
    0x01, 0x00, 0x82, 0x10, 0x81, 0x08, 0x41, 0x08, 0xa4, 0x08, 0x19, 0x75, 0x19, 0x6d, 0x83, 0x00,
    0x61, 0x00, 0x82, 0x08, 0xe9, 0x29, 0xca, 0x21, 0x83, 0x10, 0xc3, 0x18, 0xa1, 0x10, 0x82, 0x10,
    0x81, 0x10, 0x81, 0x10, 0x82, 0x08, 0x00, 0x00, 0x86, 0x9c, 0xe9, 0xff, 0x48, 0xff, 0x69, 0xff,
    0x68, 0xf7, 0x68, 0xf7, 0x67, 0xff, 0x67, 0xff, 0x68, 0xff, 0x68, 0xff, 0x68, 0xff, 0x68, 0xf7,
    0x48, 0xf7, 0xea, 0xff, 0x66, 0x94, 0x00, 0x00, 0x61, 0x08, 0x82, 0x10, 0x61, 0x10, 0x61, 0x08,
    0x82, 0x08, 0x81, 0x10, 0x41, 0x08, 0xd4, 0x4b, 0xbd, 0x75, 0xbe, 0x75, 0xd3, 0x4b, 0x20, 0x08,
    0x81, 0x08, 0x82, 0x08, 0x82, 0x08, 0x82, 0x10, 0x62, 0x10, 0x00, 0x00, 0x50, 0x43, 0x3f, 0x86,
    0x9c, 0x6d, 0x9d, 0x75, 0x7b, 0x75, 0x06, 0x11, 0x62, 0x08, 0x03, 0x21, 0xe4, 0x18, 0xe3, 0x18,
    0x04, 0x19, 0xc2, 0x18, 0x00, 0x00, 0x10, 0x84, 0x1c, 0xe7, 0x9b, 0xd6, 0xbb, 0xd6, 0xbb, 0xd6,
    0xbb, 0xd6, 0xfc, 0xde, 0x9e, 0xf7, 0x9d, 0xf7, 0xdf, 0xf7, 0x59, 0xc6, 0x73, 0x8c, 0x94, 0x94,
    0x74, 0x8c, 0x97, 0xb5, 0xbb, 0xd6, 0x9b, 0xd6, 0x9b, 0xd6, 0x5d, 0xef, 0xbe, 0xf7, 0xbe, 0xf7,
    0x9e, 0xf7, 0xeb, 0x5a, 0x45, 0x29, 0x86, 0x31, 0x66, 0x29, 0x4f, 0x21, 0x71, 0x21, 0x71, 0x21,
    0x71, 0x21, 0x72, 0x21, 0x4e, 0x21, 0x45, 0x29, 0x65, 0x29, 0x24, 0x21, 0xaa, 0x52, 0xbe, 0xf7,
    0xdf, 0xff, 0xdf, 0xff, 0x9e, 0xf7, 0xdb, 0xde, 0xbb, 0xde, 0xdc, 0xde, 0xb7, 0xb5, 0x73, 0x8c,
    0x94, 0x94, 0x73, 0x8c, 0x39, 0xc6, 0xdf, 0xf7, 0x9e, 0xf7, 0x9e, 0xf7, 0x1c, 0xe7, 0xbb, 0xd6,
    0xbb, 0xde, 0xbb, 0xd6, 0xbb, 0xd6, 0xbb, 0xd6, 0xbb, 0xd6, 0xbb, 0xd6, 0xbb, 0xd6, 0xbb, 0xd6,
    0x9b, 0xd6, 0xdc, 0xde, 0x18, 0xc6, 0xae, 0x73, 0x2a, 0x73, 0x23, 0x72, 0xe3, 0x9a, 0xe4, 0xec,
    0xe3, 0xec, 0x03, 0xf5, 0x03, 0xf5, 0x03, 0xf5, 0x03, 0xf5, 0x03, 0xf5, 0x03, 0xed, 0x03, 0xed,
    0x03, 0xed, 0x03, 0xed, 0x03, 0xed, 0x03, 0xf5, 0x04, 0xf5, 0xe4, 0xf4, 0xe4, 0xf4, 0xe4, 0xec,
    0x64, 0xed, 0x25, 0xf6, 0x45, 0xf6, 0x44, 0xf6, 0xc5, 0xfe, 0x46, 0xff, 0x46, 0xff, 0x46, 0xff,
    0x46, 0xff, 0x66, 0xff, 0x66, 0xf7, 0x26, 0xff, 0x46, 0xff, 0x26, 0xd6, 0xe7, 0xa4, 0x0c, 0xc6,
    0x4f, 0xb5, 0xd0, 0x83, 0xb0, 0x7b, 0xae, 0x73, 0x8e, 0x6b, 0xac, 0x7b, 0x0a, 0xad, 0xe7, 0xac,
    0x47, 0xd6, 0x65, 0xff, 0xc4, 0xf6, 0x24, 0xf6, 0x64, 0xf5, 0x03, 0xed, 0x03, 0xf5, 0xe3, 0xf4,
    0x44, 0xf5, 0xa4, 0xf5, 0x24, 0xf6, 0x64, 0xfe, 0x82, 0xed, 0x23, 0xed, 0xe2, 0x9a, 0xa1, 0x71,
    0xea, 0x7a, 0x8f, 0x7b, 0xf8, 0xbd, 0xdc, 0xde, 0xbb, 0xd6, 0xbb, 0xd6, 0xbb, 0xd6, 0xbb, 0xd6,
    0xbb, 0xd6, 0xbb, 0xd6, 0xbb, 0xd6, 0xbb, 0xd6, 0xbb, 0xd6, 0xbb, 0xd6, 0x9b, 0xd6, 0xfc, 0xde,
    0x4d, 0x6b, 0x00, 0x00, 0xc3, 0x10, 0xe3, 0x20, 0xe3, 0x18, 0x04, 0x19, 0x47, 0x11, 0x76, 0x5c,
    0x9c, 0x75, 0x7d, 0x6d, 0x36, 0x54, 0xa8, 0x21, 0x42, 0x08, 0x82, 0x10, 0x82, 0x08, 0x82, 0x10,
    0xa3, 0x08, 0x6c, 0x32, 0xee, 0x3a, 0x0f, 0x43, 0xce, 0x3a, 0x82, 0x10, 0xc9, 0x29, 0xb3, 0x4b,
    0xc9, 0x21, 0x81, 0x10, 0x81, 0x10, 0x82, 0x08, 0x82, 0x08, 0x81, 0x10, 0x61, 0x08, 0x00, 0x00,
    0xc6, 0x7b, 0xea, 0xe6, 0x28, 0xf7, 0x68, 0xf7, 0x68, 0xf7, 0x68, 0xf7, 0x68, 0xff, 0x69, 0xff,
    0x68, 0xff, 0x69, 0xff, 0x68, 0xf7, 0x47, 0xf7, 0x07, 0xef, 0xc9, 0xde, 0xc6, 0x7b, 0x00, 0x00,
    0x61, 0x08, 0x82, 0x10, 0x82, 0x10, 0x81, 0x10, 0x81, 0x10, 0x81, 0x10, 0x41, 0x00, 0xd3, 0x4b,
    0xbd, 0x75, 0xbd, 0x75, 0xb3, 0x4b, 0x20, 0x00, 0x82, 0x08, 0x82, 0x08, 0x82, 0x08, 0x61, 0x10,
    0x82, 0x10, 0x61, 0x08, 0x0a, 0x2a, 0xb7, 0x64, 0xbd, 0x75, 0x7c, 0x6d, 0x3b, 0x65, 0x0b, 0x22,
    0x26, 0x11, 0x04, 0x21, 0x03, 0x21, 0x03, 0x21, 0x04, 0x21, 0xc3, 0x18, 0x00, 0x00, 0x10, 0x84,
    0x1c, 0xe7, 0x9b, 0xd6, 0xbb, 0xd6, 0xbb, 0xd6, 0xbb, 0xd6, 0xfc, 0xde, 0x9e, 0xf7, 0x9d, 0xf7,
    0xdf, 0xf7, 0x39, 0xc6, 0x73, 0x8c, 0x94, 0x94, 0x94, 0x8c, 0x97, 0xb5, 0xbb, 0xd6, 0x9b, 0xd6,
    0x9b, 0xd6, 0x5d, 0xef, 0xbe, 0xf7, 0xbe, 0xf7, 0x9e, 0xf7, 0xeb, 0x5a, 0x45, 0x29, 0x86, 0x31,
    0x66, 0x29, 0x4f, 0x21, 0x71, 0x21, 0x71, 0x21, 0x71, 0x21, 0x72, 0x21, 0x4e, 0x21, 0x45, 0x29,
    0x65, 0x29, 0x24, 0x21, 0xaa, 0x52, 0xbe, 0xf7, 0xdf, 0xff, 0xdf, 0xff, 0x9e, 0xf7, 0xdb, 0xde,
    0xbb, 0xde, 0xdc, 0xde, 0x97, 0xb5, 0x73, 0x8c, 0x94, 0x94, 0x73, 0x8c, 0x39, 0xc6, 0xbf, 0xf7,
    0x7e, 0xf7, 0x9e, 0xf7, 0x1c, 0xe7, 0xbb, 0xd6, 0xbb, 0xde, 0xbb, 0xde, 0xbb, 0xd6, 0xbb, 0xd6,
    0xbb, 0xd6, 0xbb, 0xd6, 0xbb, 0xd6, 0xbb, 0xd6, 0xbb, 0xd6, 0xbb, 0xd6, 0xbb, 0xd6, 0x5e, 0xef,
    0x14, 0xa5, 0x00, 0x00, 0x42, 0x49, 0xa4, 0xf4, 0x82, 0xec, 0xe4, 0xf4, 0x03, 0xf5, 0x03, 0xf5,
    0x03, 0xf5, 0x03, 0xf5, 0x03, 0xf5, 0x03, 0xf5, 0x03, 0xf5, 0x03, 0xf5, 0x03, 0xf5, 0x03, 0xed,
    0x03, 0xed, 0x03, 0xed, 0x03, 0xed, 0xe2, 0xe4, 0xc3, 0xe5, 0x47, 0xff, 0x47, 0xff, 0x47, 0xff,
    0x46, 0xff, 0x46, 0xff, 0x66, 0xff, 0x66, 0xff, 0x46, 0xff, 0x46, 0xff, 0x87, 0xf7, 0x87, 0xff,
    0xa7, 0xff, 0xa7, 0x9c, 0xc8, 0x39, 0x10, 0x84, 0x55, 0xad, 0x36, 0xad, 0xf5, 0xa4, 0x69, 0x52,
    0xa7, 0x39, 0xc6, 0x83, 0x68, 0xff, 0x67, 0xff, 0x46, 0xff, 0x46, 0xff, 0x44, 0xf6, 0xe2, 0xec,
    0xe4, 0xf4, 0x03, 0xf5, 0xe3, 0xf4, 0xe3, 0xec, 0xa4, 0xf5, 0x65, 0xfe, 0x84, 0xf6, 0xa4, 0xf6,
    0xc2, 0xec, 0xc2, 0xe3, 0x41, 0x41, 0x00, 0x00, 0xd4, 0xa4, 0x5d, 0xef, 0xbb, 0xd6, 0xbb, 0xd6,
    0xbb, 0xd6, 0xbb, 0xd6, 0xbb, 0xd6, 0xbb, 0xd6, 0xbb, 0xde, 0xbb, 0xd6, 0xbb, 0xd6, 0xbb, 0xd6,
    0xbb, 0xd6, 0xbb, 0xd6, 0xbb, 0xd6, 0xfc, 0xde, 0x4d, 0x6b, 0x00, 0x00, 0xc3, 0x10, 0x03, 0x21,
    0x82, 0x08, 0x46, 0x19, 0x93, 0x4b, 0x1a, 0x6d, 0x9c, 0x6d, 0xbe, 0x75, 0xd0, 0x32, 0x41, 0x00,
    0x82, 0x10, 0x82, 0x10, 0x82, 0x10, 0x82, 0x08, 0x82, 0x08, 0x20, 0x00, 0x05, 0x11, 0xdc, 0x85,
    0x7a, 0x7d, 0x62, 0x08, 0x47, 0x11, 0xbc, 0x7d, 0x30, 0x43, 0x20, 0x08, 0xa2, 0x08, 0x81, 0x10,
    0x62, 0x10, 0x62, 0x10, 0x62, 0x08, 0x81, 0x08, 0x60, 0x10, 0xc1, 0x41, 0x4a, 0xef, 0xe9, 0xff,
    0x89, 0xff, 0x68, 0xf7, 0x68, 0xff, 0x49, 0xff, 0x48, 0xff, 0x48, 0xff, 0x88, 0xff, 0xe9, 0xff,
    0xaa, 0xde, 0x61, 0x31, 0x60, 0x10, 0x81, 0x08, 0x81, 0x08, 0x81, 0x10, 0x82, 0x10, 0x82, 0x10,
    0x81, 0x10, 0x61, 0x08, 0x21, 0x00, 0xb3, 0x4b, 0xbd, 0x75, 0x1e, 0x86, 0xd3, 0x53, 0x00, 0x00,
    0x82, 0x08, 0x82, 0x08, 0x82, 0x10, 0x62, 0x10, 0x82, 0x08, 0xa2, 0x10, 0x21, 0x00, 0xce, 0x32,
    0xfe, 0x7d, 0x5c, 0x6d, 0x5c, 0x65, 0x5a, 0x75, 0x2f, 0x43, 0x62, 0x08, 0x03, 0x21, 0x03, 0x21,
    0x04, 0x19, 0xc3, 0x18, 0x00, 0x00, 0x10, 0x84, 0x1c, 0xe7, 0x9b, 0xd6, 0xbb, 0xd6, 0xbb, 0xde,
    0xbb, 0xd6, 0xfc, 0xde, 0x9e, 0xf7, 0x9d, 0xf7, 0xdf, 0xf7, 0x39, 0xc6, 0x73, 0x8c, 0x94, 0x94,
    0x73, 0x8c, 0x97, 0xb5, 0xbb, 0xd6, 0x9b, 0xd6, 0x9b, 0xd6, 0x5d, 0xef, 0xbe, 0xf7, 0xbe, 0xf7,
    0x9e, 0xf7, 0xeb, 0x5a, 0x45, 0x29, 0x86, 0x31, 0x66, 0x29, 0x4f, 0x21, 0x71, 0x21, 0x71, 0x21,
    0x71, 0x21, 0x72, 0x21, 0x4e, 0x21, 0x45, 0x29, 0x65, 0x29, 0x24, 0x21, 0xaa, 0x52, 0xbe, 0xf7,
    0xdf, 0xff, 0xdf, 0xff, 0x7e, 0xef, 0xbb, 0xde, 0xbb, 0xd6, 0xdc, 0xde, 0x97, 0xb5, 0x73, 0x8c,
    0x94, 0x94, 0x73, 0x8c, 0x39, 0xc6, 0xbf, 0xf7, 0x9e, 0xf7, 0x9e, 0xf7, 0xfc, 0xde, 0xbb, 0xd6,
    0xbb, 0xde, 0xbb, 0xde, 0xbb, 0xde, 0xbb, 0xd6, 0xbb, 0xd6, 0xbb, 0xd6, 0xbb, 0xd6, 0xbb, 0xd6,
    0xbb, 0xd6, 0xbb, 0xd6, 0xbb, 0xd6, 0xfc, 0xde, 0xd3, 0x9c, 0x20, 0x00, 0x41, 0x49, 0x62, 0xec,
    0x82, 0xec, 0x02, 0xf5, 0x03, 0xf5, 0x03, 0xf5, 0x03, 0xf5, 0xe4, 0xf4, 0x04, 0xf5, 0x04, 0xf5,
    0xe3, 0xf4, 0xe3, 0xf4, 0x03, 0xf5, 0xe5, 0xf5, 0x45, 0xf6, 0x45, 0xf6, 0x44, 0xf6, 0x24, 0xf6,
    0x84, 0xf6, 0x46, 0xff, 0x46, 0xff, 0x66, 0xff, 0x66, 0xff, 0x46, 0xff, 0x46, 0xff, 0x66, 0xff,
    0x45, 0xff, 0x27, 0xff, 0xc7, 0xc5, 0xe8, 0xa4, 0xe8, 0xac, 0x2b, 0x84, 0xaf, 0x73, 0x92, 0x94,
    0x35, 0xa5, 0x31, 0x84, 0xae, 0x7b, 0xa9, 0x9c, 0xe6, 0xa4, 0xa5, 0xc5, 0x25, 0xf7, 0x04, 0xf7,
    0xa5, 0xfe, 0x05, 0xf6, 0x84, 0xf5, 0xe3, 0xec, 0x03, 0xf5, 0x03, 0xf5, 0x03, 0xf5, 0xe2, 0xec,
    0xc3, 0xf5, 0x84, 0xfe, 0x63, 0xf6, 0x85, 0xfe, 0x83, 0xec, 0x40, 0xdb, 0x41, 0x49, 0x00, 0x00,
    0xf3, 0x9c, 0x1c, 0xd7, 0xbb, 0xd6, 0xbb, 0xd6, 0xbb, 0xd6, 0xbb, 0xd6, 0xbb, 0xd6, 0xbb, 0xd6,
    0xbb, 0xd6, 0xbb, 0xd6, 0xbb, 0xd6, 0xbb, 0xd6, 0xbb, 0xd6, 0xbb, 0xd6, 0xbb, 0xd6, 0xfc, 0xde,
    0x4d, 0x6b, 0x00, 0x00, 0xa2, 0x18, 0x03, 0x19, 0xa2, 0x10, 0x87, 0x21, 0x77, 0x5c, 0x5b, 0x65,
    0x7c, 0x65, 0x9e, 0x75, 0xae, 0x3a, 0x60, 0x08, 0xa1, 0x10, 0x82, 0x10, 0x81, 0x10, 0x81, 0x10,
    0x81, 0x10, 0x81, 0x10, 0xc4, 0x10, 0xad, 0x3a, 0x0f, 0x43, 0x10, 0x3b, 0x92, 0x43, 0xde, 0x75,
    0x0f, 0x43, 0x20, 0x00, 0xa3, 0x08, 0x81, 0x10, 0x61, 0x18, 0x62, 0x10, 0x62, 0x10, 0x82, 0x10,
    0x41, 0x08, 0xc2, 0x18, 0x67, 0x8c, 0xa7, 0x9c, 0xa8, 0xc5, 0x68, 0xf7, 0x48, 0xf7, 0x47, 0xff,
    0x47, 0xf7, 0x88, 0xff, 0xe8, 0xcd, 0x68, 0x9c, 0xc7, 0x7b, 0x61, 0x10, 0x20, 0x00, 0x81, 0x10,
    0x82, 0x10, 0x62, 0x10, 0x82, 0x08, 0x82, 0x10, 0x61, 0x10, 0xe4, 0x10, 0x26, 0x11, 0x15, 0x54,
    0x9c, 0x75, 0x56, 0x5c, 0x8e, 0x32, 0x41, 0x08, 0x82, 0x10, 0x82, 0x08, 0x81, 0x10, 0x81, 0x10,
    0x82, 0x08, 0x82, 0x10, 0x60, 0x10, 0x87, 0x21, 0xd4, 0x4b, 0x5c, 0x6d, 0x7d, 0x6d, 0xdd, 0x75,
    0x92, 0x4b, 0x42, 0x00, 0xe3, 0x18, 0x03, 0x21, 0x04, 0x19, 0xc3, 0x18, 0x00, 0x00, 0x10, 0x84,
    0x1c, 0xe7, 0xbb, 0xd6, 0xbb, 0xd6, 0xbb, 0xde, 0xbb, 0xd6, 0xfc, 0xde, 0x9e, 0xf7, 0x9d, 0xf7,
    0xbf, 0xf7, 0x39, 0xc6, 0x73, 0x8c, 0x94, 0x94, 0x73, 0x8c, 0x77, 0xb5, 0xbb, 0xd6, 0x9b, 0xd6,
    0x9b, 0xd6, 0x5d, 0xef, 0xbe, 0xf7, 0xbe, 0xf7, 0xbe, 0xf7, 0xeb, 0x5a, 0x45, 0x29, 0x86, 0x31,
    0x66, 0x29, 0x4f, 0x21, 0x71, 0x21, 0x71, 0x21, 0x71, 0x21, 0x72, 0x21, 0x4e, 0x21, 0x45, 0x29,
    0x65, 0x29, 0x24, 0x21, 0xaa, 0x52, 0xbe, 0xf7, 0xdf, 0xff, 0xdf, 0xff, 0x7e, 0xef, 0xbb, 0xde,
    0xbb, 0xd6, 0xdc, 0xde, 0x97, 0xb5, 0x73, 0x8c, 0x94, 0x94, 0x73, 0x8c, 0x39, 0xc6, 0xbf, 0xf7,
    0x9e, 0xf7, 0x9e, 0xf7, 0xfc, 0xde, 0xbb, 0xd6, 0xbb, 0xde, 0xbb, 0xde, 0xbb, 0xde, 0xbb, 0xd6,
    0xbb, 0xd6, 0xbb, 0xd6, 0xbb, 0xd6, 0xbb, 0xd6, 0xbb, 0xd6, 0xbb, 0xd6, 0xbb, 0xd6, 0xdc, 0xe6,
    0xb2, 0x9c, 0x01, 0x00, 0x42, 0x49, 0x23, 0xec, 0x62, 0xec, 0x23, 0xed, 0x23, 0xed, 0x04, 0xf5,
    0x04, 0xf5, 0xe4, 0xf4, 0x04, 0xf5, 0x03, 0xed, 0x02, 0xed, 0x02, 0xed, 0x22, 0xe5, 0xc7, 0xfe,
    0x67, 0xff, 0x66, 0xff, 0x46, 0xff, 0x46, 0xff, 0x46, 0xff, 0x46, 0xff, 0x66, 0xff, 0x66, 0xff,
    0x66, 0xff, 0x46, 0xff, 0x46, 0xff, 0x67, 0xff, 0x88, 0xff, 0x6a, 0xff, 0xe8, 0x83, 0x48, 0x4a,
    0x28, 0x4a, 0x8f, 0x73, 0x76, 0xad, 0x35, 0xa5, 0x35, 0xa5, 0xcb, 0x5a, 0x44, 0x4a, 0xaa, 0xde,
    0xa9, 0xff, 0x67, 0xff, 0x45, 0xff, 0xe5, 0xfe, 0x45, 0xfe, 0x03, 0xed, 0xe4, 0xf4, 0x03, 0xed,
    0x03, 0xed, 0x03, 0xf5, 0x03, 0xf5, 0x02, 0xe5, 0x03, 0xf6, 0x64, 0xfe, 0x45, 0xfe, 0x65, 0xfe,
    0x63, 0xe4, 0x42, 0xd3, 0x00, 0x41, 0x00, 0x00, 0xd4, 0xa4, 0x1d, 0xe7, 0x9b, 0xde, 0xbb, 0xd6,
    0xbb, 0xd6, 0xbb, 0xd6, 0xbb, 0xd6, 0xbb, 0xd6, 0xbb, 0xd6, 0xbb, 0xd6, 0xbb, 0xd6, 0xbb, 0xd6,
    0xbb, 0xd6, 0xbb, 0xd6, 0xbb, 0xd6, 0xdc, 0xde, 0x2d, 0x6b, 0x00, 0x00, 0xc2, 0x18, 0x04, 0x21,
    0x82, 0x08, 0xc9, 0x29, 0x5b, 0x6d, 0x7c, 0x65, 0x7c, 0x65, 0xbd, 0x85, 0x4b, 0x32, 0x60, 0x08,
    0xa2, 0x10, 0x82, 0x10, 0x81, 0x10, 0x81, 0x10, 0x82, 0x08, 0x61, 0x10, 0x82, 0x08, 0x41, 0x00,
    0x05, 0x11, 0xbb, 0x85, 0xdd, 0x7d, 0xde, 0x75, 0xae, 0x3a, 0x00, 0x00, 0xa2, 0x10, 0x82, 0x10,
    0x82, 0x10, 0x81, 0x10, 0x81, 0x10, 0x81, 0x08, 0xa1, 0x10, 0x62, 0x08, 0x00, 0x00, 0x00, 0x00,
    0xa4, 0x62, 0xed, 0xff, 0x8b, 0xff, 0xaa, 0xff, 0x8a, 0xf7, 0xec, 0xff, 0xa6, 0x7b, 0x00, 0x00,
    0x20, 0x00, 0x81, 0x10, 0x81, 0x08, 0x62, 0x08, 0x62, 0x10, 0x82, 0x10, 0x82, 0x08, 0x82, 0x08,
    0x61, 0x10, 0x67, 0x19, 0x4c, 0x2a, 0x97, 0x5c, 0x9c, 0x7d, 0x2d, 0x22, 0x07, 0x09, 0x82, 0x10,
    0x82, 0x10, 0x81, 0x08, 0x81, 0x10, 0x82, 0x10, 0x82, 0x10, 0x82, 0x08, 0xa1, 0x18, 0x41, 0x00,
    0x0b, 0x22, 0xbc, 0x7d, 0x7c, 0x6d, 0xbe, 0x75, 0x92, 0x43, 0x41, 0x00, 0xc3, 0x18, 0xe3, 0x18,
    0x25, 0x21, 0xc3, 0x18, 0x00, 0x00, 0x10, 0x84, 0x3d, 0xe7, 0x9b, 0xd6, 0xbb, 0xd6, 0xbb, 0xde,
    0xbb, 0xd6, 0xfc, 0xde, 0x9e, 0xf7, 0x9d, 0xf7, 0xbf, 0xf7, 0x39, 0xc6, 0x73, 0x8c, 0x94, 0x94,
    0x73, 0x8c, 0x77, 0xb5, 0xbb, 0xde, 0x9b, 0xd6, 0x9b, 0xd6, 0x5d, 0xef, 0xbe, 0xf7, 0xbe, 0xf7,
    0xbe, 0xf7, 0xeb, 0x5a, 0x45, 0x29, 0x86, 0x31, 0x66, 0x29, 0x4f, 0x21, 0x71, 0x21, 0x71, 0x21,
    0x71, 0x21, 0x72, 0x21, 0x4e, 0x21, 0x45, 0x29, 0x65, 0x29, 0x24, 0x21, 0xaa, 0x52, 0xbe, 0xf7,
    0xdf, 0xff, 0xdf, 0xff, 0x7e, 0xf7, 0xbb, 0xde, 0xbb, 0xd6, 0xdc, 0xde, 0x97, 0xb5, 0x73, 0x8c,
    0x94, 0x94, 0x73, 0x8c, 0x39, 0xc6, 0xdf, 0xff, 0x9e, 0xf7, 0x9e, 0xf7, 0x1c, 0xe7, 0xbb, 0xd6,
    0xbb, 0xd6, 0xbb, 0xde, 0xbb, 0xde, 0xbb, 0xd6, 0xbb, 0xde, 0xbb, 0xde, 0xbb, 0xde, 0xbb, 0xde,
    0xbb, 0xde, 0xbb, 0xd6, 0x9b, 0xd6, 0xdc, 0xe6, 0xd2, 0x94, 0x21, 0x00, 0x21, 0x41, 0xe2, 0xba,
    0x82, 0xcb, 0x04, 0xf5, 0x23, 0xed, 0x04, 0xf5, 0x04, 0xf5, 0x03, 0xf5, 0x23, 0xed, 0x04, 0xf6,
    0x85, 0xf6, 0x65, 0xf6, 0x85, 0xf6, 0x06, 0xff, 0x46, 0xff, 0x66, 0xff, 0x66, 0xff, 0x66, 0xff,
    0x46, 0xff, 0x46, 0xff, 0x46, 0xff, 0x46, 0xff, 0x46, 0xff, 0x46, 0xff, 0x66, 0xff, 0x68, 0xde,
    0xe8, 0xa4, 0xc9, 0x9c, 0x8f, 0x8c, 0x71, 0x8c, 0x71, 0x8c, 0xcf, 0x73, 0x6e, 0x6b, 0x6e, 0x6b,
    0x4c, 0x6b, 0xa9, 0x9c, 0x87, 0xbd, 0xe7, 0xee, 0x26, 0xff, 0x44, 0xee, 0x04, 0xf6, 0xc3, 0xf5,
    0x84, 0xf5, 0x03, 0xf5, 0x03, 0xf5, 0x03, 0xed, 0x03, 0xed, 0x03, 0xed, 0x64, 0xf5, 0xe4, 0xf5,
    0x43, 0xf6, 0x64, 0xfe, 0x63, 0xed, 0xe2, 0xec, 0xe2, 0x92, 0x22, 0x59, 0x6c, 0x83, 0x92, 0x8c,
    0xf8, 0xc5, 0xdc, 0xde, 0x9b, 0xde, 0xbb, 0xd6, 0xbb, 0xd6, 0xbb, 0xd6, 0xbb, 0xd6, 0xbb, 0xd6,
    0xbb, 0xd6, 0xbb, 0xd6, 0xbb, 0xd6, 0xbb, 0xd6, 0xbb, 0xd6, 0xbb, 0xd6, 0xbb, 0xd6, 0xfc, 0xde,
    0x6d, 0x6b, 0x00, 0x00, 0xc2, 0x18, 0x04, 0x21, 0x82, 0x08, 0xa8, 0x21, 0x5b, 0x6d, 0x9d, 0x6d,
    0x1a, 0x6d, 0xce, 0x3a, 0x66, 0x19, 0xa2, 0x10, 0xa3, 0x18, 0x82, 0x10, 0x81, 0x10, 0x82, 0x10,
    0x82, 0x08, 0x81, 0x10, 0x81, 0x10, 0x82, 0x08, 0xa3, 0x10, 0xea, 0x29, 0xcf, 0x32, 0x5c, 0x6d,
    0x76, 0x64, 0xea, 0x29, 0x61, 0x08, 0x82, 0x10, 0x82, 0x08, 0x82, 0x08, 0x81, 0x10, 0x81, 0x10,
    0x81, 0x08, 0x62, 0x08, 0x61, 0x08, 0x41, 0x08, 0x22, 0x21, 0xa5, 0x52, 0x84, 0x52, 0xa4, 0x5a,
    0x84, 0x52, 0xa5, 0x52, 0x42, 0x29, 0x41, 0x08, 0x82, 0x10, 0x82, 0x08, 0x61, 0x10, 0x62, 0x10,
    0x62, 0x10, 0x81, 0x10, 0x81, 0x08, 0x82, 0x10, 0x40, 0x08, 0xea, 0x21, 0x76, 0x64, 0x3b, 0x6d,
    0x5b, 0x6d, 0x0b, 0x2a, 0xe6, 0x10, 0x61, 0x10, 0x81, 0x10, 0x81, 0x08, 0x81, 0x10, 0x82, 0x10,
    0x81, 0x10, 0xa2, 0x10, 0xa3, 0x10, 0xa1, 0x18, 0x46, 0x19, 0x97, 0x5c, 0xbd, 0x75, 0xbd, 0x75,
    0x71, 0x43, 0x61, 0x08, 0xe3, 0x18, 0xe3, 0x18, 0x82, 0x08, 0x28, 0x4a, 0x92, 0x94, 0xd7, 0xbd,
    0xfc, 0xde, 0xbb, 0xd6, 0xbb, 0xd6, 0xbb, 0xde, 0xbb, 0xd6, 0xfc, 0xde, 0x9e, 0xf7, 0x9d, 0xf7,
    0xdf, 0xf7, 0x39, 0xc6, 0x53, 0x8c, 0x94, 0x94, 0x73, 0x8c, 0x97, 0xb5, 0xbb, 0xde, 0x9b, 0xd6,
    0x9b, 0xd6, 0x5d, 0xef, 0xbe, 0xf7, 0xbe, 0xf7, 0xbe, 0xf7, 0xeb, 0x5a, 0x25, 0x21, 0x85, 0x31,
    0x66, 0x29, 0x4f, 0x21, 0x71, 0x21, 0x71, 0x21, 0x71, 0x21, 0x72, 0x21, 0x4e, 0x21, 0x45, 0x29,
    0x65, 0x29, 0x24, 0x21, 0xaa, 0x52, 0xbe, 0xf7, 0xdf, 0xff, 0xdf, 0xff, 0x9e, 0xf7, 0xbb, 0xde,
    0xbb, 0xd6, 0xdc, 0xde, 0x97, 0xb5, 0x73, 0x8c, 0x94, 0x94, 0x73, 0x8c, 0x39, 0xc6, 0xdf, 0xff,
    0x9e, 0xf7, 0x9e, 0xf7, 0x1c, 0xe7, 0xbb, 0xd6, 0xbb, 0xde, 0xbb, 0xde, 0xbb, 0xde, 0xbb, 0xd6,
    0xbb, 0xde, 0xbb, 0xde, 0xbb, 0xde, 0xbb, 0xde, 0xbb, 0xde, 0xbb, 0xd6, 0xbb, 0xd6, 0x7e, 0xef,
    0x34, 0xa5, 0x00, 0x00, 0x80, 0x30, 0x22, 0x92, 0x22, 0xbb, 0x24, 0xfd, 0x03, 0xf5, 0x03, 0xed,
    0x23, 0xed, 0x03, 0xf5, 0x22, 0xe5, 0xa6, 0xfe, 0x67, 0xff, 0x66, 0xff, 0x67, 0xff, 0x66, 0xff,
    0x46, 0xff, 0x46, 0xff, 0x46, 0xff, 0x67, 0xff, 0x67, 0xff, 0x47, 0xff, 0x46, 0xff, 0x46, 0xff,
    0x86, 0xff, 0x87, 0xff, 0xa7, 0xff, 0xc9, 0xc5, 0xa8, 0x5a, 0xa9, 0x4a, 0xd3, 0x94, 0xb7, 0xbd,
    0xd7, 0xbd, 0xf0, 0x7b, 0xe7, 0x39, 0xe8, 0x39, 0xa5, 0x41, 0xc8, 0xcd, 0xa8, 0xff, 0x47, 0xff,
    0x26, 0xff, 0x83, 0xe5, 0x04, 0xed, 0x02, 0xed, 0xe3, 0xec, 0x03, 0xed, 0x02, 0xed, 0xe3, 0xec,
    0xe3, 0xf4, 0xe2, 0xec, 0xa4, 0xf5, 0x65, 0xfe, 0x64, 0xfe, 0x65, 0xfe, 0xe3, 0xec, 0x02, 0xec,
    0xa2, 0x61, 0x00, 0x00, 0xd4, 0x9c, 0x7e, 0xe7, 0xba, 0xde, 0xbb, 0xd6, 0xbb, 0xd6, 0xbb, 0xd6,
    0xbb, 0xd6, 0xbb, 0xd6, 0xbb, 0xd6, 0xbb, 0xd6, 0xbb, 0xd6, 0xbb, 0xd6, 0xbb, 0xd6, 0xbb, 0xde,
    0xbb, 0xd6, 0xbb, 0xd6, 0x9a, 0xd6, 0xfc, 0xe6, 0x8e, 0x73, 0x00, 0x00, 0xc3, 0x18, 0x04, 0x19,
    0x62, 0x08, 0xa8, 0x21, 0x5b, 0x6d, 0xbd, 0x75, 0x19, 0x6d, 0xe5, 0x08, 0xa2, 0x08, 0xc3, 0x10,
    0x82, 0x18, 0x82, 0x10, 0x82, 0x08, 0x82, 0x10, 0x82, 0x08, 0x82, 0x08, 0x81, 0x10, 0x61, 0x10,
    0x61, 0x10, 0x00, 0x00, 0x47, 0x11, 0x1b, 0x65, 0xfe, 0x7d, 0x92, 0x4b, 0x01, 0x00, 0x81, 0x10,
    0x82, 0x10, 0x82, 0x08, 0x63, 0x08, 0x62, 0x10, 0x82, 0x08, 0x81, 0x08, 0x81, 0x10, 0x82, 0x10,
    0x40, 0x00, 0x00, 0x00, 0x00, 0x00, 0x00, 0x00, 0x00, 0x00, 0x00, 0x00, 0x00, 0x00, 0x81, 0x10,
    0x82, 0x10, 0x62, 0x08, 0x81, 0x10, 0x62, 0x10, 0x62, 0x10, 0x81, 0x10, 0x82, 0x10, 0xa3, 0x08,
    0x21, 0x00, 0x0c, 0x22, 0xbc, 0x7d, 0xbd, 0x75, 0x3a, 0x75, 0xea, 0x29, 0xc4, 0x10, 0x61, 0x10,
    0x81, 0x10, 0x81, 0x08, 0x81, 0x10, 0x82, 0x10, 0x82, 0x10, 0xa2, 0x10, 0xa3, 0x10, 0xc2, 0x18,
    0x62, 0x08, 0x92, 0x43, 0xdd, 0x75, 0xbd, 0x75, 0x72, 0x43, 0x62, 0x08, 0xe3, 0x18, 0x04, 0x21,
    0x00, 0x00, 0x0c, 0x63, 0x9e, 0xf7, 0xdb, 0xde, 0xbb, 0xd6, 0xbb, 0xde, 0xbb, 0xd6, 0xbb, 0xde,
    0xbb, 0xd6, 0xfc, 0xde, 0x9e, 0xf7, 0x9d, 0xf7, 0xdf, 0xff, 0x39, 0xc6, 0x52, 0x8c, 0x94, 0x94,
    0x73, 0x8c, 0x97, 0xb5, 0xdb, 0xde, 0xbb, 0xd6, 0x9b, 0xd6, 0x5d, 0xef, 0xbe, 0xf7, 0xbe, 0xf7,
    0xbe, 0xf7, 0xeb, 0x5a, 0x25, 0x21, 0x85, 0x31, 0x66, 0x29, 0x4f, 0x21, 0x71, 0x21, 0x71, 0x21,
    0x71, 0x21, 0x72, 0x21, 0x4e, 0x21, 0x65, 0x29, 0x65, 0x29, 0x25, 0x21, 0xaa, 0x52, 0xbe, 0xf7,
    0xdf, 0xff, 0xdf, 0xff, 0x9e, 0xf7, 0xbb, 0xde, 0xbb, 0xd6, 0xdc, 0xde, 0x97, 0xb5, 0x73, 0x8c,
    0x94, 0x94, 0x73, 0x8c, 0x39, 0xc6, 0xbf, 0xf7, 0x9e, 0xf7, 0x9e, 0xf7, 0x1c, 0xe7, 0xbb, 0xd6,
    0xbb, 0xde, 0xbb, 0xde, 0xbb, 0xde, 0xbb, 0xd6, 0xbb, 0xd6, 0xbb, 0xd6, 0xbb, 0xd6, 0xbb, 0xd6,
    0xbb, 0xd6, 0xdb, 0xde, 0xf8, 0xbd, 0xae, 0x73, 0x4d, 0x6b, 0x4a, 0x4a, 0xe6, 0x49, 0x21, 0x49,
    0x01, 0x8a, 0xe2, 0xe3, 0xa3, 0xec, 0x45, 0xf6, 0x45, 0xf6, 0x25, 0xf6, 0x44, 0xf6, 0xe7, 0xfe,
    0x46, 0xff, 0x46, 0xff, 0x46, 0xff, 0x66, 0xff, 0x46, 0xff, 0x46, 0xff, 0x47, 0xff, 0x66, 0xff,
    0x66, 0xff, 0x46, 0xf7, 0x46, 0xf7, 0x66, 0xff, 0x46, 0xd6, 0xa8, 0xa4, 0x8b, 0xbd, 0x6f, 0xb5,
    0x0f, 0x84, 0x10, 0x7c, 0xf1, 0x7b, 0x10, 0x84, 0x11, 0x84, 0xec, 0x7b, 0xa8, 0x9c, 0xc8, 0x9c,
    0xc6, 0xa4, 0x66, 0xe6, 0x25, 0xff, 0x64, 0xf6, 0xe4, 0xf5, 0x43, 0xf5, 0x23, 0xf5, 0x03, 0xf5,
    0x03, 0xf5, 0x03, 0xf5, 0x23, 0xf5, 0x43, 0xf5, 0x64, 0xf5, 0xa3, 0xf5, 0x24, 0xee, 0x84, 0xfe,
    0x04, 0xf6, 0xa3, 0xf5, 0x61, 0xec, 0x62, 0xe3, 0x61, 0x61, 0x20, 0x00, 0xb3, 0x9c, 0xfd, 0xde,
    0x9a, 0xd6, 0xbb, 0xd6, 0xbb, 0xde, 0xbb, 0xd6, 0xbb, 0xde, 0xbb, 0xde, 0xbb, 0xd6, 0xbb, 0xd6,
    0xbb, 0xd6, 0xbb, 0xde, 0xbb, 0xd6, 0xbb, 0xde, 0xbb, 0xd6, 0xbb, 0xd6, 0xbb, 0xd6, 0xbb, 0xde,
    0xd7, 0xbd, 0x14, 0xa5, 0x49, 0x4a, 0x21, 0x00, 0x61, 0x08, 0xa9, 0x21, 0x7b, 0x6d, 0xbd, 0x6d,
    0xf9, 0x6c, 0x05, 0x11, 0x82, 0x10, 0xa2, 0x10, 0xa2, 0x18, 0xa2, 0x10, 0xa2, 0x10, 0x82, 0x10,
    0x82, 0x10, 0x82, 0x10, 0x82, 0x10, 0x82, 0x10, 0x82, 0x10, 0x41, 0x08, 0x88, 0x19, 0x9c, 0x75,
    0xd3, 0x53, 0x68, 0x11, 0x71, 0x4b, 0xad, 0x3a, 0x82, 0x08, 0x82, 0x08, 0x82, 0x08, 0x61, 0x10,
    0x81, 0x10, 0x82, 0x08, 0x82, 0x08, 0x82, 0x08, 0x82, 0x10, 0x82, 0x10, 0x81, 0x10, 0x81, 0x10,
    0x82, 0x10, 0x82, 0x10, 0x81, 0x10, 0x82, 0x08, 0x62, 0x10, 0x81, 0x10, 0x82, 0x10, 0x82, 0x08,
    0x81, 0x10, 0x62, 0x10, 0xc4, 0x10, 0x70, 0x53, 0x50, 0x4b, 0x4d, 0x22, 0x5a, 0x6d, 0x9c, 0x75,
    0x5b, 0x75, 0xa8, 0x21, 0x83, 0x08, 0x61, 0x08, 0x81, 0x10, 0x82, 0x10, 0x82, 0x10, 0x82, 0x10,
    0xa2, 0x10, 0xa2, 0x18, 0xa2, 0x18, 0xc3, 0x10, 0x61, 0x10, 0xb2, 0x4b, 0xde, 0x75, 0x9d, 0x75,
    0x92, 0x43, 0x82, 0x10, 0x04, 0x21, 0x04, 0x21, 0x00, 0x00, 0xcb, 0x5a, 0xfc, 0xe6, 0x9b, 0xd6,
    0xbb, 0xde, 0xbb, 0xde, 0xbb, 0xde, 0xbb, 0xde, 0xbb, 0xd6, 0xfc, 0xde, 0x9e, 0xf7, 0x9d, 0xf7,
    0xdf, 0xff, 0x39, 0xc6, 0x52, 0x8c, 0x94, 0x94, 0x73, 0x8c, 0x97, 0xb5, 0xbb, 0xd6, 0xbb, 0xd6,
    0x9b, 0xd6, 0x5d, 0xef, 0xbe, 0xf7, 0xbe, 0xf7, 0x9e, 0xf7, 0xeb, 0x5a, 0x24, 0x21, 0x85, 0x31,
    0x66, 0x29, 0x4f, 0x21, 0x71, 0x21, 0x71, 0x21, 0x71, 0x21, 0x72, 0x21, 0x4e, 0x21, 0x65, 0x29,
    0x65, 0x29, 0x45, 0x29, 0xcb, 0x5a, 0xbe, 0xf7, 0xdf, 0xff, 0xdf, 0xff, 0x9e, 0xf7, 0xdb, 0xde,
    0xbb, 0xd6, 0xdc, 0xde, 0x97, 0xb5, 0x73, 0x8c, 0x94, 0x94, 0x73, 0x8c, 0x39, 0xc6, 0xbf, 0xf7,
    0x9e, 0xf7, 0x9e, 0xf7, 0x1c, 0xe7, 0xbb, 0xd6, 0xbb, 0xde, 0xbb, 0xde, 0xbb, 0xde, 0xbb, 0xd6,
    0xbb, 0xde, 0xbb, 0xde, 0xbb, 0xd6, 0xbb, 0xd6, 0xbb, 0xde, 0x7e, 0xef, 0xb6, 0xb5, 0x00, 0x00,
    0x04, 0x29, 0x92, 0x94, 0x4d, 0x5b, 0x00, 0x00, 0x01, 0x49, 0x22, 0xcb, 0xa2, 0xdc, 0x67, 0xff,
    0x66, 0xff, 0x46, 0xff, 0x66, 0xff, 0x46, 0xff, 0x46, 0xff, 0x46, 0xff, 0x46, 0xff, 0x45, 0xff,
    0x46, 0xff, 0x47, 0xff, 0x47, 0xff, 0x66, 0xf7, 0x85, 0xff, 0x86, 0xff, 0x87, 0xff, 0xc8, 0xff,
    0x08, 0xa5, 0xc8, 0x41, 0x8f, 0x73, 0x36, 0xad, 0x75, 0xad, 0x75, 0xad, 0x2d, 0x63, 0x48, 0x42,
    0xe9, 0x41, 0x67, 0x7b, 0x48, 0xff, 0x87, 0xff, 0x86, 0xff, 0x84, 0xff, 0x26, 0xff, 0x64, 0xe5,
    0xc3, 0xec, 0xe3, 0xf4, 0x03, 0xed, 0x03, 0xf5, 0xe3, 0xf4, 0xe3, 0xec, 0x23, 0xf5, 0x63, 0xf5,
    0x03, 0xf6, 0x83, 0xfe, 0x63, 0xfe, 0x65, 0xfe, 0xa4, 0xf5, 0x03, 0xfd, 0xe1, 0xeb, 0x42, 0xd3,
    0x21, 0x51, 0x00, 0x00, 0xb3, 0x9c, 0x1d, 0xe7, 0xba, 0xd6, 0xbb, 0xd6, 0xbb, 0xd6, 0xbb, 0xde,
    0xbb, 0xde, 0xbb, 0xd6, 0xbb, 0xd6, 0xbb, 0xd6, 0xbb, 0xd6, 0xbb, 0xde, 0xbb, 0xd6, 0xbb, 0xd6,
    0xbb, 0xd6, 0xbb, 0xd6, 0xbb, 0xd6, 0xbb, 0xd6, 0xbb, 0xd6, 0x5e, 0xef, 0x0c, 0x63, 0x00, 0x00,
    0x61, 0x08, 0xc8, 0x29, 0x7b, 0x75, 0xbd, 0x75, 0xd8, 0x64, 0xc4, 0x08, 0x61, 0x10, 0xa3, 0x10,
    0xa3, 0x10, 0xa2, 0x18, 0xa2, 0x10, 0x82, 0x10, 0x82, 0x10, 0x82, 0x10, 0x82, 0x10, 0x82, 0x10,
    0x82, 0x10, 0x40, 0x08, 0x88, 0x19, 0xbc, 0x7d, 0xad, 0x3a, 0xa5, 0x08, 0xdc, 0x7d, 0xf4, 0x4b,
    0x63, 0x00, 0xa2, 0x08, 0x81, 0x10, 0x81, 0x10, 0x82, 0x08, 0x82, 0x08, 0x82, 0x08, 0x81, 0x10,
    0x82, 0x10, 0x82, 0x10, 0x82, 0x10, 0x82, 0x10, 0x82, 0x10, 0x82, 0x10, 0x82, 0x10, 0x82, 0x08,
    0x82, 0x08, 0x81, 0x10, 0x81, 0x10, 0x82, 0x10, 0x61, 0x10, 0x20, 0x08, 0xc4, 0x08, 0xd8, 0x6c,
    0xd7, 0x74, 0x8e, 0x2a, 0x7b, 0x75, 0x7c, 0x75, 0x5b, 0x65, 0x47, 0x11, 0x62, 0x00, 0x82, 0x10,
    0x81, 0x10, 0x81, 0x08, 0x82, 0x10, 0xa2, 0x10, 0xa2, 0x10, 0xa2, 0x10, 0xa2, 0x18, 0xc3, 0x10,
    0x61, 0x08, 0x91, 0x4b, 0xbd, 0x75, 0x9c, 0x6d, 0xb3, 0x43, 0x83, 0x10, 0xe4, 0x20, 0xe4, 0x18,
    0x20, 0x00, 0xeb, 0x5a, 0x1c, 0xe7, 0x9b, 0xd6, 0xbb, 0xde, 0xbb, 0xde, 0xbb, 0xde, 0xbb, 0xde,
    0xbb, 0xd6, 0xfc, 0xde, 0x9e, 0xf7, 0x9d, 0xf7, 0xdf, 0xff, 0x39, 0xc6, 0x52, 0x8c, 0x94, 0x94,
    0x73, 0x8c, 0x97, 0xb5, 0xbb, 0xd6, 0xbb, 0xd6, 0x9b, 0xd6, 0x5d, 0xef, 0xbe, 0xf7, 0xbe, 0xf7,
    0x9e, 0xf7, 0xeb, 0x5a, 0x24, 0x21, 0x86, 0x31, 0x66, 0x29, 0x4f, 0x21, 0x71, 0x21, 0x71, 0x21,
    0x71, 0x21, 0x72, 0x21, 0x4e, 0x21, 0x65, 0x29, 0x65, 0x29, 0x45, 0x29, 0xcb, 0x5a, 0xbe, 0xf7,
    0xdf, 0xff, 0xdf, 0xff, 0x9e, 0xf7, 0xdb, 0xde, 0xbb, 0xd6, 0xdc, 0xde, 0x97, 0xb5, 0x73, 0x8c,
    0x94, 0x94, 0x73, 0x8c, 0x39, 0xc6, 0xbf, 0xf7, 0x9e, 0xf7, 0x9e, 0xf7, 0x1c, 0xe7, 0xbb, 0xd6,
    0xbb, 0xde, 0xbb, 0xde, 0xbb, 0xde, 0xbb, 0xd6, 0xbb, 0xde, 0xbb, 0xde, 0xbb, 0xd6, 0xfc, 0xde,
    0x96, 0xb5, 0xaf, 0x73, 0x8e, 0x73, 0xe7, 0x39, 0x0b, 0x63, 0xd7, 0xbd, 0x10, 0x7c, 0x21, 0x00,
    0xe1, 0x50, 0xc1, 0xc2, 0x22, 0xd4, 0x25, 0xff, 0x05, 0xff, 0x26, 0xff, 0x46, 0xf7, 0x45, 0xff,
    0x47, 0xff, 0x66, 0xf7, 0x66, 0xff, 0x46, 0xff, 0x46, 0xff, 0x46, 0xff, 0x46, 0xff, 0x47, 0xff,
    0xa8, 0xe6, 0x28, 0xb5, 0x29, 0xad, 0x29, 0xa5, 0x8c, 0x94, 0xf0, 0x83, 0x31, 0x84, 0x31, 0x84,
    0x10, 0x7c, 0xce, 0x73, 0x2a, 0x8c, 0xe8, 0xac, 0xc8, 0x9c, 0x87, 0xbd, 0x26, 0xf7, 0x85, 0xfe,
    0x24, 0xf6, 0x23, 0xf6, 0xe4, 0xf5, 0x23, 0xf5, 0xe3, 0xf4, 0x03, 0xf5, 0x03, 0xf5, 0xe3, 0xf4,
    0x03, 0xf5, 0x43, 0xf5, 0xa3, 0xf5, 0xe3, 0xf5, 0x43, 0xf6, 0x84, 0xf6, 0x64, 0xf6, 0x84, 0xfe,
    0x63, 0xed, 0x62, 0xec, 0x02, 0xb3, 0xa2, 0x71, 0xa8, 0x72, 0x2d, 0x6b, 0x76, 0xb5, 0xdc, 0xde,
    0xba, 0xde, 0xbb, 0xd6, 0xbb, 0xd6, 0xbb, 0xde, 0xbb, 0xde, 0xbb, 0xd6, 0xbb, 0xd6, 0xbb, 0xd6,
    0xbb, 0xd6, 0xbb, 0xde, 0xbb, 0xd6, 0xbb, 0xd6, 0xbb, 0xd6, 0xbb, 0xd6, 0xbb, 0xd6, 0xbb, 0xd6,
    0x9b, 0xd6, 0xfd, 0xde, 0x0c, 0x63, 0x00, 0x00, 0x61, 0x08, 0xc8, 0x29, 0x7b, 0x75, 0x9d, 0x6d,
    0xb8, 0x64, 0xc4, 0x08, 0x81, 0x10, 0xc3, 0x10, 0xc3, 0x10, 0xa2, 0x10, 0xa2, 0x10, 0x82, 0x10,
    0x82, 0x10, 0x82, 0x10, 0x82, 0x10, 0x82, 0x10, 0x82, 0x10, 0x40, 0x08, 0x88, 0x19, 0x9d, 0x65,
    0xef, 0x32, 0x62, 0x00, 0x0a, 0x2a, 0x34, 0x54, 0xb7, 0x6c, 0xee, 0x42, 0x40, 0x00, 0x81, 0x08,
    0x82, 0x08, 0x62, 0x10, 0x61, 0x10, 0x81, 0x10, 0x82, 0x10, 0x82, 0x10, 0x82, 0x10, 0x82, 0x10,
    0x82, 0x10, 0x82, 0x10, 0x81, 0x10, 0x61, 0x10, 0x82, 0x10, 0x81, 0x10, 0x81, 0x10, 0x41, 0x00,
    0x0a, 0x2a, 0xd3, 0x53, 0x76, 0x5c, 0x36, 0x54, 0x47, 0x11, 0x8d, 0x2a, 0xbd, 0x75, 0x9d, 0x75,
    0x5b, 0x65, 0x26, 0x11, 0x61, 0x08, 0x82, 0x10, 0x81, 0x10, 0x81, 0x08, 0x82, 0x10, 0xa2, 0x10,
    0xa2, 0x10, 0xa2, 0x10, 0xa2, 0x18, 0xc3, 0x10, 0x42, 0x08, 0x71, 0x43, 0xbd, 0x75, 0xbd, 0x75,
    0xd4, 0x4b, 0x83, 0x10, 0x41, 0x08, 0x24, 0x21, 0x35, 0xa5, 0xd8, 0xbd, 0xbb, 0xde, 0xbb, 0xde,
    0xbb, 0xde, 0xbb, 0xde, 0xbb, 0xde, 0xbb, 0xde, 0xbb, 0xd6, 0xfc, 0xde, 0x9e, 0xf7, 0x9d, 0xf7,
    0xdf, 0xf7, 0x39, 0xc6, 0x52, 0x8c, 0x94, 0x94, 0x73, 0x8c, 0x97, 0xb5, 0xbb, 0xd6, 0xbb, 0xd6,
    0x9b, 0xd6, 0x5d, 0xef, 0xbe, 0xf7, 0xbe, 0xf7, 0x9e, 0xf7, 0xeb, 0x5a, 0x24, 0x21, 0x86, 0x31,
    0x66, 0x29, 0x4f, 0x21, 0x71, 0x21, 0x71, 0x21, 0x71, 0x21, 0x72, 0x21, 0x4e, 0x21, 0x65, 0x29,
    0x65, 0x29, 0x24, 0x21, 0xcb, 0x5a, 0xbe, 0xf7, 0xdf, 0xff, 0xdf, 0xff, 0x9e, 0xf7, 0xdb, 0xde,
    0xbb, 0xd6, 0xdc, 0xde, 0x97, 0xb5, 0x53, 0x8c, 0x94, 0x94, 0x73, 0x8c, 0x39, 0xc6, 0xbf, 0xf7,
    0x9e, 0xf7, 0x9e, 0xf7, 0x1c, 0xe7, 0xbb, 0xd6, 0xbb, 0xde, 0xbb, 0xde, 0xbb, 0xd6, 0xbb, 0xd6,
    0xbb, 0xde, 0xbb, 0xd6, 0xbb, 0xd6, 0x3d, 0xe7, 0x72, 0x8c, 0x00, 0x00, 0xc3, 0x18, 0x8e, 0x6b,
    0xb3, 0x9c, 0x9e, 0xf7, 0xf3, 0x9c, 0x00, 0x00, 0xa0, 0x38, 0x01, 0xa2, 0x83, 0xb3, 0x07, 0xff,
    0xe6, 0xfe, 0x26, 0xff, 0x66, 0xf7, 0x65, 0xff, 0x47, 0xff, 0x66, 0xf7, 0x47, 0xff, 0x46, 0xff,
    0x46, 0xff, 0x87, 0xff, 0x67, 0xff, 0x89, 0xff, 0xeb, 0xc5, 0x68, 0x4a, 0x6a, 0x52, 0x08, 0x42,
    0xce, 0x7b, 0xd7, 0xb5, 0x72, 0x8c, 0xeb, 0x5a, 0x49, 0x42, 0x86, 0x39, 0x07, 0xb5, 0xa7, 0xff,
    0x86, 0xff, 0x87, 0xff, 0x66, 0xff, 0xe3, 0xf5, 0xe3, 0xec, 0xe3, 0xec, 0xc2, 0xec, 0xc3, 0xf4,
    0xe4, 0xf4, 0x03, 0xed, 0x03, 0xed, 0xe2, 0xec, 0x23, 0xed, 0xa4, 0xf5, 0x24, 0xfe, 0x84, 0xfe,
    0x64, 0xfe, 0x85, 0xfe, 0x65, 0xf6, 0x85, 0xfe, 0xe1, 0xe4, 0x81, 0xdb, 0xe2, 0x71, 0x00, 0x00,
    0x10, 0x8c, 0x5e, 0xe7, 0x9b, 0xd6, 0xbb, 0xd6, 0xba, 0xde, 0xbb, 0xde, 0xbb, 0xde, 0xbb, 0xde,
    0xbb, 0xd6, 0xbb, 0xd6, 0xbb, 0xd6, 0xbb, 0xd6, 0xbb, 0xd6, 0xbb, 0xd6, 0xbb, 0xd6, 0xbb, 0xd6,
    0xbb, 0xd6, 0xbb, 0xd6, 0xbb, 0xd6, 0xbb, 0xd6, 0x9b, 0xd6, 0x1d, 0xef, 0x4d, 0x6b, 0x20, 0x00,
    0x81, 0x08, 0xe9, 0x21, 0x5c, 0x6d, 0x9e, 0x6d, 0xf9, 0x64, 0x07, 0x09, 0xa2, 0x10, 0xc2, 0x18,
    0xc3, 0x10, 0xa2, 0x10, 0xa2, 0x10, 0x82, 0x10, 0x82, 0x10, 0x82, 0x10, 0x82, 0x10, 0x82, 0x10,
    0x82, 0x10, 0x40, 0x08, 0x47, 0x19, 0x5b, 0x6d, 0xef, 0x3a, 0x20, 0x00, 0x62, 0x08, 0x54, 0x64,
    0x5f, 0x96, 0xf4, 0x53, 0x42, 0x00, 0x82, 0x08, 0x82, 0x10, 0x62, 0x10, 0x83, 0x08, 0x82, 0x08,
    0x82, 0x10, 0x82, 0x10, 0x82, 0x10, 0x82, 0x10, 0x82, 0x10, 0x82, 0x10, 0x82, 0x10, 0x82, 0x08,
    0x81, 0x10, 0x61, 0x10, 0x82, 0x10, 0x63, 0x00, 0x10, 0x3b, 0x1e, 0x86, 0xfe, 0x7d, 0x14, 0x5c,
    0x00, 0x00, 0x4d, 0x2a, 0xbd, 0x75, 0x9c, 0x75, 0x5b, 0x75, 0x26, 0x11, 0x41, 0x08, 0x82, 0x10,
    0x81, 0x10, 0x82, 0x10, 0x82, 0x10, 0xa2, 0x10, 0xa2, 0x10, 0xa2, 0x10, 0xa2, 0x10, 0xc2, 0x10,
    0x42, 0x00, 0x72, 0x3b, 0xbd, 0x75, 0xbd, 0x75, 0xd3, 0x4b, 0x83, 0x10, 0x21, 0x00, 0x45, 0x29,
    0xbb, 0xd6, 0xdc, 0xde, 0xbb, 0xd6, 0xbb, 0xde, 0xbb, 0xde, 0xbb, 0xde, 0xbb, 0xde, 0xbb, 0xde,
    0xbb, 0xd6, 0xfc, 0xde, 0x9e, 0xf7, 0x9d, 0xf7, 0xbf, 0xf7, 0x39, 0xc6, 0x53, 0x8c, 0x94, 0x94,
    0x73, 0x8c, 0x97, 0xb5, 0xbb, 0xd6, 0xbb, 0xd6, 0x9b, 0xd6, 0x5d, 0xef, 0xbe, 0xf7, 0xbe, 0xf7,
    0x9e, 0xf7, 0xeb, 0x5a, 0x45, 0x29, 0x86, 0x31, 0x66, 0x29, 0x4f, 0x21, 0x71, 0x21, 0x71, 0x21,
    0x71, 0x21, 0x72, 0x21, 0x4e, 0x21, 0x65, 0x29, 0x65, 0x29, 0x24, 0x21, 0xaa, 0x52, 0xbe, 0xf7,
    0xdf, 0xff, 0xdf, 0xff, 0x9e, 0xf7, 0xdb, 0xde, 0xbb, 0xd6, 0xdc, 0xde, 0x97, 0xb5, 0x53, 0x8c,
    0x94, 0x94, 0x73, 0x8c, 0x39, 0xc6, 0xbf, 0xf7, 0x9e, 0xf7, 0x9e, 0xf7, 0x1c, 0xe7, 0xbb, 0xd6,
    0xbb, 0xde, 0xbb, 0xde, 0xbb, 0xd6, 0xbb, 0xd6, 0xbb, 0xde, 0xbb, 0xde, 0xbb, 0xd6, 0xbb, 0xde,
    0x0c, 0x63, 0x20, 0x00, 0xab, 0x52, 0x55, 0xad, 0x76, 0xb5, 0xd8, 0xbd, 0x34, 0xa5, 0x91, 0x94,
    0x6c, 0x7b, 0xe2, 0x38, 0x22, 0x7a, 0x04, 0xe5, 0x43, 0xdd, 0x26, 0xff, 0x65, 0xff, 0x45, 0xff,
    0x45, 0xff, 0x46, 0xff, 0x46, 0xff, 0x45, 0xff, 0x08, 0xf7, 0x28, 0xb5, 0xc8, 0x9c, 0xea, 0xa4,
    0xac, 0x9c, 0xef, 0x83, 0xf1, 0x83, 0xf0, 0x7b, 0xaf, 0x73, 0x6e, 0x6b, 0x6c, 0x73, 0xeb, 0xa4,
    0x48, 0xb5, 0xa7, 0xac, 0x46, 0xde, 0x65, 0xf7, 0x45, 0xf7, 0x85, 0xfe, 0x04, 0xf6, 0x83, 0xed,
    0x03, 0xed, 0x03, 0xed, 0x03, 0xed, 0x03, 0xf5, 0x03, 0xed, 0x02, 0xed, 0x22, 0xed, 0xc4, 0xf5,
    0xe4, 0xf5, 0x24, 0xfe, 0x44, 0xfe, 0x64, 0xfe, 0x63, 0xfe, 0x84, 0xfe, 0xe4, 0xf5, 0x63, 0xf5,
    0x21, 0xe4, 0x01, 0xd3, 0xa2, 0x71, 0x20, 0x00, 0x31, 0x7c, 0xfd, 0xde, 0x9b, 0xd6, 0xbb, 0xd6,
    0xbb, 0xde, 0xbb, 0xde, 0xbb, 0xde, 0xbb, 0xd6, 0xbb, 0xd6, 0xbb, 0xd6, 0xbb, 0xd6, 0xbb, 0xd6,
    0xbb, 0xd6, 0xbb, 0xd6, 0xbb, 0xd6, 0xbb, 0xd6, 0xbb, 0xd6, 0xbb, 0xd6, 0xbb, 0xd6, 0xbb, 0xde,
    0xbb, 0xd6, 0xbb, 0xde, 0x18, 0xc6, 0x34, 0xa5, 0x45, 0x21, 0xa9, 0x21, 0x7c, 0x6d, 0x9d, 0x6d,
    0x5b, 0x6d, 0x96, 0x64, 0x09, 0x32, 0x82, 0x10, 0xc3, 0x10, 0xa2, 0x10, 0xa2, 0x10, 0xa2, 0x10,
    0xa2, 0x10, 0x82, 0x10, 0x82, 0x10, 0x82, 0x10, 0x82, 0x10, 0x40, 0x08, 0x46, 0x19, 0x7b, 0x6d,
    0x30, 0x43, 0x62, 0x08, 0xc3, 0x10, 0x88, 0x21, 0xa9, 0x19, 0xb3, 0x4b, 0xd9, 0x64, 0x34, 0x5c,
    0xa3, 0x18, 0x21, 0x10, 0x82, 0x10, 0x61, 0x10, 0x82, 0x10, 0x82, 0x10, 0x82, 0x10, 0x82, 0x10,
    0x82, 0x10, 0x82, 0x10, 0x82, 0x10, 0x61, 0x08, 0x82, 0x08, 0x6c, 0x32, 0x36, 0x54, 0xd8, 0x5c,
    0x35, 0x5c, 0xea, 0x29, 0xa8, 0x21, 0x25, 0x19, 0xa8, 0x21, 0xb9, 0x5c, 0x9d, 0x65, 0xbc, 0x75,
    0x5b, 0x7d, 0x46, 0x19, 0x61, 0x08, 0x81, 0x10, 0x82, 0x10, 0x82, 0x10, 0xa2, 0x10, 0xa2, 0x10,
    0xa2, 0x10, 0xa2, 0x10, 0xa3, 0x10, 0x81, 0x10, 0xea, 0x29, 0x1a, 0x6d, 0x7c, 0x6d, 0x9c, 0x75,
    0x92, 0x4b, 0xa3, 0x10, 0x00, 0x00, 0x04, 0x19, 0x7a, 0xce, 0xbb, 0xd6, 0xbb, 0xd6, 0xbb, 0xde,
    0xbb, 0xde, 0xbb, 0xde, 0xbb, 0xde, 0xbb, 0xde, 0xbb, 0xd6, 0xfc, 0xde, 0x9e, 0xf7, 0x9d, 0xf7,
    0xdf, 0xff, 0x39, 0xc6, 0x53, 0x8c, 0x94, 0x94, 0x73, 0x8c, 0x77, 0xad, 0xbb, 0xd6, 0xbb, 0xd6,
    0x9b, 0xd6, 0x5d, 0xef, 0xbe, 0xf7, 0xbe, 0xf7, 0xbe, 0xf7, 0xeb, 0x5a, 0x45, 0x29, 0x86, 0x31,
    0x66, 0x29, 0x4f, 0x21, 0x71, 0x21, 0x71, 0x21, 0x71, 0x21, 0x72, 0x21, 0x4e, 0x21, 0x65, 0x29,
    0x65, 0x29, 0x24, 0x21, 0xaa, 0x52, 0xbe, 0xf7, 0xdf, 0xff, 0xdf, 0xff, 0x9e, 0xf7, 0xdb, 0xde,
    0xbb, 0xd6, 0xdc, 0xde, 0x97, 0xb5, 0x53, 0x8c, 0x94, 0x94, 0x73, 0x8c, 0x39, 0xc6, 0xbf, 0xf7,
    0x9e, 0xf7, 0x9e, 0xf7, 0x1c, 0xe7, 0xbb, 0xd6, 0xbb, 0xde, 0xbb, 0xde, 0xbb, 0xd6, 0xbb, 0xd6,
    0xbb, 0xde, 0xbb, 0xd6, 0x1c, 0xe7, 0x1d, 0xe7, 0xe8, 0x41, 0x00, 0x00, 0xef, 0x7b, 0xfb, 0xde,
    0x18, 0xc6, 0x72, 0x8c, 0x34, 0xad, 0xff, 0xff, 0x55, 0xad, 0x00, 0x00, 0xc1, 0x40, 0xe4, 0xdb,
    0x43, 0xd4, 0x27, 0xff, 0x46, 0xff, 0x45, 0xff, 0x45, 0xff, 0x87, 0xff, 0x88, 0xff, 0x87, 0xff,
    0x0b, 0xef, 0x48, 0x6b, 0x68, 0x4a, 0xaa, 0x52, 0xae, 0x73, 0x75, 0xad, 0x54, 0xa5, 0x95, 0xad,
    0x8d, 0x6b, 0x65, 0x29, 0x66, 0x4a, 0x69, 0xd6, 0xc8, 0xff, 0x67, 0xff, 0x66, 0xff, 0x26, 0xff,
    0x47, 0xff, 0x04, 0xf6, 0xc3, 0xec, 0x03, 0xf5, 0x02, 0xf5, 0xe3, 0xf4, 0xe3, 0xec, 0x03, 0xed,
    0xe2, 0xf4, 0xe2, 0xec, 0x42, 0xed, 0x65, 0xfe, 0x84, 0xfe, 0x84, 0xfe, 0x84, 0xfe, 0x65, 0xfe,
    0x64, 0xfe, 0x85, 0xfe, 0x83, 0xf5, 0x82, 0xec, 0xc3, 0xe3, 0xe3, 0xd2, 0x41, 0x61, 0x00, 0x00,
    0xef, 0x7b, 0x1c, 0xe7, 0x9b, 0xd6, 0xbb, 0xd6, 0xbb, 0xd6, 0xbb, 0xde, 0xbb, 0xde, 0xbb, 0xde,
    0xbb, 0xd6, 0xbb, 0xd6, 0xbb, 0xd6, 0xbb, 0xd6, 0xbb, 0xd6, 0xbb, 0xd6, 0xbb, 0xd6, 0xbb, 0xd6,
    0xbb, 0xd6, 0xbb, 0xd6, 0xbb, 0xde, 0xbb, 0xde, 0xbb, 0xde, 0x9b, 0xd6, 0xdb, 0xde, 0x9b, 0xd6,
    0x45, 0x29, 0x87, 0x21, 0x5a, 0x75, 0x9c, 0x75, 0x9c, 0x6d, 0x1e, 0x86, 0xae, 0x3a, 0x61, 0x08,
    0xc2, 0x18, 0xa2, 0x10, 0xc3, 0x10, 0xa2, 0x10, 0xa2, 0x10, 0x82, 0x10, 0x82, 0x10, 0x82, 0x10,
    0x82, 0x10, 0x41, 0x08, 0x88, 0x21, 0x7b, 0x7d, 0x0f, 0x3b, 0x63, 0x08, 0xa2, 0x10, 0x61, 0x08,
    0x21, 0x00, 0x50, 0x43, 0x7b, 0x75, 0xd9, 0x6c, 0xca, 0x19, 0x25, 0x19, 0x82, 0x10, 0x82, 0x10,
    0x82, 0x10, 0x82, 0x10, 0x82, 0x10, 0x82, 0x10, 0x82, 0x10, 0x82, 0x10, 0x82, 0x10, 0xa3, 0x10,
    0x06, 0x11, 0x93, 0x43, 0x3b, 0x6d, 0x5a, 0x75, 0xf3, 0x5b, 0x83, 0x00, 0x61, 0x10, 0x40, 0x08,
    0x8d, 0x2a, 0xbd, 0x75, 0x7c, 0x6d, 0x9c, 0x6d, 0x5a, 0x75, 0x46, 0x19, 0x61, 0x08, 0x81, 0x10,
    0x82, 0x10, 0xa2, 0x10, 0xa2, 0x10, 0xa2, 0x10, 0xa3, 0x10, 0xa2, 0x10, 0xc3, 0x18, 0xa2, 0x10,
    0xce, 0x42, 0xdd, 0x7d, 0x5c, 0x65, 0x9d, 0x75, 0x72, 0x43, 0x62, 0x08, 0xec, 0x62, 0x31, 0x84,
    0x9b, 0xd6, 0xbb, 0xde, 0xbb, 0xde, 0xbb, 0xde, 0xbb, 0xde, 0xbb, 0xde, 0xbb, 0xde, 0xbb, 0xde,
    0xbb, 0xd6, 0xfc, 0xde, 0x9e, 0xf7, 0x9d, 0xf7, 0xdf, 0xff, 0x39, 0xc6, 0x53, 0x8c, 0x94, 0x94,
    0x73, 0x8c, 0x77, 0xad, 0xbb, 0xd6, 0xbb, 0xd6, 0x9b, 0xd6, 0x5d, 0xef, 0xbe, 0xf7, 0xbe, 0xf7,
    0xbe, 0xf7, 0xeb, 0x5a, 0x45, 0x29, 0x86, 0x31, 0x66, 0x29, 0x4f, 0x21, 0x71, 0x21, 0x71, 0x21,
    0x71, 0x21, 0x72, 0x21, 0x4e, 0x21, 0x65, 0x29, 0x65, 0x29, 0x24, 0x21, 0xaa, 0x52, 0xbe, 0xf7,
    0xdf, 0xff, 0xdf, 0xff, 0x9e, 0xf7, 0xdb, 0xde, 0xbb, 0xd6, 0xdc, 0xde, 0x97, 0xb5, 0x53, 0x8c,
    0x94, 0x94, 0x73, 0x8c, 0x39, 0xc6, 0xbf, 0xf7, 0x9e, 0xf7, 0x9e, 0xf7, 0x1c, 0xe7, 0xbb, 0xd6,
    0xbb, 0xde, 0xbb, 0xde, 0xbb, 0xd6, 0xbb, 0xd6, 0x9b, 0xd6, 0xdb, 0xde, 0x92, 0x94, 0xec, 0x5a,
    0xeb, 0x5a, 0x69, 0x4a, 0x14, 0xa5, 0x9d, 0xef, 0x18, 0xc6, 0x72, 0x94, 0x58, 0xce, 0xdf, 0xff,
    0xba, 0xd6, 0x92, 0x9c, 0x0d, 0x8c, 0xa2, 0x59, 0x42, 0x7a, 0xa4, 0xed, 0xc3, 0xed, 0xc6, 0xf6,
    0x27, 0xff, 0x47, 0xb5, 0x89, 0x94, 0x2a, 0xad, 0x6d, 0xb5, 0x91, 0x94, 0x30, 0x84, 0x72, 0x8c,
    0x32, 0x84, 0xaf, 0x73, 0x8d, 0x6b, 0x8e, 0x6b, 0x4b, 0x8c, 0x08, 0xad, 0x68, 0xbd, 0xe7, 0xf6,
    0xc4, 0xf6, 0x64, 0xf6, 0x04, 0xf6, 0xe4, 0xf5, 0xc4, 0xf5, 0x63, 0xed, 0xe3, 0xf4, 0x03, 0xf5,
    0x03, 0xed, 0xe3, 0xf4, 0xe3, 0xec, 0x03, 0xed, 0x03, 0xf5, 0xa4, 0xfd, 0x04, 0xf6, 0x64, 0xfe,
    0x64, 0xfe, 0x83, 0xf6, 0x43, 0xfe, 0xc3, 0xf5, 0x84, 0xed, 0x83, 0xed, 0x41, 0xdc, 0x61, 0xdb,
    0x63, 0x9a, 0x01, 0x51, 0xa8, 0x72, 0xef, 0x7b, 0x75, 0xb5, 0xdb, 0xe6, 0xbb, 0xd6, 0xbb, 0xd6,
    0xbb, 0xd6, 0xbb, 0xd6, 0xbb, 0xd6, 0xbb, 0xde, 0xbb, 0xd6, 0xbb, 0xd6, 0xbb, 0xd6, 0xbb, 0xd6,
    0xbb, 0xd6, 0xbb, 0xd6, 0xbb, 0xd6, 0xbb, 0xd6, 0xbb, 0xd6, 0xbb, 0xd6, 0xbb, 0xd6, 0xbb, 0xd6,
    0xbb, 0xd6, 0xbb, 0xd6, 0xdb, 0xde, 0x5a, 0xce, 0x24, 0x29, 0x42, 0x00, 0xa9, 0x19, 0x97, 0x64,
    0xbd, 0x75, 0xde, 0x75, 0x6d, 0x2a, 0x00, 0x00, 0xc2, 0x18, 0xc3, 0x10, 0xa3, 0x10, 0xa2, 0x10,
    0xa3, 0x10, 0xa2, 0x10, 0xa2, 0x10, 0x82, 0x10, 0x82, 0x10, 0x61, 0x08, 0xe4, 0x10, 0x67, 0x19,
    0xae, 0x32, 0x76, 0x5c, 0x46, 0x21, 0x40, 0x10, 0x82, 0x08, 0xe3, 0x10, 0x05, 0x11, 0xb3, 0x53,
    0xfe, 0x7d, 0x76, 0x5c, 0x83, 0x00, 0x41, 0x00, 0xa2, 0x10, 0x82, 0x10, 0x82, 0x10, 0x61, 0x08,
    0x61, 0x08, 0x41, 0x08, 0x83, 0x00, 0x15, 0x4c, 0x1a, 0x65, 0x9c, 0x75, 0xef, 0x42, 0x25, 0x19,
    0xe5, 0x10, 0x83, 0x00, 0x82, 0x08, 0xa3, 0x08, 0xf4, 0x4b, 0xdd, 0x75, 0x9c, 0x75, 0x52, 0x43,
    0x67, 0x19, 0xa3, 0x08, 0x62, 0x08, 0x81, 0x10, 0x82, 0x10, 0xa2, 0x10, 0xa2, 0x10, 0xa2, 0x10,
    0xa2, 0x18, 0xc3, 0x18, 0xa3, 0x10, 0x00, 0x00, 0x8e, 0x32, 0xbd, 0x75, 0x5c, 0x65, 0x11, 0x33,
    0x48, 0x11, 0x21, 0x08, 0xf7, 0xbd, 0x5d, 0xef, 0xbb, 0xd6, 0xbb, 0xde, 0xbb, 0xde, 0xbb, 0xde,
    0xbb, 0xde, 0xbb, 0xde, 0xbb, 0xde, 0xbb, 0xde, 0xbb, 0xd6, 0xfc, 0xde, 0x9e, 0xf7, 0x9d, 0xf7,
    0xdf, 0xff, 0x39, 0xc6, 0x53, 0x8c, 0x94, 0x94, 0x73, 0x8c, 0x97, 0xb5, 0xdb, 0xde, 0xbb, 0xd6,
    0xbb, 0xd6, 0x5d, 0xef, 0xbe, 0xf7, 0xbe, 0xf7, 0xbe, 0xf7, 0xeb, 0x5a, 0x45, 0x29, 0x86, 0x31,
    0x66, 0x29, 0x4f, 0x21, 0x71, 0x21, 0x71, 0x21, 0x71, 0x21, 0x72, 0x21, 0x4e, 0x21, 0x45, 0x29,
    0x65, 0x29, 0x24, 0x21, 0xaa, 0x52, 0xbe, 0xf7, 0xdf, 0xff, 0xdf, 0xff, 0x9e, 0xf7, 0xdb, 0xde,
    0xbb, 0xde, 0xdc, 0xde, 0x97, 0xb5, 0x73, 0x8c, 0x94, 0x94, 0x73, 0x8c, 0x39, 0xc6, 0xbf, 0xf7,
    0x7e, 0xf7, 0x9e, 0xf7, 0xfc, 0xde, 0xbb, 0xd6, 0xbb, 0xde, 0xbb, 0xde, 0xbb, 0xd6, 0xbb, 0xd6,
    0xfc, 0xde, 0x9e, 0xf7, 0x8a, 0x4a, 0x00, 0x00, 0xec, 0x5a, 0x51, 0x8c, 0x79, 0xce, 0xff, 0xff,
    0x39, 0xc6, 0xb3, 0x94, 0xff, 0xff, 0xff, 0xff, 0xff, 0xff, 0xff, 0xff, 0xd6, 0xbd, 0x00, 0x00,
    0x40, 0x20, 0x03, 0xed, 0x23, 0xf5, 0xa5, 0xfe, 0x08, 0xff, 0x68, 0x73, 0x2a, 0x42, 0xaf, 0x73,
    0x31, 0x8c, 0x36, 0xad, 0x56, 0xad, 0x75, 0xad, 0x30, 0x8c, 0xe7, 0x39, 0x08, 0x3a, 0xc6, 0x39,
    0xc8, 0xa4, 0xa9, 0xff, 0x47, 0xff, 0x26, 0xff, 0x84, 0xf6, 0x04, 0xfe, 0x43, 0xed, 0xe3, 0xec,
    0xe3, 0xec, 0xe3, 0xec, 0x03, 0xf5, 0xe3, 0xec, 0xe3, 0xf4, 0xe3, 0xf4, 0xe3, 0xec, 0x02, 0xed,
    0x42, 0xed, 0x64, 0xfe, 0xa4, 0xf6, 0x84, 0xfe, 0x64, 0xfe, 0xa4, 0xfe, 0x03, 0xf6, 0x23, 0xf5,
    0xe2, 0xec, 0xa2, 0xec, 0x81, 0xe3, 0x01, 0xdb, 0x41, 0x69, 0x00, 0x00, 0xaf, 0x7b, 0x5e, 0xef,
    0xbb, 0xde, 0xbb, 0xde, 0xbb, 0xde, 0xbb, 0xde, 0xbb, 0xde, 0xbb, 0xd6, 0xbb, 0xd6, 0xbb, 0xd6,
    0xbb, 0xd6, 0xbb, 0xd6, 0xbb, 0xd6, 0xbb, 0xde, 0xbb, 0xde, 0xbb, 0xd6, 0xbb, 0xd6, 0xbb, 0xd6,
    0xbb, 0xde, 0xbb, 0xd6, 0xbb, 0xde, 0xbb, 0xde, 0xbb, 0xde, 0x9b, 0xde, 0xbc, 0xd6, 0x9b, 0xd6,
    0x75, 0xb5, 0x8e, 0x73, 0x42, 0x00, 0x34, 0x5c, 0xde, 0x7d, 0xbd, 0x6d, 0x77, 0x5c, 0x4c, 0x32,
    0x82, 0x08, 0xa2, 0x10, 0xc2, 0x18, 0xa2, 0x18, 0xa2, 0x10, 0xa2, 0x10, 0xa2, 0x10, 0x82, 0x10,
    0x82, 0x10, 0x81, 0x10, 0x82, 0x10, 0x01, 0x00, 0x0f, 0x3b, 0x1e, 0x7e, 0x88, 0x19, 0x20, 0x08,
    0x82, 0x08, 0x82, 0x10, 0x61, 0x08, 0xad, 0x3a, 0xf5, 0x53, 0x51, 0x43, 0x8d, 0x32, 0x0a, 0x2a,
    0x62, 0x08, 0x61, 0x08, 0x42, 0x08, 0x05, 0x11, 0xc8, 0x21, 0x0f, 0x43, 0x91, 0x4b, 0x76, 0x5c,
    0x97, 0x5c, 0xb6, 0x64, 0x2a, 0x2a, 0x21, 0x00, 0x81, 0x08, 0x82, 0x10, 0x81, 0x10, 0x62, 0x00,
    0xd4, 0x4b, 0xbd, 0x6d, 0xbd, 0x75, 0xae, 0x3a, 0x21, 0x00, 0x82, 0x10, 0x82, 0x10, 0x82, 0x10,
    0xa2, 0x10, 0xa2, 0x10, 0xa2, 0x10, 0xa2, 0x10, 0xa2, 0x18, 0x82, 0x10, 0xe4, 0x10, 0x8c, 0x32,
    0xf4, 0x53, 0xbd, 0x75, 0x5c, 0x65, 0x67, 0x19, 0x21, 0x00, 0x82, 0x10, 0x96, 0xb5, 0xdb, 0xde,
    0xbb, 0xd6, 0xdb, 0xd6, 0xbb, 0xd6, 0xbb, 0xd6, 0xbb, 0xd6, 0xbb, 0xd6, 0xbb, 0xd6, 0xbb, 0xd6,
    0xbb, 0xd6, 0xfc, 0xde, 0x9e, 0xf7, 0x9d, 0xf7, 0xdf, 0xff, 0x39, 0xc6, 0x53, 0x8c, 0x94, 0x94,
    0x73, 0x8c, 0x97, 0xb5, 0xdb, 0xd6, 0xbb, 0xd6, 0xbb, 0xd6, 0x5d, 0xef, 0xbe, 0xf7, 0xbe, 0xf7,
    0xbe, 0xf7, 0xeb, 0x5a, 0x45, 0x29, 0x86, 0x31, 0x66, 0x29, 0x4f, 0x21, 0x71, 0x21, 0x71, 0x21,
    0x71, 0x21, 0x72, 0x21, 0x4e, 0x21, 0x45, 0x29, 0x65, 0x29, 0x24, 0x21, 0xaa, 0x52, 0xbe, 0xf7,
    0xdf, 0xff, 0xdf, 0xff, 0x9e, 0xf7, 0xdb, 0xde, 0xbb, 0xde, 0xdc, 0xde, 0x97, 0xb5, 0x73, 0x8c,
    0x94, 0x94, 0x73, 0x8c, 0x39, 0xc6, 0xbf, 0xf7, 0x7e, 0xf7, 0x9e, 0xf7, 0x1c, 0xdf, 0xbb, 0xd6,
    0xbb, 0xde, 0xbb, 0xd6, 0xbb, 0xde, 0xdb, 0xde, 0xf3, 0x9c, 0xcf, 0x7b, 0xaa, 0x52, 0xc7, 0x39,
    0x92, 0x94, 0xf7, 0xbd, 0x1c, 0xe7, 0xff, 0xff, 0xbb, 0xd6, 0xd7, 0xbd, 0xff, 0xff, 0xff, 0xff,
    0xdf, 0xff, 0xff, 0xff, 0x79, 0xd6, 0x4d, 0x63, 0xca, 0x5a, 0x05, 0x83, 0x26, 0x8b, 0x2b, 0xb5,
    0x8c, 0xc5, 0x2e, 0x84, 0xd0, 0x7b, 0x72, 0x94, 0x52, 0x8c, 0xb0, 0x73, 0xd0, 0x73, 0x8e, 0x6b,
    0xeb, 0x83, 0x49, 0xb5, 0x48, 0xbd, 0x27, 0xb5, 0x07, 0xd6, 0x05, 0xf7, 0x44, 0xf6, 0xa3, 0xf5,
    0x83, 0xf5, 0x64, 0xf5, 0x23, 0xf5, 0x03, 0xf5, 0x03, 0xf5, 0x03, 0xf5, 0x03, 0xf5, 0x03, 0xf5,
    0x03, 0xed, 0x84, 0xf5, 0xc4, 0xf5, 0xe4, 0xf5, 0xe4, 0xf5, 0x84, 0xfe, 0x84, 0xf6, 0x84, 0xfe,
    0x44, 0xfe, 0xa3, 0xf5, 0x22, 0xf5, 0xc3, 0xfc, 0x02, 0xe4, 0xa2, 0xe3, 0xc2, 0xb2, 0x82, 0x61,
    0xc8, 0x72, 0x8f, 0x83, 0x76, 0xad, 0xbc, 0xde, 0x9b, 0xd6, 0xbb, 0xde, 0xbb, 0xde, 0xbb, 0xde,
    0xbb, 0xde, 0xbb, 0xd6, 0xbb, 0xd6, 0xbb, 0xd6, 0xbb, 0xd6, 0xbb, 0xd6, 0xbb, 0xd6, 0xbb, 0xde,
    0xbb, 0xde, 0xbb, 0xd6, 0xbb, 0xd6, 0xbb, 0xd6, 0xbb, 0xde, 0xbb, 0xd6, 0xbb, 0xde, 0xbb, 0xde,
    0xbb, 0xde, 0xbb, 0xde, 0xbb, 0xd6, 0x9b, 0xd6, 0x1c, 0xe7, 0x75, 0xad, 0x83, 0x08, 0xf3, 0x5b,
    0xbd, 0x75, 0x5c, 0x65, 0xde, 0x75, 0x15, 0x4c, 0xc5, 0x08, 0xe3, 0x18, 0xc3, 0x18, 0xa2, 0x18,
    0xa2, 0x10, 0xa2, 0x18, 0xa2, 0x10, 0x82, 0x10, 0x81, 0x10, 0x81, 0x10, 0xa2, 0x10, 0x41, 0x08,
    0x0e, 0x43, 0xfd, 0x7d, 0x88, 0x19, 0x41, 0x00, 0xa2, 0x08, 0x62, 0x10, 0x82, 0x08, 0x82, 0x08,
    0x41, 0x00, 0x05, 0x09, 0x39, 0x75, 0x5b, 0x7d, 0x2c, 0x32, 0xa3, 0x08, 0x05, 0x11, 0xee, 0x32,
    0x98, 0x54, 0x9d, 0x75, 0xbb, 0x85, 0xea, 0x29, 0x63, 0x00, 0xa3, 0x08, 0x82, 0x08, 0x82, 0x08,
    0x82, 0x08, 0x81, 0x10, 0x61, 0x08, 0xc4, 0x08, 0x56, 0x5c, 0x9c, 0x75, 0xbd, 0x75, 0xef, 0x3a,
    0x41, 0x08, 0x81, 0x18, 0x82, 0x10, 0xa2, 0x10, 0xa2, 0x10, 0xa2, 0x10, 0xc2, 0x18, 0xa2, 0x10,
    0xc4, 0x10, 0x05, 0x11, 0x0b, 0x1a, 0xbd, 0x75, 0xbd, 0x75, 0x9c, 0x75, 0xdd, 0x7d, 0xc8, 0x29,
    0x00, 0x00, 0x00, 0x00, 0x96, 0xb5, 0xfc, 0xe6, 0xbb, 0xd6, 0xbb, 0xd6, 0xbb, 0xd6, 0xbb, 0xd6,
    0xbb, 0xd6, 0xbb, 0xd6, 0xbb, 0xde, 0xbb, 0xd6, 0xbb, 0xd6, 0xfc, 0xde, 0x9e, 0xf7, 0x9d, 0xf7,
    0xdf, 0xf7, 0x39, 0xc6, 0x53, 0x8c, 0x94, 0x94, 0x73, 0x8c, 0x97, 0xb5, 0xbb, 0xd6, 0xbb, 0xd6,
    0xbb, 0xd6, 0x5d, 0xef, 0xbe, 0xf7, 0xbe, 0xf7, 0xbe, 0xf7, 0xeb, 0x5a, 0x25, 0x21, 0x86, 0x31,
    0x66, 0x29, 0x4f, 0x21, 0x71, 0x21, 0x71, 0x21, 0x71, 0x21, 0x72, 0x21, 0x4e, 0x21, 0x45, 0x29,
    0x65, 0x29, 0x24, 0x21, 0xaa, 0x52, 0xbe, 0xf7, 0xdf, 0xff, 0xdf, 0xff, 0x9e, 0xf7, 0xdb, 0xde,
    0xbb, 0xde, 0xdc, 0xde, 0x97, 0xb5, 0x73, 0x8c, 0x94, 0x94, 0x73, 0x8c, 0x39, 0xc6, 0xbf, 0xf7,
    0x7e, 0xf7, 0x9e, 0xf7, 0x1c, 0xdf, 0xbb, 0xd6, 0xbb, 0xde, 0xbb, 0xd6, 0xbb, 0xd6, 0xfc, 0xde,
    0x6a, 0x4a, 0x00, 0x00, 0x8a, 0x52, 0x10, 0x84, 0xbb, 0xd6, 0xff, 0xff, 0xff, 0xff, 0xff, 0xff,
    0x9e, 0xf7, 0xbe, 0xf7, 0xff, 0xff, 0xff, 0xff, 0xff, 0xff, 0xff, 0xff, 0xbe, 0xf7, 0x7a, 0xce,
    0x51, 0x84, 0xe3, 0x18, 0xe5, 0x20, 0xcf, 0x7b, 0x72, 0x8c, 0x14, 0x95, 0x56, 0xa5, 0xf3, 0x9c,
    0x71, 0x8c, 0x4a, 0x52, 0x08, 0x42, 0xc6, 0x31, 0xa5, 0x7b, 0x89, 0xff, 0x66, 0xff, 0x66, 0xff,
    0x05, 0xff, 0xc4, 0xfe, 0xc4, 0xf5, 0xc3, 0xec, 0x03, 0xf5, 0xe3, 0xf4, 0x03, 0xed, 0xe3, 0xec,
    0xe3, 0xf4, 0x03, 0xf5, 0x03, 0xf5, 0x03, 0xed, 0x22, 0xed, 0x24, 0xfe, 0xa5, 0xfe, 0x84, 0xfe,
    0xa4, 0xfe, 0x84, 0xfe, 0x64, 0xfe, 0xa5, 0xfe, 0x24, 0xf6, 0x82, 0xec, 0x61, 0xf4, 0x62, 0xf4,
    0x61, 0xdb, 0xe2, 0xd2, 0x82, 0x71, 0x00, 0x00, 0xaf, 0x6b, 0xbf, 0xff, 0xfa, 0xde, 0xbb, 0xd6,
    0xbb, 0xde, 0xbb, 0xde, 0xbb, 0xde, 0xbb, 0xde, 0xbb, 0xde, 0xbb, 0xd6, 0xbb, 0xd6, 0xbb, 0xd6,
    0xbb, 0xd6, 0xbb, 0xd6, 0xbb, 0xd6, 0xbb, 0xde, 0xbb, 0xde, 0xbb, 0xd6, 0xbb, 0xd6, 0xbb, 0xd6,
    0xbb, 0xde, 0xbb, 0xd6, 0xbb, 0xde, 0xbb, 0xde, 0xbb, 0xde, 0xbb, 0xde, 0xbb, 0xd6, 0x9b, 0xd6,
    0xdb, 0xe6, 0x14, 0xa5, 0x00, 0x00, 0xe5, 0x08, 0xcf, 0x32, 0x7c, 0x75, 0x9d, 0x6d, 0x5b, 0x6d,
    0xb6, 0x74, 0x26, 0x11, 0x21, 0x00, 0xa3, 0x10, 0xc3, 0x10, 0xa2, 0x10, 0xa2, 0x10, 0xa2, 0x10,
    0xa2, 0x10, 0x82, 0x10, 0xa2, 0x08, 0x21, 0x00, 0xee, 0x3a, 0xdc, 0x7d, 0x68, 0x19, 0x21, 0x00,
    0x81, 0x10, 0x61, 0x10, 0x61, 0x08, 0x82, 0x08, 0x80, 0x10, 0xa2, 0x10, 0x47, 0x11, 0x88, 0x19,
    0xe5, 0x08, 0x0f, 0x43, 0x5c, 0x75, 0x9c, 0x75, 0x7b, 0x75, 0xca, 0x19, 0x26, 0x11, 0xc3, 0x10,
    0x61, 0x08, 0x81, 0x08, 0x61, 0x10, 0x62, 0x10, 0x61, 0x08, 0x82, 0x10, 0x61, 0x08, 0x06, 0x09,
    0x18, 0x65, 0x7c, 0x75, 0xbd, 0x75, 0x0e, 0x3b, 0x21, 0x08, 0xa2, 0x10, 0xa2, 0x10, 0xa2, 0x10,
    0x82, 0x10, 0x82, 0x10, 0x61, 0x08, 0x61, 0x08, 0x42, 0x00, 0x13, 0x5c, 0x7b, 0x75, 0x7c, 0x6d,
    0xde, 0x75, 0x97, 0x5c, 0x4c, 0x2a, 0xe4, 0x10, 0x8a, 0x52, 0x31, 0x84, 0x39, 0xc6, 0xdc, 0xde,
    0xbb, 0xd6, 0xbb, 0xd6, 0xbb, 0xd6, 0xbb, 0xd6, 0xbb, 0xd6, 0xbb, 0xd6, 0xbb, 0xde, 0xbb, 0xde,
    0xbb, 0xd6, 0xfc, 0xde, 0x9e, 0xf7, 0x9d, 0xf7, 0xdf, 0xff, 0x39, 0xc6, 0x53, 0x8c, 0x94, 0x94,
    0x73, 0x8c, 0x97, 0xb5, 0xbb, 0xd6, 0xbb, 0xd6, 0xbb, 0xd6, 0x5d, 0xef, 0xbe, 0xf7, 0xbe, 0xf7,
    0x9e, 0xf7, 0xeb, 0x5a, 0x45, 0x29, 0x65, 0x29, 0x66, 0x29, 0x4f, 0x21, 0x71, 0x21, 0x71, 0x21,
    0x71, 0x21, 0x72, 0x21, 0x4e, 0x21, 0x45, 0x29, 0x65, 0x29, 0x24, 0x21, 0xaa, 0x52, 0xbe, 0xf7,
    0xdf, 0xff, 0xdf, 0xff, 0x9e, 0xf7, 0xdb, 0xde, 0xbb, 0xd6, 0xdc, 0xde, 0x97, 0xb5, 0x73, 0x8c,
    0xb4, 0x94, 0x93, 0x8c, 0x39, 0xc6, 0xbf, 0xf7, 0x9e, 0xf7, 0x9e, 0xf7, 0x1c, 0xe7, 0xbb, 0xd6,
    0xbb, 0xde, 0xbb, 0xd6, 0xbb, 0xd6, 0xdb, 0xde, 0xab, 0x52, 0x00, 0x00, 0xef, 0x7b, 0xf7, 0xbd,
    0x1c, 0xe7, 0xff, 0xff, 0xff, 0xff, 0xff, 0xff, 0xdf, 0xff, 0xdf, 0xff, 0xff, 0xff, 0xff, 0xff,
    0xdf, 0xff, 0xff, 0xff, 0x9a, 0xce, 0x4e, 0x6b, 0x2b, 0x63, 0x8e, 0x6b, 0xaf, 0x73, 0x92, 0x94,
    0xd4, 0x9c, 0x8f, 0x73, 0x2d, 0x63, 0x8c, 0x52, 0xa8, 0x52, 0x48, 0xbd, 0xe9, 0xcd, 0xa8, 0xc5,
    0x05, 0xd6, 0x05, 0xff, 0x84, 0xf6, 0xa3, 0xed, 0xa4, 0xed, 0x83, 0xf5, 0x23, 0xf5, 0xe4, 0xf4,
    0x03, 0xf5, 0x03, 0xf5, 0xe3, 0xf4, 0xe3, 0xf4, 0xe3, 0xf4, 0xe3, 0xf4, 0xe3, 0xf4, 0x84, 0xf5,
    0x04, 0xfe, 0x64, 0xfe, 0xa4, 0xfe, 0xa4, 0xf6, 0x84, 0xfe, 0xa5, 0xfe, 0x65, 0xfe, 0x83, 0xed,
    0x03, 0xed, 0xa3, 0xf4, 0x23, 0xec, 0x82, 0xe3, 0x21, 0x8a, 0xa0, 0x38, 0x68, 0x6a, 0x51, 0x8c,
    0x76, 0xb5, 0xda, 0xe6, 0xba, 0xd6, 0xbc, 0xde, 0xbb, 0xde, 0xbb, 0xde, 0xbb, 0xde, 0xbb, 0xde,
    0xbb, 0xde, 0xbb, 0xde, 0xbb, 0xde, 0xbb, 0xde, 0xbb, 0xde, 0xbb, 0xde, 0xbb, 0xd6, 0xbb, 0xde,
    0xbb, 0xde, 0xbb, 0xde, 0xbb, 0xd6, 0x9b, 0xd6, 0xbb, 0xde, 0xbb, 0xde, 0xbb, 0xde, 0xbb, 0xde,
    0xbb, 0xde, 0xbb, 0xd6, 0xbb, 0xd6, 0xbb, 0xd6, 0xdb, 0xde, 0xb7, 0xbd, 0x8e, 0x73, 0x65, 0x29,
    0x25, 0x19, 0x96, 0x64, 0x3b, 0x65, 0x9c, 0x6d, 0x7c, 0x6d, 0x72, 0x43, 0x4b, 0x32, 0x62, 0x08,
    0x42, 0x00, 0xc3, 0x10, 0xa2, 0x10, 0xa3, 0x10, 0xa3, 0x10, 0xa3, 0x10, 0xa3, 0x10, 0x01, 0x08,
    0xcf, 0x32, 0xde, 0x75, 0x4d, 0x32, 0x06, 0x21, 0xa3, 0x10, 0x82, 0x10, 0x81, 0x18, 0x61, 0x10,
    0x20, 0x00, 0x83, 0x08, 0x0a, 0x2a, 0x4b, 0x2a, 0x8c, 0x2a, 0xb3, 0x4b, 0x36, 0x5c, 0x93, 0x4b,
    0x50, 0x43, 0x6c, 0x2a, 0xea, 0x21, 0xc4, 0x10, 0x82, 0x10, 0x82, 0x08, 0x62, 0x10, 0x61, 0x10,
    0x81, 0x08, 0x61, 0x10, 0x04, 0x19, 0x50, 0x43, 0x7b, 0x6d, 0x7d, 0x6d, 0x9d, 0x6d, 0x6b, 0x32,
    0x41, 0x08, 0xa3, 0x10, 0xa2, 0x10, 0xa2, 0x18, 0x81, 0x10, 0xc4, 0x10, 0x4b, 0x32, 0x8c, 0x32,
    0x8d, 0x32, 0xf8, 0x6c, 0x9d, 0x75, 0x7c, 0x6d, 0xb8, 0x64, 0x6c, 0x32, 0x21, 0x00, 0x00, 0x00,
    0x72, 0x8c, 0x7e, 0xf7, 0x9b, 0xd6, 0xbb, 0xde, 0xbb, 0xd6, 0xbb, 0xd6, 0xbb, 0xd6, 0xbb, 0xd6,
    0xbb, 0xd6, 0xbb, 0xd6, 0xbb, 0xde, 0xbb, 0xd6, 0xbb, 0xd6, 0xfc, 0xde, 0x9e, 0xf7, 0x9d, 0xf7,
    0xbf, 0xf7, 0x39, 0xc6, 0x53, 0x8c, 0x94, 0x94, 0x73, 0x8c, 0x97, 0xb5, 0xbb, 0xd6, 0xbb, 0xd6,
    0xbb, 0xd6, 0x5d, 0xef, 0xbe, 0xf7, 0xbe, 0xf7, 0x9e, 0xf7, 0xeb, 0x5a, 0x45, 0x29, 0x85, 0x31,
    0x66, 0x29, 0x4f, 0x21, 0x71, 0x21, 0x71, 0x21, 0x71, 0x21, 0x72, 0x21, 0x4e, 0x21, 0x45, 0x29,
    0x65, 0x29, 0x24, 0x21, 0xaa, 0x52, 0xbe, 0xf7, 0xdf, 0xff, 0xdf, 0xff, 0x9e, 0xf7, 0xdb, 0xde,
    0xbb, 0xd6, 0xdc, 0xde, 0x97, 0xb5, 0x73, 0x8c, 0xb4, 0x94, 0x93, 0x8c, 0x39, 0xc6, 0xbe, 0xf7,
    0x9e, 0xf7, 0x9e, 0xf7, 0x1c, 0xe7, 0xbb, 0xd6, 0xbb, 0xde, 0xbb, 0xd6, 0xbb, 0xd6, 0xdb, 0xde,
    0xaa, 0x52, 0x00, 0x00, 0x34, 0xa5, 0xff, 0xff, 0xdf, 0xff, 0xff, 0xff, 0xff, 0xff, 0xff, 0xff,
    0xff, 0xff, 0xff, 0xff, 0xff, 0xff, 0xdf, 0xff, 0xbe, 0xf7, 0xbe, 0xf7, 0xf8, 0xb5, 0xcb, 0x52,
    0x4d, 0x6b, 0x93, 0x94, 0x93, 0x94, 0x92, 0x94, 0xb3, 0x94, 0xab, 0x5a, 0xe8, 0x39, 0xe8, 0x49,
    0x64, 0x5a, 0x46, 0xe6, 0x06, 0xff, 0xc5, 0xfe, 0xc4, 0xfe, 0xa5, 0xfe, 0x24, 0xf6, 0x03, 0xe5,
    0x03, 0xed, 0x02, 0xf5, 0x03, 0xf5, 0x03, 0xf5, 0x03, 0xf5, 0x03, 0xf5, 0x03, 0xf5, 0x03, 0xed,
    0x03, 0xed, 0x23, 0xf5, 0x42, 0xed, 0x04, 0xfe, 0x85, 0xfe, 0x84, 0xfe, 0xa4, 0xfe, 0x84, 0xfe,
    0x65, 0xfe, 0x45, 0xfe, 0xe5, 0xf5, 0x21, 0xe4, 0xc1, 0xeb, 0x02, 0xec, 0x83, 0xdb, 0x83, 0xb2,
    0x82, 0x59, 0x61, 0x00, 0xcf, 0x7b, 0x5f, 0xf7, 0xfc, 0xde, 0xdb, 0xd6, 0xbb, 0xde, 0xbc, 0xde,
    0xbb, 0xde, 0xbb, 0xde, 0xbb, 0xde, 0xbb, 0xd6, 0xbb, 0xd6, 0xbb, 0xd6, 0xbb, 0xd6, 0xbb, 0xde,
    0xbb, 0xde, 0xbb, 0xde, 0xbb, 0xde, 0xbb, 0xde, 0xbb, 0xde, 0xbb, 0xde, 0xbb, 0xd6, 0xbb, 0xd6,
    0xbb, 0xde, 0xbb, 0xde, 0xbb, 0xde, 0xbb, 0xde, 0xbb, 0xde, 0xbb, 0xde, 0xbb, 0xd6, 0xbb, 0xde,
    0xbb, 0xd6, 0xbb, 0xde, 0x7d, 0xef, 0xeb, 0x5a, 0x00, 0x00, 0xe5, 0x08, 0xf4, 0x4b, 0xfe, 0x7d,
    0x7d, 0x65, 0xbe, 0x6d, 0x5b, 0x6d, 0xef, 0x3a, 0x6c, 0x32, 0xa4, 0x08, 0x82, 0x10, 0x81, 0x18,
    0x81, 0x18, 0x81, 0x10, 0x81, 0x18, 0x00, 0x08, 0x2f, 0x43, 0x7f, 0x96, 0x31, 0x43, 0xea, 0x29,
    0xa3, 0x08, 0x61, 0x00, 0x20, 0x08, 0x83, 0x08, 0xef, 0x3a, 0x15, 0x54, 0xfd, 0x85, 0xfd, 0x7d,
    0x3f, 0x8e, 0x31, 0x43, 0x63, 0x00, 0x6c, 0x2a, 0xd3, 0x4b, 0xfd, 0x85, 0x9b, 0x85, 0x05, 0x11,
    0x00, 0x00, 0x41, 0x00, 0x62, 0x08, 0x82, 0x08, 0x82, 0x08, 0x41, 0x08, 0x47, 0x19, 0x7a, 0x75,
    0xbd, 0x6d, 0x9d, 0x6d, 0x9b, 0x7d, 0xa8, 0x19, 0x02, 0x00, 0x42, 0x00, 0x42, 0x00, 0x62, 0x08,
    0x22, 0x00, 0x48, 0x11, 0x9b, 0x7d, 0xbd, 0x75, 0xdd, 0x7d, 0xbc, 0x7d, 0xdd, 0x75, 0x3f, 0x8e,
    0x30, 0x43, 0x21, 0x00, 0xe3, 0x18, 0xa7, 0x39, 0xd3, 0x9c, 0xfc, 0xde, 0x9b, 0xd6, 0xbb, 0xde,
    0xbb, 0xd6, 0xbb, 0xd6, 0xbb, 0xd6, 0xbb, 0xd6, 0xbb, 0xd6, 0xbb, 0xd6, 0xbb, 0xde, 0xbb, 0xd6,
    0xbb, 0xd6, 0xfc, 0xde, 0x9e, 0xf7, 0x9d, 0xf7, 0xbf, 0xf7, 0x39, 0xc6, 0x53, 0x8c, 0x94, 0x94,
    0x73, 0x8c, 0x97, 0xb5, 0xbb, 0xd6, 0xbb, 0xd6, 0xbb, 0xd6, 0x5d, 0xef, 0xbe, 0xf7, 0xbe, 0xf7,
    0x9e, 0xf7, 0xeb, 0x5a, 0x45, 0x21, 0x86, 0x31, 0x66, 0x29, 0x4f, 0x21, 0x71, 0x21, 0x71, 0x21,
    0x71, 0x21, 0x72, 0x21, 0x4e, 0x21, 0x45, 0x29, 0x65, 0x29, 0x24, 0x21, 0xaa, 0x52, 0x9e, 0xf7,
    0xdf, 0xff, 0xdf, 0xff, 0x9e, 0xf7, 0xdb, 0xde, 0xbb, 0xde, 0xdc, 0xde, 0x97, 0xb5, 0x73, 0x8c,
    0xb4, 0x94, 0x73, 0x8c, 0x39, 0xc6, 0xbf, 0xf7, 0x9e, 0xf7, 0x9e, 0xf7, 0x1c, 0xe7, 0xbb, 0xd6,
    0xdb, 0xde, 0xbb, 0xde, 0xbb, 0xd6, 0xdb, 0xde, 0x8a, 0x52, 0x00, 0x00, 0xf3, 0x9c, 0xff, 0xff,
    0xbe, 0xf7, 0xff, 0xff, 0xff, 0xff, 0xff, 0xff, 0xff, 0xff, 0xff, 0xff, 0x3d, 0xe7, 0x96, 0xb5,
    0x76, 0xad, 0xd3, 0x9c, 0x72, 0x84, 0x4d, 0x63, 0x8f, 0x6b, 0x86, 0x31, 0x60, 0x08, 0xc2, 0x10,
    0xa3, 0x18, 0x41, 0x08, 0x60, 0x10, 0xa4, 0xc3, 0x42, 0xe4, 0xc2, 0xf4, 0x23, 0xf5, 0x22, 0xed,
    0x43, 0xed, 0x43, 0xed, 0x23, 0xed, 0x04, 0xf5, 0x03, 0xf5, 0x03, 0xf5, 0x03, 0xf5, 0xe3, 0xf4,
    0xe3, 0xf4, 0xe3, 0xf4, 0xe3, 0xec, 0x43, 0xed, 0x25, 0xfe, 0x44, 0xfe, 0x64, 0xfe, 0x84, 0xfe,
    0x84, 0xfe, 0xa4, 0xfe, 0x84, 0xfe, 0x44, 0xfe, 0x04, 0xfe, 0x23, 0xf5, 0xa2, 0xf4, 0x61, 0xdb,
    0x01, 0xdb, 0x60, 0xe3, 0x61, 0x9a, 0x00, 0x00, 0x4c, 0x73, 0xdc, 0xde, 0x7b, 0xd6, 0x9b, 0xde,
    0xba, 0xd6, 0xdb, 0xd6, 0xbb, 0xd6, 0xbb, 0xd6, 0xbb, 0xde, 0xbb, 0xd6, 0xbb, 0xd6, 0xbb, 0xd6,
    0xbb, 0xd6, 0xbb, 0xd6, 0xbb, 0xd6, 0xbb, 0xd6, 0xbb, 0xde, 0xbb, 0xde, 0xbb, 0xde, 0xbb, 0xde,
    0xbb, 0xd6, 0xbb, 0xd6, 0xbb, 0xde, 0xbb, 0xde, 0xbb, 0xde, 0xbb, 0xde, 0xbb, 0xde, 0xbb, 0xde,
    0xbb, 0xd6, 0xbb, 0xde, 0xbb, 0xd6, 0xbb, 0xde, 0xbb, 0xd6, 0xbb, 0xd6, 0xdb, 0xde, 0x75, 0xb5,
    0xcf, 0x7b, 0xa3, 0x10, 0x6d, 0x32, 0xf4, 0x4b, 0x1a, 0x65, 0x7c, 0x6d, 0x5d, 0x65, 0xde, 0x75,
    0x9c, 0x7d, 0x34, 0x5c, 0xc9, 0x21, 0xe5, 0x10, 0x05, 0x11, 0xe4, 0x10, 0xe4, 0x08, 0xa4, 0x00,
    0xe9, 0x21, 0x0e, 0x3b, 0x35, 0x54, 0xf3, 0x53, 0x82, 0x00, 0xe9, 0x29, 0x72, 0x4b, 0xd4, 0x4b,
    0xdd, 0x7d, 0x9d, 0x75, 0x93, 0x4b, 0x51, 0x3b, 0x72, 0x43, 0xc9, 0x21, 0x61, 0x08, 0x4a, 0x3a,
    0x50, 0x4b, 0x10, 0x33, 0x77, 0x5c, 0xd4, 0x4b, 0x51, 0x43, 0xb1, 0x53, 0xa8, 0x29, 0x62, 0x08,
    0x81, 0x08, 0x62, 0x08, 0x10, 0x3b, 0x5b, 0x6d, 0xbd, 0x6d, 0x97, 0x54, 0xea, 0x29, 0xcf, 0x3a,
    0xb3, 0x4b, 0x92, 0x4b, 0xb2, 0x4b, 0xf3, 0x53, 0xf4, 0x53, 0x56, 0x54, 0x7c, 0x6d, 0x9d, 0x65,
    0x7d, 0x65, 0x9c, 0x75, 0x31, 0x3b, 0xad, 0x3a, 0xc8, 0x29, 0x00, 0x00, 0x08, 0x42, 0xdb, 0xde,
    0xbb, 0xde, 0xbb, 0xd6, 0xbb, 0xd6, 0xbb, 0xd6, 0xbb, 0xde, 0xbb, 0xde, 0xbb, 0xd6, 0xbb, 0xd6,
    0xbb, 0xd6, 0xbb, 0xd6, 0xbb, 0xd6, 0xbb, 0xd6, 0xbb, 0xd6, 0xfc, 0xde, 0x9e, 0xf7, 0x9d, 0xf7,
    0xdf, 0xf7, 0x39, 0xc6, 0x53, 0x8c, 0x94, 0x94, 0x73, 0x8c, 0x97, 0xb5, 0xbb, 0xd6, 0xbb, 0xd6,
    0xbb, 0xd6, 0x5d, 0xef, 0xbe, 0xf7, 0xbe, 0xf7, 0x9e, 0xf7, 0xeb, 0x5a, 0x45, 0x29, 0x86, 0x31,
    0x66, 0x29, 0x4f, 0x21, 0x71, 0x21, 0x71, 0x21, 0x71, 0x21, 0x72, 0x21, 0x4e, 0x21, 0x45, 0x29,
    0x65, 0x29, 0x24, 0x21, 0xaa, 0x52, 0x9e, 0xf7, 0xdf, 0xff, 0xdf, 0xff, 0x9e, 0xf7, 0xdb, 0xde,
    0xbb, 0xde, 0xdc, 0xde, 0x97, 0xb5, 0x73, 0x8c, 0xb4, 0x94, 0x73, 0x8c, 0x39, 0xc6, 0xbf, 0xf7,
    0x9e, 0xf7, 0x9e, 0xf7, 0x1c, 0xe7, 0xbb, 0xd6, 0xdb, 0xde, 0xbb, 0xde, 0xbb, 0xd6, 0xdb, 0xde,
    0xaa, 0x52, 0x00, 0x00, 0xb2, 0x94, 0x5d, 0xef, 0x5d, 0xef, 0xdf, 0xff, 0xbe, 0xf7, 0x7e, 0xef,
    0x5d, 0xef, 0x7d, 0xef, 0x7a, 0xce, 0xb3, 0x94, 0xb3, 0x94, 0xf0, 0x7b, 0xae, 0x73, 0xec, 0x5a,
    0xcd, 0x5a, 0x87, 0x31, 0x24, 0x21, 0x86, 0x29, 0x45, 0x29, 0x25, 0x29, 0x85, 0x39, 0x24, 0xb3,
    0x63, 0xc3, 0xe4, 0xc3, 0x64, 0xd4, 0xa3, 0xec, 0xa3, 0xf4, 0xc3, 0xf4, 0xa2, 0xf4, 0xc3, 0xf4,
    0xe3, 0xf4, 0x03, 0xf5, 0x23, 0xf5, 0x44, 0xf5, 0x23, 0xf5, 0x23, 0xf5, 0x43, 0xf5, 0xa3, 0xf5,
    0x65, 0xfe, 0x84, 0xf6, 0x83, 0xf6, 0xa4, 0xf6, 0x84, 0xfe, 0x24, 0xfe, 0xc4, 0xf5, 0x23, 0xed,
    0xe3, 0xf4, 0x42, 0xe4, 0xe2, 0xdb, 0x82, 0xaa, 0x43, 0xa2, 0x82, 0xaa, 0x24, 0x7a, 0x45, 0x29,
    0x93, 0x94, 0x3e, 0xef, 0xbb, 0xd6, 0xda, 0xd6, 0xbb, 0xde, 0xbc, 0xde, 0xbc, 0xd6, 0xbb, 0xde,
    0xbb, 0xde, 0xbb, 0xd6, 0xbb, 0xd6, 0xbb, 0xd6, 0xbb, 0xd6, 0xbb, 0xd6, 0xbb, 0xd6, 0xbb, 0xd6,
    0xbb, 0xde, 0xbb, 0xde, 0xbb, 0xde, 0xbb, 0xde, 0xbb, 0xd6, 0xbb, 0xd6, 0xbb, 0xde, 0xbb, 0xde,
    0xbb, 0xde, 0xbb, 0xde, 0xbb, 0xde, 0xbb, 0xde, 0xbb, 0xd6, 0xbb, 0xde, 0xbb, 0xde, 0xbb, 0xde,
    0xbb, 0xd6, 0xbb, 0xd6, 0xbb, 0xd6, 0x3d, 0xef, 0x59, 0xce, 0xa2, 0x10, 0x00, 0x00, 0x83, 0x00,
    0x55, 0x64, 0xbc, 0x85, 0x9c, 0x7d, 0x9d, 0x6d, 0xbd, 0x75, 0xfe, 0x7d, 0x3a, 0x6d, 0x19, 0x65,
    0x3a, 0x6d, 0xf9, 0x64, 0x78, 0x64, 0x36, 0x5c, 0x0c, 0x22, 0x22, 0x00, 0xf9, 0x6c, 0x5b, 0x7d,
    0x63, 0x00, 0x30, 0x4b, 0xff, 0x85, 0xfd, 0x7d, 0xbb, 0x7d, 0x56, 0x64, 0x64, 0x00, 0x21, 0x00,
    0x60, 0x00, 0x41, 0x08, 0x61, 0x10, 0x40, 0x10, 0x41, 0x00, 0x83, 0x00, 0xb2, 0x53, 0x5b, 0x75,
    0x5c, 0x6d, 0x9c, 0x75, 0x4c, 0x22, 0x83, 0x08, 0xa3, 0x10, 0x63, 0x00, 0x56, 0x54, 0xbd, 0x6d,
    0xbe, 0x75, 0x14, 0x54, 0x02, 0x00, 0x94, 0x43, 0xbd, 0x75, 0x9d, 0x6d, 0xbd, 0x75, 0xde, 0x75,
    0xde, 0x75, 0xdd, 0x7d, 0x7b, 0x75, 0x5a, 0x7d, 0x5a, 0x75, 0x18, 0x75, 0x06, 0x11, 0x20, 0x00,
    0xe2, 0x18, 0xa2, 0x10, 0xec, 0x5a, 0xfc, 0xde, 0xbb, 0xd6, 0xbb, 0xde, 0xbb, 0xde, 0xbb, 0xd6,
    0xbb, 0xde, 0xbb, 0xde, 0xbb, 0xd6, 0xbb, 0xd6, 0xbb, 0xd6, 0xbb, 0xd6, 0xbb, 0xd6, 0xbb, 0xd6,
    0xbb, 0xd6, 0xfc, 0xde, 0x9e, 0xf7, 0x9d, 0xf7, 0xdf, 0xf7, 0x39, 0xc6, 0x53, 0x8c, 0x94, 0x94,
    0x73, 0x8c, 0x97, 0xb5, 0xbb, 0xd6, 0xbb, 0xd6, 0xbb, 0xd6, 0x5d, 0xef, 0xbe, 0xf7, 0xbe, 0xf7,
    0x9e, 0xf7, 0xeb, 0x5a, 0x45, 0x29, 0x86, 0x31, 0x66, 0x29, 0x4f, 0x21, 0x71, 0x21, 0x71, 0x21,
    0x71, 0x21, 0x72, 0x21, 0x4e, 0x21, 0x45, 0x29, 0x65, 0x29, 0x24, 0x21, 0xaa, 0x52, 0x9e, 0xf7,
    0xdf, 0xff, 0xdf, 0xff, 0x9e, 0xf7, 0xdb, 0xde, 0xbb, 0xde, 0xdc, 0xde, 0x97, 0xb5, 0x73, 0x8c,
    0x94, 0x94, 0x73, 0x8c, 0x39, 0xc6, 0xbe, 0xf7, 0x9e, 0xf7, 0x9e, 0xf7, 0x1c, 0xe7, 0xbb, 0xde,
    0xdb, 0xde, 0xbb, 0xde, 0xbb, 0xd6, 0xdc, 0xde, 0x8a, 0x52, 0x00, 0x00, 0xcb, 0x5a, 0x92, 0x8c,
    0x18, 0xc6, 0x1c, 0xdf, 0x18, 0xc6, 0xb3, 0x94, 0x93, 0x94, 0x93, 0x94, 0x31, 0x84, 0x2d, 0x63,
    0x0d, 0x63, 0x05, 0x21, 0x82, 0x10, 0xa2, 0x10, 0x00, 0x00, 0xf0, 0x7b, 0xbb, 0xde, 0x9a, 0xd6,
    0x7a, 0xce, 0x9b, 0xd6, 0x58, 0xce, 0x02, 0x29, 0x00, 0x10, 0x20, 0x10, 0x60, 0x28, 0x82, 0xb2,
    0x20, 0xe3, 0xc2, 0xeb, 0xc1, 0xe3, 0xe1, 0xe3, 0x63, 0xf4, 0xe3, 0xf4, 0xc3, 0xf5, 0x85, 0xfe,
    0x65, 0xfe, 0x65, 0xfe, 0x64, 0xfe, 0x84, 0xfe, 0x84, 0xfe, 0x84, 0xfe, 0x84, 0xfe, 0xa4, 0xf6,
    0x85, 0xfe, 0x04, 0xf5, 0x42, 0xe4, 0x40, 0xd3, 0x00, 0xe3, 0x21, 0xe3, 0x82, 0xaa, 0x00, 0x18,
    0x00, 0x00, 0x00, 0x00, 0x65, 0x31, 0xdc, 0xde, 0xdc, 0xde, 0xbb, 0xde, 0xbb, 0xd6, 0xbb, 0xde,
    0xbb, 0xde, 0xbb, 0xde, 0xbb, 0xde, 0xbb, 0xde, 0xbb, 0xde, 0xbb, 0xd6, 0xbb, 0xd6, 0x9b, 0xd6,
    0x9b, 0xd6, 0x9b, 0xd6, 0x9b, 0xd6, 0xbb, 0xd6, 0xbb, 0xde, 0xbb, 0xde, 0xbb, 0xde, 0xbb, 0xde,
    0xbb, 0xd6, 0xbb, 0xd6, 0xbb, 0xde, 0xbb, 0xde, 0xbb, 0xde, 0xbb, 0xde, 0xbb, 0xde, 0xbb, 0xd6,
    0xbb, 0xd6, 0xbb, 0xd6, 0xbb, 0xd6, 0xbb, 0xd6, 0xbb, 0xd6, 0xbb, 0xde, 0xbb, 0xde, 0xbb, 0xd6,
    0x5a, 0xce, 0xd7, 0xbd, 0x6d, 0x6b, 0x21, 0x00, 0x66, 0x19, 0xe9, 0x21, 0xc9, 0x19, 0xae, 0x2a,
    0x9b, 0x75, 0x9d, 0x6d, 0x7d, 0x6d, 0x9d, 0x75, 0xbd, 0x75, 0x9d, 0x6d, 0x7c, 0x6d, 0x5c, 0x6d,
    0xd9, 0x64, 0x0a, 0x2a, 0x98, 0x5c, 0xbd, 0x6d, 0xb3, 0x4b, 0x27, 0x11, 0xa9, 0x21, 0x0a, 0x1a,
    0xa8, 0x19, 0x05, 0x19, 0x82, 0x08, 0x82, 0x08, 0x81, 0x10, 0x81, 0x10, 0x61, 0x08, 0x81, 0x10,
    0x82, 0x10, 0xa3, 0x10, 0x04, 0x19, 0x05, 0x11, 0x68, 0x19, 0xaf, 0x2a, 0x15, 0x4c, 0x3a, 0x75,
    0x8d, 0x3a, 0x21, 0x00, 0x35, 0x5c, 0xbd, 0x6d, 0xdd, 0x75, 0xf3, 0x53, 0x8e, 0x2a, 0x5c, 0x6d,
    0xbd, 0x7d, 0xbd, 0x75, 0xbd, 0x75, 0x9d, 0x6d, 0xbe, 0x6d, 0xfe, 0x7d, 0x8e, 0x2a, 0x26, 0x11,
    0x27, 0x19, 0x47, 0x19, 0xe4, 0x10, 0x00, 0x00, 0xc6, 0x39, 0x79, 0xce, 0x59, 0xce, 0xbb, 0xde,
    0xbb, 0xde, 0xbb, 0xde, 0xbb, 0xde, 0xbb, 0xde, 0xbb, 0xde, 0xbb, 0xde, 0xbb, 0xde, 0xbb, 0xde,
    0xbb, 0xde, 0xbb, 0xde, 0xbb, 0xd6, 0xbb, 0xde, 0x9b, 0xd6, 0xfc, 0xde, 0x9e, 0xf7, 0x9d, 0xf7,
    0xdf, 0xff, 0x39, 0xc6, 0x53, 0x8c, 0x94, 0x94, 0x93, 0x8c, 0x97, 0xb5, 0xbb, 0xde, 0x9b, 0xd6,
    0x9b, 0xd6, 0x5d, 0xef, 0xbe, 0xf7, 0xbe, 0xf7, 0xbe, 0xf7, 0xcb, 0x5a, 0x25, 0x21, 0x86, 0x31,
    0x66, 0x29, 0x4f, 0x21, 0x71, 0x21, 0x71, 0x21, 0x71, 0x21, 0x72, 0x21, 0x4e, 0x21, 0x45, 0x29,
    0x65, 0x29, 0x24, 0x21, 0xaa, 0x52, 0xbe, 0xf7, 0xdf, 0xff, 0xdf, 0xff, 0x9e, 0xf7, 0xdb, 0xde,
    0xbb, 0xd6, 0xdc, 0xde, 0x97, 0xb5, 0x73, 0x8c, 0x94, 0x94, 0x73, 0x8c, 0x39, 0xc6, 0xbf, 0xf7,
    0x9e, 0xf7, 0x9e, 0xf7, 0x1c, 0xe7, 0xbb, 0xde, 0xbb, 0xde, 0xdb, 0xde, 0xbb, 0xde, 0xfc, 0xde,
    0xcb, 0x5a, 0x41, 0x08, 0x8a, 0x52, 0x10, 0x84, 0xb7, 0xb5, 0x9a, 0xd6, 0x76, 0xad, 0x10, 0x84,
    0x31, 0x84, 0x52, 0x8c, 0xf0, 0x7b, 0xec, 0x5a, 0xcc, 0x5a, 0x04, 0x21, 0xa3, 0x10, 0xc3, 0x18,
    0x21, 0x00, 0x72, 0x8c, 0x5d, 0xef, 0xbb, 0xd6, 0xbb, 0xde, 0xdc, 0xde, 0xba, 0xce, 0x85, 0x21,
    0x61, 0x08, 0xa2, 0x10, 0xa1, 0x28, 0x65, 0x9a, 0xe4, 0xc2, 0x45, 0xcb, 0x64, 0xbb, 0x63, 0xc3,
    0x23, 0xe4, 0xa3, 0xf4, 0x44, 0xf5, 0x25, 0xfe, 0x45, 0xfe, 0x45, 0xfe, 0x44, 0xfe, 0x24, 0xfe,
    0x45, 0xfe, 0x24, 0xf6, 0x24, 0xfe, 0xc4, 0xf5, 0x84, 0xf5, 0x43, 0xec, 0xa3, 0xdb, 0x61, 0xa2,
    0x22, 0x9a, 0x64, 0xa2, 0x23, 0x7a, 0x27, 0x5a, 0xcc, 0x52, 0x8a, 0x4a, 0x8e, 0x7b, 0xbb, 0xd6,
    0xbb, 0xd6, 0xbb, 0xde, 0xbb, 0xd6, 0xbb, 0xde, 0xbb, 0xde, 0xbb, 0xde, 0xbb, 0xd6, 0xbb, 0xd6,
    0xbb, 0xd6, 0x9b, 0xd6, 0x9b, 0xd6, 0xbb, 0xd6, 0xbb, 0xd6, 0xbb, 0xd6, 0xbb, 0xd6, 0xbb, 0xd6,
    0xbb, 0xd6, 0xbb, 0xde, 0xbb, 0xde, 0xbb, 0xde, 0xbb, 0xd6, 0xbb, 0xd6, 0xbb, 0xde, 0xbb, 0xde,
    0xbb, 0xde, 0xbb, 0xde, 0xbb, 0xd6, 0xbb, 0xd6, 0xbb, 0xd6, 0xbb, 0xd6, 0xbb, 0xd6, 0xbb, 0xd6,
    0xbb, 0xd6, 0xbb, 0xd6, 0xbb, 0xde, 0xbb, 0xd6, 0xbb, 0xd6, 0x5d, 0xef, 0x92, 0x94, 0xa2, 0x10,
    0xa3, 0x10, 0x82, 0x08, 0x62, 0x00, 0x88, 0x19, 0x9a, 0x8d, 0xfd, 0x85, 0xbd, 0x7d, 0xbd, 0x7d,
    0xde, 0x75, 0xde, 0x75, 0xde, 0x75, 0xde, 0x75, 0x1f, 0x86, 0xae, 0x32, 0x15, 0x4c, 0x9d, 0x6d,
    0x1a, 0x5d, 0x47, 0x11, 0x43, 0x08, 0x62, 0x08, 0x61, 0x10, 0x41, 0x10, 0x81, 0x10, 0x81, 0x08,
    0x82, 0x10, 0x81, 0x10, 0x81, 0x10, 0x82, 0x10, 0x82, 0x08, 0x82, 0x08, 0x62, 0x08, 0x41, 0x00,
    0x82, 0x10, 0x67, 0x21, 0x10, 0x3b, 0x97, 0x5c, 0x2f, 0x3b, 0x89, 0x19, 0x77, 0x5c, 0x9d, 0x6d,
    0xd8, 0x64, 0x0e, 0x4b, 0x0a, 0x22, 0xf4, 0x53, 0x35, 0x5c, 0x35, 0x5c, 0x14, 0x5c, 0xf3, 0x53,
    0xf4, 0x53, 0x55, 0x64, 0x88, 0x19, 0x61, 0x00, 0x82, 0x08, 0xa2, 0x08, 0xa3, 0x10, 0x45, 0x29,
    0x0c, 0x63, 0x1d, 0xe7, 0xdc, 0xde, 0xbb, 0xde, 0xbb, 0xde, 0xbb, 0xd6, 0xbb, 0xd6, 0xbb, 0xde,
    0xbb, 0xde, 0xbb, 0xde, 0xbb, 0xde, 0xbb, 0xde, 0xbb, 0xde, 0xbb, 0xde, 0xbb, 0xd6, 0xbb, 0xde,
    0x9b, 0xd6, 0xfc, 0xde, 0x9e, 0xf7, 0x9d, 0xf7, 0xdf, 0xff, 0x39, 0xce, 0x53, 0x8c, 0xb4, 0x94,
    0x93, 0x8c, 0x97, 0xb5, 0xbb, 0xd6, 0x9b, 0xd6, 0x9b, 0xd6, 0x5d, 0xef, 0xbe, 0xf7, 0xbe, 0xf7,
    0xbe, 0xf7, 0xcb, 0x5a, 0x25, 0x21, 0x86, 0x31, 0x66, 0x29, 0x4f, 0x21, 0x71, 0x21, 0x71, 0x21,
    0x71, 0x21, 0x72, 0x21, 0x4e, 0x21, 0x45, 0x29, 0x65, 0x29, 0x45, 0x29, 0xaa, 0x52, 0xbe, 0xf7,
    0xdf, 0xff, 0xdf, 0xff, 0x7e, 0xf7, 0xbb, 0xde, 0xbb, 0xd6, 0xdc, 0xde, 0x97, 0xb5, 0x73, 0x8c,
    0x94, 0x94, 0x73, 0x8c, 0x39, 0xc6, 0xdf, 0xf7, 0x9e, 0xf7, 0x9e, 0xf7, 0x1c, 0xe7, 0xbb, 0xde,
    0xbb, 0xde, 0xdb, 0xde, 0xbb, 0xde, 0xdb, 0xde, 0x39, 0xc6, 0xf8, 0xbd, 0x6a, 0x4a, 0x82, 0x10,
    0x04, 0x21, 0x04, 0x21, 0xe3, 0x18, 0xc3, 0x18, 0xe3, 0x18, 0xe4, 0x18, 0xc3, 0x18, 0xa3, 0x10,
    0xa3, 0x10, 0xb3, 0x94, 0x39, 0xc6, 0xf8, 0xbd, 0xb7, 0xb5, 0x7a, 0xce, 0xdb, 0xde, 0xbb, 0xd6,
    0xbb, 0xd6, 0xbb, 0xde, 0xbb, 0xd6, 0x38, 0xbe, 0xd8, 0xbd, 0xf8, 0xc5, 0x74, 0xb5, 0xc2, 0x30,
    0x40, 0x20, 0x20, 0x18, 0x40, 0x18, 0x20, 0x20, 0xe1, 0x81, 0x81, 0xdb, 0x02, 0xe4, 0x02, 0xed,
    0x02, 0xed, 0x02, 0xed, 0x02, 0xed, 0x03, 0xed, 0x03, 0xf5, 0xc2, 0xec, 0xa2, 0xec, 0xc2, 0xe3,
    0x01, 0xd3, 0xa1, 0xca, 0x82, 0xb2, 0x40, 0x30, 0x00, 0x00, 0x00, 0x00, 0x40, 0x10, 0xf8, 0xbd,
    0x5e, 0xe7, 0xdc, 0xde, 0xdb, 0xe6, 0xba, 0xde, 0xbb, 0xde, 0xbb, 0xd6, 0xbb, 0xde, 0xbb, 0xde,
    0xbb, 0xde, 0xbb, 0xd6, 0xbb, 0xd6, 0xbb, 0xd6, 0xbb, 0xd6, 0xbb, 0xd6, 0xbb, 0xd6, 0xbb, 0xd6,
    0xbb, 0xd6, 0xbb, 0xd6, 0xbb, 0xd6, 0xbb, 0xd6, 0xbb, 0xd6, 0xbb, 0xd6, 0xbb, 0xde, 0xbb, 0xde,
    0xbb, 0xde, 0xbb, 0xde, 0xbb, 0xde, 0xbb, 0xde, 0xbb, 0xde, 0xbb, 0xd6, 0xbb, 0xd6, 0xbb, 0xd6,
    0xbb, 0xd6, 0xbb, 0xd6, 0xbb, 0xd6, 0xbb, 0xd6, 0x9b, 0xd6, 0xbb, 0xd6, 0xbb, 0xd6, 0xbb, 0xd6,
    0xbb, 0xd6, 0xbb, 0xd6, 0x7a, 0xd6, 0x59, 0xd6, 0x28, 0x4a, 0x00, 0x00, 0xc2, 0x18, 0x25, 0x19,
    0x8c, 0x3a, 0x8d, 0x32, 0x4c, 0x2a, 0x4c, 0x2a, 0x6c, 0x2a, 0x6c, 0x2a, 0x6c, 0x32, 0x4c, 0x2a,
    0x4b, 0x32, 0x25, 0x19, 0xc4, 0x08, 0x8d, 0x32, 0x5c, 0x6d, 0xf8, 0x74, 0x46, 0x21, 0x41, 0x08,
    0x41, 0x00, 0x62, 0x08, 0xa2, 0x08, 0xa2, 0x08, 0x81, 0x10, 0x81, 0x10, 0x81, 0x10, 0x82, 0x10,
    0x62, 0x08, 0x82, 0x08, 0x82, 0x10, 0x82, 0x10, 0xa3, 0x10, 0xa3, 0x10, 0x62, 0x08, 0x00, 0x00,
    0x0f, 0x3b, 0xdd, 0x7d, 0x7c, 0x6d, 0x9d, 0x6d, 0xeb, 0x19, 0x62, 0x00, 0x82, 0x08, 0x62, 0x08,
    0x63, 0x08, 0x83, 0x08, 0x82, 0x08, 0x62, 0x08, 0x42, 0x00, 0xa3, 0x08, 0xe3, 0x18, 0xe2, 0x20,
    0x24, 0x21, 0x61, 0x08, 0x21, 0x08, 0xf8, 0xc5, 0xbc, 0xde, 0x9b, 0xd6, 0xbb, 0xde, 0xbb, 0xde,
    0xbb, 0xd6, 0xbb, 0xd6, 0xbb, 0xd6, 0xbb, 0xde, 0xbb, 0xde, 0xbb, 0xde, 0xbb, 0xd6, 0xbb, 0xd6,
    0xbb, 0xd6, 0xbb, 0xd6, 0xbb, 0xd6, 0xbb, 0xde, 0x9b, 0xd6, 0xfc, 0xde, 0x9e, 0xf7, 0x9d, 0xf7,
    0xbf, 0xff, 0x39, 0xc6, 0x53, 0x8c, 0x94, 0x94, 0x73, 0x8c, 0x97, 0xb5, 0xbb, 0xd6, 0x9b, 0xd6,
    0x9b, 0xd6, 0x5d, 0xef, 0xbe, 0xf7, 0xde, 0xff, 0xbe, 0xf7, 0xeb, 0x5a, 0x45, 0x21, 0x85, 0x31,
    0x66, 0x29, 0x4f, 0x21, 0x71, 0x21, 0x71, 0x21, 0x71, 0x21, 0x72, 0x21, 0x4e, 0x21, 0x45, 0x29,
    0x65, 0x29, 0x45, 0x29, 0xaa, 0x52, 0xbe, 0xf7, 0xdf, 0xff, 0xdf, 0xff, 0x7e, 0xf7, 0xbb, 0xde,
    0xbb, 0xd6, 0xdc, 0xde, 0x97, 0xb5, 0x73, 0x8c, 0x94, 0x94, 0x73, 0x8c, 0x39, 0xc6, 0xbf, 0xf7,
    0x7e, 0xf7, 0x9e, 0xf7, 0x1c, 0xe7, 0xbb, 0xd6, 0xbb, 0xde, 0xbb, 0xde, 0xbb, 0xde, 0xbb, 0xd6,
    0xdb, 0xde, 0x3d, 0xe7, 0x0c, 0x63, 0x82, 0x10, 0xa3, 0x10, 0xa2, 0x10, 0xc3, 0x18, 0xe3, 0x18,
    0xc3, 0x18, 0xc3, 0x18, 0xc3, 0x18, 0xc3, 0x18, 0xe3, 0x18, 0x96, 0xb5, 0x1d, 0xe7, 0xbb, 0xde,
    0xdc, 0xde, 0xdb, 0xde, 0xbb, 0xde, 0xbb, 0xde, 0xbb, 0xde, 0xbb, 0xde, 0xbb, 0xde, 0xdc, 0xde,
    0xdc, 0xe6, 0xfc, 0xe6, 0x9a, 0xce, 0xa6, 0x29, 0x03, 0x19, 0x24, 0x29, 0x65, 0x29, 0x45, 0x29,
    0xe4, 0x69, 0xa2, 0xba, 0x63, 0xc3, 0x03, 0xc4, 0xe3, 0xc3, 0x04, 0xcc, 0x03, 0xcc, 0x04, 0xcc,
    0x04, 0xcc, 0xa3, 0xc3, 0xa3, 0xc3, 0x23, 0xc3, 0xa2, 0xaa, 0xe2, 0x89, 0xe4, 0x79, 0x48, 0x5a,
    0x48, 0x3a, 0x28, 0x42, 0x8a, 0x52, 0x18, 0xce, 0xdb, 0xde, 0x9b, 0xd6, 0xbb, 0xd6, 0xbb, 0xd6,
    0xbb, 0xde, 0xbb, 0xde, 0xbb, 0xde, 0xbb, 0xde, 0xbb, 0xd6, 0xbb, 0xd6, 0xbb, 0xd6, 0xbb, 0xde,
    0xbb, 0xd6, 0xbb, 0xd6, 0xbb, 0xd6, 0xbb, 0xde, 0xbb, 0xde, 0xbb, 0xde, 0xbb, 0xde, 0xbb, 0xde,
    0xbb, 0xde, 0xbb, 0xd6, 0xbb, 0xde, 0xbb, 0xd6, 0xbb, 0xd6, 0xbb, 0xde, 0xbb, 0xde, 0xbb, 0xde,
    0xbb, 0xd6, 0xbb, 0xd6, 0xbb, 0xd6, 0x9b, 0xd6, 0xbb, 0xd6, 0x9b, 0xd6, 0x9b, 0xd6, 0x9b, 0xd6,
    0x9b, 0xd6, 0x9b, 0xd6, 0x9b, 0xd6, 0xbb, 0xde, 0xbb, 0xde, 0xbb, 0xde, 0xbb, 0xde, 0xfc, 0xe6,
    0xf0, 0x83, 0x08, 0x42, 0x24, 0x21, 0xa2, 0x10, 0xa3, 0x10, 0x41, 0x00, 0x21, 0x00, 0x20, 0x08,
    0x20, 0x08, 0x40, 0x08, 0x41, 0x08, 0x41, 0x00, 0x21, 0x00, 0x81, 0x10, 0x41, 0x08, 0xa8, 0x29,
    0x7c, 0x6d, 0xb8, 0x64, 0x25, 0x19, 0x01, 0x19, 0x21, 0x21, 0x21, 0x21, 0xc2, 0x18, 0xa2, 0x10,
    0xa2, 0x10, 0x82, 0x10, 0xa2, 0x10, 0xa2, 0x10, 0x82, 0x10, 0xa2, 0x10, 0xa2, 0x10, 0xa2, 0x10,
    0xa3, 0x10, 0xa3, 0x10, 0xa3, 0x10, 0x47, 0x19, 0xb3, 0x4b, 0x9d, 0x75, 0x7c, 0x6d, 0x5a, 0x75,
    0xa8, 0x21, 0x81, 0x10, 0xa2, 0x18, 0xa2, 0x18, 0xc3, 0x18, 0xc3, 0x10, 0xc3, 0x18, 0xc3, 0x18,
    0xc3, 0x10, 0xc3, 0x10, 0xe3, 0x18, 0xc3, 0x18, 0xc2, 0x18, 0xe7, 0x39, 0xcb, 0x5a, 0x59, 0xce,
    0xdc, 0xde, 0xbb, 0xd6, 0xbb, 0xde, 0xbb, 0xde, 0xbb, 0xd6, 0xbb, 0xd6, 0xbb, 0xde, 0xbb, 0xde,
    0xbb, 0xde, 0xbb, 0xde, 0xbb, 0xd6, 0xbb, 0xd6, 0xbb, 0xd6, 0xbb, 0xd6, 0xbb, 0xde, 0xbb, 0xde,
    0xbb, 0xd6, 0xfc, 0xde, 0x9e, 0xf7, 0x9d, 0xf7, 0xbf, 0xff, 0x39, 0xc6, 0x53, 0x8c, 0x94, 0x94,
    0x73, 0x8c, 0x97, 0xb5, 0xbb, 0xd6, 0x9b, 0xd6, 0x9b, 0xd6, 0x5d, 0xef, 0xbe, 0xf7, 0xbe, 0xf7,
    0xbe, 0xf7, 0xcb, 0x5a, 0x24, 0x21, 0x85, 0x31, 0x66, 0x29, 0x4f, 0x21, 0x71, 0x21, 0x71, 0x21,
    0x71, 0x21, 0x72, 0x21, 0x4e, 0x21, 0x65, 0x29, 0x65, 0x29, 0x45, 0x29, 0xaa, 0x52, 0xbe, 0xf7,
    0xdf, 0xff, 0xdf, 0xff, 0x7e, 0xf7, 0xbb, 0xde, 0xbb, 0xd6, 0xdc, 0xde, 0x97, 0xb5, 0x73, 0x8c,
    0x94, 0x94, 0x73, 0x8c, 0x39, 0xc6, 0xbf, 0xf7, 0x7e, 0xf7, 0x9e, 0xf7, 0x1c, 0xe7, 0xbb, 0xd6,
    0xbb, 0xde, 0xbb, 0xde, 0xbb, 0xde, 0xbb, 0xd6, 0xbb, 0xd6, 0xbb, 0xde, 0x59, 0xce, 0x18, 0xc6,
    0xf8, 0xc5, 0xf8, 0xbd, 0xf8, 0xc5, 0x18, 0xc6, 0x18, 0xc6, 0xf8, 0xbd, 0xf8, 0xbd, 0x18, 0xc6,
    0x18, 0xc6, 0x9a, 0xd6, 0xbb, 0xd6, 0x9b, 0xd6, 0x9b, 0xd6, 0xbb, 0xd6, 0xbb, 0xde, 0xbb, 0xde,
    0xbb, 0xde, 0xbb, 0xde, 0xbb, 0xde, 0xbb, 0xd6, 0xbb, 0xd6, 0xbb, 0xde, 0xbb, 0xde, 0x3a, 0xce,
    0x18, 0xc6, 0x39, 0xce, 0x7a, 0xc6, 0xbb, 0xce, 0xeb, 0x62, 0x00, 0x10, 0x60, 0x18, 0x60, 0x18,
    0x60, 0x18, 0x60, 0x18, 0x60, 0x18, 0x60, 0x18, 0x60, 0x18, 0x40, 0x18, 0x40, 0x18, 0x60, 0x18,
    0x60, 0x18, 0x00, 0x00, 0x21, 0x18, 0xb7, 0xbd, 0x1c, 0xe7, 0xdc, 0xde, 0xfc, 0xde, 0xba, 0xde,
    0x9a, 0xde, 0xbb, 0xde, 0xbc, 0xd6, 0xbb, 0xd6, 0xbb, 0xd6, 0xbb, 0xd6, 0xbb, 0xd6, 0xbb, 0xd6,
    0xbb, 0xd6, 0xbb, 0xd6, 0xbb, 0xd6, 0xbb, 0xde, 0xbb, 0xd6, 0xbb, 0xd6, 0xbb, 0xd6, 0xbb, 0xde,
    0xbb, 0xde, 0xbb, 0xde, 0xbb, 0xde, 0xbb, 0xde, 0xbb, 0xde, 0xbb, 0xde, 0xbb, 0xde, 0xbb, 0xd6,
    0xbb, 0xd6, 0xbb, 0xde, 0xbb, 0xd6, 0xbb, 0xd6, 0xbb, 0xd6, 0xbb, 0xd6, 0xbb, 0xd6, 0xbb, 0xd6,
    0xbb, 0xd6, 0xbb, 0xd6, 0x9b, 0xd6, 0x9b, 0xd6, 0x9b, 0xd6, 0x9b, 0xd6, 0xbb, 0xd6, 0xbb, 0xde,
    0xbb, 0xde, 0xbb, 0xde, 0xbb, 0xde, 0xbb, 0xd6, 0xfc, 0xde, 0x1d, 0xdf, 0x86, 0x29, 0x00, 0x00,
    0x20, 0x00, 0xc3, 0x18, 0x04, 0x21, 0x04, 0x21, 0xe3, 0x20, 0xe3, 0x20, 0x03, 0x21, 0x04, 0x19,
    0x04, 0x19, 0xe4, 0x18, 0x83, 0x08, 0x47, 0x11, 0x9c, 0x7d, 0x93, 0x43, 0x00, 0x00, 0x07, 0xad,
    0x09, 0xef, 0x29, 0xce, 0xa1, 0x18, 0x00, 0x08, 0xe3, 0x18, 0xc3, 0x18, 0xc3, 0x18, 0xc3, 0x18,
    0xc3, 0x18, 0xc3, 0x18, 0xc2, 0x18, 0xe2, 0x18, 0xc3, 0x18, 0xa2, 0x10, 0x05, 0x09, 0xf8, 0x74,
    0x9e, 0x75, 0x5c, 0x65, 0xde, 0x7d, 0x97, 0x64, 0xc5, 0x08, 0x04, 0x19, 0x04, 0x19, 0xe4, 0x18,
    0x04, 0x19, 0xe3, 0x18, 0xe3, 0x20, 0x03, 0x21, 0x03, 0x21, 0x03, 0x21, 0xe3, 0x18, 0x00, 0x00,
    0x00, 0x00, 0xb3, 0x94, 0xbf, 0xf7, 0xbb, 0xd6, 0xbb, 0xd6, 0xdb, 0xd6, 0xbb, 0xd6, 0xbb, 0xde,
    0xbb, 0xd6, 0xbb, 0xd6, 0xbb, 0xde, 0xbb, 0xde, 0xbb, 0xde, 0xbb, 0xde, 0xbb, 0xd6, 0xbb, 0xd6,
    0xbb, 0xd6, 0xbb, 0xd6, 0xbb, 0xde, 0xbb, 0xde, 0xbb, 0xd6, 0xfc, 0xde, 0x9e, 0xf7, 0x9d, 0xf7,
    0xbf, 0xff, 0x39, 0xc6, 0x53, 0x8c, 0x94, 0x94, 0x73, 0x8c, 0x77, 0xad, 0xbb, 0xd6, 0x9b, 0xd6,
    0x9b, 0xd6, 0x5d, 0xef, 0xbe, 0xf7, 0xbe, 0xf7, 0x9e, 0xf7, 0xcb, 0x5a, 0x24, 0x21, 0x85, 0x31,
    0x66, 0x29, 0x4f, 0x21, 0x71, 0x21, 0x71, 0x21, 0x71, 0x21, 0x72, 0x21, 0x4e, 0x21, 0x65, 0x29,
    0x85, 0x31, 0x45, 0x29, 0xaa, 0x52, 0xbe, 0xf7, 0xdf, 0xff, 0xdf, 0xff, 0x7e, 0xef, 0xbb, 0xd6,
    0xbb, 0xd6, 0xdc, 0xde, 0x97, 0xb5, 0x73, 0x8c, 0xb4, 0x94, 0x73, 0x8c, 0x39, 0xc6, 0xbf, 0xf7,
    0x7e, 0xf7, 0x9e, 0xf7, 0x1c, 0xe7, 0xbb, 0xd6, 0xbb, 0xde, 0xbb, 0xde, 0xbb, 0xde, 0xbb, 0xde,
    0xbb, 0xde, 0xbb, 0xde, 0xdc, 0xde, 0xfc, 0xde, 0xfc, 0xde, 0xdc, 0xde, 0xdc, 0xde, 0xdc, 0xde,
    0xdc, 0xde, 0xdc, 0xde, 0xfc, 0xde, 0xfc, 0xde, 0xdc, 0xde, 0xbb, 0xde, 0xbb, 0xd6, 0xbb, 0xd6,
    0xbb, 0xd6, 0xbb, 0xde, 0xbb, 0xde, 0xbb, 0xde, 0xbb, 0xde, 0xbb, 0xd6, 0xbb, 0xd6, 0xbb, 0xd6,
    0xbb, 0xd6, 0xbb, 0xd6, 0xbb, 0xde, 0xdc, 0xde, 0xbc, 0xde, 0xbc, 0xde, 0xbc, 0xde, 0x1c, 0xe7,
    0xae, 0x73, 0xa3, 0x10, 0x04, 0x19, 0x03, 0x19, 0x04, 0x19, 0xe3, 0x18, 0xe3, 0x18, 0xe3, 0x18,
    0x03, 0x19, 0x03, 0x19, 0xc3, 0x18, 0xe4, 0x10, 0x04, 0x19, 0x87, 0x39, 0x29, 0x4a, 0xb7, 0xb5,
    0xbb, 0xde, 0x9b, 0xd6, 0xbb, 0xd6, 0xbb, 0xd6, 0xbb, 0xde, 0xbb, 0xde, 0xbb, 0xde, 0xba, 0xde,
    0x9b, 0xde, 0xbb, 0xd6, 0xbb, 0xde, 0xbb, 0xde, 0xbb, 0xd6, 0xbb, 0xd6, 0xbb, 0xd6, 0xbb, 0xde,
    0xbb, 0xd6, 0xbb, 0xd6, 0xbb, 0xde, 0xbb, 0xde, 0xbb, 0xde, 0xbb, 0xde, 0xbb, 0xde, 0xbb, 0xde,
    0xbb, 0xde, 0xbb, 0xde, 0xbb, 0xde, 0xbb, 0xd6, 0xbb, 0xd6, 0xbb, 0xd6, 0xbb, 0xd6, 0xbb, 0xd6,
    0xbb, 0xd6, 0xbb, 0xd6, 0xbb, 0xd6, 0xbb, 0xd6, 0xbb, 0xd6, 0xbb, 0xd6, 0x9b, 0xd6, 0x9b, 0xd6,
    0x9b, 0xd6, 0x9b, 0xd6, 0xbb, 0xd6, 0xbb, 0xde, 0xbb, 0xde, 0xbb, 0xde, 0xbb, 0xd6, 0xbb, 0xd6,
    0xbb, 0xd6, 0xbb, 0xd6, 0x52, 0x8c, 0x8e, 0x73, 0x0c, 0x63, 0x81, 0x10, 0xc2, 0x18, 0xe4, 0x18,
    0xe4, 0x18, 0xe4, 0x18, 0xe3, 0x18, 0xe4, 0x18, 0xe3, 0x18, 0xe3, 0x18, 0xc3, 0x10, 0x05, 0x19,
    0xae, 0x3a, 0x0a, 0x4b, 0xa6, 0x7b, 0x88, 0xde, 0xa8, 0xff, 0x28, 0xf7, 0x26, 0x8c, 0x23, 0x42,
    0x81, 0x10, 0xe3, 0x18, 0xc3, 0x18, 0xc3, 0x18, 0xc3, 0x18, 0xc2, 0x18, 0xc3, 0x18, 0xc3, 0x18,
    0xc2, 0x18, 0xe4, 0x10, 0xee, 0x42, 0x5a, 0x75, 0x9e, 0x6d, 0x7d, 0x65, 0xd4, 0x4b, 0x4c, 0x2a,
    0xe4, 0x10, 0x04, 0x19, 0x03, 0x21, 0xe4, 0x18, 0xe3, 0x18, 0xe3, 0x18, 0xe3, 0x18, 0x03, 0x19,
    0xe3, 0x18, 0xa2, 0x10, 0xa2, 0x18, 0x4d, 0x6b, 0x6e, 0x6b, 0xb7, 0xb5, 0xfc, 0xde, 0xbb, 0xd6,
    0xdb, 0xde, 0xbb, 0xde, 0xbb, 0xde, 0xbb, 0xde, 0xbb, 0xd6, 0xbb, 0xd6, 0xbb, 0xde, 0xbb, 0xde,
    0xbb, 0xde, 0xbb, 0xde, 0xbb, 0xde, 0xbb, 0xde, 0xbb, 0xde, 0xbb, 0xde, 0xbb, 0xde, 0xbb, 0xde,
    0xbb, 0xd6, 0xfc, 0xde, 0x9e, 0xf7, 0x9d, 0xf7, 0xdf, 0xff, 0x39, 0xc6, 0x53, 0x8c, 0x94, 0x94,
    0x73, 0x8c, 0x77, 0xad, 0xbb, 0xd6, 0x9b, 0xd6, 0x9b, 0xd6, 0x5d, 0xef, 0xbe, 0xf7, 0xbe, 0xf7,
    0xbe, 0xf7, 0xcb, 0x5a, 0x24, 0x21, 0x65, 0x29, 0x45, 0x29, 0x4f, 0x21, 0x71, 0x21, 0x71, 0x21,
    0x71, 0x21, 0x72, 0x21, 0x4e, 0x21, 0x65, 0x29, 0x86, 0x31, 0x45, 0x29, 0xaa, 0x52, 0xbe, 0xf7,
    0xdf, 0xff, 0xdf, 0xff, 0x7e, 0xef, 0xbb, 0xd6, 0xbb, 0xd6, 0xdc, 0xde, 0x97, 0xb5, 0x73, 0x8c,
    0x94, 0x94, 0x73, 0x8c, 0x39, 0xc6, 0xbe, 0xf7, 0x7e, 0xf7, 0x9e, 0xf7, 0x1c, 0xe7, 0xbb, 0xd6,
    0xbb, 0xde, 0xbb, 0xde, 0xbb, 0xde, 0xbb, 0xde, 0xbb, 0xde, 0xbb, 0xde, 0xbb, 0xd6, 0xbb, 0xd6,
    0xbb, 0xde, 0xbb, 0xde, 0xbb, 0xde, 0xbb, 0xde, 0xbb, 0xd6, 0xbb, 0xd6, 0xbb, 0xd6, 0xbb, 0xd6,
    0xbb, 0xd6, 0xbb, 0xd6, 0xbb, 0xd6, 0xbb, 0xd6, 0xbb, 0xd6, 0xbb, 0xd6, 0xbb, 0xde, 0xbb, 0xde,
    0xbb, 0xd6, 0xbb, 0xd6, 0xbb, 0xde, 0xbb, 0xde, 0xbb, 0xde, 0xbb, 0xde, 0xbb, 0xd6, 0xbb, 0xd6,
    0xdb, 0xd6, 0xbb, 0xd6, 0x9b, 0xde, 0xba, 0xde, 0x7a, 0xd6, 0x1a, 0xce, 0x39, 0xce, 0x39, 0xce,
    0x19, 0xce, 0x19, 0xc6, 0x19, 0xc6, 0x19, 0xc6, 0x19, 0xc6, 0x19, 0xc6, 0xf9, 0xcd, 0xf8, 0xc5,
    0x38, 0xc6, 0x9b, 0xd6, 0xdb, 0xd6, 0xba, 0xd6, 0xbb, 0xde, 0xbb, 0xde, 0xbb, 0xde, 0xbb, 0xd6,
    0xbb, 0xd6, 0xbb, 0xd6, 0xbb, 0xd6, 0xbb, 0xd6, 0xbb, 0xd6, 0xbb, 0xd6, 0xbb, 0xd6, 0xbb, 0xd6,
    0xbb, 0xd6, 0xbb, 0xd6, 0xbb, 0xd6, 0xbb, 0xde, 0xbb, 0xd6, 0xbb, 0xde, 0xbb, 0xde, 0xbb, 0xde,
    0xbb, 0xde, 0xbb, 0xde, 0xbb, 0xde, 0xbb, 0xde, 0xbb, 0xde, 0xbb, 0xde, 0xbb, 0xd6, 0xbb, 0xd6,
    0xbb, 0xd6, 0xbb, 0xd6, 0xbb, 0xde, 0xbb, 0xde, 0xbb, 0xd6, 0xbb, 0xd6, 0xbb, 0xd6, 0xbb, 0xde,
    0xbb, 0xd6, 0xbb, 0xd6, 0xbb, 0xd6, 0xbb, 0xd6, 0x9b, 0xd6, 0x9b, 0xd6, 0xbb, 0xd6, 0xbb, 0xde,
    0xbc, 0xd6, 0xbb, 0xd6, 0xbb, 0xd6, 0xbb, 0xde, 0xbb, 0xde, 0xbb, 0xde, 0x1d, 0xe7, 0x7e, 0xef,
    0x39, 0xce, 0x20, 0x08, 0x41, 0x08, 0x04, 0x21, 0x04, 0x21, 0xe4, 0x18, 0x03, 0x19, 0xe3, 0x18,
    0xe3, 0x18, 0xe3, 0x20, 0x03, 0x21, 0xe3, 0x20, 0x00, 0x00, 0xa4, 0x5a, 0xeb, 0xff, 0x47, 0xff,
    0x47, 0xf7, 0x47, 0xf7, 0xea, 0xff, 0xc6, 0x9c, 0x40, 0x00, 0xc3, 0x18, 0xc3, 0x18, 0xc3, 0x18,
    0xc3, 0x18, 0xc3, 0x18, 0xc3, 0x18, 0x82, 0x10, 0x41, 0x00, 0xe6, 0x08, 0xf8, 0x6c, 0xdd, 0x75,
    0xbc, 0x75, 0x9b, 0x7d, 0x68, 0x19, 0x00, 0x00, 0xe3, 0x20, 0xe3, 0x20, 0xe3, 0x20, 0x04, 0x19,
    0xe3, 0x18, 0xe3, 0x18, 0xe3, 0x18, 0x04, 0x19, 0xc3, 0x18, 0x00, 0x00, 0x82, 0x10, 0xba, 0xd6,
    0x5e, 0xef, 0xdc, 0xde, 0xbb, 0xde, 0xbb, 0xde, 0xbb, 0xde, 0xbb, 0xde, 0xbc, 0xde, 0xbb, 0xde,
    0xbb, 0xd6, 0xbb, 0xd6, 0xbb, 0xde, 0xbb, 0xde, 0xbb, 0xde, 0xbb, 0xde, 0xbb, 0xde, 0xbb, 0xde,
    0xbb, 0xde, 0xbb, 0xde, 0xbb, 0xde, 0xbb, 0xde, 0xbb, 0xd6, 0xfc, 0xde, 0x9e, 0xf7, 0x7d, 0xf7,
    0xbf, 0xff, 0x39, 0xc6, 0x53, 0x8c, 0x94, 0x94, 0x73, 0x8c, 0x77, 0xad, 0xbb, 0xd6, 0x9b, 0xd6,
    0x9b, 0xd6, 0x5d, 0xef, 0xbe, 0xf7, 0xbe, 0xf7, 0x9e, 0xf7, 0xcb, 0x5a, 0x24, 0x21, 0x65, 0x29,
    0x45, 0x29, 0x4f, 0x21, 0x71, 0x21, 0x71, 0x21, 0x71, 0x21, 0x72, 0x21, 0x4e, 0x21, 0x65, 0x29,
    0x65, 0x29, 0x45, 0x29, 0xaa, 0x52, 0x9e, 0xf7, 0xdf, 0xff, 0xdf, 0xff, 0x7e, 0xef, 0xbb, 0xd6,
    0xbb, 0xd6, 0xdc, 0xde, 0x97, 0xb5, 0x73, 0x8c, 0x94, 0x94, 0x73, 0x8c, 0x39, 0xc6, 0xbf, 0xf7,
    0x7e, 0xf7, 0x9e, 0xf7, 0xfc, 0xe6, 0xbb, 0xde, 0xbb, 0xde, 0xbb, 0xde, 0xbb, 0xde, 0xbb, 0xde,
    0xbb, 0xde, 0xbb, 0xde, 0xbb, 0xde, 0xbb, 0xde, 0xbb, 0xde, 0xbb, 0xde, 0xbb, 0xde, 0xbb, 0xde,
    0xbb, 0xde, 0xbb, 0xd6, 0xbb, 0xd6, 0xbb, 0xde, 0xbb, 0xde, 0xbb, 0xd6, 0xbb, 0xd6, 0xbb, 0xd6,
    0xbb, 0xd6, 0xbb, 0xd6, 0xbb, 0xd6, 0xbb, 0xd6, 0xbb, 0xde, 0xbb, 0xd6, 0xbb, 0xd6, 0xbb, 0xde,
    0xbb, 0xde, 0xbb, 0xd6, 0xbb, 0xd6, 0xbb, 0xd6, 0xbb, 0xd6, 0xbb, 0xd6, 0xbb, 0xde, 0xbb, 0xd6,
    0xbb, 0xde, 0xdc, 0xde, 0xdc, 0xde, 0xbb, 0xde, 0xbb, 0xde, 0xbb, 0xde, 0xbb, 0xde, 0xbb, 0xde,
    0xbb, 0xde, 0xbb, 0xde, 0xbb, 0xde, 0xbb, 0xde, 0xbb, 0xde, 0xbb, 0xde, 0xbb, 0xde, 0xbb, 0xd6,
    0xbb, 0xd6, 0xbb, 0xde, 0xbb, 0xde, 0xbb, 0xde, 0xbb, 0xde, 0xbb, 0xd6, 0xbb, 0xd6, 0xbb, 0xd6,
    0xbb, 0xd6, 0xbb, 0xd6, 0xbb, 0xd6, 0xbb, 0xd6, 0xbb, 0xd6, 0xbb, 0xd6, 0xbb, 0xde, 0xbb, 0xde,
    0xbb, 0xde, 0xbb, 0xde, 0xbb, 0xde, 0xbb, 0xde, 0xbb, 0xde, 0xbb, 0xde, 0xbb, 0xde, 0xbb, 0xde,
    0xbb, 0xde, 0xbb, 0xd6, 0xbb, 0xd6, 0xbb, 0xd6, 0xbb, 0xd6, 0xbb, 0xd6, 0xbb, 0xd6, 0xbb, 0xde,
    0xbb, 0xd6, 0xbb, 0xd6, 0xbb, 0xde, 0xbb, 0xde, 0xbb, 0xd6, 0xbb, 0xd6, 0xbb, 0xd6, 0xbb, 0xde,
    0xbb, 0xd6, 0xbb, 0xd6, 0xbb, 0xde, 0xbb, 0xde, 0xbb, 0xd6, 0xbb, 0xd6, 0xbb, 0xd6, 0xbb, 0xd6,
    0xbb, 0xde, 0xbb, 0xde, 0xbb, 0xd6, 0xbb, 0xd6, 0x5a, 0xce, 0x35, 0xa5, 0x51, 0x8c, 0xa2, 0x10,
    0x61, 0x08, 0x41, 0x08, 0x61, 0x08, 0xe3, 0x18, 0xe3, 0x18, 0xe3, 0x18, 0xe3, 0x18, 0xe3, 0x18,
    0x21, 0x00, 0xc4, 0x5a, 0xa9, 0xff, 0x47, 0xff, 0x47, 0xff, 0x66, 0xf7, 0xc8, 0xff, 0xa5, 0x9c,
    0x20, 0x00, 0x81, 0x08, 0x81, 0x10, 0x82, 0x10, 0x82, 0x10, 0x81, 0x10, 0x62, 0x00, 0x8c, 0x3a,
    0xd2, 0x53, 0x15, 0x54, 0x3b, 0x65, 0xde, 0x7d, 0x97, 0x5c, 0x4c, 0x2a, 0x46, 0x19, 0xc3, 0x10,
    0xe3, 0x18, 0xe3, 0x20, 0x03, 0x21, 0xe4, 0x20, 0xe4, 0x20, 0x61, 0x08, 0x20, 0x00, 0x00, 0x00,
    0xa7, 0x39, 0x35, 0xad, 0x35, 0xad, 0x9a, 0xd6, 0xbb, 0xd6, 0xbb, 0xde, 0xbb, 0xde, 0xbb, 0xde,
    0xbb, 0xde, 0xbb, 0xde, 0xbb, 0xde, 0xbb, 0xd6, 0xbb, 0xd6, 0xbb, 0xde, 0xbb, 0xde, 0xbb, 0xde,
    0xbb, 0xd6, 0xbb, 0xde, 0xbb, 0xd6, 0xbb, 0xd6, 0xbb, 0xd6, 0xbb, 0xd6, 0xbb, 0xd6, 0xbb, 0xd6,
    0xbb, 0xd6, 0xfc, 0xde, 0x9e, 0xf7, 0x7d, 0xf7, 0xbe, 0xff, 0x39, 0xc6, 0x73, 0x8c, 0x94, 0x94,
    0x73, 0x8c, 0x77, 0xad, 0xbb, 0xd6, 0x9b, 0xd6, 0x9b, 0xd6, 0x5d, 0xef, 0xbe, 0xf7, 0xbe, 0xf7,
    0x9e, 0xf7, 0xcb, 0x5a, 0x24, 0x21, 0x65, 0x29, 0x45, 0x29, 0x4f, 0x21, 0x71, 0x21, 0x71, 0x21,
    0x71, 0x21, 0x72, 0x21, 0x4e, 0x21, 0x65, 0x29, 0x65, 0x29, 0x25, 0x21, 0xaa, 0x52, 0xbe, 0xf7,
    0xdf, 0xff, 0xdf, 0xff, 0x7e, 0xef, 0xbb, 0xd6, 0xbb, 0xd6, 0xdc, 0xde, 0x97, 0xb5, 0x73, 0x8c,
    0x94, 0x94, 0x73, 0x8c, 0x39, 0xc6, 0xbf, 0xf7, 0x7e, 0xf7, 0x9e, 0xf7, 0xfc, 0xe6, 0xbb, 0xde,
    0xbb, 0xde, 0xbb, 0xde, 0xbb, 0xde, 0xbb, 0xde, 0xbb, 0xde, 0xbb, 0xde, 0xbb, 0xde, 0xbb, 0xde,
    0xbb, 0xde, 0xbb, 0xde, 0xbb, 0xde, 0xbb, 0xde, 0xbb, 0xde, 0xbb, 0xd6, 0xbb, 0xd6, 0xbb, 0xde,
    0xbb, 0xde, 0xbb, 0xd6, 0xbb, 0xd6, 0xbb, 0xd6, 0xbb, 0xd6, 0xbb, 0xd6, 0xbb, 0xd6, 0xbb, 0xd6,
    0xbb, 0xd6, 0xbb, 0xd6, 0xbb, 0xd6, 0xbb, 0xde, 0xbb, 0xd6, 0xbb, 0xd6, 0xbb, 0xd6, 0xbb, 0xd6,
    0xbb, 0xde, 0xbb, 0xd6, 0xbb, 0xd6, 0xbb, 0xd6, 0xbb, 0xde, 0xbb, 0xd6, 0xbb, 0xd6, 0xbb, 0xd6,
    0xbb, 0xd6, 0xbb, 0xd6, 0x9b, 0xd6, 0x9b, 0xd6, 0x9b, 0xd6, 0x9b, 0xd6, 0x9b, 0xd6, 0xbb, 0xd6,
    0x9b, 0xd6, 0xbb, 0xd6, 0xbb, 0xde, 0xbb, 0xde, 0xbb, 0xd6, 0xbb, 0xd6, 0xbb, 0xd6, 0xbb, 0xd6,
    0xbb, 0xde, 0xbb, 0xd6, 0xbb, 0xd6, 0xbb, 0xd6, 0xbb, 0xd6, 0xbb, 0xd6, 0xbb, 0xd6, 0xbb, 0xd6,
    0xbb, 0xde, 0xbb, 0xd6, 0xbb, 0xd6, 0xbb, 0xd6, 0xbb, 0xde, 0xbb, 0xde, 0xbb, 0xde, 0xbb, 0xde,
    0xbb, 0xde, 0xbb, 0xde, 0xbb, 0xde, 0xbb, 0xde, 0xbb, 0xde, 0xbb, 0xd6, 0xbb, 0xd6, 0xbb, 0xd6,
    0xbb, 0xd6, 0xbb, 0xd6, 0xbb, 0xd6, 0xbb, 0xd6, 0xbb, 0xd6, 0xbb, 0xde, 0xbb, 0xde, 0xbb, 0xde,
    0xbb, 0xde, 0xbb, 0xd6, 0xbb, 0xd6, 0xbb, 0xd6, 0xbb, 0xd6, 0xbb, 0xd6, 0xbb, 0xde, 0xbb, 0xde,
    0xbb, 0xd6, 0xbb, 0xd6, 0xbb, 0xd6, 0xbb, 0xd6, 0xbb, 0xde, 0xbb, 0xde, 0xbb, 0xd6, 0xbb, 0xd6,
    0xbb, 0xde, 0x5d, 0xef, 0x39, 0xc6, 0x45, 0x29, 0xe3, 0x18, 0xe3, 0x18, 0xe3, 0x18, 0xe3, 0x18,
    0xe3, 0x18, 0xe3, 0x18, 0xe3, 0x18, 0xe3, 0x18, 0x41, 0x08, 0x84, 0x52, 0x6a, 0xef, 0x27, 0xf7,
    0x47, 0xff, 0x46, 0xf7, 0x6a, 0xf7, 0x88, 0x94, 0x82, 0x08, 0xc4, 0x08, 0xc4, 0x08, 0xe4, 0x08,
    0xe5, 0x10, 0xe4, 0x10, 0xc5, 0x08, 0x36, 0x54, 0xfe, 0x85, 0xbe, 0x75, 0x5c, 0x6d, 0x7b, 0x7d,
    0x71, 0x53, 0x42, 0x00, 0x04, 0x19, 0x04, 0x19, 0xe3, 0x18, 0x03, 0x21, 0xe3, 0x20, 0xc3, 0x18,
    0x04, 0x21, 0x45, 0x29, 0x45, 0x29, 0xe3, 0x18, 0xec, 0x5a, 0x5d, 0xef, 0xfc, 0xe6, 0xbb, 0xde,
    0xbb, 0xde, 0xbb, 0xde, 0xbb, 0xde, 0xbb, 0xde, 0xbb, 0xde, 0xbb, 0xde, 0xbb, 0xd6, 0xbb, 0xd6,
    0xbb, 0xd6, 0xbb, 0xd6, 0xbb, 0xd6, 0xbb, 0xd6, 0xbb, 0xd6, 0xbb, 0xd6, 0xbb, 0xd6, 0xbb, 0xd6,
    0xbb, 0xd6, 0xbb, 0xd6, 0xbb, 0xd6, 0xbb, 0xd6, 0xbb, 0xd6, 0xfc, 0xde, 0x9e, 0xf7, 0x7d, 0xf7,
    0xbe, 0xff, 0x39, 0xc6, 0x73, 0x8c, 0x94, 0x94, 0x73, 0x8c, 0x77, 0xb5, 0xbb, 0xd6, 0xbb, 0xd6,
    0x9b, 0xd6, 0x5d, 0xef, 0xbe, 0xf7, 0xbe, 0xf7, 0x9e, 0xf7, 0xcb, 0x5a, 0x24, 0x21, 0x65, 0x29,
    0x45, 0x29, 0x4f, 0x21, 0x71, 0x21, 0x71, 0x21, 0x71, 0x21, 0x72, 0x21, 0x4e, 0x21, 0x65, 0x29,
    0x65, 0x29, 0x24, 0x21, 0xaa, 0x52, 0xbe, 0xf7, 0xdf, 0xff, 0xdf, 0xff, 0x7e, 0xef, 0xbb, 0xd6,
    0xbb, 0xd6, 0xdc, 0xde, 0x97, 0xb5, 0x73, 0x8c, 0x94, 0x94, 0x73, 0x8c, 0x39, 0xc6, 0xdf, 0xf7,
    0x9e, 0xf7, 0x9e, 0xf7, 0xfc, 0xe6, 0xbb, 0xde, 0xbb, 0xde, 0xbb, 0xde, 0xbb, 0xde, 0xbb, 0xde,
    0xbb, 0xde, 0xbb, 0xde, 0xbb, 0xde, 0xbb, 0xde, 0xbb, 0xde, 0xbb, 0xde, 0xbb, 0xde, 0xbb, 0xde,
    0xbb, 0xd6, 0xbb, 0xd6, 0xbb, 0xd6, 0xbb, 0xde, 0xbb, 0xde, 0xbb, 0xd6, 0xbb, 0xd6, 0xbb, 0xd6,
    0xbb, 0xde, 0xbb, 0xde, 0xbb, 0xd6, 0xbb, 0xd6, 0xbb, 0xd6, 0xbb, 0xd6, 0xbb, 0xd6, 0xbb, 0xd6,
    0xbb, 0xd6, 0xbb, 0xd6, 0xbb, 0xde, 0xbb, 0xd6, 0xbb, 0xd6, 0xbb, 0xd6, 0xbb, 0xd6, 0xbb, 0xd6,
    0xbb, 0xde, 0xbb, 0xde, 0xbb, 0xde, 0xbb, 0xde, 0xbb, 0xde, 0xbb, 0xde, 0xbb, 0xd6, 0xbb, 0xd6,
    0xbb, 0xd6, 0xbb, 0xde, 0xbb, 0xd6, 0xbb, 0xde, 0xbb, 0xd6, 0xbb, 0xde, 0xbb, 0xde, 0xbb, 0xde,
    0xbb, 0xde, 0xbb, 0xd6, 0xbb, 0xd6, 0xbb, 0xd6, 0xbb, 0xd6, 0xbb, 0xd6, 0xbb, 0xd6, 0xbb, 0xd6,
    0xbb, 0xd6, 0xbb, 0xd6, 0xbb, 0xd6, 0xbb, 0xd6, 0xbb, 0xd6, 0xbb, 0xd6, 0xbb, 0xd6, 0xbb, 0xd6,
    0xbb, 0xde, 0xbb, 0xde, 0xbb, 0xde, 0xbb, 0xde, 0xbb, 0xde, 0xbb, 0xde, 0xbb, 0xde, 0xbb, 0xd6,
    0xbb, 0xd6, 0xbb, 0xd6, 0xbb, 0xd6, 0xbb, 0xd6, 0xbb, 0xd6, 0xbb, 0xd6, 0xbb, 0xd6, 0xbb, 0xd6,
    0xbb, 0xd6, 0xbb, 0xde, 0xbb, 0xde, 0xbb, 0xd6, 0xbb, 0xde, 0xbb, 0xd6, 0xbb, 0xd6, 0xbb, 0xd6,
    0xbb, 0xde, 0xbb, 0xde, 0xbb, 0xde, 0xbb, 0xde, 0xbb, 0xd6, 0xbb, 0xd6, 0xbb, 0xd6, 0xbb, 0xd6,
    0xbb, 0xd6, 0xbb, 0xd6, 0xbb, 0xd6, 0xbb, 0xd6, 0xbb, 0xd6, 0xbb, 0xd6, 0xbb, 0xd6, 0x59, 0xce,
    0x38, 0xc6, 0xba, 0xd6, 0x51, 0x8c, 0x00, 0x00, 0x21, 0x00, 0x20, 0x00, 0xc3, 0x18, 0x04, 0x21,
    0xe3, 0x18, 0x02, 0x21, 0xe1, 0x39, 0x68, 0xd6, 0xe9, 0xff, 0x2a, 0xf7, 0x42, 0x4a, 0xa8, 0x42,
    0xd7, 0x64, 0xb8, 0x64, 0xb8, 0x64, 0xd8, 0x64, 0xf9, 0x6c, 0xf9, 0x6c, 0xf9, 0x6c, 0x5b, 0x6d,
    0x7c, 0x6d, 0xfe, 0x75, 0xb8, 0x64, 0x88, 0x11, 0x46, 0x19, 0x04, 0x19, 0x04, 0x21, 0x04, 0x21,
    0x03, 0x21, 0x20, 0x00, 0x00, 0x00, 0x00, 0x00, 0x82, 0x10, 0xb7, 0xb5, 0xbb, 0xd6, 0x7a, 0xce,
    0x7a, 0xd6, 0xbb, 0xd6, 0xbb, 0xd6, 0xbb, 0xde, 0xbb, 0xde, 0xbb, 0xde, 0xbb, 0xde, 0xbb, 0xde,
    0xbb, 0xde, 0xbb, 0xde, 0xbb, 0xde, 0xbb, 0xd6, 0xbb, 0xd6, 0xbb, 0xd6, 0xbb, 0xd6, 0xbb, 0xd6,
    0xbb, 0xd6, 0xbb, 0xd6, 0xbb, 0xd6, 0xbb, 0xd6, 0xbb, 0xd6, 0xbb, 0xd6, 0xbb, 0xd6, 0xbb, 0xd6,
    0xbb, 0xd6, 0xfc, 0xde, 0x9e, 0xf7, 0x7d, 0xf7, 0xbe, 0xff, 0x39, 0xc6, 0x73, 0x8c, 0x94, 0x94,
    0x73, 0x8c, 0x97, 0xb5, 0xbb, 0xd6, 0xbb, 0xd6, 0x9b, 0xd6, 0x5d, 0xef, 0xbe, 0xf7, 0xbe, 0xf7,
    0x9e, 0xf7, 0xcb, 0x5a, 0x24, 0x21, 0x65, 0x29, 0x45, 0x29, 0x4f, 0x21, 0x71, 0x21, 0x71, 0x21,
    0x71, 0x21, 0x72, 0x21, 0x4e, 0x21, 0x45, 0x29, 0x65, 0x29, 0x24, 0x21, 0xaa, 0x52, 0xbe, 0xf7,
    0xdf, 0xff, 0xdf, 0xff, 0x7e, 0xf7, 0xbb, 0xd6, 0xbb, 0xd6, 0xdb, 0xde, 0x97, 0xb5, 0x73, 0x8c,
    0xb4, 0x94, 0x73, 0x8c, 0x39, 0xc6, 0xdf, 0xf7, 0x9e, 0xf7, 0x9e, 0xf7, 0x1c, 0xe7, 0xbb, 0xd6,
    0xbb, 0xde, 0xbb, 0xde, 0xbb, 0xde, 0xbb, 0xde, 0xbb, 0xde, 0xbb, 0xde, 0xbb, 0xde, 0xbb, 0xde,
    0xbb, 0xde, 0xbb, 0xde, 0xbb, 0xd6, 0xbb, 0xd6, 0xbb, 0xd6, 0xbb, 0xd6, 0xbb, 0xd6, 0xbb, 0xd6,
    0xbb, 0xd6, 0xbb, 0xd6, 0xbb, 0xde, 0xbb, 0xd6, 0xbb, 0xd6, 0xbb, 0xde, 0xbb, 0xde, 0xbb, 0xde,
    0xbb, 0xd6, 0xbb, 0xd6, 0xbb, 0xd6, 0xbb, 0xd6, 0x9b, 0xd6, 0xbb, 0xd6, 0xbb, 0xd6, 0xbb, 0xde,
    0xbb, 0xd6, 0xbb, 0xd6, 0xbb, 0xd6, 0xbb, 0xd6, 0xbb, 0xd6, 0xbb, 0xde, 0xbb, 0xd6, 0xbb, 0xd6,
    0xbb, 0xde, 0xbb, 0xde, 0xbb, 0xde, 0xbb, 0xde, 0xbb, 0xde, 0xbb, 0xde, 0xbb, 0xde, 0xbb, 0xd6,
    0xbb, 0xd6, 0xbb, 0xde, 0xbb, 0xde, 0xbb, 0xde, 0xbb, 0xd6, 0xbb, 0xd6, 0xbb, 0xd6, 0xbb, 0xde,
    0xbb, 0xde, 0xbb, 0xde, 0xbb, 0xd6, 0xbb, 0xd6, 0xbb, 0xd6, 0xbb, 0xd6, 0xbb, 0xd6, 0xbb, 0xd6,
    0xbb, 0xd6, 0xbb, 0xd6, 0xbb, 0xde, 0xbb, 0xde, 0xbb, 0xd6, 0xbb, 0xde, 0xbb, 0xde, 0xbb, 0xde,
    0xbb, 0xde, 0xbb, 0xde, 0xbb, 0xd6, 0xbb, 0xde, 0xbb, 0xd6, 0xbb, 0xd6, 0xbb, 0xd6, 0xbb, 0xd6,
    0xbb, 0xd6, 0xbb, 0xd6, 0xbb, 0xd6, 0xbb, 0xd6, 0xbb, 0xd6, 0xbb, 0xd6, 0xbb, 0xd6, 0xbb, 0xde,
    0xbb, 0xde, 0xbb, 0xd6, 0xbb, 0xde, 0xbb, 0xde, 0xbb, 0xde, 0xbb, 0xde, 0xbb, 0xde, 0xbb, 0xde,
    0xbb, 0xd6, 0xbb, 0xd6, 0xbb, 0xd6, 0xbb, 0xd6, 0xbb, 0xd6, 0xbb, 0xd6, 0xbb, 0xd6, 0xbb, 0xd6,
    0xbb, 0xd6, 0xbb, 0xde, 0xdb, 0xde, 0xdb, 0xde, 0xdb, 0xde, 0x3d, 0xe7, 0x14, 0xa5, 0x25, 0x21,
    0x86, 0x31, 0x86, 0x31, 0x04, 0x21, 0xe3, 0x18, 0xe3, 0x18, 0x82, 0x10, 0x21, 0x08, 0x09, 0x84,
    0x8a, 0xbd, 0xc9, 0xa4, 0x04, 0x19, 0xae, 0x32, 0xbd, 0x75, 0x9d, 0x6d, 0x9d, 0x6d, 0x9d, 0x6d,
    0x9d, 0x75, 0xbd, 0x75, 0xbd, 0x75, 0xbd, 0x6d, 0x7c, 0x65, 0xb8, 0x64, 0x70, 0x53, 0x42, 0x00,
    0x62, 0x10, 0xe4, 0x18, 0xe3, 0x18, 0xe3, 0x20, 0x04, 0x21, 0x45, 0x29, 0x45, 0x29, 0x66, 0x29,
    0xe7, 0x39, 0x39, 0xc6, 0xfc, 0xe6, 0xdb, 0xde, 0xbb, 0xde, 0xbb, 0xde, 0xbb, 0xde, 0xbb, 0xde,
    0xbb, 0xde, 0xbb, 0xde, 0xbb, 0xde, 0xbb, 0xde, 0xbb, 0xde, 0xbb, 0xde, 0xbb, 0xde, 0xbb, 0xd6,
    0xbb, 0xde, 0xbb, 0xd6, 0xbb, 0xd6, 0xbb, 0xd6, 0xbb, 0xd6, 0xbb, 0xd6, 0xbb, 0xd6, 0xbb, 0xd6,
    0xbb, 0xd6, 0xbb, 0xd6, 0xbb, 0xd6, 0xbb, 0xd6, 0xbb, 0xd6, 0xfc, 0xde, 0x9e, 0xf7, 0x9d, 0xf7,
    0xbf, 0xff, 0x39, 0xc6, 0x73, 0x8c, 0xb4, 0x94, 0x73, 0x8c, 0x97, 0xb5, 0xdb, 0xd6, 0xbb, 0xd6,
    0xbb, 0xd6, 0x5d, 0xef, 0xbe, 0xf7, 0xbe, 0xf7, 0xbe, 0xf7, 0xcb, 0x5a, 0x24, 0x21, 0x65, 0x29,
    0x66, 0x29, 0x4f, 0x21, 0x71, 0x21, 0x71, 0x21, 0x71, 0x21, 0x72, 0x21, 0x4e, 0x21, 0x45, 0x29,
    0x65, 0x29, 0x24, 0x21, 0xaa, 0x52, 0xbe, 0xf7, 0xdf, 0xff, 0xdf, 0xff, 0x7e, 0xf7, 0xbb, 0xd6,
    0xbb, 0xd6, 0xdc, 0xde, 0x97, 0xb5, 0x73, 0x8c, 0xb4, 0x94, 0x73, 0x8c, 0x39, 0xc6, 0xdf, 0xf7,
    0x9e, 0xf7, 0x9e, 0xf7, 0x1c, 0xe7, 0xbb, 0xd6, 0xbb, 0xde, 0xbb, 0xde, 0xbb, 0xde, 0xbb, 0xde,
    0xbb, 0xde, 0xbb, 0xde, 0xbb, 0xde, 0xbb, 0xde, 0xbb, 0xde, 0xbb, 0xde, 0xbb, 0xde, 0xbb, 0xd6,
    0xbb, 0xd6, 0xbb, 0xd6, 0xbb, 0xd6, 0xbb, 0xd6, 0xbb, 0xd6, 0xbb, 0xd6, 0xbb, 0xde, 0xbb, 0xd6,
    0xbb, 0xd6, 0xbb, 0xde, 0xbb, 0xde, 0xbb, 0xde, 0xbb, 0xd6, 0xbb, 0xd6, 0xbb, 0xd6, 0xbb, 0xd6,
    0x9b, 0xd6, 0xbb, 0xd6, 0xbb, 0xd6, 0xbb, 0xde, 0xbb, 0xd6, 0xbb, 0xd6, 0xbb, 0xd6, 0xbb, 0xd6,
    0xbb, 0xd6, 0xbb, 0xde, 0xbb, 0xd6, 0xbb, 0xd6, 0xbb, 0xd6, 0xbb, 0xd6, 0xbb, 0xd6, 0xbb, 0xd6,
    0xbb, 0xd6, 0xbb, 0xd6, 0xbb, 0xde, 0xbb, 0xd6, 0xbb, 0xd6, 0xbb, 0xde, 0xbb, 0xde, 0xbb, 0xde,
    0xbb, 0xd6, 0xbb, 0xd6, 0xbb, 0xd6, 0xbb, 0xde, 0xbb, 0xde, 0xbb, 0xde, 0xbb, 0xde, 0xbb, 0xd6,
    0xbb, 0xde, 0xbb, 0xde, 0xbb, 0xde, 0xbb, 0xd6, 0xbb, 0xde, 0xbb, 0xd6, 0xbb, 0xde, 0xbb, 0xde,
    0xbb, 0xde, 0xbb, 0xde, 0xbb, 0xde, 0xbb, 0xde, 0xbb, 0xde, 0xbb, 0xd6, 0xbb, 0xd6, 0xbb, 0xd6,
    0xbb, 0xd6, 0xbb, 0xd6, 0xbb, 0xd6, 0xbb, 0xd6, 0xbb, 0xd6, 0xbb, 0xd6, 0xbb, 0xd6, 0xbb, 0xd6,
    0xbb, 0xd6, 0xbb, 0xd6, 0xbb, 0xd6, 0xbb, 0xde, 0xbb, 0xd6, 0xbb, 0xd6, 0xbb, 0xde, 0xbb, 0xde,
    0xbb, 0xde, 0xbb, 0xde, 0xbb, 0xde, 0xbb, 0xde, 0xbb, 0xd6, 0xbb, 0xd6, 0xbb, 0xd6, 0xbb, 0xd6,
    0xbb, 0xd6, 0xbb, 0xd6, 0xbb, 0xd6, 0xbb, 0xde, 0xbb, 0xde, 0xbb, 0xde, 0xbb, 0xde, 0xbb, 0xd6,
    0xbb, 0xd6, 0xbb, 0xde, 0x9b, 0xd6, 0x5a, 0xce, 0x9a, 0xd6, 0x9a, 0xd6, 0x86, 0x31, 0x00, 0x00,
    0x00, 0x00, 0x00, 0x00, 0x20, 0x00, 0x00, 0x00, 0x00, 0x08, 0x60, 0x10, 0x06, 0x19, 0x30, 0x3b,
    0x7c, 0x6d, 0x7c, 0x6d, 0x9c, 0x75, 0x9d, 0x75, 0x9d, 0x75, 0x9c, 0x6d, 0x9c, 0x75, 0x9d, 0x7d,
    0x19, 0x75, 0x27, 0x11, 0x62, 0x00, 0x00, 0x00, 0x00, 0x00, 0x20, 0x00, 0x00, 0x00, 0x00, 0x00,
    0xa3, 0x10, 0x18, 0xc6, 0x7a, 0xd6, 0x9a, 0xd6, 0x9a, 0xd6, 0xbb, 0xd6, 0xbb, 0xde, 0xbb, 0xd6,
    0xbb, 0xde, 0xbb, 0xde, 0xbb, 0xde, 0xbb, 0xde, 0xbb, 0xde, 0xbb, 0xde, 0xbb, 0xde, 0xbb, 0xde,
    0xbb, 0xde, 0xbb, 0xde, 0xbb, 0xd6, 0xbb, 0xd6, 0xbb, 0xde, 0xbb, 0xd6, 0xbb, 0xd6, 0xbb, 0xd6,
    0xbb, 0xd6, 0xbb, 0xd6, 0xbb, 0xd6, 0xbb, 0xd6, 0xbb, 0xd6, 0xbb, 0xd6, 0xbb, 0xd6, 0xbb, 0xd6,
    0xbb, 0xd6, 0xfc, 0xde, 0x9e, 0xf7, 0x9d, 0xf7, 0xbf, 0xff, 0x39, 0xc6, 0x73, 0x8c, 0xb4, 0x94,
    0x73, 0x8c, 0x97, 0xb5, 0xbb, 0xd6, 0xbb, 0xd6, 0x9b, 0xd6, 0x5d, 0xef, 0xbe, 0xf7, 0xbe, 0xf7,
    0xbe, 0xf7, 0xcb, 0x5a, 0x24, 0x21, 0x85, 0x31, 0x66, 0x29, 0x4f, 0x21, 0x71, 0x21, 0x71, 0x21,
    0x71, 0x21, 0x72, 0x21, 0x4e, 0x21, 0x45, 0x29, 0x45, 0x29, 0x24, 0x21, 0xaa, 0x52, 0xbe, 0xf7,
    0xdf, 0xff, 0xdf, 0xff, 0x7e, 0xf7, 0xbb, 0xd6, 0xbb, 0xd6, 0xdc, 0xde, 0x97, 0xb5, 0x73, 0x8c,
    0xb4, 0x94, 0x73, 0x8c, 0x39, 0xc6, 0xdf, 0xf7, 0x9e, 0xf7, 0x9e, 0xf7, 0xfc, 0xe6, 0xbb, 0xd6,
    0xbb, 0xde, 0xbb, 0xde, 0xbb, 0xde, 0xbb, 0xde, 0xbb, 0xde, 0xbb, 0xde, 0xbb, 0xde, 0xbb, 0xde,
    0xbb, 0xd6, 0xbb, 0xde, 0xbb, 0xde, 0xbb, 0xd6, 0xbb, 0xd6, 0xbb, 0xd6, 0xbb, 0xd6, 0xbb, 0xd6,
    0xbb, 0xd6, 0xbb, 0xd6, 0xbb, 0xde, 0xbb, 0xd6, 0xbb, 0xd6, 0xbb, 0xde, 0xbb, 0xde, 0xbb, 0xde,
    0xbb, 0xd6, 0xbb, 0xd6, 0xbb, 0xd6, 0xbb, 0xd6, 0xbb, 0xd6, 0xbb, 0xd6, 0xbb, 0xd6, 0xbb, 0xd6,
    0xbb, 0xd6, 0xbb, 0xd6, 0xbb, 0xd6, 0xbb, 0xd6, 0xbb, 0xd6, 0xbb, 0xde, 0xbb, 0xd6, 0xbb, 0xd6,
    0xbb, 0xd6, 0xbb, 0xde, 0xbb, 0xd6, 0xbb, 0xd6, 0xbb, 0xd6, 0xbb, 0xd6, 0xbb, 0xd6, 0xbb, 0xd6,
    0xbb, 0xd6, 0xbb, 0xd6, 0xbb, 0xde, 0xbb, 0xde, 0xbb, 0xd6, 0xbb, 0xd6, 0xbb, 0xd6, 0xbb, 0xde,
    0xbb, 0xde, 0xbb, 0xde, 0xbb, 0xde, 0xbb, 0xd6, 0xbb, 0xde, 0xbb, 0xde, 0xbb, 0xde, 0xbb, 0xde,
    0xbb, 0xde, 0xbb, 0xd6, 0xbb, 0xd6, 0xbb, 0xde, 0xbb, 0xde, 0xbb, 0xde, 0xbb, 0xde, 0xbb, 0xde,
    0xbb, 0xde, 0xbb, 0xd6, 0xbb, 0xd6, 0xbb, 0xd6, 0xbb, 0xd6, 0xbb, 0xd6, 0xbb, 0xde, 0xbb, 0xde,
    0xbb, 0xd6, 0xbb, 0xd6, 0xbb, 0xd6, 0xbb, 0xd6, 0xbb, 0xd6, 0xbb, 0xd6, 0xbb, 0xd6, 0xbb, 0xd6,
    0xbb, 0xde, 0xbb, 0xd6, 0xbb, 0xde, 0xbb, 0xde, 0xbb, 0xde, 0xbb, 0xde, 0xbb, 0xde, 0xbb, 0xd6,
    0xbb, 0xd6, 0xbb, 0xd6, 0xbb, 0xd6, 0xbb, 0xd6, 0xbb, 0xd6, 0xbb, 0xd6, 0xbb, 0xd6, 0xbb, 0xde,
    0xbb, 0xde, 0xbb, 0xde, 0xbb, 0xde, 0xbb, 0xde, 0xbb, 0xde, 0xbb, 0xde, 0xdb, 0xde, 0xdb, 0xde,
    0xdb, 0xde, 0xfc, 0xde, 0x4d, 0x6b, 0xe7, 0x39, 0x28, 0x42, 0x49, 0x4a, 0x49, 0x4a, 0x27, 0x42,
    0x03, 0x21, 0xc3, 0x18, 0xc4, 0x10, 0x25, 0x11, 0x2b, 0x2a, 0x4c, 0x2a, 0x4c, 0x2a, 0x4c, 0x2a,
    0x4c, 0x2a, 0x4c, 0x2a, 0x2b, 0x2a, 0xeb, 0x29, 0xc9, 0x31, 0xa3, 0x10, 0xe3, 0x18, 0x07, 0x42,
    0x27, 0x3a, 0x27, 0x3a, 0x08, 0x42, 0xe8, 0x39, 0x6a, 0x4a, 0x7a, 0xce, 0xfc, 0xde, 0xdb, 0xde,
    0xdb, 0xde, 0xbb, 0xde, 0xbb, 0xde, 0xbb, 0xde, 0xbb, 0xde, 0xbb, 0xde, 0xbb, 0xde, 0xbb, 0xde,
    0xbb, 0xde, 0xbb, 0xde, 0xbb, 0xde, 0xbb, 0xde, 0xbb, 0xde, 0xbb, 0xde, 0xbb, 0xd6, 0xbb, 0xd6,
    0xbb, 0xde, 0xbb, 0xd6, 0xbb, 0xd6, 0xbb, 0xd6, 0xbb, 0xd6, 0xbb, 0xd6, 0xbb, 0xd6, 0xbb, 0xd6,
    0xbb, 0xd6, 0xbb, 0xd6, 0xbb, 0xd6, 0xbb, 0xd6, 0xbb, 0xd6, 0xfc, 0xde, 0x9e, 0xf7, 0x9d, 0xf7,
    0xbf, 0xff, 0x39, 0xc6, 0x73, 0x8c, 0x94, 0x94, 0x73, 0x8c, 0x97, 0xb5, 0xbb, 0xd6, 0xbb, 0xd6,
    0x9b, 0xd6, 0x5d, 0xef, 0xbe, 0xf7, 0xbe, 0xf7, 0xbe, 0xf7, 0xcb, 0x5a, 0x24, 0x21, 0x85, 0x31,
    0x66, 0x29, 0x4f, 0x21, 0x71, 0x21, 0x71, 0x21, 0x71, 0x21, 0x72, 0x21, 0x4e, 0x21, 0x45, 0x29,
    0x45, 0x29, 0x24, 0x21, 0xaa, 0x52, 0xbe, 0xf7, 0xdf, 0xff, 0xdf, 0xff, 0x9e, 0xf7, 0xbb, 0xd6,
    0xbb, 0xd6, 0xdc, 0xde, 0x97, 0xb5, 0x73, 0x8c, 0x94, 0x94, 0x73, 0x8c, 0x39, 0xc6, 0xdf, 0xf7,
    0x9e, 0xf7, 0x9e, 0xf7, 0xfc, 0xe6, 0xbb, 0xde, 0xbb, 0xde, 0xbb, 0xde, 0xbb, 0xde, 0xbb, 0xd6,
    0xbb, 0xde, 0xbb, 0xde, 0xbb, 0xde, 0xbb, 0xde, 0xbb, 0xde, 0xbb, 0xde, 0xbb, 0xd6, 0xbb, 0xd6,
    0xbb, 0xd6, 0xbb, 0xd6, 0xbb, 0xd6, 0xbb, 0xde, 0xbb, 0xde, 0xbb, 0xde, 0xbb, 0xde, 0xbb, 0xd6,
    0xbb, 0xd6, 0xbb, 0xde, 0xbb, 0xde, 0xbb, 0xde, 0xbb, 0xd6, 0xbb, 0xd6, 0xbb, 0xd6, 0xbb, 0xd6,
    0xbb, 0xd6, 0xbb, 0xd6, 0xbb, 0xd6, 0xbb, 0xd6, 0xbb, 0xd6, 0xbb, 0xd6, 0xbb, 0xd6, 0xbb, 0xd6,
    0xbb, 0xd6, 0xbb, 0xde, 0xbb, 0xd6, 0xbb, 0xd6, 0xbb, 0xde, 0xbb, 0xde, 0xbb, 0xde, 0xbb, 0xd6,
    0xbb, 0xd6, 0xbb, 0xd6, 0xbb, 0xd6, 0xbb, 0xd6, 0xbb, 0xd6, 0xbb, 0xd6, 0xbb, 0xde, 0xbb, 0xde,
    0xbb, 0xd6, 0xbb, 0xd6, 0xbb, 0xd6, 0xbb, 0xde, 0xbb, 0xde, 0xbb, 0xde, 0xbb, 0xde, 0xbb, 0xde,
    0xbb, 0xd6, 0xbb, 0xde, 0xbb, 0xde, 0xbb, 0xde, 0xbb, 0xde, 0xbb, 0xd6, 0xbb, 0xd6, 0xbb, 0xde,
    0xbb, 0xde, 0xbb, 0xde, 0xbb, 0xd6, 0xbb, 0xde, 0xbb, 0xd6, 0xbb, 0xd6, 0xbb, 0xd6, 0xbb, 0xd6,
    0xbb, 0xd6, 0xbb, 0xde, 0xbb, 0xde, 0xbb, 0xde, 0xbb, 0xd6, 0xbb, 0xd6, 0xbb, 0xd6, 0xbb, 0xd6,
    0xbb, 0xd6, 0xbb, 0xd6, 0xbb, 0xd6, 0xbb, 0xd6, 0xbb, 0xde, 0xbb, 0xde, 0xbb, 0xde, 0xbb, 0xde,
    0xbb, 0xde, 0xbb, 0xde, 0xbb, 0xde, 0xbb, 0xde, 0xbb, 0xd6, 0xbb, 0xd6, 0xbb, 0xde, 0xbb, 0xde,
    0xbb, 0xd6, 0xbb, 0xd6, 0xbb, 0xd6, 0xbb, 0xd6, 0xbb, 0xd6, 0xbb, 0xd6, 0xbb, 0xde, 0xbb, 0xde,
    0xbb, 0xde, 0xbb, 0xde, 0xbb, 0xde, 0xbb, 0xd6, 0xbb, 0xd6, 0xbb, 0xd6, 0xdb, 0xde, 0xbb, 0xd6,
    0x9a, 0xd6, 0x9b, 0xd6, 0xbb, 0xde, 0xbb, 0xd6, 0xc8, 0x39, 0x00, 0x00, 0x20, 0x08, 0x00, 0x00,
    0x00, 0x00, 0x00, 0x00, 0x00, 0x00, 0x00, 0x00, 0x00, 0x00, 0x00, 0x00, 0x00, 0x00, 0x00, 0x00,
    0x00, 0x00, 0x00, 0x00, 0x25, 0x29, 0x9b, 0xd6, 0xbc, 0xde, 0x9b, 0xde, 0x9a, 0xd6, 0x9b, 0xd6,
    0xbb, 0xd6, 0xbb, 0xd6, 0xbb, 0xde, 0xbb, 0xde, 0xbb, 0xde, 0xbb, 0xde, 0xbb, 0xde, 0xbb, 0xd6,
    0xbb, 0xde, 0xbb, 0xde, 0xbb, 0xde, 0xbb, 0xde, 0xbb, 0xde, 0xbb, 0xde, 0xbb, 0xde, 0xbb, 0xde,
    0xbb, 0xd6, 0xbb, 0xd6, 0xbb, 0xd6, 0xbb, 0xd6, 0xbb, 0xd6, 0xbb, 0xde, 0xbb, 0xd6, 0xbb, 0xde,
    0xbb, 0xd6, 0xbb, 0xd6, 0xbb, 0xd6, 0xbb, 0xd6, 0xbb, 0xd6, 0xbb, 0xd6, 0xbb, 0xd6, 0xbb, 0xd6,
    0xbb, 0xd6, 0xfc, 0xde, 0x9e, 0xf7, 0x9d, 0xf7, 0xbf, 0xff, 0x39, 0xc6, 0x53, 0x8c, 0x94, 0x94,
    0x73, 0x8c, 0x97, 0xb5, 0xbb, 0xd6, 0xbb, 0xd6, 0xbb, 0xd6, 0x5d, 0xef, 0xbe, 0xf7, 0xbe, 0xf7,
    0xbe, 0xf7, 0xcb, 0x5a, 0x24, 0x21, 0x65, 0x29, 0x66, 0x29, 0x4f, 0x21, 0x71, 0x21, 0x71, 0x21,
    0x71, 0x21, 0x72, 0x21, 0x4e, 0x21, 0x45, 0x29, 0x45, 0x29, 0x04, 0x21, 0x8a, 0x52, 0x9e, 0xf7,
    0xdf, 0xff, 0xdf, 0xff, 0x9e, 0xf7, 0xbb, 0xde, 0xbb, 0xd6, 0xdc, 0xde, 0x97, 0xb5, 0x73, 0x8c,
    0x94, 0x94, 0x73, 0x8c, 0x39, 0xc6, 0xbf, 0xf7, 0x7e, 0xf7, 0x9e, 0xf7, 0xfc, 0xe6, 0xbb, 0xd6,
    0xbb, 0xde, 0xbb, 0xde, 0xbb, 0xde, 0xbb, 0xde, 0xbb, 0xde, 0xbb, 0xde, 0xbb, 0xde, 0xbb, 0xde,
    0xbb, 0xde, 0xbb, 0xde, 0xbb, 0xde, 0xbb, 0xd6, 0xbb, 0xd6, 0xbb, 0xd6, 0xbb, 0xde, 0xbb, 0xde,
    0xbb, 0xde, 0xbb, 0xde, 0xbb, 0xd6, 0xbb, 0xd6, 0xbb, 0xde, 0xbb, 0xde, 0xbb, 0xde, 0xbb, 0xde,
    0xbb, 0xde, 0xbb, 0xde, 0xbb, 0xde, 0xbb, 0xd6, 0xbb, 0xd6, 0xbb, 0xd6, 0xbb, 0xd6, 0xbb, 0xd6,
    0xbb, 0xde, 0xbb, 0xde, 0xbb, 0xde, 0xbb, 0xde, 0xbb, 0xd6, 0xbb, 0xd6, 0xbb, 0xd6, 0xbb, 0xd6,
    0xbb, 0xd6, 0xbb, 0xde, 0xbb, 0xd6, 0xbb, 0xd6, 0xbb, 0xd6, 0xbb, 0xd6, 0xbb, 0xd6, 0xbb, 0xd6,
    0xbb, 0xd6, 0xbb, 0xd6, 0xbb, 0xde, 0xbb, 0xde, 0xbb, 0xde, 0xbb, 0xd6, 0xbb, 0xd6, 0xbb, 0xde,
    0xbb, 0xde, 0xbb, 0xde, 0xbb, 0xd6, 0xbb, 0xd6, 0xbb, 0xde, 0xbb, 0xde, 0xbb, 0xde, 0xbb, 0xd6,
    0xbb, 0xd6, 0xbb, 0xd6, 0xbb, 0xde, 0xbb, 0xde, 0xbb, 0xde, 0xbb, 0xd6, 0xbb, 0xd6, 0xbb, 0xd6,
    0xbb, 0xd6, 0xbb, 0xd6, 0xbb, 0xd6, 0xbb, 0xde, 0xbb, 0xde, 0xbb, 0xde, 0xbb, 0xde, 0xbb, 0xde,
    0xbb, 0xde, 0xbb, 0xde, 0xbb, 0xd6, 0xbb, 0xd6, 0xbb, 0xd6, 0xbb, 0xd6, 0xbb, 0xd6, 0xbb, 0xd6,
    0xbb, 0xd6, 0xbb, 0xd6, 0xbb, 0xd6, 0xbb, 0xd6, 0xbb, 0xde, 0xbb, 0xde, 0xbb, 0xde, 0xbb, 0xde,
    0xbb, 0xde, 0xbb, 0xde, 0xbb, 0xde, 0xbb, 0xde, 0xbb, 0xde, 0xbb, 0xde, 0xbb, 0xde, 0xbb, 0xde,
    0xbb, 0xde, 0xbb, 0xd6, 0xbb, 0xd6, 0xbb, 0xd6, 0xbb, 0xd6, 0xbb, 0xde, 0xbb, 0xde, 0xbb, 0xde,
    0xbb, 0xde, 0xbb, 0xde, 0xbb, 0xde, 0xbb, 0xde, 0xbb, 0xde, 0xbb, 0xd6, 0xbb, 0xde, 0xdb, 0xde,
    0xcb, 0x5a, 0xe3, 0x18, 0x25, 0x29, 0x25, 0x29, 0x25, 0x29, 0x24, 0x29, 0x25, 0x21, 0x25, 0x21,
    0x25, 0x29, 0x25, 0x29, 0x25, 0x29, 0x45, 0x29, 0x65, 0x31, 0x24, 0x21, 0x49, 0x4a, 0x9b, 0xd6,
    0xdc, 0xde, 0xbb, 0xde, 0xbb, 0xde, 0xbb, 0xde, 0xbb, 0xde, 0xbb, 0xde, 0xbb, 0xde, 0xbb, 0xde,
    0xbb, 0xde, 0xbb, 0xde, 0xbb, 0xde, 0xbb, 0xde, 0xbb, 0xde, 0xbb, 0xde, 0xbb, 0xde, 0xbb, 0xde,
    0xbb, 0xd6, 0xbb, 0xde, 0xbb, 0xde, 0xbb, 0xde, 0xbb, 0xde, 0xbb, 0xde, 0xbb, 0xde, 0xbb, 0xd6,
    0xbb, 0xd6, 0xbb, 0xd6, 0xbb, 0xd6, 0xbb, 0xd6, 0xbb, 0xd6, 0xbb, 0xd6, 0xbb, 0xd6, 0xbb, 0xd6,
    0xbb, 0xd6, 0xbb, 0xd6, 0xbb, 0xde, 0xbb, 0xd6, 0xbb, 0xd6, 0xfc, 0xde, 0x9e, 0xf7, 0x9d, 0xf7,
    0xbf, 0xff, 0x39, 0xc6, 0x53, 0x8c, 0x94, 0x94, 0x73, 0x8c, 0x97, 0xb5, 0xdb, 0xde, 0xbb, 0xd6,
    0xbb, 0xd6, 0x5d, 0xef, 0xbe, 0xf7, 0xbe, 0xf7, 0x9e, 0xf7, 0xcb, 0x5a, 0x24, 0x21, 0x85, 0x31,
    0x66, 0x29, 0x4f, 0x21, 0x71, 0x21, 0x71, 0x21, 0x71, 0x21, 0x72, 0x21, 0x4e, 0x21, 0x25, 0x21,
    0x45, 0x29, 0x04, 0x21, 0x8a, 0x52, 0x9e, 0xf7, 0xdf, 0xff, 0xdf, 0xff, 0x7e, 0xf7, 0xbb, 0xd6,
    0xbb, 0xd6, 0xdc, 0xde, 0x97, 0xb5, 0x73, 0x8c, 0x94, 0x94, 0x73, 0x8c, 0x39, 0xc6, 0xbe, 0xf7,
    0x7e, 0xf7, 0x9e, 0xf7, 0xfc, 0xe6, 0xbb, 0xd6, 0xbb, 0xde, 0xbb, 0xde, 0xbb, 0xde, 0xbb, 0xde,
    0xbb, 0xde, 0xbb, 0xde, 0xbb, 0xde, 0xbb, 0xde, 0xbb, 0xde, 0xbb, 0xde, 0xbb, 0xde, 0xbb, 0xd6,
    0xbb, 0xd6, 0xbb, 0xd6, 0xbb, 0xde, 0xbb, 0xde, 0xbb, 0xde, 0xbb, 0xde, 0xbb, 0xd6, 0xbb, 0xd6,
    0xbb, 0xde, 0xbb, 0xde, 0xbb, 0xde, 0xbb, 0xde, 0xbb, 0xde, 0xbb, 0xde, 0xbb, 0xde, 0xbb, 0xde,
    0xbb, 0xd6, 0xbb, 0xd6, 0xbb, 0xd6, 0xbb, 0xd6, 0xbb, 0xde, 0xbb, 0xde, 0xbb, 0xde, 0xbb, 0xde,
    0xbb, 0xd6, 0xbb, 0xd6, 0xbb, 0xd6, 0xbb, 0xd6, 0xbb, 0xd6, 0xbb, 0xd6, 0xbb, 0xd6, 0xbb, 0xd6,
    0xbb, 0xd6, 0xbb, 0xd6, 0xbb, 0xd6, 0xbb, 0xd6, 0xbb, 0xd6, 0xbb, 0xd6, 0xbb, 0xd6, 0xbb, 0xd6,
    0xbb, 0xd6, 0xbb, 0xd6, 0xbb, 0xd6, 0xbb, 0xde, 0xbb, 0xde, 0xbb, 0xde, 0xbb, 0xd6, 0xbb, 0xd6,
    0xbb, 0xde, 0xbb, 0xde, 0xbb, 0xde, 0xbb, 0xd6, 0xbb, 0xde, 0xbb, 0xd6, 0xbb, 0xde, 0xbb, 0xde,
    0xbb, 0xde, 0xbb, 0xd6, 0xbb, 0xd6, 0xbb, 0xd6, 0xbb, 0xd6, 0xbb, 0xd6, 0xbb, 0xd6, 0xbb, 0xd6,
    0xbb, 0xd6, 0xbb, 0xd6, 0xbb, 0xde, 0xbb, 0xde, 0xbb, 0xde, 0xbb, 0xde, 0xbb, 0xd6, 0xbb, 0xd6,
    0xbb, 0xd6, 0xbb, 0xd6, 0xbb, 0xd6, 0xbb, 0xd6, 0xbb, 0xd6, 0xbb, 0xd6, 0xbb, 0xd6, 0xbb, 0xd6,
    0xbb, 0xd6, 0xbb, 0xd6, 0xbb, 0xde, 0xbb, 0xde, 0xbb, 0xde, 0xbb, 0xde, 0xbb, 0xde, 0xbb, 0xde,
    0xbb, 0xde, 0xbb, 0xde, 0xbb, 0xde, 0xbb, 0xde, 0xbb, 0xde, 0xbb, 0xd6, 0xbb, 0xd6, 0xbb, 0xd6,
    0xbb, 0xde, 0xbb, 0xde, 0xbb, 0xde, 0xbb, 0xde, 0xbb, 0xde, 0xbb, 0xde, 0xbb, 0xde, 0xbb, 0xde,
    0xbb, 0xd6, 0xbb, 0xd6, 0x9b, 0xd6, 0xbb, 0xde, 0x5a, 0xce, 0x18, 0xc6, 0x18, 0xc6, 0x18, 0xc6,
    0x18, 0xc6, 0x18, 0xc6, 0x18, 0xc6, 0x18, 0xc6, 0x18, 0xc6, 0x18, 0xc6, 0x18, 0xc6, 0x38, 0xc6,
    0x39, 0xc6, 0x59, 0xce, 0x59, 0xce, 0xbb, 0xd6, 0xbb, 0xd6, 0xbb, 0xd6, 0xbb, 0xd6, 0xbb, 0xde,
    0xbb, 0xde, 0xbb, 0xde, 0xbb, 0xde, 0xbb, 0xde, 0xbb, 0xde, 0xbb, 0xde, 0xbb, 0xde, 0xbb, 0xde,
    0xbb, 0xde, 0xbb, 0xde, 0xbb, 0xde, 0xbb, 0xde, 0xbb, 0xde, 0xbb, 0xde, 0xbb, 0xde, 0xbb, 0xde,
    0xbb, 0xde, 0xbb, 0xde, 0xbb, 0xde, 0xbb, 0xde, 0xbb, 0xd6, 0xbb, 0xd6, 0xbb, 0xd6, 0xbb, 0xd6,
    0xbb, 0xd6, 0xbb, 0xd6, 0xbb, 0xd6, 0xbb, 0xd6, 0xbb, 0xd6, 0xbb, 0xd6, 0xbb, 0xd6, 0xbb, 0xde,
    0xbb, 0xd6, 0xfc, 0xde, 0x9e, 0xf7, 0x9d, 0xf7, 0xbf, 0xff, 0x39, 0xc6, 0x53, 0x8c, 0x94, 0x94,
    0x73, 0x8c, 0x97, 0xb5, 0xdb, 0xd6, 0xbb, 0xd6, 0xbb, 0xd6, 0x5d, 0xef, 0xbe, 0xf7, 0xbe, 0xf7,
    0x9e, 0xf7, 0xcb, 0x5a, 0x24, 0x21, 0x65, 0x31, 0x66, 0x29, 0x4f, 0x21, 0x71, 0x21, 0x71, 0x21,
    0x71, 0x21, 0x72, 0x21, 0x4e, 0x21, 0x25, 0x21, 0x45, 0x29, 0x04, 0x21, 0x8a, 0x52, 0x9e, 0xf7,
    0xdf, 0xff, 0xdf, 0xff, 0x7e, 0xef, 0xbb, 0xd6, 0xbb, 0xd6, 0xdc, 0xde, 0x97, 0xb5, 0x73, 0x8c,
    0xb4, 0x94, 0x73, 0x8c, 0x39, 0xc6, 0xbe, 0xf7, 0x7e, 0xf7, 0x9e, 0xf7, 0xfc, 0xe6, 0xbb, 0xd6,
    0xbb, 0xde, 0xbb, 0xde, 0xbb, 0xde, 0xbb, 0xde, 0xbb, 0xde, 0xbb, 0xde, 0xbb, 0xde, 0xbb, 0xde,
    0xbb, 0xde, 0xbb, 0xde, 0xbb, 0xde, 0xbb, 0xd6, 0xbb, 0xd6, 0xbb, 0xd6, 0xbb, 0xde, 0xbb, 0xd6,
    0xbb, 0xd6, 0xbb, 0xd6, 0xbb, 0xd6, 0xbb, 0xde, 0xbb, 0xde, 0xbb, 0xde, 0xbb, 0xde, 0xbb, 0xde,
    0xbb, 0xde, 0xbb, 0xde, 0xbb, 0xde, 0xbb, 0xde, 0xbb, 0xde, 0xbb, 0xd6, 0xbb, 0xd6, 0xbb, 0xd6,
    0xbb, 0xde, 0xbb, 0xde, 0xbb, 0xde, 0xbb, 0xde, 0xbb, 0xd6, 0xbb, 0xd6, 0xbb, 0xd6, 0xbb, 0xd6,
    0xbb, 0xd6, 0xbb, 0xd6, 0xbb, 0xd6, 0xbb, 0xd6, 0xbb, 0xd6, 0xbb, 0xd6, 0xbb, 0xd6, 0xbb, 0xd6,
    0xbb, 0xd6, 0xbb, 0xd6, 0xbb, 0xd6, 0xbb, 0xd6, 0xbb, 0xd6, 0xbb, 0xd6, 0xbb, 0xd6, 0xbb, 0xd6,
    0xbb, 0xde, 0xbb, 0xde, 0xbb, 0xd6, 0xbb, 0xd6, 0xbb, 0xde, 0xbb, 0xde, 0xbb, 0xde, 0xbb, 0xd6,
    0xbb, 0xde, 0xbb, 0xd6, 0xbb, 0xd6, 0xbb, 0xde, 0xbb, 0xd6, 0xbb, 0xd6, 0xbb, 0xd6, 0xbb, 0xd6,
    0xbb, 0xd6, 0xbb, 0xd6, 0xbb, 0xd6, 0xbb, 0xd6, 0xbb, 0xd6, 0xbb, 0xd6, 0xbb, 0xde, 0xbb, 0xde,
    0xbb, 0xde, 0xbb, 0xde, 0xbb, 0xd6, 0xbb, 0xd6, 0xbb, 0xd6, 0xbb, 0xd6, 0xbb, 0xd6, 0xbb, 0xd6,
    0xbb, 0xd6, 0xbb, 0xd6, 0x9b, 0xd6, 0xbb, 0xd6, 0xbb, 0xd6, 0xbb, 0xd6, 0xbb, 0xde, 0xbb, 0xde,
    0xbb, 0xde, 0xbb, 0xde, 0xbb, 0xde, 0xbb, 0xde, 0xbb, 0xde, 0xbb, 0xde, 0xbb, 0xde, 0xbb, 0xde,
    0xbb, 0xde, 0xbb, 0xd6, 0xbb, 0xd6, 0xbb, 0xd6, 0xbb, 0xd6, 0xbb, 0xde, 0xbb, 0xde, 0xbb, 0xde,
    0xbb, 0xde, 0xbb, 0xde, 0xbb, 0xd6, 0xbb, 0xd6, 0xbb, 0xde, 0xbb, 0xde, 0xbb, 0xd6, 0x9b, 0xd6,
    0xdb, 0xde, 0xdb, 0xde, 0xdb, 0xde, 0xdb, 0xde, 0xdb, 0xde, 0xdb, 0xde, 0xdb, 0xde, 0xdb, 0xde,
    0xdb, 0xde, 0xdb, 0xde, 0xdb, 0xde, 0xdb, 0xde, 0xdb, 0xde, 0xdb, 0xde, 0xdb, 0xde, 0xbb, 0xd6,
    0xbb, 0xd6, 0xbb, 0xd6, 0xbb, 0xd6, 0xbb, 0xd6, 0xbb, 0xde, 0xbb, 0xde, 0xbb, 0xde, 0xbb, 0xde,
    0xbb, 0xd6, 0xbb, 0xd6, 0xbb, 0xd6, 0xbb, 0xd6, 0xbb, 0xde, 0xbb, 0xde, 0xbb, 0xde, 0xbb, 0xde,
    0xbb, 0xde, 0xbb, 0xde, 0xbb, 0xd6, 0xbb, 0xd6, 0xbb, 0xde, 0xbb, 0xde, 0xbb, 0xde, 0xbb, 0xde,
    0xbb, 0xd6, 0xbb, 0xd6, 0xbb, 0xde, 0xbb, 0xd6, 0xbb, 0xde, 0xbb, 0xde, 0xbb, 0xd6, 0xbb, 0xd6,
    0xbb, 0xd6, 0xbb, 0xd6, 0xbb, 0xd6, 0xbb, 0xde, 0xbb, 0xde, 0xfc, 0xde, 0x9e, 0xf7, 0x9d, 0xf7,
    0xdf, 0xff, 0x39, 0xc6, 0x53, 0x8c, 0x94, 0x94, 0x73, 0x8c, 0x97, 0xb5, 0xdb, 0xd6, 0xbb, 0xd6,
    0xbb, 0xd6, 0x5d, 0xef, 0xbe, 0xf7, 0xbe, 0xf7, 0x9e, 0xf7, 0xcb, 0x5a, 0x24, 0x21, 0x65, 0x29,
    0x66, 0x29, 0x4f, 0x21, 0x71, 0x21, 0x71, 0x21, 0x71, 0x21, 0x72, 0x21, 0x4e, 0x21, 0x25, 0x21,
    0x45, 0x29, 0x04, 0x21, 0x8a, 0x52, 0x9e, 0xf7, 0xdf, 0xff, 0xdf, 0xff, 0x7e, 0xf7, 0xbb, 0xd6,
    0xbb, 0xd6, 0xdc, 0xde, 0x97, 0xb5, 0x73, 0x8c, 0xb4, 0x94, 0x73, 0x8c, 0x39, 0xc6, 0xbe, 0xf7,
    0x7e, 0xf7, 0x9e, 0xf7, 0xfc, 0xe6, 0xbb, 0xd6, 0xbb, 0xde, 0xbb, 0xde, 0xbb, 0xde, 0xbb, 0xde,
    0xbb, 0xde, 0xbb, 0xde, 0xbb, 0xde, 0xbb, 0xde, 0xbb, 0xde, 0xbb, 0xde, 0xbb, 0xd6, 0xbb, 0xd6,
    0xbb, 0xd6, 0xbb, 0xd6, 0xbb, 0xde, 0xbb, 0xd6, 0xbb, 0xd6, 0xbb, 0xd6, 0xbb, 0xde, 0xbb, 0xde,
    0xbb, 0xde, 0xbb, 0xde, 0xbb, 0xde, 0xbb, 0xde, 0xbb, 0xde, 0xbb, 0xde, 0xbb, 0xde, 0xbb, 0xde,
    0xbb, 0xde, 0xbb, 0xde, 0xbb, 0xde, 0xbb, 0xde, 0xbb, 0xde, 0xbb, 0xde, 0xbb, 0xde, 0xbb, 0xde,
    0xbb, 0xd6, 0xbb, 0xd6, 0xbb, 0xd6, 0xbb, 0xd6, 0xbb, 0xd6, 0xbb, 0xd6, 0xbb, 0xd6, 0xbb, 0xd6,
    0xbb, 0xd6, 0xbb, 0xd6, 0xbb, 0xd6, 0xbb, 0xd6, 0xbb, 0xd6, 0xbb, 0xd6, 0xbb, 0xd6, 0xbb, 0xd6,
    0xbb, 0xd6, 0xbb, 0xd6, 0xbb, 0xd6, 0xbb, 0xd6, 0xbb, 0xd6, 0xbb, 0xd6, 0xbb, 0xd6, 0xbb, 0xd6,
    0xbb, 0xde, 0xbb, 0xde, 0xbb, 0xde, 0xbb, 0xd6, 0xbb, 0xde, 0xbb, 0xd6, 0xbb, 0xd6, 0xbb, 0xd6,
    0xbb, 0xd6, 0xbb, 0xd6, 0xbb, 0xd6, 0xbb, 0xd6, 0xbb, 0xd6, 0xbb, 0xd6, 0xbb, 0xd6, 0xbb, 0xd6,
    0xbb, 0xd6, 0xbb, 0xd6, 0xbb, 0xde, 0xbb, 0xde, 0xbb, 0xde, 0xbb, 0xde, 0xbb, 0xd6, 0xbb, 0xd6,
    0xbb, 0xd6, 0xbb, 0xd6, 0xbb, 0xd6, 0xbb, 0xd6, 0xbb, 0xd6, 0xbb, 0xd6, 0x9b, 0xd6, 0xbb, 0xd6,
    0xbb, 0xd6, 0xbb, 0xd6, 0xbb, 0xd6, 0xbb, 0xde, 0xbb, 0xde, 0xbb, 0xde, 0xbb, 0xde, 0xbb, 0xd6,
    0xbb, 0xde, 0xbb, 0xde, 0xbb, 0xde, 0xbb, 0xd6, 0xbb, 0xde, 0xbb, 0xde, 0xbb, 0xd6, 0xbb, 0xd6,
    0xbb, 0xd6, 0xbb, 0xde, 0xbb, 0xd6, 0xbb, 0xde, 0xbb, 0xde, 0xbb, 0xde, 0xbb, 0xd6, 0xbb, 0xd6,
    0xbb, 0xde, 0xbb, 0xd6, 0xbb, 0xd6, 0x9b, 0xd6, 0xbb, 0xd6, 0xbb, 0xd6, 0xbb, 0xd6, 0xbb, 0xd6,
    0xbb, 0xd6, 0x9b, 0xd6, 0xbb, 0xd6, 0xbb, 0xd6, 0xbb, 0xd6, 0xbb, 0xd6, 0x9b, 0xd6, 0xbb, 0xd6,
    0xbb, 0xd6, 0xbb, 0xd6, 0xbb, 0xd6, 0xbb, 0xde, 0xbb, 0xd6, 0xbb, 0xd6, 0xbb, 0xd6, 0xbb, 0xd6,
    0xbb, 0xde, 0xbb, 0xde, 0xbb, 0xde, 0xbb, 0xde, 0xbb, 0xd6, 0xbb, 0xd6, 0xbb, 0xd6, 0xbb, 0xd6,
    0xbb, 0xde, 0xbb, 0xde, 0xbb, 0xde, 0xbb, 0xde, 0xbb, 0xde, 0xbb, 0xde, 0xbb, 0xd6, 0xbb, 0xd6,
    0xbb, 0xde, 0xbb, 0xde, 0xbb, 0xde, 0xbb, 0xde, 0xbb, 0xd6, 0xbb, 0xde, 0xbb, 0xde, 0xbb, 0xd6,
    0xbb, 0xde, 0xbb, 0xde, 0xbb, 0xd6, 0xbb, 0xd6, 0xbb, 0xd6, 0xbb, 0xd6, 0xbb, 0xd6, 0xbb, 0xde,
    0xbb, 0xde, 0xfc, 0xde, 0x9e, 0xf7, 0x9d, 0xf7, 0xdf, 0xff, 0x39, 0xc6, 0x53, 0x8c, 0x94, 0x94,
    0x73, 0x8c, 0x97, 0xb5, 0xdb, 0xd6, 0xbb, 0xd6, 0xbb, 0xd6, 0x5d, 0xef, 0xbe, 0xf7, 0xbe, 0xf7,
    0x9e, 0xf7, 0xcb, 0x5a, 0x24, 0x21, 0x65, 0x29, 0x66, 0x29, 0x4f, 0x21, 0x71, 0x21, 0x71, 0x21,
    0x71, 0x21, 0x72, 0x21, 0x4e, 0x21, 0x45, 0x29, 0x45, 0x29, 0x04, 0x21, 0x8a, 0x52, 0x9e, 0xf7,
    0xdf, 0xff, 0xdf, 0xff, 0x7e, 0xf7, 0xbb, 0xd6, 0xbb, 0xd6, 0xdc, 0xde, 0x97, 0xb5, 0x73, 0x8c,
    0xb4, 0x94, 0x73, 0x8c, 0x39, 0xc6, 0xbe, 0xf7, 0x7e, 0xf7, 0x9e, 0xf7, 0xfc, 0xe6, 0xbb, 0xd6,
    0xbb, 0xde, 0xbb, 0xde, 0xbb, 0xde, 0xbb, 0xde, 0xbb, 0xde, 0xbb, 0xde, 0xbb, 0xde, 0xbb, 0xde,
    0xbb, 0xde, 0xbb, 0xd6, 0xbb, 0xd6, 0xbb, 0xd6, 0xbb, 0xd6, 0xbb, 0xd6, 0xbb, 0xd6, 0xbb, 0xde,
    0xbb, 0xde, 0xbb, 0xde, 0xbb, 0xde, 0xbb, 0xd6, 0xbb, 0xd6, 0xbb, 0xde, 0xbb, 0xde, 0xbb, 0xde,
    0xbb, 0xde, 0xbb, 0xde, 0xbb, 0xd6, 0xbb, 0xd6, 0xbb, 0xde, 0xbb, 0xde, 0xbb, 0xde, 0xbb, 0xde,
    0xbb, 0xde, 0xbb, 0xde, 0xbb, 0xde, 0xbb, 0xde, 0xbb, 0xde, 0xbb, 0xd6, 0xbb, 0xd6, 0xbb, 0xde,
    0xbb, 0xd6, 0xbb, 0xd6, 0xbb, 0xd6, 0x9b, 0xd6, 0x9b, 0xd6, 0x9b, 0xd6, 0xbb, 0xd6, 0xbb, 0xd6,
    0xbb, 0xd6, 0xbb, 0xde, 0xbb, 0xd6, 0xbb, 0xd6, 0x9b, 0xd6, 0xbb, 0xd6, 0xbb, 0xd6, 0xbb, 0xd6,
    0xbb, 0xd6, 0xbb, 0xd6, 0xbb, 0xd6, 0xbb, 0xd6, 0xbb, 0xd6, 0xbb, 0xd6, 0xbb, 0xd6, 0xbb, 0xd6,
    0xbb, 0xd6, 0xbb, 0xde, 0xbb, 0xd6, 0xbb, 0xd6, 0xbb, 0xde, 0xbb, 0xde, 0xbb, 0xd6, 0xbb, 0xd6,
    0xbb, 0xd6, 0xbb, 0xd6, 0xbb, 0xd6, 0xbb, 0xd6, 0xbb, 0xd6, 0xbb, 0xd6, 0xbb, 0xd6, 0xbb, 0xd6,
    0xbb, 0xd6, 0xbb, 0xd6, 0xbb, 0xd6, 0xbb, 0xd6, 0xbb, 0xd6, 0xbb, 0xde, 0xbb, 0xde, 0xbb, 0xd6,
    0xbb, 0xd6, 0xbb, 0xd6, 0xbb, 0xd6, 0xbb, 0xd6, 0xbb, 0xd6, 0xbb, 0xd6, 0xbb, 0xd6, 0xbb, 0xd6,
    0xbb, 0xd6, 0xbb, 0xde, 0xbb, 0xde, 0xbb, 0xde, 0xbb, 0xde, 0xbb, 0xde, 0xbb, 0xde, 0xbb, 0xd6,
    0xbb, 0xd6, 0xbb, 0xde, 0xbb, 0xd6, 0xbb, 0xd6, 0xbb, 0xd6, 0xbb, 0xd6, 0xbb, 0xd6, 0xbb, 0xde,
    0xbb, 0xd6, 0xbb, 0xd6, 0xbb, 0xd6, 0xbb, 0xd6, 0xbb, 0xd6, 0xbb, 0xd6, 0xbb, 0xd6, 0xbb, 0xd6,
    0xbb, 0xde, 0xbb, 0xde, 0xbb, 0xde, 0xbb, 0xde, 0xbb, 0xd6, 0xbb, 0xde, 0xbb, 0xd6, 0xbb, 0xd6,
    0xbb, 0xde, 0xbb, 0xde, 0xbb, 0xd6, 0xbb, 0xde, 0xbb, 0xde, 0xbb, 0xde, 0xbb, 0xd6, 0xbb, 0xd6,
    0xbb, 0xd6, 0xbb, 0xd6, 0xbb, 0xde, 0xbb, 0xde, 0xbb, 0xde, 0xbb, 0xde, 0xbb, 0xde, 0xbb, 0xde,
    0xbb, 0xde, 0xbb, 0xd6, 0xbb, 0xd6, 0xbb, 0xd6, 0xbb, 0xde, 0xbb, 0xde, 0xbb, 0xde, 0xbb, 0xde,
    0xbb, 0xd6, 0xbb, 0xd6, 0xbb, 0xd6, 0xbb, 0xd6, 0xbb, 0xd6, 0xbb, 0xde, 0xbb, 0xde, 0xbb, 0xde,
    0xbb, 0xde, 0xbb, 0xde, 0xbb, 0xd6, 0xbb, 0xd6, 0xbb, 0xd6, 0xbb, 0xd6, 0xbb, 0xd6, 0xbb, 0xd6,
    0xbb, 0xd6, 0xbb, 0xd6, 0xbb, 0xd6, 0xbb, 0xd6, 0xbb, 0xd6, 0xfc, 0xde, 0x9e, 0xf7, 0x9d, 0xf7,
    0xbf, 0xff, 0x39, 0xc6, 0x53, 0x8c, 0x94, 0x94, 0x73, 0x8c, 0x97, 0xb5, 0xdb, 0xd6, 0xbb, 0xd6,
    0x9b, 0xd6, 0x5d, 0xef, 0xbe, 0xf7, 0xbe, 0xf7, 0x9e, 0xf7, 0xeb, 0x5a, 0x24, 0x21, 0x65, 0x29,
    0x66, 0x29, 0x4f, 0x21, 0x71, 0x21, 0x71, 0x21, 0x71, 0x21, 0x72, 0x21, 0x4e, 0x21, 0x45, 0x29,
    0x65, 0x29, 0x24, 0x21, 0x8a, 0x52, 0xbe, 0xf7, 0xdf, 0xff, 0xdf, 0xff, 0x9e, 0xf7, 0xbb, 0xde,
    0xbb, 0xd6, 0xdc, 0xde, 0x97, 0xb5, 0x73, 0x8c, 0x94, 0x94, 0x73, 0x8c, 0x39, 0xc6, 0xbf, 0xf7,
    0x9e, 0xf7, 0x9e, 0xf7, 0xfc, 0xe6, 0xbb, 0xd6, 0xbb, 0xde, 0xbb, 0xde, 0xbb, 0xde, 0xbb, 0xde,
    0xbb, 0xde, 0xbb, 0xde, 0xbb, 0xde, 0xbb, 0xd6, 0xbb, 0xd6, 0xbb, 0xd6, 0xbb, 0xd6, 0xbb, 0xd6,
    0xbb, 0xd6, 0xbb, 0xd6, 0xbb, 0xd6, 0xbb, 0xd6, 0xbb, 0xde, 0xbb, 0xde, 0xbb, 0xde, 0xbb, 0xd6,
    0xbb, 0xd6, 0xbb, 0xde, 0xbb, 0xde, 0xbb, 0xde, 0xbb, 0xde, 0xbb, 0xde, 0xbb, 0xde, 0xbb, 0xde,
    0xbb, 0xde, 0xbb, 0xde, 0xbb, 0xde, 0xbb, 0xde, 0xbb, 0xde, 0xbb, 0xde, 0xbb, 0xde, 0xbb, 0xde,
    0xbb, 0xde, 0xbb, 0xd6, 0xbb, 0xd6, 0xbb, 0xde, 0xbb, 0xd6, 0xbb, 0xd6, 0xbb, 0xd6, 0x9b, 0xd6,
    0x9b, 0xd6, 0x9b, 0xd6, 0xbb, 0xd6, 0xbb, 0xd6, 0xbb, 0xd6, 0xbb, 0xde, 0xbb, 0xd6, 0xbb, 0xd6,
    0xbb, 0xd6, 0xbb, 0xd6, 0xbb, 0xd6, 0xbb, 0xd6, 0xbb, 0xd6, 0xbb, 0xd6, 0xbb, 0xd6, 0xbb, 0xd6,
    0xbb, 0xd6, 0xbb, 0xd6, 0xbb, 0xd6, 0xbb, 0xd6, 0xbb, 0xd6, 0xbb, 0xde, 0xbb, 0xd6, 0xbb, 0xd6,
    0xbb, 0xde, 0xbb, 0xde, 0xbb, 0xd6, 0xbb, 0xd6, 0xbb, 0xd6, 0xbb, 0xd6, 0xbb, 0xd6, 0xbb, 0xd6,
    0xbb, 0xd6, 0xbb, 0xd6, 0xbb, 0xd6, 0xbb, 0xd6, 0x9b, 0xd6, 0x9b, 0xd6, 0xbb, 0xd6, 0xbb, 0xd6,
    0xbb, 0xd6, 0xbb, 0xde, 0xbb, 0xde, 0xbb, 0xde, 0xbb, 0xd6, 0xbb, 0xd6, 0xbb, 0xd6, 0xbb, 0xd6,
    0xbb, 0xd6, 0xbb, 0xd6, 0xbb, 0xd6, 0xbb, 0xd6, 0xbb, 0xd6, 0xbb, 0xd6, 0xbb, 0xd6, 0xbb, 0xde,
    0xbb, 0xde, 0xbb, 0xde, 0xbb, 0xde, 0xbb, 0xd6, 0xbb, 0xd6, 0xbb, 0xd6, 0xbb, 0xd6, 0xbb, 0xd6,
    0xbb, 0xd6, 0xbb, 0xd6, 0xbb, 0xd6, 0xbb, 0xd6, 0xbb, 0xd6, 0xbb, 0xd6, 0xbb, 0xd6, 0xbb, 0xd6,
    0xbb, 0xd6, 0xbb, 0xd6, 0xbb, 0xd6, 0xbb, 0xd6, 0xbb, 0xde, 0xbb, 0xde, 0xbb, 0xde, 0xbb, 0xde,
    0xbb, 0xd6, 0xbb, 0xd6, 0xbb, 0xd6, 0xbb, 0xd6, 0xbb, 0xde, 0xbb, 0xde, 0xbb, 0xd6, 0xbb, 0xde,
    0xbb, 0xde, 0xbb, 0xde, 0xbb, 0xd6, 0xbb, 0xd6, 0xbb, 0xd6, 0xbb, 0xd6, 0xbb, 0xde, 0xbb, 0xde,
    0xbb, 0xde, 0xbb, 0xde, 0xbb, 0xde, 0xbb, 0xde, 0xbb, 0xde, 0xbb, 0xd6, 0xbb, 0xd6, 0xbb, 0xd6,
    0xbb, 0xd6, 0xbb, 0xde, 0xbb, 0xde, 0xbb, 0xde, 0xbb, 0xd6, 0xbb, 0xd6, 0xbb, 0xd6, 0x9b, 0xd6,
    0xbb, 0xd6, 0xbb, 0xd6, 0xbb, 0xd6, 0xbb, 0xd6, 0xbb, 0xd6, 0xbb, 0xd6, 0xbb, 0xd6, 0xbb, 0xd6,
    0x9b, 0xd6, 0xbb, 0xd6, 0xbb, 0xd6, 0xbb, 0xd6, 0xbb, 0xd6, 0xbb, 0xd6, 0xbb, 0xd6, 0xbb, 0xd6,
    0xbb, 0xd6, 0xfc, 0xde, 0x9e, 0xf7, 0x9d, 0xf7, 0xbf, 0xff, 0x39, 0xce, 0x73, 0x8c, 0x94, 0x94,
    0x74, 0x8c, 0x97, 0xb5, 0xdb, 0xd6, 0xbb, 0xd6, 0xbb, 0xd6, 0x5d, 0xef, 0xbe, 0xf7, 0xbe, 0xf7,
    0xbe, 0xf7, 0xeb, 0x5a, 0x24, 0x21, 0x85, 0x31, 0x66, 0x29, 0x4f, 0x21, 0x71, 0x21, 0x71, 0x21,
    0x71, 0x21, 0x72, 0x21, 0x4e, 0x21, 0x45, 0x29, 0x65, 0x29, 0x24, 0x21, 0x8a, 0x52, 0xbe, 0xf7,
    0xdf, 0xff, 0xdf, 0xff, 0x9e, 0xf7, 0xdb, 0xde, 0xbb, 0xd6, 0xdc, 0xde, 0x97, 0xb5, 0x73, 0x8c,
    0xb4, 0x94, 0x73, 0x8c, 0x39, 0xc6, 0xbf, 0xf7, 0x9e, 0xf7, 0x9e, 0xf7, 0xfc, 0xe6, 0xbb, 0xd6,
    0xbb, 0xde, 0xbb, 0xde, 0xbb, 0xde, 0xbb, 0xde, 0xbb, 0xde, 0xbb, 0xde, 0xbb, 0xd6, 0xbb, 0xd6,
    0xbb, 0xd6, 0xbb, 0xd6, 0xbb, 0xd6, 0xbb, 0xde, 0xbb, 0xd6, 0xbb, 0xd6, 0xbb, 0xd6, 0xbb, 0xd6,
    0xbb, 0xd6, 0x9b, 0xd6, 0xbb, 0xd6, 0xbb, 0xd6, 0xbb, 0xd6, 0xbb, 0xd6, 0xbb, 0xde, 0xbb, 0xde,
    0xbb, 0xde, 0xbb, 0xd6, 0xbb, 0xde, 0xbb, 0xde, 0xbb, 0xd6, 0xbb, 0xde, 0xbb, 0xde, 0xbb, 0xde,
    0xbb, 0xde, 0xbb, 0xd6, 0xbb, 0xd6, 0xbb, 0xd6, 0xbb, 0xde, 0xbb, 0xd6, 0xbb, 0xd6, 0xbb, 0xde,
    0xbb, 0xd6, 0xbb, 0xd6, 0xbb, 0xd6, 0xbb, 0xd6, 0xbb, 0xd6, 0xbb, 0xd6, 0xbb, 0xd6, 0xbb, 0xd6,
    0xbb, 0xd6, 0xbb, 0xde, 0xbb, 0xde, 0xbb, 0xd6, 0xbb, 0xd6, 0xbb, 0xd6, 0xbb, 0xd6, 0xbb, 0xd6,
    0xbb, 0xde, 0xbb, 0xd6, 0xbb, 0xd6, 0xbb, 0xd6, 0xbb, 0xd6, 0xbb, 0xd6, 0xbb, 0xd6, 0xbb, 0xd6,
    0xbb, 0xd6, 0xbb, 0xde, 0xbb, 0xd6, 0xbb, 0xd6, 0xbb, 0xde, 0xbb, 0xde, 0xbb, 0xd6, 0xbb, 0xd6,
    0xbb, 0xd6, 0xbb, 0xd6, 0xbb, 0xd6, 0xbb, 0xd6, 0xbb, 0xd6, 0xbb, 0xd6, 0xbb, 0xd6, 0xbb, 0xd6,
    0x9b, 0xd6, 0x9b, 0xd6, 0xbb, 0xd6, 0xbb, 0xd6, 0xbb, 0xd6, 0x9b, 0xd6, 0xbb, 0xd6, 0xbb, 0xd6,
    0xbb, 0xd6, 0xbb, 0xd6, 0xbb, 0xd6, 0xbb, 0xd6, 0xbb, 0xd6, 0xbb, 0xd6, 0xbb, 0xd6, 0xbb, 0xd6,
    0xbb, 0xd6, 0xbb, 0xd6, 0xbb, 0xd6, 0xbb, 0xde, 0xbb, 0xde, 0xbb, 0xde, 0xbb, 0xde, 0xbb, 0xde,
    0xbb, 0xd6, 0xbb, 0xd6, 0xbb, 0xd6, 0xbb, 0xd6, 0x9b, 0xd6, 0x9b, 0xd6, 0xbb, 0xd6, 0xbb, 0xd6,
    0xbb, 0xd6, 0xbb, 0xd6, 0xbb, 0xd6, 0xbb, 0xd6, 0xbb, 0xd6, 0xbb, 0xde, 0xbb, 0xde, 0xbb, 0xde,
    0xbb, 0xde, 0xbb, 0xde, 0xbb, 0xde, 0xbb, 0xd6, 0xbb, 0xd6, 0xbb, 0xd6, 0xbb, 0xd6, 0xbb, 0xd6,
    0xbb, 0xde, 0xbb, 0xde, 0xbb, 0xd6, 0xbb, 0xd6, 0xbb, 0xd6, 0xbb, 0xd6, 0xbb, 0xd6, 0xbb, 0xd6,
    0xbb, 0xd6, 0xbb, 0xd6, 0xbb, 0xde, 0xbb, 0xde, 0xbb, 0xde, 0xbb, 0xde, 0xbb, 0xde, 0xbb, 0xde,
    0xbb, 0xde, 0xbb, 0xd6, 0xbb, 0xd6, 0xbb, 0xd6, 0xbb, 0xd6, 0xbb, 0xd6, 0xbb, 0xd6, 0xbb, 0xd6,
    0xbb, 0xd6, 0xbb, 0xd6, 0x9b, 0xd6, 0x9b, 0xd6, 0xbb, 0xd6, 0xbb, 0xd6, 0xbb, 0xd6, 0xbb, 0xd6,
    0xbb, 0xd6, 0xbb, 0xd6, 0xbb, 0xd6, 0xbb, 0xd6, 0x9b, 0xd6, 0xbb, 0xd6, 0xbb, 0xd6, 0xbb, 0xd6,
    0xbb, 0xd6, 0xbb, 0xd6, 0xbb, 0xd6, 0xbb, 0xd6, 0xbb, 0xd6, 0xfc, 0xde, 0x9e, 0xf7, 0x9d, 0xf7,
    0xbf, 0xff, 0x39, 0xce, 0x73, 0x8c, 0xb4, 0x94, 0x73, 0x8c, 0x97, 0xb5, 0xdb, 0xd6, 0xbb, 0xd6,
    0xbb, 0xd6, 0x5d, 0xef, 0xbe, 0xf7, 0xbe, 0xf7, 0xbe, 0xf7, 0xeb, 0x5a, 0x45, 0x29, 0x85, 0x31,
    0x66, 0x29, 0x4f, 0x21, 0x71, 0x21, 0x71, 0x21, 0x71, 0x21, 0x72, 0x21, 0x4e, 0x21, 0x65, 0x29,
    0x65, 0x29, 0x24, 0x21, 0xaa, 0x52, 0xbe, 0xf7, 0xdf, 0xff, 0xdf, 0xff, 0x9e, 0xf7, 0xdb, 0xde,
    0xbb, 0xd6, 0xdc, 0xde, 0x97, 0xb5, 0x73, 0x8c, 0xb4, 0x94, 0x73, 0x8c, 0x39, 0xc6, 0xdf, 0xff,
    0x9e, 0xf7, 0x9e, 0xf7, 0xfc, 0xe6, 0xbb, 0xde, 0xbb, 0xde, 0xbb, 0xde, 0xbb, 0xde, 0xbb, 0xde,
    0xbb, 0xde, 0xbb, 0xde, 0xbb, 0xd6, 0xbb, 0xd6, 0xbb, 0xd6, 0xbb, 0xd6, 0xbb, 0xd6, 0xbb, 0xd6,
    0xbb, 0xd6, 0xbb, 0xd6, 0xbb, 0xd6, 0xbb, 0xd6, 0xbb, 0xd6, 0x9b, 0xd6, 0x9b, 0xd6, 0x9b, 0xd6,
    0xbb, 0xd6, 0xbb, 0xd6, 0xbb, 0xde, 0xbb, 0xde, 0xbb, 0xde, 0xbb, 0xde, 0xbb, 0xde, 0xbb, 0xde,
    0xbb, 0xde, 0xbb, 0xde, 0xbb, 0xde, 0xbb, 0xde, 0xbb, 0xde, 0xbb, 0xd6, 0xbb, 0xd6, 0xbb, 0xd6,
    0xbb, 0xd6, 0xbb, 0xd6, 0xbb, 0xd6, 0xbb, 0xde, 0xbb, 0xd6, 0xbb, 0xd6, 0xbb, 0xd6, 0xbb, 0xd6,
    0xbb, 0xde, 0xbb, 0xd6, 0xbb, 0xd6, 0xbb, 0xd6, 0xbb, 0xd6, 0xbb, 0xd6, 0xbb, 0xde, 0xbb, 0xd6,
    0xbb, 0xd6, 0xbb, 0xd6, 0xbb, 0xd6, 0xbb, 0xd6, 0xbb, 0xde, 0xbb, 0xd6, 0xbb, 0xd6, 0xbb, 0xd6,
    0xbb, 0xd6, 0xbb, 0xd6, 0xbb, 0xd6, 0xbb, 0xd6, 0xbb, 0xde, 0xbb, 0xde, 0xbb, 0xde, 0xbb, 0xde,
    0xbb, 0xde, 0xbb, 0xde, 0xbb, 0xd6, 0xbb, 0xde, 0xbb, 0xde, 0xbb, 0xd6, 0xbb, 0xd6, 0xbb, 0xd6,
    0xbb, 0xd6, 0xbb, 0xd6, 0xbb, 0xde, 0xbb, 0xde, 0xbb, 0xd6, 0xbb, 0xd6, 0xbb, 0xd6, 0xbb, 0xd6,
    0xbb, 0xd6, 0xbb, 0xd6, 0xbb, 0xd6, 0xbb, 0xd6, 0xbb, 0xde, 0xbb, 0xde, 0xbb, 0xd6, 0xbb, 0xd6,
    0xbb, 0xd6, 0xbb, 0xd6, 0xbb, 0xd6, 0xbb, 0xd6, 0xbb, 0xd6, 0xbb, 0xd6, 0xbb, 0xde, 0xbb, 0xde,
    0xbb, 0xde, 0xbb, 0xde, 0xbb, 0xde, 0xbb, 0xde, 0xbb, 0xd6, 0xbb, 0xd6, 0xbb, 0xd6, 0xbb, 0xd6,
    0xbb, 0xd6, 0xbb, 0xd6, 0xbb, 0xd6, 0xbb, 0xd6, 0xbb, 0xd6, 0xbb, 0xd6, 0xbb, 0xd6, 0xbb, 0xd6,
    0xbb, 0xd6, 0xbb, 0xde, 0xbb, 0xde, 0xbb, 0xde, 0xbb, 0xde, 0xbb, 0xd6, 0xbb, 0xd6, 0xbb, 0xd6,
    0xbb, 0xd6, 0xbb, 0xd6, 0xbb, 0xde, 0xbb, 0xde, 0xbb, 0xde, 0xbb, 0xd6, 0xbb, 0xd6, 0xbb, 0xde,
    0xbb, 0xde, 0xbb, 0xde, 0xbb, 0xde, 0xbb, 0xd6, 0xbb, 0xd6, 0xbb, 0xd6, 0xbb, 0xde, 0xbb, 0xde,
    0xbb, 0xde, 0xbb, 0xde, 0xbb, 0xd6, 0xbb, 0xd6, 0xbb, 0xd6, 0xbb, 0xd6, 0xbb, 0xd6, 0xbb, 0xd6,
    0xbb, 0xd6, 0xbb, 0xd6, 0xbb, 0xd6, 0xbb, 0xd6, 0xbb, 0xde, 0xbb, 0xd6, 0xbb, 0xd6, 0xbb, 0xd6,
    0xbb, 0xd6, 0xbb, 0xd6, 0xbb, 0xd6, 0xbb, 0xd6, 0xbb, 0xd6, 0xbb, 0xd6, 0xbb, 0xd6, 0xbb, 0xde,
    0xbb, 0xd6, 0xbb, 0xd6, 0xbb, 0xde, 0xbb, 0xde, 0xbb, 0xd6, 0xbb, 0xd6, 0xbb, 0xd6, 0xbb, 0xd6,
    0x9b, 0xd6, 0xfc, 0xde, 0x9e, 0xf7, 0x9d, 0xf7, 0xbf, 0xf7, 0x39, 0xc6, 0x73, 0x8c, 0xb4, 0x94,
    0x73, 0x94, 0x97, 0xb5, 0xdb, 0xde, 0xbb, 0xd6, 0xbb, 0xd6, 0x5d, 0xef, 0xbe, 0xf7, 0xbe, 0xf7,
    0xbe, 0xf7, 0xeb, 0x5a, 0x45, 0x29, 0x86, 0x31, 0x66, 0x29, 0x4f, 0x21, 0x71, 0x21, 0x71, 0x21,
    0x71, 0x21, 0x72, 0x21, 0x4e, 0x21, 0x45, 0x29, 0x65, 0x29, 0x24, 0x21, 0xaa, 0x52, 0xbe, 0xf7,
    0xdf, 0xff, 0xdf, 0xff, 0x9e, 0xf7, 0xdb, 0xde, 0xbb, 0xde, 0xdc, 0xde, 0x97, 0xb5, 0x73, 0x8c,
    0x94, 0x94, 0x73, 0x8c, 0x39, 0xc6, 0xdf, 0xff, 0x9e, 0xf7, 0x9e, 0xf7, 0xfc, 0xe6, 0xbb, 0xde,
    0xbb, 0xde, 0xbb, 0xde, 0xbb, 0xde, 0xbb, 0xde, 0xbb, 0xde, 0xbb, 0xde, 0xbb, 0xd6, 0xbb, 0xd6,
    0xbb, 0xde, 0xbb, 0xd6, 0xbb, 0xd6, 0xbb, 0xd6, 0xbb, 0xd6, 0xbb, 0xd6, 0xbb, 0xd6, 0xbb, 0xd6,
    0x9b, 0xd6, 0x9b, 0xd6, 0xbb, 0xd6, 0xbb, 0xd6, 0xbb, 0xd6, 0xbb, 0xd6, 0xbb, 0xd6, 0xbb, 0xde,
    0xbb, 0xde, 0xbb, 0xde, 0xbb, 0xde, 0xbb, 0xde, 0xbb, 0xde, 0xbb, 0xde, 0xbb, 0xde, 0xbb, 0xde,
    0xbb, 0xde, 0xbb, 0xd6, 0xbb, 0xd6, 0xbb, 0xd6, 0xbb, 0xd6, 0xbb, 0xd6, 0xbb, 0xde, 0xbb, 0xde,
    0xbb, 0xd6, 0xbb, 0xd6, 0xbb, 0xd6, 0xbb, 0xd6, 0xbb, 0xde, 0xbb, 0xd6, 0xbb, 0xd6, 0xbb, 0xd6,
    0xbb, 0xd6, 0xbb, 0xd6, 0xbb, 0xd6, 0xbb, 0xd6, 0xbb, 0xd6, 0xbb, 0xd6, 0xbb, 0xd6, 0xbb, 0xd6,
    0xbb, 0xde, 0xbb, 0xd6, 0xbb, 0xd6, 0xbb, 0xd6, 0xbb, 0xd6, 0xbb, 0xd6, 0xbb, 0xd6, 0xbb, 0xd6,
    0xbb, 0xd6, 0xbb, 0xd6, 0xbb, 0xd6, 0xbb, 0xd6, 0xbb, 0xde, 0xbb, 0xde, 0xbb, 0xde, 0xbb, 0xde,
    0xbb, 0xde, 0xbb, 0xd6, 0xbb, 0xd6, 0xbb, 0xd6, 0xbb, 0xd6, 0xbb, 0xd6, 0xbb, 0xd6, 0xbb, 0xd6,
    0xbb, 0xd6, 0xbb, 0xd6, 0xbb, 0xd6, 0xbb, 0xd6, 0xbb, 0xd6, 0xbb, 0xd6, 0xbb, 0xd6, 0xbb, 0xd6,
    0xbb, 0xd6, 0xbb, 0xd6, 0xbb, 0xd6, 0xbb, 0xd6, 0xbb, 0xd6, 0xbb, 0xd6, 0xbb, 0xd6, 0xbb, 0xd6,
    0xbb, 0xd6, 0xbb, 0xd6, 0xbb, 0xd6, 0xbb, 0xd6, 0xbb, 0xde, 0xbb, 0xde, 0xbb, 0xde, 0xbb, 0xde,
    0xbb, 0xd6, 0xbb, 0xd6, 0xbb, 0xd6, 0xbb, 0xd6, 0xbb, 0xd6, 0xbb, 0xde, 0xbb, 0xde, 0xbb, 0xde,
    0xbb, 0xde, 0xbb, 0xd6, 0xbb, 0xd6, 0xbb, 0xd6, 0xbb, 0xd6, 0xbb, 0xd6, 0xbb, 0xde, 0xbb, 0xde,
    0xbb, 0xd6, 0xbb, 0xd6, 0xbb, 0xd6, 0xbb, 0xd6, 0xbb, 0xd6, 0xbb, 0xde, 0xbb, 0xde, 0xbb, 0xde,
    0xbb, 0xde, 0xbb, 0xde, 0xbb, 0xde, 0xbb, 0xde, 0xbb, 0xde, 0xbb, 0xd6, 0xbb, 0xd6, 0xbb, 0xde,
    0xbb, 0xde, 0xbb, 0xde, 0xbb, 0xde, 0xbb, 0xde, 0xbb, 0xde, 0xbb, 0xde, 0xbb, 0xd6, 0xbb, 0xd6,
    0xbb, 0xd6, 0xbb, 0xd6, 0xbb, 0xd6, 0xbb, 0xd6, 0xbb, 0xd6, 0xbb, 0xd6, 0xbb, 0xd6, 0xbb, 0xd6,
    0xbb, 0xd6, 0xbb, 0xd6, 0xbb, 0xd6, 0xbb, 0xd6, 0xbb, 0xd6, 0xbb, 0xd6, 0xbb, 0xd6, 0xbb, 0xd6,
    0xbb, 0xd6, 0xbb, 0xd6, 0xbb, 0xd6, 0xbb, 0xd6, 0xbb, 0xd6, 0xbb, 0xd6, 0xbb, 0xde, 0xbb, 0xde,
    0xbb, 0xde, 0xbb, 0xde, 0xbb, 0xde, 0xbb, 0xde, 0xbb, 0xd6, 0xfc, 0xde, 0x9e, 0xf7, 0x9d, 0xf7,
    0xbf, 0xf7, 0x39, 0xc6, 0x73, 0x8c, 0x94, 0x94, 0x73, 0x94, 0x97, 0xb5, 0xdb, 0xd6, 0xbb, 0xd6,
    0xbb, 0xd6, 0x5d, 0xef, 0xbe, 0xf7, 0xbe, 0xf7, 0xbe, 0xf7, 0xeb, 0x5a, 0x45, 0x29, 0x86, 0x31,
    0x66, 0x29, 0x4f, 0x21, 0x71, 0x21, 0x71, 0x21, 0x71, 0x21, 0x72, 0x21, 0x4e, 0x21, 0x45, 0x29,
    0x65, 0x29, 0x24, 0x21, 0xaa, 0x52, 0xbe, 0xf7, 0xdf, 0xff, 0xdf, 0xff, 0x9e, 0xf7, 0xdb, 0xde,
    0xbb, 0xde, 0xdc, 0xde, 0x97, 0xb5, 0x73, 0x8c, 0x94, 0x94, 0x73, 0x8c, 0x39, 0xc6, 0xdf, 0xff,
    0x9e, 0xf7, 0x9e, 0xf7, 0xfc, 0xe6, 0xbb, 0xde, 0xbb, 0xde, 0xbb, 0xde, 0xbb, 0xde, 0xbb, 0xde,
    0xbb, 0xde, 0xbb, 0xde, 0xbb, 0xd6, 0xbb, 0xd6, 0xbb, 0xde, 0xbb, 0xd6, 0xbb, 0xd6, 0xbb, 0xd6,
    0xbb, 0xd6, 0xbb, 0xd6, 0xbb, 0xd6, 0x9b, 0xd6, 0x9b, 0xd6, 0x9b, 0xd6, 0xbb, 0xd6, 0xbb, 0xd6,
    0xbb, 0xd6, 0xbb, 0xd6, 0xbb, 0xd6, 0xbb, 0xd6, 0xbb, 0xde, 0xbb, 0xd6, 0xbb, 0xd6, 0xbb, 0xd6,
    0xbb, 0xd6, 0xbb, 0xd6, 0xbb, 0xd6, 0xbb, 0xd6, 0xbb, 0xd6, 0xbb, 0xd6, 0xbb, 0xd6, 0xbb, 0xd6,
    0x9b, 0xd6, 0xbb, 0xd6, 0xbb, 0xde, 0xbb, 0xde, 0xbb, 0xd6, 0xbb, 0xd6, 0xbb, 0xd6, 0xbb, 0xd6,
    0xbb, 0xd6, 0xbb, 0xd6, 0xbb, 0xd6, 0xbb, 0xd6, 0xbb, 0xd6, 0xbb, 0xd6, 0xbb, 0xd6, 0xbb, 0xd6,
    0xbb, 0xd6, 0xbb, 0xd6, 0xbb, 0xd6, 0xbb, 0xd6, 0xbb, 0xd6, 0xbb, 0xd6, 0xbb, 0xd6, 0xbb, 0xd6,
    0xbb, 0xd6, 0xbb, 0xd6, 0xbb, 0xd6, 0xbb, 0xd6, 0xbb, 0xd6, 0xbb, 0xd6, 0xbb, 0xd6, 0xbb, 0xd6,
    0xbb, 0xd6, 0xbb, 0xde, 0xbb, 0xde, 0xbb, 0xde, 0xbb, 0xde, 0xbb, 0xd6, 0xbb, 0xd6, 0xbb, 0xd6,
    0xbb, 0xd6, 0xbb, 0xd6, 0xbb, 0xd6, 0xbb, 0xd6, 0xbb, 0xd6, 0xbb, 0xd6, 0xbb, 0xd6, 0xbb, 0xd6,
    0xbb, 0xd6, 0xbb, 0xd6, 0xbb, 0xd6, 0xbb, 0xd6, 0xbb, 0xd6, 0xbb, 0xd6, 0xbb, 0xd6, 0xbb, 0xd6,
    0xbb, 0xde, 0xbb, 0xde, 0xbb, 0xde, 0xbb, 0xde, 0xbb, 0xd6, 0xbb, 0xd6, 0xbb, 0xd6, 0xbb, 0xd6,
    0xbb, 0xd6, 0xbb, 0xde, 0xbb, 0xde, 0xbb, 0xde, 0xbb, 0xd6, 0xbb, 0xd6, 0xbb, 0xd6, 0xbb, 0xd6,
    0xbb, 0xde, 0xbb, 0xde, 0xbb, 0xde, 0xbb, 0xde, 0xbb, 0xde, 0xbb, 0xd6, 0xbb, 0xd6, 0xbb, 0xd6,
    0xbb, 0xd6, 0xbb, 0xd6, 0xbb, 0xd6, 0xbb, 0xd6, 0xbb, 0xd6, 0xbb, 0xd6, 0xbb, 0xd6, 0xbb, 0xd6,
    0xbb, 0xde, 0xbb, 0xde, 0xbb, 0xde, 0xbb, 0xde, 0xbb, 0xde, 0xbb, 0xde, 0xbb, 0xde, 0xbb, 0xde,
    0xbb, 0xd6, 0xbb, 0xd6, 0xbb, 0xd6, 0xbb, 0xd6, 0xbb, 0xd6, 0xbb, 0xd6, 0xbb, 0xd6, 0xbb, 0xd6,
    0xbb, 0xd6, 0xbb, 0xde, 0xbb, 0xd6, 0xbb, 0xd6, 0xbb, 0xd6, 0xbb, 0xd6, 0xbb, 0xd6, 0xbb, 0xd6,
    0xbb, 0xd6, 0xbb, 0xd6, 0xbb, 0xd6, 0xbb, 0xd6, 0xbb, 0xd6, 0xbb, 0xd6, 0xbb, 0xd6, 0xbb, 0xde,
    0xbb, 0xd6, 0xbb, 0xd6, 0xbb, 0xd6, 0xbb, 0xd6, 0xbb, 0xd6, 0xbb, 0xd6, 0xbb, 0xd6, 0xbb, 0xd6,
    0xbb, 0xd6, 0xbb, 0xde, 0xbb, 0xd6, 0xbb, 0xd6, 0xbb, 0xde, 0xbb, 0xde, 0xbb, 0xde, 0xbb, 0xde,
    0xbb, 0xd6, 0xfc, 0xde, 0x9e, 0xf7, 0x9d, 0xf7, 0xbf, 0xf7, 0x39, 0xc6, 0x73, 0x8c, 0x94, 0x94,
    0x73, 0x8c, 0x97, 0xb5, 0xbb, 0xd6, 0xbb, 0xd6, 0xbb, 0xd6, 0x5d, 0xef, 0xbe, 0xf7, 0xbe, 0xf7,
    0xbe, 0xf7, 0xeb, 0x5a, 0x45, 0x29, 0x86, 0x31, 0x66, 0x29, 0x4f, 0x21, 0x71, 0x21, 0x71, 0x21,
    0x71, 0x21, 0x72, 0x21, 0x4e, 0x21, 0x45, 0x29, 0x65, 0x29, 0x24, 0x21, 0xaa, 0x52, 0xbe, 0xf7,
    0xdf, 0xff, 0xdf, 0xff, 0x9e, 0xf7, 0xdb, 0xde, 0xbb, 0xde, 0xdc, 0xde, 0x97, 0xb5, 0x73, 0x8c,
    0x94, 0x94, 0x73, 0x8c, 0x39, 0xc6, 0xbf, 0xf7, 0x9e, 0xf7, 0x9e, 0xf7, 0xfc, 0xe6, 0xbb, 0xde,
    0xbb, 0xde, 0xbb, 0xde, 0xbb, 0xde, 0xbb, 0xde, 0xbb, 0xde, 0xbb, 0xde, 0xbb, 0xd6, 0xbb, 0xd6,
    0xbb, 0xd6, 0xbb, 0xd6, 0xbb, 0xd6, 0xbb, 0xd6, 0xbb, 0xd6, 0xbb, 0xd6, 0xbb, 0xd6, 0x9b, 0xd6,
    0xbb, 0xd6, 0xbb, 0xd6, 0xbb, 0xd6, 0xbb, 0xd6, 0xbb, 0xd6, 0xbb, 0xd6, 0xbb, 0xd6, 0xbb, 0xde,
    0xbb, 0xde, 0xbb, 0xde, 0xbb, 0xd6, 0xbb, 0xd6, 0xbb, 0xd6, 0xbb, 0xd6, 0xbb, 0xd6, 0xbb, 0xde,
    0xbb, 0xde, 0xbb, 0xd6, 0xbb, 0xd6, 0xbb, 0xd6, 0xbb, 0xd6, 0xbb, 0xde, 0xbb, 0xde, 0xbb, 0xde,
    0xbb, 0xde, 0xbb, 0xde, 0xbb, 0xde, 0xbb, 0xd6, 0xbb, 0xd6, 0xbb, 0xd6, 0xbb, 0xd6, 0xbb, 0xd6,
    0xbb, 0xd6, 0xbb, 0xd6, 0xbb, 0xd6, 0xbb, 0xd6, 0xbb, 0xde, 0xbb, 0xde, 0xbb, 0xde, 0xbb, 0xde,
    0xbb, 0xd6, 0xbb, 0xd6, 0xbb, 0xd6, 0xbb, 0xd6, 0xbb, 0xde, 0xbb, 0xde, 0xbb, 0xde, 0xbb, 0xde,
    0xbb, 0xd6, 0xbb, 0xd6, 0xbb, 0xd6, 0xbb, 0xde, 0xbb, 0xd6, 0xbb, 0xde, 0xbb, 0xde, 0xbb, 0xde,
    0xbb, 0xde, 0xbb, 0xd6, 0xbb, 0xd6, 0xbb, 0xd6, 0xbb, 0xd6, 0xbb, 0xd6, 0xbb, 0xde, 0xbb, 0xd6,
    0xbb, 0xd6, 0xbb, 0xd6, 0xbb, 0xd6, 0xbb, 0xd6, 0xbb, 0xd6, 0xbb, 0xd6, 0x9b, 0xd6, 0x9b, 0xd6,
    0xbb, 0xd6, 0xbb, 0xd6, 0xbb, 0xd6, 0xbb, 0xd6, 0xbb, 0xd6, 0xbb, 0xd6, 0xbb, 0xd6, 0xbb, 0xd6,
    0xbb, 0xd6, 0xbb, 0xd6, 0xbb, 0xd6, 0xbb, 0xd6, 0xbb, 0xde, 0xbb, 0xde, 0xbb, 0xde, 0xbb, 0xde,
    0xbb, 0xd6, 0xbb, 0xd6, 0xbb, 0xd6, 0xbb, 0xd6, 0xbb, 0xd6, 0xbb, 0xde, 0xbb, 0xd6, 0xbb, 0xd6,
    0xbb, 0xd6, 0xbb, 0xd6, 0xbb, 0xd6, 0xbb, 0xde, 0xbb, 0xd6, 0xbb, 0xd6, 0xbb, 0xd6, 0xbb, 0xd6,
    0xbb, 0xd6, 0xbb, 0xd6, 0xbb, 0xd6, 0xbb, 0xde, 0xbb, 0xde, 0xbb, 0xde, 0xbb, 0xde, 0xbb, 0xde,
    0xbb, 0xde, 0xbb, 0xde, 0xbb, 0xde, 0xbb, 0xde, 0xbb, 0xd6, 0xbb, 0xd6, 0xbb, 0xd6, 0xbb, 0xd6,
    0xbb, 0xd6, 0xbb, 0xd6, 0xbb, 0xd6, 0xbb, 0xd6, 0x9b, 0xd6, 0xbb, 0xd6, 0xbb, 0xd6, 0xbb, 0xd6,
    0xbb, 0xde, 0xbb, 0xd6, 0xbb, 0xd6, 0xbb, 0xd6, 0xbb, 0xde, 0xbb, 0xd6, 0xbb, 0xd6, 0xbb, 0xd6,
    0xbb, 0xd6, 0xbb, 0xd6, 0xbb, 0xd6, 0xbb, 0xd6, 0xbb, 0xd6, 0xbb, 0xd6, 0xbb, 0xd6, 0xbb, 0xd6,
    0xbb, 0xd6, 0xbb, 0xd6, 0x9b, 0xd6, 0xbb, 0xd6, 0xbb, 0xd6, 0xbb, 0xd6, 0xbb, 0xd6, 0xbb, 0xd6,
    0xbb, 0xde, 0xbb, 0xde, 0xbb, 0xde, 0xbb, 0xde, 0xbb, 0xde, 0xfc, 0xde, 0x9e, 0xf7, 0x9d, 0xf7,
    0xdf, 0xf7, 0x39, 0xc6, 0x73, 0x8c, 0x94, 0x94, 0x73, 0x8c, 0x97, 0xb5, 0xbb, 0xd6, 0xbb, 0xd6,
    0x9b, 0xd6, 0x5d, 0xef, 0xbe, 0xf7, 0xbe, 0xf7, 0x9e, 0xf7, 0xeb, 0x5a, 0x45, 0x29, 0x86, 0x31,
    0x66, 0x29, 0x4f, 0x21, 0x71, 0x21, 0x71, 0x21, 0x71, 0x21, 0x72, 0x21, 0x4e, 0x21, 0x45, 0x29,
    0x65, 0x29, 0x24, 0x21, 0xaa, 0x52, 0xbe, 0xf7, 0xdf, 0xff, 0xdf, 0xff, 0x9e, 0xf7, 0xdb, 0xde,
    0xbb, 0xde, 0xdc, 0xde, 0x97, 0xb5, 0x73, 0x8c, 0x94, 0x94, 0x73, 0x8c, 0x39, 0xc6, 0xbf, 0xf7,
    0x9e, 0xf7, 0x9e, 0xf7, 0xfc, 0xe6, 0xbb, 0xde, 0xbb, 0xde, 0xbb, 0xde, 0xbb, 0xde, 0xbb, 0xde,
    0xbb, 0xde, 0xbb, 0xde, 0xbb, 0xd6, 0xbb, 0xd6, 0xbb, 0xd6, 0xbb, 0xd6, 0xbb, 0xd6, 0xbb, 0xd6,
    0xbb, 0xd6, 0xbb, 0xd6, 0xbb, 0xd6, 0x9b, 0xd6, 0xbb, 0xd6, 0xbb, 0xd6, 0xbb, 0xd6, 0xbb, 0xd6,
    0xbb, 0xd6, 0xbb, 0xd6, 0xbb, 0xd6, 0xbb, 0xde, 0xbb, 0xde, 0xbb, 0xde, 0xbb, 0xd6, 0xbb, 0xd6,
    0xbb, 0xd6, 0xbb, 0xd6, 0xbb, 0xd6, 0xbb, 0xde, 0xbb, 0xde, 0xbb, 0xd6, 0xbb, 0xd6, 0xbb, 0xd6,
    0xbb, 0xde, 0xbb, 0xde, 0xbb, 0xde, 0xbb, 0xde, 0xbb, 0xde, 0xbb, 0xde, 0xbb, 0xde, 0xbb, 0xd6,
    0xbb, 0xd6, 0xbb, 0xd6, 0xbb, 0xd6, 0xbb, 0xd6, 0xbb, 0xd6, 0xbb, 0xd6, 0xbb, 0xd6, 0xbb, 0xd6,
    0xbb, 0xde, 0xbb, 0xde, 0xbb, 0xde, 0xbb, 0xde, 0xbb, 0xd6, 0xbb, 0xd6, 0xbb, 0xd6, 0xbb, 0xde,
    0xbb, 0xde, 0xbb, 0xde, 0xbb, 0xde, 0xbb, 0xde, 0xbb, 0xd6, 0xbb, 0xd6, 0xbb, 0xd6, 0xbb, 0xd6,
    0xbb, 0xd6, 0xbb, 0xd6, 0xbb, 0xde, 0xbb, 0xd6, 0xbb, 0xd6, 0xbb, 0xd6, 0xbb, 0xd6, 0xbb, 0xd6,
    0xbb, 0xd6, 0xbb, 0xd6, 0xbb, 0xd6, 0x9b, 0xd6, 0xbb, 0xd6, 0xbb, 0xd6, 0x9b, 0xd6, 0x9b, 0xd6,
    0x9b, 0xd6, 0xbb, 0xd6, 0x9b, 0xd6, 0x9b, 0xd6, 0xbb, 0xd6, 0xbb, 0xd6, 0xbb, 0xd6, 0xbb, 0xd6,
    0xbb, 0xd6, 0xbb, 0xd6, 0xbb, 0xd6, 0xbb, 0xd6, 0xbb, 0xd6, 0xbb, 0xd6, 0xbb, 0xd6, 0xbb, 0xd6,
    0xbb, 0xde, 0xbb, 0xde, 0xbb, 0xde, 0xbb, 0xde, 0xbb, 0xde, 0xbb, 0xde, 0xbb, 0xd6, 0xbb, 0xd6,
    0xbb, 0xd6, 0xbb, 0xd6, 0xbb, 0xd6, 0xbb, 0xd6, 0xbb, 0xd6, 0xbb, 0xd6, 0xbb, 0xd6, 0xbb, 0xde,
    0xbb, 0xde, 0xbb, 0xde, 0xbb, 0xd6, 0xbb, 0xd6, 0xbb, 0xd6, 0xbb, 0xd6, 0xbb, 0xd6, 0xbb, 0xde,
    0xbb, 0xde, 0xbb, 0xde, 0xbb, 0xde, 0xbb, 0xde, 0xbb, 0xde, 0xbb, 0xde, 0xbb, 0xde, 0xbb, 0xd6,
    0xbb, 0xd6, 0xbb, 0xd6, 0xbb, 0xd6, 0xbb, 0xd6, 0xbb, 0xd6, 0xbb, 0xd6, 0xbb, 0xd6, 0x9b, 0xd6,
    0xbb, 0xd6, 0x9b, 0xd6, 0xbb, 0xd6, 0xbb, 0xde, 0xbb, 0xde, 0xbb, 0xd6, 0xbb, 0xd6, 0xbb, 0xd6,
    0xbb, 0xd6, 0xbb, 0xd6, 0xbb, 0xd6, 0xbb, 0xd6, 0xbb, 0xd6, 0xbb, 0xd6, 0xbb, 0xd6, 0xbb, 0xd6,
    0xbb, 0xd6, 0xbb, 0xd6, 0xbb, 0xd6, 0xbb, 0xd6, 0x9b, 0xd6, 0x9b, 0xd6, 0x9b, 0xd6, 0x9b, 0xd6,
    0xbb, 0xd6, 0xbb, 0xd6, 0xbb, 0xd6, 0xbb, 0xd6, 0xbb, 0xde, 0xbb, 0xde, 0xbb, 0xde, 0xbb, 0xde,
    0xbb, 0xde, 0xfc, 0xde, 0x9e, 0xf7, 0x9d, 0xf7, 0xdf, 0xf7, 0x3a, 0xc6, 0x73, 0x8c, 0x94, 0x94,
    0x73, 0x8c, 0x77, 0xad, 0xbb, 0xd6, 0xbb, 0xd6, 0x9b, 0xd6, 0x5d, 0xef, 0xbe, 0xf7, 0xbe, 0xf7,
    0x9e, 0xf7, 0xeb, 0x5a, 0x45, 0x29, 0x86, 0x31, 0x66, 0x29, 0x4f, 0x21, 0x71, 0x21, 0x71, 0x21,
    0x71, 0x21, 0x72, 0x21, 0x4e, 0x21, 0x45, 0x29, 0x65, 0x29, 0x24, 0x21, 0xaa, 0x52, 0xbe, 0xf7,
    0xdf, 0xff, 0xdf, 0xff, 0x9e, 0xf7, 0xbb, 0xde, 0xbb, 0xd6, 0xdc, 0xde, 0x97, 0xb5, 0x73, 0x8c,
    0x94, 0x94, 0x73, 0x8c, 0x39, 0xc6, 0xbf, 0xf7, 0x7e, 0xf7, 0x9e, 0xf7, 0xfc, 0xe6, 0xbb, 0xd6,
    0xbb, 0xde, 0xbb, 0xde, 0xbb, 0xd6, 0xbb, 0xd6, 0xbb, 0xd6, 0xbb, 0xd6, 0xbb, 0xd6, 0xbb, 0xd6,
    0xbb, 0xd6, 0xbb, 0xd6, 0xbb, 0xd6, 0xbb, 0xd6, 0xbb, 0xd6, 0xbb, 0xd6, 0xbb, 0xd6, 0xbb, 0xd6,
    0x9b, 0xd6, 0x9b, 0xd6, 0xbb, 0xd6, 0xbb, 0xd6, 0xbb, 0xd6, 0xbb, 0xd6, 0xbb, 0xd6, 0xbb, 0xde,
    0xbb, 0xde, 0xbb, 0xde, 0xbb, 0xd6, 0xbb, 0xd6, 0xbb, 0xd6, 0xbb, 0xd6, 0xbb, 0xd6, 0xbb, 0xd6,
    0xbb, 0xd6, 0xbb, 0xd6, 0xbb, 0xd6, 0xbb, 0xde, 0xbb, 0xd6, 0xbb, 0xd6, 0xbb, 0xd6, 0xbb, 0xde,
    0xbb, 0xde, 0xbb, 0xde, 0xbb, 0xde, 0xbb, 0xd6, 0xbb, 0xd6, 0xbb, 0xd6, 0xbb, 0xd6, 0xbb, 0xd6,
    0xbb, 0xd6, 0xbb, 0xd6, 0xbb, 0xd6, 0xbb, 0xd6, 0xbb, 0xde, 0xbb, 0xd6, 0xbb, 0xd6, 0xbb, 0xde,
    0xbb, 0xde, 0xbb, 0xd6, 0xbb, 0xd6, 0xbb, 0xd6, 0xbb, 0xde, 0xbb, 0xde, 0xbb, 0xde, 0xbb, 0xde,
    0xbb, 0xde, 0xbb, 0xd6, 0xbb, 0xd6, 0xbb, 0xd6, 0x9b, 0xd6, 0x9b, 0xd6, 0xbb, 0xd6, 0xbb, 0xd6,
    0xbb, 0xd6, 0xbb, 0xd6, 0xbb, 0xd6, 0xbb, 0xd6, 0xbb, 0xd6, 0x9b, 0xd6, 0x9b, 0xd6, 0x9b, 0xd6,
    0x9b, 0xd6, 0xbb, 0xd6, 0xbb, 0xd6, 0x9b, 0xd6, 0x9b, 0xd6, 0x9b, 0xd6, 0xbb, 0xd6, 0xbb, 0xd6,
    0xbb, 0xd6, 0xbb, 0xd6, 0xbb, 0xd6, 0xbb, 0xd6, 0xbb, 0xd6, 0xbb, 0xd6, 0xbb, 0xd6, 0xbb, 0xd6,
    0xbb, 0xd6, 0xbb, 0xd6, 0xbb, 0xd6, 0xbb, 0xd6, 0xbb, 0xde, 0xbb, 0xde, 0xbb, 0xd6, 0xbb, 0xd6,
    0xbb, 0xd6, 0xbb, 0xd6, 0xbb, 0xd6, 0xbb, 0xd6, 0xbb, 0xd6, 0xbb, 0xd6, 0xbb, 0xd6, 0xbb, 0xd6,
    0xbb, 0xd6, 0xbb, 0xd6, 0xbb, 0xde, 0xbb, 0xde, 0xbb, 0xde, 0xbb, 0xde, 0xbb, 0xd6, 0xbb, 0xd6,
    0xbb, 0xd6, 0xbb, 0xd6, 0xbb, 0xd6, 0xbb, 0xde, 0xbb, 0xde, 0xbb, 0xde, 0xbb, 0xde, 0xbb, 0xd6,
    0xbb, 0xde, 0xbb, 0xde, 0xbb, 0xd6, 0xbb, 0xd6, 0xbb, 0xd6, 0x9b, 0xd6, 0xbb, 0xd6, 0xbb, 0xd6,
    0xbb, 0xd6, 0x9b, 0xd6, 0x9b, 0xd6, 0x9b, 0xd6, 0xbb, 0xd6, 0xbb, 0xd6, 0xbb, 0xd6, 0xbb, 0xd6,
    0xbb, 0xde, 0xbb, 0xd6, 0xbb, 0xd6, 0xbb, 0xd6, 0xbb, 0xd6, 0xbb, 0xd6, 0xbb, 0xd6, 0xbb, 0xd6,
    0xbb, 0xde, 0xbb, 0xde, 0xbb, 0xd6, 0xbb, 0xd6, 0xbb, 0xd6, 0xbb, 0xd6, 0xbb, 0xd6, 0x9b, 0xd6,
    0x9b, 0xd6, 0x9b, 0xd6, 0xbb, 0xd6, 0xbb, 0xd6, 0x9b, 0xd6, 0x9b, 0xd6, 0xbb, 0xd6, 0xbb, 0xd6,
    0xbb, 0xd6, 0xbb, 0xd6, 0xbb, 0xde, 0xbb, 0xde, 0xbb, 0xd6, 0xfc, 0xde, 0x9e, 0xf7, 0x9d, 0xf7,
    0xdf, 0xf7, 0x3a, 0xc6, 0x53, 0x8c, 0x94, 0x94, 0x73, 0x8c, 0x77, 0xad, 0xbb, 0xd6, 0xbb, 0xd6,
    0x9b, 0xd6, 0x5d, 0xef, 0xbe, 0xf7, 0xbe, 0xf7, 0x9e, 0xf7, 0xeb, 0x5a, 0x25, 0x29, 0x86, 0x31,
    0x66, 0x29, 0x4f, 0x21, 0x71, 0x21, 0x71, 0x21, 0x71, 0x21, 0x72, 0x21, 0x4e, 0x21, 0x45, 0x29,
    0x65, 0x29, 0x24, 0x21, 0xaa, 0x52, 0xbe, 0xf7, 0xdf, 0xff, 0xdf, 0xff, 0x9e, 0xf7, 0xbb, 0xde,
    0xbb, 0xd6, 0xdc, 0xde, 0x97, 0xb5, 0x73, 0x8c, 0x94, 0x94, 0x73, 0x8c, 0x39, 0xc6, 0xbf, 0xf7,
    0x7e, 0xf7, 0x9e, 0xf7, 0xfc, 0xe6, 0xbb, 0xd6, 0xbb, 0xde, 0xbb, 0xde, 0xbb, 0xd6, 0xbb, 0xd6,
    0xbb, 0xd6, 0xbb, 0xd6, 0xbb, 0xd6, 0xbb, 0xd6, 0xbb, 0xd6, 0xbb, 0xd6, 0xbb, 0xd6, 0xbb, 0xd6,
    0xbb, 0xd6, 0xbb, 0xd6, 0xbb, 0xd6, 0xbb, 0xd6, 0x9b, 0xd6, 0x9b, 0xd6, 0xbb, 0xd6, 0xbb, 0xd6,
    0xbb, 0xd6, 0xbb, 0xd6, 0xbb, 0xd6, 0xbb, 0xde, 0xbb, 0xde, 0xbb, 0xde, 0xbb, 0xd6, 0xbb, 0xd6,
    0xbb, 0xd6, 0xbb, 0xd6, 0xbb, 0xd6, 0xbb, 0xd6, 0xbb, 0xd6, 0xbb, 0xd6, 0xbb, 0xd6, 0xbb, 0xde,
    0xbb, 0xd6, 0xbb, 0xd6, 0xbb, 0xd6, 0xbb, 0xd6, 0xbb, 0xde, 0xbb, 0xde, 0xbb, 0xde, 0xbb, 0xd6,
    0xbb, 0xd6, 0xbb, 0xd6, 0xbb, 0xd6, 0xbb, 0xd6, 0xbb, 0xd6, 0xbb, 0xd6, 0xbb, 0xd6, 0xbb, 0xd6,
    0xbb, 0xde, 0xbb, 0xd6, 0xbb, 0xd6, 0xbb, 0xde, 0xbb, 0xde, 0xbb, 0xde, 0xbb, 0xd6, 0x9b, 0xd6,
    0xbb, 0xde, 0xbb, 0xde, 0xbb, 0xde, 0xbb, 0xde, 0xbb, 0xde, 0xbb, 0xd6, 0xbb, 0xd6, 0xbb, 0xd6,
    0x9b, 0xd6, 0x9b, 0xd6, 0x9b, 0xd6, 0xbb, 0xd6, 0xbb, 0xd6, 0xbb, 0xde, 0xbb, 0xde, 0xbb, 0xd6,
    0x9b, 0xd6, 0x9b, 0xd6, 0x9b, 0xd6, 0x9b, 0xd6, 0x9b, 0xd6, 0xbb, 0xd6, 0xbb, 0xd6, 0xbb, 0xd6,
    0x9b, 0xd6, 0x9b, 0xd6, 0xbb, 0xd6, 0xbb, 0xd6, 0xbb, 0xd6, 0xbb, 0xd6, 0xbb, 0xd6, 0xbb, 0xd6,
    0xbb, 0xd6, 0xbb, 0xd6, 0xbb, 0xd6, 0xbb, 0xd6, 0xbb, 0xd6, 0xbb, 0xd6, 0xbb, 0xd6, 0xbb, 0xd6,
    0xbb, 0xde, 0xbb, 0xde, 0xbb, 0xd6, 0x9b, 0xd6, 0x9b, 0xd6, 0x9b, 0xd6, 0xbb, 0xd6, 0xbb, 0xd6,
    0xbb, 0xd6, 0xbb, 0xd6, 0xbb, 0xd6, 0xbb, 0xd6, 0xbb, 0xd6, 0xbb, 0xd6, 0xbb, 0xde, 0xbb, 0xde,
    0xbb, 0xde, 0xbb, 0xde, 0xbb, 0xd6, 0xbb, 0xd6, 0xbb, 0xd6, 0xbb, 0xd6, 0xbb, 0xd6, 0xbb, 0xde,
    0xbb, 0xde, 0xbb, 0xde, 0xbb, 0xde, 0xbb, 0xde, 0xbb, 0xde, 0xbb, 0xde, 0xbb, 0xd6, 0xbb, 0xd6,
    0xbb, 0xd6, 0x9b, 0xd6, 0x9b, 0xd6, 0x9b, 0xd6, 0xbb, 0xd6, 0xbb, 0xde, 0xbb, 0xd6, 0x9b, 0xd6,
    0x9b, 0xd6, 0xbb, 0xd6, 0xbb, 0xd6, 0xbb, 0xd6, 0xbb, 0xd6, 0xbb, 0xd6, 0xbb, 0xd6, 0xbb, 0xd6,
    0xbb, 0xd6, 0xbb, 0xd6, 0xbb, 0xd6, 0xbb, 0xde, 0xbb, 0xde, 0xbb, 0xde, 0xbb, 0xd6, 0xbb, 0xd6,
    0xbb, 0xd6, 0xbb, 0xd6, 0xbb, 0xd6, 0xbb, 0xd6, 0xbb, 0xd6, 0xbb, 0xd6, 0xbb, 0xd6, 0xbb, 0xd6,
    0x9b, 0xd6, 0x9b, 0xd6, 0xbb, 0xd6, 0xbb, 0xd6, 0xbb, 0xd6, 0xbb, 0xd6, 0xbb, 0xd6, 0xbb, 0xde,
    0xbb, 0xd6, 0xfc, 0xde, 0x9e, 0xf7, 0x9d, 0xf7, 0xdf, 0xf7, 0x3a, 0xc6, 0x53, 0x8c, 0x94, 0x94,
    0x73, 0x8c, 0x77, 0xad, 0xbb, 0xd6, 0xbb, 0xd6, 0x9b, 0xd6, 0x5d, 0xef, 0xbe, 0xf7, 0xbe, 0xf7,
    0x9e, 0xf7, 0xeb, 0x5a, 0x25, 0x21, 0x86, 0x31, 0x66, 0x29, 0x4f, 0x21, 0x71, 0x21, 0x71, 0x21,
    0x71, 0x21, 0x72, 0x21, 0x4e, 0x21, 0x45, 0x29, 0x65, 0x29, 0x24, 0x21, 0xaa, 0x52, 0xbe, 0xf7,
    0xdf, 0xff, 0xdf, 0xff, 0x7e, 0xf7, 0xbb, 0xde, 0xbb, 0xd6, 0xdc, 0xde, 0x97, 0xb5, 0x73, 0x8c,
    0x94, 0x94, 0x73, 0x8c, 0x39, 0xc6, 0xdf, 0xf7, 0x7e, 0xf7, 0x9e, 0xf7, 0xfc, 0xe6, 0xbb, 0xd6,
    0xbb, 0xde, 0xbb, 0xde, 0xbb, 0xde, 0xbb, 0xd6, 0xbb, 0xd6, 0xbb, 0xd6, 0xbb, 0xd6, 0xbb, 0xde,
    0xbb, 0xde, 0xbb, 0xd6, 0xbb, 0xd6, 0xbb, 0xd6, 0xbb, 0xd6, 0xbb, 0xd6, 0xbb, 0xd6, 0xbb, 0xd6,
    0xbb, 0xd6, 0xbb, 0xd6, 0x9b, 0xd6, 0x9b, 0xd6, 0xbb, 0xd6, 0xbb, 0xd6, 0xbb, 0xde, 0xbb, 0xde,
    0xbb, 0xd6, 0xbb, 0xde, 0xbb, 0xd6, 0xbb, 0xd6, 0xbb, 0xd6, 0xbb, 0xd6, 0xbb, 0xd6, 0xbb, 0xd6,
    0xbb, 0xd6, 0xbb, 0xd6, 0xbb, 0xd6, 0xbb, 0xd6, 0xbb, 0xd6, 0xbb, 0xd6, 0xbb, 0xd6, 0xbb, 0xd6,
    0xbb, 0xde, 0xbb, 0xde, 0xbb, 0xde, 0xbb, 0xd6, 0xbb, 0xde, 0xbb, 0xd6, 0xbb, 0xd6, 0xbb, 0xd6,
    0xbb, 0xd6, 0xbb, 0xde, 0xbb, 0xd6, 0xbb, 0xd6, 0xbb, 0xd6, 0xbb, 0xd6, 0xbb, 0xd6, 0xbb, 0xd6,
    0xbb, 0xde, 0xbb, 0xde, 0xbb, 0xd6, 0xbb, 0xd6, 0xbb, 0xde, 0xbb, 0xde, 0xbb, 0xde, 0xbb, 0xd6,
    0xbb, 0xde, 0xbb, 0xde, 0xbb, 0xde, 0xbb, 0xde, 0xbb, 0xd6, 0xbb, 0xd6, 0x9b, 0xd6, 0x9b, 0xd6,
    0xbb, 0xd6, 0xbb, 0xde, 0xbb, 0xd6, 0xbb, 0xd6, 0x9b, 0xd6, 0x9b, 0xd6, 0x9b, 0xd6, 0x9b, 0xd6,
    0xbb, 0xd6, 0xbb, 0xd6, 0xbb, 0xd6, 0x9b, 0xd6, 0x9b, 0xd6, 0x9b, 0xd6, 0xbb, 0xd6, 0xbb, 0xd6,
    0xbb, 0xde, 0xbb, 0xde, 0xbb, 0xde, 0xbb, 0xd6, 0xbb, 0xd6, 0xbb, 0xd6, 0xbb, 0xd6, 0xbb, 0xde,
    0xbb, 0xd6, 0xbb, 0xd6, 0xbb, 0xd6, 0xbb, 0xde, 0xbb, 0xd6, 0xbb, 0xd6, 0xbb, 0xd6, 0xbb, 0xd6,
    0xbb, 0xd6, 0xbb, 0xd6, 0xbb, 0xd6, 0xbb, 0xd6, 0xbb, 0xd6, 0xbb, 0xd6, 0xbb, 0xd6, 0xbb, 0xd6,
    0xbb, 0xd6, 0xbb, 0xd6, 0xbb, 0xd6, 0xbb, 0xd6, 0xbb, 0xd6, 0xbb, 0xd6, 0xbb, 0xd6, 0xbb, 0xd6,
    0xbb, 0xd6, 0xbb, 0xd6, 0xbb, 0xd6, 0xbb, 0xde, 0xbb, 0xde, 0xbb, 0xde, 0xbb, 0xde, 0xbb, 0xde,
    0xbb, 0xd6, 0xbb, 0xd6, 0xbb, 0xd6, 0xbb, 0xd6, 0x9b, 0xd6, 0x9b, 0xd6, 0x9b, 0xd6, 0xbb, 0xd6,
    0xbb, 0xde, 0xbb, 0xde, 0xbb, 0xde, 0x9b, 0xd6, 0x9b, 0xd6, 0x9b, 0xd6, 0xbb, 0xd6, 0xbb, 0xd6,
    0xbb, 0xd6, 0xbb, 0xd6, 0xbb, 0xd6, 0xbb, 0xd6, 0xbb, 0xd6, 0xbb, 0xd6, 0xbb, 0xde, 0xbb, 0xde,
    0xbb, 0xde, 0xbb, 0xde, 0xbb, 0xde, 0xbb, 0xd6, 0xbb, 0xd6, 0xbb, 0xd6, 0xbb, 0xd6, 0xbb, 0xd6,
    0xbb, 0xd6, 0xbb, 0xd6, 0xbb, 0xd6, 0xbb, 0xd6, 0xbb, 0xd6, 0xbb, 0xd6, 0xbb, 0xd6, 0xbb, 0xd6,
    0xbb, 0xde, 0xbb, 0xd6, 0xbb, 0xd6, 0xbb, 0xde, 0xbb, 0xd6, 0xfc, 0xde, 0x9e, 0xf7, 0x9d, 0xf7,
    0xdf, 0xff, 0x39, 0xc6, 0x53, 0x8c, 0x94, 0x94, 0x73, 0x8c, 0x97, 0xb5, 0xbb, 0xde, 0x9b, 0xd6,
    0x9b, 0xd6, 0x5d, 0xef, 0xbe, 0xf7, 0xbe, 0xf7, 0x9e, 0xf7, 0xcb, 0x5a, 0x25, 0x21, 0x86, 0x31,
    0x66, 0x29, 0x4f, 0x21, 0x71, 0x21, 0x71, 0x21, 0x71, 0x21, 0x72, 0x21, 0x4e, 0x21, 0x45, 0x29,
    0x65, 0x29, 0x24, 0x21, 0xaa, 0x52, 0xbe, 0xf7, 0xdf, 0xff, 0xdf, 0xff, 0x7e, 0xf7, 0xdb, 0xde,
    0xbb, 0xde, 0xdc, 0xde, 0x97, 0xb5, 0x73, 0x8c, 0x94, 0x94, 0x73, 0x8c, 0x39, 0xc6, 0xdf, 0xff,
    0x9e, 0xf7, 0x9e, 0xf7, 0xfc, 0xe6, 0xbb, 0xd6, 0xbb, 0xde, 0xbb, 0xde, 0xbb, 0xde, 0xbb, 0xde,
    0xbb, 0xd6, 0xbb, 0xd6, 0xbb, 0xd6, 0xbb, 0xde, 0xbb, 0xde, 0xbb, 0xd6, 0xbb, 0xd6, 0xbb, 0xd6,
    0xbb, 0xd6, 0xbb, 0xd6, 0xbb, 0xd6, 0xbb, 0xd6, 0xbb, 0xd6, 0xbb, 0xd6, 0xbb, 0xd6, 0xbb, 0xd6,
    0xbb, 0xd6, 0xbb, 0xd6, 0xbb, 0xd6, 0xbb, 0xd6, 0xbb, 0xde, 0xbb, 0xde, 0xbb, 0xde, 0xbb, 0xd6,
    0xbb, 0xd6, 0xbb, 0xd6, 0xbb, 0xd6, 0xbb, 0xd6, 0xbb, 0xd6, 0xbb, 0xd6, 0xbb, 0xd6, 0xbb, 0xd6,
    0xbb, 0xd6, 0xbb, 0xd6, 0xbb, 0xd6, 0xbb, 0xd6, 0xbb, 0xd6, 0xbb, 0xd6, 0xbb, 0xd6, 0xbb, 0xde,
    0xbb, 0xde, 0xbb, 0xd6, 0xbb, 0xd6, 0xbb, 0xd6, 0xbb, 0xd6, 0xbb, 0xde, 0xbb, 0xde, 0xbb, 0xde,
    0xbb, 0xde, 0xbb, 0xd6, 0xbb, 0xd6, 0xbb, 0xde, 0xbb, 0xde, 0xbb, 0xde, 0xbb, 0xde, 0xbb, 0xd6,
    0xbb, 0xde, 0xbb, 0xde, 0xbb, 0xde, 0xbb, 0xd6, 0xbb, 0xd6, 0xbb, 0xde, 0xbb, 0xde, 0xbb, 0xde,
    0xbb, 0xd6, 0xbb, 0xd6, 0xbb, 0xd6, 0xbb, 0xd6, 0xbb, 0xd6, 0xbb, 0xd6, 0xbb, 0xd6, 0xbb, 0xd6,
    0x9b, 0xd6, 0x9b, 0xd6, 0x9b, 0xd6, 0x9b, 0xd6, 0xbb, 0xd6, 0x9b, 0xd6, 0x9b, 0xd6, 0x9b, 0xd6,
    0xbb, 0xd6, 0xbb, 0xd6, 0xbb, 0xd6, 0xbb, 0xd6, 0xbb, 0xde, 0xbb, 0xde, 0xbb, 0xde, 0xbb, 0xde,
    0xbb, 0xd6, 0xbb, 0xd6, 0xbb, 0xd6, 0xbb, 0xde, 0xbb, 0xd6, 0xbb, 0xd6, 0xbb, 0xd6, 0xbb, 0xde,
    0xbb, 0xd6, 0xbb, 0xd6, 0xbb, 0xd6, 0xbb, 0xd6, 0xbb, 0xd6, 0xbb, 0xd6, 0xbb, 0xd6, 0xbb, 0xd6,
    0xbb, 0xd6, 0xbb, 0xde, 0xbb, 0xde, 0xbb, 0xde, 0xbb, 0xde, 0xbb, 0xd6, 0xbb, 0xd6, 0xbb, 0xd6,
    0xbb, 0xd6, 0xbb, 0xd6, 0xbb, 0xd6, 0xbb, 0xd6, 0xbb, 0xd6, 0xbb, 0xd6, 0x9b, 0xd6, 0xbb, 0xde,
    0xbb, 0xde, 0xbb, 0xde, 0xbb, 0xde, 0xbb, 0xde, 0xbb, 0xd6, 0xbb, 0xd6, 0xbb, 0xd6, 0xbb, 0xd6,
    0x9b, 0xd6, 0x9b, 0xd6, 0xbb, 0xd6, 0xbb, 0xde, 0xbb, 0xd6, 0xbb, 0xd6, 0xbb, 0xd6, 0xbb, 0xd6,
    0xbb, 0xd6, 0x9b, 0xd6, 0x9b, 0xd6, 0xbb, 0xd6, 0xbb, 0xde, 0xbb, 0xd6, 0xbb, 0xd6, 0xbb, 0xd6,
    0xbb, 0xd6, 0xbb, 0xd6, 0xbb, 0xde, 0xbb, 0xde, 0xbb, 0xd6, 0xbb, 0xde, 0xbb, 0xde, 0xbb, 0xde,
    0xbb, 0xd6, 0xbb, 0xd6, 0xbb, 0xd6, 0xbb, 0xd6, 0xbb, 0xd6, 0xbb, 0xd6, 0xbb, 0xd6, 0xbb, 0xd6,
    0xbb, 0xd6, 0xbb, 0xde, 0xbb, 0xd6, 0xbb, 0xde, 0xbb, 0xd6, 0xbb, 0xd6, 0xbb, 0xd6, 0xbb, 0xde,
    0xbb, 0xd6, 0xfc, 0xde, 0x9e, 0xf7, 0x9d, 0xf7, 0xdf, 0xff, 0x39, 0xc6, 0x53, 0x8c, 0x94, 0x94,
    0x73, 0x8c, 0x97, 0xb5, 0xbb, 0xd6, 0x9b, 0xd6, 0x9b, 0xd6, 0x5d, 0xef, 0xbe, 0xf7, 0xbe, 0xf7,
    0xbe, 0xf7, 0xcb, 0x5a, 0x24, 0x21, 0x85, 0x31, 0x66, 0x29, 0x4f, 0x21, 0x71, 0x21, 0x71, 0x21,
    0x71, 0x21, 0x72, 0x21, 0x4e, 0x21, 0x45, 0x29, 0x65, 0x29, 0x24, 0x21, 0xaa, 0x52, 0xbe, 0xf7,
    0xdf, 0xff, 0xdf, 0xff, 0x7e, 0xef, 0xbb, 0xde, 0xbb, 0xd6, 0xdc, 0xde, 0x97, 0xb5, 0x73, 0x8c,
    0x94, 0x94, 0x73, 0x8c, 0x39, 0xc6, 0xdf, 0xff, 0x9e, 0xf7, 0x9e, 0xf7, 0xfc, 0xe6, 0xbb, 0xd6,
    0xbb, 0xde, 0xbb, 0xde, 0xbb, 0xde, 0xbb, 0xde, 0xbb, 0xde, 0xbb, 0xde, 0xbb, 0xde, 0xbb, 0xde,
    0xbb, 0xd6, 0xbb, 0xd6, 0xbb, 0xd6, 0xbb, 0xde, 0xbb, 0xde, 0xbb, 0xde, 0xbb, 0xde, 0xbb, 0xde,
    0xbb, 0xde, 0xbb, 0xde, 0xbb, 0xde, 0xbb, 0xd6, 0xbb, 0xd6, 0xbb, 0xd6, 0x9b, 0xd6, 0xbb, 0xd6,
    0xbb, 0xde, 0xbb, 0xde, 0xbb, 0xde, 0xbb, 0xd6, 0x9b, 0xd6, 0x9b, 0xd6, 0x9b, 0xd6, 0x9b, 0xd6,
    0xbb, 0xd6, 0xbb, 0xd6, 0xbb, 0xd6, 0xbb, 0xd6, 0xbb, 0xd6, 0xbb, 0xd6, 0xbb, 0xd6, 0xbb, 0xd6,
    0xbb, 0xd6, 0xbb, 0xde, 0xbb, 0xde, 0xbb, 0xde, 0xbb, 0xde, 0xbb, 0xd6, 0xbb, 0xd6, 0xbb, 0xd6,
    0xbb, 0xd6, 0xbb, 0xde, 0xbb, 0xde, 0xbb, 0xde, 0xbb, 0xde, 0xbb, 0xde, 0xbb, 0xde, 0xbb, 0xde,
    0xbb, 0xde, 0xbb, 0xde, 0xbb, 0xde, 0xbb, 0xde, 0xbb, 0xde, 0xbb, 0xde, 0xbb, 0xde, 0xbb, 0xd6,
    0xbb, 0xde, 0xbb, 0xde, 0xbb, 0xde, 0xbb, 0xd6, 0xbb, 0xd6, 0xbb, 0xde, 0xbb, 0xde, 0xbb, 0xd6,
    0xbb, 0xd6, 0xbb, 0xd6, 0x9b, 0xd6, 0xbb, 0xd6, 0xbb, 0xd6, 0x9b, 0xd6, 0x9b, 0xd6, 0x9b, 0xd6,
    0xbb, 0xd6, 0xbb, 0xd6, 0x9b, 0xd6, 0x9b, 0xd6, 0x9b, 0xd6, 0x9b, 0xd6, 0xbb, 0xd6, 0xbb, 0xde,
    0xbb, 0xde, 0xbb, 0xde, 0xbb, 0xde, 0xbb, 0xde, 0xbb, 0xd6, 0xbb, 0xd6, 0xbb, 0xd6, 0xbb, 0xde,
    0xbb, 0xd6, 0xbb, 0xde, 0xbb, 0xde, 0xbb, 0xde, 0xbb, 0xd6, 0xbb, 0xd6, 0xbb, 0xd6, 0xbb, 0xde,
    0xbb, 0xde, 0xbb, 0xde, 0xbb, 0xde, 0xbb, 0xde, 0xbb, 0xd6, 0xbb, 0xd6, 0xbb, 0xde, 0xbb, 0xde,
    0xbb, 0xde, 0xbb, 0xd6, 0xbb, 0xd6, 0xbb, 0xd6, 0xbb, 0xd6, 0xbb, 0xd6, 0xbb, 0xd6, 0xbb, 0xd6,
    0xbb, 0xd6, 0xbb, 0xd6, 0xbb, 0xd6, 0xbb, 0xde, 0xbb, 0xde, 0xbb, 0xde, 0xbb, 0xde, 0xbb, 0xd6,
    0xbb, 0xd6, 0xbb, 0xd6, 0xbb, 0xd6, 0xbb, 0xd6, 0x9b, 0xd6, 0x9b, 0xd6, 0xbb, 0xd6, 0xbb, 0xde,
    0xbb, 0xd6, 0xbb, 0xd6, 0xbb, 0xd6, 0xbb, 0xde, 0xbb, 0xd6, 0xbb, 0xd6, 0xbb, 0xd6, 0xbb, 0xd6,
    0xbb, 0xd6, 0xbb, 0xd6, 0x9b, 0xd6, 0x9b, 0xd6, 0xbb, 0xd6, 0xbb, 0xd6, 0xbb, 0xde, 0xbb, 0xde,
    0xbb, 0xd6, 0xbb, 0xd6, 0xbb, 0xd6, 0xbb, 0xd6, 0xbb, 0xde, 0xbb, 0xd6, 0xbb, 0xd6, 0xbb, 0xd6,
    0xbb, 0xd6, 0xbb, 0xd6, 0xbb, 0xd6, 0xbb, 0xd6, 0xbb, 0xd6, 0xbb, 0xde, 0xbb, 0xde, 0xbb, 0xde,
    0xbb, 0xd6, 0x9b, 0xd6, 0xbb, 0xd6, 0xbb, 0xde, 0xbb, 0xd6, 0xfc, 0xde, 0x9e, 0xf7, 0x9d, 0xf7,
    0xdf, 0xff, 0x39, 0xc6, 0x53, 0x8c, 0x94, 0x94, 0x73, 0x8c, 0x77, 0xad, 0xbb, 0xd6, 0x9b, 0xd6,
    0x9b, 0xd6, 0x5d, 0xef, 0xbe, 0xf7, 0xbe, 0xf7, 0xbe, 0xf7, 0xcb, 0x5a, 0x24, 0x21, 0x65, 0x31,
    0x46, 0x29, 0x4f, 0x21, 0x71, 0x21, 0x71, 0x21, 0x71, 0x21, 0x72, 0x21, 0x4e, 0x21, 0x45, 0x29,
    0x65, 0x29, 0x24, 0x21, 0xaa, 0x52, 0xbe, 0xf7, 0xdf, 0xff, 0xdf, 0xff, 0x7e, 0xf7, 0xbb, 0xde,
    0xbb, 0xd6, 0xdc, 0xde, 0x97, 0xb5, 0x73, 0x8c, 0xb4, 0x94, 0x73, 0x8c, 0x39, 0xc6, 0xdf, 0xff,
    0x9e, 0xf7, 0x9e, 0xf7, 0xfc, 0xe6, 0xbb, 0xd6, 0xbb, 0xde, 0xbb, 0xde, 0xbb, 0xde, 0xbb, 0xde,
    0xbb, 0xd6, 0xbb, 0xd6, 0xbb, 0xd6, 0xbb, 0xd6, 0xbb, 0xd6, 0xbb, 0xd6, 0xbb, 0xd6, 0xbb, 0xd6,
    0xbb, 0xd6, 0xbb, 0xd6, 0xbb, 0xd6, 0xbb, 0xd6, 0xbb, 0xd6, 0xbb, 0xd6, 0xbb, 0xd6, 0xbb, 0xd6,
    0xbb, 0xd6, 0xbb, 0xd6, 0xbb, 0xd6, 0xbb, 0xd6, 0xbb, 0xde, 0xbb, 0xde, 0xbb, 0xd6, 0xbb, 0xd6,
    0xbb, 0xd6, 0xbb, 0xd6, 0xbb, 0xd6, 0xbb, 0xd6, 0xbb, 0xd6, 0xbb, 0xd6, 0xbb, 0xd6, 0xbb, 0xd6,
    0xbb, 0xd6, 0xbb, 0xd6, 0xbb, 0xd6, 0xbb, 0xd6, 0xbb, 0xde, 0xbb, 0xde, 0xbb, 0xde, 0xbb, 0xde,
    0xbb, 0xde, 0xbb, 0xde, 0xbb, 0xd6, 0xbb, 0xd6, 0xbb, 0xd6, 0xbb, 0xd6, 0xbb, 0xd6, 0xbb, 0xde,
    0xbb, 0xde, 0xbb, 0xde, 0xbb, 0xde, 0xbb, 0xde, 0xbb, 0xde, 0xbb, 0xde, 0xbb, 0xde, 0xbb, 0xd6,
    0xbb, 0xde, 0xbb, 0xd6, 0xbb, 0xd6, 0xbb, 0xd6, 0xbb, 0xde, 0xbb, 0xde, 0xbb, 0xde, 0xbb, 0xde,
    0xbb, 0xd6, 0xbb, 0xd6, 0xbb, 0xd6, 0x9b, 0xd6, 0x9b, 0xd6, 0x9b, 0xd6, 0x9b, 0xd6, 0xbb, 0xd6,
    0xbb, 0xd6, 0xbb, 0xd6, 0x9b, 0xd6, 0x9b, 0xd6, 0x9b, 0xd6, 0x9b, 0xd6, 0x9b, 0xd6, 0x9b, 0xd6,
    0x9b, 0xd6, 0x9b, 0xd6, 0xbb, 0xd6, 0xbb, 0xde, 0xbb, 0xde, 0xbb, 0xde, 0xbb, 0xde, 0xbb, 0xde,
    0x9b, 0xd6, 0xbb, 0xd6, 0xbb, 0xd6, 0xbb, 0xd6, 0xbb, 0xde, 0xbb, 0xde, 0xbb, 0xde, 0xbb, 0xd6,
    0xbb, 0xd6, 0xbb, 0xde, 0xbb, 0xde, 0xbb, 0xde, 0xbb, 0xde, 0xbb, 0xde, 0xbb, 0xd6, 0xbb, 0xd6,
    0xbb, 0xde, 0xbb, 0xde, 0xbb, 0xde, 0xbb, 0xde, 0xbb, 0xd6, 0xbb, 0xd6, 0xbb, 0xd6, 0xbb, 0xd6,
    0x9b, 0xd6, 0x9b, 0xd6, 0x9b, 0xd6, 0xbb, 0xd6, 0xbb, 0xd6, 0xbb, 0xd6, 0xbb, 0xd6, 0xbb, 0xd6,
    0xbb, 0xde, 0xbb, 0xd6, 0xbb, 0xd6, 0xbb, 0xd6, 0xbb, 0xd6, 0xbb, 0xd6, 0xbb, 0xd6, 0xbb, 0xd6,
    0xbb, 0xd6, 0xbb, 0xd6, 0x9b, 0xd6, 0x9b, 0xd6, 0xbb, 0xd6, 0xbb, 0xd6, 0xbb, 0xd6, 0xbb, 0xd6,
    0xbb, 0xd6, 0xbb, 0xd6, 0xbb, 0xd6, 0xbb, 0xd6, 0x9b, 0xd6, 0x9b, 0xd6, 0x9b, 0xd6, 0xbb, 0xd6,
    0xbb, 0xd6, 0xbb, 0xd6, 0xbb, 0xd6, 0xbb, 0xd6, 0xbb, 0xd6, 0xbb, 0xd6, 0xbb, 0xd6, 0xbb, 0xd6,
    0xbb, 0xd6, 0xbb, 0xd6, 0xbb, 0xd6, 0xbb, 0xd6, 0xbb, 0xd6, 0xbb, 0xd6, 0xbb, 0xde, 0xbb, 0xde,
    0xbb, 0xde, 0xbb, 0xde, 0xbb, 0xd6, 0xbb, 0xd6, 0xbb, 0xd6, 0xbb, 0xd6, 0xbb, 0xd6, 0xbb, 0xde,
    0xbb, 0xd6, 0xfc, 0xde, 0x9e, 0xf7, 0x9d, 0xf7, 0xdf, 0xff, 0x39, 0xc6, 0x53, 0x8c, 0x94, 0x94,
    0x73, 0x8c, 0x77, 0xad, 0xbb, 0xd6, 0x9b, 0xd6, 0x9b, 0xd6, 0x5d, 0xef, 0xbe, 0xf7, 0xbe, 0xf7,
    0xbe, 0xf7, 0xcb, 0x5a, 0x24, 0x21, 0x65, 0x31, 0x46, 0x29, 0x4f, 0x21, 0x71, 0x21, 0x71, 0x21,
    0x71, 0x21, 0x72, 0x21, 0x4e, 0x21, 0x45, 0x29, 0x65, 0x29, 0x24, 0x21, 0xaa, 0x52, 0xbe, 0xf7,
    0xdf, 0xff, 0xdf, 0xff, 0x7e, 0xf7, 0xbb, 0xde, 0xbb, 0xd6, 0xdc, 0xde, 0x97, 0xb5, 0x73, 0x8c,
    0xb4, 0x94, 0x73, 0x8c, 0x39, 0xc6, 0xdf, 0xf7, 0x9e, 0xf7, 0x9e, 0xf7, 0xfc, 0xe6, 0xbb, 0xd6,
    0xbb, 0xde, 0xbb, 0xde, 0xbb, 0xde, 0xbb, 0xde, 0xbb, 0xd6, 0xbb, 0xd6, 0xbb, 0xd6, 0xbb, 0xd6,
    0xbb, 0xd6, 0xbb, 0xd6, 0xbb, 0xd6, 0xbb, 0xd6, 0xbb, 0xd6, 0xbb, 0xd6, 0xbb, 0xd6, 0xbb, 0xd6,
    0xbb, 0xd6, 0xbb, 0xd6, 0xbb, 0xd6, 0xbb, 0xd6, 0xbb, 0xd6, 0xbb, 0xd6, 0xbb, 0xd6, 0xbb, 0xd6,
    0xbb, 0xd6, 0xbb, 0xd6, 0xbb, 0xd6, 0xbb, 0xd6, 0xbb, 0xd6, 0xbb, 0xd6, 0xbb, 0xd6, 0xbb, 0xd6,
    0xbb, 0xd6, 0xbb, 0xd6, 0xbb, 0xd6, 0xbb, 0xd6, 0xbb, 0xd6, 0xbb, 0xd6, 0xbb, 0xd6, 0xbb, 0xd6,
    0xbb, 0xde, 0xbb, 0xde, 0xbb, 0xde, 0xbb, 0xde, 0xbb, 0xde, 0xbb, 0xde, 0xbb, 0xde, 0xbb, 0xd6,
    0xbb, 0xd6, 0xbb, 0xd6, 0xbb, 0xd6, 0xbb, 0xde, 0xbb, 0xde, 0xbb, 0xd6, 0xbb, 0xd6, 0xbb, 0xd6,
    0xbb, 0xd6, 0xbb, 0xd6, 0xbb, 0xd6, 0xbb, 0xd6, 0xbb, 0xde, 0xbb, 0xd6, 0xbb, 0xd6, 0xbb, 0xd6,
    0xbb, 0xde, 0xbb, 0xde, 0xbb, 0xde, 0xbb, 0xde, 0xbb, 0xd6, 0xbb, 0xd6, 0xbb, 0xd6, 0xbb, 0xd6,
    0xbb, 0xd6, 0xbb, 0xd6, 0xbb, 0xd6, 0xbb, 0xd6, 0xbb, 0xd6, 0xbb, 0xd6, 0x9b, 0xd6, 0x9b, 0xd6,
    0x9b, 0xd6, 0x9b, 0xd6, 0x9b, 0xd6, 0x9b, 0xd6, 0x9b, 0xd6, 0x9b, 0xd6, 0x9b, 0xd6, 0xbb, 0xd6,
    0xbb, 0xde, 0xbb, 0xd6, 0xbb, 0xd6, 0xbb, 0xd6, 0x9b, 0xd6, 0xbb, 0xd6, 0xbb, 0xd6, 0xbb, 0xd6,
    0xbb, 0xde, 0xbb, 0xde, 0xbb, 0xde, 0xbb, 0xd6, 0xbb, 0xd6, 0xbb, 0xde, 0xbb, 0xde, 0xbb, 0xd6,
    0xbb, 0xd6, 0xbb, 0xd6, 0xbb, 0xd6, 0xbb, 0xd6, 0xbb, 0xde, 0xbb, 0xde, 0xbb, 0xde, 0xbb, 0xde,
    0xbb, 0xd6, 0xbb, 0xd6, 0xbb, 0xd6, 0xbb, 0xd6, 0xbb, 0xd6, 0xbb, 0xd6, 0x9b, 0xd6, 0xbb, 0xd6,
    0xbb, 0xd6, 0xbb, 0xd6, 0x9b, 0xd6, 0xbb, 0xd6, 0xbb, 0xd6, 0xbb, 0xd6, 0xbb, 0xd6, 0xbb, 0xd6,
    0xbb, 0xd6, 0xbb, 0xd6, 0xbb, 0xd6, 0xbb, 0xd6, 0xbb, 0xd6, 0xbb, 0xd6, 0x9b, 0xd6, 0x9b, 0xd6,
    0xbb, 0xd6, 0xbb, 0xd6, 0xbb, 0xd6, 0xbb, 0xd6, 0xbb, 0xd6, 0xbb, 0xd6, 0xbb, 0xd6, 0xbb, 0xd6,
    0x9b, 0xd6, 0x9b, 0xd6, 0x9b, 0xd6, 0xbb, 0xd6, 0xbb, 0xd6, 0xbb, 0xd6, 0xbb, 0xd6, 0xbb, 0xd6,
    0xbb, 0xd6, 0xbb, 0xd6, 0xbb, 0xd6, 0xbb, 0xd6, 0x9b, 0xd6, 0xbb, 0xd6, 0xbb, 0xd6, 0xbb, 0xd6,
    0xbb, 0xd6, 0xbb, 0xd6, 0xbb, 0xd6, 0xbb, 0xde, 0xbb, 0xde, 0xbb, 0xde, 0xbb, 0xd6, 0xbb, 0xd6,
    0xbb, 0xd6, 0xbb, 0xd6, 0xbb, 0xd6, 0xbb, 0xde, 0xbb, 0xd6, 0xfc, 0xde, 0x9e, 0xf7, 0x9d, 0xf7,
    0xdf, 0xff, 0x39, 0xc6, 0x53, 0x8c, 0x94, 0x94, 0x73, 0x8c, 0x97, 0xb5, 0xbb, 0xde, 0x9b, 0xd6,
    0x9b, 0xd6, 0x5d, 0xef, 0xbe, 0xf7, 0xbe, 0xf7, 0xbe, 0xf7, 0xcb, 0x5a, 0x24, 0x21, 0x85, 0x31,
    0x46, 0x29, 0x4f, 0x21, 0x71, 0x21, 0x71, 0x21, 0x71, 0x21, 0x72, 0x21, 0x4e, 0x21, 0x45, 0x29,
    0x45, 0x29, 0x24, 0x21, 0xaa, 0x52, 0x9e, 0xf7, 0xdf, 0xff, 0xdf, 0xff, 0x7e, 0xf7, 0xbb, 0xde,
    0xbb, 0xd6, 0xdc, 0xde, 0x97, 0xb5, 0x73, 0x8c, 0x94, 0x94, 0x73, 0x8c, 0x39, 0xc6, 0xbf, 0xf7,
    0x7e, 0xf7, 0x9e, 0xf7, 0xfc, 0xe6, 0xbb, 0xd6, 0xbb, 0xde, 0xbb, 0xde, 0xbb, 0xde, 0xbb, 0xde,
    0xbb, 0xd6, 0xbb, 0xd6, 0xbb, 0xd6, 0xbb, 0xd6, 0xbb, 0xde, 0xbb, 0xd6, 0xbb, 0xd6, 0xbb, 0xd6,
    0xbb, 0xd6, 0xbb, 0xd6, 0xbb, 0xd6, 0xbb, 0xd6, 0xbb, 0xd6, 0xbb, 0xd6, 0xbb, 0xd6, 0xbb, 0xd6,
    0xbb, 0xd6, 0xbb, 0xd6, 0xbb, 0xd6, 0xbb, 0xd6, 0xbb, 0xd6, 0x9b, 0xd6, 0xbb, 0xd6, 0xbb, 0xd6,
    0xbb, 0xd6, 0xbb, 0xd6, 0xbb, 0xd6, 0xbb, 0xd6, 0xbb, 0xd6, 0xbb, 0xd6, 0xbb, 0xd6, 0xbb, 0xd6,
    0xbb, 0xd6, 0xbb, 0xd6, 0xbb, 0xd6, 0xbb, 0xd6, 0xbb, 0xd6, 0xbb, 0xde, 0xbb, 0xde, 0xbb, 0xde,
    0xbb, 0xde, 0xbb, 0xde, 0xbb, 0xde, 0xbb, 0xd6, 0xbb, 0xd6, 0xbb, 0xd6, 0xbb, 0xd6, 0xbb, 0xde,
    0xbb, 0xde, 0xbb, 0xd6, 0xbb, 0xd6, 0xbb, 0xd6, 0xbb, 0xd6, 0xbb, 0xd6, 0xbb, 0xd6, 0xbb, 0xd6,
    0xbb, 0xde, 0xbb, 0xd6, 0xbb, 0xd6, 0xbb, 0xd6, 0xbb, 0xde, 0xbb, 0xde, 0xbb, 0xde, 0xbb, 0xd6,
    0xbb, 0xd6, 0xbb, 0xd6, 0xbb, 0xd6, 0xbb, 0xde, 0xbb, 0xde, 0xbb, 0xde, 0xbb, 0xde, 0xbb, 0xd6,
    0xbb, 0xd6, 0xbb, 0xd6, 0xbb, 0xd6, 0xbb, 0xd6, 0xbb, 0xd6, 0x9b, 0xd6, 0x9b, 0xd6, 0x9b, 0xd6,
    0x9b, 0xd6, 0x9b, 0xd6, 0x9b, 0xd6, 0xbb, 0xd6, 0xbb, 0xd6, 0xbb, 0xd6, 0xbb, 0xd6, 0xbb, 0xd6,
    0xbb, 0xd6, 0xbb, 0xd6, 0xbb, 0xd6, 0xbb, 0xd6, 0xbb, 0xde, 0xbb, 0xde, 0xbb, 0xde, 0xbb, 0xd6,
    0xbb, 0xd6, 0xbb, 0xd6, 0xbb, 0xd6, 0xbb, 0xd6, 0xbb, 0xd6, 0xbb, 0xd6, 0xbb, 0xd6, 0xbb, 0xd6,
    0xbb, 0xde, 0xbb, 0xde, 0xbb, 0xd6, 0xbb, 0xd6, 0xbb, 0xd6, 0xbb, 0xd6, 0xbb, 0xd6, 0xbb, 0xd6,
    0xbb, 0xd6, 0xbb, 0xd6, 0xbb, 0xd6, 0xbb, 0xd6, 0xbb, 0xd6, 0xbb, 0xd6, 0x9b, 0xd6, 0x9b, 0xd6,
    0x9b, 0xd6, 0x9b, 0xd6, 0x9b, 0xd6, 0x9b, 0xd6, 0xbb, 0xd6, 0xbb, 0xd6, 0xbb, 0xd6, 0xbb, 0xd6,
    0xbb, 0xd6, 0xbb, 0xd6, 0xbb, 0xd6, 0xbb, 0xd6, 0xbb, 0xd6, 0xbb, 0xd6, 0xbb, 0xd6, 0xbb, 0xd6,
    0xbb, 0xd6, 0xbb, 0xd6, 0x9b, 0xd6, 0x9b, 0xd6, 0xbb, 0xd6, 0xbb, 0xd6, 0xbb, 0xd6, 0x9b, 0xd6,
    0xbb, 0xd6, 0xbb, 0xd6, 0xbb, 0xd6, 0xbb, 0xd6, 0x9b, 0xd6, 0x9b, 0xd6, 0x9b, 0xd6, 0x9b, 0xd6,
    0xbb, 0xd6, 0x9b, 0xd6, 0x9b, 0xd6, 0x9b, 0xd6, 0xbb, 0xd6, 0xbb, 0xd6, 0xbb, 0xd6, 0xbb, 0xd6,
    0xbb, 0xd6, 0xbb, 0xd6, 0xbb, 0xd6, 0xbb, 0xd6, 0xbb, 0xd6, 0xbb, 0xd6, 0xbb, 0xd6, 0xbb, 0xde,
    0xbb, 0xd6, 0xfc, 0xde, 0x9e, 0xf7, 0x9d, 0xf7, 0xdf, 0xff, 0x39, 0xc6, 0x53, 0x8c, 0x94, 0x94,
    0x73, 0x8c, 0x97, 0xb5, 0xbb, 0xde, 0xbb, 0xd6, 0x9b, 0xd6, 0x5d, 0xef, 0xbe, 0xf7, 0xbe, 0xf7,
    0x9e, 0xf7, 0xeb, 0x5a, 0x45, 0x29, 0x85, 0x31, 0x66, 0x29, 0x4f, 0x21, 0x71, 0x21, 0x71, 0x21,
    0x71, 0x21, 0x72, 0x21, 0x4e, 0x21, 0x45, 0x29, 0x65, 0x29, 0x24, 0x21, 0xaa, 0x52, 0x9e, 0xf7,
    0xdf, 0xff, 0xdf, 0xff, 0x9e, 0xf7, 0xbb, 0xde, 0xbb, 0xd6, 0xdc, 0xde, 0x97, 0xb5, 0x73, 0x8c,
    0x94, 0x94, 0x73, 0x8c, 0x39, 0xc6, 0xbf, 0xf7, 0x7e, 0xf7, 0x9e, 0xf7, 0xfc, 0xe6, 0xbb, 0xd6,
    0xbb, 0xde, 0xbb, 0xde, 0xbb, 0xde, 0xbb, 0xd6, 0xbb, 0xd6, 0xbb, 0xd6, 0xbb, 0xd6, 0xbb, 0xd6,
    0xbb, 0xde, 0xbb, 0xd6, 0xbb, 0xd6, 0xbb, 0xd6, 0xbb, 0xd6, 0xbb, 0xd6, 0xbb, 0xd6, 0xbb, 0xd6,
    0xbb, 0xd6, 0xbb, 0xd6, 0xbb, 0xd6, 0xbb, 0xd6, 0xbb, 0xd6, 0xbb, 0xd6, 0xbb, 0xd6, 0xbb, 0xd6,
    0x9b, 0xd6, 0x9b, 0xd6, 0x9b, 0xd6, 0xbb, 0xd6, 0xbb, 0xd6, 0xbb, 0xd6, 0xbb, 0xd6, 0xbb, 0xd6,
    0xbb, 0xd6, 0xbb, 0xd6, 0xbb, 0xd6, 0xbb, 0xd6, 0xbb, 0xd6, 0xbb, 0xd6, 0xbb, 0xde, 0xbb, 0xde,
    0xbb, 0xde, 0xbb, 0xd6, 0xbb, 0xd6, 0xbb, 0xd6, 0xbb, 0xd6, 0xbb, 0xde, 0xbb, 0xde, 0xbb, 0xd6,
    0xbb, 0xd6, 0xbb, 0xd6, 0xbb, 0xd6, 0xbb, 0xde, 0xbb, 0xd6, 0xbb, 0xd6, 0xbb, 0xd6, 0xbb, 0xd6,
    0xbb, 0xd6, 0x9b, 0xd6, 0xbb, 0xd6, 0xbb, 0xd6, 0xbb, 0xde, 0xbb, 0xd6, 0xbb, 0xd6, 0xbb, 0xd6,
    0xbb, 0xde, 0xbb, 0xd6, 0xbb, 0xd6, 0xbb, 0xd6, 0x9b, 0xd6, 0xbb, 0xd6, 0xbb, 0xd6, 0xbb, 0xde,
    0xbb, 0xde, 0xbb, 0xd6, 0xbb, 0xd6, 0xbb, 0xd6, 0xbb, 0xd6, 0x9b, 0xd6, 0xbb, 0xd6, 0xbb, 0xd6,
    0xbb, 0xd6, 0xbb, 0xd6, 0x9b, 0xd6, 0x9b, 0xd6, 0x9b, 0xd6, 0x9b, 0xd6, 0x9b, 0xd6, 0x9b, 0xd6,
    0xbb, 0xd6, 0xbb, 0xd6, 0xbb, 0xd6, 0xbb, 0xd6, 0xbb, 0xd6, 0xbb, 0xd6, 0xbb, 0xd6, 0xbb, 0xde,
    0xbb, 0xde, 0xbb, 0xde, 0xbb, 0xde, 0xbb, 0xd6, 0xbb, 0xd6, 0xbb, 0xd6, 0xbb, 0xd6, 0xbb, 0xd6,
    0xbb, 0xd6, 0xbb, 0xd6, 0xbb, 0xd6, 0xbb, 0xd6, 0xbb, 0xde, 0xbb, 0xde, 0xbb, 0xd6, 0xbb, 0xd6,
    0xbb, 0xd6, 0x9b, 0xd6, 0xbb, 0xd6, 0xbb, 0xd6, 0xbb, 0xd6, 0xbb, 0xd6, 0xbb, 0xd6, 0xbb, 0xde,
    0xbb, 0xde, 0xbb, 0xd6, 0x9b, 0xd6, 0x9b, 0xd6, 0x9b, 0xd6, 0x9b, 0xd6, 0x9b, 0xd6, 0x9b, 0xd6,
    0x9b, 0xd6, 0xbb, 0xd6, 0xbb, 0xd6, 0xbb, 0xd6, 0xbb, 0xd6, 0xbb, 0xd6, 0xbb, 0xd6, 0xbb, 0xd6,
    0xbb, 0xd6, 0xbb, 0xd6, 0xbb, 0xd6, 0xbb, 0xd6, 0xbb, 0xd6, 0xbb, 0xd6, 0x9b, 0xd6, 0x9b, 0xd6,
    0xbb, 0xd6, 0xbb, 0xd6, 0xbb, 0xd6, 0x9b, 0xd6, 0xbb, 0xd6, 0xbb, 0xd6, 0xbb, 0xd6, 0xbb, 0xd6,
    0x9b, 0xd6, 0x9b, 0xd6, 0x9b, 0xd6, 0x9b, 0xd6, 0x9b, 0xd6, 0x9b, 0xd6, 0x9b, 0xd6, 0x9b, 0xd6,
    0x9b, 0xd6, 0xbb, 0xd6, 0xbb, 0xd6, 0xbb, 0xd6, 0xbb, 0xd6, 0xbb, 0xd6, 0xbb, 0xd6, 0xbb, 0xd6,
    0xbb, 0xd6, 0xbb, 0xd6, 0xbb, 0xd6, 0xbb, 0xde, 0xbb, 0xd6, 0xfc, 0xe6, 0x9e, 0xf7, 0x9d, 0xf7,
    0xdf, 0xff, 0x39, 0xc6, 0x53, 0x8c, 0x94, 0x94, 0x73, 0x8c, 0x97, 0xb5, 0xbb, 0xde, 0xbb, 0xd6,
    0xbb, 0xd6, 0x5d, 0xef, 0xbe, 0xf7, 0xbe, 0xf7, 0x9e, 0xf7, 0xeb, 0x5a, 0x45, 0x29, 0x86, 0x31,
    0x66, 0x29, 0x4f, 0x21, 0x71, 0x21, 0x71, 0x21, 0x71, 0x21, 0x72, 0x21, 0x4e, 0x21, 0x45, 0x29,
    0x65, 0x29, 0x24, 0x21, 0xaa, 0x52, 0xbe, 0xf7, 0xdf, 0xff, 0xdf, 0xff, 0x7e, 0xef, 0xbb, 0xde,
    0xbb, 0xd6, 0xdc, 0xde, 0x97, 0xb5, 0x73, 0x8c, 0x94, 0x94, 0x73, 0x8c, 0x39, 0xc6, 0xbf, 0xf7,
    0x7e, 0xf7, 0x9e, 0xf7, 0xfc, 0xe6, 0xbb, 0xd6, 0xbb, 0xde, 0xbb, 0xde, 0xbb, 0xd6, 0xbb, 0xd6,
    0xbb, 0xd6, 0xbb, 0xd6, 0xbb, 0xde, 0xbb, 0xde, 0xbb, 0xd6, 0xbb, 0xd6, 0x9b, 0xd6, 0xbb, 0xd6,
    0xbb, 0xd6, 0xbb, 0xd6, 0xbb, 0xd6, 0xbb, 0xd6, 0xbb, 0xd6, 0xbb, 0xd6, 0xbb, 0xd6, 0xbb, 0xd6,
    0xbb, 0xd6, 0xbb, 0xd6, 0xbb, 0xd6, 0xbb, 0xd6, 0xbb, 0xd6, 0xbb, 0xd6, 0xbb, 0xd6, 0xbb, 0xd6,
    0x9b, 0xd6, 0xbb, 0xd6, 0xbb, 0xd6, 0xbb, 0xd6, 0xbb, 0xde, 0xbb, 0xde, 0xbb, 0xd6, 0xbb, 0xd6,
    0xbb, 0xd6, 0xbb, 0xd6, 0xbb, 0xd6, 0xbb, 0xde, 0xbb, 0xde, 0xbb, 0xde, 0xbb, 0xde, 0xbb, 0xde,
    0xbb, 0xde, 0xbb, 0xde, 0xbb, 0xd6, 0xbb, 0xd6, 0xbb, 0xde, 0xbb, 0xde, 0xbb, 0xde, 0xbb, 0xd6,
    0xbb, 0xd6, 0xbb, 0xd6, 0xbb, 0xd6, 0xbb, 0xd6, 0xbb, 0xd6, 0xbb, 0xd6, 0xbb, 0xd6, 0xbb, 0xd6,
    0xbb, 0xd6, 0xbb, 0xd6, 0xbb, 0xd6, 0xbb, 0xd6, 0xbb, 0xd6, 0xbb, 0xd6, 0xbb, 0xd6, 0xbb, 0xd6,
    0xbb, 0xd6, 0xbb, 0xd6, 0xbb, 0xd6, 0xbb, 0xd6, 0xbb, 0xde, 0xbb, 0xd6, 0xbb, 0xd6, 0xbb, 0xd6,
    0xbb, 0xd6, 0x9b, 0xd6, 0x9b, 0xd6, 0x9b, 0xd6, 0xbb, 0xd6, 0xbb, 0xd6, 0x9b, 0xd6, 0x9b, 0xd6,
    0x9b, 0xd6, 0x9b, 0xd6, 0x9b, 0xd6, 0xbb, 0xd6, 0xbb, 0xd6, 0x9b, 0xd6, 0x9b, 0xd6, 0xbb, 0xd6,
    0x9b, 0xd6, 0xbb, 0xd6, 0xbb, 0xd6, 0xbb, 0xd6, 0xbb, 0xd6, 0xbb, 0xd6, 0xbb, 0xd6, 0xbb, 0xd6,
    0xbb, 0xd6, 0xbb, 0xd6, 0xbb, 0xd6, 0xbb, 0xd6, 0xbb, 0xd6, 0xbb, 0xd6, 0xbb, 0xd6, 0xbb, 0xd6,
    0xbb, 0xd6, 0xbb, 0xde, 0xbb, 0xde, 0xbb, 0xd6, 0xbb, 0xd6, 0x9b, 0xd6, 0xbb, 0xd6, 0xbb, 0xd6,
    0xbb, 0xd6, 0xbb, 0xd6, 0xbb, 0xd6, 0xbb, 0xd6, 0xbb, 0xd6, 0xbb, 0xd6, 0x9b, 0xd6, 0x9b, 0xd6,
    0xbb, 0xd6, 0x9b, 0xd6, 0x9b, 0xd6, 0x9b, 0xd6, 0xbb, 0xd6, 0xbb, 0xd6, 0xbb, 0xd6, 0xbb, 0xd6,
    0x9b, 0xd6, 0xbb, 0xd6, 0xbb, 0xd6, 0xbb, 0xd6, 0x9b, 0xd6, 0x9b, 0xd6, 0xbb, 0xd6, 0xbb, 0xd6,
    0xbb, 0xd6, 0xbb, 0xd6, 0xbb, 0xd6, 0xbb, 0xd6, 0xbb, 0xd6, 0xbb, 0xd6, 0xbb, 0xd6, 0xbb, 0xd6,
    0xbb, 0xd6, 0xbb, 0xd6, 0xbb, 0xd6, 0xbb, 0xd6, 0x9b, 0xd6, 0x9b, 0xd6, 0x9b, 0xd6, 0x9b, 0xd6,
    0x9b, 0xd6, 0x9b, 0xd6, 0x9b, 0xd6, 0x9b, 0xd6, 0x9b, 0xd6, 0xbb, 0xd6, 0xbb, 0xd6, 0x9b, 0xd6,
    0xbb, 0xd6, 0xbb, 0xd6, 0xbb, 0xd6, 0xbb, 0xd6, 0xbb, 0xd6, 0xbb, 0xde, 0xbb, 0xd6, 0xbb, 0xd6,
    0x9b, 0xd6, 0xfc, 0xde, 0x9e, 0xf7, 0x9d, 0xf7, 0xdf, 0xff, 0x39, 0xc6, 0x53, 0x8c, 0x94, 0x94,
    0x73, 0x8c, 0x97, 0xb5, 0xbb, 0xd6, 0xbb, 0xd6, 0xbb, 0xd6, 0x5d, 0xef, 0xbe, 0xf7, 0xbe, 0xf7,
    0xbe, 0xf7, 0xeb, 0x5a, 0x45, 0x29, 0x86, 0x31, 0x66, 0x29, 0x4f, 0x21, 0x71, 0x21, 0x71, 0x21,
    0x71, 0x21, 0x72, 0x21, 0x4e, 0x21, 0x65, 0x29, 0x65, 0x29, 0x24, 0x21, 0xaa, 0x52, 0xbe, 0xf7,
    0xdf, 0xff, 0xdf, 0xff, 0x7e, 0xf7, 0xbb, 0xde, 0xbb, 0xd6, 0xdc, 0xde, 0x97, 0xb5, 0x73, 0x8c,
    0x94, 0x94, 0x73, 0x8c, 0x39, 0xc6, 0xbf, 0xf7, 0x7e, 0xf7, 0x9e, 0xf7, 0xfc, 0xe6, 0xbb, 0xd6,
    0xbb, 0xde, 0xbb, 0xde, 0xbb, 0xd6, 0xbb, 0xd6, 0xbb, 0xde, 0xbb, 0xde, 0xbb, 0xde, 0xbb, 0xde,
    0xbb, 0xde, 0xbb, 0xd6, 0xbb, 0xd6, 0xbb, 0xd6, 0xbb, 0xd6, 0xbb, 0xd6, 0xbb, 0xd6, 0xbb, 0xd6,
    0xbb, 0xd6, 0xbb, 0xd6, 0xbb, 0xd6, 0xbb, 0xd6, 0xbb, 0xd6, 0xbb, 0xd6, 0xbb, 0xd6, 0xbb, 0xd6,
    0xbb, 0xd6, 0xbb, 0xd6, 0xbb, 0xd6, 0xbb, 0xd6, 0xbb, 0xd6, 0xbb, 0xd6, 0xbb, 0xd6, 0xbb, 0xd6,
    0xbb, 0xde, 0xbb, 0xde, 0xbb, 0xd6, 0xbb, 0xd6, 0xbb, 0xd6, 0xbb, 0xd6, 0xbb, 0xd6, 0xbb, 0xde,
    0xbb, 0xd6, 0xbb, 0xd6, 0xbb, 0xd6, 0xbb, 0xde, 0xbb, 0xde, 0xbb, 0xd6, 0xbb, 0xd6, 0xbb, 0xd6,
    0xbb, 0xde, 0xbb, 0xde, 0xbb, 0xd6, 0xbb, 0xd6, 0xbb, 0xd6, 0xbb, 0xd6, 0xbb, 0xd6, 0xbb, 0xd6,
    0xbb, 0xd6, 0xbb, 0xd6, 0xbb, 0xd6, 0xbb, 0xd6, 0xbb, 0xd6, 0xbb, 0xd6, 0xbb, 0xd6, 0xbb, 0xd6,
    0xbb, 0xd6, 0xbb, 0xd6, 0x9b, 0xd6, 0x9b, 0xd6, 0xbb, 0xd6, 0xbb, 0xd6, 0xbb, 0xd6, 0xbb, 0xd6,
    0xbb, 0xde, 0xbb, 0xd6, 0xbb, 0xd6, 0xbb, 0xd6, 0xbb, 0xd6, 0xbb, 0xd6, 0x9b, 0xd6, 0x9b, 0xd6,
    0xbb, 0xd6, 0xbb, 0xd6, 0x9b, 0xd6, 0x9b, 0xd6, 0x9b, 0xd6, 0x9b, 0xd6, 0x9b, 0xd6, 0xbb, 0xd6,
    0xbb, 0xd6, 0x9b, 0xd6, 0x9b, 0xd6, 0xbb, 0xd6, 0x9b, 0xd6, 0x9b, 0xd6, 0xbb, 0xd6, 0xbb, 0xd6,
    0xbb, 0xd6, 0xbb, 0xd6, 0xbb, 0xd6, 0xbb, 0xd6, 0xbb, 0xd6, 0xbb, 0xd6, 0xbb, 0xd6, 0xbb, 0xd6,
    0xbb, 0xd6, 0xbb, 0xd6, 0xbb, 0xd6, 0xbb, 0xd6, 0xbb, 0xd6, 0xbb, 0xd6, 0xbb, 0xde, 0xbb, 0xd6,
    0xbb, 0xd6, 0xbb, 0xd6, 0x9b, 0xd6, 0x9b, 0xd6, 0xbb, 0xde, 0xbb, 0xd6, 0xbb, 0xd6, 0xbb, 0xd6,
    0xbb, 0xd6, 0xbb, 0xd6, 0xbb, 0xd6, 0x9b, 0xd6, 0xbb, 0xd6, 0xbb, 0xd6, 0x9b, 0xd6, 0x9b, 0xd6,
    0xbb, 0xd6, 0xbb, 0xd6, 0xbb, 0xd6, 0xbb, 0xd6, 0x9b, 0xd6, 0xbb, 0xd6, 0x9b, 0xd6, 0x9b, 0xd6,
    0xbb, 0xd6, 0xbb, 0xd6, 0xbb, 0xd6, 0xbb, 0xd6, 0xbb, 0xd6, 0xbb, 0xd6, 0xbb, 0xd6, 0xbb, 0xd6,
    0xbb, 0xd6, 0xbb, 0xd6, 0xbb, 0xd6, 0xbb, 0xd6, 0x9b, 0xd6, 0x9b, 0xd6, 0x9b, 0xd6, 0x9b, 0xd6,
    0x9b, 0xd6, 0x9b, 0xd6, 0x9b, 0xd6, 0x9b, 0xd6, 0x9b, 0xd6, 0x9b, 0xd6, 0x9b, 0xd6, 0xbb, 0xd6,
    0xbb, 0xd6, 0x9b, 0xd6, 0x9b, 0xd6, 0x9b, 0xd6, 0xbb, 0xd6, 0xbb, 0xd6, 0xbb, 0xd6, 0xbb, 0xd6,
    0xbb, 0xd6, 0xbb, 0xde, 0xbb, 0xde, 0xbb, 0xde, 0xbb, 0xd6, 0xfc, 0xde, 0x9e, 0xf7, 0x9d, 0xf7,
    0xdf, 0xff, 0x39, 0xc6, 0x53, 0x8c, 0x94, 0x94, 0x73, 0x8c, 0x77, 0xb5, 0xbb, 0xd6, 0xbb, 0xd6,
    0xbb, 0xd6, 0x5d, 0xef, 0xbe, 0xf7, 0xbe, 0xf7, 0xbe, 0xf7, 0xeb, 0x5a, 0x45, 0x29, 0x86, 0x31,
    0x66, 0x29, 0x4f, 0x21, 0x71, 0x21, 0x71, 0x21, 0x71, 0x21, 0x72, 0x21, 0x4e, 0x21, 0x65, 0x29,
    0x65, 0x29, 0x24, 0x21, 0xaa, 0x52, 0xbe, 0xf7, 0xdf, 0xff, 0xdf, 0xff, 0x9e, 0xf7, 0xbb, 0xde,
    0xbb, 0xd6, 0xdc, 0xde, 0x97, 0xb5, 0x73, 0x8c, 0x94, 0x94, 0x73, 0x8c, 0x39, 0xc6, 0xbf, 0xf7,
    0x7d, 0xf7, 0x9e, 0xf7, 0xfc, 0xe6, 0xbb, 0xd6, 0xbb, 0xde, 0xbb, 0xde, 0xbb, 0xde, 0xbb, 0xde,
    0xbb, 0xde, 0xbb, 0xde, 0xbb, 0xde, 0xbb, 0xde, 0xbb, 0xde, 0xbb, 0xd6, 0xbb, 0xd6, 0xbb, 0xd6,
    0xbb, 0xd6, 0xbb, 0xd6, 0xbb, 0xd6, 0xbb, 0xd6, 0xbb, 0xd6, 0xbb, 0xd6, 0xbb, 0xd6, 0xbb, 0xd6,
    0xbb, 0xd6, 0xbb, 0xd6, 0xbb, 0xd6, 0xbb, 0xd6, 0xbb, 0xd6, 0xbb, 0xd6, 0xbb, 0xd6, 0xbb, 0xd6,
    0xbb, 0xd6, 0xbb, 0xd6, 0xbb, 0xd6, 0xbb, 0xde, 0xbb, 0xde, 0xbb, 0xde, 0xbb, 0xde, 0xbb, 0xde,
    0xbb, 0xd6, 0xbb, 0xd6, 0xbb, 0xd6, 0xbb, 0xde, 0xbb, 0xd6, 0xbb, 0xd6, 0xbb, 0xd6, 0xbb, 0xde,
    0xbb, 0xd6, 0xbb, 0xd6, 0xbb, 0xd6, 0xbb, 0xd6, 0xbb, 0xde, 0xbb, 0xde, 0xbb, 0xd6, 0x9b, 0xd6,
    0x9b, 0xd6, 0xbb, 0xd6, 0xbb, 0xd6, 0xbb, 0xde, 0xbb, 0xde, 0xbb, 0xd6, 0xbb, 0xd6, 0xbb, 0xd6,
    0xbb, 0xd6, 0xbb, 0xd6, 0xbb, 0xde, 0xbb, 0xd6, 0x9b, 0xd6, 0x9b, 0xd6, 0x9b, 0xd6, 0x9b, 0xd6,
    0xbb, 0xd6, 0xbb, 0xd6, 0xbb, 0xd6, 0xbb, 0xd6, 0xbb, 0xde, 0xbb, 0xd6, 0xbb, 0xd6, 0xbb, 0xd6,
    0xbb, 0xd6, 0xbb, 0xd6, 0x9b, 0xd6, 0x9b, 0xd6, 0xbb, 0xd6, 0xbb, 0xd6, 0x9b, 0xd6, 0x9b, 0xd6,
    0x9b, 0xd6, 0xbb, 0xd6, 0xbb, 0xd6, 0xbb, 0xd6, 0xbb, 0xd6, 0x9b, 0xd6, 0x9b, 0xd6, 0xbb, 0xd6,
    0x9b, 0xd6, 0x9b, 0xd6, 0x9b, 0xd6, 0xbb, 0xd6, 0xbb, 0xd6, 0xbb, 0xde, 0xbb, 0xd6, 0xbb, 0xd6,
    0xbb, 0xd6, 0xbb, 0xd6, 0xbb, 0xd6, 0xbb, 0xd6, 0xbb, 0xd6, 0xbb, 0xd6, 0x9b, 0xd6, 0x9b, 0xd6,
    0xbb, 0xd6, 0xbb, 0xd6, 0xbb, 0xd6, 0xbb, 0xd6, 0xbb, 0xd6, 0x9b, 0xd6, 0xbb, 0xd6, 0xbb, 0xd6,
    0xbb, 0xd6, 0xbb, 0xde, 0xbb, 0xd6, 0xbb, 0xd6, 0xbb, 0xd6, 0xbb, 0xd6, 0xbb, 0xd6, 0xbb, 0xd6,
    0xbb, 0xd6, 0xbb, 0xd6, 0x9b, 0xd6, 0x9b, 0xd6, 0xbb, 0xd6, 0xbb, 0xd6, 0xbb, 0xd6, 0xbb, 0xd6,
    0x9b, 0xd6, 0xbb, 0xd6, 0x9b, 0xd6, 0x9b, 0xd6, 0xbb, 0xd6, 0xbb, 0xd6, 0xbb, 0xde, 0xbb, 0xde,
    0xbb, 0xd6, 0xbb, 0xd6, 0xbb, 0xd6, 0xbb, 0xd6, 0xbb, 0xd6, 0xbb, 0xd6, 0xbb, 0xd6, 0xbb, 0xd6,
    0xbb, 0xd6, 0xbb, 0xd6, 0xbb, 0xd6, 0xbb, 0xd6, 0xbb, 0xd6, 0xbb, 0xd6, 0xbb, 0xd6, 0xbb, 0xd6,
    0xbb, 0xd6, 0xbb, 0xd6, 0xbb, 0xd6, 0xbb, 0xd6, 0xbb, 0xd6, 0x9b, 0xd6, 0x9b, 0xd6, 0x9b, 0xd6,
    0xbb, 0xd6, 0xbb, 0xd6, 0xbb, 0xd6, 0xbb, 0xd6, 0xbb, 0xd6, 0xbb, 0xde, 0xbb, 0xde, 0xbb, 0xde,
    0xbb, 0xd6, 0xfc, 0xde, 0x9e, 0xf7, 0x9d, 0xf7, 0xdf, 0xff, 0x39, 0xc6, 0x53, 0x8c, 0x94, 0x94,
    0x73, 0x8c, 0x77, 0xad, 0xbb, 0xd6, 0xbb, 0xd6, 0xbb, 0xd6, 0x5d, 0xef, 0xbe, 0xf7, 0xbe, 0xf7,
    0xbe, 0xf7, 0xeb, 0x5a, 0x45, 0x29, 0x86, 0x31, 0x66, 0x29, 0x4f, 0x21, 0x71, 0x21, 0x71, 0x21,
    0x71, 0x21, 0x72, 0x21, 0x4e, 0x21, 0x65, 0x29, 0x65, 0x29, 0x45, 0x29, 0xaa, 0x52, 0xbe, 0xf7,
    0xdf, 0xff, 0xdf, 0xff, 0x7e, 0xf7, 0xbb, 0xde, 0xbb, 0xd6, 0xdc, 0xde, 0x97, 0xb5, 0x73, 0x8c,
    0x94, 0x94, 0x73, 0x8c, 0x39, 0xc6, 0xbf, 0xf7, 0x7d, 0xf7, 0x9e, 0xf7, 0xfc, 0xe6, 0xbb, 0xd6,
    0xbb, 0xde, 0xbb, 0xde, 0xbb, 0xde, 0xbb, 0xde, 0xbb, 0xde, 0xbb, 0xde, 0xbb, 0xde, 0xbb, 0xde,
    0xbb, 0xde, 0xbb, 0xde, 0xbb, 0xde, 0xbb, 0xd6, 0xbb, 0xd6, 0xbb, 0xd6, 0xbb, 0xd6, 0xbb, 0xde,
    0xbb, 0xde, 0xbb, 0xde, 0xbb, 0xde, 0xbb, 0xde, 0xbb, 0xd6, 0xbb, 0xd6, 0xbb, 0xd6, 0xbb, 0xd6,
    0xbb, 0xd6, 0xbb, 0xde, 0xbb, 0xd6, 0x9b, 0xd6, 0xbb, 0xde, 0xbb, 0xde, 0xbb, 0xde, 0xbb, 0xde,
    0xbb, 0xde, 0xbb, 0xde, 0xbb, 0xde, 0xbb, 0xde, 0xbb, 0xd6, 0xbb, 0xd6, 0xbb, 0xd6, 0xbb, 0xd6,
    0xbb, 0xd6, 0xbb, 0xd6, 0xbb, 0xd6, 0xbb, 0xd6, 0xbb, 0xd6, 0xbb, 0xde, 0xbb, 0xde, 0xbb, 0xd6,
    0xbb, 0xd6, 0xbb, 0xd6, 0xbb, 0xd6, 0xbb, 0xd6, 0xbb, 0xd6, 0xbb, 0xd6, 0xbb, 0xd6, 0xbb, 0xd6,
    0xbb, 0xde, 0xbb, 0xde, 0xbb, 0xde, 0xbb, 0xde, 0xbb, 0xd6, 0xbb, 0xd6, 0xbb, 0xd6, 0xbb, 0xd6,
    0x9b, 0xd6, 0x9b, 0xd6, 0x9b, 0xd6, 0x9b, 0xd6, 0xbb, 0xd6, 0xbb, 0xd6, 0xbb, 0xd6, 0xbb, 0xde,
    0xbb, 0xde, 0xbb, 0xde, 0xbb, 0xde, 0xbb, 0xd6, 0xbb, 0xd6, 0xbb, 0xd6, 0x9b, 0xd6, 0x9b, 0xd6,
    0xbb, 0xd6, 0xbb, 0xd6, 0xbb, 0xd6, 0xbb, 0xd6, 0xbb, 0xd6, 0xbb, 0xd6, 0xbb, 0xd6, 0xbb, 0xd6,
    0xbb, 0xd6, 0xbb, 0xd6, 0xbb, 0xd6, 0xbb, 0xd6, 0xbb, 0xd6, 0xbb, 0xd6, 0x9b, 0xd6, 0xbb, 0xd6,
    0xbb, 0xd6, 0xbb, 0xd6, 0xbb, 0xd6, 0x9b, 0xd6, 0x9b, 0xd6, 0x9b, 0xd6, 0x9b, 0xd6, 0xbb, 0xd6,
    0xbb, 0xd6, 0xbb, 0xd6, 0xbb, 0xd6, 0xbb, 0xd6, 0xbb, 0xd6, 0xbb, 0xd6, 0xbb, 0xd6, 0xbb, 0xd6,
    0xbb, 0xd6, 0x9b, 0xd6, 0xbb, 0xd6, 0xbb, 0xd6, 0xbb, 0xd6, 0xbb, 0xde, 0xbb, 0xde, 0xbb, 0xde,
    0xbb, 0xde, 0xbb, 0xd6, 0xbb, 0xd6, 0xbb, 0xd6, 0xbb, 0xd6, 0xbb, 0xd6, 0xbb, 0xd6, 0xbb, 0xd6,
    0x9b, 0xd6, 0xbb, 0xd6, 0xbb, 0xd6, 0xbb, 0xd6, 0xbb, 0xd6, 0xbb, 0xd6, 0x9b, 0xd6, 0xbb, 0xd6,
    0xbb, 0xd6, 0xbb, 0xd6, 0xbb, 0xd6, 0xbb, 0xde, 0xbb, 0xd6, 0xbb, 0xd6, 0xbb, 0xd6, 0xbb, 0xd6,
    0xbb, 0xd6, 0xbb, 0xd6, 0xbb, 0xd6, 0xbb, 0xd6, 0xbb, 0xd6, 0xbb, 0xd6, 0xbb, 0xd6, 0xbb, 0xd6,
    0xbb, 0xde, 0xbb, 0xd6, 0xbb, 0xd6, 0xbb, 0xd6, 0xbb, 0xd6, 0xbb, 0xd6, 0xbb, 0xd6, 0xbb, 0xd6,
    0xbb, 0xd6, 0xbb, 0xd6, 0xbb, 0xd6, 0xbb, 0xd6, 0xbb, 0xd6, 0xbb, 0xd6, 0xbb, 0xd6, 0xbb, 0xd6,
    0xbb, 0xd6, 0xbb, 0xd6, 0xbb, 0xde, 0xbb, 0xde, 0x9b, 0xd6, 0xfc, 0xde, 0x9e, 0xf7, 0x9d, 0xf7,
    0xdf, 0xff, 0x39, 0xc6, 0x53, 0x8c, 0x94, 0x94, 0x73, 0x8c, 0x97, 0xb5, 0xbb, 0xd6, 0xbb, 0xd6,
    0x9b, 0xd6, 0x5d, 0xef, 0xbe, 0xf7, 0xbe, 0xf7, 0xbe, 0xf7, 0xeb, 0x5a, 0x45, 0x29, 0x86, 0x31,
    0x66, 0x29, 0x4f, 0x21, 0x71, 0x21, 0x71, 0x21, 0x71, 0x21, 0x72, 0x21, 0x4e, 0x21, 0x65, 0x29,
    0x86, 0x31, 0x45, 0x29, 0xaa, 0x52, 0xbe, 0xf7, 0xdf, 0xff, 0xdf, 0xff, 0x7e, 0xf7, 0xdb, 0xde,
    0xbb, 0xde, 0xdc, 0xde, 0x97, 0xb5, 0x73, 0x8c, 0x94, 0x94, 0x73, 0x8c, 0x39, 0xc6, 0xbf, 0xf7,
    0x9e, 0xf7, 0x9e, 0xf7, 0xfc, 0xe6, 0xbb, 0xde, 0xbb, 0xde, 0xbb, 0xde, 0xbb, 0xde, 0xbb, 0xde,
    0xbb, 0xde, 0xbb, 0xde, 0xbb, 0xde, 0xbb, 0xde, 0xbb, 0xde, 0xbb, 0xde, 0xbb, 0xde, 0xbb, 0xd6,
    0xbb, 0xd6, 0xbb, 0xd6, 0xbb, 0xd6, 0xbb, 0xd6, 0xbb, 0xd6, 0xbb, 0xd6, 0xbb, 0xde, 0xbb, 0xde,
    0xbb, 0xd6, 0xbb, 0xd6, 0xbb, 0xd6, 0xbb, 0xd6, 0xbb, 0xd6, 0xbb, 0xd6, 0xbb, 0xd6, 0xbb, 0xd6,
    0xbb, 0xd6, 0xbb, 0xde, 0xbb, 0xde, 0xbb, 0xde, 0xbb, 0xde, 0xbb, 0xde, 0xbb, 0xde, 0xbb, 0xde,
    0xbb, 0xd6, 0xbb, 0xd6, 0xbb, 0xd6, 0xbb, 0xd6, 0xbb, 0xd6, 0xbb, 0xd6, 0xbb, 0xd6, 0xbb, 0xd6,
    0xbb, 0xd6, 0xbb, 0xde, 0xbb, 0xde, 0xbb, 0xd6, 0xbb, 0xd6, 0xbb, 0xd6, 0xbb, 0xd6, 0xbb, 0xd6,
    0xbb, 0xd6, 0xbb, 0xd6, 0xbb, 0xd6, 0xbb, 0xd6, 0xbb, 0xde, 0xbb, 0xde, 0xbb, 0xde, 0xbb, 0xde,
    0xbb, 0xd6, 0xbb, 0xd6, 0xbb, 0xd6, 0xbb, 0xd6, 0xbb, 0xd6, 0x9b, 0xd6, 0x9b, 0xd6, 0x9b, 0xd6,
    0x9b, 0xd6, 0xbb, 0xd6, 0xbb, 0xd6, 0xbb, 0xde, 0xbb, 0xde, 0xbb, 0xde, 0xbb, 0xde, 0xbb, 0xd6,
    0xbb, 0xd6, 0xbb, 0xd6, 0x9b, 0xd6, 0x9b, 0xd6, 0xbb, 0xd6, 0xbb, 0xd6, 0xbb, 0xd6, 0xbb, 0xd6,
    0xbb, 0xd6, 0xbb, 0xd6, 0xbb, 0xde, 0xbb, 0xd6, 0xbb, 0xd6, 0xbb, 0xd6, 0xbb, 0xd6, 0xbb, 0xd6,
    0xbb, 0xd6, 0xbb, 0xd6, 0xbb, 0xd6, 0xbb, 0xd6, 0xbb, 0xd6, 0xbb, 0xd6, 0xbb, 0xd6, 0xbb, 0xd6,
    0xbb, 0xd6, 0xbb, 0xd6, 0xbb, 0xd6, 0xbb, 0xd6, 0x9b, 0xd6, 0xbb, 0xd6, 0xbb, 0xd6, 0xbb, 0xd6,
    0xbb, 0xd6, 0xbb, 0xd6, 0xbb, 0xd6, 0xbb, 0xd6, 0xbb, 0xd6, 0xbb, 0xd6, 0xbb, 0xd6, 0xbb, 0xd6,
    0xbb, 0xd6, 0xbb, 0xd6, 0xbb, 0xde, 0xbb, 0xde, 0xbb, 0xde, 0xbb, 0xd6, 0xbb, 0xd6, 0xbb, 0xd6,
    0xbb, 0xd6, 0xbb, 0xd6, 0xbb, 0xd6, 0xbb, 0xd6, 0x9b, 0xd6, 0xbb, 0xd6, 0xbb, 0xd6, 0xbb, 0xd6,
    0xbb, 0xd6, 0xbb, 0xd6, 0xbb, 0xd6, 0xbb, 0xd6, 0xbb, 0xd6, 0xbb, 0xd6, 0xbb, 0xd6, 0xbb, 0xd6,
    0xbb, 0xd6, 0xbb, 0xd6, 0xbb, 0xd6, 0xbb, 0xd6, 0xbb, 0xd6, 0xbb, 0xd6, 0xbb, 0xd6, 0xbb, 0xd6,
    0xbb, 0xde, 0xbb, 0xde, 0xbb, 0xde, 0xbb, 0xde, 0xbb, 0xde, 0xbb, 0xd6, 0xbb, 0xd6, 0xbb, 0xd6,
    0xbb, 0xd6, 0xbb, 0xd6, 0xbb, 0xd6, 0xbb, 0xd6, 0xbb, 0xd6, 0xbb, 0xd6, 0xbb, 0xd6, 0xbb, 0xd6,
    0xbb, 0xd6, 0xbb, 0xd6, 0xbb, 0xd6, 0xbb, 0xd6, 0xbb, 0xd6, 0xbb, 0xd6, 0xbb, 0xde, 0xbb, 0xde,
    0x9b, 0xd6, 0xfc, 0xde, 0x9e, 0xf7, 0x9d, 0xf7, 0xdf, 0xff, 0x39, 0xc6, 0x53, 0x8c, 0x94, 0x94,
    0x73, 0x8c, 0x97, 0xb5, 0xbb, 0xd6, 0x9b, 0xd6, 0x9b, 0xd6, 0x5d, 0xef, 0xbe, 0xf7, 0xbe, 0xf7,
    0x9e, 0xf7, 0xeb, 0x5a, 0x45, 0x29, 0x86, 0x31, 0x66, 0x29, 0x4f, 0x21, 0x71, 0x21, 0x71, 0x21,
    0x71, 0x21, 0x72, 0x21, 0x4e, 0x21, 0x65, 0x29, 0x86, 0x31, 0x45, 0x29, 0xaa, 0x52, 0xbe, 0xf7,
    0xdf, 0xff, 0xdf, 0xff, 0x9e, 0xf7, 0xdb, 0xde, 0xbb, 0xde, 0xdc, 0xde, 0xb7, 0xb5, 0x73, 0x8c,
    0x94, 0x94, 0x73, 0x8c, 0x39, 0xc6, 0xdf, 0xff, 0x9e, 0xf7, 0x9e, 0xf7, 0xfc, 0xe6, 0xbb, 0xde,
    0xbb, 0xde, 0xbb, 0xde, 0xbb, 0xde, 0xbb, 0xde, 0xbb, 0xde, 0xbb, 0xde, 0xbb, 0xde, 0xbb, 0xde,
    0xbb, 0xde, 0xbb, 0xde, 0xbb, 0xde, 0xbb, 0xde, 0xbb, 0xd6, 0xbb, 0xd6, 0xbb, 0xd6, 0xbb, 0xd6,
    0xbb, 0xd6, 0xbb, 0xd6, 0xbb, 0xde, 0xbb, 0xde, 0xbb, 0xde, 0xbb, 0xd6, 0xbb, 0xd6, 0xbb, 0xd6,
    0xbb, 0xd6, 0xbb, 0xd6, 0xbb, 0xd6, 0xbb, 0xde, 0xbb, 0xd6, 0xbb, 0xde, 0xbb, 0xde, 0xbb, 0xde,
    0xbb, 0xde, 0xbb, 0xde, 0xbb, 0xde, 0xbb, 0xde, 0xbb, 0xd6, 0xbb, 0xd6, 0xbb, 0xd6, 0xbb, 0xd6,
    0xbb, 0xd6, 0xbb, 0xd6, 0xbb, 0xd6, 0xbb, 0xd6, 0xbb, 0xd6, 0xbb, 0xde, 0xbb, 0xde, 0xbb, 0xd6,
    0xbb, 0xd6, 0xbb, 0xd6, 0xbb, 0xd6, 0xbb, 0xd6, 0xbb, 0xd6, 0xbb, 0xd6, 0xbb, 0xd6, 0xbb, 0xd6,
    0xbb, 0xde, 0xbb, 0xde, 0xbb, 0xde, 0xbb, 0xde, 0xbb, 0xd6, 0xbb, 0xd6, 0xbb, 0xd6, 0xbb, 0xd6,
    0xbb, 0xd6, 0xbb, 0xd6, 0x9b, 0xd6, 0x9b, 0xd6, 0x9b, 0xd6, 0xbb, 0xde, 0xbb, 0xde, 0xbb, 0xde,
    0xbb, 0xde, 0xbb, 0xde, 0xbb, 0xde, 0xbb, 0xd6, 0xbb, 0xd6, 0xbb, 0xd6, 0xbb, 0xd6, 0xbb, 0xd6,
    0xbb, 0xd6, 0xbb, 0xd6, 0xbb, 0xd6, 0xbb, 0xd6, 0xbb, 0xd6, 0xbb, 0xd6, 0xbb, 0xde, 0xbb, 0xd6,
    0xbb, 0xd6, 0xbb, 0xd6, 0xbb, 0xd6, 0xbb, 0xd6, 0xbb, 0xd6, 0xbb, 0xd6, 0xbb, 0xde, 0xbb, 0xde,
    0xbb, 0xd6, 0xbb, 0xd6, 0xbb, 0xd6, 0xbb, 0xd6, 0xbb, 0xd6, 0xbb, 0xd6, 0xbb, 0xd6, 0xbb, 0xd6,
    0x9b, 0xd6, 0xbb, 0xd6, 0xbb, 0xd6, 0xbb, 0xd6, 0xbb, 0xd6, 0xbb, 0xd6, 0xbb, 0xd6, 0xbb, 0xd6,
    0xbb, 0xd6, 0xbb, 0xd6, 0xbb, 0xd6, 0xbb, 0xd6, 0xbb, 0xd6, 0xbb, 0xd6, 0xbb, 0xde, 0xbb, 0xde,
    0xbb, 0xde, 0xbb, 0xd6, 0xbb, 0xd6, 0xbb, 0xd6, 0xbb, 0xd6, 0xbb, 0xd6, 0xbb, 0xd6, 0xbb, 0xd6,
    0xbb, 0xd6, 0xbb, 0xd6, 0xbb, 0xd6, 0xbb, 0xd6, 0xbb, 0xd6, 0xbb, 0xd6, 0xbb, 0xd6, 0xbb, 0xd6,
    0xbb, 0xd6, 0xbb, 0xd6, 0xbb, 0xd6, 0xbb, 0xd6, 0xbb, 0xd6, 0xbb, 0xd6, 0xbb, 0xd6, 0xbb, 0xd6,
    0xbb, 0xd6, 0x9b, 0xd6, 0xbb, 0xd6, 0xbb, 0xd6, 0xbb, 0xde, 0xbb, 0xde, 0xbb, 0xde, 0xbb, 0xde,
    0xbb, 0xde, 0xbb, 0xd6, 0xbb, 0xd6, 0xbb, 0xd6, 0xbb, 0xd6, 0xbb, 0xd6, 0xbb, 0xd6, 0xbb, 0xd6,
    0xbb, 0xd6, 0xbb, 0xd6, 0xbb, 0xd6, 0xbb, 0xde, 0xbb, 0xde, 0xbb, 0xde, 0xbb, 0xd6, 0xbb, 0xd6,
    0xbb, 0xd6, 0xbb, 0xd6, 0xbb, 0xde, 0xbb, 0xde, 0xbb, 0xd6, 0xfc, 0xde, 0x9e, 0xf7, 0x9d, 0xf7,
    0xdf, 0xff, 0x39, 0xc6, 0x53, 0x8c, 0x94, 0x94, 0x73, 0x8c, 0x97, 0xb5, 0xbb, 0xd6, 0x9b, 0xd6,
    0x9b, 0xd6, 0x5d, 0xef, 0xbe, 0xf7, 0xbe, 0xf7, 0xbe, 0xf7, 0xeb, 0x5a, 0x45, 0x29, 0xa6, 0x31,
    0x66, 0x29, 0x4f, 0x21, 0x71, 0x21, 0x71, 0x21, 0x71, 0x21, 0x72, 0x21, 0x4e, 0x21, 0x65, 0x29,
    0x65, 0x31, 0x24, 0x21, 0xaa, 0x52, 0xbe, 0xf7, 0xdf, 0xff, 0xdf, 0xff, 0x9e, 0xf7, 0xbb, 0xde,
    0xbb, 0xd6, 0xdc, 0xde, 0xb7, 0xb5, 0x73, 0x8c, 0x94, 0x94, 0x73, 0x8c, 0x39, 0xc6, 0xbf, 0xf7,
    0x7e, 0xf7, 0x9e, 0xf7, 0xfc, 0xe6, 0xbb, 0xde, 0xbb, 0xde, 0xbb, 0xde, 0xbb, 0xde, 0xbb, 0xde,
    0xbb, 0xde, 0xbb, 0xde, 0xbb, 0xde, 0xbb, 0xde, 0xbb, 0xde, 0xbb, 0xde, 0xbb, 0xde, 0xbb, 0xde,
    0xbb, 0xde, 0xbb, 0xd6, 0xbb, 0xd6, 0xbb, 0xd6, 0xbb, 0xd6, 0xbb, 0xd6, 0xbb, 0xde, 0xbb, 0xde,
    0xbb, 0xde, 0xbb, 0xde, 0xbb, 0xd6, 0xbb, 0xd6, 0xbb, 0xd6, 0xbb, 0xde, 0xbb, 0xd6, 0xbb, 0xd6,
    0xbb, 0xde, 0xbb, 0xde, 0xbb, 0xde, 0xbb, 0xde, 0xbb, 0xde, 0xbb, 0xde, 0xbb, 0xde, 0xbb, 0xd6,
    0xbb, 0xde, 0xbb, 0xd6, 0xbb, 0xd6, 0xbb, 0xde, 0xbb, 0xd6, 0xbb, 0xd6, 0xbb, 0xd6, 0xbb, 0xd6,
    0xbb, 0xd6, 0xbb, 0xde, 0xbb, 0xde, 0xbb, 0xd6, 0xbb, 0xd6, 0xbb, 0xd6, 0xbb, 0xd6, 0xbb, 0xd6,
    0xbb, 0xd6, 0xbb, 0xd6, 0xbb, 0xd6, 0xbb, 0xd6, 0xbb, 0xde, 0xbb, 0xd6, 0xbb, 0xd6, 0xbb, 0xd6,
    0xbb, 0xd6, 0xbb, 0xd6, 0xbb, 0xd6, 0xbb, 0xd6, 0xbb, 0xd6, 0xbb, 0xd6, 0xbb, 0xd6, 0xbb, 0xd6,
    0xbb, 0xd6, 0xbb, 0xde, 0xbb, 0xd6, 0xbb, 0xde, 0xbb, 0xde, 0xbb, 0xde, 0xbb, 0xde, 0xbb, 0xd6,
    0xbb, 0xd6, 0xbb, 0xd6, 0xbb, 0xd6, 0xbb, 0xd6, 0xbb, 0xd6, 0xbb, 0xd6, 0xbb, 0xd6, 0xbb, 0xd6,
    0xbb, 0xd6, 0xbb, 0xd6, 0xbb, 0xde, 0xbb, 0xd6, 0xbb, 0xd6, 0xbb, 0xd6, 0xbb, 0xd6, 0xbb, 0xd6,
    0xbb, 0xd6, 0xbb, 0xd6, 0xbb, 0xde, 0xbb, 0xde, 0xbb, 0xde, 0xbb, 0xde, 0xbb, 0xde, 0xbb, 0xd6,
    0xbb, 0xd6, 0xbb, 0xd6, 0xbb, 0xd6, 0xbb, 0xde, 0xbb, 0xd6, 0xbb, 0xde, 0xbb, 0xd6, 0xbb, 0xd6,
    0xbb, 0xd6, 0xbb, 0xd6, 0xbb, 0xd6, 0xbb, 0xd6, 0xbb, 0xd6, 0xbb, 0xd6, 0xbb, 0xd6, 0xbb, 0xd6,
    0xbb, 0xd6, 0xbb, 0xd6, 0xbb, 0xde, 0xbb, 0xde, 0xbb, 0xde, 0xbb, 0xd6, 0xbb, 0xd6, 0xbb, 0xd6,
    0xbb, 0xd6, 0xbb, 0xd6, 0xbb, 0xd6, 0xbb, 0xd6, 0xbb, 0xd6, 0xbb, 0xd6, 0xbb, 0xd6, 0xbb, 0xd6,
    0xbb, 0xd6, 0xbb, 0xd6, 0xbb, 0xd6, 0xbb, 0xd6, 0xbb, 0xd6, 0xbb, 0xd6, 0xbb, 0xd6, 0xbb, 0xd6,
    0xbb, 0xd6, 0xbb, 0xd6, 0xbb, 0xd6, 0xbb, 0xd6, 0xbb, 0xd6, 0x9b, 0xd6, 0x9b, 0xd6, 0xbb, 0xd6,
    0xbb, 0xd6, 0xbb, 0xd6, 0xbb, 0xd6, 0xbb, 0xd6, 0xbb, 0xde, 0xbb, 0xd6, 0xbb, 0xd6, 0xbb, 0xd6,
    0xbb, 0xd6, 0xbb, 0xd6, 0xbb, 0xd6, 0xbb, 0xde, 0xbb, 0xde, 0xbb, 0xde, 0xbb, 0xde, 0xbb, 0xde,
    0xbb, 0xde, 0xbb, 0xde, 0xbb, 0xd6, 0xbb, 0xd6, 0xbb, 0xd6, 0xbb, 0xd6, 0xbb, 0xd6, 0xbb, 0xde,
    0xbb, 0xd6, 0xfc, 0xde, 0x9e, 0xf7, 0x9d, 0xf7, 0xbe, 0xf7, 0x39, 0xc6, 0x53, 0x8c, 0x94, 0x94,
    0x73, 0x8c, 0x97, 0xb5, 0xbb, 0xd6, 0xbb, 0xd6, 0x9b, 0xd6, 0x5d, 0xef, 0xbe, 0xf7, 0xbe, 0xf7,
    0xbe, 0xf7, 0xeb, 0x5a, 0x45, 0x29, 0x86, 0x31, 0x66, 0x29, 0x4f, 0x21, 0x71, 0x21, 0x71, 0x21,
    0x71, 0x21, 0x72, 0x21, 0x4e, 0x21, 0x65, 0x29, 0x65, 0x29, 0x25, 0x21, 0xaa, 0x52, 0xbe, 0xf7,
    0xdf, 0xff, 0xdf, 0xff, 0x7e, 0xf7, 0xbb, 0xde, 0xbb, 0xd6, 0xdc, 0xde, 0x97, 0xb5, 0x53, 0x8c,
    0x94, 0x94, 0x73, 0x8c, 0x39, 0xc6, 0xbf, 0xf7, 0x7e, 0xf7, 0x9e, 0xf7, 0xfc, 0xe6, 0xbb, 0xd6,
    0xbb, 0xde, 0xbb, 0xde, 0xbb, 0xde, 0xbb, 0xde, 0xbb, 0xde, 0xbb, 0xd6, 0xbb, 0xd6, 0xbb, 0xde,
    0xbb, 0xde, 0xbb, 0xd6, 0xbb, 0xd6, 0xbb, 0xde, 0xbb, 0xde, 0xbb, 0xde, 0xbb, 0xde, 0xbb, 0xd6,
    0xbb, 0xd6, 0xbb, 0xd6, 0xbb, 0xde, 0xbb, 0xde, 0xbb, 0xd6, 0xbb, 0xd6, 0xbb, 0xd6, 0xbb, 0xd6,
    0xbb, 0xde, 0xbb, 0xde, 0xbb, 0xde, 0xbb, 0xde, 0xbb, 0xde, 0xbb, 0xde, 0xbb, 0xde, 0xbb, 0xde,
    0xbb, 0xde, 0xbb, 0xde, 0xbb, 0xde, 0xbb, 0xde, 0xbb, 0xd6, 0xbb, 0xd6, 0xbb, 0xd6, 0xbb, 0xd6,
    0xbb, 0xd6, 0xbb, 0xd6, 0xbb, 0xd6, 0xbb, 0xde, 0xbb, 0xde, 0xbb, 0xde, 0xbb, 0xd6, 0xbb, 0xd6,
    0xbb, 0xd6, 0xbb, 0xd6, 0xbb, 0xd6, 0xbb, 0xd6, 0xbb, 0xd6, 0xbb, 0xd6, 0xbb, 0xd6, 0xbb, 0xd6,
    0xbb, 0xd6, 0xbb, 0xde, 0xbb, 0xd6, 0xbb, 0xd6, 0xbb, 0xd6, 0xbb, 0xd6, 0xbb, 0xd6, 0xbb, 0xd6,
    0xbb, 0xd6, 0xbb, 0xd6, 0xbb, 0xd6, 0xbb, 0xd6, 0xbb, 0xd6, 0xbb, 0xd6, 0xbb, 0xd6, 0xbb, 0xd6,
    0xbb, 0xd6, 0xbb, 0xd6, 0xbb, 0xd6, 0x9b, 0xd6, 0x9b, 0xd6, 0x9b, 0xd6, 0xbb, 0xd6, 0xbb, 0xd6,
    0xbb, 0xd6, 0xbb, 0xde, 0xbb, 0xde, 0xbb, 0xd6, 0xbb, 0xd6, 0xbb, 0xd6, 0xbb, 0xd6, 0xbb, 0xde,
    0xbb, 0xde, 0xbb, 0xd6, 0x9b, 0xd6, 0x9b, 0xd6, 0xbb, 0xd6, 0xbb, 0xd6, 0xbb, 0xd6, 0xbb, 0xd6,
    0xbb, 0xde, 0xbb, 0xde, 0xbb, 0xd6, 0xbb, 0xd6, 0xbb, 0xd6, 0xbb, 0xd6, 0xbb, 0xde, 0xbb, 0xd6,
    0xbb, 0xd6, 0xbb, 0xd6, 0xbb, 0xd6, 0xbb, 0xd6, 0xbb, 0xd6, 0xbb, 0xd6, 0xbb, 0xd6, 0xbb, 0xd6,
    0xbb, 0xd6, 0xbb, 0xd6, 0xbb, 0xd6, 0xbb, 0xd6, 0xbb, 0xd6, 0xbb, 0xd6, 0xbb, 0xd6, 0xbb, 0xde,
    0xbb, 0xde, 0xbb, 0xd6, 0xbb, 0xd6, 0xbb, 0xd6, 0xbb, 0xd6, 0xbb, 0xd6, 0xbb, 0xd6, 0xbb, 0xd6,
    0xbb, 0xd6, 0xbb, 0xd6, 0xbb, 0xd6, 0xbb, 0xd6, 0xbb, 0xd6, 0xbb, 0xd6, 0xbb, 0xd6, 0x9b, 0xd6,
    0x9b, 0xd6, 0x9b, 0xd6, 0x9b, 0xd6, 0x9b, 0xd6, 0x9b, 0xd6, 0x9b, 0xd6, 0x9b, 0xd6, 0x9b, 0xd6,
    0x9b, 0xd6, 0x9b, 0xd6, 0xbb, 0xd6, 0xbb, 0xd6, 0xbb, 0xd6, 0xbb, 0xd6, 0xbb, 0xd6, 0xbb, 0xd6,
    0xbb, 0xd6, 0xbb, 0xde, 0xbb, 0xd6, 0xbb, 0xd6, 0xbb, 0xd6, 0x9b, 0xd6, 0x9b, 0xd6, 0xbb, 0xd6,
    0xbb, 0xd6, 0xbb, 0xd6, 0xbb, 0xd6, 0xbb, 0xd6, 0xbb, 0xd6, 0xbb, 0xd6, 0xbb, 0xd6, 0xbb, 0xd6,
    0xbb, 0xd6, 0xbb, 0xd6, 0xbb, 0xd6, 0xbb, 0xde, 0xbb, 0xd6, 0xfc, 0xde, 0x9e, 0xf7, 0x9d, 0xf7,
    0xbe, 0xf7, 0x39, 0xc6, 0x53, 0x8c, 0x94, 0x94, 0x73, 0x8c, 0x97, 0xb5, 0xbb, 0xd6, 0x9b, 0xd6,
    0x9b, 0xd6, 0x5d, 0xef, 0xbe, 0xf7, 0xbe, 0xf7, 0xbe, 0xf7, 0xeb, 0x5a, 0x45, 0x29, 0x86, 0x31,
    0x66, 0x29, 0x4f, 0x21, 0x71, 0x21, 0x71, 0x21, 0x71, 0x21, 0x72, 0x21, 0x4e, 0x21, 0x45, 0x29,
    0x65, 0x29, 0x24, 0x21, 0xaa, 0x52, 0xbe, 0xf7, 0xdf, 0xff, 0xdf, 0xff, 0x9e, 0xf7, 0xbb, 0xde,
    0xbb, 0xd6, 0xdc, 0xde, 0x97, 0xb5, 0x53, 0x8c, 0x94, 0x94, 0x73, 0x8c, 0x39, 0xc6, 0xbf, 0xf7,
    0x7e, 0xf7, 0x9e, 0xf7, 0xfc, 0xe6, 0xbb, 0xd6, 0xbb, 0xde, 0xbb, 0xde, 0xbb, 0xde, 0xbb, 0xde,
    0xbb, 0xde, 0xbb, 0xd6, 0xbb, 0xd6, 0xbb, 0xde, 0xbb, 0xde, 0xbb, 0xd6, 0xbb, 0xd6, 0xbb, 0xde,
    0xbb, 0xde, 0xbb, 0xde, 0xbb, 0xde, 0xbb, 0xd6, 0xbb, 0xd6, 0xbb, 0xd6, 0xbb, 0xde, 0xbb, 0xde,
    0xbb, 0xd6, 0xbb, 0xd6, 0xbb, 0xd6, 0xbb, 0xd6, 0xbb, 0xd6, 0xbb, 0xd6, 0xbb, 0xd6, 0xbb, 0xde,
    0xbb, 0xde, 0xbb, 0xde, 0xbb, 0xde, 0xbb, 0xde, 0xbb, 0xde, 0xbb, 0xde, 0xbb, 0xd6, 0xbb, 0xd6,
    0xbb, 0xd6, 0xbb, 0xd6, 0xbb, 0xd6, 0xbb, 0xd6, 0xbb, 0xd6, 0xbb, 0xd6, 0xbb, 0xd6, 0xbb, 0xd6,
    0xbb, 0xd6, 0xbb, 0xd6, 0xbb, 0xd6, 0xbb, 0xd6, 0xbb, 0xd6, 0xbb, 0xd6, 0xbb, 0xd6, 0xbb, 0xd6,
    0xbb, 0xd6, 0xbb, 0xd6, 0xbb, 0xd6, 0xbb, 0xd6, 0xbb, 0xde, 0xbb, 0xde, 0xbb, 0xde, 0xbb, 0xd6,
    0xbb, 0xd6, 0xbb, 0xd6, 0xbb, 0xd6, 0xbb, 0xd6, 0xbb, 0xd6, 0xbb, 0xd6, 0xbb, 0xd6, 0xbb, 0xd6,
    0xbb, 0xd6, 0xbb, 0xd6, 0xbb, 0xd6, 0xbb, 0xd6, 0xbb, 0xd6, 0xbb, 0xd6, 0xbb, 0xd6, 0xbb, 0xd6,
    0x9b, 0xd6, 0xbb, 0xd6, 0xbb, 0xd6, 0xbb, 0xd6, 0xbb, 0xd6, 0xbb, 0xde, 0xbb, 0xde, 0xbb, 0xd6,
    0xbb, 0xd6, 0xbb, 0xde, 0xbb, 0xd6, 0xbb, 0xd6, 0xbb, 0xd6, 0xbb, 0xd6, 0x9b, 0xd6, 0xbb, 0xd6,
    0xbb, 0xd6, 0xbb, 0xd6, 0xbb, 0xd6, 0xbb, 0xde, 0xbb, 0xde, 0xbb, 0xde, 0xbb, 0xd6, 0xbb, 0xd6,
    0xbb, 0xd6, 0xbb, 0xd6, 0xbb, 0xde, 0xbb, 0xd6, 0xbb, 0xd6, 0xbb, 0xd6, 0xbb, 0xd6, 0xbb, 0xd6,
    0xbb, 0xd6, 0xbb, 0xd6, 0xbb, 0xd6, 0xbb, 0xd6, 0xbb, 0xd6, 0x9b, 0xd6, 0xbb, 0xd6, 0xbb, 0xd6,
    0xbb, 0xd6, 0xbb, 0xd6, 0xbb, 0xd6, 0xbb, 0xde, 0xbb, 0xde, 0xbb, 0xd6, 0xbb, 0xd6, 0xbb, 0xd6,
    0xbb, 0xd6, 0xbb, 0xd6, 0x9b, 0xd6, 0x9b, 0xd6, 0xbb, 0xd6, 0xbb, 0xd6, 0xbb, 0xd6, 0xbb, 0xd6,
    0xbb, 0xd6, 0xbb, 0xd6, 0xbb, 0xd6, 0xbb, 0xd6, 0x9b, 0xd6, 0x9b, 0xd6, 0x9b, 0xd6, 0x9b, 0xd6,
    0x9b, 0xd6, 0x9b, 0xd6, 0x9b, 0xd6, 0x9b, 0xd6, 0x9b, 0xd6, 0x9b, 0xd6, 0x9b, 0xd6, 0xbb, 0xd6,
    0xbb, 0xd6, 0x9b, 0xd6, 0x9b, 0xd6, 0x9b, 0xd6, 0xbb, 0xd6, 0xbb, 0xde, 0xbb, 0xd6, 0xbb, 0xd6,
    0xbb, 0xd6, 0x9b, 0xd6, 0x9b, 0xd6, 0xbb, 0xd6, 0xbb, 0xd6, 0xbb, 0xd6, 0xbb, 0xd6, 0xbb, 0xd6,
    0xbb, 0xd6, 0xbb, 0xd6, 0xbb, 0xd6, 0xbb, 0xd6, 0xbb, 0xd6, 0xbb, 0xd6, 0x9b, 0xd6, 0xbb, 0xd6,
    0x9b, 0xd6, 0xfc, 0xde, 0x9e, 0xf7, 0x9d, 0xf7, 0xbe, 0xff, 0x39, 0xc6, 0x53, 0x8c, 0x94, 0x94,
    0x73, 0x8c, 0x97, 0xb5, 0xbb, 0xd6, 0x9b, 0xd6, 0x9b, 0xd6, 0x5d, 0xef, 0xbe, 0xf7, 0xbe, 0xf7,
    0xbe, 0xf7, 0xeb, 0x5a, 0x45, 0x29, 0x86, 0x31, 0x66, 0x29, 0x4f, 0x21, 0x71, 0x21, 0x71, 0x21,
    0x71, 0x21, 0x72, 0x21, 0x4e, 0x21, 0x45, 0x29, 0x65, 0x29, 0x24, 0x21, 0xaa, 0x52, 0xbe, 0xf7,
    0xdf, 0xff, 0xdf, 0xff, 0x9e, 0xf7, 0xdb, 0xde, 0xbb, 0xde, 0xdc, 0xde, 0x97, 0xb5, 0x53, 0x8c,
    0x94, 0x94, 0x73, 0x8c, 0x39, 0xc6, 0xbf, 0xf7, 0x7e, 0xf7, 0x9e, 0xf7, 0xfc, 0xe6, 0xbb, 0xd6,
    0xbb, 0xde, 0xbb, 0xde, 0xbb, 0xde, 0xbb, 0xde, 0xbb, 0xde, 0xbb, 0xd6, 0xbb, 0xd6, 0xbb, 0xd6,
    0xbb, 0xd6, 0xbb, 0xd6, 0xbb, 0xd6, 0xbb, 0xde, 0xbb, 0xde, 0xbb, 0xde, 0xbb, 0xde, 0xbb, 0xd6,
    0xbb, 0xde, 0xbb, 0xde, 0xbb, 0xde, 0xbb, 0xde, 0xbb, 0xd6, 0xbb, 0xd6, 0xbb, 0xd6, 0xbb, 0xd6,
    0xbb, 0xd6, 0xbb, 0xd6, 0xbb, 0xd6, 0xbb, 0xde, 0xbb, 0xde, 0xbb, 0xde, 0xbb, 0xde, 0xbb, 0xde,
    0xbb, 0xd6, 0xbb, 0xd6, 0xbb, 0xd6, 0xbb, 0xd6, 0xbb, 0xd6, 0xbb, 0xd6, 0xbb, 0xd6, 0xbb, 0xd6,
    0xbb, 0xd6, 0xbb, 0xd6, 0xbb, 0xd6, 0xbb, 0xd6, 0xbb, 0xd6, 0xbb, 0xd6, 0xbb, 0xd6, 0xbb, 0xd6,
    0xbb, 0xd6, 0xbb, 0xd6, 0xbb, 0xd6, 0xbb, 0xd6, 0xbb, 0xd6, 0xbb, 0xd6, 0xbb, 0xd6, 0xbb, 0xde,
    0xbb, 0xde, 0xbb, 0xde, 0xbb, 0xde, 0xbb, 0xde, 0xbb, 0xd6, 0xbb, 0xd6, 0xbb, 0xd6, 0xbb, 0xd6,
    0xbb, 0xd6, 0xbb, 0xd6, 0xbb, 0xd6, 0xbb, 0xd6, 0x9b, 0xd6, 0xbb, 0xd6, 0xbb, 0xd6, 0xbb, 0xde,
    0xbb, 0xde, 0xbb, 0xd6, 0xbb, 0xd6, 0xbb, 0xd6, 0x9b, 0xd6, 0xbb, 0xd6, 0xbb, 0xd6, 0xbb, 0xd6,
    0xbb, 0xd6, 0xbb, 0xde, 0xbb, 0xde, 0xbb, 0xd6, 0xbb, 0xd6, 0xbb, 0xd6, 0xbb, 0xd6, 0xbb, 0xd6,
    0xbb, 0xd6, 0xbb, 0xd6, 0xbb, 0xd6, 0xbb, 0xd6, 0xbb, 0xd6, 0xbb, 0xd6, 0xbb, 0xde, 0xbb, 0xde,
    0xbb, 0xde, 0xbb, 0xde, 0xbb, 0xd6, 0xbb, 0xd6, 0xbb, 0xd6, 0xbb, 0xd6, 0xbb, 0xde, 0xbb, 0xd6,
    0xbb, 0xd6, 0xbb, 0xde, 0xbb, 0xd6, 0xbb, 0xd6, 0xbb, 0xd6, 0xbb, 0xd6, 0xbb, 0xd6, 0xbb, 0xd6,
    0x9b, 0xd6, 0x9b, 0xd6, 0xbb, 0xd6, 0xbb, 0xd6, 0xbb, 0xd6, 0xbb, 0xd6, 0xbb, 0xd6, 0xbb, 0xde,
    0xbb, 0xde, 0xbb, 0xd6, 0xbb, 0xd6, 0xbb, 0xd6, 0xbb, 0xd6, 0x9b, 0xd6, 0x9b, 0xd6, 0x9b, 0xd6,
    0xbb, 0xd6, 0xbb, 0xd6, 0xbb, 0xd6, 0xbb, 0xd6, 0xbb, 0xd6, 0xbb, 0xd6, 0xbb, 0xd6, 0xbb, 0xd6,
    0x9b, 0xd6, 0x9b, 0xd6, 0x9b, 0xd6, 0x9b, 0xd6, 0x9b, 0xd6, 0x9b, 0xd6, 0x9b, 0xd6, 0x9b, 0xd6,
    0x9b, 0xd6, 0x9b, 0xd6, 0x9b, 0xd6, 0x9b, 0xd6, 0x9b, 0xd6, 0x9b, 0xd6, 0x9b, 0xd6, 0x9b, 0xd6,
    0xbb, 0xd6, 0xbb, 0xde, 0xbb, 0xde, 0xbb, 0xd6, 0xbb, 0xd6, 0x9b, 0xd6, 0x9b, 0xd6, 0xbb, 0xd6,
    0xbb, 0xd6, 0xbb, 0xd6, 0xbb, 0xd6, 0xbb, 0xd6, 0xbb, 0xd6, 0xbb, 0xd6, 0xbb, 0xd6, 0xbb, 0xd6,
    0xbb, 0xd6, 0xbb, 0xd6, 0xbb, 0xd6, 0xbb, 0xd6, 0x9b, 0xd6, 0xfc, 0xde, 0x9e, 0xf7, 0x9d, 0xf7,
    0xbe, 0xff, 0x39, 0xc6, 0x53, 0x8c, 0x94, 0x94, 0x73, 0x8c, 0x77, 0xad, 0xbb, 0xd6, 0x9b, 0xd6,
    0x9b, 0xd6, 0x5d, 0xef, 0xbe, 0xf7, 0xde, 0xf7, 0xbe, 0xf7, 0xeb, 0x5a, 0x45, 0x29, 0x86, 0x31,
    0x66, 0x29, 0x4f, 0x21, 0x71, 0x21, 0x71, 0x21, 0x71, 0x21, 0x72, 0x21, 0x4e, 0x21, 0x45, 0x29,
    0x65, 0x29, 0x24, 0x21, 0xcb, 0x5a, 0xbe, 0xf7, 0xdf, 0xff, 0xdf, 0xff, 0x9e, 0xf7, 0xdb, 0xde,
    0xbb, 0xde, 0xdc, 0xde, 0x97, 0xb5, 0x53, 0x8c, 0x94, 0x94, 0x73, 0x8c, 0x39, 0xc6, 0xbf, 0xf7,
    0x7e, 0xf7, 0x9e, 0xf7, 0xfc, 0xe6, 0xbb, 0xd6, 0xbb, 0xde, 0xbb, 0xde, 0xbb, 0xde, 0xbb, 0xde,
    0xbb, 0xde, 0xbb, 0xd6, 0xbb, 0xd6, 0xbb, 0xd6, 0xbb, 0xd6, 0xbb, 0xd6, 0xbb, 0xd6, 0xbb, 0xde,
    0xbb, 0xde, 0xbb, 0xde, 0xbb, 0xde, 0xbb, 0xd6, 0xbb, 0xde, 0xbb, 0xde, 0xbb, 0xde, 0xbb, 0xde,
    0xbb, 0xd6, 0xbb, 0xd6, 0xbb, 0xde, 0xbb, 0xd6, 0xbb, 0xd6, 0xbb, 0xd6, 0xbb, 0xd6, 0xbb, 0xde,
    0xbb, 0xde, 0xbb, 0xde, 0xbb, 0xde, 0xbb, 0xd6, 0xbb, 0xd6, 0xbb, 0xd6, 0xbb, 0xd6, 0x9b, 0xd6,
    0xbb, 0xd6, 0xbb, 0xd6, 0xbb, 0xd6, 0x9b, 0xd6, 0x9b, 0xd6, 0xbb, 0xd6, 0xbb, 0xd6, 0xbb, 0xd6,
    0xbb, 0xd6, 0xbb, 0xd6, 0xbb, 0xd6, 0xbb, 0xd6, 0xbb, 0xd6, 0xbb, 0xd6, 0xbb, 0xd6, 0xbb, 0xd6,
    0xbb, 0xd6, 0xbb, 0xd6, 0xbb, 0xd6, 0xbb, 0xde, 0xbb, 0xde, 0xbb, 0xde, 0xbb, 0xde, 0xbb, 0xde,
    0xbb, 0xd6, 0xbb, 0xd6, 0xbb, 0xd6, 0xbb, 0xd6, 0xbb, 0xd6, 0xbb, 0xd6, 0xbb, 0xd6, 0xbb, 0xd6,
    0x9b, 0xd6, 0xbb, 0xd6, 0xbb, 0xd6, 0xbb, 0xde, 0xbb, 0xde, 0xbb, 0xd6, 0xbb, 0xd6, 0xbb, 0xd6,
    0xbb, 0xd6, 0xbb, 0xd6, 0xbb, 0xd6, 0xbb, 0xd6, 0xbb, 0xd6, 0xbb, 0xde, 0xbb, 0xde, 0xbb, 0xd6,
    0xbb, 0xde, 0xbb, 0xd6, 0xbb, 0xd6, 0xbb, 0xde, 0xbb, 0xde, 0xbb, 0xd6, 0xbb, 0xd6, 0xbb, 0xd6,
    0xbb, 0xd6, 0xbb, 0xde, 0xbb, 0xde, 0xbb, 0xde, 0xbb, 0xde, 0xbb, 0xde, 0xbb, 0xd6, 0xbb, 0xd6,
    0xbb, 0xd6, 0xbb, 0xd6, 0xbb, 0xde, 0xbb, 0xd6, 0xbb, 0xde, 0xbb, 0xde, 0xbb, 0xd6, 0xbb, 0xd6,
    0xbb, 0xd6, 0xbb, 0xd6, 0xbb, 0xd6, 0xbb, 0xd6, 0x9b, 0xd6, 0x9b, 0xd6, 0xbb, 0xd6, 0xbb, 0xd6,
    0xbb, 0xd6, 0xbb, 0xd6, 0xbb, 0xd6, 0xbb, 0xde, 0xbb, 0xd6, 0xbb, 0xd6, 0xbb, 0xd6, 0xbb, 0xd6,
    0xbb, 0xd6, 0x9b, 0xd6, 0x9b, 0xd6, 0x9b, 0xd6, 0xbb, 0xd6, 0xbb, 0xd6, 0xbb, 0xd6, 0xbb, 0xde,
    0xbb, 0xde, 0xbb, 0xde, 0x9b, 0xd6, 0xbb, 0xd6, 0xbb, 0xd6, 0x9b, 0xd6, 0x9b, 0xd6, 0x9b, 0xd6,
    0x9b, 0xd6, 0x9b, 0xd6, 0x9b, 0xd6, 0x9b, 0xd6, 0x9b, 0xd6, 0x9b, 0xd6, 0x9b, 0xd6, 0x9b, 0xd6,
    0x9b, 0xd6, 0x9b, 0xd6, 0xbb, 0xd6, 0xbb, 0xd6, 0xbb, 0xd6, 0xbb, 0xd6, 0xbb, 0xde, 0xbb, 0xd6,
    0xbb, 0xd6, 0x9b, 0xd6, 0x9b, 0xd6, 0xbb, 0xd6, 0xbb, 0xd6, 0xbb, 0xd6, 0xbb, 0xd6, 0xbb, 0xd6,
    0xbb, 0xd6, 0xbb, 0xd6, 0xbb, 0xd6, 0xbb, 0xd6, 0xbb, 0xd6, 0xbb, 0xd6, 0xbb, 0xd6, 0xbb, 0xde,
    0xbb, 0xd6, 0xfc, 0xde, 0x9e, 0xf7, 0x9d, 0xf7, 0xbe, 0xff, 0x39, 0xce, 0x53, 0x8c, 0x94, 0x94,
    0x73, 0x8c, 0x77, 0xad, 0xbb, 0xd6, 0x9b, 0xd6, 0x9b, 0xd6, 0x5d, 0xef, 0xde, 0xff, 0xde, 0xf7,
    0xbe, 0xf7, 0xeb, 0x5a, 0x45, 0x29, 0x86, 0x31, 0x66, 0x29, 0x4f, 0x21, 0x71, 0x21, 0x71, 0x21,
    0x71, 0x21, 0x72, 0x21, 0x4e, 0x21, 0x45, 0x29, 0x65, 0x29, 0x24, 0x21, 0xaa, 0x52, 0xbe, 0xf7,
    0xdf, 0xff, 0xdf, 0xff, 0x9e, 0xf7, 0xdb, 0xde, 0xbb, 0xd6, 0xdc, 0xde, 0x97, 0xb5, 0x53, 0x8c,
    0x94, 0x94, 0x73, 0x8c, 0x39, 0xc6, 0xdf, 0xf7, 0x7e, 0xf7, 0x9e, 0xf7, 0xfc, 0xe6, 0xbb, 0xd6,
    0xbb, 0xde, 0xbb, 0xde, 0xbb, 0xde, 0xbb, 0xde, 0xbb, 0xde, 0xbb, 0xde, 0xbb, 0xd6, 0xbb, 0xd6,
    0xbb, 0xde, 0xbb, 0xde, 0xbb, 0xde, 0xbb, 0xde, 0xbb, 0xde, 0xbb, 0xde, 0xbb, 0xde, 0xbb, 0xde,
    0xbb, 0xde, 0xbb, 0xde, 0xbb, 0xd6, 0xbb, 0xd6, 0xbb, 0xd6, 0xbb, 0xd6, 0xbb, 0xd6, 0x9b, 0xd6,
    0xbb, 0xd6, 0xbb, 0xd6, 0xbb, 0xd6, 0xbb, 0xd6, 0xbb, 0xd6, 0xbb, 0xd6, 0xbb, 0xde, 0xbb, 0xd6,
    0xbb, 0xd6, 0xbb, 0xd6, 0xbb, 0xd6, 0xbb, 0xd6, 0x9b, 0xd6, 0xbb, 0xd6, 0xbb, 0xd6, 0x9b, 0xd6,
    0x9b, 0xd6, 0xbb, 0xd6, 0xbb, 0xd6, 0xbb, 0xd6, 0xbb, 0xd6, 0xbb, 0xde, 0xbb, 0xde, 0xbb, 0xd6,
    0xbb, 0xd6, 0xbb, 0xd6, 0xbb, 0xd6, 0xbb, 0xd6, 0xbb, 0xd6, 0xbb, 0xd6, 0xbb, 0xd6, 0xbb, 0xde,
    0xbb, 0xde, 0xbb, 0xde, 0xbb, 0xde, 0xbb, 0xd6, 0xbb, 0xd6, 0xbb, 0xd6, 0xbb, 0xd6, 0xbb, 0xd6,
    0xbb, 0xd6, 0xbb, 0xd6, 0xbb, 0xd6, 0xbb, 0xd6, 0xbb, 0xd6, 0xbb, 0xd6, 0xbb, 0xd6, 0xbb, 0xd6,
    0xbb, 0xd6, 0xbb, 0xd6, 0xbb, 0xd6, 0xbb, 0xd6, 0xbb, 0xd6, 0xbb, 0xd6, 0xbb, 0xde, 0xbb, 0xde,
    0xbb, 0xd6, 0xbb, 0xd6, 0xbb, 0xd6, 0xbb, 0xd6, 0xbb, 0xde, 0xbb, 0xde, 0xbb, 0xde, 0xbb, 0xd6,
    0xbb, 0xd6, 0xbb, 0xd6, 0xbb, 0xd6, 0xbb, 0xd6, 0xbb, 0xde, 0xbb, 0xde, 0xbb, 0xde, 0xbb, 0xde,
    0xbb, 0xde, 0xbb, 0xde, 0xbb, 0xd6, 0xbb, 0xd6, 0xbb, 0xde, 0xbb, 0xd6, 0xbb, 0xd6, 0xbb, 0xd6,
    0xbb, 0xd6, 0xbb, 0xd6, 0xbb, 0xd6, 0xbb, 0xd6, 0xbb, 0xd6, 0xbb, 0xd6, 0xbb, 0xd6, 0xbb, 0xd6,
    0xbb, 0xd6, 0x9b, 0xd6, 0x9b, 0xd6, 0x9b, 0xd6, 0x9b, 0xd6, 0xbb, 0xd6, 0xbb, 0xd6, 0xbb, 0xd6,
    0xbb, 0xd6, 0xbb, 0xde, 0xbb, 0xde, 0xbb, 0xd6, 0xbb, 0xd6, 0xbb, 0xd6, 0x9b, 0xd6, 0x9b, 0xd6,
    0x9b, 0xd6, 0x9b, 0xd6, 0xbb, 0xd6, 0xbb, 0xd6, 0xbb, 0xd6, 0xbb, 0xd6, 0x9b, 0xd6, 0xbb, 0xd6,
    0xbb, 0xd6, 0xbb, 0xd6, 0xbb, 0xd6, 0xbb, 0xd6, 0xbb, 0xd6, 0x9b, 0xd6, 0x9b, 0xd6, 0x9b, 0xd6,
    0xbb, 0xd6, 0xbb, 0xd6, 0xbb, 0xd6, 0xbb, 0xd6, 0x9b, 0xd6, 0x9b, 0xd6, 0xbb, 0xd6, 0xbb, 0xd6,
    0xbb, 0xd6, 0xbb, 0xde, 0xbb, 0xde, 0xbb, 0xd6, 0x9b, 0xd6, 0x9b, 0xd6, 0x9b, 0xd6, 0x9b, 0xd6,
    0xbb, 0xd6, 0xbb, 0xd6, 0xbb, 0xd6, 0xbb, 0xd6, 0xbb, 0xd6, 0xbb, 0xd6, 0xbb, 0xd6, 0xbb, 0xd6,
    0xbb, 0xd6, 0xbb, 0xd6, 0xbb, 0xde, 0xbb, 0xde, 0x9b, 0xd6, 0xfc, 0xde, 0x9e, 0xf7, 0x9d, 0xf7,
    0xbe, 0xff, 0x39, 0xc6, 0x53, 0x8c, 0x94, 0x94, 0x73, 0x8c, 0x77, 0xad, 0xbb, 0xd6, 0x9b, 0xd6,
    0x9b, 0xd6, 0x5d, 0xef, 0xbe, 0xf7, 0xbe, 0xf7, 0xbe, 0xf7, 0xeb, 0x5a, 0x45, 0x29, 0x86, 0x31,
    0x66, 0x29, 0x4f, 0x21, 0x71, 0x21, 0x71, 0x21, 0x71, 0x21, 0x72, 0x21, 0x4e, 0x21, 0x45, 0x29,
    0x65, 0x29, 0x24, 0x21, 0xaa, 0x52, 0xbe, 0xf7, 0xdf, 0xff, 0xdf, 0xff, 0x9e, 0xf7, 0xdb, 0xde,
    0xbb, 0xd6, 0xdc, 0xde, 0x97, 0xb5, 0x53, 0x8c, 0x94, 0x94, 0x73, 0x8c, 0x39, 0xc6, 0xbf, 0xf7,
    0x9e, 0xf7, 0x9e, 0xf7, 0xfc, 0xe6, 0xbb, 0xde, 0xbb, 0xde, 0xbb, 0xde, 0xbb, 0xde, 0xbb, 0xde,
    0xbb, 0xde, 0xbb, 0xde, 0xbb, 0xd6, 0xbb, 0xd6, 0xbb, 0xd6, 0xbb, 0xde, 0xbb, 0xde, 0xbb, 0xde,
    0xbb, 0xde, 0xbb, 0xde, 0xbb, 0xde, 0xbb, 0xde, 0xbb, 0xde, 0xbb, 0xde, 0xbb, 0xde, 0xbb, 0xde,
    0xbb, 0xde, 0xbb, 0xde, 0xbb, 0xd6, 0x9b, 0xd6, 0xbb, 0xd6, 0xbb, 0xd6, 0xbb, 0xd6, 0xbb, 0xd6,
    0xbb, 0xd6, 0xbb, 0xde, 0xbb, 0xde, 0xbb, 0xde, 0xbb, 0xde, 0xbb, 0xde, 0xbb, 0xd6, 0xbb, 0xd6,
    0xbb, 0xd6, 0xbb, 0xd6, 0xbb, 0xd6, 0xbb, 0xd6, 0xbb, 0xde, 0xbb, 0xde, 0xbb, 0xde, 0xbb, 0xde,
    0xbb, 0xde, 0xbb, 0xd6, 0xbb, 0xde, 0xbb, 0xd6, 0xbb, 0xd6, 0xbb, 0xd6, 0xbb, 0xd6, 0xbb, 0xd6,
    0xbb, 0xd6, 0xbb, 0xde, 0xbb, 0xde, 0xbb, 0xde, 0xbb, 0xde, 0xbb, 0xd6, 0xbb, 0xd6, 0xbb, 0xd6,
    0xbb, 0xd6, 0xbb, 0xd6, 0xbb, 0xd6, 0xbb, 0xd6, 0xbb, 0xd6, 0xbb, 0xd6, 0xbb, 0xd6, 0xbb, 0xd6,
    0xbb, 0xde, 0xbb, 0xd6, 0xbb, 0xd6, 0xbb, 0xd6, 0xbb, 0xd6, 0xbb, 0xde, 0xbb, 0xde, 0xbb, 0xd6,
    0xbb, 0xd6, 0xbb, 0xd6, 0xbb, 0xd6, 0xbb, 0xd6, 0xbb, 0xd6, 0xbb, 0xd6, 0xbb, 0xd6, 0xbb, 0xd6,
    0xbb, 0xd6, 0xbb, 0xde, 0xbb, 0xde, 0xbb, 0xd6, 0xbb, 0xd6, 0xbb, 0xd6, 0xbb, 0xd6, 0xbb, 0xd6,
    0xbb, 0xd6, 0xbb, 0xd6, 0xbb, 0xde, 0xbb, 0xde, 0xbb, 0xde, 0xbb, 0xde, 0xbb, 0xde, 0xbb, 0xde,
    0xbb, 0xde, 0xbb, 0xd6, 0xbb, 0xde, 0xbb, 0xd6, 0xbb, 0xd6, 0xbb, 0xd6, 0xbb, 0xd6, 0xbb, 0xd6,
    0xbb, 0xd6, 0xbb, 0xd6, 0xbb, 0xd6, 0xbb, 0xd6, 0xbb, 0xd6, 0x9b, 0xd6, 0x9b, 0xd6, 0x9b, 0xd6,
    0x9b, 0xd6, 0xbb, 0xd6, 0xbb, 0xd6, 0xbb, 0xd6, 0xbb, 0xde, 0xbb, 0xde, 0xbb, 0xde, 0xbb, 0xde,
    0xbb, 0xd6, 0xbb, 0xd6, 0xbb, 0xd6, 0xbb, 0xd6, 0x9b, 0xd6, 0x9b, 0xd6, 0xbb, 0xd6, 0xbb, 0xd6,
    0xbb, 0xd6, 0xbb, 0xd6, 0xbb, 0xd6, 0xbb, 0xd6, 0xbb, 0xd6, 0xbb, 0xd6, 0xbb, 0xd6, 0xbb, 0xd6,
    0xbb, 0xd6, 0xbb, 0xd6, 0x9b, 0xd6, 0x9b, 0xd6, 0x9b, 0xd6, 0xbb, 0xd6, 0xbb, 0xd6, 0xbb, 0xd6,
    0x9b, 0xd6, 0x9b, 0xd6, 0xbb, 0xd6, 0xbb, 0xd6, 0xbb, 0xd6, 0xbb, 0xde, 0xbb, 0xd6, 0xbb, 0xd6,
    0xbb, 0xd6, 0xbb, 0xd6, 0x9b, 0xd6, 0x9b, 0xd6, 0xbb, 0xd6, 0xbb, 0xd6, 0xbb, 0xd6, 0xbb, 0xd6,
    0xbb, 0xd6, 0xbb, 0xd6, 0xbb, 0xd6, 0xbb, 0xd6, 0xbb, 0xd6, 0xbb, 0xd6, 0xbb, 0xde, 0xbb, 0xde,
    0xbb, 0xd6, 0xfc, 0xde, 0x9e, 0xf7, 0x9d, 0xf7, 0xbf, 0xff, 0x39, 0xc6, 0x53, 0x8c, 0x94, 0x94,
    0x73, 0x8c, 0x77, 0xad, 0xbb, 0xd6, 0x9b, 0xd6, 0x9b, 0xd6, 0x5d, 0xef, 0xbe, 0xf7, 0xbe, 0xf7,
    0xbe, 0xf7, 0xeb, 0x5a, 0x45, 0x29, 0x86, 0x31, 0x66, 0x29, 0x4f, 0x21, 0x71, 0x21, 0x71, 0x21,
    0x71, 0x21, 0x72, 0x21, 0x4e, 0x21, 0x45, 0x29, 0x65, 0x29, 0x24, 0x21, 0xaa, 0x52, 0xbe, 0xf7,
    0xdf, 0xff, 0xdf, 0xff, 0x9e, 0xf7, 0xdb, 0xde, 0xbb, 0xd6, 0xdc, 0xde, 0x97, 0xb5, 0x53, 0x8c,
    0x94, 0x94, 0x73, 0x8c, 0x39, 0xc6, 0xbf, 0xf7, 0x9e, 0xf7, 0x9e, 0xf7, 0xfc, 0xe6, 0xbb, 0xde,
    0xbb, 0xde, 0xbb, 0xde, 0xbb, 0xde, 0xbb, 0xde, 0xbb, 0xde, 0xbb, 0xde, 0xbb, 0xde, 0xbb, 0xde,
    0xbb, 0xd6, 0xbb, 0xd6, 0xbb, 0xde, 0xbb, 0xd6, 0xbb, 0xde, 0xbb, 0xde, 0xbb, 0xde, 0xbb, 0xde,
    0xbb, 0xde, 0xbb, 0xde, 0xbb, 0xde, 0xbb, 0xde, 0xbb, 0xde, 0xbb, 0xde, 0xbb, 0xd6, 0x9b, 0xd6,
    0xbb, 0xd6, 0xbb, 0xd6, 0xbb, 0xd6, 0xbb, 0xd6, 0xbb, 0xd6, 0xbb, 0xde, 0xbb, 0xde, 0xbb, 0xde,
    0xbb, 0xde, 0xbb, 0xde, 0xbb, 0xd6, 0xbb, 0xd6, 0xbb, 0xd6, 0xbb, 0xd6, 0xbb, 0xd6, 0xbb, 0xde,
    0xbb, 0xde, 0xbb, 0xde, 0xbb, 0xde, 0xbb, 0xde, 0xbb, 0xde, 0xbb, 0xde, 0xbb, 0xde, 0xbb, 0xd6,
    0xbb, 0xd6, 0xbb, 0xd6, 0xbb, 0xd6, 0xbb, 0xd6, 0xbb, 0xd6, 0xbb, 0xde, 0xbb, 0xde, 0xbb, 0xde,
    0xbb, 0xd6, 0xbb, 0xd6, 0xbb, 0xd6, 0xbb, 0xd6, 0xbb, 0xd6, 0xbb, 0xd6, 0xbb, 0xd6, 0xbb, 0xd6,
    0xbb, 0xd6, 0xbb, 0xd6, 0xbb, 0xde, 0xbb, 0xde, 0xbb, 0xde, 0xbb, 0xd6, 0xbb, 0xd6, 0xbb, 0xd6,
    0xbb, 0xd6, 0xbb, 0xde, 0xbb, 0xde, 0xbb, 0xde, 0xbb, 0xde, 0xbb, 0xde, 0xbb, 0xd6, 0xbb, 0xd6,
    0xbb, 0xd6, 0xbb, 0xd6, 0xbb, 0xde, 0xbb, 0xd6, 0xbb, 0xd6, 0xbb, 0xd6, 0xbb, 0xd6, 0xbb, 0xde,
    0xbb, 0xd6, 0xbb, 0xd6, 0xbb, 0xd6, 0xbb, 0xd6, 0xbb, 0xd6, 0xbb, 0xd6, 0xbb, 0xde, 0xbb, 0xde,
    0xbb, 0xde, 0xbb, 0xde, 0xbb, 0xde, 0xbb, 0xde, 0xbb, 0xde, 0xbb, 0xde, 0xbb, 0xde, 0xbb, 0xd6,
    0xbb, 0xd6, 0xbb, 0xd6, 0xbb, 0xd6, 0xbb, 0xd6, 0xbb, 0xd6, 0xbb, 0xd6, 0xbb, 0xd6, 0xbb, 0xd6,
    0xbb, 0xd6, 0xbb, 0xd6, 0xbb, 0xd6, 0xbb, 0xd6, 0xbb, 0xd6, 0xbb, 0xd6, 0xbb, 0xd6, 0xbb, 0xde,
    0xbb, 0xde, 0xbb, 0xde, 0xbb, 0xde, 0xbb, 0xd6, 0xbb, 0xd6, 0xbb, 0xd6, 0xbb, 0xd6, 0xbb, 0xd6,
    0x9b, 0xd6, 0x9b, 0xd6, 0x9b, 0xd6, 0xbb, 0xd6, 0xbb, 0xd6, 0xbb, 0xde, 0xbb, 0xde, 0xbb, 0xd6,
    0x9b, 0xd6, 0xbb, 0xd6, 0xbb, 0xd6, 0xbb, 0xd6, 0xbb, 0xd6, 0xbb, 0xd6, 0x9b, 0xd6, 0x9b, 0xd6,
    0x9b, 0xd6, 0xbb, 0xd6, 0xbb, 0xd6, 0xbb, 0xd6, 0x9b, 0xd6, 0x9b, 0xd6, 0xbb, 0xd6, 0xbb, 0xd6,
    0xbb, 0xd6, 0xbb, 0xd6, 0xbb, 0xd6, 0xbb, 0xd6, 0xbb, 0xd6, 0xbb, 0xd6, 0x9b, 0xd6, 0x9b, 0xd6,
    0xbb, 0xd6, 0xbb, 0xd6, 0xbb, 0xd6, 0xbb, 0xd6, 0xbb, 0xd6, 0xbb, 0xd6, 0xbb, 0xd6, 0xbb, 0xd6,
    0xbb, 0xd6, 0xbb, 0xd6, 0xbb, 0xd6, 0xbb, 0xde, 0xbb, 0xd6, 0xfc, 0xde, 0x9e, 0xf7, 0x9d, 0xf7,
    0xbf, 0xff, 0x39, 0xc6, 0x53, 0x8c, 0x94, 0x94, 0x73, 0x8c, 0x97, 0xb5, 0xbb, 0xd6, 0x9b, 0xd6,
    0x9b, 0xd6, 0x5d, 0xef, 0xbe, 0xf7, 0xbe, 0xf7, 0x9e, 0xf7, 0xcb, 0x5a, 0x45, 0x29, 0x86, 0x31,
    0x66, 0x29, 0x4f, 0x21, 0x71, 0x21, 0x71, 0x21, 0x71, 0x21, 0x72, 0x21, 0x4e, 0x21, 0x65, 0x29,
    0x65, 0x29, 0x24, 0x21, 0xaa, 0x52, 0xbe, 0xf7, 0xdf, 0xff, 0xdf, 0xff, 0x9e, 0xf7, 0xbb, 0xde,
    0xbb, 0xd6, 0xdc, 0xde, 0x97, 0xb5, 0x53, 0x8c, 0x94, 0x94, 0x52, 0x8c, 0x39, 0xc6, 0xbf, 0xf7,
    0x7e, 0xf7, 0x9e, 0xf7, 0xfc, 0xe6, 0xbb, 0xd6, 0xbb, 0xde, 0xbb, 0xde, 0xbb, 0xde, 0xbb, 0xde,
    0xbb, 0xde, 0xbb, 0xde, 0xbb, 0xde, 0xbb, 0xde, 0xbb, 0xd6, 0xbb, 0xd6, 0xbb, 0xd6, 0xbb, 0xde,
    0xbb, 0xde, 0xbb, 0xde, 0xbb, 0xde, 0xbb, 0xde, 0xbb, 0xde, 0xbb, 0xde, 0xbb, 0xde, 0xbb, 0xde,
    0xbb, 0xde, 0xbb, 0xde, 0xbb, 0xd6, 0xbb, 0xd6, 0xbb, 0xd6, 0xbb, 0xde, 0xbb, 0xd6, 0xbb, 0xd6,
    0xbb, 0xd6, 0xbb, 0xde, 0xbb, 0xde, 0xbb, 0xd6, 0xbb, 0xde, 0xbb, 0xde, 0xbb, 0xde, 0xbb, 0xd6,
    0xbb, 0xd6, 0xbb, 0xde, 0xbb, 0xde, 0xbb, 0xde, 0xbb, 0xde, 0xbb, 0xde, 0xbb, 0xde, 0xbb, 0xde,
    0xbb, 0xde, 0xbb, 0xde, 0xbb, 0xd6, 0xbb, 0xd6, 0xbb, 0xd6, 0xbb, 0xd6, 0xbb, 0xd6, 0xbb, 0xde,
    0xbb, 0xde, 0xbb, 0xde, 0xbb, 0xde, 0xbb, 0xde, 0xbb, 0xde, 0xbb, 0xd6, 0xbb, 0xd6, 0xbb, 0xd6,
    0x9b, 0xd6, 0x9b, 0xd6, 0xbb, 0xd6, 0xbb, 0xd6, 0xbb, 0xd6, 0xbb, 0xde, 0xbb, 0xde, 0xbb, 0xde,
    0xbb, 0xde, 0xbb, 0xde, 0xbb, 0xd6, 0xbb, 0xde, 0xbb, 0xde, 0xbb, 0xde, 0xbb, 0xde, 0xbb, 0xde,
    0xbb, 0xde, 0xbb, 0xde, 0xbb, 0xde, 0xbb, 0xde, 0xbb, 0xd6, 0xbb, 0xd6, 0xbb, 0xd6, 0xbb, 0xd6,
    0xbb, 0xde, 0xbb, 0xde, 0xbb, 0xde, 0xbb, 0xde, 0xbb, 0xde, 0xbb, 0xde, 0xbb, 0xd6, 0x9b, 0xd6,
    0x9b, 0xd6, 0xbb, 0xd6, 0xbb, 0xde, 0xbb, 0xde, 0xbb, 0xde, 0xbb, 0xde, 0xbb, 0xde, 0xbb, 0xde,
    0xbb, 0xde, 0xbb, 0xd6, 0xbb, 0xd6, 0xbb, 0xd6, 0xbb, 0xd6, 0xbb, 0xd6, 0xbb, 0xd6, 0xbb, 0xd6,
    0xbb, 0xd6, 0xbb, 0xd6, 0xbb, 0xd6, 0xbb, 0xde, 0xbb, 0xd6, 0xbb, 0xd6, 0xbb, 0xd6, 0xbb, 0xde,
    0xbb, 0xd6, 0xbb, 0xde, 0xbb, 0xd6, 0xbb, 0xde, 0xbb, 0xd6, 0xbb, 0xd6, 0xbb, 0xde, 0xbb, 0xde,
    0xbb, 0xd6, 0xbb, 0xd6, 0xbb, 0xd6, 0x9b, 0xd6, 0xbb, 0xd6, 0xbb, 0xd6, 0xbb, 0xd6, 0xbb, 0xd6,
    0xbb, 0xd6, 0xbb, 0xd6, 0xbb, 0xd6, 0xbb, 0xd6, 0x9b, 0xd6, 0x9b, 0xd6, 0xbb, 0xd6, 0xbb, 0xd6,
    0xbb, 0xde, 0xbb, 0xd6, 0xbb, 0xd6, 0xbb, 0xd6, 0x9b, 0xd6, 0xbb, 0xd6, 0xbb, 0xd6, 0xbb, 0xd6,
    0x9b, 0xd6, 0xbb, 0xd6, 0xbb, 0xd6, 0xbb, 0xd6, 0xbb, 0xd6, 0xbb, 0xd6, 0xbb, 0xd6, 0x9b, 0xd6,
    0x9b, 0xd6, 0xbb, 0xd6, 0x9b, 0xd6, 0x9b, 0xd6, 0x9b, 0xd6, 0xbb, 0xd6, 0xbb, 0xd6, 0xbb, 0xd6,
    0xbb, 0xd6, 0xbb, 0xd6, 0xbb, 0xd6, 0xbb, 0xd6, 0xbb, 0xd6, 0xbb, 0xd6, 0xbb, 0xd6, 0xbb, 0xde,
    0xbb, 0xde, 0xfc, 0xde, 0x9e, 0xf7, 0x9d, 0xf7, 0xdf, 0xff, 0x39, 0xc6, 0x53, 0x8c, 0x94, 0x94,
    0x73, 0x8c, 0x77, 0xad, 0xbb, 0xd6, 0xbb, 0xd6, 0x9b, 0xd6, 0x5d, 0xef, 0xbe, 0xf7, 0xbe, 0xf7,
    0x9e, 0xf7, 0xeb, 0x5a, 0x45, 0x29, 0x86, 0x31, 0x66, 0x29, 0x4f, 0x21, 0x71, 0x21, 0x71, 0x21,
    0x71, 0x21, 0x72, 0x21, 0x4e, 0x21, 0x65, 0x29, 0x86, 0x31, 0x45, 0x29, 0xaa, 0x52, 0xbe, 0xf7,
    0xdf, 0xff, 0xdf, 0xff, 0x9e, 0xf7, 0xbb, 0xde, 0xbb, 0xd6, 0xdc, 0xde, 0x97, 0xb5, 0x53, 0x8c,
    0x94, 0x94, 0x73, 0x8c, 0x39, 0xc6, 0xbf, 0xf7, 0x9e, 0xf7, 0x9e, 0xf7, 0xfc, 0xe6, 0xbb, 0xd6,
    0xbb, 0xde, 0xbb, 0xde, 0xbb, 0xde, 0xbb, 0xde, 0xbb, 0xde, 0xbb, 0xde, 0xbb, 0xde, 0xbb, 0xde,
    0xbb, 0xde, 0xbb, 0xd6, 0xbb, 0xd6, 0xbb, 0xde, 0xbb, 0xde, 0xbb, 0xde, 0xbb, 0xde, 0xbb, 0xde,
    0xbb, 0xde, 0xbb, 0xde, 0xbb, 0xde, 0xbb, 0xd6, 0xbb, 0xde, 0xbb, 0xd6, 0xbb, 0xd6, 0xbb, 0xd6,
    0xbb, 0xd6, 0xbb, 0xd6, 0xbb, 0xd6, 0xbb, 0xd6, 0xbb, 0xd6, 0xbb, 0xde, 0xbb, 0xde, 0xbb, 0xd6,
    0xbb, 0xde, 0xbb, 0xde, 0xbb, 0xd6, 0xbb, 0xd6, 0xbb, 0xd6, 0xbb, 0xde, 0xbb, 0xde, 0xbb, 0xde,
    0xbb, 0xde, 0xbb, 0xde, 0xbb, 0xde, 0xbb, 0xde, 0xbb, 0xde, 0xbb, 0xde, 0xbb, 0xd6, 0xbb, 0xd6,
    0xbb, 0xd6, 0xbb, 0xd6, 0xbb, 0xd6, 0xbb, 0xde, 0xbb, 0xde, 0xbb, 0xde, 0xbb, 0xde, 0xbb, 0xde,
    0xbb, 0xd6, 0x9b, 0xd6, 0x9b, 0xd6, 0x9b, 0xd6, 0x9b, 0xd6, 0xbb, 0xd6, 0xbb, 0xd6, 0xbb, 0xd6,
    0xbb, 0xd6, 0xbb, 0xde, 0xbb, 0xde, 0xbb, 0xd6, 0xbb, 0xd6, 0xbb, 0xde, 0xbb, 0xde, 0xbb, 0xde,
    0xbb, 0xde, 0xbb, 0xde, 0xbb, 0xde, 0xbb, 0xde, 0xbb, 0xd6, 0x9b, 0xd6, 0xbb, 0xd6, 0xbb, 0xd6,
    0xbb, 0xd6, 0xbb, 0xd6, 0xbb, 0xd6, 0xbb, 0xd6, 0xbb, 0xde, 0xbb, 0xde, 0xbb, 0xde, 0xbb, 0xde,
    0xbb, 0xde, 0xbb, 0xd6, 0xbb, 0xde, 0xbb, 0xd6, 0x9b, 0xd6, 0x9b, 0xd6, 0xbb, 0xd6, 0xbb, 0xde,
    0xbb, 0xde, 0xbb, 0xde, 0xbb, 0xde, 0xbb, 0xde, 0xbb, 0xde, 0xbb, 0xde, 0xbb, 0xd6, 0x9b, 0xd6,
    0x9b, 0xd6, 0x9b, 0xd6, 0xbb, 0xd6, 0xbb, 0xd6, 0xbb, 0xd6, 0xbb, 0xd6, 0xbb, 0xd6, 0xbb, 0xde,
    0xbb, 0xd6, 0xbb, 0xd6, 0xbb, 0xd6, 0xbb, 0xde, 0xbb, 0xd6, 0xbb, 0xd6, 0xbb, 0xd6, 0xbb, 0xd6,
    0xbb, 0xde, 0xbb, 0xde, 0xbb, 0xde, 0xbb, 0xde, 0xbb, 0xd6, 0xbb, 0xd6, 0xbb, 0xd6, 0xbb, 0xd6,
    0xbb, 0xd6, 0xbb, 0xd6, 0xbb, 0xd6, 0xbb, 0xd6, 0xbb, 0xd6, 0xbb, 0xd6, 0xbb, 0xd6, 0xbb, 0xd6,
    0x9b, 0xd6, 0x9b, 0xd6, 0xbb, 0xd6, 0xbb, 0xd6, 0xbb, 0xde, 0xbb, 0xd6, 0xbb, 0xd6, 0xbb, 0xd6,
    0xbb, 0xd6, 0xbb, 0xd6, 0xbb, 0xd6, 0xbb, 0xd6, 0xbb, 0xd6, 0xbb, 0xd6, 0xbb, 0xde, 0xbb, 0xde,
    0xbb, 0xd6, 0xbb, 0xd6, 0xbb, 0xd6, 0xbb, 0xd6, 0xbb, 0xd6, 0xbb, 0xd6, 0xbb, 0xd6, 0x9b, 0xd6,
    0x9b, 0xd6, 0xbb, 0xd6, 0xbb, 0xd6, 0xbb, 0xd6, 0xbb, 0xd6, 0xbb, 0xd6, 0xbb, 0xd6, 0xbb, 0xd6,
    0xbb, 0xd6, 0xbb, 0xd6, 0xbb, 0xde, 0xbb, 0xde, 0xbb, 0xd6, 0xfc, 0xde, 0x9e, 0xf7, 0x9d, 0xf7,
    0xdf, 0xff, 0x39, 0xc6, 0x53, 0x8c, 0x94, 0x94, 0x73, 0x8c, 0x97, 0xb5, 0xbb, 0xd6, 0xbb, 0xd6,
    0x9b, 0xd6, 0x5d, 0xef, 0xbe, 0xf7, 0xbe, 0xf7, 0x9e, 0xf7, 0xeb, 0x5a, 0x45, 0x29, 0x86, 0x31,
    0x66, 0x29, 0x4f, 0x21, 0x71, 0x21, 0x71, 0x21, 0x71, 0x21, 0x72, 0x21, 0x4e, 0x21, 0x65, 0x29,
    0x86, 0x31, 0x45, 0x29, 0xaa, 0x52, 0xbe, 0xf7, 0xdf, 0xff, 0xdf, 0xff, 0x9e, 0xf7, 0xbb, 0xde,
    0xbb, 0xd6, 0xdc, 0xde, 0x97, 0xb5, 0x53, 0x8c, 0x94, 0x94, 0x73, 0x8c, 0x39, 0xc6, 0xbf, 0xf7,
    0x9e, 0xf7, 0x9e, 0xf7, 0xfc, 0xe6, 0xbb, 0xd6, 0xbb, 0xde, 0xbb, 0xde, 0xbb, 0xde, 0xbb, 0xde,
    0xbb, 0xde, 0xbb, 0xde, 0xbb, 0xde, 0xbb, 0xde, 0xbb, 0xde, 0xbb, 0xde, 0xbb, 0xde, 0xbb, 0xd6,
    0xbb, 0xd6, 0xbb, 0xd6, 0xbb, 0xd6, 0xbb, 0xde, 0xbb, 0xde, 0xbb, 0xde, 0xbb, 0xde, 0xbb, 0xd6,
    0xbb, 0xde, 0xbb, 0xd6, 0xbb, 0xd6, 0xbb, 0xd6, 0xbb, 0xd6, 0xbb, 0xd6, 0xbb, 0xd6, 0xbb, 0xd6,
    0xbb, 0xde, 0xbb, 0xde, 0xbb, 0xde, 0xbb, 0xd6, 0xbb, 0xd6, 0xbb, 0xd6, 0xbb, 0xd6, 0xbb, 0xd6,
    0xbb, 0xd6, 0xbb, 0xde, 0xbb, 0xde, 0xbb, 0xde, 0xbb, 0xde, 0xbb, 0xde, 0xbb, 0xde, 0xbb, 0xde,
    0xbb, 0xd6, 0xbb, 0xd6, 0xbb, 0xd6, 0xbb, 0xd6, 0xbb, 0xde, 0xbb, 0xde, 0xbb, 0xd6, 0xbb, 0xde,
    0xbb, 0xde, 0xbb, 0xde, 0xbb, 0xde, 0xbb, 0xde, 0xbb, 0xd6, 0xbb, 0xd6, 0x9b, 0xd6, 0x9b, 0xd6,
    0xbb, 0xd6, 0xbb, 0xd6, 0xbb, 0xd6, 0xbb, 0xd6, 0xbb, 0xd6, 0xbb, 0xde, 0xbb, 0xde, 0xbb, 0xd6,
    0xbb, 0xde, 0xbb, 0xde, 0xbb, 0xde, 0xbb, 0xd6, 0xbb, 0xd6, 0xbb, 0xd6, 0xbb, 0xd6, 0xbb, 0xde,
    0xbb, 0xd6, 0xbb, 0xd6, 0x9b, 0xd6, 0x9b, 0xd6, 0xbb, 0xd6, 0xbb, 0xd6, 0xbb, 0xd6, 0xbb, 0xd6,
    0xbb, 0xd6, 0xbb, 0xde, 0xbb, 0xde, 0xbb, 0xde, 0xbb, 0xde, 0xbb, 0xde, 0xbb, 0xde, 0xbb, 0xde,
    0xbb, 0xd6, 0x9b, 0xd6, 0xbb, 0xd6, 0xbb, 0xd6, 0xbb, 0xde, 0xbb, 0xde, 0xbb, 0xde, 0xbb, 0xd6,
    0xbb, 0xde, 0xbb, 0xde, 0xbb, 0xd6, 0xbb, 0xd6, 0xbb, 0xd6, 0xbb, 0xd6, 0xbb, 0xd6, 0xbb, 0xd6,
    0xbb, 0xd6, 0xbb, 0xde, 0xbb, 0xd6, 0xbb, 0xde, 0xbb, 0xd6, 0xbb, 0xd6, 0xbb, 0xde, 0xbb, 0xde,
    0xbb, 0xd6, 0xbb, 0xd6, 0xbb, 0xd6, 0xbb, 0xd6, 0xbb, 0xde, 0xbb, 0xde, 0xbb, 0xd6, 0xbb, 0xd6,
    0x9b, 0xd6, 0x9b, 0xd6, 0x9b, 0xd6, 0xbb, 0xd6, 0xbb, 0xd6, 0xbb, 0xd6, 0xbb, 0xd6, 0xbb, 0xd6,
    0xbb, 0xd6, 0xbb, 0xd6, 0xbb, 0xd6, 0xbb, 0xd6, 0xbb, 0xd6, 0xbb, 0xd6, 0xbb, 0xd6, 0xbb, 0xd6,
    0xbb, 0xd6, 0xbb, 0xd6, 0xbb, 0xd6, 0xbb, 0xd6, 0xbb, 0xd6, 0xbb, 0xd6, 0xbb, 0xd6, 0xbb, 0xd6,
    0xbb, 0xd6, 0xbb, 0xd6, 0xbb, 0xd6, 0xbb, 0xd6, 0xbb, 0xd6, 0xbb, 0xd6, 0xbb, 0xd6, 0xbb, 0xd6,
    0xbb, 0xd6, 0xbb, 0xd6, 0xbb, 0xd6, 0x9b, 0xd6, 0x9b, 0xd6, 0xbb, 0xd6, 0xbb, 0xd6, 0xbb, 0xd6,
    0xbb, 0xd6, 0xbb, 0xde, 0xbb, 0xde, 0xbb, 0xde, 0xbb, 0xd6, 0xbb, 0xd6, 0xbb, 0xde, 0xbb, 0xde,
    0xbb, 0xd6, 0xfc, 0xde, 0x9e, 0xf7, 0x9d, 0xf7, 0xdf, 0xff, 0x39, 0xc6, 0x53, 0x8c, 0x94, 0x94,
    0x73, 0x8c, 0x97, 0xb5, 0xbb, 0xd6, 0xbb, 0xd6, 0x9b, 0xd6, 0x5d, 0xef, 0xbe, 0xf7, 0xbe, 0xf7,
    0x9e, 0xf7, 0xeb, 0x5a, 0x45, 0x29, 0x86, 0x31, 0x66, 0x29, 0x4f, 0x21, 0x71, 0x21, 0x71, 0x21,
    0x71, 0x21, 0x72, 0x21, 0x4e, 0x21, 0x65, 0x29, 0x86, 0x31, 0x45, 0x29, 0xaa, 0x52, 0xbe, 0xf7,
    0xdf, 0xff, 0xdf, 0xff, 0x7e, 0xf7, 0xbb, 0xd6, 0xbb, 0xd6, 0xdc, 0xde, 0x97, 0xb5, 0x53, 0x8c,
    0x94, 0x94, 0x72, 0x8c, 0x39, 0xc6, 0xdf, 0xf7, 0x9e, 0xf7, 0x9e, 0xf7, 0xfc, 0xe6, 0xbb, 0xd6,
    0xbb, 0xde, 0xbb, 0xde, 0xbb, 0xde, 0xbb, 0xde, 0xbb, 0xde, 0xbb, 0xde, 0xbb, 0xde, 0xbb, 0xde,
    0xbb, 0xde, 0xbb, 0xde, 0xbb, 0xde, 0xbb, 0xd6, 0xbb, 0xd6, 0xbb, 0xd6, 0xbb, 0xd6, 0xbb, 0xde,
    0xbb, 0xde, 0xbb, 0xde, 0xbb, 0xde, 0xbb, 0xd6, 0xbb, 0xde, 0xbb, 0xd6, 0xbb, 0xd6, 0xbb, 0xd6,
    0xbb, 0xd6, 0xbb, 0xd6, 0xbb, 0xd6, 0xbb, 0xd6, 0xbb, 0xde, 0xbb, 0xde, 0xbb, 0xde, 0xbb, 0xd6,
    0xbb, 0xd6, 0xbb, 0xd6, 0xbb, 0xd6, 0xbb, 0xd6, 0xbb, 0xd6, 0xbb, 0xde, 0xbb, 0xde, 0xbb, 0xde,
    0xbb, 0xde, 0xbb, 0xde, 0xbb, 0xde, 0xbb, 0xde, 0xbb, 0xd6, 0xbb, 0xd6, 0xbb, 0xd6, 0xbb, 0xd6,
    0xbb, 0xde, 0xbb, 0xde, 0xbb, 0xd6, 0xbb, 0xde, 0xbb, 0xde, 0xbb, 0xde, 0xbb, 0xde, 0xbb, 0xd6,
    0xbb, 0xd6, 0xbb, 0xd6, 0xbb, 0xd6, 0xbb, 0xd6, 0xbb, 0xd6, 0xbb, 0xd6, 0xbb, 0xd6, 0xbb, 0xde,
    0xbb, 0xd6, 0xbb, 0xde, 0xbb, 0xde, 0xbb, 0xde, 0xbb, 0xde, 0xbb, 0xde, 0xbb, 0xd6, 0xbb, 0xd6,
    0xbb, 0xd6, 0xbb, 0xd6, 0xbb, 0xd6, 0xbb, 0xd6, 0xbb, 0xd6, 0xbb, 0xd6, 0xbb, 0xd6, 0xbb, 0xd6,
    0x9b, 0xd6, 0xbb, 0xd6, 0xbb, 0xd6, 0xbb, 0xd6, 0xbb, 0xd6, 0xbb, 0xde, 0xbb, 0xde, 0xbb, 0xde,
    0xbb, 0xde, 0xbb, 0xde, 0xbb, 0xde, 0xbb, 0xde, 0xbb, 0xd6, 0x9b, 0xd6, 0xbb, 0xd6, 0xbb, 0xd6,
    0xbb, 0xde, 0xbb, 0xde, 0xbb, 0xde, 0xbb, 0xd6, 0xbb, 0xde, 0xbb, 0xde, 0xbb, 0xd6, 0xbb, 0xd6,
    0xbb, 0xd6, 0xbb, 0xd6, 0xbb, 0xd6, 0xbb, 0xd6, 0xbb, 0xde, 0xbb, 0xde, 0xbb, 0xd6, 0xbb, 0xde,
    0xbb, 0xd6, 0xbb, 0xd6, 0xbb, 0xde, 0xbb, 0xd6, 0xbb, 0xd6, 0x9b, 0xd6, 0x9b, 0xd6, 0xbb, 0xde,
    0xbb, 0xde, 0xbb, 0xde, 0xbb, 0xd6, 0x9b, 0xd6, 0x9b, 0xd6, 0x9b, 0xd6, 0xbb, 0xd6, 0xbb, 0xd6,
    0xbb, 0xd6, 0xbb, 0xd6, 0xbb, 0xd6, 0xbb, 0xde, 0xbb, 0xde, 0xbb, 0xde, 0xbb, 0xd6, 0xbb, 0xd6,
    0xbb, 0xd6, 0xbb, 0xd6, 0xbb, 0xd6, 0xbb, 0xd6, 0xbb, 0xd6, 0xbb, 0xd6, 0xbb, 0xd6, 0xbb, 0xd6,
    0xbb, 0xd6, 0xbb, 0xd6, 0xbb, 0xd6, 0xbb, 0xd6, 0xbb, 0xd6, 0xbb, 0xd6, 0xbb, 0xd6, 0xbb, 0xde,
    0xbb, 0xd6, 0xbb, 0xd6, 0xbb, 0xd6, 0xbb, 0xd6, 0xbb, 0xd6, 0xbb, 0xd6, 0xbb, 0xd6, 0xbb, 0xd6,
    0xbb, 0xd6, 0x9b, 0xd6, 0x9b, 0xd6, 0xbb, 0xd6, 0xbb, 0xde, 0xbb, 0xde, 0xbb, 0xde, 0xbb, 0xde,
    0xbb, 0xd6, 0xbb, 0xd6, 0xbb, 0xde, 0xbb, 0xde, 0xbb, 0xd6, 0xfc, 0xde, 0x9e, 0xf7, 0x9d, 0xf7,
    0xdf, 0xff, 0x39, 0xc6, 0x73, 0x8c, 0x94, 0x94, 0x73, 0x8c, 0x97, 0xb5, 0xbb, 0xd6, 0xbb, 0xd6,
    0x9b, 0xd6, 0x5d, 0xef, 0xbe, 0xf7, 0xbe, 0xf7, 0x9e, 0xf7, 0xeb, 0x5a, 0x45, 0x29, 0x86, 0x31,
    0x66, 0x29, 0x4f, 0x21, 0x71, 0x21, 0x71, 0x21, 0x71, 0x21, 0x72, 0x21, 0x4e, 0x21, 0x65, 0x29,
    0x85, 0x31, 0x45, 0x21, 0xaa, 0x52, 0xbe, 0xf7, 0xdf, 0xff, 0xdf, 0xff, 0x9e, 0xf7, 0xbb, 0xd6,
    0xbb, 0xd6, 0xdc, 0xde, 0x97, 0xb5, 0x53, 0x8c, 0x94, 0x94, 0x73, 0x8c, 0x39, 0xc6, 0xdf, 0xff,
    0x9e, 0xf7, 0x9e, 0xf7, 0xfc, 0xe6, 0xbb, 0xd6, 0xbb, 0xde, 0xbb, 0xde, 0xbb, 0xde, 0xbb, 0xde,
    0xbb, 0xde, 0xbb, 0xde, 0xbb, 0xde, 0xbb, 0xde, 0xbb, 0xde, 0xbb, 0xde, 0xbb, 0xd6, 0xbb, 0xde,
    0xbb, 0xde, 0xbb, 0xde, 0xbb, 0xde, 0xbb, 0xde, 0xbb, 0xde, 0xbb, 0xde, 0xbb, 0xde, 0xbb, 0xde,
    0xbb, 0xde, 0xbb, 0xd6, 0xbb, 0xd6, 0xbb, 0xd6, 0xbb, 0xd6, 0xbb, 0xde, 0xbb, 0xde, 0xbb, 0xde,
    0xbb, 0xd6, 0xbb, 0xde, 0xbb, 0xde, 0xbb, 0xde, 0xbb, 0xd6, 0xbb, 0xd6, 0xbb, 0xde, 0xbb, 0xde,
    0xbb, 0xd6, 0xbb, 0xd6, 0xbb, 0xde, 0xbb, 0xde, 0xbb, 0xde, 0xbb, 0xde, 0xbb, 0xde, 0xbb, 0xd6,
    0xbb, 0xd6, 0xbb, 0xd6, 0xbb, 0xde, 0xbb, 0xde, 0xbb, 0xde, 0xbb, 0xde, 0xbb, 0xde, 0xbb, 0xde,
    0xbb, 0xde, 0xbb, 0xd6, 0xbb, 0xd6, 0xbb, 0xde, 0xbb, 0xd6, 0xbb, 0xd6, 0xbb, 0xd6, 0xbb, 0xd6,
    0xbb, 0xde, 0xbb, 0xde, 0xbb, 0xde, 0xbb, 0xde, 0xbb, 0xde, 0xbb, 0xde, 0xbb, 0xde, 0xbb, 0xde,
    0xbb, 0xde, 0xbb, 0xde, 0xbb, 0xd6, 0xbb, 0xd6, 0xbb, 0xd6, 0xbb, 0xd6, 0xbb, 0xde, 0x9b, 0xd6,
    0x9b, 0xd6, 0xbb, 0xd6, 0xbb, 0xd6, 0x9b, 0xd6, 0x9b, 0xd6, 0xbb, 0xd6, 0xbb, 0xd6, 0xbb, 0xd6,
    0xbb, 0xd6, 0xbb, 0xde, 0xbb, 0xd6, 0xbb, 0xd6, 0xbb, 0xde, 0xbb, 0xde, 0xbb, 0xde, 0xbb, 0xde,
    0xbb, 0xd6, 0xbb, 0xd6, 0xbb, 0xd6, 0xbb, 0xd6, 0xbb, 0xd6, 0xbb, 0xd6, 0xbb, 0xd6, 0xbb, 0xd6,
    0xbb, 0xd6, 0xbb, 0xd6, 0xbb, 0xd6, 0xbb, 0xd6, 0xbb, 0xd6, 0xbb, 0xd6, 0xbb, 0xd6, 0xbb, 0xd6,
    0xbb, 0xd6, 0xbb, 0xde, 0xbb, 0xd6, 0xbb, 0xd6, 0xbb, 0xde, 0xbb, 0xde, 0xbb, 0xde, 0xbb, 0xd6,
    0xbb, 0xd6, 0xbb, 0xd6, 0xbb, 0xd6, 0xbb, 0xd6, 0xbb, 0xd6, 0xbb, 0xd6, 0xbb, 0xd6, 0x9b, 0xd6,
    0x9b, 0xd6, 0xbb, 0xd6, 0xbb, 0xd6, 0xbb, 0xd6, 0xbb, 0xd6, 0xbb, 0xd6, 0xbb, 0xd6, 0xbb, 0xde,
    0xbb, 0xd6, 0xbb, 0xd6, 0xbb, 0xd6, 0xbb, 0xd6, 0xbb, 0xd6, 0xbb, 0xd6, 0xbb, 0xd6, 0xbb, 0xd6,
    0xbb, 0xd6, 0xbb, 0xd6, 0xbb, 0xd6, 0xbb, 0xd6, 0xbb, 0xd6, 0xbb, 0xd6, 0xbb, 0xd6, 0xbb, 0xd6,
    0xbb, 0xd6, 0xbb, 0xd6, 0xbb, 0xd6, 0xbb, 0xde, 0xbb, 0xd6, 0xbb, 0xd6, 0xbb, 0xd6, 0xbb, 0xd6,
    0xbb, 0xd6, 0xbb, 0xd6, 0xbb, 0xde, 0x9b, 0xd6, 0x9b, 0xd6, 0xbb, 0xd6, 0xbb, 0xd6, 0xbb, 0xd6,
    0xbb, 0xd6, 0xbb, 0xd6, 0xbb, 0xd6, 0xbb, 0xd6, 0xbb, 0xde, 0xbb, 0xde, 0xbb, 0xde, 0xbb, 0xde,
    0xbb, 0xd6, 0xfc, 0xde, 0x9e, 0xf7, 0x9d, 0xf7, 0xdf, 0xff, 0x39, 0xc6, 0x73, 0x8c, 0x94, 0x94,
    0x73, 0x8c, 0x97, 0xb5, 0xbb, 0xd6, 0xbb, 0xd6, 0x9b, 0xd6, 0x5d, 0xef, 0xbe, 0xf7, 0xbe, 0xf7,
    0xbe, 0xf7, 0xeb, 0x5a, 0x45, 0x29, 0x86, 0x31, 0x66, 0x29, 0x4f, 0x21, 0x71, 0x21, 0x71, 0x21,
    0x71, 0x21, 0x72, 0x21, 0x4e, 0x21, 0x65, 0x29, 0x85, 0x31, 0x45, 0x29, 0xaa, 0x52, 0xbe, 0xf7,
    0xdf, 0xff, 0xdf, 0xff, 0x9e, 0xf7, 0xbb, 0xde, 0xbb, 0xd6, 0xdb, 0xde, 0x97, 0xb5, 0x53, 0x8c,
    0x94, 0x94, 0x73, 0x8c, 0x39, 0xc6, 0xdf, 0xff, 0x9e, 0xf7, 0x9e, 0xf7, 0xfc, 0xe6, 0xbb, 0xde,
    0xbb, 0xde, 0xbb, 0xde, 0xbb, 0xde, 0xbb, 0xde, 0xbb, 0xde, 0xbb, 0xde, 0xbb, 0xde, 0xbb, 0xde,
    0xbb, 0xde, 0xbb, 0xde, 0xbb, 0xd6, 0xbb, 0xd6, 0xbb, 0xde, 0xbb, 0xde, 0xbb, 0xde, 0xbb, 0xde,
    0xbb, 0xde, 0xbb, 0xde, 0xbb, 0xde, 0xbb, 0xde, 0xbb, 0xd6, 0xbb, 0xd6, 0xbb, 0xd6, 0xbb, 0xd6,
    0xbb, 0xd6, 0xbb, 0xd6, 0xbb, 0xd6, 0xbb, 0xde, 0xbb, 0xde, 0xbb, 0xde, 0xbb, 0xde, 0xbb, 0xd6,
    0xbb, 0xd6, 0xbb, 0xd6, 0xbb, 0xd6, 0xbb, 0xd6, 0xbb, 0xd6, 0xbb, 0xd6, 0xbb, 0xde, 0xbb, 0xde,
    0xbb, 0xde, 0xbb, 0xde, 0xbb, 0xde, 0xbb, 0xde, 0xbb, 0xde, 0xbb, 0xde, 0xbb, 0xde, 0xbb, 0xde,
    0xbb, 0xde, 0xbb, 0xd6, 0xbb, 0xde, 0xbb, 0xde, 0xbb, 0xd6, 0xbb, 0xd6, 0xbb, 0xd6, 0xbb, 0xde,
    0xbb, 0xd6, 0xbb, 0xd6, 0xbb, 0xd6, 0xbb, 0xd6, 0xbb, 0xde, 0xbb, 0xde, 0xbb, 0xde, 0xbb, 0xde,
    0xbb, 0xde, 0xbb, 0xde, 0xbb, 0xde, 0xbb, 0xde, 0xbb, 0xde, 0xbb, 0xde, 0xbb, 0xd6, 0xbb, 0xd6,
    0xbb, 0xd6, 0xbb, 0xd6, 0xbb, 0xd6, 0xbb, 0xd6, 0x9b, 0xd6, 0xbb, 0xd6, 0xbb, 0xd6, 0xbb, 0xde,
    0xbb, 0xde, 0xbb, 0xd6, 0xbb, 0xd6, 0xbb, 0xd6, 0xbb, 0xd6, 0xbb, 0xde, 0xbb, 0xde, 0xbb, 0xde,
    0xbb, 0xde, 0xbb, 0xde, 0xbb, 0xde, 0xbb, 0xde, 0xbb, 0xd6, 0xbb, 0xd6, 0xbb, 0xd6, 0xbb, 0xde,
    0xbb, 0xde, 0xbb, 0xde, 0xbb, 0xde, 0xbb, 0xd6, 0xbb, 0xd6, 0xbb, 0xd6, 0xbb, 0xd6, 0xbb, 0xd6,
    0xbb, 0xd6, 0xbb, 0xd6, 0xbb, 0xd6, 0xbb, 0xd6, 0xbb, 0xd6, 0xbb, 0xd6, 0xbb, 0xde, 0xbb, 0xde,
    0xbb, 0xde, 0xbb, 0xde, 0xbb, 0xde, 0xbb, 0xde, 0xbb, 0xd6, 0xbb, 0xd6, 0xbb, 0xd6, 0xbb, 0xd6,
    0xbb, 0xd6, 0xbb, 0xd6, 0xbb, 0xd6, 0xbb, 0xd6, 0xbb, 0xd6, 0xbb, 0xd6, 0xbb, 0xd6, 0xbb, 0xd6,
    0xbb, 0xd6, 0xbb, 0xd6, 0xbb, 0xd6, 0xbb, 0xd6, 0xbb, 0xd6, 0xbb, 0xd6, 0xbb, 0xd6, 0xbb, 0xd6,
    0xbb, 0xde, 0xbb, 0xde, 0xbb, 0xd6, 0xbb, 0xd6, 0xbb, 0xd6, 0xbb, 0xd6, 0xbb, 0xd6, 0xbb, 0xd6,
    0xbb, 0xd6, 0xbb, 0xd6, 0xbb, 0xd6, 0xbb, 0xd6, 0xbb, 0xd6, 0xbb, 0xd6, 0xbb, 0xd6, 0xbb, 0xd6,
    0xbb, 0xd6, 0xbb, 0xd6, 0xbb, 0xd6, 0xbb, 0xd6, 0xbb, 0xd6, 0xbb, 0xd6, 0xbb, 0xd6, 0x9b, 0xd6,
    0x9b, 0xd6, 0xbb, 0xd6, 0xbb, 0xd6, 0xbb, 0xd6, 0xbb, 0xd6, 0xbb, 0xde, 0xbb, 0xd6, 0xbb, 0xde,
    0xbb, 0xde, 0xbb, 0xde, 0xbb, 0xde, 0xbb, 0xde, 0xbb, 0xd6, 0xfc, 0xde, 0x9e, 0xf7, 0x9d, 0xf7,
    0xdf, 0xff, 0x39, 0xc6, 0x53, 0x8c, 0x94, 0x94, 0x73, 0x8c, 0x97, 0xb5, 0xbb, 0xd6, 0xbb, 0xd6,
    0x9b, 0xd6, 0x5d, 0xef, 0xbe, 0xf7, 0xbe, 0xf7, 0x9e, 0xf7, 0xeb, 0x5a, 0x45, 0x29, 0x86, 0x31,
    0x66, 0x29, 0x4f, 0x21, 0x71, 0x21, 0x71, 0x21, 0x71, 0x21, 0x72, 0x21, 0x4e, 0x21, 0x65, 0x29,
    0x65, 0x29, 0x25, 0x21, 0xaa, 0x52, 0xbe, 0xf7, 0xdf, 0xff, 0xdf, 0xff, 0x7e, 0xf7, 0xbb, 0xd6,
    0xbb, 0xd6, 0xdc, 0xde, 0x97, 0xb5, 0x53, 0x8c, 0x94, 0x94, 0x73, 0x8c, 0x39, 0xc6, 0xdf, 0xff,
    0x9e, 0xf7, 0x9e, 0xf7, 0xfc, 0xe6, 0xbb, 0xde, 0xbb, 0xde, 0xbb, 0xde, 0xbb, 0xde, 0xbb, 0xde,
    0xbb, 0xde, 0xbb, 0xde, 0xbb, 0xde, 0xbb, 0xd6, 0xbb, 0xde, 0xbb, 0xde, 0xbb, 0xd6, 0xbb, 0xd6,
    0xbb, 0xd6, 0xbb, 0xde, 0xbb, 0xde, 0xbb, 0xde, 0xbb, 0xde, 0xbb, 0xde, 0xbb, 0xde, 0xbb, 0xd6,
    0xbb, 0xd6, 0xbb, 0xde, 0xbb, 0xd6, 0xbb, 0xd6, 0xbb, 0xd6, 0xbb, 0xd6, 0xbb, 0xde, 0xbb, 0xde,
    0xbb, 0xde, 0xbb, 0xde, 0xbb, 0xd6, 0xbb, 0xd6, 0xbb, 0xd6, 0xbb, 0xd6, 0xbb, 0xd6, 0xbb, 0xd6,
    0xbb, 0xd6, 0xbb, 0xd6, 0xbb, 0xde, 0xbb, 0xde, 0xbb, 0xde, 0xbb, 0xde, 0xbb, 0xde, 0xbb, 0xde,
    0xbb, 0xde, 0xbb, 0xde, 0xbb, 0xde, 0xbb, 0xde, 0xbb, 0xd6, 0xbb, 0xd6, 0xbb, 0xd6, 0xbb, 0xd6,
    0xbb, 0xd6, 0xbb, 0xd6, 0xbb, 0xd6, 0xbb, 0xde, 0xbb, 0xd6, 0xbb, 0xd6, 0xbb, 0xd6, 0xbb, 0xd6,
    0xbb, 0xde, 0xbb, 0xde, 0xbb, 0xde, 0xbb, 0xde, 0xbb, 0xde, 0xbb, 0xde, 0xbb, 0xde, 0xbb, 0xde,
    0xbb, 0xd6, 0xbb, 0xd6, 0xbb, 0xd6, 0xbb, 0xde, 0xbb, 0xd6, 0xbb, 0xd6, 0xbb, 0xd6, 0xbb, 0xd6,
    0x9b, 0xd6, 0xbb, 0xd6, 0xbb, 0xd6, 0xbb, 0xde, 0xbb, 0xde, 0xbb, 0xde, 0xbb, 0xd6, 0xbb, 0xd6,
    0xbb, 0xde, 0xbb, 0xde, 0xbb, 0xde, 0xbb, 0xde, 0xbb, 0xde, 0xbb, 0xde, 0xbb, 0xde, 0xbb, 0xde,
    0xbb, 0xd6, 0xbb, 0xd6, 0xbb, 0xde, 0xbb, 0xde, 0xbb, 0xde, 0xbb, 0xde, 0xbb, 0xde, 0xbb, 0xd6,
    0xbb, 0xd6, 0xbb, 0xd6, 0xbb, 0xd6, 0xbb, 0xd6, 0xbb, 0xd6, 0xbb, 0xd6, 0xbb, 0xd6, 0xbb, 0xd6,
    0xbb, 0xd6, 0xbb, 0xd6, 0xbb, 0xd6, 0xbb, 0xde, 0xbb, 0xde, 0xbb, 0xde, 0xbb, 0xde, 0xbb, 0xde,
    0xbb, 0xde, 0xbb, 0xde, 0xbb, 0xde, 0xbb, 0xd6, 0xbb, 0xd6, 0xbb, 0xd6, 0xbb, 0xd6, 0xbb, 0xd6,
    0xbb, 0xd6, 0xbb, 0xd6, 0xbb, 0xd6, 0xbb, 0xde, 0xbb, 0xd6, 0xbb, 0xd6, 0xbb, 0xd6, 0xbb, 0xd6,
    0xbb, 0xd6, 0xbb, 0xde, 0xbb, 0xd6, 0xbb, 0xd6, 0xbb, 0xde, 0xbb, 0xde, 0xbb, 0xd6, 0xbb, 0xd6,
    0xbb, 0xd6, 0xbb, 0xd6, 0xbb, 0xd6, 0xbb, 0xd6, 0xbb, 0xd6, 0xbb, 0xd6, 0xbb, 0xd6, 0xbb, 0xd6,
    0xbb, 0xd6, 0xbb, 0xd6, 0xbb, 0xd6, 0xbb, 0xd6, 0xbb, 0xd6, 0xbb, 0xd6, 0xbb, 0xd6, 0xbb, 0xd6,
    0xbb, 0xde, 0xbb, 0xd6, 0xbb, 0xd6, 0x9b, 0xd6, 0x9b, 0xd6, 0xbb, 0xd6, 0xbb, 0xd6, 0xbb, 0xd6,
    0xbb, 0xde, 0xbb, 0xde, 0xbb, 0xde, 0xbb, 0xde, 0xbb, 0xde, 0xbb, 0xde, 0xbb, 0xde, 0xbb, 0xde,
    0xbb, 0xde, 0xfc, 0xde, 0x9e, 0xf7, 0x9d, 0xf7, 0xdf, 0xf7, 0x39, 0xc6, 0x53, 0x8c, 0x94, 0x94,
    0x73, 0x8c, 0x97, 0xb5, 0xbb, 0xd6, 0xbb, 0xd6, 0x9b, 0xd6, 0x5d, 0xef, 0xbe, 0xf7, 0xbe, 0xf7,
    0x9e, 0xf7, 0xeb, 0x5a, 0x45, 0x29, 0x86, 0x31, 0x66, 0x29, 0x4f, 0x21, 0x71, 0x21, 0x71, 0x21,
    0x71, 0x21, 0x72, 0x21, 0x4e, 0x21, 0x45, 0x29, 0x65, 0x29, 0x24, 0x21, 0xaa, 0x52, 0xbe, 0xf7,
    0xdf, 0xff, 0xdf, 0xff, 0x7e, 0xf7, 0xbb, 0xd6, 0xbb, 0xd6, 0xdc, 0xde, 0x97, 0xb5, 0x73, 0x8c,
    0x94, 0x94, 0x73, 0x8c, 0x39, 0xc6, 0xbf, 0xf7, 0x9d, 0xf7, 0x9e, 0xf7, 0x1c, 0xe7, 0xbb, 0xd6,
    0xbb, 0xde, 0xbb, 0xde, 0xbb, 0xde, 0xbb, 0xde, 0xbb, 0xde, 0xbb, 0xde, 0xbb, 0xd6, 0xbb, 0xd6,
    0xbb, 0xde, 0xbb, 0xde, 0xbb, 0xde, 0xbb, 0xd6, 0xbb, 0xd6, 0xbb, 0xd6, 0xbb, 0xd6, 0xbb, 0xd6,
    0xbb, 0xd6, 0xbb, 0xd6, 0xbb, 0xde, 0xbb, 0xde, 0xbb, 0xd6, 0xbb, 0xd6, 0xbb, 0xd6, 0xbb, 0xd6,
    0xbb, 0xd6, 0xbb, 0xde, 0xbb, 0xde, 0xbb, 0xde, 0xbb, 0xd6, 0xbb, 0xd6, 0xbb, 0xd6, 0xbb, 0xd6,
    0xbb, 0xde, 0xbb, 0xd6, 0xbb, 0xd6, 0xbb, 0xd6, 0xbb, 0xd6, 0xbb, 0xd6, 0xbb, 0xde, 0xbb, 0xde,
    0xbb, 0xde, 0xbb, 0xde, 0xbb, 0xde, 0xbb, 0xde, 0xbb, 0xde, 0xbb, 0xde, 0xbb, 0xde, 0xbb, 0xde,
    0xbb, 0xde, 0xbb, 0xde, 0xbb, 0xd6, 0xbb, 0xd6, 0xbb, 0xd6, 0xbb, 0xd6, 0xbb, 0xd6, 0xbb, 0xd6,
    0xbb, 0xd6, 0xbb, 0xd6, 0xbb, 0xde, 0xbb, 0xde, 0xbb, 0xd6, 0xbb, 0xd6, 0xbb, 0xd6, 0xbb, 0xd6,
    0xbb, 0xd6, 0xbb, 0xd6, 0xbb, 0xd6, 0xbb, 0xd6, 0xbb, 0xd6, 0xbb, 0xd6, 0xbb, 0xd6, 0xbb, 0xde,
    0xbb, 0xde, 0xbb, 0xde, 0xbb, 0xde, 0xbb, 0xd6, 0xbb, 0xd6, 0xbb, 0xd6, 0xbb, 0xd6, 0xbb, 0xd6,
    0xbb, 0xd6, 0xbb, 0xd6, 0xbb, 0xd6, 0xbb, 0xd6, 0xbb, 0xde, 0xbb, 0xde, 0xbb, 0xde, 0xbb, 0xde,
    0xbb, 0xde, 0xbb, 0xde, 0xbb, 0xde, 0xbb, 0xd6, 0xbb, 0xd6, 0xbb, 0xd6, 0xbb, 0xde, 0xbb, 0xde,
    0xbb, 0xde, 0xbb, 0xde, 0xbb, 0xde, 0xbb, 0xd6, 0xbb, 0xd6, 0xbb, 0xde, 0xbb, 0xd6, 0xbb, 0xd6,
    0xbb, 0xd6, 0xbb, 0xd6, 0xbb, 0xd6, 0xbb, 0xd6, 0xbb, 0xd6, 0xbb, 0xd6, 0xbb, 0xd6, 0xbb, 0xd6,
    0xbb, 0xd6, 0xbb, 0xd6, 0xbb, 0xd6, 0xbb, 0xd6, 0xbb, 0xd6, 0xbb, 0xde, 0xbb, 0xd6, 0xbb, 0xd6,
    0xbb, 0xd6, 0xbb, 0xd6, 0xbb, 0xd6, 0xbb, 0xd6, 0xbb, 0xd6, 0xbb, 0xd6, 0xbb, 0xd6, 0xbb, 0xd6,
    0xbb, 0xd6, 0xbb, 0xd6, 0xbb, 0xd6, 0xbb, 0xd6, 0xbb, 0xd6, 0xbb, 0xd6, 0xbb, 0xde, 0xbb, 0xd6,
    0xbb, 0xd6, 0xbb, 0xd6, 0xbb, 0xd6, 0xbb, 0xd6, 0xbb, 0xde, 0xbb, 0xde, 0xbb, 0xd6, 0xbb, 0xd6,
    0xbb, 0xd6, 0xbb, 0xd6, 0xbb, 0xd6, 0xbb, 0xd6, 0xbb, 0xd6, 0xbb, 0xd6, 0xbb, 0xd6, 0xbb, 0xd6,
    0xbb, 0xd6, 0xbb, 0xd6, 0xbb, 0xd6, 0xbb, 0xd6, 0xbb, 0xd6, 0xbb, 0xd6, 0xbb, 0xd6, 0xbb, 0xd6,
    0xbb, 0xd6, 0xbb, 0xd6, 0xbb, 0xd6, 0xbb, 0xd6, 0xbb, 0xde, 0xbb, 0xde, 0xbb, 0xde, 0xbb, 0xde,
    0xbb, 0xde, 0xbb, 0xde, 0xbb, 0xde, 0xbb, 0xde, 0xbb, 0xd6, 0xfb, 0xde, 0x9d, 0xf7, 0x9e, 0xf7,
    0xbf, 0xf7, 0x39, 0xc6, 0x72, 0x8c, 0x94, 0x94, 0x73, 0x8c, 0x97, 0xb5, 0xbb, 0xd6, 0xbb, 0xd6,
    0x9b, 0xd6, 0x5d, 0xef, 0xbe, 0xf7, 0xbe, 0xf7, 0x9e, 0xf7, 0xcb, 0x5a, 0x45, 0x29, 0x86, 0x31,
    0x66, 0x29, 0x4f, 0x21, 0x71, 0x21, 0x71, 0x21, 0x71, 0x21, 0x72, 0x21, 0x4e, 0x21, 0x45, 0x29,
    0x65, 0x29, 0x24, 0x21, 0xaa, 0x52, 0xbe, 0xf7, 0xdf, 0xff, 0xdf, 0xff, 0x7e, 0xf7, 0xbb, 0xd6,
    0xbb, 0xd6, 0xdb, 0xde, 0x97, 0xb5, 0x53, 0x8c, 0x94, 0x94, 0x73, 0x8c, 0x5a, 0xce, 0xdf, 0xff,
    0xbe, 0xf7, 0xbe, 0xf7, 0xfc, 0xde, 0xbb, 0xd6, 0xbb, 0xd6, 0xbb, 0xde, 0xbb, 0xde, 0xbb, 0xde,
    0xbb, 0xde, 0xbb, 0xde, 0xbb, 0xd6, 0xbb, 0xd6, 0xbb, 0xde, 0xbb, 0xde, 0xbb, 0xde, 0xbb, 0xd6,
    0xbb, 0xd6, 0xbb, 0xd6, 0xbb, 0xd6, 0xbb, 0xd6, 0xbb, 0xd6, 0xbb, 0xd6, 0xbb, 0xde, 0xbb, 0xde,
    0xbb, 0xd6, 0xbb, 0xd6, 0xbb, 0xd6, 0xbb, 0xd6, 0xbb, 0xd6, 0xbb, 0xde, 0xbb, 0xde, 0xbb, 0xde,
    0xbb, 0xd6, 0xbb, 0xd6, 0xbb, 0xd6, 0xbb, 0xd6, 0xbb, 0xde, 0xbb, 0xd6, 0xbb, 0xd6, 0xbb, 0xd6,
    0xbb, 0xd6, 0xbb, 0xd6, 0xbb, 0xde, 0xbb, 0xde, 0xbb, 0xd6, 0xbb, 0xde, 0xbb, 0xde, 0xbb, 0xde,
    0xbb, 0xde, 0xbb, 0xde, 0xbb, 0xde, 0xbb, 0xd6, 0xbb, 0xd6, 0xbb, 0xd6, 0xbb, 0xd6, 0xbb, 0xd6,
    0xbb, 0xd6, 0xbb, 0xd6, 0xbb, 0xd6, 0xbb, 0xd6, 0xbb, 0xd6, 0xbb, 0xde, 0xbb, 0xde, 0xbb, 0xde,
    0xbb, 0xd6, 0xbb, 0xd6, 0xbb, 0xd6, 0xbb, 0xd6, 0xbb, 0xd6, 0xbb, 0xd6, 0xbb, 0xd6, 0xbb, 0xd6,
    0xbb, 0xd6, 0xbb, 0xd6, 0xbb, 0xd6, 0xbb, 0xde, 0xbb, 0xde, 0xbb, 0xde, 0xbb, 0xde, 0xbb, 0xd6,
    0xbb, 0xd6, 0xbb, 0xd6, 0xbb, 0xd6, 0xbb, 0xd6, 0xbb, 0xd6, 0xbb, 0xd6, 0xbb, 0xd6, 0xbb, 0xd6,
    0xbb, 0xde, 0xbb, 0xde, 0xbb, 0xde, 0xbb, 0xde, 0xbb, 0xde, 0xbb, 0xde, 0xbb, 0xde, 0xbb, 0xd6,
    0xbb, 0xd6, 0xbb, 0xd6, 0xbb, 0xde, 0xbb, 0xde, 0xbb, 0xde, 0xbb, 0xde, 0xbb, 0xde, 0xbb, 0xde,
    0xbb, 0xde, 0xbb, 0xde, 0xbb, 0xd6, 0xbb, 0xd6, 0xbb, 0xd6, 0xbb, 0xd6, 0xbb, 0xd6, 0xbb, 0xd6,
    0xbb, 0xd6, 0xbb, 0xd6, 0xbb, 0xd6, 0xbb, 0xd6, 0xbb, 0xd6, 0xbb, 0xd6, 0xbb, 0xd6, 0xbb, 0xd6,
    0xbb, 0xd6, 0xbb, 0xde, 0xbb, 0xde, 0xbb, 0xd6, 0xbb, 0xd6, 0xbb, 0xd6, 0xbb, 0xd6, 0xbb, 0xd6,
    0xbb, 0xd6, 0xbb, 0xd6, 0xbb, 0xd6, 0xbb, 0xd6, 0xbb, 0xd6, 0xbb, 0xd6, 0xbb, 0xd6, 0xbb, 0xd6,
    0xbb, 0xd6, 0xbb, 0xd6, 0xbb, 0xde, 0xbb, 0xde, 0xbb, 0xd6, 0xbb, 0xd6, 0xbb, 0xd6, 0xbb, 0xde,
    0xbb, 0xde, 0xbb, 0xde, 0xbb, 0xd6, 0xbb, 0xd6, 0xbb, 0xd6, 0xbb, 0xd6, 0xbb, 0xd6, 0xbb, 0xd6,
    0xbb, 0xd6, 0xbb, 0xd6, 0xbb, 0xd6, 0xbb, 0xd6, 0xbb, 0xd6, 0xbb, 0xd6, 0xbb, 0xd6, 0xbb, 0xd6,
    0xbb, 0xd6, 0xbb, 0xd6, 0xbb, 0xd6, 0x9b, 0xd6, 0xbb, 0xd6, 0xbb, 0xd6, 0xbb, 0xd6, 0xbb, 0xd6,
    0xbb, 0xde, 0xbb, 0xde, 0xbb, 0xde, 0xbb, 0xde, 0xbb, 0xde, 0xbb, 0xde, 0xbb, 0xde, 0xbb, 0xde,
    0xbb, 0xd6, 0xfb, 0xde, 0x9e, 0xf7, 0xbe, 0xf7, 0xdf, 0xff, 0x39, 0xc6, 0x73, 0x8c, 0x94, 0x94,
    0x73, 0x94, 0x97, 0xb5, 0xbb, 0xd6, 0xbb, 0xd6, 0x9b, 0xd6, 0x5d, 0xef, 0xbe, 0xf7, 0xbe, 0xf7,
    0x9e, 0xf7, 0xcb, 0x5a, 0x45, 0x29, 0x86, 0x31, 0x66, 0x29, 0x4f, 0x21, 0x71, 0x21, 0x71, 0x21,
    0x71, 0x21, 0x72, 0x21, 0x4e, 0x21, 0x45, 0x29, 0x65, 0x29, 0x24, 0x21, 0xaa, 0x52, 0xbe, 0xf7,
    0xdf, 0xff, 0xdf, 0xff, 0x7e, 0xef, 0xbb, 0xd6, 0x9b, 0xd6, 0xbb, 0xde, 0x97, 0xb5, 0x73, 0x8c,
    0x94, 0x94, 0x93, 0x94, 0x57, 0xad, 0x19, 0xc6, 0xf8, 0xbd, 0xd7, 0xbd, 0xbb, 0xd6, 0x5d, 0xef,
    0x5c, 0xef, 0x3c, 0xe7, 0xdb, 0xde, 0xbb, 0xd6, 0xbb, 0xde, 0xbb, 0xde, 0xbb, 0xde, 0xbb, 0xde,
    0xbb, 0xde, 0xbb, 0xde, 0xbb, 0xde, 0xbb, 0xd6, 0xbb, 0xd6, 0xbb, 0xd6, 0xbb, 0xd6, 0xbb, 0xd6,
    0xbb, 0xd6, 0xbb, 0xd6, 0xbb, 0xde, 0xbb, 0xde, 0xbb, 0xde, 0xbb, 0xde, 0xbb, 0xde, 0xbb, 0xde,
    0xbb, 0xde, 0xbb, 0xde, 0xbb, 0xde, 0xbb, 0xde, 0xbb, 0xd6, 0xbb, 0xde, 0xbb, 0xde, 0xbb, 0xde,
    0xbb, 0xde, 0xbb, 0xde, 0xbb, 0xde, 0xbb, 0xde, 0xbb, 0xde, 0xbb, 0xde, 0xbb, 0xde, 0xbb, 0xde,
    0xbb, 0xde, 0xbb, 0xde, 0xbb, 0xde, 0xbb, 0xde, 0xbb, 0xde, 0xbb, 0xde, 0xbb, 0xde, 0xbb, 0xd6,
    0xbb, 0xd6, 0xbb, 0xd6, 0xbb, 0xde, 0xbb, 0xde, 0xbb, 0xde, 0xbb, 0xde, 0xbb, 0xd6, 0xbb, 0xd6,
    0xbb, 0xd6, 0xbb, 0xde, 0xbb, 0xde, 0xbb, 0xde, 0xbb, 0xde, 0xbb, 0xde, 0xbb, 0xde, 0xbb, 0xde,
    0xbb, 0xd6, 0xbb, 0xd6, 0xbb, 0xd6, 0xbb, 0xd6, 0xbb, 0xde, 0xbb, 0xde, 0xbb, 0xde, 0xbb, 0xde,
    0xbb, 0xde, 0xbb, 0xde, 0xbb, 0xde, 0xbb, 0xd6, 0xbb, 0xd6, 0xbb, 0xd6, 0xbb, 0xd6, 0xbb, 0xd6,
    0xbb, 0xd6, 0xbb, 0xd6, 0xbb, 0xd6, 0xbb, 0xd6, 0xbb, 0xde, 0xbb, 0xde, 0xbb, 0xde, 0xbb, 0xde,
    0xbb, 0xde, 0xbb, 0xde, 0xbb, 0xde, 0xbb, 0xd6, 0xbb, 0xd6, 0xbb, 0xd6, 0xbb, 0xde, 0xbb, 0xde,
    0xbb, 0xde, 0xbb, 0xde, 0xbb, 0xde, 0xbb, 0xde, 0xbb, 0xde, 0xbb, 0xde, 0xbb, 0xde, 0xbb, 0xd6,
    0xbb, 0xd6, 0xbb, 0xd6, 0xbb, 0xd6, 0xbb, 0xd6, 0xbb, 0xd6, 0xbb, 0xd6, 0xbb, 0xd6, 0xbb, 0xd6,
    0xbb, 0xd6, 0xbb, 0xd6, 0xbb, 0xd6, 0xbb, 0xd6, 0xbb, 0xd6, 0xbb, 0xde, 0xbb, 0xde, 0xbb, 0xde,
    0xbb, 0xde, 0xbb, 0xde, 0xbb, 0xde, 0xbb, 0xde, 0xbb, 0xd6, 0xbb, 0xd6, 0xbb, 0xd6, 0xbb, 0xd6,
    0xbb, 0xd6, 0xbb, 0xd6, 0xbb, 0xd6, 0xbb, 0xd6, 0xbb, 0xd6, 0xbb, 0xd6, 0xbb, 0xde, 0xbb, 0xde,
    0xbb, 0xde, 0xbb, 0xde, 0xbb, 0xde, 0xbb, 0xde, 0xbb, 0xde, 0xbb, 0xde, 0xbb, 0xd6, 0xbb, 0xd6,
    0xbb, 0xd6, 0xbb, 0xd6, 0xbb, 0xde, 0xbb, 0xd6, 0xbb, 0xd6, 0xbb, 0xd6, 0xbb, 0xd6, 0xbb, 0xd6,
    0xbb, 0xd6, 0xbb, 0xd6, 0xbb, 0xd6, 0xbb, 0xd6, 0xbb, 0xde, 0xbb, 0xde, 0xbb, 0xde, 0xbb, 0xd6,
    0xbb, 0xd6, 0xbb, 0xde, 0xbb, 0xde, 0xbb, 0xde, 0xbb, 0xde, 0xbb, 0xde, 0xbb, 0xde, 0xbb, 0xde,
    0xbb, 0xde, 0xdb, 0xde, 0x3c, 0xe7, 0x3c, 0xe7, 0x5d, 0xef, 0xdb, 0xde, 0xd7, 0xbd, 0xb7, 0xb5,
    0xd8, 0xbd, 0x56, 0xad, 0x94, 0x94, 0xb4, 0x94, 0x93, 0x94, 0x97, 0xb5, 0xbb, 0xd6, 0x9b, 0xd6,
    0x9b, 0xd6, 0x5d, 0xef, 0xbe, 0xf7, 0xbe, 0xf7, 0x9e, 0xf7, 0xcb, 0x5a, 0x45, 0x29, 0x86, 0x31,
    0x66, 0x29, 0x4f, 0x21, 0x71, 0x21, 0x71, 0x21, 0x71, 0x21, 0x72, 0x21, 0x4e, 0x21, 0x45, 0x29,
    0x65, 0x29, 0x24, 0x21, 0xaa, 0x52, 0xbe, 0xf7, 0xdf, 0xff, 0xdf, 0xff, 0x7e, 0xef, 0xbb, 0xd6,
    0x9b, 0xd6, 0xbb, 0xde, 0x97, 0xb5, 0x73, 0x8c, 0x93, 0x94, 0x93, 0x94, 0x94, 0x94, 0x93, 0x94,
    0x93, 0x94, 0x93, 0x94, 0xbb, 0xd6, 0xdf, 0xff, 0x9d, 0xf7, 0x9d, 0xf7, 0xdb, 0xde, 0x9b, 0xd6,
    0xbb, 0xde, 0xbb, 0xde, 0xbb, 0xde, 0xbb, 0xde, 0xbb, 0xde, 0xbb, 0xde, 0xbb, 0xde, 0xbb, 0xd6,
    0xbb, 0xd6, 0xbb, 0xd6, 0xbb, 0xd6, 0xbb, 0xd6, 0xbb, 0xd6, 0xbb, 0xd6, 0xbb, 0xde, 0xbb, 0xde,
    0xbb, 0xde, 0xbb, 0xde, 0xbb, 0xde, 0xbb, 0xde, 0xbb, 0xde, 0xbb, 0xde, 0xbb, 0xde, 0xbb, 0xde,
    0xbb, 0xd6, 0xbb, 0xde, 0xbb, 0xde, 0xbb, 0xde, 0xbb, 0xde, 0xbb, 0xde, 0xbb, 0xde, 0xbb, 0xde,
    0xbb, 0xde, 0xbb, 0xde, 0xbb, 0xde, 0xbb, 0xde, 0xbb, 0xde, 0xbb, 0xde, 0xbb, 0xde, 0xbb, 0xde,
    0xbb, 0xde, 0xbb, 0xde, 0xbb, 0xde, 0xbb, 0xde, 0xbb, 0xde, 0xbb, 0xde, 0xbb, 0xde, 0xbb, 0xde,
    0xbb, 0xde, 0xbb, 0xde, 0xbb, 0xde, 0xbb, 0xde, 0xbb, 0xde, 0xbb, 0xde, 0xbb, 0xde, 0xbb, 0xde,
    0xbb, 0xde, 0xbb, 0xde, 0xbb, 0xde, 0xbb, 0xde, 0xbb, 0xd6, 0xbb, 0xd6, 0xbb, 0xd6, 0xbb, 0xde,
    0xbb, 0xde, 0xbb, 0xde, 0xbb, 0xde, 0xbb, 0xde, 0xbb, 0xde, 0xbb, 0xde, 0xbb, 0xde, 0xbb, 0xd6,
    0xbb, 0xd6, 0xbb, 0xd6, 0xbb, 0xd6, 0xbb, 0xd6, 0xbb, 0xd6, 0xbb, 0xd6, 0xbb, 0xd6, 0xbb, 0xd6,
    0xbb, 0xde, 0xbb, 0xde, 0xbb, 0xde, 0xbb, 0xde, 0xbb, 0xde, 0xbb, 0xde, 0xbb, 0xde, 0xbb, 0xd6,
    0xbb, 0xd6, 0xbb, 0xd6, 0xbb, 0xde, 0xbb, 0xde, 0xbb, 0xde, 0xbb, 0xde, 0xbb, 0xde, 0xbb, 0xde,
    0xbb, 0xde, 0xbb, 0xde, 0xbb, 0xde, 0xbb, 0xd6, 0xbb, 0xd6, 0xbb, 0xd6, 0xbb, 0xd6, 0xbb, 0xd6,
    0xbb, 0xd6, 0xbb, 0xd6, 0xbb, 0xd6, 0xbb, 0xd6, 0xbb, 0xd6, 0xbb, 0xd6, 0xbb, 0xd6, 0xbb, 0xd6,
    0xbb, 0xd6, 0xbb, 0xde, 0xbb, 0xde, 0xbb, 0xde, 0xbb, 0xde, 0xbb, 0xde, 0xbb, 0xde, 0xbb, 0xde,
    0xbb, 0xd6, 0xbb, 0xd6, 0xbb, 0xd6, 0xbb, 0xd6, 0xbb, 0xd6, 0xbb, 0xd6, 0xbb, 0xd6, 0xbb, 0xd6,
    0xbb, 0xd6, 0xbb, 0xd6, 0xbb, 0xde, 0xbb, 0xde, 0xdb, 0xde, 0xdb, 0xde, 0xbb, 0xde, 0xbb, 0xde,
    0xbb, 0xde, 0xbb, 0xde, 0xbb, 0xde, 0xbb, 0xd6, 0xbb, 0xd6, 0xbb, 0xd6, 0xbb, 0xde, 0xbb, 0xde,
    0xbb, 0xde, 0xbb, 0xde, 0xbb, 0xde, 0xbb, 0xde, 0xbb, 0xd6, 0xbb, 0xd6, 0xbb, 0xd6, 0xbb, 0xd6,
    0xbb, 0xde, 0xbb, 0xde, 0xbb, 0xde, 0xbb, 0xd6, 0xbb, 0xd6, 0xbb, 0xde, 0xbb, 0xde, 0xbb, 0xde,
    0xbb, 0xde, 0xbb, 0xde, 0xbb, 0xde, 0xbb, 0xde, 0xbb, 0xde, 0xfb, 0xde, 0x7e, 0xf7, 0x9e, 0xf7,
    0xbf, 0xf7, 0xdc, 0xde, 0x93, 0x94, 0x52, 0x8c, 0x73, 0x8c, 0x93, 0x94, 0x94, 0x94, 0xb4, 0x94,
    0x93, 0x94, 0x97, 0xb5, 0xbb, 0xd6, 0x9b, 0xd6, 0x9b, 0xd6, 0x5d, 0xef, 0xbe, 0xf7, 0xbe, 0xf7,
    0x9e, 0xf7, 0xcb, 0x5a, 0x45, 0x29, 0x86, 0x31, 0x66, 0x29, 0x4f, 0x21, 0x71, 0x21, 0x71, 0x21,
    0x71, 0x21, 0x72, 0x21, 0x4e, 0x21, 0x45, 0x29, 0x65, 0x29, 0x24, 0x21, 0xaa, 0x52, 0xbe, 0xf7,
    0xdf, 0xff, 0xdf, 0xff, 0x7e, 0xef, 0xbb, 0xd6, 0x9b, 0xd6, 0xbb, 0xde, 0x97, 0xb5, 0x73, 0x94,
    0x93, 0x94, 0x93, 0x94, 0x94, 0x94, 0xb4, 0x94, 0x94, 0x94, 0xb4, 0x94, 0xbb, 0xd6, 0xbf, 0xf7,
    0x9e, 0xf7, 0x9e, 0xf7, 0xfc, 0xde, 0xbb, 0xde, 0xbb, 0xde, 0xbb, 0xde, 0xbb, 0xde, 0xbb, 0xde,
    0xbb, 0xde, 0xbb, 0xde, 0xbb, 0xde, 0xbb, 0xde, 0xbb, 0xd6, 0xbb, 0xde, 0xbb, 0xde, 0xbb, 0xde,
    0xbb, 0xde, 0xbb, 0xde, 0xbb, 0xde, 0xbb, 0xde, 0xbb, 0xde, 0xbb, 0xde, 0xbb, 0xde, 0xbb, 0xde,
    0xbb, 0xde, 0xbb, 0xde, 0xbb, 0xd6, 0xbb, 0xd6, 0xbb, 0xde, 0xbb, 0xde, 0xbb, 0xde, 0xbb, 0xde,
    0xbb, 0xde, 0xbb, 0xde, 0xbb, 0xde, 0xbb, 0xde, 0xbb, 0xde, 0xbb, 0xde, 0xbb, 0xde, 0xbb, 0xde,
    0xbb, 0xde, 0xbb, 0xde, 0xbb, 0xde, 0xbb, 0xde, 0xbb, 0xde, 0xbb, 0xde, 0xbb, 0xde, 0xbb, 0xde,
    0xbb, 0xde, 0xbb, 0xde, 0xbb, 0xde, 0xbb, 0xde, 0xbb, 0xde, 0xbb, 0xde, 0xbb, 0xde, 0xbb, 0xde,
    0xbb, 0xde, 0xbb, 0xde, 0xbb, 0xde, 0xbb, 0xde, 0xbb, 0xde, 0xbb, 0xde, 0xbb, 0xde, 0xbb, 0xde,
    0xbb, 0xde, 0xbb, 0xde, 0xbb, 0xde, 0xbb, 0xde, 0xbb, 0xde, 0xbb, 0xde, 0xbb, 0xde, 0xbb, 0xd6,
    0xbb, 0xde, 0xbb, 0xde, 0xbb, 0xde, 0xbb, 0xde, 0xbb, 0xde, 0xbb, 0xd6, 0xbb, 0xde, 0xbb, 0xde,
    0xbb, 0xde, 0xbb, 0xde, 0xbb, 0xd6, 0xbb, 0xde, 0xbb, 0xde, 0xbb, 0xde, 0xbb, 0xde, 0xbb, 0xde,
    0xbb, 0xde, 0xbb, 0xde, 0xbb, 0xde, 0xbb, 0xde, 0xbb, 0xde, 0xbb, 0xde, 0xbb, 0xde, 0xbb, 0xde,
    0xbb, 0xde, 0xbb, 0xde, 0xbb, 0xde, 0xbb, 0xde, 0xbb, 0xd6, 0xbb, 0xde, 0xbb, 0xde, 0xbb, 0xd6,
    0xbb, 0xd6, 0xbb, 0xd6, 0xbb, 0xd6, 0xbb, 0xd6, 0xbb, 0xd6, 0xbb, 0xd6, 0xbb, 0xd6, 0xbb, 0xd6,
    0xbb, 0xd6, 0xbb, 0xd6, 0xbb, 0xd6, 0xbb, 0xd6, 0xbb, 0xde, 0xbb, 0xde, 0xbb, 0xde, 0xbb, 0xde,
    0xbb, 0xde, 0xbb, 0xde, 0xbb, 0xde, 0xbb, 0xde, 0xbb, 0xde, 0xbb, 0xde, 0xbb, 0xde, 0xbb, 0xde,
    0xbb, 0xd6, 0xbb, 0xd6, 0xbb, 0xd6, 0xbb, 0xd6, 0xbb, 0xd6, 0xbb, 0xde, 0xbb, 0xde, 0xbb, 0xde,
    0xdb, 0xde, 0xdb, 0xde, 0xbb, 0xde, 0xbb, 0xde, 0xbb, 0xde, 0xbb, 0xde, 0xbb, 0xde, 0xbb, 0xde,
    0xbb, 0xde, 0xbb, 0xde, 0xbb, 0xde, 0xbb, 0xde, 0xbb, 0xde, 0xbb, 0xde, 0xbb, 0xde, 0xbb, 0xde,
    0xbb, 0xd6, 0xbb, 0xd6, 0xbb, 0xde, 0xbb, 0xde, 0xbb, 0xde, 0xbb, 0xde, 0xbb, 0xde, 0xbb, 0xde,
    0xbb, 0xde, 0xbb, 0xde, 0xbb, 0xde, 0xbb, 0xde, 0xbb, 0xde, 0xbb, 0xde, 0xdb, 0xde, 0xdb, 0xde,
    0xdb, 0xde, 0xfc, 0xde, 0x7e, 0xf7, 0x7e, 0xf7, 0x9e, 0xf7, 0xdc, 0xde, 0xb4, 0x94, 0x93, 0x94,
    0x94, 0x94, 0xb4, 0x94, 0x94, 0x94, 0x94, 0x94, 0x93, 0x94, 0x97, 0xb5, 0xbb, 0xd6, 0x9a, 0xd6,
    0x9a, 0xd6, 0x5d, 0xef, 0xbe, 0xf7, 0xbe, 0xf7, 0x9e, 0xf7, 0xcb, 0x5a, 0x45, 0x29, 0x85, 0x31,
    0x66, 0x29, 0x4f, 0x21, 0x71, 0x21, 0x71, 0x21, 0x71, 0x21, 0x72, 0x21, 0x4e, 0x21, 0x45, 0x29,
    0x65, 0x29, 0x24, 0x21, 0xaa, 0x52, 0xbe, 0xf7, 0xdf, 0xff, 0xdf, 0xff, 0x7e, 0xef, 0xbb, 0xd6,
    0x9b, 0xd6, 0xbb, 0xde, 0x97, 0xb5, 0x72, 0x8c, 0x73, 0x94, 0x93, 0x94, 0x94, 0x94, 0x94, 0x94,
    0x94, 0x94, 0xb4, 0x94, 0xbb, 0xd6, 0xbf, 0xf7, 0xbf, 0xf7, 0xbf, 0xf7, 0xfb, 0xde, 0xbb, 0xd6,
    0xdb, 0xde, 0xdb, 0xde, 0xdb, 0xde, 0xdb, 0xde, 0xbb, 0xde, 0xbb, 0xde, 0xbb, 0xde, 0xdb, 0xde,
    0xdb, 0xde, 0xdb, 0xde, 0xdb, 0xde, 0xdb, 0xde, 0xdb, 0xde, 0xdb, 0xde, 0xdb, 0xde, 0xdb, 0xde,
    0xdb, 0xde, 0xdb, 0xde, 0xbb, 0xde, 0xbb, 0xde, 0xbb, 0xde, 0xbb, 0xde, 0xbb, 0xde, 0xbb, 0xde,
    0xbb, 0xde, 0xbb, 0xde, 0xbb, 0xde, 0xbb, 0xde, 0xbb, 0xd6, 0xdb, 0xde, 0xdb, 0xde, 0xdb, 0xde,
    0xdb, 0xde, 0xdb, 0xde, 0xdb, 0xde, 0xbb, 0xde, 0xbb, 0xde, 0xbb, 0xde, 0xbb, 0xde, 0xbb, 0xde,
    0xdb, 0xde, 0xdb, 0xde, 0xbb, 0xde, 0xbb, 0xde, 0xbb, 0xde, 0xbb, 0xde, 0xdb, 0xde, 0xdb, 0xde,
    0xdb, 0xde, 0xdb, 0xde, 0xbb, 0xde, 0xbb, 0xde, 0xdb, 0xde, 0xdb, 0xde, 0xdb, 0xde, 0xdb, 0xde,
    0xdb, 0xde, 0xdb, 0xde, 0xdb, 0xde, 0xdb, 0xde, 0xbb, 0xde, 0xbb, 0xde, 0xbb, 0xde, 0xbb, 0xde,
    0xbb, 0xde, 0xbb, 0xde, 0xbb, 0xde, 0xbb, 0xde, 0xbb, 0xde, 0xbb, 0xde, 0xbb, 0xde, 0xbb, 0xde,
    0xbb, 0xde, 0xbb, 0xde, 0xbb, 0xde, 0xbb, 0xde, 0xbb, 0xde, 0xbb, 0xde, 0xbb, 0xde, 0xbb, 0xde,
    0xbb, 0xde, 0xbb, 0xde, 0xdb, 0xde, 0xdb, 0xde, 0xbb, 0xde, 0xbb, 0xde, 0xbb, 0xde, 0xbb, 0xde,
    0xbb, 0xde, 0xbb, 0xde, 0xbb, 0xde, 0xbb, 0xde, 0xdb, 0xde, 0xdb, 0xde, 0xbb, 0xde, 0xbb, 0xde,
    0xbb, 0xde, 0xbb, 0xde, 0xdb, 0xde, 0xbb, 0xde, 0xbb, 0xde, 0xbb, 0xde, 0xbb, 0xd6, 0xbb, 0xd6,
    0xbb, 0xd6, 0xbb, 0xde, 0xdb, 0xde, 0xdb, 0xde, 0xdb, 0xde, 0xdb, 0xde, 0xdb, 0xde, 0xdb, 0xde,
    0xdb, 0xde, 0xdb, 0xde, 0xdb, 0xde, 0xdb, 0xde, 0xdb, 0xde, 0xdb, 0xde, 0xbb, 0xde, 0xbb, 0xde,
    0xdb, 0xde, 0xdb, 0xde, 0xdb, 0xde, 0xdb, 0xde, 0xdb, 0xde, 0xdb, 0xde, 0xdb, 0xde, 0xbb, 0xd6,
    0xbb, 0xd6, 0xbb, 0xd6, 0xdb, 0xde, 0xdb, 0xde, 0xdb, 0xde, 0xdb, 0xde, 0xdb, 0xde, 0xbb, 0xde,
    0xbb, 0xde, 0xbb, 0xde, 0xbb, 0xde, 0xbb, 0xde, 0xbb, 0xde, 0xbb, 0xde, 0xbb, 0xde, 0xbb, 0xde,
    0xbb, 0xde, 0xbb, 0xde, 0xbb, 0xde, 0xbb, 0xde, 0xbb, 0xde, 0xbb, 0xde, 0xbb, 0xde, 0xbb, 0xde,
    0xbb, 0xde, 0xbb, 0xde, 0xbb, 0xde, 0xbb, 0xde, 0xbb, 0xde, 0xbb, 0xde, 0xbb, 0xde, 0xbb, 0xde,
    0xbb, 0xde, 0xbb, 0xde, 0xdb, 0xde, 0xdb, 0xde, 0xdb, 0xde, 0xfc, 0xde, 0x9f, 0xf7, 0xbf, 0xf7,
    0xbf, 0xf7, 0xdc, 0xde, 0xb4, 0x94, 0x94, 0x94, 0xb4, 0x94, 0xb4, 0x94, 0x93, 0x94, 0x93, 0x94,
    0x73, 0x94, 0x97, 0xb5, 0xbb, 0xd6, 0x9b, 0xd6, 0x9b, 0xd6, 0x5d, 0xef, 0xbe, 0xf7, 0xbe, 0xf7,
    0x9e, 0xf7, 0xcb, 0x5a, 0x24, 0x21, 0x85, 0x31, 0x66, 0x29, 0x4f, 0x21, 0x71, 0x21, 0x71, 0x21,
    0x71, 0x21, 0x72, 0x21, 0x4e, 0x21, 0x45, 0x29, 0x65, 0x29, 0x04, 0x21, 0x8a, 0x52, 0xbe, 0xf7,
    0xdf, 0xff, 0xdf, 0xff, 0x7e, 0xef, 0xbb, 0xd6, 0xbb, 0xd6, 0x9b, 0xd6, 0x3a, 0xc6, 0xd8, 0xbd,
    0xf8, 0xbd, 0x19, 0xc6, 0x56, 0xad, 0x73, 0x8c, 0xb4, 0x94, 0xb4, 0x94, 0x56, 0xad, 0x77, 0xad,
    0x97, 0xb5, 0x97, 0xb5, 0xdb, 0xde, 0x7d, 0xef, 0x5d, 0xef, 0x5d, 0xef, 0x5d, 0xef, 0x5d, 0xef,
    0x5d, 0xef, 0x5d, 0xef, 0x5d, 0xef, 0x5d, 0xef, 0x7d, 0xef, 0x7d, 0xef, 0x7d, 0xef, 0x5d, 0xef,
    0x5d, 0xef, 0x5d, 0xef, 0x5d, 0xef, 0x5d, 0xef, 0x5d, 0xef, 0x5d, 0xef, 0x5d, 0xef, 0x5d, 0xef,
    0x5d, 0xef, 0x5d, 0xef, 0x5d, 0xef, 0x5d, 0xef, 0x5d, 0xef, 0x5d, 0xef, 0x5d, 0xef, 0x5d, 0xef,
    0x5d, 0xef, 0x5d, 0xef, 0x5d, 0xef, 0x5d, 0xef, 0x5d, 0xef, 0x5d, 0xef, 0x5d, 0xef, 0x5d, 0xef,
    0x5d, 0xef, 0x5d, 0xef, 0x5d, 0xef, 0x5d, 0xef, 0x5d, 0xef, 0x5d, 0xef, 0x5d, 0xef, 0x5d, 0xef,
    0x5d, 0xef, 0x5d, 0xef, 0x5d, 0xef, 0x5d, 0xef, 0x5d, 0xef, 0x5d, 0xef, 0x5d, 0xef, 0x5d, 0xef,
    0x5d, 0xef, 0x5d, 0xef, 0x5d, 0xef, 0x5d, 0xef, 0x5d, 0xef, 0x5d, 0xef, 0x5d, 0xef, 0x5d, 0xef,
    0x5d, 0xef, 0x5d, 0xef, 0x5d, 0xef, 0x5d, 0xef, 0x5d, 0xef, 0x5d, 0xef, 0x5d, 0xef, 0x5d, 0xef,
    0x5d, 0xef, 0x5d, 0xef, 0x5d, 0xef, 0x5d, 0xef, 0x5d, 0xef, 0x5d, 0xef, 0x5d, 0xef, 0x5d, 0xef,
    0x5d, 0xef, 0x5d, 0xef, 0x5d, 0xef, 0x5d, 0xef, 0x5d, 0xef, 0x5d, 0xef, 0x5d, 0xef, 0x5d, 0xef,
    0x5d, 0xef, 0x5d, 0xef, 0x5d, 0xef, 0x5d, 0xef, 0x5d, 0xef, 0x5d, 0xef, 0x5d, 0xef, 0x5d, 0xef,
    0x5d, 0xef, 0x5d, 0xef, 0x5d, 0xef, 0x5d, 0xef, 0x5d, 0xef, 0x5d, 0xef, 0x5d, 0xef, 0x5d, 0xef,
    0x5d, 0xef, 0x5d, 0xef, 0x5d, 0xef, 0x5d, 0xef, 0x5d, 0xef, 0x5d, 0xef, 0x5d, 0xef, 0x5d, 0xef,
    0x5d, 0xef, 0x7d, 0xef, 0x7d, 0xef, 0x7d, 0xef, 0x5d, 0xef, 0x5d, 0xef, 0x5d, 0xef, 0x5d, 0xef,
    0x5d, 0xef, 0x5d, 0xef, 0x5d, 0xef, 0x5d, 0xef, 0x5d, 0xef, 0x5d, 0xef, 0x5d, 0xef, 0x5d, 0xef,
    0x5d, 0xef, 0x5d, 0xef, 0x5d, 0xef, 0x5d, 0xef, 0x5d, 0xef, 0x5d, 0xef, 0x5d, 0xef, 0x7d, 0xef,
    0x5d, 0xef, 0x5d, 0xef, 0x5d, 0xef, 0x5d, 0xef, 0x5d, 0xef, 0x5d, 0xef, 0x5d, 0xef, 0x5d, 0xef,
    0x5d, 0xef, 0x5d, 0xef, 0x5d, 0xef, 0x5d, 0xef, 0x5d, 0xef, 0x5d, 0xef, 0x5d, 0xef, 0x5d, 0xef,
    0x5d, 0xef, 0x5d, 0xef, 0x5d, 0xef, 0x5d, 0xef, 0x5d, 0xef, 0x5d, 0xef, 0x5d, 0xef, 0x5d, 0xef,
    0x5d, 0xef, 0x5d, 0xef, 0x5d, 0xef, 0x5d, 0xef, 0x5d, 0xef, 0x5d, 0xef, 0x5d, 0xef, 0x5d, 0xef,
    0x5e, 0xef, 0xfc, 0xde, 0x97, 0xb5, 0x97, 0xb5, 0x77, 0xad, 0x56, 0xad, 0xb4, 0x94, 0x94, 0x94,
    0x94, 0x8c, 0x36, 0xa5, 0xf9, 0xbd, 0xf9, 0xbd, 0xf9, 0xbd, 0x5a, 0xce, 0x9b, 0xd6, 0x9b, 0xd6,
    0x9b, 0xd6, 0x5d, 0xef, 0xbe, 0xf7, 0xbe, 0xf7, 0x9e, 0xf7, 0xcb, 0x5a, 0x24, 0x21, 0x65, 0x29,
    0x66, 0x29, 0x4f, 0x21, 0x71, 0x21, 0x71, 0x21, 0x71, 0x21, 0x72, 0x21, 0x4e, 0x21, 0x25, 0x21,
    0x45, 0x29, 0x04, 0x21, 0x8a, 0x52, 0xde, 0xf7, 0xff, 0xff, 0xdf, 0xff, 0x7e, 0xf7, 0x9a, 0xd6,
    0x9b, 0xd6, 0x9b, 0xd6, 0x9b, 0xd6, 0xbb, 0xd6, 0x9b, 0xd6, 0xbb, 0xd6, 0x77, 0xad, 0x73, 0x8c,
    0x94, 0x94, 0x94, 0x94, 0x93, 0x8c, 0x73, 0x8c, 0x73, 0x8c, 0xb3, 0x94, 0xfc, 0xde, 0xbe, 0xf7,
    0x9e, 0xf7, 0x9e, 0xf7, 0x9e, 0xf7, 0x9e, 0xf7, 0x9e, 0xf7, 0x9e, 0xf7, 0x9e, 0xf7, 0x9e, 0xf7,
    0x9e, 0xf7, 0x9e, 0xf7, 0x9e, 0xf7, 0x9e, 0xf7, 0x9e, 0xf7, 0x9e, 0xf7, 0x9e, 0xf7, 0x9e, 0xf7,
    0x9e, 0xf7, 0x9e, 0xf7, 0x9e, 0xf7, 0x9e, 0xf7, 0x9e, 0xf7, 0x9e, 0xf7, 0x9e, 0xf7, 0x9e, 0xf7,
    0x9e, 0xf7, 0x9e, 0xf7, 0x9e, 0xf7, 0x9e, 0xf7, 0x9e, 0xf7, 0x9e, 0xf7, 0x9e, 0xf7, 0x9e, 0xf7,
    0x9e, 0xf7, 0x9e, 0xf7, 0x9e, 0xf7, 0x9e, 0xf7, 0x9e, 0xf7, 0x9e, 0xf7, 0x9e, 0xf7, 0x9e, 0xf7,
    0x9e, 0xf7, 0x9e, 0xf7, 0x9e, 0xf7, 0x9e, 0xf7, 0x9e, 0xf7, 0x9e, 0xf7, 0x9e, 0xf7, 0x9e, 0xf7,
    0x9e, 0xf7, 0x9e, 0xf7, 0x9e, 0xf7, 0x9e, 0xf7, 0x9e, 0xf7, 0x9e, 0xf7, 0x9e, 0xf7, 0x9e, 0xf7,
    0x9e, 0xf7, 0x9e, 0xf7, 0x9e, 0xf7, 0x9e, 0xf7, 0x9e, 0xf7, 0x9e, 0xf7, 0x9e, 0xf7, 0x9e, 0xf7,
    0x9e, 0xf7, 0x9e, 0xf7, 0x9e, 0xf7, 0x9e, 0xf7, 0x9e, 0xf7, 0x9e, 0xf7, 0x9e, 0xf7, 0x9e, 0xf7,
    0x9e, 0xf7, 0x9e, 0xf7, 0x9e, 0xf7, 0x9e, 0xf7, 0x9e, 0xf7, 0x9e, 0xf7, 0x9e, 0xf7, 0x9e, 0xf7,
    0x9e, 0xf7, 0x9e, 0xf7, 0x9e, 0xf7, 0x9e, 0xf7, 0x9e, 0xf7, 0x9e, 0xf7, 0x9e, 0xf7, 0x9e, 0xf7,
    0x9e, 0xf7, 0x9e, 0xf7, 0x9e, 0xf7, 0x9e, 0xf7, 0x9e, 0xf7, 0x9e, 0xf7, 0x9e, 0xf7, 0x9e, 0xf7,
    0x9e, 0xf7, 0x9e, 0xf7, 0x9e, 0xf7, 0x9e, 0xf7, 0x9e, 0xf7, 0x9e, 0xf7, 0x9e, 0xf7, 0x9e, 0xf7,
    0x9e, 0xf7, 0x9e, 0xf7, 0x9e, 0xf7, 0x9e, 0xf7, 0x9e, 0xf7, 0x9e, 0xf7, 0x9e, 0xf7, 0x9e, 0xf7,
    0x9e, 0xf7, 0x9e, 0xf7, 0x9e, 0xf7, 0x9e, 0xf7, 0x9e, 0xf7, 0x9e, 0xf7, 0x9e, 0xf7, 0x9e, 0xf7,
    0x9e, 0xf7, 0x9e, 0xf7, 0x9e, 0xf7, 0x9e, 0xf7, 0x9e, 0xf7, 0x9e, 0xf7, 0x9e, 0xf7, 0x9e, 0xf7,
    0x9e, 0xf7, 0x9e, 0xf7, 0x9e, 0xf7, 0x9e, 0xf7, 0x9e, 0xf7, 0x9e, 0xf7, 0x9e, 0xf7, 0x9e, 0xf7,
    0x9e, 0xf7, 0x9e, 0xf7, 0x9e, 0xf7, 0x9e, 0xf7, 0x9e, 0xf7, 0x9e, 0xf7, 0x9e, 0xf7, 0x9e, 0xf7,
    0x9e, 0xf7, 0x9e, 0xf7, 0x9e, 0xf7, 0x9e, 0xf7, 0x9e, 0xf7, 0x9e, 0xf7, 0x9e, 0xf7, 0x9e, 0xf7,
    0x9e, 0xf7, 0x9e, 0xf7, 0x9e, 0xf7, 0x9e, 0xf7, 0x9e, 0xf7, 0x9e, 0xf7, 0x9e, 0xf7, 0x9e, 0xf7,
    0x9e, 0xf7, 0x9e, 0xf7, 0x9e, 0xf7, 0x9e, 0xf7, 0xbe, 0xf7, 0xfc, 0xde, 0x93, 0x8c, 0x73, 0x8c,
    0x73, 0x8c, 0x93, 0x94, 0x94, 0x94, 0x94, 0x94, 0x53, 0x8c, 0x56, 0xad, 0x9b, 0xd6, 0x9b, 0xd6,
    0xbb, 0xd6, 0x9b, 0xd6, 0x9b, 0xd6, 0x9b, 0xd6, 0x9b, 0xd6, 0x7e, 0xef, 0xdf, 0xff, 0xdf, 0xff,
    0xbe, 0xf7, 0xca, 0x5a, 0x24, 0x21, 0x65, 0x29, 0x65, 0x29, 0x4f, 0x21, 0x71, 0x21, 0x71, 0x21,
    0x71, 0x21, 0x72, 0x21, 0x4e, 0x21, 0x24, 0x21, 0x24, 0x21, 0x04, 0x21, 0x69, 0x4a, 0xdb, 0xde,
    0xfc, 0xde, 0xbb, 0xd6, 0xbb, 0xd6, 0x9b, 0xd6, 0x9b, 0xd6, 0x9b, 0xd6, 0x9a, 0xd6, 0x9a, 0xd6,
    0x9a, 0xd6, 0xbb, 0xd6, 0x77, 0xad, 0x73, 0x94, 0x94, 0x94, 0x94, 0x94, 0x94, 0x94, 0xb4, 0x94,
    0xb4, 0x94, 0xd4, 0x9c, 0xfc, 0xde, 0xbe, 0xf7, 0x9e, 0xf7, 0x9e, 0xf7, 0x9e, 0xf7, 0x9e, 0xf7,
    0x9e, 0xf7, 0x9e, 0xf7, 0x9e, 0xf7, 0x9e, 0xf7, 0x9e, 0xf7, 0x9e, 0xf7, 0x9e, 0xf7, 0x9e, 0xf7,
    0x9e, 0xf7, 0x9e, 0xf7, 0x9e, 0xf7, 0x9e, 0xf7, 0x9e, 0xf7, 0x9e, 0xf7, 0x9e, 0xf7, 0x9e, 0xf7,
    0x9e, 0xf7, 0x9e, 0xf7, 0x9e, 0xf7, 0x9e, 0xf7, 0x9e, 0xf7, 0x9e, 0xf7, 0x9e, 0xf7, 0x9e, 0xf7,
    0x9e, 0xf7, 0x9e, 0xf7, 0x9e, 0xf7, 0x9e, 0xf7, 0x9e, 0xf7, 0x9e, 0xf7, 0x9e, 0xf7, 0x9e, 0xf7,
    0x9e, 0xf7, 0x9e, 0xf7, 0x9e, 0xf7, 0x9e, 0xf7, 0x9e, 0xf7, 0x9e, 0xf7, 0x9e, 0xf7, 0x9e, 0xf7,
    0x9e, 0xf7, 0x9e, 0xf7, 0x9e, 0xf7, 0x9e, 0xf7, 0x9e, 0xf7, 0x9e, 0xf7, 0x9e, 0xf7, 0x9e, 0xf7,
    0x9e, 0xf7, 0x9e, 0xf7, 0x9e, 0xf7, 0x9e, 0xf7, 0x9e, 0xf7, 0x9e, 0xf7, 0x9e, 0xf7, 0x9e, 0xf7,
    0x9e, 0xf7, 0x9e, 0xf7, 0x9e, 0xf7, 0x9e, 0xf7, 0x9e, 0xf7, 0x9e, 0xf7, 0x9e, 0xf7, 0x9e, 0xf7,
    0x9e, 0xf7, 0x9e, 0xf7, 0x9e, 0xf7, 0x9e, 0xf7, 0x9e, 0xf7, 0x9e, 0xf7, 0x9e, 0xf7, 0x9e, 0xf7,
    0x9e, 0xf7, 0x9e, 0xf7, 0x9e, 0xf7, 0x9e, 0xf7, 0x7d, 0xef, 0x9e, 0xf7, 0x9e, 0xf7, 0x9e, 0xf7,
    0x9e, 0xf7, 0x9e, 0xf7, 0x9e, 0xf7, 0x9e, 0xf7, 0x9e, 0xf7, 0x9e, 0xf7, 0x9e, 0xf7, 0x9e, 0xf7,
    0x9e, 0xf7, 0x9e, 0xf7, 0x9e, 0xf7, 0x9e, 0xf7, 0x9e, 0xf7, 0x9e, 0xf7, 0x9e, 0xf7, 0x9e, 0xf7,
    0x9e, 0xf7, 0x9e, 0xf7, 0x9e, 0xf7, 0x9e, 0xf7, 0x9e, 0xf7, 0x9e, 0xf7, 0x9e, 0xf7, 0x9e, 0xf7,
    0x9e, 0xf7, 0x9e, 0xf7, 0x9e, 0xf7, 0x9e, 0xf7, 0x9e, 0xf7, 0x9e, 0xf7, 0x9e, 0xf7, 0x9e, 0xf7,
    0x9e, 0xf7, 0x9e, 0xf7, 0x9e, 0xf7, 0x9e, 0xf7, 0x9e, 0xf7, 0x9e, 0xf7, 0x9e, 0xf7, 0x9e, 0xf7,
    0x9e, 0xf7, 0x9e, 0xf7, 0x9e, 0xf7, 0x9e, 0xf7, 0x9e, 0xf7, 0x9e, 0xf7, 0x9e, 0xf7, 0x9e, 0xf7,
    0x9e, 0xf7, 0x9e, 0xf7, 0x9e, 0xf7, 0x9e, 0xf7, 0x9e, 0xf7, 0x9e, 0xf7, 0x9e, 0xf7, 0x9e, 0xf7,
    0x9e, 0xf7, 0x9e, 0xf7, 0x9e, 0xf7, 0x9e, 0xf7, 0x9e, 0xf7, 0x9e, 0xf7, 0x9e, 0xf7, 0x9e, 0xf7,
    0x9e, 0xf7, 0x9e, 0xf7, 0x9e, 0xf7, 0x9e, 0xf7, 0x9e, 0xf7, 0x9e, 0xf7, 0x9e, 0xf7, 0x9e, 0xf7,
    0x9e, 0xf7, 0x9e, 0xf7, 0x9e, 0xf7, 0x9e, 0xf7, 0x9e, 0xf7, 0x9e, 0xf7, 0x9e, 0xf7, 0x9e, 0xf7,
    0x9e, 0xf7, 0xfc, 0xde, 0xb4, 0x94, 0x94, 0x94, 0xb4, 0x94, 0x94, 0x94, 0x94, 0x94, 0x94, 0x94,
    0x73, 0x94, 0x77, 0xad, 0x9b, 0xd6, 0x7a, 0xce, 0x7a, 0xd6, 0x7a, 0xd6, 0x7b, 0xd6, 0x9b, 0xd6,
    0x9b, 0xd6, 0xbb, 0xde, 0xdb, 0xde, 0xdb, 0xde, 0xbb, 0xd6, 0x8a, 0x52, 0x24, 0x21, 0x65, 0x29,
    0x45, 0x29, 0x4f, 0x21, 0x72, 0x21, 0x71, 0x21, 0x71, 0x21, 0x72, 0x21, 0x4e, 0x21, 0x24, 0x21,
    0x24, 0x21, 0x24, 0x21, 0x08, 0x42, 0xd4, 0x9c, 0xb4, 0x94, 0x93, 0x94, 0x56, 0xad, 0x7b, 0xd6,
    0x9b, 0xd6, 0x9b, 0xd6, 0x9b, 0xd6, 0x9b, 0xd6, 0x9a, 0xd6, 0xbb, 0xd6, 0x97, 0xb5, 0x93, 0x94,
    0x94, 0x94, 0xb4, 0x94, 0xb4, 0x94, 0xb4, 0x94, 0x94, 0x94, 0x94, 0x94, 0xfc, 0xde, 0xdf, 0xf7,
    0x9e, 0xf7, 0xbe, 0xf7, 0xbe, 0xf7, 0xbe, 0xf7, 0xbe, 0xf7, 0xbe, 0xf7, 0xbe, 0xf7, 0xbe, 0xf7,
    0xbe, 0xf7, 0xbe, 0xf7, 0x9e, 0xf7, 0xbe, 0xf7, 0xbe, 0xf7, 0xbe, 0xf7, 0xbe, 0xf7, 0xbe, 0xf7,
    0xbe, 0xf7, 0xbe, 0xf7, 0xbe, 0xf7, 0xbf, 0xf7, 0xbf, 0xf7, 0xbe, 0xf7, 0xbe, 0xf7, 0xbe, 0xf7,
    0xbe, 0xf7, 0xbe, 0xf7, 0xbe, 0xf7, 0xbe, 0xf7, 0xbe, 0xf7, 0xbe, 0xf7, 0xbe, 0xf7, 0xbe, 0xf7,
    0xbe, 0xf7, 0xbe, 0xf7, 0xbe, 0xf7, 0xbe, 0xf7, 0xbe, 0xf7, 0xbe, 0xf7, 0xbe, 0xf7, 0xbe, 0xf7,
    0x9e, 0xf7, 0x9e, 0xf7, 0xbe, 0xf7, 0xbe, 0xf7, 0xbe, 0xf7, 0xbe, 0xf7, 0xbe, 0xf7, 0xbe, 0xf7,
    0xbf, 0xf7, 0xbe, 0xf7, 0xbe, 0xf7, 0xbe, 0xf7, 0xbe, 0xf7, 0xbe, 0xf7, 0xbe, 0xf7, 0xbe, 0xf7,
    0xbe, 0xf7, 0xbe, 0xf7, 0xbe, 0xf7, 0xbe, 0xf7, 0xbe, 0xf7, 0xbe, 0xf7, 0xbe, 0xf7, 0xbe, 0xf7,
    0xbe, 0xf7, 0xbe, 0xf7, 0xbe, 0xf7, 0xbe, 0xf7, 0xbe, 0xf7, 0xbe, 0xf7, 0xbe, 0xf7, 0xbe, 0xf7,
    0xbe, 0xf7, 0xbe, 0xf7, 0xbe, 0xf7, 0xbe, 0xf7, 0xbe, 0xf7, 0x9e, 0xf7, 0x9e, 0xf7, 0x9e, 0xf7,
    0x9e, 0xf7, 0x9e, 0xf7, 0x9e, 0xf7, 0xbe, 0xf7, 0xbe, 0xf7, 0xbe, 0xf7, 0xbe, 0xf7, 0xbe, 0xf7,
    0x9e, 0xf7, 0xbe, 0xf7, 0x9e, 0xf7, 0x9e, 0xf7, 0xbe, 0xf7, 0x9e, 0xf7, 0x9e, 0xf7, 0x9e, 0xf7,
    0xbe, 0xf7, 0xbe, 0xf7, 0xbe, 0xf7, 0xbe, 0xf7, 0xbe, 0xf7, 0xbe, 0xf7, 0xbe, 0xf7, 0xbe, 0xf7,
    0x9e, 0xf7, 0xbe, 0xf7, 0xbe, 0xf7, 0x9e, 0xf7, 0x9e, 0xf7, 0x9e, 0xf7, 0xbe, 0xf7, 0xbe, 0xf7,
    0xbe, 0xf7, 0xbe, 0xf7, 0xbe, 0xf7, 0xbe, 0xf7, 0xbe, 0xf7, 0xbe, 0xf7, 0xbe, 0xf7, 0xbe, 0xf7,
    0x9e, 0xf7, 0xbe, 0xf7, 0xbe, 0xf7, 0xbf, 0xf7, 0xbe, 0xf7, 0xbe, 0xf7, 0xbe, 0xf7, 0xbe, 0xf7,
    0xbe, 0xf7, 0xbe, 0xf7, 0xbe, 0xf7, 0xbe, 0xf7, 0xbe, 0xf7, 0xbe, 0xf7, 0xbe, 0xf7, 0xbe, 0xf7,
    0xbe, 0xf7, 0xbe, 0xf7, 0xbe, 0xf7, 0xbe, 0xf7, 0xbe, 0xf7, 0xbe, 0xf7, 0xbe, 0xf7, 0xbe, 0xf7,
    0x9e, 0xf7, 0xbe, 0xf7, 0xbe, 0xf7, 0xbf, 0xf7, 0xbe, 0xf7, 0xbe, 0xf7, 0xbe, 0xf7, 0xbe, 0xf7,
    0xbe, 0xf7, 0xbe, 0xf7, 0xbe, 0xf7, 0xbe, 0xf7, 0xbe, 0xf7, 0xbe, 0xf7, 0xbe, 0xf7, 0xbe, 0xf7,
    0xbe, 0xf7, 0xbe, 0xf7, 0xbe, 0xf7, 0x9e, 0xf7, 0xbf, 0xf7, 0x1d, 0xe7, 0xd4, 0x9c, 0x94, 0x94,
    0xb4, 0x94, 0x94, 0x94, 0x94, 0x94, 0x93, 0x94, 0x93, 0x94, 0x77, 0xb5, 0x9b, 0xd6, 0x7a, 0xce,
    0x7a, 0xd6, 0x7a, 0xd6, 0x9a, 0xd6, 0x9a, 0xd6, 0x9b, 0xd6, 0x77, 0xad, 0xb4, 0x94, 0xb4, 0x94,
    0xd4, 0x9c, 0x49, 0x4a, 0x45, 0x29, 0x65, 0x29, 0x45, 0x29, 0x4f, 0x21, 0x72, 0x21, 0x71, 0x21,
    0x71, 0x21, 0x72, 0x21, 0x4e, 0x21, 0x24, 0x21, 0x45, 0x29, 0x24, 0x21, 0x08, 0x42, 0xb4, 0x94,
    0xb4, 0x9c, 0xb4, 0x94, 0x77, 0xad, 0x9b, 0xd6, 0x9b, 0xd6, 0x9a, 0xd6, 0x9a, 0xd6, 0x9a, 0xd6,
    0x9a, 0xd6, 0x9b, 0xd6, 0x5a, 0xce, 0xf9, 0xbd, 0xf9, 0xc5, 0xf9, 0xc5, 0x16, 0xa5, 0x94, 0x94,
    0x94, 0x94, 0xb4, 0x94, 0x77, 0xad, 0xb7, 0xb5, 0x97, 0xb5, 0x97, 0xb5, 0x97, 0xb5, 0xb7, 0xb5,
    0xb7, 0xb5, 0xb7, 0xb5, 0xb7, 0xb5, 0x97, 0xb5, 0x97, 0xb5, 0x97, 0xb5, 0x97, 0xb5, 0xb7, 0xb5,
    0xb7, 0xb5, 0x97, 0xb5, 0xb7, 0xb5, 0xb7, 0xb5, 0xb7, 0xb5, 0xb7, 0xb5, 0xb7, 0xb5, 0xb7, 0xb5,
    0xb7, 0xb5, 0xb7, 0xb5, 0xb7, 0xb5, 0xb7, 0xb5, 0xb7, 0xb5, 0xb7, 0xb5, 0xb7, 0xb5, 0xb7, 0xb5,
    0xb7, 0xb5, 0xb7, 0xb5, 0x97, 0xb5, 0x97, 0xb5, 0xb7, 0xb5, 0x97, 0xb5, 0xb7, 0xb5, 0xb7, 0xb5,
    0xb7, 0xb5, 0xb7, 0xb5, 0xb7, 0xb5, 0x97, 0xb5, 0x97, 0xb5, 0x97, 0xb5, 0x97, 0xb5, 0x97, 0xb5,
    0xb7, 0xb5, 0xb7, 0xb5, 0xb7, 0xb5, 0xb7, 0xb5, 0xb7, 0xb5, 0xb7, 0xb5, 0xb7, 0xb5, 0xb7, 0xb5,
    0xb7, 0xb5, 0xb7, 0xb5, 0xb7, 0xb5, 0xb7, 0xb5, 0xb7, 0xb5, 0xb7, 0xb5, 0xb7, 0xb5, 0xb7, 0xb5,
    0xb7, 0xb5, 0xb7, 0xb5, 0xb7, 0xb5, 0xb7, 0xb5, 0xb7, 0xb5, 0x97, 0xb5, 0x97, 0xb5, 0xb7, 0xb5,
    0xb7, 0xb5, 0xb7, 0xb5, 0xb7, 0xb5, 0xb7, 0xb5, 0xb7, 0xb5, 0xb7, 0xb5, 0xb7, 0xb5, 0xb7, 0xb5,
    0xb7, 0xb5, 0xb7, 0xb5, 0xb7, 0xb5, 0x97, 0xb5, 0x97, 0xb5, 0x97, 0xb5, 0xb7, 0xb5, 0xb7, 0xb5,
    0xb7, 0xb5, 0xb7, 0xb5, 0xb7, 0xb5, 0xb7, 0xb5, 0xb7, 0xb5, 0xb7, 0xb5, 0xb7, 0xb5, 0xb7, 0xb5,
    0xb7, 0xb5, 0xb7, 0xb5, 0x97, 0xb5, 0xb7, 0xb5, 0xb7, 0xb5, 0xb7, 0xb5, 0xb7, 0xb5, 0xb7, 0xb5,
    0xb7, 0xb5, 0xb7, 0xb5, 0xb7, 0xb5, 0xb7, 0xb5, 0xb7, 0xb5, 0x97, 0xb5, 0xb7, 0xb5, 0xb7, 0xb5,
    0x97, 0xb5, 0x97, 0xb5, 0xb7, 0xb5, 0xb7, 0xb5, 0xb7, 0xb5, 0xb7, 0xb5, 0xb7, 0xb5, 0xb7, 0xb5,
    0xb7, 0xb5, 0xb7, 0xb5, 0x97, 0xb5, 0x97, 0xb5, 0xb7, 0xb5, 0xb7, 0xb5, 0xb7, 0xb5, 0xb7, 0xb5,
    0x97, 0xb5, 0x97, 0xb5, 0xb7, 0xb5, 0xb7, 0xb5, 0x97, 0xb5, 0x97, 0xb5, 0x97, 0xb5, 0x97, 0xb5,
    0xb7, 0xb5, 0xb7, 0xb5, 0xb7, 0xb5, 0xb7, 0xb5, 0x97, 0xb5, 0x97, 0xb5, 0x97, 0xb5, 0x97, 0xb5,
    0x97, 0xb5, 0x97, 0xb5, 0x97, 0xb5, 0x97, 0xb5, 0x97, 0xb5, 0x97, 0xb5, 0x97, 0xb5, 0xb7, 0xb5,
    0xb7, 0xb5, 0xb7, 0xb5, 0xb7, 0xb5, 0x97, 0xb5, 0xb7, 0xb5, 0x97, 0xb5, 0x97, 0xb5, 0x97, 0xb5,
    0x97, 0xb5, 0x97, 0xb5, 0x97, 0xb5, 0x97, 0xb5, 0x97, 0xb5, 0x97, 0xb5, 0x97, 0xb5, 0xb7, 0xb5,
    0xb7, 0xb5, 0x77, 0xad, 0xb4, 0x94, 0x93, 0x94, 0x94, 0x94, 0xf5, 0x9c, 0xd8, 0xbd, 0xf9, 0xbd,
    0xd8, 0xbd, 0x19, 0xc6, 0x7a, 0xd6, 0x7a, 0xce, 0x7b, 0xce, 0x7a, 0xd6, 0x9a, 0xd6, 0x9a, 0xd6,
    0x9b, 0xd6, 0x56, 0xad, 0x94, 0x94, 0xd5, 0x9c, 0xd4, 0x9c, 0x4a, 0x4a, 0x45, 0x29, 0x65, 0x29,
    0x45, 0x29, 0x4f, 0x21, 0x71, 0x21, 0x71, 0x21, 0x71, 0x21, 0x72, 0x21, 0x4e, 0x21, 0x25, 0x21,
    0x45, 0x29, 0x24, 0x21, 0xe7, 0x39, 0x93, 0x94, 0xd5, 0x9c, 0xb4, 0x94, 0x56, 0xad, 0x9b, 0xd6,
    0x9b, 0xd6, 0x9b, 0xd6, 0x9b, 0xd6, 0x9a, 0xd6, 0x9a, 0xd6, 0x9b, 0xd6, 0x9b, 0xd6, 0xbb, 0xd6,
    0x9b, 0xd6, 0x9b, 0xd6, 0x36, 0xa5, 0x73, 0x8c, 0x94, 0x94, 0x94, 0x94, 0x93, 0x94, 0x93, 0x8c,
    0x73, 0x8c, 0x73, 0x8c, 0x73, 0x8c, 0x73, 0x8c, 0x73, 0x8c, 0x73, 0x8c, 0x73, 0x8c, 0x73, 0x8c,
    0x73, 0x8c, 0x73, 0x8c, 0x73, 0x94, 0x73, 0x94, 0x73, 0x94, 0x73, 0x8c, 0x73, 0x8c, 0x73, 0x8c,
    0x93, 0x94, 0x93, 0x94, 0x93, 0x94, 0x93, 0x94, 0x93, 0x94, 0x93, 0x94, 0x73, 0x94, 0x73, 0x8c,
    0x73, 0x8c, 0x73, 0x94, 0x93, 0x94, 0x94, 0x94, 0x73, 0x94, 0x73, 0x94, 0x73, 0x94, 0x73, 0x94,
    0x73, 0x94, 0x73, 0x8c, 0x73, 0x94, 0x73, 0x94, 0x73, 0x94, 0x73, 0x94, 0x73, 0x94, 0x73, 0x8c,
    0x73, 0x8c, 0x73, 0x8c, 0x73, 0x8c, 0x73, 0x8c, 0x73, 0x8c, 0x73, 0x8c, 0x73, 0x8c, 0x73, 0x94,
    0x93, 0x94, 0x93, 0x94, 0x93, 0x94, 0x93, 0x94, 0x73, 0x94, 0x73, 0x8c, 0x73, 0x8c, 0x73, 0x8c,
    0x73, 0x94, 0x73, 0x94, 0x73, 0x94, 0x73, 0x94, 0x73, 0x94, 0x73, 0x94, 0x73, 0x94, 0x73, 0x94,
    0x73, 0x94, 0x73, 0x94, 0x73, 0x94, 0x73, 0x94, 0x93, 0x94, 0x73, 0x94, 0x73, 0x94, 0x73, 0x8c,
    0x73, 0x8c, 0x73, 0x8c, 0x73, 0x94, 0x73, 0x8c, 0x73, 0x8c, 0x73, 0x8c, 0x73, 0x94, 0x73, 0x94,
    0x73, 0x94, 0x73, 0x94, 0x73, 0x94, 0x73, 0x94, 0x73, 0x94, 0x93, 0x94, 0x93, 0x94, 0x93, 0x94,
    0x93, 0x94, 0x93, 0x94, 0x93, 0x94, 0x93, 0x94, 0x93, 0x94, 0x73, 0x8c, 0x73, 0x8c, 0x73, 0x8c,
    0x73, 0x8c, 0x73, 0x8c, 0x73, 0x8c, 0x73, 0x94, 0x73, 0x94, 0x73, 0x94, 0x73, 0x94, 0x93, 0x94,
    0x93, 0x94, 0x73, 0x94, 0x73, 0x8c, 0x73, 0x94, 0x73, 0x8c, 0x73, 0x8c, 0x73, 0x8c, 0x73, 0x8c,
    0x73, 0x94, 0x93, 0x94, 0x93, 0x94, 0x93, 0x94, 0x73, 0x94, 0x73, 0x8c, 0x73, 0x8c, 0x73, 0x8c,
    0x73, 0x94, 0x73, 0x94, 0x73, 0x94, 0x73, 0x94, 0x73, 0x94, 0x73, 0x94, 0x73, 0x94, 0x73, 0x94,
    0x73, 0x8c, 0x73, 0x94, 0x73, 0x94, 0x73, 0x94, 0x73, 0x94, 0x73, 0x94, 0x73, 0x94, 0x73, 0x94,
    0x73, 0x94, 0x73, 0x8c, 0x73, 0x8c, 0x73, 0x8c, 0x73, 0x8c, 0x73, 0x8c, 0x73, 0x8c, 0x73, 0x8c,
    0x73, 0x8c, 0x73, 0x8c, 0x73, 0x8c, 0x73, 0x8c, 0x73, 0x8c, 0x73, 0x8c, 0x73, 0x8c, 0x73, 0x8c,
    0x73, 0x8c, 0x73, 0x8c, 0x73, 0x8c, 0x73, 0x8c, 0x73, 0x8c, 0x73, 0x94, 0x73, 0x94, 0x73, 0x94,
    0x73, 0x94, 0x73, 0x94, 0x73, 0x94, 0x73, 0x94, 0x93, 0x94, 0x93, 0x94, 0x94, 0x94, 0x94, 0x94,
    0x93, 0x94, 0x15, 0xa5, 0x7b, 0xce, 0x9b, 0xd6, 0x9b, 0xd6, 0x7a, 0xd6, 0x7a, 0xce, 0x7a, 0xce,
    0x7b, 0xd6, 0x7a, 0xd6, 0x9a, 0xd6, 0x7a, 0xce, 0x9b, 0xd6, 0x36, 0xad, 0x94, 0x94, 0xd5, 0x9c,
    0xb4, 0x9c, 0x29, 0x42, 0x45, 0x29, 0x65, 0x29, 0x45, 0x29, 0x4f, 0x21, 0x71, 0x21, 0x71, 0x21,
    0x71, 0x21, 0x72, 0x21, 0x4e, 0x21, 0x25, 0x21, 0x45, 0x29, 0x04, 0x21, 0xc7, 0x31, 0x93, 0x94,
    0xd5, 0x9c, 0xd4, 0x94, 0xf4, 0x9c, 0x56, 0xad, 0x56, 0xad, 0x76, 0xad, 0xf9, 0xbd, 0x9b, 0xd6,
    0x9a, 0xd6, 0x9a, 0xd6, 0x9a, 0xd6, 0x7a, 0xd6, 0x7b, 0xd6, 0x7a, 0xce, 0x35, 0xa5, 0x93, 0x94,
    0x94, 0x94, 0x94, 0x94, 0xb4, 0x94, 0xb4, 0x94, 0x94, 0x94, 0x94, 0x94, 0x94, 0x94, 0x94, 0x94,
    0x94, 0x94, 0x94, 0x94, 0x94, 0x94, 0x94, 0x94, 0x94, 0x94, 0x94, 0x94, 0x94, 0x94, 0x94, 0x94,
    0x94, 0x94, 0x94, 0x94, 0x94, 0x94, 0x94, 0x94, 0xb4, 0x94, 0xb4, 0x94, 0xb4, 0x94, 0xb4, 0x94,
    0xb4, 0x94, 0xb4, 0x94, 0x94, 0x94, 0x94, 0x94, 0x94, 0x94, 0xb4, 0x94, 0xb4, 0x94, 0xb4, 0x94,
    0x94, 0x94, 0x94, 0x94, 0x94, 0x94, 0x94, 0x94, 0x94, 0x94, 0x94, 0x94, 0x94, 0x94, 0x94, 0x94,
    0x94, 0x94, 0x94, 0x94, 0x94, 0x94, 0x94, 0x94, 0x94, 0x94, 0x94, 0x94, 0x94, 0x94, 0x94, 0x94,
    0x94, 0x94, 0x94, 0x94, 0x94, 0x94, 0x94, 0x94, 0xb4, 0x94, 0xb4, 0x94, 0xb4, 0x94, 0xb4, 0x94,
    0xb4, 0x94, 0x94, 0x94, 0x94, 0x94, 0x94, 0x94, 0x94, 0x94, 0x94, 0x94, 0x94, 0x94, 0x94, 0x94,
    0xb4, 0x94, 0xb4, 0x94, 0xb4, 0x94, 0xb4, 0x94, 0xb4, 0x94, 0xb4, 0x94, 0xb4, 0x94, 0xb4, 0x94,
    0xb4, 0x94, 0x94, 0x94, 0x94, 0x94, 0x94, 0x94, 0x94, 0x94, 0x94, 0x94, 0xb4, 0x94, 0x94, 0x94,
    0x94, 0x94, 0x94, 0x94, 0x94, 0x94, 0x94, 0x94, 0x94, 0x94, 0x94, 0x94, 0x94, 0x94, 0xb4, 0x94,
    0xb4, 0x94, 0xb4, 0x94, 0xb4, 0x94, 0xb4, 0x94, 0xb4, 0x94, 0xb4, 0x94, 0xb4, 0x94, 0xb4, 0x94,
    0xb4, 0x94, 0x94, 0x94, 0x94, 0x94, 0x94, 0x94, 0x94, 0x94, 0xb4, 0x94, 0xb4, 0x94, 0xb4, 0x94,
    0xb4, 0x94, 0xb4, 0x94, 0xb4, 0x94, 0xb4, 0x94, 0xb4, 0x94, 0xb4, 0x94, 0xb4, 0x94, 0xb4, 0x94,
    0x94, 0x94, 0x94, 0x94, 0x94, 0x94, 0x94, 0x94, 0x94, 0x94, 0xb4, 0x94, 0xb4, 0x94, 0xb4, 0x94,
    0xb4, 0x94, 0x94, 0x94, 0x94, 0x94, 0x94, 0x94, 0x94, 0x94, 0x94, 0x94, 0x94, 0x94, 0x94, 0x94,
    0x94, 0x94, 0x94, 0x94, 0x94, 0x94, 0xb4, 0x94, 0x94, 0x94, 0x94, 0x94, 0x94, 0x94, 0xb4, 0x94,
    0xb4, 0x94, 0xb4, 0x94, 0x94, 0x94, 0xb4, 0x94, 0x94, 0x94, 0x94, 0x94, 0x94, 0x94, 0x94, 0x94,
    0x94, 0x94, 0x94, 0x94, 0x94, 0x94, 0x94, 0x94, 0x94, 0x94, 0x94, 0x94, 0x94, 0x94, 0x94, 0x94,
    0x94, 0x94, 0x94, 0x94, 0x94, 0x94, 0x94, 0x94, 0x94, 0x94, 0x94, 0x94, 0x94, 0x94, 0x94, 0x94,
    0x94, 0x94, 0x94, 0x94, 0x94, 0x94, 0x94, 0x94, 0x94, 0x94, 0xb4, 0x94, 0xb4, 0x94, 0xb4, 0x94,
    0xb4, 0x94, 0xb4, 0x94, 0xb4, 0x94, 0xb4, 0x94, 0x93, 0x94, 0x35, 0xa5, 0x7a, 0xce, 0x7a, 0xce,
    0x7a, 0xce, 0x7a, 0xce, 0x7a, 0xd6, 0x9a, 0xd6, 0x9b, 0xd6, 0xf8, 0xbd, 0x56, 0xad, 0x56, 0xad,
    0x77, 0xad, 0x15, 0xa5, 0xd4, 0x9c, 0xd5, 0x9c, 0xb4, 0x94, 0xe8, 0x39, 0x25, 0x21, 0x65, 0x29,
    0x45, 0x29, 0x4f, 0x21, 0x71, 0x21, 0x71, 0x21, 0x71, 0x21, 0x72, 0x21, 0x4e, 0x21, 0x24, 0x21,
    0x44, 0x29, 0x03, 0x21, 0xc6, 0x39, 0xb4, 0x94, 0xf5, 0x9c, 0xd4, 0x9c, 0xd5, 0x9c, 0xb4, 0x94,
    0xb4, 0x94, 0xb4, 0x94, 0xb7, 0xb5, 0xbb, 0xd6, 0x9b, 0xd6, 0x9b, 0xd6, 0x9a, 0xd6, 0x9a, 0xd6,
    0x9b, 0xd6, 0x9b, 0xd6, 0x56, 0xad, 0x93, 0x94, 0xb4, 0x94, 0x94, 0x94, 0x94, 0x94, 0x94, 0x94,
    0x93, 0x94, 0x93, 0x94, 0x93, 0x94, 0x93, 0x94, 0x93, 0x94, 0x93, 0x94, 0x93, 0x94, 0x93, 0x94,
    0x93, 0x94, 0x93, 0x94, 0x93, 0x94, 0x93, 0x94, 0x93, 0x94, 0x93, 0x94, 0x93, 0x94, 0x93, 0x94,
    0x93, 0x94, 0x93, 0x94, 0x93, 0x94, 0x94, 0x94, 0x94, 0x94, 0x93, 0x94, 0x93, 0x94, 0x93, 0x94,
    0x93, 0x94, 0x93, 0x94, 0xb4, 0x94, 0x94, 0x94, 0x93, 0x94, 0x93, 0x94, 0x93, 0x94, 0x93, 0x94,
    0x93, 0x94, 0x93, 0x94, 0x93, 0x94, 0x93, 0x94, 0x93, 0x94, 0x93, 0x94, 0x93, 0x94, 0x93, 0x94,
    0x93, 0x94, 0x93, 0x94, 0x93, 0x94, 0x93, 0x94, 0x93, 0x94, 0x93, 0x94, 0x93, 0x94, 0x94, 0x94,
    0xb4, 0x94, 0xb4, 0x94, 0xb4, 0x94, 0x93, 0x94, 0x93, 0x94, 0x93, 0x94, 0x93, 0x94, 0x93, 0x94,
    0x93, 0x94, 0x93, 0x94, 0x93, 0x94, 0x93, 0x94, 0x93, 0x94, 0x93, 0x94, 0x93, 0x94, 0x93, 0x94,
    0xb4, 0x94, 0x94, 0x94, 0x94, 0x94, 0x93, 0x94, 0x93, 0x94, 0x93, 0x94, 0x93, 0x94, 0x93, 0x94,
    0x93, 0x94, 0x93, 0x94, 0x93, 0x94, 0xb4, 0x94, 0x93, 0x94, 0x93, 0x94, 0xb3, 0x94, 0xb3, 0x94,
    0xb3, 0x94, 0x93, 0x94, 0xb3, 0x94, 0xb4, 0x94, 0xb4, 0x94, 0xb4, 0x94, 0xb4, 0x94, 0xb4, 0x94,
    0xb4, 0x94, 0xb4, 0x94, 0xb4, 0x94, 0xb4, 0x94, 0x94, 0x94, 0x93, 0x94, 0x93, 0x94, 0x93, 0x94,
    0x94, 0x94, 0x94, 0x94, 0xb4, 0x94, 0xb4, 0x94, 0xb3, 0x94, 0xb3, 0x94, 0xb4, 0x94, 0xb4, 0x94,
    0xb4, 0x94, 0xb4, 0x94, 0xb4, 0x94, 0xb4, 0x94, 0x94, 0x94, 0x93, 0x94, 0x94, 0x94, 0x93, 0x94,
    0x93, 0x94, 0x93, 0x94, 0x93, 0x94, 0x93, 0x94, 0xb3, 0x94, 0xb3, 0x94, 0xb3, 0x94, 0xb3, 0x94,
    0x94, 0x94, 0x93, 0x94, 0x93, 0x94, 0x93, 0x94, 0x93, 0x94, 0x93, 0x94, 0x93, 0x94, 0x93, 0x94,
    0x93, 0x94, 0x93, 0x94, 0x93, 0x94, 0x93, 0x94, 0x93, 0x94, 0x93, 0x94, 0x93, 0x94, 0x93, 0x94,
    0x93, 0x94, 0x93, 0x94, 0x93, 0x94, 0x93, 0x94, 0x93, 0x94, 0x93, 0x94, 0x93, 0x94, 0x93, 0x94,
    0x93, 0x94, 0x93, 0x94, 0x93, 0x94, 0x93, 0x94, 0x93, 0x94, 0x93, 0x94, 0x93, 0x94, 0x93, 0x94,
    0x93, 0x94, 0x93, 0x94, 0x93, 0x94, 0x93, 0x94, 0x93, 0x94, 0x93, 0x94, 0x93, 0x94, 0x93, 0x94,
    0x93, 0x94, 0x94, 0x94, 0x94, 0x94, 0x94, 0x94, 0x94, 0x94, 0x94, 0x94, 0xb4, 0x94, 0x94, 0x94,
    0x93, 0x94, 0x36, 0xa5, 0x7a, 0xce, 0x7a, 0xce, 0x7a, 0xce, 0x7a, 0xce, 0x9a, 0xd6, 0x9a, 0xd6,
    0x9b, 0xd6, 0xb8, 0xbd, 0xb4, 0x94, 0xb4, 0x9c, 0xb4, 0x94, 0xf5, 0x9c, 0xf5, 0x9c, 0xd4, 0x9c,
    0xb4, 0x9c, 0xe8, 0x39, 0x03, 0x21, 0x44, 0x29, 0x45, 0x29, 0x4f, 0x21, 0x71, 0x21, 0x71, 0x21,
    0x71, 0x21, 0x71, 0x21, 0x50, 0x21, 0x4b, 0x21, 0x29, 0x21, 0x29, 0x21, 0x47, 0x21, 0x49, 0x4a,
    0x8a, 0x52, 0x49, 0x4a, 0x0d, 0x5b, 0xd4, 0x9c, 0xd5, 0x9c, 0xd4, 0x9c, 0xf5, 0xa4, 0x36, 0xad,
    0x56, 0xad, 0x56, 0xad, 0xf8, 0xbd, 0x9b, 0xd6, 0x9a, 0xd6, 0x9b, 0xd6, 0x5a, 0xce, 0x19, 0xc6,
    0x19, 0xc6, 0x19, 0xc6, 0x19, 0xc6, 0x19, 0xc6, 0x19, 0xc6, 0x19, 0xc6, 0x19, 0xc6, 0x19, 0xc6,
    0x19, 0xc6, 0x19, 0xc6, 0x19, 0xc6, 0x19, 0xc6, 0x19, 0xc6, 0x19, 0xc6, 0x19, 0xc6, 0x19, 0xc6,
    0x19, 0xc6, 0x19, 0xc6, 0x19, 0xc6, 0x19, 0xc6, 0x19, 0xc6, 0x19, 0xc6, 0x19, 0xc6, 0x19, 0xc6,
    0x19, 0xc6, 0x19, 0xc6, 0x19, 0xc6, 0x19, 0xc6, 0x19, 0xc6, 0x19, 0xc6, 0x19, 0xc6, 0x19, 0xc6,
    0x39, 0xc6, 0x19, 0xc6, 0x19, 0xc6, 0x19, 0xc6, 0x19, 0xc6, 0x19, 0xc6, 0x19, 0xc6, 0x19, 0xc6,
    0x19, 0xc6, 0x19, 0xc6, 0x19, 0xc6, 0x19, 0xc6, 0x19, 0xc6, 0x19, 0xc6, 0x19, 0xc6, 0x19, 0xc6,
    0x19, 0xc6, 0x19, 0xc6, 0x19, 0xc6, 0x19, 0xc6, 0x19, 0xc6, 0x19, 0xc6, 0x39, 0xc6, 0x39, 0xc6,
    0x19, 0xc6, 0x19, 0xc6, 0x19, 0xc6, 0x19, 0xc6, 0x19, 0xc6, 0x19, 0xc6, 0x19, 0xc6, 0x19, 0xc6,
    0x39, 0xc6, 0x39, 0xc6, 0x39, 0xc6, 0x19, 0xc6, 0x39, 0xc6, 0x39, 0xc6, 0x19, 0xc6, 0x19, 0xc6,
    0x39, 0xc6, 0x39, 0xc6, 0x39, 0xc6, 0x39, 0xc6, 0x39, 0xc6, 0x19, 0xc6, 0x39, 0xc6, 0x39, 0xc6,
    0x39, 0xc6, 0x39, 0xc6, 0x39, 0xc6, 0x39, 0xc6, 0x39, 0xc6, 0x39, 0xc6, 0x39, 0xc6, 0x39, 0xc6,
    0x39, 0xc6, 0x39, 0xc6, 0x19, 0xc6, 0x19, 0xc6, 0x39, 0xc6, 0x39, 0xc6, 0x39, 0xc6, 0x39, 0xc6,
    0x19, 0xc6, 0x19, 0xc6, 0x19, 0xc6, 0x19, 0xc6, 0x19, 0xc6, 0x19, 0xc6, 0x19, 0xc6, 0x39, 0xc6,
    0x39, 0xc6, 0x39, 0xc6, 0x39, 0xc6, 0x39, 0xc6, 0x39, 0xc6, 0x39, 0xc6, 0x39, 0xc6, 0x39, 0xc6,
    0x19, 0xc6, 0x19, 0xc6, 0x19, 0xc6, 0x19, 0xc6, 0x39, 0xc6, 0x39, 0xc6, 0x39, 0xc6, 0x39, 0xc6,
    0x39, 0xc6, 0x19, 0xc6, 0x19, 0xc6, 0x19, 0xc6, 0x19, 0xc6, 0x19, 0xc6, 0x19, 0xc6, 0x19, 0xc6,
    0x19, 0xc6, 0x19, 0xc6, 0x19, 0xc6, 0x19, 0xc6, 0x19, 0xc6, 0x19, 0xc6, 0x19, 0xc6, 0x19, 0xc6,
    0x19, 0xc6, 0x19, 0xc6, 0x19, 0xc6, 0x19, 0xc6, 0x19, 0xc6, 0x19, 0xc6, 0x19, 0xc6, 0x19, 0xc6,
    0x19, 0xc6, 0x19, 0xc6, 0x19, 0xc6, 0x19, 0xc6, 0x19, 0xc6, 0x19, 0xc6, 0x19, 0xc6, 0x19, 0xc6,
    0x19, 0xc6, 0x19, 0xc6, 0x19, 0xc6, 0x19, 0xc6, 0x19, 0xc6, 0x19, 0xc6, 0x19, 0xc6, 0x19, 0xc6,
    0x19, 0xc6, 0x19, 0xc6, 0x19, 0xc6, 0x19, 0xc6, 0x19, 0xc6, 0x19, 0xc6, 0x19, 0xc6, 0x19, 0xc6,
    0x19, 0xc6, 0x19, 0xc6, 0x19, 0xc6, 0x19, 0xc6, 0x19, 0xc6, 0x59, 0xce, 0x9b, 0xd6, 0x7a, 0xd6,
    0x9a, 0xd6, 0xf8, 0xbd, 0x56, 0xad, 0x57, 0xad, 0x36, 0xad, 0x16, 0xa5, 0xd5, 0x9c, 0xd5, 0x9c,
    0xd5, 0x9c, 0x0d, 0x63, 0x49, 0x4a, 0x49, 0x4a, 0x28, 0x42, 0x47, 0x29, 0x29, 0x19, 0x4a, 0x21,
    0x4c, 0x21, 0x50, 0x21, 0x71, 0x21, 0x71, 0x21, 0x71, 0x21, 0x71, 0x21, 0x71, 0x21, 0x72, 0x21,
    0x51, 0x21, 0x72, 0x19, 0x4b, 0x21, 0x23, 0x21, 0x44, 0x29, 0x04, 0x21, 0xe8, 0x39, 0x94, 0x94,
    0xd5, 0x9c, 0xd4, 0x9c, 0xb4, 0x94, 0xb4, 0x94, 0xb4, 0x94, 0x93, 0x94, 0xb8, 0xb5, 0xbb, 0xd6,
    0x9a, 0xd6, 0x9b, 0xd6, 0xbb, 0xd6, 0xbb, 0xd6, 0xbb, 0xd6, 0xbb, 0xd6, 0xbb, 0xde, 0xbb, 0xd6,
    0xbb, 0xde, 0xbb, 0xde, 0xbb, 0xde, 0xbb, 0xd6, 0xbb, 0xde, 0xbb, 0xde, 0xbb, 0xde, 0xbb, 0xde,
    0xbb, 0xde, 0xbb, 0xd6, 0xbb, 0xd6, 0xbb, 0xd6, 0xbb, 0xde, 0xbb, 0xd6, 0xbb, 0xde, 0xbb, 0xde,
    0xbb, 0xde, 0xbb, 0xd6, 0xbb, 0xd6, 0xbb, 0xde, 0xbb, 0xde, 0xbb, 0xde, 0xbb, 0xde, 0xdb, 0xde,
    0xdb, 0xde, 0xbb, 0xde, 0xbb, 0xde, 0xbb, 0xde, 0xbb, 0xde, 0xbb, 0xde, 0xbb, 0xde, 0xbb, 0xd6,
    0xbb, 0xd6, 0xbb, 0xd6, 0xbb, 0xd6, 0xbb, 0xd6, 0xbb, 0xde, 0xbb, 0xde, 0xbb, 0xde, 0xbb, 0xde,
    0xbb, 0xde, 0xdb, 0xde, 0xdb, 0xde, 0xbb, 0xde, 0xdb, 0xde, 0xdb, 0xde, 0xbb, 0xde, 0xbb, 0xde,
    0xbb, 0xde, 0xbb, 0xde, 0xbb, 0xde, 0xbb, 0xde, 0xbb, 0xde, 0xbb, 0xde, 0xbb, 0xde, 0xbb, 0xde,
    0xbb, 0xde, 0xbb, 0xde, 0xbb, 0xde, 0xdb, 0xde, 0xdb, 0xde, 0xdb, 0xde, 0xdb, 0xde, 0xdb, 0xde,
    0xdb, 0xde, 0xdb, 0xde, 0xdb, 0xde, 0xbb, 0xde, 0xbb, 0xde, 0xdb, 0xde, 0xdb, 0xde, 0xdb, 0xde,
    0xdb, 0xde, 0xdb, 0xde, 0xbb, 0xde, 0xdb, 0xde, 0xdb, 0xde, 0xdb, 0xde, 0xbb, 0xde, 0xbb, 0xde,
    0xbb, 0xde, 0xdb, 0xde, 0xdb, 0xde, 0xdb, 0xde, 0xbb, 0xde, 0xbb, 0xde, 0xbb, 0xd6, 0xbb, 0xde,
    0xbb, 0xde, 0xbb, 0xde, 0xbb, 0xde, 0xbb, 0xde, 0xdb, 0xde, 0xdb, 0xde, 0xbb, 0xde, 0xbb, 0xde,
    0xbb, 0xde, 0xbb, 0xde, 0xbb, 0xde, 0xdb, 0xde, 0xdb, 0xde, 0xdb, 0xde, 0xdb, 0xde, 0xdb, 0xde,
    0xdb, 0xde, 0xdb, 0xde, 0xdb, 0xde, 0xbb, 0xde, 0xbb, 0xde, 0xbb, 0xd6, 0xbb, 0xde, 0xdb, 0xde,
    0xdb, 0xde, 0xdb, 0xde, 0xdb, 0xde, 0xbb, 0xde, 0xbb, 0xde, 0xbb, 0xde, 0xbb, 0xde, 0xbb, 0xde,
    0xbb, 0xde, 0xbb, 0xde, 0xbb, 0xde, 0xbb, 0xde, 0xbb, 0xde, 0xbb, 0xde, 0xbb, 0xde, 0xbb, 0xde,
    0xbb, 0xde, 0xbb, 0xd6, 0xbb, 0xd6, 0xbb, 0xd6, 0xbb, 0xd6, 0xbb, 0xd6, 0xbb, 0xd6, 0xbb, 0xd6,
    0xbb, 0xde, 0xbb, 0xde, 0xbb, 0xd6, 0xbb, 0xd6, 0xbb, 0xd6, 0xbb, 0xd6, 0xbb, 0xd6, 0xbb, 0xde,
    0xbb, 0xde, 0xbb, 0xde, 0xbb, 0xde, 0xbb, 0xde, 0xbb, 0xde, 0xbb, 0xde, 0xbb, 0xd6, 0xbb, 0xd6,
    0xbb, 0xd6, 0xbb, 0xd6, 0xbb, 0xd6, 0xbb, 0xd6, 0xbb, 0xd6, 0xbb, 0xd6, 0xbb, 0xd6, 0xbb, 0xd6,
    0xbb, 0xd6, 0xbb, 0xd6, 0xbb, 0xd6, 0xbb, 0xd6, 0xbb, 0xd6, 0xbb, 0xd6, 0xbb, 0xd6, 0xbb, 0xd6,
    0xbb, 0xd6, 0x9b, 0xd6, 0x9b, 0xd6, 0x7a, 0xce, 0xbb, 0xd6, 0xd8, 0xbd, 0xb4, 0x94, 0xb4, 0x94,
    0xb4, 0x94, 0xb4, 0x9c, 0xd4, 0x9c, 0xd5, 0x9c, 0xf5, 0x9c, 0x4a, 0x4a, 0xe3, 0x18, 0x24, 0x21,
    0x03, 0x21, 0x29, 0x19, 0x72, 0x21, 0x71, 0x21, 0x72, 0x21, 0x71, 0x21, 0x71, 0x21, 0x71, 0x21,
    0x71, 0x21, 0x71, 0x21, 0x71, 0x21, 0x71, 0x21, 0x71, 0x21, 0x72, 0x21, 0x4b, 0x21, 0x44, 0x29,
    0x44, 0x29, 0x24, 0x21, 0x09, 0x42, 0xb4, 0x94, 0xd4, 0x9c, 0xd4, 0x9c, 0xd4, 0x9c, 0xd4, 0x9c,
    0xb4, 0x9c, 0xb4, 0x94, 0xd8, 0xbd, 0xbb, 0xd6, 0x9b, 0xd6, 0x9b, 0xd6, 0x9b, 0xd6, 0x9b, 0xd6,
    0x9b, 0xd6, 0x9b, 0xd6, 0x9b, 0xd6, 0x9b, 0xd6, 0x9b, 0xd6, 0x9b, 0xd6, 0xbb, 0xd6, 0x9b, 0xd6,
    0xbb, 0xd6, 0xbb, 0xd6, 0xbb, 0xd6, 0x9b, 0xd6, 0x9b, 0xd6, 0x9b, 0xd6, 0x9b, 0xd6, 0x9b, 0xd6,
    0xbb, 0xd6, 0x9b, 0xd6, 0xbb, 0xd6, 0xbb, 0xd6, 0xbb, 0xd6, 0x9b, 0xd6, 0x9b, 0xd6, 0x9b, 0xd6,
    0xbb, 0xd6, 0xbb, 0xd6, 0xbb, 0xd6, 0xbb, 0xd6, 0xbb, 0xd6, 0xbb, 0xd6, 0xbb, 0xd6, 0xbb, 0xd6,
    0xbb, 0xd6, 0xbb, 0xd6, 0xbb, 0xd6, 0xbb, 0xd6, 0x9b, 0xd6, 0x9b, 0xd6, 0x9b, 0xd6, 0x9b, 0xd6,
    0xbb, 0xd6, 0xbb, 0xd6, 0xbb, 0xd6, 0x9b, 0xd6, 0x9b, 0xd6, 0xbb, 0xd6, 0xbb, 0xd6, 0xbb, 0xd6,
    0xbb, 0xd6, 0xbb, 0xd6, 0x9b, 0xd6, 0x9b, 0xd6, 0x9b, 0xd6, 0xbb, 0xd6, 0xbb, 0xd6, 0xbb, 0xd6,
    0x9b, 0xd6, 0xbb, 0xd6, 0xbb, 0xd6, 0xbb, 0xd6, 0x9b, 0xd6, 0x9b, 0xd6, 0x9b, 0xd6, 0xbb, 0xd6,
    0xbb, 0xd6, 0xbb, 0xd6, 0xbb, 0xd6, 0xbb, 0xd6, 0xbb, 0xd6, 0xbb, 0xd6, 0xbb, 0xd6, 0xbb, 0xd6,
    0xbb, 0xd6, 0xbb, 0xd6, 0xbb, 0xd6, 0xbb, 0xd6, 0xbb, 0xd6, 0xbb, 0xd6, 0xbb, 0xd6, 0xbb, 0xd6,
    0xbb, 0xd6, 0xbb, 0xd6, 0xbb, 0xd6, 0xbb, 0xd6, 0xbb, 0xd6, 0xbb, 0xd6, 0xbb, 0xd6, 0xbb, 0xd6,
    0xbb, 0xd6, 0xbb, 0xd6, 0x9b, 0xd6, 0xbb, 0xd6, 0xbb, 0xd6, 0xbb, 0xd6, 0xbb, 0xd6, 0xbb, 0xd6,
    0xbb, 0xd6, 0xbb, 0xd6, 0xbb, 0xd6, 0xbb, 0xd6, 0xbb, 0xd6, 0xbb, 0xd6, 0xbb, 0xd6, 0xbb, 0xd6,
    0xbb, 0xd6, 0xbb, 0xd6, 0xbb, 0xd6, 0xbb, 0xd6, 0xbb, 0xd6, 0xbb, 0xd6, 0xbb, 0xd6, 0xbb, 0xd6,
    0xbb, 0xd6, 0x9b, 0xd6, 0xbb, 0xd6, 0xbb, 0xd6, 0xbb, 0xd6, 0xbb, 0xd6, 0xbb, 0xd6, 0xbb, 0xd6,
    0xbb, 0xd6, 0xbb, 0xd6, 0xbb, 0xd6, 0xbb, 0xd6, 0x9b, 0xd6, 0x9b, 0xd6, 0x9b, 0xd6, 0x9b, 0xd6,
    0xbb, 0xd6, 0xbb, 0xd6, 0xbb, 0xd6, 0xbb, 0xd6, 0xbb, 0xd6, 0x9b, 0xd6, 0x9b, 0xd6, 0x9b, 0xd6,
    0x9b, 0xd6, 0x9b, 0xd6, 0x9b, 0xd6, 0x9b, 0xd6, 0x9b, 0xd6, 0x9b, 0xd6, 0x9b, 0xd6, 0x9b, 0xd6,
    0x9b, 0xd6, 0x9b, 0xd6, 0x9b, 0xd6, 0xbb, 0xd6, 0xbb, 0xd6, 0xbb, 0xd6, 0xbb, 0xd6, 0xbb, 0xd6,
    0x9b, 0xd6, 0x9b, 0xd6, 0x9b, 0xd6, 0x9b, 0xd6, 0x9b, 0xd6, 0x9b, 0xd6, 0x9b, 0xd6, 0x9b, 0xd6,
    0x9b, 0xd6, 0x9b, 0xd6, 0x9b, 0xd6, 0x9b, 0xd6, 0x9b, 0xd6, 0x9b, 0xd6, 0x9b, 0xd6, 0x9b, 0xd6,
    0x9b, 0xd6, 0x9b, 0xd6, 0x9b, 0xd6, 0x9b, 0xd6, 0x9a, 0xd6, 0x7a, 0xd6, 0x7a, 0xd6, 0x7a, 0xd6,
    0xbb, 0xd6, 0xd8, 0xbd, 0xd4, 0x94, 0xd4, 0x94, 0xd5, 0x9c, 0xd4, 0x9c, 0xd4, 0x9c, 0xd4, 0x9c,
    0xf5, 0x9c, 0x4a, 0x4a, 0xe4, 0x18, 0x45, 0x29, 0x44, 0x29, 0x4a, 0x21, 0x71, 0x21, 0x71, 0x21,
    0x71, 0x21, 0x71, 0x21, 0x71, 0x21, 0x71, 0x21, 0x71, 0x21, 0x71, 0x21, 0x71, 0x21, 0x71, 0x21,
    0x71, 0x21, 0x72, 0x21, 0x4b, 0x21, 0x44, 0x29, 0x44, 0x29, 0x03, 0x21, 0x08, 0x42, 0xd4, 0x9c,
    0xf4, 0x9c, 0xd4, 0x9c, 0xd4, 0x9c, 0xd4, 0x9c, 0xb4, 0x9c, 0xb4, 0x94, 0xb8, 0xbd, 0xbc, 0xd6,
    0x9b, 0xd6, 0x9b, 0xd6, 0x9b, 0xd6, 0x9b, 0xd6, 0x9b, 0xd6, 0x9b, 0xd6, 0x9b, 0xd6, 0x9b, 0xd6,
    0xbb, 0xd6, 0x9b, 0xd6, 0x9b, 0xd6, 0xbb, 0xd6, 0xbb, 0xd6, 0xbb, 0xd6, 0xbb, 0xd6, 0xbb, 0xd6,
    0xbb, 0xd6, 0xbb, 0xd6, 0x9b, 0xd6, 0xbb, 0xd6, 0xbb, 0xd6, 0xbb, 0xd6, 0x9b, 0xd6, 0xbb, 0xd6,
    0xbb, 0xd6, 0xbb, 0xd6, 0xbb, 0xd6, 0xbb, 0xd6, 0xbb, 0xd6, 0xbb, 0xd6, 0xbb, 0xd6, 0xbb, 0xd6,
    0xbb, 0xd6, 0xbb, 0xd6, 0xbb, 0xd6, 0xbb, 0xd6, 0xbb, 0xd6, 0xbb, 0xd6, 0xbb, 0xd6, 0xbb, 0xd6,
    0xbb, 0xd6, 0xbb, 0xd6, 0xbb, 0xd6, 0xbb, 0xd6, 0xbb, 0xd6, 0xbb, 0xd6, 0xbb, 0xd6, 0xbb, 0xd6,
    0xbb, 0xd6, 0xbb, 0xd6, 0xbb, 0xd6, 0xbb, 0xd6, 0xbb, 0xd6, 0xbb, 0xd6, 0xbb, 0xd6, 0xbb, 0xd6,
    0xbb, 0xd6, 0xbb, 0xd6, 0xbb, 0xd6, 0xbb, 0xd6, 0xbb, 0xd6, 0xbb, 0xd6, 0xbb, 0xd6, 0xbb, 0xd6,
    0xbb, 0xd6, 0xbb, 0xd6, 0xbb, 0xd6, 0xbb, 0xd6, 0xbb, 0xd6, 0xbb, 0xd6, 0xbb, 0xd6, 0xbb, 0xd6,
    0xbb, 0xd6, 0xbb, 0xd6, 0xbb, 0xd6, 0xbb, 0xd6, 0xbb, 0xd6, 0xbb, 0xd6, 0xbb, 0xd6, 0xbb, 0xd6,
    0xbb, 0xd6, 0xbb, 0xd6, 0xbb, 0xd6, 0xbb, 0xd6, 0xbb, 0xd6, 0xbb, 0xd6, 0xbb, 0xd6, 0xbb, 0xd6,
    0xbb, 0xd6, 0xbb, 0xd6, 0xbb, 0xd6, 0xbb, 0xd6, 0xbb, 0xd6, 0xbb, 0xd6, 0xbb, 0xd6, 0xbb, 0xd6,
    0xbb, 0xd6, 0xbb, 0xd6, 0xbb, 0xd6, 0xbb, 0xd6, 0xbb, 0xd6, 0xbb, 0xd6, 0xbb, 0xd6, 0xbb, 0xd6,
    0xbb, 0xd6, 0xbb, 0xd6, 0xbb, 0xd6, 0xbb, 0xd6, 0xbb, 0xd6, 0xbb, 0xd6, 0xbb, 0xd6, 0xbb, 0xd6,
    0xbb, 0xd6, 0xbb, 0xd6, 0xbb, 0xd6, 0xbb, 0xd6, 0xbb, 0xd6, 0xbb, 0xd6, 0xbb, 0xd6, 0xbb, 0xd6,
    0xbb, 0xd6, 0xbb, 0xd6, 0xbb, 0xd6, 0xbb, 0xd6, 0xbb, 0xd6, 0xbb, 0xd6, 0xbb, 0xd6, 0xbb, 0xd6,
    0xbb, 0xd6, 0xbb, 0xd6, 0xbb, 0xd6, 0xbb, 0xd6, 0xbb, 0xd6, 0xbb, 0xd6, 0xbb, 0xd6, 0xbb, 0xd6,
    0xbb, 0xd6, 0xbb, 0xd6, 0xbb, 0xd6, 0xbb, 0xd6, 0xbb, 0xd6, 0xbb, 0xd6, 0xbb, 0xd6, 0xbb, 0xd6,
    0xbb, 0xd6, 0xbb, 0xd6, 0xbb, 0xd6, 0xbb, 0xd6, 0xbb, 0xd6, 0xbb, 0xd6, 0xbb, 0xd6, 0xbb, 0xd6,
    0xbb, 0xd6, 0xbb, 0xd6, 0xbb, 0xd6, 0xbb, 0xd6, 0xbb, 0xd6, 0xbb, 0xd6, 0xbb, 0xd6, 0xbb, 0xd6,
    0xbb, 0xd6, 0x9b, 0xd6, 0x9b, 0xd6, 0x9b, 0xd6, 0x9b, 0xd6, 0x9b, 0xd6, 0x9b, 0xd6, 0xbb, 0xd6,
    0x9b, 0xd6, 0xbb, 0xd6, 0x9b, 0xd6, 0x9b, 0xd6, 0x9b, 0xd6, 0x9b, 0xd6, 0x9b, 0xd6, 0x9b, 0xd6,
    0x9b, 0xd6, 0x9b, 0xd6, 0x9b, 0xd6, 0x9b, 0xd6, 0xbc, 0xd6, 0xb8, 0xb5, 0xb4, 0x94, 0xd5, 0x9c,
    0xb4, 0x9c, 0xd5, 0x9c, 0xf5, 0x9c, 0xd4, 0x9c, 0xf5, 0x9c, 0x6a, 0x52, 0xe4, 0x18, 0x45, 0x21,
    0x44, 0x29, 0x4a, 0x21, 0x71, 0x21, 0x71, 0x21, 0x71, 0x21, 0x71, 0x21, 0x71, 0x21, 0x71, 0x21,
    0x71, 0x21, 0x71, 0x21, 0x71, 0x21, 0x71, 0x21, 0x71, 0x21, 0x72, 0x21, 0x4c, 0x21, 0x24, 0x21,
    0x24, 0x21, 0x24, 0x21, 0x65, 0x29, 0x29, 0x42, 0x6a, 0x4a, 0x29, 0x42, 0x6f, 0x6b, 0xf5, 0x9c,
    0xb4, 0x94, 0xb4, 0x94, 0xf5, 0xa4, 0x36, 0xad, 0x36, 0xad, 0x36, 0xad, 0x56, 0xad, 0x56, 0xad,
    0x56, 0xad, 0x56, 0xad, 0x56, 0xad, 0x56, 0xad, 0x56, 0xad, 0x56, 0xad, 0x56, 0xad, 0x56, 0xad,
    0x56, 0xad, 0x56, 0xad, 0x56, 0xad, 0x56, 0xad, 0x56, 0xad, 0x56, 0xad, 0x56, 0xad, 0x56, 0xad,
    0x56, 0xad, 0x56, 0xad, 0x56, 0xad, 0x56, 0xad, 0x56, 0xad, 0x56, 0xad, 0x56, 0xad, 0x56, 0xad,
    0x56, 0xad, 0x56, 0xad, 0x56, 0xad, 0x56, 0xad, 0x56, 0xad, 0x56, 0xad, 0x56, 0xad, 0x56, 0xad,
    0x56, 0xad, 0x56, 0xad, 0x56, 0xad, 0x56, 0xad, 0x56, 0xad, 0x56, 0xad, 0x56, 0xad, 0x56, 0xad,
    0x56, 0xad, 0x56, 0xad, 0x56, 0xad, 0x56, 0xad, 0x56, 0xad, 0x56, 0xad, 0x56, 0xad, 0x56, 0xad,
    0x56, 0xad, 0x56, 0xad, 0x56, 0xad, 0x56, 0xad, 0x56, 0xad, 0x56, 0xad, 0x56, 0xad, 0x56, 0xad,
    0x56, 0xad, 0x56, 0xad, 0x56, 0xad, 0x56, 0xad, 0x56, 0xad, 0x56, 0xad, 0x56, 0xad, 0x56, 0xad,
    0x56, 0xad, 0x76, 0xad, 0x76, 0xad, 0x76, 0xad, 0x56, 0xad, 0x56, 0xad, 0x56, 0xad, 0x76, 0xad,
    0x56, 0xad, 0x56, 0xad, 0x56, 0xad, 0x56, 0xad, 0x56, 0xad, 0x56, 0xad, 0x56, 0xad, 0x56, 0xad,
    0x56, 0xad, 0x56, 0xad, 0x56, 0xad, 0x56, 0xad, 0x56, 0xad, 0x56, 0xad, 0x56, 0xad, 0x76, 0xad,
    0x76, 0xad, 0x56, 0xad, 0x56, 0xad, 0x76, 0xad, 0x56, 0xad, 0x56, 0xad, 0x56, 0xad, 0x56, 0xad,
    0x56, 0xad, 0x56, 0xad, 0x56, 0xad, 0x56, 0xad, 0x56, 0xad, 0x56, 0xad, 0x56, 0xad, 0x56, 0xad,
    0x56, 0xad, 0x56, 0xad, 0x56, 0xad, 0x56, 0xad, 0x56, 0xad, 0x56, 0xad, 0x56, 0xad, 0x56, 0xad,
    0x56, 0xad, 0x56, 0xad, 0x56, 0xad, 0x56, 0xad, 0x56, 0xad, 0x56, 0xad, 0x56, 0xad, 0x56, 0xad,
    0x56, 0xad, 0x56, 0xad, 0x56, 0xad, 0x56, 0xad, 0x56, 0xad, 0x56, 0xad, 0x56, 0xad, 0x56, 0xad,
    0x56, 0xad, 0x56, 0xad, 0x56, 0xad, 0x56, 0xad, 0x56, 0xad, 0x56, 0xad, 0x56, 0xad, 0x56, 0xad,
    0x56, 0xad, 0x56, 0xad, 0x56, 0xad, 0x56, 0xad, 0x56, 0xad, 0x56, 0xad, 0x56, 0xad, 0x56, 0xad,
    0x56, 0xad, 0x56, 0xad, 0x56, 0xad, 0x56, 0xad, 0x56, 0xad, 0x56, 0xad, 0x56, 0xad, 0x56, 0xad,
    0x56, 0xad, 0x56, 0xad, 0x56, 0xad, 0x56, 0xad, 0x56, 0xad, 0x36, 0xa5, 0x36, 0xa5, 0x36, 0xa5,
    0x56, 0xad, 0x56, 0xa5, 0x56, 0xa5, 0x56, 0xad, 0x56, 0xad, 0x56, 0xad, 0x56, 0xad, 0x56, 0xad,
    0x56, 0xad, 0x36, 0xad, 0x36, 0xad, 0x36, 0xad, 0x36, 0xad, 0x36, 0xad, 0x56, 0xad, 0x36, 0xa5,
    0x36, 0xa5, 0xf5, 0x9c, 0xb4, 0x94, 0xd4, 0x94, 0xf5, 0x9c, 0x8f, 0x73, 0x29, 0x42, 0x49, 0x42,
    0x09, 0x42, 0xa7, 0x31, 0x24, 0x21, 0x24, 0x21, 0x24, 0x21, 0x4b, 0x21, 0x72, 0x21, 0x71, 0x21,
    0x71, 0x21, 0x71, 0x21, 0x71, 0x21, 0x71, 0x21, 0x71, 0x21, 0x71, 0x21, 0x71, 0x21, 0x71, 0x21,
    0x71, 0x21, 0x71, 0x21, 0x71, 0x21, 0x4e, 0x21, 0x4d, 0x21, 0x4c, 0x21, 0x25, 0x21, 0x24, 0x21,
    0x25, 0x21, 0x03, 0x19, 0xcb, 0x52, 0xf5, 0x9c, 0xb4, 0x94, 0xd4, 0x9c, 0xb4, 0x94, 0x94, 0x94,
    0xb4, 0x94, 0xb4, 0x94, 0xb4, 0x94, 0xb4, 0x94, 0xb4, 0x94, 0xb4, 0x94, 0xb4, 0x94, 0xb4, 0x94,
    0xb4, 0x94, 0xb4, 0x94, 0xb4, 0x94, 0xb4, 0x94, 0xb4, 0x94, 0xb4, 0x94, 0xb4, 0x94, 0xb4, 0x94,
    0xb4, 0x94, 0xb4, 0x94, 0xb4, 0x94, 0xb4, 0x94, 0xb4, 0x94, 0xb4, 0x94, 0xb4, 0x94, 0xb4, 0x94,
    0xb4, 0x94, 0xb4, 0x94, 0xb4, 0x94, 0xb4, 0x9c, 0xd4, 0x9c, 0xd4, 0x9c, 0xd4, 0x9c, 0xb4, 0x9c,
    0xb4, 0x9c, 0xb4, 0x94, 0xb4, 0x94, 0xb4, 0x94, 0xb4, 0x94, 0xb4, 0x94, 0xb4, 0x94, 0xb4, 0x94,
    0xb4, 0x94, 0xb4, 0x94, 0xb4, 0x94, 0xb4, 0x9c, 0xb4, 0x9c, 0xb4, 0x9c, 0xb4, 0x9c, 0xb4, 0x94,
    0xb4, 0x94, 0xb4, 0x94, 0xb4, 0x94, 0xb4, 0x94, 0xd4, 0x9c, 0xd4, 0x9c, 0xd4, 0x9c, 0xb4, 0x94,
    0xb4, 0x94, 0xb4, 0x94, 0xb4, 0x94, 0xb4, 0x94, 0xb4, 0x94, 0xb4, 0x94, 0xb4, 0x94, 0xb4, 0x94,
    0xb4, 0x94, 0xb4, 0x94, 0xb4, 0x9c, 0xd4, 0x9c, 0xd4, 0x9c, 0xd4, 0x9c, 0xd4, 0x9c, 0xd4, 0x9c,
    0xd4, 0x9c, 0xd4, 0x9c, 0xd4, 0x9c, 0xd4, 0x9c, 0xd4, 0x9c, 0xd4, 0x9c, 0xd4, 0x9c, 0xd4, 0x9c,
    0xd4, 0x9c, 0xd4, 0x9c, 0xd4, 0x9c, 0xb4, 0x9c, 0xb4, 0x94, 0xd4, 0x9c, 0xd4, 0x9c, 0xd4, 0x9c,
    0xd4, 0x9c, 0xd4, 0x9c, 0xd4, 0x9c, 0xd4, 0x9c, 0xd4, 0x9c, 0xd4, 0x9c, 0xd4, 0x9c, 0xd4, 0x9c,
    0xd4, 0x9c, 0xd4, 0x9c, 0xd4, 0x9c, 0xb4, 0x9c, 0xd4, 0x9c, 0xd4, 0x9c, 0xd4, 0x9c, 0xd4, 0x9c,
    0xb4, 0x9c, 0xb4, 0x9c, 0xb4, 0x94, 0xb4, 0x94, 0xb4, 0x94, 0xb4, 0x94, 0xb4, 0x9c, 0xd4, 0x9c,
    0xb4, 0x94, 0xb4, 0x94, 0xb4, 0x94, 0xb4, 0x94, 0xb4, 0x94, 0xb4, 0x94, 0xb4, 0x94, 0xb4, 0x94,
    0xb4, 0x9c, 0xb4, 0x9c, 0xb4, 0x94, 0xb4, 0x94, 0xb4, 0x94, 0xb4, 0x94, 0xb4, 0x94, 0xb4, 0x94,
    0xb4, 0x94, 0xb4, 0x94, 0xb4, 0x94, 0xb4, 0x94, 0xb4, 0x94, 0xb4, 0x94, 0xb4, 0x94, 0xb4, 0x94,
    0xb4, 0x94, 0xb4, 0x94, 0xb4, 0x94, 0xb4, 0x94, 0xb4, 0x94, 0xb4, 0x94, 0xb4, 0x94, 0xb4, 0x94,
    0xb4, 0x94, 0xb4, 0x94, 0xb4, 0x94, 0xb4, 0x94, 0xb4, 0x94, 0xb4, 0x94, 0xb4, 0x94, 0xb4, 0x94,
    0xb4, 0x94, 0xb4, 0x94, 0xb4, 0x94, 0xb4, 0x94, 0xb4, 0x94, 0xb4, 0x94, 0xb4, 0x94, 0xb4, 0x94,
    0xb4, 0x94, 0x94, 0x94, 0x94, 0x94, 0x94, 0x94, 0xb4, 0x94, 0xb4, 0x94, 0xb4, 0x94, 0xb4, 0x94,
    0xb4, 0x94, 0xb4, 0x94, 0xb4, 0x94, 0xb4, 0x94, 0xb4, 0x94, 0xb4, 0x94, 0xb4, 0x94, 0xb4, 0x94,
    0xb4, 0x94, 0xb4, 0x94, 0xb4, 0x94, 0x94, 0x94, 0x94, 0x94, 0xb4, 0x94, 0xb4, 0x94, 0xb4, 0x94,
    0x15, 0xa5, 0x0d, 0x63, 0xe4, 0x18, 0x24, 0x21, 0xe4, 0x18, 0x26, 0x21, 0x4c, 0x21, 0x4d, 0x21,
    0x4d, 0x21, 0x50, 0x21, 0x71, 0x21, 0x71, 0x21, 0x71, 0x21, 0x71, 0x21, 0x71, 0x21, 0x71, 0x21,
    0x71, 0x21, 0x71, 0x21, 0x71, 0x21, 0x71, 0x21, 0x71, 0x21, 0x71, 0x21, 0x71, 0x21, 0x72, 0x21,
    0x72, 0x21, 0x51, 0x19, 0x47, 0x29, 0x44, 0x29, 0x45, 0x29, 0x24, 0x21, 0x0d, 0x63, 0x15, 0xa5,
    0xd4, 0x9c, 0xd4, 0x9c, 0xb4, 0x9c, 0xb4, 0x9c, 0xb4, 0x9c, 0xd4, 0x9c, 0xd4, 0x9c, 0xd4, 0x9c,
    0xd4, 0x9c, 0xb4, 0x9c, 0xb4, 0x9c, 0xd4, 0x9c, 0xd5, 0x9c, 0xd5, 0x9c, 0xd5, 0x9c, 0xd5, 0x9c,
    0xd5, 0x9c, 0xd4, 0x9c, 0xb4, 0x9c, 0xd4, 0x9c, 0xb4, 0x9c, 0xb4, 0x9c, 0xb4, 0x94, 0xb4, 0x9c,
    0xd4, 0x9c, 0xd5, 0x9c, 0xd5, 0x9c, 0xd5, 0x9c, 0xd5, 0x9c, 0xd5, 0x9c, 0xd5, 0x9c, 0xd5, 0x9c,
    0xd5, 0x9c, 0xd5, 0x9c, 0xd5, 0x9c, 0xd5, 0x9c, 0xd5, 0x9c, 0xd5, 0x9c, 0xb4, 0x9c, 0xb4, 0x9c,
    0xd5, 0x9c, 0xd5, 0x9c, 0xd5, 0x9c, 0xd5, 0x9c, 0xd5, 0x9c, 0xd5, 0x9c, 0xd5, 0x9c, 0xd5, 0x9c,
    0xd5, 0x9c, 0xd5, 0x9c, 0xd5, 0x9c, 0xd5, 0x9c, 0xb4, 0x9c, 0xd4, 0x9c, 0xd4, 0x9c, 0xd5, 0x9c,
    0xd5, 0x9c, 0xd5, 0x9c, 0xd5, 0x9c, 0xd5, 0x9c, 0xd4, 0x9c, 0xd4, 0x9c, 0xd4, 0x9c, 0xd4, 0x9c,
    0xd4, 0x9c, 0xd4, 0x9c, 0xd4, 0x9c, 0xd4, 0x9c, 0xd5, 0x9c, 0xd5, 0x9c, 0xd5, 0x9c, 0xd5, 0x9c,
    0xd5, 0x9c, 0xd5, 0x9c, 0xd5, 0x9c, 0xd5, 0x9c, 0xd5, 0x9c, 0xd5, 0x9c, 0xd5, 0x9c, 0xd5, 0x9c,
    0xd5, 0x9c, 0xd5, 0x9c, 0xd5, 0x9c, 0xd5, 0x9c, 0xd5, 0x9c, 0xd5, 0x9c, 0xd5, 0x9c, 0xd5, 0x9c,
    0xd5, 0x9c, 0xd5, 0x9c, 0xd5, 0x9c, 0xd5, 0x9c, 0xd5, 0x9c, 0xd5, 0x9c, 0xd5, 0x9c, 0xd5, 0x9c,
    0xd5, 0x9c, 0xf5, 0x9c, 0xf5, 0x9c, 0xd5, 0x9c, 0xd5, 0x9c, 0xd5, 0x9c, 0xd5, 0x9c, 0xd5, 0x9c,
    0xd5, 0x9c, 0xd5, 0x9c, 0xd5, 0x9c, 0xd5, 0x9c, 0xd5, 0x9c, 0xd4, 0x9c, 0xd4, 0x9c, 0xd4, 0x9c,
    0xd4, 0x9c, 0xd5, 0x9c, 0xd5, 0x9c, 0xd5, 0x9c, 0xd5, 0x9c, 0xd4, 0x9c, 0xd4, 0x9c, 0xd5, 0x9c,
    0xb4, 0x9c, 0xb4, 0x9c, 0xb4, 0x9c, 0xd5, 0x9c, 0xd5, 0x9c, 0xd5, 0x9c, 0xd5, 0x9c, 0xd5, 0x9c,
    0xd5, 0x9c, 0xd5, 0x9c, 0xd5, 0x9c, 0xd5, 0x9c, 0xd4, 0x9c, 0xd5, 0x9c, 0xd5, 0x9c, 0xd4, 0x9c,
    0xd4, 0x9c, 0xd4, 0x9c, 0xd4, 0x9c, 0xd5, 0x9c, 0xd5, 0x9c, 0xd5, 0x9c, 0xd5, 0x9c, 0xd5, 0x9c,
    0xd5, 0x9c, 0xd5, 0x9c, 0xd4, 0x9c, 0xd4, 0x9c, 0xd5, 0x9c, 0xd5, 0x9c, 0xd5, 0x9c, 0xd5, 0x9c,
    0xd4, 0x9c, 0xb4, 0x9c, 0xb4, 0x9c, 0xd4, 0x9c, 0xd5, 0x9c, 0xd5, 0x9c, 0xb4, 0x9c, 0xb4, 0x9c,
    0xb4, 0x94, 0xb4, 0x94, 0xb4, 0x94, 0xb4, 0x9c, 0xb4, 0x9c, 0xb4, 0x94, 0xb4, 0x94, 0xb4, 0x94,
    0xb4, 0x94, 0xb4, 0x9c, 0xb4, 0x9c, 0xb4, 0x9c, 0xb4, 0x9c, 0xb4, 0x9c, 0xb4, 0x9c, 0xb4, 0x94,
    0xb4, 0x94, 0xb4, 0x94, 0xb4, 0x94, 0xb4, 0x94, 0xb4, 0x94, 0xb4, 0x94, 0xb4, 0x94, 0xb4, 0x94,
    0xb4, 0x94, 0xb4, 0x94, 0xd4, 0x94, 0xd4, 0x94, 0xf5, 0x9c, 0x0c, 0x5b, 0x04, 0x21, 0x45, 0x21,
    0x44, 0x21, 0x28, 0x21, 0x51, 0x21, 0x72, 0x21, 0x72, 0x21, 0x71, 0x21, 0x71, 0x21, 0x71, 0x21,
    0x71, 0x21, 0x71, 0x21, 0x71, 0x21, 0x71, 0x21, 0x71, 0x21, 0x71, 0x21, 0x71, 0x21, 0x71, 0x21,
    0x71, 0x21, 0x71, 0x21, 0x71, 0x21, 0x71, 0x21, 0x71, 0x21, 0x51, 0x21, 0x48, 0x21, 0x23, 0x29,
    0x44, 0x29, 0x03, 0x21, 0xec, 0x62, 0x15, 0xa5, 0xb4, 0x94, 0xb4, 0x9c, 0xb4, 0x94, 0xb4, 0x94,
    0xb4, 0x9c, 0xb4, 0x9c, 0xb4, 0x9c, 0xb4, 0x9c, 0xb4, 0x94, 0xb4, 0x94, 0xb4, 0x94, 0xb4, 0x9c,
    0xb4, 0x9c, 0xb4, 0x9c, 0xb4, 0x9c, 0xb4, 0x9c, 0xb4, 0x9c, 0xb4, 0x9c, 0xb4, 0x94, 0xb4, 0x94,
    0xb4, 0x94, 0xb4, 0x94, 0xb4, 0x94, 0xb4, 0x94, 0xb4, 0x9c, 0xb4, 0x9c, 0xd4, 0x9c, 0xd4, 0x9c,
    0xb4, 0x94, 0xb4, 0x94, 0xb4, 0x94, 0xb4, 0x94, 0xd4, 0x9c, 0xd4, 0x9c, 0xd4, 0x9c, 0xb4, 0x9c,
    0xd4, 0x9c, 0xd4, 0x9c, 0xb4, 0x9c, 0xb4, 0x9c, 0xb4, 0x9c, 0xb4, 0x9c, 0xd4, 0x9c, 0xd4, 0x9c,
    0xb4, 0x9c, 0xb4, 0x9c, 0xb4, 0x9c, 0xb4, 0x9c, 0xb4, 0x9c, 0xb4, 0x9c, 0xb4, 0x9c, 0xb4, 0x94,
    0xb4, 0x94, 0xb4, 0x94, 0xb4, 0x94, 0xb4, 0x94, 0xb4, 0x94, 0xb4, 0x94, 0xb4, 0x94, 0xb4, 0x94,
    0xb4, 0x94, 0xb4, 0x94, 0xb4, 0x94, 0xb4, 0x94, 0xb4, 0x94, 0xb4, 0x94, 0xb4, 0x94, 0xb4, 0x94,
    0xb4, 0x94, 0xb4, 0x94, 0xd4, 0x9c, 0xd4, 0x9c, 0xd4, 0x9c, 0xd4, 0x9c, 0xb4, 0x9c, 0xd4, 0x9c,
    0xd4, 0x9c, 0xd4, 0x9c, 0xd4, 0x9c, 0xd4, 0x9c, 0xb4, 0x94, 0xb4, 0x94, 0xb4, 0x9c, 0xb4, 0x9c,
    0xd4, 0x9c, 0xb4, 0x9c, 0xb4, 0x9c, 0xb4, 0x9c, 0xb4, 0x9c, 0xd4, 0x9c, 0xd4, 0x9c, 0xd4, 0x9c,
    0xd4, 0x9c, 0xd4, 0x9c, 0xd4, 0x9c, 0xd4, 0x9c, 0xd4, 0x9c, 0xd4, 0x9c, 0xd4, 0x9c, 0xd4, 0x9c,
    0xb4, 0x9c, 0xb4, 0x9c, 0xb4, 0x9c, 0xd4, 0x9c, 0xd4, 0x9c, 0xb4, 0x9c, 0xb4, 0x9c, 0xb4, 0x9c,
    0xb4, 0x9c, 0xb4, 0x94, 0xb4, 0x94, 0xb4, 0x94, 0xb4, 0x94, 0xb4, 0x94, 0xb4, 0x94, 0xb4, 0x94,
    0xb4, 0x94, 0xb4, 0x9c, 0xb4, 0x9c, 0xb4, 0x94, 0xb4, 0x94, 0xb4, 0x94, 0xb4, 0x94, 0xb4, 0x9c,
    0xb4, 0x9c, 0xb4, 0x9c, 0xb4, 0x9c, 0xb4, 0x9c, 0xb4, 0x94, 0xb4, 0x94, 0xb4, 0x94, 0xb4, 0x94,
    0xb4, 0x94, 0xb4, 0x94, 0xb4, 0x94, 0xb4, 0x94, 0xb4, 0x94, 0xb4, 0x9c, 0xb4, 0x9c, 0xb4, 0x9c,
    0xb4, 0x9c, 0xb4, 0x9c, 0xb4, 0x9c, 0xb4, 0x9c, 0xb4, 0x94, 0xb4, 0x9c, 0xb4, 0x94, 0xb4, 0x94,
    0xb4, 0x94, 0xb4, 0x9c, 0xb4, 0x94, 0xb4, 0x94, 0xb4, 0x94, 0xb4, 0x94, 0xb4, 0x94, 0xb4, 0x94,
    0xb4, 0x94, 0xb4, 0x94, 0xb4, 0x94, 0xb4, 0x94, 0xb4, 0x94, 0xb4, 0x94, 0xb4, 0x94, 0xb4, 0x94,
    0xb4, 0x94, 0xb4, 0x94, 0xb4, 0x94, 0xb4, 0x94, 0xb4, 0x94, 0xb4, 0x94, 0xb4, 0x94, 0xb4, 0x94,
    0xb4, 0x94, 0xb4, 0x94, 0xb4, 0x94, 0xb4, 0x94, 0xb3, 0x94, 0xb4, 0x94, 0xb4, 0x94, 0xb3, 0x94,
    0xb3, 0x94, 0xb3, 0x94, 0x93, 0x94, 0x93, 0x94, 0xb4, 0x94, 0xb4, 0x94, 0xb4, 0x9c, 0x93, 0x94,
    0xd4, 0x9c, 0xec, 0x5a, 0x03, 0x21, 0x23, 0x21, 0x23, 0x21, 0x48, 0x21, 0x71, 0x21, 0x71, 0x21,
    0x71, 0x21, 0x71, 0x21, 0x71, 0x21, 0x71, 0x21, 0x71, 0x21, 0x71, 0x21, 0x71, 0x21, 0x71, 0x21,
    0x71, 0x21, 0x71, 0x21, 0x71, 0x21, 0x71, 0x21, 0x71, 0x21, 0x71, 0x21, 0x71, 0x21, 0x71, 0x21,
    0x71, 0x21, 0x71, 0x21, 0x4d, 0x21, 0x49, 0x21, 0x49, 0x21, 0x2a, 0x21, 0x88, 0x29, 0x08, 0x42,
    0xe8, 0x39, 0xe8, 0x39, 0xe8, 0x39, 0xe8, 0x39, 0xe8, 0x39, 0xe8, 0x39, 0xe8, 0x39, 0xe8, 0x39,
    0xe8, 0x39, 0xe8, 0x39, 0xe8, 0x39, 0xe8, 0x39, 0xe8, 0x39, 0xe8, 0x39, 0xe8, 0x39, 0xe8, 0x39,
    0xe8, 0x39, 0xe8, 0x39, 0xe8, 0x39, 0xe8, 0x39, 0xc8, 0x39, 0xe8, 0x39, 0xe8, 0x39, 0xe8, 0x39,
    0xe8, 0x39, 0xe8, 0x39, 0xe8, 0x39, 0xe8, 0x39, 0xe8, 0x39, 0xe8, 0x39, 0xe8, 0x39, 0xe8, 0x39,
    0xe8, 0x39, 0xe8, 0x39, 0xe8, 0x39, 0xe8, 0x39, 0xe8, 0x39, 0xe8, 0x39, 0xe8, 0x39, 0xe8, 0x41,
    0xe8, 0x41, 0xe8, 0x41, 0xe8, 0x39, 0xe8, 0x39, 0xe8, 0x39, 0xc8, 0x39, 0xc8, 0x39, 0xe8, 0x39,
    0xe8, 0x39, 0xe8, 0x39, 0xe8, 0x39, 0xe8, 0x39, 0xe8, 0x39, 0xe8, 0x39, 0xe8, 0x39, 0xe8, 0x39,
    0xe8, 0x39, 0xe8, 0x39, 0xe8, 0x39, 0xe8, 0x39, 0xe8, 0x39, 0xe8, 0x39, 0xe8, 0x39, 0xe8, 0x39,
    0xe8, 0x39, 0xe8, 0x39, 0xe8, 0x39, 0xe8, 0x39, 0xe8, 0x39, 0xe8, 0x39, 0xe8, 0x39, 0xe8, 0x39,
    0xe8, 0x39, 0xe8, 0x39, 0xe8, 0x39, 0xe8, 0x39, 0xe8, 0x39, 0xe8, 0x39, 0xe8, 0x39, 0xe8, 0x39,
    0xe8, 0x39, 0xe8, 0x39, 0xe8, 0x39, 0xe8, 0x39, 0xe8, 0x39, 0xc8, 0x39, 0xe8, 0x39, 0xe8, 0x39,
    0xe8, 0x39, 0xe8, 0x39, 0xe8, 0x39, 0xe8, 0x39, 0xe8, 0x39, 0xe8, 0x39, 0xe8, 0x39, 0xe8, 0x39,
    0xe8, 0x39, 0xe8, 0x39, 0xe8, 0x39, 0xe8, 0x39, 0xe8, 0x39, 0xe8, 0x39, 0xe8, 0x39, 0xe8, 0x39,
    0xe8, 0x39, 0xe8, 0x39, 0xe8, 0x39, 0xe8, 0x39, 0xe8, 0x39, 0xe8, 0x39, 0xe8, 0x39, 0xe8, 0x39,
    0xe8, 0x39, 0xe8, 0x39, 0xe8, 0x39, 0xe8, 0x39, 0xe8, 0x39, 0xe8, 0x39, 0xe8, 0x39, 0xe8, 0x39,
    0xe8, 0x39, 0xe8, 0x39, 0xe8, 0x39, 0xe8, 0x39, 0xe8, 0x39, 0xe8, 0x39, 0xe8, 0x39, 0xe8, 0x39,
    0xe8, 0x39, 0xe8, 0x39, 0xe8, 0x39, 0xe8, 0x39, 0xe8, 0x39, 0xe8, 0x39, 0xe8, 0x39, 0xe8, 0x39,
    0xe8, 0x39, 0xe8, 0x39, 0xe8, 0x39, 0xe8, 0x39, 0xe8, 0x39, 0xe8, 0x39, 0xe8, 0x39, 0xe8, 0x39,
    0xe8, 0x39, 0xe8, 0x39, 0xe8, 0x39, 0xe8, 0x39, 0xe8, 0x39, 0xe8, 0x39, 0xe8, 0x39, 0xe8, 0x39,
    0xe8, 0x39, 0xe8, 0x39, 0xe8, 0x39, 0xe8, 0x39, 0xc8, 0x39, 0xc8, 0x39, 0xc8, 0x39, 0xe8, 0x39,
    0xe8, 0x39, 0xe8, 0x39, 0xe8, 0x39, 0xe8, 0x39, 0xe8, 0x39, 0xe8, 0x39, 0xe8, 0x39, 0xe8, 0x39,
    0xe8, 0x39, 0xe8, 0x39, 0xe8, 0x39, 0xe8, 0x39, 0xe8, 0x39, 0xe8, 0x39, 0xe8, 0x39, 0xe8, 0x39,
    0xe8, 0x39, 0xe8, 0x39, 0xe8, 0x39, 0xe8, 0x39, 0xe8, 0x39, 0xe8, 0x39, 0xe8, 0x39, 0xe8, 0x39,
    0xe8, 0x39, 0xe8, 0x41, 0xe8, 0x39, 0xc8, 0x39, 0xc7, 0x39, 0x87, 0x29, 0x29, 0x21, 0x28, 0x21,
    0x27, 0x21, 0x4c, 0x21, 0x71, 0x21, 0x71, 0x21, 0x71, 0x21, 0x71, 0x21, 0x71, 0x21, 0x71, 0x21,
    0x71, 0x21, 0x71, 0x21, 0x71, 0x21, 0x71, 0x21, 0x71, 0x21, 0x71, 0x21, 0x71, 0x21, 0x71, 0x21,
    0x71, 0x21, 0x71, 0x21, 0x71, 0x21, 0x71, 0x21, 0x71, 0x21, 0x71, 0x21, 0x71, 0x21, 0x71, 0x21,
    0x51, 0x21, 0x72, 0x21, 0x2b, 0x21, 0x03, 0x21, 0x04, 0x21, 0x04, 0x21, 0x04, 0x21, 0x04, 0x21,
    0x04, 0x21, 0x04, 0x21, 0x04, 0x21, 0x03, 0x21, 0xe3, 0x18, 0x03, 0x19, 0x03, 0x21, 0x03, 0x21,
    0x04, 0x21, 0x04, 0x21, 0x03, 0x21, 0x03, 0x21, 0x03, 0x21, 0x03, 0x21, 0x03, 0x21, 0x03, 0x21,
    0x03, 0x19, 0x03, 0x21, 0x03, 0x21, 0x03, 0x21, 0x03, 0x21, 0x03, 0x21, 0x04, 0x21, 0x04, 0x21,
    0x04, 0x21, 0x04, 0x21, 0x04, 0x21, 0x04, 0x21, 0x04, 0x21, 0x04, 0x21, 0x04, 0x21, 0x04, 0x21,
    0x04, 0x21, 0x04, 0x21, 0x04, 0x21, 0x04, 0x21, 0x04, 0x21, 0x04, 0x21, 0x04, 0x21, 0x03, 0x21,
    0x04, 0x21, 0x04, 0x21, 0x03, 0x21, 0x03, 0x21, 0x03, 0x21, 0x03, 0x21, 0x03, 0x21, 0x03, 0x21,
    0x03, 0x21, 0x04, 0x21, 0x03, 0x21, 0x03, 0x21, 0x03, 0x21, 0x03, 0x21, 0x03, 0x21, 0x04, 0x21,
    0x04, 0x21, 0x04, 0x21, 0x04, 0x21, 0x03, 0x21, 0x03, 0x21, 0x04, 0x21, 0x04, 0x21, 0x04, 0x21,
    0x04, 0x21, 0x04, 0x21, 0x03, 0x21, 0x03, 0x21, 0x04, 0x21, 0x04, 0x21, 0x04, 0x21, 0x04, 0x21,
    0x04, 0x21, 0x03, 0x21, 0x03, 0x19, 0x03, 0x21, 0x03, 0x19, 0x03, 0x21, 0x04, 0x21, 0x03, 0x21,
    0x03, 0x19, 0x03, 0x21, 0x03, 0x21, 0x03, 0x21, 0x04, 0x21, 0x04, 0x21, 0x03, 0x21, 0x04, 0x21,
    0x04, 0x21, 0x03, 0x21, 0x03, 0x21, 0x03, 0x21, 0x03, 0x21, 0x03, 0x21, 0x03, 0x21, 0x03, 0x21,
    0x04, 0x21, 0x04, 0x21, 0x04, 0x21, 0x04, 0x21, 0x04, 0x21, 0x04, 0x21, 0x04, 0x21, 0x04, 0x21,
    0x04, 0x21, 0x04, 0x21, 0x04, 0x21, 0x04, 0x21, 0x04, 0x21, 0x04, 0x21, 0x03, 0x21, 0x03, 0x21,
    0x03, 0x21, 0x04, 0x21, 0x04, 0x21, 0x04, 0x21, 0x04, 0x21, 0x04, 0x21, 0x04, 0x21, 0x04, 0x21,
    0x04, 0x21, 0x03, 0x19, 0x03, 0x19, 0x03, 0x19, 0x03, 0x19, 0x03, 0x19, 0x03, 0x19, 0x03, 0x19,
    0x04, 0x21, 0x03, 0x21, 0x04, 0x21, 0x04, 0x21, 0x03, 0x21, 0x04, 0x21, 0x04, 0x21, 0x04, 0x21,
    0x04, 0x21, 0x04, 0x21, 0x04, 0x21, 0x03, 0x21, 0x03, 0x21, 0x03, 0x21, 0x04, 0x21, 0x04, 0x21,
    0x04, 0x21, 0x04, 0x21, 0x04, 0x21, 0x04, 0x21, 0x04, 0x21, 0x04, 0x21, 0x04, 0x21, 0x04, 0x21,
    0x04, 0x21, 0x04, 0x21, 0xe4, 0x18, 0x04, 0x21, 0x04, 0x21, 0x04, 0x19, 0x04, 0x19, 0x04, 0x19,
    0x04, 0x21, 0x04, 0x21, 0x04, 0x21, 0x03, 0x21, 0x03, 0x21, 0x03, 0x21, 0x03, 0x21, 0x04, 0x21,
    0x04, 0x21, 0x04, 0x21, 0x04, 0x21, 0x04, 0x21, 0x03, 0x21, 0x03, 0x21, 0x03, 0x21, 0x03, 0x21,
    0x04, 0x21, 0x04, 0x21, 0x04, 0x21, 0x04, 0x21, 0x04, 0x21, 0x04, 0x21, 0x04, 0x21, 0x04, 0x21,
    0x03, 0x21, 0x09, 0x19, 0x51, 0x19, 0x71, 0x21, 0x51, 0x21, 0x71, 0x21, 0x71, 0x21, 0x71, 0x21,
    0x71, 0x21, 0x71, 0x21, 0x71, 0x21, 0x71, 0x21, 0x71, 0x21, 0x71, 0x21, 0x71, 0x21, 0x71, 0x21,
    0x71, 0x21, 0x71, 0x21, 0x71, 0x21, 0x71, 0x21, 0x71, 0x21, 0x71, 0x21, 0x71, 0x21, 0x71, 0x21,
    0x71, 0x21, 0x71, 0x21, 0x71, 0x21, 0x71, 0x21, 0x71, 0x21, 0x72, 0x21, 0x4c, 0x21, 0x24, 0x21,
    0x24, 0x21, 0x44, 0x29, 0x24, 0x21, 0x24, 0x21, 0x24, 0x21, 0x24, 0x21, 0x24, 0x21, 0x24, 0x21,
    0x24, 0x21, 0x24, 0x21, 0x24, 0x21, 0x24, 0x21, 0x24, 0x21, 0x24, 0x21, 0x24, 0x21, 0x24, 0x21,
    0x24, 0x21, 0x24, 0x21, 0x24, 0x21, 0x24, 0x21, 0x23, 0x21, 0x24, 0x21, 0x24, 0x21, 0x24, 0x21,
    0x24, 0x21, 0x24, 0x21, 0x24, 0x21, 0x24, 0x21, 0x24, 0x21, 0x24, 0x21, 0x24, 0x21, 0x24, 0x21,
    0x24, 0x21, 0x24, 0x21, 0x24, 0x21, 0x24, 0x21, 0x24, 0x21, 0x24, 0x21, 0x24, 0x21, 0x24, 0x21,
    0x24, 0x21, 0x24, 0x21, 0x24, 0x21, 0x24, 0x21, 0x24, 0x21, 0x24, 0x21, 0x24, 0x21, 0x24, 0x21,
    0x24, 0x21, 0x24, 0x21, 0x24, 0x21, 0x24, 0x21, 0x24, 0x21, 0x24, 0x21, 0x24, 0x21, 0x24, 0x21,
    0x24, 0x21, 0x24, 0x21, 0x23, 0x21, 0x24, 0x21, 0x24, 0x21, 0x24, 0x21, 0x24, 0x21, 0x24, 0x21,
    0x23, 0x21, 0x24, 0x21, 0x24, 0x21, 0x24, 0x21, 0x24, 0x21, 0x24, 0x21, 0x24, 0x21, 0x24, 0x21,
    0x24, 0x21, 0x24, 0x21, 0x24, 0x21, 0x24, 0x21, 0x24, 0x21, 0x24, 0x21, 0x24, 0x21, 0x24, 0x21,
    0x24, 0x21, 0x24, 0x21, 0x24, 0x21, 0x24, 0x21, 0x23, 0x21, 0x23, 0x21, 0x24, 0x21, 0x24, 0x21,
    0x24, 0x21, 0x24, 0x21, 0x24, 0x21, 0x24, 0x21, 0x24, 0x21, 0x24, 0x21, 0x24, 0x21, 0x24, 0x21,
    0x24, 0x21, 0x24, 0x21, 0x24, 0x21, 0x24, 0x21, 0x24, 0x21, 0x24, 0x21, 0x24, 0x21, 0x24, 0x21,
    0x23, 0x21, 0x24, 0x21, 0x24, 0x21, 0x24, 0x21, 0x24, 0x21, 0x24, 0x21, 0x24, 0x21, 0x24, 0x21,
    0x24, 0x21, 0x24, 0x21, 0x24, 0x21, 0x24, 0x21, 0x24, 0x21, 0x24, 0x21, 0x24, 0x21, 0x24, 0x21,
    0x24, 0x21, 0x24, 0x21, 0x24, 0x21, 0x24, 0x21, 0x24, 0x21, 0x23, 0x21, 0x23, 0x21, 0x24, 0x21,
    0x24, 0x21, 0x24, 0x21, 0x24, 0x21, 0x24, 0x21, 0x24, 0x21, 0x24, 0x21, 0x24, 0x21, 0x24, 0x21,
    0x24, 0x21, 0x24, 0x21, 0x24, 0x21, 0x24, 0x21, 0x24, 0x21, 0x24, 0x21, 0x24, 0x21, 0x24, 0x21,
    0x24, 0x21, 0x24, 0x21, 0x24, 0x21, 0x24, 0x21, 0x24, 0x21, 0x24, 0x21, 0x24, 0x21, 0x24, 0x21,
    0x24, 0x21, 0x24, 0x21, 0x24, 0x21, 0x24, 0x21, 0x24, 0x21, 0x24, 0x21, 0x04, 0x21, 0x24, 0x21,
    0x24, 0x21, 0x24, 0x21, 0x24, 0x21, 0x24, 0x21, 0x24, 0x21, 0x24, 0x21, 0x24, 0x21, 0x24, 0x21,
    0x24, 0x21, 0x24, 0x21, 0x24, 0x21, 0x24, 0x21, 0x24, 0x21, 0x24, 0x21, 0x24, 0x21, 0x24, 0x21,
    0x24, 0x21, 0x24, 0x21, 0x24, 0x21, 0x24, 0x21, 0x24, 0x21, 0x24, 0x21, 0x24, 0x21, 0x24, 0x21,
    0x24, 0x21, 0x24, 0x21, 0x24, 0x21, 0x24, 0x21, 0x23, 0x29, 0x4a, 0x21, 0x51, 0x21, 0x71, 0x21,
    0x71, 0x21, 0x71, 0x21, 0x71, 0x21, 0x71, 0x21, 0x71, 0x21, 0x71, 0x21, 0x71, 0x21, 0x71, 0x21,
    0x71, 0x21, 0x71, 0x21, 0x71, 0x21, 0x71, 0x21, 0x71, 0x21, 0x71, 0x21, 0x71, 0x21, 0x71, 0x21,
    0x71, 0x21, 0x71, 0x21, 0x71, 0x21, 0x71, 0x21, 0x71, 0x21, 0x71, 0x21, 0x71, 0x21, 0x71, 0x21,
    0x71, 0x21, 0x72, 0x21, 0x4e, 0x21, 0x25, 0x21, 0x25, 0x21, 0x25, 0x21, 0x25, 0x21, 0x25, 0x21,
    0x04, 0x21, 0x24, 0x21, 0x04, 0x21, 0x04, 0x21, 0x04, 0x21, 0x04, 0x21, 0x04, 0x21, 0x04, 0x21,
    0x04, 0x21, 0x04, 0x21, 0x04, 0x21, 0x04, 0x21, 0x04, 0x21, 0x04, 0x21, 0x04, 0x21, 0x04, 0x21,
    0x04, 0x21, 0x04, 0x21, 0x04, 0x21, 0x04, 0x21, 0x04, 0x21, 0x04, 0x21, 0x04, 0x21, 0x04, 0x21,
    0x24, 0x21, 0x24, 0x21, 0x24, 0x21, 0x24, 0x21, 0x24, 0x21, 0x04, 0x21, 0x04, 0x21, 0x04, 0x21,
    0x04, 0x21, 0x04, 0x21, 0x04, 0x21, 0x04, 0x21, 0x24, 0x21, 0x04, 0x21, 0x04, 0x21, 0x04, 0x21,
    0x24, 0x21, 0x24, 0x21, 0x04, 0x21, 0x04, 0x21, 0x04, 0x21, 0x04, 0x21, 0x04, 0x21, 0x24, 0x21,
    0x04, 0x21, 0x04, 0x21, 0x24, 0x21, 0x24, 0x21, 0x04, 0x21, 0x04, 0x21, 0x04, 0x21, 0x04, 0x21,
    0x04, 0x21, 0x04, 0x21, 0x04, 0x21, 0x04, 0x21, 0x04, 0x21, 0x04, 0x21, 0x24, 0x21, 0x24, 0x21,
    0x04, 0x21, 0x04, 0x21, 0x04, 0x21, 0x04, 0x21, 0x04, 0x21, 0x04, 0x21, 0x04, 0x21, 0x04, 0x21,
    0x04, 0x21, 0x04, 0x21, 0x04, 0x21, 0x04, 0x21, 0x04, 0x21, 0x04, 0x21, 0x04, 0x21, 0x04, 0x21,
    0x04, 0x21, 0x04, 0x21, 0x04, 0x21, 0x04, 0x21, 0x04, 0x21, 0x04, 0x21, 0x04, 0x21, 0x04, 0x21,
    0x04, 0x21, 0x04, 0x21, 0x04, 0x21, 0x04, 0x21, 0x04, 0x21, 0x05, 0x21, 0x05, 0x21, 0x05, 0x21,
    0x05, 0x21, 0x05, 0x21, 0x05, 0x21, 0x04, 0x21, 0x04, 0x21, 0x04, 0x21, 0x04, 0x21, 0x04, 0x21,
    0x04, 0x21, 0x04, 0x21, 0x04, 0x21, 0x04, 0x21, 0x04, 0x21, 0x04, 0x21, 0x04, 0x21, 0x04, 0x21,
    0x04, 0x21, 0x04, 0x21, 0x04, 0x21, 0x04, 0x21, 0x25, 0x21, 0x24, 0x21, 0x04, 0x21, 0x04, 0x21,
    0x04, 0x21, 0x04, 0x21, 0x04, 0x21, 0x04, 0x21, 0x04, 0x21, 0x04, 0x21, 0x24, 0x21, 0x24, 0x21,
    0x24, 0x21, 0x24, 0x21, 0x24, 0x21, 0x24, 0x21, 0x04, 0x21, 0x04, 0x21, 0x04, 0x21, 0x04, 0x21,
    0x04, 0x21, 0x04, 0x21, 0x04, 0x21, 0x04, 0x21, 0x04, 0x21, 0x04, 0x21, 0x04, 0x21, 0x04, 0x21,
    0x04, 0x21, 0x04, 0x21, 0x04, 0x21, 0x04, 0x21, 0x04, 0x21, 0x04, 0x21, 0x04, 0x21, 0x04, 0x21,
    0x04, 0x21, 0x04, 0x21, 0x04, 0x21, 0x04, 0x21, 0x04, 0x21, 0x04, 0x21, 0x04, 0x21, 0x04, 0x21,
    0x04, 0x21, 0x04, 0x21, 0x04, 0x21, 0x04, 0x21, 0x04, 0x21, 0x04, 0x21, 0x24, 0x21, 0x04, 0x21,
    0x04, 0x21, 0x24, 0x21, 0x04, 0x21, 0x04, 0x21, 0x04, 0x21, 0x04, 0x21, 0x04, 0x21, 0x04, 0x21,
    0x04, 0x21, 0x04, 0x21, 0x04, 0x21, 0x04, 0x21, 0x24, 0x21, 0x24, 0x21, 0x24, 0x21, 0x25, 0x21,
    0x24, 0x21, 0x4d, 0x21, 0x71, 0x21, 0x71, 0x21, 0x71, 0x21, 0x71, 0x21, 0x71, 0x21, 0x71, 0x21,
    0x71, 0x21, 0x71, 0x21, 0x71, 0x21, 0x71, 0x21, 0x71, 0x21, 0x71, 0x21, 0x71, 0x21, 0x71, 0x21,
    0x71, 0x21, 0x71, 0x21, 0x71, 0x21, 0x71, 0x21, 0x71, 0x21, 0x71, 0x21, 0x71, 0x21, 0x71, 0x21,
    0x71, 0x21, 0x71, 0x21, 0x71, 0x21, 0x71, 0x21, 0x71, 0x21, 0x71, 0x21, 0x51, 0x21, 0x4f, 0x21,
    0x4f, 0x21, 0x4f, 0x21, 0x4e, 0x21, 0x4e, 0x21, 0x4e, 0x21, 0x4e, 0x21, 0x4e, 0x21, 0x4e, 0x21,
    0x4e, 0x21, 0x4e, 0x21, 0x4e, 0x21, 0x4e, 0x21, 0x4e, 0x21, 0x4e, 0x21, 0x4e, 0x21, 0x4e, 0x21,
    0x4e, 0x21, 0x4f, 0x21, 0x4e, 0x21, 0x4e, 0x21, 0x4e, 0x21, 0x4f, 0x21, 0x4e, 0x21, 0x4f, 0x21,
    0x4f, 0x19, 0x4e, 0x19, 0x4e, 0x19, 0x4e, 0x19, 0x4f, 0x21, 0x4f, 0x21, 0x4f, 0x21, 0x4f, 0x21,
    0x4f, 0x21, 0x4f, 0x21, 0x4f, 0x21, 0x4e, 0x19, 0x4f, 0x21, 0x4f, 0x21, 0x4f, 0x21, 0x4f, 0x21,
    0x4f, 0x21, 0x4e, 0x19, 0x4e, 0x19, 0x4f, 0x21, 0x4f, 0x21, 0x4f, 0x21, 0x4f, 0x21, 0x4e, 0x19,
    0x4f, 0x21, 0x4f, 0x21, 0x4f, 0x21, 0x4f, 0x21, 0x4f, 0x21, 0x4f, 0x21, 0x4f, 0x21, 0x4f, 0x21,
    0x4f, 0x21, 0x4f, 0x21, 0x4f, 0x21, 0x4f, 0x21, 0x4f, 0x21, 0x4f, 0x21, 0x4f, 0x21, 0x4f, 0x21,
    0x4f, 0x21, 0x4f, 0x21, 0x4f, 0x21, 0x4f, 0x21, 0x4f, 0x21, 0x4f, 0x21, 0x4f, 0x21, 0x4f, 0x21,
    0x4f, 0x21, 0x4f, 0x21, 0x4f, 0x21, 0x4f, 0x21, 0x4f, 0x21, 0x4f, 0x21, 0x4f, 0x21, 0x4f, 0x21,
    0x4f, 0x21, 0x4f, 0x21, 0x4f, 0x21, 0x4f, 0x21, 0x4f, 0x21, 0x4f, 0x21, 0x4f, 0x21, 0x4f, 0x21,
    0x4f, 0x21, 0x4f, 0x21, 0x4f, 0x21, 0x4f, 0x21, 0x4f, 0x21, 0x4f, 0x21, 0x4f, 0x21, 0x4f, 0x21,
    0x4f, 0x21, 0x4f, 0x21, 0x4f, 0x21, 0x4f, 0x21, 0x4f, 0x21, 0x4f, 0x21, 0x4f, 0x21, 0x4f, 0x21,
    0x4f, 0x21, 0x4f, 0x21, 0x4f, 0x21, 0x4f, 0x21, 0x4f, 0x21, 0x4f, 0x21, 0x4f, 0x21, 0x4f, 0x21,
    0x4f, 0x21, 0x4f, 0x21, 0x4f, 0x21, 0x4f, 0x21, 0x4f, 0x21, 0x4f, 0x21, 0x4f, 0x21, 0x4f, 0x21,
    0x4e, 0x21, 0x4e, 0x21, 0x4e, 0x19, 0x4e, 0x21, 0x4e, 0x21, 0x4f, 0x21, 0x4f, 0x21, 0x4f, 0x21,
    0x4e, 0x21, 0x4f, 0x21, 0x4f, 0x21, 0x4f, 0x21, 0x4e, 0x21, 0x4f, 0x21, 0x4f, 0x21, 0x4e, 0x21,
    0x4e, 0x21, 0x4e, 0x21, 0x4e, 0x19, 0x4e, 0x21, 0x4e, 0x21, 0x4e, 0x21, 0x4e, 0x21, 0x4e, 0x21,
    0x4e, 0x21, 0x4e, 0x21, 0x4e, 0x21, 0x4e, 0x21, 0x4e, 0x21, 0x4e, 0x21, 0x4e, 0x21, 0x4e, 0x21,
    0x4e, 0x21, 0x4e, 0x21, 0x4e, 0x21, 0x4e, 0x21, 0x4e, 0x21, 0x4e, 0x21, 0x4e, 0x21, 0x4e, 0x21,
    0x4e, 0x21, 0x4e, 0x21, 0x4e, 0x21, 0x4e, 0x21, 0x4e, 0x21, 0x4e, 0x21, 0x4e, 0x21, 0x4e, 0x21,
    0x4e, 0x21, 0x4e, 0x21, 0x4e, 0x21, 0x4e, 0x21, 0x4e, 0x21, 0x4e, 0x21, 0x4e, 0x21, 0x4e, 0x21,
    0x4e, 0x21, 0x4e, 0x21, 0x4e, 0x21, 0x4e, 0x21, 0x4e, 0x21, 0x4e, 0x21, 0x4e, 0x21, 0x4e, 0x21,
    0x4e, 0x21, 0x4e, 0x21, 0x4f, 0x21, 0x4f, 0x21, 0x4f, 0x21, 0x71, 0x21, 0x71, 0x21, 0x71, 0x21,
    0x71, 0x21, 0x71, 0x21, 0x71, 0x21, 0x71, 0x21, 0x71, 0x21, 0x71, 0x21, 0x71, 0x21, 0x71, 0x21,
    0x71, 0x21, 0x71, 0x21, 0x71, 0x21, 0x71, 0x21, 0x71, 0x21, 0x71, 0x21, 0x71, 0x21, 0x71, 0x21,
    0x71, 0x21, 0x71, 0x21, 0x71, 0x21, 0x71, 0x21, 0x71, 0x21, 0x71, 0x21, 0x71, 0x21, 0x71, 0x21,
    0x71, 0x21, 0x71, 0x21, 0x71, 0x21, 0x71, 0x21, 0x71, 0x21, 0x71, 0x21, 0x72, 0x21, 0x72, 0x21,
    0x72, 0x21, 0x72, 0x21, 0x72, 0x21, 0x72, 0x21, 0x72, 0x21, 0x72, 0x21, 0x72, 0x21, 0x72, 0x21,
    0x72, 0x21, 0x72, 0x21, 0x72, 0x21, 0x72, 0x21, 0x72, 0x21, 0x72, 0x21, 0x72, 0x21, 0x72, 0x21,
    0x72, 0x21, 0x72, 0x21, 0x72, 0x21, 0x71, 0x21, 0x71, 0x21, 0x72, 0x21, 0x71, 0x21, 0x71, 0x21,
    0x71, 0x21, 0x71, 0x21, 0x71, 0x21, 0x71, 0x21, 0x71, 0x21, 0x71, 0x21, 0x71, 0x21, 0x71, 0x21,
    0x71, 0x21, 0x71, 0x21, 0x71, 0x21, 0x71, 0x21, 0x71, 0x21, 0x71, 0x21, 0x71, 0x21, 0x71, 0x21,
    0x71, 0x21, 0x71, 0x21, 0x71, 0x21, 0x71, 0x21, 0x71, 0x21, 0x71, 0x21, 0x71, 0x21, 0x71, 0x21,
    0x71, 0x21, 0x71, 0x21, 0x71, 0x21, 0x71, 0x21, 0x71, 0x21, 0x71, 0x21, 0x71, 0x21, 0x71, 0x21,
    0x71, 0x21, 0x71, 0x21, 0x71, 0x21, 0x71, 0x21, 0x71, 0x21, 0x71, 0x21, 0x71, 0x21, 0x71, 0x21,
    0x71, 0x21, 0x71, 0x21, 0x71, 0x21, 0x71, 0x21, 0x71, 0x21, 0x71, 0x21, 0x71, 0x21, 0x71, 0x21,
    0x71, 0x21, 0x71, 0x21, 0x71, 0x21, 0x71, 0x21, 0x71, 0x21, 0x71, 0x21, 0x71, 0x21, 0x71, 0x21,
    0x71, 0x21, 0x71, 0x21, 0x71, 0x21, 0x71, 0x21, 0x71, 0x21, 0x71, 0x21, 0x71, 0x21, 0x71, 0x21,
    0x71, 0x21, 0x71, 0x21, 0x71, 0x21, 0x71, 0x21, 0x71, 0x21, 0x71, 0x21, 0x71, 0x21, 0x71, 0x21,
    0x71, 0x21, 0x71, 0x21, 0x71, 0x21, 0x71, 0x21, 0x71, 0x21, 0x71, 0x21, 0x71, 0x21, 0x71, 0x21,
    0x71, 0x21, 0x71, 0x21, 0x71, 0x21, 0x71, 0x21, 0x71, 0x21, 0x71, 0x21, 0x71, 0x21, 0x71, 0x21,
    0x71, 0x21, 0x71, 0x21, 0x71, 0x21, 0x71, 0x21, 0x72, 0x21, 0x71, 0x21, 0x72, 0x21, 0x72, 0x21,
    0x71, 0x21, 0x71, 0x21, 0x71, 0x21, 0x71, 0x21, 0x71, 0x21, 0x71, 0x21, 0x71, 0x21, 0x71, 0x21,
    0x72, 0x21, 0x72, 0x21, 0x72, 0x21, 0x71, 0x21, 0x71, 0x21, 0x72, 0x21, 0x72, 0x21, 0x72, 0x21,
    0x72, 0x21, 0x72, 0x21, 0x72, 0x21, 0x72, 0x21, 0x72, 0x21, 0x72, 0x21, 0x72, 0x21, 0x72, 0x21,
    0x72, 0x21, 0x72, 0x21, 0x72, 0x21, 0x72, 0x21, 0x72, 0x21, 0x72, 0x21, 0x72, 0x21, 0x72, 0x21,
    0x72, 0x21, 0x72, 0x21, 0x72, 0x21, 0x72, 0x21, 0x72, 0x21, 0x72, 0x21, 0x72, 0x21, 0x72, 0x21,
    0x72, 0x21, 0x72, 0x21, 0x72, 0x21, 0x72, 0x21, 0x72, 0x21, 0x72, 0x21, 0x72, 0x21, 0x72, 0x21,
    0x72, 0x21, 0x72, 0x21, 0x72, 0x21, 0x72, 0x21, 0x72, 0x21, 0x72, 0x21, 0x72, 0x21, 0x72, 0x21,
    0x72, 0x21, 0x72, 0x21, 0x72, 0x21, 0x72, 0x21, 0x72, 0x21, 0x72, 0x21, 0x72, 0x21, 0x71, 0x21,
    0x71, 0x21, 0x71, 0x21, 0x71, 0x21, 0x71, 0x21, 0x71, 0x21, 0x71, 0x21, 0x71, 0x21, 0x71, 0x21,
    0x71, 0x21, 0x71, 0x21, 0x71, 0x21, 0x71, 0x21, 0x71, 0x21, 0x71, 0x21, 0x71, 0x21, 0x71, 0x21,
    0x71, 0x21, 0x71, 0x21, 0x71, 0x21, 0x71, 0x21, 0x71, 0x21, 0x71, 0x21, 0x71, 0x21, 0x71, 0x21,
    0x71, 0x21, 0x71, 0x21, 0x71, 0x21, 0x71, 0x21, 0x71, 0x21, 0x71, 0x21, 0x71, 0x21, 0x71, 0x21,
    0x71, 0x21, 0x71, 0x21, 0x71, 0x21, 0x71, 0x21, 0x71, 0x21, 0x71, 0x21, 0x71, 0x21, 0x71, 0x21,
    0x71, 0x21, 0x71, 0x21, 0x71, 0x21, 0x71, 0x21, 0x71, 0x21, 0x71, 0x21, 0x71, 0x21, 0x71, 0x21,
    0x71, 0x21, 0x71, 0x21, 0x71, 0x21, 0x71, 0x21, 0x71, 0x21, 0x71, 0x21, 0x71, 0x21, 0x71, 0x21,
    0x71, 0x21, 0x71, 0x21, 0x71, 0x21, 0x71, 0x21, 0x71, 0x21, 0x71, 0x21, 0x71, 0x21, 0x71, 0x21,
    0x71, 0x21, 0x71, 0x21, 0x71, 0x21, 0x71, 0x21, 0x71, 0x21, 0x71, 0x21, 0x71, 0x21, 0x71, 0x21,
    0x71, 0x21, 0x71, 0x21, 0x71, 0x21, 0x71, 0x21, 0x71, 0x21, 0x71, 0x21, 0x71, 0x21, 0x71, 0x21,
    0x71, 0x21, 0x71, 0x21, 0x71, 0x21, 0x71, 0x21, 0x71, 0x21, 0x71, 0x21, 0x71, 0x21, 0x71, 0x21,
    0x71, 0x21, 0x71, 0x21, 0x71, 0x21, 0x71, 0x21, 0x71, 0x21, 0x71, 0x21, 0x71, 0x21, 0x71, 0x21,
    0x71, 0x21, 0x71, 0x21, 0x71, 0x21, 0x71, 0x21, 0x71, 0x21, 0x71, 0x21, 0x71, 0x21, 0x71, 0x21,
    0x71, 0x21, 0x71, 0x21, 0x71, 0x21, 0x71, 0x21, 0x71, 0x21, 0x71, 0x21, 0x71, 0x21, 0x71, 0x21,
    0x71, 0x21, 0x71, 0x21, 0x71, 0x21, 0x71, 0x21, 0x71, 0x21, 0x71, 0x21, 0x71, 0x21, 0x71, 0x21,
    0x71, 0x21, 0x71, 0x21, 0x71, 0x21, 0x71, 0x21, 0x71, 0x21, 0x71, 0x21, 0x71, 0x21, 0x71, 0x21,
    0x71, 0x21, 0x71, 0x21, 0x71, 0x21, 0x71, 0x21, 0x71, 0x21, 0x71, 0x21, 0x71, 0x21, 0x71, 0x21,
    0x71, 0x21, 0x71, 0x21, 0x71, 0x21, 0x71, 0x21, 0x71, 0x21, 0x71, 0x21, 0x71, 0x21, 0x71, 0x21,
    0x71, 0x21, 0x71, 0x21, 0x71, 0x21, 0x71, 0x21, 0x71, 0x21, 0x71, 0x21, 0x71, 0x21, 0x71, 0x21,
    0x71, 0x21, 0x71, 0x21, 0x71, 0x21, 0x71, 0x21, 0x71, 0x21, 0x71, 0x21, 0x71, 0x21, 0x71, 0x21,
    0x71, 0x21, 0x71, 0x21, 0x71, 0x21, 0x71, 0x21, 0x71, 0x21, 0x71, 0x21, 0x71, 0x21, 0x71, 0x21,
    0x71, 0x21, 0x71, 0x21, 0x71, 0x21, 0x71, 0x21, 0x71, 0x21, 0x71, 0x21, 0x71, 0x21, 0x71, 0x21,
    0x71, 0x21, 0x71, 0x21, 0x71, 0x21, 0x71, 0x21, 0x71, 0x21, 0x71, 0x21, 0x71, 0x21, 0x71, 0x21,
    0x71, 0x21, 0x71, 0x21, 0x71, 0x21, 0x71, 0x21, 0x71, 0x21, 0x71, 0x21, 0x71, 0x21, 0x71, 0x21,
    0x71, 0x21, 0x71, 0x21, 0x71, 0x21, 0x71, 0x21, 0x71, 0x21, 0x71, 0x21, 0x71, 0x21, 0x71, 0x21,
    0x71, 0x21, 0x71, 0x21, 0x71, 0x21, 0x71, 0x21, 0x71, 0x21, 0x71, 0x21, 0x71, 0x21, 0x71, 0x21,
    0x71, 0x21, 0x71, 0x21, 0x71, 0x21, 0x71, 0x21, 0x71, 0x21, 0x71, 0x21, 0x71, 0x21, 0x71, 0x21,
    0x71, 0x21, 0x71, 0x21, 0x71, 0x21, 0x71, 0x21, 0x71, 0x21, 0x71, 0x21, 0x71, 0x21, 0x71, 0x21,
    0x71, 0x21, 0x71, 0x21, 0x71, 0x21, 0x71, 0x21, 0x71, 0x21, 0x71, 0x21, 0x71, 0x21, 0x71, 0x21,
    0x71, 0x21, 0x71, 0x21, 0x71, 0x21, 0x71, 0x21, 0x71, 0x21, 0x71, 0x21, 0x71, 0x21, 0x71, 0x21,
    0x71, 0x21, 0x71, 0x21, 0x71, 0x21, 0x71, 0x21, 0x71, 0x21, 0x71, 0x21, 0x71, 0x21, 0x71, 0x21,
    0x71, 0x21, 0x71, 0x21, 0x71, 0x21, 0x71, 0x21, 0x71, 0x21, 0x71, 0x21, 0x71, 0x21, 0x71, 0x21,
    0x71, 0x21, 0x71, 0x21, 0x71, 0x21, 0x71, 0x21, 0x71, 0x21, 0x71, 0x21, 0x71, 0x21, 0x71, 0x21,
    0x71, 0x21, 0x71, 0x21, 0x71, 0x21, 0x71, 0x21, 0x71, 0x21, 0x71, 0x21, 0x71, 0x21, 0x71, 0x21,
    0x71, 0x21, 0x71, 0x21, 0x71, 0x21, 0x71, 0x21, 0x71, 0x21, 0x71, 0x21, 0x71, 0x21, 0x71, 0x21,
    0x71, 0x21, 0x71, 0x21, 0x71, 0x21, 0x71, 0x21, 0x71, 0x21, 0x71, 0x21, 0x71, 0x21, 0x71, 0x21,
    0x71, 0x21, 0x71, 0x21, 0x71, 0x21, 0x71, 0x21, 0x71, 0x21, 0x71, 0x21, 0x71, 0x21, 0x71, 0x21,
    0x71, 0x21, 0x71, 0x21, 0x71, 0x21, 0x71, 0x21, 0x71, 0x21, 0x71, 0x21, 0x71, 0x21, 0x71, 0x21,
    0x71, 0x21, 0x71, 0x21, 0x71, 0x21, 0x71, 0x21, 0x71, 0x21, 0x71, 0x21, 0x71, 0x21, 0x71, 0x21,
    0x71, 0x21, 0x71, 0x21, 0x71, 0x21, 0x71, 0x21, 0x71, 0x21, 0x71, 0x21, 0x71, 0x21, 0x71, 0x21,
    0x71, 0x21, 0x71, 0x21, 0x71, 0x21, 0x71, 0x21, 0x71, 0x21, 0x71, 0x21, 0x71, 0x21, 0x71, 0x21,
    0x71, 0x21, 0x71, 0x21, 0x71, 0x21, 0x71, 0x21, 0x71, 0x21, 0x71, 0x21, 0x71, 0x21, 0x71, 0x21,
    0x71, 0x21, 0x71, 0x21, 0x71, 0x21, 0x71, 0x21, 0x71, 0x21, 0x71, 0x21, 0x71, 0x21, 0x71, 0x21,
    0x71, 0x21, 0x71, 0x21, 0x71, 0x21, 0x71, 0x21, 0x71, 0x21, 0x71, 0x21, 0x71, 0x21, 0x71, 0x21,
    0x71, 0x21, 0x71, 0x21, 0x71, 0x21, 0x71, 0x21, 0x71, 0x21, 0x71, 0x21, 0x71, 0x21, 0x71, 0x21,
    0x71, 0x21, 0x71, 0x21, 0x71, 0x21, 0x71, 0x21, 0x71, 0x21, 0x71, 0x21, 0x71, 0x21, 0x71, 0x21,
    0x71, 0x21, 0x71, 0x21, 0x71, 0x21, 0x71, 0x21, 0x71, 0x21, 0x71, 0x21, 0x71, 0x21, 0x71, 0x21,
    0x71, 0x21, 0x71, 0x21, 0x71, 0x21, 0x71, 0x21, 0x71, 0x21, 0x71, 0x21, 0x71, 0x21, 0x71, 0x21,
    0x71, 0x21, 0x71, 0x21, 0x71, 0x21, 0x71, 0x21, 0x71, 0x21, 0x71, 0x21, 0x71, 0x21, 0x71, 0x21,
    0x71, 0x21, 0x71, 0x21, 0x71, 0x21, 0x71, 0x21, 0x71, 0x21, 0x71, 0x21, 0x71, 0x21, 0x71, 0x21,
    0x71, 0x21, 0x71, 0x21, 0x71, 0x21, 0x71, 0x21, 0x71, 0x21, 0x71, 0x21, 0x71, 0x21, 0x71, 0x21,
    0x71, 0x21, 0x71, 0x21, 0x71, 0x21, 0x71, 0x21, 0x71, 0x21, 0x71, 0x21, 0x71, 0x21, 0x71, 0x21,
    0x71, 0x21, 0x71, 0x21, 0x71, 0x21, 0x71, 0x21, 0x71, 0x21, 0x71, 0x21, 0x71, 0x21, 0x71, 0x21,
    0x71, 0x21, 0x71, 0x21, 0x71, 0x21, 0x71, 0x21, 0x71, 0x21, 0x71, 0x21, 0x71, 0x21, 0x71, 0x21,
    0x71, 0x21, 0x71, 0x21, 0x71, 0x21, 0x71, 0x21, 0x71, 0x21, 0x71, 0x21, 0x71, 0x21, 0x71, 0x21,
    0x71, 0x21, 0x71, 0x21, 0x71, 0x21, 0x71, 0x21, 0x71, 0x21, 0x71, 0x21, 0x71, 0x21, 0x71, 0x21,
    0x71, 0x21, 0x71, 0x21, 0x71, 0x21, 0x71, 0x21, 0x71, 0x21, 0x71, 0x21, 0x71, 0x21, 0x71, 0x21,
};

const lv_image_dsc_t ui_home_physics_card = {
    .header.magic = LV_IMAGE_HEADER_MAGIC,
    .header.cf = LV_COLOR_FORMAT_RGB565,
    .header.flags = 0,
    .header.w = 220,
    .header.h = 220,
    .header.stride = 440,
    .data_size = sizeof(ui_home_physics_card_data),
    .data = ui_home_physics_card_data,
};
