#include "world_map_card.h"

#ifndef LV_ATTRIBUTE_MEM_ALIGN
#define LV_ATTRIBUTE_MEM_ALIGN
#endif

#ifndef LV_ATTRIBUTE_LARGE_CONST
#define LV_ATTRIBUTE_LARGE_CONST
#endif

#ifndef LV_ATTRIBUTE_IMAGE_UI_HOME_WORLD_MAP_CARD
#define LV_ATTRIBUTE_IMAGE_UI_HOME_WORLD_MAP_CARD
#endif

static const LV_ATTRIBUTE_MEM_ALIGN LV_ATTRIBUTE_LARGE_CONST LV_ATTRIBUTE_IMAGE_UI_HOME_WORLD_MAP_CARD uint8_t ui_home_world_map_card_data[] = {
    0x71, 0x21, 0x71, 0x21, 0x71, 0x21, 0x71, 0x21, 0x71, 0x21, 0x71, 0x21, 0x71, 0x21, 0x71, 0x21,
    0x71, 0x21, 0x71, 0x21, 0x71, 0x21, 0x71, 0x21, 0x71, 0x21, 0x71, 0x21, 0x71, 0x21, 0x71, 0x21,
    0x71, 0x21, 0x71, 0x21, 0x71, 0x21, 0x71, 0x21, 0x71, 0x21, 0x71, 0x21, 0x71, 0x21, 0x71, 0x21,
    0x71, 0x21, 0x71, 0x21, 0x71, 0x21, 0x71, 0x21, 0x71, 0x21, 0x71, 0x21, 0x71, 0x21, 0x71, 0x21,
    0x71, 0x21, 0x71, 0x21, 0x71, 0x21, 0x71, 0x21, 0x71, 0x21, 0x71, 0x21, 0x71, 0x21, 0x71, 0x21,
    0x71, 0x21, 0x71, 0x21, 0x71, 0x21, 0x71, 0x21, 0x71, 0x21, 0x71, 0x21, 0x71, 0x21, 0x71, 0x21,
    0x71, 0x21, 0x71, 0x21, 0x71, 0x21, 0x71, 0x21, 0x71, 0x21, 0x71, 0x21, 0x71, 0x21, 0x71, 0x21,
    0x71, 0x21, 0x71, 0x21, 0x71, 0x21, 0x71, 0x21, 0x71, 0x21, 0x71, 0x21, 0x71, 0x21, 0x71, 0x21,
    0x71, 0x21, 0x71, 0x21, 0x71, 0x21, 0x71, 0x21, 0x71, 0x21, 0x71, 0x21, 0x71, 0x21, 0x71, 0x21,
    0x71, 0x21, 0x71, 0x21, 0x71, 0x21, 0x71, 0x21, 0x71, 0x21, 0x71, 0x21, 0x71, 0x21, 0x71, 0x21,
    0x71, 0x21, 0x71, 0x21, 0x71, 0x21, 0x71, 0x21, 0x71, 0x21, 0x71, 0x21, 0x71, 0x21, 0x71, 0x21,
    0x71, 0x21, 0x71, 0x21, 0x71, 0x21, 0x71, 0x21, 0x71, 0x21, 0x71, 0x21, 0x71, 0x21, 0x71, 0x21,
    0x71, 0x21, 0x71, 0x21, 0x71, 0x21, 0x71, 0x21, 0x71, 0x21, 0x71, 0x21, 0x71, 0x21, 0x71, 0x21,
    0x71, 0x21, 0x71, 0x21, 0x71, 0x21, 0x71, 0x21, 0x71, 0x21, 0x71, 0x21, 0x71, 0x21, 0x71, 0x21,
    0x71, 0x21, 0x71, 0x21, 0x71, 0x21, 0x71, 0x21, 0x71, 0x21, 0x71, 0x21, 0x71, 0x21, 0x71, 0x21,
    0x71, 0x21, 0x71, 0x21, 0x71, 0x21, 0x71, 0x21, 0x71, 0x21, 0x71, 0x21, 0x71, 0x21, 0x71, 0x21,
    0x71, 0x21, 0x71, 0x21, 0x71, 0x21, 0x71, 0x21, 0x71, 0x21, 0x71, 0x21, 0x71, 0x21, 0x71, 0x21,
    0x71, 0x21, 0x71, 0x21, 0x71, 0x21, 0x71, 0x21, 0x71, 0x21, 0x71, 0x21, 0x71, 0x21, 0x71, 0x21,
    0x71, 0x21, 0x71, 0x21, 0x71, 0x21, 0x71, 0x21, 0x71, 0x21, 0x71, 0x21, 0x71, 0x21, 0x71, 0x21,
    0x71, 0x21, 0x71, 0x21, 0x71, 0x21, 0x71, 0x21, 0x71, 0x21, 0x71, 0x21, 0x71, 0x21, 0x71, 0x21,
    0x71, 0x21, 0x71, 0x21, 0x71, 0x21, 0x71, 0x21, 0x71, 0x21, 0x71, 0x21, 0x71, 0x21, 0x71, 0x21,
    0x71, 0x21, 0x71, 0x21, 0x71, 0x21, 0x71, 0x21, 0x71, 0x21, 0x71, 0x21, 0x71, 0x21, 0x71, 0x21,
    0x71, 0x21, 0x71, 0x21, 0x71, 0x21, 0x71, 0x21, 0x71, 0x21, 0x71, 0x21, 0x71, 0x21, 0x71, 0x21,
    0x71, 0x21, 0x71, 0x21, 0x71, 0x21, 0x71, 0x21, 0x71, 0x21, 0x71, 0x21, 0x71, 0x21, 0x71, 0x21,
    0x71, 0x21, 0x71, 0x21, 0x71, 0x21, 0x71, 0x21, 0x71, 0x21, 0x71, 0x21, 0x71, 0x21, 0x71, 0x21,
    0x71, 0x21, 0x71, 0x21, 0x71, 0x21, 0x71, 0x21, 0x71, 0x21, 0x71, 0x21, 0x71, 0x21, 0x71, 0x21,
    0x71, 0x21, 0x71, 0x21, 0x71, 0x21, 0x71, 0x21, 0x71, 0x21, 0x71, 0x21, 0x71, 0x21, 0x71, 0x21,
    0x71, 0x21, 0x71, 0x21, 0x71, 0x21, 0x71, 0x21, 0x71, 0x21, 0x71, 0x21, 0x71, 0x21, 0x71, 0x21,
    0x71, 0x21, 0x71, 0x21, 0x71, 0x21, 0x71, 0x21, 0x71, 0x21, 0x71, 0x21, 0x71, 0x21, 0x71, 0x21,
    0x71, 0x21, 0x71, 0x21, 0x71, 0x21, 0x71, 0x21, 0x71, 0x21, 0x71, 0x21, 0x71, 0x21, 0x71, 0x21,
    0x71, 0x21, 0x71, 0x21, 0x71, 0x21, 0x71, 0x21, 0x71, 0x21, 0x71, 0x21, 0x71, 0x21, 0x71, 0x21,
    0x71, 0x21, 0x71, 0x21, 0x71, 0x21, 0x71, 0x21, 0x71, 0x21, 0x71, 0x21, 0x71, 0x21, 0x71, 0x21,
    0x71, 0x21, 0x71, 0x21, 0x71, 0x21, 0x71, 0x21, 0x71, 0x21, 0x71, 0x21, 0x71, 0x21, 0x71, 0x21,
    0x71, 0x21, 0x71, 0x21, 0x71, 0x21, 0x71, 0x21, 0x71, 0x21, 0x71, 0x21, 0x71, 0x21, 0x71, 0x21,
    0x71, 0x21, 0x71, 0x21, 0x71, 0x21, 0x71, 0x21, 0x71, 0x21, 0x71, 0x21, 0x71, 0x21, 0x71, 0x21,
    0x71, 0x21, 0x71, 0x21, 0x71, 0x21, 0x71, 0x21, 0x71, 0x21, 0x71, 0x21, 0x71, 0x21, 0x71, 0x21,
    0x71, 0x21, 0x71, 0x21, 0x71, 0x21, 0x71, 0x21, 0x71, 0x21, 0x71, 0x21, 0x71, 0x21, 0x71, 0x21,
    0x71, 0x21, 0x71, 0x21, 0x71, 0x21, 0x71, 0x21, 0x71, 0x21, 0x71, 0x21, 0x71, 0x21, 0x71, 0x21,
    0x71, 0x21, 0x71, 0x21, 0x71, 0x21, 0x71, 0x21, 0x71, 0x21, 0x71, 0x21, 0x71, 0x21, 0x71, 0x21,
    0x71, 0x21, 0x71, 0x21, 0x71, 0x21, 0x71, 0x21, 0x71, 0x21, 0x71, 0x21, 0x71, 0x21, 0x71, 0x21,
    0x71, 0x21, 0x71, 0x21, 0x71, 0x21, 0x71, 0x21, 0x71, 0x21, 0x71, 0x21, 0x71, 0x21, 0x71, 0x21,
    0x71, 0x21, 0x71, 0x21, 0x71, 0x21, 0x71, 0x21, 0x71, 0x21, 0x71, 0x21, 0x71, 0x21, 0x71, 0x21,
    0x71, 0x21, 0x71, 0x21, 0x71, 0x21, 0x71, 0x21, 0x71, 0x21, 0x71, 0x21, 0x71, 0x21, 0x71, 0x21,
    0x71, 0x21, 0x71, 0x21, 0x71, 0x21, 0x71, 0x21, 0x71, 0x21, 0x71, 0x21, 0x71, 0x21, 0x71, 0x21,
    0x71, 0x21, 0x71, 0x21, 0x71, 0x21, 0x71, 0x21, 0x71, 0x21, 0x71, 0x21, 0x71, 0x21, 0x71, 0x21,
    0x71, 0x21, 0x71, 0x21, 0x71, 0x21, 0x71, 0x21, 0x71, 0x21, 0x71, 0x21, 0x71, 0x21, 0x71, 0x21,
    0x71, 0x21, 0x71, 0x21, 0x71, 0x21, 0x71, 0x21, 0x71, 0x21, 0x71, 0x21, 0x71, 0x21, 0x71, 0x21,
    0x71, 0x21, 0x71, 0x21, 0x71, 0x21, 0x71, 0x21, 0x71, 0x21, 0x71, 0x21, 0x71, 0x21, 0x71, 0x21,
    0x71, 0x21, 0x71, 0x21, 0x71, 0x21, 0x71, 0x21, 0x71, 0x21, 0x71, 0x21, 0x71, 0x21, 0x71, 0x21,
    0x71, 0x21, 0x71, 0x21, 0x71, 0x21, 0x71, 0x21, 0x71, 0x21, 0x71, 0x21, 0x71, 0x21, 0x71, 0x21,
    0x71, 0x21, 0x71, 0x21, 0x71, 0x21, 0x71, 0x21, 0x71, 0x21, 0x71, 0x21, 0x71, 0x21, 0x71, 0x21,
    0x71, 0x21, 0x71, 0x21, 0x71, 0x21, 0x71, 0x21, 0x71, 0x21, 0x71, 0x21, 0x71, 0x21, 0x71, 0x21,
    0x71, 0x21, 0x71, 0x21, 0x71, 0x21, 0x71, 0x21, 0x71, 0x21, 0x71, 0x21, 0x71, 0x21, 0x71, 0x21,
    0x71, 0x21, 0x91, 0x21, 0x71, 0x21, 0x71, 0x21, 0x71, 0x21, 0x71, 0x21, 0x71, 0x21, 0x71, 0x21,
    0x71, 0x21, 0x71, 0x21, 0x71, 0x21, 0x71, 0x21, 0x71, 0x21, 0x71, 0x21, 0x71, 0x21, 0x71, 0x21,
    0x71, 0x21, 0x71, 0x21, 0x71, 0x21, 0x71, 0x21, 0x71, 0x21, 0x71, 0x21, 0x71, 0x21, 0x71, 0x21,
    0x71, 0x21, 0x71, 0x21, 0x71, 0x21, 0x71, 0x21, 0x71, 0x21, 0x71, 0x21, 0x71, 0x21, 0x71, 0x21,
    0x71, 0x21, 0x71, 0x21, 0x71, 0x21, 0x71, 0x21, 0x71, 0x21, 0x71, 0x21, 0x71, 0x21, 0x71, 0x21,
    0x71, 0x21, 0x71, 0x21, 0x71, 0x21, 0x71, 0x21, 0x71, 0x21, 0x71, 0x21, 0x71, 0x21, 0x71, 0x21,
    0x71, 0x21, 0x71, 0x21, 0x71, 0x21, 0x71, 0x21, 0x71, 0x21, 0x71, 0x21, 0x71, 0x21, 0x71, 0x21,
    0x71, 0x21, 0x71, 0x21, 0x71, 0x21, 0x71, 0x21, 0x71, 0x21, 0x71, 0x21, 0x71, 0x21, 0x71, 0x21,
    0x71, 0x21, 0x71, 0x21, 0x71, 0x21, 0x71, 0x21, 0x71, 0x21, 0x71, 0x21, 0x71, 0x21, 0x71, 0x21,
    0x71, 0x21, 0x71, 0x21, 0x71, 0x21, 0x71, 0x21, 0x71, 0x21, 0x71, 0x21, 0x71, 0x21, 0x71, 0x21,
    0x71, 0x21, 0x71, 0x21, 0x71, 0x21, 0x71, 0x21, 0x71, 0x21, 0x71, 0x21, 0x71, 0x21, 0x71, 0x21,
    0x71, 0x21, 0x71, 0x21, 0x71, 0x21, 0x71, 0x21, 0x71, 0x21, 0x71, 0x21, 0x71, 0x21, 0x71, 0x21,
    0x71, 0x21, 0x71, 0x21, 0x71, 0x21, 0x71, 0x21, 0x71, 0x21, 0x71, 0x21, 0x71, 0x21, 0x71, 0x21,
    0x71, 0x21, 0x71, 0x21, 0x71, 0x21, 0x71, 0x21, 0x71, 0x21, 0x71, 0x21, 0x71, 0x21, 0x71, 0x21,
    0x71, 0x21, 0x71, 0x21, 0x71, 0x21, 0x71, 0x21, 0x71, 0x21, 0x71, 0x21, 0x71, 0x21, 0x71, 0x21,
    0x71, 0x21, 0x71, 0x21, 0x71, 0x21, 0x71, 0x21, 0x71, 0x21, 0x71, 0x21, 0x71, 0x21, 0x71, 0x21,
    0x71, 0x21, 0x71, 0x21, 0x71, 0x21, 0x71, 0x21, 0x71, 0x21, 0x71, 0x21, 0x71, 0x21, 0x71, 0x21,
    0x71, 0x21, 0x71, 0x21, 0x71, 0x21, 0x71, 0x21, 0x71, 0x21, 0x71, 0x21, 0x71, 0x21, 0x71, 0x21,
    0x71, 0x21, 0x71, 0x21, 0x71, 0x21, 0x71, 0x21, 0x71, 0x21, 0x71, 0x21, 0x71, 0x21, 0x71, 0x21,
    0x71, 0x21, 0x71, 0x21, 0x71, 0x21, 0x71, 0x21, 0x71, 0x21, 0x71, 0x21, 0x71, 0x21, 0x71, 0x21,
    0x71, 0x21, 0x71, 0x21, 0x71, 0x21, 0x71, 0x21, 0x71, 0x21, 0x71, 0x21, 0x71, 0x21, 0x71, 0x21,
    0x71, 0x21, 0x71, 0x21, 0x71, 0x21, 0x71, 0x21, 0x71, 0x21, 0x71, 0x21, 0x71, 0x21, 0x71, 0x21,
    0x71, 0x21, 0x71, 0x21, 0x71, 0x21, 0x71, 0x21, 0x71, 0x21, 0x71, 0x21, 0x71, 0x21, 0x71, 0x21,
    0x71, 0x21, 0x71, 0x21, 0x71, 0x21, 0x71, 0x21, 0x71, 0x21, 0x71, 0x21, 0x71, 0x21, 0x71, 0x21,
    0x71, 0x21, 0x71, 0x21, 0x71, 0x21, 0x71, 0x21, 0x71, 0x21, 0x71, 0x21, 0x71, 0x21, 0x71, 0x21,
    0x71, 0x21, 0x71, 0x21, 0x71, 0x21, 0x71, 0x21, 0x71, 0x21, 0x71, 0x21, 0x71, 0x21, 0x71, 0x21,
    0x71, 0x21, 0x71, 0x21, 0x71, 0x21, 0x71, 0x21, 0x71, 0x21, 0x71, 0x21, 0x71, 0x21, 0x71, 0x21,
    0x71, 0x21, 0x71, 0x21, 0x71, 0x21, 0x71, 0x21, 0x71, 0x21, 0x71, 0x21, 0x71, 0x21, 0x71, 0x21,
    0x71, 0x21, 0x71, 0x21, 0x71, 0x21, 0x71, 0x21, 0x71, 0x21, 0x71, 0x21, 0x71, 0x21, 0x71, 0x21,
    0x71, 0x21, 0x71, 0x21, 0x71, 0x21, 0x71, 0x21, 0x71, 0x21, 0x71, 0x21, 0x71, 0x21, 0x71, 0x21,
    0x71, 0x21, 0x71, 0x21, 0x71, 0x21, 0x71, 0x21, 0x71, 0x21, 0x71, 0x21, 0x71, 0x21, 0x71, 0x21,
    0x71, 0x21, 0x71, 0x21, 0x90, 0x21, 0xCD, 0x31, 0xCD, 0x31, 0xCD, 0x31, 0xCD, 0x31, 0xCD, 0x31,
    0xCD, 0x29, 0xCD, 0x29, 0xCD, 0x31, 0xCD, 0x31, 0xCD, 0x31, 0xCD, 0x31, 0xCD, 0x31, 0xCD, 0x31,
    0xCD, 0x29, 0xCD, 0x31, 0xCD, 0x31, 0xCD, 0x29, 0xCD, 0x29, 0xCD, 0x29, 0xCD, 0x29, 0xCD, 0x31,
    0xCD, 0x29, 0xCD, 0x29, 0xCD, 0x29, 0xAD, 0x29, 0xCD, 0x29, 0xCD, 0x29, 0xCD, 0x29, 0xCD, 0x29,
    0xCD, 0x29, 0xCD, 0x29, 0xCD, 0x29, 0xCD, 0x29, 0xCD, 0x31, 0xCD, 0x29, 0xAD, 0x29, 0xAD, 0x29,
    0xAD, 0x29, 0xAD, 0x29, 0xAD, 0x29, 0xCD, 0x29, 0xCD, 0x31, 0xCD, 0x31, 0xCD, 0x29, 0xCD, 0x29,
    0xCD, 0x31, 0xCD, 0x31, 0xCD, 0x31, 0xCD, 0x31, 0xCD, 0x29, 0xCD, 0x29, 0xCD, 0x31, 0xCD, 0x29,
    0xCD, 0x31, 0xCD, 0x31, 0xCD, 0x31, 0xCD, 0x31, 0xCD, 0x31, 0xCD, 0x29, 0xCD, 0x31, 0xCD, 0x31,
    0xCD, 0x29, 0xCD, 0x31, 0xCD, 0x31, 0xCD, 0x31, 0xCD, 0x31, 0xCD, 0x29, 0xAD, 0x29, 0xAD, 0x29,
    0xCD, 0x29, 0xCD, 0x29, 0xCD, 0x31, 0xAD, 0x29, 0xCD, 0x29, 0xCD, 0x29, 0xCD, 0x29, 0xCD, 0x29,
    0xCD, 0x29, 0xCD, 0x31, 0xCD, 0x29, 0xCD, 0x31, 0xCD, 0x31, 0xCD, 0x31, 0xCD, 0x29, 0xAD, 0x29,
    0xCD, 0x29, 0xCD, 0x29, 0xCD, 0x29, 0xCD, 0x31, 0xAD, 0x29, 0xCD, 0x29, 0xAD, 0x29, 0xCD, 0x31,
    0xCD, 0x31, 0xCD, 0x29, 0xCD, 0x29, 0xAD, 0x29, 0xCD, 0x29, 0xCD, 0x31, 0xCD, 0x31, 0xCD, 0x31,
    0xAD, 0x29, 0xCD, 0x31, 0xCD, 0x29, 0xCD, 0x29, 0xAD, 0x29, 0xCD, 0x29, 0xCD, 0x29, 0xCD, 0x29,
    0xCD, 0x29, 0xCD, 0x31, 0xCD, 0x29, 0xCD, 0x31, 0xCD, 0x29, 0xCD, 0x31, 0xAD, 0x29, 0xAD, 0x29,
    0xCD, 0x29, 0xCD, 0x31, 0xCD, 0x31, 0xCD, 0x31, 0xCD, 0x31, 0xCD, 0x31, 0xCD, 0x31, 0xCD, 0x29,
    0xCD, 0x29, 0xCD, 0x29, 0xCD, 0x31, 0xAD, 0x29, 0xAD, 0x29, 0xAD, 0x29, 0xAD, 0x29, 0xAD, 0x29,
    0xCD, 0x29, 0xCD, 0x31, 0xAD, 0x29, 0xAD, 0x29, 0xAD, 0x29, 0xAD, 0x29, 0xAD, 0x29, 0xAD, 0x29,
    0xCD, 0x29, 0xCD, 0x29, 0xAD, 0x29, 0xAD, 0x29, 0xAD, 0x29, 0xCD, 0x29, 0xCD, 0x29, 0xCD, 0x31,
    0xCD, 0x29, 0xCD, 0x29, 0xCD, 0x29, 0xCD, 0x29, 0xCD, 0x29, 0xCD, 0x29, 0xCD, 0x29, 0xCD, 0x29,
    0xAD, 0x29, 0xAD, 0x29, 0xAD, 0x29, 0xAD, 0x29, 0xAD, 0x29, 0xAD, 0x29, 0xAD, 0x29, 0xAD, 0x29,
    0xCD, 0x31, 0xCD, 0x29, 0xCD, 0x31, 0xAD, 0x29, 0xAD, 0x29, 0xAD, 0x29, 0xAD, 0x29, 0xAD, 0x29,
    0xCD, 0x29, 0xCD, 0x29, 0xCD, 0x29, 0xCD, 0x29, 0xAD, 0x29, 0xAD, 0x29, 0xAD, 0x29, 0xCD, 0x29,
    0xAD, 0x29, 0xCD, 0x31, 0xCD, 0x31, 0xCD, 0x31, 0xAD, 0x29, 0xAD, 0x29, 0xAD, 0x29, 0xAD, 0x29,
    0xCD, 0x31, 0xAE, 0x29, 0x71, 0x21, 0x71, 0x21, 0x71, 0x21, 0x71, 0x21, 0x71, 0x21, 0x71, 0x21,
    0x71, 0x21, 0x71, 0x21, 0x71, 0x21, 0x71, 0x21, 0x71, 0x21, 0x71, 0x21, 0x71, 0x21, 0x71, 0x21,
    0x71, 0x21, 0x71, 0x21, 0x71, 0x21, 0x71, 0x21, 0x71, 0x21, 0x71, 0x21, 0x71, 0x21, 0x71, 0x21,
    0x71, 0x21, 0x71, 0x21, 0x71, 0x21, 0x71, 0x21, 0x71, 0x21, 0x71, 0x21, 0xCC, 0x31, 0x49, 0x4A,
    0x29, 0x4A, 0x49, 0x4A, 0x49, 0x4A, 0x49, 0x4A, 0x49, 0x4A, 0x49, 0x4A, 0x49, 0x4A, 0x49, 0x4A,
    0x49, 0x4A, 0x49, 0x4A, 0x49, 0x4A, 0x49, 0x4A, 0x49, 0x4A, 0x49, 0x4A, 0x49, 0x4A, 0x49, 0x4A,
    0x49, 0x4A, 0x49, 0x4A, 0x49, 0x4A, 0x49, 0x4A, 0x29, 0x4A, 0x29, 0x42, 0x29, 0x4A, 0x29, 0x4A,
    0x49, 0x4A, 0x49, 0x4A, 0x49, 0x4A, 0x49, 0x4A, 0x49, 0x4A, 0x29, 0x4A, 0x29, 0x4A, 0x29, 0x4A,
    0x49, 0x4A, 0x29, 0x4A, 0x29, 0x42, 0x29, 0x42, 0x29, 0x42, 0x29, 0x42, 0x29, 0x42, 0x29, 0x4A,
    0x49, 0x4A, 0x49, 0x4A, 0x49, 0x4A, 0x49, 0x4A, 0x49, 0x4A, 0x49, 0x4A, 0x49, 0x4A, 0x49, 0x4A,
    0x49, 0x4A, 0x49, 0x4A, 0x49, 0x4A, 0x49, 0x4A, 0x49, 0x4A, 0x49, 0x4A, 0x49, 0x4A, 0x49, 0x4A,
    0x49, 0x4A, 0x49, 0x4A, 0x49, 0x4A, 0x49, 0x4A, 0x49, 0x4A, 0x49, 0x4A, 0x49, 0x4A, 0x49, 0x4A,
    0x49, 0x4A, 0x29, 0x4A, 0x29, 0x42, 0x29, 0x42, 0x29, 0x42, 0x29, 0x4A, 0x29, 0x4A, 0x29, 0x4A,
    0x29, 0x4A, 0x29, 0x42, 0x29, 0x42, 0x29, 0x4A, 0x49, 0x4A, 0x49, 0x4A, 0x49, 0x4A, 0x49, 0x4A,
    0x49, 0x4A, 0x49, 0x4A, 0x49, 0x4A, 0x49, 0x4A, 0x49, 0x4A, 0x49, 0x4A, 0x49, 0x4A, 0x49, 0x4A,
    0x49, 0x4A, 0x49, 0x4A, 0x29, 0x4A, 0x49, 0x4A, 0x49, 0x4A, 0x49, 0x4A, 0x49, 0x4A, 0x49, 0x4A,
    0x49, 0x4A, 0x49, 0x4A, 0x49, 0x4A, 0x49, 0x4A, 0x29, 0x42, 0x29, 0x4A, 0x49, 0x4A, 0x49, 0x4A,
    0x49, 0x4A, 0x49, 0x4A, 0x49, 0x4A, 0x29, 0x4A, 0x49, 0x4A, 0x49, 0x4A, 0x49, 0x4A, 0x49, 0x4A,
    0x49, 0x4A, 0x49, 0x4A, 0x49, 0x4A, 0x49, 0x4A, 0x49, 0x4A, 0x49, 0x4A, 0x49, 0x4A, 0x49, 0x4A,
    0x49, 0x4A, 0x49, 0x4A, 0x49, 0x4A, 0x49, 0x4A, 0x49, 0x4A, 0x49, 0x4A, 0x49, 0x4A, 0x29, 0x4A,
    0x29, 0x42, 0x29, 0x42, 0x29, 0x4A, 0x49, 0x4A, 0x49, 0x4A, 0x49, 0x4A, 0x29, 0x4A, 0x29, 0x42,
    0x29, 0x42, 0x29, 0x42, 0x29, 0x42, 0x29, 0x42, 0x29, 0x42, 0x29, 0x42, 0x29, 0x4A, 0x29, 0x4A,
    0x49, 0x4A, 0x49, 0x4A, 0x49, 0x4A, 0x49, 0x4A, 0x49, 0x4A, 0x49, 0x4A, 0x49, 0x4A, 0x49, 0x4A,
    0x49, 0x4A, 0x49, 0x4A, 0x49, 0x4A, 0x49, 0x4A, 0x29, 0x4A, 0x29, 0x4A, 0x29, 0x42, 0x29, 0x42,
    0x29, 0x42, 0x29, 0x42, 0x29, 0x42, 0x29, 0x4A, 0x49, 0x4A, 0x49, 0x4A, 0x49, 0x4A, 0x49, 0x4A,
    0x49, 0x4A, 0x29, 0x4A, 0x29, 0x42, 0x29, 0x4A, 0x49, 0x4A, 0x49, 0x4A, 0x49, 0x4A, 0x49, 0x4A,
    0x29, 0x42, 0x49, 0x4A, 0x49, 0x4A, 0x49, 0x4A, 0x49, 0x4A, 0x49, 0x4A, 0x49, 0x4A, 0x49, 0x4A,
    0x49, 0x4A, 0x49, 0x4A, 0x49, 0x4A, 0x29, 0x4A, 0x6A, 0x4A, 0xC9, 0x39, 0x70, 0x19, 0x71, 0x21,
    0x71, 0x21, 0x71, 0x21, 0x71, 0x21, 0x71, 0x21, 0x71, 0x21, 0x71, 0x21, 0x71, 0x21, 0x71, 0x21,
    0x71, 0x21, 0x71, 0x21, 0x71, 0x21, 0x71, 0x21, 0x71, 0x21, 0x71, 0x21, 0x71, 0x21, 0x71, 0x21,
    0x71, 0x21, 0x71, 0x21, 0x71, 0x21, 0x71, 0x21, 0x71, 0x21, 0x71, 0x21, 0x71, 0x21, 0x71, 0x21,
    0x71, 0x21, 0x71, 0x21, 0xAC, 0x31, 0x49, 0x4A, 0x09, 0x42, 0x09, 0x42, 0x09, 0x42, 0x29, 0x42,
    0x29, 0x42, 0x29, 0x42, 0x29, 0x42, 0x29, 0x42, 0x29, 0x42, 0x29, 0x42, 0x29, 0x42, 0x29, 0x42,
    0x29, 0x42, 0x29, 0x42, 0x29, 0x42, 0x29, 0x42, 0x29, 0x42, 0x29, 0x42, 0x29, 0x42, 0x29, 0x42,
    0x29, 0x42, 0x29, 0x42, 0x29, 0x42, 0x29, 0x42, 0x29, 0x42, 0x29, 0x42, 0x29, 0x42, 0x29, 0x42,
    0x29, 0x42, 0x29, 0x42, 0x29, 0x42, 0x09, 0x42, 0x09, 0x42, 0x09, 0x42, 0x09, 0x42, 0x09, 0x42,
    0x09, 0x42, 0x09, 0x42, 0x29, 0x42, 0x29, 0x42, 0x29, 0x42, 0x29, 0x42, 0x29, 0x42, 0x29, 0x42,
    0x29, 0x42, 0x29, 0x42, 0x29, 0x42, 0x29, 0x42, 0x29, 0x42, 0x29, 0x42, 0x29, 0x42, 0x29, 0x42,
    0x29, 0x42, 0x29, 0x4A, 0x29, 0x42, 0x29, 0x42, 0x29, 0x42, 0x29, 0x42, 0x29, 0x42, 0x29, 0x42,
    0x29, 0x42, 0x29, 0x42, 0x29, 0x42, 0x29, 0x42, 0x29, 0x42, 0x29, 0x42, 0x09, 0x42, 0x09, 0x42,
    0x29, 0x42, 0x29, 0x42, 0x29, 0x42, 0x29, 0x42, 0x29, 0x42, 0x29, 0x42, 0x29, 0x42, 0x29, 0x42,
    0x29, 0x42, 0x29, 0x42, 0x29, 0x42, 0x29, 0x42, 0x29, 0x42, 0x29, 0x42, 0x29, 0x42, 0x29, 0x42,
    0x29, 0x42, 0x29, 0x42, 0x29, 0x42, 0x29, 0x42, 0x29, 0x42, 0x29, 0x42, 0x29, 0x42, 0x29, 0x42,
    0x29, 0x42, 0x29, 0x42, 0x29, 0x42, 0x09, 0x42, 0x29, 0x42, 0x29, 0x42, 0x29, 0x42, 0x09, 0x42,
    0x09, 0x42, 0x09, 0x42, 0x29, 0x42, 0x29, 0x42, 0x29, 0x42, 0x29, 0x42, 0x29, 0x42, 0x29, 0x42,
    0x29, 0x42, 0x29, 0x42, 0x29, 0x42, 0x29, 0x42, 0x29, 0x42, 0x29, 0x42, 0x29, 0x42, 0x29, 0x42,
    0x29, 0x42, 0x29, 0x42, 0x29, 0x42, 0x29, 0x42, 0x29, 0x42, 0x29, 0x42, 0x29, 0x42, 0x29, 0x42,
    0x29, 0x42, 0x29, 0x42, 0x29, 0x42, 0x29, 0x42, 0x29, 0x42, 0x29, 0x42, 0x29, 0x42, 0x29, 0x42,
    0x29, 0x42, 0x29, 0x42, 0x29, 0x42, 0x29, 0x42, 0x09, 0x42, 0x09, 0x42, 0x09, 0x42, 0x09, 0x42,
    0x09, 0x42, 0x09, 0x42, 0x29, 0x42, 0x29, 0x42, 0x29, 0x42, 0x29, 0x42, 0x29, 0x42, 0x29, 0x42,
    0x29, 0x42, 0x29, 0x42, 0x29, 0x42, 0x29, 0x42, 0x29, 0x42, 0x29, 0x42, 0x29, 0x42, 0x29, 0x42,
    0x29, 0x42, 0x29, 0x42, 0x29, 0x42, 0x29, 0x42, 0x09, 0x42, 0x09, 0x42, 0x09, 0x42, 0x09, 0x42,
    0x29, 0x42, 0x29, 0x42, 0x29, 0x42, 0x29, 0x42, 0x29, 0x42, 0x29, 0x42, 0x29, 0x42, 0x29, 0x42,
    0x29, 0x42, 0x29, 0x42, 0x29, 0x42, 0x29, 0x42, 0x29, 0x42, 0x29, 0x42, 0x29, 0x42, 0x29, 0x42,
    0x29, 0x42, 0x29, 0x42, 0x29, 0x42, 0x29, 0x42, 0x29, 0x42, 0x29, 0x42, 0x29, 0x42, 0x29, 0x42,
    0x29, 0x4A, 0xC9, 0x31, 0x71, 0x21, 0x71, 0x21, 0x71, 0x21, 0x71, 0x21, 0x71, 0x21, 0x71, 0x21,
    0x71, 0x21, 0x71, 0x21, 0x71, 0x21, 0x71, 0x21, 0x71, 0x21, 0x71, 0x21, 0x71, 0x21, 0x71, 0x21,
    0x71, 0x21, 0x71, 0x21, 0x71, 0x21, 0x71, 0x21, 0x71, 0x21, 0x71, 0x21, 0x71, 0x21, 0x71, 0x21,
    0x71, 0x21, 0x71, 0x21, 0x70, 0x21, 0x6F, 0x21, 0x70, 0x21, 0x70, 0x21, 0xAB, 0x31, 0x29, 0x42,
    0xE8, 0x41, 0x08, 0x42, 0x08, 0x42, 0x09, 0x42, 0x09, 0x42, 0x09, 0x42, 0x08, 0x42, 0x08, 0x42,
    0x08, 0x42, 0x09, 0x42, 0x09, 0x42, 0x08, 0x42, 0x08, 0x42, 0x08, 0x42, 0x08, 0x42, 0x09, 0x42,
    0x09, 0x42, 0x09, 0x42, 0x09, 0x42, 0x09, 0x42, 0x08, 0x42, 0x08, 0x42, 0x08, 0x42, 0x08, 0x42,
    0x09, 0x42, 0x08, 0x42, 0x08, 0x42, 0x08, 0x42, 0x08, 0x42, 0x08, 0x42, 0x08, 0x42, 0x08, 0x42,
    0x08, 0x42, 0x08, 0x42, 0x08, 0x42, 0x08, 0x42, 0x08, 0x42, 0x08, 0x42, 0x08, 0x42, 0x08, 0x42,
    0x08, 0x42, 0x08, 0x42, 0x08, 0x42, 0x08, 0x42, 0x08, 0x42, 0x08, 0x42, 0x08, 0x42, 0x08, 0x42,
    0x09, 0x42, 0x08, 0x42, 0x09, 0x42, 0x09, 0x42, 0x09, 0x42, 0x09, 0x42, 0x09, 0x42, 0x09, 0x42,
    0x09, 0x42, 0x09, 0x42, 0x09, 0x42, 0x09, 0x42, 0x08, 0x42, 0x08, 0x42, 0x08, 0x42, 0x08, 0x42,
    0x08, 0x42, 0x08, 0x42, 0x08, 0x42, 0xE8, 0x41, 0x08, 0x42, 0x08, 0x42, 0x08, 0x42, 0x08, 0x42,
    0x08, 0x42, 0x09, 0x42, 0x09, 0x42, 0x09, 0x42, 0x08, 0x42, 0x09, 0x42, 0x09, 0x42, 0x09, 0x42,
    0x29, 0x42, 0x29, 0x42, 0x09, 0x42, 0x09, 0x42, 0x09, 0x42, 0x09, 0x42, 0x09, 0x42, 0x09, 0x42,
    0x09, 0x42, 0x09, 0x42, 0x08, 0x42, 0x09, 0x42, 0x08, 0x42, 0x08, 0x42, 0x08, 0x42, 0x08, 0x42,
    0x08, 0x42, 0x08, 0x42, 0x08, 0x42, 0x08, 0x42, 0x08, 0x42, 0x08, 0x42, 0x08, 0x42, 0x08, 0x42,
    0x08, 0x42, 0x08, 0x42, 0x09, 0x42, 0x09, 0x42, 0x09, 0x42, 0x09, 0x42, 0x09, 0x42, 0x09, 0x42,
    0x09, 0x42, 0x09, 0x42, 0x08, 0x42, 0x09, 0x42, 0x09, 0x42, 0x09, 0x42, 0x09, 0x42, 0x09, 0x42,
    0x09, 0x42, 0x09, 0x42, 0x09, 0x42, 0x09, 0x42, 0x09, 0x42, 0x09, 0x42, 0x09, 0x42, 0x09, 0x42,
    0x09, 0x42, 0x09, 0x42, 0x09, 0x42, 0x29, 0x42, 0x09, 0x42, 0x09, 0x42, 0x09, 0x42, 0x09, 0x42,
    0x09, 0x42, 0x08, 0x42, 0x08, 0x42, 0x08, 0x42, 0x08, 0x42, 0x08, 0x42, 0x08, 0x42, 0x08, 0x42,
    0x09, 0x42, 0x29, 0x42, 0x09, 0x42, 0x09, 0x42, 0x09, 0x42, 0x09, 0x42, 0x09, 0x42, 0x09, 0x42,
    0x09, 0x42, 0x09, 0x42, 0x09, 0x42, 0x09, 0x42, 0x09, 0x42, 0x09, 0x42, 0x08, 0x42, 0x09, 0x42,
    0x08, 0x42, 0x08, 0x42, 0x08, 0x42, 0x08, 0x42, 0x09, 0x42, 0x09, 0x42, 0x09, 0x42, 0x09, 0x42,
    0x09, 0x42, 0x09, 0x42, 0x09, 0x42, 0x29, 0x42, 0x09, 0x42, 0x09, 0x42, 0x09, 0x42, 0x09, 0x42,
    0x29, 0x42, 0x29, 0x42, 0x29, 0x42, 0x29, 0x42, 0x29, 0x42, 0x29, 0x42, 0x29, 0x42, 0x09, 0x42,
    0x09, 0x42, 0x09, 0x42, 0x09, 0x42, 0x09, 0x42, 0x09, 0x42, 0xA8, 0x31, 0x2B, 0x19, 0x2B, 0x19,
    0x4D, 0x19, 0x6F, 0x21, 0x71, 0x21, 0x71, 0x21, 0x71, 0x21, 0x71, 0x21, 0x71, 0x21, 0x71, 0x21,
    0x71, 0x21, 0x71, 0x21, 0x71, 0x21, 0x71, 0x21, 0x71, 0x21, 0x71, 0x21, 0x71, 0x21, 0x71, 0x21,
    0x71, 0x21, 0x71, 0x21, 0x71, 0x21, 0x71, 0x21, 0x71, 0x21, 0x71, 0x19, 0xCB, 0x31, 0xE9, 0x39,
    0xE9, 0x39, 0x0A, 0x42, 0x4A, 0x4A, 0x8A, 0x52, 0xAA, 0x52, 0xAB, 0x5A, 0xCB, 0x5A, 0xCB, 0x5A,
    0xCB, 0x5A, 0xCB, 0x5A, 0xCB, 0x5A, 0xCB, 0x5A, 0xCB, 0x5A, 0xCB, 0x5A, 0xCB, 0x5A, 0xCB, 0x5A,
    0xCB, 0x5A, 0xCB, 0x5A, 0xCB, 0x5A, 0xCB, 0x5A, 0xCB, 0x5A, 0xCB, 0x5A, 0xCB, 0x5A, 0xCB, 0x5A,
    0xCB, 0x5A, 0xCB, 0x5A, 0xCB, 0x5A, 0xCB, 0x5A, 0xCB, 0x5A, 0xCB, 0x5A, 0xCB, 0x5A, 0xCB, 0x5A,
    0xCB, 0x5A, 0xCB, 0x5A, 0xCB, 0x5A, 0xAB, 0x52, 0xAB, 0x5A, 0xCB, 0x5A, 0xCB, 0x5A, 0xAB, 0x52,
    0xAB, 0x52, 0xCB, 0x5A, 0xCB, 0x5A, 0xCB, 0x5A, 0xCB, 0x5A, 0xCB, 0x5A, 0xCB, 0x5A, 0xCB, 0x5A,
    0xAB, 0x52, 0xAB, 0x52, 0xAB, 0x52, 0xCB, 0x5A, 0xCB, 0x5A, 0xCB, 0x5A, 0xCB, 0x5A, 0xCB, 0x5A,
    0xCB, 0x5A, 0xCB, 0x5A, 0xCB, 0x5A, 0xCB, 0x5A, 0xCB, 0x5A, 0xCB, 0x5A, 0xCB, 0x5A, 0xCB, 0x5A,
    0xCB, 0x5A, 0xCB, 0x5A, 0xCB, 0x5A, 0xAB, 0x52, 0xAB, 0x52, 0xAB, 0x52, 0xAB, 0x52, 0xAB, 0x52,
    0xCB, 0x5A, 0xCB, 0x5A, 0xCB, 0x5A, 0xCB, 0x5A, 0xCB, 0x5A, 0xCB, 0x5A, 0xCB, 0x5A, 0xCB, 0x5A,
    0xCB, 0x5A, 0xCB, 0x5A, 0xCB, 0x5A, 0xCB, 0x5A, 0xCB, 0x5A, 0xCB, 0x5A, 0xCB, 0x5A, 0xCB, 0x5A,
    0xCB, 0x5A, 0xCB, 0x5A, 0xCB, 0x5A, 0xCB, 0x5A, 0xCB, 0x5A, 0xCB, 0x5A, 0xCB, 0x5A, 0xCB, 0x5A,
    0xCB, 0x5A, 0xCB, 0x5A, 0xCB, 0x5A, 0xCB, 0x5A, 0xAB, 0x52, 0xAB, 0x52, 0xAB, 0x52, 0xAB, 0x52,
    0xAB, 0x52, 0xAB, 0x52, 0xAB, 0x52, 0xAB, 0x52, 0xCB, 0x5A, 0xCB, 0x5A, 0xCB, 0x5A, 0xCB, 0x5A,
    0xCB, 0x5A, 0xCB, 0x5A, 0xCB, 0x5A, 0xCB, 0x5A, 0xCB, 0x5A, 0xCB, 0x5A, 0xCB, 0x5A, 0xCB, 0x5A,
    0xCB, 0x5A, 0xCB, 0x5A, 0xCB, 0x5A, 0xCB, 0x5A, 0xCB, 0x5A, 0xCB, 0x5A, 0xCB, 0x5A, 0xCB, 0x5A,
    0xCB, 0x5A, 0xCB, 0x5A, 0xCB, 0x5A, 0xCB, 0x5A, 0xCB, 0x5A, 0xCB, 0x5A, 0xCB, 0x5A, 0xCB, 0x5A,
    0xCB, 0x5A, 0xCB, 0x5A, 0xCB, 0x5A, 0xCB, 0x5A, 0xCB, 0x5A, 0xCB, 0x5A, 0xCB, 0x5A, 0xCB, 0x5A,
    0xCB, 0x5A, 0xCB, 0x5A, 0xCB, 0x5A, 0xCB, 0x5A, 0xCB, 0x5A, 0xCB, 0x5A, 0xCB, 0x5A, 0xCB, 0x5A,
    0xCB, 0x5A, 0xCB, 0x5A, 0xCB, 0x5A, 0xCB, 0x5A, 0xCB, 0x5A, 0xCB, 0x5A, 0xCB, 0x5A, 0xCB, 0x5A,
    0xCB, 0x5A, 0xCB, 0x5A, 0xCB, 0x5A, 0xCB, 0x5A, 0xCB, 0x5A, 0xCB, 0x5A, 0xCB, 0x5A, 0xAB, 0x52,
    0xAB, 0x52, 0xCB, 0x5A, 0xCB, 0x5A, 0xCB, 0x5A, 0xCB, 0x5A, 0xCB, 0x5A, 0xCB, 0x5A, 0xCB, 0x5A,
    0xCB, 0x5A, 0xCB, 0x5A, 0xCB, 0x5A, 0xCB, 0x5A, 0xCB, 0x5A, 0xCB, 0x5A, 0xCB, 0x5A, 0xCB, 0x5A,
    0xCB, 0x5A, 0xCB, 0x5A, 0xCB, 0x5A, 0xCB, 0x5A, 0xCB, 0x5A, 0xCB, 0x5A, 0xCB, 0x5A, 0xCB, 0x5A,
    0xAB, 0x52, 0x6A, 0x4A, 0x09, 0x42, 0xE8, 0x39, 0x08, 0x42, 0x09, 0x3A, 0x8F, 0x21, 0x71, 0x21,
    0x91, 0x21, 0x71, 0x21, 0x71, 0x21, 0x71, 0x21, 0x71, 0x21, 0x71, 0x21, 0x71, 0x21, 0x71, 0x21,
    0x71, 0x21, 0x71, 0x21, 0x71, 0x21, 0x71, 0x21, 0x71, 0x21, 0x71, 0x21, 0x71, 0x21, 0x71, 0x21,
    0x71, 0x21, 0x70, 0x21, 0xEA, 0x39, 0x49, 0x4A, 0x49, 0x4A, 0x09, 0x42, 0x10, 0x84, 0xFC, 0xDE,
    0xFB, 0xDE, 0x1C, 0xE7, 0xFC, 0xE6, 0xFB, 0xDE, 0xFB, 0xDE, 0xFB, 0xDE, 0xFB, 0xDE, 0xFB, 0xDE,
    0xFC, 0xDE, 0xFC, 0xDE, 0xFC, 0xDE, 0xFC, 0xE6, 0x1C, 0xE7, 0x1C, 0xE7, 0x1C, 0xE7, 0x1C, 0xE7,
    0x1C, 0xE7, 0x1C, 0xE7, 0x1C, 0xE7, 0x1C, 0xE7, 0x1C, 0xE7, 0x1C, 0xE7, 0x1C, 0xE7, 0x1C, 0xE7,
    0x1C, 0xE7, 0x1C, 0xE7, 0x1C, 0xE7, 0x1C, 0xE7, 0x1C, 0xE7, 0x1C, 0xE7, 0x1C, 0xE7, 0x1C, 0xE7,
    0x1C, 0xE7, 0x1C, 0xE7, 0x1C, 0xE7, 0x1C, 0xE7, 0x1C, 0xE7, 0x1C, 0xE7, 0x1C, 0xE7, 0x1C, 0xE7,
    0x1C, 0xE7, 0x1C, 0xE7, 0x1C, 0xE7, 0x1C, 0xE7, 0x1C, 0xE7, 0xFC, 0xDE, 0xFC, 0xE6, 0x1C, 0xE7,
    0x1C, 0xE7, 0x1C, 0xE7, 0x1C, 0xE7, 0x1C, 0xE7, 0x1C, 0xE7, 0x1C, 0xE7, 0x1C, 0xE7, 0x1C, 0xE7,
    0x1C, 0xE7, 0x1C, 0xE7, 0x1C, 0xE7, 0x1C, 0xE7, 0x1C, 0xE7, 0x1C, 0xE7, 0x1C, 0xE7, 0x1C, 0xE7,
    0x1C, 0xE7, 0x1C, 0xE7, 0x1C, 0xE7, 0x1C, 0xE7, 0x1C, 0xE7, 0x1C, 0xE7, 0x1C, 0xE7, 0x1C, 0xE7,
    0x1C, 0xE7, 0x1C, 0xE7, 0x1C, 0xE7, 0x1C, 0xE7, 0x1C, 0xE7, 0x1C, 0xE7, 0x1C, 0xE7, 0x1C, 0xE7,
    0x1C, 0xE7, 0x1C, 0xE7, 0x1C, 0xE7, 0x1C, 0xE7, 0x1C, 0xE7, 0x1C, 0xE7, 0x1C, 0xE7, 0x1C, 0xE7,
    0x1C, 0xE7, 0x1C, 0xE7, 0x1C, 0xE7, 0x1C, 0xE7, 0x1C, 0xE7, 0x1C, 0xE7, 0x1C, 0xE7, 0x1C, 0xE7,
    0x1C, 0xE7, 0x1C, 0xE7, 0x1C, 0xE7, 0x1C, 0xE7, 0xFC, 0xE6, 0x1C, 0xE7, 0x1C, 0xE7, 0x1C, 0xE7,
    0x1C, 0xE7, 0x1C, 0xE7, 0x1C, 0xE7, 0x1C, 0xE7, 0x1C, 0xE7, 0x1C, 0xE7, 0x1C, 0xE7, 0x1C, 0xE7,
    0x1C, 0xE7, 0x1C, 0xE7, 0x1C, 0xE7, 0x1C, 0xE7, 0x1C, 0xE7, 0x1C, 0xE7, 0x1C, 0xE7, 0x1C, 0xE7,
    0x1C, 0xE7, 0x1C, 0xE7, 0x1C, 0xE7, 0x1C, 0xE7, 0x1C, 0xE7, 0x1C, 0xE7, 0x1C, 0xE7, 0x1C, 0xE7,
    0x1C, 0xE7, 0x1C, 0xE7, 0x1C, 0xE7, 0x1C, 0xE7, 0x1C, 0xE7, 0x1C, 0xE7, 0x1C, 0xE7, 0x1C, 0xE7,
    0x1C, 0xE7, 0x1C, 0xE7, 0x1C, 0xE7, 0x1C, 0xE7, 0x1C, 0xE7, 0x1C, 0xE7, 0x1C, 0xE7, 0x1C, 0xE7,
    0x1C, 0xE7, 0x1C, 0xE7, 0x1C, 0xE7, 0x1C, 0xE7, 0x1C, 0xE7, 0xFC, 0xE6, 0x1C, 0xE7, 0x1C, 0xE7,
    0x1C, 0xE7, 0x1C, 0xE7, 0x1C, 0xE7, 0x1C, 0xE7, 0x1C, 0xE7, 0x1C, 0xE7, 0x1C, 0xE7, 0x1C, 0xE7,
    0x1C, 0xE7, 0x1C, 0xE7, 0x1C, 0xE7, 0x1C, 0xE7, 0x1C, 0xE7, 0x1C, 0xE7, 0x1C, 0xE7, 0x1C, 0xE7,
    0x1C, 0xE7, 0x1C, 0xE7, 0x1C, 0xE7, 0x1C, 0xE7, 0x1C, 0xE7, 0x1C, 0xE7, 0x1C, 0xE7, 0x1C, 0xE7,
    0x1C, 0xE7, 0x1C, 0xE7, 0x1C, 0xE7, 0x1C, 0xE7, 0x1C, 0xE7, 0x1C, 0xE7, 0x1C, 0xE7, 0x1C, 0xE7,
    0x1C, 0xE7, 0x1C, 0xE7, 0x1C, 0xE7, 0xFB, 0xDE, 0x1C, 0xE7, 0xF4, 0x9C, 0x29, 0x4A, 0x4A, 0x4A,
    0x49, 0x4A, 0x28, 0x42, 0x8E, 0x21, 0x71, 0x21, 0x91, 0x21, 0x91, 0x21, 0x71, 0x21, 0x71, 0x21,
    0x71, 0x21, 0x71, 0x21, 0x71, 0x21, 0x71, 0x21, 0x71, 0x21, 0x71, 0x21, 0x71, 0x21, 0x71, 0x21,
    0x71, 0x21, 0x71, 0x21, 0x71, 0x21, 0x71, 0x21, 0x71, 0x21, 0x71, 0x21, 0xEA, 0x39, 0x49, 0x4A,
    0x4A, 0x4A, 0xE8, 0x39, 0x51, 0x8C, 0xBE, 0xFF, 0x9E, 0xF7, 0xBE, 0xF7, 0x9E, 0xF7, 0x7D, 0xF7,
    0x7D, 0xF7, 0x7D, 0xF7, 0x9E, 0xF7, 0x9E, 0xF7, 0x9E, 0xF7, 0x9E, 0xF7, 0x9E, 0xF7, 0x9E, 0xF7,
    0xBE, 0xF7, 0xBE, 0xF7, 0xBE, 0xF7, 0xBE, 0xF7, 0xBE, 0xF7, 0xBE, 0xF7, 0xBE, 0xF7, 0xBE, 0xF7,
    0xBE, 0xF7, 0xBE, 0xF7, 0xBE, 0xF7, 0xBE, 0xF7, 0xBE, 0xF7, 0xBE, 0xF7, 0xBE, 0xF7, 0xBE, 0xF7,
    0xBE, 0xF7, 0xBE, 0xF7, 0xBE, 0xF7, 0xBE, 0xF7, 0xBE, 0xF7, 0xBE, 0xF7, 0xBE, 0xF7, 0xBE, 0xF7,
    0xBE, 0xF7, 0xBE, 0xF7, 0xBE, 0xF7, 0xBE, 0xF7, 0xBE, 0xF7, 0xBE, 0xF7, 0xBE, 0xF7, 0xBE, 0xF7,
    0xBE, 0xF7, 0xBE, 0xF7, 0xBE, 0xF7, 0xBE, 0xF7, 0xBE, 0xF7, 0xBE, 0xF7, 0xBE, 0xF7, 0xBE, 0xF7,
    0xBE, 0xF7, 0xBE, 0xF7, 0xBE, 0xF7, 0xBE, 0xF7, 0xBE, 0xF7, 0xBE, 0xF7, 0xBE, 0xF7, 0xBE, 0xF7,
    0xBE, 0xF7, 0xBE, 0xF7, 0xBE, 0xF7, 0xBE, 0xF7, 0xBE, 0xF7, 0xBE, 0xF7, 0xBE, 0xF7, 0xBE, 0xF7,
    0xBE, 0xF7, 0xBE, 0xF7, 0xBE, 0xF7, 0xBE, 0xF7, 0xBE, 0xF7, 0xBE, 0xF7, 0xBE, 0xF7, 0xBE, 0xF7,
    0xBE, 0xF7, 0xBE, 0xF7, 0xBE, 0xF7, 0xBE, 0xF7, 0xBE, 0xF7, 0xBE, 0xF7, 0xBE, 0xF7, 0xBE, 0xF7,
    0xBE, 0xF7, 0xBE, 0xF7, 0xBE, 0xF7, 0xBE, 0xF7, 0xBE, 0xF7, 0xBE, 0xF7, 0xBE, 0xF7, 0xBE, 0xF7,
    0xBE, 0xF7, 0xBE, 0xF7, 0xBE, 0xF7, 0xBE, 0xF7, 0xBE, 0xF7, 0xBE, 0xF7, 0xBE, 0xF7, 0xBE, 0xF7,
    0xBE, 0xF7, 0xBE, 0xF7, 0xBE, 0xF7, 0xBE, 0xF7, 0xBE, 0xF7, 0xBE, 0xF7, 0xBE, 0xF7, 0xBE, 0xF7,
    0xBE, 0xF7, 0xBE, 0xF7, 0xBE, 0xF7, 0xBE, 0xF7, 0xBE, 0xF7, 0xBE, 0xF7, 0xBE, 0xF7, 0xBE, 0xF7,
    0xBE, 0xF7, 0xBE, 0xF7, 0xBE, 0xF7, 0xBE, 0xF7, 0xBE, 0xF7, 0xBE, 0xF7, 0xBE, 0xF7, 0xBE, 0xF7,
    0xBE, 0xF7, 0xBE, 0xF7, 0xBE, 0xF7, 0xBE, 0xF7, 0xBE, 0xF7, 0xBE, 0xF7, 0xBE, 0xF7, 0xBE, 0xF7,
    0xBE, 0xF7, 0xBE, 0xF7, 0xBE, 0xF7, 0xBE, 0xF7, 0xBE, 0xF7, 0xBE, 0xF7, 0xBE, 0xF7, 0xBE, 0xF7,
    0xBE, 0xF7, 0xBE, 0xF7, 0xBE, 0xF7, 0xBE, 0xF7, 0xBE, 0xF7, 0xBE, 0xF7, 0xBE, 0xF7, 0xBE, 0xF7,
    0xBE, 0xF7, 0xBE, 0xF7, 0xBE, 0xF7, 0xBE, 0xF7, 0xBE, 0xF7, 0xBE, 0xF7, 0xBE, 0xF7, 0xBE, 0xF7,
    0xBE, 0xF7, 0xBE, 0xF7, 0xBE, 0xF7, 0xBE, 0xF7, 0xBE, 0xF7, 0xBE, 0xF7, 0xBE, 0xF7, 0xBE, 0xF7,
    0xBE, 0xF7, 0xBE, 0xF7, 0xBE, 0xF7, 0xBE, 0xF7, 0xBE, 0xF7, 0xBE, 0xF7, 0xBE, 0xF7, 0xBE, 0xF7,
    0xBE, 0xF7, 0xBE, 0xF7, 0xBE, 0xF7, 0xBE, 0xF7, 0xBE, 0xF7, 0xBE, 0xF7, 0xBE, 0xF7, 0xBE, 0xF7,
    0xBE, 0xF7, 0xBE, 0xF7, 0x9E, 0xF7, 0x9E, 0xF7, 0x9E, 0xF7, 0x9E, 0xF7, 0xBE, 0xF7, 0xBE, 0xF7,
    0xFF, 0xFF, 0x75, 0xAD, 0x29, 0x42, 0x49, 0x4A, 0x49, 0x4A, 0x09, 0x42, 0x4C, 0x21, 0x70, 0x19,
    0x71, 0x21, 0x71, 0x21, 0x71, 0x21, 0x71, 0x21, 0x71, 0x21, 0x71, 0x21, 0x71, 0x21, 0x71, 0x21,
    0x71, 0x21, 0x71, 0x21, 0x71, 0x21, 0x71, 0x21, 0x71, 0x21, 0x71, 0x21, 0xB0, 0x21, 0xCE, 0x31,
    0xCE, 0x29, 0xCD, 0x31, 0x09, 0x42, 0x29, 0x42, 0x29, 0x42, 0xE8, 0x39, 0x71, 0x94, 0xDE, 0xFF,
    0x9E, 0xF7, 0x9D, 0xF7, 0x7D, 0xEF, 0x5D, 0xEF, 0x7D, 0xEF, 0x7D, 0xEF, 0x7D, 0xEF, 0x7D, 0xEF,
    0x7D, 0xEF, 0x7D, 0xF7, 0x7E, 0xF7, 0x9E, 0xF7, 0x9E, 0xF7, 0x9E, 0xF7, 0x9E, 0xF7, 0x9E, 0xF7,
    0x9E, 0xF7, 0x9E, 0xF7, 0x9E, 0xF7, 0x9E, 0xF7, 0x9E, 0xF7, 0x9E, 0xF7, 0x9E, 0xF7, 0x9E, 0xF7,
    0x9E, 0xF7, 0x9E, 0xF7, 0x9E, 0xF7, 0x9E, 0xF7, 0x9E, 0xF7, 0x9E, 0xF7, 0x9E, 0xF7, 0x9E, 0xF7,
    0x9E, 0xF7, 0x9E, 0xF7, 0x9E, 0xF7, 0x9E, 0xF7, 0x9E, 0xF7, 0x9E, 0xF7, 0x9E, 0xF7, 0x9E, 0xF7,
    0x9E, 0xF7, 0x9E, 0xF7, 0x9E, 0xF7, 0x9E, 0xF7, 0x9E, 0xF7, 0x9E, 0xF7, 0x9E, 0xF7, 0x9E, 0xF7,
    0x9E, 0xF7, 0x9E, 0xF7, 0x9E, 0xF7, 0x9E, 0xF7, 0x9E, 0xF7, 0x9E, 0xF7, 0x9E, 0xF7, 0x9E, 0xF7,
    0x9E, 0xF7, 0x9E, 0xF7, 0x9E, 0xF7, 0x9E, 0xF7, 0x9E, 0xF7, 0x9E, 0xF7, 0x9E, 0xF7, 0x9E, 0xF7,
    0x9E, 0xF7, 0x9E, 0xF7, 0x9E, 0xF7, 0x9E, 0xF7, 0x9E, 0xF7, 0x9E, 0xF7, 0x9E, 0xF7, 0x9E, 0xF7,
    0x9E, 0xF7, 0x9E, 0xF7, 0x9E, 0xF7, 0x9E, 0xF7, 0x9D, 0xF7, 0x9E, 0xF7, 0x9D, 0xF7, 0x9E, 0xF7,
    0x9D, 0xF7, 0x9D, 0xF7, 0x9D, 0xF7, 0x9E, 0xF7, 0x9E, 0xF7, 0x9E, 0xF7, 0x9E, 0xF7, 0x9E, 0xF7,
    0x9E, 0xF7, 0x9E, 0xF7, 0x9E, 0xF7, 0x9E, 0xF7, 0x9E, 0xF7, 0x9E, 0xF7, 0x9E, 0xF7, 0x9E, 0xF7,
    0x9E, 0xF7, 0x9E, 0xF7, 0x9E, 0xF7, 0x9E, 0xF7, 0x9E, 0xF7, 0x9E, 0xF7, 0x9E, 0xF7, 0x9E, 0xF7,
    0x9E, 0xF7, 0x9E, 0xF7, 0x9E, 0xF7, 0x9E, 0xF7, 0x9E, 0xF7, 0x9E, 0xF7, 0x9E, 0xF7, 0x9E, 0xF7,
    0x9E, 0xF7, 0x9E, 0xF7, 0x9E, 0xF7, 0x9E, 0xF7, 0x9E, 0xF7, 0x9E, 0xF7, 0x9E, 0xF7, 0x9E, 0xF7,
    0x9E, 0xF7, 0x9E, 0xF7, 0x9E, 0xF7, 0x9E, 0xF7, 0x9E, 0xF7, 0x9E, 0xF7, 0x9E, 0xF7, 0x9E, 0xF7,
    0x9E, 0xF7, 0x9E, 0xF7, 0x9E, 0xF7, 0x9E, 0xF7, 0x9E, 0xF7, 0x9E, 0xF7, 0x9E, 0xF7, 0x9E, 0xF7,
    0x9E, 0xF7, 0x9E, 0xF7, 0x9E, 0xF7, 0x9E, 0xF7, 0x9E, 0xF7, 0x9E, 0xF7, 0x9E, 0xF7, 0x9E, 0xF7,
    0x9E, 0xF7, 0x9E, 0xF7, 0x9E, 0xF7, 0x9E, 0xF7, 0x9E, 0xF7, 0x9E, 0xF7, 0x9E, 0xF7, 0x9E, 0xF7,
    0x9E, 0xF7, 0x9E, 0xF7, 0x9E, 0xF7, 0x9E, 0xF7, 0x9E, 0xF7, 0x9E, 0xF7, 0x9E, 0xF7, 0x9E, 0xF7,
    0x9E, 0xF7, 0x9E, 0xF7, 0x9E, 0xF7, 0x9E, 0xF7, 0x9E, 0xF7, 0x9E, 0xF7, 0x9E, 0xF7, 0x9E, 0xF7,
    0x9E, 0xF7, 0x9E, 0xF7, 0x9E, 0xF7, 0x9E, 0xF7, 0x9E, 0xF7, 0x9E, 0xF7, 0x9E, 0xF7, 0x9E, 0xF7,
    0x9E, 0xF7, 0x9E, 0xF7, 0x9E, 0xF7, 0x9E, 0xF7, 0x9E, 0xF7, 0x9E, 0xF7, 0x9D, 0xF7, 0x9D, 0xF7,
    0x9D, 0xF7, 0x9D, 0xF7, 0x9E, 0xF7, 0x9E, 0xF7, 0xFF, 0xFF, 0x55, 0xAD, 0x08, 0x42, 0x29, 0x42,
    0x29, 0x42, 0x29, 0x42, 0x87, 0x31, 0x88, 0x29, 0xAB, 0x31, 0xAE, 0x29, 0x71, 0x21, 0x71, 0x21,
    0x71, 0x21, 0x71, 0x21, 0x71, 0x21, 0x71, 0x21, 0x71, 0x21, 0x71, 0x21, 0x71, 0x21, 0x71, 0x21,
    0x71, 0x21, 0x71, 0x21, 0xCD, 0x31, 0x6A, 0x4A, 0x49, 0x4A, 0x49, 0x4A, 0x8A, 0x52, 0xEC, 0x5A,
    0xEC, 0x5A, 0xCB, 0x5A, 0xF4, 0x9C, 0xBE, 0xF7, 0x7D, 0xEF, 0x5D, 0xEF, 0x5D, 0xEF, 0x5D, 0xEF,
    0x5D, 0xEF, 0x5D, 0xEF, 0x5D, 0xEF, 0x5D, 0xEF, 0x5D, 0xEF, 0x5D, 0xEF, 0x5D, 0xEF, 0x7D, 0xEF,
    0x7D, 0xEF, 0x7D, 0xEF, 0x7D, 0xEF, 0x7D, 0xEF, 0x7D, 0xEF, 0x7D, 0xEF, 0x7D, 0xEF, 0x7D, 0xEF,
    0x7D, 0xEF, 0x7E, 0xEF, 0x7D, 0xEF, 0x7D, 0xEF, 0x7D, 0xEF, 0x7D, 0xEF, 0x7D, 0xEF, 0x7D, 0xEF,
    0x7D, 0xEF, 0x7D, 0xEF, 0x7D, 0xEF, 0x7D, 0xEF, 0x7D, 0xEF, 0x7D, 0xEF, 0x7D, 0xEF, 0x7D, 0xEF,
    0x7D, 0xEF, 0x7D, 0xEF, 0x7D, 0xEF, 0x7D, 0xEF, 0x7D, 0xEF, 0x7E, 0xEF, 0x7E, 0xEF, 0x7D, 0xEF,
    0x7D, 0xEF, 0x7D, 0xEF, 0x7D, 0xEF, 0x7E, 0xEF, 0x7E, 0xEF, 0x7D, 0xEF, 0x7D, 0xEF, 0x7D, 0xEF,
    0x7D, 0xEF, 0x7D, 0xEF, 0x7D, 0xEF, 0x7D, 0xEF, 0x7D, 0xEF, 0x7D, 0xEF, 0x7E, 0xEF, 0x7D, 0xEF,
    0x7D, 0xEF, 0x7D, 0xEF, 0x7D, 0xEF, 0x7D, 0xEF, 0x7D, 0xEF, 0x7D, 0xEF, 0x7D, 0xEF, 0x7D, 0xEF,
    0x7D, 0xEF, 0x7D, 0xEF, 0x7E, 0xEF, 0x7E, 0xEF, 0x7E, 0xEF, 0x7D, 0xEF, 0x7E, 0xEF, 0x7D, 0xEF,
    0x7D, 0xEF, 0x7D, 0xEF, 0x7D, 0xEF, 0x7D, 0xEF, 0x7D, 0xEF, 0x7D, 0xEF, 0x7D, 0xEF, 0x7D, 0xEF,
    0x7D, 0xEF, 0x7E, 0xEF, 0x7E, 0xEF, 0x7E, 0xEF, 0x7D, 0xEF, 0x7D, 0xEF, 0x7D, 0xEF, 0x7D, 0xEF,
    0x7D, 0xEF, 0x7D, 0xEF, 0x7D, 0xEF, 0x7D, 0xEF, 0x7E, 0xEF, 0x7E, 0xEF, 0x7E, 0xEF, 0x7E, 0xEF,
    0x7D, 0xEF, 0x7D, 0xEF, 0x7D, 0xEF, 0x7D, 0xEF, 0x7D, 0xEF, 0x7D, 0xEF, 0x7D, 0xEF, 0x7D, 0xEF,
    0x7D, 0xEF, 0x7E, 0xEF, 0x7E, 0xEF, 0x7E, 0xEF, 0x7D, 0xEF, 0x7D, 0xEF, 0x7E, 0xEF, 0x7E, 0xEF,
    0x7E, 0xEF, 0x7E, 0xEF, 0x7E, 0xEF, 0x7E, 0xEF, 0x7E, 0xEF, 0x7D, 0xEF, 0x7D, 0xEF, 0x7D, 0xEF,
    0x7D, 0xEF, 0x7D, 0xEF, 0x7D, 0xEF, 0x7D, 0xEF, 0x7D, 0xEF, 0x7D, 0xEF, 0x7D, 0xEF, 0x7D, 0xEF,
    0x7D, 0xEF, 0x7D, 0xEF, 0x7D, 0xEF, 0x7D, 0xEF, 0x7D, 0xEF, 0x7D, 0xEF, 0x7D, 0xEF, 0x7D, 0xEF,
    0x7D, 0xEF, 0x7D, 0xEF, 0x7D, 0xEF, 0x7D, 0xEF, 0x7D, 0xEF, 0x7D, 0xEF, 0x7D, 0xEF, 0x7D, 0xEF,
    0x7D, 0xEF, 0x7D, 0xEF, 0x7D, 0xEF, 0x7D, 0xEF, 0x7D, 0xEF, 0x7D, 0xEF, 0x7D, 0xEF, 0x7D, 0xEF,
    0x7D, 0xEF, 0x7D, 0xEF, 0x7D, 0xEF, 0x7D, 0xEF, 0x7D, 0xEF, 0x7D, 0xEF, 0x7D, 0xEF, 0x7D, 0xEF,
    0x7D, 0xEF, 0x7E, 0xEF, 0x7E, 0xEF, 0x7E, 0xEF, 0x7E, 0xEF, 0x7D, 0xEF, 0x7D, 0xEF, 0x7D, 0xEF,
    0x7D, 0xEF, 0x7D, 0xEF, 0x7D, 0xEF, 0x7D, 0xEF, 0x7D, 0xEF, 0x7D, 0xEF, 0x7D, 0xEF, 0x7D, 0xEF,
    0x7D, 0xEF, 0x7D, 0xEF, 0x7D, 0xEF, 0x5D, 0xEF, 0x5D, 0xEF, 0x5D, 0xEF, 0x7D, 0xEF, 0x5D, 0xEF,
    0xBF, 0xF7, 0x96, 0xB5, 0xCB, 0x5A, 0xEB, 0x5A, 0xCB, 0x5A, 0x6A, 0x52, 0x29, 0x4A, 0x29, 0x42,
    0x49, 0x4A, 0xC9, 0x31, 0x70, 0x19, 0x71, 0x21, 0x71, 0x21, 0x71, 0x21, 0x71, 0x21, 0x71, 0x21,
    0x71, 0x21, 0x71, 0x21, 0x71, 0x21, 0x71, 0x21, 0x71, 0x21, 0x71, 0x21, 0xCB, 0x31, 0x6A, 0x4A,
    0x49, 0x4A, 0x08, 0x42, 0x6E, 0x6B, 0xFB, 0xDE, 0xFB, 0xDE, 0x1C, 0xE7, 0xDB, 0xDE, 0x7A, 0xCE,
    0x7A, 0xCE, 0x7A, 0xCE, 0x7A, 0xCE, 0x9A, 0xCE, 0x9A, 0xCE, 0x9A, 0xCE, 0x9A, 0xCE, 0x9A, 0xD6,
    0x9A, 0xD6, 0x9A, 0xD6, 0x9A, 0xD6, 0x9A, 0xD6, 0x9A, 0xD6, 0x9A, 0xD6, 0x9A, 0xD6, 0x9A, 0xD6,
    0x9A, 0xD6, 0x9A, 0xD6, 0x9A, 0xD6, 0x9A, 0xD6, 0x9A, 0xD6, 0x9A, 0xD6, 0x9A, 0xD6, 0x9A, 0xD6,
    0x9A, 0xCE, 0x9A, 0xD6, 0x9A, 0xD6, 0x9A, 0xD6, 0x9A, 0xD6, 0x9A, 0xD6, 0x9A, 0xD6, 0x9A, 0xD6,
    0x9A, 0xD6, 0x9A, 0xD6, 0x9A, 0xD6, 0x9A, 0xD6, 0x9A, 0xD6, 0x9A, 0xD6, 0x9A, 0xD6, 0x9A, 0xD6,
    0x9A, 0xD6, 0x9A, 0xD6, 0x9A, 0xD6, 0x9A, 0xD6, 0x9A, 0xD6, 0x9A, 0xD6, 0x9A, 0xD6, 0x9A, 0xD6,
    0x9A, 0xD6, 0x9A, 0xD6, 0x9A, 0xD6, 0x9A, 0xD6, 0x9A, 0xD6, 0x9A, 0xD6, 0x9A, 0xD6, 0x9A, 0xD6,
    0x9A, 0xD6, 0x9A, 0xD6, 0x9A, 0xD6, 0x9A, 0xD6, 0x9A, 0xD6, 0x9A, 0xD6, 0x9A, 0xD6, 0x9A, 0xD6,
    0x9A, 0xD6, 0x9A, 0xD6, 0x9A, 0xD6, 0x9A, 0xD6, 0x9A, 0xD6, 0x9A, 0xD6, 0x9A, 0xD6, 0x9A, 0xD6,
    0x9A, 0xD6, 0x9A, 0xD6, 0x9A, 0xD6, 0x9A, 0xD6, 0x9A, 0xD6, 0x9A, 0xD6, 0x9A, 0xD6, 0x9A, 0xD6,
    0x9A, 0xD6, 0x9A, 0xD6, 0x9A, 0xD6, 0x9A, 0xD6, 0x9A, 0xD6, 0x9A, 0xD6, 0x9A, 0xD6, 0x9A, 0xD6,
    0x9A, 0xD6, 0x9A, 0xD6, 0x9A, 0xD6, 0x9A, 0xD6, 0x9A, 0xD6, 0x9A, 0xD6, 0x9A, 0xD6, 0x9A, 0xD6,
    0x9A, 0xD6, 0x9A, 0xD6, 0x9A, 0xD6, 0x9A, 0xD6, 0x9A, 0xD6, 0x9A, 0xD6, 0x9A, 0xD6, 0x9A, 0xD6,
    0x9A, 0xD6, 0x9A, 0xD6, 0x9A, 0xD6, 0x9A, 0xD6, 0x9A, 0xD6, 0x9A, 0xD6, 0x9A, 0xD6, 0x9A, 0xD6,
    0x9A, 0xD6, 0x9A, 0xD6, 0x9A, 0xD6, 0x9A, 0xD6, 0x9A, 0xD6, 0x9A, 0xD6, 0x9A, 0xD6, 0x9A, 0xD6,
    0x9A, 0xD6, 0x9A, 0xD6, 0x9A, 0xD6, 0x9A, 0xD6, 0x9A, 0xD6, 0x9A, 0xD6, 0x9A, 0xD6, 0x9A, 0xD6,
    0x9A, 0xD6, 0x9A, 0xD6, 0x9A, 0xD6, 0x9A, 0xD6, 0x9A, 0xD6, 0x9A, 0xD6, 0x9A, 0xD6, 0x9A, 0xD6,
    0x9A, 0xD6, 0x9A, 0xD6, 0x9A, 0xD6, 0x9A, 0xD6, 0x9A, 0xCE, 0x9A, 0xCE, 0x9A, 0xD6, 0x9A, 0xD6,
    0x9A, 0xD6, 0x9A, 0xD6, 0x9A, 0xD6, 0x9A, 0xD6, 0x9A, 0xD6, 0x9A, 0xD6, 0x9A, 0xD6, 0x9A, 0xD6,
    0x9A, 0xD6, 0x9A, 0xD6, 0x9A, 0xD6, 0x9A, 0xD6, 0x9A, 0xCE, 0x9A, 0xCE, 0x9A, 0xCE, 0x9A, 0xCE,
    0x9A, 0xD6, 0x9A, 0xD6, 0x9A, 0xD6, 0x9A, 0xD6, 0x9A, 0xD6, 0x9A, 0xD6, 0x9A, 0xD6, 0x9A, 0xD6,
    0x9A, 0xD6, 0x9A, 0xD6, 0x9A, 0xD6, 0x9A, 0xD6, 0x9A, 0xD6, 0x9A, 0xD6, 0x9A, 0xD6, 0x9A, 0xD6,
    0x9A, 0xD6, 0x9A, 0xD6, 0x9A, 0xCE, 0x7A, 0xCE, 0x9A, 0xCE, 0x9A, 0xCE, 0x9A, 0xCE, 0x7A, 0xCE,
    0x9A, 0xCE, 0x9A, 0xCE, 0x9A, 0xCE, 0x9A, 0xCE, 0x7A, 0xCE, 0xBB, 0xDE, 0x1C, 0xE7, 0xDB, 0xDE,
    0x3C, 0xE7, 0xF0, 0x7B, 0xA7, 0x39, 0x09, 0x42, 0x29, 0x42, 0x86, 0x31, 0xEA, 0x10, 0x71, 0x21,
    0x71, 0x21, 0x71, 0x21, 0x71, 0x21, 0x71, 0x21, 0x71, 0x21, 0x71, 0x21, 0x71, 0x21, 0x71, 0x21,
    0x71, 0x21, 0x71, 0x21, 0xCB, 0x31, 0x6A, 0x4A, 0x49, 0x4A, 0x28, 0x42, 0xAE, 0x73, 0x9E, 0xF7,
    0xBE, 0xF7, 0xDE, 0xFF, 0x1D, 0xE7, 0x39, 0xC6, 0x39, 0xC6, 0x5A, 0xCE, 0x5A, 0xCE, 0x5A, 0xCE,
    0x5A, 0xCE, 0x5A, 0xCE, 0x5A, 0xCE, 0x5A, 0xCE, 0x7A, 0xCE, 0x5A, 0xCE, 0x5A, 0xCE, 0x7A, 0xCE,
    0x7A, 0xCE, 0x7A, 0xCE, 0x7A, 0xCE, 0x7A, 0xCE, 0x7A, 0xCE, 0x7A, 0xCE, 0x7A, 0xCE, 0x7A, 0xCE,
    0x7A, 0xCE, 0x5A, 0xCE, 0x5A, 0xCE, 0x5A, 0xCE, 0x5A, 0xCE, 0x5A, 0xCE, 0x7A, 0xCE, 0x7A, 0xCE,
    0x5A, 0xCE, 0x7A, 0xCE, 0x5A, 0xCE, 0x7A, 0xCE, 0x7A, 0xCE, 0x7A, 0xCE, 0x5A, 0xCE, 0x7A, 0xCE,
    0x7A, 0xCE, 0x5A, 0xCE, 0x5A, 0xCE, 0x5A, 0xCE, 0x7A, 0xCE, 0x7A, 0xCE, 0x7A, 0xCE, 0x7A, 0xCE,
    0x7A, 0xCE, 0x7A, 0xCE, 0x7A, 0xCE, 0x7A, 0xCE, 0x7A, 0xCE, 0x7A, 0xCE, 0x7A, 0xCE, 0x7A, 0xCE,
    0x7A, 0xCE, 0x7A, 0xCE, 0x7A, 0xCE, 0x7A, 0xCE, 0x5A, 0xCE, 0x7A, 0xCE, 0x5A, 0xCE, 0x7A, 0xCE,
    0x5A, 0xCE, 0x5A, 0xCE, 0x5A, 0xCE, 0x5A, 0xCE, 0x5A, 0xCE, 0x5A, 0xCE, 0x7A, 0xCE, 0x7A, 0xCE,
    0x7A, 0xCE, 0x7A, 0xCE, 0x7A, 0xCE, 0x7A, 0xCE, 0x7A, 0xCE, 0x7A, 0xCE, 0x7A, 0xCE, 0x7A, 0xCE,
    0x7A, 0xCE, 0x7A, 0xCE, 0x7A, 0xCE, 0x7A, 0xCE, 0x7A, 0xCE, 0x7A, 0xCE, 0x7A, 0xCE, 0x7A, 0xCE,
    0x7A, 0xCE, 0x7A, 0xCE, 0x7A, 0xCE, 0x7A, 0xCE, 0x7A, 0xCE, 0x5A, 0xCE, 0x5A, 0xCE, 0x5A, 0xCE,
    0x5A, 0xCE, 0x5A, 0xCE, 0x5A, 0xCE, 0x5A, 0xCE, 0x5A, 0xCE, 0x5A, 0xCE, 0x7A, 0xCE, 0x7A, 0xCE,
    0x7A, 0xCE, 0x7A, 0xCE, 0x7A, 0xCE, 0x7A, 0xCE, 0x7A, 0xCE, 0x7A, 0xCE, 0x7A, 0xCE, 0x7A, 0xCE,
    0x7A, 0xCE, 0x7A, 0xCE, 0x7A, 0xCE, 0x7A, 0xCE, 0x7A, 0xCE, 0x7A, 0xCE, 0x7A, 0xCE, 0x7A, 0xCE,
    0x7A, 0xCE, 0x7A, 0xCE, 0x7A, 0xCE, 0x7A, 0xCE, 0x7A, 0xCE, 0x7A, 0xCE, 0x7A, 0xCE, 0x5A, 0xCE,
    0x5A, 0xCE, 0x5A, 0xCE, 0x5A, 0xCE, 0x5A, 0xCE, 0x7A, 0xCE, 0x5A, 0xCE, 0x7A, 0xCE, 0x7A, 0xCE,
    0x7A, 0xCE, 0x7A, 0xCE, 0x7A, 0xCE, 0x7A, 0xCE, 0x7A, 0xCE, 0x7A, 0xCE, 0x5A, 0xCE, 0x5A, 0xCE,
    0x7A, 0xCE, 0x7A, 0xCE, 0x5A, 0xCE, 0x5A, 0xCE, 0x5A, 0xCE, 0x5A, 0xCE, 0x5A, 0xCE, 0x5A, 0xCE,
    0x5A, 0xCE, 0x5A, 0xCE, 0x5A, 0xCE, 0x5A, 0xCE, 0x5A, 0xCE, 0x5A, 0xCE, 0x5A, 0xCE, 0x5A, 0xCE,
    0x5A, 0xCE, 0x5A, 0xCE, 0x5A, 0xCE, 0x5A, 0xCE, 0x5A, 0xCE, 0x5A, 0xCE, 0x5A, 0xCE, 0x7A, 0xCE,
    0x7A, 0xCE, 0x7A, 0xCE, 0x7A, 0xCE, 0x7A, 0xCE, 0x7A, 0xCE, 0x7A, 0xCE, 0x7A, 0xCE, 0x5A, 0xCE,
    0x5A, 0xCE, 0x5A, 0xCE, 0x5A, 0xCE, 0x5A, 0xCE, 0x5A, 0xCE, 0x5A, 0xCE, 0x5A, 0xCE, 0x5A, 0xCE,
    0x5A, 0xCE, 0x5A, 0xCE, 0x5A, 0xCE, 0x5A, 0xCE, 0x5A, 0xCE, 0x5A, 0xCE, 0x5A, 0xCE, 0x5A, 0xCE,
    0x39, 0xCE, 0xDC, 0xDE, 0xBF, 0xF7, 0xBE, 0xF7, 0xFF, 0xFF, 0x30, 0x84, 0xC7, 0x39, 0x29, 0x42,
    0x29, 0x42, 0x86, 0x31, 0x62, 0x08, 0x2D, 0x19, 0x71, 0x21, 0x71, 0x21, 0x71, 0x21, 0x71, 0x21,
    0x71, 0x21, 0x71, 0x21, 0x71, 0x21, 0x71, 0x21, 0x70, 0x21, 0x6F, 0x19, 0xCA, 0x39, 0x08, 0x42,
    0xE8, 0x39, 0xC7, 0x39, 0x6E, 0x6B, 0x9E, 0xF7, 0x9E, 0xF7, 0xBE, 0xF7, 0xFC, 0xDE, 0x39, 0xC6,
    0x5A, 0xCE, 0x5A, 0xCE, 0x5A, 0xCE, 0x5A, 0xCE, 0x5A, 0xCE, 0x5A, 0xCE, 0x7A, 0xCE, 0x7A, 0xCE,
    0x7A, 0xCE, 0x7A, 0xCE, 0x7A, 0xCE, 0x7A, 0xCE, 0x7A, 0xCE, 0x7A, 0xCE, 0x7A, 0xCE, 0x7A, 0xCE,
    0x7A, 0xCE, 0x7A, 0xCE, 0x7A, 0xCE, 0x7A, 0xCE, 0x7A, 0xCE, 0x7A, 0xCE, 0x7A, 0xCE, 0x7A, 0xCE,
    0x7A, 0xCE, 0x7A, 0xCE, 0x7A, 0xCE, 0x7A, 0xCE, 0x7A, 0xCE, 0x7A, 0xCE, 0x7A, 0xCE, 0x7A, 0xCE,
    0x7A, 0xCE, 0x7A, 0xCE, 0x7A, 0xCE, 0x7A, 0xCE, 0x7A, 0xCE, 0x7A, 0xCE, 0x7A, 0xCE, 0x7A, 0xCE,
    0x7A, 0xCE, 0x7A, 0xCE, 0x7A, 0xCE, 0x7A, 0xCE, 0x7A, 0xCE, 0x7A, 0xCE, 0x7A, 0xCE, 0x7A, 0xCE,
    0x7A, 0xCE, 0x7A, 0xCE, 0x7A, 0xCE, 0x7A, 0xCE, 0x7A, 0xCE, 0x7A, 0xCE, 0x7A, 0xCE, 0x7A, 0xCE,
    0x7A, 0xCE, 0x7A, 0xCE, 0x7A, 0xCE, 0x7A, 0xCE, 0x7A, 0xCE, 0x7A, 0xCE, 0x7A, 0xCE, 0x7A, 0xCE,
    0x7A, 0xCE, 0x7A, 0xCE, 0x7A, 0xCE, 0x7A, 0xCE, 0x7A, 0xCE, 0x7A, 0xCE, 0x7A, 0xCE, 0x7A, 0xCE,
    0x7A, 0xCE, 0x7A, 0xCE, 0x7A, 0xCE, 0x7A, 0xCE, 0x7A, 0xCE, 0x7A, 0xCE, 0x7A, 0xCE, 0x7A, 0xCE,
    0x7A, 0xCE, 0x7A, 0xCE, 0x7A, 0xCE, 0x7A, 0xCE, 0x7A, 0xCE, 0x7A, 0xCE, 0x7A, 0xCE, 0x7A, 0xCE,
    0x7A, 0xCE, 0x7A, 0xCE, 0x7A, 0xCE, 0x7A, 0xCE, 0x7A, 0xCE, 0x7A, 0xCE, 0x7A, 0xCE, 0x7A, 0xCE,
    0x7A, 0xCE, 0x7A, 0xCE, 0x7A, 0xCE, 0x7A, 0xCE, 0x7A, 0xCE, 0x7A, 0xCE, 0x7A, 0xCE, 0x7A, 0xCE,
    0x7A, 0xCE, 0x7A, 0xCE, 0x7A, 0xCE, 0x7A, 0xCE, 0x7A, 0xCE, 0x7A, 0xCE, 0x7A, 0xCE, 0x7A, 0xCE,
    0x7A, 0xCE, 0x7A, 0xCE, 0x7A, 0xCE, 0x7A, 0xCE, 0x7A, 0xCE, 0x7A, 0xCE, 0x7A, 0xCE, 0x7A, 0xCE,
    0x7A, 0xCE, 0x7A, 0xCE, 0x7A, 0xCE, 0x7A, 0xCE, 0x7A, 0xCE, 0x7A, 0xCE, 0x7A, 0xCE, 0x7A, 0xCE,
    0x7A, 0xCE, 0x7A, 0xCE, 0x7A, 0xCE, 0x7A, 0xCE, 0x7A, 0xCE, 0x7A, 0xCE, 0x7A, 0xCE, 0x7A, 0xCE,
    0x7A, 0xCE, 0x7A, 0xCE, 0x7A, 0xCE, 0x7A, 0xCE, 0x7A, 0xCE, 0x7A, 0xCE, 0x7A, 0xCE, 0x7A, 0xCE,
    0x7A, 0xCE, 0x7A, 0xCE, 0x7A, 0xCE, 0x7A, 0xCE, 0x7A, 0xCE, 0x7A, 0xCE, 0x7A, 0xCE, 0x7A, 0xCE,
    0x7A, 0xCE, 0x7A, 0xCE, 0x7A, 0xCE, 0x7A, 0xCE, 0x7A, 0xCE, 0x7A, 0xCE, 0x7A, 0xCE, 0x7A, 0xCE,
    0x7A, 0xCE, 0x7A, 0xCE, 0x7A, 0xCE, 0x7A, 0xCE, 0x7A, 0xCE, 0x7A, 0xCE, 0x7A, 0xCE, 0x7A, 0xCE,
    0x7A, 0xCE, 0x7A, 0xCE, 0x7A, 0xCE, 0x7A, 0xCE, 0x7A, 0xCE, 0x7A, 0xCE, 0x7A, 0xCE, 0x7A, 0xCE,
    0x7A, 0xCE, 0x7A, 0xCE, 0x7A, 0xCE, 0x5A, 0xCE, 0x5A, 0xCE, 0x5A, 0xCE, 0x5A, 0xCE, 0x5A, 0xCE,
    0x5A, 0xCE, 0x5A, 0xCE, 0x5A, 0xCE, 0x5A, 0xCE, 0x59, 0xCE, 0xFB, 0xDE, 0xBE, 0xF7, 0x9E, 0xF7,
    0xDF, 0xFF, 0x31, 0x84, 0xA7, 0x39, 0x08, 0x42, 0x09, 0x42, 0xA7, 0x31, 0xA3, 0x10, 0xA4, 0x10,
    0x4C, 0x19, 0x71, 0x21, 0x71, 0x21, 0x71, 0x21, 0x71, 0x21, 0x71, 0x21, 0x6F, 0x21, 0x69, 0x29,
    0x67, 0x29, 0x26, 0x21, 0x69, 0x4A, 0xB3, 0x94, 0xB3, 0x94, 0xB2, 0x94, 0x96, 0xB5, 0x9E, 0xF7,
    0x7E, 0xF7, 0x9E, 0xF7, 0xFC, 0xDE, 0x39, 0xC6, 0x59, 0xCE, 0x5A, 0xCE, 0x39, 0xC6, 0x39, 0xC6,
    0x3A, 0xC6, 0x5A, 0xCE, 0x5A, 0xCE, 0x5A, 0xCE, 0x5A, 0xCE, 0x5A, 0xCE, 0x5A, 0xCE, 0x5A, 0xCE,
    0x5A, 0xCE, 0x5A, 0xCE, 0x5A, 0xCE, 0x5A, 0xCE, 0x5A, 0xCE, 0x5A, 0xCE, 0x5A, 0xCE, 0x5A, 0xCE,
    0x5A, 0xCE, 0x5A, 0xCE, 0x5A, 0xCE, 0x5A, 0xCE, 0x5A, 0xCE, 0x5A, 0xCE, 0x5A, 0xCE, 0x5A, 0xCE,
    0x5A, 0xCE, 0x5A, 0xCE, 0x5A, 0xCE, 0x5A, 0xCE, 0x5A, 0xCE, 0x5A, 0xCE, 0x5A, 0xCE, 0x5A, 0xCE,
    0x5A, 0xCE, 0x5A, 0xCE, 0x5A, 0xCE, 0x5A, 0xCE, 0x5A, 0xCE, 0x5A, 0xCE, 0x5A, 0xCE, 0x5A, 0xCE,
    0x5A, 0xCE, 0x5A, 0xCE, 0x5A, 0xCE, 0x5A, 0xCE, 0x5A, 0xCE, 0x5A, 0xCE, 0x5A, 0xCE, 0x5A, 0xCE,
    0x5A, 0xCE, 0x5A, 0xCE, 0x5A, 0xCE, 0x5A, 0xCE, 0x5A, 0xCE, 0x5A, 0xCE, 0x5A, 0xCE, 0x5A, 0xCE,
    0x5A, 0xCE, 0x5A, 0xCE, 0x5A, 0xCE, 0x5A, 0xCE, 0x5A, 0xCE, 0x5A, 0xCE, 0x5A, 0xCE, 0x5A, 0xCE,
    0x5A, 0xCE, 0x5A, 0xCE, 0x5A, 0xCE, 0x5A, 0xCE, 0x5A, 0xCE, 0x5A, 0xCE, 0x5A, 0xCE, 0x5A, 0xCE,
    0x5A, 0xCE, 0x5A, 0xCE, 0x5A, 0xCE, 0x5A, 0xCE, 0x5A, 0xCE, 0x5A, 0xCE, 0x5A, 0xCE, 0x5A, 0xCE,
    0x5A, 0xCE, 0x5A, 0xCE, 0x5A, 0xCE, 0x5A, 0xCE, 0x5A, 0xCE, 0x5A, 0xCE, 0x5A, 0xCE, 0x5A, 0xCE,
    0x5A, 0xCE, 0x5A, 0xCE, 0x5A, 0xCE, 0x5A, 0xCE, 0x5A, 0xCE, 0x5A, 0xCE, 0x5A, 0xCE, 0x5A, 0xCE,
    0x5A, 0xCE, 0x5A, 0xCE, 0x5A, 0xCE, 0x5A, 0xCE, 0x5A, 0xCE, 0x5A, 0xCE, 0x5A, 0xCE, 0x5A, 0xCE,
    0x5A, 0xCE, 0x5A, 0xCE, 0x5A, 0xCE, 0x5A, 0xCE, 0x5A, 0xCE, 0x5A, 0xCE, 0x5A, 0xCE, 0x5A, 0xCE,
    0x5A, 0xCE, 0x5A, 0xCE, 0x5A, 0xCE, 0x5A, 0xCE, 0x5A, 0xCE, 0x5A, 0xCE, 0x5A, 0xCE, 0x5A, 0xCE,
    0x5A, 0xCE, 0x5A, 0xCE, 0x5A, 0xCE, 0x5A, 0xCE, 0x5A, 0xCE, 0x5A, 0xCE, 0x5A, 0xCE, 0x5A, 0xCE,
    0x5A, 0xCE, 0x5A, 0xCE, 0x5A, 0xCE, 0x5A, 0xCE, 0x5A, 0xCE, 0x5A, 0xCE, 0x5A, 0xCE, 0x5A, 0xCE,
    0x5A, 0xCE, 0x5A, 0xCE, 0x5A, 0xCE, 0x5A, 0xCE, 0x5A, 0xCE, 0x5A, 0xCE, 0x5A, 0xCE, 0x5A, 0xCE,
    0x5A, 0xCE, 0x5A, 0xCE, 0x5A, 0xCE, 0x5A, 0xCE, 0x5A, 0xCE, 0x5A, 0xCE, 0x5A, 0xCE, 0x5A, 0xCE,
    0x5A, 0xCE, 0x5A, 0xCE, 0x5A, 0xCE, 0x5A, 0xCE, 0x5A, 0xCE, 0x5A, 0xCE, 0x5A, 0xCE, 0x5A, 0xCE,
    0x5A, 0xCE, 0x5A, 0xCE, 0x5A, 0xCE, 0x5A, 0xCE, 0x5A, 0xCE, 0x5A, 0xCE, 0x5A, 0xCE, 0x5A, 0xCE,
    0x5A, 0xCE, 0x5A, 0xCE, 0x5A, 0xCE, 0x5A, 0xCE, 0x5A, 0xCE, 0x5A, 0xCE, 0x5A, 0xCE, 0x3A, 0xCE,
    0x3A, 0xC6, 0x5A, 0xCE, 0x5A, 0xCE, 0x5A, 0xCE, 0x5A, 0xCE, 0x5A, 0xCE, 0x5A, 0xCE, 0x5A, 0xCE,
    0x59, 0xCE, 0xDB, 0xDE, 0x9E, 0xF7, 0x7E, 0xEF, 0xDF, 0xFF, 0x72, 0x8C, 0x08, 0x42, 0x6A, 0x4A,
    0x6A, 0x4A, 0x08, 0x42, 0x66, 0x29, 0x66, 0x29, 0x66, 0x29, 0x8E, 0x21, 0x71, 0x21, 0x71, 0x21,
    0x71, 0x21, 0x71, 0x21, 0x6E, 0x21, 0x86, 0x31, 0x66, 0x29, 0x25, 0x21, 0x49, 0x4A, 0x5D, 0xEF,
    0xFF, 0xFF, 0xFF, 0xFF, 0xBE, 0xF7, 0xDB, 0xDE, 0xBB, 0xDE, 0xDB, 0xDE, 0x9A, 0xD6, 0x59, 0xC6,
    0x59, 0xCE, 0x39, 0xC6, 0xD8, 0xBD, 0x97, 0xB5, 0x98, 0xB5, 0xB8, 0xB5, 0x76, 0xAD, 0x15, 0xA5,
    0x15, 0xA5, 0x15, 0xA5, 0xF5, 0x9C, 0xF5, 0x9C, 0xF5, 0x9C, 0xF5, 0x9C, 0xF5, 0x9C, 0xF5, 0x9C,
    0xF5, 0x9C, 0xF5, 0x9C, 0xF5, 0x9C, 0xF5, 0x9C, 0xF5, 0x9C, 0xF5, 0x9C, 0xF5, 0x9C, 0xF5, 0x9C,
    0xF5, 0x9C, 0xF5, 0x9C, 0xF5, 0x9C, 0xF5, 0x9C, 0xF5, 0x9C, 0xF5, 0x9C, 0xF5, 0x9C, 0xF5, 0x9C,
    0xF5, 0x9C, 0xF5, 0x9C, 0xF5, 0x9C, 0xF5, 0x9C, 0xF5, 0x9C, 0xF5, 0x9C, 0xF5, 0x9C, 0xF5, 0x9C,
    0xF5, 0x9C, 0xF5, 0x9C, 0xF5, 0x9C, 0xF5, 0x9C, 0xF5, 0x9C, 0xF5, 0x9C, 0xF5, 0x9C, 0xF5, 0x9C,
    0xF5, 0x9C, 0xF5, 0x9C, 0xF5, 0x9C, 0xF5, 0x9C, 0xF5, 0x9C, 0xF5, 0x9C, 0xF5, 0x9C, 0xF5, 0x9C,
    0xF5, 0x9C, 0xF5, 0x9C, 0xF5, 0x9C, 0xF5, 0x9C, 0xF5, 0x9C, 0xF5, 0x9C, 0xF5, 0x9C, 0xF5, 0x9C,
    0xF5, 0x9C, 0xF5, 0x9C, 0xF5, 0x9C, 0xF5, 0x9C, 0xF5, 0x9C, 0xF5, 0x9C, 0xF5, 0x9C, 0xF5, 0x9C,
    0xF5, 0x9C, 0xF5, 0x9C, 0xF5, 0x9C, 0xF5, 0x9C, 0xF5, 0x9C, 0xF5, 0x9C, 0xF5, 0x9C, 0xF5, 0x9C,
    0xF5, 0x9C, 0xF5, 0x9C, 0xF5, 0x9C, 0xF5, 0x9C, 0xF5, 0x9C, 0xF5, 0x9C, 0x15, 0x9D, 0x15, 0x9D,
    0x15, 0x9D, 0xF5, 0x9C, 0xF5, 0x9C, 0xF5, 0x9C, 0xF5, 0x9C, 0xF5, 0x9C, 0xF5, 0x9C, 0xF5, 0x9C,
    0xF5, 0x9C, 0xF5, 0x9C, 0xF5, 0x9C, 0xF5, 0x9C, 0xF5, 0x9C, 0xF5, 0x9C, 0xF5, 0x9C, 0xF5, 0x9C,
    0xF5, 0x9C, 0xF5, 0x9C, 0xF5, 0x9C, 0xF5, 0x9C, 0xF5, 0x9C, 0xF5, 0x9C, 0xF5, 0x9C, 0xF5, 0x9C,
    0xF5, 0x9C, 0xF5, 0x9C, 0xF5, 0x9C, 0xF5, 0x9C, 0xF5, 0x9C, 0xF5, 0x9C, 0x15, 0x9D, 0xF5, 0x9C,
    0x15, 0x9D, 0xF5, 0x9C, 0xF5, 0x9C, 0xF5, 0x9C, 0xF5, 0x9C, 0xF5, 0x9C, 0xF5, 0x9C, 0xF5, 0x9C,
    0xF5, 0x9C, 0xF5, 0x9C, 0xF5, 0x9C, 0xF5, 0x9C, 0xF5, 0x9C, 0xF5, 0x9C, 0xF5, 0x9C, 0xF5, 0x9C,
    0xF5, 0x9C, 0xF5, 0x9C, 0xF5, 0x9C, 0xF5, 0x9C, 0xF5, 0x9C, 0xF5, 0x9C, 0xF5, 0x9C, 0xF5, 0x9C,
    0xF5, 0x9C, 0xF5, 0x9C, 0xF5, 0x9C, 0xF5, 0x9C, 0xF5, 0x9C, 0xF5, 0x9C, 0xF5, 0x9C, 0xF5, 0x9C,
    0xF5, 0x9C, 0xF5, 0x9C, 0xF5, 0x9C, 0xF5, 0x9C, 0xF5, 0x9C, 0xF5, 0x9C, 0xF5, 0x9C, 0xF5, 0x9C,
    0xF5, 0x9C, 0xF5, 0x9C, 0xF5, 0x9C, 0xF5, 0x9C, 0xF5, 0x9C, 0xF5, 0x9C, 0x15, 0x9D, 0xF5, 0x9C,
    0xF5, 0x9C, 0xF5, 0x9C, 0xF5, 0x9C, 0xF5, 0x9C, 0xF5, 0x9C, 0xF5, 0x9C, 0xF5, 0x9C, 0xF5, 0x9C,
    0x15, 0x9D, 0x15, 0x9D, 0x15, 0x9D, 0x15, 0xA5, 0xF5, 0x9C, 0x56, 0xAD, 0x5A, 0xCE, 0x5A, 0xCE,
    0x5A, 0xCE, 0x5A, 0xCE, 0x5A, 0xCE, 0x5A, 0xCE, 0x5A, 0xCE, 0x9B, 0xD6, 0xDB, 0xDE, 0xDB, 0xDE,
    0xDB, 0xDE, 0xBA, 0xD6, 0x9A, 0xD6, 0x79, 0xCE, 0xDB, 0xDE, 0x6E, 0x6B, 0x25, 0x21, 0x86, 0x31,
    0x86, 0x31, 0x6D, 0x21, 0x71, 0x21, 0x71, 0x21, 0x71, 0x21, 0x71, 0x21, 0x6E, 0x21, 0x66, 0x29,
    0x65, 0x29, 0x45, 0x29, 0x29, 0x42, 0x1B, 0xE7, 0xBE, 0xF7, 0x9E, 0xF7, 0x5D, 0xEF, 0xBA, 0xD6,
    0x9A, 0xD6, 0xBB, 0xD6, 0x9A, 0xCE, 0x59, 0xCE, 0x59, 0xCE, 0x39, 0xC6, 0xB7, 0xB5, 0x57, 0xAD,
    0x77, 0xAD, 0x97, 0xB5, 0x15, 0xA5, 0x93, 0x94, 0xB4, 0x94, 0xB4, 0x94, 0x93, 0x94, 0x93, 0x94,
    0x94, 0x94, 0x94, 0x94, 0x93, 0x8C, 0x93, 0x8C, 0x93, 0x8C, 0x93, 0x8C, 0x93, 0x8C, 0x93, 0x8C,
    0x93, 0x8C, 0x93, 0x8C, 0x93, 0x8C, 0x93, 0x8C, 0x93, 0x8C, 0x93, 0x8C, 0x93, 0x8C, 0x93, 0x8C,
    0x93, 0x8C, 0x93, 0x8C, 0x93, 0x8C, 0x93, 0x8C, 0x93, 0x8C, 0x93, 0x8C, 0x93, 0x8C, 0x93, 0x8C,
    0x93, 0x8C, 0x93, 0x8C, 0x93, 0x8C, 0x94, 0x94, 0x94, 0x8C, 0x94, 0x8C, 0x93, 0x8C, 0x93, 0x8C,
    0x93, 0x8C, 0x93, 0x8C, 0x93, 0x8C, 0x93, 0x8C, 0x93, 0x8C, 0x93, 0x8C, 0x93, 0x8C, 0x93, 0x8C,
    0x93, 0x8C, 0x93, 0x8C, 0x93, 0x8C, 0x93, 0x8C, 0x93, 0x8C, 0x93, 0x8C, 0x93, 0x8C, 0x93, 0x8C,
    0x93, 0x8C, 0x93, 0x8C, 0x94, 0x8C, 0x94, 0x94, 0x94, 0x94, 0x94, 0x94, 0x94, 0x94, 0x94, 0x8C,
    0x93, 0x8C, 0x93, 0x8C, 0x93, 0x8C, 0x93, 0x8C, 0x94, 0x8C, 0x94, 0x8C, 0x93, 0x8C, 0x94, 0x8C,
    0x94, 0x94, 0x94, 0x94, 0x94, 0x94, 0x94, 0x94, 0x94, 0x94, 0x94, 0x94, 0x94, 0x94, 0x94, 0x94,
    0x94, 0x94, 0xB4, 0x94, 0xB4, 0x94, 0x94, 0x94, 0x94, 0x94, 0x94, 0x94, 0x94, 0x94, 0x94, 0x94,
    0x94, 0x94, 0x94, 0x94, 0x94, 0x8C, 0x93, 0x8C, 0x93, 0x8C, 0x93, 0x8C, 0x94, 0x8C, 0x94, 0x8C,
    0x93, 0x8C, 0x93, 0x8C, 0x93, 0x8C, 0x93, 0x8C, 0x94, 0x8C, 0x94, 0x94, 0x93, 0x8C, 0x94, 0x8C,
    0x94, 0x94, 0x94, 0x94, 0x94, 0x94, 0x94, 0x94, 0x94, 0x94, 0x94, 0x94, 0x94, 0x8C, 0x94, 0x94,
    0x94, 0x94, 0x94, 0x94, 0x94, 0x94, 0x94, 0x94, 0x94, 0x94, 0x94, 0x94, 0x94, 0x94, 0x94, 0x94,
    0x94, 0x94, 0x94, 0x94, 0x94, 0x94, 0x93, 0x8C, 0x94, 0x8C, 0x94, 0x8C, 0x93, 0x8C, 0x93, 0x8C,
    0x93, 0x8C, 0x93, 0x8C, 0x93, 0x8C, 0x93, 0x8C, 0x94, 0x94, 0x93, 0x94, 0x94, 0x94, 0x93, 0x8C,
    0x93, 0x8C, 0x93, 0x8C, 0x93, 0x8C, 0x93, 0x8C, 0x93, 0x8C, 0x93, 0x8C, 0x93, 0x8C, 0x93, 0x8C,
    0x93, 0x8C, 0x93, 0x8C, 0x93, 0x8C, 0x94, 0x8C, 0x94, 0x94, 0x94, 0x94, 0x94, 0x94, 0x94, 0x94,
    0x94, 0x94, 0x94, 0x94, 0x94, 0x94, 0x94, 0x94, 0x94, 0x94, 0x94, 0x94, 0x94, 0x94, 0x94, 0x94,
    0x94, 0x94, 0x94, 0x94, 0x94, 0x94, 0x94, 0x94, 0x94, 0x94, 0x93, 0x8C, 0x93, 0x8C, 0x93, 0x8C,
    0x93, 0x8C, 0x93, 0x8C, 0x94, 0x94, 0x93, 0x94, 0x93, 0x94, 0x94, 0x94, 0x94, 0x94, 0xB4, 0x94,
    0x93, 0x8C, 0xF5, 0x9C, 0x5A, 0xCE, 0x5A, 0xCE, 0x5A, 0xCE, 0x5A, 0xCE, 0x5A, 0xCE, 0x5A, 0xCE,
    0x5A, 0xCE, 0x7A, 0xCE, 0x9B, 0xD6, 0x9B, 0xD6, 0x9A, 0xD6, 0x5D, 0xEF, 0xDF, 0xFF, 0xBE, 0xF7,
    0xFF, 0xFF, 0xF0, 0x7B, 0x04, 0x21, 0x66, 0x31, 0x66, 0x31, 0x6D, 0x21, 0x71, 0x21, 0x71, 0x21,
    0x71, 0x21, 0x71, 0x21, 0x6D, 0x21, 0x66, 0x29, 0x65, 0x29, 0x25, 0x21, 0x69, 0x4A, 0x5C, 0xEF,
    0xDE, 0xFF, 0x9E, 0xF7, 0x5D, 0xEF, 0x9B, 0xD6, 0xBB, 0xD6, 0xBB, 0xD6, 0x9A, 0xD6, 0x59, 0xC6,
    0x39, 0xC6, 0x3A, 0xC6, 0xB8, 0xB5, 0x77, 0xAD, 0x97, 0xB5, 0x97, 0xB5, 0x15, 0xA5, 0xB4, 0x94,
    0xB4, 0x94, 0xB4, 0x94, 0xB4, 0x94, 0xB3, 0x94, 0x94, 0x94, 0x94, 0x94, 0x94, 0x94, 0x94, 0x94,
    0x94, 0x94, 0x94, 0x94, 0x94, 0x94, 0x94, 0x94, 0x94, 0x94, 0x93, 0x94, 0x93, 0x94, 0x93, 0x94,
    0x94, 0x94, 0x94, 0x94, 0x94, 0x94, 0x94, 0x94, 0x93, 0x94, 0x93, 0x94, 0x93, 0x94, 0x93, 0x94,
    0x94, 0x94, 0x94, 0x94, 0x93, 0x94, 0x93, 0x94, 0x94, 0x94, 0x94, 0x94, 0x94, 0x94, 0x94, 0x94,
    0x94, 0x94, 0x94, 0x94, 0x94, 0x94, 0x93, 0x94, 0x94, 0x94, 0x94, 0x94, 0x93, 0x94, 0x93, 0x94,
    0x93, 0x94, 0x93, 0x94, 0x94, 0x94, 0x93, 0x94, 0x94, 0x94, 0x94, 0x94, 0x94, 0x94, 0x93, 0x94,
    0x94, 0x94, 0x94, 0x94, 0x93, 0x94, 0x94, 0x94, 0x94, 0x94, 0x94, 0x94, 0x94, 0x94, 0x94, 0x94,
    0x94, 0x94, 0x94, 0x94, 0x94, 0x94, 0x94, 0x94, 0x94, 0x94, 0x94, 0x94, 0x94, 0x94, 0x94, 0x94,
    0x94, 0x94, 0x94, 0x94, 0x94, 0x94, 0x94, 0x94, 0x94, 0x94, 0x94, 0x94, 0x94, 0x94, 0x94, 0x94,
    0x94, 0x94, 0x94, 0x94, 0x94, 0x94, 0x94, 0x94, 0xB4, 0x94, 0xB4, 0x94, 0xB4, 0x94, 0xB4, 0x94,
    0x94, 0x94, 0x94, 0x94, 0x94, 0x94, 0x94, 0x94, 0x94, 0x94, 0x94, 0x94, 0x94, 0x94, 0x94, 0x94,
    0x94, 0x94, 0x94, 0x94, 0x94, 0x94, 0x94, 0x94, 0x94, 0x94, 0x94, 0x94, 0x94, 0x94, 0x94, 0x94,
    0x94, 0x94, 0x94, 0x94, 0x94, 0x94, 0x94, 0x94, 0x94, 0x94, 0x94, 0x94, 0x94, 0x94, 0x94, 0x94,
    0x94, 0x94, 0x94, 0x94, 0x94, 0x94, 0x94, 0x94, 0x94, 0x94, 0x94, 0x94, 0x94, 0x94, 0x94, 0x94,
    0x94, 0x94, 0x94, 0x94, 0x94, 0x94, 0x94, 0x94, 0x94, 0x94, 0x94, 0x94, 0x94, 0x94, 0x94, 0x94,
    0x94, 0x94, 0x94, 0x94, 0x94, 0x94, 0x94, 0x94, 0x94, 0x94, 0x94, 0x94, 0x94, 0x94, 0x94, 0x94,
    0x94, 0x94, 0x94, 0x94, 0x94, 0x94, 0x94, 0x94, 0x94, 0x94, 0x94, 0x94, 0x94, 0x94, 0x94, 0x94,
    0x94, 0x94, 0x94, 0x94, 0x94, 0x94, 0x94, 0x94, 0x94, 0x94, 0x94, 0x94, 0x94, 0x94, 0x94, 0x94,
    0x94, 0x94, 0x94, 0x94, 0x94, 0x94, 0x94, 0x94, 0xB4, 0x94, 0xB4, 0x94, 0x94, 0x94, 0x94, 0x94,
    0x94, 0x94, 0x94, 0x94, 0x94, 0x94, 0x94, 0x94, 0x94, 0x94, 0x94, 0x94, 0x94, 0x94, 0x94, 0x94,
    0x94, 0x94, 0x94, 0x94, 0x94, 0x94, 0x94, 0x94, 0x94, 0x94, 0x94, 0x94, 0x93, 0x94, 0x93, 0x94,
    0x94, 0x94, 0xB4, 0x94, 0xB4, 0x94, 0xB4, 0x94, 0x93, 0x94, 0x15, 0xA5, 0x5A, 0xCE, 0x5A, 0xCE,
    0x5A, 0xCE, 0x5A, 0xCE, 0x5A, 0xCE, 0x5A, 0xCE, 0x5A, 0xCE, 0x7A, 0xCE, 0xBB, 0xD6, 0xBB, 0xD6,
    0xBB, 0xD6, 0x3C, 0xE7, 0x9E, 0xF7, 0x7D, 0xF7, 0xFF, 0xFF, 0xCF, 0x7B, 0x25, 0x21, 0x66, 0x31,
    0x86, 0x31, 0x6D, 0x21, 0x71, 0x21, 0x71, 0x21, 0x71, 0x21, 0x71, 0x21, 0x6D, 0x21, 0x66, 0x29,
    0x66, 0x29, 0x45, 0x29, 0x69, 0x4A, 0x3C, 0xE7, 0xBE, 0xF7, 0x9E, 0xF7, 0x3D, 0xEF, 0x9B, 0xD6,
    0x9B, 0xD6, 0xBB, 0xD6, 0x7A, 0xCE, 0x39, 0xC6, 0x3A, 0xC6, 0x5A, 0xCE, 0xD8, 0xBD, 0x77, 0xAD,
    0x77, 0xAD, 0x77, 0xAD, 0xF5, 0x9C, 0xB4, 0x94, 0xB4, 0x94, 0xB4, 0x94, 0xD4, 0x9C, 0xD4, 0x9C,
    0xD4, 0x9C, 0xD4, 0x9C, 0xD4, 0x9C, 0xD4, 0x9C, 0xB4, 0x94, 0xB4, 0x94, 0xB4, 0x94, 0xB4, 0x94,
    0xD4, 0x9C, 0xD4, 0x94, 0xD4, 0x94, 0xB4, 0x94, 0xB4, 0x94, 0xB4, 0x94, 0xB4, 0x94, 0xB4, 0x94,
    0xB4, 0x94, 0xB4, 0x94, 0xB4, 0x94, 0xB4, 0x94, 0xB4, 0x94, 0xD4, 0x94, 0xD4, 0x94, 0xD4, 0x94,
    0xD4, 0x9C, 0xD4, 0x9C, 0xD4, 0x9C, 0xD4, 0x9C, 0xD4, 0x94, 0xB4, 0x94, 0xD4, 0x94, 0xD4, 0x94,
    0xB4, 0x94, 0xB4, 0x94, 0xB4, 0x94, 0xB4, 0x94, 0xB4, 0x94, 0xB4, 0x94, 0xB4, 0x94, 0xB4, 0x94,
    0xD4, 0x94, 0xD4, 0x9C, 0xD4, 0x9C, 0xD4, 0x94, 0xD4, 0x9C, 0xB4, 0x94, 0xB4, 0x94, 0xB4, 0x94,
    0xB4, 0x9C, 0xB4, 0x9C, 0xD4, 0x9C, 0xD4, 0x9C, 0xD4, 0x9C, 0xD4, 0x9C, 0xD4, 0x9C, 0xD4, 0x9C,
    0xD4, 0x9C, 0xB4, 0x94, 0xB4, 0x94, 0xB4, 0x94, 0xB4, 0x9C, 0xD4, 0x9C, 0xD4, 0x9C, 0xD4, 0x9C,
    0xD4, 0x9C, 0xD4, 0x9C, 0xD4, 0x9C, 0xD4, 0x9C, 0xD4, 0x9C, 0xD4, 0x9C, 0xD4, 0x9C, 0xD4, 0x9C,
    0xD4, 0x9C, 0xD4, 0x9C, 0xD4, 0x9C, 0xD4, 0x9C, 0xD4, 0x9C, 0xD4, 0x9C, 0xD4, 0x9C, 0xD4, 0x9C,
    0xD4, 0x9C, 0xD4, 0x9C, 0xD4, 0x9C, 0xB4, 0x9C, 0xB4, 0x9C, 0xD4, 0x94, 0xD4, 0x9C, 0xD4, 0x9C,
    0xD4, 0x9C, 0xD4, 0x9C, 0xD4, 0x9C, 0xD4, 0x9C, 0xD4, 0x9C, 0xD4, 0x9C, 0xD4, 0x9C, 0xD4, 0x9C,
    0xD4, 0x9C, 0xD4, 0x9C, 0xD4, 0x9C, 0xD4, 0x9C, 0xD4, 0x9C, 0xD4, 0x9C, 0xD4, 0x9C, 0xD4, 0x9C,
    0xD4, 0x9C, 0xD4, 0x9C, 0xD4, 0x94, 0xD4, 0x94, 0xD4, 0x94, 0xD4, 0x94, 0xD4, 0x94, 0xD4, 0x94,
    0xD4, 0x94, 0xD4, 0x9C, 0xD4, 0x9C, 0xD4, 0x9C, 0xD4, 0x9C, 0xD4, 0x9C, 0xD4, 0x9C, 0xD4, 0x9C,
    0xB4, 0x9C, 0xD4, 0x9C, 0xD4, 0x9C, 0xD4, 0x9C, 0xD4, 0x9C, 0xD4, 0x9C, 0xD4, 0x9C, 0xD4, 0x9C,
    0xD4, 0x9C, 0xD4, 0x9C, 0xD4, 0x9C, 0xD4, 0x9C, 0xD4, 0x9C, 0xD4, 0x9C, 0xD4, 0x9C, 0xD4, 0x9C,
    0xD4, 0x9C, 0xD4, 0x9C, 0xD4, 0x9C, 0xD4, 0x9C, 0xD4, 0x9C, 0xD4, 0x9C, 0xD4, 0x9C, 0xD4, 0x9C,
    0xD4, 0x9C, 0xD4, 0x9C, 0xD4, 0x9C, 0xD4, 0x9C, 0xD4, 0x94, 0xD4, 0x94, 0xD4, 0x94, 0xD4, 0x94,
    0xD4, 0x9C, 0xD4, 0x9C, 0xD4, 0x9C, 0xD4, 0x9C, 0xD4, 0x9C, 0xD4, 0x9C, 0xD4, 0x9C, 0xD4, 0x9C,
    0xD4, 0x9C, 0xD4, 0x9C, 0xD4, 0x9C, 0xD4, 0x9C, 0xD4, 0x9C, 0xD4, 0x9C, 0xB3, 0x94, 0x94, 0x94,
    0x93, 0x94, 0x15, 0xA5, 0x3A, 0xC6, 0x3A, 0xC6, 0x3A, 0xC6, 0x5A, 0xCE, 0x5A, 0xCE, 0x5A, 0xCE,
    0x59, 0xCE, 0x7A, 0xCE, 0xBB, 0xD6, 0xBB, 0xD6, 0xBB, 0xD6, 0x3D, 0xEF, 0x9E, 0xF7, 0x7D, 0xEF,
    0xFF, 0xFF, 0xAF, 0x73, 0x04, 0x21, 0x86, 0x31, 0x86, 0x31, 0x6D, 0x21, 0x71, 0x21, 0x71, 0x21,
    0x71, 0x21, 0x71, 0x21, 0x6D, 0x21, 0x66, 0x29, 0x66, 0x29, 0x45, 0x29, 0x49, 0x4A, 0xBA, 0xD6,
    0x1C, 0xE7, 0x1C, 0xE7, 0xFC, 0xDE, 0x7A, 0xCE, 0x7A, 0xCE, 0x7A, 0xCE, 0x5A, 0xCE, 0x5A, 0xCE,
    0x5A, 0xCE, 0x7A, 0xCE, 0x97, 0xB5, 0xF4, 0x9C, 0xD4, 0x9C, 0xD4, 0x9C, 0xB4, 0x94, 0xB4, 0x94,
    0xB4, 0x94, 0xD4, 0x9C, 0x9A, 0xD6, 0x1C, 0xDF, 0xFC, 0xDE, 0xFC, 0xDE, 0xFB, 0xDE, 0xFB, 0xDE,
    0xFB, 0xDE, 0xFC, 0xDE, 0xFC, 0xDE, 0xFC, 0xDE, 0xFC, 0xDE, 0xFC, 0xDE, 0xFC, 0xDE, 0xFC, 0xDE,
    0xFC, 0xDE, 0xFB, 0xDE, 0xFC, 0xDE, 0xFC, 0xDE, 0xFB, 0xDE, 0xFB, 0xDE, 0xFC, 0xDE, 0xFB, 0xDE,
    0xFC, 0xDE, 0xFC, 0xDE, 0xFB, 0xDE, 0xFB, 0xDE, 0xFC, 0xDE, 0xFC, 0xDE, 0xFC, 0xDE, 0xFC, 0xDE,
    0xFB, 0xDE, 0xFB, 0xDE, 0xFC, 0xDE, 0xFC, 0xDE, 0xFC, 0xDE, 0xFB, 0xDE, 0xFB, 0xDE, 0xFB, 0xDE,
    0xFC, 0xDE, 0xFC, 0xDE, 0xFC, 0xDE, 0xFC, 0xDE, 0xFC, 0xDE, 0xFC, 0xDE, 0xFC, 0xDE, 0xFC, 0xDE,
    0xFC, 0xDE, 0xFC, 0xDE, 0xFC, 0xDE, 0xFC, 0xDE, 0xFC, 0xDE, 0xFC, 0xDE, 0xFB, 0xDE, 0xFC, 0xDE,
    0xFB, 0xDE, 0xFC, 0xDE, 0xFC, 0xDE, 0xFC, 0xDE, 0xFC, 0xDE, 0xFC, 0xDE, 0xFC, 0xDE, 0xFC, 0xDE,
    0xFC, 0xDE, 0xFC, 0xDE, 0xFC, 0xDE, 0xFB, 0xDE, 0xFC, 0xDE, 0xFC, 0xDE, 0xFC, 0xDE, 0xFC, 0xDE,
    0xFC, 0xDE, 0xFC, 0xDE, 0xFC, 0xDE, 0xFC, 0xDE, 0xFC, 0xDE, 0xFC, 0xDE, 0xFC, 0xDE, 0xFC, 0xDE,
    0xFC, 0xDE, 0xFC, 0xDE, 0xFC, 0xDE, 0xFC, 0xDE, 0xFC, 0xDE, 0xFC, 0xDE, 0xFC, 0xDE, 0xFC, 0xDE,
    0xFB, 0xDE, 0xFC, 0xDE, 0xFC, 0xDE, 0xFC, 0xDE, 0xFC, 0xDE, 0xFC, 0xDE, 0xFC, 0xDE, 0xFC, 0xDE,
    0xFC, 0xDE, 0xFC, 0xDE, 0xFC, 0xDE, 0xFC, 0xDE, 0xFC, 0xDE, 0xFC, 0xDE, 0xFC, 0xDE, 0xFC, 0xDE,
    0xFC, 0xDE, 0xFC, 0xDE, 0xFC, 0xDE, 0xFC, 0xDE, 0xFC, 0xDE, 0xFC, 0xDE, 0xFC, 0xDE, 0xFC, 0xDE,
    0xFC, 0xDE, 0xFC, 0xDE, 0xFC, 0xDE, 0xFC, 0xDE, 0xFC, 0xDE, 0xFC, 0xDE, 0xFB, 0xDE, 0xFC, 0xDE,
    0xFB, 0xDE, 0xFB, 0xDE, 0xFC, 0xDE, 0xFC, 0xDE, 0xFC, 0xDE, 0xFC, 0xDE, 0xFC, 0xDE, 0xFC, 0xDE,
    0xFB, 0xDE, 0xFB, 0xDE, 0xFC, 0xDE, 0xFB, 0xDE, 0xFB, 0xDE, 0xFC, 0xDE, 0xFC, 0xDE, 0xFC, 0xDE,
    0xFC, 0xDE, 0xFC, 0xDE, 0xFB, 0xDE, 0xFC, 0xDE, 0xFC, 0xDE, 0xFC, 0xDE, 0x1C, 0xDF, 0xFC, 0xDE,
    0xFC, 0xDE, 0xFC, 0xDE, 0xFC, 0xDE, 0xFC, 0xDE, 0xFC, 0xDE, 0xFB, 0xDE, 0xFC, 0xDE, 0xFC, 0xDE,
    0xFC, 0xDE, 0xFC, 0xDE, 0xFC, 0xDE, 0xFB, 0xDE, 0xFC, 0xDE, 0xFC, 0xDE, 0xFC, 0xDE, 0xFC, 0xDE,
    0xFC, 0xDE, 0xFC, 0xDE, 0xFC, 0xDE, 0xFC, 0xDE, 0xFC, 0xDE, 0xFC, 0xDE, 0xFC, 0xDE, 0xFC, 0xDE,
    0x1C, 0xE7, 0xBB, 0xD6, 0xD4, 0x9C, 0x93, 0x94, 0x94, 0x94, 0xB4, 0x94, 0xF5, 0x9C, 0xF5, 0x9C,
    0xF5, 0x9C, 0xB7, 0xB5, 0x7A, 0xCE, 0x5A, 0xCE, 0x59, 0xCE, 0x5A, 0xCE, 0x7A, 0xCE, 0x7A, 0xCE,
    0x7A, 0xCE, 0xFC, 0xDE, 0x3D, 0xEF, 0x1C, 0xE7, 0x7E, 0xEF, 0x8E, 0x73, 0x05, 0x21, 0x86, 0x31,
    0x86, 0x31, 0x6D, 0x21, 0x71, 0x21, 0x71, 0x21, 0x71, 0x21, 0x71, 0x21, 0x6D, 0x21, 0x86, 0x31,
    0x66, 0x29, 0x45, 0x29, 0x29, 0x42, 0x9A, 0xD6, 0xFC, 0xDE, 0xDC, 0xDE, 0xDB, 0xDE, 0x7A, 0xCE,
    0x5A, 0xCE, 0x5A, 0xCE, 0x5A, 0xCE, 0x5A, 0xCE, 0x7A, 0xCE, 0x7A, 0xCE, 0x56, 0xAD, 0x93, 0x94,
    0xB4, 0x94, 0xB4, 0x94, 0xB4, 0x94, 0xB4, 0x94, 0xB4, 0x94, 0xD4, 0x9C, 0x1C, 0xE7, 0xBE, 0xF7,
    0x9D, 0xF7, 0xBE, 0xF7, 0xBE, 0xF7, 0xBE, 0xF7, 0xBE, 0xF7, 0xBE, 0xF7, 0xBE, 0xF7, 0xBE, 0xF7,
    0xBE, 0xF7, 0xBE, 0xF7, 0xBE, 0xF7, 0xBE, 0xF7, 0xBE, 0xF7, 0xBE, 0xF7, 0xBE, 0xF7, 0xBE, 0xF7,
    0xBE, 0xF7, 0xBE, 0xF7, 0xBE, 0xF7, 0xBE, 0xF7, 0xBE, 0xF7, 0xBE, 0xF7, 0xBE, 0xF7, 0xBE, 0xF7,
    0xBE, 0xF7, 0xBE, 0xF7, 0xBE, 0xF7, 0xBE, 0xF7, 0xBE, 0xF7, 0xBE, 0xF7, 0xBE, 0xF7, 0xBE, 0xF7,
    0xBE, 0xF7, 0xBE, 0xF7, 0xBE, 0xF7, 0xBE, 0xF7, 0xBE, 0xF7, 0xBE, 0xF7, 0xBE, 0xF7, 0xBE, 0xF7,
    0xBE, 0xF7, 0xBE, 0xF7, 0xBE, 0xF7, 0xBE, 0xF7, 0xBE, 0xF7, 0xBE, 0xF7, 0xBE, 0xF7, 0xBE, 0xF7,
    0xBE, 0xF7, 0xBE, 0xF7, 0xBE, 0xF7, 0xBE, 0xF7, 0xBE, 0xF7, 0xBE, 0xF7, 0xBE, 0xF7, 0xBE, 0xF7,
    0xBE, 0xF7, 0xBE, 0xF7, 0xBE, 0xF7, 0xBE, 0xF7, 0xBE, 0xF7, 0xBE, 0xF7, 0xBE, 0xF7, 0xBE, 0xF7,
    0xBE, 0xF7, 0xBE, 0xF7, 0xBE, 0xF7, 0xBE, 0xF7, 0xBE, 0xF7, 0xBE, 0xF7, 0xBE, 0xF7, 0xBE, 0xF7,
    0xBE, 0xF7, 0xBE, 0xF7, 0xBE, 0xF7, 0xBE, 0xF7, 0xBE, 0xF7, 0xBE, 0xF7, 0xBE, 0xF7, 0xBE, 0xF7,
    0xBE, 0xF7, 0xBE, 0xF7, 0xBE, 0xF7, 0xBE, 0xF7, 0xBE, 0xF7, 0xBE, 0xF7, 0xBE, 0xF7, 0xBE, 0xF7,
    0xBE, 0xF7, 0xBE, 0xF7, 0xBE, 0xF7, 0xBE, 0xF7, 0xBE, 0xF7, 0xBE, 0xF7, 0xBE, 0xF7, 0xBE, 0xF7,
    0xBE, 0xF7, 0xBE, 0xF7, 0xBE, 0xF7, 0xBE, 0xF7, 0xBE, 0xF7, 0xBE, 0xF7, 0xBE, 0xF7, 0xBE, 0xF7,
    0xBE, 0xF7, 0xBE, 0xF7, 0xBE, 0xF7, 0xBE, 0xF7, 0xBE, 0xF7, 0xBE, 0xF7, 0xBE, 0xF7, 0xBE, 0xF7,
    0xBE, 0xF7, 0xBE, 0xF7, 0xBE, 0xF7, 0xBE, 0xF7, 0xBE, 0xF7, 0xBE, 0xF7, 0xBE, 0xF7, 0xBE, 0xF7,
    0xBE, 0xF7, 0xBE, 0xF7, 0xBE, 0xF7, 0xBE, 0xF7, 0xBE, 0xF7, 0xBE, 0xF7, 0xBE, 0xF7, 0xBE, 0xF7,
    0xBE, 0xF7, 0xBE, 0xF7, 0xBE, 0xF7, 0xBE, 0xF7, 0xBE, 0xF7, 0xBE, 0xF7, 0xBE, 0xF7, 0xBE, 0xF7,
    0xBE, 0xF7, 0xBE, 0xF7, 0xBE, 0xF7, 0xBE, 0xF7, 0xBE, 0xF7, 0xBE, 0xF7, 0xBE, 0xF7, 0xBE, 0xF7,
    0xBE, 0xF7, 0xBE, 0xF7, 0xBE, 0xF7, 0xBE, 0xF7, 0xBE, 0xF7, 0xBE, 0xF7, 0xBE, 0xF7, 0xBE, 0xF7,
    0xBE, 0xF7, 0xBE, 0xF7, 0xBE, 0xF7, 0xBE, 0xF7, 0xBE, 0xF7, 0xBE, 0xF7, 0xBE, 0xF7, 0xBE, 0xF7,
    0xBE, 0xF7, 0xBE, 0xF7, 0xBE, 0xF7, 0x9E, 0xF7, 0xBF, 0xF7, 0x3D, 0xE7, 0xD4, 0x9C, 0x93, 0x94,
    0x94, 0x94, 0x94, 0x94, 0x94, 0x94, 0xB4, 0x94, 0x93, 0x94, 0x76, 0xAD, 0x7A, 0xCE, 0x59, 0xCE,
    0x5A, 0xCE, 0x5A, 0xCE, 0x5A, 0xCE, 0x5A, 0xCE, 0x59, 0xCE, 0xDB, 0xDE, 0x1C, 0xE7, 0x1C, 0xE7,
    0x5D, 0xEF, 0x8E, 0x73, 0x05, 0x21, 0x66, 0x31, 0x66, 0x29, 0x6D, 0x21, 0x71, 0x21, 0x71, 0x21,
    0x71, 0x21, 0x71, 0x21, 0x6D, 0x21, 0x86, 0x31, 0x66, 0x29, 0x45, 0x29, 0x29, 0x42, 0x9A, 0xD6,
    0xFC, 0xE6, 0xFC, 0xDE, 0xDB, 0xDE, 0x5A, 0xCE, 0x5A, 0xCE, 0x7A, 0xCE, 0x7A, 0xCE, 0x7A, 0xCE,
    0x7A, 0xCE, 0x7A, 0xCE, 0x36, 0xA5, 0x93, 0x94, 0xB4, 0x94, 0xB4, 0x94, 0xB4, 0x94, 0xB4, 0x94,
    0xB4, 0x94, 0xB4, 0x94, 0xFC, 0xDE, 0xBE, 0xF7, 0x9D, 0xF7, 0x9D, 0xF7, 0x9D, 0xF7, 0x9D, 0xF7,
    0x9D, 0xF7, 0x9D, 0xF7, 0x9D, 0xF7, 0x9D, 0xF7, 0x9D, 0xF7, 0x9D, 0xF7, 0x9D, 0xF7, 0x9D, 0xF7,
    0x9D, 0xF7, 0x9D, 0xF7, 0x9E, 0xF7, 0x9D, 0xF7, 0x9D, 0xF7, 0x9D, 0xF7, 0x9D, 0xF7, 0x9D, 0xF7,
    0x9D, 0xF7, 0x9D, 0xF7, 0x9D, 0xF7, 0x9D, 0xF7, 0x9D, 0xF7, 0x9D, 0xF7, 0x9D, 0xF7, 0x9D, 0xF7,
    0x9D, 0xF7, 0x9D, 0xF7, 0x9D, 0xF7, 0x9D, 0xF7, 0x9D, 0xF7, 0x9D, 0xF7, 0x9D, 0xF7, 0x9D, 0xF7,
    0x9D, 0xF7, 0x9D, 0xF7, 0x9D, 0xF7, 0x9D, 0xF7, 0x9D, 0xF7, 0x9D, 0xF7, 0x9D, 0xF7, 0x9D, 0xF7,
    0x9E, 0xF7, 0x9E, 0xF7, 0x9E, 0xF7, 0x9E, 0xF7, 0x9E, 0xF7, 0x9D, 0xF7, 0x9D, 0xF7, 0x9D, 0xF7,
    0x9D, 0xF7, 0x9E, 0xF7, 0x9D, 0xF7, 0x9E, 0xF7, 0x9E, 0xF7, 0x9E, 0xF7, 0x9E, 0xF7, 0x9E, 0xF7,
    0x9D, 0xF7, 0x9D, 0xF7, 0x9E, 0xF7, 0x9E, 0xF7, 0x9D, 0xF7, 0x9D, 0xF7, 0x9E, 0xF7, 0x9E, 0xF7,
    0x9D, 0xF7, 0x9E, 0xF7, 0x9E, 0xF7, 0x9D, 0xF7, 0x9D, 0xF7, 0x9D, 0xF7, 0x9D, 0xF7, 0x9D, 0xF7,
    0x9E, 0xF7, 0x9E, 0xF7, 0x9D, 0xF7, 0x9D, 0xF7, 0x9D, 0xF7, 0x9D, 0xF7, 0x9D, 0xF7, 0x9D, 0xF7,
    0x9D, 0xF7, 0x9D, 0xF7, 0x9D, 0xF7, 0x9D, 0xF7, 0x9D, 0xF7, 0x9D, 0xF7, 0x9D, 0xF7, 0x9E, 0xF7,
    0x9E, 0xF7, 0x9E, 0xF7, 0x9E, 0xF7, 0x9E, 0xF7, 0x9D, 0xF7, 0x9D, 0xF7, 0x9D, 0xF7, 0x9E, 0xF7,
    0x9E, 0xF7, 0x9E, 0xF7, 0x9E, 0xF7, 0x9D, 0xF7, 0x9D, 0xF7, 0x9D, 0xF7, 0x9E, 0xF7, 0x9E, 0xF7,
    0x9E, 0xF7, 0x9E, 0xF7, 0x9E, 0xF7, 0x9D, 0xF7, 0x9E, 0xF7, 0x9D, 0xF7, 0x9D, 0xF7, 0x9D, 0xF7,
    0x9D, 0xF7, 0x9D, 0xF7, 0x9D, 0xF7, 0x9D, 0xF7, 0x9D, 0xF7, 0x9D, 0xF7, 0x9D, 0xF7, 0x9E, 0xF7,
    0x9E, 0xF7, 0x9D, 0xF7, 0x9D, 0xF7, 0x9D, 0xF7, 0x9D, 0xF7, 0x9D, 0xF7, 0x9D, 0xF7, 0x9D, 0xF7,
    0x9D, 0xF7, 0x9D, 0xF7, 0x9D, 0xF7, 0x9D, 0xF7, 0x9D, 0xF7, 0x9E, 0xF7, 0x9E, 0xF7, 0x9E, 0xF7,
    0x9E, 0xF7, 0x9E, 0xF7, 0x9E, 0xF7, 0x9E, 0xF7, 0x9D, 0xF7, 0x9D, 0xF7, 0x9D, 0xF7, 0x9D, 0xF7,
    0x9D, 0xF7, 0x9D, 0xF7, 0x9D, 0xF7, 0x9D, 0xF7, 0x9D, 0xF7, 0x9D, 0xF7, 0x9D, 0xF7, 0x9E, 0xF7,
    0x9D, 0xF7, 0x9D, 0xF7, 0x9D, 0xF7, 0x9D, 0xF7, 0x9D, 0xF7, 0x9D, 0xF7, 0x9D, 0xF7, 0x9D, 0xF7,
    0x9E, 0xF7, 0xFC, 0xE6, 0xB3, 0x94, 0x73, 0x8C, 0x93, 0x94, 0x94, 0x94, 0xB4, 0x94, 0xB4, 0x94,
    0x93, 0x8C, 0x56, 0xA5, 0x5A, 0xCE, 0x5A, 0xCE, 0x7A, 0xCE, 0x5A, 0xCE, 0x7A, 0xCE, 0x5A, 0xCE,
    0x39, 0xCE, 0xDB, 0xDE, 0x3D, 0xE7, 0x1C, 0xE7, 0x7D, 0xEF, 0x8E, 0x73, 0x05, 0x21, 0x66, 0x29,
    0x66, 0x29, 0x6D, 0x21, 0x71, 0x21, 0x71, 0x21, 0x71, 0x21, 0x71, 0x21, 0x6D, 0x21, 0x86, 0x31,
    0x66, 0x29, 0x45, 0x29, 0x29, 0x42, 0x9A, 0xD6, 0xFC, 0xE6, 0xFC, 0xDE, 0xDB, 0xDE, 0x5A, 0xCE,
    0x5A, 0xCE, 0x7A, 0xCE, 0x5A, 0xCE, 0x5A, 0xCE, 0x3A, 0xC6, 0x3A, 0xC6, 0x36, 0xA5, 0x93, 0x94,
    0xB4, 0x94, 0x94, 0x94, 0xD4, 0x9C, 0x15, 0x9D, 0x15, 0x9D, 0xF4, 0x9C, 0xFC, 0xDE, 0x9E, 0xF7,
    0x7D, 0xEF, 0x7E, 0xF7, 0x7E, 0xF7, 0x7E, 0xF7, 0x7E, 0xF7, 0x7E, 0xF7, 0x7E, 0xF7, 0x7E, 0xF7,
    0x7E, 0xF7, 0x7E, 0xF7, 0x7E, 0xF7, 0x7E, 0xF7, 0x7E, 0xF7, 0x7E, 0xF7, 0x7E, 0xF7, 0x7E, 0xF7,
    0x7E, 0xF7, 0x7E, 0xF7, 0x7E, 0xF7, 0x7E, 0xF7, 0x7E, 0xF7, 0x7E, 0xF7, 0x7E, 0xF7, 0x7E, 0xF7,
    0x7E, 0xF7, 0x7E, 0xF7, 0x7E, 0xF7, 0x7E, 0xF7, 0x7E, 0xF7, 0x7E, 0xF7, 0x7E, 0xF7, 0x7E, 0xF7,
    0x7E, 0xF7, 0x7E, 0xF7, 0x7E, 0xF7, 0x7E, 0xF7, 0x7E, 0xF7, 0x7E, 0xF7, 0x7E, 0xF7, 0x7E, 0xF7,
    0x7E, 0xF7, 0x7E, 0xF7, 0x7E, 0xF7, 0x7E, 0xF7, 0x7E, 0xF7, 0x7E, 0xF7, 0x7E, 0xF7, 0x7E, 0xF7,
    0x7E, 0xF7, 0x7E, 0xF7, 0x7E, 0xF7, 0x7E, 0xF7, 0x7E, 0xF7, 0x7E, 0xF7, 0x7E, 0xF7, 0x7E, 0xF7,
    0x7E, 0xF7, 0x7E, 0xF7, 0x7E, 0xF7, 0x7E, 0xF7, 0x7E, 0xF7, 0x9E, 0xF7, 0x9E, 0xF7, 0x9E, 0xF7,
    0x9E, 0xF7, 0x7E, 0xF7, 0x9E, 0xF7, 0x9E, 0xF7, 0x7E, 0xF7, 0x7E, 0xF7, 0x9E, 0xF7, 0x7E, 0xF7,
    0x7E, 0xF7, 0x7E, 0xF7, 0x7E, 0xF7, 0x7E, 0xF7, 0x7E, 0xF7, 0x7E, 0xF7, 0x9E, 0xF7, 0x9E, 0xF7,
    0x9E, 0xF7, 0x9E, 0xF7, 0x7E, 0xF7, 0x7E, 0xF7, 0x7E, 0xF7, 0x7E, 0xF7, 0x7E, 0xF7, 0x7E, 0xF7,
    0x7E, 0xF7, 0x7E, 0xF7, 0x7E, 0xF7, 0x9E, 0xF7, 0x9E, 0xF7, 0x9E, 0xF7, 0x9E, 0xF7, 0x7E, 0xF7,
    0x7E, 0xF7, 0x7E, 0xF7, 0x7E, 0xF7, 0x9E, 0xF7, 0x9E, 0xF7, 0x9E, 0xF7, 0x7E, 0xF7, 0x7E, 0xF7,
    0x7E, 0xF7, 0x7E, 0xF7, 0x7E, 0xF7, 0x7E, 0xF7, 0x7E, 0xF7, 0x7E, 0xF7, 0x7E, 0xF7, 0x7E, 0xF7,
    0x7E, 0xF7, 0x7E, 0xF7, 0x7E, 0xF7, 0x7E, 0xF7, 0x7E, 0xF7, 0x7E, 0xF7, 0x7E, 0xF7, 0x7E, 0xF7,
    0x7E, 0xF7, 0x7E, 0xF7, 0x7E, 0xF7, 0x7E, 0xF7, 0x7E, 0xF7, 0x7E, 0xF7, 0x7E, 0xF7, 0x7E, 0xF7,
    0x7E, 0xF7, 0x7E, 0xF7, 0x7E, 0xF7, 0x7E, 0xF7, 0x7E, 0xF7, 0x7E, 0xF7, 0x7E, 0xF7, 0x7E, 0xF7,
    0x7E, 0xF7, 0x7E, 0xF7, 0x7E, 0xF7, 0x7E, 0xF7, 0x7E, 0xF7, 0x7E, 0xF7, 0x7E, 0xF7, 0x7E, 0xF7,
    0x7E, 0xF7, 0x7E, 0xF7, 0x7E, 0xF7, 0x7E, 0xF7, 0x7E, 0xF7, 0x7E, 0xF7, 0x7E, 0xF7, 0x7E, 0xF7,
    0x7E, 0xF7, 0x7E, 0xF7, 0x7E, 0xF7, 0x7E, 0xF7, 0x7E, 0xF7, 0x7E, 0xF7, 0x7E, 0xF7, 0x7E, 0xF7,
    0x7E, 0xF7, 0x7E, 0xF7, 0x7E, 0xF7, 0x7E, 0xF7, 0x9E, 0xF7, 0x1C, 0xE7, 0xF4, 0x9C, 0xD4, 0x9C,
    0xF4, 0x9C, 0xD4, 0x9C, 0x93, 0x94, 0x94, 0x94, 0x93, 0x8C, 0x56, 0xA5, 0x3A, 0xC6, 0x3A, 0xC6,
    0x39, 0xC6, 0x3A, 0xC6, 0x5A, 0xCE, 0x5A, 0xCE, 0x59, 0xCE, 0xDB, 0xDE, 0x3D, 0xE7, 0x1C, 0xE7,
    0x7D, 0xEF, 0x8E, 0x73, 0x05, 0x21, 0x66, 0x29, 0x66, 0x29, 0x6D, 0x21, 0x71, 0x21, 0x71, 0x21,
    0x71, 0x21, 0x71, 0x21, 0x6D, 0x21, 0x86, 0x31, 0x66, 0x29, 0x45, 0x29, 0x29, 0x4A, 0x9A, 0xD6,
    0x1C, 0xE7, 0xFC, 0xDE, 0xDB, 0xDE, 0x7A, 0xCE, 0x7A, 0xCE, 0x7A, 0xCE, 0xD8, 0xBD, 0xF4, 0x9C,
    0xD4, 0x9C, 0xF5, 0x9C, 0xD4, 0x9C, 0xB4, 0x94, 0xB4, 0x94, 0x93, 0x94, 0x19, 0xC6, 0x3D, 0xE7,
    0x3D, 0xE7, 0x1C, 0xE7, 0xFC, 0xDE, 0xFC, 0xDE, 0xFC, 0xE6, 0xFC, 0xE6, 0xFC, 0xE6, 0xFC, 0xE6,
    0xFC, 0xE6, 0xFC, 0xE6, 0x1C, 0xE7, 0x1C, 0xE7, 0xFC, 0xE6, 0xFC, 0xE6, 0xFC, 0xE6, 0xFC, 0xE6,
    0xFC, 0xE6, 0xFC, 0xE6, 0x1C, 0xE7, 0x1C, 0xE7, 0xFC, 0xE6, 0xFC, 0xE6, 0x1C, 0xE7, 0x1C, 0xE7,
    0x1C, 0xE7, 0xFC, 0xE6, 0xFC, 0xE6, 0xFC, 0xE6, 0xFC, 0xE6, 0xFC, 0xE6, 0xFC, 0xE6, 0xFC, 0xE6,
    0xFC, 0xE6, 0xFC, 0xE6, 0xFC, 0xE6, 0xFC, 0xE6, 0x1C, 0xE7, 0x1C, 0xE7, 0x1C, 0xE7, 0xFC, 0xE6,
    0xFC, 0xE6, 0xFC, 0xE6, 0xFC, 0xE6, 0xFC, 0xE6, 0xFC, 0xE6, 0xFC, 0xE6, 0xFC, 0xE6, 0xFC, 0xE6,
    0xFC, 0xE6, 0xFC, 0xE6, 0xFC, 0xE6, 0xFC, 0xE6, 0xFC, 0xE6, 0xFC, 0xE6, 0xFC, 0xE6, 0xFC, 0xE6,
    0xFC, 0xE6, 0xFC, 0xE6, 0xFC, 0xE6, 0xFC, 0xE6, 0xFC, 0xE6, 0xFC, 0xE6, 0xFC, 0xE6, 0xFC, 0xE6,
    0x1C, 0xE7, 0x1C, 0xE7, 0x1C, 0xE7, 0x1C, 0xE7, 0xFC, 0xE6, 0xFC, 0xE6, 0xFC, 0xE6, 0xFC, 0xE6,
    0xFC, 0xE6, 0xFC, 0xE6, 0xFC, 0xE6, 0xFC, 0xE6, 0xFC, 0xE6, 0xFC, 0xE6, 0xFC, 0xE6, 0xFC, 0xE6,
    0xFC, 0xE6, 0xFC, 0xE6, 0xFC, 0xE6, 0xFC, 0xE6, 0xFC, 0xE6, 0xFC, 0xE6, 0xFC, 0xE6, 0xFC, 0xE6,
    0xFC, 0xE6, 0xFC, 0xE6, 0xFC, 0xE6, 0xFC, 0xE6, 0xFC, 0xE6, 0xFC, 0xE6, 0xFC, 0xE6, 0xFC, 0xE6,
    0x1C, 0xE7, 0x1C, 0xE7, 0xFC, 0xE6, 0xFC, 0xE6, 0x1C, 0xE7, 0x1C, 0xE7, 0x1C, 0xE7, 0xFC, 0xE6,
    0xFC, 0xE6, 0xFC, 0xE6, 0xFC, 0xE6, 0xFC, 0xE6, 0xFC, 0xE6, 0xFC, 0xE6, 0xFC, 0xE6, 0xFC, 0xE6,
    0xFC, 0xE6, 0xFC, 0xE6, 0xFC, 0xE6, 0xFC, 0xE6, 0xFC, 0xE6, 0xFC, 0xE6, 0xFC, 0xE6, 0xFC, 0xE6,
    0xFC, 0xE6, 0xFC, 0xE6, 0xFC, 0xE6, 0xFC, 0xE6, 0xFC, 0xE6, 0xFC, 0xE6, 0xFC, 0xE6, 0x1C, 0xE7,
    0x1C, 0xE7, 0x1C, 0xE7, 0xFC, 0xE6, 0xFC, 0xE6, 0xFC, 0xE6, 0xFC, 0xE6, 0xFC, 0xE6, 0xFC, 0xE6,
    0xFC, 0xE6, 0xFC, 0xE6, 0xFC, 0xE6, 0xFC, 0xE6, 0xFC, 0xE6, 0xFC, 0xE6, 0xFC, 0xE6, 0xFC, 0xE6,
    0xFC, 0xE6, 0x1C, 0xE7, 0x1C, 0xE7, 0xFC, 0xE6, 0x1C, 0xE7, 0x1C, 0xE7, 0x1C, 0xE7, 0x1C, 0xE7,
    0xFC, 0xE6, 0xFC, 0xE6, 0xFC, 0xE6, 0xFC, 0xE6, 0xFC, 0xE6, 0xFC, 0xE6, 0xFC, 0xE6, 0xFC, 0xE6,
    0xFC, 0xE6, 0xFC, 0xE6, 0xFC, 0xE6, 0x1C, 0xE7, 0xFC, 0xE6, 0xFC, 0xE6, 0xFC, 0xE6, 0xFC, 0xE6,
    0xFC, 0xE6, 0x1C, 0xE7, 0x1C, 0xE7, 0x1C, 0xE7, 0x3D, 0xE7, 0x7A, 0xCE, 0x93, 0x94, 0x94, 0x94,
    0xB4, 0x94, 0xD4, 0x94, 0xF5, 0x9C, 0xD4, 0x9C, 0xB4, 0x94, 0x97, 0xB5, 0x7A, 0xCE, 0x5A, 0xCE,
    0x5A, 0xCE, 0xDB, 0xDE, 0x3D, 0xE7, 0x1C, 0xE7, 0x7D, 0xEF, 0x8E, 0x73, 0x04, 0x21, 0x86, 0x31,
    0x86, 0x31, 0x6D, 0x21, 0x71, 0x21, 0x71, 0x21, 0x71, 0x21, 0x71, 0x21, 0x6D, 0x21, 0x86, 0x31,
    0x66, 0x29, 0x45, 0x29, 0x29, 0x4A, 0x9A, 0xD6, 0x1C, 0xE7, 0xFC, 0xDE, 0xDB, 0xDE, 0x7A, 0xCE,
    0x7A, 0xCE, 0x7A, 0xCE, 0x97, 0xB5, 0x93, 0x94, 0x93, 0x94, 0x93, 0x94, 0xB4, 0x94, 0xB4, 0x94,
    0xB4, 0x94, 0x93, 0x94, 0x7A, 0xCE, 0xDF, 0xFF, 0x9E, 0xF7, 0x9E, 0xF7, 0xFC, 0xE6, 0xDB, 0xDE,
    0xDC, 0xDE, 0xDC, 0xDE, 0xDC, 0xDE, 0xDC, 0xDE, 0xDC, 0xDE, 0xDC, 0xDE, 0xDC, 0xDE, 0xDC, 0xDE,
    0xDC, 0xDE, 0xDC, 0xDE, 0xDC, 0xDE, 0xDC, 0xDE, 0xDC, 0xDE, 0xDC, 0xDE, 0xDC, 0xDE, 0xDC, 0xDE,
    0xDC, 0xDE, 0xDC, 0xDE, 0xDC, 0xDE, 0xDC, 0xDE, 0xDC, 0xDE, 0xDC, 0xDE, 0xDC, 0xDE, 0xDC, 0xDE,
    0xDC, 0xDE, 0xDC, 0xDE, 0xDC, 0xDE, 0xDC, 0xDE, 0xDC, 0xDE, 0xDC, 0xDE, 0xDC, 0xDE, 0xDC, 0xDE,
    0xDC, 0xDE, 0xDC, 0xDE, 0xDC, 0xDE, 0xDC, 0xDE, 0xDC, 0xDE, 0xDC, 0xDE, 0xDC, 0xDE, 0xDC, 0xDE,
    0xDC, 0xDE, 0xDC, 0xDE, 0xDC, 0xDE, 0xDC, 0xDE, 0xDC, 0xDE, 0xDC, 0xDE, 0xDC, 0xDE, 0xDC, 0xDE,
    0xDC, 0xDE, 0xDC, 0xDE, 0xDC, 0xDE, 0xDC, 0xDE, 0xDC, 0xDE, 0xDC, 0xDE, 0xDC, 0xDE, 0xDC, 0xDE,
    0xDC, 0xDE, 0xDC, 0xDE, 0xDC, 0xDE, 0xDC, 0xDE, 0xDC, 0xDE, 0xDC, 0xDE, 0xDC, 0xDE, 0xDC, 0xDE,
    0xDC, 0xDE, 0xDC, 0xDE, 0xDC, 0xDE, 0xDC, 0xDE, 0xDC, 0xDE, 0xDC, 0xDE, 0xDC, 0xDE, 0xDC, 0xDE,
    0xDC, 0xDE, 0xDC, 0xDE, 0xDC, 0xDE, 0xDC, 0xDE, 0xDC, 0xDE, 0xDC, 0xDE, 0xDC, 0xDE, 0xDC, 0xDE,
    0xDC, 0xDE, 0xDC, 0xDE, 0xDC, 0xDE, 0xFC, 0xDE, 0xFC, 0xDE, 0xDC, 0xDE, 0xDC, 0xDE, 0xDC, 0xDE,
    0xDC, 0xDE, 0xDC, 0xDE, 0xDC, 0xDE, 0xDC, 0xDE, 0xFB, 0xDE, 0xFB, 0xDE, 0xDB, 0xDE, 0xDB, 0xDE,
    0xFB, 0xDE, 0xFB, 0xDE, 0xFC, 0xDE, 0xDC, 0xDE, 0xDB, 0xDE, 0xDC, 0xDE, 0xDC, 0xDE, 0xDC, 0xDE,
    0xDC, 0xDE, 0xDC, 0xDE, 0xDC, 0xDE, 0xDC, 0xDE, 0xDC, 0xDE, 0xDC, 0xDE, 0xDC, 0xDE, 0xDC, 0xDE,
    0xDC, 0xDE, 0xDC, 0xDE, 0xDC, 0xDE, 0xDC, 0xDE, 0xDC, 0xDE, 0xDB, 0xDE, 0xDC, 0xDE, 0xDC, 0xDE,
    0xDC, 0xDE, 0xDC, 0xDE, 0xDC, 0xDE, 0xFC, 0xDE, 0xFC, 0xDE, 0xDC, 0xDE, 0xDC, 0xDE, 0xFC, 0xDE,
    0xDC, 0xDE, 0xDC, 0xDE, 0xDC, 0xDE, 0xDC, 0xDE, 0xDC, 0xDE, 0xDC, 0xDE, 0xDC, 0xDE, 0xDC, 0xDE,
    0xDC, 0xDE, 0xDC, 0xDE, 0xDC, 0xDE, 0xDC, 0xDE, 0xDC, 0xDE, 0xDC, 0xDE, 0xDC, 0xDE, 0xDC, 0xDE,
    0xDC, 0xDE, 0xDC, 0xDE, 0xDC, 0xDE, 0xDC, 0xDE, 0xDC, 0xDE, 0xDC, 0xDE, 0xDC, 0xDE, 0xDC, 0xDE,
    0xDC, 0xDE, 0xDC, 0xDE, 0xDC, 0xDE, 0xDC, 0xDE, 0xDC, 0xDE, 0xDC, 0xDE, 0xDC, 0xDE, 0xDC, 0xDE,
    0xDC, 0xDE, 0xDC, 0xDE, 0xDC, 0xDE, 0xDC, 0xDE, 0xDB, 0xDE, 0x1C, 0xE7, 0x9E, 0xF7, 0xBE, 0xF7,
    0xDF, 0xF7, 0xDB, 0xDE, 0xB3, 0x94, 0x94, 0x94, 0x94, 0x94, 0x93, 0x94, 0x93, 0x94, 0x93, 0x94,
    0x73, 0x8C, 0x56, 0xAD, 0x7A, 0xCE, 0x5A, 0xCE, 0x5A, 0xCE, 0xDB, 0xDE, 0x3C, 0xE7, 0x1C, 0xE7,
    0x7E, 0xEF, 0x8E, 0x73, 0x05, 0x21, 0x86, 0x31, 0x86, 0x31, 0x6D, 0x21, 0x71, 0x21, 0x71, 0x21,
    0x71, 0x21, 0x71, 0x21, 0x6D, 0x21, 0x86, 0x31, 0x66, 0x29, 0x45, 0x29, 0x29, 0x4A, 0x9A, 0xD6,
    0x1C, 0xE7, 0xFC, 0xDE, 0xDB, 0xDE, 0x7A, 0xCE, 0x5A, 0xCE, 0x7A, 0xCE, 0x97, 0xB5, 0x93, 0x94,
    0xB4, 0x94, 0xB4, 0x94, 0x93, 0x94, 0x93, 0x94, 0x93, 0x94, 0x93, 0x94, 0x9A, 0xD6, 0xBE, 0xF7,
    0x9D, 0xF7, 0x9D, 0xF7, 0x1C, 0xE7, 0xDC, 0xDE, 0xFC, 0xDE, 0xFC, 0xDE, 0xFC, 0xDE, 0xFC, 0xDE,
    0xFC, 0xDE, 0xFC, 0xDE, 0xFC, 0xDE, 0xFC, 0xDE, 0xFC, 0xDE, 0xFC, 0xDE, 0xFC, 0xDE, 0xFC, 0xDE,
    0xFC, 0xDE, 0xFC, 0xDE, 0xFC, 0xDE, 0xFC, 0xDE, 0xFC, 0xDE, 0xFC, 0xDE, 0xFC, 0xDE, 0xFC, 0xDE,
    0xFC, 0xDE, 0xFC, 0xDE, 0xFC, 0xDE, 0xFC, 0xDE, 0xFC, 0xDE, 0xFC, 0xDE, 0xFC, 0xDE, 0xFC, 0xDE,
    0xFC, 0xDE, 0xFC, 0xDE, 0xFC, 0xDE, 0xFC, 0xDE, 0xFC, 0xDE, 0xFC, 0xDE, 0xFC, 0xDE, 0xFC, 0xDE,
    0xFC, 0xDE, 0xFC, 0xDE, 0xFC, 0xDE, 0xFC, 0xDE, 0xFC, 0xDE, 0xFC, 0xDE, 0xFC, 0xDE, 0xFC, 0xDE,
    0xFC, 0xDE, 0xFC, 0xDE, 0xFC, 0xDE, 0xFC, 0xDE, 0xFC, 0xDE, 0xFC, 0xDE, 0xFC, 0xDE, 0xFC, 0xDE,
    0xFC, 0xDE, 0xFC, 0xDE, 0xFC, 0xDE, 0xFC, 0xDE, 0xFC, 0xDE, 0xFC, 0xDE, 0xFC, 0xDE, 0xFC, 0xDE,
    0xFC, 0xDE, 0xFC, 0xDE, 0xFC, 0xDE, 0xFC, 0xDE, 0xFC, 0xDE, 0xFC, 0xDE, 0xFC, 0xDE, 0xFC, 0xDE,
    0xFC, 0xDE, 0xFC, 0xDE, 0xFC, 0xDE, 0xDC, 0xDE, 0xDC, 0xDE, 0xFC, 0xDE, 0xDC, 0xDE, 0xDC, 0xDE,
    0xFC, 0xDE, 0xFC, 0xDE, 0xFC, 0xDE, 0xFC, 0xDE, 0xFC, 0xDE, 0xFC, 0xDE, 0xFC, 0xDE, 0xFC, 0xDE,
    0xFC, 0xDE, 0xFC, 0xDE, 0xFC, 0xDE, 0xFC, 0xDE, 0xFC, 0xDE, 0xFC, 0xDE, 0xFC, 0xDE, 0xFC, 0xDE,
    0xDC, 0xDE, 0xDC, 0xDE, 0xDC, 0xDE, 0xDC, 0xDE, 0xFC, 0xDE, 0xFC, 0xDE, 0xFC, 0xDE, 0xFC, 0xDE,
    0xDC, 0xDE, 0xFC, 0xDE, 0xFC, 0xDE, 0xFC, 0xDE, 0xFC, 0xDE, 0xFC, 0xDE, 0xFC, 0xDE, 0xFC, 0xDE,
    0xDC, 0xDE, 0xFC, 0xDE, 0xFC, 0xDE, 0xFC, 0xDE, 0xFC, 0xDE, 0xFC, 0xDE, 0xFC, 0xDE, 0xFC, 0xDE,
    0xDC, 0xDE, 0xFC, 0xDE, 0xFC, 0xDE, 0xFC, 0xDE, 0xFC, 0xDE, 0xFC, 0xDE, 0xFC, 0xDE, 0xFC, 0xDE,
    0xFC, 0xDE, 0xFC, 0xDE, 0xFC, 0xDE, 0xFC, 0xDE, 0xDC, 0xDE, 0xDC, 0xDE, 0xDC, 0xDE, 0xDC, 0xDE,
    0xDC, 0xDE, 0xFC, 0xDE, 0xFC, 0xDE, 0xFC, 0xDE, 0xFC, 0xDE, 0xFC, 0xDE, 0xFC, 0xDE, 0xFC, 0xDE,
    0xFC, 0xDE, 0xFC, 0xDE, 0xFC, 0xDE, 0xFC, 0xDE, 0xFC, 0xDE, 0xFC, 0xDE, 0xFC, 0xDE, 0xFC, 0xDE,
    0xFC, 0xDE, 0xFC, 0xDE, 0xFC, 0xDE, 0xFC, 0xDE, 0xFC, 0xDE, 0xFC, 0xDE, 0xFC, 0xDE, 0xFC, 0xDE,
    0xFC, 0xDE, 0xFC, 0xDE, 0xFC, 0xDE, 0xFC, 0xDE, 0xFC, 0xDE, 0xDC, 0xDE, 0xDC, 0xDE, 0xDC, 0xDE,
    0xDB, 0xDE, 0xFC, 0xDE, 0x7D, 0xEF, 0x9D, 0xF7, 0xBE, 0xF7, 0xFB, 0xDE, 0xB3, 0x94, 0x73, 0x8C,
    0x93, 0x8C, 0x93, 0x94, 0x93, 0x94, 0xB4, 0x94, 0x93, 0x94, 0x57, 0xAD, 0x5A, 0xCE, 0x5A, 0xCE,
    0x5A, 0xCE, 0xDB, 0xDE, 0x3C, 0xE7, 0x1C, 0xE7, 0x7E, 0xEF, 0xAE, 0x73, 0x05, 0x21, 0x86, 0x31,
    0x86, 0x31, 0x6D, 0x21, 0x71, 0x21, 0x71, 0x21, 0x71, 0x21, 0x71, 0x21, 0x6D, 0x21, 0x86, 0x31,
    0x86, 0x31, 0x45, 0x29, 0x49, 0x4A, 0x9B, 0xD6, 0x1C, 0xE7, 0xFC, 0xDE, 0xDB, 0xDE, 0x7A, 0xCE,
    0x5A, 0xCE, 0x7A, 0xCE, 0x97, 0xB5, 0x93, 0x94, 0xB4, 0x94, 0xB4, 0x94, 0xD4, 0x9C, 0xB4, 0x94,
    0xD4, 0x9C, 0xD4, 0x9C, 0xBA, 0xD6, 0xBE, 0xF7, 0x9D, 0xF7, 0x7D, 0xF7, 0x1C, 0xE7, 0xDC, 0xDE,
    0xFC, 0xDE, 0xFC, 0xDE, 0xFC, 0xDE, 0xFC, 0xDE, 0xFC, 0xDE, 0xFC, 0xDE, 0xFC, 0xDE, 0xFC, 0xDE,
    0xFC, 0xDE, 0xFC, 0xDE, 0xFC, 0xDE, 0xFC, 0xDE, 0xFC, 0xDE, 0xFC, 0xDE, 0xFC, 0xDE, 0xFC, 0xDE,
    0xFC, 0xDE, 0xFC, 0xDE, 0xFC, 0xDE, 0xFC, 0xDE, 0xFC, 0xDE, 0xFC, 0xDE, 0xFC, 0xDE, 0xFC, 0xDE,
    0xFC, 0xDE, 0xFC, 0xDE, 0xFC, 0xDE, 0xFC, 0xDE, 0xFC, 0xDE, 0xFC, 0xDE, 0xFC, 0xDE, 0xFC, 0xDE,
    0xFC, 0xDE, 0xFC, 0xDE, 0xFC, 0xDE, 0xFC, 0xDE, 0xFC, 0xDE, 0xFC, 0xDE, 0xFC, 0xDE, 0xFC, 0xDE,
    0xFC, 0xDE, 0xFC, 0xDE, 0xFC, 0xDE, 0xFC, 0xDE, 0xFC, 0xDE, 0xFC, 0xDE, 0xFC, 0xDE, 0xFC, 0xDE,
    0xFC, 0xDE, 0xFC, 0xDE, 0xFC, 0xDE, 0xFC, 0xDE, 0xFC, 0xDE, 0xFC, 0xDE, 0xFC, 0xDE, 0xFC, 0xDE,
    0xFC, 0xDE, 0xFC, 0xDE, 0xFC, 0xDE, 0xFC, 0xDE, 0xFC, 0xDE, 0xFC, 0xDE, 0xFC, 0xDE, 0xFC, 0xDE,
    0xFC, 0xDE, 0xFC, 0xDE, 0xFC, 0xDE, 0xFC, 0xDE, 0xFC, 0xDE, 0xFC, 0xDE, 0xDC, 0xDE, 0xDC, 0xDE,
    0xFC, 0xDE, 0xFC, 0xDE, 0xDC, 0xDE, 0xDC, 0xDE, 0xFC, 0xDE, 0xFC, 0xDE, 0xFC, 0xDE, 0xFC, 0xDE,
    0xFC, 0xDE, 0xFC, 0xDE, 0xFC, 0xDE, 0xFC, 0xDE, 0xFC, 0xDE, 0xFC, 0xDE, 0xFC, 0xDE, 0xFC, 0xDE,
    0xDC, 0xDE, 0xDC, 0xDE, 0xDC, 0xDE, 0xDC, 0xDE, 0xDC, 0xDE, 0xDC, 0xDE, 0xFC, 0xDE, 0xDC, 0xDE,
    0xFC, 0xDE, 0xFC, 0xDE, 0xFC, 0xDE, 0xFC, 0xDE, 0xFC, 0xDE, 0xFC, 0xDE, 0xFC, 0xDE, 0xFC, 0xDE,
    0xFC, 0xDE, 0xFC, 0xDE, 0xFC, 0xDE, 0xFC, 0xDE, 0xDC, 0xDE, 0xFC, 0xDE, 0xFC, 0xDE, 0xFC, 0xDE,
    0xFC, 0xDE, 0xFC, 0xDE, 0xFC, 0xDE, 0xDC, 0xDE, 0xDC, 0xDE, 0xFC, 0xDE, 0xFC, 0xDE, 0xFC, 0xDE,
    0xFC, 0xDE, 0xFC, 0xDE, 0xFC, 0xDE, 0xFC, 0xDE, 0xFC, 0xDE, 0xFC, 0xDE, 0xDC, 0xDE, 0xDC, 0xDE,
    0xDC, 0xDE, 0xDC, 0xDE, 0xDC, 0xDE, 0xDC, 0xDE, 0xDC, 0xDE, 0xFC, 0xDE, 0xFC, 0xDE, 0xFC, 0xDE,
    0xFC, 0xDE, 0xFC, 0xDE, 0xFC, 0xDE, 0xFC, 0xDE, 0xFC, 0xDE, 0xFC, 0xDE, 0xFC, 0xDE, 0xFC, 0xDE,
    0xFC, 0xDE, 0xFC, 0xDE, 0xFC, 0xDE, 0xFC, 0xDE, 0xFC, 0xDE, 0xFC, 0xDE, 0xFC, 0xDE, 0xFC, 0xDE,
    0xFC, 0xDE, 0xFC, 0xDE, 0xFC, 0xDE, 0xFC, 0xDE, 0xFC, 0xDE, 0xFC, 0xDE, 0xFC, 0xDE, 0xFC, 0xDE,
    0xFC, 0xDE, 0xDC, 0xDE, 0xDC, 0xDE, 0xDC, 0xDE, 0xDB, 0xDE, 0xFC, 0xDE, 0x7D, 0xEF, 0x9D, 0xF7,
    0xBE, 0xF7, 0xDC, 0xDE, 0xD4, 0x9C, 0xB4, 0x94, 0xD4, 0x94, 0xD4, 0x9C, 0xB3, 0x94, 0xB4, 0x94,
    0x93, 0x94, 0x56, 0xAD, 0x5A, 0xCE, 0x5A, 0xCE, 0x59, 0xCE, 0xDB, 0xDE, 0x3C, 0xE7, 0x1C, 0xE7,
    0x7E, 0xEF, 0xAE, 0x73, 0x25, 0x21, 0x86, 0x31, 0x86, 0x31, 0x6D, 0x21, 0x71, 0x21, 0x71, 0x21,
    0x71, 0x21, 0x71, 0x21, 0x6D, 0x21, 0x86, 0x31, 0x66, 0x31, 0x45, 0x29, 0x49, 0x4A, 0xBA, 0xD6,
    0x1C, 0xE7, 0xFC, 0xDE, 0xDB, 0xDE, 0x7A, 0xCE, 0x5A, 0xCE, 0x7A, 0xCE, 0xB7, 0xB5, 0x93, 0x94,
    0xB4, 0x94, 0x93, 0x94, 0x18, 0xC6, 0x1C, 0xE7, 0x1C, 0xE7, 0x1C, 0xE7, 0x1C, 0xE7, 0xFC, 0xDE,
    0x1C, 0xE7, 0x1C, 0xE7, 0xFC, 0xDE, 0xFC, 0xDE, 0xFC, 0xDE, 0xFC, 0xDE, 0xFC, 0xDE, 0xFC, 0xDE,
    0xFC, 0xDE, 0xFC, 0xDE, 0xFC, 0xDE, 0xFC, 0xDE, 0xFC, 0xDE, 0xFC, 0xDE, 0xFC, 0xDE, 0xFC, 0xDE,
    0xFC, 0xDE, 0xFC, 0xDE, 0xFC, 0xDE, 0xFC, 0xDE, 0xFC, 0xDE, 0xFC, 0xDE, 0xFC, 0xDE, 0xFC, 0xDE,
    0xDC, 0xDE, 0xFC, 0xDE, 0xFC, 0xDE, 0xFC, 0xDE, 0xFC, 0xDE, 0xFC, 0xDE, 0xFC, 0xDE, 0xFC, 0xDE,
    0xFC, 0xDE, 0xFC, 0xDE, 0xFC, 0xDE, 0xFC, 0xDE, 0xFC, 0xDE, 0xFC, 0xDE, 0xFC, 0xDE, 0xFC, 0xDE,
    0xFC, 0xDE, 0xFC, 0xDE, 0xFC, 0xDE, 0xFC, 0xDE, 0xFC, 0xDE, 0xFC, 0xDE, 0xFC, 0xDE, 0xFC, 0xDE,
    0xFC, 0xDE, 0xFC, 0xDE, 0xFC, 0xDE, 0xFC, 0xDE, 0xFC, 0xDE, 0xFC, 0xDE, 0xFC, 0xDE, 0xFC, 0xDE,
    0xFC, 0xDE, 0xFC, 0xDE, 0xFC, 0xDE, 0xFC, 0xDE, 0xFC, 0xDE, 0xFC, 0xDE, 0xFC, 0xDE, 0xFC, 0xDE,
    0xFC, 0xDE, 0xFC, 0xDE, 0xFC, 0xDE, 0xFC, 0xDE, 0xFC, 0xDE, 0xFC, 0xDE, 0xFC, 0xDE, 0xFC, 0xDE,
    0xFC, 0xDE, 0xFC, 0xDE, 0xDC, 0xDE, 0xDC, 0xDE, 0xFC, 0xDE, 0xDC, 0xDE, 0xFC, 0xDE, 0xDC, 0xDE,
    0xDC, 0xDE, 0xFC, 0xDE, 0xDC, 0xDE, 0xDC, 0xDE, 0xDC, 0xDE, 0xDC, 0xDE, 0xDC, 0xDE, 0xDC, 0xDE,
    0xDC, 0xDE, 0xDC, 0xDE, 0xDC, 0xDE, 0xDC, 0xDE, 0xFC, 0xDE, 0xFC, 0xDE, 0xFC, 0xDE, 0xDC, 0xDE,
    0xDC, 0xDE, 0xFC, 0xDE, 0xDC, 0xDE, 0xDC, 0xDE, 0xFC, 0xDE, 0xFC, 0xDE, 0xFC, 0xDE, 0xFC, 0xDE,
    0xFC, 0xDE, 0xFC, 0xDE, 0xFC, 0xDE, 0xFC, 0xDE, 0xFC, 0xDE, 0xFC, 0xDE, 0xFC, 0xDE, 0xFC, 0xDE,
    0xFC, 0xDE, 0xFC, 0xDE, 0xFC, 0xDE, 0xFC, 0xDE, 0xFC, 0xDE, 0xFC, 0xDE, 0xFC, 0xDE, 0xFC, 0xDE,
    0xFC, 0xDE, 0xFC, 0xDE, 0xFC, 0xDE, 0xFC, 0xDE, 0xDC, 0xDE, 0xFC, 0xDE, 0xFC, 0xDE, 0xDC, 0xDE,
    0xFC, 0xDE, 0xDC, 0xDE, 0xDC, 0xDE, 0xDC, 0xDE, 0xDC, 0xDE, 0xDC, 0xDE, 0xDC, 0xDE, 0xDC, 0xDE,
    0xDC, 0xDE, 0xDC, 0xDE, 0xFC, 0xDE, 0xFC, 0xDE, 0xFC, 0xDE, 0xDC, 0xDE, 0xDC, 0xDE, 0xFC, 0xDE,
    0xFC, 0xDE, 0xFC, 0xDE, 0xFC, 0xDE, 0xFC, 0xDE, 0xFC, 0xDE, 0xFC, 0xDE, 0xFC, 0xDE, 0xFC, 0xDE,
    0xFC, 0xDE, 0xFC, 0xDE, 0xFC, 0xDE, 0xFC, 0xDE, 0xFC, 0xDE, 0xFC, 0xDE, 0xFC, 0xDE, 0xFC, 0xDE,
    0xFC, 0xDE, 0xDC, 0xDE, 0xDC, 0xDE, 0xFC, 0xDE, 0xFC, 0xDE, 0xFC, 0xDE, 0xDC, 0xDE, 0xDC, 0xDE,
    0xFC, 0xDE, 0xFC, 0xDE, 0xFC, 0xDE, 0xFC, 0xDE, 0x1C, 0xE7, 0xFC, 0xDE, 0xFC, 0xDE, 0xFB, 0xE6,
    0x3C, 0xE7, 0x18, 0xC6, 0x93, 0x8C, 0x94, 0x94, 0x73, 0x8C, 0x77, 0xAD, 0x7A, 0xCE, 0x5A, 0xCE,
    0x5A, 0xCE, 0xDC, 0xDE, 0x3C, 0xE7, 0x1C, 0xE7, 0x9E, 0xF7, 0xAF, 0x73, 0x05, 0x21, 0x66, 0x31,
    0x86, 0x31, 0x6D, 0x21, 0x71, 0x21, 0x71, 0x21, 0x71, 0x21, 0x71, 0x21, 0x6D, 0x21, 0x86, 0x31,
    0x66, 0x29, 0x45, 0x29, 0x49, 0x4A, 0xBA, 0xD6, 0x1C, 0xE7, 0xFC, 0xE6, 0xDB, 0xDE, 0x7A, 0xCE,
    0x5A, 0xCE, 0x7A, 0xCE, 0xB7, 0xB5, 0x93, 0x8C, 0x94, 0x94, 0x93, 0x8C, 0x7A, 0xCE, 0xDF, 0xFF,
    0xBE, 0xF7, 0xBE, 0xF7, 0x1C, 0xE7, 0xDB, 0xDE, 0xDC, 0xDE, 0xDC, 0xDE, 0xFC, 0xDE, 0xFC, 0xDE,
    0xFC, 0xDE, 0xFC, 0xDE, 0xFC, 0xDE, 0xFC, 0xDE, 0xFC, 0xDE, 0xFC, 0xDE, 0xFC, 0xDE, 0xFC, 0xDE,
    0xFC, 0xDE, 0xFC, 0xDE, 0xFC, 0xDE, 0xFC, 0xDE, 0xFC, 0xDE, 0xFC, 0xDE, 0xFC, 0xDE, 0xFC, 0xDE,
    0xFC, 0xDE, 0xFC, 0xDE, 0xFC, 0xDE, 0xFC, 0xDE, 0xDC, 0xDE, 0xDC, 0xDE, 0xDC, 0xDE, 0xDC, 0xDE,
    0xDC, 0xDE, 0xFC, 0xDE, 0xFC, 0xDE, 0xFC, 0xDE, 0xFC, 0xDE, 0xFC, 0xDE, 0xFC, 0xDE, 0xFC, 0xDE,
    0xFC, 0xDE, 0xFC, 0xDE, 0xFC, 0xDE, 0xFC, 0xDE, 0xFC, 0xDE, 0xFC, 0xDE, 0xFC, 0xDE, 0xFC, 0xDE,
    0xFC, 0xDE, 0xFC, 0xDE, 0xFC, 0xDE, 0xFC, 0xDE, 0xFC, 0xDE, 0xFC, 0xDE, 0xFC, 0xDE, 0xFC, 0xDE,
    0xFC, 0xDE, 0xDC, 0xDE, 0xDC, 0xDE, 0xFC, 0xDE, 0xFC, 0xDE, 0xFC, 0xDE, 0xFC, 0xDE, 0xFC, 0xDE,
    0xFC, 0xDE, 0xFC, 0xDE, 0xFC, 0xDE, 0xFC, 0xDE, 0xFC, 0xDE, 0xFC, 0xDE, 0xFC, 0xDE, 0xFC, 0xDE,
    0xFC, 0xDE, 0xFC, 0xDE, 0xFC, 0xDE, 0xFC, 0xDE, 0xFC, 0xDE, 0xFC, 0xDE, 0xFC, 0xDE, 0xDC, 0xDE,
    0xFC, 0xDE, 0xDC, 0xDE, 0xFC, 0xDE, 0xDC, 0xDE, 0xDC, 0xDE, 0xFC, 0xDE, 0xDC, 0xDE, 0xDC, 0xDE,
    0xDC, 0xDE, 0xDC, 0xDE, 0xDC, 0xDE, 0xDC, 0xDE, 0xDC, 0xDE, 0xDC, 0xDE, 0xDC, 0xDE, 0xDC, 0xDE,
    0xDC, 0xDE, 0xDC, 0xDE, 0xDC, 0xDE, 0xDC, 0xDE, 0xDC, 0xDE, 0xFC, 0xDE, 0xDC, 0xDE, 0xDC, 0xDE,
    0xFC, 0xDE, 0xFC, 0xDE, 0xFC, 0xDE, 0xFC, 0xDE, 0xFC, 0xDE, 0xFC, 0xDE, 0xFC, 0xDE, 0xFC, 0xDE,
    0xFC, 0xDE, 0xFC, 0xDE, 0xFC, 0xDE, 0xFC, 0xDE, 0xDC, 0xDE, 0xDC, 0xDE, 0xFC, 0xDE, 0xFC, 0xDE,
    0xFC, 0xDE, 0xFC, 0xDE, 0xFC, 0xDE, 0xFC, 0xDE, 0xFC, 0xDE, 0xFC, 0xDE, 0xFC, 0xDE, 0xFC, 0xDE,
    0xDC, 0xDE, 0xFC, 0xDE, 0xFC, 0xDE, 0xDC, 0xDE, 0xFC, 0xDE, 0xDC, 0xDE, 0xDC, 0xDE, 0xDC, 0xDE,
    0xDC, 0xDE, 0xDC, 0xDE, 0xDC, 0xDE, 0xDC, 0xDE, 0xDC, 0xDE, 0xDC, 0xDE, 0xDC, 0xDE, 0xDC, 0xDE,
    0xDC, 0xDE, 0xDC, 0xDE, 0xDC, 0xDE, 0xFC, 0xDE, 0xFC, 0xDE, 0xFC, 0xDE, 0xFC, 0xDE, 0xFC, 0xDE,
    0xFC, 0xDE, 0xFC, 0xDE, 0xFC, 0xDE, 0xFC, 0xDE, 0xFC, 0xDE, 0xFC, 0xDE, 0xFC, 0xDE, 0xFC, 0xDE,
    0xFC, 0xDE, 0xFC, 0xDE, 0xFC, 0xDE, 0xFC, 0xDE, 0xFC, 0xDE, 0xDC, 0xDE, 0xDC, 0xDE, 0xFC, 0xDE,
    0xFC, 0xDE, 0xFC, 0xDE, 0xDC, 0xDE, 0xDC, 0xDE, 0xDC, 0xDE, 0xDC, 0xDE, 0xDB, 0xDE, 0xDB, 0xDE,
    0xBB, 0xDE, 0xFC, 0xDE, 0x9E, 0xF7, 0xBE, 0xF7, 0xDE, 0xFF, 0x39, 0xCE, 0x72, 0x8C, 0x93, 0x8C,
    0x73, 0x8C, 0x77, 0xAD, 0x7A, 0xCE, 0x5A, 0xCE, 0x5A, 0xCE, 0xDC, 0xDE, 0x3C, 0xE7, 0x1C, 0xE7,
    0x9E, 0xF7, 0x8F, 0x73, 0x05, 0x21, 0x66, 0x31, 0x66, 0x29, 0x6D, 0x21, 0x71, 0x21, 0x71, 0x21,
    0x71, 0x21, 0x71, 0x21, 0x6D, 0x21, 0x86, 0x31, 0x66, 0x29, 0x45, 0x29, 0x49, 0x4A, 0xBA, 0xD6,
    0x1C, 0xE7, 0xFC, 0xE6, 0xDC, 0xDE, 0x7A, 0xCE, 0x5A, 0xCE, 0x7A, 0xCE, 0xB7, 0xB5, 0x93, 0x8C,
    0x94, 0x94, 0x93, 0x8C, 0x7A, 0xCE, 0xBE, 0xF7, 0x9D, 0xF7, 0x9E, 0xF7, 0x1C, 0xE7, 0xDB, 0xDE,
    0xFC, 0xDE, 0xFC, 0xDE, 0xFC, 0xDE, 0xFC, 0xDE, 0xFC, 0xDE, 0xFC, 0xDE, 0xFC, 0xDE, 0xFC, 0xDE,
    0xFC, 0xDE, 0xFC, 0xDE, 0xFC, 0xDE, 0xFC, 0xDE, 0xFC, 0xDE, 0xFC, 0xDE, 0xFC, 0xDE, 0xFC, 0xDE,
    0xFC, 0xDE, 0xFC, 0xDE, 0xFC, 0xDE, 0xFC, 0xDE, 0xFC, 0xDE, 0xFC, 0xDE, 0xFC, 0xDE, 0xFC, 0xDE,
    0xDC, 0xDE, 0xDC, 0xDE, 0xDC, 0xDE, 0xDC, 0xDE, 0xDC, 0xDE, 0xDC, 0xDE, 0xDC, 0xDE, 0xDC, 0xDE,
    0xFC, 0xDE, 0xFC, 0xDE, 0xFC, 0xDE, 0xFC, 0xDE, 0xFC, 0xDE, 0xFC, 0xDE, 0xFC, 0xDE, 0xFC, 0xDE,
    0xFC, 0xDE, 0xFC, 0xDE, 0xFC, 0xDE, 0xFC, 0xDE, 0xFC, 0xDE, 0xFC, 0xDE, 0xFC, 0xDE, 0xFC, 0xDE,
    0xFC, 0xDE, 0xFC, 0xDE, 0xFC, 0xDE, 0xFC, 0xDE, 0xFC, 0xDE, 0xDC, 0xDE, 0xDC, 0xDE, 0xFC, 0xDE,
    0xFC, 0xDE, 0xFC, 0xDE, 0xFC, 0xDE, 0xFC, 0xDE, 0xFC, 0xDE, 0xFC, 0xDE, 0xFC, 0xDE, 0xFC, 0xDE,
    0xFC, 0xDE, 0xFC, 0xDE, 0xFC, 0xDE, 0xFC, 0xDE, 0xFC, 0xDE, 0xFC, 0xDE, 0xFC, 0xDE, 0xFC, 0xDE,
    0xFC, 0xDE, 0xFC, 0xDE, 0xFC, 0xDE, 0xDC, 0xDE, 0xFC, 0xDE, 0xDC, 0xDE, 0xFC, 0xDE, 0xDC, 0xDE,
    0xDC, 0xDE, 0xFC, 0xDE, 0xDC, 0xDE, 0xDC, 0xDE, 0xDC, 0xDE, 0xDC, 0xDE, 0xDC, 0xDE, 0xDC, 0xDE,
    0xDC, 0xDE, 0xDC, 0xDE, 0xDC, 0xDE, 0xDC, 0xDE, 0xDC, 0xDE, 0xDC, 0xDE, 0xDC, 0xDE, 0xDC, 0xDE,
    0xDC, 0xDE, 0xDC, 0xDE, 0xDC, 0xDE, 0xDC, 0xDE, 0xFC, 0xDE, 0xFC, 0xDE, 0xFC, 0xDE, 0xFC, 0xDE,
    0xFC, 0xDE, 0xFC, 0xDE, 0xFC, 0xDE, 0xFC, 0xDE, 0xFC, 0xDE, 0xFC, 0xDE, 0xDC, 0xDE, 0xFC, 0xDE,
    0xFC, 0xDE, 0xDC, 0xDE, 0xFC, 0xDE, 0xFC, 0xDE, 0xDC, 0xDE, 0xFC, 0xDE, 0xFC, 0xDE, 0xFC, 0xDE,
    0xFC, 0xDE, 0xFC, 0xDE, 0xFC, 0xDE, 0xFC, 0xDE, 0xDC, 0xDE, 0xFC, 0xDE, 0xFC, 0xDE, 0xDC, 0xDE,
    0xDC, 0xDE, 0xDC, 0xDE, 0xDC, 0xDE, 0xDC, 0xDE, 0xDC, 0xDE, 0xDC, 0xDE, 0xDC, 0xDE, 0xDC, 0xDE,
    0xDC, 0xDE, 0xDC, 0xDE, 0xDC, 0xDE, 0xDC, 0xDE, 0xDC, 0xDE, 0xFC, 0xDE, 0xFC, 0xDE, 0xFC, 0xDE,
    0xFC, 0xDE, 0xFC, 0xDE, 0xFC, 0xDE, 0xFC, 0xDE, 0xFC, 0xDE, 0xFC, 0xDE, 0xFC, 0xDE, 0xFC, 0xDE,
    0xDC, 0xDE, 0xDC, 0xDE, 0xDC, 0xDE, 0xDC, 0xDE, 0xFC, 0xDE, 0xFC, 0xDE, 0xFC, 0xDE, 0xFC, 0xDE,
    0xFC, 0xDE, 0xDC, 0xDE, 0xDC, 0xDE, 0xFC, 0xDE, 0xFC, 0xDE, 0xFC, 0xDE, 0xDC, 0xDE, 0xDC, 0xDE,
    0xDC, 0xDE, 0xDC, 0xDE, 0xDC, 0xDE, 0xDC, 0xDE, 0xDB, 0xDE, 0x1C, 0xE7, 0x9E, 0xF7, 0x9D, 0xF7,
    0xBE, 0xF7, 0x39, 0xC6, 0x73, 0x8C, 0xB4, 0x94, 0x93, 0x94, 0x57, 0xAD, 0x7A, 0xCE, 0x5A, 0xCE,
    0x5A, 0xCE, 0xDC, 0xDE, 0x3C, 0xE7, 0x1C, 0xE7, 0x9E, 0xF7, 0x8F, 0x73, 0x04, 0x21, 0x66, 0x31,
    0x66, 0x29, 0x6D, 0x21, 0x71, 0x21, 0x71, 0x21, 0x71, 0x21, 0x71, 0x21, 0x6D, 0x21, 0x86, 0x31,
    0x66, 0x29, 0x45, 0x29, 0x49, 0x4A, 0xBA, 0xD6, 0x1C, 0xE7, 0x1C, 0xE7, 0xDC, 0xDE, 0x7A, 0xCE,
    0x5A, 0xCE, 0x7A, 0xCE, 0xB7, 0xB5, 0x93, 0x8C, 0xB4, 0x94, 0x93, 0x94, 0x7A, 0xCE, 0xBE, 0xF7,
    0x9D, 0xF7, 0x9E, 0xF7, 0x3C, 0xE7, 0xDB, 0xDE, 0xDC, 0xDE, 0xFC, 0xDE, 0xFC, 0xDE, 0xFC, 0xDE,
    0xFC, 0xDE, 0xFC, 0xDE, 0xFC, 0xDE, 0xFC, 0xDE, 0xFC, 0xDE, 0xFC, 0xDE, 0xFC, 0xDE, 0xFC, 0xDE,
    0xFC, 0xDE, 0xFC, 0xDE, 0xFC, 0xDE, 0xFC, 0xDE, 0xFC, 0xDE, 0xFC, 0xDE, 0xFC, 0xDE, 0xFC, 0xDE,
    0xDC, 0xDE, 0xDC, 0xDE, 0xFC, 0xDE, 0xFC, 0xDE, 0xDC, 0xDE, 0xFC, 0xDE, 0xFC, 0xDE, 0xFC, 0xDE,
    0xFC, 0xDE, 0xDC, 0xDE, 0xDC, 0xDE, 0xDC, 0xDE, 0xFC, 0xDE, 0xFC, 0xDE, 0xFC, 0xDE, 0xFC, 0xDE,
    0xFC, 0xDE, 0xFC, 0xDE, 0xFC, 0xDE, 0xFC, 0xDE, 0xFC, 0xDE, 0xFC, 0xDE, 0xFC, 0xDE, 0xFC, 0xDE,
    0xFC, 0xDE, 0xFC, 0xDE, 0xFC, 0xDE, 0xFC, 0xDE, 0xFC, 0xDE, 0xFC, 0xDE, 0xFC, 0xDE, 0xFC, 0xDE,
    0xFC, 0xDE, 0xDC, 0xDE, 0xDC, 0xDE, 0xDC, 0xDE, 0xFC, 0xDE, 0xFC, 0xDE, 0xFC, 0xDE, 0xFC, 0xDE,
    0xFC, 0xDE, 0xFC, 0xDE, 0xFC, 0xDE, 0xFC, 0xDE, 0xFC, 0xDE, 0xFC, 0xDE, 0xFC, 0xDE, 0xFC, 0xDE,
    0xFC, 0xDE, 0xFC, 0xDE, 0xFC, 0xDE, 0xFC, 0xDE, 0xFC, 0xDE, 0xFC, 0xDE, 0xFC, 0xDE, 0xDC, 0xDE,
    0xFC, 0xDE, 0xDC, 0xDE, 0xFC, 0xDE, 0xDC, 0xDE, 0xDC, 0xDE, 0xFC, 0xDE, 0xDC, 0xDE, 0xDC, 0xDE,
    0xDC, 0xDE, 0xDC, 0xDE, 0xDC, 0xDE, 0xDC, 0xDE, 0xDC, 0xDE, 0xDC, 0xDE, 0xDC, 0xDE, 0xDC, 0xDE,
    0xDC, 0xDE, 0xDC, 0xDE, 0xDC, 0xDE, 0xDC, 0xDE, 0xDC, 0xDE, 0xDC, 0xDE, 0xDC, 0xDE, 0xDC, 0xDE,
    0xFC, 0xDE, 0xFC, 0xDE, 0xFC, 0xDE, 0xFC, 0xDE, 0xFC, 0xDE, 0xFC, 0xDE, 0xFC, 0xDE, 0xFC, 0xDE,
    0xFC, 0xDE, 0xFC, 0xDE, 0xFC, 0xDE, 0xFC, 0xDE, 0xDC, 0xDE, 0xDC, 0xDE, 0xDC, 0xDE, 0xFC, 0xDE,
    0xDC, 0xDE, 0xFC, 0xDE, 0xFC, 0xDE, 0xFC, 0xDE, 0xFC, 0xDE, 0xFC, 0xDE, 0xFC, 0xDE, 0xFC, 0xDE,
    0xDC, 0xDE, 0xFC, 0xDE, 0xFC, 0xDE, 0xDC, 0xDE, 0xDC, 0xDE, 0xDC, 0xDE, 0xDC, 0xDE, 0xDC, 0xDE,
    0xDC, 0xDE, 0xDC, 0xDE, 0xDC, 0xDE, 0xDC, 0xDE, 0xDC, 0xDE, 0xDC, 0xDE, 0xDC, 0xDE, 0xDC, 0xDE,
    0xDC, 0xDE, 0xFC, 0xDE, 0xFC, 0xDE, 0xFC, 0xDE, 0xFC, 0xDE, 0xFC, 0xDE, 0xFC, 0xDE, 0xFC, 0xDE,
    0xFC, 0xDE, 0xFC, 0xDE, 0xFC, 0xDE, 0xFC, 0xDE, 0xDC, 0xDE, 0xDC, 0xDE, 0xDC, 0xDE, 0xDC, 0xDE,
    0xFC, 0xDE, 0xFC, 0xDE, 0xFC, 0xDE, 0xFC, 0xDE, 0xFC, 0xDE, 0xDC, 0xDE, 0xDC, 0xDE, 0xFC, 0xDE,
    0xFC, 0xDE, 0xFC, 0xDE, 0xFC, 0xDE, 0xDC, 0xDE, 0xDC, 0xDE, 0xDC, 0xDE, 0xDC, 0xDE, 0xDC, 0xDE,
    0xDB, 0xDE, 0xFC, 0xE6, 0x9E, 0xF7, 0x9D, 0xF7, 0xBE, 0xF7, 0x59, 0xCE, 0x73, 0x8C, 0xB4, 0x94,
    0x93, 0x8C, 0x56, 0xAD, 0x7A, 0xCE, 0x5A, 0xCE, 0x5A, 0xCE, 0xDC, 0xDE, 0x3C, 0xE7, 0x1C, 0xE7,
    0x9E, 0xF7, 0x8F, 0x73, 0x04, 0x21, 0x66, 0x31, 0x66, 0x31, 0x6D, 0x21, 0x71, 0x21, 0x71, 0x21,
    0x71, 0x21, 0x71, 0x21, 0x6D, 0x21, 0x66, 0x29, 0x66, 0x29, 0x45, 0x29, 0x49, 0x4A, 0xBA, 0xD6,
    0x1C, 0xE7, 0x1C, 0xE7, 0xDC, 0xDE, 0x7A, 0xCE, 0x7A, 0xCE, 0x7A, 0xCE, 0xB7, 0xB5, 0x93, 0x8C,
    0xB4, 0x94, 0x93, 0x94, 0x7A, 0xCE, 0xBE, 0xF7, 0x9D, 0xF7, 0x9E, 0xF7, 0x3C, 0xE7, 0xDB, 0xDE,
    0xDC, 0xDE, 0xFC, 0xDE, 0xFC, 0xDE, 0xFC, 0xDE, 0xFC, 0xDE, 0xFC, 0xDE, 0xFC, 0xDE, 0xFC, 0xDE,
    0xFC, 0xDE, 0xFC, 0xDE, 0xFC, 0xDE, 0xFC, 0xDE, 0xFC, 0xDE, 0xFC, 0xDE, 0xFC, 0xDE, 0xFC, 0xDE,
    0xFC, 0xDE, 0xFC, 0xDE, 0xFC, 0xDE, 0xFC, 0xDE, 0xFC, 0xDE, 0xFC, 0xDE, 0xFC, 0xDE, 0xDC, 0xDE,
    0xFC, 0xDE, 0xFC, 0xDE, 0xFC, 0xDE, 0xFC, 0xDE, 0xDC, 0xDE, 0xDC, 0xDE, 0xDC, 0xDE, 0xDC, 0xDE,
    0xDC, 0xDE, 0xDC, 0xDE, 0xDC, 0xDE, 0xDC, 0xDE, 0xFC, 0xDE, 0xFC, 0xDE, 0xFC, 0xDE, 0xFC, 0xDE,
    0xFC, 0xDE, 0xFC, 0xDE, 0xFC, 0xDE, 0xFC, 0xDE, 0xFC, 0xDE, 0xFC, 0xDE, 0xFC, 0xDE, 0xFC, 0xDE,
    0xFC, 0xDE, 0xFC, 0xDE, 0xFC, 0xDE, 0xFC, 0xDE, 0xFC, 0xDE, 0xFC, 0xDE, 0xFC, 0xDE, 0xFC, 0xDE,
    0xFC, 0xDE, 0xFC, 0xDE, 0xFC, 0xDE, 0xFC, 0xDE, 0xFC, 0xDE, 0xFC, 0xDE, 0xFC, 0xDE, 0xFC, 0xDE,
    0xFC, 0xDE, 0xFC, 0xDE, 0xFC, 0xDE, 0xFC, 0xDE, 0xDC, 0xDE, 0xDC, 0xDE, 0xDC, 0xDE, 0xFC, 0xDE,
    0xFC, 0xDE, 0xFC, 0xDE, 0xFC, 0xDE, 0xDC, 0xDE, 0xDC, 0xDE, 0xDC, 0xDE, 0xFC, 0xDE, 0xFC, 0xDE,
    0xFC, 0xDE, 0xDC, 0xDE, 0xFC, 0xDE, 0xDC, 0xDE, 0xDC, 0xDE, 0xDC, 0xDE, 0xDC, 0xDE, 0xDC, 0xDE,
    0xDC, 0xDE, 0xDC, 0xDE, 0xDC, 0xDE, 0xDC, 0xDE, 0xDC, 0xDE, 0xDC, 0xDE, 0xDC, 0xDE, 0xDC, 0xDE,
    0xDC, 0xDE, 0xDC, 0xDE, 0xDC, 0xDE, 0xDC, 0xDE, 0xDC, 0xDE, 0xDC, 0xDE, 0xFC, 0xDE, 0xFC, 0xDE,
    0xFC, 0xDE, 0xFC, 0xDE, 0xFC, 0xDE, 0xFC, 0xDE, 0xDC, 0xDE, 0xDC, 0xDE, 0xDC, 0xDE, 0xDC, 0xDE,
    0xDC, 0xDE, 0xDC, 0xDE, 0xDC, 0xDE, 0xDC, 0xDE, 0xDC, 0xDE, 0xDC, 0xDE, 0xDC, 0xDE, 0xDC, 0xDE,
    0xFC, 0xDE, 0xFC, 0xDE, 0xFC, 0xDE, 0xFC, 0xDE, 0xFC, 0xDE, 0xFC, 0xDE, 0xDC, 0xDE, 0xDC, 0xDE,
    0xDC, 0xDE, 0xDC, 0xDE, 0xDC, 0xDE, 0xDC, 0xDE, 0xDC, 0xDE, 0xDC, 0xDE, 0xDC, 0xDE, 0xDC, 0xDE,
    0xDC, 0xDE, 0xDC, 0xDE, 0xDC, 0xDE, 0xDC, 0xDE, 0xDC, 0xDE, 0xDC, 0xDE, 0xDC, 0xDE, 0xDC, 0xDE,
    0xDC, 0xDE, 0xFC, 0xDE, 0xFC, 0xDE, 0xDC, 0xDE, 0xFC, 0xDE, 0xFC, 0xDE, 0xFC, 0xDE, 0xDC, 0xDE,
    0xFC, 0xDE, 0xFC, 0xDE, 0xFC, 0xDE, 0xFC, 0xDE, 0xFC, 0xDE, 0xFC, 0xDE, 0xFC, 0xDE, 0xFC, 0xDE,
    0xFC, 0xDE, 0xFC, 0xDE, 0xFC, 0xDE, 0xFC, 0xDE, 0xFC, 0xDE, 0xFC, 0xDE, 0xDC, 0xDE, 0xDC, 0xDE,
    0xDC, 0xDE, 0xDC, 0xDE, 0xDC, 0xDE, 0xDC, 0xDE, 0xDB, 0xDE, 0xFC, 0xDE, 0x9E, 0xF7, 0x9D, 0xF7,
    0xBE, 0xF7, 0x59, 0xCE, 0x73, 0x8C, 0xB4, 0x94, 0x73, 0x8C, 0x56, 0xAD, 0x7A, 0xCE, 0x7A, 0xCE,
    0x5A, 0xCE, 0xDC, 0xDE, 0x3D, 0xE7, 0x1C, 0xE7, 0x9E, 0xF7, 0x8E, 0x73, 0x04, 0x21, 0x66, 0x31,
    0x66, 0x29, 0x6D, 0x21, 0x71, 0x21, 0x71, 0x21, 0x71, 0x21, 0x71, 0x21, 0x6D, 0x21, 0x66, 0x29,
    0x66, 0x29, 0x45, 0x29, 0x49, 0x4A, 0xBB, 0xD6, 0x1C, 0xE7, 0x1C, 0xE7, 0xDC, 0xDE, 0x7A, 0xCE,
    0x7A, 0xCE, 0x7A, 0xCE, 0xB7, 0xB5, 0x93, 0x8C, 0xB4, 0x94, 0x93, 0x94, 0x7A, 0xCE, 0xBE, 0xF7,
    0x9D, 0xF7, 0x9E, 0xF7, 0x3C, 0xE7, 0xDB, 0xDE, 0xDC, 0xDE, 0xFC, 0xDE, 0xFC, 0xDE, 0xFC, 0xDE,
    0xFC, 0xDE, 0xFC, 0xDE, 0xFC, 0xDE, 0xFC, 0xDE, 0xFC, 0xDE, 0xFC, 0xDE, 0xFC, 0xDE, 0xFC, 0xDE,
    0xFC, 0xDE, 0xFC, 0xDE, 0xFC, 0xDE, 0xFC, 0xDE, 0xFC, 0xDE, 0xFC, 0xDE, 0xFC, 0xDE, 0xFC, 0xDE,
    0xFC, 0xDE, 0xFC, 0xDE, 0xDC, 0xDE, 0xDC, 0xDE, 0xDC, 0xDE, 0xFC, 0xDE, 0xFC, 0xDE, 0xFC, 0xDE,
    0xFC, 0xDE, 0xDC, 0xDE, 0xDC, 0xDE, 0xDC, 0xDE, 0xDC, 0xDE, 0xDC, 0xDE, 0xDC, 0xDE, 0xFC, 0xDE,
    0xFC, 0xDE, 0xFC, 0xDE, 0xFC, 0xDE, 0xFC, 0xDE, 0xFC, 0xDE, 0xFC, 0xDE, 0xFC, 0xDE, 0xFC, 0xDE,
    0xFC, 0xDE, 0xFC, 0xDE, 0xFC, 0xDE, 0xFC, 0xDE, 0xFC, 0xDE, 0xFC, 0xDE, 0xFC, 0xDE, 0xFC, 0xDE,
    0xFC, 0xDE, 0xFC, 0xDE, 0xFC, 0xDE, 0xFC, 0xDE, 0xFC, 0xDE, 0xFC, 0xDE, 0xFC, 0xDE, 0xFC, 0xDE,
    0xFC, 0xDE, 0xFC, 0xDE, 0xFC, 0xDE, 0xFC, 0xDE, 0xFC, 0xDE, 0xFC, 0xDE, 0xFC, 0xDE, 0xFC, 0xDE,
    0xDC, 0xDE, 0xDC, 0xDE, 0xDC, 0xDE, 0xFC, 0xDE, 0xFC, 0xDE, 0xFC, 0xDE, 0xFC, 0xDE, 0xDC, 0xDE,
    0xDC, 0xDE, 0xDC, 0xDE, 0xDC, 0xDE, 0xFC, 0xDE, 0xFC, 0xDE, 0xFC, 0xDE, 0xFC, 0xDE, 0xDC, 0xDE,
    0xDC, 0xDE, 0xDC, 0xDE, 0xDC, 0xDE, 0xDC, 0xDE, 0xDC, 0xDE, 0xDC, 0xDE, 0xDC, 0xDE, 0xDC, 0xDE,
    0xDC, 0xDE, 0xDC, 0xDE, 0xDC, 0xDE, 0xDC, 0xDE, 0xDC, 0xDE, 0xDC, 0xDE, 0xDC, 0xDE, 0xDC, 0xDE,
    0xDC, 0xDE, 0xDC, 0xDE, 0xFC, 0xDE, 0xFC, 0xDE, 0xFC, 0xDE, 0xFC, 0xDE, 0xFC, 0xDE, 0xFC, 0xDE,
    0xDC, 0xDE, 0xDC, 0xDE, 0xDC, 0xDE, 0xDC, 0xDE, 0xDC, 0xDE, 0xDC, 0xDE, 0xDC, 0xDE, 0xDC, 0xDE,
    0xDC, 0xDE, 0xDC, 0xDE, 0xDC, 0xDE, 0xDC, 0xDE, 0xDC, 0xDE, 0xDC, 0xDE, 0xFC, 0xDE, 0xFC, 0xDE,
    0xFC, 0xDE, 0xFC, 0xDE, 0xDC, 0xDE, 0xDC, 0xDE, 0xDC, 0xDE, 0xDC, 0xDE, 0xDC, 0xDE, 0xDC, 0xDE,
    0xDC, 0xDE, 0xDC, 0xDE, 0xDC, 0xDE, 0xDC, 0xDE, 0xDC, 0xDE, 0xDC, 0xDE, 0xDC, 0xDE, 0xDC, 0xDE,
    0xDC, 0xDE, 0xDC, 0xDE, 0xDC, 0xDE, 0xDC, 0xDE, 0xDC, 0xDE, 0xFC, 0xDE, 0xFC, 0xDE, 0xFC, 0xDE,
    0xDC, 0xDE, 0xFC, 0xDE, 0xFC, 0xDE, 0xFC, 0xDE, 0xFC, 0xDE, 0xFC, 0xDE, 0xFC, 0xDE, 0xFC, 0xDE,
    0xFC, 0xDE, 0xFC, 0xDE, 0xFC, 0xDE, 0xFC, 0xDE, 0xFC, 0xDE, 0xFC, 0xDE, 0xFC, 0xDE, 0xFC, 0xDE,
    0xFC, 0xDE, 0xFC, 0xDE, 0xDC, 0xDE, 0xDC, 0xDE, 0xDC, 0xDE, 0xDC, 0xDE, 0xDC, 0xDE, 0xDC, 0xDE,
    0xDB, 0xDE, 0xFC, 0xDE, 0x7D, 0xEF, 0x9D, 0xF7, 0xBE, 0xF7, 0x59, 0xCE, 0x73, 0x8C, 0x93, 0x94,
    0x73, 0x8C, 0x56, 0xAD, 0x7A, 0xCE, 0x7A, 0xCE, 0x5A, 0xCE, 0xDC, 0xDE, 0x3D, 0xE7, 0x1C, 0xE7,
    0x9E, 0xF7, 0x8E, 0x73, 0x04, 0x21, 0x66, 0x31, 0x66, 0x29, 0x6D, 0x21, 0x71, 0x21, 0x71, 0x21,
    0x71, 0x21, 0x71, 0x21, 0x6D, 0x21, 0x66, 0x29, 0x66, 0x29, 0x45, 0x29, 0x49, 0x4A, 0xBB, 0xD6,
    0x3C, 0xE7, 0x1C, 0xE7, 0xFC, 0xDE, 0x7A, 0xCE, 0x7A, 0xCE, 0x7B, 0xCE, 0xB7, 0xB5, 0x93, 0x8C,
    0x94, 0x94, 0x93, 0x8C, 0x7A, 0xCE, 0xBE, 0xF7, 0x9D, 0xF7, 0x9E, 0xF7, 0x3C, 0xE7, 0xDB, 0xDE,
    0xDC, 0xDE, 0xFC, 0xDE, 0xFC, 0xDE, 0xFC, 0xDE, 0xFC, 0xDE, 0xFC, 0xDE, 0xFC, 0xDE, 0xFC, 0xDE,
    0xFC, 0xDE, 0xFC, 0xDE, 0xFC, 0xDE, 0xFC, 0xDE, 0xFC, 0xDE, 0xFC, 0xDE, 0xFC, 0xDE, 0xFC, 0xDE,
    0xFC, 0xDE, 0xFC, 0xDE, 0xFC, 0xDE, 0xFC, 0xDE, 0xFC, 0xDE, 0xFC, 0xDE, 0xDC, 0xDE, 0xDC, 0xDE,
    0xDC, 0xDE, 0xDC, 0xDE, 0xDC, 0xDE, 0xFC, 0xDE, 0xFC, 0xDE, 0xDC, 0xDE, 0xDC, 0xDE, 0xDC, 0xDE,
    0xDC, 0xDE, 0xDC, 0xDE, 0xDC, 0xDE, 0xDC, 0xDE, 0xFC, 0xDE, 0xFC, 0xDE, 0xFC, 0xDE, 0xFC, 0xDE,
    0xFC, 0xDE, 0xFC, 0xDE, 0xFC, 0xDE, 0xFC, 0xDE, 0xFC, 0xDE, 0xFC, 0xDE, 0xFC, 0xDE, 0xFC, 0xDE,
    0xFC, 0xDE, 0xFC, 0xDE, 0xFC, 0xDE, 0xFC, 0xDE, 0xFC, 0xDE, 0xFC, 0xDE, 0xFC, 0xDE, 0xFC, 0xDE,
    0xFC, 0xDE, 0xFC, 0xDE, 0xFC, 0xDE, 0xFC, 0xDE, 0xFC, 0xDE, 0xFC, 0xDE, 0xFC, 0xDE, 0xFC, 0xDE,
    0xDC, 0xDE, 0xDC, 0xDE, 0xDC, 0xDE, 0xFC, 0xDE, 0xFC, 0xDE, 0xDC, 0xDE, 0xDC, 0xDE, 0xDC, 0xDE,
    0xDC, 0xDE, 0xDC, 0xDE, 0xDC, 0xDE, 0xDC, 0xDE, 0xDC, 0xDE, 0xDC, 0xDE, 0xDC, 0xDE, 0xDC, 0xDE,
    0xFC, 0xDE, 0xFC, 0xDE, 0xFC, 0xDE, 0xDC, 0xDE, 0xDC, 0xDE, 0xDC, 0xDE, 0xDC, 0xDE, 0xDC, 0xDE,
    0xDC, 0xDE, 0xDC, 0xDE, 0xDC, 0xDE, 0xDC, 0xDE, 0xDC, 0xDE, 0xDC, 0xDE, 0xDC, 0xDE, 0xDC, 0xDE,
    0xDC, 0xDE, 0xDC, 0xDE, 0xDC, 0xDE, 0xDC, 0xDE, 0xDC, 0xDE, 0xDC, 0xDE, 0xFC, 0xDE, 0xFC, 0xDE,
    0xFC, 0xDE, 0xFC, 0xDE, 0xFC, 0xDE, 0xFC, 0xDE, 0xDC, 0xDE, 0xDC, 0xDE, 0xDC, 0xDE, 0xDC, 0xDE,
    0xDC, 0xDE, 0xDC, 0xDE, 0xDC, 0xDE, 0xDC, 0xDE, 0xDC, 0xDE, 0xDC, 0xDE, 0xDC, 0xDE, 0xDC, 0xDE,
    0xDC, 0xDE, 0xDC, 0xDE, 0xFC, 0xDE, 0xFC, 0xDE, 0xFC, 0xDE, 0xFC, 0xDE, 0xDC, 0xDE, 0xDC, 0xDE,
    0xDC, 0xDE, 0xDC, 0xDE, 0xDC, 0xDE, 0xDC, 0xDE, 0xDC, 0xDE, 0xDC, 0xDE, 0xDC, 0xDE, 0xDC, 0xDE,
    0xDC, 0xDE, 0xDC, 0xDE, 0xDC, 0xDE, 0xDC, 0xDE, 0xDC, 0xDE, 0xDC, 0xDE, 0xDC, 0xDE, 0xDC, 0xDE,
    0xDC, 0xDE, 0xDC, 0xDE, 0xFC, 0xDE, 0xFC, 0xDE, 0xDC, 0xDE, 0xFC, 0xDE, 0xFC, 0xDE, 0xFC, 0xDE,
    0xFC, 0xDE, 0xFC, 0xDE, 0xFC, 0xDE, 0xFC, 0xDE, 0xFC, 0xDE, 0xFC, 0xDE, 0xFC, 0xDE, 0xFC, 0xDE,
    0xFC, 0xDE, 0xFC, 0xDE, 0xFC, 0xDE, 0xFC, 0xDE, 0xFC, 0xDE, 0xFC, 0xDE, 0xDC, 0xDE, 0xDC, 0xDE,
    0xDC, 0xDE, 0xDC, 0xDE, 0xDC, 0xDE, 0xDC, 0xDE, 0xDB, 0xDE, 0xFC, 0xDE, 0x7E, 0xF7, 0x9D, 0xF7,
    0xBE, 0xF7, 0x59, 0xCE, 0x73, 0x8C, 0x93, 0x8C, 0x73, 0x8C, 0x56, 0xAD, 0x7A, 0xCE, 0x7A, 0xCE,
    0x5A, 0xCE, 0xDC, 0xDE, 0x3D, 0xE7, 0x1C, 0xE7, 0x9E, 0xF7, 0x8E, 0x73, 0x04, 0x21, 0x66, 0x31,
    0x66, 0x29, 0x6D, 0x21, 0x71, 0x21, 0x71, 0x21, 0x71, 0x21, 0x71, 0x21, 0x6D, 0x21, 0x66, 0x29,
    0x66, 0x29, 0x45, 0x29, 0x49, 0x4A, 0xBB, 0xD6, 0x3C, 0xE7, 0x1C, 0xE7, 0xFC, 0xDE, 0x7A, 0xCE,
    0x7A, 0xCE, 0x7A, 0xCE, 0x97, 0xB5, 0x73, 0x8C, 0x94, 0x94, 0x93, 0x8C, 0x7A, 0xCE, 0xBE, 0xF7,
    0x9D, 0xF7, 0x9E, 0xF7, 0x3C, 0xE7, 0xDB, 0xDE, 0xDC, 0xDE, 0xDC, 0xDE, 0xDC, 0xDE, 0xFB, 0xDE,
    0xFC, 0xDE, 0xFC, 0xDE, 0xFC, 0xDE, 0xFC, 0xDE, 0xFC, 0xDE, 0xFC, 0xDE, 0xFC, 0xDE, 0xDC, 0xDE,
    0xFC, 0xDE, 0xFC, 0xDE, 0xFC, 0xDE, 0xFC, 0xDE, 0xFC, 0xDE, 0xFC, 0xDE, 0xFC, 0xDE, 0xFC, 0xDE,
    0xDC, 0xDE, 0xDC, 0xDE, 0xDC, 0xDE, 0xDC, 0xDE, 0xDC, 0xDE, 0xDC, 0xDE, 0xDC, 0xDE, 0xDC, 0xDE,
    0xFC, 0xDE, 0xDC, 0xDE, 0xDC, 0xDE, 0xDC, 0xDE, 0xDC, 0xDE, 0xDC, 0xDE, 0xDC, 0xDE, 0xDC, 0xDE,
    0xDC, 0xDE, 0xFC, 0xDE, 0xFC, 0xDE, 0xFC, 0xDE, 0xFC, 0xDE, 0xFC, 0xDE, 0xFC, 0xDE, 0xFC, 0xDE,
    0xFC, 0xDE, 0xFC, 0xDE, 0xFC, 0xDE, 0xFC, 0xDE, 0xFC, 0xDE, 0xFC, 0xDE, 0xFC, 0xDE, 0xFC, 0xDE,
    0xFC, 0xDE, 0xFC, 0xDE, 0xFC, 0xDE, 0xFC, 0xDE, 0xFC, 0xDE, 0xFC, 0xDE, 0xFC, 0xDE, 0xFC, 0xDE,
    0xFC, 0xDE, 0xFC, 0xDE, 0xFC, 0xDE, 0xFC, 0xDE, 0xFC, 0xDE, 0xFC, 0xDE, 0xFC, 0xDE, 0xFC, 0xDE,
    0xDC, 0xDE, 0xDC, 0xDE, 0xDC, 0xDE, 0xDC, 0xDE, 0xDC, 0xDE, 0xDC, 0xDE, 0xDC, 0xDE, 0xDC, 0xDE,
    0xDC, 0xDE, 0xDC, 0xDE, 0xFC, 0xDE, 0xDC, 0xDE, 0xDC, 0xDE, 0xDC, 0xDE, 0xDC, 0xDE, 0xDC, 0xDE,
    0xDC, 0xDE, 0xDC, 0xDE, 0xDC, 0xDE, 0xDC, 0xDE, 0xDC, 0xDE, 0xDC, 0xDE, 0xDC, 0xDE, 0xDC, 0xDE,
    0xDC, 0xDE, 0xDC, 0xDE, 0xDC, 0xDE, 0xDC, 0xDE, 0xDC, 0xDE, 0xDC, 0xDE, 0xDC, 0xDE, 0xDC, 0xDE,
    0xDC, 0xDE, 0xDC, 0xDE, 0xDC, 0xDE, 0xFC, 0xDE, 0xFC, 0xDE, 0xFC, 0xDE, 0xDC, 0xDE, 0xFC, 0xDE,
    0xFC, 0xDE, 0xDC, 0xDE, 0xDC, 0xDE, 0xDC, 0xDE, 0xDC, 0xDE, 0xDC, 0xDE, 0xDC, 0xDE, 0xDC, 0xDE,
    0xDC, 0xDE, 0xDC, 0xDE, 0xDC, 0xDE, 0xDC, 0xDE, 0xDC, 0xDE, 0xDC, 0xDE, 0xDC, 0xDE, 0xDC, 0xDE,
    0xDC, 0xDE, 0xDC, 0xDE, 0xDC, 0xDE, 0xDC, 0xDE, 0xDC, 0xDE, 0xDC, 0xDE, 0xDC, 0xDE, 0xDC, 0xDE,
    0xDC, 0xDE, 0xDC, 0xDE, 0xDC, 0xDE, 0xDC, 0xDE, 0xDC, 0xDE, 0xDC, 0xDE, 0xDC, 0xDE, 0xDC, 0xDE,
    0xDC, 0xDE, 0xDC, 0xDE, 0xDC, 0xDE, 0xDC, 0xDE, 0xFC, 0xDE, 0xFC, 0xDE, 0xDC, 0xDE, 0xDC, 0xDE,
    0xDC, 0xDE, 0xDC, 0xDE, 0xDC, 0xDE, 0xFC, 0xDE, 0xDC, 0xDE, 0xFC, 0xDE, 0xFC, 0xDE, 0xFC, 0xDE,
    0xFC, 0xDE, 0xFC, 0xDE, 0xFC, 0xDE, 0xFC, 0xDE, 0xFC, 0xDE, 0xFC, 0xDE, 0xFC, 0xDE, 0xFC, 0xDE,
    0xFC, 0xDE, 0xFC, 0xDE, 0xFC, 0xDE, 0xDC, 0xDE, 0xDC, 0xDE, 0xDC, 0xDE, 0xDC, 0xDE, 0xDC, 0xDE,
    0xDB, 0xDE, 0xFC, 0xDE, 0x9E, 0xF7, 0x9D, 0xF7, 0xBE, 0xF7, 0x59, 0xCE, 0x73, 0x8C, 0x94, 0x94,
    0x73, 0x8C, 0x56, 0xAD, 0x7A, 0xCE, 0x5A, 0xCE, 0x5A, 0xCE, 0xFC, 0xDE, 0x3D, 0xE7, 0x1C, 0xE7,
    0x7E, 0xEF, 0x8E, 0x73, 0x05, 0x21, 0x86, 0x31, 0x66, 0x29, 0x6D, 0x21, 0x71, 0x21, 0x71, 0x21,
    0x71, 0x21, 0x71, 0x21, 0x6D, 0x21, 0x66, 0x29, 0x66, 0x29, 0x45, 0x29, 0x49, 0x4A, 0xBA, 0xD6,
    0x3C, 0xE7, 0x1C, 0xE7, 0xFC, 0xDE, 0x7A, 0xCE, 0x7A, 0xCE, 0x7A, 0xCE, 0x97, 0xB5, 0x73, 0x8C,
    0x94, 0x94, 0x93, 0x8C, 0x7A, 0xCE, 0xBE, 0xF7, 0x9D, 0xF7, 0x9E, 0xF7, 0x3C, 0xE7, 0xDB, 0xDE,
    0xDC, 0xDE, 0xDC, 0xDE, 0xDC, 0xDE, 0xFB, 0xDE, 0xFC, 0xDE, 0xFC, 0xDE, 0xFC, 0xDE, 0xFC, 0xDE,
    0xFC, 0xDE, 0xFC, 0xDE, 0xFC, 0xDE, 0xFC, 0xDE, 0xFC, 0xDE, 0xFC, 0xDE, 0xFC, 0xDE, 0xFC, 0xDE,
    0xFC, 0xDE, 0xFC, 0xDE, 0xFC, 0xDE, 0xFC, 0xDE, 0xDC, 0xDE, 0xDC, 0xDE, 0xDC, 0xDE, 0xDC, 0xDE,
    0xDC, 0xDE, 0xDC, 0xDE, 0xDC, 0xDE, 0xDC, 0xDE, 0xDC, 0xDE, 0xDC, 0xDE, 0xDC, 0xDE, 0xDC, 0xDE,
    0xDC, 0xDE, 0xDC, 0xDE, 0xDC, 0xDE, 0xDC, 0xDE, 0xDC, 0xDE, 0xFC, 0xDE, 0xFC, 0xDE, 0xDC, 0xDE,
    0xFC, 0xDE, 0xFC, 0xDE, 0xFC, 0xDE, 0xFC, 0xDE, 0xFC, 0xDE, 0xFC, 0xDE, 0xFC, 0xDE, 0xFC, 0xDE,
    0xFC, 0xDE, 0xFC, 0xDE, 0xFC, 0xDE, 0xFC, 0xDE, 0xFC, 0xDE, 0xFC, 0xDE, 0xFC, 0xDE, 0xFC, 0xDE,
    0xFC, 0xDE, 0xFC, 0xDE, 0xFC, 0xDE, 0xFC, 0xDE, 0xFC, 0xDE, 0xFC, 0xDE, 0xFC, 0xDE, 0xFC, 0xDE,
    0xFC, 0xDE, 0xDC, 0xDE, 0xFC, 0xDE, 0xFC, 0xDE, 0xDC, 0xDE, 0xDC, 0xDE, 0xDC, 0xDE, 0xDC, 0xDE,
    0xDC, 0xDE, 0xDC, 0xDE, 0xDC, 0xDE, 0xFC, 0xDE, 0xDC, 0xDE, 0xDC, 0xDE, 0xDC, 0xDE, 0xDC, 0xDE,
    0xFC, 0xDE, 0xFC, 0xDE, 0xDC, 0xDE, 0xDC, 0xDE, 0xDC, 0xDE, 0xDC, 0xDE, 0xDC, 0xDE, 0xDC, 0xDE,
    0xDC, 0xDE, 0xDC, 0xDE, 0xDC, 0xDE, 0xDC, 0xDE, 0xDC, 0xDE, 0xDC, 0xDE, 0xDC, 0xDE, 0xDC, 0xDE,
    0xDC, 0xDE, 0xDC, 0xDE, 0xDC, 0xDE, 0xDC, 0xDE, 0xDC, 0xDE, 0xDC, 0xDE, 0xDC, 0xDE, 0xFC, 0xDE,
    0xFC, 0xDE, 0xFC, 0xDE, 0xDC, 0xDE, 0xFC, 0xDE, 0xFC, 0xDE, 0xDC, 0xDE, 0xDC, 0xDE, 0xDC, 0xDE,
    0xDC, 0xDE, 0xDC, 0xDE, 0xDC, 0xDE, 0xDC, 0xDE, 0xDC, 0xDE, 0xDC, 0xDE, 0xDC, 0xDE, 0xDC, 0xDE,
    0xDC, 0xDE, 0xDC, 0xDE, 0xDC, 0xDE, 0xDC, 0xDE, 0xDC, 0xDE, 0xDC, 0xDE, 0xDC, 0xDE, 0xDC, 0xDE,
    0xDC, 0xDE, 0xDC, 0xDE, 0xDC, 0xDE, 0xDC, 0xDE, 0xDC, 0xDE, 0xDC, 0xDE, 0xDB, 0xDE, 0xDC, 0xDE,
    0xDC, 0xDE, 0xDC, 0xDE, 0xDC, 0xDE, 0xDC, 0xDE, 0xDC, 0xDE, 0xDC, 0xDE, 0xDC, 0xDE, 0xDC, 0xDE,
    0xFC, 0xDE, 0xDC, 0xDE, 0xDC, 0xDE, 0xFC, 0xDE, 0xFC, 0xDE, 0xFC, 0xDE, 0xFC, 0xDE, 0xFC, 0xDE,
    0xDC, 0xDE, 0xFC, 0xDE, 0xFC, 0xDE, 0xFC, 0xDE, 0xFC, 0xDE, 0xFC, 0xDE, 0xFC, 0xDE, 0xFC, 0xDE,
    0xFC, 0xDE, 0xFC, 0xDE, 0xFC, 0xDE, 0xFC, 0xDE, 0xFC, 0xDE, 0xFC, 0xDE, 0xFC, 0xDE, 0xDC, 0xDE,
    0xDC, 0xDE, 0xDC, 0xDE, 0xDC, 0xDE, 0xDC, 0xDE, 0xDC, 0xDE, 0xFC, 0xDE, 0x9E, 0xF7, 0x9D, 0xF7,
    0xDE, 0xFF, 0x59, 0xCE, 0x73, 0x8C, 0x93, 0x8C, 0x73, 0x8C, 0x56, 0xAD, 0x7A, 0xCE, 0x7A, 0xCE,
    0x5A, 0xCE, 0xDC, 0xDE, 0x3D, 0xE7, 0x1C, 0xE7, 0x7E, 0xEF, 0x8E, 0x73, 0x05, 0x21, 0x86, 0x31,
    0x66, 0x29, 0x6D, 0x21, 0x71, 0x21, 0x71, 0x21, 0x71, 0x21, 0x71, 0x21, 0x6D, 0x21, 0x86, 0x31,
    0x66, 0x29, 0x45, 0x29, 0x49, 0x4A, 0xBA, 0xD6, 0x3C, 0xE7, 0x1C, 0xE7, 0xFC, 0xDE, 0x7A, 0xCE,
    0x7A, 0xCE, 0x7A, 0xCE, 0x97, 0xB5, 0x73, 0x8C, 0x94, 0x94, 0x93, 0x8C, 0x7A, 0xCE, 0xBE, 0xF7,
    0x9D, 0xF7, 0x9E, 0xF7, 0x3C, 0xE7, 0xDB, 0xDE, 0xDC, 0xDE, 0xDC, 0xDE, 0xDC, 0xDE, 0xFB, 0xDE,
    0xFC, 0xDE, 0xFC, 0xDE, 0xFC, 0xDE, 0xFC, 0xDE, 0xFC, 0xDE, 0xFC, 0xDE, 0xFC, 0xDE, 0xFC, 0xDE,
    0xFC, 0xDE, 0xFC, 0xDE, 0xFC, 0xDE, 0xFC, 0xDE, 0xFC, 0xDE, 0xFC, 0xDE, 0xFC, 0xDE, 0xFC, 0xDE,
    0xDC, 0xDE, 0xDC, 0xDE, 0xDC, 0xDE, 0xDC, 0xDE, 0xDC, 0xDE, 0xDC, 0xDE, 0xDC, 0xDE, 0xDC, 0xDE,
    0xDC, 0xDE, 0xDC, 0xDE, 0xDC, 0xDE, 0xDC, 0xDE, 0xDC, 0xDE, 0xDC, 0xDE, 0xDC, 0xDE, 0xDC, 0xDE,
    0xDC, 0xDE, 0xFC, 0xDE, 0xFC, 0xDE, 0xDC, 0xDE, 0xFC, 0xDE, 0xFC, 0xDE, 0xFC, 0xDE, 0xFC, 0xDE,
    0xFC, 0xDE, 0xFC, 0xDE, 0xFC, 0xDE, 0xFC, 0xDE, 0xFC, 0xDE, 0xFC, 0xDE, 0xFC, 0xDE, 0xFC, 0xDE,
    0xFC, 0xDE, 0xFC, 0xDE, 0xFC, 0xDE, 0xFC, 0xDE, 0xFC, 0xDE, 0xFC, 0xDE, 0xFC, 0xDE, 0xFC, 0xDE,
    0xFC, 0xDE, 0xFC, 0xDE, 0xFC, 0xDE, 0xFC, 0xDE, 0xDC, 0xDE, 0xDC, 0xDE, 0xDC, 0xDE, 0xFC, 0xDE,
    0xDC, 0xDE, 0xDC, 0xDE, 0xDC, 0xDE, 0xDC, 0xDE, 0xDC, 0xDE, 0xDC, 0xDE, 0xDC, 0xDE, 0xDC, 0xDE,
    0xDC, 0xDE, 0xDC, 0xDE, 0xDC, 0xDE, 0xDC, 0xDE, 0xDC, 0xDE, 0xDC, 0xDE, 0xDC, 0xDE, 0xDC, 0xDE,
    0xDC, 0xDE, 0xDC, 0xDE, 0xDC, 0xDE, 0xDC, 0xDE, 0xDC, 0xDE, 0xDC, 0xDE, 0xDC, 0xDE, 0xDC, 0xDE,
    0xDC, 0xDE, 0xDC, 0xDE, 0xDC, 0xDE, 0xDC, 0xDE, 0xDC, 0xDE, 0xDC, 0xDE, 0xDC, 0xDE, 0xDC, 0xDE,
    0xDC, 0xDE, 0xDC, 0xDE, 0xDC, 0xDE, 0xFC, 0xDE, 0xFC, 0xDE, 0xFC, 0xDE, 0xDC, 0xDE, 0xFC, 0xDE,
    0xFC, 0xDE, 0xDC, 0xDE, 0xDC, 0xDE, 0xDC, 0xDE, 0xDC, 0xDE, 0xDC, 0xDE, 0xDC, 0xDE, 0xDC, 0xDE,
    0xDC, 0xDE, 0xDC, 0xDE, 0xDC, 0xDE, 0xDC, 0xDE, 0xDC, 0xDE, 0xDC, 0xDE, 0xDC, 0xDE, 0xDC, 0xDE,
    0xDC, 0xDE, 0xDC, 0xDE, 0xDC, 0xDE, 0xDC, 0xDE, 0xDC, 0xDE, 0xDC, 0xDE, 0xDC, 0xDE, 0xDC, 0xDE,
    0xDC, 0xDE, 0xDC, 0xDE, 0xDC, 0xDE, 0xDC, 0xDE, 0xDC, 0xDE, 0xDC, 0xDE, 0xDC, 0xDE, 0xDC, 0xDE,
    0xDC, 0xDE, 0xDC, 0xDE, 0xDC, 0xDE, 0xDC, 0xDE, 0xFC, 0xDE, 0xFC, 0xDE, 0xDC, 0xDE, 0xFC, 0xDE,
    0xFC, 0xDE, 0xFC, 0xDE, 0xFC, 0xDE, 0xFC, 0xDE, 0xDC, 0xDE, 0xFC, 0xDE, 0xFC, 0xDE, 0xFC, 0xDE,
    0xFC, 0xDE, 0xFC, 0xDE, 0xFC, 0xDE, 0xFC, 0xDE, 0xFC, 0xDE, 0xFC, 0xDE, 0xFC, 0xDE, 0xDC, 0xDE,
    0xDC, 0xDE, 0xDC, 0xDE, 0xFC, 0xDE, 0xDC, 0xDE, 0xDC, 0xDE, 0xDC, 0xDE, 0xDC, 0xDE, 0xDC, 0xDE,
    0xDB, 0xDE, 0xFC, 0xDE, 0x9E, 0xF7, 0x9D, 0xF7, 0xBE, 0xFF, 0x59, 0xCE, 0x73, 0x8C, 0x93, 0x8C,
    0x73, 0x8C, 0x56, 0xAD, 0x7A, 0xCE, 0x5A, 0xCE, 0x5A, 0xCE, 0xDC, 0xDE, 0x3D, 0xE7, 0x1C, 0xE7,
    0x7E, 0xEF, 0x8E, 0x73, 0x05, 0x21, 0x86, 0x31, 0x66, 0x29, 0x6D, 0x21, 0x71, 0x21, 0x71, 0x21,
    0x71, 0x21, 0x71, 0x21, 0x6D, 0x21, 0x86, 0x31, 0x66, 0x29, 0x45, 0x29, 0x49, 0x4A, 0xBA, 0xD6,
    0x3C, 0xE7, 0x1C, 0xE7, 0xFC, 0xDE, 0x7A, 0xCE, 0x5A, 0xCE, 0x7A, 0xCE, 0x97, 0xB5, 0x73, 0x8C,
    0x94, 0x94, 0x93, 0x8C, 0x7A, 0xCE, 0xBE, 0xF7, 0x9D, 0xF7, 0x9E, 0xF7, 0x3C, 0xE7, 0xDB, 0xDE,
    0xDC, 0xDE, 0xDC, 0xDE, 0xDC, 0xDE, 0xFB, 0xDE, 0xFC, 0xDE, 0xFC, 0xDE, 0xFC, 0xDE, 0xFC, 0xDE,
    0xFC, 0xDE, 0xFC, 0xDE, 0xFC, 0xDE, 0xFC, 0xDE, 0xFC, 0xDE, 0xFC, 0xDE, 0xFC, 0xDE, 0xFC, 0xDE,
    0xFC, 0xDE, 0xFC, 0xDE, 0xFC, 0xDE, 0xFC, 0xDE, 0xDC, 0xDE, 0xDC, 0xDE, 0xDC, 0xDE, 0xDC, 0xDE,
    0xDC, 0xDE, 0xFC, 0xDE, 0xFC, 0xDE, 0xDC, 0xDE, 0xDC, 0xDE, 0xDC, 0xDE, 0xDC, 0xDE, 0xDC, 0xDE,
    0xDC, 0xDE, 0xDC, 0xDE, 0xDC, 0xDE, 0xDC, 0xDE, 0xDC, 0xDE, 0xFC, 0xDE, 0xFC, 0xDE, 0xDC, 0xDE,
    0xFC, 0xDE, 0xFC, 0xDE, 0xFC, 0xDE, 0xFC, 0xDE, 0xFC, 0xDE, 0xFC, 0xDE, 0xFC, 0xDE, 0xFC, 0xDE,
    0xFC, 0xDE, 0xFC, 0xDE, 0xFC, 0xDE, 0xFC, 0xDE, 0xFC, 0xDE, 0xFC, 0xDE, 0xFC, 0xDE, 0xFC, 0xDE,
    0xFC, 0xDE, 0xFC, 0xDE, 0xFC, 0xDE, 0xFC, 0xDE, 0xFC, 0xDE, 0xFC, 0xDE, 0xFC, 0xDE, 0xFC, 0xDE,
    0xDC, 0xDE, 0xDC, 0xDE, 0xDC, 0xDE, 0xFC, 0xDE, 0xDC, 0xDE, 0xDC, 0xDE, 0xDC, 0xDE, 0xDC, 0xDE,
    0xDC, 0xDE, 0xDC, 0xDE, 0xDC, 0xDE, 0xDC, 0xDE, 0xDC, 0xDE, 0xDC, 0xDE, 0xFC, 0xDE, 0xDC, 0xDE,
    0xDC, 0xDE, 0xDC, 0xDE, 0xDC, 0xDE, 0xDC, 0xDE, 0xDC, 0xDE, 0xDC, 0xDE, 0xDC, 0xDE, 0xDC, 0xDE,
    0xDC, 0xDE, 0xDC, 0xDE, 0xDC, 0xDE, 0xDC, 0xDE, 0xDC, 0xDE, 0xDC, 0xDE, 0xDC, 0xDE, 0xDC, 0xDE,
    0xDC, 0xDE, 0xDC, 0xDE, 0xDC, 0xDE, 0xDC, 0xDE, 0xDC, 0xDE, 0xDC, 0xDE, 0xDC, 0xDE, 0xFC, 0xDE,
    0xFC, 0xDE, 0xFC, 0xDE, 0xDC, 0xDE, 0xFC, 0xDE, 0xFC, 0xDE, 0xDC, 0xDE, 0xDC, 0xDE, 0xDC, 0xDE,
    0xDC, 0xDE, 0xDC, 0xDE, 0xDC, 0xDE, 0xDC, 0xDE, 0xDC, 0xDE, 0xDC, 0xDE, 0xDC, 0xDE, 0xDC, 0xDE,
    0xDC, 0xDE, 0xDC, 0xDE, 0xDC, 0xDE, 0xDC, 0xDE, 0xDC, 0xDE, 0xDC, 0xDE, 0xDC, 0xDE, 0xDC, 0xDE,
    0xDC, 0xDE, 0xDC, 0xDE, 0xDC, 0xDE, 0xDC, 0xDE, 0xDC, 0xDE, 0xDC, 0xDE, 0xDC, 0xDE, 0xDC, 0xDE,
    0xDC, 0xDE, 0xDC, 0xDE, 0xDC, 0xDE, 0xDC, 0xDE, 0xDC, 0xDE, 0xDC, 0xDE, 0xDC, 0xDE, 0xDC, 0xDE,
    0xFC, 0xDE, 0xFC, 0xDE, 0xDC, 0xDE, 0xDC, 0xDE, 0xFC, 0xDE, 0xFC, 0xDE, 0xFC, 0xDE, 0xFC, 0xDE,
    0xDC, 0xDE, 0xFC, 0xDE, 0xFC, 0xDE, 0xFC, 0xDE, 0xFC, 0xDE, 0xFC, 0xDE, 0xFC, 0xDE, 0xFC, 0xDE,
    0xFC, 0xDE, 0xFC, 0xDE, 0xFC, 0xDE, 0xDC, 0xDE, 0xDC, 0xDE, 0xDC, 0xDE, 0xFC, 0xDE, 0xDC, 0xDE,
    0xDC, 0xDE, 0xDC, 0xDE, 0xDC, 0xDE, 0xDC, 0xDE, 0xDB, 0xDE, 0xFC, 0xDE, 0x9E, 0xF7, 0x9D, 0xF7,
    0xBE, 0xF7, 0x39, 0xCE, 0x73, 0x8C, 0x93, 0x8C, 0x73, 0x8C, 0x56, 0xAD, 0x7A, 0xCE, 0x5A, 0xCE,
    0x5A, 0xCE, 0xFC, 0xDE, 0x3D, 0xE7, 0x1C, 0xE7, 0x7E, 0xEF, 0x8E, 0x73, 0x05, 0x21, 0x86, 0x31,
    0x66, 0x29, 0x6D, 0x21, 0x71, 0x21, 0x71, 0x21, 0x71, 0x21, 0x71, 0x21, 0x6D, 0x21, 0x66, 0x29,
    0x66, 0x29, 0x45, 0x29, 0x49, 0x4A, 0xDB, 0xDE, 0x3C, 0xE7, 0x1C, 0xE7, 0xFC, 0xDE, 0x7A, 0xCE,
    0x5A, 0xCE, 0x7A, 0xCE, 0x97, 0xB5, 0x73, 0x8C, 0x94, 0x94, 0x93, 0x8C, 0x7A, 0xCE, 0xBE, 0xF7,
    0x9D, 0xF7, 0x9E, 0xF7, 0x3C, 0xE7, 0xDB, 0xDE, 0xDC, 0xDE, 0xDC, 0xDE, 0xFC, 0xDE, 0xFC, 0xDE,
    0xDC, 0xDE, 0xDC, 0xDE, 0xFC, 0xDE, 0xFC, 0xDE, 0xFC, 0xDE, 0xFC, 0xDE, 0xFC, 0xDE, 0xFC, 0xDE,
    0xFC, 0xDE, 0xFC, 0xDE, 0xFC, 0xDE, 0xFC, 0xDE, 0xFC, 0xDE, 0xFC, 0xDE, 0xFC, 0xDE, 0xFC, 0xDE,
    0xDC, 0xDE, 0xDC, 0xDE, 0xDC, 0xDE, 0xDC, 0xDE, 0xDC, 0xDE, 0xDC, 0xDE, 0xFC, 0xDE, 0xFC, 0xDE,
    0xDC, 0xDE, 0xDC, 0xDE, 0xDC, 0xDE, 0xFC, 0xDE, 0xFC, 0xDE, 0xDC, 0xDE, 0xDC, 0xDE, 0xDC, 0xDE,
    0xDC, 0xDE, 0xFC, 0xDE, 0xFC, 0xDE, 0xFC, 0xDE, 0xFC, 0xDE, 0xFC, 0xDE, 0xFC, 0xDE, 0xFC, 0xDE,
    0xFC, 0xDE, 0xFC, 0xDE, 0xFC, 0xDE, 0xFC, 0xDE, 0xFC, 0xDE, 0xFC, 0xDE, 0xFC, 0xDE, 0xFC, 0xDE,
    0xFC, 0xDE, 0xFC, 0xDE, 0xFC, 0xDE, 0xFC, 0xDE, 0xFC, 0xDE, 0xFC, 0xDE, 0xFC, 0xDE, 0xFC, 0xDE,
    0xFC, 0xDE, 0xFC, 0xDE, 0xFC, 0xDE, 0xFC, 0xDE, 0xDC, 0xDE, 0xDC, 0xDE, 0xDC, 0xDE, 0xDC, 0xDE,
    0xDC, 0xDE, 0xDC, 0xDE, 0xDC, 0xDE, 0xDC, 0xDE, 0xDC, 0xDE, 0xDC, 0xDE, 0xDC, 0xDE, 0xDC, 0xDE,
    0xFC, 0xDE, 0xDC, 0xDE, 0xDC, 0xDE, 0xDC, 0xDE, 0xDC, 0xDE, 0xDC, 0xDE, 0xDC, 0xDE, 0xDC, 0xDE,
    0xDC, 0xDE, 0xDC, 0xDE, 0xDC, 0xDE, 0xDC, 0xDE, 0xDC, 0xDE, 0xDC, 0xDE, 0xDC, 0xDE, 0xDC, 0xDE,
    0xDC, 0xDE, 0xDC, 0xDE, 0xFC, 0xDE, 0xFC, 0xDE, 0xDC, 0xDE, 0xFC, 0xDE, 0xFC, 0xDE, 0xDC, 0xDE,
    0xDC, 0xDE, 0xDC, 0xDE, 0xDC, 0xDE, 0xDC, 0xDE, 0xDC, 0xDE, 0xDC, 0xDE, 0xDC, 0xDE, 0xFC, 0xDE,
    0xFC, 0xDE, 0xDC, 0xDE, 0xDC, 0xDE, 0xDC, 0xDE, 0xDC, 0xDE, 0xDC, 0xDE, 0xDC, 0xDE, 0xDC, 0xDE,
    0xDC, 0xDE, 0xDC, 0xDE, 0xDC, 0xDE, 0xDC, 0xDE, 0xDC, 0xDE, 0xDC, 0xDE, 0xFC, 0xDE, 0xDC, 0xDE,
    0xDC, 0xDE, 0xDC, 0xDE, 0xDC, 0xDE, 0xDC, 0xDE, 0xDC, 0xDE, 0xDC, 0xDE, 0xDC, 0xDE, 0xDC, 0xDE,
    0xDC, 0xDE, 0xDC, 0xDE, 0xDC, 0xDE, 0xDC, 0xDE, 0xDC, 0xDE, 0xDC, 0xDE, 0xDC, 0xDE, 0xDC, 0xDE,
    0xDC, 0xDE, 0xDC, 0xDE, 0xDC, 0xDE, 0xDC, 0xDE, 0xFC, 0xDE, 0xFC, 0xDE, 0xFC, 0xDE, 0xFC, 0xDE,
    0xFC, 0xDE, 0xFC, 0xDE, 0xFC, 0xDE, 0xFC, 0xDE, 0xFC, 0xDE, 0xFC, 0xDE, 0xFC, 0xDE, 0xFC, 0xDE,
    0xFC, 0xDE, 0xFC, 0xDE, 0xFC, 0xDE, 0xFC, 0xDE, 0xFC, 0xDE, 0xFC, 0xDE, 0xFC, 0xDE, 0xFC, 0xDE,
    0xFC, 0xDE, 0xDC, 0xDE, 0xDC, 0xDE, 0xFC, 0xDE, 0xDC, 0xDE, 0xDC, 0xDE, 0xDC, 0xDE, 0xDC, 0xDE,
    0xDC, 0xDE, 0xFC, 0xDE, 0x9E, 0xF7, 0x9D, 0xF7, 0xBE, 0xF7, 0x39, 0xCE, 0x52, 0x8C, 0x93, 0x8C,
    0x73, 0x8C, 0x56, 0xAD, 0x7A, 0xCE, 0x7A, 0xCE, 0x5A, 0xCE, 0xDC, 0xDE, 0x3C, 0xE7, 0x1C, 0xE7,
    0x7E, 0xEF, 0xAE, 0x73, 0x05, 0x21, 0x86, 0x31, 0x66, 0x29, 0x6D, 0x21, 0x71, 0x21, 0x71, 0x21,
    0x71, 0x21, 0x71, 0x21, 0x6D, 0x21, 0x66, 0x29, 0x66, 0x29, 0x45, 0x29, 0x49, 0x4A, 0xDB, 0xDE,
    0x3C, 0xE7, 0x1C, 0xE7, 0xFC, 0xDE, 0x7A, 0xCE, 0x7A, 0xCE, 0x7B, 0xD6, 0x97, 0xB5, 0x73, 0x8C,
    0x94, 0x94, 0x73, 0x8C, 0x7A, 0xCE, 0xBE, 0xF7, 0x9D, 0xF7, 0x9E, 0xF7, 0x3C, 0xE7, 0xDB, 0xDE,
    0xDC, 0xDE, 0xDC, 0xDE, 0xDC, 0xDE, 0xFB, 0xDE, 0xDC, 0xDE, 0xFC, 0xDE, 0xFC, 0xDE, 0xFC, 0xDE,
    0xFC, 0xDE, 0xFC, 0xDE, 0xFC, 0xDE, 0xFC, 0xDE, 0xFC, 0xDE, 0xFC, 0xDE, 0xFC, 0xDE, 0xFC, 0xDE,
    0xFC, 0xDE, 0xFC, 0xDE, 0xFC, 0xDE, 0xFC, 0xDE, 0xDC, 0xDE, 0xDC, 0xDE, 0xDC, 0xDE, 0xDC, 0xDE,
    0xDC, 0xDE, 0xDC, 0xDE, 0xFC, 0xDE, 0xFC, 0xDE, 0xFC, 0xDE, 0xFC, 0xDE, 0xDC, 0xDE, 0xFC, 0xDE,
    0xFC, 0xDE, 0xFC, 0xDE, 0xFC, 0xDE, 0xFC, 0xDE, 0xDC, 0xDE, 0xFC, 0xDE, 0xFC, 0xDE, 0xFC, 0xDE,
    0xFC, 0xDE, 0xFC, 0xDE, 0xFC, 0xDE, 0xFC, 0xDE, 0xFC, 0xDE, 0xFC, 0xDE, 0xFC, 0xDE, 0xFC, 0xDE,
    0xFC, 0xDE, 0xFC, 0xDE, 0xFC, 0xDE, 0xFC, 0xDE, 0xFC, 0xDE, 0xFC, 0xDE, 0xFC, 0xDE, 0xFC, 0xDE,
    0xFC, 0xDE, 0xFC, 0xDE, 0xFC, 0xDE, 0xFC, 0xDE, 0xFC, 0xDE, 0xFC, 0xDE, 0xFC, 0xDE, 0xFC, 0xDE,
    0xDC, 0xDE, 0xDC, 0xDE, 0xDC, 0xDE, 0xDC, 0xDE, 0xDC, 0xDE, 0xDC, 0xDE, 0xDC, 0xDE, 0xDC, 0xDE,
    0xDC, 0xDE, 0xDC, 0xDE, 0xDC, 0xDE, 0xDC, 0xDE, 0xFC, 0xDE, 0xDC, 0xDE, 0xDC, 0xDE, 0xDC, 0xDE,
    0xFC, 0xDE, 0xFC, 0xDE, 0xDC, 0xDE, 0xDC, 0xDE, 0xFC, 0xDE, 0xDC, 0xDE, 0xDC, 0xDE, 0xDC, 0xDE,
    0xDC, 0xDE, 0xDC, 0xDE, 0xDC, 0xDE, 0xDC, 0xDE, 0xDC, 0xDE, 0xFC, 0xDE, 0xFC, 0xDE, 0xFC, 0xDE,
    0xFC, 0xDE, 0xFC, 0xDE, 0xFC, 0xDE, 0xFC, 0xDE, 0xFC, 0xDE, 0xFC, 0xDE, 0xFC, 0xDE, 0xFC, 0xDE,
    0xFC, 0xDE, 0xFC, 0xDE, 0xFC, 0xDE, 0xFC, 0xDE, 0xFC, 0xDE, 0xFC, 0xDE, 0xFC, 0xDE, 0xDC, 0xDE,
    0xDC, 0xDE, 0xDC, 0xDE, 0xDC, 0xDE, 0xDC, 0xDE, 0xDC, 0xDE, 0xDC, 0xDE, 0xDC, 0xDE, 0xDC, 0xDE,
    0xDC, 0xDE, 0xDC, 0xDE, 0xFC, 0xDE, 0xDC, 0xDE, 0xDC, 0xDE, 0xDC, 0xDE, 0xDC, 0xDE, 0xDC, 0xDE,
    0xDC, 0xDE, 0xDC, 0xDE, 0xDC, 0xDE, 0xDC, 0xDE, 0xDC, 0xDE, 0xDC, 0xDE, 0xDC, 0xDE, 0xDC, 0xDE,
    0xDC, 0xDE, 0xDC, 0xDE, 0xDC, 0xDE, 0xDC, 0xDE, 0xDC, 0xDE, 0xDC, 0xDE, 0xDC, 0xDE, 0xDC, 0xDE,
    0xDC, 0xDE, 0xFC, 0xDE, 0xFC, 0xDE, 0xFC, 0xDE, 0xFC, 0xDE, 0xFC, 0xDE, 0xFC, 0xDE, 0xFC, 0xDE,
    0xFC, 0xDE, 0xFC, 0xDE, 0xFC, 0xDE, 0xFC, 0xDE, 0xFC, 0xDE, 0xFC, 0xDE, 0xFC, 0xDE, 0xFC, 0xDE,
    0xFC, 0xDE, 0xFC, 0xDE, 0xFC, 0xDE, 0xFC, 0xDE, 0xFC, 0xDE, 0xDC, 0xDE, 0xDC, 0xDE, 0xFC, 0xDE,
    0xDC, 0xDE, 0xFC, 0xDE, 0xDC, 0xDE, 0xDC, 0xDE, 0xDC, 0xDE, 0xFC, 0xDE, 0x9E, 0xF7, 0x9D, 0xF7,
    0xBE, 0xF7, 0x39, 0xCE, 0x52, 0x8C, 0x93, 0x8C, 0x73, 0x8C, 0x56, 0xAD, 0x7A, 0xCE, 0x7A, 0xCE,
    0x5A, 0xCE, 0xDC, 0xDE, 0x3C, 0xE7, 0x1C, 0xE7, 0x7E, 0xEF, 0xAE, 0x73, 0x05, 0x21, 0x86, 0x31,
    0x66, 0x29, 0x6D, 0x21, 0x71, 0x21, 0x71, 0x21, 0x71, 0x21, 0x71, 0x21, 0x6D, 0x21, 0x66, 0x29,
    0x66, 0x29, 0x45, 0x29, 0x49, 0x4A, 0xDB, 0xDE, 0x3C, 0xE7, 0x1C, 0xE7, 0xFC, 0xDE, 0x7A, 0xCE,
    0x7A, 0xCE, 0x7B, 0xCE, 0x97, 0xB5, 0x73, 0x8C, 0x94, 0x94, 0x73, 0x8C, 0x7A, 0xCE, 0xBE, 0xFF,
    0x9D, 0xF7, 0x9E, 0xF7, 0x3C, 0xE7, 0xDB, 0xDE, 0xDC, 0xDE, 0xDC, 0xDE, 0xDC, 0xDE, 0xFB, 0xDE,
    0xFC, 0xDE, 0xFC, 0xDE, 0xFC, 0xDE, 0xFC, 0xDE, 0xFC, 0xDE, 0xFC, 0xDE, 0xFC, 0xDE, 0xFC, 0xDE,
    0xFC, 0xDE, 0xFC, 0xDE, 0xFC, 0xDE, 0xFC, 0xDE, 0xFC, 0xDE, 0xFC, 0xDE, 0xFC, 0xDE, 0xFC, 0xDE,
    0xFC, 0xDE, 0xFC, 0xDE, 0xDC, 0xDE, 0xDC, 0xDE, 0xDC, 0xDE, 0xDC, 0xDE, 0xFC, 0xDE, 0xFC, 0xDE,
    0xFC, 0xDE, 0xFC, 0xDE, 0xFC, 0xDE, 0xFC, 0xDE, 0xFC, 0xDE, 0xFC, 0xDE, 0xFC, 0xDE, 0xFC, 0xDE,
    0xDC, 0xDE, 0xFC, 0xDE, 0xFC, 0xDE, 0xFC, 0xDE, 0xFC, 0xDE, 0xFC, 0xDE, 0xFC, 0xDE, 0xFC, 0xDE,
    0xFC, 0xDE, 0xFC, 0xDE, 0xFC, 0xDE, 0xFC, 0xDE, 0xFC, 0xDE, 0xFC, 0xDE, 0xFC, 0xDE, 0xFC, 0xDE,
    0xFC, 0xDE, 0xFC, 0xDE, 0xFC, 0xDE, 0xFC, 0xDE, 0xFC, 0xDE, 0xDC, 0xDE, 0xDC, 0xDE, 0xDC, 0xDE,
    0xFC, 0xDE, 0xFC, 0xDE, 0xFC, 0xDE, 0xFC, 0xDE, 0xFC, 0xDE, 0xDC, 0xDE, 0xDC, 0xDE, 0xFC, 0xDE,
    0xFC, 0xDE, 0xFC, 0xDE, 0xFC, 0xDE, 0xFC, 0xDE, 0xFC, 0xDE, 0xFC, 0xDE, 0xFC, 0xDE, 0xDC, 0xDE,
    0xFC, 0xDE, 0xDC, 0xDE, 0xDC, 0xDE, 0xDC, 0xDE, 0xFC, 0xDE, 0xFC, 0xDE, 0xDC, 0xDE, 0xDC, 0xDE,
    0xFC, 0xDE, 0xFC, 0xDE, 0xFC, 0xDE, 0xFC, 0xDE, 0xDC, 0xDE, 0xDC, 0xDE, 0xDC, 0xDE, 0xDC, 0xDE,
    0xFC, 0xDE, 0xFC, 0xDE, 0xFC, 0xDE, 0xFC, 0xDE, 0xFC, 0xDE, 0xFC, 0xDE, 0xDC, 0xDE, 0xFC, 0xDE,
    0xFC, 0xDE, 0xFC, 0xDE, 0xFC, 0xDE, 0xFC, 0xDE, 0xFC, 0xDE, 0xFC, 0xDE, 0xFC, 0xDE, 0xFC, 0xDE,
    0xFC, 0xDE, 0xFC, 0xDE, 0xFC, 0xDE, 0xFC, 0xDE, 0xDC, 0xDE, 0xDC, 0xDE, 0xDC, 0xDE, 0xDC, 0xDE,
    0xDC, 0xDE, 0xDC, 0xDE, 0xDC, 0xDE, 0xDC, 0xDE, 0xDC, 0xDE, 0xDC, 0xDE, 0xFC, 0xDE, 0xDC, 0xDE,
    0xFC, 0xDE, 0xFC, 0xDE, 0xFC, 0xDE, 0xFC, 0xDE, 0xDC, 0xDE, 0xDC, 0xDE, 0xDC, 0xDE, 0xDC, 0xDE,
    0xDC, 0xDE, 0xDC, 0xDE, 0xDC, 0xDE, 0xDC, 0xDE, 0xDC, 0xDE, 0xDC, 0xDE, 0xFC, 0xDE, 0xFC, 0xDE,
    0xFC, 0xDE, 0xFC, 0xDE, 0xDC, 0xDE, 0xDC, 0xDE, 0xDC, 0xDE, 0xFC, 0xDE, 0xFC, 0xDE, 0xFC, 0xDE,
    0xFC, 0xDE, 0xFC, 0xDE, 0xFC, 0xDE, 0xFC, 0xDE, 0xFC, 0xDE, 0xFC, 0xDE, 0xFC, 0xDE, 0xFC, 0xDE,
    0xFC, 0xDE, 0xFC, 0xDE, 0xFC, 0xDE, 0xFC, 0xDE, 0xFC, 0xDE, 0xFC, 0xDE, 0xFC, 0xDE, 0xFC, 0xDE,
    0xFC, 0xDE, 0xDC, 0xDE, 0xDC, 0xDE, 0xFC, 0xDE, 0xFC, 0xDE, 0xFC, 0xDE, 0xFC, 0xDE, 0xFC, 0xDE,
    0xDC, 0xDE, 0xFC, 0xE6, 0x9E, 0xF7, 0x9D, 0xF7, 0xBE, 0xFF, 0x59, 0xCE, 0x73, 0x8C, 0x93, 0x8C,
    0x73, 0x8C, 0x56, 0xAD, 0x7A, 0xCE, 0x7A, 0xCE, 0x5A, 0xCE, 0xDC, 0xDE, 0x3C, 0xE7, 0x1C, 0xE7,
    0x7E, 0xEF, 0x8E, 0x73, 0x04, 0x21, 0x66, 0x29, 0x66, 0x29, 0x6D, 0x21, 0x71, 0x21, 0x71, 0x21,
    0x71, 0x21, 0x71, 0x21, 0x6D, 0x21, 0x86, 0x31, 0x66, 0x29, 0x45, 0x29, 0x49, 0x4A, 0xDB, 0xDE,
    0x3C, 0xE7, 0x1C, 0xE7, 0xFC, 0xDE, 0x7A, 0xCE, 0x7A, 0xCE, 0x7B, 0xCE, 0x97, 0xB5, 0x73, 0x8C,
    0x94, 0x94, 0x73, 0x8C, 0x7A, 0xCE, 0xBE, 0xFF, 0x9D, 0xF7, 0x9E, 0xF7, 0x3C, 0xE7, 0xDB, 0xDE,
    0xDC, 0xDE, 0xDC, 0xDE, 0xDC, 0xDE, 0xFB, 0xDE, 0xFC, 0xDE, 0xFC, 0xDE, 0xFC, 0xDE, 0xFC, 0xDE,
    0xFC, 0xDE, 0xFC, 0xDE, 0xFC, 0xDE, 0xFC, 0xDE, 0xFC, 0xDE, 0xFC, 0xDE, 0xFC, 0xDE, 0xFC, 0xDE,
    0xFC, 0xDE, 0xFC, 0xDE, 0xFC, 0xDE, 0xFC, 0xDE, 0xDC, 0xDE, 0xDC, 0xDE, 0xFC, 0xDE, 0xFC, 0xDE,
    0xFC, 0xDE, 0xFC, 0xDE, 0xFC, 0xDE, 0xFC, 0xDE, 0xFC, 0xDE, 0xFC, 0xDE, 0xFC, 0xDE, 0xFC, 0xDE,
    0xFC, 0xDE, 0xFC, 0xDE, 0xFC, 0xDE, 0xFC, 0xDE, 0xFC, 0xDE, 0xFC, 0xDE, 0xFC, 0xDE, 0xFC, 0xDE,
    0xFC, 0xDE, 0xFC, 0xDE, 0xFC, 0xDE, 0xFC, 0xDE, 0xFC, 0xDE, 0xFC, 0xDE, 0xFC, 0xDE, 0xFC, 0xDE,
    0xFC, 0xDE, 0xFC, 0xDE, 0xFC, 0xDE, 0xFC, 0xDE, 0xFC, 0xDE, 0xFC, 0xDE, 0xFC, 0xDE, 0xFC, 0xDE,
    0xFC, 0xDE, 0xDC, 0xDE, 0xDC, 0xDE, 0xFC, 0xDE, 0xFC, 0xDE, 0xFC, 0xDE, 0xFC, 0xDE, 0xDC, 0xDE,
    0xFC, 0xDE, 0xFC, 0xDE, 0xFC, 0xDE, 0xFC, 0xDE, 0xFC, 0xDE, 0xDC, 0xDE, 0xDC, 0xDE, 0xDC, 0xDE,
    0xFC, 0xDE, 0xFC, 0xDE, 0xFC, 0xDE, 0xFC, 0xDE, 0xFC, 0xDE, 0xFC, 0xDE, 0xFC, 0xDE, 0xDC, 0xDE,
    0xDC, 0xDE, 0xFC, 0xDE, 0xFC, 0xDE, 0xFC, 0xDE, 0xFC, 0xDE, 0xDC, 0xDE, 0xFC, 0xDE, 0xDC, 0xDE,
    0xDC, 0xDE, 0xDC, 0xDE, 0xDC, 0xDE, 0xFC, 0xDE, 0xFC, 0xDE, 0xFC, 0xDE, 0xFC, 0xDE, 0xFC, 0xDE,
    0xFC, 0xDE, 0xFC, 0xDE, 0xFC, 0xDE, 0xFC, 0xDE, 0xFC, 0xDE, 0xFC, 0xDE, 0xFC, 0xDE, 0xFC, 0xDE,
    0xFC, 0xDE, 0xFC, 0xDE, 0xFC, 0xDE, 0xFC, 0xDE, 0xFC, 0xDE, 0xFC, 0xDE, 0xFC, 0xDE, 0xFC, 0xDE,
    0xFC, 0xDE, 0xDC, 0xDE, 0xDC, 0xDE, 0xDC, 0xDE, 0xDC, 0xDE, 0xFC, 0xDE, 0xDC, 0xDE, 0xDC, 0xDE,
    0xDC, 0xDE, 0xDC, 0xDE, 0xDC, 0xDE, 0xFC, 0xDE, 0xFC, 0xDE, 0xFC, 0xDE, 0xFC, 0xDE, 0xFC, 0xDE,
    0xDC, 0xDE, 0xDC, 0xDE, 0xDC, 0xDE, 0xDC, 0xDE, 0xDC, 0xDE, 0xFC, 0xDE, 0xDC, 0xDE, 0xDC, 0xDE,
    0xDC, 0xDE, 0xDC, 0xDE, 0xFC, 0xDE, 0xFC, 0xDE, 0xFC, 0xDE, 0xDC, 0xDE, 0xFC, 0xDE, 0xFC, 0xDE,
    0xDC, 0xDE, 0xDC, 0xDE, 0xDC, 0xDE, 0xDC, 0xDE, 0xFC, 0xDE, 0xFC, 0xDE, 0xFC, 0xDE, 0xFC, 0xDE,
    0xFC, 0xDE, 0xFC, 0xDE, 0xFC, 0xDE, 0xFC, 0xDE, 0xFC, 0xDE, 0xFC, 0xDE, 0xFC, 0xDE, 0xFC, 0xDE,
    0xFC, 0xDE, 0xFC, 0xDE, 0xFC, 0xDE, 0xFC, 0xDE, 0xFC, 0xDE, 0xFC, 0xDE, 0xFC, 0xDE, 0xFC, 0xDE,
    0xFC, 0xDE, 0xFC, 0xDE, 0xFC, 0xDE, 0xFC, 0xDE, 0xDC, 0xDE, 0xFC, 0xDE, 0x7D, 0xF7, 0x9D, 0xF7,
    0xBE, 0xF7, 0x59, 0xCE, 0x73, 0x8C, 0x93, 0x8C, 0x73, 0x8C, 0x56, 0xAD, 0x7A, 0xCE, 0x7A, 0xCE,
    0x5A, 0xCE, 0xDC, 0xDE, 0x3C, 0xE7, 0x1C, 0xE7, 0x7D, 0xEF, 0x8E, 0x73, 0x04, 0x21, 0x66, 0x29,
    0x66, 0x29, 0x6D, 0x21, 0x71, 0x21, 0x71, 0x21, 0x71, 0x21, 0x71, 0x21, 0x6D, 0x21, 0x66, 0x29,
    0x66, 0x29, 0x45, 0x29, 0x69, 0x4A, 0xDB, 0xDE, 0x3C, 0xE7, 0x1C, 0xE7, 0xFC, 0xDE, 0x7A, 0xCE,
    0x7A, 0xCE, 0x7B, 0xCE, 0x97, 0xB5, 0x73, 0x8C, 0x94, 0x94, 0x93, 0x8C, 0x7A, 0xCE, 0xBE, 0xFF,
    0x9D, 0xF7, 0x9E, 0xF7, 0x3C, 0xE7, 0xDB, 0xDE, 0xDC, 0xDE, 0xDC, 0xDE, 0xDC, 0xDE, 0xFB, 0xDE,
    0xFC, 0xDE, 0xFC, 0xDE, 0xFC, 0xDE, 0xFC, 0xDE, 0xFC, 0xDE, 0xFC, 0xDE, 0xFC, 0xDE, 0xFC, 0xDE,
    0xFC, 0xDE, 0xFC, 0xDE, 0xFC, 0xDE, 0xFC, 0xDE, 0xFC, 0xDE, 0xFC, 0xDE, 0xFC, 0xDE, 0xFC, 0xDE,
    0xDC, 0xDE, 0xDC, 0xDE, 0xFC, 0xDE, 0xFC, 0xDE, 0xFC, 0xDE, 0xFC, 0xDE, 0xFC, 0xDE, 0xFC, 0xDE,
    0xFC, 0xDE, 0xFC, 0xDE, 0xFC, 0xDE, 0xFC, 0xDE, 0xFC, 0xDE, 0xFC, 0xDE, 0xFC, 0xDE, 0xFC, 0xDE,
    0xFC, 0xDE, 0xFC, 0xDE, 0xFC, 0xDE, 0xFC, 0xDE, 0xFC, 0xDE, 0xFC, 0xDE, 0xFC, 0xDE, 0xFC, 0xDE,
    0xFC, 0xDE, 0xFC, 0xDE, 0xFC, 0xDE, 0xFC, 0xDE, 0xFC, 0xDE, 0xFC, 0xDE, 0xFC, 0xDE, 0xFC, 0xDE,
    0xFC, 0xDE, 0xFC, 0xDE, 0xFC, 0xDE, 0xFC, 0xDE, 0xFC, 0xDE, 0xDC, 0xDE, 0xFC, 0xDE, 0xFC, 0xDE,
    0xFC, 0xDE, 0xFC, 0xDE, 0xFC, 0xDE, 0xDC, 0xDE, 0xFC, 0xDE, 0xFC, 0xDE, 0xFC, 0xDE, 0xFC, 0xDE,
    0xFC, 0xDE, 0xFC, 0xDE, 0xFC, 0xDE, 0xDC, 0xDE, 0xFC, 0xDE, 0xFC, 0xDE, 0xFC, 0xDE, 0xFC, 0xDE,
    0xFC, 0xDE, 0xFC, 0xDE, 0xFC, 0xDE, 0xDC, 0xDE, 0xDC, 0xDE, 0xFC, 0xDE, 0xFC, 0xDE, 0xFC, 0xDE,
    0xFC, 0xDE, 0xDC, 0xDE, 0xFC, 0xDE, 0xFC, 0xDE, 0xDC, 0xDE, 0xDC, 0xDE, 0xDC, 0xDE, 0xFC, 0xDE,
    0xFC, 0xDE, 0xFC, 0xDE, 0xFC, 0xDE, 0xFC, 0xDE, 0xFC, 0xDE, 0xFC, 0xDE, 0xFC, 0xDE, 0xFC, 0xDE,
    0xFC, 0xDE, 0xFC, 0xDE, 0xFC, 0xDE, 0xFC, 0xDE, 0xFC, 0xDE, 0xFC, 0xDE, 0xFC, 0xDE, 0xFC, 0xDE,
    0xFC, 0xDE, 0xFC, 0xDE, 0xFC, 0xDE, 0xFC, 0xDE, 0xFC, 0xDE, 0xDC, 0xDE, 0xDC, 0xDE, 0xDC, 0xDE,
    0xDC, 0xDE, 0xFC, 0xDE, 0xDC, 0xDE, 0xDC, 0xDE, 0xDC, 0xDE, 0xDC, 0xDE, 0xDC, 0xDE, 0xFC, 0xDE,
    0xFC, 0xDE, 0xFC, 0xDE, 0xFC, 0xDE, 0xFC, 0xDE, 0xDC, 0xDE, 0xDC, 0xDE, 0xDC, 0xDE, 0xDC, 0xDE,
    0xDC, 0xDE, 0xDC, 0xDE, 0xDC, 0xDE, 0xDC, 0xDE, 0xDC, 0xDE, 0xDC, 0xDE, 0xFC, 0xDE, 0xFC, 0xDE,
    0xFC, 0xDE, 0xDC, 0xDE, 0xFC, 0xDE, 0xFC, 0xDE, 0xDC, 0xDE, 0xDC, 0xDE, 0xDC, 0xDE, 0xDC, 0xDE,
    0xFC, 0xDE, 0xFC, 0xDE, 0xFC, 0xDE, 0xFC, 0xDE, 0xDC, 0xDE, 0xDC, 0xDE, 0xDC, 0xDE, 0xDC, 0xDE,
    0xFC, 0xDE, 0xFC, 0xDE, 0xFC, 0xDE, 0xFC, 0xDE, 0xFC, 0xDE, 0xFC, 0xDE, 0xFC, 0xDE, 0xFC, 0xDE,
    0xFC, 0xDE, 0xFC, 0xDE, 0xFC, 0xDE, 0xFC, 0xDE, 0xFC, 0xDE, 0xFC, 0xDE, 0xFC, 0xDE, 0xFC, 0xDE,
    0xDC, 0xDE, 0xFC, 0xDE, 0x7D, 0xEF, 0x9D, 0xF7, 0xBE, 0xF7, 0x59, 0xCE, 0x73, 0x8C, 0x93, 0x8C,
    0x73, 0x8C, 0x56, 0xAD, 0x7A, 0xCE, 0x7A, 0xCE, 0x5A, 0xCE, 0xDC, 0xDE, 0x3C, 0xE7, 0x1C, 0xE7,
    0x7D, 0xEF, 0x8E, 0x73, 0x04, 0x21, 0x66, 0x29, 0x66, 0x29, 0x6D, 0x21, 0x71, 0x21, 0x71, 0x21,
    0x71, 0x21, 0x71, 0x21, 0x6D, 0x21, 0x86, 0x31, 0x86, 0x31, 0x45, 0x29, 0x69, 0x4A, 0xDB, 0xDE,
    0x3C, 0xE7, 0x1C, 0xE7, 0xFC, 0xDE, 0x7A, 0xCE, 0x7A, 0xCE, 0x9B, 0xD6, 0xB7, 0xB5, 0x93, 0x8C,
    0x94, 0x94, 0x93, 0x8C, 0x7A, 0xCE, 0xBE, 0xF7, 0x9D, 0xF7, 0x9E, 0xF7, 0x3C, 0xE7, 0xDB, 0xDE,
    0xDC, 0xDE, 0xDC, 0xDE, 0xDC, 0xDE, 0xFB, 0xDE, 0xFC, 0xDE, 0xFC, 0xDE, 0xFC, 0xDE, 0xFC, 0xDE,
    0xFC, 0xDE, 0xDC, 0xDE, 0xDC, 0xDE, 0xFC, 0xDE, 0xFC, 0xDE, 0xFC, 0xDE, 0xFC, 0xDE, 0xFC, 0xDE,
    0xFC, 0xDE, 0xFC, 0xDE, 0xFC, 0xDE, 0xFC, 0xDE, 0xDC, 0xDE, 0xDC, 0xDE, 0xFC, 0xDE, 0xFC, 0xDE,
    0xFC, 0xDE, 0xFC, 0xDE, 0xFC, 0xDE, 0xFC, 0xDE, 0xDC, 0xDE, 0xDC, 0xDE, 0xDC, 0xDE, 0xDC, 0xDE,
    0xDC, 0xDE, 0xDC, 0xDE, 0xFC, 0xDE, 0xFC, 0xDE, 0xFC, 0xDE, 0xFC, 0xDE, 0xFC, 0xDE, 0xFC, 0xDE,
    0xDC, 0xDE, 0xDC, 0xDE, 0xDC, 0xDE, 0xFC, 0xDE, 0xFC, 0xDE, 0xFC, 0xDE, 0xFC, 0xDE, 0xFC, 0xDE,
    0xFC, 0xDE, 0xFC, 0xDE, 0xFC, 0xDE, 0xFC, 0xDE, 0xFC, 0xDE, 0xFC, 0xDE, 0xFC, 0xDE, 0xFC, 0xDE,
    0xFC, 0xDE, 0xFC, 0xDE, 0xFC, 0xDE, 0xDC, 0xDE, 0xDC, 0xDE, 0xFC, 0xDE, 0xFC, 0xDE, 0xDC, 0xDE,
    0xFC, 0xDE, 0xFC, 0xDE, 0xFC, 0xDE, 0xFC, 0xDE, 0xFC, 0xDE, 0xFC, 0xDE, 0xFC, 0xDE, 0xFC, 0xDE,
    0xFC, 0xDE, 0xFC, 0xDE, 0xDC, 0xDE, 0xFC, 0xDE, 0xFC, 0xDE, 0xFC, 0xDE, 0xFC, 0xDE, 0xDC, 0xDE,
    0xDC, 0xDE, 0xFC, 0xDE, 0xFC, 0xDE, 0xFC, 0xDE, 0xFC, 0xDE, 0xFC, 0xDE, 0xFC, 0xDE, 0xFC, 0xDE,
    0xFC, 0xDE, 0xFC, 0xDE, 0xFC, 0xDE, 0xFC, 0xDE, 0xFC, 0xDE, 0xFC, 0xDE, 0xFC, 0xDE, 0xFC, 0xDE,
    0xFC, 0xDE, 0xFC, 0xDE, 0xFC, 0xDE, 0xFC, 0xDE, 0xFC, 0xDE, 0xFC, 0xDE, 0xFC, 0xDE, 0xFC, 0xDE,
    0xFC, 0xDE, 0xFC, 0xDE, 0xFC, 0xDE, 0xFC, 0xDE, 0xFC, 0xDE, 0xFC, 0xDE, 0xDC, 0xDE, 0xDC, 0xDE,
    0xFC, 0xDE, 0xDC, 0xDE, 0xDC, 0xDE, 0xDC, 0xDE, 0xDC, 0xDE, 0xFC, 0xDE, 0xDC, 0xDE, 0xDC, 0xDE,
    0xDC, 0xDE, 0xDC, 0xDE, 0xDC, 0xDE, 0xFC, 0xDE, 0xFC, 0xDE, 0xFC, 0xDE, 0xFC, 0xDE, 0xFC, 0xDE,
    0xFC, 0xDE, 0xFC, 0xDE, 0xFC, 0xDE, 0xDC, 0xDE, 0xDC, 0xDE, 0xDC, 0xDE, 0xDC, 0xDE, 0xDC, 0xDE,
    0xDC, 0xDE, 0xDC, 0xDE, 0xFC, 0xDE, 0xFC, 0xDE, 0xFC, 0xDE, 0xDC, 0xDE, 0xFC, 0xDE, 0xFC, 0xDE,
    0xDC, 0xDE, 0xDC, 0xDE, 0xDC, 0xDE, 0xDC, 0xDE, 0xFC, 0xDE, 0xFC, 0xDE, 0xFC, 0xDE, 0xFC, 0xDE,
    0xDC, 0xDE, 0xDC, 0xDE, 0xDC, 0xDE, 0xDC, 0xDE, 0xFC, 0xDE, 0xDC, 0xDE, 0xDC, 0xDE, 0xFC, 0xDE,
    0xFC, 0xDE, 0xFC, 0xDE, 0xFC, 0xDE, 0xFC, 0xDE, 0xFC, 0xDE, 0xFC, 0xDE, 0xDC, 0xDE, 0xDC, 0xDE,
    0xFC, 0xDE, 0xFC, 0xDE, 0xFC, 0xDE, 0xFC, 0xDE, 0xDC, 0xDE, 0xFC, 0xDE, 0x7D, 0xEF, 0x9D, 0xF7,
    0xBE, 0xF7, 0x59, 0xCE, 0x73, 0x8C, 0x93, 0x8C, 0x73, 0x8C, 0x56, 0xAD, 0x7A, 0xCE, 0x7A, 0xCE,
    0x5A, 0xCE, 0xDC, 0xDE, 0x3C, 0xE7, 0x1C, 0xE7, 0x7D, 0xEF, 0xAE, 0x73, 0x05, 0x21, 0x86, 0x31,
    0x66, 0x29, 0x6D, 0x21, 0x71, 0x21, 0x71, 0x21, 0x71, 0x21, 0x71, 0x21, 0x6D, 0x21, 0x86, 0x31,
    0x86, 0x31, 0x45, 0x29, 0x49, 0x4A, 0xDB, 0xDE, 0x3C, 0xE7, 0x1C, 0xE7, 0xFC, 0xDE, 0x7A, 0xCE,
    0x7A, 0xCE, 0x9B, 0xD6, 0xB7, 0xB5, 0x93, 0x8C, 0x94, 0x94, 0x93, 0x8C, 0x7A, 0xCE, 0xBE, 0xF7,
    0x9D, 0xF7, 0x9E, 0xF7, 0x3C, 0xE7, 0xDB, 0xDE, 0xDC, 0xDE, 0xDC, 0xDE, 0xDC, 0xDE, 0xFB, 0xDE,
    0xFC, 0xDE, 0xFC, 0xDE, 0xFC, 0xDE, 0xFC, 0xDE, 0xFC, 0xDE, 0xDC, 0xDE, 0xDC, 0xDE, 0xFC, 0xDE,
    0xFC, 0xDE, 0xFC, 0xDE, 0xFC, 0xDE, 0xFC, 0xDE, 0xFC, 0xDE, 0xFC, 0xDE, 0xFC, 0xDE, 0xFC, 0xDE,
    0xDC, 0xDE, 0xDC, 0xDE, 0xFC, 0xDE, 0xFC, 0xDE, 0xFC, 0xDE, 0xFC, 0xDE, 0xFC, 0xDE, 0xFC, 0xDE,
    0xDC, 0xDE, 0xDC, 0xDE, 0xDC, 0xDE, 0xDC, 0xDE, 0xDC, 0xDE, 0xDC, 0xDE, 0xDC, 0xDE, 0xFC, 0xDE,
    0xFC, 0xDE, 0xFC, 0xDE, 0xFC, 0xDE, 0xFC, 0xDE, 0xDC, 0xDE, 0xDC, 0xDE, 0xDC, 0xDE, 0xFC, 0xDE,
    0xFC, 0xDE, 0xFC, 0xDE, 0xFC, 0xDE, 0xFC, 0xDE, 0xFC, 0xDE, 0xFC, 0xDE, 0xFC, 0xDE, 0xFC, 0xDE,
    0xFC, 0xDE, 0xFC, 0xDE, 0xFC, 0xDE, 0xFC, 0xDE, 0xFC, 0xDE, 0xFC, 0xDE, 0xDC, 0xDE, 0xDC, 0xDE,
    0xFC, 0xDE, 0xFC, 0xDE, 0xFC, 0xDE, 0xDC, 0xDE, 0xFC, 0xDE, 0xFC, 0xDE, 0xFC, 0xDE, 0xFC, 0xDE,
    0xDC, 0xDE, 0xFC, 0xDE, 0xFC, 0xDE, 0xFC, 0xDE, 0xFC, 0xDE, 0xFC, 0xDE, 0xDC, 0xDE, 0xFC, 0xDE,
    0xFC, 0xDE, 0xFC, 0xDE, 0xFC, 0xDE, 0xFC, 0xDE, 0xFC, 0xDE, 0xFC, 0xDE, 0xFC, 0xDE, 0xFC, 0xDE,
    0xFC, 0xDE, 0xFC, 0xDE, 0xFC, 0xDE, 0xFC, 0xDE, 0xFC, 0xDE, 0xFC, 0xDE, 0xFC, 0xDE, 0xFC, 0xDE,
    0xFC, 0xDE, 0xFC, 0xDE, 0xFC, 0xDE, 0xFC, 0xDE, 0xFC, 0xDE, 0xFC, 0xDE, 0xFC, 0xDE, 0xFC, 0xDE,
    0xFC, 0xDE, 0xFC, 0xDE, 0xFC, 0xDE, 0xFC, 0xDE, 0xFC, 0xDE, 0xFC, 0xDE, 0xFC, 0xDE, 0xFC, 0xDE,
    0xFC, 0xDE, 0xFC, 0xDE, 0xDC, 0xDE, 0xDC, 0xDE, 0xFC, 0xDE, 0xDC, 0xDE, 0xDC, 0xDE, 0xDC, 0xDE,
    0xDC, 0xDE, 0xFC, 0xDE, 0xDC, 0xDE, 0xDC, 0xDE, 0xDC, 0xDE, 0xDC, 0xDE, 0xDC, 0xDE, 0xFC, 0xDE,
    0xFC, 0xDE, 0xFC, 0xDE, 0xFC, 0xDE, 0xFC, 0xDE, 0xFC, 0xDE, 0xFC, 0xDE, 0xFC, 0xDE, 0xFC, 0xDE,
    0xDC, 0xDE, 0xDC, 0xDE, 0xDC, 0xDE, 0xDC, 0xDE, 0xDC, 0xDE, 0xDC, 0xDE, 0xFC, 0xDE, 0xFC, 0xDE,
    0xFC, 0xDE, 0xDC, 0xDE, 0xFC, 0xDE, 0xFC, 0xDE, 0xDC, 0xDE, 0xFC, 0xDE, 0xFC, 0xDE, 0xFC, 0xDE,
    0xFC, 0xDE, 0xFC, 0xDE, 0xFC, 0xDE, 0xFC, 0xDE, 0xFC, 0xDE, 0xFC, 0xDE, 0xFC, 0xDE, 0xFC, 0xDE,
    0xDC, 0xDE, 0xDC, 0xDE, 0xDC, 0xDE, 0xFC, 0xDE, 0xFC, 0xDE, 0xFC, 0xDE, 0xFC, 0xDE, 0xFC, 0xDE,
    0xFC, 0xDE, 0xFC, 0xDE, 0xDC, 0xDE, 0xDC, 0xDE, 0xDC, 0xDE, 0xFC, 0xDE, 0xFC, 0xDE, 0xFC, 0xDE,
    0xDB, 0xDE, 0xFC, 0xDE, 0x7D, 0xF7, 0x9D, 0xF7, 0xBE, 0xF7, 0x59, 0xCE, 0x73, 0x8C, 0x93, 0x8C,
    0x73, 0x8C, 0x56, 0xAD, 0x7A, 0xCE, 0x7A, 0xCE, 0x5A, 0xCE, 0xDC, 0xDE, 0x3C, 0xE7, 0x1C, 0xE7,
    0x7D, 0xEF, 0xAE, 0x73, 0x05, 0x21, 0x86, 0x31, 0x66, 0x29, 0x6D, 0x21, 0x71, 0x21, 0x71, 0x21,
    0x71, 0x21, 0x71, 0x21, 0x6D, 0x21, 0x86, 0x31, 0x86, 0x31, 0x45, 0x29, 0x49, 0x4A, 0xDB, 0xDE,
    0x3C, 0xE7, 0x1C, 0xE7, 0xFC, 0xDE, 0x7A, 0xCE, 0x7A, 0xCE, 0x9B, 0xD6, 0xB7, 0xB5, 0x93, 0x8C,
    0x94, 0x94, 0x93, 0x8C, 0x7A, 0xCE, 0xBE, 0xF7, 0x9D, 0xF7, 0x9E, 0xF7, 0x3C, 0xE7, 0xDB, 0xDE,
    0xDC, 0xDE, 0xDC, 0xDE, 0xDC, 0xDE, 0xFB, 0xDE, 0xFC, 0xDE, 0xDC, 0xDE, 0xDC, 0xDE, 0xDC, 0xDE,
    0xDC, 0xDE, 0xDC, 0xDE, 0xDC, 0xDE, 0xDC, 0xDE, 0xFC, 0xDE, 0xFC, 0xDE, 0xFC, 0xDE, 0xDC, 0xDE,
    0xDC, 0xDE, 0xFC, 0xDE, 0xDC, 0xDE, 0xDC, 0xDE, 0xFC, 0xDE, 0xFC, 0xDE, 0xFC, 0xDE, 0xDC, 0xDE,
    0xFC, 0xDE, 0xFC, 0xDE, 0xFC, 0xDE, 0xFC, 0xDE, 0xFC, 0xDE, 0xFC, 0xDE, 0xFC, 0xDE, 0xFC, 0xDE,
    0xFC, 0xDE, 0xFC, 0xDE, 0xFC, 0xDE, 0xFC, 0xDE, 0xDC, 0xDE, 0xFC, 0xDE, 0xFC, 0xDE, 0xFC, 0xDE,
    0xDC, 0xDE, 0xDC, 0xDE, 0xFC, 0xDE, 0xFC, 0xDE, 0xFC, 0xDE, 0xFC, 0xDE, 0xDC, 0xDE, 0xDC, 0xDE,
    0xFC, 0xDE, 0xFC, 0xDE, 0xFC, 0xDE, 0xFC, 0xDE, 0xFC, 0xDE, 0xFC, 0xDE, 0xFC, 0xDE, 0xFC, 0xDE,
    0xFC, 0xDE, 0xFC, 0xDE, 0xFC, 0xDE, 0xFC, 0xDE, 0xFC, 0xDE, 0xFC, 0xDE, 0xFC, 0xDE, 0xFC, 0xDE,
    0xFC, 0xDE, 0xFC, 0xDE, 0xFC, 0xDE, 0xFC, 0xDE, 0xFC, 0xDE, 0xFC, 0xDE, 0xFC, 0xDE, 0xFC, 0xDE,
    0xFC, 0xDE, 0xFC, 0xDE, 0xFC, 0xDE, 0xDC, 0xDE, 0xDC, 0xDE, 0xDC, 0xDE, 0xFC, 0xDE, 0xFC, 0xDE,
    0xFC, 0xDE, 0xFC, 0xDE, 0xFC, 0xDE, 0xFC, 0xDE, 0xFC, 0xDE, 0xFC, 0xDE, 0xFC, 0xDE, 0xFC, 0xDE,
    0xFC, 0xDE, 0xFC, 0xDE, 0xFC, 0xDE, 0xFC, 0xDE, 0xDC, 0xDE, 0xDC, 0xDE, 0xFC, 0xDE, 0xFC, 0xDE,
    0xFC, 0xDE, 0xFC, 0xDE, 0xFC, 0xDE, 0xFC, 0xDE, 0xFC, 0xDE, 0xFC, 0xDE, 0xFC, 0xDE, 0xFC, 0xDE,
    0xDC, 0xDE, 0xFC, 0xDE, 0xDC, 0xDE, 0xFC, 0xDE, 0xFC, 0xDE, 0xDC, 0xDE, 0xDC, 0xDE, 0xDC, 0xDE,
    0xDC, 0xDE, 0xDC, 0xDE, 0xDC, 0xDE, 0xDC, 0xDE, 0xDC, 0xDE, 0xDC, 0xDE, 0xDC, 0xDE, 0xDC, 0xDE,
    0xDC, 0xDE, 0xDC, 0xDE, 0xDC, 0xDE, 0xFC, 0xDE, 0xFC, 0xDE, 0xFC, 0xDE, 0xFC, 0xDE, 0xFC, 0xDE,
    0xFC, 0xDE, 0xFC, 0xDE, 0xFC, 0xDE, 0xDC, 0xDE, 0xDC, 0xDE, 0xDC, 0xDE, 0xDC, 0xDE, 0xDC, 0xDE,
    0xDC, 0xDE, 0xDC, 0xDE, 0xFC, 0xDE, 0xFC, 0xDE, 0xFC, 0xDE, 0xFC, 0xDE, 0xFC, 0xDE, 0xFC, 0xDE,
    0xDC, 0xDE, 0xDC, 0xDE, 0xDC, 0xDE, 0xDC, 0xDE, 0xFC, 0xDE, 0xFC, 0xDE, 0xFC, 0xDE, 0xFC, 0xDE,
    0xDC, 0xDE, 0xDC, 0xDE, 0xFC, 0xDE, 0xFC, 0xDE, 0xDC, 0xDE, 0xFC, 0xDE, 0xFC, 0xDE, 0xFC, 0xDE,
    0xFC, 0xDE, 0xDC, 0xDE, 0xDC, 0xDE, 0xFC, 0xDE, 0xDC, 0xDE, 0xDC, 0xDE, 0xFC, 0xDE, 0xFC, 0xDE,
    0xDC, 0xDE, 0xDC, 0xDE, 0xFC, 0xDE, 0xDC, 0xDE, 0xDB, 0xDE, 0xFC, 0xDE, 0x9E, 0xF7, 0x9D, 0xF7,
    0xBE, 0xF7, 0x59, 0xCE, 0x73, 0x8C, 0x93, 0x8C, 0x73, 0x8C, 0x56, 0xAD, 0x7A, 0xCE, 0x7A, 0xCE,
    0x5A, 0xCE, 0xDC, 0xDE, 0x3C, 0xE7, 0x1C, 0xE7, 0x7D, 0xEF, 0x8E, 0x73, 0x05, 0x21, 0x66, 0x31,
    0x66, 0x29, 0x6D, 0x21, 0x71, 0x21, 0x71, 0x21, 0x71, 0x21, 0x71, 0x21, 0x6D, 0x21, 0x86, 0x31,
    0x86, 0x31, 0x45, 0x29, 0x49, 0x4A, 0xDB, 0xDE, 0x3C, 0xE7, 0x1C, 0xE7, 0xFC, 0xDE, 0x7A, 0xCE,
    0x7A, 0xCE, 0x9B, 0xD6, 0xB7, 0xB5, 0x93, 0x8C, 0x94, 0x94, 0x93, 0x94, 0x7A, 0xCE, 0xBE, 0xF7,
    0x9D, 0xF7, 0x9E, 0xF7, 0x3C, 0xE7, 0xDB, 0xDE, 0xDC, 0xDE, 0xDC, 0xDE, 0xDC, 0xDE, 0xFB, 0xDE,
    0xFC, 0xDE, 0xFC, 0xDE, 0xFC, 0xDE, 0xFC, 0xDE, 0xFC, 0xDE, 0xFC, 0xDE, 0xFC, 0xDE, 0xFC, 0xDE,
    0xFC, 0xDE, 0xFC, 0xDE, 0xFC, 0xDE, 0xDC, 0xDE, 0xFC, 0xDE, 0xFC, 0xDE, 0xDC, 0xDE, 0xDC, 0xDE,
    0xFC, 0xDE, 0xFC, 0xDE, 0xFC, 0xDE, 0xDC, 0xDE, 0xFC, 0xDE, 0xFC, 0xDE, 0xFC, 0xDE, 0xFC, 0xDE,
    0xFC, 0xDE, 0xFC, 0xDE, 0xDC, 0xDE, 0xDC, 0xDE, 0xFC, 0xDE, 0xFC, 0xDE, 0xFC, 0xDE, 0xFC, 0xDE,
    0xDC, 0xDE, 0xFC, 0xDE, 0xFC, 0xDE, 0xFC, 0xDE, 0xFC, 0xDE, 0xFC, 0xDE, 0xFC, 0xDE, 0xFC, 0xDE,
    0xFC, 0xDE, 0xFC, 0xDE, 0xFC, 0xDE, 0xFC, 0xDE, 0xFC, 0xDE, 0xFC, 0xDE, 0xFC, 0xDE, 0xFC, 0xDE,
    0xFC, 0xDE, 0xFC, 0xDE, 0xFC, 0xDE, 0xFC, 0xDE, 0xFC, 0xDE, 0xFC, 0xDE, 0xFC, 0xDE, 0xFC, 0xDE,
    0xFC, 0xDE, 0xFC, 0xDE, 0xFC, 0xDE, 0xFC, 0xDE, 0xFC, 0xDE, 0xFC, 0xDE, 0xFC, 0xDE, 0xFC, 0xDE,
    0xFC, 0xDE, 0xFC, 0xDE, 0xFC, 0xDE, 0xFC, 0xDE, 0xFC, 0xDE, 0xFC, 0xDE, 0xFC, 0xDE, 0xFC, 0xDE,
    0xDC, 0xDE, 0xFC, 0xDE, 0xFC, 0xDE, 0xFC, 0xDE, 0xFC, 0xDE, 0xFC, 0xDE, 0xFC, 0xDE, 0xFC, 0xDE,
    0xFC, 0xDE, 0xFC, 0xDE, 0xFC, 0xDE, 0xFC, 0xDE, 0xDC, 0xDE, 0xDC, 0xDE, 0xDC, 0xDE, 0xDC, 0xDE,
    0xDC, 0xDE, 0xDC, 0xDE, 0xFC, 0xDE, 0xFC, 0xDE, 0xFC, 0xDE, 0xFC, 0xDE, 0xFC, 0xDE, 0xFC, 0xDE,
    0xFC, 0xDE, 0xFC, 0xDE, 0xFC, 0xDE, 0xFC, 0xDE, 0xDC, 0xDE, 0xDC, 0xDE, 0xDC, 0xDE, 0xFC, 0xDE,
    0xFC, 0xDE, 0xDC, 0xDE, 0xFC, 0xDE, 0xFC, 0xDE, 0xFC, 0xDE, 0xFC, 0xDE, 0xFC, 0xDE, 0xFC, 0xDE,
    0xFC, 0xDE, 0xDC, 0xDE, 0xDC, 0xDE, 0xDC, 0xDE, 0xDC, 0xDE, 0xDC, 0xDE, 0xDC, 0xDE, 0xFC, 0xDE,
    0xFC, 0xDE, 0xFC, 0xDE, 0xFC, 0xDE, 0xFC, 0xDE, 0xDC, 0xDE, 0xDC, 0xDE, 0xDC, 0xDE, 0xFC, 0xDE,
    0xFC, 0xDE, 0xFC, 0xDE, 0xDC, 0xDE, 0xDC, 0xDE, 0xFC, 0xDE, 0xFC, 0xDE, 0xFC, 0xDE, 0xFC, 0xDE,
    0xDC, 0xDE, 0xFC, 0xDE, 0xFC, 0xDE, 0xFC, 0xDE, 0xDC, 0xDE, 0xFC, 0xDE, 0xFC, 0xDE, 0xFC, 0xDE,
    0xFC, 0xDE, 0xFC, 0xDE, 0xFC, 0xDE, 0xFC, 0xDE, 0xFC, 0xDE, 0xDC, 0xDE, 0xFC, 0xDE, 0xFC, 0xDE,
    0xFC, 0xDE, 0xFC, 0xDE, 0xFC, 0xDE, 0xFC, 0xDE, 0xFC, 0xDE, 0xDC, 0xDE, 0xDC, 0xDE, 0xFC, 0xDE,
    0xDC, 0xDE, 0xDC, 0xDE, 0xFC, 0xDE, 0xFC, 0xDE, 0xDC, 0xDE, 0xDC, 0xDE, 0xFC, 0xDE, 0xDC, 0xDE,
    0xDB, 0xDE, 0xFC, 0xDE, 0x9E, 0xF7, 0x9D, 0xF7, 0xBE, 0xF7, 0x39, 0xCE, 0x53, 0x8C, 0x93, 0x8C,
    0x73, 0x8C, 0x56, 0xAD, 0x7A, 0xCE, 0x7A, 0xCE, 0x5A, 0xCE, 0xDC, 0xDE, 0x3C, 0xE7, 0x1C, 0xE7,
    0x7D, 0xEF, 0x8E, 0x73, 0x05, 0x21, 0x66, 0x29, 0x66, 0x29, 0x6D, 0x21, 0x71, 0x21, 0x71, 0x21,
    0x71, 0x21, 0x71, 0x21, 0x6D, 0x21, 0x86, 0x31, 0x66, 0x29, 0x45, 0x29, 0x69, 0x4A, 0xDB, 0xDE,
    0x3C, 0xE7, 0x1C, 0xE7, 0xFC, 0xDE, 0x9A, 0xCE, 0x7A, 0xCE, 0x9B, 0xD6, 0xB7, 0xB5, 0x93, 0x8C,
    0x94, 0x94, 0x93, 0x8C, 0x7A, 0xCE, 0xBE, 0xF7, 0x9D, 0xF7, 0x9E, 0xF7, 0x3C, 0xE7, 0xDB, 0xDE,
    0xDC, 0xDE, 0xDC, 0xDE, 0xDC, 0xDE, 0xFB, 0xDE, 0xFC, 0xDE, 0xFC, 0xDE, 0xFC, 0xDE, 0xFC, 0xDE,
    0xFC, 0xDE, 0xFC, 0xDE, 0xFC, 0xDE, 0xFC, 0xDE, 0xFC, 0xDE, 0xDC, 0xDE, 0xDC, 0xDE, 0xFC, 0xDE,
    0xFC, 0xDE, 0xFC, 0xDE, 0xDC, 0xDE, 0xDC, 0xDE, 0xFC, 0xDE, 0xFC, 0xDE, 0xFC, 0xDE, 0xDC, 0xDE,
    0xFC, 0xDE, 0xFC, 0xDE, 0xFC, 0xDE, 0xFC, 0xDE, 0xFC, 0xDE, 0xDC, 0xDE, 0xFC, 0xDE, 0xDC, 0xDE,
    0xDC, 0xDE, 0xDC, 0xDE, 0xDC, 0xDE, 0xDC, 0xDE, 0xDC, 0xDE, 0xFC, 0xDE, 0xFC, 0xDE, 0xDC, 0xDE,
    0xFC, 0xDE, 0xFC, 0xDE, 0xDC, 0xDE, 0xFC, 0xDE, 0xFC, 0xDE, 0xFC, 0xDE, 0xFC, 0xDE, 0xFC, 0xDE,
    0xFC, 0xDE, 0xFC, 0xDE, 0xFC, 0xDE, 0xFC, 0xDE, 0xFC, 0xDE, 0xFC, 0xDE, 0xFC, 0xDE, 0xFC, 0xDE,
    0xFC, 0xDE, 0xFC, 0xDE, 0xFC, 0xDE, 0xFC, 0xDE, 0xFC, 0xDE, 0xFC, 0xDE, 0xFC, 0xDE, 0xFC, 0xDE,
    0xFC, 0xDE, 0xFC, 0xDE, 0xFC, 0xDE, 0xFC, 0xDE, 0xFC, 0xDE, 0xFC, 0xDE, 0xFC, 0xDE, 0xFC, 0xDE,
    0xFC, 0xDE, 0xFC, 0xDE, 0xFC, 0xDE, 0xFC, 0xDE, 0xFC, 0xDE, 0xFC, 0xDE, 0xFC, 0xDE, 0xFC, 0xDE,
    0xFC, 0xDE, 0xFC, 0xDE, 0xFC, 0xDE, 0xFC, 0xDE, 0xDC, 0xDE, 0xFC, 0xDE, 0xFC, 0xDE, 0xFC, 0xDE,
    0xFC, 0xDE, 0xFC, 0xDE, 0xFC, 0xDE, 0xFC, 0xDE, 0xFC, 0xDE, 0xFC, 0xDE, 0xFC, 0xDE, 0xFC, 0xDE,
    0xFC, 0xDE, 0xFC, 0xDE, 0xFC, 0xDE, 0xFC, 0xDE, 0xFC, 0xDE, 0xFC, 0xDE, 0xFC, 0xDE, 0xDC, 0xDE,
    0xDC, 0xDE, 0xFC, 0xDE, 0xFC, 0xDE, 0xDC, 0xDE, 0xDC, 0xDE, 0xFC, 0xDE, 0xFC, 0xDE, 0xFC, 0xDE,
    0xFC, 0xDE, 0xFC, 0xDE, 0xFC, 0xDE, 0xFC, 0xDE, 0xFC, 0xDE, 0xFC, 0xDE, 0xFC, 0xDE, 0xFC, 0xDE,
    0xDC, 0xDE, 0xDC, 0xDE, 0xDC, 0xDE, 0xFC, 0xDE, 0xDC, 0xDE, 0xDC, 0xDE, 0xDC, 0xDE, 0xDC, 0xDE,
    0xFC, 0xDE, 0xFC, 0xDE, 0xFC, 0xDE, 0xFC, 0xDE, 0xFC, 0xDE, 0xFC, 0xDE, 0xFC, 0xDE, 0xFC, 0xDE,
    0xFC, 0xDE, 0xFC, 0xDE, 0xDC, 0xDE, 0xFC, 0xDE, 0xFC, 0xDE, 0xFC, 0xDE, 0xFC, 0xDE, 0xFC, 0xDE,
    0xDC, 0xDE, 0xFC, 0xDE, 0xFC, 0xDE, 0xFC, 0xDE, 0xFC, 0xDE, 0xFC, 0xDE, 0xFC, 0xDE, 0xFC, 0xDE,
    0xFC, 0xDE, 0xDC, 0xDE, 0xDC, 0xDE, 0xDC, 0xDE, 0xDC, 0xDE, 0xFC, 0xDE, 0xFC, 0xDE, 0xDC, 0xDE,
    0xDC, 0xDE, 0xDC, 0xDE, 0xDC, 0xDE, 0xFC, 0xDE, 0xFC, 0xDE, 0xFC, 0xDE, 0xFC, 0xDE, 0xFC, 0xDE,
    0xDC, 0xDE, 0xDC, 0xDE, 0xFC, 0xDE, 0xDC, 0xDE, 0xDB, 0xDE, 0xFC, 0xDE, 0x9E, 0xF7, 0x9D, 0xF7,
    0xBE, 0xF7, 0x39, 0xCE, 0x52, 0x8C, 0x93, 0x8C, 0x73, 0x8C, 0x56, 0xAD, 0x7A, 0xCE, 0x7A, 0xCE,
    0x5A, 0xCE, 0xDC, 0xDE, 0x3C, 0xE7, 0x1C, 0xE7, 0x7E, 0xEF, 0xAE, 0x73, 0x05, 0x21, 0x66, 0x29,
    0x66, 0x29, 0x6D, 0x21, 0x71, 0x21, 0x71, 0x21, 0x71, 0x21, 0x71, 0x21, 0x6D, 0x21, 0x86, 0x31,
    0x86, 0x31, 0x45, 0x29, 0x49, 0x4A, 0xDB, 0xDE, 0x3C, 0xE7, 0x1C, 0xE7, 0xFC, 0xDE, 0x7A, 0xCE,
    0x7A, 0xCE, 0x9B, 0xD6, 0xB7, 0xB5, 0x93, 0x8C, 0x94, 0x94, 0x93, 0x94, 0x7A, 0xCE, 0xBE, 0xFF,
    0x9D, 0xF7, 0x9E, 0xF7, 0x3C, 0xE7, 0xDB, 0xDE, 0xFC, 0xDE, 0xFC, 0xDE, 0xFC, 0xDE, 0xFB, 0xDE,
    0xFC, 0xDE, 0xFC, 0xDE, 0xFC, 0xDE, 0xFC, 0xDE, 0xFC, 0xDE, 0xFC, 0xDE, 0xFC, 0xDE, 0xFC, 0xDE,
    0xFC, 0xDE, 0xFC, 0xDE, 0xFC, 0xDE, 0xFC, 0xDE, 0xFC, 0xDE, 0xFC, 0xDE, 0xFC, 0xDE, 0xFC, 0xDE,
    0xDC, 0xDE, 0xDC, 0xDE, 0xFC, 0xDE, 0xFC, 0xDE, 0xFC, 0xDE, 0xFC, 0xDE, 0xFC, 0xDE, 0xFC, 0xDE,
    0xDC, 0xDE, 0xFC, 0xDE, 0xFC, 0xDE, 0xFC, 0xDE, 0xFC, 0xDE, 0xFC, 0xDE, 0xFC, 0xDE, 0xFC, 0xDE,
    0xFC, 0xDE, 0xFC, 0xDE, 0xDC, 0xDE, 0xDC, 0xDE, 0xDC, 0xDE, 0xDC, 0xDE, 0xFC, 0xDE, 0xFC, 0xDE,
    0xFC, 0xDE, 0xFC, 0xDE, 0xFC, 0xDE, 0xFC, 0xDE, 0xFC, 0xDE, 0xFC, 0xDE, 0xFC, 0xDE, 0xFC, 0xDE,
    0xFC, 0xDE, 0xFC, 0xDE, 0xFC, 0xDE, 0xFC, 0xDE, 0xFC, 0xDE, 0xFC, 0xDE, 0xFC, 0xDE, 0xFB, 0xDE,
    0xFC, 0xDE, 0xFC, 0xDE, 0xFC, 0xDE, 0xFC, 0xDE, 0xFC, 0xDE, 0xFC, 0xDE, 0xFC, 0xDE, 0xFC, 0xDE,
    0xFC, 0xDE, 0xFC, 0xDE, 0xFC, 0xDE, 0xFC, 0xDE, 0xFC, 0xDE, 0xFC, 0xDE, 0xFC, 0xDE, 0xFC, 0xDE,
    0xFC, 0xDE, 0xFC, 0xDE, 0xFC, 0xDE, 0xFC, 0xDE, 0xFC, 0xDE, 0xFC, 0xDE, 0xFC, 0xDE, 0xFC, 0xDE,
    0xFC, 0xDE, 0xFC, 0xDE, 0xFC, 0xDE, 0xFC, 0xDE, 0xFC, 0xDE, 0xFC, 0xDE, 0xFC, 0xDE, 0xFC, 0xDE,
    0xFC, 0xDE, 0xFC, 0xDE, 0xFC, 0xDE, 0xFC, 0xDE, 0xFC, 0xDE, 0xFC, 0xDE, 0xFC, 0xDE, 0xFC, 0xDE,
    0xFC, 0xDE, 0xFC, 0xDE, 0xFC, 0xDE, 0xFC, 0xDE, 0xFC, 0xDE, 0xFC, 0xDE, 0xFC, 0xDE, 0xFC, 0xDE,
    0xFC, 0xDE, 0xFC, 0xDE, 0xFC, 0xDE, 0xFC, 0xDE, 0xFC, 0xDE, 0xFC, 0xDE, 0xFC, 0xDE, 0xFC, 0xDE,
    0xFC, 0xDE, 0xFC, 0xDE, 0xFC, 0xDE, 0xFC, 0xDE, 0xFC, 0xDE, 0xDC, 0xDE, 0xDC, 0xDE, 0xDC, 0xDE,
    0xDC, 0xDE, 0xDC, 0xDE, 0xFC, 0xDE, 0xFC, 0xDE, 0xFC, 0xDE, 0xFC, 0xDE, 0xFC, 0xDE, 0xDC, 0xDE,
    0xFC, 0xDE, 0xFC, 0xDE, 0xFC, 0xDE, 0xFC, 0xDE, 0xFC, 0xDE, 0xFC, 0xDE, 0xFC, 0xDE, 0xDC, 0xDE,
    0xDC, 0xDE, 0xFC, 0xDE, 0xFC, 0xDE, 0xFC, 0xDE, 0xDC, 0xDE, 0xFC, 0xDE, 0xFC, 0xDE, 0xFC, 0xDE,
    0xFC, 0xDE, 0xFC, 0xDE, 0xFC, 0xDE, 0xFC, 0xDE, 0xFC, 0xDE, 0xFC, 0xDE, 0xFC, 0xDE, 0xFC, 0xDE,
    0xDC, 0xDE, 0xDC, 0xDE, 0xFC, 0xDE, 0xFC, 0xDE, 0xFC, 0xDE, 0xDC, 0xDE, 0xDC, 0xDE, 0xFC, 0xDE,
    0xDC, 0xDE, 0xDC, 0xDE, 0xFC, 0xDE, 0xFC, 0xDE, 0xFC, 0xDE, 0xDC, 0xDE, 0xDC, 0xDE, 0xDC, 0xDE,
    0xDB, 0xDE, 0xFC, 0xDE, 0x9E, 0xF7, 0x9D, 0xF7, 0xBE, 0xF7, 0x59, 0xCE, 0x52, 0x8C, 0x93, 0x8C,
    0x73, 0x8C, 0x56, 0xAD, 0x7A, 0xCE, 0x7A, 0xCE, 0x5A, 0xCE, 0xDC, 0xDE, 0x3C, 0xE7, 0x1C, 0xE7,
    0x7E, 0xEF, 0xAE, 0x73, 0x05, 0x21, 0x66, 0x29, 0x66, 0x29, 0x6D, 0x21, 0x71, 0x21, 0x71, 0x21,
    0x71, 0x21, 0x71, 0x21, 0x6D, 0x21, 0x86, 0x31, 0x86, 0x31, 0x45, 0x29, 0x49, 0x4A, 0xDB, 0xDE,
    0x3C, 0xE7, 0x1C, 0xE7, 0xFC, 0xDE, 0x7A, 0xCE, 0x7A, 0xCE, 0x9B, 0xD6, 0xB7, 0xB5, 0x93, 0x8C,
    0x94, 0x94, 0x93, 0x94, 0x7A, 0xCE, 0xBE, 0xFF, 0x9D, 0xF7, 0x9E, 0xF7, 0x3C, 0xE7, 0xDB, 0xDE,
    0xDC, 0xDE, 0xFC, 0xDE, 0xFC, 0xDE, 0xFC, 0xDE, 0xFC, 0xDE, 0xFC, 0xDE, 0xFC, 0xDE, 0xFC, 0xDE,
    0xFC, 0xDE, 0xFC, 0xDE, 0xFC, 0xDE, 0xFC, 0xDE, 0xFC, 0xDE, 0xFC, 0xDE, 0xFC, 0xDE, 0xFC, 0xDE,
    0xFC, 0xDE, 0xFC, 0xDE, 0xFC, 0xDE, 0xFC, 0xDE, 0xDC, 0xDE, 0xDC, 0xDE, 0xFC, 0xDE, 0xFC, 0xDE,
    0xFC, 0xDE, 0xFC, 0xDE, 0xFC, 0xDE, 0xFC, 0xDE, 0xFC, 0xDE, 0xFC, 0xDE, 0xFC, 0xDE, 0xFC, 0xDE,
    0xFC, 0xDE, 0xFC, 0xDE, 0xFC, 0xDE, 0xFC, 0xDE, 0xFC, 0xDE, 0xFC, 0xDE, 0xDC, 0xDE, 0xDC, 0xDE,
    0xDC, 0xDE, 0xFC, 0xDE, 0xFC, 0xDE, 0xFC, 0xDE, 0xFC, 0xDE, 0xFC, 0xDE, 0xFC, 0xDE, 0xFC, 0xDE,
    0xFC, 0xDE, 0xFC, 0xDE, 0xFC, 0xDE, 0xFC, 0xDE, 0xFC, 0xDE, 0xFB, 0xDE, 0xFB, 0xDE, 0xFC, 0xDE,
    0xFC, 0xDE, 0xFC, 0xDE, 0xFC, 0xDE, 0xFB, 0xDE, 0xFC, 0xDE, 0xFC, 0xDE, 0xFC, 0xDE, 0xFC, 0xDE,
    0xFC, 0xDE, 0xFC, 0xDE, 0xFC, 0xDE, 0xFC, 0xDE, 0xFC, 0xDE, 0xFC, 0xDE, 0xFC, 0xDE, 0xFC, 0xDE,
    0xFC, 0xDE, 0xFC, 0xDE, 0xFC, 0xDE, 0xFC, 0xDE, 0xFC, 0xDE, 0xFC, 0xDE, 0xFC, 0xDE, 0xFC, 0xDE,
    0xFC, 0xDE, 0xFC, 0xDE, 0xFC, 0xDE, 0xFC, 0xDE, 0xFC, 0xDE, 0xFC, 0xDE, 0xFC, 0xDE, 0xFC, 0xDE,
    0xFC, 0xDE, 0xFC, 0xDE, 0xFC, 0xDE, 0xFC, 0xDE, 0xFC, 0xDE, 0xFC, 0xDE, 0xFC, 0xDE, 0xFC, 0xDE,
    0xFB, 0xDE, 0xFB, 0xDE, 0xFB, 0xDE, 0xFC, 0xDE, 0xFC, 0xDE, 0xFC, 0xDE, 0xFC, 0xDE, 0xFC, 0xDE,
    0xFC, 0xDE, 0xFC, 0xDE, 0xFC, 0xDE, 0xFC, 0xDE, 0xFC, 0xDE, 0xFC, 0xDE, 0xFC, 0xDE, 0xFC, 0xDE,
    0xFC, 0xDE, 0xFC, 0xDE, 0xFC, 0xDE, 0xFC, 0xDE, 0xFC, 0xDE, 0xFC, 0xDE, 0xFC, 0xDE, 0xFC, 0xDE,
    0xFC, 0xDE, 0xDC, 0xDE, 0xDC, 0xDE, 0xDC, 0xDE, 0xDC, 0xDE, 0xFC, 0xDE, 0xFC, 0xDE, 0xFC, 0xDE,
    0xFC, 0xDE, 0xFC, 0xDE, 0xFC, 0xDE, 0xDC, 0xDE, 0xFC, 0xDE, 0xFC, 0xDE, 0xFC, 0xDE, 0xFC, 0xDE,
    0xFC, 0xDE, 0xFC, 0xDE, 0xFC, 0xDE, 0xDC, 0xDE, 0xDC, 0xDE, 0xFC, 0xDE, 0xFC, 0xDE, 0xFC, 0xDE,
    0xDC, 0xDE, 0xFC, 0xDE, 0xFC, 0xDE, 0xFC, 0xDE, 0xFC, 0xDE, 0xFC, 0xDE, 0xFC, 0xDE, 0xFC, 0xDE,
    0xFC, 0xDE, 0xFC, 0xDE, 0xFC, 0xDE, 0xDC, 0xDE, 0xDC, 0xDE, 0xFC, 0xDE, 0xFC, 0xDE, 0xFC, 0xDE,
    0xFC, 0xDE, 0xDC, 0xDE, 0xDC, 0xDE, 0xFC, 0xDE, 0xDC, 0xDE, 0xDC, 0xDE, 0xFC, 0xDE, 0xFC, 0xDE,
    0xFC, 0xDE, 0xDC, 0xDE, 0xDC, 0xDE, 0xDC, 0xDE, 0xDB, 0xDE, 0xFC, 0xDE, 0x9E, 0xF7, 0x9D, 0xF7,
    0xBE, 0xF7, 0x59, 0xCE, 0x52, 0x8C, 0x93, 0x8C, 0x73, 0x8C, 0x56, 0xAD, 0x7A, 0xCE, 0x7A, 0xCE,
    0x5A, 0xCE, 0xDC, 0xDE, 0x3C, 0xE7, 0x1C, 0xE7, 0x7E, 0xEF, 0xAE, 0x73, 0x05, 0x21, 0x66, 0x31,
    0x66, 0x29, 0x6D, 0x21, 0x71, 0x21, 0x71, 0x21, 0x71, 0x21, 0x71, 0x21, 0x6D, 0x21, 0x86, 0x31,
    0x86, 0x31, 0x45, 0x29, 0x49, 0x4A, 0xDB, 0xDE, 0x3C, 0xE7, 0x1C, 0xE7, 0xFC, 0xDE, 0x7A, 0xCE,
    0x7A, 0xCE, 0x9B, 0xD6, 0xB7, 0xB5, 0x93, 0x8C, 0x94, 0x94, 0x93, 0x94, 0x7A, 0xCE, 0xBE, 0xF7,
    0x9D, 0xF7, 0x9E, 0xF7, 0x3C, 0xE7, 0xDB, 0xDE, 0xDC, 0xDE, 0xDC, 0xDE, 0xFC, 0xDE, 0xFC, 0xDE,
    0xFC, 0xDE, 0xFC, 0xDE, 0xFC, 0xDE, 0xFC, 0xDE, 0xFC, 0xDE, 0xFC, 0xDE, 0xFC, 0xDE, 0xFC, 0xDE,
    0xFC, 0xDE, 0xFC, 0xDE, 0xFC, 0xDE, 0xFC, 0xDE, 0xFC, 0xDE, 0xFC, 0xDE, 0xFC, 0xDE, 0xFC, 0xDE,
    0xFC, 0xDE, 0xFC, 0xDE, 0xFC, 0xDE, 0xFC, 0xDE, 0xFC, 0xDE, 0xFC, 0xDE, 0xFC, 0xDE, 0xFC, 0xDE,
    0xFC, 0xDE, 0xFC, 0xDE, 0xFC, 0xDE, 0xFC, 0xDE, 0xFC, 0xDE, 0xFC, 0xDE, 0xFC, 0xDE, 0xFC, 0xDE,
    0xFC, 0xDE, 0xFC, 0xDE, 0xFC, 0xDE, 0xFC, 0xDE, 0xFC, 0xDE, 0xFC, 0xDE, 0xFC, 0xDE, 0xFC, 0xDE,
    0xFC, 0xDE, 0xFC, 0xDE, 0xFC, 0xDE, 0xFC, 0xDE, 0xFC, 0xDE, 0xDC, 0xDE, 0xFC, 0xDE, 0xFC, 0xDE,
    0xFC, 0xE6, 0xFC, 0xDE, 0xFC, 0xDE, 0xFC, 0xDE, 0xFC, 0xDE, 0xFC, 0xDE, 0xFC, 0xDE, 0xFC, 0xDE,
    0xFC, 0xDE, 0xFC, 0xDE, 0xFC, 0xDE, 0xFC, 0xDE, 0xFC, 0xDE, 0xFC, 0xDE, 0xFC, 0xDE, 0xFC, 0xDE,
    0xFC, 0xDE, 0xFC, 0xDE, 0xFC, 0xDE, 0xFC, 0xDE, 0xFC, 0xDE, 0xFC, 0xDE, 0xFC, 0xDE, 0xFC, 0xDE,
    0xFC, 0xDE, 0xFC, 0xDE, 0xFC, 0xDE, 0xFC, 0xDE, 0xFC, 0xDE, 0xFC, 0xDE, 0xFC, 0xDE, 0xFC, 0xDE,
    0xFC, 0xDE, 0xFC, 0xDE, 0xFC, 0xDE, 0xFC, 0xDE, 0xFC, 0xDE, 0xFC, 0xDE, 0xFC, 0xDE, 0xFC, 0xDE,
    0xFC, 0xDE, 0xFC, 0xDE, 0xFC, 0xDE, 0xFC, 0xDE, 0xFB, 0xDE, 0xFC, 0xDE, 0xFC, 0xDE, 0xFC, 0xDE,
    0xFC, 0xDE, 0xFC, 0xDE, 0xFC, 0xDE, 0xFC, 0xDE, 0xFC, 0xDE, 0xFC, 0xDE, 0xFC, 0xDE, 0xFC, 0xDE,
    0xFC, 0xDE, 0xFC, 0xDE, 0xFC, 0xDE, 0xFC, 0xDE, 0xFC, 0xDE, 0xFC, 0xDE, 0xFC, 0xDE, 0xFC, 0xDE,
    0xFC, 0xDE, 0xFC, 0xDE, 0xFC, 0xDE, 0xDC, 0xDE, 0xDC, 0xDE, 0xDC, 0xDE, 0xDC, 0xDE, 0xDC, 0xDE,
    0xDC, 0xDE, 0xFC, 0xDE, 0xFC, 0xDE, 0xFC, 0xDE, 0xFC, 0xDE, 0xFC, 0xDE, 0xFC, 0xDE, 0xFC, 0xDE,
    0xFC, 0xDE, 0xFC, 0xDE, 0xDC, 0xDE, 0xDC, 0xDE, 0xFC, 0xDE, 0xFC, 0xDE, 0xFC, 0xDE, 0xFC, 0xDE,
    0xFC, 0xDE, 0xFC, 0xDE, 0xFC, 0xDE, 0xFC, 0xDE, 0xDC, 0xDE, 0xFC, 0xDE, 0xFC, 0xDE, 0xFC, 0xDE,
    0xFC, 0xDE, 0xFC, 0xDE, 0xFC, 0xDE, 0xFC, 0xDE, 0xDC, 0xDE, 0xDC, 0xDE, 0xFC, 0xDE, 0xDC, 0xDE,
    0xDC, 0xDE, 0xFC, 0xDE, 0xFC, 0xDE, 0xFC, 0xDE, 0xFC, 0xDE, 0xDC, 0xDE, 0xDC, 0xDE, 0xDC, 0xDE,
    0xDC, 0xDE, 0xDC, 0xDE, 0xFC, 0xDE, 0xFC, 0xDE, 0xDC, 0xDE, 0xDC, 0xDE, 0xDC, 0xDE, 0xDC, 0xDE,
    0xDB, 0xDE, 0xFC, 0xDE, 0x9E, 0xF7, 0x9D, 0xF7, 0xBE, 0xF7, 0x59, 0xCE, 0x73, 0x8C, 0x93, 0x8C,
    0x73, 0x8C, 0x56, 0xAD, 0x7A, 0xCE, 0x7A, 0xCE, 0x5A, 0xCE, 0xDC, 0xDE, 0x3C, 0xE7, 0x1C, 0xE7,
    0x7D, 0xEF, 0x8E, 0x73, 0x05, 0x21, 0x86, 0x31, 0x66, 0x29, 0x6D, 0x21, 0x71, 0x21, 0x71, 0x21,
    0x71, 0x21, 0x71, 0x21, 0x6D, 0x21, 0x86, 0x31, 0x86, 0x31, 0x45, 0x29, 0x49, 0x4A, 0xBB, 0xD6,
    0x3C, 0xE7, 0x1C, 0xE7, 0xFC, 0xDE, 0x7A, 0xCE, 0x7A, 0xCE, 0x9B, 0xD6, 0xB7, 0xB5, 0x93, 0x94,
    0x94, 0x94, 0x93, 0x94, 0x7A, 0xCE, 0xBE, 0xF7, 0x9D, 0xF7, 0x9E, 0xF7, 0x3C, 0xE7, 0xDB, 0xDE,
    0xDC, 0xDE, 0xDC, 0xDE, 0xFC, 0xDE, 0xFC, 0xDE, 0xFC, 0xDE, 0xFC, 0xDE, 0xFC, 0xDE, 0xFC, 0xDE,
    0xFC, 0xDE, 0xFC, 0xDE, 0xFC, 0xDE, 0xFC, 0xDE, 0xFC, 0xDE, 0xFC, 0xDE, 0xFC, 0xDE, 0xFC, 0xDE,
    0xFC, 0xDE, 0xFC, 0xDE, 0xDC, 0xDE, 0xDC, 0xDE, 0xFC, 0xDE, 0xFC, 0xDE, 0xFC, 0xDE, 0xFC, 0xDE,
    0xFC, 0xDE, 0xFC, 0xDE, 0xFC, 0xDE, 0xFC, 0xDE, 0xFC, 0xDE, 0xDC, 0xDE, 0xDC, 0xDE, 0xDC, 0xDE,
    0xFC, 0xDE, 0xFC, 0xDE, 0xFC, 0xDE, 0xFC, 0xDE, 0xDC, 0xDE, 0xFC, 0xDE, 0xFC, 0xDE, 0xFC, 0xDE,
    0xFC, 0xDE, 0xFC, 0xDE, 0xFC, 0xDE, 0xFC, 0xDE, 0xFC, 0xDE, 0xFC, 0xDE, 0xFC, 0xDE, 0xFC, 0xDE,
    0xDC, 0xDE, 0xDC, 0xDE, 0xFC, 0xDE, 0xFC, 0xDE, 0xFC, 0xDE, 0xFC, 0xDE, 0xFC, 0xDE, 0xDC, 0xDE,
    0xDC, 0xDE, 0xDC, 0xDE, 0xDC, 0xDE, 0xFC, 0xDE, 0xFC, 0xDE, 0xFC, 0xDE, 0xDC, 0xDE, 0xDC, 0xDE,
    0xDB, 0xDE, 0xFC, 0xDE, 0xFC, 0xDE, 0xDC, 0xDE, 0xFC, 0xDE, 0xFC, 0xDE, 0xFC, 0xDE, 0xDC, 0xDE,
    0xDC, 0xDE, 0xDC, 0xDE, 0xDC, 0xDE, 0xFC, 0xDE, 0xFC, 0xDE, 0xFC, 0xDE, 0xFC, 0xDE, 0xFC, 0xDE,
    0xFC, 0xDE, 0xFC, 0xDE, 0xFC, 0xDE, 0xFC, 0xDE, 0xFC, 0xDE, 0xFC, 0xDE, 0xFC, 0xDE, 0xFC, 0xDE,
    0xFC, 0xDE, 0xFC, 0xDE, 0xFC, 0xDE, 0xFC, 0xDE, 0xFC, 0xDE, 0xDB, 0xDE, 0xDC, 0xDE, 0xDC, 0xDE,
    0xDC, 0xDE, 0xDC, 0xDE, 0xDC, 0xDE, 0xFC, 0xDE, 0xFC, 0xDE, 0xFC, 0xDE, 0xFC, 0xDE, 0xFC, 0xDE,
    0xFC, 0xDE, 0xFC, 0xDE, 0xFC, 0xDE, 0xFC, 0xDE, 0xFC, 0xDE, 0xDC, 0xDE, 0xDC, 0xDE, 0xDC, 0xDE,
    0xDC, 0xDE, 0xDC, 0xDE, 0xDC, 0xDE, 0xDC, 0xDE, 0xFC, 0xDE, 0xDC, 0xDE, 0xDC, 0xDE, 0xDB, 0xDE,
    0xDC, 0xDE, 0xDC, 0xDE, 0xDC, 0xDE, 0xFC, 0xDE, 0xFC, 0xDE, 0xDC, 0xDE, 0xFC, 0xDE, 0xFC, 0xDE,
    0xFC, 0xDE, 0xFC, 0xDE, 0xFC, 0xDE, 0xFC, 0xDE, 0xFC, 0xDE, 0xDC, 0xDE, 0xDC, 0xDE, 0xDC, 0xDE,
    0xFC, 0xDE, 0xFC, 0xDE, 0xFC, 0xDE, 0xFC, 0xDE, 0xFC, 0xDE, 0xFC, 0xDE, 0xFC, 0xDE, 0xFC, 0xDE,
    0xDC, 0xDE, 0xFC, 0xDE, 0xFC, 0xDE, 0xFC, 0xDE, 0xFC, 0xDE, 0xFC, 0xDE, 0xFC, 0xDE, 0xFC, 0xDE,
    0xDC, 0xDE, 0xDC, 0xDE, 0xFC, 0xDE, 0xFC, 0xDE, 0xDC, 0xDE, 0xDC, 0xDE, 0xFC, 0xDE, 0xFC, 0xDE,
    0xFC, 0xDE, 0xDC, 0xDE, 0xDC, 0xDE, 0xDC, 0xDE, 0xDC, 0xDE, 0xDC, 0xDE, 0xDC, 0xDE, 0xFC, 0xDE,
    0xDC, 0xDE, 0xDC, 0xDE, 0xDC, 0xDE, 0xDC, 0xDE, 0xDB, 0xDE, 0xFC, 0xDE, 0x9E, 0xF7, 0x9D, 0xF7,
    0xBE, 0xF7, 0x59, 0xCE, 0x73, 0x8C, 0x93, 0x8C, 0x73, 0x8C, 0x56, 0xAD, 0x7A, 0xCE, 0x7A, 0xCE,
    0x5A, 0xCE, 0xDC, 0xDE, 0x3C, 0xE7, 0x1C, 0xE7, 0x7D, 0xEF, 0xAE, 0x73, 0x05, 0x21, 0x86, 0x31,
    0x66, 0x29, 0x6D, 0x21, 0x71, 0x21, 0x71, 0x21, 0x71, 0x21, 0x71, 0x21, 0x6D, 0x21, 0x86, 0x31,
    0x86, 0x31, 0x45, 0x29, 0x49, 0x4A, 0xBB, 0xD6, 0x3C, 0xE7, 0x1C, 0xE7, 0xFC, 0xDE, 0x9A, 0xCE,
    0x7A, 0xCE, 0x9B, 0xD6, 0xB7, 0xB5, 0x93, 0x8C, 0xB4, 0x94, 0x93, 0x94, 0x7A, 0xCE, 0xBE, 0xF7,
    0x9D, 0xF7, 0x9E, 0xF7, 0x3C, 0xE7, 0xDB, 0xDE, 0xDC, 0xDE, 0xDC, 0xDE, 0xFC, 0xDE, 0xFC, 0xDE,
    0xFC, 0xDE, 0xFC, 0xDE, 0xFC, 0xDE, 0xFC, 0xDE, 0xFC, 0xDE, 0xFC, 0xDE, 0xFC, 0xDE, 0xFC, 0xDE,
    0xFC, 0xDE, 0xFC, 0xDE, 0xFC, 0xDE, 0xFC, 0xDE, 0xFC, 0xDE, 0xFC, 0xDE, 0xFC, 0xDE, 0xFC, 0xDE,
    0xFC, 0xDE, 0xFC, 0xDE, 0xFC, 0xDE, 0xDC, 0xDE, 0xFC, 0xDE, 0xFC, 0xDE, 0xFC, 0xDE, 0xFC, 0xDE,
    0xFC, 0xDE, 0xFC, 0xDE, 0xFC, 0xDE, 0xFC, 0xDE, 0xFC, 0xDE, 0xFC, 0xDE, 0xDC, 0xDE, 0xDC, 0xDE,
    0xDC, 0xDE, 0xFC, 0xDE, 0xFC, 0xDE, 0xFC, 0xDE, 0xFC, 0xDE, 0xFC, 0xDE, 0xFC, 0xDE, 0xFC, 0xDE,
    0xFC, 0xDE, 0xFC, 0xDE, 0xFC, 0xDE, 0x1C, 0xE7, 0x3D, 0xE7, 0x3D, 0xE7, 0x1C, 0xE7, 0x1C, 0xE7,
    0x1D, 0xE7, 0x3D, 0xE7, 0x3D, 0xE7, 0x1D, 0xE7, 0x1C, 0xE7, 0x1D, 0xE7, 0x1C, 0xE7, 0xFC, 0xDE,
    0xFC, 0xDE, 0xDC, 0xDE, 0xFC, 0xE6, 0x1D, 0xE7, 0x1C, 0xE7, 0x1C, 0xE7, 0x3D, 0xE7, 0x3D, 0xE7,
    0x3D, 0xE7, 0x1C, 0xE7, 0x1C, 0xE7, 0x1C, 0xE7, 0x1C, 0xE7, 0x3D, 0xE7, 0x1C, 0xE7, 0xFC, 0xDE,
    0xDC, 0xDE, 0xFC, 0xDE, 0xFC, 0xDE, 0xFC, 0xDE, 0xFC, 0xDE, 0xFC, 0xDE, 0xFC, 0xDE, 0xFC, 0xDE,
    0xFC, 0xDE, 0xFC, 0xDE, 0xFC, 0xDE, 0xFC, 0xDE, 0xFC, 0xDE, 0xFC, 0xDE, 0xFC, 0xDE, 0xFC, 0xDE,
    0x1C, 0xE7, 0x1D, 0xE7, 0x1C, 0xE7, 0x1D, 0xE7, 0x3D, 0xE7, 0x3D, 0xE7, 0x1C, 0xE7, 0xFC, 0xDE,
    0xDC, 0xDE, 0xFC, 0xDE, 0xFC, 0xDE, 0xDC, 0xDE, 0xFC, 0xDE, 0xFC, 0xDE, 0xFC, 0xDE, 0xFC, 0xDE,
    0xFC, 0xDE, 0xDC, 0xDE, 0xDC, 0xDE, 0xFC, 0xE6, 0xFC, 0xE6, 0xFC, 0xE6, 0x1C, 0xE7, 0xFC, 0xE6,
    0xDC, 0xDE, 0xFC, 0xDE, 0xDC, 0xDE, 0xDC, 0xDE, 0xDC, 0xDE, 0xDC, 0xDE, 0xFC, 0xDE, 0xFC, 0xDE,
    0xFC, 0xDE, 0xFC, 0xDE, 0xFC, 0xDE, 0xDC, 0xDE, 0xFC, 0xDE, 0xFC, 0xDE, 0xFC, 0xDE, 0xFC, 0xDE,
    0xFC, 0xDE, 0xDC, 0xDE, 0xDC, 0xDE, 0xDC, 0xDE, 0xFC, 0xDE, 0xFC, 0xDE, 0xFC, 0xDE, 0xFC, 0xDE,
    0xFC, 0xDE, 0xFC, 0xDE, 0xFC, 0xDE, 0xFC, 0xDE, 0xFC, 0xDE, 0xDC, 0xDE, 0xFC, 0xDE, 0xFC, 0xDE,
    0xFC, 0xDE, 0xFC, 0xDE, 0xFC, 0xDE, 0xFC, 0xDE, 0xFC, 0xDE, 0xDC, 0xDE, 0xDC, 0xDE, 0xFC, 0xDE,
    0xFC, 0xDE, 0xFC, 0xDE, 0xFC, 0xDE, 0xFC, 0xDE, 0xFC, 0xDE, 0xDC, 0xDE, 0xDC, 0xDE, 0xDC, 0xDE,
    0xDC, 0xDE, 0xDC, 0xDE, 0xDC, 0xDE, 0xDC, 0xDE, 0xDC, 0xDE, 0xFC, 0xDE, 0xDC, 0xDE, 0xDC, 0xDE,
    0xDB, 0xDE, 0xFC, 0xDE, 0x9E, 0xF7, 0x9D, 0xF7, 0xBE, 0xF7, 0x59, 0xCE, 0x73, 0x8C, 0x93, 0x8C,
    0x73, 0x8C, 0x56, 0xAD, 0x7A, 0xCE, 0x7A, 0xCE, 0x5A, 0xCE, 0xDC, 0xDE, 0x3C, 0xE7, 0x1C, 0xE7,
    0x7E, 0xEF, 0xAE, 0x73, 0x05, 0x21, 0x86, 0x31, 0x86, 0x31, 0x6D, 0x21, 0x71, 0x21, 0x71, 0x21,
    0x71, 0x21, 0x71, 0x21, 0x6D, 0x21, 0x86, 0x31, 0x86, 0x31, 0x65, 0x29, 0x69, 0x4A, 0xDB, 0xDE,
    0x3C, 0xE7, 0x1C, 0xE7, 0xFC, 0xDE, 0x9A, 0xCE, 0x7A, 0xCE, 0x9B, 0xD6, 0xB8, 0xB5, 0x93, 0x94,
    0xB4, 0x94, 0x93, 0x94, 0x7A, 0xCE, 0xBE, 0xF7, 0x9D, 0xF7, 0x9E, 0xF7, 0x3C, 0xE7, 0xDB, 0xDE,
    0xDC, 0xDE, 0xDC, 0xDE, 0xFC, 0xDE, 0xFC, 0xDE, 0xFC, 0xDE, 0xFC, 0xDE, 0xFC, 0xDE, 0xFC, 0xDE,
    0xFC, 0xDE, 0xFC, 0xDE, 0xFC, 0xDE, 0xFC, 0xDE, 0xFC, 0xDE, 0xFC, 0xDE, 0xFC, 0xDE, 0xFC, 0xDE,
    0xFC, 0xDE, 0xFC, 0xDE, 0xFC, 0xDE, 0xFC, 0xDE, 0xFC, 0xDE, 0xFC, 0xDE, 0xFC, 0xDE, 0xDC, 0xDE,
    0xFC, 0xDE, 0xFC, 0xDE, 0xFC, 0xDE, 0xFC, 0xDE, 0xFC, 0xDE, 0xFC, 0xDE, 0xFC, 0xDE, 0xFC, 0xDE,
    0xFC, 0xDE, 0xFC, 0xDE, 0xFC, 0xDE, 0xFC, 0xDE, 0xFC, 0xDE, 0xFC, 0xDE, 0xFC, 0xDE, 0xFC, 0xDE,
    0xFC, 0xDE, 0xFC, 0xDE, 0xFC, 0xDE, 0xFC, 0xDE, 0xDC, 0xDE, 0xFC, 0xDE, 0xDB, 0xDE, 0x18, 0xCE,
    0xF8, 0xC5, 0xD7, 0xBD, 0xB6, 0xB5, 0xB7, 0xB5, 0xD7, 0xBD, 0xD7, 0xBD, 0xB7, 0xBD, 0xB7, 0xBD,
    0xB7, 0xBD, 0xB6, 0xBD, 0x39, 0xCE, 0xFC, 0xDE, 0xFC, 0xDE, 0xFC, 0xE6, 0x9A, 0xD6, 0xD7, 0xBD,
    0xB7, 0xB5, 0xD7, 0xBD, 0xD7, 0xBD, 0xD7, 0xBD, 0xD7, 0xBD, 0xD7, 0xBD, 0xD7, 0xBD, 0xD7, 0xBD,
    0xD7, 0xBD, 0xD7, 0xBD, 0xD7, 0xBD, 0xBB, 0xD6, 0xFC, 0xDE, 0xDC, 0xDE, 0xFC, 0xDE, 0xFC, 0xDE,
    0xFC, 0xDE, 0xFC, 0xDE, 0xFC, 0xDE, 0xFC, 0xDE, 0xFC, 0xDE, 0xFC, 0xDE, 0xFC, 0xDE, 0xDC, 0xDE,
    0xDC, 0xDE, 0xDC, 0xDE, 0xDC, 0xDE, 0xDC, 0xDE, 0x18, 0xC6, 0xD7, 0xB5, 0xD7, 0xB5, 0xF8, 0xB5,
    0x18, 0xBE, 0xF8, 0xB5, 0x18, 0xBE, 0xDB, 0xDE, 0xDC, 0xDE, 0xFC, 0xDE, 0xFC, 0xDE, 0xFC, 0xDE,
    0xFC, 0xDE, 0xFC, 0xDE, 0xFC, 0xDE, 0xFC, 0xDE, 0xFC, 0xDE, 0xFC, 0xDE, 0xDC, 0xDE, 0xBB, 0xD6,
    0x7A, 0xCE, 0x9A, 0xCE, 0x9A, 0xCE, 0x9B, 0xCE, 0xFC, 0xDE, 0xFC, 0xE6, 0xDB, 0xDE, 0xDB, 0xDE,
    0xFC, 0xDE, 0xDC, 0xDE, 0xFC, 0xDE, 0xFC, 0xDE, 0xFC, 0xDE, 0xFC, 0xDE, 0xDC, 0xDE, 0xDC, 0xDE,
    0xDC, 0xDE, 0xDC, 0xDE, 0xDC, 0xDE, 0xDC, 0xDE, 0xFC, 0xDE, 0xDC, 0xDE, 0xDC, 0xDE, 0xDC, 0xDE,
    0xFC, 0xDE, 0xFC, 0xDE, 0xFC, 0xDE, 0xFC, 0xDE, 0xFC, 0xDE, 0xFC, 0xDE, 0xFC, 0xDE, 0xFC, 0xDE,
    0xFC, 0xDE, 0xDC, 0xDE, 0xFC, 0xDE, 0xFC, 0xDE, 0xFC, 0xDE, 0xFC, 0xDE, 0xFC, 0xDE, 0xFC, 0xDE,
    0xDC, 0xDE, 0xDC, 0xDE, 0xDC, 0xDE, 0xDC, 0xDE, 0xFC, 0xDE, 0xFC, 0xDE, 0xFC, 0xDE, 0xFC, 0xDE,
    0xFC, 0xDE, 0xDC, 0xDE, 0xDC, 0xDE, 0xDC, 0xDE, 0xDC, 0xDE, 0xDC, 0xDE, 0xDC, 0xDE, 0xDC, 0xDE,
    0xDC, 0xDE, 0xDC, 0xDE, 0xDC, 0xDE, 0xDC, 0xDE, 0xDB, 0xDE, 0xFC, 0xDE, 0x9E, 0xF7, 0x9D, 0xF7,
    0xBE, 0xF7, 0x59, 0xCE, 0x73, 0x8C, 0x93, 0x8C, 0x73, 0x8C, 0x56, 0xAD, 0x7A, 0xCE, 0x7A, 0xCE,
    0x5A, 0xCE, 0xDC, 0xDE, 0x3C, 0xE7, 0x1C, 0xE7, 0x7E, 0xEF, 0xAE, 0x73, 0x05, 0x21, 0x86, 0x31,
    0x86, 0x31, 0x6D, 0x21, 0x71, 0x21, 0x71, 0x21, 0x71, 0x21, 0x71, 0x21, 0x6D, 0x21, 0x86, 0x31,
    0x86, 0x31, 0x45, 0x29, 0x69, 0x4A, 0xDB, 0xDE, 0x3C, 0xE7, 0x1C, 0xE7, 0xFC, 0xDE, 0x9A, 0xCE,
    0x7A, 0xCE, 0x9B, 0xD6, 0xB8, 0xB5, 0x93, 0x94, 0xB4, 0x94, 0x93, 0x94, 0x7A, 0xCE, 0xBE, 0xF7,
    0x9D, 0xF7, 0x9E, 0xF7, 0x3C, 0xE7, 0xDB, 0xDE, 0xDC, 0xDE, 0xDC, 0xDE, 0xFC, 0xDE, 0xFC, 0xDE,
    0xFC, 0xDE, 0xFC, 0xDE, 0xFC, 0xDE, 0xFC, 0xDE, 0xFC, 0xDE, 0xFC, 0xDE, 0xFC, 0xDE, 0xFC, 0xDE,
    0xFC, 0xDE, 0xFC, 0xDE, 0xFC, 0xDE, 0xFC, 0xDE, 0xFC, 0xDE, 0xFC, 0xDE, 0xFC, 0xDE, 0xFC, 0xDE,
    0xFC, 0xDE, 0xFC, 0xDE, 0xFC, 0xDE, 0xDC, 0xDE, 0xFC, 0xDE, 0xFC, 0xDE, 0xFC, 0xDE, 0xFC, 0xDE,
    0xFC, 0xDE, 0xFC, 0xDE, 0xFC, 0xDE, 0xFC, 0xDE, 0xFC, 0xDE, 0xFC, 0xDE, 0xFC, 0xDE, 0xFC, 0xDE,
    0xDC, 0xDE, 0xDC, 0xDE, 0xDC, 0xDE, 0xDC, 0xDE, 0xFC, 0xDE, 0xFC, 0xDE, 0xFC, 0xDE, 0xFC, 0xDE,
    0xDB, 0xDE, 0xFC, 0xE6, 0x59, 0xD6, 0x86, 0x41, 0x62, 0x18, 0x82, 0x18, 0x82, 0x18, 0xA3, 0x18,
    0xC3, 0x18, 0xC3, 0x18, 0xA3, 0x10, 0x82, 0x10, 0xA2, 0x18, 0x41, 0x08, 0x8E, 0x73, 0x5D, 0xEF,
    0xBB, 0xDE, 0x3D, 0xE7, 0x93, 0x94, 0xC3, 0x18, 0xE4, 0x18, 0xE4, 0x18, 0xE3, 0x18, 0xC3, 0x18,
    0xE3, 0x18, 0xE3, 0x18, 0xE3, 0x18, 0x04, 0x19, 0x04, 0x19, 0xA3, 0x18, 0x25, 0x29, 0xF8, 0xC5,
    0x1C, 0xE7, 0xDC, 0xDE, 0xFC, 0xDE, 0xFC, 0xDE, 0xFC, 0xDE, 0xFC, 0xDE, 0xFC, 0xDE, 0xFC, 0xDE,
    0xFC, 0xDE, 0xFC, 0xDE, 0xFC, 0xDE, 0xFC, 0xDE, 0xDC, 0xDE, 0xBB, 0xDE, 0xFC, 0xDE, 0x9A, 0xCE,
    0x29, 0x3A, 0xC3, 0x08, 0xE4, 0x10, 0x04, 0x11, 0x25, 0x19, 0xE4, 0x10, 0x8A, 0x4A, 0xDB, 0xD6,
    0xFC, 0xDE, 0xDC, 0xDE, 0xFC, 0xDE, 0xDC, 0xDE, 0xFC, 0xDE, 0xFC, 0xDE, 0xFC, 0xDE, 0x1C, 0xE7,
    0x9A, 0xD6, 0xEC, 0x5A, 0x6A, 0x42, 0xC7, 0x29, 0x86, 0x21, 0x86, 0x21, 0x66, 0x21, 0xE8, 0x31,
    0xAA, 0x4A, 0x8E, 0x73, 0xBB, 0xD6, 0xFC, 0xDE, 0xDC, 0xDE, 0xFC, 0xDE, 0xFC, 0xDE, 0xFC, 0xDE,
    0xFC, 0xDE, 0xFC, 0xDE, 0xFC, 0xDE, 0xFC, 0xDE, 0xFC, 0xDE, 0xFC, 0xDE, 0xFC, 0xDE, 0xFC, 0xDE,
    0xFC, 0xDE, 0xDC, 0xDE, 0xDC, 0xDE, 0xDC, 0xDE, 0xFC, 0xDE, 0xFC, 0xDE, 0xFC, 0xDE, 0xFC, 0xDE,
    0xFC, 0xDE, 0xFC, 0xDE, 0xFC, 0xDE, 0xFC, 0xDE, 0xFC, 0xDE, 0xFC, 0xDE, 0xFC, 0xDE, 0xDC, 0xDE,
    0xDC, 0xDE, 0xFC, 0xDE, 0xFC, 0xDE, 0xFC, 0xDE, 0xFC, 0xDE, 0xDC, 0xDE, 0xDC, 0xDE, 0xFC, 0xDE,
    0xFC, 0xDE, 0xFC, 0xDE, 0xFC, 0xDE, 0xFC, 0xDE, 0xFC, 0xDE, 0xDC, 0xDE, 0xDC, 0xDE, 0xDC, 0xDE,
    0xDC, 0xDE, 0xDC, 0xDE, 0xDC, 0xDE, 0xDC, 0xDE, 0xDC, 0xDE, 0xDC, 0xDE, 0xDC, 0xDE, 0xDC, 0xDE,
    0xDB, 0xDE, 0xFC, 0xDE, 0x9E, 0xF7, 0x9D, 0xF7, 0xBE, 0xF7, 0x59, 0xCE, 0x73, 0x8C, 0x93, 0x8C,
    0x73, 0x8C, 0x56, 0xAD, 0x7A, 0xCE, 0x7A, 0xCE, 0x5A, 0xCE, 0xDC, 0xDE, 0x3D, 0xE7, 0x1C, 0xE7,
    0x9E, 0xF7, 0xAF, 0x73, 0x05, 0x21, 0x86, 0x31, 0x86, 0x31, 0x6D, 0x21, 0x71, 0x21, 0x71, 0x21,
    0x71, 0x21, 0x71, 0x21, 0x6D, 0x21, 0x86, 0x31, 0x86, 0x31, 0x45, 0x29, 0x49, 0x4A, 0xDB, 0xDE,
    0x3C, 0xE7, 0x1C, 0xE7, 0xFC, 0xDE, 0x9A, 0xCE, 0x7A, 0xCE, 0x9B, 0xD6, 0xB7, 0xB5, 0x93, 0x94,
    0xB4, 0x94, 0x93, 0x94, 0x7A, 0xCE, 0xBE, 0xF7, 0x9D, 0xF7, 0x9E, 0xF7, 0x3C, 0xE7, 0xDB, 0xDE,
    0xDC, 0xDE, 0xFC, 0xDE, 0xFC, 0xDE, 0xFC, 0xDE, 0xFC, 0xDE, 0xFC, 0xDE, 0xFC, 0xDE, 0xFC, 0xDE,
    0xFC, 0xDE, 0xFC, 0xDE, 0xFC, 0xDE, 0xDC, 0xDE, 0xDC, 0xDE, 0xDC, 0xDE, 0xDC, 0xDE, 0xDC, 0xDE,
    0xDC, 0xDE, 0xDC, 0xDE, 0xFC, 0xDE, 0xFC, 0xDE, 0xFC, 0xDE, 0xFC, 0xDE, 0xFC, 0xDE, 0xFC, 0xDE,
    0xFC, 0xDE, 0xFC, 0xDE, 0xFC, 0xDE, 0xFC, 0xDE, 0xFC, 0xDE, 0xDC, 0xE6, 0xDC, 0xDE, 0xFC, 0xDE,
    0xFB, 0xDE, 0xFB, 0xDE, 0xFC, 0xDE, 0xFC, 0xDE, 0xFC, 0xDE, 0xFC, 0xDE, 0xDC, 0xE6, 0xFC, 0xDE,
    0xFC, 0xDE, 0xFC, 0xDE, 0xFC, 0xDE, 0xFC, 0xDE, 0xFC, 0xDE, 0x1C, 0xE7, 0x7A, 0xD6, 0x04, 0x39,
    0x00, 0x10, 0x41, 0x20, 0xA2, 0x28, 0xA3, 0x28, 0xA3, 0x28, 0x82, 0x28, 0x82, 0x20, 0x82, 0x20,
    0x62, 0x28, 0x00, 0x10, 0x6E, 0x73, 0x5D, 0xEF, 0xDB, 0xDE, 0x5D, 0xEF, 0x71, 0x8C, 0x41, 0x08,
    0xC2, 0x18, 0xC3, 0x28, 0xA3, 0x28, 0xA2, 0x28, 0xC3, 0x28, 0xE3, 0x30, 0xE3, 0x30, 0xE3, 0x28,
    0xE3, 0x28, 0x21, 0x18, 0x82, 0x20, 0xF7, 0xBD, 0x1C, 0xE7, 0xFC, 0xDE, 0xFB, 0xDE, 0xFB, 0xDE,
    0xFC, 0xDE, 0xFC, 0xDE, 0xFC, 0xDE, 0xFC, 0xDE, 0xFC, 0xDE, 0xFC, 0xDE, 0xFC, 0xDE, 0xDC, 0xDE,
    0x1C, 0xDF, 0x3C, 0xE7, 0x5D, 0xEF, 0x39, 0xC6, 0x45, 0x21, 0x04, 0x09, 0xA6, 0x09, 0xC7, 0x01,
    0x46, 0x09, 0x83, 0x00, 0x8A, 0x42, 0x1C, 0xD7, 0xFC, 0xE6, 0xDC, 0xE6, 0xFC, 0xDE, 0xFC, 0xDE,
    0xFC, 0xDE, 0xFC, 0xDE, 0xDC, 0xDE, 0x1C, 0xE7, 0x39, 0xC6, 0x04, 0x11, 0xA2, 0x00, 0x24, 0x01,
    0x86, 0x09, 0x66, 0x01, 0x45, 0x01, 0x45, 0x09, 0x82, 0x00, 0xC8, 0x31, 0x9B, 0xD6, 0xFC, 0xDE,
    0xFB, 0xDE, 0xFB, 0xDE, 0xFB, 0xDE, 0xFC, 0xDE, 0xFC, 0xDE, 0xFC, 0xDE, 0xBB, 0xDE, 0x9A, 0xD6,
    0xBB, 0xD6, 0xBB, 0xD6, 0xBA, 0xD6, 0xBA, 0xD6, 0xDC, 0xDE, 0xDC, 0xDE, 0xFB, 0xDE, 0xFB, 0xDE,
    0xDC, 0xDE, 0xFB, 0xDE, 0xDB, 0xE6, 0xFB, 0xDE, 0xFB, 0xDE, 0xFC, 0xDE, 0xDB, 0xDE, 0xDB, 0xDE,
    0xDC, 0xDE, 0xDC, 0xE6, 0xDC, 0xDE, 0xFB, 0xDE, 0xFB, 0xDE, 0xFB, 0xDE, 0xDC, 0xDE, 0xDC, 0xDE,
    0xDC, 0xDE, 0xDC, 0xDE, 0xDC, 0xDE, 0xDC, 0xDE, 0xFC, 0xDE, 0xFC, 0xDE, 0xFC, 0xDE, 0xFC, 0xDE,
    0xFC, 0xDE, 0xFC, 0xDE, 0xFC, 0xDE, 0xFC, 0xDE, 0xFC, 0xDE, 0xFC, 0xDE, 0xFC, 0xDE, 0xFC, 0xDE,
    0xDC, 0xDE, 0xDC, 0xDE, 0xDC, 0xDE, 0xDC, 0xDE, 0xDB, 0xDE, 0xFC, 0xDE, 0x7D, 0xEF, 0x9D, 0xF7,
    0xBE, 0xF7, 0x5A, 0xCE, 0x73, 0x8C, 0x93, 0x8C, 0x73, 0x8C, 0x56, 0xAD, 0x7A, 0xCE, 0x7A, 0xCE,
    0x5A, 0xCE, 0xDC, 0xDE, 0x3D, 0xE7, 0x1C, 0xE7, 0x7E, 0xEF, 0xAE, 0x73, 0x05, 0x21, 0x86, 0x31,
    0x66, 0x29, 0x6D, 0x21, 0x71, 0x21, 0x71, 0x21, 0x71, 0x21, 0x71, 0x21, 0x6D, 0x21, 0x86, 0x31,
    0x86, 0x31, 0x45, 0x29, 0x49, 0x4A, 0xDB, 0xDE, 0x3C, 0xE7, 0x1C, 0xE7, 0xFC, 0xDE, 0x9A, 0xCE,
    0x7A, 0xCE, 0x9B, 0xD6, 0xB7, 0xB5, 0x93, 0x8C, 0xB4, 0x94, 0x93, 0x94, 0x7A, 0xCE, 0xBE, 0xF7,
    0x9D, 0xF7, 0x9E, 0xF7, 0x3C, 0xE7, 0xDB, 0xDE, 0xDC, 0xDE, 0xFC, 0xDE, 0xFC, 0xDE, 0xFC, 0xDE,
    0xFC, 0xDE, 0xFC, 0xDE, 0xFC, 0xDE, 0xFC, 0xDE, 0xFC, 0xDE, 0xFC, 0xDE, 0xFC, 0xDE, 0xFC, 0xDE,
    0xFC, 0xDE, 0xFC, 0xDE, 0xFC, 0xDE, 0xFC, 0xDE, 0xFC, 0xDE, 0xFC, 0xDE, 0xFC, 0xDE, 0xFC, 0xDE,
    0xFC, 0xDE, 0xFC, 0xDE, 0xFC, 0xDE, 0xFC, 0xDE, 0xFC, 0xDE, 0xDC, 0xDE, 0xDC, 0xDE, 0xFC, 0xDE,
    0xFC, 0xDE, 0xFC, 0xDE, 0xFC, 0xDE, 0xFC, 0xDE, 0xFC, 0xDE, 0xFC, 0xDE, 0xDC, 0xE6, 0xDC, 0xDE,
    0xFB, 0xDE, 0xFB, 0xDE, 0xDB, 0xDE, 0xDB, 0xDE, 0xDB, 0xDE, 0xDB, 0xDE, 0xDB, 0xDE, 0xDB, 0xDE,
    0xDB, 0xDE, 0x1C, 0xE7, 0x39, 0xCE, 0xA7, 0x59, 0xE4, 0x68, 0x28, 0xA2, 0xAB, 0xC2, 0x6B, 0xC2,
    0x6A, 0xC2, 0x2A, 0xBA, 0x4A, 0xB2, 0x8A, 0xBA, 0x09, 0xB2, 0x41, 0x48, 0x2C, 0x73, 0x1C, 0xE7,
    0xBB, 0xD6, 0x3C, 0xE7, 0x0F, 0x8C, 0xE5, 0x60, 0x09, 0x92, 0x6A, 0xB2, 0x4A, 0xC2, 0x49, 0xBA,
    0x6A, 0xBA, 0x8A, 0xBA, 0x6A, 0xC2, 0x4A, 0xC2, 0x6A, 0xBA, 0xA7, 0x91, 0x45, 0x69, 0x08, 0x5A,
    0x08, 0x4A, 0xD3, 0x9C, 0x3D, 0xE7, 0xDB, 0xDE, 0xFC, 0xDE, 0xFC, 0xDE, 0xFC, 0xDE, 0xFC, 0xDE,
    0xFC, 0xDE, 0xFC, 0xDE, 0xDC, 0xDE, 0xFC, 0xDE, 0xB7, 0xB5, 0x52, 0x8C, 0xB3, 0x94, 0x11, 0x7C,
    0x04, 0x09, 0xCE, 0x2B, 0x95, 0x3D, 0x75, 0x35, 0x50, 0x34, 0xC3, 0x00, 0x49, 0x42, 0xFB, 0xD6,
    0xDC, 0xE6, 0xDC, 0xDE, 0xFC, 0xDE, 0xFC, 0xDE, 0xFC, 0xDE, 0xFC, 0xDE, 0xDB, 0xDE, 0x1C, 0xE7,
    0x59, 0xC6, 0x46, 0x21, 0x65, 0x09, 0x91, 0x34, 0x34, 0x35, 0x34, 0x35, 0x95, 0x3D, 0xEF, 0x33,
    0xC3, 0x00, 0xE8, 0x39, 0x9A, 0xCE, 0xFC, 0xE6, 0xDC, 0xE6, 0xDC, 0xDE, 0xDC, 0xDE, 0xDC, 0xDE,
    0xFB, 0xE6, 0xDB, 0xDE, 0x0C, 0x63, 0xA7, 0x39, 0x09, 0x3A, 0x29, 0x42, 0xE7, 0x39, 0x49, 0x4A,
    0xF8, 0xC5, 0xDC, 0xE6, 0xBB, 0xDE, 0xDC, 0xDE, 0xDB, 0xDE, 0xDB, 0xDE, 0xFC, 0xDE, 0xFC, 0xDE,
    0xFC, 0xDE, 0xFB, 0xDE, 0xFC, 0xDE, 0xDC, 0xDE, 0xFB, 0xDE, 0xFB, 0xDE, 0xDC, 0xDE, 0xDC, 0xDE,
    0xFB, 0xD6, 0xDC, 0xDE, 0xDC, 0xDE, 0xFB, 0xDE, 0xFC, 0xDE, 0xFC, 0xDE, 0xDC, 0xDE, 0xDC, 0xDE,
    0xFC, 0xDE, 0xFC, 0xDE, 0xFC, 0xDE, 0xFC, 0xDE, 0xFC, 0xDE, 0xFC, 0xDE, 0xFC, 0xDE, 0xFC, 0xDE,
    0xFC, 0xDE, 0xFC, 0xDE, 0xFC, 0xDE, 0xFC, 0xDE, 0xDC, 0xDE, 0xDC, 0xDE, 0xDC, 0xDE, 0xDC, 0xDE,
    0xDB, 0xDE, 0xFC, 0xDE, 0x9D, 0xF7, 0x9D, 0xF7, 0xBE, 0xF7, 0x5A, 0xCE, 0x73, 0x8C, 0x93, 0x8C,
    0x73, 0x8C, 0x56, 0xAD, 0x7A, 0xCE, 0x7A, 0xCE, 0x5A, 0xCE, 0xDC, 0xDE, 0x3D, 0xE7, 0x1C, 0xE7,
    0x7E, 0xEF, 0xAF, 0x73, 0x05, 0x21, 0x66, 0x31, 0x66, 0x29, 0x6D, 0x21, 0x71, 0x21, 0x71, 0x21,
    0x71, 0x21, 0x71, 0x21, 0x6D, 0x21, 0x86, 0x31, 0x86, 0x31, 0x45, 0x29, 0x49, 0x4A, 0xDB, 0xDE,
    0x3C, 0xE7, 0x1C, 0xE7, 0xFC, 0xDE, 0x9A, 0xCE, 0x7A, 0xCE, 0x9B, 0xD6, 0xB7, 0xB5, 0x93, 0x8C,
    0xB4, 0x94, 0x93, 0x94, 0x7A, 0xCE, 0xBE, 0xF7, 0x9D, 0xF7, 0x9E, 0xF7, 0x3C, 0xE7, 0xFB, 0xDE,
    0xFC, 0xDE, 0xFC, 0xDE, 0xFC, 0xDE, 0xFC, 0xDE, 0xFB, 0xDE, 0xDB, 0xDE, 0xFB, 0xDE, 0xFB, 0xDE,
    0xFB, 0xDE, 0xFB, 0xDE, 0xFB, 0xDE, 0xFB, 0xDE, 0xFB, 0xDE, 0xFB, 0xDE, 0xFB, 0xDE, 0xFB, 0xDE,
    0xFB, 0xDE, 0xFB, 0xDE, 0xFC, 0xDE, 0xDC, 0xDE, 0xFC, 0xDE, 0xFC, 0xDE, 0xFC, 0xDE, 0xFC, 0xDE,
    0xDC, 0xE6, 0xDB, 0xE6, 0xDB, 0xE6, 0xFB, 0xDE, 0xFB, 0xDE, 0xFB, 0xDE, 0xFC, 0xDE, 0xFC, 0xDE,
    0xFC, 0xDE, 0xDC, 0xDE, 0x1D, 0xE7, 0x72, 0x94, 0xA6, 0x41, 0x07, 0x4A, 0xE7, 0x49, 0xE7, 0x41,
    0xE8, 0x41, 0xE8, 0x41, 0xE8, 0x41, 0x08, 0x42, 0x28, 0x42, 0x28, 0x4A, 0xA6, 0x39, 0xA7, 0x71,
    0xEC, 0xE2, 0x8A, 0xE2, 0x6A, 0xE2, 0x4A, 0xE2, 0x29, 0xDA, 0x09, 0xE2, 0x29, 0xE2, 0x49, 0xEA,
    0x09, 0xE2, 0x82, 0x60, 0xE3, 0x20, 0x4A, 0x42, 0x2A, 0x42, 0x29, 0x3A, 0x03, 0x29, 0xE9, 0xB1,
    0xED, 0xF2, 0xCB, 0xE2, 0xCA, 0xE2, 0xAA, 0xE2, 0xAB, 0xEA, 0xAB, 0xEA, 0xAB, 0xEA, 0x8B, 0xEA,
    0xAA, 0xEA, 0xCB, 0xE2, 0xAB, 0xC2, 0x82, 0x38, 0x00, 0x00, 0xF0, 0x7B, 0x5D, 0xE7, 0xDC, 0xDE,
    0xDC, 0xE6, 0xFC, 0xDE, 0xFC, 0xDE, 0xFC, 0xDE, 0xFC, 0xDE, 0xDC, 0xDE, 0xFC, 0xDE, 0xBB, 0xD6,
    0x49, 0x42, 0xA3, 0x00, 0xAD, 0x23, 0xB1, 0x2C, 0x4D, 0x1B, 0x51, 0x24, 0xB6, 0x2D, 0x75, 0x1D,
    0x4F, 0x24, 0xA3, 0x00, 0x08, 0x3A, 0xBB, 0xD6, 0xFC, 0xDE, 0xDC, 0xDE, 0xFC, 0xDE, 0xFC, 0xDE,
    0xFC, 0xDE, 0xFC, 0xDE, 0xDB, 0xDE, 0x1C, 0xE7, 0x7A, 0xC6, 0xE4, 0x18, 0xE4, 0x00, 0x91, 0x2C,
    0x55, 0x2D, 0x56, 0x25, 0xD6, 0x2D, 0x2F, 0x2C, 0x82, 0x00, 0xC8, 0x39, 0xBB, 0xD6, 0xFC, 0xDE,
    0xFB, 0xDE, 0xFC, 0xDE, 0xFC, 0xDE, 0xFC, 0xE6, 0xFB, 0xE6, 0xDB, 0xCE, 0xC7, 0x31, 0x00, 0x08,
    0x80, 0x18, 0x60, 0x10, 0x20, 0x10, 0xC3, 0x20, 0x18, 0xBE, 0x5D, 0xF7, 0xFD, 0xEE, 0x3D, 0xE7,
    0x3D, 0xE7, 0x1D, 0xE7, 0x1D, 0xE7, 0xFD, 0xDE, 0xFC, 0xDE, 0xFB, 0xDE, 0xFC, 0xDE, 0xFC, 0xDE,
    0xFB, 0xDE, 0x1B, 0xDF, 0xFC, 0xDE, 0xFC, 0xE6, 0x1C, 0xE7, 0xFC, 0xE6, 0x1C, 0xDF, 0x1B, 0xDF,
    0xFC, 0xDE, 0xFC, 0xDE, 0xDC, 0xDE, 0xDC, 0xDE, 0xFC, 0xDE, 0xFC, 0xDE, 0xFC, 0xDE, 0xFC, 0xDE,
    0xFC, 0xDE, 0xFC, 0xDE, 0xFC, 0xDE, 0xFC, 0xDE, 0xFC, 0xDE, 0xFC, 0xDE, 0xFC, 0xDE, 0xFC, 0xDE,
    0xFC, 0xDE, 0xFC, 0xDE, 0xDC, 0xDE, 0xDC, 0xDE, 0xDB, 0xDE, 0xFC, 0xDE, 0x9E, 0xF7, 0x9D, 0xF7,
    0xBE, 0xF7, 0x5A, 0xCE, 0x73, 0x8C, 0x93, 0x8C, 0x73, 0x8C, 0x56, 0xAD, 0x7A, 0xCE, 0x7A, 0xCE,
    0x5A, 0xCE, 0xDC, 0xDE, 0x3D, 0xE7, 0x1C, 0xE7, 0x7E, 0xEF, 0xAF, 0x73, 0x05, 0x21, 0x66, 0x31,
    0x66, 0x29, 0x6D, 0x21, 0x71, 0x21, 0x71, 0x21, 0x71, 0x21, 0x71, 0x21, 0x6D, 0x21, 0x86, 0x31,
    0x86, 0x31, 0x45, 0x29, 0x69, 0x4A, 0xDB, 0xDE, 0x3C, 0xE7, 0x3C, 0xE7, 0xFC, 0xDE, 0x9A, 0xCE,
    0x7A, 0xCE, 0x9B, 0xD6, 0xB7, 0xB5, 0x93, 0x8C, 0x94, 0x94, 0x93, 0x94, 0x7A, 0xCE, 0xBE, 0xF7,
    0x9D, 0xF7, 0x9E, 0xF7, 0x3C, 0xE7, 0xFB, 0xDE, 0xFC, 0xDE, 0xFC, 0xDE, 0xFC, 0xDE, 0xFC, 0xDE,
    0xFB, 0xDE, 0xFC, 0xDE, 0xFC, 0xDE, 0xFC, 0xDE, 0xFC, 0xDE, 0xFC, 0xDE, 0xFC, 0xDE, 0xDC, 0xDE,
    0xDC, 0xE6, 0xDC, 0xE6, 0xDC, 0xE6, 0xDC, 0xE6, 0xDC, 0xE6, 0xDC, 0xE6, 0xFC, 0xDE, 0xFC, 0xDE,
    0xFC, 0xDE, 0xFC, 0xDE, 0xFC, 0xDE, 0xFC, 0xDE, 0xFC, 0xDE, 0xFB, 0xDE, 0x1B, 0xDF, 0xFC, 0xDE,
    0xFC, 0xDE, 0xFC, 0xDE, 0xDC, 0xDE, 0xDC, 0xDE, 0xDB, 0xDE, 0xBB, 0xD6, 0x3C, 0xE7, 0x8E, 0x7B,
    0x00, 0x20, 0x00, 0x28, 0x00, 0x18, 0x00, 0x18, 0x00, 0x18, 0x00, 0x18, 0x00, 0x10, 0x21, 0x10,
    0x41, 0x18, 0x41, 0x18, 0x00, 0x10, 0x46, 0x79, 0x0D, 0xEB, 0x6A, 0xE2, 0x09, 0xDA, 0x09, 0xDA,
    0xE8, 0xD1, 0xE8, 0xD9, 0xA7, 0xD1, 0x66, 0xD1, 0xA8, 0xC9, 0xC3, 0x60, 0x00, 0x08, 0x41, 0x18,
    0x62, 0x20, 0x82, 0x20, 0x40, 0x20, 0x09, 0xB2, 0x6B, 0xEA, 0x29, 0xDA, 0x29, 0xDA, 0x29, 0xDA,
    0x29, 0xDA, 0x09, 0xE2, 0x2A, 0xDA, 0x29, 0xD2, 0x49, 0xD2, 0x6A, 0xE2, 0x49, 0xCA, 0xC2, 0x38,
    0x60, 0x00, 0xF0, 0x83, 0x3D, 0xE7, 0xDC, 0xDE, 0xFC, 0xDE, 0xFC, 0xDE, 0xFC, 0xDE, 0xFC, 0xDE,
    0xFC, 0xDE, 0xDC, 0xDE, 0xFC, 0xE6, 0x9B, 0xD6, 0xA7, 0x31, 0xC2, 0x00, 0x33, 0x3D, 0x79, 0x36,
    0x96, 0x2D, 0x34, 0x2D, 0x8E, 0x13, 0x69, 0x02, 0x08, 0x12, 0x62, 0x00, 0x29, 0x42, 0xDB, 0xDE,
    0xDC, 0xE6, 0xDC, 0xE6, 0xFC, 0xDE, 0xFC, 0xDE, 0xFC, 0xDE, 0xFC, 0xDE, 0xDC, 0xDE, 0x1C, 0xE7,
    0x59, 0xC6, 0xE4, 0x18, 0x82, 0x00, 0x28, 0x12, 0xAA, 0x0A, 0x8A, 0x02, 0xAA, 0x0A, 0x28, 0x0A,
    0xC2, 0x00, 0x29, 0x32, 0xDC, 0xD6, 0x1D, 0xE7, 0xFC, 0xDE, 0x1C, 0xDF, 0xFB, 0xDE, 0xDB, 0xDE,
    0xDB, 0xDE, 0x79, 0xC6, 0xE8, 0x6A, 0x05, 0x93, 0x25, 0x9B, 0x05, 0x93, 0x26, 0x9B, 0xC6, 0x7A,
    0x71, 0x8C, 0x74, 0xAD, 0x13, 0xA5, 0x34, 0xA5, 0x74, 0xAD, 0x76, 0xB5, 0xD7, 0xBD, 0xBA, 0xDE,
    0xDB, 0xDE, 0xDC, 0xDE, 0xFB, 0xDE, 0xFB, 0xDE, 0xFC, 0xDE, 0x9A, 0xD6, 0x7A, 0xCE, 0x59, 0xCE,
    0x58, 0xCE, 0x7A, 0xCE, 0x5A, 0xCE, 0x9A, 0xD6, 0xFC, 0xDE, 0xFC, 0xDE, 0xFC, 0xDE, 0xFC, 0xDE,
    0xFC, 0xDE, 0xFC, 0xDE, 0xFC, 0xDE, 0xFC, 0xDE, 0xFC, 0xDE, 0xFC, 0xDE, 0xFC, 0xDE, 0xFC, 0xDE,
    0xFC, 0xDE, 0xFC, 0xDE, 0xDC, 0xDE, 0xDC, 0xDE, 0xFC, 0xDE, 0xFC, 0xDE, 0xDC, 0xDE, 0xDC, 0xDE,
    0xDB, 0xDE, 0xFC, 0xDE, 0x9E, 0xF7, 0x9D, 0xF7, 0xBE, 0xF7, 0x5A, 0xCE, 0x73, 0x8C, 0x93, 0x8C,
    0x73, 0x8C, 0x56, 0xAD, 0x7A, 0xCE, 0x7A, 0xCE, 0x5A, 0xCE, 0xDC, 0xDE, 0x3D, 0xE7, 0x1C, 0xE7,
    0x9E, 0xF7, 0xAE, 0x73, 0x04, 0x21, 0x66, 0x29, 0x66, 0x29, 0x6D, 0x21, 0x71, 0x21, 0x71, 0x21,
    0x71, 0x21, 0x71, 0x21, 0x6D, 0x21, 0x66, 0x29, 0x86, 0x31, 0x45, 0x29, 0x69, 0x4A, 0xDB, 0xDE,
    0x3C, 0xE7, 0x3C, 0xE7, 0xFC, 0xDE, 0x9A, 0xCE, 0x7A, 0xCE, 0x9B, 0xD6, 0xB7, 0xB5, 0x93, 0x8C,
    0xB4, 0x94, 0x93, 0x94, 0x7A, 0xCE, 0xBE, 0xF7, 0x9D, 0xF7, 0x9E, 0xF7, 0x3C, 0xE7, 0xFB, 0xDE,
    0xFC, 0xDE, 0xFC, 0xDE, 0xFC, 0xDE, 0xFC, 0xDE, 0xFC, 0xDE, 0xFC, 0xDE, 0xFC, 0xDE, 0xFC, 0xDE,
    0xFC, 0xDE, 0xFC, 0xDE, 0xFC, 0xDE, 0xFC, 0xDE, 0xFC, 0xDE, 0xFC, 0xDE, 0xFC, 0xDE, 0xFC, 0xDE,
    0xFC, 0xDE, 0xFC, 0xDE, 0xFC, 0xDE, 0xFC, 0xDE, 0xFC, 0xDE, 0xDB, 0xDE, 0xFB, 0xDE, 0xFC, 0xDE,
    0xFC, 0xDE, 0xFC, 0xD6, 0xFC, 0xDE, 0xDC, 0xE6, 0xDC, 0xDE, 0xFC, 0xDE, 0xFC, 0xDE, 0xFC, 0xDE,
    0xFC, 0xE6, 0x96, 0xB5, 0xCA, 0x52, 0x08, 0x62, 0xA8, 0x99, 0x87, 0xA1, 0xE8, 0x99, 0x09, 0x9A,
    0x09, 0xA2, 0x09, 0xA2, 0x09, 0xA2, 0x29, 0xA2, 0x29, 0xA2, 0x09, 0x9A, 0x08, 0x9A, 0x08, 0xB2,
    0x49, 0xD2, 0xC7, 0xC1, 0x05, 0x99, 0xE5, 0x88, 0xE5, 0x80, 0x05, 0x89, 0xE4, 0x88, 0xA4, 0x88,
    0xE5, 0x80, 0x42, 0x40, 0xC3, 0x50, 0xA7, 0x91, 0x86, 0x91, 0x2A, 0xB2, 0x6A, 0xBA, 0x49, 0xCA,
    0xE8, 0xD9, 0x88, 0xD1, 0xA8, 0xD1, 0xC9, 0xD1, 0xC8, 0xD1, 0xA8, 0xD1, 0xA8, 0xD1, 0xC8, 0xD1,
    0xC9, 0xD1, 0xA8, 0xD1, 0x87, 0xB9, 0x61, 0x48, 0x20, 0x08, 0xD0, 0x83, 0x3D, 0xE7, 0xDB, 0xDE,
    0xFB, 0xDE, 0xFC, 0xDE, 0xFC, 0xDE, 0xFC, 0xDE, 0xFC, 0xDE, 0xFC, 0xDE, 0xFC, 0xDE, 0xDC, 0xDE,
    0x8E, 0x73, 0x65, 0x21, 0x8E, 0x2B, 0xEF, 0x1B, 0x8E, 0x13, 0xAD, 0x1B, 0x07, 0x1A, 0x05, 0x21,
    0x2A, 0x42, 0xD0, 0x7B, 0xF4, 0x9C, 0xFC, 0xDE, 0xDC, 0xE6, 0xDC, 0xDE, 0xFB, 0xDE, 0xFC, 0xDE,
    0xFC, 0xDE, 0xFC, 0xDE, 0xFC, 0xDE, 0xFC, 0xDE, 0x9B, 0xD6, 0x31, 0x84, 0x8F, 0x6B, 0x87, 0x31,
    0x66, 0x21, 0xA7, 0x29, 0x66, 0x29, 0x09, 0x42, 0xD0, 0x73, 0xB3, 0x94, 0xD7, 0xB5, 0x0C, 0x5B,
    0xED, 0x5A, 0x0D, 0x53, 0xAB, 0x52, 0x89, 0x4A, 0x6A, 0x4A, 0xC7, 0x31, 0xA5, 0x7A, 0x28, 0xF5,
    0x08, 0xF5, 0xE8, 0xEC, 0x49, 0xFD, 0x86, 0xA3, 0x62, 0x08, 0xC3, 0x08, 0x81, 0x08, 0x61, 0x08,
    0xA2, 0x10, 0xA2, 0x10, 0x25, 0x21, 0x08, 0x3A, 0x8E, 0x6B, 0xDC, 0xDE, 0xDC, 0xDE, 0xDB, 0xDE,
    0xDC, 0xE6, 0x2D, 0x6B, 0x86, 0x31, 0x66, 0x29, 0x65, 0x31, 0xA7, 0x31, 0x25, 0x21, 0xAF, 0x7B,
    0x3D, 0xE7, 0xDB, 0xDE, 0xDB, 0xDE, 0xDC, 0xDE, 0xDC, 0xDE, 0xDC, 0xDE, 0xDC, 0xDE, 0xDB, 0xDE,
    0xDB, 0xDE, 0xDB, 0xDE, 0xDB, 0xDE, 0xDB, 0xDE, 0xDB, 0xDE, 0xDB, 0xDE, 0xFC, 0xDE, 0xFC, 0xDE,
    0xFC, 0xDE, 0xDC, 0xDE, 0xDC, 0xDE, 0xFC, 0xDE, 0xFC, 0xDE, 0xFC, 0xE6, 0x7E, 0xF7, 0x9D, 0xF7,
    0xBE, 0xF7, 0x59, 0xCE, 0x73, 0x8C, 0x93, 0x8C, 0x73, 0x8C, 0x56, 0xAD, 0x7A, 0xCE, 0x7A, 0xCE,
    0x5A, 0xCE, 0xDC, 0xDE, 0x3D, 0xE7, 0x1C, 0xE7, 0x7E, 0xEF, 0x8E, 0x73, 0x04, 0x21, 0x66, 0x29,
    0x65, 0x29, 0x6D, 0x21, 0x71, 0x21, 0x71, 0x21, 0x71, 0x21, 0x71, 0x21, 0x6D, 0x21, 0x66, 0x29,
    0x86, 0x31, 0x45, 0x29, 0x69, 0x4A, 0xDB, 0xDE, 0x3C, 0xE7, 0x3C, 0xE7, 0xFC, 0xDE, 0x7A, 0xCE,
    0x7A, 0xCE, 0x9B, 0xD6, 0xB7, 0xB5, 0x93, 0x8C, 0x94, 0x94, 0x93, 0x8C, 0x7A, 0xCE, 0xBE, 0xF7,
    0x9D, 0xF7, 0x9E, 0xF7, 0x3C, 0xE7, 0xFB, 0xDE, 0xFC, 0xDE, 0xFC, 0xDE, 0xFC, 0xDE, 0xFC, 0xDE,
    0xFC, 0xDE, 0xFC, 0xDE, 0xFC, 0xDE, 0xFC, 0xE6, 0xFC, 0xE6, 0xDB, 0xE6, 0xFB, 0xE6, 0xFC, 0xDE,
    0xFC, 0xDE, 0xFC, 0xDE, 0xFC, 0xDE, 0xFC, 0xDE, 0xFC, 0xDE, 0xFC, 0xDE, 0xFB, 0xE6, 0xFB, 0xE6,
    0x1C, 0xE7, 0x1C, 0xEF, 0x1C, 0xE7, 0xFC, 0xDE, 0xFC, 0xDE, 0xFC, 0xDE, 0xDC, 0xE6, 0xDC, 0xE6,
    0xDC, 0xE6, 0xBB, 0xD6, 0x9A, 0xD6, 0x79, 0xD6, 0x7A, 0xD6, 0x71, 0x8C, 0x00, 0x00, 0x03, 0x51,
    0x8B, 0xDA, 0x29, 0xDA, 0xAB, 0xEA, 0xEC, 0xEA, 0xCC, 0xF2, 0xEC, 0xF2, 0xCC, 0xF2, 0xEC, 0xF2,
    0xCB, 0xEA, 0xCB, 0xEA, 0xEC, 0xF2, 0x29, 0xDA, 0xA6, 0xC9, 0x86, 0xA9, 0x20, 0x40, 0x00, 0x28,
    0x00, 0x20, 0x00, 0x20, 0x00, 0x20, 0x00, 0x20, 0x00, 0x10, 0x00, 0x00, 0x45, 0x71, 0x4A, 0xD2,
    0xE8, 0xD1, 0x8B, 0xEA, 0xEB, 0xF2, 0x28, 0xD2, 0xC7, 0xC9, 0xC8, 0xD1, 0xE8, 0xD1, 0xE8, 0xD1,
    0xE8, 0xC9, 0xC8, 0xD1, 0xE8, 0xD1, 0xC8, 0xC9, 0xC8, 0xC9, 0x67, 0xC1, 0x47, 0xA9, 0x01, 0x40,
    0x00, 0x08, 0xCF, 0x83, 0x5D, 0xE7, 0xDB, 0xDE, 0xFB, 0xDE, 0xFC, 0xDE, 0xFC, 0xDE, 0xFC, 0xDE,
    0xFC, 0xDE, 0xFC, 0xDE, 0xFC, 0xDE, 0xBB, 0xD6, 0x76, 0xAD, 0x93, 0x94, 0x26, 0x19, 0x41, 0x00,
    0x62, 0x00, 0x40, 0x00, 0x6A, 0x4A, 0x15, 0xA5, 0x35, 0xA5, 0x96, 0xAD, 0x18, 0xBE, 0xDC, 0xDE,
    0xDC, 0xE6, 0xFC, 0xDE, 0xFB, 0xDE, 0xFC, 0xDE, 0xFC, 0xDE, 0xFC, 0xDE, 0xFC, 0xDE, 0xFC, 0xE6,
    0xDB, 0xDE, 0x97, 0xB5, 0x97, 0xAD, 0x35, 0xA5, 0x14, 0xA5, 0x35, 0xAD, 0x35, 0xA5, 0x36, 0xA5,
    0x57, 0xAD, 0xF9, 0xC5, 0x75, 0xAD, 0xE2, 0x00, 0xC3, 0x00, 0xC3, 0x00, 0x42, 0x00, 0x41, 0x08,
    0x22, 0x31, 0x82, 0x49, 0x04, 0x9B, 0xE6, 0xFC, 0xA6, 0xF4, 0x65, 0xEC, 0xA6, 0xF4, 0xA4, 0xC3,
    0xE3, 0x61, 0x25, 0x62, 0x03, 0x62, 0xC3, 0x59, 0xC3, 0x61, 0x24, 0x62, 0x62, 0x39, 0x00, 0x08,
    0x08, 0x42, 0x5D, 0xE7, 0x5E, 0xE7, 0xFD, 0xE6, 0x3C, 0xEF, 0x89, 0x52, 0x20, 0x00, 0xC2, 0x18,
    0xA1, 0x30, 0x81, 0x18, 0x00, 0x00, 0x4D, 0x6B, 0x9E, 0xF7, 0x1C, 0xE7, 0x3D, 0xE7, 0x3D, 0xE7,
    0x3D, 0xE7, 0x3D, 0xE7, 0x3D, 0xE7, 0x3D, 0xE7, 0x3D, 0xE7, 0x3D, 0xE7, 0x3D, 0xE7, 0x3C, 0xE7,
    0x3D, 0xE7, 0x1C, 0xE7, 0xFC, 0xDE, 0xFC, 0xDE, 0xDC, 0xDE, 0xDC, 0xDE, 0xDC, 0xDE, 0xFC, 0xDE,
    0xDC, 0xDE, 0xFC, 0xE6, 0x7E, 0xF7, 0x9D, 0xF7, 0xBE, 0xF7, 0x59, 0xCE, 0x73, 0x8C, 0x93, 0x8C,
    0x73, 0x8C, 0x56, 0xAD, 0x7A, 0xCE, 0x7A, 0xCE, 0x5A, 0xCE, 0xDC, 0xDE, 0x3D, 0xE7, 0x1C, 0xE7,
    0x7E, 0xEF, 0x8E, 0x73, 0x04, 0x21, 0x66, 0x29, 0x65, 0x29, 0x6D, 0x21, 0x71, 0x21, 0x71, 0x21,
    0x71, 0x21, 0x71, 0x21, 0x6D, 0x21, 0x66, 0x29, 0x86, 0x31, 0x45, 0x29, 0x49, 0x4A, 0xDB, 0xDE,
    0x3C, 0xE7, 0x3C, 0xE7, 0xFC, 0xDE, 0x7A, 0xCE, 0x7A, 0xCE, 0x9B, 0xD6, 0xB7, 0xB5, 0x93, 0x8C,
    0x94, 0x94, 0x93, 0x8C, 0x7A, 0xCE, 0xBE, 0xF7, 0x9D, 0xF7, 0x9E, 0xF7, 0x3C, 0xE7, 0xFB, 0xDE,
    0xFC, 0xDE, 0xFC, 0xDE, 0xFC, 0xDE, 0xFC, 0xDE, 0xDB, 0xDE, 0x1C, 0xE7, 0xB3, 0x9C, 0x29, 0x52,
    0x49, 0x5A, 0x49, 0x52, 0x49, 0x52, 0x49, 0x5A, 0x49, 0x5A, 0x49, 0x5A, 0x49, 0x5A, 0x49, 0x5A,
    0x49, 0x5A, 0x49, 0x5A, 0x49, 0x5A, 0x49, 0x5A, 0xAA, 0x62, 0x0C, 0x6B, 0x4D, 0x73, 0x7A, 0xD6,
    0xFC, 0xDE, 0xDB, 0xDE, 0xDB, 0xDE, 0xDB, 0xDE, 0x3C, 0xE7, 0x92, 0x94, 0x65, 0x41, 0x08, 0x7A,
    0xCB, 0x9A, 0x29, 0x92, 0x25, 0x71, 0xA6, 0x91, 0xE9, 0xD1, 0xC8, 0xD1, 0x29, 0xDA, 0x4A, 0xE2,
    0x4A, 0xDA, 0x4A, 0xDA, 0x4A, 0xDA, 0x4A, 0xE2, 0x2A, 0xDA, 0x29, 0xDA, 0x4A, 0xDA, 0xE8, 0xD1,
    0x67, 0xC9, 0x26, 0x91, 0x61, 0x28, 0xE4, 0x38, 0x6A, 0x6A, 0x8B, 0x6A, 0x6A, 0x62, 0x8A, 0x5A,
    0x6A, 0x52, 0x49, 0x4A, 0x25, 0x41, 0x05, 0x71, 0x04, 0x81, 0xE9, 0xC9, 0x2A, 0xDA, 0xC9, 0xD1,
    0xC8, 0xD1, 0xE8, 0xD1, 0xE8, 0xD1, 0xA8, 0xD1, 0x67, 0xC1, 0x86, 0xB9, 0x86, 0xC1, 0x46, 0xB9,
    0x26, 0xA1, 0x82, 0x60, 0xC3, 0x48, 0x49, 0x62, 0x6A, 0x5A, 0xF4, 0x9C, 0x3D, 0xE7, 0xDC, 0xDE,
    0xFC, 0xDE, 0xFC, 0xDE, 0xFC, 0xDE, 0xFC, 0xDE, 0xFC, 0xDE, 0xDC, 0xDE, 0xFC, 0xDE, 0xBB, 0xDE,
    0x39, 0xC6, 0xF8, 0xC5, 0x2D, 0x6B, 0x6A, 0x4A, 0xAB, 0x52, 0x8A, 0x4A, 0xF0, 0x7B, 0x77, 0xB5,
    0xB7, 0xB5, 0x18, 0xC6, 0x39, 0xC6, 0xDC, 0xDE, 0xFC, 0xDE, 0xFC, 0xDE, 0xDB, 0xE6, 0xFC, 0xDE,
    0xFC, 0xDE, 0xFC, 0xDE, 0xDB, 0xDE, 0xDC, 0xDE, 0xBB, 0xDE, 0x18, 0xC6, 0x18, 0xBE, 0xF8, 0xBD,
    0x19, 0xC6, 0xD8, 0xBD, 0xF8, 0xBD, 0x35, 0xA5, 0x0C, 0x53, 0x2D, 0x5B, 0x2D, 0x53, 0x6E, 0x23,
    0x71, 0x24, 0x2F, 0x24, 0x06, 0x3A, 0x20, 0x59, 0x65, 0xB3, 0xC8, 0xEC, 0x66, 0xEC, 0x45, 0xEC,
    0x04, 0xE4, 0xC3, 0xDB, 0xC3, 0xE3, 0x03, 0xE4, 0xA6, 0xEC, 0xA7, 0xF4, 0xC7, 0xF4, 0xA6, 0xEC,
    0xA6, 0xEC, 0xE8, 0xEC, 0x27, 0xCC, 0x45, 0x9B, 0x48, 0x83, 0x0E, 0x8C, 0x51, 0x8C, 0x10, 0x84,
    0x10, 0x84, 0x27, 0x52, 0xC5, 0x82, 0xA6, 0xB3, 0xC7, 0xBB, 0x03, 0x9B, 0x84, 0x7A, 0xEA, 0x6A,
    0x51, 0x8C, 0x10, 0x84, 0x30, 0x84, 0x30, 0x84, 0x30, 0x84, 0x30, 0x84, 0x10, 0x84, 0x10, 0x84,
    0x30, 0x84, 0x30, 0x84, 0x10, 0x84, 0x10, 0x84, 0x10, 0x84, 0xD7, 0xBD, 0x1C, 0xE7, 0xDB, 0xDE,
    0xDB, 0xDE, 0xDB, 0xDE, 0xDC, 0xDE, 0xDC, 0xDE, 0xDB, 0xDE, 0xFC, 0xE6, 0x7E, 0xF7, 0x9D, 0xF7,
    0xBE, 0xF7, 0x59, 0xCE, 0x73, 0x8C, 0x93, 0x8C, 0x73, 0x8C, 0x56, 0xAD, 0x7A, 0xCE, 0x7A, 0xCE,
    0x5A, 0xCE, 0xDC, 0xDE, 0x3D, 0xE7, 0x1C, 0xE7, 0x7E, 0xEF, 0x8E, 0x73, 0x04, 0x21, 0x66, 0x29,
    0x65, 0x29, 0x6D, 0x21, 0x71, 0x21, 0x71, 0x21, 0x71, 0x21, 0x71, 0x21, 0x6D, 0x21, 0x66, 0x29,
    0x86, 0x31, 0x45, 0x29, 0x49, 0x4A, 0xDB, 0xDE, 0x3D, 0xE7, 0x3C, 0xE7, 0xFC, 0xDE, 0x7A, 0xCE,
    0x7A, 0xCE, 0x9B, 0xD6, 0xB7, 0xB5, 0x93, 0x8C, 0x94, 0x94, 0x93, 0x8C, 0x7A, 0xCE, 0xBE, 0xF7,
    0x9D, 0xF7, 0x9E, 0xF7, 0x3C, 0xE7, 0xDC, 0xDE, 0xFC, 0xDE, 0xFC, 0xDE, 0xFC, 0xDE, 0xDC, 0xDE,
    0xFC, 0xDE, 0x7E, 0xEF, 0x8E, 0x7B, 0x00, 0x00, 0x00, 0x10, 0x00, 0x08, 0x00, 0x08, 0x00, 0x10,
    0x00, 0x10, 0x00, 0x10, 0x00, 0x10, 0x00, 0x10, 0x00, 0x10, 0x00, 0x10, 0x00, 0x08, 0x00, 0x10,
    0x00, 0x18, 0x00, 0x08, 0x61, 0x10, 0x39, 0xCE, 0x1D, 0xEF, 0x1C, 0xDF, 0x1C, 0xDF, 0x1C, 0xD7,
    0x7E, 0xEF, 0xEF, 0x8B, 0x00, 0x08, 0xE4, 0x70, 0x8B, 0xD2, 0x6A, 0xDA, 0xAB, 0xE2, 0x6A, 0xDA,
    0x47, 0xC9, 0x66, 0xC1, 0xA8, 0xC9, 0xC8, 0xD1, 0xC8, 0xC9, 0xC8, 0xD1, 0xC8, 0xD1, 0xE8, 0xD1,
    0xE8, 0xD1, 0xC9, 0xD1, 0xE9, 0xD1, 0xA6, 0xC1, 0x26, 0xB9, 0xC4, 0x78, 0x20, 0x08, 0x86, 0x31,
    0xB7, 0xB5, 0x19, 0xBE, 0x97, 0xAD, 0x56, 0xA5, 0x77, 0xAD, 0x56, 0xAD, 0x66, 0x29, 0x20, 0x00,
    0x40, 0x28, 0x67, 0xA9, 0xA8, 0xC9, 0xA8, 0xD1, 0xC9, 0xD1, 0xC8, 0xD1, 0xE8, 0xD1, 0x88, 0xD1,
    0x06, 0xC1, 0x26, 0xB9, 0x25, 0xB9, 0x05, 0xB9, 0x25, 0x99, 0x00, 0x28, 0xA3, 0x10, 0xD4, 0x9C,
    0xB7, 0xB5, 0x5A, 0xCE, 0xFC, 0xDE, 0xDC, 0xDE, 0xFC, 0xDE, 0xFC, 0xDE, 0xFC, 0xDE, 0xFC, 0xDE,
    0xFC, 0xDE, 0xFC, 0xDE, 0xDC, 0xDE, 0xDC, 0xDE, 0xFB, 0xDE, 0xFC, 0xE6, 0xD9, 0xC5, 0x36, 0xA5,
    0xD4, 0x94, 0xD3, 0x94, 0xF4, 0x9C, 0xD4, 0x9C, 0xD8, 0xBD, 0x3D, 0xEF, 0xFC, 0xE6, 0x1C, 0xDF,
    0x1C, 0xD7, 0xDC, 0xDE, 0xDB, 0xE6, 0xFB, 0xDE, 0xFB, 0xE6, 0xFB, 0xE6, 0x3C, 0xE7, 0x3D, 0xE7,
    0x1C, 0xE7, 0x3C, 0xE7, 0x3D, 0xE7, 0xBB, 0xDE, 0xBB, 0xD6, 0x9A, 0xCE, 0xBA, 0xD6, 0xD4, 0x9C,
    0x61, 0x00, 0x41, 0x00, 0x83, 0x00, 0x92, 0x2C, 0x59, 0x36, 0xD6, 0x3D, 0x29, 0x73, 0x20, 0xA2,
    0xC4, 0xDB, 0xA6, 0xFC, 0x25, 0xEC, 0xE4, 0xE3, 0xC4, 0xDB, 0xA3, 0xDB, 0xA3, 0xDB, 0xE3, 0xDB,
    0x85, 0xF4, 0x86, 0xF4, 0x86, 0xF4, 0xA6, 0xF4, 0x86, 0xF4, 0x86, 0xEC, 0xC6, 0xF4, 0x69, 0xFD,
    0x66, 0x9B, 0x20, 0x10, 0x82, 0x10, 0x81, 0x08, 0x02, 0x00, 0x02, 0x39, 0xC8, 0xEC, 0xC6, 0xFC,
    0xC6, 0xF4, 0xA6, 0xFC, 0xE8, 0xF4, 0xE4, 0x59, 0x41, 0x08, 0x61, 0x08, 0x61, 0x08, 0x61, 0x08,
    0x61, 0x08, 0x41, 0x08, 0x41, 0x08, 0x61, 0x08, 0x41, 0x08, 0x41, 0x08, 0x42, 0x08, 0x41, 0x08,
    0x21, 0x00, 0x92, 0x8C, 0x7E, 0xEF, 0xFC, 0xE6, 0x1D, 0xE7, 0xFD, 0xE6, 0x1C, 0xE7, 0x1C, 0xE7,
    0xFC, 0xE6, 0xFC, 0xE6, 0x9E, 0xF7, 0x9D, 0xF7, 0xBE, 0xF7, 0x59, 0xCE, 0x73, 0x8C, 0x93, 0x8C,
    0x73, 0x8C, 0x56, 0xAD, 0x7A, 0xCE, 0x7A, 0xCE, 0x5A, 0xCE, 0xDC, 0xDE, 0x3D, 0xE7, 0x1C, 0xE7,
    0x7E, 0xEF, 0x8E, 0x73, 0x04, 0x21, 0x66, 0x29, 0x66, 0x29, 0x6D, 0x21, 0x71, 0x21, 0x71, 0x21,
    0x71, 0x21, 0x71, 0x21, 0x6D, 0x21, 0x86, 0x31, 0x86, 0x31, 0x45, 0x29, 0x69, 0x4A, 0xDB, 0xDE,
    0x3D, 0xE7, 0x1C, 0xE7, 0xFC, 0xDE, 0x7A, 0xCE, 0x7A, 0xCE, 0x9B, 0xD6, 0xB7, 0xB5, 0x73, 0x8C,
    0x94, 0x94, 0x93, 0x8C, 0x7A, 0xCE, 0xBE, 0xF7, 0x9D, 0xF7, 0x9D, 0xF7, 0x3C, 0xE7, 0xDC, 0xDE,
    0xDC, 0xDE, 0xDB, 0xDE, 0xDB, 0xDE, 0xBC, 0xDE, 0x59, 0xCE, 0x9A, 0xCE, 0x4D, 0x73, 0xE4, 0x58,
    0x45, 0x81, 0x45, 0x81, 0x46, 0x79, 0x45, 0x79, 0x45, 0x79, 0x45, 0x79, 0x45, 0x79, 0x45, 0x79,
    0x65, 0x79, 0x66, 0x79, 0x46, 0x79, 0x66, 0x79, 0x45, 0x79, 0xC4, 0x60, 0x44, 0x41, 0x96, 0xB5,
    0x5A, 0xD6, 0x19, 0xCE, 0x18, 0xCE, 0x18, 0xBE, 0x39, 0xCE, 0x6E, 0x83, 0xA2, 0x48, 0x66, 0x99,
    0x29, 0xD2, 0x29, 0xDA, 0x6A, 0xDA, 0x09, 0xDA, 0x67, 0xC9, 0x87, 0xC9, 0xC8, 0xD1, 0xE8, 0xD1,
    0xC8, 0xD1, 0x87, 0xC9, 0x87, 0xC9, 0x87, 0xD1, 0xA8, 0xD1, 0xA8, 0xB9, 0x87, 0xA1, 0x66, 0xA9,
    0x66, 0xC9, 0x25, 0x91, 0xA2, 0x38, 0x45, 0x49, 0x11, 0x8C, 0xB4, 0x94, 0x97, 0xAD, 0x97, 0xB5,
    0x97, 0xAD, 0xB8, 0xBD, 0x31, 0x8C, 0xC2, 0x18, 0x61, 0x28, 0xE8, 0xB9, 0x29, 0xDA, 0xC8, 0xD1,
    0xC8, 0xC9, 0x87, 0xC1, 0x87, 0xC9, 0x87, 0xB9, 0x05, 0x99, 0x05, 0x91, 0x04, 0x91, 0x25, 0x99,
    0x04, 0x79, 0xC7, 0x59, 0xAF, 0x7B, 0x76, 0xAD, 0xB7, 0xB5, 0x7A, 0xCE, 0xFC, 0xDE, 0xFC, 0xDE,
    0xFC, 0xDE, 0xFC, 0xDE, 0xFC, 0xDE, 0xFC, 0xDE, 0xFC, 0xDE, 0xFC, 0xDE, 0xDC, 0xDE, 0xDC, 0xDE,
    0xFB, 0xDE, 0xBB, 0xD6, 0xF9, 0xC5, 0x93, 0x8C, 0x86, 0x19, 0x25, 0x19, 0x66, 0x21, 0x86, 0x19,
    0x49, 0x3A, 0xB7, 0xB5, 0x39, 0xC6, 0x59, 0xBE, 0xFC, 0xDE, 0xFC, 0xDE, 0xDC, 0xDE, 0xFC, 0xD6,
    0xFC, 0xDE, 0xDC, 0xDE, 0xD7, 0xB5, 0x71, 0x7C, 0x31, 0x7C, 0x10, 0x74, 0xD0, 0x73, 0x2A, 0x42,
    0x09, 0x32, 0x69, 0x3A, 0x09, 0x32, 0x4A, 0x2A, 0xCB, 0x1A, 0x8A, 0x1A, 0x49, 0x12, 0x4F, 0x24,
    0x74, 0x2D, 0xF2, 0x3C, 0x46, 0x83, 0xC1, 0xB2, 0xA3, 0xD3, 0x25, 0xEC, 0xE4, 0xE3, 0xC3, 0xE3,
    0xC3, 0xE3, 0xA3, 0xE3, 0xA3, 0xE3, 0xC3, 0xDB, 0xE4, 0xE3, 0xE4, 0xE3, 0xE4, 0xE3, 0xE4, 0xE3,
    0x04, 0xE4, 0x05, 0xE4, 0x25, 0xE4, 0x85, 0xEC, 0x85, 0xBB, 0xA3, 0x59, 0xE4, 0x59, 0x03, 0x62,
    0xA3, 0x51, 0x23, 0x72, 0x67, 0xE4, 0x66, 0xEC, 0x44, 0xE4, 0x25, 0xEC, 0x45, 0xE4, 0x63, 0x82,
    0xC3, 0x59, 0xE4, 0x59, 0xE4, 0x59, 0xE3, 0x59, 0xE3, 0x59, 0xC3, 0x51, 0xC4, 0x51, 0xE4, 0x59,
    0xE4, 0x51, 0xC3, 0x59, 0xC3, 0x59, 0xE4, 0x61, 0x83, 0x49, 0xEE, 0x8B, 0x79, 0xD6, 0x17, 0xC6,
    0x18, 0xC6, 0x39, 0xC6, 0x39, 0xC6, 0x18, 0xC6, 0x39, 0xCE, 0xFC, 0xDE, 0x9E, 0xF7, 0x9D, 0xF7,
    0xBE, 0xFF, 0x59, 0xCE, 0x73, 0x8C, 0x93, 0x8C, 0x73, 0x8C, 0x56, 0xAD, 0x7A, 0xCE, 0x7A, 0xCE,
    0x5A, 0xCE, 0xDC, 0xDE, 0x3D, 0xE7, 0x1C, 0xE7, 0x7E, 0xEF, 0x8E, 0x73, 0x04, 0x21, 0x66, 0x29,
    0x66, 0x29, 0x6D, 0x21, 0x71, 0x21, 0x71, 0x21, 0x71, 0x21, 0x71, 0x21, 0x6D, 0x21, 0x86, 0x31,
    0x86, 0x31, 0x45, 0x29, 0x69, 0x4A, 0xDB, 0xDE, 0x3D, 0xE7, 0x1C, 0xE7, 0xFC, 0xDE, 0x7A, 0xCE,
    0x7A, 0xCE, 0x9B, 0xD6, 0x97, 0xB5, 0x73, 0x8C, 0x94, 0x94, 0x93, 0x8C, 0x7A, 0xCE, 0xBE, 0xF7,
    0x9D, 0xF7, 0x9D, 0xF7, 0x3C, 0xEF, 0xDC, 0xDE, 0xFC, 0xDE, 0xFC, 0xDE, 0x1C, 0xDF, 0x7A, 0xC6,
    0x08, 0x3A, 0x44, 0x21, 0x03, 0x39, 0xAB, 0xB2, 0xED, 0xEA, 0xCB, 0xEA, 0xCC, 0xE2, 0xCB, 0xE2,
    0xCB, 0xE2, 0xEC, 0xE2, 0xEC, 0xEA, 0xEC, 0xE2, 0xEC, 0xE2, 0xEC, 0xE2, 0xCC, 0xEA, 0xEC, 0xE2,
    0xCC, 0xE2, 0xCD, 0xE2, 0xC8, 0x89, 0x03, 0x19, 0x65, 0x29, 0x24, 0x21, 0x25, 0x29, 0x25, 0x29,
    0x04, 0x21, 0xE3, 0x38, 0xAB, 0xBA, 0x4A, 0xDA, 0xC8, 0xD9, 0x09, 0xD2, 0xC8, 0xC9, 0xC8, 0xC9,
    0xC8, 0xC9, 0xC8, 0xD1, 0xE8, 0xD1, 0xE8, 0xD1, 0x87, 0xC9, 0xE5, 0xB8, 0x05, 0xB9, 0x05, 0xB9,
    0x26, 0xB1, 0xC3, 0x60, 0x40, 0x18, 0xE4, 0x60, 0xC8, 0xD1, 0xE9, 0xD9, 0x4A, 0xCA, 0xE8, 0x99,
    0x83, 0x20, 0x25, 0x21, 0xF8, 0xBD, 0x1C, 0xDF, 0xBB, 0xD6, 0x1C, 0xDF, 0x59, 0xCE, 0x03, 0x21,
    0x41, 0x30, 0x8B, 0xCA, 0xEC, 0xE2, 0x09, 0xD2, 0xA8, 0xD1, 0x45, 0xB9, 0x05, 0xB9, 0xC4, 0x88,
    0x00, 0x28, 0x00, 0x20, 0x00, 0x20, 0x20, 0x38, 0x00, 0x20, 0x2C, 0x6B, 0x9A, 0xCE, 0xBB, 0xDE,
    0xDB, 0xDE, 0xDC, 0xDE, 0xFC, 0xDE, 0xFC, 0xDE, 0xFC, 0xDE, 0xFC, 0xDE, 0xFC, 0xDE, 0xFC, 0xDE,
    0xFC, 0xDE, 0xFC, 0xDE, 0xFC, 0xDE, 0xDC, 0xDE, 0xFC, 0xDE, 0xDC, 0xDE, 0xFD, 0xE6, 0x31, 0x84,
    0xC3, 0x00, 0x05, 0x01, 0xE4, 0x00, 0x04, 0x01, 0xC2, 0x00, 0x45, 0x19, 0x65, 0x21, 0x28, 0x32,
    0x9A, 0xD6, 0x1D, 0xE7, 0xFC, 0xE6, 0xFC, 0xDE, 0x3D, 0xE7, 0x5A, 0xC6, 0x66, 0x21, 0xC3, 0x00,
    0x04, 0x01, 0xA3, 0x00, 0x82, 0x00, 0x62, 0x00, 0xA3, 0x00, 0x04, 0x01, 0x83, 0x00, 0x6A, 0x12,
    0x38, 0x4E, 0xF7, 0x3D, 0xB7, 0x35, 0x34, 0x2D, 0xF0, 0x13, 0xAE, 0x2B, 0x48, 0xB4, 0xA5, 0xF4,
    0xE4, 0xDB, 0xA3, 0xDB, 0xA3, 0xDB, 0xA3, 0xDB, 0xA3, 0xDB, 0xA3, 0xE3, 0xA3, 0xDB, 0xA3, 0xDB,
    0xA3, 0xDB, 0xA3, 0xDB, 0xA3, 0xDB, 0xA3, 0xDB, 0xA3, 0xDB, 0xA4, 0xDB, 0x84, 0xDB, 0xA2, 0xE3,
    0x25, 0xE4, 0xC8, 0xE4, 0xC8, 0xE4, 0xC8, 0xEC, 0xC8, 0xE4, 0xA8, 0xE4, 0xA7, 0xEC, 0x04, 0xE4,
    0xC2, 0xDB, 0xC3, 0xDB, 0xC3, 0xDB, 0x25, 0xDC, 0xC8, 0xE4, 0xC8, 0xE4, 0xC8, 0xE4, 0xA8, 0xE4,
    0xA7, 0xE4, 0xA7, 0xE4, 0xA8, 0xEC, 0xA7, 0xEC, 0xA7, 0xE4, 0xA7, 0xE4, 0xC7, 0xE4, 0xE8, 0xEC,
    0x49, 0xCC, 0x43, 0x39, 0x26, 0x21, 0x45, 0x21, 0x24, 0x19, 0x25, 0x21, 0x45, 0x29, 0x03, 0x21,
    0xAA, 0x52, 0xDB, 0xDE, 0x9E, 0xF7, 0x9D, 0xF7, 0xBE, 0xF7, 0x59, 0xCE, 0x73, 0x8C, 0x93, 0x8C,
    0x73, 0x8C, 0x56, 0xAD, 0x7A, 0xCE, 0x7A, 0xCE, 0x5A, 0xCE, 0xDC, 0xDE, 0x3D, 0xE7, 0x1C, 0xE7,
    0x7E, 0xEF, 0x8E, 0x73, 0x04, 0x21, 0x66, 0x29, 0x65, 0x29, 0x6D, 0x21, 0x71, 0x21, 0x71, 0x21,
    0x71, 0x21, 0x71, 0x21, 0x6D, 0x21, 0x86, 0x31, 0x86, 0x31, 0x45, 0x29, 0x69, 0x4A, 0xDB, 0xDE,
    0x3D, 0xE7, 0x1C, 0xE7, 0xFC, 0xDE, 0x7A, 0xCE, 0x7A, 0xCE, 0x7B, 0xCE, 0x97, 0xB5, 0x73, 0x8C,
    0x94, 0x94, 0x93, 0x8C, 0x7A, 0xCE, 0xBE, 0xF7, 0x9D, 0xF7, 0x9D, 0xF7, 0x3C, 0xE7, 0xFC, 0xDE,
    0xDC, 0xDE, 0x7A, 0xD6, 0xBB, 0xDE, 0xF8, 0xC5, 0x24, 0x31, 0x20, 0x18, 0x62, 0x40, 0x6A, 0xBA,
    0xCC, 0xDA, 0x8A, 0xDA, 0x8A, 0xDA, 0x8B, 0xE2, 0x8B, 0xE2, 0x8B, 0xE2, 0x8B, 0xE2, 0x8B, 0xE2,
    0x8B, 0xE2, 0x8B, 0xE2, 0xAB, 0xE2, 0xCB, 0xDA, 0x8B, 0xE2, 0x8C, 0xF2, 0x87, 0x99, 0x20, 0x28,
    0x61, 0x28, 0x41, 0x20, 0x41, 0x28, 0x62, 0x30, 0x40, 0x28, 0x61, 0x40, 0x4A, 0xC2, 0x29, 0xDA,
    0xE8, 0xD9, 0xE9, 0xD9, 0xC8, 0xC9, 0xC8, 0xC9, 0xA8, 0xD1, 0xA8, 0xD1, 0xA8, 0xD1, 0xC8, 0xD1,
    0x87, 0xC1, 0x05, 0xA9, 0x05, 0xA9, 0x25, 0xA1, 0x26, 0x99, 0xA3, 0x50, 0x61, 0x08, 0xE4, 0x50,
    0xE8, 0xC9, 0x09, 0xDA, 0x6A, 0xE2, 0xE8, 0xC1, 0x62, 0x40, 0xA3, 0x28, 0xD7, 0xBD, 0x1C, 0xE7,
    0xFB, 0xDE, 0x1C, 0xDF, 0x39, 0xCE, 0xE3, 0x20, 0x41, 0x28, 0x6A, 0xC2, 0xAB, 0xE2, 0xC8, 0xD1,
    0x88, 0xD1, 0x45, 0xB9, 0x25, 0xA9, 0x05, 0x71, 0xE3, 0x28, 0x04, 0x29, 0x04, 0x29, 0x83, 0x20,
    0x41, 0x10, 0x8E, 0x7B, 0x1C, 0xE7, 0xDB, 0xDE, 0xFC, 0xDE, 0xDC, 0xDE, 0xFC, 0xDE, 0xFB, 0xDE,
    0xFB, 0xDE, 0xFC, 0xDE, 0xFC, 0xDE, 0xFC, 0xDE, 0xFC, 0xDE, 0xFC, 0xDE, 0xFC, 0xDE, 0xFC, 0xDE,
    0xBB, 0xD6, 0x7A, 0xCE, 0xDB, 0xDE, 0x6E, 0x63, 0xEB, 0x1A, 0xB2, 0x34, 0x51, 0x2C, 0x71, 0x34,
    0x2C, 0x23, 0x25, 0x01, 0x45, 0x01, 0xA7, 0x19, 0xF8, 0xBD, 0xDB, 0xD6, 0xBA, 0xCE, 0x79, 0xD6,
    0xFB, 0xD6, 0xB7, 0xB5, 0x25, 0x11, 0x69, 0x12, 0xCB, 0x1A, 0x6A, 0x12, 0x69, 0x0A, 0x69, 0x0A,
    0x8A, 0x0A, 0x6A, 0x12, 0x09, 0x0A, 0x6E, 0x1B, 0x38, 0x46, 0x18, 0x36, 0xD7, 0x2D, 0x33, 0x3D,
    0x6C, 0x3B, 0x4A, 0x4B, 0x47, 0xCC, 0x86, 0xFC, 0xE4, 0xE3, 0xA3, 0xDB, 0xC3, 0xDB, 0xA3, 0xDB,
    0xA3, 0xDB, 0xA3, 0xDB, 0xA3, 0xDB, 0xA3, 0xDB, 0xA3, 0xDB, 0xA3, 0xDB, 0xA3, 0xDB, 0xA3, 0xDB,
    0xA3, 0xDB, 0xA3, 0xDB, 0xA3, 0xDB, 0xA2, 0xDB, 0x03, 0xEC, 0xA6, 0xF4, 0xA6, 0xF4, 0x86, 0xF4,
    0x86, 0xF4, 0x85, 0xF4, 0x66, 0xEC, 0x04, 0xE4, 0xA3, 0xDB, 0xC3, 0xDB, 0xA3, 0xDB, 0x04, 0xEC,
    0x85, 0xF4, 0xA6, 0xF4, 0xA6, 0xF4, 0x86, 0xEC, 0x65, 0xEC, 0x65, 0xF4, 0x66, 0xF4, 0x65, 0xF4,
    0x64, 0xF4, 0x85, 0xF4, 0xA6, 0xEC, 0xA6, 0xF4, 0x47, 0xDC, 0x62, 0x41, 0xA1, 0x20, 0xE1, 0x28,
    0xC1, 0x20, 0xE2, 0x30, 0x63, 0x41, 0x02, 0x29, 0x28, 0x4A, 0xBB, 0xD6, 0x9E, 0xF7, 0x9D, 0xF7,
    0xBE, 0xF7, 0x59, 0xCE, 0x73, 0x8C, 0x93, 0x8C, 0x73, 0x8C, 0x56, 0xAD, 0x7A, 0xCE, 0x7A, 0xCE,
    0x5A, 0xCE, 0xDC, 0xDE, 0x3D, 0xE7, 0x1C, 0xE7, 0x9E, 0xF7, 0x8E, 0x73, 0x04, 0x21, 0x66, 0x29,
    0x65, 0x29, 0x6D, 0x21, 0x71, 0x21, 0x71, 0x21, 0x71, 0x21, 0x71, 0x21, 0x6D, 0x21, 0x86, 0x31,
    0x86, 0x31, 0x45, 0x29, 0x49, 0x4A, 0xDB, 0xDE, 0x3D, 0xE7, 0x1C, 0xE7, 0xFC, 0xDE, 0x7A, 0xCE,
    0x7A, 0xCE, 0x9B, 0xD6, 0x97, 0xB5, 0x93, 0x8C, 0x94, 0x94, 0x93, 0x94, 0x7A, 0xCE, 0xBE, 0xF7,
    0x9D, 0xF7, 0x9D, 0xF7, 0x3C, 0xE7, 0xFC, 0xDE, 0xD8, 0xC5, 0xE8, 0x51, 0x86, 0x49, 0xA7, 0x59,
    0x4A, 0xA2, 0x49, 0xBA, 0xC8, 0xB1, 0xA8, 0xC9, 0xA8, 0xD1, 0x46, 0xB9, 0x66, 0xC1, 0xC8, 0xD1,
    0xE9, 0xD1, 0x09, 0xD2, 0xE9, 0xD1, 0x09, 0xD2, 0x09, 0xD2, 0xE9, 0xD1, 0xE9, 0xD1, 0xE8, 0xD9,
    0xE8, 0xD1, 0xE9, 0xD1, 0xE8, 0xB9, 0x49, 0xBA, 0x6A, 0xC2, 0x29, 0xBA, 0x29, 0xBA, 0x4A, 0xBA,
    0x4A, 0xBA, 0x08, 0xB2, 0xC8, 0xC9, 0xC8, 0xD1, 0xC8, 0xD1, 0xC8, 0xD1, 0xE8, 0xD1, 0xC8, 0xC9,
    0x46, 0xC1, 0x25, 0xB9, 0x25, 0xB1, 0x26, 0xB1, 0xE4, 0x78, 0x41, 0x48, 0x41, 0x48, 0x61, 0x48,
    0x21, 0x40, 0xE4, 0x38, 0x8E, 0x73, 0x65, 0x61, 0x09, 0xCA, 0xE8, 0xC1, 0x46, 0xB1, 0x25, 0xA9,
    0x41, 0x48, 0xA2, 0x28, 0xD7, 0xC5, 0x1C, 0xE7, 0xDB, 0xDE, 0xFC, 0xE6, 0x39, 0xCE, 0xE4, 0x28,
    0x20, 0x28, 0xA7, 0xA9, 0xA7, 0xD1, 0x25, 0xB9, 0x05, 0xB9, 0x25, 0xA1, 0x41, 0x50, 0x26, 0x49,
    0xB3, 0x9C, 0xF4, 0x9C, 0xF4, 0x9C, 0x72, 0x8C, 0x52, 0x8C, 0xD7, 0xBD, 0xFC, 0xDE, 0xDB, 0xDE,
    0xFB, 0xDE, 0xFB, 0xDE, 0xFC, 0xDE, 0xFB, 0xDE, 0xFB, 0xDE, 0xFC, 0xDE, 0xFC, 0xDE, 0xFC, 0xDE,
    0xFC, 0xDE, 0xDC, 0xDE, 0xDB, 0xDE, 0xFC, 0xE6, 0x10, 0x7C, 0xE7, 0x31, 0x48, 0x3A, 0xE8, 0x19,
    0x33, 0x35, 0x79, 0x3E, 0x58, 0x36, 0x38, 0x3E, 0xB6, 0x3D, 0x14, 0x35, 0x14, 0x3D, 0x50, 0x34,
    0x6A, 0x2A, 0x29, 0x3A, 0x28, 0x3A, 0x08, 0x3A, 0x69, 0x3A, 0xE8, 0x29, 0xA7, 0x11, 0x75, 0x45,
    0x38, 0x3E, 0xF7, 0x35, 0xF7, 0x35, 0xF7, 0x35, 0xD7, 0x35, 0xB6, 0x35, 0xB6, 0x35, 0x95, 0x2D,
    0x96, 0x25, 0x76, 0x2D, 0x71, 0x14, 0x0D, 0x44, 0x6A, 0xAC, 0x27, 0xC4, 0xE4, 0xDB, 0xE5, 0xE3,
    0xA3, 0xDB, 0xA3, 0xDB, 0xC3, 0xDB, 0xC3, 0xDB, 0xA3, 0xDB, 0xA3, 0xDB, 0xA3, 0xDB, 0xA3, 0xDB,
    0xA3, 0xDB, 0xA3, 0xDB, 0xA3, 0xDB, 0xA3, 0xDB, 0xA3, 0xDB, 0xA3, 0xDB, 0xC3, 0xDB, 0xC3, 0xDB,
    0xC3, 0xDB, 0xE4, 0xE3, 0xE4, 0xDB, 0xE4, 0xDB, 0xE3, 0xDB, 0xE3, 0xDB, 0xE3, 0xE3, 0xC3, 0xE3,
    0xA4, 0xDB, 0xA3, 0xE3, 0xA3, 0xE3, 0xC3, 0xDB, 0xC4, 0xDB, 0xC4, 0xE3, 0xE4, 0xE3, 0xC4, 0xE3,
    0x22, 0xCB, 0x22, 0xCB, 0x22, 0xCB, 0x22, 0xC3, 0x82, 0xDB, 0x83, 0xE3, 0xA3, 0xDB, 0xC3, 0xE3,
    0xE3, 0xE3, 0x06, 0xCC, 0xE6, 0xC3, 0xE6, 0xCB, 0x06, 0xD4, 0x06, 0xDC, 0x87, 0xDC, 0x46, 0x93,
    0xC2, 0x20, 0xF4, 0xA4, 0xDF, 0xFF, 0x7D, 0xF7, 0xBE, 0xF7, 0x5A, 0xCE, 0x73, 0x8C, 0x93, 0x8C,
    0x73, 0x8C, 0x56, 0xAD, 0x7A, 0xCE, 0x7A, 0xCE, 0x5A, 0xCE, 0xDC, 0xDE, 0x3D, 0xE7, 0x3C, 0xE7,
    0x9E, 0xF7, 0xAE, 0x73, 0x04, 0x21, 0x66, 0x29, 0x66, 0x29, 0x6D, 0x21, 0x71, 0x21, 0x71, 0x21,
    0x71, 0x21, 0x71, 0x21, 0x6D, 0x21, 0x86, 0x31, 0x66, 0x29, 0x45, 0x29, 0x49, 0x4A, 0xDB, 0xDE,
    0x3D, 0xE7, 0x1C, 0xE7, 0xFC, 0xDE, 0x7A, 0xCE, 0x7A, 0xCE, 0x9B, 0xD6, 0xB7, 0xB5, 0x73, 0x8C,
    0x94, 0x94, 0x93, 0x94, 0x7A, 0xCE, 0xBE, 0xF7, 0x9D, 0xF7, 0x9D, 0xF7, 0x3C, 0xE7, 0x9E, 0xEF,
    0xD7, 0xBD, 0x61, 0x20, 0x00, 0x18, 0x40, 0x30, 0x8A, 0xCA, 0xEB, 0xF2, 0x49, 0xD2, 0xA7, 0xD1,
    0x67, 0xC1, 0x05, 0xB1, 0x26, 0xB1, 0xC8, 0xD1, 0xE8, 0xD1, 0xC8, 0xD1, 0xC8, 0xD1, 0xC8, 0xD1,
    0xC8, 0xD1, 0xC8, 0xD1, 0xC8, 0xC9, 0xA8, 0xD1, 0xC8, 0xD1, 0xC8, 0xD1, 0x09, 0xD2, 0xAB, 0xEA,
    0xCC, 0xEA, 0xAB, 0xEA, 0xAB, 0xEA, 0xAB, 0xEA, 0xAC, 0xF2, 0x4A, 0xE2, 0xC8, 0xD1, 0xC8, 0xD1,
    0xC8, 0xD1, 0xC8, 0xC9, 0xC8, 0xC9, 0xA7, 0xC9, 0x26, 0xC1, 0x26, 0xB9, 0x06, 0xB1, 0x06, 0xA9,
    0x83, 0x58, 0x00, 0x10, 0x00, 0x18, 0x20, 0x20, 0x00, 0x10, 0x04, 0x21, 0x72, 0x8C, 0x66, 0x61,
    0xE9, 0xC9, 0x88, 0xC1, 0xC5, 0xA0, 0x05, 0x91, 0x00, 0x30, 0xA2, 0x20, 0xF8, 0xC5, 0x1C, 0xE7,
    0xDB, 0xDE, 0x1C, 0xE7, 0x59, 0xCE, 0xC3, 0x18, 0x00, 0x28, 0x87, 0xA9, 0x88, 0xD1, 0x06, 0xB9,
    0x05, 0xB1, 0x25, 0x99, 0x00, 0x20, 0x46, 0x29, 0x36, 0xAD, 0x56, 0xA5, 0x56, 0xA5, 0x56, 0xA5,
    0x76, 0xAD, 0x7A, 0xCE, 0x1C, 0xDF, 0xFB, 0xDE, 0xFB, 0xDE, 0xDB, 0xDE, 0xFC, 0xDE, 0xFC, 0xDE,
    0xFC, 0xDE, 0xFC, 0xDE, 0xFC, 0xDE, 0xFC, 0xDE, 0xFC, 0xDE, 0xFC, 0xDE, 0xFC, 0xDE, 0x3D, 0xE7,
    0x6D, 0x6B, 0x61, 0x00, 0x65, 0x01, 0x29, 0x0A, 0x75, 0x35, 0x18, 0x36, 0xD7, 0x35, 0xF8, 0x35,
    0x18, 0x36, 0x38, 0x36, 0x38, 0x36, 0x54, 0x35, 0x87, 0x01, 0xA4, 0x00, 0xA3, 0x08, 0xC3, 0x08,
    0xC3, 0x00, 0xC3, 0x00, 0xE8, 0x09, 0x96, 0x45, 0x38, 0x36, 0x18, 0x36, 0x18, 0x36, 0x18, 0x36,
    0x18, 0x36, 0x17, 0x36, 0x57, 0x36, 0xF6, 0x2D, 0x34, 0x25, 0x35, 0x25, 0x10, 0x0C, 0xAA, 0x53,
    0xC8, 0xD4, 0xA5, 0xF4, 0xE3, 0xE3, 0xA4, 0xDB, 0xA3, 0xDB, 0xC3, 0xDB, 0xA3, 0xDB, 0xA3, 0xDB,
    0xC3, 0xDB, 0xC3, 0xDB, 0xC3, 0xDB, 0xA3, 0xDB, 0xA3, 0xDB, 0xA3, 0xDB, 0xA3, 0xDB, 0xA3, 0xDB,
    0xA3, 0xDB, 0xA3, 0xDB, 0xA3, 0xE3, 0xA3, 0xDB, 0xA3, 0xDB, 0xA3, 0xE3, 0xA3, 0xDB, 0xC2, 0xDB,
    0xA2, 0xDB, 0xA3, 0xDB, 0xA3, 0xDB, 0xA3, 0xE3, 0xC4, 0xDB, 0xA3, 0xE3, 0xC3, 0xE3, 0xA4, 0xDB,
    0xA4, 0xD3, 0xA3, 0xDB, 0xA3, 0xE3, 0xA3, 0xE3, 0x01, 0xCB, 0xE2, 0xC2, 0xE2, 0xBA, 0xE2, 0xC2,
    0x22, 0xDB, 0x43, 0xD3, 0x43, 0xCB, 0x83, 0xDB, 0xC3, 0xDB, 0xA5, 0xFC, 0xC6, 0xF4, 0xE7, 0xF4,
    0x08, 0xFD, 0xC7, 0xFC, 0x07, 0xF5, 0x65, 0x9B, 0x00, 0x08, 0x51, 0x8C, 0xDF, 0xFF, 0x7D, 0xF7,
    0xBE, 0xFF, 0x5A, 0xCE, 0x73, 0x8C, 0x93, 0x8C, 0x73, 0x8C, 0x56, 0xAD, 0x7A, 0xCE, 0x7A, 0xCE,
    0x5A, 0xCE, 0xFC, 0xDE, 0x3D, 0xE7, 0x3C, 0xE7, 0x9E, 0xF7, 0x8E, 0x73, 0x04, 0x21, 0x66, 0x29,
    0x66, 0x29, 0x6D, 0x21, 0x71, 0x21, 0x71, 0x21, 0x71, 0x21, 0x71, 0x21, 0x6D, 0x21, 0x86, 0x31,
    0x86, 0x31, 0x45, 0x29, 0x49, 0x4A, 0xDB, 0xDE, 0x3D, 0xE7, 0x1C, 0xE7, 0xFC, 0xDE, 0x7A, 0xCE,
    0x7A, 0xCE, 0x9B, 0xD6, 0xB7, 0xB5, 0x93, 0x8C, 0x94, 0x94, 0x93, 0x8C, 0x7A, 0xCE, 0xBE, 0xFF,
    0x7D, 0xF7, 0x7D, 0xF7, 0x7A, 0xCE, 0x96, 0xAD, 0xEF, 0x93, 0xA6, 0x69, 0x08, 0x9A, 0xE8, 0xA1,
    0xE9, 0xC9, 0x29, 0xDA, 0xE8, 0xC1, 0x04, 0x91, 0x82, 0x58, 0x82, 0x50, 0x82, 0x60, 0x46, 0xB1,
    0x67, 0xC1, 0xC8, 0xC9, 0xC8, 0xD1, 0xC8, 0xD1, 0xC8, 0xD1, 0xE8, 0xD1, 0xE8, 0xD1, 0xC8, 0xD1,
    0xE8, 0xD1, 0xE8, 0xD1, 0xE8, 0xD1, 0x09, 0xDA, 0x09, 0xDA, 0x09, 0xD2, 0x09, 0xDA, 0x29, 0xD2,
    0x09, 0xDA, 0xC8, 0xD9, 0xC8, 0xD1, 0xC9, 0xD1, 0xC9, 0xD1, 0xA8, 0xC9, 0x26, 0xB9, 0x26, 0xB1,
    0xE5, 0x98, 0x25, 0x91, 0xC4, 0x70, 0x82, 0x58, 0xA7, 0x59, 0x6E, 0x6B, 0x6F, 0x7B, 0x8F, 0x83,
    0x6E, 0x73, 0xF0, 0x7B, 0xD4, 0x94, 0x25, 0x51, 0x66, 0x91, 0x46, 0xB1, 0xA4, 0x90, 0x45, 0x59,
    0x4E, 0x7B, 0xB0, 0x7B, 0x59, 0xCE, 0xFC, 0xDE, 0xFC, 0xDE, 0x1C, 0xDF, 0xBB, 0xD6, 0xF0, 0x7B,
    0xAA, 0x62, 0x05, 0x71, 0xE4, 0x88, 0x25, 0x99, 0x25, 0xA1, 0x04, 0x81, 0x66, 0x49, 0x12, 0x84,
    0x5A, 0xC6, 0x39, 0xC6, 0x39, 0xC6, 0x39, 0xC6, 0x5A, 0xC6, 0xBB, 0xD6, 0xFC, 0xDE, 0xFB, 0xDE,
    0xFC, 0xDE, 0xDC, 0xDE, 0xDC, 0xDE, 0xDC, 0xDE, 0xDC, 0xDE, 0xDC, 0xDE, 0xFC, 0xDE, 0xDC, 0xDE,
    0x1C, 0xE7, 0x59, 0xCE, 0x4D, 0x63, 0x2C, 0x5B, 0xC7, 0x29, 0xCA, 0x1A, 0x95, 0x3D, 0x97, 0x3D,
    0xB7, 0x35, 0x34, 0x25, 0x72, 0x1C, 0xB3, 0x1C, 0x14, 0x25, 0x76, 0x25, 0x96, 0x25, 0x75, 0x2D,
    0xCF, 0x1B, 0xCB, 0x0A, 0x4C, 0x1B, 0x30, 0x2C, 0xEF, 0x2B, 0x50, 0x2C, 0xB2, 0x24, 0x95, 0x2D,
    0xB6, 0x2D, 0x96, 0x25, 0xB6, 0x25, 0x96, 0x2D, 0x96, 0x2D, 0x96, 0x2D, 0x95, 0x25, 0x95, 0x25,
    0x75, 0x25, 0x14, 0x1D, 0xED, 0x3B, 0x28, 0xAC, 0x25, 0xE4, 0x24, 0xE4, 0xC3, 0xE3, 0xA3, 0xDB,
    0xA3, 0xDB, 0xA3, 0xDB, 0xA3, 0xE3, 0xC3, 0xDB, 0xC3, 0xDB, 0xC3, 0xDB, 0xC3, 0xDB, 0xC3, 0xDB,
    0xC3, 0xDB, 0xA3, 0xDB, 0xA3, 0xDB, 0xA3, 0xDB, 0xA3, 0xDB, 0xA3, 0xE3, 0x84, 0xE3, 0xC3, 0xDB,
    0xC3, 0xDB, 0xA3, 0xE3, 0xC3, 0xDB, 0xC3, 0xDB, 0xA4, 0xE3, 0xA3, 0xDB, 0xC3, 0xDB, 0xA3, 0xE3,
    0xC3, 0xDB, 0xA3, 0xE3, 0xC3, 0xDB, 0xC4, 0xDB, 0xA4, 0xDB, 0xC3, 0xDB, 0xC3, 0xDB, 0xC4, 0xD3,
    0xC1, 0x81, 0x20, 0x59, 0x41, 0x51, 0xE1, 0x81, 0x02, 0xCB, 0x62, 0x9A, 0x41, 0x61, 0x43, 0xC3,
    0xC4, 0xE3, 0xC4, 0xDB, 0xE4, 0xE3, 0xA5, 0xBB, 0x23, 0x72, 0x03, 0x6A, 0x23, 0x72, 0x83, 0x51,
    0x25, 0x31, 0x76, 0xAD, 0xBE, 0xF7, 0x9D, 0xF7, 0xBE, 0xFF, 0x5A, 0xCE, 0x73, 0x8C, 0x94, 0x8C,
    0x73, 0x8C, 0x56, 0xAD, 0x7A, 0xCE, 0x7A, 0xCE, 0x5A, 0xCE, 0xFC, 0xDE, 0x5D, 0xEF, 0x3C, 0xE7,
    0x9E, 0xF7, 0x8E, 0x73, 0x04, 0x21, 0x66, 0x29, 0x66, 0x29, 0x6D, 0x21, 0x71, 0x21, 0x71, 0x21,
    0x71, 0x21, 0x71, 0x21, 0x6D, 0x21, 0x86, 0x31, 0x86, 0x31, 0x45, 0x29, 0x49, 0x4A, 0xDB, 0xDE,
    0x3C, 0xE7, 0x1C, 0xE7, 0xFC, 0xDE, 0x7A, 0xCE, 0x7A, 0xCE, 0x9B, 0xD6, 0xB7, 0xB5, 0x93, 0x8C,
    0x94, 0x94, 0x93, 0x94, 0x7A, 0xCE, 0xBE, 0xFF, 0x9E, 0xFF, 0xFF, 0xFF, 0x13, 0xA5, 0x81, 0x10,
    0x20, 0x20, 0x29, 0xA2, 0x2D, 0xF3, 0xAC, 0xEA, 0xC9, 0xD1, 0xA8, 0xD1, 0x87, 0xC1, 0x83, 0x68,
    0x00, 0x18, 0x21, 0x10, 0x41, 0x28, 0x06, 0x99, 0x06, 0xB9, 0xA8, 0xD1, 0xE8, 0xC9, 0xE8, 0xC9,
    0xE9, 0xD1, 0xE9, 0xD1, 0xE8, 0xD1, 0xE8, 0xD1, 0xE8, 0xD1, 0xE8, 0xC9, 0xE8, 0xD1, 0xC8, 0xD1,
    0xC8, 0xD1, 0xC8, 0xD1, 0xC8, 0xD1, 0xC8, 0xC9, 0xC8, 0xC9, 0xC8, 0xD1, 0xE8, 0xD1, 0xE8, 0xD1,
    0xE9, 0xD1, 0x87, 0xC9, 0x05, 0xB1, 0x05, 0x99, 0x00, 0x40, 0x00, 0x18, 0x40, 0x10, 0x00, 0x08,
    0x49, 0x4A, 0x97, 0xA5, 0x77, 0xAD, 0x97, 0xBD, 0xD7, 0xB5, 0x7A, 0xCE, 0x55, 0xA5, 0xA2, 0x20,
    0x00, 0x20, 0xA2, 0x48, 0x62, 0x40, 0x64, 0x29, 0x36, 0xA5, 0x97, 0xB5, 0xBB, 0xD6, 0xFC, 0xDE,
    0xFC, 0xDE, 0xFC, 0xDE, 0xBB, 0xD6, 0xF8, 0xBD, 0x71, 0x8C, 0x20, 0x18, 0x00, 0x28, 0x00, 0x38,
    0x00, 0x40, 0x00, 0x20, 0x49, 0x4A, 0xF8, 0xBD, 0xDC, 0xDE, 0xFC, 0xDE, 0xFC, 0xE6, 0xFC, 0xDE,
    0xFC, 0xE6, 0xFC, 0xDE, 0xFC, 0xDE, 0xFC, 0xD6, 0xDB, 0xDE, 0x1C, 0xE7, 0x5C, 0xE7, 0x3C, 0xEF,
    0x3D, 0xE7, 0x3C, 0xE7, 0xFB, 0xDE, 0xDB, 0xDE, 0x3C, 0xE7, 0x38, 0xC6, 0xE4, 0x18, 0x42, 0x00,
    0x82, 0x00, 0x2F, 0x24, 0x99, 0x46, 0x59, 0x36, 0x96, 0x2D, 0xF4, 0x1C, 0xEF, 0x0B, 0x8E, 0x0B,
    0x30, 0x14, 0x75, 0x25, 0x76, 0x25, 0x76, 0x2D, 0xF4, 0x2C, 0xAE, 0x0B, 0xB2, 0x1C, 0x59, 0x3E,
    0x38, 0x3E, 0x58, 0x3E, 0x38, 0x3E, 0x75, 0x25, 0x55, 0x25, 0x55, 0x25, 0x75, 0x1D, 0x55, 0x25,
    0x75, 0x25, 0x75, 0x25, 0x55, 0x25, 0x55, 0x25, 0x96, 0x1D, 0x14, 0x15, 0xEB, 0x5B, 0x66, 0xEC,
    0xC3, 0xE3, 0xC3, 0xD3, 0xA2, 0xDB, 0xA3, 0xE3, 0xA3, 0xDB, 0xA3, 0xDB, 0xA3, 0xDB, 0xA3, 0xDB,
    0xA3, 0xDB, 0xA3, 0xDB, 0xA3, 0xDB, 0xA3, 0xDB, 0xA3, 0xDB, 0xA3, 0xDB, 0xA3, 0xDB, 0xA3, 0xDB,
    0xA3, 0xDB, 0xA3, 0xDB, 0xA4, 0xE3, 0xC3, 0xDB, 0xC3, 0xDB, 0xA3, 0xE3, 0xA3, 0xDB, 0xA3, 0xDB,
    0xA4, 0xE3, 0xA3, 0xE3, 0xC3, 0xDB, 0xA3, 0xDB, 0xC3, 0xDB, 0xC3, 0xDB, 0xC3, 0xDB, 0xC3, 0xDB,
    0xC4, 0xDB, 0xC3, 0xDB, 0xC4, 0xDB, 0xA5, 0xD3, 0x01, 0x51, 0x20, 0x08, 0x61, 0x08, 0xC0, 0x30,
    0xC2, 0x71, 0x41, 0x51, 0x00, 0x18, 0x04, 0xAB, 0xC3, 0xDB, 0xA4, 0xDB, 0xC4, 0xE3, 0xE4, 0xAA,
    0x00, 0x10, 0x00, 0x00, 0x00, 0x10, 0x86, 0x39, 0x73, 0x94, 0x3A, 0xCE, 0x9E, 0xF7, 0x9D, 0xF7,
    0xBE, 0xF7, 0x59, 0xCE, 0x73, 0x8C, 0xB4, 0x94, 0x73, 0x8C, 0x56, 0xAD, 0x7A, 0xCE, 0x7A, 0xCE,
    0x5A, 0xCE, 0xFC, 0xDE, 0x5D, 0xEF, 0x3C, 0xE7, 0x9E, 0xF7, 0x8E, 0x73, 0x04, 0x21, 0x66, 0x29,
    0x66, 0x29, 0x6D, 0x21, 0x71, 0x21, 0x71, 0x21, 0x71, 0x21, 0x71, 0x21, 0x6D, 0x21, 0x86, 0x31,
    0x66, 0x29, 0x45, 0x29, 0x49, 0x4A, 0xBB, 0xD6, 0x3C, 0xE7, 0x1C, 0xE7, 0xFC, 0xDE, 0x7A, 0xCE,
    0x7A, 0xCE, 0x9B, 0xD6, 0xB7, 0xB5, 0x93, 0x8C, 0x94, 0x94, 0x73, 0x94, 0x7A, 0xCE, 0xDF, 0xFF,
    0x38, 0xCE, 0x71, 0x9C, 0x4C, 0x8B, 0x66, 0x61, 0x05, 0x71, 0xC8, 0xB1, 0x09, 0xDA, 0xE8, 0xD1,
    0x87, 0xC1, 0x87, 0xC9, 0x46, 0xB1, 0x05, 0x71, 0xAF, 0x83, 0x31, 0x84, 0xAF, 0x83, 0x45, 0x61,
    0xA3, 0x78, 0x46, 0xC1, 0x86, 0xC9, 0xE8, 0xC9, 0xC9, 0xD1, 0xC8, 0xD1, 0xE8, 0xD1, 0xE8, 0xD1,
    0xE8, 0xD1, 0xE8, 0xD1, 0xE8, 0xD1, 0xE8, 0xD1, 0xE8, 0xD1, 0xE8, 0xD1, 0xE8, 0xD1, 0xE8, 0xD1,
    0xE8, 0xD1, 0xE8, 0xD1, 0xE8, 0xD1, 0xC8, 0xD1, 0xE9, 0xD1, 0x87, 0xB9, 0xC4, 0xA0, 0x05, 0x89,
    0xA6, 0x49, 0x08, 0x42, 0x29, 0x52, 0x29, 0x52, 0xF0, 0x7B, 0xF9, 0xBD, 0x97, 0xB5, 0xB7, 0xBD,
    0x76, 0xB5, 0xF0, 0x7B, 0x0C, 0x73, 0x45, 0x61, 0x04, 0x59, 0x81, 0x30, 0x20, 0x10, 0xC7, 0x31,
    0x97, 0xB5, 0xF8, 0xC5, 0xDB, 0xDE, 0xFC, 0xDE, 0xFB, 0xDE, 0xFC, 0xDE, 0xBB, 0xD6, 0xF8, 0xBD,
    0xD3, 0x9C, 0x45, 0x31, 0x45, 0x39, 0x45, 0x41, 0x25, 0x39, 0x25, 0x31, 0xAF, 0x73, 0x5A, 0xCE,
    0xDC, 0xDE, 0xDC, 0xDE, 0xFC, 0xDE, 0xFC, 0xDE, 0xDC, 0xDE, 0xFC, 0xDE, 0xDB, 0xDE, 0xFC, 0xDE,
    0xFC, 0xE6, 0x39, 0xCE, 0x96, 0xA5, 0x96, 0xB5, 0x56, 0xAD, 0xB7, 0xBD, 0xDB, 0xDE, 0xDB, 0xDE,
    0x3C, 0xE7, 0x18, 0xBE, 0x65, 0x19, 0xA7, 0x11, 0xEB, 0x12, 0x91, 0x24, 0xD7, 0x2D, 0xD6, 0x25,
    0x96, 0x2D, 0xB3, 0x24, 0xCB, 0x0A, 0xCF, 0x1B, 0xB3, 0x1C, 0x34, 0x25, 0x55, 0x1D, 0x55, 0x25,
    0xF4, 0x1C, 0x51, 0x0C, 0x13, 0x1D, 0xD7, 0x35, 0xB6, 0x2D, 0xB6, 0x2D, 0xB6, 0x2D, 0x75, 0x25,
    0x75, 0x25, 0x75, 0x25, 0x75, 0x25, 0x75, 0x25, 0x75, 0x25, 0x75, 0x25, 0x75, 0x25, 0x75, 0x25,
    0x75, 0x1D, 0x15, 0x15, 0xEC, 0x4B, 0xE6, 0xC3, 0xC5, 0xDB, 0xC3, 0xDB, 0xA3, 0xE3, 0xA4, 0xDB,
    0xA3, 0xDB, 0xA3, 0xDB, 0xA3, 0xDB, 0xA3, 0xDB, 0xA3, 0xDB, 0xA3, 0xDB, 0xA3, 0xDB, 0xA3, 0xDB,
    0xA3, 0xDB, 0xA3, 0xDB, 0xA3, 0xDB, 0xA3, 0xDB, 0xA3, 0xDB, 0xA3, 0xDB, 0xC3, 0xDB, 0xC3, 0xDB,
    0xA3, 0xDB, 0xA3, 0xDB, 0xA3, 0xDB, 0xA3, 0xDB, 0xA3, 0xDB, 0xA3, 0xDB, 0xA3, 0xDB, 0xC3, 0xDB,
    0xC3, 0xDB, 0xC3, 0xDB, 0xC4, 0xDB, 0xA3, 0xDB, 0x42, 0xD3, 0x43, 0xCB, 0x22, 0xC3, 0x62, 0xCB,
    0x81, 0x61, 0xE3, 0x18, 0x10, 0x7C, 0x6E, 0x6B, 0xE7, 0x41, 0x81, 0x18, 0x61, 0x20, 0x45, 0xAB,
    0xE4, 0xDB, 0xA3, 0xA2, 0xE3, 0xBA, 0x43, 0x92, 0xE2, 0x28, 0x48, 0x4A, 0x8A, 0x5A, 0xCE, 0x7B,
    0xD8, 0xBD, 0x7A, 0xCE, 0x9E, 0xF7, 0x9D, 0xF7, 0xBE, 0xF7, 0x5A, 0xCE, 0x73, 0x8C, 0xB4, 0x94,
    0x73, 0x8C, 0x56, 0xAD, 0x7A, 0xCE, 0x7A, 0xCE, 0x5A, 0xCE, 0xFC, 0xDE, 0x5D, 0xEF, 0x3C, 0xE7,
    0x9E, 0xF7, 0xAE, 0x73, 0x04, 0x21, 0x66, 0x31, 0x66, 0x29, 0x6D, 0x21, 0x71, 0x21, 0x71, 0x21,
    0x71, 0x21, 0x71, 0x21, 0x6D, 0x21, 0x86, 0x31, 0x66, 0x29, 0x45, 0x29, 0x49, 0x4A, 0xBB, 0xD6,
    0x3C, 0xE7, 0x1C, 0xE7, 0xFC, 0xDE, 0x7A, 0xCE, 0x7A, 0xCE, 0x9B, 0xD6, 0xB7, 0xB5, 0x73, 0x8C,
    0x94, 0x94, 0x73, 0x94, 0x7A, 0xCE, 0xFF, 0xFF, 0x50, 0x8C, 0x00, 0x00, 0x65, 0x69, 0x2E, 0xDB,
    0x8C, 0xDA, 0xA7, 0xC1, 0x25, 0xC1, 0x05, 0xA9, 0x62, 0x60, 0x61, 0x50, 0x41, 0x48, 0x41, 0x28,
    0xB3, 0x94, 0xD8, 0xB5, 0x15, 0xA5, 0xA2, 0x18, 0x00, 0x28, 0x26, 0xB1, 0x26, 0xC1, 0xC8, 0xC9,
    0xC8, 0xD9, 0xC8, 0xD1, 0xE8, 0xC9, 0xE8, 0xD1, 0xE8, 0xD1, 0xE8, 0xD1, 0xE8, 0xD1, 0xE8, 0xD1,
    0xE8, 0xD1, 0xE8, 0xD1, 0xE8, 0xD1, 0xE8, 0xD1, 0xE8, 0xD1, 0xE8, 0xD1, 0xE8, 0xD1, 0xC8, 0xD1,
    0x09, 0xD2, 0x86, 0xB1, 0x41, 0x80, 0x83, 0x60, 0x31, 0x94, 0xD8, 0xB5, 0x97, 0xBD, 0x76, 0xB5,
    0x39, 0xCE, 0x1D, 0xE7, 0xDC, 0xDE, 0x1D, 0xE7, 0xF8, 0xC5, 0x82, 0x10, 0x62, 0x38, 0xAC, 0xCA,
    0x4A, 0xCA, 0x04, 0x71, 0x00, 0x08, 0xE8, 0x39, 0x1D, 0xE7, 0x5D, 0xE7, 0xFC, 0xDE, 0xFC, 0xDE,
    0xFC, 0xDE, 0xFC, 0xDE, 0xDC, 0xDE, 0xDC, 0xDE, 0x7A, 0xD6, 0xF5, 0xA4, 0xF5, 0xA4, 0x15, 0xA5,
    0xF4, 0x9C, 0xF4, 0xA4, 0x19, 0xC6, 0x1D, 0xE7, 0xFC, 0xDE, 0xDC, 0xDE, 0xDC, 0xDE, 0xFC, 0xDE,
    0xFC, 0xDE, 0xFC, 0xDE, 0xFB, 0xDE, 0xDB, 0xDE, 0x1D, 0xE7, 0x32, 0x84, 0xE5, 0x10, 0x46, 0x11,
    0x04, 0x01, 0x46, 0x21, 0x5A, 0xC6, 0x3D, 0xE7, 0x1C, 0xE7, 0xD6, 0xAD, 0xE4, 0x08, 0x8A, 0x12,
    0xF7, 0x35, 0x95, 0x25, 0x55, 0x25, 0x75, 0x25, 0x76, 0x35, 0xEF, 0x2B, 0x24, 0x01, 0xD3, 0x2C,
    0x96, 0x25, 0x91, 0x0C, 0xB2, 0x14, 0x54, 0x25, 0x75, 0x25, 0x75, 0x25, 0x76, 0x25, 0x75, 0x25,
    0x55, 0x1D, 0x55, 0x1D, 0x55, 0x25, 0x55, 0x25, 0x75, 0x25, 0x75, 0x25, 0x55, 0x25, 0x55, 0x25,
    0x75, 0x25, 0x75, 0x25, 0x75, 0x25, 0x75, 0x25, 0x75, 0x25, 0x56, 0x25, 0xAD, 0x33, 0xE3, 0x92,
    0xC5, 0xDB, 0xA4, 0xDB, 0xA4, 0xDB, 0xA4, 0xDB, 0xA3, 0xDB, 0xA3, 0xDB, 0xA3, 0xDB, 0xA3, 0xDB,
    0xA3, 0xDB, 0xA3, 0xDB, 0xA3, 0xDB, 0xA3, 0xDB, 0xA3, 0xDB, 0xA3, 0xDB, 0xA3, 0xDB, 0xA3, 0xDB,
    0xA3, 0xDB, 0xA3, 0xDB, 0xC3, 0xDB, 0xC3, 0xDB, 0xA3, 0xDB, 0xC4, 0xDB, 0xC4, 0xDB, 0xA3, 0xDB,
    0xC3, 0xDB, 0xC3, 0xE3, 0xC3, 0xE3, 0xC3, 0xDB, 0xC3, 0xDB, 0xC4, 0xDB, 0xC4, 0xE3, 0x42, 0xD3,
    0xC0, 0xC2, 0xC1, 0xC2, 0xA2, 0xBA, 0xE2, 0xBA, 0x00, 0x49, 0xA3, 0x10, 0x36, 0xAD, 0xB9, 0xBD,
    0xD4, 0x8C, 0xE2, 0x18, 0x61, 0x18, 0xE7, 0xC3, 0x66, 0xE4, 0xC1, 0x38, 0x20, 0x18, 0xE2, 0x30,
    0x45, 0x31, 0x92, 0x94, 0x97, 0xB5, 0xF8, 0xBD, 0xDB, 0xDE, 0xFC, 0xDE, 0x9E, 0xF7, 0x9D, 0xF7,
    0xBE, 0xF7, 0x5A, 0xCE, 0x73, 0x8C, 0x94, 0x94, 0x73, 0x8C, 0x56, 0xAD, 0x7A, 0xCE, 0x7A, 0xCE,
    0x5A, 0xCE, 0xFC, 0xDE, 0x5D, 0xEF, 0x1C, 0xE7, 0x9E, 0xF7, 0xAF, 0x73, 0x04, 0x21, 0x86, 0x31,
    0x66, 0x29, 0x6D, 0x21, 0x71, 0x21, 0x71, 0x21, 0x71, 0x21, 0x71, 0x21, 0x6D, 0x21, 0x86, 0x31,
    0x86, 0x31, 0x45, 0x29, 0x49, 0x4A, 0xBB, 0xD6, 0x3C, 0xE7, 0x1C, 0xE7, 0xFC, 0xDE, 0x7A, 0xCE,
    0x7A, 0xCE, 0x9B, 0xD6, 0xB7, 0xB5, 0x73, 0x8C, 0x94, 0x94, 0x93, 0x8C, 0x5A, 0xCE, 0xFF, 0xFF,
    0x51, 0x94, 0x00, 0x08, 0x25, 0x71, 0x6B, 0xDA, 0xE8, 0xC9, 0x86, 0xB9, 0x05, 0xC1, 0xE4, 0x90,
    0x41, 0x30, 0x41, 0x18, 0x62, 0x20, 0xE4, 0x28, 0xD4, 0x9C, 0xB8, 0xBD, 0x36, 0xAD, 0xA7, 0x39,
    0xC3, 0x38, 0x26, 0x81, 0xE5, 0x90, 0xC8, 0xC1, 0x09, 0xDA, 0xE8, 0xD1, 0xE8, 0xD1, 0xE8, 0xD1,
    0xE8, 0xD1, 0xE8, 0xD1, 0xE8, 0xD1, 0xE8, 0xD1, 0xE8, 0xD1, 0xE8, 0xD1, 0xE8, 0xD1, 0xE8, 0xD1,
    0xE8, 0xD1, 0xE8, 0xD1, 0xE8, 0xD1, 0xC8, 0xD1, 0xE9, 0xD9, 0x87, 0xB9, 0x61, 0x68, 0x82, 0x40,
    0x8E, 0x73, 0xD4, 0x94, 0x76, 0xA5, 0x97, 0xB5, 0x19, 0xCE, 0xFC, 0xE6, 0x7A, 0xD6, 0xD7, 0xB5,
    0xD3, 0x8C, 0x03, 0x31, 0xE3, 0x68, 0x4A, 0xD2, 0xC8, 0xD1, 0x24, 0x91, 0xA2, 0x38, 0xC7, 0x49,
    0x96, 0xB5, 0xF8, 0xC5, 0xBB, 0xD6, 0xDC, 0xDE, 0xDC, 0xDE, 0xFC, 0xDE, 0xFC, 0xDE, 0xFC, 0xDE,
    0xBB, 0xDE, 0x97, 0xB5, 0x77, 0xAD, 0x97, 0xAD, 0x97, 0xAD, 0x97, 0xAD, 0x39, 0xC6, 0xFC, 0xDE,
    0xDC, 0xDE, 0xFC, 0xDE, 0xFC, 0xDE, 0xFC, 0xDE, 0xFC, 0xDE, 0xFC, 0xDE, 0xFC, 0xDE, 0xDB, 0xDE,
    0x1C, 0xDF, 0xAF, 0x6B, 0x82, 0x00, 0x28, 0x12, 0xCE, 0x23, 0xAA, 0x22, 0xD3, 0x8C, 0x39, 0xC6,
    0x1D, 0xE7, 0xF8, 0xBD, 0x87, 0x29, 0x6A, 0x22, 0x50, 0x2C, 0x71, 0x24, 0x34, 0x25, 0x75, 0x25,
    0x75, 0x25, 0x0F, 0x24, 0x45, 0x01, 0xCE, 0x23, 0x30, 0x24, 0xEF, 0x13, 0x91, 0x1C, 0x54, 0x25,
    0x75, 0x25, 0x55, 0x25, 0x55, 0x25, 0x55, 0x25, 0x55, 0x25, 0x55, 0x25, 0x55, 0x25, 0x55, 0x25,
    0x75, 0x25, 0x75, 0x25, 0x55, 0x25, 0x55, 0x25, 0x55, 0x25, 0x75, 0x25, 0x75, 0x25, 0x75, 0x25,
    0x75, 0x25, 0x55, 0x25, 0xEE, 0x2B, 0x26, 0x73, 0x63, 0xC3, 0x62, 0xD3, 0x83, 0xDB, 0xA3, 0xE3,
    0xA3, 0xDB, 0xA3, 0xDB, 0xA3, 0xDB, 0xA3, 0xDB, 0xA3, 0xDB, 0xA3, 0xDB, 0xA3, 0xDB, 0xA3, 0xDB,
    0xA3, 0xDB, 0xA3, 0xDB, 0xA3, 0xDB, 0xA3, 0xDB, 0xA3, 0xDB, 0xC3, 0xDB, 0xC3, 0xE3, 0xA3, 0xDB,
    0xA3, 0xDB, 0x83, 0xD3, 0xA3, 0xDB, 0xA4, 0xDB, 0xC3, 0xDB, 0xC3, 0xE3, 0xC3, 0xE3, 0xC3, 0xDB,
    0xC3, 0xDB, 0xC4, 0xDB, 0xC4, 0xDB, 0x22, 0xCB, 0xC1, 0xBA, 0xA2, 0xB2, 0x43, 0x9A, 0x84, 0x92,
    0xC2, 0x38, 0x45, 0x29, 0x15, 0xAD, 0xD8, 0xC5, 0xF4, 0x9C, 0x04, 0x21, 0x81, 0x20, 0x86, 0xB3,
    0x25, 0xD4, 0x82, 0x51, 0x02, 0x31, 0xE2, 0x28, 0x04, 0x21, 0x52, 0x94, 0xB8, 0xB5, 0x39, 0xC6,
    0xFC, 0xDE, 0xFC, 0xDE, 0x9E, 0xF7, 0x9D, 0xF7, 0xBE, 0xFF, 0x5A, 0xCE, 0x73, 0x8C, 0x93, 0x8C,
    0x73, 0x8C, 0x56, 0xAD, 0x7A, 0xCE, 0x7A, 0xCE, 0x5A, 0xCE, 0xFC, 0xDE, 0x5D, 0xEF, 0x1C, 0xE7,
    0x9E, 0xF7, 0xAE, 0x73, 0x05, 0x21, 0x86, 0x31, 0x66, 0x29, 0x6D, 0x21, 0x71, 0x21, 0x71, 0x21,
    0x71, 0x21, 0x71, 0x21, 0x6D, 0x21, 0x86, 0x31, 0x86, 0x31, 0x45, 0x29, 0x49, 0x4A, 0xBB, 0xD6,
    0x3C, 0xE7, 0x1C, 0xE7, 0xFC, 0xDE, 0x7A, 0xCE, 0x7A, 0xCE, 0x9B, 0xD6, 0xB7, 0xB5, 0x93, 0x8C,
    0x94, 0x94, 0x93, 0x8C, 0x5A, 0xCE, 0xFF, 0xFF, 0xF3, 0xA4, 0x04, 0x29, 0xC3, 0x58, 0x66, 0xA9,
    0x46, 0xA9, 0x25, 0xA9, 0x26, 0xB1, 0xA3, 0x60, 0x2D, 0x73, 0x31, 0x84, 0x52, 0x84, 0xD4, 0x9C,
    0x7A, 0xCE, 0xDC, 0xDE, 0x9A, 0xD6, 0x96, 0xAD, 0x11, 0x8C, 0x41, 0x20, 0x20, 0x30, 0x6A, 0xC2,
    0xCC, 0xEA, 0x09, 0xDA, 0xC8, 0xD1, 0xE8, 0xD1, 0xE8, 0xD1, 0xE8, 0xD1, 0xE8, 0xD1, 0xE8, 0xD1,
    0xE8, 0xD1, 0xE8, 0xD1, 0xE8, 0xD1, 0xE8, 0xD1, 0xE8, 0xD1, 0xE8, 0xD1, 0xE8, 0xD1, 0xE8, 0xD1,
    0xE8, 0xC9, 0x87, 0xC1, 0x05, 0xA1, 0xA3, 0x60, 0x61, 0x10, 0xA3, 0x10, 0xD4, 0x9C, 0x3D, 0xDF,
    0xDB, 0xCE, 0x9D, 0xEF, 0xB2, 0x9C, 0x82, 0x18, 0x81, 0x18, 0x09, 0x9A, 0xAB, 0xE2, 0x08, 0xDA,
    0xA8, 0xC9, 0x29, 0xD2, 0xEC, 0xE2, 0xE8, 0x89, 0x61, 0x08, 0x66, 0x31, 0x9A, 0xD6, 0x1D, 0xE7,
    0xDC, 0xDE, 0xDC, 0xDE, 0xFC, 0xDE, 0xFC, 0xDE, 0xFC, 0xDE, 0xDB, 0xD6, 0xBB, 0xD6, 0xBC, 0xDE,
    0xBC, 0xDE, 0xDB, 0xDE, 0xFB, 0xDE, 0xFC, 0xDE, 0xFC, 0xDE, 0xFC, 0xDE, 0xFC, 0xDE, 0xFC, 0xDE,
    0xDC, 0xDE, 0xFC, 0xDE, 0xDC, 0xDE, 0xFC, 0xDE, 0x5D, 0xE7, 0x8D, 0x6B, 0x21, 0x00, 0xEB, 0x22,
    0x58, 0x46, 0xEE, 0x23, 0x80, 0x00, 0xAB, 0x52, 0x3D, 0xEF, 0x9B, 0xD6, 0x55, 0xAD, 0x8E, 0x6B,
    0x62, 0x00, 0x45, 0x01, 0x52, 0x2C, 0x14, 0x25, 0xD2, 0x14, 0xCF, 0x1B, 0x05, 0x09, 0xA3, 0x08,
    0xA3, 0x00, 0xAA, 0x12, 0x51, 0x14, 0x76, 0x25, 0x76, 0x25, 0x75, 0x25, 0x75, 0x25, 0x55, 0x25,
    0x55, 0x25, 0x75, 0x25, 0x55, 0x25, 0x75, 0x25, 0x75, 0x25, 0x75, 0x25, 0x55, 0x25, 0x55, 0x25,
    0x75, 0x25, 0x75, 0x25, 0x75, 0x25, 0x55, 0x25, 0x75, 0x25, 0x74, 0x25, 0x72, 0x0C, 0xAD, 0x33,
    0xC3, 0x92, 0x60, 0xBA, 0x42, 0xD3, 0xC4, 0xE3, 0xA3, 0xDB, 0xA3, 0xDB, 0xA3, 0xDB, 0xA3, 0xDB,
    0xA3, 0xDB, 0xA3, 0xDB, 0xA3, 0xDB, 0xA3, 0xDB, 0xA3, 0xDB, 0xA3, 0xDB, 0xA3, 0xDB, 0xA3, 0xDB,
    0xA3, 0xDB, 0xC3, 0xE3, 0xA3, 0xE3, 0xC4, 0xE3, 0x63, 0xD3, 0x80, 0xBA, 0xC1, 0xBA, 0xA3, 0xDB,
    0xC4, 0xDB, 0xA3, 0xDB, 0xC3, 0xE3, 0xC3, 0xDB, 0xC3, 0xDB, 0xC4, 0xDB, 0xC4, 0xDB, 0xE1, 0xC2,
    0x61, 0xB2, 0xA1, 0x71, 0x20, 0x08, 0xEB, 0x5A, 0x75, 0xB5, 0x36, 0xAD, 0xFC, 0xDE, 0x3C, 0xDF,
    0xF9, 0xC5, 0x32, 0x84, 0xE7, 0x49, 0x60, 0x61, 0x61, 0x9A, 0x05, 0xD4, 0x87, 0xE4, 0x23, 0x6A,
    0x81, 0x10, 0x55, 0xAD, 0x1D, 0xDF, 0xDC, 0xDE, 0xFB, 0xE6, 0x1C, 0xE7, 0x9E, 0xF7, 0x9D, 0xF7,
    0xDE, 0xFF, 0x59, 0xCE, 0x73, 0x8C, 0x93, 0x8C, 0x73, 0x8C, 0x56, 0xAD, 0x7A, 0xCE, 0x7A, 0xCE,
    0x5A, 0xCE, 0xDC, 0xDE, 0x3D, 0xE7, 0x3C, 0xE7, 0x9E, 0xF7, 0x8E, 0x73, 0x04, 0x21, 0x66, 0x31,
    0x66, 0x29, 0x6D, 0x21, 0x71, 0x21, 0x71, 0x21, 0x71, 0x21, 0x71, 0x21, 0x6D, 0x21, 0x86, 0x31,
    0x86, 0x31, 0x45, 0x29, 0x49, 0x4A, 0xBB, 0xD6, 0x3C, 0xE7, 0x1C, 0xE7, 0xFC, 0xDE, 0x7A, 0xCE,
    0x7A, 0xCE, 0x9B, 0xD6, 0xB7, 0xB5, 0x93, 0x8C, 0x94, 0x94, 0x93, 0x8C, 0x7A, 0xCE, 0xDF, 0xFF,
    0xFC, 0xE6, 0x14, 0x9D, 0x45, 0x41, 0x61, 0x48, 0x82, 0x50, 0x62, 0x58, 0x41, 0x58, 0x61, 0x20,
    0x31, 0x84, 0x98, 0xB5, 0x36, 0xA5, 0x56, 0xAD, 0x9A, 0xD6, 0x1C, 0xDF, 0xFB, 0xDE, 0xD8, 0xBD,
    0x32, 0x94, 0x41, 0x10, 0x20, 0x30, 0x6A, 0xCA, 0xCC, 0xF2, 0x09, 0xDA, 0xC8, 0xD1, 0xE8, 0xD1,
    0xE8, 0xD1, 0xE8, 0xD1, 0xE8, 0xD1, 0xE8, 0xD1, 0xE8, 0xD1, 0xE8, 0xD1, 0xE8, 0xD1, 0xE8, 0xD1,
    0xE8, 0xD1, 0xE8, 0xD1, 0xE8, 0xD1, 0xE8, 0xD1, 0xE8, 0xC9, 0x87, 0xC1, 0x26, 0xB1, 0xC4, 0x80,
    0x61, 0x40, 0x62, 0x30, 0x31, 0x94, 0x1C, 0xE7, 0x9A, 0xD6, 0x79, 0xCE, 0xEF, 0x8B, 0x61, 0x30,
    0x81, 0x48, 0x09, 0xBA, 0x8B, 0xEA, 0x08, 0xD2, 0xA8, 0xC9, 0x29, 0xD2, 0xCC, 0xEA, 0xC7, 0x91,
    0x00, 0x00, 0x24, 0x29, 0xD7, 0xBD, 0x59, 0xCE, 0xDB, 0xDE, 0xFC, 0xDE, 0xFC, 0xDE, 0xFC, 0xDE,
    0xFC, 0xDE, 0xFC, 0xDE, 0xFC, 0xDE, 0xDC, 0xE6, 0xDC, 0xE6, 0xFC, 0xDE, 0xFC, 0xDE, 0xFC, 0xDE,
    0xFC, 0xDE, 0xFC, 0xDE, 0xFC, 0xDE, 0xFC, 0xDE, 0xFC, 0xDE, 0xFC, 0xDE, 0xDC, 0xE6, 0x9B, 0xDE,
    0x59, 0xC6, 0x6D, 0x5B, 0xE3, 0x00, 0x0C, 0x1B, 0x17, 0x3E, 0x0F, 0x1C, 0x03, 0x01, 0x4A, 0x3A,
    0x19, 0xC6, 0xD8, 0xBD, 0x34, 0x9D, 0x6E, 0x63, 0xC3, 0x00, 0x64, 0x01, 0xCF, 0x2B, 0x51, 0x24,
    0x2F, 0x24, 0x6E, 0x23, 0x05, 0x09, 0x04, 0x11, 0x85, 0x09, 0x4C, 0x13, 0x92, 0x14, 0x56, 0x25,
    0x56, 0x25, 0x55, 0x2D, 0x54, 0x25, 0x55, 0x25, 0x75, 0x25, 0x75, 0x25, 0x75, 0x25, 0x75, 0x25,
    0x75, 0x25, 0x75, 0x25, 0x55, 0x25, 0x75, 0x25, 0x75, 0x25, 0x75, 0x25, 0x75, 0x25, 0x55, 0x25,
    0x15, 0x1D, 0xF4, 0x1C, 0x2F, 0x24, 0xAB, 0x53, 0x03, 0x9B, 0xA1, 0xBA, 0x63, 0xD3, 0xE4, 0xDB,
    0xA3, 0xDB, 0xA3, 0xDB, 0xA3, 0xDB, 0xA3, 0xDB, 0xA3, 0xDB, 0xA3, 0xDB, 0xA3, 0xDB, 0xA3, 0xDB,
    0xA3, 0xDB, 0xA3, 0xDB, 0xA3, 0xDB, 0xA3, 0xDB, 0xA3, 0xDB, 0xA3, 0xDB, 0x83, 0xDB, 0xA4, 0xDB,
    0x43, 0xCB, 0x80, 0xB2, 0xA1, 0xBA, 0x83, 0xD3, 0xC4, 0xDB, 0xC4, 0xE3, 0xC3, 0xE3, 0xC3, 0xDB,
    0xC3, 0xDB, 0xC3, 0xDB, 0xE4, 0xE3, 0x22, 0xCB, 0xA1, 0xB2, 0xC1, 0x71, 0x20, 0x08, 0x08, 0x3A,
    0x8F, 0x73, 0x6E, 0x73, 0xEF, 0x7B, 0x13, 0x9D, 0x5A, 0xCE, 0x37, 0xAD, 0x6A, 0x52, 0xA1, 0x28,
    0x41, 0x51, 0xC4, 0xD3, 0x64, 0xF4, 0x02, 0x6A, 0x82, 0x10, 0xB6, 0xBD, 0x3C, 0xE7, 0xDC, 0xDE,
    0xFC, 0xDE, 0x1C, 0xE7, 0x9E, 0xF7, 0x9D, 0xF7, 0xBE, 0xFF, 0x59, 0xCE, 0x73, 0x8C, 0x93, 0x8C,
    0x73, 0x8C, 0x56, 0xAD, 0x7A, 0xCE, 0x7A, 0xCE, 0x5A, 0xCE, 0xFC, 0xDE, 0x3D, 0xE7, 0x3C, 0xE7,
    0x9E, 0xF7, 0x8E, 0x73, 0x04, 0x21, 0x66, 0x29, 0x66, 0x29, 0x6D, 0x21, 0x71, 0x21, 0x71, 0x21,
    0x71, 0x21, 0x71, 0x21, 0x6D, 0x21, 0x86, 0x31, 0x86, 0x31, 0x45, 0x29, 0x69, 0x4A, 0xDB, 0xDE,
    0x3D, 0xE7, 0x1C, 0xE7, 0xFC, 0xDE, 0x7A, 0xCE, 0x7A, 0xCE, 0x9B, 0xD6, 0xB7, 0xB5, 0x73, 0x8C,
    0x93, 0x94, 0x93, 0x8C, 0x7A, 0xCE, 0xDF, 0xFF, 0xBA, 0xD6, 0x97, 0xAD, 0x4D, 0x6B, 0x20, 0x10,
    0x41, 0x18, 0x21, 0x20, 0x20, 0x10, 0x61, 0x10, 0x14, 0x9D, 0xDC, 0xE6, 0x7B, 0xD6, 0x7A, 0xCE,
    0xBB, 0xDE, 0xFC, 0xDE, 0xDC, 0xDE, 0xDB, 0xDE, 0x55, 0xAD, 0x21, 0x18, 0x20, 0x38, 0x8A, 0xCA,
    0xCC, 0xEA, 0x09, 0xD2, 0xE8, 0xD1, 0xE8, 0xD1, 0xE8, 0xD1, 0xE8, 0xD1, 0xE8, 0xD1, 0xE8, 0xD1,
    0xE8, 0xD1, 0xE8, 0xD1, 0xE8, 0xD1, 0xE8, 0xD1, 0xE8, 0xD1, 0xE8, 0xD1, 0xE8, 0xD1, 0xE8, 0xD1,
    0xC8, 0xD1, 0xE9, 0xD1, 0x6A, 0xDA, 0x6A, 0xDA, 0x8A, 0xCA, 0xE9, 0x99, 0x08, 0x5A, 0xFB, 0xDE,
    0xB7, 0xC5, 0x45, 0x31, 0x04, 0x41, 0x6A, 0xB2, 0x8A, 0xD2, 0x09, 0xCA, 0xC8, 0xC9, 0xE8, 0xD1,
    0xC8, 0xD1, 0xE8, 0xD1, 0xE9, 0xD9, 0xC8, 0xB1, 0xA2, 0x38, 0xC2, 0x20, 0x44, 0x29, 0xE8, 0x41,
    0x59, 0xCE, 0x1C, 0xE7, 0xFC, 0xDE, 0xFC, 0xDE, 0xFC, 0xDE, 0xDC, 0xDE, 0xFB, 0xDE, 0xFB, 0xDE,
    0xFB, 0xDE, 0xFB, 0xDE, 0xFC, 0xDE, 0xFC, 0xDE, 0xFC, 0xDE, 0xFC, 0xDE, 0xFC, 0xDE, 0xFC, 0xDE,
    0xFC, 0xDE, 0xDB, 0xDE, 0x1C, 0xE7, 0xF4, 0x9C, 0x66, 0x19, 0x6D, 0x2B, 0x54, 0x3D, 0xF3, 0x2C,
    0x51, 0x14, 0x92, 0x1C, 0x13, 0x3D, 0xEC, 0x22, 0x45, 0x19, 0xE7, 0x31, 0x65, 0x21, 0xA7, 0x11,
    0x51, 0x3C, 0xE6, 0x11, 0x04, 0x01, 0xE8, 0x09, 0x86, 0x09, 0x45, 0x09, 0xC3, 0x00, 0x0F, 0x3C,
    0xB6, 0x45, 0xB6, 0x3D, 0x96, 0x35, 0x55, 0x25, 0x55, 0x25, 0x55, 0x25, 0x55, 0x25, 0x75, 0x25,
    0x75, 0x25, 0x75, 0x25, 0x75, 0x25, 0x75, 0x25, 0x75, 0x25, 0x75, 0x25, 0x75, 0x25, 0x75, 0x25,
    0x76, 0x25, 0x75, 0x25, 0x76, 0x2D, 0x35, 0x25, 0x51, 0x0C, 0xF0, 0x13, 0x69, 0x53, 0x44, 0xAB,
    0x66, 0xE4, 0x46, 0xEC, 0xE4, 0xE3, 0xA3, 0xE3, 0xA3, 0xE3, 0xA3, 0xDB, 0xA3, 0xDB, 0xA3, 0xDB,
    0xA3, 0xDB, 0xA3, 0xDB, 0xA3, 0xDB, 0xA3, 0xDB, 0xA3, 0xDB, 0xA3, 0xDB, 0xA3, 0xDB, 0xA3, 0xDB,
    0xA3, 0xDB, 0xA3, 0xDB, 0x42, 0xCB, 0x80, 0xB2, 0xA1, 0xBA, 0x61, 0xB2, 0x81, 0xB2, 0x84, 0xDB,
    0xC4, 0xE3, 0xC4, 0xE3, 0xC3, 0xE3, 0xC3, 0xDB, 0xC3, 0xDB, 0xC3, 0xDB, 0xC3, 0xDB, 0x04, 0xE4,
    0x86, 0xEC, 0x04, 0xA3, 0x20, 0x10, 0x21, 0x00, 0x21, 0x00, 0x00, 0x00, 0x00, 0x00, 0xE3, 0x18,
    0xF9, 0xBD, 0x9B, 0xDE, 0x96, 0xB5, 0xAF, 0x73, 0xA1, 0x28, 0xE2, 0xBA, 0x83, 0xE3, 0xC2, 0x61,
    0x41, 0x08, 0x95, 0xB5, 0x3C, 0xE7, 0xDC, 0xDE, 0xFC, 0xDE, 0x1C, 0xDF, 0x9E, 0xF7, 0x9D, 0xF7,
    0xBE, 0xF7, 0x59, 0xCE, 0x73, 0x8C, 0x93, 0x8C, 0x73, 0x8C, 0x56, 0xAD, 0x7A, 0xCE, 0x7A, 0xCE,
    0x5A, 0xCE, 0xFC, 0xDE, 0x5D, 0xEF, 0x3C, 0xE7, 0x9E, 0xF7, 0x8E, 0x73, 0x04, 0x21, 0x66, 0x29,
    0x66, 0x29, 0x6D, 0x21, 0x71, 0x21, 0x71, 0x21, 0x71, 0x21, 0x71, 0x21, 0x6D, 0x21, 0x86, 0x31,
    0x86, 0x31, 0x45, 0x29, 0x69, 0x4A, 0xDB, 0xDE, 0x3C, 0xE7, 0x1C, 0xE7, 0xFC, 0xDE, 0x7A, 0xCE,
    0x7A, 0xCE, 0x9B, 0xD6, 0xB7, 0xB5, 0x73, 0x8C, 0x94, 0x94, 0x93, 0x94, 0x9A, 0xCE, 0xBF, 0xF7,
    0xFB, 0xE6, 0x9B, 0xD6, 0xD7, 0xBD, 0x72, 0x94, 0x73, 0x94, 0x72, 0x94, 0x52, 0x8C, 0x52, 0x8C,
    0x39, 0xC6, 0x1C, 0xE7, 0xFC, 0xDE, 0x1C, 0xDF, 0xFC, 0xDE, 0xFC, 0xDE, 0xDC, 0xDE, 0x3C, 0xE7,
    0xD7, 0xBD, 0x21, 0x20, 0x20, 0x40, 0x8A, 0xC2, 0xCC, 0xEA, 0x09, 0xDA, 0xE8, 0xD1, 0xE8, 0xD1,
    0xE8, 0xD1, 0xE8, 0xD1, 0xE8, 0xD1, 0xE8, 0xD1, 0xE8, 0xD1, 0xE8, 0xD1, 0xE8, 0xD1, 0xE8, 0xD1,
    0xE8, 0xD1, 0xE8, 0xD1, 0xE8, 0xD1, 0xE8, 0xD1, 0xC8, 0xD1, 0x09, 0xD2, 0xAB, 0xEA, 0xCB, 0xEA,
    0xCB, 0xE2, 0x29, 0xBA, 0x65, 0x51, 0xF7, 0xBD, 0xD3, 0xA4, 0x40, 0x18, 0x82, 0x40, 0xCB, 0xCA,
    0xCC, 0xF2, 0x09, 0xD2, 0xC8, 0xC9, 0xC8, 0xD1, 0xC8, 0xD1, 0xC8, 0xC9, 0xC8, 0xC9, 0xE9, 0xD1,
    0x09, 0xB2, 0x28, 0x92, 0xA2, 0x30, 0x04, 0x21, 0x39, 0xC6, 0x1C, 0xDF, 0xDB, 0xDE, 0xFC, 0xDE,
    0xDC, 0xDE, 0xFC, 0xDE, 0xFC, 0xDE, 0xFC, 0xDE, 0xFC, 0xDE, 0xFC, 0xDE, 0xFC, 0xDE, 0xFC, 0xDE,
    0xFC, 0xDE, 0xFC, 0xDE, 0xFC, 0xDE, 0xFC, 0xDE, 0xFC, 0xDE, 0xDC, 0xDE, 0x3C, 0xE7, 0x92, 0x8C,
    0xA3, 0x00, 0xCF, 0x23, 0x58, 0x3E, 0x75, 0x25, 0xF0, 0x13, 0x92, 0x24, 0xD7, 0x45, 0x2D, 0x23,
    0xA2, 0x00, 0xE3, 0x08, 0xA3, 0x00, 0x66, 0x01, 0x54, 0x45, 0x69, 0x12, 0x82, 0x00, 0x05, 0x01,
    0xC3, 0x00, 0x82, 0x00, 0x82, 0x00, 0x91, 0x34, 0x79, 0x3E, 0x38, 0x3E, 0xD7, 0x35, 0x55, 0x25,
    0x75, 0x25, 0x75, 0x25, 0x75, 0x1D, 0x76, 0x25, 0x55, 0x25, 0x54, 0x25, 0x55, 0x25, 0x75, 0x25,
    0x55, 0x25, 0x75, 0x25, 0x76, 0x25, 0x76, 0x25, 0x95, 0x25, 0x75, 0x25, 0x96, 0x25, 0x14, 0x25,
    0x10, 0x14, 0xEE, 0x1B, 0x07, 0x63, 0x01, 0xBB, 0xA6, 0xF4, 0xC6, 0xF4, 0x03, 0xEC, 0x83, 0xE3,
    0xA3, 0xE3, 0xC3, 0xDB, 0xC3, 0xE3, 0xA3, 0xDB, 0xA3, 0xDB, 0xA3, 0xDB, 0xA3, 0xDB, 0xC3, 0xE3,
    0xA3, 0xDB, 0xA3, 0xDB, 0xA3, 0xDB, 0xA3, 0xDB, 0xA3, 0xDB, 0xC4, 0xDB, 0x43, 0xD3, 0x60, 0xB2,
    0xC1, 0xBA, 0x22, 0xC3, 0x22, 0xC3, 0xA4, 0xDB, 0xC4, 0xE3, 0xC3, 0xE3, 0xA3, 0xDB, 0xC3, 0xDB,
    0xC3, 0xDB, 0xC3, 0xDB, 0xC3, 0xDB, 0x25, 0xEC, 0xE8, 0xF4, 0xA6, 0xC3, 0x41, 0x51, 0x62, 0x49,
    0x81, 0x59, 0x82, 0x51, 0xE1, 0x28, 0x04, 0x21, 0xF8, 0xBD, 0x3C, 0xEF, 0x59, 0xCE, 0x93, 0x8C,
    0x65, 0x41, 0x84, 0x92, 0xE5, 0xAA, 0x62, 0x51, 0xE4, 0x20, 0x96, 0xB5, 0x3C, 0xE7, 0xDC, 0xDE,
    0xDC, 0xDE, 0xFC, 0xE6, 0x9E, 0xF7, 0x9D, 0xF7, 0xBE, 0xFF, 0x59, 0xCE, 0x73, 0x8C, 0x93, 0x94,
    0x73, 0x8C, 0x56, 0xAD, 0x7A, 0xCE, 0x7A, 0xCE, 0x5A, 0xCE, 0xFC, 0xDE, 0x5D, 0xEF, 0x1C, 0xE7,
    0x9E, 0xF7, 0xAE, 0x73, 0x04, 0x21, 0x66, 0x29, 0x66, 0x29, 0x6D, 0x21, 0x71, 0x21, 0x71, 0x21,
    0x71, 0x21, 0x71, 0x21, 0x6D, 0x21, 0x86, 0x31, 0x86, 0x31, 0x65, 0x29, 0x69, 0x4A, 0xDB, 0xDE,
    0x3C, 0xE7, 0x1C, 0xE7, 0xFC, 0xDE, 0x7A, 0xCE, 0x7A, 0xCE, 0x9B, 0xD6, 0xB7, 0xB5, 0x73, 0x8C,
    0x94, 0x94, 0x93, 0x94, 0x7A, 0xCE, 0xBE, 0xF7, 0x9D, 0xF7, 0xBE, 0xF7, 0xFC, 0xDE, 0xB8, 0xB5,
    0x97, 0xAD, 0x77, 0xAD, 0x77, 0xAD, 0x97, 0xB5, 0x9A, 0xD6, 0xFC, 0xDE, 0xDB, 0xDE, 0xFC, 0xDE,
    0xFC, 0xDE, 0xFC, 0xDE, 0xDB, 0xDE, 0x1C, 0xEF, 0xD7, 0xC5, 0x41, 0x20, 0x00, 0x38, 0x6A, 0xBA,
    0xEC, 0xEA, 0x09, 0xDA, 0xC8, 0xD1, 0xE8, 0xD1, 0xE8, 0xD1, 0xE8, 0xD1, 0xE8, 0xD1, 0xE8, 0xD1,
    0xE8, 0xD1, 0xE8, 0xD1, 0xE8, 0xD1, 0xE8, 0xD1, 0xE8, 0xD1, 0xE8, 0xD1, 0xE8, 0xD1, 0xE8, 0xD1,
    0xE8, 0xC9, 0xE8, 0xD1, 0x0A, 0xDA, 0x2A, 0xDA, 0x8A, 0xE2, 0x8B, 0xD2, 0x04, 0x59, 0xA2, 0x20,
    0x24, 0x49, 0x4A, 0xA2, 0x09, 0xBA, 0xE9, 0xC9, 0xE9, 0xD9, 0xE8, 0xD1, 0xE8, 0xC9, 0x46, 0xB9,
    0xA4, 0xA8, 0xE5, 0xA8, 0x05, 0xB1, 0x25, 0xC1, 0xA7, 0xD1, 0xC7, 0xC1, 0x61, 0x38, 0xC3, 0x20,
    0x19, 0xC6, 0x1C, 0xDF, 0xFB, 0xDE, 0xFC, 0xDE, 0xDC, 0xDE, 0xFC, 0xDE, 0xFC, 0xDE, 0xFC, 0xDE,
    0xFC, 0xDE, 0xFC, 0xDE, 0xFC, 0xDE, 0xFC, 0xDE, 0xFC, 0xDE, 0xFC, 0xDE, 0xFC, 0xDE, 0xFC, 0xDE,
    0xFC, 0xDE, 0xDC, 0xDE, 0x3D, 0xE7, 0xB3, 0x94, 0xC3, 0x00, 0x29, 0x12, 0x2C, 0x1B, 0x2C, 0x13,
    0x0B, 0x1B, 0xAB, 0x1A, 0x69, 0x12, 0xA5, 0x09, 0xA2, 0x00, 0x86, 0x09, 0x50, 0x2C, 0x92, 0x2C,
    0xB5, 0x2D, 0x75, 0x2D, 0xD3, 0x2C, 0xB2, 0x2C, 0x71, 0x2C, 0x71, 0x2C, 0x92, 0x24, 0x96, 0x35,
    0xF8, 0x35, 0x96, 0x2D, 0x75, 0x25, 0x55, 0x25, 0x75, 0x25, 0x55, 0x25, 0x75, 0x25, 0x76, 0x25,
    0x74, 0x2D, 0x74, 0x25, 0x76, 0x25, 0x75, 0x25, 0x75, 0x25, 0x75, 0x25, 0x55, 0x25, 0x76, 0x25,
    0x75, 0x2D, 0x56, 0x2D, 0x76, 0x25, 0xF3, 0x1C, 0x10, 0x0C, 0x2E, 0x34, 0x49, 0xB4, 0xE4, 0xEB,
    0xE4, 0xE3, 0x04, 0xE4, 0xC3, 0xDB, 0xA4, 0xE3, 0xA3, 0xDB, 0xA3, 0xDB, 0xA3, 0xDB, 0xA3, 0xDB,
    0xA3, 0xDB, 0xA3, 0xDB, 0xA3, 0xDB, 0xC3, 0xE3, 0xA3, 0xDB, 0xA3, 0xDB, 0xA3, 0xDB, 0xA3, 0xDB,
    0xA3, 0xDB, 0xA3, 0xDB, 0xC4, 0xDB, 0xE5, 0xE3, 0xC4, 0xDB, 0x66, 0xEC, 0x66, 0xEC, 0xC4, 0xE3,
    0xA3, 0xE3, 0xC3, 0xE3, 0xA3, 0xDB, 0xA3, 0xDB, 0xA4, 0xDB, 0xC4, 0xE3, 0xC3, 0xE3, 0xC3, 0xE3,
    0xE3, 0xE3, 0x45, 0xEC, 0xA8, 0xEC, 0x87, 0xDC, 0x67, 0xE4, 0xA7, 0xEC, 0x66, 0xA3, 0xA1, 0x18,
    0x28, 0x42, 0x48, 0x52, 0x14, 0xA5, 0xD8, 0xB5, 0x51, 0x8C, 0x60, 0x18, 0x00, 0x10, 0xAA, 0x62,
    0x15, 0xAD, 0x7A, 0xCE, 0xFC, 0xDE, 0xFB, 0xDE, 0xDC, 0xDE, 0xFC, 0xE6, 0x9E, 0xF7, 0x9D, 0xF7,
    0xBE, 0xF7, 0x39, 0xCE, 0x73, 0x8C, 0x93, 0x8C, 0x73, 0x8C, 0x56, 0xAD, 0x7A, 0xCE, 0x7A, 0xCE,
    0x5A, 0xCE, 0xFC, 0xDE, 0x5D, 0xEF, 0x1C, 0xE7, 0x9E, 0xF7, 0x8E, 0x73, 0x04, 0x21, 0x66, 0x29,
    0x66, 0x29, 0x6D, 0x21, 0x71, 0x21, 0x71, 0x21, 0x71, 0x21, 0x71, 0x21, 0x6D, 0x21, 0x86, 0x31,
    0x86, 0x31, 0x65, 0x29, 0x6A, 0x4A, 0xDB, 0xDE, 0x3C, 0xE7, 0x1C, 0xE7, 0xFC, 0xDE, 0x7A, 0xCE,
    0x7A, 0xCE, 0x9B, 0xD6, 0xB7, 0xB5, 0x93, 0x8C, 0x94, 0x94, 0x93, 0x94, 0x7A, 0xCE, 0xBE, 0xF7,
    0x7D, 0xF7, 0xBE, 0xF7, 0xFC, 0xDE, 0x19, 0xC6, 0xF8, 0xBD, 0xD8, 0xBD, 0xF8, 0xBD, 0x18, 0xC6,
    0xBB, 0xD6, 0xFC, 0xDE, 0xDC, 0xDE, 0xFC, 0xDE, 0xFC, 0xDE, 0xFC, 0xDE, 0xFB, 0xDE, 0x5D, 0xEF,
    0xF7, 0xBD, 0x20, 0x18, 0x00, 0x30, 0x6A, 0xC2, 0x0C, 0xE3, 0x29, 0xDA, 0xC8, 0xD1, 0xE8, 0xD1,
    0xE8, 0xD1, 0xE8, 0xD1, 0xE8, 0xD1, 0xE8, 0xD1, 0xE8, 0xD1, 0xE8, 0xD1, 0xE8, 0xD1, 0xE8, 0xD1,
    0xE8, 0xD1, 0xE8, 0xD1, 0xE8, 0xD1, 0xE8, 0xD1, 0xE8, 0xD1, 0xE8, 0xD1, 0xC9, 0xD1, 0xE8, 0xD1,
    0x8A, 0xE2, 0xCC, 0xE2, 0xE4, 0x70, 0x00, 0x18, 0xA2, 0x58, 0xCD, 0xE2, 0x6B, 0xEA, 0xC8, 0xC9,
    0xC8, 0xC9, 0xE8, 0xD1, 0xE9, 0xD1, 0x05, 0xB1, 0x63, 0x90, 0xC4, 0x98, 0x05, 0xA9, 0x05, 0xB1,
    0x46, 0xB9, 0x87, 0xA9, 0x41, 0x30, 0x82, 0x18, 0xF9, 0xC5, 0x1C, 0xE7, 0xFB, 0xDE, 0xFC, 0xDE,
    0xFC, 0xDE, 0xFC, 0xDE, 0xFC, 0xDE, 0xFC, 0xDE, 0xFC, 0xDE, 0xFC, 0xDE, 0xFC, 0xDE, 0xFC, 0xDE,
    0xFC, 0xDE, 0xFC, 0xDE, 0xFC, 0xDE, 0xFC, 0xDE, 0xFC, 0xDE, 0xDC, 0xDE, 0x3D, 0xEF, 0xF4, 0x9C,
    0x46, 0x21, 0xA3, 0x10, 0x00, 0x00, 0x61, 0x00, 0xC3, 0x00, 0x82, 0x00, 0x61, 0x00, 0x81, 0x00,
    0x21, 0x00, 0x66, 0x09, 0xD7, 0x45, 0x39, 0x36, 0xD8, 0x35, 0x19, 0x36, 0x79, 0x36, 0x58, 0x36,
    0x58, 0x36, 0x58, 0x2E, 0x59, 0x36, 0x38, 0x3E, 0xB6, 0x2D, 0x54, 0x25, 0x55, 0x25, 0x55, 0x25,
    0x75, 0x25, 0x55, 0x25, 0x55, 0x25, 0x55, 0x25, 0x54, 0x2D, 0x75, 0x25, 0x96, 0x1D, 0x75, 0x25,
    0x75, 0x25, 0x76, 0x25, 0x75, 0x25, 0x75, 0x25, 0x75, 0x2D, 0x96, 0x2D, 0xB6, 0x25, 0xF2, 0x1C,
    0xCE, 0x03, 0x0C, 0x4C, 0xE8, 0xE4, 0x85, 0xFC, 0x84, 0xE3, 0xA3, 0xDB, 0xC2, 0xDB, 0xA2, 0xE3,
    0xA3, 0xDB, 0xA3, 0xDB, 0xA3, 0xDB, 0xA3, 0xDB, 0xA3, 0xDB, 0xA3, 0xDB, 0xA3, 0xDB, 0xA3, 0xDB,
    0xA3, 0xDB, 0xA3, 0xDB, 0xA3, 0xDB, 0xA3, 0xDB, 0xC3, 0xE3, 0xA3, 0xDB, 0x04, 0xE4, 0xA7, 0xF4,
    0x86, 0xF4, 0x86, 0xF4, 0x66, 0xF4, 0xE4, 0xE3, 0xA3, 0xE3, 0xA3, 0xDB, 0xA3, 0xDB, 0xC3, 0xDB,
    0xA3, 0xDB, 0xC3, 0xDB, 0xC3, 0xE3, 0xC3, 0xDB, 0xA3, 0xDB, 0x04, 0xEC, 0xC6, 0xF4, 0xA5, 0xF4,
    0x85, 0xF4, 0xA6, 0xF4, 0x27, 0xDC, 0x84, 0x82, 0xC2, 0x20, 0x61, 0x08, 0xF4, 0x9C, 0x7B, 0xCE,
    0x56, 0xA5, 0x6A, 0x42, 0x08, 0x42, 0x72, 0x94, 0xB8, 0xB5, 0x9B, 0xD6, 0x1B, 0xDF, 0xFB, 0xDE,
    0xDC, 0xDE, 0xFC, 0xE6, 0x9E, 0xF7, 0x9D, 0xF7, 0xBE, 0xF7, 0x39, 0xCE, 0x52, 0x8C, 0x93, 0x8C,
    0x73, 0x8C, 0x56, 0xAD, 0x7A, 0xCE, 0x7A, 0xCE, 0x5A, 0xCE, 0xDC, 0xDE, 0x3D, 0xE7, 0x1C, 0xE7,
    0x7E, 0xEF, 0x8E, 0x73, 0x04, 0x21, 0x66, 0x29, 0x66, 0x29, 0x6D, 0x21, 0x71, 0x21, 0x71, 0x21,
    0x71, 0x21, 0x71, 0x21, 0x6D, 0x21, 0x86, 0x31, 0x86, 0x31, 0x45, 0x29, 0x69, 0x4A, 0xDB, 0xDE,
    0x3C, 0xE7, 0x1C, 0xE7, 0xFC, 0xDE, 0x7A, 0xCE, 0x7A, 0xCE, 0x9B, 0xD6, 0xB7, 0xB5, 0x93, 0x8C,
    0x94, 0x94, 0x93, 0x8C, 0x7A, 0xCE, 0xBE, 0xF7, 0x9D, 0xF7, 0x9E, 0xF7, 0x3C, 0xE7, 0xFC, 0xDE,
    0xFC, 0xDE, 0xFC, 0xDE, 0xFC, 0xDE, 0xFC, 0xDE, 0xFC, 0xDE, 0xFC, 0xDE, 0xFC, 0xDE, 0xDC, 0xDE,
    0xFC, 0xDE, 0xFC, 0xDE, 0xBB, 0xD6, 0xAF, 0x73, 0x49, 0x5A, 0x87, 0x81, 0xA7, 0xA1, 0x8A, 0xDA,
    0xAB, 0xEA, 0x09, 0xD2, 0xC8, 0xD1, 0xE8, 0xD1, 0xE8, 0xD1, 0xE8, 0xD1, 0xE8, 0xD1, 0xE8, 0xD1,
    0xE8, 0xD1, 0xE8, 0xD1, 0xE8, 0xD1, 0xE8, 0xD1, 0xE8, 0xD1, 0xE8, 0xD1, 0xE8, 0xD1, 0xE8, 0xD1,
    0xE8, 0xD1, 0xE8, 0xD1, 0xE9, 0xD1, 0xE8, 0xD1, 0x08, 0xD2, 0x2A, 0xDA, 0x08, 0xB2, 0xE7, 0x99,
    0xE8, 0xA9, 0x6A, 0xD2, 0x6A, 0xD2, 0x08, 0xCA, 0xC8, 0xD1, 0x87, 0xD1, 0x88, 0xC9, 0xE4, 0x80,
    0x41, 0x38, 0x83, 0x48, 0xA3, 0x58, 0xA3, 0x58, 0xC3, 0x58, 0xA3, 0x50, 0x29, 0x5A, 0xF0, 0x83,
    0x7A, 0xD6, 0xFC, 0xE6, 0xFC, 0xE6, 0xFC, 0xDE, 0xFC, 0xDE, 0xFC, 0xDE, 0xFC, 0xDE, 0xFC, 0xDE,
    0xFC, 0xDE, 0xFC, 0xDE, 0xFC, 0xDE, 0xFC, 0xDE, 0xFC, 0xDE, 0xFC, 0xDE, 0xFC, 0xDE, 0xFC, 0xDE,
    0xFC, 0xDE, 0xFC, 0xDE, 0xFD, 0xE6, 0x39, 0xC6, 0xD3, 0x8C, 0xF0, 0x73, 0x2D, 0x6B, 0x29, 0x42,
    0x82, 0x00, 0x07, 0x12, 0xEF, 0x2B, 0xCE, 0x2B, 0x8D, 0x23, 0x0F, 0x1C, 0xB5, 0x2D, 0xB7, 0x2D,
    0x56, 0x2D, 0x55, 0x2D, 0x95, 0x25, 0x55, 0x2D, 0x75, 0x2D, 0xB6, 0x25, 0xB6, 0x25, 0xB6, 0x2D,
    0x75, 0x25, 0x34, 0x25, 0x55, 0x25, 0x55, 0x25, 0x75, 0x25, 0x75, 0x25, 0x55, 0x25, 0x55, 0x25,
    0x75, 0x25, 0x76, 0x25, 0x56, 0x2D, 0x55, 0x2D, 0x35, 0x25, 0x93, 0x1C, 0x92, 0x14, 0x91, 0x14,
    0xB2, 0x14, 0xD4, 0x1C, 0xF4, 0x24, 0x50, 0x3C, 0x48, 0x63, 0x66, 0x8B, 0xA7, 0xE4, 0x85, 0xF4,
    0xC3, 0xE3, 0xA3, 0xDB, 0xA3, 0xE3, 0xA3, 0xE3, 0xC3, 0xDB, 0xA3, 0xDB, 0xA3, 0xDB, 0xA3, 0xDB,
    0xA3, 0xDB, 0xA3, 0xDB, 0xA3, 0xDB, 0xA3, 0xDB, 0xA3, 0xDB, 0xC3, 0xE3, 0xA3, 0xDB, 0xA3, 0xDB,
    0xA3, 0xDB, 0xA3, 0xDB, 0xC3, 0xE3, 0x04, 0xE4, 0x04, 0xE4, 0x04, 0xE4, 0xE4, 0xE3, 0xC3, 0xE3,
    0xA3, 0xDB, 0xA3, 0xDB, 0xA3, 0xDB, 0xC3, 0xE3, 0xC3, 0xE3, 0xA3, 0xDB, 0xA3, 0xDB, 0xC3, 0xDB,
    0xC4, 0xDB, 0xE4, 0xDB, 0x04, 0xE4, 0x24, 0xE4, 0x05, 0xDC, 0x04, 0xDC, 0xE4, 0xE3, 0xE5, 0xE3,
    0x44, 0x7A, 0x61, 0x08, 0xAF, 0x73, 0xFD, 0xE6, 0x7A, 0xD6, 0x97, 0xAD, 0x77, 0xAD, 0xD9, 0xB5,
    0x5A, 0xC6, 0xDB, 0xDE, 0xFB, 0xDE, 0xFB, 0xDE, 0xFC, 0xDE, 0xFC, 0xE6, 0x9E, 0xF7, 0x9D, 0xF7,
    0xBE, 0xFF, 0x39, 0xCE, 0x52, 0x8C, 0x93, 0x8C, 0x73, 0x8C, 0x56, 0xAD, 0x7A, 0xCE, 0x7A, 0xCE,
    0x5A, 0xCE, 0xDC, 0xDE, 0x3D, 0xE7, 0x1C, 0xE7, 0x7E, 0xEF, 0x8E, 0x73, 0x04, 0x21, 0x66, 0x29,
    0x66, 0x29, 0x6D, 0x21, 0x71, 0x21, 0x71, 0x21, 0x71, 0x21, 0x71, 0x21, 0x6D, 0x21, 0x86, 0x31,
    0x86, 0x31, 0x45, 0x29, 0x69, 0x4A, 0xDB, 0xDE, 0x3C, 0xE7, 0x3C, 0xE7, 0xFC, 0xDE, 0x7A, 0xCE,
    0x7A, 0xCE, 0x9B, 0xD6, 0x97, 0xB5, 0x73, 0x8C, 0x94, 0x94, 0x93, 0x8C, 0x7A, 0xCE, 0xBE, 0xF7,
    0x9D, 0xF7, 0x9D, 0xF7, 0x1C, 0xE7, 0xDB, 0xDE, 0xDC, 0xDE, 0xFC, 0xDE, 0xDC, 0xDE, 0xFB, 0xDE,
    0xFC, 0xDE, 0xFC, 0xDE, 0xFC, 0xDE, 0xDC, 0xDE, 0xFC, 0xDE, 0x5E, 0xEF, 0xDB, 0xDE, 0x04, 0x21,
    0x00, 0x10, 0x6B, 0xCA, 0xAC, 0xEA, 0xCB, 0xE2, 0xAB, 0xEA, 0x09, 0xDA, 0xC8, 0xD1, 0xE8, 0xD1,
    0xE8, 0xD1, 0xE8, 0xD1, 0xE8, 0xD1, 0xE8, 0xD1, 0xE8, 0xD1, 0xE8, 0xD1, 0xE8, 0xD1, 0xE8, 0xD1,
    0xE8, 0xD1, 0xE8, 0xD1, 0xE8, 0xD1, 0xE8, 0xD1, 0xE8, 0xD1, 0xE8, 0xD1, 0xE8, 0xD1, 0xE8, 0xD1,
    0xE8, 0xD1, 0xC8, 0xD1, 0xAB, 0xE2, 0x0D, 0xEB, 0xAB, 0xEA, 0x4A, 0xE2, 0x29, 0xDA, 0xC8, 0xD1,
    0xC8, 0xD9, 0x66, 0xB9, 0x46, 0xB9, 0xE4, 0x78, 0x61, 0x20, 0x40, 0x08, 0x21, 0x08, 0x41, 0x08,
    0x21, 0x00, 0x00, 0x00, 0x4D, 0x6B, 0xF8, 0xBD, 0xDB, 0xD6, 0xFC, 0xDE, 0xFC, 0xE6, 0xFC, 0xDE,
    0xFC, 0xDE, 0xFC, 0xDE, 0xFC, 0xDE, 0xFC, 0xDE, 0xFC, 0xDE, 0xFC, 0xDE, 0xFC, 0xDE, 0xFC, 0xDE,
    0xFC, 0xDE, 0xFC, 0xDE, 0xFC, 0xDE, 0xFC, 0xDE, 0xFC, 0xDE, 0xFC, 0xDE, 0xFC, 0xDE, 0x3A, 0xC6,
    0x35, 0xA5, 0x55, 0xA5, 0xB7, 0xB5, 0xEC, 0x5A, 0xE4, 0x00, 0xCF, 0x23, 0x79, 0x46, 0x18, 0x3E,
    0x38, 0x3E, 0x17, 0x36, 0x95, 0x25, 0x75, 0x25, 0x55, 0x25, 0x55, 0x25, 0x35, 0x25, 0x15, 0x25,
    0x35, 0x2D, 0x55, 0x25, 0x55, 0x25, 0x55, 0x25, 0x35, 0x25, 0x55, 0x25, 0x75, 0x25, 0x76, 0x25,
    0x55, 0x25, 0x75, 0x25, 0x96, 0x25, 0xB6, 0x25, 0x96, 0x25, 0x75, 0x2D, 0x54, 0x2D, 0x75, 0x25,
    0x34, 0x25, 0x30, 0x14, 0x10, 0x14, 0x50, 0x14, 0x50, 0x14, 0x31, 0x0C, 0x31, 0x14, 0xCC, 0x53,
    0x01, 0xB3, 0x02, 0xC3, 0x87, 0xE4, 0x86, 0xF4, 0xE3, 0xDB, 0xA3, 0xDB, 0xA3, 0xDB, 0xA4, 0xDB,
    0xA3, 0xDB, 0xA3, 0xDB, 0xA3, 0xDB, 0xA3, 0xDB, 0xA3, 0xDB, 0xA3, 0xDB, 0xA3, 0xDB, 0xA3, 0xDB,
    0xA3, 0xDB, 0xA3, 0xDB, 0xA3, 0xDB, 0xA3, 0xDB, 0xA3, 0xDB, 0xA3, 0xDB, 0xA3, 0xDB, 0xA3, 0xDB,
    0xA3, 0xDB, 0xA3, 0xDB, 0xA3, 0xDB, 0xA4, 0xDB, 0xC4, 0xE3, 0xC3, 0xE3, 0xA3, 0xDB, 0xA3, 0xDB,
    0xA3, 0xDB, 0xA3, 0xDB, 0xC4, 0xE3, 0xC4, 0xE3, 0xC3, 0xDB, 0xA3, 0xDB, 0x83, 0xDB, 0xA3, 0xE3,
    0xA4, 0xDB, 0x82, 0xD3, 0x62, 0xD3, 0x63, 0xDB, 0x46, 0xAB, 0x00, 0x08, 0xAA, 0x5A, 0x7D, 0xEF,
    0xFC, 0xE6, 0x96, 0xB5, 0x56, 0xAD, 0x7A, 0xCE, 0x1D, 0xE7, 0xDB, 0xE6, 0xFB, 0xDE, 0xFC, 0xDE,
    0xFC, 0xDE, 0xFC, 0xE6, 0x7D, 0xF7, 0x9D, 0xF7, 0xBE, 0xFF, 0x39, 0xCE, 0x52, 0x8C, 0x93, 0x8C,
    0x73, 0x8C, 0x56, 0xAD, 0x7A, 0xCE, 0x7A, 0xCE, 0x5A, 0xCE, 0xDC, 0xDE, 0x3C, 0xE7, 0x1C, 0xE7,
    0x7E, 0xEF, 0x8E, 0x73, 0x04, 0x21, 0x66, 0x29, 0x66, 0x29, 0x6D, 0x21, 0x71, 0x21, 0x71, 0x21,
    0x71, 0x21, 0x71, 0x21, 0x6D, 0x21, 0x86, 0x31, 0x86, 0x31, 0x45, 0x29, 0x69, 0x4A, 0xDB, 0xDE,
    0x3C, 0xE7, 0x3C, 0xE7, 0xFC, 0xDE, 0x7A, 0xCE, 0x7A, 0xCE, 0x9B, 0xD6, 0x97, 0xB5, 0x73, 0x8C,
    0x94, 0x94, 0x93, 0x8C, 0x7A, 0xCE, 0xBE, 0xF7, 0x9D, 0xF7, 0x9E, 0xF7, 0x1C, 0xE7, 0xDB, 0xDE,
    0xFC, 0xDE, 0xFC, 0xDE, 0xFC, 0xDE, 0xFC, 0xDE, 0xFB, 0xDE, 0xFC, 0xDE, 0xFC, 0xDE, 0xFC, 0xDE,
    0xBB, 0xDE, 0xD3, 0xA4, 0xEF, 0x8B, 0xA6, 0x59, 0x45, 0x69, 0x6A, 0xD2, 0x8A, 0xE2, 0x8A, 0xD2,
    0x6A, 0xDA, 0x09, 0xDA, 0xC8, 0xD1, 0xE8, 0xD1, 0xE8, 0xD1, 0xE8, 0xD1, 0xE8, 0xD1, 0xE8, 0xD1,
    0xE8, 0xD1, 0xE8, 0xD1, 0xE8, 0xD1, 0xE8, 0xD1, 0xE8, 0xD1, 0xE8, 0xD1, 0xE8, 0xD1, 0xE8, 0xD1,
    0xE8, 0xD1, 0xE8, 0xD1, 0xE8, 0xD1, 0xE8, 0xD1, 0xE8, 0xD1, 0xE9, 0xD9, 0x29, 0xDA, 0x49, 0xDA,
    0x29, 0xDA, 0xC8, 0xD1, 0xA7, 0xC9, 0x67, 0xC1, 0x87, 0xC9, 0x67, 0xB9, 0x26, 0xB9, 0x47, 0xB9,
    0x05, 0x69, 0xCA, 0x5A, 0x6E, 0x6B, 0x8E, 0x6B, 0x8E, 0x6B, 0x2D, 0x63, 0xB3, 0x8C, 0x18, 0xBE,
    0xDB, 0xDE, 0xFC, 0xDE, 0xFC, 0xDE, 0xFC, 0xDE, 0xDC, 0xDE, 0xFC, 0xDE, 0xFC, 0xDE, 0xFC, 0xDE,
    0xFC, 0xDE, 0xFC, 0xDE, 0xFC, 0xDE, 0xFC, 0xDE, 0xFC, 0xDE, 0xFC, 0xDE, 0xFC, 0xDE, 0xFC, 0xDE,
    0xFC, 0xDE, 0xFC, 0xDE, 0xFC, 0xDE, 0x7A, 0xD6, 0xD8, 0xC5, 0xD8, 0xBD, 0x98, 0xB5, 0x0D, 0x5B,
    0xE8, 0x11, 0x8D, 0x1B, 0x75, 0x2D, 0xF7, 0x2D, 0xD7, 0x2D, 0xB6, 0x2D, 0xF3, 0x1C, 0xB3, 0x1C,
    0xD4, 0x1C, 0xF4, 0x1C, 0xF3, 0x1C, 0x14, 0x1D, 0x55, 0x25, 0x55, 0x25, 0x55, 0x25, 0x55, 0x25,
    0x55, 0x25, 0x55, 0x25, 0x55, 0x25, 0xD3, 0x14, 0x92, 0x14, 0x92, 0x24, 0xB3, 0x2C, 0xD3, 0x24,
    0xB2, 0x1C, 0x6F, 0x3C, 0xAF, 0x44, 0x75, 0x1D, 0x75, 0x25, 0x6D, 0x13, 0x6B, 0x12, 0x4B, 0x3B,
    0xEA, 0x6B, 0x89, 0x5B, 0x69, 0x4B, 0x88, 0x7B, 0xC3, 0xD3, 0xC3, 0xDB, 0x05, 0xEC, 0x24, 0xEC,
    0xC3, 0xDB, 0xA3, 0xE3, 0xC2, 0xDB, 0xA3, 0xDB, 0xA3, 0xDB, 0xA3, 0xDB, 0xA3, 0xDB, 0xA3, 0xDB,
    0xA3, 0xDB, 0xA3, 0xDB, 0xA3, 0xDB, 0xA3, 0xDB, 0xA3, 0xDB, 0xA3, 0xDB, 0xA3, 0xDB, 0xA3, 0xDB,
    0xA3, 0xDB, 0xC3, 0xE3, 0xA3, 0xDB, 0xA3, 0xDB, 0xA3, 0xDB, 0xA3, 0xDB, 0xA4, 0xDB, 0xA4, 0xDB,
    0xA4, 0xDB, 0xA3, 0xDB, 0xA3, 0xDB, 0xA3, 0xDB, 0xA3, 0xDB, 0x83, 0xDB, 0x42, 0xD3, 0x63, 0xD3,
    0xC3, 0xDB, 0xA3, 0xE3, 0xA3, 0xE3, 0x84, 0xE3, 0x23, 0xD3, 0x42, 0xCB, 0x82, 0x9A, 0x02, 0x7A,
    0x24, 0x72, 0x03, 0x62, 0x08, 0x7B, 0x71, 0x8C, 0xD3, 0x94, 0x7A, 0xCE, 0xBB, 0xDE, 0xDB, 0xDE,
    0xFB, 0xE6, 0xDB, 0xE6, 0xFC, 0xDE, 0xFC, 0xDE, 0xFC, 0xDE, 0xFC, 0xE6, 0x7D, 0xF7, 0x9D, 0xF7,
    0xBE, 0xFF, 0x39, 0xCE, 0x53, 0x8C, 0x93, 0x8C, 0x73, 0x8C, 0x56, 0xAD, 0x7A, 0xCE, 0x7A, 0xCE,
    0x5A, 0xCE, 0xDC, 0xDE, 0x3D, 0xE7, 0x1C, 0xE7, 0x9E, 0xF7, 0x8E, 0x73, 0x04, 0x21, 0x66, 0x29,
    0x66, 0x29, 0x6D, 0x21, 0x71, 0x21, 0x71, 0x21, 0x71, 0x21, 0x71, 0x21, 0x6D, 0x21, 0x86, 0x31,
    0x86, 0x31, 0x65, 0x29, 0x69, 0x4A, 0xDB, 0xDE, 0x3C, 0xE7, 0x3C, 0xE7, 0xFC, 0xDE, 0x7A, 0xCE,
    0x7A, 0xCE, 0x9B, 0xD6, 0xB7, 0xB5, 0x73, 0x8C, 0x94, 0x94, 0x93, 0x8C, 0x7A, 0xCE, 0xBE, 0xF7,
    0x9D, 0xF7, 0x9E, 0xF7, 0x1C, 0xE7, 0xDB, 0xDE, 0xFC, 0xDE, 0xFC, 0xDE, 0xFC, 0xDE, 0xFC, 0xDE,
    0xFB, 0xDE, 0xFC, 0xDE, 0xFC, 0xDE, 0x1C, 0xDF, 0x7A, 0xD6, 0x24, 0x31, 0x00, 0x10, 0xE9, 0xA1,
    0xED, 0xEA, 0xAB, 0xEA, 0x8A, 0xE2, 0xC8, 0xD1, 0xE9, 0xC9, 0xE8, 0xD1, 0xE8, 0xD1, 0xE8, 0xD1,
    0xE8, 0xD1, 0xE8, 0xD1, 0xE8, 0xD1, 0xE8, 0xD1, 0xE8, 0xD1, 0xE8, 0xD1, 0xE8, 0xD1, 0xE8, 0xD1,
    0xE8, 0xD1, 0xE8, 0xD1, 0xE8, 0xD1, 0xE8, 0xD1, 0xE8, 0xD1, 0xE8, 0xD1, 0xE8, 0xD1, 0xE8, 0xD1,
    0xE9, 0xC9, 0xE8, 0xD1, 0xC8, 0xD1, 0xC8, 0xD1, 0x87, 0xC9, 0x05, 0xB9, 0x05, 0xB1, 0xE5, 0xB0,
    0x06, 0xB1, 0x83, 0x88, 0x61, 0x70, 0x42, 0x60, 0x62, 0x30, 0x72, 0x8C, 0x97, 0xB5, 0x56, 0xAD,
    0x97, 0xB5, 0x77, 0xAD, 0x3A, 0xCE, 0xFC, 0xE6, 0xFB, 0xDE, 0xFC, 0xDE, 0xFC, 0xDE, 0xFC, 0xDE,
    0xFC, 0xDE, 0xFC, 0xDE, 0xFC, 0xDE, 0xFC, 0xDE, 0xFC, 0xDE, 0xFC, 0xDE, 0xFC, 0xDE, 0xFC, 0xDE,
    0xFC, 0xDE, 0xFC, 0xDE, 0xFC, 0xDE, 0xFC, 0xDE, 0xFC, 0xDE, 0xFC, 0xDE, 0xFC, 0xDE, 0xFC, 0xDE,
    0x3D, 0xE7, 0xDC, 0xDE, 0xF9, 0xC5, 0x52, 0x84, 0x82, 0x08, 0xC3, 0x00, 0xD2, 0x34, 0x17, 0x36,
    0x76, 0x25, 0x34, 0x1D, 0x31, 0x14, 0x10, 0x14, 0x31, 0x14, 0x51, 0x14, 0x51, 0x14, 0x92, 0x14,
    0x34, 0x25, 0x55, 0x2D, 0x34, 0x25, 0x55, 0x25, 0x55, 0x25, 0x75, 0x25, 0x34, 0x25, 0x10, 0x0C,
    0x2D, 0x0B, 0x49, 0x02, 0xE8, 0x09, 0xA3, 0x00, 0xC6, 0x09, 0x69, 0x73, 0xCA, 0x7B, 0x34, 0x2D,
    0xF5, 0x24, 0xC7, 0x09, 0x00, 0x00, 0xC2, 0x61, 0x43, 0xE3, 0xE2, 0xC2, 0xA0, 0xB2, 0x22, 0xC3,
    0xC7, 0xFC, 0xA6, 0xF4, 0xA3, 0xEB, 0xA3, 0xDB, 0x83, 0xE3, 0xA3, 0xE3, 0xC4, 0xDB, 0xA4, 0xDB,
    0xA3, 0xDB, 0xA3, 0xDB, 0xA3, 0xDB, 0xA3, 0xDB, 0xA3, 0xDB, 0xA3, 0xDB, 0xA3, 0xDB, 0xA3, 0xDB,
    0xA3, 0xDB, 0xA3, 0xDB, 0xA3, 0xDB, 0xA3, 0xDB, 0xA3, 0xDB, 0xA3, 0xDB, 0xA3, 0xDB, 0xA3, 0xDB,
    0xA3, 0xDB, 0xA3, 0xDB, 0xA3, 0xDB, 0xA3, 0xDB, 0xA3, 0xDB, 0xA3, 0xDB, 0xA3, 0xDB, 0xA3, 0xDB,
    0xC4, 0xE3, 0x22, 0xD3, 0x80, 0xBA, 0x02, 0xCB, 0xC4, 0xDB, 0xA3, 0xE3, 0xC4, 0xDB, 0x83, 0xD3,
    0x60, 0xBA, 0xC1, 0xB2, 0x41, 0x59, 0x00, 0x00, 0xC1, 0x28, 0xA8, 0xEC, 0x25, 0x9B, 0x20, 0x00,
    0x45, 0x21, 0x7A, 0xCE, 0x5E, 0xEF, 0xFC, 0xDE, 0xFC, 0xDE, 0xFC, 0xDE, 0xFC, 0xDE, 0xFC, 0xDE,
    0xFC, 0xDE, 0xFC, 0xE6, 0x7D, 0xF7, 0x9D, 0xF7, 0xBE, 0xF7, 0x39, 0xCE, 0x73, 0x8C, 0x93, 0x8C,
    0x73, 0x8C, 0x56, 0xAD, 0x7A, 0xCE, 0x7A, 0xCE, 0x5A, 0xCE, 0xDC, 0xDE, 0x3D, 0xE7, 0x1C, 0xE7,
    0x9E, 0xF7, 0x8E, 0x73, 0x04, 0x21, 0x66, 0x29, 0x66, 0x29, 0x6D, 0x21, 0x71, 0x21, 0x71, 0x21,
    0x71, 0x21, 0x71, 0x21, 0x6D, 0x21, 0x86, 0x31, 0x86, 0x31, 0x45, 0x29, 0x69, 0x4A, 0xDB, 0xDE,
    0x3D, 0xE7, 0x3C, 0xE7, 0xFC, 0xDE, 0x7A, 0xCE, 0x5A, 0xCE, 0x7B, 0xCE, 0x97, 0xB5, 0x73, 0x8C,
    0x94, 0x94, 0x93, 0x8C, 0x7A, 0xCE, 0xBE, 0xF7, 0x9D, 0xF7, 0x9E, 0xF7, 0x3C, 0xE7, 0xDB, 0xDE,
    0xFC, 0xDE, 0xFC, 0xDE, 0xFC, 0xDE, 0xFC, 0xDE, 0xFC, 0xDE, 0xFC, 0xDE, 0xFC, 0xDE, 0x1C, 0xE7,
    0x7A, 0xD6, 0x45, 0x39, 0x00, 0x18, 0xC8, 0xA9, 0xAC, 0xF2, 0x6A, 0xE2, 0x4A, 0xE2, 0xE9, 0xD9,
    0xE8, 0xD1, 0xE8, 0xD1, 0xE8, 0xD1, 0xE8, 0xD1, 0xE8, 0xD1, 0xE8, 0xD1, 0xE8, 0xD1, 0xE8, 0xD1,
    0xE8, 0xD1, 0xE8, 0xD1, 0xE8, 0xD1, 0xE8, 0xD1, 0xE8, 0xD1, 0xE8, 0xD1, 0xE8, 0xD1, 0xE8, 0xD1,
    0xE8, 0xD1, 0xE8, 0xD1, 0xE8, 0xD1, 0xE8, 0xD1, 0xC8, 0xD1, 0xC8, 0xD1, 0xC8, 0xC9, 0xC7, 0xD1,
    0x67, 0xC9, 0x05, 0xA1, 0x06, 0x99, 0x05, 0x91, 0x25, 0x81, 0xC4, 0x50, 0xE4, 0x38, 0xE4, 0x28,
    0x25, 0x21, 0xD4, 0x94, 0xB8, 0xB5, 0x56, 0xB5, 0x76, 0xAD, 0x76, 0xAD, 0x39, 0xCE, 0xFC, 0xE6,
    0xFC, 0xDE, 0xFC, 0xDE, 0xFC, 0xDE, 0xFC, 0xDE, 0xFC, 0xDE, 0xFC, 0xDE, 0xFC, 0xDE, 0xFC, 0xDE,
    0xFC, 0xDE, 0xFC, 0xDE, 0xFC, 0xDE, 0xFC, 0xDE, 0xFC, 0xDE, 0xFC, 0xDE, 0xFC, 0xDE, 0xFC, 0xDE,
    0xFC, 0xDE, 0xFC, 0xDE, 0xFC, 0xE6, 0xBA, 0xDE, 0x4D, 0x63, 0xCB, 0x42, 0x2D, 0x43, 0x8A, 0x2A,
    0x45, 0x09, 0xE7, 0x09, 0xF4, 0x34, 0x96, 0x35, 0xF4, 0x24, 0xF2, 0x24, 0x4F, 0x1C, 0x50, 0x1C,
    0x92, 0x1C, 0x71, 0x1C, 0xAF, 0x13, 0x8E, 0x13, 0x91, 0x24, 0xF3, 0x2C, 0x55, 0x25, 0x76, 0x25,
    0x55, 0x25, 0x13, 0x25, 0x91, 0x24, 0x6D, 0x1B, 0xAA, 0x1A, 0xE8, 0x19, 0xC6, 0x19, 0x23, 0x19,
    0xC5, 0x39, 0xA5, 0x7A, 0x46, 0x73, 0xF0, 0x54, 0xD0, 0x54, 0x04, 0x32, 0x80, 0x20, 0xA2, 0x59,
    0xC4, 0xB2, 0xE3, 0xB2, 0x01, 0xC3, 0x42, 0xD3, 0x66, 0xEC, 0x65, 0xEC, 0xC4, 0xDB, 0xC4, 0xDB,
    0xA3, 0xE3, 0xA3, 0xDB, 0xA3, 0xDB, 0xA3, 0xE3, 0xA3, 0xDB, 0xC3, 0xDB, 0xC3, 0xDB, 0xC3, 0xDB,
    0xC3, 0xDB, 0xC3, 0xDB, 0xC3, 0xDB, 0xC3, 0xDB, 0xC3, 0xDB, 0xC3, 0xDB, 0xA3, 0xDB, 0xA3, 0xDB,
    0xC3, 0xDB, 0xA3, 0xDB, 0xC3, 0xDB, 0xC3, 0xDB, 0xC3, 0xDB, 0xC3, 0xDB, 0xC3, 0xDB, 0xC3, 0xDB,
    0xC3, 0xDB, 0xC3, 0xE3, 0xA4, 0xDB, 0xA3, 0xDB, 0xC4, 0xD3, 0x02, 0xC3, 0x60, 0xBA, 0x24, 0xCB,
    0x84, 0xDB, 0x62, 0xDB, 0xC3, 0xE3, 0x83, 0xD3, 0x40, 0xA2, 0x63, 0x92, 0x06, 0x62, 0x25, 0x29,
    0xC5, 0x39, 0xA7, 0xB3, 0xA5, 0x82, 0x01, 0x31, 0xC4, 0x49, 0x34, 0xAD, 0xF8, 0xBD, 0xBB, 0xD6,
    0xFC, 0xDE, 0xFC, 0xDE, 0xFC, 0xDE, 0xFC, 0xDE, 0xDB, 0xDE, 0xFC, 0xE6, 0x9D, 0xF7, 0x9D, 0xF7,
    0xBE, 0xF7, 0x59, 0xCE, 0x73, 0x8C, 0x93, 0x8C, 0x73, 0x8C, 0x56, 0xAD, 0x7A, 0xCE, 0x7A, 0xCE,
    0x5A, 0xCE, 0xDC, 0xDE, 0x3D, 0xE7, 0x3C, 0xE7, 0x9E, 0xF7, 0x8E, 0x73, 0x04, 0x21, 0x66, 0x29,
    0x66, 0x29, 0x6D, 0x21, 0x71, 0x21, 0x71, 0x21, 0x71, 0x21, 0x71, 0x21, 0x6D, 0x21, 0x86, 0x31,
    0x86, 0x31, 0x45, 0x29, 0x69, 0x4A, 0xDB, 0xDE, 0x3D, 0xE7, 0x3C, 0xE7, 0xFC, 0xDE, 0x7A, 0xCE,
    0x5A, 0xCE, 0x7B, 0xCE, 0x97, 0xB5, 0x73, 0x8C, 0x94, 0x94, 0x93, 0x8C, 0x7A, 0xCE, 0xBE, 0xF7,
    0x9D, 0xF7, 0x9E, 0xF7, 0x3C, 0xE7, 0xFB, 0xDE, 0xFC, 0xDE, 0xFC, 0xDE, 0xFC, 0xDE, 0xFC, 0xDE,
    0xFC, 0xDE, 0xFC, 0xDE, 0xDC, 0xDE, 0xFC, 0xE6, 0x7A, 0xD6, 0x45, 0x39, 0x00, 0x18, 0xC7, 0xA1,
    0xCC, 0xEA, 0x09, 0xD2, 0xC8, 0xD1, 0xE8, 0xD1, 0xE8, 0xD1, 0xE8, 0xD1, 0xE8, 0xD1, 0xE8, 0xD1,
    0xE8, 0xD1, 0xE8, 0xD1, 0xE8, 0xD1, 0xE8, 0xD1, 0xE8, 0xD1, 0xE8, 0xD1, 0xE8, 0xD1, 0xE8, 0xD1,
    0xE8, 0xD1, 0xE8, 0xD1, 0xE8, 0xD1, 0xE8, 0xD1, 0xE8, 0xD1, 0xE8, 0xD1, 0xE8, 0xD1, 0xE8, 0xD1,
    0xC8, 0xD9, 0xE8, 0xD1, 0x86, 0xC1, 0x45, 0xC1, 0x25, 0xA9, 0x62, 0x48, 0x41, 0x30, 0x81, 0x20,
    0x61, 0x18, 0x6F, 0x7B, 0x36, 0xA5, 0xF5, 0x9C, 0xF5, 0xA4, 0x7B, 0xD6, 0xFC, 0xDE, 0xDB, 0xD6,
    0xDB, 0xD6, 0xDB, 0xDE, 0xDB, 0xDE, 0xFC, 0xDE, 0xFC, 0xDE, 0xFC, 0xDE, 0xFC, 0xDE, 0xFC, 0xDE,
    0xFC, 0xDE, 0xFC, 0xDE, 0xFC, 0xDE, 0xFC, 0xDE, 0xFC, 0xDE, 0xFC, 0xDE, 0xFC, 0xDE, 0xFC, 0xDE,
    0xFC, 0xDE, 0xFC, 0xDE, 0xFC, 0xDE, 0xFC, 0xDE, 0xFC, 0xDE, 0xFC, 0xDE, 0x1C, 0xE7, 0x59, 0xC6,
    0x24, 0x11, 0xA6, 0x01, 0xF3, 0x34, 0x14, 0x35, 0x54, 0x35, 0x95, 0x35, 0xB3, 0x1C, 0x31, 0x14,
    0x4A, 0x0A, 0x65, 0x09, 0x85, 0x09, 0xA8, 0x09, 0x31, 0x24, 0xB2, 0x24, 0xA7, 0x01, 0xC3, 0x00,
    0xEB, 0x0A, 0x10, 0x14, 0x14, 0x1D, 0xB7, 0x25, 0x15, 0x1D, 0x30, 0x0C, 0xEC, 0x12, 0x04, 0x01,
    0x65, 0x21, 0x10, 0x84, 0x30, 0x7C, 0x71, 0x84, 0xEC, 0x6A, 0x60, 0x20, 0xE3, 0x51, 0xEB, 0xCC,
    0xA9, 0xD4, 0xC6, 0xC3, 0x86, 0xB3, 0x21, 0x41, 0x60, 0x20, 0xE5, 0x92, 0x86, 0xF4, 0xE4, 0xE3,
    0xA2, 0xDB, 0xC3, 0xE3, 0xA3, 0xDB, 0xA3, 0xDB, 0xA3, 0xDB, 0xA3, 0xDB, 0xA3, 0xDB, 0xA3, 0xDB,
    0xC3, 0xDB, 0xC3, 0xDB, 0xC3, 0xDB, 0xC3, 0xDB, 0xC3, 0xDB, 0xC3, 0xDB, 0xC3, 0xDB, 0xC3, 0xDB,
    0xC3, 0xDB, 0xC3, 0xDB, 0xA3, 0xDB, 0xA3, 0xDB, 0xC3, 0xDB, 0xC3, 0xDB, 0xC3, 0xDB, 0xC3, 0xDB,
    0xC3, 0xDB, 0xC3, 0xDB, 0xC3, 0xDB, 0xC3, 0xDB, 0xC3, 0xDB, 0xC3, 0xDB, 0xA4, 0xDB, 0xA3, 0xDB,
    0xC3, 0xD3, 0xC1, 0xBA, 0x40, 0xB2, 0x61, 0xAA, 0x61, 0xB2, 0xE2, 0xC2, 0xA3, 0xE3, 0xC4, 0xDB,
    0x81, 0x61, 0xA1, 0x28, 0xB3, 0x9C, 0xB7, 0xBD, 0xD2, 0x94, 0x60, 0x18, 0x82, 0x59, 0x68, 0xD4,
    0x86, 0xA3, 0xC2, 0x20, 0x05, 0x21, 0xD7, 0xBD, 0x1C, 0xE7, 0xDC, 0xDE, 0xFC, 0xDE, 0xFC, 0xDE,
    0xFC, 0xDE, 0xFC, 0xE6, 0x9E, 0xF7, 0x9D, 0xF7, 0xBE, 0xF7, 0x59, 0xCE, 0x73, 0x8C, 0x93, 0x8C,
    0x73, 0x8C, 0x56, 0xAD, 0x7A, 0xCE, 0x7A, 0xCE, 0x5A, 0xCE, 0xDC, 0xDE, 0x3D, 0xE7, 0x1C, 0xE7,
    0x9E, 0xF7, 0xAE, 0x73, 0x04, 0x21, 0x66, 0x29, 0x66, 0x29, 0x6D, 0x21, 0x71, 0x21, 0x71, 0x21,
    0x71, 0x21, 0x71, 0x21, 0x6D, 0x21, 0x86, 0x31, 0x86, 0x31, 0x45, 0x29, 0x69, 0x4A, 0xDB, 0xDE,
    0x3D, 0xE7, 0x3C, 0xE7, 0xFC, 0xDE, 0x7A, 0xCE, 0x5A, 0xCE, 0x7B, 0xCE, 0x97, 0xB5, 0x73, 0x8C,
    0x94, 0x94, 0x93, 0x8C, 0x7A, 0xCE, 0xBE, 0xF7, 0x9D, 0xF7, 0x9E, 0xF7, 0x3C, 0xE7, 0xFB, 0xDE,
    0xFC, 0xDE, 0xFC, 0xDE, 0xFC, 0xDE, 0xFC, 0xDE, 0xFC, 0xDE, 0xFC, 0xDE, 0xDC, 0xDE, 0xFC, 0xE6,
    0x79, 0xD6, 0x45, 0x39, 0x00, 0x18, 0xC8, 0xA1, 0xEC, 0xF2, 0x09, 0xDA, 0xC8, 0xD1, 0xE8, 0xD1,
    0xE8, 0xD1, 0xE8, 0xD1, 0xE8, 0xD1, 0xE8, 0xD1, 0xE8, 0xD1, 0xE8, 0xD1, 0xE8, 0xD1, 0xE8, 0xD1,
    0xE8, 0xD1, 0xE8, 0xD1, 0xE8, 0xD1, 0xE8, 0xD1, 0xE8, 0xD1, 0xE8, 0xD1, 0xE8, 0xD1, 0xE8, 0xD1,
    0xE8, 0xD1, 0xC8, 0xD1, 0xE8, 0xD1, 0xE8, 0xD1, 0xE9, 0xD1, 0xE8, 0xC9, 0x86, 0xC1, 0x46, 0xC1,
    0x25, 0x99, 0x61, 0x28, 0x41, 0x08, 0x61, 0x08, 0x61, 0x00, 0xD0, 0x73, 0x76, 0xAD, 0x35, 0xA5,
    0x56, 0xAD, 0xBB, 0xD6, 0x1C, 0xDF, 0xFC, 0xDE, 0xFC, 0xDE, 0xFC, 0xDE, 0xFC, 0xDE, 0xFC, 0xDE,
    0xFC, 0xDE, 0xFC, 0xDE, 0xFC, 0xDE, 0xFC, 0xDE, 0xFC, 0xDE, 0xFC, 0xDE, 0xFC, 0xDE, 0xFC, 0xDE,
    0xFC, 0xDE, 0xFC, 0xDE, 0xFC, 0xDE, 0xFC, 0xDE, 0xFC, 0xDE, 0xFC, 0xDE, 0xFC, 0xDE, 0xFC, 0xDE,
    0xFC, 0xDE, 0xFC, 0xDE, 0x1D, 0xE7, 0x39, 0xC6, 0x46, 0x19, 0x6A, 0x12, 0x18, 0x46, 0x18, 0x36,
    0xF8, 0x35, 0x17, 0x2E, 0xF2, 0x14, 0x30, 0x24, 0x86, 0x09, 0x00, 0x00, 0x01, 0x08, 0xA3, 0x00,
    0xCF, 0x1B, 0xB2, 0x24, 0x86, 0x09, 0x82, 0x00, 0xCB, 0x12, 0x11, 0x1C, 0x14, 0x25, 0xD6, 0x25,
    0x14, 0x25, 0xF0, 0x1B, 0x8B, 0x12, 0xA2, 0x08, 0xA1, 0x18, 0x61, 0x18, 0x40, 0x10, 0x81, 0x18,
    0xA2, 0x18, 0x61, 0x08, 0xC3, 0x59, 0xA7, 0xF4, 0x24, 0xF4, 0xA3, 0xDB, 0xC5, 0xD3, 0x41, 0x49,
    0x82, 0x10, 0x06, 0x9B, 0x86, 0xFC, 0xE4, 0xEB, 0xA3, 0xDB, 0xA3, 0xDB, 0xA3, 0xDB, 0xA3, 0xDB,
    0xA3, 0xDB, 0xA3, 0xDB, 0xA3, 0xDB, 0xA3, 0xDB, 0xC3, 0xDB, 0xC3, 0xDB, 0xC3, 0xDB, 0xC3, 0xDB,
    0xC3, 0xDB, 0xC3, 0xDB, 0xC3, 0xDB, 0xC3, 0xDB, 0xC3, 0xDB, 0xC3, 0xDB, 0xA3, 0xDB, 0xA3, 0xDB,
    0xC3, 0xDB, 0xC3, 0xDB, 0xC3, 0xDB, 0xC3, 0xDB, 0xC3, 0xDB, 0xC3, 0xDB, 0xC3, 0xDB, 0xC3, 0xDB,
    0xC3, 0xDB, 0xC4, 0xDB, 0xA4, 0xDB, 0xA3, 0xDB, 0xA2, 0xE3, 0xE1, 0xC2, 0xA3, 0xAA, 0x41, 0x69,
    0x60, 0x38, 0x63, 0x8A, 0xE5, 0xE3, 0x05, 0xE4, 0x62, 0x51, 0x61, 0x10, 0xCF, 0x7B, 0x19, 0xBE,
    0x54, 0xA5, 0x61, 0x08, 0xA3, 0x59, 0xC7, 0xF4, 0x24, 0x9B, 0x61, 0x18, 0x04, 0x21, 0xB7, 0xB5,
    0x1C, 0xE7, 0xDC, 0xDE, 0xFC, 0xDE, 0xFC, 0xDE, 0xFC, 0xDE, 0xFC, 0xE6, 0x9E, 0xF7, 0x9D, 0xF7,
    0xBE, 0xF7, 0x59, 0xCE, 0x73, 0x8C, 0x93, 0x8C, 0x73, 0x8C, 0x56, 0xAD, 0x7A, 0xCE, 0x7A, 0xCE,
    0x5A, 0xCE, 0xFC, 0xDE, 0x3D, 0xE7, 0x1C, 0xE7, 0x9E, 0xF7, 0xAE, 0x73, 0x04, 0x21, 0x66, 0x31,
    0x66, 0x29, 0x6D, 0x21, 0x71, 0x21, 0x71, 0x21, 0x71, 0x21, 0x71, 0x21, 0x6D, 0x21, 0x86, 0x31,
    0x86, 0x31, 0x45, 0x29, 0x69, 0x4A, 0xDB, 0xDE, 0x3D, 0xE7, 0x3C, 0xE7, 0xFC, 0xDE, 0x7A, 0xCE,
    0x5A, 0xCE, 0x7B, 0xCE, 0x97, 0xB5, 0x73, 0x8C, 0x94, 0x94, 0x93, 0x8C, 0x7A, 0xCE, 0xBE, 0xF7,
    0x9D, 0xF7, 0x9E, 0xF7, 0x3C, 0xE7, 0xFB, 0xDE, 0xFC, 0xDE, 0xFC, 0xDE, 0xFC, 0xDE, 0xFC, 0xDE,
    0xFC, 0xDE, 0xFC, 0xDE, 0xDC, 0xDE, 0xFC, 0xE6, 0x79, 0xCE, 0x25, 0x39, 0x00, 0x18, 0xC8, 0xA1,
    0xEC, 0xF2, 0x09, 0xD2, 0xC8, 0xD1, 0xE8, 0xD1, 0xE8, 0xD1, 0xE8, 0xD1, 0xE8, 0xD1, 0xE8, 0xD1,
    0xE8, 0xD1, 0xE8, 0xD1, 0xE8, 0xD1, 0xE8, 0xD1, 0xE8, 0xD1, 0xE8, 0xD1, 0xE8, 0xD1, 0xE8, 0xD1,
    0xE8, 0xD1, 0xE8, 0xD1, 0xE8, 0xD1, 0xE8, 0xD1, 0xE8, 0xD1, 0xC8, 0xD1, 0xC8, 0xD1, 0xE8, 0xC9,
    0x87, 0xC1, 0x66, 0xC1, 0xE5, 0xB0, 0xE4, 0xA8, 0xC3, 0x70, 0xCC, 0x6A, 0x53, 0x94, 0x32, 0x94,
    0x52, 0x8C, 0xD8, 0xBD, 0x7A, 0xCE, 0x39, 0xCE, 0x5A, 0xCE, 0xDB, 0xDE, 0xFC, 0xDE, 0xFC, 0xDE,
    0xFC, 0xDE, 0xFC, 0xDE, 0xFC, 0xDE, 0xFC, 0xDE, 0xFC, 0xDE, 0xFC, 0xDE, 0xFC, 0xDE, 0xFC, 0xDE,
    0xFC, 0xDE, 0xFC, 0xDE, 0xFC, 0xDE, 0xFC, 0xDE, 0xFC, 0xDE, 0xFC, 0xDE, 0xFC, 0xDE, 0xFC, 0xDE,
    0xFC, 0xDE, 0xFC, 0xDE, 0xFC, 0xDE, 0xFC, 0xDE, 0xFC, 0xDE, 0xDC, 0xDE, 0x1C, 0xE7, 0x59, 0xCE,
    0x45, 0x21, 0x28, 0x12, 0x75, 0x35, 0x35, 0x1D, 0xB3, 0x1C, 0xD3, 0x1C, 0xEF, 0x13, 0xA7, 0x09,
    0x8A, 0x42, 0x11, 0x7C, 0xF1, 0x83, 0xAF, 0x73, 0xE7, 0x19, 0xE7, 0x09, 0x8E, 0x1B, 0x30, 0x24,
    0x8A, 0x0A, 0xC8, 0x09, 0x8E, 0x1B, 0xD2, 0x1C, 0xCF, 0x1B, 0xA7, 0x09, 0xC5, 0x39, 0x06, 0x9B,
    0x44, 0xAB, 0x24, 0xA3, 0xE4, 0xA2, 0x44, 0xAB, 0x85, 0xA3, 0x44, 0xA3, 0x84, 0xC3, 0x04, 0xDC,
    0xC3, 0xDB, 0x82, 0xDB, 0xC5, 0xDB, 0xA2, 0x51, 0x62, 0x08, 0xC2, 0x69, 0x22, 0xCB, 0x23, 0xCB,
    0xA4, 0xDB, 0xA3, 0xDB, 0xA3, 0xDB, 0xA3, 0xDB, 0xA3, 0xDB, 0xA3, 0xDB, 0xA3, 0xDB, 0xA3, 0xDB,
    0xC3, 0xDB, 0xC3, 0xDB, 0xC3, 0xDB, 0xC3, 0xDB, 0xC3, 0xDB, 0xC3, 0xDB, 0xC3, 0xDB, 0xC3, 0xDB,
    0xC3, 0xDB, 0xA3, 0xDB, 0xA3, 0xDB, 0xA3, 0xDB, 0xC3, 0xDB, 0xC3, 0xDB, 0xC3, 0xDB, 0xC3, 0xDB,
    0xC3, 0xDB, 0xC3, 0xDB, 0xC3, 0xDB, 0xC3, 0xDB, 0xC3, 0xDB, 0xA3, 0xDB, 0xA4, 0xDB, 0xA3, 0xDB,
    0xC3, 0xE3, 0x44, 0xBB, 0xA1, 0x30, 0x08, 0x4A, 0x8F, 0x7B, 0x23, 0x39, 0x21, 0x49, 0x81, 0x61,
    0x05, 0xA3, 0xE5, 0x9A, 0xA1, 0x28, 0x6A, 0x4A, 0xB2, 0x8C, 0x60, 0x08, 0x42, 0x49, 0x26, 0xDC,
    0x25, 0xD4, 0xA3, 0x51, 0xC3, 0x18, 0xF8, 0xBD, 0x1D, 0xE7, 0xDB, 0xDE, 0xFC, 0xDE, 0xFC, 0xDE,
    0xFC, 0xDE, 0xFC, 0xE6, 0x9E, 0xF7, 0x9D, 0xF7, 0xBE, 0xF7, 0x59, 0xCE, 0x73, 0x8C, 0x93, 0x8C,
    0x73, 0x8C, 0x56, 0xAD, 0x7A, 0xCE, 0x7A, 0xCE, 0x5A, 0xCE, 0xFC, 0xDE, 0x5D, 0xE7, 0x1C, 0xE7,
    0x9E, 0xF7, 0xAE, 0x73, 0x05, 0x21, 0x86, 0x31, 0x86, 0x31, 0x6D, 0x21, 0x71, 0x21, 0x71, 0x21,
    0x71, 0x21, 0x71, 0x21, 0x6D, 0x21, 0x86, 0x31, 0x86, 0x31, 0x45, 0x29, 0x69, 0x4A, 0xDB, 0xDE,
    0x3D, 0xE7, 0x3C, 0xE7, 0xFC, 0xDE, 0x7A, 0xCE, 0x5A, 0xCE, 0x9B, 0xD6, 0x97, 0xB5, 0x73, 0x8C,
    0x94, 0x94, 0x93, 0x8C, 0x7A, 0xCE, 0xBE, 0xFF, 0x9D, 0xF7, 0x9E, 0xF7, 0x3C, 0xE7, 0xFB, 0xDE,
    0xFC, 0xDE, 0xFC, 0xDE, 0xFC, 0xDE, 0xFC, 0xDE, 0xFC, 0xDE, 0xFC, 0xDE, 0xDC, 0xDE, 0xFC, 0xE6,
    0x79, 0xD6, 0x25, 0x39, 0x00, 0x18, 0xE8, 0xA9, 0xEC, 0xF2, 0x09, 0xD2, 0xC8, 0xD1, 0xE8, 0xD1,
    0xE8, 0xD1, 0xE8, 0xD1, 0xE8, 0xD1, 0xE8, 0xD1, 0xE8, 0xD1, 0xE8, 0xD1, 0xE8, 0xD1, 0xE8, 0xD1,
    0xE8, 0xD1, 0xE8, 0xD1, 0xE8, 0xD1, 0xE8, 0xD1, 0xE8, 0xD1, 0xE8, 0xD1, 0xE8, 0xD1, 0xE8, 0xD1,
    0xE8, 0xD1, 0xE8, 0xD1, 0xC8, 0xD1, 0xC8, 0xC9, 0x46, 0xC1, 0x26, 0xC1, 0xE5, 0xA8, 0x05, 0xA1,
    0x62, 0x60, 0xAF, 0x7B, 0xF9, 0xBD, 0x97, 0xAD, 0xD7, 0xB5, 0xDB, 0xDE, 0x1C, 0xE7, 0xFC, 0xDE,
    0xFC, 0xE6, 0xFC, 0xDE, 0xFC, 0xDE, 0xFC, 0xDE, 0xFC, 0xDE, 0xFC, 0xDE, 0xFC, 0xDE, 0xFC, 0xDE,
    0xFC, 0xDE, 0xFC, 0xDE, 0xFC, 0xDE, 0xFC, 0xDE, 0xFC, 0xDE, 0xFC, 0xDE, 0xFC, 0xDE, 0xFC, 0xDE,
    0xFC, 0xDE, 0xFC, 0xDE, 0xFC, 0xDE, 0xFC, 0xDE, 0xFC, 0xDE, 0xFC, 0xDE, 0xFC, 0xDE, 0xFC, 0xDE,
    0xFC, 0xDE, 0xFC, 0xDE, 0x1C, 0xE7, 0x38, 0xC6, 0x45, 0x21, 0xE7, 0x09, 0x13, 0x25, 0x13, 0x15,
    0x92, 0x14, 0xD3, 0x1C, 0x8E, 0x1B, 0x83, 0x00, 0x0D, 0x63, 0xF8, 0xBD, 0x98, 0xB5, 0x15, 0xA5,
    0x04, 0x19, 0x62, 0x00, 0xF0, 0x1B, 0x75, 0x25, 0x49, 0x0A, 0x82, 0x00, 0xCB, 0x1A, 0xB3, 0x24,
    0xAF, 0x23, 0xE3, 0x00, 0x82, 0x51, 0x68, 0xEC, 0x85, 0xF4, 0x86, 0xF4, 0x86, 0xF4, 0xC7, 0xFC,
    0xC6, 0xFC, 0xA4, 0xFC, 0x64, 0xFC, 0xA4, 0xDB, 0xA4, 0xDB, 0xA2, 0xDB, 0xE4, 0xDB, 0x81, 0x59,
    0x60, 0x08, 0x40, 0x59, 0x80, 0xB2, 0xE2, 0xBA, 0xC4, 0xDB, 0xA3, 0xDB, 0xA3, 0xDB, 0xA3, 0xDB,
    0xA3, 0xDB, 0xA3, 0xDB, 0xA3, 0xDB, 0xA3, 0xDB, 0xC3, 0xDB, 0xC3, 0xDB, 0xC3, 0xDB, 0xC3, 0xDB,
    0xC3, 0xDB, 0xC3, 0xDB, 0xC3, 0xDB, 0xC3, 0xDB, 0xC3, 0xDB, 0xC3, 0xDB, 0xA3, 0xDB, 0xA3, 0xDB,
    0xA3, 0xDB, 0xA3, 0xDB, 0xA3, 0xDB, 0xC3, 0xDB, 0xC3, 0xDB, 0xC3, 0xDB, 0xC3, 0xDB, 0xC3, 0xDB,
    0xC3, 0xDB, 0xA3, 0xDB, 0xA3, 0xDB, 0xA3, 0xDB, 0xC3, 0xE3, 0x25, 0xB3, 0x00, 0x00, 0x8B, 0x4A,
    0xDC, 0xDE, 0x8E, 0x7B, 0x00, 0x00, 0x80, 0x30, 0xE6, 0xDB, 0x05, 0xE4, 0xA0, 0x30, 0x25, 0x21,
    0x27, 0x42, 0x40, 0x18, 0x61, 0x59, 0xE4, 0xDB, 0x44, 0xF4, 0xE3, 0x69, 0xA3, 0x10, 0xF8, 0xBD,
    0x1D, 0xE7, 0xDC, 0xDE, 0xFC, 0xDE, 0xFC, 0xDE, 0xFC, 0xDE, 0xFC, 0xE6, 0x9E, 0xF7, 0x9D, 0xF7,
    0xBE, 0xF7, 0x59, 0xCE, 0x73, 0x8C, 0x93, 0x8C, 0x73, 0x8C, 0x56, 0xAD, 0x7A, 0xCE, 0x7A, 0xCE,
    0x5A, 0xCE, 0xFC, 0xDE, 0x3D, 0xE7, 0x3C, 0xE7, 0x7E, 0xEF, 0xAE, 0x73, 0x25, 0x21, 0x86, 0x31,
    0x86, 0x31, 0x6D, 0x21, 0x71, 0x21, 0x71, 0x21, 0x71, 0x21, 0x71, 0x21, 0x6D, 0x21, 0x86, 0x31,
    0x86, 0x31, 0x45, 0x29, 0x69, 0x4A, 0xDB, 0xDE, 0x3D, 0xE7, 0x1C, 0xE7, 0xFC, 0xDE, 0x7A, 0xCE,
    0x5A, 0xCE, 0x9B, 0xD6, 0x97, 0xB5, 0x73, 0x8C, 0x94, 0x94, 0x93, 0x8C, 0x7A, 0xCE, 0xBE, 0xFF,
    0x9D, 0xF7, 0x9E, 0xF7, 0x3C, 0xE7, 0xDB, 0xDE, 0xFC, 0xDE, 0xFC, 0xDE, 0xFC, 0xDE, 0xFC, 0xDE,
    0xFC, 0xDE, 0xFC, 0xDE, 0xDC, 0xDE, 0xFC, 0xE6, 0x79, 0xD6, 0x24, 0x39, 0x00, 0x18, 0x66, 0x99,
    0x2A, 0xDA, 0xC8, 0xD1, 0xC8, 0xD1, 0xE8, 0xD1, 0xE8, 0xD1, 0xE8, 0xD1, 0xE8, 0xD1, 0xE8, 0xD1,
    0xE8, 0xD1, 0xE8, 0xD1, 0xE8, 0xD1, 0xE8, 0xD1, 0xE8, 0xD1, 0xE8, 0xD1, 0xE8, 0xD1, 0xE8, 0xD1,
    0xE8, 0xD1, 0xE8, 0xD1, 0xE8, 0xD1, 0xE8, 0xD1, 0xE8, 0xD1, 0xC8, 0xC9, 0x87, 0xC9, 0x66, 0xC1,
    0x05, 0xB9, 0x06, 0xB9, 0xC5, 0x80, 0xC3, 0x60, 0xA7, 0x61, 0x14, 0xA5, 0x39, 0xC6, 0xF8, 0xBD,
    0x19, 0xC6, 0xBB, 0xDE, 0xFC, 0xE6, 0xFC, 0xDE, 0xFC, 0xDE, 0xFC, 0xDE, 0xFC, 0xDE, 0xFC, 0xDE,
    0xFC, 0xDE, 0xFC, 0xDE, 0xFC, 0xDE, 0xFC, 0xDE, 0xFC, 0xDE, 0xFC, 0xDE, 0xFC, 0xDE, 0xFC, 0xDE,
    0xFC, 0xDE, 0xFC, 0xDE, 0xFC, 0xDE, 0xFC, 0xDE, 0xFC, 0xDE, 0xFC, 0xDE, 0xFC, 0xDE, 0xFC, 0xDE,
    0xFC, 0xDE, 0xFC, 0xDE, 0xFC, 0xDE, 0xFC, 0xDE, 0xFC, 0xDE, 0xFC, 0xDE, 0x3D, 0xDF, 0x39, 0xBE,
    0x04, 0x11, 0xA7, 0x09, 0xD3, 0x2C, 0xB3, 0x24, 0x10, 0x1C, 0x51, 0x24, 0xEB, 0x1A, 0xA7, 0x21,
    0xF4, 0x9C, 0xD7, 0xB5, 0x97, 0xB5, 0xB7, 0xB5, 0xF0, 0x73, 0x8C, 0x42, 0xCB, 0x22, 0x8D, 0x23,
    0x65, 0x09, 0x62, 0x00, 0x8A, 0x1A, 0x72, 0x2C, 0xF0, 0x2B, 0x03, 0x09, 0x21, 0x39, 0x65, 0xBB,
    0xA4, 0xCB, 0xA5, 0xCB, 0x84, 0xD3, 0x63, 0xD3, 0x83, 0xD3, 0xE3, 0xE3, 0xE4, 0xEB, 0xC3, 0xE3,
    0xA3, 0xDB, 0xC4, 0xDB, 0xE5, 0xDB, 0xC5, 0xCB, 0xC5, 0xBB, 0x64, 0xCB, 0x02, 0xCB, 0x63, 0xD3,
    0xA4, 0xE3, 0xA3, 0xDB, 0xA3, 0xDB, 0xA3, 0xDB, 0xA3, 0xDB, 0xA3, 0xDB, 0xA3, 0xDB, 0xA3, 0xDB,
    0xC3, 0xDB, 0xC3, 0xDB, 0xC3, 0xDB, 0xC3, 0xDB, 0xC3, 0xDB, 0xC3, 0xDB, 0xC3, 0xDB, 0xA3, 0xDB,
    0xA3, 0xDB, 0xA3, 0xDB, 0xC3, 0xDB, 0xC3, 0xDB, 0xA3, 0xDB, 0xA3, 0xDB, 0xA3, 0xDB, 0xC3, 0xDB,
    0xC3, 0xDB, 0xC3, 0xDB, 0xC3, 0xDB, 0xC3, 0xDB, 0xC3, 0xDB, 0xA3, 0xDB, 0xC3, 0xDB, 0xA3, 0xE3,
    0xA3, 0xE3, 0xA4, 0xCB, 0x84, 0x82, 0xA8, 0x6A, 0x6E, 0x6B, 0x6E, 0x63, 0xCB, 0x5A, 0xE4, 0x61,
    0x45, 0xBB, 0xC7, 0xC3, 0xE2, 0x28, 0xC2, 0x20, 0x67, 0xA3, 0xC7, 0xC3, 0x86, 0xC3, 0x64, 0xC3,
    0x85, 0xC3, 0x62, 0x51, 0x82, 0x10, 0x18, 0xC6, 0x1C, 0xE7, 0xDC, 0xDE, 0xFC, 0xDE, 0xFC, 0xDE,
    0xFC, 0xDE, 0xFC, 0xE6, 0x9E, 0xF7, 0x9D, 0xF7, 0xBE, 0xF7, 0x5A, 0xCE, 0x73, 0x8C, 0x93, 0x8C,
    0x73, 0x8C, 0x56, 0xAD, 0x7A, 0xCE, 0x7A, 0xCE, 0x5A, 0xCE, 0xDC, 0xDE, 0x3D, 0xE7, 0x3C, 0xE7,
    0x9E, 0xF7, 0xAE, 0x73, 0x05, 0x21, 0x86, 0x31, 0x86, 0x31, 0x6D, 0x21, 0x71, 0x21, 0x71, 0x21,
    0x71, 0x21, 0x71, 0x21, 0x6D, 0x21, 0x86, 0x31, 0x86, 0x31, 0x45, 0x29, 0x69, 0x4A, 0xDB, 0xDE,
    0x3D, 0xE7, 0x3C, 0xE7, 0xFC, 0xDE, 0x7A, 0xCE, 0x5A, 0xCE, 0x9B, 0xD6, 0x97, 0xB5, 0x73, 0x8C,
    0x94, 0x94, 0x93, 0x8C, 0x7A, 0xCE, 0xBE, 0xFF, 0x9D, 0xF7, 0x9E, 0xF7, 0x3C, 0xE7, 0xDB, 0xDE,
    0xFC, 0xDE, 0xFC, 0xDE, 0xFC, 0xDE, 0xFC, 0xDE, 0xFC, 0xDE, 0xFC, 0xDE, 0xDC, 0xDE, 0xFC, 0xE6,
    0x79, 0xCE, 0x24, 0x39, 0x00, 0x20, 0xE4, 0x88, 0x66, 0xC1, 0xC8, 0xC9, 0xE8, 0xD1, 0xE8, 0xD1,
    0xE8, 0xD1, 0xE8, 0xD1, 0xE8, 0xD1, 0xE8, 0xD1, 0xE8, 0xD1, 0xE8, 0xD1, 0xE8, 0xD1, 0xE8, 0xD1,
    0xE8, 0xD1, 0xE9, 0xD1, 0xE8, 0xD1, 0xE8, 0xD1, 0xE8, 0xD1, 0xE8, 0xD1, 0x09, 0xD2, 0xE8, 0xD1,
    0xE8, 0xD1, 0x87, 0xC9, 0x26, 0xB9, 0x26, 0xB9, 0xC4, 0xB0, 0xE5, 0xA8, 0x21, 0x40, 0x00, 0x00,
    0x6D, 0x6B, 0x5D, 0xE7, 0xFC, 0xDE, 0xDC, 0xE6, 0xFC, 0xE6, 0xFC, 0xDE, 0xFC, 0xDE, 0xFC, 0xDE,
    0xFC, 0xDE, 0xFC, 0xDE, 0xFC, 0xDE, 0xFC, 0xDE, 0xFC, 0xDE, 0xFC, 0xDE, 0xFC, 0xDE, 0xFC, 0xDE,
    0xFC, 0xDE, 0xFC, 0xDE, 0xFC, 0xDE, 0xFC, 0xDE, 0xFC, 0xDE, 0xFC, 0xDE, 0xFC, 0xDE, 0xFC, 0xDE,
    0xFC, 0xDE, 0xFC, 0xDE, 0xFC, 0xDE, 0xFC, 0xDE, 0xFC, 0xDE, 0xFC, 0xDE, 0xFC, 0xDE, 0xFC, 0xDE,
    0xFC, 0xDE, 0xFC, 0xDE, 0x1C, 0xE7, 0x39, 0xC6, 0x25, 0x21, 0xC3, 0x08, 0xC7, 0x09, 0x87, 0x09,
    0x45, 0x09, 0x44, 0x01, 0x82, 0x00, 0x62, 0x00, 0x65, 0x21, 0x65, 0x29, 0x04, 0x19, 0x0C, 0x5B,
    0x59, 0xC6, 0x15, 0x9D, 0xC3, 0x10, 0x21, 0x00, 0xCB, 0x52, 0x11, 0x7C, 0x66, 0x21, 0x25, 0x01,
    0x25, 0x01, 0x61, 0x00, 0x41, 0x10, 0x80, 0x28, 0x60, 0x28, 0x40, 0x30, 0xA0, 0x48, 0x20, 0xA2,
    0xA1, 0xB2, 0x84, 0xD3, 0xA3, 0xDB, 0xC2, 0xDB, 0xC3, 0xDB, 0xC4, 0xE3, 0xC4, 0xE3, 0x86, 0xF4,
    0xC5, 0xFC, 0x46, 0xEC, 0xC5, 0xE3, 0xC3, 0xE3, 0xA3, 0xE3, 0xC3, 0xDB, 0xA3, 0xDB, 0xA3, 0xDB,
    0xA3, 0xDB, 0xA3, 0xDB, 0xA3, 0xDB, 0xA3, 0xDB, 0xC3, 0xDB, 0xC3, 0xDB, 0xC3, 0xDB, 0xC3, 0xDB,
    0xC3, 0xDB, 0xC3, 0xDB, 0xC3, 0xDB, 0xA3, 0xDB, 0xA3, 0xDB, 0xA3, 0xDB, 0xC3, 0xDB, 0xC3, 0xDB,
    0xA3, 0xDB, 0xA3, 0xDB, 0xA3, 0xDB, 0xC3, 0xDB, 0xC3, 0xDB, 0xC3, 0xDB, 0xC3, 0xDB, 0xC3, 0xDB,
    0xC3, 0xDB, 0xA4, 0xDB, 0xC3, 0xDB, 0xA3, 0xE3, 0xA4, 0xDB, 0x24, 0xEC, 0x49, 0xFD, 0xC6, 0x8A,
    0x00, 0x00, 0xAB, 0x4A, 0x3A, 0xBE, 0x30, 0x8C, 0x60, 0x20, 0xC0, 0x38, 0x20, 0x08, 0x80, 0x18,
    0xA5, 0xD3, 0x25, 0xF4, 0x03, 0xAB, 0xA0, 0x38, 0x80, 0x28, 0xA2, 0x20, 0xAE, 0x73, 0xBB, 0xD6,
    0xFC, 0xDE, 0xDC, 0xDE, 0xFC, 0xDE, 0xFC, 0xDE, 0xFC, 0xDE, 0xFC, 0xE6, 0x9E, 0xF7, 0x9D, 0xF7,
    0xBE, 0xF7, 0x5A, 0xCE, 0x73, 0x8C, 0x93, 0x8C, 0x73, 0x8C, 0x56, 0xAD, 0x7A, 0xCE, 0x5A, 0xCE,
    0x5A, 0xCE, 0xDC, 0xDE, 0x3D, 0xE7, 0x3C, 0xE7, 0x9E, 0xF7, 0xAE, 0x73, 0x05, 0x21, 0x86, 0x31,
    0x86, 0x31, 0x6D, 0x21, 0x71, 0x21, 0x71, 0x21, 0x71, 0x21, 0x71, 0x21, 0x6D, 0x21, 0x86, 0x31,
    0x86, 0x31, 0x45, 0x29, 0x69, 0x4A, 0xDB, 0xDE, 0x3D, 0xE7, 0x3C, 0xE7, 0xFC, 0xDE, 0x7A, 0xCE,
    0x7A, 0xCE, 0x7B, 0xCE, 0xB7, 0xB5, 0x93, 0x8C, 0x94, 0x94, 0x73, 0x8C, 0x7A, 0xCE, 0xBE, 0xFF,
    0x9D, 0xF7, 0x9E, 0xF7, 0x3C, 0xE7, 0xDB, 0xDE, 0xFC, 0xDE, 0xFC, 0xDE, 0xFC, 0xDE, 0xFC, 0xDE,
    0xFC, 0xDE, 0xFC, 0xDE, 0xDC, 0xDE, 0x1C, 0xE7, 0x59, 0xCE, 0x04, 0x31, 0x00, 0x10, 0xA3, 0x58,
    0x25, 0x89, 0x87, 0xC1, 0xA7, 0xC9, 0xC8, 0xC9, 0xE8, 0xD1, 0xE8, 0xD1, 0xE8, 0xD1, 0xE8, 0xD1,
    0xE8, 0xD1, 0xE8, 0xD1, 0xC8, 0xD1, 0xE8, 0xD1, 0xE8, 0xD9, 0xC8, 0xD1, 0xA7, 0xC1, 0x87, 0xC1,
    0xA7, 0xC1, 0xA7, 0xC9, 0x88, 0xD1, 0xC8, 0xD1, 0xE8, 0xD1, 0x87, 0xC1, 0xE5, 0xA0, 0x05, 0x91,
    0xC4, 0x78, 0xC4, 0x70, 0x86, 0x49, 0xE8, 0x39, 0x72, 0x8C, 0x1D, 0xE7, 0xDC, 0xDE, 0xDC, 0xDE,
    0xFC, 0xDE, 0xFC, 0xD6, 0xFC, 0xDE, 0xFC, 0xDE, 0xFC, 0xDE, 0xFC, 0xDE, 0xFC, 0xDE, 0xFC, 0xDE,
    0xFC, 0xDE, 0xFC, 0xDE, 0xFC, 0xDE, 0xFC, 0xDE, 0xFC, 0xDE, 0xFC, 0xDE, 0xFC, 0xDE, 0xFC, 0xDE,
    0xFC, 0xDE, 0xFC, 0xDE, 0xFC, 0xDE, 0xFC, 0xDE, 0xFC, 0xDE, 0xFC, 0xDE, 0xFC, 0xDE, 0xFC, 0xDE,
    0xFC, 0xDE, 0xFC, 0xDE, 0xFB, 0xDE, 0xFC, 0xDE, 0xDC, 0xDE, 0xFB, 0xDE, 0xFC, 0xE6, 0x7A, 0xD6,
    0xAA, 0x5A, 0x44, 0x21, 0x81, 0x00, 0x81, 0x08, 0x61, 0x08, 0x21, 0x21, 0x63, 0x52, 0x63, 0x52,
    0x23, 0x52, 0x63, 0x62, 0x62, 0x5A, 0x05, 0x42, 0x8F, 0x73, 0xAF, 0x73, 0x09, 0x3A, 0x29, 0x3A,
    0xD4, 0x9C, 0x5A, 0xCE, 0x6E, 0x6B, 0x07, 0x32, 0x08, 0x3A, 0xE7, 0x31, 0x08, 0x3A, 0x08, 0x3A,
    0xC7, 0x31, 0xC8, 0x41, 0xE6, 0x49, 0xA3, 0x69, 0x83, 0xA2, 0x05, 0xE4, 0xE4, 0xE3, 0xA3, 0xDB,
    0xA3, 0xE3, 0xC3, 0xE3, 0xA2, 0xE3, 0xA3, 0xD3, 0xC3, 0xDB, 0xA3, 0xDB, 0xC3, 0xDB, 0xC3, 0xDB,
    0xA3, 0xDB, 0xA3, 0xE3, 0xA3, 0xDB, 0xA3, 0xDB, 0xA4, 0xDB, 0xC3, 0xDB, 0xC3, 0xE3, 0xA3, 0xE3,
    0xA3, 0xDB, 0xA3, 0xDB, 0xC3, 0xDB, 0xC3, 0xDB, 0xC3, 0xDB, 0xC3, 0xDB, 0xC3, 0xDB, 0xC3, 0xDB,
    0xC3, 0xDB, 0xC3, 0xDB, 0xC3, 0xDB, 0xC3, 0xDB, 0xC3, 0xDB, 0xA3, 0xDB, 0xA3, 0xDB, 0xC3, 0xDB,
    0xC3, 0xDB, 0xC3, 0xDB, 0xC3, 0xDB, 0xC3, 0xDB, 0xA3, 0xDB, 0xA3, 0xDB, 0xC3, 0xDB, 0xC3, 0xDB,
    0xA4, 0xDB, 0x04, 0xE4, 0xA7, 0xEC, 0x85, 0x82, 0x00, 0x00, 0x8B, 0x52, 0x5A, 0xC6, 0x15, 0x9D,
    0xC7, 0x39, 0xC7, 0x41, 0x08, 0x42, 0x64, 0x31, 0x24, 0x7A, 0x64, 0x8A, 0xA2, 0x59, 0x40, 0x10,
    0x62, 0x10, 0x2D, 0x6B, 0x19, 0xC6, 0xBB, 0xD6, 0xFC, 0xDE, 0xFC, 0xDE, 0xFC, 0xDE, 0xFC, 0xDE,
    0xFC, 0xDE, 0xFC, 0xE6, 0x9E, 0xF7, 0x9D, 0xF7, 0xBE, 0xF7, 0x5A, 0xCE, 0x73, 0x8C, 0x93, 0x8C,
    0x73, 0x8C, 0x56, 0xAD, 0x7A, 0xCE, 0x5A, 0xCE, 0x5A, 0xCE, 0xDC, 0xDE, 0x3D, 0xE7, 0x3C, 0xE7,
    0x9E, 0xF7, 0xAE, 0x73, 0x05, 0x21, 0x86, 0x31, 0x86, 0x31, 0x6D, 0x21, 0x71, 0x21, 0x71, 0x21,
    0x71, 0x21, 0x71, 0x21, 0x6D, 0x21, 0x86, 0x31, 0x86, 0x31, 0x45, 0x29, 0x69, 0x4A, 0xDB, 0xDE,
    0x3D, 0xE7, 0x3C, 0xE7, 0xFC, 0xDE, 0x7A, 0xCE, 0x7A, 0xCE, 0x7B, 0xCE, 0xB7, 0xB5, 0x93, 0x8C,
    0x94, 0x94, 0x93, 0x8C, 0x7A, 0xCE, 0xBE, 0xF7, 0x9D, 0xF7, 0x9E, 0xF7, 0x3C, 0xE7, 0xDB, 0xDE,
    0xFC, 0xDE, 0xFC, 0xDE, 0xFC, 0xDE, 0xFC, 0xDE, 0xFC, 0xDE, 0xFC, 0xDE, 0xFC, 0xDE, 0xFC, 0xDE,
    0x9B, 0xD6, 0xAF, 0x7B, 0xEC, 0x6A, 0xA2, 0x20, 0x20, 0x30, 0x25, 0xA9, 0x05, 0xB1, 0xA8, 0xC9,
    0xE9, 0xD1, 0xE8, 0xD1, 0xE8, 0xD1, 0xE8, 0xD1, 0xC8, 0xD1, 0xE9, 0xD1, 0xE9, 0xC9, 0xE8, 0xD1,
    0xE8, 0xD1, 0x46, 0xB9, 0xE4, 0xB0, 0xE4, 0xB0, 0x25, 0xA9, 0xE5, 0xB0, 0xC5, 0xB8, 0x66, 0xC1,
    0xE9, 0xD1, 0x46, 0xB9, 0x42, 0x70, 0x41, 0x40, 0x20, 0x08, 0x21, 0x08, 0x10, 0x84, 0x97, 0xB5,
    0x39, 0xC6, 0xFC, 0xDE, 0xDC, 0xDE, 0xFC, 0xDE, 0xFC, 0xDE, 0xFC, 0xDE, 0xFC, 0xDE, 0xFC, 0xDE,
    0xFC, 0xDE, 0xFC, 0xDE, 0xFC, 0xDE, 0xFC, 0xDE, 0xFC, 0xDE, 0xFC, 0xDE, 0xFC, 0xDE, 0xFC, 0xDE,
    0xFC, 0xDE, 0xFC, 0xDE, 0xFC, 0xDE, 0xFC, 0xDE, 0xFC, 0xDE, 0xFC, 0xDE, 0xFC, 0xDE, 0xFC, 0xDE,
    0xFC, 0xDE, 0xFC, 0xDE, 0xFC, 0xDE, 0xFB, 0xDE, 0xFC, 0xDE, 0xFC, 0xDE, 0xFB, 0xDE, 0xDD, 0xDE,
    0xDD, 0xDE, 0xFB, 0xDE, 0xFB, 0xDE, 0x7A, 0xCE, 0xA7, 0x31, 0xC1, 0x18, 0xC8, 0x83, 0xA8, 0xA4,
    0xA8, 0xAC, 0x8A, 0xCD, 0xED, 0xFE, 0xEC, 0xF6, 0xED, 0xFE, 0xCD, 0xFE, 0x4D, 0xFF, 0xE7, 0x8B,
    0x00, 0x00, 0xC3, 0x18, 0xD4, 0x9C, 0xF8, 0xBD, 0xDB, 0xDE, 0x5E, 0xEF, 0x5A, 0xCE, 0xD8, 0xB5,
    0x97, 0xB5, 0x77, 0xB5, 0x97, 0xB5, 0xD8, 0xBD, 0x97, 0xB5, 0x98, 0xB5, 0xB4, 0x9C, 0xA2, 0x18,
    0xE1, 0x69, 0xA6, 0xF4, 0x24, 0xEC, 0xA4, 0xDB, 0xA3, 0xE3, 0xA3, 0xE3, 0x83, 0xDB, 0xE1, 0xBA,
    0x81, 0xBA, 0x22, 0xD3, 0xE4, 0xDB, 0xC4, 0xDB, 0xA4, 0xE3, 0xC3, 0xE3, 0xC2, 0xE3, 0xC3, 0xE3,
    0xC5, 0xDB, 0xC4, 0xDB, 0xC3, 0xDB, 0xC4, 0xDB, 0xA3, 0xE3, 0xA3, 0xE3, 0xA3, 0xDB, 0xA3, 0xDB,
    0xC4, 0xDB, 0xC4, 0xDB, 0xA3, 0xDB, 0xA3, 0xDB, 0xA3, 0xDB, 0xC3, 0xE3, 0xC3, 0xDB, 0xC3, 0xDB,
    0xC3, 0xDB, 0xC3, 0xDB, 0xA3, 0xDB, 0xA3, 0xDB, 0xC3, 0xDB, 0xC3, 0xDB, 0xC3, 0xDB, 0xC3, 0xE3,
    0xC3, 0xE3, 0xC3, 0xDB, 0xC3, 0xDB, 0xC3, 0xDB, 0xA4, 0xE3, 0x82, 0xDB, 0x04, 0xDC, 0x43, 0x8A,
    0x60, 0x20, 0xC9, 0x72, 0x18, 0xC6, 0xD7, 0xBD, 0x97, 0xAD, 0x77, 0xAD, 0x77, 0xB5, 0xEC, 0x62,
    0x00, 0x00, 0x00, 0x08, 0xE3, 0x20, 0x8E, 0x73, 0x32, 0x84, 0x5A, 0xD6, 0xFC, 0xE6, 0xDC, 0xDE,
    0xDC, 0xDE, 0xFC, 0xDE, 0xFC, 0xDE, 0xFC, 0xDE, 0xFC, 0xDE, 0xFC, 0xE6, 0x9E, 0xF7, 0x9D, 0xF7,
    0xBE, 0xF7, 0x59, 0xCE, 0x73, 0x8C, 0x93, 0x8C, 0x73, 0x8C, 0x56, 0xAD, 0x7A, 0xCE, 0x7A, 0xCE,
    0x5A, 0xCE, 0xFC, 0xDE, 0x5D, 0xEF, 0x1C, 0xE7, 0x9E, 0xF7, 0xAE, 0x73, 0x05, 0x21, 0x86, 0x31,
    0x86, 0x31, 0x6D, 0x21, 0x71, 0x21, 0x71, 0x21, 0x71, 0x21, 0x71, 0x21, 0x6D, 0x21, 0x86, 0x31,
    0x66, 0x29, 0x45, 0x29, 0x49, 0x4A, 0xDB, 0xDE, 0x3D, 0xE7, 0x3C, 0xE7, 0xFC, 0xDE, 0x7A, 0xCE,
    0x7A, 0xCE, 0x7B, 0xCE, 0xB7, 0xB5, 0x93, 0x8C, 0x94, 0x94, 0x93, 0x8C, 0x7A, 0xCE, 0xBE, 0xF7,
    0x9D, 0xF7, 0x9E, 0xF7, 0x3C, 0xE7, 0xDB, 0xDE, 0xFC, 0xDE, 0xFC, 0xDE, 0xFC, 0xDE, 0xFC, 0xDE,
    0xFC, 0xDE, 0xFC, 0xDE, 0xFC, 0xDE, 0xFC, 0xDE, 0xBB, 0xDE, 0xD7, 0xBD, 0xB7, 0xBD, 0x29, 0x4A,
    0x04, 0x39, 0x25, 0x81, 0xE5, 0x98, 0xA8, 0xC9, 0xE9, 0xD9, 0xE8, 0xD1, 0xE8, 0xD1, 0xE8, 0xD1,
    0xE8, 0xD1, 0xE8, 0xC9, 0xE8, 0xC9, 0xC7, 0xC1, 0xE8, 0xC1, 0x46, 0xB1, 0x05, 0xB9, 0x06, 0xC1,
    0x06, 0xB9, 0x06, 0xB1, 0x25, 0xA1, 0x46, 0xB1, 0xC8, 0xD1, 0x67, 0xB9, 0x62, 0x68, 0xA3, 0x38,
    0x65, 0x29, 0xA7, 0x31, 0xB3, 0x94, 0xB7, 0xB5, 0x19, 0xC6, 0xDC, 0xDE, 0xDC, 0xDE, 0xFC, 0xDE,
    0xFC, 0xDE, 0xFC, 0xDE, 0xFC, 0xDE, 0xFC, 0xDE, 0xFC, 0xDE, 0xFC, 0xDE, 0xFC, 0xDE, 0xFC, 0xDE,
    0xFC, 0xDE, 0xFC, 0xDE, 0xFC, 0xDE, 0xFC, 0xDE, 0xFC, 0xDE, 0xFC, 0xDE, 0xFC, 0xDE, 0xFC, 0xDE,
    0xFC, 0xDE, 0xFC, 0xDE, 0xFC, 0xDE, 0xFC, 0xDE, 0xFC, 0xDE, 0xFC, 0xDE, 0xFC, 0xDE, 0xFC, 0xDE,
    0xFC, 0xDE, 0xFC, 0xDE, 0xFB, 0xDE, 0xDC, 0xDE, 0xFB, 0xDE, 0x1C, 0xE7, 0x5D, 0xE7, 0xDB, 0xD6,
    0x86, 0x29, 0xA0, 0x20, 0x0A, 0xDE, 0x0A, 0xFF, 0xCB, 0xFE, 0xCC, 0xFE, 0x6B, 0xF6, 0x8A, 0xF6,
    0x8A, 0xF6, 0x6A, 0xF6, 0xCC, 0xFE, 0xA8, 0xAC, 0xA2, 0x41, 0xA4, 0x41, 0x49, 0x52, 0xCC, 0x5A,
    0x6D, 0x73, 0xD0, 0x7B, 0x0D, 0x63, 0x8B, 0x52, 0xAB, 0x52, 0xAB, 0x52, 0x6E, 0x6B, 0x15, 0x9D,
    0x35, 0xA5, 0xF8, 0xBD, 0x15, 0xA5, 0xC3, 0x18, 0xE2, 0x69, 0x86, 0xEC, 0x24, 0xE4, 0xA3, 0xDB,
    0x83, 0xE3, 0x83, 0xE3, 0xA3, 0xDB, 0xE3, 0xBA, 0x62, 0xA2, 0x03, 0xBB, 0xA4, 0xDB, 0x63, 0xDB,
    0x84, 0xD3, 0x83, 0xD3, 0x82, 0xD3, 0x83, 0xDB, 0x84, 0xDB, 0x83, 0xD3, 0xA3, 0xDB, 0xC4, 0xDB,
    0xA3, 0xDB, 0xC3, 0xE3, 0xC3, 0xDB, 0xC3, 0xDB, 0xC3, 0xDB, 0xC4, 0xDB, 0xA4, 0xDB, 0xA4, 0xDB,
    0xC4, 0xE3, 0xC4, 0xE3, 0xA4, 0xDB, 0xA3, 0xDB, 0xA3, 0xDB, 0xA3, 0xDB, 0xA3, 0xDB, 0xA3, 0xDB,
    0xA3, 0xDB, 0xC3, 0xDB, 0xC3, 0xDB, 0xC3, 0xE3, 0xA3, 0xE3, 0xC4, 0xDB, 0xC3, 0xDB, 0xA4, 0xDB,
    0xA3, 0xE3, 0xA2, 0xE3, 0xC3, 0xE3, 0x05, 0xDC, 0x68, 0xDC, 0x26, 0x9B, 0x61, 0x10, 0xAC, 0x5A,
    0x98, 0xAD, 0x56, 0xA5, 0x97, 0xAD, 0x31, 0x7C, 0xA7, 0x39, 0xC6, 0x41, 0xEC, 0x62, 0x77, 0xAD,
    0x97, 0xAD, 0x7A, 0xCE, 0xFC, 0xE6, 0xFC, 0xDE, 0xFC, 0xDE, 0xFC, 0xDE, 0xFC, 0xDE, 0xFC, 0xDE,
    0xFC, 0xDE, 0xFC, 0xE6, 0x9E, 0xF7, 0x9D, 0xF7, 0xBE, 0xF7, 0x59, 0xCE, 0x73, 0x8C, 0x93, 0x8C,
    0x73, 0x8C, 0x56, 0xAD, 0x7A, 0xCE, 0x7A, 0xCE, 0x5A, 0xCE, 0xFC, 0xDE, 0x5D, 0xEF, 0x3C, 0xE7,
    0x9E, 0xF7, 0xAE, 0x73, 0x05, 0x21, 0x86, 0x31, 0x86, 0x31, 0x6D, 0x21, 0x71, 0x21, 0x71, 0x21,
    0x71, 0x21, 0x71, 0x21, 0x6D, 0x21, 0x66, 0x29, 0x66, 0x29, 0x45, 0x29, 0x49, 0x4A, 0xDB, 0xDE,
    0x3D, 0xE7, 0x3C, 0xE7, 0xFC, 0xDE, 0x7A, 0xCE, 0x7A, 0xCE, 0x9B, 0xD6, 0xB7, 0xB5, 0x93, 0x8C,
    0x94, 0x94, 0x93, 0x8C, 0x7A, 0xCE, 0xBE, 0xF7, 0x9D, 0xF7, 0x9E, 0xF7, 0x3C, 0xE7, 0xDB, 0xDE,
    0xFC, 0xDE, 0xFC, 0xDE, 0xFC, 0xDE, 0xFC, 0xDE, 0xFC, 0xDE, 0xFC, 0xDE, 0xFC, 0xDE, 0xFC, 0xDE,
    0xDC, 0xDE, 0xBB, 0xD6, 0x9B, 0xD6, 0x77, 0xB5, 0xCF, 0x73, 0x40, 0x28, 0x41, 0x50, 0xC8, 0xB9,
    0xE9, 0xD1, 0xE8, 0xC9, 0xE8, 0xD1, 0xE8, 0xD1, 0xE8, 0xD1, 0xE8, 0xD1, 0xA7, 0xC9, 0xE5, 0xB0,
    0x05, 0xB1, 0xC3, 0x70, 0xA3, 0x68, 0xA3, 0x70, 0xA3, 0x68, 0x62, 0x50, 0x61, 0x38, 0xC3, 0x70,
    0x26, 0xB9, 0x46, 0xB9, 0x41, 0x40, 0x86, 0x39, 0x36, 0xAD, 0x57, 0xB5, 0x7B, 0xD6, 0xBC, 0xDE,
    0xBB, 0xDE, 0xFC, 0xDE, 0xFC, 0xDE, 0xFC, 0xDE, 0xFC, 0xDE, 0xFC, 0xDE, 0xFC, 0xDE, 0xFC, 0xDE,
    0xFC, 0xDE, 0xFC, 0xDE, 0xFC, 0xDE, 0xFC, 0xDE, 0xFC, 0xDE, 0xFC, 0xDE, 0xFC, 0xDE, 0xFC, 0xDE,
    0xFC, 0xDE, 0xFC, 0xDE, 0xFC, 0xDE, 0xFC, 0xDE, 0xFC, 0xDE, 0xFC, 0xDE, 0xFC, 0xDE, 0xFC, 0xDE,
    0xFC, 0xDE, 0xFC, 0xDE, 0xFC, 0xDE, 0xFC, 0xDE, 0xFC, 0xDE, 0xFC, 0xDE, 0xDC, 0xE6, 0xDB, 0xDE,
    0x1B, 0xDF, 0x76, 0xAD, 0x8F, 0x6B, 0x6D, 0x6B, 0x24, 0x42, 0xA3, 0x62, 0xE9, 0xDD, 0x69, 0xFE,
    0x4A, 0xF6, 0x28, 0xEE, 0xC6, 0xED, 0xC6, 0xED, 0xA5, 0xE5, 0xC6, 0xED, 0x8B, 0xFE, 0x8C, 0xF6,
    0xAD, 0xEE, 0xAC, 0xC5, 0xA0, 0x18, 0x00, 0x00, 0x00, 0x00, 0x00, 0x00, 0x00, 0x00, 0x00, 0x00,
    0x20, 0x00, 0x20, 0x00, 0x82, 0x10, 0x04, 0x19, 0x65, 0x29, 0x0C, 0x5B, 0xEC, 0x62, 0x81, 0x20,
    0xE2, 0x79, 0x87, 0xF4, 0x25, 0xEC, 0xC3, 0xDB, 0xC3, 0xDB, 0xA3, 0xDB, 0xC4, 0xE3, 0x42, 0x92,
    0x60, 0x28, 0xA1, 0x71, 0xC2, 0xC2, 0x81, 0xBA, 0x80, 0xBA, 0x81, 0xBA, 0x81, 0xBA, 0x81, 0xB2,
    0x81, 0xBA, 0x80, 0xBA, 0x02, 0xCB, 0xC5, 0xDB, 0xA3, 0xDB, 0xC3, 0xDB, 0xC3, 0xDB, 0xC3, 0xDB,
    0xC3, 0xDB, 0xC3, 0xDB, 0xA4, 0xDB, 0xC4, 0xDB, 0xC4, 0xDB, 0xC4, 0xDB, 0xA3, 0xDB, 0xA3, 0xDB,
    0xA3, 0xDB, 0xA3, 0xDB, 0xA3, 0xDB, 0xA3, 0xDB, 0xA3, 0xDB, 0xA3, 0xDB, 0xC3, 0xDB, 0xC4, 0xE3,
    0xA4, 0xE3, 0xA3, 0xE3, 0xC3, 0xDB, 0xC4, 0xDB, 0xA4, 0xE3, 0xA3, 0xE3, 0xA2, 0xE3, 0x04, 0xEC,
    0xC6, 0xFC, 0x24, 0xA3, 0x00, 0x00, 0xED, 0x5A, 0xFC, 0xE6, 0x9A, 0xD6, 0xFB, 0xDE, 0x5A, 0xC6,
    0x35, 0xA5, 0x36, 0xAD, 0xB8, 0xBD, 0x9C, 0xD6, 0x9B, 0xD6, 0xDB, 0xDE, 0xFC, 0xDE, 0xFC, 0xDE,
    0xFC, 0xDE, 0xFC, 0xDE, 0xFC, 0xDE, 0xFC, 0xDE, 0xFC, 0xDE, 0xFC, 0xE6, 0x9E, 0xF7, 0x9D, 0xF7,
    0xBE, 0xF7, 0x59, 0xCE, 0x73, 0x8C, 0x93, 0x8C, 0x73, 0x8C, 0x56, 0xAD, 0x7A, 0xCE, 0x5A, 0xCE,
    0x5A, 0xCE, 0xFC, 0xDE, 0x5D, 0xEF, 0x1C, 0xE7, 0x9E, 0xF7, 0xAE, 0x73, 0x05, 0x21, 0x86, 0x31,
    0x86, 0x31, 0x6D, 0x21, 0x71, 0x21, 0x71, 0x21, 0x71, 0x21, 0x71, 0x21, 0x6D, 0x21, 0x66, 0x29,
    0x66, 0x29, 0x45, 0x29, 0x49, 0x4A, 0xDB, 0xDE, 0x3D, 0xE7, 0x3C, 0xE7, 0xFC, 0xDE, 0x7A, 0xCE,
    0x7A, 0xCE, 0x9B, 0xD6, 0xB7, 0xB5, 0x93, 0x8C, 0x94, 0x94, 0x93, 0x8C, 0x7A, 0xCE, 0xBE, 0xF7,
    0x9D, 0xF7, 0x9E, 0xF7, 0x3C, 0xE7, 0xDB, 0xDE, 0xFC, 0xDE, 0xFC, 0xDE, 0xFC, 0xDE, 0xFC, 0xDE,
    0xFC, 0xDE, 0xFC, 0xDE, 0xFC, 0xDE, 0xFC, 0xDE, 0xFC, 0xDE, 0xFC, 0xDE, 0xDC, 0xDE, 0xB8, 0xB5,
    0x10, 0x7C, 0x41, 0x18, 0x20, 0x40, 0xA8, 0xB1, 0xE8, 0xC9, 0xC8, 0xD1, 0xE9, 0xD1, 0xE8, 0xD1,
    0xE8, 0xD1, 0xE8, 0xD1, 0xC8, 0xC9, 0x05, 0xA9, 0x26, 0x99, 0x21, 0x30, 0x00, 0x08, 0x00, 0x18,
    0x00, 0x10, 0x00, 0x08, 0x40, 0x08, 0x62, 0x58, 0x26, 0xB1, 0x26, 0xB1, 0x61, 0x30, 0xA6, 0x29,
    0x76, 0xAD, 0x97, 0xAD, 0xBB, 0xD6, 0xFC, 0xDE, 0xFC, 0xDE, 0xFC, 0xDE, 0xFC, 0xDE, 0xFC, 0xDE,
    0xFC, 0xDE, 0xFC, 0xDE, 0xFC, 0xDE, 0xFC, 0xDE, 0xFC, 0xDE, 0xFC, 0xDE, 0xFC, 0xDE, 0xFC, 0xDE,
    0xFC, 0xDE, 0xFC, 0xDE, 0xFC, 0xDE, 0xFC, 0xDE, 0xFC, 0xDE, 0xFC, 0xDE, 0xFC, 0xDE, 0xFC, 0xDE,
    0xFC, 0xDE, 0xFC, 0xDE, 0xFC, 0xDE, 0xFC, 0xDE, 0xFC, 0xDE, 0xFC, 0xDE, 0xFC, 0xDE, 0xFC, 0xDE,
    0xFC, 0xDE, 0xDC, 0xDE, 0xDC, 0xDE, 0xDC, 0xDE, 0x7E, 0xEF, 0xD0, 0x7B, 0x00, 0x00, 0x21, 0x10,
    0x27, 0x94, 0xED, 0xFE, 0x8B, 0xF6, 0x6A, 0xF6, 0x29, 0xF6, 0xE7, 0xED, 0x85, 0xE5, 0xA5, 0xE5,
    0x84, 0xE5, 0xA6, 0xED, 0x6A, 0xFE, 0x8B, 0xFE, 0xCA, 0xFE, 0x6B, 0xEE, 0x05, 0x7B, 0x65, 0x5A,
    0x84, 0x5A, 0x84, 0x5A, 0x84, 0x5A, 0xC5, 0x62, 0xA5, 0x62, 0xC5, 0x62, 0xC3, 0x41, 0x80, 0x18,
    0xA0, 0x18, 0x80, 0x10, 0x80, 0x18, 0x40, 0x20, 0xC2, 0x79, 0x47, 0xF4, 0x25, 0xEC, 0xC3, 0xDB,
    0xC3, 0xDB, 0xC3, 0xDB, 0xC4, 0xE3, 0x22, 0x92, 0x60, 0x18, 0x61, 0x59, 0xA3, 0xAA, 0x83, 0xA2,
    0x62, 0xA2, 0x82, 0xB2, 0xA2, 0xBA, 0x82, 0xB2, 0x82, 0xAA, 0x82, 0xAA, 0x03, 0xC3, 0xA4, 0xE3,
    0xA3, 0xDB, 0xC3, 0xDB, 0xC3, 0xDB, 0xA3, 0xDB, 0xC3, 0xDB, 0xA3, 0xDB, 0xC3, 0xDB, 0xC3, 0xDB,
    0xC3, 0xDB, 0xA3, 0xDB, 0xA3, 0xDB, 0xA3, 0xDB, 0xC3, 0xDB, 0xA3, 0xDB, 0xA3, 0xDB, 0xA3, 0xDB,
    0xA3, 0xDB, 0xC3, 0xDB, 0xC3, 0xDB, 0xC4, 0xDB, 0xA3, 0xDB, 0xA3, 0xE3, 0xC3, 0xE3, 0xC3, 0xDB,
    0xC3, 0xDB, 0xC3, 0xE3, 0x83, 0xDB, 0xC4, 0xE3, 0x86, 0xFC, 0x25, 0xA3, 0x20, 0x00, 0x6E, 0x63,
    0x5D, 0xEF, 0xDB, 0xDE, 0xFC, 0xE6, 0x7A, 0xCE, 0x35, 0xA5, 0x15, 0xA5, 0xB8, 0xB5, 0xFD, 0xDE,
    0xFC, 0xDE, 0xFB, 0xDE, 0xFC, 0xDE, 0xFC, 0xDE, 0xFC, 0xDE, 0xFC, 0xDE, 0xFC, 0xDE, 0xFC, 0xDE,
    0xDC, 0xDE, 0xFC, 0xE6, 0x9E, 0xF7, 0x9D, 0xF7, 0xBE, 0xF7, 0x39, 0xCE, 0x73, 0x8C, 0x93, 0x8C,
    0x73, 0x8C, 0x56, 0xAD, 0x7A, 0xCE, 0x5A, 0xCE, 0x5A, 0xCE, 0xFC, 0xDE, 0x5D, 0xEF, 0x3C, 0xE7,
    0x9E, 0xF7, 0xAE, 0x73, 0x05, 0x21, 0x66, 0x29, 0x66, 0x29, 0x6D, 0x21, 0x71, 0x21, 0x71, 0x21,
    0x71, 0x21, 0x71, 0x21, 0x6D, 0x21, 0x66, 0x29, 0x86, 0x31, 0x45, 0x29, 0x49, 0x4A, 0xDB, 0xDE,
    0x3D, 0xE7, 0x3C, 0xE7, 0xFC, 0xDE, 0x7A, 0xCE, 0x7A, 0xCE, 0x9B, 0xD6, 0xB7, 0xB5, 0x93, 0x8C,
    0x94, 0x94, 0x93, 0x8C, 0x7A, 0xCE, 0xBE, 0xF7, 0x9D, 0xF7, 0x9E, 0xF7, 0x3C, 0xE7, 0xDB, 0xDE,
    0xFC, 0xDE, 0xFC, 0xDE, 0xFC, 0xDE, 0xFC, 0xDE, 0xFC, 0xDE, 0xFC, 0xDE, 0xFC, 0xDE, 0xFC, 0xDE,
    0xFC, 0xDE, 0xFC, 0xDE, 0xDC, 0xDE, 0xBB, 0xD6, 0x93, 0x94, 0x21, 0x10, 0x21, 0x40, 0x26, 0xA9,
    0x26, 0xB9, 0xA7, 0xC9, 0xE9, 0xD1, 0xE8, 0xD1, 0xE8, 0xD1, 0x09, 0xD2, 0x09, 0xC2, 0x82, 0x68,
    0x61, 0x40, 0xAB, 0x6A, 0xD0, 0x83, 0x8F, 0x7B, 0x8F, 0x73, 0xD0, 0x7B, 0x31, 0x8C, 0x09, 0x7A,
    0xC5, 0x90, 0x26, 0x99, 0x41, 0x28, 0xEB, 0x5A, 0x5A, 0xD6, 0x7A, 0xD6, 0xFB, 0xD6, 0xFC, 0xDE,
    0xFC, 0xDE, 0xFC, 0xDE, 0xFC, 0xDE, 0xFC, 0xDE, 0xFC, 0xDE, 0xFC, 0xDE, 0xFC, 0xDE, 0xFC, 0xDE,
    0xFC, 0xDE, 0xFC, 0xDE, 0xFC, 0xDE, 0xFC, 0xDE, 0xFC, 0xDE, 0xFC, 0xDE, 0xFC, 0xDE, 0xFC, 0xDE,
    0xFC, 0xDE, 0xFC, 0xDE, 0xFC, 0xDE, 0xFC, 0xDE, 0xFC, 0xDE, 0xFC, 0xDE, 0xFC, 0xDE, 0xFC, 0xDE,
    0xFC, 0xDE, 0xFC, 0xDE, 0xFC, 0xDE, 0xFB, 0xDE, 0xFB, 0xDE, 0xDC, 0xE6, 0xDC, 0xDE, 0xBB, 0xD6,
    0xF9, 0xBD, 0x4C, 0x73, 0x80, 0x18, 0xC1, 0x20, 0xC8, 0xB4, 0x0B, 0xFF, 0x8A, 0xF6, 0x69, 0xF6,
    0xC5, 0xED, 0xA5, 0xED, 0xA5, 0xE5, 0xA5, 0xE5, 0xA5, 0xE5, 0xA5, 0xE5, 0xE7, 0xED, 0xE7, 0xED,
    0xE6, 0xED, 0x08, 0xF6, 0xAD, 0xFE, 0xAD, 0xF6, 0xCC, 0xF6, 0xCC, 0xF6, 0xCC, 0xF6, 0xCC, 0xF6,
    0xAC, 0xF6, 0xAB, 0xF6, 0x0B, 0xDE, 0x6A, 0xCD, 0x69, 0xCD, 0x8B, 0xCD, 0x84, 0x62, 0x40, 0x10,
    0x61, 0x61, 0xE2, 0xBA, 0x22, 0xD3, 0xA3, 0xE3, 0xA3, 0xE3, 0xA3, 0xE3, 0xC3, 0xE3, 0xC5, 0xDB,
    0xE6, 0xBB, 0x64, 0x7A, 0xA0, 0x30, 0xE1, 0x30, 0xC1, 0x28, 0xE1, 0x38, 0x82, 0x59, 0x61, 0x51,
    0xC1, 0x30, 0x80, 0x30, 0xC1, 0x81, 0x01, 0xC3, 0x42, 0xD3, 0xA4, 0xDB, 0xA3, 0xDB, 0xC3, 0xDB,
    0xC3, 0xDB, 0xA3, 0xDB, 0xA3, 0xDB, 0xC3, 0xDB, 0xC3, 0xDB, 0xC3, 0xDB, 0xA4, 0xDB, 0x22, 0xCB,
    0xE1, 0xC2, 0xE1, 0xC2, 0x22, 0xCB, 0xA3, 0xDB, 0xA3, 0xDB, 0xC3, 0xDB, 0xA3, 0xDB, 0xA3, 0xDB,
    0xC3, 0xDB, 0xA3, 0xE3, 0xA3, 0xE3, 0xC3, 0xDB, 0xE3, 0xE3, 0x42, 0xCB, 0xA1, 0xBA, 0xE1, 0xC2,
    0x42, 0xD3, 0x42, 0x8A, 0x00, 0x00, 0x2C, 0x63, 0x5D, 0xE7, 0xDC, 0xDE, 0xFD, 0xDE, 0xBB, 0xDE,
    0x7A, 0xCE, 0x7A, 0xCE, 0x9B, 0xD6, 0xFC, 0xDE, 0xFC, 0xDE, 0xFC, 0xDE, 0xFC, 0xDE, 0xFC, 0xDE,
    0xFC, 0xDE, 0xFC, 0xDE, 0xFC, 0xDE, 0xFC, 0xDE, 0xDC, 0xDE, 0xFC, 0xE6, 0x9E, 0xF7, 0x9D, 0xF7,
    0xBE, 0xF7, 0x39, 0xCE, 0x73, 0x8C, 0x93, 0x8C, 0x73, 0x8C, 0x56, 0xAD, 0x7A, 0xCE, 0x5A, 0xCE,
    0x5A, 0xCE, 0xFC, 0xDE, 0x5D, 0xEF, 0x3C, 0xE7, 0x9E, 0xF7, 0xAE, 0x73, 0x04, 0x21, 0x66, 0x29,
    0x66, 0x29, 0x6D, 0x21, 0x71, 0x21, 0x71, 0x21, 0x71, 0x21, 0x71, 0x21, 0x6D, 0x21, 0x66, 0x29,
    0x86, 0x31, 0x45, 0x29, 0x69, 0x4A, 0xDB, 0xDE, 0x3D, 0xE7, 0x3C, 0xE7, 0xFC, 0xDE, 0x7A, 0xCE,
    0x7A, 0xCE, 0x9B, 0xD6, 0x97, 0xB5, 0x93, 0x8C, 0x94, 0x94, 0x93, 0x8C, 0x7A, 0xCE, 0xBE, 0xF7,
    0x9D, 0xF7, 0x9E, 0xF7, 0x3C, 0xE7, 0xDB, 0xDE, 0xFC, 0xDE, 0xFC, 0xDE, 0xFC, 0xDE, 0xFC, 0xDE,
    0xFC, 0xDE, 0xFC, 0xDE, 0xFC, 0xDE, 0xFC, 0xDE, 0xFC, 0xDE, 0xFC, 0xDE, 0xFB, 0xDE, 0x5D, 0xEF,
    0xF4, 0xA4, 0x00, 0x00, 0x00, 0x30, 0x05, 0xA1, 0x05, 0xB1, 0xA7, 0xC9, 0xE9, 0xD1, 0xE8, 0xD1,
    0xE8, 0xD1, 0x09, 0xD2, 0xE8, 0xB9, 0x20, 0x48, 0x00, 0x18, 0x52, 0x8C, 0x19, 0xBE, 0x97, 0xAD,
    0x97, 0xB5, 0x98, 0xB5, 0xF8, 0xC5, 0xAB, 0x72, 0x21, 0x50, 0x62, 0x60, 0x00, 0x18, 0xAE, 0x6B,
    0x7E, 0xEF, 0x3D, 0xEF, 0x1C, 0xE7, 0xBB, 0xDE, 0xDC, 0xDE, 0xFC, 0xDE, 0xFB, 0xDE, 0xFC, 0xDE,
    0xFC, 0xDE, 0xFC, 0xDE, 0xFC, 0xDE, 0xFC, 0xDE, 0xFC, 0xDE, 0xFC, 0xDE, 0xFC, 0xDE, 0xFC, 0xDE,
    0xFC, 0xDE, 0xFC, 0xDE, 0xFC, 0xDE, 0xFC, 0xDE, 0xFC, 0xDE, 0xFC, 0xDE, 0xFC, 0xDE, 0xFC, 0xDE,
    0xFC, 0xDE, 0xFC, 0xDE, 0xFC, 0xDE, 0xFC, 0xDE, 0xFC, 0xDE, 0xFC, 0xDE, 0xFC, 0xDE, 0xFB, 0xDE,
    0xFB, 0xDE, 0xDC, 0xDE, 0x1C, 0xE7, 0x17, 0xBE, 0xE5, 0x20, 0xC3, 0x41, 0x09, 0xB5, 0x08, 0xB5,
    0x4A, 0xE6, 0xC9, 0xFE, 0x8A, 0xFE, 0x49, 0xF6, 0xA5, 0xE5, 0x86, 0xE5, 0xA5, 0xE5, 0xA5, 0xE5,
    0x86, 0xE5, 0xA5, 0xE5, 0xA5, 0xE5, 0x85, 0xE5, 0x85, 0xE5, 0xA7, 0xE5, 0x8B, 0xFE, 0xCB, 0xFE,
    0xCA, 0xFE, 0xAB, 0xFE, 0xAB, 0xFE, 0x8B, 0xFE, 0x8A, 0xFE, 0xA8, 0xFE, 0xAA, 0xFE, 0xCD, 0xFE,
    0xAB, 0xFE, 0xAC, 0xFE, 0xE3, 0x72, 0x00, 0x00, 0x41, 0x59, 0x81, 0xB2, 0x02, 0xC3, 0xC4, 0xE3,
    0xA3, 0xE3, 0xC3, 0xE3, 0xC4, 0xDB, 0x45, 0xEC, 0xC6, 0xF4, 0xE5, 0x9A, 0xA0, 0x30, 0x21, 0x31,
    0x22, 0x39, 0xE1, 0x28, 0x61, 0x18, 0xC3, 0x18, 0xE3, 0x10, 0x62, 0x18, 0x82, 0x61, 0xC1, 0xAA,
    0x23, 0xCB, 0x84, 0xD3, 0x83, 0xDB, 0xA3, 0xDB, 0xC3, 0xE3, 0xA3, 0xDB, 0xC3, 0xDB, 0xC3, 0xDB,
    0xC3, 0xDB, 0x83, 0xD3, 0x84, 0xD3, 0xE2, 0xC2, 0x81, 0xB2, 0x81, 0xB2, 0xC1, 0xBA, 0xA4, 0xDB,
    0xC3, 0xE3, 0xC3, 0xE3, 0xA3, 0xDB, 0xA3, 0xDB, 0xC3, 0xDB, 0xA3, 0xDB, 0xA4, 0xDB, 0xA3, 0xE3,
    0xC3, 0xDB, 0x02, 0xC3, 0x61, 0xB2, 0xA1, 0xBA, 0xE2, 0xC2, 0xE1, 0x79, 0x00, 0x00, 0xCB, 0x5A,
    0x5D, 0xE7, 0xFC, 0xDE, 0xFC, 0xDE, 0xFC, 0xDE, 0xFC, 0xDE, 0x1C, 0xDF, 0xFC, 0xDE, 0xFB, 0xDE,
    0xFC, 0xDE, 0xFC, 0xDE, 0xFC, 0xDE, 0xFC, 0xDE, 0xFC, 0xDE, 0xFC, 0xDE, 0xFC, 0xDE, 0xFC, 0xDE,
    0xFC, 0xDE, 0xFC, 0xDE, 0x9E, 0xF7, 0x9D, 0xF7, 0xBE, 0xF7, 0x39, 0xCE, 0x73, 0x8C, 0x93, 0x8C,
    0x73, 0x8C, 0x56, 0xAD, 0x7A, 0xCE, 0x5A, 0xCE, 0x5A, 0xCE, 0xFC, 0xDE, 0x5D, 0xEF, 0x3C, 0xE7,
    0x9E, 0xF7, 0xAE, 0x73, 0x04, 0x21, 0x66, 0x29, 0x66, 0x29, 0x6D, 0x21, 0x71, 0x21, 0x71, 0x21,
    0x71, 0x21, 0x71, 0x21, 0x6D, 0x21, 0x66, 0x29, 0x86, 0x31, 0x45, 0x29, 0x69, 0x4A, 0xDB, 0xDE,
    0x3D, 0xE7, 0x3C, 0xE7, 0xFC, 0xDE, 0x7A, 0xCE, 0x7A, 0xCE, 0x9B, 0xD6, 0x97, 0xB5, 0x93, 0x8C,
    0x94, 0x94, 0x93, 0x94, 0x7A, 0xCE, 0xBE, 0xFF, 0x9D, 0xF7, 0x9E, 0xF7, 0x3C, 0xE7, 0xFB, 0xDE,
    0xFC, 0xDE, 0xFC, 0xDE, 0xFC, 0xDE, 0xFC, 0xDE, 0xFC, 0xDE, 0xFC, 0xDE, 0xFC, 0xDE, 0xFC, 0xDE,
    0xFC, 0xDE, 0xFC, 0xDE, 0xDB, 0xDE, 0x1C, 0xE7, 0xD8, 0xBD, 0x2D, 0x6B, 0xEC, 0x72, 0x04, 0x59,
    0x82, 0x58, 0x87, 0xB1, 0x29, 0xDA, 0x08, 0xD2, 0xE8, 0xD1, 0xE9, 0xD1, 0xC8, 0xB9, 0x21, 0x48,
    0x00, 0x18, 0x52, 0x94, 0x7A, 0xCE, 0x19, 0xC6, 0x39, 0xC6, 0x19, 0xC6, 0x39, 0xC6, 0x72, 0x8C,
    0xCB, 0x62, 0xEC, 0x6A, 0x2D, 0x73, 0x10, 0x7C, 0xAF, 0x6B, 0x8E, 0x6B, 0x15, 0xAD, 0x5E, 0xF7,
    0x3D, 0xE7, 0xFC, 0xDE, 0xFC, 0xDE, 0xFC, 0xDE, 0xFC, 0xDE, 0xFC, 0xDE, 0xFC, 0xDE, 0xFC, 0xDE,
    0xFC, 0xDE, 0xFC, 0xDE, 0xFC, 0xDE, 0xFC, 0xDE, 0xFC, 0xDE, 0xFC, 0xDE, 0xFC, 0xDE, 0xFC, 0xDE,
    0xFC, 0xDE, 0xFC, 0xDE, 0xFC, 0xDE, 0xFC, 0xDE, 0xFC, 0xDE, 0xFC, 0xDE, 0xFC, 0xDE, 0xFC, 0xDE,
    0xFC, 0xDE, 0xFC, 0xDE, 0xFC, 0xDE, 0xFB, 0xDE, 0xFC, 0xDE, 0xDC, 0xDE, 0x1C, 0xE7, 0xD7, 0xB5,
    0x83, 0x10, 0x44, 0x52, 0xED, 0xFE, 0xCB, 0xFE, 0x69, 0xF6, 0x28, 0xF6, 0xE8, 0xF5, 0xC7, 0xED,
    0xA6, 0xED, 0xA6, 0xE5, 0xA5, 0xE5, 0xA5, 0xE5, 0xA6, 0xE5, 0xA5, 0xE5, 0xA5, 0xE5, 0x85, 0xE5,
    0xA5, 0xE5, 0xC6, 0xE5, 0x08, 0xEE, 0x28, 0xEE, 0x28, 0xEE, 0x08, 0xEE, 0x08, 0xEE, 0x08, 0xEE,
    0xE8, 0xED, 0x06, 0xEE, 0x08, 0xEE, 0x08, 0xEE, 0x29, 0xEE, 0xAB, 0xFE, 0x64, 0x8B, 0xC1, 0x20,
    0x22, 0x41, 0x62, 0x59, 0xE3, 0xAA, 0x04, 0xE4, 0xC3, 0xDB, 0xC3, 0xDB, 0xC3, 0xDB, 0xE3, 0xE3,
    0xE3, 0xE3, 0x06, 0xE4, 0x27, 0xD4, 0x26, 0xCC, 0x26, 0xD4, 0x66, 0xAB, 0x81, 0x20, 0x2D, 0x63,
    0x14, 0x9D, 0x92, 0x9C, 0x06, 0x5A, 0xE0, 0x48, 0x21, 0x92, 0xC1, 0xBA, 0x01, 0xCB, 0xA3, 0xE3,
    0xA4, 0xDB, 0xC4, 0xDB, 0xC3, 0xDB, 0xC3, 0xDB, 0x83, 0xD3, 0xA0, 0xBA, 0xA1, 0xBA, 0x80, 0x71,
    0x61, 0x61, 0x63, 0xAA, 0xA1, 0xC2, 0x02, 0xCB, 0x42, 0xCB, 0xA4, 0xDB, 0xC4, 0xDB, 0xC3, 0xDB,
    0xC4, 0xDB, 0x22, 0xC3, 0xE2, 0xC2, 0xC1, 0xCA, 0xC1, 0xC2, 0xA1, 0xBA, 0x81, 0xB2, 0xE1, 0x81,
    0x41, 0x51, 0x25, 0x62, 0xEC, 0x62, 0x93, 0x94, 0x1D, 0xE7, 0xDC, 0xDE, 0xFB, 0xE6, 0xFC, 0xDE,
    0xFC, 0xDE, 0xFC, 0xDE, 0xFC, 0xDE, 0xFC, 0xDE, 0xFC, 0xDE, 0xFC, 0xDE, 0xFC, 0xDE, 0xFC, 0xDE,
    0xFC, 0xDE, 0xFC, 0xDE, 0xFC, 0xDE, 0xFC, 0xDE, 0xFC, 0xDE, 0xFC, 0xDE, 0x9E, 0xF7, 0x9D, 0xF7,
    0xBE, 0xF7, 0x39, 0xCE, 0x73, 0x8C, 0x93, 0x8C, 0x73, 0x8C, 0x56, 0xAD, 0x7A, 0xCE, 0x5A, 0xCE,
    0x5A, 0xCE, 0xFC, 0xDE, 0x5D, 0xEF, 0x3C, 0xE7, 0x9E, 0xF7, 0xAE, 0x73, 0x04, 0x21, 0x66, 0x29,
    0x66, 0x29, 0x6D, 0x21, 0x71, 0x21, 0x71, 0x21, 0x71, 0x21, 0x71, 0x21, 0x6D, 0x21, 0x86, 0x31,
    0x86, 0x31, 0x45, 0x29, 0x69, 0x4A, 0xDB, 0xDE, 0x3D, 0xE7, 0x1C, 0xE7, 0xFC, 0xDE, 0x7A, 0xCE,
    0x7A, 0xCE, 0x9B, 0xD6, 0xB7, 0xB5, 0x93, 0x8C, 0x94, 0x94, 0x93, 0x94, 0x7A, 0xCE, 0xBE, 0xF7,
    0x9D, 0xF7, 0x9E, 0xF7, 0x3C, 0xE7, 0xFB, 0xDE, 0xFC, 0xDE, 0xFC, 0xDE, 0xFC, 0xDE, 0xFC, 0xDE,
    0xFC, 0xDE, 0xFC, 0xDE, 0xFC, 0xDE, 0xFC, 0xDE, 0xFC, 0xDE, 0xFC, 0xDE, 0xDC, 0xDE, 0xFC, 0xDE,
    0x7A, 0xD6, 0xB8, 0xBD, 0x76, 0xAD, 0x25, 0x29, 0x00, 0x08, 0xA7, 0xA1, 0x4A, 0xE2, 0xE9, 0xD1,
    0xC8, 0xD1, 0xE9, 0xD1, 0xE8, 0xB9, 0x41, 0x40, 0x00, 0x18, 0x14, 0xA5, 0x9E, 0xF7, 0x3D, 0xE7,
    0x7E, 0xEF, 0x3D, 0xE7, 0xFC, 0xDE, 0x5A, 0xCE, 0xD8, 0xBD, 0x56, 0xA5, 0xB3, 0x9C, 0xEC, 0x6A,
    0x00, 0x08, 0x00, 0x00, 0xE7, 0x49, 0x92, 0x9C, 0x35, 0xAD, 0xDC, 0xDE, 0xFC, 0xDE, 0xFC, 0xDE,
    0x1C, 0xD7, 0xFC, 0xDE, 0xFC, 0xE6, 0xFC, 0xDE, 0xFC, 0xDE, 0xFC, 0xDE, 0xFC, 0xDE, 0xFC, 0xDE,
    0xFC, 0xDE, 0xFC, 0xDE, 0xFC, 0xDE, 0xFC, 0xDE, 0xFC, 0xDE, 0xFC, 0xDE, 0xFC, 0xDE, 0xFC, 0xDE,
    0xFC, 0xDE, 0xFC, 0xDE, 0xFC, 0xDE, 0xFC, 0xDE, 0xFC, 0xDE, 0xFC, 0xDE, 0xFC, 0xDE, 0xFB, 0xDE,
    0xFC, 0xDE, 0xDB, 0xDE, 0x1C, 0xE7, 0xB7, 0xB5, 0x41, 0x08, 0x24, 0x52, 0xCC, 0xFE, 0x8A, 0xFE,
    0x28, 0xF6, 0xE7, 0xED, 0x85, 0xE5, 0x85, 0xE5, 0xA5, 0xED, 0xA5, 0xE5, 0xA5, 0xE5, 0xA5, 0xE5,
    0xA5, 0xE5, 0xA5, 0xE5, 0xA5, 0xE5, 0xA5, 0xE5, 0xA5, 0xE5, 0xA5, 0xE5, 0x85, 0xE5, 0x85, 0xE5,
    0x85, 0xE5, 0x85, 0xE5, 0x85, 0xE5, 0x85, 0xE5, 0x85, 0xE5, 0x85, 0xE5, 0x85, 0xED, 0x85, 0xE5,
    0xE7, 0xED, 0xCB, 0xFE, 0x04, 0xA4, 0x60, 0x49, 0xE1, 0x28, 0x41, 0x00, 0x43, 0x8A, 0x04, 0xEC,
    0xC3, 0xDB, 0xC4, 0xDB, 0xA4, 0xE3, 0xA4, 0xE3, 0x83, 0xDB, 0x25, 0xE4, 0xC6, 0xFC, 0xA5, 0xF4,
    0x65, 0xF4, 0xC5, 0xCB, 0xA1, 0x20, 0x4E, 0x63, 0x97, 0xB5, 0x97, 0xB5, 0x49, 0x4A, 0x00, 0x00,
    0xC2, 0x71, 0xC1, 0xBA, 0x01, 0xCB, 0xA3, 0xDB, 0xA3, 0xDB, 0xA3, 0xE3, 0xC3, 0xE3, 0xC4, 0xE3,
    0x63, 0xD3, 0x81, 0xBA, 0x81, 0xB2, 0xC1, 0x38, 0x00, 0x08, 0xA1, 0x81, 0xC2, 0xC2, 0x80, 0xBA,
    0xC2, 0xBA, 0x84, 0xDB, 0xA3, 0xE3, 0xC2, 0xE3, 0xA3, 0xDB, 0xA1, 0xBA, 0xA2, 0xB2, 0x82, 0xB2,
    0x61, 0xB2, 0x61, 0xB2, 0x82, 0xAA, 0x01, 0x49, 0x00, 0x00, 0x49, 0x4A, 0xB8, 0xBD, 0xF8, 0xC5,
    0xFB, 0xDE, 0xDC, 0xDE, 0xFC, 0xDE, 0xFC, 0xDE, 0xFC, 0xDE, 0xFC, 0xDE, 0xFC, 0xDE, 0xFC, 0xDE,
    0xFC, 0xDE, 0xFC, 0xDE, 0xFC, 0xDE, 0xFC, 0xDE, 0xFC, 0xDE, 0xFC, 0xDE, 0xFC, 0xDE, 0xFC, 0xDE,
    0xFC, 0xDE, 0xFC, 0xDE, 0x9E, 0xF7, 0x9D, 0xF7, 0xBE, 0xF7, 0x39, 0xCE, 0x73, 0x8C, 0x93, 0x8C,
    0x73, 0x8C, 0x56, 0xAD, 0x7A, 0xCE, 0x5A, 0xCE, 0x5A, 0xCE, 0xFC, 0xDE, 0x5D, 0xEF, 0x3C, 0xE7,
    0x9E, 0xF7, 0xAE, 0x73, 0x04, 0x21, 0x66, 0x29, 0x66, 0x29, 0x6D, 0x21, 0x71, 0x21, 0x71, 0x21,
    0x71, 0x21, 0x71, 0x21, 0x6D, 0x21, 0x86, 0x31, 0x86, 0x31, 0x45, 0x29, 0x49, 0x4A, 0xDB, 0xDE,
    0x3D, 0xE7, 0x1C, 0xE7, 0xFC, 0xDE, 0x7A, 0xCE, 0x7A, 0xCE, 0x7B, 0xCE, 0x97, 0xB5, 0x93, 0x8C,
    0x94, 0x94, 0x93, 0x94, 0x7A, 0xCE, 0xBE, 0xF7, 0x9D, 0xF7, 0x9E, 0xF7, 0x3C, 0xE7, 0xFB, 0xDE,
    0xFC, 0xDE, 0xFC, 0xDE, 0xFC, 0xDE, 0xFC, 0xDE, 0xFC, 0xDE, 0xFC, 0xDE, 0xFC, 0xDE, 0xFC, 0xDE,
    0xFC, 0xDE, 0xFC, 0xDE, 0xFC, 0xDE, 0xFC, 0xDE, 0x9A, 0xD6, 0xD7, 0xBD, 0x75, 0xAD, 0x44, 0x29,
    0x20, 0x20, 0x66, 0x99, 0xC8, 0xC9, 0xA8, 0xC9, 0xA8, 0xD9, 0xE9, 0xD1, 0xE8, 0xA9, 0x40, 0x30,
    0x00, 0x18, 0xCF, 0x7B, 0xD8, 0xB5, 0xF4, 0xA4, 0x93, 0x9C, 0x76, 0xB5, 0xDC, 0xE6, 0x5A, 0xD6,
    0x39, 0xC6, 0xF0, 0x83, 0x00, 0x20, 0x25, 0x69, 0xC7, 0xA1, 0xA7, 0x99, 0x86, 0x89, 0x61, 0x40,
    0x08, 0x52, 0xDC, 0xE6, 0xFC, 0xE6, 0xFC, 0xDE, 0x1C, 0xDF, 0xFC, 0xDE, 0xFC, 0xDE, 0xFC, 0xDE,
    0xFC, 0xDE, 0xFC, 0xDE, 0xFC, 0xDE, 0xFC, 0xDE, 0xFC, 0xDE, 0xFC, 0xDE, 0xFC, 0xDE, 0xFC, 0xDE,
    0xFC, 0xDE, 0xFC, 0xDE, 0xFC, 0xDE, 0xFC, 0xDE, 0xFC, 0xDE, 0xFC, 0xDE, 0xFC, 0xDE, 0xFC, 0xDE,
    0xFC, 0xDE, 0xFC, 0xDE, 0xFC, 0xDE, 0xFB, 0xDE, 0xFC, 0xDE, 0xDB, 0xDE, 0x1C, 0xE7, 0xB7, 0xB5,
    0x61, 0x08, 0x23, 0x52, 0xAB, 0xFE, 0x8A, 0xFE, 0x28, 0xEE, 0xE6, 0xED, 0xA5, 0xED, 0xA5, 0xED,
    0xA5, 0xE5, 0xA5, 0xE5, 0xA5, 0xE5, 0xA5, 0xE5, 0xA5, 0xE5, 0xA5, 0xE5, 0xA5, 0xE5, 0xA5, 0xE5,
    0xA5, 0xE5, 0xA5, 0xE5, 0xA5, 0xE5, 0xA5, 0xE5, 0xA5, 0xE5, 0xA5, 0xE5, 0xA5, 0xE5, 0xA5, 0xE5,
    0xA5, 0xE5, 0xA5, 0xED, 0xA5, 0xED, 0xA5, 0xE5, 0xC6, 0xE5, 0x49, 0xF6, 0x06, 0xCD, 0xC6, 0x9B,
    0xA2, 0x41, 0x40, 0x08, 0xE2, 0x81, 0x64, 0xDB, 0x63, 0xD3, 0xA3, 0xDB, 0xA3, 0xDB, 0xC4, 0xDB,
    0xC3, 0xDB, 0xA2, 0xDB, 0xC3, 0xE3, 0x83, 0xDB, 0x23, 0xD3, 0xE4, 0xA2, 0xA1, 0x20, 0xF0, 0x7B,
    0x39, 0xC6, 0xF8, 0xBD, 0x72, 0x94, 0xAE, 0x73, 0x88, 0x6A, 0x81, 0x69, 0xA3, 0xA2, 0xE4, 0xE3,
    0xC3, 0xE3, 0xA3, 0xE3, 0x63, 0xDB, 0xE2, 0xBA, 0xE2, 0xBA, 0xE2, 0x81, 0x62, 0x59, 0x2C, 0x73,
    0x4D, 0x6B, 0x26, 0x5A, 0xA1, 0x71, 0x61, 0xAA, 0xE2, 0xC2, 0x83, 0xE3, 0xA3, 0xE3, 0xA3, 0xE3,
    0xA2, 0xDB, 0xC0, 0xBA, 0x02, 0x82, 0x03, 0x82, 0x01, 0x92, 0x82, 0x71, 0x05, 0x72, 0xAD, 0x93,
    0xAF, 0x7B, 0x72, 0x8C, 0xB9, 0xB5, 0x39, 0xC6, 0x1B, 0xDF, 0xFC, 0xDE, 0xFC, 0xDE, 0xFC, 0xDE,
    0xFC, 0xDE, 0xFC, 0xDE, 0xFC, 0xDE, 0xFC, 0xDE, 0xFC, 0xDE, 0xFC, 0xDE, 0xFC, 0xDE, 0xFC, 0xDE,
    0xFC, 0xDE, 0xFC, 0xDE, 0xFC, 0xDE, 0xFC, 0xDE, 0xFC, 0xDE, 0xFC, 0xDE, 0x9E, 0xF7, 0x9D, 0xF7,
    0xBE, 0xF7, 0x59, 0xCE, 0x73, 0x8C, 0x94, 0x94, 0x73, 0x8C, 0x56, 0xAD, 0x7A, 0xCE, 0x5A, 0xCE,
    0x5A, 0xCE, 0xFC, 0xDE, 0x5D, 0xEF, 0x3C, 0xE7, 0x9E, 0xF7, 0xAE, 0x73, 0x04, 0x21, 0x66, 0x29,
    0x66, 0x29, 0x6D, 0x21, 0x71, 0x21, 0x71, 0x21, 0x71, 0x21, 0x71, 0x21, 0x6D, 0x21, 0x86, 0x31,
    0x86, 0x31, 0x45, 0x29, 0x49, 0x4A, 0xDB, 0xDE, 0x3C, 0xE7, 0x1C, 0xE7, 0xFC, 0xDE, 0x7A, 0xCE,
    0x5A, 0xCE, 0x7B, 0xCE, 0x97, 0xB5, 0x93, 0x8C, 0x94, 0x94, 0x93, 0x8C, 0x7A, 0xCE, 0xBE, 0xF7,
    0x9D, 0xF7, 0x9E, 0xF7, 0x3C, 0xE7, 0xFB, 0xDE, 0xFC, 0xDE, 0xFC, 0xDE, 0xFC, 0xDE, 0xFC, 0xDE,
    0xFC, 0xDE, 0xFC, 0xDE, 0xFC, 0xDE, 0xFC, 0xDE, 0xFC, 0xDE, 0xFC, 0xDE, 0xFC, 0xDE, 0xFC, 0xDE,
    0xDB, 0xDE, 0x1C, 0xE7, 0x18, 0xC6, 0xA3, 0x20, 0x00, 0x20, 0xE5, 0x88, 0x46, 0xB9, 0x87, 0xC1,
    0xE8, 0xD1, 0xE9, 0xD1, 0xA8, 0xA9, 0x00, 0x28, 0x01, 0x18, 0x82, 0x10, 0xC2, 0x10, 0x82, 0x10,
    0x00, 0x10, 0x49, 0x52, 0x3D, 0xE7, 0xFC, 0xE6, 0x3D, 0xE7, 0x92, 0x94, 0x00, 0x20, 0x25, 0x81,
    0x09, 0xD2, 0x09, 0xD2, 0xC7, 0xB1, 0x41, 0x48, 0x29, 0x5A, 0x1C, 0xE7, 0xFC, 0xDE, 0xDC, 0xDE,
    0xFC, 0xDE, 0xFC, 0xDE, 0xFC, 0xDE, 0xFC, 0xDE, 0xFC, 0xDE, 0xFC, 0xDE, 0xFC, 0xDE, 0xFC, 0xDE,
    0xFC, 0xDE, 0xFC, 0xDE, 0xFC, 0xDE, 0xFC, 0xDE, 0xFC, 0xDE, 0xFC, 0xDE, 0xFC, 0xDE, 0xFC, 0xDE,
    0xFC, 0xDE, 0xFC, 0xDE, 0xFC, 0xDE, 0xFC, 0xDE, 0xFC, 0xDE, 0xFC, 0xDE, 0xFC, 0xDE, 0xFC, 0xDE,
    0xFC, 0xDE, 0xDC, 0xDE, 0x1C, 0xE7, 0xD7, 0xBD, 0x81, 0x08, 0x03, 0x4A, 0x8A, 0xFE, 0x69, 0xFE,
    0xC6, 0xED, 0xA5, 0xE5, 0xA5, 0xED, 0xA5, 0xED, 0xA5, 0xE5, 0xA5, 0xE5, 0xA5, 0xE5, 0xA5, 0xE5,
    0xA5, 0xE5, 0xA5, 0xE5, 0xA5, 0xE5, 0xA5, 0xE5, 0xA5, 0xE5, 0xA5, 0xE5, 0xA5, 0xE5, 0xA5, 0xE5,
    0xA5, 0xE5, 0xA5, 0xE5, 0xA5, 0xE5, 0xA5, 0xE5, 0xA5, 0xE5, 0xA5, 0xE5, 0xA5, 0xE5, 0xA5, 0xE5,
    0xA5, 0xE5, 0x86, 0xE5, 0x49, 0xF6, 0xCE, 0xFE, 0x44, 0x52, 0x00, 0x00, 0xA1, 0x79, 0xC0, 0xBA,
    0xA1, 0xBA, 0xA3, 0xE3, 0xA3, 0xE3, 0xE4, 0xD3, 0xE4, 0xDB, 0x22, 0xD3, 0xC2, 0xC2, 0xC2, 0xC2,
    0x81, 0xB2, 0x20, 0x59, 0x00, 0x08, 0xB3, 0x94, 0x5D, 0xEF, 0xDC, 0xDE, 0xF8, 0xC5, 0x97, 0xB5,
    0x6A, 0x52, 0x00, 0x00, 0x22, 0x72, 0x23, 0xEC, 0xC3, 0xE3, 0xA4, 0xD3, 0x23, 0xCB, 0x60, 0xB2,
    0x82, 0xAA, 0xC0, 0x40, 0x00, 0x08, 0xF1, 0x83, 0xF9, 0xBD, 0xCF, 0x6B, 0x40, 0x18, 0x21, 0x9A,
    0xE1, 0xC2, 0xC3, 0xDB, 0xC4, 0xE3, 0xA4, 0xDB, 0xA3, 0xDB, 0xA2, 0xAA, 0x60, 0x28, 0xA2, 0x20,
    0xA1, 0x30, 0x00, 0x08, 0xE8, 0x39, 0xD8, 0xBD, 0xB8, 0xB5, 0x19, 0xC6, 0x1D, 0xE7, 0x3D, 0xE7,
    0x1C, 0xDF, 0xFC, 0xDE, 0xFB, 0xDE, 0xFC, 0xDE, 0xFC, 0xDE, 0xFC, 0xDE, 0xFC, 0xDE, 0xFC, 0xDE,
    0xFC, 0xDE, 0xFC, 0xDE, 0xFC, 0xDE, 0xFC, 0xDE, 0xFC, 0xDE, 0xFC, 0xDE, 0xFC, 0xDE, 0xFC, 0xDE,
    0xFC, 0xDE, 0xFC, 0xDE, 0x9E, 0xF7, 0x9D, 0xF7, 0xBE, 0xF7, 0x59, 0xCE, 0x73, 0x8C, 0x94, 0x94,
    0x73, 0x8C, 0x56, 0xAD, 0x7A, 0xCE, 0x5A, 0xCE, 0x5A, 0xCE, 0xFC, 0xDE, 0x5D, 0xEF, 0x3C, 0xE7,
    0x9E, 0xF7, 0xAE, 0x73, 0x04, 0x21, 0x66, 0x29, 0x66, 0x29, 0x6D, 0x21, 0x71, 0x21, 0x71, 0x21,
    0x71, 0x21, 0x71, 0x21, 0x6D, 0x21, 0x86, 0x31, 0x86, 0x31, 0x45, 0x29, 0x49, 0x4A, 0xDB, 0xDE,
    0x3C, 0xE7, 0x1C, 0xE7, 0xFC, 0xDE, 0x7A, 0xCE, 0x7A, 0xCE, 0x7B, 0xCE, 0x97, 0xB5, 0x93, 0x8C,
    0x94, 0x94, 0x93, 0x8C, 0x7A, 0xCE, 0xBE, 0xFF, 0x9D, 0xF7, 0x9E, 0xF7, 0x3C, 0xE7, 0xDB, 0xDE,
    0xFC, 0xDE, 0xFC, 0xDE, 0xFC, 0xDE, 0xFC, 0xDE, 0xFC, 0xDE, 0xFC, 0xDE, 0xFC, 0xDE, 0xFC, 0xDE,
    0xFC, 0xDE, 0xFC, 0xDE, 0xFC, 0xDE, 0xFC, 0xDE, 0xDC, 0xDE, 0x1C, 0xE7, 0x59, 0xCE, 0xA7, 0x41,
    0xE3, 0x38, 0x46, 0x79, 0x46, 0x99, 0x67, 0xB9, 0xA7, 0xC9, 0xC7, 0xC1, 0x87, 0xA9, 0x61, 0x50,
    0xA2, 0x48, 0xC3, 0x40, 0xC2, 0x38, 0xA2, 0x40, 0x82, 0x40, 0x07, 0x5A, 0x95, 0xAD, 0x59, 0xCE,
    0x5D, 0xEF, 0x72, 0x94, 0x00, 0x10, 0x82, 0x58, 0xE4, 0x88, 0xE5, 0x90, 0xC4, 0x78, 0x00, 0x20,
    0xE7, 0x49, 0x1C, 0xDF, 0xFC, 0xDE, 0xFC, 0xE6, 0xFC, 0xDE, 0xFB, 0xDE, 0xFC, 0xDE, 0xFC, 0xDE,
    0xFC, 0xDE, 0xFC, 0xDE, 0xFC, 0xDE, 0xFC, 0xDE, 0xFC, 0xDE, 0xFC, 0xDE, 0xFC, 0xDE, 0xFC, 0xDE,
    0xFC, 0xDE, 0xFC, 0xDE, 0xFC, 0xDE, 0xFC, 0xDE, 0xFC, 0xDE, 0xFC, 0xDE, 0xFC, 0xDE, 0xFC, 0xDE,
    0xFC, 0xDE, 0xFC, 0xDE, 0xFC, 0xDE, 0xFC, 0xDE, 0xFC, 0xDE, 0xDC, 0xDE, 0x1C, 0xE7, 0xD7, 0xBD,
    0x81, 0x10, 0xE2, 0x49, 0x28, 0xF6, 0x27, 0xF6, 0xA6, 0xE5, 0x85, 0xE5, 0xA5, 0xE5, 0xA5, 0xE5,
    0xA5, 0xE5, 0xA5, 0xE5, 0xA5, 0xE5, 0xA5, 0xE5, 0xA5, 0xE5, 0xA5, 0xE5, 0xA5, 0xE5, 0xA5, 0xE5,
    0xA5, 0xE5, 0xA5, 0xE5, 0xA5, 0xE5, 0xA5, 0xE5, 0xA5, 0xE5, 0xA5, 0xE5, 0xA5, 0xE5, 0xA5, 0xED,
    0xA5, 0xE5, 0xA5, 0xE5, 0xA5, 0xE5, 0xA5, 0xE5, 0xA5, 0xE5, 0xA6, 0xE5, 0x48, 0xF6, 0xCC, 0xF6,
    0x25, 0x73, 0x21, 0x31, 0xC2, 0x69, 0x21, 0x92, 0x81, 0xA2, 0xA4, 0xE3, 0xA3, 0xE3, 0xA3, 0xDB,
    0xA3, 0xD3, 0xE2, 0xC2, 0x63, 0x9A, 0x62, 0x9A, 0x82, 0x92, 0xA4, 0x59, 0x24, 0x29, 0xF4, 0x9C,
    0x3D, 0xE7, 0xFC, 0xDE, 0xF8, 0xC5, 0x77, 0xAD, 0x6A, 0x4A, 0x20, 0x00, 0x23, 0x6A, 0x05, 0xE4,
    0xC3, 0xE3, 0xC3, 0xDB, 0x63, 0xD3, 0x41, 0xA2, 0x22, 0x8A, 0xA4, 0x49, 0x65, 0x29, 0x32, 0x94,
    0xD8, 0xBD, 0xCF, 0x73, 0x60, 0x18, 0x22, 0x8A, 0x03, 0xBB, 0xA3, 0xCB, 0xA3, 0xDB, 0xA4, 0xE3,
    0xA3, 0xDB, 0xE2, 0xB2, 0x21, 0x49, 0x89, 0x5A, 0x89, 0x52, 0x4D, 0x6B, 0x93, 0x8C, 0x97, 0xB5,
    0xD7, 0xB5, 0x35, 0xA5, 0xD7, 0xBD, 0xD6, 0xBD, 0x59, 0xD6, 0xFB, 0xE6, 0xFC, 0xDE, 0xFC, 0xDE,
    0xFC, 0xDE, 0xFC, 0xDE, 0xFC, 0xDE, 0xFC, 0xDE, 0xFC, 0xDE, 0xFC, 0xDE, 0xFC, 0xDE, 0xFC, 0xDE,
    0xFC, 0xDE, 0xFC, 0xDE, 0xFC, 0xDE, 0xFC, 0xDE, 0xDC, 0xDE, 0xFC, 0xE6, 0x9E, 0xF7, 0x9D, 0xF7,
    0xBE, 0xF7, 0x59, 0xCE, 0x73, 0x8C, 0x94, 0x94, 0x93, 0x8C, 0x56, 0xAD, 0x7A, 0xCE, 0x5A, 0xCE,
    0x5A, 0xCE, 0xDC, 0xDE, 0x5D, 0xEF, 0x3C, 0xE7, 0x9E, 0xF7, 0xAE, 0x73, 0x04, 0x21, 0x66, 0x31,
    0x66, 0x29, 0x6D, 0x21, 0x71, 0x21, 0x71, 0x21, 0x71, 0x21, 0x71, 0x21, 0x6D, 0x21, 0x86, 0x31,
    0x86, 0x31, 0x45, 0x29, 0x49, 0x4A, 0xDB, 0xDE, 0x3C, 0xE7, 0x1C, 0xE7, 0xFC, 0xDE, 0x7A, 0xCE,
    0x7A, 0xCE, 0x9B, 0xD6, 0x97, 0xB5, 0x93, 0x8C, 0x94, 0x94, 0x93, 0x8C, 0x7A, 0xCE, 0xBE, 0xFF,
    0x9D, 0xF7, 0x9E, 0xF7, 0x3C, 0xE7, 0xDB, 0xDE, 0xFC, 0xDE, 0xFC, 0xDE, 0xFC, 0xDE, 0xFC, 0xDE,
    0xFC, 0xDE, 0xFC, 0xDE, 0xFC, 0xDE, 0xFC, 0xDE, 0xFC, 0xDE, 0xFC, 0xDE, 0xFC, 0xDE, 0xDC, 0xE6,
    0xDC, 0xDE, 0xFC, 0xE6, 0xBB, 0xCE, 0x15, 0x9D, 0xF4, 0x9C, 0x08, 0x52, 0x41, 0x20, 0xE5, 0x78,
    0x25, 0xB9, 0x24, 0xA9, 0x66, 0xB9, 0x29, 0xDA, 0x69, 0xDA, 0x8B, 0xDA, 0x6B, 0xDA, 0x2A, 0xCA,
    0x09, 0xC2, 0x66, 0x79, 0x61, 0x18, 0x10, 0x84, 0x7E, 0xF7, 0x55, 0xB5, 0xCB, 0x62, 0x29, 0x52,
    0x04, 0x39, 0xE4, 0x38, 0xE8, 0x49, 0x6A, 0x5A, 0xCF, 0x7B, 0xFC, 0xD6, 0xFC, 0xDE, 0xFC, 0xE6,
    0xFC, 0xDE, 0xFC, 0xDE, 0xFC, 0xDE, 0xFC, 0xDE, 0xFC, 0xDE, 0xFC, 0xDE, 0xFC, 0xDE, 0xFC, 0xDE,
    0xFC, 0xDE, 0xFC, 0xDE, 0xFC, 0xDE, 0xFC, 0xDE, 0xFC, 0xDE, 0xFC, 0xDE, 0xFC, 0xDE, 0xFC, 0xDE,
    0xFC, 0xDE, 0xFC, 0xDE, 0xFC, 0xDE, 0xFC, 0xDE, 0xFC, 0xDE, 0xFC, 0xDE, 0xFC, 0xDE, 0xFC, 0xDE,
    0xFC, 0xDE, 0xDC, 0xDE, 0x3D, 0xE7, 0xD7, 0xBD, 0x61, 0x08, 0xC2, 0x49, 0x45, 0xDD, 0x23, 0xDD,
    0x85, 0xE5, 0xA5, 0xED, 0xA5, 0xE5, 0xA5, 0xE5, 0xA5, 0xE5, 0xA5, 0xE5, 0xA6, 0xE5, 0xA6, 0xE5,
    0xA6, 0xE5, 0xA6, 0xE5, 0xA6, 0xE5, 0xA6, 0xE5, 0xA6, 0xE5, 0xA6, 0xE5, 0xA6, 0xE5, 0xA6, 0xE5,
    0xA6, 0xE5, 0xA6, 0xE5, 0xA6, 0xE5, 0xA6, 0xED, 0xA5, 0xE5, 0xA6, 0xE5, 0xA5, 0xE5, 0xA5, 0xE5,
    0xA5, 0xED, 0xA5, 0xE5, 0x27, 0xEE, 0xAA, 0xFE, 0x2A, 0xEE, 0x2B, 0xEE, 0x04, 0x5A, 0x41, 0x10,
    0xC1, 0x69, 0xE5, 0xE3, 0xC3, 0xDB, 0xC1, 0xC2, 0x80, 0xC2, 0x61, 0xA2, 0x60, 0x28, 0x20, 0x10,
    0x20, 0x10, 0xAE, 0x83, 0x76, 0xAD, 0x39, 0xC6, 0xFC, 0xDE, 0xFC, 0xDE, 0xDB, 0xDE, 0xFC, 0xDE,
    0xEB, 0x52, 0x00, 0x00, 0x03, 0x7A, 0x05, 0xEC, 0xC3, 0xE3, 0xE3, 0xE3, 0x26, 0xD4, 0x82, 0x59,
    0xA2, 0x20, 0x31, 0x84, 0x15, 0x9D, 0x19, 0xC6, 0x1D, 0xE7, 0x92, 0x94, 0x00, 0x08, 0x82, 0x69,
    0x85, 0xD3, 0xC1, 0xBA, 0xC1, 0xC2, 0xA3, 0xDB, 0xC3, 0xDB, 0x04, 0xE4, 0x47, 0xDC, 0x24, 0x62,
    0xA3, 0x10, 0xD4, 0x9C, 0xD9, 0xB5, 0xF9, 0xBD, 0x3C, 0xE7, 0x49, 0x42, 0xC3, 0x08, 0x83, 0x08,
    0x52, 0x8C, 0x3D, 0xEF, 0xDC, 0xDE, 0xFC, 0xDE, 0xFC, 0xDE, 0xFC, 0xDE, 0xFC, 0xDE, 0xFC, 0xDE,
    0xFC, 0xDE, 0xFC, 0xDE, 0xFC, 0xDE, 0xFC, 0xDE, 0xFC, 0xDE, 0xFC, 0xDE, 0xFC, 0xDE, 0xFC, 0xDE,
    0xDC, 0xDE, 0xFC, 0xE6, 0x9E, 0xF7, 0x9D, 0xF7, 0xBE, 0xF7, 0x59, 0xCE, 0x73, 0x8C, 0x94, 0x94,
    0x93, 0x8C, 0x56, 0xAD, 0x7A, 0xCE, 0x5A, 0xCE, 0x5A, 0xCE, 0xDC, 0xDE, 0x5D, 0xEF, 0x3C, 0xE7,
    0x9E, 0xF7, 0xAE, 0x73, 0x04, 0x21, 0x66, 0x31, 0x66, 0x29, 0x6D, 0x21, 0x71, 0x21, 0x71, 0x21,
    0x71, 0x21, 0x71, 0x21, 0x6D, 0x21, 0x86, 0x31, 0x86, 0x31, 0x45, 0x29, 0x69, 0x4A, 0xDB, 0xDE,
    0x3C, 0xE7, 0x1C, 0xE7, 0xFC, 0xDE, 0x7A, 0xCE, 0x7A, 0xCE, 0x9B, 0xD6, 0xB7, 0xB5, 0x93, 0x8C,
    0x94, 0x94, 0x93, 0x8C, 0x7A, 0xCE, 0xBE, 0xFF, 0x9D, 0xF7, 0x9E, 0xF7, 0x3C, 0xE7, 0xFB, 0xDE,
    0xFC, 0xDE, 0xFC, 0xDE, 0xFC, 0xDE, 0xFC, 0xDE, 0xFC, 0xDE, 0xFC, 0xDE, 0xFC, 0xDE, 0xFC, 0xDE,
    0xFC, 0xDE, 0xFC, 0xDE, 0xFC, 0xDE, 0xFC, 0xDE, 0xFC, 0xDE, 0xFC, 0xE6, 0xDB, 0xD6, 0x76, 0xA5,
    0x76, 0xAD, 0x0C, 0x5B, 0x25, 0x29, 0x46, 0x69, 0x26, 0x99, 0x25, 0x99, 0x66, 0xA9, 0x6A, 0xC2,
    0x49, 0xC2, 0x6A, 0xDA, 0x8B, 0xE2, 0x49, 0xDA, 0x09, 0xD2, 0x45, 0x79, 0x00, 0x08, 0x8F, 0x7B,
    0x3D, 0xE7, 0x5A, 0xCE, 0x76, 0xAD, 0x35, 0xA5, 0xF4, 0x9C, 0xF4, 0x9C, 0x35, 0x9D, 0x56, 0xAD,
    0xD8, 0xB5, 0xFC, 0xDE, 0xDC, 0xE6, 0xFB, 0xDE, 0xFB, 0xDE, 0xFC, 0xDE, 0xDC, 0xE6, 0xFC, 0xDE,
    0xFC, 0xDE, 0xFC, 0xDE, 0xFC, 0xDE, 0xFC, 0xDE, 0xFC, 0xDE, 0xFC, 0xDE, 0xFC, 0xDE, 0xFC, 0xDE,
    0xFC, 0xDE, 0xFC, 0xDE, 0xFC, 0xDE, 0xFC, 0xDE, 0xFC, 0xDE, 0xFC, 0xDE, 0xFC, 0xDE, 0xFC, 0xDE,
    0xFC, 0xDE, 0xFC, 0xDE, 0xFC, 0xDE, 0xFB, 0xDE, 0xFC, 0xDE, 0xDC, 0xDE, 0x1D, 0xE7, 0xD7, 0xBD,
    0x41, 0x08, 0xA1, 0x49, 0x45, 0xDD, 0x44, 0xDD, 0x85, 0xE5, 0xA5, 0xED, 0xA6, 0xE5, 0xA6, 0xE5,
    0xA6, 0xE5, 0xA6, 0xE5, 0xA6, 0xE5, 0xA6, 0xE5, 0xA6, 0xE5, 0xA6, 0xE5, 0xA6, 0xE5, 0xA6, 0xE5,
    0xA6, 0xE5, 0xA6, 0xE5, 0xA6, 0xE5, 0xA6, 0xE5, 0xA6, 0xE5, 0xA6, 0xE5, 0xA6, 0xE5, 0xA6, 0xED,
    0xA5, 0xED, 0xA6, 0xE5, 0xA5, 0xE5, 0xA5, 0xE5, 0xA5, 0xE5, 0xA5, 0xE5, 0xE8, 0xED, 0x4A, 0xFE,
    0x8A, 0xFE, 0xEC, 0xFE, 0x64, 0x5A, 0x20, 0x08, 0xA2, 0x51, 0xE5, 0xDB, 0xC4, 0xDB, 0xA3, 0xAA,
    0x42, 0xA2, 0xA4, 0xA2, 0xA5, 0x49, 0x45, 0x29, 0x87, 0x31, 0x52, 0x8C, 0xD8, 0xBD, 0x7A, 0xD6,
    0xFD, 0xDE, 0xDC, 0xDE, 0xDB, 0xDE, 0x3D, 0xE7, 0x4D, 0x63, 0x41, 0x08, 0x44, 0x72, 0xE6, 0xD3,
    0xC4, 0xDB, 0xE3, 0xE3, 0xE5, 0xD3, 0x62, 0x49, 0xA2, 0x10, 0xB3, 0x8C, 0x98, 0xB5, 0x79, 0xCE,
    0x7E, 0xEF, 0xD4, 0x9C, 0x82, 0x08, 0xC4, 0x51, 0x45, 0xBB, 0x42, 0x9A, 0x81, 0xAA, 0x43, 0xD3,
    0x83, 0xDB, 0x24, 0xE4, 0x86, 0xF4, 0xE2, 0x69, 0x21, 0x00, 0x32, 0x8C, 0xD8, 0xBD, 0x3A, 0xCE,
    0xDB, 0xDE, 0xE6, 0x51, 0x81, 0x51, 0x01, 0x39, 0xAF, 0x7B, 0xFB, 0xDE, 0xDC, 0xDE, 0xDC, 0xDE,
    0xFC, 0xDE, 0xFC, 0xDE, 0xFC, 0xDE, 0xFC, 0xDE, 0xFC, 0xDE, 0xFC, 0xDE, 0xFC, 0xDE, 0xFC, 0xDE,
    0xFC, 0xDE, 0xFC, 0xDE, 0xFC, 0xDE, 0xFC, 0xDE, 0xFC, 0xDE, 0xFC, 0xE6, 0x9E, 0xF7, 0x9D, 0xF7,
    0xBE, 0xF7, 0x59, 0xCE, 0x73, 0x8C, 0x94, 0x94, 0x93, 0x8C, 0x56, 0xAD, 0x7A, 0xCE, 0x5A, 0xCE,
    0x5A, 0xCE, 0xDC, 0xDE, 0x5D, 0xEF, 0x3C, 0xE7, 0x9E, 0xF7, 0xAE, 0x73, 0x05, 0x21, 0x66, 0x31,
    0x66, 0x29, 0x6D, 0x21, 0x71, 0x21, 0x71, 0x21, 0x71, 0x21, 0x71, 0x21, 0x6D, 0x21, 0x86, 0x31,
    0x86, 0x31, 0x45, 0x29, 0x69, 0x4A, 0xDB, 0xDE, 0x3C, 0xE7, 0x1C, 0xE7, 0xFC, 0xDE, 0x7A, 0xCE,
    0x7A, 0xCE, 0x7B, 0xCE, 0xB7, 0xB5, 0x93, 0x8C, 0x94, 0x94, 0x93, 0x8C, 0x7A, 0xCE, 0xBE, 0xF7,
    0x9D, 0xF7, 0x9E, 0xF7, 0x3C, 0xE7, 0xFB, 0xDE, 0xFC, 0xDE, 0xFC, 0xDE, 0xFC, 0xDE, 0xFC, 0xDE,
    0xFC, 0xDE, 0xFC, 0xDE, 0xFC, 0xDE, 0xFC, 0xDE, 0xFC, 0xDE, 0xFC, 0xDE, 0xFC, 0xDE, 0xFC, 0xDE,
    0xFB, 0xDE, 0xDC, 0xE6, 0xDC, 0xDE, 0x9B, 0xD6, 0xBB, 0xDE, 0x76, 0xB5, 0x15, 0xA5, 0x4A, 0x62,
    0x20, 0x28, 0x41, 0x40, 0x41, 0x38, 0x82, 0x30, 0x82, 0x38, 0x45, 0x91, 0x66, 0xC9, 0xA7, 0xC9,
    0xE9, 0xD1, 0x25, 0x81, 0x01, 0x08, 0xAF, 0x73, 0x5D, 0xEF, 0xDB, 0xDE, 0x39, 0xC6, 0x39, 0xC6,
    0x7A, 0xD6, 0x79, 0xD6, 0x39, 0xC6, 0x19, 0xC6, 0x7B, 0xCE, 0xFC, 0xE6, 0xFB, 0xE6, 0xFC, 0xDE,
    0xFC, 0xDE, 0xDC, 0xE6, 0xDC, 0xE6, 0xFC, 0xDE, 0xFC, 0xDE, 0xDC, 0xDE, 0xDC, 0xDE, 0xDC, 0xDE,
    0xFB, 0xDE, 0xFC, 0xDE, 0xFC, 0xDE, 0xFC, 0xDE, 0xFC, 0xDE, 0xFC, 0xDE, 0xFC, 0xDE, 0xFC, 0xDE,
    0xFC, 0xDE, 0xFC, 0xDE, 0xFC, 0xDE, 0xFC, 0xDE, 0xFC, 0xDE, 0xFC, 0xDE, 0xFC, 0xDE, 0xFC, 0xDE,
    0xFC, 0xDE, 0xDB, 0xDE, 0x1C, 0xE7, 0xD7, 0xBD, 0x41, 0x08, 0xA2, 0x41, 0xC6, 0xED, 0x85, 0xED,
    0x85, 0xED, 0x85, 0xED, 0xA6, 0xED, 0xA5, 0xE5, 0xA5, 0xE5, 0xA5, 0xE5, 0xA5, 0xE5, 0xA6, 0xE5,
    0xA5, 0xE5, 0xA5, 0xE5, 0xA6, 0xE5, 0xA6, 0xE5, 0xA5, 0xE5, 0xA6, 0xE5, 0xA6, 0xE5, 0xA6, 0xE5,
    0xA6, 0xE5, 0xA6, 0xE5, 0xA6, 0xE5, 0xA6, 0xED, 0xA5, 0xED, 0xA6, 0xE5, 0xA6, 0xE5, 0xA5, 0xE5,
    0xA5, 0xE5, 0xA5, 0xE5, 0x86, 0xED, 0xA6, 0xE5, 0x28, 0xEE, 0xED, 0xFE, 0x89, 0xA4, 0x60, 0x00,
    0xA1, 0x30, 0x62, 0xAA, 0xA2, 0xBA, 0x01, 0x51, 0x81, 0x28, 0x02, 0x39, 0x91, 0x94, 0x36, 0xAD,
    0x16, 0xA5, 0x19, 0xC6, 0xBB, 0xD6, 0xDB, 0xDE, 0xFC, 0xDE, 0xFC, 0xDE, 0xDB, 0xDE, 0xFC, 0xDE,
    0x56, 0xAD, 0x93, 0x8C, 0xAD, 0x7B, 0x01, 0x39, 0xE3, 0xA2, 0xE4, 0xEB, 0xA5, 0xD3, 0x42, 0x49,
    0xE3, 0x20, 0xD7, 0xBD, 0xDC, 0xDE, 0xDA, 0xDE, 0x1C, 0xE7, 0x19, 0xCE, 0x73, 0x94, 0xD3, 0x9C,
    0x68, 0x62, 0x60, 0x28, 0x62, 0x92, 0xC1, 0xBA, 0xA1, 0xBA, 0xA3, 0xDB, 0xE4, 0xEB, 0xA3, 0x92,
    0x00, 0x08, 0xEF, 0x83, 0xFC, 0xDE, 0x3D, 0xE7, 0x56, 0xA5, 0x41, 0x49, 0x26, 0xDC, 0x66, 0xBB,
    0xE3, 0x30, 0x49, 0x42, 0x9B, 0xD6, 0x1C, 0xE7, 0xDC, 0xDE, 0xFC, 0xDE, 0xFC, 0xDE, 0xFC, 0xDE,
    0xFC, 0xDE, 0xFC, 0xDE, 0xFC, 0xDE, 0xFC, 0xDE, 0xFC, 0xDE, 0xFC, 0xDE, 0xFC, 0xDE, 0xFC, 0xDE,
    0xFC, 0xDE, 0xFC, 0xE6, 0x9E, 0xF7, 0x9D, 0xF7, 0xBE, 0xF7, 0x59, 0xCE, 0x73, 0x8C, 0x94, 0x94,
    0x73, 0x8C, 0x56, 0xAD, 0x7A, 0xCE, 0x5A, 0xCE, 0x5A, 0xCE, 0xFC, 0xDE, 0x5D, 0xEF, 0x3C, 0xE7,
    0x9E, 0xF7, 0xAE, 0x73, 0x05, 0x21, 0x66, 0x31, 0x66, 0x29, 0x6D, 0x21, 0x71, 0x21, 0x71, 0x21,
    0x71, 0x21, 0x71, 0x21, 0x6D, 0x21, 0x86, 0x31, 0x86, 0x31, 0x45, 0x29, 0x49, 0x4A, 0xBB, 0xD6,
    0x3C, 0xE7, 0x1C, 0xE7, 0xFC, 0xDE, 0x7A, 0xCE, 0x7A, 0xCE, 0x7B, 0xCE, 0xB7, 0xB5, 0x93, 0x8C,
    0xB4, 0x94, 0x93, 0x8C, 0x7A, 0xCE, 0xBE, 0xF7, 0x9D, 0xF7, 0x9E, 0xF7, 0x3C, 0xE7, 0xFB, 0xDE,
    0xFC, 0xDE, 0xFC, 0xDE, 0xFC, 0xDE, 0xFC, 0xDE, 0xFC, 0xDE, 0xFC, 0xDE, 0xFC, 0xDE, 0xFC, 0xDE,
    0xFC, 0xDE, 0xFC, 0xDE, 0xFC, 0xDE, 0xFC, 0xDE, 0xFC, 0xDE, 0xFC, 0xDE, 0xFC, 0xDE, 0xFC, 0xDE,
    0x1C, 0xE7, 0xB7, 0xBD, 0x76, 0xAD, 0x8B, 0x5A, 0x21, 0x18, 0x41, 0x20, 0x61, 0x18, 0xE3, 0x20,
    0xC3, 0x20, 0x25, 0x81, 0x26, 0xB1, 0x87, 0xB9, 0x08, 0xD2, 0x46, 0x89, 0x22, 0x18, 0xCE, 0x83,
    0x3C, 0xEF, 0xDC, 0xDE, 0xFC, 0xDE, 0x1C, 0xDF, 0xFB, 0xDE, 0xDB, 0xDE, 0xDC, 0xDE, 0xFC, 0xDE,
    0xFC, 0xDE, 0xDC, 0xDE, 0xDB, 0xDE, 0xDB, 0xD6, 0xDC, 0xDE, 0xFC, 0xDE, 0xFB, 0xDE, 0xFB, 0xDE,
    0xDC, 0xDE, 0xDC, 0xDE, 0xDC, 0xDE, 0xFC, 0xDE, 0xFB, 0xDE, 0xFC, 0xDE, 0xFC, 0xDE, 0xFC, 0xDE,
    0xFC, 0xDE, 0xFC, 0xDE, 0xFC, 0xDE, 0xFC, 0xDE, 0xFC, 0xDE, 0xFC, 0xDE, 0xFC, 0xDE, 0xFC, 0xDE,
    0xFC, 0xDE, 0xFC, 0xDE, 0xFC, 0xDE, 0xFC, 0xDE, 0xFC, 0xDE, 0xFB, 0xDE, 0x1C, 0xE7, 0xB7, 0xBD,
    0x82, 0x08, 0xE1, 0x49, 0xC5, 0xED, 0xA5, 0xE5, 0xA5, 0xED, 0x85, 0xED, 0xA6, 0xE5, 0xA5, 0xE5,
    0xA5, 0xE5, 0xA5, 0xED, 0xA6, 0xE5, 0xA6, 0xED, 0xA6, 0xED, 0xA5, 0xE5, 0xA6, 0xE5, 0xA6, 0xE5,
    0xA5, 0xE5, 0xA5, 0xE5, 0xA6, 0xE5, 0xA6, 0xE5, 0xA6, 0xE5, 0xA6, 0xE5, 0xA6, 0xE5, 0xA6, 0xE5,
    0xA6, 0xE5, 0xA6, 0xE5, 0xA6, 0xE5, 0xA5, 0xE5, 0xA5, 0xE5, 0xA5, 0xE5, 0x85, 0xED, 0x85, 0xE5,
    0xE7, 0xED, 0xCC, 0xFE, 0x09, 0xBD, 0xC0, 0x18, 0xA0, 0x20, 0x02, 0x82, 0x83, 0x9A, 0x21, 0x41,
    0xC4, 0x20, 0x04, 0x21, 0xB2, 0x8C, 0xB7, 0xAD, 0x36, 0xAD, 0x59, 0xCE, 0xFC, 0xE6, 0xDC, 0xDE,
    0xDC, 0xDE, 0xFC, 0xDE, 0xFC, 0xDE, 0xFC, 0xDE, 0xF8, 0xBD, 0x77, 0xAD, 0xF0, 0x7B, 0x61, 0x10,
    0x83, 0x92, 0xE4, 0xEB, 0xC5, 0xD3, 0x42, 0x49, 0x04, 0x21, 0x18, 0xC6, 0x1D, 0xDF, 0xDB, 0xDE,
    0xFC, 0xE6, 0x9A, 0xD6, 0x56, 0xAD, 0x76, 0xAD, 0x69, 0x52, 0x00, 0x08, 0x63, 0x92, 0xC2, 0xB2,
    0x81, 0xB2, 0x63, 0xD3, 0xA4, 0xE3, 0x83, 0x9A, 0x00, 0x00, 0xCF, 0x7B, 0x1D, 0xEF, 0x3D, 0xE7,
    0x34, 0xA5, 0x20, 0x41, 0x25, 0xDC, 0x87, 0xBB, 0xA0, 0x28, 0x64, 0x31, 0x39, 0xCE, 0xFC, 0xDE,
    0xDC, 0xDE, 0xFC, 0xDE, 0xFC, 0xDE, 0xFC, 0xDE, 0xFB, 0xDE, 0xFB, 0xDE, 0xFC, 0xDE, 0xFC, 0xDE,
    0xFC, 0xDE, 0xFC, 0xDE, 0xFC, 0xDE, 0xFC, 0xDE, 0xDC, 0xDE, 0xFC, 0xE6, 0x9E, 0xF7, 0x9D, 0xF7,
    0xBE, 0xF7, 0x59, 0xCE, 0x73, 0x94, 0x94, 0x94, 0x73, 0x8C, 0x56, 0xAD, 0x7A, 0xCE, 0x5A, 0xCE,
    0x5A, 0xCE, 0xFC, 0xDE, 0x5D, 0xE7, 0x3C, 0xE7, 0x9E, 0xF7, 0xAE, 0x73, 0x04, 0x21, 0x86, 0x31,
    0x66, 0x29, 0x6D, 0x21, 0x71, 0x21, 0x71, 0x21, 0x71, 0x21, 0x71, 0x21, 0x6D, 0x21, 0x86, 0x31,
    0x86, 0x31, 0x45, 0x29, 0x49, 0x4A, 0xBB, 0xD6, 0x3C, 0xE7, 0x1C, 0xE7, 0xFC, 0xDE, 0x7A, 0xCE,
    0x7A, 0xCE, 0x7B, 0xCE, 0xB7, 0xB5, 0x93, 0x8C, 0xB4, 0x94, 0x93, 0x8C, 0x7A, 0xCE, 0xBE, 0xF7,
    0x9D, 0xF7, 0x9E, 0xF7, 0x3C, 0xE7, 0xFB, 0xDE, 0xFC, 0xDE, 0xFC, 0xDE, 0xFC, 0xDE, 0xFC, 0xDE,
    0xFC, 0xDE, 0xFC, 0xDE, 0xFC, 0xDE, 0xFC, 0xDE, 0xFC, 0xDE, 0xFC, 0xDE, 0xFC, 0xDE, 0xFC, 0xDE,
    0xFC, 0xDE, 0xFC, 0xDE, 0xFC, 0xDE, 0xFC, 0xDE, 0xFC, 0xDE, 0x9A, 0xD6, 0x7A, 0xCE, 0x15, 0xA5,
    0xF1, 0x93, 0x11, 0x8C, 0x31, 0x8C, 0x93, 0x94, 0x73, 0x94, 0x86, 0x51, 0x41, 0x38, 0xE4, 0x80,
    0x66, 0xB1, 0x86, 0xA9, 0xA7, 0xA1, 0x08, 0x7A, 0x69, 0x4A, 0xCF, 0x7B, 0xFC, 0xDE, 0x59, 0xC6,
    0xEB, 0x5A, 0x8A, 0x4A, 0x6A, 0x4A, 0x69, 0x52, 0x69, 0x4A, 0x6A, 0x4A, 0x49, 0x4A, 0x49, 0x52,
    0xAB, 0x5A, 0x17, 0xBE, 0x3C, 0xE7, 0xDB, 0xDE, 0xFB, 0xDE, 0xFB, 0xDE, 0x1B, 0xDF, 0xFB, 0xDE,
    0xFC, 0xDE, 0xFC, 0xDE, 0xFC, 0xDE, 0xFC, 0xDE, 0xFC, 0xDE, 0xFC, 0xDE, 0xFC, 0xDE, 0xFC, 0xDE,
    0xFC, 0xDE, 0xFC, 0xDE, 0xFC, 0xDE, 0xFC, 0xDE, 0xFC, 0xDE, 0xFC, 0xDE, 0xFC, 0xDE, 0xFC, 0xDE,
    0xFD, 0xDE, 0xFB, 0xDE, 0x3C, 0xE7, 0xD7, 0xC5, 0x81, 0x10, 0xC1, 0x49, 0xC3, 0xD4, 0xC2, 0xD4,
    0x64, 0xDD, 0x65, 0xDD, 0xA4, 0xE5, 0x85, 0xED, 0x86, 0xED, 0xA6, 0xED, 0xA6, 0xE5, 0xA6, 0xED,
    0xA5, 0xED, 0xA5, 0xED, 0x86, 0xED, 0x86, 0xED, 0x85, 0xED, 0xA5, 0xE5, 0xA6, 0xE5, 0xA6, 0xE5,
    0xA6, 0xE5, 0xA6, 0xE5, 0xA6, 0xE5, 0xA6, 0xE5, 0xA6, 0xE5, 0xA6, 0xE5, 0xA6, 0xE5, 0xA5, 0xE5,
    0xA5, 0xE5, 0xA5, 0xE5, 0xA5, 0xE5, 0xA5, 0xE5, 0xC6, 0xED, 0x08, 0xEE, 0xC9, 0xDD, 0x4B, 0xC5,
    0xE6, 0x72, 0xA1, 0x28, 0x02, 0x39, 0x8D, 0x73, 0xD5, 0x9C, 0xD3, 0x9C, 0x59, 0xC6, 0x9B, 0xCE,
    0x9B, 0xCE, 0xBB, 0xDE, 0xDB, 0xDE, 0xDB, 0xDE, 0xDC, 0xDE, 0xDC, 0xDE, 0xDC, 0xDE, 0xFC, 0xDE,
    0x9A, 0xD6, 0x7A, 0xCE, 0xD3, 0x94, 0xA2, 0x10, 0x82, 0x92, 0xE4, 0xE3, 0xE6, 0xD3, 0x82, 0x49,
    0x04, 0x19, 0xD7, 0xC5, 0xFC, 0xE6, 0xDC, 0xDE, 0xFC, 0xDE, 0xDB, 0xD6, 0x5A, 0xC6, 0x59, 0xC6,
    0xE6, 0x39, 0x40, 0x49, 0x04, 0xAB, 0x41, 0x51, 0xE1, 0x48, 0x62, 0x9A, 0xE4, 0xBA, 0xA2, 0x61,
    0x62, 0x08, 0x52, 0x84, 0x1D, 0xEF, 0xFC, 0xDE, 0x39, 0xC6, 0x0B, 0x63, 0x62, 0x49, 0x82, 0x59,
    0xE4, 0x92, 0x25, 0x9B, 0x27, 0x5A, 0x8A, 0x52, 0x18, 0xC6, 0x1C, 0xE7, 0xDC, 0xDE, 0xFC, 0xDE,
    0xFC, 0xDE, 0xFC, 0xDE, 0xFC, 0xDE, 0xFC, 0xDE, 0xFC, 0xDE, 0xFC, 0xDE, 0xFC, 0xDE, 0xFC, 0xDE,
    0xDC, 0xDE, 0xFC, 0xE6, 0x9E, 0xF7, 0x9D, 0xF7, 0xBE, 0xF7, 0x59, 0xCE, 0x73, 0x8C, 0x94, 0x94,
    0x73, 0x8C, 0x56, 0xAD, 0x7A, 0xCE, 0x7A, 0xCE, 0x5A, 0xCE, 0xFC, 0xDE, 0x5D, 0xEF, 0x3C, 0xE7,
    0x9E, 0xF7, 0xAE, 0x73, 0x04, 0x21, 0x86, 0x31, 0x66, 0x29, 0x6D, 0x21, 0x71, 0x21, 0x71, 0x21,
    0x71, 0x21, 0x71, 0x21, 0x6D, 0x21, 0x66, 0x29, 0x66, 0x29, 0x45, 0x29, 0x49, 0x4A, 0xDB, 0xDE,
    0x3D, 0xE7, 0x1C, 0xE7, 0xFC, 0xDE, 0x7A, 0xCE, 0x7A, 0xCE, 0x7B, 0xCE, 0xB7, 0xB5, 0x93, 0x8C,
    0xB4, 0x94, 0x93, 0x8C, 0x7A, 0xCE, 0xBE, 0xF7, 0x9D, 0xF7, 0x9E, 0xF7, 0x3C, 0xE7, 0xFB, 0xDE,
    0xFC, 0xDE, 0xFC, 0xDE, 0xFC, 0xDE, 0xFC, 0xDE, 0xFC, 0xDE, 0xFC, 0xDE, 0xFC, 0xDE, 0xFC, 0xDE,
    0xFC, 0xDE, 0xFC, 0xDE, 0xFC, 0xDE, 0xFC, 0xDE, 0xFC, 0xDE, 0xFC, 0xDE, 0xFC, 0xDE, 0xFC, 0xDE,
    0xFC, 0xDE, 0xFC, 0xDE, 0x1D, 0xDF, 0x39, 0xC6, 0x56, 0xAD, 0x77, 0xB5, 0x97, 0xAD, 0x77, 0xAD,
    0x56, 0xAD, 0x86, 0x29, 0x00, 0x00, 0xA4, 0x60, 0x46, 0xA9, 0x87, 0xC9, 0x29, 0xE2, 0x25, 0x71,
    0x01, 0x00, 0x4A, 0x4A, 0x3E, 0xEF, 0x19, 0xC6, 0xC4, 0x18, 0x62, 0x08, 0x62, 0x08, 0x61, 0x08,
    0x62, 0x08, 0x62, 0x00, 0x61, 0x00, 0x82, 0x08, 0xA4, 0x18, 0x56, 0xAD, 0x3E, 0xEF, 0xFC, 0xDE,
    0x1D, 0xE7, 0x1C, 0xDF, 0xFB, 0xDE, 0xFB, 0xDE, 0xDC, 0xDE, 0xDC, 0xDE, 0xFC, 0xDE, 0xFC, 0xDE,
    0xFC, 0xDE, 0xFC, 0xDE, 0xFC, 0xDE, 0xFC, 0xDE, 0xFC, 0xDE, 0xFC, 0xDE, 0xFC, 0xDE, 0xFC, 0xDE,
    0xFC, 0xDE, 0xFC, 0xDE, 0xFC, 0xDE, 0xFC, 0xDE, 0xFC, 0xDE, 0xDC, 0xDE, 0x3D, 0xE7, 0xD7, 0xBD,
    0x20, 0x08, 0x81, 0x41, 0xC5, 0xD4, 0x82, 0xCC, 0x03, 0xD5, 0x24, 0xDD, 0x85, 0xE5, 0x86, 0xED,
    0xA6, 0xED, 0xC6, 0xE5, 0xA6, 0xE5, 0xC5, 0xE5, 0xC5, 0xE5, 0xA5, 0xE5, 0x86, 0xE5, 0xA6, 0xE5,
    0xA5, 0xE5, 0xA6, 0xE5, 0xA5, 0xE5, 0xA5, 0xE5, 0xA6, 0xE5, 0xA6, 0xE5, 0xA6, 0xE5, 0xA6, 0xE5,
    0xA6, 0xE5, 0xA6, 0xE5, 0xA6, 0xE5, 0xA5, 0xE5, 0xA5, 0xE5, 0xA5, 0xE5, 0xA5, 0xE5, 0xA5, 0xE5,
    0x85, 0xED, 0x84, 0xDD, 0x07, 0xEE, 0x2D, 0xFF, 0xC6, 0x93, 0x00, 0x00, 0x40, 0x08, 0x8D, 0x6B,
    0x36, 0xA5, 0x97, 0xB5, 0xFC, 0xE6, 0xFC, 0xE6, 0xFC, 0xE6, 0xFC, 0xDE, 0xDB, 0xDE, 0xDC, 0xDE,
    0xDC, 0xDE, 0xDC, 0xDE, 0xDC, 0xDE, 0xFC, 0xDE, 0xDC, 0xDE, 0x3C, 0xEF, 0x55, 0xAD, 0x82, 0x10,
    0x82, 0x92, 0xE3, 0xEB, 0x84, 0xC3, 0x01, 0x41, 0xC2, 0x18, 0xF7, 0xC5, 0x3C, 0xEF, 0xDC, 0xDE,
    0xDC, 0xDE, 0xDC, 0xDE, 0xFC, 0xE6, 0xFC, 0xDE, 0xA6, 0x31, 0x21, 0x7A, 0x84, 0xC3, 0x80, 0x20,
    0x41, 0x08, 0xE1, 0x38, 0xA0, 0x38, 0xC2, 0x28, 0xF0, 0x7B, 0xF9, 0xBD, 0x1C, 0xE7, 0xFB, 0xE6,
    0xFD, 0xDE, 0xF0, 0x73, 0x00, 0x00, 0xC1, 0x30, 0xA5, 0xC3, 0x84, 0xCB, 0xA0, 0x28, 0xA3, 0x10,
    0xB6, 0xB5, 0x1C, 0xE7, 0xDB, 0xDE, 0xFC, 0xDE, 0xFC, 0xDE, 0xFC, 0xDE, 0xFC, 0xDE, 0xFC, 0xDE,
    0xFC, 0xDE, 0xFC, 0xDE, 0xFC, 0xDE, 0xFC, 0xDE, 0xFC, 0xDE, 0xFC, 0xE6, 0x9E, 0xF7, 0x9D, 0xF7,
    0xBE, 0xF7, 0x59, 0xCE, 0x73, 0x8C, 0x94, 0x94, 0x73, 0x8C, 0x76, 0xAD, 0x7A, 0xCE, 0x7A, 0xCE,
    0x5A, 0xCE, 0xFC, 0xDE, 0x5D, 0xEF, 0x3C, 0xE7, 0x9E, 0xF7, 0xAE, 0x73, 0x04, 0x21, 0x86, 0x31,
    0x66, 0x29, 0x6D, 0x21, 0x71, 0x21, 0x71, 0x21, 0x71, 0x21, 0x71, 0x21, 0x6D, 0x21, 0x66, 0x29,
    0x66, 0x29, 0x45, 0x29, 0x49, 0x4A, 0xDB, 0xDE, 0x3D, 0xE7, 0x1C, 0xE7, 0xFC, 0xDE, 0x7A, 0xCE,
    0x7A, 0xCE, 0x7B, 0xD6, 0x97, 0xB5, 0x93, 0x8C, 0x94, 0x94, 0x93, 0x94, 0x7A, 0xCE, 0xBE, 0xF7,
    0x9D, 0xF7, 0x9E, 0xF7, 0x3C, 0xE7, 0xFB, 0xDE, 0xFC, 0xDE, 0xFC, 0xDE, 0xFC, 0xDE, 0xFC, 0xDE,
    0xFC, 0xDE, 0xFC, 0xDE, 0xFC, 0xDE, 0xFC, 0xDE, 0xFC, 0xDE, 0xFC, 0xDE, 0xFC, 0xDE, 0xFC, 0xDE,
    0xFC, 0xDE, 0xFC, 0xDE, 0xFC, 0xDE, 0xFC, 0xDE, 0xFC, 0xDE, 0xFC, 0xDE, 0xFC, 0xDE, 0x9A, 0xD6,
    0x19, 0xC6, 0x5A, 0xC6, 0x5A, 0xC6, 0x3A, 0xC6, 0x19, 0xC6, 0x11, 0x7C, 0x2E, 0x6B, 0xE8, 0x59,
    0xC2, 0x48, 0x04, 0x81, 0x45, 0xB1, 0x68, 0x81, 0xAA, 0x51, 0x4D, 0x5A, 0x92, 0x6B, 0xB3, 0x5B,
    0xD1, 0x42, 0xD2, 0x42, 0xF2, 0x3A, 0x12, 0x3B, 0xF2, 0x3A, 0xF1, 0x3A, 0xF1, 0x3A, 0x12, 0x3B,
    0x12, 0x4B, 0x0F, 0x5B, 0x2D, 0x6B, 0x2C, 0x63, 0x8E, 0x73, 0x7A, 0xCE, 0xFC, 0xDE, 0xDB, 0xDE,
    0xDC, 0xE6, 0xDC, 0xDE, 0xDC, 0xDE, 0xFC, 0xDE, 0xFC, 0xDE, 0xFC, 0xDE, 0xFC, 0xDE, 0xFC, 0xDE,
    0xFC, 0xDE, 0xFC, 0xDE, 0xFC, 0xDE, 0xFC, 0xDE, 0xFC, 0xDE, 0xFC, 0xDE, 0xFC, 0xDE, 0xFB, 0xE6,
    0xFC, 0xE6, 0xDC, 0xDE, 0x1C, 0xDF, 0x59, 0xC6, 0x4D, 0x63, 0x87, 0x5A, 0x63, 0x62, 0x22, 0x62,
    0xC1, 0xA3, 0xA2, 0xCC, 0xC3, 0xCC, 0x03, 0xCD, 0x23, 0xD5, 0x03, 0xD5, 0xC3, 0xCC, 0xA2, 0xC4,
    0xC3, 0xC4, 0xC3, 0xCC, 0x85, 0xE5, 0xA5, 0xE5, 0xA5, 0xE5, 0xA5, 0xE5, 0xA6, 0xE5, 0xA6, 0xED,
    0xA6, 0xE5, 0xA6, 0xE5, 0xA6, 0xE5, 0xA6, 0xE5, 0xA6, 0xE5, 0xA6, 0xE5, 0xA6, 0xE5, 0xA5, 0xE5,
    0xA5, 0xE5, 0xA5, 0xE5, 0xA5, 0xE5, 0x85, 0xE5, 0x86, 0xED, 0x85, 0xE5, 0xC7, 0xE5, 0xAA, 0xFE,
    0x69, 0xCD, 0xC6, 0x8B, 0xE6, 0x93, 0x6A, 0x9C, 0x05, 0x42, 0xA6, 0x31, 0x38, 0xC6, 0x3C, 0xE7,
    0xDB, 0xD6, 0xDC, 0xDE, 0xDC, 0xDE, 0xDC, 0xDE, 0xDC, 0xDE, 0xDC, 0xDE, 0xDC, 0xDE, 0xDC, 0xDE,
    0xDC, 0xDE, 0xFC, 0xE6, 0xF8, 0xC5, 0x09, 0x42, 0xE3, 0x71, 0x45, 0xBB, 0x81, 0x71, 0xE2, 0x79,
    0x65, 0x7A, 0x67, 0x52, 0x76, 0xAD, 0x1C, 0xE7, 0xDB, 0xDE, 0xDC, 0xDE, 0xDC, 0xDE, 0xFD, 0xDE,
    0xAA, 0x52, 0x01, 0x41, 0x04, 0xAB, 0xE4, 0x9A, 0x62, 0x49, 0x62, 0x10, 0xEC, 0x5A, 0xF0, 0x83,
    0x18, 0xC6, 0x7A, 0xCE, 0x1C, 0xE7, 0xD3, 0x9C, 0xAA, 0x52, 0x0B, 0x5B, 0x6D, 0x6B, 0x23, 0x41,
    0x64, 0xCB, 0xE4, 0xEB, 0xC3, 0x69, 0x82, 0x10, 0xB6, 0xB5, 0x3C, 0xE7, 0xDB, 0xDE, 0xFC, 0xDE,
    0xFC, 0xDE, 0xFC, 0xDE, 0xFC, 0xDE, 0xFC, 0xDE, 0xFC, 0xDE, 0xFC, 0xDE, 0xFC, 0xDE, 0xFC, 0xDE,
    0xFC, 0xDE, 0xFC, 0xDE, 0x7E, 0xEF, 0x9D, 0xF7, 0xBE, 0xF7, 0x59, 0xCE, 0x73, 0x8C, 0x93, 0x94,
    0x73, 0x8C, 0x56, 0xAD, 0x7A, 0xCE, 0x7A, 0xCE, 0x5A, 0xCE, 0xFC, 0xDE, 0x5D, 0xEF, 0x3C, 0xE7,
    0x9E, 0xF7, 0xAE, 0x73, 0x04, 0x21, 0x86, 0x31, 0x66, 0x29, 0x6D, 0x21, 0x71, 0x21, 0x71, 0x21,
    0x71, 0x21, 0x71, 0x21, 0x6D, 0x21, 0x66, 0x29, 0x66, 0x29, 0x45, 0x29, 0x49, 0x4A, 0xDB, 0xDE,
    0x3D, 0xE7, 0x1C, 0xE7, 0xFC, 0xDE, 0x7A, 0xCE, 0x7A, 0xCE, 0x7B, 0xD6, 0xB7, 0xB5, 0x93, 0x8C,
    0xB4, 0x94, 0x93, 0x94, 0x7A, 0xCE, 0xBE, 0xF7, 0x9D, 0xF7, 0x9E, 0xF7, 0x3C, 0xE7, 0xDB, 0xDE,
    0xFC, 0xDE, 0xFC, 0xDE, 0xFC, 0xDE, 0xFC, 0xDE, 0xFC, 0xDE, 0xFC, 0xDE, 0xFC, 0xDE, 0xFC, 0xDE,
    0xFC, 0xDE, 0xFC, 0xDE, 0xFC, 0xDE, 0xFC, 0xDE, 0xFC, 0xDE, 0xFC, 0xDE, 0xFC, 0xDE, 0xFC, 0xDE,
    0xFC, 0xDE, 0xFC, 0xDE, 0xFB, 0xDE, 0xFC, 0xDE, 0xFC, 0xDE, 0xFC, 0xDE, 0xFC, 0xDE, 0xFC, 0xE6,
    0xFC, 0xDE, 0xD7, 0xBD, 0x98, 0xB5, 0xAA, 0x52, 0x00, 0x00, 0x62, 0x40, 0xA4, 0x80, 0x6A, 0x81,
    0x91, 0x9A, 0x2F, 0x72, 0x0A, 0x19, 0xCE, 0x09, 0x5A, 0x54, 0x9D, 0x64, 0x9C, 0x64, 0x9C, 0x5C,
    0x7C, 0x64, 0x7C, 0x64, 0x9C, 0x5C, 0x9D, 0x5C, 0x7A, 0x64, 0x89, 0x19, 0x40, 0x00, 0x41, 0x08,
    0xA2, 0x10, 0x39, 0xCE, 0x5E, 0xEF, 0x1D, 0xE7, 0x1C, 0xDF, 0xFC, 0xDE, 0xFC, 0xDE, 0xFC, 0xDE,
    0xFC, 0xDE, 0xFC, 0xDE, 0xFC, 0xDE, 0xFC, 0xDE, 0xFC, 0xDE, 0xFC, 0xDE, 0xFC, 0xDE, 0xFC, 0xDE,
    0xFC, 0xDE, 0xFC, 0xDE, 0xFC, 0xDE, 0xFB, 0xDE, 0xFB, 0xDE, 0xDC, 0xE6, 0xFC, 0xDE, 0x9A, 0xCE,
    0xF8, 0xB5, 0x2C, 0x63, 0x00, 0x00, 0x00, 0x08, 0xE3, 0x82, 0x42, 0xBC, 0x41, 0xC4, 0x81, 0xCC,
    0x81, 0xCC, 0x61, 0xCC, 0x60, 0xC4, 0x01, 0xAC, 0xE2, 0xA3, 0x43, 0xBC, 0x86, 0xED, 0xA6, 0xED,
    0x86, 0xED, 0xA5, 0xE5, 0xA5, 0xE5, 0xA5, 0xE5, 0xA5, 0xE5, 0xA5, 0xE5, 0xA5, 0xE5, 0xA5, 0xE5,
    0xA5, 0xE5, 0xA5, 0xE5, 0xA5, 0xE5, 0xA5, 0xE5, 0xA5, 0xE5, 0xA5, 0xE5, 0xA5, 0xE5, 0x86, 0xED,
    0x86, 0xED, 0x85, 0xE5, 0xE7, 0xED, 0x8A, 0xFE, 0xAB, 0xFE, 0xCC, 0xFE, 0xCC, 0xFE, 0xCE, 0xFE,
    0x03, 0x4A, 0x82, 0x10, 0xD7, 0xBD, 0x1C, 0xE7, 0xDB, 0xDE, 0xFC, 0xDE, 0xFC, 0xDE, 0xFC, 0xDE,
    0xFC, 0xDE, 0xFC, 0xDE, 0xFC, 0xDE, 0xFB, 0xDE, 0xDC, 0xDE, 0xDC, 0xDE, 0x3A, 0xCE, 0xB1, 0x73,
    0x82, 0x20, 0x60, 0x20, 0x60, 0x28, 0x23, 0xBB, 0xA6, 0xCB, 0x40, 0x20, 0xAF, 0x73, 0x1D, 0xEF,
    0xDA, 0xDE, 0xFB, 0xDE, 0xFC, 0xDE, 0x5D, 0xEF, 0xAF, 0x73, 0x00, 0x08, 0x83, 0x9A, 0xE7, 0xFC,
    0x63, 0x82, 0xA2, 0x18, 0xD4, 0x9C, 0xF8, 0xBD, 0xFB, 0xDE, 0xFC, 0xDE, 0x7F, 0xEF, 0x6D, 0x6B,
    0x00, 0x00, 0x69, 0x4A, 0x5A, 0xC6, 0x44, 0x41, 0xC4, 0xAA, 0xA4, 0xD3, 0x23, 0x7A, 0x41, 0x10,
    0xB7, 0xB5, 0x3D, 0xE7, 0xDB, 0xDE, 0xFC, 0xDE, 0xFC, 0xDE, 0xFC, 0xDE, 0xFC, 0xDE, 0xFC, 0xDE,
    0xFC, 0xDE, 0xFC, 0xDE, 0xFC, 0xDE, 0xFC, 0xDE, 0xFC, 0xDE, 0xFC, 0xDE, 0x9E, 0xF7, 0x9D, 0xF7,
    0xBE, 0xF7, 0x59, 0xCE, 0x73, 0x8C, 0x93, 0x94, 0x73, 0x8C, 0x56, 0xAD, 0x7A, 0xCE, 0x7A, 0xCE,
    0x5A, 0xCE, 0xFC, 0xDE, 0x5D, 0xEF, 0x3C, 0xE7, 0x9E, 0xF7, 0xAE, 0x73, 0x04, 0x21, 0x86, 0x31,
    0x66, 0x29, 0x6D, 0x21, 0x71, 0x21, 0x71, 0x21, 0x71, 0x21, 0x71, 0x21, 0x6D, 0x21, 0x66, 0x29,
    0x66, 0x29, 0x45, 0x29, 0x49, 0x4A, 0xDB, 0xDE, 0x3D, 0xE7, 0x1C, 0xE7, 0xFC, 0xDE, 0x7A, 0xCE,
    0x7A, 0xCE, 0x7B, 0xCE, 0xB7, 0xB5, 0x93, 0x8C, 0xB4, 0x94, 0x93, 0x94, 0x7A, 0xCE, 0xBE, 0xF7,
    0x9D, 0xF7, 0x9E, 0xF7, 0x3C, 0xE7, 0xDB, 0xDE, 0xFC, 0xDE, 0xFC, 0xDE, 0xFC, 0xDE, 0xFC, 0xDE,
    0xFC, 0xDE, 0xFC, 0xDE, 0xFC, 0xDE, 0xFC, 0xDE, 0xFC, 0xDE, 0xFC, 0xDE, 0xFC, 0xDE, 0xFC, 0xDE,
    0xFC, 0xDE, 0xFC, 0xDE, 0xFC, 0xDE, 0xFC, 0xDE, 0xFC, 0xDE, 0xFC, 0xDE, 0xFC, 0xDE, 0xFC, 0xDE,
    0xFB, 0xDE, 0xFB, 0xDE, 0xDB, 0xE6, 0xDC, 0xDE, 0xFC, 0xDE, 0x59, 0xC6, 0x59, 0xC6, 0x52, 0x84,
    0xAB, 0x52, 0xA6, 0x41, 0x41, 0x28, 0xA4, 0x38, 0x08, 0x51, 0x48, 0x41, 0x29, 0x21, 0x91, 0x2A,
    0x7B, 0x5C, 0x7C, 0x5C, 0x3B, 0x54, 0xFA, 0x4B, 0xFB, 0x4B, 0xFB, 0x4B, 0xFB, 0x4B, 0xFB, 0x4B,
    0xFA, 0x4B, 0x12, 0x3B, 0x8F, 0x32, 0x8F, 0x3A, 0x6C, 0x3A, 0x4E, 0x63, 0xCF, 0x7B, 0x8E, 0x73,
    0x14, 0xA5, 0xFC, 0xDE, 0xDB, 0xDE, 0xFC, 0xDE, 0xFC, 0xDE, 0xFC, 0xDE, 0xFC, 0xDE, 0xFC, 0xDE,
    0xFC, 0xDE, 0xFC, 0xDE, 0xFC, 0xDE, 0xFC, 0xDE, 0xFC, 0xDE, 0xFC, 0xDE, 0xFC, 0xDE, 0xFB, 0xDE,
    0xFC, 0xDE, 0xDC, 0xE6, 0xFB, 0xE6, 0xDB, 0xD6, 0x19, 0xC6, 0xB3, 0x94, 0x0D, 0x5B, 0x2C, 0x6B,
    0xE4, 0x51, 0x21, 0x6A, 0x43, 0xAC, 0x43, 0xB4, 0x03, 0xAC, 0x03, 0xAC, 0x03, 0xA4, 0xE1, 0x51,
    0x20, 0x39, 0x61, 0x6A, 0xE4, 0xCC, 0xC3, 0xD4, 0x65, 0xE5, 0xA5, 0xED, 0xA5, 0xE5, 0xA5, 0xE5,
    0xA5, 0xE5, 0xA5, 0xE5, 0xA5, 0xE5, 0xA5, 0xE5, 0xA6, 0xE5, 0xA6, 0xE5, 0xA6, 0xE5, 0xA5, 0xE5,
    0xA5, 0xE5, 0xA5, 0xE5, 0xA6, 0xE5, 0xA6, 0xE5, 0x85, 0xED, 0x85, 0xE5, 0xC6, 0xE5, 0x07, 0xF6,
    0x07, 0xEE, 0x07, 0xEE, 0x08, 0xEE, 0xE9, 0xE5, 0xC2, 0x49, 0xC3, 0x10, 0xD8, 0xBD, 0xFC, 0xEE,
    0xDB, 0xDE, 0xFC, 0xDE, 0xFC, 0xDE, 0xFC, 0xDE, 0xFC, 0xDE, 0xFC, 0xDE, 0xFC, 0xDE, 0xFB, 0xDE,
    0xFC, 0xDE, 0xFC, 0xDE, 0x59, 0xCE, 0xB7, 0xB5, 0xF0, 0x7B, 0xEC, 0x5A, 0xC6, 0x41, 0xE4, 0xA2,
    0x46, 0xAB, 0xC1, 0x28, 0xB3, 0x9C, 0x1D, 0xE7, 0xDB, 0xDE, 0x1B, 0xE7, 0x79, 0xD6, 0x51, 0x8C,
    0xAA, 0x52, 0x40, 0x10, 0xA2, 0x69, 0xC5, 0xD3, 0x04, 0xB3, 0x01, 0x39, 0x87, 0x31, 0x76, 0xAD,
    0xFB, 0xD6, 0xD3, 0x9C, 0x31, 0x84, 0x6A, 0x83, 0x65, 0x7A, 0xC8, 0x72, 0x2C, 0x63, 0x85, 0x31,
    0xC2, 0x28, 0xC0, 0x30, 0xE2, 0x38, 0x69, 0x52, 0x39, 0xC6, 0x1C, 0xE7, 0xDC, 0xDE, 0xFC, 0xDE,
    0xFB, 0xDE, 0xFB, 0xDE, 0xFC, 0xDE, 0xFC, 0xDE, 0xFC, 0xDE, 0xFC, 0xDE, 0xFC, 0xDE, 0xFC, 0xDE,
    0xFC, 0xDE, 0xFC, 0xE6, 0x9E, 0xF7, 0x9D, 0xF7, 0xBE, 0xF7, 0x59, 0xCE, 0x73, 0x8C, 0x93, 0x94,
    0x73, 0x8C, 0x56, 0xAD, 0x7A, 0xCE, 0x7A, 0xCE, 0x5A, 0xCE, 0xFC, 0xDE, 0x5D, 0xEF, 0x3C, 0xE7,
    0x9E, 0xF7, 0xAE, 0x73, 0x04, 0x21, 0x66, 0x29, 0x66, 0x29, 0x6D, 0x21, 0x71, 0x21, 0x71, 0x21,
    0x71, 0x21, 0x71, 0x21, 0x6D, 0x21, 0x86, 0x31, 0x86, 0x31, 0x45, 0x29, 0x49, 0x4A, 0xDB, 0xDE,
    0x3C, 0xE7, 0x1C, 0xE7, 0xFC, 0xDE, 0x7A, 0xCE, 0x7A, 0xCE, 0x9B, 0xD6, 0xB7, 0xB5, 0x93, 0x8C,
    0x94, 0x94, 0x93, 0x8C, 0x7A, 0xCE, 0xBE, 0xF7, 0x9D, 0xF7, 0x9E, 0xF7, 0x3C, 0xE7, 0xDB, 0xDE,
    0xFC, 0xDE, 0xFC, 0xDE, 0xFC, 0xDE, 0xFC, 0xDE, 0xFC, 0xDE, 0xFC, 0xDE, 0xFC, 0xDE, 0xFC, 0xDE,
    0xFC, 0xDE, 0xFC, 0xDE, 0xFC, 0xDE, 0xFC, 0xDE, 0xFC, 0xDE, 0xFC, 0xDE, 0xFC, 0xDE, 0xFC, 0xDE,
    0xFC, 0xDE, 0xFC, 0xDE, 0xFC, 0xDE, 0xFC, 0xDE, 0xFC, 0xDE, 0xFB, 0xDE, 0xFC, 0xDE, 0xFC, 0xDE,
    0xFC, 0xDE, 0xFC, 0xE6, 0x3D, 0xE7, 0x39, 0xC6, 0x56, 0xAD, 0xB3, 0x8C, 0xF0, 0x7B, 0x8E, 0x6B,
    0xAA, 0x52, 0x45, 0x29, 0xA5, 0x08, 0xF2, 0x42, 0xBC, 0x64, 0x5C, 0x54, 0xBB, 0x43, 0x99, 0x3B,
    0xB9, 0x3B, 0x99, 0x3B, 0x99, 0x3B, 0xB9, 0x3B, 0xBA, 0x3B, 0x5C, 0x54, 0x7C, 0x5C, 0xBD, 0x64,
    0x16, 0x5C, 0xE5, 0x08, 0x81, 0x10, 0x00, 0x00, 0x6E, 0x73, 0x7E, 0xF7, 0xFC, 0xE6, 0xFB, 0xDE,
    0xFC, 0xDE, 0xFB, 0xDE, 0xDC, 0xDE, 0xDC, 0xDE, 0xFC, 0xDE, 0xFC, 0xDE, 0xFC, 0xDE, 0xFC, 0xDE,
    0xFC, 0xDE, 0xFC, 0xDE, 0xFC, 0xDE, 0xFC, 0xDE, 0xFC, 0xDE, 0xDC, 0xDE, 0xFB, 0xDE, 0xFB, 0xDE,
    0x1C, 0xE7, 0x19, 0xC6, 0x56, 0xA5, 0x76, 0xAD, 0x45, 0x29, 0x00, 0x00, 0x00, 0x29, 0xC0, 0x20,
    0xA0, 0x20, 0xA0, 0x20, 0xA0, 0x20, 0x60, 0x10, 0x21, 0x08, 0x20, 0x39, 0x62, 0xB4, 0x81, 0xC4,
    0x45, 0xE5, 0xA5, 0xED, 0xA5, 0xED, 0xA5, 0xE5, 0xA6, 0xED, 0xA5, 0xED, 0xA5, 0xE5, 0xA5, 0xE5,
    0xA5, 0xE5, 0xA6, 0xE5, 0xA6, 0xE5, 0xA5, 0xE5, 0xA5, 0xE5, 0xA5, 0xE5, 0xA5, 0xE5, 0xA5, 0xE5,
    0xA4, 0xED, 0xA5, 0xE5, 0x85, 0xE5, 0x85, 0xED, 0x85, 0xE5, 0x85, 0xDD, 0xA5, 0xE5, 0xE6, 0xDD,
    0x80, 0x41, 0x21, 0x08, 0xD8, 0xBD, 0x3D, 0xEF, 0xFB, 0xDE, 0xFC, 0xDE, 0xFC, 0xDE, 0xFC, 0xDE,
    0xFC, 0xDE, 0xFC, 0xDE, 0xFC, 0xDE, 0xFB, 0xDE, 0xFC, 0xDE, 0xFC, 0xDE, 0xDB, 0xE6, 0xFC, 0xE6,
    0x18, 0xC6, 0xB7, 0xB5, 0x8A, 0x52, 0x60, 0x28, 0xC1, 0x28, 0x85, 0x31, 0x18, 0xC6, 0x1C, 0xDF,
    0xDC, 0xDE, 0x1C, 0xE7, 0xD7, 0xBD, 0xC3, 0x10, 0x01, 0x29, 0x24, 0x62, 0xE1, 0x30, 0xE3, 0xB2,
    0xC4, 0xEB, 0x61, 0x59, 0x82, 0x08, 0x39, 0xBE, 0x7D, 0xE7, 0x08, 0x42, 0x00, 0x00, 0xC5, 0x82,
    0x8A, 0xFD, 0x85, 0xA3, 0x00, 0x00, 0xAB, 0x52, 0xB0, 0x7B, 0xED, 0x5A, 0x8F, 0x73, 0x56, 0xAD,
    0xBB, 0xD6, 0xFC, 0xDE, 0xFB, 0xDE, 0xFB, 0xDE, 0xFB, 0xDE, 0xFB, 0xDE, 0xDC, 0xDE, 0xDC, 0xDE,
    0xFC, 0xDE, 0xDC, 0xDE, 0xDC, 0xDE, 0xFC, 0xDE, 0xFC, 0xDE, 0xFC, 0xDE, 0x9E, 0xF7, 0x9D, 0xF7,
    0xBE, 0xF7, 0x59, 0xCE, 0x73, 0x8C, 0x94, 0x94, 0x73, 0x8C, 0x76, 0xAD, 0x7A, 0xCE, 0x5A, 0xCE,
    0x5A, 0xCE, 0xDC, 0xDE, 0x3D, 0xE7, 0x1C, 0xE7, 0x9E, 0xF7, 0xAE, 0x73, 0x04, 0x21, 0x66, 0x29,
    0x66, 0x29, 0x6D, 0x21, 0x71, 0x21, 0x71, 0x21, 0x71, 0x21, 0x71, 0x21, 0x6D, 0x21, 0x86, 0x31,
    0x86, 0x31, 0x45, 0x29, 0x49, 0x4A, 0xDB, 0xDE, 0x3C, 0xE7, 0x1C, 0xE7, 0xFC, 0xDE, 0x7A, 0xCE,
    0x7A, 0xCE, 0x9B, 0xD6, 0xB7, 0xB5, 0x93, 0x8C, 0x94, 0x94, 0x93, 0x8C, 0x7A, 0xCE, 0xBE, 0xF7,
    0x9D, 0xF7, 0x9E, 0xF7, 0x3C, 0xE7, 0xDB, 0xDE, 0xDC, 0xDE, 0xFC, 0xDE, 0xFC, 0xDE, 0xFC, 0xDE,
    0xFC, 0xDE, 0xFC, 0xDE, 0xFC, 0xDE, 0xFC, 0xDE, 0xFC, 0xDE, 0xFC, 0xDE, 0xFC, 0xDE, 0xFC, 0xDE,
    0xFC, 0xDE, 0xFC, 0xDE, 0xFC, 0xDE, 0xFC, 0xDE, 0xFC, 0xDE, 0xFC, 0xDE, 0xFC, 0xDE, 0xFC, 0xDE,
    0xFC, 0xDE, 0xFC, 0xDE, 0xFC, 0xDE, 0xFC, 0xDE, 0xFC, 0xDE, 0xFC, 0xDE, 0xFC, 0xDE, 0x39, 0xC6,
    0x76, 0xAD, 0xB7, 0xB5, 0x19, 0xC6, 0xD8, 0xBD, 0xF8, 0xBD, 0xF0, 0x7B, 0x83, 0x08, 0xD1, 0x3A,
    0x9B, 0x5C, 0x5B, 0x54, 0xDB, 0x43, 0xBA, 0x43, 0xBA, 0x43, 0xBA, 0x43, 0xBA, 0x43, 0xBA, 0x43,
    0xBA, 0x43, 0xFB, 0x4B, 0x3B, 0x54, 0x7C, 0x5C, 0x19, 0x54, 0x2C, 0x22, 0xC9, 0x29, 0x49, 0x19,
    0x0E, 0x63, 0xB7, 0xBD, 0x59, 0xCE, 0xFC, 0xDE, 0xDC, 0xDE, 0xFB, 0xDE, 0xDC, 0xDE, 0xDC, 0xDE,
    0xFC, 0xDE, 0xFC, 0xDE, 0xFC, 0xDE, 0xFC, 0xDE, 0xFC, 0xDE, 0xFC, 0xDE, 0xFC, 0xDE, 0xFC, 0xDE,
    0xFB, 0xDE, 0xFC, 0xDE, 0xFC, 0xDE, 0xDC, 0xDE, 0xFC, 0xDE, 0x59, 0xCE, 0xB7, 0xB5, 0x97, 0xB5,
    0x0C, 0x63, 0xE8, 0x39, 0x65, 0x29, 0x45, 0x29, 0x65, 0x31, 0x86, 0x29, 0x25, 0x29, 0x0C, 0x63,
    0x73, 0x94, 0x4B, 0x7B, 0x22, 0x7B, 0x02, 0xAC, 0x66, 0xE5, 0xA6, 0xED, 0xA5, 0xE5, 0xA5, 0xE5,
    0xA6, 0xED, 0xA5, 0xED, 0xA5, 0xED, 0xA5, 0xE5, 0xA5, 0xE5, 0xA5, 0xE5, 0xA5, 0xE5, 0x85, 0xE5,
    0xA5, 0xE5, 0xA5, 0xE5, 0xA5, 0xE5, 0x85, 0xE5, 0x86, 0xE5, 0xA5, 0xE5, 0xA5, 0xE5, 0xA5, 0xE5,
    0x85, 0xE5, 0x65, 0xE5, 0x86, 0xC4, 0x46, 0xA4, 0xE3, 0x49, 0xA8, 0x39, 0x18, 0xC6, 0x1D, 0xE7,
    0xFB, 0xDE, 0xFC, 0xDE, 0xFC, 0xDE, 0xFC, 0xDE, 0xFC, 0xDE, 0xFC, 0xDE, 0xFC, 0xDE, 0xFC, 0xDE,
    0xFC, 0xDE, 0xFC, 0xDE, 0xFC, 0xDE, 0xFC, 0xDE, 0x39, 0xC6, 0xB7, 0xB5, 0xAF, 0x73, 0x08, 0x42,
    0x8A, 0x52, 0xF4, 0x9C, 0x9A, 0xD6, 0xFC, 0xDE, 0xDB, 0xDE, 0x1C, 0xDF, 0xD7, 0xB5, 0xC2, 0x18,
    0x42, 0x51, 0x46, 0xB3, 0xA2, 0x71, 0x63, 0x92, 0xA4, 0x9A, 0xC5, 0x51, 0x49, 0x4A, 0x55, 0xA5,
    0x75, 0xAD, 0x67, 0x62, 0x41, 0x49, 0x24, 0xA3, 0xC7, 0xF4, 0x24, 0xA3, 0x41, 0x10, 0x0C, 0x63,
    0x97, 0xB5, 0x56, 0xAD, 0xB8, 0xB5, 0x97, 0xB5, 0x9B, 0xD6, 0xFB, 0xDE, 0xDB, 0xDE, 0xDB, 0xDE,
    0xDC, 0xDE, 0xFC, 0xDE, 0xFC, 0xDE, 0xFC, 0xDE, 0xFC, 0xDE, 0xFC, 0xDE, 0xDC, 0xDE, 0xDC, 0xDE,
    0xDC, 0xDE, 0xFC, 0xDE, 0x9E, 0xF7, 0x9D, 0xF7, 0xBE, 0xF7, 0x5A, 0xCE, 0x73, 0x8C, 0x94, 0x94,
    0x93, 0x8C, 0x76, 0xAD, 0x7A, 0xCE, 0x5A, 0xCE, 0x5A, 0xCE, 0xDC, 0xDE, 0x3D, 0xE7, 0x1C, 0xE7,
    0x9E, 0xF7, 0xAE, 0x73, 0x05, 0x21, 0x86, 0x31, 0x66, 0x29, 0x6D, 0x21, 0x71, 0x21, 0x71, 0x21,
    0x71, 0x21, 0x71, 0x21, 0x6D, 0x21, 0x86, 0x31, 0x86, 0x31, 0x45, 0x29, 0x49, 0x4A, 0xDB, 0xDE,
    0x3C, 0xE7, 0x1C, 0xE7, 0xFC, 0xDE, 0x7A, 0xCE, 0x7A, 0xCE, 0x9B, 0xD6, 0xB7, 0xB5, 0x93, 0x8C,
    0x94, 0x94, 0x93, 0x8C, 0x7A, 0xCE, 0xBE, 0xF7, 0x9D, 0xF7, 0x9E, 0xF7, 0x3C, 0xE7, 0xDB, 0xDE,
    0xDC, 0xDE, 0xDC, 0xDE, 0xFC, 0xDE, 0xFC, 0xDE, 0xFC, 0xDE, 0xFC, 0xDE, 0xFC, 0xDE, 0xFC, 0xDE,
    0xFC, 0xDE, 0xFC, 0xDE, 0xFC, 0xDE, 0xFC, 0xDE, 0xFC, 0xDE, 0xFC, 0xDE, 0xFC, 0xDE, 0xFC, 0xDE,
    0xFC, 0xDE, 0xFC, 0xDE, 0xFC, 0xDE, 0xFC, 0xDE, 0xFC, 0xDE, 0xFC, 0xDE, 0xFC, 0xDE, 0xFC, 0xDE,
    0xFC, 0xDE, 0xFC, 0xDE, 0xFC, 0xDE, 0xDC, 0xDE, 0xDB, 0xDE, 0xDB, 0xDE, 0xFC, 0xDE, 0x9B, 0xD6,
    0xDB, 0xDE, 0xF3, 0xA4, 0x82, 0x08, 0xF1, 0x3A, 0x9C, 0x5C, 0x3C, 0x54, 0xDA, 0x43, 0xB9, 0x43,
    0xBA, 0x43, 0xBA, 0x43, 0xBA, 0x43, 0xBA, 0x43, 0xBA, 0x43, 0xBA, 0x43, 0xBA, 0x43, 0x1B, 0x4C,
    0x7C, 0x5C, 0x5B, 0x5C, 0x3B, 0x5C, 0x18, 0x5C, 0xA8, 0x29, 0xC2, 0x18, 0x72, 0x94, 0x5E, 0xE7,
    0xDC, 0xDE, 0xDB, 0xDE, 0xDC, 0xDE, 0xFB, 0xDE, 0xFB, 0xDE, 0xDC, 0xDE, 0xFC, 0xDE, 0xFC, 0xDE,
    0xFC, 0xDE, 0xFC, 0xDE, 0xFC, 0xDE, 0xFC, 0xDE, 0xFC, 0xDE, 0xFC, 0xDE, 0xFC, 0xDE, 0xFC, 0xDE,
    0xDC, 0xDE, 0xFC, 0xDE, 0xDC, 0xDE, 0xDC, 0xDE, 0xD8, 0xBD, 0x35, 0xA5, 0x15, 0xA5, 0xF4, 0xA4,
    0x35, 0xA5, 0x15, 0xA5, 0x15, 0xA5, 0x36, 0xA5, 0xB8, 0xB5, 0x52, 0x94, 0x81, 0x18, 0x01, 0x5A,
    0x86, 0xE5, 0xA6, 0xED, 0xA6, 0xE5, 0xA5, 0xE5, 0xA5, 0xE5, 0xA5, 0xED, 0xA6, 0xED, 0xA6, 0xED,
    0xA5, 0xE5, 0xA5, 0xE5, 0xA5, 0xE5, 0xA5, 0xE5, 0xA5, 0xE5, 0xA5, 0xE5, 0xA5, 0xE5, 0xC5, 0xE5,
    0xA6, 0xE5, 0xA5, 0xED, 0xA5, 0xE5, 0xA6, 0xE5, 0x64, 0xDD, 0x25, 0xDD, 0xC2, 0x59, 0x00, 0x18,
    0x49, 0x52, 0x77, 0xAD, 0x9A, 0xCE, 0xFC, 0xDE, 0xFC, 0xDE, 0xFC, 0xDE, 0xFC, 0xDE, 0xFC, 0xDE,
    0xFC, 0xDE, 0xFC, 0xDE, 0xFC, 0xDE, 0xFC, 0xDE, 0xFC, 0xDE, 0xFC, 0xDE, 0xFC, 0xDE, 0xFC, 0xDE,
    0xFC, 0xDE, 0xDC, 0xDE, 0xF8, 0xBD, 0x56, 0xAD, 0x97, 0xB5, 0xBB, 0xD6, 0xFC, 0xDE, 0xDC, 0xDE,
    0xDC, 0xDE, 0x1D, 0xE7, 0xB7, 0xBD, 0xC3, 0x10, 0x21, 0x41, 0xA4, 0xDB, 0x43, 0xC3, 0xE0, 0x38,
    0x00, 0x00, 0x2C, 0x6B, 0xDB, 0xDE, 0xEC, 0x5A, 0x62, 0x10, 0x66, 0xAB, 0xC7, 0xEC, 0x04, 0xDC,
    0xC4, 0xDB, 0xC4, 0x92, 0x41, 0x10, 0xD0, 0x7B, 0xD8, 0xBD, 0x76, 0xB5, 0xBB, 0xDE, 0xDB, 0xDE,
    0xFC, 0xE6, 0x1D, 0xE7, 0x1D, 0xE7, 0xFD, 0xE6, 0xFC, 0xE6, 0xFC, 0xDE, 0xFB, 0xDE, 0xFB, 0xDE,
    0xFB, 0xDE, 0xFB, 0xDE, 0xFC, 0xDE, 0xDC, 0xDE, 0xDC, 0xDE, 0xFC, 0xDE, 0x9E, 0xF7, 0x9D, 0xF7,
    0xBE, 0xF7, 0x5A, 0xCE, 0x73, 0x8C, 0xB4, 0x94, 0x93, 0x94, 0x56, 0xAD, 0x7A, 0xCE, 0x7A, 0xCE,
    0x5A, 0xCE, 0xDC, 0xDE, 0x3D, 0xE7, 0x3C, 0xE7, 0x9E, 0xF7, 0x8E, 0x73, 0x05, 0x21, 0x86, 0x31,
    0x66, 0x29, 0x6D, 0x21, 0x71, 0x21, 0x71, 0x21, 0x71, 0x21, 0x71, 0x21, 0x6D, 0x21, 0x86, 0x31,
    0x86, 0x31, 0x45, 0x29, 0x69, 0x4A, 0xDB, 0xDE, 0x3C, 0xE7, 0x1C, 0xE7, 0xFC, 0xDE, 0x7A, 0xCE,
    0x7A, 0xCE, 0x9B, 0xD6, 0xB7, 0xB5, 0x93, 0x8C, 0x94, 0x94, 0x93, 0x8C, 0x7A, 0xCE, 0xBE, 0xF7,
    0x9D, 0xF7, 0x9E, 0xF7, 0x3C, 0xE7, 0xDB, 0xDE, 0xDC, 0xDE, 0xDC, 0xDE, 0xDC, 0xDE, 0xFC, 0xDE,
    0xFC, 0xDE, 0xFC, 0xDE, 0xFC, 0xDE, 0xFC, 0xDE, 0xFC, 0xDE, 0xFC, 0xDE, 0xFC, 0xDE, 0xFC, 0xDE,
    0xFC, 0xDE, 0xFC, 0xDE, 0xFC, 0xDE, 0xFC, 0xDE, 0xFC, 0xDE, 0xFC, 0xDE, 0xFC, 0xDE, 0xFC, 0xDE,
    0xFC, 0xDE, 0xFC, 0xDE, 0xFC, 0xDE, 0xFC, 0xDE, 0xFC, 0xDE, 0xFC, 0xDE, 0xFC, 0xDE, 0xFC, 0xDE,
    0xFC, 0xDE, 0xFC, 0xDE, 0xFC, 0xDE, 0x7A, 0xCE, 0x59, 0xCE, 0xB3, 0x94, 0x07, 0x11, 0x13, 0x3B,
    0x9C, 0x5C, 0x5C, 0x54, 0xDA, 0x43, 0xB9, 0x43, 0xBA, 0x43, 0xBA, 0x43, 0xBA, 0x43, 0xBA, 0x43,
    0xBA, 0x43, 0xBA, 0x43, 0xBA, 0x43, 0xFB, 0x4B, 0x7C, 0x5C, 0x7B, 0x54, 0x9C, 0x54, 0x5A, 0x5C,
    0x0B, 0x22, 0xE3, 0x08, 0xCF, 0x73, 0x7A, 0xCE, 0x7B, 0xD6, 0xDB, 0xDE, 0xDB, 0xDE, 0xFB, 0xDE,
    0xDB, 0xDE, 0xDB, 0xDE, 0xDC, 0xDE, 0xFC, 0xDE, 0xFC, 0xDE, 0xFC, 0xDE, 0xFC, 0xDE, 0xFC, 0xDE,
    0xDC, 0xDE, 0xDC, 0xDE, 0xDC, 0xDE, 0xFC, 0xDE, 0xFC, 0xDE, 0xFC, 0xDE, 0xFC, 0xDE, 0xFC, 0xDE,
    0xD8, 0xBD, 0x56, 0xAD, 0x77, 0xAD, 0x77, 0xAD, 0x77, 0xAD, 0x76, 0xAD, 0x97, 0xAD, 0x76, 0xAD,
    0x98, 0xB5, 0x52, 0x8C, 0x81, 0x08, 0xC1, 0x51, 0x45, 0xDD, 0x85, 0xE5, 0xA6, 0xE5, 0xA5, 0xE5,
    0xC5, 0xE5, 0xA5, 0xE5, 0xA6, 0xED, 0xA6, 0xED, 0xA5, 0xE5, 0xA5, 0xE5, 0xA5, 0xE5, 0xA5, 0xE5,
    0xA5, 0xE5, 0xA5, 0xE5, 0x84, 0xE5, 0x65, 0xDD, 0x86, 0xE5, 0xA5, 0xE5, 0x85, 0xE5, 0x85, 0xED,
    0x44, 0xDD, 0x84, 0xB4, 0xC2, 0x41, 0x41, 0x10, 0x2C, 0x63, 0xF7, 0xB5, 0xDB, 0xD6, 0xFC, 0xDE,
    0xFC, 0xDE, 0xFC, 0xDE, 0xFC, 0xDE, 0xFC, 0xDE, 0xFC, 0xDE, 0xFC, 0xDE, 0xFC, 0xDE, 0xFC, 0xDE,
    0xFC, 0xDE, 0xFC, 0xDE, 0xFC, 0xDE, 0xFC, 0xDE, 0xDC, 0xDE, 0xFC, 0xDE, 0x39, 0xC6, 0x36, 0xAD,
    0x77, 0xB5, 0xBC, 0xD6, 0xFC, 0xDE, 0xDC, 0xDE, 0xDC, 0xDE, 0x1D, 0xE7, 0x18, 0xBE, 0xA6, 0x29,
    0xA3, 0x51, 0x44, 0xBB, 0x03, 0xB3, 0x01, 0x41, 0x40, 0x10, 0x4C, 0x6B, 0x59, 0xC6, 0xAB, 0x52,
    0xC2, 0x28, 0x85, 0xBB, 0x85, 0xFC, 0xA4, 0xD3, 0x63, 0xD3, 0x63, 0x82, 0x20, 0x08, 0x2C, 0x63,
    0x36, 0xA5, 0xF4, 0x9C, 0xBB, 0xD6, 0x1C, 0xDF, 0x39, 0xCE, 0xD8, 0xBD, 0xF8, 0xBD, 0x38, 0xC6,
    0x38, 0xC6, 0x7A, 0xD6, 0x1C, 0xE7, 0xFB, 0xDE, 0xDB, 0xDE, 0xFB, 0xDE, 0xFB, 0xDE, 0xDB, 0xDE,
    0xDC, 0xDE, 0xFC, 0xDE, 0x9E, 0xF7, 0x9D, 0xF7, 0xBE, 0xF7, 0x59, 0xCE, 0x73, 0x8C, 0xB4, 0x94,
    0x93, 0x94, 0x76, 0xAD, 0x7A, 0xCE, 0x7A, 0xCE, 0x5A, 0xCE, 0xFC, 0xDE, 0x3D, 0xE7, 0x1C, 0xE7,
    0x9E, 0xF7, 0xAE, 0x73, 0x04, 0x21, 0x86, 0x31, 0x66, 0x29, 0x6D, 0x21, 0x71, 0x21, 0x71, 0x21,
    0x71, 0x21, 0x71, 0x21, 0x6D, 0x21, 0x86, 0x31, 0x86, 0x31, 0x45, 0x29, 0x69, 0x4A, 0xDB, 0xDE,
    0x3C, 0xE7, 0x3C, 0xE7, 0xFC, 0xDE, 0x7A, 0xCE, 0x7A, 0xCE, 0x9B, 0xD6, 0xB7, 0xB5, 0x93, 0x8C,
    0x94, 0x94, 0x93, 0x8C, 0x7A, 0xCE, 0xBE, 0xF7, 0x9D, 0xF7, 0x9E, 0xF7, 0x3C, 0xE7, 0xDB, 0xDE,
    0xDB, 0xDE, 0xDC, 0xDE, 0xDC, 0xDE, 0xFB, 0xDE, 0xDB, 0xDE, 0xDC, 0xDE, 0xDC, 0xDE, 0xDC, 0xDE,
    0xFC, 0xDE, 0xFC, 0xDE, 0xFC, 0xDE, 0xFC, 0xDE, 0xFC, 0xDE, 0xFC, 0xDE, 0xFC, 0xDE, 0xFC, 0xDE,
    0xFC, 0xDE, 0xFC, 0xDE, 0xFC, 0xDE, 0xFC, 0xDE, 0xFC, 0xDE, 0xFC, 0xDE, 0xFC, 0xDE, 0xFC, 0xDE,
    0xFC, 0xDE, 0xFC, 0xDE, 0xFC, 0xDE, 0xFC, 0xDE, 0xFC, 0xDE, 0xFB, 0xDE, 0x3D, 0xE7, 0x10, 0x84,
    0x45, 0x21, 0x6C, 0x3A, 0xD6, 0x5B, 0x19, 0x54, 0xFA, 0x4B, 0xDA, 0x43, 0xBA, 0x43, 0xBA, 0x43,
    0xBA, 0x43, 0xBA, 0x43, 0xBA, 0x43, 0xBA, 0x43, 0xBA, 0x43, 0xBA, 0x43, 0xBA, 0x43, 0xDA, 0x43,
    0xFA, 0x43, 0xF9, 0x43, 0xFA, 0x43, 0xDB, 0x4B, 0xF9, 0x4B, 0x74, 0x4B, 0x87, 0x21, 0x44, 0x29,
    0x72, 0x94, 0x7E, 0xEF, 0x1C, 0xDF, 0xFC, 0xE6, 0xFC, 0xE6, 0xFC, 0xDE, 0xDB, 0xDE, 0xFC, 0xDE,
    0xDC, 0xDE, 0xFC, 0xDE, 0xFC, 0xDE, 0xDC, 0xDE, 0xFC, 0xDE, 0xFC, 0xDE, 0xFC, 0xDE, 0xFC, 0xDE,
    0xFC, 0xDE, 0xFC, 0xDE, 0xFC, 0xDE, 0xDC, 0xDE, 0xBB, 0xD6, 0x9B, 0xD6, 0xBB, 0xD6, 0xBB, 0xD6,
    0xBB, 0xD6, 0xBB, 0xD6, 0xBB, 0xD6, 0x9A, 0xD6, 0xBB, 0xDE, 0x14, 0xA5, 0x60, 0x00, 0x01, 0x5A,
    0xE2, 0xD4, 0xC1, 0xCC, 0x65, 0xE5, 0xA6, 0xED, 0xA5, 0xE5, 0xA5, 0xE5, 0xA5, 0xE5, 0xA5, 0xE5,
    0xA5, 0xE5, 0xA5, 0xE5, 0xA5, 0xE5, 0xA5, 0xE5, 0x85, 0xE5, 0x44, 0xDD, 0xA1, 0xC4, 0x21, 0xBC,
    0x45, 0xDD, 0xA5, 0xE5, 0x44, 0xDD, 0x82, 0xD4, 0x43, 0xBC, 0x41, 0x39, 0x60, 0x10, 0x49, 0x4A,
    0x3A, 0xC6, 0xBB, 0xD6, 0xFB, 0xDE, 0xFC, 0xDE, 0xFC, 0xDE, 0xFC, 0xDE, 0xFC, 0xDE, 0xFC, 0xDE,
    0xFC, 0xDE, 0xFC, 0xDE, 0xFC, 0xDE, 0xFC, 0xDE, 0xFC, 0xDE, 0xFC, 0xDE, 0xFC, 0xDE, 0xFC, 0xDE,
    0xDC, 0xDE, 0xFC, 0xDE, 0xDB, 0xDE, 0x9B, 0xD6, 0xBB, 0xD6, 0xDC, 0xDE, 0xFC, 0xDE, 0xFC, 0xDE,
    0xFB, 0xDE, 0xFC, 0xDE, 0x9A, 0xDE, 0x56, 0xAD, 0xEF, 0x7B, 0xA0, 0x20, 0x01, 0x41, 0x24, 0xAB,
    0x65, 0xBB, 0xA4, 0x41, 0x05, 0x19, 0xA3, 0x51, 0x07, 0xCC, 0x83, 0xCB, 0x21, 0xD3, 0xE3, 0xC2,
    0x40, 0x51, 0xC1, 0x28, 0xC1, 0x20, 0xE1, 0x28, 0xE3, 0x20, 0x45, 0x21, 0x18, 0xC6, 0xFB, 0xDE,
    0xC9, 0x4A, 0xE4, 0x21, 0xC4, 0x21, 0x64, 0x21, 0x24, 0x21, 0x4D, 0x6B, 0x7A, 0xD6, 0xBC, 0xDE,
    0xFC, 0xE6, 0xFC, 0xE6, 0xFB, 0xDE, 0xFB, 0xDE, 0xDC, 0xDE, 0xFC, 0xDE, 0x9E, 0xF7, 0x9D, 0xF7,
    0xBE, 0xF7, 0x59, 0xCE, 0x73, 0x8C, 0x94, 0x94, 0x93, 0x8C, 0x76, 0xAD, 0x7A, 0xCE, 0x7A, 0xCE,
    0x5A, 0xCE, 0xFC, 0xDE, 0x3D, 0xE7, 0x1C, 0xE7, 0x9E, 0xF7, 0x8E, 0x73, 0x04, 0x21, 0x86, 0x31,
    0x66, 0x29, 0x6D, 0x21, 0x71, 0x21, 0x71, 0x21, 0x71, 0x21, 0x71, 0x21, 0x6D, 0x21, 0x86, 0x31,
    0x86, 0x31, 0x45, 0x29, 0x69, 0x4A, 0xDB, 0xDE, 0x3C, 0xE7, 0x3C, 0xE7, 0xFC, 0xDE, 0x7A, 0xCE,
    0x7A, 0xCE, 0x9B, 0xD6, 0xB7, 0xB5, 0x73, 0x8C, 0x94, 0x94, 0x93, 0x8C, 0x7A, 0xCE, 0xBE, 0xF7,
    0x9D, 0xF7, 0x9E, 0xF7, 0x3C, 0xE7, 0xDB, 0xDE, 0xDC, 0xDE, 0xDC, 0xDE, 0xDC, 0xDE, 0xFB, 0xDE,
    0xFC, 0xDE, 0xFC, 0xDE, 0xFC, 0xDE, 0xFC, 0xDE, 0xFC, 0xDE, 0xFC, 0xDE, 0xFC, 0xDE, 0xFC, 0xDE,
    0xFC, 0xDE, 0xFC, 0xDE, 0xFC, 0xDE, 0xFC, 0xDE, 0xFC, 0xDE, 0xFC, 0xDE, 0xFC, 0xDE, 0xFC, 0xDE,
    0xFC, 0xDE, 0xFC, 0xDE, 0xFC, 0xDE, 0xFC, 0xDE, 0xFC, 0xDE, 0xFC, 0xDE, 0xFC, 0xDE, 0xFC, 0xDE,
    0xFB, 0xDE, 0xFB, 0xDE, 0x3D, 0xE7, 0x8E, 0x73, 0x41, 0x00, 0xCB, 0x21, 0x5B, 0x5C, 0x5C, 0x54,
    0xDA, 0x43, 0xB9, 0x3B, 0x9A, 0x43, 0xBA, 0x43, 0xBA, 0x43, 0xBA, 0x43, 0xBA, 0x43, 0xBA, 0x43,
    0xBA, 0x43, 0xBA, 0x43, 0xBA, 0x43, 0xBA, 0x43, 0xBA, 0x43, 0xDA, 0x43, 0xBA, 0x43, 0x9A, 0x43,
    0x3D, 0x54, 0xFA, 0x4B, 0x6A, 0x09, 0xA3, 0x08, 0xD0, 0x73, 0xBB, 0xCE, 0x38, 0xBE, 0xF9, 0xC5,
    0xF9, 0xC5, 0x59, 0xCE, 0xFC, 0xDE, 0xFC, 0xDE, 0xDC, 0xDE, 0xFC, 0xDE, 0xFC, 0xDE, 0xFC, 0xDE,
    0xFC, 0xDE, 0xFC, 0xDE, 0xFC, 0xDE, 0xFC, 0xDE, 0xFC, 0xDE, 0xFC, 0xDE, 0xFC, 0xDE, 0xDC, 0xDE,
    0xFC, 0xDE, 0xFC, 0xDE, 0xFC, 0xDE, 0xFC, 0xDE, 0xFC, 0xDE, 0xFC, 0xDE, 0xFD, 0xDE, 0xDC, 0xDE,
    0x3C, 0xEF, 0x76, 0xB5, 0x83, 0x10, 0xE3, 0x51, 0x65, 0xBC, 0x84, 0xC4, 0x64, 0xE5, 0x85, 0xED,
    0x86, 0xE5, 0xA5, 0xE5, 0xA5, 0xE5, 0xA5, 0xE5, 0xA5, 0xE5, 0xA5, 0xE5, 0xA5, 0xE5, 0x85, 0xE5,
    0x24, 0xDD, 0xC3, 0xCC, 0x62, 0xC4, 0x22, 0xBC, 0x46, 0xE5, 0xC5, 0xE5, 0x24, 0xDD, 0x03, 0xBC,
    0xC4, 0x9B, 0xA2, 0x18, 0x42, 0x08, 0xCB, 0x5A, 0xBC, 0xD6, 0xFC, 0xDE, 0xDB, 0xE6, 0xDC, 0xE6,
    0xFB, 0xDE, 0xFC, 0xDE, 0xFC, 0xDE, 0xFC, 0xDE, 0xFC, 0xDE, 0xFC, 0xDE, 0xFC, 0xDE, 0xFC, 0xDE,
    0xFC, 0xDE, 0xFC, 0xDE, 0xFC, 0xDE, 0xFC, 0xDE, 0xFC, 0xDE, 0xFC, 0xDE, 0xFC, 0xDE, 0xFC, 0xDE,
    0xFC, 0xDE, 0xFC, 0xDE, 0xFC, 0xDE, 0xFB, 0xDE, 0xFB, 0xDE, 0xFB, 0xDE, 0xBB, 0xD6, 0xF9, 0xBD,
    0x72, 0x84, 0x81, 0x08, 0xE2, 0x28, 0xA6, 0xBB, 0x06, 0xD4, 0x62, 0x51, 0x20, 0x18, 0x41, 0x51,
    0x87, 0xE4, 0xA5, 0xC3, 0xE3, 0xBA, 0xC2, 0xB2, 0xA0, 0x28, 0x42, 0x41, 0xC7, 0xBB, 0xA6, 0xBB,
    0x41, 0x49, 0x81, 0x10, 0x18, 0xC6, 0x38, 0xC6, 0xA9, 0x53, 0x4B, 0x6D, 0x26, 0x3B, 0x80, 0x08,
    0xE3, 0x10, 0x83, 0x11, 0xE5, 0x29, 0x34, 0xA5, 0x9B, 0xDE, 0x3A, 0xCE, 0xBA, 0xD6, 0x1B, 0xDF,
    0xDC, 0xDE, 0xFC, 0xDE, 0x9E, 0xF7, 0x9D, 0xF7, 0xBE, 0xF7, 0x59, 0xCE, 0x73, 0x8C, 0x94, 0x94,
    0x73, 0x8C, 0x56, 0xAD, 0x7A, 0xCE, 0x7A, 0xCE, 0x5A, 0xCE, 0xFC, 0xDE, 0x3D, 0xE7, 0x3C, 0xE7,
    0x9E, 0xF7, 0x8E, 0x73, 0x05, 0x21, 0x86, 0x31, 0x66, 0x29, 0x6D, 0x21, 0x71, 0x21, 0x71, 0x21,
    0x71, 0x21, 0x71, 0x21, 0x6D, 0x21, 0x86, 0x31, 0x86, 0x31, 0x45, 0x29, 0x69, 0x4A, 0xDB, 0xDE,
    0x3C, 0xE7, 0x3C, 0xE7, 0xFC, 0xDE, 0x7A, 0xCE, 0x7A, 0xCE, 0x7B, 0xCE, 0x97, 0xB5, 0x73, 0x8C,
    0x94, 0x94, 0x93, 0x8C, 0x7A, 0xCE, 0xBE, 0xF7, 0x9D, 0xF7, 0x9E, 0xF7, 0x3C, 0xE7, 0xDB, 0xDE,
    0xDC, 0xDE, 0xDC, 0xDE, 0xDC, 0xDE, 0xFC, 0xDE, 0xFC, 0xDE, 0xFC, 0xDE, 0xFC, 0xDE, 0xFC, 0xDE,
    0xFC, 0xDE, 0xFC, 0xDE, 0xFC, 0xDE, 0xFC, 0xDE, 0xFC, 0xDE, 0xFC, 0xDE, 0xFC, 0xDE, 0xFC, 0xDE,
    0xFC, 0xDE, 0xFC, 0xDE, 0xFC, 0xDE, 0xFC, 0xDE, 0xFC, 0xDE, 0xFC, 0xDE, 0xFC, 0xDE, 0xFC, 0xDE,
    0xFC, 0xDE, 0xFC, 0xDE, 0xFC, 0xDE, 0xFC, 0xDE, 0xFC, 0xDE, 0xDB, 0xDE, 0x1C, 0xE7, 0xAF, 0x73,
    0x82, 0x10, 0x0B, 0x2A, 0x5B, 0x54, 0x3C, 0x54, 0xBA, 0x43, 0xBA, 0x3B, 0xBA, 0x43, 0xBA, 0x43,
    0xBA, 0x43, 0xBA, 0x43, 0xBA, 0x43, 0xBA, 0x43, 0xBA, 0x43, 0xBA, 0x43, 0xDA, 0x43, 0xBA, 0x43,
    0x9B, 0x4B, 0xBB, 0x43, 0xDA, 0x43, 0xB9, 0x43, 0xDA, 0x43, 0xB9, 0x43, 0x97, 0x43, 0xF6, 0x53,
    0x6D, 0x3A, 0x65, 0x29, 0x86, 0x31, 0x66, 0x29, 0x04, 0x21, 0xEC, 0x5A, 0xFC, 0xE6, 0xDB, 0xDE,
    0xFC, 0xDE, 0xDC, 0xDE, 0xFC, 0xDE, 0xFC, 0xDE, 0xFC, 0xDE, 0xFC, 0xDE, 0xFC, 0xDE, 0xFC, 0xDE,
    0xFC, 0xDE, 0xFC, 0xDE, 0xFC, 0xDE, 0xFC, 0xDE, 0xFC, 0xDE, 0xFC, 0xDE, 0xFC, 0xDE, 0xFC, 0xDE,
    0xFC, 0xDE, 0xFC, 0xDE, 0xDC, 0xDE, 0xDC, 0xDE, 0x1C, 0xDF, 0x19, 0xC6, 0x53, 0x8C, 0x4C, 0x73,
    0xE0, 0x30, 0x82, 0x6A, 0x85, 0xDD, 0x85, 0xED, 0x86, 0xE5, 0xA5, 0xE5, 0xA5, 0xE5, 0x86, 0xED,
    0xA5, 0xE5, 0xA6, 0xED, 0x45, 0xDD, 0x21, 0xBC, 0x21, 0xBC, 0x01, 0xB4, 0x87, 0xE5, 0x28, 0xF6,
    0x85, 0xE5, 0x65, 0xE5, 0xC2, 0xCC, 0x21, 0x62, 0xC0, 0x20, 0x6A, 0x52, 0xB3, 0x94, 0x55, 0xA5,
    0xDB, 0xDE, 0xFC, 0xDE, 0xFB, 0xDE, 0xFB, 0xDE, 0xFC, 0xDE, 0xFC, 0xDE, 0xFC, 0xDE, 0xFC, 0xDE,
    0xFC, 0xDE, 0xFC, 0xDE, 0xFC, 0xDE, 0xFC, 0xDE, 0xFC, 0xDE, 0xFC, 0xDE, 0xFC, 0xDE, 0xFC, 0xDE,
    0xFC, 0xDE, 0xFC, 0xDE, 0xFC, 0xDE, 0xFC, 0xDE, 0xFC, 0xDE, 0xDC, 0xDE, 0xFC, 0xDE, 0xFC, 0xDE,
    0xFC, 0xDE, 0xFC, 0xDE, 0xFB, 0xD6, 0x9A, 0xD6, 0xF8, 0xBD, 0x73, 0x94, 0x8E, 0x7B, 0x23, 0x39,
    0x22, 0x51, 0x05, 0xB3, 0x85, 0xBB, 0x42, 0x7A, 0x21, 0x39, 0x42, 0x41, 0x01, 0x39, 0x41, 0x49,
    0xA1, 0x18, 0xA2, 0x51, 0x05, 0xEC, 0x24, 0xE4, 0xA2, 0x61, 0x03, 0x21, 0x9A, 0xD6, 0xAE, 0x73,
    0x44, 0x2A, 0x89, 0x54, 0xC6, 0x43, 0x4A, 0x5C, 0xCB, 0x6C, 0xEA, 0x64, 0x8A, 0x64, 0x66, 0x32,
    0x65, 0x29, 0x05, 0x29, 0xEF, 0x7B, 0x3C, 0xE7, 0xDB, 0xDE, 0xFC, 0xDE, 0x9E, 0xF7, 0x9D, 0xF7,
    0xBE, 0xF7, 0x59, 0xCE, 0x73, 0x8C, 0x94, 0x94, 0x73, 0x8C, 0x56, 0xAD, 0x7A, 0xCE, 0x7A, 0xCE,
    0x5A, 0xCE, 0xFC, 0xDE, 0x3D, 0xE7, 0x3C, 0xE7, 0x9E, 0xF7, 0x8E, 0x73, 0x05, 0x21, 0x86, 0x31,
    0x66, 0x29, 0x6D, 0x21, 0x71, 0x21, 0x71, 0x21, 0x71, 0x21, 0x71, 0x21, 0x6D, 0x21, 0x86, 0x31,
    0x86, 0x31, 0x45, 0x29, 0x69, 0x4A, 0xDB, 0xDE, 0x3D, 0xE7, 0x3C, 0xE7, 0xFC, 0xDE, 0x7A, 0xCE,
    0x7A, 0xCE, 0x7B, 0xCE, 0x97, 0xB5, 0x73, 0x8C, 0x94, 0x94, 0x93, 0x8C, 0x7A, 0xCE, 0xBE, 0xF7,
    0x9D, 0xF7, 0x9E, 0xF7, 0x3C, 0xE7, 0xDB, 0xDE, 0xDC, 0xDE, 0xDC, 0xDE, 0xFC, 0xDE, 0xFC, 0xDE,
    0xFC, 0xDE, 0xFC, 0xDE, 0xFC, 0xDE, 0xFC, 0xDE, 0xFC, 0xDE, 0xFC, 0xDE, 0xFC, 0xDE, 0xFC, 0xDE,
    0xFC, 0xDE, 0xFC, 0xDE, 0xFC, 0xDE, 0xFC, 0xDE, 0xFC, 0xDE, 0xFC, 0xDE, 0xFC, 0xDE, 0xFC, 0xDE,
    0xFC, 0xDE, 0xFC, 0xDE, 0xFC, 0xDE, 0xFC, 0xDE, 0xFC, 0xDE, 0xFC, 0xDE, 0xFC, 0xDE, 0xFC, 0xDE,
    0xFC, 0xDE, 0xDB, 0xDE, 0x1D, 0xE7, 0xAF, 0x73, 0x82, 0x10, 0x0B, 0x2A, 0x3A, 0x5C, 0x3B, 0x54,
    0xBA, 0x43, 0xBA, 0x3B, 0xBA, 0x43, 0xBA, 0x43, 0xBA, 0x43, 0xBA, 0x43, 0xBA, 0x43, 0xBA, 0x43,
    0xBA, 0x43, 0xDA, 0x43, 0xDA, 0x43, 0xBA, 0x43, 0xBA, 0x4B, 0xBA, 0x43, 0xDA, 0x3B, 0xBA, 0x43,
    0xBA, 0x43, 0xB9, 0x43, 0x5C, 0x54, 0xBD, 0x64, 0xB1, 0x32, 0xA4, 0x08, 0xE5, 0x18, 0x05, 0x11,
    0x83, 0x00, 0x6B, 0x4A, 0x1C, 0xE7, 0xFC, 0xDE, 0xDC, 0xDE, 0xDC, 0xDE, 0xFC, 0xDE, 0xFC, 0xDE,
    0xFC, 0xDE, 0xFC, 0xDE, 0xFC, 0xDE, 0xFC, 0xDE, 0xFC, 0xDE, 0xFB, 0xDE, 0xFC, 0xDE, 0xFC, 0xDE,
    0xFC, 0xDE, 0xFC, 0xDE, 0xFC, 0xDE, 0xFC, 0xDE, 0xFC, 0xDE, 0xFB, 0xDE, 0xFB, 0xDE, 0xFB, 0xDE,
    0xFD, 0xDE, 0x3A, 0xC6, 0xB6, 0xB5, 0xCF, 0x73, 0x00, 0x00, 0x81, 0x41, 0x66, 0xD5, 0xA5, 0xE5,
    0x86, 0xE5, 0xA5, 0xE5, 0xA5, 0xE5, 0x86, 0xED, 0x85, 0xE5, 0xA6, 0xED, 0x24, 0xDD, 0xC0, 0xAB,
    0xE0, 0xAB, 0xE1, 0xB3, 0xE8, 0xED, 0xAA, 0xFE, 0xA5, 0xE5, 0x24, 0xE5, 0x63, 0xB4, 0xA2, 0x39,
    0x00, 0x00, 0x2C, 0x6B, 0x19, 0xC6, 0xF9, 0xBD, 0xFC, 0xDE, 0xFC, 0xDE, 0xFC, 0xDE, 0xFB, 0xDE,
    0xFC, 0xDE, 0xFC, 0xDE, 0xFC, 0xDE, 0xFC, 0xDE, 0xFC, 0xDE, 0xFC, 0xDE, 0xFC, 0xDE, 0xFC, 0xDE,
    0xFC, 0xDE, 0xFC, 0xDE, 0xFC, 0xDE, 0xFC, 0xDE, 0xFC, 0xDE, 0xFC, 0xDE, 0xFC, 0xDE, 0xFC, 0xDE,
    0xFC, 0xDE, 0xFC, 0xDE, 0xFC, 0xDE, 0xFC, 0xDE, 0xFC, 0xDE, 0xFC, 0xDE, 0xFC, 0xDE, 0xFC, 0xE6,
    0x9B, 0xD6, 0xB8, 0xB5, 0x51, 0x8C, 0x62, 0x00, 0x60, 0x18, 0xC5, 0xC3, 0xA6, 0xEC, 0x83, 0x82,
    0x00, 0x00, 0x82, 0x18, 0xC3, 0x18, 0xC3, 0x18, 0x62, 0x08, 0x82, 0x51, 0x63, 0xDB, 0xA4, 0xD3,
    0xA2, 0x51, 0xE4, 0x18, 0xBB, 0xDE, 0xEF, 0x7B, 0xA1, 0x08, 0x21, 0x09, 0x84, 0x22, 0xAD, 0x7D,
    0x0C, 0x7E, 0x2B, 0x7E, 0x2D, 0x7E, 0xA4, 0x22, 0x01, 0x09, 0x20, 0x00, 0xEB, 0x5A, 0x5D, 0xEF,
    0xFD, 0xE6, 0x1C, 0xE7, 0x9E, 0xF7, 0x9D, 0xF7, 0xBE, 0xF7, 0x59, 0xCE, 0x73, 0x8C, 0x93, 0x94,
    0x73, 0x8C, 0x56, 0xAD, 0x7A, 0xCE, 0x7A, 0xCE, 0x5A, 0xCE, 0xFC, 0xDE, 0x3D, 0xE7, 0x3C, 0xE7,
    0x9E, 0xF7, 0x8E, 0x73, 0x05, 0x21, 0x86, 0x31, 0x66, 0x29, 0x6D, 0x21, 0x71, 0x21, 0x71, 0x21,
    0x71, 0x21, 0x71, 0x21, 0x6D, 0x21, 0x86, 0x31, 0x86, 0x31, 0x45, 0x29, 0x69, 0x4A, 0xDB, 0xDE,
    0x3D, 0xE7, 0x1D, 0xE7, 0xFC, 0xDE, 0x7A, 0xCE, 0x5A, 0xCE, 0x7A, 0xCE, 0xB7, 0xB5, 0x93, 0x8C,
    0x94, 0x94, 0x93, 0x8C, 0x7A, 0xCE, 0xBE, 0xF7, 0x7D, 0xF7, 0x9D, 0xF7, 0x3C, 0xE7, 0xDB, 0xDE,
    0xDC, 0xDE, 0xDC, 0xDE, 0xDC, 0xDE, 0xFC, 0xDE, 0xFC, 0xDE, 0xFC, 0xDE, 0xFC, 0xDE, 0xFC, 0xDE,
    0xFC, 0xDE, 0xFC, 0xDE, 0xFC, 0xDE, 0xFC, 0xDE, 0xFC, 0xDE, 0xFC, 0xDE, 0xFC, 0xDE, 0xFC, 0xDE,
    0xFC, 0xDE, 0xFC, 0xDE, 0xFC, 0xDE, 0xFC, 0xDE, 0xFC, 0xDE, 0xFC, 0xDE, 0xFC, 0xDE, 0xFC, 0xDE,
    0xFC, 0xDE, 0xFC, 0xDE, 0xFC, 0xDE, 0xFC, 0xDE, 0xFC, 0xDE, 0xDB, 0xDE, 0x1D, 0xE7, 0xCF, 0x7B,
    0x83, 0x10, 0xEA, 0x29, 0x1A, 0x54, 0x3C, 0x54, 0xDA, 0x43, 0xBA, 0x3B, 0xBA, 0x43, 0xBA, 0x43,
    0xBA, 0x43, 0xBA, 0x43, 0xBA, 0x43, 0xBA, 0x43, 0xBA, 0x43, 0xBA, 0x43, 0xBA, 0x43, 0xBA, 0x43,
    0xBA, 0x43, 0xBA, 0x43, 0xBA, 0x43, 0xBA, 0x43, 0xBA, 0x43, 0xBA, 0x43, 0xDA, 0x4B, 0xFB, 0x4B,
    0xF9, 0x4B, 0xB6, 0x4B, 0x95, 0x4B, 0x95, 0x4B, 0x75, 0x4B, 0x2B, 0x32, 0xAB, 0x5A, 0x14, 0xA5,
    0x1C, 0xE7, 0xDB, 0xDE, 0xFC, 0xDE, 0xDC, 0xDE, 0xFC, 0xDE, 0xFC, 0xDE, 0xFC, 0xDE, 0xFC, 0xDE,
    0xFC, 0xDE, 0xFC, 0xDE, 0xFC, 0xDE, 0xFC, 0xDE, 0xFC, 0xDE, 0xFC, 0xDE, 0xFC, 0xDE, 0xFC, 0xDE,
    0xFC, 0xDE, 0xFC, 0xDE, 0xFC, 0xDE, 0xFC, 0xDE, 0xFC, 0xDE, 0x9B, 0xD6, 0x19, 0xC6, 0x10, 0x7C,
    0x21, 0x00, 0x81, 0x49, 0x63, 0xC4, 0xC2, 0xD4, 0x65, 0xE5, 0xA6, 0xE5, 0xA5, 0xE5, 0x85, 0xED,
    0x85, 0xED, 0x85, 0xE5, 0x65, 0xDD, 0xE4, 0xCC, 0x45, 0xD5, 0xA7, 0xE5, 0x08, 0xEE, 0x07, 0xF6,
    0x64, 0xE5, 0xA2, 0xA3, 0x60, 0x41, 0x68, 0x52, 0x8E, 0x73, 0x15, 0xA5, 0xBB, 0xD6, 0x9B, 0xD6,
    0xFC, 0xDE, 0xDC, 0xDE, 0xFC, 0xDE, 0xFC, 0xDE, 0xFC, 0xDE, 0xFC, 0xDE, 0xFC, 0xDE, 0xFC, 0xDE,
    0xFC, 0xDE, 0xFC, 0xDE, 0xFC, 0xDE, 0xFC, 0xDE, 0xFC, 0xDE, 0xFC, 0xDE, 0xFC, 0xDE, 0xFC, 0xDE,
    0xFC, 0xDE, 0xFC, 0xDE, 0xFC, 0xDE, 0xFC, 0xDE, 0xFC, 0xDE, 0xFC, 0xDE, 0xFC, 0xDE, 0xFC, 0xDE,
    0xFC, 0xDE, 0xFC, 0xDE, 0xFC, 0xDE, 0xFC, 0xDE, 0xDB, 0xDE, 0x5A, 0xCE, 0x97, 0xB5, 0xAF, 0x73,
    0xAA, 0x5A, 0x82, 0x59, 0xC2, 0x59, 0xA4, 0x49, 0x2D, 0x6B, 0x32, 0x84, 0xF4, 0x9C, 0x49, 0x4A,
    0x20, 0x00, 0x61, 0x51, 0x65, 0xCB, 0xC3, 0xAA, 0x83, 0x41, 0xAF, 0x73, 0xBB, 0xDE, 0x59, 0xCE,
    0xAF, 0x73, 0x8E, 0x6B, 0x4C, 0x63, 0x45, 0x32, 0x05, 0x33, 0x09, 0x5D, 0x28, 0x55, 0x29, 0x5D,
    0x4B, 0x6D, 0x08, 0x54, 0xAA, 0x5B, 0x4B, 0x5B, 0x6E, 0x73, 0x9A, 0xD6, 0x9E, 0xF7, 0x9D, 0xF7,
    0xBE, 0xF7, 0x59, 0xCE, 0x73, 0x8C, 0x93, 0x94, 0x73, 0x8C, 0x56, 0xAD, 0x7A, 0xCE, 0x7A, 0xCE,
    0x5A, 0xCE, 0xFC, 0xDE, 0x5D, 0xEF, 0x1C, 0xE7, 0x9E, 0xF7, 0xAE, 0x73, 0x05, 0x21, 0x66, 0x29,
    0x66, 0x29, 0x6D, 0x21, 0x71, 0x21, 0x71, 0x21, 0x71, 0x21, 0x71, 0x21, 0x6D, 0x21, 0x86, 0x31,
    0x86, 0x31, 0x45, 0x29, 0x69, 0x4A, 0xDB, 0xDE, 0x3D, 0xE7, 0x1D, 0xE7, 0xFC, 0xDE, 0x7A, 0xCE,
    0x5A, 0xCE, 0x7A, 0xCE, 0x97, 0xB5, 0x93, 0x8C, 0x94, 0x94, 0x73, 0x8C, 0x7A, 0xCE, 0xBE, 0xF7,
    0x9D, 0xF7, 0x9E, 0xF7, 0x3C, 0xE7, 0xDB, 0xDE, 0xDC, 0xDE, 0xDC, 0xDE, 0xDC, 0xDE, 0xFC, 0xDE,
    0xFC, 0xDE, 0xFC, 0xDE, 0xFC, 0xDE, 0xFC, 0xDE, 0xFC, 0xDE, 0xFC, 0xDE, 0xFC, 0xDE, 0xFC, 0xDE,
    0xFC, 0xDE, 0xFC, 0xDE, 0xFC, 0xDE, 0xFC, 0xDE, 0xFC, 0xDE, 0xFC, 0xDE, 0xFC, 0xDE, 0xFC, 0xDE,
    0xFC, 0xDE, 0xFC, 0xDE, 0xFC, 0xDE, 0xFC, 0xDE, 0xFC, 0xDE, 0xFC, 0xDE, 0xFC, 0xDE, 0xFC, 0xDE,
    0xFC, 0xDE, 0xDB, 0xDE, 0x3D, 0xE7, 0xCF, 0x7B, 0x82, 0x10, 0xCA, 0x21, 0x3B, 0x54, 0x5D, 0x54,
    0xDA, 0x43, 0xB9, 0x43, 0xBA, 0x43, 0xBA, 0x43, 0xBA, 0x43, 0xBA, 0x43, 0xBA, 0x43, 0xBA, 0x43,
    0xBA, 0x43, 0xBA, 0x43, 0xBA, 0x43, 0xBA, 0x43, 0xBA, 0x43, 0xBA, 0x43, 0xBA, 0x43, 0xBA, 0x43,
    0xBA, 0x43, 0xBA, 0x43, 0xBA, 0x43, 0xBB, 0x43, 0x3C, 0x54, 0x9C, 0x5C, 0x7C, 0x5C, 0x9D, 0x5C,
    0xDD, 0x64, 0x0C, 0x2A, 0x21, 0x08, 0xEF, 0x7B, 0x3D, 0xE7, 0xDB, 0xDE, 0xFB, 0xDE, 0xDC, 0xDE,
    0xFC, 0xDE, 0xFC, 0xDE, 0xFC, 0xDE, 0xFC, 0xDE, 0xFC, 0xDE, 0xFC, 0xDE, 0xFC, 0xDE, 0xFC, 0xDE,
    0xFC, 0xDE, 0xFC, 0xDE, 0xFC, 0xDE, 0xFC, 0xDE, 0xFC, 0xDE, 0xFC, 0xDE, 0xFC, 0xDE, 0xFC, 0xDE,
    0xFC, 0xDE, 0xDC, 0xDE, 0x3D, 0xE7, 0x92, 0x94, 0x00, 0x00, 0xA0, 0x49, 0xA3, 0xC4, 0xA2, 0xCC,
    0x44, 0xDD, 0xA5, 0xE5, 0xA4, 0xE5, 0x85, 0xED, 0x85, 0xE5, 0x85, 0xE5, 0x85, 0xE5, 0xA6, 0xE5,
    0x49, 0xFE, 0xAA, 0xFE, 0xE7, 0xED, 0xA6, 0xE5, 0x24, 0xD5, 0xC3, 0x7A, 0x00, 0x00, 0xAC, 0x5A,
    0x36, 0xA5, 0xD8, 0xB5, 0xFC, 0xE6, 0xFC, 0xE6, 0xFC, 0xDE, 0xFC, 0xDE, 0xFC, 0xDE, 0xFC, 0xDE,
    0xFC, 0xDE, 0xFC, 0xDE, 0xFC, 0xDE, 0xFC, 0xDE, 0xFC, 0xDE, 0xFC, 0xDE, 0xFC, 0xDE, 0xFC, 0xDE,
    0xFC, 0xDE, 0xFC, 0xDE, 0xFC, 0xDE, 0xFC, 0xDE, 0xFC, 0xDE, 0xFC, 0xDE, 0xFC, 0xDE, 0xFC, 0xDE,
    0xFC, 0xDE, 0xFC, 0xDE, 0xFC, 0xDE, 0xFC, 0xDE, 0xFC, 0xDE, 0xFC, 0xDE, 0xFC, 0xDE, 0xFC, 0xDE,
    0xFC, 0xDE, 0xFC, 0xDE, 0x9A, 0xD6, 0xD8, 0xBD, 0xCF, 0x7B, 0x00, 0x00, 0x00, 0x00, 0x24, 0x21,
    0x97, 0xAD, 0x77, 0xAD, 0x97, 0xB5, 0x49, 0x4A, 0x00, 0x00, 0xA0, 0x20, 0x20, 0x59, 0x80, 0x30,
    0xE7, 0x41, 0xD8, 0xBD, 0xBB, 0xDE, 0x9C, 0xDE, 0x56, 0xA5, 0xD8, 0xAD, 0x52, 0x8C, 0x21, 0x00,
    0xE0, 0x00, 0x29, 0x4C, 0x89, 0x54, 0x2A, 0x65, 0xAA, 0x6D, 0x4D, 0x7E, 0xCA, 0x64, 0x80, 0x00,
    0xA3, 0x18, 0x19, 0xC6, 0xBE, 0xF7, 0x9D, 0xF7, 0xBE, 0xF7, 0x59, 0xCE, 0x73, 0x8C, 0x94, 0x94,
    0x73, 0x8C, 0x56, 0xAD, 0x7A, 0xCE, 0x7A, 0xCE, 0x5A, 0xCE, 0xFC, 0xDE, 0x5D, 0xEF, 0x3C, 0xE7,
    0x9E, 0xF7, 0xAE, 0x73, 0x04, 0x21, 0x66, 0x29, 0x66, 0x29, 0x6D, 0x21, 0x71, 0x21, 0x71, 0x21,
    0x71, 0x21, 0x71, 0x21, 0x6D, 0x21, 0x86, 0x31, 0x86, 0x31, 0x65, 0x29, 0x69, 0x4A, 0xDB, 0xDE,
    0x3D, 0xE7, 0x1D, 0xE7, 0xFC, 0xDE, 0x7A, 0xCE, 0x7A, 0xCE, 0x7A, 0xCE, 0x97, 0xB5, 0x93, 0x8C,
    0x94, 0x94, 0x73, 0x8C, 0x7A, 0xCE, 0xBE, 0xF7, 0x9D, 0xF7, 0x9E, 0xF7, 0x3C, 0xE7, 0xDB, 0xDE,
    0xDC, 0xDE, 0xDC, 0xDE, 0xDC, 0xDE, 0xFC, 0xDE, 0xFC, 0xDE, 0xFC, 0xDE, 0xFC, 0xDE, 0xFC, 0xDE,
    0xFC, 0xDE, 0xFC, 0xDE, 0xFC, 0xDE, 0xDC, 0xDE, 0xFC, 0xDE, 0xFC, 0xDE, 0xDC, 0xDE, 0xFC, 0xDE,
    0xFC, 0xDE, 0xFC, 0xDE, 0xFC, 0xDE, 0xFC, 0xDE, 0xFC, 0xDE, 0xFC, 0xDE, 0xFC, 0xDE, 0xFC, 0xDE,
    0xFC, 0xDE, 0xFC, 0xDE, 0xFC, 0xDE, 0xFC, 0xDE, 0xFC, 0xDE, 0xDC, 0xDE, 0x3D, 0xE7, 0xAF, 0x73,
    0x62, 0x10, 0xAA, 0x21, 0x98, 0x3B, 0xBA, 0x43, 0xB9, 0x43, 0xB9, 0x43, 0xBA, 0x43, 0xBA, 0x43,
    0xBA, 0x43, 0xBA, 0x43, 0xBA, 0x43, 0xBA, 0x43, 0xBA, 0x43, 0xBA, 0x43, 0xBA, 0x43, 0xBA, 0x43,
    0xBA, 0x43, 0xBA, 0x43, 0xBA, 0x43, 0xBA, 0x43, 0xBA, 0x43, 0xBA, 0x3B, 0xDA, 0x3B, 0xBA, 0x43,
    0xDA, 0x43, 0xFA, 0x4B, 0xDA, 0x4B, 0x98, 0x3B, 0xDA, 0x43, 0x0D, 0x22, 0x41, 0x08, 0x10, 0x84,
    0x5D, 0xEF, 0xFB, 0xD6, 0xFB, 0xDE, 0xDC, 0xE6, 0xFC, 0xDE, 0xFC, 0xDE, 0xDC, 0xDE, 0xFC, 0xDE,
    0xFC, 0xDE, 0xFC, 0xDE, 0xFC, 0xDE, 0xFC, 0xDE, 0xFC, 0xDE, 0xFC, 0xDE, 0xFC, 0xDE, 0xFC, 0xDE,
    0xFC, 0xDE, 0xFC, 0xDE, 0xFC, 0xDE, 0xFC, 0xDE, 0xFC, 0xDE, 0xDC, 0xDE, 0x1D, 0xE7, 0xB7, 0xB5,
    0xAA, 0x52, 0xC7, 0x62, 0x42, 0x6A, 0x02, 0x8B, 0x46, 0xDD, 0xA5, 0xED, 0x85, 0xE5, 0x86, 0xED,
    0x85, 0xE5, 0xA5, 0xE5, 0xA5, 0xE5, 0xA6, 0xE5, 0xE7, 0xED, 0x08, 0xF6, 0xC6, 0xE5, 0xC6, 0xED,
    0x44, 0xE5, 0x22, 0x83, 0x20, 0x00, 0xAE, 0x73, 0x3A, 0xC6, 0x7A, 0xCE, 0xFC, 0xDE, 0xDC, 0xDE,
    0xDC, 0xDE, 0xDC, 0xDE, 0xFC, 0xDE, 0xFC, 0xDE, 0xFC, 0xDE, 0xFC, 0xDE, 0xFC, 0xDE, 0xDC, 0xDE,
    0xFC, 0xDE, 0xFC, 0xDE, 0xFC, 0xDE, 0xFC, 0xDE, 0xFC, 0xDE, 0xFC, 0xDE, 0xFC, 0xDE, 0xFC, 0xDE,
    0xFC, 0xDE, 0xFC, 0xDE, 0xFC, 0xDE, 0xFC, 0xDE, 0xFC, 0xDE, 0xFC, 0xDE, 0xFC, 0xDE, 0xFC, 0xDE,
    0xFC, 0xDE, 0xFC, 0xDE, 0xFC, 0xDE, 0xFC, 0xDE, 0xDC, 0xDE, 0xDC, 0xDE, 0xBB, 0xD6, 0x5A, 0xCE,
    0x76, 0xAD, 0x8E, 0x73, 0x2D, 0x6B, 0x30, 0x8C, 0x59, 0xCE, 0xF9, 0xBD, 0x1A, 0xBE, 0x30, 0x84,
    0xEC, 0x5A, 0xAA, 0x5A, 0x24, 0x29, 0x25, 0x29, 0x93, 0x8C, 0x7B, 0xCE, 0xBB, 0xDE, 0xBB, 0xD6,
    0x19, 0xC6, 0x39, 0xC6, 0x36, 0xAD, 0x0D, 0x63, 0xEA, 0x4A, 0x66, 0x32, 0x86, 0x32, 0xA5, 0x32,
    0xC5, 0x32, 0x67, 0x43, 0xE7, 0x42, 0x88, 0x42, 0x6F, 0x6B, 0x9B, 0xD6, 0x9E, 0xF7, 0x9D, 0xF7,
    0xBE, 0xF7, 0x59, 0xCE, 0x73, 0x8C, 0x94, 0x94, 0x93, 0x94, 0x56, 0xAD, 0x7A, 0xCE, 0x7A, 0xCE,
    0x5A, 0xCE, 0xFC, 0xDE, 0x5D, 0xEF, 0x3C, 0xE7, 0x9E, 0xF7, 0xAE, 0x73, 0x04, 0x21, 0x66, 0x29,
    0x66, 0x29, 0x6D, 0x21, 0x71, 0x21, 0x71, 0x21, 0x71, 0x21, 0x71, 0x21, 0x6D, 0x21, 0x86, 0x31,
    0x86, 0x31, 0x65, 0x29, 0x69, 0x4A, 0xDB, 0xDE, 0x3D, 0xE7, 0x1D, 0xE7, 0xFC, 0xDE, 0x7A, 0xCE,
    0x7A, 0xCE, 0x7A, 0xCE, 0x97, 0xB5, 0x73, 0x8C, 0x94, 0x94, 0x73, 0x8C, 0x7A, 0xCE, 0xBE, 0xF7,
    0x9D, 0xF7, 0x9E, 0xF7, 0x3C, 0xE7, 0xDB, 0xDE, 0xDC, 0xDE, 0xDC, 0xDE, 0xDC, 0xDE, 0xFC, 0xDE,
    0xFC, 0xDE, 0xFC, 0xDE, 0xFC, 0xDE, 0xFC, 0xDE, 0xFC, 0xDE, 0xFC, 0xDE, 0xFC, 0xDE, 0xFC, 0xDE,
    0xFC, 0xDE, 0xFC, 0xDE, 0xFC, 0xDE, 0xFC, 0xDE, 0xFC, 0xDE, 0xFC, 0xDE, 0xFC, 0xDE, 0xFC, 0xDE,
    0xFC, 0xDE, 0xFC, 0xDE, 0xDC, 0xDE, 0xFC, 0xDE, 0xFC, 0xDE, 0xFC, 0xDE, 0xFC, 0xDE, 0xFC, 0xDE,
    0xFC, 0xDE, 0xFC, 0xDE, 0x3D, 0xE7, 0x6E, 0x6B, 0x41, 0x08, 0x69, 0x19, 0xF4, 0x2A, 0xF5, 0x2A,
    0x99, 0x3B, 0xBA, 0x43, 0xDA, 0x43, 0xBA, 0x43, 0xBA, 0x43, 0xBA, 0x43, 0xBA, 0x43, 0xBA, 0x43,
    0xBA, 0x43, 0xBA, 0x43, 0xBA, 0x43, 0xBA, 0x43, 0xBA, 0x43, 0xBA, 0x43, 0xDA, 0x43, 0xBA, 0x43,
    0xBA, 0x43, 0xBA, 0x43, 0xB9, 0x43, 0xB9, 0x43, 0x99, 0x3B, 0xBA, 0x3B, 0x79, 0x33, 0xB5, 0x1A,
    0xD5, 0x22, 0x6A, 0x11, 0x00, 0x00, 0xAE, 0x7B, 0x5D, 0xE7, 0xDB, 0xD6, 0xFB, 0xDE, 0xDC, 0xDE,
    0xFC, 0xDE, 0xFC, 0xDE, 0xFC, 0xDE, 0xFC, 0xDE, 0xFC, 0xDE, 0xFC, 0xDE, 0xFC, 0xDE, 0xFC, 0xDE,
    0xFC, 0xDE, 0xFC, 0xDE, 0xFC, 0xDE, 0xFC, 0xDE, 0xFC, 0xDE, 0xFC, 0xDE, 0xFC, 0xDE, 0xDC, 0xDE,
    0xFC, 0xDE, 0xFC, 0xDE, 0x1C, 0xDF, 0x7A, 0xCE, 0x35, 0xA5, 0xCF, 0x7B, 0x00, 0x08, 0x61, 0x41,
    0x46, 0xDD, 0x84, 0xED, 0xA5, 0xE5, 0xA5, 0xE5, 0xA5, 0xE5, 0xA5, 0xE5, 0xA5, 0xE5, 0xA6, 0xE5,
    0x86, 0xE5, 0xA5, 0xE5, 0xC5, 0xE5, 0xE7, 0xF5, 0x64, 0xE5, 0x43, 0x83, 0x00, 0x00, 0x71, 0x8C,
    0x7E, 0xEF, 0xFC, 0xDE, 0xFC, 0xDE, 0xFC, 0xDE, 0x1C, 0xE7, 0xFC, 0xDE, 0xFC, 0xDE, 0xDC, 0xDE,
    0xFC, 0xDE, 0xDC, 0xDE, 0xDC, 0xDE, 0xDC, 0xDE, 0xDC, 0xDE, 0xDC, 0xDE, 0xFC, 0xDE, 0xFC, 0xDE,
    0xFC, 0xDE, 0xFC, 0xDE, 0xFC, 0xDE, 0xFC, 0xDE, 0xFC, 0xDE, 0xFC, 0xDE, 0xFC, 0xDE, 0xFC, 0xDE,
    0xFC, 0xDE, 0xFC, 0xDE, 0xFC, 0xDE, 0xFC, 0xDE, 0xFC, 0xDE, 0xFC, 0xDE, 0xDC, 0xDE, 0xFC, 0xDE,
    0xFC, 0xDE, 0xFC, 0xDE, 0xFC, 0xDE, 0x1C, 0xE7, 0x9B, 0xD6, 0x57, 0xAD, 0x37, 0xA5, 0xF9, 0xBD,
    0x1C, 0xE7, 0xFD, 0xDE, 0xFD, 0xDE, 0x18, 0xBE, 0x76, 0xAD, 0x56, 0xA5, 0xD5, 0x9C, 0xD5, 0x9C,
    0x7B, 0xCE, 0x7E, 0xF7, 0x5E, 0xEF, 0x5D, 0xEF, 0x3C, 0xE7, 0xFB, 0xE6, 0xFC, 0xE6, 0x19, 0xC6,
    0xD3, 0x94, 0x60, 0x00, 0x20, 0x00, 0x40, 0x00, 0x40, 0x00, 0x00, 0x00, 0x00, 0x00, 0xF0, 0x7B,
    0xD7, 0xB5, 0xDB, 0xDE, 0x9E, 0xF7, 0x9D, 0xF7, 0xBE, 0xF7, 0x59, 0xCE, 0x73, 0x8C, 0x94, 0x94,
    0x93, 0x94, 0x56, 0xAD, 0x7A, 0xCE, 0x5A, 0xCE, 0x5A, 0xCE, 0xFC, 0xDE, 0x5D, 0xEF, 0x3C, 0xE7,
    0x9E, 0xF7, 0xAE, 0x73, 0x05, 0x21, 0x66, 0x29, 0x66, 0x29, 0x6D, 0x21, 0x71, 0x21, 0x71, 0x21,
    0x71, 0x21, 0x71, 0x21, 0x6D, 0x21, 0x86, 0x31, 0x86, 0x31, 0x45, 0x29, 0x69, 0x4A, 0xDB, 0xDE,
    0x3D, 0xE7, 0x1D, 0xE7, 0xFC, 0xDE, 0x7A, 0xCE, 0x7A, 0xCE, 0x7B, 0xCE, 0x97, 0xB5, 0x73, 0x8C,
    0x94, 0x94, 0x73, 0x8C, 0x7A, 0xCE, 0xBE, 0xF7, 0x9D, 0xF7, 0x9E, 0xF7, 0x3C, 0xE7, 0xDB, 0xDE,
    0xDC, 0xDE, 0xDC, 0xDE, 0xDC, 0xDE, 0xFC, 0xDE, 0xFC, 0xDE, 0xFC, 0xDE, 0xFC, 0xDE, 0xFC, 0xDE,
    0xFC, 0xDE, 0xFC, 0xDE, 0xFC, 0xDE, 0xFC, 0xDE, 0xFC, 0xDE, 0xFC, 0xDE, 0xFC, 0xDE, 0xFC, 0xDE,
    0xFC, 0xDE, 0xFC, 0xDE, 0xFC, 0xDE, 0xFC, 0xDE, 0xFC, 0xDE, 0xFC, 0xDE, 0xDC, 0xDE, 0xFC, 0xDE,
    0xFC, 0xDE, 0xFC, 0xDE, 0xFC, 0xDE, 0xFC, 0xDE, 0xFC, 0xDE, 0xDC, 0xDE, 0x1C, 0xE7, 0x52, 0x8C,
    0x09, 0x42, 0xAD, 0x42, 0x6F, 0x2A, 0x2F, 0x22, 0x37, 0x3B, 0x9A, 0x3B, 0xBA, 0x3B, 0xBA, 0x43,
    0xBA, 0x43, 0xBA, 0x43, 0xBA, 0x43, 0xBA, 0x43, 0xBA, 0x43, 0xBA, 0x43, 0xBA, 0x43, 0xBA, 0x43,
    0xBA, 0x43, 0xBA, 0x43, 0xBA, 0x43, 0xBA, 0x43, 0xBA, 0x43, 0xBA, 0x43, 0xB9, 0x43, 0xBA, 0x43,
    0x9A, 0x43, 0x7A, 0x3B, 0x16, 0x33, 0xEF, 0x19, 0x50, 0x2A, 0x6D, 0x42, 0x87, 0x31, 0x71, 0x8C,
    0x3C, 0xE7, 0xDC, 0xDE, 0xFB, 0xDE, 0xFC, 0xDE, 0xFC, 0xDE, 0xFC, 0xDE, 0xFC, 0xDE, 0xFC, 0xDE,
    0xFC, 0xDE, 0xFC, 0xDE, 0xFC, 0xDE, 0xFC, 0xDE, 0xFC, 0xDE, 0xFC, 0xDE, 0xFC, 0xDE, 0xFC, 0xDE,
    0xFC, 0xDE, 0xFC, 0xDE, 0xFC, 0xDE, 0xDC, 0xDE, 0xFC, 0xDE, 0xFC, 0xDE, 0xFC, 0xDE, 0x9A, 0xD6,
    0xF8, 0xBD, 0x72, 0x8C, 0x40, 0x00, 0x61, 0x39, 0x26, 0xDD, 0x86, 0xED, 0xA6, 0xE5, 0xA6, 0xE5,
    0xA5, 0xE5, 0xA5, 0xE5, 0xA5, 0xE5, 0xA5, 0xE5, 0xA6, 0xE5, 0xA5, 0xE5, 0xA5, 0xED, 0xC6, 0xF5,
    0x65, 0xE5, 0xE4, 0xAB, 0x82, 0x41, 0x28, 0x4A, 0xF4, 0xA4, 0xFC, 0xDE, 0xDB, 0xDE, 0x7A, 0xD6,
    0x7A, 0xCE, 0xBB, 0xD6, 0xFC, 0xDE, 0xDB, 0xDE, 0xDC, 0xDE, 0xDC, 0xDE, 0xDC, 0xDE, 0xDC, 0xDE,
    0xDC, 0xDE, 0xDC, 0xDE, 0xFC, 0xDE, 0xFC, 0xDE, 0xFC, 0xDE, 0xFC, 0xDE, 0xFC, 0xDE, 0xFC, 0xDE,
    0xFC, 0xDE, 0xFC, 0xDE, 0xFC, 0xDE, 0xFC, 0xDE, 0xFC, 0xDE, 0xFC, 0xDE, 0xFC, 0xDE, 0xFC, 0xDE,
    0xFC, 0xDE, 0xFC, 0xDE, 0xFC, 0xDE, 0xFC, 0xDE, 0xDC, 0xDE, 0xDC, 0xDE, 0xFC, 0xDE, 0xFC, 0xDE,
    0x7A, 0xCE, 0x97, 0xAD, 0x97, 0xAD, 0x19, 0xBE, 0xFC, 0xDE, 0xFC, 0xDE, 0xFC, 0xE6, 0x59, 0xCE,
    0x97, 0xAD, 0x77, 0xB5, 0x97, 0xB5, 0xB8, 0xBD, 0x35, 0xAD, 0xF3, 0xA4, 0x55, 0xA5, 0x35, 0xA5,
    0x9A, 0xD6, 0xDC, 0xDE, 0x14, 0xA5, 0xD0, 0x7B, 0xF1, 0x83, 0xCC, 0x52, 0xCC, 0x52, 0xEC, 0x5A,
    0xEC, 0x5A, 0x6A, 0x52, 0x8B, 0x52, 0x15, 0xA5, 0x19, 0xBE, 0xDC, 0xDE, 0x9E, 0xF7, 0x9D, 0xF7,
    0xBE, 0xFF, 0x5A, 0xCE, 0x73, 0x8C, 0x94, 0x94, 0x93, 0x94, 0x56, 0xAD, 0x7A, 0xCE, 0x7A, 0xCE,
    0x5A, 0xCE, 0xFC, 0xDE, 0x5D, 0xEF, 0x3C, 0xE7, 0x9E, 0xF7, 0xAE, 0x73, 0x05, 0x21, 0x66, 0x29,
    0x66, 0x29, 0x6D, 0x21, 0x71, 0x21, 0x71, 0x21, 0x71, 0x21, 0x71, 0x21, 0x6D, 0x21, 0x86, 0x31,
    0x86, 0x31, 0x45, 0x29, 0x69, 0x4A, 0xDB, 0xDE, 0x3D, 0xE7, 0x1D, 0xE7, 0xFC, 0xDE, 0x7A, 0xCE,
    0x7A, 0xCE, 0x9B, 0xD6, 0xB7, 0xB5, 0x73, 0x8C, 0x94, 0x94, 0x73, 0x8C, 0x7A, 0xCE, 0xBE, 0xF7,
    0x9D, 0xF7, 0x9E, 0xF7, 0x3C, 0xE7, 0xDB, 0xDE, 0xDC, 0xDE, 0xDC, 0xDE, 0xDC, 0xDE, 0xFC, 0xDE,
    0xFC, 0xDE, 0xFC, 0xDE, 0xFC, 0xDE, 0xFC, 0xDE, 0xFC, 0xDE, 0xFC, 0xDE, 0xFC, 0xDE, 0xFC, 0xDE,
    0xFC, 0xDE, 0xFC, 0xDE, 0xFC, 0xDE, 0xFC, 0xDE, 0xFC, 0xDE, 0xFC, 0xDE, 0xFC, 0xDE, 0xFC, 0xDE,
    0xDC, 0xDE, 0xDC, 0xDE, 0xDC, 0xDE, 0xFC, 0xDE, 0xFC, 0xDE, 0xFC, 0xDE, 0xFC, 0xDE, 0xFC, 0xDE,
    0xFC, 0xDE, 0xDC, 0xDE, 0xFC, 0xDE, 0x39, 0xC6, 0x96, 0xB5, 0xD4, 0x9C, 0xE5, 0x18, 0x85, 0x00,
    0xB4, 0x2A, 0x38, 0x2B, 0x99, 0x3B, 0xBA, 0x43, 0xBA, 0x43, 0xBA, 0x43, 0xBA, 0x43, 0xBA, 0x43,
    0xBA, 0x43, 0xBA, 0x43, 0xBA, 0x43, 0xBA, 0x43, 0xBA, 0x43, 0xBA, 0x43, 0xBA, 0x43, 0xBA, 0x43,
    0xBA, 0x43, 0xBB, 0x43, 0xBA, 0x43, 0xBA, 0x43, 0x38, 0x33, 0x95, 0x22, 0x30, 0x22, 0xA5, 0x10,
    0x88, 0x29, 0x16, 0xA5, 0x16, 0xA5, 0x38, 0xBE, 0x1B, 0xE7, 0xBC, 0xE6, 0xFC, 0xDE, 0xFB, 0xDE,
    0xFC, 0xDE, 0xFC, 0xDE, 0xFC, 0xDE, 0xFC, 0xDE, 0xFC, 0xDE, 0xFC, 0xDE, 0xFC, 0xDE, 0xFC, 0xDE,
    0xFC, 0xDE, 0xFC, 0xDE, 0xFC, 0xDE, 0xFC, 0xDE, 0xFC, 0xDE, 0xFC, 0xDE, 0xFC, 0xDE, 0xDC, 0xDE,
    0xFC, 0xDE, 0xFC, 0xDE, 0x1C, 0xDF, 0xF8, 0xBD, 0x72, 0x8C, 0xCE, 0x7B, 0x01, 0x29, 0x22, 0x5A,
    0x67, 0xDD, 0xA5, 0xE5, 0xA6, 0xE5, 0x86, 0xED, 0xA6, 0xE5, 0xA5, 0xE5, 0xA5, 0xE5, 0xA5, 0xE5,
    0xA6, 0xE5, 0xA5, 0xE5, 0xA5, 0xED, 0xA5, 0xE5, 0xC6, 0xE5, 0x28, 0xF6, 0x69, 0xCD, 0x40, 0x08,
    0xEC, 0x5A, 0x3D, 0xEF, 0x9A, 0xD6, 0xAA, 0x52, 0x25, 0x21, 0x0C, 0x63, 0xFC, 0xDE, 0xDB, 0xDE,
    0xDC, 0xDE, 0xDC, 0xDE, 0xDC, 0xDE, 0xDC, 0xDE, 0xDC, 0xDE, 0xDC, 0xDE, 0xFC, 0xDE, 0xFC, 0xDE,
    0xFC, 0xDE, 0xFC, 0xDE, 0xFC, 0xDE, 0xFC, 0xDE, 0xFC, 0xDE, 0xFC, 0xDE, 0xFC, 0xDE, 0xFC, 0xDE,
    0xFC, 0xDE, 0xFC, 0xDE, 0xFC, 0xDE, 0xFC, 0xDE, 0xFC, 0xDE, 0xFC, 0xDE, 0xFB, 0xDE, 0xFB, 0xDE,
    0xDC, 0xDE, 0xDC, 0xDE, 0xDC, 0xDE, 0xDC, 0xDE, 0xDC, 0xDE, 0xDC, 0xDE, 0xFC, 0xDE, 0xFC, 0xDE,
    0xDC, 0xDE, 0xFB, 0xDE, 0xFB, 0xDE, 0x1D, 0xE7, 0x3D, 0xE7, 0xFB, 0xE6, 0x1C, 0xDF, 0xBF, 0xF7,
    0x6E, 0x7B, 0x20, 0x00, 0xA1, 0x08, 0x41, 0x08, 0xAB, 0x52, 0xD8, 0xBD, 0x66, 0x29, 0x00, 0x00,
    0xEC, 0x5A, 0xF9, 0xBD, 0x98, 0xB5, 0x98, 0xB5, 0xB7, 0xB5, 0x76, 0xAD, 0x97, 0xAD, 0xBC, 0xD6,
    0xFD, 0xE6, 0xFC, 0xE6, 0x7D, 0xF7, 0x9D, 0xF7, 0xBE, 0xFF, 0x5A, 0xCE, 0x73, 0x8C, 0x94, 0x94,
    0x93, 0x94, 0x56, 0xAD, 0x7A, 0xCE, 0x7A, 0xCE, 0x5A, 0xCE, 0xFC, 0xDE, 0x5D, 0xEF, 0x1C, 0xE7,
    0x9E, 0xF7, 0xAF, 0x73, 0x04, 0x21, 0x66, 0x29, 0x66, 0x29, 0x6D, 0x21, 0x71, 0x21, 0x71, 0x21,
    0x71, 0x21, 0x71, 0x21, 0x6D, 0x21, 0x86, 0x31, 0x86, 0x31, 0x45, 0x29, 0x69, 0x4A, 0xDB, 0xDE,
    0x3D, 0xE7, 0x3D, 0xE7, 0xFC, 0xDE, 0x7A, 0xCE, 0x7A, 0xCE, 0x9B, 0xD6, 0xB7, 0xB5, 0x73, 0x8C,
    0x94, 0x94, 0x73, 0x8C, 0x7A, 0xCE, 0xBE, 0xF7, 0x9D, 0xF7, 0x9E, 0xF7, 0x3C, 0xE7, 0xDB, 0xDE,
    0xDC, 0xDE, 0xDC, 0xDE, 0xDC, 0xDE, 0xFC, 0xDE, 0xFC, 0xDE, 0xFC, 0xDE, 0xFC, 0xDE, 0xFC, 0xDE,
    0xFC, 0xDE, 0xFC, 0xDE, 0xFC, 0xDE, 0xFC, 0xDE, 0xFC, 0xDE, 0xFC, 0xDE, 0xFC, 0xDE, 0xFC, 0xDE,
    0xFC, 0xDE, 0xFC, 0xDE, 0xFC, 0xDE, 0xFC, 0xDE, 0xDC, 0xDE, 0xDC, 0xDE, 0xDC, 0xDE, 0xFC, 0xDE,
    0xFC, 0xDE, 0xFC, 0xDE, 0xFC, 0xDE, 0xFC, 0xDE, 0xFC, 0xDE, 0xDC, 0xDE, 0xFC, 0xE6, 0x59, 0xCE,
    0x97, 0xB5, 0xD4, 0x9C, 0x86, 0x39, 0xE4, 0x10, 0x71, 0x2A, 0xF6, 0x2A, 0x59, 0x3B, 0x9A, 0x43,
    0xBA, 0x43, 0xB9, 0x43, 0xBA, 0x43, 0xBA, 0x43, 0xBA, 0x43, 0xBA, 0x43, 0xBA, 0x43, 0xBA, 0x43,
    0xBA, 0x43, 0xBA, 0x43, 0xBA, 0x43, 0xBA, 0x43, 0xBA, 0x43, 0xBA, 0x43, 0xD9, 0x43, 0xB9, 0x43,
    0x37, 0x2B, 0xB6, 0x1A, 0x51, 0x22, 0xA3, 0x08, 0x85, 0x29, 0x14, 0xA5, 0x16, 0xA5, 0x19, 0xBE,
    0xFB, 0xE6, 0xDC, 0xE6, 0xFC, 0xDE, 0xFB, 0xDE, 0xFC, 0xDE, 0xFC, 0xDE, 0xFC, 0xDE, 0xFC, 0xDE,
    0xFC, 0xDE, 0xFC, 0xDE, 0xFC, 0xDE, 0xFC, 0xDE, 0xFC, 0xDE, 0xFC, 0xDE, 0xFC, 0xDE, 0xFC, 0xDE,
    0xFC, 0xDE, 0xFC, 0xDE, 0xFC, 0xDE, 0xDC, 0xDE, 0xFC, 0xDE, 0xDB, 0xDE, 0x3D, 0xE7, 0xD3, 0x9C,
    0x00, 0x00, 0xC2, 0x41, 0xEA, 0xD5, 0x2A, 0xEE, 0xC7, 0xED, 0xA5, 0xE5, 0xA5, 0xE5, 0x85, 0xED,
    0xA6, 0xE5, 0xA5, 0xE5, 0xA5, 0xE5, 0xA5, 0xE5, 0xA6, 0xED, 0xA5, 0xED, 0xA5, 0xE5, 0x85, 0xE5,
    0x85, 0xDD, 0xC6, 0xED, 0x27, 0xCD, 0xA0, 0x10, 0x4D, 0x63, 0x7E, 0xF7, 0xFC, 0xDE, 0xC7, 0x31,
    0x00, 0x00, 0x29, 0x42, 0x5D, 0xE7, 0xFC, 0xDE, 0xDC, 0xDE, 0xDC, 0xDE, 0xDC, 0xDE, 0xDC, 0xDE,
    0xDC, 0xDE, 0xDC, 0xDE, 0xFC, 0xDE, 0xFC, 0xDE, 0xFC, 0xDE, 0xFC, 0xDE, 0xFC, 0xDE, 0xFC, 0xDE,
    0xFC, 0xDE, 0xFC, 0xDE, 0xFC, 0xDE, 0xFC, 0xDE, 0xFC, 0xDE, 0xFC, 0xDE, 0xFC, 0xDE, 0xFC, 0xDE,
    0xFC, 0xDE, 0xFC, 0xDE, 0xFC, 0xDE, 0xFC, 0xDE, 0xDC, 0xDE, 0xFC, 0xDE, 0xFC, 0xDE, 0xDC, 0xDE,
    0xDC, 0xDE, 0xFB, 0xDE, 0xFB, 0xDE, 0xFC, 0xDE, 0xDC, 0xDE, 0xDB, 0xDE, 0xFB, 0xDE, 0x7A, 0xCE,
    0xD8, 0xBD, 0x95, 0xBD, 0x75, 0xAD, 0x55, 0xA5, 0x0A, 0x53, 0x64, 0x2A, 0x88, 0x53, 0x04, 0x2A,
    0x61, 0x10, 0xAF, 0x7B, 0x08, 0x4B, 0x85, 0x32, 0x68, 0x42, 0x76, 0xAD, 0x96, 0xB5, 0x76, 0xAD,
    0x76, 0xAD, 0x76, 0xAD, 0x97, 0xB5, 0xBB, 0xD6, 0xFC, 0xDE, 0xFC, 0xE6, 0x9E, 0xF7, 0x9D, 0xF7,
    0xBE, 0xFF, 0x5A, 0xCE, 0x73, 0x8C, 0x94, 0x94, 0x93, 0x94, 0x56, 0xAD, 0x7A, 0xCE, 0x7A, 0xCE,
    0x5A, 0xCE, 0xFC, 0xDE, 0x5D, 0xEF, 0x1C, 0xE7, 0x9E, 0xF7, 0xAF, 0x73, 0x04, 0x21, 0x66, 0x29,
    0x66, 0x29, 0x6D, 0x21, 0x71, 0x21, 0x71, 0x21, 0x71, 0x21, 0x71, 0x21, 0x6D, 0x21, 0x86, 0x31,
    0x86, 0x31, 0x45, 0x29, 0x69, 0x4A, 0xDB, 0xDE, 0x3D, 0xE7, 0x3C, 0xE7, 0xFC, 0xDE, 0x7A, 0xCE,
    0x7A, 0xCE, 0x7B, 0xCE, 0x97, 0xB5, 0x73, 0x8C, 0x94, 0x8C, 0x73, 0x8C, 0x7A, 0xCE, 0xBE, 0xF7,
    0x9D, 0xF7, 0x9E, 0xF7, 0x3C, 0xE7, 0xDC, 0xDE, 0xDC, 0xDE, 0xDC, 0xDE, 0xDC, 0xDE, 0xFC, 0xDE,
    0xDC, 0xDE, 0xFC, 0xDE, 0xFC, 0xDE, 0xFC, 0xDE, 0xFC, 0xDE, 0xFC, 0xDE, 0xFC, 0xDE, 0xFC, 0xDE,
    0xFC, 0xDE, 0xFC, 0xDE, 0xFC, 0xDE, 0xDC, 0xDE, 0xFC, 0xDE, 0xFC, 0xDE, 0xFC, 0xDE, 0xFC, 0xDE,
    0xDC, 0xDE, 0xDC, 0xDE, 0xFC, 0xDE, 0xFC, 0xDE, 0xFC, 0xDE, 0xFC, 0xDE, 0xFC, 0xDE, 0xFC, 0xDE,
    0xFC, 0xDE, 0xFC, 0xDE, 0xFC, 0xDE, 0xDC, 0xDE, 0xDC, 0xDE, 0x3A, 0xCE, 0x36, 0xA5, 0xED, 0x52,
    0x4A, 0x09, 0xD0, 0x11, 0x37, 0x3B, 0xBA, 0x43, 0xBA, 0x43, 0xB9, 0x3B, 0xBA, 0x43, 0xBA, 0x43,
    0xBA, 0x43, 0xBA, 0x43, 0xBA, 0x43, 0xBA, 0x43, 0xBA, 0x43, 0xBA, 0x43, 0xBA, 0x43, 0xBA, 0x43,
    0xDA, 0x43, 0xBA, 0x43, 0xB9, 0x43, 0xB9, 0x43, 0x17, 0x33, 0x97, 0x22, 0x32, 0x2A, 0x82, 0x10,
    0xC6, 0x31, 0x7A, 0xCE, 0xBB, 0xD6, 0xBB, 0xDE, 0xFC, 0xDE, 0xDC, 0xDE, 0xFC, 0xDE, 0xFC, 0xDE,
    0xFC, 0xDE, 0xFC, 0xDE, 0xFC, 0xDE, 0xFC, 0xDE, 0xFC, 0xDE, 0xFC, 0xDE, 0xFC, 0xDE, 0xFC, 0xDE,
    0xFC, 0xDE, 0xFC, 0xDE, 0xFC, 0xDE, 0xFC, 0xDE, 0xFC, 0xDE, 0xFC, 0xDE, 0xFC, 0xDE, 0xFC, 0xDE,
    0xFC, 0xDE, 0xDC, 0xDE, 0x3D, 0xE7, 0x14, 0xA5, 0x82, 0x10, 0x43, 0x52, 0x6A, 0xF6, 0xAB, 0xFE,
    0xE7, 0xED, 0x85, 0xE5, 0xA5, 0xE5, 0x86, 0xED, 0xA5, 0xE5, 0xA5, 0xE5, 0xA5, 0xE5, 0xA5, 0xE5,
    0xA5, 0xE5, 0xA6, 0xED, 0x44, 0xDD, 0x03, 0xD5, 0xA2, 0xCC, 0xA1, 0xCC, 0x03, 0xA4, 0x20, 0x08,
    0x0D, 0x63, 0x9A, 0xD6, 0x14, 0xA5, 0xC5, 0x41, 0xE1, 0x28, 0x88, 0x52, 0xF7, 0xBD, 0x7A, 0xD6,
    0xFC, 0xE6, 0xDB, 0xDE, 0xDC, 0xDE, 0xDC, 0xDE, 0xFC, 0xDE, 0xFC, 0xDE, 0xFC, 0xDE, 0xFC, 0xDE,
    0xFC, 0xDE, 0xFC, 0xDE, 0xFC, 0xDE, 0xFC, 0xDE, 0xFC, 0xDE, 0xFC, 0xDE, 0xFC, 0xDE, 0xFC, 0xDE,
    0xFC, 0xDE, 0xFC, 0xDE, 0xFC, 0xDE, 0xFC, 0xDE, 0xFC, 0xDE, 0xFC, 0xDE, 0xFC, 0xDE, 0xFC, 0xDE,
    0xFC, 0xDE, 0xFC, 0xDE, 0xFC, 0xDE, 0xDC, 0xDE, 0xDB, 0xDE, 0xFB, 0xDE, 0xFB, 0xDE, 0xDB, 0xDE,
    0xDC, 0xDE, 0xDC, 0xDE, 0x3D, 0xEF, 0x4D, 0x6B, 0x62, 0x08, 0xE2, 0x10, 0xA2, 0x10, 0x00, 0x00,
    0x07, 0x43, 0x4E, 0x86, 0x2D, 0x7E, 0xE6, 0x3A, 0xC3, 0x10, 0xE4, 0x18, 0xE8, 0x4B, 0x2B, 0x6D,
    0x80, 0x00, 0x2D, 0x63, 0x3D, 0xE7, 0xBB, 0xDE, 0xBB, 0xDE, 0xDB, 0xDE, 0xDB, 0xDE, 0xFC, 0xDE,
    0xDC, 0xDE, 0xFC, 0xE6, 0x9E, 0xF7, 0x9D, 0xF7, 0xBE, 0xFF, 0x5A, 0xCE, 0x73, 0x8C, 0x94, 0x94,
    0x93, 0x94, 0x56, 0xAD, 0x7A, 0xCE, 0x7A, 0xCE, 0x5A, 0xCE, 0xFC, 0xDE, 0x5D, 0xEF, 0x3C, 0xE7,
    0x9E, 0xF7, 0xAF, 0x73, 0x24, 0x21, 0x86, 0x31, 0x66, 0x29, 0x6D, 0x21, 0x71, 0x21, 0x71, 0x21,
    0x71, 0x21, 0x71, 0x21, 0x6D, 0x21, 0x86, 0x31, 0x86, 0x31, 0x45, 0x29, 0x49, 0x4A, 0xDB, 0xDE,
    0x3D, 0xE7, 0x3C, 0xE7, 0xFC, 0xDE, 0x7A, 0xCE, 0x7A, 0xCE, 0x7B, 0xCE, 0x97, 0xB5, 0x73, 0x8C,
    0x94, 0x8C, 0x73, 0x8C, 0x7A, 0xCE, 0xBE, 0xF7, 0x9D, 0xF7, 0x9E, 0xF7, 0x3C, 0xE7, 0xDC, 0xDE,
    0xDC, 0xDE, 0xDC, 0xDE, 0xDC, 0xDE, 0xFC, 0xDE, 0xDC, 0xDE, 0xFC, 0xDE, 0xFC, 0xDE, 0xFC, 0xDE,
    0xFC, 0xDE, 0xFC, 0xDE, 0xFC, 0xDE, 0xFC, 0xDE, 0xFC, 0xDE, 0xFC, 0xDE, 0xFC, 0xDE, 0xFC, 0xDE,
    0xFC, 0xDE, 0xFC, 0xDE, 0xFC, 0xDE, 0xFC, 0xDE, 0xFC, 0xDE, 0xFC, 0xDE, 0xFC, 0xDE, 0xFC, 0xDE,
    0xFC, 0xDE, 0xFC, 0xDE, 0xFC, 0xDE, 0xFC, 0xDE, 0xFC, 0xDE, 0xFC, 0xDE, 0xFC, 0xDE, 0xFC, 0xDE,
    0xFC, 0xDE, 0x9A, 0xD6, 0xF8, 0xBD, 0x6F, 0x63, 0xE7, 0x08, 0x8D, 0x11, 0x36, 0x3B, 0xBA, 0x43,
    0x9A, 0x3B, 0xBA, 0x3B, 0xBA, 0x43, 0xBA, 0x43, 0xBA, 0x43, 0xBA, 0x43, 0xBA, 0x43, 0xBA, 0x43,
    0xBA, 0x43, 0xBA, 0x43, 0xBA, 0x43, 0xBA, 0x43, 0xBA, 0x43, 0xBA, 0x43, 0xBA, 0x3B, 0xBA, 0x43,
    0x17, 0x2B, 0xB5, 0x22, 0x51, 0x2A, 0xA4, 0x10, 0xE9, 0x39, 0xDB, 0xDE, 0xFC, 0xDE, 0xDC, 0xDE,
    0xFC, 0xDE, 0xDC, 0xDE, 0xDC, 0xDE, 0xFC, 0xDE, 0xFC, 0xDE, 0xFC, 0xDE, 0xFC, 0xDE, 0xFC, 0xDE,
    0xFC, 0xDE, 0xFC, 0xDE, 0xFC, 0xDE, 0xFC, 0xDE, 0xFC, 0xDE, 0xFC, 0xDE, 0xFC, 0xDE, 0xFC, 0xDE,
    0xFC, 0xDE, 0xFC, 0xDE, 0xFC, 0xDE, 0xFC, 0xDE, 0xFC, 0xDE, 0xDC, 0xDE, 0x3D, 0xE7, 0xF3, 0x9C,
    0x82, 0x08, 0x84, 0x5A, 0x6B, 0xEE, 0x6A, 0xF6, 0xC7, 0xED, 0xA5, 0xE5, 0xA5, 0xE5, 0xA5, 0xE5,
    0xA6, 0xE5, 0xA5, 0xE5, 0xA5, 0xE5, 0xA5, 0xED, 0xA5, 0xE5, 0xA6, 0xED, 0x04, 0xD5, 0xE2, 0xD4,
    0xE3, 0xCC, 0x63, 0xBC, 0xA4, 0x9B, 0x20, 0x08, 0x6E, 0x6B, 0x92, 0x8C, 0x00, 0x00, 0xC7, 0x93,
    0x8D, 0xF6, 0xC8, 0x8B, 0x60, 0x10, 0x91, 0x94, 0x5C, 0xE7, 0xDB, 0xDE, 0xDC, 0xDE, 0xDC, 0xDE,
    0xDC, 0xDE, 0xDC, 0xDE, 0xFC, 0xDE, 0xFC, 0xDE, 0xDC, 0xDE, 0xDC, 0xDE, 0xDC, 0xDE, 0xDC, 0xDE,
    0xFC, 0xDE, 0xFC, 0xDE, 0xFC, 0xDE, 0xFC, 0xDE, 0xFC, 0xDE, 0xFC, 0xDE, 0xFC, 0xDE, 0xFC, 0xDE,
    0xFC, 0xDE, 0xFC, 0xDE, 0xFC, 0xDE, 0xFC, 0xDE, 0xFC, 0xDE, 0xFC, 0xDE, 0xFC, 0xDE, 0xDC, 0xDE,
    0xDC, 0xDE, 0xDC, 0xDE, 0xDC, 0xDE, 0x1C, 0xDF, 0x3C, 0xE7, 0xDB, 0xDE, 0xDA, 0xD6, 0xCA, 0x52,
    0xA1, 0x08, 0xE3, 0x19, 0x85, 0x32, 0xA3, 0x19, 0xA7, 0x43, 0x2D, 0x76, 0x29, 0x5D, 0x24, 0x22,
    0xA4, 0x21, 0xA6, 0x29, 0xA7, 0x43, 0x2A, 0x6D, 0xE1, 0x08, 0xCB, 0x52, 0xDC, 0xDE, 0xDB, 0xDE,
    0xFC, 0xDE, 0xFC, 0xDE, 0xFC, 0xDE, 0xFC, 0xDE, 0xDC, 0xDE, 0xFC, 0xE6, 0x9E, 0xF7, 0x9D, 0xF7,
    0xBE, 0xF7, 0x59, 0xCE, 0x73, 0x8C, 0x94, 0x94, 0x93, 0x94, 0x57, 0xAD, 0x7A, 0xCE, 0x7A, 0xCE,
    0x5A, 0xCE, 0xFC, 0xDE, 0x5D, 0xEF, 0x3C, 0xE7, 0x9E, 0xF7, 0xAE, 0x73, 0x24, 0x21, 0x86, 0x31,
    0x66, 0x29, 0x6D, 0x21, 0x71, 0x21, 0x71, 0x21, 0x71, 0x21, 0x71, 0x21, 0x6D, 0x21, 0x66, 0x29,
    0x86, 0x31, 0x45, 0x29, 0x49, 0x4A, 0xDB, 0xDE, 0x3D, 0xE7, 0x3C, 0xE7, 0xFC, 0xDE, 0x7A, 0xCE,
    0x7A, 0xCE, 0x9B, 0xD6, 0x97, 0xB5, 0x73, 0x8C, 0x94, 0x8C, 0x73, 0x8C, 0x7A, 0xCE, 0xBE, 0xF7,
    0x9D, 0xF7, 0x9E, 0xF7, 0x3C, 0xE7, 0xDC, 0xDE, 0xDC, 0xDE, 0xDC, 0xDE, 0xDC, 0xDE, 0xFC, 0xDE,
    0xDC, 0xDE, 0xFC, 0xDE, 0xFC, 0xDE, 0xFC, 0xDE, 0xDC, 0xDE, 0xFC, 0xDE, 0xFC, 0xDE, 0xFC, 0xDE,
    0xFC, 0xDE, 0xFC, 0xDE, 0xFC, 0xDE, 0xFC, 0xDE, 0xFC, 0xDE, 0xFC, 0xDE, 0xFC, 0xDE, 0xFC, 0xDE,
    0xFC, 0xDE, 0xFC, 0xDE, 0xFC, 0xDE, 0xFC, 0xDE, 0xFC, 0xDE, 0xFC, 0xDE, 0xFC, 0xDE, 0xFC, 0xDE,
    0xFC, 0xDE, 0xDC, 0xDE, 0xDC, 0xDE, 0xDC, 0xDE, 0xDC, 0xDE, 0xDB, 0xDE, 0x1C, 0xDF, 0x93, 0x94,
    0x83, 0x08, 0xE7, 0x08, 0x52, 0x22, 0xB5, 0x2A, 0xF7, 0x2A, 0xBA, 0x43, 0xBA, 0x43, 0xBA, 0x43,
    0xBA, 0x43, 0xBA, 0x43, 0xBA, 0x43, 0xBA, 0x43, 0xBA, 0x43, 0xBA, 0x43, 0xBA, 0x43, 0xBA, 0x43,
    0xBA, 0x43, 0xBA, 0x43, 0x58, 0x33, 0x17, 0x2B, 0xB7, 0x22, 0x96, 0x22, 0x30, 0x22, 0xA3, 0x08,
    0xC7, 0x39, 0xBB, 0xD6, 0xDC, 0xDE, 0xDB, 0xDE, 0xDC, 0xDE, 0xDC, 0xDE, 0xFC, 0xDE, 0xFC, 0xDE,
    0xFC, 0xDE, 0xFC, 0xDE, 0xFC, 0xDE, 0xFC, 0xDE, 0xFC, 0xDE, 0xFC, 0xDE, 0xFC, 0xDE, 0xFC, 0xDE,
    0xFC, 0xDE, 0xFC, 0xDE, 0xFC, 0xDE, 0xFC, 0xDE, 0xFC, 0xDE, 0xFC, 0xDE, 0xFC, 0xDE, 0xFC, 0xDE,
    0xFC, 0xDE, 0xDB, 0xDE, 0x3D, 0xE7, 0xD3, 0x9C, 0x00, 0x00, 0x02, 0x4A, 0x4A, 0xEE, 0x69, 0xF6,
    0xC6, 0xED, 0xA5, 0xE5, 0xA5, 0xE5, 0xA5, 0xE5, 0xA6, 0xE5, 0xA5, 0xE5, 0xA5, 0xE5, 0xA5, 0xE5,
    0xA5, 0xE5, 0xA6, 0xED, 0x82, 0xCC, 0x20, 0xBC, 0x01, 0x83, 0xE0, 0x30, 0x83, 0x41, 0xCF, 0x7B,
    0xF9, 0xC5, 0x93, 0x8C, 0x20, 0x00, 0x48, 0xA4, 0x2B, 0xFF, 0x07, 0x9C, 0x20, 0x08, 0x71, 0x8C,
    0x3D, 0xE7, 0xDB, 0xDE, 0xDC, 0xDE, 0xDC, 0xDE, 0xDC, 0xDE, 0xDC, 0xDE, 0xDC, 0xDE, 0xFC, 0xDE,
    0xFC, 0xDE, 0xFC, 0xDE, 0xFC, 0xDE, 0xFC, 0xDE, 0xDC, 0xDE, 0xDC, 0xDE, 0xDC, 0xDE, 0xFC, 0xDE,
    0xFC, 0xDE, 0xFC, 0xDE, 0xFC, 0xDE, 0xFC, 0xDE, 0xFC, 0xDE, 0xFC, 0xDE, 0xFC, 0xDE, 0xFC, 0xDE,
    0xFC, 0xDE, 0xFC, 0xDE, 0xFC, 0xDE, 0xDC, 0xDE, 0xDB, 0xDE, 0xDB, 0xDE, 0xFB, 0xDE, 0x39, 0xC6,
    0x39, 0xC6, 0x2C, 0x63, 0x03, 0x19, 0xC8, 0x42, 0xAD, 0x7D, 0xED, 0x7D, 0x2E, 0x86, 0xAC, 0x75,
    0x29, 0x5D, 0xAA, 0x65, 0xEB, 0x6D, 0xAC, 0x75, 0xC8, 0x4B, 0x61, 0x08, 0xE8, 0x4B, 0x2C, 0x7E,
    0x2B, 0x6D, 0x26, 0x32, 0x45, 0x29, 0x35, 0xA5, 0x1C, 0xE7, 0xDB, 0xDE, 0xFC, 0xDE, 0xFC, 0xDE,
    0xDC, 0xDE, 0xFC, 0xE6, 0x9E, 0xF7, 0x9D, 0xF7, 0xBE, 0xFF, 0x5A, 0xCE, 0x73, 0x8C, 0x94, 0x94,
    0x73, 0x94, 0x77, 0xAD, 0x7A, 0xCE, 0x7A, 0xCE, 0x5A, 0xCE, 0xFC, 0xDE, 0x5D, 0xEF, 0x3C, 0xE7,
    0x9E, 0xF7, 0xAE, 0x73, 0x24, 0x21, 0x86, 0x31, 0x66, 0x29, 0x6D, 0x21, 0x71, 0x21, 0x71, 0x21,
    0x71, 0x21, 0x71, 0x21, 0x6D, 0x21, 0x66, 0x29, 0x66, 0x29, 0x45, 0x29, 0x49, 0x4A, 0xDB, 0xDE,
    0x3D, 0xE7, 0x3C, 0xE7, 0xFC, 0xDE, 0x7A, 0xCE, 0x5A, 0xCE, 0x7B, 0xCE, 0x97, 0xB5, 0x73, 0x8C,
    0x94, 0x94, 0x93, 0x8C, 0x7A, 0xCE, 0xBE, 0xF7, 0x9D, 0xF7, 0x9E, 0xF7, 0x3C, 0xE7, 0xDC, 0xDE,
    0xDC, 0xDE, 0xDC, 0xDE, 0xDC, 0xDE, 0xDC, 0xDE, 0xFC, 0xDE, 0xFC, 0xDE, 0xFC, 0xDE, 0xFC, 0xDE,
    0xDC, 0xDE, 0xFC, 0xDE, 0xFC, 0xDE, 0xFC, 0xDE, 0xFC, 0xDE, 0xFC, 0xDE, 0xFC, 0xDE, 0xFC, 0xDE,
    0xFC, 0xDE, 0xFC, 0xDE, 0xFC, 0xDE, 0xFC, 0xDE, 0xFC, 0xDE, 0xFC, 0xDE, 0xFC, 0xDE, 0xFC, 0xDE,
    0xFC, 0xDE, 0xFC, 0xDE, 0xFC, 0xDE, 0xFC, 0xDE, 0xFC, 0xDE, 0xFC, 0xDE, 0xFC, 0xDE, 0xFC, 0xDE,
    0xDC, 0xDE, 0xFC, 0xDE, 0x5C, 0xE7, 0xD3, 0x9C, 0x61, 0x10, 0xA5, 0x10, 0x0F, 0x2A, 0x72, 0x2A,
    0xD5, 0x32, 0xBA, 0x43, 0xBA, 0x43, 0x99, 0x43, 0xBA, 0x43, 0xBA, 0x43, 0xBA, 0x43, 0xBA, 0x43,
    0xBA, 0x43, 0xBA, 0x43, 0xBA, 0x43, 0xBA, 0x43, 0xBA, 0x43, 0xDA, 0x43, 0x37, 0x33, 0xF6, 0x2A,
    0xB6, 0x2A, 0x94, 0x2A, 0x0F, 0x2A, 0xC3, 0x10, 0x28, 0x42, 0xBB, 0xDE, 0xFC, 0xDE, 0xDC, 0xDE,
    0xDB, 0xDE, 0xDC, 0xDE, 0xFC, 0xDE, 0xFC, 0xDE, 0xFC, 0xDE, 0xFC, 0xDE, 0xFC, 0xDE, 0xFC, 0xDE,
    0xFC, 0xDE, 0xFC, 0xDE, 0xFC, 0xDE, 0xFC, 0xDE, 0xFC, 0xDE, 0xFC, 0xDE, 0xFC, 0xDE, 0xFC, 0xDE,
    0xFC, 0xDE, 0xFC, 0xDE, 0xFC, 0xDE, 0xFC, 0xDE, 0xFC, 0xDE, 0xDC, 0xDE, 0x3D, 0xE7, 0xD3, 0x9C,
    0x00, 0x00, 0xC1, 0x49, 0x29, 0xEE, 0x69, 0xFE, 0xC6, 0xED, 0x85, 0xED, 0xA5, 0xE5, 0xA6, 0xED,
    0xA6, 0xE5, 0xA5, 0xED, 0xA5, 0xE5, 0xA5, 0xE5, 0xA5, 0xE5, 0xC6, 0xED, 0xC3, 0xD4, 0x40, 0xB4,
    0xA2, 0x5A, 0x00, 0x00, 0x44, 0x21, 0xD4, 0x94, 0x97, 0xB5, 0xCA, 0x5A, 0x00, 0x00, 0x07, 0x9C,
    0x2B, 0xFF, 0x07, 0x94, 0x00, 0x00, 0x52, 0x8C, 0x3E, 0xEF, 0xDB, 0xDE, 0xDC, 0xDE, 0xFC, 0xDE,
    0xFC, 0xDE, 0xDC, 0xDE, 0xDC, 0xDE, 0xDC, 0xDE, 0xFC, 0xDE, 0xFC, 0xDE, 0xDC, 0xDE, 0xDC, 0xDE,
    0xFC, 0xDE, 0xFC, 0xDE, 0xFC, 0xDE, 0xDC, 0xDE, 0xDC, 0xDE, 0xDC, 0xDE, 0xFC, 0xDE, 0xFC, 0xDE,
    0xFC, 0xDE, 0xFC, 0xDE, 0xFC, 0xDE, 0xFC, 0xDE, 0xFC, 0xDE, 0xFC, 0xDE, 0xFC, 0xDE, 0xFC, 0xDE,
    0xFB, 0xDE, 0x1B, 0xDF, 0x3D, 0xEF, 0xCC, 0x5A, 0xC4, 0x18, 0x03, 0x19, 0x60, 0x00, 0xE5, 0x2A,
    0x4C, 0x7E, 0x0B, 0x76, 0x2B, 0x76, 0x0B, 0x6E, 0xA9, 0x65, 0xAA, 0x65, 0x0B, 0x76, 0x6C, 0x7E,
    0x68, 0x54, 0x60, 0x00, 0xE8, 0x4B, 0x4C, 0x76, 0xEB, 0x6D, 0x04, 0x2A, 0x61, 0x10, 0x34, 0xA5,
    0x3D, 0xEF, 0xDB, 0xDE, 0xDC, 0xDE, 0xDC, 0xDE, 0xDC, 0xDE, 0xFC, 0xE6, 0x9E, 0xF7, 0x9D, 0xF7,
    0xBE, 0xFF, 0x59, 0xCE, 0x73, 0x8C, 0x94, 0x94, 0x73, 0x94, 0x56, 0xAD, 0x7A, 0xCE, 0x7A, 0xCE,
    0x5A, 0xCE, 0xFC, 0xDE, 0x5D, 0xEF, 0x1C, 0xE7, 0x9E, 0xF7, 0xAE, 0x73, 0x24, 0x21, 0x86, 0x31,
    0x66, 0x29, 0x6D, 0x21, 0x71, 0x21, 0x71, 0x21, 0x71, 0x21, 0x71, 0x21, 0x6D, 0x21, 0x66, 0x29,
    0x66, 0x29, 0x45, 0x29, 0x49, 0x4A, 0xDB, 0xDE, 0x3D, 0xE7, 0x3C, 0xE7, 0xFC, 0xDE, 0x7A, 0xCE,
    0x5A, 0xCE, 0x7B, 0xCE, 0x97, 0xB5, 0x73, 0x8C, 0x94, 0x94, 0x93, 0x8C, 0x7A, 0xCE, 0xBE, 0xF7,
    0x9D, 0xF7, 0x9E, 0xF7, 0x3C, 0xE7, 0xDC, 0xDE, 0xDC, 0xDE, 0xDC, 0xDE, 0xDC, 0xDE, 0xDC, 0xDE,
    0xDC, 0xDE, 0xDC, 0xDE, 0xDC, 0xDE, 0xDC, 0xDE, 0xDC, 0xDE, 0xFC, 0xDE, 0xFC, 0xDE, 0xFC, 0xDE,
    0xFC, 0xDE, 0xFC, 0xDE, 0xFC, 0xDE, 0xFC, 0xDE, 0xFC, 0xDE, 0xFC, 0xDE, 0xFC, 0xDE, 0xFC, 0xDE,
    0xFC, 0xDE, 0xFC, 0xDE, 0xFC, 0xDE, 0xFC, 0xDE, 0xFC, 0xDE, 0xFC, 0xDE, 0xFC, 0xDE, 0xFC, 0xDE,
    0xFC, 0xDE, 0xFC, 0xDE, 0xFC, 0xDE, 0xFC, 0xDE, 0xFC, 0xDE, 0xFB, 0xDE, 0x1C, 0xDF, 0x39, 0xC6,
    0x11, 0x84, 0x52, 0x8C, 0xAE, 0x42, 0x08, 0x09, 0x30, 0x22, 0x1B, 0x54, 0x1B, 0x4C, 0xB9, 0x43,
    0xBA, 0x43, 0xBA, 0x43, 0xBA, 0x43, 0xBA, 0x43, 0xBA, 0x43, 0xBA, 0x43, 0xBA, 0x43, 0xBA, 0x43,
    0x58, 0x33, 0x38, 0x33, 0x95, 0x22, 0x53, 0x22, 0x10, 0x1A, 0x28, 0x09, 0x2B, 0x32, 0x94, 0x8C,
    0x36, 0xAD, 0xFC, 0xDE, 0xFC, 0xDE, 0xDC, 0xDE, 0xDC, 0xDE, 0xDC, 0xDE, 0xFC, 0xDE, 0xFC, 0xDE,
    0xFC, 0xDE, 0xFC, 0xDE, 0xFC, 0xDE, 0xFC, 0xDE, 0xFC, 0xDE, 0xFC, 0xDE, 0xFC, 0xDE, 0xFC, 0xDE,
    0xFC, 0xDE, 0xFC, 0xDE, 0xFC, 0xDE, 0xFC, 0xDE, 0xFC, 0xDE, 0xFC, 0xDE, 0xFC, 0xDE, 0xFC, 0xDE,
    0xFC, 0xDE, 0xDC, 0xDE, 0x3D, 0xE7, 0xB2, 0x94, 0x20, 0x00, 0x42, 0x5A, 0x04, 0xCD, 0xE3, 0xCC,
    0x85, 0xE5, 0xA6, 0xED, 0xA6, 0xED, 0xA6, 0xED, 0xA6, 0xE5, 0xA5, 0xE5, 0xA5, 0xE5, 0xA5, 0xE5,
    0x65, 0xE5, 0x23, 0xDD, 0x43, 0xB4, 0x60, 0x41, 0x67, 0x4A, 0x11, 0x7C, 0x93, 0x94, 0xF8, 0xBD,
    0x65, 0x21, 0x02, 0x4A, 0x87, 0xB4, 0x07, 0xD5, 0xE6, 0xED, 0xA4, 0x83, 0x00, 0x00, 0x30, 0x8C,
    0x5D, 0xEF, 0xDB, 0xDE, 0xDC, 0xDE, 0xFC, 0xDE, 0xFC, 0xDE, 0xDC, 0xDE, 0xDC, 0xDE, 0xDC, 0xDE,
    0xFC, 0xDE, 0xFC, 0xDE, 0xDC, 0xDE, 0xDC, 0xDE, 0xFC, 0xDE, 0xFC, 0xDE, 0xFC, 0xDE, 0xDC, 0xDE,
    0xDC, 0xDE, 0xDC, 0xDE, 0xFC, 0xDE, 0xFC, 0xDE, 0xFC, 0xDE, 0xFC, 0xDE, 0xFC, 0xDE, 0xFC, 0xDE,
    0xFC, 0xDE, 0xDC, 0xDE, 0xFC, 0xDE, 0xFC, 0xDE, 0xDC, 0xDE, 0xB7, 0xB5, 0x97, 0xAD, 0x08, 0x3A,
    0x40, 0x00, 0x47, 0x4B, 0xEB, 0x6C, 0x49, 0x65, 0x0B, 0x76, 0xAB, 0x6D, 0x69, 0x5D, 0x89, 0x5D,
    0x49, 0x5D, 0x2A, 0x65, 0x4A, 0x65, 0x6A, 0x65, 0x69, 0x65, 0x89, 0x5C, 0x4A, 0x6D, 0xEB, 0x75,
    0x0C, 0x76, 0x87, 0x4B, 0x40, 0x08, 0xAB, 0x5A, 0xFC, 0xDE, 0xDC, 0xDE, 0xDC, 0xDE, 0xDC, 0xDE,
    0xDB, 0xDE, 0xFC, 0xE6, 0x9E, 0xF7, 0x9D, 0xF7, 0xBE, 0xFF, 0x59, 0xCE, 0x73, 0x8C, 0x94, 0x94,
    0x73, 0x94, 0x56, 0xAD, 0x7A, 0xCE, 0x7A, 0xCE, 0x5A, 0xCE, 0xFC, 0xDE, 0x3D, 0xE7, 0x1C, 0xE7,
    0x9E, 0xF7, 0xAE, 0x73, 0x24, 0x21, 0x86, 0x31, 0x66, 0x29, 0x6D, 0x21, 0x71, 0x21, 0x71, 0x21,
    0x71, 0x21, 0x71, 0x21, 0x6D, 0x21, 0x86, 0x31, 0x66, 0x29, 0x45, 0x29, 0x49, 0x4A, 0xDB, 0xDE,
    0x3D, 0xE7, 0x3C, 0xE7, 0xFC, 0xDE, 0x7A, 0xCE, 0x5A, 0xCE, 0x7B, 0xCE, 0x97, 0xB5, 0x73, 0x8C,
    0x94, 0x94, 0x93, 0x8C, 0x7A, 0xCE, 0xBE, 0xF7, 0x9D, 0xF7, 0x9E, 0xF7, 0x3C, 0xE7, 0xDC, 0xDE,
    0xDC, 0xDE, 0xDC, 0xDE, 0xDC, 0xDE, 0xDC, 0xDE, 0xFC, 0xDE, 0xFC, 0xDE, 0xFC, 0xDE, 0xFC, 0xDE,
    0xFC, 0xDE, 0xFC, 0xDE, 0xFC, 0xDE, 0xDC, 0xDE, 0xDC, 0xDE, 0xDC, 0xDE, 0xDC, 0xDE, 0xFC, 0xDE,
    0xFC, 0xDE, 0xFC, 0xDE, 0xFC, 0xDE, 0xFC, 0xDE, 0xFC, 0xDE, 0xFC, 0xDE, 0xFC, 0xDE, 0xFC, 0xDE,
    0xFC, 0xDE, 0xFC, 0xDE, 0xFC, 0xDE, 0xFC, 0xDE, 0xFC, 0xDE, 0xFC, 0xDE, 0xFC, 0xDE, 0xFC, 0xDE,
    0xFB, 0xDE, 0xFC, 0xDE, 0xFC, 0xE6, 0x7A, 0xD6, 0x56, 0xAD, 0x77, 0xAD, 0x8B, 0x4A, 0x61, 0x00,
    0xED, 0x29, 0x7C, 0x5C, 0x5B, 0x4C, 0xD9, 0x43, 0x9A, 0x43, 0xBA, 0x43, 0xBA, 0x43, 0xBA, 0x43,
    0xBA, 0x43, 0xBA, 0x43, 0xBA, 0x43, 0xBA, 0x43, 0x18, 0x33, 0xF7, 0x2A, 0x74, 0x22, 0x11, 0x1A,
    0x8C, 0x19, 0x41, 0x00, 0xE7, 0x39, 0x36, 0xA5, 0x97, 0xB5, 0xDB, 0xDE, 0xDC, 0xDE, 0xDC, 0xDE,
    0xDC, 0xDE, 0xFC, 0xDE, 0xFC, 0xDE, 0xFC, 0xDE, 0xFC, 0xDE, 0xFC, 0xDE, 0xFC, 0xDE, 0xFC, 0xDE,
    0xFC, 0xDE, 0xFC, 0xDE, 0xFC, 0xDE, 0xFC, 0xDE, 0xFC, 0xDE, 0xFC, 0xDE, 0xFC, 0xDE, 0xFC, 0xDE,
    0xFC, 0xDE, 0xFC, 0xDE, 0xFC, 0xDE, 0xFC, 0xDE, 0xFC, 0xDE, 0xDC, 0xDE, 0x3D, 0xE7, 0xB2, 0x94,
    0x00, 0x00, 0x22, 0x5A, 0x04, 0xCD, 0xC3, 0xCC, 0x65, 0xE5, 0xA6, 0xED, 0xA5, 0xE5, 0xA6, 0xED,
    0xA6, 0xE5, 0xA5, 0xE5, 0xA5, 0xE5, 0xA5, 0xE5, 0x44, 0xDD, 0xC2, 0xCC, 0x03, 0xAC, 0x20, 0x08,
    0x0A, 0x42, 0x37, 0xAD, 0xB7, 0xB5, 0x9B, 0xD6, 0xC2, 0x10, 0x65, 0x83, 0xEA, 0xFE, 0xA6, 0xED,
    0x65, 0xED, 0xA4, 0x93, 0x00, 0x00, 0x30, 0x84, 0x5D, 0xE7, 0xDB, 0xDE, 0xDC, 0xDE, 0xDC, 0xDE,
    0xFC, 0xDE, 0xFC, 0xDE, 0xFC, 0xDE, 0xFC, 0xDE, 0xFC, 0xDE, 0xFC, 0xDE, 0xDC, 0xDE, 0xDC, 0xDE,
    0xDC, 0xDE, 0xDC, 0xDE, 0xDC, 0xDE, 0xFC, 0xDE, 0xFC, 0xDE, 0xFC, 0xDE, 0xFC, 0xDE, 0xFC, 0xDE,
    0xFC, 0xDE, 0xFC, 0xDE, 0xFC, 0xDE, 0xFC, 0xDE, 0xFC, 0xDE, 0xFC, 0xDE, 0xDB, 0xDE, 0xFC, 0xDE,
    0x9B, 0xD6, 0xA7, 0x39, 0xA1, 0x08, 0x28, 0x43, 0xCA, 0x64, 0xEC, 0x7D, 0x8D, 0x86, 0x4B, 0x76,
    0x0B, 0x76, 0xAC, 0x75, 0x29, 0x5D, 0x48, 0x55, 0x29, 0x5D, 0x0A, 0x5D, 0x29, 0x55, 0x28, 0x55,
    0xCA, 0x75, 0x4B, 0x7E, 0x0B, 0x76, 0xEB, 0x75, 0x2C, 0x76, 0x08, 0x4C, 0x20, 0x00, 0xA6, 0x39,
    0x7A, 0xCE, 0xDC, 0xDE, 0xDC, 0xDE, 0xDC, 0xDE, 0xFB, 0xDE, 0xFC, 0xE6, 0x9E, 0xF7, 0x9D, 0xF7,
    0xBE, 0xF7, 0x59, 0xCE, 0x73, 0x8C, 0x94, 0x94, 0x73, 0x8C, 0x56, 0xAD, 0x7A, 0xCE, 0x7A, 0xCE,
    0x5A, 0xCE, 0xFC, 0xDE, 0x3D, 0xE7, 0x1C, 0xE7, 0x9E, 0xF7, 0xAE, 0x73, 0x24, 0x21, 0x66, 0x29,
    0x66, 0x29, 0x6D, 0x21, 0x71, 0x21, 0x71, 0x21, 0x71, 0x21, 0x71, 0x21, 0x6D, 0x21, 0x86, 0x31,
    0x66, 0x29, 0x45, 0x29, 0x49, 0x4A, 0xDB, 0xDE, 0x3D, 0xE7, 0x3C, 0xE7, 0xFC, 0xDE, 0x7A, 0xCE,
    0x5A, 0xCE, 0x7B, 0xCE, 0x97, 0xB5, 0x73, 0x8C, 0x94, 0x94, 0x93, 0x8C, 0x7A, 0xCE, 0xBE, 0xF7,
    0x9D, 0xF7, 0x9E, 0xF7, 0x3C, 0xE7, 0xDB, 0xDE, 0xDC, 0xDE, 0xDC, 0xDE, 0xDC, 0xDE, 0xDC, 0xDE,
    0xDC, 0xDE, 0xDC, 0xDE, 0xDC, 0xDE, 0xDC, 0xDE, 0xFC, 0xDE, 0xFC, 0xDE, 0xFC, 0xDE, 0xDC, 0xDE,
    0xDC, 0xDE, 0xDC, 0xDE, 0xDC, 0xDE, 0xFC, 0xDE, 0xFC, 0xDE, 0xFC, 0xDE, 0xFC, 0xDE, 0xFC, 0xDE,
    0xFC, 0xDE, 0xFC, 0xDE, 0xFC, 0xDE, 0xFC, 0xDE, 0xDC, 0xDE, 0xFC, 0xDE, 0xFC, 0xDE, 0xFC, 0xDE,
    0xFC, 0xDE, 0xFC, 0xDE, 0xFC, 0xDE, 0xFC, 0xDE, 0xFC, 0xDE, 0xDC, 0xDE, 0xFC, 0xDE, 0xBA, 0xD6,
    0x18, 0xBE, 0x19, 0xC6, 0xAB, 0x5A, 0x60, 0x08, 0x2C, 0x32, 0x7B, 0x5C, 0x3B, 0x4C, 0xD9, 0x43,
    0x9A, 0x43, 0xBA, 0x43, 0xB9, 0x43, 0xBA, 0x43, 0xBA, 0x43, 0xBA, 0x43, 0xBA, 0x43, 0xBA, 0x43,
    0xB6, 0x22, 0x95, 0x22, 0x10, 0x22, 0x6A, 0x11, 0x6D, 0x42, 0x2D, 0x6B, 0x10, 0x84, 0x39, 0xC6,
    0x39, 0xC6, 0xDB, 0xDE, 0xDC, 0xDE, 0xDC, 0xDE, 0xFC, 0xDE, 0xFC, 0xDE, 0xFC, 0xDE, 0xFC, 0xDE,
    0xFC, 0xDE, 0xFC, 0xDE, 0xFC, 0xDE, 0xFC, 0xDE, 0xFC, 0xDE, 0xFC, 0xDE, 0xFC, 0xDE, 0xFC, 0xDE,
    0xFC, 0xDE, 0xFC, 0xDE, 0xFC, 0xDE, 0xFC, 0xDE, 0xFC, 0xDE, 0xFC, 0xDE, 0xFC, 0xDE, 0xFC, 0xDE,
    0xFC, 0xDE, 0xDC, 0xDE, 0x1C, 0xE7, 0xB7, 0xB5, 0xAC, 0x52, 0x4A, 0x7B, 0xC2, 0x7A, 0x01, 0x8B,
    0x45, 0xDD, 0xA6, 0xED, 0xA5, 0xE5, 0xA5, 0xE5, 0xA6, 0xE5, 0xA6, 0xED, 0x86, 0xE5, 0xA5, 0xE5,
    0x44, 0xDD, 0xE2, 0xCC, 0x63, 0xB4, 0xA0, 0x18, 0xAB, 0x52, 0x19, 0xC6, 0x39, 0xC6, 0x9A, 0xD6,
    0xC3, 0x20, 0xE4, 0x7A, 0x68, 0xFE, 0xC4, 0xCC, 0xA3, 0x9B, 0x84, 0x62, 0x21, 0x10, 0x32, 0x8C,
    0x7D, 0xEF, 0xDB, 0xDE, 0xDC, 0xDE, 0xDC, 0xDE, 0xFC, 0xDE, 0xFC, 0xDE, 0xFC, 0xDE, 0xFC, 0xDE,
    0xFC, 0xDE, 0xFC, 0xDE, 0xDC, 0xDE, 0xDC, 0xDE, 0xDC, 0xDE, 0xDC, 0xDE, 0xDC, 0xDE, 0xFC, 0xDE,
    0xFC, 0xDE, 0xFC, 0xDE, 0xFC, 0xDE, 0xFC, 0xDE, 0xFC, 0xDE, 0xFC, 0xDE, 0xFC, 0xDE, 0xFC, 0xDE,
    0xFC, 0xDE, 0xFC, 0xDE, 0xFC, 0xE6, 0x5E, 0xEF, 0xFC, 0xDE, 0x65, 0x31, 0x80, 0x00, 0xAA, 0x64,
    0x8E, 0x86, 0xEB, 0x6D, 0x8A, 0x65, 0x8A, 0x65, 0xAA, 0x65, 0x6A, 0x65, 0x49, 0x5D, 0x68, 0x5D,
    0x29, 0x5D, 0x29, 0x5D, 0x48, 0x5D, 0x48, 0x55, 0x6A, 0x65, 0x8A, 0x65, 0x8A, 0x65, 0x6A, 0x65,
    0xAC, 0x6D, 0x08, 0x4C, 0x20, 0x00, 0xA7, 0x39, 0xDC, 0xDE, 0xFC, 0xE6, 0xDB, 0xDE, 0xFC, 0xDE,
    0xFB, 0xDE, 0xFC, 0xE6, 0x9E, 0xF7, 0x9D, 0xF7, 0xBE, 0xF7, 0x59, 0xCE, 0x73, 0x8C, 0x94, 0x94,
    0x73, 0x8C, 0x56, 0xAD, 0x7A, 0xCE, 0x7A, 0xCE, 0x5A, 0xCE, 0xDC, 0xDE, 0x3D, 0xE7, 0x1C, 0xE7,
    0x9E, 0xF7, 0x8E, 0x73, 0x04, 0x21, 0x66, 0x29, 0x66, 0x29, 0x6D, 0x21, 0x71, 0x21, 0x71, 0x21,
    0x71, 0x21, 0x71, 0x21, 0x6D, 0x21, 0x66, 0x29, 0x66, 0x29, 0x45, 0x29, 0x49, 0x4A, 0xDB, 0xDE,
    0x3D, 0xE7, 0x3C, 0xE7, 0xFC, 0xDE, 0x5A, 0xCE, 0x5A, 0xCE, 0x7B, 0xCE, 0x97, 0xB5, 0x73, 0x8C,
    0x94, 0x94, 0x93, 0x8C, 0x7A, 0xCE, 0xBE, 0xF7, 0x9D, 0xF7, 0x9D, 0xF7, 0x3C, 0xE7, 0xDB, 0xDE,
    0xDC, 0xDE, 0xDC, 0xDE, 0xDC, 0xDE, 0xDC, 0xDE, 0xDC, 0xDE, 0xDC, 0xDE, 0xDC, 0xDE, 0xDC, 0xDE,
    0xDC, 0xDE, 0xDC, 0xDE, 0xDC, 0xDE, 0xDC, 0xDE, 0xFC, 0xDE, 0xDC, 0xDE, 0xDC, 0xDE, 0xDC, 0xDE,
    0xDC, 0xDE, 0xFC, 0xDE, 0xFC, 0xDE, 0xFC, 0xDE, 0xDC, 0xDE, 0xDC, 0xDE, 0xDC, 0xDE, 0xDC, 0xDE,
    0xDC, 0xDE, 0xFC, 0xDE, 0xFC, 0xDE, 0xFC, 0xDE, 0xFC, 0xDE, 0xFC, 0xDE, 0xFC, 0xDE, 0xFC, 0xDE,
    0xFC, 0xDE, 0xFC, 0xDE, 0xFC, 0xDE, 0xFC, 0xDE, 0xFC, 0xDE, 0x3C, 0xE7, 0x0C, 0x63, 0x41, 0x08,
    0x2D, 0x2A, 0x7B, 0x5C, 0x3C, 0x4C, 0xBA, 0x43, 0xBA, 0x3B, 0xBA, 0x43, 0xBA, 0x43, 0xBA, 0x43,
    0xBA, 0x43, 0xBA, 0x43, 0xD9, 0x43, 0xDA, 0x3B, 0x95, 0x22, 0x12, 0x2A, 0x49, 0x11, 0x40, 0x00,
    0xED, 0x62, 0x98, 0xB5, 0xD8, 0xB5, 0x1C, 0xDF, 0xFC, 0xDE, 0xDC, 0xDE, 0xDC, 0xDE, 0xFC, 0xDE,
    0xDC, 0xDE, 0xDC, 0xDE, 0xDC, 0xDE, 0xDC, 0xDE, 0xFC, 0xDE, 0xFC, 0xDE, 0xFC, 0xDE, 0xDC, 0xDE,
    0xDC, 0xDE, 0xDC, 0xDE, 0xDC, 0xDE, 0xFC, 0xDE, 0xDC, 0xDE, 0xFC, 0xDE, 0xFC, 0xDE, 0xFC, 0xDE,
    0xFC, 0xDE, 0xFC, 0xDE, 0xFC, 0xDE, 0xFC, 0xDE, 0xFC, 0xDE, 0xFC, 0xDE, 0xFC, 0xDE, 0x5B, 0xCE,
    0x57, 0xAD, 0x52, 0x8C, 0x41, 0x08, 0xE1, 0x30, 0x06, 0xD5, 0xC6, 0xED, 0xC5, 0xE5, 0xA5, 0xE5,
    0xA5, 0xED, 0xA5, 0xE5, 0x86, 0xE5, 0xA5, 0xED, 0x44, 0xDD, 0xE2, 0xD4, 0x84, 0xBC, 0xA0, 0x20,
    0x2D, 0x6B, 0x3D, 0xE7, 0xFC, 0xDE, 0x7A, 0xD6, 0xA2, 0x18, 0xE4, 0x7A, 0x47, 0xFE, 0x82, 0xC4,
    0xE0, 0x28, 0x20, 0x00, 0x00, 0x00, 0x10, 0x8C, 0x7D, 0xEF, 0xDB, 0xDE, 0xFC, 0xDE, 0xFC, 0xDE,
    0xFC, 0xDE, 0xFC, 0xDE, 0xFC, 0xDE, 0xFC, 0xDE, 0xDC, 0xDE, 0xDC, 0xDE, 0xDC, 0xDE, 0xDC, 0xDE,
    0xDC, 0xDE, 0xFC, 0xDE, 0xFC, 0xDE, 0xFC, 0xDE, 0xFC, 0xDE, 0xFC, 0xDE, 0xFC, 0xDE, 0xFC, 0xDE,
    0xFC, 0xDE, 0xFC, 0xDE, 0xFC, 0xDE, 0xFC, 0xDE, 0xFC, 0xDE, 0xFC, 0xE6, 0x7B, 0xD6, 0xB3, 0x94,
    0xB1, 0x8C, 0x25, 0x32, 0xA1, 0x11, 0xCB, 0x64, 0x2E, 0x86, 0x49, 0x5D, 0xE8, 0x54, 0x09, 0x5D,
    0x48, 0x5D, 0x28, 0x55, 0x29, 0x5D, 0x29, 0x5D, 0x29, 0x5D, 0x29, 0x5D, 0x29, 0x5D, 0x29, 0x5D,
    0x29, 0x55, 0x29, 0x5D, 0x29, 0x5D, 0xE8, 0x54, 0x6A, 0x65, 0xEA, 0x5C, 0x44, 0x22, 0xC6, 0x31,
    0xF1, 0x8B, 0x79, 0xCE, 0x1C, 0xDF, 0xFC, 0xDE, 0xFC, 0xDE, 0xFC, 0xE6, 0x9E, 0xF7, 0x9D, 0xF7,
    0xBE, 0xFF, 0x59, 0xCE, 0x73, 0x8C, 0x93, 0x8C, 0x73, 0x8C, 0x56, 0xAD, 0x7A, 0xCE, 0x7A, 0xCE,
    0x5A, 0xCE, 0xFC, 0xDE, 0x3D, 0xE7, 0x3C, 0xE7, 0x9E, 0xF7, 0x8E, 0x73, 0x04, 0x21, 0x66, 0x29,
    0x66, 0x29, 0x6D, 0x21, 0x71, 0x21, 0x71, 0x21, 0x71, 0x21, 0x71, 0x21, 0x6D, 0x21, 0x66, 0x29,
    0x66, 0x29, 0x45, 0x29, 0x49, 0x4A, 0xDB, 0xDE, 0x3D, 0xE7, 0x3C, 0xE7, 0xFC, 0xDE, 0x5A, 0xCE,
    0x5A, 0xCE, 0x7B, 0xCE, 0x97, 0xB5, 0x93, 0x8C, 0x94, 0x94, 0x93, 0x8C, 0x7A, 0xCE, 0xBE, 0xF7,
    0x9D, 0xF7, 0x9D, 0xF7, 0x3C, 0xE7, 0xDB, 0xDE, 0xDC, 0xDE, 0xDC, 0xDE, 0xDC, 0xDE, 0xDC, 0xDE,
    0xDC, 0xDE, 0xDC, 0xDE, 0xDC, 0xDE, 0xDC, 0xDE, 0xDC, 0xDE, 0xDC, 0xDE, 0xDC, 0xDE, 0xDC, 0xDE,
    0xFC, 0xDE, 0xDC, 0xDE, 0xDC, 0xDE, 0xDC, 0xDE, 0xDC, 0xDE, 0xFC, 0xDE, 0xFC, 0xDE, 0xFC, 0xDE,
    0xDC, 0xDE, 0xDC, 0xDE, 0xDC, 0xDE, 0xDC, 0xDE, 0xDC, 0xDE, 0xFC, 0xDE, 0xFC, 0xDE, 0xFC, 0xDE,
    0xFC, 0xDE, 0xFC, 0xDE, 0xFC, 0xDE, 0xFC, 0xDE, 0xFC, 0xDE, 0xFC, 0xDE, 0xFC, 0xDE, 0xFC, 0xDE,
    0xDB, 0xDE, 0x1C, 0xE7, 0x0C, 0x63, 0x41, 0x08, 0x0C, 0x2A, 0x7B, 0x5C, 0x3C, 0x4C, 0xBA, 0x43,
    0xBA, 0x43, 0xBA, 0x43, 0xBA, 0x43, 0xBA, 0x43, 0xBA, 0x43, 0x9A, 0x43, 0x78, 0x3B, 0x98, 0x3B,
    0x51, 0x22, 0x8C, 0x21, 0xEB, 0x31, 0xE8, 0x39, 0xAF, 0x7B, 0x77, 0xAD, 0xB7, 0xB5, 0xFC, 0xDE,
    0xDB, 0xDE, 0xDC, 0xDE, 0xFC, 0xDE, 0xFC, 0xDE, 0xFC, 0xDE, 0xFC, 0xDE, 0xFC, 0xDE, 0xFC, 0xDE,
    0xFC, 0xDE, 0xFC, 0xDE, 0xFC, 0xDE, 0xFC, 0xDE, 0xFC, 0xDE, 0xFC, 0xDE, 0xFC, 0xDE, 0xDC, 0xDE,
    0xDC, 0xDE, 0xDC, 0xDE, 0xFC, 0xDE, 0xFC, 0xDE, 0xDC, 0xDE, 0xDC, 0xDE, 0xFC, 0xDE, 0xFC, 0xDE,
    0xFB, 0xDE, 0xFC, 0xDE, 0xFC, 0xE6, 0x5A, 0xCE, 0x36, 0xA5, 0x52, 0x8C, 0x82, 0x10, 0x41, 0x31,
    0x27, 0xD5, 0xC6, 0xED, 0xA6, 0xED, 0xA6, 0xED, 0xA5, 0xED, 0xA5, 0xE5, 0x85, 0xDD, 0x24, 0xD5,
    0xC3, 0xCC, 0x62, 0xCC, 0x44, 0xB4, 0x80, 0x18, 0xCB, 0x5A, 0x1C, 0xDF, 0xDB, 0xDE, 0x9A, 0xD6,
    0xC2, 0x18, 0xE4, 0x72, 0xC6, 0xF5, 0x05, 0xD5, 0x41, 0x41, 0xC8, 0x39, 0x2D, 0x6B, 0x55, 0xAD,
    0x3C, 0xDF, 0xDB, 0xDE, 0xFC, 0xDE, 0xFC, 0xDE, 0xFC, 0xDE, 0xFC, 0xDE, 0xFC, 0xDE, 0xFC, 0xDE,
    0xFC, 0xDE, 0xFC, 0xDE, 0xFC, 0xDE, 0xFC, 0xDE, 0xDC, 0xDE, 0xFC, 0xDE, 0xFC, 0xDE, 0xFC, 0xDE,
    0xFC, 0xDE, 0xFC, 0xDE, 0xFC, 0xDE, 0xFC, 0xDE, 0xFC, 0xDE, 0xFC, 0xDE, 0xDC, 0xDE, 0xFC, 0xDE,
    0xDB, 0xDE, 0x3D, 0xE7, 0x97, 0xB5, 0x41, 0x00, 0xA4, 0x21, 0xAE, 0x7D, 0xCC, 0x75, 0xEB, 0x6D,
    0x0B, 0x6E, 0x68, 0x5D, 0x28, 0x55, 0x49, 0x5D, 0x29, 0x5D, 0x09, 0x5D, 0x29, 0x5D, 0x29, 0x5D,
    0x29, 0x5D, 0x49, 0x5D, 0x49, 0x5D, 0x49, 0x5D, 0x49, 0x5D, 0x29, 0x5D, 0x29, 0x5D, 0x09, 0x5D,
    0x6A, 0x65, 0x2D, 0x7E, 0x6F, 0x8E, 0xC7, 0x3A, 0x20, 0x00, 0x96, 0xAD, 0x3C, 0xE7, 0xDC, 0xDE,
    0xFC, 0xDE, 0x1C, 0xE7, 0x9E, 0xF7, 0x9D, 0xF7, 0xBE, 0xF7, 0x59, 0xCE, 0x73, 0x8C, 0x93, 0x8C,
    0x73, 0x8C, 0x56, 0xAD, 0x7A, 0xCE, 0x7A, 0xCE, 0x5A, 0xCE, 0xFC, 0xDE, 0x3D, 0xE7, 0x3C, 0xE7,
    0x9E, 0xF7, 0x8E, 0x73, 0x04, 0x21, 0x66, 0x29, 0x66, 0x29, 0x6D, 0x21, 0x71, 0x21, 0x71, 0x21,
    0x71, 0x21, 0x71, 0x21, 0x6D, 0x21, 0x66, 0x29, 0x66, 0x29, 0x45, 0x29, 0x49, 0x4A, 0xDB, 0xDE,
    0x3D, 0xE7, 0x3C, 0xE7, 0xFC, 0xDE, 0x7A, 0xCE, 0x7A, 0xCE, 0x7B, 0xCE, 0xB7, 0xB5, 0x93, 0x8C,
    0x94, 0x94, 0x93, 0x8C, 0x7A, 0xCE, 0xBE, 0xF7, 0x9D, 0xF7, 0x9E, 0xF7, 0x3C, 0xE7, 0xDB, 0xDE,
    0xDC, 0xDE, 0xDC, 0xDE, 0xDC, 0xDE, 0xDC, 0xDE, 0xDC, 0xDE, 0xDC, 0xDE, 0xDC, 0xDE, 0xDC, 0xDE,
    0xDC, 0xDE, 0xDC, 0xDE, 0xDC, 0xDE, 0xDC, 0xDE, 0xFC, 0xDE, 0xDC, 0xDE, 0xDC, 0xDE, 0xDC, 0xDE,
    0xDC, 0xDE, 0xFC, 0xDE, 0xFC, 0xDE, 0xFC, 0xDE, 0xDC, 0xDE, 0xDC, 0xDE, 0xDC, 0xDE, 0xDC, 0xDE,
    0xDC, 0xDE, 0xFC, 0xDE, 0xFC, 0xDE, 0xFC, 0xDE, 0xFC, 0xDE, 0xFC, 0xDE, 0xFC, 0xDE, 0xFC, 0xDE,
    0xDC, 0xDE, 0xDC, 0xDE, 0xFC, 0xDE, 0xFC, 0xDE, 0xFC, 0xDE, 0x1C, 0xE7, 0x0C, 0x63, 0x41, 0x08,
    0x2D, 0x2A, 0x7B, 0x5C, 0x3C, 0x4C, 0xBA, 0x43, 0xBA, 0x3B, 0xBA, 0x43, 0xBA, 0x43, 0xB9, 0x43,
    0xBA, 0x43, 0x9A, 0x3B, 0xB6, 0x2A, 0xB5, 0x2A, 0xAB, 0x19, 0x83, 0x08, 0x6F, 0x63, 0x77, 0xAD,
    0xD8, 0xBD, 0xDB, 0xD6, 0xDC, 0xD6, 0xDC, 0xDE, 0xFC, 0xDE, 0xFC, 0xDE, 0xFC, 0xDE, 0xFC, 0xDE,
    0xFC, 0xDE, 0xFC, 0xDE, 0xFC, 0xDE, 0xFC, 0xDE, 0xFC, 0xDE, 0xFC, 0xDE, 0xFC, 0xDE, 0xFC, 0xDE,
    0xFC, 0xDE, 0xFC, 0xDE, 0xFC, 0xDE, 0xDC, 0xDE, 0xDC, 0xDE, 0xDC, 0xDE, 0xDC, 0xDE, 0xFC, 0xDE,
    0xFC, 0xDE, 0xFC, 0xDE, 0xFC, 0xDE, 0xFC, 0xDE, 0xFC, 0xDE, 0xFC, 0xDE, 0xFC, 0xDE, 0xBB, 0xD6,
    0xDC, 0xDE, 0x35, 0xAD, 0xA1, 0x10, 0x81, 0x41, 0x67, 0xDD, 0xE7, 0xED, 0xA6, 0xED, 0xA6, 0xED,
    0xA5, 0xE5, 0xA6, 0xED, 0x45, 0xDD, 0x41, 0xBC, 0x00, 0xB4, 0x01, 0xB4, 0xC4, 0x9B, 0x20, 0x08,
    0xAA, 0x52, 0x3C, 0xE7, 0xFB, 0xDE, 0x9A, 0xCE, 0xE3, 0x18, 0xA0, 0x20, 0x81, 0x49, 0x41, 0x41,
    0x40, 0x10, 0x6F, 0x6B, 0xB8, 0xBD, 0x5A, 0xCE, 0x1C, 0xDF, 0xFC, 0xDE, 0xFC, 0xDE, 0xFC, 0xDE,
    0xFC, 0xDE, 0xFC, 0xDE, 0xFC, 0xDE, 0xFC, 0xDE, 0xFC, 0xDE, 0xFC, 0xDE, 0xFC, 0xDE, 0xFC, 0xDE,
    0xDC, 0xDE, 0xFC, 0xDE, 0xFC, 0xDE, 0xFC, 0xDE, 0xFC, 0xDE, 0xFC, 0xDE, 0xFC, 0xDE, 0xFC, 0xDE,
    0xFC, 0xDE, 0xFC, 0xDE, 0xDC, 0xDE, 0xFC, 0xDE, 0xFB, 0xDE, 0x1D, 0xE7, 0xB7, 0xB5, 0xA2, 0x10,
    0x05, 0x2A, 0x2D, 0x7E, 0x4C, 0x76, 0x69, 0x5D, 0x28, 0x5D, 0x28, 0x5D, 0x29, 0x5D, 0x29, 0x5D,
    0x29, 0x5D, 0x29, 0x5D, 0x29, 0x5D, 0x29, 0x5D, 0x49, 0x5D, 0x49, 0x5D, 0x49, 0x5D, 0x49, 0x5D,
    0x29, 0x5D, 0x29, 0x5D, 0x29, 0x5D, 0x29, 0x5D, 0x49, 0x5D, 0xEB, 0x6D, 0x0C, 0x76, 0xC5, 0x2A,
    0xC1, 0x08, 0xB6, 0xB5, 0x1D, 0xE7, 0xDC, 0xDE, 0xFC, 0xDE, 0x1C, 0xE7, 0x9E, 0xF7, 0x9D, 0xF7,
    0xBE, 0xF7, 0x59, 0xCE, 0x73, 0x8C, 0x93, 0x8C, 0x73, 0x8C, 0x56, 0xAD, 0x7A, 0xCE, 0x7A, 0xCE,
    0x5A, 0xCE, 0xFC, 0xDE, 0x3D, 0xE7, 0x3C, 0xE7, 0x9E, 0xF7, 0x8E, 0x73, 0x04, 0x21, 0x66, 0x29,
    0x66, 0x29, 0x6D, 0x21, 0x71, 0x21, 0x71, 0x21, 0x71, 0x21, 0x71, 0x21, 0x6D, 0x21, 0x86, 0x31,
    0x86, 0x31, 0x45, 0x29, 0x49, 0x4A, 0xDB, 0xDE, 0x3D, 0xE7, 0x3C, 0xE7, 0xFC, 0xDE, 0x7A, 0xCE,
    0x5A, 0xCE, 0x7B, 0xCE, 0x97, 0xB5, 0x73, 0x8C, 0x94, 0x94, 0x93, 0x8C, 0x7A, 0xCE, 0xBE, 0xF7,
    0x9D, 0xF7, 0x9D, 0xF7, 0x3C, 0xE7, 0xDB, 0xDE, 0xDC, 0xDE, 0xDC, 0xDE, 0xDC, 0xDE, 0xDC, 0xDE,
    0xDC, 0xDE, 0xFC, 0xDE, 0xDC, 0xDE, 0xDC, 0xDE, 0xDC, 0xDE, 0xDC, 0xDE, 0xDC, 0xDE, 0xFC, 0xDE,
    0xFC, 0xDE, 0xFC, 0xDE, 0xFC, 0xDE, 0xDC, 0xDE, 0xDC, 0xDE, 0xDC, 0xDE, 0xFC, 0xDE, 0xFC, 0xDE,
    0xDC, 0xDE, 0xDC, 0xDE, 0xDC, 0xDE, 0xDC, 0xDE, 0xDC, 0xDE, 0xFC, 0xDE, 0xFC, 0xDE, 0xFC, 0xDE,
    0xDC, 0xDE, 0xFC, 0xDE, 0xFC, 0xDE, 0xFC, 0xDE, 0xFC, 0xDE, 0xFC, 0xDE, 0xFC, 0xDE, 0xFC, 0xDE,
    0xFC, 0xDE, 0x1C, 0xE7, 0x0C, 0x63, 0x41, 0x08, 0x2D, 0x2A, 0x7B, 0x5C, 0x1C, 0x4C, 0xBA, 0x43,
    0xBA, 0x3B, 0xBA, 0x43, 0xBA, 0x43, 0xB9, 0x43, 0xDA, 0x43, 0x9A, 0x3B, 0xB7, 0x22, 0xB5, 0x2A,
    0x8A, 0x19, 0x81, 0x10, 0x8E, 0x73, 0x98, 0xB5, 0x18, 0xC6, 0x1B, 0xDF, 0xDC, 0xDE, 0xDC, 0xDE,
    0xFB, 0xDE, 0xFC, 0xDE, 0xFC, 0xDE, 0xFC, 0xDE, 0xFC, 0xDE, 0xFC, 0xDE, 0xFC, 0xDE, 0xFC, 0xDE,
    0xFC, 0xDE, 0xFC, 0xDE, 0xDC, 0xDE, 0xDC, 0xDE, 0xFC, 0xDE, 0xFC, 0xDE, 0xDC, 0xDE, 0xDC, 0xDE,
    0xDC, 0xDE, 0xDC, 0xDE, 0xDC, 0xDE, 0xDC, 0xDE, 0xFC, 0xDE, 0xFC, 0xDE, 0xFC, 0xDE, 0xFC, 0xDE,
    0xFC, 0xDE, 0xFC, 0xDE, 0xFC, 0xDE, 0xDC, 0xDE, 0x3D, 0xE7, 0x35, 0xA5, 0x62, 0x10, 0x62, 0x49,
    0x47, 0xE5, 0xC6, 0xED, 0xA5, 0xE5, 0xA5, 0xE5, 0x85, 0xE5, 0x85, 0xED, 0x25, 0xE5, 0x61, 0xC4,
    0x02, 0xAC, 0xC1, 0x59, 0xE4, 0x51, 0x03, 0x21, 0xF0, 0x73, 0x3D, 0xE7, 0xFB, 0xDE, 0xBB, 0xCE,
    0x08, 0x42, 0xC3, 0x18, 0x25, 0x19, 0xE3, 0x18, 0xC3, 0x10, 0xF0, 0x73, 0xB7, 0xB5, 0x7A, 0xCE,
    0xFC, 0xDE, 0xDC, 0xDE, 0xFC, 0xDE, 0xFC, 0xDE, 0xFC, 0xDE, 0xFC, 0xDE, 0xFC, 0xDE, 0xFC, 0xDE,
    0xFC, 0xDE, 0xDC, 0xDE, 0xDC, 0xDE, 0xFC, 0xDE, 0xDC, 0xDE, 0xFC, 0xDE, 0xFC, 0xDE, 0xFC, 0xDE,
    0xFC, 0xDE, 0xFC, 0xDE, 0xFC, 0xDE, 0xFC, 0xDE, 0xFC, 0xDE, 0xFC, 0xDE, 0xDC, 0xDE, 0xFC, 0xDE,
    0xDB, 0xDE, 0x3D, 0xE7, 0xD7, 0xBD, 0xA2, 0x10, 0xE4, 0x21, 0xEC, 0x75, 0x0C, 0x76, 0x49, 0x65,
    0x29, 0x5D, 0x29, 0x5D, 0x09, 0x5D, 0xE9, 0x54, 0x08, 0x55, 0x08, 0x55, 0x09, 0x55, 0x29, 0x55,
    0x49, 0x5D, 0x49, 0x5D, 0x29, 0x5D, 0x29, 0x5D, 0x29, 0x5D, 0x29, 0x5D, 0x49, 0x5D, 0x49, 0x5D,
    0x49, 0x5D, 0xAA, 0x65, 0xEC, 0x6D, 0xC5, 0x2A, 0xC2, 0x10, 0xD7, 0xBD, 0x1D, 0xE7, 0xDC, 0xDE,
    0xFB, 0xDE, 0x1C, 0xDF, 0x9E, 0xF7, 0x9D, 0xF7, 0xBE, 0xF7, 0x59, 0xCE, 0x73, 0x8C, 0x93, 0x8C,
    0x73, 0x8C, 0x56, 0xAD, 0x7A, 0xCE, 0x5A, 0xCE, 0x5A, 0xCE, 0xFC, 0xDE, 0x5D, 0xEF, 0x1C, 0xE7,
    0x9E, 0xF7, 0xAE, 0x73, 0x04, 0x21, 0x66, 0x29, 0x66, 0x29, 0x6D, 0x21, 0x71, 0x21, 0x71, 0x21,
    0x71, 0x21, 0x71, 0x21, 0x6D, 0x21, 0x86, 0x31, 0x86, 0x31, 0x45, 0x29, 0x49, 0x4A, 0xDB, 0xDE,
    0x3D, 0xE7, 0x3C, 0xE7, 0xFC, 0xDE, 0x7A, 0xCE, 0x5A, 0xCE, 0x7B, 0xCE, 0x97, 0xB5, 0x73, 0x8C,
    0x94, 0x94, 0x93, 0x8C, 0x7A, 0xCE, 0xBE, 0xF7, 0x9D, 0xF7, 0x9D, 0xF7, 0x3C, 0xE7, 0xDB, 0xDE,
    0xDC, 0xDE, 0xDC, 0xDE, 0xDC, 0xDE, 0xDC, 0xDE, 0xFC, 0xDE, 0xFC, 0xDE, 0xFC, 0xDE, 0xFC, 0xDE,
    0xFC, 0xDE, 0xFC, 0xDE, 0xFC, 0xDE, 0xDC, 0xDE, 0xDC, 0xDE, 0xDC, 0xDE, 0xDC, 0xDE, 0xDC, 0xDE,
    0xDC, 0xDE, 0xDC, 0xDE, 0xDC, 0xDE, 0xDC, 0xDE, 0xDC, 0xDE, 0xDC, 0xDE, 0xDC, 0xDE, 0xDC, 0xDE,
    0xFC, 0xDE, 0xFC, 0xDE, 0xFC, 0xDE, 0xFC, 0xDE, 0xFC, 0xDE, 0xFC, 0xDE, 0xFC, 0xDE, 0xFC, 0xDE,
    0xFC, 0xDE, 0xFC, 0xDE, 0xFC, 0xDE, 0xFC, 0xDE, 0xFC, 0xDE, 0x1C, 0xE7, 0x0C, 0x63, 0x62, 0x08,
    0x2D, 0x2A, 0x5B, 0x5C, 0x3C, 0x4C, 0xBA, 0x43, 0xBA, 0x3B, 0xBA, 0x43, 0xBA, 0x43, 0xB9, 0x3B,
    0xD9, 0x43, 0x9A, 0x3B, 0xB6, 0x2A, 0xB4, 0x2A, 0x6A, 0x19, 0x60, 0x08, 0xF0, 0x83, 0xFD, 0xE6,
    0xDB, 0xDE, 0xFB, 0xDE, 0xDC, 0xDE, 0xDC, 0xDE, 0xFB, 0xDE, 0xFC, 0xDE, 0xFC, 0xDE, 0xFC, 0xDE,
    0xFC, 0xDE, 0xFC, 0xDE, 0xFC, 0xDE, 0xFC, 0xDE, 0xFC, 0xDE, 0xFC, 0xDE, 0xDC, 0xDE, 0xDC, 0xDE,
    0xDC, 0xDE, 0xDC, 0xDE, 0xDC, 0xDE, 0xFC, 0xDE, 0xFC, 0xDE, 0xFC, 0xDE, 0xFC, 0xDE, 0xDC, 0xDE,
    0xFC, 0xDE, 0xFC, 0xDE, 0xFC, 0xDE, 0xFC, 0xDE, 0xFC, 0xDE, 0xFC, 0xDE, 0xDC, 0xDE, 0xDC, 0xDE,
    0x3D, 0xE7, 0x14, 0xA5, 0x41, 0x10, 0xA2, 0x51, 0xE4, 0xD4, 0x00, 0xD5, 0x63, 0xDD, 0xA6, 0xE5,
    0x24, 0xDD, 0xE2, 0xD4, 0xC2, 0xD4, 0xA1, 0xC4, 0x82, 0x8B, 0x00, 0x08, 0x6B, 0x4A, 0x35, 0xA5,
    0xF8, 0xBD, 0xFC, 0xDE, 0xDC, 0xDE, 0xFC, 0xDE, 0x19, 0xBE, 0x35, 0xA5, 0x75, 0xA5, 0x35, 0xA5,
    0xF4, 0x9C, 0x3A, 0xC6, 0xFC, 0xDE, 0xDC, 0xDE, 0xFC, 0xDE, 0xFC, 0xDE, 0xFC, 0xDE, 0xFC, 0xDE,
    0xFC, 0xDE, 0xFC, 0xDE, 0xFC, 0xDE, 0xFC, 0xDE, 0xFC, 0xDE, 0xDC, 0xDE, 0xDC, 0xDE, 0xFC, 0xDE,
    0xDC, 0xDE, 0xFC, 0xDE, 0xFC, 0xDE, 0xFC, 0xDE, 0xFC, 0xDE, 0xFC, 0xDE, 0xFC, 0xDE, 0xFC, 0xDE,
    0xFC, 0xDE, 0xFC, 0xDE, 0xDC, 0xDE, 0xFC, 0xDE, 0xDB, 0xDE, 0x3D, 0xE7, 0xD7, 0xBD, 0x81, 0x10,
    0xA3, 0x21, 0x6A, 0x65, 0x8A, 0x65, 0x48, 0x5D, 0x28, 0x5D, 0x49, 0x5D, 0x49, 0x5D, 0x87, 0x4C,
    0x26, 0x3C, 0x46, 0x44, 0x26, 0x3C, 0x46, 0x44, 0x09, 0x5D, 0x49, 0x5D, 0x29, 0x5D, 0x29, 0x5D,
    0x29, 0x5D, 0x29, 0x5D, 0x29, 0x5D, 0x49, 0x5D, 0x29, 0x5D, 0x29, 0x55, 0x0A, 0x5D, 0x44, 0x2A,
    0xA2, 0x10, 0xD7, 0xBD, 0x1D, 0xE7, 0xDB, 0xDE, 0xFB, 0xDE, 0xFC, 0xDE, 0x7D, 0xEF, 0x9D, 0xF7,
    0xBE, 0xF7, 0x59, 0xCE, 0x73, 0x8C, 0x93, 0x8C, 0x73, 0x8C, 0x56, 0xAD, 0x7A, 0xCE, 0x5A, 0xCE,
    0x5A, 0xCE, 0xFC, 0xDE, 0x5D, 0xEF, 0x1C, 0xE7, 0x9E, 0xF7, 0xAE, 0x73, 0x04, 0x21, 0x66, 0x29,
    0x66, 0x29, 0x6D, 0x21, 0x71, 0x21, 0x71, 0x21, 0x71, 0x21, 0x71, 0x21, 0x6D, 0x21, 0x86, 0x31,
    0x86, 0x31, 0x45, 0x29, 0x49, 0x4A, 0xDB, 0xDE, 0x3D, 0xE7, 0x3C, 0xE7, 0xFC, 0xDE, 0x7A, 0xCE,
    0x5A, 0xCE, 0x7B, 0xCE, 0x97, 0xB5, 0x73, 0x8C, 0x94, 0x94, 0x73, 0x8C, 0x7A, 0xCE, 0xBE, 0xF7,
    0x9D, 0xF7, 0x9D, 0xF7, 0x3C, 0xE7, 0xDB, 0xDE, 0xDC, 0xDE, 0xDC, 0xDE, 0xDC, 0xDE, 0xDC, 0xDE,
    0xDC, 0xDE, 0xFC, 0xDE, 0xDC, 0xDE, 0xDC, 0xDE, 0xFC, 0xDE, 0xFC, 0xDE, 0xFC, 0xDE, 0xDC, 0xDE,
    0xDC, 0xDE, 0xDC, 0xDE, 0xDC, 0xDE, 0xDC, 0xDE, 0xDC, 0xDE, 0xDC, 0xDE, 0xDC, 0xDE, 0xDC, 0xDE,
    0xDC, 0xDE, 0xDC, 0xDE, 0xDC, 0xDE, 0xDC, 0xDE, 0xFC, 0xDE, 0xDC, 0xDE, 0xFC, 0xDE, 0xFC, 0xDE,
    0xFC, 0xDE, 0xFC, 0xDE, 0xFC, 0xDE, 0xFC, 0xDE, 0xFC, 0xDE, 0xFC, 0xDE, 0xFC, 0xDE, 0xFC, 0xDE,
    0xFC, 0xDE, 0x1C, 0xE7, 0x0C, 0x63, 0x62, 0x08, 0x2D, 0x2A, 0x5B, 0x54, 0x3C, 0x4C, 0xBA, 0x43,
    0xBA, 0x3B, 0xBA, 0x43, 0xBA, 0x43, 0xB9, 0x43, 0x99, 0x43, 0x78, 0x3B, 0xB5, 0x2A, 0xD4, 0x32,
    0x49, 0x19, 0x00, 0x00, 0x10, 0x84, 0x3E, 0xE7, 0xFC, 0xDE, 0xFB, 0xDE, 0xFC, 0xDE, 0xFC, 0xDE,
    0xFC, 0xDE, 0xFC, 0xDE, 0xFC, 0xDE, 0xFC, 0xDE, 0xFC, 0xDE, 0xFC, 0xDE, 0xFC, 0xDE, 0xFC, 0xDE,
    0xFC, 0xDE, 0xFC, 0xDE, 0xDC, 0xDE, 0xFC, 0xDE, 0xDC, 0xDE, 0xDC, 0xDE, 0xFC, 0xDE, 0xFC, 0xDE,
    0xFC, 0xDE, 0xFC, 0xDE, 0xFC, 0xDE, 0xDC, 0xDE, 0xFC, 0xDE, 0xFC, 0xDE, 0xFC, 0xDE, 0xFC, 0xDE,
    0xFC, 0xDE, 0xFC, 0xDE, 0xDC, 0xDE, 0xDB, 0xDE, 0x3D, 0xE7, 0x14, 0xAD, 0x40, 0x00, 0xA1, 0x39,
    0xC5, 0xC4, 0x82, 0xBC, 0x24, 0xD5, 0x86, 0xED, 0x24, 0xDD, 0xE2, 0xCC, 0xC2, 0xCC, 0x63, 0xAC,
    0x62, 0x5A, 0x40, 0x08, 0x4D, 0x63, 0xD8, 0xBD, 0xF8, 0xBD, 0xDC, 0xDE, 0xDC, 0xDE, 0x1C, 0xDF,
    0x7A, 0xCE, 0x56, 0xAD, 0x36, 0xAD, 0x57, 0xAD, 0x76, 0xAD, 0x5A, 0xCE, 0xFC, 0xDE, 0xFB, 0xDE,
    0xFB, 0xDE, 0xFC, 0xDE, 0xFC, 0xDE, 0xFC, 0xDE, 0xFC, 0xDE, 0xFC, 0xDE, 0xFC, 0xDE, 0xFC, 0xDE,
    0xFC, 0xDE, 0xDC, 0xDE, 0xDC, 0xDE, 0xFC, 0xDE, 0xDC, 0xDE, 0xFC, 0xDE, 0xFC, 0xDE, 0xFC, 0xDE,
    0xFC, 0xDE, 0xFC, 0xDE, 0xFC, 0xDE, 0xFC, 0xDE, 0xFC, 0xDE, 0xFC, 0xDE, 0xDC, 0xDE, 0xFC, 0xDE,
    0xDB, 0xDE, 0x3D, 0xE7, 0xB7, 0xB5, 0x61, 0x08, 0x82, 0x19, 0x4A, 0x65, 0xAA, 0x65, 0x49, 0x5D,
    0x28, 0x55, 0x08, 0x55, 0x2A, 0x5D, 0xA8, 0x54, 0xC8, 0x43, 0xC7, 0x43, 0xE7, 0x43, 0x06, 0x44,
    0xE9, 0x5C, 0x09, 0x5D, 0x29, 0x5D, 0x29, 0x5D, 0x29, 0x5D, 0x29, 0x5D, 0x29, 0x5D, 0x29, 0x5D,
    0x29, 0x5D, 0x09, 0x55, 0xEA, 0x5C, 0x24, 0x22, 0x82, 0x08, 0xD7, 0xB5, 0x5D, 0xE7, 0xFC, 0xE6,
    0x1C, 0xDF, 0x3D, 0xE7, 0xBE, 0xF7, 0x9D, 0xF7, 0xBE, 0xF7, 0x59, 0xCE, 0x73, 0x8C, 0x93, 0x8C,
    0x73, 0x8C, 0x56, 0xAD, 0x7A, 0xCE, 0x5A, 0xCE, 0x5A, 0xCE, 0xFC, 0xDE, 0x5D, 0xEF, 0x1C, 0xE7,
    0x9E, 0xF7, 0xAE, 0x73, 0x04, 0x21, 0x66, 0x29, 0x66, 0x29, 0x6D, 0x21, 0x71, 0x21, 0x71, 0x21,
    0x71, 0x21, 0x71, 0x21, 0x6D, 0x21, 0x86, 0x31, 0x86, 0x31, 0x45, 0x29, 0x49, 0x4A, 0xDB, 0xDE,
    0x3D, 0xE7, 0x1C, 0xE7, 0xFC, 0xDE, 0x7A, 0xCE, 0x5A, 0xCE, 0x7B, 0xCE, 0x97, 0xB5, 0x73, 0x8C,
    0x94, 0x8C, 0x73, 0x8C, 0x7A, 0xCE, 0xBE, 0xF7, 0x9D, 0xF7, 0x9E, 0xF7, 0x3C, 0xE7, 0xDB, 0xDE,
    0xDC, 0xDE, 0xFC, 0xDE, 0xFC, 0xDE, 0xFC, 0xDE, 0xDC, 0xDE, 0xFC, 0xDE, 0xFC, 0xDE, 0xDC, 0xDE,
    0xDC, 0xDE, 0xDC, 0xDE, 0xDC, 0xDE, 0xDC, 0xDE, 0xDC, 0xDE, 0xDC, 0xDE, 0xDC, 0xDE, 0xDC, 0xDE,
    0xDC, 0xDE, 0xDC, 0xDE, 0xDC, 0xDE, 0xDC, 0xDE, 0xDC, 0xDE, 0xFC, 0xDE, 0xDC, 0xDE, 0xDC, 0xDE,
    0xFC, 0xDE, 0xFC, 0xDE, 0xFC, 0xDE, 0xFC, 0xDE, 0xDC, 0xDE, 0xDC, 0xDE, 0xFC, 0xDE, 0xFC, 0xDE,
    0xFC, 0xDE, 0xFC, 0xDE, 0xFC, 0xDE, 0xFC, 0xDE, 0xDC, 0xDE, 0x1C, 0xE7, 0x0C, 0x63, 0x61, 0x08,
    0x2C, 0x2A, 0x5B, 0x54, 0x1C, 0x4C, 0xBA, 0x43, 0xB9, 0x3B, 0x9A, 0x3B, 0xDA, 0x43, 0x79, 0x3B,
    0xD7, 0x2A, 0x94, 0x2A, 0xAE, 0x11, 0xCB, 0x19, 0xEE, 0x52, 0xEC, 0x62, 0x35, 0xA5, 0x1C, 0xE7,
    0xDC, 0xDE, 0xFC, 0xDE, 0xFC, 0xDE, 0xFC, 0xDE, 0xFC, 0xDE, 0xFC, 0xDE, 0xFC, 0xDE, 0xFC, 0xDE,
    0xFC, 0xDE, 0xFC, 0xDE, 0xFC, 0xDE, 0xFC, 0xDE, 0xFC, 0xDE, 0xFC, 0xDE, 0xDC, 0xDE, 0xDC, 0xDE,
    0xDC, 0xDE, 0xDC, 0xDE, 0xDC, 0xDE, 0xDC, 0xDE, 0xDC, 0xDE, 0xDC, 0xDE, 0xDC, 0xDE, 0xDC, 0xDE,
    0xFC, 0xDE, 0xFC, 0xDE, 0xFC, 0xDE, 0xFC, 0xDE, 0xFC, 0xDE, 0xFC, 0xDE, 0xFC, 0xDE, 0xDB, 0xDE,
    0xFD, 0xE6, 0xF9, 0xC5, 0x6D, 0x63, 0x0A, 0x63, 0x42, 0x41, 0x61, 0x51, 0x23, 0xBC, 0xE2, 0xD4,
    0x82, 0xCC, 0x82, 0xBC, 0xA1, 0x7A, 0xC0, 0x30, 0x03, 0x31, 0xF0, 0x7B, 0xB7, 0xB5, 0xFC, 0xDE,
    0xDB, 0xD6, 0xDC, 0xDE, 0xDC, 0xDE, 0xFC, 0xDE, 0xDB, 0xD6, 0x59, 0xCE, 0x3A, 0xC6, 0x5A, 0xCE,
    0x99, 0xCE, 0xDB, 0xD6, 0xFC, 0xDE, 0xFC, 0xDE, 0xDC, 0xDE, 0xFC, 0xDE, 0xFC, 0xDE, 0xFC, 0xDE,
    0xFC, 0xDE, 0xFC, 0xDE, 0xFC, 0xDE, 0xFC, 0xDE, 0xFC, 0xDE, 0xDC, 0xDE, 0xFC, 0xDE, 0xFC, 0xDE,
    0xFC, 0xDE, 0xFC, 0xDE, 0xFC, 0xDE, 0xFC, 0xDE, 0xFC, 0xDE, 0xFC, 0xDE, 0xFC, 0xDE, 0xFC, 0xDE,
    0xFC, 0xDE, 0xFC, 0xDE, 0xDC, 0xDE, 0xFC, 0xDE, 0xFB, 0xDE, 0x3D, 0xE7, 0xB7, 0xB5, 0x61, 0x08,
    0x01, 0x11, 0x48, 0x4C, 0xA7, 0x4C, 0x08, 0x55, 0x08, 0x55, 0x47, 0x44, 0x87, 0x3B, 0xE2, 0x19,
    0x21, 0x09, 0x01, 0x09, 0x84, 0x2A, 0x28, 0x54, 0x26, 0x44, 0x66, 0x44, 0x08, 0x55, 0x49, 0x5D,
    0x49, 0x5D, 0x29, 0x5D, 0x09, 0x5D, 0xE9, 0x54, 0xC9, 0x54, 0x47, 0x44, 0x68, 0x4C, 0xC3, 0x19,
    0x40, 0x00, 0xB6, 0xAD, 0x1C, 0xDF, 0x7A, 0xD6, 0x7A, 0xCE, 0x7A, 0xD6, 0xDB, 0xDE, 0x1B, 0xE7,
    0xBE, 0xF7, 0x5A, 0xCE, 0x73, 0x8C, 0x93, 0x8C, 0x73, 0x8C, 0x56, 0xAD, 0x7A, 0xCE, 0x5A, 0xCE,
    0x5A, 0xCE, 0xFC, 0xDE, 0x5D, 0xEF, 0x1C, 0xE7, 0x9E, 0xF7, 0xAE, 0x73, 0x04, 0x21, 0x66, 0x29,
    0x66, 0x29, 0x6D, 0x21, 0x71, 0x21, 0x71, 0x21, 0x71, 0x21, 0x71, 0x21, 0x6D, 0x21, 0x86, 0x31,
    0x86, 0x31, 0x45, 0x29, 0x49, 0x4A, 0xDB, 0xDE, 0x3D, 0xE7, 0x3C, 0xE7, 0xFC, 0xDE, 0x7A, 0xCE,
    0x5A, 0xCE, 0x7B, 0xCE, 0x97, 0xB5, 0x73, 0x8C, 0x94, 0x8C, 0x73, 0x8C, 0x7A, 0xCE, 0xBE, 0xF7,
    0x9D, 0xF7, 0x9E, 0xF7, 0x3C, 0xE7, 0xDB, 0xDE, 0xDC, 0xDE, 0xFC, 0xDE, 0xFC, 0xDE, 0xFC, 0xDE,
    0xDC, 0xDE, 0xFC, 0xDE, 0xFC, 0xDE, 0xFC, 0xDE, 0xFC, 0xDE, 0xFC, 0xDE, 0xDC, 0xDE, 0xDC, 0xDE,
    0xDC, 0xDE, 0xDC, 0xDE, 0xDC, 0xDE, 0xDC, 0xDE, 0xDC, 0xDE, 0xDC, 0xDE, 0xDC, 0xDE, 0xDC, 0xDE,
    0xDC, 0xDE, 0xDC, 0xDE, 0xDC, 0xDE, 0xDC, 0xDE, 0xFC, 0xDE, 0xFC, 0xDE, 0xFC, 0xDE, 0xFC, 0xDE,
    0xFC, 0xDE, 0xFC, 0xDE, 0xFC, 0xDE, 0xFC, 0xDE, 0xFC, 0xDE, 0xFC, 0xDE, 0xFC, 0xDE, 0xFC, 0xDE,
    0xDB, 0xDE, 0x1C, 0xE7, 0x0C, 0x63, 0x61, 0x08, 0x2C, 0x2A, 0x5B, 0x54, 0x1C, 0x4C, 0xBA, 0x43,
    0xB9, 0x43, 0x9A, 0x3B, 0xBA, 0x43, 0x38, 0x33, 0x95, 0x22, 0x31, 0x2A, 0x64, 0x00, 0x81, 0x08,
    0xD3, 0x9C, 0xD8, 0xBD, 0x59, 0xCE, 0xFC, 0xDE, 0xFC, 0xDE, 0xFC, 0xDE, 0xFC, 0xDE, 0xFC, 0xDE,
    0xFC, 0xDE, 0xFC, 0xDE, 0xFC, 0xDE, 0xFC, 0xDE, 0xFC, 0xDE, 0xFC, 0xDE, 0xFC, 0xDE, 0xFC, 0xDE,
    0xDC, 0xDE, 0xDC, 0xDE, 0xFC, 0xDE, 0xFC, 0xDE, 0xDC, 0xDE, 0xDC, 0xDE, 0xDC, 0xDE, 0xDC, 0xDE,
    0xDC, 0xDE, 0xDC, 0xDE, 0xFC, 0xDE, 0xFC, 0xDE, 0xFC, 0xDE, 0xFC, 0xDE, 0xFC, 0xDE, 0xFC, 0xDE,
    0xFC, 0xDE, 0xFC, 0xDE, 0xFC, 0xDE, 0xFC, 0xDE, 0xDC, 0xDE, 0xFC, 0xE6, 0x39, 0xC6, 0x14, 0x9D,
    0xE4, 0x20, 0xC1, 0x30, 0x44, 0xAC, 0x82, 0xC4, 0x62, 0xC4, 0x63, 0xAC, 0xA2, 0x49, 0xC4, 0x18,
    0xE8, 0x39, 0x35, 0xA5, 0x3A, 0xCE, 0x1C, 0xE7, 0xFC, 0xDE, 0xFC, 0xDE, 0xFC, 0xDE, 0xFC, 0xDE,
    0xFC, 0xDE, 0xFC, 0xDE, 0xFC, 0xDE, 0xFC, 0xDE, 0x1C, 0xE7, 0xFC, 0xDE, 0xFC, 0xDE, 0xFC, 0xDE,
    0xFC, 0xDE, 0xFC, 0xDE, 0xFC, 0xDE, 0xFC, 0xDE, 0xFC, 0xDE, 0xFC, 0xDE, 0xFC, 0xDE, 0xFC, 0xDE,
    0xFC, 0xDE, 0xFC, 0xDE, 0xFC, 0xDE, 0xFC, 0xDE, 0xDC, 0xDE, 0xFC, 0xDE, 0xFC, 0xDE, 0xFC, 0xDE,
    0xFC, 0xDE, 0xFC, 0xDE, 0xDC, 0xDE, 0xDC, 0xDE, 0xFC, 0xDE, 0xFC, 0xDE, 0xFC, 0xDE, 0xFC, 0xDE,
    0xDC, 0xDE, 0x1C, 0xE7, 0xF8, 0xBD, 0x86, 0x31, 0xE6, 0x31, 0xA8, 0x43, 0xA6, 0x3B, 0x46, 0x3C,
    0x67, 0x44, 0xA7, 0x3B, 0xA2, 0x11, 0x03, 0x19, 0x66, 0x29, 0x45, 0x29, 0x63, 0x19, 0xE5, 0x32,
    0x06, 0x3C, 0x46, 0x44, 0x29, 0x5D, 0x69, 0x5D, 0x29, 0x5D, 0x0A, 0x5D, 0xE8, 0x54, 0x46, 0x44,
    0xE7, 0x43, 0x64, 0x22, 0xC3, 0x19, 0xE6, 0x31, 0xC7, 0x31, 0xF7, 0xBD, 0xF0, 0x83, 0xE4, 0x20,
    0x04, 0x29, 0x24, 0x29, 0x24, 0x21, 0xEF, 0x7B, 0xFF, 0xFF, 0x3A, 0xCE, 0x53, 0x8C, 0x93, 0x8C,
    0x73, 0x8C, 0x56, 0xAD, 0x7A, 0xCE, 0x5A, 0xCE, 0x5A, 0xCE, 0xFC, 0xDE, 0x5D, 0xEF, 0x1C, 0xE7,
    0x9E, 0xF7, 0xAE, 0x73, 0x04, 0x21, 0x66, 0x29, 0x66, 0x29, 0x6D, 0x21, 0x71, 0x21, 0x71, 0x21,
    0x71, 0x21, 0x71, 0x21, 0x6D, 0x21, 0x86, 0x31, 0x86, 0x31, 0x45, 0x29, 0x49, 0x4A, 0xDB, 0xDE,
    0x3D, 0xE7, 0x3C, 0xE7, 0xFC, 0xDE, 0x7A, 0xCE, 0x5A, 0xCE, 0x7B, 0xCE, 0x97, 0xB5, 0x73, 0x8C,
    0x94, 0x8C, 0x73, 0x8C, 0x7A, 0xCE, 0xBE, 0xF7, 0x9D, 0xF7, 0x9E, 0xF7, 0x3C, 0xE7, 0xDB, 0xDE,
    0xDC, 0xDE, 0xDC, 0xDE, 0xDC, 0xDE, 0xFB, 0xDE, 0xFC, 0xDE, 0xFC, 0xDE, 0xFC, 0xDE, 0xFC, 0xDE,
    0xFC, 0xDE, 0xFC, 0xDE, 0xDC, 0xDE, 0xDC, 0xDE, 0xDC, 0xDE, 0xDC, 0xDE, 0xDC, 0xDE, 0xDC, 0xDE,
    0xDC, 0xDE, 0xDC, 0xDE, 0xDC, 0xDE, 0xDC, 0xDE, 0xDC, 0xDE, 0xDC, 0xDE, 0xDC, 0xDE, 0xDC, 0xDE,
    0xFC, 0xDE, 0xDC, 0xDE, 0xDC, 0xDE, 0xFC, 0xDE, 0xFC, 0xDE, 0xFC, 0xDE, 0xFC, 0xDE, 0xFC, 0xDE,
    0xFC, 0xDE, 0xFC, 0xDE, 0xFC, 0xDE, 0xFC, 0xDE, 0xDC, 0xDE, 0x1C, 0xE7, 0x0C, 0x63, 0x41, 0x08,
    0x0C, 0x2A, 0x5B, 0x54, 0x1C, 0x4C, 0xB9, 0x43, 0xB9, 0x43, 0x58, 0x33, 0xF7, 0x32, 0x52, 0x22,
    0x6B, 0x09, 0x0C, 0x32, 0xCA, 0x31, 0x09, 0x42, 0x76, 0xAD, 0x5A, 0xCE, 0xBB, 0xD6, 0xFC, 0xDE,
    0xFC, 0xDE, 0xFC, 0xDE, 0xFC, 0xDE, 0xFC, 0xDE, 0xFC, 0xDE, 0xFC, 0xDE, 0xFC, 0xDE, 0xFC, 0xDE,
    0xFC, 0xDE, 0xFC, 0xDE, 0xFC, 0xDE, 0xDC, 0xDE, 0xDC, 0xDE, 0xDC, 0xDE, 0xDC, 0xDE, 0xFC, 0xDE,
    0xDC, 0xDE, 0xDC, 0xDE, 0xDC, 0xDE, 0xDC, 0xDE, 0xDC, 0xDE, 0xDC, 0xDE, 0xFC, 0xDE, 0xFC, 0xDE,
    0xFC, 0xDE, 0xFC, 0xDE, 0xFC, 0xDE, 0xFC, 0xDE, 0xFC, 0xDE, 0xFC, 0xDE, 0xDC, 0xDE, 0xDC, 0xDE,
    0xFC, 0xDE, 0xDC, 0xE6, 0x98, 0xB5, 0x76, 0xAD, 0x6D, 0x6B, 0xC1, 0x20, 0xC2, 0x49, 0x81, 0x49,
    0xC1, 0x51, 0xA1, 0x49, 0x47, 0x52, 0x94, 0x94, 0xF5, 0x9C, 0x18, 0xC6, 0x9B, 0xD6, 0xFC, 0xDE,
    0xDC, 0xDE, 0xFC, 0xDE, 0xFC, 0xDE, 0xFC, 0xDE, 0xDC, 0xDE, 0xDC, 0xDE, 0xDC, 0xDE, 0xDC, 0xDE,
    0xDC, 0xDE, 0xFC, 0xDE, 0xFC, 0xDE, 0xFC, 0xDE, 0xFC, 0xDE, 0xFC, 0xDE, 0xFC, 0xDE, 0xFC, 0xDE,
    0xDC, 0xDE, 0xFC, 0xDE, 0xFC, 0xDE, 0xFC, 0xDE, 0xFC, 0xDE, 0xFC, 0xDE, 0xFC, 0xDE, 0xFC, 0xDE,
    0xDC, 0xDE, 0xFC, 0xDE, 0xFC, 0xDE, 0xFC, 0xDE, 0xFC, 0xDE, 0xFC, 0xDE, 0xDC, 0xDE, 0xDC, 0xDE,
    0xFC, 0xDE, 0xFC, 0xDE, 0xFC, 0xDE, 0xFC, 0xDE, 0xDC, 0xDE, 0xFC, 0xDE, 0x7A, 0xCE, 0x35, 0xA5,
    0x34, 0xA5, 0x05, 0x2A, 0x20, 0x09, 0xC5, 0x32, 0x47, 0x3B, 0xA6, 0x32, 0xE1, 0x08, 0x10, 0x7C,
    0x76, 0xAD, 0x93, 0x94, 0xA2, 0x10, 0x60, 0x00, 0x05, 0x33, 0x06, 0x3C, 0x87, 0x44, 0x87, 0x4C,
    0x68, 0x4C, 0x68, 0x44, 0x67, 0x3C, 0x26, 0x34, 0xA7, 0x3B, 0x42, 0x11, 0x61, 0x08, 0x52, 0x84,
    0x97, 0xB5, 0xBB, 0xDE, 0x4D, 0x6B, 0xA1, 0x08, 0xE3, 0x21, 0x62, 0x19, 0x40, 0x00, 0x6D, 0x6B,
    0xFF, 0xFF, 0x39, 0xC6, 0x52, 0x84, 0x73, 0x8C, 0x73, 0x8C, 0x56, 0xAD, 0x7A, 0xCE, 0x7A, 0xCE,
    0x5A, 0xCE, 0xFC, 0xDE, 0x3D, 0xE7, 0x1C, 0xE7, 0x9E, 0xF7, 0x8E, 0x73, 0x04, 0x21, 0x66, 0x29,
    0x66, 0x29, 0x6D, 0x21, 0x71, 0x21, 0x71, 0x21, 0x71, 0x21, 0x71, 0x21, 0x6D, 0x21, 0x86, 0x31,
    0x86, 0x31, 0x45, 0x29, 0x49, 0x4A, 0xDB, 0xDE, 0x3D, 0xE7, 0x3C, 0xE7, 0xFC, 0xDE, 0x7A, 0xCE,
    0x5A, 0xCE, 0x7B, 0xCE, 0x97, 0xB5, 0x73, 0x8C, 0x94, 0x94, 0x73, 0x8C, 0x7A, 0xCE, 0xBE, 0xF7,
    0x9D, 0xF7, 0x9E, 0xF7, 0x3C, 0xE7, 0xDB, 0xDE, 0xDC, 0xDE, 0xDC, 0xDE, 0xDC, 0xDE, 0xFB, 0xDE,
    0xFC, 0xDE, 0xFC, 0xDE, 0xDC, 0xDE, 0xDC, 0xDE, 0xFC, 0xDE, 0xFC, 0xDE, 0xFC, 0xDE, 0xDC, 0xDE,
    0xDC, 0xDE, 0xDC, 0xDE, 0xDC, 0xDE, 0xDC, 0xDE, 0xDC, 0xDE, 0xDC, 0xDE, 0xDC, 0xDE, 0xDC, 0xDE,
    0xDC, 0xDE, 0xDC, 0xDE, 0xDC, 0xDE, 0xDC, 0xDE, 0xDC, 0xDE, 0xDC, 0xDE, 0xDC, 0xDE, 0xFC, 0xDE,
    0xFC, 0xDE, 0xFC, 0xDE, 0xFC, 0xDE, 0xDC, 0xDE, 0xFC, 0xDE, 0xFC, 0xDE, 0xFC, 0xDE, 0xFC, 0xDE,
    0xFC, 0xDE, 0x1C, 0xE7, 0x0C, 0x63, 0x41, 0x08, 0x0C, 0x2A, 0x5B, 0x54, 0x1B, 0x4C, 0xB9, 0x43,
    0xBA, 0x43, 0xF7, 0x2A, 0xB5, 0x2A, 0xEF, 0x19, 0xA5, 0x00, 0x6B, 0x4A, 0x32, 0x84, 0xF1, 0x73,
    0x3A, 0xC6, 0x1D, 0xE7, 0xFC, 0xDE, 0xFC, 0xDE, 0xFC, 0xDE, 0xFC, 0xDE, 0xFC, 0xDE, 0xFC, 0xDE,
    0xFC, 0xDE, 0xFC, 0xDE, 0xFC, 0xDE, 0xFC, 0xDE, 0xFC, 0xDE, 0xDC, 0xDE, 0xDC, 0xDE, 0xDC, 0xDE,
    0xDC, 0xDE, 0xDC, 0xDE, 0xDC, 0xDE, 0xFC, 0xDE, 0xDC, 0xDE, 0xDC, 0xDE, 0xDC, 0xDE, 0xFC, 0xDE,
    0xFC, 0xDE, 0xDC, 0xDE, 0xDC, 0xDE, 0xDC, 0xDE, 0xDC, 0xDE, 0xDC, 0xDE, 0xFC, 0xDE, 0xFC, 0xDE,
    0xFC, 0xDE, 0xFC, 0xDE, 0xDC, 0xDE, 0xDC, 0xDE, 0xFC, 0xDE, 0xDC, 0xDE, 0x77, 0xAD, 0x77, 0xAD,
    0xAE, 0x6B, 0x40, 0x00, 0x00, 0x00, 0x00, 0x00, 0x00, 0x00, 0x00, 0x00, 0x66, 0x31, 0xF5, 0x9C,
    0x56, 0xA5, 0xBB, 0xD6, 0xFC, 0xDE, 0xFC, 0xDE, 0xFC, 0xDE, 0xFC, 0xDE, 0xFC, 0xDE, 0xFC, 0xDE,
    0xDC, 0xDE, 0xFC, 0xDE, 0xFC, 0xDE, 0xFC, 0xDE, 0xDC, 0xDE, 0xFC, 0xDE, 0xFC, 0xDE, 0xFC, 0xDE,
    0xFC, 0xDE, 0xFC, 0xDE, 0xFC, 0xDE, 0xFC, 0xDE, 0xDC, 0xDE, 0xDC, 0xDE, 0xFC, 0xDE, 0xFC, 0xDE,
    0xDC, 0xDE, 0xDC, 0xDE, 0xDC, 0xDE, 0xDC, 0xDE, 0xFC, 0xDE, 0xFC, 0xDE, 0xFC, 0xDE, 0xFC, 0xDE,
    0xFC, 0xDE, 0xFC, 0xDE, 0xDC, 0xDE, 0xDC, 0xDE, 0xFC, 0xDE, 0xFC, 0xDE, 0xFC, 0xDE, 0xFC, 0xDE,
    0xDC, 0xDE, 0xFC, 0xDE, 0x9A, 0xD6, 0x76, 0xAD, 0x56, 0xAD, 0x45, 0x29, 0x00, 0x00, 0x40, 0x00,
    0x60, 0x00, 0x60, 0x00, 0x62, 0x08, 0x11, 0x7C, 0x77, 0xAD, 0x94, 0x94, 0x67, 0x39, 0x24, 0x21,
    0x86, 0x3A, 0x46, 0x33, 0x07, 0x3C, 0x66, 0x44, 0x66, 0x44, 0x47, 0x44, 0x07, 0x3C, 0x25, 0x2B,
    0x86, 0x32, 0xA1, 0x10, 0x40, 0x00, 0x11, 0x7C, 0x97, 0xB5, 0xDC, 0xDE, 0x2C, 0x63, 0xA5, 0x32,
    0x0C, 0x7E, 0x29, 0x5C, 0xA1, 0x08, 0x4E, 0x6B, 0xDF, 0xFF, 0x38, 0xC6, 0x52, 0x84, 0x74, 0x94,
    0x73, 0x8C, 0x56, 0xAD, 0x7A, 0xCE, 0x7A, 0xCE, 0x5A, 0xCE, 0xFC, 0xDE, 0x3D, 0xE7, 0x1C, 0xE7,
    0x9E, 0xF7, 0x8E, 0x73, 0x04, 0x21, 0x66, 0x29, 0x66, 0x29, 0x6D, 0x21, 0x71, 0x21, 0x71, 0x21,
    0x71, 0x21, 0x71, 0x21, 0x6D, 0x21, 0x86, 0x31, 0x86, 0x31, 0x45, 0x29, 0x49, 0x4A, 0xDB, 0xDE,
    0x3D, 0xE7, 0x3C, 0xE7, 0xFC, 0xDE, 0x7A, 0xCE, 0x5A, 0xCE, 0x7B, 0xCE, 0x97, 0xB5, 0x73, 0x8C,
    0x94, 0x94, 0x73, 0x8C, 0x7A, 0xCE, 0xBE, 0xF7, 0x9D, 0xF7, 0x9E, 0xF7, 0x3C, 0xE7, 0xDB, 0xDE,
    0xDC, 0xDE, 0xDC, 0xDE, 0xDC, 0xDE, 0xFB, 0xDE, 0xDB, 0xDE, 0xFC, 0xDE, 0xDC, 0xDE, 0xDC, 0xDE,
    0xFC, 0xDE, 0xFC, 0xDE, 0xDC, 0xDE, 0xDC, 0xDE, 0xDC, 0xDE, 0xDC, 0xDE, 0xFC, 0xDE, 0xDC, 0xDE,
    0xDC, 0xDE, 0xDC, 0xDE, 0xDC, 0xDE, 0xDC, 0xDE, 0xDC, 0xDE, 0xDC, 0xDE, 0xDC, 0xDE, 0xDC, 0xDE,
    0xDC, 0xDE, 0xFC, 0xDE, 0xFC, 0xDE, 0xFC, 0xDE, 0xFC, 0xDE, 0xFC, 0xDE, 0xFC, 0xDE, 0xDC, 0xDE,
    0xFC, 0xDE, 0xFC, 0xDE, 0xFC, 0xDE, 0xFC, 0xDE, 0xFC, 0xDE, 0x1C, 0xE7, 0x0C, 0x63, 0x61, 0x08,
    0x2D, 0x2A, 0x5B, 0x54, 0x3B, 0x4C, 0xDA, 0x43, 0x9B, 0x3B, 0xB6, 0x22, 0x95, 0x22, 0x0F, 0x22,
    0x84, 0x00, 0x8B, 0x52, 0xF5, 0x9C, 0xD4, 0x94, 0x7A, 0xCE, 0xFC, 0xDE, 0xFC, 0xDE, 0xFC, 0xDE,
    0xFC, 0xDE, 0xFC, 0xDE, 0xFC, 0xDE, 0xFC, 0xDE, 0xFC, 0xDE, 0xFC, 0xDE, 0xFC, 0xDE, 0xFC, 0xDE,
    0xFC, 0xDE, 0xDC, 0xDE, 0xDC, 0xDE, 0xDC, 0xDE, 0xDC, 0xDE, 0xDC, 0xDE, 0xDC, 0xDE, 0xDC, 0xDE,
    0xDC, 0xDE, 0xDC, 0xDE, 0xDC, 0xDE, 0xFC, 0xDE, 0xFC, 0xDE, 0xFC, 0xDE, 0xFC, 0xDE, 0xFC, 0xDE,
    0xFC, 0xDE, 0xFC, 0xDE, 0xFC, 0xDE, 0xFC, 0xDE, 0xFC, 0xDE, 0xDC, 0xDE, 0xDC, 0xDE, 0xDC, 0xDE,
    0xFB, 0xDE, 0xFB, 0xDE, 0x39, 0xC6, 0x3A, 0xC6, 0x35, 0xA5, 0x6E, 0x6B, 0x4F, 0x6B, 0x2E, 0x63,
    0x4F, 0x63, 0x4E, 0x6B, 0x10, 0x84, 0xF8, 0xBD, 0x39, 0xC6, 0xDC, 0xDE, 0xDC, 0xDE, 0xFC, 0xDE,
    0xFC, 0xDE, 0xFC, 0xDE, 0xFC, 0xDE, 0xFC, 0xDE, 0xFC, 0xDE, 0xDC, 0xDE, 0xDC, 0xDE, 0xFC, 0xDE,
    0xFC, 0xDE, 0xFC, 0xDE, 0xFC, 0xDE, 0xFC, 0xDE, 0xFC, 0xDE, 0xFC, 0xDE, 0xDC, 0xDE, 0xDC, 0xDE,
    0xDC, 0xDE, 0xFC, 0xDE, 0xFC, 0xDE, 0xDC, 0xDE, 0xDC, 0xDE, 0xDC, 0xDE, 0xDC, 0xDE, 0xDC, 0xDE,
    0xDC, 0xDE, 0xDC, 0xDE, 0xFC, 0xDE, 0xFC, 0xDE, 0xFC, 0xDE, 0xFC, 0xDE, 0xFC, 0xDE, 0xFC, 0xDE,
    0xFC, 0xDE, 0xDC, 0xDE, 0xDC, 0xDE, 0xDC, 0xDE, 0xDC, 0xDE, 0xFC, 0xDE, 0xDC, 0xDE, 0x19, 0xC6,
    0xB8, 0xB5, 0x8F, 0x73, 0xCC, 0x5A, 0xE9, 0x41, 0xE8, 0x39, 0xE8, 0x41, 0x2D, 0x63, 0x56, 0xAD,
    0x18, 0xBE, 0xB7, 0xB5, 0x15, 0xA5, 0xD4, 0x9C, 0x85, 0x21, 0xE0, 0x00, 0xA5, 0x32, 0x86, 0x3B,
    0xE5, 0x3B, 0x25, 0x3C, 0x66, 0x3B, 0xE1, 0x08, 0xA2, 0x10, 0x0B, 0x5B, 0x2D, 0x6B, 0x77, 0xB5,
    0xBC, 0xD6, 0x3D, 0xE7, 0xCB, 0x52, 0x24, 0x22, 0x8C, 0x75, 0xC8, 0x4B, 0x40, 0x00, 0xEC, 0x62,
    0xDF, 0xFF, 0x58, 0xC6, 0x72, 0x8C, 0x94, 0x94, 0x73, 0x8C, 0x56, 0xAD, 0x7A, 0xCE, 0x7A, 0xCE,
    0x5A, 0xCE, 0xFC, 0xDE, 0x3D, 0xE7, 0x1C, 0xE7, 0x9E, 0xF7, 0x8E, 0x73, 0x04, 0x21, 0x66, 0x29,
    0x65, 0x29, 0x6D, 0x21, 0x71, 0x21, 0x71, 0x21, 0x71, 0x21, 0x71, 0x21, 0x6D, 0x21, 0x86, 0x31,
    0x86, 0x31, 0x45, 0x29, 0x49, 0x4A, 0xDB, 0xDE, 0x3D, 0xE7, 0x3C, 0xE7, 0xFC, 0xDE, 0x7A, 0xCE,
    0x5A, 0xCE, 0x7B, 0xCE, 0x97, 0xB5, 0x73, 0x8C, 0x94, 0x8C, 0x73, 0x8C, 0x7A, 0xCE, 0xBE, 0xF7,
    0x9D, 0xF7, 0x9E, 0xF7, 0x3C, 0xE7, 0xDB, 0xDE, 0xDC, 0xDE, 0xDC, 0xDE, 0xDC, 0xDE, 0xFB, 0xDE,
    0xDC, 0xDE, 0xFC, 0xDE, 0xFC, 0xDE, 0xDC, 0xDE, 0xFC, 0xDE, 0xFC, 0xDE, 0xDC, 0xDE, 0xDC, 0xDE,
    0xDC, 0xDE, 0xDC, 0xDE, 0xDC, 0xDE, 0xDC, 0xDE, 0xDC, 0xDE, 0xDC, 0xDE, 0xDC, 0xDE, 0xDC, 0xDE,
    0xDC, 0xDE, 0xDC, 0xDE, 0xDC, 0xDE, 0xDC, 0xDE, 0xDC, 0xDE, 0xFC, 0xDE, 0xFC, 0xDE, 0xFC, 0xDE,
    0xFC, 0xDE, 0xFC, 0xDE, 0xFC, 0xDE, 0xFC, 0xDE, 0xFC, 0xDE, 0xFC, 0xDE, 0xFC, 0xDE, 0xFC, 0xDE,
    0xDC, 0xDE, 0x1C, 0xE7, 0x0C, 0x63, 0x61, 0x08, 0x4D, 0x2A, 0x7C, 0x5C, 0x3C, 0x4C, 0xDA, 0x3B,
    0x9B, 0x3B, 0x95, 0x22, 0x74, 0x22, 0xEE, 0x21, 0x42, 0x00, 0xAB, 0x5A, 0x98, 0xB5, 0xB8, 0xB5,
    0xBA, 0xDE, 0xFB, 0xE6, 0xDC, 0xDE, 0xFC, 0xDE, 0xFC, 0xDE, 0xFC, 0xDE, 0xFC, 0xDE, 0xFC, 0xDE,
    0xFC, 0xDE, 0xFC, 0xDE, 0xFC, 0xDE, 0xFC, 0xDE, 0xFC, 0xDE, 0xFC, 0xDE, 0xDC, 0xDE, 0xDC, 0xDE,
    0xDC, 0xDE, 0xDC, 0xDE, 0xDC, 0xDE, 0xDC, 0xDE, 0xDC, 0xDE, 0xDC, 0xDE, 0xDC, 0xDE, 0xDC, 0xDE,
    0xDC, 0xDE, 0xFC, 0xDE, 0xFC, 0xDE, 0xFC, 0xDE, 0xFC, 0xDE, 0xFC, 0xDE, 0xFC, 0xDE, 0xFC, 0xDE,
    0xFC, 0xDE, 0xDC, 0xDE, 0xDC, 0xDE, 0xDC, 0xDE, 0xFB, 0xDE, 0xFB, 0xDE, 0xFB, 0xDE, 0x1D, 0xE7,
    0x3A, 0xCE, 0x56, 0xAD, 0x77, 0xB5, 0x96, 0xAD, 0x97, 0xAD, 0x56, 0xAD, 0xB7, 0xBD, 0xFB, 0xDE,
    0x1C, 0xDF, 0xFC, 0xDE, 0xFC, 0xDE, 0xFC, 0xDE, 0xFC, 0xDE, 0xFC, 0xDE, 0xFC, 0xDE, 0xFC, 0xDE,
    0xFC, 0xDE, 0xFC, 0xDE, 0xFC, 0xDE, 0xFC, 0xDE, 0xFC, 0xDE, 0xFC, 0xDE, 0xFC, 0xDE, 0xFC, 0xDE,
    0xFC, 0xDE, 0xFC, 0xDE, 0xDC, 0xDE, 0xDC, 0xDE, 0xDC, 0xDE, 0xFC, 0xDE, 0xFC, 0xDE, 0xDC, 0xDE,
    0xDC, 0xDE, 0xDC, 0xDE, 0xDC, 0xDE, 0xDC, 0xDE, 0xDC, 0xDE, 0xDC, 0xDE, 0xFC, 0xDE, 0xFC, 0xDE,
    0xFC, 0xDE, 0xFC, 0xDE, 0xFC, 0xDE, 0xFC, 0xDE, 0xFC, 0xDE, 0xDC, 0xDE, 0xDC, 0xDE, 0xDC, 0xDE,
    0xFC, 0xDE, 0xFC, 0xDE, 0xFC, 0xDE, 0x1D, 0xE7, 0x9B, 0xCE, 0x56, 0xA5, 0x36, 0xA5, 0x36, 0xA5,
    0x56, 0xAD, 0x56, 0xAD, 0x97, 0xB5, 0x59, 0xCE, 0x1C, 0xE7, 0x9A, 0xCE, 0xB7, 0xB5, 0x35, 0x9D,
    0x66, 0x29, 0x03, 0x19, 0xE1, 0x10, 0xA1, 0x08, 0x24, 0x22, 0x86, 0x3B, 0xC5, 0x32, 0xE2, 0x10,
    0x46, 0x29, 0x14, 0x9D, 0xD8, 0xBD, 0xD4, 0x9C, 0x30, 0x84, 0xB0, 0x8C, 0x46, 0x3A, 0x62, 0x11,
    0xC5, 0x32, 0x65, 0x2A, 0xA2, 0x08, 0x4E, 0x6B, 0xDF, 0xFF, 0x59, 0xC6, 0x73, 0x8C, 0x94, 0x94,
    0x73, 0x8C, 0x56, 0xAD, 0x7A, 0xCE, 0x7A, 0xCE, 0x5A, 0xCE, 0xFC, 0xDE, 0x3D, 0xE7, 0x1C, 0xE7,
    0x9E, 0xF7, 0x8E, 0x73, 0x04, 0x21, 0x66, 0x29, 0x65, 0x29, 0x6D, 0x21, 0x71, 0x21, 0x71, 0x21,
    0x71, 0x21, 0x71, 0x21, 0x6D, 0x21, 0x86, 0x31, 0x86, 0x31, 0x45, 0x29, 0x49, 0x4A, 0xDB, 0xDE,
    0x3D, 0xE7, 0x3C, 0xE7, 0xFC, 0xDE, 0x7A, 0xCE, 0x5A, 0xCE, 0x7B, 0xCE, 0x97, 0xB5, 0x73, 0x8C,
    0x94, 0x8C, 0x73, 0x8C, 0x7A, 0xCE, 0xBE, 0xF7, 0x9D, 0xF7, 0x9E, 0xF7, 0x3C, 0xE7, 0xDB, 0xDE,
    0xDC, 0xDE, 0xDC, 0xDE, 0xDC, 0xDE, 0xFC, 0xDE, 0xFC, 0xDE, 0xFC, 0xDE, 0xFC, 0xDE, 0xFC, 0xDE,
    0xFC, 0xDE, 0xFC, 0xDE, 0xFC, 0xDE, 0xDC, 0xDE, 0xDC, 0xDE, 0xDC, 0xDE, 0xDC, 0xDE, 0xDC, 0xDE,
    0xDC, 0xDE, 0xDC, 0xDE, 0xDC, 0xDE, 0xDC, 0xDE, 0xFC, 0xDE, 0xFC, 0xDE, 0xDC, 0xDE, 0xDC, 0xDE,
    0xDC, 0xDE, 0xFC, 0xDE, 0xFC, 0xDE, 0xFC, 0xDE, 0xFC, 0xDE, 0xFC, 0xDE, 0xFC, 0xDE, 0xFC, 0xDE,
    0xFC, 0xDE, 0xFC, 0xDE, 0xFC, 0xDE, 0xFC, 0xDE, 0xDB, 0xDE, 0xFC, 0xDE, 0x0C, 0x63, 0x61, 0x08,
    0x2D, 0x2A, 0x3B, 0x5C, 0xFB, 0x4B, 0xDA, 0x43, 0xDA, 0x43, 0x92, 0x2A, 0xAD, 0x19, 0xEB, 0x29,
    0x08, 0x3A, 0xF0, 0x7B, 0xD9, 0xBD, 0xF8, 0xBD, 0xDB, 0xDE, 0xFC, 0xDE, 0xDC, 0xDE, 0xDC, 0xDE,
    0xFC, 0xDE, 0xFC, 0xDE, 0xFC, 0xDE, 0xFC, 0xDE, 0xFC, 0xDE, 0xFC, 0xDE, 0xFC, 0xDE, 0xFC, 0xDE,
    0xFC, 0xDE, 0xFC, 0xDE, 0xDC, 0xDE, 0xDC, 0xDE, 0xDC, 0xDE, 0xDC, 0xDE, 0xDC, 0xDE, 0xDC, 0xDE,
    0xDC, 0xDE, 0xDC, 0xDE, 0xDC, 0xDE, 0xDC, 0xDE, 0xDC, 0xDE, 0xFC, 0xDE, 0xFC, 0xDE, 0xFC, 0xDE,
    0xFC, 0xDE, 0xFC, 0xDE, 0xFC, 0xDE, 0xFC, 0xDE, 0xFC, 0xDE, 0xFC, 0xDE, 0xFC, 0xDE, 0xDC, 0xDE,
    0xDC, 0xDE, 0xDC, 0xDE, 0xDB, 0xDE, 0xFC, 0xDE, 0x5A, 0xCE, 0x97, 0xB5, 0xB8, 0xB5, 0xD7, 0xBD,
    0xD7, 0xB5, 0x96, 0xB5, 0xF8, 0xC5, 0xDB, 0xDE, 0xFB, 0xDE, 0xFC, 0xDE, 0xFC, 0xDE, 0xFC, 0xDE,
    0xFC, 0xDE, 0xFC, 0xDE, 0xFC, 0xDE, 0xFC, 0xDE, 0xFC, 0xDE, 0xFC, 0xDE, 0xFC, 0xDE, 0xFC, 0xDE,
    0xFC, 0xDE, 0xFC, 0xDE, 0xFC, 0xDE, 0xFC, 0xDE, 0xFC, 0xDE, 0xFC, 0xDE, 0xDC, 0xDE, 0xDC, 0xDE,
    0xDC, 0xDE, 0xFC, 0xDE, 0xFC, 0xDE, 0xDC, 0xDE, 0xDC, 0xDE, 0xDC, 0xDE, 0xDC, 0xDE, 0xDC, 0xDE,
    0xDC, 0xDE, 0xDC, 0xDE, 0xFC, 0xDE, 0xFC, 0xDE, 0xFC, 0xDE, 0xFC, 0xDE, 0xDC, 0xDE, 0xFC, 0xDE,
    0xFC, 0xDE, 0xFC, 0xDE, 0xFC, 0xDE, 0xFC, 0xDE, 0xFC, 0xDE, 0xFC, 0xDE, 0xFC, 0xDE, 0xFC, 0xDE,
    0xBB, 0xD6, 0x97, 0xAD, 0x97, 0xAD, 0xB7, 0xB5, 0xB7, 0xB5, 0x19, 0xC6, 0x9A, 0xD6, 0xDB, 0xDE,
    0xDC, 0xDE, 0xBB, 0xD6, 0x7A, 0xCE, 0x19, 0xC6, 0xD4, 0x9C, 0xF3, 0x9C, 0xE6, 0x31, 0x83, 0x19,
    0xE4, 0x21, 0x41, 0x09, 0xE5, 0x29, 0xB2, 0x8C, 0xF4, 0x9C, 0x97, 0xAD, 0xF9, 0xBD, 0x29, 0x3A,
    0xE0, 0x00, 0xA9, 0x5C, 0xEA, 0x64, 0x03, 0x1A, 0x20, 0x00, 0x2C, 0x63, 0x55, 0xA5, 0x39, 0xC6,
    0xDF, 0xFF, 0x59, 0xCE, 0x53, 0x8C, 0x93, 0x8C, 0x73, 0x8C, 0x56, 0xAD, 0x7A, 0xCE, 0x7A, 0xCE,
    0x5A, 0xCE, 0xFC, 0xDE, 0x3D, 0xE7, 0x1C, 0xE7, 0x9E, 0xF7, 0x8E, 0x73, 0x04, 0x21, 0x66, 0x29,
    0x65, 0x29, 0x6D, 0x21, 0x71, 0x21, 0x71, 0x21, 0x71, 0x21, 0x71, 0x21, 0x6D, 0x21, 0x86, 0x31,
    0x86, 0x31, 0x45, 0x29, 0x49, 0x4A, 0xDB, 0xDE, 0x3D, 0xE7, 0x1C, 0xE7, 0xFC, 0xDE, 0x7A, 0xCE,
    0x5A, 0xCE, 0x7B, 0xD6, 0x97, 0xB5, 0x73, 0x8C, 0x94, 0x8C, 0x73, 0x8C, 0x7A, 0xCE, 0xBE, 0xF7,
    0x9D, 0xF7, 0x9E, 0xF7, 0x3C, 0xE7, 0xDB, 0xDE, 0xDB, 0xDE, 0xDC, 0xDE, 0xFC, 0xDE, 0xFC, 0xDE,
    0xFC, 0xDE, 0xFC, 0xDE, 0xFC, 0xDE, 0xFC, 0xDE, 0xDC, 0xDE, 0xFC, 0xDE, 0xFC, 0xDE, 0xFC, 0xDE,
    0xDC, 0xDE, 0xDC, 0xDE, 0xDC, 0xDE, 0xDC, 0xDE, 0xDC, 0xDE, 0xDC, 0xDE, 0xDC, 0xDE, 0xDC, 0xDE,
    0xDC, 0xDE, 0xDC, 0xDE, 0xDC, 0xDE, 0xDC, 0xDE, 0xDC, 0xDE, 0xFC, 0xDE, 0xFC, 0xDE, 0xFC, 0xDE,
    0xFC, 0xDE, 0xFC, 0xDE, 0xFC, 0xDE, 0xFC, 0xDE, 0xFC, 0xDE, 0xFC, 0xDE, 0xFC, 0xDE, 0xFC, 0xDE,
    0xDB, 0xDE, 0xFC, 0xDE, 0xEB, 0x5A, 0x41, 0x00, 0x8B, 0x19, 0x18, 0x3B, 0x58, 0x33, 0xFA, 0x43,
    0xFA, 0x4B, 0x0E, 0x22, 0x83, 0x00, 0x4A, 0x42, 0x56, 0xAD, 0x19, 0xC6, 0xFB, 0xDE, 0xFA, 0xDE,
    0xFC, 0xDE, 0xFC, 0xDE, 0xFC, 0xDE, 0xFC, 0xDE, 0xFC, 0xDE, 0xFC, 0xDE, 0xFC, 0xDE, 0xFC, 0xDE,
    0xFC, 0xDE, 0xFC, 0xDE, 0xFC, 0xDE, 0xFC, 0xDE, 0xFC, 0xDE, 0xFC, 0xDE, 0xDC, 0xDE, 0xDC, 0xDE,
    0xFC, 0xDE, 0xFC, 0xDE, 0xFC, 0xDE, 0xFC, 0xDE, 0xFC, 0xDE, 0xFC, 0xDE, 0xDC, 0xDE, 0xDC, 0xDE,
    0xDC, 0xDE, 0xFC, 0xDE, 0xFC, 0xDE, 0xFC, 0xDE, 0xFC, 0xDE, 0xFC, 0xDE, 0xFC, 0xDE, 0xFC, 0xDE,
    0xFC, 0xDE, 0xFC, 0xDE, 0xFC, 0xDE, 0xFC, 0xDE, 0xFC, 0xDE, 0xDC, 0xDE, 0xDC, 0xDE, 0xFB, 0xDE,
    0xFC, 0xDE, 0xFB, 0xDE, 0xDC, 0xDE, 0xFC, 0xDE, 0xDC, 0xDE, 0xDC, 0xDE, 0xDD, 0xDE, 0xDD, 0xDE,
    0xFB, 0xDE, 0xFB, 0xDE, 0xDC, 0xDE, 0xFC, 0xDE, 0xFC, 0xDE, 0xFC, 0xDE, 0xFC, 0xDE, 0xFC, 0xDE,
    0xFC, 0xDE, 0xFC, 0xDE, 0xFC, 0xDE, 0xFC, 0xDE, 0xFC, 0xDE, 0xFC, 0xDE, 0xFC, 0xDE, 0xFC, 0xDE,
    0xFC, 0xDE, 0xFC, 0xDE, 0xDC, 0xDE, 0xDC, 0xDE, 0xDC, 0xDE, 0xFC, 0xDE, 0xFC, 0xDE, 0xDC, 0xDE,
    0xDC, 0xDE, 0xDC, 0xDE, 0xDC, 0xDE, 0xDC, 0xDE, 0xDC, 0xDE, 0xDC, 0xDE, 0xFC, 0xDE, 0xFC, 0xDE,
    0xFC, 0xDE, 0xFC, 0xDE, 0xDC, 0xDE, 0xDC, 0xDE, 0xFC, 0xDE, 0xFC, 0xDE, 0xFC, 0xDE, 0xFC, 0xDE,
    0xFC, 0xDE, 0xFC, 0xDE, 0xFC, 0xDE, 0xFB, 0xDE, 0xFC, 0xDE, 0xDC, 0xDE, 0xFC, 0xDE, 0xFC, 0xDE,
    0xDB, 0xDE, 0xDC, 0xDE, 0xFC, 0xDE, 0xDC, 0xDE, 0xDC, 0xDE, 0xDC, 0xDE, 0xFC, 0xDE, 0x9B, 0xD6,
    0x77, 0xB5, 0xF3, 0x94, 0x86, 0x32, 0x88, 0x54, 0xC7, 0x4B, 0x80, 0x00, 0xE9, 0x41, 0x77, 0xB5,
    0xB7, 0xBD, 0xDC, 0xDE, 0xFC, 0xDE, 0x49, 0x42, 0x21, 0x09, 0xEB, 0x6C, 0x2B, 0x6D, 0x04, 0x22,
    0x61, 0x08, 0xB0, 0x7B, 0xF9, 0xC5, 0xBA, 0xD6, 0xDE, 0xFF, 0x3A, 0xCE, 0x53, 0x8C, 0x93, 0x8C,
    0x73, 0x8C, 0x56, 0xAD, 0x7A, 0xCE, 0x7A, 0xCE, 0x5A, 0xCE, 0xDC, 0xDE, 0x3D, 0xE7, 0x3C, 0xE7,
    0x9E, 0xF7, 0x8E, 0x73, 0x04, 0x21, 0x66, 0x29, 0x65, 0x29, 0x6D, 0x21, 0x71, 0x21, 0x71, 0x21,
    0x71, 0x21, 0x71, 0x21, 0x6D, 0x21, 0x86, 0x31, 0x66, 0x29, 0x45, 0x29, 0x49, 0x4A, 0xDB, 0xDE,
    0x3C, 0xE7, 0x3C, 0xE7, 0xFC, 0xDE, 0x7A, 0xCE, 0x7A, 0xCE, 0x7B, 0xD6, 0x97, 0xB5, 0x73, 0x8C,
    0x94, 0x8C, 0x73, 0x8C, 0x7A, 0xCE, 0xBE, 0xF7, 0x9D, 0xF7, 0x9E, 0xF7, 0x3C, 0xE7, 0xDB, 0xDE,
    0xDC, 0xDE, 0xDC, 0xDE, 0xDC, 0xDE, 0xFC, 0xDE, 0xFC, 0xDE, 0xFC, 0xDE, 0xFC, 0xDE, 0xFC, 0xDE,
    0xFC, 0xDE, 0xFC, 0xDE, 0xFC, 0xDE, 0xDC, 0xDE, 0xDC, 0xDE, 0xDC, 0xDE, 0xDC, 0xDE, 0xDC, 0xDE,
    0xDC, 0xDE, 0xDC, 0xDE, 0xDC, 0xDE, 0xDC, 0xDE, 0xDC, 0xDE, 0xDC, 0xDE, 0xDC, 0xDE, 0xDC, 0xDE,
    0xDC, 0xDE, 0xFC, 0xDE, 0xFC, 0xDE, 0xFC, 0xDE, 0xFC, 0xDE, 0xDC, 0xDE, 0xFC, 0xDE, 0xFC, 0xDE,
    0xFC, 0xDE, 0xFC, 0xDE, 0xFC, 0xDE, 0xFC, 0xDE, 0xDC, 0xDE, 0x1C, 0xE7, 0xAB, 0x5A, 0x00, 0x00,
    0x49, 0x11, 0x16, 0x3B, 0x37, 0x3B, 0xD9, 0x43, 0xFA, 0x43, 0xCD, 0x19, 0x81, 0x08, 0x8A, 0x4A,
    0xB8, 0xBD, 0x3A, 0xCE, 0xFC, 0xDE, 0xFB, 0xDE, 0xDB, 0xDE, 0xFC, 0xDE, 0xFC, 0xDE, 0xFC, 0xDE,
    0xFC, 0xDE, 0xFC, 0xDE, 0xFC, 0xDE, 0xFC, 0xDE, 0xFC, 0xDE, 0xFC, 0xDE, 0xFC, 0xDE, 0xFC, 0xDE,
    0xFC, 0xDE, 0xFC, 0xDE, 0xFC, 0xDE, 0xFC, 0xDE, 0xDC, 0xDE, 0xFC, 0xDE, 0xFC, 0xDE, 0xFC, 0xDE,
    0xDC, 0xDE, 0xDC, 0xDE, 0xDC, 0xDE, 0xDC, 0xDE, 0xDC, 0xDE, 0xFC, 0xDE, 0xFC, 0xDE, 0xFC, 0xDE,
    0xFC, 0xDE, 0xFC, 0xDE, 0xFC, 0xDE, 0xFC, 0xDE, 0xFC, 0xDE, 0xFC, 0xDE, 0xFC, 0xDE, 0xFC, 0xDE,
    0xFC, 0xDE, 0xFC, 0xDE, 0xFC, 0xDE, 0xDC, 0xDE, 0xDC, 0xDE, 0xDC, 0xDE, 0xFC, 0xDE, 0xFC, 0xDE,
    0xDC, 0xDE, 0xDC, 0xDE, 0xDC, 0xDE, 0xDC, 0xDE, 0xFC, 0xDE, 0xDB, 0xDE, 0xDC, 0xDE, 0xFC, 0xDE,
    0xFC, 0xDE, 0xFC, 0xDE, 0xFC, 0xDE, 0xDC, 0xDE, 0xDC, 0xDE, 0xFC, 0xDE, 0xFC, 0xDE, 0xFC, 0xDE,
    0xDC, 0xDE, 0xFC, 0xDE, 0xFC, 0xDE, 0xDC, 0xDE, 0xDC, 0xDE, 0xDC, 0xDE, 0xDC, 0xDE, 0xDC, 0xDE,
    0xDC, 0xDE, 0xDC, 0xDE, 0xDC, 0xDE, 0xDC, 0xDE, 0xDC, 0xDE, 0xDC, 0xDE, 0xDC, 0xDE, 0xDC, 0xDE,
    0xDC, 0xDE, 0xDC, 0xDE, 0xDC, 0xDE, 0xDC, 0xDE, 0xDC, 0xDE, 0xDC, 0xDE, 0xDC, 0xDE, 0xDC, 0xDE,
    0xFC, 0xDE, 0xFC, 0xDE, 0xFC, 0xDE, 0xFC, 0xDE, 0xFC, 0xDE, 0xFC, 0xDE, 0xFC, 0xDE, 0xFC, 0xDE,
    0xFC, 0xDE, 0xFC, 0xDE, 0xFC, 0xDE, 0xFC, 0xDE, 0xDC, 0xDE, 0xDC, 0xDE, 0xDC, 0xDE, 0xDC, 0xDE,
    0xFC, 0xDE, 0xFB, 0xDE, 0xDB, 0xDE, 0x9C, 0xD6, 0x3A, 0xC6, 0x91, 0x84, 0x65, 0x32, 0x69, 0x54,
    0x67, 0x43, 0x60, 0x00, 0x28, 0x42, 0x5A, 0xD6, 0x9A, 0xD6, 0xFC, 0xDE, 0xFB, 0xE6, 0x69, 0x4A,
    0x80, 0x00, 0xE4, 0x21, 0xE3, 0x21, 0x06, 0x32, 0xF0, 0x73, 0xB7, 0xBD, 0xFB, 0xDE, 0x3C, 0xE7,
    0xBF, 0xFF, 0x39, 0xCE, 0x53, 0x8C, 0x93, 0x94, 0x73, 0x8C, 0x56, 0xAD, 0x7A, 0xCE, 0x7A, 0xCE,
    0x5A, 0xCE, 0xFC, 0xDE, 0x3D, 0xE7, 0x3C, 0xE7, 0x9E, 0xF7, 0x8E, 0x73, 0x04, 0x21, 0x66, 0x29,
    0x65, 0x29, 0x6D, 0x21, 0x71, 0x21, 0x71, 0x21, 0x71, 0x21, 0x71, 0x21, 0x6D, 0x21, 0x86, 0x31,
    0x66, 0x29, 0x45, 0x29, 0x49, 0x4A, 0xDB, 0xDE, 0x3C, 0xE7, 0x1C, 0xE7, 0xFC, 0xDE, 0x7A, 0xCE,
    0x7A, 0xCE, 0x7B, 0xD6, 0x97, 0xB5, 0x73, 0x8C, 0x94, 0x8C, 0x73, 0x8C, 0x7A, 0xCE, 0xBE, 0xF7,
    0x9D, 0xF7, 0x9E, 0xF7, 0x3C, 0xE7, 0xDB, 0xDE, 0xDC, 0xDE, 0xDC, 0xDE, 0xDC, 0xDE, 0xFC, 0xDE,
    0xFC, 0xDE, 0xFC, 0xDE, 0xFC, 0xDE, 0xFC, 0xDE, 0xFC, 0xDE, 0xFC, 0xDE, 0xFC, 0xDE, 0xDC, 0xDE,
    0xDC, 0xDE, 0xDC, 0xDE, 0xDC, 0xDE, 0xDC, 0xDE, 0xDC, 0xDE, 0xDC, 0xDE, 0xDC, 0xDE, 0xDC, 0xDE,
    0xDC, 0xDE, 0xDC, 0xDE, 0xDC, 0xDE, 0xDC, 0xDE, 0xDC, 0xDE, 0xFC, 0xDE, 0xFC, 0xDE, 0xFC, 0xDE,
    0xFC, 0xDE, 0xDC, 0xDE, 0xFC, 0xDE, 0xFC, 0xDE, 0xDC, 0xDE, 0xDB, 0xDE, 0xDC, 0xDE, 0xDC, 0xDE,
    0xDC, 0xDE, 0x1C, 0xE7, 0x10, 0x84, 0x28, 0x42, 0x4C, 0x42, 0x6A, 0x19, 0x6B, 0x11, 0x57, 0x3B,
    0x1A, 0x4C, 0x0D, 0x2A, 0x82, 0x08, 0x0C, 0x63, 0xDB, 0xDE, 0xBB, 0xDE, 0xFC, 0xDE, 0xFC, 0xDE,
    0xDC, 0xDE, 0xFC, 0xDE, 0xFB, 0xDE, 0xFC, 0xDE, 0xFC, 0xDE, 0xFC, 0xDE, 0xFC, 0xDE, 0xFC, 0xDE,
    0xFC, 0xDE, 0xFC, 0xDE, 0xFC, 0xDE, 0xFC, 0xDE, 0xFC, 0xDE, 0xFC, 0xDE, 0xFC, 0xDE, 0xFC, 0xDE,
    0xFC, 0xDE, 0xFC, 0xDE, 0xDC, 0xDE, 0xDC, 0xDE, 0xDC, 0xDE, 0xDC, 0xDE, 0xDC, 0xDE, 0xFC, 0xDE,
    0xDC, 0xDE, 0xFC, 0xDE, 0xFC, 0xDE, 0xFC, 0xDE, 0xFC, 0xDE, 0xFC, 0xDE, 0xFC, 0xDE, 0xFC, 0xDE,
    0xFC, 0xDE, 0xFC, 0xDE, 0xFC, 0xDE, 0xFC, 0xDE, 0xFC, 0xDE, 0xFC, 0xDE, 0xFC, 0xDE, 0xDC, 0xDE,
    0xDC, 0xDE, 0xDC, 0xDE, 0xFC, 0xDE, 0xFC, 0xDE, 0xDC, 0xDE, 0xDC, 0xDE, 0xDC, 0xDE, 0xFC, 0xDE,
    0xFC, 0xDE, 0xFC, 0xDE, 0xFC, 0xDE, 0xFC, 0xDE, 0xFC, 0xDE, 0xFC, 0xDE, 0xFC, 0xDE, 0xDC, 0xDE,
    0xDC, 0xDE, 0xFC, 0xDE, 0xFC, 0xDE, 0xFC, 0xDE, 0xFC, 0xDE, 0xFC, 0xDE, 0xFC, 0xDE, 0xFC, 0xDE,
    0xDC, 0xDE, 0xDC, 0xDE, 0xDC, 0xDE, 0xDC, 0xDE, 0xFC, 0xDE, 0xFC, 0xDE, 0xFC, 0xDE, 0xFC, 0xDE,
    0xDC, 0xDE, 0xDC, 0xDE, 0xDC, 0xDE, 0xDC, 0xDE, 0xDC, 0xDE, 0xDC, 0xDE, 0xFC, 0xDE, 0xFC, 0xDE,
    0xFC, 0xDE, 0xFC, 0xDE, 0xDC, 0xDE, 0xDC, 0xDE, 0xFC, 0xDE, 0xFC, 0xDE, 0xFC, 0xDE, 0xFC, 0xDE,
    0xFC, 0xDE, 0xFC, 0xDE, 0xFC, 0xDE, 0xFC, 0xDE, 0xFC, 0xDE, 0xDC, 0xDE, 0xDC, 0xDE, 0xDC, 0xDE,
    0xDC, 0xDE, 0xDC, 0xDE, 0xDC, 0xDE, 0xDC, 0xDE, 0xDC, 0xDE, 0xDB, 0xDE, 0xDB, 0xDE, 0xDC, 0xDE,
    0x5E, 0xE7, 0xAE, 0x6B, 0x80, 0x00, 0xA2, 0x19, 0x87, 0x3A, 0x28, 0x3A, 0x8F, 0x73, 0xFC, 0xE6,
    0xFC, 0xDE, 0xFC, 0xDE, 0xDB, 0xDE, 0xCB, 0x5A, 0xC3, 0x10, 0x23, 0x19, 0xE2, 0x10, 0x2C, 0x63,
    0xB8, 0xB5, 0x9B, 0xD6, 0xBE, 0xF7, 0x9D, 0xF7, 0xBE, 0xFF, 0x39, 0xCE, 0x73, 0x8C, 0x93, 0x94,
    0x73, 0x8C, 0x56, 0xAD, 0x7A, 0xCE, 0x7A, 0xCE, 0x5A, 0xCE, 0xFC, 0xDE, 0x3D, 0xE7, 0x1C, 0xE7,
    0x9E, 0xF7, 0x8E, 0x73, 0xE4, 0x20, 0x66, 0x29, 0x65, 0x29, 0x6D, 0x21, 0x71, 0x21, 0x71, 0x21,
    0x71, 0x21, 0x71, 0x21, 0x6D, 0x21, 0x66, 0x29, 0x66, 0x29, 0x45, 0x29, 0x49, 0x4A, 0xDB, 0xDE,
    0x3C, 0xE7, 0x1C, 0xE7, 0xFC, 0xDE, 0x7A, 0xCE, 0x7A, 0xCE, 0x7B, 0xCE, 0x97, 0xB5, 0x73, 0x8C,
    0x94, 0x8C, 0x73, 0x8C, 0x7A, 0xCE, 0xBE, 0xF7, 0x9D, 0xF7, 0x9E, 0xF7, 0x3C, 0xE7, 0xDB, 0xDE,
    0xDC, 0xDE, 0xDC, 0xDE, 0xDC, 0xDE, 0xFC, 0xDE, 0xFC, 0xDE, 0xFC, 0xDE, 0xFC, 0xDE, 0xFC, 0xDE,
    0xFC, 0xDE, 0xFC, 0xDE, 0xFC, 0xDE, 0xDC, 0xDE, 0xDC, 0xDE, 0xDC, 0xDE, 0xDC, 0xDE, 0xDC, 0xDE,
    0xDC, 0xDE, 0xDC, 0xDE, 0xDC, 0xDE, 0xDC, 0xDE, 0xDC, 0xDE, 0xDC, 0xDE, 0xDC, 0xDE, 0xDC, 0xDE,
    0xDC, 0xDE, 0xFC, 0xDE, 0xFC, 0xDE, 0xFC, 0xDE, 0xFC, 0xDE, 0xFC, 0xDE, 0xFC, 0xDE, 0xFC, 0xDE,
    0xFB, 0xDE, 0xFB, 0xDE, 0xFC, 0xDE, 0xDC, 0xDE, 0xDC, 0xDE, 0xFC, 0xDE, 0xF8, 0xBD, 0x76, 0xAD,
    0x53, 0x8C, 0xA2, 0x10, 0xA4, 0x08, 0x56, 0x3B, 0x1A, 0x4C, 0x2D, 0x2A, 0x41, 0x00, 0xEB, 0x5A,
    0x3C, 0xE7, 0x1C, 0xE7, 0xFB, 0xDE, 0xFC, 0xDE, 0xDC, 0xDE, 0xDC, 0xDE, 0xFB, 0xDE, 0xFB, 0xDE,
    0xFB, 0xDE, 0xFC, 0xDE, 0xFC, 0xDE, 0xFC, 0xDE, 0xFC, 0xDE, 0xFC, 0xDE, 0xFC, 0xDE, 0xFC, 0xDE,
    0xFC, 0xDE, 0xFC, 0xDE, 0xFC, 0xDE, 0xFC, 0xDE, 0xFC, 0xDE, 0xDC, 0xDE, 0xDC, 0xDE, 0xDC, 0xDE,
    0xDC, 0xDE, 0xDC, 0xDE, 0xFC, 0xDE, 0xFC, 0xDE, 0xDC, 0xDE, 0xFC, 0xDE, 0xFC, 0xDE, 0xFC, 0xDE,
    0xDC, 0xDE, 0xDC, 0xDE, 0xFC, 0xDE, 0xFC, 0xDE, 0xFC, 0xDE, 0xFC, 0xDE, 0xFC, 0xDE, 0xFC, 0xDE,
    0xFC, 0xDE, 0xFC, 0xDE, 0xFC, 0xDE, 0xDC, 0xDE, 0xFC, 0xDE, 0xFC, 0xDE, 0xFC, 0xDE, 0xFC, 0xDE,
    0xDC, 0xDE, 0xDC, 0xDE, 0xDC, 0xDE, 0xFC, 0xDE, 0xFC, 0xDE, 0xFC, 0xDE, 0xFC, 0xDE, 0xDC, 0xDE,
    0xDC, 0xDE, 0xDC, 0xDE, 0xFC, 0xDE, 0xDC, 0xDE, 0xDC, 0xDE, 0xFC, 0xDE, 0xDC, 0xDE, 0xFC, 0xDE,
    0xFC, 0xDE, 0xFC, 0xDE, 0xFC, 0xDE, 0xFC, 0xDE, 0xDC, 0xDE, 0xDC, 0xDE, 0xDC, 0xDE, 0xDC, 0xDE,
    0xFC, 0xDE, 0xFC, 0xDE, 0xFC, 0xDE, 0xFC, 0xDE, 0xDC, 0xDE, 0xDC, 0xDE, 0xDC, 0xDE, 0xDC, 0xDE,
    0xDC, 0xDE, 0xDC, 0xDE, 0xFC, 0xDE, 0xFC, 0xDE, 0xFC, 0xDE, 0xFC, 0xDE, 0xDC, 0xDE, 0xDC, 0xDE,
    0xFC, 0xDE, 0xFC, 0xDE, 0xFC, 0xDE, 0xFC, 0xDE, 0xFC, 0xDE, 0xFC, 0xDE, 0xFC, 0xDE, 0xFC, 0xDE,
    0xFC, 0xDE, 0xDC, 0xDE, 0xDC, 0xDE, 0xDC, 0xDE, 0xFC, 0xDE, 0xFC, 0xDE, 0xDC, 0xDE, 0xDC, 0xDE,
    0xFC, 0xDE, 0xDC, 0xDE, 0xDB, 0xDE, 0xDB, 0xDE, 0x3D, 0xE7, 0xF0, 0x7B, 0xA2, 0x10, 0x24, 0x21,
    0x31, 0x84, 0xB8, 0xB5, 0xD8, 0xBD, 0xDB, 0xDE, 0xFC, 0xDE, 0xFC, 0xDE, 0xDC, 0xDE, 0x36, 0xA5,
    0x93, 0x94, 0xF4, 0x9C, 0xB3, 0x94, 0x76, 0xB5, 0x5B, 0xCE, 0xBC, 0xDE, 0x9E, 0xF7, 0x9D, 0xF7,
    0xBE, 0xF7, 0x59, 0xCE, 0x73, 0x8C, 0x93, 0x94, 0x73, 0x8C, 0x56, 0xAD, 0x7A, 0xCE, 0x7A, 0xCE,
    0x5A, 0xCE, 0xDC, 0xDE, 0x3D, 0xE7, 0x1C, 0xE7, 0x9E, 0xF7, 0x8E, 0x73, 0xE4, 0x20, 0x66, 0x29,
    0x65, 0x29, 0x6D, 0x21, 0x71, 0x21, 0x71, 0x21, 0x71, 0x21, 0x71, 0x21, 0x6D, 0x21, 0x66, 0x29,
    0x66, 0x29, 0x45, 0x29, 0x49, 0x4A, 0xDB, 0xDE, 0x3C, 0xE7, 0x1C, 0xE7, 0xFC, 0xDE, 0x7A, 0xCE,
    0x5A, 0xCE, 0x7A, 0xCE, 0x97, 0xB5, 0x73, 0x8C, 0x94, 0x8C, 0x73, 0x8C, 0x7A, 0xCE, 0xBE, 0xF7,
    0x9D, 0xF7, 0x9E, 0xF7, 0x3C, 0xE7, 0xDB, 0xDE, 0xDC, 0xDE, 0xDC, 0xDE, 0xDC, 0xDE, 0xDC, 0xDE,
    0xFC, 0xDE, 0xFC, 0xDE, 0xFC, 0xDE, 0xFC, 0xDE, 0xFC, 0xDE, 0xFC, 0xDE, 0xFC, 0xDE, 0xDC, 0xDE,
    0xDC, 0xDE, 0xDC, 0xDE, 0xDC, 0xDE, 0xDC, 0xDE, 0xDC, 0xDE, 0xDC, 0xDE, 0xDC, 0xDE, 0xDC, 0xDE,
    0xDC, 0xDE, 0xDC, 0xDE, 0xDC, 0xDE, 0xDC, 0xDE, 0xDC, 0xDE, 0xFC, 0xDE, 0xFC, 0xDE, 0xFC, 0xDE,
    0xFC, 0xDE, 0xFC, 0xDE, 0xFC, 0xDE, 0xFC, 0xDE, 0xFB, 0xDE, 0xFB, 0xDE, 0xFB, 0xDE, 0xFC, 0xDE,
    0xDC, 0xDE, 0xDC, 0xDE, 0xD8, 0xBD, 0x97, 0xAD, 0x93, 0x94, 0xE3, 0x28, 0x06, 0x19, 0x56, 0x3B,
    0xFB, 0x43, 0x50, 0x22, 0xC6, 0x08, 0x6C, 0x42, 0x15, 0x9D, 0xB6, 0xB5, 0xDB, 0xDE, 0xDC, 0xDE,
    0xDB, 0xDE, 0xDB, 0xDE, 0xDB, 0xDE, 0xFC, 0xDE, 0xFB, 0xDE, 0xFB, 0xDE, 0xFC, 0xDE, 0xFC, 0xDE,
    0xFC, 0xDE, 0xFC, 0xDE, 0xFC, 0xDE, 0xFC, 0xDE, 0xFC, 0xDE, 0xFC, 0xDE, 0xFC, 0xDE, 0xFC, 0xDE,
    0xFC, 0xDE, 0xFC, 0xDE, 0xFC, 0xDE, 0xDC, 0xDE, 0xDC, 0xDE, 0xFC, 0xDE, 0xFC, 0xDE, 0xFC, 0xDE,
    0xDC, 0xDE, 0xDC, 0xDE, 0xFC, 0xDE, 0xDC, 0xDE, 0xDC, 0xDE, 0xFC, 0xDE, 0xFC, 0xDE, 0xFC, 0xDE,
    0xFC, 0xDE, 0xFC, 0xDE, 0xFC, 0xDE, 0xFC, 0xDE, 0xDC, 0xDE, 0xFC, 0xDE, 0xFC, 0xDE, 0xDC, 0xDE,
    0xFC, 0xDE, 0xFC, 0xDE, 0xFC, 0xDE, 0xFC, 0xDE, 0xDC, 0xDE, 0xDC, 0xDE, 0xDC, 0xDE, 0xDC, 0xDE,
    0xFC, 0xDE, 0xFC, 0xDE, 0xFC, 0xDE, 0xDC, 0xDE, 0xDC, 0xDE, 0xFC, 0xDE, 0xFC, 0xDE, 0xDC, 0xDE,
    0xDC, 0xDE, 0xFC, 0xDE, 0xDC, 0xDE, 0xFC, 0xDE, 0xFC, 0xDE, 0xFC, 0xDE, 0xFC, 0xDE, 0xDC, 0xDE,
    0xDC, 0xDE, 0xDC, 0xDE, 0xDC, 0xDE, 0xFC, 0xDE, 0xFC, 0xDE, 0xFC, 0xDE, 0xFC, 0xDE, 0xFC, 0xDE,
    0xFC, 0xDE, 0xFC, 0xDE, 0xFC, 0xDE, 0xFC, 0xDE, 0xFC, 0xDE, 0xDC, 0xDE, 0xDC, 0xDE, 0xFC, 0xDE,
    0xFC, 0xDE, 0xFC, 0xDE, 0xFC, 0xDE, 0xDC, 0xDE, 0xFC, 0xDE, 0xFC, 0xDE, 0xFC, 0xDE, 0xFC, 0xDE,
    0xFC, 0xDE, 0xFC, 0xDE, 0xFC, 0xDE, 0xFC, 0xDE, 0xFC, 0xDE, 0xDC, 0xDE, 0xDC, 0xDE, 0xDC, 0xDE,
    0xFC, 0xDE, 0xFC, 0xDE, 0xFC, 0xDE, 0xDC, 0xDE, 0xFC, 0xDE, 0xFC, 0xDE, 0xFB, 0xDE, 0xDB, 0xDE,
    0xFC, 0xE6, 0xB7, 0xB5, 0x93, 0x94, 0xF5, 0x9C, 0x56, 0xAD, 0xD8, 0xBD, 0x39, 0xC6, 0xFC, 0xDE,
    0xDC, 0xDE, 0xDC, 0xDE, 0xFC, 0xDE, 0xD8, 0xBD, 0x36, 0xAD, 0x56, 0xAD, 0x36, 0xAD, 0x19, 0xC6,
    0xFC, 0xDE, 0xFC, 0xE6, 0x9E, 0xF7, 0x9D, 0xF7, 0xBE, 0xFF, 0x59, 0xCE, 0x73, 0x8C, 0x93, 0x94,
    0x73, 0x8C, 0x56, 0xAD, 0x7A, 0xCE, 0x7A, 0xCE, 0x5A, 0xCE, 0xDC, 0xDE, 0x3D, 0xE7, 0x1C, 0xE7,
    0x7E, 0xEF, 0x8E, 0x73, 0xE4, 0x20, 0x66, 0x29, 0x65, 0x29, 0x6D, 0x21, 0x71, 0x21, 0x71, 0x21,
    0x71, 0x21, 0x71, 0x21, 0x6D, 0x21, 0x66, 0x29, 0x66, 0x29, 0x45, 0x29, 0x49, 0x4A, 0xDB, 0xDE,
    0x3C, 0xE7, 0x1C, 0xE7, 0xFC, 0xDE, 0x7A, 0xCE, 0x5A, 0xCE, 0x7A, 0xCE, 0x97, 0xB5, 0x73, 0x8C,
    0x94, 0x8C, 0x73, 0x8C, 0x7A, 0xCE, 0xBE, 0xF7, 0x9D, 0xF7, 0x9E, 0xF7, 0x3C, 0xE7, 0xDB, 0xDE,
    0xDC, 0xDE, 0xDC, 0xDE, 0xDC, 0xDE, 0xDC, 0xDE, 0xDC, 0xDE, 0xFC, 0xDE, 0xFC, 0xDE, 0xFC, 0xDE,
    0xDC, 0xDE, 0xDC, 0xDE, 0xDC, 0xDE, 0xFC, 0xDE, 0xFC, 0xDE, 0xDC, 0xDE, 0xDC, 0xDE, 0xDC, 0xDE,
    0xDC, 0xDE, 0xDC, 0xDE, 0xFC, 0xDE, 0xDC, 0xDE, 0xDC, 0xDE, 0xDC, 0xDE, 0xDC, 0xDE, 0xDC, 0xDE,
    0xDC, 0xDE, 0xFC, 0xDE, 0xFC, 0xDE, 0xFC, 0xDE, 0xFC, 0xDE, 0xDC, 0xDE, 0xFC, 0xDE, 0xFC, 0xDE,
    0xFB, 0xDE, 0xFB, 0xDE, 0xDC, 0xDE, 0xFC, 0xDE, 0xFC, 0xDE, 0xFC, 0xDE, 0xBB, 0xD6, 0xFB, 0xD6,
    0x96, 0xB5, 0xC2, 0x18, 0xA4, 0x08, 0xD4, 0x32, 0x59, 0x3B, 0xD9, 0x4B, 0xD8, 0x5B, 0x70, 0x32,
    0x82, 0x00, 0x69, 0x4A, 0xDC, 0xDE, 0xDD, 0xDE, 0x1C, 0xE7, 0x5D, 0xE7, 0x3D, 0xE7, 0xFC, 0xDE,
    0xFC, 0xDE, 0xFC, 0xDE, 0xDC, 0xDE, 0xFC, 0xDE, 0xFC, 0xDE, 0xFC, 0xDE, 0xFC, 0xDE, 0xFC, 0xDE,
    0xFC, 0xDE, 0xFC, 0xDE, 0xFC, 0xDE, 0xFC, 0xDE, 0xFC, 0xDE, 0xFC, 0xDE, 0xFC, 0xDE, 0xFC, 0xDE,
    0xDC, 0xDE, 0xDC, 0xDE, 0xFC, 0xDE, 0xFC, 0xDE, 0xDC, 0xDE, 0xFC, 0xDE, 0xDC, 0xDE, 0xDC, 0xDE,
    0xFC, 0xDE, 0xFC, 0xDE, 0xFC, 0xDE, 0xFC, 0xDE, 0xFC, 0xDE, 0xFC, 0xDE, 0xFC, 0xDE, 0xFC, 0xDE,
    0xDC, 0xDE, 0xDC, 0xDE, 0xDC, 0xDE, 0xDC, 0xDE, 0xFC, 0xDE, 0xFC, 0xDE, 0xFC, 0xDE, 0xFC, 0xDE,
    0xFC, 0xDE, 0xFC, 0xDE, 0xFC, 0xDE, 0xFC, 0xDE, 0xFC, 0xDE, 0xFC, 0xDE, 0xFC, 0xDE, 0xFC, 0xDE,
    0xFC, 0xDE, 0xFC, 0xDE, 0xFC, 0xDE, 0xFC, 0xDE, 0xFC, 0xDE, 0xFC, 0xDE, 0xDC, 0xDE, 0xFC, 0xDE,
    0xDC, 0xDE, 0xDC, 0xDE, 0xDC, 0xDE, 0xFC, 0xDE, 0xFC, 0xDE, 0xFC, 0xDE, 0xFC, 0xDE, 0xFC, 0xDE,
    0xFC, 0xDE, 0xFC, 0xDE, 0xFC, 0xDE, 0xFC, 0xDE, 0xDC, 0xDE, 0xDC, 0xDE, 0xDC, 0xDE, 0xDC, 0xDE,
    0xFC, 0xDE, 0xFC, 0xDE, 0xFC, 0xDE, 0xFC, 0xDE, 0xFC, 0xDE, 0xFC, 0xDE, 0xFC, 0xDE, 0xFC, 0xDE,
    0xFC, 0xDE, 0xFC, 0xDE, 0xFC, 0xDE, 0xFC, 0xDE, 0xFC, 0xDE, 0xFC, 0xDE, 0xFC, 0xDE, 0xFC, 0xDE,
    0xFC, 0xDE, 0xFC, 0xDE, 0xFC, 0xDE, 0xFC, 0xDE, 0xFC, 0xDE, 0xFC, 0xDE, 0xFC, 0xDE, 0xFC, 0xDE,
    0xFC, 0xDE, 0xFC, 0xDE, 0xFC, 0xDE, 0xFC, 0xDE, 0xFC, 0xDE, 0x19, 0xC6, 0x56, 0xAD, 0x76, 0xAD,
    0xB7, 0xB5, 0xBB, 0xD6, 0xDB, 0xDE, 0xFB, 0xDE, 0xDC, 0xDE, 0xDC, 0xDE, 0xFC, 0xDE, 0x7A, 0xCE,
    0x19, 0xC6, 0x19, 0xC6, 0x19, 0xC6, 0x9A, 0xD6, 0xFC, 0xDE, 0xFC, 0xDE, 0x9E, 0xF7, 0x9D, 0xF7,
    0xBE, 0xFF, 0x39, 0xCE, 0x73, 0x8C, 0x93, 0x94, 0x73, 0x8C, 0x56, 0xAD, 0x7A, 0xCE, 0x7A, 0xCE,
    0x5A, 0xCE, 0xDC, 0xDE, 0x3D, 0xE7, 0x1C, 0xE7, 0x7E, 0xEF, 0x8E, 0x73, 0x04, 0x21, 0x66, 0x29,
    0x65, 0x29, 0x6D, 0x21, 0x71, 0x21, 0x71, 0x21, 0x71, 0x21, 0x71, 0x21, 0x6D, 0x21, 0x66, 0x29,
    0x66, 0x29, 0x45, 0x29, 0x49, 0x4A, 0xDB, 0xDE, 0x3C, 0xE7, 0x1C, 0xE7, 0xFC, 0xDE, 0x7A, 0xCE,
    0x5A, 0xCE, 0x7A, 0xCE, 0x97, 0xB5, 0x73, 0x8C, 0x94, 0x8C, 0x73, 0x8C, 0x7A, 0xCE, 0xBE, 0xF7,
    0x9D, 0xF7, 0x9E, 0xF7, 0x3C, 0xE7, 0xDB, 0xDE, 0xDC, 0xDE, 0xDC, 0xDE, 0xDC, 0xDE, 0xDC, 0xDE,
    0xDC, 0xDE, 0xFC, 0xDE, 0xFC, 0xDE, 0xFC, 0xDE, 0xFC, 0xDE, 0xFC, 0xDE, 0xFC, 0xDE, 0xFC, 0xDE,
    0xFC, 0xDE, 0xFC, 0xDE, 0xDC, 0xDE, 0xDC, 0xDE, 0xDC, 0xDE, 0xDC, 0xDE, 0xFC, 0xDE, 0xDC, 0xDE,
    0xDC, 0xDE, 0xDC, 0xDE, 0xDC, 0xDE, 0xDC, 0xDE, 0xDC, 0xDE, 0xFC, 0xDE, 0xFC, 0xDE, 0xFC, 0xDE,
    0xFC, 0xDE, 0xDC, 0xDE, 0xFC, 0xDE, 0xDC, 0xDE, 0xFC, 0xDE, 0xFC, 0xDE, 0xDC, 0xDE, 0xFC, 0xDE,
    0xDC, 0xDE, 0xFC, 0xDE, 0xDB, 0xDE, 0x3C, 0xE7, 0x18, 0xC6, 0xCB, 0x52, 0x4A, 0x42, 0xED, 0x29,
    0x73, 0x2A, 0x79, 0x3B, 0xDB, 0x43, 0xF4, 0x32, 0x28, 0x11, 0x86, 0x31, 0xD7, 0xBD, 0x3E, 0xE7,
    0x98, 0xAD, 0xD5, 0x94, 0x56, 0xA5, 0xDC, 0xD6, 0xFC, 0xDE, 0xFC, 0xDE, 0xDC, 0xDE, 0xFC, 0xDE,
    0xFC, 0xDE, 0xFC, 0xDE, 0xFC, 0xDE, 0xFC, 0xDE, 0xFC, 0xDE, 0xFC, 0xDE, 0xFC, 0xDE, 0xFC, 0xDE,
    0xFC, 0xDE, 0xFC, 0xDE, 0xFC, 0xDE, 0xFC, 0xDE, 0xDC, 0xDE, 0xDC, 0xDE, 0xFC, 0xDE, 0xFC, 0xDE,
    0xDC, 0xDE, 0xFC, 0xDE, 0xFC, 0xDE, 0xFC, 0xDE, 0xFC, 0xDE, 0xFC, 0xDE, 0xFC, 0xDE, 0xFC, 0xDE,
    0xFC, 0xDE, 0xFC, 0xDE, 0xFC, 0xDE, 0xFC, 0xDE, 0xFC, 0xDE, 0xFC, 0xDE, 0xFC, 0xDE, 0xFC, 0xDE,
    0xFC, 0xDE, 0xFC, 0xDE, 0xFC, 0xDE, 0xFC, 0xDE, 0xFC, 0xDE, 0xFC, 0xDE, 0xFC, 0xDE, 0xFC, 0xDE,
    0xFC, 0xDE, 0xFC, 0xDE, 0xFC, 0xDE, 0xFC, 0xDE, 0xDC, 0xDE, 0xDC, 0xDE, 0xFC, 0xDE, 0xFC, 0xDE,
    0xFC, 0xDE, 0xFC, 0xDE, 0xFC, 0xDE, 0xFC, 0xDE, 0xFC, 0xDE, 0xDC, 0xDE, 0xFC, 0xDE, 0xFC, 0xDE,
    0xFC, 0xDE, 0xFC, 0xDE, 0xFC, 0xDE, 0xFC, 0xDE, 0xFC, 0xDE, 0xFC, 0xDE, 0xFC, 0xDE, 0xFC, 0xDE,
    0xFC, 0xDE, 0xFC, 0xDE, 0xFC, 0xDE, 0xFC, 0xDE, 0xFC, 0xDE, 0xFC, 0xDE, 0xFC, 0xDE, 0xFC, 0xDE,
    0xFC, 0xDE, 0xFC, 0xDE, 0xFC, 0xDE, 0xFC, 0xDE, 0xFC, 0xDE, 0xFC, 0xDE, 0xFC, 0xDE, 0xFC, 0xDE,
    0xFC, 0xDE, 0xFC, 0xDE, 0xFC, 0xDE, 0xFC, 0xDE, 0xFC, 0xDE, 0xFC, 0xDE, 0xFC, 0xDE, 0xFC, 0xDE,
    0xFC, 0xDE, 0xFC, 0xDE, 0xFC, 0xDE, 0xFC, 0xDE, 0xFC, 0xDE, 0xFC, 0xDE, 0xFC, 0xDE, 0xFC, 0xDE,
    0xFC, 0xDE, 0xBB, 0xD6, 0x9B, 0xD6, 0x9A, 0xD6, 0xBB, 0xD6, 0xFC, 0xDE, 0xFC, 0xDE, 0xFB, 0xDE,
    0xFC, 0xDE, 0xDC, 0xDE, 0xDC, 0xDE, 0xFC, 0xDE, 0x1C, 0xDF, 0xFC, 0xDE, 0xFC, 0xDE, 0xFC, 0xDE,
    0xFB, 0xDE, 0xFC, 0xE6, 0x9E, 0xF7, 0x9D, 0xF7, 0xBE, 0xFF, 0x39, 0xCE, 0x73, 0x8C, 0x93, 0x8C,
    0x73, 0x8C, 0x56, 0xAD, 0x7A, 0xCE, 0x7A, 0xCE, 0x5A, 0xCE, 0xDC, 0xDE, 0x3D, 0xE7, 0x1C, 0xE7,
    0x7E, 0xEF, 0x8E, 0x73, 0x04, 0x21, 0x66, 0x29, 0x66, 0x29, 0x6D, 0x21, 0x71, 0x21, 0x71, 0x21,
    0x71, 0x21, 0x71, 0x21, 0x6D, 0x21, 0x66, 0x29, 0x66, 0x29, 0x45, 0x29, 0x49, 0x4A, 0xDB, 0xDE,
    0x3C, 0xE7, 0x1C, 0xE7, 0xFC, 0xDE, 0x7A, 0xCE, 0x5A, 0xCE, 0x7A, 0xCE, 0x97, 0xB5, 0x73, 0x8C,
    0x94, 0x8C, 0x73, 0x8C, 0x7A, 0xCE, 0xBE, 0xF7, 0x9D, 0xF7, 0x9E, 0xF7, 0x3C, 0xE7, 0xDB, 0xDE,
    0xDC, 0xDE, 0xDC, 0xDE, 0xDC, 0xDE, 0xDC, 0xDE, 0xDC, 0xDE, 0xFC, 0xDE, 0xFC, 0xDE, 0xFC, 0xDE,
    0xFC, 0xDE, 0xFC, 0xDE, 0xFC, 0xDE, 0xFC, 0xDE, 0xFC, 0xDE, 0xFC, 0xDE, 0xFC, 0xDE, 0xFC, 0xDE,
    0xFC, 0xDE, 0xFC, 0xDE, 0xFC, 0xDE, 0xDC, 0xDE, 0xDC, 0xDE, 0xDC, 0xDE, 0xDC, 0xDE, 0xDC, 0xDE,
    0xDC, 0xDE, 0xFC, 0xDE, 0xFC, 0xDE, 0xFC, 0xDE, 0xFC, 0xDE, 0xDC, 0xDE, 0xFC, 0xDE, 0xDC, 0xDE,
    0xFC, 0xDE, 0xFC, 0xDE, 0xDC, 0xDE, 0xDC, 0xDE, 0xFC, 0xDE, 0xDC, 0xDE, 0xDB, 0xDE, 0xFC, 0xDE,
    0x5A, 0xCE, 0xB8, 0xB5, 0xB3, 0x94, 0xA2, 0x08, 0x4A, 0x11, 0xD6, 0x2A, 0xF7, 0x22, 0xF6, 0x2A,
    0xEE, 0x29, 0x43, 0x00, 0xEF, 0x83, 0x5D, 0xEF, 0xEF, 0x52, 0x65, 0x00, 0xE9, 0x31, 0xBC, 0xD6,
    0xFC, 0xDE, 0xDC, 0xDE, 0xDC, 0xDE, 0xFC, 0xDE, 0xFC, 0xDE, 0xFC, 0xDE, 0xFC, 0xDE, 0xFC, 0xDE,
    0xFC, 0xDE, 0xFC, 0xDE, 0xFC, 0xDE, 0xFC, 0xDE, 0xFC, 0xDE, 0xFC, 0xDE, 0xFC, 0xDE, 0xFC, 0xDE,
    0xDC, 0xDE, 0xDC, 0xDE, 0xFC, 0xDE, 0xFC, 0xDE, 0xDC, 0xDE, 0xFC, 0xDE, 0xFC, 0xDE, 0xFC, 0xDE,
    0xDC, 0xDE, 0xDC, 0xDE, 0xFC, 0xDE, 0xFC, 0xDE, 0xFC, 0xDE, 0xFC, 0xDE, 0xFC, 0xDE, 0xFC, 0xDE,
    0xFC, 0xDE, 0xFC, 0xDE, 0xFC, 0xDE, 0xFC, 0xDE, 0xFC, 0xDE, 0xFC, 0xDE, 0xFC, 0xDE, 0xFC, 0xDE,
    0xFC, 0xDE, 0xFC, 0xDE, 0xFC, 0xDE, 0xFC, 0xDE, 0xFC, 0xDE, 0xFC, 0xDE, 0xFC, 0xDE, 0xFC, 0xDE,
    0xDC, 0xDE, 0xDC, 0xDE, 0xFC, 0xDE, 0xFC, 0xDE, 0xFC, 0xDE, 0xFC, 0xDE, 0xFC, 0xDE, 0xFC, 0xDE,
    0xFC, 0xDE, 0xFC, 0xDE, 0xFC, 0xDE, 0xFC, 0xDE, 0xFC, 0xDE, 0xFC, 0xDE, 0xFC, 0xDE, 0xFC, 0xDE,
    0xFC, 0xDE, 0xFC, 0xDE, 0xFC, 0xDE, 0xFC, 0xDE, 0xFC, 0xDE, 0xFC, 0xDE, 0xFC, 0xDE, 0xFC, 0xDE,
    0xFC, 0xDE, 0xFC, 0xDE, 0xFC, 0xDE, 0xFC, 0xDE, 0xFC, 0xDE, 0xFC, 0xDE, 0xFC, 0xDE, 0xFC, 0xDE,
    0xFC, 0xDE, 0xFC, 0xDE, 0xFC, 0xDE, 0xFC, 0xDE, 0xFC, 0xDE, 0xFC, 0xDE, 0xFC, 0xDE, 0xFC, 0xDE,
    0xFC, 0xDE, 0xFC, 0xDE, 0xFC, 0xDE, 0xFC, 0xDE, 0xFC, 0xDE, 0xFC, 0xDE, 0xFC, 0xDE, 0xFC, 0xDE,
    0xFB, 0xDE, 0xFC, 0xDE, 0xFC, 0xDE, 0xFC, 0xDE, 0xFC, 0xDE, 0xFC, 0xDE, 0xFC, 0xDE, 0xFC, 0xDE,
    0xFC, 0xDE, 0xDC, 0xDE, 0xDC, 0xDE, 0xFC, 0xDE, 0xFB, 0xDE, 0xFC, 0xDE, 0xDC, 0xDE, 0xDC, 0xDE,
    0xFB, 0xDE, 0xDB, 0xDE, 0xDC, 0xDE, 0xDC, 0xDE, 0xDB, 0xDE, 0xFC, 0xDE, 0x9E, 0xF7, 0x9D, 0xF7,
    0xBE, 0xF7, 0x39, 0xCE, 0x53, 0x8C, 0x93, 0x8C, 0x73, 0x8C, 0x56, 0xAD, 0x7A, 0xCE, 0x7A, 0xCE,
    0x5A, 0xCE, 0xDC, 0xDE, 0x3D, 0xE7, 0x1C, 0xE7, 0x7E, 0xEF, 0x8E, 0x73, 0x04, 0x21, 0x66, 0x29,
    0x66, 0x29, 0x6D, 0x21, 0x71, 0x21, 0x71, 0x21, 0x71, 0x21, 0x71, 0x21, 0x6D, 0x21, 0x66, 0x29,
    0x66, 0x29, 0x45, 0x29, 0x49, 0x4A, 0xDB, 0xDE, 0x3C, 0xE7, 0x1C, 0xE7, 0xFC, 0xDE, 0x7A, 0xCE,
    0x7A, 0xCE, 0x7B, 0xCE, 0x97, 0xB5, 0x73, 0x8C, 0x94, 0x8C, 0x73, 0x8C, 0x7A, 0xCE, 0xBE, 0xF7,
    0x9D, 0xF7, 0x9E, 0xF7, 0x3C, 0xE7, 0xDB, 0xDE, 0xDC, 0xDE, 0xDC, 0xDE, 0xDC, 0xDE, 0xFB, 0xDE,
    0xDB, 0xDE, 0xFC, 0xDE, 0xFC, 0xDE, 0xFC, 0xDE, 0xFC, 0xDE, 0xFC, 0xDE, 0xFC, 0xDE, 0xFC, 0xDE,
    0xFC, 0xDE, 0xFC, 0xDE, 0xFC, 0xDE, 0xFC, 0xDE, 0xFC, 0xDE, 0xFC, 0xDE, 0xDC, 0xDE, 0xDC, 0xDE,
    0xDC, 0xDE, 0xDC, 0xDE, 0xDC, 0xDE, 0xDC, 0xDE, 0xDC, 0xDE, 0xDC, 0xDE, 0xDC, 0xDE, 0xDC, 0xDE,
    0xDC, 0xDE, 0xFC, 0xDE, 0xFC, 0xDE, 0xFC, 0xDE, 0xFC, 0xDE, 0xFC, 0xDE, 0xFC, 0xDE, 0xDC, 0xDE,
    0xFC, 0xDE, 0xFC, 0xDE, 0xDC, 0xDE, 0xFC, 0xDE, 0x5A, 0xCE, 0x98, 0xB5, 0xD4, 0x9C, 0xA7, 0x29,
    0x89, 0x19, 0x72, 0x32, 0x73, 0x2A, 0x71, 0x2A, 0x6A, 0x19, 0x83, 0x08, 0x2F, 0x84, 0x3D, 0xE7,
    0x0F, 0x5B, 0xC6, 0x10, 0x4B, 0x42, 0xDC, 0xD6, 0xFC, 0xDE, 0xDB, 0xDE, 0xDC, 0xDE, 0xFB, 0xDE,
    0xFC, 0xDE, 0xFC, 0xDE, 0xFC, 0xDE, 0xFC, 0xDE, 0xFC, 0xDE, 0xFC, 0xDE, 0xFC, 0xDE, 0xFC, 0xDE,
    0xFC, 0xDE, 0xFC, 0xDE, 0xFC, 0xDE, 0xFC, 0xDE, 0xFC, 0xDE, 0xFC, 0xDE, 0xFC, 0xDE, 0xFC, 0xDE,
    0xFC, 0xDE, 0xFC, 0xDE, 0xFC, 0xDE, 0xFC, 0xDE, 0xFC, 0xDE, 0xFC, 0xDE, 0xFC, 0xDE, 0xFC, 0xDE,
    0xFC, 0xDE, 0xFC, 0xDE, 0xFC, 0xDE, 0xFC, 0xDE, 0xFC, 0xDE, 0xFC, 0xDE, 0xFC, 0xDE, 0xFC, 0xDE,
    0xFC, 0xDE, 0xFC, 0xDE, 0xFC, 0xDE, 0xFC, 0xDE, 0xFC, 0xDE, 0xFC, 0xDE, 0xFC, 0xDE, 0xFC, 0xDE,
    0xFC, 0xDE, 0xFC, 0xDE, 0xFC, 0xDE, 0xDC, 0xDE, 0xDC, 0xDE, 0xDC, 0xDE, 0xFC, 0xDE, 0xFC, 0xDE,
    0xFC, 0xDE, 0xFC, 0xDE, 0xDC, 0xDE, 0xFC, 0xDE, 0xFC, 0xDE, 0xFC, 0xDE, 0xFC, 0xDE, 0xFC, 0xDE,
    0xFC, 0xDE, 0xFC, 0xDE, 0xFC, 0xDE, 0xFC, 0xDE, 0xFC, 0xDE, 0xFC, 0xDE, 0xFC, 0xDE, 0xFC, 0xDE,
    0xFC, 0xDE, 0xFC, 0xDE, 0xFC, 0xDE, 0xFC, 0xDE, 0xFC, 0xDE, 0xFC, 0xDE, 0xFC, 0xDE, 0xFC, 0xDE,
    0xFC, 0xDE, 0xFC, 0xDE, 0xFC, 0xDE, 0xFC, 0xDE, 0xFC, 0xDE, 0xFC, 0xDE, 0xFC, 0xDE, 0xFC, 0xDE,
    0xFC, 0xDE, 0xFC, 0xDE, 0xFC, 0xDE, 0xFC, 0xDE, 0xFC, 0xDE, 0xFC, 0xDE, 0xFC, 0xDE, 0xFC, 0xDE,
    0xFC, 0xDE, 0xFC, 0xDE, 0xFC, 0xDE, 0xFC, 0xDE, 0xDC, 0xDE, 0xFC, 0xDE, 0xFC, 0xDE, 0xFC, 0xDE,
    0xFC, 0xDE, 0xFC, 0xDE, 0xDC, 0xDE, 0xDC, 0xDE, 0xDC, 0xDE, 0xDC, 0xDE, 0xFC, 0xDE, 0xFC, 0xDE,
    0xFC, 0xDE, 0xFC, 0xDE, 0xFC, 0xDE, 0xFC, 0xDE, 0xDC, 0xDE, 0xDC, 0xDE, 0xDC, 0xDE, 0xDC, 0xDE,
    0xDB, 0xDE, 0xFC, 0xDE, 0x7D, 0xF7, 0x9D, 0xF7, 0xBE, 0xF7, 0x39, 0xCE, 0x73, 0x8C, 0x93, 0x94,
    0x73, 0x8C, 0x56, 0xAD, 0x7A, 0xCE, 0x7A, 0xCE, 0x5A, 0xCE, 0xFC, 0xDE, 0x5D, 0xEF, 0x1C, 0xE7,
    0x9E, 0xF7, 0x8E, 0x73, 0x04, 0x21, 0x66, 0x29, 0x66, 0x29, 0x6D, 0x21, 0x71, 0x21, 0x71, 0x21,
    0x71, 0x21, 0x71, 0x21, 0x6D, 0x21, 0x66, 0x29, 0x66, 0x29, 0x45, 0x29, 0x49, 0x4A, 0xDB, 0xDE,
    0x3C, 0xE7, 0x1C, 0xE7, 0xFC, 0xDE, 0x7A, 0xCE, 0x7A, 0xCE, 0x7A, 0xD6, 0x97, 0xB5, 0x73, 0x8C,
    0x93, 0x8C, 0x73, 0x8C, 0x7A, 0xCE, 0xBE, 0xF7, 0x9D, 0xF7, 0x9E, 0xF7, 0x3C, 0xE7, 0xDB, 0xDE,
    0xDC, 0xDE, 0xDC, 0xDE, 0xDC, 0xDE, 0xFB, 0xDE, 0xDB, 0xDE, 0xFC, 0xDE, 0xFC, 0xDE, 0xFC, 0xDE,
    0xFC, 0xDE, 0xFC, 0xDE, 0xFC, 0xDE, 0xFC, 0xDE, 0xFC, 0xDE, 0xFC, 0xDE, 0xFC, 0xDE, 0xFC, 0xDE,
    0xFC, 0xDE, 0xFC, 0xDE, 0xDC, 0xDE, 0xDC, 0xDE, 0xDC, 0xDE, 0xDC, 0xDE, 0xDC, 0xDE, 0xDC, 0xDE,
    0xFC, 0xDE, 0xFC, 0xDE, 0xFC, 0xDE, 0xFC, 0xDE, 0xFC, 0xDE, 0xFC, 0xDE, 0xFC, 0xDE, 0xFC, 0xDE,
    0xFC, 0xDE, 0xFC, 0xDE, 0xFC, 0xDE, 0xDC, 0xDE, 0xDC, 0xDE, 0xDC, 0xDE, 0xFC, 0xDE, 0xFB, 0xDE,
    0xDB, 0xD6, 0x9C, 0xD6, 0x5B, 0xCE, 0x35, 0xA5, 0xE8, 0x31, 0x63, 0x00, 0xA3, 0x00, 0x62, 0x00,
    0x04, 0x19, 0xF0, 0x7B, 0xD7, 0xBD, 0x1D, 0xDF, 0x36, 0x9D, 0x32, 0x7C, 0x57, 0xA5, 0xFC, 0xDE,
    0xDB, 0xDE, 0xFC, 0xDE, 0xFC, 0xDE, 0xFC, 0xDE, 0xFC, 0xDE, 0xFC, 0xDE, 0xFC, 0xDE, 0xFC, 0xDE,
    0xFC, 0xDE, 0xFC, 0xDE, 0xFC, 0xDE, 0xFC, 0xDE, 0xFC, 0xDE, 0xFC, 0xDE, 0xFC, 0xDE, 0xFC, 0xDE,
    0xFC, 0xDE, 0xFC, 0xDE, 0xFC, 0xDE, 0xFC, 0xDE, 0xFC, 0xDE, 0xFC, 0xDE, 0xFC, 0xDE, 0xFC, 0xDE,
    0xFC, 0xDE, 0xFC, 0xDE, 0xFC, 0xDE, 0xFC, 0xDE, 0xFC, 0xDE, 0xFC, 0xDE, 0xFC, 0xDE, 0xFC, 0xDE,
    0xFC, 0xDE, 0xFC, 0xDE, 0xFC, 0xDE, 0xFC, 0xDE, 0xFC, 0xDE, 0xFC, 0xDE, 0xFC, 0xDE, 0xFC, 0xDE,
    0xFC, 0xDE, 0xFC, 0xDE, 0xFC, 0xDE, 0xFC, 0xDE, 0xFC, 0xDE, 0xDC, 0xDE, 0xDC, 0xDE, 0xDC, 0xDE,
    0xDC, 0xDE, 0xDC, 0xDE, 0xDC, 0xDE, 0xDC, 0xDE, 0xDC, 0xDE, 0xDC, 0xDE, 0xDC, 0xDE, 0xFC, 0xDE,
    0xFC, 0xDE, 0xFC, 0xDE, 0xFC, 0xDE, 0xFC, 0xDE, 0xFC, 0xDE, 0xFC, 0xDE, 0xFC, 0xDE, 0xFC, 0xDE,
    0xFC, 0xDE, 0xFC, 0xDE, 0xFC, 0xDE, 0xFC, 0xDE, 0xFC, 0xDE, 0xFC, 0xDE, 0xFC, 0xDE, 0xFC, 0xDE,
    0xFC, 0xDE, 0xFC, 0xDE, 0xFC, 0xDE, 0xFC, 0xDE, 0xFC, 0xDE, 0xFC, 0xDE, 0xFC, 0xDE, 0xFC, 0xDE,
    0xFC, 0xDE, 0xFC, 0xDE, 0xFC, 0xDE, 0xFC, 0xDE, 0xFC, 0xDE, 0xFC, 0xDE, 0xFC, 0xDE, 0xFC, 0xDE,
    0xFC, 0xDE, 0xFC, 0xDE, 0xFC, 0xDE, 0xFC, 0xDE, 0xFC, 0xDE, 0xFC, 0xDE, 0xFC, 0xDE, 0xFC, 0xDE,
    0xFC, 0xDE, 0xFC, 0xDE, 0xFC, 0xDE, 0xFC, 0xDE, 0xFC, 0xDE, 0xFC, 0xDE, 0xDC, 0xDE, 0xDC, 0xDE,
    0xDC, 0xDE, 0xDC, 0xDE, 0xDC, 0xDE, 0xDC, 0xDE, 0xFC, 0xDE, 0xFC, 0xDE, 0xFC, 0xDE, 0xFC, 0xDE,
    0xFC, 0xDE, 0xDC, 0xDE, 0xDC, 0xDE, 0xDC, 0xDE, 0xDC, 0xDE, 0xFC, 0xE6, 0x7E, 0xF7, 0x9D, 0xF7,
    0xBE, 0xFF, 0x59, 0xCE, 0x73, 0x8C, 0x93, 0x94, 0x73, 0x8C, 0x56, 0xAD, 0x7A, 0xCE, 0x5A, 0xCE,
    0x5A, 0xCE, 0xFC, 0xDE, 0x5D, 0xEF, 0x1C, 0xE7, 0x9E, 0xF7, 0x8E, 0x73, 0x04, 0x21, 0x66, 0x29,
    0x66, 0x29, 0x6D, 0x21, 0x71, 0x21, 0x71, 0x21, 0x71, 0x21, 0x71, 0x21, 0x6D, 0x21, 0x86, 0x31,
    0x66, 0x29, 0x45, 0x29, 0x49, 0x4A, 0xDB, 0xDE, 0x3C, 0xE7, 0x1C, 0xE7, 0xFC, 0xDE, 0x7A, 0xCE,
    0x7A, 0xCE, 0x7A, 0xD6, 0x97, 0xB5, 0x73, 0x8C, 0x94, 0x94, 0x73, 0x8C, 0x7A, 0xCE, 0xBE, 0xF7,
    0x9D, 0xF7, 0x9E, 0xF7, 0x3C, 0xE7, 0xDB, 0xDE, 0xDC, 0xDE, 0xDC, 0xDE, 0xDC, 0xDE, 0xFB, 0xDE,
    0xDB, 0xDE, 0xFC, 0xDE, 0xFC, 0xDE, 0xFC, 0xDE, 0xFC, 0xDE, 0xFC, 0xDE, 0xFC, 0xDE, 0xFC, 0xDE,
    0xFC, 0xDE, 0xFC, 0xDE, 0xFC, 0xDE, 0xFC, 0xDE, 0xFC, 0xDE, 0xFC, 0xDE, 0xDC, 0xDE, 0xDC, 0xDE,
    0xDC, 0xDE, 0xDC, 0xDE, 0xFC, 0xDE, 0xDC, 0xDE, 0xFC, 0xDE, 0xFC, 0xDE, 0xFC, 0xDE, 0xFC, 0xDE,
    0xFC, 0xDE, 0xFC, 0xDE, 0xFC, 0xDE, 0xFC, 0xDE, 0xFC, 0xDE, 0xFC, 0xDE, 0xFC, 0xDE, 0xDC, 0xDE,
    0xDC, 0xDE, 0xDC, 0xDE, 0xFC, 0xDE, 0xFB, 0xDE, 0xFB, 0xDE, 0xFC, 0xDE, 0xBB, 0xD6, 0x97, 0xB5,
    0x2D, 0x63, 0x28, 0x42, 0xAA, 0x52, 0x8A, 0x52, 0x0C, 0x63, 0x15, 0xA5, 0x5A, 0xCE, 0xDD, 0xDE,
    0x97, 0xAD, 0x36, 0xA5, 0xB8, 0xB5, 0xDB, 0xDE, 0xDB, 0xDE, 0xDC, 0xDE, 0xFC, 0xDE, 0xFC, 0xDE,
    0xFC, 0xDE, 0xFC, 0xDE, 0xFC, 0xDE, 0xFC, 0xDE, 0xFC, 0xDE, 0xFC, 0xDE, 0xFC, 0xDE, 0xFC, 0xDE,
    0xFC, 0xDE, 0xFC, 0xDE, 0xFC, 0xDE, 0xFC, 0xDE, 0xFC, 0xDE, 0xFC, 0xDE, 0xFC, 0xDE, 0xFC, 0xDE,
    0xFC, 0xDE, 0xFC, 0xDE, 0xFC, 0xDE, 0xFC, 0xDE, 0xFC, 0xDE, 0xFC, 0xDE, 0xFC, 0xDE, 0xFC, 0xDE,
    0xFC, 0xDE, 0xFC, 0xDE, 0xFC, 0xDE, 0xFC, 0xDE, 0xFC, 0xDE, 0xFC, 0xDE, 0xFC, 0xDE, 0xFC, 0xDE,
    0xFC, 0xDE, 0xFC, 0xDE, 0xFC, 0xDE, 0xFC, 0xDE, 0xFC, 0xDE, 0xFC, 0xDE, 0xFC, 0xDE, 0xFC, 0xDE,
    0xFC, 0xDE, 0xDC, 0xDE, 0xDC, 0xDE, 0xDC, 0xDE, 0xDC, 0xDE, 0xDC, 0xDE, 0xDC, 0xDE, 0xDC, 0xDE,
    0xDC, 0xDE, 0xDC, 0xDE, 0xDC, 0xDE, 0xFC, 0xDE, 0xFC, 0xDE, 0xDC, 0xDE, 0xDC, 0xDE, 0xDC, 0xDE,
    0xDC, 0xDE, 0xFC, 0xDE, 0xFC, 0xDE, 0xFC, 0xDE, 0xFC, 0xDE, 0xFC, 0xDE, 0xFC, 0xDE, 0xFC, 0xDE,
    0xFC, 0xDE, 0xFC, 0xDE, 0xFC, 0xDE, 0xFC, 0xDE, 0xFC, 0xDE, 0xFC, 0xDE, 0xFC, 0xDE, 0xFC, 0xDE,
    0xFC, 0xDE, 0xFC, 0xDE, 0xFC, 0xDE, 0xFC, 0xDE, 0xFC, 0xDE, 0xFC, 0xDE, 0xFC, 0xDE, 0xFC, 0xDE,
    0xFC, 0xDE, 0xFC, 0xDE, 0xFC, 0xDE, 0xFC, 0xDE, 0xFC, 0xDE, 0xFC, 0xDE, 0xFC, 0xDE, 0xFC, 0xDE,
    0xFC, 0xDE, 0xFC, 0xDE, 0xFC, 0xDE, 0xFC, 0xDE, 0xFC, 0xDE, 0xFC, 0xDE, 0xDC, 0xDE, 0xDC, 0xDE,
    0xFC, 0xDE, 0xFC, 0xDE, 0xDC, 0xDE, 0xDC, 0xDE, 0xDC, 0xDE, 0xDC, 0xDE, 0xDC, 0xDE, 0xDC, 0xDE,
    0xFC, 0xDE, 0xFC, 0xDE, 0xFC, 0xDE, 0xFC, 0xDE, 0xFC, 0xDE, 0xFC, 0xDE, 0xFC, 0xDE, 0xFC, 0xDE,
    0xDC, 0xDE, 0xFC, 0xE6, 0x9E, 0xF7, 0x9D, 0xF7, 0xBE, 0xFF, 0x59, 0xCE, 0x73, 0x8C, 0x93, 0x94,
    0x73, 0x8C, 0x56, 0xAD, 0x7A, 0xCE, 0x5A, 0xCE, 0x5A, 0xCE, 0xFC, 0xDE, 0x5D, 0xEF, 0x1C, 0xE7,
    0x9E, 0xF7, 0x8E, 0x73, 0x04, 0x21, 0x66, 0x29, 0x66, 0x29, 0x6D, 0x21, 0x71, 0x21, 0x71, 0x21,
    0x71, 0x21, 0x71, 0x21, 0x6D, 0x21, 0x86, 0x31, 0x66, 0x29, 0x45, 0x29, 0x49, 0x4A, 0xDB, 0xDE,
    0x3C, 0xE7, 0x1C, 0xE7, 0xFC, 0xDE, 0x7A, 0xCE, 0x7A, 0xCE, 0x7B, 0xCE, 0x97, 0xB5, 0x73, 0x8C,
    0x94, 0x94, 0x73, 0x8C, 0x7A, 0xCE, 0xBE, 0xFF, 0x9D, 0xF7, 0x9E, 0xF7, 0x3C, 0xE7, 0xDB, 0xDE,
    0xDC, 0xDE, 0xDC, 0xDE, 0xDC, 0xDE, 0xFB, 0xDE, 0xDB, 0xDE, 0xDC, 0xDE, 0xDC, 0xDE, 0xDC, 0xDE,
    0xFC, 0xDE, 0xFC, 0xDE, 0xFC, 0xDE, 0xFC, 0xDE, 0xFC, 0xDE, 0xFC, 0xDE, 0xFC, 0xDE, 0xFC, 0xDE,
    0xDC, 0xDE, 0xDC, 0xDE, 0xFC, 0xDE, 0xDC, 0xDE, 0xDC, 0xDE, 0xDC, 0xDE, 0xDC, 0xDE, 0xDC, 0xDE,
    0xFC, 0xDE, 0xFC, 0xDE, 0xFC, 0xDE, 0xFC, 0xDE, 0xFC, 0xDE, 0xFC, 0xDE, 0xFC, 0xDE, 0xFC, 0xDE,
    0xDC, 0xDE, 0xDC, 0xDE, 0xDC, 0xDE, 0xDC, 0xDE, 0xFC, 0xDE, 0xFC, 0xDE, 0xFC, 0xDE, 0xDC, 0xDE,
    0xDC, 0xDE, 0xFB, 0xDE, 0xFB, 0xDE, 0x7B, 0xCE, 0x98, 0xB5, 0x57, 0xAD, 0x98, 0xB5, 0x57, 0xB5,
    0x77, 0xB5, 0x19, 0xC6, 0xBA, 0xD6, 0xDB, 0xDE, 0x39, 0xC6, 0x19, 0xC6, 0x39, 0xC6, 0xDB, 0xDE,
    0xFB, 0xDE, 0xDC, 0xDE, 0xDC, 0xDE, 0xFC, 0xDE, 0xFC, 0xDE, 0xFC, 0xDE, 0xFC, 0xDE, 0xFC, 0xDE,
    0xFC, 0xDE, 0xFC, 0xDE, 0xFC, 0xDE, 0xFC, 0xDE, 0xFC, 0xDE, 0xFC, 0xDE, 0xFC, 0xDE, 0xFC, 0xDE,
    0xFC, 0xDE, 0xFC, 0xDE, 0xFC, 0xDE, 0xFC, 0xDE, 0xFC, 0xDE, 0xFC, 0xDE, 0xFC, 0xDE, 0xFC, 0xDE,
    0xFC, 0xDE, 0xFC, 0xDE, 0xDC, 0xDE, 0xFC, 0xDE, 0xFC, 0xDE, 0xDC, 0xDE, 0xDC, 0xDE, 0xDC, 0xDE,
    0xFC, 0xDE, 0xFC, 0xDE, 0xFC, 0xDE, 0xFC, 0xDE, 0xDC, 0xDE, 0xDC, 0xDE, 0xDC, 0xDE, 0xDC, 0xDE,
    0xDC, 0xDE, 0xFC, 0xDE, 0xFC, 0xDE, 0xFC, 0xDE, 0xDC, 0xDE, 0xFC, 0xDE, 0xFC, 0xDE, 0xFC, 0xDE,
    0xDC, 0xDE, 0xDC, 0xDE, 0xDC, 0xDE, 0xDC, 0xDE, 0xDC, 0xDE, 0xDC, 0xDE, 0xDC, 0xDE, 0xDC, 0xDE,
    0xDC, 0xDE, 0xDC, 0xDE, 0xDC, 0xDE, 0xFC, 0xDE, 0xFC, 0xDE, 0xDC, 0xDE, 0xDC, 0xDE, 0xDC, 0xDE,
    0xFC, 0xDE, 0xFC, 0xDE, 0xFC, 0xDE, 0xFC, 0xDE, 0xFC, 0xDE, 0xFC, 0xDE, 0xDC, 0xDE, 0xFC, 0xDE,
    0xFC, 0xDE, 0xFC, 0xDE, 0xFC, 0xDE, 0xFC, 0xDE, 0xFC, 0xDE, 0xFC, 0xDE, 0xDC, 0xDE, 0xDC, 0xDE,
    0xFC, 0xDE, 0xFC, 0xDE, 0xFC, 0xDE, 0xFC, 0xDE, 0xFC, 0xDE, 0xFC, 0xDE, 0xFC, 0xDE, 0xFC, 0xDE,
    0xFC, 0xDE, 0xFC, 0xDE, 0xFC, 0xDE, 0xFC, 0xDE, 0xFC, 0xDE, 0xFC, 0xDE, 0xFC, 0xDE, 0xFC, 0xDE,
    0xFC, 0xDE, 0xDC, 0xDE, 0xDC, 0xDE, 0xDC, 0xDE, 0xDC, 0xDE, 0xDC, 0xDE, 0xDC, 0xDE, 0xFC, 0xDE,
    0xFC, 0xDE, 0xDC, 0xDE, 0xDC, 0xDE, 0xDC, 0xDE, 0xFC, 0xDE, 0xFC, 0xDE, 0xFC, 0xDE, 0xFC, 0xDE,
    0xFC, 0xDE, 0xFC, 0xDE, 0xDC, 0xDE, 0xDC, 0xDE, 0xDC, 0xDE, 0xFC, 0xE6, 0x9E, 0xF7, 0x9D, 0xF7,
    0xBE, 0xF7, 0x59, 0xCE, 0x73, 0x8C, 0x94, 0x94, 0x73, 0x8C, 0x56, 0xAD, 0x7A, 0xCE, 0x5A, 0xCE,
    0x5A, 0xCE, 0xFC, 0xDE, 0x5D, 0xE7, 0x3C, 0xE7, 0x9E, 0xF7, 0xAE, 0x73, 0x04, 0x21, 0x66, 0x29,
    0x66, 0x29, 0x6D, 0x21, 0x71, 0x21, 0x71, 0x21, 0x71, 0x21, 0x71, 0x21, 0x6D, 0x21, 0x86, 0x31,
    0x66, 0x29, 0x45, 0x29, 0x49, 0x4A, 0xDB, 0xDE, 0x3C, 0xE7, 0x3C, 0xE7, 0xFC, 0xDE, 0x7A, 0xCE,
    0x7A, 0xCE, 0x7B, 0xCE, 0x97, 0xB5, 0x73, 0x8C, 0x94, 0x94, 0x93, 0x8C, 0x7A, 0xCE, 0xBE, 0xF7,
    0x9D, 0xF7, 0x9E, 0xF7, 0x3C, 0xE7, 0xDB, 0xDE, 0xDC, 0xDE, 0xDC, 0xDE, 0xDC, 0xDE, 0xFB, 0xDE,
    0xDB, 0xDE, 0xDC, 0xDE, 0xDC, 0xDE, 0xDC, 0xDE, 0xFC, 0xDE, 0xFC, 0xDE, 0xFC, 0xDE, 0xFC, 0xDE,
    0xFC, 0xDE, 0xFC, 0xDE, 0xFC, 0xDE, 0xFC, 0xDE, 0xDC, 0xDE, 0xFC, 0xDE, 0xFC, 0xDE, 0xDC, 0xDE,
    0xDC, 0xDE, 0xDC, 0xDE, 0xDC, 0xDE, 0xDC, 0xDE, 0xFC, 0xDE, 0xFC, 0xDE, 0xFC, 0xDE, 0xFC, 0xDE,
    0xFC, 0xDE, 0xFC, 0xDE, 0xFC, 0xDE, 0xFC, 0xDE, 0xDC, 0xDE, 0xDC, 0xDE, 0xDC, 0xDE, 0xDC, 0xDE,
    0xFC, 0xDE, 0xFC, 0xDE, 0xFC, 0xDE, 0xDC, 0xDE, 0xDC, 0xDE, 0xFB, 0xDE, 0xFB, 0xDE, 0xFC, 0xDE,
    0xF8, 0xBD, 0x97, 0xB5, 0xB7, 0xB5, 0x97, 0xAD, 0xD7, 0xB5, 0xFB, 0xD6, 0xFB, 0xDE, 0xDB, 0xDE,
    0xFB, 0xE6, 0xFC, 0xE6, 0xFC, 0xDE, 0xFB, 0xDE, 0xFB, 0xDE, 0xDC, 0xDE, 0xDC, 0xDE, 0xFB, 0xDE,
    0xFC, 0xDE, 0xFC, 0xDE, 0xFC, 0xDE, 0xFC, 0xDE, 0xFC, 0xDE, 0xFC, 0xDE, 0xFC, 0xDE, 0xFC, 0xDE,
    0xFC, 0xDE, 0xFC, 0xDE, 0xFC, 0xDE, 0xFC, 0xDE, 0xFC, 0xDE, 0xFC, 0xDE, 0xFC, 0xDE, 0xFC, 0xDE,
    0xFC, 0xDE, 0xFC, 0xDE, 0xFC, 0xDE, 0xFC, 0xDE, 0xFC, 0xDE, 0xFC, 0xDE, 0xDC, 0xDE, 0xFC, 0xDE,
    0xFC, 0xDE, 0xFC, 0xDE, 0xFC, 0xDE, 0xFC, 0xDE, 0xFC, 0xDE, 0xFC, 0xDE, 0xFC, 0xDE, 0xFC, 0xDE,
    0xDC, 0xDE, 0xDC, 0xDE, 0xDC, 0xDE, 0xDC, 0xDE, 0xFC, 0xDE, 0xFC, 0xDE, 0xDC, 0xDE, 0xDC, 0xDE,
    0xFC, 0xDE, 0xFC, 0xDE, 0xFC, 0xDE, 0xFC, 0xDE, 0xDC, 0xDE, 0xDC, 0xDE, 0xDC, 0xDE, 0xDC, 0xDE,
    0xDC, 0xDE, 0xDC, 0xDE, 0xDC, 0xDE, 0xDC, 0xDE, 0xDC, 0xDE, 0xDC, 0xDE, 0xDC, 0xDE, 0xFC, 0xDE,
    0xFC, 0xDE, 0xFC, 0xDE, 0xFC, 0xDE, 0xFC, 0xDE, 0xFC, 0xDE, 0xFC, 0xDE, 0xFC, 0xDE, 0xFC, 0xDE,
    0xFC, 0xDE, 0xFC, 0xDE, 0xDC, 0xDE, 0xDC, 0xDE, 0xFC, 0xDE, 0xFC, 0xDE, 0xFC, 0xDE, 0xFC, 0xDE,
    0xFC, 0xDE, 0xFC, 0xDE, 0xDC, 0xDE, 0xDC, 0xDE, 0xFC, 0xDE, 0xFC, 0xDE, 0xFC, 0xDE, 0xFC, 0xDE,
    0xFC, 0xDE, 0xFC, 0xDE, 0xFC, 0xDE, 0xFC, 0xDE, 0xFC, 0xDE, 0xFC, 0xDE, 0xFC, 0xDE, 0xFC, 0xDE,
    0xFC, 0xDE, 0xFC, 0xDE, 0xFC, 0xDE, 0xFC, 0xDE, 0xFC, 0xDE, 0xDC, 0xDE, 0xDC, 0xDE, 0xDC, 0xDE,
    0xDC, 0xDE, 0xDC, 0xDE, 0xDC, 0xDE, 0xFC, 0xDE, 0xFC, 0xDE, 0xDC, 0xDE, 0xDC, 0xDE, 0xDC, 0xDE,
    0xFC, 0xDE, 0xFC, 0xDE, 0xFC, 0xDE, 0xFC, 0xDE, 0xFC, 0xDE, 0xFC, 0xDE, 0xDC, 0xDE, 0xDC, 0xDE,
    0xDC, 0xDE, 0xFC, 0xE6, 0x7E, 0xF7, 0x9D, 0xF7, 0xBE, 0xF7, 0x59, 0xCE, 0x73, 0x8C, 0x93, 0x94,
    0x73, 0x8C, 0x56, 0xAD, 0x7A, 0xCE, 0x7A, 0xCE, 0x5A, 0xCE, 0xFC, 0xDE, 0x5D, 0xEF, 0x3C, 0xE7,
    0x9E, 0xF7, 0xAE, 0x73, 0x04, 0x21, 0x66, 0x29, 0x66, 0x29, 0x6D, 0x21, 0x71, 0x21, 0x71, 0x21,
    0x71, 0x21, 0x71, 0x21, 0x6D, 0x21, 0x66, 0x29, 0x66, 0x29, 0x45, 0x29, 0x49, 0x4A, 0xDB, 0xDE,
    0x3C, 0xE7, 0x1C, 0xE7, 0xFC, 0xDE, 0x7A, 0xCE, 0x7A, 0xCE, 0x7A, 0xD6, 0x97, 0xB5, 0x73, 0x8C,
    0x94, 0x94, 0x93, 0x8C, 0x7A, 0xCE, 0xBE, 0xF7, 0x9D, 0xF7, 0x9E, 0xF7, 0x3C, 0xE7, 0xDB, 0xDE,
    0xDC, 0xDE, 0xDC, 0xDE, 0xDC, 0xDE, 0xFB, 0xDE, 0xDB, 0xDE, 0xDC, 0xDE, 0xDC, 0xDE, 0xDC, 0xDE,
    0xFC, 0xDE, 0xFC, 0xDE, 0xFC, 0xDE, 0xFC, 0xDE, 0xFC, 0xDE, 0xFC, 0xDE, 0xFC, 0xDE, 0xFC, 0xDE,
    0xDC, 0xDE, 0xFC, 0xDE, 0xDC, 0xDE, 0xDC, 0xDE, 0xDC, 0xDE, 0xDC, 0xDE, 0xDC, 0xDE, 0xDC, 0xDE,
    0xFC, 0xDE, 0xFC, 0xDE, 0xFC, 0xDE, 0xFC, 0xDE, 0xFC, 0xDE, 0xFC, 0xDE, 0xFC, 0xDE, 0xFC, 0xDE,
    0xFC, 0xDE, 0xFC, 0xDE, 0xFC, 0xDE, 0xFC, 0xDE, 0xFC, 0xDE, 0xFC, 0xDE, 0xFC, 0xDE, 0xFC, 0xDE,
    0xFC, 0xDE, 0xFC, 0xDE, 0xFC, 0xDE, 0xFB, 0xDE, 0xDB, 0xDE, 0xDA, 0xDE, 0xDB, 0xD6, 0xDB, 0xD6,
    0xFC, 0xDE, 0xDC, 0xDE, 0xDC, 0xDE, 0xDC, 0xDE, 0xDC, 0xDE, 0xDC, 0xDE, 0xFC, 0xDE, 0xDB, 0xDE,
    0xFB, 0xDE, 0xDC, 0xDE, 0xDC, 0xDE, 0xDB, 0xDE, 0xFB, 0xDE, 0xFC, 0xDE, 0xFC, 0xDE, 0xFC, 0xDE,
    0xFC, 0xDE, 0xFC, 0xDE, 0xFC, 0xDE, 0xFC, 0xDE, 0xFC, 0xDE, 0xFC, 0xDE, 0xFC, 0xDE, 0xFC, 0xDE,
    0xFC, 0xDE, 0xFC, 0xDE, 0xFC, 0xDE, 0xFC, 0xDE, 0xFC, 0xDE, 0xFC, 0xDE, 0xFC, 0xDE, 0xFC, 0xDE,
    0xFC, 0xDE, 0xFC, 0xDE, 0xFC, 0xDE, 0xFC, 0xDE, 0xDC, 0xDE, 0xFC, 0xDE, 0xFC, 0xDE, 0xFC, 0xDE,
    0xFC, 0xDE, 0xDC, 0xDE, 0xDC, 0xDE, 0xDC, 0xDE, 0xDC, 0xDE, 0xDC, 0xDE, 0xDC, 0xDE, 0xDC, 0xDE,
    0xFC, 0xDE, 0xFC, 0xDE, 0xDC, 0xDE, 0xFC, 0xDE, 0xFC, 0xDE, 0xDC, 0xDE, 0xDC, 0xDE, 0xDC, 0xDE,
    0xDC, 0xDE, 0xDC, 0xDE, 0xDC, 0xDE, 0xDC, 0xDE, 0xDC, 0xDE, 0xDC, 0xDE, 0xDC, 0xDE, 0xDC, 0xDE,
    0xDC, 0xDE, 0xDC, 0xDE, 0xDC, 0xDE, 0xFC, 0xDE, 0xFC, 0xDE, 0xFC, 0xDE, 0xFC, 0xDE, 0xFC, 0xDE,
    0xFC, 0xDE, 0xFC, 0xDE, 0xFC, 0xDE, 0xFC, 0xDE, 0xFC, 0xDE, 0xFC, 0xDE, 0xDC, 0xDE, 0xDC, 0xDE,
    0xFC, 0xDE, 0xFC, 0xDE, 0xFC, 0xDE, 0xDC, 0xDE, 0xFC, 0xDE, 0xFC, 0xDE, 0xFC, 0xDE, 0xFC, 0xDE,
    0xFC, 0xDE, 0xDC, 0xDE, 0xFC, 0xDE, 0xFC, 0xDE, 0xFC, 0xDE, 0xDC, 0xDE, 0xDC, 0xDE, 0xDC, 0xDE,
    0xDC, 0xDE, 0xFC, 0xDE, 0xFC, 0xDE, 0xFC, 0xDE, 0xFC, 0xDE, 0xFC, 0xDE, 0xFC, 0xDE, 0xFC, 0xDE,
    0xFC, 0xDE, 0xFC, 0xDE, 0xDC, 0xDE, 0xFC, 0xDE, 0xFC, 0xDE, 0xFC, 0xDE, 0xFC, 0xDE, 0xFC, 0xDE,
    0xFC, 0xDE, 0xDC, 0xDE, 0xDC, 0xDE, 0xDC, 0xDE, 0xFC, 0xDE, 0xFC, 0xDE, 0xFC, 0xDE, 0xFC, 0xDE,
    0xFC, 0xDE, 0xFC, 0xDE, 0xFC, 0xDE, 0xFC, 0xDE, 0xDC, 0xDE, 0xFC, 0xE6, 0x7E, 0xF7, 0x9D, 0xF7,
    0xBE, 0xFF, 0x59, 0xCE, 0x73, 0x8C, 0x93, 0x94, 0x73, 0x8C, 0x56, 0xAD, 0x7A, 0xCE, 0x7A, 0xCE,
    0x5A, 0xCE, 0xFC, 0xDE, 0x5D, 0xE7, 0x3C, 0xE7, 0x9E, 0xF7, 0xAE, 0x73, 0x04, 0x21, 0x66, 0x29,
    0x66, 0x29, 0x6D, 0x21, 0x71, 0x21, 0x71, 0x21, 0x71, 0x21, 0x71, 0x21, 0x6D, 0x21, 0x66, 0x29,
    0x66, 0x29, 0x45, 0x29, 0x49, 0x4A, 0xDB, 0xDE, 0x3C, 0xE7, 0x1C, 0xE7, 0xFC, 0xDE, 0x7A, 0xCE,
    0x7A, 0xCE, 0x7A, 0xCE, 0x97, 0xB5, 0x73, 0x8C, 0x94, 0x94, 0x93, 0x8C, 0x7A, 0xCE, 0xBE, 0xF7,
    0x9D, 0xF7, 0x9E, 0xF7, 0x3C, 0xE7, 0xDB, 0xDE, 0xDC, 0xDE, 0xDC, 0xDE, 0xDC, 0xDE, 0xFB, 0xDE,
    0xDB, 0xDE, 0xDC, 0xDE, 0xDC, 0xDE, 0xDC, 0xDE, 0xFC, 0xDE, 0xFC, 0xDE, 0xFC, 0xDE, 0xFC, 0xDE,
    0xFC, 0xDE, 0xFC, 0xDE, 0xFC, 0xDE, 0xDC, 0xDE, 0xDC, 0xDE, 0xFC, 0xDE, 0xDC, 0xDE, 0xDC, 0xDE,
    0xFC, 0xDE, 0xFC, 0xDE, 0xDC, 0xDE, 0xDC, 0xDE, 0xFC, 0xDE, 0xFC, 0xDE, 0xFC, 0xDE, 0xFC, 0xDE,
    0xFC, 0xDE, 0xFC, 0xDE, 0xFC, 0xDE, 0xFC, 0xDE, 0xFC, 0xDE, 0xFC, 0xDE, 0xFC, 0xDE, 0xFC, 0xDE,
    0xFC, 0xDE, 0xFC, 0xDE, 0xFC, 0xDE, 0xFB, 0xDE, 0xFB, 0xDE, 0xFC, 0xDE, 0xDC, 0xDE, 0xDB, 0xDE,
    0xFC, 0xE6, 0xDC, 0xDE, 0xDC, 0xDE, 0xFC, 0xDE, 0xFC, 0xDE, 0xDC, 0xDE, 0xDB, 0xDE, 0xDC, 0xDE,
    0xFC, 0xDE, 0xFC, 0xDE, 0xFC, 0xDE, 0xFB, 0xDE, 0xFB, 0xDE, 0xDC, 0xDE, 0xDC, 0xDE, 0xDB, 0xDE,
    0xFB, 0xDE, 0xFC, 0xDE, 0xFC, 0xDE, 0xFC, 0xDE, 0xFC, 0xDE, 0xFC, 0xDE, 0xFC, 0xDE, 0xFC, 0xDE,
    0xFC, 0xDE, 0xFC, 0xDE, 0xFC, 0xDE, 0xFC, 0xDE, 0xFC, 0xDE, 0xFC, 0xDE, 0xFC, 0xDE, 0xFC, 0xDE,
    0xFC, 0xDE, 0xFC, 0xDE, 0xFC, 0xDE, 0xFC, 0xDE, 0xDC, 0xDE, 0xFC, 0xDE, 0xFC, 0xDE, 0xFC, 0xDE,
    0xDC, 0xDE, 0xDC, 0xDE, 0xDC, 0xDE, 0xDC, 0xDE, 0xDC, 0xDE, 0xDC, 0xDE, 0xDC, 0xDE, 0xDC, 0xDE,
    0xDC, 0xDE, 0xDC, 0xDE, 0xDC, 0xDE, 0xDC, 0xDE, 0xDC, 0xDE, 0xFC, 0xDE, 0xFC, 0xDE, 0xFC, 0xDE,
    0xFC, 0xDE, 0xDC, 0xDE, 0xDC, 0xDE, 0xDC, 0xDE, 0xDC, 0xDE, 0xDC, 0xDE, 0xDC, 0xDE, 0xDC, 0xDE,
    0xDC, 0xDE, 0xDC, 0xDE, 0xDC, 0xDE, 0xDC, 0xDE, 0xDC, 0xDE, 0xDC, 0xDE, 0xDC, 0xDE, 0xFC, 0xDE,
    0xFC, 0xDE, 0xDC, 0xDE, 0xDC, 0xDE, 0xDC, 0xDE, 0xFC, 0xDE, 0xFC, 0xDE, 0xFC, 0xDE, 0xFC, 0xDE,
    0xFC, 0xDE, 0xFC, 0xDE, 0xDC, 0xDE, 0xDC, 0xDE, 0xFC, 0xDE, 0xFC, 0xDE, 0xFC, 0xDE, 0xDC, 0xDE,
    0xFC, 0xDE, 0xFC, 0xDE, 0xFC, 0xDE, 0xFC, 0xDE, 0xDC, 0xDE, 0xDC, 0xDE, 0xFC, 0xDE, 0xFC, 0xDE,
    0xFC, 0xDE, 0xDC, 0xDE, 0xDC, 0xDE, 0xDC, 0xDE, 0xDC, 0xDE, 0xFC, 0xDE, 0xFC, 0xDE, 0xFC, 0xDE,
    0xFC, 0xDE, 0xFC, 0xDE, 0xFC, 0xDE, 0xFC, 0xDE, 0xFC, 0xDE, 0xFC, 0xDE, 0xFC, 0xDE, 0xFC, 0xDE,
    0xFC, 0xDE, 0xFC, 0xDE, 0xFC, 0xDE, 0xFC, 0xDE, 0xFC, 0xDE, 0xDC, 0xDE, 0xDC, 0xDE, 0xDC, 0xDE,
    0xFC, 0xDE, 0xFC, 0xDE, 0xFC, 0xDE, 0xFC, 0xDE, 0xFC, 0xDE, 0xFC, 0xDE, 0xFC, 0xDE, 0xFC, 0xDE,
    0xDC, 0xDE, 0xFC, 0xE6, 0x7E, 0xF7, 0x9D, 0xF7, 0xBE, 0xFF, 0x59, 0xCE, 0x73, 0x8C, 0x93, 0x94,
    0x73, 0x8C, 0x56, 0xAD, 0x7A, 0xCE, 0x7A, 0xCE, 0x5A, 0xCE, 0xFC, 0xDE, 0x3D, 0xE7, 0x3C, 0xE7,
    0x9E, 0xF7, 0xAE, 0x73, 0x04, 0x21, 0x66, 0x29, 0x66, 0x29, 0x6D, 0x21, 0x71, 0x21, 0x71, 0x21,
    0x71, 0x21, 0x71, 0x21, 0x6D, 0x21, 0x66, 0x29, 0x66, 0x29, 0x45, 0x29, 0x49, 0x4A, 0xDB, 0xDE,
    0x3C, 0xE7, 0x1C, 0xE7, 0xFC, 0xDE, 0x7A, 0xCE, 0x7A, 0xCE, 0x7A, 0xCE, 0x97, 0xB5, 0x73, 0x8C,
    0x94, 0x94, 0x93, 0x8C, 0x7A, 0xCE, 0xBE, 0xF7, 0x9D, 0xF7, 0x9E, 0xF7, 0x3C, 0xE7, 0xDB, 0xDE,
    0xDC, 0xDE, 0xDC, 0xDE, 0xDC, 0xDE, 0xFC, 0xDE, 0xFC, 0xDE, 0xDC, 0xDE, 0xDC, 0xDE, 0xDC, 0xDE,
    0xFC, 0xDE, 0xFC, 0xDE, 0xFC, 0xDE, 0xFC, 0xDE, 0xFC, 0xDE, 0xFC, 0xDE, 0xDC, 0xDE, 0xFC, 0xDE,
    0xDC, 0xDE, 0xFC, 0xDE, 0xFC, 0xDE, 0xFC, 0xDE, 0xFC, 0xDE, 0xFC, 0xDE, 0xFC, 0xDE, 0xFC, 0xDE,
    0xFC, 0xDE, 0xFC, 0xDE, 0xFC, 0xDE, 0xFC, 0xDE, 0xFC, 0xDE, 0xFC, 0xDE, 0xFC, 0xDE, 0xFC, 0xDE,
    0xFC, 0xDE, 0xFC, 0xDE, 0xFC, 0xDE, 0xFC, 0xDE, 0xFC, 0xDE, 0xFC, 0xDE, 0xFC, 0xDE, 0xFC, 0xDE,
    0xFC, 0xDE, 0xFC, 0xDE, 0xFC, 0xDE, 0xFC, 0xDE, 0xFC, 0xDE, 0xFC, 0xDE, 0xDC, 0xDE, 0xDC, 0xDE,
    0xDB, 0xDE, 0xDC, 0xDE, 0xDC, 0xDE, 0xDC, 0xDE, 0xDC, 0xDE, 0xDC, 0xDE, 0xDC, 0xDE, 0xDC, 0xDE,
    0xDC, 0xDE, 0xDC, 0xDE, 0xDC, 0xDE, 0xDC, 0xDE, 0xFC, 0xDE, 0xFC, 0xDE, 0xFC, 0xDE, 0xFC, 0xDE,
    0xFC, 0xDE, 0xFC, 0xDE, 0xFC, 0xDE, 0xFC, 0xDE, 0xFC, 0xDE, 0xFC, 0xDE, 0xFC, 0xDE, 0xFC, 0xDE,
    0xFC, 0xDE, 0xFC, 0xDE, 0xFC, 0xDE, 0xFC, 0xDE, 0xFC, 0xDE, 0xFC, 0xDE, 0xFC, 0xDE, 0xFC, 0xDE,
    0xFC, 0xDE, 0xFC, 0xDE, 0xFC, 0xDE, 0xFC, 0xDE, 0xFC, 0xDE, 0xFC, 0xDE, 0xFC, 0xDE, 0xFC, 0xDE,
    0xFC, 0xDE, 0xFC, 0xDE, 0xDC, 0xDE, 0xDC, 0xDE, 0xDC, 0xDE, 0xDC, 0xDE, 0xDC, 0xDE, 0xDC, 0xDE,
    0xDC, 0xDE, 0xDC, 0xDE, 0xFC, 0xDE, 0xFC, 0xDE, 0xDC, 0xDE, 0xDC, 0xDE, 0xDC, 0xDE, 0xDC, 0xDE,
    0xDC, 0xDE, 0xDC, 0xDE, 0xDC, 0xDE, 0xDC, 0xDE, 0xDC, 0xDE, 0xDC, 0xDE, 0xFC, 0xDE, 0xFC, 0xDE,
    0xFC, 0xDE, 0xDC, 0xDE, 0xDC, 0xDE, 0xDC, 0xDE, 0xDC, 0xDE, 0xDC, 0xDE, 0xDC, 0xDE, 0xDC, 0xDE,
    0xFC, 0xDE, 0xFC, 0xDE, 0xFC, 0xDE, 0xFC, 0xDE, 0xFC, 0xDE, 0xDC, 0xDE, 0xDC, 0xDE, 0xFC, 0xDE,
    0xFC, 0xDE, 0xFC, 0xDE, 0xDC, 0xDE, 0xDC, 0xDE, 0xDC, 0xDE, 0xDC, 0xDE, 0xFC, 0xDE, 0xFC, 0xDE,
    0xFC, 0xDE, 0xFC, 0xDE, 0xFC, 0xDE, 0xFC, 0xDE, 0xDC, 0xDE, 0xFC, 0xDE, 0xFC, 0xDE, 0xFC, 0xDE,
    0xFC, 0xDE, 0xFC, 0xDE, 0xFC, 0xDE, 0xFC, 0xDE, 0xFC, 0xDE, 0xFC, 0xDE, 0xFC, 0xDE, 0xFC, 0xDE,
    0xFC, 0xDE, 0xFC, 0xDE, 0xFC, 0xDE, 0xFC, 0xDE, 0xFC, 0xDE, 0xFC, 0xDE, 0xFC, 0xDE, 0xDC, 0xDE,
    0xFC, 0xDE, 0xFC, 0xDE, 0xFC, 0xDE, 0xDC, 0xDE, 0xDC, 0xDE, 0xFC, 0xDE, 0xDC, 0xDE, 0xFC, 0xDE,
    0xFC, 0xDE, 0xDC, 0xDE, 0xFC, 0xDE, 0xFC, 0xDE, 0xFC, 0xDE, 0xFC, 0xDE, 0x9E, 0xF7, 0x9D, 0xF7,
    0xBE, 0xF7, 0x59, 0xCE, 0x73, 0x8C, 0x93, 0x8C, 0x73, 0x8C, 0x56, 0xAD, 0x7A, 0xCE, 0x7A, 0xCE,
    0x5A, 0xCE, 0xDC, 0xDE, 0x3D, 0xE7, 0x3C, 0xE7, 0x9E, 0xF7, 0x8E, 0x73, 0x04, 0x21, 0x66, 0x29,
    0x65, 0x29, 0x6D, 0x21, 0x71, 0x21, 0x71, 0x21, 0x71, 0x21, 0x71, 0x21, 0x6D, 0x21, 0x66, 0x29,
    0x66, 0x29, 0x45, 0x29, 0x49, 0x4A, 0xDB, 0xDE, 0x3C, 0xE7, 0x1C, 0xE7, 0xFC, 0xDE, 0x7A, 0xCE,
    0x7A, 0xCE, 0x9B, 0xD6, 0x97, 0xB5, 0x73, 0x8C, 0x94, 0x94, 0x93, 0x8C, 0x7A, 0xCE, 0xBE, 0xF7,
    0x9D, 0xF7, 0x9E, 0xF7, 0x3C, 0xE7, 0xDB, 0xDE, 0xDC, 0xDE, 0xDC, 0xDE, 0xDC, 0xDE, 0xDC, 0xDE,
    0xFC, 0xDE, 0xFC, 0xDE, 0xFC, 0xDE, 0xDC, 0xDE, 0xFC, 0xDE, 0xFC, 0xDE, 0xFC, 0xDE, 0xFC, 0xDE,
    0xFC, 0xDE, 0xFC, 0xDE, 0xDC, 0xDE, 0xFC, 0xDE, 0xDC, 0xDE, 0xFC, 0xDE, 0xFC, 0xDE, 0xFC, 0xDE,
    0xFC, 0xDE, 0xFC, 0xDE, 0xDC, 0xDE, 0xDC, 0xDE, 0xDC, 0xDE, 0xFC, 0xDE, 0xFC, 0xDE, 0xFC, 0xDE,
    0xFC, 0xDE, 0xFC, 0xDE, 0xFC, 0xDE, 0xFC, 0xDE, 0xFC, 0xDE, 0xFC, 0xDE, 0xFC, 0xDE, 0xFC, 0xDE,
    0xFC, 0xDE, 0xFC, 0xDE, 0xFC, 0xDE, 0xFC, 0xDE, 0xFC, 0xDE, 0xFC, 0xDE, 0xFC, 0xDE, 0xFC, 0xDE,
    0xFC, 0xDE, 0xFC, 0xDE, 0xFC, 0xDE, 0xFC, 0xDE, 0xFC, 0xDE, 0xFC, 0xDE, 0xFC, 0xDE, 0xFC, 0xDE,
    0xDC, 0xDE, 0xDC, 0xDE, 0xDC, 0xDE, 0xDC, 0xDE, 0xDC, 0xDE, 0xDC, 0xDE, 0xDC, 0xDE, 0xDC, 0xDE,
    0xFC, 0xDE, 0xFC, 0xDE, 0xFC, 0xDE, 0xFC, 0xDE, 0xFC, 0xDE, 0xFC, 0xDE, 0xFC, 0xDE, 0xFC, 0xDE,
    0xFC, 0xDE, 0xFC, 0xDE, 0xFC, 0xDE, 0xFC, 0xDE, 0xFC, 0xDE, 0xFC, 0xDE, 0xFC, 0xDE, 0xFC, 0xDE,
    0xFC, 0xDE, 0xFC, 0xDE, 0xFC, 0xDE, 0xFC, 0xDE, 0xFC, 0xDE, 0xFC, 0xDE, 0xDC, 0xDE, 0xFC, 0xDE,
    0xFC, 0xDE, 0xFC, 0xDE, 0xFC, 0xDE, 0xFC, 0xDE, 0xFC, 0xDE, 0xFC, 0xDE, 0xDC, 0xDE, 0xDC, 0xDE,
    0xDC, 0xDE, 0xDC, 0xDE, 0xDC, 0xDE, 0xDC, 0xDE, 0xDC, 0xDE, 0xDC, 0xDE, 0xDC, 0xDE, 0xDC, 0xDE,
    0xDC, 0xDE, 0xDC, 0xDE, 0xDC, 0xDE, 0xDC, 0xDE, 0xDC, 0xDE, 0xDC, 0xDE, 0xDC, 0xDE, 0xDC, 0xDE,
    0xDC, 0xDE, 0xDC, 0xDE, 0xDC, 0xDE, 0xDC, 0xDE, 0xDC, 0xDE, 0xDC, 0xDE, 0xDC, 0xDE, 0xDC, 0xDE,
    0xDC, 0xDE, 0xDC, 0xDE, 0xDC, 0xDE, 0xDC, 0xDE, 0xFC, 0xDE, 0xFC, 0xDE, 0xFC, 0xDE, 0xFC, 0xDE,
    0xFC, 0xDE, 0xFC, 0xDE, 0xFC, 0xDE, 0xFC, 0xDE, 0xFC, 0xDE, 0xFC, 0xDE, 0xFC, 0xDE, 0xFC, 0xDE,
    0xFC, 0xDE, 0xFC, 0xDE, 0xFC, 0xDE, 0xFC, 0xDE, 0xFC, 0xDE, 0xDC, 0xDE, 0xFC, 0xDE, 0xFC, 0xDE,
    0xFC, 0xDE, 0xFC, 0xDE, 0xFC, 0xDE, 0xFC, 0xDE, 0xFC, 0xDE, 0xFC, 0xDE, 0xFC, 0xDE, 0xFC, 0xDE,
    0xDC, 0xDE, 0xFC, 0xDE, 0xFC, 0xDE, 0xFC, 0xDE, 0xFC, 0xDE, 0xDC, 0xDE, 0xFC, 0xDE, 0xFC, 0xDE,
    0xDC, 0xDE, 0xDC, 0xDE, 0xFC, 0xDE, 0xFC, 0xDE, 0xFC, 0xDE, 0xFC, 0xDE, 0xFC, 0xDE, 0xDC, 0xDE,
    0xDC, 0xDE, 0xFC, 0xDE, 0xDC, 0xDE, 0xFC, 0xDE, 0xFC, 0xDE, 0xDC, 0xDE, 0xDC, 0xDE, 0xFC, 0xDE,
    0xDC, 0xDE, 0xFC, 0xDE, 0x9E, 0xF7, 0x9D, 0xF7, 0xBE, 0xF7, 0x59, 0xCE, 0x73, 0x8C, 0x93, 0x8C,
    0x73, 0x8C, 0x56, 0xAD, 0x7A, 0xCE, 0x7A, 0xCE, 0x5A, 0xCE, 0xFC, 0xDE, 0x3D, 0xE7, 0x3C, 0xE7,
    0x9E, 0xF7, 0x8E, 0x73, 0x04, 0x21, 0x66, 0x29, 0x65, 0x29, 0x6D, 0x21, 0x71, 0x21, 0x71, 0x21,
    0x71, 0x21, 0x71, 0x21, 0x6D, 0x21, 0x66, 0x29, 0x66, 0x29, 0x45, 0x29, 0x49, 0x4A, 0xDB, 0xDE,
    0x3C, 0xE7, 0x1C, 0xE7, 0xFC, 0xDE, 0x7A, 0xCE, 0x7A, 0xCE, 0x9B, 0xD6, 0xB7, 0xB5, 0x93, 0x8C,
    0x94, 0x94, 0x93, 0x8C, 0x7A, 0xCE, 0xBE, 0xF7, 0x9D, 0xF7, 0x9E, 0xF7, 0x3C, 0xE7, 0xDB, 0xDE,
    0xDC, 0xDE, 0xDC, 0xDE, 0xDC, 0xDE, 0xDC, 0xDE, 0xFC, 0xDE, 0xFC, 0xDE, 0xFC, 0xDE, 0xFC, 0xDE,
    0xFC, 0xDE, 0xFC, 0xDE, 0xFC, 0xDE, 0xFC, 0xDE, 0xFC, 0xDE, 0xFC, 0xDE, 0xDC, 0xDE, 0xFC, 0xDE,
    0xDC, 0xDE, 0xFC, 0xDE, 0xFC, 0xDE, 0xFC, 0xDE, 0xFC, 0xDE, 0xFC, 0xDE, 0xFC, 0xDE, 0xFC, 0xDE,
    0xFC, 0xDE, 0xFC, 0xDE, 0xFC, 0xDE, 0xFC, 0xDE, 0xFC, 0xDE, 0xDC, 0xDE, 0xDC, 0xDE, 0xDC, 0xDE,
    0xFC, 0xDE, 0xFC, 0xDE, 0xFC, 0xDE, 0xFC, 0xDE, 0xFC, 0xDE, 0xFC, 0xDE, 0xFC, 0xDE, 0xFC, 0xDE,
    0xFC, 0xDE, 0xFC, 0xDE, 0xFC, 0xDE, 0xFC, 0xDE, 0xFC, 0xDE, 0xFC, 0xDE, 0xFC, 0xDE, 0xFC, 0xDE,
    0xFC, 0xDE, 0xFC, 0xDE, 0xFC, 0xDE, 0xFC, 0xDE, 0xDC, 0xDE, 0xFC, 0xDE, 0xFC, 0xDE, 0xFC, 0xDE,
    0xFC, 0xDE, 0xDC, 0xDE, 0xDC, 0xDE, 0xDC, 0xDE, 0xFC, 0xDE, 0xFC, 0xDE, 0xFC, 0xDE, 0xFC, 0xDE,
    0xDC, 0xDE, 0xDC, 0xDE, 0xDC, 0xDE, 0xDC, 0xDE, 0xDC, 0xDE, 0xFC, 0xDE, 0xDC, 0xDE, 0xFC, 0xDE,
    0xFC, 0xDE, 0xFC, 0xDE, 0xFC, 0xDE, 0xFC, 0xDE, 0xFC, 0xDE, 0xFC, 0xDE, 0xFC, 0xDE, 0xFC, 0xDE,
    0xFC, 0xDE, 0xFC, 0xDE, 0xFC, 0xDE, 0xFC, 0xDE, 0xDC, 0xDE, 0xFC, 0xDE, 0xFC, 0xDE, 0xFC, 0xDE,
    0xFC, 0xDE, 0xFC, 0xDE, 0xFC, 0xDE, 0xDC, 0xDE, 0xDC, 0xDE, 0xDC, 0xDE, 0xDC, 0xDE, 0xDC, 0xDE,
    0xFC, 0xDE, 0xDC, 0xDE, 0xDC, 0xDE, 0xDC, 0xDE, 0xDC, 0xDE, 0xDC, 0xDE, 0xFC, 0xDE, 0xDC, 0xDE,
    0xDC, 0xDE, 0xDC, 0xDE, 0xDC, 0xDE, 0xDC, 0xDE, 0xDC, 0xDE, 0xDC, 0xDE, 0xDC, 0xDE, 0xDC, 0xDE,
    0xDC, 0xDE, 0xDC, 0xDE, 0xDC, 0xDE, 0xDC, 0xDE, 0xDC, 0xDE, 0xDC, 0xDE, 0xDC, 0xDE, 0xDC, 0xDE,
    0xFC, 0xDE, 0xFC, 0xDE, 0xFC, 0xDE, 0xFC, 0xDE, 0xDC, 0xDE, 0xFC, 0xDE, 0xFC, 0xDE, 0xDC, 0xDE,
    0xDC, 0xDE, 0xFC, 0xDE, 0xFC, 0xDE, 0xDC, 0xDE, 0xDC, 0xDE, 0xDC, 0xDE, 0xFC, 0xDE, 0xFC, 0xDE,
    0xDC, 0xDE, 0xDC, 0xDE, 0xDC, 0xDE, 0xFC, 0xDE, 0xFC, 0xDE, 0xFC, 0xDE, 0xFC, 0xDE, 0xFC, 0xDE,
    0xFC, 0xDE, 0xDC, 0xDE, 0xDC, 0xDE, 0xDC, 0xDE, 0xDC, 0xDE, 0xDC, 0xDE, 0xDC, 0xDE, 0xFC, 0xDE,
    0xDC, 0xDE, 0xDC, 0xDE, 0xDC, 0xDE, 0xDC, 0xDE, 0xDC, 0xDE, 0xDC, 0xDE, 0xFC, 0xDE, 0xFC, 0xDE,
    0xFC, 0xDE, 0xDC, 0xDE, 0xDC, 0xDE, 0xDC, 0xDE, 0xDC, 0xDE, 0xFC, 0xDE, 0xDC, 0xDE, 0xFC, 0xDE,
    0xFC, 0xDE, 0xDC, 0xDE, 0xDC, 0xDE, 0xFC, 0xDE, 0xFC, 0xDE, 0xFC, 0xE6, 0x9E, 0xF7, 0x9D, 0xF7,
    0xBE, 0xF7, 0x39, 0xCE, 0x73, 0x8C, 0x93, 0x8C, 0x73, 0x8C, 0x56, 0xAD, 0x7A, 0xCE, 0x7A, 0xCE,
    0x5A, 0xCE, 0xFC, 0xDE, 0x5D, 0xEF, 0x3C, 0xE7, 0x9E, 0xF7, 0x8E, 0x73, 0x04, 0x21, 0x66, 0x29,
    0x65, 0x29, 0x6D, 0x21, 0x71, 0x21, 0x71, 0x21, 0x71, 0x21, 0x71, 0x21, 0x6D, 0x21, 0x66, 0x29,
    0x66, 0x29, 0x45, 0x29, 0x49, 0x4A, 0xBB, 0xD6, 0x3C, 0xE7, 0x1C, 0xE7, 0xFC, 0xDE, 0x7A, 0xCE,
    0x7A, 0xCE, 0x9B, 0xD6, 0xB7, 0xB5, 0x73, 0x8C, 0x94, 0x94, 0x73, 0x8C, 0x7A, 0xCE, 0xBE, 0xF7,
    0x9D, 0xF7, 0x9E, 0xF7, 0x3C, 0xE7, 0xDB, 0xDE, 0xDC, 0xDE, 0xDC, 0xDE, 0xDC, 0xDE, 0xDC, 0xDE,
    0xDC, 0xDE, 0xFC, 0xDE, 0xFC, 0xDE, 0xFC, 0xDE, 0xFC, 0xDE, 0xFC, 0xDE, 0xFC, 0xDE, 0xFC, 0xDE,
    0xFC, 0xDE, 0xFC, 0xDE, 0xFC, 0xDE, 0xFC, 0xDE, 0xDC, 0xDE, 0xFC, 0xDE, 0xFC, 0xDE, 0xFC, 0xDE,
    0xFC, 0xDE, 0xFC, 0xDE, 0xFC, 0xDE, 0xFC, 0xDE, 0xFC, 0xDE, 0xFC, 0xDE, 0xDC, 0xDE, 0xFC, 0xDE,
    0xFC, 0xDE, 0xDC, 0xDE, 0xDC, 0xDE, 0xFC, 0xDE, 0xFC, 0xDE, 0xFC, 0xDE, 0xFC, 0xDE, 0xFC, 0xDE,
    0xFC, 0xDE, 0xFC, 0xDE, 0xFC, 0xDE, 0xFC, 0xDE, 0xFC, 0xDE, 0xFC, 0xDE, 0xFC, 0xDE, 0xFC, 0xDE,
    0xFC, 0xDE, 0xFC, 0xDE, 0xFC, 0xDE, 0xFC, 0xDE, 0xFC, 0xDE, 0xFC, 0xDE, 0xFC, 0xDE, 0xFC, 0xDE,
    0xFC, 0xDE, 0xFC, 0xDE, 0xFC, 0xDE, 0xFC, 0xDE, 0xFC, 0xDE, 0xDC, 0xDE, 0xFC, 0xDE, 0xFC, 0xDE,
    0xFC, 0xDE, 0xFC, 0xDE, 0xFC, 0xDE, 0xFC, 0xDE, 0xDC, 0xDE, 0xDC, 0xDE, 0xDC, 0xDE, 0xDC, 0xDE,
    0xFC, 0xDE, 0xFC, 0xDE, 0xFC, 0xDE, 0xFC, 0xDE, 0xFC, 0xDE, 0xFC, 0xDE, 0xFC, 0xDE, 0xFC, 0xDE,
    0xFC, 0xDE, 0xFC, 0xDE, 0xFC, 0xDE, 0xFC, 0xDE, 0xFC, 0xDE, 0xFC, 0xDE, 0xFC, 0xDE, 0xFC, 0xDE,
    0xFC, 0xDE, 0xFC, 0xDE, 0xFC, 0xDE, 0xFC, 0xDE, 0xFC, 0xDE, 0xFC, 0xDE, 0xFC, 0xDE, 0xDC, 0xDE,
    0xDC, 0xDE, 0xFC, 0xDE, 0xFC, 0xDE, 0xFC, 0xDE, 0xDC, 0xDE, 0xDC, 0xDE, 0xDC, 0xDE, 0xDC, 0xDE,
    0xDC, 0xDE, 0xFC, 0xDE, 0xFC, 0xDE, 0xDB, 0xDE, 0xDC, 0xDE, 0xDC, 0xDE, 0xDC, 0xDE, 0xDC, 0xDE,
    0xDC, 0xDE, 0xDC, 0xDE, 0xFC, 0xDE, 0xDC, 0xDE, 0xFC, 0xDE, 0xFC, 0xDE, 0xFC, 0xDE, 0xFC, 0xDE,
    0xFC, 0xDE, 0xFC, 0xDE, 0xFC, 0xDE, 0xFC, 0xDE, 0xFC, 0xDE, 0xFC, 0xDE, 0xFC, 0xDE, 0xFC, 0xDE,
    0xFC, 0xDE, 0xDC, 0xDE, 0xDC, 0xDE, 0xDC, 0xDE, 0xFC, 0xDE, 0xFC, 0xDE, 0xFC, 0xDE, 0xDC, 0xDE,
    0xFC, 0xDE, 0xFC, 0xDE, 0xFC, 0xDE, 0xDC, 0xDE, 0xDC, 0xDE, 0xDC, 0xDE, 0xDC, 0xDE, 0xDC, 0xDE,
    0xFC, 0xDE, 0xFC, 0xDE, 0xDC, 0xDE, 0xDC, 0xDE, 0xFC, 0xDE, 0xFC, 0xDE, 0xFC, 0xDE, 0xFC, 0xDE,
    0xFC, 0xDE, 0xFC, 0xDE, 0xFC, 0xDE, 0xFC, 0xDE, 0xDC, 0xDE, 0xDC, 0xDE, 0xDC, 0xDE, 0xDC, 0xDE,
    0xDC, 0xDE, 0xDC, 0xDE, 0xDC, 0xDE, 0xFC, 0xDE, 0xFC, 0xDE, 0xDC, 0xDE, 0xDC, 0xDE, 0xFC, 0xDE,
    0xFC, 0xDE, 0xFC, 0xDE, 0xFC, 0xDE, 0xFC, 0xDE, 0xFC, 0xDE, 0xFC, 0xDE, 0xDC, 0xDE, 0xDC, 0xDE,
    0xDC, 0xDE, 0xFC, 0xDE, 0x9E, 0xF7, 0x9D, 0xF7, 0xBE, 0xF7, 0x39, 0xCE, 0x73, 0x8C, 0x93, 0x8C,
    0x73, 0x8C, 0x56, 0xAD, 0x7A, 0xCE, 0x7A, 0xCE, 0x5A, 0xCE, 0xFC, 0xDE, 0x5D, 0xEF, 0x3C, 0xE7,
    0x9E, 0xF7, 0xAE, 0x73, 0x04, 0x21, 0x66, 0x29, 0x65, 0x29, 0x6D, 0x21, 0x71, 0x21, 0x71, 0x21,
    0x71, 0x21, 0x71, 0x21, 0x6D, 0x21, 0x66, 0x29, 0x66, 0x29, 0x45, 0x29, 0x49, 0x4A, 0xDB, 0xDE,
    0x3C, 0xE7, 0x1C, 0xE7, 0xFC, 0xDE, 0x7A, 0xCE, 0x7A, 0xCE, 0x9B, 0xD6, 0xB7, 0xB5, 0x73, 0x8C,
    0x94, 0x8C, 0x93, 0x8C, 0x7A, 0xCE, 0xBE, 0xF7, 0x9D, 0xF7, 0x9D, 0xF7, 0x3C, 0xE7, 0xDB, 0xDE,
    0xDC, 0xDE, 0xDC, 0xDE, 0xDC, 0xDE, 0xDC, 0xDE, 0xDC, 0xDE, 0xFC, 0xDE, 0xFC, 0xDE, 0xFC, 0xDE,
    0xFC, 0xDE, 0xFC, 0xDE, 0xFC, 0xDE, 0xFC, 0xDE, 0xFC, 0xDE, 0xFC, 0xDE, 0xFC, 0xDE, 0xFC, 0xDE,
    0xDC, 0xDE, 0xFC, 0xDE, 0xFC, 0xDE, 0xFC, 0xDE, 0xFC, 0xDE, 0xFC, 0xDE, 0xFC, 0xDE, 0xFC, 0xDE,
    0xFC, 0xDE, 0xFC, 0xDE, 0xDC, 0xDE, 0xDC, 0xDE, 0xFC, 0xDE, 0xDC, 0xDE, 0xDC, 0xDE, 0xFC, 0xDE,
    0xFC, 0xDE, 0xFC, 0xDE, 0xFC, 0xDE, 0xFC, 0xDE, 0xFC, 0xDE, 0xFC, 0xDE, 0xFC, 0xDE, 0xFC, 0xDE,
    0xFC, 0xDE, 0xFC, 0xDE, 0xFC, 0xDE, 0xFC, 0xDE, 0xFC, 0xDE, 0xFC, 0xDE, 0xFC, 0xDE, 0xFC, 0xDE,
    0xFC, 0xDE, 0xFC, 0xDE, 0xFC, 0xDE, 0xFC, 0xDE, 0xFC, 0xDE, 0xFC, 0xDE, 0xFC, 0xDE, 0xFC, 0xDE,
    0xFC, 0xDE, 0xDC, 0xDE, 0xFC, 0xDE, 0xFC, 0xDE, 0xFC, 0xDE, 0xFC, 0xDE, 0xFC, 0xDE, 0xFC, 0xDE,
    0xDC, 0xDE, 0xDC, 0xDE, 0xDC, 0xDE, 0xDC, 0xDE, 0xDC, 0xDE, 0xDC, 0xDE, 0xDC, 0xDE, 0xFC, 0xDE,
    0xFC, 0xDE, 0xFC, 0xDE, 0xFC, 0xDE, 0xFC, 0xDE, 0xFC, 0xDE, 0xFC, 0xDE, 0xFC, 0xDE, 0xFC, 0xDE,
    0xFC, 0xDE, 0xFC, 0xDE, 0xFC, 0xDE, 0xFC, 0xDE, 0xFC, 0xDE, 0xFC, 0xDE, 0xFC, 0xDE, 0xFC, 0xDE,
    0xFC, 0xDE, 0xFC, 0xDE, 0xFC, 0xDE, 0xDC, 0xDE, 0xDC, 0xDE, 0xFC, 0xDE, 0xFC, 0xDE, 0xFC, 0xDE,
    0xDC, 0xDE, 0xDC, 0xDE, 0xDC, 0xDE, 0xFC, 0xDE, 0xFC, 0xDE, 0xFC, 0xDE, 0xFC, 0xDE, 0xDC, 0xDE,
    0xFC, 0xDE, 0xFC, 0xDE, 0xDC, 0xDE, 0xDC, 0xDE, 0xDC, 0xDE, 0xDC, 0xDE, 0xFC, 0xDE, 0xDC, 0xDE,
    0xFC, 0xDE, 0xDC, 0xDE, 0xDC, 0xDE, 0xDC, 0xDE, 0xDC, 0xDE, 0xDC, 0xDE, 0xDC, 0xDE, 0xDC, 0xDE,
    0xFC, 0xDE, 0xFC, 0xDE, 0xFC, 0xDE, 0xFC, 0xDE, 0xFC, 0xDE, 0xDC, 0xDE, 0xDC, 0xDE, 0xDC, 0xDE,
    0xFC, 0xDE, 0xFC, 0xDE, 0xFC, 0xDE, 0xDC, 0xDE, 0xFC, 0xDE, 0xFC, 0xDE, 0xFC, 0xDE, 0xDC, 0xDE,
    0xDC, 0xDE, 0xDC, 0xDE, 0xDC, 0xDE, 0xDC, 0xDE, 0xDC, 0xDE, 0xFC, 0xDE, 0xDC, 0xDE, 0xDC, 0xDE,
    0xFC, 0xDE, 0xFC, 0xDE, 0xFC, 0xDE, 0xFC, 0xDE, 0xFC, 0xDE, 0xFC, 0xDE, 0xFC, 0xDE, 0xFC, 0xDE,
    0xDC, 0xDE, 0xDC, 0xDE, 0xDC, 0xDE, 0xDC, 0xDE, 0xDC, 0xDE, 0xDC, 0xDE, 0xDC, 0xDE, 0xFC, 0xDE,
    0xFC, 0xDE, 0xDC, 0xDE, 0xDC, 0xDE, 0xFC, 0xDE, 0xFC, 0xDE, 0xFC, 0xDE, 0xFC, 0xDE, 0xFC, 0xDE,
    0xFC, 0xDE, 0xFC, 0xDE, 0xFC, 0xDE, 0xDC, 0xDE, 0xDC, 0xDE, 0xFC, 0xDE, 0x9E, 0xF7, 0x9D, 0xF7,
    0xBE, 0xF7, 0x39, 0xCE, 0x73, 0x8C, 0x93, 0x8C, 0x73, 0x8C, 0x56, 0xAD, 0x7A, 0xCE, 0x7A, 0xCE,
    0x5A, 0xCE, 0xFC, 0xDE, 0x5D, 0xEF, 0x3C, 0xE7, 0x9E, 0xF7, 0xAE, 0x73, 0x04, 0x21, 0x66, 0x29,
    0x65, 0x29, 0x6D, 0x21, 0x71, 0x21, 0x71, 0x21, 0x71, 0x21, 0x71, 0x21, 0x6D, 0x21, 0x66, 0x29,
    0x66, 0x29, 0x45, 0x29, 0x49, 0x4A, 0xDB, 0xDE, 0x3C, 0xE7, 0x1C, 0xE7, 0xFC, 0xDE, 0x7A, 0xCE,
    0x7A, 0xCE, 0x9B, 0xD6, 0x97, 0xB5, 0x73, 0x8C, 0x94, 0x8C, 0x73, 0x8C, 0x7A, 0xCE, 0xBE, 0xF7,
    0x9D, 0xF7, 0x9D, 0xF7, 0x3C, 0xE7, 0xDB, 0xDE, 0xDC, 0xDE, 0xDC, 0xDE, 0xDC, 0xDE, 0xDC, 0xDE,
    0xFC, 0xDE, 0xFC, 0xDE, 0xFC, 0xDE, 0xFC, 0xDE, 0xFC, 0xDE, 0xFC, 0xDE, 0xFC, 0xDE, 0xFC, 0xDE,
    0xFC, 0xDE, 0xFC, 0xDE, 0xFC, 0xDE, 0xFC, 0xDE, 0xFC, 0xDE, 0xFC, 0xDE, 0xFC, 0xDE, 0xFC, 0xDE,
    0xFC, 0xDE, 0xFC, 0xDE, 0xFC, 0xDE, 0xFC, 0xDE, 0xFC, 0xDE, 0xFC, 0xDE, 0xFC, 0xDE, 0xDC, 0xDE,
    0xFC, 0xDE, 0xDC, 0xDE, 0xFC, 0xDE, 0xFC, 0xDE, 0xFC, 0xDE, 0xFC, 0xDE, 0xFC, 0xDE, 0xFC, 0xDE,
    0xFC, 0xDE, 0xFC, 0xDE, 0xFC, 0xDE, 0xFC, 0xDE, 0xFC, 0xDE, 0xFC, 0xDE, 0xFC, 0xDE, 0xFC, 0xDE,
    0xFC, 0xDE, 0xFC, 0xDE, 0xFC, 0xDE, 0xFC, 0xDE, 0xFC, 0xDE, 0xFC, 0xDE, 0xFC, 0xDE, 0xFC, 0xDE,
    0xFC, 0xDE, 0xFC, 0xDE, 0xFC, 0xDE, 0xFC, 0xDE, 0xFC, 0xDE, 0xDC, 0xDE, 0xFC, 0xDE, 0xFC, 0xDE,
    0xFC, 0xDE, 0xFC, 0xDE, 0xFC, 0xDE, 0xFC, 0xDE, 0xDC, 0xDE, 0xDC, 0xDE, 0xDC, 0xDE, 0xDC, 0xDE,
    0xDC, 0xDE, 0xDC, 0xDE, 0xDC, 0xDE, 0xFC, 0xDE, 0xFC, 0xDE, 0xFC, 0xDE, 0xFC, 0xDE, 0xFC, 0xDE,
    0xFC, 0xDE, 0xFC, 0xDE, 0xFC, 0xDE, 0xFC, 0xDE, 0xFC, 0xDE, 0xFC, 0xDE, 0xFC, 0xDE, 0xFC, 0xDE,
    0xFC, 0xDE, 0xFC, 0xDE, 0xFC, 0xDE, 0xFC, 0xDE, 0xFC, 0xDE, 0xFC, 0xDE, 0xFC, 0xDE, 0xFC, 0xDE,
    0xFC, 0xDE, 0xFC, 0xDE, 0xFC, 0xDE, 0xDC, 0xDE, 0xFC, 0xDE, 0xFC, 0xDE, 0xFC, 0xDE, 0xDC, 0xDE,
    0xDC, 0xDE, 0xDC, 0xDE, 0xDC, 0xDE, 0xFC, 0xDE, 0xFC, 0xDE, 0xFC, 0xDE, 0xFC, 0xDE, 0xFC, 0xDE,
    0xFC, 0xDE, 0xFC, 0xDE, 0xFC, 0xDE, 0xDC, 0xDE, 0xFC, 0xDE, 0xDC, 0xDE, 0xDC, 0xDE, 0xDC, 0xDE,
    0xDC, 0xDE, 0xDC, 0xDE, 0xDC, 0xDE, 0xDC, 0xDE, 0xFC, 0xDE, 0xFC, 0xDE, 0xFC, 0xDE, 0xFC, 0xDE,
    0xFC, 0xDE, 0xFC, 0xDE, 0xFC, 0xDE, 0xFC, 0xDE, 0xFC, 0xDE, 0xFC, 0xDE, 0xFC, 0xDE, 0xDC, 0xDE,
    0xFC, 0xDE, 0xFC, 0xDE, 0xFC, 0xDE, 0xDC, 0xDE, 0xDC, 0xDE, 0xDC, 0xDE, 0xFC, 0xDE, 0xDC, 0xDE,
    0xDC, 0xDE, 0xFC, 0xDE, 0xDC, 0xDE, 0xDC, 0xDE, 0xFC, 0xDE, 0xFC, 0xDE, 0xFC, 0xDE, 0xFC, 0xDE,
    0xFC, 0xDE, 0xFC, 0xDE, 0xFC, 0xDE, 0xFC, 0xDE, 0xFC, 0xDE, 0xFC, 0xDE, 0xFC, 0xDE, 0xFC, 0xDE,
    0xFC, 0xDE, 0xFC, 0xDE, 0xFC, 0xDE, 0xFC, 0xDE, 0xFC, 0xDE, 0xDC, 0xDE, 0xDC, 0xDE, 0xFC, 0xDE,
    0xFC, 0xDE, 0xFC, 0xDE, 0xFC, 0xDE, 0xFC, 0xDE, 0xFC, 0xDE, 0xFC, 0xDE, 0xFC, 0xDE, 0xDC, 0xDE,
    0xDC, 0xDE, 0xFC, 0xDE, 0x9E, 0xF7, 0x9D, 0xF7, 0xBE, 0xF7, 0x39, 0xCE, 0x73, 0x8C, 0x93, 0x8C,
    0x73, 0x8C, 0x56, 0xAD, 0x7A, 0xCE, 0x7A, 0xCE, 0x5A, 0xCE, 0xFC, 0xDE, 0x5D, 0xEF, 0x3C, 0xE7,
    0x9E, 0xF7, 0xAE, 0x73, 0x04, 0x21, 0x66, 0x29, 0x65, 0x29, 0x6D, 0x21, 0x71, 0x21, 0x71, 0x21,
    0x71, 0x21, 0x71, 0x21, 0x6D, 0x21, 0x66, 0x29, 0x66, 0x29, 0x45, 0x29, 0x49, 0x4A, 0xDB, 0xDE,
    0x3C, 0xE7, 0x1C, 0xE7, 0xFC, 0xDE, 0x7A, 0xCE, 0x7A, 0xCE, 0x7B, 0xD6, 0x97, 0xB5, 0x73, 0x8C,
    0x94, 0x8C, 0x73, 0x8C, 0x7A, 0xCE, 0xBE, 0xF7, 0x9D, 0xF7, 0x9E, 0xF7, 0x3C, 0xE7, 0xDB, 0xDE,
    0xDC, 0xDE, 0xDC, 0xDE, 0xDC, 0xDE, 0xDC, 0xDE, 0xFC, 0xDE, 0xFC, 0xDE, 0xFC, 0xDE, 0xFC, 0xDE,
    0xDC, 0xDE, 0xDC, 0xDE, 0xDC, 0xDE, 0xFC, 0xDE, 0xFC, 0xDE, 0xFC, 0xDE, 0xFC, 0xDE, 0xFC, 0xDE,
    0xFC, 0xDE, 0xFC, 0xDE, 0xFC, 0xDE, 0xFC, 0xDE, 0xFC, 0xDE, 0xFC, 0xDE, 0xFC, 0xDE, 0xFC, 0xDE,
    0xFC, 0xDE, 0xFC, 0xDE, 0xFC, 0xDE, 0xDC, 0xDE, 0xDC, 0xDE, 0xFC, 0xDE, 0xFC, 0xDE, 0xFC, 0xDE,
    0xFC, 0xDE, 0xFC, 0xDE, 0xFC, 0xDE, 0xFC, 0xDE, 0xFC, 0xDE, 0xFC, 0xDE, 0xFC, 0xDE, 0xFC, 0xDE,
    0xFC, 0xDE, 0xFC, 0xDE, 0xFC, 0xDE, 0xFC, 0xDE, 0xFC, 0xDE, 0xFC, 0xDE, 0xFC, 0xDE, 0xFC, 0xDE,
    0xFC, 0xDE, 0xFC, 0xDE, 0xFC, 0xDE, 0xFC, 0xDE, 0xFC, 0xDE, 0xFC, 0xDE, 0xFC, 0xDE, 0xFC, 0xDE,
    0xFC, 0xDE, 0xDC, 0xDE, 0xFC, 0xDE, 0xFC, 0xDE, 0xFC, 0xDE, 0xFC, 0xDE, 0xFC, 0xDE, 0xFC, 0xDE,
    0xDC, 0xDE, 0xDC, 0xDE, 0xDC, 0xDE, 0xDC, 0xDE, 0xDC, 0xDE, 0xDC, 0xDE, 0xDC, 0xDE, 0xFC, 0xDE,
    0xFC, 0xDE, 0xFC, 0xDE, 0xFC, 0xDE, 0xFC, 0xDE, 0xFC, 0xDE, 0xFC, 0xDE, 0xFC, 0xDE, 0xFC, 0xDE,
    0xFC, 0xDE, 0xFC, 0xDE, 0xFC, 0xDE, 0xFC, 0xDE, 0xFC, 0xDE, 0xFC, 0xDE, 0xFC, 0xDE, 0xFC, 0xDE,
    0xDC, 0xDE, 0xDC, 0xDE, 0xFC, 0xDE, 0xFC, 0xDE, 0xFC, 0xDE, 0xFC, 0xDE, 0xDC, 0xDE, 0xDC, 0xDE,
    0xFC, 0xDE, 0xFC, 0xDE, 0xFC, 0xDE, 0xFC, 0xDE, 0xFC, 0xDE, 0xFC, 0xDE, 0xFC, 0xDE, 0xDC, 0xDE,
    0xFC, 0xDE, 0xFC, 0xDE, 0xFC, 0xDE, 0xFC, 0xDE, 0xFC, 0xDE, 0xFC, 0xDE, 0xFC, 0xDE, 0xDC, 0xDE,
    0xFC, 0xDE, 0xDC, 0xDE, 0xDC, 0xDE, 0xDC, 0xDE, 0xDC, 0xDE, 0xDC, 0xDE, 0xDC, 0xDE, 0xDC, 0xDE,
    0xFC, 0xDE, 0xFC, 0xDE, 0xFC, 0xDE, 0xFC, 0xDE, 0xFC, 0xDE, 0xFC, 0xDE, 0xFC, 0xDE, 0xFC, 0xDE,
    0xFC, 0xDE, 0xFC, 0xDE, 0xFC, 0xDE, 0xFC, 0xDE, 0xFC, 0xDE, 0xDC, 0xDE, 0xFC, 0xDE, 0xDC, 0xDE,
    0xDC, 0xDE, 0xDC, 0xDE, 0xDC, 0xDE, 0xDC, 0xDE, 0xDC, 0xDE, 0xFC, 0xDE, 0xDC, 0xDE, 0xDC, 0xDE,
    0xFC, 0xDE, 0xFC, 0xDE, 0xFC, 0xDE, 0xFC, 0xDE, 0xFC, 0xDE, 0xFC, 0xDE, 0xFC, 0xDE, 0xFC, 0xDE,
    0xFC, 0xDE, 0xFC, 0xDE, 0xFC, 0xDE, 0xFC, 0xDE, 0xFC, 0xDE, 0xFC, 0xDE, 0xFC, 0xDE, 0xFC, 0xDE,
    0xFC, 0xDE, 0xDC, 0xDE, 0xDC, 0xDE, 0xFC, 0xDE, 0xFC, 0xDE, 0xFC, 0xDE, 0xFC, 0xDE, 0xFC, 0xDE,
    0xFC, 0xDE, 0xFC, 0xDE, 0xFC, 0xDE, 0xDC, 0xDE, 0xDC, 0xDE, 0xFC, 0xDE, 0x9E, 0xF7, 0x9D, 0xF7,
    0xBE, 0xF7, 0x39, 0xCE, 0x73, 0x8C, 0x93, 0x8C, 0x73, 0x8C, 0x56, 0xAD, 0x7A, 0xCE, 0x7A, 0xCE,
    0x5A, 0xCE, 0xDC, 0xDE, 0x3D, 0xE7, 0x3C, 0xE7, 0x9E, 0xF7, 0xAE, 0x73, 0x04, 0x21, 0x66, 0x29,
    0x65, 0x29, 0x6D, 0x21, 0x71, 0x21, 0x71, 0x21, 0x71, 0x21, 0x71, 0x21, 0x6D, 0x21, 0x66, 0x29,
    0x66, 0x29, 0x45, 0x29, 0x49, 0x4A, 0xDB, 0xDE, 0x3D, 0xE7, 0x1C, 0xE7, 0xFC, 0xDE, 0x7A, 0xCE,
    0x7A, 0xCE, 0x9B, 0xD6, 0xB7, 0xB5, 0x73, 0x8C, 0x94, 0x94, 0x73, 0x8C, 0x7A, 0xCE, 0xBE, 0xF7,
    0x9D, 0xF7, 0x9E, 0xF7, 0x3C, 0xE7, 0xDB, 0xDE, 0xDC, 0xDE, 0xDC, 0xDE, 0xDC, 0xDE, 0xDC, 0xDE,
    0xFC, 0xDE, 0xFC, 0xDE, 0xFC, 0xDE, 0xFC, 0xDE, 0xDC, 0xDE, 0xDC, 0xDE, 0xDC, 0xDE, 0xDC, 0xDE,
    0xDC, 0xDE, 0xDC, 0xDE, 0xDC, 0xDE, 0xFC, 0xDE, 0xFC, 0xDE, 0xFC, 0xDE, 0xFC, 0xDE, 0xFC, 0xDE,
    0xFC, 0xDE, 0xFC, 0xDE, 0xDC, 0xDE, 0xDC, 0xDE, 0xFC, 0xDE, 0xFC, 0xDE, 0xFC, 0xDE, 0xFC, 0xDE,
    0xDC, 0xDE, 0xFC, 0xDE, 0xFC, 0xDE, 0xFC, 0xDE, 0xFC, 0xDE, 0xFC, 0xDE, 0xFC, 0xDE, 0xFC, 0xDE,
    0xFC, 0xDE, 0xFC, 0xDE, 0xFC, 0xDE, 0xFC, 0xDE, 0xFC, 0xDE, 0xFC, 0xDE, 0xFC, 0xDE, 0xFC, 0xDE,
    0xFC, 0xDE, 0xFC, 0xDE, 0xFC, 0xDE, 0xFC, 0xDE, 0xDC, 0xDE, 0xDC, 0xDE, 0xFC, 0xDE, 0xFC, 0xDE,
    0xDC, 0xDE, 0xDC, 0xDE, 0xDC, 0xDE, 0xDC, 0xDE, 0xDC, 0xDE, 0xDC, 0xDE, 0xDC, 0xDE, 0xFC, 0xDE,
    0xFC, 0xDE, 0xFC, 0xDE, 0xFC, 0xDE, 0xFC, 0xDE, 0xDC, 0xDE, 0xDC, 0xDE, 0xDC, 0xDE, 0xFC, 0xDE,
    0xDC, 0xDE, 0xDC, 0xDE, 0xDC, 0xDE, 0xDC, 0xDE, 0xFC, 0xDE, 0xFC, 0xDE, 0xFC, 0xDE, 0xFC, 0xDE,
    0xFC, 0xDE, 0xFC, 0xDE, 0xFC, 0xDE, 0xFC, 0xDE, 0xFC, 0xDE, 0xFC, 0xDE, 0xFC, 0xDE, 0xFC, 0xDE,
    0xFC, 0xDE, 0xFC, 0xDE, 0xDC, 0xDE, 0xDC, 0xDE, 0xFC, 0xDE, 0xFC, 0xDE, 0xFC, 0xDE, 0xFC, 0xDE,
    0xFC, 0xDE, 0xFC, 0xDE, 0xFC, 0xDE, 0xFC, 0xDE, 0xFC, 0xDE, 0xFC, 0xDE, 0xDC, 0xDE, 0xDC, 0xDE,
    0xFC, 0xDE, 0xFC, 0xDE, 0xFC, 0xDE, 0xDC, 0xDE, 0xDC, 0xDE, 0xFC, 0xDE, 0xFC, 0xDE, 0xFC, 0xDE,
    0xFC, 0xDE, 0xFC, 0xDE, 0xFC, 0xDE, 0xDC, 0xDE, 0xDC, 0xDE, 0xDC, 0xDE, 0xDC, 0xDE, 0xDC, 0xDE,
    0xDC, 0xDE, 0xDC, 0xDE, 0xDC, 0xDE, 0xDC, 0xDE, 0xFC, 0xDE, 0xFC, 0xDE, 0xFC, 0xDE, 0xFC, 0xDE,
    0xFC, 0xDE, 0xFC, 0xDE, 0xDC, 0xDE, 0xDC, 0xDE, 0xFC, 0xDE, 0xFC, 0xDE, 0xFC, 0xDE, 0xFC, 0xDE,
    0xFC, 0xDE, 0xDC, 0xDE, 0xDC, 0xDE, 0xDC, 0xDE, 0xDC, 0xDE, 0xDC, 0xDE, 0xFC, 0xDE, 0xDC, 0xDE,
    0xDC, 0xDE, 0xFC, 0xDE, 0xFC, 0xDE, 0xFC, 0xDE, 0xFC, 0xDE, 0xFC, 0xDE, 0xFC, 0xDE, 0xDC, 0xDE,
    0xFC, 0xDE, 0xFC, 0xDE, 0xFC, 0xDE, 0xFC, 0xDE, 0xFC, 0xDE, 0xFC, 0xDE, 0xFC, 0xDE, 0xFC, 0xDE,
    0xFC, 0xDE, 0xFC, 0xDE, 0xFC, 0xDE, 0xFC, 0xDE, 0xFC, 0xDE, 0xDC, 0xDE, 0xDC, 0xDE, 0xFC, 0xDE,
    0xDC, 0xDE, 0xDC, 0xDE, 0xDC, 0xDE, 0xDC, 0xDE, 0xDC, 0xDE, 0xDC, 0xDE, 0xDC, 0xDE, 0xDC, 0xDE,
    0xDB, 0xDE, 0xFC, 0xDE, 0x9E, 0xF7, 0x9D, 0xF7, 0xBE, 0xF7, 0x59, 0xCE, 0x73, 0x8C, 0x93, 0x8C,
    0x73, 0x8C, 0x56, 0xAD, 0x7A, 0xCE, 0x7A, 0xCE, 0x5A, 0xCE, 0xDC, 0xDE, 0x3D, 0xE7, 0x1C, 0xE7,
    0x9E, 0xF7, 0xAE, 0x73, 0x04, 0x21, 0x66, 0x29, 0x66, 0x29, 0x6D, 0x21, 0x71, 0x21, 0x71, 0x21,
    0x71, 0x21, 0x71, 0x21, 0x6D, 0x21, 0x66, 0x29, 0x66, 0x29, 0x45, 0x29, 0x49, 0x4A, 0xDB, 0xDE,
    0x3D, 0xE7, 0x1C, 0xE7, 0xFC, 0xDE, 0x7A, 0xCE, 0x7A, 0xCE, 0x7B, 0xCE, 0x97, 0xB5, 0x73, 0x8C,
    0x94, 0x8C, 0x73, 0x8C, 0x7A, 0xCE, 0xBE, 0xF7, 0x9D, 0xF7, 0x9E, 0xF7, 0x3C, 0xE7, 0xDB, 0xDE,
    0xDC, 0xDE, 0xDC, 0xDE, 0xDC, 0xDE, 0xDC, 0xDE, 0xFC, 0xDE, 0xFC, 0xDE, 0xFC, 0xDE, 0xFC, 0xDE,
    0xFC, 0xDE, 0xFC, 0xDE, 0xFC, 0xDE, 0xDC, 0xDE, 0xDC, 0xDE, 0xDC, 0xDE, 0xDC, 0xDE, 0xFC, 0xDE,
    0xFC, 0xDE, 0xFC, 0xDE, 0xFC, 0xDE, 0xFC, 0xDE, 0xFC, 0xDE, 0xFC, 0xDE, 0xFC, 0xDE, 0xDC, 0xDE,
    0xFC, 0xDE, 0xFC, 0xDE, 0xFC, 0xDE, 0xFC, 0xDE, 0xDC, 0xDE, 0xFC, 0xDE, 0xFC, 0xDE, 0xFC, 0xDE,
    0xFC, 0xDE, 0xFC, 0xDE, 0xFC, 0xDE, 0xFC, 0xDE, 0xFC, 0xDE, 0xFC, 0xDE, 0xFC, 0xDE, 0xFC, 0xDE,
    0xFC, 0xDE, 0xFC, 0xDE, 0xFC, 0xDE, 0xFC, 0xDE, 0xFC, 0xDE, 0xFC, 0xDE, 0xFC, 0xDE, 0xFC, 0xDE,
    0xDC, 0xDE, 0xDC, 0xDE, 0xFC, 0xDE, 0xFC, 0xDE, 0xDC, 0xDE, 0xDC, 0xDE, 0xDC, 0xDE, 0xDC, 0xDE,
    0xDC, 0xDE, 0xDC, 0xDE, 0xFC, 0xDE, 0xFC, 0xDE, 0xDC, 0xDE, 0xDC, 0xDE, 0xDC, 0xDE, 0xDC, 0xDE,
    0xDC, 0xDE, 0xDC, 0xDE, 0xDC, 0xDE, 0xFC, 0xDE, 0xFC, 0xDE, 0xFC, 0xDE, 0xFC, 0xDE, 0xDC, 0xDE,
    0xFC, 0xDE, 0xFC, 0xDE, 0xFC, 0xDE, 0xFC, 0xDE, 0xFC, 0xDE, 0xFC, 0xDE, 0xFC, 0xDE, 0xFC, 0xDE,
    0xFC, 0xDE, 0xFC, 0xDE, 0xFC, 0xDE, 0xFC, 0xDE, 0xFC, 0xDE, 0xFC, 0xDE, 0xDC, 0xDE, 0xDC, 0xDE,
    0xFC, 0xDE, 0xFC, 0xDE, 0xDC, 0xDE, 0xFC, 0xDE, 0xFC, 0xDE, 0xFC, 0xDE, 0xFC, 0xDE, 0xFC, 0xDE,
    0xFC, 0xDE, 0xFC, 0xDE, 0xDC, 0xDE, 0xDC, 0xDE, 0xFC, 0xDE, 0xFC, 0xDE, 0xFC, 0xDE, 0xDC, 0xDE,
    0xDC, 0xDE, 0xFC, 0xDE, 0xFC, 0xDE, 0xFC, 0xDE, 0xFC, 0xDE, 0xFC, 0xDE, 0xFC, 0xDE, 0xDC, 0xDE,
    0xFC, 0xDE, 0xFC, 0xDE, 0xFC, 0xDE, 0xFC, 0xDE, 0xFC, 0xDE, 0xFC, 0xDE, 0xFC, 0xDE, 0xFC, 0xDE,
    0xFC, 0xDE, 0xFC, 0xDE, 0xFC, 0xDE, 0xFC, 0xDE, 0xFC, 0xDE, 0xFC, 0xDE, 0xDC, 0xDE, 0xDC, 0xDE,
    0xFC, 0xDE, 0xDC, 0xDE, 0xFC, 0xDE, 0xFC, 0xDE, 0xFC, 0xDE, 0xDC, 0xDE, 0xFC, 0xDE, 0xFC, 0xDE,
    0xFC, 0xDE, 0xFC, 0xDE, 0xFC, 0xDE, 0xDC, 0xDE, 0xDC, 0xDE, 0xDC, 0xDE, 0xDC, 0xDE, 0xFC, 0xDE,
    0xFC, 0xDE, 0xFC, 0xDE, 0xFC, 0xDE, 0xFC, 0xDE, 0xFC, 0xDE, 0xFC, 0xDE, 0xFC, 0xDE, 0xFC, 0xDE,
    0xFC, 0xDE, 0xFC, 0xDE, 0xFC, 0xDE, 0xFC, 0xDE, 0xFC, 0xDE, 0xFC, 0xDE, 0xFC, 0xDE, 0xFC, 0xDE,
    0xFC, 0xDE, 0xDC, 0xDE, 0xDC, 0xDE, 0xDC, 0xDE, 0xDC, 0xDE, 0xDC, 0xDE, 0xDC, 0xDE, 0xDC, 0xDE,
    0xDC, 0xDE, 0xDC, 0xDE, 0xDC, 0xDE, 0xDC, 0xDE, 0xDB, 0xDE, 0xFC, 0xDE, 0x9E, 0xF7, 0x9D, 0xF7,
    0xBE, 0xF7, 0x59, 0xCE, 0x73, 0x8C, 0x93, 0x8C, 0x73, 0x8C, 0x56, 0xAD, 0x7A, 0xCE, 0x7A, 0xCE,
    0x5A, 0xCE, 0xDC, 0xDE, 0x3D, 0xE7, 0x1C, 0xE7, 0x9E, 0xF7, 0xAE, 0x73, 0x04, 0x21, 0x66, 0x29,
    0x66, 0x29, 0x6D, 0x21, 0x71, 0x21, 0x71, 0x21, 0x71, 0x21, 0x71, 0x21, 0x6D, 0x21, 0x66, 0x29,
    0x66, 0x29, 0x45, 0x29, 0x49, 0x4A, 0xDB, 0xDE, 0x3C, 0xE7, 0x1C, 0xE7, 0xFC, 0xDE, 0x7A, 0xCE,
    0x7A, 0xCE, 0x7B, 0xCE, 0x97, 0xB5, 0x73, 0x8C, 0x93, 0x8C, 0x73, 0x8C, 0x7A, 0xCE, 0xBE, 0xF7,
    0x9D, 0xF7, 0x9E, 0xF7, 0x3C, 0xE7, 0xDB, 0xDE, 0xDC, 0xDE, 0xDC, 0xDE, 0xDC, 0xDE, 0xDC, 0xDE,
    0xDC, 0xDE, 0xDC, 0xDE, 0xFC, 0xDE, 0xFC, 0xDE, 0xFC, 0xDE, 0xFC, 0xDE, 0xFC, 0xDE, 0xDC, 0xDE,
    0xDC, 0xDE, 0xDC, 0xDE, 0xDC, 0xDE, 0xFC, 0xDE, 0xFC, 0xDE, 0xFC, 0xDE, 0xFC, 0xDE, 0xFC, 0xDE,
    0xFC, 0xDE, 0xFC, 0xDE, 0xFC, 0xDE, 0xDC, 0xDE, 0xDC, 0xDE, 0xFC, 0xDE, 0xFC, 0xDE, 0xFC, 0xDE,
    0xDC, 0xDE, 0xDC, 0xDE, 0xDC, 0xDE, 0xDC, 0xDE, 0xDC, 0xDE, 0xDC, 0xDE, 0xDC, 0xDE, 0xDC, 0xDE,
    0xFC, 0xDE, 0xFC, 0xDE, 0xFC, 0xDE, 0xFC, 0xDE, 0xFC, 0xDE, 0xFC, 0xDE, 0xFC, 0xDE, 0xFC, 0xDE,
    0xFC, 0xDE, 0xFC, 0xDE, 0xFC, 0xDE, 0xFC, 0xDE, 0xDC, 0xDE, 0xDC, 0xDE, 0xFC, 0xDE, 0xFC, 0xDE,
    0xDC, 0xDE, 0xDC, 0xDE, 0xDC, 0xDE, 0xDC, 0xDE, 0xFC, 0xDE, 0xFC, 0xDE, 0xFC, 0xDE, 0xFC, 0xDE,
    0xFC, 0xDE, 0xFC, 0xDE, 0xFC, 0xDE, 0xFC, 0xDE, 0xFC, 0xDE, 0xDC, 0xDE, 0xDC, 0xDE, 0xDC, 0xDE,
    0xDC, 0xDE, 0xDC, 0xDE, 0xDC, 0xDE, 0xDC, 0xDE, 0xFC, 0xDE, 0xFC, 0xDE, 0xFC, 0xDE, 0xFC, 0xDE,
    0xFC, 0xDE, 0xFC, 0xDE, 0xFC, 0xDE, 0xFC, 0xDE, 0xFC, 0xDE, 0xFC, 0xDE, 0xFC, 0xDE, 0xFC, 0xDE,
    0xFC, 0xDE, 0xFC, 0xDE, 0xDC, 0xDE, 0xDC, 0xDE, 0xFC, 0xDE, 0xDC, 0xDE, 0xDC, 0xDE, 0xFC, 0xDE,
    0xFC, 0xDE, 0xFC, 0xDE, 0xFC, 0xDE, 0xFC, 0xDE, 0xFC, 0xDE, 0xFC, 0xDE, 0xDC, 0xDE, 0xDC, 0xDE,
    0xFC, 0xDE, 0xFC, 0xDE, 0xFC, 0xDE, 0xDC, 0xDE, 0xDC, 0xDE, 0xFC, 0xDE, 0xFC, 0xDE, 0xFC, 0xDE,
    0xFC, 0xDE, 0xFC, 0xDE, 0xDC, 0xDE, 0xDC, 0xDE, 0xFC, 0xDE, 0xFC, 0xDE, 0xFC, 0xDE, 0xFC, 0xDE,
    0xFC, 0xDE, 0xFC, 0xDE, 0xFC, 0xDE, 0xFC, 0xDE, 0xFC, 0xDE, 0xFC, 0xDE, 0xFC, 0xDE, 0xFC, 0xDE,
    0xFC, 0xDE, 0xFC, 0xDE, 0xDC, 0xDE, 0xDC, 0xDE, 0xDC, 0xDE, 0xDC, 0xDE, 0xFC, 0xDE, 0xFC, 0xDE,
    0xFC, 0xDE, 0xFC, 0xDE, 0xFC, 0xDE, 0xFC, 0xDE, 0xFC, 0xDE, 0xFC, 0xDE, 0xFC, 0xDE, 0xDC, 0xDE,
    0xDC, 0xDE, 0xDC, 0xDE, 0xDC, 0xDE, 0xDC, 0xDE, 0xDC, 0xDE, 0xDC, 0xDE, 0xFC, 0xDE, 0xFC, 0xDE,
    0xFC, 0xDE, 0xFC, 0xDE, 0xFC, 0xDE, 0xFC, 0xDE, 0xFC, 0xDE, 0xFC, 0xDE, 0xFC, 0xDE, 0xFC, 0xDE,
    0xFC, 0xDE, 0xFC, 0xDE, 0xFC, 0xDE, 0xFC, 0xDE, 0xFC, 0xDE, 0xDC, 0xDE, 0xDC, 0xDE, 0xDC, 0xDE,
    0xDC, 0xDE, 0xDC, 0xDE, 0xDC, 0xDE, 0xDC, 0xDE, 0xDC, 0xDE, 0xDC, 0xDE, 0xDC, 0xDE, 0xDC, 0xDE,
    0xDC, 0xDE, 0xFC, 0xDE, 0x9E, 0xF7, 0x9D, 0xF7, 0xBE, 0xF7, 0x59, 0xCE, 0x73, 0x8C, 0x93, 0x8C,
    0x73, 0x8C, 0x56, 0xAD, 0x7A, 0xCE, 0x7A, 0xCE, 0x5A, 0xCE, 0xDC, 0xDE, 0x3D, 0xE7, 0x1C, 0xE7,
    0x9E, 0xF7, 0xAE, 0x73, 0x04, 0x21, 0x66, 0x29, 0x66, 0x29, 0x6D, 0x21, 0x71, 0x21, 0x71, 0x21,
    0x71, 0x21, 0x71, 0x21, 0x6D, 0x21, 0x66, 0x29, 0x66, 0x29, 0x45, 0x29, 0x49, 0x4A, 0xDB, 0xDE,
    0x3C, 0xE7, 0x1C, 0xE7, 0xFC, 0xDE, 0x7A, 0xCE, 0x7A, 0xCE, 0x9B, 0xD6, 0x97, 0xB5, 0x73, 0x8C,
    0x94, 0x94, 0x73, 0x8C, 0x7A, 0xCE, 0xBE, 0xF7, 0x9D, 0xF7, 0x9E, 0xF7, 0x3C, 0xE7, 0xDB, 0xDE,
    0xDC, 0xDE, 0xDC, 0xDE, 0xDC, 0xDE, 0xDC, 0xDE, 0xDC, 0xDE, 0xDC, 0xDE, 0xDC, 0xDE, 0xFC, 0xDE,
    0xFC, 0xDE, 0xFC, 0xDE, 0xFC, 0xDE, 0xDC, 0xDE, 0xDC, 0xDE, 0xDC, 0xDE, 0xDC, 0xDE, 0xDC, 0xDE,
    0xFC, 0xDE, 0xFC, 0xDE, 0xFC, 0xDE, 0xFC, 0xDE, 0xFC, 0xDE, 0xFC, 0xDE, 0xFC, 0xDE, 0xDC, 0xDE,
    0xDC, 0xDE, 0xFC, 0xDE, 0xFC, 0xDE, 0xDC, 0xDE, 0xDC, 0xDE, 0xDC, 0xDE, 0xDC, 0xDE, 0xDC, 0xDE,
    0xDC, 0xDE, 0xDC, 0xDE, 0xDC, 0xDE, 0xDC, 0xDE, 0xDC, 0xDE, 0xFC, 0xDE, 0xFC, 0xDE, 0xFC, 0xDE,
    0xFC, 0xDE, 0xFC, 0xDE, 0xFC, 0xDE, 0xFC, 0xDE, 0xFC, 0xDE, 0xFC, 0xDE, 0xFC, 0xDE, 0xFC, 0xDE,
    0xFC, 0xDE, 0xFC, 0xDE, 0xDC, 0xDE, 0xDC, 0xDE, 0xDC, 0xDE, 0xDC, 0xDE, 0xFC, 0xDE, 0xFC, 0xDE,
    0xDC, 0xDE, 0xFC, 0xDE, 0xFC, 0xDE, 0xFC, 0xDE, 0xFC, 0xDE, 0xDC, 0xDE, 0xDC, 0xDE, 0xFC, 0xDE,
    0xDC, 0xDE, 0xDC, 0xDE, 0xDC, 0xDE, 0xDC, 0xDE, 0xDC, 0xDE, 0xDC, 0xDE, 0xDC, 0xDE, 0xFC, 0xDE,
    0xFC, 0xDE, 0xDC, 0xDE, 0xDC, 0xDE, 0xDC, 0xDE, 0xFC, 0xDE, 0xFC, 0xDE, 0xFC, 0xDE, 0xFC, 0xDE,
    0xFC, 0xDE, 0xFC, 0xDE, 0xFC, 0xDE, 0xFC, 0xDE, 0xFC, 0xDE, 0xFC, 0xDE, 0xFC, 0xDE, 0xFC, 0xDE,
    0xDC, 0xDE, 0xDC, 0xDE, 0xDC, 0xDE, 0xDC, 0xDE, 0xFC, 0xDE, 0xFC, 0xDE, 0xFC, 0xDE, 0xFC, 0xDE,
    0xFC, 0xDE, 0xDC, 0xDE, 0xDC, 0xDE, 0xDC, 0xDE, 0xDC, 0xDE, 0xDC, 0xDE, 0xDC, 0xDE, 0xDC, 0xDE,
    0xDC, 0xDE, 0xDC, 0xDE, 0xDC, 0xDE, 0xFC, 0xDE, 0xDC, 0xDE, 0xFC, 0xDE, 0xDC, 0xDE, 0xFC, 0xDE,
    0xFC, 0xDE, 0xFC, 0xDE, 0xFC, 0xDE, 0xDC, 0xDE, 0xDC, 0xDE, 0xDC, 0xDE, 0xFC, 0xDE, 0xFC, 0xDE,
    0xDC, 0xDE, 0xDC, 0xDE, 0xDC, 0xDE, 0xDC, 0xDE, 0xDC, 0xDE, 0xFC, 0xDE, 0xFC, 0xDE, 0xFC, 0xDE,
    0xDC, 0xDE, 0xDC, 0xDE, 0xFC, 0xDE, 0xFC, 0xDE, 0xFC, 0xDE, 0xFC, 0xDE, 0xFC, 0xDE, 0xFC, 0xDE,
    0xFC, 0xDE, 0xFC, 0xDE, 0xDC, 0xDE, 0xDC, 0xDE, 0xFC, 0xDE, 0xFC, 0xDE, 0xFC, 0xDE, 0xFC, 0xDE,
    0xDC, 0xDE, 0xFC, 0xDE, 0xFC, 0xDE, 0xFC, 0xDE, 0xFC, 0xDE, 0xFC, 0xDE, 0xFC, 0xDE, 0xFC, 0xDE,
    0xFC, 0xDE, 0xFC, 0xDE, 0xFC, 0xDE, 0xFC, 0xDE, 0xFC, 0xDE, 0xFC, 0xDE, 0xFC, 0xDE, 0xFC, 0xDE,
    0xFC, 0xDE, 0xFC, 0xDE, 0xFC, 0xDE, 0xFC, 0xDE, 0xFC, 0xDE, 0xFC, 0xDE, 0xDC, 0xDE, 0xFC, 0xDE,
    0xDC, 0xDE, 0xDC, 0xDE, 0xDC, 0xDE, 0xDC, 0xDE, 0xDC, 0xDE, 0xFC, 0xDE, 0x9E, 0xF7, 0x9D, 0xF7,
    0xBE, 0xF7, 0x59, 0xCE, 0x73, 0x8C, 0x93, 0x8C, 0x73, 0x8C, 0x56, 0xAD, 0x7A, 0xCE, 0x7A, 0xCE,
    0x5A, 0xCE, 0xFC, 0xDE, 0x3D, 0xE7, 0x3C, 0xE7, 0x9E, 0xF7, 0xAE, 0x73, 0x04, 0x21, 0x66, 0x29,
    0x66, 0x29, 0x6D, 0x21, 0x71, 0x21, 0x71, 0x21, 0x71, 0x21, 0x71, 0x21, 0x6D, 0x21, 0x66, 0x29,
    0x66, 0x29, 0x45, 0x29, 0x49, 0x4A, 0xDB, 0xDE, 0x3C, 0xE7, 0x1C, 0xE7, 0xFC, 0xDE, 0x7A, 0xCE,
    0x7A, 0xCE, 0x9B, 0xD6, 0x97, 0xB5, 0x73, 0x8C, 0x94, 0x8C, 0x73, 0x8C, 0x7A, 0xCE, 0xBE, 0xF7,
    0x9D, 0xF7, 0x9E, 0xF7, 0x3C, 0xE7, 0xDB, 0xDE, 0xDC, 0xDE, 0xDC, 0xDE, 0xDC, 0xDE, 0xDC, 0xDE,
    0xFC, 0xDE, 0xDC, 0xDE, 0xFC, 0xDE, 0xFC, 0xDE, 0xFC, 0xDE, 0xFC, 0xDE, 0xFC, 0xDE, 0xDC, 0xDE,
    0xDC, 0xDE, 0xDC, 0xDE, 0xDC, 0xDE, 0xDC, 0xDE, 0xFC, 0xDE, 0xFC, 0xDE, 0xFC, 0xDE, 0xFC, 0xDE,
    0xFC, 0xDE, 0xFC, 0xDE, 0xFC, 0xDE, 0xDC, 0xDE, 0xFC, 0xDE, 0xFC, 0xDE, 0xFC, 0xDE, 0xDC, 0xDE,
    0xDC, 0xDE, 0xDC, 0xDE, 0xDC, 0xDE, 0xDC, 0xDE, 0xDC, 0xDE, 0xDC, 0xDE, 0xDC, 0xDE, 0xDC, 0xDE,
    0xDC, 0xDE, 0xFC, 0xDE, 0xFC, 0xDE, 0xFC, 0xDE, 0xFC, 0xDE, 0xFC, 0xDE, 0xFC, 0xDE, 0xFC, 0xDE,
    0xFC, 0xDE, 0xFC, 0xDE, 0xFC, 0xDE, 0xFC, 0xDE, 0xFC, 0xDE, 0xFC, 0xDE, 0xFC, 0xDE, 0xDC, 0xDE,
    0xDC, 0xDE, 0xDC, 0xDE, 0xFC, 0xDE, 0xFC, 0xDE, 0xDC, 0xDE, 0xDC, 0xDE, 0xDC, 0xDE, 0xDC, 0xDE,
    0xFC, 0xDE, 0xDC, 0xDE, 0xDC, 0xDE, 0xFC, 0xDE, 0xDC, 0xDE, 0xDC, 0xDE, 0xDC, 0xDE, 0xDC, 0xDE,
    0xDC, 0xDE, 0xDC, 0xDE, 0xDC, 0xDE, 0xFC, 0xDE, 0xFC, 0xDE, 0xDC, 0xDE, 0xDC, 0xDE, 0xFC, 0xDE,
    0xFC, 0xDE, 0xDC, 0xDE, 0xFC, 0xDE, 0xFC, 0xDE, 0xFC, 0xDE, 0xFC, 0xDE, 0xFC, 0xDE, 0xFC, 0xDE,
    0xFC, 0xDE, 0xFC, 0xDE, 0xFC, 0xDE, 0xFC, 0xDE, 0xDC, 0xDE, 0xDC, 0xDE, 0xDC, 0xDE, 0xDC, 0xDE,
    0xFC, 0xDE, 0xFC, 0xDE, 0xFC, 0xDE, 0xFC, 0xDE, 0xDC, 0xDE, 0xFC, 0xDE, 0xFC, 0xDE, 0xDC, 0xDE,
    0xDC, 0xDE, 0xDC, 0xDE, 0xDC, 0xDE, 0xDC, 0xDE, 0xDC, 0xDE, 0xDC, 0xDE, 0xDC, 0xDE, 0xFC, 0xDE,
    0xDC, 0xDE, 0xFC, 0xDE, 0xFC, 0xDE, 0xFC, 0xDE, 0xFC, 0xDE, 0xFC, 0xDE, 0xFC, 0xDE, 0xDC, 0xDE,
    0xDC, 0xDE, 0xDC, 0xDE, 0xFC, 0xDE, 0xFC, 0xDE, 0xDC, 0xDE, 0xDC, 0xDE, 0xDC, 0xDE, 0xDC, 0xDE,
    0xDC, 0xDE, 0xFC, 0xDE, 0xFC, 0xDE, 0xFC, 0xDE, 0xDC, 0xDE, 0xDC, 0xDE, 0xFC, 0xDE, 0xFC, 0xDE,
    0xFC, 0xDE, 0xFC, 0xDE, 0xFC, 0xDE, 0xFC, 0xDE, 0xFC, 0xDE, 0xFC, 0xDE, 0xDC, 0xDE, 0xDC, 0xDE,
    0xFC, 0xDE, 0xFC, 0xDE, 0xFC, 0xDE, 0xFC, 0xDE, 0xFC, 0xDE, 0xFC, 0xDE, 0xFC, 0xDE, 0xFC, 0xDE,
    0xFC, 0xDE, 0xFC, 0xDE, 0xFC, 0xDE, 0xFC, 0xDE, 0xFC, 0xDE, 0xFC, 0xDE, 0xFC, 0xDE, 0xFC, 0xDE,
    0xFC, 0xDE, 0xFC, 0xDE, 0xFC, 0xDE, 0xFC, 0xDE, 0xFC, 0xDE, 0xFC, 0xDE, 0xFC, 0xDE, 0xFC, 0xDE,
    0xFC, 0xDE, 0xFC, 0xDE, 0xFC, 0xDE, 0xFC, 0xDE, 0xDC, 0xDE, 0xDC, 0xDE, 0xDC, 0xDE, 0xDC, 0xDE,
    0xDB, 0xDE, 0xFC, 0xDE, 0x9E, 0xF7, 0x9D, 0xF7, 0xBE, 0xF7, 0x59, 0xCE, 0x73, 0x8C, 0x93, 0x8C,
    0x73, 0x8C, 0x56, 0xAD, 0x7A, 0xCE, 0x7A, 0xCE, 0x5A, 0xCE, 0xFC, 0xDE, 0x3D, 0xE7, 0x3C, 0xE7,
    0x9E, 0xF7, 0xAE, 0x73, 0x04, 0x21, 0x66, 0x29, 0x66, 0x29, 0x6D, 0x21, 0x71, 0x21, 0x71, 0x21,
    0x71, 0x21, 0x71, 0x21, 0x6D, 0x21, 0x66, 0x29, 0x66, 0x29, 0x45, 0x29, 0x49, 0x4A, 0xDB, 0xDE,
    0x3C, 0xE7, 0x1C, 0xE7, 0xFC, 0xDE, 0x7A, 0xCE, 0x7A, 0xCE, 0x9B, 0xD6, 0x97, 0xB5, 0x73, 0x8C,
    0x94, 0x8C, 0x73, 0x8C, 0x7A, 0xCE, 0xBE, 0xF7, 0x9D, 0xF7, 0x9E, 0xF7, 0x3C, 0xE7, 0xDB, 0xDE,
    0xDC, 0xDE, 0xDC, 0xDE, 0xDC, 0xDE, 0xDC, 0xDE, 0xFC, 0xDE, 0xFC, 0xDE, 0xFC, 0xDE, 0xFC, 0xDE,
    0xFC, 0xDE, 0xFC, 0xDE, 0xFC, 0xDE, 0xFC, 0xDE, 0xDC, 0xDE, 0xDC, 0xDE, 0xDC, 0xDE, 0xDC, 0xDE,
    0xFC, 0xDE, 0xFC, 0xDE, 0xFC, 0xDE, 0xFC, 0xDE, 0xFC, 0xDE, 0xFC, 0xDE, 0xFC, 0xDE, 0xDC, 0xDE,
    0xFC, 0xDE, 0xFC, 0xDE, 0xFC, 0xDE, 0xFC, 0xDE, 0xDC, 0xDE, 0xDC, 0xDE, 0xFC, 0xDE, 0xFC, 0xDE,
    0xDC, 0xDE, 0xDC, 0xDE, 0xDC, 0xDE, 0xDC, 0xDE, 0xDC, 0xDE, 0xFC, 0xDE, 0xFC, 0xDE, 0xFC, 0xDE,
    0xFC, 0xDE, 0xFC, 0xDE, 0xFC, 0xDE, 0xFC, 0xDE, 0xFC, 0xDE, 0xFC, 0xDE, 0xFC, 0xDE, 0xFC, 0xDE,
    0xFC, 0xDE, 0xFC, 0xDE, 0xFC, 0xDE, 0xFC, 0xDE, 0xDB, 0xDE, 0xDC, 0xDE, 0xFC, 0xDE, 0xFC, 0xDE,
    0xDC, 0xDE, 0xDC, 0xDE, 0xDC, 0xDE, 0xDC, 0xDE, 0xFC, 0xDE, 0xDC, 0xDE, 0xDC, 0xDE, 0xFC, 0xDE,
    0xDC, 0xDE, 0xDC, 0xDE, 0xDC, 0xDE, 0xDC, 0xDE, 0xDC, 0xDE, 0xDC, 0xDE, 0xFC, 0xDE, 0xFC, 0xDE,
    0xFC, 0xDE, 0xDC, 0xDE, 0xDC, 0xDE, 0xFC, 0xDE, 0xDC, 0xDE, 0xDC, 0xDE, 0xFC, 0xDE, 0xFC, 0xDE,
    0xFC, 0xDE, 0xFC, 0xDE, 0xFC, 0xDE, 0xFC, 0xDE, 0xFC, 0xDE, 0xFC, 0xDE, 0xFC, 0xDE, 0xFC, 0xDE,
    0xFC, 0xDE, 0xFC, 0xDE, 0xFC, 0xDE, 0xFC, 0xDE, 0xFC, 0xDE, 0xFC, 0xDE, 0xFC, 0xDE, 0xFC, 0xDE,
    0xFC, 0xDE, 0xFC, 0xDE, 0xDC, 0xDE, 0xDC, 0xDE, 0xDC, 0xDE, 0xDC, 0xDE, 0xDC, 0xDE, 0xDC, 0xDE,
    0xDC, 0xDE, 0xDC, 0xDE, 0xDC, 0xDE, 0xFC, 0xDE, 0xDC, 0xDE, 0xFC, 0xDE, 0xFC, 0xDE, 0xFC, 0xDE,
    0xFC, 0xDE, 0xFC, 0xDE, 0xFC, 0xDE, 0xFC, 0xDE, 0xFC, 0xDE, 0xFC, 0xDE, 0xFC, 0xDE, 0xFC, 0xDE,
    0xFC, 0xDE, 0xFC, 0xDE, 0xFC, 0xDE, 0xFC, 0xDE, 0xFC, 0xDE, 0xFC, 0xDE, 0xFC, 0xDE, 0xFC, 0xDE,
    0xDC, 0xDE, 0xDC, 0xDE, 0xDC, 0xDE, 0xDC, 0xDE, 0xFC, 0xDE, 0xDC, 0xDE, 0xFC, 0xDE, 0xDC, 0xDE,
    0xDC, 0xDE, 0xFC, 0xDE, 0xDC, 0xDE, 0xFC, 0xDE, 0xFC, 0xDE, 0xFC, 0xDE, 0xFC, 0xDE, 0xFC, 0xDE,
    0xFC, 0xDE, 0xFC, 0xDE, 0xFC, 0xDE, 0xFC, 0xDE, 0xFC, 0xDE, 0xFC, 0xDE, 0xFC, 0xDE, 0xFC, 0xDE,
    0xFC, 0xDE, 0xFC, 0xDE, 0xFC, 0xDE, 0xFC, 0xDE, 0xFC, 0xDE, 0xFC, 0xDE, 0xFC, 0xDE, 0xFC, 0xDE,
    0xFC, 0xDE, 0xFC, 0xDE, 0xFC, 0xDE, 0xFC, 0xDE, 0xFC, 0xDE, 0xFC, 0xDE, 0xFC, 0xDE, 0xFC, 0xDE,
    0xFC, 0xDE, 0xDC, 0xDE, 0xDC, 0xDE, 0xDC, 0xDE, 0xDB, 0xDE, 0xFC, 0xDE, 0x9E, 0xF7, 0x9D, 0xF7,
    0xBE, 0xF7, 0x59, 0xCE, 0x73, 0x8C, 0x94, 0x94, 0x73, 0x8C, 0x76, 0xAD, 0x7A, 0xCE, 0x7A, 0xCE,
    0x5A, 0xCE, 0xDC, 0xDE, 0x3D, 0xE7, 0x1C, 0xE7, 0x9E, 0xF7, 0xAE, 0x73, 0x04, 0x21, 0x66, 0x29,
    0x66, 0x29, 0x6D, 0x21, 0x71, 0x21, 0x71, 0x21, 0x71, 0x21, 0x71, 0x21, 0x6D, 0x21, 0x66, 0x29,
    0x66, 0x29, 0x45, 0x29, 0x49, 0x4A, 0xDB, 0xDE, 0x3C, 0xE7, 0x1C, 0xE7, 0xFC, 0xDE, 0x7A, 0xCE,
    0x7A, 0xCE, 0x9B, 0xD6, 0x97, 0xB5, 0x73, 0x8C, 0x94, 0x94, 0x73, 0x8C, 0x7A, 0xCE, 0xBE, 0xF7,
    0x9D, 0xF7, 0x9E, 0xF7, 0x3C, 0xE7, 0xDB, 0xDE, 0xDC, 0xDE, 0xDC, 0xDE, 0xDC, 0xDE, 0xDC, 0xDE,
    0xDC, 0xDE, 0xDC, 0xDE, 0xDC, 0xDE, 0xFC, 0xDE, 0xDC, 0xDE, 0xDC, 0xDE, 0xDC, 0xDE, 0xFC, 0xDE,
    0xDC, 0xDE, 0xDC, 0xDE, 0xFC, 0xDE, 0xDC, 0xDE, 0xFC, 0xDE, 0xFC, 0xDE, 0xFC, 0xDE, 0xFC, 0xDE,
    0xFC, 0xDE, 0xFC, 0xDE, 0xFC, 0xDE, 0xDC, 0xDE, 0xFC, 0xDE, 0xFC, 0xDE, 0xFC, 0xDE, 0xFC, 0xDE,
    0xFC, 0xDE, 0xDC, 0xDE, 0xFC, 0xDE, 0xFC, 0xDE, 0xFC, 0xDE, 0xFC, 0xDE, 0xFC, 0xDE, 0xFC, 0xDE,
    0xDC, 0xDE, 0xFC, 0xDE, 0xFC, 0xDE, 0xFC, 0xDE, 0xFC, 0xDE, 0xFC, 0xDE, 0xFC, 0xDE, 0xFC, 0xDE,
    0xFC, 0xDE, 0xFC, 0xDE, 0xFC, 0xDE, 0xFC, 0xDE, 0xFC, 0xDE, 0xFC, 0xDE, 0xFC, 0xDE, 0xFC, 0xDE,
    0xDC, 0xDE, 0xDC, 0xDE, 0xFC, 0xDE, 0xFC, 0xDE, 0xDC, 0xDE, 0xDC, 0xDE, 0xDC, 0xDE, 0xDC, 0xDE,
    0xFC, 0xDE, 0xDC, 0xDE, 0xDC, 0xDE, 0xFC, 0xDE, 0xDC, 0xDE, 0xDC, 0xDE, 0xDC, 0xDE, 0xDC, 0xDE,
    0xDC, 0xDE, 0xDC, 0xDE, 0xDC, 0xDE, 0xFC, 0xDE, 0xFC, 0xDE, 0xFC, 0xDE, 0xFC, 0xDE, 0xDC, 0xDE,
    0xFC, 0xDE, 0xFC, 0xDE, 0xFC, 0xDE, 0xFC, 0xDE, 0xFC, 0xDE, 0xFC, 0xDE, 0xFC, 0xDE, 0xFC, 0xDE,
    0xFC, 0xDE, 0xFC, 0xDE, 0xFC, 0xDE, 0xFC, 0xDE, 0xFC, 0xDE, 0xFC, 0xDE, 0xFC, 0xDE, 0xFC, 0xDE,
    0xDC, 0xDE, 0xDC, 0xDE, 0xDC, 0xDE, 0xDC, 0xDE, 0xFC, 0xDE, 0xFC, 0xDE, 0xFC, 0xDE, 0xDC, 0xDE,
    0xDC, 0xDE, 0xDC, 0xDE, 0xDC, 0xDE, 0xDC, 0xDE, 0xDC, 0xDE, 0xDC, 0xDE, 0xDC, 0xDE, 0xFC, 0xDE,
    0xDC, 0xDE, 0xFC, 0xDE, 0xFC, 0xDE, 0xFC, 0xDE, 0xFC, 0xDE, 0xFC, 0xDE, 0xFC, 0xDE, 0xFC, 0xDE,
    0xFC, 0xDE, 0xFC, 0xDE, 0xFC, 0xDE, 0xDC, 0xDE, 0xFC, 0xDE, 0xFC, 0xDE, 0xFC, 0xDE, 0xFC, 0xDE,
    0xFC, 0xDE, 0xFC, 0xDE, 0xDC, 0xDE, 0xDC, 0xDE, 0xDC, 0xDE, 0xDC, 0xDE, 0xDC, 0xDE, 0xDC, 0xDE,
    0xFC, 0xDE, 0xDC, 0xDE, 0xDC, 0xDE, 0xDC, 0xDE, 0xDC, 0xDE, 0xFC, 0xDE, 0xFC, 0xDE, 0xFC, 0xDE,
    0xFC, 0xDE, 0xFC, 0xDE, 0xFC, 0xDE, 0xFC, 0xDE, 0xFC, 0xDE, 0xDC, 0xDE, 0xDC, 0xDE, 0xDC, 0xDE,
    0xFC, 0xDE, 0xFC, 0xDE, 0xFC, 0xDE, 0xFC, 0xDE, 0xFC, 0xDE, 0xFC, 0xDE, 0xFC, 0xDE, 0xFC, 0xDE,
    0xFC, 0xDE, 0xFC, 0xDE, 0xFC, 0xDE, 0xFC, 0xDE, 0xFC, 0xDE, 0xFC, 0xDE, 0xFC, 0xDE, 0xFC, 0xDE,
    0xFC, 0xDE, 0xFC, 0xDE, 0xFC, 0xDE, 0xFC, 0xDE, 0xFC, 0xDE, 0xDC, 0xDE, 0xDC, 0xDE, 0xDC, 0xDE,
    0xDB, 0xDE, 0xFC, 0xDE, 0x9E, 0xF7, 0x9D, 0xF7, 0xBE, 0xF7, 0x59, 0xCE, 0x73, 0x8C, 0x94, 0x94,
    0x93, 0x8C, 0x76, 0xAD, 0x7A, 0xCE, 0x7A, 0xCE, 0x5A, 0xCE, 0xDC, 0xDE, 0x3D, 0xE7, 0x1C, 0xE7,
    0x9E, 0xF7, 0x8E, 0x73, 0x04, 0x21, 0x66, 0x29, 0x66, 0x29, 0x6D, 0x21, 0x71, 0x21, 0x71, 0x21,
    0x71, 0x21, 0x71, 0x21, 0x6D, 0x21, 0x66, 0x29, 0x66, 0x29, 0x45, 0x29, 0x49, 0x4A, 0xBB, 0xD6,
    0x3C, 0xE7, 0x1C, 0xE7, 0xFC, 0xDE, 0x7A, 0xCE, 0x7A, 0xCE, 0x9B, 0xD6, 0x97, 0xB5, 0x73, 0x8C,
    0x94, 0x94, 0x93, 0x8C, 0x7A, 0xCE, 0xBE, 0xF7, 0x7D, 0xF7, 0x9E, 0xF7, 0x3C, 0xE7, 0xDB, 0xDE,
    0xDB, 0xDE, 0xDC, 0xDE, 0xDC, 0xDE, 0xFB, 0xDE, 0xDB, 0xDE, 0xDC, 0xDE, 0xDC, 0xDE, 0xDC, 0xDE,
    0xDC, 0xDE, 0xDC, 0xDE, 0xFC, 0xDE, 0xFC, 0xDE, 0xFC, 0xDE, 0xDC, 0xDE, 0xDC, 0xDE, 0xDC, 0xDE,
    0xFC, 0xDE, 0xFC, 0xDE, 0xFC, 0xDE, 0xFC, 0xDE, 0xDC, 0xDE, 0xDC, 0xDE, 0xDC, 0xDE, 0xFC, 0xDE,
    0xFC, 0xDE, 0xFC, 0xDE, 0xFC, 0xDE, 0xFC, 0xDE, 0xFC, 0xDE, 0xFC, 0xDE, 0xFC, 0xDE, 0xFC, 0xDE,
    0xDC, 0xDE, 0xDC, 0xDE, 0xDC, 0xDE, 0xFC, 0xDE, 0xFC, 0xDE, 0xFC, 0xDE, 0xFC, 0xDE, 0xFC, 0xDE,
    0xFC, 0xDE, 0xFC, 0xDE, 0xFC, 0xDE, 0xFC, 0xDE, 0xFC, 0xDE, 0xFC, 0xDE, 0xFC, 0xDE, 0xFC, 0xDE,
    0xDC, 0xDE, 0xDC, 0xDE, 0xFC, 0xDE, 0xDC, 0xDE, 0xDC, 0xDE, 0xDC, 0xDE, 0xDC, 0xDE, 0xDC, 0xDE,
    0xDC, 0xDE, 0xDC, 0xDE, 0xDC, 0xDE, 0xDC, 0xDE, 0xDC, 0xDE, 0xDC, 0xDE, 0xDC, 0xDE, 0xDC, 0xDE,
    0xDC, 0xDE, 0xDC, 0xDE, 0xDC, 0xDE, 0xDC, 0xDE, 0xFC, 0xDE, 0xFC, 0xDE, 0xFC, 0xDE, 0xDC, 0xDE,
    0xFC, 0xDE, 0xFC, 0xDE, 0xFC, 0xDE, 0xDC, 0xDE, 0xDC, 0xDE, 0xDC, 0xDE, 0xDC, 0xDE, 0xDC, 0xDE,
    0xDC, 0xDE, 0xFC, 0xDE, 0xDC, 0xDE, 0xDC, 0xDE, 0xDC, 0xDE, 0xFC, 0xDE, 0xFC, 0xDE, 0xFC, 0xDE,
    0xFC, 0xDE, 0xFC, 0xDE, 0xFC, 0xDE, 0xFC, 0xDE, 0xDC, 0xDE, 0xDC, 0xDE, 0xDC, 0xDE, 0xDC, 0xDE,
    0xFC, 0xDE, 0xFC, 0xDE, 0xFC, 0xDE, 0xDC, 0xDE, 0xDC, 0xDE, 0xDC, 0xDE, 0xDC, 0xDE, 0xFC, 0xDE,
    0xDC, 0xDE, 0xDC, 0xDE, 0xFC, 0xDE, 0xFC, 0xDE, 0xFC, 0xDE, 0xFC, 0xDE, 0xFC, 0xDE, 0xFC, 0xDE,
    0xFC, 0xDE, 0xFC, 0xDE, 0xFC, 0xDE, 0xFC, 0xDE, 0xFC, 0xDE, 0xFC, 0xDE, 0xFC, 0xDE, 0xFC, 0xDE,
    0xDC, 0xDE, 0xFC, 0xDE, 0xFC, 0xDE, 0xFC, 0xDE, 0xFC, 0xDE, 0xFC, 0xDE, 0xFC, 0xDE, 0xFC, 0xDE,
    0xDC, 0xDE, 0xDC, 0xDE, 0xDC, 0xDE, 0xDC, 0xDE, 0xDC, 0xDE, 0xDC, 0xDE, 0xDC, 0xDE, 0xDC, 0xDE,
    0xDC, 0xDE, 0xFC, 0xDE, 0xDC, 0xDE, 0xFC, 0xDE, 0xFC, 0xDE, 0xFC, 0xDE, 0xFC, 0xDE, 0xFC, 0xDE,
    0xFC, 0xDE, 0xFC, 0xDE, 0xFC, 0xDE, 0xFC, 0xDE, 0xFC, 0xDE, 0xFC, 0xDE, 0xFC, 0xDE, 0xFC, 0xDE,
    0xFC, 0xDE, 0xDC, 0xDE, 0xFC, 0xDE, 0xFC, 0xDE, 0xFC, 0xDE, 0xFC, 0xDE, 0xFC, 0xDE, 0xFC, 0xDE,
    0xFC, 0xDE, 0xFC, 0xDE, 0xFC, 0xDE, 0xFC, 0xDE, 0xFC, 0xDE, 0xFC, 0xDE, 0xFC, 0xDE, 0xFC, 0xDE,
    0xFC, 0xDE, 0xFC, 0xDE, 0xFC, 0xDE, 0xDC, 0xDE, 0xDB, 0xDE, 0xFC, 0xDE, 0x9E, 0xF7, 0x9D, 0xF7,
    0xBE, 0xF7, 0x5A, 0xCE, 0x73, 0x8C, 0x94, 0x94, 0x73, 0x94, 0x77, 0xAD, 0x7A, 0xCE, 0x7A, 0xCE,
    0x5A, 0xCE, 0xDC, 0xDE, 0x3D, 0xE7, 0x3C, 0xE7, 0x9E, 0xF7, 0x8E, 0x73, 0x04, 0x21, 0x66, 0x29,
    0x66, 0x29, 0x6D, 0x21, 0x71, 0x21, 0x71, 0x21, 0x71, 0x21, 0x71, 0x21, 0x6D, 0x21, 0x66, 0x29,
    0x66, 0x29, 0x45, 0x29, 0x49, 0x4A, 0xBB, 0xD6, 0x3C, 0xE7, 0x1C, 0xE7, 0xDC, 0xDE, 0x7A, 0xCE,
    0x7A, 0xCE, 0x9B, 0xD6, 0xB7, 0xB5, 0x73, 0x8C, 0x94, 0x94, 0x93, 0x8C, 0x7A, 0xCE, 0xBE, 0xF7,
    0x7D, 0xF7, 0x9E, 0xF7, 0x3C, 0xE7, 0xDB, 0xDE, 0xDB, 0xDE, 0xDC, 0xDE, 0xDC, 0xDE, 0xFB, 0xDE,
    0xDB, 0xDE, 0xDC, 0xDE, 0xDC, 0xDE, 0xDC, 0xDE, 0xDC, 0xDE, 0xFC, 0xDE, 0xFC, 0xDE, 0xFC, 0xDE,
    0xFC, 0xDE, 0xDC, 0xDE, 0xDC, 0xDE, 0xDC, 0xDE, 0xFC, 0xDE, 0xFC, 0xDE, 0xFC, 0xDE, 0xFC, 0xDE,
    0xFC, 0xDE, 0xDC, 0xDE, 0xDC, 0xDE, 0xFC, 0xDE, 0xFC, 0xDE, 0xFC, 0xDE, 0xFC, 0xDE, 0xFC, 0xDE,
    0xFC, 0xDE, 0xFC, 0xDE, 0xFC, 0xDE, 0xFC, 0xDE, 0xDC, 0xDE, 0xDC, 0xDE, 0xDC, 0xDE, 0xDC, 0xDE,
    0xFC, 0xDE, 0xFC, 0xDE, 0xFC, 0xDE, 0xFC, 0xDE, 0xFC, 0xDE, 0xFC, 0xDE, 0xFC, 0xDE, 0xFC, 0xDE,
    0xFC, 0xDE, 0xFC, 0xDE, 0xFC, 0xDE, 0xFC, 0xDE, 0xDC, 0xDE, 0xDC, 0xDE, 0xFC, 0xDE, 0xDC, 0xDE,
    0xDC, 0xDE, 0xDC, 0xDE, 0xDC, 0xDE, 0xDC, 0xDE, 0xDC, 0xDE, 0xDC, 0xDE, 0xDC, 0xDE, 0xDC, 0xDE,
    0xDC, 0xDE, 0xDC, 0xDE, 0xDC, 0xDE, 0xDC, 0xDE, 0xDC, 0xDE, 0xDC, 0xDE, 0xDC, 0xDE, 0xFC, 0xDE,
    0xFC, 0xDE, 0xFC, 0xDE, 0xFC, 0xDE, 0xFC, 0xDE, 0xFC, 0xDE, 0xFC, 0xDE, 0xFC, 0xDE, 0xDC, 0xDE,
    0xDC, 0xDE, 0xDC, 0xDE, 0xDC, 0xDE, 0xDC, 0xDE, 0xDC, 0xDE, 0xFC, 0xDE, 0xDC, 0xDE, 0xDC, 0xDE,
    0xDC, 0xDE, 0xFC, 0xDE, 0xFC, 0xDE, 0xDC, 0xDE, 0xDC, 0xDE, 0xDC, 0xDE, 0xDC, 0xDE, 0xDC, 0xDE,
    0xDC, 0xDE, 0xDC, 0xDE, 0xDC, 0xDE, 0xDC, 0xDE, 0xDC, 0xDE, 0xDC, 0xDE, 0xDC, 0xDE, 0xDC, 0xDE,
    0xDC, 0xDE, 0xDC, 0xDE, 0xFC, 0xDE, 0xFC, 0xDE, 0xFC, 0xDE, 0xDC, 0xDE, 0xFC, 0xDE, 0xFC, 0xDE,
    0xFC, 0xDE, 0xFC, 0xDE, 0xFC, 0xDE, 0xFC, 0xDE, 0xFC, 0xDE, 0xFC, 0xDE, 0xFC, 0xDE, 0xFC, 0xDE,
    0xFC, 0xDE, 0xDC, 0xDE, 0xFC, 0xDE, 0xFC, 0xDE, 0xDC, 0xDE, 0xDC, 0xDE, 0xDC, 0xDE, 0xDC, 0xDE,
    0xDC, 0xDE, 0xDC, 0xDE, 0xDC, 0xDE, 0xDC, 0xDE, 0xDC, 0xDE, 0xDC, 0xDE, 0xDC, 0xDE, 0xDC, 0xDE,
    0xDC, 0xDE, 0xDC, 0xDE, 0xDC, 0xDE, 0xDC, 0xDE, 0xDC, 0xDE, 0xFC, 0xDE, 0xDC, 0xDE, 0xFC, 0xDE,
    0xFC, 0xDE, 0xFC, 0xDE, 0xFC, 0xDE, 0xFC, 0xDE, 0xFC, 0xDE, 0xFC, 0xDE, 0xFC, 0xDE, 0xFC, 0xDE,
    0xDC, 0xDE, 0xDC, 0xDE, 0xDC, 0xDE, 0xDC, 0xDE, 0xDC, 0xDE, 0xFC, 0xDE, 0xFC, 0xDE, 0xDC, 0xDE,
    0xDC, 0xDE, 0xDC, 0xDE, 0xDC, 0xDE, 0xFC, 0xDE, 0xFC, 0xDE, 0xFC, 0xDE, 0xFC, 0xDE, 0xFC, 0xDE,
    0xFC, 0xDE, 0xFC, 0xDE, 0xFC, 0xDE, 0xFC, 0xDE, 0xFC, 0xDE, 0xFC, 0xDE, 0xFC, 0xDE, 0xDC, 0xDE,
    0xDB, 0xDE, 0xFC, 0xDE, 0x9E, 0xF7, 0x9D, 0xF7, 0xBE, 0xF7, 0x5A, 0xCE, 0x73, 0x8C, 0x94, 0x94,
    0x73, 0x8C, 0x77, 0xAD, 0x7A, 0xCE, 0x7A, 0xCE, 0x5A, 0xCE, 0xFC, 0xDE, 0x3D, 0xE7, 0x3C, 0xE7,
    0x9E, 0xF7, 0x8E, 0x73, 0x04, 0x21, 0x66, 0x29, 0x66, 0x29, 0x6D, 0x21, 0x71, 0x21, 0x71, 0x21,
    0x71, 0x21, 0x71, 0x21, 0x6D, 0x21, 0x66, 0x29, 0x66, 0x29, 0x45, 0x29, 0x49, 0x4A, 0xBB, 0xD6,
    0x3C, 0xE7, 0x1C, 0xE7, 0xDC, 0xDE, 0x7A, 0xCE, 0x5A, 0xCE, 0x7B, 0xCE, 0xB7, 0xB5, 0x73, 0x8C,
    0x94, 0x94, 0x93, 0x8C, 0x7A, 0xCE, 0xBE, 0xF7, 0x7D, 0xF7, 0x9E, 0xF7, 0x3C, 0xE7, 0xDB, 0xDE,
    0xDB, 0xDE, 0xDC, 0xDE, 0xDC, 0xDE, 0xFB, 0xDE, 0xDB, 0xDE, 0xDC, 0xDE, 0xDC, 0xDE, 0xDC, 0xDE,
    0xFC, 0xDE, 0xFC, 0xDE, 0xFC, 0xDE, 0xFC, 0xDE, 0xFC, 0xDE, 0xDC, 0xDE, 0xDC, 0xDE, 0xDC, 0xDE,
    0xFC, 0xDE, 0xFC, 0xDE, 0xFC, 0xDE, 0xFC, 0xDE, 0xFC, 0xDE, 0xDC, 0xDE, 0xDC, 0xDE, 0xFC, 0xDE,
    0xFC, 0xDE, 0xFC, 0xDE, 0xFC, 0xDE, 0xFC, 0xDE, 0xFC, 0xDE, 0xFC, 0xDE, 0xFC, 0xDE, 0xFC, 0xDE,
    0xFC, 0xDE, 0xDC, 0xDE, 0xDC, 0xDE, 0xDC, 0xDE, 0xFC, 0xDE, 0xFC, 0xDE, 0xFC, 0xDE, 0xFC, 0xDE,
    0xFC, 0xDE, 0xFC, 0xDE, 0xFC, 0xDE, 0xFC, 0xDE, 0xFC, 0xDE, 0xFC, 0xDE, 0xFC, 0xDE, 0xFC, 0xDE,
    0xDC, 0xDE, 0xDC, 0xDE, 0xFC, 0xDE, 0xDC, 0xDE, 0xDC, 0xDE, 0xDC, 0xDE, 0xDC, 0xDE, 0xDC, 0xDE,
    0xDC, 0xDE, 0xDC, 0xDE, 0xDC, 0xDE, 0xDC, 0xDE, 0xDC, 0xDE, 0xDC, 0xDE, 0xDC, 0xDE, 0xDC, 0xDE,
    0xFC, 0xDE, 0xDC, 0xDE, 0xDC, 0xDE, 0xFC, 0xDE, 0xFC, 0xDE, 0xFC, 0xDE, 0xFC, 0xDE, 0xFC, 0xDE,
    0xFC, 0xDE, 0xDC, 0xDE, 0xDC, 0xDE, 0xDC, 0xDE, 0xDC, 0xDE, 0xDC, 0xDE, 0xDC, 0xDE, 0xDC, 0xDE,
    0xDC, 0xDE, 0xFC, 0xDE, 0xDC, 0xDE, 0xDC, 0xDE, 0xDC, 0xDE, 0xFC, 0xDE, 0xFC, 0xDE, 0xFC, 0xDE,
    0xDC, 0xDE, 0xDC, 0xDE, 0xDC, 0xDE, 0xDC, 0xDE, 0xDC, 0xDE, 0xDC, 0xDE, 0xDC, 0xDE, 0xDC, 0xDE,
    0xDC, 0xDE, 0xDC, 0xDE, 0xDC, 0xDE, 0xDC, 0xDE, 0xDC, 0xDE, 0xFC, 0xDE, 0xFC, 0xDE, 0xFC, 0xDE,
    0xFC, 0xDE, 0xFC, 0xDE, 0xFC, 0xDE, 0xFC, 0xDE, 0xFC, 0xDE, 0xFC, 0xDE, 0xFC, 0xDE, 0xFC, 0xDE,
    0xFC, 0xDE, 0xFC, 0xDE, 0xFC, 0xDE, 0xFC, 0xDE, 0xFC, 0xDE, 0xDC, 0xDE, 0xDC, 0xDE, 0xFC, 0xDE,
    0xDC, 0xDE, 0xDC, 0xDE, 0xDC, 0xDE, 0xDC, 0xDE, 0xDC, 0xDE, 0xDC, 0xDE, 0xDC, 0xDE, 0xDC, 0xDE,
    0xDC, 0xDE, 0xDC, 0xDE, 0xDC, 0xDE, 0xDC, 0xDE, 0xDC, 0xDE, 0xDC, 0xDE, 0xDC, 0xDE, 0xDC, 0xDE,
    0xDC, 0xDE, 0xFC, 0xDE, 0xDC, 0xDE, 0xFC, 0xDE, 0xFC, 0xDE, 0xFC, 0xDE, 0xFC, 0xDE, 0xFC, 0xDE,
    0xFC, 0xDE, 0xFC, 0xDE, 0xFC, 0xDE, 0xFC, 0xDE, 0xDC, 0xDE, 0xDC, 0xDE, 0xDC, 0xDE, 0xDC, 0xDE,
    0xFC, 0xDE, 0xFC, 0xDE, 0xFC, 0xDE, 0xDC, 0xDE, 0xDC, 0xDE, 0xDC, 0xDE, 0xDC, 0xDE, 0xFC, 0xDE,
    0xFC, 0xDE, 0xFC, 0xDE, 0xFC, 0xDE, 0xFC, 0xDE, 0xFC, 0xDE, 0xFC, 0xDE, 0xFC, 0xDE, 0xFC, 0xDE,
    0xFC, 0xDE, 0xFC, 0xDE, 0xFC, 0xDE, 0xDC, 0xDE, 0xDB, 0xDE, 0xFC, 0xDE, 0x9E, 0xF7, 0x9D, 0xF7,
    0xBE, 0xF7, 0x5A, 0xCE, 0x73, 0x8C, 0x94, 0x94, 0x73, 0x8C, 0x77, 0xAD, 0x7A, 0xCE, 0x7A, 0xCE,
    0x5A, 0xCE, 0xFC, 0xDE, 0x3D, 0xE7, 0x3C, 0xE7, 0x9E, 0xF7, 0x8E, 0x73, 0x04, 0x21, 0x66, 0x29,
    0x66, 0x29, 0x6D, 0x21, 0x71, 0x21, 0x71, 0x21, 0x71, 0x21, 0x71, 0x21, 0x6D, 0x21, 0x66, 0x29,
    0x66, 0x29, 0x45, 0x29, 0x49, 0x4A, 0xBB, 0xD6, 0x3C, 0xE7, 0x1C, 0xE7, 0xDC, 0xDE, 0x7A, 0xCE,
    0x5A, 0xCE, 0x7B, 0xCE, 0x97, 0xB5, 0x93, 0x8C, 0x94, 0x94, 0x93, 0x8C, 0x7A, 0xCE, 0xBE, 0xF7,
    0x9D, 0xF7, 0x9E, 0xF7, 0x3C, 0xE7, 0xDB, 0xDE, 0xDB, 0xDE, 0xDC, 0xDE, 0xDC, 0xDE, 0xFB, 0xDE,
    0xDB, 0xDE, 0xDC, 0xDE, 0xDC, 0xDE, 0xDC, 0xDE, 0xFC, 0xDE, 0xFC, 0xDE, 0xFC, 0xDE, 0xFC, 0xDE,
    0xFC, 0xDE, 0xDC, 0xDE, 0xDC, 0xDE, 0xDC, 0xDE, 0xFC, 0xDE, 0xFC, 0xDE, 0xDC, 0xDE, 0xFC, 0xDE,
    0xFC, 0xDE, 0xDC, 0xDE, 0xDC, 0xDE, 0xFC, 0xDE, 0xFC, 0xDE, 0xFC, 0xDE, 0xFC, 0xDE, 0xFC, 0xDE,
    0xFC, 0xDE, 0xFC, 0xDE, 0xFC, 0xDE, 0xFC, 0xDE, 0xFC, 0xDE, 0xFC, 0xDE, 0xDC, 0xDE, 0xDC, 0xDE,
    0xFC, 0xDE, 0xFC, 0xDE, 0xFC, 0xDE, 0xFC, 0xDE, 0xFC, 0xDE, 0xFC, 0xDE, 0xFC, 0xDE, 0xFC, 0xDE,
    0xFC, 0xDE, 0xFC, 0xDE, 0xFC, 0xDE, 0xFC, 0xDE, 0xDC, 0xDE, 0xDC, 0xDE, 0xFC, 0xDE, 0xDC, 0xDE,
    0xDC, 0xDE, 0xDC, 0xDE, 0xDC, 0xDE, 0xDC, 0xDE, 0xDC, 0xDE, 0xDC, 0xDE, 0xDC, 0xDE, 0xDC, 0xDE,
    0xDC, 0xDE, 0xDC, 0xDE, 0xDC, 0xDE, 0xFC, 0xDE, 0xFC, 0xDE, 0xDC, 0xDE, 0xDC, 0xDE, 0xFC, 0xDE,
    0xFC, 0xDE, 0xFC, 0xDE, 0xFC, 0xDE, 0xFC, 0xDE, 0xFC, 0xDE, 0xDC, 0xDE, 0xDC, 0xDE, 0xDC, 0xDE,
    0xDC, 0xDE, 0xDC, 0xDE, 0xFC, 0xDE, 0xFC, 0xDE, 0xFC, 0xDE, 0xFC, 0xDE, 0xDC, 0xDE, 0xDC, 0xDE,
    0xFC, 0xDE, 0xDC, 0xDE, 0xFC, 0xDE, 0xFC, 0xDE, 0xDC, 0xDE, 0xDC, 0xDE, 0xDC, 0xDE, 0xDC, 0xDE,
    0xDC, 0xDE, 0xDC, 0xDE, 0xDC, 0xDE, 0xDC, 0xDE, 0xDC, 0xDE, 0xDC, 0xDE, 0xDC, 0xDE, 0xDC, 0xDE,
    0xFC, 0xDE, 0xFC, 0xDE, 0xFC, 0xDE, 0xFC, 0xDE, 0xFC, 0xDE, 0xFC, 0xDE, 0xFC, 0xDE, 0xFC, 0xDE,
    0xFC, 0xDE, 0xFC, 0xDE, 0xFC, 0xDE, 0xFC, 0xDE, 0xFC, 0xDE, 0xFC, 0xDE, 0xFC, 0xDE, 0xFC, 0xDE,
    0xFC, 0xDE, 0xFC, 0xDE, 0xDC, 0xDE, 0xDC, 0xDE, 0xDC, 0xDE, 0xDC, 0xDE, 0xDC, 0xDE, 0xDC, 0xDE,
    0xDC, 0xDE, 0xDC, 0xDE, 0xDC, 0xDE, 0xDC, 0xDE, 0xDC, 0xDE, 0xDC, 0xDE, 0xDC, 0xDE, 0xDC, 0xDE,
    0xDC, 0xDE, 0xDC, 0xDE, 0xDC, 0xDE, 0xDC, 0xDE, 0xDC, 0xDE, 0xFC, 0xDE, 0xDC, 0xDE, 0xFC, 0xDE,
    0xFC, 0xDE, 0xFC, 0xDE, 0xFC, 0xDE, 0xFC, 0xDE, 0xFC, 0xDE, 0xFC, 0xDE, 0xFC, 0xDE, 0xFC, 0xDE,
    0xFC, 0xDE, 0xFC, 0xDE, 0xFC, 0xDE, 0xFC, 0xDE, 0xFC, 0xDE, 0xDC, 0xDE, 0xFC, 0xDE, 0xFC, 0xDE,
    0xFC, 0xDE, 0xFC, 0xDE, 0xFC, 0xDE, 0xFC, 0xDE, 0xFC, 0xDE, 0xFC, 0xDE, 0xFC, 0xDE, 0xFC, 0xDE,
    0xFC, 0xDE, 0xFC, 0xDE, 0xFC, 0xDE, 0xFC, 0xDE, 0xFC, 0xDE, 0xFC, 0xDE, 0xFC, 0xDE, 0xDC, 0xDE,
    0xDB, 0xDE, 0xFC, 0xDE, 0x9E, 0xF7, 0x9D, 0xF7, 0xBE, 0xF7, 0x5A, 0xCE, 0x73, 0x8C, 0x94, 0x94,
    0x73, 0x8C, 0x57, 0xAD, 0x7A, 0xCE, 0x7A, 0xCE, 0x5A, 0xCE, 0xFC, 0xDE, 0x3D, 0xE7, 0x3C, 0xE7,
    0x9E, 0xF7, 0x8E, 0x73, 0x04, 0x21, 0x66, 0x29, 0x65, 0x29, 0x6D, 0x21, 0x71, 0x21, 0x71, 0x21,
    0x71, 0x21, 0x71, 0x21, 0x6D, 0x21, 0x66, 0x29, 0x66, 0x29, 0x45, 0x29, 0x49, 0x4A, 0xBB, 0xD6,
    0x3C, 0xE7, 0x1C, 0xE7, 0xFC, 0xDE, 0x7A, 0xCE, 0x7A, 0xCE, 0x9B, 0xD6, 0xB7, 0xB5, 0x93, 0x8C,
    0x94, 0x94, 0x93, 0x8C, 0x7A, 0xCE, 0xBE, 0xF7, 0x9D, 0xF7, 0x9E, 0xF7, 0x3C, 0xE7, 0xDB, 0xDE,
    0xDC, 0xDE, 0xDC, 0xDE, 0xDC, 0xDE, 0xFB, 0xDE, 0xDB, 0xDE, 0xDC, 0xDE, 0xDC, 0xDE, 0xFC, 0xDE,
    0xFC, 0xDE, 0xFC, 0xDE, 0xFC, 0xDE, 0xFC, 0xDE, 0xFC, 0xDE, 0xFC, 0xDE, 0xFC, 0xDE, 0xFC, 0xDE,
    0xFC, 0xDE, 0xFC, 0xDE, 0xFC, 0xDE, 0xDC, 0xDE, 0xFC, 0xDE, 0xFC, 0xDE, 0xFC, 0xDE, 0xFC, 0xDE,
    0xFC, 0xDE, 0xFC, 0xDE, 0xFC, 0xDE, 0xFC, 0xDE, 0xFC, 0xDE, 0xFC, 0xDE, 0xFC, 0xDE, 0xFC, 0xDE,
    0xFC, 0xDE, 0xFC, 0xDE, 0xFC, 0xDE, 0xFC, 0xDE, 0xDC, 0xDE, 0xDC, 0xDE, 0xFC, 0xDE, 0xFC, 0xDE,
    0xFC, 0xDE, 0xFC, 0xDE, 0xFC, 0xDE, 0xFC, 0xDE, 0xFC, 0xDE, 0xFC, 0xDE, 0xFC, 0xDE, 0xFC, 0xDE,
    0xFC, 0xDE, 0xFC, 0xDE, 0xFC, 0xDE, 0xFC, 0xDE, 0xFC, 0xDE, 0xDC, 0xDE, 0xDC, 0xDE, 0xDC, 0xDE,
    0xDC, 0xDE, 0xDC, 0xDE, 0xFC, 0xDE, 0xFC, 0xDE, 0xFC, 0xDE, 0xFC, 0xDE, 0xFC, 0xDE, 0xFC, 0xDE,
    0xDC, 0xDE, 0xDC, 0xDE, 0xDC, 0xDE, 0xDC, 0xDE, 0xFC, 0xDE, 0xDC, 0xDE, 0xDC, 0xDE, 0xFC, 0xDE,
    0xFC, 0xDE, 0xFC, 0xDE, 0xFC, 0xDE, 0xFC, 0xDE, 0xFC, 0xDE, 0xFC, 0xDE, 0xFC, 0xDE, 0xFC, 0xDE,
    0xFC, 0xDE, 0xDC, 0xDE, 0xDC, 0xDE, 0xFC, 0xDE, 0xFC, 0xDE, 0xFC, 0xDE, 0xFC, 0xDE, 0xFC, 0xDE,
    0xFC, 0xDE, 0xFC, 0xDE, 0xFC, 0xDE, 0xFC, 0xDE, 0xDC, 0xDE, 0xFC, 0xDE, 0xFC, 0xDE, 0xFC, 0xDE,
    0xFC, 0xDE, 0xFC, 0xDE, 0xFC, 0xDE, 0xFC, 0xDE, 0xFC, 0xDE, 0xDC, 0xDE, 0xFC, 0xDE, 0xFC, 0xDE,
    0xFC, 0xDE, 0xFC, 0xDE, 0xFC, 0xDE, 0xFC, 0xDE, 0xFC, 0xDE, 0xFC, 0xDE, 0xFC, 0xDE, 0xFC, 0xDE,
    0xFC, 0xDE, 0xFC, 0xDE, 0xFC, 0xDE, 0xFC, 0xDE, 0xFC, 0xDE, 0xFC, 0xDE, 0xFC, 0xDE, 0xDC, 0xDE,
    0xDC, 0xDE, 0xDC, 0xDE, 0xDC, 0xDE, 0xDC, 0xDE, 0xDC, 0xDE, 0xFC, 0xDE, 0xFC, 0xDE, 0xFC, 0xDE,
    0xDC, 0xDE, 0xDC, 0xDE, 0xDC, 0xDE, 0xDC, 0xDE, 0xDC, 0xDE, 0xDC, 0xDE, 0xDC, 0xDE, 0xDC, 0xDE,
    0xDC, 0xDE, 0xFC, 0xDE, 0xFC, 0xDE, 0xDC, 0xDE, 0xFC, 0xDE, 0xFC, 0xDE, 0xFC, 0xDE, 0xFC, 0xDE,
    0xFC, 0xDE, 0xFC, 0xDE, 0xFC, 0xDE, 0xFC, 0xDE, 0xFC, 0xDE, 0xFC, 0xDE, 0xFC, 0xDE, 0xFC, 0xDE,
    0xFC, 0xDE, 0xFC, 0xDE, 0xFC, 0xDE, 0xFC, 0xDE, 0xDC, 0xDE, 0xDC, 0xDE, 0xFC, 0xDE, 0xFC, 0xDE,
    0xFC, 0xDE, 0xFC, 0xDE, 0xFC, 0xDE, 0xFC, 0xDE, 0xFC, 0xDE, 0xFC, 0xDE, 0xFC, 0xDE, 0xFC, 0xDE,
    0xFC, 0xDE, 0xFC, 0xDE, 0xFC, 0xDE, 0xDC, 0xDE, 0xDB, 0xDE, 0xFC, 0xDE, 0x9E, 0xF7, 0x9D, 0xF7,
    0xBE, 0xF7, 0x59, 0xCE, 0x73, 0x8C, 0xB4, 0x94, 0x73, 0x8C, 0x57, 0xAD, 0x9A, 0xCE, 0x7A, 0xCE,
    0x5A, 0xCE, 0xFC, 0xDE, 0x3D, 0xE7, 0x1C, 0xE7, 0x9E, 0xF7, 0xAE, 0x73, 0x04, 0x21, 0x66, 0x29,
    0x65, 0x29, 0x6D, 0x21, 0x71, 0x21, 0x71, 0x21, 0x71, 0x21, 0x71, 0x21, 0x6D, 0x21, 0x66, 0x29,
    0x66, 0x29, 0x45, 0x29, 0x49, 0x4A, 0xBB, 0xD6, 0x3C, 0xE7, 0x1C, 0xE7, 0xFC, 0xDE, 0x7A, 0xCE,
    0x7A, 0xCE, 0x9B, 0xD6, 0x97, 0xB5, 0x73, 0x8C, 0x94, 0x94, 0x93, 0x8C, 0x7A, 0xCE, 0xBE, 0xF7,
    0x9D, 0xF7, 0x9E, 0xF7, 0x3C, 0xE7, 0xDB, 0xDE, 0xDC, 0xDE, 0xDC, 0xDE, 0xDC, 0xDE, 0xFB, 0xDE,
    0xDB, 0xDE, 0xDC, 0xDE, 0xDC, 0xDE, 0xFC, 0xDE, 0xFC, 0xDE, 0xFC, 0xDE, 0xFC, 0xDE, 0xFC, 0xDE,
    0xFC, 0xDE, 0xFC, 0xDE, 0xFC, 0xDE, 0xFC, 0xDE, 0xFC, 0xDE, 0xFC, 0xDE, 0xDC, 0xDE, 0xDC, 0xDE,
    0xFC, 0xDE, 0xFC, 0xDE, 0xFC, 0xDE, 0xFC, 0xDE, 0xFC, 0xDE, 0xFC, 0xDE, 0xFC, 0xDE, 0xFC, 0xDE,
    0xFC, 0xDE, 0xFC, 0xDE, 0xFC, 0xDE, 0xFC, 0xDE, 0xFC, 0xDE, 0xFC, 0xDE, 0xFC, 0xDE, 0xFC, 0xDE,
    0xFC, 0xDE, 0xFC, 0xDE, 0xFC, 0xDE, 0xFC, 0xDE, 0xFC, 0xDE, 0xFC, 0xDE, 0xFC, 0xDE, 0xFC, 0xDE,
    0xFC, 0xDE, 0xFC, 0xDE, 0xFC, 0xDE, 0xFC, 0xDE, 0xFC, 0xDE, 0xFC, 0xDE, 0xFC, 0xDE, 0xFC, 0xDE,
    0xFC, 0xDE, 0xDC, 0xDE, 0xDC, 0xDE, 0xDC, 0xDE, 0xDC, 0xDE, 0xDC, 0xDE, 0xFC, 0xDE, 0xFC, 0xDE,
    0xFC, 0xDE, 0xFC, 0xDE, 0xDC, 0xDE, 0xDC, 0xDE, 0xFC, 0xDE, 0xFC, 0xDE, 0xFC, 0xDE, 0xFC, 0xDE,
    0xFC, 0xDE, 0xFC, 0xDE, 0xDC, 0xDE, 0xFC, 0xDE, 0xFC, 0xDE, 0xFC, 0xDE, 0xFC, 0xDE, 0xFC, 0xDE,
    0xFC, 0xDE, 0xFC, 0xDE, 0xDC, 0xDE, 0xDC, 0xDE, 0xDC, 0xDE, 0xDC, 0xDE, 0xDC, 0xDE, 0xFC, 0xDE,
    0xFC, 0xDE, 0xFC, 0xDE, 0xFC, 0xDE, 0xFC, 0xDE, 0xFC, 0xDE, 0xFC, 0xDE, 0xFC, 0xDE, 0xFC, 0xDE,
    0xDC, 0xDE, 0xFC, 0xDE, 0xFC, 0xDE, 0xFC, 0xDE, 0xFC, 0xDE, 0xFC, 0xDE, 0xFC, 0xDE, 0xFC, 0xDE,
    0xFC, 0xDE, 0xDC, 0xDE, 0xFC, 0xDE, 0xFC, 0xDE, 0xFC, 0xDE, 0xFC, 0xDE, 0xFC, 0xDE, 0xFC, 0xDE,
    0xFC, 0xDE, 0xFC, 0xDE, 0xFC, 0xDE, 0xFC, 0xDE, 0xFC, 0xDE, 0xFC, 0xDE, 0xFC, 0xDE, 0xFC, 0xDE,
    0xFC, 0xDE, 0xFC, 0xDE, 0xFC, 0xDE, 0xDC, 0xDE, 0xFC, 0xDE, 0xFC, 0xDE, 0xFC, 0xDE, 0xFC, 0xDE,
    0xFC, 0xDE, 0xFC, 0xDE, 0xFC, 0xDE, 0xFC, 0xDE, 0xDC, 0xDE, 0xDC, 0xDE, 0xDC, 0xDE, 0xDC, 0xDE,
    0xDC, 0xDE, 0xDC, 0xDE, 0xDC, 0xDE, 0xDC, 0xDE, 0xDC, 0xDE, 0xFC, 0xDE, 0xFC, 0xDE, 0xDC, 0xDE,
    0xFC, 0xDE, 0xFC, 0xDE, 0xFC, 0xDE, 0xFC, 0xDE, 0xFC, 0xDE, 0xFC, 0xDE, 0xFC, 0xDE, 0xFC, 0xDE,
    0xFC, 0xDE, 0xFC, 0xDE, 0xFC, 0xDE, 0xFC, 0xDE, 0xFC, 0xDE, 0xFC, 0xDE, 0xFC, 0xDE, 0xFC, 0xDE,
    0xFC, 0xDE, 0xFC, 0xDE, 0xFC, 0xDE, 0xFC, 0xDE, 0xFC, 0xDE, 0xFC, 0xDE, 0xFC, 0xDE, 0xFC, 0xDE,
    0xFC, 0xDE, 0xFC, 0xDE, 0xFC, 0xDE, 0xFC, 0xDE, 0xFC, 0xDE, 0xFC, 0xDE, 0xFC, 0xDE, 0xDC, 0xDE,
    0xDB, 0xDE, 0xFC, 0xDE, 0x9E, 0xF7, 0x9D, 0xF7, 0xBE, 0xF7, 0x59, 0xCE, 0x73, 0x8C, 0xB4, 0x94,
    0x93, 0x94, 0x77, 0xAD, 0x9A, 0xCE, 0x7A, 0xCE, 0x7A, 0xCE, 0xFC, 0xDE, 0x3D, 0xE7, 0x1C, 0xE7,
    0x9E, 0xF7, 0xAE, 0x73, 0x05, 0x21, 0x66, 0x29, 0x65, 0x29, 0x6D, 0x21, 0x71, 0x21, 0x71, 0x21,
    0x71, 0x21, 0x71, 0x21, 0x6D, 0x21, 0x66, 0x29, 0x66, 0x29, 0x45, 0x29, 0x49, 0x4A, 0xBB, 0xD6,
    0x3C, 0xE7, 0x1C, 0xE7, 0xFC, 0xDE, 0x7A, 0xCE, 0x7A, 0xCE, 0x9B, 0xD6, 0xB7, 0xB5, 0x73, 0x8C,
    0x94, 0x94, 0x93, 0x8C, 0x7A, 0xCE, 0xBE, 0xF7, 0x9D, 0xF7, 0x9E, 0xF7, 0x3C, 0xE7, 0xDB, 0xDE,
    0xDC, 0xDE, 0xDC, 0xDE, 0xDC, 0xDE, 0xFB, 0xDE, 0xDB, 0xDE, 0xDC, 0xDE, 0xDC, 0xDE, 0xFC, 0xDE,
    0xFC, 0xDE, 0xFC, 0xDE, 0xFC, 0xDE, 0xFC, 0xDE, 0xFC, 0xDE, 0xFC, 0xDE, 0xFC, 0xDE, 0xFC, 0xDE,
    0xFC, 0xDE, 0xFC, 0xDE, 0xFC, 0xDE, 0xFC, 0xDE, 0xDC, 0xDE, 0xDC, 0xDE, 0xFC, 0xDE, 0xFC, 0xDE,
    0xFC, 0xDE, 0xFC, 0xDE, 0xFC, 0xDE, 0xFC, 0xDE, 0xFC, 0xDE, 0xFC, 0xDE, 0xFC, 0xDE, 0xFC, 0xDE,
    0xFC, 0xDE, 0xFC, 0xDE, 0xFC, 0xDE, 0xFC, 0xDE, 0xDC, 0xDE, 0xFC, 0xDE, 0xFC, 0xDE, 0xFC, 0xDE,
    0xFC, 0xDE, 0xFC, 0xDE, 0xFC, 0xDE, 0xFC, 0xDE, 0xFC, 0xDE, 0xFC, 0xDE, 0xFC, 0xDE, 0xFC, 0xDE,
    0xFC, 0xDE, 0xFC, 0xDE, 0xFC, 0xDE, 0xFC, 0xDE, 0xDC, 0xDE, 0xDC, 0xDE, 0xDC, 0xDE, 0xDC, 0xDE,
    0xDC, 0xDE, 0xDC, 0xDE, 0xFC, 0xDE, 0xFC, 0xDE, 0xDC, 0xDE, 0xDC, 0xDE, 0xFC, 0xDE, 0xFC, 0xDE,
    0xFC, 0xDE, 0xFC, 0xDE, 0xFC, 0xDE, 0xFC, 0xDE, 0xFC, 0xDE, 0xFC, 0xDE, 0xFC, 0xDE, 0xFC, 0xDE,
    0xFC, 0xDE, 0xFC, 0xDE, 0xFC, 0xDE, 0xFC, 0xDE, 0xFC, 0xDE, 0xFC, 0xDE, 0xFC, 0xDE, 0xFC, 0xDE,
    0xFC, 0xDE, 0xFC, 0xDE, 0xFC, 0xDE, 0xFC, 0xDE, 0xFC, 0xDE, 0xFC, 0xDE, 0xFC, 0xDE, 0xFC, 0xDE,
    0xFC, 0xDE, 0xDC, 0xDE, 0xDC, 0xDE, 0xDC, 0xDE, 0xDC, 0xDE, 0xFC, 0xDE, 0xFC, 0xDE, 0xFC, 0xDE,
    0xFC, 0xDE, 0xFC, 0xDE, 0xFC, 0xDE, 0xFC, 0xDE, 0xFC, 0xDE, 0xFC, 0xDE, 0xFC, 0xDE, 0xFC, 0xDE,
    0xFC, 0xDE, 0xFC, 0xDE, 0xFC, 0xDE, 0xFC, 0xDE, 0xFC, 0xDE, 0xFC, 0xDE, 0xFC, 0xDE, 0xFC, 0xDE,
    0xFC, 0xDE, 0xFC, 0xDE, 0xFC, 0xDE, 0xFC, 0xDE, 0xFC, 0xDE, 0xFC, 0xDE, 0xFC, 0xDE, 0xFC, 0xDE,
    0xFC, 0xDE, 0xFC, 0xDE, 0xFC, 0xDE, 0xFC, 0xDE, 0xFC, 0xDE, 0xFC, 0xDE, 0xDC, 0xDE, 0xDC, 0xDE,
    0xFC, 0xDE, 0xDC, 0xDE, 0xDC, 0xDE, 0xDC, 0xDE, 0xDC, 0xDE, 0xDC, 0xDE, 0xDC, 0xDE, 0xDC, 0xDE,
    0xDC, 0xDE, 0xFC, 0xDE, 0xFC, 0xDE, 0xFC, 0xDE, 0xFC, 0xDE, 0xFC, 0xDE, 0xFC, 0xDE, 0xFC, 0xDE,
    0xFC, 0xDE, 0xFC, 0xDE, 0xFC, 0xDE, 0xFC, 0xDE, 0xFC, 0xDE, 0xFC, 0xDE, 0xFC, 0xDE, 0xFC, 0xDE,
    0xFC, 0xDE, 0xFC, 0xDE, 0xFC, 0xDE, 0xFC, 0xDE, 0xFC, 0xDE, 0xFC, 0xDE, 0xFC, 0xDE, 0xFC, 0xDE,
    0xFC, 0xDE, 0xFC, 0xDE, 0xFC, 0xDE, 0xFC, 0xDE, 0xFC, 0xDE, 0xFC, 0xDE, 0xFC, 0xDE, 0xFC, 0xDE,
    0xFC, 0xDE, 0xFC, 0xDE, 0xFC, 0xDE, 0xDC, 0xDE, 0xDB, 0xDE, 0xFC, 0xDE, 0x9E, 0xF7, 0x9D, 0xF7,
    0xBE, 0xF7, 0x59, 0xCE, 0x73, 0x8C, 0xB4, 0x94, 0x73, 0x8C, 0x57, 0xAD, 0x7A, 0xCE, 0x7A, 0xCE,
    0x7A, 0xCE, 0xFC, 0xDE, 0x3D, 0xE7, 0x3C, 0xE7, 0x9E, 0xF7, 0xAE, 0x73, 0x04, 0x21, 0x66, 0x29,
    0x65, 0x29, 0x6D, 0x21, 0x71, 0x21, 0x71, 0x21, 0x71, 0x21, 0x71, 0x21, 0x6D, 0x21, 0x66, 0x29,
    0x66, 0x29, 0x45, 0x29, 0x49, 0x4A, 0xBB, 0xD6, 0x3C, 0xE7, 0x1C, 0xE7, 0xFC, 0xDE, 0x7A, 0xCE,
    0x7A, 0xCE, 0x9B, 0xD6, 0xB7, 0xB5, 0x93, 0x8C, 0x94, 0x94, 0x93, 0x8C, 0x7A, 0xCE, 0xBE, 0xF7,
    0x7D, 0xF7, 0x9E, 0xF7, 0x1C, 0xE7, 0xDB, 0xDE, 0xDC, 0xDE, 0xDC, 0xDE, 0xFC, 0xDE, 0xFC, 0xDE,
    0xDC, 0xDE, 0xDC, 0xDE, 0xDC, 0xDE, 0xFC, 0xDE, 0xFC, 0xDE, 0xFC, 0xDE, 0xFC, 0xDE, 0xFC, 0xDE,
    0xFC, 0xDE, 0xFC, 0xDE, 0xFC, 0xDE, 0xFC, 0xDE, 0xFC, 0xDE, 0xFC, 0xDE, 0xFC, 0xDE, 0xFC, 0xDE,
    0xDC, 0xDE, 0xFC, 0xDE, 0xDC, 0xDE, 0xDC, 0xDE, 0xFC, 0xDE, 0xFC, 0xDE, 0xFC, 0xDE, 0xFC, 0xDE,
    0xFC, 0xDE, 0xFC, 0xDE, 0xFC, 0xDE, 0xFC, 0xDE, 0xFC, 0xDE, 0xFC, 0xDE, 0xFC, 0xDE, 0xFC, 0xDE,
    0xDC, 0xDE, 0xDC, 0xDE, 0xFC, 0xDE, 0xFC, 0xDE, 0xFC, 0xDE, 0xFC, 0xDE, 0xFC, 0xDE, 0xFC, 0xDE,
    0xFC, 0xDE, 0xFC, 0xDE, 0xDC, 0xDE, 0xDC, 0xDE, 0xDC, 0xDE, 0xDC, 0xDE, 0xDC, 0xDE, 0xDC, 0xDE,
    0xDC, 0xDE, 0xDC, 0xDE, 0xDC, 0xDE, 0xDC, 0xDE, 0xDB, 0xDE, 0xDC, 0xDE, 0xFC, 0xDE, 0xFC, 0xDE,
    0xFC, 0xDE, 0xFC, 0xDE, 0xFC, 0xDE, 0xFC, 0xDE, 0xFC, 0xDE, 0xFC, 0xDE, 0xFC, 0xDE, 0xFC, 0xDE,
    0xDC, 0xDE, 0xFC, 0xDE, 0xFC, 0xDE, 0xFC, 0xDE, 0xFC, 0xDE, 0xDC, 0xDE, 0xDC, 0xDE, 0xFC, 0xDE,
    0xFC, 0xDE, 0xFC, 0xDE, 0xFC, 0xDE, 0xFC, 0xDE, 0xFC, 0xDE, 0xFC, 0xDE, 0xFC, 0xDE, 0xFC, 0xDE,
    0xDC, 0xDE, 0xFC, 0xDE, 0xFC, 0xDE, 0xFC, 0xDE, 0xFC, 0xDE, 0xFC, 0xDE, 0xDC, 0xDE, 0xDC, 0xDE,
    0xFC, 0xDE, 0xFC, 0xDE, 0xFC, 0xDE, 0xFC, 0xDE, 0xDC, 0xDE, 0xFC, 0xDE, 0xFC, 0xDE, 0xFC, 0xDE,
    0xFC, 0xDE, 0xFC, 0xDE, 0xFC, 0xDE, 0xFC, 0xDE, 0xFC, 0xDE, 0xFC, 0xDE, 0xFC, 0xDE, 0xFC, 0xDE,
    0xFC, 0xDE, 0xFC, 0xDE, 0xFC, 0xDE, 0xFC, 0xDE, 0xFC, 0xDE, 0xFC, 0xDE, 0xFC, 0xDE, 0xFC, 0xDE,
    0xFC, 0xDE, 0xFC, 0xDE, 0xFC, 0xDE, 0xFC, 0xDE, 0xDC, 0xDE, 0xDC, 0xDE, 0xFC, 0xDE, 0xFC, 0xDE,
    0xFC, 0xDE, 0xFC, 0xDE, 0xFC, 0xDE, 0xFC, 0xDE, 0xFC, 0xDE, 0xDC, 0xDE, 0xDC, 0xDE, 0xDC, 0xDE,
    0xDC, 0xDE, 0xFC, 0xDE, 0xDC, 0xDE, 0xDC, 0xDE, 0xDC, 0xDE, 0xFC, 0xDE, 0xFC, 0xDE, 0xFC, 0xDE,
    0xFC, 0xDE, 0xFC, 0xDE, 0xFC, 0xDE, 0xFC, 0xDE, 0xFC, 0xDE, 0xFC, 0xDE, 0xFC, 0xDE, 0xFC, 0xDE,
    0xFC, 0xDE, 0xFC, 0xDE, 0xFC, 0xDE, 0xFC, 0xDE, 0xFC, 0xDE, 0xFC, 0xDE, 0xFC, 0xDE, 0xFC, 0xDE,
    0xFC, 0xDE, 0xFC, 0xDE, 0xFC, 0xDE, 0xFC, 0xDE, 0xFC, 0xDE, 0xFC, 0xDE, 0xFC, 0xDE, 0xDC, 0xDE,
    0xFC, 0xDE, 0xDC, 0xDE, 0xFC, 0xDE, 0xFC, 0xDE, 0xFC, 0xDE, 0xFC, 0xDE, 0xFC, 0xDE, 0xDC, 0xDE,
    0xDB, 0xDE, 0xFC, 0xDE, 0x9E, 0xF7, 0x9D, 0xF7, 0xBE, 0xF7, 0x59, 0xCE, 0x73, 0x8C, 0x94, 0x94,
    0x73, 0x8C, 0x77, 0xAD, 0x9A, 0xCE, 0x7A, 0xCE, 0x7A, 0xCE, 0xFC, 0xDE, 0x5D, 0xEF, 0x3C, 0xE7,
    0x9E, 0xF7, 0xAE, 0x73, 0x04, 0x21, 0x66, 0x29, 0x65, 0x29, 0x6D, 0x21, 0x71, 0x21, 0x71, 0x21,
    0x71, 0x21, 0x71, 0x21, 0x6D, 0x21, 0x66, 0x29, 0x66, 0x29, 0x45, 0x29, 0x49, 0x4A, 0xBB, 0xD6,
    0x3C, 0xE7, 0x1C, 0xE7, 0xFC, 0xDE, 0x7A, 0xCE, 0x7A, 0xCE, 0x9B, 0xD6, 0xB7, 0xB5, 0x93, 0x8C,
    0x94, 0x94, 0x93, 0x8C, 0x7A, 0xCE, 0xBE, 0xF7, 0x7D, 0xF7, 0x9E, 0xF7, 0x1C, 0xE7, 0xDB, 0xDE,
    0xDC, 0xDE, 0xDC, 0xDE, 0xFC, 0xDE, 0xFC, 0xDE, 0xDC, 0xDE, 0xDC, 0xDE, 0xDC, 0xDE, 0xFC, 0xDE,
    0xFC, 0xDE, 0xFC, 0xDE, 0xFC, 0xDE, 0xFC, 0xDE, 0xFC, 0xDE, 0xFC, 0xDE, 0xFC, 0xDE, 0xFC, 0xDE,
    0xFC, 0xDE, 0xFC, 0xDE, 0xFC, 0xDE, 0xFC, 0xDE, 0xDC, 0xDE, 0xFC, 0xDE, 0xDC, 0xDE, 0xDC, 0xDE,
    0xFC, 0xDE, 0xFC, 0xDE, 0xFC, 0xDE, 0xFC, 0xDE, 0xFC, 0xDE, 0xFC, 0xDE, 0xFC, 0xDE, 0xFC, 0xDE,
    0xFC, 0xDE, 0xFC, 0xDE, 0xFC, 0xDE, 0xDC, 0xDE, 0xDC, 0xDE, 0xDC, 0xDE, 0xDC, 0xDE, 0xDC, 0xDE,
    0xDC, 0xDE, 0xDC, 0xDE, 0xDC, 0xDE, 0xDC, 0xDE, 0xDC, 0xDE, 0xDC, 0xDE, 0xDC, 0xDE, 0xDC, 0xDE,
    0xDC, 0xDE, 0xDC, 0xDE, 0xDC, 0xDE, 0xDC, 0xDE, 0xDC, 0xDE, 0xDC, 0xDE, 0xDC, 0xDE, 0xDC, 0xDE,
    0xFC, 0xDE, 0xFC, 0xDE, 0xFC, 0xDE, 0xFC, 0xDE, 0xDC, 0xDE, 0xDC, 0xDE, 0xFC, 0xDE, 0xFC, 0xDE,
    0xFC, 0xDE, 0xFC, 0xDE, 0xFC, 0xDE, 0xFC, 0xDE, 0xDC, 0xDE, 0xFC, 0xDE, 0xFC, 0xDE, 0xFC, 0xDE,
    0xFC, 0xDE, 0xDC, 0xDE, 0xDC, 0xDE, 0xFC, 0xDE, 0xFC, 0xDE, 0xFC, 0xDE, 0xFC, 0xDE, 0xFC, 0xDE,
    0xFC, 0xDE, 0xFC, 0xDE, 0xFC, 0xDE, 0xFC, 0xDE, 0xDC, 0xDE, 0xFC, 0xDE, 0xFC, 0xDE, 0xFC, 0xDE,
    0xFC, 0xDE, 0xFC, 0xDE, 0xDC, 0xDE, 0xDC, 0xDE, 0xFC, 0xDE, 0xFC, 0xDE, 0xFC, 0xDE, 0xFC, 0xDE,
    0xDC, 0xDE, 0xFC, 0xDE, 0xFC, 0xDE, 0xFC, 0xDE, 0xFC, 0xDE, 0xFC, 0xDE, 0xFC, 0xDE, 0xFC, 0xDE,
    0xFC, 0xDE, 0xFC, 0xDE, 0xFC, 0xDE, 0xFC, 0xDE, 0xFC, 0xDE, 0xFC, 0xDE, 0xFC, 0xDE, 0xFC, 0xDE,
    0xFC, 0xDE, 0xFC, 0xDE, 0xFC, 0xDE, 0xFC, 0xDE, 0xFC, 0xDE, 0xFC, 0xDE, 0xFC, 0xDE, 0xFC, 0xDE,
    0xDC, 0xDE, 0xDC, 0xDE, 0xFC, 0xDE, 0xFC, 0xDE, 0xFC, 0xDE, 0xFC, 0xDE, 0xFC, 0xDE, 0xFC, 0xDE,
    0xFC, 0xDE, 0xDC, 0xDE, 0xFC, 0xDE, 0xDC, 0xDE, 0xDC, 0xDE, 0xDC, 0xDE, 0xFC, 0xDE, 0xFC, 0xDE,
    0xFC, 0xDE, 0xFC, 0xDE, 0xFC, 0xDE, 0xFC, 0xDE, 0xFC, 0xDE, 0xFC, 0xDE, 0xFC, 0xDE, 0xFC, 0xDE,
    0xFC, 0xDE, 0xFC, 0xDE, 0xFC, 0xDE, 0xFC, 0xDE, 0xFC, 0xDE, 0xFC, 0xDE, 0xFC, 0xDE, 0xFC, 0xDE,
    0xFC, 0xDE, 0xFC, 0xDE, 0xFC, 0xDE, 0xFC, 0xDE, 0xFC, 0xDE, 0xFC, 0xDE, 0xFC, 0xDE, 0xFC, 0xDE,
    0xFC, 0xDE, 0xFC, 0xDE, 0xFC, 0xDE, 0xDC, 0xDE, 0xFC, 0xDE, 0xDC, 0xDE, 0xFC, 0xDE, 0xFC, 0xDE,
    0xFC, 0xDE, 0xFC, 0xDE, 0xFC, 0xDE, 0xDC, 0xDE, 0xDB, 0xDE, 0xFC, 0xDE, 0x7D, 0xF7, 0x9D, 0xF7,
    0xBE, 0xF7, 0x59, 0xCE, 0x73, 0x8C, 0x94, 0x94, 0x73, 0x8C, 0x77, 0xAD, 0x9A, 0xCE, 0x7A, 0xCE,
    0x7A, 0xCE, 0xFC, 0xDE, 0x5D, 0xEF, 0x3C, 0xE7, 0x9E, 0xF7, 0xAE, 0x73, 0x04, 0x21, 0x66, 0x29,
    0x65, 0x29, 0x6E, 0x21, 0x71, 0x21, 0x71, 0x21, 0x71, 0x21, 0x71, 0x21, 0x6D, 0x21, 0x66, 0x29,
    0x66, 0x29, 0x45, 0x29, 0x49, 0x4A, 0xBB, 0xD6, 0x3C, 0xE7, 0x1C, 0xE7, 0xDC, 0xDE, 0x7A, 0xCE,
    0x7A, 0xCE, 0x7B, 0xD6, 0xB7, 0xB5, 0x93, 0x8C, 0x94, 0x94, 0x93, 0x8C, 0x7A, 0xCE, 0xBE, 0xF7,
    0x7D, 0xF7, 0x9E, 0xF7, 0x1C, 0xE7, 0xDB, 0xDE, 0xDC, 0xDE, 0xDC, 0xDE, 0xFC, 0xDE, 0xFC, 0xDE,
    0xDC, 0xDE, 0xDC, 0xDE, 0xDC, 0xDE, 0xFC, 0xDE, 0xFC, 0xDE, 0xFC, 0xDE, 0xFC, 0xDE, 0xFC, 0xDE,
    0xFC, 0xDE, 0xFC, 0xDE, 0xFC, 0xDE, 0xFC, 0xDE, 0xFC, 0xDE, 0xFC, 0xDE, 0xFC, 0xDE, 0xFC, 0xDE,
    0xDC, 0xDE, 0xFC, 0xDE, 0xDC, 0xDE, 0xDC, 0xDE, 0xFC, 0xDE, 0xFC, 0xDE, 0xFC, 0xDE, 0xFC, 0xDE,
    0xFC, 0xDE, 0xDC, 0xDE, 0xDC, 0xDE, 0xDC, 0xDE, 0xDC, 0xDE, 0xFC, 0xDE, 0xFC, 0xDE, 0xDC, 0xDE,
    0xDC, 0xDE, 0xDC, 0xDE, 0xDC, 0xDE, 0xDC, 0xDE, 0xDC, 0xDE, 0xDC, 0xDE, 0xDC, 0xDE, 0xDC, 0xDE,
    0xDC, 0xDE, 0xDC, 0xDE, 0xDC, 0xDE, 0xDC, 0xDE, 0xDC, 0xDE, 0xDC, 0xDE, 0xDC, 0xDE, 0xDC, 0xDE,
    0xDC, 0xDE, 0xDC, 0xDE, 0xDC, 0xDE, 0xDC, 0xDE, 0xFC, 0xDE, 0xFC, 0xDE, 0xFC, 0xDE, 0xDC, 0xDE,
    0xFC, 0xDE, 0xFC, 0xDE, 0xDC, 0xDE, 0xDC, 0xDE, 0xFC, 0xDE, 0xFC, 0xDE, 0xFC, 0xDE, 0xFC, 0xDE,
    0xDC, 0xDE, 0xFC, 0xDE, 0xFC, 0xDE, 0xFC, 0xDE, 0xFC, 0xDE, 0xDC, 0xDE, 0xDC, 0xDE, 0xDC, 0xDE,
    0xDC, 0xDE, 0xDC, 0xDE, 0xFC, 0xDE, 0xFC, 0xDE, 0xFC, 0xDE, 0xFC, 0xDE, 0xFC, 0xDE, 0xFC, 0xDE,
    0xDC, 0xDE, 0xFC, 0xDE, 0xFC, 0xDE, 0xFC, 0xDE, 0xFC, 0xDE, 0xFC, 0xDE, 0xDC, 0xDE, 0xDC, 0xDE,
    0xFC, 0xDE, 0xFC, 0xDE, 0xFC, 0xDE, 0xFC, 0xDE, 0xDC, 0xDE, 0xFC, 0xDE, 0xFC, 0xDE, 0xFC, 0xDE,
    0xFC, 0xDE, 0xFC, 0xDE, 0xFC, 0xDE, 0xFC, 0xDE, 0xFC, 0xDE, 0xFC, 0xDE, 0xFC, 0xDE, 0xFC, 0xDE,
    0xFC, 0xDE, 0xFC, 0xDE, 0xFC, 0xDE, 0xFC, 0xDE, 0xFC, 0xDE, 0xFC, 0xDE, 0xFC, 0xDE, 0xFC, 0xDE,
    0xFC, 0xDE, 0xFC, 0xDE, 0xFC, 0xDE, 0xFC, 0xDE, 0xDC, 0xDE, 0xDC, 0xDE, 0xFC, 0xDE, 0xFC, 0xDE,
    0xFC, 0xDE, 0xFC, 0xDE, 0xFC, 0xDE, 0xFC, 0xDE, 0xFC, 0xDE, 0xDC, 0xDE, 0xFC, 0xDE, 0xFC, 0xDE,
    0xDC, 0xDE, 0xDC, 0xDE, 0xDC, 0xDE, 0xDC, 0xDE, 0xDC, 0xDE, 0xDC, 0xDE, 0xFC, 0xDE, 0xFC, 0xDE,
    0xFC, 0xDE, 0xFC, 0xDE, 0xFC, 0xDE, 0xFC, 0xDE, 0xFC, 0xDE, 0xFC, 0xDE, 0xFC, 0xDE, 0xFC, 0xDE,
    0xFC, 0xDE, 0xFC, 0xDE, 0xFC, 0xDE, 0xFC, 0xDE, 0xDC, 0xDE, 0xDC, 0xDE, 0xFC, 0xDE, 0xFC, 0xDE,
    0xFC, 0xDE, 0xFC, 0xDE, 0xFC, 0xDE, 0xFC, 0xDE, 0xFC, 0xDE, 0xFC, 0xDE, 0xFC, 0xDE, 0xDC, 0xDE,
    0xFC, 0xDE, 0xDC, 0xDE, 0xFC, 0xDE, 0xFC, 0xDE, 0xFC, 0xDE, 0xFC, 0xDE, 0xFC, 0xDE, 0xDC, 0xDE,
    0xDB, 0xDE, 0xFC, 0xDE, 0x7E, 0xF7, 0x9D, 0xF7, 0xBE, 0xF7, 0x59, 0xCE, 0x73, 0x8C, 0x94, 0x94,
    0x73, 0x94, 0x77, 0xAD, 0x7A, 0xCE, 0x7A, 0xCE, 0x7A, 0xCE, 0xFC, 0xDE, 0x5D, 0xEF, 0x3C, 0xE7,
    0x9E, 0xF7, 0xAE, 0x73, 0x04, 0x21, 0x66, 0x29, 0x65, 0x29, 0x6E, 0x21, 0x71, 0x21, 0x71, 0x21,
    0x71, 0x21, 0x71, 0x21, 0x6D, 0x21, 0x66, 0x29, 0x66, 0x29, 0x45, 0x29, 0x49, 0x4A, 0xBB, 0xD6,
    0x3C, 0xE7, 0x1C, 0xE7, 0xFC, 0xDE, 0x7A, 0xCE, 0x7A, 0xCE, 0x7B, 0xD6, 0x97, 0xB5, 0x73, 0x8C,
    0x94, 0x94, 0x93, 0x8C, 0x7A, 0xCE, 0xBE, 0xF7, 0x9D, 0xF7, 0x9E, 0xF7, 0x1C, 0xE7, 0xDB, 0xDE,
    0xDC, 0xDE, 0xDC, 0xDE, 0xFC, 0xDE, 0xFC, 0xDE, 0xDC, 0xDE, 0xDC, 0xDE, 0xDC, 0xDE, 0xFC, 0xDE,
    0xFC, 0xDE, 0xFC, 0xDE, 0xFC, 0xDE, 0xFC, 0xDE, 0xFC, 0xDE, 0xFC, 0xDE, 0xFC, 0xDE, 0xFC, 0xDE,
    0xFC, 0xDE, 0xFC, 0xDE, 0xFC, 0xDE, 0xFC, 0xDE, 0xDC, 0xDE, 0xFC, 0xDE, 0xDC, 0xDE, 0xDC, 0xDE,
    0xFC, 0xDE, 0xFC, 0xDE, 0xFC, 0xDE, 0xFC, 0xDE, 0xFC, 0xDE, 0xDC, 0xDE, 0xDC, 0xDE, 0xDC, 0xDE,
    0xDC, 0xDE, 0xFC, 0xDE, 0xFC, 0xDE, 0xDC, 0xDE, 0xDC, 0xDE, 0xDC, 0xDE, 0xDC, 0xDE, 0xDC, 0xDE,
    0xDC, 0xDE, 0xDC, 0xDE, 0xDC, 0xDE, 0xDC, 0xDE, 0xDC, 0xDE, 0xDC, 0xDE, 0xDC, 0xDE, 0xDC, 0xDE,
    0xDC, 0xDE, 0xDC, 0xDE, 0xDC, 0xDE, 0xDC, 0xDE, 0xDC, 0xDE, 0xFC, 0xDE, 0xFC, 0xDE, 0xDC, 0xDE,
    0xDC, 0xDE, 0xFC, 0xDE, 0xFC, 0xDE, 0xDC, 0xDE, 0xDC, 0xDE, 0xDC, 0xDE, 0xDC, 0xDE, 0xFC, 0xDE,
    0xFC, 0xDE, 0xFC, 0xDE, 0xFC, 0xDE, 0xFC, 0xDE, 0xDC, 0xDE, 0xFC, 0xDE, 0xFC, 0xDE, 0xFC, 0xDE,
    0xFC, 0xDE, 0xDC, 0xDE, 0xDC, 0xDE, 0xDC, 0xDE, 0xDC, 0xDE, 0xDC, 0xDE, 0xFC, 0xDE, 0xFC, 0xDE,
    0xFC, 0xDE, 0xFC, 0xDE, 0xFC, 0xDE, 0xFC, 0xDE, 0xDC, 0xDE, 0xFC, 0xDE, 0xFC, 0xDE, 0xFC, 0xDE,
    0xFC, 0xDE, 0xFC, 0xDE, 0xFC, 0xDE, 0xDC, 0xDE, 0xFC, 0xDE, 0xFC, 0xDE, 0xFC, 0xDE, 0xFC, 0xDE,
    0xDC, 0xDE, 0xFC, 0xDE, 0xFC, 0xDE, 0xFC, 0xDE, 0xFC, 0xDE, 0xFC, 0xDE, 0xFC, 0xDE, 0xFC, 0xDE,
    0xFC, 0xDE, 0xFC, 0xDE, 0xFC, 0xDE, 0xFC, 0xDE, 0xFC, 0xDE, 0xFC, 0xDE, 0xFC, 0xDE, 0xFC, 0xDE,
    0xFC, 0xDE, 0xFC, 0xDE, 0xFC, 0xDE, 0xFC, 0xDE, 0xFC, 0xDE, 0xFC, 0xDE, 0xFC, 0xDE, 0xFC, 0xDE,
    0xDC, 0xDE, 0xDC, 0xDE, 0xFC, 0xDE, 0xFC, 0xDE, 0xFC, 0xDE, 0xFC, 0xDE, 0xFC, 0xDE, 0xFC, 0xDE,
    0xDC, 0xDE, 0xDC, 0xDE, 0xFC, 0xDE, 0xFC, 0xDE, 0xDC, 0xDE, 0xDC, 0xDE, 0xFC, 0xDE, 0xFC, 0xDE,
    0xFC, 0xDE, 0xFC, 0xDE, 0xFC, 0xDE, 0xFC, 0xDE, 0xFC, 0xDE, 0xFC, 0xDE, 0xFC, 0xDE, 0xFC, 0xDE,
    0xFC, 0xDE, 0xFC, 0xDE, 0xFC, 0xDE, 0xFC, 0xDE, 0xFC, 0xDE, 0xFC, 0xDE, 0xFC, 0xDE, 0xDC, 0xDE,
    0xDC, 0xDE, 0xDC, 0xDE, 0xFC, 0xDE, 0xFC, 0xDE, 0xFC, 0xDE, 0xFC, 0xDE, 0xFC, 0xDE, 0xFC, 0xDE,
    0xFC, 0xDE, 0xFC, 0xDE, 0xFC, 0xDE, 0xDC, 0xDE, 0xFC, 0xDE, 0xDC, 0xDE, 0xFC, 0xDE, 0xFC, 0xDE,
    0xFC, 0xDE, 0xFC, 0xDE, 0xDC, 0xDE, 0xDC, 0xDE, 0xDC, 0xDE, 0xFC, 0xE6, 0x9E, 0xF7, 0x9D, 0xF7,
    0xBE, 0xFF, 0x59, 0xCE, 0x73, 0x8C, 0x94, 0x94, 0x73, 0x94, 0x77, 0xAD, 0x7A, 0xCE, 0x7A, 0xCE,
    0x7A, 0xCE, 0xFC, 0xDE, 0x3D, 0xE7, 0x3C, 0xE7, 0x9E, 0xF7, 0xAE, 0x73, 0x04, 0x21, 0x66, 0x29,
    0x65, 0x29, 0x6E, 0x21, 0x71, 0x21, 0x71, 0x21, 0x71, 0x21, 0x71, 0x21, 0x6D, 0x21, 0x66, 0x29,
    0x65, 0x29, 0x45, 0x29, 0x49, 0x4A, 0xDB, 0xD6, 0x3C, 0xE7, 0x1C, 0xE7, 0xFC, 0xDE, 0x7A, 0xCE,
    0x7A, 0xCE, 0x7A, 0xCE, 0x97, 0xB5, 0x73, 0x8C, 0x94, 0x94, 0x93, 0x94, 0x7A, 0xCE, 0xBE, 0xF7,
    0x7D, 0xF7, 0x9E, 0xF7, 0x1C, 0xE7, 0xDB, 0xDE, 0xDC, 0xDE, 0xDC, 0xDE, 0xFC, 0xDE, 0xFC, 0xDE,
    0xDC, 0xDE, 0xFC, 0xDE, 0xFC, 0xDE, 0xFC, 0xDE, 0xDC, 0xDE, 0xDC, 0xDE, 0xFC, 0xDE, 0xFC, 0xDE,
    0xFC, 0xDE, 0xDC, 0xDE, 0xDC, 0xDE, 0xFC, 0xDE, 0xFC, 0xDE, 0xFC, 0xDE, 0xFC, 0xDE, 0xFC, 0xDE,
    0xDC, 0xDE, 0xDC, 0xDE, 0xDC, 0xDE, 0xDC, 0xDE, 0xDC, 0xDE, 0xFC, 0xDE, 0xFC, 0xDE, 0xFC, 0xDE,
    0xFC, 0xDE, 0xFC, 0xDE, 0xFC, 0xDE, 0xFC, 0xDE, 0xFC, 0xDE, 0xFC, 0xDE, 0xFC, 0xDE, 0xFC, 0xDE,
    0xDC, 0xDE, 0xDC, 0xDE, 0xDC, 0xDE, 0xDC, 0xDE, 0xDC, 0xDE, 0xDC, 0xDE, 0xDC, 0xDE, 0xDC, 0xDE,
    0xDC, 0xDE, 0xDC, 0xDE, 0xDC, 0xDE, 0xDC, 0xDE, 0xDC, 0xDE, 0xDC, 0xDE, 0xDC, 0xDE, 0xFC, 0xDE,
    0xFC, 0xDE, 0xFC, 0xDE, 0xFC, 0xDE, 0xFC, 0xDE, 0xFC, 0xDE, 0xDC, 0xDE, 0xDB, 0xDE, 0xDC, 0xDE,
    0xFC, 0xDE, 0xFC, 0xDE, 0xFC, 0xDE, 0xFC, 0xDE, 0xDC, 0xDE, 0xFC, 0xDE, 0xFC, 0xDE, 0xFC, 0xDE,
    0xFC, 0xDE, 0xFC, 0xDE, 0xFC, 0xDE, 0xFC, 0xDE, 0xFC, 0xDE, 0xFC, 0xDE, 0xFC, 0xDE, 0xFC, 0xDE,
    0xDC, 0xDE, 0xDC, 0xDE, 0xDC, 0xDE, 0xDC, 0xDE, 0xDC, 0xDE, 0xDC, 0xDE, 0xFC, 0xDE, 0xFC, 0xDE,
    0xFC, 0xDE, 0xFC, 0xDE, 0xFC, 0xDE, 0xFC, 0xDE, 0xFC, 0xDE, 0xFC, 0xDE, 0xFC, 0xDE, 0xFC, 0xDE,
    0xDC, 0xDE, 0xDC, 0xDE, 0xDC, 0xDE, 0xFC, 0xDE, 0xFC, 0xDE, 0xDC, 0xDE, 0xFC, 0xDE, 0xDC, 0xDE,
    0xFC, 0xDE, 0xFC, 0xDE, 0xFC, 0xDE, 0xFC, 0xDE, 0xFC, 0xDE, 0xFC, 0xDE, 0xFC, 0xDE, 0xFC, 0xDE,
    0xFC, 0xDE, 0xFC, 0xDE, 0xFC, 0xDE, 0xFC, 0xDE, 0xFC, 0xDE, 0xFC, 0xDE, 0xFC, 0xDE, 0xFC, 0xDE,
    0xFC, 0xDE, 0xFC, 0xDE, 0xFC, 0xDE, 0xDC, 0xDE, 0xDC, 0xDE, 0xDC, 0xDE, 0xFC, 0xDE, 0xFC, 0xDE,
    0xDC, 0xDE, 0xFC, 0xDE, 0xFC, 0xDE, 0xFC, 0xDE, 0xDC, 0xDE, 0xFC, 0xDE, 0xFC, 0xDE, 0xFC, 0xDE,
    0xDC, 0xDE, 0xDC, 0xDE, 0xFC, 0xDE, 0xFC, 0xDE, 0xFC, 0xDE, 0xFC, 0xDE, 0xFC, 0xDE, 0xFC, 0xDE,
    0xFC, 0xDE, 0xFC, 0xDE, 0xFC, 0xDE, 0xDC, 0xDE, 0xFC, 0xDE, 0xFC, 0xDE, 0xFC, 0xDE, 0xFC, 0xDE,
    0xDC, 0xDE, 0xFC, 0xDE, 0xFC, 0xDE, 0xDC, 0xDE, 0xDC, 0xDE, 0xDC, 0xDE, 0xDC, 0xDE, 0xDC, 0xDE,
    0xFC, 0xDE, 0xFC, 0xDE, 0xFC, 0xDE, 0xFC, 0xDE, 0xFC, 0xDE, 0xFC, 0xDE, 0xFC, 0xDE, 0xDC, 0xDE,
    0xFC, 0xDE, 0xDC, 0xDE, 0xDC, 0xDE, 0xDC, 0xDE, 0xDC, 0xDE, 0xDC, 0xDE, 0xDC, 0xDE, 0xDC, 0xDE,
    0xDC, 0xDE, 0xFC, 0xE6, 0x9E, 0xF7, 0x9D, 0xF7, 0xBE, 0xFF, 0x59, 0xCE, 0x73, 0x8C, 0x94, 0x94,
    0x73, 0x8C, 0x56, 0xAD, 0x7A, 0xCE, 0x7A, 0xCE, 0x5A, 0xCE, 0xFC, 0xDE, 0x3D, 0xE7, 0x3C, 0xE7,
    0x9E, 0xF7, 0x8E, 0x73, 0x04, 0x21, 0x66, 0x29, 0x66, 0x29, 0x6D, 0x21, 0x71, 0x21, 0x71, 0x21,
    0x71, 0x21, 0x71, 0x21, 0x6D, 0x21, 0x66, 0x29, 0x66, 0x29, 0x45, 0x29, 0x49, 0x4A, 0xDB, 0xDE,
    0x3C, 0xE7, 0x1C, 0xE7, 0xFC, 0xDE, 0x7A, 0xCE, 0x7A, 0xCE, 0x7A, 0xCE, 0x97, 0xB5, 0x73, 0x8C,
    0x94, 0x94, 0x93, 0x8C, 0x7A, 0xCE, 0xBE, 0xF7, 0x7D, 0xF7, 0x7E, 0xF7, 0x1C, 0xE7, 0xDB, 0xDE,
    0xDC, 0xDE, 0xDC, 0xDE, 0xFC, 0xDE, 0xFC, 0xDE, 0xFC, 0xDE, 0xFC, 0xDE, 0xFC, 0xDE, 0xFC, 0xDE,
    0xDC, 0xDE, 0xDC, 0xDE, 0xFC, 0xDE, 0xFC, 0xDE, 0xFC, 0xDE, 0xDC, 0xDE, 0xDC, 0xDE, 0xFC, 0xDE,
    0xFC, 0xDE, 0xFC, 0xDE, 0xFC, 0xDE, 0xFC, 0xDE, 0xFC, 0xDE, 0xFC, 0xDE, 0xFC, 0xDE, 0xFC, 0xDE,
    0xFC, 0xDE, 0xFC, 0xDE, 0xFC, 0xDE, 0xFC, 0xDE, 0xFC, 0xDE, 0xFC, 0xDE, 0xFC, 0xDE, 0xFC, 0xDE,
    0xFC, 0xDE, 0xFC, 0xDE, 0xFC, 0xDE, 0xFC, 0xDE, 0xDC, 0xDE, 0xDC, 0xDE, 0xDC, 0xDE, 0xDC, 0xDE,
    0xDC, 0xDE, 0xDC, 0xDE, 0xDC, 0xDE, 0xDC, 0xDE, 0xDC, 0xDE, 0xDC, 0xDE, 0xDC, 0xDE, 0xDC, 0xDE,
    0xDC, 0xDE, 0xDC, 0xDE, 0xFC, 0xDE, 0xFC, 0xDE, 0xFC, 0xDE, 0xDC, 0xDE, 0xFC, 0xDE, 0xFC, 0xDE,
    0xFC, 0xDE, 0xFC, 0xDE, 0xDC, 0xDE, 0xDC, 0xDE, 0xFC, 0xDE, 0xFC, 0xDE, 0xFC, 0xDE, 0xFC, 0xDE,
    0xDC, 0xDE, 0xFC, 0xDE, 0xFC, 0xDE, 0xFC, 0xDE, 0xFC, 0xDE, 0xFC, 0xDE, 0xFC, 0xDE, 0xFC, 0xDE,
    0xFC, 0xDE, 0xFC, 0xDE, 0xFC, 0xDE, 0xFC, 0xDE, 0xDC, 0xDE, 0xDC, 0xDE, 0xDC, 0xDE, 0xDC, 0xDE,
    0xDC, 0xDE, 0xDC, 0xDE, 0xDC, 0xDE, 0xDC, 0xDE, 0xFC, 0xDE, 0xFC, 0xDE, 0xFC, 0xDE, 0xFC, 0xDE,
    0xFC, 0xDE, 0xFC, 0xDE, 0xFC, 0xDE, 0xFC, 0xDE, 0xFC, 0xDE, 0xFC, 0xDE, 0xFC, 0xDE, 0xFC, 0xDE,
    0xDC, 0xDE, 0xDC, 0xDE, 0xFC, 0xDE, 0xDC, 0xDE, 0xFC, 0xDE, 0xFC, 0xDE, 0xFC, 0xDE, 0xFC, 0xDE,
    0xFC, 0xDE, 0xDC, 0xDE, 0xFC, 0xDE, 0xFC, 0xDE, 0xFC, 0xDE, 0xFC, 0xDE, 0xFC, 0xDE, 0xFC, 0xDE,
    0xFC, 0xDE, 0xFC, 0xDE, 0xFC, 0xDE, 0xFC, 0xDE, 0xFC, 0xDE, 0xFC, 0xDE, 0xFC, 0xDE, 0xDC, 0xDE,
    0xDC, 0xDE, 0xDC, 0xDE, 0xFC, 0xDE, 0xFC, 0xDE, 0xFC, 0xDE, 0xFC, 0xDE, 0xFC, 0xDE, 0xFC, 0xDE,
    0xDC, 0xDE, 0xFC, 0xDE, 0xFC, 0xDE, 0xFC, 0xDE, 0xFC, 0xDE, 0xFC, 0xDE, 0xFC, 0xDE, 0xFC, 0xDE,
    0xFC, 0xDE, 0xFC, 0xDE, 0xFC, 0xDE, 0xFC, 0xDE, 0xFC, 0xDE, 0xFC, 0xDE, 0xDC, 0xDE, 0xDC, 0xDE,
    0xFC, 0xDE, 0xFC, 0xDE, 0xFC, 0xDE, 0xFC, 0xDE, 0xDC, 0xDE, 0xFC, 0xDE, 0xFC, 0xDE, 0xDC, 0xDE,
    0xDC, 0xDE, 0xDC, 0xDE, 0xDC, 0xDE, 0xDC, 0xDE, 0xFC, 0xDE, 0xFC, 0xDE, 0xFC, 0xDE, 0xFC, 0xDE,
    0xFC, 0xDE, 0xFC, 0xDE, 0xFC, 0xDE, 0xDC, 0xDE, 0xDC, 0xDE, 0xDC, 0xDE, 0xDC, 0xDE, 0xDC, 0xDE,
    0xDC, 0xDE, 0xDC, 0xDE, 0xDC, 0xDE, 0xDC, 0xDE, 0xDC, 0xDE, 0x1C, 0xE7, 0x9E, 0xF7, 0x9D, 0xF7,
    0xBE, 0xFF, 0x59, 0xCE, 0x73, 0x8C, 0xB4, 0x94, 0x73, 0x8C, 0x56, 0xAD, 0x7A, 0xCE, 0x7A, 0xCE,
    0x5A, 0xCE, 0xFC, 0xDE, 0x3D, 0xE7, 0x3C, 0xE7, 0x9E, 0xF7, 0x8E, 0x73, 0x04, 0x21, 0x66, 0x29,
    0x66, 0x29, 0x6D, 0x21, 0x71, 0x21, 0x71, 0x21, 0x71, 0x21, 0x71, 0x21, 0x6D, 0x21, 0x66, 0x29,
    0x66, 0x29, 0x45, 0x29, 0x49, 0x4A, 0xDB, 0xDE, 0x3D, 0xE7, 0x1C, 0xE7, 0xFC, 0xDE, 0x7A, 0xCE,
    0x7A, 0xCE, 0x7A, 0xCE, 0x97, 0xB5, 0x93, 0x8C, 0x94, 0x94, 0x73, 0x8C, 0x79, 0xCE, 0xBE, 0xF7,
    0x9D, 0xF7, 0x9E, 0xF7, 0x1C, 0xE7, 0xDB, 0xDE, 0xDC, 0xDE, 0xDC, 0xDE, 0xFC, 0xDE, 0xFC, 0xDE,
    0xFC, 0xDE, 0xFC, 0xDE, 0xDC, 0xDE, 0xDC, 0xDE, 0xFC, 0xDE, 0xDC, 0xDE, 0xFC, 0xDE, 0xDC, 0xDE,
    0xDC, 0xDE, 0xDC, 0xDE, 0xDC, 0xDE, 0xDC, 0xDE, 0xDC, 0xDE, 0xDC, 0xDE, 0xDC, 0xDE, 0xDC, 0xDE,
    0xFC, 0xDE, 0xFC, 0xDE, 0xFC, 0xDE, 0xFC, 0xDE, 0xFC, 0xDE, 0xFC, 0xDE, 0xFC, 0xDE, 0xFC, 0xDE,
    0xFC, 0xDE, 0xFC, 0xDE, 0xFC, 0xDE, 0xFC, 0xDE, 0xFC, 0xDE, 0xFC, 0xDE, 0xFC, 0xDE, 0xFC, 0xDE,
    0xDC, 0xDE, 0xDC, 0xDE, 0xDC, 0xDE, 0xDC, 0xDE, 0xDC, 0xDE, 0xDC, 0xDE, 0xDC, 0xDE, 0xDC, 0xDE,
    0xDC, 0xDE, 0xDC, 0xDE, 0xDC, 0xDE, 0xDC, 0xDE, 0xDC, 0xDE, 0xDC, 0xDE, 0xFC, 0xDE, 0xFC, 0xDE,
    0xDC, 0xDE, 0xDC, 0xDE, 0xDC, 0xDE, 0xDC, 0xDE, 0xFC, 0xDE, 0xFC, 0xDE, 0xDC, 0xDE, 0xDC, 0xDE,
    0xFC, 0xDE, 0xFC, 0xDE, 0xFC, 0xDE, 0xFC, 0xDE, 0xDC, 0xDE, 0xFC, 0xDE, 0xFC, 0xDE, 0xFC, 0xDE,
    0xDC, 0xDE, 0xDC, 0xDE, 0xDC, 0xDE, 0xFC, 0xDE, 0xFC, 0xDE, 0xFC, 0xDE, 0xFC, 0xDE, 0xFC, 0xDE,
    0xDC, 0xDE, 0xDC, 0xDE, 0xDC, 0xDE, 0xDC, 0xDE, 0xDC, 0xDE, 0xDC, 0xDE, 0xDC, 0xDE, 0xDC, 0xDE,
    0xFC, 0xDE, 0xFC, 0xDE, 0xFC, 0xDE, 0xFC, 0xDE, 0xFC, 0xDE, 0xFC, 0xDE, 0xFC, 0xDE, 0xFC, 0xDE,
    0xFC, 0xDE, 0xFC, 0xDE, 0xFC, 0xDE, 0xDC, 0xDE, 0xFC, 0xDE, 0xDC, 0xDE, 0xFC, 0xDE, 0xDC, 0xDE,
    0xFC, 0xDE, 0xFC, 0xDE, 0xFC, 0xDE, 0xFC, 0xDE, 0xFC, 0xDE, 0xFC, 0xDE, 0xFC, 0xDE, 0xFC, 0xDE,
    0xFC, 0xDE, 0xFC, 0xDE, 0xFC, 0xDE, 0xFC, 0xDE, 0xFC, 0xDE, 0xDC, 0xDE, 0xDC, 0xDE, 0xDC, 0xDE,
    0xDC, 0xDE, 0xFC, 0xDE, 0xFC, 0xDE, 0xDC, 0xDE, 0xDC, 0xDE, 0xDC, 0xDE, 0xFC, 0xDE, 0xFC, 0xDE,
    0xFC, 0xDE, 0xFC, 0xDE, 0xDC, 0xDE, 0xDC, 0xDE, 0xDC, 0xDE, 0xFC, 0xDE, 0xFC, 0xDE, 0xFC, 0xDE,
    0xFC, 0xDE, 0xFC, 0xDE, 0xFC, 0xDE, 0xFC, 0xDE, 0xFC, 0xDE, 0xFC, 0xDE, 0xFC, 0xDE, 0xFC, 0xDE,
    0xFC, 0xDE, 0xFC, 0xDE, 0xDC, 0xDE, 0xDC, 0xDE, 0xFC, 0xDE, 0xFC, 0xDE, 0xFC, 0xDE, 0xFC, 0xDE,
    0xDC, 0xDE, 0xFC, 0xDE, 0xFC, 0xDE, 0xDC, 0xDE, 0xDC, 0xDE, 0xDC, 0xDE, 0xDC, 0xDE, 0xDC, 0xDE,
    0xFC, 0xDE, 0xFC, 0xDE, 0xFC, 0xDE, 0xDC, 0xDE, 0xDC, 0xDE, 0xDC, 0xDE, 0xDC, 0xDE, 0xDC, 0xDE,
    0xDC, 0xDE, 0xDC, 0xDE, 0xDC, 0xDE, 0xDC, 0xDE, 0xDC, 0xDE, 0xDC, 0xDE, 0xDC, 0xDE, 0xDC, 0xDE,
    0xDC, 0xDE, 0x1C, 0xE7, 0x9E, 0xF7, 0x9D, 0xF7, 0xBE, 0xFF, 0x59, 0xCE, 0x73, 0x8C, 0x94, 0x94,
    0x73, 0x8C, 0x76, 0xAD, 0x7A, 0xCE, 0x7A, 0xCE, 0x5A, 0xCE, 0xFC, 0xDE, 0x3D, 0xE7, 0x3C, 0xE7,
    0x9E, 0xF7, 0x8E, 0x73, 0x04, 0x21, 0x66, 0x29, 0x66, 0x29, 0x6D, 0x21, 0x71, 0x21, 0x71, 0x21,
    0x71, 0x21, 0x71, 0x21, 0x6D, 0x21, 0x66, 0x29, 0x66, 0x29, 0x45, 0x29, 0x49, 0x4A, 0xBA, 0xD6,
    0x3C, 0xE7, 0x1C, 0xE7, 0xFC, 0xDE, 0x7A, 0xCE, 0x5A, 0xCE, 0x7A, 0xCE, 0xB7, 0xB5, 0x93, 0x8C,
    0x93, 0x8C, 0x72, 0x8C, 0x59, 0xCE, 0xBE, 0xF7, 0x9D, 0xF7, 0x9D, 0xF7, 0x3C, 0xE7, 0xDB, 0xDE,
    0xDC, 0xDE, 0xDC, 0xDE, 0xFC, 0xDE, 0xFB, 0xDE, 0xFB, 0xDE, 0xDC, 0xDE, 0xDC, 0xDE, 0xDC, 0xDE,
    0xFC, 0xDE, 0xFC, 0xDE, 0xFC, 0xDE, 0xDC, 0xDE, 0xDC, 0xDE, 0xDC, 0xDE, 0xDC, 0xDE, 0xDC, 0xDE,
    0xDC, 0xDE, 0xDC, 0xDE, 0xDC, 0xDE, 0xDC, 0xDE, 0xFC, 0xDE, 0xFC, 0xDE, 0xFC, 0xDE, 0xFC, 0xDE,
    0xFC, 0xDE, 0xFC, 0xDE, 0xFC, 0xDE, 0xFC, 0xDE, 0xDC, 0xDE, 0xFC, 0xDE, 0xFC, 0xDE, 0xFC, 0xDE,
    0xDC, 0xDE, 0xFC, 0xDE, 0xFC, 0xDE, 0xDC, 0xDE, 0xDC, 0xDE, 0xDC, 0xDE, 0xDC, 0xDE, 0xDC, 0xDE,
    0xDC, 0xDE, 0xDC, 0xDE, 0xDC, 0xDE, 0xDC, 0xDE, 0xDC, 0xDE, 0xFC, 0xDE, 0xFC, 0xDE, 0xDC, 0xDE,
    0xFC, 0xDE, 0xFC, 0xDE, 0xFC, 0xDE, 0xDC, 0xDE, 0xDC, 0xDE, 0xFC, 0xDE, 0xDC, 0xDE, 0xDC, 0xDE,
    0xDC, 0xDE, 0xFC, 0xDE, 0xDC, 0xDE, 0xDC, 0xDE, 0xFC, 0xDE, 0xFC, 0xDE, 0xFC, 0xDE, 0xFC, 0xDE,
    0xDC, 0xDE, 0xDC, 0xDE, 0xDC, 0xDE, 0xFC, 0xDE, 0xDC, 0xDE, 0xDC, 0xDE, 0xDC, 0xDE, 0xDC, 0xDE,
    0xFC, 0xDE, 0xFC, 0xDE, 0xFC, 0xDE, 0xFC, 0xDE, 0xDC, 0xDE, 0xDC, 0xDE, 0xDC, 0xDE, 0xDC, 0xDE,
    0xDC, 0xDE, 0xDC, 0xDE, 0xDC, 0xDE, 0xDC, 0xDE, 0xDC, 0xDE, 0xFC, 0xDE, 0xFC, 0xDE, 0xFC, 0xDE,
    0xFC, 0xDE, 0xFC, 0xDE, 0xFC, 0xDE, 0xFC, 0xDE, 0xFC, 0xDE, 0xFC, 0xDE, 0xFC, 0xDE, 0xFC, 0xDE,
    0xFC, 0xDE, 0xDC, 0xDE, 0xDC, 0xDE, 0xFC, 0xDE, 0xFC, 0xDE, 0xFC, 0xDE, 0xFC, 0xDE, 0xFC, 0xDE,
    0xFC, 0xDE, 0xFC, 0xDE, 0xFC, 0xDE, 0xFC, 0xDE, 0xFC, 0xDE, 0xFC, 0xDE, 0xFC, 0xDE, 0xFC, 0xDE,
    0xFC, 0xDE, 0xFC, 0xDE, 0xFC, 0xDE, 0xFC, 0xDE, 0xDC, 0xDE, 0xDC, 0xDE, 0xDC, 0xDE, 0xDC, 0xDE,
    0xDC, 0xDE, 0xDC, 0xDE, 0xDC, 0xDE, 0xDC, 0xDE, 0xFC, 0xDE, 0xFC, 0xDE, 0xFC, 0xDE, 0xFC, 0xDE,
    0xFC, 0xDE, 0xFC, 0xDE, 0xFC, 0xDE, 0xDC, 0xDE, 0xFC, 0xDE, 0xFC, 0xDE, 0xFC, 0xDE, 0xFC, 0xDE,
    0xFC, 0xDE, 0xFC, 0xDE, 0xFC, 0xDE, 0xFC, 0xDE, 0xFC, 0xDE, 0xFC, 0xDE, 0xFC, 0xDE, 0xFC, 0xDE,
    0xFC, 0xDE, 0xFC, 0xDE, 0xFC, 0xDE, 0xFC, 0xDE, 0xDC, 0xDE, 0xDC, 0xDE, 0xDC, 0xDE, 0xDC, 0xDE,
    0xDC, 0xDE, 0xDC, 0xDE, 0xDC, 0xDE, 0xDC, 0xDE, 0xFC, 0xDE, 0xFC, 0xDE, 0xFC, 0xDE, 0xDC, 0xDE,
    0xDC, 0xDE, 0xDC, 0xDE, 0xDC, 0xDE, 0xDC, 0xDE, 0xDC, 0xDE, 0xDC, 0xDE, 0xDC, 0xDE, 0xDC, 0xDE,
    0xDC, 0xDE, 0xDC, 0xDE, 0xFC, 0xDE, 0xFC, 0xDE, 0xDC, 0xDE, 0x1C, 0xE7, 0x9D, 0xF7, 0x9D, 0xF7,
    0xBE, 0xF7, 0x39, 0xCE, 0x72, 0x8C, 0xB4, 0x94, 0x93, 0x8C, 0x76, 0xAD, 0x7A, 0xCE, 0x7A, 0xCE,
    0x5A, 0xCE, 0xFC, 0xDE, 0x5D, 0xEF, 0x3C, 0xE7, 0x9E, 0xF7, 0x8E, 0x73, 0x04, 0x21, 0x66, 0x29,
    0x66, 0x29, 0x6D, 0x21, 0x71, 0x21, 0x71, 0x21, 0x71, 0x21, 0x71, 0x21, 0x6D, 0x21, 0x66, 0x29,
    0x66, 0x29, 0x45, 0x29, 0x49, 0x4A, 0xBB, 0xD6, 0x3C, 0xE7, 0x1C, 0xE7, 0xFC, 0xDE, 0x7A, 0xCE,
    0x5A, 0xCE, 0x7A, 0xCE, 0xB7, 0xB5, 0x93, 0x8C, 0x93, 0x8C, 0x73, 0x8C, 0x7A, 0xCE, 0xDF, 0xFF,
    0xBE, 0xF7, 0xBE, 0xF7, 0x3C, 0xE7, 0xDB, 0xDE, 0xDC, 0xDE, 0xDB, 0xDE, 0xDB, 0xDE, 0xFB, 0xDE,
    0xFB, 0xDE, 0xDC, 0xDE, 0xDC, 0xDE, 0xDC, 0xDE, 0xFC, 0xDE, 0xFC, 0xDE, 0xFC, 0xDE, 0xDC, 0xDE,
    0xDC, 0xDE, 0xDC, 0xDE, 0xDC, 0xDE, 0xDC, 0xDE, 0xDC, 0xDE, 0xDC, 0xDE, 0xDC, 0xDE, 0xDC, 0xDE,
    0xDC, 0xDE, 0xDC, 0xDE, 0xFC, 0xDE, 0xFC, 0xDE, 0xFC, 0xDE, 0xFC, 0xDE, 0xFC, 0xDE, 0xFC, 0xDE,
    0xDC, 0xDE, 0xFC, 0xDE, 0xFC, 0xDE, 0xFC, 0xDE, 0xDC, 0xDE, 0xFC, 0xDE, 0xFC, 0xDE, 0xDC, 0xDE,
    0xDC, 0xDE, 0xDC, 0xDE, 0xDC, 0xDE, 0xDC, 0xDE, 0xDC, 0xDE, 0xDC, 0xDE, 0xDC, 0xDE, 0xDC, 0xDE,
    0xDC, 0xDE, 0xFC, 0xDE, 0xFC, 0xDE, 0xDC, 0xDE, 0xFC, 0xDE, 0xDC, 0xDE, 0xDC, 0xDE, 0xFC, 0xDE,
    0xDC, 0xDE, 0xDC, 0xDE, 0xDC, 0xDE, 0xDC, 0xDE, 0xDC, 0xDE, 0xFC, 0xDE, 0xDC, 0xDE, 0xDC, 0xDE,
    0xFC, 0xDE, 0xFC, 0xDE, 0xFC, 0xDE, 0xFC, 0xDE, 0xDC, 0xDE, 0xDC, 0xDE, 0xDC, 0xDE, 0xFC, 0xDE,
    0xDC, 0xDE, 0xDC, 0xDE, 0xDC, 0xDE, 0xDC, 0xDE, 0xFC, 0xDE, 0xFC, 0xDE, 0xFC, 0xDE, 0xFC, 0xDE,
    0xDC, 0xDE, 0xDC, 0xDE, 0xDC, 0xDE, 0xDC, 0xDE, 0xDC, 0xDE, 0xDC, 0xDE, 0xDC, 0xDE, 0xDC, 0xDE,
    0xDC, 0xDE, 0xFC, 0xDE, 0xFC, 0xDE, 0xFC, 0xDE, 0xFC, 0xDE, 0xFC, 0xDE, 0xFC, 0xDE, 0xFC, 0xDE,
    0xFC, 0xDE, 0xFC, 0xDE, 0xFC, 0xDE, 0xFC, 0xDE, 0xFC, 0xDE, 0xDC, 0xDE, 0xDC, 0xDE, 0xDC, 0xDE,
    0xFC, 0xDE, 0xFC, 0xDE, 0xFC, 0xDE, 0xFC, 0xDE, 0xFC, 0xDE, 0xFC, 0xDE, 0xFC, 0xDE, 0xFC, 0xDE,
    0xFC, 0xDE, 0xFC, 0xDE, 0xFC, 0xDE, 0xFC, 0xDE, 0xFC, 0xDE, 0xFC, 0xDE, 0xFC, 0xDE, 0xDC, 0xDE,
    0xDC, 0xDE, 0xDC, 0xDE, 0xDC, 0xDE, 0xDC, 0xDE, 0xFC, 0xDE, 0xFC, 0xDE, 0xFC, 0xDE, 0xFC, 0xDE,
    0xFC, 0xDE, 0xFC, 0xDE, 0xFC, 0xDE, 0xFC, 0xDE, 0xDC, 0xDE, 0xDC, 0xDE, 0xDC, 0xDE, 0xDC, 0xDE,
    0xFC, 0xDE, 0xFC, 0xDE, 0xDC, 0xDE, 0xFC, 0xDE, 0xFC, 0xDE, 0xFC, 0xDE, 0xFC, 0xDE, 0xFC, 0xDE,
    0xFC, 0xDE, 0xFC, 0xDE, 0xFC, 0xDE, 0xFC, 0xDE, 0xFC, 0xDE, 0xFC, 0xDE, 0xFC, 0xDE, 0xFC, 0xDE,
    0xDC, 0xDE, 0xDC, 0xDE, 0xDC, 0xDE, 0xDC, 0xDE, 0xDC, 0xDE, 0xDC, 0xDE, 0xDC, 0xDE, 0xDC, 0xDE,
    0xFC, 0xDE, 0xFC, 0xDE, 0xFC, 0xDE, 0xDC, 0xDE, 0xDC, 0xDE, 0xDC, 0xDE, 0xDC, 0xDE, 0xDC, 0xDE,
    0xDC, 0xDE, 0xDC, 0xDE, 0xDC, 0xDE, 0xDC, 0xDE, 0xDC, 0xDE, 0xDC, 0xDE, 0xFC, 0xDE, 0xDB, 0xDE,
    0xDB, 0xDE, 0x1C, 0xE7, 0x9E, 0xF7, 0xBF, 0xFF, 0xDF, 0xFF, 0x39, 0xC6, 0x72, 0x8C, 0x94, 0x94,
    0x93, 0x94, 0x76, 0xAD, 0x7A, 0xCE, 0x7A, 0xCE, 0x5A, 0xCE, 0xFC, 0xDE, 0x5D, 0xEF, 0x3C, 0xE7,
    0x9E, 0xF7, 0x8E, 0x73, 0x04, 0x21, 0x66, 0x29, 0x66, 0x29, 0x6D, 0x21, 0x71, 0x21, 0x71, 0x21,
    0x71, 0x21, 0x71, 0x21, 0x6D, 0x21, 0x66, 0x29, 0x66, 0x29, 0x45, 0x29, 0x49, 0x4A, 0xBB, 0xD6,
    0x3C, 0xE7, 0x1C, 0xE7, 0xFC, 0xDE, 0x7A, 0xCE, 0x5A, 0xCE, 0x7A, 0xCE, 0x97, 0xB5, 0x73, 0x8C,
    0x93, 0x94, 0x93, 0x94, 0x97, 0xB5, 0x19, 0xC6, 0x18, 0xC6, 0x39, 0xC6, 0xDB, 0xDE, 0x5D, 0xEF,
    0x3C, 0xE7, 0x3C, 0xE7, 0xFB, 0xDE, 0xFC, 0xDE, 0xFC, 0xDE, 0xDC, 0xDE, 0xDC, 0xDE, 0xDC, 0xDE,
    0xDC, 0xDE, 0xDC, 0xDE, 0xDC, 0xDE, 0xDC, 0xDE, 0xDC, 0xDE, 0xDC, 0xDE, 0xDC, 0xDE, 0xDC, 0xDE,
    0xDC, 0xDE, 0xDC, 0xDE, 0xDC, 0xDE, 0xDC, 0xDE, 0xDC, 0xDE, 0xDC, 0xDE, 0xFC, 0xDE, 0xFC, 0xDE,
    0xFC, 0xDE, 0xFC, 0xDE, 0xFC, 0xDE, 0xFC, 0xDE, 0xDC, 0xDE, 0xFC, 0xDE, 0xFC, 0xDE, 0xFC, 0xDE,
    0xDC, 0xDE, 0xFC, 0xDE, 0xFC, 0xDE, 0xDC, 0xDE, 0xDC, 0xDE, 0xDC, 0xDE, 0xDC, 0xDE, 0xDC, 0xDE,
    0xDC, 0xDE, 0xDC, 0xDE, 0xDC, 0xDE, 0xDC, 0xDE, 0xDC, 0xDE, 0xFC, 0xDE, 0xFC, 0xDE, 0xDC, 0xDE,
    0xFC, 0xDE, 0xDC, 0xDE, 0xDC, 0xDE, 0xFC, 0xDE, 0xDC, 0xDE, 0xDC, 0xDE, 0xDC, 0xDE, 0xDC, 0xDE,
    0xFC, 0xDE, 0xFC, 0xDE, 0xDC, 0xDE, 0xDC, 0xDE, 0xFC, 0xDE, 0xFC, 0xDE, 0xFC, 0xDE, 0xFC, 0xDE,
    0xFC, 0xDE, 0xDC, 0xDE, 0xDC, 0xDE, 0xDC, 0xDE, 0xDC, 0xDE, 0xDC, 0xDE, 0xDC, 0xDE, 0xDC, 0xDE,
    0xFC, 0xDE, 0xFC, 0xDE, 0xFC, 0xDE, 0xFC, 0xDE, 0xDC, 0xDE, 0xDC, 0xDE, 0xDC, 0xDE, 0xDC, 0xDE,
    0xDC, 0xDE, 0xDC, 0xDE, 0xDC, 0xDE, 0xDC, 0xDE, 0xDC, 0xDE, 0xFC, 0xDE, 0xDC, 0xDE, 0xDC, 0xDE,
    0xDC, 0xDE, 0xFC, 0xDE, 0xFC, 0xDE, 0xFC, 0xDE, 0xFC, 0xDE, 0xFC, 0xDE, 0xFC, 0xDE, 0xFC, 0xDE,
    0xFC, 0xDE, 0xFC, 0xDE, 0xFC, 0xDE, 0xDC, 0xDE, 0xDC, 0xDE, 0xFC, 0xDE, 0xFC, 0xDE, 0xFC, 0xDE,
    0xFC, 0xDE, 0xFC, 0xDE, 0xFC, 0xDE, 0xFC, 0xDE, 0xFC, 0xDE, 0xDC, 0xDE, 0xDC, 0xDE, 0xDC, 0xDE,
    0xDC, 0xDE, 0xDC, 0xDE, 0xDC, 0xDE, 0xDC, 0xDE, 0xFC, 0xDE, 0xFC, 0xDE, 0xDC, 0xDE, 0xDC, 0xDE,
    0xFC, 0xDE, 0xFC, 0xDE, 0xFC, 0xDE, 0xFC, 0xDE, 0xFC, 0xDE, 0xFC, 0xDE, 0xFC, 0xDE, 0xFC, 0xDE,
    0xDC, 0xDE, 0xDC, 0xDE, 0xDC, 0xDE, 0xFC, 0xDE, 0xFC, 0xDE, 0xDC, 0xDE, 0xDC, 0xDE, 0xDC, 0xDE,
    0xFC, 0xDE, 0xFC, 0xDE, 0xFC, 0xDE, 0xFC, 0xDE, 0xFC, 0xDE, 0xFC, 0xDE, 0xFC, 0xDE, 0xFC, 0xDE,
    0xFC, 0xDE, 0xFC, 0xDE, 0xFC, 0xDE, 0xFC, 0xDE, 0xFC, 0xDE, 0xFC, 0xDE, 0xFC, 0xDE, 0xFC, 0xDE,
    0xDC, 0xDE, 0xDC, 0xDE, 0xDC, 0xDE, 0xDC, 0xDE, 0xDC, 0xDE, 0xDC, 0xDE, 0xDC, 0xDE, 0xFC, 0xDE,
    0xDC, 0xDE, 0xDC, 0xDE, 0xDC, 0xDE, 0xDC, 0xDE, 0xDC, 0xDE, 0xDC, 0xDE, 0xDC, 0xDE, 0xDC, 0xDE,
    0xDC, 0xDE, 0xFB, 0xDE, 0x3C, 0xE7, 0x3C, 0xE7, 0x5D, 0xEF, 0xFC, 0xDE, 0x18, 0xC6, 0x18, 0xC6,
    0x39, 0xC6, 0x76, 0xAD, 0x93, 0x94, 0xB4, 0x94, 0x93, 0x94, 0x56, 0xAD, 0x7A, 0xCE, 0x7A, 0xCE,
    0x5A, 0xCE, 0xFC, 0xDE, 0x3D, 0xE7, 0x3C, 0xE7, 0x9E, 0xF7, 0x8E, 0x73, 0x04, 0x21, 0x66, 0x29,
    0x66, 0x29, 0x6D, 0x21, 0x71, 0x21, 0x71, 0x21, 0x71, 0x21, 0x71, 0x21, 0x6D, 0x21, 0x86, 0x31,
    0x66, 0x29, 0x45, 0x29, 0x49, 0x4A, 0xBB, 0xD6, 0x3C, 0xE7, 0x1C, 0xE7, 0xFC, 0xDE, 0x7A, 0xCE,
    0x5A, 0xCE, 0x7A, 0xCE, 0xB7, 0xB5, 0x93, 0x8C, 0x94, 0x94, 0x94, 0x94, 0x93, 0x94, 0x73, 0x8C,
    0x73, 0x94, 0x93, 0x94, 0x9A, 0xD6, 0xBE, 0xF7, 0x7D, 0xF7, 0x7D, 0xF7, 0x1C, 0xE7, 0xFC, 0xDE,
    0xDC, 0xDE, 0xDC, 0xDE, 0xDC, 0xDE, 0xDC, 0xDE, 0xDC, 0xDE, 0xDC, 0xDE, 0xDC, 0xDE, 0xDC, 0xDE,
    0xDC, 0xDE, 0xDC, 0xDE, 0xDC, 0xDE, 0xDC, 0xDE, 0xDC, 0xDE, 0xDC, 0xDE, 0xFC, 0xDE, 0xFC, 0xDE,
    0xFC, 0xDE, 0xFC, 0xDE, 0xFC, 0xDE, 0xFC, 0xDE, 0xFC, 0xDE, 0xFC, 0xDE, 0xFC, 0xDE, 0xFC, 0xDE,
    0xDC, 0xDE, 0xFC, 0xDE, 0xFC, 0xDE, 0xFC, 0xDE, 0xDC, 0xDE, 0xFC, 0xDE, 0xFC, 0xDE, 0xDC, 0xDE,
    0xDC, 0xDE, 0xDC, 0xDE, 0xDC, 0xDE, 0xDC, 0xDE, 0xDC, 0xDE, 0xDC, 0xDE, 0xDC, 0xDE, 0xDC, 0xDE,
    0xDC, 0xDE, 0xFC, 0xDE, 0xFC, 0xDE, 0xDC, 0xDE, 0xDC, 0xDE, 0xDC, 0xDE, 0xFC, 0xDE, 0xDC, 0xDE,
    0xDC, 0xDE, 0xFC, 0xDE, 0xDC, 0xDE, 0xDC, 0xDE, 0xFC, 0xDE, 0xFC, 0xDE, 0xDC, 0xDE, 0xDC, 0xDE,
    0xFC, 0xDE, 0xFC, 0xDE, 0xFC, 0xDE, 0xFC, 0xDE, 0xFC, 0xDE, 0xDC, 0xDE, 0xDC, 0xDE, 0xDC, 0xDE,
    0xDC, 0xDE, 0xDC, 0xDE, 0xDC, 0xDE, 0xDC, 0xDE, 0xFC, 0xDE, 0xFC, 0xDE, 0xFC, 0xDE, 0xFC, 0xDE,
    0xDC, 0xDE, 0xDC, 0xDE, 0xDC, 0xDE, 0xDC, 0xDE, 0xDC, 0xDE, 0xDC, 0xDE, 0xDC, 0xDE, 0xDC, 0xDE,
    0xDC, 0xDE, 0xFC, 0xDE, 0xDC, 0xDE, 0xDC, 0xDE, 0xDC, 0xDE, 0xFC, 0xDE, 0xFC, 0xDE, 0xFC, 0xDE,
    0xFC, 0xDE, 0xFC, 0xDE, 0xFC, 0xDE, 0xFC, 0xDE, 0xFC, 0xDE, 0xFC, 0xDE, 0xFC, 0xDE, 0xDC, 0xDE,
    0xDC, 0xDE, 0xDC, 0xDE, 0xFC, 0xDE, 0xFC, 0xDE, 0xFC, 0xDE, 0xFC, 0xDE, 0xFC, 0xDE, 0xFC, 0xDE,
    0xFC, 0xDE, 0xDC, 0xDE, 0xDC, 0xDE, 0xDC, 0xDE, 0xDC, 0xDE, 0xDC, 0xDE, 0xFC, 0xDE, 0xFC, 0xDE,
    0xFC, 0xDE, 0xFC, 0xDE, 0xDC, 0xDE, 0xDC, 0xDE, 0xDC, 0xDE, 0xDC, 0xDE, 0xDC, 0xDE, 0xDC, 0xDE,
    0xFC, 0xDE, 0xFC, 0xDE, 0xFC, 0xDE, 0xFC, 0xDE, 0xFC, 0xDE, 0xFC, 0xDE, 0xFC, 0xDE, 0xFC, 0xDE,
    0xFC, 0xDE, 0xDC, 0xDE, 0xDC, 0xDE, 0xDC, 0xDE, 0xDC, 0xDE, 0xFC, 0xDE, 0xFC, 0xDE, 0xFC, 0xDE,
    0xFC, 0xDE, 0xFC, 0xDE, 0xFC, 0xDE, 0xFC, 0xDE, 0xFC, 0xDE, 0xFC, 0xDE, 0xFC, 0xDE, 0xFC, 0xDE,
    0xFC, 0xDE, 0xFC, 0xDE, 0xFC, 0xDE, 0xFC, 0xDE, 0xDC, 0xDE, 0xDC, 0xDE, 0xDC, 0xDE, 0xDC, 0xDE,
    0xDC, 0xDE, 0xDC, 0xDE, 0xDC, 0xDE, 0xFC, 0xDE, 0xDC, 0xDE, 0xDC, 0xDE, 0xDC, 0xDE, 0xDC, 0xDE,
    0xDC, 0xDE, 0xDC, 0xDE, 0xDC, 0xDE, 0xDC, 0xDE, 0xDB, 0xDE, 0xFC, 0xDE, 0x7D, 0xEF, 0x9D, 0xF7,
    0xBE, 0xF7, 0xDC, 0xDE, 0x93, 0x94, 0x52, 0x8C, 0x72, 0x8C, 0x93, 0x94, 0xB4, 0x94, 0xB4, 0x94,
    0x93, 0x94, 0x56, 0xAD, 0x7A, 0xCE, 0x7A, 0xCE, 0x5A, 0xCE, 0xFC, 0xDE, 0x3D, 0xE7, 0x3C, 0xE7,
    0x9E, 0xF7, 0x8E, 0x73, 0x04, 0x21, 0x66, 0x29, 0x66, 0x29, 0x6D, 0x21, 0x71, 0x21, 0x71, 0x21,
    0x71, 0x21, 0x71, 0x21, 0x6D, 0x21, 0x86, 0x31, 0x66, 0x29, 0x45, 0x29, 0x49, 0x4A, 0xBB, 0xD6,
    0x3C, 0xE7, 0x1C, 0xE7, 0xFC, 0xDE, 0x7A, 0xCE, 0x7A, 0xCE, 0x7A, 0xCE, 0xB7, 0xB5, 0x93, 0x8C,
    0x93, 0x94, 0x94, 0x94, 0x94, 0x94, 0x94, 0x94, 0xB4, 0x94, 0xB3, 0x94, 0x7A, 0xCE, 0xBE, 0xF7,
    0x7D, 0xF7, 0x7D, 0xF7, 0x1C, 0xE7, 0xDB, 0xDE, 0xFC, 0xDE, 0xFC, 0xDE, 0xFC, 0xDE, 0xFC, 0xDE,
    0xDC, 0xDE, 0xFC, 0xDE, 0xDC, 0xDE, 0xDC, 0xDE, 0xFC, 0xDE, 0xFC, 0xDE, 0xFC, 0xDE, 0xFC, 0xDE,
    0xFC, 0xDE, 0xFC, 0xDE, 0xFC, 0xDE, 0xFC, 0xDE, 0xFC, 0xDE, 0xFC, 0xDE, 0xFC, 0xDE, 0xFC, 0xDE,
    0xFC, 0xDE, 0xFC, 0xDE, 0xFC, 0xDE, 0xFC, 0xDE, 0xFC, 0xDE, 0xFC, 0xDE, 0xFC, 0xDE, 0xFC, 0xDE,
    0xFC, 0xDE, 0xFC, 0xDE, 0xFC, 0xDE, 0xFC, 0xDE, 0xFC, 0xDE, 0xFC, 0xDE, 0xFC, 0xDE, 0xFC, 0xDE,
    0xFC, 0xDE, 0xFC, 0xDE, 0xFC, 0xDE, 0xFC, 0xDE, 0xFC, 0xDE, 0xFC, 0xDE, 0xFC, 0xDE, 0xFC, 0xDE,
    0xDC, 0xDE, 0xFC, 0xDE, 0xDC, 0xDE, 0xDC, 0xDE, 0xDC, 0xDE, 0xDC, 0xDE, 0xFC, 0xDE, 0xFC, 0xDE,
    0xFC, 0xDE, 0xFC, 0xDE, 0xFC, 0xDE, 0xFC, 0xDE, 0xFC, 0xDE, 0xFC, 0xDE, 0xFC, 0xDE, 0xFC, 0xDE,
    0xFB, 0xDE, 0xDB, 0xDE, 0xDB, 0xDE, 0xDB, 0xDE, 0xDC, 0xDE, 0xDC, 0xDE, 0xDC, 0xDE, 0xDC, 0xDE,
    0xDC, 0xDE, 0xFC, 0xDE, 0xFC, 0xDE, 0xFC, 0xDE, 0xFC, 0xDE, 0xFC, 0xDE, 0xFC, 0xDE, 0xFC, 0xDE,
    0xFC, 0xDE, 0xFC, 0xDE, 0xFC, 0xDE, 0xFC, 0xDE, 0xFC, 0xDE, 0xDC, 0xDE, 0xDC, 0xDE, 0xFC, 0xDE,
    0xFC, 0xDE, 0xFC, 0xDE, 0xFC, 0xDE, 0xFC, 0xDE, 0xFC, 0xDE, 0xFC, 0xDE, 0xFC, 0xDE, 0xFC, 0xDE,
    0xFC, 0xDE, 0xFC, 0xDE, 0xFC, 0xDE, 0xDC, 0xDE, 0xDC, 0xDE, 0xDC, 0xDE, 0xFC, 0xDE, 0xFC, 0xDE,
    0xFC, 0xDE, 0xFC, 0xDE, 0xFC, 0xDE, 0xFC, 0xDE, 0xFC, 0xDE, 0xFC, 0xDE, 0xFC, 0xDE, 0xFC, 0xDE,
    0xFC, 0xDE, 0xFC, 0xDE, 0xFC, 0xDE, 0xFC, 0xDE, 0xFC, 0xDE, 0xDB, 0xDE, 0xFB, 0xDE, 0xFC, 0xDE,
    0xFC, 0xDE, 0xFC, 0xDE, 0xFC, 0xDE, 0xFC, 0xDE, 0xFC, 0xDE, 0xFC, 0xDE, 0xFC, 0xDE, 0xFC, 0xDE,
    0xFC, 0xDE, 0xFC, 0xDE, 0xFC, 0xDE, 0xFC, 0xDE, 0xFC, 0xDE, 0xFC, 0xDE, 0xFC, 0xDE, 0xFC, 0xDE,
    0xFC, 0xDE, 0xFC, 0xDE, 0xFC, 0xDE, 0xFC, 0xDE, 0xFC, 0xDE, 0xFC, 0xDE, 0xFC, 0xDE, 0xFC, 0xDE,
    0xFC, 0xDE, 0xFC, 0xDE, 0xFC, 0xDE, 0xFC, 0xDE, 0xFC, 0xDE, 0xFC, 0xDE, 0xFC, 0xDE, 0xFB, 0xDE,
    0xFC, 0xDE, 0xFC, 0xDE, 0xFC, 0xDE, 0xFC, 0xDE, 0xFC, 0xDE, 0xFC, 0xDE, 0xFC, 0xDE, 0xFC, 0xDE,
    0xFC, 0xDE, 0xFC, 0xDE, 0xDC, 0xDE, 0xDC, 0xDE, 0xDC, 0xDE, 0xDC, 0xDE, 0xDC, 0xDE, 0xDC, 0xDE,
    0xFB, 0xDE, 0xFC, 0xDE, 0x7D, 0xEF, 0x7D, 0xF7, 0xBE, 0xF7, 0xDC, 0xDE, 0xB3, 0x94, 0x93, 0x94,
    0x93, 0x94, 0xB4, 0x94, 0xB4, 0x94, 0xB4, 0x94, 0x93, 0x94, 0x76, 0xAD, 0x7A, 0xCE, 0x7A, 0xCE,
    0x5A, 0xCE, 0xFC, 0xDE, 0x3D, 0xE7, 0x1C, 0xE7, 0x9E, 0xF7, 0x8E, 0x73, 0x04, 0x21, 0x66, 0x29,
    0x66, 0x29, 0x6D, 0x21, 0x71, 0x21, 0x71, 0x21, 0x71, 0x21, 0x71, 0x21, 0x6D, 0x21, 0x86, 0x31,
    0x66, 0x29, 0x45, 0x29, 0x49, 0x4A, 0xBA, 0xD6, 0x3C, 0xE7, 0x1C, 0xE7, 0xFC, 0xDE, 0x7A, 0xCE,
    0x7A, 0xCE, 0x7A, 0xCE, 0x97, 0xB5, 0x73, 0x8C, 0x93, 0x94, 0x93, 0x94, 0xB4, 0x94, 0xB4, 0x94,
    0xB4, 0x94, 0x93, 0x8C, 0x5A, 0xCE, 0xBF, 0xF7, 0xBE, 0xF7, 0x9E, 0xF7, 0x1C, 0xE7, 0xDB, 0xDE,
    0xFB, 0xDE, 0xFB, 0xDE, 0xFB, 0xDE, 0xFB, 0xDE, 0xDB, 0xDE, 0xDB, 0xDE, 0xDB, 0xDE, 0xFB, 0xDE,
    0xFB, 0xDE, 0xFB, 0xDE, 0xFB, 0xDE, 0xFB, 0xDE, 0xDB, 0xDE, 0xFB, 0xDE, 0xDB, 0xDE, 0xDB, 0xDE,
    0xDB, 0xDE, 0xDB, 0xDE, 0xDB, 0xDE, 0xDB, 0xDE, 0xDB, 0xDE, 0xFB, 0xDE, 0xFB, 0xDE, 0xFB, 0xDE,
    0xFB, 0xDE, 0xFB, 0xDE, 0xFB, 0xDE, 0xDB, 0xDE, 0xFB, 0xDE, 0xFB, 0xDE, 0xFB, 0xDE, 0xFB, 0xDE,
    0xFB, 0xDE, 0xFB, 0xDE, 0xFB, 0xDE, 0xFB, 0xDE, 0xFB, 0xDE, 0xFB, 0xDE, 0xFB, 0xDE, 0xFB, 0xDE,
    0xFB, 0xDE, 0xFB, 0xDE, 0xFB, 0xDE, 0xDB, 0xDE, 0xDB, 0xDE, 0xDB, 0xDE, 0xDB, 0xDE, 0xDB, 0xDE,
    0xDB, 0xDE, 0xDB, 0xDE, 0xDB, 0xDE, 0xDB, 0xDE, 0xDB, 0xDE, 0xFB, 0xDE, 0xFB, 0xDE, 0xFB, 0xDE,
    0xFB, 0xDE, 0xFB, 0xDE, 0xFB, 0xDE, 0xFB, 0xDE, 0xFB, 0xDE, 0xFB, 0xDE, 0xFB, 0xDE, 0xFB, 0xDE,
    0xDB, 0xDE, 0xDB, 0xDE, 0xDB, 0xDE, 0xDB, 0xDE, 0xDB, 0xDE, 0xDB, 0xDE, 0xFB, 0xDE, 0xFB, 0xDE,
    0xFB, 0xDE, 0xFB, 0xDE, 0xDB, 0xDE, 0xDB, 0xDE, 0xDB, 0xDE, 0xFB, 0xDE, 0xDB, 0xDE, 0xDB, 0xDE,
    0xDB, 0xDE, 0xFB, 0xDE, 0xFB, 0xDE, 0xFC, 0xDE, 0xFC, 0xDE, 0xFB, 0xDE, 0xFB, 0xDE, 0xFB, 0xDE,
    0xFB, 0xDE, 0xFB, 0xDE, 0xFB, 0xDE, 0xFB, 0xDE, 0xFB, 0xDE, 0xFB, 0xDE, 0xFB, 0xDE, 0xFB, 0xDE,
    0xFB, 0xDE, 0xDB, 0xDE, 0xDB, 0xDE, 0xFB, 0xDE, 0xFB, 0xDE, 0xFB, 0xDE, 0xDB, 0xDE, 0xDB, 0xDE,
    0xFB, 0xDE, 0xFB, 0xDE, 0xDB, 0xDE, 0xDB, 0xDE, 0xDB, 0xDE, 0xFB, 0xDE, 0xFB, 0xDE, 0xFB, 0xDE,
    0xFB, 0xDE, 0xDB, 0xDE, 0xFB, 0xDE, 0xFB, 0xDE, 0xFB, 0xDE, 0xFB, 0xDE, 0xFB, 0xDE, 0xFB, 0xDE,
    0xFB, 0xDE, 0xFB, 0xDE, 0xFB, 0xDE, 0xFB, 0xDE, 0xFB, 0xDE, 0xFB, 0xDE, 0xFB, 0xDE, 0xFB, 0xDE,
    0xFB, 0xDE, 0xFB, 0xDE, 0xFB, 0xDE, 0xFB, 0xDE, 0xFB, 0xDE, 0xFB, 0xDE, 0xFB, 0xDE, 0xFB, 0xDE,
    0xFB, 0xDE, 0xFB, 0xDE, 0xFB, 0xDE, 0xFB, 0xDE, 0xFB, 0xDE, 0xFB, 0xDE, 0xFB, 0xDE, 0xFB, 0xDE,
    0xFB, 0xDE, 0xFB, 0xDE, 0xFB, 0xDE, 0xFB, 0xDE, 0xFB, 0xDE, 0xFB, 0xDE, 0xFB, 0xDE, 0xFB, 0xDE,
    0xFB, 0xDE, 0xFB, 0xDE, 0xFB, 0xDE, 0xFB, 0xDE, 0xFB, 0xDE, 0xFB, 0xDE, 0xFB, 0xDE, 0xFB, 0xDE,
    0xFB, 0xDE, 0xFB, 0xDE, 0xFB, 0xDE, 0xFB, 0xDE, 0xFB, 0xDE, 0x1C, 0xE7, 0x9E, 0xF7, 0xBE, 0xF7,
    0xBF, 0xFF, 0xDC, 0xDE, 0xB3, 0x94, 0xB4, 0x94, 0xB4, 0x94, 0xB4, 0x94, 0x94, 0x94, 0x93, 0x94,
    0x93, 0x94, 0x77, 0xAD, 0x9A, 0xD6, 0x7A, 0xCE, 0x5A, 0xCE, 0xDC, 0xDE, 0x3D, 0xE7, 0x1C, 0xE7,
    0x9E, 0xF7, 0x8E, 0x73, 0x04, 0x21, 0x66, 0x29, 0x66, 0x29, 0x6D, 0x21, 0x71, 0x21, 0x71, 0x21,
    0x71, 0x21, 0x71, 0x21, 0x6D, 0x21, 0x86, 0x31, 0x66, 0x29, 0x45, 0x29, 0x49, 0x4A, 0xBA, 0xD6,
    0x3C, 0xE7, 0x1C, 0xE7, 0xDC, 0xDE, 0x7A, 0xCE, 0x5A, 0xCE, 0x7A, 0xCE, 0xF9, 0xBD, 0x77, 0xAD,
    0x77, 0xAD, 0x77, 0xAD, 0x15, 0xA5, 0x93, 0x94, 0x93, 0x94, 0x93, 0x8C, 0x77, 0xAD, 0x39, 0xC6,
    0x19, 0xC6, 0x18, 0xC6, 0xFC, 0xDE, 0x5D, 0xEF, 0x5D, 0xEF, 0x5D, 0xEF, 0x5D, 0xEF, 0x5D, 0xEF,
    0x3D, 0xEF, 0x5D, 0xEF, 0x5D, 0xEF, 0x3D, 0xE7, 0x5D, 0xEF, 0x5D, 0xEF, 0x5D, 0xEF, 0x5D, 0xEF,
    0x5D, 0xEF, 0x5D, 0xEF, 0x5D, 0xEF, 0x5D, 0xEF, 0x5D, 0xEF, 0x5D, 0xEF, 0x5D, 0xEF, 0x5D, 0xEF,
    0x5D, 0xEF, 0x5D, 0xEF, 0x5D, 0xEF, 0x5D, 0xEF, 0x5D, 0xEF, 0x5D, 0xEF, 0x5D, 0xEF, 0x3D, 0xE7,
    0x5D, 0xEF, 0x5D, 0xEF, 0x5D, 0xEF, 0x5D, 0xEF, 0x5D, 0xEF, 0x5D, 0xEF, 0x5D, 0xEF, 0x5D, 0xEF,
    0x5D, 0xEF, 0x5D, 0xEF, 0x5D, 0xEF, 0x5D, 0xEF, 0x5D, 0xEF, 0x5D, 0xEF, 0x5D, 0xEF, 0x5D, 0xEF,
    0x5D, 0xEF, 0x5D, 0xEF, 0x5D, 0xEF, 0x5D, 0xEF, 0x5D, 0xEF, 0x5D, 0xEF, 0x5D, 0xEF, 0x5D, 0xEF,
    0x5D, 0xEF, 0x5D, 0xEF, 0x5D, 0xEF, 0x5D, 0xEF, 0x5D, 0xEF, 0x5D, 0xEF, 0x5D, 0xEF, 0x5D, 0xEF,
    0x5D, 0xEF, 0x5D, 0xEF, 0x3D, 0xE7, 0x3D, 0xE7, 0x5D, 0xEF, 0x5D, 0xEF, 0x3D, 0xE7, 0x3D, 0xE7,
    0x3D, 0xE7, 0x3D, 0xE7, 0x5D, 0xEF, 0x5D, 0xEF, 0x5D, 0xEF, 0x5D, 0xEF, 0x5D, 0xEF, 0x5D, 0xEF,
    0x5D, 0xEF, 0x5D, 0xEF, 0x5D, 0xEF, 0x5D, 0xEF, 0x5D, 0xEF, 0x5D, 0xEF, 0x5D, 0xEF, 0x5D, 0xEF,
    0x5D, 0xEF, 0x5D, 0xEF, 0x5D, 0xEF, 0x5D, 0xEF, 0x5D, 0xEF, 0x5D, 0xEF, 0x5D, 0xEF, 0x5D, 0xEF,
    0x5D, 0xEF, 0x5D, 0xEF, 0x5D, 0xEF, 0x5D, 0xEF, 0x5D, 0xEF, 0x5D, 0xEF, 0x5D, 0xEF, 0x5D, 0xEF,
    0x5D, 0xEF, 0x5D, 0xEF, 0x3D, 0xE7, 0x3D, 0xE7, 0x5D, 0xEF, 0x5D, 0xEF, 0x5D, 0xEF, 0x5D, 0xEF,
    0x5D, 0xEF, 0x5D, 0xEF, 0x5D, 0xEF, 0x5D, 0xEF, 0x5D, 0xEF, 0x3D, 0xE7, 0x5D, 0xEF, 0x5D, 0xEF,
    0x5D, 0xEF, 0x5D, 0xEF, 0x5D, 0xEF, 0x5D, 0xEF, 0x5D, 0xEF, 0x5D, 0xEF, 0x3D, 0xE7, 0x3D, 0xE7,
    0x5D, 0xEF, 0x5D, 0xEF, 0x5D, 0xEF, 0x5D, 0xEF, 0x5D, 0xEF, 0x5D, 0xEF, 0x5D, 0xEF, 0x5D, 0xEF,
    0x5D, 0xEF, 0x5D, 0xEF, 0x5D, 0xEF, 0x5D, 0xEF, 0x5D, 0xEF, 0x5D, 0xEF, 0x5D, 0xEF, 0x5D, 0xEF,
    0x5D, 0xEF, 0x5D, 0xEF, 0x5D, 0xEF, 0x5D, 0xEF, 0x5D, 0xEF, 0x5D, 0xEF, 0x5D, 0xEF, 0x5D, 0xEF,
    0x5D, 0xEF, 0x5D, 0xEF, 0x5D, 0xEF, 0x5D, 0xEF, 0x5D, 0xEF, 0x5D, 0xEF, 0x5D, 0xEF, 0x5D, 0xEF,
    0x5D, 0xEF, 0x5D, 0xEF, 0x5D, 0xEF, 0x5D, 0xEF, 0x5D, 0xEF, 0x5D, 0xEF, 0x5D, 0xEF, 0x5D, 0xEF,
    0x5D, 0xEF, 0x1C, 0xE7, 0x19, 0xC6, 0x39, 0xC6, 0x39, 0xC6, 0xB7, 0xB5, 0xB3, 0x94, 0x93, 0x94,
    0xB4, 0x94, 0x15, 0xA5, 0x77, 0xAD, 0x77, 0xAD, 0x97, 0xB5, 0xF9, 0xBD, 0x7A, 0xCE, 0x7A, 0xCE,
    0x5A, 0xCE, 0xDB, 0xDE, 0x3C, 0xE7, 0x1C, 0xE7, 0x7E, 0xEF, 0x8E, 0x73, 0x04, 0x21, 0x66, 0x29,
    0x66, 0x29, 0x6D, 0x21, 0x71, 0x21, 0x71, 0x21, 0x71, 0x21, 0x71, 0x21, 0x6D, 0x21, 0x86, 0x31,
    0x66, 0x29, 0x45, 0x29, 0x49, 0x4A, 0xDB, 0xDE, 0x5D, 0xEF, 0x3C, 0xE7, 0xDC, 0xDE, 0x5A, 0xCE,
    0x5A, 0xCE, 0x5A, 0xCE, 0x7A, 0xCE, 0x7A, 0xCE, 0x7A, 0xCE, 0x5A, 0xCE, 0x36, 0xA5, 0x73, 0x8C,
    0x94, 0x94, 0x93, 0x94, 0x93, 0x94, 0x93, 0x8C, 0x73, 0x8C, 0x93, 0x94, 0xFC, 0xDE, 0xBE, 0xF7,
    0x9E, 0xF7, 0x9E, 0xF7, 0x9E, 0xF7, 0x9E, 0xF7, 0x9E, 0xF7, 0x9E, 0xF7, 0x9E, 0xF7, 0x9E, 0xF7,
    0x9E, 0xF7, 0x9E, 0xF7, 0x9E, 0xF7, 0x9E, 0xF7, 0x9E, 0xF7, 0x9E, 0xF7, 0x9E, 0xF7, 0x9E, 0xF7,
    0x9E, 0xF7, 0x9E, 0xF7, 0x9E, 0xF7, 0x9E, 0xF7, 0xBE, 0xF7, 0x9E, 0xF7, 0x9E, 0xF7, 0x9E, 0xF7,
    0x9E, 0xF7, 0x9E, 0xF7, 0x9E, 0xF7, 0x9E, 0xF7, 0x9E, 0xF7, 0x9E, 0xF7, 0x9E, 0xF7, 0x9E, 0xF7,
    0x9E, 0xF7, 0x9E, 0xF7, 0x9E, 0xF7, 0x9E, 0xF7, 0x9E, 0xF7, 0x9E, 0xF7, 0x9E, 0xF7, 0x9E, 0xF7,
    0x9E, 0xF7, 0x9E, 0xF7, 0x9E, 0xF7, 0x9E, 0xF7, 0x9E, 0xF7, 0x9E, 0xF7, 0x9E, 0xF7, 0x9E, 0xF7,
    0x9E, 0xF7, 0x9E, 0xF7, 0x9E, 0xF7, 0x9E, 0xF7, 0x9E, 0xF7, 0x9E, 0xF7, 0x9E, 0xF7, 0x9E, 0xF7,
    0x9E, 0xF7, 0x9E, 0xF7, 0x9E, 0xF7, 0x9E, 0xF7, 0x9E, 0xF7, 0x9E, 0xF7, 0x9E, 0xF7, 0x9E, 0xF7,
    0x9E, 0xF7, 0x9E, 0xF7, 0x9E, 0xF7, 0x9E, 0xF7, 0x9E, 0xF7, 0x9E, 0xF7, 0x9E, 0xF7, 0x9E, 0xF7,
    0x9E, 0xF7, 0x9E, 0xF7, 0x9E, 0xF7, 0x9E, 0xF7, 0x9E, 0xF7, 0x9E, 0xF7, 0x9E, 0xF7, 0x9E, 0xF7,
    0x9E, 0xF7, 0x9E, 0xF7, 0x9E, 0xF7, 0x9E, 0xF7, 0x9E, 0xF7, 0x9E, 0xF7, 0x9E, 0xF7, 0x9E, 0xF7,
    0x9E, 0xF7, 0x9E, 0xF7, 0x9E, 0xF7, 0x9E, 0xF7, 0x9E, 0xF7, 0x9E, 0xF7, 0x9E, 0xF7, 0x9E, 0xF7,
    0x9E, 0xF7, 0x9E, 0xF7, 0x9E, 0xF7, 0x9E, 0xF7, 0x9E, 0xF7, 0x9E, 0xF7, 0x9E, 0xF7, 0x9E, 0xF7,
    0x9E, 0xF7, 0x9E, 0xF7, 0x9E, 0xF7, 0x9E, 0xF7, 0x9E, 0xF7, 0x9E, 0xF7, 0x9E, 0xF7, 0x9E, 0xF7,
    0x9E, 0xF7, 0x9E, 0xF7, 0x9E, 0xF7, 0x9E, 0xF7, 0x9E, 0xF7, 0x9E, 0xF7, 0x9E, 0xF7, 0x9E, 0xF7,
    0x9E, 0xF7, 0x9E, 0xF7, 0x9E, 0xF7, 0x9E, 0xF7, 0x9E, 0xF7, 0x9E, 0xF7, 0x9E, 0xF7, 0x9E, 0xF7,
    0x9E, 0xF7, 0x9E, 0xF7, 0x9E, 0xF7, 0x9E, 0xF7, 0x9E, 0xF7, 0x9E, 0xF7, 0x9E, 0xF7, 0x9E, 0xF7,
    0x9E, 0xF7, 0x9E, 0xF7, 0x9E, 0xF7, 0x9E, 0xF7, 0x9E, 0xF7, 0x9E, 0xF7, 0x9E, 0xF7, 0x9E, 0xF7,
    0x9E, 0xF7, 0x9E, 0xF7, 0x9E, 0xF7, 0x9E, 0xF7, 0x9E, 0xF7, 0x9E, 0xF7, 0x9E, 0xF7, 0x9E, 0xF7,
    0x9E, 0xF7, 0x9E, 0xF7, 0x9E, 0xF7, 0x9E, 0xF7, 0x9E, 0xF7, 0x9E, 0xF7, 0x9E, 0xF7, 0x9E, 0xF7,
    0x9E, 0xF7, 0x9E, 0xF7, 0x9E, 0xF7, 0x9E, 0xF7, 0xBE, 0xF7, 0x1D, 0xE7, 0xD4, 0x9C, 0x93, 0x94,
    0x94, 0x94, 0x93, 0x94, 0xB4, 0x94, 0xB4, 0x94, 0x93, 0x8C, 0x56, 0xAD, 0x7A, 0xCE, 0x7A, 0xCE,
    0x7A, 0xCE, 0x7A, 0xCE, 0x5A, 0xCE, 0x5A, 0xCE, 0x5A, 0xCE, 0xFC, 0xDE, 0x5D, 0xE7, 0x3C, 0xE7,
    0x9E, 0xF7, 0xAE, 0x73, 0x04, 0x21, 0x66, 0x29, 0x66, 0x29, 0x6D, 0x21, 0x71, 0x21, 0x71, 0x21,
    0x71, 0x21, 0x71, 0x21, 0x6D, 0x21, 0x66, 0x29, 0x66, 0x29, 0x45, 0x29, 0x49, 0x4A, 0x7A, 0xCE,
    0xDC, 0xDE, 0xBB, 0xD6, 0x9A, 0xD6, 0x5A, 0xCE, 0x5A, 0xCE, 0x7A, 0xCE, 0x5A, 0xCE, 0x5A, 0xCE,
    0x5A, 0xCE, 0x5A, 0xCE, 0x36, 0xA5, 0x93, 0x94, 0xB4, 0x94, 0xB4, 0x94, 0xB4, 0x94, 0xB4, 0x94,
    0x94, 0x94, 0xB4, 0x94, 0x1C, 0xE7, 0xBE, 0xF7, 0x9D, 0xF7, 0x9E, 0xF7, 0x9D, 0xF7, 0x9D, 0xF7,
    0x9D, 0xF7, 0x9D, 0xF7, 0x9D, 0xF7, 0x9E, 0xF7, 0x9E, 0xF7, 0x9D, 0xF7, 0x9D, 0xF7, 0x9E, 0xF7,
    0x9E, 0xF7, 0x9E, 0xF7, 0x9E, 0xF7, 0x9E, 0xF7, 0x9D, 0xF7, 0x9D, 0xF7, 0x9D, 0xF7, 0x9D, 0xF7,
    0x9D, 0xF7, 0x9E, 0xF7, 0x9D, 0xF7, 0x9D, 0xF7, 0x9D, 0xF7, 0x9D, 0xF7, 0x9D, 0xF7, 0x9D, 0xF7,
    0x9D, 0xF7, 0x9D, 0xF7, 0x9D, 0xF7, 0x9D, 0xF7, 0x9D, 0xF7, 0x9D, 0xF7, 0x9D, 0xF7, 0x9D, 0xF7,
    0x9D, 0xF7, 0x9D, 0xF7, 0x9D, 0xF7, 0x9D, 0xF7, 0x9D, 0xF7, 0x9D, 0xF7, 0x9D, 0xF7, 0x9D, 0xF7,
    0x9D, 0xF7, 0x9D, 0xF7, 0x9D, 0xF7, 0x9D, 0xF7, 0x9D, 0xF7, 0x9D, 0xF7, 0x9D, 0xF7, 0x9D, 0xF7,
    0x9D, 0xF7, 0x9D, 0xF7, 0x9D, 0xF7, 0x9D, 0xF7, 0x9D, 0xF7, 0x9D, 0xF7, 0x9D, 0xF7, 0x9D, 0xF7,
    0x9D, 0xF7, 0x9D, 0xF7, 0x9D, 0xF7, 0x9D, 0xF7, 0x9D, 0xF7, 0x9D, 0xF7, 0x9D, 0xF7, 0x9D, 0xF7,
    0x9D, 0xF7, 0x9D, 0xF7, 0x9D, 0xF7, 0x9D, 0xF7, 0x9D, 0xF7, 0x9D, 0xF7, 0x9D, 0xF7, 0x9D, 0xF7,
    0x9D, 0xF7, 0x9D, 0xF7, 0x9D, 0xF7, 0x9D, 0xF7, 0x9D, 0xF7, 0x9D, 0xF7, 0x9D, 0xF7, 0x9D, 0xF7,
    0x9E, 0xF7, 0x9E, 0xF7, 0x9E, 0xF7, 0x9E, 0xF7, 0x9E, 0xF7, 0x9E, 0xF7, 0x9E, 0xF7, 0x9E, 0xF7,
    0x9E, 0xF7, 0x9E, 0xF7, 0x9E, 0xF7, 0x9E, 0xF7, 0x9E, 0xF7, 0x9E, 0xF7, 0x9E, 0xF7, 0x9E, 0xF7,
    0x9D, 0xF7, 0x9D, 0xF7, 0x9D, 0xF7, 0x9D, 0xF7, 0x9D, 0xF7, 0x9D, 0xF7, 0x9D, 0xF7, 0x9D, 0xF7,
    0x9D, 0xF7, 0x9D, 0xF7, 0x9D, 0xF7, 0x9D, 0xF7, 0x9D, 0xF7, 0x9D, 0xF7, 0x9D, 0xF7, 0x9D, 0xF7,
    0x9D, 0xF7, 0x9D, 0xF7, 0x9E, 0xF7, 0x9E, 0xF7, 0x9D, 0xF7, 0x9D, 0xF7, 0x9D, 0xF7, 0x9D, 0xF7,
    0x9D, 0xF7, 0x9D, 0xF7, 0x9D, 0xF7, 0x9D, 0xF7, 0x9D, 0xF7, 0x9D, 0xF7, 0x9D, 0xF7, 0x9D, 0xF7,
    0x9D, 0xF7, 0x9D, 0xF7, 0x9E, 0xF7, 0x9E, 0xF7, 0x9E, 0xF7, 0x9E, 0xF7, 0x9E, 0xF7, 0x9E, 0xF7,
    0x9D, 0xF7, 0x9E, 0xF7, 0x9D, 0xF7, 0x9D, 0xF7, 0x9D, 0xF7, 0x9D, 0xF7, 0x9D, 0xF7, 0x9D, 0xF7,
    0x9E, 0xF7, 0x9E, 0xF7, 0x9E, 0xF7, 0x9E, 0xF7, 0x9E, 0xF7, 0x9E, 0xF7, 0x9E, 0xF7, 0x9E, 0xF7,
    0x9D, 0xF7, 0x9D, 0xF7, 0x9D, 0xF7, 0x9D, 0xF7, 0x9D, 0xF7, 0x9E, 0xF7, 0x9D, 0xF7, 0x9D, 0xF7,
    0x9E, 0xF7, 0x3C, 0xE7, 0xF4, 0x9C, 0xB3, 0x94, 0xB4, 0x94, 0xB4, 0x94, 0xB4, 0x94, 0xB4, 0x94,
    0x93, 0x94, 0x76, 0xAD, 0x7A, 0xCE, 0x5A, 0xCE, 0x5A, 0xCE, 0x5A, 0xCE, 0x5A, 0xCE, 0x5A, 0xCE,
    0x5A, 0xCE, 0xBB, 0xD6, 0xDB, 0xDE, 0xBB, 0xD6, 0x1C, 0xE7, 0x6E, 0x6B, 0x04, 0x21, 0x66, 0x29,
    0x66, 0x29, 0x6D, 0x21, 0x71, 0x21, 0x71, 0x21, 0x71, 0x21, 0x71, 0x21, 0x6D, 0x21, 0x66, 0x29,
    0x66, 0x29, 0x65, 0x29, 0x08, 0x42, 0x15, 0xA5, 0x56, 0xAD, 0x15, 0xA5, 0x97, 0xB5, 0x7A, 0xCE,
    0x5A, 0xCE, 0x7A, 0xCE, 0x7A, 0xCE, 0x5A, 0xCE, 0x5A, 0xCE, 0x7A, 0xCE, 0x56, 0xAD, 0x73, 0x8C,
    0x93, 0x94, 0x93, 0x94, 0x93, 0x94, 0x94, 0x94, 0x94, 0x94, 0xD4, 0x9C, 0x3D, 0xE7, 0xDF, 0xFF,
    0xBE, 0xF7, 0xBE, 0xF7, 0xBE, 0xF7, 0xBE, 0xF7, 0xBE, 0xF7, 0xBE, 0xF7, 0xBE, 0xF7, 0xBE, 0xF7,
    0xBE, 0xF7, 0xBE, 0xF7, 0xBE, 0xF7, 0xBE, 0xF7, 0xBE, 0xF7, 0xBE, 0xF7, 0xBE, 0xF7, 0xBE, 0xF7,
    0xBE, 0xF7, 0xBE, 0xF7, 0xBE, 0xF7, 0xBE, 0xF7, 0xBE, 0xF7, 0xBE, 0xF7, 0xBE, 0xF7, 0xBE, 0xF7,
    0xBE, 0xF7, 0xBE, 0xF7, 0xBE, 0xF7, 0xBE, 0xF7, 0xBE, 0xF7, 0xBE, 0xF7, 0xBE, 0xF7, 0xBE, 0xF7,
    0xBE, 0xF7, 0xBE, 0xF7, 0xBE, 0xF7, 0xBE, 0xF7, 0xBE, 0xF7, 0xBE, 0xF7, 0xBE, 0xF7, 0xBE, 0xF7,
    0xBE, 0xF7, 0xBE, 0xF7, 0xBE, 0xF7, 0xBE, 0xF7, 0xBE, 0xF7, 0xBE, 0xF7, 0xBE, 0xF7, 0xBE, 0xF7,
    0xBE, 0xF7, 0xBE, 0xF7, 0xBE, 0xF7, 0xBE, 0xF7, 0xBE, 0xF7, 0xBE, 0xF7, 0xBE, 0xF7, 0xBE, 0xF7,
    0xBE, 0xF7, 0xBE, 0xF7, 0xBE, 0xF7, 0xBE, 0xF7, 0xBE, 0xF7, 0xBE, 0xF7, 0xBE, 0xF7, 0xBE, 0xF7,
    0xBE, 0xF7, 0xBE, 0xF7, 0xBE, 0xF7, 0xBE, 0xF7, 0xBE, 0xF7, 0xBE, 0xF7, 0xBE, 0xF7, 0xBE, 0xF7,
    0xBE, 0xF7, 0xBE, 0xF7, 0xBE, 0xF7, 0xBE, 0xF7, 0xBE, 0xF7, 0xBE, 0xF7, 0xBE, 0xF7, 0xBE, 0xF7,
    0xBE, 0xF7, 0xBE, 0xF7, 0xBE, 0xF7, 0xBE, 0xF7, 0xBE, 0xF7, 0xBE, 0xF7, 0xBE, 0xF7, 0xBE, 0xF7,
    0xBE, 0xF7, 0xBE, 0xF7, 0xBE, 0xF7, 0xBE, 0xF7, 0xBE, 0xF7, 0xBE, 0xF7, 0xBE, 0xF7, 0xBE, 0xF7,
    0xBE, 0xF7, 0xBE, 0xF7, 0xBE, 0xF7, 0xBE, 0xF7, 0xBE, 0xF7, 0xBE, 0xF7, 0xBE, 0xF7, 0xBE, 0xF7,
    0xBE, 0xF7, 0xBE, 0xF7, 0xBE, 0xF7, 0xBE, 0xF7, 0xBE, 0xF7, 0xBE, 0xF7, 0xBE, 0xF7, 0xBE, 0xF7,
    0xBE, 0xF7, 0xBE, 0xF7, 0xBE, 0xF7, 0xBE, 0xF7, 0xBE, 0xF7, 0xBE, 0xF7, 0xBE, 0xF7, 0xBE, 0xF7,
    0xBE, 0xF7, 0xBE, 0xF7, 0xBE, 0xF7, 0xBE, 0xF7, 0xBE, 0xF7, 0xBE, 0xF7, 0xBE, 0xF7, 0xBE, 0xF7,
    0xBE, 0xF7, 0xBE, 0xF7, 0xBE, 0xF7, 0xBE, 0xF7, 0xBE, 0xF7, 0xBE, 0xF7, 0xBE, 0xF7, 0xBE, 0xF7,
    0xBE, 0xF7, 0xBE, 0xF7, 0xBE, 0xF7, 0xBE, 0xF7, 0xBE, 0xF7, 0xBE, 0xF7, 0xBE, 0xF7, 0xBE, 0xF7,
    0xBE, 0xF7, 0xBE, 0xF7, 0xBE, 0xF7, 0xBE, 0xF7, 0xBE, 0xF7, 0xBE, 0xF7, 0xBE, 0xF7, 0xBE, 0xF7,
    0xBE, 0xF7, 0xBE, 0xF7, 0xBE, 0xF7, 0xBE, 0xF7, 0xBE, 0xF7, 0xBE, 0xF7, 0xBE, 0xF7, 0xBE, 0xF7,
    0xBE, 0xF7, 0xBE, 0xF7, 0xBE, 0xF7, 0xBE, 0xF7, 0xBF, 0xF7, 0x5D, 0xE7, 0xF4, 0x9C, 0x93, 0x94,
    0xB3, 0x94, 0x93, 0x94, 0x93, 0x94, 0x93, 0x94, 0x93, 0x94, 0x77, 0xAD, 0x7B, 0xCE, 0x5A, 0xCE,
    0x5A, 0xCE, 0x5A, 0xCE, 0x5A, 0xCE, 0x5A, 0xCE, 0x7A, 0xCE, 0xB8, 0xB5, 0x15, 0xA5, 0x15, 0xA5,
    0x56, 0xAD, 0xCC, 0x5A, 0x25, 0x21, 0x66, 0x29, 0x66, 0x29, 0x6D, 0x21, 0x71, 0x21, 0x71, 0x21,
    0x71, 0x21, 0x71, 0x21, 0x6D, 0x21, 0x66, 0x29, 0x66, 0x29, 0x45, 0x29, 0xE8, 0x39, 0x94, 0x94,
    0xF6, 0xA4, 0xF5, 0x9C, 0x77, 0xAD, 0x7A, 0xCE, 0x5A, 0xCE, 0x5A, 0xCE, 0x5A, 0xCE, 0x5A, 0xCE,
    0x5A, 0xCE, 0x7A, 0xCE, 0xD8, 0xBD, 0x77, 0xAD, 0x76, 0xAD, 0x77, 0xAD, 0xF5, 0x9C, 0x93, 0x94,
    0x94, 0x94, 0xB4, 0x94, 0xD8, 0xBD, 0x19, 0xC6, 0x18, 0xC6, 0x18, 0xC6, 0x18, 0xC6, 0x18, 0xC6,
    0x18, 0xC6, 0x18, 0xC6, 0x18, 0xC6, 0x19, 0xC6, 0x19, 0xC6, 0x19, 0xC6, 0x19, 0xC6, 0x19, 0xC6,
    0x19, 0xC6, 0x18, 0xC6, 0x19, 0xC6, 0x18, 0xC6, 0x18, 0xC6, 0x18, 0xC6, 0x18, 0xC6, 0x18, 0xC6,
    0x19, 0xC6, 0x18, 0xC6, 0x18, 0xC6, 0x18, 0xC6, 0x18, 0xC6, 0x18, 0xC6, 0x18, 0xC6, 0x18, 0xC6,
    0x18, 0xC6, 0x18, 0xC6, 0x18, 0xC6, 0x18, 0xC6, 0x18, 0xC6, 0x18, 0xC6, 0x18, 0xC6, 0x18, 0xC6,
    0x18, 0xC6, 0x18, 0xC6, 0x18, 0xC6, 0x18, 0xC6, 0x18, 0xC6, 0x18, 0xC6, 0x18, 0xC6, 0x18, 0xC6,
    0x18, 0xC6, 0x18, 0xC6, 0x18, 0xC6, 0xF8, 0xC5, 0xF8, 0xC5, 0x18, 0xC6, 0x18, 0xC6, 0x19, 0xC6,
    0x19, 0xC6, 0x19, 0xC6, 0x18, 0xC6, 0x18, 0xC6, 0x18, 0xC6, 0x18, 0xC6, 0x18, 0xC6, 0x18, 0xC6,
    0x18, 0xC6, 0x18, 0xC6, 0x18, 0xC6, 0x18, 0xC6, 0x19, 0xC6, 0x19, 0xC6, 0x19, 0xC6, 0x19, 0xC6,
    0x19, 0xC6, 0x19, 0xC6, 0x19, 0xC6, 0x18, 0xC6, 0x18, 0xC6, 0x19, 0xC6, 0x18, 0xC6, 0x18, 0xC6,
    0x18, 0xC6, 0x18, 0xC6, 0x18, 0xC6, 0x18, 0xC6, 0x18, 0xC6, 0x18, 0xC6, 0x18, 0xC6, 0x18, 0xC6,
    0x18, 0xC6, 0x18, 0xC6, 0x18, 0xC6, 0x18, 0xC6, 0x18, 0xC6, 0x18, 0xC6, 0x18, 0xC6, 0x18, 0xC6,
    0x18, 0xC6, 0x18, 0xC6, 0x18, 0xC6, 0x19, 0xC6, 0x19, 0xC6, 0x19, 0xC6, 0x19, 0xC6, 0x18, 0xC6,
    0x18, 0xC6, 0x18, 0xC6, 0x18, 0xC6, 0x18, 0xC6, 0x18, 0xC6, 0x18, 0xC6, 0x19, 0xC6, 0x19, 0xC6,
    0x19, 0xC6, 0x19, 0xC6, 0x19, 0xC6, 0x19, 0xC6, 0x18, 0xC6, 0x19, 0xC6, 0x18, 0xC6, 0x18, 0xC6,
    0x18, 0xC6, 0x18, 0xC6, 0x18, 0xC6, 0x18, 0xC6, 0x18, 0xC6, 0x18, 0xC6, 0x18, 0xC6, 0x18, 0xC6,
    0x18, 0xC6, 0x18, 0xC6, 0x18, 0xC6, 0x18, 0xC6, 0x18, 0xC6, 0x18, 0xC6, 0x18, 0xC6, 0x18, 0xC6,
    0x18, 0xC6, 0x18, 0xC6, 0x18, 0xC6, 0x18, 0xC6, 0x18, 0xC6, 0x18, 0xC6, 0x18, 0xC6, 0x18, 0xC6,
    0x18, 0xC6, 0x18, 0xC6, 0x18, 0xC6, 0xF8, 0xC5, 0x18, 0xC6, 0x18, 0xC6, 0x18, 0xC6, 0x18, 0xC6,
    0x18, 0xC6, 0x18, 0xC6, 0x18, 0xC6, 0x18, 0xC6, 0x18, 0xC6, 0x18, 0xC6, 0x18, 0xC6, 0x19, 0xC6,
    0x18, 0xC6, 0x18, 0xC6, 0x18, 0xC6, 0x18, 0xC6, 0x19, 0xC6, 0x19, 0xC6, 0x19, 0xC6, 0x18, 0xC6,
    0x19, 0xC6, 0xD8, 0xBD, 0xD4, 0x9C, 0xB4, 0x94, 0xB4, 0x94, 0xD4, 0x9C, 0x77, 0xAD, 0x97, 0xAD,
    0x97, 0xAD, 0xF8, 0xBD, 0x7A, 0xCE, 0x5A, 0xCE, 0x5A, 0xCE, 0x5A, 0xCE, 0x5A, 0xCE, 0x59, 0xCE,
    0x7A, 0xCE, 0x77, 0xB5, 0xD5, 0x9C, 0xD5, 0x9C, 0x16, 0xA5, 0xAC, 0x52, 0x25, 0x21, 0x66, 0x29,
    0x86, 0x31, 0x6D, 0x21, 0x71, 0x21, 0x71, 0x21, 0x71, 0x21, 0x71, 0x21, 0x6D, 0x21, 0x66, 0x29,
    0x66, 0x29, 0x45, 0x29, 0xC7, 0x39, 0x94, 0x94, 0xF6, 0x9C, 0xD5, 0x9C, 0x36, 0xA5, 0x7B, 0xCE,
    0x7B, 0xCE, 0x7A, 0xCE, 0x7A, 0xCE, 0x5A, 0xCE, 0x5A, 0xCE, 0x7A, 0xCE, 0x7A, 0xCE, 0x7A, 0xCE,
    0x5A, 0xCE, 0x7A, 0xCE, 0x36, 0xA5, 0x93, 0x8C, 0x94, 0x94, 0xB4, 0x94, 0x93, 0x8C, 0x73, 0x8C,
    0x73, 0x8C, 0x93, 0x8C, 0x93, 0x8C, 0x93, 0x8C, 0x93, 0x8C, 0x93, 0x8C, 0x93, 0x8C, 0x93, 0x8C,
    0x93, 0x8C, 0x93, 0x94, 0x93, 0x94, 0x93, 0x94, 0x93, 0x8C, 0x93, 0x8C, 0x73, 0x94, 0x73, 0x8C,
    0x73, 0x8C, 0x73, 0x8C, 0x73, 0x8C, 0x73, 0x8C, 0x73, 0x8C, 0x73, 0x8C, 0x73, 0x8C, 0x93, 0x8C,
    0x73, 0x8C, 0x73, 0x8C, 0x73, 0x8C, 0x73, 0x8C, 0x73, 0x8C, 0x73, 0x8C, 0x93, 0x8C, 0x93, 0x8C,
    0x93, 0x8C, 0x93, 0x8C, 0x93, 0x8C, 0x93, 0x8C, 0x93, 0x8C, 0x93, 0x8C, 0x73, 0x8C, 0x93, 0x8C,
    0x73, 0x8C, 0x73, 0x8C, 0x73, 0x8C, 0x73, 0x8C, 0x73, 0x8C, 0x73, 0x8C, 0x73, 0x8C, 0x73, 0x8C,
    0x73, 0x8C, 0x73, 0x8C, 0x73, 0x8C, 0x73, 0x8C, 0x93, 0x8C, 0x73, 0x8C, 0x73, 0x8C, 0x73, 0x8C,
    0x73, 0x8C, 0x73, 0x8C, 0x73, 0x8C, 0x73, 0x8C, 0x93, 0x8C, 0x93, 0x8C, 0x93, 0x8C, 0x93, 0x8C,
    0x93, 0x8C, 0x93, 0x8C, 0x93, 0x8C, 0x93, 0x8C, 0x93, 0x8C, 0x93, 0x8C, 0x93, 0x8C, 0x93, 0x8C,
    0x93, 0x8C, 0x93, 0x8C, 0x93, 0x8C, 0x93, 0x8C, 0x93, 0x8C, 0x93, 0x8C, 0x73, 0x8C, 0x73, 0x8C,
    0x73, 0x8C, 0x73, 0x8C, 0x73, 0x8C, 0x73, 0x8C, 0x73, 0x8C, 0x73, 0x8C, 0x73, 0x8C, 0x73, 0x8C,
    0x73, 0x8C, 0x73, 0x8C, 0x73, 0x8C, 0x73, 0x8C, 0x73, 0x8C, 0x73, 0x8C, 0x73, 0x8C, 0x93, 0x8C,
    0x73, 0x8C, 0x73, 0x8C, 0x73, 0x8C, 0x73, 0x8C, 0x93, 0x8C, 0x93, 0x8C, 0x93, 0x8C, 0x93, 0x8C,
    0x93, 0x8C, 0x93, 0x8C, 0x93, 0x94, 0x93, 0x94, 0x93, 0x94, 0x93, 0x94, 0x93, 0x94, 0x93, 0x94,
    0x93, 0x8C, 0x93, 0x94, 0x93, 0x8C, 0x73, 0x8C, 0x73, 0x8C, 0x93, 0x8C, 0x93, 0x8C, 0x93, 0x8C,
    0x93, 0x8C, 0x93, 0x8C, 0x93, 0x8C, 0x93, 0x8C, 0x93, 0x8C, 0x73, 0x8C, 0x73, 0x8C, 0x73, 0x8C,
    0x73, 0x8C, 0x73, 0x8C, 0x73, 0x8C, 0x73, 0x8C, 0x73, 0x8C, 0x73, 0x8C, 0x73, 0x8C, 0x73, 0x8C,
    0x73, 0x8C, 0x73, 0x8C, 0x93, 0x8C, 0x93, 0x8C, 0x93, 0x8C, 0x73, 0x8C, 0x73, 0x8C, 0x73, 0x8C,
    0x73, 0x8C, 0x73, 0x8C, 0x73, 0x8C, 0x73, 0x8C, 0x73, 0x8C, 0x73, 0x8C, 0x73, 0x8C, 0x73, 0x8C,
    0x73, 0x8C, 0x73, 0x8C, 0x93, 0x8C, 0x93, 0x8C, 0x93, 0x8C, 0x93, 0x8C, 0x93, 0x8C, 0x93, 0x8C,
    0x93, 0x94, 0x93, 0x94, 0x93, 0x94, 0x73, 0x94, 0x93, 0x94, 0x93, 0x94, 0x94, 0x94, 0xB4, 0x94,
    0x94, 0x94, 0x15, 0x9D, 0x7A, 0xCE, 0x9B, 0xCE, 0x7A, 0xCE, 0x7A, 0xCE, 0x5A, 0xCE, 0x5A, 0xCE,
    0x5A, 0xCE, 0x7A, 0xCE, 0x7A, 0xCE, 0x7A, 0xCE, 0x7B, 0xCE, 0x57, 0xAD, 0xD5, 0x9C, 0xD5, 0x9C,
    0x36, 0xA5, 0xCC, 0x5A, 0x25, 0x21, 0x66, 0x29, 0x65, 0x29, 0x6E, 0x21, 0x71, 0x21, 0x71, 0x21,
    0x71, 0x21, 0x71, 0x21, 0x6D, 0x21, 0x66, 0x29, 0x65, 0x29, 0x45, 0x29, 0xE8, 0x39, 0x94, 0x94,
    0xF5, 0x9C, 0xD4, 0x94, 0x36, 0xA5, 0x19, 0xBE, 0x19, 0xBE, 0x19, 0xBE, 0x39, 0xC6, 0x5A, 0xCE,
    0x5A, 0xCE, 0x5A, 0xCE, 0x5A, 0xCE, 0x5A, 0xCE, 0x5A, 0xCE, 0x5A, 0xCE, 0x36, 0xA5, 0x93, 0x8C,
    0xB4, 0x94, 0xB4, 0x94, 0xB4, 0x94, 0xB4, 0x94, 0xB4, 0x94, 0xB4, 0x94, 0xB4, 0x94, 0xB4, 0x94,
    0xB4, 0x94, 0xB4, 0x94, 0xB4, 0x94, 0xB4, 0x94, 0xB4, 0x94, 0xB4, 0x94, 0xB4, 0x94, 0xB4, 0x94,
    0xB4, 0x94, 0xB4, 0x94, 0xB4, 0x94, 0xB4, 0x94, 0xB4, 0x94, 0x94, 0x94, 0x94, 0x94, 0x94, 0x94,
    0x94, 0x94, 0xB4, 0x94, 0xB4, 0x94, 0xB4, 0x94, 0xB4, 0x94, 0xB4, 0x94, 0xB4, 0x94, 0x94, 0x94,
    0xB4, 0x94, 0xB4, 0x94, 0xB4, 0x94, 0xB4, 0x94, 0xB4, 0x94, 0xB4, 0x94, 0xB4, 0x94, 0xB4, 0x94,
    0xB4, 0x94, 0xB4, 0x94, 0xB4, 0x94, 0xB4, 0x94, 0xB4, 0x94, 0xB4, 0x94, 0xB4, 0x94, 0xB4, 0x94,
    0xB4, 0x94, 0xB4, 0x94, 0xB4, 0x94, 0xB4, 0x94, 0xB4, 0x94, 0xB4, 0x94, 0xB4, 0x94, 0xB4, 0x94,
    0xB4, 0x94, 0xB4, 0x94, 0xB4, 0x94, 0xB4, 0x94, 0xB4, 0x94, 0xB4, 0x94, 0xB4, 0x94, 0xB4, 0x94,
    0xB4, 0x94, 0xB4, 0x94, 0xB4, 0x94, 0xB4, 0x94, 0xB4, 0x94, 0xB4, 0x94, 0xB4, 0x94, 0xB4, 0x94,
    0xB4, 0x94, 0xB4, 0x94, 0xB4, 0x94, 0xB4, 0x94, 0xB4, 0x94, 0xB4, 0x94, 0xB4, 0x94, 0xB4, 0x94,
    0xB4, 0x94, 0xB4, 0x94, 0xB4, 0x94, 0xB4, 0x94, 0x94, 0x94, 0xB4, 0x94, 0xB4, 0x94, 0xB4, 0x94,
    0xB4, 0x94, 0xB4, 0x94, 0xB4, 0x94, 0xB4, 0x94, 0xB4, 0x94, 0xB4, 0x94, 0xB4, 0x94, 0xB4, 0x94,
    0xB4, 0x94, 0xB4, 0x94, 0xB4, 0x94, 0xB4, 0x94, 0xB4, 0x94, 0xB4, 0x94, 0xB4, 0x94, 0xB4, 0x94,
    0xB4, 0x94, 0xB4, 0x94, 0xB4, 0x94, 0xB4, 0x94, 0xB4, 0x94, 0xB4, 0x94, 0xB4, 0x94, 0xB4, 0x94,
    0xB4, 0x94, 0xB4, 0x94, 0xB4, 0x94, 0xB4, 0x94, 0xB4, 0x94, 0xB4, 0x94, 0xB4, 0x94, 0xB4, 0x94,
    0xB4, 0x94, 0xB4, 0x94, 0xB4, 0x94, 0xB4, 0x94, 0xB4, 0x94, 0xB4, 0x94, 0xB4, 0x94, 0xB4, 0x94,
    0xB4, 0x94, 0xB4, 0x94, 0xB4, 0x94, 0xB4, 0x94, 0xB4, 0x94, 0xB4, 0x94, 0xB4, 0x94, 0xB4, 0x94,
    0xB4, 0x94, 0xB4, 0x94, 0xB4, 0x94, 0xB4, 0x94, 0xB4, 0x94, 0xB4, 0x94, 0xB4, 0x94, 0xB4, 0x94,
    0xB4, 0x94, 0x94, 0x94, 0x94, 0x94, 0x94, 0x94, 0x94, 0x94, 0xB4, 0x94, 0xB4, 0x94, 0xB4, 0x94,
    0xB4, 0x94, 0xB4, 0x94, 0xB4, 0x94, 0xB4, 0x94, 0xB4, 0x94, 0xB4, 0x94, 0xB4, 0x94, 0xB4, 0x94,
    0xB4, 0x94, 0xB4, 0x94, 0xB4, 0x94, 0xB4, 0x94, 0xB4, 0x94, 0xB4, 0x94, 0xB4, 0x94, 0xB4, 0x94,
    0xB4, 0x94, 0xB4, 0x94, 0xB4, 0x94, 0xB4, 0x94, 0x93, 0x8C, 0x15, 0x9D, 0x5A, 0xC6, 0x5A, 0xCE,
    0x5A, 0xC6, 0x5A, 0xCE, 0x5A, 0xCE, 0x5A, 0xCE, 0x5A, 0xCE, 0x39, 0xC6, 0x19, 0xBE, 0xF9, 0xBD,
    0x1A, 0xC6, 0x57, 0xA5, 0xD5, 0x94, 0xD5, 0x9C, 0x15, 0xA5, 0xAC, 0x52, 0x45, 0x29, 0x65, 0x29,
    0x65, 0x29, 0x6E, 0x21, 0x71, 0x21, 0x71, 0x21, 0x71, 0x21, 0x71, 0x21, 0x6D, 0x21, 0x86, 0x31,
    0x65, 0x29, 0x45, 0x29, 0xE7, 0x39, 0xB4, 0x94, 0x15, 0xA5, 0x15, 0x9D, 0x16, 0xA5, 0x36, 0xA5,
    0x16, 0xA5, 0x15, 0xA5, 0xD8, 0xBD, 0x9B, 0xD6, 0x7A, 0xCE, 0x5A, 0xCE, 0x5A, 0xCE, 0x5A, 0xCE,
    0x5A, 0xCE, 0x5A, 0xCE, 0x36, 0xAD, 0x73, 0x8C, 0x94, 0x94, 0x94, 0x8C, 0x93, 0x8C, 0x93, 0x8C,
    0x93, 0x8C, 0x93, 0x8C, 0x93, 0x94, 0x93, 0x8C, 0x93, 0x8C, 0x93, 0x8C, 0x93, 0x94, 0x93, 0x94,
    0x93, 0x94, 0x94, 0x94, 0x94, 0x94, 0x94, 0x94, 0x93, 0x94, 0x93, 0x94, 0x93, 0x94, 0x93, 0x94,
    0x93, 0x8C, 0x93, 0x8C, 0x93, 0x8C, 0x73, 0x8C, 0x73, 0x8C, 0x73, 0x8C, 0x93, 0x8C, 0x93, 0x8C,
    0x93, 0x8C, 0x93, 0x8C, 0x73, 0x8C, 0x73, 0x8C, 0x93, 0x8C, 0x93, 0x8C, 0x93, 0x8C, 0x93, 0x8C,
    0x93, 0x94, 0x93, 0x94, 0x93, 0x94, 0x93, 0x94, 0x93, 0x8C, 0x93, 0x94, 0x93, 0x94, 0x93, 0x8C,
    0x93, 0x8C, 0x93, 0x8C, 0x93, 0x8C, 0x93, 0x8C, 0x93, 0x8C, 0x93, 0x8C, 0x93, 0x8C, 0x93, 0x8C,
    0x93, 0x8C, 0x93, 0x8C, 0x93, 0x94, 0x93, 0x94, 0x93, 0x94, 0x93, 0x8C, 0x93, 0x8C, 0x93, 0x8C,
    0x93, 0x8C, 0x93, 0x94, 0x93, 0x94, 0x93, 0x8C, 0x93, 0x94, 0x94, 0x94, 0x94, 0x94, 0x93, 0x94,
    0x93, 0x94, 0x93, 0x94, 0x93, 0x94, 0x93, 0x94, 0x93, 0x94, 0x93, 0x94, 0x93, 0x94, 0x93, 0x94,
    0x93, 0x94, 0x93, 0x8C, 0x93, 0x94, 0x93, 0x94, 0x93, 0x94, 0x93, 0x94, 0x93, 0x94, 0x93, 0x8C,
    0x93, 0x8C, 0x93, 0x8C, 0x93, 0x94, 0x93, 0x94, 0x93, 0x8C, 0x93, 0x8C, 0x93, 0x8C, 0x93, 0x8C,
    0x93, 0x94, 0x93, 0x94, 0x93, 0x8C, 0x93, 0x8C, 0x93, 0x8C, 0x93, 0x8C, 0x93, 0x8C, 0x93, 0x8C,
    0x93, 0x8C, 0x93, 0x8C, 0x93, 0x8C, 0x93, 0x8C, 0x93, 0x94, 0x93, 0x94, 0x93, 0x94, 0x93, 0x94,
    0x94, 0x94, 0x94, 0x94, 0x94, 0x94, 0x94, 0x94, 0x94, 0x94, 0x94, 0x94, 0x94, 0x94, 0x94, 0x94,
    0x93, 0x94, 0x93, 0x94, 0x93, 0x94, 0x93, 0x94, 0x93, 0x94, 0x93, 0x94, 0x93, 0x94, 0x93, 0x94,
    0x93, 0x94, 0x93, 0x94, 0x93, 0x94, 0x93, 0x94, 0x93, 0x94, 0x93, 0x8C, 0x93, 0x8C, 0x93, 0x8C,
    0x93, 0x8C, 0x93, 0x8C, 0x93, 0x8C, 0x93, 0x8C, 0x93, 0x8C, 0x93, 0x8C, 0x93, 0x8C, 0x93, 0x8C,
    0x93, 0x8C, 0x93, 0x8C, 0x93, 0x8C, 0x93, 0x8C, 0x93, 0x8C, 0x93, 0x8C, 0x93, 0x8C, 0x93, 0x8C,
    0x73, 0x8C, 0x93, 0x8C, 0x93, 0x8C, 0x93, 0x8C, 0x93, 0x94, 0x93, 0x94, 0x93, 0x8C, 0x93, 0x8C,
    0x93, 0x8C, 0x93, 0x8C, 0x93, 0x94, 0x93, 0x94, 0x93, 0x94, 0x93, 0x94, 0x93, 0x94, 0x93, 0x94,
    0x94, 0x94, 0x94, 0x94, 0x94, 0x94, 0x93, 0x94, 0x93, 0x94, 0x93, 0x94, 0x93, 0x94, 0x93, 0x94,
    0x93, 0x8C, 0x15, 0x9D, 0x5A, 0xC6, 0x5A, 0xC6, 0x5A, 0xC6, 0x5A, 0xCE, 0x5A, 0xCE, 0x7A, 0xCE,
    0x9A, 0xCE, 0xF8, 0xBD, 0x15, 0xA5, 0x16, 0xA5, 0x36, 0xA5, 0x36, 0xA5, 0x15, 0xA5, 0x15, 0xA5,
    0x36, 0xA5, 0xAB, 0x52, 0x45, 0x21, 0x86, 0x31, 0x86, 0x31, 0x8D, 0x21, 0x71, 0x21, 0x71, 0x21,
    0x71, 0x21, 0x71, 0x21, 0x6F, 0x21, 0x69, 0x29, 0x68, 0x29, 0x47, 0x29, 0x86, 0x31, 0xEC, 0x62,
    0x2D, 0x63, 0xCC, 0x5A, 0x8F, 0x73, 0x16, 0xA5, 0x16, 0xA5, 0xF5, 0x9C, 0x56, 0xAD, 0xB8, 0xBD,
    0xB8, 0xB5, 0x97, 0xB5, 0x19, 0xC6, 0x5A, 0xCE, 0x5A, 0xCE, 0x7A, 0xCE, 0xF8, 0xBD, 0x97, 0xB5,
    0x97, 0xB5, 0x97, 0xB5, 0x97, 0xB5, 0x97, 0xB5, 0x97, 0xB5, 0xB7, 0xB5, 0x97, 0xB5, 0x97, 0xB5,
    0x97, 0xB5, 0x97, 0xB5, 0x97, 0xB5, 0x97, 0xB5, 0x97, 0xB5, 0x97, 0xB5, 0x97, 0xB5, 0x97, 0xB5,
    0x97, 0xB5, 0x97, 0xB5, 0x97, 0xB5, 0x97, 0xB5, 0x97, 0xB5, 0x97, 0xB5, 0x97, 0xB5, 0x97, 0xB5,
    0x97, 0xB5, 0x97, 0xB5, 0x97, 0xB5, 0x97, 0xB5, 0x97, 0xB5, 0x97, 0xB5, 0x97, 0xB5, 0x97, 0xB5,
    0x97, 0xB5, 0x97, 0xB5, 0x97, 0xB5, 0x97, 0xB5, 0x97, 0xB5, 0x97, 0xB5, 0x97, 0xB5, 0x97, 0xB5,
    0x97, 0xB5, 0x97, 0xB5, 0x97, 0xB5, 0x97, 0xB5, 0x97, 0xB5, 0x97, 0xB5, 0x97, 0xB5, 0x97, 0xB5,
    0x97, 0xB5, 0x97, 0xB5, 0x97, 0xB5, 0x97, 0xB5, 0x97, 0xB5, 0x97, 0xB5, 0x97, 0xB5, 0x97, 0xB5,
    0x97, 0xB5, 0x97, 0xB5, 0x97, 0xB5, 0x97, 0xB5, 0x97, 0xB5, 0x97, 0xB5, 0x97, 0xB5, 0x97, 0xB5,
    0x97, 0xB5, 0x97, 0xB5, 0x97, 0xB5, 0x97, 0xB5, 0x97, 0xB5, 0x97, 0xB5, 0x97, 0xB5, 0x97, 0xB5,
    0x97, 0xB5, 0x97, 0xB5, 0x97, 0xB5, 0x97, 0xB5, 0x97, 0xB5, 0x97, 0xB5, 0x97, 0xB5, 0x97, 0xB5,
    0x97, 0xB5, 0x97, 0xB5, 0x97, 0xB5, 0x97, 0xB5, 0x97, 0xB5, 0x97, 0xB5, 0x97, 0xB5, 0x97, 0xB5,
    0x97, 0xB5, 0x97, 0xB5, 0x97, 0xB5, 0x97, 0xB5, 0x97, 0xB5, 0x97, 0xB5, 0x97, 0xB5, 0x97, 0xB5,
    0x97, 0xB5, 0x97, 0xB5, 0x97, 0xB5, 0x97, 0xB5, 0x97, 0xB5, 0x97, 0xB5, 0x97, 0xB5, 0x97, 0xB5,
    0x97, 0xB5, 0x97, 0xB5, 0x97, 0xB5, 0x97, 0xB5, 0x97, 0xB5, 0x97, 0xB5, 0x97, 0xB5, 0x97, 0xB5,
    0x97, 0xB5, 0x97, 0xB5, 0x97, 0xB5, 0x97, 0xB5, 0x97, 0xB5, 0x97, 0xB5, 0x97, 0xB5, 0x97, 0xB5,
    0x97, 0xB5, 0x97, 0xB5, 0x97, 0xB5, 0x97, 0xB5, 0x97, 0xB5, 0x97, 0xB5, 0x97, 0xB5, 0x97, 0xB5,
    0x97, 0xB5, 0x97, 0xB5, 0x97, 0xB5, 0x97, 0xB5, 0x97, 0xB5, 0x97, 0xB5, 0x97, 0xB5, 0x97, 0xB5,
    0x97, 0xB5, 0x97, 0xB5, 0x97, 0xB5, 0x97, 0xB5, 0x97, 0xB5, 0x97, 0xB5, 0x97, 0xB5, 0x97, 0xB5,
    0x97, 0xB5, 0x97, 0xB5, 0x97, 0xB5, 0x97, 0xB5, 0x97, 0xB5, 0x97, 0xB5, 0x97, 0xB5, 0x97, 0xB5,
    0x97, 0xB5, 0x97, 0xB5, 0x97, 0xB5, 0x97, 0xB5, 0x97, 0xB5, 0x97, 0xB5, 0x97, 0xB5, 0x97, 0xB5,
    0x97, 0xB5, 0x97, 0xB5, 0x97, 0xB5, 0x97, 0xB5, 0x97, 0xB5, 0x97, 0xB5, 0x97, 0xB5, 0x97, 0xB5,
    0x97, 0xB5, 0x97, 0xB5, 0x97, 0xB5, 0x97, 0xB5, 0x97, 0xB5, 0xD8, 0xBD, 0x7A, 0xCE, 0x5A, 0xCE,
    0x5A, 0xCE, 0xF9, 0xBD, 0x97, 0xB5, 0xB8, 0xB5, 0xD8, 0xB5, 0x77, 0xAD, 0x15, 0x9D, 0x16, 0xA5,
    0x37, 0xA5, 0xF1, 0x7B, 0xEC, 0x5A, 0x0C, 0x63, 0x0D, 0x63, 0xE9, 0x39, 0x48, 0x21, 0x89, 0x29,
    0x89, 0x29, 0x8F, 0x21, 0x71, 0x21, 0x71, 0x21, 0x71, 0x21, 0x71, 0x21, 0x71, 0x21, 0x71, 0x21,
    0x70, 0x21, 0x70, 0x21, 0x49, 0x21, 0x46, 0x29, 0x45, 0x29, 0x04, 0x21, 0x29, 0x42, 0xF5, 0x9C,
    0x16, 0x9D, 0xF5, 0x9C, 0xF5, 0x9C, 0xF5, 0x9C, 0xF5, 0x9C, 0xF5, 0x9C, 0xD8, 0xBD, 0x7A, 0xCE,
    0x7A, 0xCE, 0x7A, 0xCE, 0x7A, 0xCE, 0x7A, 0xCE, 0x7A, 0xCE, 0x7A, 0xCE, 0x7A, 0xCE, 0x7A, 0xCE,
    0x9B, 0xD6, 0x7A, 0xD6, 0x7A, 0xCE, 0x7A, 0xCE, 0x7A, 0xCE, 0x7A, 0xCE, 0x7A, 0xCE, 0x7A, 0xCE,
    0x7A, 0xCE, 0x7A, 0xCE, 0x7A, 0xCE, 0x7A, 0xCE, 0x7A, 0xCE, 0x7A, 0xCE, 0x7A, 0xCE, 0x7A, 0xCE,
    0x7A, 0xCE, 0x7A, 0xCE, 0x7A, 0xCE, 0x7A, 0xCE, 0x7A, 0xCE, 0x7A, 0xCE, 0x7A, 0xCE, 0x7A, 0xCE,
    0x7A, 0xCE, 0x7A, 0xCE, 0x7A, 0xCE, 0x7A, 0xCE, 0x7A, 0xCE, 0x7A, 0xCE, 0x7A, 0xCE, 0x9A, 0xD6,
    0x9A, 0xD6, 0x9A, 0xD6, 0x7A, 0xD6, 0x7A, 0xCE, 0x9A, 0xD6, 0x7A, 0xCE, 0x7A, 0xCE, 0x7A, 0xD6,
    0x7A, 0xCE, 0x7A, 0xCE, 0x7A, 0xCE, 0x7A, 0xCE, 0x7A, 0xCE, 0x7A, 0xCE, 0x7A, 0xCE, 0x7A, 0xCE,
    0x7A, 0xCE, 0x7A, 0xCE, 0x7A, 0xCE, 0x7A, 0xCE, 0x7A, 0xCE, 0x7A, 0xCE, 0x7A, 0xCE, 0x7A, 0xCE,
    0x7A, 0xCE, 0x7A, 0xCE, 0x7A, 0xCE, 0x7A, 0xCE, 0x7A, 0xCE, 0x7A, 0xCE, 0x7A, 0xCE, 0x7A, 0xCE,
    0x7A, 0xCE, 0x7A, 0xCE, 0x7A, 0xCE, 0x7A, 0xCE, 0x7A, 0xCE, 0x7A, 0xCE, 0x7A, 0xCE, 0x7A, 0xCE,
    0x7A, 0xCE, 0x7A, 0xCE, 0x7A, 0xCE, 0x7A, 0xCE, 0x7A, 0xCE, 0x7A, 0xCE, 0x7A, 0xCE, 0x7A, 0xCE,
    0x7A, 0xCE, 0x7A, 0xCE, 0x7A, 0xCE, 0x7A, 0xCE, 0x7A, 0xCE, 0x7A, 0xCE, 0x7A, 0xCE, 0x7A, 0xCE,
    0x7A, 0xCE, 0x7A, 0xCE, 0x7A, 0xCE, 0x7A, 0xCE, 0x7A, 0xCE, 0x7A, 0xCE, 0x7A, 0xCE, 0x7A, 0xCE,
    0x7A, 0xCE, 0x7A, 0xCE, 0x7A, 0xCE, 0x7A, 0xCE, 0x7A, 0xCE, 0x7A, 0xCE, 0x7A, 0xD6, 0x7A, 0xCE,
    0x7A, 0xCE, 0x7A, 0xCE, 0x7A, 0xCE, 0x7A, 0xCE, 0x7A, 0xCE, 0x7A, 0xCE, 0x7A, 0xCE, 0x7A, 0xCE,
    0x7A, 0xCE, 0x7A, 0xCE, 0x7A, 0xCE, 0x7A, 0xCE, 0x7A, 0xCE, 0x7A, 0xCE, 0x7A, 0xCE, 0x7A, 0xCE,
    0x7A, 0xCE, 0x7A, 0xCE, 0x7A, 0xCE, 0x7A, 0xCE, 0x7A, 0xCE, 0x7A, 0xCE, 0x7A, 0xCE, 0x7A, 0xCE,
    0x7A, 0xCE, 0x7A, 0xCE, 0x7A, 0xCE, 0x7A, 0xCE, 0x7A, 0xCE, 0x7A, 0xCE, 0x7A, 0xCE, 0x7A, 0xCE,
    0x7A, 0xCE, 0x7A, 0xCE, 0x7A, 0xCE, 0x7A, 0xCE, 0x7A, 0xCE, 0x9A, 0xD6, 0x9B, 0xD6, 0x9B, 0xD6,
    0x7A, 0xCE, 0x7A, 0xCE, 0x7A, 0xCE, 0x7A, 0xCE, 0x7A, 0xCE, 0x7A, 0xCE, 0x7A, 0xCE, 0x7A, 0xCE,
    0x7A, 0xCE, 0x7A, 0xCE, 0x7A, 0xCE, 0x7A, 0xCE, 0x7A, 0xCE, 0x7A, 0xCE, 0x7A, 0xCE, 0x7A, 0xCE,
    0x7A, 0xCE, 0x7A, 0xCE, 0x7A, 0xCE, 0x7A, 0xCE, 0x7A, 0xCE, 0x7A, 0xCE, 0x7A, 0xCE, 0x7A, 0xCE,
    0x7A, 0xCE, 0x7A, 0xCE, 0x7A, 0xCE, 0x5A, 0xCE, 0x7A, 0xCE, 0xD8, 0xBD, 0xF5, 0xA4, 0x16, 0xA5,
    0x15, 0x9D, 0x15, 0x9D, 0x15, 0x9D, 0x16, 0x9D, 0x37, 0xA5, 0xCC, 0x5A, 0x04, 0x21, 0x25, 0x21,
    0x25, 0x29, 0x49, 0x29, 0x70, 0x21, 0x91, 0x21, 0x71, 0x21, 0x71, 0x21, 0x71, 0x21, 0x71, 0x21,
    0x71, 0x21, 0x71, 0x21, 0x71, 0x21, 0x71, 0x21, 0x71, 0x21, 0x71, 0x21, 0x6A, 0x21, 0x66, 0x31,
    0x66, 0x29, 0x45, 0x29, 0x4A, 0x4A, 0xD5, 0x9C, 0xF5, 0x9C, 0xF5, 0x9C, 0xF5, 0xA4, 0xF5, 0xA4,
    0xF5, 0xA4, 0x15, 0xA5, 0xF9, 0xBD, 0x7A, 0xCE, 0x7A, 0xCE, 0x5A, 0xCE, 0x5A, 0xCE, 0x5A, 0xCE,
    0x5A, 0xCE, 0x5A, 0xCE, 0x5A, 0xCE, 0x5A, 0xCE, 0x5A, 0xCE, 0x5A, 0xCE, 0x5A, 0xCE, 0x5A, 0xCE,
    0x5A, 0xCE, 0x5A, 0xCE, 0x5A, 0xCE, 0x5A, 0xCE, 0x5A, 0xCE, 0x5A, 0xCE, 0x5A, 0xCE, 0x5A, 0xCE,
    0x5A, 0xCE, 0x5A, 0xCE, 0x5A, 0xCE, 0x5A, 0xCE, 0x5A, 0xCE, 0x5A, 0xCE, 0x5A, 0xCE, 0x5A, 0xCE,
    0x5A, 0xCE, 0x5A, 0xCE, 0x5A, 0xCE, 0x5A, 0xCE, 0x5A, 0xCE, 0x5A, 0xCE, 0x5A, 0xCE, 0x5A, 0xCE,
    0x5A, 0xCE, 0x5A, 0xCE, 0x5A, 0xCE, 0x5A, 0xCE, 0x5A, 0xCE, 0x5A, 0xCE, 0x5A, 0xCE, 0x5A, 0xCE,
    0x5A, 0xCE, 0x5A, 0xCE, 0x5A, 0xCE, 0x5A, 0xCE, 0x5A, 0xCE, 0x5A, 0xCE, 0x5A, 0xCE, 0x5A, 0xCE,
    0x5A, 0xCE, 0x5A, 0xCE, 0x5A, 0xCE, 0x5A, 0xCE, 0x5A, 0xCE, 0x5A, 0xCE, 0x5A, 0xCE, 0x5A, 0xCE,
    0x5A, 0xCE, 0x5A, 0xCE, 0x5A, 0xCE, 0x5A, 0xCE, 0x5A, 0xCE, 0x5A, 0xCE, 0x5A, 0xCE, 0x5A, 0xCE,
    0x5A, 0xCE, 0x5A, 0xCE, 0x5A, 0xCE, 0x5A, 0xCE, 0x5A, 0xCE, 0x5A, 0xCE, 0x5A, 0xCE, 0x5A, 0xCE,
    0x5A, 0xCE, 0x5A, 0xCE, 0x5A, 0xCE, 0x5A, 0xCE, 0x5A, 0xCE, 0x5A, 0xCE, 0x5A, 0xCE, 0x5A, 0xCE,
    0x5A, 0xCE, 0x5A, 0xCE, 0x5A, 0xCE, 0x5A, 0xCE, 0x5A, 0xCE, 0x5A, 0xCE, 0x5A, 0xCE, 0x5A, 0xCE,
    0x5A, 0xCE, 0x5A, 0xCE, 0x5A, 0xCE, 0x5A, 0xCE, 0x5A, 0xCE, 0x5A, 0xCE, 0x5A, 0xCE, 0x5A, 0xCE,
    0x5A, 0xCE, 0x5A, 0xCE, 0x5A, 0xCE, 0x5A, 0xCE, 0x5A, 0xCE, 0x5A, 0xCE, 0x5A, 0xCE, 0x5A, 0xCE,
    0x5A, 0xCE, 0x5A, 0xCE, 0x5A, 0xCE, 0x5A, 0xCE, 0x5A, 0xCE, 0x5A, 0xCE, 0x5A, 0xCE, 0x5A, 0xCE,
    0x5A, 0xCE, 0x5A, 0xCE, 0x5A, 0xCE, 0x5A, 0xCE, 0x5A, 0xCE, 0x5A, 0xCE, 0x5A, 0xCE, 0x5A, 0xCE,
    0x5A, 0xCE, 0x5A, 0xCE, 0x5A, 0xCE, 0x5A, 0xCE, 0x5A, 0xCE, 0x5A, 0xCE, 0x5A, 0xCE, 0x5A, 0xCE,
    0x5A, 0xCE, 0x5A, 0xCE, 0x5A, 0xCE, 0x5A, 0xCE, 0x5A, 0xCE, 0x5A, 0xCE, 0x5A, 0xCE, 0x5A, 0xCE,
    0x5A, 0xCE, 0x5A, 0xCE, 0x5A, 0xCE, 0x5A, 0xCE, 0x5A, 0xCE, 0x5A, 0xCE, 0x5A, 0xCE, 0x5A, 0xCE,
    0x5A, 0xCE, 0x5A, 0xCE, 0x5A, 0xCE, 0x5A, 0xCE, 0x5A, 0xCE, 0x5A, 0xCE, 0x5A, 0xCE, 0x5A, 0xCE,
    0x5A, 0xCE, 0x5A, 0xCE, 0x5A, 0xCE, 0x5A, 0xCE, 0x5A, 0xCE, 0x5A, 0xCE, 0x5A, 0xCE, 0x5A, 0xCE,
    0x5A, 0xCE, 0x5A, 0xCE, 0x5A, 0xCE, 0x5A, 0xCE, 0x5A, 0xCE, 0x5A, 0xCE, 0x5A, 0xCE, 0x5A, 0xCE,
    0x5A, 0xCE, 0x5A, 0xCE, 0x5A, 0xCE, 0x5A, 0xCE, 0x5A, 0xCE, 0x5A, 0xCE, 0x5A, 0xCE, 0x5A, 0xCE,
    0x7A, 0xCE, 0xF9, 0xBD, 0x36, 0xA5, 0x16, 0xA5, 0x16, 0xA5, 0x15, 0x9D, 0x15, 0x9D, 0xF5, 0x9C,
    0x16, 0xA5, 0xAC, 0x52, 0x45, 0x21, 0x66, 0x29, 0x66, 0x31, 0x8A, 0x29, 0x71, 0x21, 0x71, 0x21,
    0x71, 0x21, 0x71, 0x21, 0x71, 0x21, 0x71, 0x21, 0x71, 0x21, 0x71, 0x21, 0x71, 0x21, 0x71, 0x21,
    0x71, 0x21, 0x71, 0x21, 0x4A, 0x21, 0x66, 0x29, 0x66, 0x29, 0x25, 0x21, 0x4A, 0x4A, 0xF5, 0xA4,
    0x16, 0xA5, 0x16, 0xA5, 0x16, 0xA5, 0x15, 0xA5, 0xF5, 0xA4, 0x15, 0xA5, 0xF9, 0xC5, 0x9B, 0xD6,
    0x7A, 0xCE, 0x7A, 0xCE, 0x7A, 0xCE, 0x7A, 0xCE, 0x7A, 0xCE, 0x7A, 0xCE, 0x7A, 0xCE, 0x7A, 0xCE,
    0x7A, 0xCE, 0x7A, 0xCE, 0x7A, 0xCE, 0x7A, 0xCE, 0x7A, 0xCE, 0x7A, 0xCE, 0x7A, 0xCE, 0x7A, 0xCE,
    0x7A, 0xCE, 0x7A, 0xCE, 0x7A, 0xCE, 0x7A, 0xCE, 0x7A, 0xCE, 0x7A, 0xCE, 0x7A, 0xCE, 0x7A, 0xCE,
    0x7A, 0xCE, 0x7A, 0xCE, 0x7A, 0xCE, 0x7A, 0xCE, 0x7A, 0xCE, 0x7A, 0xCE, 0x7A, 0xCE, 0x7A, 0xCE,
    0x7A, 0xCE, 0x7A, 0xCE, 0x7A, 0xCE, 0x7A, 0xCE, 0x7A, 0xCE, 0x7A, 0xCE, 0x7A, 0xCE, 0x7A, 0xCE,
    0x7A, 0xCE, 0x7A, 0xCE, 0x7A, 0xCE, 0x7A, 0xCE, 0x7A, 0xCE, 0x7A, 0xCE, 0x7A, 0xCE, 0x7A, 0xCE,
    0x7A, 0xCE, 0x7A, 0xCE, 0x7A, 0xCE, 0x7A, 0xCE, 0x7A, 0xCE, 0x7A, 0xCE, 0x7A, 0xCE, 0x7A, 0xCE,
    0x7A, 0xCE, 0x7A, 0xCE, 0x7A, 0xCE, 0x7A, 0xCE, 0x7A, 0xCE, 0x7A, 0xCE, 0x7A, 0xCE, 0x7A, 0xCE,
    0x7A, 0xCE, 0x7A, 0xCE, 0x7A, 0xCE, 0x7A, 0xCE, 0x7A, 0xCE, 0x7A, 0xCE, 0x7A, 0xCE, 0x7A, 0xCE,
    0x7A, 0xCE, 0x7A, 0xCE, 0x7A, 0xCE, 0x7A, 0xCE, 0x7A, 0xCE, 0x7A, 0xCE, 0x7A, 0xCE, 0x7A, 0xCE,
    0x7A, 0xCE, 0x7A, 0xCE, 0x7A, 0xCE, 0x7A, 0xCE, 0x7A, 0xCE, 0x7A, 0xCE, 0x7A, 0xCE, 0x7A, 0xCE,
    0x7A, 0xCE, 0x7A, 0xCE, 0x7A, 0xCE, 0x7A, 0xCE, 0x7A, 0xCE, 0x7A, 0xCE, 0x7A, 0xCE, 0x7A, 0xCE,
    0x7A, 0xCE, 0x7A, 0xCE, 0x7A, 0xCE, 0x7A, 0xCE, 0x7A, 0xCE, 0x7A, 0xCE, 0x7A, 0xCE, 0x7A, 0xCE,
    0x7A, 0xCE, 0x7A, 0xCE, 0x7A, 0xCE, 0x7A, 0xCE, 0x7A, 0xCE, 0x7A, 0xCE, 0x7A, 0xCE, 0x7A, 0xCE,
    0x7A, 0xCE, 0x7A, 0xCE, 0x7A, 0xCE, 0x7A, 0xCE, 0x7A, 0xCE, 0x7A, 0xCE, 0x7A, 0xCE, 0x7A, 0xCE,
    0x7A, 0xCE, 0x7A, 0xCE, 0x7A, 0xCE, 0x7A, 0xCE, 0x7A, 0xCE, 0x7A, 0xCE, 0x7A, 0xCE, 0x7A, 0xCE,
    0x7A, 0xCE, 0x7A, 0xCE, 0x7A, 0xCE, 0x7A, 0xCE, 0x7A, 0xCE, 0x7A, 0xCE, 0x7A, 0xCE, 0x7A, 0xCE,
    0x7A, 0xCE, 0x7A, 0xCE, 0x7A, 0xCE, 0x7A, 0xCE, 0x7A, 0xCE, 0x7A, 0xCE, 0x7A, 0xCE, 0x7A, 0xCE,
    0x7A, 0xCE, 0x7A, 0xCE, 0x7A, 0xCE, 0x7A, 0xCE, 0x7A, 0xCE, 0x7A, 0xCE, 0x7A, 0xCE, 0x7A, 0xCE,
    0x7A, 0xCE, 0x7A, 0xCE, 0x7A, 0xCE, 0x7A, 0xCE, 0x7A, 0xCE, 0x7A, 0xCE, 0x7A, 0xCE, 0x7A, 0xCE,
    0x7A, 0xCE, 0x7A, 0xCE, 0x7A, 0xCE, 0x7A, 0xCE, 0x7A, 0xCE, 0x7A, 0xCE, 0x7A, 0xCE, 0x7A, 0xCE,
    0x7A, 0xCE, 0x7A, 0xCE, 0x7A, 0xCE, 0x7A, 0xCE, 0x7A, 0xCE, 0x7A, 0xCE, 0x7A, 0xCE, 0x7A, 0xCE,
    0x7A, 0xCE, 0x7A, 0xCE, 0x7A, 0xCE, 0x7A, 0xCE, 0x9B, 0xD6, 0xF8, 0xBD, 0x15, 0xA5, 0x16, 0xA5,
    0x16, 0xA5, 0x36, 0xA5, 0x36, 0xA5, 0x15, 0xA5, 0x36, 0xA5, 0xAC, 0x52, 0x25, 0x21, 0x66, 0x31,
    0x86, 0x31, 0x6A, 0x29, 0x71, 0x21, 0x71, 0x21, 0x71, 0x21, 0x71, 0x21, 0x71, 0x21, 0x71, 0x21,
    0x71, 0x21, 0x71, 0x21, 0x71, 0x21, 0x71, 0x21, 0x91, 0x21, 0x71, 0x21, 0x6A, 0x21, 0x86, 0x31,
    0x66, 0x29, 0x65, 0x29, 0xC8, 0x39, 0xED, 0x5A, 0xCC, 0x5A, 0xCC, 0x5A, 0xD0, 0x7B, 0x16, 0xA5,
    0x16, 0xA5, 0xF5, 0xA4, 0x57, 0xAD, 0x97, 0xB5, 0x97, 0xB5, 0x97, 0xB5, 0x97, 0xB5, 0xB7, 0xB5,
    0x97, 0xB5, 0x97, 0xB5, 0x97, 0xB5, 0x97, 0xB5, 0x97, 0xB5, 0x97, 0xB5, 0x97, 0xB5, 0x97, 0xB5,
    0x97, 0xB5, 0x97, 0xB5, 0x97, 0xB5, 0x97, 0xB5, 0x97, 0xB5, 0x97, 0xB5, 0x97, 0xB5, 0x97, 0xB5,
    0x97, 0xB5, 0x97, 0xB5, 0x97, 0xB5, 0x97, 0xB5, 0x97, 0xB5, 0x97, 0xB5, 0x97, 0xB5, 0x97, 0xB5,
    0x97, 0xB5, 0x97, 0xB5, 0x97, 0xB5, 0x97, 0xB5, 0x97, 0xB5, 0x97, 0xB5, 0x97, 0xB5, 0x97, 0xB5,
    0x97, 0xB5, 0x97, 0xB5, 0x97, 0xB5, 0x97, 0xB5, 0x97, 0xB5, 0xB7, 0xB5, 0xB7, 0xB5, 0xB7, 0xB5,
    0xB7, 0xB5, 0xB7, 0xB5, 0xB7, 0xB5, 0x97, 0xB5, 0x97, 0xB5, 0x97, 0xB5, 0x97, 0xB5, 0xB7, 0xB5,
    0xB7, 0xB5, 0xB7, 0xB5, 0xB7, 0xB5, 0xB7, 0xB5, 0xB7, 0xB5, 0x97, 0xB5, 0x97, 0xB5, 0x97, 0xB5,
    0xB7, 0xB5, 0x97, 0xB5, 0x97, 0xB5, 0x97, 0xB5, 0x97, 0xB5, 0x97, 0xB5, 0x97, 0xB5, 0x97, 0xB5,
    0x97, 0xB5, 0x97, 0xB5, 0x97, 0xB5, 0x97, 0xB5, 0x97, 0xB5, 0x97, 0xB5, 0x97, 0xB5, 0x97, 0xB5,
    0x97, 0xB5, 0x97, 0xB5, 0x97, 0xB5, 0xB7, 0xB5, 0x97, 0xB5, 0x97, 0xB5, 0x97, 0xB5, 0x97, 0xB5,
    0x97, 0xB5, 0x97, 0xB5, 0x97, 0xB5, 0x97, 0xB5, 0x97, 0xB5, 0x97, 0xB5, 0x97, 0xB5, 0xB7, 0xB5,
    0xB7, 0xB5, 0xB7, 0xB5, 0xB7, 0xB5, 0xB7, 0xB5, 0xB7, 0xB5, 0xB7, 0xB5, 0xB7, 0xB5, 0xB7, 0xB5,
    0xB7, 0xB5, 0xB7, 0xB5, 0xB7, 0xB5, 0x97, 0xB5, 0x97, 0xB5, 0x97, 0xB5, 0x97, 0xB5, 0xB7, 0xB5,
    0xB7, 0xB5, 0xB7, 0xB5, 0xB7, 0xB5, 0xB7, 0xB5, 0xB7, 0xB5, 0xB7, 0xB5, 0xB7, 0xB5, 0x97, 0xB5,
    0x97, 0xB5, 0x97, 0xB5, 0x97, 0xB5, 0xB7, 0xB5, 0xB7, 0xB5, 0x97, 0xB5, 0x97, 0xB5, 0x97, 0xB5,
    0x97, 0xB5, 0x97, 0xB5, 0x97, 0xB5, 0x97, 0xB5, 0x97, 0xB5, 0x97, 0xB5, 0x97, 0xB5, 0x97, 0xB5,
    0x97, 0xB5, 0x97, 0xB5, 0x97, 0xB5, 0xB7, 0xB5, 0x97, 0xB5, 0x97, 0xB5, 0x97, 0xB5, 0x97, 0xB5,
    0x97, 0xB5, 0x97, 0xB5, 0x97, 0xB5, 0x97, 0xB5, 0x97, 0xB5, 0x97, 0xB5, 0x97, 0xB5, 0x97, 0xB5,
    0x97, 0xB5, 0xB7, 0xB5, 0xB7, 0xB5, 0x97, 0xB5, 0x97, 0xB5, 0x97, 0xB5, 0x97, 0xB5, 0x97, 0xB5,
    0x97, 0xB5, 0x97, 0xB5, 0x97, 0xB5, 0x97, 0xB5, 0xB7, 0xB5, 0xB7, 0xB5, 0xB7, 0xB5, 0x97, 0xB5,
    0x97, 0xB5, 0x97, 0xB5, 0x97, 0xB5, 0x97, 0xB5, 0x97, 0xB5, 0x97, 0xB5, 0x97, 0xB5, 0x97, 0xB5,
    0xB7, 0xB5, 0xB7, 0xB5, 0x97, 0xB5, 0x97, 0xB5, 0x97, 0xB5, 0x97, 0xB5, 0x97, 0xB5, 0x97, 0xB5,
    0xB7, 0xB5, 0x56, 0xAD, 0xF5, 0xA4, 0x16, 0xA5, 0x56, 0xA5, 0x52, 0x8C, 0xEC, 0x5A, 0xCC, 0x5A,
    0xED, 0x5A, 0x09, 0x42, 0x66, 0x29, 0x86, 0x31, 0xA6, 0x31, 0x6A, 0x29, 0x71, 0x21, 0x71, 0x21,
    0x71, 0x21, 0x71, 0x21, 0x71, 0x21, 0x71, 0x21, 0x71, 0x21, 0x71, 0x21, 0x71, 0x21, 0x71, 0x21,
    0x71, 0x21, 0x71, 0x21, 0x8E, 0x21, 0x6A, 0x29, 0x69, 0x29, 0x67, 0x29, 0x46, 0x29, 0x25, 0x21,
    0x25, 0x21, 0xE4, 0x18, 0xAC, 0x52, 0x36, 0xA5, 0x15, 0xA5, 0xF5, 0xA4, 0xF5, 0x9C, 0xF5, 0x9C,
    0xF5, 0x9C, 0xF5, 0x9C, 0xF5, 0x9C, 0xF5, 0x9C, 0xF5, 0x9C, 0xF5, 0x9C, 0xF5, 0x9C, 0xF5, 0x9C,
    0xF5, 0x9C, 0xF5, 0x9C, 0xF5, 0x9C, 0xF5, 0x9C, 0xF5, 0x9C, 0xF5, 0x9C, 0xF5, 0x9C, 0xF5, 0x9C,
    0xF5, 0x9C, 0xF5, 0x9C, 0xF5, 0x9C, 0xF5, 0x9C, 0xF5, 0x9C, 0xF5, 0x9C, 0xF5, 0x9C, 0xF5, 0x9C,
    0xF5, 0x9C, 0xF5, 0x9C, 0xF5, 0x9C, 0xF5, 0x9C, 0xF5, 0x9C, 0xF5, 0x9C, 0xF5, 0x9C, 0xF5, 0x9C,
    0xF5, 0x9C, 0xD5, 0x9C, 0xF5, 0x9C, 0xD5, 0x9C, 0xF5, 0x9C, 0xF5, 0x9C, 0xF5, 0x9C, 0xF5, 0x9C,
    0xF5, 0x9C, 0xF5, 0x9C, 0xF5, 0x9C, 0xF5, 0x9C, 0xF5, 0x9C, 0xF5, 0x9C, 0xF5, 0x9C, 0xF5, 0x9C,
    0xF5, 0x9C, 0xF5, 0x9C, 0xF5, 0x9C, 0xF5, 0x9C, 0xF5, 0x9C, 0xF5, 0x9C, 0xF5, 0x9C, 0xF5, 0x9C,
    0xF5, 0x9C, 0xF5, 0x9C, 0xF5, 0x9C, 0xF5, 0x9C, 0xF5, 0x9C, 0xF5, 0x9C, 0xF5, 0x9C, 0xF5, 0x9C,
    0xF5, 0x9C, 0xF5, 0x9C, 0xF5, 0x9C, 0xF5, 0x9C, 0xF5, 0x9C, 0xF5, 0x9C, 0xF5, 0x9C, 0xF5, 0x9C,
    0x15, 0x9D, 0xF5, 0x9C, 0xF5, 0x9C, 0xF5, 0x9C, 0xF5, 0x9C, 0xF5, 0x9C, 0xF5, 0x9C, 0xF5, 0x9C,
    0xF5, 0x9C, 0xF5, 0x9C, 0xF5, 0x9C, 0xF5, 0x9C, 0xF5, 0x9C, 0xF5, 0x9C, 0xF5, 0x9C, 0xF5, 0x9C,
    0xF5, 0x9C, 0xF5, 0x9C, 0xF5, 0x9C, 0xF5, 0x9C, 0xF5, 0x9C, 0xF5, 0x9C, 0xF5, 0x9C, 0xF5, 0x9C,
    0xF5, 0x9C, 0xF5, 0x9C, 0xF5, 0x9C, 0xF5, 0x9C, 0xF5, 0x9C, 0xF5, 0x9C, 0xF5, 0x9C, 0xF5, 0x9C,
    0xF5, 0x9C, 0xF5, 0x9C, 0xF5, 0x9C, 0xF5, 0x9C, 0xF5, 0x9C, 0xF5, 0x9C, 0xF5, 0x9C, 0xF5, 0x9C,
    0xF5, 0x9C, 0xF5, 0x9C, 0xF5, 0x9C, 0xF5, 0x9C, 0xF5, 0x9C, 0xF5, 0x9C, 0xF5, 0x9C, 0xF5, 0x9C,
    0xF5, 0x9C, 0xF5, 0x9C, 0xF5, 0x9C, 0xF5, 0x9C, 0xF5, 0x9C, 0xF5, 0x9C, 0xF5, 0x9C, 0xF5, 0x9C,
    0xF5, 0x9C, 0xF5, 0x9C, 0xF5, 0x9C, 0xF5, 0x9C, 0xF5, 0x9C, 0xF5, 0x9C, 0xF5, 0x9C, 0xF5, 0x9C,
    0xF5, 0x9C, 0xF5, 0x9C, 0xF5, 0x9C, 0xF5, 0x9C, 0xF5, 0x9C, 0xF5, 0x9C, 0xF5, 0x9C, 0xF5, 0x9C,
    0xF5, 0x9C, 0xF5, 0x9C, 0xF5, 0x9C, 0xF5, 0x9C, 0xF5, 0x9C, 0xF5, 0x9C, 0xF5, 0x9C, 0xF5, 0x9C,
    0xF5, 0x9C, 0xF5, 0x9C, 0xF5, 0x9C, 0xF5, 0x9C, 0xF5, 0x9C, 0xF5, 0x9C, 0xF5, 0x9C, 0xF5, 0x9C,
    0xF5, 0x9C, 0xF5, 0x9C, 0xF5, 0x9C, 0xF5, 0x9C, 0xF5, 0x9C, 0xF5, 0x9C, 0xF5, 0x9C, 0xF5, 0x9C,
    0xF5, 0x9C, 0xF5, 0x9C, 0xF5, 0x9C, 0xF5, 0x9C, 0xF5, 0x9C, 0xF5, 0x9C, 0xF5, 0x9C, 0xF5, 0x9C,
    0xF5, 0x9C, 0xF5, 0x9C, 0xF5, 0x9C, 0xF5, 0x9C, 0xF5, 0x9C, 0xF5, 0x9C, 0x16, 0xA5, 0x16, 0xA5,
    0x57, 0xAD, 0x6F, 0x6B, 0x04, 0x21, 0x25, 0x21, 0x25, 0x21, 0x46, 0x29, 0x68, 0x29, 0x69, 0x29,
    0x8A, 0x29, 0x8E, 0x21, 0x71, 0x21, 0x71, 0x21, 0x71, 0x21, 0x71, 0x21, 0x71, 0x21, 0x71, 0x21,
    0x71, 0x21, 0x71, 0x21, 0x71, 0x21, 0x71, 0x21, 0x71, 0x21, 0x71, 0x21, 0x71, 0x21, 0x71, 0x21,
    0x71, 0x21, 0x6F, 0x19, 0x47, 0x29, 0x66, 0x29, 0x66, 0x29, 0x25, 0x21, 0xCC, 0x5A, 0x15, 0xA5,
    0x15, 0xA5, 0xF5, 0xA4, 0xF5, 0x9C, 0xF5, 0x9C, 0xF6, 0xA4, 0xF6, 0xA4, 0xF6, 0xA4, 0xF6, 0x9C,
    0xF6, 0x9C, 0xF5, 0x9C, 0xF5, 0x9C, 0xF5, 0x9C, 0xF6, 0xA4, 0xF6, 0xA4, 0xF6, 0xA4, 0xF6, 0xA4,
    0xF5, 0x9C, 0xF5, 0x9C, 0xF5, 0x9C, 0xF6, 0x9C, 0xF6, 0x9C, 0xF6, 0x9C, 0xF6, 0x9C, 0xF6, 0x9C,
    0xF6, 0x9C, 0xF6, 0x9C, 0xF6, 0x9C, 0xF6, 0x9C, 0xF5, 0x9C, 0xF5, 0x9C, 0xF6, 0x9C, 0xF6, 0x9C,
    0xF6, 0x9C, 0xF5, 0x9C, 0xF5, 0x9C, 0xF5, 0x9C, 0xF5, 0x9C, 0xF5, 0x9C, 0xF5, 0x9C, 0xF5, 0x9C,
    0xF5, 0x9C, 0xF5, 0x9C, 0xF5, 0x9C, 0xF5, 0x9C, 0xF6, 0x9C, 0xF6, 0x9C, 0xF6, 0x9C, 0x16, 0x9D,
    0x16, 0x9D, 0x16, 0x9D, 0x16, 0x9D, 0xF6, 0x9C, 0xF6, 0x9C, 0xF6, 0x9C, 0x16, 0x9D, 0x16, 0x9D,
    0x16, 0x9D, 0x16, 0x9D, 0x16, 0x9D, 0xF6, 0x9C, 0xF6, 0x9C, 0xF6, 0x9C, 0xF6, 0x9C, 0xF6, 0x9C,
    0xF6, 0x9C, 0xF6, 0x9C, 0xF6, 0x9C, 0xF6, 0x9C, 0xF6, 0xA4, 0xF6, 0xA4, 0xF6, 0xA4, 0xF6, 0x9C,
    0xF6, 0xA4, 0xF6, 0xA4, 0xF6, 0xA4, 0x16, 0xA5, 0x16, 0x9D, 0x16, 0x9D, 0x16, 0x9D, 0x16, 0x9D,
    0x16, 0x9D, 0x16, 0x9D, 0x16, 0x9D, 0x16, 0x9D, 0xF6, 0x9C, 0xF6, 0x9C, 0xF6, 0x9C, 0xF6, 0x9C,
    0xF6, 0x9C, 0xF6, 0x9C, 0xF6, 0x9C, 0xF5, 0x9C, 0xF5, 0x9C, 0xF6, 0x9C, 0xF6, 0x9C, 0xF6, 0x9C,
    0xF6, 0x9C, 0xF6, 0x9C, 0xF6, 0x9C, 0xF6, 0x9C, 0xF6, 0xA4, 0xF6, 0xA4, 0xF6, 0xA4, 0xF6, 0x9C,
    0xF6, 0x9C, 0xF6, 0x9C, 0xF6, 0x9C, 0xF6, 0x9C, 0xF6, 0x9C, 0xF6, 0x9C, 0xF6, 0x9C, 0xF6, 0x9C,
    0xF6, 0x9C, 0x16, 0x9D, 0x16, 0x9D, 0x16, 0x9D, 0x16, 0x9D, 0x16, 0x9D, 0xF6, 0x9C, 0xF6, 0x9C,
    0xF6, 0x9C, 0xF6, 0x9C, 0xF6, 0x9C, 0x16, 0x9D, 0x16, 0x9D, 0xF6, 0x9C, 0xF6, 0x9C, 0xF6, 0x9C,
    0x16, 0x9D, 0x16, 0x9D, 0x16, 0x9D, 0x16, 0x9D, 0xF6, 0xA4, 0xF6, 0xA4, 0xF6, 0x9C, 0xF6, 0x9C,
    0xF6, 0xA4, 0xF6, 0xA4, 0xF6, 0xA4, 0x16, 0x9D, 0xF6, 0x9C, 0xF6, 0x9C, 0xF6, 0x9C, 0xF6, 0x9C,
    0xF6, 0x9C, 0xF6, 0x9C, 0xF6, 0x9C, 0xF6, 0x9C, 0xF6, 0x9C, 0xF6, 0x9C, 0xF6, 0x9C, 0xF6, 0x9C,
    0xF6, 0x9C, 0xF6, 0x9C, 0x16, 0x9D, 0x16, 0x9D, 0x16, 0x9D, 0x16, 0x9D, 0x16, 0x9D, 0xF6, 0x9C,
    0xF6, 0x9C, 0xF6, 0x9C, 0xF6, 0x9C, 0xF6, 0x9C, 0xF6, 0x9C, 0xF6, 0x9C, 0xF6, 0x9C, 0xF6, 0x9C,
    0xF6, 0x9C, 0xF6, 0x9C, 0xF6, 0x9C, 0x16, 0x9D, 0x16, 0x9D, 0x16, 0x9D, 0xF6, 0xA4, 0xF6, 0xA4,
    0xF6, 0x9C, 0xF6, 0xA4, 0x16, 0xA5, 0x16, 0xA5, 0x16, 0xA5, 0x16, 0xA5, 0x16, 0xA5, 0x15, 0xA5,
    0xF5, 0xA4, 0x16, 0xA5, 0xF6, 0xA4, 0x16, 0xA5, 0x36, 0xA5, 0x4E, 0x6B, 0x45, 0x21, 0x66, 0x29,
    0x66, 0x29, 0x47, 0x29, 0x6F, 0x21, 0x71, 0x21, 0x71, 0x21, 0x71, 0x21, 0x71, 0x21, 0x71, 0x21,
    0x71, 0x21, 0x71, 0x21, 0x71, 0x21, 0x71, 0x21, 0x71, 0x21, 0x71, 0x21, 0x71, 0x21, 0x71, 0x21,
    0x71, 0x21, 0x71, 0x21, 0x71, 0x21, 0x71, 0x21, 0x71, 0x21, 0x70, 0x19, 0x67, 0x29, 0x86, 0x31,
    0x65, 0x29, 0x45, 0x29, 0x0D, 0x63, 0x56, 0xAD, 0x35, 0xA5, 0x36, 0xA5, 0x36, 0xA5, 0x36, 0xA5,
    0x36, 0xA5, 0x36, 0xA5, 0x36, 0xA5, 0x16, 0xA5, 0x16, 0xA5, 0x16, 0xA5, 0x16, 0xA5, 0x16, 0xA5,
    0x36, 0xA5, 0x36, 0xA5, 0x36, 0xA5, 0x36, 0xA5, 0x16, 0xA5, 0x16, 0xA5, 0x16, 0xA5, 0x36, 0xA5,
    0x36, 0xA5, 0x36, 0xA5, 0x36, 0xA5, 0x36, 0xA5, 0x16, 0xA5, 0x16, 0xA5, 0x36, 0xA5, 0x36, 0xA5,
    0x36, 0xA5, 0x36, 0xA5, 0x36, 0xA5, 0x36, 0xA5, 0x36, 0xA5, 0x36, 0xA5, 0x36, 0xA5, 0x16, 0xA5,
    0x16, 0xA5, 0x36, 0xA5, 0x36, 0xA5, 0x36, 0xA5, 0x36, 0xA5, 0x36, 0xA5, 0x36, 0xA5, 0x36, 0xA5,
    0x36, 0xA5, 0x36, 0xA5, 0x36, 0xA5, 0x36, 0xA5, 0x36, 0xA5, 0x36, 0xA5, 0x36, 0xA5, 0x36, 0xA5,
    0x36, 0xA5, 0x36, 0xA5, 0x36, 0xA5, 0x36, 0xA5, 0x36, 0xA5, 0x36, 0xA5, 0x36, 0xA5, 0x36, 0xA5,
    0x36, 0xA5, 0x36, 0xA5, 0x36, 0xA5, 0x36, 0xA5, 0x36, 0xA5, 0x36, 0xA5, 0x36, 0xA5, 0x36, 0xA5,
    0x36, 0xA5, 0x36, 0xA5, 0x36, 0xA5, 0x36, 0xA5, 0x36, 0xA5, 0x36, 0xA5, 0x36, 0xA5, 0x36, 0xA5,
    0x36, 0xA5, 0x36, 0xA5, 0x36, 0xA5, 0x36, 0xA5, 0x36, 0xA5, 0x36, 0xA5, 0x36, 0xA5, 0x36, 0xA5,
    0x36, 0xA5, 0x36, 0xA5, 0x36, 0xA5, 0x36, 0xA5, 0x36, 0xA5, 0x36, 0xA5, 0x36, 0xA5, 0x36, 0xA5,
    0x36, 0xA5, 0x36, 0xA5, 0x36, 0xA5, 0x36, 0xA5, 0x36, 0xA5, 0x16, 0xA5, 0x36, 0xA5, 0x36, 0xA5,
    0x36, 0xA5, 0x36, 0xA5, 0x36, 0xA5, 0x36, 0xA5, 0x36, 0xA5, 0x36, 0xA5, 0x36, 0xA5, 0x36, 0xA5,
    0x36, 0xA5, 0x36, 0xA5, 0x36, 0xA5, 0x36, 0xA5, 0x36, 0xA5, 0x36, 0xA5, 0x36, 0xA5, 0x36, 0xA5,
    0x36, 0xA5, 0x36, 0xA5, 0x36, 0xA5, 0x36, 0xA5, 0x36, 0xA5, 0x36, 0xA5, 0x36, 0xA5, 0x36, 0xA5,
    0x36, 0xA5, 0x36, 0xA5, 0x36, 0xA5, 0x36, 0xA5, 0x36, 0xA5, 0x36, 0xA5, 0x36, 0xA5, 0x36, 0xA5,
    0x36, 0xA5, 0x36, 0xA5, 0x36, 0xA5, 0x36, 0xA5, 0x36, 0xA5, 0x36, 0xA5, 0x36, 0xAD, 0x36, 0xA5,
    0x36, 0xA5, 0x36, 0xA5, 0x36, 0xA5, 0x36, 0xA5, 0x36, 0xA5, 0x36, 0xA5, 0x36, 0xA5, 0x36, 0xA5,
    0x36, 0xA5, 0x36, 0xA5, 0x36, 0xA5, 0x36, 0xA5, 0x36, 0xA5, 0x36, 0xA5, 0x36, 0xA5, 0x36, 0xA5,
    0x36, 0xA5, 0x36, 0xA5, 0x36, 0xA5, 0x36, 0xA5, 0x36, 0xA5, 0x36, 0xA5, 0x36, 0xA5, 0x36, 0xA5,
    0x36, 0xA5, 0x36, 0xA5, 0x36, 0xA5, 0x36, 0xA5, 0x36, 0xA5, 0x36, 0xA5, 0x36, 0xA5, 0x36, 0xA5,
    0x36, 0xA5, 0x36, 0xA5, 0x36, 0xA5, 0x36, 0xA5, 0x36, 0xA5, 0x36, 0xA5, 0x36, 0xA5, 0x36, 0xA5,
    0x36, 0xA5, 0x36, 0xA5, 0x36, 0xA5, 0x36, 0xA5, 0x36, 0xA5, 0x36, 0xA5, 0x56, 0xAD, 0x36, 0xA5,
    0x56, 0xAD, 0x6E, 0x6B, 0x45, 0x29, 0x66, 0x29, 0x86, 0x31, 0x66, 0x29, 0x70, 0x21, 0x71, 0x21,
    0x71, 0x21, 0x71, 0x21, 0x71, 0x21, 0x71, 0x21, 0x71, 0x21, 0x71, 0x21, 0x71, 0x21, 0x71, 0x21,
    0x71, 0x21, 0x71, 0x21, 0x71, 0x21, 0x71, 0x21, 0x71, 0x21, 0x71, 0x21, 0x71, 0x21, 0x71, 0x21,
    0x71, 0x21, 0x71, 0x21, 0x8B, 0x29, 0x67, 0x29, 0x67, 0x29, 0x67, 0x29, 0x29, 0x42, 0xED, 0x5A,
    0xEC, 0x5A, 0xEC, 0x5A, 0xEC, 0x5A, 0xEC, 0x5A, 0xEC, 0x5A, 0xEC, 0x5A, 0xEC, 0x5A, 0xEC, 0x5A,
    0xEC, 0x5A, 0xEC, 0x5A, 0xEC, 0x5A, 0xEC, 0x5A, 0xEC, 0x5A, 0xEC, 0x5A, 0xCC, 0x5A, 0xCC, 0x5A,
    0xCC, 0x5A, 0xCC, 0x5A, 0xCC, 0x5A, 0xCC, 0x5A, 0xCC, 0x5A, 0xEC, 0x5A, 0xEC, 0x5A, 0xCC, 0x5A,
    0xCC, 0x5A, 0xEC, 0x5A, 0xCC, 0x5A, 0xCC, 0x5A, 0xCC, 0x5A, 0xEC, 0x5A, 0xEC, 0x5A, 0xEC, 0x5A,
    0xEC, 0x5A, 0xEC, 0x5A, 0xEC, 0x5A, 0xEC, 0x5A, 0xCC, 0x5A, 0xCC, 0x5A, 0xCC, 0x5A, 0xEC, 0x5A,
    0xEC, 0x5A, 0xEC, 0x5A, 0xEC, 0x5A, 0xEC, 0x5A, 0xEC, 0x5A, 0xEC, 0x5A, 0xEC, 0x5A, 0xEC, 0x5A,
    0xEC, 0x5A, 0xEC, 0x5A, 0xEC, 0x5A, 0xED, 0x5A, 0xED, 0x5A, 0xED, 0x5A, 0xEC, 0x5A, 0xEC, 0x5A,
    0xEC, 0x5A, 0xEC, 0x5A, 0xEC, 0x5A, 0xEC, 0x5A, 0xEC, 0x5A, 0xEC, 0x5A, 0xEC, 0x5A, 0xED, 0x5A,
    0xED, 0x5A, 0xEC, 0x5A, 0xEC, 0x5A, 0xEC, 0x5A, 0xEC, 0x5A, 0xEC, 0x5A, 0xEC, 0x5A, 0xEC, 0x5A,
    0xED, 0x5A, 0xEC, 0x5A, 0xED, 0x5A, 0xEC, 0x5A, 0xEC, 0x5A, 0xEC, 0x5A, 0xED, 0x5A, 0xEC, 0x5A,
    0xEC, 0x5A, 0xEC, 0x5A, 0xEC, 0x5A, 0xEC, 0x5A, 0xED, 0x5A, 0xED, 0x5A, 0xED, 0x5A, 0xED, 0x5A,
    0xED, 0x5A, 0xEC, 0x5A, 0xEC, 0x5A, 0xEC, 0x5A, 0xEC, 0x5A, 0xEC, 0x5A, 0xEC, 0x5A, 0xEC, 0x5A,
    0xEC, 0x5A, 0xEC, 0x5A, 0xEC, 0x5A, 0xEC, 0x5A, 0xEC, 0x5A, 0xEC, 0x5A, 0xEC, 0x5A, 0xEC, 0x5A,
    0xEC, 0x5A, 0xEC, 0x5A, 0xEC, 0x5A, 0xEC, 0x5A, 0xEC, 0x5A, 0xEC, 0x5A, 0xEC, 0x5A, 0xEC, 0x5A,
    0xEC, 0x5A, 0xED, 0x5A, 0xED, 0x5A, 0xED, 0x5A, 0xEC, 0x5A, 0xEC, 0x5A, 0xEC, 0x5A, 0xEC, 0x5A,
    0xEC, 0x5A, 0xEC, 0x5A, 0xEC, 0x5A, 0xEC, 0x5A, 0xEC, 0x5A, 0xEC, 0x5A, 0xEC, 0x5A, 0xED, 0x5A,
    0xED, 0x5A, 0xED, 0x5A, 0xED, 0x5A, 0xED, 0x5A, 0xEC, 0x5A, 0xEC, 0x5A, 0xEC, 0x5A, 0xEC, 0x5A,
    0xEC, 0x5A, 0xEC, 0x5A, 0xED, 0x5A, 0xED, 0x5A, 0xEC, 0x5A, 0xEC, 0x5A, 0xEC, 0x5A, 0xEC, 0x5A,
    0xED, 0x5A, 0xED, 0x5A, 0xEC, 0x5A, 0xEC, 0x5A, 0xEC, 0x5A, 0xEC, 0x5A, 0xEC, 0x5A, 0xEC, 0x5A,
    0xEC, 0x5A, 0xEC, 0x5A, 0xEC, 0x5A, 0xEC, 0x5A, 0xED, 0x5A, 0xEC, 0x5A, 0xEC, 0x5A, 0xEC, 0x5A,
    0xEC, 0x5A, 0xEC, 0x5A, 0xEC, 0x5A, 0xEC, 0x5A, 0xEC, 0x5A, 0xEC, 0x5A, 0xEC, 0x5A, 0xEC, 0x5A,
    0xEC, 0x5A, 0xED, 0x5A, 0xED, 0x5A, 0x0D, 0x5B, 0xED, 0x5A, 0xEC, 0x5A, 0xED, 0x5A, 0xED, 0x5A,
    0xED, 0x5A, 0xED, 0x5A, 0xED, 0x5A, 0xED, 0x5A, 0xED, 0x5A, 0xED, 0x5A, 0xED, 0x5A, 0x0D, 0x5B,
    0x0D, 0x5B, 0x0D, 0x63, 0x0D, 0x63, 0xEC, 0x5A, 0xEC, 0x62, 0x4A, 0x4A, 0x67, 0x29, 0x67, 0x29,
    0x67, 0x29, 0x89, 0x29, 0x70, 0x21, 0x71, 0x21, 0x71, 0x21, 0x71, 0x21, 0x71, 0x21, 0x71, 0x21,
    0x71, 0x21, 0x71, 0x21, 0x71, 0x21, 0x71, 0x21, 0x71, 0x21, 0x71, 0x21, 0x71, 0x21, 0x71, 0x21,
    0x71, 0x21, 0x71, 0x21, 0x71, 0x21, 0x71, 0x21, 0x71, 0x21, 0x71, 0x21, 0x71, 0x21, 0x70, 0x21,
    0x70, 0x21, 0x70, 0x21, 0x49, 0x21, 0x45, 0x29, 0x25, 0x21, 0x25, 0x21, 0x25, 0x21, 0x45, 0x21,
    0x45, 0x21, 0x25, 0x21, 0x25, 0x21, 0x25, 0x21, 0x25, 0x21, 0x25, 0x21, 0x25, 0x21, 0x25, 0x21,
    0x25, 0x21, 0x25, 0x21, 0x25, 0x21, 0x25, 0x21, 0x25, 0x21, 0x25, 0x21, 0x25, 0x21, 0x25, 0x21,
    0x25, 0x21, 0x25, 0x21, 0x25, 0x21, 0x25, 0x21, 0x25, 0x21, 0x25, 0x21, 0x25, 0x21, 0x25, 0x21,
    0x25, 0x21, 0x25, 0x21, 0x25, 0x21, 0x25, 0x21, 0x25, 0x21, 0x25, 0x21, 0x25, 0x21, 0x25, 0x21,
    0x25, 0x21, 0x25, 0x21, 0x25, 0x21, 0x25, 0x21, 0x25, 0x21, 0x25, 0x21, 0x25, 0x21, 0x25, 0x21,
    0x25, 0x21, 0x25, 0x21, 0x25, 0x21, 0x25, 0x21, 0x25, 0x21, 0x25, 0x21, 0x25, 0x21, 0x25, 0x21,
    0x45, 0x21, 0x45, 0x21, 0x45, 0x21, 0x25, 0x21, 0x25, 0x21, 0x25, 0x21, 0x25, 0x21, 0x45, 0x21,
    0x45, 0x29, 0x45, 0x29, 0x45, 0x29, 0x45, 0x29, 0x45, 0x21, 0x25, 0x21, 0x25, 0x21, 0x25, 0x21,
    0x25, 0x21, 0x25, 0x21, 0x25, 0x29, 0x45, 0x29, 0x45, 0x29, 0x25, 0x29, 0x25, 0x29, 0x25, 0x21,
    0x45, 0x21, 0x25, 0x21, 0x25, 0x21, 0x25, 0x21, 0x25, 0x21, 0x45, 0x21, 0x25, 0x21, 0x25, 0x21,
    0x45, 0x21, 0x45, 0x21, 0x25, 0x21, 0x25, 0x21, 0x25, 0x21, 0x25, 0x21, 0x25, 0x21, 0x25, 0x21,
    0x25, 0x21, 0x25, 0x21, 0x25, 0x21, 0x25, 0x21, 0x25, 0x21, 0x25, 0x21, 0x25, 0x21, 0x25, 0x21,
    0x45, 0x21, 0x45, 0x21, 0x25, 0x21, 0x25, 0x21, 0x25, 0x21, 0x25, 0x21, 0x25, 0x21, 0x25, 0x21,
    0x25, 0x21, 0x25, 0x21, 0x25, 0x21, 0x25, 0x21, 0x25, 0x21, 0x25, 0x21, 0x25, 0x21, 0x25, 0x21,
    0x25, 0x21, 0x25, 0x21, 0x25, 0x21, 0x25, 0x21, 0x25, 0x21, 0x25, 0x21, 0x25, 0x21, 0x25, 0x21,
    0x25, 0x21, 0x45, 0x21, 0x45, 0x21, 0x45, 0x29, 0x45, 0x21, 0x45, 0x29, 0x45, 0x21, 0x45, 0x21,
    0x25, 0x21, 0x25, 0x21, 0x25, 0x21, 0x25, 0x21, 0x25, 0x21, 0x25, 0x21, 0x25, 0x21, 0x25, 0x21,
    0x45, 0x21, 0x25, 0x21, 0x25, 0x21, 0x45, 0x21, 0x45, 0x21, 0x45, 0x21, 0x45, 0x21, 0x45, 0x21,
    0x25, 0x21, 0x25, 0x21, 0x25, 0x21, 0x25, 0x21, 0x45, 0x21, 0x45, 0x21, 0x45, 0x21, 0x45, 0x21,
    0x45, 0x29, 0x45, 0x21, 0x45, 0x21, 0x25, 0x21, 0x25, 0x21, 0x25, 0x21, 0x45, 0x21, 0x25, 0x21,
    0x25, 0x21, 0x25, 0x21, 0x25, 0x21, 0x25, 0x21, 0x25, 0x21, 0x45, 0x21, 0x25, 0x21, 0x25, 0x21,
    0x45, 0x21, 0x25, 0x21, 0x45, 0x21, 0x45, 0x21, 0x45, 0x29, 0x45, 0x29, 0x45, 0x29, 0x45, 0x21,
    0x45, 0x21, 0x45, 0x21, 0x45, 0x21, 0x45, 0x21, 0x45, 0x29, 0x45, 0x21, 0x45, 0x21, 0x45, 0x21,
    0x46, 0x29, 0x48, 0x29, 0x6F, 0x21, 0x70, 0x21, 0x70, 0x21, 0x70, 0x21, 0x71, 0x21, 0x71, 0x21,
    0x71, 0x21, 0x71, 0x21, 0x71, 0x21, 0x71, 0x21, 0x71, 0x21, 0x71, 0x21, 0x71, 0x21, 0x71, 0x21,
    0x71, 0x21, 0x71, 0x21, 0x71, 0x21, 0x71, 0x21, 0x71, 0x21, 0x71, 0x21, 0x71, 0x21, 0x71, 0x21,
    0x71, 0x21, 0x71, 0x21, 0x71, 0x21, 0x71, 0x21, 0x71, 0x21, 0x71, 0x21, 0x6A, 0x21, 0x86, 0x31,
    0x86, 0x31, 0x66, 0x29, 0x66, 0x29, 0x66, 0x29, 0x66, 0x29, 0x66, 0x29, 0x65, 0x29, 0x66, 0x29,
    0x66, 0x29, 0x66, 0x29, 0x66, 0x29, 0x66, 0x29, 0x65, 0x29, 0x65, 0x29, 0x65, 0x29, 0x65, 0x29,
    0x65, 0x29, 0x65, 0x29, 0x65, 0x29, 0x65, 0x29, 0x65, 0x29, 0x65, 0x29, 0x65, 0x29, 0x65, 0x29,
    0x65, 0x29, 0x65, 0x29, 0x65, 0x29, 0x65, 0x29, 0x65, 0x29, 0x65, 0x29, 0x65, 0x29, 0x65, 0x29,
    0x66, 0x29, 0x66, 0x29, 0x66, 0x29, 0x66, 0x29, 0x66, 0x29, 0x66, 0x29, 0x66, 0x29, 0x66, 0x29,
    0x66, 0x29, 0x66, 0x29, 0x66, 0x29, 0x66, 0x29, 0x66, 0x29, 0x66, 0x29, 0x66, 0x29, 0x66, 0x29,
    0x65, 0x29, 0x65, 0x29, 0x65, 0x29, 0x65, 0x29, 0x86, 0x29, 0x86, 0x29, 0x66, 0x29, 0x66, 0x29,
    0x66, 0x29, 0x66, 0x29, 0x66, 0x29, 0x66, 0x29, 0x66, 0x29, 0x86, 0x29, 0x86, 0x29, 0x66, 0x29,
    0x66, 0x29, 0x66, 0x29, 0x66, 0x29, 0x66, 0x29, 0x66, 0x29, 0x66, 0x29, 0x66, 0x31, 0x66, 0x31,
    0x66, 0x29, 0x66, 0x29, 0x66, 0x29, 0x66, 0x29, 0x66, 0x29, 0x66, 0x29, 0x66, 0x29, 0x66, 0x29,
    0x66, 0x29, 0x66, 0x29, 0x66, 0x29, 0x66, 0x29, 0x66, 0x29, 0x66, 0x29, 0x66, 0x29, 0x66, 0x29,
    0x66, 0x29, 0x66, 0x29, 0x65, 0x29, 0x65, 0x29, 0x65, 0x29, 0x65, 0x29, 0x65, 0x29, 0x65, 0x29,
    0x65, 0x29, 0x65, 0x29, 0x66, 0x29, 0x66, 0x29, 0x66, 0x29, 0x66, 0x29, 0x66, 0x29, 0x66, 0x29,
    0x66, 0x29, 0x66, 0x29, 0x66, 0x29, 0x66, 0x29, 0x66, 0x29, 0x66, 0x29, 0x66, 0x29, 0x66, 0x29,
    0x66, 0x29, 0x66, 0x29, 0x66, 0x29, 0x66, 0x29, 0x66, 0x29, 0x66, 0x29, 0x66, 0x29, 0x66, 0x29,
    0x66, 0x29, 0x66, 0x29, 0x66, 0x29, 0x66, 0x29, 0x66, 0x29, 0x66, 0x29, 0x66, 0x29, 0x66, 0x29,
    0x66, 0x29, 0x66, 0x29, 0x66, 0x29, 0x66, 0x29, 0x66, 0x29, 0x66, 0x29, 0x66, 0x29, 0x66, 0x29,
    0x66, 0x29, 0x66, 0x29, 0x66, 0x29, 0x66, 0x29, 0x66, 0x29, 0x66, 0x29, 0x66, 0x29, 0x66, 0x29,
    0x66, 0x29, 0x66, 0x29, 0x66, 0x29, 0x66, 0x29, 0x66, 0x29, 0x66, 0x29, 0x66, 0x29, 0x66, 0x29,
    0x66, 0x29, 0x66, 0x29, 0x66, 0x29, 0x66, 0x29, 0x66, 0x29, 0x66, 0x29, 0x66, 0x29, 0x66, 0x29,
    0x66, 0x29, 0x66, 0x29, 0x66, 0x29, 0x66, 0x29, 0x65, 0x29, 0x65, 0x29, 0x65, 0x29, 0x65, 0x29,
    0x65, 0x29, 0x66, 0x29, 0x66, 0x29, 0x65, 0x29, 0x66, 0x29, 0x66, 0x29, 0x66, 0x29, 0x86, 0x29,
    0x86, 0x29, 0x86, 0x29, 0x86, 0x29, 0x86, 0x29, 0x86, 0x29, 0x66, 0x31, 0x66, 0x29, 0x66, 0x29,
    0x66, 0x31, 0x66, 0x29, 0x66, 0x29, 0x86, 0x31, 0xA7, 0x31, 0x8A, 0x29, 0x71, 0x21, 0x71, 0x21,
    0x71, 0x21, 0x71, 0x21, 0x71, 0x21, 0x71, 0x21, 0x71, 0x21, 0x71, 0x21, 0x71, 0x21, 0x71, 0x21,
    0x71, 0x21, 0x71, 0x21, 0x71, 0x21, 0x71, 0x21, 0x71, 0x21, 0x71, 0x21, 0x71, 0x21, 0x71, 0x21,
    0x71, 0x21, 0x71, 0x21, 0x71, 0x21, 0x71, 0x21, 0x71, 0x21, 0x71, 0x21, 0x71, 0x21, 0x71, 0x21,
    0x71, 0x21, 0x71, 0x21, 0x6B, 0x29, 0xA7, 0x31, 0x66, 0x29, 0x66, 0x31, 0x86, 0x31, 0x86, 0x31,
    0x86, 0x31, 0x66, 0x31, 0x66, 0x31, 0x66, 0x29, 0x66, 0x31, 0x66, 0x31, 0x66, 0x31, 0x66, 0x31,
    0x66, 0x31, 0x66, 0x31, 0x66, 0x31, 0x66, 0x31, 0x66, 0x29, 0x66, 0x29, 0x66, 0x29, 0x66, 0x29,
    0x66, 0x29, 0x66, 0x29, 0x66, 0x29, 0x66, 0x29, 0x66, 0x29, 0x66, 0x29, 0x66, 0x29, 0x66, 0x29,
    0x66, 0x29, 0x66, 0x29, 0x66, 0x29, 0x66, 0x29, 0x66, 0x29, 0x66, 0x29, 0x66, 0x29, 0x66, 0x29,
    0x66, 0x29, 0x66, 0x29, 0x66, 0x29, 0x66, 0x29, 0x66, 0x29, 0x66, 0x29, 0x66, 0x29, 0x66, 0x29,
    0x66, 0x29, 0x66, 0x29, 0x66, 0x29, 0x66, 0x29, 0x66, 0x29, 0x66, 0x29, 0x66, 0x29, 0x66, 0x29,
    0x86, 0x31, 0x86, 0x31, 0x86, 0x31, 0x66, 0x31, 0x66, 0x31, 0x66, 0x31, 0x86, 0x31, 0x86, 0x31,
    0x86, 0x31, 0x86, 0x31, 0x66, 0x29, 0x66, 0x29, 0x86, 0x29, 0x86, 0x31, 0x86, 0x31, 0x86, 0x31,
    0x86, 0x31, 0x66, 0x31, 0x66, 0x31, 0x86, 0x31, 0x66, 0x31, 0x66, 0x31, 0x66, 0x31, 0x86, 0x31,
    0x86, 0x31, 0x66, 0x29, 0x66, 0x29, 0x66, 0x29, 0x66, 0x29, 0x66, 0x29, 0x66, 0x29, 0x86, 0x31,
    0x86, 0x31, 0x86, 0x31, 0x86, 0x29, 0x86, 0x29, 0x66, 0x29, 0x66, 0x29, 0x66, 0x31, 0x66, 0x29,
    0x66, 0x29, 0x66, 0x29, 0x66, 0x29, 0x66, 0x29, 0x66, 0x29, 0x66, 0x31, 0x66, 0x31, 0x66, 0x31,
    0x66, 0x31, 0x66, 0x31, 0x66, 0x31, 0x66, 0x31, 0x66, 0x29, 0x66, 0x29, 0x66, 0x29, 0x66, 0x29,
    0x66, 0x29, 0x66, 0x29, 0x66, 0x29, 0x66, 0x29, 0x66, 0x29, 0x66, 0x29, 0x66, 0x29, 0x66, 0x29,
    0x66, 0x29, 0x66, 0x29, 0x66, 0x29, 0x66, 0x29, 0x66, 0x29, 0x66, 0x29, 0x66, 0x29, 0x66, 0x29,
    0x66, 0x29, 0x86, 0x31, 0x86, 0x31, 0x66, 0x31, 0x86, 0x31, 0x86, 0x31, 0x86, 0x31, 0x86, 0x31,
    0x66, 0x29, 0x66, 0x29, 0x66, 0x29, 0x66, 0x29, 0x66, 0x29, 0x66, 0x29, 0x66, 0x31, 0x66, 0x31,
    0x66, 0x31, 0x66, 0x31, 0x66, 0x31, 0x66, 0x31, 0x66, 0x31, 0x66, 0x31, 0x66, 0x29, 0x66, 0x29,
    0x66, 0x29, 0x66, 0x29, 0x86, 0x31, 0x86, 0x31, 0x86, 0x31, 0x66, 0x31, 0x66, 0x31, 0x66, 0x31,
    0x66, 0x31, 0x86, 0x31, 0x86, 0x31, 0x66, 0x31, 0x86, 0x31, 0x86, 0x31, 0x86, 0x31, 0x86, 0x31,
    0x66, 0x31, 0x66, 0x31, 0x66, 0x31, 0x86, 0x31, 0x66, 0x29, 0x66, 0x29, 0x66, 0x31, 0x66, 0x31,
    0x66, 0x31, 0x66, 0x31, 0x66, 0x31, 0x86, 0x31, 0x86, 0x31, 0x86, 0x31, 0x86, 0x31, 0x86, 0x31,
    0x86, 0x31, 0x86, 0x31, 0x86, 0x31, 0x86, 0x31, 0x86, 0x31, 0x86, 0x31, 0x86, 0x31, 0x66, 0x31,
    0xA6, 0x31, 0x8A, 0x29, 0x71, 0x21, 0x71, 0x21, 0x71, 0x21, 0x71, 0x21, 0x71, 0x21, 0x71, 0x21,
    0x71, 0x21, 0x71, 0x21, 0x71, 0x21, 0x71, 0x21, 0x71, 0x21, 0x71, 0x21, 0x71, 0x21, 0x71, 0x21,
    0x71, 0x21, 0x71, 0x21, 0x71, 0x21, 0x71, 0x21, 0x71, 0x21, 0x71, 0x21, 0x71, 0x21, 0x71, 0x21,
    0x71, 0x21, 0x71, 0x21, 0x71, 0x21, 0x71, 0x21, 0x71, 0x21, 0x71, 0x21, 0x8E, 0x21, 0x8A, 0x29,
    0x89, 0x29, 0x69, 0x29, 0x69, 0x29, 0x69, 0x29, 0x69, 0x29, 0x69, 0x29, 0x69, 0x29, 0x69, 0x29,
    0x69, 0x29, 0x69, 0x29, 0x69, 0x29, 0x69, 0x29, 0x69, 0x29, 0x69, 0x29, 0x69, 0x29, 0x69, 0x29,
    0x69, 0x29, 0x69, 0x29, 0x69, 0x29, 0x69, 0x29, 0x69, 0x29, 0x69, 0x29, 0x69, 0x29, 0x69, 0x29,
    0x69, 0x29, 0x69, 0x29, 0x69, 0x29, 0x69, 0x29, 0x69, 0x29, 0x69, 0x29, 0x49, 0x29, 0x69, 0x29,
    0x69, 0x29, 0x69, 0x29, 0x69, 0x29, 0x69, 0x29, 0x69, 0x29, 0x69, 0x29, 0x69, 0x29, 0x69, 0x29,
    0x69, 0x29, 0x69, 0x29, 0x69, 0x29, 0x69, 0x29, 0x69, 0x29, 0x69, 0x29, 0x69, 0x29, 0x69, 0x29,
    0x69, 0x29, 0x69, 0x29, 0x69, 0x29, 0x69, 0x29, 0x69, 0x29, 0x69, 0x29, 0x69, 0x29, 0x69, 0x29,
    0x69, 0x29, 0x69, 0x29, 0x69, 0x29, 0x69, 0x29, 0x69, 0x29, 0x69, 0x29, 0x69, 0x29, 0x69, 0x29,
    0x69, 0x29, 0x69, 0x29, 0x69, 0x29, 0x69, 0x29, 0x69, 0x29, 0x69, 0x29, 0x69, 0x29, 0x69, 0x29,
    0x69, 0x29, 0x69, 0x29, 0x69, 0x29, 0x69, 0x29, 0x69, 0x29, 0x69, 0x29, 0x69, 0x29, 0x69, 0x29,
    0x69, 0x29, 0x69, 0x29, 0x69, 0x29, 0x69, 0x29, 0x69, 0x29, 0x69, 0x29, 0x69, 0x29, 0x69, 0x29,
    0x69, 0x29, 0x69, 0x29, 0x69, 0x29, 0x69, 0x29, 0x69, 0x29, 0x69, 0x29, 0x69, 0x29, 0x69, 0x29,
    0x69, 0x29, 0x69, 0x29, 0x69, 0x29, 0x69, 0x29, 0x69, 0x29, 0x69, 0x29, 0x69, 0x29, 0x69, 0x29,
    0x69, 0x29, 0x69, 0x29, 0x69, 0x29, 0x69, 0x29, 0x69, 0x29, 0x69, 0x29, 0x69, 0x29, 0x69, 0x29,
    0x69, 0x29, 0x69, 0x29, 0x69, 0x29, 0x69, 0x29, 0x69, 0x29, 0x69, 0x29, 0x69, 0x29, 0x69, 0x29,
    0x69, 0x29, 0x69, 0x29, 0x69, 0x29, 0x69, 0x29, 0x69, 0x29, 0x69, 0x29, 0x69, 0x29, 0x69, 0x29,
    0x69, 0x29, 0x69, 0x29, 0x69, 0x29, 0x69, 0x29, 0x69, 0x29, 0x69, 0x29, 0x69, 0x29, 0x69, 0x29,
    0x69, 0x29, 0x69, 0x29, 0x69, 0x29, 0x69, 0x29, 0x69, 0x29, 0x69, 0x29, 0x69, 0x29, 0x69, 0x29,
    0x69, 0x29, 0x69, 0x29, 0x69, 0x29, 0x69, 0x29, 0x69, 0x29, 0x69, 0x29, 0x69, 0x29, 0x69, 0x29,
    0x69, 0x29, 0x69, 0x29, 0x69, 0x29, 0x69, 0x29, 0x69, 0x29, 0x69, 0x29, 0x69, 0x29, 0x69, 0x29,
    0x69, 0x29, 0x69, 0x29, 0x69, 0x29, 0x69, 0x29, 0x69, 0x29, 0x69, 0x29, 0x69, 0x29, 0x69, 0x29,
    0x69, 0x29, 0x69, 0x29, 0x69, 0x29, 0x69, 0x29, 0x69, 0x29, 0x69, 0x29, 0x69, 0x29, 0x69, 0x29,
    0x69, 0x29, 0x69, 0x29, 0x69, 0x29, 0x69, 0x29, 0x69, 0x29, 0x69, 0x29, 0x69, 0x29, 0x69, 0x29,
    0x69, 0x29, 0x69, 0x29, 0x69, 0x29, 0x69, 0x29, 0x8A, 0x29, 0x8E, 0x21, 0x71, 0x21, 0x71, 0x21,
    0x71, 0x21, 0x71, 0x21, 0x71, 0x21, 0x71, 0x21, 0x71, 0x21, 0x71, 0x21, 0x71, 0x21, 0x71, 0x21,
    0x71, 0x21, 0x71, 0x21, 0x71, 0x21, 0x71, 0x21, 0x71, 0x21, 0x71, 0x21, 0x71, 0x21, 0x71, 0x21,
    0x71, 0x21, 0x71, 0x21, 0x71, 0x21, 0x71, 0x21, 0x71, 0x21, 0x71, 0x21, 0x71, 0x21, 0x71, 0x21,
    0x71, 0x21, 0x71, 0x21, 0x71, 0x21, 0x71, 0x21, 0x71, 0x21, 0x71, 0x21, 0x71, 0x21, 0x71, 0x21,
    0x71, 0x21, 0x71, 0x21, 0x71, 0x21, 0x71, 0x21, 0x71, 0x21, 0x71, 0x21, 0x71, 0x21, 0x71, 0x21,
    0x71, 0x21, 0x71, 0x21, 0x71, 0x21, 0x71, 0x21, 0x71, 0x21, 0x71, 0x21, 0x71, 0x21, 0x71, 0x21,
    0x71, 0x21, 0x71, 0x21, 0x71, 0x21, 0x71, 0x21, 0x71, 0x21, 0x71, 0x21, 0x71, 0x21, 0x71, 0x21,
    0x71, 0x21, 0x71, 0x21, 0x71, 0x21, 0x71, 0x21, 0x71, 0x21, 0x71, 0x21, 0x71, 0x21, 0x71, 0x21,
    0x71, 0x21, 0x71, 0x21, 0x71, 0x21, 0x71, 0x21, 0x71, 0x21, 0x71, 0x21, 0x71, 0x21, 0x71, 0x21,
    0x71, 0x21, 0x71, 0x21, 0x71, 0x21, 0x71, 0x21, 0x71, 0x21, 0x71, 0x21, 0x71, 0x21, 0x71, 0x21,
    0x71, 0x21, 0x71, 0x21, 0x71, 0x21, 0x71, 0x21, 0x71, 0x21, 0x71, 0x21, 0x71, 0x21, 0x71, 0x21,
    0x71, 0x21, 0x71, 0x21, 0x71, 0x21, 0x71, 0x21, 0x71, 0x21, 0x71, 0x21, 0x71, 0x21, 0x71, 0x21,
    0x71, 0x21, 0x71, 0x21, 0x71, 0x21, 0x71, 0x21, 0x71, 0x21, 0x71, 0x21, 0x71, 0x21, 0x71, 0x21,
    0x71, 0x21, 0x71, 0x21, 0x71, 0x21, 0x71, 0x21, 0x71, 0x21, 0x71, 0x21, 0x71, 0x21, 0x71, 0x21,
    0x71, 0x21, 0x71, 0x21, 0x71, 0x21, 0x71, 0x21, 0x71, 0x21, 0x71, 0x21, 0x71, 0x21, 0x71, 0x21,
    0x71, 0x21, 0x71, 0x21, 0x71, 0x21, 0x71, 0x21, 0x71, 0x21, 0x71, 0x21, 0x71, 0x21, 0x71, 0x21,
    0x71, 0x21, 0x71, 0x21, 0x71, 0x21, 0x71, 0x21, 0x71, 0x21, 0x71, 0x21, 0x71, 0x21, 0x71, 0x21,
    0x71, 0x21, 0x71, 0x21, 0x71, 0x21, 0x71, 0x21, 0x71, 0x21, 0x71, 0x21, 0x71, 0x21, 0x71, 0x21,
    0x71, 0x21, 0x71, 0x21, 0x71, 0x21, 0x71, 0x21, 0x71, 0x21, 0x71, 0x21, 0x71, 0x21, 0x71, 0x21,
    0x71, 0x21, 0x71, 0x21, 0x71, 0x21, 0x71, 0x21, 0x71, 0x21, 0x71, 0x21, 0x71, 0x21, 0x71, 0x21,
    0x71, 0x21, 0x71, 0x21, 0x71, 0x21, 0x71, 0x21, 0x71, 0x21, 0x71, 0x21, 0x71, 0x21, 0x71, 0x21,
    0x71, 0x21, 0x71, 0x21, 0x71, 0x21, 0x71, 0x21, 0x71, 0x21, 0x71, 0x21, 0x71, 0x21, 0x71, 0x21,
    0x71, 0x21, 0x71, 0x21, 0x71, 0x21, 0x71, 0x21, 0x71, 0x21, 0x71, 0x21, 0x71, 0x21, 0x71, 0x21,
    0x71, 0x21, 0x71, 0x21, 0x71, 0x21, 0x71, 0x21, 0x71, 0x21, 0x71, 0x21, 0x71, 0x21, 0x71, 0x21,
    0x71, 0x21, 0x71, 0x21, 0x71, 0x21, 0x71, 0x21, 0x71, 0x21, 0x71, 0x21, 0x71, 0x21, 0x71, 0x21,
    0x71, 0x21, 0x71, 0x21, 0x71, 0x21, 0x71, 0x21, 0x71, 0x21, 0x71, 0x21, 0x71, 0x21, 0x71, 0x21,
    0x71, 0x21, 0x71, 0x21, 0x71, 0x21, 0x71, 0x21, 0x71, 0x21, 0x71, 0x21, 0x71, 0x21, 0x71, 0x21,
    0x71, 0x21, 0x71, 0x21, 0x71, 0x21, 0x71, 0x21, 0x71, 0x21, 0x71, 0x21, 0x71, 0x21, 0x71, 0x21,
    0x71, 0x21, 0x71, 0x21, 0x71, 0x21, 0x71, 0x21, 0x71, 0x21, 0x71, 0x21, 0x71, 0x21, 0x71, 0x21,
    0x71, 0x21, 0x71, 0x21, 0x71, 0x21, 0x71, 0x21, 0x71, 0x21, 0x71, 0x21, 0x71, 0x21, 0x71, 0x21,
    0x71, 0x21, 0x71, 0x21, 0x71, 0x21, 0x71, 0x21, 0x71, 0x21, 0x71, 0x21, 0x71, 0x21, 0x71, 0x21,
    0x71, 0x21, 0x71, 0x21, 0x71, 0x21, 0x71, 0x21, 0x71, 0x21, 0x71, 0x21, 0x71, 0x21, 0x71, 0x21,
    0x71, 0x21, 0x71, 0x21, 0x71, 0x21, 0x71, 0x21, 0x71, 0x21, 0x71, 0x21, 0x71, 0x21, 0x71, 0x21,
    0x71, 0x21, 0x71, 0x21, 0x71, 0x21, 0x71, 0x21, 0x71, 0x21, 0x71, 0x21, 0x71, 0x21, 0x71, 0x21,
    0x71, 0x21, 0x71, 0x21, 0x71, 0x21, 0x71, 0x21, 0x71, 0x21, 0x71, 0x21, 0x71, 0x21, 0x71, 0x21,
    0x71, 0x21, 0x71, 0x21, 0x71, 0x21, 0x71, 0x21, 0x71, 0x21, 0x71, 0x21, 0x71, 0x21, 0x71, 0x21,
    0x71, 0x21, 0x71, 0x21, 0x71, 0x21, 0x71, 0x21, 0x71, 0x21, 0x71, 0x21, 0x71, 0x21, 0x71, 0x21,
    0x71, 0x21, 0x71, 0x21, 0x71, 0x21, 0x71, 0x21, 0x71, 0x21, 0x71, 0x21, 0x71, 0x21, 0x71, 0x21,
    0x71, 0x21, 0x71, 0x21, 0x71, 0x21, 0x71, 0x21, 0x71, 0x21, 0x71, 0x21, 0x71, 0x21, 0x71, 0x21,
    0x71, 0x21, 0x71, 0x21, 0x71, 0x21, 0x71, 0x21, 0x71, 0x21, 0x71, 0x21, 0x71, 0x21, 0x71, 0x21,
    0x71, 0x21, 0x71, 0x21, 0x71, 0x21, 0x71, 0x21, 0x71, 0x21, 0x71, 0x21, 0x71, 0x21, 0x71, 0x21,
    0x71, 0x21, 0x71, 0x21, 0x71, 0x21, 0x71, 0x21, 0x71, 0x21, 0x71, 0x21, 0x71, 0x21, 0x71, 0x21,
    0x71, 0x21, 0x71, 0x21, 0x71, 0x21, 0x71, 0x21, 0x71, 0x21, 0x71, 0x21, 0x71, 0x21, 0x71, 0x21,
    0x71, 0x21, 0x71, 0x21, 0x71, 0x21, 0x71, 0x21, 0x71, 0x21, 0x71, 0x21, 0x71, 0x21, 0x71, 0x21,
    0x71, 0x21, 0x71, 0x21, 0x71, 0x21, 0x71, 0x21, 0x71, 0x21, 0x71, 0x21, 0x71, 0x21, 0x71, 0x21,
    0x71, 0x21, 0x71, 0x21, 0x71, 0x21, 0x71, 0x21, 0x71, 0x21, 0x71, 0x21, 0x71, 0x21, 0x71, 0x21,
    0x71, 0x21, 0x71, 0x21, 0x71, 0x21, 0x71, 0x21, 0x71, 0x21, 0x71, 0x21, 0x71, 0x21, 0x71, 0x21,
    0x71, 0x21, 0x71, 0x21, 0x71, 0x21, 0x71, 0x21, 0x71, 0x21, 0x71, 0x21, 0x71, 0x21, 0x71, 0x21,
    0x71, 0x21, 0x71, 0x21, 0x71, 0x21, 0x71, 0x21, 0x71, 0x21, 0x71, 0x21, 0x71, 0x21, 0x71, 0x21,
    0x71, 0x21, 0x71, 0x21, 0x71, 0x21, 0x71, 0x21, 0x71, 0x21, 0x71, 0x21, 0x71, 0x21, 0x71, 0x21,
    0x71, 0x21, 0x71, 0x21, 0x71, 0x21, 0x71, 0x21, 0x71, 0x21, 0x71, 0x21, 0x71, 0x21, 0x71, 0x21,
    0x71, 0x21, 0x71, 0x21, 0x71, 0x21, 0x71, 0x21, 0x71, 0x21, 0x71, 0x21, 0x71, 0x21, 0x71, 0x21,
    0x71, 0x21, 0x71, 0x21, 0x71, 0x21, 0x71, 0x21, 0x71, 0x21, 0x71, 0x21, 0x71, 0x21, 0x71, 0x21,
    0x71, 0x21, 0x71, 0x21, 0x71, 0x21, 0x71, 0x21, 0x71, 0x21, 0x71, 0x21, 0x71, 0x21, 0x71, 0x21,
    0x71, 0x21, 0x71, 0x21, 0x71, 0x21, 0x71, 0x21, 0x71, 0x21, 0x71, 0x21, 0x71, 0x21, 0x71, 0x21,
    0x71, 0x21, 0x71, 0x21, 0x71, 0x21, 0x71, 0x21, 0x71, 0x21, 0x71, 0x21, 0x71, 0x21, 0x71, 0x21,
    0x71, 0x21, 0x71, 0x21, 0x71, 0x21, 0x71, 0x21, 0x71, 0x21, 0x71, 0x21, 0x71, 0x21, 0x71, 0x21,
    0x71, 0x21, 0x71, 0x21, 0x71, 0x21, 0x71, 0x21, 0x71, 0x21, 0x71, 0x21, 0x71, 0x21, 0x71, 0x21,
    0x71, 0x21, 0x71, 0x21, 0x71, 0x21, 0x71, 0x21, 0x71, 0x21, 0x71, 0x21, 0x71, 0x21, 0x71, 0x21,
    0x71, 0x21, 0x71, 0x21, 0x71, 0x21, 0x71, 0x21, 0x71, 0x21, 0x71, 0x21, 0x71, 0x21, 0x71, 0x21,
    0x71, 0x21, 0x71, 0x21, 0x71, 0x21, 0x71, 0x21, 0x71, 0x21, 0x71, 0x21, 0x71, 0x21, 0x71, 0x21,
    0x71, 0x21, 0x71, 0x21, 0x71, 0x21, 0x71, 0x21, 0x71, 0x21, 0x71, 0x21, 0x71, 0x21, 0x71, 0x21,
    0x71, 0x21, 0x71, 0x21, 0x71, 0x21, 0x71, 0x21, 0x71, 0x21, 0x71, 0x21, 0x71, 0x21, 0x71, 0x21,
    0x71, 0x21, 0x71, 0x21, 0x71, 0x21, 0x71, 0x21, 0x71, 0x21, 0x71, 0x21, 0x71, 0x21, 0x71, 0x21,
    0x71, 0x21, 0x71, 0x21, 0x71, 0x21, 0x71, 0x21, 0x71, 0x21, 0x71, 0x21, 0x71, 0x21, 0x71, 0x21,
    0x71, 0x21, 0x71, 0x21, 0x71, 0x21, 0x71, 0x21, 0x71, 0x21, 0x71, 0x21, 0x71, 0x21, 0x71, 0x21,
    0x71, 0x21, 0x71, 0x21, 0x71, 0x21, 0x71, 0x21, 0x71, 0x21, 0x71, 0x21, 0x71, 0x21, 0x71, 0x21,
    0x71, 0x21, 0x71, 0x21, 0x71, 0x21, 0x71, 0x21, 0x71, 0x21, 0x71, 0x21, 0x71, 0x21, 0x71, 0x21,
    0x71, 0x21, 0x71, 0x21, 0x71, 0x21, 0x71, 0x21, 0x71, 0x21, 0x71, 0x21, 0x71, 0x21, 0x71, 0x21,
    0x71, 0x21, 0x71, 0x21, 0x71, 0x21, 0x71, 0x21, 0x71, 0x21, 0x71, 0x21, 0x71, 0x21, 0x71, 0x21,
    0x71, 0x21, 0x71, 0x21, 0x71, 0x21, 0x71, 0x21, 0x71, 0x21, 0x71, 0x21, 0x71, 0x21, 0x71, 0x21,
    0x71, 0x21, 0x71, 0x21, 0x71, 0x21, 0x71, 0x21, 0x71, 0x21, 0x71, 0x21, 0x71, 0x21, 0x71, 0x21,
    0x71, 0x21, 0x71, 0x21, 0x71, 0x21, 0x71, 0x21, 0x71, 0x21, 0x71, 0x21, 0x71, 0x21, 0x71, 0x21,
    0x71, 0x21, 0x71, 0x21, 0x71, 0x21, 0x71, 0x21, 0x71, 0x21, 0x71, 0x21, 0x71, 0x21, 0x71, 0x21,
    0x71, 0x21, 0x71, 0x21, 0x71, 0x21, 0x71, 0x21, 0x71, 0x21, 0x71, 0x21, 0x71, 0x21, 0x71, 0x21,
    0x71, 0x21, 0x71, 0x21, 0x71, 0x21, 0x71, 0x21, 0x71, 0x21, 0x71, 0x21, 0x71, 0x21, 0x71, 0x21,
    0x71, 0x21, 0x71, 0x21, 0x71, 0x21, 0x71, 0x21, 0x71, 0x21, 0x71, 0x21, 0x71, 0x21, 0x71, 0x21,
    0x71, 0x21, 0x71, 0x21, 0x71, 0x21, 0x71, 0x21, 0x71, 0x21, 0x71, 0x21, 0x71, 0x21, 0x71, 0x21,
    0x71, 0x21, 0x71, 0x21, 0x71, 0x21, 0x71, 0x21, 0x71, 0x21, 0x71, 0x21, 0x71, 0x21, 0x71, 0x21,
    0x71, 0x21, 0x71, 0x21, 0x71, 0x21, 0x71, 0x21, 0x71, 0x21, 0x71, 0x21, 0x71, 0x21, 0x71, 0x21,
    0x71, 0x21, 0x71, 0x21, 0x71, 0x21, 0x71, 0x21, 0x71, 0x21, 0x71, 0x21, 0x71, 0x21, 0x71, 0x21,
    0x71, 0x21, 0x71, 0x21, 0x71, 0x21, 0x71, 0x21, 0x71, 0x21, 0x71, 0x21, 0x71, 0x21, 0x71, 0x21,
    0x71, 0x21, 0x71, 0x21, 0x71, 0x21, 0x71, 0x21, 0x71, 0x21, 0x71, 0x21, 0x71, 0x21, 0x71, 0x21,
    0x71, 0x21, 0x71, 0x21, 0x71, 0x21, 0x71, 0x21, 0x71, 0x21, 0x71, 0x21, 0x71, 0x21, 0x71, 0x21,
};

const lv_image_dsc_t ui_home_world_map_card = {
    .header.magic = LV_IMAGE_HEADER_MAGIC,
    .header.cf = LV_COLOR_FORMAT_RGB565,
    .header.flags = 0,
    .header.w = 220,
    .header.h = 220,
    .header.stride = 440,
    .data_size = sizeof(ui_home_world_map_card_data),
    .data = ui_home_world_map_card_data,
};
